image,cycle_l1,lpips_change,lpips_rec,content_cos
00068bc07f.jpg,0.046754658222198486,0.3904932141304016,0.3028467893600464,0.7341803312301636
000910d219.jpg,0.05450373888015747,0.4258105754852295,0.2966894507408142,0.7407251596450806
000ded5c41.jpg,0.04133142903447151,0.47120368480682373,0.25332337617874146,0.6447341442108154
00104fd531.jpg,0.028911564499139786,0.5834888815879822,0.2602722644805908,0.6274662017822266
001158d595.jpg,0.03921080008149147,0.3363064229488373,0.21655316650867462,0.7390915751457214
0033c5f971.jpg,0.050076037645339966,0.5006263852119446,0.3271426260471344,0.6047028303146362
0039ebb598.jpg,0.03281116485595703,0.4211270809173584,0.24153491854667664,0.6724779605865479
003aab6fdd.jpg,0.0903872400522232,0.42183566093444824,0.47935470938682556,0.7107691764831543
003c6c30e0.jpg,0.04663509875535965,0.4586779475212097,0.3522702157497406,0.7611832618713379
00479e2a21.jpg,0.03203585743904114,0.44509315490722656,0.1740444004535675,0.7673820853233337
005f987f56.jpg,0.032387860119342804,0.5049859285354614,0.1973622888326645,0.5612748861312866
0080f94ebc.jpg,0.03527182713150978,0.48528826236724854,0.21036794781684875,0.6970831751823425
00882b7e1d.jpg,0.04360967129468918,0.4437849819660187,0.29290592670440674,0.6293460726737976
009d534136.jpg,0.04158637672662735,0.416626900434494,0.29537174105644226,0.7575225830078125
009ddaed1f.jpg,0.06102580949664116,0.5055907964706421,0.3718355894088745,0.7891901731491089
00aeb60e25.jpg,0.04424634575843811,0.37611815333366394,0.22647559642791748,0.792127251625061
00c6a0ad1e.jpg,0.06486816704273224,0.42062315344810486,0.3869738280773163,0.6911873817443848
00dcf0f1e3.jpg,0.06003301590681076,0.3818870186805725,0.2610818147659302,0.7278532981872559
00dff09ebe.jpg,0.034812524914741516,0.5260339975357056,0.284780889749527,0.7510693073272705
00e1798585.jpg,0.039077822118997574,0.44505539536476135,0.22724200785160065,0.7200984358787537
00e64e1b2c.jpg,0.04485389590263367,0.44444969296455383,0.27994540333747864,0.6603816747665405
00f78547f0.jpg,0.05295947939157486,0.4021507501602173,0.3356670141220093,0.74262535572052
00fcff630e.jpg,0.05734716355800629,0.47298285365104675,0.3086501657962799,0.7924413681030273
01135e4771.jpg,0.05363976210355759,0.3309607207775116,0.16879847645759583,0.8042010068893433
011f46de73.jpg,0.03590686246752739,0.4356840252876282,0.1927291601896286,0.6227251291275024
012df5ce29.jpg,0.0435962900519371,0.24648892879486084,0.21926742792129517,0.9300759434700012
01416e7ada.jpg,0.07897844165563583,0.4050537049770355,0.5255436897277832,0.7797976732254028
01480da48f.jpg,0.03465646132826805,0.5108956098556519,0.21755626797676086,0.5263437628746033
0159685c51.jpg,0.072661392390728,0.6278666257858276,0.4571472704410553,0.6118818521499634
015f79b672.jpg,0.039323270320892334,0.38437941670417786,0.34620147943496704,0.7246448993682861
01622039ef.jpg,0.05296113342046738,0.5143393874168396,0.2283310741186142,0.6420235633850098
0162322d2d.jpg,0.04710984230041504,0.37545257806777954,0.2244768887758255,0.7297999858856201
016d408833.jpg,0.06562718749046326,0.377076655626297,0.4531072676181793,0.7309616804122925
016f524878.jpg,0.06133566424250603,0.35538116097450256,0.26140639185905457,0.8013823628425598
017018f377.jpg,0.058600034564733505,0.6265722513198853,0.2868025004863739,0.5689875483512878
01771d99c3.jpg,0.05642261356115341,0.6028841733932495,0.2483387291431427,0.5906994342803955
017aacad6e.jpg,0.05150483548641205,0.48034849762916565,0.28359758853912354,0.775688886642456
018be60883.jpg,0.027088582515716553,0.4770694673061371,0.22035199403762817,0.7007265090942383
018db0f253.jpg,0.04207746684551239,0.46085822582244873,0.2628449499607086,0.6863522529602051
01952c7673.jpg,0.0805136114358902,0.3695147633552551,0.5159328579902649,0.7244440913200378
01971e48e5.jpg,0.03875451162457466,0.48097389936447144,0.24719126522541046,0.5525250434875488
019cf7682d.jpg,0.05456032603979111,0.28583163022994995,0.23979000747203827,0.7447460889816284
01ae8be57e.jpg,0.04229115694761276,0.3857196569442749,0.2045857310295105,0.8139867782592773
01af5f8623.jpg,0.06772830337285995,0.38415491580963135,0.33659857511520386,0.6932259798049927
01bce47d3f.jpg,0.04170135408639908,0.3829518258571625,0.2632679045200348,0.6941715478897095
01c4f86e3e.jpg,0.04002527520060539,0.5708799958229065,0.24386462569236755,0.5229406356811523
01f7a6398e.jpg,0.08802025765180588,0.4557921290397644,0.4747745990753174,0.8408130407333374
02001e59af.jpg,0.07145122438669205,0.35009685158729553,0.3371872901916504,0.8157544136047363
0212257854.jpg,0.03467642888426781,0.48200514912605286,0.3144218325614929,0.7848257422447205
021df2c226.jpg,0.04893311485648155,0.39121368527412415,0.23926828801631927,0.6204308271408081
022ca16b0f.jpg,0.053631868213415146,0.38809365034103394,0.283033162355423,0.6356901526451111
023637f8fb.jpg,0.05653066188097,0.5637497901916504,0.36500224471092224,0.6970413327217102
023eed0385.jpg,0.03955153003334999,0.5660878419876099,0.2935907244682312,0.48580262064933777
023f3cbb75.jpg,0.05835474282503128,0.3483155071735382,0.295655220746994,0.7435697317123413
0240a597f5.jpg,0.03492085263133049,0.5838319659233093,0.23112580180168152,0.6657031178474426
024d98032b.jpg,0.03569565340876579,0.3983615040779114,0.17620065808296204,0.8495853543281555
0254fc91bd.jpg,0.0883207619190216,0.605958104133606,0.42898058891296387,0.7369236946105957
02620a36f7.jpg,0.04270372912287712,0.5835753083229065,0.2571712136268616,0.7856920957565308
026ac33f9c.jpg,0.05928843468427658,0.4648453891277313,0.28397485613822937,0.7258264422416687
029524fd91.jpg,0.042421601712703705,0.5446611046791077,0.20330707728862762,0.7313529849052429
029854a790.jpg,0.05097313970327377,0.5915443301200867,0.25380468368530273,0.6458773612976074
02a1366c74.jpg,0.04211238771677017,0.4520593583583832,0.19040527939796448,0.7407643795013428
02a4445906.jpg,0.04801936447620392,0.35127371549606323,0.2697216272354126,0.7377712726593018
02b232fc78.jpg,0.056152939796447754,0.3937254548072815,0.34986746311187744,0.6961488127708435
02c43186c8.jpg,0.03690613433718681,0.48459118604660034,0.22486311197280884,0.8114713430404663
02c6c1f6a9.jpg,0.03647748380899429,0.35300156474113464,0.27266693115234375,0.7453240156173706
02cd89f56d.jpg,0.05973988398909569,0.5603373646736145,0.3347707688808441,0.7506377696990967
02d763f1c2.jpg,0.039713867008686066,0.44237181544303894,0.21714897453784943,0.7334417104721069
02ded12bbd.jpg,0.03287285566329956,0.7067084312438965,0.32431748509407043,0.4029713273048401
02ea18a456.jpg,0.04154488444328308,0.3077053427696228,0.2545478343963623,0.7673276662826538
02ec33e094.jpg,0.0350441113114357,0.4043651819229126,0.2501413822174072,0.7301837205886841
0312af1e14.jpg,0.029284100979566574,0.5330229997634888,0.2550138235092163,0.6330137848854065
032389e868.jpg,0.028882188722491264,0.4929903745651245,0.2501729130744934,0.7241146564483643
03242238ae.jpg,0.05514576658606529,0.3611990213394165,0.5070256590843201,0.6151348352432251
0324f82fee.jpg,0.05038106441497803,0.3231574296951294,0.35434016585350037,0.7729144096374512
0341fa51d0.jpg,0.0447593629360199,0.5358425974845886,0.24769726395606995,0.5496852397918701
0344a47135.jpg,0.06430552899837494,0.3777342140674591,0.3139839172363281,0.7056620121002197
034627340c.jpg,0.0511016808450222,0.39637991786003113,0.231626495718956,0.7607179880142212
0362dd81bb.jpg,0.0704919695854187,0.3289729356765747,0.35432443022727966,0.7752121686935425
0378bcc7c9.jpg,0.06816162168979645,0.37211647629737854,0.350596159696579,0.7173452377319336
03950208ff.jpg,0.055495671927928925,0.42083030939102173,0.49482718110084534,0.7916423678398132
03a17d96e1.jpg,0.04573788493871689,0.5461157560348511,0.3222634494304657,0.5564343929290771
03a21c1b9c.jpg,0.04163915663957596,0.4847218096256256,0.18153487145900726,0.47427284717559814
03a2b7ce83.jpg,0.047871183604002,0.49060165882110596,0.19678083062171936,0.7140148878097534
03ae080a47.jpg,0.05367736145853996,0.3575623035430908,0.2770940065383911,0.6713865995407104
03ae26ed88.jpg,0.06379485130310059,0.38210737705230713,0.29875341057777405,0.6775566339492798
03bac83f64.jpg,0.039579104632139206,0.3643198013305664,0.23989443480968475,0.7114837765693665
03be88270f.jpg,0.06782479584217072,0.2938516139984131,0.29783549904823303,0.7842780351638794
03c5d1d098.jpg,0.0354846753180027,0.5724137425422668,0.3103984296321869,0.6760839223861694
03c9f2e3c2.jpg,0.08467720448970795,0.4681317210197449,0.47451719641685486,0.7274532318115234
03c9f3d584.jpg,0.04694661498069763,0.256550133228302,0.2039562165737152,0.7276022434234619
03cc206144.jpg,0.0491107702255249,0.387815922498703,0.2973352074623108,0.7960985898971558
03d47c18a5.jpg,0.03246331959962845,0.3870251178741455,0.17119893431663513,0.7614689469337463
03d6a4d860.jpg,0.03919165953993797,0.5547555088996887,0.27265477180480957,0.5867928862571716
03dde7a28f.jpg,0.0875416249036789,0.3922535479068756,0.5202857255935669,0.8639817237854004
03e48faafa.jpg,0.05862661451101303,0.39282283186912537,0.3256297707557678,0.7017760276794434
03fd7067c1.jpg,0.06964445114135742,0.36547377705574036,0.4644893407821655,0.8305191993713379
03fe5d2263.jpg,0.050522685050964355,0.5596709251403809,0.18465404212474823,0.5951156616210938
0409e76de0.jpg,0.02820057049393654,0.5211620926856995,0.22418305277824402,0.7431104183197021
0425fc7ce5.jpg,0.05237606167793274,0.45834648609161377,0.319756418466568,0.5758953094482422
042f0e804d.jpg,0.03273962438106537,0.42480236291885376,0.22021076083183289,0.7525072693824768
0435dc46a4.jpg,0.043171048164367676,0.3372008502483368,0.1798405647277832,0.6885029077529907
0436aaaf16.jpg,0.05295179411768913,0.4625842273235321,0.26666802167892456,0.7356714010238647
04387e4338.jpg,0.040636055171489716,0.6969788074493408,0.25653398036956787,0.5493946075439453
043b541b77.jpg,0.07782098650932312,0.2569133937358856,0.2838267683982849,0.9001568555831909
044c1653cf.jpg,0.0535506010055542,0.5148540735244751,0.2764497697353363,0.6703722476959229
0450d4f8ae.jpg,0.03776738792657852,0.3569400906562805,0.22369295358657837,0.8163242936134338
0451cdb867.jpg,0.04633812606334686,0.6909536123275757,0.2965899109840393,0.5619434714317322
045e937903.jpg,0.03281387686729431,0.5155380964279175,0.18257704377174377,0.6472359895706177
0466d4cdf9.jpg,0.05341891944408417,0.4752323031425476,0.24646276235580444,0.5777772068977356
0473a25050.jpg,0.05141831189393997,0.4697250723838806,0.30120256543159485,0.5860998630523682
047acab66b.jpg,0.042332686483860016,0.4872094988822937,0.32358992099761963,0.768701434135437
047da870f6.jpg,0.04928727075457573,0.3356623947620392,0.17361824214458466,0.8045996427536011
04838b8b1e.jpg,0.04199756309390068,0.44532185792922974,0.23778435587882996,0.80614173412323
049576d31c.jpg,0.08224999904632568,0.34693998098373413,0.4697323441505432,0.7590091228485107
049b0ece59.jpg,0.05869919806718826,0.4743945896625519,0.32309526205062866,0.8289128541946411
04a5fc42e1.jpg,0.03757563978433609,0.3889427185058594,0.24478504061698914,0.8490489721298218
04b8bfdb1c.jpg,0.07384048402309418,0.3015162944793701,0.29979828000068665,0.7161456346511841
04cb1f4705.jpg,0.056338220834732056,0.3720991015434265,0.3583388328552246,0.7656782269477844
04cf8e6d5f.jpg,0.047586411237716675,0.3250225782394409,0.29120388627052307,0.7255004644393921
04d7e14fbe.jpg,0.06553064286708832,0.3387961983680725,0.3533307909965515,0.6595683097839355
04d91d7bda.jpg,0.03606566786766052,0.5404457449913025,0.2737467288970947,0.7091165781021118
04e32c4dc1.jpg,0.03681899979710579,0.5374732613563538,0.20774637162685394,0.756702184677124
04ec8c9ec2.jpg,0.036509476602077484,0.38583460450172424,0.18774199485778809,0.617902934551239
04f59976b5.jpg,0.05841125175356865,0.25038281083106995,0.2546719014644623,0.7850810289382935
04f71da37b.jpg,0.03084982931613922,0.5482773184776306,0.23632894456386566,0.551917552947998
04f72d81b0.jpg,0.052849531173706055,0.31653568148612976,0.4143756926059723,0.827635645866394
04f80539d7.jpg,0.06253789365291595,0.4263972043991089,0.353994220495224,0.8046031594276428
04fa2a606d.jpg,0.039289116859436035,0.37541013956069946,0.30076873302459717,0.7009767293930054
04fa456bc9.jpg,0.043995462357997894,0.5581297874450684,0.24146735668182373,0.6492886543273926
05057d04f7.jpg,0.039742276072502136,0.363506555557251,0.21691016852855682,0.817782998085022
0506726dbd.jpg,0.07582629472017288,0.3704153299331665,0.5128355026245117,0.7247625589370728
050da171c0.jpg,0.04452130198478699,0.6011089086532593,0.23790059983730316,0.6814866662025452
051159e33a.jpg,0.04852106422185898,0.47285324335098267,0.30431097745895386,0.5970532298088074
051a7c9ae6.jpg,0.04234259948134422,0.3369649052619934,0.2477654069662094,0.7187365293502808
051bde8166.jpg,0.06593084335327148,0.32115158438682556,0.23378191888332367,0.8200759887695312
051c1b5ee3.jpg,0.08806666731834412,0.43705475330352783,0.3380945920944214,0.674203634262085
0529dd48c8.jpg,0.04553845152258873,0.4428004324436188,0.2769756615161896,0.6333473920822144
053024baa2.jpg,0.029446681961417198,0.6682884693145752,0.15034659206867218,0.6449342370033264
0541ce0c1a.jpg,0.04994180053472519,0.41363492608070374,0.24081754684448242,0.70469731092453
0547a52b93.jpg,0.04984523355960846,0.296099454164505,0.25634539127349854,0.7493128180503845
054f264b2e.jpg,0.05239519476890564,0.3456686735153198,0.3279966115951538,0.7757800221443176
054f375c69.jpg,0.0410701185464859,0.38376203179359436,0.21991272270679474,0.7853156328201294
05557b0148.jpg,0.04239525645971298,0.47194838523864746,0.38804954290390015,0.6066293716430664
055c3026f8.jpg,0.05788649618625641,0.36344653367996216,0.31740817427635193,0.7625114917755127
055dac1e18.jpg,0.04376484453678131,0.322983980178833,0.24777370691299438,0.7165967226028442
055e5dca6e.jpg,0.03473561629652977,0.697494387626648,0.21552079916000366,0.686211347579956
05646c5cdb.jpg,0.05387993901968002,0.3984588086605072,0.36037418246269226,0.762244462966919
0572f32305.jpg,0.02925259619951248,0.6616573333740234,0.22956568002700806,0.5968196392059326
057d83cdee.jpg,0.05161727964878082,0.47378188371658325,0.2678307294845581,0.7344661951065063
058af422c6.jpg,0.04374582692980766,0.4934940040111542,0.23594827950000763,0.7705058455467224
0597c38d69.jpg,0.03475393354892731,0.3667437434196472,0.22036974132061005,0.63351970911026
05a3801bed.jpg,0.048445310443639755,0.42008233070373535,0.2699107527732849,0.7610933780670166
05a84fad61.jpg,0.029930856078863144,0.5173958539962769,0.21678723394870758,0.7765409350395203
05c885c810.jpg,0.04752509295940399,0.259954571723938,0.2094922661781311,0.8057057857513428
05ca68299e.jpg,0.035597704350948334,0.45044299960136414,0.25997498631477356,0.5445579290390015
05e37a8900.jpg,0.042321354150772095,0.43862754106521606,0.2891235947608948,0.7910399436950684
05e88ecd0a.jpg,0.055649422109127045,0.46044278144836426,0.1921367645263672,0.6846297383308411
05f0db4d14.jpg,0.04842507094144821,0.5986550450325012,0.3121095597743988,0.7142189741134644
05f22b97da.jpg,0.055291347205638885,0.3169810175895691,0.3787320852279663,0.7599152326583862
05f4b38e6e.jpg,0.042454153299331665,0.5897570848464966,0.23955348134040833,0.6627225875854492
06058e6cb0.jpg,0.04549076408147812,0.7048032283782959,0.23474863171577454,0.6261851787567139
0606110c45.jpg,0.044091664254665375,0.45060399174690247,0.18829303979873657,0.7167240381240845
061bb611e0.jpg,0.04784061759710312,0.3575955331325531,0.25668323040008545,0.7686149477958679
061f0095f0.jpg,0.07298152893781662,0.38763076066970825,0.4638492465019226,0.7208720445632935
062313a97c.jpg,0.03600361570715904,0.35753577947616577,0.19569310545921326,0.7938464879989624
06371834cb.jpg,0.04272397980093956,0.620952308177948,0.27719342708587646,0.47152602672576904
063ab57d41.jpg,0.05560978502035141,0.22889064252376556,0.18421785533428192,0.7885018587112427
064b9119de.jpg,0.0914996862411499,0.4683113396167755,0.5749483108520508,0.6323391795158386
064babb7f0.jpg,0.04840357229113579,0.5843068957328796,0.3153846263885498,0.6273106932640076
064f91250d.jpg,0.024673935025930405,0.5323510766029358,0.2413700819015503,0.7660423517227173
065b649ac7.jpg,0.08072496205568314,0.5024165511131287,0.5527449250221252,0.6083006858825684
0665264678.jpg,0.06684909760951996,0.3501736521720886,0.3755437731742859,0.8655933141708374
066b81e0f9.jpg,0.07389693707227707,0.28807371854782104,0.36770176887512207,0.7986267805099487
068381ad63.jpg,0.05824991315603256,0.4457092583179474,0.19587621092796326,0.6837747097015381
068cc6fe3f.jpg,0.0697505995631218,0.40325361490249634,0.37078794836997986,0.6433027982711792
0696f8142e.jpg,0.0716724842786789,0.389243483543396,0.5467320680618286,0.7281932234764099
069e6e5b82.jpg,0.05876081809401512,0.5026872754096985,0.3580459952354431,0.7381458282470703
06a5930183.jpg,0.048883672803640366,0.3296235501766205,0.21086624264717102,0.8187222480773926
06a9cf2d11.jpg,0.02826533280313015,0.5164936184883118,0.2738268971443176,0.6868272423744202
06b2c2dfca.jpg,0.04476030915975571,0.37522733211517334,0.2314053475856781,0.7816770672798157
06b8114f82.jpg,0.04275670647621155,0.4511093497276306,0.22634676098823547,0.7265049815177917
06c2d19658.jpg,0.05178483575582504,0.36240315437316895,0.3648566007614136,0.7587661743164062
06c549794b.jpg,0.04076717421412468,0.33997440338134766,0.28668642044067383,0.9081541299819946
06c89c4c23.jpg,0.03691796958446503,0.45735248923301697,0.319317102432251,0.7142485976219177
06c9326c86.jpg,0.0492229163646698,0.4649003744125366,0.2285180538892746,0.7211124897003174
06e117b31e.jpg,0.046329718083143234,0.39109665155410767,0.3051736652851105,0.8075071573257446
06e156d8ba.jpg,0.06315413117408752,0.4545027017593384,0.3219890296459198,0.8104673624038696
06f749912b.jpg,0.061013348400592804,0.3383334279060364,0.27016231417655945,0.48561906814575195
07054731ab.jpg,0.024085363373160362,0.6082617044448853,0.22103919088840485,0.6499782800674438
0709ff32ee.jpg,0.05863139033317566,0.27745091915130615,0.23132583498954773,0.8152638077735901
0711866dcd.jpg,0.035873956978321075,0.5820349454879761,0.268105685710907,0.4819411039352417
071c375c2c.jpg,0.029751818627119064,0.4474680721759796,0.23362547159194946,0.6836773157119751
0723d52098.jpg,0.04836803302168846,0.35368698835372925,0.2146410197019577,0.7237893342971802
0724805941.jpg,0.05291637033224106,0.35062557458877563,0.2766793966293335,0.7102916240692139
072f1336c9.jpg,0.07796736061573029,0.4087073802947998,0.5505025386810303,0.775436282157898
07362b3f42.jpg,0.04616788774728775,0.4726680815219879,0.4192809760570526,0.7414206266403198
073e8b3056.jpg,0.06024055927991867,0.4296969175338745,0.33950138092041016,0.7125058174133301
074218de82.jpg,0.06153043359518051,0.4231352210044861,0.36099404096603394,0.6877724528312683
074ea8cb6e.jpg,0.04226294159889221,0.40782180428504944,0.3061521351337433,0.7327052354812622
07573a95f6.jpg,0.04528111219406128,0.5708612203598022,0.3192274868488312,0.6857345104217529
075e8d4617.jpg,0.056426625698804855,0.2774930000305176,0.31278130412101746,0.8460840582847595
0761281e3b.jpg,0.05077961087226868,0.6027076244354248,0.2934335172176361,0.6110579371452332
076c62582d.jpg,0.04617355763912201,0.43158844113349915,0.24734674394130707,0.7740771770477295
0770ea1a07.jpg,0.04426075518131256,0.3822253942489624,0.2709881365299225,0.687231719493866
077bf7e451.jpg,0.05012277513742447,0.48659396171569824,0.25669804215431213,0.611685037612915
078cd3ce07.jpg,0.04856625199317932,0.40143853425979614,0.2205166220664978,0.6680765151977539
078fd1bc42.jpg,0.05509031563997269,0.5259440541267395,0.3840857446193695,0.6949046850204468
07939b1fde.jpg,0.051066845655441284,0.40568745136260986,0.34033626317977905,0.7801812887191772
079da3af1e.jpg,0.05269265174865723,0.3458290100097656,0.2872328460216522,0.7489337921142578
07b7fdff1b.jpg,0.044320546090602875,0.6229659914970398,0.2940727472305298,0.6277670860290527
07bf7d7df1.jpg,0.04986370727419853,0.39126792550086975,0.2668059766292572,0.8303900361061096
07cb260548.jpg,0.04675038903951645,0.30403679609298706,0.31931251287460327,0.7537961006164551
07e9bc5956.jpg,0.03490842878818512,0.3506024479866028,0.2605547308921814,0.7536159157752991
07ea3a38d2.jpg,0.028935067355632782,0.6487669348716736,0.2001175880432129,0.5573140382766724
07f37dfe50.jpg,0.0369851291179657,0.31774163246154785,0.24165573716163635,0.8841884136199951
07f730ef9a.jpg,0.038370080292224884,0.5207962989807129,0.31676074862480164,0.7839922308921814
08009f0be5.jpg,0.05058818310499191,0.3546173572540283,0.31723952293395996,0.7120144367218018
0811c84b0c.jpg,0.05051354691386223,0.3144184648990631,0.2676990330219269,0.8409117460250854
081955febb.jpg,0.0503891259431839,0.41442450881004333,0.24582676589488983,0.654837429523468
08247a7020.jpg,0.049956314265728,0.49608638882637024,0.38471293449401855,0.75275719165802
082786cc1f.jpg,0.038953837007284164,0.43042218685150146,0.22970938682556152,0.5580046772956848
08341635fa.jpg,0.025097494944930077,0.7019548416137695,0.18973805010318756,0.604878842830658
0844c2cddf.jpg,0.052554577589035034,0.4611128568649292,0.3681248426437378,0.7350066304206848
0845e8dc24.jpg,0.0677962526679039,0.5822420716285706,0.45250603556632996,0.38832902908325195
085c73097f.jpg,0.07477573305368423,0.4409624934196472,0.2697729766368866,0.6385228633880615
0860f1e141.jpg,0.05843951553106308,0.26076728105545044,0.3879215717315674,0.7870471477508545
08645ef69b.jpg,0.03217202425003052,0.4123019874095917,0.19198903441429138,0.6794742941856384
087e779e73.jpg,0.045549195259809494,0.3454919159412384,0.20291513204574585,0.780321478843689
08874a6ee1.jpg,0.04039623588323593,0.5126961469650269,0.3506232500076294,0.7233872413635254
088972cf3f.jpg,0.049809928983449936,0.45516782999038696,0.2809128165245056,0.7074755430221558
089406822c.jpg,0.061038337647914886,0.45704835653305054,0.35873937606811523,0.7580386996269226
08a203b59d.jpg,0.0408550463616848,0.3745279312133789,0.36819878220558167,0.9023014903068542
08acc490a3.jpg,0.050944000482559204,0.38544416427612305,0.26177436113357544,0.6717026233673096
08b790bca7.jpg,0.10228370130062103,0.4366638958454132,0.5753178596496582,0.8418166637420654
08c1754f70.jpg,0.0642816573381424,0.30681857466697693,0.27748534083366394,0.7833592295646667
08cbd0d6c4.jpg,0.06546782702207565,0.37732526659965515,0.3591644763946533,0.7115885615348816
08cbd51033.jpg,0.06533003598451614,0.47242024540901184,0.3515821397304535,0.73100745677948
08d7603c9c.jpg,0.062284812331199646,0.3991699516773224,0.453418493270874,0.8380402326583862
08da1e5774.jpg,0.06517158448696136,0.3751416802406311,0.3236900568008423,0.7900758981704712
08e3354189.jpg,0.03749532252550125,0.42111101746559143,0.21888668835163116,0.7129331231117249
08fa88c02c.jpg,0.04521920531988144,0.315213680267334,0.2355765700340271,0.7077902555465698
08fa8a6f26.jpg,0.10615446418523788,0.4364798963069916,0.5545128583908081,0.7660269141197205
08fd7ac09b.jpg,0.05725643038749695,0.3692858815193176,0.2601654827594757,0.7615495920181274
090d5b3cca.jpg,0.05264359712600708,0.4192681908607483,0.2865215539932251,0.6610796451568604
091b6b9b07.jpg,0.03205595165491104,0.3648870587348938,0.20648491382598877,0.7851762771606445
0922bbb3c1.jpg,0.0679946094751358,0.31774288415908813,0.258620947599411,0.7143834829330444
0932ad9605.jpg,0.05055427551269531,0.38250041007995605,0.21072018146514893,0.8390441536903381
0938dc0298.jpg,0.03551776707172394,0.5294890403747559,0.4104667007923126,0.7032667398452759
0939723138.jpg,0.05294831842184067,0.3678678572177887,0.22529536485671997,0.8043215274810791
093be92a48.jpg,0.05458705872297287,0.4180569648742676,0.20567917823791504,0.7396718859672546
093e24f728.jpg,0.04299834370613098,0.6188949346542358,0.2320244461297989,0.8007389307022095
0945008455.jpg,0.04045116528868675,0.4156589210033417,0.23971864581108093,0.7260901927947998
09591edd0a.jpg,0.07314067333936691,0.26174062490463257,0.33929184079170227,0.8508331179618835
095bc5a33d.jpg,0.044139862060546875,0.4255068004131317,0.2448001503944397,0.6250118017196655
096165f6f0.jpg,0.047945570200681686,0.3246578574180603,0.24078845977783203,0.7730731964111328
0962094f25.jpg,0.08502852916717529,0.3797109127044678,0.2235434204339981,0.7284820079803467
0963accefe.jpg,0.04847968742251396,0.3469127118587494,0.24071070551872253,0.8033466339111328
096495c50c.jpg,0.06047230213880539,0.4878447651863098,0.25935694575309753,0.7357437014579773
096bae8cd9.jpg,0.06303854286670685,0.38423436880111694,0.3158656656742096,0.7205303311347961
096da37ff7.jpg,0.05083811283111572,0.3126593232154846,0.2500092387199402,0.8581887483596802
096f009762.jpg,0.05316077917814255,0.34995660185813904,0.23014797270298004,0.7097994089126587
09748274a3.jpg,0.048945918679237366,0.3204418420791626,0.2942133843898773,0.7772414684295654
09756af6f7.jpg,0.04921839386224747,0.4275623857975006,0.3113444745540619,0.7380245327949524
097b3ce81a.jpg,0.056617699563503265,0.3883754312992096,0.2877599000930786,0.7685614824295044
097d38ef3b.jpg,0.05684752017259598,0.5349650382995605,0.304415225982666,0.6491924524307251
09816286d3.jpg,0.09087270498275757,0.45992511510849,0.511526346206665,0.7602490186691284
0984136f36.jpg,0.036765534430742264,0.7226279973983765,0.18057328462600708,0.5450617074966431
098b35d919.jpg,0.022558046504855156,0.43683892488479614,0.2521388828754425,0.7428327202796936
098c0ce670.jpg,0.05169772356748581,0.34821203351020813,0.30574214458465576,0.7116793394088745
098fde2b22.jpg,0.09663359820842743,0.3950655460357666,0.43119901418685913,0.7001514434814453
099159901a.jpg,0.03564746305346489,0.5287420749664307,0.22942474484443665,0.7126643657684326
099395535c.jpg,0.0548219196498394,0.4830854535102844,0.27366185188293457,0.722687840461731
09986b5a14.jpg,0.02681112103164196,0.42279404401779175,0.22098304331302643,0.7385414242744446
09a43d2264.jpg,0.045117005705833435,0.34667491912841797,0.3679202198982239,0.7055651545524597
09bebf108f.jpg,0.07894393801689148,0.4085313379764557,0.34199661016464233,0.7663707733154297
09c874df81.jpg,0.06452286243438721,0.47832247614860535,0.4060947895050049,0.8156603574752808
09d34f7412.jpg,0.06258104741573334,0.3870585560798645,0.3390974998474121,0.7882227897644043
09ddb5e4c9.jpg,0.05215885490179062,0.5509538054466248,0.4630339741706848,0.7007552981376648
09e084658a.jpg,0.040369682013988495,0.32563695311546326,0.17031505703926086,0.7200278639793396
09e1b696b4.jpg,0.04562247917056084,0.3806864619255066,0.18478456139564514,0.7870692014694214
09e2982b82.jpg,0.024126332253217697,0.5954723358154297,0.2365676611661911,0.6943118572235107
09e8393bd1.jpg,0.05026371777057648,0.5648567080497742,0.311486154794693,0.6351704597473145
09ec565e3a.jpg,0.06643161177635193,0.35121679306030273,0.42740336060523987,0.7720096707344055
09f57ab8c5.jpg,0.057863544672727585,0.24329319596290588,0.2851153612136841,0.7593778371810913
09fc404e31.jpg,0.02904321253299713,0.6924983263015747,0.24526868760585785,0.5586366653442383
09fcd10b7e.jpg,0.059447403997182846,0.35430818796157837,0.35614457726478577,0.6584858894348145
0a0c3a6d07.jpg,0.024992434307932854,0.4910697340965271,0.1914810985326767,0.6869906187057495
0a0d3e6ea7.jpg,0.05447502061724663,0.530394971370697,0.27708500623703003,0.8060998320579529
0a1d1b9f8e.jpg,0.03791361674666405,0.6322528719902039,0.2007906138896942,0.6448091268539429
0a271892d0.jpg,0.04654596000909805,0.44335293769836426,0.2147599756717682,0.6900152564048767
0a284dbed0.jpg,0.06458085030317307,0.448131799697876,0.2349471151828766,0.6536721587181091
0a2e5f728d.jpg,0.037273868918418884,0.6093339920043945,0.43271011114120483,0.6868817210197449
0a325fc655.jpg,0.06974001228809357,0.4614996314048767,0.2914183735847473,0.7242556810379028
0a44c8287d.jpg,0.05490342527627945,0.5509087443351746,0.39775437116622925,0.6697362661361694
0a49020ae5.jpg,0.05766553804278374,0.45975086092948914,0.25787442922592163,0.6190433502197266
0a497f768d.jpg,0.050147950649261475,0.3618375062942505,0.2183372974395752,0.7722609043121338
0a6091114d.jpg,0.03569385036826134,0.5803543925285339,0.30510231852531433,0.7526511549949646
0a6279ef66.jpg,0.05587051436305046,0.45096731185913086,0.36345699429512024,0.7937166094779968
0a6e92d928.jpg,0.06516721099615097,0.3959357738494873,0.2556666135787964,0.7102170586585999
0a74701f65.jpg,0.05563754588365555,0.36559611558914185,0.3875097632408142,0.8581348657608032
0a7a8e30bd.jpg,0.045546822249889374,0.541568398475647,0.251574844121933,0.6768078804016113
0a7b607c9c.jpg,0.045695677399635315,0.35074806213378906,0.2512078583240509,0.7714311480522156
0a8839fac9.jpg,0.05837569758296013,0.3241191506385803,0.19425228238105774,0.8450682163238525
0a996d988b.jpg,0.05584678798913956,0.3226328492164612,0.29331040382385254,0.8075002431869507
0aa4202c77.jpg,0.055970024317502975,0.4774772524833679,0.31138500571250916,0.7006846070289612
0aaf6960c4.jpg,0.04386655613780022,0.34845343232154846,0.27619460225105286,0.8356770873069763
0abbeddf71.jpg,0.051708709448575974,0.4164775013923645,0.33881136775016785,0.7577743530273438
0abbf2fd4b.jpg,0.027071591466665268,0.4930765628814697,0.2193206250667572,0.7376826405525208
0ac4b6aaaa.jpg,0.037440069019794464,0.2773350775241852,0.17590568959712982,0.8180497884750366
0ac84db7bc.jpg,0.03925815969705582,0.5818578600883484,0.2611294090747833,0.5964484214782715
0ad13029a9.jpg,0.038755208253860474,0.438244491815567,0.19531430304050446,0.7103090286254883
0ad956708f.jpg,0.03825155645608902,0.33517929911613464,0.21534092724323273,0.7766215801239014
0ae5e9bfe2.jpg,0.08929616212844849,0.461689829826355,0.4285680651664734,0.7261171340942383
0aec1f9701.jpg,0.039704009890556335,0.4056762158870697,0.24040433764457703,0.8098214864730835
0b0bf6fe85.jpg,0.06925629079341888,0.5436429381370544,0.34889864921569824,0.6162543892860413
0b1669c3ea.jpg,0.05370674654841423,0.4343506693840027,0.29441267251968384,0.7799264192581177
0b21ce3df6.jpg,0.06128223240375519,0.42080292105674744,0.2701062560081482,0.844419538974762
0b2454f0e3.jpg,0.05215449258685112,0.3227233588695526,0.2676771581172943,0.7570196390151978
0b2f2a3e59.jpg,0.09346430748701096,0.35952863097190857,0.4257640838623047,0.8381670713424683
0b3fd12ac9.jpg,0.04979775473475456,0.2717028558254242,0.3110218048095703,0.8129394054412842
0b461ab035.jpg,0.05772560089826584,0.3106834888458252,0.3347846269607544,0.776778519153595
0b48073b83.jpg,0.05397038906812668,0.45312151312828064,0.25627219676971436,0.6952593326568604
0b4dbff7c8.jpg,0.05786946415901184,0.35070139169692993,0.28341272473335266,0.7445278167724609
0b4f93c337.jpg,0.03912602365016937,0.4364919066429138,0.32939013838768005,0.7763183116912842
0b53fd3e90.jpg,0.08173710852861404,0.466980904340744,0.3312520980834961,0.7422341704368591
0b68939003.jpg,0.06543911248445511,0.4320716857910156,0.24772852659225464,0.7032999992370605
0b6b4bfc29.jpg,0.06780489534139633,0.29288771748542786,0.21196645498275757,0.8248596787452698
0b91f359c5.jpg,0.030453218147158623,0.5412022471427917,0.201384499669075,0.6481324434280396
0b97d70d93.jpg,0.03971448540687561,0.3372412919998169,0.2205118089914322,0.841565728187561
0bb9d1a3cf.jpg,0.059309519827365875,0.4132418632507324,0.31001949310302734,0.800105094909668
0bcecb1330.jpg,0.035362426191568375,0.6208823919296265,0.28208673000335693,0.7146955132484436
0bddd37684.jpg,0.06507017463445663,0.36906635761260986,0.29237768054008484,0.7999281883239746
0bde6ba99b.jpg,0.037721700966358185,0.34116172790527344,0.3162839412689209,0.6629072427749634
0bdf3110dc.jpg,0.07311861962080002,0.3518778681755066,0.4994927644729614,0.698479413986206
0bede4ba4e.jpg,0.06231324002146721,0.43783336877822876,0.2528442442417145,0.5855219960212708
0c18bf8536.jpg,0.05543999373912811,0.3869653046131134,0.1865852177143097,0.8106576204299927
0c21bed0d8.jpg,0.059128619730472565,0.29398292303085327,0.2661101818084717,0.6617847681045532
0c272fcde8.jpg,0.059653084725141525,0.3588000237941742,0.3038874864578247,0.8238947987556458
0c4ebc7f6a.jpg,0.03028232976794243,0.42984652519226074,0.24286635220050812,0.5374186038970947
0c64451f58.jpg,0.052142441272735596,0.4633323550224304,0.3490990102291107,0.6636399030685425
0c64b00832.jpg,0.10107482969760895,0.39085856080055237,0.33065322041511536,0.7205455303192139
0c696d12a2.jpg,0.05329929292201996,0.3291415274143219,0.28691211342811584,0.8152337074279785
0c6b56bba9.jpg,0.03822004050016403,0.34734809398651123,0.2474813163280487,0.7483601570129395
0c6b63c2c5.jpg,0.047542016953229904,0.4669090807437897,0.29403814673423767,0.5420526266098022
0c6c9d8ce7.jpg,0.05881011486053467,0.3310254216194153,0.3810763359069824,0.8032952547073364
0c6e6b52be.jpg,0.044839512556791306,0.3421315550804138,0.22806772589683533,0.6560910940170288
0c6fcdf1f5.jpg,0.035379230976104736,0.4759053587913513,0.24516460299491882,0.6582720875740051
0c781e1538.jpg,0.05956009030342102,0.48953938484191895,0.2282576709985733,0.6559968590736389
0c7e07acd3.jpg,0.06966549158096313,0.3282974660396576,0.3573387861251831,0.7371318340301514
0c8a94c597.jpg,0.05103936046361923,0.2658896744251251,0.22714132070541382,0.7564573287963867
0ca5b3c96a.jpg,0.03821980208158493,0.45641428232192993,0.22221100330352783,0.7704696655273438
0cac1bcf2b.jpg,0.0476420633494854,0.5083733201026917,0.26177603006362915,0.7509706616401672
0cae98323f.jpg,0.052372634410858154,0.3186250925064087,0.31985846161842346,0.7825241088867188
0cb4144fbb.jpg,0.024441402405500412,0.7434888482093811,0.3135218024253845,0.5147360563278198
0cb6683555.jpg,0.04829971119761467,0.3295813202857971,0.3154042363166809,0.8753750324249268
0ccbcfcf65.jpg,0.05549071729183197,0.3539392948150635,0.3130338788032532,0.7589139938354492
0cda2627bf.jpg,0.057099491357803345,0.5241429209709167,0.47245287895202637,0.7463870048522949
0cdfbb28e6.jpg,0.03591621667146683,0.4069705009460449,0.2870103716850281,0.6826788187026978
0ce227ee32.jpg,0.05046924948692322,0.4638342559337616,0.29636505246162415,0.5654201507568359
0cec4d02a7.jpg,0.040351010859012604,0.5132483839988708,0.27248796820640564,0.5942018032073975
0cecce2e24.jpg,0.027943357825279236,0.44275590777397156,0.17686420679092407,0.8279368281364441
0cf495d82e.jpg,0.06894788146018982,0.5036993622779846,0.4705502390861511,0.6637158989906311
0cf4dc75d0.jpg,0.04117417708039284,0.4397762417793274,0.3279408812522888,0.705782413482666
0cfe85f73d.jpg,0.05417985841631889,0.4188040792942047,0.22401732206344604,0.831249475479126
0d11463712.jpg,0.09775611013174057,0.386100709438324,0.5868241190910339,0.7291352152824402
0d1a5b6882.jpg,0.07937547564506531,0.4590666890144348,0.3838573396205902,0.7453744411468506
0d23431254.jpg,0.0563611201941967,0.4748692214488983,0.3903258442878723,0.7768064737319946
0d2583e3ea.jpg,0.0542323961853981,0.2906116247177124,0.23916694521903992,0.7028425931930542
0d2ed7fb8e.jpg,0.04261169955134392,0.4098528027534485,0.1905243694782257,0.6877882480621338
0d2f9d322d.jpg,0.04842871055006981,0.5630497932434082,0.29792648553848267,0.5961115956306458
0d3752b4ad.jpg,0.049189843237400055,0.5370357036590576,0.3997177481651306,0.7209937572479248
0d423f52fd.jpg,0.05237652361392975,0.41547927260398865,0.3717288374900818,0.8240023851394653
0d59054b30.jpg,0.055784232914447784,0.379202276468277,0.34669893980026245,0.7831918597221375
0d593e3752.jpg,0.04021396487951279,0.512575089931488,0.36726614832878113,0.7170103788375854
0d64ca5ecf.jpg,0.031040621921420097,0.43781188130378723,0.3405348062515259,0.7740319967269897
0d6ba5d215.jpg,0.04149322956800461,0.5763313174247742,0.2046511024236679,0.6132379770278931
0d6c81cbc2.jpg,0.04586098715662956,0.4988682270050049,0.25891897082328796,0.7806276679039001
0d6f893bc7.jpg,0.06947002559900284,0.47830840945243835,0.3481798768043518,0.6569983959197998
0d7c5d97ac.jpg,0.04118742793798447,0.4123665392398834,0.3804644048213959,0.8594939708709717
0d80b97eb4.jpg,0.03952176868915558,0.48786792159080505,0.22521039843559265,0.6382756233215332
0d859e1630.jpg,0.047384925186634064,0.668103039264679,0.19922572374343872,0.5883342027664185
0d89393fe0.jpg,0.044163014739751816,0.30867311358451843,0.26501426100730896,0.6664087772369385
0d8c66b24e.jpg,0.06318528205156326,0.2761400043964386,0.2439325749874115,0.8541009426116943
0dd016afa5.jpg,0.04874567314982414,0.4776284694671631,0.29209592938423157,0.7480180263519287
0dd4041294.jpg,0.0422225296497345,0.3790990114212036,0.23480135202407837,0.8090148568153381
0dd5085fdf.jpg,0.07865376770496368,0.34441864490509033,0.4773790240287781,0.9018948078155518
0dde3f8ee7.jpg,0.03925009071826935,0.33304858207702637,0.25525885820388794,0.82683265209198
0de8320918.jpg,0.0800878256559372,0.49394840002059937,0.33023014664649963,0.7016347050666809
0de920c5bf.jpg,0.0409475639462471,0.3179975748062134,0.2604098916053772,0.8323447704315186
0debce885b.jpg,0.04162370413541794,0.6977676749229431,0.31017157435417175,0.5198343396186829
0df35db4a2.jpg,0.06808030605316162,0.5261111259460449,0.3063506484031677,0.7366103529930115
0df9a45c26.jpg,0.04076020419597626,0.48279741406440735,0.221282958984375,0.6135690212249756
0e003670f7.jpg,0.05320001393556595,0.6181616187095642,0.241378515958786,0.5374051928520203
0e0577ec3a.jpg,0.053635574877262115,0.4996160566806793,0.32625553011894226,0.5881901383399963
0e0a660bb8.jpg,0.033425360918045044,0.46653786301612854,0.2516850531101227,0.7688552737236023
0e0bdef20a.jpg,0.06950195878744125,0.4591728746891022,0.36827993392944336,0.6915628910064697
0e1230a330.jpg,0.06268521398305893,0.5439766645431519,0.26036497950553894,0.6670852899551392
0e13d9c6f4.jpg,0.03583328425884247,0.39126282930374146,0.2656944990158081,0.8200269937515259
0e23057337.jpg,0.06744803488254547,0.26786160469055176,0.35040104389190674,0.8264052867889404
0e2610ef33.jpg,0.047488681972026825,0.6950037479400635,0.2506558299064636,0.695598840713501
0e441b3c17.jpg,0.032244972884655,0.4653662443161011,0.2710302770137787,0.7547706961631775
0e4c7d5e15.jpg,0.03894233703613281,0.3744764029979706,0.295732319355011,0.8043146133422852
0e4ec46846.jpg,0.048007041215896606,0.49372392892837524,0.44558337330818176,0.7698699235916138
0e5afbada4.jpg,0.038628678768873215,0.3709401786327362,0.2282722443342209,0.7842786312103271
0e750aaed9.jpg,0.07850063592195511,0.45405593514442444,0.39500078558921814,0.7261794805526733
0e8eb4587e.jpg,0.07979343831539154,0.24364671111106873,0.3911358118057251,0.8655807971954346
0e95c87f76.jpg,0.03707648441195488,0.42258602380752563,0.28423959016799927,0.6651573181152344
0e983a3ef5.jpg,0.027215778827667236,0.4738636016845703,0.21031421422958374,0.6508298516273499
0eaa8d71f6.jpg,0.03481835871934891,0.47029924392700195,0.19530430436134338,0.7702754735946655
0eb3c8892a.jpg,0.04910951107740402,0.5615455508232117,0.2500426769256592,0.4922851324081421
0eb810429d.jpg,0.037762533873319626,0.6323820948600769,0.267522394657135,0.6105161905288696
0eddbbb35c.jpg,0.05424293130636215,0.365045428276062,0.3557402491569519,0.6791763305664062
0f1e6530bc.jpg,0.07413987815380096,0.33286964893341064,0.33639615774154663,0.7741668224334717
0f35be9cbb.jpg,0.0790148675441742,0.36524417996406555,0.4798387587070465,0.7167881727218628
0f3757e6cd.jpg,0.04615161567926407,0.5834900140762329,0.32761552929878235,0.7001885175704956
0f3ed210c0.jpg,0.0665038675069809,0.27171316742897034,0.3446699380874634,0.8170484900474548
0f5228f2a6.jpg,0.07180368900299072,0.3163878619670868,0.3116576075553894,0.802369236946106
0f58899ce1.jpg,0.036748938262462616,0.33420687913894653,0.2833704948425293,0.8439114093780518
0f819ab838.jpg,0.05578604340553284,0.4051177203655243,0.3299906551837921,0.8096065521240234
0f8e316a87.jpg,0.044654689729213715,0.27633756399154663,0.20426857471466064,0.8534038066864014
0fa29829f2.jpg,0.04445159435272217,0.525960385799408,0.25612762570381165,0.7216359972953796
0fa5629898.jpg,0.05710810422897339,0.2797560393810272,0.23579858243465424,0.806648850440979
0fb1ca7fe1.jpg,0.04397665709257126,0.4322454035282135,0.24692392349243164,0.6132862567901611
0fbcbeddd5.jpg,0.05120963603258133,0.3176386058330536,0.254765123128891,0.6569024324417114
0fca1c304e.jpg,0.062066346406936646,0.5290585160255432,0.32494497299194336,0.6561386585235596
0fccbd8558.jpg,0.05203361436724663,0.34991878271102905,0.23108410835266113,0.6504091620445251
0fd7cd6092.jpg,0.052696019411087036,0.2871703803539276,0.2977719008922577,0.7827354073524475
0fdcf56678.jpg,0.06611108034849167,0.3227252662181854,0.35035526752471924,0.7913717031478882
0fe76a9ec9.jpg,0.07350513339042664,0.43565550446510315,0.49671944975852966,0.8090597987174988
0fef77210a.jpg,0.0434647873044014,0.5674768686294556,0.37895646691322327,0.6960185766220093
10118ae431.jpg,0.032573726028203964,0.5354869365692139,0.2413637936115265,0.7215301394462585
101a1f34db.jpg,0.03334100544452667,0.554389476776123,0.2896646559238434,0.7259845733642578
101a5ad83d.jpg,0.07587859034538269,0.44664159417152405,0.40734949707984924,0.833457887172699
101c59feab.jpg,0.07012011110782623,0.36726826429367065,0.2895132899284363,0.8576173186302185
101d00677e.jpg,0.06528529524803162,0.28139495849609375,0.3269276022911072,0.7845159769058228
102c9065a7.jpg,0.08503451943397522,0.43492498993873596,0.4673694670200348,0.7265958786010742
102da9e0bf.jpg,0.058322474360466,0.35763055086135864,0.4418639838695526,0.802996814250946
10371b9044.jpg,0.05054078623652458,0.44408759474754333,0.21686914563179016,0.7918270826339722
1037993785.jpg,0.07555480301380157,0.3529203534126282,0.41923969984054565,0.7553841471672058
104204fa3f.jpg,0.05190771818161011,0.3508478105068207,0.3144959509372711,0.7577646374702454
105ac2e395.jpg,0.03631879761815071,0.47015124559402466,0.18360856175422668,0.7323915958404541
106091e966.jpg,0.048770636320114136,0.3972073495388031,0.2922980487346649,0.779082179069519
1064e8c2fc.jpg,0.052353501319885254,0.43993836641311646,0.35338884592056274,0.7127108573913574
10729e0962.jpg,0.04995505139231682,0.3741254210472107,0.2834903299808502,0.6403550505638123
1076bdc405.jpg,0.0353882871568203,0.513583242893219,0.16514228284358978,0.6844600439071655
107769ed33.jpg,0.0608699731528759,0.4558125138282776,0.26691505312919617,0.7225247621536255
1079a7abe1.jpg,0.07471474260091782,0.4353627562522888,0.33729544281959534,0.763257622718811
108d3336bd.jpg,0.052628349512815475,0.3148074448108673,0.3099958598613739,0.802656888961792
108f57c580.jpg,0.10524040460586548,0.5379365682601929,0.5162820816040039,0.747455358505249
1097dcc82e.jpg,0.041067104786634445,0.5073369741439819,0.24855729937553406,0.7422157526016235
10ab9fcfcb.jpg,0.03372812271118164,0.6811701059341431,0.23974664509296417,0.599442183971405
10e101cae7.jpg,0.0485498309135437,0.3377044200897217,0.31184104084968567,0.767473578453064
10e79c0f04.jpg,0.046546392142772675,0.42094820737838745,0.24932628870010376,0.6430263519287109
10f3bc8893.jpg,0.047356411814689636,0.5514720678329468,0.227396160364151,0.6778468489646912
1106610965.jpg,0.05432307720184326,0.43038761615753174,0.45980972051620483,0.8303617238998413
11068aa40b.jpg,0.05355976149439812,0.47069382667541504,0.2836074233055115,0.6232004165649414
110d660fee.jpg,0.07326947152614594,0.34596431255340576,0.3842000961303711,0.7847164869308472
112f088373.jpg,0.041188325732946396,0.4151243567466736,0.21837973594665527,0.6758809089660645
113444c0c2.jpg,0.04045167565345764,0.2750624418258667,0.16229040920734406,0.8839470744132996
1138db3be9.jpg,0.07505406439304352,0.32504159212112427,0.28652408719062805,0.6920322179794312
114692dc5b.jpg,0.049247145652770996,0.4828084707260132,0.2899169325828552,0.7678084969520569
1151c9b98d.jpg,0.036864541471004486,0.47834381461143494,0.25774815678596497,0.6436120271682739
115cd21c1c.jpg,0.040411606431007385,0.4890184700489044,0.2741660475730896,0.6802222728729248
115cd80f74.jpg,0.05990425869822502,0.4630575478076935,0.23094797134399414,0.787371039390564
115f221c2a.jpg,0.04212789982557297,0.4505344331264496,0.2300502359867096,0.5016822814941406
115f43bae3.jpg,0.05502726882696152,0.39258259534835815,0.2677152156829834,0.7306963205337524
117281b37b.jpg,0.06773480772972107,0.43861955404281616,0.41711851954460144,0.7590222358703613
1172d3e228.jpg,0.031956449151039124,0.3756257891654968,0.14780059456825256,0.7704348564147949
117d70bd19.jpg,0.050867389887571335,0.5733822584152222,0.3903005123138428,0.7637112140655518
117e2a807d.jpg,0.036796681582927704,0.4498306214809418,0.2872322201728821,0.6499995589256287
1193c043d7.jpg,0.05065770074725151,0.559959888458252,0.2811543643474579,0.5955334305763245
11bcbf0f67.jpg,0.04031635448336601,0.3294086456298828,0.3053095042705536,0.840318500995636
11c1de8b75.jpg,0.054661937057971954,0.3740716576576233,0.3529431223869324,0.8203873038291931
11c24d756f.jpg,0.030507445335388184,0.38384124636650085,0.20218905806541443,0.7271666526794434
11cc678dbf.jpg,0.06120923161506653,0.45005691051483154,0.33956587314605713,0.7890976667404175
11d4cd762d.jpg,0.04628956317901611,0.5756534337997437,0.3015400767326355,0.7146009206771851
11d713b4ee.jpg,0.029945967718958855,0.48509106040000916,0.2966563105583191,0.7184181213378906
11e25d3dc4.jpg,0.08477726578712463,0.46959400177001953,0.2828463912010193,0.5581908822059631
11f13ca69e.jpg,0.07101383805274963,0.37666696310043335,0.37620997428894043,0.7399384379386902
11f482a716.jpg,0.049260884523391724,0.505976140499115,0.24559205770492554,0.7418479323387146
11feb29e6a.jpg,0.04404105991125107,0.34163445234298706,0.20727667212486267,0.7030124068260193
1216dc1ffe.jpg,0.08846698701381683,0.38226738572120667,0.30828845500946045,0.7149806022644043
12193672ba.jpg,0.030679157003760338,0.5602995157241821,0.2463379204273224,0.7030593156814575
122f944d40.jpg,0.04427744075655937,0.4098992645740509,0.2600717842578888,0.6575745344161987
1235e32fb2.jpg,0.04626324027776718,0.43320542573928833,0.27277541160583496,0.6165120601654053
123714f71c.jpg,0.06959199160337448,0.3918974697589874,0.36814746260643005,0.765799880027771
1240cc6f83.jpg,0.03794831037521362,0.5935632586479187,0.29564177989959717,0.540479302406311
124244310e.jpg,0.07232663780450821,0.4021664261817932,0.34539538621902466,0.7500516176223755
124dda3622.jpg,0.032706119120121,0.3550046980381012,0.16465820372104645,0.7801202535629272
125fd9187b.jpg,0.02200862020254135,0.7421284914016724,0.1719786524772644,0.677655816078186
12672ab41c.jpg,0.07509302347898483,0.47798335552215576,0.5419667363166809,0.7953603863716125
126fb64cb8.jpg,0.03011149726808071,0.36366111040115356,0.23139801621437073,0.7730258703231812
1285f93747.jpg,0.04112328961491585,0.49509912729263306,0.20874011516571045,0.7656452059745789
129823154f.jpg,0.03311554715037346,0.5284008383750916,0.12905125319957733,0.7674896717071533
129df5c60c.jpg,0.034641604870557785,0.42770934104919434,0.2644152045249939,0.6699609160423279
12ae4ffbb5.jpg,0.057729046791791916,0.4981759786605835,0.2996763586997986,0.6660330295562744
12b2a8d1fc.jpg,0.04436706751585007,0.47868433594703674,0.3040791451931,0.6493384838104248
12b302b5f1.jpg,0.07051011919975281,0.4133862555027008,0.3722382187843323,0.6399716138839722
12c5ce9b42.jpg,0.042797308415174484,0.3437545895576477,0.19789612293243408,0.6876133680343628
12c65cd54c.jpg,0.05920815467834473,0.41586393117904663,0.3876025378704071,0.7712059020996094
12cb4d2917.jpg,0.0416799932718277,0.48975372314453125,0.22906571626663208,0.762658953666687
12cc0ffc15.jpg,0.043019168078899384,0.45488908886909485,0.20396184921264648,0.7332428693771362
12d0476b93.jpg,0.051108382642269135,0.3990463614463806,0.3289414048194885,0.6471304893493652
12e9b80b70.jpg,0.05509881302714348,0.2796919047832489,0.2831457555294037,0.7088292837142944
12f09c6efe.jpg,0.07815559208393097,0.3851805329322815,0.5260006785392761,0.8065896034240723
12f74378d4.jpg,0.06578292697668076,0.2802673876285553,0.41216275095939636,0.8582067489624023
12f9c1a7b5.jpg,0.04998813569545746,0.40156421065330505,0.19259047508239746,0.7132668495178223
13048dfacf.jpg,0.03231469914317131,0.5340105891227722,0.2768440246582031,0.7120389938354492
13173bc6b5.jpg,0.05310797691345215,0.5168420076370239,0.3096514344215393,0.6020686626434326
13219b2462.jpg,0.06285695731639862,0.3877888321876526,0.35217005014419556,0.7896866798400879
13328c1504.jpg,0.045783258974552155,0.46114134788513184,0.31634843349456787,0.7018957138061523
133adbd41e.jpg,0.0568392276763916,0.3551919758319855,0.22065740823745728,0.7949299812316895
134f611db2.jpg,0.054399412125349045,0.4513271152973175,0.3785090744495392,0.7045406103134155
1355735108.jpg,0.10254345834255219,0.3217778205871582,0.5247544050216675,0.8666088581085205
1363fc8268.jpg,0.044802092015743256,0.5603485703468323,0.408091276884079,0.6969665288925171
1365922bc1.jpg,0.05780438706278801,0.23089811205863953,0.20659732818603516,0.8158594369888306
13671d11f9.jpg,0.07077730447053909,0.3619437515735626,0.29328274726867676,0.7715440392494202
1379cdd516.jpg,0.034579575061798096,0.5461371541023254,0.30150097608566284,0.6709644794464111
13829b20dd.jpg,0.05168387293815613,0.31487494707107544,0.2572759687900543,0.7984131574630737
13888541b7.jpg,0.03854799270629883,0.5231448411941528,0.27457496523857117,0.7809774875640869
13892d15e5.jpg,0.06369468569755554,0.4884902238845825,0.3201431632041931,0.585298478603363
138a069c6c.jpg,0.04949405789375305,0.3378765285015106,0.2636123597621918,0.7246756553649902
138c350c89.jpg,0.08278357982635498,0.35259684920310974,0.3704470694065094,0.7670352458953857
13bbd45d01.jpg,0.058277688920497894,0.45384007692337036,0.4665747582912445,0.7658403515815735
13c0555eab.jpg,0.04734937846660614,0.23945656418800354,0.1744047850370407,0.8233705759048462
13c3b0e711.jpg,0.04625421389937401,0.3326942026615143,0.2682512700557709,0.8496452569961548
13e3480e01.jpg,0.07179165631532669,0.27393507957458496,0.4661017954349518,0.7633248567581177
13f4f7168a.jpg,0.05048789829015732,0.28796905279159546,0.25138548016548157,0.7454484701156616
13fec527bb.jpg,0.054665546864271164,0.40964484214782715,0.25598859786987305,0.7424346208572388
140f195fbc.jpg,0.05298641324043274,0.4233391582965851,0.2684899568557739,0.8035306930541992
14135c74d7.jpg,0.08444958180189133,0.6009958982467651,0.2758926749229431,0.6875828504562378
141ade2afb.jpg,0.04162432998418808,0.5636181831359863,0.3485466241836548,0.5613323450088501
1421d11393.jpg,0.059455886483192444,0.39611494541168213,0.2650561034679413,0.6993268728256226
142cda27d9.jpg,0.05209127068519592,0.45371267199516296,0.3466736078262329,0.808373212814331
1432b7355d.jpg,0.0401284396648407,0.38007861375808716,0.2756993770599365,0.7691177129745483
1437a4d5f9.jpg,0.046087250113487244,0.720117449760437,0.2729720175266266,0.563142716884613
1444ac5586.jpg,0.03876452147960663,0.4397099018096924,0.24013963341712952,0.5850552320480347
1451c82e2f.jpg,0.07687380164861679,0.44798585772514343,0.42471665143966675,0.7944366931915283
1467b3a6ac.jpg,0.03421404957771301,0.4570242166519165,0.23866429924964905,0.7436125874519348
1476b02998.jpg,0.055279649794101715,0.30405551195144653,0.3407847583293915,0.7949063777923584
14804e18f9.jpg,0.0416356697678566,0.45477333664894104,0.25054290890693665,0.6843618750572205
14860c3bed.jpg,0.048884227871894836,0.4659002125263214,0.3311649262905121,0.8093369603157043
1491d9367b.jpg,0.06472599506378174,0.25843745470046997,0.372511625289917,0.8678743839263916
1499400929.jpg,0.04389706999063492,0.3075981140136719,0.21983858942985535,0.732323169708252
149e367310.jpg,0.10523976385593414,0.457564115524292,0.6489472389221191,0.7704541683197021
14a7686f98.jpg,0.061130963265895844,0.4774456322193146,0.4132731854915619,0.6262847185134888
14a95bb688.jpg,0.026479065418243408,0.5799306631088257,0.2260211706161499,0.735994815826416
14ac55e78e.jpg,0.060507647693157196,0.3485771417617798,0.3432142734527588,0.8100989460945129
14b92a85f3.jpg,0.06060728430747986,0.45938819646835327,0.29359060525894165,0.6649694442749023
14bcc3cdad.jpg,0.0596066415309906,0.535683274269104,0.31902241706848145,0.7108690738677979
14c0e95507.jpg,0.07499168813228607,0.3863285779953003,0.35501450300216675,0.7851030230522156
14c38e1c2e.jpg,0.05929865688085556,0.5075796246528625,0.34584248065948486,0.756649374961853
14fa7a9b31.jpg,0.08215315639972687,0.5627295970916748,0.3021661043167114,0.6908122301101685
14fe889824.jpg,0.06669773161411285,0.2919441759586334,0.2843465209007263,0.7580013871192932
151cb3c6ff.jpg,0.044056352227926254,0.3131728768348694,0.2729707360267639,0.756612241268158
1531eae642.jpg,0.04064418002963066,0.6229914426803589,0.2556270360946655,0.5732557773590088
153bb660da.jpg,0.04787039756774902,0.3258780241012573,0.2997766137123108,0.7881642580032349
153e1ec171.jpg,0.05090330168604851,0.46846336126327515,0.3151698708534241,0.726921558380127
153f59d4cb.jpg,0.03547922894358635,0.37224406003952026,0.2773938775062561,0.7558728456497192
156540ebe1.jpg,0.034121036529541016,0.30559176206588745,0.1966281235218048,0.7565173506736755
1569489edb.jpg,0.06805778294801712,0.47406214475631714,0.3335511088371277,0.807041347026825
156cf5822e.jpg,0.04380011558532715,0.44168221950531006,0.3399932086467743,0.7833024263381958
15769de345.jpg,0.049124475568532944,0.34473949670791626,0.2506842613220215,0.8360850811004639
157ee68b71.jpg,0.06778666377067566,0.5032856464385986,0.440973162651062,0.7639220356941223
1581f3755e.jpg,0.07048580795526505,0.29046112298965454,0.3525477945804596,0.8333589434623718
1582ec589d.jpg,0.052891653031110764,0.33261576294898987,0.2505146861076355,0.8097648620605469
159b3f002f.jpg,0.0324547216296196,0.3876897692680359,0.2229054868221283,0.7734434008598328
159baa9c2b.jpg,0.05562619864940643,0.6658917665481567,0.3156314492225647,0.674370527267456
159c19456b.jpg,0.03528052195906639,0.4416314661502838,0.1907264143228531,0.715989351272583
159e0baf13.jpg,0.0653722882270813,0.6339071393013,0.32075875997543335,0.586057186126709
15a51e4dbe.jpg,0.048694923520088196,0.3305911719799042,0.2706996500492096,0.6381244659423828
15a9b54b5f.jpg,0.07349560409784317,0.365112841129303,0.3672923743724823,0.6807138323783875
15abe5af92.jpg,0.05134924501180649,0.5119974613189697,0.4728720486164093,0.8064355850219727
15b1f01b86.jpg,0.05191248655319214,0.3486196994781494,0.2980911135673523,0.8080700039863586
15b9563151.jpg,0.08014941215515137,0.40372705459594727,0.42801645398139954,0.5743028521537781
15cb21df1a.jpg,0.04102548956871033,0.6098805665969849,0.24009515345096588,0.7194897532463074
15cca6975b.jpg,0.053647231310606,0.361380398273468,0.33454886078834534,0.733468234539032
15d8655b4f.jpg,0.05589389055967331,0.4025298058986664,0.27570509910583496,0.6115330457687378
15f7238855.jpg,0.038038384169340134,0.5147714614868164,0.24597343802452087,0.7073564529418945
15f862b305.jpg,0.0431755855679512,0.3285257816314697,0.21531742811203003,0.8100552558898926
160c560e5e.jpg,0.05293641984462738,0.7032231092453003,0.28764045238494873,0.4971318244934082
160d920b63.jpg,0.04579572007060051,0.3229024410247803,0.22697728872299194,0.8061375617980957
1615de2bd0.jpg,0.05276668816804886,0.4180096685886383,0.31549468636512756,0.7574770450592041
161b3c519e.jpg,0.07119984924793243,0.3533473014831543,0.34068262577056885,0.7240502834320068
163669cbd0.jpg,0.03393371030688286,0.4315207600593567,0.24619096517562866,0.7113173007965088
164492cfa7.jpg,0.054264020174741745,0.3104953467845917,0.27645593881607056,0.8243272304534912
1645d08cab.jpg,0.04399135708808899,0.5941612720489502,0.22402343153953552,0.699029803276062
164ebc7900.jpg,0.05447704344987869,0.3153374195098877,0.23409052193164825,0.8429864048957825
165dfb6cd0.jpg,0.03718603402376175,0.6014136075973511,0.30597761273384094,0.7004045844078064
1665a48def.jpg,0.04608964920043945,0.4107988774776459,0.27663207054138184,0.6058000922203064
1675879297.jpg,0.057347796857357025,0.5166029334068298,0.2645234167575836,0.6714568138122559
1676f96061.jpg,0.04559279605746269,0.4107949137687683,0.2485329508781433,0.7409695386886597
1688783462.jpg,0.06326496601104736,0.3077564239501953,0.2547242045402527,0.7349044680595398
1694e5637b.jpg,0.08739614486694336,0.33992868661880493,0.38428133726119995,0.8451151847839355
16963c4f89.jpg,0.0393744558095932,0.40393081307411194,0.2752928137779236,0.8256288170814514
169c381352.jpg,0.07156798988580704,0.5173002481460571,0.4711415767669678,0.7554333806037903
169f8a8503.jpg,0.044182196259498596,0.514001727104187,0.234071746468544,0.6731903553009033
16a0c8ed23.jpg,0.05664344131946564,0.364174485206604,0.3311120271682739,0.855056881904602
16a3dd9695.jpg,0.04782050848007202,0.5736253261566162,0.270586222410202,0.5046213865280151
16a666edff.jpg,0.045700665563344955,0.6736240386962891,0.30245310068130493,0.5519794225692749
16a7a9fc44.jpg,0.04498909041285515,0.5224885940551758,0.23156426846981049,0.5928764343261719
16ab6bc622.jpg,0.062563955783844,0.3705187737941742,0.3032189905643463,0.800911009311676
16b3067a86.jpg,0.04246993362903595,0.5399035215377808,0.337918758392334,0.6525689363479614
16b3ea1e00.jpg,0.03750070929527283,0.5421336889266968,0.18572965264320374,0.5831633806228638
16b74bd37f.jpg,0.05243850499391556,0.3473929762840271,0.38938045501708984,0.7875176668167114
16c119b3c7.jpg,0.04115929454565048,0.3583697974681854,0.23643186688423157,0.6967967748641968
16cd6cbc68.jpg,0.04846172779798508,0.4002135992050171,0.26668235659599304,0.7599896192550659
16d8cafb5b.jpg,0.026698073372244835,0.767936110496521,0.21598555147647858,0.578307032585144
16d9624078.jpg,0.035399362444877625,0.43191689252853394,0.13204550743103027,0.6561350226402283
16de17a9aa.jpg,0.04715108126401901,0.3391997218132019,0.23088040947914124,0.7283511757850647
16de6b603c.jpg,0.053338341414928436,0.38735032081604004,0.3020109534263611,0.8182988166809082
16ded6f738.jpg,0.03801636025309563,0.4737701416015625,0.25423213839530945,0.6463572978973389
16dff1b77f.jpg,0.06151016801595688,0.3436419367790222,0.29209041595458984,0.8450828194618225
16e764f509.jpg,0.04202171415090561,0.4476872682571411,0.24811053276062012,0.8149725198745728
16f0c49f22.jpg,0.11418244242668152,0.32444334030151367,0.3294643461704254,0.904106855392456
16f3703756.jpg,0.06555884331464767,0.35792219638824463,0.29845523834228516,0.7797411680221558
1701c26348.jpg,0.04441991075873375,0.33999383449554443,0.21516823768615723,0.8140112161636353
17028b1e92.jpg,0.0855146273970604,0.365956574678421,0.7113977670669556,0.7379574179649353
170434d3dd.jpg,0.07057449221611023,0.40634575486183167,0.3437735140323639,0.8345670104026794
170dbca136.jpg,0.05146682262420654,0.41204407811164856,0.2564474940299988,0.6685326099395752
17167ea036.jpg,0.05759189650416374,0.31964200735092163,0.25457024574279785,0.7797673344612122
172a0707b2.jpg,0.04812029004096985,0.6062886714935303,0.26229336857795715,0.5448474884033203
17315bdc5b.jpg,0.047486718744039536,0.34560686349868774,0.25633203983306885,0.8204811811447144
1735a91a3d.jpg,0.04383751004934311,0.47677671909332275,0.27331382036209106,0.7824224233627319
17398e5a2a.jpg,0.05681587755680084,0.3886187672615051,0.30962035059928894,0.684242308139801
17499b0283.jpg,0.06065673753619194,0.34195929765701294,0.30076897144317627,0.8122375011444092
174ded9426.jpg,0.06260377913713455,0.3396347165107727,0.2716248035430908,0.7711445689201355
174f0355a6.jpg,0.05672921985387802,0.468003511428833,0.2277303785085678,0.7098661661148071
17592a1017.jpg,0.040958013385534286,0.5294079780578613,0.3220843970775604,0.6834869384765625
176050474a.jpg,0.06648822128772736,0.39604371786117554,0.2641533613204956,0.7522649765014648
1764393c0e.jpg,0.03662889450788498,0.5556787252426147,0.3183649778366089,0.736231803894043
17674de2d5.jpg,0.05961969494819641,0.3840257525444031,0.27370667457580566,0.7445412278175354
176bec46aa.jpg,0.05241274833679199,0.3185933828353882,0.1880984902381897,0.7848725318908691
176d0e5c75.jpg,0.03988325595855713,0.46358561515808105,0.23799213767051697,0.7019213438034058
1771b7c478.jpg,0.056021399796009064,0.3562908172607422,0.26927465200424194,0.8010500073432922
1774482049.jpg,0.04790186882019043,0.3573765754699707,0.2562408149242401,0.7879495620727539
1779a8225f.jpg,0.02950398251414299,0.49530676007270813,0.32804417610168457,0.756758987903595
1789a61138.jpg,0.047818925231695175,0.5051435232162476,0.3860342502593994,0.66541588306427
178d33e084.jpg,0.059011995792388916,0.3759256601333618,0.2984708249568939,0.7516086101531982
17924dd78d.jpg,0.03749169409275055,0.44446107745170593,0.30256393551826477,0.8321269750595093
179af606cb.jpg,0.05932854861021042,0.2798822224140167,0.320128858089447,0.8679001331329346
17a199a709.jpg,0.039131954312324524,0.3800281584262848,0.20167765021324158,0.7683391571044922
17a8bd8ba4.jpg,0.057311829179525375,0.5022804737091064,0.3099406361579895,0.7616491317749023
17b7569c29.jpg,0.04123036190867424,0.3800163269042969,0.18289917707443237,0.7335619926452637
17c8c9072a.jpg,0.05029965564608574,0.3395782709121704,0.2765001654624939,0.7743255496025085
17ce3a201d.jpg,0.05517604574561119,0.460582435131073,0.37527626752853394,0.7339019775390625
17cf077f45.jpg,0.04029620438814163,0.6269245743751526,0.23375588655471802,0.6523864269256592
17d4e23d9f.jpg,0.019785629585385323,0.8763216137886047,0.11749869585037231,0.6880165934562683
17d896fd14.jpg,0.032027244567871094,0.5322779417037964,0.2607612907886505,0.8237704634666443
17dbf8cf56.jpg,0.03774440288543701,0.4179484248161316,0.21030542254447937,0.8496803045272827
17e149928d.jpg,0.04228430986404419,0.39295494556427,0.26191794872283936,0.8167016506195068
17eb22711b.jpg,0.04821660742163658,0.3416638672351837,0.2554347813129425,0.8517047166824341
17f8f4d5d9.jpg,0.03960106521844864,0.5461601614952087,0.22725465893745422,0.6345638632774353
17f92dd71b.jpg,0.0372760072350502,0.40290719270706177,0.29428941011428833,0.7165087461471558
180e1881bc.jpg,0.06014607101678848,0.4035629332065582,0.2851603329181671,0.853705644607544
18162a62a3.jpg,0.05887238308787346,0.3987972140312195,0.2763916850090027,0.7715845108032227
181a53c38a.jpg,0.04464581608772278,0.5191847681999207,0.2564724385738373,0.590757429599762
181f424335.jpg,0.054664336144924164,0.5837132930755615,0.23021742701530457,0.6664278507232666
182690bc45.jpg,0.05644967779517174,0.3285250663757324,0.21480125188827515,0.6350621581077576
182846af47.jpg,0.04584164544939995,0.5698816776275635,0.26414620876312256,0.6364225745201111
1838bcc8fa.jpg,0.06032800301909447,0.4583238363265991,0.3596689701080322,0.6785844564437866
184a433ce3.jpg,0.03241684287786484,0.5457499027252197,0.28837814927101135,0.5971312522888184
185f8da469.jpg,0.053879957646131516,0.336507111787796,0.24613875150680542,0.8231329917907715
186035e2a8.jpg,0.0479426234960556,0.32169121503829956,0.23873113095760345,0.8233012557029724
1866c56f7a.jpg,0.04271913692355156,0.5753945708274841,0.2840285301208496,0.5703848600387573
186e98dcb8.jpg,0.056032951921224594,0.45328399538993835,0.20639529824256897,0.7504850625991821
1883fcfb3e.jpg,0.07892607152462006,0.4726108908653259,0.4257698059082031,0.7729296684265137
1884a2a37d.jpg,0.03972163796424866,0.4089908301830292,0.23118546605110168,0.5861899256706238
18880e913d.jpg,0.052276771515607834,0.5598994493484497,0.1983875036239624,0.5663521885871887
188b7f6310.jpg,0.060801029205322266,0.3960336446762085,0.21930375695228577,0.7778198719024658
1893ce79ce.jpg,0.03362090885639191,0.6382870674133301,0.20930452644824982,0.6604959964752197
1894c178ea.jpg,0.04379425570368767,0.5543612241744995,0.24999132752418518,0.509988009929657
1897b7b118.jpg,0.09026451408863068,0.4869576096534729,0.3850495517253876,0.6514155864715576
189ae3f5a7.jpg,0.05716316029429436,0.5356146693229675,0.23294788599014282,0.6290459632873535
189ee6859e.jpg,0.055127374827861786,0.3207818865776062,0.3046725392341614,0.8634634017944336
18a275b358.jpg,0.04626799747347832,0.4621191620826721,0.2835351824760437,0.7336412668228149
18a4ee0991.jpg,0.056742023676633835,0.3208819031715393,0.2091553807258606,0.8236925601959229
18aca60c06.jpg,0.036769162863492966,0.4788734018802643,0.2708107531070709,0.7500286102294922
18ae840f5d.jpg,0.048805948346853256,0.34887558221817017,0.3731851875782013,0.7626022100448608
18b2d7a2ef.jpg,0.04688138887286186,0.4557776153087616,0.29041892290115356,0.7380407452583313
18c6b5b73b.jpg,0.05128106102347374,0.3464809060096741,0.29047891497612,0.7866703271865845
18ca544c78.jpg,0.04655909538269043,0.3647303581237793,0.27032470703125,0.784929633140564
18e384cfff.jpg,0.04249506816267967,0.3197972774505615,0.26130592823028564,0.6735478043556213
18e571a627.jpg,0.051596056669950485,0.41423359513282776,0.3232264816761017,0.7084274888038635
18ea7c98b1.jpg,0.06134388968348503,0.23686988651752472,0.2757059931755066,0.8208454847335815
190633c073.jpg,0.08097712695598602,0.39177531003952026,0.6387304067611694,0.8515551090240479
1912f08cb1.jpg,0.07633253186941147,0.3943687975406647,0.36565545201301575,0.7786619663238525
19182d3849.jpg,0.056376099586486816,0.3446415960788727,0.3280576467514038,0.8054395914077759
1921b26eea.jpg,0.051807232201099396,0.46337705850601196,0.436372309923172,0.6309442520141602
1925109fdd.jpg,0.023889800533652306,0.6327093243598938,0.1742776334285736,0.6352466940879822
192682abdf.jpg,0.04245658963918686,0.4214792847633362,0.18717196583747864,0.8062715530395508
192caaa1bf.jpg,0.07105620205402374,0.4434778094291687,0.3278229236602783,0.823839008808136
1936e1dcb4.jpg,0.0379544198513031,0.45614564418792725,0.33389461040496826,0.8017443418502808
193b4cdb27.jpg,0.052656855434179306,0.34262025356292725,0.1917380690574646,0.7342410087585449
193f3266fb.jpg,0.11169728636741638,0.7703917026519775,0.3127485513687134,0.6156609058380127
194bb9f6ed.jpg,0.030157117173075676,0.5517336130142212,0.3063822388648987,0.6819146871566772
19525a17e2.jpg,0.054236337542533875,0.4520835876464844,0.23198458552360535,0.6566355228424072
19592a5fbf.jpg,0.0534183494746685,0.6245415210723877,0.2894946336746216,0.6857428550720215
1960283fd5.jpg,0.05935942381620407,0.43183964490890503,0.2457798570394516,0.7134233117103577
1966101984.jpg,0.05963050574064255,0.32488659024238586,0.28831762075424194,0.7850469350814819
196a6875a7.jpg,0.05590416491031647,0.4931729733943939,0.5421979427337646,0.7345855236053467
196e2c07aa.jpg,0.03107893466949463,0.523635745048523,0.3588685393333435,0.6879246234893799
1970faab6a.jpg,0.05429694056510925,0.4222087264060974,0.26483988761901855,0.8035085201263428
1977b66f96.jpg,0.04019626975059509,0.45920607447624207,0.22273080050945282,0.7349529266357422
197dc21bdb.jpg,0.04773997515439987,0.37405160069465637,0.25897231698036194,0.7962820529937744
19801ae9ab.jpg,0.04456641897559166,0.46208247542381287,0.27597862482070923,0.6956554055213928
1986fa52f5.jpg,0.04159195348620415,0.6465862393379211,0.22091203927993774,0.6108911037445068
198cad00d4.jpg,0.03266147896647453,0.30327126383781433,0.2200116664171219,0.7863258123397827
19918a1d5c.jpg,0.060160331428050995,0.4619584083557129,0.3055713176727295,0.8140480518341064
1998700449.jpg,0.04553019255399704,0.3459242880344391,0.2696405053138733,0.7012509107589722
1999225d11.jpg,0.048053525388240814,0.4425479471683502,0.26793205738067627,0.7137128114700317
199a3e859f.jpg,0.03348959982395172,0.37999850511550903,0.17552000284194946,0.7222999334335327
199d0b8782.jpg,0.07893213629722595,0.334896445274353,0.5084996223449707,0.7752878665924072
19a7361b2a.jpg,0.06943365186452866,0.6844603419303894,0.37356117367744446,0.6004036664962769
19b0fbeba0.jpg,0.07163887470960617,0.464289128780365,0.6504755020141602,0.8727129101753235
19b944dbbf.jpg,0.03933499753475189,0.5492053627967834,0.23991644382476807,0.6970833539962769
19b98e5663.jpg,0.03326041251420975,0.6726149320602417,0.2178322672843933,0.7417092323303223
19bad1225f.jpg,0.04376482218503952,0.48035454750061035,0.24461862444877625,0.5528899431228638
19bd14d30e.jpg,0.031917717307806015,0.42385080456733704,0.19152648746967316,0.6629307866096497
19be535e5f.jpg,0.030153974890708923,0.3698101341724396,0.24558007717132568,0.7295251488685608
19c277c363.jpg,0.034043800085783005,0.3608834147453308,0.1709529161453247,0.6391199827194214
19c8301d67.jpg,0.056697070598602295,0.39016813039779663,0.3208499252796173,0.8467280268669128
19e7940d94.jpg,0.05632995814085007,0.44728267192840576,0.22027131915092468,0.6314423680305481
19e8b9b328.jpg,0.044912613928318024,0.4105038344860077,0.32045742869377136,0.7552639842033386
1a23085db7.jpg,0.07265712320804596,0.4421851634979248,0.2784990072250366,0.5841416120529175
1a2542d28b.jpg,0.05737435072660446,0.3315829634666443,0.3421761989593506,0.8953219056129456
1a25f82753.jpg,0.08024387061595917,0.435027152299881,0.5618990659713745,0.8569982647895813
1a27cb4cba.jpg,0.029303114861249924,0.5021274089813232,0.26370173692703247,0.6698789596557617
1a2cd9ea8c.jpg,0.04893898218870163,0.4237692356109619,0.20235535502433777,0.5946985483169556
1a3b1a3da9.jpg,0.05700230598449707,0.4879983365535736,0.3460046350955963,0.7424842119216919
1a4213d2ce.jpg,0.039423100650310516,0.34638261795043945,0.21314606070518494,0.7284924983978271
1a4491cef2.jpg,0.04516702517867088,0.6887754797935486,0.23701755702495575,0.6071466207504272
1a45b8c270.jpg,0.08886166661977768,0.42328569293022156,0.5002562999725342,0.7292245626449585
1a5041d9ed.jpg,0.05008065700531006,0.6596890091896057,0.23404203355312347,0.5904950499534607
1a5cf3b632.jpg,0.05889128893613815,0.47509169578552246,0.3977031707763672,0.7995673418045044
1a6013cba4.jpg,0.03154423087835312,0.46845120191574097,0.2124198079109192,0.8036738634109497
1a61870a06.jpg,0.05260971188545227,0.39374566078186035,0.25884875655174255,0.8084284067153931
1a6b4e9e13.jpg,0.05231718719005585,0.49404004216194153,0.35977792739868164,0.7876276969909668
1a7af9964c.jpg,0.07286283373832703,0.3713759481906891,0.4000037908554077,0.7150936126708984
1a8633fbb9.jpg,0.044091492891311646,0.3810104429721832,0.21249310672283173,0.8555370569229126
1a892680fb.jpg,0.08295313268899918,0.3593035638332367,0.40297842025756836,0.8114275336265564
1a8c1a7995.jpg,0.0475052110850811,0.4006724953651428,0.22154802083969116,0.6762464642524719
1a8c9e6c4c.jpg,0.049321215599775314,0.4416370987892151,0.24005290865898132,0.7216914296150208
1aa0d1c558.jpg,0.050334006547927856,0.46333497762680054,0.3034403324127197,0.6836768388748169
1aa8abd685.jpg,0.035296481102705,0.549659252166748,0.22801631689071655,0.6950100064277649
1ac1673452.jpg,0.08072691410779953,0.297867089509964,0.3128783702850342,0.8435447216033936
1ac35e7dc8.jpg,0.06521789729595184,0.5372031927108765,0.3405558466911316,0.6150647401809692
1ac5876376.jpg,0.04186601936817169,0.3776581287384033,0.21564263105392456,0.7118786573410034
1acb4c14ce.jpg,0.03851670026779175,0.6020770072937012,0.2218782603740692,0.6915538311004639
1acb4d1d54.jpg,0.07992731034755707,0.4716869592666626,0.42608219385147095,0.7992125749588013
1ad17703ce.jpg,0.04273533076047897,0.37209972739219666,0.2220422923564911,0.6727226972579956
1ad8701262.jpg,0.047275982797145844,0.4253728687763214,0.23806403577327728,0.7102029323577881
1ae03b00e7.jpg,0.03734651952981949,0.47037118673324585,0.2764834463596344,0.7249842882156372
1ae342cd57.jpg,0.16368551552295685,0.29960981011390686,0.33653295040130615,0.5559594035148621
1b062b66a7.jpg,0.030296310782432556,0.6366966366767883,0.26734331250190735,0.607612133026123
1b118a066b.jpg,0.03943541273474693,0.5101337432861328,0.2897617816925049,0.6891933083534241
1b129b65db.jpg,0.041871801018714905,0.4537770748138428,0.22601649165153503,0.6528455018997192
1b12cf626f.jpg,0.05237346142530441,0.305785596370697,0.23317833244800568,0.8518356084823608
1b3e398db7.jpg,0.06472572684288025,0.4886215329170227,0.38590145111083984,0.7146812677383423
1b4e94ffbd.jpg,0.04623923823237419,0.35885393619537354,0.21712422370910645,0.8023695349693298
1b4f115bdd.jpg,0.062327127903699875,0.5844039916992188,0.3281615972518921,0.6534512639045715
1b5e8cedda.jpg,0.03749579191207886,0.35459619760513306,0.2920190095901489,0.6706764698028564
1b66416060.jpg,0.04069258272647858,0.37425392866134644,0.26724278926849365,0.732075035572052
1b6a1a7e94.jpg,0.0568346343934536,0.3215000033378601,0.28111031651496887,0.7062448263168335
1b6d7b4e65.jpg,0.044338539242744446,0.531603217124939,0.25894784927368164,0.6391316652297974
1b72549327.jpg,0.04870305582880974,0.5631943941116333,0.2959378957748413,0.6734271049499512
1b770229f3.jpg,0.04165966063737869,0.4730983078479767,0.27876704931259155,0.7482373714447021
1b961a3a39.jpg,0.039121609181165695,0.5931974053382874,0.19574378430843353,0.6778233051300049
1b98321823.jpg,0.06559108197689056,0.41334253549575806,0.31878605484962463,0.6786911487579346
1b987c577e.jpg,0.05998006463050842,0.3225458562374115,0.3966808021068573,0.7527037262916565
1baa6a3895.jpg,0.04747532308101654,0.367489218711853,0.26217371225357056,0.7227843999862671
1baf74b1a7.jpg,0.06893669813871384,0.4778715670108795,0.34362873435020447,0.8250565528869629
1bb75f970a.jpg,0.05803202837705612,0.6094520092010498,0.29016268253326416,0.6260892748832703
1bb8674fbf.jpg,0.04156569764018059,0.5654634833335876,0.28219595551490784,0.6588273644447327
1bba0654b7.jpg,0.03385665640234947,0.37632039189338684,0.22396224737167358,0.8316911458969116
1bbaea3e6b.jpg,0.02567858062684536,0.5795530676841736,0.2619619369506836,0.6260657906532288
1bc105b0b9.jpg,0.06251149624586105,0.6074010133743286,0.33463165163993835,0.5889922380447388
1bc290729f.jpg,0.04783710092306137,0.3289121985435486,0.2900829613208771,0.7802979946136475
1bc9fc642d.jpg,0.042006053030490875,0.5601633787155151,0.3427138328552246,0.7023283243179321
1bccaf17e5.jpg,0.037780389189720154,0.5290564298629761,0.2100309431552887,0.5684313178062439
1bd527d6a0.jpg,0.060273390263319016,0.5775518417358398,0.2687998414039612,0.5574795007705688
1bd7be0503.jpg,0.05660562962293625,0.5532744526863098,0.33476823568344116,0.6372491121292114
1bd8b4f799.jpg,0.06158893555402756,0.4309515357017517,0.4076464772224426,0.7822209000587463
1be016515b.jpg,0.04878511279821396,0.4369767904281616,0.25143080949783325,0.8466901779174805
1be0fa86b5.jpg,0.051433950662612915,0.5081045627593994,0.1873941272497177,0.5946106314659119
1be6584349.jpg,0.049124814569950104,0.43636325001716614,0.22428983449935913,0.7851954698562622
1bf60182b2.jpg,0.0810149759054184,0.42639315128326416,0.4741693437099457,0.6529155969619751
1c0ea0fe1b.jpg,0.03892016410827637,0.541252613067627,0.3295140564441681,0.7115273475646973
1c1f697d7e.jpg,0.04030162841081619,0.5943220257759094,0.2857024371623993,0.6649569272994995
1c3c1aca33.jpg,0.048332951962947845,0.36917704343795776,0.24367153644561768,0.7727823257446289
1c434baf43.jpg,0.04563799500465393,0.44521692395210266,0.21307232975959778,0.6927385330200195
1c4de511e1.jpg,0.039295222610235214,0.744968056678772,0.3140897750854492,0.7147055268287659
1c5cc22c2c.jpg,0.07510623335838318,0.3080576956272125,0.3106207549571991,0.7940579652786255
1c5ce714cc.jpg,0.0558621883392334,0.3427685499191284,0.22400744259357452,0.7468445897102356
1c64f657f4.jpg,0.0263198371976614,0.6356644630432129,0.23665748536586761,0.5928956270217896
1c69470718.jpg,0.0396047942340374,0.43835654854774475,0.2141961306333542,0.7196362614631653
1c6eed59f5.jpg,0.03182738646864891,0.5796824097633362,0.39065229892730713,0.8040777444839478
1c707e6132.jpg,0.04886234924197197,0.4449135959148407,0.33653485774993896,0.799346387386322
1c75256206.jpg,0.059237346053123474,0.5308751463890076,0.34844791889190674,0.7067095041275024
1c7b3cdedc.jpg,0.053716741502285004,0.3466283679008484,0.34389418363571167,0.7351043820381165
1c807fee79.jpg,0.06214665621519089,0.39605337381362915,0.35370007157325745,0.7514617443084717
1c84f1179c.jpg,0.04471448063850403,0.5953962802886963,0.16756746172904968,0.7198771238327026
1c863100b1.jpg,0.06770089268684387,0.45954006910324097,0.36032795906066895,0.5090155601501465
1c88080a3f.jpg,0.055404335260391235,0.3514031171798706,0.23922781646251678,0.6730709075927734
1c95a45486.jpg,0.08548067510128021,0.44950342178344727,0.33449745178222656,0.7315870523452759
1cb96210e6.jpg,0.051802411675453186,0.5232585668563843,0.30854102969169617,0.611088752746582
1cb9d045d8.jpg,0.04589352011680603,0.5203898549079895,0.2223101258277893,0.6096464395523071
1cc26c48b8.jpg,0.033088311553001404,0.4188356399536133,0.2051592469215393,0.7855733036994934
1cd5acea15.jpg,0.047143902629613876,0.35402801632881165,0.41370242834091187,0.775610089302063
1cdb990c46.jpg,0.050510670989751816,0.34064266085624695,0.3028620481491089,0.6160528659820557
1ce3cb350d.jpg,0.04561056196689606,0.3834550082683563,0.23916251957416534,0.7483360767364502
1cea1bf43d.jpg,0.035902608186006546,0.43008124828338623,0.2741195261478424,0.7774676084518433
1cf711c1d1.jpg,0.03994269669055939,0.5465564727783203,0.20866869390010834,0.674360990524292
1cfe6aba33.jpg,0.05870115011930466,0.42868268489837646,0.37460750341415405,0.8608719110488892
1d0aecbd16.jpg,0.07643251866102219,0.42641523480415344,0.506524384021759,0.7388203144073486
1d0f76765b.jpg,0.03019707463681698,0.7372980713844299,0.32065972685813904,0.5725910663604736
1d17249a0f.jpg,0.04795491322875023,0.45828887820243835,0.19426488876342773,0.7931997776031494
1d19c4bc7e.jpg,0.06628119945526123,0.3930220305919647,0.3310607075691223,0.6952102184295654
1d205c56c5.jpg,0.03601305931806564,0.4756372570991516,0.27374041080474854,0.832576334476471
1d3446f22b.jpg,0.09596744179725647,0.3938525319099426,0.5343641042709351,0.6844097375869751
1d38a9bee0.jpg,0.05310125648975372,0.5424902439117432,0.31868427991867065,0.7671173810958862
1d3fb25bad.jpg,0.047395359724760056,0.521731972694397,0.36163005232810974,0.7528708577156067
1d40d5d6ca.jpg,0.06045613810420036,0.42382684350013733,0.2438354641199112,0.6164867877960205
1d44f79c1c.jpg,0.04361686110496521,0.3784419298171997,0.2876427173614502,0.8621454834938049
1d46709e18.jpg,0.04531576484441757,0.5285319089889526,0.32901111245155334,0.8084219098091125
1d53ac5a9f.jpg,0.03310948610305786,0.35151207447052,0.22657373547554016,0.841242790222168
1d57118b49.jpg,0.04415741562843323,0.5528316497802734,0.2883637249469757,0.7140775918960571
1d584ad062.jpg,0.059035204350948334,0.4090268313884735,0.24601048231124878,0.7068758606910706
1d5aa09f6b.jpg,0.04680369049310684,0.4658142328262329,0.21063849329948425,0.634552538394928
1d5c4b80c6.jpg,0.04972199350595474,0.6469513773918152,0.2933140993118286,0.560982346534729
1d5cf63313.jpg,0.06848659366369247,0.4217515289783478,0.3049278259277344,0.589684247970581
1d5d4a0729.jpg,0.05901510640978813,0.4137367308139801,0.5589696168899536,0.7998143434524536
1d640e96a3.jpg,0.06300555914640427,0.33338648080825806,0.41133418679237366,0.8922915458679199
1d67aef6c9.jpg,0.0413115918636322,0.6977272033691406,0.44512420892715454,0.701776385307312
1d726a097f.jpg,0.05512283742427826,0.4677443206310272,0.3145267963409424,0.8338204026222229
1d76ab1c0c.jpg,0.04263526201248169,0.37508994340896606,0.219197079539299,0.714938223361969
1d79ab97ec.jpg,0.03526470065116882,0.3959079682826996,0.17935791611671448,0.7483491897583008
1d7d8ff0ac.jpg,0.04301298409700394,0.5111152529716492,0.26485806703567505,0.7924983501434326
1d8a6d18f1.jpg,0.03163914382457733,0.5544223189353943,0.26056811213493347,0.6008470058441162
1d939cb782.jpg,0.031045546755194664,0.45847201347351074,0.1890198439359665,0.6192845702171326
1d971deb73.jpg,0.02955249696969986,0.3728654682636261,0.19149525463581085,0.7072861194610596
1da3631b3f.jpg,0.04084166884422302,0.6119025349617004,0.2804354429244995,0.6331617832183838
1da538235f.jpg,0.060565780848264694,0.5499778389930725,0.3214523494243622,0.571526825428009
1da6888f64.jpg,0.057285115122795105,0.41758137941360474,0.36088913679122925,0.7732349634170532
1dafe2cf42.jpg,0.045700665563344955,0.6736240386962891,0.30245310068130493,0.5519794225692749
1db0b33747.jpg,0.028218504041433334,0.5411083698272705,0.20018573105335236,0.7556242346763611
1dba9a48ae.jpg,0.03741657733917236,0.5507442951202393,0.23047778010368347,0.6797047257423401
1dbbe43952.jpg,0.05756817385554314,0.39010024070739746,0.3561936914920807,0.8436518311500549
1dc32da064.jpg,0.052757348865270615,0.40886634588241577,0.2936113476753235,0.652549684047699
1dc335fcac.jpg,0.035764992237091064,0.47437959909439087,0.2075403481721878,0.5704026222229004
1dc3833078.jpg,0.05757370591163635,0.2865642011165619,0.24152477085590363,0.8224350810050964
1dc3a7de89.jpg,0.05339326709508896,0.453433632850647,0.3374549150466919,0.6989058256149292
1dcbd84c73.jpg,0.04737357050180435,0.3474593758583069,0.2606680989265442,0.7427120208740234
1dd0ec3618.jpg,0.04612995311617851,0.3647741973400116,0.29705578088760376,0.7204065322875977
1dda02098b.jpg,0.07449925690889359,0.5221526622772217,0.3674996793270111,0.5685533285140991
1de54dbad6.jpg,0.05027328059077263,0.36583250761032104,0.25327062606811523,0.7293667793273926
1df4ff0436.jpg,0.0530192106962204,0.3978160619735718,0.2762516736984253,0.792493999004364
1dfa5b2910.jpg,0.036498501896858215,0.4607822895050049,0.209111750125885,0.6128902435302734
1dfe2f3b46.jpg,0.03860458359122276,0.2563343644142151,0.2065020650625229,0.7335338592529297
1e39d0e97c.jpg,0.05366828665137291,0.43433699011802673,0.3282647728919983,0.8458667397499084
1e3a931f96.jpg,0.04613408073782921,0.40246617794036865,0.31093576550483704,0.7227149605751038
1e4ccca31e.jpg,0.05705618858337402,0.41102221608161926,0.27559295296669006,0.749686598777771
1e56d7de95.jpg,0.0585034117102623,0.42648473381996155,0.35652393102645874,0.7253394722938538
1e59228328.jpg,0.04722459241747856,0.40812915563583374,0.2557399272918701,0.7756221294403076
1e66879f90.jpg,0.04262085258960724,0.3531239628791809,0.28541824221611023,0.7907965779304504
1e74d0da3b.jpg,0.052248358726501465,0.5782374739646912,0.29604843258857727,0.6767311096191406
1e7e4f894f.jpg,0.06540445983409882,0.3973954916000366,0.354793906211853,0.7574390172958374
1e7ed16969.jpg,0.0382465198636055,0.35975751280784607,0.19972893595695496,0.6890329122543335
1e90517e22.jpg,0.04182878136634827,0.33336982131004333,0.2694215774536133,0.7372280359268188
1e947e5fe9.jpg,0.06818750500679016,0.6466378569602966,0.3535204529762268,0.7347108125686646
1e983237de.jpg,0.07082231342792511,0.39847084879875183,0.4936763644218445,0.5832090377807617
1ea86dc4d5.jpg,0.044982802122831345,0.4686354398727417,0.34665369987487793,0.5438185334205627
1eaa4a27c8.jpg,0.054483912885189056,0.46983420848846436,0.34595829248428345,0.6927858591079712
1eb579374e.jpg,0.08597366511821747,0.3568769097328186,0.427068293094635,0.8532575368881226
1ebd894c28.jpg,0.06253558397293091,0.337797075510025,0.2931419909000397,0.7484241127967834
1ece79b77f.jpg,0.04129546135663986,0.4303722381591797,0.2563773989677429,0.7105950117111206
1ed7c273ba.jpg,0.10680314153432846,0.35353583097457886,0.47475647926330566,0.7476719617843628
1ede9dadc3.jpg,0.04249564930796623,0.3520258069038391,0.24976512789726257,0.7389867305755615
1ef162e31d.jpg,0.058767762035131454,0.282622754573822,0.3239966034889221,0.8239861130714417
1efdfce7c3.jpg,0.04567704722285271,0.3709957003593445,0.25606769323349,0.6889957189559937
1f006ed5eb.jpg,0.06846712529659271,0.3849896490573883,0.5046515464782715,0.7787567377090454
1f086664d6.jpg,0.041401900351047516,0.5201916098594666,0.3241225481033325,0.7231953144073486
1f1a19ad8b.jpg,0.05975287780165672,0.34156620502471924,0.28753480315208435,0.7299653887748718
1f252ba827.jpg,0.046894483268260956,0.6173413395881653,0.22575736045837402,0.5498562455177307
1f2d34b65b.jpg,0.04608146473765373,0.3319912254810333,0.20032404363155365,0.8024532198905945
1f540d0ecb.jpg,0.04919210821390152,0.3959866166114807,0.26851898431777954,0.6450426578521729
1f63ea8e1d.jpg,0.05069253593683243,0.33394938707351685,0.17859001457691193,0.827203631401062
1f67c932d8.jpg,0.05563431978225708,0.3980397582054138,0.3405366539955139,0.7543147802352905
1f7b63917b.jpg,0.06978999078273773,0.3160308003425598,0.3097725510597229,0.7401917576789856
1f8b43823c.jpg,0.05352814123034477,0.4546297788619995,0.2980012893676758,0.7655401229858398
1f8fe4a8e4.jpg,0.035027869045734406,0.36637571454048157,0.1775369644165039,0.7511982917785645
1f96108197.jpg,0.04784726724028587,0.33278000354766846,0.2782351076602936,0.8569905757904053
1f979d49c6.jpg,0.05643235892057419,0.40897783637046814,0.3441656827926636,0.75070720911026
1f98e7d475.jpg,0.027941575273871422,0.4390004575252533,0.17798109352588654,0.6681114435195923
1fbc82db49.jpg,0.08576807379722595,0.3801079988479614,0.3666093051433563,0.7669175267219543
1fd7cebd1a.jpg,0.06387275457382202,0.47611960768699646,0.3246487081050873,0.728985607624054
1fe1ac40ef.jpg,0.06256774067878723,0.40319210290908813,0.3129134774208069,0.6432848572731018
1fe223e960.jpg,0.062471903860569,0.40283340215682983,0.303152859210968,0.7220652103424072
1fedaf095f.jpg,0.05929383635520935,0.3742004632949829,0.2377040535211563,0.8421723246574402
20043a8eaf.jpg,0.04464149475097656,0.5470535159111023,0.3331053853034973,0.7488342523574829
2004919ebe.jpg,0.034901246428489685,0.4187687039375305,0.23693467676639557,0.7443957328796387
2022ef77f2.jpg,0.04756607115268707,0.7146289348602295,0.18129272758960724,0.6148884296417236
2037f91745.jpg,0.06161721795797348,0.3808893859386444,0.38244301080703735,0.7593932151794434
20454954b2.jpg,0.04286773130297661,0.4853064715862274,0.3493127226829529,0.6334152817726135
204615862b.jpg,0.04053330048918724,0.653834879398346,0.24000903964042664,0.7015038728713989
2046adf2b6.jpg,0.040729861706495285,0.3610289990901947,0.18913252651691437,0.6607241630554199
205f999ab3.jpg,0.061735935509204865,0.40677183866500854,0.2564464509487152,0.7081804275512695
2061671c2b.jpg,0.055772118270397186,0.4453119933605194,0.1549900472164154,0.6706985831260681
2063a6693c.jpg,0.04485486447811127,0.5366004109382629,0.2555476427078247,0.584365963935852
2066a2e091.jpg,0.07839319109916687,0.34168344736099243,0.5015240907669067,0.7232003211975098
206adc3515.jpg,0.048805952072143555,0.3976947069168091,0.3143906891345978,0.7127141356468201
206d18e819.jpg,0.05074252933263779,0.40312445163726807,0.31241273880004883,0.5943847894668579
206e57e6d1.jpg,0.05488142371177673,0.31360775232315063,0.2596628963947296,0.7408543229103088
2078d3f123.jpg,0.04777071997523308,0.5823216438293457,0.3945372998714447,0.782509982585907
2080efd0d6.jpg,0.06573636829853058,0.4951351284980774,0.2440246045589447,0.6999377012252808
208c0535cf.jpg,0.037980251014232635,0.40800824761390686,0.21171124279499054,0.7622721195220947
208f4b819b.jpg,0.05037744343280792,0.45749765634536743,0.28683096170425415,0.739074170589447
2096a57bfc.jpg,0.06696955859661102,0.36468711495399475,0.3109317719936371,0.7687866687774658
209873c58f.jpg,0.04322025924921036,0.2479437291622162,0.22118662297725677,0.8370797634124756
209bdb1587.jpg,0.05209478735923767,0.4932398796081543,0.311626136302948,0.7333974838256836
20b2d4f4bf.jpg,0.09443728625774384,0.5762451887130737,0.6209712624549866,0.6727072596549988
20b3d168a6.jpg,0.043327152729034424,0.5602276921272278,0.19031280279159546,0.5499785542488098
20b7eab911.jpg,0.08271349221467972,0.3326590359210968,0.5591532588005066,0.8152117729187012
20c152f056.jpg,0.03210204094648361,0.7071430683135986,0.498282253742218,0.6158059239387512
20cac2191a.jpg,0.08166884630918503,0.31580978631973267,0.3865337669849396,0.6667894124984741
20d2fd7d1b.jpg,0.07483842223882675,0.4627126455307007,0.39817309379577637,0.7438094615936279
20d336b6c2.jpg,0.06154885143041611,0.3108328878879547,0.3158997893333435,0.8291124701499939
20d927a07b.jpg,0.03831382095813751,0.37554317712783813,0.1960412561893463,0.772446870803833
20ddf9c49f.jpg,0.04968777298927307,0.6432402729988098,0.21758849918842316,0.5804340839385986
20ea204105.jpg,0.06493659317493439,0.3452169597148895,0.278525173664093,0.7550791501998901
20f93c26b0.jpg,0.08140667527914047,0.4721003770828247,0.3556782603263855,0.7187568545341492
20fa90d43e.jpg,0.05249105021357536,0.5618005990982056,0.29549482464790344,0.7740670442581177
2103852756.jpg,0.05145479366183281,0.39000412821769714,0.28509965538978577,0.7698565721511841
211ca2dfb4.jpg,0.051437895745038986,0.3888395130634308,0.14943648874759674,0.7519991993904114
21243b9607.jpg,0.04277784377336502,0.5909087657928467,0.21299369633197784,0.7214637994766235
2129f6f2dc.jpg,0.045304425060749054,0.554678201675415,0.23779450356960297,0.5171105861663818
212cf8498d.jpg,0.047187983989715576,0.4594298303127289,0.2710989713668823,0.6869710087776184
2145ce0f78.jpg,0.036569997668266296,0.3528202772140503,0.19509348273277283,0.8110564351081848
21630a4fa1.jpg,0.05775468796491623,0.5702957510948181,0.2890152931213379,0.675334095954895
216a8d4e5c.jpg,0.048444267362356186,0.4324740469455719,0.26232317090034485,0.7448941469192505
21747ccb08.jpg,0.04049886018037796,0.5288248062133789,0.22014611959457397,0.7387229204177856
21757a4c07.jpg,0.049838464707136154,0.47532960772514343,0.3964570462703705,0.7695549726486206
217b9b9aaf.jpg,0.05611477792263031,0.4230687618255615,0.3112373650074005,0.6611056327819824
21927aa7d4.jpg,0.0417993888258934,0.6445968151092529,0.2754567265510559,0.6424514055252075
219baac7b2.jpg,0.03343937546014786,0.49024495482444763,0.22070640325546265,0.6587834358215332
21ac721374.jpg,0.049476854503154755,0.6412011384963989,0.287412166595459,0.5588525533676147
21b6fd99a5.jpg,0.042713116854429245,0.5025719404220581,0.2526645064353943,0.5945758819580078
21b9aafc49.jpg,0.060517117381095886,0.32353779673576355,0.2670518755912781,0.8451622724533081
21c2589053.jpg,0.05911782383918762,0.376254677772522,0.21081513166427612,0.7252950668334961
21c2c68337.jpg,0.11459650844335556,0.42492517828941345,0.572520911693573,0.7178257703781128
21e2aea535.jpg,0.060912445187568665,0.38604438304901123,0.2709876000881195,0.8046438097953796
21e5c1891c.jpg,0.03543788939714432,0.42049795389175415,0.33175724744796753,0.8076851963996887
21e7463544.jpg,0.06095196306705475,0.38640934228897095,0.26733890175819397,0.7337220907211304
21fe71a93b.jpg,0.060767024755477905,0.517636239528656,0.31503888964653015,0.6852439641952515
2236c207aa.jpg,0.037855252623558044,0.3958390951156616,0.20464080572128296,0.6435061097145081
223c77d56f.jpg,0.05583446845412254,0.26632657647132874,0.1923692375421524,0.6796026229858398
2246ed23dc.jpg,0.052322857081890106,0.48534712195396423,0.22221523523330688,0.5835633277893066
2257860322.jpg,0.07048402726650238,0.4467112421989441,0.38588476181030273,0.6389644145965576
22661d9ec0.jpg,0.04615245759487152,0.43607765436172485,0.31862330436706543,0.622899055480957
2286c7067e.jpg,0.04043203592300415,0.470611572265625,0.3164125084877014,0.7511563301086426
228a291710.jpg,0.03595028817653656,0.47075971961021423,0.1964028775691986,0.7254774570465088
228c986820.jpg,0.0906178206205368,0.4105435907840729,0.37631532549858093,0.721795916557312
228d0b850f.jpg,0.05761070176959038,0.30586981773376465,0.29883524775505066,0.825002908706665
2292200c80.jpg,0.06656596064567566,0.3635978102684021,0.3520389497280121,0.8507190942764282
229221319f.jpg,0.03476685285568237,0.4338473379611969,0.22710826992988586,0.5691840052604675
229eca589c.jpg,0.05837434157729149,0.4802425801753998,0.30070292949676514,0.7567512392997742
22b213f1e5.jpg,0.05428395792841911,0.506894052028656,0.45038703083992004,0.741973876953125
22b305f62e.jpg,0.06285255402326584,0.457841694355011,0.2886260449886322,0.563166081905365
22b389e1fd.jpg,0.03968055546283722,0.36199718713760376,0.2880871891975403,0.8070898652076721
22b5b48553.jpg,0.05952201411128044,0.35010501742362976,0.30519184470176697,0.8635704517364502
22bfe6445a.jpg,0.047552041709423065,0.40804141759872437,0.23068824410438538,0.713657021522522
22c2ebefea.jpg,0.037018071860075,0.3974023461341858,0.20614279806613922,0.7082526087760925
22c5bb63ac.jpg,0.03232574462890625,0.33657434582710266,0.1807798594236374,0.5696219205856323
22cd40eed2.jpg,0.05033963918685913,0.3941454291343689,0.23919908702373505,0.7026902437210083
22ce24836f.jpg,0.06691874563694,0.46340715885162354,0.4543040990829468,0.6996523141860962
22d49f3bb9.jpg,0.037486568093299866,0.5398520827293396,0.32831576466560364,0.49276846647262573
22e1784ae5.jpg,0.06739971041679382,0.31936153769493103,0.4241586923599243,0.8244837522506714
22fc4c2e5b.jpg,0.04463745281100273,0.3751879334449768,0.20884773135185242,0.7806400656700134
2304539c3c.jpg,0.027279414236545563,0.6479499340057373,0.11795289814472198,0.7372108697891235
23060d93b3.jpg,0.044541411101818085,0.5179411172866821,0.3518117070198059,0.7283498644828796
2308cd7f79.jpg,0.07962048053741455,0.4015003740787506,0.324582040309906,0.7491027116775513
230ce6af39.jpg,0.04133908078074455,0.477411150932312,0.3077529966831207,0.7566716074943542
2318dd451a.jpg,0.04575876146554947,0.35506612062454224,0.3352389931678772,0.7885240316390991
23296f234d.jpg,0.08640949428081512,0.47505640983581543,0.34880679845809937,0.6432058811187744
2339fbceb2.jpg,0.1283918023109436,0.448406845331192,0.6137779951095581,0.8182886242866516
2351d0e36d.jpg,0.03586166724562645,0.5936044454574585,0.3704066574573517,0.7264981269836426
23568b7cf6.jpg,0.04423382505774498,0.4875916838645935,0.25805366039276123,0.5049725770950317
235a2feea2.jpg,0.042551711201667786,0.6122041940689087,0.21945816278457642,0.5692912340164185
235f2c8d2d.jpg,0.06946183741092682,0.3758028745651245,0.3244702219963074,0.7180315852165222
236e24292a.jpg,0.08833145350217819,0.3300422132015228,0.3180265426635742,0.7248860597610474
2372845016.jpg,0.0597708635032177,0.491754949092865,0.254952073097229,0.7045108079910278
2379cb1f27.jpg,0.04951302334666252,0.6152034997940063,0.26087674498558044,0.5139137506484985
238bd94fcb.jpg,0.06351032853126526,0.3490915298461914,0.543329119682312,0.7369948625564575
2398192c56.jpg,0.047636520117521286,0.4845297336578369,0.2455800622701645,0.7508217096328735
23a2a896cb.jpg,0.07078465074300766,0.5047922134399414,0.3607264459133148,0.7905885577201843
23b1669fc4.jpg,0.08106490969657898,0.4331114590167999,0.46474725008010864,0.8703161478042603
23be955aa3.jpg,0.041882820427417755,0.4462926387786865,0.29464882612228394,0.7576254606246948
23d0cd1621.jpg,0.0356287844479084,0.4634324312210083,0.17850497364997864,0.7762219905853271
23e044ebbf.jpg,0.03909583389759064,0.375316858291626,0.1854718178510666,0.7920562028884888
23e490fde6.jpg,0.030715337023139,0.519972562789917,0.2046699821949005,0.7288194894790649
23edb57cff.jpg,0.0964404046535492,0.34198349714279175,0.3870425224304199,0.7985550761222839
23ee3c5507.jpg,0.035794444382190704,0.37729325890541077,0.17963331937789917,0.5887613892555237
23f7a22314.jpg,0.06117267534136772,0.46379661560058594,0.31040874123573303,0.7895874977111816
23fb1a1690.jpg,0.06811122596263885,0.297457218170166,0.299561083316803,0.749427080154419
23fb2c15d2.jpg,0.08908343315124512,0.3412282466888428,0.3302275836467743,0.797298789024353
2403efbfd3.jpg,0.05247550457715988,0.4028399586677551,0.2763413190841675,0.7851527333259583
240a7c491a.jpg,0.03116658329963684,0.5349605679512024,0.1806226372718811,0.746830403804779
2410f7ebd1.jpg,0.0399494394659996,0.6104885935783386,0.20852094888687134,0.5906735062599182
24166036c4.jpg,0.08957646787166595,0.4549124836921692,0.40894442796707153,0.6837952136993408
241d87414d.jpg,0.044399693608284,0.32302126288414,0.3018747568130493,0.757149338722229
2421fde7b1.jpg,0.11059872806072235,0.4730370342731476,0.7072925567626953,0.8402302265167236
243ef6c04e.jpg,0.03885047882795334,0.29996711015701294,0.33798015117645264,0.8534451723098755
244182635e.jpg,0.048643194139003754,0.3303195834159851,0.15634526312351227,0.7191522121429443
244cb6321d.jpg,0.04245505854487419,0.43623268604278564,0.2510148286819458,0.8167643547058105
2469dbd507.jpg,0.045316778123378754,0.40028542280197144,0.3110825717449188,0.6892593502998352
2476944f5c.jpg,0.057331766933202744,0.3979693055152893,0.31179097294807434,0.8114774227142334
247d71f468.jpg,0.054071806371212006,0.29871803522109985,0.23944640159606934,0.6723084449768066
2489d5208e.jpg,0.04563496634364128,0.4911152422428131,0.3105831742286682,0.6677946448326111
248e98e6e5.jpg,0.033398594707250595,0.57439124584198,0.18646585941314697,0.7188628911972046
24997d2394.jpg,0.12916722893714905,0.5289386510848999,0.3082435727119446,0.5485761761665344
249c6f2b02.jpg,0.08133585751056671,0.48123788833618164,0.47311797738075256,0.717693030834198
24ad0a8279.jpg,0.03315764293074608,0.41007891297340393,0.20786097645759583,0.7386065721511841
24af325930.jpg,0.026775550097227097,0.48015454411506653,0.198881596326828,0.7602977156639099
24af541789.jpg,0.036304771900177,0.3477337956428528,0.2532781660556793,0.7022376656532288
24b21b5261.jpg,0.056641653180122375,0.7060976028442383,0.32605499029159546,0.6200488805770874
24b535812d.jpg,0.02948722057044506,0.37493374943733215,0.18539530038833618,0.7835026979446411
24b54b150b.jpg,0.07390891760587692,0.3999837338924408,0.5091211199760437,0.604374349117279
24c4ed86a3.jpg,0.06630019843578339,0.30380257964134216,0.3837895393371582,0.6916629076004028
24c5780a0c.jpg,0.06056159362196922,0.4269235134124756,0.2103290557861328,0.6623358130455017
24d819c261.jpg,0.056508343666791916,0.47736403346061707,0.4508354365825653,0.7109236717224121
24e8e3b180.jpg,0.05965949222445488,0.551837682723999,0.36412912607192993,0.7470090389251709
25082e762f.jpg,0.048758044838905334,0.42492467164993286,0.19157235324382782,0.668843150138855
250bd36c8c.jpg,0.0642150342464447,0.31715813279151917,0.2851422429084778,0.8267998099327087
252bc3a3ab.jpg,0.06472878903150558,0.4208207428455353,0.36834362149238586,0.6752797365188599
252f6d69ce.jpg,0.05420685559511185,0.36310046911239624,0.25474536418914795,0.7494875192642212
25315f09a6.jpg,0.0440542958676815,0.31616437435150146,0.24280886352062225,0.5810326337814331
253340547f.jpg,0.04373488575220108,0.5338113307952881,0.37552377581596375,0.6941723823547363
25346ff439.jpg,0.05461255833506584,0.27209120988845825,0.23411697149276733,0.8182446360588074
25462592ac.jpg,0.06213010847568512,0.2686212658882141,0.29442253708839417,0.835077166557312
2552f6c0e4.jpg,0.04301489517092705,0.2629452049732208,0.24154619872570038,0.8136259317398071
256f038a42.jpg,0.05430973693728447,0.3841809034347534,0.28436487913131714,0.6871614456176758
258083f3e8.jpg,0.03750275447964668,0.8217719197273254,0.29260319471359253,0.5826075077056885
2581451ca9.jpg,0.06017450615763664,0.6222395300865173,0.3299516439437866,0.6155206561088562
259e4070d5.jpg,0.059477292001247406,0.47655946016311646,0.3141400218009949,0.7293123006820679
25a9b86180.jpg,0.039345309138298035,0.34745553135871887,0.19900017976760864,0.7217403650283813
25b6be053f.jpg,0.0410783626139164,0.32393214106559753,0.2146431803703308,0.7163615822792053
25c04fbf2f.jpg,0.055595364421606064,0.4659903645515442,0.3172728419303894,0.7184457778930664
25c2b346fe.jpg,0.040260642766952515,0.383992463350296,0.26916685700416565,0.7110643982887268
25c46710fc.jpg,0.051702044904232025,0.35040825605392456,0.3165813982486725,0.7597846984863281
25c827dc83.jpg,0.055123940110206604,0.49472248554229736,0.3524531424045563,0.7496656179428101
25cb295b1f.jpg,0.044905513525009155,0.3009738326072693,0.18333987891674042,0.671977162361145
25d70dd7b1.jpg,0.06024432182312012,0.46613216400146484,0.41432464122772217,0.6601349711418152
25df1df7d9.jpg,0.04582316800951958,0.4890363812446594,0.30905914306640625,0.6478104591369629
25e705548a.jpg,0.06096936762332916,0.389859676361084,0.3747994899749756,0.7637262344360352
25eba9fa76.jpg,0.04159710183739662,0.5718380808830261,0.1839621216058731,0.7333333492279053
25f8328a2f.jpg,0.03685633838176727,0.5433319807052612,0.21888548135757446,0.6679077744483948
2602597bb0.jpg,0.04892272874712944,0.42696166038513184,0.33088335394859314,0.6690002083778381
2605924561.jpg,0.03772372007369995,0.4154895842075348,0.19287602603435516,0.7413054704666138
2606c25ce3.jpg,0.07476961612701416,0.4715806245803833,0.4067903161048889,0.7592751979827881
260d6a5c37.jpg,0.03364495933055878,0.37225982546806335,0.22519853711128235,0.7814456224441528
26182c3d72.jpg,0.05707664042711258,0.266065388917923,0.2526218295097351,0.8339799046516418
2621968d1b.jpg,0.04515918344259262,0.5073795318603516,0.17893069982528687,0.7433499097824097
2629524a69.jpg,0.08051854372024536,0.21628710627555847,0.24748831987380981,0.807127833366394
26296bb84f.jpg,0.08111833035945892,0.4683683514595032,0.3455386459827423,0.8048558831214905
2641b8175f.jpg,0.040081121027469635,0.3740157186985016,0.22956369817256927,0.8305743932723999
26494a01e1.jpg,0.05241704732179642,0.41389286518096924,0.3599027693271637,0.8802238702774048
26582fc5a8.jpg,0.05268101021647453,0.43231770396232605,0.36085739731788635,0.6731805801391602
265f7accbd.jpg,0.06353722512722015,0.4740901589393616,0.37208274006843567,0.5940439701080322
26722e2880.jpg,0.055334724485874176,0.3492356538772583,0.2771342992782593,0.6830247044563293
26863f0716.jpg,0.06153160333633423,0.3719633221626282,0.24884653091430664,0.5808448195457458
2688ed2270.jpg,0.07339352369308472,0.39961618185043335,0.4015699028968811,0.8087441921234131
26892fcc02.jpg,0.044337593019008636,0.38030514121055603,0.1989688128232956,0.769167959690094
268b959d88.jpg,0.05069499462842941,0.3868788480758667,0.2710883617401123,0.7743092775344849
26916da7ff.jpg,0.067158542573452,0.3426486849784851,0.43918490409851074,0.6444045305252075
2698bac269.jpg,0.05751679837703705,0.4207962155342102,0.23185139894485474,0.7928227782249451
269b1b5690.jpg,0.07557538151741028,0.42681097984313965,0.477652907371521,0.753998339176178
26aaf299c0.jpg,0.07771894335746765,0.31112828850746155,0.24223856627941132,0.8476366400718689
26b9449f10.jpg,0.03995031863451004,0.402713418006897,0.18551784753799438,0.6512157320976257
26bbb89fd6.jpg,0.044950030744075775,0.4932361841201782,0.2045033574104309,0.5888787508010864
26c4de1515.jpg,0.04353649169206619,0.36998796463012695,0.22979363799095154,0.6155619025230408
26cd0ec0e4.jpg,0.04020330309867859,0.44688326120376587,0.33228740096092224,0.8147199749946594
26ce42c083.jpg,0.05909008905291557,0.4197055399417877,0.27857717871665955,0.6884284019470215
26d40b7147.jpg,0.04596377909183502,0.3935936689376831,0.26727619767189026,0.7068346738815308
26d474464f.jpg,0.08694106340408325,0.4165884852409363,0.24936258792877197,0.7031915783882141
26d4ecb9fd.jpg,0.035151056945323944,0.36713433265686035,0.2722228765487671,0.8185608386993408
26d73ccce4.jpg,0.053933557122945786,0.39335525035858154,0.3835300803184509,0.8130831122398376
26da6b82c6.jpg,0.05716240033507347,0.49322745203971863,0.3212146759033203,0.6865302920341492
26db4dcdea.jpg,0.051125913858413696,0.3881196975708008,0.34566450119018555,0.8503074645996094
26fe13cbea.jpg,0.06928088515996933,0.42839282751083374,0.46801596879959106,0.8014891147613525
2706749d66.jpg,0.0539286807179451,0.3063153624534607,0.2260569930076599,0.7807502746582031
270687abc3.jpg,0.06497178971767426,0.3831089735031128,0.38154903054237366,0.6425219774246216
270a7544e5.jpg,0.028023317456245422,0.5132350921630859,0.34995368123054504,0.8343050479888916
270f62c6e8.jpg,0.04667291045188904,0.527868390083313,0.22578266263008118,0.6963270902633667
27159e6719.jpg,0.04065938666462898,0.3825485408306122,0.16655753552913666,0.754122793674469
271ec1348b.jpg,0.05535588786005974,0.339016318321228,0.22785884141921997,0.7785242795944214
2727db154e.jpg,0.028357598930597305,0.47791820764541626,0.23709282279014587,0.8008968234062195
2734c9504b.jpg,0.06522049009799957,0.41938620805740356,0.2676590383052826,0.7688720226287842
274ba0c4a2.jpg,0.05699460953474045,0.44693654775619507,0.25291159749031067,0.7139343023300171
274cf83fa6.jpg,0.0348680354654789,0.43837878108024597,0.22862741351127625,0.7308559417724609
27534f0e65.jpg,0.04949527233839035,0.37345582246780396,0.21134136617183685,0.6662743091583252
27645084b6.jpg,0.06662808358669281,0.3733028471469879,0.2848026156425476,0.7547803521156311
276543fbf7.jpg,0.041409365832805634,0.5805225372314453,0.26032790541648865,0.5942303538322449
276c73bead.jpg,0.04766332358121872,0.2813851833343506,0.3353385925292969,0.8326501846313477
276ee4b14f.jpg,0.057434603571891785,0.4333435893058777,0.35782569646835327,0.6662206053733826
2775af1bba.jpg,0.06361531466245651,0.5067519545555115,0.2680235803127289,0.8020238280296326
27777862fd.jpg,0.06606610119342804,0.5680769681930542,0.34822773933410645,0.66727215051651
2779835a1b.jpg,0.08719601482152939,0.47957730293273926,0.6000245809555054,0.7147770524024963
277c068c4e.jpg,0.053418632596731186,0.4075532853603363,0.26692819595336914,0.720428466796875
277d120bb4.jpg,0.02516135945916176,0.5387826561927795,0.15191830694675446,0.6730858087539673
2782335eef.jpg,0.04728492349386215,0.48559823632240295,0.2641312777996063,0.6089022159576416
2784e8f91d.jpg,0.06401067972183228,0.3547569811344147,0.3045647442340851,0.7598330974578857
2791df1515.jpg,0.042274173349142075,0.6490334868431091,0.20036932826042175,0.4992906451225281
279eb2037c.jpg,0.07797444611787796,0.27758923172950745,0.3243275284767151,0.8264369964599609
27a36df1f6.jpg,0.05922875925898552,0.3618479073047638,0.2593485116958618,0.8128604292869568
27b2a0c66f.jpg,0.052827365696430206,0.44186916947364807,0.28318995237350464,0.7902432680130005
27b87e7785.jpg,0.05209723114967346,0.29947933554649353,0.28401821851730347,0.8926665186882019
27bc5c6810.jpg,0.046813081949949265,0.39174893498420715,0.22785378992557526,0.7497621774673462
27c273f5ac.jpg,0.0530354343354702,0.5294070839881897,0.2532762289047241,0.7536073327064514
27c67103f0.jpg,0.0484660379588604,0.5246758460998535,0.24677908420562744,0.6920521259307861
27d994ba96.jpg,0.029575122520327568,0.3906666934490204,0.17866265773773193,0.7741405367851257
27de05d60a.jpg,0.06037852168083191,0.524053156375885,0.5480589866638184,0.7857517004013062
27e341bcc2.jpg,0.0323740690946579,0.36447426676750183,0.24826666712760925,0.7380477786064148
27ea6d9992.jpg,0.06530173122882843,0.7098122239112854,0.3582102060317993,0.6367243528366089
27ebfe0db6.jpg,0.040231503546237946,0.4987401068210602,0.28533801436424255,0.7253142595291138
27f3a34b1d.jpg,0.042054738849401474,0.524588406085968,0.3206343650817871,0.6236568093299866
27f4d80142.jpg,0.05973061919212341,0.42267563939094543,0.20939306914806366,0.6999344825744629
27fa99ac5c.jpg,0.042857758700847626,0.5557981729507446,0.28065305948257446,0.6222637891769409
2806a9db15.jpg,0.06359553337097168,0.4648008942604065,0.40144234895706177,0.8331903219223022
281356f565.jpg,0.06452729552984238,0.3910638689994812,0.40083643794059753,0.7970374226570129
2815c0ad33.jpg,0.06466533988714218,0.37667179107666016,0.3600735664367676,0.7625914812088013
281b790739.jpg,0.04291154071688652,0.35154101252555847,0.22189117968082428,0.6920570135116577
283a083739.jpg,0.038016170263290405,0.4799130856990814,0.28316056728363037,0.7070976495742798
28430b5602.jpg,0.061277784407138824,0.29576390981674194,0.22998447716236115,0.7028276324272156
2843919992.jpg,0.06700041890144348,0.3393210768699646,0.2581384778022766,0.7782822251319885
285449b06a.jpg,0.06028006598353386,0.316627562046051,0.285478413105011,0.8238805532455444
2854ebb127.jpg,0.045074742287397385,0.36531054973602295,0.31050947308540344,0.8557472229003906
28611884d0.jpg,0.03417838364839554,0.5321272611618042,0.19908161461353302,0.7069111466407776
2861f74357.jpg,0.060656141489744186,0.4391957223415375,0.5322950482368469,0.816250205039978
2867b3bef0.jpg,0.057097211480140686,0.2731320559978485,0.26268354058265686,0.8502252697944641
286c5026ff.jpg,0.05898949131369591,0.5447336435317993,0.3315541744232178,0.7330422401428223
2879b6b734.jpg,0.04416533559560776,0.43388399481773376,0.2766886055469513,0.7631101608276367
2881c907bb.jpg,0.04612360894680023,0.5669573545455933,0.3537943363189697,0.7057348489761353
2885431ef9.jpg,0.04187176749110222,0.2995601296424866,0.1943807452917099,0.8256133794784546
288c92df0c.jpg,0.04821957275271416,0.4257808029651642,0.1582268923521042,0.640288233757019
288d596137.jpg,0.05344526097178459,0.5126606225967407,0.31242457032203674,0.6370658874511719
289a8f7970.jpg,0.03971987962722778,0.3315103054046631,0.2782878279685974,0.7176917791366577
28a626558d.jpg,0.07285359501838684,0.3872953951358795,0.49224787950515747,0.7359747290611267
28a7737b48.jpg,0.03811221942305565,0.37414348125457764,0.24178075790405273,0.7600172758102417
28aab35051.jpg,0.031268659979104996,0.44815221428871155,0.2609789967536926,0.8523756861686707
28aacb7e4e.jpg,0.059041827917099,0.3644651174545288,0.403222918510437,0.7459534406661987
28aec8dbd4.jpg,0.05685253068804741,0.5405886173248291,0.4567908048629761,0.7057288885116577
28b05820b1.jpg,0.050939857959747314,0.420174241065979,0.2533698081970215,0.6887435913085938
28b57f757f.jpg,0.030173975974321365,0.5032477378845215,0.15051627159118652,0.6827294826507568
28be9a8202.jpg,0.05103692412376404,0.481441468000412,0.2848702073097229,0.728905439376831
28cf136409.jpg,0.052958663552999496,0.3428112864494324,0.3346192538738251,0.7387905120849609
28e1c7681e.jpg,0.05710999295115471,0.35284513235092163,0.186548113822937,0.7623479962348938
28e27595dc.jpg,0.05956525355577469,0.5062780976295471,0.215055912733078,0.5578075647354126
28e7b09f15.jpg,0.04231966659426689,0.4841144382953644,0.23856738209724426,0.7251384854316711
28f3814945.jpg,0.03910575062036514,0.5323924422264099,0.36689871549606323,0.7048463821411133
28f9f1a13f.jpg,0.055080872029066086,0.43312567472457886,0.3677334189414978,0.6582633852958679
28fbbb8f15.jpg,0.06534998118877411,0.4199305772781372,0.27177566289901733,0.675379753112793
28fd6bf605.jpg,0.0749233290553093,0.46737974882125854,0.4265472888946533,0.8266690373420715
28ffa0bd39.jpg,0.049620091915130615,0.3889249265193939,0.20245493948459625,0.6112779974937439
290560fba4.jpg,0.04162779077887535,0.34685367345809937,0.14072024822235107,0.7434377670288086
290dd4249d.jpg,0.045920439064502716,0.30915263295173645,0.172954261302948,0.8120745420455933
291146558e.jpg,0.031856149435043335,0.5922420024871826,0.256369948387146,0.633660614490509
292945e24e.jpg,0.04734797403216362,0.5331243872642517,0.3359776735305786,0.6743869185447693
293b00c315.jpg,0.04945123940706253,0.42822811007499695,0.26371413469314575,0.7045979499816895
293dadb732.jpg,0.039462849497795105,0.41556409001350403,0.26730817556381226,0.8000864386558533
2951fe2fe1.jpg,0.05240988731384277,0.4261126220226288,0.4025004208087921,0.8165373802185059
2959168184.jpg,0.047064028680324554,0.4576035141944885,0.2907578945159912,0.5806987881660461
295b938a05.jpg,0.04142610356211662,0.580342173576355,0.36481696367263794,0.7320445775985718
2960920920.jpg,0.04064571484923363,0.7048055529594421,0.3219752311706543,0.5118372440338135
296b177cad.jpg,0.06966295838356018,0.5522411465644836,0.4763283133506775,0.7134460210800171
296b8c38bf.jpg,0.05417653173208237,0.3144335150718689,0.29025352001190186,0.8221379518508911
2971c7ed92.jpg,0.04142819344997406,0.35064518451690674,0.3191034197807312,0.8194437623023987
297f3a075f.jpg,0.06866058707237244,0.3984088599681854,0.3042348027229309,0.7498731017112732
29864d1221.jpg,0.0659569725394249,0.41178733110427856,0.4147261381149292,0.7270017862319946
29906262a0.jpg,0.051882438361644745,0.4658834636211395,0.37523096799850464,0.8088641166687012
299495fe20.jpg,0.045277804136276245,0.5564429759979248,0.25556501746177673,0.6175351142883301
29a0754ddd.jpg,0.055313628166913986,0.40135496854782104,0.26366931200027466,0.746414303779602
29aacba212.jpg,0.04515022039413452,0.45549675822257996,0.18279819190502167,0.6668592691421509
29afd0e0cb.jpg,0.04199161380529404,0.4596659541130066,0.32731103897094727,0.5827407836914062
29b165f427.jpg,0.04798699542880058,0.4948195219039917,0.31074798107147217,0.6777852177619934
29c0dfdae4.jpg,0.06542211771011353,0.4060726761817932,0.33558398485183716,0.8079618811607361
29c34c1abd.jpg,0.07175974547863007,0.23815135657787323,0.1704363077878952,0.862271249294281
29d0386f3e.jpg,0.05543764680624008,0.2694529891014099,0.21755237877368927,0.8768633008003235
29d335a6a9.jpg,0.05790618062019348,0.3526701331138611,0.24561364948749542,0.708106279373169
29d58214f1.jpg,0.03848731517791748,0.49969443678855896,0.28024420142173767,0.6628071069717407
29d8295ed2.jpg,0.045457419008016586,0.48399579524993896,0.3148866295814514,0.6635698676109314
29e01f8909.jpg,0.040359511971473694,0.5170334577560425,0.2892588675022125,0.7168716192245483
29e7039a4d.jpg,0.05519317835569382,0.32291924953460693,0.27700698375701904,0.7368094325065613
29eba6fe01.jpg,0.05285736173391342,0.3942742943763733,0.3105907440185547,0.7765740752220154
29eefa93e2.jpg,0.048281967639923096,0.34349578619003296,0.21347156167030334,0.7163380980491638
29f28ef872.jpg,0.03983664512634277,0.6787376403808594,0.16307395696640015,0.6689959764480591
29fe34f752.jpg,0.05857560783624649,0.6556740403175354,0.34879013895988464,0.5643834471702576
29ff35dc7b.jpg,0.035424038767814636,0.5753584504127502,0.3621707260608673,0.6888253688812256
2a0382cf4c.jpg,0.05363953113555908,0.4839227497577667,0.25781387090682983,0.7797345519065857
2a114c7c94.jpg,0.04556622356176376,0.6227377653121948,0.2793627083301544,0.5290724039077759
2a13df2bc3.jpg,0.04685266315937042,0.7032834887504578,0.3149791359901428,0.5236425399780273
2a14b928c4.jpg,0.0376882329583168,0.6552273631095886,0.21196208894252777,0.5999304056167603
2a18193d91.jpg,0.03530092537403107,0.3311529755592346,0.22343285381793976,0.8424863815307617
2a199d45e5.jpg,0.057719629257917404,0.3787860870361328,0.30291587114334106,0.7886059284210205
2a26f69715.jpg,0.04801682382822037,0.40433940291404724,0.27984049916267395,0.7406660318374634
2a3cd42798.jpg,0.07781367003917694,0.46300211548805237,0.43900468945503235,0.7986177206039429
2a4211a6e4.jpg,0.04781427979469299,0.5992553234100342,0.15762703120708466,0.6785160303115845
2a4988e4a7.jpg,0.05487804114818573,0.38366830348968506,0.3691524565219879,0.8513034582138062
2a4a9d54a7.jpg,0.07190047949552536,0.365085631608963,0.34354686737060547,0.8188008069992065
2a4edec63e.jpg,0.049992602318525314,0.3710467219352722,0.33248841762542725,0.7591060400009155
2a503386a2.jpg,0.06180175393819809,0.28289300203323364,0.30509424209594727,0.8716554045677185
2a606d05d8.jpg,0.03763296455144882,0.459773987531662,0.2039729654788971,0.6912481784820557
2a6805c1a9.jpg,0.06356349587440491,0.41022050380706787,0.31420841813087463,0.8318661451339722
2a791629c4.jpg,0.0677243024110794,0.4426768720149994,0.2920650541782379,0.6900337934494019
2a87a4fbee.jpg,0.04366738349199295,0.3894282579421997,0.21798452734947205,0.6653080582618713
2a89dc7912.jpg,0.05412479490041733,0.4552640914916992,0.3462231159210205,0.5164124965667725
2aa39bfaca.jpg,0.04509367793798447,0.28750649094581604,0.19875586032867432,0.6891384720802307
2acc30abbe.jpg,0.08662179112434387,0.40433865785598755,0.37747812271118164,0.7026613354682922
2ae4a137a6.jpg,0.051964692771434784,0.4132838249206543,0.28897613286972046,0.7846328020095825
2af9ea0c85.jpg,0.0462818443775177,0.42691153287887573,0.2724306881427765,0.7541055679321289
2b057c1cb8.jpg,0.060086607933044434,0.5113778710365295,0.2907450497150421,0.7526180744171143
2b086b077f.jpg,0.04065478965640068,0.5215662121772766,0.23594817519187927,0.6035994291305542
2b0beb1f37.jpg,0.034247372299432755,0.41561320424079895,0.23532338440418243,0.5968179702758789
2b0c82824b.jpg,0.04024805128574371,0.29355818033218384,0.1896887570619583,0.7972654104232788
2b1102f3b4.jpg,0.05717993900179863,0.4438522160053253,0.3463311493396759,0.7027041912078857
2b19987d57.jpg,0.04037371650338173,0.4502409100532532,0.27275678515434265,0.7546662092208862
2b19a7b5d3.jpg,0.0316455215215683,0.5574972629547119,0.236933171749115,0.74004065990448
2b222ce74d.jpg,0.06380809843540192,0.36370232701301575,0.4043446183204651,0.7557388544082642
2b22c8b439.jpg,0.04392046853899956,0.45907723903656006,0.25026822090148926,0.604600191116333
2b2486be40.jpg,0.05042131245136261,0.37927567958831787,0.2372107207775116,0.8505219221115112
2b28a6f69a.jpg,0.04877602308988571,0.38310331106185913,0.2657550573348999,0.757663369178772
2b2ae4cd5f.jpg,0.038968365639448166,0.30874672532081604,0.183304563164711,0.8850731253623962
2b2b63d51c.jpg,0.05986315757036209,0.2720792889595032,0.3171394169330597,0.8653686046600342
2b2efc29c6.jpg,0.0459701344370842,0.45384421944618225,0.26178300380706787,0.7162951231002808
2b3a026f51.jpg,0.0552646741271019,0.6406509876251221,0.2612268328666687,0.5917792320251465
2b516f78d1.jpg,0.05667998641729355,0.3563147783279419,0.2975098788738251,0.6361459493637085
2b62ea6ed1.jpg,0.0593707375228405,0.3916333317756653,0.3733406960964203,0.74937903881073
2b68e09fa5.jpg,0.05341245234012604,0.3625367283821106,0.28142285346984863,0.7168779373168945
2b6cd9bbf2.jpg,0.04390891641378403,0.7338681817054749,0.2697073817253113,0.5480766296386719
2b7402e62d.jpg,0.03348072990775108,0.6746102571487427,0.2331593930721283,0.7446731328964233
2b83d60844.jpg,0.04747329652309418,0.6384511590003967,0.31711745262145996,0.6412987112998962
2b977b06b6.jpg,0.04460045322775841,0.5273908376693726,0.28415995836257935,0.7501382827758789
2ba042499d.jpg,0.02949902042746544,0.5666189789772034,0.22833430767059326,0.7244002819061279
2ba2325c69.jpg,0.04619762301445007,0.4484710395336151,0.28733158111572266,0.6174665689468384
2bb040da92.jpg,0.040081121027469635,0.3740157186985016,0.22956369817256927,0.8305743932723999
2bb16be25b.jpg,0.04988139495253563,0.5729640126228333,0.30239492654800415,0.6258322596549988
2bb4efac43.jpg,0.10955484211444855,0.37086477875709534,0.41618508100509644,0.8643443584442139
2bba709f10.jpg,0.03947409242391586,0.45627838373184204,0.21218156814575195,0.7974843978881836
2bd4e078d7.jpg,0.03983817622065544,0.5036402940750122,0.30744996666908264,0.526019811630249
2be00d7888.jpg,0.048660315573215485,0.4315638542175293,0.25880664587020874,0.7315897941589355
2be5e776d7.jpg,0.05604947730898857,0.45292121171951294,0.3998897671699524,0.635298490524292
2c0394a36e.jpg,0.027574609965085983,0.7244869470596313,0.17162877321243286,0.5950310826301575
2c060d43db.jpg,0.024575522169470787,0.5665916204452515,0.19827573001384735,0.5824065208435059
2c0a22b1bd.jpg,0.03233008831739426,0.5172576308250427,0.1633085161447525,0.6994016170501709
2c1f8326a4.jpg,0.047326549887657166,0.5958077907562256,0.2535998821258545,0.6055310964584351
2c28975fee.jpg,0.06712622940540314,0.5138341188430786,0.2208128273487091,0.6800715327262878
2c2e9d9c74.jpg,0.061918437480926514,0.3016200363636017,0.3188987374305725,0.7908003926277161
2c525980b1.jpg,0.054569944739341736,0.2575933039188385,0.2475205361843109,0.8699979782104492
2c5cd7dde6.jpg,0.04011622443795204,0.5051722526550293,0.25275981426239014,0.7819555997848511
2c5deec20d.jpg,0.036514170467853546,0.5467495918273926,0.22664257884025574,0.5970044732093811
2c64a2295e.jpg,0.04240003228187561,0.36843857169151306,0.24841417372226715,0.7716778516769409
2c7f80aab7.jpg,0.045644696801900864,0.5591623783111572,0.22728624939918518,0.6949280500411987
2c84e8d012.jpg,0.050021953880786896,0.48618143796920776,0.2346450388431549,0.7259941101074219
2c8672a913.jpg,0.049762897193431854,0.4629403352737427,0.20970216393470764,0.6484407186508179
2c885d1c89.jpg,0.04919940233230591,0.597946047782898,0.2612597942352295,0.6503598093986511
2c982c58a5.jpg,0.047019898891448975,0.35714393854141235,0.15696550905704498,0.7576139569282532
2ca2d1287f.jpg,0.04436216875910759,0.3746606111526489,0.2903890311717987,0.8136097192764282
2ca79c8d4a.jpg,0.04241689294576645,0.3998819589614868,0.3871598541736603,0.765475332736969
2ca8ab24ef.jpg,0.07475363463163376,0.4892932176589966,0.3863827884197235,0.7600398063659668
2cbb870493.jpg,0.06124456971883774,0.3391365110874176,0.26266613602638245,0.8199607133865356
2cc7029c30.jpg,0.040332041680812836,0.47217631340026855,0.21908774971961975,0.750118613243103
2cd1818a6f.jpg,0.043005578219890594,0.4717126190662384,0.33071064949035645,0.8140235543251038
2cd4ca4ff7.jpg,0.03941551595926285,0.4309777319431305,0.22231630980968475,0.7659803628921509
2cdbb209dd.jpg,0.0500825010240078,0.5440941452980042,0.22875261306762695,0.5834099054336548
2ce0a774cc.jpg,0.06482039391994476,0.5820707082748413,0.4399295747280121,0.5222092866897583
2ce4fe7434.jpg,0.063021719455719,0.43468382954597473,0.3600956201553345,0.6283822059631348
2ce941f6ea.jpg,0.04439602419734001,0.29665863513946533,0.18244396150112152,0.7590111494064331
2cf4cac9df.jpg,0.04297110065817833,0.4020521342754364,0.22666682302951813,0.8446841239929199
2cf4fcd902.jpg,0.042692117393016815,0.5279708504676819,0.2966500520706177,0.5162909030914307
2cf96e5d1d.jpg,0.05616787075996399,0.31947359442710876,0.29415521025657654,0.7807196378707886
2cfd8877ea.jpg,0.042642742395401,0.3781543970108032,0.38337817788124084,0.5393156409263611
2d0075fb17.jpg,0.04769968241453171,0.6319884061813354,0.22280296683311462,0.7336872220039368
2d16d2379d.jpg,0.037594012916088104,0.31524577736854553,0.21738964319229126,0.8128249049186707
2d1fc447a1.jpg,0.062122564762830734,0.4467255473136902,0.2799134850502014,0.591070294380188
2d21050a7e.jpg,0.027363192290067673,0.599869430065155,0.18066467344760895,0.6694108843803406
2d220cb18e.jpg,0.05876695737242699,0.4553988575935364,0.3083624243736267,0.6635502576828003
2d25168671.jpg,0.050379663705825806,0.4498758614063263,0.2937238812446594,0.7944545745849609
2d44d8ede7.jpg,0.059171002358198166,0.42400193214416504,0.40086954832077026,0.8390645980834961
2d48369700.jpg,0.05710887536406517,0.6899371147155762,0.2580564320087433,0.6342419981956482
2d4e2c6a70.jpg,0.0594404935836792,0.3890621066093445,0.35090160369873047,0.7167757749557495
2d4e5384ab.jpg,0.049480535089969635,0.4021468758583069,0.19520393013954163,0.8001266717910767
2d5082427e.jpg,0.05531654879450798,0.5008119344711304,0.3335009217262268,0.6914063692092896
2d5abca3d6.jpg,0.06724052131175995,0.41202694177627563,0.3601783215999603,0.7819123268127441
2d6265411d.jpg,0.0532287135720253,0.4189339280128479,0.264554500579834,0.7606459259986877
2d637a7346.jpg,0.056165020912885666,0.3915850520133972,0.19167663156986237,0.6102989912033081
2d7aba6183.jpg,0.05201944708824158,0.5245128273963928,0.32264307141304016,0.7432736754417419
2d7deb9968.jpg,0.08351274579763412,0.42676156759262085,0.4242343306541443,0.7116428017616272
2d903e93c5.jpg,0.032055363059043884,0.48812800645828247,0.19453848898410797,0.7180682420730591
2d95ae6eb2.jpg,0.03045494481921196,0.4276776909828186,0.23506787419319153,0.8034543991088867
2d9bfdb911.jpg,0.03605716675519943,0.5246440172195435,0.3261148929595947,0.6616265177726746
2da40e05e0.jpg,0.05496516078710556,0.4879778325557709,0.3328768014907837,0.6343403458595276
2da41f7e22.jpg,0.04598803073167801,0.26734352111816406,0.24595902860164642,0.8800846934318542
2dac7d65e9.jpg,0.059168048202991486,0.4023909866809845,0.3258686363697052,0.7667856216430664
2dacb0a259.jpg,0.06377379596233368,0.3956989347934723,0.289191871881485,0.7416836619377136
2daf4ce562.jpg,0.06415395438671112,0.33198314905166626,0.31338125467300415,0.7121411561965942
2db034b46c.jpg,0.04822694510221481,0.44749417901039124,0.3574751913547516,0.8060353398323059
2db14aa0ac.jpg,0.04434638470411301,0.45099347829818726,0.2697650194168091,0.6322891712188721
2db8fdcdb6.jpg,0.07705669105052948,0.48608577251434326,0.4923362135887146,0.6858357191085815
2dd1d30221.jpg,0.05241628736257553,0.28628256916999817,0.25130218267440796,0.8282095193862915
2dd4f95b88.jpg,0.07198785245418549,0.45822668075561523,0.40152400732040405,0.5954347848892212
2dd9275de3.jpg,0.047764282673597336,0.4164196252822876,0.367669939994812,0.8748148083686829
2ddc57dd19.jpg,0.03982814773917198,0.2954859435558319,0.1813487410545349,0.8036282062530518
2ddd51611c.jpg,0.038010820746421814,0.6278128027915955,0.28291910886764526,0.5664955973625183
2dec4e77ed.jpg,0.03562811017036438,0.40226638317108154,0.28272050619125366,0.8300644159317017
2dec9e5cf3.jpg,0.06987742334604263,0.3385215699672699,0.31426864862442017,0.902898371219635
2dfec6a775.jpg,0.04245308041572571,0.5437576770782471,0.2765676975250244,0.6785894632339478
2e00f465c3.jpg,0.042662493884563446,0.6482583284378052,0.2506714165210724,0.5622621774673462
2e09380c2a.jpg,0.06774573028087616,0.37633195519447327,0.4398176968097687,0.695009708404541
2e1753ba9b.jpg,0.09724807739257812,0.45971453189849854,0.5850232243537903,0.6694145798683167
2e1c6fc11b.jpg,0.056010834872722626,0.25714194774627686,0.24628031253814697,0.8282750844955444
2e2e206c28.jpg,0.05376780033111572,0.575447142124176,0.20230671763420105,0.7771517634391785
2e301d7558.jpg,0.04463283717632294,0.4702451229095459,0.1613391637802124,0.677024245262146
2e517b8314.jpg,0.04521854966878891,0.3624463677406311,0.2038610428571701,0.7146031856536865
2e5fbd7286.jpg,0.052209269255399704,0.3122161030769348,0.3271494209766388,0.7033029794692993
2e6ec4908b.jpg,0.055578023195266724,0.3582201302051544,0.3621174693107605,0.666624903678894
2e7742679f.jpg,0.0677456483244896,0.3786999583244324,0.3757137656211853,0.7793116569519043
2e78e51950.jpg,0.05492892861366272,0.2787097096443176,0.25923067331314087,0.7663671970367432
2e78e73bea.jpg,0.03313411399722099,0.5381484031677246,0.220089852809906,0.667113184928894
2e7bf7b6d7.jpg,0.04029858484864235,0.3797491788864136,0.2579984664916992,0.629348635673523
2e90f3f80e.jpg,0.06694547832012177,0.4651072025299072,0.3831072449684143,0.6335701942443848
2eaec67b91.jpg,0.037958867847919464,0.542045533657074,0.33162692189216614,0.6605478525161743
2ec41d4134.jpg,0.04900401085615158,0.4053996205329895,0.29854246973991394,0.7188464403152466
2ecf4e49d6.jpg,0.03941066563129425,0.5135205984115601,0.22210615873336792,0.675594687461853
2ee3c2e52e.jpg,0.041640132665634155,0.3858710527420044,0.27726903557777405,0.6636524200439453
2ee77c2635.jpg,0.04152916371822357,0.3537212014198303,0.23248806595802307,0.6932229399681091
2ef2770a26.jpg,0.07005402445793152,0.3980603814125061,0.5051615238189697,0.7555772066116333
2f109a6785.jpg,0.048618823289871216,0.3737584948539734,0.2736974358558655,0.6394067406654358
2f16239804.jpg,0.03989916294813156,0.368764728307724,0.2227451205253601,0.599175214767456
2f1aabf863.jpg,0.05289500951766968,0.440306156873703,0.531276524066925,0.7748897075653076
2f1cadb0b7.jpg,0.04158905893564224,0.5729667544364929,0.37996700406074524,0.6640002727508545
2f220b23a4.jpg,0.023161660879850388,0.6843057870864868,0.181183859705925,0.6095951795578003
2f23c7dfd2.jpg,0.04521728307008743,0.26114219427108765,0.28829875588417053,0.8296650648117065
2f33daf7c6.jpg,0.0642070323228836,0.46636518836021423,0.3178205192089081,0.668913722038269
2f5081e946.jpg,0.0741574689745903,0.3628520369529724,0.3835677206516266,0.8214521408081055
2f8ca8f7dd.jpg,0.08327364176511765,0.4535181224346161,0.3829424977302551,0.8643487691879272
2f9d43719d.jpg,0.05255649611353874,0.526057243347168,0.21085916459560394,0.7165654897689819
2f9dac2cfc.jpg,0.06295458972454071,0.5716161727905273,0.2023015320301056,0.5159587264060974
2fa3a1847b.jpg,0.04458882659673691,0.40602391958236694,0.3031635880470276,0.731404185295105
2fa51ca1fa.jpg,0.031329426914453506,0.3850339651107788,0.24853479862213135,0.6730380058288574
2fb1aee127.jpg,0.03959246724843979,0.45121973752975464,0.34999775886535645,0.6108731031417847
2fb56b3050.jpg,0.05596601217985153,0.2967764139175415,0.2478230893611908,0.8468285799026489
2fb9a62d4f.jpg,0.04262779280543327,0.3813694715499878,0.34460875391960144,0.7043757438659668
2fbd381154.jpg,0.02400689199566841,0.6857314109802246,0.22435268759727478,0.6221704483032227
2fcca3b171.jpg,0.041213952004909515,0.4043535888195038,0.2933638095855713,0.7421468496322632
2fd530981b.jpg,0.03765171766281128,0.323701411485672,0.18949396908283234,0.7410736083984375
2fde227d1f.jpg,0.04686534032225609,0.41717058420181274,0.24336153268814087,0.5893034934997559
2ffdb7bb25.jpg,0.05644096061587334,0.4844664931297302,0.4338320791721344,0.8209207653999329
2fffa9b80b.jpg,0.044593002647161484,0.41083085536956787,0.3640299439430237,0.6439774036407471
2ffff1f4b7.jpg,0.048417430371046066,0.4480624198913574,0.34888756275177,0.8151493072509766
300bfa61ee.jpg,0.02923869714140892,0.6283285021781921,0.20250307023525238,0.5897765159606934
300de48204.jpg,0.04409724473953247,0.4711764454841614,0.37031614780426025,0.7849435210227966
30126b0c64.jpg,0.048556845635175705,0.5626694560050964,0.23647813498973846,0.6158676147460938
3012de7eed.jpg,0.050329308956861496,0.4152041971683502,0.3347759544849396,0.8090918064117432
3016a28e9d.jpg,0.06240098923444748,0.48647207021713257,0.30306190252304077,0.6990879774093628
3023c7e91c.jpg,0.0701044350862503,0.35248005390167236,0.2836323380470276,0.7719601392745972
3036b97556.jpg,0.04015916958451271,0.40173134207725525,0.24913324415683746,0.7555365562438965
303b61552d.jpg,0.1073717474937439,0.41111069917678833,0.5503677129745483,0.7633936405181885
304070d771.jpg,0.02952776476740837,0.5397037267684937,0.16109952330589294,0.7708598375320435
30466cabde.jpg,0.04819420725107193,0.36756259202957153,0.27275094389915466,0.6199241876602173
3047c6263a.jpg,0.07602748274803162,0.4095773696899414,0.4824993312358856,0.8056321740150452
304c2f4d34.jpg,0.0357789546251297,0.5391964912414551,0.186412051320076,0.6795616149902344
304fd99da4.jpg,0.034673623740673065,0.39854830503463745,0.22853519022464752,0.7410791516304016
305e8c1906.jpg,0.05200209468603134,0.32064974308013916,0.21407300233840942,0.7763065099716187
305fc59b7e.jpg,0.04968184232711792,0.5357224941253662,0.2958679795265198,0.6700230836868286
306397c35a.jpg,0.05885324999690056,0.3539355397224426,0.26913774013519287,0.7135310173034668
30647276ab.jpg,0.047459326684474945,0.549001157283783,0.30782681703567505,0.7190873622894287
306ebd4b5c.jpg,0.06903348118066788,0.32211965322494507,0.3519321084022522,0.7426119446754456
306fdd232d.jpg,0.07409804314374924,0.38296782970428467,0.4934385120868683,0.7406696677207947
30704449eb.jpg,0.06406432390213013,0.4067060351371765,0.39449334144592285,0.648605465888977
3070a4c8b0.jpg,0.038978323340415955,0.5642717480659485,0.28463825583457947,0.7284706234931946
30718dc781.jpg,0.0914183109998703,0.45772090554237366,0.6227167248725891,0.7884078025817871
307d716b38.jpg,0.07535924762487411,0.3345419764518738,0.41821780800819397,0.7596967816352844
30821a129e.jpg,0.0569758415222168,0.48529279232025146,0.32506436109542847,0.6193835735321045
30c43e2fe9.jpg,0.0755445808172226,0.3315630853176117,0.3741597533226013,0.8584446907043457
30ca82141f.jpg,0.03705160319805145,0.5256064534187317,0.31275510787963867,0.8079928159713745
30d24dd7c8.jpg,0.035095445811748505,0.622090220451355,0.40253815054893494,0.717214047908783
30ea353d97.jpg,0.0744335949420929,0.4088042378425598,0.42348119616508484,0.8389292359352112
30ea58dabb.jpg,0.09561443328857422,0.5283991694450378,0.27739790081977844,0.6118656396865845
30f4a36c95.jpg,0.05072220414876938,0.3351173996925354,0.2611389756202698,0.7180771827697754
30ff35c5af.jpg,0.05383753031492233,0.469317764043808,0.2896639108657837,0.7785729169845581
3116136a42.jpg,0.05569230765104294,0.42518776655197144,0.30905142426490784,0.7016106843948364
312c2be90b.jpg,0.05170845240354538,0.3528304100036621,0.2619340121746063,0.7785346508026123
313cd1f3e0.jpg,0.052922092378139496,0.49620822072029114,0.21982911229133606,0.6451419591903687
3150771433.jpg,0.04645159840583801,0.5056447982788086,0.2203342318534851,0.5216541290283203
3165c39cd3.jpg,0.047735314816236496,0.5059780478477478,0.2622343599796295,0.5721760988235474
3178a6117e.jpg,0.03858065605163574,0.4295264482498169,0.2050216794013977,0.6767398118972778
317b731059.jpg,0.057589560747146606,0.4613891541957855,0.3109695613384247,0.7974840402603149
317ecf9e9d.jpg,0.06444859504699707,0.369083970785141,0.40637996792793274,0.8146440982818604
31819e2fb6.jpg,0.04438000172376633,0.48502394556999207,0.235173299908638,0.7879090309143066
318d2dd948.jpg,0.05924515426158905,0.3821464776992798,0.2897292971611023,0.7513712644577026
319031271d.jpg,0.03517172485589981,0.45623674988746643,0.23533247411251068,0.7281302213668823
319b17bbb4.jpg,0.04913929104804993,0.32794421911239624,0.44994139671325684,0.8413882255554199
319b8157e2.jpg,0.08984716981649399,0.4996061325073242,0.3420114517211914,0.7535824775695801
319de8a4c3.jpg,0.05010551959276199,0.6113737225532532,0.27350762486457825,0.7732831239700317
31af3a1906.jpg,0.03392000496387482,0.718575656414032,0.18671494722366333,0.5167205333709717
31dd6a20fc.jpg,0.03507980331778526,0.3388240933418274,0.22251169383525848,0.8557275533676147
31e3562ead.jpg,0.0738694965839386,0.43024304509162903,0.4378814101219177,0.8510044813156128
31ebef8c4c.jpg,0.07000821083784103,0.5611527562141418,0.6983820796012878,0.7224150896072388
31ecf73a02.jpg,0.07269734144210815,0.522182822227478,0.46368443965911865,0.768791139125824
31fbb87d97.jpg,0.036174558103084564,0.49055880308151245,0.23060443997383118,0.6753872632980347
31fdcfab86.jpg,0.055164530873298645,0.35885727405548096,0.2731271982192993,0.6499396562576294
32076ecaf2.jpg,0.06838430464267731,0.37030404806137085,0.28747692704200745,0.7346410751342773
3213f8108a.jpg,0.04807896539568901,0.4606081545352936,0.2579873204231262,0.7055108547210693
3224e61375.jpg,0.03722820430994034,0.41786685585975647,0.21947702765464783,0.7901864051818848
32277975c5.jpg,0.04205641150474548,0.372162401676178,0.25912272930145264,0.6399208307266235
3250368377.jpg,0.051071565598249435,0.4111071825027466,0.307029128074646,0.7536072731018066
325120c998.jpg,0.04845622926950455,0.3006509244441986,0.2187076210975647,0.8234926462173462
32639bab15.jpg,0.05315401405096054,0.44994056224823,0.26039811968803406,0.6891151070594788
3277390c9b.jpg,0.043278396129608154,0.5599538683891296,0.21207603812217712,0.6607322692871094
3278d87456.jpg,0.044135451316833496,0.4265543818473816,0.2861606478691101,0.7432118654251099
327bbda45b.jpg,0.05201629549264908,0.4038468599319458,0.16850900650024414,0.8050996661186218
328321b466.jpg,0.04804322123527527,0.4221011996269226,0.24958324432373047,0.7798728346824646
32882d9a83.jpg,0.057376593351364136,0.4135960042476654,0.3317413032054901,0.7999554872512817
3291187d91.jpg,0.03163579851388931,0.6185972690582275,0.23323872685432434,0.5617033243179321
32a1470651.jpg,0.037849169224500656,0.4069024324417114,0.22902736067771912,0.8677688837051392
32ae69a50f.jpg,0.05899345502257347,0.572117269039154,0.29989832639694214,0.5489238500595093
32b537e6de.jpg,0.059465937316417694,0.3073560893535614,0.2716808319091797,0.8119586706161499
32bb26374a.jpg,0.06056132912635803,0.46217459440231323,0.3293364644050598,0.7378506660461426
32bcb20dae.jpg,0.04508563503623009,0.42276743054389954,0.40865856409072876,0.776862621307373
32cb5db524.jpg,0.05560516566038132,0.40949857234954834,0.22302819788455963,0.7126984596252441
32d3f34515.jpg,0.05176317319273949,0.31653058528900146,0.23236776888370514,0.7381991147994995
32d98e72dd.jpg,0.04939420148730278,0.5585643649101257,0.33064526319503784,0.5492439866065979
32dde12686.jpg,0.04241016134619713,0.5423076748847961,0.35603654384613037,0.723380982875824
32df0e0408.jpg,0.052824877202510834,0.3155733644962311,0.24211077392101288,0.5449167490005493
32edfa9c9d.jpg,0.056489862501621246,0.32676005363464355,0.2536707818508148,0.8466943502426147
32f3055dff.jpg,0.0610751137137413,0.4928456246852875,0.39258047938346863,0.8328548669815063
32fae726b3.jpg,0.02326105535030365,0.7024967074394226,0.5661745071411133,0.5724021196365356
32fdfa3c24.jpg,0.04540970176458359,0.3469110429286957,0.2758665978908539,0.8430570363998413
33032dc5ad.jpg,0.03917423635721207,0.48399055004119873,0.20142969489097595,0.6098483800888062
33084e742e.jpg,0.07799249142408371,0.5105409622192383,0.2783946990966797,0.6246131658554077
330fa8a7a8.jpg,0.02779037319123745,0.6413038969039917,0.21062608063220978,0.696256160736084
3316c8daed.jpg,0.05590089410543442,0.3199256360530853,0.27222830057144165,0.7775172591209412
331f082a0b.jpg,0.07460682839155197,0.324842631816864,0.3045775890350342,0.6195814609527588
33244a8ba9.jpg,0.047795943915843964,0.4303710162639618,0.1669752597808838,0.5623534917831421
332da05c9c.jpg,0.08875133842229843,0.3579854965209961,0.5901713371276855,0.7722875475883484
3335cea81d.jpg,0.027672281488776207,0.5442489981651306,0.23166295886039734,0.6554073095321655
33392f6dea.jpg,0.07515853643417358,0.5446391701698303,0.23412887752056122,0.6008543372154236
333b2e7121.jpg,0.03836681693792343,0.3145561218261719,0.24499279260635376,0.8198915123939514
334259faa0.jpg,0.03418482095003128,0.40985509753227234,0.2416122853755951,0.7054484486579895
33439a9a62.jpg,0.03905201703310013,0.5726949572563171,0.2797589898109436,0.6150051355361938
335adb946b.jpg,0.05568191409111023,0.35964080691337585,0.2558571398258209,0.7485220432281494
335bf2f75a.jpg,0.10413777828216553,0.4473807215690613,0.5628254413604736,0.8189947605133057
335d7fa61b.jpg,0.05622422322630882,0.46703118085861206,0.20452381670475006,0.738122820854187
336e786f25.jpg,0.041610345244407654,0.3903641104698181,0.20765472948551178,0.7354186773300171
337a9d7475.jpg,0.06414920091629028,0.42724621295928955,0.2458386868238449,0.5499043464660645
338fec22de.jpg,0.03455798327922821,0.6780108213424683,0.21166068315505981,0.5100705623626709
339d590103.jpg,0.06573560833930969,0.3637073040008545,0.3601723313331604,0.8450956344604492
339db96fd4.jpg,0.04791300743818283,0.39882946014404297,0.3160085082054138,0.6528273224830627
33a24fd568.jpg,0.06820152699947357,0.4129526615142822,0.1985885500907898,0.8021857142448425
33b29070dc.jpg,0.06475155800580978,0.43400242924690247,0.34921905398368835,0.7342615127563477
33b5473fb6.jpg,0.04809313267469406,0.43821245431900024,0.2522686719894409,0.6570616960525513
33bae37b7a.jpg,0.04360872507095337,0.3672255873680115,0.2406373769044876,0.6408892273902893
33baf9fee5.jpg,0.050697024911642075,0.4378213882446289,0.207605242729187,0.6965810060501099
33bd2f6360.jpg,0.05875012278556824,0.4282889664173126,0.3524443507194519,0.7738893032073975
33c737f426.jpg,0.07848551124334335,0.3686943054199219,0.27546876668930054,0.722440242767334
33ce5179c2.jpg,0.062000781297683716,0.33960920572280884,0.228879913687706,0.725255012512207
33d7e16c5c.jpg,0.045906804502010345,0.3457130789756775,0.1868215799331665,0.6965593695640564
33e21e0ee8.jpg,0.07051605731248856,0.3722066879272461,0.2759609818458557,0.8592084050178528
33e4c897aa.jpg,0.07837915420532227,0.27771711349487305,0.3553732633590698,0.8260174989700317
33f2df4cbe.jpg,0.07985419034957886,0.4326322078704834,0.2641237676143646,0.7248133420944214
33ffdde2a0.jpg,0.04223150759935379,0.4755189120769501,0.30125027894973755,0.728251576423645
340c575487.jpg,0.03930079564452171,0.36909279227256775,0.209563210606575,0.7743129730224609
3414d1e597.jpg,0.04434102773666382,0.6532689332962036,0.2642114460468292,0.5708862543106079
341acd12b6.jpg,0.05002005025744438,0.3595505356788635,0.2801944613456726,0.7372076511383057
34300a53dd.jpg,0.04869576543569565,0.6563490629196167,0.23509858548641205,0.6070471405982971
343035e393.jpg,0.061850301921367645,0.27358725666999817,0.2617200016975403,0.7801987528800964
3433e1373b.jpg,0.049192436039447784,0.32397621870040894,0.24430440366268158,0.7246314287185669
3434712cc3.jpg,0.07135903835296631,0.3148432970046997,0.4301934540271759,0.8419145345687866
34380cf889.jpg,0.049576159566640854,0.3972744941711426,0.25666192173957825,0.717164158821106
343e090a43.jpg,0.052462052553892136,0.5375717282295227,0.28809890151023865,0.6894763708114624
343fa4c0eb.jpg,0.07914692163467407,0.33857017755508423,0.4485529661178589,0.7588585615158081
3447169f2b.jpg,0.029620081186294556,0.6267797350883484,0.25659364461898804,0.6775630712509155
344cac7fe0.jpg,0.03873599320650101,0.3795831799507141,0.2553851008415222,0.6962459087371826
345ee88105.jpg,0.04623454064130783,0.33889830112457275,0.18330031633377075,0.6604227423667908
346579c393.jpg,0.05576060339808464,0.45243996381759644,0.2973330318927765,0.634150505065918
346a66651d.jpg,0.06100214645266533,0.3995548188686371,0.2476431131362915,0.5961838960647583
347519baef.jpg,0.04855998605489731,0.537035346031189,0.29522693157196045,0.6737604141235352
347a1a864e.jpg,0.07470633089542389,0.3002210855484009,0.3527017831802368,0.8494009971618652
3480de8e9c.jpg,0.05792350694537163,0.3578426241874695,0.33391720056533813,0.7618007063865662
3482a0b159.jpg,0.06478511542081833,0.4017200469970703,0.35256102681159973,0.6996756792068481
34840c34c1.jpg,0.041824545711278915,0.33281147480010986,0.1772366315126419,0.8112183809280396
348e12ab8b.jpg,0.046828847378492355,0.3037850558757782,0.24172648787498474,0.8173173069953918
3493315b15.jpg,0.06992185115814209,0.4301169812679291,0.3512626886367798,0.7882933616638184
34961a9ee6.jpg,0.062056075781583786,0.4072205424308777,0.4224315583705902,0.85703444480896
349afdf79d.jpg,0.04418892785906792,0.4056684374809265,0.24871069192886353,0.7989887595176697
349eab5771.jpg,0.07398399710655212,0.2957513630390167,0.30337804555892944,0.7580251097679138
34a0d6d394.jpg,0.0472666434943676,0.39250701665878296,0.2255297154188156,0.6844612956047058
34a5e6c55b.jpg,0.02360929362475872,0.44805172085762024,0.3613029420375824,0.7276362776756287
34a9eba898.jpg,0.06075086444616318,0.5522758364677429,0.3098442852497101,0.7107586860656738
34b514be69.jpg,0.0462920181453228,0.42651650309562683,0.27824634313583374,0.7888628244400024
34b51c7261.jpg,0.03576371446251869,0.4750167727470398,0.46201634407043457,0.6963940858840942
34c5f04545.jpg,0.053901683539152145,0.6546521186828613,0.356029212474823,0.6014786958694458
34cbab9a5d.jpg,0.05450823903083801,0.4245258867740631,0.28295040130615234,0.7811452746391296
34cf1b263e.jpg,0.04213802143931389,0.4787726402282715,0.2524523138999939,0.7413604259490967
34daf62663.jpg,0.046039581298828125,0.5069195628166199,0.23808538913726807,0.7646602392196655
34e314407f.jpg,0.06629137694835663,0.32593610882759094,0.2412305772304535,0.7966839075088501
34e66708aa.jpg,0.037537217140197754,0.36399519443511963,0.16549301147460938,0.6565321683883667
34e95595ce.jpg,0.056808214634656906,0.38044217228889465,0.36181801557540894,0.8247684836387634
34eac9ab64.jpg,0.09677877277135849,0.3826998472213745,0.4963924288749695,0.7014621496200562
34f4d5c9d4.jpg,0.03258415311574936,0.4047759771347046,0.2223644256591797,0.6727370023727417
34fb6596e1.jpg,0.06292511522769928,0.6193439364433289,0.30778905749320984,0.6174956560134888
34fe687882.jpg,0.033870406448841095,0.44304072856903076,0.28767144680023193,0.780601441860199
350b5ebef7.jpg,0.035550691187381744,0.38634055852890015,0.2829734981060028,0.6297103762626648
350d2a84d5.jpg,0.0391845777630806,0.42760372161865234,0.21348246932029724,0.6986837983131409
351e2041bb.jpg,0.050360482186079025,0.3311348557472229,0.3558807373046875,0.8303790092468262
3528e213a3.jpg,0.06140483543276787,0.6606107950210571,0.2565372586250305,0.5980751514434814
352c83ab74.jpg,0.04271779581904411,0.3475194275379181,0.3035907745361328,0.799485445022583
352e273208.jpg,0.053009264171123505,0.37957704067230225,0.3207802176475525,0.6949225664138794
35395df60a.jpg,0.0678626000881195,0.3054026961326599,0.23969949781894684,0.8663126230239868
353a61be7f.jpg,0.051288336515426636,0.39699119329452515,0.2928551733493805,0.8005377650260925
353dedb268.jpg,0.05081651732325554,0.41261038184165955,0.3262196183204651,0.6899909973144531
353e6a68f4.jpg,0.03965497016906738,0.5089559555053711,0.2420082688331604,0.7151041030883789
355475c717.jpg,0.04336591809988022,0.4390125572681427,0.2901238203048706,0.7255139946937561
355c86cd3d.jpg,0.034944888204336166,0.49851471185684204,0.221854567527771,0.6213911175727844
356a62efca.jpg,0.03732425719499588,0.4467298686504364,0.23484115302562714,0.6812251210212708
356caca006.jpg,0.04660404473543167,0.3534705340862274,0.3066933751106262,0.7804790735244751
358670e605.jpg,0.047739144414663315,0.46148625016212463,0.2572392523288727,0.8550401926040649
358b265ed6.jpg,0.03933580964803696,0.5328165292739868,0.28378912806510925,0.7313271760940552
35945cd71c.jpg,0.0451422855257988,0.3427838683128357,0.2739749550819397,0.8311679363250732
359495f7a4.jpg,0.04331470653414726,0.4965403378009796,0.2484089583158493,0.6929048895835876
35961ab226.jpg,0.03483933210372925,0.4685729146003723,0.2739623188972473,0.7997806668281555
3596426373.jpg,0.045850805938243866,0.41250091791152954,0.29354357719421387,0.6689632534980774
359b6a2430.jpg,0.04784287139773369,0.45306646823883057,0.28954342007637024,0.8176440000534058
35b0c24b22.jpg,0.05228566378355026,0.279546320438385,0.3139774203300476,0.7881414890289307
35dd92bfb3.jpg,0.03708246350288391,0.3473823666572571,0.17639873921871185,0.8373263478279114
35e792eb1a.jpg,0.07323266565799713,0.3801651895046234,0.2447672188282013,0.6811988353729248
35e7c9ec58.jpg,0.03880147635936737,0.3311770558357239,0.21421420574188232,0.8214062452316284
35ed01ca2e.jpg,0.03419865667819977,0.31954386830329895,0.17605142295360565,0.7996821403503418
35ed52c72f.jpg,0.06771780550479889,0.37905755639076233,0.4921301007270813,0.7179652452468872
35fab228d4.jpg,0.047251325100660324,0.4194807708263397,0.2500227093696594,0.8351681232452393
36000244a2.jpg,0.03911168873310089,0.5749452114105225,0.23303991556167603,0.5331065058708191
3608d6b3ac.jpg,0.07029372453689575,0.4887920618057251,0.4566968083381653,0.8519753813743591
360a1c7c80.jpg,0.061998602002859116,0.46469220519065857,0.3266615867614746,0.7452331781387329
361f298a02.jpg,0.054689399898052216,0.5304345488548279,0.27522486448287964,0.5325626134872437
3621a894db.jpg,0.07255683839321136,0.3704420328140259,0.37293553352355957,0.715522050857544
362204f307.jpg,0.04175373911857605,0.27298274636268616,0.2616173326969147,0.7901570796966553
362511599b.jpg,0.040277667343616486,0.4349677562713623,0.1895805448293686,0.7670303583145142
36261d4302.jpg,0.04171813651919365,0.449908584356308,0.21350035071372986,0.7228532433509827
3632f44a7c.jpg,0.06101582571864128,0.33654001355171204,0.33481985330581665,0.6956034898757935
3648d77005.jpg,0.045750558376312256,0.5637159943580627,0.20136132836341858,0.649888277053833
3656053e31.jpg,0.056109797209501266,0.6353992223739624,0.24081970751285553,0.583655834197998
3657ef6b24.jpg,0.05496556684374809,0.4220165014266968,0.28677690029144287,0.7835447788238525
368b9526b7.jpg,0.05128245800733566,0.355754017829895,0.28034788370132446,0.6246360540390015
368ee43922.jpg,0.055260688066482544,0.28458371758461,0.1954483836889267,0.8431112766265869
3691380fa5.jpg,0.050042711198329926,0.3846246302127838,0.3205443024635315,0.5572108626365662
3695170ba2.jpg,0.04095282778143883,0.5097973346710205,0.2862531542778015,0.7061213254928589
369897af38.jpg,0.061128001660108566,0.4288877248764038,0.27519112825393677,0.8165977597236633
36a77b49fe.jpg,0.05125373601913452,0.47432941198349,0.33289843797683716,0.7375366687774658
36a93aa776.jpg,0.04618808627128601,0.32887211441993713,0.2745193541049957,0.6230553984642029
36a9509d21.jpg,0.05194736272096634,0.40948161482810974,0.2629886865615845,0.7158547639846802
36ad6eb2d8.jpg,0.04193364083766937,0.31791308522224426,0.23299440741539001,0.7142413854598999
36b37b892a.jpg,0.04126857966184616,0.409421443939209,0.31044822931289673,0.5570497512817383
36bafe2801.jpg,0.026766812428832054,0.6486698985099792,0.22205767035484314,0.5359137058258057
36bcc9afa9.jpg,0.060437753796577454,0.46875274181365967,0.32826730608940125,0.9116014838218689
36d67864d9.jpg,0.05034182220697403,0.47959691286087036,0.2915729880332947,0.739610493183136
36d957036d.jpg,0.05173128843307495,0.3218534290790558,0.1875603049993515,0.6806368827819824
36daf4d43d.jpg,0.03982168436050415,0.46555811166763306,0.2056093066930771,0.7962973713874817
36e4004846.jpg,0.05391930043697357,0.30567795038223267,0.31923726201057434,0.8681474924087524
36eb013265.jpg,0.057943444699048996,0.263406366109848,0.2763976752758026,0.7640329599380493
36eccca3ab.jpg,0.04731963202357292,0.3689107596874237,0.225731760263443,0.7444449663162231
36f18cca17.jpg,0.105064257979393,0.3809792399406433,0.36948317289352417,0.8255237340927124
36f6aeb966.jpg,0.045214295387268066,0.37921208143234253,0.2327149510383606,0.7180566787719727
37075ca2ee.jpg,0.06012725830078125,0.38198864459991455,0.3333452641963959,0.7647087574005127
371c59835b.jpg,0.0736260861158371,0.3897355794906616,0.4504131078720093,0.805024266242981
371f2829aa.jpg,0.056366872042417526,0.6803512573242188,0.26879069209098816,0.5526187419891357
372d828feb.jpg,0.03218814358115196,0.5392307043075562,0.2459317445755005,0.6847091913223267
372dc58821.jpg,0.06552156060934067,0.463710755109787,0.33036190271377563,0.6974039077758789
37322d9ff2.jpg,0.05825788900256157,0.4371737241744995,0.2416817545890808,0.7927445769309998
3744adb842.jpg,0.05096309632062912,0.437042772769928,0.2454718053340912,0.7375380992889404
374d5245d4.jpg,0.04846801608800888,0.3445854187011719,0.263368159532547,0.6315281391143799
3751b9831c.jpg,0.053881119936704636,0.41516736149787903,0.2597561776638031,0.6087243556976318
376073b21e.jpg,0.05341954156756401,0.4888322949409485,0.4224415719509125,0.7577634453773499
376ddd69e6.jpg,0.03568674623966217,0.5768281817436218,0.2516414523124695,0.6062496900558472
376f1b5edb.jpg,0.04516948387026787,0.42444947361946106,0.2561561167240143,0.6412829160690308
377329db11.jpg,0.033675990998744965,0.6611081957817078,0.3292791545391083,0.5436158776283264
3778fecb0c.jpg,0.03457888588309288,0.38324058055877686,0.24361899495124817,0.8253499865531921
3789eceb0c.jpg,0.04435259848833084,0.4354858100414276,0.26494210958480835,0.573213517665863
37911bdb2c.jpg,0.044183265417814255,0.30689525604248047,0.2686019539833069,0.8244746923446655
37917ad369.jpg,0.053515784442424774,0.3084166944026947,0.29631927609443665,0.7593521475791931
37928f6999.jpg,0.10337011516094208,0.33732420206069946,0.5948583483695984,0.8802638053894043
379b25d4d3.jpg,0.04706720635294914,0.3201782703399658,0.20009875297546387,0.815585732460022
37a5918d6f.jpg,0.046947311609983444,0.31875354051589966,0.20270204544067383,0.8473510146141052
37a90c2b86.jpg,0.03482687100768089,0.37523165345191956,0.1656106412410736,0.7801488637924194
37aabb8541.jpg,0.04999229311943054,0.5229599475860596,0.3388083577156067,0.7952971458435059
37b12b7bc9.jpg,0.052330728620290756,0.5237696170806885,0.3278713822364807,0.6914584636688232
37b740d8f8.jpg,0.04197397083044052,0.3678748309612274,0.2591501474380493,0.7597323060035706
37c5732454.jpg,0.05762752145528793,0.3455166518688202,0.3794935941696167,0.7601341009140015
37c6dc5971.jpg,0.034821853041648865,0.4909040629863739,0.20300227403640747,0.704769492149353
37cc9acfc2.jpg,0.07910862565040588,0.4297345280647278,0.3827725648880005,0.8091756105422974
37cfa76bf2.jpg,0.05954107269644737,0.31679677963256836,0.2601933181285858,0.7310067415237427
37d0b619d1.jpg,0.05347733199596405,0.44171378016471863,0.3148263692855835,0.588748574256897
37d3e79b71.jpg,0.03838561475276947,0.5532090663909912,0.2504153847694397,0.5957231521606445
37df208f9f.jpg,0.03636225685477257,0.5515575408935547,0.24820783734321594,0.721624493598938
37eb07f626.jpg,0.05022258684039116,0.3040410876274109,0.3189769983291626,0.7815921306610107
37f738e7bc.jpg,0.05632142350077629,0.3408573269844055,0.33855172991752625,0.6488450765609741
37fba790de.jpg,0.038678597658872604,0.2816815674304962,0.24972322583198547,0.7353955507278442
38062f7d79.jpg,0.03893933817744255,0.5475780367851257,0.23310238122940063,0.7147072553634644
38070f5dbb.jpg,0.05599062889814377,0.43686267733573914,0.23767802119255066,0.7499639987945557
38086cf21f.jpg,0.0672355368733406,0.4237017035484314,0.3534919023513794,0.7782379388809204
381267e62a.jpg,0.07264907658100128,0.47464853525161743,0.32310807704925537,0.6396183371543884
381280b99b.jpg,0.06370221823453903,0.42152637243270874,0.29538995027542114,0.861036479473114
381d086c95.jpg,0.07596486061811447,0.4617457985877991,0.3400341272354126,0.8002336025238037
3820d34bd5.jpg,0.05825730413198471,0.4830375611782074,0.35473117232322693,0.7022922039031982
3833afaa5a.jpg,0.057500239461660385,0.31472843885421753,0.27878326177597046,0.7248743176460266
383bfdbd98.jpg,0.036288708448410034,0.4980369806289673,0.1502906084060669,0.7416714429855347
3842636752.jpg,0.038917094469070435,0.49792230129241943,0.33822178840637207,0.7732926607131958
385d53e164.jpg,0.038003843277692795,0.6180523633956909,0.24040983617305756,0.5994678139686584
385f8eb28d.jpg,0.05206619203090668,0.4832697808742523,0.21062012016773224,0.5695180296897888
3860dba6e7.jpg,0.06787273287773132,0.3319709599018097,0.3753015697002411,0.7303225994110107
38629959ac.jpg,0.0707683116197586,0.4341505765914917,0.5723376274108887,0.727025032043457
3865b242b9.jpg,0.045174576342105865,0.3037666976451874,0.2658498287200928,0.8558467626571655
38662909dd.jpg,0.04170670360326767,0.5496167540550232,0.27787214517593384,0.672920823097229
38684f015e.jpg,0.1027098298072815,0.5270143747329712,0.5977374911308289,0.8607364892959595
386a3c0897.jpg,0.05719882249832153,0.6667383909225464,0.2066282331943512,0.5433140397071838
3876bbbae0.jpg,0.06218981742858887,0.3608156144618988,0.3936430811882019,0.8166796565055847
3886187ed1.jpg,0.024926891550421715,0.48850786685943604,0.23972192406654358,0.692624568939209
3891ee053e.jpg,0.04218592867255211,0.4307813346385956,0.1977548599243164,0.6876859068870544
38992f60c4.jpg,0.05704501271247864,0.38811829686164856,0.2921449840068817,0.7885729074478149
38993b35f9.jpg,0.05043734237551689,0.32810428738594055,0.2240867167711258,0.7327451705932617
389acc824c.jpg,0.02872845157980919,0.5771204233169556,0.205943301320076,0.6791598200798035
389cbe6e1a.jpg,0.061501260846853256,0.32392653822898865,0.3352491557598114,0.7863332033157349
38bb0ec345.jpg,0.03492722660303116,0.4044095575809479,0.1717594861984253,0.703405499458313
38c6532fe1.jpg,0.0458904504776001,0.45613136887550354,0.24803081154823303,0.7971905469894409
38c88ad59d.jpg,0.047638535499572754,0.3874926269054413,0.3735325038433075,0.7800496816635132
38cb53af79.jpg,0.05392882227897644,0.4125361740589142,0.2831731140613556,0.7508000731468201
38d00950b6.jpg,0.05114877223968506,0.44733351469039917,0.315204381942749,0.5357914566993713
38d0de69d8.jpg,0.028435751795768738,0.4242880344390869,0.18526732921600342,0.8484532237052917
38d5379f18.jpg,0.10547374188899994,0.5095913410186768,0.5500049591064453,0.7727054357528687
38d71d4dfe.jpg,0.04336435720324516,0.5930086970329285,0.2139635980129242,0.6191478371620178
38d9042083.jpg,0.06990939378738403,0.4313686490058899,0.286545991897583,0.7670422196388245
38deab6c01.jpg,0.039623890072107315,0.3996305465698242,0.23989899456501007,0.7300535440444946
38dfbc95b7.jpg,0.03611036390066147,0.5896786451339722,0.25589197874069214,0.5493395328521729
38ebf8fc82.jpg,0.03930489346385002,0.6518781185150146,0.2828899919986725,0.7091118097305298
38f185baa6.jpg,0.06197451800107956,0.3533475399017334,0.3146336078643799,0.6502454280853271
390f3f16d6.jpg,0.04580433666706085,0.43077969551086426,0.32078397274017334,0.7152863144874573
3915c24d8d.jpg,0.045941002666950226,0.5752522945404053,0.3048969507217407,0.5577154159545898
3916d76a57.jpg,0.0372183695435524,0.48861971497535706,0.277203768491745,0.6221272349357605
392c032d0e.jpg,0.04771221801638603,0.3929162323474884,0.2611067593097687,0.7544783353805542
3941a52677.jpg,0.03884602710604668,0.4565398693084717,0.22549773752689362,0.7352312803268433
394a38353e.jpg,0.04195122420787811,0.5436667799949646,0.2905924916267395,0.7055083513259888
39545bce2e.jpg,0.0548369400203228,0.4053492844104767,0.39936918020248413,0.8296035528182983
396b917aad.jpg,0.05519629642367363,0.4548909068107605,0.263188898563385,0.7998700737953186
39780192ea.jpg,0.0695742592215538,0.41612160205841064,0.1825796365737915,0.6715139150619507
398849f59d.jpg,0.0440036803483963,0.40489935874938965,0.23222890496253967,0.7389723062515259
39b7d694de.jpg,0.04014822840690613,0.3442738652229309,0.23248925805091858,0.8253887295722961
39c1270676.jpg,0.0689065083861351,0.5234866142272949,0.46575960516929626,0.6827560067176819
39db6bdbbe.jpg,0.044994812458753586,0.6069865226745605,0.2634936273097992,0.6806061267852783
39ff1e8568.jpg,0.05227043852210045,0.44322189688682556,0.27578702569007874,0.6423763036727905
3a0046ee0d.jpg,0.06127064675092697,0.42628243565559387,0.26624640822410583,0.6537249684333801
3a00c416f6.jpg,0.03492426127195358,0.3852584958076477,0.2894620895385742,0.8727821111679077
3a2f29ea97.jpg,0.06370291113853455,0.3943251669406891,0.3319551348686218,0.7565390467643738
3a36ff8b4b.jpg,0.04051102697849274,0.4601805508136749,0.2633522152900696,0.8189348578453064
3a423d3645.jpg,0.04747385531663895,0.47071829438209534,0.44134241342544556,0.6901519894599915
3a4414aa6b.jpg,0.040966011583805084,0.4332258105278015,0.306301474571228,0.7687379717826843
3a582c9914.jpg,0.04156319797039032,0.3598564863204956,0.26505860686302185,0.7998181581497192
3a5b6e28e0.jpg,0.06361636519432068,0.4203020930290222,0.37294718623161316,0.7936891317367554
3a5c7e707a.jpg,0.04257425665855408,0.5607081651687622,0.2352493852376938,0.65834641456604
3a747d8723.jpg,0.032332226634025574,0.4495481252670288,0.24269850552082062,0.7329733371734619
3a7a0992dd.jpg,0.05158720538020134,0.5206092596054077,0.32048481702804565,0.35651272535324097
3a82bd4f2a.jpg,0.03148266300559044,0.5402348041534424,0.18580210208892822,0.6161372661590576
3a872d9357.jpg,0.06472275406122208,0.5684089660644531,0.3098500967025757,0.6633857488632202
3a91a66bdd.jpg,0.0666813850402832,0.45341700315475464,0.31796446442604065,0.7777086496353149
3a9483311f.jpg,0.028641890734434128,0.647653341293335,0.26811233162879944,0.7347257137298584
3a9d528df2.jpg,0.03465688228607178,0.5454641580581665,0.32877886295318604,0.751707911491394
3ab31603e2.jpg,0.04341932386159897,0.4740546941757202,0.2892181873321533,0.6661949753761292
3abca1ec15.jpg,0.06875509768724442,0.3182445466518402,0.26498591899871826,0.7254502773284912
3ac5c5efeb.jpg,0.045453138649463654,0.5991629362106323,0.3556998074054718,0.7013978958129883
3acafb52ae.jpg,0.050509434193372726,0.2842174768447876,0.2570311427116394,0.7812291383743286
3ad0aa389f.jpg,0.06939555704593658,0.5195744633674622,0.36735841631889343,0.6816426515579224
3ade5505ba.jpg,0.04235854744911194,0.4370066225528717,0.25565335154533386,0.683974027633667
3adf6a85e3.jpg,0.07315205782651901,0.2654363811016083,0.3315550982952118,0.8275245428085327
3af0aaf3ee.jpg,0.04071890190243721,0.42009538412094116,0.21116192638874054,0.671965479850769
3af3151f7f.jpg,0.0482063814997673,0.44567468762397766,0.29700911045074463,0.6631824374198914
3afa5083c1.jpg,0.06243538856506348,0.4869652986526489,0.4183090627193451,0.77082359790802
3b047fc766.jpg,0.04813621938228607,0.5239598751068115,0.25663119554519653,0.5024572610855103
3b20ee7aa5.jpg,0.055906184017658234,0.34515005350112915,0.2887422442436218,0.8232982158660889
3b28c6b97b.jpg,0.041701920330524445,0.38790422677993774,0.2724640965461731,0.7261618375778198
3b312d0ac5.jpg,0.04369618743658066,0.4624986946582794,0.26369938254356384,0.7131794691085815
3b368db4be.jpg,0.043497249484062195,0.5282118320465088,0.32814091444015503,0.8148651123046875
3b3f9ecd9d.jpg,0.06950821727514267,0.32948198914527893,0.2093203067779541,0.8310943245887756
3b3fd02a40.jpg,0.05199532210826874,0.48399123549461365,0.3991726040840149,0.7980448603630066
3b465f08bf.jpg,0.04668925702571869,0.43264201283454895,0.28775787353515625,0.7952927350997925
3b4b485df5.jpg,0.06532636284828186,0.36479803919792175,0.34389376640319824,0.6280330419540405
3b4e045bb7.jpg,0.042876165360212326,0.5968849658966064,0.2656579613685608,0.5599090456962585
3b57973eb2.jpg,0.047142937779426575,0.34513163566589355,0.22713623940944672,0.8046337366104126
3b5d843f5a.jpg,0.0504194013774395,0.5706686973571777,0.3685329258441925,0.5954626798629761
3b64a40750.jpg,0.039873890578746796,0.4000481963157654,0.2594679594039917,0.7037070989608765
3b6a39a00d.jpg,0.045348189771175385,0.5317126512527466,0.23298242688179016,0.7067249417304993
3b6c01176c.jpg,0.08366994559764862,0.4519087076187134,0.25492793321609497,0.7662657499313354
3b71b87d37.jpg,0.05804629251360893,0.2671152949333191,0.24866656959056854,0.7916452288627625
3b76682887.jpg,0.048093508929014206,0.5106744766235352,0.3075818419456482,0.7046423554420471
3b855caae4.jpg,0.06017711013555527,0.46724769473075867,0.44240802526474,0.6608264446258545
3bae3d1712.jpg,0.06102679297327995,0.4144729971885681,0.2628188133239746,0.6870580911636353
3bc75876be.jpg,0.039002999663352966,0.32783016562461853,0.1961764097213745,0.7345319986343384
3bcafe027c.jpg,0.043593667447566986,0.29037660360336304,0.19687309861183167,0.7726088762283325
3bcc67701d.jpg,0.027042752131819725,0.5430830717086792,0.16892488300800323,0.6931180953979492
3bd85aead5.jpg,0.0653940737247467,0.5376404523849487,0.38439100980758667,0.7173305749893188
3bd8747102.jpg,0.04799116775393486,0.40641066431999207,0.32978329062461853,0.8395417928695679
3bd9ddc108.jpg,0.05308806523680687,0.3359742760658264,0.2478388100862503,0.7868286371231079
3be1aea5fc.jpg,0.043742865324020386,0.3461894690990448,0.2614925503730774,0.7749517560005188
3bed43f9f6.jpg,0.0482846163213253,0.4293875992298126,0.21987256407737732,0.7130807638168335
3bf9ac1eb3.jpg,0.07260426878929138,0.3549574613571167,0.28405433893203735,0.7038978338241577
3bff224652.jpg,0.04761461913585663,0.44052642583847046,0.2830080986022949,0.711498498916626
3c048f020d.jpg,0.04185580462217331,0.4995116889476776,0.22837963700294495,0.636605978012085
3c07362391.jpg,0.057806938886642456,0.5155514478683472,0.2933329939842224,0.7119266390800476
3c1963d1f8.jpg,0.054391324520111084,0.464988648891449,0.40130186080932617,0.7054756879806519
3c21346fb9.jpg,0.053301237523555756,0.5206799507141113,0.28771159052848816,0.7999404668807983
3c327deaca.jpg,0.04004545509815216,0.4291025400161743,0.25925713777542114,0.8298957347869873
3c3c78be02.jpg,0.04191209003329277,0.34069496393203735,0.25900155305862427,0.833195149898529
3c4406fa5a.jpg,0.03211710974574089,0.5198791027069092,0.3165779113769531,0.6648055911064148
3c52316f14.jpg,0.04074939340353012,0.6571577191352844,0.39503198862075806,0.5319460034370422
3c53ee8af8.jpg,0.05733061954379082,0.3471451997756958,0.4351794719696045,0.7892904281616211
3c5cdd7090.jpg,0.0354093573987484,0.6595860719680786,0.301225483417511,0.7102498412132263
3c5e76d1e3.jpg,0.05493742227554321,0.3253268003463745,0.23495449125766754,0.7508313655853271
3c65d848ee.jpg,0.050742946565151215,0.46948230266571045,0.31089121103286743,0.6990193724632263
3c6fe5de40.jpg,0.036344826221466064,0.41139620542526245,0.22079505026340485,0.6679855585098267
3c72375e57.jpg,0.04956939443945885,0.5163435935974121,0.23075291514396667,0.6419087648391724
3c7383e41b.jpg,0.06233973428606987,0.524882972240448,0.38119781017303467,0.5908318758010864
3c750a98db.jpg,0.050660282373428345,0.4241311550140381,0.3572813868522644,0.7251951098442078
3c7a019967.jpg,0.045729540288448334,0.23824182152748108,0.1802501529455185,0.6801203489303589
3c840700fc.jpg,0.043981146067380905,0.32602500915527344,0.272551953792572,0.660850465297699
3c8591595d.jpg,0.06102661415934563,0.4648694097995758,0.528804361820221,0.8461742997169495
3c8d055dde.jpg,0.05776692181825638,0.3956529498100281,0.28115183115005493,0.7864590883255005
3c8de7efcc.jpg,0.028608035296201706,0.4424799680709839,0.2472064197063446,0.7412593960762024
3c92f9da89.jpg,0.05445840209722519,0.46869632601737976,0.3034208416938782,0.7670413255691528
3ca88b5bae.jpg,0.046434372663497925,0.2820744514465332,0.28981640934944153,0.7809694409370422
3caa03fcca.jpg,0.030142009258270264,0.48108550906181335,0.21612568199634552,0.6848265528678894
3cc4339658.jpg,0.07257077842950821,0.44520077109336853,0.35314828157424927,0.7726994752883911
3cc6896a14.jpg,0.061221372336149216,0.5156732201576233,0.3281617760658264,0.7353842258453369
3cc973e9c6.jpg,0.05044303461909294,0.46791839599609375,0.31612128019332886,0.6792723536491394
3cca867846.jpg,0.07141666114330292,0.3968279957771301,0.3604940176010132,0.7060637474060059
3ccbf381cc.jpg,0.037113748490810394,0.4173036813735962,0.1636621057987213,0.7029759883880615
3cd0ce8fcd.jpg,0.03772874176502228,0.3169630765914917,0.2365923523902893,0.6761674880981445
3cd43a2690.jpg,0.05406114459037781,0.35170426964759827,0.25664421916007996,0.7361503839492798
3cdbcd6c29.jpg,0.04682665690779686,0.4398742616176605,0.31867268681526184,0.7145413160324097
3ce8fe7b80.jpg,0.09047508239746094,0.43484121561050415,0.6812272667884827,0.7278863191604614
3cf977901c.jpg,0.03563801199197769,0.6925646662712097,0.21789151430130005,0.43631142377853394
3cff22e3c9.jpg,0.05060219019651413,0.3850494921207428,0.23761385679244995,0.7616127133369446
3d038050b2.jpg,0.05584859848022461,0.5940431356430054,0.2456110119819641,0.5110417604446411
3d0982bebb.jpg,0.09533997625112534,0.472392737865448,0.6527955532073975,0.6634711027145386
3d0e0ead31.jpg,0.050545286387205124,0.4700266718864441,0.37728554010391235,0.7590035200119019
3d14523c1f.jpg,0.033461589366197586,0.5747567415237427,0.2615225911140442,0.7643349766731262
3d165d2aad.jpg,0.036066532135009766,0.3757670819759369,0.1872105449438095,0.6617379188537598
3d204371c7.jpg,0.05760607123374939,0.32462233304977417,0.29108917713165283,0.8020302653312683
3d29c7439f.jpg,0.07323812693357468,0.45579904317855835,0.32112979888916016,0.6454959511756897
3d2c394405.jpg,0.03444729000329971,0.4344601035118103,0.2012670785188675,0.6074815988540649
3d3b9f4ba1.jpg,0.04370426386594772,0.4884412884712219,0.20639801025390625,0.792807936668396
3d69e148e8.jpg,0.05760015547275543,0.37348705530166626,0.3082730174064636,0.6626226305961609
3d6b2aa9d4.jpg,0.08180682361125946,0.3534007668495178,0.3755570948123932,0.7093544602394104
3d6ef1f43d.jpg,0.036829687654972076,0.5128254294395447,0.20382070541381836,0.6074995398521423
3d70ef0d7c.jpg,0.050436846911907196,0.6906499862670898,0.45588505268096924,0.6678453683853149
3d71b5934b.jpg,0.03954240307211876,0.4159380793571472,0.23079559206962585,0.7195793986320496
3d8835b84d.jpg,0.0512159988284111,0.35319745540618896,0.35514360666275024,0.689541220664978
3d89a7a1c4.jpg,0.052131712436676025,0.4058522880077362,0.2240612655878067,0.7920562624931335
3d89fa1a08.jpg,0.05078079551458359,0.37220972776412964,0.31470081210136414,0.6676820516586304
3d8fd794f8.jpg,0.04007371515035629,0.30002015829086304,0.17981745302677155,0.7411733865737915
3d961be033.jpg,0.05183599516749382,0.3874666392803192,0.2506663501262665,0.6727772355079651
3da4c699b8.jpg,0.04893844574689865,0.47761398553848267,0.23605406284332275,0.6948305368423462
3db43d9a04.jpg,0.04074329137802124,0.6600667238235474,0.19080039858818054,0.46105098724365234
3db8bf2299.jpg,0.0706125870347023,0.3912270665168762,0.38623854517936707,0.7928230166435242
3dc62c7550.jpg,0.034748971462249756,0.40680229663848877,0.20853467285633087,0.7679404020309448
3dc69fb234.jpg,0.05227484554052353,0.445472776889801,0.28771358728408813,0.5917919278144836
3dcb9f50ff.jpg,0.040465764701366425,0.3063931167125702,0.23349782824516296,0.6591687202453613
3dcdf82bcd.jpg,0.03415558114647865,0.5040234327316284,0.23853611946105957,0.6029860377311707
3dcf18bba9.jpg,0.047933828085660934,0.4105548560619354,0.26192009449005127,0.8017717599868774
3dd2d3096b.jpg,0.04370450973510742,0.39281386137008667,0.3195255398750305,0.6953614950180054
3de3c8151d.jpg,0.028875388205051422,0.4790194034576416,0.1707109659910202,0.6465601921081543
3dfd77c751.jpg,0.07983305305242538,0.3953905999660492,0.3875940442085266,0.8159451484680176
3e0479c7a4.jpg,0.05363405868411064,0.3714755177497864,0.22879797220230103,0.620089054107666
3e097a4c02.jpg,0.0683380588889122,0.3697153627872467,0.36406415700912476,0.7343212366104126
3e1cd24e83.jpg,0.05545460805296898,0.4541051685810089,0.30384567379951477,0.744429349899292
3e1dfc9dc0.jpg,0.0412321500480175,0.4789242148399353,0.23792442679405212,0.7383347749710083
3e2d480716.jpg,0.0482843816280365,0.5144897699356079,0.2858421802520752,0.4560292363166809
3e31646935.jpg,0.055722516030073166,0.29367271065711975,0.21739569306373596,0.77044278383255
3e3b342a95.jpg,0.062016747891902924,0.39656272530555725,0.28706106543540955,0.8048200011253357
3e4c86049d.jpg,0.03370357304811478,0.23049665987491608,0.18770945072174072,0.758486270904541
3e4e2f5b6e.jpg,0.06419345736503601,0.4834044575691223,0.5121798515319824,0.7629862427711487
3e4edba19d.jpg,0.05275953933596611,0.4024803042411804,0.2532067894935608,0.7489439249038696
3e60c7241a.jpg,0.05026736110448837,0.4171815514564514,0.27707457542419434,0.6191191673278809
3e780ed289.jpg,0.07462192326784134,0.38339123129844666,0.3973122537136078,0.8877395391464233
3e806e2a4a.jpg,0.05071692913770676,0.37837859988212585,0.2754456102848053,0.7186336517333984
3e9809b35e.jpg,0.04127378389239311,0.43160367012023926,0.2674863040447235,0.7134792804718018
3ea3ae5954.jpg,0.04306598752737045,0.5819807052612305,0.204208642244339,0.5587422847747803
3ea96d7fbd.jpg,0.0406167134642601,0.612217903137207,0.28731396794319153,0.69892418384552
3eaa214d3d.jpg,0.08480620384216309,0.35144975781440735,0.36413079500198364,0.7342132329940796
3eab0e9d77.jpg,0.04124763607978821,0.48136138916015625,0.17132507264614105,0.7083054780960083
3eb7c094c0.jpg,0.0332566574215889,0.44327354431152344,0.21583443880081177,0.8472379446029663
3ebc8a4013.jpg,0.05557243153452873,0.30484551191329956,0.24248576164245605,0.8140105605125427
3ec2bb5a0c.jpg,0.039358094334602356,0.2947186231613159,0.2390129566192627,0.8907131552696228
3ec4f57f74.jpg,0.060620181262493134,0.36729615926742554,0.2788003981113434,0.8282203078269958
3ecedf69d8.jpg,0.026813611388206482,0.5223053693771362,0.19131019711494446,0.7232432961463928
3ed12a78ce.jpg,0.05045275017619133,0.4492264986038208,0.25126343965530396,0.7488535642623901
3edae2ef79.jpg,0.05213513225317001,0.4994753301143646,0.27204546332359314,0.7100611925125122
3edc9197e7.jpg,0.06915505975484848,0.3676607012748718,0.4249403178691864,0.7269214391708374
3ee4497b2e.jpg,0.04520730674266815,0.27713924646377563,0.2592425048351288,0.8691812753677368
3ee7eb408c.jpg,0.0778818279504776,0.4493972659111023,0.21448653936386108,0.6915616989135742
3f0362f12d.jpg,0.08168491721153259,0.36147063970565796,0.3333495259284973,0.7794487476348877
3f0738d8dc.jpg,0.05593894422054291,0.46409350633621216,0.28176870942115784,0.7915246486663818
3f0a7330bd.jpg,0.0455591082572937,0.3307551145553589,0.2122197300195694,0.6793262958526611
3f1191a447.jpg,0.04791563004255295,0.38284823298454285,0.3118869662284851,0.6982424259185791
3f1942ac5e.jpg,0.0618136040866375,0.4423048496246338,0.22553114593029022,0.6352503299713135
3f220a6caa.jpg,0.04945825785398483,0.48089098930358887,0.2580901086330414,0.8073359727859497
3f28319f81.jpg,0.019003242254257202,0.609837532043457,0.22293511033058167,0.5459038615226746
3f2a4b6406.jpg,0.032850660383701324,0.614356279373169,0.4351885914802551,0.6388667821884155
3f3e610d58.jpg,0.043640077114105225,0.43517348170280457,0.2837545871734619,0.7628575563430786
3f53c08114.jpg,0.034422121942043304,0.5452342629432678,0.10519182682037354,0.7328996658325195
3f5bc8d85c.jpg,0.06982941925525665,0.33378660678863525,0.39126744866371155,0.7598488926887512
3f615bc675.jpg,0.06404116749763489,0.5306356549263,0.3146059513092041,0.7832249402999878
3f6489dfa3.jpg,0.0405644029378891,0.39302656054496765,0.3145402669906616,0.7965874671936035
3f6e1ac2ae.jpg,0.07410918176174164,0.4310493469238281,0.47859886288642883,0.8208459615707397
3f70cec894.jpg,0.04825923964381218,0.3564355671405792,0.28889796137809753,0.7412111163139343
3f7dc6a469.jpg,0.04202070087194443,0.38605737686157227,0.233677476644516,0.7202106714248657
3f844f5b59.jpg,0.06938685476779938,0.3371502161026001,0.2630960941314697,0.5244518518447876
3f8fd85f1c.jpg,0.03183750808238983,0.5566965341567993,0.2781832218170166,0.7333568334579468
3f91546f37.jpg,0.071634441614151,0.5267553329467773,0.3290460407733917,0.7765095829963684
3f97bcc230.jpg,0.10160721838474274,0.3343837559223175,0.4709605276584625,0.7402379512786865
3f9d9b6972.jpg,0.056732386350631714,0.4190205931663513,0.31389790773391724,0.6901712417602539
3fa1aa1d56.jpg,0.04210300371050835,0.51345294713974,0.2801435589790344,0.7420997619628906
3fa61d1b59.jpg,0.05369121581315994,0.45406079292297363,0.21032005548477173,0.6833541393280029
3fa89cdb0f.jpg,0.03427041694521904,0.39215025305747986,0.25474339723587036,0.7981681823730469
3facf2de42.jpg,0.09957467019557953,0.3856239318847656,0.48026242852211,0.8001706600189209
3fc01a1f5a.jpg,0.05662839114665985,0.44744306802749634,0.3572661876678467,0.8298425674438477
3fc29d7b01.jpg,0.06286392360925674,0.5675381422042847,0.2770146429538727,0.6690809726715088
3fcabb43e0.jpg,0.04923251271247864,0.42582836747169495,0.328267365694046,0.729621171951294
3fce3b2092.jpg,0.09364309906959534,0.3736725151538849,0.6662346124649048,0.791151762008667
3fd5f45733.jpg,0.10091938078403473,0.4010961651802063,0.24209441244602203,0.5010330080986023
3fe71e2f91.jpg,0.07803426682949066,0.30070382356643677,0.2948029041290283,0.772150993347168
3ff9d14627.jpg,0.035904791206121445,0.5307328104972839,0.22605933248996735,0.8373821377754211
3ffcf75444.jpg,0.052105095237493515,0.41264837980270386,0.356450617313385,0.8390163779258728
4006643077.jpg,0.04812745377421379,0.3793594241142273,0.24179285764694214,0.5581294894218445
400dd42483.jpg,0.05303708836436272,0.37588509917259216,0.269819438457489,0.8054726719856262
401c79161f.jpg,0.048353105783462524,0.2792792022228241,0.2510544955730438,0.8465976715087891
402358e99c.jpg,0.03896129131317139,0.37990885972976685,0.2002926915884018,0.738257646560669
402da39edd.jpg,0.04787884280085564,0.3121998608112335,0.29933255910873413,0.7401580214500427
4033c4fd83.jpg,0.059927504509687424,0.40665239095687866,0.26264652609825134,0.6950594186782837
4035bcf4c5.jpg,0.07324482500553131,0.2930773198604584,0.3529192805290222,0.7650286555290222
40365d3029.jpg,0.06674252450466156,0.42222118377685547,0.289241760969162,0.7486966252326965
403a9eb385.jpg,0.05664704367518425,0.27322182059288025,0.24305877089500427,0.8197026252746582
4044bcfa56.jpg,0.04757143184542656,0.5892288684844971,0.28740137815475464,0.7121604681015015
40454944a3.jpg,0.060771144926548004,0.3744328022003174,0.295765221118927,0.7870179414749146
4051c9b480.jpg,0.043997883796691895,0.3043891191482544,0.2646922171115875,0.7072338461875916
405d277475.jpg,0.04350560903549194,0.3896235525608063,0.24932649731636047,0.7855014801025391
40634ec806.jpg,0.05851775407791138,0.42645472288131714,0.31548017263412476,0.6809066534042358
4069034d1b.jpg,0.06269136071205139,0.5616042017936707,0.3330819010734558,0.6123611330986023
4069c14970.jpg,0.02372634969651699,0.643208384513855,0.3223143219947815,0.6451185941696167
4069eee71a.jpg,0.030338909476995468,0.4208347499370575,0.24152901768684387,0.7433737516403198
406f7f455a.jpg,0.0556207112967968,0.37385767698287964,0.20180276036262512,0.7683485746383667
40773a3569.jpg,0.020539166405797005,0.6502583026885986,0.3678252100944519,0.6850004196166992
407ded2317.jpg,0.05149441957473755,0.33411237597465515,0.19155344367027283,0.8064050674438477
408a7ed2d4.jpg,0.03419899940490723,0.5720641613006592,0.2500937581062317,0.5904231071472168
408ae2c4d3.jpg,0.06373705714941025,0.436646431684494,0.37416401505470276,0.7529977560043335
408c4b86d7.jpg,0.04723247140645981,0.3709406852722168,0.2818261384963989,0.7791447639465332
409f830e91.jpg,0.02703484520316124,0.5438538193702698,0.27962303161621094,0.6607048511505127
40a2829478.jpg,0.04699806869029999,0.49075308442115784,0.38578224182128906,0.6920801997184753
40abbf6272.jpg,0.04669249802827835,0.5327155590057373,0.28721266984939575,0.7201032638549805
40b341cce7.jpg,0.06652241945266724,0.5043448805809021,0.4767301082611084,0.8947021961212158
40b814831c.jpg,0.06058238074183464,0.4012262225151062,0.25324931740760803,0.7680045366287231
40ba4c1ee0.jpg,0.03379993513226509,0.3727934956550598,0.21861374378204346,0.7506266832351685
40cd40f4ce.jpg,0.0482003316283226,0.47942790389060974,0.3111264109611511,0.6665629148483276
40d46c10bd.jpg,0.041253961622714996,0.666080117225647,0.5670149326324463,0.7459139227867126
40d6a5963b.jpg,0.050822578370571136,0.6225429177284241,0.407304972410202,0.7036007642745972
40dbef5e74.jpg,0.060419961810112,0.3109649419784546,0.29692378640174866,0.8114071488380432
40e2fb2f62.jpg,0.045152805745601654,0.28699392080307007,0.2856508493423462,0.7481098771095276
410a15d160.jpg,0.051018133759498596,0.48359575867652893,0.3221510946750641,0.6706576347351074
410c1279f0.jpg,0.06726136058568954,0.5388950109481812,0.31507301330566406,0.808857262134552
410f1753ab.jpg,0.030746450647711754,0.4018576741218567,0.18882368505001068,0.7900054454803467
4113173d13.jpg,0.0476733073592186,0.5579277873039246,0.2478986233472824,0.5561072826385498
411424ff38.jpg,0.046044331043958664,0.49657365679740906,0.28934597969055176,0.7944363355636597
4115b492be.jpg,0.04160864278674126,0.5574231743812561,0.35901501774787903,0.62445068359375
411728406b.jpg,0.04665757715702057,0.4831162095069885,0.33035457134246826,0.7289720177650452
411cbac479.jpg,0.03933687135577202,0.42382195591926575,0.2567978501319885,0.6503661870956421
41316be2ab.jpg,0.053651586174964905,0.38276371359825134,0.30848032236099243,0.7350214719772339
4134a75abc.jpg,0.07136618345975876,0.21141955256462097,0.28272926807403564,0.786556601524353
413aa936b2.jpg,0.05699200928211212,0.4766475260257721,0.3441234230995178,0.6080169081687927
414a144db4.jpg,0.07480686157941818,0.396026074886322,0.3243420720100403,0.7082758545875549
4151207d56.jpg,0.044572412967681885,0.6712659001350403,0.24817147850990295,0.5445655584335327
415a165321.jpg,0.07017794251441956,0.45711976289749146,0.3935736417770386,0.7696936130523682
4166c63775.jpg,0.03478951379656792,0.5114930868148804,0.23412597179412842,0.6180419921875
416e06ae04.jpg,0.04330100864171982,0.3958532214164734,0.23874744772911072,0.6594984531402588
416e954665.jpg,0.048473507165908813,0.5024797916412354,0.3096620440483093,0.6045342683792114
416fcde5d2.jpg,0.0672152042388916,0.3440956175327301,0.40990620851516724,0.7811702489852905
4170ddf51d.jpg,0.040421415120363235,0.527224063873291,0.3274095356464386,0.6813043355941772
417769579b.jpg,0.064935103058815,0.38317227363586426,0.3259037435054779,0.8085628747940063
417c141022.jpg,0.08694159239530563,0.39887669682502747,0.5839974284172058,0.8189510107040405
417f9dbce5.jpg,0.05815635249018669,0.5321895480155945,0.30232614278793335,0.6768510341644287
4185e8411e.jpg,0.048008840531110764,0.36603841185569763,0.3256082236766815,0.8059160113334656
418d1c582c.jpg,0.04858085513114929,0.4695190191268921,0.2761021852493286,0.7836073637008667
419385f134.jpg,0.02332622930407524,0.6921091675758362,0.16301408410072327,0.7483164072036743
4197e5cf91.jpg,0.06997331231832504,0.6830750703811646,0.2746644616127014,0.6266215443611145
419c88186c.jpg,0.06588084995746613,0.2881835401058197,0.2930815815925598,0.7214144468307495
41a0c9b77b.jpg,0.05189591273665428,0.37945401668548584,0.24443712830543518,0.7004035115242004
41a6a58a06.jpg,0.06393644958734512,0.4253447651863098,0.44351211190223694,0.8420243263244629
41aab05613.jpg,0.05092628300189972,0.29873570799827576,0.25160470604896545,0.7952600717544556
41c988e839.jpg,0.03991485759615898,0.6456641554832458,0.3129972219467163,0.5486662983894348
41ca266a6d.jpg,0.0601627342402935,0.4911614954471588,0.36310461163520813,0.7433092594146729
41d6d46378.jpg,0.0511825792491436,0.3606281280517578,0.32745712995529175,0.8226420879364014
41da9742ed.jpg,0.02898697927594185,0.6360467672348022,0.15202021598815918,0.5988077521324158
41df7d5e43.jpg,0.056549638509750366,0.29235830903053284,0.40968337655067444,0.777289628982544
41ec0c9e94.jpg,0.04368079453706741,0.38025587797164917,0.23198899626731873,0.8314807415008545
41ed759f87.jpg,0.05247339606285095,0.3515421152114868,0.34385550022125244,0.7630535364151001
41f062b74b.jpg,0.048953425139188766,0.5766693353652954,0.24040508270263672,0.6666629314422607
41f4b96cdd.jpg,0.05506523698568344,0.4426393508911133,0.26580655574798584,0.5538082718849182
420386aab6.jpg,0.05040020868182182,0.3892558813095093,0.29849153757095337,0.8471607565879822
421cf4d925.jpg,0.06413307040929794,0.21229833364486694,0.17466844618320465,0.8135638236999512
4234c4fa4a.jpg,0.05216469615697861,0.3767523169517517,0.42601901292800903,0.7906837463378906
4246be6f2b.jpg,0.06399182975292206,0.6333343386650085,0.4011235535144806,0.6823362112045288
4252a6b79d.jpg,0.049508094787597656,0.4939742386341095,0.32027512788772583,0.8779148459434509
4255eb0cb0.jpg,0.05661566182971001,0.4592946171760559,0.48455631732940674,0.7204852104187012
4262ee33cf.jpg,0.028428148478269577,0.5473842620849609,0.3511148989200592,0.6878138780593872
4263de0622.jpg,0.06373579800128937,0.3483133316040039,0.2946956753730774,0.7294506430625916
42703f8185.jpg,0.05304766818881035,0.3659028112888336,0.2732020616531372,0.7999282479286194
428066cbb6.jpg,0.03717710077762604,0.39833512902259827,0.2805841267108917,0.81492018699646
428516308c.jpg,0.04987670108675957,0.3206513524055481,0.2698320746421814,0.8537601232528687
428cfa30a0.jpg,0.03711384907364845,0.6370317935943604,0.17669661343097687,0.5738199949264526
42a17f2513.jpg,0.08699074387550354,0.3928726613521576,0.5694037675857544,0.8137181997299194
42a2c9c2a9.jpg,0.04149405658245087,0.5137461423873901,0.24077929556369781,0.6297522783279419
42a90ee8fd.jpg,0.04742320626974106,0.4106960594654083,0.2166627198457718,0.6135877370834351
42b38b3ecf.jpg,0.039247944951057434,0.4491998851299286,0.2774427831172943,0.7510099411010742
42b7ed6caf.jpg,0.060801174491643906,0.4437888264656067,0.33980655670166016,0.7262276411056519
42b9334189.jpg,0.0608094297349453,0.4542376399040222,0.48449116945266724,0.6891672611236572
42d09ebeef.jpg,0.040126752108335495,0.5284335613250732,0.20346051454544067,0.6452544927597046
42d7e15840.jpg,0.03974131867289543,0.38635194301605225,0.2911915183067322,0.7850561141967773
42d95f5656.jpg,0.03511785715818405,0.6007856726646423,0.2054263949394226,0.5881103277206421
42d9791966.jpg,0.060739755630493164,0.43302062153816223,0.3243193030357361,0.7688561677932739
42db3f6bfb.jpg,0.040322281420230865,0.44426894187927246,0.2795862555503845,0.7607609033584595
42e33a0f4e.jpg,0.07570209354162216,0.37491631507873535,0.5305672287940979,0.7810092568397522
42e6bc6527.jpg,0.0747346505522728,0.3854246139526367,0.35229310393333435,0.7941831350326538
42f2c8badb.jpg,0.0759950503706932,0.4193154573440552,0.5070399641990662,0.8901640176773071
42f67a0c9b.jpg,0.05124060437083244,0.3593592345714569,0.350877970457077,0.8237192630767822
430365e84b.jpg,0.04088674858212471,0.3102762997150421,0.24605987966060638,0.8058344721794128
4308c43102.jpg,0.06704429537057877,0.35049235820770264,0.37402987480163574,0.8135110139846802
4325d69fe4.jpg,0.08792227506637573,0.3702448606491089,0.3828701376914978,0.7019939422607422
4327a26f90.jpg,0.05030936002731323,0.32720625400543213,0.2678837180137634,0.7821048498153687
432c4949ea.jpg,0.08063416182994843,0.6154295802116394,0.3936278223991394,0.6610162258148193
432c77e7ff.jpg,0.05458734557032585,0.31942126154899597,0.368553102016449,0.7680066227912903
433f72e01b.jpg,0.06467603892087936,0.44676488637924194,0.2513638436794281,0.4491305351257324
43425f75c3.jpg,0.04321812838315964,0.5237174034118652,0.2749954164028168,0.6150457859039307
4346c649be.jpg,0.08419545739889145,0.4253428876399994,0.5099622011184692,0.7703737020492554
43519ebdda.jpg,0.0520719513297081,0.24170416593551636,0.2560696005821228,0.826878011226654
436544ba60.jpg,0.04595208913087845,0.5745294094085693,0.23366965353488922,0.7581145167350769
436738950d.jpg,0.06708864867687225,0.3535917401313782,0.36554309725761414,0.7971782684326172
4367fc0915.jpg,0.027645427733659744,0.6921957731246948,0.2439277172088623,0.590342104434967
437bce391c.jpg,0.04430199787020683,0.49713706970214844,0.2603429853916168,0.7031728029251099
437d311cfe.jpg,0.04141915962100029,0.453531950712204,0.21547693014144897,0.5853099822998047
439be152be.jpg,0.04848448559641838,0.5105896592140198,0.33881309628486633,0.710945725440979
43a246cd29.jpg,0.06635448336601257,0.47068482637405396,0.2697620093822479,0.7972419261932373
43a3471132.jpg,0.04608457535505295,0.43258318305015564,0.24420586228370667,0.6744681596755981
43a5271014.jpg,0.06487533450126648,0.35545292496681213,0.3541804552078247,0.7669907212257385
43b2557047.jpg,0.07720419764518738,0.35475820302963257,0.1995290368795395,0.6987073421478271
43b5bdf41c.jpg,0.0390109047293663,0.31628987193107605,0.21664386987686157,0.7289495468139648
43b6f98955.jpg,0.051771074533462524,0.560359001159668,0.38170936703681946,0.748236894607544
43bcfa7f99.jpg,0.05066266655921936,0.3427392244338989,0.2334991842508316,0.7690567970275879
43be6f2003.jpg,0.08384644985198975,0.6667397618293762,0.33270877599716187,0.7117917537689209
43be7d5231.jpg,0.06145400553941727,0.39419931173324585,0.48149654269218445,0.8592602610588074
43d6edb617.jpg,0.04577767848968506,0.2994135320186615,0.26193028688430786,0.7804803848266602
43d7a934de.jpg,0.059810176491737366,0.2765131890773773,0.2849472761154175,0.8346289396286011
43db8e440e.jpg,0.03379451110959053,0.5758266448974609,0.2591743767261505,0.6403554677963257
43dbb8ae62.jpg,0.04292891174554825,0.3327489197254181,0.21067340672016144,0.7640509605407715
43e7f05c27.jpg,0.04989622160792351,0.7629756927490234,0.2773205041885376,0.5606056451797485
43ecb78f04.jpg,0.02809305489063263,0.6101757287979126,0.3285677433013916,0.6993720531463623
43ef5533dd.jpg,0.051810186356306076,0.3701074719429016,0.315258651971817,0.7897857427597046
43f3d41042.jpg,0.05408065766096115,0.4222968816757202,0.3476870059967041,0.7415493130683899
441ba0764f.jpg,0.051364388316869736,0.38662847876548767,0.34088262915611267,0.8051852583885193
442465d291.jpg,0.06314501911401749,0.5828471183776855,0.29419344663619995,0.5216604471206665
44263e569e.jpg,0.05246482789516449,0.4946528673171997,0.4012620747089386,0.7741416692733765
442e55394f.jpg,0.03985100984573364,0.41718029975891113,0.2382829189300537,0.8468911647796631
443367c605.jpg,0.06475859880447388,0.3200370967388153,0.2972396910190582,0.745902419090271
443cfcaf19.jpg,0.03209683671593666,0.5588836073875427,0.22427868843078613,0.7364296317100525
444ea6a3df.jpg,0.0578061044216156,0.32608726620674133,0.3015856146812439,0.7724871635437012
445c9de4ae.jpg,0.05613436922430992,0.49604302644729614,0.3327971398830414,0.5970402956008911
44643764ef.jpg,0.04281464219093323,0.39205726981163025,0.24038827419281006,0.5436365008354187
4473598289.jpg,0.06511946767568588,0.3445354700088501,0.4012831449508667,0.7912625074386597
447a64dc90.jpg,0.0961298793554306,0.3728792071342468,0.5635857582092285,0.8413843512535095
447ceb7434.jpg,0.05972827598452568,0.4353615939617157,0.2623559236526489,0.7280012369155884
44811f744f.jpg,0.03473605215549469,0.4306475818157196,0.1999036818742752,0.775007963180542
44838c4894.jpg,0.05452745780348778,0.5970323085784912,0.3494500517845154,0.5717727541923523
44852d6fd3.jpg,0.07175101339817047,0.501473069190979,0.436012327671051,0.6969058513641357
4494dace12.jpg,0.062451064586639404,0.5174868702888489,0.3620951771736145,0.7469496726989746
449d31ec71.jpg,0.05851110816001892,0.3628048598766327,0.1971769481897354,0.7203987836837769
449ffd7d0e.jpg,0.054369449615478516,0.41621556878089905,0.27689144015312195,0.7950772047042847
44b1c947c8.jpg,0.04223690181970596,0.45513397455215454,0.2462873011827469,0.6913994550704956
44b7b27bdb.jpg,0.043236225843429565,0.5449367761611938,0.1925264596939087,0.7614118456840515
44b948a11b.jpg,0.046976715326309204,0.29053810238838196,0.2802419066429138,0.7238443493843079
44be21f482.jpg,0.03634210675954819,0.5067137479782104,0.17063330113887787,0.7061218023300171
44ca9b838b.jpg,0.044798992574214935,0.5593156218528748,0.350408673286438,0.7942608594894409
44cd2a0855.jpg,0.04859601706266403,0.40273964405059814,0.33659666776657104,0.8510942459106445
44d4bbf9c5.jpg,0.051392704248428345,0.39986103773117065,0.21686486899852753,0.7447406649589539
44e072e7f6.jpg,0.045409150421619415,0.4973507225513458,0.28914469480514526,0.5650327205657959
44f0533b7d.jpg,0.049515798687934875,0.6133374571800232,0.3140392005443573,0.5446543097496033
44f9fc3d08.jpg,0.05210920423269272,0.3119487762451172,0.31338056921958923,0.8279955387115479
450c48015c.jpg,0.04612266272306442,0.38900652527809143,0.3103872537612915,0.6573343276977539
451fa08066.jpg,0.06894475966691971,0.4327540993690491,0.44365984201431274,0.8337939381599426
45281596ce.jpg,0.04470141977071762,0.45669934153556824,0.2374432235956192,0.7289755344390869
452c2eae3c.jpg,0.04203013330698013,0.4974110424518585,0.35193318128585815,0.7072293758392334
452c5d0bb4.jpg,0.06242341920733452,0.3356057405471802,0.3470803201198578,0.7062437534332275
452cb57460.jpg,0.08258598297834396,0.3590644598007202,0.3653404116630554,0.7969899773597717
45342d5c70.jpg,0.043159231543540955,0.4790089726448059,0.24941879510879517,0.601707935333252
4534cb2584.jpg,0.03887135535478592,0.5070556998252869,0.33633360266685486,0.7404059171676636
453afd0c27.jpg,0.04660463333129883,0.40660661458969116,0.2750036120414734,0.6045446991920471
453bd33553.jpg,0.04603264853358269,0.47127968072891235,0.2724989056587219,0.7061209678649902
453f5d81cf.jpg,0.04456973075866699,0.49220386147499084,0.44240203499794006,0.7635669708251953
454cf7a157.jpg,0.05282965302467346,0.5156735181808472,0.28656452894210815,0.708370566368103
4550c707f6.jpg,0.09643149375915527,0.5015855431556702,0.5927031636238098,0.7572834491729736
4551f3f54b.jpg,0.041591182351112366,0.4255843758583069,0.17912504076957703,0.7707708477973938
4569404b70.jpg,0.08205170929431915,0.3985501527786255,0.39007729291915894,0.7063859701156616
4569953612.jpg,0.04268757626414299,0.43081367015838623,0.22890493273735046,0.6860635876655579
457b19a007.jpg,0.05148380249738693,0.33264827728271484,0.24254626035690308,0.8714594841003418
4581966154.jpg,0.029629994183778763,0.6857797503471375,0.19179092347621918,0.5979666709899902
4581a4faee.jpg,0.031010791659355164,0.7256344556808472,0.2767452597618103,0.49265480041503906
458b9bddeb.jpg,0.05418313294649124,0.5244798064231873,0.3490784764289856,0.709716260433197
459a0e8a7b.jpg,0.046853046864271164,0.4044082462787628,0.22260123491287231,0.7321206331253052
45a0cf81a7.jpg,0.0566013902425766,0.48314329981803894,0.21842673420906067,0.7678418159484863
45a4fc418c.jpg,0.05623295530676842,0.3509916365146637,0.2648387849330902,0.8523954153060913
45ae43ca11.jpg,0.03034178912639618,0.4734519124031067,0.2990761995315552,0.5475801229476929
45b59ba108.jpg,0.05164141207933426,0.36028939485549927,0.24757544696331024,0.7183623313903809
45bfc01241.jpg,0.03434215113520622,0.5710747838020325,0.1940860003232956,0.7029099464416504
45cecf091d.jpg,0.04715124890208244,0.36811450123786926,0.37537574768066406,0.6985255479812622
45d284a829.jpg,0.04804861545562744,0.5009982585906982,0.2952151596546173,0.6317360997200012
45db826465.jpg,0.08356072753667831,0.2899477481842041,0.24036064743995667,0.7141490578651428
45e07afb6c.jpg,0.038314152508974075,0.4847938120365143,0.26880699396133423,0.668615460395813
45f3a9c5e3.jpg,0.07296097278594971,0.39644181728363037,0.2882992923259735,0.663333535194397
45f63c2653.jpg,0.04243573546409607,0.6550778150558472,0.2084110975265503,0.6510334610939026
45f784213e.jpg,0.045097582042217255,0.42268502712249756,0.30410459637641907,0.761432409286499
45feda47bc.jpg,0.06465525925159454,0.33855342864990234,0.18148329854011536,0.7980325222015381
46196f19d1.jpg,0.05131418630480766,0.4484798312187195,0.2299090027809143,0.7867072820663452
461cc8da33.jpg,0.03863525390625,0.34825068712234497,0.13568121194839478,0.7261390686035156
463758c10d.jpg,0.050770919770002365,0.4123447835445404,0.35160815715789795,0.7094212174415588
463ad92568.jpg,0.04549408704042435,0.5036169290542603,0.2478449046611786,0.7321462631225586
463b8807e5.jpg,0.03822062164545059,0.38361141085624695,0.26221874356269836,0.7696293592453003
463be5a1a1.jpg,0.04107359051704407,0.6738815903663635,0.24273847043514252,0.6141132116317749
464d4dd705.jpg,0.07009581476449966,0.31709304451942444,0.16559743881225586,0.6000381708145142
4663bb2924.jpg,0.047807659953832626,0.5727193355560303,0.2671489119529724,0.6665892601013184
466585f6df.jpg,0.0453384593129158,0.5243252515792847,0.245157390832901,0.6277391314506531
467657f396.jpg,0.05415412783622742,0.40902283787727356,0.2957081198692322,0.8269014358520508
467873c9df.jpg,0.0572623685002327,0.2865234613418579,0.27727049589157104,0.7242965698242188
468048412c.jpg,0.05743826553225517,0.33865779638290405,0.3555430769920349,0.8726351261138916
4682dbbee5.jpg,0.07652631402015686,0.5213075280189514,0.4192710518836975,0.8065978288650513
4690fd5a96.jpg,0.05406872555613518,0.4237530827522278,0.2534128725528717,0.8223991394042969
4691625ad2.jpg,0.06805752217769623,0.5008597373962402,0.2956296503543854,0.5583950281143188
46950ae4ea.jpg,0.06486426293849945,0.3460657000541687,0.22554157674312592,0.7888301610946655
4695ac2040.jpg,0.05354350060224533,0.5365971922874451,0.2380121648311615,0.7041857242584229
4698056301.jpg,0.06466800719499588,0.34715819358825684,0.28824204206466675,0.7385962009429932
469836dad8.jpg,0.033802419900894165,0.5515084862709045,0.2322772890329361,0.6267118453979492
469d7ad9cc.jpg,0.08021849393844604,0.41208451986312866,0.3389838933944702,0.5478161573410034
46c95eebbe.jpg,0.0713491439819336,0.38578033447265625,0.4542333483695984,0.6870348453521729
46cadbe0a9.jpg,0.039336636662483215,0.3650967478752136,0.2005358338356018,0.7276736497879028
46db1d7f60.jpg,0.030208256095647812,0.41945362091064453,0.1618366539478302,0.6603680849075317
46e47f7efe.jpg,0.06663601100444794,0.41456055641174316,0.3403087854385376,0.7678496837615967
46e71a4094.jpg,0.04917547106742859,0.29491162300109863,0.2398473024368286,0.8438328504562378
46e84039a1.jpg,0.05984681844711304,0.36445844173431396,0.2952691614627838,0.7167731523513794
46f391abec.jpg,0.03800904378294945,0.43809574842453003,0.2361203134059906,0.7676153779029846
46f5ef1042.jpg,0.02272440493106842,0.5884755253791809,0.24945169687271118,0.6493420004844666
4706619607.jpg,0.05325406789779663,0.3555907905101776,0.2344476282596588,0.8489285707473755
4707b03a08.jpg,0.037968218326568604,0.4842909276485443,0.25771433115005493,0.5356827974319458
47100a9939.jpg,0.05199768394231796,0.3796533942222595,0.2480788230895996,0.6753844022750854
471f4755b9.jpg,0.04308021813631058,0.47694331407546997,0.301660418510437,0.7712315320968628
472b351bc4.jpg,0.06806232780218124,0.3310205638408661,0.32777780294418335,0.8159797191619873
472d5ac100.jpg,0.07224244624376297,0.4304255545139313,0.4155704975128174,0.7427334189414978
4758e5dd4c.jpg,0.03642699867486954,0.3640565276145935,0.25511249899864197,0.7206870317459106
4762bb79ef.jpg,0.0642111748456955,0.37834489345550537,0.29526346921920776,0.8315240144729614
4778b13518.jpg,0.06320084631443024,0.6189446449279785,0.32113784551620483,0.7477017045021057
4787b82d37.jpg,0.056327562779188156,0.3506072461605072,0.32198962569236755,0.7421809434890747
478e07feaa.jpg,0.04669179767370224,0.5526286363601685,0.3483891487121582,0.5958773493766785
478eb12a82.jpg,0.046756766736507416,0.3993421196937561,0.3183048963546753,0.817231297492981
479698b371.jpg,0.0390627384185791,0.5106281638145447,0.27962493896484375,0.5635175704956055
4796d67f61.jpg,0.041252199560403824,0.6155678033828735,0.3202781081199646,0.6490704417228699
47aad493bd.jpg,0.05143088102340698,0.32745277881622314,0.3125345706939697,0.7558473348617554
47ae0edd23.jpg,0.061651259660720825,0.5508201718330383,0.3216679096221924,0.6933212876319885
47b94957ff.jpg,0.06649886816740036,0.5386050939559937,0.3483361601829529,0.7193794250488281
47bb43fe3e.jpg,0.03926083445549011,0.515262246131897,0.2001490443944931,0.6548314094543457
47bb59d449.jpg,0.04690038785338402,0.37108442187309265,0.2705645263195038,0.7882610559463501
47d391d94b.jpg,0.046024974435567856,0.628146231174469,0.31070676445961,0.6126763820648193
47df262cc5.jpg,0.05293051525950432,0.4170876145362854,0.41021084785461426,0.8602197170257568
47eea5bf33.jpg,0.0416787713766098,0.5506994128227234,0.25275152921676636,0.6121270060539246
47f3b40cbc.jpg,0.08844258636236191,0.45249101519584656,0.6227697730064392,0.8071301579475403
48122c9518.jpg,0.050557445734739304,0.3968775272369385,0.35021883249282837,0.7993232011795044
481456b5a6.jpg,0.056054532527923584,0.3674812912940979,0.2813791334629059,0.7466590404510498
481713d59d.jpg,0.06247903034090996,0.39469969272613525,0.3114571273326874,0.711135745048523
481bd32b6c.jpg,0.06417986005544662,0.607816219329834,0.23321613669395447,0.6068661212921143
482bf5a0d2.jpg,0.057196855545043945,0.4054808020591736,0.2712191939353943,0.7441776990890503
482fd44fce.jpg,0.03974905237555504,0.47178173065185547,0.1937641203403473,0.6434992551803589
4831466e23.jpg,0.053999438881874084,0.46355003118515015,0.31705790758132935,0.683181643486023
48502862cf.jpg,0.056840479373931885,0.38441407680511475,0.30898407101631165,0.7018513083457947
485517e0c7.jpg,0.05124368518590927,0.40139493346214294,0.3095923364162445,0.8272520899772644
48598ead29.jpg,0.04618373513221741,0.38573452830314636,0.2818567752838135,0.8881364464759827
4862d17fa4.jpg,0.08070202171802521,0.4788821339607239,0.5061577558517456,0.8464268445968628
486a62a430.jpg,0.07448872923851013,0.41635483503341675,0.3292752206325531,0.7819618582725525
486cafaa7f.jpg,0.03512607514858246,0.3419727683067322,0.2445298731327057,0.5281248092651367
48735c69aa.jpg,0.06450393795967102,0.41785261034965515,0.300609827041626,0.8049201369285583
48793755cd.jpg,0.060644518584012985,0.4939381778240204,0.4081583023071289,0.7815157771110535
4879579e02.jpg,0.10140197724103928,0.3735811710357666,0.734417200088501,0.4983386993408203
488a6cef0c.jpg,0.058224376291036606,0.508118212223053,0.34248408675193787,0.7862201929092407
489c841af4.jpg,0.03773655742406845,0.5793510675430298,0.25707846879959106,0.6375869512557983
48a85bc072.jpg,0.0449242889881134,0.6047978401184082,0.3606416881084442,0.593062698841095
48ac1011db.jpg,0.035600654780864716,0.805124044418335,0.2529042959213257,0.6223640441894531
48b6156f89.jpg,0.04269064962863922,0.4394717216491699,0.23004592955112457,0.75389164686203
48c641285b.jpg,0.06867305189371109,0.4011903405189514,0.3483086824417114,0.8051989674568176
48e1a89d96.jpg,0.055554747581481934,0.4376816749572754,0.2589290738105774,0.7921530604362488
48eac3916f.jpg,0.08661876618862152,0.49755859375,0.3744513988494873,0.595813512802124
48eb5fa7bd.jpg,0.05421604961156845,0.33207064867019653,0.28085196018218994,0.6676045656204224
48f120810d.jpg,0.1067143902182579,0.4616662263870239,0.6233556866645813,0.8235515356063843
49095bdeb5.jpg,0.040356364101171494,0.5557089447975159,0.22279828786849976,0.7388811111450195
491b2ba38c.jpg,0.04534890502691269,0.3292570114135742,0.19939054548740387,0.7930281162261963
49205c171d.jpg,0.07567200809717178,0.4098578989505768,0.31213513016700745,0.7475894093513489
4943c84af0.jpg,0.054247982800006866,0.30799993872642517,0.28877997398376465,0.8284261226654053
494db50238.jpg,0.026435378938913345,0.6474491953849792,0.2080661952495575,0.5660750865936279
4950bcf8c1.jpg,0.07284951210021973,0.3302161693572998,0.335719496011734,0.7885247468948364
496757508b.jpg,0.08683791011571884,0.37764397263526917,0.4702720046043396,0.7888152599334717
499b445583.jpg,0.04349139332771301,0.33292660117149353,0.32933229207992554,0.6921787261962891
499bc1a152.jpg,0.07427103817462921,0.4594708979129791,0.40596482157707214,0.616351842880249
499c1bd3b8.jpg,0.061512093991041183,0.6070228219032288,0.21399207413196564,0.5216690897941589
49a9692a0e.jpg,0.07133781909942627,0.2468937635421753,0.23259931802749634,0.7418941259384155
49b093a9f3.jpg,0.06252080202102661,0.594591498374939,0.3130688965320587,0.6879578232765198
49b3383147.jpg,0.04702743887901306,0.47562435269355774,0.2694317102432251,0.6603305339813232
49b8c4ea37.jpg,0.04723597690463066,0.46621739864349365,0.261107474565506,0.5560320615768433
49c2b1cdef.jpg,0.04558286815881729,0.29853832721710205,0.2198283076286316,0.8794032335281372
49c538fce7.jpg,0.07813462615013123,0.5616757869720459,0.48534440994262695,0.50754714012146
49d2c9fc14.jpg,0.03651542216539383,0.3411887288093567,0.19460032880306244,0.7084963321685791
49dc3fd195.jpg,0.044436417520046234,0.5230974555015564,0.27488207817077637,0.6268023252487183
49e4129024.jpg,0.03749506175518036,0.6206353902816772,0.2720685303211212,0.6641120910644531
49ee914a63.jpg,0.0604371652007103,0.3891269862651825,0.29889431595802307,0.7757889032363892
4a06596662.jpg,0.05399090051651001,0.5367663502693176,0.287407785654068,0.7329429388046265
4a12f1780a.jpg,0.06078933924436569,0.4394646883010864,0.20147135853767395,0.735910177230835
4a16981927.jpg,0.05737002193927765,0.29070165753364563,0.27869194746017456,0.8194825649261475
4a195405a0.jpg,0.034004732966423035,0.4408302903175354,0.24250560998916626,0.5919334888458252
4a1bb1d46c.jpg,0.049324505031108856,0.3698021173477173,0.28433921933174133,0.6868354082107544
4a20622bde.jpg,0.049384694546461105,0.48345473408699036,0.28059151768684387,0.6628568172454834
4a29db3c6b.jpg,0.05429510399699211,0.5087015628814697,0.24827274680137634,0.71288001537323
4a2c4db283.jpg,0.04890243709087372,0.4908629357814789,0.23163670301437378,0.762204110622406
4a55695a4d.jpg,0.04351813718676567,0.6770097613334656,0.3807884752750397,0.5275999307632446
4a5ab8f970.jpg,0.05774277076125145,0.32289808988571167,0.2793251872062683,0.8076884746551514
4a669c897c.jpg,0.039615582674741745,0.6538906097412109,0.2435789555311203,0.6086156368255615
4a7cec06e7.jpg,0.03856018930673599,0.3907574713230133,0.19826734066009521,0.8098176717758179
4a8a49028d.jpg,0.03908151388168335,0.38285014033317566,0.29237857460975647,0.7247073650360107
4a916ceb98.jpg,0.04737771302461624,0.3878193497657776,0.20330321788787842,0.7138650417327881
4a9d34fa51.jpg,0.07530258595943451,0.4165884852409363,0.39919203519821167,0.7323445081710815
4a9e982b39.jpg,0.022775962948799133,0.5203138589859009,0.19496236741542816,0.8188910484313965
4aaf628a71.jpg,0.045132264494895935,0.6079812049865723,0.23981168866157532,0.5911325812339783
4ab9478ef9.jpg,0.05483086034655571,0.6679666638374329,0.31542158126831055,0.6351307034492493
4abaac9654.jpg,0.06865495443344116,0.415096253156662,0.31449785828590393,0.7709674835205078
4abd5654a3.jpg,0.06666155159473419,0.4421256184577942,0.35486936569213867,0.6629607677459717
4abda75494.jpg,0.05641328543424606,0.36899304389953613,0.3243430256843567,0.7276040315628052
4ac7c7bf44.jpg,0.06900449097156525,0.45365214347839355,0.4420696496963501,0.8195893168449402
4ac8581018.jpg,0.04430706426501274,0.40297436714172363,0.23069089651107788,0.734258770942688
4ad0ccff25.jpg,0.0319812074303627,0.4258110225200653,0.19570355117321014,0.7172924280166626
4adc8b7be7.jpg,0.0661250576376915,0.3888562321662903,0.3758081793785095,0.6399573087692261
4ae0414bb9.jpg,0.056887418031692505,0.32466697692871094,0.2091859132051468,0.7625489234924316
4ae09366f5.jpg,0.03728572279214859,0.5865170359611511,0.25158292055130005,0.7721323370933533
4ae0b6efb2.jpg,0.06013231724500656,0.4738229811191559,0.3985857665538788,0.7496647834777832
4ae5e1fb1d.jpg,0.07639367878437042,0.4071591794490814,0.37943777441978455,0.7688567638397217
4b0025406f.jpg,0.05059915408492088,0.5372593402862549,0.3326302468776703,0.6054184436798096
4b09444fe2.jpg,0.06344731897115707,0.4243491590023041,0.45669350028038025,0.749234139919281
4b0c0d7145.jpg,0.04644226282835007,0.2064107358455658,0.2466498762369156,0.8535367250442505
4b0db938a7.jpg,0.045809611678123474,0.32038506865501404,0.19394022226333618,0.8345707654953003
4b0f73833c.jpg,0.06793193519115448,0.46243762969970703,0.3825869560241699,0.7530509829521179
4b14030c98.jpg,0.030153915286064148,0.5030509233474731,0.21037998795509338,0.6689686179161072
4b2555ba9c.jpg,0.0352412573993206,0.4701983332633972,0.17340996861457825,0.5808818340301514
4b29d9c42c.jpg,0.055076949298381805,0.3113026022911072,0.24168650805950165,0.6977793574333191
4b2d102def.jpg,0.07031289488077164,0.40836629271507263,0.35186073184013367,0.6743189096450806
4b3835e8ba.jpg,0.051861342042684555,0.5735788345336914,0.5359548330307007,0.6952838897705078
4b3ccac37c.jpg,0.04925377294421196,0.4986550211906433,0.4484977424144745,0.7402598857879639
4b47e76275.jpg,0.05662272498011589,0.37694498896598816,0.5112330913543701,0.6918272972106934
4b497dc591.jpg,0.04639708995819092,0.4059688448905945,0.28742846846580505,0.7587710022926331
4b59dd4ebc.jpg,0.05726341903209686,0.3174445629119873,0.36847972869873047,0.7535463571548462
4b5a46b50f.jpg,0.062525674700737,0.37807029485702515,0.3332955837249756,0.8377506732940674
4b5b64dc18.jpg,0.07145567238330841,0.29525238275527954,0.36156362295150757,0.7234889268875122
4b689e9b37.jpg,0.05703240633010864,0.40926316380500793,0.37737640738487244,0.7176141142845154
4b7878976b.jpg,0.0514407679438591,0.39829158782958984,0.3588407635688782,0.7289873361587524
4b7902dfa6.jpg,0.05229073762893677,0.3396097719669342,0.29536741971969604,0.7803096175193787
4b7fc92bdc.jpg,0.059830185025930405,0.4336269497871399,0.3740415573120117,0.7503907680511475
4b91cd8fce.jpg,0.0396246463060379,0.42247509956359863,0.38071969151496887,0.7928236126899719
4b9eb29c59.jpg,0.051310062408447266,0.43466949462890625,0.3655376434326172,0.8502864241600037
4bab53c613.jpg,0.041366349905729294,0.4858589172363281,0.2236577272415161,0.6543870568275452
4bad1549a1.jpg,0.04119423031806946,0.41935932636260986,0.26080602407455444,0.5944040417671204
4bbe0cbb3c.jpg,0.03597252070903778,0.4856581389904022,0.2209022343158722,0.7299778461456299
4bd43d88d4.jpg,0.05940544605255127,0.4312182366847992,0.4935234785079956,0.7982360124588013
4bd8ec5dd3.jpg,0.026653608307242393,0.6852028369903564,0.2623201012611389,0.6257092952728271
4bdb933264.jpg,0.04466492682695389,0.5477902889251709,0.3066324293613434,0.6909115314483643
4bdbdcc1e5.jpg,0.07460196316242218,0.40895745158195496,0.5239385366439819,0.8466615676879883
4bdd197102.jpg,0.030902281403541565,0.5751282572746277,0.38195180892944336,0.6658556461334229
4be248f682.jpg,0.05005372688174248,0.4051474928855896,0.38194847106933594,0.7710517644882202
4bedb30dce.jpg,0.03291267156600952,0.44895535707473755,0.18932904303073883,0.7475453019142151
4bef7510cb.jpg,0.07634125649929047,0.3884115219116211,0.6652331948280334,0.8356306552886963
4bf1292d69.jpg,0.06478045880794525,0.3800554871559143,0.3690905272960663,0.8183603882789612
4bfa3043e7.jpg,0.04445862025022507,0.26394137740135193,0.22971995174884796,0.8067035675048828
4bfc3fbd84.jpg,0.04344494268298149,0.2795293927192688,0.20968826115131378,0.8479207754135132
4bfed75eb2.jpg,0.06565685570240021,0.5251951813697815,0.2766716778278351,0.695785403251648
4c07909a8d.jpg,0.05653742700815201,0.3696240186691284,0.2606693208217621,0.6594406366348267
4c1165be97.jpg,0.036591604351997375,0.42752188444137573,0.22831857204437256,0.7234528660774231
4c16835970.jpg,0.06130598485469818,0.49326270818710327,0.41005367040634155,0.7484303712844849
4c1907f1a0.jpg,0.0729748010635376,0.4696122407913208,0.37841638922691345,0.7958724498748779
4c1b160563.jpg,0.04798565432429314,0.44030874967575073,0.328807532787323,0.705496072769165
4c2d3216aa.jpg,0.06715673208236694,0.37952661514282227,0.3368745446205139,0.7317639589309692
4c30ff85a7.jpg,0.05429592728614807,0.39934325218200684,0.27800241112709045,0.8071027994155884
4c4574cfa8.jpg,0.04226985573768616,0.3747822344303131,0.3264901638031006,0.7130250930786133
4c507b65b0.jpg,0.030019238591194153,0.5805460810661316,0.3058605492115021,0.6984923481941223
4c6550cff5.jpg,0.07261766493320465,0.3031134009361267,0.2777605950832367,0.722421407699585
4c712561ab.jpg,0.06386251747608185,0.4183577001094818,0.3326205015182495,0.7819018363952637
4c72792844.jpg,0.03491418808698654,0.5511935949325562,0.24614928662776947,0.5958660840988159
4c75385f85.jpg,0.07426078617572784,0.4742421507835388,0.5716382265090942,0.6849703788757324
4c7692cb0c.jpg,0.04705933853983879,0.5041753649711609,0.18806354701519012,0.7441297769546509
4c7b54e38c.jpg,0.0460333451628685,0.48299962282180786,0.273720920085907,0.6295582056045532
4c8a000abb.jpg,0.06311448663473129,0.46992477774620056,0.4675963222980499,0.6153994798660278
4c8bf22d16.jpg,0.06540097296237946,0.40493014454841614,0.3886447548866272,0.8056488633155823
4c9669b6b8.jpg,0.06250361353158951,0.428524911403656,0.40161725878715515,0.7323858737945557
4ca019a3d6.jpg,0.05976641923189163,0.6049507856369019,0.3152579367160797,0.6979656219482422
4ca57d26c0.jpg,0.03713715821504593,0.3817064166069031,0.22117215394973755,0.69084632396698
4ca6e5451a.jpg,0.07736733555793762,0.4997888207435608,0.3340442180633545,0.6205297708511353
4cac88b518.jpg,0.051121585071086884,0.4056228697299957,0.23012930154800415,0.674609899520874
4cb25fbf3d.jpg,0.031681906431913376,0.6001408100128174,0.20127882063388824,0.5572604537010193
4cb7c5e33d.jpg,0.04722851514816284,0.609589159488678,0.5158812999725342,0.7930934429168701
4cc42ebe97.jpg,0.04918716475367546,0.3800063729286194,0.3417772352695465,0.7124316692352295
4ccc4a21e3.jpg,0.052909426391124725,0.3378477394580841,0.2706657648086548,0.8697574138641357
4cd07a4561.jpg,0.04104837402701378,0.41960516571998596,0.4129840135574341,0.7723410725593567
4cdd74b1c7.jpg,0.06681261956691742,0.37189871072769165,0.48868659138679504,0.8398656845092773
4cf9aac018.jpg,0.03827749937772751,0.4198915362358093,0.19604218006134033,0.6695919632911682
4cfdd2e627.jpg,0.03474045172333717,0.5368411540985107,0.29081711173057556,0.8373180031776428
4d08cb65c3.jpg,0.034101344645023346,0.5125887989997864,0.3114697337150574,0.7471715807914734
4d0a217b38.jpg,0.06801363080739975,0.46454495191574097,0.38201695680618286,0.6186445951461792
4d0a274acb.jpg,0.07383789122104645,0.33929193019866943,0.47332704067230225,0.7515443563461304
4d0eb41723.jpg,0.0699380487203598,0.4024917483329773,0.40675222873687744,0.8402047157287598
4d1755ab04.jpg,0.06157815456390381,0.3566223084926605,0.3682625889778137,0.6771843433380127
4d1c0b488e.jpg,0.039320848882198334,0.3577769994735718,0.26783907413482666,0.7242079377174377
4d1c4d142e.jpg,0.03388892114162445,0.4399103820323944,0.29288196563720703,0.704668402671814
4d1d5efd4f.jpg,0.03518586605787277,0.430822491645813,0.22096773982048035,0.7574307918548584
4d3a7e5326.jpg,0.059375084936618805,0.538621723651886,0.5536016821861267,0.7699245810508728
4d42605a8b.jpg,0.05342536419630051,0.5425695180892944,0.2486869990825653,0.6474748849868774
4d4b6bcac4.jpg,0.054903239011764526,0.4570521414279938,0.27765774726867676,0.6796006560325623
4d4f0faddf.jpg,0.04812592267990112,0.4315084218978882,0.2141064703464508,0.7838602066040039
4d4f388e91.jpg,0.05082026869058609,0.34296736121177673,0.27274182438850403,0.8026371002197266
4d4f6174f1.jpg,0.035420969128608704,0.4439888298511505,0.22909881174564362,0.7153477668762207
4d62a64806.jpg,0.0579366497695446,0.30359846353530884,0.31162968277931213,0.6903440952301025
4d7188ff9e.jpg,0.07102620601654053,0.3201169967651367,0.2423975020647049,0.7380197048187256
4d7517df48.jpg,0.0861300453543663,0.505065381526947,0.7739701271057129,0.7261583805084229
4d77636dea.jpg,0.054912641644477844,0.3454670011997223,0.23168803751468658,0.738487720489502
4d7de87ec6.jpg,0.05313093587756157,0.35758262872695923,0.24781367182731628,0.8324498534202576
4d7fefe879.jpg,0.10577653348445892,0.46934062242507935,0.3541053831577301,0.7324007153511047
4d83b23265.jpg,0.036997489631175995,0.5772373676300049,0.33604660630226135,0.7512782216072083
4d90220636.jpg,0.03604694828391075,0.622543215751648,0.27332359552383423,0.8029606342315674
4d91831344.jpg,0.04026934131979942,0.572577714920044,0.17200663685798645,0.6603853702545166
4dc37726d9.jpg,0.048824243247509,0.2780047655105591,0.2421920895576477,0.9094627499580383
4dc92c4b4a.jpg,0.05844489857554436,0.3505404591560364,0.3311401307582855,0.7915998697280884
4dd30f189a.jpg,0.04037933424115181,0.5310254693031311,0.21907438337802887,0.5343937873840332
4df98eeceb.jpg,0.03525474667549133,0.4661531448364258,0.32542189955711365,0.7307924032211304
4e093e9511.jpg,0.07663444429636002,0.511875569820404,0.5332179665565491,0.7973110675811768
4e0951fde1.jpg,0.033426813781261444,0.5757564306259155,0.1732151359319687,0.6150735020637512
4e16ff77ac.jpg,0.0659881979227066,0.6009469032287598,0.4760405421257019,0.6562588810920715
4e21145eb2.jpg,0.03423386067152023,0.4309501349925995,0.24543265998363495,0.6026426553726196
4e2dba148d.jpg,0.0630430281162262,0.42268845438957214,0.3770904541015625,0.6670629978179932
4e3006bd6b.jpg,0.05820249766111374,0.5490559339523315,0.33751562237739563,0.6383501291275024
4e341f8891.jpg,0.0464417040348053,0.5730310678482056,0.21874044835567474,0.6424189805984497
4e43b597e2.jpg,0.0515139102935791,0.30845069885253906,0.31103238463401794,0.829895555973053
4e4f75c4cc.jpg,0.060153838247060776,0.35905998945236206,0.39678695797920227,0.8346460461616516
4e53db7c72.jpg,0.05744876712560654,0.5449004769325256,0.35598188638687134,0.6889947056770325
4e5451ed74.jpg,0.03919354826211929,0.5698240399360657,0.22517085075378418,0.5666488409042358
4e5b4fb2ab.jpg,0.05721507593989372,0.27493053674697876,0.20662173628807068,0.7876513004302979
4e6e7f30da.jpg,0.0467926487326622,0.3598383367061615,0.21557016670703888,0.6653785109519958
4e868f2a58.jpg,0.04171831160783768,0.5167421102523804,0.25999829173088074,0.7543603181838989
4e880786c4.jpg,0.04507569223642349,0.44286924600601196,0.25623735785484314,0.6368006467819214
4e8b01ac67.jpg,0.05717157945036888,0.41889888048171997,0.32659053802490234,0.6713300943374634
4e8bd98343.jpg,0.061426322907209396,0.4602750539779663,0.3291935324668884,0.8098948001861572
4e956f2cfb.jpg,0.04776936396956444,0.5132266283035278,0.2156248390674591,0.7217833995819092
4ea19d4d05.jpg,0.0524546355009079,0.45886582136154175,0.6144906282424927,0.8618853092193604
4eaa045ce6.jpg,0.04777386039495468,0.3525456488132477,0.2945547103881836,0.8412245512008667
4eb3c1b0a7.jpg,0.037656914442777634,0.5221156477928162,0.26426592469215393,0.645673394203186
4ebb3df6e1.jpg,0.03598039597272873,0.36456871032714844,0.22177639603614807,0.8063759803771973
4ec313a8cd.jpg,0.040834423154592514,0.5300642848014832,0.1983329951763153,0.6241190433502197
4edd4fe6fa.jpg,0.04187052696943283,0.5004208087921143,0.2688603103160858,0.6191542148590088
4ee02ffd2c.jpg,0.048730384558439255,0.4427611231803894,0.36454567313194275,0.7289477586746216
4ef10f3299.jpg,0.08317109197378159,0.41883301734924316,0.48875847458839417,0.6781374216079712
4f1249d8dc.jpg,0.04773908853530884,0.3991920053958893,0.24080424010753632,0.617127537727356
4f16e0bc95.jpg,0.04187464341521263,0.4779471158981323,0.2097487896680832,0.5144703984260559
4f1fc68a47.jpg,0.07380698621273041,0.3138159513473511,0.47614508867263794,0.7742750644683838
4f297a711e.jpg,0.051319342106580734,0.5373891592025757,0.1735682338476181,0.603307843208313
4f36d845b0.jpg,0.03803424537181854,0.6015793681144714,0.25833937525749207,0.6725564002990723
4f38f2b8f5.jpg,0.0355919748544693,0.4289907217025757,0.2523118853569031,0.6341288089752197
4f397d38d7.jpg,0.03735429793596268,0.5694217085838318,0.2564750909805298,0.6718224287033081
4f5245105c.jpg,0.04408743977546692,0.4588858187198639,0.28641477227211,0.7259876728057861
4f5d5e7da3.jpg,0.06695745885372162,0.4283587336540222,0.322939932346344,0.6497430801391602
4f5e363609.jpg,0.0703684389591217,0.42727363109588623,0.38524940609931946,0.6697603464126587
4f6353e80e.jpg,0.03594131022691727,0.532938539981842,0.2901894748210907,0.5755909085273743
4f64339fea.jpg,0.09384499490261078,0.3990168273448944,0.5123422145843506,0.8457580804824829
4f697daf2d.jpg,0.072232186794281,0.3170675039291382,0.2549622058868408,0.8443852663040161
4f79b373f4.jpg,0.03941139578819275,0.3598254323005676,0.2440573275089264,0.7812706828117371
4f83d232c2.jpg,0.05480557307600975,0.38196107745170593,0.5897091627120972,0.69748854637146
4f86f80479.jpg,0.03322601690888405,0.5391753911972046,0.20424802601337433,0.6322823762893677
4f882d4400.jpg,0.03707301244139671,0.41471293568611145,0.2516649663448334,0.7024070024490356
4f99708506.jpg,0.03900196775794029,0.4511750340461731,0.2562389373779297,0.7957382202148438
4f9aa92ca3.jpg,0.035919710993766785,0.4752656817436218,0.23362219333648682,0.679526150226593
4fb5c1ac0a.jpg,0.04931085929274559,0.302634060382843,0.22089256346225739,0.8199633359909058
4fb6bcd5e8.jpg,0.04253695532679558,0.40280404686927795,0.26714375615119934,0.6407030820846558
4fc41e388a.jpg,0.04081692174077034,0.5295979976654053,0.23659199476242065,0.6398236155509949
4fc90f8de5.jpg,0.044406525790691376,0.3524529039859772,0.3582006096839905,0.7134835720062256
4fc9c537a7.jpg,0.04271799325942993,0.5564862489700317,0.21975234150886536,0.6520907282829285
4fd1d8afbf.jpg,0.04024286940693855,0.41187822818756104,0.3299732804298401,0.7470013499259949
4fdaff583d.jpg,0.06727303564548492,0.49871736764907837,0.3272680938243866,0.670462965965271
4fe122209b.jpg,0.04184490069746971,0.48543721437454224,0.2677491307258606,0.6263929605484009
4fe72a654e.jpg,0.040421053767204285,0.42936551570892334,0.3462747037410736,0.8032082915306091
4ff4d77c99.jpg,0.041512053459882736,0.3408977687358856,0.27707022428512573,0.7521568536758423
500d59cf86.jpg,0.025186114013195038,0.6916242837905884,0.2568068206310272,0.5161672830581665
50115558cd.jpg,0.0503784716129303,0.4805663228034973,0.3187065124511719,0.772643506526947
501719248c.jpg,0.04756955802440643,0.435486376285553,0.23651397228240967,0.6586963534355164
5019a8ffcf.jpg,0.056158971041440964,0.5806372165679932,0.2876274585723877,0.6263612508773804
5019d1eac7.jpg,0.04592888057231903,0.3937171697616577,0.2899627983570099,0.7411491870880127
503c9badbb.jpg,0.05131799727678299,0.43124911189079285,0.31828513741493225,0.8084908723831177
5048bb66c8.jpg,0.07538444548845291,0.525353193283081,0.4930577576160431,0.552588939666748
504cec61a2.jpg,0.060326527804136276,0.3083290457725525,0.24804472923278809,0.8002071380615234
504db35d13.jpg,0.030864384025335312,0.5389911532402039,0.23349276185035706,0.6257719993591309
5050bd632b.jpg,0.07179304212331772,0.28872060775756836,0.3645481765270233,0.7970988750457764
505850ed9f.jpg,0.04312402009963989,0.5758997201919556,0.19676657021045685,0.5353845357894897
5065b423b0.jpg,0.058643124997615814,0.40964168310165405,0.29690009355545044,0.6629778146743774
506fdcb3c1.jpg,0.04333679378032684,0.4248755872249603,0.35566186904907227,0.7888274192810059
5074e8a51e.jpg,0.06782423704862595,0.34144508838653564,0.3320399820804596,0.747513473033905
50779f1ae6.jpg,0.06160082668066025,0.518284797668457,0.4302525520324707,0.7958368062973022
508f9ce48d.jpg,0.05871569737792015,0.5806736350059509,0.2953004539012909,0.6507213711738586
50a42e1240.jpg,0.056762538850307465,0.4435856342315674,0.35635891556739807,0.7073638439178467
50a5168133.jpg,0.0640445426106453,0.36155641078948975,0.33042895793914795,0.8101990818977356
50b6593431.jpg,0.06881099194288254,0.4163728356361389,0.45011216402053833,0.7526646852493286
50b8e79da2.jpg,0.03994370251893997,0.3198866844177246,0.2199842482805252,0.8047937154769897
50c3f4beec.jpg,0.06670355051755905,0.4227900505065918,0.3541569113731384,0.8166954517364502
50d9c1aa47.jpg,0.054973192512989044,0.3498322367668152,0.2998040020465851,0.7332179546356201
50e2f57e76.jpg,0.04423590749502182,0.6227218508720398,0.2877406179904938,0.5223424434661865
50e85855f5.jpg,0.056166134774684906,0.45174145698547363,0.4031786322593689,0.7440240979194641
50e9fc6fdd.jpg,0.05019419640302658,0.580649733543396,0.20430365204811096,0.7221492528915405
50eb328bb2.jpg,0.04176585003733635,0.41561245918273926,0.22680459916591644,0.7768346071243286
50f52bf9a4.jpg,0.05949201434850693,0.3029749393463135,0.2781234681606293,0.8108252286911011
50f598c729.jpg,0.061674412339925766,0.3402858078479767,0.27973049879074097,0.6829484701156616
50f7a05ee7.jpg,0.042736005038022995,0.4059268534183502,0.24719741940498352,0.681989312171936
51068cd053.jpg,0.06009664386510849,0.4283611476421356,0.3178102970123291,0.8342057466506958
5116db8d92.jpg,0.051552191376686096,0.31780844926834106,0.32079166173934937,0.8163744211196899
5117ec7f6b.jpg,0.03924700617790222,0.3480212688446045,0.2596188187599182,0.7885290384292603
51279a61da.jpg,0.08010654896497726,0.3330364227294922,0.41810333728790283,0.776057779788971
5135f3ba21.jpg,0.06479831784963608,0.5337406396865845,0.4935317933559418,0.8180454969406128
513cb0638a.jpg,0.09605302661657333,0.2557097375392914,0.3209575414657593,0.7998601198196411
5140b80748.jpg,0.0838971734046936,0.2934648096561432,0.3368064761161804,0.6096490621566772
514db4068a.jpg,0.0671863704919815,0.29235586524009705,0.28506842255592346,0.8377898931503296
5155be81bf.jpg,0.055457085371017456,0.4599003791809082,0.5039803981781006,0.8477417230606079
51563bc8ab.jpg,0.05008525773882866,0.509272038936615,0.22578534483909607,0.7011681795120239
516670d194.jpg,0.06209899112582207,0.4670058488845825,0.3902515769004822,0.6919346451759338
51736e3772.jpg,0.050660859793424606,0.3322981595993042,0.3531930446624756,0.7690454721450806
517eba9d0a.jpg,0.04265249893069267,0.3690167963504791,0.25745582580566406,0.7700752019882202
51867bc005.jpg,0.044931560754776,0.4613334536552429,0.2088221311569214,0.7274247407913208
5194f65634.jpg,0.04144800454378128,0.30324214696884155,0.2485414296388626,0.7973967790603638
519d3674c2.jpg,0.06091777980327606,0.4213557243347168,0.28169628977775574,0.6838129758834839
519fc7c17a.jpg,0.04835544526576996,0.4470445215702057,0.24803988635540009,0.8001216053962708
51aa9c9a20.jpg,0.06251893192529678,0.36775723099708557,0.3706407845020294,0.8423495888710022
51dc50880b.jpg,0.04639827460050583,0.4158281683921814,0.3084748387336731,0.770817220211029
51e7037c03.jpg,0.043220631778240204,0.5678641200065613,0.23508360981941223,0.4468151330947876
51ede123f3.jpg,0.07318466156721115,0.3713480532169342,0.3944412171840668,0.7097870111465454
51ffb613ce.jpg,0.044352658092975616,0.5108720660209656,0.22596025466918945,0.6569652557373047
52087dc0d6.jpg,0.04642476141452789,0.5048221349716187,0.2790328562259674,0.7590034604072571
522a6dcbec.jpg,0.03663094341754913,0.43302199244499207,0.19851699471473694,0.8270182609558105
523cbdab7d.jpg,0.07611747831106186,0.3287757337093353,0.48900407552719116,0.849509060382843
524223dfd9.jpg,0.0326906256377697,0.48910391330718994,0.22363296151161194,0.7036481499671936
524af04df1.jpg,0.0437663272023201,0.47745636105537415,0.27696719765663147,0.8075869083404541
524d00561a.jpg,0.06466913223266602,0.2675229012966156,0.24373859167099,0.8921873569488525
524fdda784.jpg,0.05025388300418854,0.6609936356544495,0.2681765854358673,0.6037865877151489
52592fe2c6.jpg,0.042000602930784225,0.4373601973056793,0.2847912311553955,0.8745127320289612
525952c058.jpg,0.05173255130648613,0.4077414870262146,0.24362874031066895,0.8331148028373718
525f580c06.jpg,0.046205393970012665,0.4296795427799225,0.24898198246955872,0.7288007736206055
5262b01633.jpg,0.0890137180685997,0.5327330827713013,0.5629568099975586,0.6712048053741455
526b153062.jpg,0.042637258768081665,0.5966224074363708,0.2779310345649719,0.6501384973526001
526dc07146.jpg,0.045468639582395554,0.3412870764732361,0.22275254130363464,0.8685281276702881
527dd222d6.jpg,0.05046553164720535,0.49057862162590027,0.18177694082260132,0.6723771691322327
527ddb23d4.jpg,0.06019889563322067,0.5624210238456726,0.23938949406147003,0.6417860984802246
528058909d.jpg,0.04068325459957123,0.3414273262023926,0.27279192209243774,0.7459619641304016
5280e2e8de.jpg,0.053391993045806885,0.46324554085731506,0.3138710856437683,0.6771671772003174
5286eb8945.jpg,0.041457414627075195,0.40839526057243347,0.19402003288269043,0.7166183590888977
529fa39eb2.jpg,0.05782615393400192,0.3445829749107361,0.3787883520126343,0.7842774987220764
52a2a7132e.jpg,0.028892260044813156,0.5605043172836304,0.27028554677963257,0.754165768623352
52ae3cd25d.jpg,0.05101245641708374,0.300443559885025,0.25541263818740845,0.7559032440185547
52b870f300.jpg,0.054704856127500534,0.6283200979232788,0.3461786210536957,0.8100955486297607
52bb31919e.jpg,0.024455880746245384,0.7469350099563599,0.27985334396362305,0.4834575653076172
52bd17daa7.jpg,0.0360390767455101,0.439522385597229,0.22634166479110718,0.8120585680007935
52bee900da.jpg,0.03152848407626152,0.5903677940368652,0.2800155282020569,0.7031059861183167
52cda09a5f.jpg,0.043211888521909714,0.39216023683547974,0.2629527151584625,0.7118545770645142
52d8dbe113.jpg,0.03816203027963638,0.4400087893009186,0.1893785297870636,0.6619894504547119
52e91ba9cf.jpg,0.05654023215174675,0.5622063279151917,0.26740166544914246,0.7147854566574097
52f30bd94c.jpg,0.04822203516960144,0.4218570590019226,0.3113044202327728,0.6594632267951965
52f641c328.jpg,0.042850688099861145,0.24510152637958527,0.2824065685272217,0.7036073803901672
52f7801904.jpg,0.038225047290325165,0.5320621728897095,0.31900110840797424,0.822888970375061
5305c4063a.jpg,0.05775204300880432,0.49854612350463867,0.33411720395088196,0.6513888835906982
5319435b3f.jpg,0.06429827213287354,0.4771103858947754,0.40181049704551697,0.7817332744598389
53194986bc.jpg,0.05781201645731926,0.4902871251106262,0.22365865111351013,0.5577992796897888
53289e47ec.jpg,0.044324785470962524,0.4522034525871277,0.2634948194026947,0.5974352359771729
532d743269.jpg,0.06785779446363449,0.4306020736694336,0.2945922911167145,0.6638203263282776
532f9d0621.jpg,0.044092755764722824,0.40538328886032104,0.19851696491241455,0.612068235874176
5338413448.jpg,0.03684266284108162,0.3547661304473877,0.22342628240585327,0.8242596387863159
5338bd03be.jpg,0.04766889661550522,0.5269635319709778,0.25529590249061584,0.7130317091941833
533be4e6eb.jpg,0.049388960003852844,0.2646360397338867,0.17615066468715668,0.7940372824668884
5342ec67da.jpg,0.0499507337808609,0.44343307614326477,0.2662137448787689,0.8443847894668579
534703a792.jpg,0.06968380510807037,0.32757702469825745,0.2914673686027527,0.8041061162948608
53516d9b04.jpg,0.05638996511697769,0.4671088755130768,0.30926182866096497,0.7718139886856079
53679e6985.jpg,0.03379034250974655,0.604626476764679,0.34912705421447754,0.6019234657287598
536c125b6f.jpg,0.0595451295375824,0.5958271026611328,0.23404720425605774,0.6226668357849121
536c7edb2a.jpg,0.03230880945920944,0.42993295192718506,0.234076589345932,0.7278925776481628
537b155f3d.jpg,0.034463368356227875,0.469083309173584,0.23364576697349548,0.8042550086975098
537f558973.jpg,0.06975243240594864,0.3951371908187866,0.42148008942604065,0.8107749223709106
53866d4a68.jpg,0.05273788794875145,0.43475207686424255,0.35926100611686707,0.6721564531326294
5389fb4007.jpg,0.053927432745695114,0.7397013306617737,0.29690855741500854,0.5336960554122925
53902a4799.jpg,0.04901645705103874,0.42162391543388367,0.2844129204750061,0.7969165444374084
5395902bc7.jpg,0.058927249163389206,0.5159997940063477,0.2665911018848419,0.5746251940727234
53988b72f6.jpg,0.060096096247434616,0.40943998098373413,0.3120900094509125,0.7084600329399109
53989c56ff.jpg,0.055689871311187744,0.5182108283042908,0.3087042570114136,0.6990557909011841
53998f50b2.jpg,0.03250928968191147,0.44091561436653137,0.18897545337677002,0.6749175786972046
539e2ee021.jpg,0.05390026420354843,0.4595973491668701,0.3645646572113037,0.7475075721740723
53b01e2132.jpg,0.04893585667014122,0.43615448474884033,0.27777180075645447,0.7484430074691772
53b27f0c81.jpg,0.055721934884786606,0.6150504350662231,0.3772246241569519,0.590640127658844
53b835550d.jpg,0.060269445180892944,0.4127136468887329,0.21281801164150238,0.6902357339859009
53bce35f0b.jpg,0.046690188348293304,0.45222872495651245,0.32442373037338257,0.7592791318893433
53c245a6f3.jpg,0.058153413236141205,0.33789920806884766,0.3772212862968445,0.8383632898330688
53d0160b46.jpg,0.05393548309803009,0.547598123550415,0.30076396465301514,0.5779671669006348
53d62fccce.jpg,0.06206056475639343,0.4279428720474243,0.3259797990322113,0.7561213970184326
53e5b6b1b3.jpg,0.052211180329322815,0.44099345803260803,0.22454197704792023,0.6723862290382385
53e766ae2b.jpg,0.038338907063007355,0.3468785285949707,0.2009689211845398,0.7419942617416382
53ea60da05.jpg,0.0761798843741417,0.3913436233997345,0.30964967608451843,0.853526771068573
540649ac8c.jpg,0.03932667896151543,0.4589579403400421,0.3169718384742737,0.7641595602035522
5407972e58.jpg,0.05185360834002495,0.44322317838668823,0.32889488339424133,0.7846865057945251
5418378939.jpg,0.06101379916071892,0.3974822163581848,0.4244811534881592,0.6211841702461243
54199dc11f.jpg,0.049718208611011505,0.42877036333084106,0.21453998982906342,0.741637110710144
5420c594aa.jpg,0.024949565529823303,0.6157235503196716,0.20593473315238953,0.7000817060470581
5429ab574f.jpg,0.056246593594551086,0.3404538631439209,0.18501251935958862,0.7464041113853455
5432eef613.jpg,0.054099034518003464,0.4071348309516907,0.3560902774333954,0.7259289026260376
5435fdfdc4.jpg,0.05230337381362915,0.3441702723503113,0.301578551530838,0.8655812740325928
54381f3114.jpg,0.06070887669920921,0.358857125043869,0.3353065848350525,0.8002129793167114
543ea28da6.jpg,0.0641045942902565,0.4802703857421875,0.28912293910980225,0.6048674583435059
5447d2bd8d.jpg,0.07215692847967148,0.3894385099411011,0.3794654607772827,0.818202018737793
54510d8755.jpg,0.02915101870894432,0.43772807717323303,0.22351239621639252,0.6790404915809631
5451321dd0.jpg,0.06555391848087311,0.4729403257369995,0.3326553702354431,0.6914524435997009
5452e17b68.jpg,0.031519223004579544,0.49215537309646606,0.25490525364875793,0.6261045932769775
54538aea8b.jpg,0.07683784514665604,0.4242730140686035,0.3804074227809906,0.6592917442321777
54557ef4cf.jpg,0.05756207928061485,0.39975082874298096,0.21806685626506805,0.5208559036254883
54796e9027.jpg,0.05331207439303398,0.38675060868263245,0.2726137638092041,0.733344554901123
547ae945cb.jpg,0.051419444382190704,0.4607308804988861,0.4021133780479431,0.7366094589233398
547c5615d1.jpg,0.04611315578222275,0.5209838151931763,0.21950677037239075,0.6080273389816284
5484662dfb.jpg,0.07557928562164307,0.36510753631591797,0.4761285185813904,0.735102653503418
54b556920a.jpg,0.0452384352684021,0.47538119554519653,0.33020973205566406,0.7219269871711731
54b6416b3a.jpg,0.06083376705646515,0.5481917262077332,0.32649895548820496,0.623818039894104
54b6bbf683.jpg,0.05681729316711426,0.34806549549102783,0.2280963957309723,0.7744685411453247
54b8be5c1e.jpg,0.06407079100608826,0.37008172273635864,0.32029110193252563,0.7738927602767944
54bf5ab7fd.jpg,0.04984305426478386,0.5262070894241333,0.20966649055480957,0.6845643520355225
54d2feb575.jpg,0.056092359125614166,0.44703713059425354,0.35977375507354736,0.7089298367500305
54e9e67501.jpg,0.06570298224687576,0.3969988226890564,0.33773818612098694,0.6913583278656006
54f65afd1c.jpg,0.10452976822853088,0.674527108669281,0.508102536201477,0.7065211534500122
55004786ef.jpg,0.0472559854388237,0.4477381706237793,0.3197888135910034,0.6903221607208252
550956b456.jpg,0.07088940590620041,0.4304298460483551,0.5782838463783264,0.8326936960220337
550b90e008.jpg,0.0668804720044136,0.5768808126449585,0.32061922550201416,0.6699683666229248
55129db8f9.jpg,0.041455723345279694,0.30643266439437866,0.2792980372905731,0.8088537454605103
5515a27184.jpg,0.048521772027015686,0.32895952463150024,0.22429431974887848,0.8508497476577759
5519a2e240.jpg,0.03101806715130806,0.5623955726623535,0.21490147709846497,0.7075241208076477
551afc0ef0.jpg,0.048772912472486496,0.4159756004810333,0.2284042239189148,0.7402904033660889
55288a650b.jpg,0.0622396282851696,0.4295799136161804,0.3099808096885681,0.7109209299087524
552aad92e5.jpg,0.06106674671173096,0.35902488231658936,0.318406343460083,0.744191586971283
552b38a9bc.jpg,0.037224553525447845,0.4136473834514618,0.2603694200515747,0.7648382186889648
55364f51f9.jpg,0.07093066722154617,0.4444318413734436,0.3843768537044525,0.765223503112793
5541538198.jpg,0.0502362959086895,0.4360169768333435,0.21995800733566284,0.7452446818351746
5565d2e475.jpg,0.04759693145751953,0.45648878812789917,0.3186779320240021,0.6637527942657471
5587066bdc.jpg,0.079705610871315,0.3583192229270935,0.4633494019508362,0.7303425073623657
558e78d813.jpg,0.046866752207279205,0.4322988986968994,0.3430213928222656,0.8219525814056396
559359bcca.jpg,0.05046539753675461,0.31540238857269287,0.23223571479320526,0.8321617841720581
55a74b7296.jpg,0.046104829758405685,0.27165210247039795,0.20534567534923553,0.7652568817138672
55a8a07dde.jpg,0.07830694317817688,0.4433324337005615,0.4556007981300354,0.8514062166213989
55a9c23538.jpg,0.037029929459095,0.4224664270877838,0.30581724643707275,0.7608799934387207
55ac4415ef.jpg,0.07470007240772247,0.33988022804260254,0.2375444769859314,0.6934555768966675
55b015b4df.jpg,0.04997628927230835,0.3412351906299591,0.2417622208595276,0.8147683143615723
55d0d2d4a1.jpg,0.0342821404337883,0.4513464868068695,0.25291529297828674,0.5853883028030396
55e5a039c3.jpg,0.09236540645360947,0.41344591975212097,0.48128095269203186,0.7641898989677429
5602c749d0.jpg,0.03575640171766281,0.3939947485923767,0.19238170981407166,0.7685650587081909
5604c7533d.jpg,0.10449280589818954,0.4728856682777405,0.7452149987220764,0.8773232698440552
5604ea3384.jpg,0.030544675886631012,0.5118905305862427,0.24766065180301666,0.784132719039917
5608b7a226.jpg,0.05507173389196396,0.35972046852111816,0.2376728355884552,0.8333513140678406
5619b15af5.jpg,0.04914843291044235,0.47819387912750244,0.1791924089193344,0.6240396499633789
561c1f7cde.jpg,0.05662909150123596,0.43949100375175476,0.3436155319213867,0.6379668712615967
561d9722a4.jpg,0.10346045345067978,0.4317912757396698,0.33907994627952576,0.6737043857574463
561e61d7f1.jpg,0.07796215265989304,0.40339940786361694,0.3519473671913147,0.7761540412902832
561ec9ffaf.jpg,0.06470965594053268,0.3592153489589691,0.3900047540664673,0.8119745254516602
5622447728.jpg,0.0489569716155529,0.3446417450904846,0.2169504165649414,0.7637617588043213
56270960dc.jpg,0.043999314308166504,0.30891937017440796,0.3426242470741272,0.8913279175758362
563012ee88.jpg,0.0748487114906311,0.44789135456085205,0.48667624592781067,0.758502721786499
56539880a8.jpg,0.05690194293856621,0.26132112741470337,0.2455674260854721,0.7592126131057739
5654801d96.jpg,0.060916971415281296,0.421230673789978,0.26937007904052734,0.6447129249572754
565702bc95.jpg,0.06849873065948486,0.3274451494216919,0.4022710919380188,0.8904596567153931
5681f45127.jpg,0.04184551164507866,0.6020843386650085,0.2582719027996063,0.6865872144699097
56849b394d.jpg,0.026463251560926437,0.5245848298072815,0.20464184880256653,0.6888670921325684
56884e5824.jpg,0.03467047959566116,0.3871942162513733,0.1855323314666748,0.5385622978210449
568885cc54.jpg,0.050799768418073654,0.6036584973335266,0.2750481963157654,0.7029415369033813
56894c4948.jpg,0.059287264943122864,0.3973044157028198,0.31297582387924194,0.6530693173408508
568d52aa05.jpg,0.030846402049064636,0.48101645708084106,0.18461717665195465,0.7350517511367798
568d92c4a7.jpg,0.03733484447002411,0.3219512104988098,0.22142508625984192,0.7567070722579956
5694abf7fa.jpg,0.04319794103503227,0.5722032785415649,0.2675294578075409,0.554503321647644
569ed795ec.jpg,0.04335606098175049,0.5148823261260986,0.2816830575466156,0.6864816546440125
56ac108ce7.jpg,0.0675889253616333,0.4110789895057678,0.33791467547416687,0.6655668020248413
56ac1f673a.jpg,0.07231359928846359,0.3759545087814331,0.3503396809101105,0.7342668771743774
56ac3dda09.jpg,0.05176226794719696,0.3415365219116211,0.24341106414794922,0.7859174013137817
56bfd45d42.jpg,0.047516874969005585,0.44626277685165405,0.18549683690071106,0.7465121150016785
56c6444a6d.jpg,0.07224766165018082,0.41850546002388,0.5373594164848328,0.7301710844039917
56c690f4ce.jpg,0.053679049015045166,0.3784164488315582,0.29860979318618774,0.6858062148094177
56cb23c291.jpg,0.0809766948223114,0.4582202434539795,0.42286261916160583,0.720115602016449
56d2ce77d3.jpg,0.0340556763112545,0.4428026080131531,0.24964645504951477,0.7739052772521973
56df48f901.jpg,0.04009782895445824,0.4870215654373169,0.218221977353096,0.6761325001716614
56e14fc1c7.jpg,0.039020977914333344,0.5947409272193909,0.30515024065971375,0.6151834726333618
56e28bc581.jpg,0.10130178928375244,0.3403889238834381,0.3928726613521576,0.6563979387283325
56e473c0df.jpg,0.0390753298997879,0.4899841845035553,0.24289527535438538,0.6815279722213745
56e858f7c3.jpg,0.050102055072784424,0.3522707521915436,0.2193177491426468,0.5812256336212158
5707c424dd.jpg,0.05160912498831749,0.4515836536884308,0.26196035742759705,0.6336033344268799
571325ea85.jpg,0.05871211737394333,0.45383429527282715,0.46154510974884033,0.7604837417602539
571a8540a2.jpg,0.053518615663051605,0.43374574184417725,0.2603408694267273,0.6196590065956116
571c0614e4.jpg,0.043992962688207626,0.40281420946121216,0.21346621215343475,0.76018226146698
571da2a2b6.jpg,0.056369733065366745,0.4125949442386627,0.42947161197662354,0.7804081439971924
572d08dd47.jpg,0.05838945508003235,0.5114575624465942,0.2752876877784729,0.5109396576881409
5734dda15c.jpg,0.06494608521461487,0.3614082336425781,0.29100650548934937,0.8252902626991272
573e2bc6ac.jpg,0.044174592941999435,0.3543582558631897,0.28017476201057434,0.6925158500671387
573f3616e6.jpg,0.058369945734739304,0.42151856422424316,0.2075490802526474,0.6632429957389832
57509041fb.jpg,0.04466792941093445,0.4085879325866699,0.31470975279808044,0.8566986322402954
575796635b.jpg,0.06031835079193115,0.4748121500015259,0.3382640480995178,0.6773717403411865
5757d9bb28.jpg,0.04548981413245201,0.4878736138343811,0.23334072530269623,0.6776823997497559
5764c388a6.jpg,0.044583097100257874,0.40131494402885437,0.34416651725769043,0.8080503344535828
5777167029.jpg,0.044529989361763,0.5885804295539856,0.19527700543403625,0.6737661361694336
5784a2edfb.jpg,0.08246452361345291,0.46926093101501465,0.5371478199958801,0.7620193958282471
57874888f9.jpg,0.06845211237668991,0.3901926279067993,0.2954257130622864,0.7354503870010376
5794fc49e9.jpg,0.030340205878019333,0.48094692826271057,0.25303325057029724,0.7461502552032471
57965b2143.jpg,0.039598703384399414,0.5115683078765869,0.24688535928726196,0.555351734161377
579cd00684.jpg,0.03888240084052086,0.7203013300895691,0.20064447820186615,0.5550360083580017
579d0d4e7d.jpg,0.04783640801906586,0.4609867334365845,0.2858255207538605,0.8100669384002686
57a2330579.jpg,0.06300096958875656,0.28031015396118164,0.21167558431625366,0.9119795560836792
57ba66fb37.jpg,0.0406169593334198,0.6195769309997559,0.3626306653022766,0.6017460823059082
57bd2abf4c.jpg,0.07729706913232803,0.4896887242794037,0.49035412073135376,0.7850106358528137
57c47a8905.jpg,0.03630666062235832,0.6211670637130737,0.17203770577907562,0.5459534525871277
57c528a4d5.jpg,0.04741167277097702,0.6255984306335449,0.2873436510562897,0.6893700361251831
57c906c4cf.jpg,0.07029177248477936,0.323103129863739,0.3343863785266876,0.7894796133041382
57cf047094.jpg,0.05284000188112259,0.3968356251716614,0.243295818567276,0.6655410528182983
57d109e9cf.jpg,0.091576486825943,0.35051828622817993,0.5017285943031311,0.8035633563995361
57dccccee3.jpg,0.05749863386154175,0.3142649531364441,0.2496587634086609,0.8248841166496277
57e0bbe931.jpg,0.038562335073947906,0.4143431782722473,0.22716665267944336,0.7957127690315247
57e301422d.jpg,0.034985728561878204,0.3533388078212738,0.24217522144317627,0.6840964555740356
58111663f1.jpg,0.06956759095191956,0.42420756816864014,0.3838295638561249,0.6512640714645386
581d539ad6.jpg,0.04718474671244621,0.5108938813209534,0.24318842589855194,0.6090145111083984
5833188a28.jpg,0.06730325520038605,0.41192421317100525,0.3915022611618042,0.810529351234436
5834c44d37.jpg,0.034070245921611786,0.45443597435951233,0.21350914239883423,0.7713456749916077
5847f64d5d.jpg,0.049017585813999176,0.4290464520454407,0.26682722568511963,0.7275285720825195
5852bbcf34.jpg,0.02839701436460018,0.4448411464691162,0.2375127673149109,0.7086591124534607
585a5eb514.jpg,0.07394386827945709,0.48608484864234924,0.3811006546020508,0.7714234590530396
585aa1f933.jpg,0.04657759517431259,0.3928782343864441,0.20097336173057556,0.7232599258422852
585efde177.jpg,0.03439992293715477,0.6203676462173462,0.20208695530891418,0.6069156527519226
585f9cb26d.jpg,0.051143497228622437,0.396852046251297,0.23615984618663788,0.8179892301559448
586d359437.jpg,0.03862873464822769,0.5358861684799194,0.35915008187294006,0.7357801198959351
5879d04028.jpg,0.05037926882505417,0.42664170265197754,0.2914217412471771,0.7118554711341858
587a865f86.jpg,0.0850687175989151,0.3607591986656189,0.5818662643432617,0.7986997961997986
587cc7c2fe.jpg,0.06109393760561943,0.4775102138519287,0.27466315031051636,0.6778432726860046
5894a8daaa.jpg,0.04470115900039673,0.42343592643737793,0.17352294921875,0.7924855947494507
589b4cbb6e.jpg,0.033985815942287445,0.3562968373298645,0.22177179157733917,0.6911090612411499
589fdf111c.jpg,0.051217205822467804,0.4606770873069763,0.44607314467430115,0.7654280662536621
58a038ba43.jpg,0.02626653015613556,0.5648752450942993,0.200679212808609,0.625149130821228
58a4b16894.jpg,0.020211374387145042,0.5858756303787231,0.17473089694976807,0.6927210092544556
58a776400d.jpg,0.03924647718667984,0.32135581970214844,0.21803319454193115,0.8395035862922668
58a9467f2f.jpg,0.05059121549129486,0.3526035249233246,0.24522694945335388,0.677739679813385
58ae62fe43.jpg,0.026131168007850647,0.6531030535697937,0.1558346450328827,0.5885798335075378
58bd31f329.jpg,0.04166652262210846,0.5829895734786987,0.23812121152877808,0.5368297696113586
58c1e36fda.jpg,0.0902131199836731,0.3934776186943054,0.5806752443313599,0.771750807762146
58cb8ad323.jpg,0.03657934442162514,0.4739293158054352,0.2475336194038391,0.7768288850784302
58d3d98397.jpg,0.04236484691500664,0.44581401348114014,0.18524396419525146,0.7842918634414673
58e34a0489.jpg,0.060295470058918,0.4713919460773468,0.40763401985168457,0.696212649345398
5901773791.jpg,0.06022472679615021,0.29735609889030457,0.28030925989151,0.8127123713493347
590530447f.jpg,0.08198919892311096,0.39116474986076355,0.35611289739608765,0.7907636761665344
5913ac7eed.jpg,0.04216907173395157,0.5455537438392639,0.3169814944267273,0.716364860534668
591d527b4e.jpg,0.04639674723148346,0.41403812170028687,0.30502840876579285,0.8440151810646057
591df1353a.jpg,0.06552546471357346,0.3754449188709259,0.35447579622268677,0.785458505153656
59245494b6.jpg,0.0728507861495018,0.33202341198921204,0.3466871678829193,0.7266814112663269
592bf31bd5.jpg,0.05886722728610039,0.5015476942062378,0.4776138663291931,0.7101023197174072
592dd67bf2.jpg,0.05261680483818054,0.3221856951713562,0.3095245361328125,0.8470011353492737
59344b7884.jpg,0.04756240174174309,0.5170230865478516,0.3003448247909546,0.7056886553764343
593d5650ea.jpg,0.0517905056476593,0.354248046875,0.3188827335834503,0.8095829486846924
593fa1789b.jpg,0.03929290175437927,0.6444535255432129,0.2767970860004425,0.55402672290802
594257c315.jpg,0.03832200914621353,0.5205481648445129,0.2228878289461136,0.7257925271987915
5948efa988.jpg,0.03416932001709938,0.5630422830581665,0.29153430461883545,0.6624321937561035
5966f03832.jpg,0.06639467179775238,0.3818694055080414,0.3804703652858734,0.8284430503845215
5979ddaf40.jpg,0.07955899834632874,0.3794249892234802,0.4061138927936554,0.5473959445953369
597dc8102b.jpg,0.05492396280169487,0.34213894605636597,0.29502686858177185,0.7922477722167969
599d5b2041.jpg,0.0346594899892807,0.4553226828575134,0.3204494118690491,0.7808235287666321
59a4aa8ae0.jpg,0.04781973361968994,0.4759235680103302,0.2763299345970154,0.6591078042984009
59a5b56086.jpg,0.03375233709812164,0.5077695846557617,0.24309571087360382,0.6851005554199219
59bf7066cc.jpg,0.04444543644785881,0.5126421451568604,0.23138922452926636,0.5657835006713867
59c0b11f7a.jpg,0.04954993724822998,0.309901624917984,0.20759350061416626,0.8621123433113098
59c73a71e2.jpg,0.07908544689416885,0.662795901298523,0.29694032669067383,0.6964588165283203
59d87604af.jpg,0.049912676215171814,0.33865219354629517,0.25963547825813293,0.7420797348022461
59f40fedcd.jpg,0.044401995837688446,0.4769793152809143,0.22974078357219696,0.6495384573936462
5a086eb4d4.jpg,0.05050746724009514,0.36633044481277466,0.23677755892276764,0.7155511379241943
5a0e4d57e3.jpg,0.043322574347257614,0.3836129605770111,0.3026445209980011,0.7139559984207153
5a114c6f90.jpg,0.05163576826453209,0.5140224099159241,0.23014171421527863,0.6859095096588135
5a1f5ac407.jpg,0.07887955009937286,0.341863751411438,0.3463969826698303,0.8019546866416931
5a234f081a.jpg,0.08709045499563217,0.3945888578891754,0.4643407166004181,0.8732990026473999
5a294c5685.jpg,0.08253033459186554,0.39875099062919617,0.4383543133735657,0.5544383525848389
5a29db5e43.jpg,0.07282183319330215,0.4068561792373657,0.37658265233039856,0.8410487771034241
5a30d613e5.jpg,0.04378700256347656,0.5124074220657349,0.22909626364707947,0.7176128625869751
5a384bf8d9.jpg,0.05898896977305412,0.3829838037490845,0.3672211468219757,0.8083120584487915
5a3c04abea.jpg,0.07278746366500854,0.5157700777053833,0.3510188162326813,0.6415059566497803
5a5b14d79d.jpg,0.07867839932441711,0.3726343512535095,0.31907182931900024,0.7670012712478638
5a648082a7.jpg,0.04808516800403595,0.4487999677658081,0.29478704929351807,0.7692124843597412
5a722db12a.jpg,0.04870999604463577,0.5214676856994629,0.34548234939575195,0.7573901414871216
5a7cd923cb.jpg,0.050352565944194794,0.31197020411491394,0.26483526825904846,0.8178999423980713
5a7fe873f4.jpg,0.07913889735937119,0.39690062403678894,0.6777344942092896,0.7861272692680359
5a885d5128.jpg,0.03883545845746994,0.4440057873725891,0.2113640457391739,0.753882646560669
5a90fcd546.jpg,0.04388877749443054,0.4083108603954315,0.22734400629997253,0.6772820353507996
5a921a3ab6.jpg,0.09063412249088287,0.4028753936290741,0.4262257218360901,0.8180502653121948
5a977985f9.jpg,0.04025803506374359,0.42378661036491394,0.22194623947143555,0.7405540347099304
5a9f9c1a61.jpg,0.06676515191793442,0.5622145533561707,0.2549983263015747,0.6578565835952759
5aac6a791e.jpg,0.038283053785562515,0.426327109336853,0.27385401725769043,0.6849232912063599
5abbc037e1.jpg,0.037348195910453796,0.3871382474899292,0.20466792583465576,0.769072949886322
5ac7e3d633.jpg,0.07931913435459137,0.3958008289337158,0.3725680410861969,0.6621942520141602
5ad9efc598.jpg,0.04573049396276474,0.4338037371635437,0.23079778254032135,0.7629354000091553
5adb2c3de9.jpg,0.0512787401676178,0.507518470287323,0.3099296987056732,0.7379977107048035
5ae669f97f.jpg,0.05347088724374771,0.33436447381973267,0.3097093403339386,0.7855738997459412
5ae67d7741.jpg,0.046871334314346313,0.3105130195617676,0.3026750981807709,0.7788057327270508
5b1ac7d453.jpg,0.06943061947822571,0.35397496819496155,0.23362679779529572,0.6947694420814514
5b1c17961a.jpg,0.046385012567043304,0.3954266607761383,0.24828287959098816,0.6690576076507568
5b1ca92c81.jpg,0.04285493120551109,0.4504425525665283,0.2310580164194107,0.8158819675445557
5b1ce21999.jpg,0.040933579206466675,0.3262892961502075,0.2671893835067749,0.8405770063400269
5b25e416af.jpg,0.05664265155792236,0.39066383242607117,0.3736450672149658,0.8536490201950073
5b28e861e1.jpg,0.06031688675284386,0.6272847652435303,0.2862253785133362,0.6987893581390381
5b2c1cbcc1.jpg,0.05199917405843735,0.6170380711555481,0.44847095012664795,0.5810878276824951
5b36970405.jpg,0.059851422905921936,0.34595975279808044,0.3216870427131653,0.8356823325157166
5b39ba9b27.jpg,0.05671721696853638,0.39705562591552734,0.22272685170173645,0.6833971738815308
5b3c9ac58f.jpg,0.06220005080103874,0.3285413980484009,0.40779924392700195,0.7263392210006714
5b430536ec.jpg,0.08033537864685059,0.37143439054489136,0.43563148379325867,0.8496463894844055
5b45458ccf.jpg,0.03643536940217018,0.4040943682193756,0.2897304892539978,0.8016670346260071
5b47729366.jpg,0.059388935565948486,0.37983739376068115,0.38884469866752625,0.8348262310028076
5b54acd95e.jpg,0.04514250159263611,0.3979085087776184,0.21065041422843933,0.8161822557449341
5b5eae4414.jpg,0.07625725120306015,0.36028727889060974,0.447165310382843,0.8764883279800415
5b644de405.jpg,0.03829137235879898,0.5374891757965088,0.21827352046966553,0.6350319385528564
5b67d44eea.jpg,0.04847089573740959,0.3112391233444214,0.2581956088542938,0.8384234309196472
5b8f94e9ed.jpg,0.04425195977091789,0.3898484408855438,0.28176209330558777,0.6906435489654541
5b960d2105.jpg,0.04813339561223984,0.3116844892501831,0.2966528534889221,0.7527844905853271
5ba1f82d11.jpg,0.07261867821216583,0.5213973522186279,0.3795340061187744,0.6996352076530457
5baec51613.jpg,0.07993777096271515,0.30973705649375916,0.38755860924720764,0.7309127449989319
5bb0b7b0fd.jpg,0.06543273478746414,0.4109686017036438,0.38980597257614136,0.8521560430526733
5bb7d3f1e2.jpg,0.05970589444041252,0.4618113040924072,0.28780728578567505,0.8403829336166382
5bce397cd6.jpg,0.07224326580762863,0.3130027949810028,0.22173276543617249,0.8246143460273743
5bdd158279.jpg,0.07198718190193176,0.3348347842693329,0.2631155848503113,0.7787284851074219
5bddd2139f.jpg,0.05997582525014877,0.5739251375198364,0.462502658367157,0.6410603523254395
5bfc51adc2.jpg,0.06092550605535507,0.5682333707809448,0.47922760248184204,0.7488130331039429
5c0287b212.jpg,0.05851263925433159,0.3984990119934082,0.32551077008247375,0.8104546666145325
5c03d3796d.jpg,0.02706717513501644,0.5277953743934631,0.21968933939933777,0.6113329529762268
5c04deef4e.jpg,0.06830071657896042,0.3270040452480316,0.1205848827958107,0.6728535890579224
5c068c34b2.jpg,0.042409610003232956,0.3487051725387573,0.2503672242164612,0.7543410062789917
5c096f6c6b.jpg,0.04904807731509209,0.5121454000473022,0.3713793456554413,0.7456342577934265
5c097be130.jpg,0.07813669741153717,0.3115551769733429,0.33872371912002563,0.7949725389480591
5c2de90d27.jpg,0.05287482589483261,0.5027686357498169,0.2932145595550537,0.6823146343231201
5c3849313d.jpg,0.043921079486608505,0.4458223581314087,0.2886526584625244,0.7837284207344055
5c399c47f2.jpg,0.03421572223305702,0.37160471081733704,0.21043214201927185,0.8015216588973999
5c3afc56ce.jpg,0.0625697672367096,0.3387507200241089,0.3734551668167114,0.7790467143058777
5c3d598219.jpg,0.05055621266365051,0.43144917488098145,0.2722887098789215,0.7682985067367554
5c50599656.jpg,0.03272725269198418,0.49181967973709106,0.253863126039505,0.7763793468475342
5c556d2c26.jpg,0.06698232889175415,0.5948302149772644,0.4366229176521301,0.6305714845657349
5c55bd3c02.jpg,0.05979122966527939,0.3962443470954895,0.33773308992385864,0.8120725154876709
5c574cd9b7.jpg,0.05659499764442444,0.32259601354599,0.3733086585998535,0.8346614241600037
5c6144e5be.jpg,0.046697504818439484,0.4185755252838135,0.24599972367286682,0.6354238986968994
5c6c72ff95.jpg,0.06325041502714157,0.4798942506313324,0.4169279932975769,0.6792064905166626
5c8a36d364.jpg,0.03326578438282013,0.43616294860839844,0.2697029411792755,0.746137797832489
5c9487be68.jpg,0.03403523564338684,0.368831992149353,0.17980511486530304,0.6491422653198242
5c9979287f.jpg,0.07590093463659286,0.4028857350349426,0.3661656975746155,0.7419799566268921
5c9b9f20eb.jpg,0.06194749101996422,0.4421420097351074,0.3532249927520752,0.82729172706604
5ca98fc2af.jpg,0.040437545627355576,0.4197634756565094,0.2921610176563263,0.7758228182792664
5cb9dcf772.jpg,0.04805548116564751,0.3087548017501831,0.25995081663131714,0.6345595121383667
5cc20cb7e7.jpg,0.06442727148532867,0.28878965973854065,0.3341168761253357,0.7914206981658936
5ce9aaf1e0.jpg,0.04458104074001312,0.40005385875701904,0.2738867998123169,0.8018878102302551
5cf2ea15af.jpg,0.0218220017850399,0.6673427820205688,0.2746674418449402,0.6675864458084106
5cff9ca17c.jpg,0.04214972257614136,0.45176786184310913,0.22246649861335754,0.8499354124069214
5d03870821.jpg,0.029409637674689293,0.41257232427597046,0.2184923142194748,0.675216555595398
5d10d088ee.jpg,0.03652430325746536,0.4619758129119873,0.4019283652305603,0.7010327577590942
5d1671f99b.jpg,0.05590548366308212,0.3755400776863098,0.3751769959926605,0.6744282245635986
5d1d521c3f.jpg,0.06937926262617111,0.4649653434753418,0.3630140721797943,0.571959376335144
5d23c3c935.jpg,0.06939838081598282,0.3218086063861847,0.3538666367530823,0.8187222480773926
5d3ce96256.jpg,0.0708518847823143,0.37059885263442993,0.5035876631736755,0.744605541229248
5d4377db4a.jpg,0.06619508564472198,0.4145367741584778,0.2913933992385864,0.6999340057373047
5d53f82763.jpg,0.05162009596824646,0.3570350408554077,0.2656446397304535,0.7005654573440552
5d5d5c6cec.jpg,0.05628682300448418,0.39625632762908936,0.2322162240743637,0.6244287490844727
5d77349c0e.jpg,0.08101797103881836,0.5095409154891968,0.31521353125572205,0.5884585380554199
5d7b441aa9.jpg,0.04068505018949509,0.5418357849121094,0.21697378158569336,0.6057161092758179
5d875c63ab.jpg,0.05661768466234207,0.39588451385498047,0.34147778153419495,0.8427613377571106
5d87fdb2c6.jpg,0.09499885886907578,0.36794978380203247,0.5254771709442139,0.7246537208557129
5d8939501e.jpg,0.06993991136550903,0.4635089337825775,0.28267478942871094,0.6924811601638794
5d90dbd1ca.jpg,0.05116226524114609,0.5278828144073486,0.3100503385066986,0.6570920348167419
5da725f8d7.jpg,0.042997121810913086,0.38798803091049194,0.23809194564819336,0.7539634704589844
5da88da947.jpg,0.03453415259718895,0.5404506921768188,0.3812164068222046,0.7487999796867371
5dcdf86cfb.jpg,0.052601464092731476,0.3773826062679291,0.25154876708984375,0.7840729355812073
5dcfd3a36f.jpg,0.037278443574905396,0.4253315329551697,0.35896459221839905,0.5847944617271423
5ddb1eae61.jpg,0.05267738550901413,0.39767584204673767,0.33805611729621887,0.8253979682922363
5de7aa1645.jpg,0.04106896370649338,0.5098769068717957,0.2638876736164093,0.6374737620353699
5ded03d0f9.jpg,0.05052774399518967,0.3382721245288849,0.23255297541618347,0.7851076126098633
5e0062d8c4.jpg,0.047018107026815414,0.48981839418411255,0.27579155564308167,0.6157517433166504
5e0082e751.jpg,0.0308124627918005,0.48658883571624756,0.1996345818042755,0.7880674600601196
5e05579bfb.jpg,0.044138990342617035,0.5495084524154663,0.33641526103019714,0.7853291034698486
5e0b43957f.jpg,0.08627665042877197,0.49132853746414185,0.47519686818122864,0.7142464518547058
5e187eb93f.jpg,0.053157247602939606,0.29414188861846924,0.25578567385673523,0.6931072473526001
5e23eef10f.jpg,0.04464194178581238,0.4837307929992676,0.2482423037290573,0.5643050670623779
5e49c27b03.jpg,0.09745924919843674,0.40949657559394836,0.548980712890625,0.7440289258956909
5e4de25a9c.jpg,0.053696222603321075,0.29737982153892517,0.2848902642726898,0.7553666830062866
5e5c74bded.jpg,0.1142377257347107,0.34742966294288635,0.2064831256866455,0.8025379180908203
5e62cdccf1.jpg,0.05162002146244049,0.3213061988353729,0.2188681960105896,0.8442833423614502
5e64b64de8.jpg,0.09456485509872437,0.36100420355796814,0.4561285376548767,0.8101189136505127
5e80458f0d.jpg,0.057954877614974976,0.3936520218849182,0.3848787248134613,0.7615429162979126
5e8a5f5d3b.jpg,0.046414636075496674,0.35371577739715576,0.3667537271976471,0.7348261475563049
5e8afd118f.jpg,0.04202091321349144,0.4493902325630188,0.2783166468143463,0.7164638638496399
5e9b6ee1a4.jpg,0.04298481345176697,0.5920854806900024,0.2567937970161438,0.7758415937423706
5e9d609ee7.jpg,0.03735741972923279,0.4632261395454407,0.2543637752532959,0.7752197980880737
5e9f0eec0c.jpg,0.04199051111936569,0.5042038559913635,0.24200007319450378,0.7555957436561584
5ea13d56aa.jpg,0.044606178998947144,0.353593647480011,0.22454674541950226,0.8282896280288696
5eaccc99bf.jpg,0.06382593512535095,0.27066582441329956,0.2626101076602936,0.7960637211799622
5eb792b2be.jpg,0.0728820338845253,0.3206157386302948,0.3562450110912323,0.8108471632003784
5ed2785909.jpg,0.047726791352033615,0.42503026127815247,0.2881622314453125,0.7710183262825012
5ed86a6d0b.jpg,0.05792440101504326,0.3759726881980896,0.2912791967391968,0.8538233041763306
5edefd0d0f.jpg,0.04357707500457764,0.4198056161403656,0.29213809967041016,0.7228697538375854
5ee0ea499b.jpg,0.03922086954116821,0.2838699519634247,0.25170859694480896,0.8658312559127808
5ee88f0c5f.jpg,0.05015035718679428,0.31004661321640015,0.3086206912994385,0.8331371545791626
5ee96ba98d.jpg,0.06671632081270218,0.410927414894104,0.37459027767181396,0.8699160814285278
5ef70f37ea.jpg,0.04403234273195267,0.41345837712287903,0.2964937090873718,0.7251771688461304
5f02c26178.jpg,0.04633425921201706,0.40178877115249634,0.24285833537578583,0.6864868402481079
5f0d21c2b1.jpg,0.0418316125869751,0.41278961300849915,0.2978367209434509,0.7274141311645508
5f14f7641d.jpg,0.05350284278392792,0.49436047673225403,0.46723559498786926,0.6635098457336426
5f24335241.jpg,0.05342584103345871,0.5979454517364502,0.27607330679893494,0.6716328859329224
5f25cbc263.jpg,0.0645039975643158,0.47386398911476135,0.37835267186164856,0.838581919670105
5f2b8fa71a.jpg,0.05304640531539917,0.5024825930595398,0.37708333134651184,0.6077700853347778
5f34ec2686.jpg,0.05191153287887573,0.4055040180683136,0.24352632462978363,0.763276994228363
5f4018d615.jpg,0.05729221925139427,0.2184797078371048,0.19940993189811707,0.8402376174926758
5f4612d92b.jpg,0.05589278042316437,0.2589244246482849,0.21972030401229858,0.6701259613037109
5f477576c5.jpg,0.028614185750484467,0.5861625075340271,0.2577514350414276,0.7069402933120728
5f477a5c46.jpg,0.028996776789426804,0.6608654260635376,0.2700287103652954,0.6488078832626343
5f674f802b.jpg,0.05680867284536362,0.4739118218421936,0.38854914903640747,0.699613094329834
5f6acdd885.jpg,0.10447823256254196,0.6073172092437744,0.3625660538673401,0.6072701215744019
5f7a943ad3.jpg,0.035986676812171936,0.4411265552043915,0.186270073056221,0.6753702163696289
5f824e47e4.jpg,0.08079691231250763,0.3470907211303711,0.3420197069644928,0.8563546538352966
5fb5327415.jpg,0.05476853996515274,0.31767189502716064,0.23848956823349,0.6472972631454468
5fcf902716.jpg,0.03971536457538605,0.4065653681755066,0.22873947024345398,0.7580128908157349
5fd438d742.jpg,0.04153161495923996,0.43925705552101135,0.2076105773448944,0.6234912276268005
5ff7a6bd52.jpg,0.06428618729114532,0.4514537453651428,0.30999064445495605,0.7529833316802979
5fffc71069.jpg,0.07209191471338272,0.3035731911659241,0.47029805183410645,0.834753155708313
600adb121f.jpg,0.04681093618273735,0.4604502320289612,0.34216931462287903,0.7852376699447632
60149bcbbf.jpg,0.03928251564502716,0.55375736951828,0.27822354435920715,0.7168871164321899
60268cfb2f.jpg,0.07294118404388428,0.5339266061782837,0.34246423840522766,0.6440762281417847
604547096b.jpg,0.05850011110305786,0.38750284910202026,0.28230592608451843,0.7360376715660095
6045dd5804.jpg,0.034685030579566956,0.49703213572502136,0.24206601083278656,0.6294697523117065
604c154a10.jpg,0.062076762318611145,0.3043307960033417,0.24766580760478973,0.7391758561134338
604d51ecdb.jpg,0.03394255414605141,0.5431521534919739,0.15600603818893433,0.7207213044166565
604eee6de2.jpg,0.09516068547964096,0.5135465264320374,0.49915969371795654,0.7669655084609985
6058fe8ba4.jpg,0.055333517491817474,0.4003155827522278,0.19641275703907013,0.7108482122421265
605c399821.jpg,0.05369424447417259,0.31862571835517883,0.26732200384140015,0.8233579993247986
606bc88bf5.jpg,0.06817293912172318,0.40073299407958984,0.3445286750793457,0.7046099901199341
606ea8c853.jpg,0.09095695614814758,0.41390901803970337,0.34969964623451233,0.706385612487793
606edf9e69.jpg,0.05681433528661728,0.2680910527706146,0.25477975606918335,0.8356319069862366
607508ca60.jpg,0.08510260283946991,0.3463928699493408,0.36241471767425537,0.6252492666244507
6090cac2ca.jpg,0.06160535663366318,0.37591060996055603,0.3822968006134033,0.770497739315033
609699b9f5.jpg,0.05052134394645691,0.3149837851524353,0.2848629653453827,0.8254480361938477
6099732dd8.jpg,0.08425983041524887,0.45288050174713135,0.3790932595729828,0.7709563970565796
60a6fdd5c0.jpg,0.06653051823377609,0.4103032946586609,0.33231621980667114,0.80199134349823
60ac278e96.jpg,0.03752174973487854,0.5138996243476868,0.22408027946949005,0.7167608141899109
60adaaa8fa.jpg,0.07198043167591095,0.31020045280456543,0.42439886927604675,0.7743653059005737
60ee84f0e3.jpg,0.06613598763942719,0.3885161876678467,0.2880679666996002,0.6430271863937378
60f455c446.jpg,0.04383085295557976,0.31389933824539185,0.2912156581878662,0.8507475852966309
60f7b3ce84.jpg,0.05672302097082138,0.4434708058834076,0.25219905376434326,0.790666937828064
60fa0dced3.jpg,0.04698323458433151,0.4244577884674072,0.3277687430381775,0.6985816955566406
610b2e40b1.jpg,0.05215538665652275,0.2991575598716736,0.2095063030719757,0.7418853044509888
610ff29105.jpg,0.05486069247126579,0.2626737654209137,0.24437884986400604,0.875176727771759
6113839c53.jpg,0.036305077373981476,0.3314938247203827,0.20267151296138763,0.8394216299057007
611ce907ee.jpg,0.03900578245520592,0.505235493183136,0.2727782428264618,0.7205700874328613
6127261426.jpg,0.06699612736701965,0.4529899060726166,0.25961822271347046,0.6827564239501953
612de09c0e.jpg,0.029735252261161804,0.486883282661438,0.3996638059616089,0.7623087167739868
612eb28781.jpg,0.07163862138986588,0.4092943072319031,0.40607374906539917,0.7638218402862549
613592c5ba.jpg,0.0438406839966774,0.28266584873199463,0.3335355818271637,0.7893426418304443
614aebf996.jpg,0.07059772312641144,0.3758319616317749,0.31044575572013855,0.7726522088050842
614dcbd1b6.jpg,0.03624503314495087,0.6252145767211914,0.21922966837882996,0.5173547267913818
614e5368b3.jpg,0.05926993489265442,0.32355257868766785,0.2581731081008911,0.7663289308547974
6157aa63b5.jpg,0.05767349526286125,0.4426335096359253,0.27797359228134155,0.7187784910202026
615f1a41e2.jpg,0.053061410784721375,0.32422634959220886,0.3664175271987915,0.826218843460083
6163883314.jpg,0.05430504307150841,0.3196757435798645,0.18467649817466736,0.7755268812179565
6165bb7d20.jpg,0.029251977801322937,0.5918907523155212,0.2379266321659088,0.7130167484283447
618573a4c0.jpg,0.05555534362792969,0.27920740842819214,0.2211713194847107,0.7279725670814514
618c3a93a6.jpg,0.041676294058561325,0.4114695191383362,0.23958176374435425,0.6482300162315369
619868817c.jpg,0.06926538050174713,0.5103280544281006,0.5001642107963562,0.767438530921936
61c0bf55f3.jpg,0.06220328062772751,0.2600517272949219,0.20604069530963898,0.8314567804336548
61ca26c3f0.jpg,0.027944263070821762,0.5635256767272949,0.47240209579467773,0.7053385376930237
61d1dacb0a.jpg,0.04132980853319168,0.46285319328308105,0.2095617651939392,0.6763948798179626
61e0412438.jpg,0.04525965079665184,0.4612143039703369,0.3307743966579437,0.6870493292808533
61efe98c2b.jpg,0.041059449315071106,0.4791046380996704,0.4731069803237915,0.8167308568954468
61f0619994.jpg,0.03714325278997421,0.4727540612220764,0.22800344228744507,0.7192274928092957
61f337301f.jpg,0.05959561467170715,0.46966540813446045,0.2387961745262146,0.5975480675697327
61f79ea5e3.jpg,0.04939195513725281,0.31499117612838745,0.23592565953731537,0.6747132539749146
61febf655e.jpg,0.04250243306159973,0.45399877429008484,0.33037474751472473,0.631693422794342
6203a47be6.jpg,0.029105857014656067,0.5401671528816223,0.2332766354084015,0.7505000233650208
6203de934f.jpg,0.04033544287085533,0.3562999367713928,0.23906853795051575,0.7078630924224854
6203e44a0b.jpg,0.024937506765127182,0.4976215064525604,0.2924853563308716,0.8133723139762878
6216948548.jpg,0.05824848636984825,0.3998303711414337,0.32075849175453186,0.6576268076896667
623226574f.jpg,0.05661579594016075,0.32359033823013306,0.2694685459136963,0.8119117617607117
6233033047.jpg,0.05873984098434448,0.361768901348114,0.26504436135292053,0.6605677604675293
6233a14e7a.jpg,0.04090500622987747,0.5773190259933472,0.4504096508026123,0.7368831038475037
62428234ef.jpg,0.08759093284606934,0.38547128438949585,0.3768541216850281,0.7173203825950623
62556af40e.jpg,0.06693561375141144,0.3913326859474182,0.38311120867729187,0.8777616620063782
6256e7fb82.jpg,0.06185853108763695,0.35596737265586853,0.22961626946926117,0.7730360627174377
62601c808e.jpg,0.03491789847612381,0.33579230308532715,0.23015625774860382,0.8834267854690552
626caaa1ce.jpg,0.046927448362112045,0.4015689492225647,0.3323858678340912,0.8269119262695312
627532c78c.jpg,0.02842538058757782,0.48519694805145264,0.2166162133216858,0.6864325404167175
6276c2f781.jpg,0.07463356852531433,0.3372354507446289,0.44043976068496704,0.7556095719337463
6280ca0cf1.jpg,0.04708091914653778,0.47270071506500244,0.2313057780265808,0.6724094152450562
6297c1fc75.jpg,0.044709235429763794,0.2687837481498718,0.22811317443847656,0.7230786681175232
62a4327b05.jpg,0.05353575572371483,0.6220181584358215,0.5492591857910156,0.692156195640564
62a86886a4.jpg,0.051991477608680725,0.35355502367019653,0.3241761028766632,0.7937726974487305
62ada6e480.jpg,0.05311001464724541,0.4361220896244049,0.31422197818756104,0.6884100437164307
62ae12c529.jpg,0.06369715929031372,0.5560781359672546,0.20239338278770447,0.5629966855049133
62b043985f.jpg,0.04652875289320946,0.2737128734588623,0.223499596118927,0.7742282152175903
62b1939e2e.jpg,0.043486710637807846,0.5803171396255493,0.2789662480354309,0.804478645324707
62b6c6c11d.jpg,0.03082755021750927,0.45794692635536194,0.23750938475131989,0.6437606811523438
62bb8501e8.jpg,0.02973063848912716,0.5166286826133728,0.19566921889781952,0.6694338917732239
62bff6d96f.jpg,0.05181243270635605,0.4098023772239685,0.19026345014572144,0.7898374795913696
62c54774f6.jpg,0.04264291375875473,0.5789029002189636,0.30085623264312744,0.6977993249893188
62c5a2a3c0.jpg,0.03572675585746765,0.39977067708969116,0.23313874006271362,0.7693710327148438
62c8619eeb.jpg,0.04920368641614914,0.5996918678283691,0.3121914267539978,0.6513620018959045
62e2c15e98.jpg,0.053260259330272675,0.6382764577865601,0.23621678352355957,0.505238950252533
62e79f1dd2.jpg,0.06548881530761719,0.5633722543716431,0.35979190468788147,0.776036262512207
630d324a16.jpg,0.04864539951086044,0.45810800790786743,0.3408650755882263,0.7901746034622192
631cc9e7d1.jpg,0.0623137429356575,0.34580564498901367,0.3745972216129303,0.6976066827774048
631f90f7a9.jpg,0.03626886010169983,0.35647067427635193,0.3087772727012634,0.8595997095108032
632020c3e8.jpg,0.05626377463340759,0.48331958055496216,0.39564213156700134,0.7728461623191833
632858e7c4.jpg,0.058383017778396606,0.37016093730926514,0.4080624580383301,0.8346781730651855
633128bbae.jpg,0.020655130967497826,0.622681736946106,0.16468369960784912,0.5489456653594971
6334aea3e0.jpg,0.04324021562933922,0.5982832312583923,0.21671001613140106,0.785123348236084
63372e9038.jpg,0.05869230628013611,0.34638711810112,0.29484322667121887,0.6522877216339111
633edb47c9.jpg,0.028884468600153923,0.466115266084671,0.31571152806282043,0.8013178706169128
634246cbc0.jpg,0.07743723690509796,0.500496506690979,0.6824541091918945,0.8567644357681274
634e2ff9c5.jpg,0.03972632437944412,0.4299108386039734,0.20329953730106354,0.740094780921936
634f5cf142.jpg,0.039989568293094635,0.3872802257537842,0.3252311944961548,0.713929295539856
635907bad9.jpg,0.05010319501161575,0.5395517349243164,0.2170710563659668,0.5527600646018982
6360e41e69.jpg,0.038049519062042236,0.4713398218154907,0.20418602228164673,0.6541970372200012
636280c73d.jpg,0.0502106249332428,0.3429711163043976,0.258372038602829,0.7506621479988098
636d76c49a.jpg,0.05030512809753418,0.36184316873550415,0.2534891963005066,0.8416566252708435
6376737353.jpg,0.03971187025308609,0.4492170214653015,0.2542959153652191,0.7575652003288269
6376c3ffa5.jpg,0.03343861550092697,0.550568163394928,0.23063774406909943,0.7347964644432068
6379773e3f.jpg,0.04499572515487671,0.4496191442012787,0.21105265617370605,0.7116639614105225
637a28f9cf.jpg,0.03736429661512375,0.3604772984981537,0.2515548765659332,0.8100346326828003
638093f853.jpg,0.07517671585083008,0.44996336102485657,0.3583175539970398,0.7628800868988037
6383f39af4.jpg,0.036507993936538696,0.41885945200920105,0.24204376339912415,0.7454700469970703
63959943dd.jpg,0.047028061002492905,0.6103977560997009,0.21840833127498627,0.6332225799560547
639ed4c744.jpg,0.06439216434955597,0.46445029973983765,0.26704928278923035,0.6473411321640015
63a0582761.jpg,0.048519037663936615,0.4432407021522522,0.2771584689617157,0.6987321376800537
63b4aeae20.jpg,0.04487040266394615,0.4178394675254822,0.3434544503688812,0.6770886182785034
63b6bc086c.jpg,0.038244184106588364,0.5285813212394714,0.23246636986732483,0.6733007431030273
63bf7ae1cf.jpg,0.04526668041944504,0.3741235136985779,0.2324274778366089,0.728425145149231
63d194e1df.jpg,0.04930799454450607,0.3335311710834503,0.2752838134765625,0.8673232793807983
63e007e789.jpg,0.04641297459602356,0.30374401807785034,0.20039400458335876,0.79038006067276
63e73c1dc9.jpg,0.04695674777030945,0.4729006290435791,0.31242868304252625,0.7344167828559875
63e885e644.jpg,0.05157648026943207,0.3191331624984741,0.30075162649154663,0.7437072396278381
63f6cea734.jpg,0.03204645216464996,0.5108155608177185,0.2790684401988983,0.7312320470809937
63fef59198.jpg,0.03868516907095909,0.40120649337768555,0.2175208479166031,0.6849311590194702
6401c2d6c0.jpg,0.06353722512722015,0.36669740080833435,0.2806747555732727,0.7986650466918945
6417787af0.jpg,0.06274626404047012,0.42585843801498413,0.5588808655738831,0.7914750576019287
6421360d4f.jpg,0.0567379891872406,0.5389879941940308,0.230015829205513,0.5719454288482666
64247b3eb5.jpg,0.06239521503448486,0.2517756223678589,0.2392246276140213,0.852002739906311
6431f96d10.jpg,0.0628681406378746,0.49618208408355713,0.325545072555542,0.6764813661575317
64356423f2.jpg,0.04568136855959892,0.41817376017570496,0.1976369321346283,0.6501715183258057
6438b04e89.jpg,0.07170329988002777,0.3197864592075348,0.3570592403411865,0.8840508460998535
643916e05b.jpg,0.04301298409700394,0.5111152529716492,0.26485806703567505,0.7924983501434326
64397cbb62.jpg,0.04813539981842041,0.39671242237091064,0.2600512206554413,0.7242053747177124
6440dd45f8.jpg,0.05946538969874382,0.5013378858566284,0.3558228313922882,0.7256264090538025
6444bc3ca4.jpg,0.03773234039545059,0.42599916458129883,0.21618801355361938,0.6343669891357422
6447774e95.jpg,0.040364157408475876,0.5670469403266907,0.31917324662208557,0.7621003985404968
6457f79ca3.jpg,0.033377937972545624,0.7057639360427856,0.20087316632270813,0.6504746079444885
646da34032.jpg,0.030637308955192566,0.3914514482021332,0.2536422908306122,0.8288800716400146
64813f537a.jpg,0.029114022850990295,0.5486395359039307,0.15407462418079376,0.7729280591011047
6493077860.jpg,0.07016058266162872,0.24316419661045074,0.2988153100013733,0.8353773355484009
649df99535.jpg,0.04252522438764572,0.6474069356918335,0.31332480907440186,0.6233752965927124
64a519abd0.jpg,0.026534950360655785,0.4287061095237732,0.19399912655353546,0.7716888189315796
64bd39e960.jpg,0.055793628096580505,0.3898145854473114,0.33308088779449463,0.764244556427002
64c68d0aa3.jpg,0.06284520030021667,0.2662770748138428,0.3160744607448578,0.8523749113082886
64c6b6a511.jpg,0.04467366263270378,0.3261655867099762,0.21518965065479279,0.8078346252441406
64cf019733.jpg,0.046909429132938385,0.3149383068084717,0.28282004594802856,0.7712972164154053
64d0a7acf2.jpg,0.11396904289722443,0.4270324110984802,0.5888858437538147,0.7630699276924133
64d362378f.jpg,0.062113117426633835,0.4612668752670288,0.27569976449012756,0.768589198589325
64e21dfda0.jpg,0.04677823930978775,0.3020070195198059,0.23567718267440796,0.794777512550354
64ee7530ff.jpg,0.06554149091243744,0.4452595114707947,0.3493582308292389,0.8059206008911133
64f06b5ceb.jpg,0.06492789834737778,0.4696670472621918,0.30848848819732666,0.8158641457557678
64fcd56944.jpg,0.07636310160160065,0.3159487247467041,0.23203876614570618,0.8553187251091003
6533b9656e.jpg,0.03169778734445572,0.548841118812561,0.21541866660118103,0.7187904119491577
65344ad883.jpg,0.027240699157118797,0.6442314386367798,0.38891810178756714,0.5696383714675903
653774f59a.jpg,0.098887138068676,0.5869942903518677,0.26550865173339844,0.76857590675354
654dce0bc5.jpg,0.039564892649650574,0.5145415663719177,0.23744265735149384,0.6040239334106445
6558098202.jpg,0.05153500288724899,0.496937096118927,0.3022560775279999,0.6139358282089233
6561bd46ba.jpg,0.024605195969343185,0.4682948887348175,0.17499637603759766,0.6320067644119263
657337796d.jpg,0.05495041608810425,0.5011913776397705,0.2617190480232239,0.7360116243362427
657a1ebe3d.jpg,0.06842150539159775,0.40775227546691895,0.3068487048149109,0.6586911678314209
657bf0b295.jpg,0.06451968848705292,0.30861401557922363,0.2757282257080078,0.8667256236076355
657d970481.jpg,0.07168722152709961,0.44305291771888733,0.2905679941177368,0.6738287210464478
65881ff201.jpg,0.049904823303222656,0.31026512384414673,0.3046267628669739,0.7402879595756531
6589904ec0.jpg,0.06707347184419632,0.35346710681915283,0.4441870152950287,0.7323286533355713
65a09899f8.jpg,0.08277499675750732,0.4314284324645996,0.4738702178001404,0.7261002659797668
65a6d3e7e2.jpg,0.043890949338674545,0.49177277088165283,0.29671329259872437,0.7132259607315063
65ba65db68.jpg,0.058294519782066345,0.38136810064315796,0.3900482952594757,0.684852123260498
65cf11fe0e.jpg,0.08730506896972656,0.44383135437965393,0.5777588486671448,0.7149875164031982
65e0307c38.jpg,0.04109150171279907,0.49303439259529114,0.2392195463180542,0.6511484384536743
65e1c3f768.jpg,0.045985084027051926,0.3652322590351105,0.23315218091011047,0.636648952960968
65eb33194f.jpg,0.04815937206149101,0.4200100600719452,0.2667844891548157,0.732576847076416
65f48bdd36.jpg,0.06758411973714828,0.43704983592033386,0.2969394624233246,0.6281446814537048
65ff1c4226.jpg,0.0374830923974514,0.6217695474624634,0.24233151972293854,0.5633272528648376
660a638976.jpg,0.03985944762825966,0.5359978079795837,0.26979875564575195,0.744407057762146
661aadc417.jpg,0.0804034173488617,0.23631173372268677,0.1886715441942215,0.8564626574516296
661d51efae.jpg,0.053217314183712006,0.5204288959503174,0.23984572291374207,0.6408100128173828
662c5c4ff4.jpg,0.05702932924032211,0.3506115674972534,0.32962727546691895,0.8132756352424622
6635a31ee1.jpg,0.05091024935245514,0.5046646595001221,0.1994362771511078,0.7575005292892456
66361eea70.jpg,0.09528737515211105,0.437256395816803,0.2631714344024658,0.7162480354309082
6639b516d5.jpg,0.0417250394821167,0.46319273114204407,0.21049770712852478,0.6963987350463867
663b9a1924.jpg,0.03531956300139427,0.29755550622940063,0.19991497695446014,0.7671025395393372
66488583ab.jpg,0.04442652314901352,0.3545932173728943,0.31578534841537476,0.8197669982910156
664b161ecc.jpg,0.04382655769586563,0.6549594402313232,0.25662243366241455,0.6865957379341125
667c0fd61b.jpg,0.06377013772726059,0.34672418236732483,0.21746312081813812,0.8330191373825073
6690a30a29.jpg,0.044396236538887024,0.5030633211135864,0.32508066296577454,0.6414545178413391
66ad36a8d6.jpg,0.04360557720065117,0.35222774744033813,0.2737714350223541,0.7421172857284546
66af3aa4b1.jpg,0.045799341052770615,0.406441867351532,0.3308287262916565,0.7752822041511536
66b54569e6.jpg,0.043190471827983856,0.3443644940853119,0.1625501662492752,0.775437593460083
66cb408c30.jpg,0.04620714113116264,0.341484010219574,0.30354776978492737,0.7599086761474609
66db0fe6b4.jpg,0.0560276135802269,0.41668644547462463,0.2273254543542862,0.6522293090820312
66dbf73abc.jpg,0.06808729469776154,0.46753692626953125,0.34845679998397827,0.7418420314788818
66e71841a4.jpg,0.04698958247900009,0.3432292342185974,0.28883349895477295,0.7247719764709473
66f8456cb7.jpg,0.06142255663871765,0.37065452337265015,0.3413289189338684,0.6854655146598816
6700b4b7bb.jpg,0.05600786209106445,0.3410123586654663,0.31192928552627563,0.7824666500091553
670d9aa07f.jpg,0.06390781700611115,0.3096682131290436,0.3086414337158203,0.6925309300422668
670dbb29d1.jpg,0.047838784754276276,0.31440138816833496,0.2435644418001175,0.7507964372634888
6717eca3cc.jpg,0.02255120500922203,0.5760962963104248,0.13672272861003876,0.758863627910614
6728f4bba7.jpg,0.049018874764442444,0.3388667702674866,0.3386276960372925,0.8373317718505859
6731de7cdc.jpg,0.060132354497909546,0.4037744700908661,0.3306557238101959,0.7165184020996094
6736ee186d.jpg,0.044897228479385376,0.5429885387420654,0.2786833643913269,0.7172794342041016
674bf68b95.jpg,0.03686004504561424,0.49352192878723145,0.3109703063964844,0.7327498197555542
674c25f70e.jpg,0.06541801989078522,0.46614429354667664,0.32563847303390503,0.7081245183944702
6751643b4b.jpg,0.054603856056928635,0.4561418890953064,0.45039859414100647,0.7609012126922607
675e6b6065.jpg,0.03155878931283951,0.3574400544166565,0.21839889883995056,0.7672109603881836
675eb73e32.jpg,0.05066944658756256,0.4567459523677826,0.30649232864379883,0.7544388175010681
676a38fcf2.jpg,0.047401539981365204,0.3026925325393677,0.2937813997268677,0.6807482838630676
676d2377ea.jpg,0.06742362678050995,0.4421039819717407,0.31795814633369446,0.7321692705154419
67811f844f.jpg,0.04569856449961662,0.34530380368232727,0.2928348183631897,0.8362717628479004
6798a2a50d.jpg,0.04402676224708557,0.34094539284706116,0.33365702629089355,0.7384209632873535
679f2b8c09.jpg,0.07929122447967529,0.3271040916442871,0.27926328778266907,0.7592638731002808
67ad9f90eb.jpg,0.051737792789936066,0.29144203662872314,0.2524370849132538,0.7668590545654297
67ae13d8fd.jpg,0.0428381972014904,0.505854070186615,0.23211075365543365,0.6245031356811523
67b03b9ae6.jpg,0.07135826349258423,0.43261176347732544,0.34890276193618774,0.8454126119613647
67b2023cdc.jpg,0.04912371560931206,0.31462836265563965,0.31081295013427734,0.843634843826294
67b303bc1f.jpg,0.03460905700922012,0.48982518911361694,0.2543087601661682,0.7740389108657837
67bf2caa0d.jpg,0.07178493589162827,0.4040418267250061,0.5399491190910339,0.7239013910293579
67cb59fe1b.jpg,0.039050813764333725,0.49175477027893066,0.2946622371673584,0.7947549819946289
67d30c5976.jpg,0.0673828125,0.38671785593032837,0.42535483837127686,0.730661928653717
67e82318a8.jpg,0.045449670404195786,0.5015949606895447,0.3735845386981964,0.832855224609375
67fa0b1fff.jpg,0.04753264784812927,0.5434887409210205,0.42880764603614807,0.6471602320671082
67ffae436a.jpg,0.06178576499223709,0.45478975772857666,0.32240575551986694,0.6543092727661133
680e403ee6.jpg,0.06438536196947098,0.3907986581325531,0.43220680952072144,0.7049765586853027
68161f940a.jpg,0.08249463140964508,0.4846957325935364,0.3674910068511963,0.798740565776825
681747f03e.jpg,0.05214874446392059,0.2892518937587738,0.193355992436409,0.7407311201095581
681949c029.jpg,0.10938101261854172,0.512823224067688,0.3007996678352356,0.8174225091934204
681df42505.jpg,0.05692814290523529,0.4403528571128845,0.30613407492637634,0.698113203048706
682e0844c2.jpg,0.0861624926328659,0.3964247703552246,0.5570206642150879,0.8573480248451233
6836334767.jpg,0.06259092688560486,0.5445245504379272,0.29269471764564514,0.5832843780517578
683ff91f55.jpg,0.03783565014600754,0.5104395747184753,0.21313594281673431,0.6481741666793823
684690671a.jpg,0.051221877336502075,0.4187282919883728,0.24433693289756775,0.8857806324958801
684be8790c.jpg,0.059055935591459274,0.3762185573577881,0.3416074812412262,0.6817927360534668
685174f022.jpg,0.04877566546201706,0.6032806634902954,0.39950060844421387,0.8341199159622192
6852f4cb2d.jpg,0.0401453860104084,0.46501439809799194,0.2238920032978058,0.6738712787628174
685923a424.jpg,0.04908269643783569,0.27058351039886475,0.21355263888835907,0.8532852530479431
68730b2016.jpg,0.07598818838596344,0.33291637897491455,0.3793681263923645,0.6487430334091187
687cd30117.jpg,0.07232129573822021,0.3894730508327484,0.3657858669757843,0.75494384765625
6884abf5fe.jpg,0.0697934627532959,0.26442044973373413,0.2687075138092041,0.8597683310508728
6887ee7059.jpg,0.04632527381181717,0.4116753935813904,0.23376528918743134,0.7291446924209595
688fd65571.jpg,0.032567333430051804,0.40738445520401,0.21938417851924896,0.758988618850708
689273b092.jpg,0.039173245429992676,0.4707123339176178,0.2316354513168335,0.7394332885742188
68a0fd8800.jpg,0.04256165027618408,0.3313088119029999,0.2789730429649353,0.7967591881752014
68b8b35955.jpg,0.0452406108379364,0.42987725138664246,0.2643499970436096,0.7420504093170166
68d3757ce1.jpg,0.07653459161520004,0.34566131234169006,0.34424978494644165,0.8082390427589417
68d785f0cb.jpg,0.038630105555057526,0.47407907247543335,0.24289514124393463,0.6326115131378174
68e40889bf.jpg,0.06560920923948288,0.3509521484375,0.37647709250450134,0.859416127204895
68e93f1dd4.jpg,0.04677852243185043,0.6264654994010925,0.39206868410110474,0.6376386284828186
68f7232a89.jpg,0.03477797657251358,0.36897990107536316,0.20759651064872742,0.6903239488601685
6915fdb4e2.jpg,0.04855053871870041,0.4527861475944519,0.2052297443151474,0.6261098980903625
692b29e496.jpg,0.0780080109834671,0.23807060718536377,0.31702953577041626,0.8563258647918701
692d2be632.jpg,0.04771283268928528,0.5473072528839111,0.2804504930973053,0.7308750152587891
6932043ee0.jpg,0.08039043843746185,0.3637964129447937,0.47598913311958313,0.7065660953521729
693415a29b.jpg,0.07095300406217575,0.2832236588001251,0.3499799966812134,0.7461414337158203
69552238b4.jpg,0.06097961217164993,0.30551597476005554,0.25847193598747253,0.8088193535804749
695755652f.jpg,0.06524045765399933,0.3536461591720581,0.32702934741973877,0.6724989414215088
6957a4b495.jpg,0.06736543029546738,0.4520500898361206,0.2961484491825104,0.622669517993927
6960ca7470.jpg,0.05754642188549042,0.32376828789711,0.33589819073677063,0.8663136959075928
6960d1ca6a.jpg,0.09630250930786133,0.4912661015987396,0.3896874785423279,0.6985255479812622
696803e17c.jpg,0.03706337511539459,0.40958714485168457,0.20407600700855255,0.66135573387146
696f56514d.jpg,0.051707327365875244,0.4826653003692627,0.2820713520050049,0.5988399982452393
6970d5e39a.jpg,0.08010982722043991,0.40315186977386475,0.351859986782074,0.7197607159614563
697a7cac68.jpg,0.047895800322294235,0.5443177223205566,0.21455514430999756,0.5947057008743286
6987bc04a8.jpg,0.07514499872922897,0.4330102205276489,0.24253995716571808,0.7287532091140747
69a48c1703.jpg,0.08031371980905533,0.30310380458831787,0.25924453139305115,0.8286610841751099
69ae5108fc.jpg,0.037579067051410675,0.46116337180137634,0.19655586779117584,0.6231036186218262
69b2d90a15.jpg,0.051527269184589386,0.40887799859046936,0.4156952202320099,0.8207926750183105
69b411b727.jpg,0.0569443516433239,0.4569411277770996,0.26684150099754333,0.502752423286438
69b590e268.jpg,0.04968152940273285,0.5072898864746094,0.2672868072986603,0.7044958472251892
69ba3dbcbe.jpg,0.08027903735637665,0.490888386964798,0.4243939220905304,0.7452691793441772
69bc2bf220.jpg,0.06468569487333298,0.36259475350379944,0.4349377751350403,0.7923767566680908
69c3dba202.jpg,0.06584320962429047,0.4064730703830719,0.41350257396698,0.6945295333862305
69c50db73f.jpg,0.04411551356315613,0.4985874593257904,0.30968964099884033,0.6106612682342529
69c5eb1184.jpg,0.036182940006256104,0.5975608825683594,0.3332059383392334,0.5366733074188232
69ce40e8bd.jpg,0.05520346015691757,0.4358530640602112,0.4987287223339081,0.7541123628616333
69cf4ee0c1.jpg,0.13063213229179382,0.4954390227794647,0.5814799070358276,0.7237698435783386
69e5be6684.jpg,0.0380057655274868,0.5456759333610535,0.28472426533699036,0.7796956896781921
69ea18eac3.jpg,0.058903150260448456,0.5326454043388367,0.33048292994499207,0.5997245907783508
69ff61709e.jpg,0.061251040548086166,0.420749694108963,0.3687051832675934,0.796355664730072
6a0a168174.jpg,0.08538806438446045,0.4560069143772125,0.6156674027442932,0.6936450004577637
6a0c1b662f.jpg,0.05738987773656845,0.40030959248542786,0.3699805736541748,0.7295534014701843
6a19d6ed16.jpg,0.03674847632646561,0.3514043986797333,0.23300756514072418,0.5876540541648865
6a1aea3e32.jpg,0.044907622039318085,0.4860089421272278,0.4335405230522156,0.663478434085846
6a24142aad.jpg,0.03230966255068779,0.44981616735458374,0.3605891168117523,0.7274531126022339
6a3a6192c0.jpg,0.04490002989768982,0.4890837073326111,0.34110623598098755,0.6941378116607666
6a4d3daafe.jpg,0.022369634360074997,0.5535693168640137,0.24436865746974945,0.5995875597000122
6a4fe6590b.jpg,0.03148014470934868,0.47175735235214233,0.30456748604774475,0.6951870918273926
6a55ec45aa.jpg,0.04839378595352173,0.3129643201828003,0.34286239743232727,0.7392426133155823
6a5b3e97df.jpg,0.05115402862429619,0.6222130060195923,0.2612189054489136,0.6767666935920715
6a62792333.jpg,0.046261079609394073,0.602616548538208,0.25166770815849304,0.7420433759689331
6a6fb64128.jpg,0.09637781232595444,0.7310765981674194,0.3193119466304779,0.5598263740539551
6a75bc4fce.jpg,0.04047723859548569,0.3469991385936737,0.26944682002067566,0.7698290944099426
6a95e80280.jpg,0.0540316179394722,0.39530378580093384,0.34217309951782227,0.7556862235069275
6a9634ff0e.jpg,0.06989192962646484,0.44423460960388184,0.33141660690307617,0.8192650079727173
6aa027975d.jpg,0.08379398286342621,0.37826234102249146,0.3083477318286896,0.7482585906982422
6ab55e39e3.jpg,0.06314080953598022,0.3469797372817993,0.31905660033226013,0.8686079978942871
6ab607ca91.jpg,0.05249222368001938,0.4603922665119171,0.26369577646255493,0.49141615629196167
6ac584cbb4.jpg,0.0847245454788208,0.4029965400695801,0.23405858874320984,0.6936571598052979
6ac922afab.jpg,0.04300183057785034,0.4230160117149353,0.2545798122882843,0.7625733613967896
6ae1292f67.jpg,0.07676239311695099,0.4159742593765259,0.22422945499420166,0.696527361869812
6afc612209.jpg,0.039147499948740005,0.5266894102096558,0.1706175059080124,0.638636589050293
6b04d109cf.jpg,0.05505722016096115,0.3642837703227997,0.26814213395118713,0.5660033822059631
6b240d89b8.jpg,0.04524443671107292,0.47979944944381714,0.39342114329338074,0.7917797565460205
6b25e23139.jpg,0.0716933012008667,0.5130353569984436,0.3472430109977722,0.6610778570175171
6b3e7692a0.jpg,0.060675255954265594,0.47599732875823975,0.36573705077171326,0.7284880876541138
6b47c83dad.jpg,0.062267567962408066,0.345430463552475,0.316893070936203,0.8094797134399414
6b53db36ed.jpg,0.06697572767734528,0.48903608322143555,0.3603028655052185,0.7990503907203674
6b61c7852e.jpg,0.03319717198610306,0.38199377059936523,0.24640367925167084,0.7935391068458557
6b66f3c48a.jpg,0.034808821976184845,0.6400970220565796,0.2755853235721588,0.5629061460494995
6b6b85cd53.jpg,0.049026839435100555,0.5456969738006592,0.22063620388507843,0.7515766620635986
6b6e1046b8.jpg,0.0905938372015953,0.3631874918937683,0.39247065782546997,0.8323843479156494
6b70c93481.jpg,0.0807933360338211,0.4363265037536621,0.6436202526092529,0.7258040904998779
6b7172639a.jpg,0.061286091804504395,0.37681815028190613,0.265344500541687,0.744478702545166
6b87a7b5dc.jpg,0.08225864171981812,0.42408549785614014,0.49256864190101624,0.7982092499732971
6b87dc38dc.jpg,0.0290711410343647,0.6187101006507874,0.1937287300825119,0.5739643573760986
6b910e1321.jpg,0.045294903218746185,0.4291796386241913,0.26936623454093933,0.5498721599578857
6ba72ca483.jpg,0.03166864812374115,0.45194125175476074,0.20774859189987183,0.6911256313323975
6bb4d6273a.jpg,0.0847315639257431,0.3669634461402893,0.4989573359489441,0.6553007364273071
6bc014d8ea.jpg,0.06017236411571503,0.452272891998291,0.3010193109512329,0.7664589881896973
6bc2744034.jpg,0.059278182685375214,0.39702773094177246,0.3411749303340912,0.8087950944900513
6bc4af390a.jpg,0.06067850813269615,0.522888720035553,0.4391937851905823,0.7904736995697021
6bc7d64fb6.jpg,0.04870305955410004,0.4576171636581421,0.2124137133359909,0.7600749135017395
6bc8104d76.jpg,0.051621608436107635,0.687495768070221,0.2864896059036255,0.5898485779762268
6bcd8876a4.jpg,0.05136430263519287,0.39255374670028687,0.3311191499233246,0.7263726592063904
6bcea12f74.jpg,0.04795721918344498,0.3649861216545105,0.28296521306037903,0.775536835193634
6be0fc09a5.jpg,0.030571088194847107,0.38035374879837036,0.1887023150920868,0.6041990518569946
6bf0976dae.jpg,0.037847839295864105,0.43631771206855774,0.2753034234046936,0.79571533203125
6c0f6804c5.jpg,0.05130226910114288,0.33241572976112366,0.27021607756614685,0.6593061685562134
6c19b70453.jpg,0.06418938934803009,0.30013948678970337,0.27946731448173523,0.8399133682250977
6c1d743ded.jpg,0.06261524558067322,0.28462788462638855,0.18226835131645203,0.6391017436981201
6c1f308e02.jpg,0.03552902489900589,0.3706567585468292,0.25141167640686035,0.7690780162811279
6c28209b0b.jpg,0.06967329233884811,0.43223342299461365,0.4255683124065399,0.7348359227180481
6c37caaa86.jpg,0.05742592737078667,0.45115798711776733,0.33698633313179016,0.6922740936279297
6c38e65dd9.jpg,0.05131635069847107,0.25137460231781006,0.19573873281478882,0.8394051790237427
6c5fb319c2.jpg,0.04263827204704285,0.609494686126709,0.20929408073425293,0.5514012575149536
6c650608d2.jpg,0.055476389825344086,0.6016903519630432,0.23148757219314575,0.5509036183357239
6c66f26b82.jpg,0.06837031245231628,0.3291124701499939,0.3188531696796417,0.834126353263855
6c77b100ea.jpg,0.072352334856987,0.7215332984924316,0.4621948003768921,0.6480467915534973
6c7b92564c.jpg,0.06775783002376556,0.5687069892883301,0.3052197992801666,0.6282252073287964
6c7bd28db6.jpg,0.05980480834841728,0.45107734203338623,0.4695582389831543,0.8002585172653198
6c7e5b0199.jpg,0.05260483920574188,0.3729439973831177,0.20300428569316864,0.7181085348129272
6c8aec68c1.jpg,0.04192790389060974,0.3136259913444519,0.25573965907096863,0.8379673957824707
6c8c8234e4.jpg,0.02710474655032158,0.5711886882781982,0.23115919530391693,0.6650780439376831
6c9c20101d.jpg,0.048343539237976074,0.2659173905849457,0.20971006155014038,0.710730254650116
6cad5acca6.jpg,0.056294672191143036,0.4230222702026367,0.22934135794639587,0.8479979038238525
6cada09ad0.jpg,0.03785526752471924,0.3838347792625427,0.20486296713352203,0.8480973839759827
6cb683712d.jpg,0.05137157440185547,0.7248407006263733,0.215653657913208,0.5776635408401489
6cb7a4d1c0.jpg,0.049797724932432175,0.46164098381996155,0.3389466106891632,0.7377842664718628
6cc9ba090d.jpg,0.04478530213236809,0.3805783987045288,0.2878410816192627,0.7250261306762695
6cdb4ae67d.jpg,0.06182951480150223,0.32190051674842834,0.2679075598716736,0.7727418541908264
6cf14b58ac.jpg,0.05936987325549126,0.7142950892448425,0.31566107273101807,0.5788232088088989
6d21dd8e8a.jpg,0.04763185977935791,0.4703245759010315,0.2757726311683655,0.7427704930305481
6d2db478f1.jpg,0.054235976189374924,0.24266119301319122,0.2992806136608124,0.8960244655609131
6d366256a0.jpg,0.04371248930692673,0.4384322762489319,0.25637567043304443,0.7265830039978027
6d43871d17.jpg,0.05172862857580185,0.3777785003185272,0.3155721127986908,0.6511944532394409
6d4cd97a65.jpg,0.03422614932060242,0.3750092387199402,0.21115322411060333,0.8176340460777283
6d4ed509c4.jpg,0.03792053833603859,0.2964778542518616,0.18862414360046387,0.794463574886322
6d59401909.jpg,0.03612178936600685,0.6572446823120117,0.3033938407897949,0.4124910831451416
6d6717a60d.jpg,0.041134998202323914,0.2955491542816162,0.27235424518585205,0.7116411924362183
6d6bc1579a.jpg,0.0628000795841217,0.38272514939308167,0.2312254160642624,0.7916281223297119
6d75effae7.jpg,0.06927329301834106,0.5416079163551331,0.3573957681655884,0.5043455958366394
6d76ac5983.jpg,0.04886051267385483,0.40928149223327637,0.2891324758529663,0.7523692846298218
6d76db2739.jpg,0.03539009019732475,0.35540708899497986,0.21601742506027222,0.8147228956222534
6d8ac0ab87.jpg,0.06233370304107666,0.480354368686676,0.27952995896339417,0.8013584613800049
6d8ff7415d.jpg,0.054489925503730774,0.4188478887081146,0.24385182559490204,0.6821634769439697
6da5f24eb5.jpg,0.047302596271038055,0.3243345022201538,0.29620522260665894,0.747482419013977
6da926571e.jpg,0.06861557811498642,0.27408191561698914,0.22290143370628357,0.8611718416213989
6db9d90f11.jpg,0.06616457551717758,0.4343796372413635,0.384758323431015,0.6542967557907104
6dc8ab590e.jpg,0.0646791011095047,0.6921013593673706,0.2058596909046173,0.7152019739151001
6dce9829bb.jpg,0.04560502618551254,0.6781039237976074,0.3088764250278473,0.7457475066184998
6dcf799703.jpg,0.051629386842250824,0.2952433228492737,0.36041778326034546,0.812518835067749
6ddc86d0e4.jpg,0.07209803909063339,0.4508638381958008,0.3123088479042053,0.7766824960708618
6dee6d02d8.jpg,0.03978234529495239,0.35813644528388977,0.24800240993499756,0.7487863898277283
6df48d411c.jpg,0.0456412248313427,0.48167940974235535,0.2680523991584778,0.6027556657791138
6dfff386db.jpg,0.05807073041796684,0.4180985987186432,0.32255440950393677,0.7347109913825989
6e09fe8d32.jpg,0.04001821577548981,0.5418503284454346,0.35137221217155457,0.7698837518692017
6e13b2f9b4.jpg,0.04655725508928299,0.3743145167827606,0.2454972267150879,0.7762327194213867
6e17babca8.jpg,0.04802727699279785,0.3853781223297119,0.3459295928478241,0.7424513101577759
6e2493f8d4.jpg,0.07429179549217224,0.5557985305786133,0.46406641602516174,0.435293972492218
6e2c4451e5.jpg,0.04129534214735031,0.6980403661727905,0.265722393989563,0.5068747997283936
6e3c226e32.jpg,0.04101811349391937,0.43988126516342163,0.22318091988563538,0.8293228149414062
6e3e179ef8.jpg,0.06743466854095459,0.3462439775466919,0.44249457120895386,0.7674869894981384
6e57dbfe6f.jpg,0.024343743920326233,0.5299975872039795,0.2712748050689697,0.6696837544441223
6e5cd72d3c.jpg,0.04466542601585388,0.3256993889808655,0.2676873803138733,0.7848068475723267
6e656030a0.jpg,0.04829598218202591,0.39801523089408875,0.29166823625564575,0.715874969959259
6e68264904.jpg,0.03411839157342911,0.5075094103813171,0.22280487418174744,0.636201024055481
6e72f8ad6c.jpg,0.08548778295516968,0.386344313621521,0.6116434335708618,0.7797881364822388
6e84325bee.jpg,0.05453665181994438,0.30583417415618896,0.27172818779945374,0.7128152251243591
6e89ef391e.jpg,0.06068404018878937,0.33034178614616394,0.22991520166397095,0.7696821093559265
6e8ec08b46.jpg,0.047109317034482956,0.3497306704521179,0.28032803535461426,0.7735210657119751
6e924c87a3.jpg,0.05110993981361389,0.43330612778663635,0.28053611516952515,0.7240027189254761
6e9f6935ce.jpg,0.07418321073055267,0.45099249482154846,0.41300857067108154,0.6117336750030518
6ea4aef23e.jpg,0.0497119277715683,0.3985571563243866,0.300039142370224,0.6801773309707642
6ebd91c7e5.jpg,0.04806690663099289,0.42649373412132263,0.23821160197257996,0.7415319681167603
6ebfe9870b.jpg,0.03432473540306091,0.3819851577281952,0.2543177902698517,0.6495823860168457
6ec425bb69.jpg,0.04358063265681267,0.6346407532691956,0.16341061890125275,0.6599395871162415
6ecc2d49cf.jpg,0.07908204197883606,0.41155850887298584,0.4461720287799835,0.6914079189300537
6ed8cb6c73.jpg,0.058683328330516815,0.2711011469364166,0.21254205703735352,0.8392211198806763
6edee61a9e.jpg,0.05524864047765732,0.49968329071998596,0.48664772510528564,0.6321203708648682
6ee301dfa6.jpg,0.05986668914556503,0.34895920753479004,0.36203256249427795,0.7113916873931885
6ee4e3cfa0.jpg,0.05863901227712631,0.5492368936538696,0.2938253581523895,0.6387993097305298
6ee582ddd3.jpg,0.08650782704353333,0.4538993239402771,0.57111656665802,0.7225531935691833
6ef0e038c4.jpg,0.05725102126598358,0.444268137216568,0.27457794547080994,0.7267956733703613
6efbef83a2.jpg,0.04622332751750946,0.4714565873146057,0.27244246006011963,0.8276598453521729
6f28a81391.jpg,0.03077557310461998,0.441058874130249,0.24125203490257263,0.7950032949447632
6f2bf952a9.jpg,0.0472215935587883,0.3311230540275574,0.2232738733291626,0.7911509275436401
6f40f67816.jpg,0.08532139658927917,0.40010568499565125,0.4186880588531494,0.7089266777038574
6f48326e10.jpg,0.055705368518829346,0.49922454357147217,0.46981117129325867,0.7946779727935791
6f48f32192.jpg,0.08180364221334457,0.4701342284679413,0.5464203357696533,0.7249419689178467
6f5bf1e36c.jpg,0.04927859827876091,0.5134897828102112,0.4040675163269043,0.6571614742279053
6f5ef8ad57.jpg,0.05373057350516319,0.516251802444458,0.3565259277820587,0.7925786375999451
6f68219972.jpg,0.042901262640953064,0.6033930778503418,0.38530343770980835,0.7033785581588745
6f6d82abff.jpg,0.04009024798870087,0.39259016513824463,0.2844207286834717,0.5417062044143677
6f7564d1a0.jpg,0.057585254311561584,0.5162394046783447,0.1960957795381546,0.682411789894104
6f77237bfc.jpg,0.047526776790618896,0.5385335087776184,0.27441027760505676,0.5218311548233032
6f8cb591c0.jpg,0.07722523808479309,0.4277295172214508,0.486221581697464,0.7127761244773865
6f8d0b8187.jpg,0.03704920411109924,0.6141990423202515,0.25734227895736694,0.5993688702583313
6f8e3c9a8b.jpg,0.07776066660881042,0.47294145822525024,0.46287184953689575,0.8083752393722534
6f923ef327.jpg,0.03914695233106613,0.3351578712463379,0.21648049354553223,0.7246912717819214
6f947d7eac.jpg,0.052241887897253036,0.4802376925945282,0.23935982584953308,0.6987018585205078
6fadc7344f.jpg,0.059247612953186035,0.30746719241142273,0.3880056142807007,0.7846256494522095
6fc20169b5.jpg,0.025580283254384995,0.5846792459487915,0.130493625998497,0.6587365865707397
6fc42ec979.jpg,0.06474442780017853,0.4461521506309509,0.2592698335647583,0.7947368621826172
6fc6fa664f.jpg,0.055904828011989594,0.43566250801086426,0.4150499701499939,0.777944803237915
6fd27b0261.jpg,0.0632522702217102,0.46135056018829346,0.4405602216720581,0.855171799659729
6fd58bb7ed.jpg,0.0469207689166069,0.3871679902076721,0.2664339542388916,0.7061561346054077
6fd674c2bc.jpg,0.03019949048757553,0.5612902045249939,0.18833723664283752,0.7178043723106384
6feaf858bb.jpg,0.030931133776903152,0.4455549716949463,0.30513158440589905,0.5671072006225586
6ff650cc01.jpg,0.053761836141347885,0.4088588356971741,0.2378363013267517,0.7691363096237183
6ff926036b.jpg,0.04257669299840927,0.48858869075775146,0.2307685762643814,0.6434810757637024
7007638c04.jpg,0.04241112619638443,0.33375316858291626,0.2068675458431244,0.8099175691604614
7018cf5472.jpg,0.05644959211349487,0.25913161039352417,0.2490522563457489,0.8200226426124573
7023e05153.jpg,0.06382794678211212,0.581525444984436,0.4218904972076416,0.5729692578315735
7041df8f8d.jpg,0.04775294288992882,0.43369629979133606,0.31985166668891907,0.7540489435195923
7048682787.jpg,0.03773815929889679,0.5121887922286987,0.2583312690258026,0.6217691898345947
7056c4d0c9.jpg,0.04739731177687645,0.47270211577415466,0.3290417790412903,0.7425793409347534
7058938d2d.jpg,0.036499619483947754,0.41503122448921204,0.2811838388442993,0.7401475310325623
70688893ff.jpg,0.042663246393203735,0.35046252608299255,0.347373902797699,0.73809814453125
7095de0c05.jpg,0.03474264591932297,0.5803338289260864,0.27069565653800964,0.7095867395401001
709c87be1e.jpg,0.0476987361907959,0.5664317607879639,0.24765709042549133,0.7190138697624207
70a6584991.jpg,0.04395267367362976,0.29423654079437256,0.21994903683662415,0.7993307113647461
70adc33191.jpg,0.05456961318850517,0.4309609532356262,0.30205896496772766,0.8141776323318481
70b1293521.jpg,0.09174367040395737,0.7443578839302063,0.3671901822090149,0.37314969301223755
70bbdc328b.jpg,0.05636502429842949,0.5387628078460693,0.3315030336380005,0.7500026226043701
70bfad4fb3.jpg,0.06700563430786133,0.40480685234069824,0.3057425022125244,0.8306041955947876
70c35d97fa.jpg,0.02631312981247902,0.8006783723831177,0.220323383808136,0.6638585329055786
70c4ba13c5.jpg,0.07337221503257751,0.4166446924209595,0.5099732279777527,0.7831844687461853
70c5926990.jpg,0.0409158319234848,0.363722562789917,0.24473127722740173,0.740165114402771
70d01a9f18.jpg,0.03305656835436821,0.3954424262046814,0.3362395167350769,0.7539072036743164
70d2dd3347.jpg,0.03812277317047119,0.4167573153972626,0.1590259075164795,0.6932415962219238
70e1a9d5d0.jpg,0.037668656557798386,0.4599946141242981,0.2027403712272644,0.6772162914276123
70f83908f4.jpg,0.0460178479552269,0.5552444458007812,0.40398284792900085,0.5943422913551331
710afec54e.jpg,0.06742291152477264,0.428181529045105,0.4665798246860504,0.7789198160171509
710dddaa53.jpg,0.06760977953672409,0.5551947355270386,0.321880578994751,0.7690712213516235
710ff8d371.jpg,0.0314432829618454,0.516486644744873,0.23251685500144958,0.6961159706115723
711bdf7e70.jpg,0.056959327310323715,0.33018338680267334,0.2801162302494049,0.6369837522506714
711e41a40a.jpg,0.06152915209531784,0.3775014877319336,0.3084542751312256,0.706051230430603
7124e69590.jpg,0.054979484528303146,0.713719367980957,0.24455291032791138,0.6375100612640381
7128cb2ee3.jpg,0.030029160901904106,0.4804512858390808,0.279593825340271,0.6541980504989624
7140fb929c.jpg,0.05635293573141098,0.35317692160606384,0.3234512209892273,0.8281488418579102
714de5bcda.jpg,0.03784964233636856,0.5546097159385681,0.3935900628566742,0.681816816329956
716437e0a0.jpg,0.030010908842086792,0.5102221965789795,0.35502901673316956,0.6134412288665771
71697466d8.jpg,0.03931913524866104,0.35227110981941223,0.29595524072647095,0.8604084253311157
716981b92d.jpg,0.06046950817108154,0.4198949337005615,0.4973689019680023,0.8097667694091797
717bc1fc72.jpg,0.047416359186172485,0.692825973033905,0.38043448328971863,0.6117844581604004
718b15a998.jpg,0.04621284455060959,0.41408851742744446,0.23345515131950378,0.8770161867141724
71990c1992.jpg,0.05872568488121033,0.33996644616127014,0.29039713740348816,0.8057901859283447
71a1688eec.jpg,0.02441861480474472,0.4738829731941223,0.16043436527252197,0.6629433631896973
71ab7757d1.jpg,0.0389154888689518,0.38525739312171936,0.1588868349790573,0.6913904547691345
71b9dfc246.jpg,0.05937015637755394,0.5085309147834778,0.32787901163101196,0.659798800945282
71c9f21e69.jpg,0.06156667321920395,0.37122559547424316,0.42952319979667664,0.82108074426651
71cd818b43.jpg,0.059772636741399765,0.34812596440315247,0.29812079668045044,0.7756729125976562
71cde4e6b9.jpg,0.06354617327451706,0.5353381633758545,0.3999027609825134,0.7655993700027466
71d0f6d808.jpg,0.04908264800906181,0.41049274802207947,0.22807511687278748,0.6455443501472473
71d92823a7.jpg,0.039581503719091415,0.44763290882110596,0.3186514973640442,0.7142832279205322
71e2160bc2.jpg,0.04255744069814682,0.3672523498535156,0.20999661087989807,0.7361005544662476
71eb79bec9.jpg,0.049122344702482224,0.42923495173454285,0.21647138893604279,0.7206287384033203
71f375fd61.jpg,0.04839019104838371,0.3830094039440155,0.19651401042938232,0.7892764806747437
71f38526e3.jpg,0.0648144781589508,0.36005863547325134,0.2576945722103119,0.709079384803772
71f84e59d9.jpg,0.04128802567720413,0.425893098115921,0.19905903935432434,0.533025860786438
71fbc6fd17.jpg,0.04117073118686676,0.4982077479362488,0.31176769733428955,0.7787091732025146
71feaf01d5.jpg,0.03780544549226761,0.5325034856796265,0.15795642137527466,0.6217503547668457
720358ea9a.jpg,0.07100149244070053,0.4024915099143982,0.5503443479537964,0.843238115310669
7207f4dfb5.jpg,0.03916113078594208,0.44026079773902893,0.23818200826644897,0.7005864381790161
720b03538d.jpg,0.03841928020119667,0.3795320391654968,0.2607826292514801,0.8354588150978088
720b65616c.jpg,0.0780055820941925,0.34106120467185974,0.4246988296508789,0.6600019931793213
720b79fcc2.jpg,0.061781372874975204,0.6113598346710205,0.2817571759223938,0.608481764793396
721f26a1d5.jpg,0.0457846038043499,0.7018013000488281,0.41959458589553833,0.6130053997039795
721fb86cc5.jpg,0.040853023529052734,0.6141188740730286,0.23734723031520844,0.608465313911438
7226160b9d.jpg,0.0601888969540596,0.4006645977497101,0.3251938223838806,0.7743847966194153
722cb1e56d.jpg,0.05672357976436615,0.31550049781799316,0.26744699478149414,0.8334980010986328
7232765c25.jpg,0.05511432886123657,0.4212026596069336,0.2969691753387451,0.6766532063484192
723451df4f.jpg,0.03665747120976448,0.47565412521362305,0.1590939164161682,0.6713532209396362
7234b91e34.jpg,0.10240014642477036,0.4701594114303589,0.5051441192626953,0.7141736745834351
7237fc1604.jpg,0.03506728634238243,0.3665173053741455,0.3140733242034912,0.8537776470184326
723d373aa3.jpg,0.053997717797756195,0.3355761468410492,0.3887125849723816,0.7687013149261475
7241d2c3d9.jpg,0.06808006018400192,0.3635345697402954,0.3917640149593353,0.7214314341545105
7261ec35d2.jpg,0.04686060547828674,0.5065282583236694,0.3597830533981323,0.802687406539917
72669a9943.jpg,0.042955607175827026,0.3861598074436188,0.29057446122169495,0.8203607797622681
72812baf6e.jpg,0.04990064352750778,0.5163604021072388,0.2862001061439514,0.5895183682441711
7283cfab05.jpg,0.04559575021266937,0.5748827457427979,0.26963555812835693,0.7266266942024231
728ea2432b.jpg,0.04601762816309929,0.48587509989738464,0.25308552384376526,0.644315779209137
7293694fa1.jpg,0.049309223890304565,0.34363505244255066,0.27211064100265503,0.8559527397155762
72984fac2b.jpg,0.037148021161556244,0.3681237995624542,0.28394871950149536,0.8103466033935547
72a4736675.jpg,0.04827522486448288,0.46565309166908264,0.32343384623527527,0.6681488752365112
72a601d8f0.jpg,0.05338813364505768,0.5314228534698486,0.27728137373924255,0.6833926439285278
72c7727920.jpg,0.07013489305973053,0.48935839533805847,0.43125224113464355,0.6729038953781128
72d3a41349.jpg,0.04351333901286125,0.4572794735431671,0.1629396677017212,0.7796823978424072
72d466fe84.jpg,0.04759330675005913,0.5237346887588501,0.3147942125797272,0.6805189847946167
72e16d5fbd.jpg,0.04818674176931381,0.47783923149108887,0.3464139401912689,0.716681182384491
72e448ba0d.jpg,0.07334840297698975,0.5464810729026794,0.20316383242607117,0.6541725993156433
72f617be7d.jpg,0.06228843331336975,0.448967844247818,0.4480312764644623,0.7460322380065918
730f4d3c17.jpg,0.037964869290590286,0.5007909536361694,0.18106204271316528,0.781044065952301
7310d880f1.jpg,0.03581220656633377,0.412676066160202,0.23783457279205322,0.792078971862793
731ebe59e9.jpg,0.04645109176635742,0.4031424820423126,0.4253283739089966,0.672061562538147
73222f682f.jpg,0.04317619651556015,0.5975967645645142,0.2356829047203064,0.6194893717765808
73256f9bc4.jpg,0.04105951637029648,0.4570009112358093,0.3901039659976959,0.8481218814849854
7325a1d7d0.jpg,0.035339295864105225,0.824266791343689,0.23817406594753265,0.5878785848617554
732a9c8c6b.jpg,0.04161018133163452,0.4993893504142761,0.27627137303352356,0.7002884149551392
732becb4d6.jpg,0.03268897533416748,0.46853017807006836,0.288128525018692,0.6973373889923096
7333f63f5c.jpg,0.05355527624487877,0.25958436727523804,0.23126569390296936,0.7927764058113098
7336afe63d.jpg,0.044617827981710434,0.5384109616279602,0.3373648226261139,0.6567946076393127
73433b9176.jpg,0.04390738531947136,0.4265578091144562,0.2915516495704651,0.7777270078659058
7347d4c64e.jpg,0.05677420645952225,0.3847646713256836,0.26826128363609314,0.7247051000595093
734c1c2cb7.jpg,0.05626309663057327,0.2611876428127289,0.2803948223590851,0.8541643619537354
734f9967b1.jpg,0.06036406755447388,0.323294460773468,0.2886899709701538,0.7131952047348022
7354bcca29.jpg,0.06621815264225006,0.4397541880607605,0.29241466522216797,0.7271963357925415
736aca548d.jpg,0.07142526656389236,0.41373956203460693,0.415891170501709,0.7433308362960815
73849ee3fd.jpg,0.03526287525892258,0.3767862915992737,0.2596495449542999,0.7838578820228577
7386076f73.jpg,0.060550641268491745,0.47312605381011963,0.37026095390319824,0.8106471300125122
738cc4553d.jpg,0.07020515203475952,0.33414149284362793,0.29093697667121887,0.8719280958175659
739659d0c4.jpg,0.0696004331111908,0.3562011122703552,0.4360309839248657,0.8177337050437927
739b765f02.jpg,0.05154489725828171,0.5221295356750488,0.24117395281791687,0.6698606610298157
73a7bab2d5.jpg,0.03746841847896576,0.4783934950828552,0.19308894872665405,0.6724650859832764
73ae5bd0e4.jpg,0.05758693069219589,0.4372323155403137,0.2791081964969635,0.7059987783432007
73b60d1a3f.jpg,0.07672442495822906,0.3079584836959839,0.4530700743198395,0.8310346007347107
73bc721c0c.jpg,0.06769879907369614,0.42866048216819763,0.2887565493583679,0.6001763343811035
73bdd8ab24.jpg,0.04496266692876816,0.4145791232585907,0.3335440754890442,0.7750704288482666
73c083aefc.jpg,0.05188554525375366,0.3234098553657532,0.2902354598045349,0.7280595302581787
73d0951809.jpg,0.10285722464323044,0.5008530616760254,0.6338546276092529,0.6101542711257935
73d23b9664.jpg,0.0666835829615593,0.27736610174179077,0.26874840259552,0.7580004930496216
73e426eb88.jpg,0.04991646111011505,0.6417950391769409,0.34642285108566284,0.6759023666381836
73eb34dde6.jpg,0.06031925603747368,0.3603035807609558,0.42132997512817383,0.7738214135169983
73eed9e6c8.jpg,0.04154862463474274,0.43077677488327026,0.25902533531188965,0.7201212644577026
73effc2726.jpg,0.034604594111442566,0.4069817066192627,0.2905617356300354,0.792365550994873
73f1c501ae.jpg,0.053514476865530014,0.48563289642333984,0.3974620997905731,0.7456399202346802
73ffa6505c.jpg,0.04232139512896538,0.2707902789115906,0.21234087646007538,0.727002739906311
740e5eeb86.jpg,0.023315884172916412,0.5641689896583557,0.21831433475017548,0.6891368627548218
74342f9fbe.jpg,0.05296033248305321,0.4382040798664093,0.41845545172691345,0.8400484323501587
743d265ef2.jpg,0.04201798886060715,0.4323155879974365,0.28246942162513733,0.7406651973724365
7444113e88.jpg,0.06760095059871674,0.41583383083343506,0.35692864656448364,0.830697774887085
7448a942f2.jpg,0.07037743180990219,0.4768253564834595,0.24101471900939941,0.745970606803894
7450949ae7.jpg,0.044545434415340424,0.3573923707008362,0.267638623714447,0.7342240214347839
745612e6f4.jpg,0.038145408034324646,0.42567336559295654,0.23370029032230377,0.7135730981826782
745d4137b7.jpg,0.05122898146510124,0.3592776954174042,0.32234516739845276,0.7755848169326782
746f2cd1d2.jpg,0.044364284723997116,0.36848944425582886,0.1997457891702652,0.7319706678390503
74875545e6.jpg,0.055099427700042725,0.39920806884765625,0.43683454394340515,0.7367432117462158
748d5a0ab8.jpg,0.04210018739104271,0.4386924207210541,0.2796880006790161,0.6945192813873291
748e1a440c.jpg,0.05254907160997391,0.3981497883796692,0.30758944153785706,0.7412980794906616
7491908057.jpg,0.05743803828954697,0.422163188457489,0.3537321388721466,0.8245234489440918
749222e6d6.jpg,0.05490286275744438,0.2820219397544861,0.3537418246269226,0.6997959613800049
74a47c4bf0.jpg,0.04482969269156456,0.31295040249824524,0.31612545251846313,0.812860906124115
74a537f1c6.jpg,0.06541430205106735,0.3352336883544922,0.34379467368125916,0.731033444404602
74aea007fa.jpg,0.04735039919614792,0.39853546023368835,0.2701845169067383,0.6510530710220337
74c1b398ad.jpg,0.05383307859301567,0.3430081307888031,0.2575147747993469,0.8637542724609375
74cc091e10.jpg,0.034877195954322815,0.5358878970146179,0.2877720296382904,0.7823840379714966
74d0ac959c.jpg,0.03263856843113899,0.3697654902935028,0.2071937620639801,0.7426233291625977
74d406c90e.jpg,0.05062520131468773,0.459664523601532,0.26290518045425415,0.4704291820526123
74e1d0f495.jpg,0.056516267359256744,0.35973718762397766,0.31271815299987793,0.7748555541038513
74f3bf7113.jpg,0.06208031624555588,0.4054785370826721,0.4312364459037781,0.7353308200836182
74f3c01037.jpg,0.056690484285354614,0.35406991839408875,0.3493896722793579,0.7616186141967773
74f46669b2.jpg,0.042001333087682724,0.6157912611961365,0.21327725052833557,0.6472252607345581
7500111c43.jpg,0.052916597574949265,0.2569058835506439,0.27792078256607056,0.7872570157051086
750111ec4f.jpg,0.06540942192077637,0.35043561458587646,0.32679715752601624,0.7589149475097656
7504776c00.jpg,0.06530727446079254,0.41631191968917847,0.24126067757606506,0.8539729118347168
750d38f7fb.jpg,0.03679674118757248,0.6832761168479919,0.22152253985404968,0.584890604019165
7517680fdc.jpg,0.034605562686920166,0.5210201740264893,0.2663288712501526,0.6418749094009399
7524651de3.jpg,0.05061823129653931,0.4262908101081848,0.25966382026672363,0.6161390542984009
7533dedc3a.jpg,0.04743650555610657,0.43926548957824707,0.25109538435935974,0.6325739622116089
7542d63fe4.jpg,0.07791344821453094,0.3749210238456726,0.4791356027126312,0.6800934672355652
754324f8f4.jpg,0.04958748817443848,0.371010422706604,0.2873712182044983,0.6235162019729614
7550e074f1.jpg,0.03439383953809738,0.3738272488117218,0.20760104060173035,0.7302196621894836
7552fc948e.jpg,0.058854252099990845,0.3950197696685791,0.37155216932296753,0.8200134038925171
7556df8481.jpg,0.044886358082294464,0.41760435700416565,0.2372792363166809,0.7044793367385864
755af1c3a4.jpg,0.040960654616355896,0.4169612228870392,0.31250253319740295,0.676311731338501
7567cc9f18.jpg,0.058425795286893845,0.4015209674835205,0.3359031081199646,0.7321440577507019
756f63c794.jpg,0.07889677584171295,0.43776974081993103,0.3582637310028076,0.7729889750480652
7571b0e8bb.jpg,0.04533029720187187,0.4021892547607422,0.25951462984085083,0.7871872186660767
75720815fb.jpg,0.03547532856464386,0.5614156723022461,0.3791520297527313,0.7510532736778259
7588e6d09e.jpg,0.04464611038565636,0.4192381501197815,0.25047945976257324,0.7629307508468628
75942c4668.jpg,0.03391510620713234,0.4996951222419739,0.23945380747318268,0.7550487518310547
7594f0f494.jpg,0.06326228380203247,0.3184035122394562,0.22215817868709564,0.6160897016525269
75979a026b.jpg,0.04888710007071495,0.37573564052581787,0.18839100003242493,0.7578353881835938
759dcb713c.jpg,0.0442013144493103,0.5271499156951904,0.26936405897140503,0.4636985659599304
75aafd3f82.jpg,0.055824242532253265,0.39524009823799133,0.39418578147888184,0.7540472745895386
75ae690a9b.jpg,0.057068418711423874,0.49859148263931274,0.4265204071998596,0.6719058156013489
75aeffdcf8.jpg,0.041020672768354416,0.44227147102355957,0.2436315417289734,0.6822686195373535
75b200e2f2.jpg,0.046942196786403656,0.3980157673358917,0.24105308949947357,0.6021244525909424
75c89b8f5e.jpg,0.03209187462925911,0.3657403588294983,0.19244426488876343,0.6939818263053894
75c92b7fca.jpg,0.05713796243071556,0.4361424446105957,0.34970223903656006,0.6601433753967285
75ce72e60d.jpg,0.07016492635011673,0.2438567876815796,0.22616328299045563,0.8871489763259888
761d963561.jpg,0.049116991460323334,0.4397483468055725,0.22891265153884888,0.6956268548965454
7622bccb99.jpg,0.05206727981567383,0.359439879655838,0.36143559217453003,0.8044511079788208
76354e710e.jpg,0.050727736204862595,0.5936679244041443,0.2881792485713959,0.5095406770706177
76461faf34.jpg,0.05308809131383896,0.3704642057418823,0.35683473944664,0.7055890560150146
7659aebdef.jpg,0.039987482130527496,0.5037901401519775,0.2739066779613495,0.5941996574401855
7664753e1a.jpg,0.04237329214811325,0.38977670669555664,0.24576245248317719,0.6550194621086121
76665f40b9.jpg,0.07957503944635391,0.40076565742492676,0.45721450448036194,0.7991966009140015
7669df8ee6.jpg,0.07363448292016983,0.325872004032135,0.34812742471694946,0.7971794605255127
7679305237.jpg,0.050721101462841034,0.4707091152667999,0.3156549334526062,0.8280041217803955
768650ced7.jpg,0.11413469910621643,0.39222729206085205,0.5780166387557983,0.7705092430114746
7689871557.jpg,0.05319221317768097,0.3015119135379791,0.2129421979188919,0.7683197259902954
768c95d325.jpg,0.059040170162916183,0.29853689670562744,0.27965229749679565,0.7932969331741333
76916c1438.jpg,0.045138657093048096,0.5649599432945251,0.2850501537322998,0.5174325704574585
76a03653aa.jpg,0.07571384310722351,0.4234859347343445,0.41103434562683105,0.7916151285171509
76a510b033.jpg,0.03444579616189003,0.5074959397315979,0.2817028760910034,0.7594793438911438
76a75521fa.jpg,0.035225238651037216,0.5336023569107056,0.22180843353271484,0.5804293155670166
76b398536a.jpg,0.04304327815771103,0.5501577258110046,0.3209378123283386,0.6774115562438965
76c2eea825.jpg,0.055836379528045654,0.449954092502594,0.4543013572692871,0.7744019627571106
76ceecc865.jpg,0.03840716928243637,0.32672005891799927,0.18140392005443573,0.6532769203186035
76edc30013.jpg,0.02973766438663006,0.47258228063583374,0.1975594013929367,0.7133479118347168
76ef022161.jpg,0.044303350150585175,0.3438751697540283,0.2598887085914612,0.835617184638977
76f978fec2.jpg,0.07992171496152878,0.40595775842666626,0.45224684476852417,0.7438017725944519
7703813883.jpg,0.04558457434177399,0.4835160970687866,0.24300099909305573,0.6312181949615479
77102d5829.jpg,0.031434811651706696,0.643161416053772,0.2908516824245453,0.7743326425552368
7727666e8d.jpg,0.05244748294353485,0.4876803457736969,0.34311777353286743,0.6100377440452576
772787cb7c.jpg,0.043156784027814865,0.4026181697845459,0.22055114805698395,0.7497619986534119
7729898908.jpg,0.052285999059677124,0.5679795742034912,0.41668105125427246,0.6487315893173218
774082dd9e.jpg,0.05327412486076355,0.3477356433868408,0.2811734974384308,0.8368834257125854
77419070a6.jpg,0.05716940015554428,0.5937703847885132,0.32543209195137024,0.6451684236526489
774f853b60.jpg,0.05840017646551132,0.5676249861717224,0.2890479564666748,0.6299785375595093
7750286d66.jpg,0.07511197030544281,0.35173511505126953,0.32418113946914673,0.7311654090881348
77573ba17e.jpg,0.04309883713722229,0.3830856680870056,0.3126319646835327,0.8344734907150269
7759594268.jpg,0.03657659888267517,0.4180036187171936,0.24335546791553497,0.7477084398269653
776a168a2e.jpg,0.047341302037239075,0.4728834629058838,0.23474720120429993,0.7288472652435303
776b0e0213.jpg,0.07237210124731064,0.32304829359054565,0.32133033871650696,0.6635913848876953
776dbabcb1.jpg,0.04502864181995392,0.44464120268821716,0.32575172185897827,0.828992486000061
776e857956.jpg,0.051703304052352905,0.39795076847076416,0.2781548798084259,0.6927852630615234
77740b1ba2.jpg,0.06177341192960739,0.43779367208480835,0.3898104131221771,0.7146027088165283
777e0d9afc.jpg,0.06560938060283661,0.42452096939086914,0.35869157314300537,0.6769125461578369
777f896f3b.jpg,0.07752004265785217,0.3793131709098816,0.46415647864341736,0.824150800704956
778a55d424.jpg,0.052688419818878174,0.4370829463005066,0.29263758659362793,0.7542475461959839
77a2df3751.jpg,0.06065317243337631,0.49240535497665405,0.32827484607696533,0.7463339567184448
77a6d1f419.jpg,0.051203738898038864,0.4235273599624634,0.29259589314460754,0.712174654006958
77b1ed8168.jpg,0.056849490851163864,0.3237621486186981,0.308615505695343,0.8229299783706665
77b8c928ae.jpg,0.05490541085600853,0.2832772433757782,0.24732178449630737,0.7741901874542236
77c637c87c.jpg,0.07168830931186676,0.36146116256713867,0.3422863185405731,0.7890089750289917
77c63d6765.jpg,0.06014591455459595,0.4910062849521637,0.4231598973274231,0.7523462176322937
77cc149318.jpg,0.0407441221177578,0.6315075755119324,0.24257487058639526,0.5717599391937256
77d268dafa.jpg,0.04520155489444733,0.49975085258483887,0.3012388050556183,0.8728368282318115
77d27a89f3.jpg,0.0729394406080246,0.4031664729118347,0.4422423243522644,0.8175197839736938
77d554c049.jpg,0.06310252845287323,0.372952938079834,0.3584024906158447,0.7797486782073975
77d9910a45.jpg,0.04269561916589737,0.3094590902328491,0.20038902759552002,0.8040468692779541
77dcb3f91c.jpg,0.0682755559682846,0.4595646858215332,0.4194858968257904,0.7427685856819153
77e77fd4d9.jpg,0.0649389997124672,0.44090381264686584,0.48934879899024963,0.7670482397079468
77e82445c9.jpg,0.08915319293737411,0.38810765743255615,0.45371097326278687,0.8427298069000244
7801bb9581.jpg,0.03619067370891571,0.5753900408744812,0.15293890237808228,0.5418038368225098
7805d03ce4.jpg,0.049882858991622925,0.4564662575721741,0.27299413084983826,0.6351211071014404
7807bdaae8.jpg,0.046830914914608,0.5594342947006226,0.3379663825035095,0.7404277324676514
781764cd26.jpg,0.04978407174348831,0.5536739230155945,0.21596235036849976,0.5063886642456055
78216eacbb.jpg,0.03097391687333584,0.32585757970809937,0.19485518336296082,0.8144108653068542
78233f97ed.jpg,0.05788059160113335,0.43176233768463135,0.2415814995765686,0.777145266532898
7827929b12.jpg,0.04688701033592224,0.47641485929489136,0.2254880964756012,0.598102331161499
7828416c2b.jpg,0.06806858628988266,0.42961329221725464,0.42984551191329956,0.7338939309120178
7838b0b023.jpg,0.06084073707461357,0.31177055835723877,0.278236985206604,0.7705792188644409
7870db5306.jpg,0.05567238852381706,0.25812026858329773,0.1317927986383438,0.7146243453025818
7881e712fb.jpg,0.06616754829883575,0.48909640312194824,0.24754299223423004,0.5017416477203369
7885b18fe7.jpg,0.06347666680812836,0.5787261128425598,0.320345014333725,0.6020295023918152
7885f87ccd.jpg,0.03609852492809296,0.3960234224796295,0.24365517497062683,0.7200022339820862
788782c439.jpg,0.03466174006462097,0.405423641204834,0.3348298966884613,0.588056206703186
7888781c57.jpg,0.030895352363586426,0.41210851073265076,0.16547070443630219,0.7583544254302979
788e9005c2.jpg,0.07126796245574951,0.5443289875984192,0.48133379220962524,0.747911810874939
78969b7789.jpg,0.06982797384262085,0.6097607016563416,0.4096165597438812,0.5488642454147339
789c663ce2.jpg,0.06032565236091614,0.2917591333389282,0.24476702511310577,0.6544220447540283
789d474691.jpg,0.033590689301490784,0.4413645267486572,0.1941280961036682,0.7365207672119141
789fe43c3b.jpg,0.06730888783931732,0.34034326672554016,0.303487092256546,0.7378076910972595
78b260b084.jpg,0.06243076175451279,0.4332963228225708,0.318150132894516,0.6493816375732422
78b3c9e843.jpg,0.06267490983009338,0.4897865355014801,0.3642158508300781,0.685362696647644
78b7b08af3.jpg,0.07208365201950073,0.41660651564598083,0.32972922921180725,0.630010724067688
78ba4238cb.jpg,0.0766238197684288,0.28158149123191833,0.265444278717041,0.8059630393981934
78ce4c4608.jpg,0.03466743230819702,0.3883817195892334,0.2561551332473755,0.5202440619468689
78d517ae49.jpg,0.041888609528541565,0.44469279050827026,0.22997653484344482,0.7337194085121155
78f2b2e678.jpg,0.055049024522304535,0.3709527552127838,0.21184107661247253,0.7584842443466187
78f6992d04.jpg,0.0248984657227993,0.6460355520248413,0.5016288757324219,0.6194592714309692
78fcba3055.jpg,0.060122013092041016,0.553540825843811,0.27576345205307007,0.7409331202507019
79109e8c61.jpg,0.04791244864463806,0.3803539574146271,0.27414634823799133,0.6971732378005981
7913d3ab4b.jpg,0.03812485188245773,0.47532281279563904,0.20276813209056854,0.6508926749229431
7926b2a5bd.jpg,0.043192461133003235,0.3604535162448883,0.19605334103107452,0.5711807012557983
79419a7227.jpg,0.04994692653417587,0.34729212522506714,0.35105100274086,0.7584941387176514
7965d8c651.jpg,0.04727689549326897,0.4851861298084259,0.27994734048843384,0.7387310862541199
796c7e723b.jpg,0.07021475583314896,0.2822858989238739,0.3313148617744446,0.7664352059364319
79733e8783.jpg,0.052847784012556076,0.38786041736602783,0.38147714734077454,0.7664336562156677
797adf61af.jpg,0.0628487765789032,0.2703694999217987,0.30216920375823975,0.8741356730461121
797e703d91.jpg,0.04625860974192619,0.4572422504425049,0.31943780183792114,0.6595960855484009
7980d5b29a.jpg,0.060913532972335815,0.35990089178085327,0.33643677830696106,0.8096436858177185
7981b8e217.jpg,0.04901108145713806,0.39797765016555786,0.38584256172180176,0.7868480682373047
799d7e401d.jpg,0.03347133845090866,0.5959911942481995,0.27086058259010315,0.591181218624115
79a49efeb3.jpg,0.0502169132232666,0.34008005261421204,0.272188663482666,0.7573046088218689
79a5164707.jpg,0.03806362301111221,0.38079342246055603,0.21008336544036865,0.7753856182098389
79ab6fdc8e.jpg,0.05425035208463669,0.27534008026123047,0.32745394110679626,0.7104853391647339
79b9d8bfb5.jpg,0.05245668813586235,0.5318682789802551,0.3284528851509094,0.7582998275756836
79c459542d.jpg,0.06260749697685242,0.491513192653656,0.3833903968334198,0.6387512683868408
79dc9b3fc8.jpg,0.05480523034930229,0.4244181513786316,0.2839176058769226,0.8069713711738586
79dd5cd9b8.jpg,0.055879704654216766,0.4893944263458252,0.3302183449268341,0.7762674689292908
79e4e783df.jpg,0.06603875011205673,0.37867671251296997,0.31463342905044556,0.8428670167922974
79f08e8403.jpg,0.057648271322250366,0.3732774257659912,0.2567775845527649,0.7429198622703552
7a06011cda.jpg,0.05390489101409912,0.25689950585365295,0.30914705991744995,0.8457919359207153
7a16ecde25.jpg,0.04727065563201904,0.37450170516967773,0.24564483761787415,0.7036726474761963
7a21514dd6.jpg,0.03805731236934662,0.3715207874774933,0.3077155649662018,0.7709639072418213
7a235d7c2e.jpg,0.044494953006505966,0.29257142543792725,0.28409403562545776,0.8322402834892273
7a317ade8c.jpg,0.0681774914264679,0.38825613260269165,0.3021068274974823,0.6585009098052979
7a384aae43.jpg,0.0644841194152832,0.37087318301200867,0.4254142642021179,0.8076916933059692
7a41220ce3.jpg,0.047195594757795334,0.35599905252456665,0.19847919046878815,0.7085914611816406
7a4248c339.jpg,0.06285609304904938,0.4000873863697052,0.22000856697559357,0.7739719152450562
7a4936b4d3.jpg,0.06027530878782272,0.34734493494033813,0.2829973101615906,0.7348119616508484
7a50f1f877.jpg,0.046905022114515305,0.3859606385231018,0.2874268889427185,0.7392347455024719
7a672fc939.jpg,0.041980188339948654,0.30894705653190613,0.24396073818206787,0.7323022484779358
7a67d01ecb.jpg,0.039985768496990204,0.39773690700531006,0.2248106747865677,0.7200890779495239
7a790425a3.jpg,0.04229172319173813,0.3346293568611145,0.1770322173833847,0.7929337620735168
7a7c8a41da.jpg,0.04317411035299301,0.3906758427619934,0.25922533869743347,0.7198392748832703
7a7c978501.jpg,0.04556581377983093,0.6671404838562012,0.16763494908809662,0.6969085931777954
7a89081006.jpg,0.05763372778892517,0.4267132580280304,0.2856803238391876,0.7601708173751831
7a92dc3b48.jpg,0.036413565278053284,0.4847990870475769,0.19649973511695862,0.7886877059936523
7a938425d7.jpg,0.0607641264796257,0.624241828918457,0.30334359407424927,0.5487868785858154
7a9c9957a2.jpg,0.04318615794181824,0.49679791927337646,0.3142184317111969,0.7723211050033569
7adce96691.jpg,0.03792286664247513,0.48265108466148376,0.21932023763656616,0.6209371089935303
7ade5f17b6.jpg,0.06788216531276703,0.4649432897567749,0.5298725962638855,0.8377516269683838
7ae14d0df4.jpg,0.06031612679362297,0.36542242765426636,0.371717244386673,0.8355492353439331
7ae24e7c92.jpg,0.06661185622215271,0.4855760335922241,0.3784157931804657,0.7116877436637878
7ae27065e4.jpg,0.05804864689707756,0.5848556160926819,0.3302338719367981,0.5473611354827881
7aec020dba.jpg,0.05456804484128952,0.560314416885376,0.2723366916179657,0.5713039636611938
7aef765d7c.jpg,0.05849175900220871,0.32788580656051636,0.28137728571891785,0.8149946331977844
7afb68c270.jpg,0.050929099321365356,0.5058419704437256,0.31328850984573364,0.7563284635543823
7b2c14d64c.jpg,0.047273188829422,0.4821387529373169,0.2278868854045868,0.7602565288543701
7b2df8fad8.jpg,0.0588950477540493,0.5365462899208069,0.22190415859222412,0.6400796175003052
7b2e948dd2.jpg,0.05993226170539856,0.5236536264419556,0.430859237909317,0.8376362919807434
7b38a10760.jpg,0.047572627663612366,0.3222123384475708,0.3491847515106201,0.7787203788757324
7b3dcfc234.jpg,0.06368625164031982,0.4477396011352539,0.29871901869773865,0.5971114039421082
7b42fe0738.jpg,0.04551776871085167,0.4888818860054016,0.22738446295261383,0.7511169910430908
7b4f952cda.jpg,0.05114017054438591,0.36769306659698486,0.2511540949344635,0.8985745906829834
7b563f3da5.jpg,0.04909595474600792,0.39198794960975647,0.3140755891799927,0.6881008744239807
7b58d64ffe.jpg,0.06760011613368988,0.5586393475532532,0.42979466915130615,0.6295642852783203
7b6c956002.jpg,0.06217426061630249,0.3568919897079468,0.2775889039039612,0.7718841433525085
7b78d025c5.jpg,0.038053542375564575,0.41923099756240845,0.29283207654953003,0.7399938106536865
7b7a60c254.jpg,0.03846695274114609,0.40851467847824097,0.20334498584270477,0.6680281162261963
7b7def398f.jpg,0.04772736877202988,0.31539803743362427,0.2831851541996002,0.7835697531700134
7b8226f09f.jpg,0.031943440437316895,0.5306383371353149,0.2425556480884552,0.7291123867034912
7b8bc9e046.jpg,0.054437778890132904,0.6971476674079895,0.26605111360549927,0.6552532911300659
7b8e783020.jpg,0.037552639842033386,0.5223278403282166,0.2627342939376831,0.6476536989212036
7b95afc20a.jpg,0.06390461325645447,0.3702523708343506,0.3325447142124176,0.7330746054649353
7b9b6563a7.jpg,0.035523999482393265,0.42116257548332214,0.23143933713436127,0.7878103256225586
7bb4e1593a.jpg,0.04853257164359093,0.43834900856018066,0.25296148657798767,0.6556714773178101
7bb60f2e2d.jpg,0.04328002780675888,0.5411559343338013,0.2972792983055115,0.648066520690918
7bbd0f8f52.jpg,0.0545947402715683,0.5053958296775818,0.2993980646133423,0.8526550531387329
7bc83c1b56.jpg,0.05504293367266655,0.45960527658462524,0.28999021649360657,0.623543381690979
7bdf9996ea.jpg,0.044805120676755905,0.5154322981834412,0.318432092666626,0.7157663106918335
7be0db443f.jpg,0.06440504640340805,0.41611987352371216,0.34288814663887024,0.695293664932251
7be0dc51f4.jpg,0.033549390733242035,0.5564562678337097,0.21727332472801208,0.6206998825073242
7be0f69dcb.jpg,0.058152467012405396,0.3323742151260376,0.30670928955078125,0.745155394077301
7bf5288c2b.jpg,0.04068370908498764,0.3948943614959717,0.2548378109931946,0.7234467267990112
7c008f564f.jpg,0.038871973752975464,0.43934011459350586,0.23554129898548126,0.6734062433242798
7c0124f967.jpg,0.04931410402059555,0.4208546578884125,0.2540030777454376,0.8081409335136414
7c0461f641.jpg,0.0759497731924057,0.4527084231376648,0.5079715251922607,0.7079836130142212
7c049eff70.jpg,0.0939563736319542,0.44791820645332336,0.3984741270542145,0.7718119621276855
7c0c7a783b.jpg,0.041387662291526794,0.44064170122146606,0.28824931383132935,0.6289803981781006
7c0d9a98f6.jpg,0.029701199382543564,0.4935292601585388,0.19951272010803223,0.6446667909622192
7c10f3f57f.jpg,0.03242344409227371,0.4530394971370697,0.2127082198858261,0.8057445883750916
7c1125ebeb.jpg,0.042963020503520966,0.3500956594944,0.24586212635040283,0.7266053557395935
7c1218f676.jpg,0.028843199834227562,0.4955373704433441,0.26114752888679504,0.6826676726341248
7c15235fb8.jpg,0.03911612182855606,0.3953959047794342,0.19090056419372559,0.7481726408004761
7c156b004d.jpg,0.042598165571689606,0.4429280161857605,0.1430685818195343,0.6720829606056213
7c1d7c9aa3.jpg,0.060895126312971115,0.27551576495170593,0.27011173963546753,0.7691663503646851
7c1f2ef952.jpg,0.048767782747745514,0.3308010399341583,0.27193957567214966,0.8485620617866516
7c1fcdc180.jpg,0.05561118572950363,0.3817342221736908,0.3758220374584198,0.8207066655158997
7c25e34189.jpg,0.07428783178329468,0.4092499613761902,0.19047996401786804,0.6583386659622192
7c384a7ede.jpg,0.039056017994880676,0.579345703125,0.352901428937912,0.6086657643318176
7c3b2c256c.jpg,0.03261033818125725,0.5661689043045044,0.2512962818145752,0.6697906851768494
7c3ee3e388.jpg,0.031936272978782654,0.3922739028930664,0.28112515807151794,0.6375491619110107
7c3fbdac59.jpg,0.0422421395778656,0.4128531813621521,0.22441303730010986,0.7224159240722656
7c4766fb03.jpg,0.05284202843904495,0.3466457426548004,0.3050958216190338,0.7817910313606262
7c5d962322.jpg,0.028731724247336388,0.5582455396652222,0.29069894552230835,0.6798630952835083
7c63c281ef.jpg,0.05239206552505493,0.4363662004470825,0.32337522506713867,0.7012825012207031
7c68ca1865.jpg,0.06282663345336914,0.3535555601119995,0.41971850395202637,0.7717810869216919
7c68ccf32f.jpg,0.051592156291007996,0.40309256315231323,0.32113751769065857,0.7020231485366821
7c6ab18691.jpg,0.049898333847522736,0.6537864208221436,0.2677231729030609,0.48137396574020386
7c6cf5181a.jpg,0.03753594681620598,0.3559647798538208,0.19735932350158691,0.644207775592804
7c79a1e83e.jpg,0.059559136629104614,0.4356005787849426,0.28512048721313477,0.6903386116027832
7c872ca222.jpg,0.04435941204428673,0.603340744972229,0.2065107822418213,0.6013118624687195
7c955126e8.jpg,0.053517669439315796,0.5419089794158936,0.30570265650749207,0.7667902708053589
7c9a4f10b2.jpg,0.04488886520266533,0.4326839745044708,0.2882798910140991,0.7181291580200195
7c9af80795.jpg,0.041354384273290634,0.472342848777771,0.2691493332386017,0.7015790939331055
7cb0522881.jpg,0.06671058386564255,0.49171707034111023,0.2925405204296112,0.6071504354476929
7cb0db442a.jpg,0.06900753080844879,0.3901273310184479,0.5323024988174438,0.7886184453964233
7cb82fa990.jpg,0.05757379159331322,0.39601925015449524,0.372133731842041,0.768425464630127
7cbf0363dd.jpg,0.04015384614467621,0.4269911050796509,0.187651127576828,0.7034343481063843
7cc41853c4.jpg,0.04635215923190117,0.3468932509422302,0.24638815224170685,0.6262102127075195
7ccec75d11.jpg,0.05969102308154106,0.40440621972084045,0.2944300174713135,0.5793089270591736
7cd2ad5db4.jpg,0.044790901243686676,0.4303034543991089,0.33096373081207275,0.7211911082267761
7cd7629560.jpg,0.04450586438179016,0.536986231803894,0.22730673849582672,0.6861343383789062
7cda318854.jpg,0.05025625228881836,0.43626558780670166,0.38604554533958435,0.643225371837616
7cdd5a8c97.jpg,0.040641143918037415,0.4311075210571289,0.25087788701057434,0.7094858884811401
7ce956f84e.jpg,0.030746815726161003,0.3892839848995209,0.19717490673065186,0.803598940372467
7cf3257fe1.jpg,0.02639300748705864,0.3823235034942627,0.16899944841861725,0.7528493404388428
7cf972ca4e.jpg,0.042916037142276764,0.4050745666027069,0.3103242516517639,0.7205566167831421
7d0b63d4d1.jpg,0.0633063018321991,0.4455094039440155,0.35590052604675293,0.8654552698135376
7d11bc4bb1.jpg,0.06895188987255096,0.30623534321784973,0.37913838028907776,0.728532612323761
7d14ae2c83.jpg,0.0918327271938324,0.44697490334510803,0.5710327625274658,0.7430258393287659
7d1867e979.jpg,0.05470065400004387,0.3908405900001526,0.15790121257305145,0.6684811115264893
7d33e5e3ac.jpg,0.04801735281944275,0.32868579030036926,0.19063138961791992,0.8072540760040283
7d3556655c.jpg,0.04957727715373039,0.4999980926513672,0.32160425186157227,0.6633713245391846
7d438b5b3e.jpg,0.06813731044530869,0.41578784584999084,0.41347408294677734,0.7695158123970032
7d4e10f395.jpg,0.04639708995819092,0.4059688448905945,0.28742846846580505,0.7587710022926331
7d65234f6f.jpg,0.04077165201306343,0.6221650838851929,0.23607562482357025,0.6066485643386841
7d696fbb2f.jpg,0.061717547476291656,0.49670687317848206,0.629950225353241,0.6007406711578369
7d6dc43485.jpg,0.08069530874490738,0.35932138562202454,0.34794801473617554,0.7438650727272034
7d71d359f0.jpg,0.033146098256111145,0.43133407831192017,0.23985466361045837,0.7242109775543213
7d72c4ba28.jpg,0.04472479224205017,0.41052964329719543,0.30793240666389465,0.7831034064292908
7d7556d1dd.jpg,0.05468042939901352,0.43162381649017334,0.323246568441391,0.7847976684570312
7d7d58cea7.jpg,0.06832961738109589,0.6222557425498962,0.352864533662796,0.528911828994751
7d8abbfdbd.jpg,0.09683163464069366,0.42631977796554565,0.4926029443740845,0.7994159460067749
7d940c442d.jpg,0.049777090549468994,0.4399106204509735,0.2623956799507141,0.8313636779785156
7d95240653.jpg,0.05360180139541626,0.42612046003341675,0.2937028408050537,0.7607157230377197
7da4680104.jpg,0.025809509679675102,0.4325205385684967,0.1742548644542694,0.7135130763053894
7db236abe0.jpg,0.041210997849702835,0.6441068053245544,0.20608195662498474,0.6454949378967285
7dca327fe8.jpg,0.04309821128845215,0.4655347466468811,0.15677900612354279,0.6790753602981567
7dcb0d04e3.jpg,0.06891760230064392,0.3421018123626709,0.5095455050468445,0.7963815927505493
7dd8b4a45b.jpg,0.0270353015512228,0.5725739598274231,0.26242902874946594,0.5995068550109863
7de01293ea.jpg,0.058171115815639496,0.4170808792114258,0.28332868218421936,0.6438103318214417
7dfb072885.jpg,0.05619491636753082,0.3483996093273163,0.27096644043922424,0.8047778606414795
7e2519dcf1.jpg,0.029062455520033836,0.4937596619129181,0.2383342981338501,0.6243894100189209
7e26c9f22d.jpg,0.06270870566368103,0.36769336462020874,0.31862518191337585,0.7510713934898376
7e2ad883dd.jpg,0.06337156146764755,0.37064310908317566,0.21485944092273712,0.742764413356781
7e2e2533ee.jpg,0.036324091255664825,0.35659438371658325,0.20612920820713043,0.8256666660308838
7e304fd432.jpg,0.044507306069135666,0.3200518786907196,0.23724761605262756,0.6796091794967651
7e37685707.jpg,0.04000607877969742,0.39242273569107056,0.2694864869117737,0.7053996324539185
7e3c9753d2.jpg,0.05021011084318161,0.4341888427734375,0.2824047803878784,0.6887916922569275
7e6b458841.jpg,0.06047425791621208,0.5232552289962769,0.3563580811023712,0.7920991778373718
7e77e7ff01.jpg,0.060651905834674835,0.3541223108768463,0.43688327074050903,0.8054670095443726
7e83030c67.jpg,0.06161525472998619,0.4996771216392517,0.3050784766674042,0.723404049873352
7e838e4c19.jpg,0.04464083909988403,0.6635721921920776,0.1459115445613861,0.6633540987968445
7e889d8813.jpg,0.04840605705976486,0.5056377053260803,0.21846047043800354,0.6002486944198608
7e8e158ba5.jpg,0.05563700199127197,0.5676112771034241,0.2508648633956909,0.6724103689193726
7e91553d4c.jpg,0.03655305132269859,0.5632982850074768,0.3781760334968567,0.7015191912651062
7e947e8473.jpg,0.06025310978293419,0.6336926817893982,0.30907514691352844,0.6412088871002197
7ea12ecf5b.jpg,0.059336401522159576,0.34600868821144104,0.25624969601631165,0.7018892765045166
7ea8555873.jpg,0.03764054924249649,0.6597350835800171,0.2995190918445587,0.5857361555099487
7eb9a0d805.jpg,0.05589614436030388,0.4380084276199341,0.5484346747398376,0.6180772185325623
7ebc0b2351.jpg,0.04188847541809082,0.49312740564346313,0.31421762704849243,0.7573511600494385
7ebcd7c679.jpg,0.05653058737516403,0.51482093334198,0.36127156019210815,0.7125654220581055
7ec20e8b9a.jpg,0.04146638140082359,0.3790276050567627,0.23551739752292633,0.6165410280227661
7ede634def.jpg,0.05646248906850815,0.5801348686218262,0.2879589796066284,0.5339395403862
7edf7ca60d.jpg,0.07101216167211533,0.6990636587142944,0.33697548508644104,0.640392005443573
7ef4f1446b.jpg,0.10023562610149384,0.4145747721195221,0.44368278980255127,0.8253992795944214
7f019e5373.jpg,0.059488847851753235,0.4167032837867737,0.2773776054382324,0.7725300788879395
7f02d9fa8f.jpg,0.04578371345996857,0.6354286074638367,0.1784498542547226,0.7047208547592163
7f12c1cca1.jpg,0.04974094778299332,0.47102251648902893,0.24546776711940765,0.6857211589813232
7f299427bb.jpg,0.04634372517466545,0.42130205035209656,0.20622777938842773,0.5734053254127502
7f324200d3.jpg,0.042707160115242004,0.5543453693389893,0.2261202484369278,0.6675029993057251
7f43e66a43.jpg,0.03384280577301979,0.49708062410354614,0.16104258596897125,0.753917396068573
7f4e8f04c5.jpg,0.09848746657371521,0.4686658978462219,0.6750732064247131,0.6298214197158813
7f59dbd120.jpg,0.050426363945007324,0.32837390899658203,0.3493373692035675,0.8492569923400879
7f60fd12e1.jpg,0.04284929484128952,0.3637198805809021,0.2338307797908783,0.7926328182220459
7f640e04dc.jpg,0.05823259800672531,0.3995310664176941,0.38832369446754456,0.777436375617981
7f78a7aa8c.jpg,0.04324532300233841,0.4196154475212097,0.259036123752594,0.8009737730026245
7f7f9dcc20.jpg,0.07675521075725555,0.361039936542511,0.29726383090019226,0.7248982191085815
7f9ac1520f.jpg,0.057142943143844604,0.4282039701938629,0.3507181406021118,0.6326521039009094
7fa151a456.jpg,0.07538940012454987,0.5250574946403503,0.19805367290973663,0.5508087873458862
7fa2d1f946.jpg,0.03394767642021179,0.4885263442993164,0.27405792474746704,0.675825297832489
7fa318179b.jpg,0.042525388300418854,0.5485872626304626,0.2785768210887909,0.7243561744689941
7fa6e56ff7.jpg,0.05407462641596794,0.4706364572048187,0.43650636076927185,0.7840267419815063
7fb0f42377.jpg,0.0622081384062767,0.4143717885017395,0.27319076657295227,0.7283040285110474
7fb171451a.jpg,0.03082374297082424,0.5654819011688232,0.2431565672159195,0.6243348121643066
7fb1cad955.jpg,0.05911628156900406,0.2902962565422058,0.28863468766212463,0.7046160697937012
7fb9eff147.jpg,0.06732701510190964,0.43930837512016296,0.3694995939731598,0.5861464738845825
7fc9c15d6c.jpg,0.043855369091033936,0.3281058073043823,0.20181649923324585,0.6967776417732239
7fd24aaafe.jpg,0.042196206748485565,0.46319305896759033,0.2670266628265381,0.7022067308425903
7fe10b4018.jpg,0.03699367493391037,0.4699813723564148,0.2591581642627716,0.7131129503250122
7fe3df6004.jpg,0.046373020857572556,0.3735158443450928,0.360618531703949,0.6939067840576172
7ff003370d.jpg,0.07044413685798645,0.3784531056880951,0.32402706146240234,0.7686928510665894
7ff8dfa2ee.jpg,0.04038732498884201,0.6476433277130127,0.25646933913230896,0.6812437772750854
7ffc13fa6c.jpg,0.04258140176534653,0.6106714606285095,0.3342623710632324,0.6639602780342102
80056780a6.jpg,0.06786172837018967,0.35136878490448,0.4549763798713684,0.7711642980575562
802eeb0575.jpg,0.04689788818359375,0.33471572399139404,0.2556278109550476,0.8333834409713745
803918db32.jpg,0.04783923551440239,0.3777938187122345,0.340536504983902,0.8733406066894531
803cdfa30d.jpg,0.07044794410467148,0.6287887096405029,0.28903821110725403,0.6070663928985596
8040facbe6.jpg,0.0660887211561203,0.30207517743110657,0.3997761011123657,0.822485625743866
80504a22b9.jpg,0.046529144048690796,0.5642118453979492,0.21504484117031097,0.705405056476593
805cc692e2.jpg,0.029811447486281395,0.4620100259780884,0.2569802701473236,0.5605430006980896
805d252a48.jpg,0.04724981635808945,0.480085164308548,0.3012903928756714,0.6872745752334595
806723cc78.jpg,0.04693187400698662,0.3993050158023834,0.2676606774330139,0.6922454237937927
806806cb9a.jpg,0.048172496259212494,0.41356098651885986,0.27192461490631104,0.8056623935699463
806bcffeb8.jpg,0.08310362696647644,0.4183662235736847,0.3985058665275574,0.7133297920227051
807412a8c6.jpg,0.04355882853269577,0.4170398414134979,0.36875274777412415,0.7878552675247192
80ae498dc4.jpg,0.0524173378944397,0.41334301233291626,0.34909600019454956,0.6915501952171326
80bdb3ebb3.jpg,0.05694783851504326,0.23992742598056793,0.2039642632007599,0.9178570508956909
80c662984e.jpg,0.06306177377700806,0.43613573908805847,0.3629692792892456,0.5622783303260803
80c7bd98c6.jpg,0.0706893801689148,0.30098235607147217,0.27700138092041016,0.8310254812240601
80cb714bef.jpg,0.11705930531024933,0.40592342615127563,0.9204035401344299,0.7991777658462524
80e9db68d7.jpg,0.07904303073883057,0.4125080704689026,0.4223199784755707,0.7542996406555176
80f21f8d80.jpg,0.062041908502578735,0.5096988677978516,0.2906787693500519,0.6399194002151489
80f94c28a2.jpg,0.06336238980293274,0.5981369614601135,0.3782711327075958,0.7144626975059509
80f9a9d388.jpg,0.03065192513167858,0.6121894121170044,0.23886911571025848,0.547052264213562
8101ece7f2.jpg,0.06742703914642334,0.3921844959259033,0.2859785556793213,0.6852165460586548
8102f2aa02.jpg,0.04274262487888336,0.38171112537384033,0.23691828548908234,0.8335622549057007
8107391f58.jpg,0.050957560539245605,0.5488833785057068,0.2509637773036957,0.6038025617599487
81167cf39f.jpg,0.04088478535413742,0.34312987327575684,0.2732146382331848,0.7569913864135742
811d974e6d.jpg,0.04584452137351036,0.46719202399253845,0.2577216923236847,0.7202737927436829
811f8878b8.jpg,0.10234483331441879,0.42982372641563416,0.5359947681427002,0.8000048398971558
81212b5fb3.jpg,0.04780348390340805,0.504799485206604,0.3419664800167084,0.723885715007782
812c304d83.jpg,0.03897504135966301,0.5772698521614075,0.3038257956504822,0.6008119583129883
81389aa2a9.jpg,0.061376165598630905,0.5075950622558594,0.2909620404243469,0.7870562076568604
81598667e6.jpg,0.052105337381362915,0.44487056136131287,0.2171129733324051,0.7315055727958679
8159e774de.jpg,0.11877784132957458,0.5695574879646301,0.2345995306968689,0.6350395083427429
815a938f69.jpg,0.059113264083862305,0.3075295388698578,0.32405269145965576,0.7324279546737671
815ab85a6e.jpg,0.042193882167339325,0.4460265040397644,0.28892484307289124,0.7795239686965942
816320a79c.jpg,0.04445759579539299,0.5072956085205078,0.2985847592353821,0.7091497778892517
816941fe05.jpg,0.0449637770652771,0.4226818084716797,0.2083863615989685,0.8474450707435608
816cf329c2.jpg,0.03871004283428192,0.33236926794052124,0.2159581333398819,0.7607052326202393
8173072883.jpg,0.0525105744600296,0.5277778506278992,0.3924349844455719,0.5451251268386841
817699d6f7.jpg,0.05407983064651489,0.4355935752391815,0.33425959944725037,0.8411965370178223
8178110f5e.jpg,0.04130372032523155,0.46457618474960327,0.26776307821273804,0.6991767883300781
8195d86c30.jpg,0.04210701584815979,0.36582624912261963,0.292897492647171,0.8661879301071167
819ced9dae.jpg,0.039463650435209274,0.35522985458374023,0.27426958084106445,0.874760627746582
81a3f846ba.jpg,0.0729227364063263,0.3606175482273102,0.42652708292007446,0.8101417422294617
81a5890567.jpg,0.06343735009431839,0.3347916603088379,0.34558698534965515,0.6224287748336792
81ac7dcf8c.jpg,0.039453621953725815,0.32168102264404297,0.267893522977829,0.7475513815879822
81acc80772.jpg,0.03674590587615967,0.35115644335746765,0.1803687959909439,0.7903672456741333
81c035fb44.jpg,0.05601656064391136,0.4627538025379181,0.3651530146598816,0.77767014503479
81c57f7151.jpg,0.04766054451465607,0.5130270719528198,0.31662517786026,0.5965924859046936
81ce13c3df.jpg,0.06340993940830231,0.3971141576766968,0.38668572902679443,0.7173840999603271
81da4f11ed.jpg,0.05534633994102478,0.34980863332748413,0.38976845145225525,0.764151394367218
81ea0e81ce.jpg,0.05303286761045456,0.46764427423477173,0.2895364463329315,0.7435153722763062
81ed4d9ff3.jpg,0.03627464920282364,0.40524163842201233,0.26319706439971924,0.6191914081573486
81fb53e37a.jpg,0.03383737802505493,0.5227737426757812,0.2553567588329315,0.4940732419490814
81ff0aefc6.jpg,0.05382559821009636,0.45458826422691345,0.37180131673812866,0.6585869193077087
82040426b5.jpg,0.04433349892497063,0.6736387610435486,0.3941708207130432,0.696747362613678
8220d80950.jpg,0.04110756516456604,0.6922976970672607,0.23174741864204407,0.585437536239624
822552115b.jpg,0.052600592374801636,0.30010709166526794,0.2638355493545532,0.7946584820747375
822947ecb1.jpg,0.05130089819431305,0.46789467334747314,0.3289327025413513,0.6662725210189819
82367ab4d2.jpg,0.06115441769361496,0.5127973556518555,0.24464483559131622,0.6363992691040039
8248de6066.jpg,0.056989919394254684,0.3771783113479614,0.2918604612350464,0.6279575228691101
824bed3f95.jpg,0.09307846426963806,0.26873716711997986,0.3607209622859955,0.8631273508071899
82634a2ae8.jpg,0.06570008397102356,0.350764662027359,0.3675225079059601,0.8551422357559204
82693740f1.jpg,0.025668462738394737,0.7156310081481934,0.3124866485595703,0.6218262910842896
8277fe2e16.jpg,0.0244428850710392,0.5277295112609863,0.12659293413162231,0.7382700443267822
827d49d009.jpg,0.042968712747097015,0.33308103680610657,0.26250678300857544,0.8552954196929932
8296beac40.jpg,0.05581500381231308,0.32425087690353394,0.2377450168132782,0.7625051736831665
829836a509.jpg,0.050792671740055084,0.6809261441230774,0.27427154779434204,0.5820735096931458
8298b9a8d8.jpg,0.03270828351378441,0.4109652638435364,0.19376146793365479,0.7468267679214478
829903c6c6.jpg,0.07105749100446701,0.44252023100852966,0.4512506127357483,0.7606569528579712
82af83a14d.jpg,0.06009886786341667,0.43644624948501587,0.29393401741981506,0.7096541523933411
82b669c385.jpg,0.07063963264226913,0.44475385546684265,0.38526540994644165,0.6821352243423462
82bef71a05.jpg,0.046800803393125534,0.43542975187301636,0.25929948687553406,0.5435565710067749
82c327e9d4.jpg,0.04084964096546173,0.5009226202964783,0.33919140696525574,0.7122116088867188
82decad964.jpg,0.03841443359851837,0.5583083033561707,0.20099496841430664,0.6557913422584534
82e260b45d.jpg,0.042885180562734604,0.300741046667099,0.22080346941947937,0.8743162155151367
82e41780fb.jpg,0.054307565093040466,0.5791218280792236,0.28060775995254517,0.5726168751716614
82e82a8357.jpg,0.0399741604924202,0.3806878924369812,0.26346856355667114,0.7924946546554565
82eed08641.jpg,0.03532692417502403,0.4827426075935364,0.296132892370224,0.7228564023971558
82f5266958.jpg,0.04213326424360275,0.4458911418914795,0.3279978632926941,0.6877716779708862
82fcbee767.jpg,0.04602127522230148,0.4195058047771454,0.28409478068351746,0.6123712062835693
8304fdf299.jpg,0.02825511060655117,0.5621830821037292,0.19540250301361084,0.6823785305023193
830926071b.jpg,0.038821592926979065,0.6043981313705444,0.4206081032752991,0.6072369813919067
8309cebb11.jpg,0.0467982217669487,0.4598919153213501,0.16699951887130737,0.7818054556846619
830d6a9af8.jpg,0.06209021061658859,0.46108609437942505,0.3157579302787781,0.707892656326294
8310e4a528.jpg,0.05462774634361267,0.3297908902168274,0.3211890459060669,0.7598622441291809
831831cd60.jpg,0.13093897700309753,0.5441645383834839,0.4699546992778778,0.5408209562301636
833684a09f.jpg,0.039348054677248,0.3936198651790619,0.19422230124473572,0.7231254577636719
8340918985.jpg,0.053857963532209396,0.41019368171691895,0.22930005192756653,0.8146049976348877
834324b28d.jpg,0.042616456747055054,0.7269779443740845,0.2146889865398407,0.6618806719779968
834d25dc3a.jpg,0.03641544282436371,0.5499395132064819,0.20268569886684418,0.5981265902519226
835bec911b.jpg,0.039956480264663696,0.38481587171554565,0.2335490733385086,0.7071946263313293
8369977ac5.jpg,0.06126832216978073,0.2698742151260376,0.26914897561073303,0.8861637711524963
8371a80fc5.jpg,0.04385734722018242,0.43354037404060364,0.23385962843894958,0.6369544267654419
838707bb83.jpg,0.048045333474874496,0.697893500328064,0.21614418923854828,0.5749946236610413
83871aecf1.jpg,0.04645970091223717,0.350835919380188,0.2876463234424591,0.7571473121643066
839167629f.jpg,0.05037326738238335,0.39990994334220886,0.23294830322265625,0.7288610935211182
8399fa40c0.jpg,0.04846113920211792,0.4222331643104553,0.29288044571876526,0.7136895060539246
83a22608d9.jpg,0.07126034796237946,0.4158634543418884,0.26083171367645264,0.6394449472427368
83b450115e.jpg,0.0403914712369442,0.34984076023101807,0.22648581862449646,0.692425012588501
83b513a9f5.jpg,0.03147681802511215,0.3903466761112213,0.21898455917835236,0.7645002603530884
83b5cb7823.jpg,0.055481478571891785,0.3402941823005676,0.3103855848312378,0.7843654155731201
83ca4e5d68.jpg,0.061846327036619186,0.5216470956802368,0.3811616897583008,0.7156845331192017
83cf828aa6.jpg,0.07950200140476227,0.3279905915260315,0.47364509105682373,0.8289129137992859
83d2597f51.jpg,0.04004128277301788,0.4232049584388733,0.2141156941652298,0.648656964302063
83e571e3af.jpg,0.03904017433524132,0.5736214518547058,0.19024677574634552,0.6058130264282227
83e9d62ff0.jpg,0.04182989150285721,0.6135268211364746,0.19055402278900146,0.5972733497619629
83ed90d1d7.jpg,0.06957539170980453,0.444623738527298,0.39723265171051025,0.7199852466583252
83f5024bcd.jpg,0.08204422891139984,0.33696338534355164,0.3052797019481659,0.7384521961212158
83f55b4d2e.jpg,0.04487008973956108,0.4468803107738495,0.3729012608528137,0.7400195598602295
83f5a65548.jpg,0.05204656720161438,0.28512728214263916,0.2867285907268524,0.8119825124740601
83f6286883.jpg,0.04482720047235489,0.5793842077255249,0.33679333329200745,0.5256621241569519
8400927e5f.jpg,0.05173932760953903,0.38238146901130676,0.24497056007385254,0.8692603707313538
840a22679d.jpg,0.06684716045856476,0.5377563238143921,0.33514219522476196,0.6274019479751587
8410764670.jpg,0.043427880853414536,0.3685068190097809,0.26206260919570923,0.8033365607261658
8417b9ba5d.jpg,0.03576245903968811,0.4398691952228546,0.24915112555027008,0.7699307203292847
842796e8dd.jpg,0.06741808354854584,0.40119653940200806,0.31799861788749695,0.827578067779541
84356275c7.jpg,0.0495598278939724,0.4312897324562073,0.4044570326805115,0.7429620027542114
843b6f2a18.jpg,0.05603915452957153,0.4245277941226959,0.5569638013839722,0.8756139874458313
843d7a0966.jpg,0.05413670092821121,0.49332645535469055,0.2908813953399658,0.6861165761947632
843f66f77e.jpg,0.05096279829740524,0.45660510659217834,0.2682105600833893,0.6768776178359985
84484a24e0.jpg,0.05678918957710266,0.5912725925445557,0.37369751930236816,0.7399969100952148
84553b740b.jpg,0.06465600430965424,0.44401001930236816,0.46490001678466797,0.7051708698272705
84637eb98b.jpg,0.06498874723911285,0.23856064677238464,0.2575717568397522,0.8873921036720276
8474d317e3.jpg,0.030056064948439598,0.44912993907928467,0.2067660242319107,0.7284345626831055
847da6b705.jpg,0.04117308184504509,0.6364814043045044,0.30905455350875854,0.6473989486694336
8480e5bae2.jpg,0.07103800773620605,0.35011422634124756,0.4432390332221985,0.8081287145614624
849b958fa3.jpg,0.06377996504306793,0.40762656927108765,0.3484843969345093,0.7664428949356079
849d054ce5.jpg,0.06388629972934723,0.4569232165813446,0.4112011194229126,0.7451895475387573
84acf0ee3f.jpg,0.03624963387846947,0.634762167930603,0.21221397817134857,0.7177267074584961
84c2400c39.jpg,0.05259048938751221,0.3171743154525757,0.31294167041778564,0.7775624990463257
84c4d10f39.jpg,0.042930565774440765,0.2996918559074402,0.28528276085853577,0.7870079278945923
84cae20e39.jpg,0.048085689544677734,0.5217443108558655,0.2508755028247833,0.6933870315551758
84cb45938b.jpg,0.047204505652189255,0.5578281879425049,0.26847198605537415,0.6776553392410278
84cd781c32.jpg,0.06959500163793564,0.30785784125328064,0.32714352011680603,0.7222648859024048
84dad4b872.jpg,0.07485046237707138,0.5362494587898254,0.42208850383758545,0.7009074091911316
84df271806.jpg,0.03656844422221184,0.5201395750045776,0.25476571917533875,0.639322817325592
84ee633e7a.jpg,0.06092727929353714,0.4766613245010376,0.3176184892654419,0.7654995918273926
84f1a78c0a.jpg,0.03290998935699463,0.47806763648986816,0.16789951920509338,0.7450593113899231
84f5b38537.jpg,0.051143497228622437,0.4794660806655884,0.32859790325164795,0.7074456810951233
84fd2747e7.jpg,0.06455736607313156,0.3755481541156769,0.4737600088119507,0.7849386930465698
85011baf6a.jpg,0.03075610101222992,0.5272788405418396,0.2740044593811035,0.6801012754440308
850cb18db0.jpg,0.03671865165233612,0.49163568019866943,0.17898842692375183,0.7380436658859253
8511eb45e8.jpg,0.05561036989092827,0.47983860969543457,0.3804263174533844,0.7335823774337769
851c2742d9.jpg,0.04861116409301758,0.34696662425994873,0.15868674218654633,0.7926559448242188
8526c7d445.jpg,0.023425262421369553,0.6732190847396851,0.2871522307395935,0.5745295286178589
852771e943.jpg,0.03405686467885971,0.5087281465530396,0.23890575766563416,0.7457109093666077
8527919cc8.jpg,0.07038789242506027,0.4353035092353821,0.6844416260719299,0.6648660898208618
852ced6303.jpg,0.06210258603096008,0.45524272322654724,0.30108243227005005,0.8334723711013794
85377f86af.jpg,0.03830759972333908,0.5228889584541321,0.2293810397386551,0.5371290445327759
8562b1ef80.jpg,0.04459015652537346,0.4009740352630615,0.3515225350856781,0.7194884419441223
8565668373.jpg,0.03625378757715225,0.3810674846172333,0.19676244258880615,0.7353875041007996
8574055650.jpg,0.033357273787260056,0.4062609374523163,0.2573115825653076,0.7735403776168823
8576320b13.jpg,0.04202626273036003,0.35821405053138733,0.2346784472465515,0.7461665272712708
8584d4b75f.jpg,0.048330843448638916,0.40011709928512573,0.29944998025894165,0.5710213780403137
8593b23e01.jpg,0.05837377533316612,0.4201000928878784,0.36273258924484253,0.7846622467041016
8597aec3c1.jpg,0.03626473620533943,0.6100077629089355,0.27367275953292847,0.7105364203453064
8598af15a5.jpg,0.07882660627365112,0.5188615322113037,0.3835066258907318,0.6572592258453369
85b3353572.jpg,0.07095830142498016,0.2790626287460327,0.3338717520236969,0.8596099615097046
85d1493cb9.jpg,0.042114075273275375,0.46789830923080444,0.3517090678215027,0.8185205459594727
85d4c7d44e.jpg,0.05384144186973572,0.3796537518501282,0.2988603115081787,0.8141821622848511
860986c993.jpg,0.04910629987716675,0.4379613995552063,0.24241448938846588,0.7875299453735352
8609912dd5.jpg,0.04463883861899376,0.30768629908561707,0.2914009988307953,0.7474957704544067
8610a242cf.jpg,0.05858336016535759,0.6675527095794678,0.2560189664363861,0.6200307607650757
86146960bc.jpg,0.04514073580503464,0.7874958515167236,0.35007259249687195,0.6613192558288574
86149e3c8a.jpg,0.04230964183807373,0.38770759105682373,0.29026859998703003,0.8494130373001099
8623f11b69.jpg,0.05020987242460251,0.3174625337123871,0.2530776262283325,0.79032963514328
8635c1c560.jpg,0.038158491253852844,0.3682381510734558,0.22400665283203125,0.7755227088928223
8656e512bc.jpg,0.04531347379088402,0.44059330224990845,0.315285325050354,0.6694227457046509
866ca5455c.jpg,0.04075668752193451,0.514237105846405,0.2940393090248108,0.6047145128250122
8676768de2.jpg,0.05215774476528168,0.3785596191883087,0.2077248990535736,0.7518748044967651
86777200f8.jpg,0.03608914837241173,0.5079087615013123,0.19150809943675995,0.693742036819458
868b7d7c85.jpg,0.027557644993066788,0.43237224221229553,0.24650561809539795,0.8232452273368835
868fdaaa01.jpg,0.06670175492763519,0.4775695502758026,0.41651037335395813,0.5563144683837891
86913ad2d6.jpg,0.05036209523677826,0.324720561504364,0.22901836037635803,0.8045091032981873
869e7e9177.jpg,0.06801430881023407,0.41255292296409607,0.371518075466156,0.7788381576538086
869f7517fb.jpg,0.04721381515264511,0.4507465660572052,0.29300180077552795,0.7391966581344604
86a8147985.jpg,0.03491147607564926,0.6134021282196045,0.20735591650009155,0.6516005992889404
86b0a365e5.jpg,0.03412342816591263,0.4589154124259949,0.20923283696174622,0.5927345752716064
86c26de778.jpg,0.041146229952573776,0.3538338243961334,0.2745760679244995,0.7078135013580322
86c699eff0.jpg,0.06783056259155273,0.33212393522262573,0.2220495641231537,0.787994921207428
86cb9f2483.jpg,0.05788803845643997,0.29052451252937317,0.32376348972320557,0.7515263557434082
86d8a1d9ba.jpg,0.0329073891043663,0.47837939858436584,0.2105714976787567,0.7357577085494995
86e66ceaf1.jpg,0.05468013137578964,0.5071622133255005,0.25503620505332947,0.6712913513183594
86ecbea286.jpg,0.031044572591781616,0.6910325884819031,0.2890474200248718,0.6913747191429138
86f8a2e90f.jpg,0.03951440006494522,0.5242005586624146,0.17403501272201538,0.6343994140625
86f9aceace.jpg,0.05092591047286987,0.39661091566085815,0.28107166290283203,0.4830704629421234
87016c0800.jpg,0.03448983281850815,0.43873459100723267,0.18808189034461975,0.6860573291778564
8705ef9d26.jpg,0.05006891116499901,0.5287060141563416,0.3285055160522461,0.6010339856147766
87139410be.jpg,0.05089173838496208,0.4575660526752472,0.205318883061409,0.6558921933174133
8728db54dc.jpg,0.04290761798620224,0.3674330711364746,0.23536472022533417,0.6844315528869629
8738881ad2.jpg,0.04258986935019493,0.405747652053833,0.30969691276550293,0.829091489315033
873e430467.jpg,0.06201869994401932,0.3222424387931824,0.32144829630851746,0.7514907121658325
87483aa57b.jpg,0.07221719622612,0.4211650490760803,0.5462719798088074,0.9210244417190552
875b07f673.jpg,0.06061466783285141,0.36123090982437134,0.3272027373313904,0.6836597919464111
87673f1feb.jpg,0.061401575803756714,0.6566791534423828,0.32618704438209534,0.5616264343261719
877501f570.jpg,0.037608616054058075,0.41285085678100586,0.2639137804508209,0.8582618236541748
8783576bd7.jpg,0.03367368131875992,0.3594073951244354,0.3041217625141144,0.7563868761062622
878f3c49e1.jpg,0.039568472653627396,0.3843674957752228,0.18642085790634155,0.6946907043457031
8795783436.jpg,0.05496939271688461,0.3827853202819824,0.26004740595817566,0.766838788986206
87991ccf48.jpg,0.0867529958486557,0.4257715344429016,0.5382660031318665,0.5929951667785645
87a4e88d93.jpg,0.03038761578500271,0.5018576383590698,0.18568512797355652,0.6003502011299133
87a97f497a.jpg,0.047756314277648926,0.6249798536300659,0.3054843842983246,0.7805717587471008
87cc143c4d.jpg,0.038560666143894196,0.4229384958744049,0.3422727882862091,0.6710623502731323
87cdccc1ec.jpg,0.04094892367720604,0.21482855081558228,0.17902962863445282,0.8025298118591309
87dbe31f97.jpg,0.05968021601438522,0.3991643786430359,0.22779852151870728,0.6481218338012695
87dec6234c.jpg,0.06477877497673035,0.5036221146583557,0.2963218688964844,0.5876052379608154
87e1ce5b0e.jpg,0.05260598659515381,0.44338610768318176,0.32689082622528076,0.727088451385498
87e821d849.jpg,0.05934451147913933,0.3380253314971924,0.32312509417533875,0.8025560975074768
87edc083e0.jpg,0.045351214706897736,0.6010167598724365,0.24064180254936218,0.6039372086524963
87f1d5e9a7.jpg,0.04552247375249863,0.4383428692817688,0.3246399164199829,0.5431146025657654
8802d98b14.jpg,0.03392107039690018,0.47839629650115967,0.18967890739440918,0.6545251607894897
8802f617cf.jpg,0.05671510845422745,0.4954366981983185,0.22165356576442719,0.7126647233963013
8803b67dfb.jpg,0.0360591858625412,0.6432565450668335,0.42904043197631836,0.5290146470069885
880c9f0f1c.jpg,0.0478578619658947,0.3207494020462036,0.29673612117767334,0.7916240692138672
880e0f6c15.jpg,0.04297110065817833,0.4020521342754364,0.22666682302951813,0.8446841239929199
880f24ca7d.jpg,0.040436990559101105,0.5692451596260071,0.2483002245426178,0.7445632815361023
881359fdc7.jpg,0.04932311922311783,0.44059455394744873,0.2606295943260193,0.651758074760437
882ad01587.jpg,0.06079055368900299,0.3619948625564575,0.30054226517677307,0.6348046064376831
882d8f1a40.jpg,0.050227195024490356,0.4165199398994446,0.28458231687545776,0.8123634457588196
882fc1371a.jpg,0.04331649839878082,0.5738891363143921,0.20004570484161377,0.6243991851806641
8833519aba.jpg,0.052664756774902344,0.5115957856178284,0.23377862572669983,0.5768612623214722
883cda372c.jpg,0.028495293110609055,0.45592188835144043,0.2022380530834198,0.8261826038360596
884d210d61.jpg,0.07592537254095078,0.5842456221580505,0.2643123269081116,0.5893672704696655
88536f79ce.jpg,0.04364427551627159,0.42646220326423645,0.3027421534061432,0.7937809824943542
885e53b9d5.jpg,0.04660007357597351,0.48109954595565796,0.21620291471481323,0.6790567636489868
8868ba6b14.jpg,0.066221684217453,0.35371217131614685,0.40699198842048645,0.777802050113678
888af43803.jpg,0.052757345139980316,0.5014297962188721,0.30152812600135803,0.636665940284729
88985ea668.jpg,0.03910218924283981,0.3645245432853699,0.23104122281074524,0.755081057548523
88a1e7af18.jpg,0.04026051610708237,0.3938773274421692,0.23601214587688446,0.8056214451789856
88b06853f1.jpg,0.05897879600524902,0.3615061044692993,0.3435993790626526,0.734327495098114
88bd59eca7.jpg,0.041227638721466064,0.31504330039024353,0.21634799242019653,0.8131251335144043
88c8c49c36.jpg,0.051547836512327194,0.3855082094669342,0.2786559462547302,0.705615758895874
88ca143dc7.jpg,0.07753267884254456,0.3845463693141937,0.5473679900169373,0.7543107867240906
88d3d38aed.jpg,0.04747438058257103,0.391469806432724,0.23299875855445862,0.5681921243667603
88eced0e8e.jpg,0.036742597818374634,0.33854472637176514,0.23705817759037018,0.7253249883651733
88f733fe78.jpg,0.04035743698477745,0.42396339774131775,0.27006426453590393,0.7069443464279175
8914946e64.jpg,0.06943406164646149,0.46197405457496643,0.39347055554389954,0.7469730377197266
891913c343.jpg,0.04207289218902588,0.30730271339416504,0.27239832282066345,0.8319600820541382
8936c9c89c.jpg,0.05281124636530876,0.3998163938522339,0.31553933024406433,0.8360370397567749
893f5b62a6.jpg,0.02850775048136711,0.5740418434143066,0.18858829140663147,0.6521176099777222
89578c6353.jpg,0.029705040156841278,0.5798636078834534,0.21757598221302032,0.7116886377334595
8973eff964.jpg,0.042911842465400696,0.46358251571655273,0.20135566592216492,0.7159836292266846
898a35149a.jpg,0.05158516764640808,0.3884492516517639,0.2109895944595337,0.7617690563201904
899b7f7521.jpg,0.04367316886782646,0.4720059633255005,0.2023044377565384,0.6588070392608643
899e306a16.jpg,0.05141228437423706,0.3235222101211548,0.19555184245109558,0.711741030216217
899f4a9c68.jpg,0.04943864047527313,0.40730661153793335,0.1704167276620865,0.5191709995269775
89ab7af8ec.jpg,0.09814717620611191,0.2578229606151581,0.2578848898410797,0.9042907953262329
89b5450ec4.jpg,0.05248613283038139,0.33307352662086487,0.267417848110199,0.7331801056861877
89c7dcd73a.jpg,0.04607079550623894,0.3923434317111969,0.22333043813705444,0.7322711944580078
89ce60258b.jpg,0.0595993772149086,0.48489639163017273,0.2615039348602295,0.8062626123428345
89deacf521.jpg,0.0633944422006607,0.6099127531051636,0.33170777559280396,0.6617802381515503
8a01bb88d9.jpg,0.05827552080154419,0.4315129220485687,0.47984808683395386,0.5935763716697693
8a09c3fbff.jpg,0.03845248743891716,0.40718239545822144,0.23370683193206787,0.6700210571289062
8a0d049fdb.jpg,0.046483200043439865,0.3807593584060669,0.25488319993019104,0.7555155158042908
8a38d33eb9.jpg,0.036816854029893875,0.3031938672065735,0.21695348620414734,0.7761985063552856
8a4c8c7581.jpg,0.041355084627866745,0.4757354259490967,0.24843859672546387,0.6549098491668701
8a68577ae9.jpg,0.0340113490819931,0.6245542764663696,0.2566831409931183,0.6572223901748657
8a6a134b6e.jpg,0.05326664447784424,0.2734663188457489,0.25269705057144165,0.7930553555488586
8a6a17661a.jpg,0.06461521983146667,0.3186878263950348,0.2959839701652527,0.7990438342094421
8a6f40ebc6.jpg,0.03770829737186432,0.7337550520896912,0.30621498823165894,0.5947765111923218
8a70493b60.jpg,0.04130038991570473,0.40664899349212646,0.27899253368377686,0.8497476577758789
8a7c211597.jpg,0.049966320395469666,0.6165789365768433,0.45008930563926697,0.7777801156044006
8a8801feb9.jpg,0.024230411276221275,0.4888398051261902,0.245907723903656,0.7290518283843994
8a935bef79.jpg,0.08369898796081543,0.515569269657135,0.4367297291755676,0.6703873872756958
8a987f711b.jpg,0.06850229203701019,0.3624238669872284,0.4480370283126831,0.7012050747871399
8a9d3ff7fa.jpg,0.043232858180999756,0.49537819623947144,0.21694481372833252,0.6105682849884033
8ab1eaa5f0.jpg,0.03621215745806694,0.4224751591682434,0.2549637258052826,0.6533622741699219
8ae4265cd3.jpg,0.07103148102760315,0.4404142498970032,0.31764698028564453,0.7313516736030579
8ae8564344.jpg,0.04124218970537186,0.4766717553138733,0.2242034524679184,0.7002986669540405
8af0546eb3.jpg,0.05433489382266998,0.6184337139129639,0.4324328303337097,0.7508260011672974
8af291a241.jpg,0.07441237568855286,0.5404760837554932,0.6296259164810181,0.6596608757972717
8afd46824b.jpg,0.035764627158641815,0.5084492564201355,0.20091214776039124,0.6953239440917969
8afd5933d9.jpg,0.045506250113248825,0.3244701027870178,0.2359033077955246,0.8771762251853943
8b10c7ce5b.jpg,0.03252750262618065,0.43120449781417847,0.18062272667884827,0.7676064968109131
8b34d93323.jpg,0.04602812975645065,0.5608206987380981,0.22056202590465546,0.593019962310791
8b3830949d.jpg,0.074155792593956,0.48450490832328796,0.4726477563381195,0.6365525126457214
8b3fb4a823.jpg,0.05084957927465439,0.3566949963569641,0.34845098853111267,0.790209949016571
8b41c19587.jpg,0.0630778819322586,0.6110926270484924,0.27804046869277954,0.5500825643539429
8b4acbb780.jpg,0.0724276602268219,0.4154784083366394,0.4456305503845215,0.7763376235961914
8b554cd034.jpg,0.042850688099861145,0.24510152637958527,0.2824065685272217,0.7036073803901672
8b62a7dd7a.jpg,0.08419974893331528,0.38490745425224304,0.2089148759841919,0.7683812379837036
8b641a3afe.jpg,0.042172834277153015,0.5538022518157959,0.26260459423065186,0.6963135004043579
8b6a8bf9f6.jpg,0.03958529978990555,0.568928062915802,0.5330221056938171,0.6827404499053955
8b6dd12ee0.jpg,0.06822608411312103,0.4553470015525818,0.2863694727420807,0.6976428031921387
8b6f332ed2.jpg,0.040840692818164825,0.36411941051483154,0.24629449844360352,0.8011941313743591
8b85d214a5.jpg,0.03538326174020767,0.40638285875320435,0.21372708678245544,0.7384642362594604
8b8987492f.jpg,0.03725529462099075,0.48637545108795166,0.3401315212249756,0.7560511827468872
8b8fc600dc.jpg,0.03764531761407852,0.5844610929489136,0.3778497576713562,0.7031807899475098
8b997cbee6.jpg,0.034896157681941986,0.6116639375686646,0.23763734102249146,0.5311377048492432
8bb6428221.jpg,0.05365229398012161,0.39389950037002563,0.221888467669487,0.6587470769882202
8bb91472c8.jpg,0.03635089099407196,0.2990555465221405,0.20743004977703094,0.809066653251648
8be1dad77a.jpg,0.0638405829668045,0.2274998277425766,0.2592700719833374,0.8003929853439331
8be3f02dae.jpg,0.04144216701388359,0.4839414656162262,0.2645682692527771,0.7097529172897339
8be8d9c7fe.jpg,0.055946629494428635,0.3347643315792084,0.3042050302028656,0.7731684446334839
8bf1c2db03.jpg,0.038499947637319565,0.31314772367477417,0.2868703603744507,0.8536205291748047
8bfb3ef6f7.jpg,0.04905834048986435,0.42284464836120605,0.25050419569015503,0.7382183074951172
8bfc8d6970.jpg,0.03769872710108757,0.375918984413147,0.17537756264209747,0.8176455497741699
8c03f9790e.jpg,0.043659310787916183,0.5097708106040955,0.2446037232875824,0.6843084096908569
8c1f68d7c0.jpg,0.04581032320857048,0.6091552972793579,0.3202819228172302,0.6081018447875977
8c2dcd04ce.jpg,0.04170496389269829,0.4537770748138428,0.21139578521251678,0.5653823614120483
8c38df7eda.jpg,0.06123759597539902,0.3521871566772461,0.36376726627349854,0.5747736692428589
8c39fccc0c.jpg,0.0612383596599102,0.4351388216018677,0.4609246850013733,0.7530014514923096
8c3f71bb3d.jpg,0.0540241077542305,0.4313279688358307,0.38746190071105957,0.8168817162513733
8c5385298d.jpg,0.043404653668403625,0.3881412744522095,0.248327374458313,0.7702980637550354
8c56566f1b.jpg,0.0445367693901062,0.4059755206108093,0.3940395414829254,0.7380630970001221
8c58319212.jpg,0.034188173711299896,0.3376219570636749,0.27202126383781433,0.860114336013794
8c587af1d9.jpg,0.058356255292892456,0.3771893084049225,0.2207990288734436,0.7580949068069458
8c59a24ec4.jpg,0.06522075831890106,0.3684784770011902,0.29683682322502136,0.7397243976593018
8c69c81d62.jpg,0.06871700286865234,0.47285354137420654,0.6088481545448303,0.7779415845870972
8c6fe9b698.jpg,0.04847137629985809,0.6445092558860779,0.2855653762817383,0.4764922261238098
8c7de9cb64.jpg,0.0627792477607727,0.48128408193588257,0.24900981783866882,0.7201977968215942
8c81e05b8b.jpg,0.033842284232378006,0.4905816912651062,0.1979551911354065,0.717540979385376
8c8961cabb.jpg,0.029253428801894188,0.5177581906318665,0.3305172622203827,0.5789561867713928
8c967453de.jpg,0.06971213221549988,0.308957576751709,0.43551430106163025,0.8222143650054932
8c97b5d5f3.jpg,0.05655264854431152,0.4522654116153717,0.37338823080062866,0.7151637077331543
8c98a42872.jpg,0.055944591760635376,0.333322137594223,0.2755698561668396,0.6904245018959045
8c9b7944d9.jpg,0.0511227548122406,0.47404465079307556,0.33035001158714294,0.7445167899131775
8c9da54f5e.jpg,0.04369474947452545,0.4172382950782776,0.34310317039489746,0.8011289834976196
8cbb7fead2.jpg,0.08920522034168243,0.5177431106567383,0.43933576345443726,0.7960584163665771
8cc036746a.jpg,0.04627562314271927,0.3062399923801422,0.23838965594768524,0.8266651630401611
8cc1fedf0f.jpg,0.027610963210463524,0.6734814643859863,0.2936370372772217,0.5697017908096313
8ccb1f6067.jpg,0.04969390481710434,0.3923830986022949,0.261982262134552,0.6761812567710876
8cefb5476f.jpg,0.06673486530780792,0.4813089966773987,0.2646733522415161,0.6928302645683289
8cf1ff221a.jpg,0.047584038227796555,0.2737879753112793,0.3066786229610443,0.7135183811187744
8cf3dc8532.jpg,0.04168437048792839,0.5866571664810181,0.22159969806671143,0.6231613755226135
8d05da85a2.jpg,0.04449000209569931,0.5691817402839661,0.35885196924209595,0.6716758012771606
8d1d0c152a.jpg,0.03627098724246025,0.45459914207458496,0.2560044229030609,0.7150391936302185
8d297a6fba.jpg,0.032571882009506226,0.5734748244285583,0.30528730154037476,0.5892629623413086
8d373e4f08.jpg,0.07278190553188324,0.39926832914352417,0.3720439076423645,0.5936014652252197
8d395f773d.jpg,0.05432027205824852,0.2871841490268707,0.28376340866088867,0.7808593511581421
8d398d8077.jpg,0.10948901623487473,0.5285158753395081,0.5371953248977661,0.7220605611801147
8d4d305053.jpg,0.04903183504939079,0.4944511353969574,0.30999547243118286,0.665681779384613
8d511d593a.jpg,0.042077355086803436,0.529052197933197,0.39528825879096985,0.5969734191894531
8d7cc55987.jpg,0.052364885807037354,0.5405499339103699,0.24922965466976166,0.7925037741661072
8d8535b155.jpg,0.04624813795089722,0.3133862614631653,0.21795156598091125,0.7316141724586487
8d868ee80d.jpg,0.027131717652082443,0.5885319709777832,0.20996537804603577,0.5131337642669678
8d8cf10470.jpg,0.039444174617528915,0.6489489674568176,0.21721915900707245,0.6413512229919434
8da436b074.jpg,0.04579494893550873,0.6748231649398804,0.24077197909355164,0.7104363441467285
8dac996304.jpg,0.05145812779664993,0.6829512715339661,0.31383320689201355,0.5479458570480347
8db1c9c782.jpg,0.05213809013366699,0.4546683430671692,0.25862783193588257,0.6809552311897278
8de4267ea0.jpg,0.053997185081243515,0.44069764018058777,0.25375640392303467,0.5806812047958374
8defb17876.jpg,0.05613565072417259,0.28298482298851013,0.24955272674560547,0.6132520437240601
8dfd4b4562.jpg,0.08320710062980652,0.4522509276866913,0.22164243459701538,0.7293932437896729
8e042bb3e6.jpg,0.04244242236018181,0.44482138752937317,0.3141518533229828,0.7534542083740234
8e1472c0ac.jpg,0.04953424260020256,0.6231003403663635,0.23787954449653625,0.6450513601303101
8e19cd143b.jpg,0.04864038527011871,0.574541449546814,0.4996287226676941,0.7502041459083557
8e218bbeee.jpg,0.056688010692596436,0.23688873648643494,0.23282721638679504,0.7850584983825684
8e27c58e8b.jpg,0.07097102701663971,0.438499391078949,0.4546997547149658,0.7944230437278748
8e27cd8afb.jpg,0.05343298614025116,0.3343546986579895,0.3348744511604309,0.7311280965805054
8e30baf5ae.jpg,0.038649626076221466,0.2908626198768616,0.22636346518993378,0.7878593802452087
8e3b41a3a0.jpg,0.05928592383861542,0.3197878301143646,0.3813791871070862,0.8549338579177856
8e3fd7ff09.jpg,0.04171871766448021,0.5853058099746704,0.22248393297195435,0.6360801458358765
8e51d5867f.jpg,0.10140260308980942,0.37234213948249817,0.48301100730895996,0.7513654232025146
8e6e5f8078.jpg,0.0762769803404808,0.4181443452835083,0.32377880811691284,0.6776829957962036
8e79534b0c.jpg,0.06743381917476654,0.5098495483398438,0.26907193660736084,0.6614588499069214
8e876bd586.jpg,0.06101652979850769,0.2645112872123718,0.3463580906391144,0.8436704874038696
8e95ef6636.jpg,0.060593631118535995,0.4583006203174591,0.29382258653640747,0.7539666295051575
8ea3121111.jpg,0.05004791170358658,0.4903382956981659,0.3654576241970062,0.572138249874115
8ea33353d8.jpg,0.037595100700855255,0.40326088666915894,0.3020291030406952,0.8483259081840515
8eabde45df.jpg,0.060010217130184174,0.48353859782218933,0.36091509461402893,0.752936840057373
8eaf38146d.jpg,0.05783810839056969,0.4246944785118103,0.26869821548461914,0.589828610420227
8ebecab630.jpg,0.07469549775123596,0.4616965651512146,0.40458306670188904,0.6069138646125793
8ec934ab7a.jpg,0.05407045781612396,0.33090871572494507,0.30269965529441833,0.7287693619728088
8ed9adc2f8.jpg,0.034464508295059204,0.4889197051525116,0.2120898962020874,0.6169606447219849
8edfe6d708.jpg,0.04062840715050697,0.5220634937286377,0.3468920588493347,0.7051383256912231
8ee24544da.jpg,0.05026476830244064,0.45964333415031433,0.269584983587265,0.748611330986023
8ef3c11446.jpg,0.043921373784542084,0.3016337752342224,0.18224115669727325,0.7600528001785278
8ef6d21430.jpg,0.07178504019975662,0.41025036573410034,0.4426504969596863,0.7913931608200073
8ef84910a6.jpg,0.06828662008047104,0.4700867533683777,0.3904350996017456,0.8436617851257324
8f0403e2cf.jpg,0.049429070204496384,0.4605180323123932,0.21904130280017853,0.7052410244941711
8f0aa160cb.jpg,0.03562327101826668,0.520514965057373,0.23761823773384094,0.8270143866539001
8f250ece01.jpg,0.08198815584182739,0.3334275782108307,0.5886266827583313,0.8556958436965942
8f2af16e7b.jpg,0.04387166351079941,0.33321312069892883,0.28815779089927673,0.8270635604858398
8f3be0fbeb.jpg,0.04715009778738022,0.5354758501052856,0.2622399628162384,0.7874948978424072
8f564a0a48.jpg,0.0735941007733345,0.4139136075973511,0.26462990045547485,0.745454728603363
8f59672761.jpg,0.0847766250371933,0.36459940671920776,0.457624614238739,0.6811000108718872
8f62691292.jpg,0.03778037428855896,0.37564870715141296,0.2835606038570404,0.819524884223938
8f651ee326.jpg,0.0619017630815506,0.4687042832374573,0.2782305181026459,0.6732407808303833
8f67825151.jpg,0.04879097267985344,0.446102499961853,0.22781969606876373,0.55063396692276
8f6daedb85.jpg,0.06597812473773956,0.41203999519348145,0.462769478559494,0.7692354321479797
8f78274408.jpg,0.048525601625442505,0.43014949560165405,0.2850944995880127,0.6078302264213562
8f7bb4da8c.jpg,0.05724300071597099,0.4986119866371155,0.39092859625816345,0.792944073677063
8f8bdab0d3.jpg,0.06105903908610344,0.36541810631752014,0.2960349917411804,0.84430992603302
8f9c1bf59c.jpg,0.052280228585004807,0.32454413175582886,0.40863606333732605,0.7708283066749573
8f9cc89fc1.jpg,0.055684976279735565,0.48813432455062866,0.4720939099788666,0.690567672252655
8fa21cc3ae.jpg,0.04794519394636154,0.48531848192214966,0.25704315304756165,0.8380848169326782
8fbd39a41f.jpg,0.05173670873045921,0.28906333446502686,0.2737731635570526,0.7337833642959595
8fbfe7bc3e.jpg,0.05512068420648575,0.41431665420532227,0.244630828499794,0.5901238918304443
8fc153c94e.jpg,0.03453483432531357,0.40378493070602417,0.23639331758022308,0.8116018772125244
8fc1a3d804.jpg,0.10325722396373749,0.33293867111206055,0.4666893482208252,0.9014194011688232
8fc60f7bef.jpg,0.05077516287565231,0.6062480211257935,0.3195890784263611,0.6446300148963928
8fc6680c4a.jpg,0.04946409910917282,0.44609761238098145,0.28464818000793457,0.6039954423904419
8fc9fce9f2.jpg,0.02767748385667801,0.49842238426208496,0.2275775820016861,0.6594589948654175
8fd6e74ab9.jpg,0.05279582366347313,0.41026726365089417,0.29610246419906616,0.7766153812408447
8fdc8f747e.jpg,0.06260401010513306,0.342146098613739,0.24754886329174042,0.7618470191955566
8fe1fb621d.jpg,0.03562025725841522,0.4261707365512848,0.2300892174243927,0.8508645296096802
8ff2ab81b2.jpg,0.033038459718227386,0.43908506631851196,0.2081904411315918,0.6924613118171692
8ffa6382e9.jpg,0.03619495779275894,0.4446048140525818,0.20766805112361908,0.5239503383636475
900c842af7.jpg,0.05729221552610397,0.43370291590690613,0.42947661876678467,0.8083416223526001
9010105f3d.jpg,0.0320131741464138,0.5691234469413757,0.24620267748832703,0.7611117362976074
90268e092b.jpg,0.06346246600151062,0.34444302320480347,0.3153097927570343,0.7675822973251343
9028fc10c7.jpg,0.049159325659275055,0.5523515939712524,0.20609046518802643,0.7256596088409424
9048e6e0d1.jpg,0.08370765298604965,0.4569597840309143,0.611259937286377,0.6586635708808899
904a21697e.jpg,0.07977806031703949,0.5366068482398987,0.3379940092563629,0.7249256372451782
904f5a5276.jpg,0.05705997347831726,0.4154614210128784,0.310111403465271,0.8862863779067993
9050e1c0e6.jpg,0.046354569494724274,0.3776383697986603,0.2588757574558258,0.8165998458862305
9071c99f67.jpg,0.045871686190366745,0.27738404273986816,0.28948071599006653,0.8514958620071411
9079fe9d9c.jpg,0.03399736061692238,0.4144088327884674,0.24019844830036163,0.7273015975952148
907cd5e630.jpg,0.03580766171216965,0.48921751976013184,0.35007286071777344,0.7630065083503723
907d9cf180.jpg,0.08125990629196167,0.3016539514064789,0.18680977821350098,0.7234148383140564
909ae89f4d.jpg,0.056444983929395676,0.2799775004386902,0.2931617200374603,0.8606425523757935
90a6484491.jpg,0.03991689532995224,0.40967491269111633,0.18599173426628113,0.695380687713623
90aa881d59.jpg,0.07743921875953674,0.4348217248916626,0.47863277792930603,0.6307270526885986
90b3c6c885.jpg,0.07361891865730286,0.4355022609233856,0.4399057626724243,0.6501919031143188
90b9257df4.jpg,0.0363125316798687,0.5473275184631348,0.24080710113048553,0.6528666019439697
90bc360c57.jpg,0.044550202786922455,0.368722140789032,0.23140987753868103,0.5300995111465454
90bdbd6631.jpg,0.04801776260137558,0.5095700025558472,0.26064303517341614,0.5839260816574097
90c00b0a8c.jpg,0.04842826724052429,0.361209511756897,0.32381319999694824,0.8371690511703491
90c9cd3fe8.jpg,0.03397678583860397,0.29486358165740967,0.1455320417881012,0.691398561000824
90cbc5b0a2.jpg,0.0434466116130352,0.47963157296180725,0.26643604040145874,0.6871953010559082
90d00e4130.jpg,0.04308536648750305,0.47479963302612305,0.26844272017478943,0.4968935251235962
90d2b880b2.jpg,0.06175890564918518,0.39922794699668884,0.3393256962299347,0.7281479835510254
90e072864e.jpg,0.04002171754837036,0.5651931166648865,0.2893896698951721,0.6270719766616821
90e1c5d57a.jpg,0.03344707936048508,0.5825357437133789,0.2686125636100769,0.7396958470344543
90e5ba5fe4.jpg,0.035369306802749634,0.4894229471683502,0.23248443007469177,0.7102093696594238
90fa0a2900.jpg,0.03802262246608734,0.4999966621398926,0.2899562120437622,0.6479101777076721
90fc280b72.jpg,0.0390002578496933,0.5282490253448486,0.27898162603378296,0.749427080154419
9105102bc4.jpg,0.06158410757780075,0.5104290843009949,0.46810540556907654,0.7459742426872253
910e1f900e.jpg,0.0405699759721756,0.49961358308792114,0.26349109411239624,0.5571190118789673
911af8c237.jpg,0.06539084017276764,0.4131452441215515,0.3664170801639557,0.7209377884864807
9128a67589.jpg,0.03480163961648941,0.4710695147514343,0.2677862346172333,0.7241289019584656
912f47efb6.jpg,0.03205608204007149,0.4707315266132355,0.19563612341880798,0.6487094759941101
912f7c8917.jpg,0.08658211678266525,0.579099178314209,0.40161794424057007,0.8150119185447693
9138142611.jpg,0.05999448150396347,0.4764537215232849,0.2931094467639923,0.5561988353729248
914d6701fb.jpg,0.072234146296978,0.3792850971221924,0.41156235337257385,0.8875523209571838
915666f75a.jpg,0.050256699323654175,0.5674333572387695,0.3078964352607727,0.7019531726837158
915b936cdd.jpg,0.03802955150604248,0.44638118147850037,0.22267334163188934,0.6398217678070068
91633d4951.jpg,0.05698428303003311,0.4039703905582428,0.3080374002456665,0.7981052994728088
916ae3f734.jpg,0.04866507649421692,0.5129407644271851,0.349620521068573,0.6887590885162354
916ba9d722.jpg,0.056856926530599594,0.3198770582675934,0.26846036314964294,0.6433099508285522
916caf5698.jpg,0.03353115916252136,0.45090800523757935,0.27317675948143005,0.7582776546478271
917f384f27.jpg,0.06908508390188217,0.4110739827156067,0.4016651511192322,0.7228856086730957
91847ec212.jpg,0.02803679369390011,0.6511505842208862,0.19589948654174805,0.5994492769241333
9186f2f6bf.jpg,0.05021560937166214,0.37863457202911377,0.23388710618019104,0.7566553354263306
91916e6337.jpg,0.03834152966737747,0.32861337065696716,0.22949135303497314,0.7583450675010681
9194cac2c2.jpg,0.04593965411186218,0.5152628421783447,0.323436439037323,0.7153712511062622
91a6a513e8.jpg,0.050327710807323456,0.4104536175727844,0.4918753206729889,0.7454770803451538
91bd17ebc1.jpg,0.05055825039744377,0.671474814414978,0.27721837162971497,0.5312904715538025
91c0fb330a.jpg,0.058578282594680786,0.44502466917037964,0.24386602640151978,0.6900155544281006
91c4ec2938.jpg,0.06451059877872467,0.40537768602371216,0.39147621393203735,0.8037759065628052
91caa42854.jpg,0.03835484758019447,0.3785105347633362,0.24689215421676636,0.8061245679855347
91cdf3c9ec.jpg,0.060350753366947174,0.373774915933609,0.3806249797344208,0.7329632043838501
91cef72c5d.jpg,0.040545571595430374,0.3347405195236206,0.2857832908630371,0.7335459589958191
91cf22742c.jpg,0.047996681183576584,0.38853520154953003,0.27833616733551025,0.7522999048233032
91d1476220.jpg,0.050835981965065,0.39852267503738403,0.32645490765571594,0.6305991411209106
91dbb69203.jpg,0.06511517614126205,0.44355908036231995,0.2757754623889923,0.6962884664535522
91e43a72c3.jpg,0.05034371465444565,0.3937664031982422,0.23868227005004883,0.7323011159896851
91edaa90e8.jpg,0.056258901953697205,0.6437160968780518,0.250639408826828,0.6270198822021484
9203f9070e.jpg,0.037957824766635895,0.6061019897460938,0.22813072800636292,0.6146281361579895
921e0c98a4.jpg,0.051770806312561035,0.3251420259475708,0.30886128544807434,0.7848516702651978
922e075696.jpg,0.053997427225112915,0.48101502656936646,0.2708303928375244,0.6684019565582275
924309267b.jpg,0.055999234318733215,0.4652576446533203,0.27802789211273193,0.6881038546562195
9258ed4e17.jpg,0.05588943883776665,0.5769391059875488,0.21610413491725922,0.6293329000473022
926fabe094.jpg,0.03687415271997452,0.5518237948417664,0.23550431430339813,0.6001659631729126
92884da831.jpg,0.04417335242033005,0.3056875467300415,0.2529577910900116,0.8328204154968262
9293bb3ab1.jpg,0.05260273814201355,0.33727580308914185,0.24819231033325195,0.7626258134841919
9295c73f10.jpg,0.05788150429725647,0.4110172986984253,0.29876071214675903,0.862088143825531
92a4544fb1.jpg,0.04231066629290581,0.265198290348053,0.16925308108329773,0.7759850025177002
92a77e056a.jpg,0.04816805571317673,0.40722766518592834,0.24584883451461792,0.7305324077606201
92ad835b19.jpg,0.047388575971126556,0.6614494919776917,0.40874648094177246,0.6097595691680908
92b15f83a3.jpg,0.043356698006391525,0.5234405994415283,0.2658563256263733,0.6431246995925903
92b4f542a8.jpg,0.059107448905706406,0.39736276865005493,0.2601069211959839,0.738017201423645
92c3fd59e9.jpg,0.04841272160410881,0.28923940658569336,0.23711320757865906,0.8562300801277161
92c7aa40d9.jpg,0.05027801916003227,0.3348737955093384,0.3078552782535553,0.758044958114624
92cb1b612c.jpg,0.0683533251285553,0.28023606538772583,0.28366807103157043,0.8081979751586914
92d2f773ea.jpg,0.0568087212741375,0.39568662643432617,0.35494464635849,0.7052069306373596
92d9a71a35.jpg,0.027647636830806732,0.6552214622497559,0.30739516019821167,0.6327125430107117
92dacc55c5.jpg,0.05133727192878723,0.5602307915687561,0.37343132495880127,0.8050702810287476
93132bc39a.jpg,0.05943450331687927,0.5953457951545715,0.3401910364627838,0.4541564881801605
931e9f62be.jpg,0.049354322254657745,0.4695456326007843,0.3610076308250427,0.5680209994316101
93228e23b7.jpg,0.039067111909389496,0.3731256127357483,0.23014141619205475,0.8110224008560181
932f681182.jpg,0.08892786502838135,0.4928028881549835,0.4938490092754364,0.7429822683334351
93404abb02.jpg,0.045188724994659424,0.49704110622406006,0.28856712579727173,0.6791189908981323
935b664420.jpg,0.06722288578748703,0.4670608937740326,0.38499993085861206,0.6048664450645447
935b850c7b.jpg,0.05060337111353874,0.24314485490322113,0.18174104392528534,0.8694561719894409
936086c2fb.jpg,0.04858287796378136,0.4658641219139099,0.3169368505477905,0.707042932510376
9368bfbb0d.jpg,0.04757445305585861,0.6388313174247742,0.3081585764884949,0.6787300109863281
9384f0381d.jpg,0.05042039602994919,0.40970781445503235,0.3058353066444397,0.7499984502792358
938d0ba34c.jpg,0.03848620876669884,0.5484215021133423,0.3151208758354187,0.624352216720581
938fb66016.jpg,0.05907696485519409,0.49367886781692505,0.3665662705898285,0.7238506078720093
9394218ff6.jpg,0.04645225405693054,0.3668094873428345,0.19206781685352325,0.7297812700271606
9395512e4e.jpg,0.03623628243803978,0.4605785608291626,0.24733780324459076,0.6682168841362
939f31a928.jpg,0.0391077846288681,0.5606569051742554,0.2030377984046936,0.6071205139160156
93a901666e.jpg,0.06084755063056946,0.43459561467170715,0.35066327452659607,0.751339316368103
93b37e6702.jpg,0.06383349746465683,0.5087429881095886,0.3290058672428131,0.6195624470710754
93b7f31cb9.jpg,0.05272269248962402,0.23300713300704956,0.14056558907032013,0.8764613270759583
93bd999d11.jpg,0.06223534792661667,0.7806599736213684,0.28251737356185913,0.4791882634162903
93c641ad5b.jpg,0.0787539929151535,0.4070626199245453,0.3253837823867798,0.6873747110366821
93d77f649a.jpg,0.09208215773105621,0.4570198059082031,0.6090991497039795,0.8220664262771606
93fa7e2d2e.jpg,0.04453146457672119,0.6026628613471985,0.2405717372894287,0.6238013505935669
93fd6bcbb4.jpg,0.04629772529006004,0.4005918800830841,0.2932339012622833,0.647939145565033
9404bff3b5.jpg,0.042247574776411057,0.40609148144721985,0.22138075530529022,0.6378755569458008
9406f2a468.jpg,0.05031616613268852,0.4498514235019684,0.3193090260028839,0.668738603591919
940ebfcf33.jpg,0.09509897232055664,0.3698575496673584,0.5644044280052185,0.568002462387085
9412b74bf7.jpg,0.044737815856933594,0.5141277313232422,0.2708967924118042,0.6547642946243286
941fe1adf7.jpg,0.0463474802672863,0.31814083456993103,0.2624222934246063,0.8323389887809753
94224752b4.jpg,0.07976789772510529,0.41934338212013245,0.39955398440361023,0.7397918701171875
94263d971f.jpg,0.06963798403739929,0.342373251914978,0.4168979525566101,0.8610703945159912
9427fc76b9.jpg,0.04382070153951645,0.3838675320148468,0.3453172445297241,0.699364185333252
944398f81d.jpg,0.07459359616041183,0.3658522665500641,0.35718050599098206,0.6040888428688049
944bee3f77.jpg,0.04099464416503906,0.6608691215515137,0.2622049152851105,0.5887664556503296
94502f184f.jpg,0.05535809323191643,0.47685980796813965,0.30564427375793457,0.7758382558822632
946dd1bb4b.jpg,0.08615445345640182,0.532377302646637,0.6384996175765991,0.7195500731468201
946e0d3cf2.jpg,0.03793937712907791,0.3419375717639923,0.21530643105506897,0.8380075097084045
9470dd8aac.jpg,0.07465502619743347,0.4231005907058716,0.3501068353652954,0.6626217365264893
947ecf90b9.jpg,0.056246012449264526,0.3658895492553711,0.388548344373703,0.8609005808830261
94882d1992.jpg,0.04893217608332634,0.3636643886566162,0.27920979261398315,0.8341277837753296
94979ec8c0.jpg,0.04761641472578049,0.36331409215927124,0.26679304242134094,0.5597667694091797
949d934747.jpg,0.052444975823163986,0.3711719214916229,0.29256299138069153,0.803134560585022
94af688583.jpg,0.03490566462278366,0.690667450428009,0.26763835549354553,0.6307266354560852
94b20d92c2.jpg,0.03169022500514984,0.6000261902809143,0.228092223405838,0.7309612035751343
94b3dc2840.jpg,0.03611227869987488,0.6107744574546814,0.1968092918395996,0.7208922505378723
94cc7a8697.jpg,0.04925447702407837,0.48346683382987976,0.2722233831882477,0.5582971572875977
94cf38462b.jpg,0.0366867370903492,0.41937243938446045,0.2289457619190216,0.6742786169052124
94e066f2b3.jpg,0.04885043203830719,0.42367297410964966,0.29964277148246765,0.8150780200958252
94e1a09e64.jpg,0.0386771634221077,0.4444694519042969,0.20727773010730743,0.7021141052246094
94ed902431.jpg,0.06714912503957748,0.37430766224861145,0.3767954409122467,0.7519607543945312
94ef9bc8f4.jpg,0.07464718073606491,0.4501868188381195,0.4537395238876343,0.8179699182510376
94f272fbc2.jpg,0.042734526097774506,0.4217355251312256,0.44760698080062866,0.8530898094177246
94f6b65afa.jpg,0.08731991052627563,0.573113203048706,0.5846657752990723,0.7718180418014526
951804d699.jpg,0.035067372024059296,0.43363356590270996,0.2829189896583557,0.636561393737793
95186389f6.jpg,0.043668314814567566,0.4298665523529053,0.21613742411136627,0.6952735185623169
9525ce824a.jpg,0.05759739130735397,0.43432217836380005,0.3212605118751526,0.6500577926635742
952d99f5b0.jpg,0.04586505517363548,0.41182732582092285,0.2600021958351135,0.7145388722419739
953b1317cb.jpg,0.021595528349280357,0.721023678779602,0.15728983283042908,0.6595480442047119
9549a2e85c.jpg,0.024898042902350426,0.5823584794998169,0.3235263228416443,0.7073556780815125
954cbfbad6.jpg,0.05259723588824272,0.6297262907028198,0.3513570725917816,0.5554976463317871
955d88b9a7.jpg,0.04598113149404526,0.4184475243091583,0.2626180052757263,0.6635310649871826
9562727728.jpg,0.05406494066119194,0.3633365035057068,0.2502661347389221,0.7300044298171997
957ae02f79.jpg,0.051449842751026154,0.5015859007835388,0.20412522554397583,0.6454241275787354
957b22a3a7.jpg,0.037383630871772766,0.35627758502960205,0.29322075843811035,0.7243890762329102
9588a52282.jpg,0.0548216849565506,0.562707245349884,0.3352017402648926,0.6311813592910767
95900a984f.jpg,0.044472288340330124,0.6688321828842163,0.21089446544647217,0.5155446529388428
9593d730f2.jpg,0.030200082808732986,0.3754737675189972,0.19007065892219543,0.7944982051849365
95a66b0d9b.jpg,0.07313638925552368,0.3865920901298523,0.26826053857803345,0.8360534906387329
95a6bdb3bf.jpg,0.056432709097862244,0.3395426869392395,0.2871142625808716,0.7702530026435852
95a7ed2155.jpg,0.039668720215559006,0.3422031104564667,0.2144693285226822,0.7073277831077576
95a9fadd8f.jpg,0.04720919579267502,0.3057609796524048,0.26959556341171265,0.8010453581809998
95aaf0fbbd.jpg,0.04216115176677704,0.49559587240219116,0.17309316992759705,0.5619073510169983
95b2119fa9.jpg,0.08050830662250519,0.579435408115387,0.43268316984176636,0.6511024832725525
95b317a33d.jpg,0.05570652335882187,0.39240673184394836,0.33947354555130005,0.6821154356002808
95b6abfcee.jpg,0.04593939706683159,0.39165565371513367,0.42146092653274536,0.8177635669708252
95c438e906.jpg,0.028373491019010544,0.4397321939468384,0.22394953668117523,0.7478431463241577
95d494f4ae.jpg,0.03263460099697113,0.24733451008796692,0.13268646597862244,0.854543924331665
95d4cb8eca.jpg,0.07352665066719055,0.39087429642677307,0.3404392600059509,0.7595142126083374
95deeeec90.jpg,0.04729058966040611,0.3222869634628296,0.28780001401901245,0.7685850262641907
95dff55b08.jpg,0.05255460739135742,0.41169098019599915,0.32047611474990845,0.7708553075790405
95e33c18db.jpg,0.07166865468025208,0.34984898567199707,0.46121853590011597,0.7840468883514404
95f5aeda51.jpg,0.03798391669988632,0.5255589485168457,0.20264121890068054,0.6814770102500916
95f5d9ab48.jpg,0.0728871151804924,0.3468415141105652,0.32174378633499146,0.5410168766975403
9606c7644b.jpg,0.08108215034008026,0.38562533259391785,0.40101686120033264,0.6961394548416138
960b5fa7e8.jpg,0.05460945889353752,0.5230202078819275,0.2980428636074066,0.5213274955749512
96183e38ec.jpg,0.08118249475955963,0.4731197953224182,0.6545393466949463,0.8362711071968079
9622e7f973.jpg,0.05736592411994934,0.46973198652267456,0.6016698479652405,0.726172924041748
962d0ff537.jpg,0.04451921582221985,0.47842341661453247,0.27113133668899536,0.8046839237213135
963134b323.jpg,0.06100053712725639,0.3232737183570862,0.33181002736091614,0.8187016248703003
96324aa924.jpg,0.07050195336341858,0.5298383235931396,0.42051905393600464,0.6210286617279053
963770bacd.jpg,0.049002498388290405,0.4356677234172821,0.3302936553955078,0.6636652946472168
963c0eb500.jpg,0.0700712651014328,0.45445045828819275,0.4692571759223938,0.6449094414710999
96486253fb.jpg,0.06773722171783447,0.5902184844017029,0.27961117029190063,0.6695983409881592
9652937cf0.jpg,0.07919004559516907,0.5409071445465088,0.31640881299972534,0.6873903274536133
965c4ddd61.jpg,0.06209729611873627,0.48678719997406006,0.3606606125831604,0.6296991109848022
9670ea6664.jpg,0.06964748352766037,0.3418988883495331,0.3375430107116699,0.8769702911376953
9681f39ae8.jpg,0.03327760845422745,0.4529848098754883,0.16766199469566345,0.7259384989738464
9693678067.jpg,0.05762767791748047,0.29686254262924194,0.34076422452926636,0.872514545917511
9698946dfb.jpg,0.06988281011581421,0.40265461802482605,0.35309749841690063,0.7726426720619202
969d45bb23.jpg,0.05948546528816223,0.5436621308326721,0.3905700743198395,0.6986330151557922
96a933541d.jpg,0.0590980164706707,0.32211118936538696,0.28865474462509155,0.7354087829589844
96ae66347a.jpg,0.0435989610850811,0.29435086250305176,0.22528071701526642,0.859273374080658
96b2ac1a1b.jpg,0.03995392844080925,0.43199363350868225,0.2836166024208069,0.6425822973251343
96b9ee7ec4.jpg,0.052515190094709396,0.34309902787208557,0.31818193197250366,0.8009669780731201
96baf57a50.jpg,0.0765448808670044,0.4591502547264099,0.7350004315376282,0.8229040503501892
96c65e76e1.jpg,0.04944436997175217,0.35942280292510986,0.21598486602306366,0.7301638126373291
96c686ddf6.jpg,0.051715508103370667,0.5028412342071533,0.3311193883419037,0.6704516410827637
96cb35f032.jpg,0.02647232636809349,0.47306355834007263,0.212732195854187,0.7986984252929688
96cda40153.jpg,0.07118496298789978,0.5475504398345947,0.37813878059387207,0.8065842390060425
96d223307c.jpg,0.07048897445201874,0.5131113529205322,0.28895658254623413,0.7121000289916992
96d3517f11.jpg,0.053833477199077606,0.3617928624153137,0.2576887607574463,0.7996996641159058
96da1fc826.jpg,0.03845563903450966,0.5562899708747864,0.24630343914031982,0.5989777445793152
96e1bb4403.jpg,0.04148464649915695,0.47870707511901855,0.15752628445625305,0.6501414179801941
96e42a29c9.jpg,0.03859235346317291,0.5361611843109131,0.20220643281936646,0.6973344087600708
96e7b2c267.jpg,0.05642163008451462,0.5494987964630127,0.27293384075164795,0.7435120344161987
96e860fd62.jpg,0.05593669041991234,0.43212035298347473,0.4004741311073303,0.7265684008598328
970d8c0b4c.jpg,0.04307601973414421,0.4503660500049591,0.2393069565296173,0.690449595451355
97123776ca.jpg,0.042533498257398605,0.4214116334915161,0.3742947578430176,0.7430147528648376
971c33b707.jpg,0.07824142277240753,0.2720937132835388,0.31682002544403076,0.7579154372215271
971fcc6bcc.jpg,0.0506775788962841,0.46949532628059387,0.3457657992839813,0.7303950190544128
97268dc895.jpg,0.05103018879890442,0.4684487581253052,0.3259984850883484,0.7815900444984436
973372e3d0.jpg,0.046905748546123505,0.44100168347358704,0.3693498969078064,0.873399019241333
973dd4a928.jpg,0.036125313490629196,0.5326889157295227,0.33728736639022827,0.7289538979530334
973f82a644.jpg,0.03111405298113823,0.524311363697052,0.21394892036914825,0.7471709847450256
9743bd2705.jpg,0.04255310818552971,0.3171692192554474,0.28274238109588623,0.8067476153373718
975538e5c1.jpg,0.04078270494937897,0.47137096524238586,0.24006608128547668,0.6984981298446655
976f6eafdd.jpg,0.0417439267039299,0.5102261304855347,0.26085707545280457,0.6986400485038757
977938602b.jpg,0.04219050332903862,0.5074387788772583,0.3135608434677124,0.5431988835334778
977b1bd3a2.jpg,0.04893748089671135,0.5646405220031738,0.27334800362586975,0.7426555752754211
977bff16d4.jpg,0.07279962301254272,0.4216259717941284,0.34072932600975037,0.6644381284713745
978424d552.jpg,0.0372089222073555,0.4063408076763153,0.3110981583595276,0.48746562004089355
979103c46c.jpg,0.049134694039821625,0.4958018362522125,0.19888558983802795,0.6547374725341797
979e42841f.jpg,0.029604798182845116,0.48128923773765564,0.23567181825637817,0.675013542175293
97a87bca91.jpg,0.04622141271829605,0.519332766532898,0.26831912994384766,0.6740444302558899
97b5d7b81c.jpg,0.045610468834638596,0.4646073877811432,0.32834023237228394,0.7834715843200684
97bf9704b5.jpg,0.06306584179401398,0.3654579520225525,0.2521147131919861,0.7625604271888733
97c6fda363.jpg,0.04417668282985687,0.6959028840065002,0.22724604606628418,0.572099506855011
97c8c523df.jpg,0.05221563205122948,0.41075313091278076,0.25765785574913025,0.6257664561271667
97cef7f737.jpg,0.05409187078475952,0.47706371545791626,0.27282679080963135,0.7627745866775513
97d4460077.jpg,0.04332027584314346,0.47826552391052246,0.22213700413703918,0.7884467840194702
97d76023a7.jpg,0.0531434528529644,0.5406935214996338,0.2769772708415985,0.6114369630813599
97dddb7cbb.jpg,0.0621156208217144,0.3410683274269104,0.3112136721611023,0.7452411651611328
97e4b5f75c.jpg,0.030362745746970177,0.3364660441875458,0.14896604418754578,0.7179579734802246
97e948fb9d.jpg,0.06319773197174072,0.32677891850471497,0.45524823665618896,0.7334427833557129
9801846b65.jpg,0.0765068531036377,0.370197057723999,0.3303520083427429,0.6122515201568604
9806c55f8e.jpg,0.07741869240999222,0.40510645508766174,0.4164581596851349,0.8284322619438171
9811ee90ac.jpg,0.04288063570857048,0.502775251865387,0.3249392509460449,0.8543486595153809
981f9ee7ce.jpg,0.06970491260290146,0.4520937204360962,0.5118577480316162,0.7992994785308838
982068245a.jpg,0.07503771036863327,0.41452670097351074,0.3846889138221741,0.6537209749221802
9820d446a4.jpg,0.08949372172355652,0.44275763630867004,0.4906059801578522,0.7548221349716187
9827d36539.jpg,0.10457511246204376,0.525863766670227,0.48123475909233093,0.8079608678817749
982ca3c520.jpg,0.07605601847171783,0.4038293659687042,0.2232362926006317,0.7103234529495239
9835ba0013.jpg,0.052372269332408905,0.3160496950149536,0.28796371817588806,0.810843825340271
983821c850.jpg,0.05607685446739197,0.33605533838272095,0.3197294771671295,0.8161177039146423
98426ffd66.jpg,0.037065669894218445,0.46476882696151733,0.2249186933040619,0.6764468550682068
984c6baa94.jpg,0.0689416453242302,0.33629927039146423,0.37133172154426575,0.6605580449104309
98507e2f68.jpg,0.04798722267150879,0.34110814332962036,0.28115397691726685,0.7849718332290649
9863a4aa56.jpg,0.04723087698221207,0.33867543935775757,0.31544554233551025,0.6219308972358704
986d6d5bf9.jpg,0.035106342285871506,0.32275334000587463,0.2140427827835083,0.7305565476417542
988ba0650a.jpg,0.05663793906569481,0.38526442646980286,0.2779308259487152,0.5410518646240234
9894d1438d.jpg,0.050657473504543304,0.4970468282699585,0.21560129523277283,0.41500526666641235
9895a5216b.jpg,0.06064990162849426,0.32504716515541077,0.3402327299118042,0.6445727348327637
98a00fe3fc.jpg,0.037554867565631866,0.5044726133346558,0.2440616935491562,0.613248348236084
98af1d51cf.jpg,0.06605102121829987,0.5376806259155273,0.37551113963127136,0.729809045791626
98b9fbb3fb.jpg,0.07301067560911179,0.35648560523986816,0.3493211269378662,0.737796425819397
98c28eedfa.jpg,0.07133197039365768,0.44375666975975037,0.37528032064437866,0.7122209072113037
98cbab58d6.jpg,0.05227528139948845,0.25104716420173645,0.21336299180984497,0.7540296316146851
98d335025e.jpg,0.048010945320129395,0.3995435833930969,0.2927699685096741,0.6884626746177673
98d4348692.jpg,0.050025343894958496,0.4262193739414215,0.3993876874446869,0.7127463817596436
98de268fe8.jpg,0.03977227210998535,0.610328197479248,0.21971538662910461,0.5424355268478394
98e7d7b48a.jpg,0.06815193593502045,0.5863152742385864,0.35284650325775146,0.6332849264144897
98ef46be31.jpg,0.05943189561367035,0.5014053583145142,0.3714578151702881,0.7723207473754883
98fcc9f6fc.jpg,0.06987196207046509,0.37011367082595825,0.31393179297447205,0.7482215166091919
98ff290926.jpg,0.06180885434150696,0.5674293041229248,0.2006896436214447,0.6566707491874695
99038bde22.jpg,0.06279823929071426,0.3957775831222534,0.4350733757019043,0.7355973720550537
99045d3f04.jpg,0.05050605162978172,0.34216010570526123,0.25345152616500854,0.6666707396507263
9906756ae6.jpg,0.04601569101214409,0.41608092188835144,0.3395881950855255,0.6737544536590576
990e8ef2f2.jpg,0.050301045179367065,0.382403165102005,0.3795352280139923,0.8029932975769043
9912bab8cf.jpg,0.048287659883499146,0.40601545572280884,0.3496679663658142,0.7272084355354309
9912e8a5a3.jpg,0.036621056497097015,0.3767349123954773,0.2572329044342041,0.6823751330375671
991eb1e448.jpg,0.04814141243696213,0.47542715072631836,0.2877123951911926,0.7683815360069275
9921ef9e3c.jpg,0.06092466041445732,0.3868694603443146,0.30596357583999634,0.7043337225914001
99283f98de.jpg,0.06415154784917831,0.46937263011932373,0.3180776834487915,0.7391760349273682
99294cd9e3.jpg,0.07964473217725754,0.39797183871269226,0.3341902494430542,0.7290510535240173
993fb1e69b.jpg,0.05643138289451599,0.3696492910385132,0.22126100957393646,0.7982631921768188
9945957ec7.jpg,0.046106308698654175,0.6111778020858765,0.2595200538635254,0.5353662967681885
994a54185f.jpg,0.0654212236404419,0.38493627309799194,0.332713782787323,0.734148383140564
994b994977.jpg,0.03902633115649223,0.36059510707855225,0.2263028621673584,0.7965370416641235
99676e0f39.jpg,0.03490253537893295,0.5659513473510742,0.1382635235786438,0.7081387042999268
996de8f5ec.jpg,0.07265490293502808,0.40874332189559937,0.5544919967651367,0.7678956985473633
997f0ed940.jpg,0.04881616681814194,0.3994864523410797,0.2639879882335663,0.579168438911438
9991f94f1d.jpg,0.03508634865283966,0.5446337461471558,0.2421378195285797,0.7071239352226257
999985c001.jpg,0.051433973014354706,0.6031684875488281,0.22319075465202332,0.7450513243675232
9999c76d32.jpg,0.06711112707853317,0.3278343975543976,0.31931161880493164,0.8148255348205566
999e87f7a6.jpg,0.09555917978286743,0.30727100372314453,0.30284202098846436,0.7779970169067383
99a109ea2b.jpg,0.028931904584169388,0.6508433818817139,0.3850468397140503,0.6466645002365112
99a6c4d326.jpg,0.06799115240573883,0.5025579333305359,0.3097003102302551,0.7547788619995117
99b3b1736b.jpg,0.04046982526779175,0.4510025382041931,0.2464560866355896,0.6129180788993835
99baee78f2.jpg,0.049372732639312744,0.3603964149951935,0.25494977831840515,0.8035693168640137
99c0ccba50.jpg,0.045202724635601044,0.4208184480667114,0.2921161353588104,0.6207931637763977
99c9687c14.jpg,0.03813697025179863,0.300776869058609,0.15031731128692627,0.6733150482177734
99cbbc5052.jpg,0.05002230405807495,0.488662987947464,0.2870592474937439,0.6738317012786865
99d04bd95f.jpg,0.06726709753274918,0.31920334696769714,0.27266374230384827,0.6593490839004517
99dacbf106.jpg,0.058804284781217575,0.49837031960487366,0.2895774245262146,0.5981084108352661
99ed3dc7b2.jpg,0.03528985381126404,0.5770738124847412,0.2417074739933014,0.5981945991516113
99f621bbdb.jpg,0.06478296220302582,0.39969587326049805,0.31541505455970764,0.8094061017036438
99fb63fada.jpg,0.06286866962909698,0.32281550765037537,0.30583614110946655,0.6314330697059631
99fc1c27b2.jpg,0.03627283498644829,0.5876694321632385,0.2230338603258133,0.498698890209198
99fcebb45b.jpg,0.03011978790163994,0.5998377203941345,0.16816332936286926,0.599705159664154
9a0bfe6c86.jpg,0.053892433643341064,0.32574179768562317,0.2706473469734192,0.8488725423812866
9a2b9dec3a.jpg,0.05054903030395508,0.6171332597732544,0.3036998510360718,0.5798560976982117
9a4b2f8bd8.jpg,0.050985824316740036,0.29076310992240906,0.22590915858745575,0.7992427349090576
9a507f5ef4.jpg,0.03800780698657036,0.4218806028366089,0.25453463196754456,0.8392871618270874
9a5477aaeb.jpg,0.04227737337350845,0.43866801261901855,0.2944026291370392,0.8512973189353943
9a59323542.jpg,0.06655147671699524,0.5706644058227539,0.3147619366645813,0.5753495693206787
9a780093c6.jpg,0.09065394103527069,0.3482404947280884,0.5453047752380371,0.7703150510787964
9a9d4aeb7a.jpg,0.09013456106185913,0.39313918352127075,0.44060400128364563,0.7022632360458374
9ab17ed33a.jpg,0.050786979496479034,0.3698149025440216,0.27788063883781433,0.7217235565185547
9adf6d52d3.jpg,0.06502681970596313,0.3199250400066376,0.3073731064796448,0.800704300403595
9aeb8bd419.jpg,0.036066342145204544,0.37846484780311584,0.2556278705596924,0.722933292388916
9af5a24f65.jpg,0.057107388973236084,0.5269830226898193,0.2619337737560272,0.725021243095398
9afdeb8ed2.jpg,0.03809332102537155,0.5845038890838623,0.19646872580051422,0.5305284261703491
9b048364b8.jpg,0.04851838946342468,0.3621342182159424,0.2879437208175659,0.7987532615661621
9b186b8f81.jpg,0.0623604878783226,0.3139890730381012,0.3106280267238617,0.8073415160179138
9b1b974368.jpg,0.03738207742571831,0.6386502385139465,0.19689704477787018,0.5976817011833191
9b1c51d91c.jpg,0.04907473176717758,0.4175100326538086,0.22037823498249054,0.7648922204971313
9b3053dc34.jpg,0.05613549053668976,0.5340760350227356,0.30739617347717285,0.6971170902252197
9b3abf3a98.jpg,0.05277442932128906,0.40806055068969727,0.21143808960914612,0.6997805833816528
9b513c7a1c.jpg,0.06199077516794205,0.3801015615463257,0.2808159589767456,0.6927051544189453
9b5be07782.jpg,0.04017816483974457,0.6489478945732117,0.2539462447166443,0.619728684425354
9b5d6d5b9b.jpg,0.031667113304138184,0.48970910906791687,0.2692747712135315,0.4735475480556488
9b5e41ac82.jpg,0.05333946272730827,0.4743052124977112,0.2749512493610382,0.8123676776885986
9b6bec8314.jpg,0.05230147764086723,0.34118685126304626,0.3311394453048706,0.8066486716270447
9b7d65decf.jpg,0.029434872791171074,0.46549156308174133,0.20434507727622986,0.6697180867195129
9b85a6c570.jpg,0.05854722112417221,0.42973408102989197,0.3486063480377197,0.7078737020492554
9b87bd9191.jpg,0.06697110831737518,0.45590484142303467,0.39823609590530396,0.7034810185432434
9b95a6cc9b.jpg,0.06410171836614609,0.37660297751426697,0.36810973286628723,0.8248419761657715
9b9cdde1ce.jpg,0.06463462114334106,0.5313888788223267,0.31744611263275146,0.6223079562187195
9ba4ae09af.jpg,0.053846463561058044,0.3590218424797058,0.41014668345451355,0.8370877504348755
9ba9376b9d.jpg,0.0503777340054512,0.25386980175971985,0.27584177255630493,0.786707878112793
9baca6d979.jpg,0.06818321347236633,0.39874139428138733,0.22601954638957977,0.8357609510421753
9bd1b8c1be.jpg,0.04333513602614403,0.40752464532852173,0.16057328879833221,0.905847430229187
9bd28a56c1.jpg,0.07036315649747849,0.4876408874988556,0.48356032371520996,0.7164959907531738
9be2b6c083.jpg,0.03895334526896477,0.6029724478721619,0.27160006761550903,0.6990537643432617
9bf556f160.jpg,0.08116541802883148,0.48206695914268494,0.6192622184753418,0.7987006306648254
9bf931ead4.jpg,0.06990978121757507,0.37048453092575073,0.3563065230846405,0.8016958236694336
9bfcbc6fe3.jpg,0.04554395005106926,0.534805953502655,0.2833138704299927,0.6539164185523987
9c0c63914a.jpg,0.03438407555222511,0.47779303789138794,0.2240559607744217,0.690026044845581
9c0e343a29.jpg,0.04781697690486908,0.4094076156616211,0.26370811462402344,0.772781252861023
9c102e25d3.jpg,0.057340722531080246,0.41501638293266296,0.35341718792915344,0.7592564225196838
9c10716ffd.jpg,0.026017606258392334,0.6455033421516418,0.1485086977481842,0.726112425327301
9c204faa1f.jpg,0.12858320772647858,0.6042566895484924,0.31735336780548096,0.58056640625
9c25e78088.jpg,0.03876207023859024,0.47707611322402954,0.2662515342235565,0.8068017363548279
9c2fed3088.jpg,0.06949534267187119,0.4402475953102112,0.4426148235797882,0.7738745212554932
9c4050f532.jpg,0.04349421709775925,0.4143455922603607,0.27400046586990356,0.7346841096878052
9c4dd0a48f.jpg,0.04243573546409607,0.6550778150558472,0.2084110975265503,0.6510334610939026
9c564000e7.jpg,0.06882449984550476,0.5699380040168762,0.2606755793094635,0.6895215511322021
9c70f10a5a.jpg,0.07486744225025177,0.3111567497253418,0.32649993896484375,0.8457348346710205
9c77707e49.jpg,0.047063469886779785,0.5616757273674011,0.2851688861846924,0.7357244491577148
9c92f8345f.jpg,0.0583159439265728,0.32961273193359375,0.2841612994670868,0.7194418907165527
9ca436a170.jpg,0.05644244700670242,0.36104732751846313,0.33434396982192993,0.8233334422111511
9caa11517e.jpg,0.055553924292325974,0.411083459854126,0.36613380908966064,0.747342050075531
9cac2116d7.jpg,0.0589115172624588,0.36252400279045105,0.35780176520347595,0.847337543964386
9cb836306d.jpg,0.08212541788816452,0.37006455659866333,0.44728848338127136,0.7897154092788696
9cbcbdcbb3.jpg,0.062173761427402496,0.49912095069885254,0.30243751406669617,0.6318715810775757
9cc0e6163f.jpg,0.05532631278038025,0.3632708489894867,0.34013471007347107,0.8221679925918579
9cc35ff83e.jpg,0.04526570439338684,0.4121468663215637,0.31162044405937195,0.7808098196983337
9cc789cfef.jpg,0.04933635890483856,0.26972413063049316,0.26789194345474243,0.8054994344711304
9ccca8eac7.jpg,0.06288296729326248,0.3729516267776489,0.30994129180908203,0.6527342200279236
9ce382c263.jpg,0.04899519309401512,0.516939640045166,0.26491108536720276,0.6390150785446167
9cef1e6708.jpg,0.07197730988264084,0.2695978581905365,0.29884231090545654,0.7845624685287476
9cf972ea28.jpg,0.03688826411962509,0.5697500705718994,0.1795409619808197,0.6917881965637207
9cfb0b75ab.jpg,0.043298184871673584,0.4487297534942627,0.2753657102584839,0.6380234360694885
9d09a34740.jpg,0.05083665996789932,0.49633023142814636,0.3880592882633209,0.7108249068260193
9d3885ad89.jpg,0.022407520562410355,0.6724010705947876,0.45824378728866577,0.6279381513595581
9d3c6b28c4.jpg,0.08921482414007187,0.30692440271377563,0.3325175344944,0.827290952205658
9d438a0bb2.jpg,0.05495394393801689,0.44313591718673706,0.2553892731666565,0.7905369997024536
9d4711f6ef.jpg,0.0390193909406662,0.43215706944465637,0.18166008591651917,0.7845265865325928
9d59515745.jpg,0.0533578097820282,0.4055115282535553,0.31591561436653137,0.6803282499313354
9d6df08287.jpg,0.03781019151210785,0.3906123638153076,0.26886990666389465,0.7235995531082153
9d74f4e539.jpg,0.03529561311006546,0.47026732563972473,0.243789404630661,0.6523866653442383
9d766ffc5c.jpg,0.038360919803380966,0.4168922007083893,0.4066086411476135,0.6161847114562988
9d7b548d1f.jpg,0.05575361102819443,0.3722047507762909,0.3089210093021393,0.8038175106048584
9d7c3c3eea.jpg,0.05483108013868332,0.4207223057746887,0.21493124961853027,0.8243921995162964
9d82fd9e98.jpg,0.04052745923399925,0.6174592971801758,0.22032174468040466,0.5979629755020142
9d92ef2ffc.jpg,0.034269243478775024,0.3573678731918335,0.2424897849559784,0.6823614835739136
9da065344d.jpg,0.03703109920024872,0.5004414319992065,0.34342122077941895,0.7330566048622131
9dad30bdf5.jpg,0.05323712155222893,0.4687862992286682,0.31292229890823364,0.7206002473831177
9dbc604a03.jpg,0.07127414643764496,0.34683334827423096,0.36213088035583496,0.7453896999359131
9dc4a07f48.jpg,0.06831401586532593,0.43000829219818115,0.27847713232040405,0.600031852722168
9dc4a40f1a.jpg,0.05217671021819115,0.4688391387462616,0.29751354455947876,0.746943473815918
9dcebd8348.jpg,0.04732117801904678,0.44847074151039124,0.32563716173171997,0.6643428206443787
9dd9044174.jpg,0.08928724378347397,0.4156615138053894,0.6868774890899658,0.8211166262626648
9dfd1f8a09.jpg,0.04396005719900131,0.5483427047729492,0.2022043764591217,0.6441167593002319
9e0a0d54b5.jpg,0.0643906444311142,0.37502533197402954,0.3970775306224823,0.6936155557632446
9e13541480.jpg,0.05193940922617912,0.2820315957069397,0.24014216661453247,0.7816413044929504
9e176db9cd.jpg,0.05624234676361084,0.3309675455093384,0.3434068262577057,0.7512988448143005
9e1842231b.jpg,0.04045688360929489,0.4876251816749573,0.34809771180152893,0.6858998537063599
9e2f4c39d2.jpg,0.04976087436079979,0.4508694112300873,0.35665789246559143,0.638137936592102
9e3b34bb13.jpg,0.03661050274968147,0.44848501682281494,0.1738756150007248,0.684195876121521
9e456ef2a7.jpg,0.09195886552333832,0.3004944920539856,0.2403889298439026,0.8475779294967651
9e4b9f428b.jpg,0.04646545648574829,0.6378581523895264,0.2226875275373459,0.5781654715538025
9e5dabe2b2.jpg,0.05554666370153427,0.288404643535614,0.34274420142173767,0.8448967337608337
9e65828ee9.jpg,0.06417489051818848,0.39116376638412476,0.37607187032699585,0.8425858020782471
9e664ae2ef.jpg,0.05223314091563225,0.4061148762702942,0.24448198080062866,0.5830211043357849
9e72cedb73.jpg,0.052150607109069824,0.47691234946250916,0.564206600189209,0.8249868750572205
9e7fcf4aaf.jpg,0.03408581018447876,0.778308629989624,0.2706353962421417,0.6239283680915833
9e81e8d2fe.jpg,0.06383224576711655,0.4368771016597748,0.22746887803077698,0.5590009689331055
9e8554fade.jpg,0.042867086827754974,0.3353520631790161,0.24517640471458435,0.7528531551361084
9e85d95d05.jpg,0.04443594068288803,0.4044190049171448,0.2738962769508362,0.7712469100952148
9ea148fcc4.jpg,0.047902755439281464,0.5493476986885071,0.3310839533805847,0.6038993000984192
9ea60e0936.jpg,0.05436506122350693,0.3386586904525757,0.26996320486068726,0.6419360637664795
9eacea8aca.jpg,0.05583394691348076,0.37804341316223145,0.3498525023460388,0.7975932359695435
9ebccc0a7d.jpg,0.05983073636889458,0.36560627818107605,0.331092894077301,0.7243964672088623
9ebcfa05af.jpg,0.068031907081604,0.6120718717575073,0.3850831389427185,0.5475808382034302
9ecf061dad.jpg,0.04325464367866516,0.36782389879226685,0.2750377058982849,0.805767297744751
9edf01ed43.jpg,0.06998194754123688,0.4635525941848755,0.3317389488220215,0.6827990412712097
9ef7c05e0f.jpg,0.058617185801267624,0.25707435607910156,0.18046267330646515,0.8671903610229492
9f0c9920f5.jpg,0.034262023866176605,0.5060260891914368,0.29727232456207275,0.6767226457595825
9f15606758.jpg,0.050596095621585846,0.45502951741218567,0.2941676080226898,0.7656890153884888
9f19e8f425.jpg,0.05853749439120293,0.4748308062553406,0.2752540707588196,0.6432385444641113
9f24f894f6.jpg,0.05943498760461807,0.44155752658843994,0.3374400734901428,0.7090588212013245
9f27c688cf.jpg,0.05659692734479904,0.42576906085014343,0.29012131690979004,0.7545545101165771
9f29c11732.jpg,0.03747168928384781,0.43600907921791077,0.2309114933013916,0.7345045208930969
9f335bade6.jpg,0.03865577280521393,0.4344058036804199,0.2462405264377594,0.6721493005752563
9f34fc3c60.jpg,0.0672205239534378,0.4179185628890991,0.3509935140609741,0.48637184500694275
9f37f0dae8.jpg,0.05829603597521782,0.2863392233848572,0.30080753564834595,0.8056961297988892
9f41d8a922.jpg,0.048049427568912506,0.4039797782897949,0.31565484404563904,0.6529157161712646
9f52b55c2b.jpg,0.059237562119960785,0.4224526286125183,0.2645774185657501,0.7703988552093506
9f52dd1c0b.jpg,0.05079026520252228,0.34630221128463745,0.27128905057907104,0.8016254305839539
9f56a6400d.jpg,0.06437751650810242,0.48072075843811035,0.2818985879421234,0.6071171760559082
9f740de87d.jpg,0.04888343811035156,0.44127315282821655,0.22652220726013184,0.6908217668533325
9f777a3144.jpg,0.07796340435743332,0.3912743926048279,0.4114754796028137,0.7762163877487183
9f80b1bc48.jpg,0.02887347713112831,0.5489023923873901,0.3364405333995819,0.6812530159950256
9f8ae5b166.jpg,0.0658615306019783,0.46995216608047485,0.33132636547088623,0.7146753072738647
9f9796d6b3.jpg,0.05660664290189743,0.30209124088287354,0.30003902316093445,0.8114968538284302
9f98b589a1.jpg,0.05755462497472763,0.3927009105682373,0.34736505150794983,0.7804942727088928
9f9c46fa6b.jpg,0.092958465218544,0.27240076661109924,0.4140152037143707,0.9007619619369507
9fb63bf849.jpg,0.03934337943792343,0.48556840419769287,0.22031038999557495,0.6476494073867798
9fbbbf4aec.jpg,0.03995927795767784,0.6095005869865417,0.20343302190303802,0.7222739458084106
9fe12f7bca.jpg,0.04945666715502739,0.5880317091941833,0.3722293972969055,0.8405054211616516
9ff0e57941.jpg,0.026471149176359177,0.5141640305519104,0.21372337639331818,0.6808032393455505
9ff990e66c.jpg,0.032916825264692307,0.5556259155273438,0.21463003754615784,0.7150795459747314
a0077f9248.jpg,0.04718605801463127,0.4529716968536377,0.20699340105056763,0.779314398765564
a01c871721.jpg,0.041255444288253784,0.5580946207046509,0.24383887648582458,0.6549153327941895
a01ee31b6c.jpg,0.04943948984146118,0.35830533504486084,0.23609229922294617,0.736911416053772
a0227b5ace.jpg,0.03158450871706009,0.37004557251930237,0.2287653535604477,0.6122820973396301
a0235aa7f0.jpg,0.05904461443424225,0.5356796979904175,0.3162970244884491,0.8244218826293945
a03dd34359.jpg,0.05424797534942627,0.6940225958824158,0.26606231927871704,0.6326491236686707
a0465f0aa6.jpg,0.04344785213470459,0.3302556276321411,0.2990643382072449,0.7286620140075684
a04e9f4231.jpg,0.033646903932094574,0.552829384803772,0.22948430478572845,0.6736470460891724
a0522f278a.jpg,0.05983931943774223,0.6005303263664246,0.33755192160606384,0.7087021470069885
a059321061.jpg,0.03647850826382637,0.5086293816566467,0.25813987851142883,0.5595991611480713
a05aa88f6d.jpg,0.04036527872085571,0.6350846886634827,0.3057127892971039,0.617891252040863
a05e1485c1.jpg,0.04195580631494522,0.36150825023651123,0.17486929893493652,0.7135156393051147
a0875579e8.jpg,0.04122335463762283,0.40119561553001404,0.32634851336479187,0.8682917356491089
a095ec94a6.jpg,0.05282510444521904,0.36661723256111145,0.2546454668045044,0.8094354271888733
a0cfc9ae82.jpg,0.04600435495376587,0.43783992528915405,0.23575064539909363,0.7444990873336792
a0d15eb976.jpg,0.051460035145282745,0.4787620007991791,0.2941427528858185,0.5832711458206177
a0d3357912.jpg,0.028064390644431114,0.5359787344932556,0.16087698936462402,0.7690236568450928
a0d4bc2b72.jpg,0.08294553309679031,0.4381692409515381,0.27539536356925964,0.6822648644447327
a0db0509a4.jpg,0.0427563451230526,0.39641815423965454,0.28907260298728943,0.5788007378578186
a0e2fcf6d8.jpg,0.05362775921821594,0.5767261385917664,0.2069202959537506,0.6460748910903931
a0ecda5d45.jpg,0.05380117893218994,0.4077840745449066,0.3324425220489502,0.7340748310089111
a0f0dee611.jpg,0.045860759913921356,0.2916628122329712,0.21453991532325745,0.8282108902931213
a0f2fad96f.jpg,0.04561322554945946,0.511739194393158,0.2992652356624603,0.7102845311164856
a1076aac63.jpg,0.036499492824077606,0.36473166942596436,0.23916751146316528,0.687027096748352
a1126aa060.jpg,0.08517657965421677,0.40891581773757935,0.29434627294540405,0.7635558843612671
a114ee8b43.jpg,0.042753588408231735,0.3421090245246887,0.21245801448822021,0.8044698238372803
a12235c7d1.jpg,0.08785802125930786,0.4614946246147156,0.5280041694641113,0.6245522499084473
a13915ca96.jpg,0.057631950825452805,0.5166778564453125,0.2780761122703552,0.6755142211914062
a13aca724a.jpg,0.0400066003203392,0.4619901180267334,0.20103633403778076,0.6395032405853271
a146cdb74b.jpg,0.03512246906757355,0.33844900131225586,0.24889957904815674,0.6940691471099854
a157f8c6e2.jpg,0.07824253290891647,0.30520033836364746,0.2708732485771179,0.6827085018157959
a15ecd5efe.jpg,0.04874943941831589,0.3653024435043335,0.2704733908176422,0.7134249806404114
a16537d464.jpg,0.04226772114634514,0.3983176648616791,0.23328280448913574,0.7274447679519653
a177641de7.jpg,0.039583005011081696,0.35792621970176697,0.31819450855255127,0.7147529125213623
a179e79a0c.jpg,0.0340987965464592,0.36242765188217163,0.19451609253883362,0.7333418130874634
a17e7e49b0.jpg,0.04284679889678955,0.3848234713077545,0.15029990673065186,0.713016152381897
a181b6250e.jpg,0.055237725377082825,0.3755015432834625,0.27250590920448303,0.6755160093307495
a1885fbac2.jpg,0.04168079048395157,0.5303186178207397,0.2891162037849426,0.6145488023757935
a18cb10e08.jpg,0.0557234100997448,0.5322260856628418,0.2389657348394394,0.6485244035720825
a18e92742a.jpg,0.03546369448304176,0.5880688428878784,0.3142867684364319,0.6376306414604187
a197fed5c3.jpg,0.041153065860271454,0.40721794962882996,0.29160743951797485,0.639894962310791
a19962fefc.jpg,0.06155138462781906,0.31608107686042786,0.359636127948761,0.7469571828842163
a19cf2cdbb.jpg,0.05191968381404877,0.5671500563621521,0.3398658335208893,0.5547828674316406
a1a84d3eda.jpg,0.07959155738353729,0.5928058624267578,0.5718569755554199,0.6647613048553467
a1c54d6c61.jpg,0.03972692787647247,0.4384998381137848,0.21229787170886993,0.5662233829498291
a1c88d3e35.jpg,0.049129024147987366,0.26512816548347473,0.25062453746795654,0.8283731937408447
a1cc606af8.jpg,0.05294471234083176,0.3423345685005188,0.3296584486961365,0.8340940475463867
a1e45dc986.jpg,0.04285532236099243,0.4264751672744751,0.2783510386943817,0.7517642378807068
a1faf9de15.jpg,0.04369811341166496,0.40438687801361084,0.2525644898414612,0.7208523750305176
a1fc123777.jpg,0.0456039234995842,0.3757798671722412,0.28800100088119507,0.7041800022125244
a20a19b515.jpg,0.0581015944480896,0.4492203891277313,0.3857696056365967,0.7387323975563049
a229109704.jpg,0.0607682466506958,0.45734018087387085,0.32581090927124023,0.6990421414375305
a2307719e1.jpg,0.03500349074602127,0.5214008092880249,0.24195054173469543,0.7583848834037781
a23e7dfef5.jpg,0.0669097900390625,0.4176514744758606,0.5923205018043518,0.7736683487892151
a25b63eadf.jpg,0.06953413784503937,0.4806244969367981,0.42361974716186523,0.6791722774505615
a25eb81721.jpg,0.052274346351623535,0.5009704828262329,0.23109008371829987,0.6705077886581421
a263521820.jpg,0.0587550513446331,0.3381856083869934,0.3556913137435913,0.7528073787689209
a2635ee772.jpg,0.07433836162090302,0.3670681416988373,0.37269774079322815,0.7503808736801147
a26b0f2735.jpg,0.05237555131316185,0.41999414563179016,0.20896287262439728,0.8269830942153931
a2711f0830.jpg,0.06331688165664673,0.2764691114425659,0.20957480370998383,0.8000448346138
a2820db109.jpg,0.06288928538560867,0.6308791041374207,0.5091429948806763,0.5339552164077759
a283654df3.jpg,0.032279953360557556,0.37833014130592346,0.26436784863471985,0.8284919857978821
a290773de7.jpg,0.04530302807688713,0.5029624104499817,0.3204450011253357,0.7862199544906616
a2bc2b83eb.jpg,0.05408773943781853,0.4309702217578888,0.2177230417728424,0.6641352772712708
a2c884fda1.jpg,0.06347104907035828,0.3651733100414276,0.2934602200984955,0.8395686149597168
a2ccf1f748.jpg,0.03142835944890976,0.6412357687950134,0.3269636332988739,0.6657466888427734
a2cfeba0e4.jpg,0.04566243290901184,0.2961544096469879,0.25305765867233276,0.6858298778533936
a301643a27.jpg,0.03501788526773453,0.3054088056087494,0.11491506546735764,0.7102658748626709
a31e04cec3.jpg,0.033195655792951584,0.60194331407547,0.24964292347431183,0.673585057258606
a32b552866.jpg,0.054223768413066864,0.41000431776046753,0.3326348066329956,0.8273836374282837
a32d4ea5ac.jpg,0.028831303119659424,0.4403684735298157,0.20761755108833313,0.767134428024292
a32e116556.jpg,0.058469027280807495,0.47511449456214905,0.3246983587741852,0.7213597297668457
a32f6b942f.jpg,0.06264403462409973,0.35246387124061584,0.4032750725746155,0.8502618074417114
a359bc69a6.jpg,0.09366647899150848,0.4898744225502014,0.6496354937553406,0.7961610555648804
a362f89cd1.jpg,0.09001560509204865,0.3579556345939636,0.3394758105278015,0.7704633474349976
a366accb3c.jpg,0.05156464874744415,0.420296311378479,0.3517211973667145,0.772222638130188
a37515911a.jpg,0.038869570940732956,0.479699045419693,0.23339726030826569,0.6120994091033936
a37b1c52f2.jpg,0.03396836295723915,0.48389193415641785,0.15194930136203766,0.7020679712295532
a38abc41c8.jpg,0.05901534482836723,0.3061601519584656,0.33680078387260437,0.7075983285903931
a3a4e42632.jpg,0.03690052032470703,0.4684671461582184,0.2853821814060211,0.7157782316207886
a3ac3b8f7e.jpg,0.04223256930708885,0.44947025179862976,0.21170498430728912,0.7027448415756226
a3b40d246d.jpg,0.03496391326189041,0.6119633316993713,0.24364984035491943,0.722507894039154
a3bc08b40b.jpg,0.046531446278095245,0.35721132159233093,0.19451770186424255,0.7486017942428589
a3d3b5d93a.jpg,0.05763665959239006,0.5071555972099304,0.2457590103149414,0.5375014543533325
a3d574e6e3.jpg,0.03224342316389084,0.556493878364563,0.2253229320049286,0.7382142543792725
a3df896182.jpg,0.06173373758792877,0.43772849440574646,0.3036652207374573,0.6749539971351624
a3e41f7a46.jpg,0.044967614114284515,0.42784252762794495,0.18142789602279663,0.6790750026702881
a3e4a4c73b.jpg,0.043327540159225464,0.3938916325569153,0.32334432005882263,0.6816372871398926
a3f8364c10.jpg,0.05939183384180069,0.6381065845489502,0.24974532425403595,0.5684002637863159
a3fba584f9.jpg,0.053454264998435974,0.4744676351547241,0.3623639941215515,0.873361349105835
a40511031a.jpg,0.04680463671684265,0.30787238478660583,0.2657756209373474,0.7873358130455017
a40db75ec2.jpg,0.0433226153254509,0.4062448740005493,0.3145196735858917,0.8372169733047485
a40ec56a84.jpg,0.05847319960594177,0.4618256092071533,0.35904380679130554,0.7208002209663391
a412f13a5b.jpg,0.04346686601638794,0.4271448850631714,0.2892962694168091,0.7631993293762207
a42d5a72ff.jpg,0.027754735201597214,0.3507881462574005,0.2494204342365265,0.7844232320785522
a4314f85dd.jpg,0.10387974977493286,0.42069798707962036,0.3785388767719269,0.8488724231719971
a43c11f6e4.jpg,0.044199299067258835,0.5285738706588745,0.27925509214401245,0.8360396027565002
a43e096ce5.jpg,0.03750269487500191,0.32692983746528625,0.22738607227802277,0.7429506182670593
a4418037c4.jpg,0.044472575187683105,0.4596162438392639,0.2549148201942444,0.7854251861572266
a448539aa0.jpg,0.06293091922998428,0.5209840536117554,0.4930593967437744,0.744761049747467
a4490bd462.jpg,0.06678000092506409,0.29494011402130127,0.32092058658599854,0.8308621048927307
a456fc158f.jpg,0.06552095711231232,0.30574578046798706,0.31647390127182007,0.824973464012146
a45c5b6869.jpg,0.05475405603647232,0.33657902479171753,0.28095126152038574,0.8605126738548279
a467ebbd05.jpg,0.07398969680070877,0.3618091642856598,0.2969745397567749,0.851199209690094
a485cebc5d.jpg,0.05831929296255112,0.39409303665161133,0.2826988697052002,0.7810919284820557
a48886307d.jpg,0.03629796952009201,0.5677639245986938,0.20693857967853546,0.5775586366653442
a4963511f4.jpg,0.05218268930912018,0.3640431761741638,0.3200787603855133,0.6944869756698608
a49bfc7f31.jpg,0.04582160338759422,0.6104806661605835,0.25911638140678406,0.684988260269165
a49df48149.jpg,0.08765655010938644,0.49372440576553345,0.5689438581466675,0.7610306739807129
a4a867e38f.jpg,0.02327778935432434,0.5093313455581665,0.3037374019622803,0.733930230140686
a4b3c66449.jpg,0.03176236152648926,0.41367414593696594,0.3034924864768982,0.6927856802940369
a4ba621177.jpg,0.046495310962200165,0.4122341275215149,0.3044619560241699,0.7659420371055603
a4ba843961.jpg,0.0741410180926323,0.42969584465026855,0.302582323551178,0.6215900182723999
a4cd276f26.jpg,0.048221297562122345,0.3885684013366699,0.3289422392845154,0.7395615577697754
a4e346e887.jpg,0.049597665667533875,0.503146767616272,0.2323625087738037,0.7007119655609131
a4e3e280d9.jpg,0.03655826300382614,0.5023803114891052,0.2414279580116272,0.7436785697937012
a4f4d25e61.jpg,0.050122566521167755,0.42782658338546753,0.27944278717041016,0.7092865705490112
a4f8537cd9.jpg,0.04658830165863037,0.3500259518623352,0.212106853723526,0.6592824459075928
a50aba1d24.jpg,0.04495639726519585,0.34325337409973145,0.2718809247016907,0.9092596173286438
a5181cd01f.jpg,0.07507538795471191,0.34633761644363403,0.3029215633869171,0.8827407360076904
a519ab666c.jpg,0.043539345264434814,0.7662675380706787,0.2107497751712799,0.5938299894332886
a51b62995b.jpg,0.06920337677001953,0.396396279335022,0.31283479928970337,0.6840750575065613
a51c7b2303.jpg,0.055525317788124084,0.4487948417663574,0.23973391950130463,0.7740163803100586
a53008cac1.jpg,0.0638522207736969,0.2782592177391052,0.22635236382484436,0.7732042074203491
a53383dc25.jpg,0.038478367030620575,0.4277723431587219,0.2738027572631836,0.6416040658950806
a53affbb0b.jpg,0.030665040016174316,0.5790643095970154,0.2412864863872528,0.6850026845932007
a542e05538.jpg,0.04207870364189148,0.4345983564853668,0.3829321265220642,0.7753323316574097
a54454c5ea.jpg,0.04249468445777893,0.46269863843917847,0.23915863037109375,0.7482773065567017
a546e53fbe.jpg,0.11563487350940704,0.49779370427131653,0.9967746734619141,0.6164286732673645
a552d6a455.jpg,0.04854334518313408,0.32328149676322937,0.2412170171737671,0.7070164680480957
a55a1a091c.jpg,0.05973434075713158,0.42975395917892456,0.3126300573348999,0.6148799657821655
a562192a23.jpg,0.05356442183256149,0.40219539403915405,0.2642666697502136,0.8307912349700928
a577c91fc1.jpg,0.025313328951597214,0.4246002435684204,0.1922079473733902,0.6873682737350464
a57c43fffc.jpg,0.05741068720817566,0.5707472562789917,0.27544260025024414,0.7383145093917847
a588de330c.jpg,0.04088117927312851,0.5231251120567322,0.29685330390930176,0.7419250011444092
a590f768fe.jpg,0.036754362285137177,0.36789917945861816,0.24141764640808105,0.7648220658302307
a595719ef9.jpg,0.07590608298778534,0.4240115284919739,0.42136648297309875,0.7312629818916321
a598e08f68.jpg,0.03751968592405319,0.5511898398399353,0.2016093134880066,0.739755392074585
a598e5aef5.jpg,0.06077105924487114,0.6670802235603333,0.19229349493980408,0.48137611150741577
a59c317767.jpg,0.04128056764602661,0.5378013849258423,0.22767847776412964,0.6438979506492615
a5a55a6605.jpg,0.06187088415026665,0.4049256145954132,0.400543749332428,0.7984322309494019
a5af8b893b.jpg,0.053123366087675095,0.4639238715171814,0.355094850063324,0.7770178318023682
a5b1cfbcfd.jpg,0.057973992079496384,0.39653176069259644,0.3217577338218689,0.6023569107055664
a5bc67adcd.jpg,0.06591232866048813,0.3056125342845917,0.3407444953918457,0.7876266241073608
a5d272747e.jpg,0.0591077022254467,0.38402533531188965,0.4116193652153015,0.7767453193664551
a5da7f96c4.jpg,0.06036246940493584,0.40294456481933594,0.23920749127864838,0.7593004703521729
a604002e2a.jpg,0.04980438947677612,0.3868092894554138,0.3141954839229584,0.8070424199104309
a617bbf356.jpg,0.029965169727802277,0.5321415066719055,0.1942482590675354,0.6881668567657471
a61beb8d14.jpg,0.06578138470649719,0.43748366832733154,0.23487305641174316,0.6331197023391724
a61d366d2d.jpg,0.05981282517313957,0.6835254430770874,0.22880715131759644,0.6670289039611816
a62e7a5101.jpg,0.055958472192287445,0.42085832357406616,0.3872385025024414,0.8298569917678833
a62ea8db0f.jpg,0.062411315739154816,0.2672523856163025,0.293074369430542,0.8390501141548157
a6323ca7f3.jpg,0.08326205611228943,0.45874059200286865,0.5467970967292786,0.6886892914772034
a632e5523e.jpg,0.04243790730834007,0.45566999912261963,0.261266827583313,0.742499589920044
a638326b1d.jpg,0.06345167756080627,0.5033903121948242,0.46771177649497986,0.7682732343673706
a63a202a57.jpg,0.043565165251493454,0.2907196879386902,0.22515249252319336,0.8224384188652039
a63a32e180.jpg,0.06110411137342453,0.31223422288894653,0.2547052800655365,0.738955020904541
a63d70c4a3.jpg,0.04301784187555313,0.45572155714035034,0.18159475922584534,0.7760907411575317
a64fb4de85.jpg,0.057751383632421494,0.3653396964073181,0.39642205834388733,0.7932090759277344
a6561cf2e0.jpg,0.054305560886859894,0.5466827154159546,0.23751387000083923,0.6050418019294739
a658eef56c.jpg,0.04727281257510185,0.4364960789680481,0.2876247465610504,0.7509999871253967
a65bfd0e43.jpg,0.04739009961485863,0.7888953685760498,0.2639619708061218,0.48564693331718445
a65e118960.jpg,0.04199753329157829,0.5166156888008118,0.23578673601150513,0.6782420873641968
a67feba233.jpg,0.05106688663363457,0.41204437613487244,0.2748038172721863,0.8449421525001526
a682ce11f5.jpg,0.045788511633872986,0.4236295819282532,0.21495875716209412,0.6831798553466797
a6838bdf94.jpg,0.060459624975919724,0.362398624420166,0.37566789984703064,0.8418790102005005
a68efb6c07.jpg,0.04158957675099373,0.53826504945755,0.2949812412261963,0.7207436561584473
a694999074.jpg,0.04540045186877251,0.6190064549446106,0.2313356101512909,0.6596523523330688
a6959d7c87.jpg,0.03403308987617493,0.5719203948974609,0.2364439070224762,0.6215789318084717
a6a316bffd.jpg,0.06612858176231384,0.30894628167152405,0.26250791549682617,0.6762168407440186
a6c9c35a31.jpg,0.053820621222257614,0.5146635174751282,0.24706003069877625,0.7736138105392456
a6cc5973c2.jpg,0.04860523343086243,0.2597147822380066,0.20647647976875305,0.8416628837585449
a6d026b823.jpg,0.027820110321044922,0.5237070322036743,0.17047949135303497,0.6387484073638916
a6df272807.jpg,0.04971504211425781,0.40337830781936646,0.3864792585372925,0.6339504718780518
a6e2dd35f8.jpg,0.06738504767417908,0.35281842947006226,0.4534664750099182,0.765745222568512
a6e519d471.jpg,0.06079518422484398,0.3814058005809784,0.35291385650634766,0.6656713485717773
a708982f02.jpg,0.04633694142103195,0.7335056066513062,0.28410908579826355,0.62923264503479
a70ea207cc.jpg,0.050519101321697235,0.5060865879058838,0.29527056217193604,0.6855815649032593
a71799de73.jpg,0.06343208253383636,0.45492222905158997,0.2825964391231537,0.7797133922576904
a71f15712f.jpg,0.05274295434355736,0.4784231185913086,0.3837854862213135,0.651701033115387
a739ea92ae.jpg,0.041663944721221924,0.36709821224212646,0.26231032609939575,0.8489289879798889
a74f4e06aa.jpg,0.06380676478147507,0.29091379046440125,0.4114367663860321,0.805489182472229
a75469e52f.jpg,0.04501502960920334,0.32165831327438354,0.24145184457302094,0.7526900768280029
a7594e87fd.jpg,0.05467019975185394,0.5092894434928894,0.28994691371917725,0.8187922835350037
a76093c3dd.jpg,0.052125006914138794,0.4028383493423462,0.30550217628479004,0.749980092048645
a760bc4309.jpg,0.06684797257184982,0.39744091033935547,0.36377012729644775,0.7038135528564453
a777303bee.jpg,0.07015829533338547,0.3357054591178894,0.4990195035934448,0.8853248953819275
a786ecfabb.jpg,0.04886242374777794,0.3558390140533447,0.2375350445508957,0.7843232750892639
a7883bc50e.jpg,0.024635881185531616,0.8449582457542419,0.26371845602989197,0.6243880987167358
a7976448c0.jpg,0.04369211196899414,0.45145973563194275,0.3050568103790283,0.7690959572792053
a798e840cc.jpg,0.032659657299518585,0.5886805653572083,0.3099968433380127,0.7485460042953491
a79f8d5a7d.jpg,0.06695689260959625,0.3351585268974304,0.34507060050964355,0.8072102069854736
a7a21f3ccd.jpg,0.034602388739585876,0.5785125494003296,0.20990191400051117,0.6951231956481934
a7a2534308.jpg,0.04535660892724991,0.5746139883995056,0.32171139121055603,0.7037049531936646
a7ae4aab24.jpg,0.0599585697054863,0.3156874179840088,0.32433784008026123,0.6843215227127075
a7b11a83ba.jpg,0.05613839626312256,0.41995131969451904,0.18225184082984924,0.8248224854469299
a7b5f480d3.jpg,0.09277597069740295,0.4404904842376709,0.42641690373420715,0.8160422444343567
a7ba1fdb8d.jpg,0.0393838956952095,0.2516236901283264,0.19970940053462982,0.7066226005554199
a7c3243254.jpg,0.035299405455589294,0.4248467981815338,0.21433833241462708,0.7738786339759827
a7c5642b9b.jpg,0.05047585815191269,0.4901283383369446,0.26196154952049255,0.6393871307373047
a7c972a651.jpg,0.024717122316360474,0.6432017683982849,0.20469564199447632,0.6463654041290283
a7e09af64a.jpg,0.06383956968784332,0.3022070527076721,0.2598172128200531,0.825882077217102
a7e86fbe21.jpg,0.0854024887084961,0.4290691614151001,0.48805373907089233,0.6926443576812744
a7fb6b9ffa.jpg,0.038282204419374466,0.5791031122207642,0.22315986454486847,0.6268801093101501
a7ffac0edb.jpg,0.039841458201408386,0.336002916097641,0.19737491011619568,0.7468852996826172
a80594f85b.jpg,0.07625482976436615,0.43406277894973755,0.3046897053718567,0.6892067790031433
a8089a9f66.jpg,0.05320891737937927,0.42035216093063354,0.2609978914260864,0.6774178743362427
a8095aa2f5.jpg,0.05546562373638153,0.30079764127731323,0.26992329955101013,0.6981344819068909
a80c7ee69a.jpg,0.034346483647823334,0.5250809192657471,0.2197342813014984,0.5807957649230957
a828255ebc.jpg,0.04161546751856804,0.43945562839508057,0.2159329056739807,0.699618935585022
a82a9c378a.jpg,0.06884968280792236,0.4625367820262909,0.3910589814186096,0.6286410093307495
a82c3afbbd.jpg,0.054181307554244995,0.45335182547569275,0.31535613536834717,0.6916159391403198
a84921e7be.jpg,0.039735376834869385,0.31273090839385986,0.21642202138900757,0.7525256872177124
a84f3fbf3f.jpg,0.04186267405748367,0.3900592625141144,0.23480713367462158,0.661773145198822
a85633910c.jpg,0.05030073970556259,0.2979040741920471,0.27571073174476624,0.74745774269104
a85a8cee92.jpg,0.07101651281118393,0.49847880005836487,0.2855667769908905,0.7353203892707825
a8686f237c.jpg,0.03755856305360794,0.413621187210083,0.21416758000850677,0.6479049921035767
a86f13ae99.jpg,0.05483156442642212,0.3825320899486542,0.24495302140712738,0.7386338710784912
a876481147.jpg,0.030289193615317345,0.42049452662467957,0.24591884016990662,0.7464920282363892
a88e5ab869.jpg,0.036694712936878204,0.49106377363204956,0.16270150244235992,0.7762106657028198
a8911b1283.jpg,0.05289195105433464,0.5353126525878906,0.25076282024383545,0.6530337333679199
a89631a70e.jpg,0.04777732491493225,0.5464394092559814,0.3473450839519501,0.6583266854286194
a89c8773ae.jpg,0.0542648546397686,0.23714196681976318,0.21701264381408691,0.8280701637268066
a8a27b4e1a.jpg,0.0430426299571991,0.5529515743255615,0.32685694098472595,0.7344527840614319
a8a4ee4f79.jpg,0.041324060410261154,0.46494072675704956,0.2717868387699127,0.7804772853851318
a8b7358e0e.jpg,0.0753675326704979,0.4537663459777832,0.23848918080329895,0.6781933307647705
a8c04e4f33.jpg,0.043572358787059784,0.6303736567497253,0.27387234568595886,0.5613877177238464
a8d022d99c.jpg,0.03020380437374115,0.49901145696640015,0.19113439321517944,0.7328545451164246
a8d3c5c2d3.jpg,0.0461476668715477,0.6542217135429382,0.23009473085403442,0.6426979899406433
a8d61b91a4.jpg,0.07065074890851974,0.5486325621604919,0.20226117968559265,0.6981993317604065
a8e351db00.jpg,0.03993145376443863,0.6285736560821533,0.235443115234375,0.5989582538604736
a8e62405d3.jpg,0.08150207996368408,0.437477171421051,0.41435569524765015,0.7640073895454407
a908f29569.jpg,0.06691020727157593,0.45958802103996277,0.3491687476634979,0.8006501793861389
a90b8ea6ed.jpg,0.11157780140638351,0.5631520748138428,0.26296842098236084,0.5737813711166382
a91402ed9b.jpg,0.04244634509086609,0.4274193048477173,0.19776931405067444,0.7331332564353943
a917afed2a.jpg,0.06857843697071075,0.37930139899253845,0.4178714156150818,0.66878342628479
a92d0cde38.jpg,0.03332017362117767,0.32630655169487,0.2141747772693634,0.742586612701416
a92eed65ce.jpg,0.03985171765089035,0.4224868416786194,0.2820773422718048,0.5888761281967163
a93e11ed37.jpg,0.08884598314762115,0.328884094953537,0.3090178072452545,0.7273082137107849
a945149eb0.jpg,0.055718377232551575,0.3579866886138916,0.32163628935813904,0.7566735744476318
a9460f4e16.jpg,0.04843015596270561,0.3669089078903198,0.2591021955013275,0.8033270239830017
a946a049f9.jpg,0.03496521711349487,0.34477609395980835,0.21412423253059387,0.6526214480400085
a9542998ad.jpg,0.07890082895755768,0.4210677444934845,0.50958251953125,0.7139047980308533
a95a086609.jpg,0.04026368260383606,0.4481123685836792,0.2367330938577652,0.7268788814544678
a962271585.jpg,0.05269072949886322,0.45947813987731934,0.36844900250434875,0.7408871650695801
a963d0573b.jpg,0.054009273648262024,0.5078133344650269,0.26473405957221985,0.6881134510040283
a965ac5835.jpg,0.07787352055311203,0.45423445105552673,0.39391759037971497,0.7237656116485596
a97237c4b1.jpg,0.04041101038455963,0.3694576323032379,0.24261972308158875,0.7324461340904236
a97e50a8d4.jpg,0.05145462602376938,0.4449504017829895,0.2990908622741699,0.7473695874214172
a98179e505.jpg,0.05333224684000015,0.33929234743118286,0.24970731139183044,0.7787196636199951
a99dbf6b17.jpg,0.05368955060839653,0.37409913539886475,0.30105191469192505,0.6205869913101196
a99f495968.jpg,0.04904627799987793,0.48815980553627014,0.23576702177524567,0.7200267910957336
a9a61131fc.jpg,0.06243469566106796,0.496548056602478,0.3887792229652405,0.732555627822876
a9a7cc1b1c.jpg,0.09987541288137436,0.4660358428955078,0.7458938956260681,0.8918156623840332
a9a881577b.jpg,0.03585311025381088,0.5759495496749878,0.18518102169036865,0.56426602602005
a9d597ca20.jpg,0.02838880382478237,0.4335436224937439,0.16846923530101776,0.7167038917541504
a9d902fc38.jpg,0.05524226278066635,0.44700807332992554,0.4216720759868622,0.7257157564163208
a9de4c4d69.jpg,0.03204543888568878,0.3953590989112854,0.245091512799263,0.7992824912071228
a9ef8c2bcd.jpg,0.049536995589733124,0.4641513228416443,0.2619398832321167,0.6491334438323975
a9efa619e0.jpg,0.04268625006079674,0.47942036390304565,0.21895241737365723,0.7785345315933228
a9faa93d67.jpg,0.04398367926478386,0.4506971538066864,0.2523125410079956,0.7609325647354126
a9fe1f88ab.jpg,0.06136607378721237,0.6789780259132385,0.2859988510608673,0.6044229865074158
a9ff892ea7.jpg,0.056291185319423676,0.29140836000442505,0.27706608176231384,0.7708327770233154
aa0485a59f.jpg,0.05870099365711212,0.4604378640651703,0.29668304324150085,0.6883800625801086
aa09a96ed1.jpg,0.04927545040845871,0.7399729490280151,0.31448572874069214,0.521833062171936
aa102a3ea1.jpg,0.0453014075756073,0.3412565290927887,0.20692817866802216,0.8705359101295471
aa108bb6da.jpg,0.04959341138601303,0.3958772122859955,0.31847184896469116,0.8408588171005249
aa238a7170.jpg,0.04864441603422165,0.4020160138607025,0.32092249393463135,0.7404580116271973
aa26ff7c15.jpg,0.05255923792719841,0.46435779333114624,0.3683586120605469,0.8154515027999878
aa2afa7cfe.jpg,0.06029675528407097,0.5628373026847839,0.30796903371810913,0.6610132455825806
aa2b315b55.jpg,0.02505168318748474,0.5475079417228699,0.24090631306171417,0.5751752257347107
aa387dcb3e.jpg,0.05285142362117767,0.48167216777801514,0.34128379821777344,0.6774461269378662
aa3f9768ff.jpg,0.04177321493625641,0.46042999625205994,0.20181336998939514,0.5926700234413147
aa44603744.jpg,0.03252173215150833,0.4284862279891968,0.17478780448436737,0.6276521682739258
aa4c6e40e5.jpg,0.03707803413271904,0.5144620537757874,0.19778229296207428,0.6893317699432373
aa64f54007.jpg,0.03461569547653198,0.34542322158813477,0.2623745799064636,0.8070545196533203
aa72b9cc61.jpg,0.03683249652385712,0.42122018337249756,0.20996606349945068,0.7257864475250244
aa778409e9.jpg,0.05160212516784668,0.44844627380371094,0.2613106966018677,0.7769187688827515
aa8e5f3af4.jpg,0.038272228091955185,0.5704050064086914,0.20345348119735718,0.7313147187232971
aa99d68834.jpg,0.04983413219451904,0.38825327157974243,0.2689257264137268,0.772501528263092
aa9acfe3e7.jpg,0.05361679196357727,0.5026599168777466,0.3059927821159363,0.7365065217018127
aaaffcb550.jpg,0.06453306972980499,0.5051141381263733,0.40191036462783813,0.6763641834259033
aab0eaf7cd.jpg,0.05652066692709923,0.3702087700366974,0.36129647493362427,0.8492664694786072
aab746580f.jpg,0.034054894000291824,0.5984330177307129,0.19371594488620758,0.5071946382522583
aabffc2182.jpg,0.07188261300325394,0.39283287525177,0.3326405882835388,0.7450786828994751
aac1f31a2d.jpg,0.04138224571943283,0.634606122970581,0.27542921900749207,0.6656689643859863
aaca9f8d52.jpg,0.06685815751552582,0.3399738669395447,0.3558793067932129,0.7448580265045166
aacc4a4e82.jpg,0.05988099426031113,0.5088070631027222,0.26045799255371094,0.697432816028595
aadee76463.jpg,0.05110815167427063,0.3769010901451111,0.3540589511394501,0.7214077711105347
aaeb9e1228.jpg,0.04023432359099388,0.5125734806060791,0.31906256079673767,0.7412476539611816
ab001a0dce.jpg,0.043659768998622894,0.4749409556388855,0.3793104588985443,0.7644460201263428
ab04be8f33.jpg,0.048761576414108276,0.5650248527526855,0.2565433382987976,0.5946046113967896
ab0917a3f9.jpg,0.036272961646318436,0.5491786003112793,0.2859900891780853,0.6822254657745361
ab0d0dfe08.jpg,0.05437270924448967,0.5282909870147705,0.3681805729866028,0.6869856119155884
ab1141671d.jpg,0.04426977038383484,0.4471062421798706,0.24118953943252563,0.5633988380432129
ab3576b164.jpg,0.057142019271850586,0.4536147117614746,0.282312273979187,0.6673214435577393
ab36e4f5d7.jpg,0.0638723075389862,0.422296941280365,0.3230060040950775,0.7106482982635498
ab4450580b.jpg,0.06377869844436646,0.6888116598129272,0.3271184265613556,0.6351103782653809
ab45414f0a.jpg,0.051383357495069504,0.3990909457206726,0.2392142415046692,0.7205522060394287
ab808be34d.jpg,0.034386277198791504,0.5645747184753418,0.28282982110977173,0.6830660104751587
ab8999b3d4.jpg,0.05190972611308098,0.3692190647125244,0.1898694634437561,0.597365140914917
abaa2d0caf.jpg,0.05765261501073837,0.4761545658111572,0.17891676723957062,0.5996869802474976
abaf585ce0.jpg,0.058122336864471436,0.3970175087451935,0.2936762571334839,0.822038471698761
abb7c92cd2.jpg,0.052984874695539474,0.4598811864852905,0.2730250954627991,0.7729085683822632
abc2244ad0.jpg,0.0659828633069992,0.4608188271522522,0.47693371772766113,0.6467962265014648
abc26dd865.jpg,0.07610001415014267,0.3959069550037384,0.44282031059265137,0.678923487663269
abc76b33c5.jpg,0.03933085501194,0.5333012938499451,0.26637667417526245,0.7083817720413208
abd58494e7.jpg,0.05729860067367554,0.3589684069156647,0.2992952764034271,0.7742263674736023
abe159882d.jpg,0.055783383548259735,0.30691346526145935,0.24778828024864197,0.6070473790168762
abe813f1cb.jpg,0.06045589968562126,0.26521188020706177,0.26300564408302307,0.823442816734314
abeca4498a.jpg,0.037950001657009125,0.5546435713768005,0.31811267137527466,0.6658151149749756
abee44db3e.jpg,0.045498721301555634,0.6302053928375244,0.28334689140319824,0.636111855506897
abfbbbd0ca.jpg,0.04131702333688736,0.40713050961494446,0.22934111952781677,0.7743426561355591
ac049a3c0d.jpg,0.03794404864311218,0.4542039632797241,0.18053360283374786,0.7945943474769592
ac22f8134b.jpg,0.06166338920593262,0.7872056365013123,0.3640837073326111,0.44937804341316223
ac36bd24bb.jpg,0.09912335127592087,0.5457987189292908,0.48152655363082886,0.7157196402549744
ac50e0ca26.jpg,0.04435203969478607,0.42361879348754883,0.3397063910961151,0.8209855556488037
ac5181086c.jpg,0.0390816330909729,0.4878785312175751,0.2832294702529907,0.7885953187942505
ac5b1ab8f0.jpg,0.06216439604759216,0.41797682642936707,0.3906162977218628,0.7427152991294861
ac5d1dd7a1.jpg,0.03403962031006813,0.7994716167449951,0.20276474952697754,0.6123093366622925
ac91124a63.jpg,0.04788489267230034,0.4883103370666504,0.2837066054344177,0.7143983840942383
ac91ac81c3.jpg,0.06949594616889954,0.47560957074165344,0.3808746635913849,0.7167482376098633
ac932a461b.jpg,0.04901038855314255,0.32191237807273865,0.3068939447402954,0.739495038986206
ac9afdb0a8.jpg,0.0557490810751915,0.5266013145446777,0.3470366895198822,0.7364999651908875
ac9c8211cb.jpg,0.05510660260915756,0.4825909435749054,0.40117087960243225,0.7161636352539062
aca32eb466.jpg,0.0779428482055664,0.29556626081466675,0.344878226518631,0.7156893014907837
aca45f78be.jpg,0.047873593866825104,0.35359102487564087,0.32746773958206177,0.728950023651123
acab996be8.jpg,0.059711288660764694,0.34432995319366455,0.3903586268424988,0.8588725328445435
acae006873.jpg,0.05593759939074516,0.43991199135780334,0.19869783520698547,0.7154014706611633
acaf4ef81e.jpg,0.05628853291273117,0.38208460807800293,0.23694291710853577,0.8058471083641052
acbede97b1.jpg,0.04706720635294914,0.3201782703399658,0.20009875297546387,0.815585732460022
acc787b868.jpg,0.04523138329386711,0.4041655957698822,0.24018144607543945,0.6407028436660767
acc8b354fc.jpg,0.04901789873838425,0.4357980191707611,0.2392387092113495,0.7717876434326172
acccbeb5a3.jpg,0.07248076796531677,0.3549770414829254,0.36800169944763184,0.774203896522522
accfade258.jpg,0.040919557213783264,0.5871047377586365,0.18088418245315552,0.6483175754547119
acda36155d.jpg,0.025207962840795517,0.41102221608161926,0.20864132046699524,0.6587536334991455
ace63e2d37.jpg,0.048117898404598236,0.30154603719711304,0.20322412252426147,0.7672761678695679
acf0aeda10.jpg,0.029628848657011986,0.37831953167915344,0.1938355416059494,0.8007240295410156
acf43bbda9.jpg,0.05087665840983391,0.39373522996902466,0.2548905611038208,0.7411035299301147
ad08c8c439.jpg,0.05495809018611908,0.3701968789100647,0.2999369204044342,0.7049518823623657
ad122b9a0c.jpg,0.05639444291591644,0.3652915954589844,0.19765545427799225,0.761600136756897
ad1819b0e6.jpg,0.062167078256607056,0.43438613414764404,0.41812634468078613,0.7208802700042725
ad1a8669c9.jpg,0.07841111719608307,0.44526615738868713,0.4402136504650116,0.6409815549850464
ad24506f8b.jpg,0.0387188121676445,0.516839861869812,0.2758924067020416,0.7039633989334106
ad31237f7b.jpg,0.06259729713201523,0.33479565382003784,0.20533299446105957,0.7671718001365662
ad3d8eb941.jpg,0.03664056211709976,0.717960774898529,0.17964023351669312,0.6101048588752747
ad4208f91f.jpg,0.05747658759355545,0.46289679408073425,0.23785115778446198,0.6793853044509888
ad5065585a.jpg,0.05918704718351364,0.3488050103187561,0.20364391803741455,0.7959222197532654
ad5385ebb1.jpg,0.05775103718042374,0.5106619000434875,0.28074461221694946,0.6356894373893738
ad5c6dd37f.jpg,0.03646610677242279,0.5090897083282471,0.25186705589294434,0.7304461598396301
ad673d759f.jpg,0.03450007364153862,0.5359886288642883,0.24866077303886414,0.6895794868469238
ad67e71b94.jpg,0.05564439296722412,0.38852834701538086,0.27742403745651245,0.6413308382034302
ad7d5b8945.jpg,0.07656007260084152,0.29145580530166626,0.3632974922657013,0.8154447674751282
ad8139d30e.jpg,0.048966847360134125,0.46029382944107056,0.1806062012910843,0.6882506608963013
ad8f6db4da.jpg,0.05039634928107262,0.2960740327835083,0.2891148328781128,0.910953164100647
ad8fca5a81.jpg,0.05320466682314873,0.33244091272354126,0.27453431487083435,0.6874328851699829
ad95d06611.jpg,0.04197079688310623,0.4035017788410187,0.2537239193916321,0.8659462928771973
ada37edd54.jpg,0.09870356321334839,0.5339231491088867,0.6978573799133301,0.7215042114257812
ada576bcf5.jpg,0.07826735079288483,0.41026967763900757,0.4675716161727905,0.6771208047866821
ada64f6f98.jpg,0.05678599327802658,0.4552655816078186,0.2621343731880188,0.5690414905548096
adb5589a4a.jpg,0.03504910320043564,0.4709259569644928,0.395135760307312,0.7296781539916992
adbb6706f4.jpg,0.0569319948554039,0.4009384512901306,0.2779107391834259,0.718056321144104
adc015d394.jpg,0.07182104885578156,0.3215521275997162,0.37233293056488037,0.7045766115188599
adc7df4c09.jpg,0.06766026467084885,0.3727099299430847,0.20401053130626678,0.6961724758148193
adc8bca42b.jpg,0.05224398896098137,0.335247278213501,0.21393486857414246,0.8451499938964844
add673f629.jpg,0.06395770609378815,0.33808934688568115,0.2830008864402771,0.8143795728683472
addb9e11be.jpg,0.06957568973302841,0.2731056213378906,0.32669687271118164,0.8283738493919373
addf00ca3f.jpg,0.06354673951864243,0.3832796514034271,0.3760932683944702,0.7795073390007019
ade0f46a3f.jpg,0.05198904126882553,0.2990497052669525,0.20937694609165192,0.6264547109603882
adee0e7444.jpg,0.048348329961299896,0.35739290714263916,0.36913836002349854,0.811699390411377
adf0ac7938.jpg,0.06639762222766876,0.3954913318157196,0.42304712533950806,0.7828270196914673
adf316819b.jpg,0.05498049780726433,0.5218985080718994,0.5517864227294922,0.7273502349853516
adf3ad1301.jpg,0.045108094811439514,0.31194883584976196,0.2681993842124939,0.8262330293655396
ae073bf16d.jpg,0.037233032286167145,0.6192610859870911,0.22721894085407257,0.6499567031860352
ae15831d3a.jpg,0.06676899641752243,0.43165451288223267,0.3842869699001312,0.7419533729553223
ae16d6d012.jpg,0.061148881912231445,0.4351901412010193,0.40656208992004395,0.754562497138977
ae1951459d.jpg,0.06613333523273468,0.4038604497909546,0.41069966554641724,0.7666581273078918
ae1ee21b01.jpg,0.06668730825185776,0.4079142212867737,0.4680328369140625,0.6696285009384155
ae2923b68c.jpg,0.07157178223133087,0.4303296208381653,0.4186229705810547,0.7486680746078491
ae2c1ea2d6.jpg,0.05017133057117462,0.3685987591743469,0.2829189896583557,0.7853225469589233
ae32973f1b.jpg,0.04355350136756897,0.576339602470398,0.3005552589893341,0.6327724456787109
ae33f34419.jpg,0.05445479974150658,0.3944893181324005,0.3697853088378906,0.7565178871154785
ae3bb4751d.jpg,0.10451032966375351,0.3656296133995056,0.4365130066871643,0.6460493206977844
ae48a41403.jpg,0.05824095010757446,0.43453142046928406,0.3811226189136505,0.675285816192627
ae56d20cb9.jpg,0.06191253289580345,0.4200620651245117,0.2691785395145416,0.6839327812194824
ae5ac0bf8a.jpg,0.034280963242053986,0.6149782538414001,0.28301453590393066,0.5626024603843689
ae667757b8.jpg,0.03334418684244156,0.39252838492393494,0.2514556348323822,0.7472717761993408
ae7f0cf2c7.jpg,0.04846770688891411,0.36031574010849,0.2652764916419983,0.7322797179222107
ae91238c7d.jpg,0.06964468955993652,0.2705649137496948,0.375532865524292,0.8358461260795593
ae97673634.jpg,0.029215550050139427,0.6379333138465881,0.2759431004524231,0.662351131439209
aea3c83ebe.jpg,0.05704239010810852,0.34957432746887207,0.2840339243412018,0.6993458867073059
aea4a60c4e.jpg,0.07122186571359634,0.40603119134902954,0.35422447323799133,0.6201035976409912
aea6b06ea6.jpg,0.046193819493055344,0.30924558639526367,0.21767890453338623,0.6189799308776855
aed2032c56.jpg,0.02725968323647976,0.6499637365341187,0.24173381924629211,0.5514223575592041
aedf554224.jpg,0.03644959628582001,0.3344523310661316,0.2839338779449463,0.7884398698806763
aee36ebffb.jpg,0.09029524773359299,0.42851167917251587,0.37765371799468994,0.7508125901222229
aeff6a1ad9.jpg,0.07006116956472397,0.40820804238319397,0.4256196618080139,0.6826103329658508
af2075bcf5.jpg,0.05343284457921982,0.3071371912956238,0.2572912871837616,0.8802557587623596
af24d79cda.jpg,0.04182606190443039,0.5000792741775513,0.23313431441783905,0.6524060964584351
af2acf5f58.jpg,0.037124790251255035,0.6312495470046997,0.22731313109397888,0.598970890045166
af4232e4ad.jpg,0.05090515315532684,0.3405238389968872,0.23587605357170105,0.8243482708930969
af4456d9ce.jpg,0.048668742179870605,0.34422099590301514,0.26133689284324646,0.5802136063575745
af51aca135.jpg,0.03008967638015747,0.5910962820053101,0.19576901197433472,0.5306309461593628
af5f718ec0.jpg,0.059198155999183655,0.3858773708343506,0.34392374753952026,0.7120482325553894
af672cd7de.jpg,0.06606380641460419,0.33260220289230347,0.3812401294708252,0.8422434329986572
af6af0e073.jpg,0.05589738488197327,0.27218589186668396,0.38981640338897705,0.8561611771583557
af87640174.jpg,0.05358181893825531,0.455045223236084,0.28305989503860474,0.740732729434967
af890fdb8b.jpg,0.06094208359718323,0.529402494430542,0.39733073115348816,0.6393926739692688
af899de250.jpg,0.03103935718536377,0.5494222044944763,0.22966985404491425,0.6311211585998535
af8b38d918.jpg,0.05006236955523491,0.31867122650146484,0.24635137617588043,0.7932935953140259
af97db63a5.jpg,0.07542861998081207,0.4287157952785492,0.5905802845954895,0.7934656143188477
af98779f2f.jpg,0.04753383994102478,0.3982178270816803,0.278136283159256,0.7738243341445923
af9f206c68.jpg,0.030911356210708618,0.5582250356674194,0.2806972563266754,0.796122133731842
afa167a1a5.jpg,0.06727855652570724,0.2549324631690979,0.2700493335723877,0.8171566128730774
afa1a71c3d.jpg,0.05294053256511688,0.5219447612762451,0.2721198499202728,0.6523101329803467
afa576e383.jpg,0.08362333476543427,0.46065813302993774,0.6734187602996826,0.7998626232147217
afabae968b.jpg,0.04023752361536026,0.5122894644737244,0.22395169734954834,0.7206329107284546
afaf808be0.jpg,0.04428888112306595,0.5278798937797546,0.20426812767982483,0.7678511142730713
afb21c0a01.jpg,0.06341415643692017,0.4619477391242981,0.4030262231826782,0.8254601955413818
afb5f05573.jpg,0.06153026223182678,0.3293546438217163,0.4236709773540497,0.7105276584625244
afb5fd0067.jpg,0.02816713973879814,0.513861358165741,0.21900224685668945,0.6542754173278809
afd6a4c506.jpg,0.05480680987238884,0.5506964921951294,0.2803459167480469,0.6348156332969666
afe09342a4.jpg,0.09501763433218002,0.3564683794975281,0.534597635269165,0.7977408170700073
afec9d2ce5.jpg,0.041647106409072876,0.5850232243537903,0.3094189167022705,0.5796425938606262
afee15fa99.jpg,0.042121075093746185,0.4295922815799713,0.21096272766590118,0.7460390329360962
aff47b8492.jpg,0.031129201874136925,0.456610769033432,0.24356427788734436,0.7433196306228638
aff8f6d136.jpg,0.049757178872823715,0.277591347694397,0.17736823856830597,0.8548937439918518
b003895ce9.jpg,0.04608277976512909,0.3021320104598999,0.3428715467453003,0.7908806204795837
b01acadfd9.jpg,0.04490184038877487,0.34615540504455566,0.1619589626789093,0.6847919225692749
b0238fb4d6.jpg,0.04767083749175072,0.4549160599708557,0.25935158133506775,0.7795329093933105
b023dae26b.jpg,0.07035477459430695,0.4518778920173645,0.5575757026672363,0.8062161207199097
b02697eec9.jpg,0.04865380376577377,0.507113516330719,0.34776753187179565,0.7817527055740356
b027a80904.jpg,0.03783722594380379,0.4868403673171997,0.2623247504234314,0.7265790104866028
b028f604ed.jpg,0.05408576875925064,0.37869754433631897,0.360446035861969,0.8286593556404114
b03262df8a.jpg,0.03979560732841492,0.42061805725097656,0.2822868824005127,0.799822211265564
b03646ab9d.jpg,0.0462101548910141,0.25401315093040466,0.20555545389652252,0.717681884765625
b036b0bd6e.jpg,0.03636251389980316,0.551933765411377,0.2415551245212555,0.7304331660270691
b043e97f3c.jpg,0.03948428854346275,0.28284311294555664,0.26286745071411133,0.8835626244544983
b048d6b4a6.jpg,0.039365511387586594,0.4388192296028137,0.19240033626556396,0.6763486862182617
b04af1a7a5.jpg,0.053080301731824875,0.32523176074028015,0.25858017802238464,0.7627843618392944
b04b5604c4.jpg,0.051639195531606674,0.28310614824295044,0.3405083119869232,0.7633323669433594
b05f08496f.jpg,0.07378234714269638,0.47461941838264465,0.3847058415412903,0.7699363231658936
b069343f1c.jpg,0.03464855998754501,0.4901277422904968,0.3779587745666504,0.7974047064781189
b06a3053e1.jpg,0.05147724598646164,0.4541863799095154,0.2941999137401581,0.7224698662757874
b07115bda9.jpg,0.04368932172656059,0.32934027910232544,0.23339234292507172,0.7728877067565918
b0771d4c61.jpg,0.047551728785037994,0.6337500810623169,0.2786056697368622,0.687917947769165
b07a462689.jpg,0.06790253520011902,0.532859206199646,0.3910886347293854,0.5765416622161865
b08e49c7b8.jpg,0.0695284828543663,0.4329565167427063,0.3800662159919739,0.77155601978302
b09cf0dffc.jpg,0.04730023443698883,0.4002101421356201,0.25840604305267334,0.7394663095474243
b0a4fcb39d.jpg,0.08243562281131744,0.40575599670410156,0.4952397048473358,0.6905567646026611
b0b01c67cb.jpg,0.04977656155824661,0.4873565137386322,0.2931092381477356,0.6956251859664917
b0bc5786a5.jpg,0.04692775756120682,0.3598511517047882,0.21304252743721008,0.5963876247406006
b0c59def26.jpg,0.07617995142936707,0.6661311984062195,0.32223761081695557,0.7009786367416382
b0c99529c9.jpg,0.04798080772161484,0.6354262828826904,0.255506306886673,0.5951183438301086
b0ccf80417.jpg,0.04600140452384949,0.33252525329589844,0.22644858062267303,0.6345698237419128
b0dc34e8e6.jpg,0.03704565763473511,0.5099211931228638,0.2340957522392273,0.7184286117553711
b0e936e41b.jpg,0.06177771836519241,0.44220584630966187,0.42094072699546814,0.7635458111763
b0f66caebb.jpg,0.03586167097091675,0.5496309995651245,0.25496718287467957,0.6865558624267578
b10839181d.jpg,0.05498546361923218,0.38522452116012573,0.2927127778530121,0.7581071853637695
b10dabf94e.jpg,0.03573533147573471,0.40757471323013306,0.19196493923664093,0.7920831441879272
b112237bbf.jpg,0.06523202359676361,0.4478100538253784,0.3203199505805969,0.737031102180481
b11afb309d.jpg,0.03493674844503403,0.5936405062675476,0.21588072180747986,0.5512018203735352
b128c9759f.jpg,0.09620102494955063,0.35325348377227783,0.3685729205608368,0.6740354895591736
b12bf44d38.jpg,0.03904714435338974,0.40887728333473206,0.20050227642059326,0.5786541700363159
b12d6de1d9.jpg,0.04705697298049927,0.4131543040275574,0.32071396708488464,0.5756604671478271
b13aecdf79.jpg,0.0539458692073822,0.4418995678424835,0.31775492429733276,0.726881206035614
b140da8120.jpg,0.05056002736091614,0.560684859752655,0.28570181131362915,0.5742405652999878
b150248c5b.jpg,0.07338028401136398,0.2862131595611572,0.29053160548210144,0.7143988609313965
b1512c76c7.jpg,0.039846766740083694,0.5272154808044434,0.24812649190425873,0.7357898950576782
b15cbb80b4.jpg,0.06110488623380661,0.405450701713562,0.29427653551101685,0.8149925470352173
b161a5d3cb.jpg,0.06266500800848007,0.3565106987953186,0.3868366777896881,0.8475654721260071
b164b7525c.jpg,0.05718985199928284,0.5048866868019104,0.4260011613368988,0.7736302018165588
b1654bdb7e.jpg,0.06679028272628784,0.3906262516975403,0.5427612662315369,0.7605215311050415
b16bafe652.jpg,0.04565177112817764,0.39341500401496887,0.2713533341884613,0.8026339411735535
b16dcdc688.jpg,0.0933045744895935,0.4531414806842804,0.5120140910148621,0.7670875787734985
b16e9f4263.jpg,0.06216837093234062,0.4630994498729706,0.3684423863887787,0.7355700731277466
b17c40b1ea.jpg,0.03649584949016571,0.4128386974334717,0.19181346893310547,0.7103089094161987
b181897b98.jpg,0.06245154142379761,0.3799054026603699,0.3256525993347168,0.8242632150650024
b18beb6d72.jpg,0.03979570046067238,0.5606332421302795,0.24510177969932556,0.7646865248680115
b1e3ea9ca5.jpg,0.05110412836074829,0.3955622613430023,0.2913276255130768,0.798581063747406
b1eb87490e.jpg,0.03336197882890701,0.5783013105392456,0.2950829267501831,0.6976116299629211
b20d1d38d7.jpg,0.03719981014728546,0.3317802846431732,0.25161492824554443,0.7991325855255127
b21a369bbd.jpg,0.03029324673116207,0.7039446830749512,0.25588884949684143,0.5716794729232788
b21c4fc9bd.jpg,0.05506818741559982,0.2928318977355957,0.2290285974740982,0.8580989241600037
b220f59b09.jpg,0.042846065014600754,0.7440061569213867,0.2725096046924591,0.47234880924224854
b23933adf6.jpg,0.03585761412978172,0.624498724937439,0.32848525047302246,0.6588284373283386
b23ae1573f.jpg,0.03391452878713608,0.6991914510726929,0.337308794260025,0.6874845027923584
b2400fe0a5.jpg,0.059879034757614136,0.49342450499534607,0.2469378411769867,0.6358084082603455
b242ae6db1.jpg,0.0470508337020874,0.4363599419593811,0.28473442792892456,0.6941400170326233
b2442c013f.jpg,0.07174165546894073,0.46933072805404663,0.40234270691871643,0.8149363994598389
b244d049e3.jpg,0.04624078422784805,0.4137171804904938,0.42137661576271057,0.6835266351699829
b245d8b8ff.jpg,0.023209165781736374,0.4928056001663208,0.22851243615150452,0.6891188621520996
b2633e0b11.jpg,0.048846613615751266,0.25860917568206787,0.2438635528087616,0.8509421944618225
b263b335f4.jpg,0.0473560206592083,0.5493264198303223,0.2710855007171631,0.7155853509902954
b265520a3d.jpg,0.057412903755903244,0.3906400501728058,0.43835675716400146,0.7394438982009888
b275f883d7.jpg,0.057643067091703415,0.29839348793029785,0.22258618474006653,0.8248887062072754
b27811638c.jpg,0.05430915579199791,0.4594941735267639,0.253406286239624,0.7012338638305664
b2883a87cb.jpg,0.045581139624118805,0.4643922746181488,0.31671181321144104,0.7913905382156372
b288896b0a.jpg,0.027953876182436943,0.49668970704078674,0.3301655650138855,0.7367002367973328
b29034b730.jpg,0.030469467863440514,0.40735572576522827,0.20528218150138855,0.7378418445587158
b29d413ab1.jpg,0.02984025701880455,0.33167585730552673,0.19467712938785553,0.7928857803344727
b2a7070656.jpg,0.037365492433309555,0.479824960231781,0.1922692060470581,0.6217809915542603
b2a9652a6f.jpg,0.04999607428908348,0.5717325210571289,0.29492032527923584,0.6500799655914307
b2abb2ae39.jpg,0.03856142237782478,0.44365811347961426,0.2517862617969513,0.7736404538154602
b2bb2119a9.jpg,0.06939062476158142,0.4228169322013855,0.3002592623233795,0.6812587976455688
b2cb0fe346.jpg,0.052120305597782135,0.3437798321247101,0.2590181231498718,0.8070745468139648
b2cbeec8f9.jpg,0.08661703765392303,0.43434014916419983,0.3049983084201813,0.7770122289657593
b2cbf1cf7a.jpg,0.04695428907871246,0.3951653838157654,0.25884613394737244,0.6337559223175049
b2de093e02.jpg,0.05742741748690605,0.4211471676826477,0.26365214586257935,0.8266206979751587
b2e2ffcd0a.jpg,0.03959450125694275,0.4155922532081604,0.23768360912799835,0.5784271359443665
b2ee6d8bc5.jpg,0.05149633809924126,0.4546891152858734,0.3203718066215515,0.6782104969024658
b2f7fa511e.jpg,0.10904675722122192,0.4494376480579376,0.6561436653137207,0.7784808874130249
b2fd16828f.jpg,0.04055962711572647,0.48278701305389404,0.3775104284286499,0.7595705986022949
b2fe82b23e.jpg,0.03773932531476021,0.40371066331863403,0.2035289704799652,0.7469636797904968
b30876c470.jpg,0.04576682299375534,0.6290514469146729,0.19998618960380554,0.6653143763542175
b31c7ff3e0.jpg,0.07991157472133636,0.37328916788101196,0.3222340941429138,0.7402005195617676
b326ea0088.jpg,0.044881418347358704,0.2629286050796509,0.2444261610507965,0.8607292771339417
b34c11aa77.jpg,0.0494864284992218,0.3849790096282959,0.2904626429080963,0.732393741607666
b3544a41dd.jpg,0.03687740117311478,0.518146276473999,0.3287490904331207,0.724124550819397
b398a41374.jpg,0.05405702441930771,0.35999536514282227,0.3047001361846924,0.7763909697532654
b39ad63238.jpg,0.037145305424928665,0.491089403629303,0.2746173143386841,0.7764151692390442
b3a246218c.jpg,0.050167761743068695,0.41290178894996643,0.28117144107818604,0.7215378284454346
b3ad362dc3.jpg,0.08740439265966415,0.4733540415763855,0.5857278108596802,0.7707101106643677
b3bfca1f8b.jpg,0.04758114367723465,0.3738178014755249,0.27282893657684326,0.8533593416213989
b3c28798bd.jpg,0.046921223402023315,0.2663198709487915,0.27890831232070923,0.8150124549865723
b3c422ffa6.jpg,0.034718405455350876,0.4926193058490753,0.2718127369880676,0.5921342372894287
b3cc0df141.jpg,0.06968344748020172,0.4817752540111542,0.3760533332824707,0.7610117793083191
b3d3d9921d.jpg,0.0534316822886467,0.35710254311561584,0.2897578179836273,0.7460665106773376
b3d83e557e.jpg,0.06228944659233093,0.5020689368247986,0.29523634910583496,0.6571834087371826
b3daba3e38.jpg,0.03850177675485611,0.364375501871109,0.2790416181087494,0.8293821215629578
b3db7e6aae.jpg,0.04524899646639824,0.3322008550167084,0.23052798211574554,0.6657083630561829
b3e5c31249.jpg,0.047358572483062744,0.3163968324661255,0.2360529750585556,0.8523834943771362
b3e9f5d03a.jpg,0.027953624725341797,0.5191088318824768,0.18463733792304993,0.689038097858429
b3efa6f13f.jpg,0.06571482867002487,0.2872350811958313,0.3611239194869995,0.7870324850082397
b404fb513f.jpg,0.03695492446422577,0.4427739977836609,0.2369169443845749,0.6519049406051636
b4166bd020.jpg,0.03545926511287689,0.5342844128608704,0.3094616234302521,0.6666363477706909
b41d24db10.jpg,0.029977690428495407,0.6039084196090698,0.2539364993572235,0.6416910886764526
b4217286ca.jpg,0.06505134701728821,0.4659930467605591,0.42860808968544006,0.6411348581314087
b43d7dcae4.jpg,0.0317135825753212,0.4669470191001892,0.2874259948730469,0.7638495564460754
b44289846b.jpg,0.0769488513469696,0.4970695376396179,0.4806261360645294,0.7991496324539185
b443916aa7.jpg,0.05096740648150444,0.30989280343055725,0.20628739893436432,0.9100049734115601
b46106fd89.jpg,0.051765166223049164,0.4124779999256134,0.21914809942245483,0.7451111078262329
b461cd6b95.jpg,0.046268314123153687,0.5134307146072388,0.1425826996564865,0.6276599168777466
b463392033.jpg,0.05716592073440552,0.569328248500824,0.3083284795284271,0.6345243453979492
b469541ab9.jpg,0.04579278081655502,0.5556808710098267,0.29167598485946655,0.8464850187301636
b475f64439.jpg,0.04530632123351097,0.3967384994029999,0.28021395206451416,0.7954579591751099
b47834dd52.jpg,0.057177551090717316,0.3228355050086975,0.33015576004981995,0.7759753465652466
b47b2f88c3.jpg,0.038033269345760345,0.40446117520332336,0.2325591742992401,0.7184558510780334
b482bd55c5.jpg,0.04770965501666069,0.3703591525554657,0.2760954797267914,0.7681588530540466
b489bdec64.jpg,0.04113634675741196,0.4372270107269287,0.24854162335395813,0.6855336427688599
b492a7d919.jpg,0.04763814061880112,0.4052485525608063,0.21567915380001068,0.6869720816612244
b4a1b33eae.jpg,0.05997198075056076,0.36648330092430115,0.23512113094329834,0.7627580165863037
b4ba4bd4b0.jpg,0.0714835375547409,0.43042904138565063,0.25461724400520325,0.5719443559646606
b4c752721a.jpg,0.046819355338811874,0.4368557631969452,0.2811398208141327,0.7499617338180542
b4c7f33b35.jpg,0.027569472789764404,0.43834927678108215,0.20738378167152405,0.6297844648361206
b4c8e36705.jpg,0.04809809848666191,0.4556431472301483,0.3216080069541931,0.839533805847168
b4cc9f5870.jpg,0.04478157311677933,0.4165160059928894,0.2364700734615326,0.7658271789550781
b4d64206dd.jpg,0.04915531724691391,0.4013929069042206,0.3118876516819,0.8217920660972595
b4ef669e4d.jpg,0.07517341524362564,0.3898453712463379,0.2748003304004669,0.8136616349220276
b4f2211991.jpg,0.032460011541843414,0.5604003667831421,0.24148863554000854,0.5862714052200317
b4f9b0e86b.jpg,0.04003029316663742,0.5655431151390076,0.22719170153141022,0.746131420135498
b5237c39a7.jpg,0.07484140992164612,0.3790348470211029,0.35778045654296875,0.8575705289840698
b5268447c0.jpg,0.03974836692214012,0.4530499577522278,0.31856244802474976,0.6608138084411621
b544e584f6.jpg,0.05150650069117546,0.37485092878341675,0.3059338927268982,0.8394585847854614
b54c9ff9f0.jpg,0.08135168999433517,0.5121577978134155,0.3251160979270935,0.43597954511642456
b54ecfe1d1.jpg,0.055711399763822556,0.41857272386550903,0.2792821228504181,0.6998038291931152
b55174c53d.jpg,0.040774449706077576,0.40820538997650146,0.3753395974636078,0.7541788816452026
b553a553a4.jpg,0.03689637780189514,0.40197503566741943,0.2658616900444031,0.7176544666290283
b56100a754.jpg,0.0881553590297699,0.41184669733047485,0.45084071159362793,0.8024020791053772
b56f780872.jpg,0.05860033258795738,0.4859691262245178,0.3125647008419037,0.7662195563316345
b571fc78d5.jpg,0.04976925253868103,0.4285941421985626,0.26667124032974243,0.7992522716522217
b58bdc0c7f.jpg,0.0728154331445694,0.3587462306022644,0.377268522977829,0.7253851294517517
b597d0c58b.jpg,0.04375877231359482,0.348469078540802,0.24950890243053436,0.7583870887756348
b5a144143b.jpg,0.052326470613479614,0.3745782971382141,0.2633768320083618,0.6139380931854248
b5ae36d4c7.jpg,0.049583550542593,0.39245539903640747,0.285958856344223,0.858544111251831
b5b93e7f12.jpg,0.05379915237426758,0.6087660789489746,0.37510985136032104,0.6391267776489258
b5bd2caebc.jpg,0.05018189549446106,0.5974193811416626,0.36356836557388306,0.7622701525688171
b5bdb76769.jpg,0.0514039471745491,0.463128000497818,0.27571752667427063,0.7398098111152649
b5d3195dc8.jpg,0.0527670793235302,0.4019232392311096,0.23317193984985352,0.7535725235939026
b5d87c828d.jpg,0.050013139843940735,0.35228273272514343,0.27524352073669434,0.8601222038269043
b5d90eb11d.jpg,0.057955048978328705,0.2997892498970032,0.2164275348186493,0.6768945455551147
b5d995b5d8.jpg,0.06687742471694946,0.30258646607398987,0.3378404974937439,0.7837833166122437
b5f2c61061.jpg,0.05580654740333557,0.3936014175415039,0.2906215488910675,0.7791714668273926
b60488d40f.jpg,0.04435151815414429,0.44414669275283813,0.26552096009254456,0.6025172472000122
b60f74cca9.jpg,0.05001214146614075,0.2947157621383667,0.3021644353866577,0.8450021743774414
b60fa62c00.jpg,0.0671490803360939,0.39592933654785156,0.29163599014282227,0.7477620244026184
b612a7c29e.jpg,0.05983687564730644,0.3864399492740631,0.41404515504837036,0.7731622457504272
b612ea84b8.jpg,0.048467427492141724,0.446051687002182,0.2502928078174591,0.6962209939956665
b61461c172.jpg,0.0649678111076355,0.6313838362693787,0.4836503863334656,0.6723561882972717
b61731a239.jpg,0.04222831130027771,0.37795406579971313,0.3119731545448303,0.8137062191963196
b61b89590d.jpg,0.05836176872253418,0.2809121608734131,0.33460602164268494,0.6976451873779297
b61e2b3b0d.jpg,0.05346771329641342,0.39139729738235474,0.1855950504541397,0.6730905175209045
b62b0c6d0c.jpg,0.03912420570850372,0.5470730662345886,0.33026012778282166,0.7360204458236694
b62f2cfc5d.jpg,0.06755658239126205,0.3401719927787781,0.3023553192615509,0.7465276122093201
b631fa3f71.jpg,0.04623280465602875,0.4135403633117676,0.33104103803634644,0.6817947626113892
b635c95844.jpg,0.026651877909898758,0.7890728712081909,0.38754206895828247,0.5536539554595947
b6398ab782.jpg,0.05065576359629631,0.515877366065979,0.2249927669763565,0.6407328248023987
b6429002b9.jpg,0.04145370423793793,0.5936114192008972,0.24499186873435974,0.6994971632957458
b64bb5b36d.jpg,0.03497488051652908,0.5911984443664551,0.2774544358253479,0.5849743485450745
b660902f57.jpg,0.03587474673986435,0.41664326190948486,0.22938863933086395,0.7421096563339233
b664354223.jpg,0.05984383821487427,0.4418351650238037,0.3365071415901184,0.7149282097816467
b665863dfb.jpg,0.06379037350416183,0.43769094347953796,0.3554430305957794,0.8263804912567139
b66913e00b.jpg,0.06115764379501343,0.6104636788368225,0.3316590487957001,0.7716405987739563
b66c734954.jpg,0.04444931074976921,0.5139042139053345,0.3036184310913086,0.4986584782600403
b66c82cf2a.jpg,0.05305015668272972,0.4071806073188782,0.31880897283554077,0.775835394859314
b66f508c68.jpg,0.06396390497684479,0.4207746982574463,0.24641886353492737,0.687518835067749
b678b74dae.jpg,0.07805408537387848,0.40060561895370483,0.4387196898460388,0.8007225394248962
b679bcea19.jpg,0.04976172745227814,0.4050178825855255,0.2602418065071106,0.673322319984436
b67c9613c8.jpg,0.0607733428478241,0.3733680546283722,0.254162073135376,0.647939145565033
b697267bfb.jpg,0.045941710472106934,0.5362275838851929,0.29070281982421875,0.6473569869995117
b69f383965.jpg,0.03681517019867897,0.2881498634815216,0.19161444902420044,0.8589884042739868
b69fe86234.jpg,0.04230501502752304,0.4005565047264099,0.21579188108444214,0.7681270837783813
b6c8f98eaf.jpg,0.037066563963890076,0.5290157794952393,0.18392883241176605,0.7689553499221802
b6ccadba44.jpg,0.05645778402686119,0.3167535662651062,0.23041777312755585,0.766878604888916
b6d52caca3.jpg,0.0457892045378685,0.3191149830818176,0.21166425943374634,0.8177937269210815
b6d84ce05d.jpg,0.05490836501121521,0.3953312337398529,0.3060142397880554,0.6830371022224426
b6dd6a5484.jpg,0.04310954734683037,0.5531660318374634,0.21777063608169556,0.609336256980896
b6e02f524c.jpg,0.07625553756952286,0.3945665657520294,0.5224205255508423,0.7971721291542053
b6ebb5febd.jpg,0.051552992314100266,0.4353855848312378,0.2949996888637543,0.7185635566711426
b6f00064cc.jpg,0.07358228415250778,0.36857321858406067,0.23890087008476257,0.6907820105552673
b70c20c5bb.jpg,0.053310513496398926,0.6309661269187927,0.3263684809207916,0.6356391906738281
b70ec20b75.jpg,0.053625866770744324,0.5302929878234863,0.4004448652267456,0.8099323511123657
b7126e52cb.jpg,0.053493648767471313,0.8011826872825623,0.31691285967826843,0.5934680104255676
b7139c915b.jpg,0.0574038028717041,0.3993073105812073,0.33926039934158325,0.7892014980316162
b734350f7a.jpg,0.06683529913425446,0.46683695912361145,0.3019275665283203,0.7335882782936096
b743015621.jpg,0.037932395935058594,0.4575577974319458,0.23828110098838806,0.7062995433807373
b74ada0d43.jpg,0.04126334190368652,0.372964471578598,0.20416712760925293,0.8125183582305908
b74cab8840.jpg,0.0558449923992157,0.5290690064430237,0.37988755106925964,0.6981744766235352
b76253bc63.jpg,0.04813172668218613,0.43445777893066406,0.2791992127895355,0.86286461353302
b7634902cd.jpg,0.03465786203742027,0.5146545171737671,0.2372279316186905,0.7728136777877808
b763d10895.jpg,0.057458825409412384,0.5114376544952393,0.3557719588279724,0.750935971736908
b76490cea4.jpg,0.045700665563344955,0.6736240386962891,0.30245310068130493,0.5519794225692749
b76838eaa3.jpg,0.12092441320419312,0.6049371957778931,0.4048836827278137,0.6350680589675903
b76eca8315.jpg,0.0562283918261528,0.3865717649459839,0.39082446694374084,0.7323873043060303
b7771cc3a7.jpg,0.0409468337893486,0.34412702918052673,0.22475700080394745,0.8153271675109863
b78443d274.jpg,0.04026719927787781,0.7295331954956055,0.4496499300003052,0.6206724047660828
b7907e76c4.jpg,0.05688674375414848,0.49808764457702637,0.3510882556438446,0.7474426031112671
b79198e3b3.jpg,0.04324955865740776,0.37756437063217163,0.2191796898841858,0.6034976243972778
b79628b2db.jpg,0.035857364535331726,0.35173094272613525,0.18805116415023804,0.8204351663589478
b79649047f.jpg,0.04753847047686577,0.5848172307014465,0.25031888484954834,0.6134724617004395
b79a2b6c99.jpg,0.060574837028980255,0.3796508014202118,0.2518426477909088,0.8284895420074463
b7a7a7cc17.jpg,0.05221085995435715,0.33895108103752136,0.24440217018127441,0.7842156887054443
b7cb7f4110.jpg,0.06084028631448746,0.44003936648368835,0.24947811663150787,0.6519127488136292
b7d05fd7dc.jpg,0.04664319008588791,0.4251800775527954,0.19311095774173737,0.6804431080818176
b7f7aaeb71.jpg,0.03923853486776352,0.4010211229324341,0.22736555337905884,0.7044627666473389
b8009cb56d.jpg,0.0866369903087616,0.4418514370918274,0.4576926827430725,0.7982815504074097
b804d8ffff.jpg,0.045665185898542404,0.5150203704833984,0.2905998229980469,0.7290081977844238
b81a0b8027.jpg,0.04819318279623985,0.30968838930130005,0.3105034828186035,0.9126492142677307
b81b0d4833.jpg,0.05926605314016342,0.5481699705123901,0.3297031819820404,0.7566012740135193
b82c2d7664.jpg,0.044675927609205246,0.31599658727645874,0.2605455219745636,0.729476809501648
b8513f2cc6.jpg,0.03146835416555405,0.6687213182449341,0.22694623470306396,0.6096991300582886
b85242ba7b.jpg,0.05524435266852379,0.5395230054855347,0.22739462554454803,0.6312680244445801
b85d1ea25e.jpg,0.06369493901729584,0.30450889468193054,0.2928037643432617,0.7346459031105042
b87678f817.jpg,0.03485811874270439,0.4297362267971039,0.18083059787750244,0.6888668537139893
b877c006b7.jpg,0.04478537663817406,0.36905598640441895,0.24055393040180206,0.7472413182258606
b879c75442.jpg,0.060200273990631104,0.4405219852924347,0.3227427899837494,0.7684364914894104
b87f267ffd.jpg,0.0485173724591732,0.41717469692230225,0.2707781493663788,0.690082848072052
b8800075ea.jpg,0.061458539217710495,0.44012168049812317,0.362809419631958,0.7998890280723572
b8846a57ce.jpg,0.03656098246574402,0.6361392140388489,0.2611841559410095,0.48412448167800903
b885222b39.jpg,0.05651838704943657,0.3912714719772339,0.30954796075820923,0.743931770324707
b88710452e.jpg,0.053736940026283264,0.27359795570373535,0.27165859937667847,0.7778749465942383
b88fa19b4b.jpg,0.041224122047424316,0.4147975444793701,0.2847221791744232,0.6310572624206543
b88fd25d37.jpg,0.043178655207157135,0.5184257626533508,0.26807937026023865,0.7285032868385315
b892e182db.jpg,0.038763947784900665,0.30738285183906555,0.23513202369213104,0.7773306369781494
b893e3aa24.jpg,0.0468500517308712,0.47368496656417847,0.23839759826660156,0.6591901183128357
b89aa727f4.jpg,0.05052085965871811,0.3813420534133911,0.23195429146289825,0.7183226346969604
b89d1cc4f1.jpg,0.06781637668609619,0.6355661153793335,0.285672128200531,0.701624870300293
b8b21378ef.jpg,0.05866050720214844,0.47137269377708435,0.3966239094734192,0.7369604110717773
b8b5848caa.jpg,0.0448625385761261,0.4592370390892029,0.26217615604400635,0.8052458763122559
b8c23eb503.jpg,0.04955317825078964,0.6357062458992004,0.22888290882110596,0.6684150695800781
b8c6874f96.jpg,0.041804373264312744,0.6287616491317749,0.2513243854045868,0.6695824265480042
b8d30c2ede.jpg,0.04352382943034172,0.4193951189517975,0.1878674477338791,0.7033611536026001
b8dda4b0ed.jpg,0.04011598229408264,0.3313131332397461,0.221732497215271,0.771971583366394
b8e1eafdef.jpg,0.1287737488746643,0.3975525498390198,0.35558992624282837,0.8100403547286987
b8e7658517.jpg,0.06545187532901764,0.4430803060531616,0.35870885848999023,0.7921211123466492
b8eb81d31d.jpg,0.036774568259716034,0.468646377325058,0.2506890296936035,0.7244410514831543
b8f7816f6b.jpg,0.06806529313325882,0.3885846436023712,0.4916640520095825,0.8133163452148438
b90dc41d5d.jpg,0.06302434951066971,0.34522807598114014,0.3278825283050537,0.6602067947387695
b91926eb90.jpg,0.04020526260137558,0.3428497314453125,0.20395974814891815,0.6812036037445068
b924b090f7.jpg,0.06870286166667938,0.4400727152824402,0.3120197653770447,0.8317155838012695
b938642e78.jpg,0.05300367623567581,0.5178943872451782,0.42262351512908936,0.7828442454338074
b939486166.jpg,0.04193947836756706,0.28643766045570374,0.21471992135047913,0.8384521007537842
b952bd214e.jpg,0.12955549359321594,0.4164966344833374,0.3064136207103729,0.794681191444397
b955e39acf.jpg,0.04073157534003258,0.25919729471206665,0.24225732684135437,0.8214125633239746
b9768c7e52.jpg,0.09693225473165512,0.403597354888916,0.3864020109176636,0.7973752021789551
b983599509.jpg,0.03645451366901398,0.33091580867767334,0.27158796787261963,0.6621973514556885
b985c8d0f9.jpg,0.04034353047609329,0.4917833209037781,0.31055504083633423,0.7574602365493774
b989430548.jpg,0.011305369436740875,0.7472712993621826,0.12927846610546112,0.4934861361980438
b9902d5a97.jpg,0.03893156349658966,0.31982624530792236,0.305259108543396,0.699752926826477
b99379d9e0.jpg,0.05470999702811241,0.4968106150627136,0.30336377024650574,0.5859693288803101
b9973b92ba.jpg,0.04383431002497673,0.4839860200881958,0.14256927371025085,0.5923600196838379
b99824d883.jpg,0.03512272238731384,0.4656100869178772,0.15766692161560059,0.6288977861404419
b9a991202d.jpg,0.07499255985021591,0.4725669324398041,0.32217419147491455,0.806393563747406
b9bc2a225e.jpg,0.03319469839334488,0.5288114547729492,0.20019811391830444,0.7432212829589844
b9cad6e8c0.jpg,0.031006384640932083,0.6068745851516724,0.2757353186607361,0.6210482120513916
b9cd30a1eb.jpg,0.03536694124341011,0.3713603615760803,0.22606627643108368,0.6752504110336304
b9d2ba2502.jpg,0.049719613045454025,0.3095375597476959,0.23305273056030273,0.7594109773635864
b9d441588e.jpg,0.0505206435918808,0.43082815408706665,0.27848416566848755,0.6788603067398071
b9d6b906b5.jpg,0.06114515662193298,0.3636931777000427,0.3491484820842743,0.7548658847808838
b9de8e1e60.jpg,0.045892756432294846,0.28137296438217163,0.2869030237197876,0.7885164022445679
b9ea51b317.jpg,0.057472214102745056,0.49558618664741516,0.3545898199081421,0.6551023721694946
b9eb4c4e23.jpg,0.055292706936597824,0.38845962285995483,0.3632550537586212,0.7759745121002197
b9f955e5da.jpg,0.03712936490774155,0.5890368223190308,0.2587554454803467,0.6111886501312256
ba3fc5aaf6.jpg,0.03511044383049011,0.41410091519355774,0.259186714887619,0.7681992053985596
ba4f07f939.jpg,0.055487751960754395,0.4018022418022156,0.3187161684036255,0.8441070914268494
ba57ad5d60.jpg,0.03583518788218498,0.4107120931148529,0.18808159232139587,0.7037121057510376
ba6cdd170e.jpg,0.031658124178647995,0.5611180067062378,0.1878432333469391,0.6596934199333191
ba7c346ee6.jpg,0.04694937914609909,0.37327489256858826,0.21037748456001282,0.6791055202484131
ba7d2f82f3.jpg,0.04894339293241501,0.4532018303871155,0.2336786985397339,0.7112952470779419
ba8511d50b.jpg,0.04048190265893936,0.46146637201309204,0.29269447922706604,0.6674827337265015
ba861fc7fc.jpg,0.06210855394601822,0.4408029019832611,0.2729072570800781,0.6629334092140198
ba900f7b05.jpg,0.05627195164561272,0.5812634825706482,0.31595638394355774,0.659451961517334
ba93309fda.jpg,0.0581073984503746,0.3997201919555664,0.27230075001716614,0.673702597618103
baa1ec6741.jpg,0.07672818005084991,0.2810523211956024,0.29742997884750366,0.7947433590888977
baa5eaf58a.jpg,0.05229305475950241,0.32553383708000183,0.30852794647216797,0.7941855192184448
baa60c9bed.jpg,0.047811783850193024,0.24692091345787048,0.26976680755615234,0.8646098375320435
baac2fc0d9.jpg,0.04619695991277695,0.3864069879055023,0.24182096123695374,0.67158442735672
bab560daee.jpg,0.06365036964416504,0.36886000633239746,0.26883766055107117,0.6893881559371948
bac7bbda07.jpg,0.04178876429796219,0.36077237129211426,0.22821879386901855,0.7123619914054871
baca7c1baf.jpg,0.04386657103896141,0.4273166060447693,0.3118577003479004,0.7920992374420166
bad95e0688.jpg,0.046225935220718384,0.5113515853881836,0.29001519083976746,0.7441758513450623
bae17c2143.jpg,0.06104409694671631,0.35739707946777344,0.3233681917190552,0.8522560596466064
bae6056ca8.jpg,0.0849362462759018,0.3928919732570648,0.36553800106048584,0.5653022527694702
baef9a3993.jpg,0.04798182100057602,0.38456636667251587,0.31073957681655884,0.8646141290664673
bafb1adc1f.jpg,0.05047789216041565,0.35044315457344055,0.2269240766763687,0.7106441259384155
bb017d43a9.jpg,0.053862955421209335,0.36275357007980347,0.3125246465206146,0.7532217502593994
bb15fcc4ff.jpg,0.06588280200958252,0.3967597782611847,0.5149710774421692,0.7359739542007446
bb313a5e16.jpg,0.04060058295726776,0.5737165212631226,0.2638072669506073,0.6606118679046631
bb3377f200.jpg,0.059063613414764404,0.324165403842926,0.28297168016433716,0.7768046855926514
bb38cedde5.jpg,0.03258022293448448,0.4890531003475189,0.24063201248645782,0.8415664434432983
bb3ef64acd.jpg,0.05851104483008385,0.29723039269447327,0.31434503197669983,0.8845863938331604
bb40b8dd7f.jpg,0.052173979580402374,0.3955487906932831,0.27497437596321106,0.6570788621902466
bb5faf30e9.jpg,0.04961682856082916,0.3597486913204193,0.21579046547412872,0.7280038595199585
bb64125bc2.jpg,0.058796562254428864,0.4603273272514343,0.42550116777420044,0.6060724258422852
bb77850a04.jpg,0.03993240371346474,0.48853805661201477,0.24603013694286346,0.6678022146224976
bb8552f1b5.jpg,0.05319356918334961,0.2661397457122803,0.24511587619781494,0.7557429671287537
bb9d316b1a.jpg,0.05005054175853729,0.44081079959869385,0.33633872866630554,0.7575337886810303
bba5052be8.jpg,0.0758097693324089,0.4183388948440552,0.4648887515068054,0.8496308326721191
bbac847eec.jpg,0.03954518586397171,0.3592602014541626,0.2084629237651825,0.7466070055961609
bbaff218f3.jpg,0.031593676656484604,0.47846272587776184,0.37349244952201843,0.7870118618011475
bbbfda6b8f.jpg,0.06244600936770439,0.3976909816265106,0.3970992863178253,0.8199878931045532
bbc433fec1.jpg,0.039696283638477325,0.36283645033836365,0.19956155121326447,0.8453272581100464
bbc5447377.jpg,0.03835860639810562,0.4831241965293884,0.248823881149292,0.6872061491012573
bbc6c20473.jpg,0.038875263184309006,0.6136660575866699,0.3003927767276764,0.5661759376525879
bbca95e065.jpg,0.07366673648357391,0.6196219325065613,0.27383068203926086,0.6743018627166748
bbd1178911.jpg,0.050188980996608734,0.34513965249061584,0.2813069522380829,0.8072154521942139
bbe716a5ba.jpg,0.05141463130712509,0.5120328664779663,0.24097689986228943,0.6011208891868591
bbf7c36959.jpg,0.050958625972270966,0.3088262379169464,0.2009507268667221,0.7506440877914429
bbfe762240.jpg,0.08959515392780304,0.42694389820098877,0.49304962158203125,0.7631238698959351
bc00b49aa2.jpg,0.08330263942480087,0.3495367765426636,0.46051329374313354,0.8965334892272949
bc05774cb8.jpg,0.053081244230270386,0.507844865322113,0.3503170311450958,0.6886591911315918
bc1296f186.jpg,0.0323568694293499,0.5333689451217651,0.18395954370498657,0.6315585374832153
bc1fa09301.jpg,0.0653231292963028,0.40905866026878357,0.23249538242816925,0.6762569546699524
bc320f44ee.jpg,0.049444884061813354,0.4010082185268402,0.2835002541542053,0.7243582606315613
bc34a98e62.jpg,0.03866734728217125,0.43702617287635803,0.2411210685968399,0.6601420044898987
bc3f932980.jpg,0.026433754712343216,0.6639611721038818,0.45061513781547546,0.5804624557495117
bc47393bbe.jpg,0.04942138493061066,0.6654919981956482,0.26281797885894775,0.6188383102416992
bc4cc5e31c.jpg,0.03336716443300247,0.5010203123092651,0.2045767605304718,0.6951512098312378
bc57ed5fda.jpg,0.04995318874716759,0.47146162390708923,0.2633819580078125,0.7052513360977173
bc59db0454.jpg,0.03269760310649872,0.2983857989311218,0.22496120631694794,0.8232450485229492
bc76a34f9d.jpg,0.05359337851405144,0.19894620776176453,0.25343558192253113,0.8293932676315308
bc8579edc4.jpg,0.06593402475118637,0.41865259408950806,0.5261327624320984,0.7417543530464172
bc89a879fd.jpg,0.052763812243938446,0.45198410749435425,0.28025931119918823,0.7114825248718262
bc8e187f4f.jpg,0.05669931322336197,0.47506505250930786,0.3039444088935852,0.7780089378356934
bc97e28ac0.jpg,0.05263545364141464,0.3893685042858124,0.3053185045719147,0.6745263338088989
bc9defc927.jpg,0.0315767340362072,0.5095729827880859,0.20507201552391052,0.6454728841781616
bca6fd9039.jpg,0.1050155982375145,0.49631473422050476,0.5221441388130188,0.7014805674552917
bcad190025.jpg,0.057724468410015106,0.5250305533409119,0.4267444610595703,0.8307968974113464
bcade75bec.jpg,0.05156097561120987,0.48137834668159485,0.24087171256542206,0.681135892868042
bcae56fbed.jpg,0.058038368821144104,0.543343722820282,0.16688327491283417,0.6226909160614014
bcc1a87147.jpg,0.07465466111898422,0.4330116808414459,0.4440181255340576,0.6871092319488525
bcc29192c1.jpg,0.05225599557161331,0.35232043266296387,0.19146794080734253,0.715770423412323
bcde913d1d.jpg,0.06372883170843124,0.45422080159187317,0.36932089924812317,0.7417150735855103
bce46c265e.jpg,0.05512726306915283,0.4115283489227295,0.39171844720840454,0.776032567024231
bceb077f5d.jpg,0.03669710084795952,0.4793147146701813,0.394438236951828,0.7501968741416931
bcef4b66e6.jpg,0.04330509528517723,0.4520692825317383,0.3496413826942444,0.7421407103538513
bcf39bcec2.jpg,0.034008704125881195,0.3724576532840729,0.23899215459823608,0.7629836797714233
bcf3ab621b.jpg,0.030405139550566673,0.5011299848556519,0.22248759865760803,0.676599383354187
bcf3af118c.jpg,0.05451136827468872,0.46474558115005493,0.31593966484069824,0.6321542263031006
bd2893da68.jpg,0.07773440331220627,0.43322232365608215,0.40110766887664795,0.7601734399795532
bd2be5968a.jpg,0.03977074846625328,0.3428860902786255,0.26315221190452576,0.7747758626937866
bd4ff109f0.jpg,0.07155106216669083,0.3809756636619568,0.523771345615387,0.8704140782356262
bd5056d32e.jpg,0.04481363296508789,0.6127822399139404,0.3083609342575073,0.604822039604187
bd58f14f67.jpg,0.0514863058924675,0.4901896119117737,0.2614332437515259,0.6214416027069092
bd6006597f.jpg,0.04629923030734062,0.3868778347969055,0.26328250765800476,0.7274677753448486
bd6261963a.jpg,0.09676884114742279,0.4003046154975891,0.40177497267723083,0.5635114312171936
bd6550715b.jpg,0.07197704911231995,0.5142645835876465,0.3362356126308441,0.7897053956985474
bd6902ee43.jpg,0.04030735045671463,0.5192728638648987,0.2526053190231323,0.7419180274009705
bd6a7ec51e.jpg,0.04949582368135452,0.5928817391395569,0.2679275870323181,0.46604153513908386
bd7003b6b6.jpg,0.03270044922828674,0.38724109530448914,0.1411842405796051,0.5466287136077881
bd76d694d4.jpg,0.05210377275943756,0.47654813528060913,0.22605842351913452,0.6804379224777222
bd7e521e90.jpg,0.0575142428278923,0.23901744186878204,0.2915518879890442,0.7516336441040039
bd7e852fb1.jpg,0.04044647142291069,0.4073863625526428,0.3208921551704407,0.6231316328048706
bd81e32444.jpg,0.031765181571245193,0.4767616391181946,0.2879800796508789,0.8150854110717773
bd856bd7d2.jpg,0.05523454397916794,0.3826066255569458,0.24907109141349792,0.8028988838195801
bd9dbd110c.jpg,0.04003751277923584,0.3350989818572998,0.19026628136634827,0.6533887982368469
bda011a946.jpg,0.04846423864364624,0.2578054964542389,0.2242913842201233,0.835120439529419
bda7612626.jpg,0.03711072728037834,0.6806538105010986,0.26804694533348083,0.6879173517227173
bda7b5b92a.jpg,0.041906729340553284,0.36313948035240173,0.2372646927833557,0.8063979744911194
bda920ef3a.jpg,0.06843381375074387,0.6588354706764221,0.3716958463191986,0.705604076385498
bdb71b5252.jpg,0.043821610510349274,0.32819864153862,0.24552783370018005,0.855638325214386
bdb764be42.jpg,0.05754614993929863,0.7978712916374207,0.3137187063694,0.5142076015472412
bdb80159b3.jpg,0.03435241058468819,0.45631667971611023,0.35364723205566406,0.8156325817108154
bdcfea4c8d.jpg,0.05086591839790344,0.33294761180877686,0.23238083720207214,0.7763625383377075
bdd2bc2e77.jpg,0.05889269709587097,0.2630922794342041,0.25494879484176636,0.8542187213897705
bdd6cb73e5.jpg,0.046264152973890305,0.46126383543014526,0.27864447236061096,0.6976664662361145
bde2a9e1fa.jpg,0.07656069099903107,0.33498695492744446,0.34765109419822693,0.8129432201385498
bdf3d3a8e5.jpg,0.052351213991642,0.3789837658405304,0.2748792767524719,0.7509543895721436
bdf8b0c5ad.jpg,0.04926633834838867,0.33936989307403564,0.30420130491256714,0.8500156998634338
be0140dde6.jpg,0.0574418306350708,0.524558424949646,0.2463221698999405,0.7981956005096436
be17aa711c.jpg,0.0329742357134819,0.4809218645095825,0.20610195398330688,0.45978689193725586
be19b2eac9.jpg,0.05944105237722397,0.3913615942001343,0.25794166326522827,0.7346149682998657
be307d9b2d.jpg,0.055219948291778564,0.34922659397125244,0.2512497305870056,0.7942328453063965
be30ee9635.jpg,0.05905410647392273,0.37324249744415283,0.39548152685165405,0.7567815780639648
be58cca5c2.jpg,0.04993005841970444,0.46100860834121704,0.3185647428035736,0.7508863806724548
be5a727d8a.jpg,0.04243253171443939,0.4791252017021179,0.18885448575019836,0.7355139851570129
be5e1ffaf7.jpg,0.045884743332862854,0.386547327041626,0.18745094537734985,0.8037322759628296
be66a96894.jpg,0.061445605009794235,0.4731867015361786,0.2929277718067169,0.8663605451583862
be6d9981a3.jpg,0.050424277782440186,0.38066497445106506,0.22401322424411774,0.772527277469635
be74caa0c9.jpg,0.05143079161643982,0.7224363088607788,0.3314646780490875,0.5808274745941162
be76e135d1.jpg,0.047914307564496994,0.5778275728225708,0.2830074429512024,0.6495724320411682
be7c00594f.jpg,0.07132475823163986,0.32244783639907837,0.29733651876449585,0.7913509607315063
be8015beea.jpg,0.10672684013843536,0.46123114228248596,0.5891870260238647,0.715349555015564
be87bba931.jpg,0.04089153930544853,0.6056038737297058,0.25821906328201294,0.6262050867080688
be9710f956.jpg,0.051478832960128784,0.7740411758422852,0.4153195023536682,0.6134392023086548
beb00f6bd4.jpg,0.04588392376899719,0.4751971960067749,0.2359173595905304,0.7644672393798828
beb8830662.jpg,0.037821803241968155,0.26745399832725525,0.18345391750335693,0.7555648684501648
bebbb8b76e.jpg,0.04732812941074371,0.3609105348587036,0.23410260677337646,0.755597710609436
bec2bc2d65.jpg,0.06201527640223503,0.3699009418487549,0.3768509328365326,0.8447394967079163
bec49b01dd.jpg,0.04318707436323166,0.48349693417549133,0.2949575185775757,0.7588744759559631
bec4efcf0e.jpg,0.038878120481967926,0.4734199643135071,0.23486612737178802,0.5932621955871582
becea1ec0d.jpg,0.07649345695972443,0.5071261525154114,0.44639334082603455,0.7554343938827515
bed5847c27.jpg,0.03927735239267349,0.6314249038696289,0.36372554302215576,0.6845706701278687
bed803c046.jpg,0.026162734255194664,0.5984214544296265,0.1430729627609253,0.7101045846939087
bedb0b8e17.jpg,0.034687429666519165,0.4003850221633911,0.20250818133354187,0.6267977952957153
bee0d00197.jpg,0.041898977011442184,0.4258185029029846,0.2610814571380615,0.6370602250099182
bee8605fcd.jpg,0.07840190827846527,0.4018389880657196,0.40132540464401245,0.83892422914505
bee867c967.jpg,0.032521702349185944,0.6244176030158997,0.31841468811035156,0.5413722395896912
beebd3d7ff.jpg,0.09027227014303207,0.4855232238769531,0.32147353887557983,0.7426279783248901
beec4e482c.jpg,0.0551699623465538,0.3287293314933777,0.2444387674331665,0.7843813300132751
bf07ab5c4a.jpg,0.03173680230975151,0.4962441623210907,0.2066633701324463,0.7151947617530823
bf0e0a58a4.jpg,0.042848777025938034,0.6541900634765625,0.2078806757926941,0.6018228530883789
bf2216d133.jpg,0.04656597226858139,0.45527130365371704,0.28288140892982483,0.6344839930534363
bf28de635c.jpg,0.047401927411556244,0.4391126334667206,0.2974931597709656,0.7486003637313843
bf36a527ab.jpg,0.07660649716854095,0.41573208570480347,0.4791375696659088,0.6468123197555542
bf3ece26c1.jpg,0.04664260894060135,0.6639063954353333,0.1915513277053833,0.6969709396362305
bf6062190e.jpg,0.057823002338409424,0.5788074731826782,0.25517502427101135,0.7206853628158569
bf61f9adb1.jpg,0.03608369827270508,0.37595757842063904,0.25530296564102173,0.8127655386924744
bf6ed52f2c.jpg,0.060647450387477875,0.3364911675453186,0.257312536239624,0.7315115332603455
bf72b298bc.jpg,0.041542019695043564,0.5101005434989929,0.3778458833694458,0.6391201019287109
bf7b0e4b1f.jpg,0.030204761773347855,0.47339457273483276,0.1450810730457306,0.7108462452888489
bf8f3d28ae.jpg,0.046450018882751465,0.5578626394271851,0.3314083218574524,0.6578387022018433
bf918a456c.jpg,0.03316901624202728,0.5311894416809082,0.2616628408432007,0.6945978403091431
bf94cca435.jpg,0.029416579753160477,0.38982126116752625,0.22126038372516632,0.6938780546188354
bf964262b6.jpg,0.03559901565313339,0.5789834260940552,0.548275351524353,0.6787893772125244
bfc6144838.jpg,0.07811348885297775,0.34076058864593506,0.32581546902656555,0.8824725151062012
bfc622bb44.jpg,0.06638504564762115,0.3272485136985779,0.3285731375217438,0.7804105281829834
c006c643f8.jpg,0.045097243040800095,0.3039437532424927,0.2500821053981781,0.742777943611145
c009f9904a.jpg,0.07025843858718872,0.40686994791030884,0.37922704219818115,0.7364850044250488
c013680118.jpg,0.07138878107070923,0.42654889822006226,0.286233514547348,0.7669090628623962
c015570ab7.jpg,0.048789650201797485,0.6131936311721802,0.2925359010696411,0.5780684351921082
c017fac753.jpg,0.05404041334986687,0.42992642521858215,0.38013404607772827,0.7880241870880127
c018d5dbf7.jpg,0.04025302827358246,0.3894207775592804,0.20894667506217957,0.7703997492790222
c0287a48f4.jpg,0.04204154759645462,0.5311259031295776,0.3236292600631714,0.8128340244293213
c02e89c4d3.jpg,0.04373845085501671,0.3566068410873413,0.301993727684021,0.7415777444839478
c0301eeaaf.jpg,0.02714928612112999,0.537135124206543,0.20186543464660645,0.6734999418258667
c031d1622c.jpg,0.060332290828228,0.35579901933670044,0.3899640142917633,0.7792071104049683
c03cf43784.jpg,0.03259524703025818,0.44520747661590576,0.2522069811820984,0.7298737168312073
c0511e5414.jpg,0.04978129267692566,0.5204657316207886,0.3204144239425659,0.5849597454071045
c06ff30cd5.jpg,0.05915611982345581,0.43684494495391846,0.28271546959877014,0.7944245338439941
c0757c90f9.jpg,0.05520714446902275,0.3997674584388733,0.32176223397254944,0.7221008539199829
c081f34667.jpg,0.05261295288801193,0.2993500828742981,0.270130455493927,0.6405870914459229
c0876f3b2b.jpg,0.04776176065206528,0.43592768907546997,0.34482434391975403,0.7234352827072144
c08ee1f5aa.jpg,0.09609907865524292,0.38015949726104736,0.5185937285423279,0.7320811152458191
c09421b98c.jpg,0.06101419776678085,0.31191834807395935,0.2604118883609772,0.7350581884384155
c09cd67282.jpg,0.038510680198669434,0.29269352555274963,0.17898356914520264,0.764404296875
c0a3fb3571.jpg,0.061684977263212204,0.2800121307373047,0.25284451246261597,0.9006445407867432
c0a72ce31e.jpg,0.029574718326330185,0.39540040493011475,0.2126668393611908,0.832004189491272
c0b55c941e.jpg,0.04960894584655762,0.32785412669181824,0.28831034898757935,0.6602028608322144
c0b977acfb.jpg,0.05023958906531334,0.3681345582008362,0.2074582576751709,0.7357760071754456
c0be01b9c9.jpg,0.04779750108718872,0.46740394830703735,0.32483747601509094,0.780018150806427
c0c0e3575b.jpg,0.057640742510557175,0.3563581705093384,0.3007575571537018,0.7093522548675537
c0e7dfa5ed.jpg,0.04688337445259094,0.3138316571712494,0.19424328207969666,0.6892089247703552
c0f19d6031.jpg,0.04567839950323105,0.44599229097366333,0.26299503445625305,0.7103707790374756
c0fe7fd0a7.jpg,0.05254572629928589,0.534694492816925,0.2696254253387451,0.6347002983093262
c10183721e.jpg,0.060282330960035324,0.3451400399208069,0.24598336219787598,0.8101003170013428
c1114abb60.jpg,0.08251580595970154,0.31445908546447754,0.4544188380241394,0.7097591757774353
c123f051ca.jpg,0.031339362263679504,0.5671156048774719,0.23005437850952148,0.6988722681999207
c125e1a1f6.jpg,0.04126935824751854,0.5225416421890259,0.2611631453037262,0.6597450375556946
c1294c7cd9.jpg,0.051312386989593506,0.359121173620224,0.2799825966358185,0.7573333978652954
c12c1c978e.jpg,0.05392796918749809,0.4936707317829132,0.18552380800247192,0.7347115874290466
c12e14b962.jpg,0.03755808621644974,0.3860115706920624,0.25962111353874207,0.6791979074478149
c1339587e8.jpg,0.041630327701568604,0.40015822649002075,0.24718552827835083,0.7392884492874146
c137e13300.jpg,0.08726726472377777,0.40627238154411316,0.5331667065620422,0.7293214797973633
c14426ebfc.jpg,0.08136129379272461,0.4190361499786377,0.4116307497024536,0.700524091720581
c15a72a99a.jpg,0.053185008466243744,0.2732805609703064,0.23969855904579163,0.8386468887329102
c16ed7863f.jpg,0.03373849391937256,0.5142333507537842,0.3236689567565918,0.6961991786956787
c190aa34f8.jpg,0.0786319226026535,0.42306286096572876,0.5788642168045044,0.8924639225006104
c19312ad74.jpg,0.05209736526012421,0.5712973475456238,0.2924099266529083,0.680724024772644
c1972547d1.jpg,0.03867017477750778,0.3813732862472534,0.2494627982378006,0.7013897895812988
c1a8c428f6.jpg,0.034281425178050995,0.49425357580184937,0.2353699803352356,0.7083415985107422
c1b1ad3d68.jpg,0.04717694967985153,0.3395676910877228,0.24304017424583435,0.8104976415634155
c1b2b47959.jpg,0.08270263671875,0.43862348794937134,0.3553984463214874,0.6691129803657532
c1b7f78159.jpg,0.03344030678272247,0.548403263092041,0.24036109447479248,0.6014598608016968
c1c634b4eb.jpg,0.04859582334756851,0.3194463551044464,0.3144063949584961,0.7565014958381653
c1d0fe9abe.jpg,0.0656985342502594,0.4341956675052643,0.4221860468387604,0.6204445362091064
c1d5a31a74.jpg,0.07219402492046356,0.4834631383419037,0.3505713939666748,0.5130334496498108
c1e5b119c4.jpg,0.052475400269031525,0.43867620825767517,0.25498098134994507,0.7130632400512695
c1f932fee3.jpg,0.05721191316843033,0.42778876423835754,0.37165123224258423,0.7857037782669067
c1f9da41e1.jpg,0.035416655242443085,0.4729922413825989,0.2684216797351837,0.7442310452461243
c1fb81bcfa.jpg,0.042766936123371124,0.46765291690826416,0.17498016357421875,0.7793208360671997
c2266bed41.jpg,0.06567556411027908,0.4701277017593384,0.6900826692581177,0.793117880821228
c2307e363e.jpg,0.04635243117809296,0.4646981656551361,0.2892906963825226,0.7440769076347351
c236cbe5eb.jpg,0.04709722846746445,0.5277202129364014,0.3743259608745575,0.7015818357467651
c236d99e18.jpg,0.0415230467915535,0.2718425393104553,0.21669960021972656,0.7085612416267395
c23e040ff8.jpg,0.04607045650482178,0.4786260724067688,0.2666824460029602,0.784207284450531
c2607646ad.jpg,0.0675477683544159,0.2717626094818115,0.31564873456954956,0.8824512958526611
c262fe08f9.jpg,0.04764614626765251,0.2981986999511719,0.24751782417297363,0.8152118921279907
c2656884dd.jpg,0.05021338164806366,0.35209181904792786,0.3404909074306488,0.8180834650993347
c26e1a3dea.jpg,0.08664219081401825,0.40686994791030884,0.23595519363880157,0.830589771270752
c2708f8a47.jpg,0.0677904337644577,0.2872985303401947,0.26975512504577637,0.7192689776420593
c27ca11d75.jpg,0.05330637842416763,0.47096696496009827,0.2822831869125366,0.6726927757263184
c280ccdd9b.jpg,0.0556524321436882,0.35738658905029297,0.34042176604270935,0.8361015915870667
c284ce5f6f.jpg,0.052733421325683594,0.43017125129699707,0.2909316420555115,0.7617332935333252
c2869dc39f.jpg,0.055483005940914154,0.49336713552474976,0.26645562052726746,0.7035000920295715
c287068c8b.jpg,0.08151169121265411,0.33746564388275146,0.30368202924728394,0.7040315866470337
c29a81a99d.jpg,0.11487455666065216,0.6203985810279846,0.33499082922935486,0.6395552158355713
c2acbc2675.jpg,0.05658635497093201,0.4247503876686096,0.37384819984436035,0.796012282371521
c2b79f204d.jpg,0.05457279086112976,0.5537794828414917,0.31958213448524475,0.6217745542526245
c2c2cd230b.jpg,0.03539033979177475,0.5152736306190491,0.1714518964290619,0.6147595643997192
c2d01b1977.jpg,0.05555381998419762,0.40755781531333923,0.1483672857284546,0.7414125204086304
c2d909e551.jpg,0.048131249845027924,0.360245019197464,0.15340737998485565,0.8033243417739868
c2dfec8e9a.jpg,0.05600603669881821,0.4598899781703949,0.27016904950141907,0.8107237815856934
c2e0f637ed.jpg,0.06589767336845398,0.4529132843017578,0.2958480715751648,0.7854579091072083
c2f49209fa.jpg,0.061222657561302185,0.7626469135284424,0.34364184737205505,0.6919861435890198
c2fe4fa436.jpg,0.05917417258024216,0.41553163528442383,0.35286882519721985,0.6781253814697266
c303744625.jpg,0.0838429257273674,0.36058536171913147,0.3302835524082184,0.733144998550415
c315adb658.jpg,0.03326258808374405,0.6008433699607849,0.2034405618906021,0.7454195022583008
c31cad8dc1.jpg,0.05704312026500702,0.3872916102409363,0.40647923946380615,0.7085579633712769
c329a43ef8.jpg,0.04888170212507248,0.45939216017723083,0.29961466789245605,0.6518317461013794
c362a50b71.jpg,0.041630592197179794,0.4102158546447754,0.24943894147872925,0.8354012966156006
c36ee485ab.jpg,0.05880593881011009,0.4447692632675171,0.23760530352592468,0.832970380783081
c373467807.jpg,0.050005048513412476,0.3705724775791168,0.30030763149261475,0.7575407028198242
c37e6749d1.jpg,0.05770590901374817,0.33981603384017944,0.24409249424934387,0.8486902713775635
c38cd66489.jpg,0.050951749086380005,0.3324841856956482,0.27451032400131226,0.7619767189025879
c398543807.jpg,0.037389762699604034,0.5469388365745544,0.3293286859989166,0.7424674034118652
c39ac686c7.jpg,0.04632183909416199,0.318133682012558,0.2039799988269806,0.6811403036117554
c3ae8d9885.jpg,0.0377669595181942,0.49121522903442383,0.22359631955623627,0.5980724692344666
c3b0c7adb5.jpg,0.03171499818563461,0.7061315178871155,0.17252551019191742,0.6449708938598633
c3b262e6c5.jpg,0.04376813769340515,0.5857502818107605,0.32477185130119324,0.5769233703613281
c3b45ccdf0.jpg,0.034229278564453125,0.4833039343357086,0.18914534151554108,0.7131161689758301
c3c8443027.jpg,0.06232301518321037,0.3361574411392212,0.3148474097251892,0.7195116281509399
c3d7a24d73.jpg,0.047258179634809494,0.29031896591186523,0.3294529914855957,0.8505802154541016
c3e565166e.jpg,0.04411297291517258,0.432880163192749,0.3073613941669464,0.7058927416801453
c3e6b45f00.jpg,0.04050316661596298,0.4363481104373932,0.2225508987903595,0.8077058792114258
c3f82846fa.jpg,0.055501412600278854,0.47430744767189026,0.36609721183776855,0.7719187140464783
c40157edb5.jpg,0.030440514907240868,0.5600876808166504,0.24717357754707336,0.6955298185348511
c419f70dc7.jpg,0.06404818594455719,0.3968782424926758,0.40330666303634644,0.6860938668251038
c41d11bc49.jpg,0.04379035159945488,0.4352863132953644,0.2625977396965027,0.6912057995796204
c428c52f81.jpg,0.05130254477262497,0.451061487197876,0.2617073953151703,0.621024489402771
c456016d2d.jpg,0.0657862052321434,0.3519417345523834,0.4101252853870392,0.7502706050872803
c458ed7411.jpg,0.07875952869653702,0.4267248511314392,0.4790371060371399,0.6906209588050842
c45ddef2b3.jpg,0.06238190084695816,0.3980444073677063,0.560187041759491,0.7910007238388062
c46fcd1a80.jpg,0.04080867022275925,0.4699018597602844,0.23907078802585602,0.7910826206207275
c470eb30ef.jpg,0.052612584084272385,0.3004908263683319,0.22829467058181763,0.7891398668289185
c47e602b0b.jpg,0.03943280875682831,0.486684113740921,0.2646608352661133,0.7605408430099487
c47e788e86.jpg,0.06644841283559799,0.3532137870788574,0.372932106256485,0.8289782404899597
c4808eb22d.jpg,0.058035433292388916,0.41629230976104736,0.44981104135513306,0.7667568325996399
c48dd873be.jpg,0.06025036424398422,0.4509497284889221,0.3668676018714905,0.9086627960205078
c4bdcb6dd9.jpg,0.06378554552793503,0.2837686538696289,0.32592564821243286,0.821725606918335
c4c39ac3f9.jpg,0.04897957295179367,0.3904491364955902,0.2415761500597,0.7930756211280823
c4ced9cad1.jpg,0.05051323398947716,0.27836745977401733,0.3219297528266907,0.8677646517753601
c4d6a7c8a9.jpg,0.04603864252567291,0.48777633905410767,0.18407441675662994,0.7618503570556641
c4d73047e1.jpg,0.06545984745025635,0.40990984439849854,0.443742960691452,0.8135353326797485
c4d8884b3c.jpg,0.083648681640625,0.3947916030883789,0.35422125458717346,0.7489729523658752
c4d8c03cf8.jpg,0.030900366604328156,0.34486132860183716,0.23422914743423462,0.7958153486251831
c4d9fbfb1f.jpg,0.05248003453016281,0.5282791256904602,0.4955289363861084,0.6723343133926392
c4db21f52d.jpg,0.06983324140310287,0.3402378261089325,0.3947739005088806,0.7686870098114014
c4e15cdce1.jpg,0.06734222918748856,0.4687882959842682,0.48218342661857605,0.7461576461791992
c4e6130960.jpg,0.02636255882680416,0.5701663494110107,0.2906395494937897,0.7898627519607544
c4f7170246.jpg,0.039783328771591187,0.5119537115097046,0.20787718892097473,0.710290789604187
c4fd20f2ce.jpg,0.04859958216547966,0.5343950390815735,0.2542823255062103,0.7056528329849243
c50547f5fc.jpg,0.03934422880411148,0.5627171993255615,0.26835009455680847,0.6695916652679443
c50837aa54.jpg,0.035317182540893555,0.4422510266304016,0.22311317920684814,0.70927494764328
c52044fdd2.jpg,0.03581665828824043,0.5300686955451965,0.21126200258731842,0.7662964463233948
c524c49931.jpg,0.043537139892578125,0.41515547037124634,0.3181643486022949,0.7956820726394653
c525d82983.jpg,0.04320362210273743,0.48696303367614746,0.24011829495429993,0.6308416128158569
c525dc1668.jpg,0.04540788382291794,0.5431646704673767,0.19513219594955444,0.7733331918716431
c526e4cab7.jpg,0.053159795701503754,0.3135426640510559,0.23287947475910187,0.7959914803504944
c52cb8c926.jpg,0.055218540132045746,0.4315665364265442,0.30105799436569214,0.6958290934562683
c531391a54.jpg,0.04831724613904953,0.3463527262210846,0.2502293884754181,0.6135885119438171
c5440d3858.jpg,0.06266429275274277,0.35440391302108765,0.34831324219703674,0.7112252712249756
c5496898d9.jpg,0.048574768006801605,0.5348951816558838,0.2479247897863388,0.5843670964241028
c54c5368af.jpg,0.056128691881895065,0.47113654017448425,0.2501697540283203,0.6670787930488586
c5656a3bc2.jpg,0.05620754510164261,0.4379287362098694,0.26327207684516907,0.7394441366195679
c570a774e2.jpg,0.035120852291584015,0.4036237299442291,0.26754894852638245,0.6883102655410767
c57cb4cc7d.jpg,0.06976532936096191,0.5135700702667236,0.2760252058506012,0.7695660591125488
c57ecc2387.jpg,0.05174322426319122,0.40622588992118835,0.22334302961826324,0.7044414281845093
c58fea646b.jpg,0.03500742465257645,0.5234947204589844,0.24163858592510223,0.6776925325393677
c5921d07d4.jpg,0.03309556096792221,0.4929535388946533,0.2173159271478653,0.7269393801689148
c595a52c39.jpg,0.08472909778356552,0.5373958349227905,0.20174738764762878,0.6595183610916138
c598a0b020.jpg,0.038937948644161224,0.5446904897689819,0.19048933684825897,0.6877403259277344
c59d7d374c.jpg,0.04843376204371452,0.562179446220398,0.2630085349082947,0.6354930400848389
c5a2b9c91c.jpg,0.062204696238040924,0.35467958450317383,0.3998817205429077,0.6433035731315613
c5acb37086.jpg,0.04465426132082939,0.3955676257610321,0.29988065361976624,0.7496634125709534
c5b7abcf1a.jpg,0.048337921500205994,0.45599520206451416,0.33593371510505676,0.651636004447937
c5c1ce91be.jpg,0.08215606212615967,0.42155879735946655,0.5492590069770813,0.7552413940429688
c5c637557c.jpg,0.07072127610445023,0.3340372145175934,0.30671820044517517,0.8229581117630005
c5df072a87.jpg,0.07866759598255157,0.3817867040634155,0.35382407903671265,0.8027704358100891
c5e14d505f.jpg,0.06249892711639404,0.3999151587486267,0.21202780306339264,0.7733508348464966
c5e6a04538.jpg,0.05450667068362236,0.4841165244579315,0.3296649158000946,0.7989481687545776
c5ec21dc91.jpg,0.06112072989344597,0.3330967128276825,0.29499590396881104,0.8185205459594727
c5edeee0c7.jpg,0.06582905352115631,0.4536775052547455,0.45773744583129883,0.6991194486618042
c5f84dbc49.jpg,0.04038781672716141,0.26707684993743896,0.22333191335201263,0.646910548210144
c6023eafa9.jpg,0.057455748319625854,0.39701318740844727,0.3229362666606903,0.827456533908844
c602fe2139.jpg,0.03212727606296539,0.5332152247428894,0.21454763412475586,0.549639880657196
c60ce9a7c7.jpg,0.08941850066184998,0.4398616552352905,0.5077080726623535,0.8188455700874329
c6145ae196.jpg,0.028033260256052017,0.5147664546966553,0.2814498543739319,0.6300027966499329
c61687bbf7.jpg,0.04077393561601639,0.4268586039543152,0.27369117736816406,0.7948639988899231
c61c78d0ca.jpg,0.059307120740413666,0.36581477522850037,0.1722254753112793,0.6851800680160522
c62219be8a.jpg,0.05158066749572754,0.4076395034790039,0.31392809748649597,0.4875754117965698
c63612e996.jpg,0.043078940361738205,0.5218693017959595,0.4453377425670624,0.8103744387626648
c6500baba8.jpg,0.03054281696677208,0.4789576530456543,0.20289456844329834,0.6457951068878174
c65d66d192.jpg,0.05397962033748627,0.2916799783706665,0.23281890153884888,0.7600823640823364
c6677c412d.jpg,0.0681648850440979,0.35979148745536804,0.33269017934799194,0.6733798980712891
c673cb8573.jpg,0.03964193910360336,0.4970672130584717,0.2807353734970093,0.7346906065940857
c67451f208.jpg,0.054925769567489624,0.392646461725235,0.27124589681625366,0.77979576587677
c68341c3b7.jpg,0.033181220293045044,0.4751039147377014,0.2012138068675995,0.722828209400177
c686b36f96.jpg,0.04535351321101189,0.4967432916164398,0.2868790924549103,0.7251707315444946
c6881f63ec.jpg,0.05637466534972191,0.651315450668335,0.24144139885902405,0.6242777109146118
c6a2fbabf7.jpg,0.05428942292928696,0.4145941436290741,0.3108660578727722,0.6480871438980103
c6a4a9aeb2.jpg,0.05168943852186203,0.45146870613098145,0.37536656856536865,0.7458831667900085
c6a58d81ef.jpg,0.032106664031744,0.3571682870388031,0.16284950077533722,0.8582226037979126
c6ad8bd40d.jpg,0.08063068240880966,0.4777759909629822,0.6331495642662048,0.7597537636756897
c6aea7cf4f.jpg,0.06085875257849693,0.4414210319519043,0.26012250781059265,0.6994789242744446
c6af326883.jpg,0.04927623271942139,0.5333596467971802,0.23991020023822784,0.6609824895858765
c6b10318be.jpg,0.03997357562184334,0.5055811405181885,0.2946814000606537,0.7201623916625977
c6c4b33994.jpg,0.10254617035388947,0.39004072546958923,0.6857226490974426,0.8126398921012878
c6d9ef38ee.jpg,0.06080681085586548,0.40133270621299744,0.2806876003742218,0.6392295360565186
c6e35b7a8e.jpg,0.03577132150530815,0.5074830651283264,0.2027089148759842,0.715964674949646
c6f400cade.jpg,0.05098980665206909,0.40114927291870117,0.21935637295246124,0.8049629926681519
c6f871bb47.jpg,0.049368858337402344,0.5220972299575806,0.3059851825237274,0.6993675231933594
c7043864d2.jpg,0.04328560084104538,0.6782832741737366,0.2545231878757477,0.5298430919647217
c72720ffb0.jpg,0.03213496506214142,0.41906410455703735,0.11704060435295105,0.6457699537277222
c736950d4e.jpg,0.05148429796099663,0.615542471408844,0.18916456401348114,0.6604947447776794
c7380a0fa2.jpg,0.04312578961253166,0.454743355512619,0.24179312586784363,0.6988639831542969
c73d060b7f.jpg,0.052956998348236084,0.2954082489013672,0.2359996736049652,0.8622618913650513
c7427a066e.jpg,0.05022145435214043,0.4619182050228119,0.25386035442352295,0.735109806060791
c74314fb5c.jpg,0.05448808893561363,0.369183212518692,0.20389415323734283,0.6524418592453003
c748dcc2c7.jpg,0.045417577028274536,0.3661707639694214,0.2501867711544037,0.9199860095977783
c74ae24a89.jpg,0.05255068838596344,0.405636727809906,0.3248555660247803,0.7377264499664307
c7608e5539.jpg,0.04711776599287987,0.35065943002700806,0.23509235680103302,0.6421315670013428
c7622b657d.jpg,0.02640639990568161,0.7100958824157715,0.22355565428733826,0.5151891708374023
c76acdaaa5.jpg,0.09788206219673157,0.29189392924308777,0.34990715980529785,0.9010713696479797
c7736d8864.jpg,0.04757468402385712,0.4062497317790985,0.3034728467464447,0.808872401714325
c7736e2c50.jpg,0.057429276406764984,0.35121190547943115,0.39209505915641785,0.8107950687408447
c77ecc882a.jpg,0.05681869387626648,0.3598417043685913,0.30904603004455566,0.7741403579711914
c78308fb1e.jpg,0.041780948638916016,0.4226406216621399,0.24647793173789978,0.7105575799942017
c7880ba0c2.jpg,0.03758369758725166,0.38555908203125,0.30539724230766296,0.7339028120040894
c788baf225.jpg,0.04886183142662048,0.3753449618816376,0.2396659106016159,0.6033707857131958
c78a6e867e.jpg,0.05414494872093201,0.37780728936195374,0.20051127672195435,0.5958106517791748
c78bc2db57.jpg,0.04656970500946045,0.3184932470321655,0.3189760148525238,0.808453381061554
c793220e43.jpg,0.05602949857711792,0.2583048939704895,0.1963607519865036,0.8288428783416748
c7bf31ca58.jpg,0.04653351753950119,0.5368759036064148,0.2144707441329956,0.6557216644287109
c7cc509a06.jpg,0.06061723083257675,0.44029268622398376,0.3713419735431671,0.689801812171936
c7d0dc1d10.jpg,0.05940672755241394,0.6713117361068726,0.3050445318222046,0.5947451591491699
c7eaf9c07a.jpg,0.06305699050426483,0.45278680324554443,0.4286229908466339,0.7917980551719666
c7f524e16e.jpg,0.04156619310379028,0.6029752492904663,0.20863553881645203,0.5591239929199219
c7f9e63db6.jpg,0.04853237792849541,0.41870740056037903,0.2443191260099411,0.7052993178367615
c80007786e.jpg,0.030877549201250076,0.6609473824501038,0.2294771522283554,0.6375417709350586
c81299eae0.jpg,0.06346844136714935,0.4283284544944763,0.4163772463798523,0.8103082776069641
c8185b191d.jpg,0.05259174108505249,0.36451372504234314,0.221661776304245,0.6936084032058716
c81b6373f2.jpg,0.04150988161563873,0.5291549563407898,0.17255528271198273,0.5970877408981323
c81c856677.jpg,0.03187843784689903,0.4605638384819031,0.2591950297355652,0.8015630841255188
c82080c8de.jpg,0.03944827616214752,0.4949702322483063,0.27004751563072205,0.6935157179832458
c82b51e41e.jpg,0.03843143582344055,0.517123818397522,0.3840148150920868,0.6847370862960815
c840700a72.jpg,0.047703713178634644,0.3152383267879486,0.22354573011398315,0.7922656536102295
c84627330d.jpg,0.06494098901748657,0.32254353165626526,0.28898653388023376,0.8134069442749023
c84660744f.jpg,0.046576112508773804,0.39786919951438904,0.21024449169635773,0.7465238571166992
c851e6f6e0.jpg,0.07897000759840012,0.3873981833457947,0.2152084857225418,0.5985114574432373
c8549dd38b.jpg,0.04794086143374443,0.5533282160758972,0.21876861155033112,0.6115483045578003
c86587b1e8.jpg,0.0330033004283905,0.5413303375244141,0.23732712864875793,0.5584675669670105
c8694cefc7.jpg,0.04404046759009361,0.40779998898506165,0.22921139001846313,0.7351916432380676
c86a62e6d2.jpg,0.040757402777671814,0.28323397040367126,0.24921785295009613,0.7404822707176208
c86f9ec4f7.jpg,0.0467987060546875,0.4316815733909607,0.203807070851326,0.7994701266288757
c87264d97f.jpg,0.06800341606140137,0.3831717073917389,0.32213690876960754,0.742431640625
c88254adbe.jpg,0.030019063502550125,0.4309850335121155,0.22963815927505493,0.6799191236495972
c882d8abac.jpg,0.035356562584638596,0.45456793904304504,0.2172907292842865,0.6995729207992554
c8840a2e27.jpg,0.037567462772130966,0.5887377858161926,0.24170233309268951,0.6446166038513184
c889794bf7.jpg,0.05181118845939636,0.44974374771118164,0.37563028931617737,0.6591879725456238
c891a570bb.jpg,0.0649525448679924,0.2586964964866638,0.3392779529094696,0.8611197471618652
c893f6e167.jpg,0.038362011313438416,0.36122915148735046,0.22760143876075745,0.7508606910705566
c898f3300d.jpg,0.049970757216215134,0.4116709232330322,0.3292556405067444,0.7696061134338379
c89c107b5b.jpg,0.0613071471452713,0.3646851181983948,0.25856396555900574,0.6531469821929932
c8a8274cb3.jpg,0.06142191216349602,0.3943548798561096,0.3169441521167755,0.7884255647659302
c8a9cfa14c.jpg,0.040541891008615494,0.6378295421600342,0.1924971342086792,0.7023502588272095
c8baedacff.jpg,0.06677816808223724,0.44573506712913513,0.43829455971717834,0.625823974609375
c8bd9caef0.jpg,0.060020409524440765,0.3790702819824219,0.48530668020248413,0.7556129693984985
c8c45ad5f1.jpg,0.042532578110694885,0.5223391056060791,0.28530728816986084,0.786029040813446
c8cb8e85e7.jpg,0.05441124737262726,0.4079495668411255,0.3447950482368469,0.7661400437355042
c8d05086f2.jpg,0.08248742669820786,0.3786875009536743,0.4740002453327179,0.6317495107650757
c8d6f98b20.jpg,0.044174663722515106,0.4443371891975403,0.31310924887657166,0.7361181974411011
c8da3631bf.jpg,0.04288744181394577,0.36206474900245667,0.2737153172492981,0.7161381244659424
c8ea1e9ef3.jpg,0.047583311796188354,0.4162192642688751,0.24634897708892822,0.5938364267349243
c8ed12953b.jpg,0.04336553066968918,0.38383781909942627,0.3073628544807434,0.7559964060783386
c8f1b865ca.jpg,0.031889982521533966,0.4638442099094391,0.241082102060318,0.7371025085449219
c8f7e3f9ee.jpg,0.025896793231368065,0.44953352212905884,0.21163365244865417,0.6924058198928833
c9020a4441.jpg,0.03329533338546753,0.5742055177688599,0.3725077509880066,0.6598332524299622
c90b0c1ad5.jpg,0.04134763777256012,0.4124157726764679,0.2656731903553009,0.7980914115905762
c91473f497.jpg,0.04384465143084526,0.3294815719127655,0.272539347410202,0.6395089030265808
c91c752661.jpg,0.040418028831481934,0.42505550384521484,0.20806559920310974,0.6010250449180603
c925172e83.jpg,0.05962414667010307,0.4042675495147705,0.36500102281570435,0.7903777956962585
c9347e1e7b.jpg,0.05983566492795944,0.4030243754386902,0.3769300580024719,0.8357594013214111
c936589fe5.jpg,0.06530745327472687,0.3924616575241089,0.3457004129886627,0.6820207834243774
c9377ac739.jpg,0.036805830895900726,0.3589712083339691,0.21381843090057373,0.7814149856567383
c943d77639.jpg,0.0643102377653122,0.5082773566246033,0.37951046228408813,0.6586040258407593
c950a3f6af.jpg,0.05713900551199913,0.4272521734237671,0.430105060338974,0.6084092855453491
c9596992ba.jpg,0.07346092909574509,0.42962080240249634,0.386005699634552,0.8655577898025513
c963de7b44.jpg,0.033606089651584625,0.4589031934738159,0.22375139594078064,0.6749416589736938
c965459a49.jpg,0.06415466964244843,0.5082191824913025,0.422452449798584,0.7312528491020203
c9677c2983.jpg,0.03918934985995293,0.6144335269927979,0.2875860333442688,0.5742165446281433
c96ca42d91.jpg,0.057028211653232574,0.5783336162567139,0.3347654342651367,0.5928395986557007
c974562e36.jpg,0.08332449942827225,0.46745938062667847,0.4368581771850586,0.826466977596283
c97cfcba7e.jpg,0.03726630657911301,0.46659421920776367,0.2326076179742813,0.5813113451004028
c9823e7ce1.jpg,0.05286204069852829,0.30550381541252136,0.26436543464660645,0.6735020875930786
c983c41dd9.jpg,0.06274119019508362,0.3412303626537323,0.3143245577812195,0.803951621055603
c986b6924c.jpg,0.060490936040878296,0.39606624841690063,0.27538445591926575,0.8477851748466492
c98a568b5d.jpg,0.02835623174905777,0.5959654450416565,0.22474674880504608,0.6029541492462158
c9aea3d9d6.jpg,0.03966343402862549,0.3586258888244629,0.2488047182559967,0.7797746658325195
c9afde6424.jpg,0.035816676914691925,0.3341237008571625,0.18657569587230682,0.8819637298583984
c9bca1b8ea.jpg,0.03914668783545494,0.37161919474601746,0.22392238676548004,0.764278769493103
c9bdf7e5df.jpg,0.04842159152030945,0.5370668172836304,0.4811496436595917,0.7242032289505005
c9c007ddc3.jpg,0.06272884458303452,0.3702112138271332,0.4185289740562439,0.6970424652099609
c9c6d6eb3a.jpg,0.037938982248306274,0.46776366233825684,0.28379765152931213,0.6362361907958984
c9cba4bd0e.jpg,0.07226899266242981,0.4165564179420471,0.485062837600708,0.7041959762573242
c9d20d84df.jpg,0.061986472457647324,0.526373565196991,0.37355443835258484,0.6479579210281372
c9d61587a2.jpg,0.04770093783736229,0.4246542453765869,0.2738844156265259,0.6735495924949646
c9e242367f.jpg,0.05998685956001282,0.38837388157844543,0.3306014835834503,0.8147332072257996
c9e589eb2d.jpg,0.05727844685316086,0.36966845393180847,0.4007905125617981,0.7556060552597046
c9ff68f5a2.jpg,0.06595482677221298,0.5329124927520752,0.2586992681026459,0.6560025215148926
ca048034a1.jpg,0.05277424678206444,0.6435524821281433,0.20226596295833588,0.5254640579223633
ca1c1e0ab4.jpg,0.038854219019412994,0.5651336908340454,0.33928701281547546,0.7246874570846558
ca2d56ade5.jpg,0.048988454043865204,0.3969903290271759,0.267763614654541,0.7101150751113892
ca350be337.jpg,0.06838227808475494,0.5814225673675537,0.24522486329078674,0.6906000971794128
ca386d38d2.jpg,0.03269688040018082,0.6751785278320312,0.13437798619270325,0.6294746994972229
ca4170de40.jpg,0.07042363286018372,0.36704128980636597,0.3769289255142212,0.8404556512832642
ca4a5b1d15.jpg,0.08487749099731445,0.48684895038604736,0.4644375443458557,0.7683749198913574
ca6254d8af.jpg,0.07650550454854965,0.3152874708175659,0.2928336560726166,0.8296496868133545
ca62c55ebe.jpg,0.03875918686389923,0.36619091033935547,0.21968767046928406,0.8046048879623413
ca66e77e70.jpg,0.03784497082233429,0.32374557852745056,0.2232765406370163,0.8182337284088135
ca6833900f.jpg,0.04877900704741478,0.40946799516677856,0.2653183043003082,0.642382800579071
ca772b116e.jpg,0.04196915775537491,0.4481348693370819,0.24712635576725006,0.6485648155212402
ca7b9ae1dd.jpg,0.04245280846953392,0.39476466178894043,0.2294521927833557,0.8532971143722534
ca7ef68a39.jpg,0.04323744773864746,0.33628833293914795,0.2294205278158188,0.8033242225646973
ca989796e8.jpg,0.05753132328391075,0.5289864540100098,0.21904028952121735,0.4739497900009155
caa1dcc886.jpg,0.03706691414117813,0.37445059418678284,0.22741129994392395,0.8871023654937744
caa6d72fa5.jpg,0.06153947114944458,0.43755149841308594,0.18916800618171692,0.576195240020752
cac056399a.jpg,0.04762984812259674,0.507094144821167,0.35302942991256714,0.8263963460922241
cac112db80.jpg,0.04984600096940994,0.36955633759498596,0.3352201581001282,0.7443450689315796
cacfe238bb.jpg,0.04783131927251816,0.3129178583621979,0.2406577467918396,0.7435200810432434
cae6f0d5e8.jpg,0.08947160094976425,0.4858073890209198,0.5547829270362854,0.75780189037323
caf18820a4.jpg,0.043821126222610474,0.24586142599582672,0.1697710007429123,0.7595531344413757
cafbfecee1.jpg,0.04879290983080864,0.31872567534446716,0.25090491771698,0.755715548992157
cafe98985e.jpg,0.049270473420619965,0.2582467794418335,0.25230053067207336,0.8510493040084839
caff162d50.jpg,0.062098197638988495,0.3158392608165741,0.32229965925216675,0.8406250476837158
cb07b1bb83.jpg,0.036815352737903595,0.4665808379650116,0.15831425786018372,0.7385028600692749
cb09a699d1.jpg,0.05660093575716019,0.3494580090045929,0.31465035676956177,0.8128349781036377
cb0fc9a127.jpg,0.041617251932621,0.5915488600730896,0.299033522605896,0.7050174474716187
cb15285d36.jpg,0.055872321128845215,0.4569609761238098,0.2873210608959198,0.6354288458824158
cb165748bf.jpg,0.10527841746807098,0.5218262076377869,0.6024625301361084,0.7673308849334717
cb324a9122.jpg,0.02710752934217453,0.48231133818626404,0.18940910696983337,0.6986578702926636
cb4aa83692.jpg,0.06835134327411652,0.38089755177497864,0.3915875554084778,0.7476229667663574
cb706347dd.jpg,0.06173393130302429,0.48341748118400574,0.3168444037437439,0.5515857934951782
cb767cd641.jpg,0.05099211260676384,0.7343751788139343,0.39109063148498535,0.5430557727813721
cb845e6db5.jpg,0.03870527446269989,0.4128958582878113,0.2861655652523041,0.7680262923240662
cb88754eed.jpg,0.04958402365446091,0.2915973961353302,0.25000476837158203,0.8219730257987976
cb91ecbdda.jpg,0.04643434286117554,0.6106148362159729,0.2547634541988373,0.6508550643920898
cb9d6af792.jpg,0.08455006778240204,0.4328334927558899,0.3677283227443695,0.7698179483413696
cb9dbaeffd.jpg,0.04873339459300041,0.456672728061676,0.3056567907333374,0.7819195985794067
cba38c093b.jpg,0.06414978206157684,0.30374279618263245,0.39199548959732056,0.744902491569519
cbafaf9b74.jpg,0.05302343890070915,0.4407745897769928,0.3026580512523651,0.7270616888999939
cbb6e14382.jpg,0.05999990552663803,0.29860830307006836,0.2910182476043701,0.7756725549697876
cbc4a88c49.jpg,0.03755853325128555,0.29968929290771484,0.26183563470840454,0.8555455207824707
cbca2560a2.jpg,0.04923945665359497,0.4007682204246521,0.24009133875370026,0.5937945246696472
cbca377969.jpg,0.051296334713697433,0.3952881991863251,0.292916476726532,0.7130325436592102
cbcc092607.jpg,0.07058024406433105,0.42809760570526123,0.3248922824859619,0.7517058253288269
cbd686ea00.jpg,0.03610016405582428,0.5005852580070496,0.23408308625221252,0.6170220971107483
cbdd08a030.jpg,0.05218532681465149,0.31881794333457947,0.3010055422782898,0.7950829863548279
cbddae001d.jpg,0.051423341035842896,0.3739023208618164,0.32892483472824097,0.7145518064498901
cbf582621e.jpg,0.08569949865341187,0.4420492649078369,0.514698326587677,0.5577728748321533
cbf635d566.jpg,0.06208976358175278,0.4821831285953522,0.3077004849910736,0.7411343455314636
cbfb794656.jpg,0.03814975917339325,0.4713713526725769,0.2458413541316986,0.6752763390541077
cc03a70f14.jpg,0.05402828007936478,0.31862595677375793,0.2711852192878723,0.7200062274932861
cc0a0dab48.jpg,0.051374517381191254,0.4763687252998352,0.30683207511901855,0.697955846786499
cc27c5fa12.jpg,0.05044950172305107,0.47893550992012024,0.19330629706382751,0.5460139513015747
cc37cc11a3.jpg,0.03756672888994217,0.458530992269516,0.2738036513328552,0.7014903426170349
cc397c87b0.jpg,0.06378055363893509,0.39239317178726196,0.40349721908569336,0.807249903678894
cc3d775c49.jpg,0.05528020113706589,0.3688061237335205,0.3357309103012085,0.7769734263420105
cc46b14bbf.jpg,0.04621065780520439,0.23775656521320343,0.20679667592048645,0.8493397235870361
cc47cfe509.jpg,0.043130915611982346,0.5062568187713623,0.2251829355955124,0.7106845378875732
cc48975f1d.jpg,0.055634018033742905,0.4243575930595398,0.44023561477661133,0.7866408824920654
cc4e40864c.jpg,0.06777775287628174,0.4095398485660553,0.42125582695007324,0.7942212224006653
cc5078a63b.jpg,0.029957344755530357,0.6767745018005371,0.18934378027915955,0.6385509967803955
cc57246e94.jpg,0.03334382176399231,0.5626095533370972,0.15193447470664978,0.6860657334327698
cc5ba51fab.jpg,0.034032292664051056,0.37953343987464905,0.22031450271606445,0.8274282217025757
cc5fa7dcc6.jpg,0.038091473281383514,0.6141283512115479,0.42085596919059753,0.7010494470596313
cc700e2ff5.jpg,0.025779282674193382,0.6117227077484131,0.24605080485343933,0.6956623792648315
cc701e6899.jpg,0.04790060967206955,0.4782811403274536,0.44423195719718933,0.8192054033279419
cc74028fc2.jpg,0.0456806942820549,0.5621272325515747,0.27368611097335815,0.5654340982437134
cc79011331.jpg,0.04141969978809357,0.2830171585083008,0.20243464410305023,0.8014962673187256
cc85351248.jpg,0.055260561406612396,0.40724432468414307,0.29951226711273193,0.8113819360733032
cc8ce9bce8.jpg,0.05671248957514763,0.4573425054550171,0.2974318265914917,0.7296183705329895
cc8ea5c3ef.jpg,0.07468713819980621,0.3814464807510376,0.39102426171302795,0.8557448387145996
cc9c7d2ee1.jpg,0.04990456625819206,0.45042797923088074,0.3900894820690155,0.7409073114395142
cca944dbaa.jpg,0.05576633661985397,0.4821382164955139,0.206931471824646,0.772630512714386
ccac22a865.jpg,0.049630921334028244,0.38598403334617615,0.25054478645324707,0.7060832977294922
ccb1c281ea.jpg,0.07678443193435669,0.39352884888648987,0.4045487642288208,0.8067182302474976
ccdae48f44.jpg,0.040810905396938324,0.4409608840942383,0.23354434967041016,0.6452720165252686
ccdb51d513.jpg,0.0596507303416729,0.3946526050567627,0.3879764974117279,0.6193516850471497
cce7dc8ab2.jpg,0.062118180096149445,0.3293302059173584,0.2417677342891693,0.7345882058143616
cceb177f89.jpg,0.059267155826091766,0.3111949563026428,0.2850266695022583,0.7579763531684875
ccf03e66bc.jpg,0.0319276861846447,0.5324684381484985,0.23570045828819275,0.6866040825843811
ccf1814c56.jpg,0.03663233295083046,0.4710676670074463,0.2353288233280182,0.7324093580245972
cd002af052.jpg,0.028126243501901627,0.5603475570678711,0.35470420122146606,0.6932797431945801
cd002f704d.jpg,0.04099036380648613,0.37578701972961426,0.24318915605545044,0.7071288228034973
cd06750eef.jpg,0.036928050220012665,0.32765352725982666,0.1838446706533432,0.8592245578765869
cd06b978fe.jpg,0.05293869972229004,0.3838219940662384,0.3634098172187805,0.8099279403686523
cd093d4318.jpg,0.068132683634758,0.4824724793434143,0.3665938973426819,0.6722198724746704
cd0952c111.jpg,0.05857938528060913,0.3542865514755249,0.3039332330226898,0.7800848484039307
cd1cb040fe.jpg,0.04357132315635681,0.3724031448364258,0.25006285309791565,0.7008951306343079
cd303186fb.jpg,0.0326828695833683,0.6403374075889587,0.30281925201416016,0.5638192892074585
cd34097029.jpg,0.042138777673244476,0.47333672642707825,0.3254561424255371,0.6271150708198547
cd396d99a3.jpg,0.04158458858728409,0.5190092325210571,0.34772196412086487,0.6998891830444336
cd3feb1181.jpg,0.043790750205516815,0.4728441536426544,0.3763900399208069,0.708163857460022
cd5d08f5be.jpg,0.055487047880887985,0.3732096552848816,0.32824236154556274,0.7649412155151367
cd5e26b488.jpg,0.053891539573669434,0.4866103231906891,0.32020100951194763,0.7632864713668823
cd697d2806.jpg,0.05363684892654419,0.3245096206665039,0.3254513442516327,0.7261069416999817
cd6ebe93ba.jpg,0.04491593688726425,0.5514843463897705,0.24563172459602356,0.6712567210197449
cd7c6b3be6.jpg,0.0769808292388916,0.38466721773147583,0.3224177956581116,0.8334892988204956
cd805dd2c1.jpg,0.05226796120405197,0.35207751393318176,0.4287511110305786,0.7783364653587341
cd813194f8.jpg,0.03811652585864067,0.5465455651283264,0.25770121812820435,0.6450822353363037
cd8869c459.jpg,0.05700923129916191,0.3351849615573883,0.2735098600387573,0.7243470549583435
cd8f124bd5.jpg,0.0486404113471508,0.3863508701324463,0.2645370364189148,0.7313860654830933
cd909a57e7.jpg,0.04757510870695114,0.4450480043888092,0.31456342339515686,0.7378724813461304
cd91b78ba2.jpg,0.034035421907901764,0.46628275513648987,0.26485368609428406,0.7537621855735779
cd9d87bc3d.jpg,0.056021593511104584,0.45967382192611694,0.30365872383117676,0.7358083128929138
cdb10fd47a.jpg,0.04181082546710968,0.6739381551742554,0.4099145233631134,0.6962536573410034
cdb621d29d.jpg,0.05040258169174194,0.43182966113090515,0.3672083914279938,0.6292648911476135
cdd0aedc77.jpg,0.04013044759631157,0.6590054035186768,0.3502829372882843,0.7410452961921692
cddb43b9e7.jpg,0.04235319420695305,0.5706409811973572,0.21653425693511963,0.7495824694633484
cddc890db6.jpg,0.043377406895160675,0.530895471572876,0.24967187643051147,0.7097806930541992
cde8917c39.jpg,0.03983102738857269,0.4470767676830292,0.36850351095199585,0.6784234046936035
ce09815c9c.jpg,0.03175562247633934,0.5157882571220398,0.24773162603378296,0.5620675086975098
ce107a12eb.jpg,0.0657639130949974,0.42011508345603943,0.4129200279712677,0.7958070635795593
ce15456147.jpg,0.043872278183698654,0.5677819848060608,0.24620136618614197,0.687606692314148
ce1740b144.jpg,0.04705888777971268,0.4244624674320221,0.2314499020576477,0.6493175625801086
ce18e0a0f5.jpg,0.061092227697372437,0.42345356941223145,0.4836300015449524,0.7825042605400085
ce2918591f.jpg,0.06020505726337433,0.26296696066856384,0.2642604112625122,0.7383265495300293
ce2a521382.jpg,0.04138154909014702,0.4622494578361511,0.18555185198783875,0.5970309972763062
ce4521380b.jpg,0.034093841910362244,0.680267333984375,0.24775022268295288,0.6971180438995361
ce4868171a.jpg,0.04440442845225334,0.5233946442604065,0.3818172812461853,0.590847373008728
ce4c59ff3a.jpg,0.04306254908442497,0.34227538108825684,0.28985220193862915,0.7841399908065796
ce55094dff.jpg,0.04477578401565552,0.6421436071395874,0.2557714283466339,0.6142959594726562
ce56788f42.jpg,0.05856288596987724,0.4587206244468689,0.400162935256958,0.8021227121353149
ce5ac8d0da.jpg,0.06061366945505142,0.44647565484046936,0.35506588220596313,0.8059755563735962
ce5b830de2.jpg,0.04713882505893707,0.27174824476242065,0.2652309536933899,0.8264310359954834
ce5d913383.jpg,0.055122341960668564,0.5141435861587524,0.32702985405921936,0.7459560632705688
ce6578f48a.jpg,0.0666748583316803,0.4107716679573059,0.36405450105667114,0.8609614372253418
ce7a05feca.jpg,0.054017480462789536,0.5205409526824951,0.43839412927627563,0.764651894569397
ce83fda480.jpg,0.04239910468459129,0.4617200195789337,0.2141297161579132,0.708543062210083
ce9872420a.jpg,0.03132779151201248,0.6669126749038696,0.4002935290336609,0.5405399799346924
ce9998c68f.jpg,0.046515803784132004,0.38331782817840576,0.2929617464542389,0.6190134882926941
cec03efc5b.jpg,0.06406079977750778,0.48874151706695557,0.29497554898262024,0.6669068336486816
cec134e6c0.jpg,0.08244921267032623,0.35283225774765015,0.35385870933532715,0.7856233716011047
ceca1f8fa9.jpg,0.055201973766088486,0.5042839050292969,0.2166237086057663,0.5975933074951172
ced29e1b27.jpg,0.07804406434297562,0.33692312240600586,0.2585103511810303,0.7115200161933899
ceed1c7fc6.jpg,0.06242557615041733,0.33865535259246826,0.32608872652053833,0.810238242149353
cefe679fa9.jpg,0.05840856954455376,0.27688172459602356,0.2951885759830475,0.7624686360359192
cf019642a5.jpg,0.06102369353175163,0.34653207659721375,0.35536718368530273,0.7702576518058777
cf02f9afe4.jpg,0.057116370648145676,0.44909781217575073,0.381913423538208,0.6513540744781494
cf137a4d6f.jpg,0.0392548106610775,0.3732061982154846,0.2320246696472168,0.8208270072937012
cf1d695996.jpg,0.059997282922267914,0.4082259237766266,0.32896846532821655,0.7470759153366089
cf32b9f4e9.jpg,0.055006008595228195,0.5238087177276611,0.25125306844711304,0.6901412606239319
cf36c56c38.jpg,0.0473480224609375,0.47282880544662476,0.28893741965293884,0.7937673330307007
cf38193966.jpg,0.04466266557574272,0.35862693190574646,0.30334001779556274,0.7411877512931824
cf46e070e9.jpg,0.09102034568786621,0.43431714177131653,0.47714003920555115,0.8742966055870056
cf476a1333.jpg,0.06207720935344696,0.4285880923271179,0.2531101405620575,0.6496775150299072
cf510d8083.jpg,0.038599979132413864,0.43871861696243286,0.2686900794506073,0.6980151534080505
cf5d68fd72.jpg,0.057487886399030685,0.4493589401245117,0.23669913411140442,0.6333858966827393
cf6530e446.jpg,0.04217338562011719,0.6148349642753601,0.25290897488594055,0.6679190397262573
cf6742d301.jpg,0.053762733936309814,0.554756760597229,0.28438469767570496,0.7199345231056213
cf8e66be82.jpg,0.05458557605743408,0.22308336198329926,0.30095741152763367,0.7688494920730591
cfb3b9881d.jpg,0.03222054988145828,0.5408560633659363,0.16035884618759155,0.6354803442955017
cfbca208c3.jpg,0.0512843132019043,0.39003199338912964,0.32951730489730835,0.7873189449310303
cfbcd9372b.jpg,0.07746748626232147,0.28881123661994934,0.372132271528244,0.8382977843284607
cfc2bf0c47.jpg,0.028693964704871178,0.5202174782752991,0.21841901540756226,0.705033004283905
cfc6d4340f.jpg,0.05960967391729355,0.7048971652984619,0.2579115927219391,0.49170055985450745
cfd44c64b5.jpg,0.05991991609334946,0.40655219554901123,0.23138347268104553,0.7224541306495667
cfdaa19397.jpg,0.04869631677865982,0.3517378568649292,0.26224690675735474,0.7631021738052368
cfe8899a0a.jpg,0.05805486440658569,0.49896731972694397,0.35061171650886536,0.7660576701164246
cff53a63a5.jpg,0.028987865895032883,0.5482480525970459,0.2607269287109375,0.6288552284240723
d003814d0e.jpg,0.053436510264873505,0.46470341086387634,0.18433457612991333,0.7551835179328918
d00da2c9a6.jpg,0.05830708146095276,0.4019487798213959,0.30707401037216187,0.6691015362739563
d01c505d6c.jpg,0.046023380011320114,0.45824193954467773,0.22181063890457153,0.7514044046401978
d01ee012a8.jpg,0.07074232399463654,0.3845350742340088,0.3143447935581207,0.6678805351257324
d03cc29634.jpg,0.08201953768730164,0.4330081045627594,0.31012728810310364,0.8259570598602295
d03eda30db.jpg,0.04376053065061569,0.3746309280395508,0.3040420711040497,0.673184335231781
d053572af4.jpg,0.045010268688201904,0.4990290701389313,0.24280577898025513,0.7271060943603516
d05f7b46c4.jpg,0.032936714589595795,0.6825845241546631,0.3685894012451172,0.669777512550354
d0765946b2.jpg,0.053755998611450195,0.4550710618495941,0.3157676160335541,0.6807582378387451
d08cb8e751.jpg,0.03907287120819092,0.5717813372612,0.21404197812080383,0.7030588984489441
d09ad65e9a.jpg,0.04099117964506149,0.5114712715148926,0.2235487401485443,0.6636662483215332
d0a1eed9dd.jpg,0.19255515933036804,0.5151708126068115,0.34168392419815063,0.7178194522857666
d0b792d050.jpg,0.05646386742591858,0.4197629988193512,0.452085018157959,0.7606396675109863
d0be1cb49b.jpg,0.05406508967280388,0.4233185052871704,0.276587575674057,0.7287255525588989
d0bf5f6a79.jpg,0.10270341485738754,0.3991609215736389,0.4900209903717041,0.7915433049201965
d0c2bf5ee4.jpg,0.043494872748851776,0.3147858679294586,0.23518186807632446,0.7754722237586975
d0c5001014.jpg,0.05244966596364975,0.28812557458877563,0.29871460795402527,0.8694653511047363
d0cb3e02c5.jpg,0.040317948907613754,0.4120631515979767,0.2804587483406067,0.7289212942123413
d0de1d07ab.jpg,0.058295838534832,0.4556625485420227,0.39321810007095337,0.7835965156555176
d0e02b3cca.jpg,0.04467080160975456,0.6251623034477234,0.2755803167819977,0.5238498449325562
d0e5067af3.jpg,0.07397355884313583,0.4756755530834198,0.5094090700149536,0.8191515803337097
d0eda9c6a2.jpg,0.050813429057598114,0.42717084288597107,0.24779736995697021,0.7670520544052124
d0f878cc17.jpg,0.03506992757320404,0.5924615859985352,0.20840568840503693,0.6115717887878418
d0ff4dbd71.jpg,0.06322097778320312,0.6844387054443359,0.34080737829208374,0.7194716930389404
d1015b409e.jpg,0.05408048629760742,0.5301660299301147,0.24848690629005432,0.5050656795501709
d104600dfb.jpg,0.046654112637043,0.4398248493671417,0.24004510045051575,0.7817318439483643
d12a49b5f4.jpg,0.04938744753599167,0.24825654923915863,0.253001868724823,0.7646976709365845
d1340eb9e0.jpg,0.05981940031051636,0.5186080932617188,0.4193984866142273,0.6382901668548584
d14363b745.jpg,0.07876767963171005,0.4332845211029053,0.4962921142578125,0.7497243285179138
d146966f14.jpg,0.05469328165054321,0.3465127646923065,0.27610453963279724,0.716606080532074
d161e72471.jpg,0.04465511068701744,0.37694430351257324,0.24818183481693268,0.7553499937057495
d169a63b7f.jpg,0.10708360373973846,0.34454652667045593,0.4538615047931671,0.7710033655166626
d17d89d337.jpg,0.07472255825996399,0.49963682889938354,0.5146226286888123,0.6478754281997681
d1879069e7.jpg,0.07475662976503372,0.6205095052719116,0.35178086161613464,0.5885447859764099
d188b93438.jpg,0.030819719657301903,0.45488524436950684,0.29433128237724304,0.6453546285629272
d188df6a22.jpg,0.04361507296562195,0.5927802920341492,0.18595458567142487,0.6040899157524109
d1893ab238.jpg,0.04500594362616539,0.3282468616962433,0.2874072790145874,0.7101051807403564
d1a661c8da.jpg,0.05692948400974274,0.367961049079895,0.3394744098186493,0.7555515766143799
d1a6cb893d.jpg,0.04954841732978821,0.6487907767295837,0.17795492708683014,0.6416961550712585
d1ad00d90c.jpg,0.032574113458395004,0.506637692451477,0.23066776990890503,0.6146201491355896
d1e043b730.jpg,0.0548141710460186,0.36726850271224976,0.3587111234664917,0.8024705648422241
d1e060bfb6.jpg,0.0425434485077858,0.4665483832359314,0.2425665408372879,0.8034901022911072
d1e18d7e5b.jpg,0.05344131588935852,0.6132646203041077,0.30872100591659546,0.4805178940296173
d1e6fbffd7.jpg,0.05325457453727722,0.449127197265625,0.41921719908714294,0.7108640670776367
d1f62310c3.jpg,0.043435633182525635,0.36082959175109863,0.191118523478508,0.7454515695571899
d225c560e6.jpg,0.05331452935934067,0.3526737689971924,0.2708381414413452,0.785077691078186
d246393b8c.jpg,0.049240704625844955,0.5691366195678711,0.21786747872829437,0.5765788555145264
d279169f0b.jpg,0.043120890855789185,0.5921401381492615,0.2520502507686615,0.6718525886535645
d27b1e3c9b.jpg,0.09276317059993744,0.44161999225616455,0.39565834403038025,0.7393590211868286
d2b5bc2fec.jpg,0.06444256007671356,0.41678714752197266,0.3034592270851135,0.7218295931816101
d2c6728caf.jpg,0.032489240169525146,0.48944008350372314,0.2981157898902893,0.806804895401001
d2d4d23be2.jpg,0.06922391057014465,0.4266015887260437,0.5619773864746094,0.8155134916305542
d2db5c1d58.jpg,0.030047034844756126,0.6011745929718018,0.21927663683891296,0.710084080696106
d2e17623a7.jpg,0.04548448324203491,0.5242284536361694,0.25406503677368164,0.38797712326049805
d2e6f685fd.jpg,0.057006239891052246,0.4847743511199951,0.4338007867336273,0.7056869864463806
d2e84b4d1e.jpg,0.04764312133193016,0.43209701776504517,0.2558242380619049,0.6770148873329163
d2fc2edddc.jpg,0.04268760606646538,0.46158984303474426,0.29560962319374084,0.8257126808166504
d314454c0e.jpg,0.05065502971410751,0.36810919642448425,0.2773641049861908,0.7475009560585022
d314628676.jpg,0.03639018535614014,0.43595579266548157,0.32410621643066406,0.7387913465499878
d3154830df.jpg,0.0475851371884346,0.4729565382003784,0.23859624564647675,0.7378807067871094
d31a8ff3a5.jpg,0.0478864423930645,0.3598349392414093,0.2335325926542282,0.7085510492324829
d32205861f.jpg,0.0304974727332592,0.3517951965332031,0.20448291301727295,0.7688764333724976
d3269848d4.jpg,0.050240658223629,0.4256352186203003,0.3348661959171295,0.7914305925369263
d3284f750d.jpg,0.04233524203300476,0.41886115074157715,0.1991238296031952,0.7167665958404541
d32eb0c36c.jpg,0.058085910975933075,0.4459606111049652,0.3640922009944916,0.7369041442871094
d32ed2129f.jpg,0.04524381458759308,0.317966103553772,0.2892695665359497,0.7954577803611755
d33072a436.jpg,0.03922034800052643,0.4386320412158966,0.16869470477104187,0.731160044670105
d336c14238.jpg,0.05180874466896057,0.3622603416442871,0.24623563885688782,0.7685561180114746
d3394edae8.jpg,0.08275008201599121,0.4041939079761505,0.33846384286880493,0.8066427707672119
d33f9a1542.jpg,0.07790030539035797,0.37096554040908813,0.2833465039730072,0.7568836808204651
d35ae2cbae.jpg,0.0577239915728569,0.6802859902381897,0.29396525025367737,0.664017915725708
d35bc5d14a.jpg,0.036769311875104904,0.5118787884712219,0.2529182732105255,0.7659732103347778
d3650f6c75.jpg,0.07853897660970688,0.4294418692588806,0.3637390732765198,0.7162421941757202
d3703e6c9e.jpg,0.05951206013560295,0.3543441891670227,0.279192715883255,0.7725331783294678
d37045ad87.jpg,0.0702209547162056,0.5117266178131104,0.4573379158973694,0.7081340551376343
d37e5269d1.jpg,0.05524010956287384,0.37483105063438416,0.27745869755744934,0.8652504086494446
d38aea73cd.jpg,0.04762846231460571,0.3637838363647461,0.2773199677467346,0.725859522819519
d38b20fe5c.jpg,0.034411199390888214,0.517324686050415,0.23950059711933136,0.7193927764892578
d3930d44de.jpg,0.0421779565513134,0.5988295078277588,0.26750659942626953,0.6518115997314453
d3957c616c.jpg,0.10216492414474487,0.4133342206478119,0.3614950478076935,0.7188787460327148
d39869db76.jpg,0.03632586821913719,0.36929836869239807,0.19723990559577942,0.8266398310661316
d3a25f9804.jpg,0.06260670721530914,0.4924664795398712,0.31176596879959106,0.5375353097915649
d3aab5add0.jpg,0.047498803585767746,0.3330862522125244,0.2780916392803192,0.787050724029541
d3b6567912.jpg,0.04428920894861221,0.4872400462627411,0.3306506872177124,0.6369377374649048
d3c463dd3b.jpg,0.05106357857584953,0.5489935874938965,0.23589950799942017,0.7061536312103271
d3c57387ec.jpg,0.03946402296423912,0.5737634301185608,0.2558063864707947,0.5317352414131165
d3f0e309e0.jpg,0.05493617057800293,0.3187074065208435,0.2546042203903198,0.8407369256019592
d3f0f026a8.jpg,0.05353584885597229,0.47745195031166077,0.2808474004268646,0.629726767539978
d3f2a0bb2c.jpg,0.045332662761211395,0.44789016246795654,0.2542450428009033,0.7321521043777466
d3f454681f.jpg,0.06163204833865166,0.4451489746570587,0.26510804891586304,0.6729607582092285
d3f696828f.jpg,0.04863999783992767,0.36462700366973877,0.2769944667816162,0.8258280754089355
d3ff9bca9e.jpg,0.051552414894104004,0.45311933755874634,0.28725504875183105,0.6497328281402588
d415017bc2.jpg,0.04155556857585907,0.4960908889770508,0.2812064588069916,0.7294208407402039
d418ba98f8.jpg,0.044724978506565094,0.5096735954284668,0.22427180409431458,0.7373790740966797
d41cc915ff.jpg,0.029638074338436127,0.37087389826774597,0.1662919968366623,0.8579853773117065
d42372229a.jpg,0.045419029891490936,0.5743362307548523,0.27636638283729553,0.6316176652908325
d42f03cd81.jpg,0.05555596202611923,0.37136852741241455,0.2890830636024475,0.764575183391571
d42f6d7652.jpg,0.03957261145114899,0.49381792545318604,0.25581252574920654,0.7315366268157959
d4471a4a4e.jpg,0.037574492394924164,0.48909512162208557,0.28496095538139343,0.6382831335067749
d44857998f.jpg,0.03792106360197067,0.5716540217399597,0.23219572007656097,0.6319546699523926
d4689bd3d9.jpg,0.043211471289396286,0.3051762580871582,0.15088945627212524,0.8368644714355469
d47b4da779.jpg,0.04597102105617523,0.4235994219779968,0.3339642584323883,0.7809399962425232
d4844e2dad.jpg,0.04853140562772751,0.6701171398162842,0.36214178800582886,0.5617117881774902
d48a2d6bfd.jpg,0.0512152723968029,0.39223334193229675,0.27095943689346313,0.758413553237915
d48b8bf03a.jpg,0.07678793370723724,0.45974433422088623,0.3262516260147095,0.7741933465003967
d492ae08d5.jpg,0.10787077993154526,0.35129860043525696,0.7239124178886414,0.7673149108886719
d498591082.jpg,0.11986043304204941,0.5498813986778259,0.3496664762496948,0.7327888011932373
d4a71919e4.jpg,0.04817090928554535,0.655246376991272,0.4703662395477295,0.7426574230194092
d4bb813fdc.jpg,0.06974175572395325,0.43619003891944885,0.4595569372177124,0.6180151700973511
d4c215c09e.jpg,0.0567227266728878,0.3279411196708679,0.22393187880516052,0.7650361061096191
d4c2eb38da.jpg,0.04076416417956352,0.5865722894668579,0.16780124604701996,0.5515698194503784
d4cbd9c9b0.jpg,0.054341137409210205,0.5229378938674927,0.24468690156936646,0.8177083730697632
d4cdb47bdf.jpg,0.04415518045425415,0.4219030737876892,0.23226574063301086,0.6238766312599182
d4ce5e251f.jpg,0.044312141835689545,0.2763858735561371,0.24356862902641296,0.7483568787574768
d4d578acf5.jpg,0.03471033275127411,0.4135112166404724,0.17608273029327393,0.5183203220367432
d4dbddb77b.jpg,0.034433718770742416,0.46598872542381287,0.21181614696979523,0.7654601335525513
d4de7602c5.jpg,0.05799274146556854,0.41389745473861694,0.3364153504371643,0.7864068746566772
d4dee83e40.jpg,0.058308474719524384,0.352405846118927,0.3536074757575989,0.7895975708961487
d4e9f0b0ce.jpg,0.035631678998470306,0.2503757178783417,0.15447717905044556,0.7887492775917053
d4f60f4701.jpg,0.06582790613174438,0.6155596375465393,0.3074621856212616,0.6591014862060547
d4f9dfa248.jpg,0.06022454425692558,0.2748934030532837,0.2911997139453888,0.7924689650535583
d509c85ae9.jpg,0.0672086700797081,0.3661292791366577,0.33113884925842285,0.8276524543762207
d5111e3439.jpg,0.0618591383099556,0.37909501791000366,0.3375425934791565,0.7838507294654846
d52dea5485.jpg,0.05619648098945618,0.4500121474266052,0.4008116126060486,0.7567917108535767
d532d31ce9.jpg,0.056431591510772705,0.4360024631023407,0.2768280506134033,0.7126955389976501
d53b1a61cc.jpg,0.05859893560409546,0.3524969220161438,0.39581164717674255,0.6642316579818726
d53c1a6896.jpg,0.06258176267147064,0.44983774423599243,0.2580045759677887,0.8036767244338989
d53c658d5d.jpg,0.051085662096738815,0.3388540744781494,0.27627354860305786,0.7531429529190063
d549b4831b.jpg,0.03959488868713379,0.43373242020606995,0.3304801881313324,0.8060997128486633
d5568c935b.jpg,0.04907558858394623,0.3954368233680725,0.2458227574825287,0.6835038661956787
d565375662.jpg,0.04402025043964386,0.38212716579437256,0.20414087176322937,0.5902783870697021
d5672156cb.jpg,0.06429622322320938,0.3545421361923218,0.24006813764572144,0.7218614816665649
d5687d4334.jpg,0.028803028166294098,0.5966717004776001,0.283792644739151,0.5399408936500549
d573bdf312.jpg,0.07100413739681244,0.42553848028182983,0.49818235635757446,0.7776117324829102
d587e73d3c.jpg,0.056134652346372604,0.4268704354763031,0.3015167713165283,0.5063349008560181
d58ae30774.jpg,0.05078740045428276,0.32326123118400574,0.253703773021698,0.7408221960067749
d59e1972e6.jpg,0.04186186194419861,0.5117298364639282,0.2562522292137146,0.5885552167892456
d5a509f069.jpg,0.06282158941030502,0.5529541373252869,0.24200284481048584,0.4916835427284241
d5a787ca7f.jpg,0.06569042801856995,0.30275315046310425,0.24698588252067566,0.8501083850860596
d5bdd46e8e.jpg,0.05342967435717583,0.36848822236061096,0.243474081158638,0.6426990032196045
d5c5f591ab.jpg,0.04108574613928795,0.580763578414917,0.3427003026008606,0.7517291307449341
d5c7781f64.jpg,0.04885076731443405,0.4307308793067932,0.31403300166130066,0.7187255620956421
d5d2fad470.jpg,0.06637812405824661,0.36670196056365967,0.4040485620498657,0.7759655714035034
d5d5790444.jpg,0.03875518590211868,0.3591074049472809,0.28054487705230713,0.6798714995384216
d5d6b091be.jpg,0.0812944620847702,0.46533921360969543,0.4833992123603821,0.7546284794807434
d5df90dea4.jpg,0.0723121166229248,0.34975340962409973,0.3933015763759613,0.8474105596542358
d5f266c340.jpg,0.02427367866039276,0.7230232954025269,0.3044658303260803,0.7158365845680237
d5f3633c07.jpg,0.06754050403833389,0.458989679813385,0.38332438468933105,0.711646318435669
d5fa8c4e07.jpg,0.03693968802690506,0.44135525822639465,0.2834080457687378,0.6659613847732544
d5fd16b1ae.jpg,0.046292148530483246,0.3938426375389099,0.3770581781864166,0.8068690299987793
d604fa140f.jpg,0.039068229496479034,0.5737206339836121,0.30198752880096436,0.646915078163147
d6086a2b97.jpg,0.05063912272453308,0.3576611280441284,0.26417309045791626,0.8086021542549133
d615a2ad47.jpg,0.05380804464221001,0.4103776812553406,0.2988490164279938,0.7330679297447205
d62a9671f5.jpg,0.06314310431480408,0.3212110996246338,0.24464446306228638,0.7264081239700317
d62e9d07dd.jpg,0.03512986749410629,0.5271166563034058,0.17462119460105896,0.7557854056358337
d62eeaccb0.jpg,0.055255621671676636,0.3343193531036377,0.39635100960731506,0.8771505355834961
d63d194a4d.jpg,0.031587302684783936,0.641840934753418,0.26121219992637634,0.6057531833648682
d64608c4e4.jpg,0.04792463034391403,0.6288822889328003,0.21344085037708282,0.5299488306045532
d6485b0368.jpg,0.045330710709095,0.3756570518016815,0.2542613446712494,0.7691667675971985
d665568cdf.jpg,0.09869929403066635,0.4449559152126312,0.6325375437736511,0.7802218198776245
d6711262bf.jpg,0.05758211016654968,0.3907426595687866,0.26623836159706116,0.8008036613464355
d696cf4eaf.jpg,0.07678914070129395,0.45878875255584717,0.4611794948577881,0.6520838141441345
d6970035e5.jpg,0.07208322733640671,0.3684675097465515,0.2709839344024658,0.5372608304023743
d6a2175011.jpg,0.07741589844226837,0.5155476331710815,0.46926069259643555,0.638007640838623
d6a72784ba.jpg,0.04657150059938431,0.5630884170532227,0.2475995272397995,0.716604471206665
d6ae4d6c30.jpg,0.05165349692106247,0.7162464261054993,0.37684911489486694,0.765923023223877
d6b0733797.jpg,0.054441869258880615,0.5581080913543701,0.3421659469604492,0.7648757696151733
d6c5343b4f.jpg,0.0768563523888588,0.3493598401546478,0.3826190233230591,0.849403977394104
d6d5bf2fc2.jpg,0.05311557650566101,0.4591367542743683,0.22939112782478333,0.6714359521865845
d6d97e039e.jpg,0.039831217378377914,0.5329914093017578,0.2190958708524704,0.5939352512359619
d6da10b7f5.jpg,0.04909206181764603,0.348453164100647,0.3050134778022766,0.7709928750991821
d6dcf25188.jpg,0.0480799525976181,0.4394656717777252,0.16914674639701843,0.6607354879379272
d6e30ab5d6.jpg,0.06839143484830856,0.3196145296096802,0.29680901765823364,0.8009052872657776
d6ec137527.jpg,0.045826565474271774,0.330941766500473,0.28734493255615234,0.7224693894386292
d6ffd07557.jpg,0.07158800959587097,0.4734226167201996,0.31058093905448914,0.5934695601463318
d710d55142.jpg,0.034739900380373,0.37250587344169617,0.2639395594596863,0.8415725231170654
d711d39160.jpg,0.04356718063354492,0.4327663481235504,0.23312082886695862,0.6811175346374512
d725fc1f6c.jpg,0.05124876648187637,0.3819684386253357,0.25881436467170715,0.7765023708343506
d735b2e3ba.jpg,0.03066752851009369,0.533296525478363,0.2190854549407959,0.6224111914634705
d73677d70a.jpg,0.05199311673641205,0.4977937340736389,0.27836525440216064,0.7148341536521912
d74102274f.jpg,0.04317587614059448,0.49522262811660767,0.3187215030193329,0.7386675477027893
d744753df3.jpg,0.059019964188337326,0.38601234555244446,0.35894134640693665,0.8529208898544312
d750bc223e.jpg,0.04778076335787773,0.437468945980072,0.21856689453125,0.6720868945121765
d768b070fb.jpg,0.04490530490875244,0.5640065670013428,0.32667726278305054,0.6560484170913696
d76a286580.jpg,0.05084727331995964,0.4211764335632324,0.2759213447570801,0.7807927131652832
d77588d82a.jpg,0.05368881672620773,0.5538365244865417,0.233333021402359,0.6193895936012268
d780fc984e.jpg,0.07292188704013824,0.396240234375,0.5889807343482971,0.7664819955825806
d782a6d8c3.jpg,0.05521697923541069,0.4229518175125122,0.2291182279586792,0.7209371328353882
d782a9909e.jpg,0.0406278520822525,0.6406441330909729,0.26401397585868835,0.5721918344497681
d7931ef243.jpg,0.05301239341497421,0.38770925998687744,0.3209223449230194,0.7511957883834839
d796721fb5.jpg,0.07465517520904541,0.41869717836380005,0.4220207929611206,0.6934490203857422
d7a476f83c.jpg,0.024852272123098373,0.49862638115882874,0.23233996331691742,0.773991048336029
d7a5cd28b6.jpg,0.036751147359609604,0.4509703516960144,0.2685243785381317,0.6949408650398254
d7a7a0f511.jpg,0.0337069034576416,0.5349352359771729,0.23285405337810516,0.7753481864929199
d7a88b2a80.jpg,0.059093885123729706,0.39862826466560364,0.35087645053863525,0.721476674079895
d7aba83758.jpg,0.05259139463305473,0.3536339998245239,0.2726086676120758,0.6519750356674194
d7b0822c4d.jpg,0.04899147152900696,0.3875356912612915,0.2668095529079437,0.6365465521812439
d7ba967556.jpg,0.044792644679546356,0.44447973370552063,0.34242066740989685,0.8182095289230347
d7c80f2f1c.jpg,0.053726714104413986,0.34003421664237976,0.25001004338264465,0.6275246143341064
d7d2dcd8cb.jpg,0.0493137501180172,0.32950451970100403,0.23415318131446838,0.6865073442459106
d7db542422.jpg,0.06156183406710625,0.48272913694381714,0.25198546051979065,0.6265584230422974
d7e12eb311.jpg,0.04087216779589653,0.5768365859985352,0.2473464012145996,0.585978627204895
d7e1b8775d.jpg,0.06577475368976593,0.4226823151111603,0.29920923709869385,0.788833498954773
d7e64f3b75.jpg,0.036139652132987976,0.5172505974769592,0.22696703672409058,0.7235701680183411
d7e948b103.jpg,0.08183371275663376,0.3739706873893738,0.4057902991771698,0.8519520163536072
d7f0767146.jpg,0.0596521720290184,0.29748454689979553,0.3120581805706024,0.7231389284133911
d7f614f501.jpg,0.034897852689027786,0.41024503111839294,0.237930566072464,0.766616702079773
d7f98bd210.jpg,0.052113305777311325,0.4452071785926819,0.26214152574539185,0.6205817461013794
d7fa7571fb.jpg,0.08159413188695908,0.3328440487384796,0.34539759159088135,0.8213315010070801
d7faed0983.jpg,0.059938669204711914,0.2950054109096527,0.2937155067920685,0.7843245267868042
d7fe5c1813.jpg,0.04008699208498001,0.44548606872558594,0.3000651001930237,0.6524548530578613
d8071daab5.jpg,0.04239089414477348,0.339428573846817,0.2578360438346863,0.7618417739868164
d80d4c93de.jpg,0.04750943183898926,0.5470366477966309,0.2755529284477234,0.6323696374893188
d8203958e4.jpg,0.04199086129665375,0.3992753028869629,0.26227694749832153,0.7923077940940857
d828712765.jpg,0.03712829202413559,0.4651726484298706,0.241774782538414,0.5901138782501221
d829b461da.jpg,0.07928307354450226,0.3465128242969513,0.33255714178085327,0.6875755190849304
d8352d8b46.jpg,0.05453941226005554,0.35920655727386475,0.3635050356388092,0.6945850849151611
d83783faee.jpg,0.0747375413775444,0.3116172254085541,0.3297341763973236,0.8175442218780518
d83b284745.jpg,0.038731422275304794,0.43767446279525757,0.24965700507164001,0.7851002812385559
d84246da4d.jpg,0.05189400538802147,0.3361084461212158,0.22225245833396912,0.8052277565002441
d842c67749.jpg,0.025289839133620262,0.5188115239143372,0.30513474345207214,0.7685653567314148
d84eb83137.jpg,0.050592802464962006,0.30732232332229614,0.23642835021018982,0.8151998519897461
d8520bbf71.jpg,0.040928374975919724,0.724338948726654,0.3099730610847473,0.6865818500518799
d860d82c66.jpg,0.036444228142499924,0.44732606410980225,0.1809908151626587,0.6488873958587646
d86bcf2cb1.jpg,0.04705400764942169,0.5615947842597961,0.2721342146396637,0.6576162576675415
d871a0f7d6.jpg,0.038278497755527496,0.4354344606399536,0.24132448434829712,0.6836874485015869
d8733f7b37.jpg,0.03928641229867935,0.47238048911094666,0.35107001662254333,0.7426619529724121
d88df3e4db.jpg,0.04329554736614227,0.4474661648273468,0.24373948574066162,0.5466326475143433
d896bafc3a.jpg,0.04907109588384628,0.5400906205177307,0.27879598736763,0.6026799082756042
d8a5d84b9c.jpg,0.028116755187511444,0.4166378378868103,0.23974600434303284,0.7849166393280029
d8a82e544c.jpg,0.09168311953544617,0.44161128997802734,0.6200642585754395,0.7615196108818054
d8b5422831.jpg,0.04842352867126465,0.6619896292686462,0.3693034052848816,0.5072311162948608
d8b89867b7.jpg,0.04001494497060776,0.5512014031410217,0.25099870562553406,0.543567419052124
d8e591ee2c.jpg,0.04486458748579025,0.3327223062515259,0.26882636547088623,0.798620343208313
d8f841bc79.jpg,0.05206044763326645,0.545784592628479,0.2857743799686432,0.6525181531906128
d8fbe8e68c.jpg,0.0637173056602478,0.3503475785255432,0.18837282061576843,0.7911248803138733
d9081260de.jpg,0.03631485626101494,0.4649084508419037,0.23332880437374115,0.7552204132080078
d90bdfc690.jpg,0.04467280954122543,0.563522458076477,0.19734683632850647,0.5388859510421753
d910783d61.jpg,0.04764507710933685,0.5909706354141235,0.2539517879486084,0.5965612530708313
d91c1034e5.jpg,0.06425648182630539,0.40230607986450195,0.41925328969955444,0.7808637619018555
d91c9eba83.jpg,0.0927368700504303,0.4256332218647003,0.6125256419181824,0.856857419013977
d9213433cf.jpg,0.04275256022810936,0.4954535663127899,0.24019955098628998,0.7782410383224487
d925ef5aff.jpg,0.060718417167663574,0.47160741686820984,0.29040277004241943,0.6516344547271729
d926f81b43.jpg,0.03521452844142914,0.41131284832954407,0.26762011647224426,0.7564488649368286
d939c19419.jpg,0.041017819195985794,0.32319211959838867,0.254046767950058,0.7697389125823975
d93e5f8eb7.jpg,0.07237737625837326,0.574129581451416,0.3681910037994385,0.6462466716766357
d93e6be372.jpg,0.07433812320232391,0.3141348958015442,0.37964892387390137,0.9082925319671631
d94541fa5b.jpg,0.03680993616580963,0.5184714794158936,0.24504277110099792,0.8874695301055908
d94766bf33.jpg,0.04713311046361923,0.5494401454925537,0.3444436192512512,0.5754681825637817
d9543c27a3.jpg,0.04171540588140488,0.3669014871120453,0.24040085077285767,0.547526478767395
d9553c2962.jpg,0.044689714908599854,0.32420575618743896,0.32304829359054565,0.8095580339431763
d95ef93115.jpg,0.04215382784605026,0.3303467631340027,0.29055315256118774,0.8311514854431152
d961320e9a.jpg,0.055093914270401,0.4672592282295227,0.24385207891464233,0.7872463464736938
d9625e6971.jpg,0.02896706573665142,0.37637805938720703,0.26883333921432495,0.7532253265380859
d9673840a1.jpg,0.032934464514255524,0.6088134050369263,0.2909890115261078,0.6590597629547119
d96e82c6f6.jpg,0.0362415686249733,0.4292703866958618,0.24812445044517517,0.7084275484085083
d971072ac0.jpg,0.037351395934820175,0.3670787215232849,0.2229607105255127,0.7321669459342957
d97bbd8692.jpg,0.04014577716588974,0.4561871886253357,0.2301064431667328,0.6460648775100708
d97f10bdd5.jpg,0.06180553883314133,0.5584927201271057,0.3630600869655609,0.698752760887146
d993fbb271.jpg,0.062189698219299316,0.43832117319107056,0.25267738103866577,0.7181923389434814
d997322544.jpg,0.0570661686360836,0.35199403762817383,0.27686983346939087,0.7781801819801331
d99ae9a1ca.jpg,0.0903325080871582,0.39296382665634155,0.7513935565948486,0.7337952852249146
d9a87c0d5d.jpg,0.034387677907943726,0.4726230502128601,0.2979741394519806,0.6703428626060486
d9bbbafa03.jpg,0.026422668248414993,0.37193596363067627,0.1943129152059555,0.767890214920044
d9c29a7cbf.jpg,0.05331163853406906,0.3907153010368347,0.4051549732685089,0.6160473823547363
d9c5c047d2.jpg,0.04496562480926514,0.40721315145492554,0.18477383255958557,0.744756817817688
d9c9f0392c.jpg,0.06407560408115387,0.5028426051139832,0.3575335144996643,0.7012736797332764
d9cbda5356.jpg,0.035471558570861816,0.4100540280342102,0.16993379592895508,0.6664562225341797
d9da605ace.jpg,0.02841339074075222,0.49118050932884216,0.3286897838115692,0.7198160290718079
d9e227f734.jpg,0.045510780066251755,0.46438050270080566,0.24727143347263336,0.7875496745109558
d9e879879a.jpg,0.07706664502620697,0.4896356463432312,0.3398057222366333,0.6495150923728943
da02be50b3.jpg,0.041816603392362595,0.38246041536331177,0.18288710713386536,0.6713422536849976
da0471dd85.jpg,0.025048118084669113,0.7254176735877991,0.22354304790496826,0.5415686368942261
da10c654ce.jpg,0.057521454989910126,0.5261464715003967,0.3006531894207001,0.6673315167427063
da2691d719.jpg,0.06628643721342087,0.47331568598747253,0.4276140034198761,0.8278875946998596
da28b99645.jpg,0.059693098068237305,0.32862386107444763,0.24934612214565277,0.7530660629272461
da342ea116.jpg,0.03489571437239647,0.37817662954330444,0.16860011219978333,0.8349197506904602
da392927b1.jpg,0.044942036271095276,0.3470163345336914,0.30377405881881714,0.7771581411361694
da3b4dd28e.jpg,0.0433933287858963,0.6125309467315674,0.20548038184642792,0.6860284805297852
da3bac3250.jpg,0.0518239364027977,0.3993242681026459,0.2535804808139801,0.7518643140792847
da53718103.jpg,0.06808137148618698,0.607721745967865,0.4202668070793152,0.6774105429649353
da6c915502.jpg,0.03307883441448212,0.31710466742515564,0.1937636137008667,0.8481215238571167
da6d4d9ea2.jpg,0.06182955950498581,0.29254379868507385,0.3572840094566345,0.8183314800262451
da86565952.jpg,0.04396946355700493,0.6638070940971375,0.3428741991519928,0.5034070014953613
da920bf4bc.jpg,0.05440425127744675,0.45255547761917114,0.28391748666763306,0.6072881817817688
daa4352f54.jpg,0.06105978041887283,0.553166389465332,0.30601537227630615,0.7131756544113159
daa8fa4579.jpg,0.04940260574221611,0.424541711807251,0.2672979235649109,0.7650954127311707
dabaad16e8.jpg,0.04168428108096123,0.64536452293396,0.2837080657482147,0.4966573119163513
dabaf0f8aa.jpg,0.04702098295092583,0.4741140902042389,0.2451172173023224,0.8032214641571045
dabcf502f4.jpg,0.053112488240003586,0.6177000403404236,0.2782496511936188,0.6092864274978638
dac8b251fd.jpg,0.039459601044654846,0.3472495377063751,0.20870473980903625,0.7698830366134644
dae46a168b.jpg,0.04238216206431389,0.4916396737098694,0.2240946888923645,0.7846114635467529
dae9ee7a11.jpg,0.036086954176425934,0.5842658281326294,0.21871362626552582,0.5828336477279663
daee416ffe.jpg,0.034293632954359055,0.47925302386283875,0.2535598874092102,0.840425968170166
daf0f4bdc1.jpg,0.05687796324491501,0.458143949508667,0.33785387873649597,0.8082239031791687
dafda5c17a.jpg,0.05609922856092453,0.5441648364067078,0.27078479528427124,0.6183496713638306
db00979196.jpg,0.05754586309194565,0.3913763761520386,0.19639348983764648,0.709915280342102
db052e5241.jpg,0.06300656497478485,0.42677193880081177,0.3738558292388916,0.8136786222457886
db0d9fdaec.jpg,0.04211834818124771,0.4003153443336487,0.21637913584709167,0.5917787551879883
db0ecb48c4.jpg,0.06630407273769379,0.421183317899704,0.32715582847595215,0.7152645587921143
db14eba4e1.jpg,0.06869535893201828,0.4690890908241272,0.4328305125236511,0.7074562311172485
db18f28537.jpg,0.03957003727555275,0.42564037442207336,0.2648540437221527,0.6846017837524414
db1f18b059.jpg,0.04023190587759018,0.41475656628608704,0.2688947021961212,0.7671287655830383
db2b40dd94.jpg,0.03684423491358757,0.4154132902622223,0.22042739391326904,0.7868741750717163
db2e0f3cdf.jpg,0.053080521523952484,0.4303275942802429,0.3388899862766266,0.7269083261489868
db4fd99e56.jpg,0.03263698145747185,0.497126966714859,0.2784089744091034,0.8277359008789062
db58221d78.jpg,0.047641098499298096,0.31389206647872925,0.2877902388572693,0.8650234341621399
db59f96bfc.jpg,0.04695914313197136,0.46685466170310974,0.36441242694854736,0.813025951385498
db70823e2b.jpg,0.06005505844950676,0.4129209518432617,0.4112292528152466,0.7543323040008545
db7fd38aa5.jpg,0.053816210478544235,0.3929060101509094,0.22924698889255524,0.5285464525222778
db86c73152.jpg,0.06850133836269379,0.3984391689300537,0.3009958863258362,0.7216614484786987
db9cfcd293.jpg,0.03908268362283707,0.4791082739830017,0.2857814431190491,0.6763208508491516
dba404b1bd.jpg,0.05450686439871788,0.4337770938873291,0.2820010781288147,0.41604942083358765
dbba4e41d0.jpg,0.04975420981645584,0.3901364803314209,0.283505916595459,0.7491106986999512
dbbe9bbb8e.jpg,0.046998053789138794,0.2907346487045288,0.19936314225196838,0.7692100405693054
dbbed3a8c7.jpg,0.0734168216586113,0.5203624367713928,0.28858572244644165,0.7613563537597656
dbbfe0e846.jpg,0.04037661477923393,0.4693111777305603,0.4107744097709656,0.6634452939033508
dbc0d26415.jpg,0.061673134565353394,0.35789281129837036,0.3949388265609741,0.8235229253768921
dbc5daad12.jpg,0.032621219754219055,0.5117262005805969,0.13874608278274536,0.706402063369751
dbd3bf1236.jpg,0.06017966568470001,0.42004498839378357,0.3746802806854248,0.8657839298248291
dbef8e6c0a.jpg,0.07181650400161743,0.30539998412132263,0.3114144206047058,0.8377056121826172
dbf9e7be99.jpg,0.044825635850429535,0.5498295426368713,0.2931027412414551,0.7747051119804382
dc0f97a1aa.jpg,0.046766430139541626,0.42572084069252014,0.3398244380950928,0.7323154211044312
dc121d7f9b.jpg,0.04266439005732536,0.5807836055755615,0.2627769410610199,0.7476500868797302
dc258c8a0b.jpg,0.05144728347659111,0.4050343632698059,0.2511940598487854,0.7088034152984619
dc26513fe8.jpg,0.08025051653385162,0.46524181962013245,0.2775067389011383,0.7080037593841553
dc2abc2e66.jpg,0.0558219850063324,0.3798745274543762,0.30309659242630005,0.7804543972015381
dc307002d2.jpg,0.04866839572787285,0.5580498576164246,0.25691092014312744,0.6969876289367676
dc549bebc4.jpg,0.09508039057254791,0.3897552490234375,0.2712288498878479,0.6802443265914917
dc5829408f.jpg,0.030905790627002716,0.47878777980804443,0.2924656569957733,0.8152238130569458
dc5f1c23a0.jpg,0.04962195083498955,0.28080999851226807,0.28004491329193115,0.8474985957145691
dc629cae14.jpg,0.05234404653310776,0.3629470467567444,0.3155841827392578,0.7248412370681763
dc631c9b2a.jpg,0.04781726002693176,0.31247907876968384,0.2840502858161926,0.8175337314605713
dc74902b39.jpg,0.033311888575553894,0.46287745237350464,0.31030482053756714,0.5737415552139282
dc8a5d64eb.jpg,0.042444609105587006,0.4517551064491272,0.29020610451698303,0.5665737986564636
dc8b552cc5.jpg,0.04238143563270569,0.3492233455181122,0.2509380280971527,0.8563586473464966
dc938fd3f7.jpg,0.040462102741003036,0.41027218103408813,0.24976208806037903,0.747545599937439
dc98f07caf.jpg,0.05876029655337334,0.32410281896591187,0.3473272919654846,0.8416937589645386
dc9943d9eb.jpg,0.04710392653942108,0.6156634092330933,0.23703822493553162,0.5587536096572876
dc9d581332.jpg,0.03482607752084732,0.5121796131134033,0.2249995768070221,0.6599064469337463
dca4c17096.jpg,0.03821498900651932,0.40101274847984314,0.19655370712280273,0.6573548316955566
dcbdd75640.jpg,0.059624042361974716,0.3382941782474518,0.37769588828086853,0.8046354055404663
dcca4f8bb6.jpg,0.05712829530239105,0.30299609899520874,0.2698322832584381,0.7683379650115967
dccb6e42ee.jpg,0.06228578835725784,0.5211745500564575,0.23737594485282898,0.5964041948318481
dce963b80b.jpg,0.03168727457523346,0.591185986995697,0.4860249161720276,0.7545515298843384
dcf4c2cbb1.jpg,0.0725480243563652,0.41646575927734375,0.34928080439567566,0.6724554300308228
dcfa634264.jpg,0.06126139685511589,0.3295535743236542,0.3062073886394501,0.7934533357620239
dd036adfe5.jpg,0.07157386839389801,0.4722066819667816,0.4379584789276123,0.7897934317588806
dd232bb32f.jpg,0.04357109218835831,0.3710441589355469,0.23433758318424225,0.6914591193199158
dd26e604b1.jpg,0.035722628235816956,0.4368264973163605,0.23262637853622437,0.6463331580162048
dd2a4f5af6.jpg,0.05069222301244736,0.2892627716064453,0.22682812809944153,0.7857745885848999
dd59da4b8e.jpg,0.0714293047785759,0.42819783091545105,0.2881321907043457,0.7562761902809143
dd6a426ccb.jpg,0.0713443011045456,0.3854195475578308,0.3526482582092285,0.7609955072402954
dd80a0ae1c.jpg,0.04987194389104843,0.375480055809021,0.3852715790271759,0.8397667407989502
dd8cf7b53e.jpg,0.041298672556877136,0.44628196954727173,0.22814743220806122,0.7901378870010376
dd98d8bda5.jpg,0.03804972767829895,0.3767281770706177,0.18732339143753052,0.7982351779937744
dda084c63b.jpg,0.027263294905424118,0.5156388282775879,0.16419894993305206,0.7123661041259766
ddb1124c29.jpg,0.061904482543468475,0.39682403206825256,0.28668180108070374,0.7544732093811035
ddb17e566c.jpg,0.027304235845804214,0.45689213275909424,0.24002566933631897,0.7072700262069702
ddb386ce3e.jpg,0.06467554718255997,0.4481829106807709,0.3552333116531372,0.794403076171875
ddb8baf94a.jpg,0.03834693133831024,0.4238969385623932,0.31960105895996094,0.7416319847106934
ddc08a0803.jpg,0.05104423686861992,0.38549157977104187,0.27022412419319153,0.8701456189155579
ddc5ea8270.jpg,0.05961088463664055,0.38672104477882385,0.26751837134361267,0.7387659549713135
ddd674f433.jpg,0.04786603897809982,0.46066248416900635,0.3366473317146301,0.7701603174209595
dde4567678.jpg,0.04869694635272026,0.3752422630786896,0.2541043162345886,0.8115200996398926
de010cbbc2.jpg,0.061809323728084564,0.5977560877799988,0.43281084299087524,0.8046031594276428
de059c7bbf.jpg,0.0726664662361145,0.2413158416748047,0.2873036861419678,0.8503503203392029
de05b6bb2f.jpg,0.04960567504167557,0.3427824378013611,0.3037322163581848,0.7431467771530151
de10876989.jpg,0.03462547808885574,0.394023597240448,0.17060959339141846,0.7260915040969849
de241d55fc.jpg,0.06141138821840286,0.4254452586174011,0.3147134780883789,0.9445566534996033
de2f9d1599.jpg,0.058965038508176804,0.26847583055496216,0.2757282555103302,0.8046586513519287
de31a67502.jpg,0.03813837096095085,0.48058050870895386,0.22974765300750732,0.7648131251335144
de34c78357.jpg,0.0805412083864212,0.4047837257385254,0.3960633873939514,0.7253726124763489
de37e2ad60.jpg,0.07578717172145844,0.3302454948425293,0.43418410420417786,0.8235476016998291
de457df144.jpg,0.07801453769207001,0.4541468620300293,0.40981537103652954,0.7523317337036133
de4f73e2e6.jpg,0.03345532342791557,0.49076563119888306,0.1710842251777649,0.6956175565719604
de59f8afb3.jpg,0.044843435287475586,0.4242653548717499,0.3102497458457947,0.8125500679016113
de6510a7ab.jpg,0.06608903408050537,0.24289873242378235,0.23961666226387024,0.866608738899231
de6bf0cb04.jpg,0.04741008207201958,0.4900527000427246,0.320170521736145,0.7999416589736938
de7ed78f5a.jpg,0.05170698091387749,0.5608773231506348,0.2923438549041748,0.6147063970565796
de86577a5b.jpg,0.04233682155609131,0.40126940608024597,0.2599664628505707,0.6926900148391724
de86feb03d.jpg,0.05630267411470413,0.3432543873786926,0.14943672716617584,0.6033340096473694
dea009ab5b.jpg,0.07209669798612595,0.3830678462982178,0.32030558586120605,0.7600411176681519
dea330a02f.jpg,0.04224836826324463,0.5090631246566772,0.2662621736526489,0.7046009302139282
deafff753c.jpg,0.04913303256034851,0.4341178834438324,0.23981313407421112,0.6617012023925781
deb67f6b0e.jpg,0.08689111471176147,0.39486005902290344,0.43251878023147583,0.7584174871444702
debf11d04c.jpg,0.06957800686359406,0.3763107359409332,0.5050106048583984,0.8354106545448303
dec3ab2321.jpg,0.058282703161239624,0.4424050748348236,0.32997751235961914,0.8233655691146851
ded7482c2c.jpg,0.05648653209209442,0.3728151321411133,0.3569883406162262,0.8824132680892944
ded8ffa3ca.jpg,0.0539349764585495,0.2846311032772064,0.23160052299499512,0.78094482421875
def0cd31b2.jpg,0.048803530633449554,0.5099722743034363,0.2843078374862671,0.6855977773666382
def8bd92f4.jpg,0.046954184770584106,0.6014010906219482,0.47256624698638916,0.6148372888565063
df017c0778.jpg,0.06513430178165436,0.5514932870864868,0.2842705547809601,0.6977781057357788
df04d84ca9.jpg,0.08108652383089066,0.459803968667984,0.37174007296562195,0.6912214159965515
df1b2ded30.jpg,0.10551361739635468,0.3534702658653259,0.5180738568305969,0.7591532468795776
df21dd363b.jpg,0.03395780920982361,0.39092034101486206,0.24830520153045654,0.8536210060119629
df26cc01aa.jpg,0.04951002448797226,0.30476462841033936,0.27620723843574524,0.7978619337081909
df2c0d53a4.jpg,0.04064571484923363,0.7048055529594421,0.3219752311706543,0.5118372440338135
df2eddf8b4.jpg,0.05822315067052841,0.3914838433265686,0.35035061836242676,0.8052914142608643
df34b6c0e8.jpg,0.0710066556930542,0.3454897403717041,0.35945069789886475,0.7683446407318115
df3688f698.jpg,0.05613289400935173,0.5944802165031433,0.2641045153141022,0.6719061136245728
df36a9efd4.jpg,0.060022395104169846,0.5216758251190186,0.3711225390434265,0.6371873617172241
df4975e8bf.jpg,0.054169755429029465,0.24447192251682281,0.2815803289413452,0.8030307292938232
df571c611d.jpg,0.04708413407206535,0.4534528851509094,0.3041900396347046,0.740710437297821
df65517316.jpg,0.05293452739715576,0.5243856906890869,0.2851778566837311,0.5585543513298035
df717b23e2.jpg,0.04359951615333557,0.3977491557598114,0.24837973713874817,0.7209739685058594
df71b50ac1.jpg,0.04859715700149536,0.42951393127441406,0.22664935886859894,0.7079798579216003
df7438a2d8.jpg,0.04711471125483513,0.518385648727417,0.2896476984024048,0.7613669037818909
df75caef2e.jpg,0.0402202382683754,0.4032166302204132,0.21156398952007294,0.769072949886322
df7ada692b.jpg,0.03495315834879875,0.5272118449211121,0.23178596794605255,0.6428885459899902
df895d4f4f.jpg,0.052003584802150726,0.3737233281135559,0.2560664117336273,0.8457277417182922
dfa6cb635d.jpg,0.041435714811086655,0.4865955412387848,0.24683120846748352,0.657657265663147
dfb9e202de.jpg,0.05032942816615105,0.5700733661651611,0.28600960969924927,0.6689397096633911
dfbd52ecf5.jpg,0.061154671013355255,0.5097038745880127,0.3409634232521057,0.7358560562133789
dfcd9af740.jpg,0.05055946111679077,0.4467751383781433,0.39362698793411255,0.8029045462608337
dfd3b1a8bf.jpg,0.027710527181625366,0.5335477590560913,0.30262434482574463,0.6953305006027222
dfdb05692f.jpg,0.06280618906021118,0.41422903537750244,0.3361949324607849,0.7464588284492493
dfdf679899.jpg,0.06847129762172699,0.40147602558135986,0.2819989025592804,0.7383346557617188
dfe59079af.jpg,0.04542144387960434,0.46183711290359497,0.24834924936294556,0.655645489692688
dfedfba018.jpg,0.04423053562641144,0.4076926112174988,0.23791539669036865,0.7967150211334229
dfee298b96.jpg,0.04197680950164795,0.6832463145256042,0.3038957417011261,0.5676580667495728
dff450dda1.jpg,0.07214482873678207,0.4245970547199249,0.3677091896533966,0.8108540773391724
dff66a7d64.jpg,0.0305019598454237,0.5938555002212524,0.2337144911289215,0.6526066064834595
dff763c552.jpg,0.04177189618349075,0.44953954219818115,0.3369356691837311,0.7703052759170532
e00bba74a2.jpg,0.0589178167283535,0.45084038376808167,0.3121810853481293,0.7333856821060181
e01fe394d8.jpg,0.04730658978223801,0.3982938230037689,0.3878467082977295,0.8016742467880249
e0216cf2a8.jpg,0.04638436436653137,0.5823257565498352,0.2541883587837219,0.6804656982421875
e0316f1950.jpg,0.02339191362261772,0.6527883410453796,0.16832663118839264,0.6571924686431885
e0328c7d7c.jpg,0.05932413041591644,0.40934115648269653,0.3055333197116852,0.7022236585617065
e038af63fe.jpg,0.08050204813480377,0.39980942010879517,0.4204948842525482,0.8243262767791748
e039712ade.jpg,0.05954883620142937,0.31769904494285583,0.2720974385738373,0.6944875717163086
e03b2a6164.jpg,0.049518734216690063,0.3573978841304779,0.23887839913368225,0.658769965171814
e04291a057.jpg,0.047385573387145996,0.4312228560447693,0.3211771845817566,0.8082800507545471
e048cbd49e.jpg,0.06016368791460991,0.3940630257129669,0.3597995638847351,0.8109553456306458
e050f1a2a9.jpg,0.04061435908079147,0.44017529487609863,0.256561815738678,0.7541704177856445
e05899ed06.jpg,0.07020602375268936,0.40002337098121643,0.29573753476142883,0.6270022988319397
e05c7f85ef.jpg,0.053025778383016586,0.4473392367362976,0.43081527948379517,0.7934855818748474
e068415db1.jpg,0.03122207149863243,0.4405994415283203,0.21073172986507416,0.6258786916732788
e068928755.jpg,0.052349042147397995,0.40080875158309937,0.30161094665527344,0.6591742038726807
e071db584c.jpg,0.04279307648539543,0.34329754114151,0.2479165941476822,0.8435549139976501
e0839b3c2e.jpg,0.0515948161482811,0.5282607078552246,0.2787008285522461,0.7202327251434326
e08fc2d70e.jpg,0.08790498971939087,0.5139042735099792,0.5975115299224854,0.7558115720748901
e091476985.jpg,0.05486031994223595,0.30709078907966614,0.1976023018360138,0.823729395866394
e09576695b.jpg,0.05336195230484009,0.5375795960426331,0.3472585082054138,0.7629827260971069
e0a9fecd26.jpg,0.04765158146619797,0.35770997405052185,0.32791900634765625,0.7303758263587952
e0b1a4f104.jpg,0.06863206624984741,0.4503488540649414,0.370723158121109,0.792708694934845
e0b6abfd6d.jpg,0.0704391747713089,0.36808332800865173,0.3933713734149933,0.7494062781333923
e0c949a987.jpg,0.04760786145925522,0.4081345796585083,0.24502074718475342,0.7639113068580627
e0cfa9d464.jpg,0.05083658546209335,0.31647589802742004,0.20212116837501526,0.7489072680473328
e0d48fc860.jpg,0.08031297475099564,0.4009586572647095,0.4372142553329468,0.8568261861801147
e0d7f40a24.jpg,0.050757285207509995,0.509244441986084,0.3369608521461487,0.6996598243713379
e0d9fadae6.jpg,0.07678966969251633,0.3619465231895447,0.21598827838897705,0.6386604309082031
e0db07d90e.jpg,0.04159456118941307,0.6401762962341309,0.2670811414718628,0.687339723110199
e0e0bd66eb.jpg,0.05624896287918091,0.3144466280937195,0.3028899133205414,0.6410504579544067
e0edc2d1ff.jpg,0.06165090948343277,0.3217589557170868,0.34507229924201965,0.8296605348587036
e0f0dc2983.jpg,0.03780266270041466,0.5164240598678589,0.19637605547904968,0.7769311666488647
e0f7f0bb22.jpg,0.044709187000989914,0.39628198742866516,0.2112312614917755,0.6928436160087585
e0fce775af.jpg,0.05085695907473564,0.4899657666683197,0.19526608288288116,0.6834750175476074
e0ffb419d8.jpg,0.039767444133758545,0.49708640575408936,0.38072139024734497,0.6549814939498901
e103e37ef6.jpg,0.03887302801012993,0.4905852675437927,0.2812705636024475,0.5747806429862976
e10f4e0249.jpg,0.0451345257461071,0.28931528329849243,0.20949462056159973,0.8937380313873291
e1107c721b.jpg,0.03545685112476349,0.6910258531570435,0.367899090051651,0.6954671144485474
e12532498c.jpg,0.08105896413326263,0.4196476936340332,0.5647757053375244,0.6326184272766113
e13f5e00b9.jpg,0.043458204716444016,0.3583524227142334,0.23595532774925232,0.6713644862174988
e1421bcb6d.jpg,0.03685886412858963,0.6844215989112854,0.32982373237609863,0.6817611455917358
e14520fb9c.jpg,0.043684184551239014,0.5660588145256042,0.39327508211135864,0.6895596981048584
e154b39c0c.jpg,0.02938048169016838,0.39259445667266846,0.17854082584381104,0.7503905296325684
e158554d68.jpg,0.040455158799886703,0.6911545991897583,0.4879404902458191,0.6675801873207092
e15ebb6b26.jpg,0.047329243272542953,0.6098904013633728,0.2452024221420288,0.5873287916183472
e180ce65fe.jpg,0.08557771146297455,0.4857090711593628,0.6981986165046692,0.8317097425460815
e18c605daf.jpg,0.031295932829380035,0.3434792757034302,0.13820606470108032,0.8948211669921875
e191e362cc.jpg,0.03791320323944092,0.3157861828804016,0.20555414259433746,0.8395939469337463
e195754758.jpg,0.04275615140795708,0.4630080461502075,0.29744645953178406,0.7248363494873047
e1b8768630.jpg,0.030413782224059105,0.4577902853488922,0.18889078497886658,0.5766414999961853
e1e42d1e1d.jpg,0.04102792963385582,0.37094858288764954,0.3431399464607239,0.7592906355857849
e1e7add957.jpg,0.03152896463871002,0.3898564577102661,0.17796307802200317,0.8006019592285156
e1f01aed34.jpg,0.037578705698251724,0.3208297789096832,0.2182844877243042,0.7569384574890137
e1f044dff1.jpg,0.047742120921611786,0.5413565039634705,0.23700235784053802,0.6468343734741211
e2050f818f.jpg,0.04079677164554596,0.39137253165245056,0.2799566984176636,0.7027952671051025
e20e016680.jpg,0.037183813750743866,0.5353779792785645,0.267024964094162,0.6628353595733643
e20f79f596.jpg,0.03435847535729408,0.49859797954559326,0.30010902881622314,0.6258760690689087
e218d1a1ea.jpg,0.04956391453742981,0.4901812970638275,0.35465240478515625,0.640171229839325
e219f69873.jpg,0.04310746118426323,0.410561203956604,0.28649818897247314,0.8584307432174683
e22fbe22ff.jpg,0.05323047563433647,0.4990282654762268,0.32403743267059326,0.6186797022819519
e239290d7a.jpg,0.11025463044643402,0.43747174739837646,0.4076509475708008,0.7784748673439026
e23da13385.jpg,0.0468720868229866,0.575788676738739,0.26072055101394653,0.7140282988548279
e23dd4b66b.jpg,0.05488155409693718,0.4090839624404907,0.26596301794052124,0.8028790354728699
e24d11659e.jpg,0.03752819448709488,0.3906189203262329,0.22391949594020844,0.676018476486206
e25a309e7f.jpg,0.06650452315807343,0.43488621711730957,0.35787859559059143,0.7745157480239868
e262ebdb71.jpg,0.04178996384143829,0.3514247238636017,0.1972348392009735,0.7434229254722595
e26f08910a.jpg,0.06062018871307373,0.3141399919986725,0.29682016372680664,0.7587103843688965
e276cfea71.jpg,0.09223242849111557,0.3720386028289795,0.42006373405456543,0.6722372770309448
e278a31c95.jpg,0.04058314487338066,0.3807196021080017,0.26649749279022217,0.7654887437820435
e2816c6358.jpg,0.04928326606750488,0.3191169500350952,0.2906254529953003,0.719390332698822
e2921fb3bc.jpg,0.06693315505981445,0.40871986746788025,0.3924042880535126,0.7668521404266357
e29891901c.jpg,0.0555429682135582,0.43330246210098267,0.48982471227645874,0.7374489903450012
e29923569e.jpg,0.04903074726462364,0.28809717297554016,0.2936110198497772,0.817466676235199
e2be127e28.jpg,0.05294157192111015,0.41787710785865784,0.17490583658218384,0.5698336362838745
e2cc5d0740.jpg,0.058674588799476624,0.3969736695289612,0.27427929639816284,0.6859605312347412
e2dd4bdeef.jpg,0.050278134644031525,0.4430118203163147,0.33627739548683167,0.8396580219268799
e2e1192489.jpg,0.049203597009181976,0.6107513904571533,0.2958034574985504,0.5463238954544067
e2e85f68e0.jpg,0.040862634778022766,0.5193363428115845,0.23277132213115692,0.8513734340667725
e2ebe675f8.jpg,0.05846735090017319,0.40809404850006104,0.3890792727470398,0.8639184236526489
e2ec96f0b4.jpg,0.04403489828109741,0.39019396901130676,0.331932008266449,0.705601692199707
e2f37052c1.jpg,0.05100945383310318,0.48792874813079834,0.21408700942993164,0.616352915763855
e3148aa017.jpg,0.051142528653144836,0.42415329813957214,0.29799947142601013,0.816682755947113
e31668e912.jpg,0.052447669208049774,0.2948223352432251,0.33441582322120667,0.8099261522293091
e33556dc35.jpg,0.029465069994330406,0.7535697221755981,0.28712642192840576,0.5806048512458801
e33bb81f2b.jpg,0.046522222459316254,0.32994645833969116,0.20064055919647217,0.7744523882865906
e34010decc.jpg,0.046182990074157715,0.38124746084213257,0.27680137753486633,0.6016457676887512
e340c22dc4.jpg,0.04954240471124649,0.3463922441005707,0.27982425689697266,0.7461704611778259
e344e433cc.jpg,0.05264079198241234,0.4084906578063965,0.34163421392440796,0.8547770380973816
e347492218.jpg,0.03383653983473778,0.5456447005271912,0.22773414850234985,0.7150281667709351
e3477e1ec7.jpg,0.05842398852109909,0.4555739462375641,0.3738158941268921,0.45787888765335083
e34ae8c169.jpg,0.06836175918579102,0.5155873894691467,0.31975796818733215,0.7440235018730164
e3557bd3e7.jpg,0.05202754586935043,0.4596443772315979,0.3931577205657959,0.7584519982337952
e3618e9a11.jpg,0.03710218518972397,0.45018789172172546,0.23453935980796814,0.6306154727935791
e365dae98b.jpg,0.05108428746461868,0.5761600136756897,0.2391955852508545,0.47208115458488464
e37b3a49d9.jpg,0.04594728350639343,0.41885513067245483,0.23775313794612885,0.740182638168335
e37e071314.jpg,0.07349299639463425,0.4219902753829956,0.5403949022293091,0.8098684549331665
e38186a614.jpg,0.05712546035647392,0.3276734948158264,0.3324229121208191,0.6979835033416748
e388432c26.jpg,0.03918512538075447,0.5783275961875916,0.2507159411907196,0.631736159324646
e39562f090.jpg,0.04888194426894188,0.4745659828186035,0.3147737979888916,0.7698335647583008
e3997e52e9.jpg,0.09169664978981018,0.5970627069473267,0.5012471079826355,0.5484375357627869
e3cb3ad674.jpg,0.05272547900676727,0.3314410448074341,0.307719349861145,0.8210546970367432
e3cea056cc.jpg,0.08475621789693832,0.41162651777267456,0.41110724210739136,0.7514238357543945
e3ceb5d67a.jpg,0.048878394067287445,0.5227755308151245,0.2783682942390442,0.7415210008621216
e3e6ca612f.jpg,0.05888018012046814,0.3150678873062134,0.2789188623428345,0.8334932327270508
e3e87b3f1e.jpg,0.06469820439815521,0.3982864320278168,0.30048295855522156,0.7825922966003418
e3f1be931a.jpg,0.03203121945261955,0.5078572034835815,0.24581307172775269,0.6943159699440002
e3f34cdbfc.jpg,0.06347669661045074,0.5047252178192139,0.4542708992958069,0.8053501844406128
e3fae55083.jpg,0.05744898319244385,0.5687479972839355,0.29976728558540344,0.6123466491699219
e3fe190c35.jpg,0.06894304603338242,0.340828537940979,0.38320672512054443,0.7956068515777588
e4005ebfe6.jpg,0.033287882804870605,0.48337438702583313,0.17984136939048767,0.6855143904685974
e40a02297a.jpg,0.06246889755129814,0.36636069416999817,0.2335929572582245,0.8198237419128418
e40ba425ad.jpg,0.04127649590373039,0.4037833511829376,0.26542291045188904,0.7712881565093994
e40ea38065.jpg,0.06149521470069885,0.45556512475013733,0.26766568422317505,0.7837433815002441
e41de69603.jpg,0.07005329430103302,0.4018048644065857,0.32698971033096313,0.6708868741989136
e428d47850.jpg,0.1099800169467926,0.5270893573760986,0.44330015778541565,0.7604930996894836
e43625382b.jpg,0.04517948627471924,0.3408387303352356,0.32608819007873535,0.861162543296814
e43cfeffd7.jpg,0.09278574585914612,0.381924033164978,0.5127201676368713,0.7762192487716675
e452266e47.jpg,0.057209961116313934,0.44105616211891174,0.23001985251903534,0.5829519033432007
e46722db3b.jpg,0.06470974534749985,0.35636231303215027,0.3273929953575134,0.8335679769515991
e474730931.jpg,0.04622001573443413,0.3326717019081116,0.27510276436805725,0.8493108749389648
e484852720.jpg,0.04025078937411308,0.37027984857559204,0.3097524344921112,0.7479488849639893
e4a7646e26.jpg,0.029270267114043236,0.42229920625686646,0.22277617454528809,0.6862963438034058
e4b6e49888.jpg,0.07194159924983978,0.3130345940589905,0.2584526240825653,0.6292394399642944
e4baa84c9e.jpg,0.03605054318904877,0.473505437374115,0.2973697781562805,0.8004215955734253
e4c2f8062a.jpg,0.04845837503671646,0.6551768779754639,0.2218620330095291,0.6054255962371826
e4c47323cb.jpg,0.044179417192935944,0.5187065005302429,0.2541952133178711,0.753731369972229
e4db596478.jpg,0.04538668319582939,0.26316872239112854,0.2158636450767517,0.8166521191596985
e4df61af49.jpg,0.05773058161139488,0.45930683612823486,0.27886778116226196,0.660540759563446
e4e7fd51dd.jpg,0.054277896881103516,0.43667715787887573,0.26191896200180054,0.6574075818061829
e4ec14322d.jpg,0.036041244864463806,0.41792577505111694,0.2602083384990692,0.6525844931602478
e4edaddcef.jpg,0.02587757632136345,0.5413318872451782,0.20895305275917053,0.5740874409675598
e4f21cb9f8.jpg,0.04712606593966484,0.42570364475250244,0.34961721301078796,0.7449262142181396
e4f5f401e0.jpg,0.05339875444769859,0.4223935902118683,0.3131989538669586,0.7508992552757263
e50dc96e2b.jpg,0.06537432968616486,0.37820640206336975,0.24131029844284058,0.7045085430145264
e517b6f313.jpg,0.06544926017522812,0.43954145908355713,0.26418423652648926,0.6788586378097534
e5247c9272.jpg,0.04939677566289902,0.43095093965530396,0.3025732636451721,0.7474372386932373
e52816eec3.jpg,0.0371914841234684,0.7242004871368408,0.2648959457874298,0.6842163801193237
e52b0badda.jpg,0.06841500848531723,0.42492806911468506,0.31449654698371887,0.6525992751121521
e53184b315.jpg,0.05498926341533661,0.510521650314331,0.3516364097595215,0.7804126739501953
e536a8e4d0.jpg,0.031141988933086395,0.547778844833374,0.28169378638267517,0.6441308259963989
e53aaa0782.jpg,0.06505801528692245,0.3494125306606293,0.47234678268432617,0.8398045301437378
e53aaac02c.jpg,0.029634496197104454,0.7571965456008911,0.23621147871017456,0.5590184926986694
e53b41415d.jpg,0.03845943510532379,0.36958619952201843,0.188755065202713,0.698131799697876
e545b38111.jpg,0.07834533601999283,0.45592811703681946,0.5014426112174988,0.723030686378479
e54604f159.jpg,0.05946099013090134,0.30656906962394714,0.3184804320335388,0.830726683139801
e552c9356b.jpg,0.05496396869421005,0.350639671087265,0.2132178395986557,0.7248719930648804
e55aa6a075.jpg,0.06571774184703827,0.38441595435142517,0.42993396520614624,0.7987483739852905
e569d449aa.jpg,0.04136933013796806,0.32179319858551025,0.13625189661979675,0.7709858417510986
e56a3b131d.jpg,0.04045998677611351,0.31575465202331543,0.21262609958648682,0.8492640256881714
e56e3bcfee.jpg,0.06855396926403046,0.42945608496665955,0.3981167674064636,0.758767306804657
e576d76af6.jpg,0.04591621458530426,0.35977903008461,0.29986801743507385,0.7057098746299744
e58dcaf848.jpg,0.04490277171134949,0.5675980448722839,0.30625271797180176,0.6140233278274536
e58e1d7d58.jpg,0.045649074018001556,0.41165125370025635,0.28718554973602295,0.8063855171203613
e58ef68e3f.jpg,0.042902372777462006,0.3044312298297882,0.25642693042755127,0.7977984547615051
e59a45567d.jpg,0.040042437613010406,0.45216742157936096,0.25919583439826965,0.6138460636138916
e5ae2eab59.jpg,0.045633524656295776,0.3768426179885864,0.32406970858573914,0.8696167469024658
e5b0f574bf.jpg,0.05642183870077133,0.29771143198013306,0.29220902919769287,0.6731619238853455
e5c7397b2d.jpg,0.045562006533145905,0.5286582708358765,0.2930302023887634,0.6967455148696899
e5c842ca6e.jpg,0.05432477220892906,0.3937170207500458,0.3140529692173004,0.8335824608802795
e5cb078996.jpg,0.0999632328748703,0.3901153802871704,0.5221883058547974,0.7588728666305542
e5cb608eae.jpg,0.04806426167488098,0.4510898292064667,0.27680516242980957,0.6594988107681274
e5cbe055f9.jpg,0.05413343757390976,0.4289337396621704,0.2582170069217682,0.7720609903335571
e5cd922fa9.jpg,0.05561641603708267,0.506817638874054,0.34366434812545776,0.7763556241989136
e5d38a2047.jpg,0.039506345987319946,0.3333258330821991,0.24709001183509827,0.8037213683128357
e5e1d837f1.jpg,0.08769648522138596,0.44604504108428955,0.3935464918613434,0.8565279841423035
e5ffaac462.jpg,0.04763966053724289,0.3487667441368103,0.29062625765800476,0.8288199305534363
e614135f7d.jpg,0.03248877078294754,0.3907829821109772,0.2290474772453308,0.7414222955703735
e629d7f736.jpg,0.033075787127017975,0.7270305156707764,0.5588639378547668,0.6211295127868652
e63a00fc4f.jpg,0.06180321425199509,0.4586799740791321,0.4275645613670349,0.7337106466293335
e643c9bdbe.jpg,0.046800196170806885,0.43790242075920105,0.2730804681777954,0.6237457990646362
e6636be041.jpg,0.03994566574692726,0.5731453895568848,0.3085283637046814,0.6671118140220642
e67341c640.jpg,0.06847628206014633,0.35749292373657227,0.3081725835800171,0.8162170648574829
e67601a231.jpg,0.08085200190544128,0.3500990867614746,0.401775598526001,0.7594074010848999
e6779d7ed5.jpg,0.04554194211959839,0.7123491764068604,0.3080802261829376,0.5551884174346924
e67cc523e0.jpg,0.05364450812339783,0.403164267539978,0.37810420989990234,0.779227077960968
e67e86bdb9.jpg,0.05853383243083954,0.3607877492904663,0.2702963054180145,0.705597996711731
e6836aa6da.jpg,0.05290573090314865,0.4358106553554535,0.22656044363975525,0.6746562719345093
e686121a13.jpg,0.07792004942893982,0.3585028648376465,0.4081551432609558,0.7613266706466675
e693f37abc.jpg,0.029721220955252647,0.5529571175575256,0.24823607504367828,0.7678372859954834
e69c2d5a6d.jpg,0.055661603808403015,0.27906715869903564,0.2256089746952057,0.8058011531829834
e69eb967c0.jpg,0.045385994017124176,0.5396013855934143,0.33684009313583374,0.5981289148330688
e6a325d8fb.jpg,0.06173117086291313,0.7529126405715942,0.3921544551849365,0.6736476421356201
e6a609cf76.jpg,0.09419142454862595,0.4160412847995758,0.5371382236480713,0.8116541504859924
e6ad3eec60.jpg,0.048427801579236984,0.4514952600002289,0.20300143957138062,0.677980899810791
e6ba8f2334.jpg,0.047526322305202484,0.46399426460266113,0.2316761612892151,0.7056370377540588
e6c25786d7.jpg,0.05249665305018425,0.4018404483795166,0.26563403010368347,0.790817141532898
e6cc103915.jpg,0.06760835647583008,0.3186868131160736,0.41851362586021423,0.6098315715789795
e6d2f68fcf.jpg,0.058185141533613205,0.4334200620651245,0.2546444237232208,0.5919996500015259
e6dc2ff40c.jpg,0.06143932044506073,0.37406766414642334,0.33868443965911865,0.6137171983718872
e6e3f15b73.jpg,0.08889171481132507,0.4523971974849701,0.38702666759490967,0.6147827506065369
e6e6959173.jpg,0.02890077233314514,0.7063685655593872,0.17675504088401794,0.6496409177780151
e6ea2d4d47.jpg,0.05757695436477661,0.3642827868461609,0.28758934140205383,0.6758068203926086
e6f8a63c9c.jpg,0.03535693138837814,0.5434646010398865,0.21804478764533997,0.7372403144836426
e707bf37b1.jpg,0.042956650257110596,0.47147369384765625,0.22890733182430267,0.49263691902160645
e710d6eaa6.jpg,0.0932743176817894,0.4470813274383545,0.5652559399604797,0.7035198211669922
e714c3661f.jpg,0.051526010036468506,0.3986052870750427,0.24275162816047668,0.7858763933181763
e715464acb.jpg,0.04725802689790726,0.3195860981941223,0.27908623218536377,0.7238448858261108
e738568be6.jpg,0.0763361006975174,0.42402052879333496,0.34217125177383423,0.7469724416732788
e73a598e28.jpg,0.05516471713781357,0.37766844034194946,0.3941628932952881,0.7988890409469604
e73db0029b.jpg,0.03692827746272087,0.519688069820404,0.26789888739585876,0.6160843968391418
e744db3cd3.jpg,0.026198025792837143,0.5140413641929626,0.32275286316871643,0.7006691098213196
e74a97ae14.jpg,0.03902476280927658,0.40484195947647095,0.19031083583831787,0.7337459325790405
e764b3f35a.jpg,0.046409618109464645,0.34073832631111145,0.33723944425582886,0.9120364189147949
e790229789.jpg,0.049161992967128754,0.5938485264778137,0.27238667011260986,0.5992039442062378
e79618c3c9.jpg,0.03948351368308067,0.6347259283065796,0.298043817281723,0.647638201713562
e7a2c2dfd5.jpg,0.05064789950847626,0.5559492111206055,0.26954561471939087,0.5337805151939392
e7b73c75cb.jpg,0.05982211232185364,0.45856064558029175,0.3239661455154419,0.5049532651901245
e7c3ac222b.jpg,0.05995592474937439,0.3971113860607147,0.324011892080307,0.7342125177383423
e7c99420a8.jpg,0.08886939287185669,0.4769735336303711,0.5389912128448486,0.735906720161438
e7cd8551d8.jpg,0.07105063647031784,0.32448771595954895,0.30487966537475586,0.8766621351242065
e7cdd8fd59.jpg,0.049931030720472336,0.32529416680336,0.29351967573165894,0.6354174613952637
e7d445c059.jpg,0.058768562972545624,0.4944347143173218,0.23987922072410583,0.6057313680648804
e7ddcd88d3.jpg,0.0500447154045105,0.4210435152053833,0.21643227338790894,0.6252299547195435
e7e77d48b0.jpg,0.061083339154720306,0.4235161542892456,0.40815645456314087,0.7813584804534912
e7fd336c2e.jpg,0.045064590871334076,0.4840860962867737,0.22570164501667023,0.5434619784355164
e80855ec86.jpg,0.054421186447143555,0.7574432492256165,0.260759562253952,0.5332636833190918
e80a7530ea.jpg,0.04241493344306946,0.507411003112793,0.24152693152427673,0.5965710878372192
e80cebe6dd.jpg,0.026727505028247833,0.5242236852645874,0.2452480047941208,0.7921034693717957
e80f526332.jpg,0.07127952575683594,0.27953919768333435,0.31539225578308105,0.7261709570884705
e810cbaf55.jpg,0.056596070528030396,0.42357882857322693,0.23341496288776398,0.7975224256515503
e8234e1e2e.jpg,0.067353755235672,0.3252868354320526,0.322802871465683,0.8530516624450684
e8338afa09.jpg,0.05185406655073166,0.4092944264411926,0.3174920082092285,0.4539299011230469
e85bba618a.jpg,0.043938349932432175,0.38719242811203003,0.2605321407318115,0.7747734189033508
e85ed2bc38.jpg,0.05100124329328537,0.4059593081474304,0.4413655996322632,0.739697277545929
e8605bf89a.jpg,0.03451685607433319,0.5824345350265503,0.3458433747291565,0.73866206407547
e862b2a488.jpg,0.0589180588722229,0.3400574028491974,0.2759755253791809,0.6069021821022034
e86d465a2d.jpg,0.057757120579481125,0.40232378244400024,0.2657337486743927,0.7969905734062195
e8718dba1c.jpg,0.0670720636844635,0.41797035932540894,0.3515876531600952,0.8133241534233093
e876733707.jpg,0.07671117782592773,0.3309682607650757,0.316548615694046,0.7071216702461243
e87676e6e2.jpg,0.040102772414684296,0.43459904193878174,0.24632850289344788,0.7053537368774414
e8789baa19.jpg,0.05073407292366028,0.40774598717689514,0.3108716607093811,0.7516315579414368
e8882a7f33.jpg,0.05918170139193535,0.39502546191215515,0.3071277439594269,0.7490966320037842
e89accad47.jpg,0.07172840088605881,0.38154736161231995,0.3460656404495239,0.6300923824310303
e89b1f65b6.jpg,0.05134125053882599,0.3631289005279541,0.29773056507110596,0.7254055738449097
e89e3ef99f.jpg,0.06682448834180832,0.43733760714530945,0.5131587386131287,0.7426580190658569
e89f26b785.jpg,0.05290712043642998,0.5373041033744812,0.22129854559898376,0.7458021640777588
e8a6213a64.jpg,0.03234558552503586,0.49818480014801025,0.20195844769477844,0.5019017457962036
e8ca770df9.jpg,0.04110591858625412,0.4916335940361023,0.28587689995765686,0.5989603400230408
e8cede65a7.jpg,0.03900190070271492,0.39711806178092957,0.24809637665748596,0.65534508228302
e8dc20c86e.jpg,0.050969451665878296,0.3164886236190796,0.31859734654426575,0.7627264857292175
e8e02ca944.jpg,0.04272410273551941,0.5569846630096436,0.22102701663970947,0.61725252866745
e8f2542a00.jpg,0.07159692049026489,0.6151232123374939,0.27430933713912964,0.6350629925727844
e8f8ff2e11.jpg,0.06390213221311569,0.5064301490783691,0.2341027855873108,0.6102391481399536
e91a6a79ca.jpg,0.03492264449596405,0.5660582780838013,0.2420375645160675,0.789245069026947
e941a6971b.jpg,0.08075667917728424,0.3821055591106415,0.34213459491729736,0.6559661626815796
e9425b919e.jpg,0.05074147880077362,0.747865617275238,0.5421971678733826,0.649437427520752
e94ce61928.jpg,0.0472780279815197,0.3931998610496521,0.22088195383548737,0.6829925775527954
e94fe9ef94.jpg,0.039186377078294754,0.34316861629486084,0.22561010718345642,0.812664806842804
e9652384d0.jpg,0.061093851923942566,0.3207729160785675,0.2332160323858261,0.6634715795516968
e96e9bdf9f.jpg,0.08294986933469772,0.32683253288269043,0.4717482924461365,0.8552027940750122
e975867ee1.jpg,0.0730590969324112,0.44466057419776917,0.38322579860687256,0.7588236331939697
e97aab1e3a.jpg,0.037444163113832474,0.5967354774475098,0.20944927632808685,0.49319830536842346
e97f72f75e.jpg,0.051700204610824585,0.32832908630371094,0.2715585231781006,0.8137277364730835
e9896641d2.jpg,0.04795439541339874,0.4741308093070984,0.24524372816085815,0.6295223236083984
e98c174738.jpg,0.05185946822166443,0.28404298424720764,0.2801959812641144,0.8358175754547119
e98cd4e13f.jpg,0.04812690615653992,0.33421626687049866,0.3296605348587036,0.7146576642990112
e98d5c8d85.jpg,0.10063078254461288,0.4443263113498688,0.4920254349708557,0.8325601816177368
e98e9b1620.jpg,0.03496568650007248,0.6711671352386475,0.3403892517089844,0.6431542038917542
e991139f4b.jpg,0.06993378698825836,0.4835924506187439,0.3746410310268402,0.6892845630645752
e9ba0bafc4.jpg,0.04249881953001022,0.5002933740615845,0.21384122967720032,0.7156749963760376
e9c3e52cf1.jpg,0.04295685887336731,0.3918006122112274,0.2729793190956116,0.6995922923088074
e9ca026ba3.jpg,0.07352818548679352,0.5839958786964417,0.40327200293540955,0.7762803435325623
e9cbdee9bd.jpg,0.045323073863983154,0.4371052384376526,0.18273623287677765,0.7059640288352966
e9d65fa272.jpg,0.04454756900668144,0.660233736038208,0.33293479681015015,0.5480546951293945
e9da2fab10.jpg,0.0525711290538311,0.37200769782066345,0.3471270501613617,0.8303527235984802
e9da44faa6.jpg,0.03960731253027916,0.4287024736404419,0.24614626169204712,0.6648620963096619
e9e303af60.jpg,0.04528858885169029,0.4445350170135498,0.2794533371925354,0.6976637244224548
e9ebdfe8ec.jpg,0.03388654813170433,0.4372057020664215,0.2299400269985199,0.7388125061988831
e9ec0b07bd.jpg,0.0410723015666008,0.34112584590911865,0.26074957847595215,0.7769722938537598
e9ef067120.jpg,0.03117303177714348,0.5962313413619995,0.23041686415672302,0.5780973434448242
ea0086b300.jpg,0.05144732818007469,0.49486374855041504,0.3500653803348541,0.7610799074172974
ea2128c1b2.jpg,0.03480587899684906,0.36677077412605286,0.2638559937477112,0.7016915082931519
ea29af7178.jpg,0.043454598635435104,0.7053098678588867,0.3012498617172241,0.6297820210456848
ea38729951.jpg,0.05658068507909775,0.5079914331436157,0.34468013048171997,0.7328910231590271
ea437a682c.jpg,0.05622739717364311,0.33206650614738464,0.273886501789093,0.7175058126449585
ea4dc1e88e.jpg,0.05869904160499573,0.4957897663116455,0.6446513533592224,0.8491761684417725
ea4f37e7e5.jpg,0.05064850300550461,0.3454509377479553,0.2663485109806061,0.7033141851425171
ea58d700d2.jpg,0.050995007157325745,0.35114002227783203,0.28561943769454956,0.7116540670394897
ea60c54c69.jpg,0.06594423949718475,0.6595337390899658,0.2797258496284485,0.6016333103179932
ea626ba3a9.jpg,0.05503363534808159,0.48719853162765503,0.3226877450942993,0.6848315000534058
ea656cf2b6.jpg,0.0513954684138298,0.32632577419281006,0.28274014592170715,0.5978131890296936
ea6917e2db.jpg,0.05738046392798424,0.4585118293762207,0.2573130130767822,0.7505810260772705
ea867fecaa.jpg,0.04175552725791931,0.5467536449432373,0.24407683312892914,0.5684798955917358
ea90ff6da4.jpg,0.07713379710912704,0.41911017894744873,0.4013720750808716,0.8453936576843262
ea942e0882.jpg,0.032292403280735016,0.4959990680217743,0.1772005259990692,0.6605991721153259
ea965a1eba.jpg,0.06320931017398834,0.48388946056365967,0.2964826822280884,0.7223496437072754
eaa17f1091.jpg,0.04821169376373291,0.5475307106971741,0.3621251881122589,0.74930739402771
eaac3f27b0.jpg,0.043536197394132614,0.30252254009246826,0.24126049876213074,0.8006422519683838
eab48ed00d.jpg,0.06375076621770859,0.420175164937973,0.4493860900402069,0.8051773309707642
eab57199fa.jpg,0.056603193283081055,0.40383267402648926,0.29870840907096863,0.7291657328605652
eabe91cae5.jpg,0.06503790616989136,0.4002889096736908,0.3316347002983093,0.7840761542320251
eac7bd7368.jpg,0.046959832310676575,0.41033655405044556,0.3308934271335602,0.7624644041061401
eacb6ead4a.jpg,0.06618975102901459,0.4407535791397095,0.4765951633453369,0.6292095184326172
eacdc1d18f.jpg,0.05795705318450928,0.5715387463569641,0.27569711208343506,0.6668186187744141
ead2fdbadc.jpg,0.06748981773853302,0.39812618494033813,0.31732988357543945,0.7556718587875366
ead622126f.jpg,0.04163601994514465,0.492673397064209,0.22043845057487488,0.7246713042259216
eadb799684.jpg,0.040168728679418564,0.40258821845054626,0.279754638671875,0.7152059078216553
eadea8cf4c.jpg,0.05752984806895256,0.6436571478843689,0.29077592492103577,0.5731229782104492
eae1d7b4a7.jpg,0.0899137556552887,0.3626590967178345,0.4228630065917969,0.8829341530799866
eae8ac05b6.jpg,0.044794049113988876,0.5571231842041016,0.24488940834999084,0.7230014801025391
eafc9d8929.jpg,0.07938392460346222,0.4228454828262329,0.322286993265152,0.5658276081085205
eb09186652.jpg,0.044444739818573,0.2874772846698761,0.3191276788711548,0.734180748462677
eb143cd557.jpg,0.04742070659995079,0.5303477048873901,0.2587006390094757,0.7746214270591736
eb1ae4752c.jpg,0.058381810784339905,0.3717845380306244,0.29167383909225464,0.42101576924324036
eb1ce8f38f.jpg,0.049686141312122345,0.41954338550567627,0.1991795301437378,0.7994522452354431
eb1f220d40.jpg,0.0759529322385788,0.449756920337677,0.4085969924926758,0.7419458627700806
eb267343a7.jpg,0.044539403170347214,0.42328834533691406,0.22705957293510437,0.6651971340179443
eb33d8e41b.jpg,0.05267114192247391,0.5018244385719299,0.30722784996032715,0.8085825443267822
eb34f329c1.jpg,0.044537030160427094,0.4430660903453827,0.2653740644454956,0.8323521018028259
eb396944a9.jpg,0.04542464017868042,0.4574179947376251,0.22568294405937195,0.7549608945846558
eb48b08b2c.jpg,0.04207339137792587,0.41206052899360657,0.23585815727710724,0.7707095146179199
eb4c747b35.jpg,0.058570247143507004,0.42701470851898193,0.31832584738731384,0.7537338137626648
eb5a006cd8.jpg,0.07558977603912354,0.45121103525161743,0.5800522565841675,0.788361668586731
eb7323bae7.jpg,0.09790323674678802,0.39992931485176086,0.6568609476089478,0.8584796190261841
eb74e149ff.jpg,0.03841739892959595,0.35070204734802246,0.16066229343414307,0.8342752456665039
eb74ee9751.jpg,0.07928679883480072,0.4733571410179138,0.3159412443637848,0.6909329295158386
eb927ffcce.jpg,0.05147045850753784,0.30458369851112366,0.27291351556777954,0.8600801825523376
eb9630147d.jpg,0.04269690066576004,0.3750653862953186,0.1817167103290558,0.7663493752479553
ebb0aa2f01.jpg,0.035579975694417953,0.40462052822113037,0.25182855129241943,0.7882645726203918
ebb3a60020.jpg,0.05303705483675003,0.29383206367492676,0.2514243721961975,0.8158003091812134
ebb7fcea92.jpg,0.05813602730631828,0.33432069420814514,0.33677586913108826,0.8320881128311157
ebb973284b.jpg,0.04407535493373871,0.4975813031196594,0.1869366616010666,0.590003252029419
ebc6398a40.jpg,0.0388876348733902,0.4525241255760193,0.3091332018375397,0.5438814759254456
ebcc42e110.jpg,0.04367775842547417,0.41988879442214966,0.24205680191516876,0.7400856614112854
ebcce1a075.jpg,0.044042110443115234,0.3608970642089844,0.23405088484287262,0.6325435042381287
ebd677e4df.jpg,0.07580983638763428,0.32582277059555054,0.31313562393188477,0.7529927492141724
ebfb842dbb.jpg,0.06174710392951965,0.3744540512561798,0.4066750705242157,0.7680516242980957
ec22ac410a.jpg,0.03098328970372677,0.5632854104042053,0.11415267735719681,0.6516894102096558
ec26ffe6d9.jpg,0.04270493611693382,0.5331107378005981,0.23685088753700256,0.6761522889137268
ec2819dd4a.jpg,0.05220400542020798,0.36773690581321716,0.2733539044857025,0.6428396701812744
ec361682b9.jpg,0.05771242827177048,0.36518529057502747,0.2462562769651413,0.7545833587646484
ec3cedbafe.jpg,0.02848902903497219,0.49224603176116943,0.23378385603427887,0.7556352019309998
ec4acecf3f.jpg,0.06474646925926208,0.539841890335083,0.37532946467399597,0.7507116198539734
ec4fccd390.jpg,0.0487498864531517,0.36349791288375854,0.23988930881023407,0.755917489528656
ec509fe942.jpg,0.032367803156375885,0.5294321179389954,0.3457332253456116,0.7012902498245239
ec5d51aaf0.jpg,0.055285822600126266,0.6163241267204285,0.33785802125930786,0.5892216563224792
ec61770865.jpg,0.05838422104716301,0.3528881072998047,0.4551590383052826,0.6922767162322998
ec673dd8d4.jpg,0.06267723441123962,0.44104716181755066,0.31214287877082825,0.7855395078659058
ec6c041436.jpg,0.057519685477018356,0.6116505861282349,0.31573498249053955,0.7213497757911682
ec7228a986.jpg,0.058995768427848816,0.4343758821487427,0.2828107476234436,0.7243753671646118
ec74224ef5.jpg,0.06269540637731552,0.43811583518981934,0.30821162462234497,0.6873074173927307
ec99be1db6.jpg,0.04198262840509415,0.4922276437282562,0.2919543385505676,0.7747994661331177
ecad06947b.jpg,0.044182129204273224,0.30818814039230347,0.20496024191379547,0.639717698097229
ecaf3bdf12.jpg,0.05201863497495651,0.39498651027679443,0.2657107710838318,0.739054799079895
ecb38a1051.jpg,0.03596965968608856,0.46450793743133545,0.1799522191286087,0.521190881729126
ecb3ccc9f4.jpg,0.04061894118785858,0.3841893672943115,0.26662924885749817,0.7338062524795532
ecc3cd6e1b.jpg,0.049019329249858856,0.3095548450946808,0.22246408462524414,0.8085739612579346
ece948ce97.jpg,0.047557294368743896,0.3983117938041687,0.3039008378982544,0.793458104133606
ecee77ae5a.jpg,0.057296570390462875,0.26993614435195923,0.3015199601650238,0.7966212034225464
ed04dbb114.jpg,0.03715864196419716,0.4405456781387329,0.20462429523468018,0.6237501502037048
ed0ddbf26a.jpg,0.05861077830195427,0.3605498969554901,0.344469279050827,0.7696928381919861
ed22cf856f.jpg,0.05916465446352959,0.5392078161239624,0.3642983138561249,0.6651518940925598
ed27eb5c68.jpg,0.0564470998942852,0.34897178411483765,0.24115422368049622,0.7647333145141602
ed31f8c196.jpg,0.05782651901245117,0.4722285270690918,0.5181029438972473,0.7649712562561035
ed34d8d7f3.jpg,0.03881537914276123,0.5021506547927856,0.26765379309654236,0.6278558969497681
ed3b265e09.jpg,0.037278953939676285,0.303833544254303,0.20753322541713715,0.6641855835914612
ed458bffb6.jpg,0.03817145526409149,0.5876951217651367,0.2753908038139343,0.6579645872116089
ed473bcf9b.jpg,0.03391712158918381,0.5448781251907349,0.32635653018951416,0.6661540269851685
ed59cdccf1.jpg,0.08629604429006577,0.3986549973487854,0.3292427659034729,0.7414487600326538
ed60c6410b.jpg,0.04010763019323349,0.3427221179008484,0.23877233266830444,0.7868267297744751
ed65db5f88.jpg,0.042418137192726135,0.4575015902519226,0.2880665361881256,0.774848222732544
ed7b96a9c5.jpg,0.05013788864016533,0.4384608566761017,0.22106868028640747,0.5259990692138672
ed848812da.jpg,0.06021612137556076,0.266163170337677,0.2186477780342102,0.839165985584259
ed8dab0f96.jpg,0.027478277683258057,0.7720686197280884,0.26657992601394653,0.6186821460723877
ed915c89a2.jpg,0.04980393871665001,0.4380406439304352,0.3287400007247925,0.6785290241241455
ed94946d16.jpg,0.06120729446411133,0.4230373501777649,0.2977072298526764,0.5586255192756653
ed9f0b8b5d.jpg,0.057849060744047165,0.549232542514801,0.25501957535743713,0.702416181564331
eda8697979.jpg,0.09851612895727158,0.44991445541381836,0.8389550447463989,0.7916483879089355
edb7d50936.jpg,0.0498996339738369,0.4596509337425232,0.30513274669647217,0.67220139503479
edba7f0a70.jpg,0.039486899971961975,0.40159881114959717,0.24164509773254395,0.7856449484825134
edc66bfb66.jpg,0.07765398919582367,0.4413028955459595,0.4132866859436035,0.7928650379180908
edd52342db.jpg,0.04160509631037712,0.41095924377441406,0.251909464597702,0.7131627202033997
ede0add355.jpg,0.06635919958353043,0.3468295931816101,0.5402950048446655,0.8500155806541443
edef4ef18d.jpg,0.06653421372175217,0.8288885354995728,0.24325856566429138,0.5423396825790405
edef9cbabe.jpg,0.052817076444625854,0.4166908860206604,0.2820400297641754,0.6950697898864746
edf15f0940.jpg,0.05852021276950836,0.5125597715377808,0.3524012565612793,0.6596700549125671
edf42b9d0d.jpg,0.041502613574266434,0.4084766209125519,0.34899401664733887,0.7943531274795532
ee0e1d6569.jpg,0.0320064015686512,0.4766918420791626,0.2803444564342499,0.6876296997070312
ee24903251.jpg,0.08922704309225082,0.3226481080055237,0.251510888338089,0.7119286060333252
ee28cc4d68.jpg,0.04274803027510643,0.38843509554862976,0.25818926095962524,0.6710986495018005
ee29105aba.jpg,0.04917839914560318,0.5134621858596802,0.3056001365184784,0.6359800100326538
ee2bf8c5fd.jpg,0.0520334467291832,0.5043097734451294,0.39941638708114624,0.5819922685623169
ee2e0ec65d.jpg,0.04203462600708008,0.657485842704773,0.28551173210144043,0.5597536563873291
ee6c260d4f.jpg,0.05290881544351578,0.34352633357048035,0.25324589014053345,0.7600150108337402
ee861e6fae.jpg,0.04964260384440422,0.2253206968307495,0.224700465798378,0.796953022480011
ee8bdcd99f.jpg,0.04444532096385956,0.2757951617240906,0.2893892824649811,0.8141525983810425
ee8c2e9e3c.jpg,0.06126048415899277,0.32787078619003296,0.28155753016471863,0.8433429002761841
ee97a20e7c.jpg,0.1081002801656723,0.4495764970779419,0.7520790100097656,0.844849169254303
ee982ce7e3.jpg,0.04777621477842331,0.2735006809234619,0.18827886879444122,0.7965870499610901
ee9b29e1b8.jpg,0.04367392510175705,0.3835793733596802,0.21873261034488678,0.6667366027832031
eea8eff240.jpg,0.04677554592490196,0.5330468416213989,0.3098890781402588,0.6367520689964294
eeb1e5f575.jpg,0.04716464504599571,0.39923807978630066,0.3728737533092499,0.6343557238578796
eeb4ccb21f.jpg,0.041371770203113556,0.5857317447662354,0.19617682695388794,0.716374397277832
eec21ae61c.jpg,0.037944771349430084,0.4426444172859192,0.252229779958725,0.8323888778686523
eed4191e08.jpg,0.052852511405944824,0.3293415606021881,0.22470009326934814,0.8035764694213867
eed8644829.jpg,0.034107059240341187,0.4823612868785858,0.1664399802684784,0.7174666523933411
eedab28822.jpg,0.08008347451686859,0.8081454634666443,0.4064546525478363,0.4912681579589844
eee8098608.jpg,0.042490825057029724,0.4756202697753906,0.19839508831501007,0.63884037733078
eeee68b7d8.jpg,0.03966154903173447,0.6747171878814697,0.3188902735710144,0.5468097925186157
eef39ac09b.jpg,0.05057221278548241,0.40791571140289307,0.392063707113266,0.7882189750671387
eef4bdae39.jpg,0.05003436654806137,0.3518751263618469,0.4086701571941376,0.7828788757324219
ef129d082c.jpg,0.04233889281749725,0.4320445656776428,0.19750738143920898,0.6326507329940796
ef15317c67.jpg,0.03580298274755478,0.5818167924880981,0.27392348647117615,0.700121283531189
ef1f3e84f9.jpg,0.05583653599023819,0.5088108777999878,0.23686900734901428,0.7414723634719849
ef488233e3.jpg,0.05514344573020935,0.44504445791244507,0.3674578070640564,0.6011055707931519
ef4a60107c.jpg,0.054034244269132614,0.4003487229347229,0.3913687467575073,0.8432979583740234
ef59ec0110.jpg,0.0893799364566803,0.4221920967102051,0.5179246068000793,0.7418714165687561
ef6190ff9b.jpg,0.045142363756895065,0.6086959838867188,0.19674018025398254,0.6636686325073242
ef674070d3.jpg,0.06821800023317337,0.36559075117111206,0.41781359910964966,0.4983723759651184
ef77fe0cfc.jpg,0.03926092013716698,0.3686845302581787,0.299594908952713,0.7070051431655884
ef833e60b4.jpg,0.06187482923269272,0.32713907957077026,0.3451017737388611,0.7333858013153076
ef893e33a9.jpg,0.07040810585021973,0.5626484751701355,0.30312472581863403,0.7894529700279236
ef8a6e2a7a.jpg,0.043223582208156586,0.4591824412345886,0.2040855437517166,0.736583948135376
ef9ca94c15.jpg,0.06824491918087006,0.3410785496234894,0.3248894214630127,0.7279727458953857
ef9e5bc080.jpg,0.04562290012836456,0.29344499111175537,0.23518607020378113,0.8462843894958496
efa2ba7d02.jpg,0.0717158243060112,0.4548023045063019,0.40379878878593445,0.7920000553131104
efa6c21576.jpg,0.044443272054195404,0.4801674783229828,0.20489069819450378,0.6307908296585083
efa79c9c41.jpg,0.04885469004511833,0.3590272068977356,0.2655055522918701,0.8116416931152344
efbb57a439.jpg,0.05462316796183586,0.39291998744010925,0.3550363779067993,0.8501867055892944
efbfcfe793.jpg,0.03406195342540741,0.42679065465927124,0.2636004686355591,0.7748929262161255
efc51bdcdf.jpg,0.03679981455206871,0.33418887853622437,0.19595174491405487,0.7472889423370361
efcabd7b97.jpg,0.06007879227399826,0.3372390568256378,0.3330446183681488,0.8491175770759583
efd9e949f5.jpg,0.05506432056427002,0.6117264032363892,0.17692190408706665,0.609595537185669
efeb94db8b.jpg,0.0688638761639595,0.43860355019569397,0.37396669387817383,0.8458535671234131
effaa53ad8.jpg,0.06280981749296188,0.5029379725456238,0.3235228359699249,0.4858936071395874
f005004e0c.jpg,0.04826291650533676,0.47393888235092163,0.261191189289093,0.570044219493866
f01164b232.jpg,0.14805735647678375,0.4870651662349701,0.7079756259918213,0.7524789571762085
f01207f706.jpg,0.04521144554018974,0.39627087116241455,0.22783778607845306,0.7417640089988708
f01a04bd03.jpg,0.042776018381118774,0.6744738817214966,0.35169586539268494,0.7448724508285522
f020a207a8.jpg,0.05340912193059921,0.505911111831665,0.2824558615684509,0.6897599697113037
f0220aa3f5.jpg,0.04561617225408554,0.5616764426231384,0.2797721028327942,0.7448369264602661
f024838b95.jpg,0.07683250308036804,0.34667250514030457,0.3876977860927582,0.8258206844329834
f0367de132.jpg,0.07323786616325378,0.37546423077583313,0.38757848739624023,0.7250571846961975
f04f12da30.jpg,0.0932949036359787,0.4529639482498169,0.5468563437461853,0.8607480525970459
f06b8cfef0.jpg,0.04850664734840393,0.5809484720230103,0.32283836603164673,0.7435559034347534
f074cffca1.jpg,0.04271509498357773,0.4582166075706482,0.26301097869873047,0.8029439449310303
f07cb0b75e.jpg,0.03448257967829704,0.5251861810684204,0.21697434782981873,0.7804542183876038
f07e66c2d2.jpg,0.04505791515111923,0.5164631605148315,0.17123091220855713,0.811042308807373
f088a906d0.jpg,0.06849506497383118,0.37180495262145996,0.33978796005249023,0.7590001821517944
f088b513bf.jpg,0.052329160273075104,0.36408719420433044,0.2978249192237854,0.7144666910171509
f08926d339.jpg,0.04706580936908722,0.4088703989982605,0.23043599724769592,0.5884896516799927
f08c39d24f.jpg,0.05261954665184021,0.5561762452125549,0.25335779786109924,0.6863594651222229
f08e936c6b.jpg,0.05321676656603813,0.4575314223766327,0.3541420102119446,0.7879827618598938
f0962b6de5.jpg,0.059480927884578705,0.4417409896850586,0.4344458281993866,0.7967149615287781
f09c772bcc.jpg,0.03314599394798279,0.6847268342971802,0.22535504400730133,0.6019787788391113
f09d0b81ba.jpg,0.0438501238822937,0.34016233682632446,0.27184584736824036,0.8031213879585266
f0a1187473.jpg,0.048677247017621994,0.4728548526763916,0.3537735044956207,0.7039650678634644
f0a55ad775.jpg,0.08187080174684525,0.38792699575424194,0.3567863702774048,0.8058637380599976
f0a679e095.jpg,0.05542599409818649,0.3722842335700989,0.2716469168663025,0.7465935945510864
f0aa76ff07.jpg,0.04202457517385483,0.42476415634155273,0.17889800667762756,0.6764493584632874
f0b8c1d365.jpg,0.029845252633094788,0.5220510363578796,0.18944400548934937,0.6197941303253174
f0e139a901.jpg,0.044278886169195175,0.4199124276638031,0.21982049942016602,0.6818137168884277
f1032a4bd8.jpg,0.042705684900283813,0.7118061184883118,0.2620888948440552,0.5673786997795105
f105adbfb1.jpg,0.0319681391119957,0.40689754486083984,0.20827263593673706,0.7153615951538086
f10d2923bd.jpg,0.03629707172513008,0.5195488929748535,0.21501511335372925,0.5972138047218323
f10f748b4d.jpg,0.043110042810440063,0.5088215470314026,0.2247215360403061,0.7064493894577026
f11454665a.jpg,0.05311565846204758,0.38189277052879333,0.2671305537223816,0.8431957960128784
f11ee27f26.jpg,0.04410203918814659,0.4651705026626587,0.23958459496498108,0.7449837327003479
f13184bb48.jpg,0.03192902356386185,0.597787082195282,0.21715696156024933,0.5103820562362671
f148707bb0.jpg,0.049917303025722504,0.33624863624572754,0.23722237348556519,0.7569334506988525
f1591e50e1.jpg,0.049744319170713425,0.43096092343330383,0.26808419823646545,0.8103640079498291
f15b7224fd.jpg,0.055414047092199326,0.4064550995826721,0.21763691306114197,0.6718779802322388
f163b5185e.jpg,0.0541420504450798,0.3165370225906372,0.2981313467025757,0.7700421214103699
f1670c265f.jpg,0.02913588657975197,0.5770077109336853,0.21757665276527405,0.6523087024688721
f176a55e27.jpg,0.060509227216243744,0.4768134653568268,0.3294978141784668,0.7620282173156738
f177cf7991.jpg,0.03913116455078125,0.4850979745388031,0.14017605781555176,0.6396679878234863
f17a8c4aee.jpg,0.054599031805992126,0.43475261330604553,0.28969261050224304,0.7571396827697754
f17e985728.jpg,0.053317420184612274,0.23187536001205444,0.25147759914398193,0.8354679346084595
f180c8d8b9.jpg,0.05243942141532898,0.4713640809059143,0.33505210280418396,0.6151323914527893
f188425ea5.jpg,0.04437970370054245,0.4057006239891052,0.2256852388381958,0.6561893224716187
f18989ff8d.jpg,0.10299164056777954,0.3577238619327545,0.7165409922599792,0.6874812841415405
f18d2c0a81.jpg,0.03566332906484604,0.37882763147354126,0.18429067730903625,0.7298532128334045
f1ac127445.jpg,0.04964657127857208,0.5451976656913757,0.34276315569877625,0.7235696315765381
f1b8dee326.jpg,0.04293505474925041,0.3918704092502594,0.3415382504463196,0.6467809677124023
f1c198d735.jpg,0.10010489076375961,0.2808339595794678,0.41988950967788696,0.7507302761077881
f1d4e7cd69.jpg,0.04239577054977417,0.4983874261379242,0.21740064024925232,0.5367501974105835
f1d7343af8.jpg,0.03435562923550606,0.4221913814544678,0.2226046621799469,0.766839861869812
f1dbada7a5.jpg,0.03990519046783447,0.36656859517097473,0.3022339344024658,0.6139726638793945
f1fe522e6d.jpg,0.048921726644039154,0.45878997445106506,0.3167223632335663,0.7946940064430237
f1ff4a822a.jpg,0.045276742428541183,0.30188819766044617,0.24408726394176483,0.7829448580741882
f203101270.jpg,0.061464518308639526,0.42984282970428467,0.31961268186569214,0.7047368288040161
f21ca704e5.jpg,0.034222312271595,0.4606001079082489,0.21968255937099457,0.7370681762695312
f21dd18a49.jpg,0.04535835608839989,0.6384744048118591,0.26619070768356323,0.5730832815170288
f222ee8acc.jpg,0.035155635327100754,0.3508220911026001,0.25086525082588196,0.8492856025695801
f22dac0d03.jpg,0.058110736310482025,0.4730928838253021,0.3718571364879608,0.7756855487823486
f230845d9a.jpg,0.060476310551166534,0.48198366165161133,0.4446735978126526,0.7327701449394226
f23e5d0e29.jpg,0.047352135181427,0.2932591438293457,0.27315855026245117,0.8155063390731812
f247ca8a34.jpg,0.04512855038046837,0.7121299505233765,0.23315440118312836,0.6149153709411621
f24a8f4c6c.jpg,0.059457771480083466,0.43828797340393066,0.28964146971702576,0.7190337181091309
f24acd17d0.jpg,0.039974432438611984,0.5018938779830933,0.23248843848705292,0.7529873847961426
f25716f164.jpg,0.03475434333086014,0.5635979175567627,0.24433590471744537,0.6996406316757202
f265b9c6d2.jpg,0.06550925225019455,0.8424835205078125,0.3641154170036316,0.5662322640419006
f26d369fbd.jpg,0.04746237397193909,0.36585283279418945,0.2852116823196411,0.7966046929359436
f270b20be4.jpg,0.043131422251462936,0.5556616187095642,0.32446128129959106,0.8080654144287109
f27ac3fc28.jpg,0.044528864324092865,0.45596349239349365,0.2687036693096161,0.6137871742248535
f27e7b74de.jpg,0.06767787784337997,0.44432130455970764,0.2812747657299042,0.6898077726364136
f27f6894a1.jpg,0.04789198562502861,0.24829721450805664,0.2537443935871124,0.7609474062919617
f28231f3f9.jpg,0.10615202784538269,0.3942158818244934,0.43674203753471375,0.7807427644729614
f2876e0b28.jpg,0.05176270008087158,0.5217971801757812,0.26476046442985535,0.7939116954803467
f298108b32.jpg,0.04963752254843712,0.5338863730430603,0.36946791410446167,0.6935150623321533
f2a3dc33fe.jpg,0.05705532431602478,0.3915896415710449,0.32411813735961914,0.7442511320114136
f2b162e74b.jpg,0.06037692353129387,0.32288652658462524,0.27406045794487,0.843386173248291
f2b7c12b9c.jpg,0.05374991148710251,0.5664699077606201,0.3203059732913971,0.6024771928787231
f2d042180c.jpg,0.049675434827804565,0.5062660574913025,0.21616892516613007,0.6483287811279297
f2d2d4efbc.jpg,0.040096431970596313,0.29282912611961365,0.19901812076568604,0.6686778664588928
f2d986db88.jpg,0.038160353899002075,0.44233450293540955,0.2699347138404846,0.7299787402153015
f2f09c8f41.jpg,0.04829265922307968,0.33599454164505005,0.29475054144859314,0.7707545757293701
f2f56add24.jpg,0.04452003166079521,0.37456947565078735,0.14369070529937744,0.62251877784729
f30e44407b.jpg,0.04980706796050072,0.6435195803642273,0.25198736786842346,0.538274884223938
f31217f986.jpg,0.048494528979063034,0.37971439957618713,0.3389261066913605,0.714634120464325
f3141801d8.jpg,0.06713423132896423,0.31904804706573486,0.29176005721092224,0.7321501970291138
f3230db890.jpg,0.049330245703458786,0.38429906964302063,0.24116575717926025,0.703680157661438
f32a18c7c6.jpg,0.03276462107896805,0.37095192074775696,0.24754425883293152,0.7227897644042969
f3356114c7.jpg,0.08608856052160263,0.2131882905960083,0.2415468394756317,0.8308404684066772
f351ce3bc5.jpg,0.0523863360285759,0.262321799993515,0.24324944615364075,0.8264228105545044
f352a7a312.jpg,0.049693040549755096,0.34800222516059875,0.4066711366176605,0.6952637434005737
f354013389.jpg,0.057460032403469086,0.41118013858795166,0.29988566040992737,0.8144499063491821
f357fe1f0d.jpg,0.028827650472521782,0.708234429359436,0.3589240610599518,0.620045006275177
f36fc36903.jpg,0.02709953486919403,0.49665385484695435,0.3619234263896942,0.8253822326660156
f376a8789c.jpg,0.03673218563199043,0.422488808631897,0.36750489473342896,0.7581791877746582
f37a93cd01.jpg,0.048719704151153564,0.48416805267333984,0.31093671917915344,0.7703986167907715
f384c39cd3.jpg,0.041281312704086304,0.3530673682689667,0.27061599493026733,0.7146868705749512
f3b5806412.jpg,0.048946283757686615,0.4660012125968933,0.26146405935287476,0.6616736650466919
f3bf66740a.jpg,0.03230395168066025,0.5509914755821228,0.42593589425086975,0.7743862867355347
f3c61a9a05.jpg,0.04011689871549606,0.5425028204917908,0.31942033767700195,0.6643081903457642
f3c8ec10ae.jpg,0.04831608757376671,0.47147488594055176,0.33910253643989563,0.4671313464641571
f3d15e5226.jpg,0.05334227532148361,0.34280484914779663,0.3213525116443634,0.7672268748283386
f3d86d0bdc.jpg,0.04855116456747055,0.4795622229576111,0.2139747589826584,0.7464969158172607
f3e4ae010d.jpg,0.049725987017154694,0.5532724857330322,0.34269988536834717,0.6976797580718994
f3e54bc081.jpg,0.04040093347430229,0.45740342140197754,0.36795705556869507,0.8201568126678467
f3e9866cb8.jpg,0.07300163060426712,0.34712791442871094,0.3550601005554199,0.8280647993087769
f3ec3e874d.jpg,0.04552051052451134,0.44019389152526855,0.30334287881851196,0.7089998722076416
f3ecb32509.jpg,0.05397328361868858,0.352197527885437,0.287195086479187,0.8426392078399658
f3ee6c1af3.jpg,0.04103119671344757,0.36837559938430786,0.22524277865886688,0.8175573348999023
f3fa90a191.jpg,0.04821629822254181,0.5697190165519714,0.2480151653289795,0.5069678425788879
f405d9a44e.jpg,0.042173247784376144,0.36469823122024536,0.2531375288963318,0.81475830078125
f40af60ddc.jpg,0.04127804934978485,0.4443686306476593,0.3933406472206116,0.6870744228363037
f40b429650.jpg,0.042300641536712646,0.439128041267395,0.23595155775547028,0.7144004106521606
f40b719930.jpg,0.05941680073738098,0.40589722990989685,0.3329054117202759,0.6666758060455322
f40d9b8368.jpg,0.043759822845458984,0.49122926592826843,0.22516638040542603,0.5751079320907593
f417a4cc39.jpg,0.06097555160522461,0.35266587138175964,0.24434593319892883,0.7986608743667603
f41b5dec17.jpg,0.05183778330683708,0.49458086490631104,0.3592084050178528,0.792432427406311
f41d5c2163.jpg,0.04433734714984894,0.470220685005188,0.2278425693511963,0.5787420868873596
f4219a5e81.jpg,0.07524986565113068,0.4564281702041626,0.46169739961624146,0.7510667443275452
f42f6f0197.jpg,0.059417739510536194,0.2776705026626587,0.27500972151756287,0.745492696762085
f43113c91b.jpg,0.04133368283510208,0.5002241730690002,0.26307302713394165,0.6632131934165955
f43c6fb1de.jpg,0.06883841753005981,0.3304239809513092,0.28921669721603394,0.8336825966835022
f44a3275c9.jpg,0.06269930303096771,0.2932913601398468,0.3520565330982208,0.7966040372848511
f46478e139.jpg,0.03774514049291611,0.6687164902687073,0.20939157903194427,0.5656706094741821
f46cfb67bd.jpg,0.04140617698431015,0.5785260796546936,0.2879979610443115,0.6821999549865723
f482274abc.jpg,0.038232892751693726,0.592483639717102,0.31234484910964966,0.6097246408462524
f4831ea6fb.jpg,0.04702598974108696,0.4832325279712677,0.27601850032806396,0.6601024866104126
f4919d3664.jpg,0.04382745549082756,0.4761495292186737,0.23228201270103455,0.7369413375854492
f494688de8.jpg,0.044857244938611984,0.5045319199562073,0.29854071140289307,0.780478298664093
f49ca09b7a.jpg,0.03498717397451401,0.5634720325469971,0.22454361617565155,0.6303455829620361
f4a6936ec9.jpg,0.03590044379234314,0.36766016483306885,0.27385857701301575,0.74109947681427
f4a9c6100f.jpg,0.05552108213305473,0.38956218957901,0.2706700265407562,0.5819277167320251
f4c509ad69.jpg,0.026453454047441483,0.4559602737426758,0.2623506188392639,0.7623019218444824
f4cdc8fdbc.jpg,0.043655406683683395,0.5445157885551453,0.339010089635849,0.8163166046142578
f4dd7ea66e.jpg,0.06148863956332207,0.45814788341522217,0.40287378430366516,0.7343980073928833
f4eb1866c7.jpg,0.03533655405044556,0.37704992294311523,0.1385185271501541,0.6366562247276306
f4eb47f0dd.jpg,0.04603889584541321,0.5157520771026611,0.2500486671924591,0.7217424511909485
f501fc4455.jpg,0.07787707448005676,0.355112761259079,0.3146478235721588,0.7978089451789856
f51503f974.jpg,0.026393290609121323,0.6259835958480835,0.17326697707176208,0.69429612159729
f51f06df8f.jpg,0.03659975528717041,0.5167606472969055,0.23276454210281372,0.6425713896751404
f53328c040.jpg,0.05401190370321274,0.37827402353286743,0.2921212911605835,0.6813620924949646
f54cf76011.jpg,0.05744633078575134,0.2818772494792938,0.30424976348876953,0.7155981063842773
f54dd83443.jpg,0.04726943373680115,0.38599836826324463,0.263677179813385,0.8153678178787231
f54f45c2ea.jpg,0.04204263538122177,0.43995824456214905,0.23258046805858612,0.7373526096343994
f55b066db1.jpg,0.04613263159990311,0.37736040353775024,0.12673890590667725,0.6037631630897522
f56ae75fdd.jpg,0.0542474202811718,0.45893120765686035,0.2689170241355896,0.5849370956420898
f56b12cf0b.jpg,0.04546728357672691,0.4732658267021179,0.28829512000083923,0.750939667224884
f575a81ad6.jpg,0.07626862823963165,0.5757368803024292,0.49955666065216064,0.687682569026947
f58ec475cf.jpg,0.0308900848031044,0.6224278807640076,0.25878432393074036,0.6031465530395508
f5b336d512.jpg,0.03449020907282829,0.3824906647205353,0.2783529460430145,0.6270524859428406
f5b3c7c78c.jpg,0.07259126007556915,0.43839898705482483,0.4475872218608856,0.7264177203178406
f5c1d6af2a.jpg,0.034053120762109756,0.3499031960964203,0.2014998495578766,0.6125800609588623
f5c3514cca.jpg,0.03825286775827408,0.6827508211135864,0.2144620567560196,0.636569619178772
f5c7a8068c.jpg,0.04021651670336723,0.5474191904067993,0.22643138468265533,0.5580379962921143
f5d163add7.jpg,0.051051490008831024,0.46014925837516785,0.3300008773803711,0.6335810422897339
f5d1922ba9.jpg,0.055064331740140915,0.23876473307609558,0.24010832607746124,0.7805714011192322
f5d652e997.jpg,0.051000308245420456,0.5742595791816711,0.2546268105506897,0.746046245098114
f5ddf6d767.jpg,0.07674572616815567,0.33253908157348633,0.3406142592430115,0.813936710357666
f5efcc2979.jpg,0.0495460145175457,0.407430499792099,0.31628820300102234,0.7100148797035217
f5f34241cc.jpg,0.04416412115097046,0.5132198929786682,0.46476444602012634,0.8082994222640991
f5ffe2e92d.jpg,0.04392135143280029,0.2572435140609741,0.24865835905075073,0.8458585739135742
f604e3e7e5.jpg,0.044768672436475754,0.33295243978500366,0.1708306223154068,0.8180432319641113
f607a14dd9.jpg,0.06442563980817795,0.6134656071662903,0.2631443738937378,0.6365069150924683
f6084689ed.jpg,0.10677677392959595,0.4539717137813568,0.729340136051178,0.786830484867096
f60910ed40.jpg,0.05516429245471954,0.3488427400588989,0.18192976713180542,0.6412984728813171
f60b4c4d98.jpg,0.035867638885974884,0.35136252641677856,0.2390478253364563,0.8002487421035767
f60b67ae6e.jpg,0.044118233025074005,0.28674179315567017,0.23712566494941711,0.7553763389587402
f62bb41c9c.jpg,0.0407961905002594,0.48283401131629944,0.2226090431213379,0.6940066814422607
f633c4ebed.jpg,0.04382949322462082,0.42675676941871643,0.21056294441223145,0.697079598903656
f639ee968c.jpg,0.05448319762945175,0.41570010781288147,0.2392960637807846,0.7302913665771484
f63a1042f4.jpg,0.06867548823356628,0.49384424090385437,0.29878145456314087,0.7583226561546326
f63a2b4fb9.jpg,0.05657200515270233,0.5031515955924988,0.3093659579753876,0.730842113494873
f64019e49d.jpg,0.05298388749361038,0.38776275515556335,0.36401087045669556,0.7767936587333679
f647ce5fd1.jpg,0.05503593012690544,0.28635433316230774,0.21210072934627533,0.7968285083770752
f651e57596.jpg,0.08280712366104126,0.487679660320282,0.4907989203929901,0.6286318302154541
f6574b10b7.jpg,0.04570271819829941,0.5763005614280701,0.3130749464035034,0.6899572014808655
f6626c86e1.jpg,0.03476031869649887,0.3769022822380066,0.2133149951696396,0.8156653642654419
f6798eb074.jpg,0.03604147955775261,0.7074519991874695,0.4125337600708008,0.5620153546333313
f67f1708b6.jpg,0.0666516050696373,0.4192395508289337,0.2964765429496765,0.7963119149208069
f68dae168d.jpg,0.028730979189276695,0.600348174571991,0.34802982211112976,0.717066764831543
f68dcc7a8a.jpg,0.03891615942120552,0.6092879772186279,0.2574511170387268,0.4721079468727112
f68e29bd81.jpg,0.04324401170015335,0.5698924660682678,0.3803768754005432,0.6489372253417969
f690980765.jpg,0.04426535591483116,0.5896970629692078,0.2767825722694397,0.5792524814605713
f69731b55b.jpg,0.062078770250082016,0.3958725035190582,0.3778577148914337,0.7093762159347534
f69ff9b62b.jpg,0.040731556713581085,0.34230512380599976,0.16079798340797424,0.6616497039794922
f6aa1d5154.jpg,0.05042055994272232,0.4560931921005249,0.3756159543991089,0.8203638792037964
f6ab953224.jpg,0.053352080285549164,0.3931983709335327,0.316628634929657,0.7451931238174438
f6b61559e0.jpg,0.035157106816768646,0.3277173340320587,0.2732386589050293,0.8389362096786499
f6ca69a495.jpg,0.04126739501953125,0.3828986883163452,0.3252983093261719,0.7970903515815735
f6cb2948da.jpg,0.04790531098842621,0.4402451515197754,0.3234754800796509,0.7464878559112549
f6d01357b6.jpg,0.03251175582408905,0.38461416959762573,0.17492713034152985,0.7306183576583862
f6e17b1a2a.jpg,0.03812992572784424,0.332314670085907,0.20909929275512695,0.7692508697509766
f6e422b697.jpg,0.05328042432665825,0.37893515825271606,0.3140668272972107,0.7931264638900757
f6e5895253.jpg,0.03635571524500847,0.5625031590461731,0.1852455735206604,0.7434071898460388
f6e822d131.jpg,0.03632515296339989,0.5543006658554077,0.2267080694437027,0.6962721347808838
f6e8f07d9d.jpg,0.02603941038250923,0.584251880645752,0.1970251351594925,0.7833279371261597
f6efddda9c.jpg,0.06055936962366104,0.4824628531932831,0.2807697653770447,0.6675837635993958
f706c0860d.jpg,0.09436996281147003,0.4658215641975403,0.49424317479133606,0.6755197048187256
f70871846a.jpg,0.037823405116796494,0.5134979486465454,0.20979706943035126,0.57808917760849
f71cc4d572.jpg,0.05147206783294678,0.3866903781890869,0.3930112421512604,0.7421920895576477
f721bb7f6d.jpg,0.03632311150431633,0.4259607195854187,0.20184822380542755,0.744838297367096
f743f3bf62.jpg,0.048494379967451096,0.37213701009750366,0.3668439984321594,0.8163174390792847
f74cdcd632.jpg,0.0475122444331646,0.3137352466583252,0.29463431239128113,0.8199503421783447
f7531c3b99.jpg,0.05756724998354912,0.4414953887462616,0.24767661094665527,0.7940008044242859
f75a997bb8.jpg,0.05391311272978783,0.3751654326915741,0.2305012047290802,0.707179069519043
f76e1ec9a3.jpg,0.038753680884838104,0.49623382091522217,0.2221756875514984,0.7104436755180359
f771e1e1b0.jpg,0.05506448075175285,0.5044710040092468,0.2886422276496887,0.6402840614318848
f77377bd03.jpg,0.042533159255981445,0.32106834650039673,0.24284708499908447,0.8004295229911804
f77505c83f.jpg,0.053348153829574585,0.374581515789032,0.13828535377979279,0.6348859071731567
f77c59acb3.jpg,0.05739504098892212,0.472684383392334,0.3079066574573517,0.7429169416427612
f77e3cb703.jpg,0.0421728789806366,0.6525925397872925,0.2707900404930115,0.5819950699806213
f77f395731.jpg,0.028811519965529442,0.43523815274238586,0.19180192053318024,0.6760426759719849
f790a14012.jpg,0.049246929585933685,0.47626355290412903,0.3809911608695984,0.643156111240387
f79d9de05d.jpg,0.052645325660705566,0.45744138956069946,0.3275602459907532,0.7057362794876099
f7a011547d.jpg,0.04512941837310791,0.26801103353500366,0.20906083285808563,0.8689014315605164
f7a821c3c8.jpg,0.0433969609439373,0.3436588644981384,0.2290511131286621,0.7424794435501099
f7ae6e1d31.jpg,0.042804159224033356,0.39712727069854736,0.24672502279281616,0.7050056457519531
f7c4d8033d.jpg,0.07804232835769653,0.483713299036026,0.5048233270645142,0.6937980651855469
f7c78a4eef.jpg,0.08659006655216217,0.3837548792362213,0.526614248752594,0.7902234792709351
f7d0dba843.jpg,0.034603819251060486,0.7328037023544312,0.2632409930229187,0.6607242226600647
f7d0f59566.jpg,0.06153837963938713,0.33082157373428345,0.3481575846672058,0.6962070465087891
f7d17e77d6.jpg,0.03581736236810684,0.3923085927963257,0.24021868407726288,0.5603338479995728
f7dbdb551f.jpg,0.023696914315223694,0.5212429165840149,0.25879427790641785,0.71024489402771
f7dc666b50.jpg,0.052230268716812134,0.44367074966430664,0.32208847999572754,0.7532510757446289
f7eb84fdb7.jpg,0.07672636210918427,0.34883058071136475,0.43641728162765503,0.8005841970443726
f7ee2469f6.jpg,0.07909616082906723,0.4187355041503906,0.36375826597213745,0.7033900022506714
f7f1d58022.jpg,0.06547950208187103,0.39069440960884094,0.3223390579223633,0.7422146201133728
f807c72b5d.jpg,0.059840112924575806,0.455532968044281,0.282328724861145,0.5701638460159302
f819274637.jpg,0.038187175989151,0.4769206941127777,0.23095092177391052,0.7300085425376892
f81b1cc834.jpg,0.05575297400355339,0.5033760070800781,0.3631693720817566,0.8032755255699158
f82e8c30ac.jpg,0.06339514255523682,0.5206766128540039,0.3839549124240875,0.6801252961158752
f82fc48ba4.jpg,0.017915088683366776,0.6226925253868103,0.29463568329811096,0.6876392960548401
f8350e28db.jpg,0.05865435302257538,0.28402936458587646,0.3309275507926941,0.6975599527359009
f8363ba521.jpg,0.03797060251235962,0.3734552562236786,0.2741566300392151,0.7173783779144287
f83b161ca3.jpg,0.05619894713163376,0.483420729637146,0.2970254421234131,0.6374064087867737
f83e5b4295.jpg,0.056543122977018356,0.35750144720077515,0.2755262553691864,0.6559818983078003
f843be17f5.jpg,0.053231216967105865,0.5753474235534668,0.24642343819141388,0.6108711361885071
f84566ed02.jpg,0.04419421777129173,0.631908655166626,0.2142903208732605,0.5556573867797852
f84d77a2a6.jpg,0.03663461655378342,0.5769773721694946,0.36055871844291687,0.7230875492095947
f85694dfe6.jpg,0.061589621007442474,0.3679572343826294,0.3176651895046234,0.8144356608390808
f86b847b43.jpg,0.0502043291926384,0.4602452516555786,0.3551274538040161,0.7902149558067322
f876ba92ea.jpg,0.04125196486711502,0.40171873569488525,0.21616636216640472,0.7132454514503479
f87a1ab16d.jpg,0.049879275262355804,0.4405553340911865,0.36965715885162354,0.8045570850372314
f87deecaa2.jpg,0.06424672901630402,0.425697922706604,0.3647085428237915,0.6926413774490356
f888dde817.jpg,0.05680055543780327,0.4297652244567871,0.2843734920024872,0.6666064262390137
f8905451b4.jpg,0.03629636764526367,0.5260872840881348,0.22971981763839722,0.7227321863174438
f895871068.jpg,0.03112814389169216,0.3897615969181061,0.24218517541885376,0.737201452255249
f89bc86075.jpg,0.047375284135341644,0.4909754991531372,0.32348501682281494,0.664086103439331
f8b6a915a9.jpg,0.05886910855770111,0.39064839482307434,0.2900024354457855,0.8196299076080322
f8b73f1a33.jpg,0.096670001745224,0.4561501145362854,0.5076339840888977,0.5636148452758789
f8c19eaee6.jpg,0.06357000768184662,0.6757187247276306,0.3171593248844147,0.5958722233772278
f8c63eea5a.jpg,0.045130304992198944,0.3814671039581299,0.2833925485610962,0.6434271335601807
f8c8e456d7.jpg,0.040243975818157196,0.32623860239982605,0.26258134841918945,0.7974585294723511
f8ca80aebb.jpg,0.04705340415239334,0.4760848879814148,0.2809584140777588,0.7640237808227539
f8e10ef432.jpg,0.06091713532805443,0.446761816740036,0.23610030114650726,0.8230289220809937
f8e488ce75.jpg,0.03905262425541878,0.5364166498184204,0.30424150824546814,0.6940195560455322
f8e6d9f481.jpg,0.08416678756475449,0.6638375520706177,0.6156710386276245,0.7178363800048828
f8f04744fd.jpg,0.04217815026640892,0.5404975414276123,0.19350972771644592,0.5199472904205322
f8f98ae176.jpg,0.042338158935308456,0.4567059278488159,0.2235356867313385,0.6656401753425598
f8fac4e7ff.jpg,0.06529925763607025,0.4246560037136078,0.38400009274482727,0.6679251194000244
f8ffd3ed06.jpg,0.058567922562360764,0.30464833974838257,0.28985145688056946,0.7762208580970764
f901dfad23.jpg,0.0351971834897995,0.4393885135650635,0.32140129804611206,0.706820547580719
f904d3484c.jpg,0.06802721321582794,0.40752577781677246,0.29499387741088867,0.726860523223877
f9080ec43b.jpg,0.038832053542137146,0.3195086717605591,0.23988285660743713,0.6177655458450317
f90edb8380.jpg,0.032047417014837265,0.5073574185371399,0.2717951238155365,0.8397396206855774
f90ee2b0db.jpg,0.05751651152968407,0.2715578079223633,0.2363744080066681,0.8138221502304077
f9151bda3c.jpg,0.049803461879491806,0.6803824305534363,0.44126737117767334,0.6926804780960083
f917b1c32a.jpg,0.03191987797617912,0.572812020778656,0.25589480996131897,0.6021883487701416
f91c3d1f53.jpg,0.02448313497006893,0.47265732288360596,0.26682397723197937,0.701024055480957
f91eb42b36.jpg,0.06156032532453537,0.3543719947338104,0.38111239671707153,0.7738242149353027
f930392388.jpg,0.08811013400554657,0.46243590116500854,0.3099600076675415,0.7246392965316772
f942443b5d.jpg,0.03211137279868126,0.5399304628372192,0.23693880438804626,0.6731925010681152
f954a8be77.jpg,0.057428400963544846,0.4090244770050049,0.5025275945663452,0.8410917520523071
f969505f84.jpg,0.07353862375020981,0.5337677597999573,0.3086182177066803,0.5272804498672485
f96a50841d.jpg,0.04294636845588684,0.5651471614837646,0.2806966006755829,0.7196935415267944
f97072faf8.jpg,0.09139835834503174,0.3497888445854187,0.4011554718017578,0.7954332828521729
f975a1e01e.jpg,0.05601464956998825,0.4418555200099945,0.31800487637519836,0.6266052722930908
f982a98853.jpg,0.05982813239097595,0.25113844871520996,0.24830299615859985,0.812156081199646
f9843ad01b.jpg,0.055166684091091156,0.29554665088653564,0.23289814591407776,0.6254416704177856
f98627c542.jpg,0.03533327579498291,0.4302017092704773,0.2601340711116791,0.7971272468566895
f9867ce748.jpg,0.02906007319688797,0.763623833656311,0.37659579515457153,0.5687031149864197
f9989c2bd5.jpg,0.06021500751376152,0.3616493344306946,0.36696967482566833,0.8652085661888123
f99a7a3267.jpg,0.044701289385557175,0.42219579219818115,0.29376208782196045,0.6152923107147217
f99f52c7f5.jpg,0.04160979390144348,0.5303878784179688,0.3285754323005676,0.7449114918708801
f99fe506ed.jpg,0.04936433583498001,0.3607977628707886,0.24782514572143555,0.7754047513008118
f9a20c7988.jpg,0.034892816096544266,0.5597183704376221,0.22351425886154175,0.655968189239502
f9b4495f70.jpg,0.040580179542303085,0.3792386054992676,0.18221266567707062,0.7929444909095764
f9b4d017a3.jpg,0.041532523930072784,0.4971412122249603,0.2957518994808197,0.753219723701477
f9ba7b025e.jpg,0.04094817489385605,0.5672366619110107,0.4374167025089264,0.7430665493011475
f9c9afcd78.jpg,0.051827799528837204,0.3709467947483063,0.325227290391922,0.7857168316841125
f9cd461b5e.jpg,0.05419006198644638,0.4126160144805908,0.3354617655277252,0.6453739404678345
f9cf6e7e27.jpg,0.06507185101509094,0.3581840693950653,0.3508457839488983,0.7726110219955444
f9e8571801.jpg,0.08258895576000214,0.6769718527793884,0.507182776927948,0.6410678625106812
f9f59d905c.jpg,0.051281701773405075,0.35566890239715576,0.18380501866340637,0.6981661319732666
f9f6bc6871.jpg,0.050840239971876144,0.35864996910095215,0.25529709458351135,0.819259762763977
fa0fde7844.jpg,0.05012831091880798,0.46143239736557007,0.37367987632751465,0.7280060052871704
fa24240abc.jpg,0.06417198479175568,0.2893405556678772,0.35245418548583984,0.7754150629043579
fa307775e7.jpg,0.02683374285697937,0.571245014667511,0.2145824134349823,0.7530598640441895
fa3aba5483.jpg,0.09955903887748718,0.41760316491127014,0.4320240318775177,0.8229700326919556
fa423fe5a3.jpg,0.039934515953063965,0.38736462593078613,0.30858415365219116,0.8581409454345703
fa428459e2.jpg,0.04582708328962326,0.49949097633361816,0.26638567447662354,0.6617121696472168
fa4326ff01.jpg,0.02211354300379753,0.6244515180587769,0.16836252808570862,0.6981177926063538
fa47656f02.jpg,0.05278255045413971,0.34389352798461914,0.19145743548870087,0.8110724687576294
fa48b1ceb5.jpg,0.04050883278250694,0.35421836376190186,0.2061179131269455,0.7346540093421936
fa60f9a0c9.jpg,0.04519523307681084,0.24691760540008545,0.2280120849609375,0.8429107069969177
fa63566e6e.jpg,0.03258341923356056,0.6296585202217102,0.3057945966720581,0.5523464679718018
fa728d214f.jpg,0.045335158705711365,0.4268572926521301,0.32060784101486206,0.679203987121582
fa751def39.jpg,0.027165040373802185,0.6683882474899292,0.2941822111606598,0.683061957359314
fa9a74e9a4.jpg,0.03503253310918808,0.49100789427757263,0.2609865665435791,0.5919994115829468
fa9a768c9b.jpg,0.041090697050094604,0.4442504942417145,0.3114742934703827,0.8269203901290894
faa4f82b52.jpg,0.03483546897768974,0.36638811230659485,0.3127138614654541,0.7869904041290283
faaab4fb19.jpg,0.07949133962392807,0.41998758912086487,0.4378390312194824,0.6517499089241028
fac89a2440.jpg,0.040364302694797516,0.5335673689842224,0.1698731929063797,0.7480011582374573
facc9d2df2.jpg,0.04880676418542862,0.3909177780151367,0.23961703479290009,0.7145256996154785
fad67f0f19.jpg,0.05457232892513275,0.3659200966358185,0.2613056004047394,0.7444021701812744
fb1779d922.jpg,0.052404653280973434,0.4147014021873474,0.2498260885477066,0.7300199866294861
fb24316c57.jpg,0.06628422439098358,0.32237353920936584,0.24816937744617462,0.7112308740615845
fb2a6a49d7.jpg,0.037216220051050186,0.5632335543632507,0.24355469644069672,0.7820929288864136
fb362a6660.jpg,0.07640460133552551,0.29605743288993835,0.3271050751209259,0.6900601387023926
fb3676a875.jpg,0.05465858429670334,0.5209371447563171,0.436206579208374,0.6644324660301208
fb546829cb.jpg,0.038312703371047974,0.517035961151123,0.22867101430892944,0.6643120050430298
fb562cd56b.jpg,0.05030733346939087,0.5164781808853149,0.31345921754837036,0.658204197883606
fb73e20575.jpg,0.06872642040252686,0.41776424646377563,0.4260067641735077,0.8299363851547241
fb755692ce.jpg,0.044351279735565186,0.5012396574020386,0.39327272772789,0.739647388458252
fb85264917.jpg,0.06710267066955566,0.3702222406864166,0.2877492904663086,0.7909767627716064
fb8fb9b7c8.jpg,0.07553111761808395,0.2401343435049057,0.28015097975730896,0.8618699312210083
fb97febc5f.jpg,0.05065997689962387,0.4414594769477844,0.3320590853691101,0.8510565757751465
fb9c5403b8.jpg,0.06695601344108582,0.3575735092163086,0.34189942479133606,0.8347923159599304
fbaa1647e7.jpg,0.047081343829631805,0.35116004943847656,0.30304038524627686,0.7955118417739868
fbb5f72776.jpg,0.0378141812980175,0.4294360876083374,0.22219596803188324,0.7641040682792664
fbb8e36b1c.jpg,0.05782773345708847,0.45825591683387756,0.38447105884552,0.7752556800842285
fbb8e5f081.jpg,0.05548172816634178,0.3646928071975708,0.37935104966163635,0.819453239440918
fbc1c4e45b.jpg,0.04496978223323822,0.525348424911499,0.2200329303741455,0.6446876525878906
fbc34e93dc.jpg,0.047787755727767944,0.30645063519477844,0.2826053500175476,0.7960558533668518
fbc3754be3.jpg,0.0541633740067482,0.3911043703556061,0.3520202338695526,0.7897520065307617
fbc70f973a.jpg,0.050901561975479126,0.480966717004776,0.3162810206413269,0.7019045352935791
fbdaf94ace.jpg,0.025385692715644836,0.5268219709396362,0.22686058282852173,0.5466387271881104
fbf3ab42e9.jpg,0.08549019694328308,0.3616083860397339,0.2337578982114792,0.8201226592063904
fc02616c06.jpg,0.05886644124984741,0.363812118768692,0.23437756299972534,0.7697806358337402
fc043d38eb.jpg,0.049246691167354584,0.3373476266860962,0.3107731342315674,0.7720246315002441
fc04ed2d42.jpg,0.053126320242881775,0.31915268301963806,0.22431795299053192,0.7817569971084595
fc075619e7.jpg,0.046197354793548584,0.5553500652313232,0.25416240096092224,0.7062064409255981
fc16c59788.jpg,0.0779573917388916,0.4329923391342163,0.39427343010902405,0.7049117088317871
fc30e458d6.jpg,0.05471769720315933,0.396380215883255,0.257405161857605,0.7901133298873901
fc458d4ee1.jpg,0.04388243705034256,0.3644880950450897,0.23961488902568817,0.7817684412002563
fc49fb17f3.jpg,0.04007754474878311,0.31259894371032715,0.14321613311767578,0.8345561027526855
fc51c26e2d.jpg,0.07416264712810516,0.3276575803756714,0.3788554072380066,0.8505691289901733
fc59b308a8.jpg,0.03651078790426254,0.3213268220424652,0.23393768072128296,0.7592813968658447
fc5feebdc8.jpg,0.06511947512626648,0.3309538662433624,0.45953795313835144,0.6627243161201477
fc622b5577.jpg,0.04953311011195183,0.38445329666137695,0.28159379959106445,0.7740723490715027
fc64e9fe13.jpg,0.0513342022895813,0.31606972217559814,0.30217164754867554,0.4406591057777405
fc6d47c7b0.jpg,0.06427132338285446,0.5806728601455688,0.3769032955169678,0.707846999168396
fc9d809645.jpg,0.04608137533068657,0.4309558570384979,0.27727949619293213,0.6974594593048096
fcaeb2fb17.jpg,0.05951873958110809,0.39086055755615234,0.3850230574607849,0.6937724351882935
fcc0dc41b3.jpg,0.04964625835418701,0.4459293484687805,0.4293566346168518,0.8311935663223267
fcc59cb31d.jpg,0.08987298607826233,0.36831915378570557,0.5508021712303162,0.857375979423523
fcd35ead6e.jpg,0.05796659737825394,0.4344247579574585,0.3973599374294281,0.6048097610473633
fcd5eaceb7.jpg,0.03882671147584915,0.4595211148262024,0.2936822175979614,0.797619640827179
fcdd5b1e31.jpg,0.03226703777909279,0.6617029309272766,0.30338943004608154,0.5648010969161987
fce074b92c.jpg,0.04997677728533745,0.3314972519874573,0.15314310789108276,0.686540961265564
fd0071794a.jpg,0.04273495078086853,0.5498113632202148,0.27220189571380615,0.705298125743866
fd06d4e7e3.jpg,0.057267576456069946,0.4924556016921997,0.36092233657836914,0.6836504936218262
fd0a02921a.jpg,0.04276084154844284,0.5590158700942993,0.2890838086605072,0.6398460865020752
fd15f29d57.jpg,0.06382457166910172,0.3297155499458313,0.30572402477264404,0.7961593270301819
fd1f9293ca.jpg,0.03778024762868881,0.4274807572364807,0.1456042230129242,0.829723596572876
fd20b4c41a.jpg,0.059950582683086395,0.34185802936553955,0.3901292681694031,0.8337348103523254
fd457c68d9.jpg,0.0516122505068779,0.513424277305603,0.26441478729248047,0.6347595453262329
fd48eb1f90.jpg,0.05670829862356186,0.5094561576843262,0.3359987437725067,0.7467129826545715
fd49936788.jpg,0.03303079307079315,0.4757614731788635,0.2798360288143158,0.7527101039886475
fd4debe229.jpg,0.06129121407866478,0.31444647908210754,0.2761985957622528,0.7457903623580933
fd541f5f93.jpg,0.04552295058965683,0.6157322525978088,0.297197550535202,0.7406092882156372
fd5ce86649.jpg,0.06541477888822556,0.4001355469226837,0.2901995778083801,0.8048087358474731
fd619e77af.jpg,0.05743248015642166,0.38966548442840576,0.2953434884548187,0.6346111297607422
fd6b68436e.jpg,0.03659570962190628,0.46464693546295166,0.2305845022201538,0.7901468276977539
fd6c9bcbfa.jpg,0.060757577419281006,0.5996702909469604,0.3923833966255188,0.6133517026901245
fd7d170a69.jpg,0.03297525271773338,0.6932950615882874,0.35676079988479614,0.6846461892127991
fd85d15361.jpg,0.050498805940151215,0.5769864916801453,0.3090082108974457,0.6812099814414978
fd8c99d93b.jpg,0.04253365844488144,0.40126898884773254,0.2778204381465912,0.7247416973114014
fd9767f897.jpg,0.03302960842847824,0.42459753155708313,0.22398477792739868,0.7574963569641113
fda550148e.jpg,0.04317079111933708,0.5962554216384888,0.22019365429878235,0.6181899309158325
fdad36c1e0.jpg,0.04285072535276413,0.4005281925201416,0.2227148562669754,0.8169441223144531
fdb01f9aba.jpg,0.06016115844249725,0.4477224349975586,0.2841632068157196,0.5979941487312317
fdb031e406.jpg,0.05200481042265892,0.37386104464530945,0.16981133818626404,0.6647781133651733
fdc2b3b936.jpg,0.07392565906047821,0.40298688411712646,0.45893213152885437,0.8528680801391602
fdc6c88003.jpg,0.06238847225904465,0.3844558596611023,0.21480730175971985,0.7493269443511963
fdce0c0d6d.jpg,0.03640402480959892,0.5259070992469788,0.23702746629714966,0.6891154050827026
fdd33c1145.jpg,0.056912850588560104,0.34213894605636597,0.20194858312606812,0.7246065139770508
fddc60bb99.jpg,0.037374213337898254,0.5080631971359253,0.2564988434314728,0.6243257522583008
fddcadfd3a.jpg,0.05870523303747177,0.3622671365737915,0.3413878381252289,0.7450197339057922
fde289be21.jpg,0.03060438297688961,0.42422476410865784,0.23302003741264343,0.7390786409378052
fde28fae2a.jpg,0.05593692511320114,0.38678210973739624,0.27035659551620483,0.7000539302825928
fde46f2be4.jpg,0.04760308191180229,0.4549480676651001,0.20443208515644073,0.6926536560058594
fdf013342c.jpg,0.04146725684404373,0.6651750206947327,0.21503758430480957,0.7573105096817017
fdf57fbe60.jpg,0.03933621570467949,0.3923603594303131,0.25673553347587585,0.7862889170646667
fdf84c4887.jpg,0.05953415483236313,0.3784582018852234,0.2625344395637512,0.7762722969055176
fdfc86a000.jpg,0.05777548998594284,0.4135592579841614,0.25980037450790405,0.7122794389724731
fe00c3d087.jpg,0.05324985086917877,0.3056000769138336,0.23849351704120636,0.7039246559143066
fe0a4f0e5a.jpg,0.035450439900159836,0.42832598090171814,0.2386607825756073,0.7070268988609314
fe1561993e.jpg,0.0562574528157711,0.3381100296974182,0.254203200340271,0.7819023728370667
fe1c9d9e5a.jpg,0.07058726251125336,0.4107688069343567,0.4292938709259033,0.8484269380569458
fe283d4ae3.jpg,0.03820936381816864,0.5083495378494263,0.2975250482559204,0.6485644578933716
fe381a7c17.jpg,0.08567571640014648,0.4879073202610016,0.538482666015625,0.8168954253196716
fe3c9d0016.jpg,0.05576498433947563,0.3788606524467468,0.33121222257614136,0.7974013090133667
fe3de96780.jpg,0.05081136152148247,0.7238315939903259,0.31430405378341675,0.6084086298942566
fe3feb7d1b.jpg,0.06835909187793732,0.43954482674598694,0.38295814394950867,0.7912609577178955
fe40ac1d8b.jpg,0.05158653110265732,0.30569347739219666,0.2141684889793396,0.5843743085861206
fe4c4e4b6b.jpg,0.048252176493406296,0.48748233914375305,0.2196400761604309,0.7330003976821899
fe5dc7ef05.jpg,0.03508339077234268,0.3520691692829132,0.2097051441669464,0.7328132390975952
fe6152a619.jpg,0.018436241894960403,0.6261109709739685,0.17554213106632233,0.6510098576545715
fe65abaafd.jpg,0.04941534250974655,0.44445428252220154,0.20227265357971191,0.7074491381645203
fe702a794e.jpg,0.01778561994433403,0.7989890575408936,0.22189268469810486,0.4984935522079468
fe714c846e.jpg,0.05677523463964462,0.5496928095817566,0.300071656703949,0.6812918186187744
fe7af9c427.jpg,0.0666961520910263,0.46790599822998047,0.3445449471473694,0.7521802186965942
fe9cc12ae1.jpg,0.024102315306663513,0.47830769419670105,0.15270963311195374,0.5344626903533936
fea227771f.jpg,0.0542743019759655,0.562591016292572,0.2453816831111908,0.6379155516624451
fea42e4505.jpg,0.042195022106170654,0.6134130358695984,0.15963640809059143,0.6796263456344604
fea4d4f76c.jpg,0.0586392879486084,0.5193133354187012,0.29082542657852173,0.7723236083984375
fea5afe679.jpg,0.04538879543542862,0.35327857732772827,0.26305335760116577,0.7631444334983826
feb132e4c1.jpg,0.04901667684316635,0.37381845712661743,0.27413812279701233,0.7821924686431885
fee0c39907.jpg,0.06283494085073471,0.26531344652175903,0.31619152426719666,0.7890306711196899
fefb86c469.jpg,0.046568721532821655,0.6390005350112915,0.3342086970806122,0.5892031192779541
fefcd07a5e.jpg,0.05726761743426323,0.4205668568611145,0.2493576854467392,0.7791515588760376
ff03c98f0e.jpg,0.03460167348384857,0.553985595703125,0.22586295008659363,0.6916041374206543
ff2152ac2a.jpg,0.04642949253320694,0.6916178464889526,0.20770558714866638,0.5911451578140259
ff258e79ce.jpg,0.03969711810350418,0.42011886835098267,0.24389630556106567,0.5465915203094482
ff2cb6658c.jpg,0.05362950265407562,0.2862332761287689,0.2581132650375366,0.8336269855499268
ff2f57429f.jpg,0.04878191649913788,0.4261285066604614,0.24433234333992004,0.6853928565979004
ff3867d938.jpg,0.052268676459789276,0.30355265736579895,0.28566616773605347,0.8306906223297119
ff46474c6d.jpg,0.050843216478824615,0.29239511489868164,0.259105384349823,0.8430927991867065
ff48e8580b.jpg,0.05006176978349686,0.3456466794013977,0.2123318612575531,0.7897564172744751
ff58af0f3b.jpg,0.0783887654542923,0.41805949807167053,0.2550239861011505,0.7031740546226501
ff5c15ab50.jpg,0.043045490980148315,0.39036107063293457,0.3453097939491272,0.6918683052062988
ff6ed45562.jpg,0.06404425203800201,0.4628857374191284,0.4556032121181488,0.7684230208396912
ff757d7db3.jpg,0.055599670857191086,0.4385543465614319,0.3935288190841675,0.8305577635765076
ff769c35c9.jpg,0.0564006082713604,0.44956451654434204,0.3575288653373718,0.7646901607513428
ff7d83bc1d.jpg,0.04819875955581665,0.3076840043067932,0.21480005979537964,0.8462333679199219
ff853f993b.jpg,0.06835832446813583,0.43364453315734863,0.4066407382488251,0.792003870010376
ff9ca0e1bb.jpg,0.0618305504322052,0.33518609404563904,0.31192731857299805,0.8131917715072632
ff9e94857b.jpg,0.07071539759635925,0.343620628118515,0.26667794585227966,0.7399518489837646
ffa1ee4875.jpg,0.02558334544301033,0.6739838123321533,0.18441349267959595,0.5757105350494385
ffa5d376be.jpg,0.027326276525855064,0.3717217445373535,0.21128174662590027,0.7936409115791321
ffbbb24b43.jpg,0.03661218285560608,0.3799707889556885,0.24693608283996582,0.7255975604057312
ffbdd43bfb.jpg,0.04261989891529083,0.49876266717910767,0.27896660566329956,0.7194252610206604
ffc5b52a77.jpg,0.03823642432689667,0.5501550436019897,0.29714369773864746,0.6429330706596375
ffcc20463a.jpg,0.07495024800300598,0.4015062153339386,0.31899771094322205,0.7517879009246826
ffcdd249dd.jpg,0.07244163006544113,0.49365735054016113,0.6157313585281372,0.841206431388855
ffcf64f150.jpg,0.07432683557271957,0.423851877450943,0.4072223901748657,0.5721840858459473
ffd71fce61.jpg,0.07151804864406586,0.4106754660606384,0.40334564447402954,0.805025041103363
ffe1af8ca0.jpg,0.037582799792289734,0.39671969413757324,0.232406884431839,0.6728655099868774
fff5c33050.jpg,0.04534659907221794,0.2969501316547394,0.18883271515369415,0.8127789497375488
fffaaaae65.jpg,0.04937947914004326,0.42335423827171326,0.24079763889312744,0.647404670715332
fffc0836d7.jpg,0.05412542074918747,0.3305608034133911,0.3193832039833069,0.7015275955200195
