2026-10-02 19:44:02,840 INFO resumed from C:\Users\chaitanya\Documents\GEN_AI_LAB1\task3_gan\member_chaitanya\checkpoints\full_run02b\latest.pt at epoch 40 iter 281520
2026-10-02 19:44:02,842 INFO run_id=full_run02b config=task3_gan/member_chaitanya/configs/full_run02b.yaml
2026-10-02 19:44:02,843 INFO config={"run_id": "full_run02b", "seed": 1337, "data": {"monet_dir": "task3_gan/data/monet_jpg", "photo_dir": "task3_gan/data/photo_jpg", "load_size": 286, "crop_size": 256, "hflip": true, "num_workers": 4}, "model": {"ngf": 64, "n_res_blocks": 9, "n_downsampling": 2, "upsampling": "nearest_conv", "ndf": 64, "norm": "instance", "init_std": 0.02}, "loss": {"adversarial": "lsgan", "lambda_cycle": 10.0, "lambda_identity": 5.0, "d_loss_scale": 0.5}, "training": {"batch_size": 1, "epochs": 80, "constant_lr_epochs": 40, "lr_g": 0.0001, "lr_d": 0.0001, "betas": [0.5, 0.999], "pool_size": 50, "precision": "fp32", "cudnn_benchmark": true, "diffaugment_monet_d": true, "diffaugment_photo_d": true, "log_every_iters": 100, "grid_every_epochs": 1, "checkpoint_every_epochs": 5, "num_fixed_samples": 4}}
2026-10-02 19:44:02,854 INFO hardware=GPU: NVIDIA GeForce RTX 4090; CPU: AMD64 Family 25 Model 97 Stepping 2, AuthenticAMD torch=2.11.0+cu128
2026-10-02 19:44:02,855 INFO photos=7038 monets=300 iters_per_epoch=7038 total_iters=563040 params={"G_A2B": 11378179, "G_B2A": 11378179, "D_A": 2764737, "D_B": 2764737}
2026-10-02 19:44:34,366 INFO iter=281600 epoch=41 lr=1.00e-04 G=3.938 advA2B=0.654 advB2A=0.914 cycA=0.077 cycB=0.089 idtA=0.058 idtB=0.084 D_A=0.128 D_B=0.171 D_A(real)=0.83 D_A(fake)=0.17 gnG=68.57 gnD=19.60 it_per_s=2.54
2026-10-02 19:44:44,785 INFO iter=281700 epoch=41 lr=9.99e-05 G=3.917 advA2B=0.653 advB2A=0.817 cycA=0.079 cycB=0.093 idtA=0.059 idtB=0.086 D_A=0.134 D_B=0.173 D_A(real)=0.83 D_A(fake)=0.17 gnG=55.81 gnD=19.41 it_per_s=4.29
2026-10-02 19:44:55,380 INFO iter=281800 epoch=41 lr=9.99e-05 G=3.904 advA2B=0.635 advB2A=0.802 cycA=0.080 cycB=0.094 idtA=0.060 idtB=0.086 D_A=0.131 D_B=0.163 D_A(real)=0.82 D_A(fake)=0.17 gnG=51.84 gnD=18.56 it_per_s=5.33
2026-10-02 19:45:05,920 INFO iter=281900 epoch=41 lr=9.99e-05 G=3.862 advA2B=0.627 advB2A=0.761 cycA=0.080 cycB=0.095 idtA=0.059 idtB=0.086 D_A=0.130 D_B=0.163 D_A(real)=0.82 D_A(fake)=0.18 gnG=48.85 gnD=18.27 it_per_s=6.03
2026-10-02 19:45:16,325 INFO iter=282000 epoch=41 lr=9.98e-05 G=3.870 advA2B=0.623 advB2A=0.767 cycA=0.079 cycB=0.096 idtA=0.060 idtB=0.087 D_A=0.129 D_B=0.161 D_A(real)=0.81 D_A(fake)=0.19 gnG=50.17 gnD=18.02 it_per_s=6.53
2026-10-02 19:45:26,818 INFO iter=282100 epoch=41 lr=9.98e-05 G=3.841 advA2B=0.612 advB2A=0.748 cycA=0.079 cycB=0.096 idtA=0.060 idtB=0.087 D_A=0.126 D_B=0.161 D_A(real)=0.81 D_A(fake)=0.18 gnG=48.85 gnD=17.57 it_per_s=6.91
2026-10-02 19:45:37,196 INFO iter=282200 epoch=41 lr=9.98e-05 G=3.815 advA2B=0.602 advB2A=0.740 cycA=0.079 cycB=0.096 idtA=0.060 idtB=0.086 D_A=0.123 D_B=0.159 D_A(real)=0.82 D_A(fake)=0.18 gnG=47.67 gnD=17.30 it_per_s=7.21
2026-10-02 19:45:47,652 INFO iter=282300 epoch=41 lr=9.97e-05 G=3.804 advA2B=0.599 advB2A=0.732 cycA=0.078 cycB=0.096 idtA=0.060 idtB=0.087 D_A=0.121 D_B=0.156 D_A(real)=0.81 D_A(fake)=0.18 gnG=47.22 gnD=16.95 it_per_s=7.44
2026-10-02 19:45:58,112 INFO iter=282400 epoch=41 lr=9.97e-05 G=3.780 advA2B=0.596 advB2A=0.729 cycA=0.078 cycB=0.095 idtA=0.060 idtB=0.086 D_A=0.122 D_B=0.155 D_A(real)=0.81 D_A(fake)=0.18 gnG=45.99 gnD=16.98 it_per_s=7.64
2026-10-02 19:46:08,603 INFO iter=282500 epoch=41 lr=9.97e-05 G=3.783 advA2B=0.588 advB2A=0.728 cycA=0.079 cycB=0.095 idtA=0.060 idtB=0.086 D_A=0.120 D_B=0.154 D_A(real)=0.82 D_A(fake)=0.18 gnG=45.33 gnD=16.69 it_per_s=7.79
2026-10-02 19:46:19,008 INFO iter=282600 epoch=41 lr=9.96e-05 G=3.788 advA2B=0.585 advB2A=0.730 cycA=0.079 cycB=0.095 idtA=0.060 idtB=0.086 D_A=0.119 D_B=0.153 D_A(real)=0.82 D_A(fake)=0.18 gnG=45.13 gnD=16.44 it_per_s=7.93
2026-10-02 19:46:29,775 INFO iter=282700 epoch=41 lr=9.96e-05 G=3.782 advA2B=0.585 advB2A=0.729 cycA=0.079 cycB=0.095 idtA=0.060 idtB=0.086 D_A=0.117 D_B=0.153 D_A(real)=0.82 D_A(fake)=0.18 gnG=45.18 gnD=16.25 it_per_s=8.03
2026-10-02 19:46:40,245 INFO iter=282800 epoch=41 lr=9.95e-05 G=3.789 advA2B=0.587 advB2A=0.732 cycA=0.079 cycB=0.095 idtA=0.060 idtB=0.086 D_A=0.116 D_B=0.153 D_A(real)=0.82 D_A(fake)=0.18 gnG=44.99 gnD=16.20 it_per_s=8.13
2026-10-02 19:46:50,718 INFO iter=282900 epoch=41 lr=9.95e-05 G=3.775 advA2B=0.581 advB2A=0.730 cycA=0.079 cycB=0.095 idtA=0.060 idtB=0.086 D_A=0.114 D_B=0.152 D_A(real)=0.82 D_A(fake)=0.18 gnG=44.34 gnD=16.01 it_per_s=8.22
2026-10-02 19:47:01,154 INFO iter=283000 epoch=41 lr=9.95e-05 G=3.767 advA2B=0.581 advB2A=0.731 cycA=0.079 cycB=0.094 idtA=0.060 idtB=0.085 D_A=0.114 D_B=0.152 D_A(real)=0.82 D_A(fake)=0.18 gnG=44.05 gnD=15.87 it_per_s=8.30
2026-10-02 19:47:11,623 INFO iter=283100 epoch=41 lr=9.94e-05 G=3.766 advA2B=0.579 advB2A=0.730 cycA=0.079 cycB=0.094 idtA=0.060 idtB=0.085 D_A=0.113 D_B=0.151 D_A(real)=0.82 D_A(fake)=0.18 gnG=43.60 gnD=15.80 it_per_s=8.37
2026-10-02 19:47:22,087 INFO iter=283200 epoch=41 lr=9.94e-05 G=3.755 advA2B=0.577 advB2A=0.725 cycA=0.079 cycB=0.094 idtA=0.060 idtB=0.085 D_A=0.112 D_B=0.151 D_A(real)=0.82 D_A(fake)=0.18 gnG=43.28 gnD=15.72 it_per_s=8.43
2026-10-02 19:47:32,604 INFO iter=283300 epoch=41 lr=9.94e-05 G=3.754 advA2B=0.580 advB2A=0.723 cycA=0.079 cycB=0.094 idtA=0.060 idtB=0.085 D_A=0.110 D_B=0.150 D_A(real)=0.82 D_A(fake)=0.18 gnG=43.39 gnD=15.64 it_per_s=8.49
2026-10-02 19:47:43,099 INFO iter=283400 epoch=41 lr=9.93e-05 G=3.754 advA2B=0.580 advB2A=0.722 cycA=0.079 cycB=0.094 idtA=0.060 idtB=0.085 D_A=0.111 D_B=0.150 D_A(real)=0.82 D_A(fake)=0.18 gnG=43.18 gnD=15.63 it_per_s=8.54
2026-10-02 19:47:53,538 INFO iter=283500 epoch=41 lr=9.93e-05 G=3.749 advA2B=0.576 advB2A=0.719 cycA=0.079 cycB=0.094 idtA=0.060 idtB=0.085 D_A=0.111 D_B=0.150 D_A(real)=0.82 D_A(fake)=0.18 gnG=42.78 gnD=15.58 it_per_s=8.58
2026-10-02 19:48:04,029 INFO iter=283600 epoch=41 lr=9.93e-05 G=3.751 advA2B=0.576 advB2A=0.718 cycA=0.079 cycB=0.094 idtA=0.060 idtB=0.085 D_A=0.111 D_B=0.150 D_A(real)=0.82 D_A(fake)=0.18 gnG=42.44 gnD=15.58 it_per_s=8.62
2026-10-02 19:48:14,544 INFO iter=283700 epoch=41 lr=9.92e-05 G=3.756 advA2B=0.578 advB2A=0.719 cycA=0.079 cycB=0.094 idtA=0.060 idtB=0.085 D_A=0.110 D_B=0.150 D_A(real)=0.82 D_A(fake)=0.18 gnG=42.12 gnD=15.48 it_per_s=8.66
2026-10-02 19:48:24,995 INFO iter=283800 epoch=41 lr=9.92e-05 G=3.756 advA2B=0.579 advB2A=0.719 cycA=0.079 cycB=0.094 idtA=0.060 idtB=0.085 D_A=0.108 D_B=0.150 D_A(real)=0.82 D_A(fake)=0.18 gnG=41.92 gnD=15.37 it_per_s=8.70
2026-10-02 19:48:35,421 INFO iter=283900 epoch=41 lr=9.92e-05 G=3.756 advA2B=0.578 advB2A=0.719 cycA=0.079 cycB=0.094 idtA=0.060 idtB=0.085 D_A=0.108 D_B=0.149 D_A(real)=0.82 D_A(fake)=0.18 gnG=41.75 gnD=15.32 it_per_s=8.73
2026-10-02 19:48:45,890 INFO iter=284000 epoch=41 lr=9.91e-05 G=3.753 advA2B=0.578 advB2A=0.718 cycA=0.079 cycB=0.094 idtA=0.060 idtB=0.085 D_A=0.107 D_B=0.149 D_A(real)=0.82 D_A(fake)=0.18 gnG=41.41 gnD=15.25 it_per_s=8.76
2026-10-02 19:48:56,431 INFO iter=284100 epoch=41 lr=9.91e-05 G=3.747 advA2B=0.576 advB2A=0.718 cycA=0.079 cycB=0.094 idtA=0.060 idtB=0.085 D_A=0.107 D_B=0.150 D_A(real)=0.82 D_A(fake)=0.18 gnG=41.11 gnD=15.24 it_per_s=8.79
2026-10-02 19:49:06,952 INFO iter=284200 epoch=41 lr=9.90e-05 G=3.744 advA2B=0.576 advB2A=0.717 cycA=0.079 cycB=0.094 idtA=0.060 idtB=0.085 D_A=0.107 D_B=0.149 D_A(real)=0.82 D_A(fake)=0.18 gnG=40.93 gnD=15.25 it_per_s=8.81
2026-10-02 19:49:17,454 INFO iter=284300 epoch=41 lr=9.90e-05 G=3.738 advA2B=0.575 advB2A=0.717 cycA=0.078 cycB=0.094 idtA=0.060 idtB=0.085 D_A=0.107 D_B=0.149 D_A(real)=0.82 D_A(fake)=0.18 gnG=40.71 gnD=15.21 it_per_s=8.84
2026-10-02 19:49:27,955 INFO iter=284400 epoch=41 lr=9.90e-05 G=3.740 advA2B=0.575 advB2A=0.718 cycA=0.078 cycB=0.094 idtA=0.060 idtB=0.085 D_A=0.107 D_B=0.149 D_A(real)=0.82 D_A(fake)=0.18 gnG=40.54 gnD=15.19 it_per_s=8.86
2026-10-02 19:49:38,463 INFO iter=284500 epoch=41 lr=9.89e-05 G=3.739 advA2B=0.576 advB2A=0.718 cycA=0.078 cycB=0.094 idtA=0.060 idtB=0.085 D_A=0.107 D_B=0.149 D_A(real)=0.82 D_A(fake)=0.18 gnG=40.29 gnD=15.17 it_per_s=8.88
2026-10-02 19:49:48,974 INFO iter=284600 epoch=41 lr=9.89e-05 G=3.737 advA2B=0.575 advB2A=0.717 cycA=0.078 cycB=0.094 idtA=0.060 idtB=0.085 D_A=0.107 D_B=0.149 D_A(real)=0.82 D_A(fake)=0.18 gnG=40.15 gnD=15.15 it_per_s=8.90
2026-10-02 19:49:59,425 INFO iter=284700 epoch=41 lr=9.89e-05 G=3.732 advA2B=0.575 advB2A=0.717 cycA=0.078 cycB=0.094 idtA=0.059 idtB=0.085 D_A=0.106 D_B=0.149 D_A(real)=0.82 D_A(fake)=0.18 gnG=40.00 gnD=15.13 it_per_s=8.92
2026-10-02 19:50:09,916 INFO iter=284800 epoch=41 lr=9.88e-05 G=3.730 advA2B=0.575 advB2A=0.715 cycA=0.078 cycB=0.094 idtA=0.060 idtB=0.085 D_A=0.106 D_B=0.149 D_A(real)=0.82 D_A(fake)=0.18 gnG=39.83 gnD=15.12 it_per_s=8.94
2026-10-02 19:50:20,434 INFO iter=284900 epoch=41 lr=9.88e-05 G=3.729 advA2B=0.575 advB2A=0.712 cycA=0.078 cycB=0.094 idtA=0.060 idtB=0.085 D_A=0.106 D_B=0.148 D_A(real)=0.82 D_A(fake)=0.18 gnG=39.70 gnD=15.08 it_per_s=8.95
2026-10-02 19:50:30,923 INFO iter=285000 epoch=41 lr=9.88e-05 G=3.729 advA2B=0.575 advB2A=0.710 cycA=0.078 cycB=0.094 idtA=0.059 idtB=0.085 D_A=0.106 D_B=0.148 D_A(real)=0.82 D_A(fake)=0.18 gnG=39.67 gnD=15.05 it_per_s=8.97
2026-10-02 19:50:41,440 INFO iter=285100 epoch=41 lr=9.87e-05 G=3.727 advA2B=0.575 advB2A=0.709 cycA=0.078 cycB=0.094 idtA=0.059 idtB=0.085 D_A=0.106 D_B=0.148 D_A(real)=0.82 D_A(fake)=0.18 gnG=39.49 gnD=15.03 it_per_s=8.98
2026-10-02 19:50:52,062 INFO iter=285200 epoch=41 lr=9.87e-05 G=3.724 advA2B=0.573 advB2A=0.708 cycA=0.078 cycB=0.094 idtA=0.059 idtB=0.085 D_A=0.106 D_B=0.149 D_A(real)=0.82 D_A(fake)=0.18 gnG=39.33 gnD=15.06 it_per_s=8.99
2026-10-02 19:51:02,525 INFO iter=285300 epoch=41 lr=9.87e-05 G=3.722 advA2B=0.572 advB2A=0.709 cycA=0.078 cycB=0.094 idtA=0.059 idtB=0.085 D_A=0.106 D_B=0.148 D_A(real)=0.82 D_A(fake)=0.18 gnG=39.14 gnD=15.05 it_per_s=9.01
2026-10-02 19:51:13,137 INFO iter=285400 epoch=41 lr=9.86e-05 G=3.724 advA2B=0.572 advB2A=0.709 cycA=0.078 cycB=0.094 idtA=0.059 idtB=0.085 D_A=0.106 D_B=0.148 D_A(real)=0.82 D_A(fake)=0.18 gnG=39.03 gnD=15.05 it_per_s=9.02
2026-10-02 19:51:23,631 INFO iter=285500 epoch=41 lr=9.86e-05 G=3.722 advA2B=0.573 advB2A=0.708 cycA=0.078 cycB=0.094 idtA=0.059 idtB=0.085 D_A=0.106 D_B=0.148 D_A(real)=0.82 D_A(fake)=0.18 gnG=38.83 gnD=15.03 it_per_s=9.03
2026-10-02 19:51:34,114 INFO iter=285600 epoch=41 lr=9.86e-05 G=3.718 advA2B=0.572 advB2A=0.706 cycA=0.078 cycB=0.094 idtA=0.059 idtB=0.085 D_A=0.106 D_B=0.148 D_A(real)=0.82 D_A(fake)=0.18 gnG=38.73 gnD=14.99 it_per_s=9.04
2026-10-02 19:51:44,668 INFO iter=285700 epoch=41 lr=9.85e-05 G=3.714 advA2B=0.571 advB2A=0.707 cycA=0.078 cycB=0.094 idtA=0.059 idtB=0.084 D_A=0.106 D_B=0.148 D_A(real)=0.82 D_A(fake)=0.18 gnG=38.63 gnD=14.96 it_per_s=9.05
2026-10-02 19:51:55,195 INFO iter=285800 epoch=41 lr=9.85e-05 G=3.712 advA2B=0.572 advB2A=0.706 cycA=0.078 cycB=0.094 idtA=0.059 idtB=0.084 D_A=0.106 D_B=0.148 D_A(real)=0.82 D_A(fake)=0.18 gnG=38.60 gnD=14.95 it_per_s=9.06
2026-10-02 19:52:05,722 INFO iter=285900 epoch=41 lr=9.84e-05 G=3.712 advA2B=0.572 advB2A=0.707 cycA=0.078 cycB=0.094 idtA=0.059 idtB=0.084 D_A=0.106 D_B=0.148 D_A(real)=0.82 D_A(fake)=0.18 gnG=38.47 gnD=14.91 it_per_s=9.07
2026-10-02 19:52:16,247 INFO iter=286000 epoch=41 lr=9.84e-05 G=3.711 advA2B=0.572 advB2A=0.707 cycA=0.078 cycB=0.094 idtA=0.059 idtB=0.084 D_A=0.106 D_B=0.147 D_A(real)=0.82 D_A(fake)=0.18 gnG=38.41 gnD=14.88 it_per_s=9.08
2026-10-02 19:52:26,743 INFO iter=286100 epoch=41 lr=9.84e-05 G=3.707 advA2B=0.571 advB2A=0.706 cycA=0.078 cycB=0.094 idtA=0.059 idtB=0.084 D_A=0.106 D_B=0.147 D_A(real)=0.82 D_A(fake)=0.18 gnG=38.32 gnD=14.88 it_per_s=9.09
2026-10-02 19:52:37,248 INFO iter=286200 epoch=41 lr=9.83e-05 G=3.705 advA2B=0.570 advB2A=0.705 cycA=0.078 cycB=0.093 idtA=0.059 idtB=0.084 D_A=0.106 D_B=0.148 D_A(real)=0.82 D_A(fake)=0.18 gnG=38.24 gnD=14.86 it_per_s=9.10
2026-10-02 19:52:47,754 INFO iter=286300 epoch=41 lr=9.83e-05 G=3.706 advA2B=0.570 advB2A=0.705 cycA=0.078 cycB=0.094 idtA=0.059 idtB=0.084 D_A=0.106 D_B=0.147 D_A(real)=0.82 D_A(fake)=0.18 gnG=38.16 gnD=14.84 it_per_s=9.11
2026-10-02 19:52:58,231 INFO iter=286400 epoch=41 lr=9.83e-05 G=3.707 advA2B=0.571 advB2A=0.705 cycA=0.078 cycB=0.094 idtA=0.059 idtB=0.084 D_A=0.106 D_B=0.147 D_A(real)=0.82 D_A(fake)=0.18 gnG=38.08 gnD=14.81 it_per_s=9.11
2026-10-02 19:53:08,792 INFO iter=286500 epoch=41 lr=9.82e-05 G=3.707 advA2B=0.571 advB2A=0.704 cycA=0.078 cycB=0.094 idtA=0.059 idtB=0.084 D_A=0.106 D_B=0.147 D_A(real)=0.82 D_A(fake)=0.18 gnG=37.93 gnD=14.79 it_per_s=9.12
2026-10-02 19:53:19,311 INFO iter=286600 epoch=41 lr=9.82e-05 G=3.705 advA2B=0.570 advB2A=0.703 cycA=0.078 cycB=0.094 idtA=0.059 idtB=0.084 D_A=0.105 D_B=0.147 D_A(real)=0.82 D_A(fake)=0.18 gnG=37.80 gnD=14.78 it_per_s=9.13
2026-10-02 19:53:29,934 INFO iter=286700 epoch=41 lr=9.82e-05 G=3.705 advA2B=0.570 advB2A=0.703 cycA=0.078 cycB=0.094 idtA=0.059 idtB=0.084 D_A=0.105 D_B=0.147 D_A(real)=0.82 D_A(fake)=0.18 gnG=37.74 gnD=14.77 it_per_s=9.13
2026-10-02 19:53:40,468 INFO iter=286800 epoch=41 lr=9.81e-05 G=3.703 advA2B=0.569 advB2A=0.703 cycA=0.078 cycB=0.094 idtA=0.059 idtB=0.084 D_A=0.105 D_B=0.147 D_A(real)=0.82 D_A(fake)=0.18 gnG=37.63 gnD=14.74 it_per_s=9.14
2026-10-02 19:53:51,017 INFO iter=286900 epoch=41 lr=9.81e-05 G=3.703 advA2B=0.568 advB2A=0.703 cycA=0.078 cycB=0.094 idtA=0.059 idtB=0.084 D_A=0.105 D_B=0.147 D_A(real)=0.82 D_A(fake)=0.18 gnG=37.55 gnD=14.73 it_per_s=9.15
2026-10-02 19:54:01,495 INFO iter=287000 epoch=41 lr=9.81e-05 G=3.703 advA2B=0.568 advB2A=0.702 cycA=0.078 cycB=0.094 idtA=0.059 idtB=0.084 D_A=0.106 D_B=0.147 D_A(real)=0.82 D_A(fake)=0.18 gnG=37.47 gnD=14.73 it_per_s=9.15
2026-10-02 19:54:12,016 INFO iter=287100 epoch=41 lr=9.80e-05 G=3.704 advA2B=0.568 advB2A=0.701 cycA=0.078 cycB=0.094 idtA=0.059 idtB=0.085 D_A=0.106 D_B=0.147 D_A(real)=0.82 D_A(fake)=0.18 gnG=37.42 gnD=14.73 it_per_s=9.16
2026-10-02 19:54:22,508 INFO iter=287200 epoch=41 lr=9.80e-05 G=3.706 advA2B=0.568 advB2A=0.702 cycA=0.078 cycB=0.094 idtA=0.059 idtB=0.085 D_A=0.106 D_B=0.146 D_A(real)=0.82 D_A(fake)=0.18 gnG=37.36 gnD=14.72 it_per_s=9.17
2026-10-02 19:54:33,014 INFO iter=287300 epoch=41 lr=9.79e-05 G=3.704 advA2B=0.568 advB2A=0.702 cycA=0.078 cycB=0.094 idtA=0.059 idtB=0.085 D_A=0.106 D_B=0.146 D_A(real)=0.81 D_A(fake)=0.18 gnG=37.26 gnD=14.71 it_per_s=9.17
2026-10-02 19:54:43,562 INFO iter=287400 epoch=41 lr=9.79e-05 G=3.702 advA2B=0.569 advB2A=0.701 cycA=0.078 cycB=0.094 idtA=0.059 idtB=0.085 D_A=0.106 D_B=0.146 D_A(real)=0.81 D_A(fake)=0.19 gnG=37.18 gnD=14.70 it_per_s=9.18
2026-10-02 19:54:54,097 INFO iter=287500 epoch=41 lr=9.79e-05 G=3.703 advA2B=0.569 advB2A=0.701 cycA=0.078 cycB=0.094 idtA=0.059 idtB=0.085 D_A=0.106 D_B=0.146 D_A(real)=0.81 D_A(fake)=0.19 gnG=37.10 gnD=14.69 it_per_s=9.18
2026-10-02 19:55:04,667 INFO iter=287600 epoch=41 lr=9.78e-05 G=3.702 advA2B=0.569 advB2A=0.700 cycA=0.078 cycB=0.094 idtA=0.059 idtB=0.085 D_A=0.106 D_B=0.146 D_A(real)=0.81 D_A(fake)=0.19 gnG=37.05 gnD=14.68 it_per_s=9.19
2026-10-02 19:55:15,249 INFO iter=287700 epoch=41 lr=9.78e-05 G=3.701 advA2B=0.570 advB2A=0.700 cycA=0.078 cycB=0.094 idtA=0.059 idtB=0.085 D_A=0.106 D_B=0.146 D_A(real)=0.81 D_A(fake)=0.19 gnG=37.05 gnD=14.66 it_per_s=9.19
2026-10-02 19:55:25,784 INFO iter=287800 epoch=41 lr=9.78e-05 G=3.702 advA2B=0.570 advB2A=0.699 cycA=0.078 cycB=0.094 idtA=0.059 idtB=0.085 D_A=0.106 D_B=0.146 D_A(real)=0.81 D_A(fake)=0.19 gnG=36.96 gnD=14.64 it_per_s=9.20
2026-10-02 19:55:36,321 INFO iter=287900 epoch=41 lr=9.77e-05 G=3.699 advA2B=0.569 advB2A=0.698 cycA=0.078 cycB=0.094 idtA=0.059 idtB=0.085 D_A=0.106 D_B=0.146 D_A(real)=0.81 D_A(fake)=0.19 gnG=36.85 gnD=14.62 it_per_s=9.20
2026-10-02 19:55:46,851 INFO iter=288000 epoch=41 lr=9.77e-05 G=3.700 advA2B=0.569 advB2A=0.697 cycA=0.078 cycB=0.094 idtA=0.059 idtB=0.085 D_A=0.105 D_B=0.146 D_A(real)=0.81 D_A(fake)=0.19 gnG=36.81 gnD=14.61 it_per_s=9.20
2026-10-02 19:55:57,389 INFO iter=288100 epoch=41 lr=9.77e-05 G=3.702 advA2B=0.569 advB2A=0.697 cycA=0.078 cycB=0.094 idtA=0.059 idtB=0.085 D_A=0.106 D_B=0.146 D_A(real)=0.81 D_A(fake)=0.19 gnG=36.76 gnD=14.61 it_per_s=9.21
2026-10-02 19:56:07,896 INFO iter=288200 epoch=41 lr=9.76e-05 G=3.704 advA2B=0.569 advB2A=0.697 cycA=0.078 cycB=0.094 idtA=0.059 idtB=0.085 D_A=0.106 D_B=0.146 D_A(real)=0.81 D_A(fake)=0.19 gnG=36.71 gnD=14.61 it_per_s=9.21
2026-10-02 19:56:18,513 INFO iter=288300 epoch=41 lr=9.76e-05 G=3.702 advA2B=0.568 advB2A=0.696 cycA=0.078 cycB=0.094 idtA=0.059 idtB=0.085 D_A=0.106 D_B=0.146 D_A(real)=0.81 D_A(fake)=0.19 gnG=36.64 gnD=14.61 it_per_s=9.22
2026-10-02 19:56:29,040 INFO iter=288400 epoch=41 lr=9.76e-05 G=3.702 advA2B=0.568 advB2A=0.697 cycA=0.078 cycB=0.094 idtA=0.059 idtB=0.085 D_A=0.106 D_B=0.146 D_A(real)=0.81 D_A(fake)=0.19 gnG=36.62 gnD=14.60 it_per_s=9.22
2026-10-02 19:56:39,719 INFO iter=288500 epoch=41 lr=9.75e-05 G=3.702 advA2B=0.568 advB2A=0.696 cycA=0.078 cycB=0.094 idtA=0.059 idtB=0.085 D_A=0.106 D_B=0.146 D_A(real)=0.81 D_A(fake)=0.19 gnG=36.56 gnD=14.59 it_per_s=9.22
2026-10-02 19:56:45,854 INFO epoch=41 done time_s=763 it_per_s=9.22 G=3.702 cycA=0.078 cycB=0.094 idtA=0.059 idtB=0.085 D_A=0.106 D_B=0.146 D_A(real)=0.81 D_A(fake)=0.19 nan_count=0
2026-10-02 19:56:55,862 INFO iter=288600 epoch=42 lr=9.75e-05 G=3.715 advA2B=0.530 advB2A=0.641 cycA=0.079 cycB=0.099 idtA=0.060 idtB=0.091 D_A=0.109 D_B=0.155 D_A(real)=0.78 D_A(fake)=0.22 gnG=35.82 gnD=13.52 it_per_s=9.28
2026-10-02 19:57:06,429 INFO iter=288700 epoch=42 lr=9.74e-05 G=3.667 advA2B=0.559 advB2A=0.666 cycA=0.077 cycB=0.094 idtA=0.058 idtB=0.088 D_A=0.102 D_B=0.149 D_A(real)=0.79 D_A(fake)=0.20 gnG=31.79 gnD=14.22 it_per_s=9.41
2026-10-02 19:57:17,053 INFO iter=288800 epoch=42 lr=9.74e-05 G=3.697 advA2B=0.562 advB2A=0.686 cycA=0.078 cycB=0.095 idtA=0.058 idtB=0.087 D_A=0.100 D_B=0.144 D_A(real)=0.80 D_A(fake)=0.20 gnG=30.89 gnD=13.88 it_per_s=9.41
2026-10-02 19:57:27,632 INFO iter=288900 epoch=42 lr=9.74e-05 G=3.687 advA2B=0.568 advB2A=0.681 cycA=0.078 cycB=0.094 idtA=0.058 idtB=0.086 D_A=0.105 D_B=0.144 D_A(real)=0.80 D_A(fake)=0.20 gnG=32.39 gnD=14.09 it_per_s=9.42
2026-10-02 19:57:38,116 INFO iter=289000 epoch=42 lr=9.73e-05 G=3.651 advA2B=0.560 advB2A=0.666 cycA=0.078 cycB=0.093 idtA=0.058 idtB=0.084 D_A=0.103 D_B=0.145 D_A(real)=0.80 D_A(fake)=0.20 gnG=31.99 gnD=14.28 it_per_s=9.45
2026-10-02 19:57:48,678 INFO iter=289100 epoch=42 lr=9.73e-05 G=3.684 advA2B=0.568 advB2A=0.674 cycA=0.078 cycB=0.094 idtA=0.058 idtB=0.086 D_A=0.100 D_B=0.141 D_A(real)=0.80 D_A(fake)=0.20 gnG=32.33 gnD=14.09 it_per_s=9.45
2026-10-02 19:57:59,164 INFO iter=289200 epoch=42 lr=9.73e-05 G=3.662 advA2B=0.569 advB2A=0.665 cycA=0.078 cycB=0.093 idtA=0.058 idtB=0.085 D_A=0.101 D_B=0.140 D_A(real)=0.80 D_A(fake)=0.20 gnG=32.13 gnD=14.03 it_per_s=9.46
2026-10-02 19:58:09,697 INFO iter=289300 epoch=42 lr=9.72e-05 G=3.655 advA2B=0.566 advB2A=0.670 cycA=0.077 cycB=0.093 idtA=0.058 idtB=0.085 D_A=0.104 D_B=0.141 D_A(real)=0.81 D_A(fake)=0.19 gnG=32.24 gnD=14.11 it_per_s=9.47
2026-10-02 19:58:20,259 INFO iter=289400 epoch=42 lr=9.72e-05 G=3.658 advA2B=0.560 advB2A=0.669 cycA=0.077 cycB=0.094 idtA=0.058 idtB=0.086 D_A=0.104 D_B=0.141 D_A(real)=0.80 D_A(fake)=0.20 gnG=32.23 gnD=14.06 it_per_s=9.47
2026-10-02 19:58:30,741 INFO iter=289500 epoch=42 lr=9.72e-05 G=3.651 advA2B=0.560 advB2A=0.671 cycA=0.077 cycB=0.094 idtA=0.058 idtB=0.085 D_A=0.106 D_B=0.142 D_A(real)=0.80 D_A(fake)=0.20 gnG=32.35 gnD=14.18 it_per_s=9.48
2026-10-02 19:58:41,269 INFO iter=289600 epoch=42 lr=9.71e-05 G=3.645 advA2B=0.558 advB2A=0.673 cycA=0.077 cycB=0.093 idtA=0.058 idtB=0.085 D_A=0.106 D_B=0.142 D_A(real)=0.80 D_A(fake)=0.20 gnG=32.36 gnD=14.22 it_per_s=9.48
2026-10-02 19:58:51,800 INFO iter=289700 epoch=42 lr=9.71e-05 G=3.642 advA2B=0.559 advB2A=0.675 cycA=0.077 cycB=0.093 idtA=0.057 idtB=0.084 D_A=0.105 D_B=0.142 D_A(real)=0.80 D_A(fake)=0.20 gnG=32.70 gnD=14.14 it_per_s=9.48
2026-10-02 19:59:02,317 INFO iter=289800 epoch=42 lr=9.71e-05 G=3.653 advA2B=0.559 advB2A=0.680 cycA=0.077 cycB=0.093 idtA=0.057 idtB=0.085 D_A=0.105 D_B=0.142 D_A(real)=0.80 D_A(fake)=0.20 gnG=32.69 gnD=14.14 it_per_s=9.48
2026-10-02 19:59:12,878 INFO iter=289900 epoch=42 lr=9.70e-05 G=3.654 advA2B=0.556 advB2A=0.681 cycA=0.077 cycB=0.094 idtA=0.057 idtB=0.085 D_A=0.105 D_B=0.140 D_A(real)=0.80 D_A(fake)=0.19 gnG=32.80 gnD=14.08 it_per_s=9.48
2026-10-02 19:59:23,429 INFO iter=290000 epoch=42 lr=9.70e-05 G=3.652 advA2B=0.559 advB2A=0.677 cycA=0.077 cycB=0.093 idtA=0.058 idtB=0.085 D_A=0.104 D_B=0.140 D_A(real)=0.81 D_A(fake)=0.19 gnG=32.68 gnD=14.05 it_per_s=9.48
2026-10-02 19:59:34,012 INFO iter=290100 epoch=42 lr=9.70e-05 G=3.651 advA2B=0.557 advB2A=0.682 cycA=0.077 cycB=0.093 idtA=0.057 idtB=0.085 D_A=0.103 D_B=0.141 D_A(real)=0.81 D_A(fake)=0.19 gnG=32.64 gnD=14.03 it_per_s=9.48
2026-10-02 19:59:44,555 INFO iter=290200 epoch=42 lr=9.69e-05 G=3.640 advA2B=0.556 advB2A=0.679 cycA=0.076 cycB=0.093 idtA=0.057 idtB=0.085 D_A=0.103 D_B=0.141 D_A(real)=0.81 D_A(fake)=0.19 gnG=32.81 gnD=14.01 it_per_s=9.48
2026-10-02 19:59:55,125 INFO iter=290300 epoch=42 lr=9.69e-05 G=3.636 advA2B=0.555 advB2A=0.677 cycA=0.076 cycB=0.093 idtA=0.057 idtB=0.085 D_A=0.102 D_B=0.142 D_A(real)=0.81 D_A(fake)=0.19 gnG=32.85 gnD=14.03 it_per_s=9.48
2026-10-02 20:00:05,703 INFO iter=290400 epoch=42 lr=9.68e-05 G=3.638 advA2B=0.555 advB2A=0.677 cycA=0.076 cycB=0.093 idtA=0.057 idtB=0.085 D_A=0.102 D_B=0.141 D_A(real)=0.81 D_A(fake)=0.19 gnG=32.84 gnD=13.98 it_per_s=9.48
2026-10-02 20:00:16,276 INFO iter=290500 epoch=42 lr=9.68e-05 G=3.638 advA2B=0.554 advB2A=0.680 cycA=0.076 cycB=0.093 idtA=0.057 idtB=0.085 D_A=0.102 D_B=0.141 D_A(real)=0.81 D_A(fake)=0.19 gnG=32.74 gnD=13.98 it_per_s=9.48
2026-10-02 20:00:26,873 INFO iter=290600 epoch=42 lr=9.68e-05 G=3.649 advA2B=0.555 advB2A=0.682 cycA=0.076 cycB=0.094 idtA=0.057 idtB=0.085 D_A=0.102 D_B=0.141 D_A(real)=0.81 D_A(fake)=0.19 gnG=32.96 gnD=14.00 it_per_s=9.47
2026-10-02 20:00:37,377 INFO iter=290700 epoch=42 lr=9.67e-05 G=3.648 advA2B=0.554 advB2A=0.681 cycA=0.076 cycB=0.094 idtA=0.057 idtB=0.085 D_A=0.101 D_B=0.141 D_A(real)=0.81 D_A(fake)=0.19 gnG=32.99 gnD=14.00 it_per_s=9.48
2026-10-02 20:00:47,905 INFO iter=290800 epoch=42 lr=9.67e-05 G=3.645 advA2B=0.555 advB2A=0.680 cycA=0.076 cycB=0.093 idtA=0.057 idtB=0.085 D_A=0.101 D_B=0.141 D_A(real)=0.81 D_A(fake)=0.19 gnG=32.95 gnD=13.99 it_per_s=9.48
2026-10-02 20:00:58,430 INFO iter=290900 epoch=42 lr=9.67e-05 G=3.642 advA2B=0.555 advB2A=0.677 cycA=0.076 cycB=0.093 idtA=0.057 idtB=0.085 D_A=0.102 D_B=0.141 D_A(real)=0.81 D_A(fake)=0.19 gnG=32.83 gnD=13.99 it_per_s=9.48
2026-10-02 20:01:08,910 INFO iter=291000 epoch=42 lr=9.66e-05 G=3.642 advA2B=0.556 advB2A=0.676 cycA=0.076 cycB=0.094 idtA=0.057 idtB=0.085 D_A=0.102 D_B=0.142 D_A(real)=0.81 D_A(fake)=0.19 gnG=32.74 gnD=14.00 it_per_s=9.48
2026-10-02 20:01:19,440 INFO iter=291100 epoch=42 lr=9.66e-05 G=3.641 advA2B=0.556 advB2A=0.675 cycA=0.076 cycB=0.094 idtA=0.057 idtB=0.085 D_A=0.103 D_B=0.142 D_A(real)=0.81 D_A(fake)=0.19 gnG=32.65 gnD=14.07 it_per_s=9.48
2026-10-02 20:01:29,930 INFO iter=291200 epoch=42 lr=9.66e-05 G=3.641 advA2B=0.556 advB2A=0.676 cycA=0.076 cycB=0.094 idtA=0.057 idtB=0.085 D_A=0.103 D_B=0.142 D_A(real)=0.81 D_A(fake)=0.19 gnG=32.63 gnD=14.05 it_per_s=9.48
2026-10-02 20:01:40,446 INFO iter=291300 epoch=42 lr=9.65e-05 G=3.639 advA2B=0.554 advB2A=0.676 cycA=0.076 cycB=0.094 idtA=0.057 idtB=0.085 D_A=0.104 D_B=0.142 D_A(real)=0.81 D_A(fake)=0.19 gnG=32.65 gnD=14.06 it_per_s=9.48
2026-10-02 20:01:50,965 INFO iter=291400 epoch=42 lr=9.65e-05 G=3.641 advA2B=0.556 advB2A=0.677 cycA=0.076 cycB=0.094 idtA=0.057 idtB=0.085 D_A=0.103 D_B=0.142 D_A(real)=0.81 D_A(fake)=0.19 gnG=32.69 gnD=14.04 it_per_s=9.48
2026-10-02 20:02:01,490 INFO iter=291500 epoch=42 lr=9.65e-05 G=3.642 advA2B=0.556 advB2A=0.678 cycA=0.076 cycB=0.094 idtA=0.057 idtB=0.085 D_A=0.103 D_B=0.142 D_A(real)=0.81 D_A(fake)=0.19 gnG=32.70 gnD=13.99 it_per_s=9.49
2026-10-02 20:02:12,042 INFO iter=291600 epoch=42 lr=9.64e-05 G=3.644 advA2B=0.557 advB2A=0.678 cycA=0.076 cycB=0.093 idtA=0.057 idtB=0.085 D_A=0.103 D_B=0.142 D_A(real)=0.81 D_A(fake)=0.19 gnG=32.78 gnD=13.98 it_per_s=9.49
2026-10-02 20:02:22,541 INFO iter=291700 epoch=42 lr=9.64e-05 G=3.647 advA2B=0.559 advB2A=0.680 cycA=0.076 cycB=0.094 idtA=0.057 idtB=0.085 D_A=0.104 D_B=0.142 D_A(real)=0.81 D_A(fake)=0.19 gnG=32.74 gnD=14.00 it_per_s=9.49
2026-10-02 20:02:33,062 INFO iter=291800 epoch=42 lr=9.63e-05 G=3.645 advA2B=0.560 advB2A=0.679 cycA=0.076 cycB=0.093 idtA=0.057 idtB=0.085 D_A=0.103 D_B=0.142 D_A(real)=0.81 D_A(fake)=0.19 gnG=32.65 gnD=13.98 it_per_s=9.49
2026-10-02 20:02:43,609 INFO iter=291900 epoch=42 lr=9.63e-05 G=3.643 advA2B=0.560 advB2A=0.678 cycA=0.076 cycB=0.093 idtA=0.057 idtB=0.085 D_A=0.103 D_B=0.142 D_A(real)=0.81 D_A(fake)=0.19 gnG=32.61 gnD=13.97 it_per_s=9.49
2026-10-02 20:02:54,159 INFO iter=292000 epoch=42 lr=9.63e-05 G=3.639 advA2B=0.560 advB2A=0.676 cycA=0.076 cycB=0.093 idtA=0.058 idtB=0.085 D_A=0.103 D_B=0.142 D_A(real)=0.81 D_A(fake)=0.19 gnG=32.63 gnD=13.99 it_per_s=9.49
2026-10-02 20:03:04,664 INFO iter=292100 epoch=42 lr=9.62e-05 G=3.639 advA2B=0.559 advB2A=0.676 cycA=0.076 cycB=0.093 idtA=0.058 idtB=0.085 D_A=0.103 D_B=0.142 D_A(real)=0.81 D_A(fake)=0.19 gnG=32.65 gnD=14.00 it_per_s=9.49
2026-10-02 20:03:15,179 INFO iter=292200 epoch=42 lr=9.62e-05 G=3.636 advA2B=0.559 advB2A=0.676 cycA=0.076 cycB=0.093 idtA=0.057 idtB=0.084 D_A=0.104 D_B=0.142 D_A(real)=0.81 D_A(fake)=0.19 gnG=32.61 gnD=14.00 it_per_s=9.49
2026-10-02 20:03:25,685 INFO iter=292300 epoch=42 lr=9.62e-05 G=3.638 advA2B=0.560 advB2A=0.675 cycA=0.076 cycB=0.093 idtA=0.058 idtB=0.085 D_A=0.103 D_B=0.142 D_A(real)=0.81 D_A(fake)=0.19 gnG=32.61 gnD=13.98 it_per_s=9.49
2026-10-02 20:03:36,318 INFO iter=292400 epoch=42 lr=9.61e-05 G=3.638 advA2B=0.559 advB2A=0.677 cycA=0.076 cycB=0.093 idtA=0.057 idtB=0.084 D_A=0.103 D_B=0.142 D_A(real)=0.81 D_A(fake)=0.19 gnG=32.64 gnD=13.97 it_per_s=9.49
2026-10-02 20:03:46,906 INFO iter=292500 epoch=42 lr=9.61e-05 G=3.640 advA2B=0.560 advB2A=0.679 cycA=0.076 cycB=0.093 idtA=0.058 idtB=0.084 D_A=0.104 D_B=0.142 D_A(real)=0.81 D_A(fake)=0.19 gnG=32.66 gnD=13.98 it_per_s=9.49
2026-10-02 20:03:57,403 INFO iter=292600 epoch=42 lr=9.61e-05 G=3.639 advA2B=0.558 advB2A=0.678 cycA=0.076 cycB=0.093 idtA=0.057 idtB=0.084 D_A=0.104 D_B=0.142 D_A(real)=0.81 D_A(fake)=0.19 gnG=32.70 gnD=13.98 it_per_s=9.49
2026-10-02 20:04:07,944 INFO iter=292700 epoch=42 lr=9.60e-05 G=3.639 advA2B=0.558 advB2A=0.677 cycA=0.076 cycB=0.093 idtA=0.058 idtB=0.084 D_A=0.104 D_B=0.142 D_A(real)=0.81 D_A(fake)=0.19 gnG=32.64 gnD=13.97 it_per_s=9.49
2026-10-02 20:04:18,401 INFO iter=292800 epoch=42 lr=9.60e-05 G=3.638 advA2B=0.557 advB2A=0.678 cycA=0.076 cycB=0.093 idtA=0.058 idtB=0.084 D_A=0.104 D_B=0.142 D_A(real)=0.81 D_A(fake)=0.19 gnG=32.65 gnD=13.97 it_per_s=9.49
2026-10-02 20:04:28,925 INFO iter=292900 epoch=42 lr=9.60e-05 G=3.638 advA2B=0.558 advB2A=0.678 cycA=0.076 cycB=0.093 idtA=0.058 idtB=0.084 D_A=0.103 D_B=0.142 D_A(real)=0.81 D_A(fake)=0.19 gnG=32.63 gnD=13.97 it_per_s=9.49
2026-10-02 20:04:39,446 INFO iter=293000 epoch=42 lr=9.59e-05 G=3.639 advA2B=0.558 advB2A=0.677 cycA=0.076 cycB=0.093 idtA=0.058 idtB=0.084 D_A=0.104 D_B=0.142 D_A(real)=0.81 D_A(fake)=0.19 gnG=32.64 gnD=13.98 it_per_s=9.49
2026-10-02 20:04:50,021 INFO iter=293100 epoch=42 lr=9.59e-05 G=3.639 advA2B=0.557 advB2A=0.676 cycA=0.076 cycB=0.093 idtA=0.058 idtB=0.084 D_A=0.104 D_B=0.142 D_A(real)=0.81 D_A(fake)=0.19 gnG=32.66 gnD=13.98 it_per_s=9.49
2026-10-02 20:05:00,669 INFO iter=293200 epoch=42 lr=9.59e-05 G=3.642 advA2B=0.557 advB2A=0.678 cycA=0.076 cycB=0.093 idtA=0.058 idtB=0.084 D_A=0.103 D_B=0.142 D_A(real)=0.81 D_A(fake)=0.19 gnG=32.72 gnD=13.96 it_per_s=9.49
2026-10-02 20:05:11,319 INFO iter=293300 epoch=42 lr=9.58e-05 G=3.641 advA2B=0.556 advB2A=0.678 cycA=0.076 cycB=0.093 idtA=0.058 idtB=0.084 D_A=0.103 D_B=0.142 D_A(real)=0.81 D_A(fake)=0.19 gnG=32.70 gnD=13.96 it_per_s=9.48
2026-10-02 20:05:21,820 INFO iter=293400 epoch=42 lr=9.58e-05 G=3.638 advA2B=0.556 advB2A=0.678 cycA=0.076 cycB=0.093 idtA=0.058 idtB=0.084 D_A=0.103 D_B=0.142 D_A(real)=0.81 D_A(fake)=0.19 gnG=32.74 gnD=13.94 it_per_s=9.48
2026-10-02 20:05:32,334 INFO iter=293500 epoch=42 lr=9.57e-05 G=3.637 advA2B=0.555 advB2A=0.679 cycA=0.076 cycB=0.093 idtA=0.058 idtB=0.084 D_A=0.103 D_B=0.143 D_A(real)=0.81 D_A(fake)=0.19 gnG=32.76 gnD=13.95 it_per_s=9.49
2026-10-02 20:05:42,869 INFO iter=293600 epoch=42 lr=9.57e-05 G=3.639 advA2B=0.556 advB2A=0.678 cycA=0.076 cycB=0.093 idtA=0.058 idtB=0.084 D_A=0.103 D_B=0.142 D_A(real)=0.81 D_A(fake)=0.19 gnG=32.78 gnD=13.93 it_per_s=9.49
2026-10-02 20:05:53,404 INFO iter=293700 epoch=42 lr=9.57e-05 G=3.639 advA2B=0.556 advB2A=0.678 cycA=0.076 cycB=0.093 idtA=0.058 idtB=0.084 D_A=0.103 D_B=0.142 D_A(real)=0.81 D_A(fake)=0.19 gnG=32.77 gnD=13.91 it_per_s=9.49
2026-10-02 20:06:03,912 INFO iter=293800 epoch=42 lr=9.56e-05 G=3.639 advA2B=0.555 advB2A=0.678 cycA=0.076 cycB=0.093 idtA=0.058 idtB=0.084 D_A=0.103 D_B=0.143 D_A(real)=0.81 D_A(fake)=0.19 gnG=32.77 gnD=13.90 it_per_s=9.49
2026-10-02 20:06:14,463 INFO iter=293900 epoch=42 lr=9.56e-05 G=3.637 advA2B=0.555 advB2A=0.677 cycA=0.076 cycB=0.093 idtA=0.058 idtB=0.084 D_A=0.103 D_B=0.143 D_A(real)=0.81 D_A(fake)=0.19 gnG=32.79 gnD=13.89 it_per_s=9.49
2026-10-02 20:06:25,005 INFO iter=294000 epoch=42 lr=9.56e-05 G=3.638 advA2B=0.555 advB2A=0.677 cycA=0.076 cycB=0.093 idtA=0.058 idtB=0.084 D_A=0.103 D_B=0.142 D_A(real)=0.81 D_A(fake)=0.19 gnG=32.83 gnD=13.86 it_per_s=9.49
2026-10-02 20:06:35,751 INFO iter=294100 epoch=42 lr=9.55e-05 G=3.636 advA2B=0.554 advB2A=0.676 cycA=0.076 cycB=0.093 idtA=0.058 idtB=0.084 D_A=0.103 D_B=0.142 D_A(real)=0.81 D_A(fake)=0.19 gnG=32.81 gnD=13.86 it_per_s=9.48
2026-10-02 20:06:46,290 INFO iter=294200 epoch=42 lr=9.55e-05 G=3.636 advA2B=0.555 advB2A=0.677 cycA=0.076 cycB=0.093 idtA=0.058 idtB=0.084 D_A=0.103 D_B=0.142 D_A(real)=0.81 D_A(fake)=0.19 gnG=32.82 gnD=13.84 it_per_s=9.48
2026-10-02 20:06:56,818 INFO iter=294300 epoch=42 lr=9.55e-05 G=3.638 advA2B=0.555 advB2A=0.676 cycA=0.076 cycB=0.093 idtA=0.058 idtB=0.084 D_A=0.103 D_B=0.142 D_A(real)=0.81 D_A(fake)=0.19 gnG=32.80 gnD=13.84 it_per_s=9.48
2026-10-02 20:07:07,330 INFO iter=294400 epoch=42 lr=9.54e-05 G=3.639 advA2B=0.556 advB2A=0.676 cycA=0.076 cycB=0.093 idtA=0.058 idtB=0.084 D_A=0.103 D_B=0.142 D_A(real)=0.81 D_A(fake)=0.19 gnG=32.78 gnD=13.83 it_per_s=9.48
2026-10-02 20:07:17,871 INFO iter=294500 epoch=42 lr=9.54e-05 G=3.639 advA2B=0.555 advB2A=0.675 cycA=0.076 cycB=0.093 idtA=0.058 idtB=0.085 D_A=0.103 D_B=0.142 D_A(real)=0.81 D_A(fake)=0.19 gnG=32.75 gnD=13.84 it_per_s=9.48
2026-10-02 20:07:28,438 INFO iter=294600 epoch=42 lr=9.54e-05 G=3.641 advA2B=0.555 advB2A=0.676 cycA=0.076 cycB=0.093 idtA=0.058 idtB=0.085 D_A=0.103 D_B=0.142 D_A(real)=0.81 D_A(fake)=0.19 gnG=32.74 gnD=13.82 it_per_s=9.48
2026-10-02 20:07:39,069 INFO iter=294700 epoch=42 lr=9.53e-05 G=3.640 advA2B=0.554 advB2A=0.676 cycA=0.076 cycB=0.093 idtA=0.058 idtB=0.085 D_A=0.103 D_B=0.142 D_A(real)=0.81 D_A(fake)=0.19 gnG=32.70 gnD=13.82 it_per_s=9.48
2026-10-02 20:07:49,605 INFO iter=294800 epoch=42 lr=9.53e-05 G=3.640 advA2B=0.554 advB2A=0.675 cycA=0.076 cycB=0.093 idtA=0.058 idtB=0.085 D_A=0.103 D_B=0.142 D_A(real)=0.81 D_A(fake)=0.19 gnG=32.70 gnD=13.80 it_per_s=9.48
2026-10-02 20:08:00,069 INFO iter=294900 epoch=42 lr=9.52e-05 G=3.641 advA2B=0.554 advB2A=0.676 cycA=0.076 cycB=0.093 idtA=0.058 idtB=0.085 D_A=0.103 D_B=0.142 D_A(real)=0.81 D_A(fake)=0.19 gnG=32.73 gnD=13.79 it_per_s=9.48
2026-10-02 20:08:10,685 INFO iter=295000 epoch=42 lr=9.52e-05 G=3.644 advA2B=0.555 advB2A=0.677 cycA=0.076 cycB=0.093 idtA=0.058 idtB=0.085 D_A=0.103 D_B=0.142 D_A(real)=0.81 D_A(fake)=0.19 gnG=32.77 gnD=13.78 it_per_s=9.48
2026-10-02 20:08:21,185 INFO iter=295100 epoch=42 lr=9.52e-05 G=3.645 advA2B=0.555 advB2A=0.678 cycA=0.077 cycB=0.093 idtA=0.058 idtB=0.085 D_A=0.103 D_B=0.142 D_A(real)=0.81 D_A(fake)=0.19 gnG=32.78 gnD=13.78 it_per_s=9.48
2026-10-02 20:08:31,695 INFO iter=295200 epoch=42 lr=9.51e-05 G=3.644 advA2B=0.555 advB2A=0.677 cycA=0.077 cycB=0.093 idtA=0.058 idtB=0.085 D_A=0.103 D_B=0.141 D_A(real)=0.81 D_A(fake)=0.19 gnG=32.79 gnD=13.77 it_per_s=9.48
2026-10-02 20:08:42,214 INFO iter=295300 epoch=42 lr=9.51e-05 G=3.643 advA2B=0.555 advB2A=0.676 cycA=0.077 cycB=0.093 idtA=0.058 idtB=0.085 D_A=0.103 D_B=0.141 D_A(real)=0.81 D_A(fake)=0.19 gnG=32.81 gnD=13.77 it_per_s=9.48
2026-10-02 20:08:52,772 INFO iter=295400 epoch=42 lr=9.51e-05 G=3.645 advA2B=0.555 advB2A=0.677 cycA=0.077 cycB=0.093 idtA=0.058 idtB=0.085 D_A=0.103 D_B=0.141 D_A(real)=0.81 D_A(fake)=0.19 gnG=32.82 gnD=13.76 it_per_s=9.48
2026-10-02 20:09:03,330 INFO iter=295500 epoch=42 lr=9.50e-05 G=3.645 advA2B=0.556 advB2A=0.677 cycA=0.077 cycB=0.093 idtA=0.058 idtB=0.085 D_A=0.103 D_B=0.141 D_A(real)=0.81 D_A(fake)=0.19 gnG=32.85 gnD=13.75 it_per_s=9.48
2026-10-02 20:09:13,482 INFO epoch=42 done time_s=742 it_per_s=9.48 G=3.647 cycA=0.077 cycB=0.093 idtA=0.058 idtB=0.085 D_A=0.103 D_B=0.141 D_A(real)=0.81 D_A(fake)=0.19 nan_count=0
2026-10-02 20:09:14,510 INFO iter=295600 epoch=43 lr=9.50e-05 G=3.281 advA2B=0.358 advB2A=0.436 cycA=0.076 cycB=0.108 idtA=0.056 idtB=0.073 D_A=0.161 D_B=0.126 D_A(real)=0.77 D_A(fake)=0.20 gnG=36.79 gnD=14.22 it_per_s=9.01
2026-10-02 20:09:25,074 INFO iter=295700 epoch=43 lr=9.50e-05 G=3.482 advA2B=0.526 advB2A=0.617 cycA=0.076 cycB=0.089 idtA=0.056 idtB=0.082 D_A=0.114 D_B=0.144 D_A(real)=0.79 D_A(fake)=0.21 gnG=30.49 gnD=13.76 it_per_s=9.45
2026-10-02 20:09:35,753 INFO iter=295800 epoch=43 lr=9.49e-05 G=3.603 advA2B=0.563 advB2A=0.654 cycA=0.077 cycB=0.091 idtA=0.057 idtB=0.084 D_A=0.113 D_B=0.144 D_A(real)=0.79 D_A(fake)=0.21 gnG=33.87 gnD=13.82 it_per_s=9.41
2026-10-02 20:09:46,351 INFO iter=295900 epoch=43 lr=9.49e-05 G=3.628 advA2B=0.558 advB2A=0.654 cycA=0.077 cycB=0.093 idtA=0.058 idtB=0.085 D_A=0.106 D_B=0.147 D_A(real)=0.79 D_A(fake)=0.20 gnG=33.88 gnD=13.67 it_per_s=9.42
2026-10-02 20:09:56,935 INFO iter=296000 epoch=43 lr=9.49e-05 G=3.638 advA2B=0.561 advB2A=0.658 cycA=0.077 cycB=0.093 idtA=0.058 idtB=0.086 D_A=0.107 D_B=0.143 D_A(real)=0.80 D_A(fake)=0.20 gnG=33.61 gnD=13.73 it_per_s=9.42
2026-10-02 20:10:07,475 INFO iter=296100 epoch=43 lr=9.48e-05 G=3.631 advA2B=0.563 advB2A=0.665 cycA=0.077 cycB=0.092 idtA=0.058 idtB=0.085 D_A=0.107 D_B=0.144 D_A(real)=0.80 D_A(fake)=0.20 gnG=33.22 gnD=13.71 it_per_s=9.44
2026-10-02 20:10:18,107 INFO iter=296200 epoch=43 lr=9.48e-05 G=3.624 advA2B=0.566 advB2A=0.663 cycA=0.076 cycB=0.092 idtA=0.058 idtB=0.085 D_A=0.106 D_B=0.140 D_A(real)=0.80 D_A(fake)=0.20 gnG=33.12 gnD=13.61 it_per_s=9.43
2026-10-02 20:10:28,694 INFO iter=296300 epoch=43 lr=9.48e-05 G=3.627 advA2B=0.572 advB2A=0.663 cycA=0.076 cycB=0.093 idtA=0.057 idtB=0.085 D_A=0.104 D_B=0.140 D_A(real)=0.80 D_A(fake)=0.20 gnG=33.68 gnD=13.50 it_per_s=9.43
2026-10-02 20:10:39,222 INFO iter=296400 epoch=43 lr=9.47e-05 G=3.637 advA2B=0.580 advB2A=0.673 cycA=0.075 cycB=0.092 idtA=0.057 idtB=0.084 D_A=0.102 D_B=0.139 D_A(real)=0.81 D_A(fake)=0.19 gnG=34.03 gnD=13.48 it_per_s=9.44
2026-10-02 20:10:49,724 INFO iter=296500 epoch=43 lr=9.47e-05 G=3.643 advA2B=0.581 advB2A=0.676 cycA=0.076 cycB=0.092 idtA=0.057 idtB=0.084 D_A=0.101 D_B=0.139 D_A(real)=0.81 D_A(fake)=0.19 gnG=33.85 gnD=13.52 it_per_s=9.45
2026-10-02 20:11:00,285 INFO iter=296600 epoch=43 lr=9.46e-05 G=3.637 advA2B=0.577 advB2A=0.675 cycA=0.076 cycB=0.092 idtA=0.057 idtB=0.084 D_A=0.101 D_B=0.140 D_A(real)=0.81 D_A(fake)=0.19 gnG=33.72 gnD=13.49 it_per_s=9.45
2026-10-02 20:11:10,821 INFO iter=296700 epoch=43 lr=9.46e-05 G=3.639 advA2B=0.581 advB2A=0.676 cycA=0.076 cycB=0.092 idtA=0.057 idtB=0.084 D_A=0.100 D_B=0.138 D_A(real)=0.81 D_A(fake)=0.19 gnG=33.55 gnD=13.41 it_per_s=9.46
2026-10-02 20:11:21,428 INFO iter=296800 epoch=43 lr=9.46e-05 G=3.639 advA2B=0.578 advB2A=0.679 cycA=0.076 cycB=0.092 idtA=0.057 idtB=0.084 D_A=0.100 D_B=0.139 D_A(real)=0.81 D_A(fake)=0.19 gnG=33.49 gnD=13.41 it_per_s=9.45
2026-10-02 20:11:31,998 INFO iter=296900 epoch=43 lr=9.45e-05 G=3.643 advA2B=0.580 advB2A=0.677 cycA=0.076 cycB=0.092 idtA=0.057 idtB=0.085 D_A=0.101 D_B=0.139 D_A(real)=0.81 D_A(fake)=0.19 gnG=33.62 gnD=13.38 it_per_s=9.45
2026-10-02 20:11:42,559 INFO iter=297000 epoch=43 lr=9.45e-05 G=3.647 advA2B=0.581 advB2A=0.680 cycA=0.076 cycB=0.092 idtA=0.057 idtB=0.085 D_A=0.101 D_B=0.137 D_A(real)=0.81 D_A(fake)=0.19 gnG=33.70 gnD=13.31 it_per_s=9.45
2026-10-02 20:11:53,165 INFO iter=297100 epoch=43 lr=9.45e-05 G=3.652 advA2B=0.580 advB2A=0.679 cycA=0.076 cycB=0.093 idtA=0.057 idtB=0.085 D_A=0.101 D_B=0.137 D_A(real)=0.81 D_A(fake)=0.19 gnG=33.77 gnD=13.31 it_per_s=9.45
2026-10-02 20:12:03,659 INFO iter=297200 epoch=43 lr=9.44e-05 G=3.642 advA2B=0.575 advB2A=0.680 cycA=0.076 cycB=0.092 idtA=0.057 idtB=0.085 D_A=0.101 D_B=0.138 D_A(real)=0.81 D_A(fake)=0.19 gnG=33.62 gnD=13.33 it_per_s=9.46
2026-10-02 20:12:14,185 INFO iter=297300 epoch=43 lr=9.44e-05 G=3.647 advA2B=0.571 advB2A=0.678 cycA=0.076 cycB=0.093 idtA=0.058 idtB=0.085 D_A=0.102 D_B=0.139 D_A(real)=0.81 D_A(fake)=0.19 gnG=33.47 gnD=13.34 it_per_s=9.46
2026-10-02 20:12:24,693 INFO iter=297400 epoch=43 lr=9.44e-05 G=3.640 advA2B=0.571 advB2A=0.675 cycA=0.076 cycB=0.093 idtA=0.057 idtB=0.085 D_A=0.102 D_B=0.140 D_A(real)=0.81 D_A(fake)=0.19 gnG=33.41 gnD=13.36 it_per_s=9.46
2026-10-02 20:12:35,216 INFO iter=297500 epoch=43 lr=9.43e-05 G=3.631 advA2B=0.570 advB2A=0.672 cycA=0.076 cycB=0.092 idtA=0.057 idtB=0.084 D_A=0.102 D_B=0.140 D_A(real)=0.81 D_A(fake)=0.19 gnG=33.15 gnD=13.33 it_per_s=9.47
2026-10-02 20:12:45,715 INFO iter=297600 epoch=43 lr=9.43e-05 G=3.631 advA2B=0.570 advB2A=0.673 cycA=0.076 cycB=0.092 idtA=0.057 idtB=0.084 D_A=0.102 D_B=0.139 D_A(real)=0.81 D_A(fake)=0.19 gnG=33.31 gnD=13.33 it_per_s=9.47
2026-10-02 20:12:56,222 INFO iter=297700 epoch=43 lr=9.43e-05 G=3.628 advA2B=0.569 advB2A=0.673 cycA=0.076 cycB=0.092 idtA=0.057 idtB=0.084 D_A=0.102 D_B=0.139 D_A(real)=0.81 D_A(fake)=0.19 gnG=33.15 gnD=13.32 it_per_s=9.47
2026-10-02 20:13:06,766 INFO iter=297800 epoch=43 lr=9.42e-05 G=3.627 advA2B=0.570 advB2A=0.672 cycA=0.076 cycB=0.092 idtA=0.057 idtB=0.084 D_A=0.102 D_B=0.138 D_A(real)=0.81 D_A(fake)=0.19 gnG=33.10 gnD=13.31 it_per_s=9.47
2026-10-02 20:13:17,333 INFO iter=297900 epoch=43 lr=9.42e-05 G=3.634 advA2B=0.568 advB2A=0.675 cycA=0.076 cycB=0.092 idtA=0.057 idtB=0.084 D_A=0.101 D_B=0.139 D_A(real)=0.81 D_A(fake)=0.19 gnG=33.08 gnD=13.31 it_per_s=9.47
2026-10-02 20:13:27,860 INFO iter=298000 epoch=43 lr=9.41e-05 G=3.641 advA2B=0.570 advB2A=0.679 cycA=0.076 cycB=0.092 idtA=0.057 idtB=0.084 D_A=0.101 D_B=0.139 D_A(real)=0.81 D_A(fake)=0.19 gnG=33.38 gnD=13.31 it_per_s=9.47
2026-10-02 20:13:38,428 INFO iter=298100 epoch=43 lr=9.41e-05 G=3.640 advA2B=0.570 advB2A=0.677 cycA=0.076 cycB=0.092 idtA=0.058 idtB=0.084 D_A=0.101 D_B=0.139 D_A(real)=0.81 D_A(fake)=0.19 gnG=33.43 gnD=13.30 it_per_s=9.47
2026-10-02 20:13:48,947 INFO iter=298200 epoch=43 lr=9.41e-05 G=3.638 advA2B=0.568 advB2A=0.678 cycA=0.076 cycB=0.092 idtA=0.058 idtB=0.084 D_A=0.101 D_B=0.139 D_A(real)=0.81 D_A(fake)=0.19 gnG=33.28 gnD=13.30 it_per_s=9.47
2026-10-02 20:13:59,464 INFO iter=298300 epoch=43 lr=9.40e-05 G=3.637 advA2B=0.567 advB2A=0.678 cycA=0.076 cycB=0.092 idtA=0.058 idtB=0.084 D_A=0.101 D_B=0.139 D_A(real)=0.81 D_A(fake)=0.19 gnG=33.21 gnD=13.29 it_per_s=9.47
2026-10-02 20:14:10,017 INFO iter=298400 epoch=43 lr=9.40e-05 G=3.629 advA2B=0.565 advB2A=0.679 cycA=0.076 cycB=0.092 idtA=0.057 idtB=0.084 D_A=0.101 D_B=0.140 D_A(real)=0.81 D_A(fake)=0.19 gnG=33.10 gnD=13.33 it_per_s=9.47
2026-10-02 20:14:20,600 INFO iter=298500 epoch=43 lr=9.40e-05 G=3.633 advA2B=0.565 advB2A=0.682 cycA=0.076 cycB=0.092 idtA=0.057 idtB=0.084 D_A=0.101 D_B=0.140 D_A(real)=0.81 D_A(fake)=0.19 gnG=33.09 gnD=13.34 it_per_s=9.47
2026-10-02 20:14:31,185 INFO iter=298600 epoch=43 lr=9.39e-05 G=3.632 advA2B=0.567 advB2A=0.680 cycA=0.076 cycB=0.092 idtA=0.058 idtB=0.084 D_A=0.102 D_B=0.140 D_A(real)=0.81 D_A(fake)=0.19 gnG=33.06 gnD=13.34 it_per_s=9.47
2026-10-02 20:14:41,817 INFO iter=298700 epoch=43 lr=9.39e-05 G=3.634 advA2B=0.567 advB2A=0.679 cycA=0.076 cycB=0.092 idtA=0.058 idtB=0.084 D_A=0.101 D_B=0.140 D_A(real)=0.81 D_A(fake)=0.19 gnG=33.06 gnD=13.30 it_per_s=9.47
2026-10-02 20:14:52,387 INFO iter=298800 epoch=43 lr=9.39e-05 G=3.634 advA2B=0.567 advB2A=0.678 cycA=0.076 cycB=0.092 idtA=0.057 idtB=0.084 D_A=0.102 D_B=0.140 D_A(real)=0.81 D_A(fake)=0.19 gnG=33.00 gnD=13.32 it_per_s=9.47
2026-10-02 20:15:02,910 INFO iter=298900 epoch=43 lr=9.38e-05 G=3.633 advA2B=0.567 advB2A=0.679 cycA=0.076 cycB=0.092 idtA=0.057 idtB=0.084 D_A=0.101 D_B=0.140 D_A(real)=0.81 D_A(fake)=0.19 gnG=32.97 gnD=13.31 it_per_s=9.47
2026-10-02 20:15:13,407 INFO iter=299000 epoch=43 lr=9.38e-05 G=3.633 advA2B=0.566 advB2A=0.679 cycA=0.076 cycB=0.092 idtA=0.057 idtB=0.084 D_A=0.101 D_B=0.140 D_A(real)=0.81 D_A(fake)=0.19 gnG=32.97 gnD=13.32 it_per_s=9.47
2026-10-02 20:15:23,957 INFO iter=299100 epoch=43 lr=9.38e-05 G=3.630 advA2B=0.565 advB2A=0.679 cycA=0.076 cycB=0.092 idtA=0.057 idtB=0.084 D_A=0.101 D_B=0.140 D_A(real)=0.81 D_A(fake)=0.19 gnG=32.87 gnD=13.32 it_per_s=9.47
2026-10-02 20:15:34,589 INFO iter=299200 epoch=43 lr=9.37e-05 G=3.629 advA2B=0.564 advB2A=0.679 cycA=0.076 cycB=0.092 idtA=0.057 idtB=0.084 D_A=0.101 D_B=0.140 D_A(real)=0.81 D_A(fake)=0.19 gnG=32.93 gnD=13.34 it_per_s=9.47
2026-10-02 20:15:45,228 INFO iter=299300 epoch=43 lr=9.37e-05 G=3.630 advA2B=0.563 advB2A=0.679 cycA=0.076 cycB=0.092 idtA=0.058 idtB=0.084 D_A=0.101 D_B=0.140 D_A(real)=0.81 D_A(fake)=0.19 gnG=32.96 gnD=13.34 it_per_s=9.47
2026-10-02 20:15:55,774 INFO iter=299400 epoch=43 lr=9.36e-05 G=3.632 advA2B=0.563 advB2A=0.680 cycA=0.076 cycB=0.092 idtA=0.058 idtB=0.084 D_A=0.101 D_B=0.140 D_A(real)=0.81 D_A(fake)=0.19 gnG=32.97 gnD=13.37 it_per_s=9.47
2026-10-02 20:16:06,311 INFO iter=299500 epoch=43 lr=9.36e-05 G=3.627 advA2B=0.560 advB2A=0.678 cycA=0.076 cycB=0.092 idtA=0.058 idtB=0.084 D_A=0.102 D_B=0.140 D_A(real)=0.81 D_A(fake)=0.19 gnG=32.94 gnD=13.38 it_per_s=9.47
2026-10-02 20:16:16,852 INFO iter=299600 epoch=43 lr=9.36e-05 G=3.625 advA2B=0.561 advB2A=0.679 cycA=0.076 cycB=0.092 idtA=0.058 idtB=0.083 D_A=0.102 D_B=0.140 D_A(real)=0.81 D_A(fake)=0.19 gnG=32.97 gnD=13.38 it_per_s=9.47
2026-10-02 20:16:27,396 INFO iter=299700 epoch=43 lr=9.35e-05 G=3.626 advA2B=0.561 advB2A=0.680 cycA=0.076 cycB=0.092 idtA=0.058 idtB=0.083 D_A=0.102 D_B=0.141 D_A(real)=0.81 D_A(fake)=0.19 gnG=33.02 gnD=13.39 it_per_s=9.47
2026-10-02 20:16:37,979 INFO iter=299800 epoch=43 lr=9.35e-05 G=3.628 advA2B=0.562 advB2A=0.680 cycA=0.076 cycB=0.092 idtA=0.058 idtB=0.083 D_A=0.102 D_B=0.140 D_A(real)=0.81 D_A(fake)=0.19 gnG=33.04 gnD=13.39 it_per_s=9.47
2026-10-02 20:16:48,616 INFO iter=299900 epoch=43 lr=9.35e-05 G=3.626 advA2B=0.562 advB2A=0.680 cycA=0.076 cycB=0.092 idtA=0.057 idtB=0.083 D_A=0.102 D_B=0.140 D_A(real)=0.81 D_A(fake)=0.19 gnG=32.96 gnD=13.39 it_per_s=9.47
2026-10-02 20:16:59,138 INFO iter=300000 epoch=43 lr=9.34e-05 G=3.627 advA2B=0.562 advB2A=0.679 cycA=0.076 cycB=0.092 idtA=0.058 idtB=0.083 D_A=0.102 D_B=0.140 D_A(real)=0.81 D_A(fake)=0.19 gnG=32.99 gnD=13.38 it_per_s=9.47
2026-10-02 20:17:09,704 INFO iter=300100 epoch=43 lr=9.34e-05 G=3.627 advA2B=0.562 advB2A=0.680 cycA=0.076 cycB=0.092 idtA=0.057 idtB=0.083 D_A=0.102 D_B=0.140 D_A(real)=0.81 D_A(fake)=0.19 gnG=33.01 gnD=13.38 it_per_s=9.47
2026-10-02 20:17:20,302 INFO iter=300200 epoch=43 lr=9.34e-05 G=3.626 advA2B=0.563 advB2A=0.680 cycA=0.076 cycB=0.092 idtA=0.057 idtB=0.083 D_A=0.102 D_B=0.140 D_A(real)=0.81 D_A(fake)=0.19 gnG=32.93 gnD=13.37 it_per_s=9.47
2026-10-02 20:17:30,817 INFO iter=300300 epoch=43 lr=9.33e-05 G=3.628 advA2B=0.562 advB2A=0.680 cycA=0.076 cycB=0.092 idtA=0.057 idtB=0.083 D_A=0.102 D_B=0.140 D_A(real)=0.81 D_A(fake)=0.19 gnG=32.88 gnD=13.38 it_per_s=9.47
2026-10-02 20:17:41,335 INFO iter=300400 epoch=43 lr=9.33e-05 G=3.630 advA2B=0.562 advB2A=0.680 cycA=0.076 cycB=0.092 idtA=0.058 idtB=0.083 D_A=0.102 D_B=0.140 D_A(real)=0.81 D_A(fake)=0.19 gnG=32.92 gnD=13.37 it_per_s=9.47
2026-10-02 20:17:51,907 INFO iter=300500 epoch=43 lr=9.33e-05 G=3.632 advA2B=0.562 advB2A=0.680 cycA=0.076 cycB=0.092 idtA=0.057 idtB=0.084 D_A=0.101 D_B=0.140 D_A(real)=0.81 D_A(fake)=0.19 gnG=33.02 gnD=13.36 it_per_s=9.47
2026-10-02 20:18:02,492 INFO iter=300600 epoch=43 lr=9.32e-05 G=3.633 advA2B=0.562 advB2A=0.680 cycA=0.076 cycB=0.092 idtA=0.058 idtB=0.084 D_A=0.101 D_B=0.140 D_A(real)=0.81 D_A(fake)=0.19 gnG=33.05 gnD=13.36 it_per_s=9.47
2026-10-02 20:18:13,006 INFO iter=300700 epoch=43 lr=9.32e-05 G=3.632 advA2B=0.562 advB2A=0.680 cycA=0.076 cycB=0.092 idtA=0.057 idtB=0.084 D_A=0.101 D_B=0.140 D_A(real)=0.81 D_A(fake)=0.19 gnG=33.06 gnD=13.38 it_per_s=9.47
2026-10-02 20:18:23,517 INFO iter=300800 epoch=43 lr=9.32e-05 G=3.633 advA2B=0.563 advB2A=0.680 cycA=0.076 cycB=0.092 idtA=0.057 idtB=0.084 D_A=0.101 D_B=0.139 D_A(real)=0.81 D_A(fake)=0.19 gnG=33.09 gnD=13.37 it_per_s=9.47
2026-10-02 20:18:33,988 INFO iter=300900 epoch=43 lr=9.31e-05 G=3.634 advA2B=0.563 advB2A=0.680 cycA=0.076 cycB=0.093 idtA=0.057 idtB=0.084 D_A=0.101 D_B=0.139 D_A(real)=0.81 D_A(fake)=0.19 gnG=33.12 gnD=13.37 it_per_s=9.47
2026-10-02 20:18:44,504 INFO iter=301000 epoch=43 lr=9.31e-05 G=3.632 advA2B=0.562 advB2A=0.681 cycA=0.076 cycB=0.093 idtA=0.057 idtB=0.084 D_A=0.101 D_B=0.140 D_A(real)=0.81 D_A(fake)=0.19 gnG=33.14 gnD=13.37 it_per_s=9.47
2026-10-02 20:18:55,030 INFO iter=301100 epoch=43 lr=9.30e-05 G=3.634 advA2B=0.561 advB2A=0.681 cycA=0.076 cycB=0.093 idtA=0.057 idtB=0.084 D_A=0.101 D_B=0.140 D_A(real)=0.81 D_A(fake)=0.19 gnG=33.15 gnD=13.38 it_per_s=9.47
2026-10-02 20:19:05,570 INFO iter=301200 epoch=43 lr=9.30e-05 G=3.634 advA2B=0.563 advB2A=0.680 cycA=0.076 cycB=0.093 idtA=0.057 idtB=0.084 D_A=0.101 D_B=0.140 D_A(real)=0.81 D_A(fake)=0.19 gnG=33.15 gnD=13.40 it_per_s=9.47
2026-10-02 20:19:16,129 INFO iter=301300 epoch=43 lr=9.30e-05 G=3.634 advA2B=0.563 advB2A=0.680 cycA=0.076 cycB=0.093 idtA=0.057 idtB=0.084 D_A=0.101 D_B=0.140 D_A(real)=0.81 D_A(fake)=0.19 gnG=33.19 gnD=13.38 it_per_s=9.47
2026-10-02 20:19:26,689 INFO iter=301400 epoch=43 lr=9.29e-05 G=3.636 advA2B=0.563 advB2A=0.680 cycA=0.076 cycB=0.093 idtA=0.057 idtB=0.084 D_A=0.101 D_B=0.140 D_A(real)=0.81 D_A(fake)=0.19 gnG=33.20 gnD=13.39 it_per_s=9.47
2026-10-02 20:19:37,256 INFO iter=301500 epoch=43 lr=9.29e-05 G=3.634 advA2B=0.562 advB2A=0.680 cycA=0.076 cycB=0.093 idtA=0.057 idtB=0.084 D_A=0.101 D_B=0.140 D_A(real)=0.81 D_A(fake)=0.19 gnG=33.18 gnD=13.41 it_per_s=9.47
2026-10-02 20:19:47,826 INFO iter=301600 epoch=43 lr=9.29e-05 G=3.636 advA2B=0.562 advB2A=0.681 cycA=0.076 cycB=0.093 idtA=0.057 idtB=0.084 D_A=0.101 D_B=0.140 D_A(real)=0.81 D_A(fake)=0.19 gnG=33.16 gnD=13.42 it_per_s=9.47
2026-10-02 20:19:58,372 INFO iter=301700 epoch=43 lr=9.28e-05 G=3.639 advA2B=0.562 advB2A=0.684 cycA=0.076 cycB=0.093 idtA=0.057 idtB=0.084 D_A=0.101 D_B=0.140 D_A(real)=0.81 D_A(fake)=0.19 gnG=33.19 gnD=13.42 it_per_s=9.47
2026-10-02 20:20:08,860 INFO iter=301800 epoch=43 lr=9.28e-05 G=3.642 advA2B=0.563 advB2A=0.684 cycA=0.076 cycB=0.093 idtA=0.057 idtB=0.084 D_A=0.101 D_B=0.140 D_A(real)=0.81 D_A(fake)=0.19 gnG=33.21 gnD=13.42 it_per_s=9.47
2026-10-02 20:20:19,451 INFO iter=301900 epoch=43 lr=9.28e-05 G=3.642 advA2B=0.562 advB2A=0.686 cycA=0.076 cycB=0.093 idtA=0.058 idtB=0.084 D_A=0.101 D_B=0.141 D_A(real)=0.81 D_A(fake)=0.19 gnG=33.22 gnD=13.43 it_per_s=9.47
2026-10-02 20:20:30,088 INFO iter=302000 epoch=43 lr=9.27e-05 G=3.642 advA2B=0.561 advB2A=0.686 cycA=0.076 cycB=0.093 idtA=0.058 idtB=0.084 D_A=0.102 D_B=0.141 D_A(real)=0.81 D_A(fake)=0.19 gnG=33.18 gnD=13.42 it_per_s=9.47
2026-10-02 20:20:40,685 INFO iter=302100 epoch=43 lr=9.27e-05 G=3.644 advA2B=0.561 advB2A=0.686 cycA=0.076 cycB=0.093 idtA=0.058 idtB=0.084 D_A=0.101 D_B=0.140 D_A(real)=0.81 D_A(fake)=0.19 gnG=33.22 gnD=13.41 it_per_s=9.47
2026-10-02 20:20:51,311 INFO iter=302200 epoch=43 lr=9.27e-05 G=3.643 advA2B=0.560 advB2A=0.687 cycA=0.076 cycB=0.093 idtA=0.058 idtB=0.084 D_A=0.101 D_B=0.141 D_A(real)=0.81 D_A(fake)=0.19 gnG=33.16 gnD=13.41 it_per_s=9.47
2026-10-02 20:21:01,927 INFO iter=302300 epoch=43 lr=9.26e-05 G=3.644 advA2B=0.561 advB2A=0.687 cycA=0.076 cycB=0.093 idtA=0.058 idtB=0.084 D_A=0.101 D_B=0.141 D_A(real)=0.81 D_A(fake)=0.19 gnG=33.13 gnD=13.41 it_per_s=9.47
2026-10-02 20:21:12,427 INFO iter=302400 epoch=43 lr=9.26e-05 G=3.644 advA2B=0.560 advB2A=0.687 cycA=0.076 cycB=0.093 idtA=0.058 idtB=0.084 D_A=0.102 D_B=0.141 D_A(real)=0.81 D_A(fake)=0.19 gnG=33.13 gnD=13.41 it_per_s=9.47
2026-10-02 20:21:23,023 INFO iter=302500 epoch=43 lr=9.25e-05 G=3.643 advA2B=0.561 advB2A=0.687 cycA=0.076 cycB=0.093 idtA=0.058 idtB=0.084 D_A=0.102 D_B=0.141 D_A(real)=0.81 D_A(fake)=0.19 gnG=33.13 gnD=13.41 it_per_s=9.47
2026-10-02 20:21:33,648 INFO iter=302600 epoch=43 lr=9.25e-05 G=3.643 advA2B=0.561 advB2A=0.687 cycA=0.076 cycB=0.093 idtA=0.058 idtB=0.084 D_A=0.102 D_B=0.141 D_A(real)=0.81 D_A(fake)=0.19 gnG=33.08 gnD=13.42 it_per_s=9.47
2026-10-02 20:21:37,247 INFO epoch=43 done time_s=743 it_per_s=9.47 G=3.643 cycA=0.076 cycB=0.093 idtA=0.058 idtB=0.084 D_A=0.101 D_B=0.141 D_A(real)=0.81 D_A(fake)=0.19 nan_count=0
2026-10-02 20:21:45,001 INFO iter=302700 epoch=44 lr=9.25e-05 G=3.676 advA2B=0.577 advB2A=0.678 cycA=0.073 cycB=0.097 idtA=0.054 idtB=0.091 D_A=0.092 D_B=0.128 D_A(real)=0.81 D_A(fake)=0.18 gnG=30.24 gnD=12.54 it_per_s=9.24
2026-10-02 20:21:55,562 INFO iter=302800 epoch=44 lr=9.24e-05 G=3.662 advA2B=0.565 advB2A=0.691 cycA=0.075 cycB=0.095 idtA=0.055 idtB=0.087 D_A=0.093 D_B=0.144 D_A(real)=0.82 D_A(fake)=0.18 gnG=31.36 gnD=13.79 it_per_s=9.38
2026-10-02 20:22:06,153 INFO iter=302900 epoch=44 lr=9.24e-05 G=3.669 advA2B=0.581 advB2A=0.710 cycA=0.075 cycB=0.092 idtA=0.056 idtB=0.085 D_A=0.093 D_B=0.142 D_A(real)=0.82 D_A(fake)=0.18 gnG=32.05 gnD=13.37 it_per_s=9.40
2026-10-02 20:22:16,669 INFO iter=303000 epoch=44 lr=9.24e-05 G=3.647 advA2B=0.578 advB2A=0.697 cycA=0.075 cycB=0.092 idtA=0.056 idtB=0.084 D_A=0.094 D_B=0.140 D_A(real)=0.82 D_A(fake)=0.18 gnG=32.77 gnD=13.28 it_per_s=9.43
2026-10-02 20:22:27,164 INFO iter=303100 epoch=44 lr=9.23e-05 G=3.650 advA2B=0.573 advB2A=0.701 cycA=0.075 cycB=0.092 idtA=0.056 idtB=0.084 D_A=0.093 D_B=0.140 D_A(real)=0.82 D_A(fake)=0.18 gnG=32.78 gnD=13.33 it_per_s=9.45
2026-10-02 20:22:37,712 INFO iter=303200 epoch=44 lr=9.23e-05 G=3.651 advA2B=0.565 advB2A=0.703 cycA=0.075 cycB=0.093 idtA=0.056 idtB=0.084 D_A=0.094 D_B=0.141 D_A(real)=0.82 D_A(fake)=0.18 gnG=33.44 gnD=13.37 it_per_s=9.46
2026-10-02 20:22:48,214 INFO iter=303300 epoch=44 lr=9.23e-05 G=3.652 advA2B=0.565 advB2A=0.700 cycA=0.075 cycB=0.093 idtA=0.057 idtB=0.085 D_A=0.095 D_B=0.139 D_A(real)=0.82 D_A(fake)=0.18 gnG=33.11 gnD=13.30 it_per_s=9.47
2026-10-02 20:22:58,731 INFO iter=303400 epoch=44 lr=9.22e-05 G=3.676 advA2B=0.572 advB2A=0.710 cycA=0.075 cycB=0.093 idtA=0.057 idtB=0.085 D_A=0.095 D_B=0.138 D_A(real)=0.82 D_A(fake)=0.18 gnG=33.63 gnD=13.22 it_per_s=9.47
2026-10-02 20:23:09,281 INFO iter=303500 epoch=44 lr=9.22e-05 G=3.677 advA2B=0.571 advB2A=0.706 cycA=0.076 cycB=0.093 idtA=0.057 idtB=0.085 D_A=0.097 D_B=0.139 D_A(real)=0.82 D_A(fake)=0.18 gnG=33.49 gnD=13.25 it_per_s=9.47
2026-10-02 20:23:19,879 INFO iter=303600 epoch=44 lr=9.22e-05 G=3.677 advA2B=0.570 advB2A=0.707 cycA=0.075 cycB=0.093 idtA=0.057 idtB=0.085 D_A=0.097 D_B=0.137 D_A(real)=0.81 D_A(fake)=0.19 gnG=33.43 gnD=13.22 it_per_s=9.47
2026-10-02 20:23:30,460 INFO iter=303700 epoch=44 lr=9.21e-05 G=3.664 advA2B=0.567 advB2A=0.705 cycA=0.076 cycB=0.093 idtA=0.057 idtB=0.085 D_A=0.097 D_B=0.139 D_A(real)=0.81 D_A(fake)=0.18 gnG=33.50 gnD=13.31 it_per_s=9.47
2026-10-02 20:23:41,002 INFO iter=303800 epoch=44 lr=9.21e-05 G=3.655 advA2B=0.567 advB2A=0.702 cycA=0.076 cycB=0.092 idtA=0.057 idtB=0.084 D_A=0.099 D_B=0.138 D_A(real)=0.81 D_A(fake)=0.19 gnG=33.64 gnD=13.33 it_per_s=9.47
2026-10-02 20:23:51,508 INFO iter=303900 epoch=44 lr=9.21e-05 G=3.661 advA2B=0.571 advB2A=0.698 cycA=0.076 cycB=0.093 idtA=0.057 idtB=0.084 D_A=0.099 D_B=0.138 D_A(real)=0.81 D_A(fake)=0.19 gnG=33.45 gnD=13.35 it_per_s=9.47
2026-10-02 20:24:02,062 INFO iter=304000 epoch=44 lr=9.20e-05 G=3.658 advA2B=0.569 advB2A=0.697 cycA=0.076 cycB=0.093 idtA=0.057 idtB=0.084 D_A=0.101 D_B=0.140 D_A(real)=0.81 D_A(fake)=0.19 gnG=33.22 gnD=13.44 it_per_s=9.47
2026-10-02 20:24:12,628 INFO iter=304100 epoch=44 lr=9.20e-05 G=3.654 advA2B=0.569 advB2A=0.698 cycA=0.076 cycB=0.093 idtA=0.057 idtB=0.084 D_A=0.101 D_B=0.140 D_A(real)=0.81 D_A(fake)=0.19 gnG=33.23 gnD=13.46 it_per_s=9.47
2026-10-02 20:24:23,149 INFO iter=304200 epoch=44 lr=9.19e-05 G=3.657 advA2B=0.567 advB2A=0.698 cycA=0.076 cycB=0.093 idtA=0.058 idtB=0.084 D_A=0.101 D_B=0.138 D_A(real)=0.81 D_A(fake)=0.19 gnG=33.07 gnD=13.42 it_per_s=9.47
2026-10-02 20:24:33,614 INFO iter=304300 epoch=44 lr=9.19e-05 G=3.655 advA2B=0.571 advB2A=0.697 cycA=0.076 cycB=0.092 idtA=0.057 idtB=0.083 D_A=0.101 D_B=0.139 D_A(real)=0.81 D_A(fake)=0.19 gnG=33.24 gnD=13.45 it_per_s=9.48
2026-10-02 20:24:44,122 INFO iter=304400 epoch=44 lr=9.19e-05 G=3.655 advA2B=0.573 advB2A=0.697 cycA=0.076 cycB=0.092 idtA=0.057 idtB=0.083 D_A=0.101 D_B=0.138 D_A(real)=0.81 D_A(fake)=0.19 gnG=33.17 gnD=13.46 it_per_s=9.48
2026-10-02 20:24:54,721 INFO iter=304500 epoch=44 lr=9.18e-05 G=3.654 advA2B=0.571 advB2A=0.697 cycA=0.076 cycB=0.092 idtA=0.057 idtB=0.083 D_A=0.101 D_B=0.138 D_A(real)=0.81 D_A(fake)=0.19 gnG=33.15 gnD=13.43 it_per_s=9.48
2026-10-02 20:25:05,291 INFO iter=304600 epoch=44 lr=9.18e-05 G=3.651 advA2B=0.573 advB2A=0.695 cycA=0.076 cycB=0.092 idtA=0.057 idtB=0.083 D_A=0.101 D_B=0.138 D_A(real)=0.81 D_A(fake)=0.19 gnG=33.15 gnD=13.41 it_per_s=9.48
2026-10-02 20:25:15,921 INFO iter=304700 epoch=44 lr=9.18e-05 G=3.650 advA2B=0.574 advB2A=0.698 cycA=0.076 cycB=0.092 idtA=0.057 idtB=0.083 D_A=0.101 D_B=0.137 D_A(real)=0.81 D_A(fake)=0.19 gnG=33.13 gnD=13.39 it_per_s=9.47
2026-10-02 20:25:26,518 INFO iter=304800 epoch=44 lr=9.17e-05 G=3.651 advA2B=0.573 advB2A=0.700 cycA=0.076 cycB=0.092 idtA=0.057 idtB=0.083 D_A=0.101 D_B=0.137 D_A(real)=0.81 D_A(fake)=0.19 gnG=33.08 gnD=13.37 it_per_s=9.47
2026-10-02 20:25:37,019 INFO iter=304900 epoch=44 lr=9.17e-05 G=3.653 advA2B=0.572 advB2A=0.702 cycA=0.076 cycB=0.092 idtA=0.057 idtB=0.083 D_A=0.101 D_B=0.137 D_A(real)=0.81 D_A(fake)=0.19 gnG=33.02 gnD=13.38 it_per_s=9.47
2026-10-02 20:25:47,575 INFO iter=305000 epoch=44 lr=9.17e-05 G=3.653 advA2B=0.570 advB2A=0.700 cycA=0.076 cycB=0.092 idtA=0.057 idtB=0.083 D_A=0.101 D_B=0.137 D_A(real)=0.81 D_A(fake)=0.19 gnG=32.93 gnD=13.40 it_per_s=9.47
2026-10-02 20:25:58,166 INFO iter=305100 epoch=44 lr=9.16e-05 G=3.657 advA2B=0.571 advB2A=0.700 cycA=0.076 cycB=0.092 idtA=0.057 idtB=0.083 D_A=0.101 D_B=0.138 D_A(real)=0.81 D_A(fake)=0.19 gnG=33.08 gnD=13.42 it_per_s=9.47
2026-10-02 20:26:08,706 INFO iter=305200 epoch=44 lr=9.16e-05 G=3.649 advA2B=0.569 advB2A=0.699 cycA=0.076 cycB=0.092 idtA=0.057 idtB=0.083 D_A=0.101 D_B=0.138 D_A(real)=0.81 D_A(fake)=0.19 gnG=33.08 gnD=13.44 it_per_s=9.47
2026-10-02 20:26:19,221 INFO iter=305300 epoch=44 lr=9.16e-05 G=3.652 advA2B=0.569 advB2A=0.700 cycA=0.076 cycB=0.092 idtA=0.057 idtB=0.083 D_A=0.101 D_B=0.137 D_A(real)=0.81 D_A(fake)=0.19 gnG=33.21 gnD=13.43 it_per_s=9.48
2026-10-02 20:26:30,021 INFO iter=305400 epoch=44 lr=9.15e-05 G=3.652 advA2B=0.569 advB2A=0.701 cycA=0.076 cycB=0.092 idtA=0.057 idtB=0.083 D_A=0.101 D_B=0.137 D_A(real)=0.81 D_A(fake)=0.19 gnG=33.21 gnD=13.46 it_per_s=9.47
2026-10-02 20:26:40,510 INFO iter=305500 epoch=44 lr=9.15e-05 G=3.649 advA2B=0.568 advB2A=0.699 cycA=0.076 cycB=0.092 idtA=0.057 idtB=0.083 D_A=0.101 D_B=0.137 D_A(real)=0.81 D_A(fake)=0.19 gnG=33.17 gnD=13.46 it_per_s=9.47
2026-10-02 20:26:51,052 INFO iter=305600 epoch=44 lr=9.14e-05 G=3.648 advA2B=0.566 advB2A=0.700 cycA=0.076 cycB=0.092 idtA=0.057 idtB=0.083 D_A=0.101 D_B=0.138 D_A(real)=0.81 D_A(fake)=0.19 gnG=33.20 gnD=13.48 it_per_s=9.47
2026-10-02 20:27:01,610 INFO iter=305700 epoch=44 lr=9.14e-05 G=3.646 advA2B=0.567 advB2A=0.699 cycA=0.076 cycB=0.092 idtA=0.057 idtB=0.083 D_A=0.101 D_B=0.138 D_A(real)=0.81 D_A(fake)=0.19 gnG=33.30 gnD=13.47 it_per_s=9.47
2026-10-02 20:27:12,193 INFO iter=305800 epoch=44 lr=9.14e-05 G=3.644 advA2B=0.566 advB2A=0.699 cycA=0.076 cycB=0.092 idtA=0.057 idtB=0.083 D_A=0.101 D_B=0.138 D_A(real)=0.81 D_A(fake)=0.19 gnG=33.21 gnD=13.51 it_per_s=9.47
2026-10-02 20:27:22,711 INFO iter=305900 epoch=44 lr=9.13e-05 G=3.641 advA2B=0.565 advB2A=0.697 cycA=0.076 cycB=0.092 idtA=0.057 idtB=0.083 D_A=0.100 D_B=0.138 D_A(real)=0.81 D_A(fake)=0.19 gnG=33.10 gnD=13.52 it_per_s=9.47
2026-10-02 20:27:33,324 INFO iter=306000 epoch=44 lr=9.13e-05 G=3.641 advA2B=0.566 advB2A=0.697 cycA=0.076 cycB=0.092 idtA=0.057 idtB=0.083 D_A=0.100 D_B=0.139 D_A(real)=0.81 D_A(fake)=0.19 gnG=33.18 gnD=13.56 it_per_s=9.47
2026-10-02 20:27:43,871 INFO iter=306100 epoch=44 lr=9.13e-05 G=3.643 advA2B=0.566 advB2A=0.696 cycA=0.076 cycB=0.092 idtA=0.057 idtB=0.083 D_A=0.100 D_B=0.139 D_A(real)=0.81 D_A(fake)=0.19 gnG=33.13 gnD=13.56 it_per_s=9.47
2026-10-02 20:27:54,402 INFO iter=306200 epoch=44 lr=9.12e-05 G=3.644 advA2B=0.566 advB2A=0.695 cycA=0.076 cycB=0.092 idtA=0.057 idtB=0.083 D_A=0.100 D_B=0.139 D_A(real)=0.81 D_A(fake)=0.19 gnG=33.11 gnD=13.56 it_per_s=9.47
2026-10-02 20:28:04,958 INFO iter=306300 epoch=44 lr=9.12e-05 G=3.644 advA2B=0.566 advB2A=0.696 cycA=0.076 cycB=0.092 idtA=0.057 idtB=0.083 D_A=0.100 D_B=0.139 D_A(real)=0.81 D_A(fake)=0.19 gnG=33.10 gnD=13.57 it_per_s=9.47
2026-10-02 20:28:15,468 INFO iter=306400 epoch=44 lr=9.12e-05 G=3.641 advA2B=0.564 advB2A=0.697 cycA=0.076 cycB=0.092 idtA=0.057 idtB=0.083 D_A=0.101 D_B=0.139 D_A(real)=0.81 D_A(fake)=0.19 gnG=33.10 gnD=13.59 it_per_s=9.47
2026-10-02 20:28:26,010 INFO iter=306500 epoch=44 lr=9.11e-05 G=3.642 advA2B=0.565 advB2A=0.697 cycA=0.076 cycB=0.092 idtA=0.057 idtB=0.083 D_A=0.100 D_B=0.139 D_A(real)=0.81 D_A(fake)=0.19 gnG=33.09 gnD=13.57 it_per_s=9.47
2026-10-02 20:28:36,538 INFO iter=306600 epoch=44 lr=9.11e-05 G=3.640 advA2B=0.565 advB2A=0.696 cycA=0.076 cycB=0.092 idtA=0.057 idtB=0.083 D_A=0.101 D_B=0.139 D_A(real)=0.81 D_A(fake)=0.19 gnG=33.10 gnD=13.59 it_per_s=9.47
2026-10-02 20:28:47,034 INFO iter=306700 epoch=44 lr=9.11e-05 G=3.644 advA2B=0.565 advB2A=0.697 cycA=0.076 cycB=0.092 idtA=0.057 idtB=0.083 D_A=0.101 D_B=0.139 D_A(real)=0.81 D_A(fake)=0.19 gnG=33.11 gnD=13.57 it_per_s=9.47
2026-10-02 20:28:57,531 INFO iter=306800 epoch=44 lr=9.10e-05 G=3.639 advA2B=0.564 advB2A=0.697 cycA=0.076 cycB=0.092 idtA=0.057 idtB=0.083 D_A=0.101 D_B=0.139 D_A(real)=0.81 D_A(fake)=0.19 gnG=33.11 gnD=13.58 it_per_s=9.48
2026-10-02 20:29:08,134 INFO iter=306900 epoch=44 lr=9.10e-05 G=3.639 advA2B=0.564 advB2A=0.696 cycA=0.076 cycB=0.092 idtA=0.057 idtB=0.083 D_A=0.101 D_B=0.139 D_A(real)=0.81 D_A(fake)=0.19 gnG=33.03 gnD=13.58 it_per_s=9.47
2026-10-02 20:29:18,675 INFO iter=307000 epoch=44 lr=9.09e-05 G=3.641 advA2B=0.564 advB2A=0.697 cycA=0.076 cycB=0.092 idtA=0.057 idtB=0.083 D_A=0.100 D_B=0.139 D_A(real)=0.81 D_A(fake)=0.19 gnG=33.02 gnD=13.59 it_per_s=9.47
2026-10-02 20:29:29,212 INFO iter=307100 epoch=44 lr=9.09e-05 G=3.642 advA2B=0.564 advB2A=0.697 cycA=0.076 cycB=0.092 idtA=0.057 idtB=0.083 D_A=0.100 D_B=0.139 D_A(real)=0.81 D_A(fake)=0.19 gnG=33.00 gnD=13.58 it_per_s=9.47
2026-10-02 20:29:39,750 INFO iter=307200 epoch=44 lr=9.09e-05 G=3.647 advA2B=0.565 advB2A=0.697 cycA=0.076 cycB=0.093 idtA=0.057 idtB=0.083 D_A=0.100 D_B=0.139 D_A(real)=0.81 D_A(fake)=0.19 gnG=32.99 gnD=13.57 it_per_s=9.48
2026-10-02 20:29:50,252 INFO iter=307300 epoch=44 lr=9.08e-05 G=3.645 advA2B=0.564 advB2A=0.696 cycA=0.076 cycB=0.093 idtA=0.057 idtB=0.083 D_A=0.100 D_B=0.139 D_A(real)=0.81 D_A(fake)=0.19 gnG=32.94 gnD=13.58 it_per_s=9.48
2026-10-02 20:30:00,876 INFO iter=307400 epoch=44 lr=9.08e-05 G=3.645 advA2B=0.564 advB2A=0.697 cycA=0.076 cycB=0.092 idtA=0.057 idtB=0.083 D_A=0.101 D_B=0.139 D_A(real)=0.81 D_A(fake)=0.19 gnG=32.96 gnD=13.58 it_per_s=9.47
2026-10-02 20:30:11,595 INFO iter=307500 epoch=44 lr=9.08e-05 G=3.645 advA2B=0.564 advB2A=0.698 cycA=0.076 cycB=0.092 idtA=0.057 idtB=0.083 D_A=0.100 D_B=0.139 D_A(real)=0.81 D_A(fake)=0.19 gnG=32.92 gnD=13.57 it_per_s=9.47
2026-10-02 20:30:22,126 INFO iter=307600 epoch=44 lr=9.07e-05 G=3.647 advA2B=0.564 advB2A=0.698 cycA=0.076 cycB=0.092 idtA=0.058 idtB=0.083 D_A=0.100 D_B=0.139 D_A(real)=0.81 D_A(fake)=0.19 gnG=32.95 gnD=13.57 it_per_s=9.47
2026-10-02 20:30:32,662 INFO iter=307700 epoch=44 lr=9.07e-05 G=3.647 advA2B=0.565 advB2A=0.698 cycA=0.076 cycB=0.092 idtA=0.057 idtB=0.083 D_A=0.100 D_B=0.139 D_A(real)=0.81 D_A(fake)=0.19 gnG=33.04 gnD=13.59 it_per_s=9.47
2026-10-02 20:30:43,297 INFO iter=307800 epoch=44 lr=9.07e-05 G=3.646 advA2B=0.565 advB2A=0.697 cycA=0.076 cycB=0.092 idtA=0.058 idtB=0.083 D_A=0.100 D_B=0.139 D_A(real)=0.81 D_A(fake)=0.19 gnG=33.09 gnD=13.59 it_per_s=9.47
2026-10-02 20:30:53,846 INFO iter=307900 epoch=44 lr=9.06e-05 G=3.649 advA2B=0.566 advB2A=0.698 cycA=0.076 cycB=0.092 idtA=0.058 idtB=0.083 D_A=0.101 D_B=0.139 D_A(real)=0.81 D_A(fake)=0.19 gnG=33.23 gnD=13.60 it_per_s=9.47
2026-10-02 20:31:04,430 INFO iter=308000 epoch=44 lr=9.06e-05 G=3.649 advA2B=0.566 advB2A=0.698 cycA=0.076 cycB=0.092 idtA=0.057 idtB=0.083 D_A=0.101 D_B=0.139 D_A(real)=0.81 D_A(fake)=0.19 gnG=33.25 gnD=13.60 it_per_s=9.47
2026-10-02 20:31:14,911 INFO iter=308100 epoch=44 lr=9.06e-05 G=3.651 advA2B=0.566 advB2A=0.699 cycA=0.076 cycB=0.092 idtA=0.058 idtB=0.083 D_A=0.101 D_B=0.139 D_A(real)=0.81 D_A(fake)=0.19 gnG=33.26 gnD=13.61 it_per_s=9.47
2026-10-02 20:31:25,438 INFO iter=308200 epoch=44 lr=9.05e-05 G=3.652 advA2B=0.567 advB2A=0.699 cycA=0.076 cycB=0.092 idtA=0.058 idtB=0.083 D_A=0.100 D_B=0.139 D_A(real)=0.81 D_A(fake)=0.19 gnG=33.25 gnD=13.60 it_per_s=9.47
2026-10-02 20:31:35,963 INFO iter=308300 epoch=44 lr=9.05e-05 G=3.652 advA2B=0.568 advB2A=0.699 cycA=0.076 cycB=0.092 idtA=0.058 idtB=0.083 D_A=0.101 D_B=0.139 D_A(real)=0.81 D_A(fake)=0.19 gnG=33.26 gnD=13.60 it_per_s=9.47
2026-10-02 20:31:46,504 INFO iter=308400 epoch=44 lr=9.05e-05 G=3.654 advA2B=0.568 advB2A=0.700 cycA=0.076 cycB=0.092 idtA=0.058 idtB=0.083 D_A=0.101 D_B=0.139 D_A(real)=0.81 D_A(fake)=0.19 gnG=33.21 gnD=13.57 it_per_s=9.47
2026-10-02 20:31:57,117 INFO iter=308500 epoch=44 lr=9.04e-05 G=3.652 advA2B=0.567 advB2A=0.700 cycA=0.076 cycB=0.092 idtA=0.058 idtB=0.083 D_A=0.100 D_B=0.139 D_A(real)=0.81 D_A(fake)=0.19 gnG=33.19 gnD=13.56 it_per_s=9.47
2026-10-02 20:32:07,676 INFO iter=308600 epoch=44 lr=9.04e-05 G=3.650 advA2B=0.567 advB2A=0.700 cycA=0.076 cycB=0.092 idtA=0.058 idtB=0.083 D_A=0.100 D_B=0.139 D_A(real)=0.81 D_A(fake)=0.19 gnG=33.14 gnD=13.54 it_per_s=9.47
2026-10-02 20:32:18,222 INFO iter=308700 epoch=44 lr=9.03e-05 G=3.652 advA2B=0.568 advB2A=0.700 cycA=0.076 cycB=0.092 idtA=0.058 idtB=0.083 D_A=0.100 D_B=0.139 D_A(real)=0.81 D_A(fake)=0.19 gnG=33.15 gnD=13.54 it_per_s=9.47
2026-10-02 20:32:28,727 INFO iter=308800 epoch=44 lr=9.03e-05 G=3.656 advA2B=0.570 advB2A=0.700 cycA=0.076 cycB=0.092 idtA=0.058 idtB=0.083 D_A=0.100 D_B=0.139 D_A(real)=0.81 D_A(fake)=0.19 gnG=33.30 gnD=13.53 it_per_s=9.47
2026-10-02 20:32:39,240 INFO iter=308900 epoch=44 lr=9.03e-05 G=3.660 advA2B=0.572 advB2A=0.701 cycA=0.076 cycB=0.092 idtA=0.058 idtB=0.083 D_A=0.100 D_B=0.139 D_A(real)=0.81 D_A(fake)=0.19 gnG=33.45 gnD=13.53 it_per_s=9.47
2026-10-02 20:32:49,774 INFO iter=309000 epoch=44 lr=9.02e-05 G=3.660 advA2B=0.571 advB2A=0.700 cycA=0.076 cycB=0.092 idtA=0.058 idtB=0.083 D_A=0.100 D_B=0.139 D_A(real)=0.81 D_A(fake)=0.19 gnG=33.47 gnD=13.52 it_per_s=9.47
2026-10-02 20:33:00,346 INFO iter=309100 epoch=44 lr=9.02e-05 G=3.661 advA2B=0.571 advB2A=0.700 cycA=0.076 cycB=0.092 idtA=0.058 idtB=0.083 D_A=0.100 D_B=0.139 D_A(real)=0.81 D_A(fake)=0.19 gnG=33.45 gnD=13.52 it_per_s=9.47
2026-10-02 20:33:10,972 INFO iter=309200 epoch=44 lr=9.02e-05 G=3.660 advA2B=0.571 advB2A=0.700 cycA=0.076 cycB=0.092 idtA=0.058 idtB=0.083 D_A=0.100 D_B=0.139 D_A(real)=0.81 D_A(fake)=0.19 gnG=33.47 gnD=13.53 it_per_s=9.47
2026-10-02 20:33:21,526 INFO iter=309300 epoch=44 lr=9.01e-05 G=3.658 advA2B=0.570 advB2A=0.700 cycA=0.076 cycB=0.092 idtA=0.058 idtB=0.083 D_A=0.100 D_B=0.139 D_A(real)=0.81 D_A(fake)=0.19 gnG=33.43 gnD=13.53 it_per_s=9.47
2026-10-02 20:33:32,044 INFO iter=309400 epoch=44 lr=9.01e-05 G=3.658 advA2B=0.570 advB2A=0.700 cycA=0.076 cycB=0.092 idtA=0.058 idtB=0.084 D_A=0.100 D_B=0.139 D_A(real)=0.81 D_A(fake)=0.19 gnG=33.39 gnD=13.53 it_per_s=9.47
2026-10-02 20:33:42,539 INFO iter=309500 epoch=44 lr=9.01e-05 G=3.658 advA2B=0.570 advB2A=0.699 cycA=0.076 cycB=0.092 idtA=0.058 idtB=0.084 D_A=0.100 D_B=0.139 D_A(real)=0.81 D_A(fake)=0.19 gnG=33.38 gnD=13.53 it_per_s=9.47
2026-10-02 20:33:53,113 INFO iter=309600 epoch=44 lr=9.00e-05 G=3.659 advA2B=0.570 advB2A=0.700 cycA=0.076 cycB=0.092 idtA=0.058 idtB=0.084 D_A=0.100 D_B=0.139 D_A(real)=0.81 D_A(fake)=0.19 gnG=33.38 gnD=13.52 it_per_s=9.47
2026-10-02 20:34:00,693 INFO epoch=44 done time_s=743 it_per_s=9.47 G=3.659 cycA=0.076 cycB=0.092 idtA=0.058 idtB=0.084 D_A=0.100 D_B=0.139 D_A(real)=0.81 D_A(fake)=0.19 nan_count=0
2026-10-02 20:34:04,238 INFO iter=309700 epoch=45 lr=9.00e-05 G=3.531 advA2B=0.603 advB2A=0.686 cycA=0.072 cycB=0.085 idtA=0.057 idtB=0.077 D_A=0.089 D_B=0.123 D_A(real)=0.84 D_A(fake)=0.17 gnG=31.21 gnD=13.15 it_per_s=9.41
2026-10-02 20:34:14,746 INFO iter=309800 epoch=45 lr=9.00e-05 G=3.559 advA2B=0.539 advB2A=0.669 cycA=0.074 cycB=0.092 idtA=0.056 idtB=0.083 D_A=0.094 D_B=0.140 D_A(real)=0.83 D_A(fake)=0.17 gnG=30.47 gnD=13.19 it_per_s=9.49
2026-10-02 20:34:25,304 INFO iter=309900 epoch=45 lr=8.99e-05 G=3.568 advA2B=0.533 advB2A=0.686 cycA=0.074 cycB=0.092 idtA=0.056 idtB=0.083 D_A=0.097 D_B=0.136 D_A(real)=0.81 D_A(fake)=0.19 gnG=30.72 gnD=13.26 it_per_s=9.48
2026-10-02 20:34:35,867 INFO iter=310000 epoch=45 lr=8.99e-05 G=3.579 advA2B=0.543 advB2A=0.688 cycA=0.074 cycB=0.091 idtA=0.055 idtB=0.084 D_A=0.103 D_B=0.135 D_A(real)=0.81 D_A(fake)=0.19 gnG=31.18 gnD=13.38 it_per_s=9.48
2026-10-02 20:34:46,426 INFO iter=310100 epoch=45 lr=8.98e-05 G=3.580 advA2B=0.544 advB2A=0.690 cycA=0.074 cycB=0.090 idtA=0.057 idtB=0.084 D_A=0.101 D_B=0.135 D_A(real)=0.81 D_A(fake)=0.19 gnG=31.32 gnD=13.33 it_per_s=9.48
2026-10-02 20:34:57,030 INFO iter=310200 epoch=45 lr=8.98e-05 G=3.606 advA2B=0.553 advB2A=0.700 cycA=0.075 cycB=0.090 idtA=0.057 idtB=0.084 D_A=0.101 D_B=0.139 D_A(real)=0.81 D_A(fake)=0.19 gnG=33.17 gnD=13.54 it_per_s=9.47
2026-10-02 20:35:07,623 INFO iter=310300 epoch=45 lr=8.98e-05 G=3.608 advA2B=0.566 advB2A=0.693 cycA=0.076 cycB=0.089 idtA=0.057 idtB=0.082 D_A=0.101 D_B=0.139 D_A(real)=0.81 D_A(fake)=0.19 gnG=33.07 gnD=13.46 it_per_s=9.46
2026-10-02 20:35:18,158 INFO iter=310400 epoch=45 lr=8.97e-05 G=3.596 advA2B=0.566 advB2A=0.693 cycA=0.076 cycB=0.089 idtA=0.058 idtB=0.081 D_A=0.102 D_B=0.137 D_A(real)=0.81 D_A(fake)=0.19 gnG=32.63 gnD=13.52 it_per_s=9.47
2026-10-02 20:35:28,735 INFO iter=310500 epoch=45 lr=8.97e-05 G=3.600 advA2B=0.573 advB2A=0.687 cycA=0.076 cycB=0.089 idtA=0.058 idtB=0.081 D_A=0.102 D_B=0.137 D_A(real)=0.81 D_A(fake)=0.19 gnG=32.30 gnD=13.51 it_per_s=9.47
2026-10-02 20:35:39,303 INFO iter=310600 epoch=45 lr=8.97e-05 G=3.592 advA2B=0.568 advB2A=0.686 cycA=0.076 cycB=0.089 idtA=0.057 idtB=0.081 D_A=0.101 D_B=0.138 D_A(real)=0.81 D_A(fake)=0.19 gnG=32.49 gnD=13.49 it_per_s=9.47
2026-10-02 20:35:49,868 INFO iter=310700 epoch=45 lr=8.96e-05 G=3.602 advA2B=0.571 advB2A=0.690 cycA=0.076 cycB=0.089 idtA=0.057 idtB=0.081 D_A=0.100 D_B=0.138 D_A(real)=0.82 D_A(fake)=0.19 gnG=32.41 gnD=13.50 it_per_s=9.47
2026-10-02 20:36:00,414 INFO iter=310800 epoch=45 lr=8.96e-05 G=3.599 advA2B=0.568 advB2A=0.691 cycA=0.076 cycB=0.089 idtA=0.057 idtB=0.081 D_A=0.099 D_B=0.140 D_A(real)=0.82 D_A(fake)=0.18 gnG=32.39 gnD=13.53 it_per_s=9.47
2026-10-02 20:36:11,101 INFO iter=310900 epoch=45 lr=8.96e-05 G=3.599 advA2B=0.567 advB2A=0.688 cycA=0.076 cycB=0.089 idtA=0.057 idtB=0.081 D_A=0.099 D_B=0.138 D_A(real)=0.82 D_A(fake)=0.18 gnG=32.32 gnD=13.50 it_per_s=9.46
2026-10-02 20:36:21,670 INFO iter=311000 epoch=45 lr=8.95e-05 G=3.595 advA2B=0.570 advB2A=0.683 cycA=0.076 cycB=0.089 idtA=0.057 idtB=0.081 D_A=0.099 D_B=0.138 D_A(real)=0.81 D_A(fake)=0.19 gnG=32.50 gnD=13.49 it_per_s=9.46
2026-10-02 20:36:32,227 INFO iter=311100 epoch=45 lr=8.95e-05 G=3.593 advA2B=0.571 advB2A=0.680 cycA=0.076 cycB=0.089 idtA=0.057 idtB=0.081 D_A=0.099 D_B=0.138 D_A(real)=0.81 D_A(fake)=0.19 gnG=32.50 gnD=13.49 it_per_s=9.46
2026-10-02 20:36:42,848 INFO iter=311200 epoch=45 lr=8.95e-05 G=3.601 advA2B=0.571 advB2A=0.685 cycA=0.076 cycB=0.089 idtA=0.057 idtB=0.081 D_A=0.099 D_B=0.138 D_A(real)=0.81 D_A(fake)=0.19 gnG=32.79 gnD=13.50 it_per_s=9.46
2026-10-02 20:36:53,382 INFO iter=311300 epoch=45 lr=8.94e-05 G=3.600 advA2B=0.573 advB2A=0.683 cycA=0.076 cycB=0.089 idtA=0.057 idtB=0.082 D_A=0.098 D_B=0.138 D_A(real)=0.81 D_A(fake)=0.19 gnG=32.79 gnD=13.52 it_per_s=9.46
2026-10-02 20:37:03,932 INFO iter=311400 epoch=45 lr=8.94e-05 G=3.596 advA2B=0.569 advB2A=0.682 cycA=0.076 cycB=0.090 idtA=0.057 idtB=0.082 D_A=0.099 D_B=0.139 D_A(real)=0.81 D_A(fake)=0.19 gnG=32.60 gnD=13.63 it_per_s=9.46
2026-10-02 20:37:14,518 INFO iter=311500 epoch=45 lr=8.94e-05 G=3.586 advA2B=0.566 advB2A=0.676 cycA=0.076 cycB=0.090 idtA=0.057 idtB=0.081 D_A=0.099 D_B=0.140 D_A(real)=0.81 D_A(fake)=0.19 gnG=32.50 gnD=13.64 it_per_s=9.46
2026-10-02 20:37:25,025 INFO iter=311600 epoch=45 lr=8.93e-05 G=3.587 advA2B=0.566 advB2A=0.676 cycA=0.075 cycB=0.090 idtA=0.057 idtB=0.081 D_A=0.100 D_B=0.139 D_A(real)=0.81 D_A(fake)=0.19 gnG=32.63 gnD=13.66 it_per_s=9.46
2026-10-02 20:37:35,530 INFO iter=311700 epoch=45 lr=8.93e-05 G=3.592 advA2B=0.569 advB2A=0.676 cycA=0.075 cycB=0.090 idtA=0.057 idtB=0.082 D_A=0.100 D_B=0.139 D_A(real)=0.81 D_A(fake)=0.19 gnG=32.85 gnD=13.68 it_per_s=9.46
2026-10-02 20:37:46,112 INFO iter=311800 epoch=45 lr=8.92e-05 G=3.593 advA2B=0.569 advB2A=0.674 cycA=0.075 cycB=0.090 idtA=0.057 idtB=0.082 D_A=0.100 D_B=0.139 D_A(real)=0.81 D_A(fake)=0.19 gnG=32.83 gnD=13.64 it_per_s=9.46
2026-10-02 20:37:56,640 INFO iter=311900 epoch=45 lr=8.92e-05 G=3.594 advA2B=0.569 advB2A=0.673 cycA=0.076 cycB=0.090 idtA=0.057 idtB=0.082 D_A=0.100 D_B=0.138 D_A(real)=0.81 D_A(fake)=0.19 gnG=32.88 gnD=13.63 it_per_s=9.47
2026-10-02 20:38:07,189 INFO iter=312000 epoch=45 lr=8.92e-05 G=3.600 advA2B=0.570 advB2A=0.673 cycA=0.076 cycB=0.090 idtA=0.057 idtB=0.082 D_A=0.100 D_B=0.138 D_A(real)=0.81 D_A(fake)=0.19 gnG=32.87 gnD=13.60 it_per_s=9.47
2026-10-02 20:38:17,749 INFO iter=312100 epoch=45 lr=8.91e-05 G=3.596 advA2B=0.568 advB2A=0.672 cycA=0.076 cycB=0.090 idtA=0.057 idtB=0.082 D_A=0.101 D_B=0.138 D_A(real)=0.81 D_A(fake)=0.19 gnG=32.88 gnD=13.58 it_per_s=9.47
2026-10-02 20:38:28,281 INFO iter=312200 epoch=45 lr=8.91e-05 G=3.597 advA2B=0.567 advB2A=0.672 cycA=0.076 cycB=0.091 idtA=0.057 idtB=0.082 D_A=0.101 D_B=0.138 D_A(real)=0.81 D_A(fake)=0.19 gnG=32.92 gnD=13.63 it_per_s=9.47
2026-10-02 20:38:38,814 INFO iter=312300 epoch=45 lr=8.91e-05 G=3.597 advA2B=0.566 advB2A=0.673 cycA=0.076 cycB=0.091 idtA=0.057 idtB=0.082 D_A=0.101 D_B=0.139 D_A(real)=0.81 D_A(fake)=0.19 gnG=33.04 gnD=13.64 it_per_s=9.47
2026-10-02 20:38:49,347 INFO iter=312400 epoch=45 lr=8.90e-05 G=3.596 advA2B=0.567 advB2A=0.670 cycA=0.075 cycB=0.091 idtA=0.057 idtB=0.082 D_A=0.101 D_B=0.139 D_A(real)=0.81 D_A(fake)=0.19 gnG=33.10 gnD=13.65 it_per_s=9.47
2026-10-02 20:38:59,862 INFO iter=312500 epoch=45 lr=8.90e-05 G=3.601 advA2B=0.568 advB2A=0.672 cycA=0.076 cycB=0.091 idtA=0.057 idtB=0.082 D_A=0.101 D_B=0.139 D_A(real)=0.81 D_A(fake)=0.19 gnG=33.19 gnD=13.65 it_per_s=9.47
2026-10-02 20:39:10,340 INFO iter=312600 epoch=45 lr=8.90e-05 G=3.601 advA2B=0.568 advB2A=0.670 cycA=0.076 cycB=0.091 idtA=0.057 idtB=0.083 D_A=0.101 D_B=0.139 D_A(real)=0.81 D_A(fake)=0.19 gnG=33.25 gnD=13.62 it_per_s=9.47
2026-10-02 20:39:20,891 INFO iter=312700 epoch=45 lr=8.89e-05 G=3.603 advA2B=0.567 advB2A=0.671 cycA=0.076 cycB=0.091 idtA=0.057 idtB=0.083 D_A=0.101 D_B=0.139 D_A(real)=0.81 D_A(fake)=0.19 gnG=33.18 gnD=13.63 it_per_s=9.47
2026-10-02 20:39:31,509 INFO iter=312800 epoch=45 lr=8.89e-05 G=3.599 advA2B=0.567 advB2A=0.669 cycA=0.076 cycB=0.091 idtA=0.057 idtB=0.082 D_A=0.101 D_B=0.139 D_A(real)=0.81 D_A(fake)=0.19 gnG=33.16 gnD=13.62 it_per_s=9.47
2026-10-02 20:39:42,188 INFO iter=312900 epoch=45 lr=8.89e-05 G=3.597 advA2B=0.568 advB2A=0.669 cycA=0.076 cycB=0.091 idtA=0.057 idtB=0.082 D_A=0.101 D_B=0.139 D_A(real)=0.81 D_A(fake)=0.19 gnG=33.10 gnD=13.64 it_per_s=9.47
2026-10-02 20:39:52,780 INFO iter=313000 epoch=45 lr=8.88e-05 G=3.595 advA2B=0.568 advB2A=0.670 cycA=0.076 cycB=0.091 idtA=0.057 idtB=0.082 D_A=0.101 D_B=0.139 D_A(real)=0.81 D_A(fake)=0.19 gnG=33.08 gnD=13.61 it_per_s=9.47
2026-10-02 20:40:03,319 INFO iter=313100 epoch=45 lr=8.88e-05 G=3.597 advA2B=0.567 advB2A=0.670 cycA=0.076 cycB=0.091 idtA=0.057 idtB=0.082 D_A=0.101 D_B=0.139 D_A(real)=0.81 D_A(fake)=0.19 gnG=33.08 gnD=13.60 it_per_s=9.47
2026-10-02 20:40:13,840 INFO iter=313200 epoch=45 lr=8.87e-05 G=3.599 advA2B=0.569 advB2A=0.672 cycA=0.076 cycB=0.091 idtA=0.057 idtB=0.082 D_A=0.101 D_B=0.138 D_A(real)=0.81 D_A(fake)=0.19 gnG=33.08 gnD=13.61 it_per_s=9.47
2026-10-02 20:40:24,400 INFO iter=313300 epoch=45 lr=8.87e-05 G=3.600 advA2B=0.568 advB2A=0.671 cycA=0.076 cycB=0.091 idtA=0.057 idtB=0.082 D_A=0.101 D_B=0.139 D_A(real)=0.81 D_A(fake)=0.19 gnG=33.02 gnD=13.63 it_per_s=9.47
2026-10-02 20:40:34,963 INFO iter=313400 epoch=45 lr=8.87e-05 G=3.605 advA2B=0.567 advB2A=0.673 cycA=0.076 cycB=0.091 idtA=0.057 idtB=0.083 D_A=0.101 D_B=0.139 D_A(real)=0.81 D_A(fake)=0.19 gnG=33.05 gnD=13.63 it_per_s=9.47
2026-10-02 20:40:45,460 INFO iter=313500 epoch=45 lr=8.86e-05 G=3.607 advA2B=0.566 advB2A=0.674 cycA=0.076 cycB=0.091 idtA=0.057 idtB=0.083 D_A=0.101 D_B=0.139 D_A(real)=0.81 D_A(fake)=0.19 gnG=33.12 gnD=13.64 it_per_s=9.47
2026-10-02 20:40:55,994 INFO iter=313600 epoch=45 lr=8.86e-05 G=3.605 advA2B=0.566 advB2A=0.673 cycA=0.076 cycB=0.091 idtA=0.057 idtB=0.083 D_A=0.101 D_B=0.139 D_A(real)=0.81 D_A(fake)=0.19 gnG=33.08 gnD=13.64 it_per_s=9.47
2026-10-02 20:41:06,575 INFO iter=313700 epoch=45 lr=8.86e-05 G=3.603 advA2B=0.566 advB2A=0.673 cycA=0.075 cycB=0.091 idtA=0.057 idtB=0.083 D_A=0.101 D_B=0.139 D_A(real)=0.81 D_A(fake)=0.19 gnG=33.09 gnD=13.66 it_per_s=9.47
2026-10-02 20:41:17,143 INFO iter=313800 epoch=45 lr=8.85e-05 G=3.603 advA2B=0.566 advB2A=0.672 cycA=0.076 cycB=0.091 idtA=0.057 idtB=0.083 D_A=0.101 D_B=0.139 D_A(real)=0.81 D_A(fake)=0.19 gnG=33.04 gnD=13.66 it_per_s=9.47
2026-10-02 20:41:27,693 INFO iter=313900 epoch=45 lr=8.85e-05 G=3.603 advA2B=0.566 advB2A=0.673 cycA=0.075 cycB=0.091 idtA=0.057 idtB=0.083 D_A=0.101 D_B=0.139 D_A(real)=0.81 D_A(fake)=0.19 gnG=33.02 gnD=13.66 it_per_s=9.47
2026-10-02 20:41:38,392 INFO iter=314000 epoch=45 lr=8.85e-05 G=3.607 advA2B=0.566 advB2A=0.675 cycA=0.076 cycB=0.091 idtA=0.057 idtB=0.083 D_A=0.101 D_B=0.138 D_A(real)=0.81 D_A(fake)=0.19 gnG=33.02 gnD=13.66 it_per_s=9.47
2026-10-02 20:41:48,885 INFO iter=314100 epoch=45 lr=8.84e-05 G=3.609 advA2B=0.567 advB2A=0.675 cycA=0.076 cycB=0.091 idtA=0.057 idtB=0.083 D_A=0.101 D_B=0.139 D_A(real)=0.81 D_A(fake)=0.19 gnG=33.03 gnD=13.68 it_per_s=9.47
2026-10-02 20:41:59,436 INFO iter=314200 epoch=45 lr=8.84e-05 G=3.609 advA2B=0.567 advB2A=0.675 cycA=0.075 cycB=0.091 idtA=0.057 idtB=0.083 D_A=0.101 D_B=0.139 D_A(real)=0.81 D_A(fake)=0.19 gnG=33.06 gnD=13.68 it_per_s=9.47
2026-10-02 20:42:10,012 INFO iter=314300 epoch=45 lr=8.84e-05 G=3.611 advA2B=0.566 advB2A=0.677 cycA=0.075 cycB=0.091 idtA=0.057 idtB=0.083 D_A=0.102 D_B=0.139 D_A(real)=0.81 D_A(fake)=0.19 gnG=33.03 gnD=13.69 it_per_s=9.47
2026-10-02 20:42:20,542 INFO iter=314400 epoch=45 lr=8.83e-05 G=3.613 advA2B=0.568 advB2A=0.677 cycA=0.075 cycB=0.091 idtA=0.057 idtB=0.083 D_A=0.102 D_B=0.139 D_A(real)=0.81 D_A(fake)=0.19 gnG=33.03 gnD=13.70 it_per_s=9.47
2026-10-02 20:42:31,134 INFO iter=314500 epoch=45 lr=8.83e-05 G=3.613 advA2B=0.568 advB2A=0.678 cycA=0.075 cycB=0.091 idtA=0.057 idtB=0.083 D_A=0.101 D_B=0.139 D_A(real)=0.81 D_A(fake)=0.19 gnG=33.02 gnD=13.70 it_per_s=9.47
2026-10-02 20:42:41,743 INFO iter=314600 epoch=45 lr=8.82e-05 G=3.621 advA2B=0.569 advB2A=0.679 cycA=0.075 cycB=0.092 idtA=0.057 idtB=0.083 D_A=0.101 D_B=0.138 D_A(real)=0.81 D_A(fake)=0.19 gnG=33.20 gnD=13.68 it_per_s=9.47
2026-10-02 20:42:52,288 INFO iter=314700 epoch=45 lr=8.82e-05 G=3.620 advA2B=0.570 advB2A=0.678 cycA=0.075 cycB=0.092 idtA=0.057 idtB=0.083 D_A=0.101 D_B=0.138 D_A(real)=0.81 D_A(fake)=0.19 gnG=33.22 gnD=13.67 it_per_s=9.47
2026-10-02 20:43:02,760 INFO iter=314800 epoch=45 lr=8.82e-05 G=3.619 advA2B=0.570 advB2A=0.677 cycA=0.075 cycB=0.092 idtA=0.057 idtB=0.083 D_A=0.101 D_B=0.138 D_A(real)=0.81 D_A(fake)=0.19 gnG=33.17 gnD=13.68 it_per_s=9.47
2026-10-02 20:43:13,311 INFO iter=314900 epoch=45 lr=8.81e-05 G=3.620 advA2B=0.571 advB2A=0.678 cycA=0.075 cycB=0.092 idtA=0.057 idtB=0.083 D_A=0.101 D_B=0.138 D_A(real)=0.81 D_A(fake)=0.19 gnG=33.17 gnD=13.65 it_per_s=9.47
2026-10-02 20:43:23,845 INFO iter=315000 epoch=45 lr=8.81e-05 G=3.618 advA2B=0.570 advB2A=0.678 cycA=0.075 cycB=0.092 idtA=0.057 idtB=0.083 D_A=0.101 D_B=0.138 D_A(real)=0.81 D_A(fake)=0.19 gnG=33.15 gnD=13.67 it_per_s=9.47
2026-10-02 20:43:34,332 INFO iter=315100 epoch=45 lr=8.81e-05 G=3.617 advA2B=0.569 advB2A=0.679 cycA=0.075 cycB=0.092 idtA=0.057 idtB=0.083 D_A=0.101 D_B=0.138 D_A(real)=0.81 D_A(fake)=0.19 gnG=33.14 gnD=13.68 it_per_s=9.47
2026-10-02 20:43:44,900 INFO iter=315200 epoch=45 lr=8.80e-05 G=3.617 advA2B=0.569 advB2A=0.680 cycA=0.075 cycB=0.092 idtA=0.057 idtB=0.083 D_A=0.101 D_B=0.138 D_A(real)=0.81 D_A(fake)=0.19 gnG=33.13 gnD=13.69 it_per_s=9.47
2026-10-02 20:43:55,486 INFO iter=315300 epoch=45 lr=8.80e-05 G=3.616 advA2B=0.568 advB2A=0.679 cycA=0.075 cycB=0.092 idtA=0.057 idtB=0.083 D_A=0.101 D_B=0.139 D_A(real)=0.81 D_A(fake)=0.19 gnG=33.12 gnD=13.69 it_per_s=9.47
2026-10-02 20:44:06,057 INFO iter=315400 epoch=45 lr=8.80e-05 G=3.615 advA2B=0.568 advB2A=0.679 cycA=0.075 cycB=0.092 idtA=0.057 idtB=0.083 D_A=0.101 D_B=0.139 D_A(real)=0.81 D_A(fake)=0.19 gnG=33.06 gnD=13.69 it_per_s=9.47
2026-10-02 20:44:16,638 INFO iter=315500 epoch=45 lr=8.79e-05 G=3.616 advA2B=0.569 advB2A=0.680 cycA=0.075 cycB=0.092 idtA=0.057 idtB=0.083 D_A=0.101 D_B=0.139 D_A(real)=0.81 D_A(fake)=0.19 gnG=33.04 gnD=13.69 it_per_s=9.47
2026-10-02 20:44:27,193 INFO iter=315600 epoch=45 lr=8.79e-05 G=3.618 advA2B=0.569 advB2A=0.680 cycA=0.075 cycB=0.092 idtA=0.057 idtB=0.083 D_A=0.101 D_B=0.138 D_A(real)=0.81 D_A(fake)=0.19 gnG=33.02 gnD=13.67 it_per_s=9.47
2026-10-02 20:44:37,804 INFO iter=315700 epoch=45 lr=8.79e-05 G=3.619 advA2B=0.569 advB2A=0.680 cycA=0.075 cycB=0.092 idtA=0.057 idtB=0.083 D_A=0.100 D_B=0.138 D_A(real)=0.81 D_A(fake)=0.19 gnG=33.02 gnD=13.66 it_per_s=9.47
2026-10-02 20:44:48,471 INFO iter=315800 epoch=45 lr=8.78e-05 G=3.620 advA2B=0.569 advB2A=0.681 cycA=0.075 cycB=0.092 idtA=0.057 idtB=0.083 D_A=0.101 D_B=0.138 D_A(real)=0.81 D_A(fake)=0.19 gnG=33.01 gnD=13.65 it_per_s=9.47
2026-10-02 20:44:59,072 INFO iter=315900 epoch=45 lr=8.78e-05 G=3.620 advA2B=0.569 advB2A=0.680 cycA=0.075 cycB=0.092 idtA=0.057 idtB=0.083 D_A=0.101 D_B=0.138 D_A(real)=0.81 D_A(fake)=0.19 gnG=33.04 gnD=13.65 it_per_s=9.47
2026-10-02 20:45:09,648 INFO iter=316000 epoch=45 lr=8.78e-05 G=3.621 advA2B=0.569 advB2A=0.681 cycA=0.075 cycB=0.092 idtA=0.057 idtB=0.083 D_A=0.101 D_B=0.138 D_A(real)=0.81 D_A(fake)=0.19 gnG=33.02 gnD=13.67 it_per_s=9.47
2026-10-02 20:45:20,165 INFO iter=316100 epoch=45 lr=8.77e-05 G=3.622 advA2B=0.570 advB2A=0.681 cycA=0.075 cycB=0.092 idtA=0.057 idtB=0.083 D_A=0.101 D_B=0.138 D_A(real)=0.81 D_A(fake)=0.19 gnG=33.05 gnD=13.68 it_per_s=9.47
2026-10-02 20:45:30,748 INFO iter=316200 epoch=45 lr=8.77e-05 G=3.623 advA2B=0.572 advB2A=0.680 cycA=0.075 cycB=0.092 idtA=0.057 idtB=0.083 D_A=0.101 D_B=0.138 D_A(real)=0.81 D_A(fake)=0.19 gnG=33.09 gnD=13.68 it_per_s=9.47
2026-10-02 20:45:41,273 INFO iter=316300 epoch=45 lr=8.76e-05 G=3.624 advA2B=0.572 advB2A=0.681 cycA=0.075 cycB=0.092 idtA=0.057 idtB=0.083 D_A=0.100 D_B=0.139 D_A(real)=0.81 D_A(fake)=0.19 gnG=33.01 gnD=13.66 it_per_s=9.47
2026-10-02 20:45:51,791 INFO iter=316400 epoch=45 lr=8.76e-05 G=3.622 advA2B=0.572 advB2A=0.680 cycA=0.075 cycB=0.092 idtA=0.057 idtB=0.083 D_A=0.100 D_B=0.138 D_A(real)=0.81 D_A(fake)=0.19 gnG=32.97 gnD=13.65 it_per_s=9.47
2026-10-02 20:46:02,369 INFO iter=316500 epoch=45 lr=8.76e-05 G=3.621 advA2B=0.571 advB2A=0.680 cycA=0.075 cycB=0.092 idtA=0.057 idtB=0.083 D_A=0.100 D_B=0.138 D_A(real)=0.81 D_A(fake)=0.19 gnG=32.95 gnD=13.64 it_per_s=9.47
2026-10-02 20:46:12,938 INFO iter=316600 epoch=45 lr=8.75e-05 G=3.620 advA2B=0.571 advB2A=0.680 cycA=0.075 cycB=0.092 idtA=0.057 idtB=0.083 D_A=0.100 D_B=0.138 D_A(real)=0.81 D_A(fake)=0.19 gnG=32.95 gnD=13.65 it_per_s=9.47
2026-10-02 20:46:23,539 INFO iter=316700 epoch=45 lr=8.75e-05 G=3.621 advA2B=0.572 advB2A=0.680 cycA=0.075 cycB=0.092 idtA=0.057 idtB=0.083 D_A=0.101 D_B=0.138 D_A(real)=0.81 D_A(fake)=0.19 gnG=32.94 gnD=13.67 it_per_s=9.47
2026-10-02 20:46:24,577 INFO epoch=45 done time_s=743 it_per_s=9.47 G=3.621 cycA=0.075 cycB=0.092 idtA=0.057 idtB=0.083 D_A=0.101 D_B=0.138 D_A(real)=0.81 D_A(fake)=0.19 nan_count=0
2026-10-02 20:46:34,864 INFO iter=316800 epoch=46 lr=8.75e-05 G=3.458 advA2B=0.543 advB2A=0.616 cycA=0.075 cycB=0.086 idtA=0.054 idtB=0.083 D_A=0.097 D_B=0.125 D_A(real)=0.81 D_A(fake)=0.19 gnG=28.94 gnD=12.81 it_per_s=9.34
2026-10-02 20:46:47,604 INFO iter=316900 epoch=46 lr=8.74e-05 G=3.497 advA2B=0.553 advB2A=0.625 cycA=0.075 cycB=0.087 idtA=0.056 idtB=0.082 D_A=0.100 D_B=0.132 D_A(real)=0.80 D_A(fake)=0.20 gnG=29.83 gnD=13.14 it_per_s=8.49
2026-10-02 20:47:00,432 INFO iter=317000 epoch=46 lr=8.74e-05 G=3.547 advA2B=0.552 advB2A=0.650 cycA=0.075 cycB=0.089 idtA=0.056 idtB=0.084 D_A=0.098 D_B=0.131 D_A(real)=0.81 D_A(fake)=0.19 gnG=31.18 gnD=13.15 it_per_s=8.24
2026-10-02 20:47:12,016 INFO iter=317100 epoch=46 lr=8.74e-05 G=3.555 advA2B=0.544 advB2A=0.662 cycA=0.075 cycB=0.090 idtA=0.056 idtB=0.083 D_A=0.096 D_B=0.137 D_A(real)=0.81 D_A(fake)=0.19 gnG=31.16 gnD=13.12 it_per_s=8.34
2026-10-02 20:47:22,941 INFO iter=317200 epoch=46 lr=8.73e-05 G=3.567 advA2B=0.549 advB2A=0.671 cycA=0.075 cycB=0.090 idtA=0.056 idtB=0.083 D_A=0.095 D_B=0.136 D_A(real)=0.81 D_A(fake)=0.19 gnG=31.47 gnD=13.15 it_per_s=8.49
2026-10-02 20:47:33,884 INFO iter=317300 epoch=46 lr=8.73e-05 G=3.576 advA2B=0.551 advB2A=0.672 cycA=0.075 cycB=0.091 idtA=0.056 idtB=0.083 D_A=0.098 D_B=0.140 D_A(real)=0.81 D_A(fake)=0.19 gnG=31.58 gnD=13.45 it_per_s=8.59
2026-10-02 20:47:44,701 INFO iter=317400 epoch=46 lr=8.73e-05 G=3.594 advA2B=0.555 advB2A=0.680 cycA=0.075 cycB=0.091 idtA=0.056 idtB=0.084 D_A=0.099 D_B=0.137 D_A(real)=0.81 D_A(fake)=0.19 gnG=31.70 gnD=13.33 it_per_s=8.68
2026-10-02 20:47:55,290 INFO iter=317500 epoch=46 lr=8.72e-05 G=3.602 advA2B=0.561 advB2A=0.678 cycA=0.075 cycB=0.091 idtA=0.057 idtB=0.084 D_A=0.097 D_B=0.138 D_A(real)=0.81 D_A(fake)=0.19 gnG=31.90 gnD=13.28 it_per_s=8.77
2026-10-02 20:48:06,067 INFO iter=317600 epoch=46 lr=8.72e-05 G=3.597 advA2B=0.564 advB2A=0.677 cycA=0.075 cycB=0.091 idtA=0.056 idtB=0.083 D_A=0.098 D_B=0.137 D_A(real)=0.81 D_A(fake)=0.19 gnG=32.07 gnD=13.30 it_per_s=8.83
2026-10-02 20:48:16,969 INFO iter=317700 epoch=46 lr=8.71e-05 G=3.598 advA2B=0.564 advB2A=0.675 cycA=0.075 cycB=0.091 idtA=0.057 idtB=0.083 D_A=0.098 D_B=0.137 D_A(real)=0.81 D_A(fake)=0.19 gnG=32.31 gnD=13.27 it_per_s=8.86
2026-10-02 20:48:27,874 INFO iter=317800 epoch=46 lr=8.71e-05 G=3.612 advA2B=0.564 advB2A=0.683 cycA=0.075 cycB=0.091 idtA=0.057 idtB=0.084 D_A=0.098 D_B=0.137 D_A(real)=0.81 D_A(fake)=0.19 gnG=32.46 gnD=13.26 it_per_s=8.89
2026-10-02 20:48:38,689 INFO iter=317900 epoch=46 lr=8.71e-05 G=3.617 advA2B=0.570 advB2A=0.685 cycA=0.075 cycB=0.091 idtA=0.057 idtB=0.083 D_A=0.099 D_B=0.136 D_A(real)=0.81 D_A(fake)=0.19 gnG=32.61 gnD=13.27 it_per_s=8.92
2026-10-02 20:48:49,527 INFO iter=318000 epoch=46 lr=8.70e-05 G=3.608 advA2B=0.568 advB2A=0.679 cycA=0.075 cycB=0.091 idtA=0.057 idtB=0.083 D_A=0.099 D_B=0.135 D_A(real)=0.81 D_A(fake)=0.19 gnG=32.51 gnD=13.31 it_per_s=8.94
2026-10-02 20:49:00,346 INFO iter=318100 epoch=46 lr=8.70e-05 G=3.616 advA2B=0.573 advB2A=0.684 cycA=0.075 cycB=0.091 idtA=0.057 idtB=0.083 D_A=0.099 D_B=0.137 D_A(real)=0.82 D_A(fake)=0.18 gnG=32.60 gnD=13.33 it_per_s=8.96
2026-10-02 20:49:11,187 INFO iter=318200 epoch=46 lr=8.70e-05 G=3.609 advA2B=0.572 advB2A=0.684 cycA=0.075 cycB=0.090 idtA=0.057 idtB=0.083 D_A=0.099 D_B=0.137 D_A(real)=0.81 D_A(fake)=0.19 gnG=32.80 gnD=13.37 it_per_s=8.98
2026-10-02 20:49:22,048 INFO iter=318300 epoch=46 lr=8.69e-05 G=3.605 advA2B=0.570 advB2A=0.685 cycA=0.075 cycB=0.090 idtA=0.057 idtB=0.083 D_A=0.099 D_B=0.137 D_A(real)=0.81 D_A(fake)=0.19 gnG=32.70 gnD=13.36 it_per_s=8.99
2026-10-02 20:49:32,924 INFO iter=318400 epoch=46 lr=8.69e-05 G=3.609 advA2B=0.570 advB2A=0.686 cycA=0.075 cycB=0.090 idtA=0.057 idtB=0.083 D_A=0.100 D_B=0.137 D_A(real)=0.81 D_A(fake)=0.19 gnG=32.67 gnD=13.37 it_per_s=9.00
2026-10-02 20:49:43,701 INFO iter=318500 epoch=46 lr=8.69e-05 G=3.609 advA2B=0.569 advB2A=0.689 cycA=0.075 cycB=0.090 idtA=0.057 idtB=0.082 D_A=0.100 D_B=0.136 D_A(real)=0.81 D_A(fake)=0.19 gnG=32.57 gnD=13.38 it_per_s=9.02
2026-10-02 20:49:54,564 INFO iter=318600 epoch=46 lr=8.68e-05 G=3.615 advA2B=0.570 advB2A=0.691 cycA=0.075 cycB=0.091 idtA=0.057 idtB=0.083 D_A=0.100 D_B=0.136 D_A(real)=0.81 D_A(fake)=0.19 gnG=32.59 gnD=13.40 it_per_s=9.03
2026-10-02 20:50:05,480 INFO iter=318700 epoch=46 lr=8.68e-05 G=3.616 advA2B=0.568 advB2A=0.692 cycA=0.075 cycB=0.091 idtA=0.057 idtB=0.082 D_A=0.100 D_B=0.137 D_A(real)=0.81 D_A(fake)=0.19 gnG=32.69 gnD=13.42 it_per_s=9.04
2026-10-02 20:50:16,380 INFO iter=318800 epoch=46 lr=8.68e-05 G=3.614 advA2B=0.567 advB2A=0.692 cycA=0.075 cycB=0.091 idtA=0.057 idtB=0.082 D_A=0.099 D_B=0.137 D_A(real)=0.81 D_A(fake)=0.19 gnG=32.58 gnD=13.39 it_per_s=9.04
2026-10-02 20:50:27,225 INFO iter=318900 epoch=46 lr=8.67e-05 G=3.619 advA2B=0.570 advB2A=0.694 cycA=0.075 cycB=0.091 idtA=0.057 idtB=0.082 D_A=0.099 D_B=0.137 D_A(real)=0.81 D_A(fake)=0.19 gnG=32.57 gnD=13.39 it_per_s=9.05
2026-10-02 20:50:38,167 INFO iter=319000 epoch=46 lr=8.67e-05 G=3.625 advA2B=0.571 advB2A=0.697 cycA=0.075 cycB=0.091 idtA=0.057 idtB=0.082 D_A=0.099 D_B=0.138 D_A(real)=0.81 D_A(fake)=0.19 gnG=32.71 gnD=13.39 it_per_s=9.05
2026-10-02 20:50:49,075 INFO iter=319100 epoch=46 lr=8.67e-05 G=3.628 advA2B=0.573 advB2A=0.698 cycA=0.075 cycB=0.091 idtA=0.057 idtB=0.082 D_A=0.099 D_B=0.137 D_A(real)=0.82 D_A(fake)=0.18 gnG=32.77 gnD=13.36 it_per_s=9.06
2026-10-02 20:50:59,929 INFO iter=319200 epoch=46 lr=8.66e-05 G=3.629 advA2B=0.572 advB2A=0.699 cycA=0.075 cycB=0.091 idtA=0.057 idtB=0.082 D_A=0.099 D_B=0.137 D_A(real)=0.81 D_A(fake)=0.19 gnG=32.80 gnD=13.35 it_per_s=9.06
2026-10-02 20:51:10,733 INFO iter=319300 epoch=46 lr=8.66e-05 G=3.630 advA2B=0.572 advB2A=0.699 cycA=0.075 cycB=0.091 idtA=0.057 idtB=0.082 D_A=0.099 D_B=0.137 D_A(real)=0.81 D_A(fake)=0.19 gnG=32.87 gnD=13.34 it_per_s=9.07
2026-10-02 20:51:21,602 INFO iter=319400 epoch=46 lr=8.65e-05 G=3.637 advA2B=0.578 advB2A=0.700 cycA=0.075 cycB=0.091 idtA=0.057 idtB=0.082 D_A=0.099 D_B=0.136 D_A(real)=0.81 D_A(fake)=0.19 gnG=33.36 gnD=13.33 it_per_s=9.08
2026-10-02 20:51:32,465 INFO iter=319500 epoch=46 lr=8.65e-05 G=3.650 advA2B=0.585 advB2A=0.701 cycA=0.076 cycB=0.091 idtA=0.057 idtB=0.083 D_A=0.099 D_B=0.136 D_A(real)=0.81 D_A(fake)=0.19 gnG=33.58 gnD=13.31 it_per_s=9.08
2026-10-02 20:51:43,399 INFO iter=319600 epoch=46 lr=8.65e-05 G=3.654 advA2B=0.590 advB2A=0.698 cycA=0.076 cycB=0.091 idtA=0.057 idtB=0.083 D_A=0.099 D_B=0.135 D_A(real)=0.81 D_A(fake)=0.19 gnG=33.65 gnD=13.27 it_per_s=9.08
2026-10-02 20:51:54,179 INFO iter=319700 epoch=46 lr=8.64e-05 G=3.668 advA2B=0.595 advB2A=0.700 cycA=0.076 cycB=0.091 idtA=0.057 idtB=0.083 D_A=0.099 D_B=0.134 D_A(real)=0.81 D_A(fake)=0.19 gnG=34.00 gnD=13.22 it_per_s=9.09
2026-10-02 20:52:05,187 INFO iter=319800 epoch=46 lr=8.64e-05 G=3.677 advA2B=0.602 advB2A=0.700 cycA=0.076 cycB=0.091 idtA=0.057 idtB=0.084 D_A=0.099 D_B=0.133 D_A(real)=0.81 D_A(fake)=0.19 gnG=34.24 gnD=13.18 it_per_s=9.09
2026-10-02 20:52:15,983 INFO iter=319900 epoch=46 lr=8.64e-05 G=3.686 advA2B=0.607 advB2A=0.703 cycA=0.076 cycB=0.091 idtA=0.057 idtB=0.084 D_A=0.098 D_B=0.132 D_A(real)=0.82 D_A(fake)=0.18 gnG=34.65 gnD=13.16 it_per_s=9.09
2026-10-02 20:52:26,568 INFO iter=320000 epoch=46 lr=8.63e-05 G=3.693 advA2B=0.612 advB2A=0.703 cycA=0.076 cycB=0.091 idtA=0.057 idtB=0.085 D_A=0.098 D_B=0.131 D_A(real)=0.82 D_A(fake)=0.18 gnG=35.07 gnD=13.13 it_per_s=9.10
2026-10-02 20:52:37,159 INFO iter=320100 epoch=46 lr=8.63e-05 G=3.703 advA2B=0.616 advB2A=0.703 cycA=0.076 cycB=0.092 idtA=0.057 idtB=0.085 D_A=0.098 D_B=0.130 D_A(real)=0.82 D_A(fake)=0.18 gnG=35.18 gnD=13.09 it_per_s=9.11
2026-10-02 20:52:47,743 INFO iter=320200 epoch=46 lr=8.63e-05 G=3.711 advA2B=0.621 advB2A=0.704 cycA=0.076 cycB=0.092 idtA=0.057 idtB=0.085 D_A=0.098 D_B=0.129 D_A(real)=0.82 D_A(fake)=0.18 gnG=35.36 gnD=13.07 it_per_s=9.12
2026-10-02 20:52:58,300 INFO iter=320300 epoch=46 lr=8.62e-05 G=3.712 advA2B=0.623 advB2A=0.704 cycA=0.076 cycB=0.092 idtA=0.057 idtB=0.085 D_A=0.098 D_B=0.129 D_A(real)=0.82 D_A(fake)=0.18 gnG=35.34 gnD=13.05 it_per_s=9.13
2026-10-02 20:53:08,949 INFO iter=320400 epoch=46 lr=8.62e-05 G=3.713 advA2B=0.624 advB2A=0.704 cycA=0.076 cycB=0.092 idtA=0.057 idtB=0.085 D_A=0.098 D_B=0.128 D_A(real)=0.82 D_A(fake)=0.18 gnG=35.47 gnD=13.02 it_per_s=9.14
2026-10-02 20:53:19,542 INFO iter=320500 epoch=46 lr=8.62e-05 G=3.717 advA2B=0.626 advB2A=0.706 cycA=0.076 cycB=0.092 idtA=0.057 idtB=0.085 D_A=0.098 D_B=0.127 D_A(real)=0.82 D_A(fake)=0.18 gnG=35.56 gnD=12.95 it_per_s=9.15
2026-10-02 20:53:30,306 INFO iter=320600 epoch=46 lr=8.61e-05 G=3.720 advA2B=0.627 advB2A=0.706 cycA=0.076 cycB=0.092 idtA=0.057 idtB=0.086 D_A=0.098 D_B=0.127 D_A(real)=0.82 D_A(fake)=0.18 gnG=35.67 gnD=12.92 it_per_s=9.15
2026-10-02 20:53:40,918 INFO iter=320700 epoch=46 lr=8.61e-05 G=3.721 advA2B=0.626 advB2A=0.706 cycA=0.076 cycB=0.092 idtA=0.057 idtB=0.086 D_A=0.097 D_B=0.126 D_A(real)=0.82 D_A(fake)=0.18 gnG=35.63 gnD=12.88 it_per_s=9.16
2026-10-02 20:53:51,541 INFO iter=320800 epoch=46 lr=8.60e-05 G=3.720 advA2B=0.626 advB2A=0.706 cycA=0.076 cycB=0.092 idtA=0.057 idtB=0.086 D_A=0.097 D_B=0.126 D_A(real)=0.82 D_A(fake)=0.18 gnG=35.61 gnD=12.85 it_per_s=9.16
2026-10-02 20:54:02,165 INFO iter=320900 epoch=46 lr=8.60e-05 G=3.720 advA2B=0.625 advB2A=0.707 cycA=0.076 cycB=0.092 idtA=0.057 idtB=0.086 D_A=0.097 D_B=0.126 D_A(real)=0.82 D_A(fake)=0.18 gnG=35.54 gnD=12.86 it_per_s=9.17
2026-10-02 20:54:12,772 INFO iter=321000 epoch=46 lr=8.60e-05 G=3.720 advA2B=0.625 advB2A=0.707 cycA=0.076 cycB=0.092 idtA=0.057 idtB=0.086 D_A=0.097 D_B=0.126 D_A(real)=0.82 D_A(fake)=0.18 gnG=35.49 gnD=12.86 it_per_s=9.18
2026-10-02 20:54:23,362 INFO iter=321100 epoch=46 lr=8.59e-05 G=3.718 advA2B=0.623 advB2A=0.707 cycA=0.076 cycB=0.092 idtA=0.057 idtB=0.086 D_A=0.097 D_B=0.126 D_A(real)=0.82 D_A(fake)=0.18 gnG=35.45 gnD=12.85 it_per_s=9.18
2026-10-02 20:54:34,029 INFO iter=321200 epoch=46 lr=8.59e-05 G=3.719 advA2B=0.624 advB2A=0.708 cycA=0.076 cycB=0.092 idtA=0.057 idtB=0.085 D_A=0.097 D_B=0.126 D_A(real)=0.82 D_A(fake)=0.18 gnG=35.31 gnD=12.87 it_per_s=9.19
2026-10-02 20:54:44,650 INFO iter=321300 epoch=46 lr=8.59e-05 G=3.716 advA2B=0.623 advB2A=0.707 cycA=0.076 cycB=0.092 idtA=0.057 idtB=0.085 D_A=0.097 D_B=0.127 D_A(real)=0.82 D_A(fake)=0.18 gnG=35.17 gnD=12.87 it_per_s=9.19
2026-10-02 20:54:55,257 INFO iter=321400 epoch=46 lr=8.58e-05 G=3.715 advA2B=0.622 advB2A=0.707 cycA=0.076 cycB=0.092 idtA=0.057 idtB=0.085 D_A=0.097 D_B=0.126 D_A(real)=0.82 D_A(fake)=0.18 gnG=35.15 gnD=12.88 it_per_s=9.20
2026-10-02 20:55:05,949 INFO iter=321500 epoch=46 lr=8.58e-05 G=3.711 advA2B=0.620 advB2A=0.706 cycA=0.076 cycB=0.092 idtA=0.057 idtB=0.085 D_A=0.097 D_B=0.126 D_A(real)=0.82 D_A(fake)=0.18 gnG=35.06 gnD=12.89 it_per_s=9.20
2026-10-02 20:55:16,585 INFO iter=321600 epoch=46 lr=8.58e-05 G=3.712 advA2B=0.620 advB2A=0.707 cycA=0.076 cycB=0.092 idtA=0.057 idtB=0.085 D_A=0.097 D_B=0.127 D_A(real)=0.82 D_A(fake)=0.18 gnG=35.00 gnD=12.89 it_per_s=9.20
2026-10-02 20:55:27,251 INFO iter=321700 epoch=46 lr=8.57e-05 G=3.711 advA2B=0.619 advB2A=0.707 cycA=0.076 cycB=0.092 idtA=0.057 idtB=0.085 D_A=0.096 D_B=0.127 D_A(real)=0.82 D_A(fake)=0.18 gnG=34.99 gnD=12.90 it_per_s=9.21
2026-10-02 20:55:37,883 INFO iter=321800 epoch=46 lr=8.57e-05 G=3.709 advA2B=0.618 advB2A=0.707 cycA=0.076 cycB=0.092 idtA=0.057 idtB=0.085 D_A=0.096 D_B=0.128 D_A(real)=0.82 D_A(fake)=0.18 gnG=34.96 gnD=12.91 it_per_s=9.21
2026-10-02 20:55:48,510 INFO iter=321900 epoch=46 lr=8.57e-05 G=3.706 advA2B=0.617 advB2A=0.707 cycA=0.076 cycB=0.091 idtA=0.057 idtB=0.085 D_A=0.096 D_B=0.128 D_A(real)=0.82 D_A(fake)=0.18 gnG=34.90 gnD=12.91 it_per_s=9.21
2026-10-02 20:55:59,126 INFO iter=322000 epoch=46 lr=8.56e-05 G=3.703 advA2B=0.617 advB2A=0.707 cycA=0.076 cycB=0.091 idtA=0.057 idtB=0.085 D_A=0.096 D_B=0.128 D_A(real)=0.82 D_A(fake)=0.18 gnG=34.83 gnD=12.92 it_per_s=9.22
2026-10-02 20:56:09,789 INFO iter=322100 epoch=46 lr=8.56e-05 G=3.703 advA2B=0.615 advB2A=0.707 cycA=0.076 cycB=0.091 idtA=0.057 idtB=0.085 D_A=0.096 D_B=0.128 D_A(real)=0.82 D_A(fake)=0.18 gnG=34.81 gnD=12.92 it_per_s=9.22
2026-10-02 20:56:20,424 INFO iter=322200 epoch=46 lr=8.56e-05 G=3.700 advA2B=0.615 advB2A=0.708 cycA=0.076 cycB=0.091 idtA=0.057 idtB=0.085 D_A=0.097 D_B=0.128 D_A(real)=0.82 D_A(fake)=0.18 gnG=34.83 gnD=12.94 it_per_s=9.22
2026-10-02 20:56:31,117 INFO iter=322300 epoch=46 lr=8.55e-05 G=3.697 advA2B=0.614 advB2A=0.708 cycA=0.076 cycB=0.091 idtA=0.057 idtB=0.085 D_A=0.096 D_B=0.128 D_A(real)=0.82 D_A(fake)=0.18 gnG=34.77 gnD=12.94 it_per_s=9.23
2026-10-02 20:56:41,792 INFO iter=322400 epoch=46 lr=8.55e-05 G=3.698 advA2B=0.614 advB2A=0.710 cycA=0.076 cycB=0.091 idtA=0.057 idtB=0.085 D_A=0.096 D_B=0.128 D_A(real)=0.82 D_A(fake)=0.18 gnG=34.72 gnD=12.95 it_per_s=9.23
2026-10-02 20:56:52,496 INFO iter=322500 epoch=46 lr=8.54e-05 G=3.695 advA2B=0.612 advB2A=0.709 cycA=0.076 cycB=0.091 idtA=0.057 idtB=0.085 D_A=0.096 D_B=0.128 D_A(real)=0.82 D_A(fake)=0.18 gnG=34.66 gnD=12.96 it_per_s=9.23
2026-10-02 20:57:03,156 INFO iter=322600 epoch=46 lr=8.54e-05 G=3.693 advA2B=0.611 advB2A=0.710 cycA=0.075 cycB=0.091 idtA=0.057 idtB=0.085 D_A=0.096 D_B=0.128 D_A(real)=0.82 D_A(fake)=0.18 gnG=34.62 gnD=12.96 it_per_s=9.23
2026-10-02 20:57:13,734 INFO iter=322700 epoch=46 lr=8.54e-05 G=3.693 advA2B=0.611 advB2A=0.709 cycA=0.075 cycB=0.091 idtA=0.057 idtB=0.085 D_A=0.096 D_B=0.128 D_A(real)=0.82 D_A(fake)=0.18 gnG=34.60 gnD=12.96 it_per_s=9.24
2026-10-02 20:57:24,286 INFO iter=322800 epoch=46 lr=8.53e-05 G=3.694 advA2B=0.609 advB2A=0.709 cycA=0.076 cycB=0.091 idtA=0.057 idtB=0.085 D_A=0.096 D_B=0.128 D_A(real)=0.82 D_A(fake)=0.18 gnG=34.57 gnD=12.97 it_per_s=9.24
2026-10-02 20:57:34,905 INFO iter=322900 epoch=46 lr=8.53e-05 G=3.695 advA2B=0.609 advB2A=0.708 cycA=0.076 cycB=0.091 idtA=0.057 idtB=0.085 D_A=0.096 D_B=0.128 D_A(real)=0.82 D_A(fake)=0.18 gnG=34.56 gnD=12.98 it_per_s=9.24
2026-10-02 20:57:45,468 INFO iter=323000 epoch=46 lr=8.53e-05 G=3.694 advA2B=0.608 advB2A=0.707 cycA=0.076 cycB=0.091 idtA=0.057 idtB=0.085 D_A=0.096 D_B=0.128 D_A(real)=0.82 D_A(fake)=0.18 gnG=34.53 gnD=12.98 it_per_s=9.25
2026-10-02 20:57:56,085 INFO iter=323100 epoch=46 lr=8.52e-05 G=3.689 advA2B=0.607 advB2A=0.706 cycA=0.076 cycB=0.091 idtA=0.057 idtB=0.085 D_A=0.096 D_B=0.128 D_A(real)=0.82 D_A(fake)=0.18 gnG=34.46 gnD=12.99 it_per_s=9.25
2026-10-02 20:58:06,687 INFO iter=323200 epoch=46 lr=8.52e-05 G=3.688 advA2B=0.606 advB2A=0.705 cycA=0.076 cycB=0.091 idtA=0.057 idtB=0.085 D_A=0.096 D_B=0.128 D_A(real)=0.82 D_A(fake)=0.18 gnG=34.43 gnD=13.00 it_per_s=9.25
2026-10-02 20:58:17,308 INFO iter=323300 epoch=46 lr=8.52e-05 G=3.688 advA2B=0.607 advB2A=0.705 cycA=0.076 cycB=0.091 idtA=0.057 idtB=0.085 D_A=0.096 D_B=0.129 D_A(real)=0.82 D_A(fake)=0.18 gnG=34.42 gnD=13.00 it_per_s=9.25
2026-10-02 20:58:27,905 INFO iter=323400 epoch=46 lr=8.51e-05 G=3.687 advA2B=0.606 advB2A=0.706 cycA=0.075 cycB=0.091 idtA=0.057 idtB=0.085 D_A=0.096 D_B=0.129 D_A(real)=0.82 D_A(fake)=0.18 gnG=34.39 gnD=13.00 it_per_s=9.26
2026-10-02 20:58:38,505 INFO iter=323500 epoch=46 lr=8.51e-05 G=3.686 advA2B=0.606 advB2A=0.706 cycA=0.076 cycB=0.091 idtA=0.057 idtB=0.085 D_A=0.096 D_B=0.129 D_A(real)=0.82 D_A(fake)=0.18 gnG=34.39 gnD=12.99 it_per_s=9.26
2026-10-02 20:58:49,082 INFO iter=323600 epoch=46 lr=8.51e-05 G=3.684 advA2B=0.605 advB2A=0.705 cycA=0.076 cycB=0.091 idtA=0.056 idtB=0.085 D_A=0.096 D_B=0.129 D_A(real)=0.82 D_A(fake)=0.18 gnG=34.33 gnD=12.99 it_per_s=9.26
2026-10-02 20:58:59,664 INFO iter=323700 epoch=46 lr=8.50e-05 G=3.681 advA2B=0.605 advB2A=0.705 cycA=0.075 cycB=0.091 idtA=0.056 idtB=0.084 D_A=0.096 D_B=0.129 D_A(real)=0.82 D_A(fake)=0.18 gnG=34.31 gnD=13.01 it_per_s=9.27
2026-10-02 20:59:04,765 INFO epoch=46 done time_s=760 it_per_s=9.27 G=3.680 cycA=0.075 cycB=0.091 idtA=0.056 idtB=0.084 D_A=0.096 D_B=0.129 D_A(real)=0.82 D_A(fake)=0.18 nan_count=0
2026-10-02 20:59:10,849 INFO iter=323800 epoch=47 lr=8.50e-05 G=3.566 advA2B=0.547 advB2A=0.698 cycA=0.072 cycB=0.092 idtA=0.053 idtB=0.082 D_A=0.101 D_B=0.122 D_A(real)=0.79 D_A(fake)=0.20 gnG=30.71 gnD=12.54 it_per_s=9.45
2026-10-02 20:59:21,392 INFO iter=323900 epoch=47 lr=8.49e-05 G=3.653 advA2B=0.606 advB2A=0.705 cycA=0.071 cycB=0.095 idtA=0.052 idtB=0.085 D_A=0.096 D_B=0.128 D_A(real)=0.82 D_A(fake)=0.18 gnG=34.70 gnD=13.45 it_per_s=9.47
2026-10-02 20:59:31,959 INFO iter=324000 epoch=47 lr=8.49e-05 G=3.665 advA2B=0.591 advB2A=0.701 cycA=0.073 cycB=0.095 idtA=0.054 idtB=0.086 D_A=0.101 D_B=0.129 D_A(real)=0.81 D_A(fake)=0.19 gnG=34.60 gnD=13.58 it_per_s=9.47
2026-10-02 20:59:42,634 INFO iter=324100 epoch=47 lr=8.49e-05 G=3.656 advA2B=0.581 advB2A=0.700 cycA=0.074 cycB=0.093 idtA=0.056 idtB=0.085 D_A=0.098 D_B=0.131 D_A(real)=0.81 D_A(fake)=0.19 gnG=33.12 gnD=13.42 it_per_s=9.44
2026-10-02 20:59:53,215 INFO iter=324200 epoch=47 lr=8.48e-05 G=3.646 advA2B=0.571 advB2A=0.696 cycA=0.074 cycB=0.093 idtA=0.056 idtB=0.085 D_A=0.095 D_B=0.136 D_A(real)=0.81 D_A(fake)=0.19 gnG=32.86 gnD=13.39 it_per_s=9.44
2026-10-02 21:00:03,831 INFO iter=324300 epoch=47 lr=8.48e-05 G=3.631 advA2B=0.560 advB2A=0.691 cycA=0.075 cycB=0.093 idtA=0.056 idtB=0.085 D_A=0.096 D_B=0.136 D_A(real)=0.81 D_A(fake)=0.19 gnG=32.73 gnD=13.45 it_per_s=9.44
2026-10-02 21:00:14,425 INFO iter=324400 epoch=47 lr=8.48e-05 G=3.625 advA2B=0.561 advB2A=0.692 cycA=0.075 cycB=0.092 idtA=0.056 idtB=0.084 D_A=0.096 D_B=0.136 D_A(real)=0.81 D_A(fake)=0.19 gnG=32.64 gnD=13.47 it_per_s=9.44
2026-10-02 21:00:25,009 INFO iter=324500 epoch=47 lr=8.47e-05 G=3.630 advA2B=0.565 advB2A=0.691 cycA=0.075 cycB=0.092 idtA=0.056 idtB=0.084 D_A=0.097 D_B=0.137 D_A(real)=0.81 D_A(fake)=0.19 gnG=32.62 gnD=13.54 it_per_s=9.44
2026-10-02 21:00:35,631 INFO iter=324600 epoch=47 lr=8.47e-05 G=3.631 advA2B=0.562 advB2A=0.690 cycA=0.075 cycB=0.092 idtA=0.057 idtB=0.084 D_A=0.097 D_B=0.139 D_A(real)=0.81 D_A(fake)=0.19 gnG=32.80 gnD=13.57 it_per_s=9.44
2026-10-02 21:00:46,192 INFO iter=324700 epoch=47 lr=8.47e-05 G=3.633 advA2B=0.561 advB2A=0.686 cycA=0.075 cycB=0.093 idtA=0.057 idtB=0.085 D_A=0.096 D_B=0.138 D_A(real)=0.81 D_A(fake)=0.19 gnG=32.72 gnD=13.55 it_per_s=9.44
2026-10-02 21:00:56,785 INFO iter=324800 epoch=47 lr=8.46e-05 G=3.630 advA2B=0.562 advB2A=0.686 cycA=0.075 cycB=0.093 idtA=0.057 idtB=0.084 D_A=0.096 D_B=0.139 D_A(real)=0.81 D_A(fake)=0.19 gnG=32.80 gnD=13.51 it_per_s=9.44
2026-10-02 21:01:07,427 INFO iter=324900 epoch=47 lr=8.46e-05 G=3.622 advA2B=0.565 advB2A=0.687 cycA=0.075 cycB=0.092 idtA=0.057 idtB=0.083 D_A=0.096 D_B=0.140 D_A(real)=0.82 D_A(fake)=0.18 gnG=33.11 gnD=13.46 it_per_s=9.44
2026-10-02 21:01:17,968 INFO iter=325000 epoch=47 lr=8.46e-05 G=3.614 advA2B=0.565 advB2A=0.685 cycA=0.075 cycB=0.092 idtA=0.057 idtB=0.083 D_A=0.096 D_B=0.139 D_A(real)=0.82 D_A(fake)=0.18 gnG=33.03 gnD=13.42 it_per_s=9.44
2026-10-02 21:01:28,525 INFO iter=325100 epoch=47 lr=8.45e-05 G=3.607 advA2B=0.564 advB2A=0.687 cycA=0.075 cycB=0.091 idtA=0.056 idtB=0.083 D_A=0.095 D_B=0.140 D_A(real)=0.82 D_A(fake)=0.18 gnG=33.11 gnD=13.43 it_per_s=9.44
2026-10-02 21:01:39,104 INFO iter=325200 epoch=47 lr=8.45e-05 G=3.606 advA2B=0.560 advB2A=0.685 cycA=0.075 cycB=0.092 idtA=0.056 idtB=0.083 D_A=0.096 D_B=0.139 D_A(real)=0.81 D_A(fake)=0.19 gnG=33.15 gnD=13.48 it_per_s=9.44
2026-10-02 21:01:49,723 INFO iter=325300 epoch=47 lr=8.44e-05 G=3.607 advA2B=0.565 advB2A=0.685 cycA=0.075 cycB=0.091 idtA=0.056 idtB=0.083 D_A=0.096 D_B=0.139 D_A(real)=0.82 D_A(fake)=0.18 gnG=33.20 gnD=13.48 it_per_s=9.44
2026-10-02 21:02:00,308 INFO iter=325400 epoch=47 lr=8.44e-05 G=3.609 advA2B=0.567 advB2A=0.685 cycA=0.075 cycB=0.091 idtA=0.056 idtB=0.083 D_A=0.096 D_B=0.139 D_A(real)=0.82 D_A(fake)=0.18 gnG=33.14 gnD=13.50 it_per_s=9.44
2026-10-02 21:02:10,983 INFO iter=325500 epoch=47 lr=8.44e-05 G=3.605 advA2B=0.567 advB2A=0.685 cycA=0.075 cycB=0.091 idtA=0.056 idtB=0.083 D_A=0.096 D_B=0.140 D_A(real)=0.82 D_A(fake)=0.18 gnG=33.06 gnD=13.50 it_per_s=9.44
2026-10-02 21:02:21,561 INFO iter=325600 epoch=47 lr=8.43e-05 G=3.607 advA2B=0.566 advB2A=0.687 cycA=0.075 cycB=0.091 idtA=0.056 idtB=0.083 D_A=0.096 D_B=0.140 D_A(real)=0.82 D_A(fake)=0.18 gnG=33.10 gnD=13.48 it_per_s=9.44
2026-10-02 21:02:32,160 INFO iter=325700 epoch=47 lr=8.43e-05 G=3.611 advA2B=0.567 advB2A=0.692 cycA=0.075 cycB=0.091 idtA=0.056 idtB=0.083 D_A=0.095 D_B=0.139 D_A(real)=0.82 D_A(fake)=0.18 gnG=33.19 gnD=13.44 it_per_s=9.44
2026-10-02 21:02:42,789 INFO iter=325800 epoch=47 lr=8.43e-05 G=3.612 advA2B=0.569 advB2A=0.691 cycA=0.075 cycB=0.091 idtA=0.056 idtB=0.083 D_A=0.095 D_B=0.139 D_A(real)=0.82 D_A(fake)=0.18 gnG=33.17 gnD=13.42 it_per_s=9.44
2026-10-02 21:02:53,366 INFO iter=325900 epoch=47 lr=8.42e-05 G=3.615 advA2B=0.570 advB2A=0.693 cycA=0.075 cycB=0.091 idtA=0.056 idtB=0.083 D_A=0.094 D_B=0.138 D_A(real)=0.82 D_A(fake)=0.18 gnG=33.19 gnD=13.38 it_per_s=9.44
2026-10-02 21:03:03,991 INFO iter=326000 epoch=47 lr=8.42e-05 G=3.611 advA2B=0.568 advB2A=0.693 cycA=0.075 cycB=0.091 idtA=0.056 idtB=0.083 D_A=0.095 D_B=0.139 D_A(real)=0.82 D_A(fake)=0.18 gnG=33.17 gnD=13.42 it_per_s=9.44
2026-10-02 21:03:14,547 INFO iter=326100 epoch=47 lr=8.42e-05 G=3.612 advA2B=0.566 advB2A=0.696 cycA=0.075 cycB=0.091 idtA=0.056 idtB=0.083 D_A=0.094 D_B=0.139 D_A(real)=0.82 D_A(fake)=0.18 gnG=33.08 gnD=13.44 it_per_s=9.44
2026-10-02 21:03:25,139 INFO iter=326200 epoch=47 lr=8.41e-05 G=3.618 advA2B=0.567 advB2A=0.695 cycA=0.075 cycB=0.091 idtA=0.056 idtB=0.083 D_A=0.095 D_B=0.138 D_A(real)=0.82 D_A(fake)=0.18 gnG=33.19 gnD=13.43 it_per_s=9.44
2026-10-02 21:03:35,814 INFO iter=326300 epoch=47 lr=8.41e-05 G=3.614 advA2B=0.566 advB2A=0.694 cycA=0.075 cycB=0.091 idtA=0.056 idtB=0.083 D_A=0.095 D_B=0.138 D_A(real)=0.82 D_A(fake)=0.18 gnG=33.09 gnD=13.45 it_per_s=9.44
2026-10-02 21:03:46,362 INFO iter=326400 epoch=47 lr=8.41e-05 G=3.612 advA2B=0.566 advB2A=0.695 cycA=0.075 cycB=0.091 idtA=0.056 idtB=0.082 D_A=0.094 D_B=0.138 D_A(real)=0.82 D_A(fake)=0.18 gnG=33.04 gnD=13.42 it_per_s=9.44
2026-10-02 21:03:56,968 INFO iter=326500 epoch=47 lr=8.40e-05 G=3.614 advA2B=0.565 advB2A=0.699 cycA=0.075 cycB=0.091 idtA=0.056 idtB=0.082 D_A=0.095 D_B=0.138 D_A(real)=0.82 D_A(fake)=0.18 gnG=33.09 gnD=13.42 it_per_s=9.44
2026-10-02 21:04:07,561 INFO iter=326600 epoch=47 lr=8.40e-05 G=3.618 advA2B=0.565 advB2A=0.702 cycA=0.075 cycB=0.091 idtA=0.056 idtB=0.082 D_A=0.095 D_B=0.137 D_A(real)=0.82 D_A(fake)=0.18 gnG=33.09 gnD=13.40 it_per_s=9.44
2026-10-02 21:04:18,100 INFO iter=326700 epoch=47 lr=8.40e-05 G=3.625 advA2B=0.565 advB2A=0.704 cycA=0.075 cycB=0.091 idtA=0.056 idtB=0.083 D_A=0.095 D_B=0.138 D_A(real)=0.82 D_A(fake)=0.18 gnG=33.22 gnD=13.41 it_per_s=9.44
2026-10-02 21:04:28,728 INFO iter=326800 epoch=47 lr=8.39e-05 G=3.623 advA2B=0.565 advB2A=0.704 cycA=0.075 cycB=0.091 idtA=0.056 idtB=0.082 D_A=0.095 D_B=0.138 D_A(real)=0.82 D_A(fake)=0.18 gnG=33.16 gnD=13.41 it_per_s=9.44
2026-10-02 21:04:39,619 INFO iter=326900 epoch=47 lr=8.39e-05 G=3.625 advA2B=0.565 advB2A=0.706 cycA=0.075 cycB=0.091 idtA=0.056 idtB=0.082 D_A=0.095 D_B=0.138 D_A(real)=0.82 D_A(fake)=0.18 gnG=33.16 gnD=13.41 it_per_s=9.43
2026-10-02 21:04:50,168 INFO iter=327000 epoch=47 lr=8.38e-05 G=3.627 advA2B=0.566 advB2A=0.707 cycA=0.075 cycB=0.091 idtA=0.056 idtB=0.082 D_A=0.095 D_B=0.138 D_A(real)=0.82 D_A(fake)=0.18 gnG=33.22 gnD=13.46 it_per_s=9.43
2026-10-02 21:05:00,735 INFO iter=327100 epoch=47 lr=8.38e-05 G=3.628 advA2B=0.566 advB2A=0.707 cycA=0.075 cycB=0.091 idtA=0.056 idtB=0.082 D_A=0.095 D_B=0.138 D_A(real)=0.82 D_A(fake)=0.18 gnG=33.24 gnD=13.44 it_per_s=9.43
2026-10-02 21:05:11,282 INFO iter=327200 epoch=47 lr=8.38e-05 G=3.629 advA2B=0.567 advB2A=0.708 cycA=0.075 cycB=0.091 idtA=0.056 idtB=0.082 D_A=0.095 D_B=0.138 D_A(real)=0.82 D_A(fake)=0.18 gnG=33.28 gnD=13.45 it_per_s=9.43
2026-10-02 21:05:21,840 INFO iter=327300 epoch=47 lr=8.37e-05 G=3.629 advA2B=0.567 advB2A=0.709 cycA=0.075 cycB=0.091 idtA=0.056 idtB=0.082 D_A=0.095 D_B=0.138 D_A(real)=0.82 D_A(fake)=0.18 gnG=33.36 gnD=13.44 it_per_s=9.43
2026-10-02 21:05:32,411 INFO iter=327400 epoch=47 lr=8.37e-05 G=3.627 advA2B=0.568 advB2A=0.709 cycA=0.075 cycB=0.091 idtA=0.056 idtB=0.082 D_A=0.095 D_B=0.137 D_A(real)=0.82 D_A(fake)=0.18 gnG=33.37 gnD=13.43 it_per_s=9.44
2026-10-02 21:05:42,977 INFO iter=327500 epoch=47 lr=8.37e-05 G=3.626 advA2B=0.569 advB2A=0.709 cycA=0.075 cycB=0.091 idtA=0.056 idtB=0.082 D_A=0.095 D_B=0.137 D_A(real)=0.82 D_A(fake)=0.18 gnG=33.42 gnD=13.42 it_per_s=9.44
2026-10-02 21:05:53,583 INFO iter=327600 epoch=47 lr=8.36e-05 G=3.627 advA2B=0.568 advB2A=0.710 cycA=0.075 cycB=0.091 idtA=0.056 idtB=0.082 D_A=0.096 D_B=0.137 D_A(real)=0.82 D_A(fake)=0.18 gnG=33.42 gnD=13.44 it_per_s=9.44
2026-10-02 21:06:04,227 INFO iter=327700 epoch=47 lr=8.36e-05 G=3.625 advA2B=0.568 advB2A=0.709 cycA=0.075 cycB=0.091 idtA=0.056 idtB=0.082 D_A=0.096 D_B=0.137 D_A(real)=0.82 D_A(fake)=0.18 gnG=33.39 gnD=13.44 it_per_s=9.43
2026-10-02 21:06:14,807 INFO iter=327800 epoch=47 lr=8.36e-05 G=3.629 advA2B=0.570 advB2A=0.711 cycA=0.075 cycB=0.090 idtA=0.056 idtB=0.082 D_A=0.096 D_B=0.137 D_A(real)=0.82 D_A(fake)=0.18 gnG=33.59 gnD=13.43 it_per_s=9.43
2026-10-02 21:06:25,519 INFO iter=327900 epoch=47 lr=8.35e-05 G=3.630 advA2B=0.570 advB2A=0.711 cycA=0.075 cycB=0.090 idtA=0.056 idtB=0.082 D_A=0.096 D_B=0.137 D_A(real)=0.82 D_A(fake)=0.18 gnG=33.58 gnD=13.42 it_per_s=9.43
2026-10-02 21:06:36,208 INFO iter=328000 epoch=47 lr=8.35e-05 G=3.626 advA2B=0.570 advB2A=0.711 cycA=0.075 cycB=0.090 idtA=0.056 idtB=0.082 D_A=0.096 D_B=0.137 D_A(real)=0.82 D_A(fake)=0.18 gnG=33.54 gnD=13.42 it_per_s=9.43
2026-10-02 21:06:46,827 INFO iter=328100 epoch=47 lr=8.35e-05 G=3.627 advA2B=0.571 advB2A=0.711 cycA=0.075 cycB=0.090 idtA=0.056 idtB=0.082 D_A=0.096 D_B=0.136 D_A(real)=0.82 D_A(fake)=0.18 gnG=33.61 gnD=13.41 it_per_s=9.43
2026-10-02 21:06:57,382 INFO iter=328200 epoch=47 lr=8.34e-05 G=3.626 advA2B=0.571 advB2A=0.711 cycA=0.075 cycB=0.090 idtA=0.056 idtB=0.082 D_A=0.096 D_B=0.136 D_A(real)=0.82 D_A(fake)=0.18 gnG=33.55 gnD=13.39 it_per_s=9.43
2026-10-02 21:07:07,960 INFO iter=328300 epoch=47 lr=8.34e-05 G=3.623 advA2B=0.570 advB2A=0.712 cycA=0.075 cycB=0.090 idtA=0.056 idtB=0.082 D_A=0.096 D_B=0.136 D_A(real)=0.82 D_A(fake)=0.18 gnG=33.46 gnD=13.38 it_per_s=9.43
2026-10-02 21:07:18,576 INFO iter=328400 epoch=47 lr=8.33e-05 G=3.620 advA2B=0.570 advB2A=0.710 cycA=0.075 cycB=0.090 idtA=0.056 idtB=0.082 D_A=0.096 D_B=0.136 D_A(real)=0.82 D_A(fake)=0.18 gnG=33.38 gnD=13.38 it_per_s=9.43
2026-10-02 21:07:29,197 INFO iter=328500 epoch=47 lr=8.33e-05 G=3.621 advA2B=0.570 advB2A=0.710 cycA=0.075 cycB=0.090 idtA=0.056 idtB=0.082 D_A=0.096 D_B=0.136 D_A(real)=0.82 D_A(fake)=0.18 gnG=33.39 gnD=13.36 it_per_s=9.43
2026-10-02 21:07:39,845 INFO iter=328600 epoch=47 lr=8.33e-05 G=3.622 advA2B=0.570 advB2A=0.711 cycA=0.075 cycB=0.090 idtA=0.056 idtB=0.082 D_A=0.096 D_B=0.136 D_A(real)=0.82 D_A(fake)=0.18 gnG=33.38 gnD=13.36 it_per_s=9.43
2026-10-02 21:07:50,567 INFO iter=328700 epoch=47 lr=8.32e-05 G=3.622 advA2B=0.570 advB2A=0.711 cycA=0.075 cycB=0.090 idtA=0.056 idtB=0.082 D_A=0.096 D_B=0.136 D_A(real)=0.82 D_A(fake)=0.18 gnG=33.44 gnD=13.36 it_per_s=9.43
2026-10-02 21:08:01,345 INFO iter=328800 epoch=47 lr=8.32e-05 G=3.621 advA2B=0.570 advB2A=0.709 cycA=0.075 cycB=0.090 idtA=0.056 idtB=0.082 D_A=0.096 D_B=0.136 D_A(real)=0.82 D_A(fake)=0.18 gnG=33.46 gnD=13.35 it_per_s=9.43
2026-10-02 21:08:12,078 INFO iter=328900 epoch=47 lr=8.32e-05 G=3.619 advA2B=0.570 advB2A=0.709 cycA=0.075 cycB=0.090 idtA=0.056 idtB=0.082 D_A=0.095 D_B=0.136 D_A(real)=0.82 D_A(fake)=0.18 gnG=33.43 gnD=13.35 it_per_s=9.42
2026-10-02 21:08:22,790 INFO iter=329000 epoch=47 lr=8.31e-05 G=3.617 advA2B=0.569 advB2A=0.708 cycA=0.075 cycB=0.090 idtA=0.056 idtB=0.082 D_A=0.095 D_B=0.136 D_A(real)=0.82 D_A(fake)=0.18 gnG=33.41 gnD=13.37 it_per_s=9.42
2026-10-02 21:08:33,727 INFO iter=329100 epoch=47 lr=8.31e-05 G=3.617 advA2B=0.569 advB2A=0.707 cycA=0.075 cycB=0.090 idtA=0.056 idtB=0.082 D_A=0.096 D_B=0.136 D_A(real)=0.82 D_A(fake)=0.18 gnG=33.38 gnD=13.38 it_per_s=9.42
2026-10-02 21:08:44,473 INFO iter=329200 epoch=47 lr=8.31e-05 G=3.617 advA2B=0.569 advB2A=0.707 cycA=0.075 cycB=0.090 idtA=0.056 idtB=0.082 D_A=0.096 D_B=0.136 D_A(real)=0.82 D_A(fake)=0.18 gnG=33.34 gnD=13.37 it_per_s=9.41
2026-10-02 21:08:55,272 INFO iter=329300 epoch=47 lr=8.30e-05 G=3.618 advA2B=0.570 advB2A=0.707 cycA=0.075 cycB=0.090 idtA=0.056 idtB=0.082 D_A=0.095 D_B=0.136 D_A(real)=0.82 D_A(fake)=0.18 gnG=33.39 gnD=13.36 it_per_s=9.41
2026-10-02 21:09:06,237 INFO iter=329400 epoch=47 lr=8.30e-05 G=3.617 advA2B=0.570 advB2A=0.706 cycA=0.075 cycB=0.090 idtA=0.056 idtB=0.082 D_A=0.095 D_B=0.136 D_A(real)=0.82 D_A(fake)=0.18 gnG=33.40 gnD=13.36 it_per_s=9.41
2026-10-02 21:09:17,274 INFO iter=329500 epoch=47 lr=8.30e-05 G=3.619 advA2B=0.570 advB2A=0.706 cycA=0.075 cycB=0.090 idtA=0.056 idtB=0.082 D_A=0.095 D_B=0.136 D_A(real)=0.82 D_A(fake)=0.18 gnG=33.44 gnD=13.37 it_per_s=9.40
2026-10-02 21:09:28,233 INFO iter=329600 epoch=47 lr=8.29e-05 G=3.621 advA2B=0.570 advB2A=0.707 cycA=0.075 cycB=0.090 idtA=0.056 idtB=0.082 D_A=0.095 D_B=0.136 D_A(real)=0.82 D_A(fake)=0.18 gnG=33.50 gnD=13.38 it_per_s=9.39
2026-10-02 21:09:38,838 INFO iter=329700 epoch=47 lr=8.29e-05 G=3.621 advA2B=0.570 advB2A=0.707 cycA=0.075 cycB=0.090 idtA=0.056 idtB=0.082 D_A=0.096 D_B=0.136 D_A(real)=0.82 D_A(fake)=0.18 gnG=33.51 gnD=13.39 it_per_s=9.40
2026-10-02 21:09:49,439 INFO iter=329800 epoch=47 lr=8.29e-05 G=3.623 advA2B=0.571 advB2A=0.707 cycA=0.075 cycB=0.090 idtA=0.056 idtB=0.082 D_A=0.096 D_B=0.136 D_A(real)=0.82 D_A(fake)=0.18 gnG=33.52 gnD=13.39 it_per_s=9.40
2026-10-02 21:10:00,100 INFO iter=329900 epoch=47 lr=8.28e-05 G=3.624 advA2B=0.572 advB2A=0.707 cycA=0.075 cycB=0.090 idtA=0.056 idtB=0.082 D_A=0.096 D_B=0.136 D_A(real)=0.82 D_A(fake)=0.18 gnG=33.50 gnD=13.38 it_per_s=9.40
2026-10-02 21:10:10,781 INFO iter=330000 epoch=47 lr=8.28e-05 G=3.623 advA2B=0.572 advB2A=0.707 cycA=0.075 cycB=0.090 idtA=0.056 idtB=0.082 D_A=0.095 D_B=0.136 D_A(real)=0.82 D_A(fake)=0.18 gnG=33.45 gnD=13.39 it_per_s=9.40
2026-10-02 21:10:21,395 INFO iter=330100 epoch=47 lr=8.27e-05 G=3.622 advA2B=0.572 advB2A=0.707 cycA=0.075 cycB=0.090 idtA=0.056 idtB=0.082 D_A=0.095 D_B=0.136 D_A(real)=0.82 D_A(fake)=0.18 gnG=33.44 gnD=13.38 it_per_s=9.40
2026-10-02 21:10:31,917 INFO iter=330200 epoch=47 lr=8.27e-05 G=3.620 advA2B=0.571 advB2A=0.707 cycA=0.075 cycB=0.090 idtA=0.056 idtB=0.082 D_A=0.095 D_B=0.136 D_A(real)=0.82 D_A(fake)=0.18 gnG=33.42 gnD=13.38 it_per_s=9.40
2026-10-02 21:10:42,500 INFO iter=330300 epoch=47 lr=8.27e-05 G=3.619 advA2B=0.571 advB2A=0.707 cycA=0.075 cycB=0.090 idtA=0.056 idtB=0.082 D_A=0.095 D_B=0.136 D_A(real)=0.82 D_A(fake)=0.18 gnG=33.46 gnD=13.37 it_per_s=9.40
2026-10-02 21:10:53,102 INFO iter=330400 epoch=47 lr=8.26e-05 G=3.619 advA2B=0.572 advB2A=0.707 cycA=0.075 cycB=0.090 idtA=0.056 idtB=0.082 D_A=0.095 D_B=0.136 D_A(real)=0.82 D_A(fake)=0.18 gnG=33.44 gnD=13.38 it_per_s=9.40
2026-10-02 21:11:03,638 INFO iter=330500 epoch=47 lr=8.26e-05 G=3.618 advA2B=0.572 advB2A=0.707 cycA=0.075 cycB=0.090 idtA=0.056 idtB=0.082 D_A=0.095 D_B=0.136 D_A(real)=0.82 D_A(fake)=0.18 gnG=33.44 gnD=13.37 it_per_s=9.40
2026-10-02 21:11:14,192 INFO iter=330600 epoch=47 lr=8.26e-05 G=3.619 advA2B=0.572 advB2A=0.707 cycA=0.075 cycB=0.090 idtA=0.056 idtB=0.082 D_A=0.095 D_B=0.136 D_A(real)=0.82 D_A(fake)=0.18 gnG=33.47 gnD=13.36 it_per_s=9.40
2026-10-02 21:11:24,726 INFO iter=330700 epoch=47 lr=8.25e-05 G=3.619 advA2B=0.572 advB2A=0.706 cycA=0.075 cycB=0.090 idtA=0.056 idtB=0.082 D_A=0.095 D_B=0.136 D_A(real)=0.82 D_A(fake)=0.18 gnG=33.44 gnD=13.36 it_per_s=9.40
2026-10-02 21:11:33,813 INFO epoch=47 done time_s=748 it_per_s=9.40 G=3.619 cycA=0.075 cycB=0.090 idtA=0.056 idtB=0.082 D_A=0.095 D_B=0.136 D_A(real)=0.82 D_A(fake)=0.18 nan_count=0
2026-10-02 21:11:35,937 INFO iter=330800 epoch=48 lr=8.25e-05 G=3.465 advA2B=0.575 advB2A=0.668 cycA=0.075 cycB=0.081 idtA=0.061 idtB=0.070 D_A=0.091 D_B=0.116 D_A(real)=0.78 D_A(fake)=0.18 gnG=32.55 gnD=13.36 it_per_s=9.34
2026-10-02 21:11:46,538 INFO iter=330900 epoch=48 lr=8.25e-05 G=3.493 advA2B=0.540 advB2A=0.671 cycA=0.074 cycB=0.089 idtA=0.055 idtB=0.077 D_A=0.088 D_B=0.118 D_A(real)=0.83 D_A(fake)=0.17 gnG=32.59 gnD=12.92 it_per_s=9.42
2026-10-02 21:11:57,108 INFO iter=331000 epoch=48 lr=8.24e-05 G=3.551 advA2B=0.544 advB2A=0.696 cycA=0.074 cycB=0.089 idtA=0.056 idtB=0.079 D_A=0.087 D_B=0.131 D_A(real)=0.84 D_A(fake)=0.16 gnG=33.79 gnD=13.14 it_per_s=9.44
2026-10-02 21:12:07,710 INFO iter=331100 epoch=48 lr=8.24e-05 G=3.520 advA2B=0.544 advB2A=0.694 cycA=0.073 cycB=0.088 idtA=0.055 idtB=0.079 D_A=0.087 D_B=0.130 D_A(real)=0.84 D_A(fake)=0.16 gnG=33.05 gnD=13.15 it_per_s=9.44
2026-10-02 21:12:18,289 INFO iter=331200 epoch=48 lr=8.24e-05 G=3.560 advA2B=0.560 advB2A=0.700 cycA=0.074 cycB=0.089 idtA=0.055 idtB=0.080 D_A=0.087 D_B=0.131 D_A(real)=0.84 D_A(fake)=0.16 gnG=33.89 gnD=13.13 it_per_s=9.44
2026-10-02 21:12:28,902 INFO iter=331300 epoch=48 lr=8.23e-05 G=3.574 advA2B=0.575 advB2A=0.695 cycA=0.074 cycB=0.088 idtA=0.056 idtB=0.080 D_A=0.088 D_B=0.130 D_A(real)=0.84 D_A(fake)=0.16 gnG=34.76 gnD=13.24 it_per_s=9.44
2026-10-02 21:12:39,527 INFO iter=331400 epoch=48 lr=8.23e-05 G=3.590 advA2B=0.574 advB2A=0.701 cycA=0.074 cycB=0.089 idtA=0.056 idtB=0.081 D_A=0.089 D_B=0.130 D_A(real)=0.84 D_A(fake)=0.16 gnG=34.27 gnD=13.32 it_per_s=9.43
2026-10-02 21:12:50,160 INFO iter=331500 epoch=48 lr=8.22e-05 G=3.591 advA2B=0.580 advB2A=0.708 cycA=0.074 cycB=0.088 idtA=0.055 idtB=0.081 D_A=0.088 D_B=0.133 D_A(real)=0.84 D_A(fake)=0.16 gnG=34.28 gnD=13.32 it_per_s=9.43
2026-10-02 21:13:00,801 INFO iter=331600 epoch=48 lr=8.22e-05 G=3.580 advA2B=0.580 advB2A=0.709 cycA=0.074 cycB=0.088 idtA=0.055 idtB=0.080 D_A=0.090 D_B=0.133 D_A(real)=0.83 D_A(fake)=0.17 gnG=33.63 gnD=13.35 it_per_s=9.43
2026-10-02 21:13:11,418 INFO iter=331700 epoch=48 lr=8.22e-05 G=3.577 advA2B=0.572 advB2A=0.705 cycA=0.074 cycB=0.088 idtA=0.055 idtB=0.080 D_A=0.090 D_B=0.133 D_A(real)=0.83 D_A(fake)=0.17 gnG=33.49 gnD=13.34 it_per_s=9.42
2026-10-02 21:13:21,995 INFO iter=331800 epoch=48 lr=8.21e-05 G=3.571 advA2B=0.576 advB2A=0.700 cycA=0.074 cycB=0.088 idtA=0.055 idtB=0.080 D_A=0.091 D_B=0.133 D_A(real)=0.83 D_A(fake)=0.17 gnG=33.78 gnD=13.45 it_per_s=9.43
2026-10-02 21:13:32,588 INFO iter=331900 epoch=48 lr=8.21e-05 G=3.563 advA2B=0.576 advB2A=0.694 cycA=0.074 cycB=0.088 idtA=0.055 idtB=0.080 D_A=0.092 D_B=0.133 D_A(real)=0.83 D_A(fake)=0.17 gnG=33.55 gnD=13.47 it_per_s=9.43
2026-10-02 21:13:43,212 INFO iter=332000 epoch=48 lr=8.21e-05 G=3.562 advA2B=0.576 advB2A=0.690 cycA=0.074 cycB=0.088 idtA=0.055 idtB=0.080 D_A=0.094 D_B=0.133 D_A(real)=0.82 D_A(fake)=0.18 gnG=33.77 gnD=13.55 it_per_s=9.43
2026-10-02 21:13:53,838 INFO iter=332100 epoch=48 lr=8.20e-05 G=3.570 advA2B=0.575 advB2A=0.688 cycA=0.074 cycB=0.089 idtA=0.055 idtB=0.081 D_A=0.095 D_B=0.133 D_A(real)=0.82 D_A(fake)=0.18 gnG=33.71 gnD=13.51 it_per_s=9.43
2026-10-02 21:14:04,457 INFO iter=332200 epoch=48 lr=8.20e-05 G=3.571 advA2B=0.573 advB2A=0.686 cycA=0.074 cycB=0.089 idtA=0.055 idtB=0.081 D_A=0.095 D_B=0.133 D_A(real)=0.82 D_A(fake)=0.18 gnG=33.65 gnD=13.51 it_per_s=9.43
2026-10-02 21:14:15,038 INFO iter=332300 epoch=48 lr=8.20e-05 G=3.572 advA2B=0.572 advB2A=0.686 cycA=0.074 cycB=0.089 idtA=0.055 idtB=0.081 D_A=0.095 D_B=0.133 D_A(real)=0.82 D_A(fake)=0.18 gnG=33.62 gnD=13.52 it_per_s=9.43
2026-10-02 21:14:25,709 INFO iter=332400 epoch=48 lr=8.19e-05 G=3.575 advA2B=0.572 advB2A=0.686 cycA=0.074 cycB=0.089 idtA=0.055 idtB=0.081 D_A=0.095 D_B=0.134 D_A(real)=0.82 D_A(fake)=0.18 gnG=33.69 gnD=13.49 it_per_s=9.42
2026-10-02 21:14:36,371 INFO iter=332500 epoch=48 lr=8.19e-05 G=3.570 advA2B=0.571 advB2A=0.685 cycA=0.074 cycB=0.089 idtA=0.055 idtB=0.081 D_A=0.095 D_B=0.133 D_A(real)=0.82 D_A(fake)=0.18 gnG=33.63 gnD=13.47 it_per_s=9.42
2026-10-02 21:14:47,015 INFO iter=332600 epoch=48 lr=8.19e-05 G=3.570 advA2B=0.572 advB2A=0.685 cycA=0.074 cycB=0.089 idtA=0.055 idtB=0.081 D_A=0.095 D_B=0.134 D_A(real)=0.82 D_A(fake)=0.19 gnG=33.68 gnD=13.49 it_per_s=9.42
2026-10-02 21:14:57,677 INFO iter=332700 epoch=48 lr=8.18e-05 G=3.578 advA2B=0.572 advB2A=0.685 cycA=0.074 cycB=0.089 idtA=0.055 idtB=0.081 D_A=0.095 D_B=0.134 D_A(real)=0.81 D_A(fake)=0.19 gnG=33.74 gnD=13.50 it_per_s=9.42
2026-10-02 21:15:08,436 INFO iter=332800 epoch=48 lr=8.18e-05 G=3.578 advA2B=0.570 advB2A=0.686 cycA=0.074 cycB=0.089 idtA=0.056 idtB=0.081 D_A=0.095 D_B=0.134 D_A(real)=0.82 D_A(fake)=0.18 gnG=33.75 gnD=13.46 it_per_s=9.41
2026-10-02 21:15:19,064 INFO iter=332900 epoch=48 lr=8.17e-05 G=3.582 advA2B=0.571 advB2A=0.685 cycA=0.074 cycB=0.090 idtA=0.055 idtB=0.082 D_A=0.096 D_B=0.134 D_A(real)=0.81 D_A(fake)=0.19 gnG=33.75 gnD=13.49 it_per_s=9.41
2026-10-02 21:15:29,694 INFO iter=333000 epoch=48 lr=8.17e-05 G=3.578 advA2B=0.569 advB2A=0.684 cycA=0.074 cycB=0.089 idtA=0.056 idtB=0.082 D_A=0.096 D_B=0.135 D_A(real)=0.81 D_A(fake)=0.19 gnG=33.63 gnD=13.55 it_per_s=9.41
2026-10-02 21:15:40,262 INFO iter=333100 epoch=48 lr=8.17e-05 G=3.578 advA2B=0.569 advB2A=0.682 cycA=0.075 cycB=0.090 idtA=0.056 idtB=0.082 D_A=0.097 D_B=0.136 D_A(real)=0.81 D_A(fake)=0.19 gnG=33.49 gnD=13.56 it_per_s=9.41
2026-10-02 21:15:50,859 INFO iter=333200 epoch=48 lr=8.16e-05 G=3.576 advA2B=0.568 advB2A=0.680 cycA=0.074 cycB=0.090 idtA=0.055 idtB=0.082 D_A=0.097 D_B=0.135 D_A(real)=0.81 D_A(fake)=0.19 gnG=33.63 gnD=13.55 it_per_s=9.41
2026-10-02 21:16:01,464 INFO iter=333300 epoch=48 lr=8.16e-05 G=3.574 advA2B=0.569 advB2A=0.679 cycA=0.074 cycB=0.090 idtA=0.055 idtB=0.082 D_A=0.097 D_B=0.135 D_A(real)=0.81 D_A(fake)=0.19 gnG=33.61 gnD=13.53 it_per_s=9.41
2026-10-02 21:16:12,114 INFO iter=333400 epoch=48 lr=8.16e-05 G=3.577 advA2B=0.570 advB2A=0.680 cycA=0.074 cycB=0.090 idtA=0.055 idtB=0.082 D_A=0.096 D_B=0.135 D_A(real)=0.81 D_A(fake)=0.19 gnG=33.59 gnD=13.52 it_per_s=9.41
2026-10-02 21:16:22,651 INFO iter=333500 epoch=48 lr=8.15e-05 G=3.577 advA2B=0.568 advB2A=0.679 cycA=0.074 cycB=0.090 idtA=0.055 idtB=0.082 D_A=0.096 D_B=0.135 D_A(real)=0.81 D_A(fake)=0.19 gnG=33.55 gnD=13.50 it_per_s=9.42
2026-10-02 21:16:33,179 INFO iter=333600 epoch=48 lr=8.15e-05 G=3.578 advA2B=0.569 advB2A=0.681 cycA=0.074 cycB=0.090 idtA=0.055 idtB=0.082 D_A=0.096 D_B=0.135 D_A(real)=0.81 D_A(fake)=0.19 gnG=33.58 gnD=13.50 it_per_s=9.42
2026-10-02 21:16:43,764 INFO iter=333700 epoch=48 lr=8.15e-05 G=3.580 advA2B=0.568 advB2A=0.681 cycA=0.074 cycB=0.090 idtA=0.056 idtB=0.082 D_A=0.096 D_B=0.135 D_A(real)=0.81 D_A(fake)=0.19 gnG=33.57 gnD=13.51 it_per_s=9.42
2026-10-02 21:16:54,408 INFO iter=333800 epoch=48 lr=8.14e-05 G=3.578 advA2B=0.569 advB2A=0.681 cycA=0.074 cycB=0.090 idtA=0.056 idtB=0.082 D_A=0.096 D_B=0.135 D_A(real)=0.81 D_A(fake)=0.19 gnG=33.62 gnD=13.53 it_per_s=9.42
2026-10-02 21:17:05,043 INFO iter=333900 epoch=48 lr=8.14e-05 G=3.577 advA2B=0.570 advB2A=0.680 cycA=0.074 cycB=0.090 idtA=0.055 idtB=0.082 D_A=0.096 D_B=0.135 D_A(real)=0.81 D_A(fake)=0.19 gnG=33.62 gnD=13.52 it_per_s=9.42
2026-10-02 21:17:15,624 INFO iter=334000 epoch=48 lr=8.14e-05 G=3.579 advA2B=0.572 advB2A=0.679 cycA=0.075 cycB=0.090 idtA=0.056 idtB=0.082 D_A=0.096 D_B=0.135 D_A(real)=0.81 D_A(fake)=0.19 gnG=33.53 gnD=13.52 it_per_s=9.42
2026-10-02 21:17:26,173 INFO iter=334100 epoch=48 lr=8.13e-05 G=3.576 advA2B=0.571 advB2A=0.680 cycA=0.074 cycB=0.090 idtA=0.056 idtB=0.081 D_A=0.096 D_B=0.135 D_A(real)=0.81 D_A(fake)=0.19 gnG=33.50 gnD=13.53 it_per_s=9.42
2026-10-02 21:17:36,781 INFO iter=334200 epoch=48 lr=8.13e-05 G=3.578 advA2B=0.570 advB2A=0.680 cycA=0.074 cycB=0.090 idtA=0.056 idtB=0.082 D_A=0.097 D_B=0.134 D_A(real)=0.81 D_A(fake)=0.19 gnG=33.49 gnD=13.53 it_per_s=9.42
2026-10-02 21:17:47,378 INFO iter=334300 epoch=48 lr=8.13e-05 G=3.579 advA2B=0.571 advB2A=0.680 cycA=0.074 cycB=0.090 idtA=0.056 idtB=0.082 D_A=0.096 D_B=0.134 D_A(real)=0.81 D_A(fake)=0.19 gnG=33.58 gnD=13.52 it_per_s=9.42
2026-10-02 21:17:57,981 INFO iter=334400 epoch=48 lr=8.12e-05 G=3.583 advA2B=0.571 advB2A=0.681 cycA=0.074 cycB=0.090 idtA=0.056 idtB=0.082 D_A=0.096 D_B=0.134 D_A(real)=0.81 D_A(fake)=0.19 gnG=33.56 gnD=13.53 it_per_s=9.42
2026-10-02 21:18:08,579 INFO iter=334500 epoch=48 lr=8.12e-05 G=3.580 advA2B=0.571 advB2A=0.681 cycA=0.074 cycB=0.090 idtA=0.056 idtB=0.082 D_A=0.096 D_B=0.134 D_A(real)=0.81 D_A(fake)=0.19 gnG=33.55 gnD=13.53 it_per_s=9.42
2026-10-02 21:18:19,100 INFO iter=334600 epoch=48 lr=8.11e-05 G=3.581 advA2B=0.572 advB2A=0.681 cycA=0.074 cycB=0.090 idtA=0.056 idtB=0.082 D_A=0.096 D_B=0.134 D_A(real)=0.81 D_A(fake)=0.19 gnG=33.65 gnD=13.52 it_per_s=9.43
2026-10-02 21:18:29,730 INFO iter=334700 epoch=48 lr=8.11e-05 G=3.589 advA2B=0.577 advB2A=0.683 cycA=0.075 cycB=0.090 idtA=0.056 idtB=0.082 D_A=0.096 D_B=0.134 D_A(real)=0.81 D_A(fake)=0.19 gnG=33.91 gnD=13.52 it_per_s=9.42
2026-10-02 21:18:40,327 INFO iter=334800 epoch=48 lr=8.11e-05 G=3.594 advA2B=0.581 advB2A=0.682 cycA=0.075 cycB=0.090 idtA=0.056 idtB=0.082 D_A=0.096 D_B=0.133 D_A(real)=0.81 D_A(fake)=0.19 gnG=33.95 gnD=13.52 it_per_s=9.42
2026-10-02 21:18:50,913 INFO iter=334900 epoch=48 lr=8.10e-05 G=3.599 advA2B=0.585 advB2A=0.683 cycA=0.075 cycB=0.090 idtA=0.056 idtB=0.082 D_A=0.096 D_B=0.133 D_A(real)=0.81 D_A(fake)=0.19 gnG=33.97 gnD=13.52 it_per_s=9.43
2026-10-02 21:19:01,469 INFO iter=335000 epoch=48 lr=8.10e-05 G=3.602 advA2B=0.589 advB2A=0.683 cycA=0.075 cycB=0.090 idtA=0.056 idtB=0.082 D_A=0.096 D_B=0.132 D_A(real)=0.81 D_A(fake)=0.19 gnG=34.02 gnD=13.51 it_per_s=9.43
2026-10-02 21:19:12,061 INFO iter=335100 epoch=48 lr=8.10e-05 G=3.609 advA2B=0.593 advB2A=0.682 cycA=0.075 cycB=0.090 idtA=0.056 idtB=0.082 D_A=0.097 D_B=0.132 D_A(real)=0.81 D_A(fake)=0.19 gnG=34.14 gnD=13.50 it_per_s=9.43
2026-10-02 21:19:22,647 INFO iter=335200 epoch=48 lr=8.09e-05 G=3.613 advA2B=0.597 advB2A=0.683 cycA=0.075 cycB=0.090 idtA=0.056 idtB=0.082 D_A=0.096 D_B=0.132 D_A(real)=0.81 D_A(fake)=0.19 gnG=34.30 gnD=13.48 it_per_s=9.43
2026-10-02 21:19:33,241 INFO iter=335300 epoch=48 lr=8.09e-05 G=3.615 advA2B=0.597 advB2A=0.684 cycA=0.075 cycB=0.090 idtA=0.056 idtB=0.082 D_A=0.097 D_B=0.131 D_A(real)=0.81 D_A(fake)=0.19 gnG=34.35 gnD=13.46 it_per_s=9.43
2026-10-02 21:19:43,848 INFO iter=335400 epoch=48 lr=8.09e-05 G=3.616 advA2B=0.598 advB2A=0.684 cycA=0.075 cycB=0.090 idtA=0.056 idtB=0.082 D_A=0.097 D_B=0.130 D_A(real)=0.81 D_A(fake)=0.19 gnG=34.42 gnD=13.44 it_per_s=9.43
2026-10-02 21:19:54,446 INFO iter=335500 epoch=48 lr=8.08e-05 G=3.619 advA2B=0.599 advB2A=0.685 cycA=0.075 cycB=0.090 idtA=0.055 idtB=0.082 D_A=0.097 D_B=0.130 D_A(real)=0.81 D_A(fake)=0.19 gnG=34.55 gnD=13.42 it_per_s=9.43
2026-10-02 21:20:05,067 INFO iter=335600 epoch=48 lr=8.08e-05 G=3.623 advA2B=0.600 advB2A=0.686 cycA=0.075 cycB=0.090 idtA=0.056 idtB=0.082 D_A=0.097 D_B=0.129 D_A(real)=0.81 D_A(fake)=0.19 gnG=34.66 gnD=13.41 it_per_s=9.43
2026-10-02 21:20:15,708 INFO iter=335700 epoch=48 lr=8.08e-05 G=3.626 advA2B=0.603 advB2A=0.686 cycA=0.075 cycB=0.090 idtA=0.056 idtB=0.082 D_A=0.097 D_B=0.128 D_A(real)=0.81 D_A(fake)=0.19 gnG=34.81 gnD=13.38 it_per_s=9.43
2026-10-02 21:20:26,333 INFO iter=335800 epoch=48 lr=8.07e-05 G=3.628 advA2B=0.604 advB2A=0.686 cycA=0.075 cycB=0.090 idtA=0.056 idtB=0.082 D_A=0.097 D_B=0.128 D_A(real)=0.81 D_A(fake)=0.19 gnG=34.87 gnD=13.40 it_per_s=9.43
2026-10-02 21:20:36,951 INFO iter=335900 epoch=48 lr=8.07e-05 G=3.633 advA2B=0.609 advB2A=0.687 cycA=0.075 cycB=0.090 idtA=0.055 idtB=0.082 D_A=0.097 D_B=0.128 D_A(real)=0.81 D_A(fake)=0.19 gnG=35.37 gnD=13.38 it_per_s=9.43
2026-10-02 21:20:47,539 INFO iter=336000 epoch=48 lr=8.06e-05 G=3.634 advA2B=0.609 advB2A=0.688 cycA=0.075 cycB=0.090 idtA=0.055 idtB=0.082 D_A=0.097 D_B=0.127 D_A(real)=0.81 D_A(fake)=0.19 gnG=35.49 gnD=13.37 it_per_s=9.43
2026-10-02 21:20:58,157 INFO iter=336100 epoch=48 lr=8.06e-05 G=3.634 advA2B=0.608 advB2A=0.688 cycA=0.075 cycB=0.090 idtA=0.055 idtB=0.082 D_A=0.097 D_B=0.127 D_A(real)=0.81 D_A(fake)=0.19 gnG=35.45 gnD=13.35 it_per_s=9.43
2026-10-02 21:21:08,867 INFO iter=336200 epoch=48 lr=8.06e-05 G=3.634 advA2B=0.608 advB2A=0.688 cycA=0.075 cycB=0.090 idtA=0.055 idtB=0.082 D_A=0.097 D_B=0.127 D_A(real)=0.81 D_A(fake)=0.19 gnG=35.58 gnD=13.36 it_per_s=9.42
2026-10-02 21:21:19,450 INFO iter=336300 epoch=48 lr=8.05e-05 G=3.635 advA2B=0.608 advB2A=0.688 cycA=0.075 cycB=0.090 idtA=0.056 idtB=0.082 D_A=0.097 D_B=0.127 D_A(real)=0.81 D_A(fake)=0.19 gnG=35.55 gnD=13.35 it_per_s=9.43
2026-10-02 21:21:30,034 INFO iter=336400 epoch=48 lr=8.05e-05 G=3.634 advA2B=0.608 advB2A=0.688 cycA=0.075 cycB=0.090 idtA=0.056 idtB=0.082 D_A=0.096 D_B=0.127 D_A(real)=0.81 D_A(fake)=0.19 gnG=35.67 gnD=13.35 it_per_s=9.43
2026-10-02 21:21:40,653 INFO iter=336500 epoch=48 lr=8.05e-05 G=3.635 advA2B=0.608 advB2A=0.688 cycA=0.075 cycB=0.090 idtA=0.055 idtB=0.083 D_A=0.096 D_B=0.127 D_A(real)=0.81 D_A(fake)=0.19 gnG=35.63 gnD=13.37 it_per_s=9.43
2026-10-02 21:21:51,211 INFO iter=336600 epoch=48 lr=8.04e-05 G=3.635 advA2B=0.606 advB2A=0.688 cycA=0.075 cycB=0.090 idtA=0.056 idtB=0.083 D_A=0.096 D_B=0.128 D_A(real)=0.81 D_A(fake)=0.19 gnG=35.56 gnD=13.37 it_per_s=9.43
2026-10-02 21:22:01,814 INFO iter=336700 epoch=48 lr=8.04e-05 G=3.634 advA2B=0.607 advB2A=0.687 cycA=0.075 cycB=0.090 idtA=0.056 idtB=0.083 D_A=0.096 D_B=0.128 D_A(real)=0.81 D_A(fake)=0.19 gnG=35.54 gnD=13.37 it_per_s=9.43
2026-10-02 21:22:12,450 INFO iter=336800 epoch=48 lr=8.04e-05 G=3.634 advA2B=0.606 advB2A=0.687 cycA=0.075 cycB=0.090 idtA=0.056 idtB=0.083 D_A=0.096 D_B=0.128 D_A(real)=0.81 D_A(fake)=0.19 gnG=35.48 gnD=13.37 it_per_s=9.43
2026-10-02 21:22:23,065 INFO iter=336900 epoch=48 lr=8.03e-05 G=3.634 advA2B=0.606 advB2A=0.688 cycA=0.075 cycB=0.090 idtA=0.056 idtB=0.083 D_A=0.096 D_B=0.128 D_A(real)=0.81 D_A(fake)=0.19 gnG=35.43 gnD=13.38 it_per_s=9.43
2026-10-02 21:22:33,595 INFO iter=337000 epoch=48 lr=8.03e-05 G=3.635 advA2B=0.605 advB2A=0.689 cycA=0.075 cycB=0.090 idtA=0.056 idtB=0.083 D_A=0.096 D_B=0.128 D_A(real)=0.81 D_A(fake)=0.19 gnG=35.38 gnD=13.37 it_per_s=9.43
2026-10-02 21:22:44,204 INFO iter=337100 epoch=48 lr=8.03e-05 G=3.635 advA2B=0.604 advB2A=0.689 cycA=0.075 cycB=0.090 idtA=0.056 idtB=0.083 D_A=0.096 D_B=0.128 D_A(real)=0.81 D_A(fake)=0.19 gnG=35.38 gnD=13.39 it_per_s=9.43
2026-10-02 21:22:54,824 INFO iter=337200 epoch=48 lr=8.02e-05 G=3.637 advA2B=0.604 advB2A=0.689 cycA=0.075 cycB=0.090 idtA=0.056 idtB=0.083 D_A=0.096 D_B=0.128 D_A(real)=0.81 D_A(fake)=0.19 gnG=35.37 gnD=13.39 it_per_s=9.43
2026-10-02 21:23:05,431 INFO iter=337300 epoch=48 lr=8.02e-05 G=3.637 advA2B=0.603 advB2A=0.689 cycA=0.075 cycB=0.090 idtA=0.056 idtB=0.083 D_A=0.096 D_B=0.128 D_A(real)=0.81 D_A(fake)=0.19 gnG=35.35 gnD=13.39 it_per_s=9.43
2026-10-02 21:23:15,995 INFO iter=337400 epoch=48 lr=8.02e-05 G=3.638 advA2B=0.602 advB2A=0.689 cycA=0.075 cycB=0.090 idtA=0.056 idtB=0.083 D_A=0.096 D_B=0.128 D_A(real)=0.81 D_A(fake)=0.19 gnG=35.28 gnD=13.39 it_per_s=9.43
2026-10-02 21:23:26,577 INFO iter=337500 epoch=48 lr=8.01e-05 G=3.638 advA2B=0.602 advB2A=0.689 cycA=0.075 cycB=0.090 idtA=0.056 idtB=0.083 D_A=0.096 D_B=0.129 D_A(real)=0.81 D_A(fake)=0.19 gnG=35.27 gnD=13.40 it_per_s=9.43
2026-10-02 21:23:37,177 INFO iter=337600 epoch=48 lr=8.01e-05 G=3.637 advA2B=0.602 advB2A=0.690 cycA=0.075 cycB=0.090 idtA=0.056 idtB=0.083 D_A=0.096 D_B=0.129 D_A(real)=0.81 D_A(fake)=0.19 gnG=35.25 gnD=13.39 it_per_s=9.43
2026-10-02 21:23:47,775 INFO iter=337700 epoch=48 lr=8.00e-05 G=3.636 advA2B=0.602 advB2A=0.689 cycA=0.075 cycB=0.090 idtA=0.056 idtB=0.083 D_A=0.096 D_B=0.129 D_A(real)=0.81 D_A(fake)=0.19 gnG=35.21 gnD=13.39 it_per_s=9.43
2026-10-02 21:23:58,353 INFO iter=337800 epoch=48 lr=8.00e-05 G=3.635 advA2B=0.602 advB2A=0.690 cycA=0.075 cycB=0.090 idtA=0.056 idtB=0.083 D_A=0.097 D_B=0.129 D_A(real)=0.81 D_A(fake)=0.19 gnG=35.15 gnD=13.41 it_per_s=9.43
2026-10-02 21:24:00,872 INFO epoch=48 done time_s=746 it_per_s=9.43 G=3.635 cycA=0.075 cycB=0.090 idtA=0.056 idtB=0.083 D_A=0.097 D_B=0.129 D_A(real)=0.81 D_A(fake)=0.19 nan_count=0
2026-10-02 21:24:09,613 INFO iter=337900 epoch=49 lr=8.00e-05 G=3.489 advA2B=0.603 advB2A=0.614 cycA=0.074 cycB=0.084 idtA=0.059 idtB=0.079 D_A=0.096 D_B=0.125 D_A(real)=0.80 D_A(fake)=0.20 gnG=30.55 gnD=13.24 it_per_s=9.36
2026-10-02 21:24:20,225 INFO iter=338000 epoch=49 lr=7.99e-05 G=3.522 advA2B=0.604 advB2A=0.642 cycA=0.074 cycB=0.086 idtA=0.056 idtB=0.078 D_A=0.093 D_B=0.133 D_A(real)=0.81 D_A(fake)=0.19 gnG=32.51 gnD=13.47 it_per_s=9.39
2026-10-02 21:24:30,835 INFO iter=338100 epoch=49 lr=7.99e-05 G=3.551 advA2B=0.580 advB2A=0.666 cycA=0.074 cycB=0.089 idtA=0.056 idtB=0.080 D_A=0.094 D_B=0.137 D_A(real)=0.82 D_A(fake)=0.18 gnG=31.97 gnD=13.66 it_per_s=9.41
2026-10-02 21:24:41,413 INFO iter=338200 epoch=49 lr=7.99e-05 G=3.517 advA2B=0.569 advB2A=0.665 cycA=0.074 cycB=0.088 idtA=0.055 idtB=0.079 D_A=0.097 D_B=0.138 D_A(real)=0.82 D_A(fake)=0.19 gnG=32.17 gnD=13.93 it_per_s=9.42
2026-10-02 21:24:52,069 INFO iter=338300 epoch=49 lr=7.98e-05 G=3.554 advA2B=0.575 advB2A=0.678 cycA=0.073 cycB=0.089 idtA=0.055 idtB=0.081 D_A=0.095 D_B=0.136 D_A(real)=0.82 D_A(fake)=0.18 gnG=32.78 gnD=13.73 it_per_s=9.41
2026-10-02 21:25:02,623 INFO iter=338400 epoch=49 lr=7.98e-05 G=3.549 advA2B=0.567 advB2A=0.683 cycA=0.073 cycB=0.089 idtA=0.055 idtB=0.081 D_A=0.097 D_B=0.137 D_A(real)=0.81 D_A(fake)=0.19 gnG=32.37 gnD=13.76 it_per_s=9.42
2026-10-02 21:25:13,194 INFO iter=338500 epoch=49 lr=7.98e-05 G=3.547 advA2B=0.569 advB2A=0.681 cycA=0.074 cycB=0.089 idtA=0.055 idtB=0.080 D_A=0.097 D_B=0.137 D_A(real)=0.81 D_A(fake)=0.19 gnG=32.25 gnD=13.77 it_per_s=9.43
2026-10-02 21:25:23,947 INFO iter=338600 epoch=49 lr=7.97e-05 G=3.538 advA2B=0.564 advB2A=0.680 cycA=0.074 cycB=0.088 idtA=0.055 idtB=0.080 D_A=0.098 D_B=0.138 D_A(real)=0.81 D_A(fake)=0.19 gnG=32.55 gnD=13.83 it_per_s=9.41
2026-10-02 21:25:34,633 INFO iter=338700 epoch=49 lr=7.97e-05 G=3.539 advA2B=0.560 advB2A=0.683 cycA=0.074 cycB=0.088 idtA=0.055 idtB=0.080 D_A=0.097 D_B=0.138 D_A(real)=0.81 D_A(fake)=0.19 gnG=32.39 gnD=13.87 it_per_s=9.40
2026-10-02 21:25:45,169 INFO iter=338800 epoch=49 lr=7.97e-05 G=3.545 advA2B=0.563 advB2A=0.680 cycA=0.074 cycB=0.089 idtA=0.055 idtB=0.081 D_A=0.098 D_B=0.139 D_A(real)=0.81 D_A(fake)=0.19 gnG=32.44 gnD=13.95 it_per_s=9.41
2026-10-02 21:25:55,811 INFO iter=338900 epoch=49 lr=7.96e-05 G=3.539 advA2B=0.562 advB2A=0.681 cycA=0.074 cycB=0.088 idtA=0.054 idtB=0.080 D_A=0.097 D_B=0.139 D_A(real)=0.81 D_A(fake)=0.19 gnG=32.66 gnD=13.89 it_per_s=9.41
2026-10-02 21:26:06,401 INFO iter=339000 epoch=49 lr=7.96e-05 G=3.544 advA2B=0.566 advB2A=0.680 cycA=0.074 cycB=0.088 idtA=0.054 idtB=0.080 D_A=0.097 D_B=0.139 D_A(real)=0.81 D_A(fake)=0.19 gnG=32.73 gnD=13.80 it_per_s=9.41
2026-10-02 21:26:16,939 INFO iter=339100 epoch=49 lr=7.95e-05 G=3.547 advA2B=0.567 advB2A=0.680 cycA=0.074 cycB=0.088 idtA=0.055 idtB=0.081 D_A=0.095 D_B=0.139 D_A(real)=0.82 D_A(fake)=0.18 gnG=32.79 gnD=13.77 it_per_s=9.42
2026-10-02 21:26:27,526 INFO iter=339200 epoch=49 lr=7.95e-05 G=3.551 advA2B=0.569 advB2A=0.682 cycA=0.074 cycB=0.089 idtA=0.054 idtB=0.081 D_A=0.095 D_B=0.139 D_A(real)=0.82 D_A(fake)=0.18 gnG=32.82 gnD=13.76 it_per_s=9.42
2026-10-02 21:26:38,464 INFO iter=339300 epoch=49 lr=7.95e-05 G=3.551 advA2B=0.570 advB2A=0.683 cycA=0.074 cycB=0.088 idtA=0.054 idtB=0.081 D_A=0.094 D_B=0.139 D_A(real)=0.82 D_A(fake)=0.18 gnG=32.79 gnD=13.74 it_per_s=9.40
2026-10-02 21:26:49,057 INFO iter=339400 epoch=49 lr=7.94e-05 G=3.552 advA2B=0.570 advB2A=0.686 cycA=0.074 cycB=0.088 idtA=0.054 idtB=0.081 D_A=0.095 D_B=0.139 D_A(real)=0.82 D_A(fake)=0.18 gnG=32.82 gnD=13.76 it_per_s=9.41
2026-10-02 21:26:59,720 INFO iter=339500 epoch=49 lr=7.94e-05 G=3.548 advA2B=0.569 advB2A=0.686 cycA=0.074 cycB=0.088 idtA=0.054 idtB=0.081 D_A=0.096 D_B=0.139 D_A(real)=0.81 D_A(fake)=0.19 gnG=32.81 gnD=13.79 it_per_s=9.40
2026-10-02 21:27:10,376 INFO iter=339600 epoch=49 lr=7.94e-05 G=3.544 advA2B=0.568 advB2A=0.686 cycA=0.074 cycB=0.088 idtA=0.054 idtB=0.080 D_A=0.096 D_B=0.139 D_A(real)=0.81 D_A(fake)=0.19 gnG=32.73 gnD=13.78 it_per_s=9.40
2026-10-02 21:27:20,925 INFO iter=339700 epoch=49 lr=7.93e-05 G=3.541 advA2B=0.569 advB2A=0.685 cycA=0.074 cycB=0.088 idtA=0.054 idtB=0.080 D_A=0.096 D_B=0.138 D_A(real)=0.81 D_A(fake)=0.19 gnG=32.66 gnD=13.80 it_per_s=9.41
2026-10-02 21:27:31,520 INFO iter=339800 epoch=49 lr=7.93e-05 G=3.548 advA2B=0.570 advB2A=0.687 cycA=0.074 cycB=0.088 idtA=0.054 idtB=0.080 D_A=0.096 D_B=0.138 D_A(real)=0.81 D_A(fake)=0.19 gnG=32.71 gnD=13.78 it_per_s=9.41
2026-10-02 21:27:42,089 INFO iter=339900 epoch=49 lr=7.93e-05 G=3.548 advA2B=0.571 advB2A=0.686 cycA=0.074 cycB=0.088 idtA=0.054 idtB=0.080 D_A=0.096 D_B=0.138 D_A(real)=0.81 D_A(fake)=0.19 gnG=32.62 gnD=13.79 it_per_s=9.41
2026-10-02 21:27:52,714 INFO iter=340000 epoch=49 lr=7.92e-05 G=3.556 advA2B=0.574 advB2A=0.687 cycA=0.074 cycB=0.088 idtA=0.054 idtB=0.081 D_A=0.096 D_B=0.138 D_A(real)=0.81 D_A(fake)=0.19 gnG=32.71 gnD=13.75 it_per_s=9.41
2026-10-02 21:28:03,290 INFO iter=340100 epoch=49 lr=7.92e-05 G=3.563 advA2B=0.577 advB2A=0.687 cycA=0.074 cycB=0.088 idtA=0.055 idtB=0.081 D_A=0.096 D_B=0.138 D_A(real)=0.82 D_A(fake)=0.18 gnG=32.92 gnD=13.74 it_per_s=9.41
2026-10-02 21:28:13,844 INFO iter=340200 epoch=49 lr=7.92e-05 G=3.559 advA2B=0.575 advB2A=0.687 cycA=0.074 cycB=0.088 idtA=0.055 idtB=0.081 D_A=0.096 D_B=0.138 D_A(real)=0.82 D_A(fake)=0.18 gnG=32.94 gnD=13.73 it_per_s=9.42
2026-10-02 21:28:24,356 INFO iter=340300 epoch=49 lr=7.91e-05 G=3.559 advA2B=0.574 advB2A=0.687 cycA=0.074 cycB=0.088 idtA=0.055 idtB=0.081 D_A=0.096 D_B=0.138 D_A(real)=0.81 D_A(fake)=0.19 gnG=32.83 gnD=13.73 it_per_s=9.42
2026-10-02 21:28:34,904 INFO iter=340400 epoch=49 lr=7.91e-05 G=3.561 advA2B=0.574 advB2A=0.690 cycA=0.074 cycB=0.088 idtA=0.055 idtB=0.080 D_A=0.095 D_B=0.137 D_A(real)=0.82 D_A(fake)=0.18 gnG=32.77 gnD=13.70 it_per_s=9.42
2026-10-02 21:28:45,505 INFO iter=340500 epoch=49 lr=7.90e-05 G=3.558 advA2B=0.574 advB2A=0.689 cycA=0.074 cycB=0.088 idtA=0.054 idtB=0.080 D_A=0.095 D_B=0.137 D_A(real)=0.82 D_A(fake)=0.18 gnG=32.87 gnD=13.68 it_per_s=9.42
2026-10-02 21:28:56,109 INFO iter=340600 epoch=49 lr=7.90e-05 G=3.555 advA2B=0.573 advB2A=0.688 cycA=0.074 cycB=0.088 idtA=0.054 idtB=0.080 D_A=0.095 D_B=0.137 D_A(real)=0.82 D_A(fake)=0.18 gnG=32.90 gnD=13.67 it_per_s=9.42
2026-10-02 21:29:06,704 INFO iter=340700 epoch=49 lr=7.90e-05 G=3.556 advA2B=0.573 advB2A=0.688 cycA=0.074 cycB=0.088 idtA=0.055 idtB=0.080 D_A=0.095 D_B=0.137 D_A(real)=0.82 D_A(fake)=0.18 gnG=32.84 gnD=13.67 it_per_s=9.42
2026-10-02 21:29:17,291 INFO iter=340800 epoch=49 lr=7.89e-05 G=3.553 advA2B=0.571 advB2A=0.691 cycA=0.074 cycB=0.088 idtA=0.054 idtB=0.080 D_A=0.095 D_B=0.137 D_A(real)=0.82 D_A(fake)=0.18 gnG=32.80 gnD=13.68 it_per_s=9.42
2026-10-02 21:29:27,906 INFO iter=340900 epoch=49 lr=7.89e-05 G=3.554 advA2B=0.573 advB2A=0.692 cycA=0.074 cycB=0.088 idtA=0.054 idtB=0.080 D_A=0.095 D_B=0.137 D_A(real)=0.82 D_A(fake)=0.18 gnG=32.92 gnD=13.67 it_per_s=9.42
2026-10-02 21:29:38,615 INFO iter=341000 epoch=49 lr=7.89e-05 G=3.561 advA2B=0.575 advB2A=0.694 cycA=0.074 cycB=0.088 idtA=0.054 idtB=0.080 D_A=0.094 D_B=0.137 D_A(real)=0.82 D_A(fake)=0.18 gnG=33.04 gnD=13.66 it_per_s=9.42
2026-10-02 21:29:49,213 INFO iter=341100 epoch=49 lr=7.88e-05 G=3.563 advA2B=0.574 advB2A=0.696 cycA=0.074 cycB=0.088 idtA=0.054 idtB=0.080 D_A=0.094 D_B=0.136 D_A(real)=0.82 D_A(fake)=0.18 gnG=33.05 gnD=13.66 it_per_s=9.42
2026-10-02 21:29:59,832 INFO iter=341200 epoch=49 lr=7.88e-05 G=3.567 advA2B=0.576 advB2A=0.697 cycA=0.074 cycB=0.089 idtA=0.054 idtB=0.080 D_A=0.094 D_B=0.136 D_A(real)=0.82 D_A(fake)=0.18 gnG=33.15 gnD=13.67 it_per_s=9.42
2026-10-02 21:30:10,463 INFO iter=341300 epoch=49 lr=7.88e-05 G=3.561 advA2B=0.573 advB2A=0.696 cycA=0.074 cycB=0.088 idtA=0.054 idtB=0.080 D_A=0.095 D_B=0.136 D_A(real)=0.82 D_A(fake)=0.18 gnG=33.17 gnD=13.70 it_per_s=9.42
2026-10-02 21:30:21,094 INFO iter=341400 epoch=49 lr=7.87e-05 G=3.559 advA2B=0.571 advB2A=0.695 cycA=0.073 cycB=0.088 idtA=0.054 idtB=0.080 D_A=0.094 D_B=0.137 D_A(real)=0.82 D_A(fake)=0.18 gnG=33.07 gnD=13.72 it_per_s=9.42
2026-10-02 21:30:31,618 INFO iter=341500 epoch=49 lr=7.87e-05 G=3.561 advA2B=0.572 advB2A=0.696 cycA=0.073 cycB=0.088 idtA=0.054 idtB=0.080 D_A=0.094 D_B=0.136 D_A(real)=0.82 D_A(fake)=0.18 gnG=33.19 gnD=13.71 it_per_s=9.42
2026-10-02 21:30:42,275 INFO iter=341600 epoch=49 lr=7.87e-05 G=3.563 advA2B=0.572 advB2A=0.698 cycA=0.073 cycB=0.089 idtA=0.054 idtB=0.080 D_A=0.094 D_B=0.136 D_A(real)=0.82 D_A(fake)=0.18 gnG=33.26 gnD=13.71 it_per_s=9.42
2026-10-02 21:30:52,918 INFO iter=341700 epoch=49 lr=7.86e-05 G=3.565 advA2B=0.572 advB2A=0.698 cycA=0.073 cycB=0.089 idtA=0.054 idtB=0.080 D_A=0.094 D_B=0.136 D_A(real)=0.82 D_A(fake)=0.18 gnG=33.28 gnD=13.72 it_per_s=9.42
2026-10-02 21:31:03,509 INFO iter=341800 epoch=49 lr=7.86e-05 G=3.565 advA2B=0.571 advB2A=0.700 cycA=0.073 cycB=0.089 idtA=0.054 idtB=0.080 D_A=0.094 D_B=0.137 D_A(real)=0.82 D_A(fake)=0.18 gnG=33.26 gnD=13.73 it_per_s=9.42
2026-10-02 21:31:14,069 INFO iter=341900 epoch=49 lr=7.86e-05 G=3.566 advA2B=0.570 advB2A=0.700 cycA=0.073 cycB=0.089 idtA=0.054 idtB=0.080 D_A=0.094 D_B=0.137 D_A(real)=0.82 D_A(fake)=0.18 gnG=33.23 gnD=13.74 it_per_s=9.42
2026-10-02 21:31:24,636 INFO iter=342000 epoch=49 lr=7.85e-05 G=3.564 advA2B=0.569 advB2A=0.701 cycA=0.073 cycB=0.089 idtA=0.054 idtB=0.080 D_A=0.094 D_B=0.137 D_A(real)=0.82 D_A(fake)=0.18 gnG=33.23 gnD=13.73 it_per_s=9.42
2026-10-02 21:31:35,233 INFO iter=342100 epoch=49 lr=7.85e-05 G=3.568 advA2B=0.571 advB2A=0.701 cycA=0.074 cycB=0.089 idtA=0.054 idtB=0.080 D_A=0.094 D_B=0.137 D_A(real)=0.82 D_A(fake)=0.18 gnG=33.27 gnD=13.74 it_per_s=9.42
2026-10-02 21:31:45,850 INFO iter=342200 epoch=49 lr=7.84e-05 G=3.564 advA2B=0.570 advB2A=0.700 cycA=0.073 cycB=0.089 idtA=0.054 idtB=0.080 D_A=0.094 D_B=0.137 D_A(real)=0.82 D_A(fake)=0.18 gnG=33.23 gnD=13.73 it_per_s=9.42
2026-10-02 21:31:56,419 INFO iter=342300 epoch=49 lr=7.84e-05 G=3.566 advA2B=0.571 advB2A=0.700 cycA=0.073 cycB=0.089 idtA=0.054 idtB=0.080 D_A=0.094 D_B=0.137 D_A(real)=0.82 D_A(fake)=0.18 gnG=33.33 gnD=13.73 it_per_s=9.42
2026-10-02 21:32:06,953 INFO iter=342400 epoch=49 lr=7.84e-05 G=3.566 advA2B=0.571 advB2A=0.700 cycA=0.073 cycB=0.089 idtA=0.054 idtB=0.080 D_A=0.094 D_B=0.136 D_A(real)=0.82 D_A(fake)=0.18 gnG=33.37 gnD=13.72 it_per_s=9.43
2026-10-02 21:32:17,484 INFO iter=342500 epoch=49 lr=7.83e-05 G=3.565 advA2B=0.573 advB2A=0.699 cycA=0.073 cycB=0.089 idtA=0.054 idtB=0.080 D_A=0.094 D_B=0.136 D_A(real)=0.82 D_A(fake)=0.18 gnG=33.43 gnD=13.71 it_per_s=9.43
2026-10-02 21:32:27,975 INFO iter=342600 epoch=49 lr=7.83e-05 G=3.564 advA2B=0.572 advB2A=0.698 cycA=0.073 cycB=0.089 idtA=0.054 idtB=0.080 D_A=0.094 D_B=0.136 D_A(real)=0.82 D_A(fake)=0.18 gnG=33.40 gnD=13.71 it_per_s=9.43
2026-10-02 21:32:38,512 INFO iter=342700 epoch=49 lr=7.83e-05 G=3.565 advA2B=0.573 advB2A=0.698 cycA=0.074 cycB=0.089 idtA=0.054 idtB=0.080 D_A=0.094 D_B=0.135 D_A(real)=0.82 D_A(fake)=0.18 gnG=33.38 gnD=13.71 it_per_s=9.43
2026-10-02 21:32:49,134 INFO iter=342800 epoch=49 lr=7.82e-05 G=3.567 advA2B=0.574 advB2A=0.698 cycA=0.073 cycB=0.089 idtA=0.054 idtB=0.080 D_A=0.094 D_B=0.135 D_A(real)=0.82 D_A(fake)=0.18 gnG=33.38 gnD=13.73 it_per_s=9.43
2026-10-02 21:32:59,714 INFO iter=342900 epoch=49 lr=7.82e-05 G=3.569 advA2B=0.573 advB2A=0.698 cycA=0.074 cycB=0.089 idtA=0.054 idtB=0.080 D_A=0.094 D_B=0.135 D_A(real)=0.82 D_A(fake)=0.18 gnG=33.39 gnD=13.72 it_per_s=9.43
2026-10-02 21:33:10,300 INFO iter=343000 epoch=49 lr=7.82e-05 G=3.569 advA2B=0.573 advB2A=0.697 cycA=0.074 cycB=0.089 idtA=0.054 idtB=0.080 D_A=0.094 D_B=0.135 D_A(real)=0.82 D_A(fake)=0.18 gnG=33.42 gnD=13.72 it_per_s=9.43
2026-10-02 21:33:20,875 INFO iter=343100 epoch=49 lr=7.81e-05 G=3.572 advA2B=0.574 advB2A=0.699 cycA=0.074 cycB=0.089 idtA=0.055 idtB=0.080 D_A=0.094 D_B=0.135 D_A(real)=0.82 D_A(fake)=0.18 gnG=33.43 gnD=13.71 it_per_s=9.43
2026-10-02 21:33:31,449 INFO iter=343200 epoch=49 lr=7.81e-05 G=3.572 advA2B=0.573 advB2A=0.699 cycA=0.074 cycB=0.089 idtA=0.054 idtB=0.081 D_A=0.094 D_B=0.135 D_A(real)=0.82 D_A(fake)=0.18 gnG=33.42 gnD=13.72 it_per_s=9.43
2026-10-02 21:33:42,021 INFO iter=343300 epoch=49 lr=7.81e-05 G=3.570 advA2B=0.572 advB2A=0.699 cycA=0.074 cycB=0.089 idtA=0.054 idtB=0.081 D_A=0.094 D_B=0.135 D_A(real)=0.82 D_A(fake)=0.18 gnG=33.43 gnD=13.73 it_per_s=9.43
2026-10-02 21:33:52,614 INFO iter=343400 epoch=49 lr=7.80e-05 G=3.574 advA2B=0.574 advB2A=0.699 cycA=0.074 cycB=0.089 idtA=0.054 idtB=0.081 D_A=0.094 D_B=0.135 D_A(real)=0.82 D_A(fake)=0.18 gnG=33.47 gnD=13.73 it_per_s=9.43
2026-10-02 21:34:03,218 INFO iter=343500 epoch=49 lr=7.80e-05 G=3.576 advA2B=0.575 advB2A=0.699 cycA=0.074 cycB=0.089 idtA=0.054 idtB=0.081 D_A=0.094 D_B=0.135 D_A(real)=0.82 D_A(fake)=0.18 gnG=33.47 gnD=13.73 it_per_s=9.43
2026-10-02 21:34:13,818 INFO iter=343600 epoch=49 lr=7.79e-05 G=3.573 advA2B=0.574 advB2A=0.699 cycA=0.074 cycB=0.089 idtA=0.054 idtB=0.081 D_A=0.094 D_B=0.135 D_A(real)=0.82 D_A(fake)=0.18 gnG=33.45 gnD=13.73 it_per_s=9.43
2026-10-02 21:34:24,387 INFO iter=343700 epoch=49 lr=7.79e-05 G=3.574 advA2B=0.574 advB2A=0.699 cycA=0.074 cycB=0.089 idtA=0.054 idtB=0.080 D_A=0.094 D_B=0.135 D_A(real)=0.82 D_A(fake)=0.18 gnG=33.46 gnD=13.74 it_per_s=9.43
2026-10-02 21:34:34,996 INFO iter=343800 epoch=49 lr=7.79e-05 G=3.574 advA2B=0.574 advB2A=0.700 cycA=0.074 cycB=0.089 idtA=0.054 idtB=0.080 D_A=0.094 D_B=0.135 D_A(real)=0.82 D_A(fake)=0.18 gnG=33.47 gnD=13.74 it_per_s=9.43
2026-10-02 21:34:45,580 INFO iter=343900 epoch=49 lr=7.78e-05 G=3.576 advA2B=0.575 advB2A=0.701 cycA=0.074 cycB=0.089 idtA=0.054 idtB=0.080 D_A=0.094 D_B=0.135 D_A(real)=0.82 D_A(fake)=0.18 gnG=33.52 gnD=13.73 it_per_s=9.43
2026-10-02 21:34:56,209 INFO iter=344000 epoch=49 lr=7.78e-05 G=3.575 advA2B=0.574 advB2A=0.701 cycA=0.074 cycB=0.089 idtA=0.054 idtB=0.080 D_A=0.093 D_B=0.135 D_A(real)=0.82 D_A(fake)=0.18 gnG=33.50 gnD=13.73 it_per_s=9.43
2026-10-02 21:35:06,840 INFO iter=344100 epoch=49 lr=7.78e-05 G=3.575 advA2B=0.575 advB2A=0.700 cycA=0.074 cycB=0.089 idtA=0.054 idtB=0.080 D_A=0.094 D_B=0.135 D_A(real)=0.82 D_A(fake)=0.18 gnG=33.53 gnD=13.74 it_per_s=9.43
2026-10-02 21:35:17,497 INFO iter=344200 epoch=49 lr=7.77e-05 G=3.574 advA2B=0.575 advB2A=0.700 cycA=0.074 cycB=0.089 idtA=0.054 idtB=0.080 D_A=0.094 D_B=0.135 D_A(real)=0.82 D_A(fake)=0.18 gnG=33.51 gnD=13.75 it_per_s=9.43
2026-10-02 21:35:28,150 INFO iter=344300 epoch=49 lr=7.77e-05 G=3.575 advA2B=0.575 advB2A=0.701 cycA=0.074 cycB=0.089 idtA=0.054 idtB=0.080 D_A=0.094 D_B=0.135 D_A(real)=0.82 D_A(fake)=0.18 gnG=33.52 gnD=13.78 it_per_s=9.43
2026-10-02 21:35:38,786 INFO iter=344400 epoch=49 lr=7.77e-05 G=3.576 advA2B=0.575 advB2A=0.701 cycA=0.074 cycB=0.089 idtA=0.055 idtB=0.080 D_A=0.093 D_B=0.135 D_A(real)=0.82 D_A(fake)=0.18 gnG=33.54 gnD=13.77 it_per_s=9.43
2026-10-02 21:35:49,335 INFO iter=344500 epoch=49 lr=7.76e-05 G=3.574 advA2B=0.574 advB2A=0.701 cycA=0.074 cycB=0.089 idtA=0.054 idtB=0.080 D_A=0.094 D_B=0.135 D_A(real)=0.82 D_A(fake)=0.18 gnG=33.54 gnD=13.78 it_per_s=9.43
2026-10-02 21:35:59,942 INFO iter=344600 epoch=49 lr=7.76e-05 G=3.577 advA2B=0.575 advB2A=0.701 cycA=0.074 cycB=0.089 idtA=0.054 idtB=0.080 D_A=0.094 D_B=0.135 D_A(real)=0.82 D_A(fake)=0.18 gnG=33.57 gnD=13.78 it_per_s=9.43
2026-10-02 21:36:10,513 INFO iter=344700 epoch=49 lr=7.76e-05 G=3.578 advA2B=0.576 advB2A=0.701 cycA=0.074 cycB=0.089 idtA=0.054 idtB=0.080 D_A=0.094 D_B=0.135 D_A(real)=0.82 D_A(fake)=0.18 gnG=33.55 gnD=13.79 it_per_s=9.43
2026-10-02 21:36:21,087 INFO iter=344800 epoch=49 lr=7.75e-05 G=3.578 advA2B=0.575 advB2A=0.702 cycA=0.074 cycB=0.089 idtA=0.054 idtB=0.080 D_A=0.094 D_B=0.135 D_A(real)=0.82 D_A(fake)=0.18 gnG=33.53 gnD=13.80 it_per_s=9.43
2026-10-02 21:36:27,624 INFO epoch=49 done time_s=746 it_per_s=9.43 G=3.578 cycA=0.074 cycB=0.089 idtA=0.054 idtB=0.080 D_A=0.094 D_B=0.135 D_A(real)=0.82 D_A(fake)=0.18 nan_count=0
2026-10-02 21:36:32,546 INFO iter=344900 epoch=50 lr=7.75e-05 G=3.621 advA2B=0.614 advB2A=0.683 cycA=0.074 cycB=0.091 idtA=0.053 idtB=0.082 D_A=0.084 D_B=0.127 D_A(real)=0.83 D_A(fake)=0.16 gnG=32.25 gnD=13.07 it_per_s=9.41
2026-10-02 21:36:43,151 INFO iter=345000 epoch=50 lr=7.75e-05 G=3.620 advA2B=0.619 advB2A=0.688 cycA=0.075 cycB=0.088 idtA=0.057 idtB=0.080 D_A=0.082 D_B=0.123 D_A(real)=0.84 D_A(fake)=0.16 gnG=33.54 gnD=13.32 it_per_s=9.42
2026-10-02 21:36:53,814 INFO iter=345100 epoch=50 lr=7.74e-05 G=3.598 advA2B=0.605 advB2A=0.688 cycA=0.074 cycB=0.088 idtA=0.055 idtB=0.081 D_A=0.084 D_B=0.136 D_A(real)=0.84 D_A(fake)=0.16 gnG=33.19 gnD=13.77 it_per_s=9.40
2026-10-02 21:37:04,369 INFO iter=345200 epoch=50 lr=7.74e-05 G=3.613 advA2B=0.600 advB2A=0.687 cycA=0.075 cycB=0.089 idtA=0.055 idtB=0.082 D_A=0.087 D_B=0.132 D_A(real)=0.83 D_A(fake)=0.17 gnG=33.59 gnD=13.57 it_per_s=9.43
2026-10-02 21:37:14,953 INFO iter=345300 epoch=50 lr=7.73e-05 G=3.609 advA2B=0.602 advB2A=0.689 cycA=0.075 cycB=0.089 idtA=0.056 idtB=0.082 D_A=0.088 D_B=0.133 D_A(real)=0.83 D_A(fake)=0.17 gnG=33.72 gnD=13.68 it_per_s=9.43
2026-10-02 21:37:25,485 INFO iter=345400 epoch=50 lr=7.73e-05 G=3.597 advA2B=0.601 advB2A=0.690 cycA=0.075 cycB=0.088 idtA=0.055 idtB=0.081 D_A=0.088 D_B=0.136 D_A(real)=0.83 D_A(fake)=0.17 gnG=33.87 gnD=13.77 it_per_s=9.44
2026-10-02 21:37:36,076 INFO iter=345500 epoch=50 lr=7.73e-05 G=3.606 advA2B=0.595 advB2A=0.699 cycA=0.075 cycB=0.088 idtA=0.055 idtB=0.081 D_A=0.089 D_B=0.136 D_A(real)=0.83 D_A(fake)=0.17 gnG=34.60 gnD=13.70 it_per_s=9.44
2026-10-02 21:37:46,596 INFO iter=345600 epoch=50 lr=7.72e-05 G=3.596 advA2B=0.584 advB2A=0.701 cycA=0.075 cycB=0.088 idtA=0.055 idtB=0.081 D_A=0.089 D_B=0.136 D_A(real)=0.83 D_A(fake)=0.17 gnG=34.98 gnD=13.67 it_per_s=9.45
2026-10-02 21:37:57,174 INFO iter=345700 epoch=50 lr=7.72e-05 G=3.605 advA2B=0.584 advB2A=0.708 cycA=0.075 cycB=0.089 idtA=0.055 idtB=0.080 D_A=0.089 D_B=0.137 D_A(real)=0.83 D_A(fake)=0.17 gnG=34.77 gnD=13.72 it_per_s=9.45
2026-10-02 21:38:07,789 INFO iter=345800 epoch=50 lr=7.72e-05 G=3.596 advA2B=0.580 advB2A=0.709 cycA=0.074 cycB=0.088 idtA=0.056 idtB=0.080 D_A=0.090 D_B=0.138 D_A(real)=0.83 D_A(fake)=0.17 gnG=34.22 gnD=13.81 it_per_s=9.45
2026-10-02 21:38:18,380 INFO iter=345900 epoch=50 lr=7.71e-05 G=3.596 advA2B=0.577 advB2A=0.707 cycA=0.074 cycB=0.089 idtA=0.055 idtB=0.081 D_A=0.091 D_B=0.137 D_A(real)=0.83 D_A(fake)=0.17 gnG=34.11 gnD=13.78 it_per_s=9.45
2026-10-02 21:38:28,951 INFO iter=346000 epoch=50 lr=7.71e-05 G=3.584 advA2B=0.574 advB2A=0.708 cycA=0.074 cycB=0.089 idtA=0.055 idtB=0.080 D_A=0.091 D_B=0.137 D_A(real)=0.83 D_A(fake)=0.17 gnG=33.98 gnD=13.77 it_per_s=9.45
2026-10-02 21:38:39,476 INFO iter=346100 epoch=50 lr=7.71e-05 G=3.584 advA2B=0.572 advB2A=0.710 cycA=0.074 cycB=0.088 idtA=0.055 idtB=0.080 D_A=0.091 D_B=0.137 D_A(real)=0.83 D_A(fake)=0.17 gnG=33.85 gnD=13.65 it_per_s=9.45
2026-10-02 21:38:50,062 INFO iter=346200 epoch=50 lr=7.70e-05 G=3.573 advA2B=0.569 advB2A=0.708 cycA=0.074 cycB=0.088 idtA=0.055 idtB=0.080 D_A=0.090 D_B=0.137 D_A(real)=0.82 D_A(fake)=0.17 gnG=33.56 gnD=13.61 it_per_s=9.45
2026-10-02 21:39:00,667 INFO iter=346300 epoch=50 lr=7.70e-05 G=3.571 advA2B=0.571 advB2A=0.709 cycA=0.074 cycB=0.088 idtA=0.055 idtB=0.080 D_A=0.091 D_B=0.136 D_A(real)=0.82 D_A(fake)=0.18 gnG=33.73 gnD=13.62 it_per_s=9.45
2026-10-02 21:39:11,261 INFO iter=346400 epoch=50 lr=7.70e-05 G=3.569 advA2B=0.571 advB2A=0.707 cycA=0.074 cycB=0.087 idtA=0.056 idtB=0.079 D_A=0.091 D_B=0.135 D_A(real)=0.82 D_A(fake)=0.18 gnG=33.67 gnD=13.62 it_per_s=9.45
2026-10-02 21:39:21,865 INFO iter=346500 epoch=50 lr=7.69e-05 G=3.567 advA2B=0.571 advB2A=0.706 cycA=0.074 cycB=0.087 idtA=0.056 idtB=0.079 D_A=0.091 D_B=0.135 D_A(real)=0.82 D_A(fake)=0.18 gnG=33.66 gnD=13.58 it_per_s=9.45
2026-10-02 21:39:32,554 INFO iter=346600 epoch=50 lr=7.69e-05 G=3.565 advA2B=0.571 advB2A=0.706 cycA=0.074 cycB=0.087 idtA=0.056 idtB=0.079 D_A=0.090 D_B=0.134 D_A(real)=0.83 D_A(fake)=0.17 gnG=34.05 gnD=13.51 it_per_s=9.44
2026-10-02 21:39:43,162 INFO iter=346700 epoch=50 lr=7.68e-05 G=3.570 advA2B=0.572 advB2A=0.706 cycA=0.074 cycB=0.087 idtA=0.056 idtB=0.079 D_A=0.090 D_B=0.134 D_A(real)=0.83 D_A(fake)=0.17 gnG=34.18 gnD=13.50 it_per_s=9.44
2026-10-02 21:39:53,775 INFO iter=346800 epoch=50 lr=7.68e-05 G=3.574 advA2B=0.573 advB2A=0.708 cycA=0.074 cycB=0.088 idtA=0.055 idtB=0.080 D_A=0.090 D_B=0.134 D_A(real)=0.83 D_A(fake)=0.17 gnG=34.15 gnD=13.53 it_per_s=9.44
2026-10-02 21:40:04,453 INFO iter=346900 epoch=50 lr=7.68e-05 G=3.572 advA2B=0.572 advB2A=0.708 cycA=0.074 cycB=0.087 idtA=0.055 idtB=0.079 D_A=0.090 D_B=0.134 D_A(real)=0.83 D_A(fake)=0.17 gnG=34.15 gnD=13.49 it_per_s=9.44
2026-10-02 21:40:15,045 INFO iter=347000 epoch=50 lr=7.67e-05 G=3.572 advA2B=0.573 advB2A=0.703 cycA=0.074 cycB=0.088 idtA=0.055 idtB=0.080 D_A=0.091 D_B=0.134 D_A(real)=0.82 D_A(fake)=0.17 gnG=34.17 gnD=13.50 it_per_s=9.44
2026-10-02 21:40:25,635 INFO iter=347100 epoch=50 lr=7.67e-05 G=3.577 advA2B=0.576 advB2A=0.704 cycA=0.074 cycB=0.088 idtA=0.055 idtB=0.080 D_A=0.091 D_B=0.133 D_A(real)=0.83 D_A(fake)=0.17 gnG=34.08 gnD=13.46 it_per_s=9.44
2026-10-02 21:40:36,244 INFO iter=347200 epoch=50 lr=7.67e-05 G=3.575 advA2B=0.573 advB2A=0.704 cycA=0.074 cycB=0.088 idtA=0.055 idtB=0.080 D_A=0.090 D_B=0.133 D_A(real)=0.83 D_A(fake)=0.17 gnG=33.98 gnD=13.43 it_per_s=9.44
2026-10-02 21:40:46,857 INFO iter=347300 epoch=50 lr=7.66e-05 G=3.576 advA2B=0.573 advB2A=0.704 cycA=0.074 cycB=0.088 idtA=0.055 idtB=0.080 D_A=0.090 D_B=0.133 D_A(real)=0.83 D_A(fake)=0.17 gnG=33.98 gnD=13.44 it_per_s=9.44
2026-10-02 21:40:57,455 INFO iter=347400 epoch=50 lr=7.66e-05 G=3.585 advA2B=0.573 advB2A=0.706 cycA=0.074 cycB=0.088 idtA=0.055 idtB=0.081 D_A=0.091 D_B=0.133 D_A(real)=0.83 D_A(fake)=0.17 gnG=34.33 gnD=13.49 it_per_s=9.44
2026-10-02 21:41:08,024 INFO iter=347500 epoch=50 lr=7.66e-05 G=3.584 advA2B=0.572 advB2A=0.705 cycA=0.074 cycB=0.088 idtA=0.055 idtB=0.080 D_A=0.091 D_B=0.133 D_A(real)=0.82 D_A(fake)=0.18 gnG=34.30 gnD=13.54 it_per_s=9.44
2026-10-02 21:41:18,619 INFO iter=347600 epoch=50 lr=7.65e-05 G=3.585 advA2B=0.571 advB2A=0.706 cycA=0.074 cycB=0.088 idtA=0.055 idtB=0.081 D_A=0.092 D_B=0.133 D_A(real)=0.82 D_A(fake)=0.18 gnG=34.20 gnD=13.53 it_per_s=9.44
2026-10-02 21:41:29,146 INFO iter=347700 epoch=50 lr=7.65e-05 G=3.580 advA2B=0.570 advB2A=0.705 cycA=0.074 cycB=0.088 idtA=0.055 idtB=0.080 D_A=0.092 D_B=0.133 D_A(real)=0.82 D_A(fake)=0.18 gnG=34.15 gnD=13.52 it_per_s=9.44
2026-10-02 21:41:39,706 INFO iter=347800 epoch=50 lr=7.65e-05 G=3.580 advA2B=0.570 advB2A=0.703 cycA=0.074 cycB=0.088 idtA=0.055 idtB=0.080 D_A=0.092 D_B=0.134 D_A(real)=0.82 D_A(fake)=0.18 gnG=34.14 gnD=13.55 it_per_s=9.44
2026-10-02 21:41:50,257 INFO iter=347900 epoch=50 lr=7.64e-05 G=3.581 advA2B=0.569 advB2A=0.703 cycA=0.075 cycB=0.088 idtA=0.055 idtB=0.081 D_A=0.092 D_B=0.133 D_A(real)=0.82 D_A(fake)=0.18 gnG=34.19 gnD=13.55 it_per_s=9.44
2026-10-02 21:42:00,791 INFO iter=348000 epoch=50 lr=7.64e-05 G=3.582 advA2B=0.570 advB2A=0.704 cycA=0.075 cycB=0.088 idtA=0.055 idtB=0.081 D_A=0.092 D_B=0.134 D_A(real)=0.82 D_A(fake)=0.18 gnG=34.16 gnD=13.58 it_per_s=9.44
2026-10-02 21:42:11,368 INFO iter=348100 epoch=50 lr=7.64e-05 G=3.581 advA2B=0.569 advB2A=0.703 cycA=0.075 cycB=0.088 idtA=0.055 idtB=0.081 D_A=0.092 D_B=0.134 D_A(real)=0.82 D_A(fake)=0.18 gnG=34.12 gnD=13.59 it_per_s=9.44
2026-10-02 21:42:21,926 INFO iter=348200 epoch=50 lr=7.63e-05 G=3.576 advA2B=0.569 advB2A=0.702 cycA=0.074 cycB=0.088 idtA=0.055 idtB=0.081 D_A=0.092 D_B=0.134 D_A(real)=0.82 D_A(fake)=0.18 gnG=34.02 gnD=13.59 it_per_s=9.44
2026-10-02 21:42:32,552 INFO iter=348300 epoch=50 lr=7.63e-05 G=3.580 advA2B=0.571 advB2A=0.703 cycA=0.074 cycB=0.088 idtA=0.055 idtB=0.081 D_A=0.092 D_B=0.134 D_A(real)=0.82 D_A(fake)=0.18 gnG=34.10 gnD=13.57 it_per_s=9.44
2026-10-02 21:42:43,153 INFO iter=348400 epoch=50 lr=7.62e-05 G=3.577 advA2B=0.570 advB2A=0.703 cycA=0.074 cycB=0.088 idtA=0.055 idtB=0.080 D_A=0.092 D_B=0.134 D_A(real)=0.82 D_A(fake)=0.18 gnG=34.14 gnD=13.57 it_per_s=9.44
2026-10-02 21:42:53,757 INFO iter=348500 epoch=50 lr=7.62e-05 G=3.578 advA2B=0.568 advB2A=0.704 cycA=0.074 cycB=0.088 idtA=0.055 idtB=0.081 D_A=0.092 D_B=0.134 D_A(real)=0.82 D_A(fake)=0.18 gnG=34.07 gnD=13.58 it_per_s=9.44
2026-10-02 21:43:04,321 INFO iter=348600 epoch=50 lr=7.62e-05 G=3.577 advA2B=0.568 advB2A=0.704 cycA=0.074 cycB=0.088 idtA=0.055 idtB=0.081 D_A=0.092 D_B=0.134 D_A(real)=0.82 D_A(fake)=0.18 gnG=34.04 gnD=13.61 it_per_s=9.44
2026-10-02 21:43:14,854 INFO iter=348700 epoch=50 lr=7.61e-05 G=3.579 advA2B=0.568 advB2A=0.705 cycA=0.074 cycB=0.088 idtA=0.055 idtB=0.081 D_A=0.092 D_B=0.134 D_A(real)=0.82 D_A(fake)=0.18 gnG=34.03 gnD=13.63 it_per_s=9.45
2026-10-02 21:43:25,417 INFO iter=348800 epoch=50 lr=7.61e-05 G=3.580 advA2B=0.568 advB2A=0.706 cycA=0.074 cycB=0.089 idtA=0.055 idtB=0.081 D_A=0.092 D_B=0.134 D_A(real)=0.82 D_A(fake)=0.18 gnG=34.00 gnD=13.61 it_per_s=9.45
2026-10-02 21:43:35,988 INFO iter=348900 epoch=50 lr=7.61e-05 G=3.579 advA2B=0.568 advB2A=0.704 cycA=0.074 cycB=0.088 idtA=0.055 idtB=0.081 D_A=0.092 D_B=0.134 D_A(real)=0.82 D_A(fake)=0.18 gnG=33.94 gnD=13.61 it_per_s=9.45
2026-10-02 21:43:46,575 INFO iter=349000 epoch=50 lr=7.60e-05 G=3.581 advA2B=0.569 advB2A=0.706 cycA=0.074 cycB=0.089 idtA=0.055 idtB=0.081 D_A=0.092 D_B=0.134 D_A(real)=0.82 D_A(fake)=0.18 gnG=33.97 gnD=13.62 it_per_s=9.45
2026-10-02 21:43:57,154 INFO iter=349100 epoch=50 lr=7.60e-05 G=3.582 advA2B=0.570 advB2A=0.707 cycA=0.074 cycB=0.088 idtA=0.055 idtB=0.081 D_A=0.092 D_B=0.133 D_A(real)=0.82 D_A(fake)=0.18 gnG=34.01 gnD=13.63 it_per_s=9.45
2026-10-02 21:44:07,762 INFO iter=349200 epoch=50 lr=7.60e-05 G=3.586 advA2B=0.571 advB2A=0.708 cycA=0.074 cycB=0.089 idtA=0.055 idtB=0.081 D_A=0.092 D_B=0.133 D_A(real)=0.82 D_A(fake)=0.18 gnG=34.01 gnD=13.63 it_per_s=9.45
2026-10-02 21:44:18,343 INFO iter=349300 epoch=50 lr=7.59e-05 G=3.587 advA2B=0.572 advB2A=0.708 cycA=0.074 cycB=0.089 idtA=0.055 idtB=0.081 D_A=0.092 D_B=0.133 D_A(real)=0.82 D_A(fake)=0.18 gnG=33.97 gnD=13.64 it_per_s=9.45
2026-10-02 21:44:28,889 INFO iter=349400 epoch=50 lr=7.59e-05 G=3.586 advA2B=0.572 advB2A=0.708 cycA=0.074 cycB=0.089 idtA=0.055 idtB=0.081 D_A=0.092 D_B=0.133 D_A(real)=0.82 D_A(fake)=0.18 gnG=33.94 gnD=13.64 it_per_s=9.45
2026-10-02 21:44:39,572 INFO iter=349500 epoch=50 lr=7.59e-05 G=3.586 advA2B=0.572 advB2A=0.707 cycA=0.074 cycB=0.089 idtA=0.055 idtB=0.081 D_A=0.092 D_B=0.133 D_A(real)=0.82 D_A(fake)=0.18 gnG=33.94 gnD=13.63 it_per_s=9.44
2026-10-02 21:44:50,333 INFO iter=349600 epoch=50 lr=7.58e-05 G=3.585 advA2B=0.572 advB2A=0.708 cycA=0.074 cycB=0.089 idtA=0.055 idtB=0.081 D_A=0.092 D_B=0.133 D_A(real)=0.82 D_A(fake)=0.18 gnG=34.00 gnD=13.64 it_per_s=9.44
2026-10-02 21:45:00,903 INFO iter=349700 epoch=50 lr=7.58e-05 G=3.584 advA2B=0.572 advB2A=0.708 cycA=0.074 cycB=0.089 idtA=0.055 idtB=0.081 D_A=0.092 D_B=0.133 D_A(real)=0.82 D_A(fake)=0.18 gnG=33.97 gnD=13.65 it_per_s=9.44
2026-10-02 21:45:11,497 INFO iter=349800 epoch=50 lr=7.57e-05 G=3.585 advA2B=0.572 advB2A=0.708 cycA=0.074 cycB=0.089 idtA=0.055 idtB=0.081 D_A=0.091 D_B=0.133 D_A(real)=0.82 D_A(fake)=0.18 gnG=33.95 gnD=13.65 it_per_s=9.44
2026-10-02 21:45:22,060 INFO iter=349900 epoch=50 lr=7.57e-05 G=3.586 advA2B=0.572 advB2A=0.708 cycA=0.074 cycB=0.089 idtA=0.055 idtB=0.081 D_A=0.092 D_B=0.133 D_A(real)=0.82 D_A(fake)=0.18 gnG=33.92 gnD=13.67 it_per_s=9.44
2026-10-02 21:45:32,589 INFO iter=350000 epoch=50 lr=7.57e-05 G=3.586 advA2B=0.572 advB2A=0.708 cycA=0.074 cycB=0.089 idtA=0.054 idtB=0.081 D_A=0.092 D_B=0.133 D_A(real)=0.82 D_A(fake)=0.18 gnG=33.90 gnD=13.69 it_per_s=9.44
2026-10-02 21:45:43,161 INFO iter=350100 epoch=50 lr=7.56e-05 G=3.584 advA2B=0.574 advB2A=0.708 cycA=0.074 cycB=0.089 idtA=0.054 idtB=0.081 D_A=0.092 D_B=0.133 D_A(real)=0.82 D_A(fake)=0.18 gnG=33.89 gnD=13.71 it_per_s=9.44
2026-10-02 21:45:53,763 INFO iter=350200 epoch=50 lr=7.56e-05 G=3.584 advA2B=0.573 advB2A=0.708 cycA=0.074 cycB=0.089 idtA=0.054 idtB=0.081 D_A=0.092 D_B=0.133 D_A(real)=0.82 D_A(fake)=0.18 gnG=33.86 gnD=13.73 it_per_s=9.44
2026-10-02 21:46:04,322 INFO iter=350300 epoch=50 lr=7.56e-05 G=3.584 advA2B=0.574 advB2A=0.708 cycA=0.074 cycB=0.089 idtA=0.054 idtB=0.081 D_A=0.092 D_B=0.133 D_A(real)=0.82 D_A(fake)=0.18 gnG=33.90 gnD=13.74 it_per_s=9.44
2026-10-02 21:46:14,935 INFO iter=350400 epoch=50 lr=7.55e-05 G=3.582 advA2B=0.573 advB2A=0.708 cycA=0.074 cycB=0.089 idtA=0.054 idtB=0.081 D_A=0.092 D_B=0.133 D_A(real)=0.82 D_A(fake)=0.18 gnG=33.87 gnD=13.74 it_per_s=9.44
2026-10-02 21:46:25,528 INFO iter=350500 epoch=50 lr=7.55e-05 G=3.583 advA2B=0.574 advB2A=0.708 cycA=0.074 cycB=0.089 idtA=0.054 idtB=0.081 D_A=0.092 D_B=0.133 D_A(real)=0.82 D_A(fake)=0.18 gnG=33.90 gnD=13.73 it_per_s=9.44
2026-10-02 21:46:36,147 INFO iter=350600 epoch=50 lr=7.55e-05 G=3.584 advA2B=0.575 advB2A=0.708 cycA=0.074 cycB=0.089 idtA=0.054 idtB=0.081 D_A=0.092 D_B=0.133 D_A(real)=0.82 D_A(fake)=0.18 gnG=33.85 gnD=13.73 it_per_s=9.44
2026-10-02 21:46:46,778 INFO iter=350700 epoch=50 lr=7.54e-05 G=3.584 advA2B=0.574 advB2A=0.708 cycA=0.074 cycB=0.089 idtA=0.054 idtB=0.081 D_A=0.092 D_B=0.133 D_A(real)=0.82 D_A(fake)=0.18 gnG=33.85 gnD=13.74 it_per_s=9.44
2026-10-02 21:46:57,341 INFO iter=350800 epoch=50 lr=7.54e-05 G=3.588 advA2B=0.575 advB2A=0.708 cycA=0.074 cycB=0.089 idtA=0.054 idtB=0.081 D_A=0.092 D_B=0.133 D_A(real)=0.82 D_A(fake)=0.18 gnG=33.84 gnD=13.75 it_per_s=9.44
2026-10-02 21:47:07,924 INFO iter=350900 epoch=50 lr=7.54e-05 G=3.588 advA2B=0.575 advB2A=0.708 cycA=0.074 cycB=0.089 idtA=0.054 idtB=0.081 D_A=0.092 D_B=0.133 D_A(real)=0.82 D_A(fake)=0.18 gnG=33.82 gnD=13.76 it_per_s=9.44
2026-10-02 21:47:18,483 INFO iter=351000 epoch=50 lr=7.53e-05 G=3.591 advA2B=0.575 advB2A=0.709 cycA=0.074 cycB=0.089 idtA=0.055 idtB=0.081 D_A=0.092 D_B=0.133 D_A(real)=0.82 D_A(fake)=0.18 gnG=33.87 gnD=13.77 it_per_s=9.44
2026-10-02 21:47:29,062 INFO iter=351100 epoch=50 lr=7.53e-05 G=3.590 advA2B=0.575 advB2A=0.708 cycA=0.074 cycB=0.089 idtA=0.055 idtB=0.081 D_A=0.092 D_B=0.133 D_A(real)=0.82 D_A(fake)=0.18 gnG=33.89 gnD=13.76 it_per_s=9.44
2026-10-02 21:47:39,658 INFO iter=351200 epoch=50 lr=7.52e-05 G=3.589 advA2B=0.574 advB2A=0.708 cycA=0.074 cycB=0.089 idtA=0.054 idtB=0.081 D_A=0.091 D_B=0.133 D_A(real)=0.82 D_A(fake)=0.18 gnG=33.89 gnD=13.76 it_per_s=9.44
2026-10-02 21:47:50,287 INFO iter=351300 epoch=50 lr=7.52e-05 G=3.589 advA2B=0.575 advB2A=0.708 cycA=0.074 cycB=0.089 idtA=0.054 idtB=0.081 D_A=0.092 D_B=0.133 D_A(real)=0.82 D_A(fake)=0.18 gnG=33.89 gnD=13.77 it_per_s=9.44
2026-10-02 21:48:00,849 INFO iter=351400 epoch=50 lr=7.52e-05 G=3.588 advA2B=0.574 advB2A=0.708 cycA=0.074 cycB=0.089 idtA=0.054 idtB=0.081 D_A=0.092 D_B=0.133 D_A(real)=0.82 D_A(fake)=0.18 gnG=33.87 gnD=13.78 it_per_s=9.44
2026-10-02 21:48:11,441 INFO iter=351500 epoch=50 lr=7.51e-05 G=3.588 advA2B=0.574 advB2A=0.708 cycA=0.074 cycB=0.089 idtA=0.054 idtB=0.081 D_A=0.092 D_B=0.133 D_A(real)=0.82 D_A(fake)=0.18 gnG=33.86 gnD=13.80 it_per_s=9.44
2026-10-02 21:48:22,026 INFO iter=351600 epoch=50 lr=7.51e-05 G=3.587 advA2B=0.574 advB2A=0.707 cycA=0.074 cycB=0.089 idtA=0.054 idtB=0.081 D_A=0.092 D_B=0.133 D_A(real)=0.82 D_A(fake)=0.18 gnG=33.84 gnD=13.79 it_per_s=9.44
2026-10-02 21:48:32,559 INFO iter=351700 epoch=50 lr=7.51e-05 G=3.586 advA2B=0.574 advB2A=0.708 cycA=0.074 cycB=0.089 idtA=0.054 idtB=0.081 D_A=0.092 D_B=0.133 D_A(real)=0.82 D_A(fake)=0.18 gnG=33.87 gnD=13.80 it_per_s=9.44
2026-10-02 21:48:43,142 INFO iter=351800 epoch=50 lr=7.50e-05 G=3.586 advA2B=0.574 advB2A=0.708 cycA=0.074 cycB=0.089 idtA=0.054 idtB=0.081 D_A=0.092 D_B=0.133 D_A(real)=0.82 D_A(fake)=0.18 gnG=33.89 gnD=13.81 it_per_s=9.44
2026-10-02 21:48:53,703 INFO iter=351900 epoch=50 lr=7.50e-05 G=3.587 advA2B=0.574 advB2A=0.709 cycA=0.074 cycB=0.089 idtA=0.054 idtB=0.081 D_A=0.092 D_B=0.133 D_A(real)=0.82 D_A(fake)=0.18 gnG=33.89 gnD=13.82 it_per_s=9.44
2026-10-02 21:48:53,705 INFO epoch=50 done time_s=745 it_per_s=9.44 G=3.587 cycA=0.074 cycB=0.089 idtA=0.054 idtB=0.081 D_A=0.092 D_B=0.133 D_A(real)=0.82 D_A(fake)=0.18 nan_count=0
2026-10-02 21:49:04,977 INFO iter=352000 epoch=51 lr=7.50e-05 G=3.676 advA2B=0.623 advB2A=0.717 cycA=0.074 cycB=0.089 idtA=0.056 idtB=0.085 D_A=0.086 D_B=0.133 D_A(real)=0.83 D_A(fake)=0.17 gnG=38.62 gnD=14.52 it_per_s=9.46
2026-10-02 21:49:15,601 INFO iter=352100 epoch=51 lr=7.49e-05 G=3.667 advA2B=0.616 advB2A=0.716 cycA=0.074 cycB=0.090 idtA=0.055 idtB=0.086 D_A=0.088 D_B=0.137 D_A(real)=0.83 D_A(fake)=0.17 gnG=36.82 gnD=14.70 it_per_s=9.43
2026-10-02 21:49:26,322 INFO iter=352200 epoch=51 lr=7.49e-05 G=3.715 advA2B=0.642 advB2A=0.706 cycA=0.075 cycB=0.091 idtA=0.054 idtB=0.088 D_A=0.092 D_B=0.129 D_A(real)=0.82 D_A(fake)=0.18 gnG=37.88 gnD=14.33 it_per_s=9.40
2026-10-02 21:49:41,316 INFO iter=352300 epoch=51 lr=7.49e-05 G=3.669 advA2B=0.615 advB2A=0.713 cycA=0.074 cycB=0.091 idtA=0.054 idtB=0.086 D_A=0.091 D_B=0.131 D_A(real)=0.83 D_A(fake)=0.18 gnG=37.28 gnD=14.41 it_per_s=8.53
2026-10-02 21:49:53,072 INFO iter=352400 epoch=51 lr=7.48e-05 G=3.666 advA2B=0.606 advB2A=0.714 cycA=0.074 cycB=0.091 idtA=0.055 idtB=0.085 D_A=0.089 D_B=0.130 D_A(real)=0.83 D_A(fake)=0.17 gnG=36.48 gnD=14.20 it_per_s=8.52
2026-10-02 21:50:07,988 INFO iter=352500 epoch=51 lr=7.48e-05 G=3.652 advA2B=0.596 advB2A=0.719 cycA=0.074 cycB=0.090 idtA=0.055 idtB=0.084 D_A=0.089 D_B=0.130 D_A(real)=0.83 D_A(fake)=0.17 gnG=35.73 gnD=14.20 it_per_s=8.15
2026-10-02 21:50:19,741 INFO iter=352600 epoch=51 lr=7.48e-05 G=3.647 advA2B=0.597 advB2A=0.717 cycA=0.075 cycB=0.089 idtA=0.055 idtB=0.084 D_A=0.089 D_B=0.130 D_A(real)=0.83 D_A(fake)=0.17 gnG=35.22 gnD=14.11 it_per_s=8.20
2026-10-02 21:50:30,466 INFO iter=352700 epoch=51 lr=7.47e-05 G=3.640 advA2B=0.600 advB2A=0.722 cycA=0.075 cycB=0.089 idtA=0.055 idtB=0.082 D_A=0.089 D_B=0.131 D_A(real)=0.83 D_A(fake)=0.17 gnG=35.09 gnD=14.13 it_per_s=8.33
2026-10-02 21:50:41,180 INFO iter=352800 epoch=51 lr=7.47e-05 G=3.631 advA2B=0.598 advB2A=0.717 cycA=0.074 cycB=0.089 idtA=0.055 idtB=0.083 D_A=0.090 D_B=0.130 D_A(real)=0.83 D_A(fake)=0.17 gnG=35.13 gnD=14.06 it_per_s=8.43
2026-10-02 21:50:51,764 INFO iter=352900 epoch=51 lr=7.46e-05 G=3.619 advA2B=0.598 advB2A=0.707 cycA=0.074 cycB=0.089 idtA=0.055 idtB=0.082 D_A=0.090 D_B=0.130 D_A(real)=0.83 D_A(fake)=0.17 gnG=34.89 gnD=14.02 it_per_s=8.52
2026-10-02 21:51:02,384 INFO iter=353000 epoch=51 lr=7.46e-05 G=3.621 advA2B=0.597 advB2A=0.714 cycA=0.074 cycB=0.088 idtA=0.055 idtB=0.082 D_A=0.090 D_B=0.130 D_A(real)=0.83 D_A(fake)=0.17 gnG=34.89 gnD=13.97 it_per_s=8.59
2026-10-02 21:51:13,001 INFO iter=353100 epoch=51 lr=7.46e-05 G=3.611 advA2B=0.595 advB2A=0.715 cycA=0.074 cycB=0.088 idtA=0.054 idtB=0.081 D_A=0.089 D_B=0.131 D_A(real)=0.83 D_A(fake)=0.17 gnG=34.70 gnD=13.91 it_per_s=8.66
2026-10-02 21:51:23,597 INFO iter=353200 epoch=51 lr=7.45e-05 G=3.604 advA2B=0.592 advB2A=0.716 cycA=0.074 cycB=0.088 idtA=0.055 idtB=0.081 D_A=0.089 D_B=0.131 D_A(real)=0.83 D_A(fake)=0.17 gnG=34.56 gnD=13.90 it_per_s=8.71
2026-10-02 21:51:34,483 INFO iter=353300 epoch=51 lr=7.45e-05 G=3.602 advA2B=0.590 advB2A=0.717 cycA=0.074 cycB=0.088 idtA=0.054 idtB=0.081 D_A=0.089 D_B=0.131 D_A(real)=0.83 D_A(fake)=0.17 gnG=34.43 gnD=13.89 it_per_s=8.75
2026-10-02 21:51:45,026 INFO iter=353400 epoch=51 lr=7.45e-05 G=3.608 advA2B=0.589 advB2A=0.716 cycA=0.074 cycB=0.088 idtA=0.054 idtB=0.081 D_A=0.090 D_B=0.131 D_A(real)=0.83 D_A(fake)=0.17 gnG=34.66 gnD=13.91 it_per_s=8.79
2026-10-02 21:51:55,701 INFO iter=353500 epoch=51 lr=7.44e-05 G=3.600 advA2B=0.589 advB2A=0.713 cycA=0.074 cycB=0.088 idtA=0.054 idtB=0.081 D_A=0.091 D_B=0.131 D_A(real)=0.83 D_A(fake)=0.17 gnG=34.74 gnD=13.98 it_per_s=8.83
2026-10-02 21:52:07,558 INFO iter=353600 epoch=51 lr=7.44e-05 G=3.598 advA2B=0.589 advB2A=0.713 cycA=0.074 cycB=0.088 idtA=0.054 idtB=0.081 D_A=0.091 D_B=0.131 D_A(real)=0.83 D_A(fake)=0.17 gnG=34.81 gnD=14.01 it_per_s=8.80
2026-10-02 21:52:19,053 INFO iter=353700 epoch=51 lr=7.44e-05 G=3.589 advA2B=0.587 advB2A=0.712 cycA=0.074 cycB=0.088 idtA=0.054 idtB=0.081 D_A=0.091 D_B=0.132 D_A(real)=0.83 D_A(fake)=0.17 gnG=34.56 gnD=14.05 it_per_s=8.80
2026-10-02 21:52:29,677 INFO iter=353800 epoch=51 lr=7.43e-05 G=3.588 advA2B=0.587 advB2A=0.712 cycA=0.074 cycB=0.088 idtA=0.054 idtB=0.080 D_A=0.090 D_B=0.132 D_A(real)=0.83 D_A(fake)=0.17 gnG=34.53 gnD=14.07 it_per_s=8.83
2026-10-02 21:52:40,300 INFO iter=353900 epoch=51 lr=7.43e-05 G=3.582 advA2B=0.588 advB2A=0.710 cycA=0.074 cycB=0.087 idtA=0.054 idtB=0.080 D_A=0.090 D_B=0.132 D_A(real)=0.83 D_A(fake)=0.17 gnG=34.53 gnD=14.02 it_per_s=8.85
2026-10-02 21:52:50,918 INFO iter=354000 epoch=51 lr=7.43e-05 G=3.586 advA2B=0.587 advB2A=0.712 cycA=0.074 cycB=0.088 idtA=0.054 idtB=0.080 D_A=0.090 D_B=0.132 D_A(real)=0.83 D_A(fake)=0.17 gnG=34.50 gnD=13.98 it_per_s=8.88
2026-10-02 21:53:01,500 INFO iter=354100 epoch=51 lr=7.42e-05 G=3.578 advA2B=0.585 advB2A=0.710 cycA=0.074 cycB=0.087 idtA=0.054 idtB=0.080 D_A=0.090 D_B=0.132 D_A(real)=0.83 D_A(fake)=0.17 gnG=34.38 gnD=13.94 it_per_s=8.90
2026-10-02 21:53:12,131 INFO iter=354200 epoch=51 lr=7.42e-05 G=3.582 advA2B=0.587 advB2A=0.709 cycA=0.074 cycB=0.088 idtA=0.054 idtB=0.080 D_A=0.089 D_B=0.132 D_A(real)=0.83 D_A(fake)=0.17 gnG=34.39 gnD=13.94 it_per_s=8.92
2026-10-02 21:53:22,725 INFO iter=354300 epoch=51 lr=7.41e-05 G=3.580 advA2B=0.586 advB2A=0.707 cycA=0.074 cycB=0.088 idtA=0.054 idtB=0.080 D_A=0.090 D_B=0.132 D_A(real)=0.83 D_A(fake)=0.17 gnG=34.28 gnD=13.98 it_per_s=8.94
2026-10-02 21:53:33,342 INFO iter=354400 epoch=51 lr=7.41e-05 G=3.576 advA2B=0.584 advB2A=0.706 cycA=0.074 cycB=0.088 idtA=0.054 idtB=0.080 D_A=0.090 D_B=0.132 D_A(real)=0.83 D_A(fake)=0.17 gnG=34.29 gnD=13.98 it_per_s=8.96
2026-10-02 21:53:44,010 INFO iter=354500 epoch=51 lr=7.41e-05 G=3.579 advA2B=0.584 advB2A=0.708 cycA=0.074 cycB=0.088 idtA=0.054 idtB=0.080 D_A=0.090 D_B=0.133 D_A(real)=0.83 D_A(fake)=0.17 gnG=34.19 gnD=13.98 it_per_s=8.98
2026-10-02 21:53:54,670 INFO iter=354600 epoch=51 lr=7.40e-05 G=3.581 advA2B=0.584 advB2A=0.708 cycA=0.074 cycB=0.088 idtA=0.054 idtB=0.080 D_A=0.090 D_B=0.133 D_A(real)=0.83 D_A(fake)=0.17 gnG=34.19 gnD=14.00 it_per_s=8.99
2026-10-02 21:54:05,295 INFO iter=354700 epoch=51 lr=7.40e-05 G=3.574 advA2B=0.582 advB2A=0.706 cycA=0.074 cycB=0.088 idtA=0.054 idtB=0.080 D_A=0.090 D_B=0.134 D_A(real)=0.83 D_A(fake)=0.17 gnG=34.04 gnD=14.02 it_per_s=9.01
2026-10-02 21:54:15,900 INFO iter=354800 epoch=51 lr=7.40e-05 G=3.573 advA2B=0.579 advB2A=0.706 cycA=0.074 cycB=0.088 idtA=0.054 idtB=0.080 D_A=0.090 D_B=0.134 D_A(real)=0.83 D_A(fake)=0.17 gnG=34.01 gnD=14.01 it_per_s=9.02
2026-10-02 21:54:26,549 INFO iter=354900 epoch=51 lr=7.39e-05 G=3.574 advA2B=0.578 advB2A=0.706 cycA=0.074 cycB=0.088 idtA=0.054 idtB=0.080 D_A=0.090 D_B=0.134 D_A(real)=0.83 D_A(fake)=0.17 gnG=33.97 gnD=14.00 it_per_s=9.03
2026-10-02 21:54:37,169 INFO iter=355000 epoch=51 lr=7.39e-05 G=3.576 advA2B=0.578 advB2A=0.706 cycA=0.074 cycB=0.088 idtA=0.054 idtB=0.080 D_A=0.090 D_B=0.134 D_A(real)=0.83 D_A(fake)=0.17 gnG=33.98 gnD=13.98 it_per_s=9.04
2026-10-02 21:54:47,701 INFO iter=355100 epoch=51 lr=7.39e-05 G=3.573 advA2B=0.577 advB2A=0.706 cycA=0.074 cycB=0.088 idtA=0.054 idtB=0.080 D_A=0.090 D_B=0.133 D_A(real)=0.83 D_A(fake)=0.17 gnG=34.02 gnD=13.96 it_per_s=9.06
2026-10-02 21:54:58,294 INFO iter=355200 epoch=51 lr=7.38e-05 G=3.572 advA2B=0.577 advB2A=0.707 cycA=0.074 cycB=0.088 idtA=0.054 idtB=0.080 D_A=0.090 D_B=0.134 D_A(real)=0.83 D_A(fake)=0.17 gnG=33.88 gnD=13.96 it_per_s=9.07
2026-10-02 21:55:08,924 INFO iter=355300 epoch=51 lr=7.38e-05 G=3.570 advA2B=0.575 advB2A=0.707 cycA=0.074 cycB=0.088 idtA=0.054 idtB=0.080 D_A=0.090 D_B=0.133 D_A(real)=0.83 D_A(fake)=0.17 gnG=33.82 gnD=13.96 it_per_s=9.08
2026-10-02 21:55:19,552 INFO iter=355400 epoch=51 lr=7.38e-05 G=3.570 advA2B=0.574 advB2A=0.706 cycA=0.074 cycB=0.088 idtA=0.054 idtB=0.080 D_A=0.090 D_B=0.133 D_A(real)=0.83 D_A(fake)=0.17 gnG=33.80 gnD=13.94 it_per_s=9.09
2026-10-02 21:55:30,093 INFO iter=355500 epoch=51 lr=7.37e-05 G=3.573 advA2B=0.574 advB2A=0.707 cycA=0.074 cycB=0.088 idtA=0.054 idtB=0.080 D_A=0.090 D_B=0.133 D_A(real)=0.83 D_A(fake)=0.17 gnG=33.83 gnD=13.93 it_per_s=9.10
2026-10-02 21:55:40,691 INFO iter=355600 epoch=51 lr=7.37e-05 G=3.575 advA2B=0.576 advB2A=0.708 cycA=0.074 cycB=0.088 idtA=0.054 idtB=0.080 D_A=0.090 D_B=0.133 D_A(real)=0.83 D_A(fake)=0.17 gnG=33.89 gnD=13.93 it_per_s=9.11
2026-10-02 21:55:51,215 INFO iter=355700 epoch=51 lr=7.37e-05 G=3.572 advA2B=0.574 advB2A=0.708 cycA=0.074 cycB=0.088 idtA=0.054 idtB=0.080 D_A=0.090 D_B=0.133 D_A(real)=0.83 D_A(fake)=0.17 gnG=33.82 gnD=13.92 it_per_s=9.12
2026-10-02 21:56:01,832 INFO iter=355800 epoch=51 lr=7.36e-05 G=3.571 advA2B=0.574 advB2A=0.709 cycA=0.074 cycB=0.088 idtA=0.054 idtB=0.080 D_A=0.090 D_B=0.133 D_A(real)=0.83 D_A(fake)=0.17 gnG=33.82 gnD=13.91 it_per_s=9.12
2026-10-02 21:56:12,431 INFO iter=355900 epoch=51 lr=7.36e-05 G=3.570 advA2B=0.573 advB2A=0.710 cycA=0.074 cycB=0.088 idtA=0.054 idtB=0.080 D_A=0.091 D_B=0.133 D_A(real)=0.83 D_A(fake)=0.17 gnG=33.83 gnD=13.92 it_per_s=9.13
2026-10-02 21:56:23,036 INFO iter=356000 epoch=51 lr=7.35e-05 G=3.568 advA2B=0.572 advB2A=0.710 cycA=0.074 cycB=0.088 idtA=0.054 idtB=0.080 D_A=0.090 D_B=0.133 D_A(real)=0.83 D_A(fake)=0.17 gnG=33.85 gnD=13.91 it_per_s=9.14
2026-10-02 21:56:33,772 INFO iter=356100 epoch=51 lr=7.35e-05 G=3.568 advA2B=0.572 advB2A=0.709 cycA=0.074 cycB=0.088 idtA=0.054 idtB=0.080 D_A=0.090 D_B=0.133 D_A(real)=0.83 D_A(fake)=0.17 gnG=33.90 gnD=13.92 it_per_s=9.14
2026-10-02 21:56:44,355 INFO iter=356200 epoch=51 lr=7.35e-05 G=3.567 advA2B=0.572 advB2A=0.709 cycA=0.074 cycB=0.088 idtA=0.054 idtB=0.080 D_A=0.090 D_B=0.133 D_A(real)=0.83 D_A(fake)=0.17 gnG=33.83 gnD=13.94 it_per_s=9.15
2026-10-02 21:56:54,999 INFO iter=356300 epoch=51 lr=7.34e-05 G=3.565 advA2B=0.571 advB2A=0.710 cycA=0.074 cycB=0.088 idtA=0.054 idtB=0.080 D_A=0.090 D_B=0.133 D_A(real)=0.83 D_A(fake)=0.17 gnG=33.80 gnD=13.92 it_per_s=9.16
2026-10-02 21:57:05,582 INFO iter=356400 epoch=51 lr=7.34e-05 G=3.566 advA2B=0.572 advB2A=0.710 cycA=0.074 cycB=0.088 idtA=0.054 idtB=0.080 D_A=0.090 D_B=0.133 D_A(real)=0.83 D_A(fake)=0.17 gnG=33.82 gnD=13.93 it_per_s=9.16
2026-10-02 21:57:16,124 INFO iter=356500 epoch=51 lr=7.34e-05 G=3.569 advA2B=0.571 advB2A=0.711 cycA=0.074 cycB=0.088 idtA=0.054 idtB=0.080 D_A=0.090 D_B=0.133 D_A(real)=0.83 D_A(fake)=0.17 gnG=33.90 gnD=13.95 it_per_s=9.17
2026-10-02 21:57:26,575 INFO iter=356600 epoch=51 lr=7.33e-05 G=3.571 advA2B=0.572 advB2A=0.712 cycA=0.074 cycB=0.088 idtA=0.054 idtB=0.080 D_A=0.090 D_B=0.133 D_A(real)=0.83 D_A(fake)=0.17 gnG=33.91 gnD=13.95 it_per_s=9.18
2026-10-02 21:57:37,212 INFO iter=356700 epoch=51 lr=7.33e-05 G=3.574 advA2B=0.573 advB2A=0.713 cycA=0.074 cycB=0.088 idtA=0.054 idtB=0.080 D_A=0.090 D_B=0.133 D_A(real)=0.83 D_A(fake)=0.17 gnG=33.94 gnD=13.93 it_per_s=9.18
2026-10-02 21:57:47,829 INFO iter=356800 epoch=51 lr=7.33e-05 G=3.573 advA2B=0.574 advB2A=0.712 cycA=0.074 cycB=0.088 idtA=0.054 idtB=0.080 D_A=0.090 D_B=0.133 D_A(real)=0.83 D_A(fake)=0.17 gnG=33.90 gnD=13.93 it_per_s=9.19
2026-10-02 21:57:58,378 INFO iter=356900 epoch=51 lr=7.32e-05 G=3.575 advA2B=0.574 advB2A=0.714 cycA=0.074 cycB=0.088 idtA=0.054 idtB=0.080 D_A=0.090 D_B=0.133 D_A(real)=0.83 D_A(fake)=0.17 gnG=34.00 gnD=13.92 it_per_s=9.19
2026-10-02 21:58:08,965 INFO iter=357000 epoch=51 lr=7.32e-05 G=3.576 advA2B=0.573 advB2A=0.715 cycA=0.074 cycB=0.088 idtA=0.054 idtB=0.080 D_A=0.090 D_B=0.133 D_A(real)=0.83 D_A(fake)=0.17 gnG=33.96 gnD=13.91 it_per_s=9.20
2026-10-02 21:58:19,472 INFO iter=357100 epoch=51 lr=7.32e-05 G=3.576 advA2B=0.574 advB2A=0.715 cycA=0.074 cycB=0.088 idtA=0.054 idtB=0.080 D_A=0.089 D_B=0.133 D_A(real)=0.83 D_A(fake)=0.17 gnG=33.90 gnD=13.89 it_per_s=9.20
2026-10-02 21:58:30,043 INFO iter=357200 epoch=51 lr=7.31e-05 G=3.575 advA2B=0.574 advB2A=0.716 cycA=0.074 cycB=0.088 idtA=0.054 idtB=0.080 D_A=0.089 D_B=0.133 D_A(real)=0.83 D_A(fake)=0.17 gnG=33.92 gnD=13.87 it_per_s=9.21
2026-10-02 21:58:40,695 INFO iter=357300 epoch=51 lr=7.31e-05 G=3.575 advA2B=0.575 advB2A=0.714 cycA=0.074 cycB=0.088 idtA=0.054 idtB=0.080 D_A=0.089 D_B=0.133 D_A(real)=0.83 D_A(fake)=0.17 gnG=33.96 gnD=13.86 it_per_s=9.21
2026-10-02 21:58:51,253 INFO iter=357400 epoch=51 lr=7.30e-05 G=3.576 advA2B=0.575 advB2A=0.715 cycA=0.074 cycB=0.088 idtA=0.054 idtB=0.080 D_A=0.089 D_B=0.133 D_A(real)=0.83 D_A(fake)=0.17 gnG=34.01 gnD=13.86 it_per_s=9.21
2026-10-02 21:59:01,858 INFO iter=357500 epoch=51 lr=7.30e-05 G=3.578 advA2B=0.576 advB2A=0.715 cycA=0.074 cycB=0.088 idtA=0.054 idtB=0.080 D_A=0.090 D_B=0.132 D_A(real)=0.83 D_A(fake)=0.17 gnG=34.01 gnD=13.88 it_per_s=9.22
2026-10-02 21:59:12,430 INFO iter=357600 epoch=51 lr=7.30e-05 G=3.578 advA2B=0.576 advB2A=0.714 cycA=0.074 cycB=0.088 idtA=0.054 idtB=0.080 D_A=0.090 D_B=0.132 D_A(real)=0.83 D_A(fake)=0.17 gnG=34.02 gnD=13.88 it_per_s=9.22
2026-10-02 21:59:22,954 INFO iter=357700 epoch=51 lr=7.29e-05 G=3.577 advA2B=0.576 advB2A=0.714 cycA=0.074 cycB=0.088 idtA=0.054 idtB=0.080 D_A=0.090 D_B=0.132 D_A(real)=0.83 D_A(fake)=0.17 gnG=34.02 gnD=13.88 it_per_s=9.23
2026-10-02 21:59:33,504 INFO iter=357800 epoch=51 lr=7.29e-05 G=3.576 advA2B=0.576 advB2A=0.714 cycA=0.074 cycB=0.088 idtA=0.054 idtB=0.080 D_A=0.090 D_B=0.133 D_A(real)=0.83 D_A(fake)=0.17 gnG=33.98 gnD=13.88 it_per_s=9.23
2026-10-02 21:59:44,012 INFO iter=357900 epoch=51 lr=7.29e-05 G=3.576 advA2B=0.576 advB2A=0.715 cycA=0.074 cycB=0.088 idtA=0.054 idtB=0.080 D_A=0.090 D_B=0.133 D_A(real)=0.83 D_A(fake)=0.17 gnG=33.97 gnD=13.89 it_per_s=9.24
2026-10-02 21:59:54,582 INFO iter=358000 epoch=51 lr=7.28e-05 G=3.577 advA2B=0.575 advB2A=0.715 cycA=0.074 cycB=0.088 idtA=0.054 idtB=0.080 D_A=0.090 D_B=0.133 D_A(real)=0.83 D_A(fake)=0.17 gnG=34.01 gnD=13.88 it_per_s=9.24
2026-10-02 22:00:05,147 INFO iter=358100 epoch=51 lr=7.28e-05 G=3.578 advA2B=0.576 advB2A=0.715 cycA=0.074 cycB=0.088 idtA=0.054 idtB=0.080 D_A=0.090 D_B=0.133 D_A(real)=0.83 D_A(fake)=0.17 gnG=34.03 gnD=13.85 it_per_s=9.24
2026-10-02 22:00:15,703 INFO iter=358200 epoch=51 lr=7.28e-05 G=3.579 advA2B=0.576 advB2A=0.715 cycA=0.074 cycB=0.088 idtA=0.054 idtB=0.080 D_A=0.090 D_B=0.133 D_A(real)=0.83 D_A(fake)=0.17 gnG=34.08 gnD=13.85 it_per_s=9.25
2026-10-02 22:00:26,273 INFO iter=358300 epoch=51 lr=7.27e-05 G=3.580 advA2B=0.577 advB2A=0.716 cycA=0.074 cycB=0.088 idtA=0.054 idtB=0.080 D_A=0.090 D_B=0.133 D_A(real)=0.83 D_A(fake)=0.17 gnG=34.08 gnD=13.85 it_per_s=9.25
2026-10-02 22:00:36,923 INFO iter=358400 epoch=51 lr=7.27e-05 G=3.579 advA2B=0.576 advB2A=0.716 cycA=0.074 cycB=0.088 idtA=0.054 idtB=0.080 D_A=0.090 D_B=0.133 D_A(real)=0.83 D_A(fake)=0.17 gnG=34.12 gnD=13.85 it_per_s=9.25
2026-10-02 22:00:47,439 INFO iter=358500 epoch=51 lr=7.27e-05 G=3.580 advA2B=0.577 advB2A=0.716 cycA=0.074 cycB=0.088 idtA=0.054 idtB=0.080 D_A=0.090 D_B=0.133 D_A(real)=0.83 D_A(fake)=0.17 gnG=34.14 gnD=13.86 it_per_s=9.26
2026-10-02 22:00:58,015 INFO iter=358600 epoch=51 lr=7.26e-05 G=3.581 advA2B=0.577 advB2A=0.716 cycA=0.074 cycB=0.088 idtA=0.054 idtB=0.080 D_A=0.090 D_B=0.133 D_A(real)=0.83 D_A(fake)=0.17 gnG=34.15 gnD=13.87 it_per_s=9.26
2026-10-02 22:01:08,575 INFO iter=358700 epoch=51 lr=7.26e-05 G=3.580 advA2B=0.577 advB2A=0.716 cycA=0.074 cycB=0.088 idtA=0.054 idtB=0.080 D_A=0.090 D_B=0.133 D_A(real)=0.83 D_A(fake)=0.17 gnG=34.15 gnD=13.87 it_per_s=9.26
2026-10-02 22:01:19,135 INFO iter=358800 epoch=51 lr=7.25e-05 G=3.579 advA2B=0.576 advB2A=0.717 cycA=0.074 cycB=0.088 idtA=0.054 idtB=0.080 D_A=0.090 D_B=0.133 D_A(real)=0.83 D_A(fake)=0.17 gnG=34.13 gnD=13.87 it_per_s=9.26
2026-10-02 22:01:29,714 INFO iter=358900 epoch=51 lr=7.25e-05 G=3.579 advA2B=0.576 advB2A=0.717 cycA=0.074 cycB=0.088 idtA=0.054 idtB=0.080 D_A=0.090 D_B=0.133 D_A(real)=0.83 D_A(fake)=0.17 gnG=34.17 gnD=13.87 it_per_s=9.27
2026-10-02 22:01:33,736 INFO epoch=51 done time_s=759 it_per_s=9.27 G=3.580 cycA=0.074 cycB=0.088 idtA=0.054 idtB=0.080 D_A=0.090 D_B=0.133 D_A(real)=0.83 D_A(fake)=0.17 nan_count=0
2026-10-02 22:01:40,930 INFO iter=359000 epoch=52 lr=7.25e-05 G=3.355 advA2B=0.483 advB2A=0.734 cycA=0.070 cycB=0.081 idtA=0.053 idtB=0.073 D_A=0.093 D_B=0.155 D_A(real)=0.82 D_A(fake)=0.16 gnG=32.68 gnD=14.73 it_per_s=9.41
2026-10-02 22:01:51,542 INFO iter=359100 epoch=52 lr=7.24e-05 G=3.549 advA2B=0.552 advB2A=0.723 cycA=0.071 cycB=0.089 idtA=0.053 idtB=0.081 D_A=0.094 D_B=0.145 D_A(real)=0.83 D_A(fake)=0.17 gnG=33.61 gnD=14.13 it_per_s=9.42
2026-10-02 22:02:02,085 INFO iter=359200 epoch=52 lr=7.24e-05 G=3.546 advA2B=0.575 advB2A=0.722 cycA=0.071 cycB=0.088 idtA=0.052 idtB=0.080 D_A=0.091 D_B=0.140 D_A(real)=0.82 D_A(fake)=0.17 gnG=33.61 gnD=13.90 it_per_s=9.44
2026-10-02 22:02:12,685 INFO iter=359300 epoch=52 lr=7.24e-05 G=3.565 advA2B=0.561 advB2A=0.726 cycA=0.071 cycB=0.090 idtA=0.052 idtB=0.082 D_A=0.091 D_B=0.140 D_A(real)=0.83 D_A(fake)=0.17 gnG=33.07 gnD=13.91 it_per_s=9.44
2026-10-02 22:02:23,293 INFO iter=359400 epoch=52 lr=7.23e-05 G=3.571 advA2B=0.570 advB2A=0.721 cycA=0.071 cycB=0.090 idtA=0.052 idtB=0.082 D_A=0.089 D_B=0.140 D_A(real)=0.83 D_A(fake)=0.17 gnG=33.52 gnD=13.87 it_per_s=9.44
2026-10-02 22:02:33,885 INFO iter=359500 epoch=52 lr=7.23e-05 G=3.577 advA2B=0.576 advB2A=0.718 cycA=0.072 cycB=0.089 idtA=0.052 idtB=0.082 D_A=0.089 D_B=0.136 D_A(real)=0.83 D_A(fake)=0.17 gnG=33.90 gnD=13.92 it_per_s=9.44
2026-10-02 22:02:44,393 INFO iter=359600 epoch=52 lr=7.23e-05 G=3.564 advA2B=0.575 advB2A=0.716 cycA=0.072 cycB=0.089 idtA=0.052 idtB=0.081 D_A=0.089 D_B=0.136 D_A(real)=0.83 D_A(fake)=0.17 gnG=33.72 gnD=14.15 it_per_s=9.45
2026-10-02 22:02:54,940 INFO iter=359700 epoch=52 lr=7.22e-05 G=3.579 advA2B=0.580 advB2A=0.715 cycA=0.072 cycB=0.089 idtA=0.053 idtB=0.082 D_A=0.089 D_B=0.137 D_A(real)=0.83 D_A(fake)=0.17 gnG=34.42 gnD=14.16 it_per_s=9.45
2026-10-02 22:03:05,510 INFO iter=359800 epoch=52 lr=7.22e-05 G=3.566 advA2B=0.571 advB2A=0.718 cycA=0.072 cycB=0.089 idtA=0.053 idtB=0.081 D_A=0.090 D_B=0.136 D_A(real)=0.83 D_A(fake)=0.17 gnG=34.26 gnD=14.08 it_per_s=9.45
2026-10-02 22:03:16,065 INFO iter=359900 epoch=52 lr=7.22e-05 G=3.575 advA2B=0.573 advB2A=0.719 cycA=0.073 cycB=0.089 idtA=0.053 idtB=0.081 D_A=0.089 D_B=0.137 D_A(real)=0.83 D_A(fake)=0.17 gnG=34.11 gnD=14.10 it_per_s=9.46
2026-10-02 22:03:26,685 INFO iter=360000 epoch=52 lr=7.21e-05 G=3.587 advA2B=0.576 advB2A=0.722 cycA=0.073 cycB=0.089 idtA=0.053 idtB=0.081 D_A=0.089 D_B=0.137 D_A(real)=0.83 D_A(fake)=0.17 gnG=34.22 gnD=14.01 it_per_s=9.45
2026-10-02 22:03:37,385 INFO iter=360100 epoch=52 lr=7.21e-05 G=3.589 advA2B=0.576 advB2A=0.723 cycA=0.073 cycB=0.089 idtA=0.053 idtB=0.081 D_A=0.089 D_B=0.136 D_A(real)=0.83 D_A(fake)=0.17 gnG=34.31 gnD=14.02 it_per_s=9.44
2026-10-02 22:03:47,978 INFO iter=360200 epoch=52 lr=7.21e-05 G=3.587 advA2B=0.576 advB2A=0.720 cycA=0.073 cycB=0.089 idtA=0.053 idtB=0.081 D_A=0.089 D_B=0.136 D_A(real)=0.83 D_A(fake)=0.17 gnG=34.19 gnD=14.05 it_per_s=9.44
2026-10-02 22:03:58,583 INFO iter=360300 epoch=52 lr=7.20e-05 G=3.581 advA2B=0.580 advB2A=0.719 cycA=0.073 cycB=0.089 idtA=0.053 idtB=0.081 D_A=0.089 D_B=0.136 D_A(real)=0.83 D_A(fake)=0.17 gnG=34.06 gnD=14.06 it_per_s=9.44
2026-10-02 22:04:09,188 INFO iter=360400 epoch=52 lr=7.20e-05 G=3.582 advA2B=0.583 advB2A=0.718 cycA=0.073 cycB=0.088 idtA=0.053 idtB=0.080 D_A=0.090 D_B=0.135 D_A(real)=0.83 D_A(fake)=0.17 gnG=34.09 gnD=14.06 it_per_s=9.44
2026-10-02 22:04:19,696 INFO iter=360500 epoch=52 lr=7.19e-05 G=3.575 advA2B=0.582 advB2A=0.720 cycA=0.073 cycB=0.088 idtA=0.053 idtB=0.080 D_A=0.089 D_B=0.135 D_A(real)=0.83 D_A(fake)=0.17 gnG=34.22 gnD=14.04 it_per_s=9.45
2026-10-02 22:04:30,249 INFO iter=360600 epoch=52 lr=7.19e-05 G=3.577 advA2B=0.584 advB2A=0.723 cycA=0.073 cycB=0.088 idtA=0.053 idtB=0.080 D_A=0.089 D_B=0.135 D_A(real)=0.83 D_A(fake)=0.17 gnG=34.59 gnD=14.05 it_per_s=9.45
2026-10-02 22:04:40,811 INFO iter=360700 epoch=52 lr=7.19e-05 G=3.578 advA2B=0.585 advB2A=0.723 cycA=0.073 cycB=0.088 idtA=0.053 idtB=0.079 D_A=0.090 D_B=0.134 D_A(real)=0.83 D_A(fake)=0.17 gnG=34.60 gnD=14.12 it_per_s=9.45
2026-10-02 22:04:51,398 INFO iter=360800 epoch=52 lr=7.18e-05 G=3.577 advA2B=0.582 advB2A=0.722 cycA=0.073 cycB=0.088 idtA=0.053 idtB=0.079 D_A=0.090 D_B=0.135 D_A(real)=0.83 D_A(fake)=0.17 gnG=34.34 gnD=14.14 it_per_s=9.45
2026-10-02 22:05:02,024 INFO iter=360900 epoch=52 lr=7.18e-05 G=3.578 advA2B=0.583 advB2A=0.724 cycA=0.073 cycB=0.087 idtA=0.054 idtB=0.079 D_A=0.090 D_B=0.135 D_A(real)=0.83 D_A(fake)=0.17 gnG=34.30 gnD=14.13 it_per_s=9.45
2026-10-02 22:05:12,583 INFO iter=361000 epoch=52 lr=7.18e-05 G=3.579 advA2B=0.582 advB2A=0.722 cycA=0.074 cycB=0.087 idtA=0.054 idtB=0.079 D_A=0.090 D_B=0.135 D_A(real)=0.83 D_A(fake)=0.17 gnG=34.13 gnD=14.13 it_per_s=9.45
2026-10-02 22:05:23,245 INFO iter=361100 epoch=52 lr=7.17e-05 G=3.575 advA2B=0.581 advB2A=0.721 cycA=0.074 cycB=0.087 idtA=0.054 idtB=0.079 D_A=0.089 D_B=0.135 D_A(real)=0.83 D_A(fake)=0.17 gnG=34.13 gnD=14.13 it_per_s=9.44
2026-10-02 22:05:33,779 INFO iter=361200 epoch=52 lr=7.17e-05 G=3.578 advA2B=0.580 advB2A=0.723 cycA=0.074 cycB=0.087 idtA=0.054 idtB=0.079 D_A=0.089 D_B=0.136 D_A(real)=0.83 D_A(fake)=0.17 gnG=34.05 gnD=14.12 it_per_s=9.45
2026-10-02 22:05:44,436 INFO iter=361300 epoch=52 lr=7.17e-05 G=3.582 advA2B=0.580 advB2A=0.724 cycA=0.074 cycB=0.088 idtA=0.054 idtB=0.079 D_A=0.089 D_B=0.135 D_A(real)=0.83 D_A(fake)=0.17 gnG=34.09 gnD=14.12 it_per_s=9.44
2026-10-02 22:05:55,031 INFO iter=361400 epoch=52 lr=7.16e-05 G=3.576 advA2B=0.577 advB2A=0.722 cycA=0.074 cycB=0.088 idtA=0.054 idtB=0.079 D_A=0.089 D_B=0.136 D_A(real)=0.83 D_A(fake)=0.17 gnG=34.02 gnD=14.14 it_per_s=9.44
2026-10-02 22:06:05,637 INFO iter=361500 epoch=52 lr=7.16e-05 G=3.577 advA2B=0.578 advB2A=0.723 cycA=0.074 cycB=0.087 idtA=0.054 idtB=0.079 D_A=0.089 D_B=0.135 D_A(real)=0.83 D_A(fake)=0.17 gnG=34.02 gnD=14.13 it_per_s=9.44
2026-10-02 22:06:16,206 INFO iter=361600 epoch=52 lr=7.16e-05 G=3.578 advA2B=0.580 advB2A=0.724 cycA=0.074 cycB=0.087 idtA=0.054 idtB=0.079 D_A=0.089 D_B=0.135 D_A(real)=0.83 D_A(fake)=0.17 gnG=34.30 gnD=14.11 it_per_s=9.44
2026-10-02 22:06:26,817 INFO iter=361700 epoch=52 lr=7.15e-05 G=3.577 advA2B=0.582 advB2A=0.723 cycA=0.074 cycB=0.087 idtA=0.054 idtB=0.079 D_A=0.089 D_B=0.134 D_A(real)=0.83 D_A(fake)=0.17 gnG=34.47 gnD=14.12 it_per_s=9.44
2026-10-02 22:06:37,397 INFO iter=361800 epoch=52 lr=7.15e-05 G=3.586 advA2B=0.588 advB2A=0.725 cycA=0.074 cycB=0.087 idtA=0.054 idtB=0.079 D_A=0.089 D_B=0.134 D_A(real)=0.83 D_A(fake)=0.17 gnG=34.86 gnD=14.11 it_per_s=9.44
2026-10-02 22:06:47,951 INFO iter=361900 epoch=52 lr=7.14e-05 G=3.594 advA2B=0.590 advB2A=0.726 cycA=0.074 cycB=0.087 idtA=0.054 idtB=0.080 D_A=0.089 D_B=0.133 D_A(real)=0.83 D_A(fake)=0.17 gnG=35.16 gnD=14.06 it_per_s=9.44
2026-10-02 22:06:58,538 INFO iter=362000 epoch=52 lr=7.14e-05 G=3.600 advA2B=0.592 advB2A=0.726 cycA=0.074 cycB=0.088 idtA=0.054 idtB=0.080 D_A=0.089 D_B=0.132 D_A(real)=0.83 D_A(fake)=0.17 gnG=35.07 gnD=14.07 it_per_s=9.44
2026-10-02 22:07:09,088 INFO iter=362100 epoch=52 lr=7.14e-05 G=3.602 advA2B=0.591 advB2A=0.726 cycA=0.074 cycB=0.088 idtA=0.054 idtB=0.080 D_A=0.089 D_B=0.132 D_A(real)=0.83 D_A(fake)=0.17 gnG=35.08 gnD=14.09 it_per_s=9.45
2026-10-02 22:07:19,654 INFO iter=362200 epoch=52 lr=7.13e-05 G=3.603 advA2B=0.592 advB2A=0.726 cycA=0.074 cycB=0.088 idtA=0.054 idtB=0.080 D_A=0.090 D_B=0.132 D_A(real)=0.83 D_A(fake)=0.17 gnG=35.05 gnD=14.11 it_per_s=9.45
2026-10-02 22:07:30,233 INFO iter=362300 epoch=52 lr=7.13e-05 G=3.605 advA2B=0.592 advB2A=0.727 cycA=0.074 cycB=0.088 idtA=0.054 idtB=0.080 D_A=0.090 D_B=0.131 D_A(real)=0.83 D_A(fake)=0.17 gnG=35.05 gnD=14.09 it_per_s=9.45
2026-10-02 22:07:40,817 INFO iter=362400 epoch=52 lr=7.13e-05 G=3.603 advA2B=0.592 advB2A=0.726 cycA=0.074 cycB=0.088 idtA=0.054 idtB=0.080 D_A=0.090 D_B=0.131 D_A(real)=0.83 D_A(fake)=0.17 gnG=34.96 gnD=14.08 it_per_s=9.45
2026-10-02 22:07:51,403 INFO iter=362500 epoch=52 lr=7.12e-05 G=3.600 advA2B=0.590 advB2A=0.725 cycA=0.074 cycB=0.088 idtA=0.054 idtB=0.080 D_A=0.090 D_B=0.131 D_A(real)=0.83 D_A(fake)=0.17 gnG=34.91 gnD=14.07 it_per_s=9.45
2026-10-02 22:08:01,983 INFO iter=362600 epoch=52 lr=7.12e-05 G=3.596 advA2B=0.590 advB2A=0.725 cycA=0.074 cycB=0.088 idtA=0.054 idtB=0.080 D_A=0.089 D_B=0.131 D_A(real)=0.83 D_A(fake)=0.17 gnG=34.87 gnD=14.08 it_per_s=9.45
2026-10-02 22:08:12,551 INFO iter=362700 epoch=52 lr=7.12e-05 G=3.595 advA2B=0.590 advB2A=0.726 cycA=0.074 cycB=0.088 idtA=0.054 idtB=0.080 D_A=0.090 D_B=0.131 D_A(real)=0.83 D_A(fake)=0.17 gnG=34.83 gnD=14.09 it_per_s=9.45
2026-10-02 22:08:23,143 INFO iter=362800 epoch=52 lr=7.11e-05 G=3.598 advA2B=0.592 advB2A=0.726 cycA=0.074 cycB=0.088 idtA=0.054 idtB=0.080 D_A=0.090 D_B=0.131 D_A(real)=0.83 D_A(fake)=0.17 gnG=34.82 gnD=14.09 it_per_s=9.45
2026-10-02 22:08:33,811 INFO iter=362900 epoch=52 lr=7.11e-05 G=3.599 advA2B=0.592 advB2A=0.726 cycA=0.074 cycB=0.088 idtA=0.054 idtB=0.080 D_A=0.090 D_B=0.131 D_A(real)=0.83 D_A(fake)=0.17 gnG=34.78 gnD=14.11 it_per_s=9.45
2026-10-02 22:08:44,382 INFO iter=363000 epoch=52 lr=7.11e-05 G=3.597 advA2B=0.591 advB2A=0.726 cycA=0.074 cycB=0.088 idtA=0.053 idtB=0.080 D_A=0.090 D_B=0.131 D_A(real)=0.83 D_A(fake)=0.17 gnG=34.76 gnD=14.12 it_per_s=9.45
2026-10-02 22:08:55,010 INFO iter=363100 epoch=52 lr=7.10e-05 G=3.595 advA2B=0.591 advB2A=0.725 cycA=0.074 cycB=0.088 idtA=0.053 idtB=0.080 D_A=0.090 D_B=0.131 D_A(real)=0.83 D_A(fake)=0.17 gnG=34.74 gnD=14.13 it_per_s=9.44
2026-10-02 22:09:05,613 INFO iter=363200 epoch=52 lr=7.10e-05 G=3.594 advA2B=0.591 advB2A=0.724 cycA=0.074 cycB=0.088 idtA=0.053 idtB=0.080 D_A=0.090 D_B=0.131 D_A(real)=0.83 D_A(fake)=0.17 gnG=34.74 gnD=14.13 it_per_s=9.44
2026-10-02 22:09:16,175 INFO iter=363300 epoch=52 lr=7.10e-05 G=3.595 advA2B=0.591 advB2A=0.724 cycA=0.074 cycB=0.088 idtA=0.053 idtB=0.080 D_A=0.090 D_B=0.131 D_A(real)=0.83 D_A(fake)=0.17 gnG=34.73 gnD=14.11 it_per_s=9.44
2026-10-02 22:09:26,754 INFO iter=363400 epoch=52 lr=7.09e-05 G=3.593 advA2B=0.590 advB2A=0.723 cycA=0.074 cycB=0.088 idtA=0.053 idtB=0.080 D_A=0.090 D_B=0.131 D_A(real)=0.83 D_A(fake)=0.17 gnG=34.72 gnD=14.11 it_per_s=9.44
2026-10-02 22:09:37,289 INFO iter=363500 epoch=52 lr=7.09e-05 G=3.591 advA2B=0.590 advB2A=0.722 cycA=0.074 cycB=0.088 idtA=0.053 idtB=0.080 D_A=0.090 D_B=0.131 D_A(real)=0.83 D_A(fake)=0.17 gnG=34.73 gnD=14.12 it_per_s=9.45
2026-10-02 22:09:47,969 INFO iter=363600 epoch=52 lr=7.08e-05 G=3.589 advA2B=0.590 advB2A=0.722 cycA=0.074 cycB=0.088 idtA=0.053 idtB=0.080 D_A=0.089 D_B=0.131 D_A(real)=0.83 D_A(fake)=0.17 gnG=34.72 gnD=14.11 it_per_s=9.44
2026-10-02 22:09:58,483 INFO iter=363700 epoch=52 lr=7.08e-05 G=3.586 advA2B=0.589 advB2A=0.722 cycA=0.073 cycB=0.088 idtA=0.053 idtB=0.080 D_A=0.089 D_B=0.131 D_A(real)=0.83 D_A(fake)=0.17 gnG=34.73 gnD=14.10 it_per_s=9.45
2026-10-02 22:10:09,041 INFO iter=363800 epoch=52 lr=7.08e-05 G=3.585 advA2B=0.588 advB2A=0.721 cycA=0.074 cycB=0.088 idtA=0.053 idtB=0.080 D_A=0.089 D_B=0.132 D_A(real)=0.83 D_A(fake)=0.17 gnG=34.65 gnD=14.10 it_per_s=9.45
2026-10-02 22:10:19,601 INFO iter=363900 epoch=52 lr=7.07e-05 G=3.584 advA2B=0.588 advB2A=0.721 cycA=0.073 cycB=0.088 idtA=0.053 idtB=0.080 D_A=0.089 D_B=0.132 D_A(real)=0.83 D_A(fake)=0.17 gnG=34.64 gnD=14.10 it_per_s=9.45
2026-10-02 22:10:30,167 INFO iter=364000 epoch=52 lr=7.07e-05 G=3.584 advA2B=0.587 advB2A=0.722 cycA=0.073 cycB=0.088 idtA=0.053 idtB=0.080 D_A=0.089 D_B=0.132 D_A(real)=0.83 D_A(fake)=0.17 gnG=34.69 gnD=14.10 it_per_s=9.45
2026-10-02 22:10:40,704 INFO iter=364100 epoch=52 lr=7.07e-05 G=3.584 advA2B=0.587 advB2A=0.721 cycA=0.073 cycB=0.088 idtA=0.053 idtB=0.080 D_A=0.089 D_B=0.132 D_A(real)=0.83 D_A(fake)=0.17 gnG=34.65 gnD=14.08 it_per_s=9.45
2026-10-02 22:10:51,279 INFO iter=364200 epoch=52 lr=7.06e-05 G=3.585 advA2B=0.587 advB2A=0.722 cycA=0.073 cycB=0.088 idtA=0.053 idtB=0.080 D_A=0.089 D_B=0.132 D_A(real)=0.83 D_A(fake)=0.17 gnG=34.61 gnD=14.09 it_per_s=9.45
2026-10-02 22:11:01,947 INFO iter=364300 epoch=52 lr=7.06e-05 G=3.585 advA2B=0.587 advB2A=0.722 cycA=0.073 cycB=0.088 idtA=0.053 idtB=0.080 D_A=0.089 D_B=0.132 D_A(real)=0.83 D_A(fake)=0.17 gnG=34.63 gnD=14.08 it_per_s=9.45
2026-10-02 22:11:12,585 INFO iter=364400 epoch=52 lr=7.06e-05 G=3.584 advA2B=0.587 advB2A=0.722 cycA=0.073 cycB=0.088 idtA=0.053 idtB=0.080 D_A=0.089 D_B=0.132 D_A(real)=0.83 D_A(fake)=0.17 gnG=34.64 gnD=14.09 it_per_s=9.45
2026-10-02 22:11:23,124 INFO iter=364500 epoch=52 lr=7.05e-05 G=3.587 advA2B=0.586 advB2A=0.723 cycA=0.073 cycB=0.088 idtA=0.053 idtB=0.080 D_A=0.089 D_B=0.132 D_A(real)=0.83 D_A(fake)=0.17 gnG=34.66 gnD=14.08 it_per_s=9.45
2026-10-02 22:11:33,659 INFO iter=364600 epoch=52 lr=7.05e-05 G=3.587 advA2B=0.586 advB2A=0.723 cycA=0.073 cycB=0.088 idtA=0.053 idtB=0.080 D_A=0.089 D_B=0.132 D_A(real)=0.83 D_A(fake)=0.17 gnG=34.65 gnD=14.08 it_per_s=9.45
2026-10-02 22:11:44,220 INFO iter=364700 epoch=52 lr=7.05e-05 G=3.587 advA2B=0.586 advB2A=0.723 cycA=0.074 cycB=0.088 idtA=0.053 idtB=0.080 D_A=0.089 D_B=0.132 D_A(real)=0.83 D_A(fake)=0.17 gnG=34.62 gnD=14.09 it_per_s=9.45
2026-10-02 22:11:54,765 INFO iter=364800 epoch=52 lr=7.04e-05 G=3.588 advA2B=0.585 advB2A=0.724 cycA=0.074 cycB=0.088 idtA=0.053 idtB=0.080 D_A=0.089 D_B=0.132 D_A(real)=0.83 D_A(fake)=0.17 gnG=34.60 gnD=14.09 it_per_s=9.45
2026-10-02 22:12:05,356 INFO iter=364900 epoch=52 lr=7.04e-05 G=3.587 advA2B=0.584 advB2A=0.725 cycA=0.074 cycB=0.088 idtA=0.053 idtB=0.080 D_A=0.089 D_B=0.132 D_A(real)=0.83 D_A(fake)=0.17 gnG=34.61 gnD=14.08 it_per_s=9.45
2026-10-02 22:12:15,952 INFO iter=365000 epoch=52 lr=7.03e-05 G=3.586 advA2B=0.584 advB2A=0.724 cycA=0.074 cycB=0.088 idtA=0.053 idtB=0.080 D_A=0.089 D_B=0.132 D_A(real)=0.83 D_A(fake)=0.17 gnG=34.62 gnD=14.08 it_per_s=9.45
2026-10-02 22:12:26,527 INFO iter=365100 epoch=52 lr=7.03e-05 G=3.586 advA2B=0.584 advB2A=0.724 cycA=0.074 cycB=0.088 idtA=0.053 idtB=0.080 D_A=0.089 D_B=0.132 D_A(real)=0.83 D_A(fake)=0.17 gnG=34.69 gnD=14.08 it_per_s=9.45
2026-10-02 22:12:37,093 INFO iter=365200 epoch=52 lr=7.03e-05 G=3.586 advA2B=0.583 advB2A=0.725 cycA=0.074 cycB=0.088 idtA=0.053 idtB=0.080 D_A=0.089 D_B=0.132 D_A(real)=0.83 D_A(fake)=0.17 gnG=34.70 gnD=14.09 it_per_s=9.45
2026-10-02 22:12:47,693 INFO iter=365300 epoch=52 lr=7.02e-05 G=3.583 advA2B=0.582 advB2A=0.724 cycA=0.074 cycB=0.088 idtA=0.053 idtB=0.080 D_A=0.089 D_B=0.132 D_A(real)=0.83 D_A(fake)=0.17 gnG=34.66 gnD=14.09 it_per_s=9.45
2026-10-02 22:12:58,329 INFO iter=365400 epoch=52 lr=7.02e-05 G=3.582 advA2B=0.581 advB2A=0.724 cycA=0.074 cycB=0.088 idtA=0.053 idtB=0.080 D_A=0.089 D_B=0.132 D_A(real)=0.83 D_A(fake)=0.17 gnG=34.63 gnD=14.09 it_per_s=9.45
2026-10-02 22:13:08,884 INFO iter=365500 epoch=52 lr=7.02e-05 G=3.583 advA2B=0.581 advB2A=0.724 cycA=0.074 cycB=0.088 idtA=0.053 idtB=0.080 D_A=0.089 D_B=0.132 D_A(real)=0.83 D_A(fake)=0.17 gnG=34.58 gnD=14.09 it_per_s=9.45
2026-10-02 22:13:19,455 INFO iter=365600 epoch=52 lr=7.01e-05 G=3.582 advA2B=0.581 advB2A=0.723 cycA=0.074 cycB=0.088 idtA=0.054 idtB=0.079 D_A=0.089 D_B=0.132 D_A(real)=0.83 D_A(fake)=0.17 gnG=34.53 gnD=14.09 it_per_s=9.45
2026-10-02 22:13:29,971 INFO iter=365700 epoch=52 lr=7.01e-05 G=3.581 advA2B=0.580 advB2A=0.724 cycA=0.074 cycB=0.088 idtA=0.054 idtB=0.079 D_A=0.089 D_B=0.132 D_A(real)=0.83 D_A(fake)=0.17 gnG=34.50 gnD=14.10 it_per_s=9.45
2026-10-02 22:13:40,575 INFO iter=365800 epoch=52 lr=7.01e-05 G=3.579 advA2B=0.580 advB2A=0.724 cycA=0.074 cycB=0.088 idtA=0.053 idtB=0.079 D_A=0.089 D_B=0.132 D_A(real)=0.83 D_A(fake)=0.17 gnG=34.50 gnD=14.11 it_per_s=9.45
2026-10-02 22:13:51,107 INFO iter=365900 epoch=52 lr=7.00e-05 G=3.579 advA2B=0.580 advB2A=0.725 cycA=0.073 cycB=0.088 idtA=0.053 idtB=0.079 D_A=0.089 D_B=0.132 D_A(real)=0.83 D_A(fake)=0.17 gnG=34.56 gnD=14.11 it_per_s=9.45
2026-10-02 22:13:59,143 INFO epoch=52 done time_s=745 it_per_s=9.45 G=3.580 cycA=0.073 cycB=0.088 idtA=0.053 idtB=0.079 D_A=0.089 D_B=0.133 D_A(real)=0.83 D_A(fake)=0.17 nan_count=0
2026-10-02 22:14:02,321 INFO iter=366000 epoch=53 lr=7.00e-05 G=3.692 advA2B=0.515 advB2A=0.940 cycA=0.072 cycB=0.082 idtA=0.054 idtB=0.084 D_A=0.085 D_B=0.148 D_A(real)=0.83 D_A(fake)=0.16 gnG=39.63 gnD=15.64 it_per_s=9.36
2026-10-02 22:14:12,899 INFO iter=366100 epoch=53 lr=7.00e-05 G=3.545 advA2B=0.573 advB2A=0.744 cycA=0.071 cycB=0.087 idtA=0.052 idtB=0.078 D_A=0.086 D_B=0.136 D_A(real)=0.83 D_A(fake)=0.17 gnG=35.58 gnD=14.65 it_per_s=9.43
2026-10-02 22:14:23,509 INFO iter=366200 epoch=53 lr=6.99e-05 G=3.491 advA2B=0.580 advB2A=0.726 cycA=0.071 cycB=0.084 idtA=0.052 idtB=0.075 D_A=0.084 D_B=0.135 D_A(real)=0.83 D_A(fake)=0.17 gnG=35.38 gnD=14.61 it_per_s=9.43
2026-10-02 22:14:34,259 INFO iter=366300 epoch=53 lr=6.99e-05 G=3.555 advA2B=0.588 advB2A=0.744 cycA=0.072 cycB=0.086 idtA=0.053 idtB=0.076 D_A=0.083 D_B=0.135 D_A(real)=0.84 D_A(fake)=0.16 gnG=36.21 gnD=14.53 it_per_s=9.39
2026-10-02 22:14:44,854 INFO iter=366400 epoch=53 lr=6.98e-05 G=3.546 advA2B=0.579 advB2A=0.743 cycA=0.073 cycB=0.085 idtA=0.053 idtB=0.076 D_A=0.085 D_B=0.134 D_A(real)=0.83 D_A(fake)=0.17 gnG=35.50 gnD=14.41 it_per_s=9.40
2026-10-02 22:14:55,482 INFO iter=366500 epoch=53 lr=6.98e-05 G=3.546 advA2B=0.579 advB2A=0.736 cycA=0.073 cycB=0.086 idtA=0.053 idtB=0.077 D_A=0.087 D_B=0.132 D_A(real)=0.83 D_A(fake)=0.17 gnG=35.27 gnD=14.31 it_per_s=9.40
2026-10-02 22:15:06,094 INFO iter=366600 epoch=53 lr=6.98e-05 G=3.557 advA2B=0.588 advB2A=0.729 cycA=0.073 cycB=0.086 idtA=0.053 idtB=0.078 D_A=0.087 D_B=0.133 D_A(real)=0.83 D_A(fake)=0.17 gnG=36.30 gnD=14.33 it_per_s=9.41
2026-10-02 22:15:16,683 INFO iter=366700 epoch=53 lr=6.97e-05 G=3.549 advA2B=0.580 advB2A=0.725 cycA=0.073 cycB=0.086 idtA=0.053 idtB=0.078 D_A=0.087 D_B=0.133 D_A(real)=0.83 D_A(fake)=0.17 gnG=35.82 gnD=14.33 it_per_s=9.41
2026-10-02 22:15:27,324 INFO iter=366800 epoch=53 lr=6.97e-05 G=3.548 advA2B=0.580 advB2A=0.725 cycA=0.073 cycB=0.086 idtA=0.053 idtB=0.078 D_A=0.087 D_B=0.132 D_A(real)=0.83 D_A(fake)=0.17 gnG=35.18 gnD=14.33 it_per_s=9.41
2026-10-02 22:15:37,861 INFO iter=366900 epoch=53 lr=6.97e-05 G=3.567 advA2B=0.580 advB2A=0.734 cycA=0.073 cycB=0.086 idtA=0.053 idtB=0.079 D_A=0.087 D_B=0.133 D_A(real)=0.83 D_A(fake)=0.17 gnG=35.33 gnD=14.38 it_per_s=9.42
2026-10-02 22:15:48,427 INFO iter=367000 epoch=53 lr=6.96e-05 G=3.570 advA2B=0.582 advB2A=0.730 cycA=0.073 cycB=0.087 idtA=0.053 idtB=0.079 D_A=0.087 D_B=0.132 D_A(real)=0.83 D_A(fake)=0.17 gnG=35.42 gnD=14.35 it_per_s=9.42
2026-10-02 22:15:59,042 INFO iter=367100 epoch=53 lr=6.96e-05 G=3.572 advA2B=0.581 advB2A=0.729 cycA=0.073 cycB=0.087 idtA=0.053 idtB=0.080 D_A=0.088 D_B=0.133 D_A(real)=0.83 D_A(fake)=0.17 gnG=35.40 gnD=14.38 it_per_s=9.42
2026-10-02 22:16:09,637 INFO iter=367200 epoch=53 lr=6.96e-05 G=3.572 advA2B=0.582 advB2A=0.728 cycA=0.073 cycB=0.087 idtA=0.053 idtB=0.080 D_A=0.089 D_B=0.133 D_A(real)=0.83 D_A(fake)=0.17 gnG=35.19 gnD=14.38 it_per_s=9.42
2026-10-02 22:16:20,334 INFO iter=367300 epoch=53 lr=6.95e-05 G=3.571 advA2B=0.581 advB2A=0.729 cycA=0.073 cycB=0.087 idtA=0.053 idtB=0.080 D_A=0.090 D_B=0.133 D_A(real)=0.83 D_A(fake)=0.17 gnG=34.95 gnD=14.42 it_per_s=9.42
2026-10-02 22:16:30,895 INFO iter=367400 epoch=53 lr=6.95e-05 G=3.572 advA2B=0.581 advB2A=0.729 cycA=0.073 cycB=0.087 idtA=0.053 idtB=0.080 D_A=0.089 D_B=0.133 D_A(real)=0.83 D_A(fake)=0.17 gnG=34.78 gnD=14.36 it_per_s=9.42
2026-10-02 22:16:41,481 INFO iter=367500 epoch=53 lr=6.95e-05 G=3.578 advA2B=0.583 advB2A=0.731 cycA=0.073 cycB=0.087 idtA=0.053 idtB=0.080 D_A=0.090 D_B=0.133 D_A(real)=0.83 D_A(fake)=0.17 gnG=34.72 gnD=14.31 it_per_s=9.42
2026-10-02 22:16:52,047 INFO iter=367600 epoch=53 lr=6.94e-05 G=3.571 advA2B=0.582 advB2A=0.728 cycA=0.073 cycB=0.087 idtA=0.053 idtB=0.080 D_A=0.089 D_B=0.133 D_A(real)=0.83 D_A(fake)=0.17 gnG=34.68 gnD=14.28 it_per_s=9.43
2026-10-02 22:17:02,736 INFO iter=367700 epoch=53 lr=6.94e-05 G=3.573 advA2B=0.580 advB2A=0.729 cycA=0.073 cycB=0.087 idtA=0.053 idtB=0.080 D_A=0.089 D_B=0.133 D_A(real)=0.83 D_A(fake)=0.17 gnG=34.67 gnD=14.24 it_per_s=9.42
2026-10-02 22:17:13,329 INFO iter=367800 epoch=53 lr=6.94e-05 G=3.573 advA2B=0.580 advB2A=0.726 cycA=0.073 cycB=0.087 idtA=0.053 idtB=0.080 D_A=0.090 D_B=0.132 D_A(real)=0.83 D_A(fake)=0.17 gnG=34.59 gnD=14.23 it_per_s=9.42
2026-10-02 22:17:23,922 INFO iter=367900 epoch=53 lr=6.93e-05 G=3.571 advA2B=0.581 advB2A=0.728 cycA=0.073 cycB=0.087 idtA=0.053 idtB=0.080 D_A=0.090 D_B=0.132 D_A(real)=0.83 D_A(fake)=0.17 gnG=34.63 gnD=14.23 it_per_s=9.42
2026-10-02 22:17:34,499 INFO iter=368000 epoch=53 lr=6.93e-05 G=3.576 advA2B=0.581 advB2A=0.730 cycA=0.073 cycB=0.087 idtA=0.053 idtB=0.080 D_A=0.090 D_B=0.132 D_A(real)=0.83 D_A(fake)=0.17 gnG=34.66 gnD=14.22 it_per_s=9.43
2026-10-02 22:17:45,099 INFO iter=368100 epoch=53 lr=6.92e-05 G=3.574 advA2B=0.578 advB2A=0.731 cycA=0.073 cycB=0.087 idtA=0.053 idtB=0.080 D_A=0.090 D_B=0.133 D_A(real)=0.83 D_A(fake)=0.17 gnG=34.74 gnD=14.26 it_per_s=9.43
2026-10-02 22:17:55,725 INFO iter=368200 epoch=53 lr=6.92e-05 G=3.580 advA2B=0.577 advB2A=0.734 cycA=0.073 cycB=0.087 idtA=0.053 idtB=0.080 D_A=0.090 D_B=0.133 D_A(real)=0.83 D_A(fake)=0.17 gnG=34.74 gnD=14.25 it_per_s=9.42
2026-10-02 22:18:06,337 INFO iter=368300 epoch=53 lr=6.92e-05 G=3.580 advA2B=0.578 advB2A=0.737 cycA=0.073 cycB=0.087 idtA=0.053 idtB=0.080 D_A=0.090 D_B=0.133 D_A(real)=0.83 D_A(fake)=0.17 gnG=34.70 gnD=14.22 it_per_s=9.42
2026-10-02 22:18:16,868 INFO iter=368400 epoch=53 lr=6.91e-05 G=3.582 advA2B=0.578 advB2A=0.737 cycA=0.073 cycB=0.087 idtA=0.053 idtB=0.080 D_A=0.090 D_B=0.133 D_A(real)=0.83 D_A(fake)=0.17 gnG=34.73 gnD=14.20 it_per_s=9.43
2026-10-02 22:18:27,460 INFO iter=368500 epoch=53 lr=6.91e-05 G=3.579 advA2B=0.576 advB2A=0.740 cycA=0.073 cycB=0.087 idtA=0.053 idtB=0.080 D_A=0.090 D_B=0.133 D_A(real)=0.83 D_A(fake)=0.17 gnG=34.86 gnD=14.18 it_per_s=9.43
2026-10-02 22:18:38,045 INFO iter=368600 epoch=53 lr=6.91e-05 G=3.577 advA2B=0.576 advB2A=0.738 cycA=0.073 cycB=0.087 idtA=0.053 idtB=0.080 D_A=0.090 D_B=0.133 D_A(real)=0.83 D_A(fake)=0.17 gnG=34.84 gnD=14.19 it_per_s=9.43
2026-10-02 22:18:48,588 INFO iter=368700 epoch=53 lr=6.90e-05 G=3.573 advA2B=0.574 advB2A=0.735 cycA=0.073 cycB=0.087 idtA=0.053 idtB=0.080 D_A=0.089 D_B=0.133 D_A(real)=0.83 D_A(fake)=0.17 gnG=34.75 gnD=14.16 it_per_s=9.43
2026-10-02 22:18:59,140 INFO iter=368800 epoch=53 lr=6.90e-05 G=3.577 advA2B=0.575 advB2A=0.738 cycA=0.073 cycB=0.087 idtA=0.053 idtB=0.080 D_A=0.089 D_B=0.133 D_A(real)=0.83 D_A(fake)=0.17 gnG=34.76 gnD=14.17 it_per_s=9.43
2026-10-02 22:19:09,733 INFO iter=368900 epoch=53 lr=6.90e-05 G=3.575 advA2B=0.574 advB2A=0.737 cycA=0.073 cycB=0.087 idtA=0.053 idtB=0.079 D_A=0.089 D_B=0.133 D_A(real)=0.83 D_A(fake)=0.17 gnG=34.75 gnD=14.18 it_per_s=9.43
2026-10-02 22:19:20,384 INFO iter=369000 epoch=53 lr=6.89e-05 G=3.573 advA2B=0.575 advB2A=0.737 cycA=0.073 cycB=0.087 idtA=0.053 idtB=0.079 D_A=0.089 D_B=0.133 D_A(real)=0.83 D_A(fake)=0.17 gnG=34.77 gnD=14.18 it_per_s=9.43
2026-10-02 22:19:30,964 INFO iter=369100 epoch=53 lr=6.89e-05 G=3.570 advA2B=0.575 advB2A=0.736 cycA=0.073 cycB=0.087 idtA=0.053 idtB=0.079 D_A=0.089 D_B=0.133 D_A(real)=0.83 D_A(fake)=0.17 gnG=34.77 gnD=14.15 it_per_s=9.43
2026-10-02 22:19:41,466 INFO iter=369200 epoch=53 lr=6.89e-05 G=3.569 advA2B=0.575 advB2A=0.736 cycA=0.073 cycB=0.087 idtA=0.053 idtB=0.079 D_A=0.089 D_B=0.134 D_A(real)=0.83 D_A(fake)=0.17 gnG=34.74 gnD=14.15 it_per_s=9.43
2026-10-02 22:19:52,055 INFO iter=369300 epoch=53 lr=6.88e-05 G=3.572 advA2B=0.577 advB2A=0.737 cycA=0.073 cycB=0.086 idtA=0.053 idtB=0.079 D_A=0.089 D_B=0.134 D_A(real)=0.83 D_A(fake)=0.17 gnG=34.89 gnD=14.15 it_per_s=9.44
2026-10-02 22:20:02,624 INFO iter=369400 epoch=53 lr=6.88e-05 G=3.574 advA2B=0.578 advB2A=0.738 cycA=0.073 cycB=0.087 idtA=0.053 idtB=0.079 D_A=0.088 D_B=0.134 D_A(real)=0.83 D_A(fake)=0.17 gnG=34.88 gnD=14.13 it_per_s=9.44
2026-10-02 22:20:13,218 INFO iter=369500 epoch=53 lr=6.87e-05 G=3.569 advA2B=0.579 advB2A=0.736 cycA=0.073 cycB=0.086 idtA=0.053 idtB=0.079 D_A=0.088 D_B=0.133 D_A(real)=0.83 D_A(fake)=0.17 gnG=34.88 gnD=14.12 it_per_s=9.44
2026-10-02 22:20:23,788 INFO iter=369600 epoch=53 lr=6.87e-05 G=3.572 advA2B=0.579 advB2A=0.737 cycA=0.073 cycB=0.087 idtA=0.053 idtB=0.079 D_A=0.088 D_B=0.133 D_A(real)=0.83 D_A(fake)=0.17 gnG=34.84 gnD=14.14 it_per_s=9.44
2026-10-02 22:20:34,352 INFO iter=369700 epoch=53 lr=6.87e-05 G=3.573 advA2B=0.579 advB2A=0.738 cycA=0.073 cycB=0.087 idtA=0.053 idtB=0.079 D_A=0.088 D_B=0.133 D_A(real)=0.83 D_A(fake)=0.17 gnG=34.79 gnD=14.13 it_per_s=9.44
2026-10-02 22:20:45,004 INFO iter=369800 epoch=53 lr=6.86e-05 G=3.571 advA2B=0.579 advB2A=0.736 cycA=0.073 cycB=0.087 idtA=0.053 idtB=0.079 D_A=0.089 D_B=0.133 D_A(real)=0.83 D_A(fake)=0.17 gnG=34.76 gnD=14.15 it_per_s=9.44
2026-10-02 22:20:55,596 INFO iter=369900 epoch=53 lr=6.86e-05 G=3.569 advA2B=0.578 advB2A=0.735 cycA=0.073 cycB=0.087 idtA=0.053 idtB=0.079 D_A=0.088 D_B=0.133 D_A(real)=0.83 D_A(fake)=0.17 gnG=34.69 gnD=14.15 it_per_s=9.44
2026-10-02 22:21:06,132 INFO iter=370000 epoch=53 lr=6.86e-05 G=3.568 advA2B=0.578 advB2A=0.736 cycA=0.073 cycB=0.087 idtA=0.053 idtB=0.079 D_A=0.088 D_B=0.133 D_A(real)=0.83 D_A(fake)=0.17 gnG=34.78 gnD=14.14 it_per_s=9.44
2026-10-02 22:21:16,724 INFO iter=370100 epoch=53 lr=6.85e-05 G=3.570 advA2B=0.579 advB2A=0.738 cycA=0.073 cycB=0.087 idtA=0.053 idtB=0.078 D_A=0.088 D_B=0.133 D_A(real)=0.83 D_A(fake)=0.17 gnG=34.92 gnD=14.14 it_per_s=9.44
2026-10-02 22:21:27,306 INFO iter=370200 epoch=53 lr=6.85e-05 G=3.570 advA2B=0.578 advB2A=0.739 cycA=0.073 cycB=0.087 idtA=0.053 idtB=0.078 D_A=0.088 D_B=0.133 D_A(real)=0.83 D_A(fake)=0.17 gnG=34.92 gnD=14.15 it_per_s=9.44
2026-10-02 22:21:37,896 INFO iter=370300 epoch=53 lr=6.85e-05 G=3.569 advA2B=0.576 advB2A=0.739 cycA=0.073 cycB=0.087 idtA=0.053 idtB=0.079 D_A=0.088 D_B=0.133 D_A(real)=0.83 D_A(fake)=0.17 gnG=34.88 gnD=14.15 it_per_s=9.44
2026-10-02 22:21:48,466 INFO iter=370400 epoch=53 lr=6.84e-05 G=3.568 advA2B=0.576 advB2A=0.739 cycA=0.073 cycB=0.087 idtA=0.053 idtB=0.078 D_A=0.088 D_B=0.134 D_A(real)=0.83 D_A(fake)=0.17 gnG=34.84 gnD=14.14 it_per_s=9.44
2026-10-02 22:21:59,086 INFO iter=370500 epoch=53 lr=6.84e-05 G=3.566 advA2B=0.578 advB2A=0.739 cycA=0.073 cycB=0.086 idtA=0.053 idtB=0.078 D_A=0.088 D_B=0.133 D_A(real)=0.83 D_A(fake)=0.17 gnG=34.91 gnD=14.13 it_per_s=9.44
2026-10-02 22:22:09,662 INFO iter=370600 epoch=53 lr=6.84e-05 G=3.563 advA2B=0.577 advB2A=0.737 cycA=0.073 cycB=0.086 idtA=0.053 idtB=0.078 D_A=0.088 D_B=0.134 D_A(real)=0.83 D_A(fake)=0.17 gnG=34.88 gnD=14.14 it_per_s=9.44
2026-10-02 22:22:20,249 INFO iter=370700 epoch=53 lr=6.83e-05 G=3.565 advA2B=0.578 advB2A=0.737 cycA=0.073 cycB=0.086 idtA=0.053 idtB=0.078 D_A=0.088 D_B=0.134 D_A(real)=0.83 D_A(fake)=0.17 gnG=34.90 gnD=14.14 it_per_s=9.44
2026-10-02 22:22:30,821 INFO iter=370800 epoch=53 lr=6.83e-05 G=3.563 advA2B=0.577 advB2A=0.737 cycA=0.073 cycB=0.086 idtA=0.053 idtB=0.078 D_A=0.087 D_B=0.134 D_A(real)=0.83 D_A(fake)=0.17 gnG=34.85 gnD=14.14 it_per_s=9.44
2026-10-02 22:22:41,317 INFO iter=370900 epoch=53 lr=6.83e-05 G=3.564 advA2B=0.576 advB2A=0.738 cycA=0.073 cycB=0.086 idtA=0.053 idtB=0.078 D_A=0.087 D_B=0.134 D_A(real)=0.83 D_A(fake)=0.17 gnG=34.89 gnD=14.11 it_per_s=9.44
2026-10-02 22:22:51,895 INFO iter=371000 epoch=53 lr=6.82e-05 G=3.567 advA2B=0.577 advB2A=0.739 cycA=0.073 cycB=0.087 idtA=0.053 idtB=0.078 D_A=0.087 D_B=0.134 D_A(real)=0.83 D_A(fake)=0.17 gnG=34.85 gnD=14.11 it_per_s=9.44
2026-10-02 22:23:02,501 INFO iter=371100 epoch=53 lr=6.82e-05 G=3.568 advA2B=0.576 advB2A=0.739 cycA=0.073 cycB=0.087 idtA=0.053 idtB=0.078 D_A=0.087 D_B=0.133 D_A(real)=0.83 D_A(fake)=0.17 gnG=34.90 gnD=14.08 it_per_s=9.44
2026-10-02 22:23:13,051 INFO iter=371200 epoch=53 lr=6.81e-05 G=3.569 advA2B=0.575 advB2A=0.739 cycA=0.073 cycB=0.087 idtA=0.053 idtB=0.078 D_A=0.087 D_B=0.133 D_A(real)=0.83 D_A(fake)=0.17 gnG=34.81 gnD=14.09 it_per_s=9.44
2026-10-02 22:23:23,550 INFO iter=371300 epoch=53 lr=6.81e-05 G=3.567 advA2B=0.575 advB2A=0.739 cycA=0.073 cycB=0.087 idtA=0.053 idtB=0.078 D_A=0.087 D_B=0.133 D_A(real)=0.83 D_A(fake)=0.17 gnG=34.78 gnD=14.08 it_per_s=9.44
2026-10-02 22:23:34,162 INFO iter=371400 epoch=53 lr=6.81e-05 G=3.568 advA2B=0.576 advB2A=0.738 cycA=0.073 cycB=0.087 idtA=0.053 idtB=0.078 D_A=0.087 D_B=0.133 D_A(real)=0.83 D_A(fake)=0.17 gnG=34.78 gnD=14.05 it_per_s=9.44
2026-10-02 22:23:44,711 INFO iter=371500 epoch=53 lr=6.80e-05 G=3.569 advA2B=0.577 advB2A=0.738 cycA=0.073 cycB=0.087 idtA=0.053 idtB=0.078 D_A=0.087 D_B=0.133 D_A(real)=0.83 D_A(fake)=0.17 gnG=34.82 gnD=14.05 it_per_s=9.44
2026-10-02 22:23:55,512 INFO iter=371600 epoch=53 lr=6.80e-05 G=3.569 advA2B=0.578 advB2A=0.737 cycA=0.073 cycB=0.087 idtA=0.053 idtB=0.078 D_A=0.087 D_B=0.133 D_A(real)=0.83 D_A(fake)=0.17 gnG=34.83 gnD=14.07 it_per_s=9.44
2026-10-02 22:24:06,194 INFO iter=371700 epoch=53 lr=6.80e-05 G=3.569 advA2B=0.578 advB2A=0.736 cycA=0.073 cycB=0.087 idtA=0.053 idtB=0.078 D_A=0.087 D_B=0.133 D_A(real)=0.83 D_A(fake)=0.17 gnG=34.83 gnD=14.08 it_per_s=9.44
2026-10-02 22:24:16,867 INFO iter=371800 epoch=53 lr=6.79e-05 G=3.570 advA2B=0.578 advB2A=0.736 cycA=0.073 cycB=0.087 idtA=0.053 idtB=0.078 D_A=0.087 D_B=0.134 D_A(real)=0.83 D_A(fake)=0.17 gnG=34.84 gnD=14.08 it_per_s=9.44
2026-10-02 22:24:27,416 INFO iter=371900 epoch=53 lr=6.79e-05 G=3.569 advA2B=0.578 advB2A=0.736 cycA=0.073 cycB=0.087 idtA=0.053 idtB=0.078 D_A=0.087 D_B=0.134 D_A(real)=0.83 D_A(fake)=0.17 gnG=34.82 gnD=14.09 it_per_s=9.44
2026-10-02 22:24:38,017 INFO iter=372000 epoch=53 lr=6.79e-05 G=3.571 advA2B=0.578 advB2A=0.737 cycA=0.073 cycB=0.087 idtA=0.053 idtB=0.078 D_A=0.087 D_B=0.134 D_A(real)=0.83 D_A(fake)=0.17 gnG=34.85 gnD=14.09 it_per_s=9.44
2026-10-02 22:24:48,550 INFO iter=372100 epoch=53 lr=6.78e-05 G=3.570 advA2B=0.578 advB2A=0.737 cycA=0.073 cycB=0.087 idtA=0.053 idtB=0.078 D_A=0.087 D_B=0.134 D_A(real)=0.83 D_A(fake)=0.17 gnG=34.83 gnD=14.10 it_per_s=9.44
2026-10-02 22:24:59,089 INFO iter=372200 epoch=53 lr=6.78e-05 G=3.569 advA2B=0.577 advB2A=0.737 cycA=0.073 cycB=0.087 idtA=0.053 idtB=0.078 D_A=0.087 D_B=0.134 D_A(real)=0.83 D_A(fake)=0.17 gnG=34.82 gnD=14.10 it_per_s=9.44
2026-10-02 22:25:09,651 INFO iter=372300 epoch=53 lr=6.78e-05 G=3.568 advA2B=0.577 advB2A=0.737 cycA=0.073 cycB=0.087 idtA=0.053 idtB=0.078 D_A=0.087 D_B=0.134 D_A(real)=0.83 D_A(fake)=0.17 gnG=34.83 gnD=14.10 it_per_s=9.44
2026-10-02 22:25:20,210 INFO iter=372400 epoch=53 lr=6.77e-05 G=3.567 advA2B=0.576 advB2A=0.736 cycA=0.073 cycB=0.087 idtA=0.053 idtB=0.078 D_A=0.087 D_B=0.134 D_A(real)=0.83 D_A(fake)=0.17 gnG=34.81 gnD=14.10 it_per_s=9.44
2026-10-02 22:25:30,852 INFO iter=372500 epoch=53 lr=6.77e-05 G=3.566 advA2B=0.576 advB2A=0.736 cycA=0.073 cycB=0.087 idtA=0.053 idtB=0.078 D_A=0.087 D_B=0.134 D_A(real)=0.83 D_A(fake)=0.17 gnG=34.84 gnD=14.09 it_per_s=9.44
2026-10-02 22:25:41,423 INFO iter=372600 epoch=53 lr=6.76e-05 G=3.566 advA2B=0.576 advB2A=0.735 cycA=0.073 cycB=0.087 idtA=0.053 idtB=0.078 D_A=0.087 D_B=0.134 D_A(real)=0.83 D_A(fake)=0.17 gnG=34.81 gnD=14.09 it_per_s=9.44
2026-10-02 22:25:51,969 INFO iter=372700 epoch=53 lr=6.76e-05 G=3.566 advA2B=0.575 advB2A=0.735 cycA=0.073 cycB=0.087 idtA=0.053 idtB=0.078 D_A=0.087 D_B=0.133 D_A(real)=0.83 D_A(fake)=0.17 gnG=34.78 gnD=14.08 it_per_s=9.44
2026-10-02 22:26:02,555 INFO iter=372800 epoch=53 lr=6.76e-05 G=3.565 advA2B=0.576 advB2A=0.734 cycA=0.073 cycB=0.087 idtA=0.053 idtB=0.078 D_A=0.087 D_B=0.133 D_A(real)=0.83 D_A(fake)=0.17 gnG=34.80 gnD=14.08 it_per_s=9.44
2026-10-02 22:26:13,098 INFO iter=372900 epoch=53 lr=6.75e-05 G=3.565 advA2B=0.576 advB2A=0.734 cycA=0.073 cycB=0.087 idtA=0.053 idtB=0.078 D_A=0.087 D_B=0.134 D_A(real)=0.83 D_A(fake)=0.17 gnG=34.79 gnD=14.08 it_per_s=9.44
2026-10-02 22:26:23,635 INFO iter=373000 epoch=53 lr=6.75e-05 G=3.565 advA2B=0.576 advB2A=0.733 cycA=0.073 cycB=0.087 idtA=0.053 idtB=0.078 D_A=0.087 D_B=0.133 D_A(real)=0.83 D_A(fake)=0.17 gnG=34.76 gnD=14.07 it_per_s=9.44
2026-10-02 22:26:25,102 INFO epoch=53 done time_s=745 it_per_s=9.44 G=3.564 cycA=0.073 cycB=0.087 idtA=0.053 idtB=0.078 D_A=0.087 D_B=0.133 D_A(real)=0.83 D_A(fake)=0.17 nan_count=0
2026-10-02 22:26:34,860 INFO iter=373100 epoch=54 lr=6.75e-05 G=3.577 advA2B=0.586 advB2A=0.745 cycA=0.075 cycB=0.084 idtA=0.055 idtB=0.077 D_A=0.086 D_B=0.131 D_A(real)=0.81 D_A(fake)=0.17 gnG=35.04 gnD=13.47 it_per_s=9.40
2026-10-02 22:26:45,469 INFO iter=373200 epoch=54 lr=6.74e-05 G=3.526 advA2B=0.572 advB2A=0.737 cycA=0.074 cycB=0.083 idtA=0.054 idtB=0.075 D_A=0.090 D_B=0.133 D_A(real)=0.82 D_A(fake)=0.17 gnG=33.30 gnD=13.71 it_per_s=9.41
2026-10-02 22:26:56,079 INFO iter=373300 epoch=54 lr=6.74e-05 G=3.530 advA2B=0.570 advB2A=0.745 cycA=0.074 cycB=0.084 idtA=0.053 idtB=0.075 D_A=0.088 D_B=0.135 D_A(real)=0.82 D_A(fake)=0.17 gnG=33.57 gnD=13.70 it_per_s=9.42
2026-10-02 22:27:06,654 INFO iter=373400 epoch=54 lr=6.74e-05 G=3.529 advA2B=0.583 advB2A=0.741 cycA=0.073 cycB=0.084 idtA=0.053 idtB=0.075 D_A=0.089 D_B=0.134 D_A(real)=0.82 D_A(fake)=0.17 gnG=33.66 gnD=13.69 it_per_s=9.43
2026-10-02 22:27:17,251 INFO iter=373500 epoch=54 lr=6.73e-05 G=3.543 advA2B=0.591 advB2A=0.740 cycA=0.073 cycB=0.084 idtA=0.052 idtB=0.076 D_A=0.087 D_B=0.135 D_A(real)=0.83 D_A(fake)=0.17 gnG=34.02 gnD=13.69 it_per_s=9.43
2026-10-02 22:27:27,863 INFO iter=373600 epoch=54 lr=6.73e-05 G=3.573 advA2B=0.596 advB2A=0.743 cycA=0.073 cycB=0.085 idtA=0.053 idtB=0.078 D_A=0.085 D_B=0.133 D_A(real)=0.84 D_A(fake)=0.16 gnG=34.07 gnD=13.61 it_per_s=9.43
2026-10-02 22:27:38,436 INFO iter=373700 epoch=54 lr=6.73e-05 G=3.574 advA2B=0.589 advB2A=0.737 cycA=0.073 cycB=0.086 idtA=0.053 idtB=0.078 D_A=0.086 D_B=0.134 D_A(real)=0.84 D_A(fake)=0.16 gnG=34.39 gnD=13.75 it_per_s=9.43
2026-10-02 22:27:49,009 INFO iter=373800 epoch=54 lr=6.72e-05 G=3.571 advA2B=0.586 advB2A=0.738 cycA=0.073 cycB=0.086 idtA=0.053 idtB=0.078 D_A=0.086 D_B=0.134 D_A(real)=0.83 D_A(fake)=0.16 gnG=34.26 gnD=13.78 it_per_s=9.44
2026-10-02 22:27:59,615 INFO iter=373900 epoch=54 lr=6.72e-05 G=3.575 advA2B=0.582 advB2A=0.736 cycA=0.073 cycB=0.087 idtA=0.053 idtB=0.079 D_A=0.086 D_B=0.132 D_A(real)=0.83 D_A(fake)=0.16 gnG=34.40 gnD=13.68 it_per_s=9.43
2026-10-02 22:28:10,196 INFO iter=374000 epoch=54 lr=6.72e-05 G=3.568 advA2B=0.581 advB2A=0.735 cycA=0.073 cycB=0.087 idtA=0.053 idtB=0.079 D_A=0.086 D_B=0.132 D_A(real)=0.83 D_A(fake)=0.16 gnG=34.56 gnD=13.69 it_per_s=9.44
2026-10-02 22:28:20,768 INFO iter=374100 epoch=54 lr=6.71e-05 G=3.564 advA2B=0.584 advB2A=0.730 cycA=0.073 cycB=0.087 idtA=0.053 idtB=0.079 D_A=0.086 D_B=0.130 D_A(real)=0.83 D_A(fake)=0.16 gnG=34.68 gnD=13.59 it_per_s=9.44
2026-10-02 22:28:31,326 INFO iter=374200 epoch=54 lr=6.71e-05 G=3.575 advA2B=0.591 advB2A=0.733 cycA=0.073 cycB=0.086 idtA=0.053 idtB=0.079 D_A=0.086 D_B=0.129 D_A(real)=0.83 D_A(fake)=0.16 gnG=35.32 gnD=13.59 it_per_s=9.44
2026-10-02 22:28:41,867 INFO iter=374300 epoch=54 lr=6.70e-05 G=3.573 advA2B=0.592 advB2A=0.734 cycA=0.073 cycB=0.086 idtA=0.053 idtB=0.078 D_A=0.086 D_B=0.128 D_A(real)=0.84 D_A(fake)=0.16 gnG=35.29 gnD=13.53 it_per_s=9.44
2026-10-02 22:28:52,447 INFO iter=374400 epoch=54 lr=6.70e-05 G=3.578 advA2B=0.597 advB2A=0.736 cycA=0.073 cycB=0.086 idtA=0.053 idtB=0.078 D_A=0.086 D_B=0.128 D_A(real)=0.84 D_A(fake)=0.16 gnG=35.70 gnD=13.51 it_per_s=9.45
2026-10-02 22:29:03,187 INFO iter=374500 epoch=54 lr=6.70e-05 G=3.577 advA2B=0.597 advB2A=0.739 cycA=0.073 cycB=0.086 idtA=0.053 idtB=0.078 D_A=0.086 D_B=0.128 D_A(real)=0.84 D_A(fake)=0.16 gnG=35.72 gnD=13.53 it_per_s=9.44
2026-10-02 22:29:13,826 INFO iter=374600 epoch=54 lr=6.69e-05 G=3.576 advA2B=0.598 advB2A=0.739 cycA=0.073 cycB=0.086 idtA=0.053 idtB=0.078 D_A=0.086 D_B=0.128 D_A(real)=0.84 D_A(fake)=0.16 gnG=35.74 gnD=13.56 it_per_s=9.43
2026-10-02 22:29:24,337 INFO iter=374700 epoch=54 lr=6.69e-05 G=3.585 advA2B=0.598 advB2A=0.742 cycA=0.073 cycB=0.086 idtA=0.053 idtB=0.078 D_A=0.086 D_B=0.128 D_A(real)=0.84 D_A(fake)=0.16 gnG=35.81 gnD=13.55 it_per_s=9.44
2026-10-02 22:29:34,931 INFO iter=374800 epoch=54 lr=6.69e-05 G=3.587 advA2B=0.597 advB2A=0.743 cycA=0.073 cycB=0.086 idtA=0.053 idtB=0.078 D_A=0.086 D_B=0.127 D_A(real)=0.84 D_A(fake)=0.16 gnG=35.76 gnD=13.54 it_per_s=9.44
2026-10-02 22:29:45,503 INFO iter=374900 epoch=54 lr=6.68e-05 G=3.588 advA2B=0.599 advB2A=0.740 cycA=0.073 cycB=0.086 idtA=0.053 idtB=0.078 D_A=0.086 D_B=0.127 D_A(real)=0.84 D_A(fake)=0.16 gnG=35.74 gnD=13.59 it_per_s=9.44
2026-10-02 22:29:56,104 INFO iter=375000 epoch=54 lr=6.68e-05 G=3.587 advA2B=0.597 advB2A=0.741 cycA=0.073 cycB=0.086 idtA=0.053 idtB=0.078 D_A=0.087 D_B=0.128 D_A(real)=0.83 D_A(fake)=0.16 gnG=35.60 gnD=13.65 it_per_s=9.44
2026-10-02 22:30:06,625 INFO iter=375100 epoch=54 lr=6.68e-05 G=3.581 advA2B=0.596 advB2A=0.740 cycA=0.073 cycB=0.086 idtA=0.053 idtB=0.078 D_A=0.087 D_B=0.128 D_A(real)=0.83 D_A(fake)=0.17 gnG=35.45 gnD=13.68 it_per_s=9.44
2026-10-02 22:30:17,234 INFO iter=375200 epoch=54 lr=6.67e-05 G=3.578 advA2B=0.593 advB2A=0.740 cycA=0.073 cycB=0.086 idtA=0.053 idtB=0.078 D_A=0.087 D_B=0.128 D_A(real)=0.83 D_A(fake)=0.17 gnG=35.40 gnD=13.71 it_per_s=9.44
2026-10-02 22:30:27,808 INFO iter=375300 epoch=54 lr=6.67e-05 G=3.575 advA2B=0.591 advB2A=0.739 cycA=0.073 cycB=0.086 idtA=0.053 idtB=0.078 D_A=0.086 D_B=0.129 D_A(real)=0.83 D_A(fake)=0.16 gnG=35.32 gnD=13.71 it_per_s=9.44
2026-10-02 22:30:38,333 INFO iter=375400 epoch=54 lr=6.67e-05 G=3.570 advA2B=0.590 advB2A=0.739 cycA=0.073 cycB=0.086 idtA=0.053 idtB=0.078 D_A=0.086 D_B=0.129 D_A(real)=0.83 D_A(fake)=0.17 gnG=35.11 gnD=13.75 it_per_s=9.44
2026-10-02 22:30:48,904 INFO iter=375500 epoch=54 lr=6.66e-05 G=3.570 advA2B=0.589 advB2A=0.739 cycA=0.073 cycB=0.086 idtA=0.053 idtB=0.078 D_A=0.086 D_B=0.129 D_A(real)=0.83 D_A(fake)=0.16 gnG=35.02 gnD=13.78 it_per_s=9.45
2026-10-02 22:30:59,505 INFO iter=375600 epoch=54 lr=6.66e-05 G=3.567 advA2B=0.587 advB2A=0.740 cycA=0.073 cycB=0.086 idtA=0.053 idtB=0.078 D_A=0.086 D_B=0.129 D_A(real)=0.83 D_A(fake)=0.16 gnG=35.02 gnD=13.82 it_per_s=9.44
2026-10-02 22:31:10,079 INFO iter=375700 epoch=54 lr=6.65e-05 G=3.568 advA2B=0.587 advB2A=0.741 cycA=0.073 cycB=0.086 idtA=0.053 idtB=0.078 D_A=0.087 D_B=0.130 D_A(real)=0.83 D_A(fake)=0.17 gnG=34.97 gnD=13.84 it_per_s=9.45
2026-10-02 22:31:20,653 INFO iter=375800 epoch=54 lr=6.65e-05 G=3.567 advA2B=0.586 advB2A=0.742 cycA=0.073 cycB=0.086 idtA=0.053 idtB=0.077 D_A=0.086 D_B=0.130 D_A(real)=0.83 D_A(fake)=0.16 gnG=34.90 gnD=13.81 it_per_s=9.45
2026-10-02 22:31:31,191 INFO iter=375900 epoch=54 lr=6.65e-05 G=3.570 advA2B=0.588 advB2A=0.740 cycA=0.073 cycB=0.086 idtA=0.053 idtB=0.078 D_A=0.086 D_B=0.130 D_A(real)=0.84 D_A(fake)=0.16 gnG=34.84 gnD=13.81 it_per_s=9.45
2026-10-02 22:31:41,734 INFO iter=376000 epoch=54 lr=6.64e-05 G=3.567 advA2B=0.588 advB2A=0.739 cycA=0.073 cycB=0.086 idtA=0.053 idtB=0.077 D_A=0.086 D_B=0.130 D_A(real)=0.84 D_A(fake)=0.16 gnG=34.73 gnD=13.82 it_per_s=9.45
2026-10-02 22:31:52,334 INFO iter=376100 epoch=54 lr=6.64e-05 G=3.567 advA2B=0.588 advB2A=0.739 cycA=0.073 cycB=0.086 idtA=0.053 idtB=0.077 D_A=0.086 D_B=0.130 D_A(real)=0.84 D_A(fake)=0.16 gnG=34.83 gnD=13.83 it_per_s=9.45
2026-10-02 22:32:02,882 INFO iter=376200 epoch=54 lr=6.64e-05 G=3.564 advA2B=0.590 advB2A=0.738 cycA=0.073 cycB=0.086 idtA=0.053 idtB=0.077 D_A=0.086 D_B=0.130 D_A(real)=0.84 D_A(fake)=0.16 gnG=34.80 gnD=13.83 it_per_s=9.45
2026-10-02 22:32:13,441 INFO iter=376300 epoch=54 lr=6.63e-05 G=3.559 advA2B=0.589 advB2A=0.737 cycA=0.073 cycB=0.085 idtA=0.053 idtB=0.077 D_A=0.086 D_B=0.130 D_A(real)=0.84 D_A(fake)=0.16 gnG=34.72 gnD=13.85 it_per_s=9.45
2026-10-02 22:32:23,987 INFO iter=376400 epoch=54 lr=6.63e-05 G=3.557 advA2B=0.588 advB2A=0.738 cycA=0.073 cycB=0.085 idtA=0.053 idtB=0.077 D_A=0.085 D_B=0.130 D_A(real)=0.84 D_A(fake)=0.16 gnG=34.76 gnD=13.85 it_per_s=9.45
2026-10-02 22:32:34,543 INFO iter=376500 epoch=54 lr=6.63e-05 G=3.552 advA2B=0.587 advB2A=0.737 cycA=0.073 cycB=0.085 idtA=0.053 idtB=0.077 D_A=0.085 D_B=0.130 D_A(real)=0.84 D_A(fake)=0.16 gnG=34.70 gnD=13.86 it_per_s=9.45
2026-10-02 22:32:45,177 INFO iter=376600 epoch=54 lr=6.62e-05 G=3.552 advA2B=0.585 advB2A=0.738 cycA=0.073 cycB=0.085 idtA=0.053 idtB=0.077 D_A=0.085 D_B=0.131 D_A(real)=0.84 D_A(fake)=0.16 gnG=34.71 gnD=13.88 it_per_s=9.45
2026-10-02 22:32:55,729 INFO iter=376700 epoch=54 lr=6.62e-05 G=3.555 advA2B=0.586 advB2A=0.738 cycA=0.073 cycB=0.086 idtA=0.053 idtB=0.077 D_A=0.085 D_B=0.131 D_A(real)=0.84 D_A(fake)=0.16 gnG=34.79 gnD=13.88 it_per_s=9.45
2026-10-02 22:33:06,310 INFO iter=376800 epoch=54 lr=6.62e-05 G=3.557 advA2B=0.586 advB2A=0.739 cycA=0.073 cycB=0.086 idtA=0.053 idtB=0.077 D_A=0.086 D_B=0.130 D_A(real)=0.84 D_A(fake)=0.16 gnG=34.87 gnD=13.87 it_per_s=9.45
2026-10-02 22:33:16,860 INFO iter=376900 epoch=54 lr=6.61e-05 G=3.558 advA2B=0.586 advB2A=0.738 cycA=0.073 cycB=0.086 idtA=0.053 idtB=0.077 D_A=0.085 D_B=0.130 D_A(real)=0.84 D_A(fake)=0.16 gnG=34.83 gnD=13.86 it_per_s=9.45
2026-10-02 22:33:27,417 INFO iter=377000 epoch=54 lr=6.61e-05 G=3.557 advA2B=0.586 advB2A=0.738 cycA=0.073 cycB=0.086 idtA=0.053 idtB=0.077 D_A=0.085 D_B=0.130 D_A(real)=0.84 D_A(fake)=0.16 gnG=34.90 gnD=13.87 it_per_s=9.45
2026-10-02 22:33:38,029 INFO iter=377100 epoch=54 lr=6.60e-05 G=3.557 advA2B=0.586 advB2A=0.737 cycA=0.073 cycB=0.086 idtA=0.053 idtB=0.077 D_A=0.085 D_B=0.130 D_A(real)=0.84 D_A(fake)=0.16 gnG=34.94 gnD=13.89 it_per_s=9.45
2026-10-02 22:33:48,583 INFO iter=377200 epoch=54 lr=6.60e-05 G=3.556 advA2B=0.587 advB2A=0.736 cycA=0.073 cycB=0.086 idtA=0.053 idtB=0.077 D_A=0.085 D_B=0.130 D_A(real)=0.84 D_A(fake)=0.16 gnG=34.92 gnD=13.88 it_per_s=9.45
2026-10-02 22:33:59,149 INFO iter=377300 epoch=54 lr=6.60e-05 G=3.554 advA2B=0.587 advB2A=0.736 cycA=0.072 cycB=0.086 idtA=0.053 idtB=0.077 D_A=0.085 D_B=0.130 D_A(real)=0.84 D_A(fake)=0.16 gnG=34.85 gnD=13.89 it_per_s=9.45
2026-10-02 22:34:09,735 INFO iter=377400 epoch=54 lr=6.59e-05 G=3.554 advA2B=0.588 advB2A=0.735 cycA=0.072 cycB=0.086 idtA=0.053 idtB=0.077 D_A=0.085 D_B=0.130 D_A(real)=0.84 D_A(fake)=0.16 gnG=34.91 gnD=13.91 it_per_s=9.45
2026-10-02 22:34:20,344 INFO iter=377500 epoch=54 lr=6.59e-05 G=3.555 advA2B=0.588 advB2A=0.736 cycA=0.072 cycB=0.086 idtA=0.053 idtB=0.077 D_A=0.085 D_B=0.131 D_A(real)=0.84 D_A(fake)=0.16 gnG=34.92 gnD=13.92 it_per_s=9.45
2026-10-02 22:34:30,882 INFO iter=377600 epoch=54 lr=6.59e-05 G=3.557 advA2B=0.587 advB2A=0.736 cycA=0.072 cycB=0.086 idtA=0.053 idtB=0.077 D_A=0.085 D_B=0.131 D_A(real)=0.84 D_A(fake)=0.16 gnG=34.88 gnD=13.92 it_per_s=9.45
2026-10-02 22:34:41,452 INFO iter=377700 epoch=54 lr=6.58e-05 G=3.555 advA2B=0.587 advB2A=0.736 cycA=0.072 cycB=0.086 idtA=0.053 idtB=0.078 D_A=0.085 D_B=0.130 D_A(real)=0.84 D_A(fake)=0.16 gnG=34.86 gnD=13.94 it_per_s=9.45
2026-10-02 22:34:51,971 INFO iter=377800 epoch=54 lr=6.58e-05 G=3.558 advA2B=0.588 advB2A=0.737 cycA=0.072 cycB=0.086 idtA=0.053 idtB=0.078 D_A=0.085 D_B=0.130 D_A(real)=0.84 D_A(fake)=0.16 gnG=34.93 gnD=13.95 it_per_s=9.45
2026-10-02 22:35:02,550 INFO iter=377900 epoch=54 lr=6.58e-05 G=3.557 advA2B=0.588 advB2A=0.737 cycA=0.072 cycB=0.086 idtA=0.053 idtB=0.078 D_A=0.085 D_B=0.130 D_A(real)=0.84 D_A(fake)=0.16 gnG=34.98 gnD=13.93 it_per_s=9.45
2026-10-02 22:35:13,145 INFO iter=378000 epoch=54 lr=6.57e-05 G=3.559 advA2B=0.588 advB2A=0.736 cycA=0.072 cycB=0.086 idtA=0.053 idtB=0.078 D_A=0.085 D_B=0.130 D_A(real)=0.84 D_A(fake)=0.16 gnG=34.96 gnD=13.93 it_per_s=9.45
2026-10-02 22:35:23,680 INFO iter=378100 epoch=54 lr=6.57e-05 G=3.557 advA2B=0.588 advB2A=0.736 cycA=0.072 cycB=0.086 idtA=0.053 idtB=0.078 D_A=0.086 D_B=0.130 D_A(real)=0.84 D_A(fake)=0.16 gnG=35.03 gnD=13.96 it_per_s=9.45
2026-10-02 22:35:34,189 INFO iter=378200 epoch=54 lr=6.57e-05 G=3.558 advA2B=0.587 advB2A=0.735 cycA=0.072 cycB=0.086 idtA=0.053 idtB=0.078 D_A=0.086 D_B=0.130 D_A(real)=0.84 D_A(fake)=0.16 gnG=35.06 gnD=13.97 it_per_s=9.46
2026-10-02 22:35:44,757 INFO iter=378300 epoch=54 lr=6.56e-05 G=3.559 advA2B=0.587 advB2A=0.734 cycA=0.072 cycB=0.086 idtA=0.053 idtB=0.078 D_A=0.086 D_B=0.130 D_A(real)=0.84 D_A(fake)=0.16 gnG=35.06 gnD=13.98 it_per_s=9.46
2026-10-02 22:35:55,272 INFO iter=378400 epoch=54 lr=6.56e-05 G=3.559 advA2B=0.586 advB2A=0.735 cycA=0.072 cycB=0.086 idtA=0.053 idtB=0.078 D_A=0.086 D_B=0.130 D_A(real)=0.84 D_A(fake)=0.16 gnG=35.06 gnD=13.99 it_per_s=9.46
2026-10-02 22:36:05,849 INFO iter=378500 epoch=54 lr=6.56e-05 G=3.559 advA2B=0.585 advB2A=0.736 cycA=0.072 cycB=0.086 idtA=0.053 idtB=0.078 D_A=0.086 D_B=0.131 D_A(real)=0.84 D_A(fake)=0.16 gnG=35.00 gnD=13.98 it_per_s=9.46
2026-10-02 22:36:16,385 INFO iter=378600 epoch=54 lr=6.55e-05 G=3.560 advA2B=0.584 advB2A=0.735 cycA=0.072 cycB=0.086 idtA=0.053 idtB=0.078 D_A=0.086 D_B=0.131 D_A(real)=0.84 D_A(fake)=0.16 gnG=34.93 gnD=13.98 it_per_s=9.46
2026-10-02 22:36:26,983 INFO iter=378700 epoch=54 lr=6.55e-05 G=3.560 advA2B=0.584 advB2A=0.735 cycA=0.072 cycB=0.086 idtA=0.053 idtB=0.078 D_A=0.085 D_B=0.131 D_A(real)=0.84 D_A(fake)=0.16 gnG=34.86 gnD=13.98 it_per_s=9.46
2026-10-02 22:36:37,516 INFO iter=378800 epoch=54 lr=6.54e-05 G=3.559 advA2B=0.584 advB2A=0.736 cycA=0.072 cycB=0.086 idtA=0.053 idtB=0.078 D_A=0.085 D_B=0.131 D_A(real)=0.84 D_A(fake)=0.16 gnG=34.89 gnD=13.99 it_per_s=9.46
2026-10-02 22:36:48,118 INFO iter=378900 epoch=54 lr=6.54e-05 G=3.559 advA2B=0.584 advB2A=0.735 cycA=0.072 cycB=0.086 idtA=0.053 idtB=0.078 D_A=0.085 D_B=0.131 D_A(real)=0.84 D_A(fake)=0.16 gnG=34.90 gnD=13.98 it_per_s=9.46
2026-10-02 22:36:58,712 INFO iter=379000 epoch=54 lr=6.54e-05 G=3.557 advA2B=0.583 advB2A=0.735 cycA=0.072 cycB=0.086 idtA=0.053 idtB=0.078 D_A=0.085 D_B=0.131 D_A(real)=0.84 D_A(fake)=0.16 gnG=34.87 gnD=13.98 it_per_s=9.46
2026-10-02 22:37:09,323 INFO iter=379100 epoch=54 lr=6.53e-05 G=3.557 advA2B=0.584 advB2A=0.734 cycA=0.072 cycB=0.086 idtA=0.053 idtB=0.078 D_A=0.085 D_B=0.131 D_A(real)=0.84 D_A(fake)=0.16 gnG=34.90 gnD=14.00 it_per_s=9.46
2026-10-02 22:37:19,948 INFO iter=379200 epoch=54 lr=6.53e-05 G=3.556 advA2B=0.583 advB2A=0.733 cycA=0.072 cycB=0.086 idtA=0.053 idtB=0.078 D_A=0.085 D_B=0.132 D_A(real)=0.84 D_A(fake)=0.16 gnG=34.86 gnD=14.00 it_per_s=9.46
2026-10-02 22:37:30,501 INFO iter=379300 epoch=54 lr=6.53e-05 G=3.557 advA2B=0.583 advB2A=0.733 cycA=0.072 cycB=0.086 idtA=0.053 idtB=0.078 D_A=0.085 D_B=0.132 D_A(real)=0.84 D_A(fake)=0.16 gnG=34.85 gnD=14.00 it_per_s=9.46
2026-10-02 22:37:41,075 INFO iter=379400 epoch=54 lr=6.52e-05 G=3.558 advA2B=0.583 advB2A=0.733 cycA=0.072 cycB=0.086 idtA=0.053 idtB=0.078 D_A=0.085 D_B=0.132 D_A(real)=0.84 D_A(fake)=0.16 gnG=34.85 gnD=14.00 it_per_s=9.46
2026-10-02 22:37:51,613 INFO iter=379500 epoch=54 lr=6.52e-05 G=3.557 advA2B=0.582 advB2A=0.733 cycA=0.072 cycB=0.086 idtA=0.053 idtB=0.078 D_A=0.085 D_B=0.132 D_A(real)=0.84 D_A(fake)=0.16 gnG=34.80 gnD=14.01 it_per_s=9.46
2026-10-02 22:38:02,190 INFO iter=379600 epoch=54 lr=6.52e-05 G=3.557 advA2B=0.582 advB2A=0.733 cycA=0.072 cycB=0.086 idtA=0.053 idtB=0.078 D_A=0.085 D_B=0.132 D_A(real)=0.84 D_A(fake)=0.16 gnG=34.80 gnD=14.01 it_per_s=9.46
2026-10-02 22:38:12,785 INFO iter=379700 epoch=54 lr=6.51e-05 G=3.556 advA2B=0.582 advB2A=0.732 cycA=0.072 cycB=0.086 idtA=0.053 idtB=0.078 D_A=0.085 D_B=0.132 D_A(real)=0.84 D_A(fake)=0.16 gnG=34.82 gnD=14.01 it_per_s=9.46
2026-10-02 22:38:23,353 INFO iter=379800 epoch=54 lr=6.51e-05 G=3.555 advA2B=0.582 advB2A=0.732 cycA=0.072 cycB=0.086 idtA=0.053 idtB=0.078 D_A=0.085 D_B=0.132 D_A(real)=0.84 D_A(fake)=0.16 gnG=34.80 gnD=14.01 it_per_s=9.46
2026-10-02 22:38:33,897 INFO iter=379900 epoch=54 lr=6.51e-05 G=3.557 advA2B=0.581 advB2A=0.733 cycA=0.072 cycB=0.086 idtA=0.053 idtB=0.078 D_A=0.085 D_B=0.132 D_A(real)=0.84 D_A(fake)=0.16 gnG=34.80 gnD=14.01 it_per_s=9.46
2026-10-02 22:38:44,493 INFO iter=380000 epoch=54 lr=6.50e-05 G=3.556 advA2B=0.581 advB2A=0.732 cycA=0.072 cycB=0.086 idtA=0.053 idtB=0.078 D_A=0.085 D_B=0.132 D_A(real)=0.84 D_A(fake)=0.16 gnG=34.79 gnD=14.00 it_per_s=9.46
2026-10-02 22:38:49,989 INFO epoch=54 done time_s=744 it_per_s=9.46 G=3.557 cycA=0.072 cycB=0.086 idtA=0.053 idtB=0.078 D_A=0.085 D_B=0.132 D_A(real)=0.84 D_A(fake)=0.16 nan_count=0
2026-10-02 22:38:55,699 INFO iter=380100 epoch=55 lr=6.50e-05 G=3.550 advA2B=0.570 advB2A=0.690 cycA=0.080 cycB=0.082 idtA=0.058 idtB=0.075 D_A=0.079 D_B=0.135 D_A(real)=0.85 D_A(fake)=0.14 gnG=34.87 gnD=13.74 it_per_s=9.40
2026-10-02 22:39:06,297 INFO iter=380200 epoch=55 lr=6.49e-05 G=3.529 advA2B=0.572 advB2A=0.773 cycA=0.075 cycB=0.080 idtA=0.054 idtB=0.073 D_A=0.082 D_B=0.127 D_A(real)=0.84 D_A(fake)=0.16 gnG=36.15 gnD=13.87 it_per_s=9.42
2026-10-02 22:39:16,859 INFO iter=380300 epoch=55 lr=6.49e-05 G=3.476 advA2B=0.564 advB2A=0.745 cycA=0.073 cycB=0.081 idtA=0.052 idtB=0.072 D_A=0.082 D_B=0.135 D_A(real)=0.84 D_A(fake)=0.16 gnG=34.48 gnD=14.38 it_per_s=9.44
2026-10-02 22:39:27,444 INFO iter=380400 epoch=55 lr=6.49e-05 G=3.474 advA2B=0.559 advB2A=0.741 cycA=0.073 cycB=0.082 idtA=0.052 idtB=0.073 D_A=0.083 D_B=0.135 D_A(real)=0.84 D_A(fake)=0.16 gnG=33.41 gnD=14.58 it_per_s=9.44
2026-10-02 22:39:37,991 INFO iter=380500 epoch=55 lr=6.48e-05 G=3.516 advA2B=0.574 advB2A=0.755 cycA=0.074 cycB=0.082 idtA=0.053 idtB=0.074 D_A=0.085 D_B=0.133 D_A(real)=0.84 D_A(fake)=0.16 gnG=34.80 gnD=14.61 it_per_s=9.45
2026-10-02 22:39:48,488 INFO iter=380600 epoch=55 lr=6.48e-05 G=3.543 advA2B=0.570 advB2A=0.756 cycA=0.074 cycB=0.084 idtA=0.053 idtB=0.076 D_A=0.086 D_B=0.134 D_A(real)=0.83 D_A(fake)=0.16 gnG=34.63 gnD=14.57 it_per_s=9.47
2026-10-02 22:39:59,085 INFO iter=380700 epoch=55 lr=6.48e-05 G=3.554 advA2B=0.573 advB2A=0.749 cycA=0.074 cycB=0.085 idtA=0.053 idtB=0.076 D_A=0.086 D_B=0.132 D_A(real)=0.84 D_A(fake)=0.16 gnG=34.02 gnD=14.52 it_per_s=9.46
2026-10-02 22:40:09,720 INFO iter=380800 epoch=55 lr=6.47e-05 G=3.563 advA2B=0.569 advB2A=0.750 cycA=0.074 cycB=0.085 idtA=0.053 idtB=0.077 D_A=0.087 D_B=0.132 D_A(real)=0.84 D_A(fake)=0.16 gnG=33.67 gnD=14.61 it_per_s=9.45
2026-10-02 22:40:20,322 INFO iter=380900 epoch=55 lr=6.47e-05 G=3.566 advA2B=0.573 advB2A=0.746 cycA=0.074 cycB=0.086 idtA=0.053 idtB=0.078 D_A=0.088 D_B=0.132 D_A(real)=0.83 D_A(fake)=0.17 gnG=33.90 gnD=14.65 it_per_s=9.45
2026-10-02 22:40:30,883 INFO iter=381000 epoch=55 lr=6.47e-05 G=3.561 advA2B=0.570 advB2A=0.746 cycA=0.074 cycB=0.086 idtA=0.053 idtB=0.078 D_A=0.088 D_B=0.132 D_A(real)=0.83 D_A(fake)=0.17 gnG=33.92 gnD=14.63 it_per_s=9.45
2026-10-02 22:40:41,430 INFO iter=381100 epoch=55 lr=6.46e-05 G=3.554 advA2B=0.570 advB2A=0.742 cycA=0.074 cycB=0.085 idtA=0.053 idtB=0.078 D_A=0.089 D_B=0.132 D_A(real)=0.83 D_A(fake)=0.17 gnG=34.06 gnD=14.62 it_per_s=9.46
2026-10-02 22:40:51,993 INFO iter=381200 epoch=55 lr=6.46e-05 G=3.547 advA2B=0.574 advB2A=0.739 cycA=0.074 cycB=0.085 idtA=0.053 idtB=0.077 D_A=0.088 D_B=0.131 D_A(real)=0.83 D_A(fake)=0.17 gnG=34.33 gnD=14.54 it_per_s=9.46
2026-10-02 22:41:02,560 INFO iter=381300 epoch=55 lr=6.46e-05 G=3.554 advA2B=0.579 advB2A=0.739 cycA=0.074 cycB=0.085 idtA=0.053 idtB=0.077 D_A=0.088 D_B=0.131 D_A(real)=0.83 D_A(fake)=0.17 gnG=34.24 gnD=14.58 it_per_s=9.46
2026-10-02 22:41:13,097 INFO iter=381400 epoch=55 lr=6.45e-05 G=3.564 advA2B=0.582 advB2A=0.743 cycA=0.074 cycB=0.085 idtA=0.053 idtB=0.077 D_A=0.088 D_B=0.130 D_A(real)=0.83 D_A(fake)=0.17 gnG=34.41 gnD=14.56 it_per_s=9.46
2026-10-02 22:41:23,671 INFO iter=381500 epoch=55 lr=6.45e-05 G=3.570 advA2B=0.584 advB2A=0.744 cycA=0.074 cycB=0.086 idtA=0.053 idtB=0.077 D_A=0.087 D_B=0.129 D_A(real)=0.83 D_A(fake)=0.17 gnG=34.57 gnD=14.51 it_per_s=9.46
2026-10-02 22:41:34,217 INFO iter=381600 epoch=55 lr=6.45e-05 G=3.569 advA2B=0.587 advB2A=0.744 cycA=0.073 cycB=0.085 idtA=0.053 idtB=0.077 D_A=0.087 D_B=0.128 D_A(real)=0.83 D_A(fake)=0.17 gnG=34.87 gnD=14.48 it_per_s=9.46
2026-10-02 22:41:44,785 INFO iter=381700 epoch=55 lr=6.44e-05 G=3.564 advA2B=0.586 advB2A=0.744 cycA=0.073 cycB=0.085 idtA=0.053 idtB=0.077 D_A=0.086 D_B=0.128 D_A(real)=0.84 D_A(fake)=0.16 gnG=34.59 gnD=14.45 it_per_s=9.46
2026-10-02 22:41:55,334 INFO iter=381800 epoch=55 lr=6.44e-05 G=3.569 advA2B=0.588 advB2A=0.744 cycA=0.073 cycB=0.085 idtA=0.053 idtB=0.077 D_A=0.086 D_B=0.128 D_A(real)=0.84 D_A(fake)=0.16 gnG=34.56 gnD=14.48 it_per_s=9.46
2026-10-02 22:42:05,942 INFO iter=381900 epoch=55 lr=6.43e-05 G=3.582 advA2B=0.590 advB2A=0.746 cycA=0.073 cycB=0.086 idtA=0.053 idtB=0.078 D_A=0.086 D_B=0.129 D_A(real)=0.84 D_A(fake)=0.16 gnG=34.55 gnD=14.47 it_per_s=9.46
2026-10-02 22:42:16,500 INFO iter=382000 epoch=55 lr=6.43e-05 G=3.592 advA2B=0.594 advB2A=0.747 cycA=0.074 cycB=0.086 idtA=0.053 idtB=0.078 D_A=0.086 D_B=0.128 D_A(real)=0.84 D_A(fake)=0.16 gnG=34.64 gnD=14.45 it_per_s=9.46
2026-10-02 22:42:27,051 INFO iter=382100 epoch=55 lr=6.43e-05 G=3.597 advA2B=0.595 advB2A=0.747 cycA=0.074 cycB=0.086 idtA=0.053 idtB=0.078 D_A=0.085 D_B=0.127 D_A(real)=0.84 D_A(fake)=0.16 gnG=34.73 gnD=14.44 it_per_s=9.46
2026-10-02 22:42:37,675 INFO iter=382200 epoch=55 lr=6.42e-05 G=3.598 advA2B=0.593 advB2A=0.747 cycA=0.074 cycB=0.086 idtA=0.053 idtB=0.078 D_A=0.086 D_B=0.128 D_A(real)=0.84 D_A(fake)=0.16 gnG=34.73 gnD=14.44 it_per_s=9.46
2026-10-02 22:42:48,419 INFO iter=382300 epoch=55 lr=6.42e-05 G=3.600 advA2B=0.591 advB2A=0.748 cycA=0.074 cycB=0.086 idtA=0.053 idtB=0.078 D_A=0.086 D_B=0.128 D_A(real)=0.84 D_A(fake)=0.16 gnG=34.81 gnD=14.50 it_per_s=9.45
2026-10-02 22:42:59,122 INFO iter=382400 epoch=55 lr=6.42e-05 G=3.601 advA2B=0.592 advB2A=0.750 cycA=0.074 cycB=0.086 idtA=0.053 idtB=0.078 D_A=0.085 D_B=0.128 D_A(real)=0.84 D_A(fake)=0.16 gnG=34.79 gnD=14.53 it_per_s=9.45
2026-10-02 22:43:09,742 INFO iter=382500 epoch=55 lr=6.41e-05 G=3.598 advA2B=0.592 advB2A=0.749 cycA=0.074 cycB=0.086 idtA=0.053 idtB=0.078 D_A=0.085 D_B=0.128 D_A(real)=0.84 D_A(fake)=0.16 gnG=34.78 gnD=14.54 it_per_s=9.45
2026-10-02 22:43:20,397 INFO iter=382600 epoch=55 lr=6.41e-05 G=3.600 advA2B=0.591 advB2A=0.752 cycA=0.074 cycB=0.086 idtA=0.053 idtB=0.078 D_A=0.086 D_B=0.128 D_A(real)=0.84 D_A(fake)=0.16 gnG=34.81 gnD=14.56 it_per_s=9.44
2026-10-02 22:43:31,164 INFO iter=382700 epoch=55 lr=6.41e-05 G=3.597 advA2B=0.590 advB2A=0.754 cycA=0.074 cycB=0.086 idtA=0.053 idtB=0.078 D_A=0.086 D_B=0.128 D_A(real)=0.84 D_A(fake)=0.16 gnG=34.72 gnD=14.57 it_per_s=9.44
2026-10-02 22:43:41,828 INFO iter=382800 epoch=55 lr=6.40e-05 G=3.601 advA2B=0.589 advB2A=0.759 cycA=0.074 cycB=0.086 idtA=0.053 idtB=0.078 D_A=0.086 D_B=0.128 D_A(real)=0.84 D_A(fake)=0.16 gnG=34.79 gnD=14.57 it_per_s=9.44
2026-10-02 22:43:52,607 INFO iter=382900 epoch=55 lr=6.40e-05 G=3.603 advA2B=0.592 advB2A=0.759 cycA=0.074 cycB=0.086 idtA=0.053 idtB=0.078 D_A=0.086 D_B=0.128 D_A(real)=0.84 D_A(fake)=0.16 gnG=35.05 gnD=14.57 it_per_s=9.43
2026-10-02 22:44:03,400 INFO iter=383000 epoch=55 lr=6.40e-05 G=3.604 advA2B=0.593 advB2A=0.759 cycA=0.074 cycB=0.086 idtA=0.053 idtB=0.078 D_A=0.086 D_B=0.128 D_A(real)=0.84 D_A(fake)=0.16 gnG=35.07 gnD=14.55 it_per_s=9.42
2026-10-02 22:44:14,427 INFO iter=383100 epoch=55 lr=6.39e-05 G=3.612 advA2B=0.598 advB2A=0.761 cycA=0.074 cycB=0.086 idtA=0.053 idtB=0.078 D_A=0.085 D_B=0.128 D_A(real)=0.84 D_A(fake)=0.16 gnG=35.72 gnD=14.55 it_per_s=9.41
2026-10-02 22:44:25,340 INFO iter=383200 epoch=55 lr=6.39e-05 G=3.612 advA2B=0.598 advB2A=0.759 cycA=0.074 cycB=0.086 idtA=0.053 idtB=0.078 D_A=0.085 D_B=0.128 D_A(real)=0.84 D_A(fake)=0.16 gnG=35.73 gnD=14.53 it_per_s=9.40
2026-10-02 22:44:35,922 INFO iter=383300 epoch=55 lr=6.38e-05 G=3.610 advA2B=0.596 advB2A=0.759 cycA=0.074 cycB=0.086 idtA=0.053 idtB=0.078 D_A=0.085 D_B=0.128 D_A(real)=0.84 D_A(fake)=0.16 gnG=35.59 gnD=14.52 it_per_s=9.41
2026-10-02 22:44:46,498 INFO iter=383400 epoch=55 lr=6.38e-05 G=3.605 advA2B=0.594 advB2A=0.758 cycA=0.074 cycB=0.086 idtA=0.053 idtB=0.078 D_A=0.086 D_B=0.128 D_A(real)=0.84 D_A(fake)=0.16 gnG=35.50 gnD=14.53 it_per_s=9.41
2026-10-02 22:44:57,117 INFO iter=383500 epoch=55 lr=6.38e-05 G=3.602 advA2B=0.594 advB2A=0.758 cycA=0.074 cycB=0.086 idtA=0.053 idtB=0.078 D_A=0.086 D_B=0.129 D_A(real)=0.84 D_A(fake)=0.16 gnG=35.55 gnD=14.54 it_per_s=9.41
2026-10-02 22:45:07,891 INFO iter=383600 epoch=55 lr=6.37e-05 G=3.598 advA2B=0.593 advB2A=0.756 cycA=0.074 cycB=0.086 idtA=0.053 idtB=0.078 D_A=0.086 D_B=0.129 D_A(real)=0.84 D_A(fake)=0.16 gnG=35.46 gnD=14.55 it_per_s=9.40
2026-10-02 22:45:18,413 INFO iter=383700 epoch=55 lr=6.37e-05 G=3.597 advA2B=0.592 advB2A=0.757 cycA=0.074 cycB=0.086 idtA=0.053 idtB=0.078 D_A=0.086 D_B=0.129 D_A(real)=0.84 D_A(fake)=0.16 gnG=35.41 gnD=14.54 it_per_s=9.41
2026-10-02 22:45:28,943 INFO iter=383800 epoch=55 lr=6.37e-05 G=3.597 advA2B=0.592 advB2A=0.757 cycA=0.073 cycB=0.086 idtA=0.053 idtB=0.078 D_A=0.086 D_B=0.129 D_A(real)=0.84 D_A(fake)=0.16 gnG=35.32 gnD=14.55 it_per_s=9.41
2026-10-02 22:45:39,462 INFO iter=383900 epoch=55 lr=6.36e-05 G=3.600 advA2B=0.592 advB2A=0.757 cycA=0.073 cycB=0.086 idtA=0.053 idtB=0.078 D_A=0.086 D_B=0.129 D_A(real)=0.84 D_A(fake)=0.16 gnG=35.31 gnD=14.56 it_per_s=9.41
2026-10-02 22:45:49,946 INFO iter=384000 epoch=55 lr=6.36e-05 G=3.600 advA2B=0.592 advB2A=0.756 cycA=0.074 cycB=0.086 idtA=0.053 idtB=0.078 D_A=0.086 D_B=0.129 D_A(real)=0.84 D_A(fake)=0.16 gnG=35.37 gnD=14.56 it_per_s=9.41
2026-10-02 22:46:00,501 INFO iter=384100 epoch=55 lr=6.36e-05 G=3.598 advA2B=0.592 advB2A=0.755 cycA=0.073 cycB=0.086 idtA=0.053 idtB=0.078 D_A=0.086 D_B=0.129 D_A(real)=0.84 D_A(fake)=0.16 gnG=35.33 gnD=14.57 it_per_s=9.42
2026-10-02 22:46:11,140 INFO iter=384200 epoch=55 lr=6.35e-05 G=3.598 advA2B=0.591 advB2A=0.756 cycA=0.073 cycB=0.086 idtA=0.053 idtB=0.078 D_A=0.086 D_B=0.129 D_A(real)=0.84 D_A(fake)=0.16 gnG=35.35 gnD=14.57 it_per_s=9.42
2026-10-02 22:46:21,714 INFO iter=384300 epoch=55 lr=6.35e-05 G=3.597 advA2B=0.591 advB2A=0.756 cycA=0.073 cycB=0.086 idtA=0.053 idtB=0.078 D_A=0.086 D_B=0.129 D_A(real)=0.84 D_A(fake)=0.16 gnG=35.28 gnD=14.57 it_per_s=9.42
2026-10-02 22:46:32,297 INFO iter=384400 epoch=55 lr=6.35e-05 G=3.596 advA2B=0.590 advB2A=0.755 cycA=0.073 cycB=0.086 idtA=0.053 idtB=0.078 D_A=0.085 D_B=0.129 D_A(real)=0.84 D_A(fake)=0.16 gnG=35.17 gnD=14.56 it_per_s=9.42
2026-10-02 22:46:42,925 INFO iter=384500 epoch=55 lr=6.34e-05 G=3.598 advA2B=0.591 advB2A=0.756 cycA=0.073 cycB=0.086 idtA=0.053 idtB=0.078 D_A=0.085 D_B=0.129 D_A(real)=0.84 D_A(fake)=0.16 gnG=35.22 gnD=14.53 it_per_s=9.42
2026-10-02 22:46:53,540 INFO iter=384600 epoch=55 lr=6.34e-05 G=3.598 advA2B=0.590 advB2A=0.757 cycA=0.073 cycB=0.086 idtA=0.053 idtB=0.078 D_A=0.085 D_B=0.129 D_A(real)=0.84 D_A(fake)=0.16 gnG=35.29 gnD=14.52 it_per_s=9.42
2026-10-02 22:47:04,155 INFO iter=384700 epoch=55 lr=6.33e-05 G=3.598 advA2B=0.589 advB2A=0.756 cycA=0.073 cycB=0.086 idtA=0.053 idtB=0.078 D_A=0.085 D_B=0.129 D_A(real)=0.84 D_A(fake)=0.16 gnG=35.43 gnD=14.50 it_per_s=9.42
2026-10-02 22:47:14,760 INFO iter=384800 epoch=55 lr=6.33e-05 G=3.599 advA2B=0.589 advB2A=0.756 cycA=0.073 cycB=0.086 idtA=0.053 idtB=0.079 D_A=0.085 D_B=0.129 D_A(real)=0.84 D_A(fake)=0.16 gnG=35.47 gnD=14.52 it_per_s=9.42
2026-10-02 22:47:25,351 INFO iter=384900 epoch=55 lr=6.33e-05 G=3.597 advA2B=0.590 advB2A=0.755 cycA=0.073 cycB=0.086 idtA=0.053 idtB=0.078 D_A=0.085 D_B=0.129 D_A(real)=0.84 D_A(fake)=0.16 gnG=35.45 gnD=14.50 it_per_s=9.42
2026-10-02 22:47:35,947 INFO iter=385000 epoch=55 lr=6.32e-05 G=3.596 advA2B=0.589 advB2A=0.755 cycA=0.073 cycB=0.086 idtA=0.053 idtB=0.078 D_A=0.085 D_B=0.129 D_A(real)=0.84 D_A(fake)=0.16 gnG=35.42 gnD=14.47 it_per_s=9.42
2026-10-02 22:47:46,571 INFO iter=385100 epoch=55 lr=6.32e-05 G=3.596 advA2B=0.590 advB2A=0.755 cycA=0.073 cycB=0.086 idtA=0.053 idtB=0.078 D_A=0.085 D_B=0.129 D_A(real)=0.84 D_A(fake)=0.16 gnG=35.45 gnD=14.46 it_per_s=9.42
2026-10-02 22:47:57,193 INFO iter=385200 epoch=55 lr=6.32e-05 G=3.597 advA2B=0.590 advB2A=0.755 cycA=0.073 cycB=0.086 idtA=0.053 idtB=0.078 D_A=0.085 D_B=0.129 D_A(real)=0.84 D_A(fake)=0.16 gnG=35.47 gnD=14.46 it_per_s=9.42
2026-10-02 22:48:07,807 INFO iter=385300 epoch=55 lr=6.31e-05 G=3.595 advA2B=0.589 advB2A=0.754 cycA=0.073 cycB=0.086 idtA=0.053 idtB=0.078 D_A=0.085 D_B=0.129 D_A(real)=0.84 D_A(fake)=0.16 gnG=35.53 gnD=14.47 it_per_s=9.42
2026-10-02 22:48:18,415 INFO iter=385400 epoch=55 lr=6.31e-05 G=3.592 advA2B=0.588 advB2A=0.753 cycA=0.073 cycB=0.086 idtA=0.053 idtB=0.078 D_A=0.085 D_B=0.130 D_A(real)=0.84 D_A(fake)=0.16 gnG=35.44 gnD=14.48 it_per_s=9.42
2026-10-02 22:48:29,002 INFO iter=385500 epoch=55 lr=6.31e-05 G=3.590 advA2B=0.588 advB2A=0.753 cycA=0.073 cycB=0.086 idtA=0.053 idtB=0.078 D_A=0.085 D_B=0.130 D_A(real)=0.84 D_A(fake)=0.16 gnG=35.39 gnD=14.47 it_per_s=9.42
2026-10-02 22:48:39,597 INFO iter=385600 epoch=55 lr=6.30e-05 G=3.588 advA2B=0.586 advB2A=0.753 cycA=0.073 cycB=0.086 idtA=0.053 idtB=0.078 D_A=0.085 D_B=0.130 D_A(real)=0.84 D_A(fake)=0.16 gnG=35.36 gnD=14.47 it_per_s=9.42
2026-10-02 22:48:50,269 INFO iter=385700 epoch=55 lr=6.30e-05 G=3.586 advA2B=0.585 advB2A=0.752 cycA=0.073 cycB=0.086 idtA=0.053 idtB=0.078 D_A=0.085 D_B=0.130 D_A(real)=0.84 D_A(fake)=0.16 gnG=35.37 gnD=14.49 it_per_s=9.42
2026-10-02 22:49:00,995 INFO iter=385800 epoch=55 lr=6.30e-05 G=3.584 advA2B=0.585 advB2A=0.751 cycA=0.073 cycB=0.086 idtA=0.053 idtB=0.078 D_A=0.085 D_B=0.130 D_A(real)=0.84 D_A(fake)=0.16 gnG=35.39 gnD=14.47 it_per_s=9.42
2026-10-02 22:49:11,730 INFO iter=385900 epoch=55 lr=6.29e-05 G=3.584 advA2B=0.585 advB2A=0.751 cycA=0.073 cycB=0.086 idtA=0.053 idtB=0.078 D_A=0.085 D_B=0.130 D_A(real)=0.84 D_A(fake)=0.16 gnG=35.44 gnD=14.45 it_per_s=9.41
2026-10-02 22:49:22,350 INFO iter=386000 epoch=55 lr=6.29e-05 G=3.582 advA2B=0.584 advB2A=0.750 cycA=0.073 cycB=0.086 idtA=0.053 idtB=0.078 D_A=0.085 D_B=0.130 D_A(real)=0.84 D_A(fake)=0.16 gnG=35.41 gnD=14.45 it_per_s=9.41
2026-10-02 22:49:32,926 INFO iter=386100 epoch=55 lr=6.29e-05 G=3.582 advA2B=0.584 advB2A=0.750 cycA=0.073 cycB=0.086 idtA=0.053 idtB=0.078 D_A=0.085 D_B=0.130 D_A(real)=0.84 D_A(fake)=0.16 gnG=35.44 gnD=14.45 it_per_s=9.42
2026-10-02 22:49:43,546 INFO iter=386200 epoch=55 lr=6.28e-05 G=3.581 advA2B=0.584 advB2A=0.750 cycA=0.073 cycB=0.086 idtA=0.053 idtB=0.078 D_A=0.085 D_B=0.130 D_A(real)=0.84 D_A(fake)=0.16 gnG=35.44 gnD=14.44 it_per_s=9.42
2026-10-02 22:49:54,155 INFO iter=386300 epoch=55 lr=6.28e-05 G=3.582 advA2B=0.585 advB2A=0.751 cycA=0.073 cycB=0.086 idtA=0.053 idtB=0.078 D_A=0.085 D_B=0.130 D_A(real)=0.84 D_A(fake)=0.16 gnG=35.44 gnD=14.43 it_per_s=9.42
2026-10-02 22:50:04,747 INFO iter=386400 epoch=55 lr=6.27e-05 G=3.584 advA2B=0.586 advB2A=0.751 cycA=0.073 cycB=0.086 idtA=0.053 idtB=0.078 D_A=0.085 D_B=0.130 D_A(real)=0.84 D_A(fake)=0.16 gnG=35.46 gnD=14.43 it_per_s=9.42
2026-10-02 22:50:15,349 INFO iter=386500 epoch=55 lr=6.27e-05 G=3.582 advA2B=0.586 advB2A=0.751 cycA=0.073 cycB=0.086 idtA=0.053 idtB=0.078 D_A=0.085 D_B=0.130 D_A(real)=0.84 D_A(fake)=0.16 gnG=35.49 gnD=14.42 it_per_s=9.42
2026-10-02 22:50:25,890 INFO iter=386600 epoch=55 lr=6.27e-05 G=3.580 advA2B=0.586 advB2A=0.749 cycA=0.073 cycB=0.086 idtA=0.053 idtB=0.078 D_A=0.085 D_B=0.130 D_A(real)=0.84 D_A(fake)=0.16 gnG=35.47 gnD=14.42 it_per_s=9.42
2026-10-02 22:50:36,499 INFO iter=386700 epoch=55 lr=6.26e-05 G=3.582 advA2B=0.587 advB2A=0.749 cycA=0.073 cycB=0.086 idtA=0.053 idtB=0.078 D_A=0.085 D_B=0.130 D_A(real)=0.84 D_A(fake)=0.16 gnG=35.50 gnD=14.43 it_per_s=9.42
2026-10-02 22:50:47,107 INFO iter=386800 epoch=55 lr=6.26e-05 G=3.582 advA2B=0.587 advB2A=0.750 cycA=0.073 cycB=0.086 idtA=0.053 idtB=0.078 D_A=0.085 D_B=0.130 D_A(real)=0.84 D_A(fake)=0.16 gnG=35.51 gnD=14.43 it_per_s=9.42
2026-10-02 22:50:57,691 INFO iter=386900 epoch=55 lr=6.26e-05 G=3.582 advA2B=0.586 advB2A=0.751 cycA=0.073 cycB=0.086 idtA=0.053 idtB=0.078 D_A=0.085 D_B=0.130 D_A(real)=0.84 D_A(fake)=0.16 gnG=35.52 gnD=14.42 it_per_s=9.42
2026-10-02 22:51:08,260 INFO iter=387000 epoch=55 lr=6.25e-05 G=3.582 advA2B=0.585 advB2A=0.751 cycA=0.073 cycB=0.086 idtA=0.053 idtB=0.078 D_A=0.085 D_B=0.130 D_A(real)=0.84 D_A(fake)=0.16 gnG=35.56 gnD=14.42 it_per_s=9.42
2026-10-02 22:51:17,802 INFO epoch=55 done time_s=747 it_per_s=9.42 G=3.581 cycA=0.073 cycB=0.086 idtA=0.053 idtB=0.078 D_A=0.085 D_B=0.130 D_A(real)=0.84 D_A(fake)=0.16 nan_count=0
2026-10-02 22:51:19,577 INFO iter=387100 epoch=56 lr=6.25e-05 G=3.325 advA2B=0.595 advB2A=0.652 cycA=0.067 cycB=0.081 idtA=0.048 idtB=0.072 D_A=0.089 D_B=0.152 D_A(real)=0.75 D_A(fake)=0.21 gnG=31.19 gnD=16.52 it_per_s=9.24
2026-10-02 22:51:30,190 INFO iter=387200 epoch=56 lr=6.25e-05 G=3.450 advA2B=0.554 advB2A=0.724 cycA=0.067 cycB=0.087 idtA=0.049 idtB=0.076 D_A=0.089 D_B=0.152 D_A(real)=0.82 D_A(fake)=0.17 gnG=31.80 gnD=15.36 it_per_s=9.41
2026-10-02 22:51:40,840 INFO iter=387300 epoch=56 lr=6.24e-05 G=3.500 advA2B=0.552 advB2A=0.744 cycA=0.072 cycB=0.085 idtA=0.052 idtB=0.075 D_A=0.086 D_B=0.142 D_A(real)=0.83 D_A(fake)=0.17 gnG=32.36 gnD=14.88 it_per_s=9.40
2026-10-02 22:51:55,171 INFO iter=387400 epoch=56 lr=6.24e-05 G=3.556 advA2B=0.551 advB2A=0.759 cycA=0.073 cycB=0.086 idtA=0.053 idtB=0.078 D_A=0.088 D_B=0.136 D_A(real)=0.84 D_A(fake)=0.16 gnG=32.91 gnD=14.79 it_per_s=8.45
2026-10-02 22:52:06,999 INFO iter=387500 epoch=56 lr=6.24e-05 G=3.592 advA2B=0.573 advB2A=0.772 cycA=0.074 cycB=0.085 idtA=0.054 idtB=0.077 D_A=0.086 D_B=0.131 D_A(real)=0.84 D_A(fake)=0.16 gnG=34.27 gnD=14.50 it_per_s=8.45
2026-10-02 22:52:21,631 INFO iter=387600 epoch=56 lr=6.23e-05 G=3.575 advA2B=0.570 advB2A=0.762 cycA=0.074 cycB=0.085 idtA=0.053 idtB=0.077 D_A=0.085 D_B=0.131 D_A(real)=0.84 D_A(fake)=0.16 gnG=34.49 gnD=14.33 it_per_s=8.08
2026-10-02 22:52:33,433 INFO iter=387700 epoch=56 lr=6.23e-05 G=3.588 advA2B=0.568 advB2A=0.768 cycA=0.073 cycB=0.086 idtA=0.053 idtB=0.079 D_A=0.085 D_B=0.133 D_A(real)=0.84 D_A(fake)=0.16 gnG=35.15 gnD=14.40 it_per_s=8.14
2026-10-02 22:52:48,229 INFO iter=387800 epoch=56 lr=6.22e-05 G=3.593 advA2B=0.576 advB2A=0.762 cycA=0.074 cycB=0.086 idtA=0.053 idtB=0.079 D_A=0.084 D_B=0.132 D_A(real)=0.84 D_A(fake)=0.15 gnG=35.55 gnD=14.36 it_per_s=7.91
2026-10-02 22:53:00,058 INFO iter=387900 epoch=56 lr=6.22e-05 G=3.590 advA2B=0.585 advB2A=0.757 cycA=0.074 cycB=0.086 idtA=0.053 idtB=0.078 D_A=0.085 D_B=0.131 D_A(real)=0.84 D_A(fake)=0.16 gnG=35.35 gnD=14.35 it_per_s=7.98
2026-10-02 22:53:10,954 INFO iter=388000 epoch=56 lr=6.22e-05 G=3.588 advA2B=0.582 advB2A=0.755 cycA=0.074 cycB=0.086 idtA=0.053 idtB=0.078 D_A=0.085 D_B=0.131 D_A(real)=0.84 D_A(fake)=0.16 gnG=35.38 gnD=14.35 it_per_s=8.09
2026-10-02 22:53:21,584 INFO iter=388100 epoch=56 lr=6.21e-05 G=3.592 advA2B=0.582 advB2A=0.755 cycA=0.074 cycB=0.086 idtA=0.053 idtB=0.078 D_A=0.085 D_B=0.132 D_A(real)=0.84 D_A(fake)=0.16 gnG=35.50 gnD=14.38 it_per_s=8.21
2026-10-02 22:53:32,234 INFO iter=388200 epoch=56 lr=6.21e-05 G=3.597 advA2B=0.581 advB2A=0.758 cycA=0.074 cycB=0.086 idtA=0.053 idtB=0.078 D_A=0.084 D_B=0.132 D_A(real)=0.84 D_A(fake)=0.16 gnG=35.81 gnD=14.36 it_per_s=8.30
2026-10-02 22:53:42,778 INFO iter=388300 epoch=56 lr=6.21e-05 G=3.582 advA2B=0.579 advB2A=0.754 cycA=0.073 cycB=0.086 idtA=0.053 idtB=0.078 D_A=0.084 D_B=0.132 D_A(real)=0.84 D_A(fake)=0.16 gnG=35.81 gnD=14.35 it_per_s=8.39
2026-10-02 22:53:53,439 INFO iter=388400 epoch=56 lr=6.20e-05 G=3.574 advA2B=0.576 advB2A=0.754 cycA=0.073 cycB=0.086 idtA=0.053 idtB=0.078 D_A=0.083 D_B=0.133 D_A(real)=0.84 D_A(fake)=0.16 gnG=35.76 gnD=14.34 it_per_s=8.45
2026-10-02 22:54:04,084 INFO iter=388500 epoch=56 lr=6.20e-05 G=3.575 advA2B=0.576 advB2A=0.758 cycA=0.073 cycB=0.086 idtA=0.052 idtB=0.078 D_A=0.084 D_B=0.132 D_A(real)=0.84 D_A(fake)=0.16 gnG=35.89 gnD=14.36 it_per_s=8.51
2026-10-02 22:54:14,735 INFO iter=388600 epoch=56 lr=6.20e-05 G=3.568 advA2B=0.576 advB2A=0.757 cycA=0.073 cycB=0.085 idtA=0.052 idtB=0.078 D_A=0.084 D_B=0.132 D_A(real)=0.84 D_A(fake)=0.16 gnG=35.72 gnD=14.41 it_per_s=8.57
2026-10-02 22:54:25,414 INFO iter=388700 epoch=56 lr=6.19e-05 G=3.568 advA2B=0.577 advB2A=0.758 cycA=0.073 cycB=0.086 idtA=0.052 idtB=0.078 D_A=0.084 D_B=0.133 D_A(real)=0.84 D_A(fake)=0.16 gnG=35.76 gnD=14.44 it_per_s=8.61
2026-10-02 22:54:36,068 INFO iter=388800 epoch=56 lr=6.19e-05 G=3.562 advA2B=0.575 advB2A=0.756 cycA=0.073 cycB=0.085 idtA=0.052 idtB=0.078 D_A=0.084 D_B=0.133 D_A(real)=0.84 D_A(fake)=0.16 gnG=35.94 gnD=14.52 it_per_s=8.65
2026-10-02 22:54:46,708 INFO iter=388900 epoch=56 lr=6.19e-05 G=3.558 advA2B=0.573 advB2A=0.755 cycA=0.073 cycB=0.085 idtA=0.052 idtB=0.077 D_A=0.085 D_B=0.134 D_A(real)=0.84 D_A(fake)=0.16 gnG=35.79 gnD=14.56 it_per_s=8.69
2026-10-02 22:54:57,297 INFO iter=389000 epoch=56 lr=6.18e-05 G=3.555 advA2B=0.574 advB2A=0.751 cycA=0.073 cycB=0.085 idtA=0.052 idtB=0.077 D_A=0.084 D_B=0.134 D_A(real)=0.84 D_A(fake)=0.16 gnG=35.86 gnD=14.53 it_per_s=8.73
2026-10-02 22:55:07,926 INFO iter=389100 epoch=56 lr=6.18e-05 G=3.557 advA2B=0.572 advB2A=0.752 cycA=0.073 cycB=0.086 idtA=0.052 idtB=0.078 D_A=0.084 D_B=0.134 D_A(real)=0.84 D_A(fake)=0.16 gnG=35.89 gnD=14.52 it_per_s=8.76
2026-10-02 22:55:18,461 INFO iter=389200 epoch=56 lr=6.18e-05 G=3.557 advA2B=0.573 advB2A=0.752 cycA=0.073 cycB=0.085 idtA=0.052 idtB=0.077 D_A=0.084 D_B=0.134 D_A(real)=0.84 D_A(fake)=0.16 gnG=35.85 gnD=14.52 it_per_s=8.79
2026-10-02 22:55:29,018 INFO iter=389300 epoch=56 lr=6.17e-05 G=3.556 advA2B=0.573 advB2A=0.752 cycA=0.073 cycB=0.085 idtA=0.052 idtB=0.077 D_A=0.083 D_B=0.134 D_A(real)=0.84 D_A(fake)=0.16 gnG=35.94 gnD=14.50 it_per_s=8.82
2026-10-02 22:55:39,547 INFO iter=389400 epoch=56 lr=6.17e-05 G=3.562 advA2B=0.575 advB2A=0.753 cycA=0.073 cycB=0.086 idtA=0.052 idtB=0.077 D_A=0.083 D_B=0.134 D_A(real)=0.84 D_A(fake)=0.16 gnG=36.06 gnD=14.47 it_per_s=8.85
2026-10-02 22:55:50,095 INFO iter=389500 epoch=56 lr=6.16e-05 G=3.563 advA2B=0.578 advB2A=0.752 cycA=0.073 cycB=0.086 idtA=0.052 idtB=0.077 D_A=0.083 D_B=0.134 D_A(real)=0.84 D_A(fake)=0.16 gnG=35.92 gnD=14.47 it_per_s=8.87
2026-10-02 22:56:00,724 INFO iter=389600 epoch=56 lr=6.16e-05 G=3.562 advA2B=0.578 advB2A=0.750 cycA=0.073 cycB=0.086 idtA=0.052 idtB=0.077 D_A=0.083 D_B=0.134 D_A(real)=0.84 D_A(fake)=0.16 gnG=35.85 gnD=14.45 it_per_s=8.89
2026-10-02 22:56:11,283 INFO iter=389700 epoch=56 lr=6.16e-05 G=3.561 advA2B=0.578 advB2A=0.750 cycA=0.073 cycB=0.086 idtA=0.052 idtB=0.077 D_A=0.083 D_B=0.133 D_A(real)=0.84 D_A(fake)=0.16 gnG=35.87 gnD=14.41 it_per_s=8.91
2026-10-02 22:56:21,788 INFO iter=389800 epoch=56 lr=6.15e-05 G=3.562 advA2B=0.578 advB2A=0.751 cycA=0.073 cycB=0.086 idtA=0.052 idtB=0.078 D_A=0.083 D_B=0.133 D_A(real)=0.84 D_A(fake)=0.16 gnG=35.83 gnD=14.41 it_per_s=8.94
2026-10-02 22:56:32,410 INFO iter=389900 epoch=56 lr=6.15e-05 G=3.562 advA2B=0.579 advB2A=0.751 cycA=0.073 cycB=0.086 idtA=0.052 idtB=0.077 D_A=0.083 D_B=0.133 D_A(real)=0.84 D_A(fake)=0.16 gnG=35.79 gnD=14.45 it_per_s=8.95
2026-10-02 22:56:42,964 INFO iter=390000 epoch=56 lr=6.15e-05 G=3.559 advA2B=0.578 advB2A=0.749 cycA=0.073 cycB=0.086 idtA=0.052 idtB=0.078 D_A=0.083 D_B=0.133 D_A(real)=0.84 D_A(fake)=0.16 gnG=35.71 gnD=14.45 it_per_s=8.97
2026-10-02 22:56:53,680 INFO iter=390100 epoch=56 lr=6.14e-05 G=3.555 advA2B=0.577 advB2A=0.750 cycA=0.073 cycB=0.085 idtA=0.052 idtB=0.077 D_A=0.083 D_B=0.133 D_A(real)=0.84 D_A(fake)=0.16 gnG=35.63 gnD=14.50 it_per_s=8.98
2026-10-02 22:57:04,306 INFO iter=390200 epoch=56 lr=6.14e-05 G=3.554 advA2B=0.577 advB2A=0.748 cycA=0.073 cycB=0.085 idtA=0.052 idtB=0.077 D_A=0.083 D_B=0.134 D_A(real)=0.84 D_A(fake)=0.16 gnG=35.70 gnD=14.51 it_per_s=8.99
2026-10-02 22:57:14,864 INFO iter=390300 epoch=56 lr=6.14e-05 G=3.549 advA2B=0.576 advB2A=0.747 cycA=0.073 cycB=0.085 idtA=0.052 idtB=0.077 D_A=0.083 D_B=0.133 D_A(real)=0.84 D_A(fake)=0.16 gnG=35.72 gnD=14.51 it_per_s=9.01
2026-10-02 22:57:25,384 INFO iter=390400 epoch=56 lr=6.13e-05 G=3.549 advA2B=0.577 advB2A=0.747 cycA=0.072 cycB=0.085 idtA=0.052 idtB=0.077 D_A=0.083 D_B=0.133 D_A(real)=0.84 D_A(fake)=0.16 gnG=35.70 gnD=14.50 it_per_s=9.02
2026-10-02 22:57:35,938 INFO iter=390500 epoch=56 lr=6.13e-05 G=3.548 advA2B=0.576 advB2A=0.746 cycA=0.072 cycB=0.085 idtA=0.052 idtB=0.077 D_A=0.083 D_B=0.133 D_A(real)=0.84 D_A(fake)=0.16 gnG=35.66 gnD=14.50 it_per_s=9.03
2026-10-02 22:57:46,507 INFO iter=390600 epoch=56 lr=6.13e-05 G=3.549 advA2B=0.577 advB2A=0.746 cycA=0.072 cycB=0.085 idtA=0.052 idtB=0.077 D_A=0.083 D_B=0.133 D_A(real)=0.84 D_A(fake)=0.16 gnG=35.68 gnD=14.49 it_per_s=9.05
2026-10-02 22:57:57,070 INFO iter=390700 epoch=56 lr=6.12e-05 G=3.549 advA2B=0.578 advB2A=0.747 cycA=0.072 cycB=0.085 idtA=0.052 idtB=0.077 D_A=0.082 D_B=0.133 D_A(real)=0.84 D_A(fake)=0.16 gnG=35.78 gnD=14.46 it_per_s=9.06
2026-10-02 22:58:07,641 INFO iter=390800 epoch=56 lr=6.12e-05 G=3.547 advA2B=0.577 advB2A=0.747 cycA=0.072 cycB=0.085 idtA=0.052 idtB=0.077 D_A=0.082 D_B=0.133 D_A(real)=0.84 D_A(fake)=0.16 gnG=35.80 gnD=14.46 it_per_s=9.07
2026-10-02 22:58:18,188 INFO iter=390900 epoch=56 lr=6.11e-05 G=3.548 advA2B=0.577 advB2A=0.748 cycA=0.072 cycB=0.085 idtA=0.052 idtB=0.077 D_A=0.082 D_B=0.132 D_A(real)=0.84 D_A(fake)=0.16 gnG=35.77 gnD=14.43 it_per_s=9.08
2026-10-02 22:58:28,739 INFO iter=391000 epoch=56 lr=6.11e-05 G=3.549 advA2B=0.579 advB2A=0.747 cycA=0.072 cycB=0.085 idtA=0.052 idtB=0.077 D_A=0.082 D_B=0.132 D_A(real)=0.84 D_A(fake)=0.16 gnG=35.84 gnD=14.43 it_per_s=9.09
2026-10-02 22:58:39,290 INFO iter=391100 epoch=56 lr=6.11e-05 G=3.544 advA2B=0.578 advB2A=0.746 cycA=0.072 cycB=0.085 idtA=0.052 idtB=0.077 D_A=0.082 D_B=0.133 D_A(real)=0.84 D_A(fake)=0.16 gnG=35.89 gnD=14.42 it_per_s=9.10
2026-10-02 22:58:49,853 INFO iter=391200 epoch=56 lr=6.10e-05 G=3.541 advA2B=0.576 advB2A=0.747 cycA=0.072 cycB=0.085 idtA=0.052 idtB=0.077 D_A=0.082 D_B=0.133 D_A(real)=0.84 D_A(fake)=0.16 gnG=35.84 gnD=14.41 it_per_s=9.11
2026-10-02 22:59:00,317 INFO iter=391300 epoch=56 lr=6.10e-05 G=3.542 advA2B=0.575 advB2A=0.748 cycA=0.072 cycB=0.085 idtA=0.052 idtB=0.077 D_A=0.082 D_B=0.133 D_A(real)=0.84 D_A(fake)=0.16 gnG=35.93 gnD=14.41 it_per_s=9.12
2026-10-02 22:59:10,908 INFO iter=391400 epoch=56 lr=6.10e-05 G=3.544 advA2B=0.576 advB2A=0.749 cycA=0.072 cycB=0.085 idtA=0.052 idtB=0.077 D_A=0.082 D_B=0.133 D_A(real)=0.84 D_A(fake)=0.16 gnG=36.03 gnD=14.41 it_per_s=9.12
2026-10-02 22:59:21,471 INFO iter=391500 epoch=56 lr=6.09e-05 G=3.544 advA2B=0.576 advB2A=0.748 cycA=0.072 cycB=0.085 idtA=0.052 idtB=0.077 D_A=0.082 D_B=0.133 D_A(real)=0.84 D_A(fake)=0.16 gnG=36.05 gnD=14.39 it_per_s=9.13
2026-10-02 22:59:32,011 INFO iter=391600 epoch=56 lr=6.09e-05 G=3.545 advA2B=0.577 advB2A=0.747 cycA=0.072 cycB=0.085 idtA=0.052 idtB=0.077 D_A=0.082 D_B=0.132 D_A(real)=0.84 D_A(fake)=0.16 gnG=36.04 gnD=14.38 it_per_s=9.14
2026-10-02 22:59:42,622 INFO iter=391700 epoch=56 lr=6.09e-05 G=3.546 advA2B=0.577 advB2A=0.747 cycA=0.072 cycB=0.085 idtA=0.052 idtB=0.077 D_A=0.082 D_B=0.132 D_A(real)=0.84 D_A(fake)=0.16 gnG=36.02 gnD=14.37 it_per_s=9.14
2026-10-02 22:59:53,251 INFO iter=391800 epoch=56 lr=6.08e-05 G=3.545 advA2B=0.577 advB2A=0.746 cycA=0.072 cycB=0.085 idtA=0.052 idtB=0.077 D_A=0.082 D_B=0.132 D_A(real)=0.84 D_A(fake)=0.16 gnG=36.08 gnD=14.36 it_per_s=9.15
2026-10-02 23:00:03,766 INFO iter=391900 epoch=56 lr=6.08e-05 G=3.547 advA2B=0.578 advB2A=0.746 cycA=0.072 cycB=0.085 idtA=0.052 idtB=0.077 D_A=0.082 D_B=0.132 D_A(real)=0.84 D_A(fake)=0.16 gnG=36.07 gnD=14.35 it_per_s=9.16
2026-10-02 23:00:14,344 INFO iter=392000 epoch=56 lr=6.08e-05 G=3.546 advA2B=0.578 advB2A=0.745 cycA=0.072 cycB=0.085 idtA=0.052 idtB=0.077 D_A=0.082 D_B=0.131 D_A(real)=0.84 D_A(fake)=0.15 gnG=36.09 gnD=14.33 it_per_s=9.16
2026-10-02 23:00:24,864 INFO iter=392100 epoch=56 lr=6.07e-05 G=3.547 advA2B=0.579 advB2A=0.746 cycA=0.072 cycB=0.085 idtA=0.052 idtB=0.077 D_A=0.081 D_B=0.131 D_A(real)=0.84 D_A(fake)=0.15 gnG=36.13 gnD=14.33 it_per_s=9.17
2026-10-02 23:00:35,366 INFO iter=392200 epoch=56 lr=6.07e-05 G=3.550 advA2B=0.579 advB2A=0.748 cycA=0.072 cycB=0.085 idtA=0.052 idtB=0.077 D_A=0.081 D_B=0.131 D_A(real)=0.85 D_A(fake)=0.15 gnG=36.12 gnD=14.33 it_per_s=9.18
2026-10-02 23:00:45,931 INFO iter=392300 epoch=56 lr=6.06e-05 G=3.550 advA2B=0.579 advB2A=0.748 cycA=0.072 cycB=0.085 idtA=0.052 idtB=0.077 D_A=0.081 D_B=0.131 D_A(real)=0.85 D_A(fake)=0.15 gnG=36.16 gnD=14.34 it_per_s=9.18
2026-10-02 23:00:56,483 INFO iter=392400 epoch=56 lr=6.06e-05 G=3.551 advA2B=0.580 advB2A=0.748 cycA=0.072 cycB=0.085 idtA=0.052 idtB=0.077 D_A=0.081 D_B=0.131 D_A(real)=0.85 D_A(fake)=0.15 gnG=36.20 gnD=14.35 it_per_s=9.19
2026-10-02 23:01:07,018 INFO iter=392500 epoch=56 lr=6.06e-05 G=3.549 advA2B=0.579 advB2A=0.748 cycA=0.072 cycB=0.085 idtA=0.052 idtB=0.077 D_A=0.081 D_B=0.132 D_A(real)=0.85 D_A(fake)=0.15 gnG=36.21 gnD=14.36 it_per_s=9.19
2026-10-02 23:01:17,589 INFO iter=392600 epoch=56 lr=6.05e-05 G=3.546 advA2B=0.579 advB2A=0.748 cycA=0.072 cycB=0.085 idtA=0.052 idtB=0.077 D_A=0.081 D_B=0.132 D_A(real)=0.85 D_A(fake)=0.15 gnG=36.16 gnD=14.36 it_per_s=9.20
2026-10-02 23:01:28,132 INFO iter=392700 epoch=56 lr=6.05e-05 G=3.548 advA2B=0.580 advB2A=0.748 cycA=0.072 cycB=0.085 idtA=0.052 idtB=0.077 D_A=0.081 D_B=0.132 D_A(real)=0.85 D_A(fake)=0.15 gnG=36.24 gnD=14.35 it_per_s=9.20
2026-10-02 23:01:38,665 INFO iter=392800 epoch=56 lr=6.05e-05 G=3.550 advA2B=0.580 advB2A=0.748 cycA=0.072 cycB=0.085 idtA=0.052 idtB=0.077 D_A=0.081 D_B=0.132 D_A(real)=0.85 D_A(fake)=0.15 gnG=36.27 gnD=14.38 it_per_s=9.21
2026-10-02 23:01:49,160 INFO iter=392900 epoch=56 lr=6.04e-05 G=3.549 advA2B=0.580 advB2A=0.749 cycA=0.072 cycB=0.085 idtA=0.052 idtB=0.077 D_A=0.081 D_B=0.131 D_A(real)=0.85 D_A(fake)=0.15 gnG=36.32 gnD=14.39 it_per_s=9.21
2026-10-02 23:01:59,670 INFO iter=393000 epoch=56 lr=6.04e-05 G=3.549 advA2B=0.580 advB2A=0.748 cycA=0.072 cycB=0.085 idtA=0.052 idtB=0.077 D_A=0.081 D_B=0.131 D_A(real)=0.85 D_A(fake)=0.15 gnG=36.35 gnD=14.40 it_per_s=9.22
2026-10-02 23:02:10,201 INFO iter=393100 epoch=56 lr=6.04e-05 G=3.549 advA2B=0.581 advB2A=0.748 cycA=0.072 cycB=0.085 idtA=0.052 idtB=0.077 D_A=0.081 D_B=0.131 D_A(real)=0.85 D_A(fake)=0.15 gnG=36.39 gnD=14.40 it_per_s=9.22
2026-10-02 23:02:20,838 INFO iter=393200 epoch=56 lr=6.03e-05 G=3.549 advA2B=0.581 advB2A=0.748 cycA=0.072 cycB=0.085 idtA=0.052 idtB=0.077 D_A=0.081 D_B=0.131 D_A(real)=0.85 D_A(fake)=0.15 gnG=36.44 gnD=14.41 it_per_s=9.22
2026-10-02 23:02:31,351 INFO iter=393300 epoch=56 lr=6.03e-05 G=3.549 advA2B=0.581 advB2A=0.749 cycA=0.072 cycB=0.085 idtA=0.052 idtB=0.077 D_A=0.081 D_B=0.132 D_A(real)=0.85 D_A(fake)=0.15 gnG=36.53 gnD=14.41 it_per_s=9.23
2026-10-02 23:02:41,958 INFO iter=393400 epoch=56 lr=6.03e-05 G=3.550 advA2B=0.581 advB2A=0.750 cycA=0.072 cycB=0.085 idtA=0.052 idtB=0.077 D_A=0.081 D_B=0.131 D_A(real)=0.85 D_A(fake)=0.15 gnG=36.54 gnD=14.42 it_per_s=9.23
2026-10-02 23:02:52,412 INFO iter=393500 epoch=56 lr=6.02e-05 G=3.550 advA2B=0.581 advB2A=0.751 cycA=0.072 cycB=0.085 idtA=0.052 idtB=0.077 D_A=0.081 D_B=0.131 D_A(real)=0.85 D_A(fake)=0.15 gnG=36.55 gnD=14.42 it_per_s=9.24
2026-10-02 23:03:02,944 INFO iter=393600 epoch=56 lr=6.02e-05 G=3.550 advA2B=0.582 advB2A=0.751 cycA=0.072 cycB=0.085 idtA=0.052 idtB=0.077 D_A=0.081 D_B=0.131 D_A(real)=0.85 D_A(fake)=0.15 gnG=36.65 gnD=14.42 it_per_s=9.24
2026-10-02 23:03:13,515 INFO iter=393700 epoch=56 lr=6.02e-05 G=3.551 advA2B=0.582 advB2A=0.751 cycA=0.072 cycB=0.085 idtA=0.052 idtB=0.077 D_A=0.081 D_B=0.131 D_A(real)=0.85 D_A(fake)=0.15 gnG=36.66 gnD=14.44 it_per_s=9.24
2026-10-02 23:03:24,058 INFO iter=393800 epoch=56 lr=6.01e-05 G=3.553 advA2B=0.583 advB2A=0.750 cycA=0.072 cycB=0.085 idtA=0.052 idtB=0.077 D_A=0.081 D_B=0.131 D_A(real)=0.85 D_A(fake)=0.15 gnG=36.65 gnD=14.44 it_per_s=9.25
2026-10-02 23:03:34,637 INFO iter=393900 epoch=56 lr=6.01e-05 G=3.551 advA2B=0.583 advB2A=0.749 cycA=0.072 cycB=0.085 idtA=0.052 idtB=0.077 D_A=0.081 D_B=0.131 D_A(real)=0.85 D_A(fake)=0.15 gnG=36.63 gnD=14.44 it_per_s=9.25
2026-10-02 23:03:45,294 INFO iter=394000 epoch=56 lr=6.00e-05 G=3.553 advA2B=0.583 advB2A=0.749 cycA=0.072 cycB=0.085 idtA=0.052 idtB=0.077 D_A=0.081 D_B=0.131 D_A(real)=0.85 D_A(fake)=0.15 gnG=36.65 gnD=14.44 it_per_s=9.25
2026-10-02 23:03:55,872 INFO iter=394100 epoch=56 lr=6.00e-05 G=3.551 advA2B=0.583 advB2A=0.749 cycA=0.072 cycB=0.085 idtA=0.052 idtB=0.077 D_A=0.081 D_B=0.131 D_A(real)=0.84 D_A(fake)=0.16 gnG=36.60 gnD=14.44 it_per_s=9.26
2026-10-02 23:03:58,841 INFO epoch=56 done time_s=760 it_per_s=9.26 G=3.551 cycA=0.072 cycB=0.085 idtA=0.052 idtB=0.077 D_A=0.081 D_B=0.131 D_A(real)=0.84 D_A(fake)=0.16 nan_count=0
2026-10-02 23:04:07,032 INFO iter=394200 epoch=57 lr=6.00e-05 G=3.436 advA2B=0.593 advB2A=0.657 cycA=0.067 cycB=0.088 idtA=0.048 idtB=0.079 D_A=0.075 D_B=0.121 D_A(real)=0.84 D_A(fake)=0.16 gnG=30.00 gnD=13.80 it_per_s=9.47
2026-10-02 23:04:17,666 INFO iter=394300 epoch=57 lr=5.99e-05 G=3.494 advA2B=0.583 advB2A=0.722 cycA=0.070 cycB=0.085 idtA=0.050 idtB=0.076 D_A=0.079 D_B=0.127 D_A(real)=0.84 D_A(fake)=0.17 gnG=32.38 gnD=14.23 it_per_s=9.43
2026-10-02 23:04:28,297 INFO iter=394400 epoch=57 lr=5.99e-05 G=3.511 advA2B=0.603 advB2A=0.720 cycA=0.072 cycB=0.084 idtA=0.051 idtB=0.075 D_A=0.081 D_B=0.126 D_A(real)=0.83 D_A(fake)=0.17 gnG=34.60 gnD=14.05 it_per_s=9.42
2026-10-02 23:04:38,835 INFO iter=394500 epoch=57 lr=5.99e-05 G=3.529 advA2B=0.603 advB2A=0.726 cycA=0.072 cycB=0.084 idtA=0.051 idtB=0.077 D_A=0.083 D_B=0.127 D_A(real)=0.83 D_A(fake)=0.17 gnG=34.52 gnD=14.22 it_per_s=9.44
2026-10-02 23:04:49,458 INFO iter=394600 epoch=57 lr=5.98e-05 G=3.531 advA2B=0.599 advB2A=0.732 cycA=0.072 cycB=0.084 idtA=0.051 idtB=0.077 D_A=0.081 D_B=0.125 D_A(real)=0.83 D_A(fake)=0.16 gnG=34.15 gnD=14.12 it_per_s=9.43
2026-10-02 23:05:00,129 INFO iter=394700 epoch=57 lr=5.98e-05 G=3.532 advA2B=0.601 advB2A=0.734 cycA=0.072 cycB=0.084 idtA=0.051 idtB=0.076 D_A=0.080 D_B=0.126 D_A(real)=0.84 D_A(fake)=0.17 gnG=33.72 gnD=14.13 it_per_s=9.42
2026-10-02 23:05:10,673 INFO iter=394800 epoch=57 lr=5.98e-05 G=3.531 advA2B=0.601 advB2A=0.729 cycA=0.072 cycB=0.084 idtA=0.051 idtB=0.076 D_A=0.080 D_B=0.127 D_A(real)=0.84 D_A(fake)=0.16 gnG=34.18 gnD=14.20 it_per_s=9.43
2026-10-02 23:05:21,190 INFO iter=394900 epoch=57 lr=5.97e-05 G=3.536 advA2B=0.597 advB2A=0.724 cycA=0.072 cycB=0.085 idtA=0.051 idtB=0.077 D_A=0.079 D_B=0.127 D_A(real)=0.84 D_A(fake)=0.16 gnG=34.66 gnD=14.16 it_per_s=9.44
2026-10-02 23:05:31,726 INFO iter=395000 epoch=57 lr=5.97e-05 G=3.520 advA2B=0.592 advB2A=0.720 cycA=0.072 cycB=0.085 idtA=0.051 idtB=0.076 D_A=0.079 D_B=0.128 D_A(real)=0.84 D_A(fake)=0.16 gnG=34.30 gnD=14.15 it_per_s=9.45
2026-10-02 23:05:42,233 INFO iter=395100 epoch=57 lr=5.97e-05 G=3.531 advA2B=0.599 advB2A=0.726 cycA=0.072 cycB=0.085 idtA=0.051 idtB=0.076 D_A=0.079 D_B=0.128 D_A(real)=0.84 D_A(fake)=0.16 gnG=34.41 gnD=14.21 it_per_s=9.45
2026-10-02 23:05:52,730 INFO iter=395200 epoch=57 lr=5.96e-05 G=3.527 advA2B=0.600 advB2A=0.722 cycA=0.072 cycB=0.085 idtA=0.051 idtB=0.076 D_A=0.080 D_B=0.128 D_A(real)=0.84 D_A(fake)=0.16 gnG=34.39 gnD=14.23 it_per_s=9.46
2026-10-02 23:06:03,287 INFO iter=395300 epoch=57 lr=5.96e-05 G=3.531 advA2B=0.599 advB2A=0.722 cycA=0.072 cycB=0.085 idtA=0.052 idtB=0.076 D_A=0.081 D_B=0.129 D_A(real)=0.84 D_A(fake)=0.16 gnG=34.40 gnD=14.35 it_per_s=9.46
2026-10-02 23:06:13,804 INFO iter=395400 epoch=57 lr=5.95e-05 G=3.524 advA2B=0.594 advB2A=0.722 cycA=0.072 cycB=0.085 idtA=0.052 idtB=0.076 D_A=0.081 D_B=0.130 D_A(real)=0.84 D_A(fake)=0.16 gnG=34.30 gnD=14.43 it_per_s=9.47
2026-10-02 23:06:24,338 INFO iter=395500 epoch=57 lr=5.95e-05 G=3.529 advA2B=0.592 advB2A=0.726 cycA=0.072 cycB=0.085 idtA=0.052 idtB=0.076 D_A=0.082 D_B=0.130 D_A(real)=0.84 D_A(fake)=0.16 gnG=34.35 gnD=14.49 it_per_s=9.47
2026-10-02 23:06:34,880 INFO iter=395600 epoch=57 lr=5.95e-05 G=3.526 advA2B=0.593 advB2A=0.727 cycA=0.072 cycB=0.085 idtA=0.052 idtB=0.076 D_A=0.082 D_B=0.130 D_A(real)=0.84 D_A(fake)=0.16 gnG=34.44 gnD=14.51 it_per_s=9.47
2026-10-02 23:06:45,407 INFO iter=395700 epoch=57 lr=5.94e-05 G=3.531 advA2B=0.595 advB2A=0.728 cycA=0.072 cycB=0.085 idtA=0.052 idtB=0.077 D_A=0.081 D_B=0.130 D_A(real)=0.84 D_A(fake)=0.16 gnG=34.46 gnD=14.50 it_per_s=9.47
2026-10-02 23:06:55,929 INFO iter=395800 epoch=57 lr=5.94e-05 G=3.541 advA2B=0.593 advB2A=0.728 cycA=0.072 cycB=0.085 idtA=0.052 idtB=0.077 D_A=0.081 D_B=0.130 D_A(real)=0.84 D_A(fake)=0.16 gnG=34.43 gnD=14.45 it_per_s=9.47
2026-10-02 23:07:06,467 INFO iter=395900 epoch=57 lr=5.94e-05 G=3.542 advA2B=0.594 advB2A=0.728 cycA=0.072 cycB=0.085 idtA=0.052 idtB=0.077 D_A=0.082 D_B=0.130 D_A(real)=0.84 D_A(fake)=0.16 gnG=34.44 gnD=14.55 it_per_s=9.47
2026-10-02 23:07:17,040 INFO iter=396000 epoch=57 lr=5.93e-05 G=3.539 advA2B=0.592 advB2A=0.727 cycA=0.072 cycB=0.085 idtA=0.052 idtB=0.077 D_A=0.082 D_B=0.130 D_A(real)=0.84 D_A(fake)=0.16 gnG=34.29 gnD=14.56 it_per_s=9.47
2026-10-02 23:07:27,591 INFO iter=396100 epoch=57 lr=5.93e-05 G=3.533 advA2B=0.591 advB2A=0.729 cycA=0.072 cycB=0.085 idtA=0.052 idtB=0.077 D_A=0.083 D_B=0.130 D_A(real)=0.83 D_A(fake)=0.17 gnG=34.46 gnD=14.59 it_per_s=9.47
2026-10-02 23:07:38,112 INFO iter=396200 epoch=57 lr=5.93e-05 G=3.528 advA2B=0.591 advB2A=0.728 cycA=0.072 cycB=0.085 idtA=0.052 idtB=0.077 D_A=0.083 D_B=0.130 D_A(real)=0.83 D_A(fake)=0.17 gnG=34.54 gnD=14.59 it_per_s=9.47
2026-10-02 23:07:48,695 INFO iter=396300 epoch=57 lr=5.92e-05 G=3.532 advA2B=0.593 advB2A=0.726 cycA=0.072 cycB=0.085 idtA=0.052 idtB=0.077 D_A=0.084 D_B=0.130 D_A(real)=0.83 D_A(fake)=0.17 gnG=34.57 gnD=14.62 it_per_s=9.47
2026-10-02 23:07:59,237 INFO iter=396400 epoch=57 lr=5.92e-05 G=3.533 advA2B=0.592 advB2A=0.726 cycA=0.072 cycB=0.085 idtA=0.051 idtB=0.077 D_A=0.084 D_B=0.130 D_A(real)=0.83 D_A(fake)=0.17 gnG=34.52 gnD=14.66 it_per_s=9.47
2026-10-02 23:08:09,797 INFO iter=396500 epoch=57 lr=5.92e-05 G=3.534 advA2B=0.592 advB2A=0.725 cycA=0.072 cycB=0.085 idtA=0.051 idtB=0.078 D_A=0.083 D_B=0.130 D_A(real)=0.83 D_A(fake)=0.17 gnG=34.56 gnD=14.64 it_per_s=9.47
2026-10-02 23:08:20,352 INFO iter=396600 epoch=57 lr=5.91e-05 G=3.530 advA2B=0.591 advB2A=0.724 cycA=0.072 cycB=0.085 idtA=0.051 idtB=0.077 D_A=0.083 D_B=0.130 D_A(real)=0.83 D_A(fake)=0.17 gnG=34.45 gnD=14.62 it_per_s=9.47
2026-10-02 23:08:30,891 INFO iter=396700 epoch=57 lr=5.91e-05 G=3.526 advA2B=0.591 advB2A=0.724 cycA=0.072 cycB=0.085 idtA=0.051 idtB=0.077 D_A=0.083 D_B=0.130 D_A(real)=0.83 D_A(fake)=0.17 gnG=34.55 gnD=14.60 it_per_s=9.47
2026-10-02 23:08:41,427 INFO iter=396800 epoch=57 lr=5.91e-05 G=3.522 advA2B=0.590 advB2A=0.723 cycA=0.072 cycB=0.085 idtA=0.051 idtB=0.077 D_A=0.083 D_B=0.130 D_A(real)=0.83 D_A(fake)=0.17 gnG=34.43 gnD=14.65 it_per_s=9.48
2026-10-02 23:08:51,955 INFO iter=396900 epoch=57 lr=5.90e-05 G=3.517 advA2B=0.588 advB2A=0.722 cycA=0.072 cycB=0.085 idtA=0.051 idtB=0.077 D_A=0.083 D_B=0.131 D_A(real)=0.83 D_A(fake)=0.17 gnG=34.37 gnD=14.69 it_per_s=9.48
2026-10-02 23:09:02,454 INFO iter=397000 epoch=57 lr=5.90e-05 G=3.512 advA2B=0.586 advB2A=0.719 cycA=0.072 cycB=0.085 idtA=0.051 idtB=0.077 D_A=0.084 D_B=0.131 D_A(real)=0.83 D_A(fake)=0.17 gnG=34.30 gnD=14.71 it_per_s=9.48
2026-10-02 23:09:13,077 INFO iter=397100 epoch=57 lr=5.89e-05 G=3.517 advA2B=0.587 advB2A=0.722 cycA=0.072 cycB=0.085 idtA=0.051 idtB=0.077 D_A=0.083 D_B=0.130 D_A(real)=0.83 D_A(fake)=0.17 gnG=34.41 gnD=14.70 it_per_s=9.48
2026-10-02 23:09:23,604 INFO iter=397200 epoch=57 lr=5.89e-05 G=3.519 advA2B=0.587 advB2A=0.723 cycA=0.072 cycB=0.085 idtA=0.051 idtB=0.077 D_A=0.084 D_B=0.130 D_A(real)=0.83 D_A(fake)=0.17 gnG=34.38 gnD=14.69 it_per_s=9.48
2026-10-02 23:09:34,129 INFO iter=397300 epoch=57 lr=5.89e-05 G=3.516 advA2B=0.588 advB2A=0.721 cycA=0.072 cycB=0.085 idtA=0.051 idtB=0.077 D_A=0.084 D_B=0.131 D_A(real)=0.83 D_A(fake)=0.17 gnG=34.49 gnD=14.69 it_per_s=9.48
2026-10-02 23:09:44,692 INFO iter=397400 epoch=57 lr=5.88e-05 G=3.520 advA2B=0.589 advB2A=0.723 cycA=0.072 cycB=0.085 idtA=0.051 idtB=0.077 D_A=0.084 D_B=0.130 D_A(real)=0.83 D_A(fake)=0.17 gnG=34.57 gnD=14.68 it_per_s=9.48
2026-10-02 23:09:55,222 INFO iter=397500 epoch=57 lr=5.88e-05 G=3.522 advA2B=0.589 advB2A=0.723 cycA=0.072 cycB=0.085 idtA=0.051 idtB=0.077 D_A=0.083 D_B=0.130 D_A(real)=0.83 D_A(fake)=0.17 gnG=34.55 gnD=14.64 it_per_s=9.48
2026-10-02 23:10:05,746 INFO iter=397600 epoch=57 lr=5.88e-05 G=3.521 advA2B=0.588 advB2A=0.725 cycA=0.072 cycB=0.085 idtA=0.051 idtB=0.077 D_A=0.083 D_B=0.130 D_A(real)=0.83 D_A(fake)=0.17 gnG=34.50 gnD=14.63 it_per_s=9.48
2026-10-02 23:10:16,317 INFO iter=397700 epoch=57 lr=5.87e-05 G=3.523 advA2B=0.587 advB2A=0.726 cycA=0.072 cycB=0.085 idtA=0.051 idtB=0.077 D_A=0.083 D_B=0.130 D_A(real)=0.83 D_A(fake)=0.17 gnG=34.42 gnD=14.64 it_per_s=9.48
2026-10-02 23:10:26,942 INFO iter=397800 epoch=57 lr=5.87e-05 G=3.522 advA2B=0.588 advB2A=0.725 cycA=0.072 cycB=0.085 idtA=0.051 idtB=0.077 D_A=0.083 D_B=0.130 D_A(real)=0.83 D_A(fake)=0.17 gnG=34.61 gnD=14.64 it_per_s=9.48
2026-10-02 23:10:37,531 INFO iter=397900 epoch=57 lr=5.87e-05 G=3.519 advA2B=0.587 advB2A=0.724 cycA=0.072 cycB=0.085 idtA=0.051 idtB=0.077 D_A=0.083 D_B=0.130 D_A(real)=0.83 D_A(fake)=0.17 gnG=34.61 gnD=14.66 it_per_s=9.47
2026-10-02 23:10:48,080 INFO iter=398000 epoch=57 lr=5.86e-05 G=3.517 advA2B=0.586 advB2A=0.725 cycA=0.072 cycB=0.085 idtA=0.051 idtB=0.077 D_A=0.084 D_B=0.130 D_A(real)=0.83 D_A(fake)=0.17 gnG=34.55 gnD=14.69 it_per_s=9.47
2026-10-02 23:10:58,674 INFO iter=398100 epoch=57 lr=5.86e-05 G=3.516 advA2B=0.585 advB2A=0.725 cycA=0.072 cycB=0.085 idtA=0.051 idtB=0.077 D_A=0.084 D_B=0.130 D_A(real)=0.83 D_A(fake)=0.17 gnG=34.60 gnD=14.69 it_per_s=9.47
2026-10-02 23:11:09,218 INFO iter=398200 epoch=57 lr=5.86e-05 G=3.517 advA2B=0.585 advB2A=0.726 cycA=0.072 cycB=0.085 idtA=0.051 idtB=0.077 D_A=0.083 D_B=0.130 D_A(real)=0.83 D_A(fake)=0.17 gnG=34.57 gnD=14.69 it_per_s=9.47
2026-10-02 23:11:19,729 INFO iter=398300 epoch=57 lr=5.85e-05 G=3.517 advA2B=0.585 advB2A=0.725 cycA=0.072 cycB=0.084 idtA=0.051 idtB=0.077 D_A=0.084 D_B=0.130 D_A(real)=0.83 D_A(fake)=0.17 gnG=34.60 gnD=14.70 it_per_s=9.48
2026-10-02 23:11:30,331 INFO iter=398400 epoch=57 lr=5.85e-05 G=3.518 advA2B=0.586 advB2A=0.726 cycA=0.072 cycB=0.085 idtA=0.051 idtB=0.077 D_A=0.084 D_B=0.130 D_A(real)=0.83 D_A(fake)=0.17 gnG=34.73 gnD=14.70 it_per_s=9.47
2026-10-02 23:11:40,872 INFO iter=398500 epoch=57 lr=5.84e-05 G=3.515 advA2B=0.585 advB2A=0.726 cycA=0.072 cycB=0.084 idtA=0.051 idtB=0.077 D_A=0.084 D_B=0.130 D_A(real)=0.83 D_A(fake)=0.17 gnG=34.73 gnD=14.70 it_per_s=9.47
2026-10-02 23:11:51,492 INFO iter=398600 epoch=57 lr=5.84e-05 G=3.514 advA2B=0.586 advB2A=0.725 cycA=0.072 cycB=0.084 idtA=0.051 idtB=0.076 D_A=0.084 D_B=0.130 D_A(real)=0.83 D_A(fake)=0.17 gnG=34.71 gnD=14.71 it_per_s=9.47
2026-10-02 23:12:02,026 INFO iter=398700 epoch=57 lr=5.84e-05 G=3.517 advA2B=0.586 advB2A=0.726 cycA=0.072 cycB=0.084 idtA=0.051 idtB=0.077 D_A=0.084 D_B=0.130 D_A(real)=0.83 D_A(fake)=0.17 gnG=34.82 gnD=14.70 it_per_s=9.47
2026-10-02 23:12:12,546 INFO iter=398800 epoch=57 lr=5.83e-05 G=3.524 advA2B=0.588 advB2A=0.727 cycA=0.072 cycB=0.085 idtA=0.051 idtB=0.077 D_A=0.084 D_B=0.130 D_A(real)=0.83 D_A(fake)=0.17 gnG=35.09 gnD=14.69 it_per_s=9.47
2026-10-02 23:12:23,116 INFO iter=398900 epoch=57 lr=5.83e-05 G=3.527 advA2B=0.589 advB2A=0.728 cycA=0.072 cycB=0.085 idtA=0.051 idtB=0.077 D_A=0.084 D_B=0.130 D_A(real)=0.83 D_A(fake)=0.17 gnG=35.24 gnD=14.67 it_per_s=9.47
2026-10-02 23:12:33,701 INFO iter=399000 epoch=57 lr=5.83e-05 G=3.530 advA2B=0.591 advB2A=0.728 cycA=0.072 cycB=0.085 idtA=0.052 idtB=0.077 D_A=0.084 D_B=0.129 D_A(real)=0.83 D_A(fake)=0.17 gnG=35.32 gnD=14.65 it_per_s=9.47
2026-10-02 23:12:44,284 INFO iter=399100 epoch=57 lr=5.82e-05 G=3.530 advA2B=0.592 advB2A=0.728 cycA=0.072 cycB=0.085 idtA=0.052 idtB=0.077 D_A=0.084 D_B=0.129 D_A(real)=0.83 D_A(fake)=0.17 gnG=35.51 gnD=14.64 it_per_s=9.47
2026-10-02 23:12:54,928 INFO iter=399200 epoch=57 lr=5.82e-05 G=3.533 advA2B=0.593 advB2A=0.728 cycA=0.072 cycB=0.085 idtA=0.052 idtB=0.077 D_A=0.084 D_B=0.129 D_A(real)=0.83 D_A(fake)=0.17 gnG=35.64 gnD=14.60 it_per_s=9.47
2026-10-02 23:13:05,538 INFO iter=399300 epoch=57 lr=5.82e-05 G=3.535 advA2B=0.594 advB2A=0.728 cycA=0.072 cycB=0.085 idtA=0.052 idtB=0.077 D_A=0.083 D_B=0.129 D_A(real)=0.83 D_A(fake)=0.17 gnG=35.95 gnD=14.59 it_per_s=9.47
2026-10-02 23:13:16,143 INFO iter=399400 epoch=57 lr=5.81e-05 G=3.537 advA2B=0.595 advB2A=0.729 cycA=0.072 cycB=0.085 idtA=0.052 idtB=0.077 D_A=0.083 D_B=0.129 D_A(real)=0.83 D_A(fake)=0.17 gnG=36.18 gnD=14.58 it_per_s=9.47
2026-10-02 23:13:26,746 INFO iter=399500 epoch=57 lr=5.81e-05 G=3.535 advA2B=0.594 advB2A=0.728 cycA=0.072 cycB=0.085 idtA=0.052 idtB=0.077 D_A=0.083 D_B=0.129 D_A(real)=0.83 D_A(fake)=0.17 gnG=36.11 gnD=14.55 it_per_s=9.47
2026-10-02 23:13:37,303 INFO iter=399600 epoch=57 lr=5.81e-05 G=3.535 advA2B=0.593 advB2A=0.729 cycA=0.072 cycB=0.085 idtA=0.052 idtB=0.077 D_A=0.083 D_B=0.129 D_A(real)=0.83 D_A(fake)=0.17 gnG=36.08 gnD=14.55 it_per_s=9.47
2026-10-02 23:13:48,001 INFO iter=399700 epoch=57 lr=5.80e-05 G=3.534 advA2B=0.593 advB2A=0.728 cycA=0.072 cycB=0.085 idtA=0.052 idtB=0.077 D_A=0.083 D_B=0.129 D_A(real)=0.83 D_A(fake)=0.17 gnG=36.00 gnD=14.54 it_per_s=9.47
2026-10-02 23:13:58,695 INFO iter=399800 epoch=57 lr=5.80e-05 G=3.536 advA2B=0.593 advB2A=0.728 cycA=0.072 cycB=0.085 idtA=0.052 idtB=0.077 D_A=0.083 D_B=0.129 D_A(real)=0.83 D_A(fake)=0.17 gnG=35.91 gnD=14.54 it_per_s=9.46
2026-10-02 23:14:09,357 INFO iter=399900 epoch=57 lr=5.80e-05 G=3.538 advA2B=0.593 advB2A=0.729 cycA=0.072 cycB=0.085 idtA=0.052 idtB=0.077 D_A=0.083 D_B=0.129 D_A(real)=0.83 D_A(fake)=0.17 gnG=35.87 gnD=14.55 it_per_s=9.46
2026-10-02 23:14:19,901 INFO iter=400000 epoch=57 lr=5.79e-05 G=3.537 advA2B=0.593 advB2A=0.728 cycA=0.072 cycB=0.085 idtA=0.052 idtB=0.077 D_A=0.083 D_B=0.129 D_A(real)=0.84 D_A(fake)=0.16 gnG=35.89 gnD=14.54 it_per_s=9.46
2026-10-02 23:14:30,490 INFO iter=400100 epoch=57 lr=5.79e-05 G=3.539 advA2B=0.593 advB2A=0.729 cycA=0.073 cycB=0.085 idtA=0.052 idtB=0.077 D_A=0.083 D_B=0.129 D_A(real)=0.84 D_A(fake)=0.16 gnG=35.87 gnD=14.54 it_per_s=9.46
2026-10-02 23:14:41,082 INFO iter=400200 epoch=57 lr=5.78e-05 G=3.540 advA2B=0.594 advB2A=0.729 cycA=0.073 cycB=0.085 idtA=0.052 idtB=0.077 D_A=0.083 D_B=0.129 D_A(real)=0.84 D_A(fake)=0.16 gnG=35.89 gnD=14.53 it_per_s=9.46
2026-10-02 23:14:51,599 INFO iter=400300 epoch=57 lr=5.78e-05 G=3.538 advA2B=0.593 advB2A=0.729 cycA=0.073 cycB=0.085 idtA=0.052 idtB=0.077 D_A=0.083 D_B=0.129 D_A(real)=0.84 D_A(fake)=0.16 gnG=35.85 gnD=14.53 it_per_s=9.46
2026-10-02 23:15:02,117 INFO iter=400400 epoch=57 lr=5.78e-05 G=3.538 advA2B=0.593 advB2A=0.729 cycA=0.073 cycB=0.085 idtA=0.052 idtB=0.077 D_A=0.083 D_B=0.129 D_A(real)=0.84 D_A(fake)=0.16 gnG=35.82 gnD=14.52 it_per_s=9.46
2026-10-02 23:15:12,703 INFO iter=400500 epoch=57 lr=5.77e-05 G=3.538 advA2B=0.592 advB2A=0.730 cycA=0.073 cycB=0.085 idtA=0.052 idtB=0.077 D_A=0.083 D_B=0.129 D_A(real)=0.84 D_A(fake)=0.16 gnG=35.78 gnD=14.52 it_per_s=9.46
2026-10-02 23:15:23,294 INFO iter=400600 epoch=57 lr=5.77e-05 G=3.538 advA2B=0.592 advB2A=0.730 cycA=0.072 cycB=0.085 idtA=0.052 idtB=0.077 D_A=0.083 D_B=0.129 D_A(real)=0.84 D_A(fake)=0.16 gnG=35.74 gnD=14.53 it_per_s=9.46
2026-10-02 23:15:33,851 INFO iter=400700 epoch=57 lr=5.77e-05 G=3.540 advA2B=0.592 advB2A=0.731 cycA=0.072 cycB=0.085 idtA=0.052 idtB=0.077 D_A=0.083 D_B=0.129 D_A(real)=0.84 D_A(fake)=0.16 gnG=35.79 gnD=14.53 it_per_s=9.46
2026-10-02 23:15:44,353 INFO iter=400800 epoch=57 lr=5.76e-05 G=3.542 advA2B=0.593 advB2A=0.732 cycA=0.072 cycB=0.085 idtA=0.052 idtB=0.077 D_A=0.083 D_B=0.128 D_A(real)=0.84 D_A(fake)=0.16 gnG=35.77 gnD=14.53 it_per_s=9.46
2026-10-02 23:15:54,922 INFO iter=400900 epoch=57 lr=5.76e-05 G=3.542 advA2B=0.593 advB2A=0.732 cycA=0.073 cycB=0.085 idtA=0.052 idtB=0.077 D_A=0.083 D_B=0.128 D_A(real)=0.84 D_A(fake)=0.16 gnG=35.72 gnD=14.53 it_per_s=9.46
2026-10-02 23:16:05,478 INFO iter=401000 epoch=57 lr=5.76e-05 G=3.542 advA2B=0.593 advB2A=0.731 cycA=0.073 cycB=0.085 idtA=0.052 idtB=0.077 D_A=0.083 D_B=0.129 D_A(real)=0.84 D_A(fake)=0.16 gnG=35.66 gnD=14.55 it_per_s=9.46
2026-10-02 23:16:16,041 INFO iter=401100 epoch=57 lr=5.75e-05 G=3.541 advA2B=0.593 advB2A=0.732 cycA=0.073 cycB=0.085 idtA=0.052 idtB=0.077 D_A=0.083 D_B=0.129 D_A(real)=0.84 D_A(fake)=0.16 gnG=35.65 gnD=14.54 it_per_s=9.46
2026-10-02 23:16:22,974 INFO epoch=57 done time_s=744 it_per_s=9.47 G=3.542 cycA=0.073 cycB=0.085 idtA=0.052 idtB=0.077 D_A=0.083 D_B=0.129 D_A(real)=0.84 D_A(fake)=0.16 nan_count=0
2026-10-02 23:16:27,162 INFO iter=401200 epoch=58 lr=5.75e-05 G=3.550 advA2B=0.637 advB2A=0.736 cycA=0.077 cycB=0.077 idtA=0.054 idtB=0.074 D_A=0.068 D_B=0.143 D_A(real)=0.86 D_A(fake)=0.15 gnG=36.87 gnD=14.28 it_per_s=9.47
2026-10-02 23:16:37,712 INFO iter=401300 epoch=58 lr=5.75e-05 G=3.530 advA2B=0.601 advB2A=0.751 cycA=0.072 cycB=0.082 idtA=0.052 idtB=0.075 D_A=0.085 D_B=0.140 D_A(real)=0.83 D_A(fake)=0.16 gnG=39.55 gnD=15.19 it_per_s=9.48
2026-10-02 23:16:48,287 INFO iter=401400 epoch=58 lr=5.74e-05 G=3.578 advA2B=0.615 advB2A=0.745 cycA=0.071 cycB=0.086 idtA=0.051 idtB=0.079 D_A=0.084 D_B=0.139 D_A(real)=0.83 D_A(fake)=0.17 gnG=39.46 gnD=15.12 it_per_s=9.47
2026-10-02 23:16:58,826 INFO iter=401500 epoch=58 lr=5.74e-05 G=3.508 advA2B=0.603 advB2A=0.728 cycA=0.071 cycB=0.084 idtA=0.051 idtB=0.076 D_A=0.083 D_B=0.135 D_A(real)=0.83 D_A(fake)=0.17 gnG=37.95 gnD=14.73 it_per_s=9.47
2026-10-02 23:17:09,419 INFO iter=401600 epoch=58 lr=5.73e-05 G=3.483 advA2B=0.589 advB2A=0.728 cycA=0.071 cycB=0.083 idtA=0.051 idtB=0.075 D_A=0.085 D_B=0.135 D_A(real)=0.83 D_A(fake)=0.17 gnG=37.15 gnD=14.81 it_per_s=9.47
2026-10-02 23:17:20,000 INFO iter=401700 epoch=58 lr=5.73e-05 G=3.476 advA2B=0.594 advB2A=0.725 cycA=0.071 cycB=0.083 idtA=0.050 idtB=0.075 D_A=0.085 D_B=0.133 D_A(real)=0.83 D_A(fake)=0.17 gnG=36.71 gnD=14.82 it_per_s=9.46
2026-10-02 23:17:30,559 INFO iter=401800 epoch=58 lr=5.73e-05 G=3.492 advA2B=0.593 advB2A=0.730 cycA=0.071 cycB=0.083 idtA=0.051 idtB=0.075 D_A=0.083 D_B=0.133 D_A(real)=0.83 D_A(fake)=0.17 gnG=36.52 gnD=14.80 it_per_s=9.46
2026-10-02 23:17:41,109 INFO iter=401900 epoch=58 lr=5.72e-05 G=3.513 advA2B=0.588 advB2A=0.734 cycA=0.071 cycB=0.084 idtA=0.051 idtB=0.076 D_A=0.084 D_B=0.132 D_A(real)=0.84 D_A(fake)=0.16 gnG=36.31 gnD=14.90 it_per_s=9.47
2026-10-02 23:17:51,683 INFO iter=402000 epoch=58 lr=5.72e-05 G=3.505 advA2B=0.583 advB2A=0.734 cycA=0.071 cycB=0.084 idtA=0.051 idtB=0.076 D_A=0.083 D_B=0.131 D_A(real)=0.84 D_A(fake)=0.16 gnG=35.97 gnD=14.73 it_per_s=9.47
2026-10-02 23:18:02,241 INFO iter=402100 epoch=58 lr=5.72e-05 G=3.504 advA2B=0.586 advB2A=0.735 cycA=0.071 cycB=0.084 idtA=0.051 idtB=0.075 D_A=0.083 D_B=0.130 D_A(real)=0.84 D_A(fake)=0.16 gnG=35.90 gnD=14.75 it_per_s=9.47
2026-10-02 23:18:12,819 INFO iter=402200 epoch=58 lr=5.71e-05 G=3.507 advA2B=0.586 advB2A=0.739 cycA=0.071 cycB=0.084 idtA=0.051 idtB=0.075 D_A=0.083 D_B=0.129 D_A(real)=0.84 D_A(fake)=0.16 gnG=36.02 gnD=14.69 it_per_s=9.46
2026-10-02 23:18:23,406 INFO iter=402300 epoch=58 lr=5.71e-05 G=3.522 advA2B=0.589 advB2A=0.736 cycA=0.072 cycB=0.084 idtA=0.051 idtB=0.076 D_A=0.082 D_B=0.128 D_A(real)=0.84 D_A(fake)=0.16 gnG=35.88 gnD=14.66 it_per_s=9.46
2026-10-02 23:18:33,907 INFO iter=402400 epoch=58 lr=5.71e-05 G=3.514 advA2B=0.586 advB2A=0.737 cycA=0.072 cycB=0.084 idtA=0.051 idtB=0.075 D_A=0.082 D_B=0.129 D_A(real)=0.84 D_A(fake)=0.16 gnG=35.70 gnD=14.68 it_per_s=9.47
2026-10-02 23:18:44,419 INFO iter=402500 epoch=58 lr=5.70e-05 G=3.513 advA2B=0.582 advB2A=0.737 cycA=0.072 cycB=0.084 idtA=0.051 idtB=0.076 D_A=0.083 D_B=0.129 D_A(real)=0.84 D_A(fake)=0.16 gnG=35.60 gnD=14.66 it_per_s=9.47
2026-10-02 23:18:54,986 INFO iter=402600 epoch=58 lr=5.70e-05 G=3.512 advA2B=0.585 advB2A=0.731 cycA=0.072 cycB=0.084 idtA=0.051 idtB=0.076 D_A=0.083 D_B=0.129 D_A(real)=0.84 D_A(fake)=0.16 gnG=35.60 gnD=14.69 it_per_s=9.47
2026-10-02 23:19:05,667 INFO iter=402700 epoch=58 lr=5.70e-05 G=3.513 advA2B=0.585 advB2A=0.732 cycA=0.071 cycB=0.085 idtA=0.051 idtB=0.076 D_A=0.083 D_B=0.129 D_A(real)=0.84 D_A(fake)=0.16 gnG=35.69 gnD=14.65 it_per_s=9.46
2026-10-02 23:19:16,291 INFO iter=402800 epoch=58 lr=5.69e-05 G=3.519 advA2B=0.589 advB2A=0.731 cycA=0.071 cycB=0.085 idtA=0.051 idtB=0.076 D_A=0.083 D_B=0.128 D_A(real)=0.84 D_A(fake)=0.16 gnG=35.68 gnD=14.69 it_per_s=9.46
2026-10-02 23:19:26,862 INFO iter=402900 epoch=58 lr=5.69e-05 G=3.513 advA2B=0.586 advB2A=0.733 cycA=0.071 cycB=0.085 idtA=0.051 idtB=0.076 D_A=0.083 D_B=0.129 D_A(real)=0.84 D_A(fake)=0.16 gnG=35.36 gnD=14.70 it_per_s=9.46
2026-10-02 23:19:37,422 INFO iter=403000 epoch=58 lr=5.68e-05 G=3.512 advA2B=0.585 advB2A=0.732 cycA=0.071 cycB=0.085 idtA=0.051 idtB=0.076 D_A=0.083 D_B=0.129 D_A(real)=0.84 D_A(fake)=0.16 gnG=35.27 gnD=14.76 it_per_s=9.46
2026-10-02 23:19:48,031 INFO iter=403100 epoch=58 lr=5.68e-05 G=3.512 advA2B=0.586 advB2A=0.731 cycA=0.071 cycB=0.084 idtA=0.051 idtB=0.076 D_A=0.084 D_B=0.129 D_A(real)=0.83 D_A(fake)=0.16 gnG=35.31 gnD=14.77 it_per_s=9.46
2026-10-02 23:19:58,600 INFO iter=403200 epoch=58 lr=5.68e-05 G=3.520 advA2B=0.587 advB2A=0.732 cycA=0.071 cycB=0.085 idtA=0.051 idtB=0.077 D_A=0.083 D_B=0.129 D_A(real)=0.84 D_A(fake)=0.16 gnG=35.30 gnD=14.70 it_per_s=9.46
2026-10-02 23:20:09,182 INFO iter=403300 epoch=58 lr=5.67e-05 G=3.523 advA2B=0.587 advB2A=0.734 cycA=0.071 cycB=0.085 idtA=0.051 idtB=0.077 D_A=0.083 D_B=0.129 D_A(real)=0.84 D_A(fake)=0.16 gnG=35.18 gnD=14.71 it_per_s=9.46
2026-10-02 23:20:19,761 INFO iter=403400 epoch=58 lr=5.67e-05 G=3.524 advA2B=0.589 advB2A=0.734 cycA=0.072 cycB=0.085 idtA=0.051 idtB=0.077 D_A=0.083 D_B=0.129 D_A(real)=0.84 D_A(fake)=0.16 gnG=35.22 gnD=14.73 it_per_s=9.46
2026-10-02 23:20:30,346 INFO iter=403500 epoch=58 lr=5.67e-05 G=3.523 advA2B=0.588 advB2A=0.734 cycA=0.072 cycB=0.085 idtA=0.051 idtB=0.077 D_A=0.083 D_B=0.129 D_A(real)=0.84 D_A(fake)=0.16 gnG=35.15 gnD=14.70 it_per_s=9.46
2026-10-02 23:20:40,964 INFO iter=403600 epoch=58 lr=5.66e-05 G=3.521 advA2B=0.591 advB2A=0.733 cycA=0.072 cycB=0.084 idtA=0.051 idtB=0.077 D_A=0.084 D_B=0.129 D_A(real)=0.84 D_A(fake)=0.16 gnG=35.27 gnD=14.71 it_per_s=9.46
2026-10-02 23:20:51,522 INFO iter=403700 epoch=58 lr=5.66e-05 G=3.522 advA2B=0.590 advB2A=0.736 cycA=0.071 cycB=0.084 idtA=0.051 idtB=0.076 D_A=0.084 D_B=0.128 D_A(real)=0.84 D_A(fake)=0.16 gnG=35.35 gnD=14.70 it_per_s=9.46
2026-10-02 23:21:02,081 INFO iter=403800 epoch=58 lr=5.66e-05 G=3.517 advA2B=0.590 advB2A=0.737 cycA=0.071 cycB=0.084 idtA=0.051 idtB=0.076 D_A=0.084 D_B=0.129 D_A(real)=0.84 D_A(fake)=0.16 gnG=35.31 gnD=14.74 it_per_s=9.46
2026-10-02 23:21:12,653 INFO iter=403900 epoch=58 lr=5.65e-05 G=3.517 advA2B=0.589 advB2A=0.738 cycA=0.071 cycB=0.084 idtA=0.051 idtB=0.076 D_A=0.083 D_B=0.129 D_A(real)=0.84 D_A(fake)=0.16 gnG=35.34 gnD=14.72 it_per_s=9.46
2026-10-02 23:21:23,262 INFO iter=404000 epoch=58 lr=5.65e-05 G=3.517 advA2B=0.589 advB2A=0.738 cycA=0.071 cycB=0.084 idtA=0.051 idtB=0.076 D_A=0.083 D_B=0.129 D_A(real)=0.84 D_A(fake)=0.16 gnG=35.59 gnD=14.74 it_per_s=9.46
2026-10-02 23:21:33,842 INFO iter=404100 epoch=58 lr=5.65e-05 G=3.520 advA2B=0.589 advB2A=0.737 cycA=0.072 cycB=0.084 idtA=0.051 idtB=0.076 D_A=0.084 D_B=0.129 D_A(real)=0.84 D_A(fake)=0.16 gnG=35.59 gnD=14.77 it_per_s=9.46
2026-10-02 23:21:44,403 INFO iter=404200 epoch=58 lr=5.64e-05 G=3.523 advA2B=0.591 advB2A=0.736 cycA=0.072 cycB=0.084 idtA=0.051 idtB=0.076 D_A=0.084 D_B=0.129 D_A(real)=0.84 D_A(fake)=0.16 gnG=35.58 gnD=14.76 it_per_s=9.46
2026-10-02 23:21:54,971 INFO iter=404300 epoch=58 lr=5.64e-05 G=3.523 advA2B=0.590 advB2A=0.737 cycA=0.072 cycB=0.084 idtA=0.051 idtB=0.076 D_A=0.084 D_B=0.129 D_A(real)=0.84 D_A(fake)=0.16 gnG=35.55 gnD=14.74 it_per_s=9.46
2026-10-02 23:22:05,495 INFO iter=404400 epoch=58 lr=5.64e-05 G=3.521 advA2B=0.590 advB2A=0.736 cycA=0.072 cycB=0.084 idtA=0.051 idtB=0.076 D_A=0.084 D_B=0.129 D_A(real)=0.84 D_A(fake)=0.16 gnG=35.53 gnD=14.73 it_per_s=9.46
2026-10-02 23:22:16,051 INFO iter=404500 epoch=58 lr=5.63e-05 G=3.522 advA2B=0.590 advB2A=0.736 cycA=0.072 cycB=0.084 idtA=0.051 idtB=0.076 D_A=0.084 D_B=0.129 D_A(real)=0.84 D_A(fake)=0.16 gnG=35.52 gnD=14.73 it_per_s=9.46
2026-10-02 23:22:26,594 INFO iter=404600 epoch=58 lr=5.63e-05 G=3.524 advA2B=0.591 advB2A=0.737 cycA=0.072 cycB=0.084 idtA=0.051 idtB=0.076 D_A=0.084 D_B=0.129 D_A(real)=0.84 D_A(fake)=0.16 gnG=35.56 gnD=14.73 it_per_s=9.46
2026-10-02 23:22:37,119 INFO iter=404700 epoch=58 lr=5.62e-05 G=3.523 advA2B=0.591 advB2A=0.738 cycA=0.072 cycB=0.084 idtA=0.051 idtB=0.076 D_A=0.084 D_B=0.129 D_A(real)=0.84 D_A(fake)=0.16 gnG=35.60 gnD=14.73 it_per_s=9.46
2026-10-02 23:22:47,688 INFO iter=404800 epoch=58 lr=5.62e-05 G=3.524 advA2B=0.592 advB2A=0.737 cycA=0.072 cycB=0.084 idtA=0.051 idtB=0.076 D_A=0.084 D_B=0.129 D_A(real)=0.84 D_A(fake)=0.16 gnG=35.58 gnD=14.70 it_per_s=9.46
2026-10-02 23:22:58,256 INFO iter=404900 epoch=58 lr=5.62e-05 G=3.525 advA2B=0.592 advB2A=0.737 cycA=0.072 cycB=0.084 idtA=0.051 idtB=0.076 D_A=0.083 D_B=0.128 D_A(real)=0.84 D_A(fake)=0.16 gnG=35.61 gnD=14.71 it_per_s=9.46
2026-10-02 23:23:08,835 INFO iter=405000 epoch=58 lr=5.61e-05 G=3.523 advA2B=0.592 advB2A=0.736 cycA=0.072 cycB=0.084 idtA=0.051 idtB=0.076 D_A=0.083 D_B=0.129 D_A(real)=0.84 D_A(fake)=0.16 gnG=35.63 gnD=14.74 it_per_s=9.46
2026-10-02 23:23:19,423 INFO iter=405100 epoch=58 lr=5.61e-05 G=3.521 advA2B=0.591 advB2A=0.736 cycA=0.072 cycB=0.084 idtA=0.051 idtB=0.076 D_A=0.083 D_B=0.129 D_A(real)=0.84 D_A(fake)=0.16 gnG=35.60 gnD=14.72 it_per_s=9.46
2026-10-02 23:23:30,000 INFO iter=405200 epoch=58 lr=5.61e-05 G=3.520 advA2B=0.590 advB2A=0.736 cycA=0.072 cycB=0.084 idtA=0.051 idtB=0.076 D_A=0.083 D_B=0.129 D_A(real)=0.84 D_A(fake)=0.16 gnG=35.53 gnD=14.72 it_per_s=9.46
2026-10-02 23:23:40,515 INFO iter=405300 epoch=58 lr=5.60e-05 G=3.521 advA2B=0.591 advB2A=0.736 cycA=0.072 cycB=0.084 idtA=0.051 idtB=0.076 D_A=0.083 D_B=0.129 D_A(real)=0.84 D_A(fake)=0.16 gnG=35.53 gnD=14.73 it_per_s=9.46
2026-10-02 23:23:51,073 INFO iter=405400 epoch=58 lr=5.60e-05 G=3.521 advA2B=0.591 advB2A=0.736 cycA=0.072 cycB=0.084 idtA=0.051 idtB=0.076 D_A=0.083 D_B=0.129 D_A(real)=0.84 D_A(fake)=0.16 gnG=35.69 gnD=14.72 it_per_s=9.46
2026-10-02 23:24:01,672 INFO iter=405500 epoch=58 lr=5.60e-05 G=3.523 advA2B=0.592 advB2A=0.737 cycA=0.072 cycB=0.084 idtA=0.051 idtB=0.076 D_A=0.083 D_B=0.129 D_A(real)=0.84 D_A(fake)=0.16 gnG=35.77 gnD=14.72 it_per_s=9.46
2026-10-02 23:24:12,338 INFO iter=405600 epoch=58 lr=5.59e-05 G=3.522 advA2B=0.592 advB2A=0.736 cycA=0.072 cycB=0.084 idtA=0.051 idtB=0.076 D_A=0.083 D_B=0.129 D_A(real)=0.84 D_A(fake)=0.16 gnG=35.70 gnD=14.74 it_per_s=9.46
2026-10-02 23:24:23,088 INFO iter=405700 epoch=58 lr=5.59e-05 G=3.522 advA2B=0.592 advB2A=0.736 cycA=0.072 cycB=0.084 idtA=0.051 idtB=0.076 D_A=0.083 D_B=0.129 D_A(real)=0.84 D_A(fake)=0.16 gnG=35.78 gnD=14.72 it_per_s=9.46
2026-10-02 23:24:33,711 INFO iter=405800 epoch=58 lr=5.59e-05 G=3.522 advA2B=0.592 advB2A=0.736 cycA=0.072 cycB=0.084 idtA=0.051 idtB=0.076 D_A=0.083 D_B=0.129 D_A(real)=0.84 D_A(fake)=0.16 gnG=35.75 gnD=14.73 it_per_s=9.45
2026-10-02 23:24:44,257 INFO iter=405900 epoch=58 lr=5.58e-05 G=3.522 advA2B=0.591 advB2A=0.737 cycA=0.072 cycB=0.084 idtA=0.051 idtB=0.076 D_A=0.083 D_B=0.129 D_A(real)=0.84 D_A(fake)=0.16 gnG=35.80 gnD=14.73 it_per_s=9.45
2026-10-02 23:24:54,842 INFO iter=406000 epoch=58 lr=5.58e-05 G=3.522 advA2B=0.590 advB2A=0.737 cycA=0.072 cycB=0.084 idtA=0.051 idtB=0.076 D_A=0.083 D_B=0.129 D_A(real)=0.84 D_A(fake)=0.16 gnG=35.74 gnD=14.73 it_per_s=9.45
2026-10-02 23:25:05,396 INFO iter=406100 epoch=58 lr=5.57e-05 G=3.522 advA2B=0.589 advB2A=0.738 cycA=0.072 cycB=0.084 idtA=0.051 idtB=0.076 D_A=0.083 D_B=0.129 D_A(real)=0.84 D_A(fake)=0.16 gnG=35.71 gnD=14.75 it_per_s=9.46
2026-10-02 23:25:15,995 INFO iter=406200 epoch=58 lr=5.57e-05 G=3.520 advA2B=0.589 advB2A=0.737 cycA=0.072 cycB=0.084 idtA=0.051 idtB=0.076 D_A=0.083 D_B=0.129 D_A(real)=0.84 D_A(fake)=0.16 gnG=35.70 gnD=14.77 it_per_s=9.45
2026-10-02 23:25:26,556 INFO iter=406300 epoch=58 lr=5.57e-05 G=3.519 advA2B=0.589 advB2A=0.737 cycA=0.072 cycB=0.084 idtA=0.051 idtB=0.076 D_A=0.083 D_B=0.129 D_A(real)=0.84 D_A(fake)=0.16 gnG=35.67 gnD=14.78 it_per_s=9.46
2026-10-02 23:25:37,064 INFO iter=406400 epoch=58 lr=5.56e-05 G=3.520 advA2B=0.588 advB2A=0.736 cycA=0.072 cycB=0.084 idtA=0.051 idtB=0.076 D_A=0.083 D_B=0.129 D_A(real)=0.84 D_A(fake)=0.16 gnG=35.74 gnD=14.77 it_per_s=9.46
2026-10-02 23:25:47,618 INFO iter=406500 epoch=58 lr=5.56e-05 G=3.521 advA2B=0.589 advB2A=0.737 cycA=0.072 cycB=0.084 idtA=0.051 idtB=0.076 D_A=0.083 D_B=0.129 D_A(real)=0.84 D_A(fake)=0.16 gnG=35.88 gnD=14.77 it_per_s=9.46
2026-10-02 23:25:58,172 INFO iter=406600 epoch=58 lr=5.56e-05 G=3.521 advA2B=0.590 advB2A=0.737 cycA=0.072 cycB=0.084 idtA=0.051 idtB=0.076 D_A=0.083 D_B=0.129 D_A(real)=0.84 D_A(fake)=0.16 gnG=35.88 gnD=14.76 it_per_s=9.46
2026-10-02 23:26:08,738 INFO iter=406700 epoch=58 lr=5.55e-05 G=3.522 advA2B=0.590 advB2A=0.737 cycA=0.072 cycB=0.084 idtA=0.051 idtB=0.076 D_A=0.083 D_B=0.129 D_A(real)=0.84 D_A(fake)=0.16 gnG=35.90 gnD=14.78 it_per_s=9.46
2026-10-02 23:26:19,255 INFO iter=406800 epoch=58 lr=5.55e-05 G=3.523 advA2B=0.591 advB2A=0.738 cycA=0.072 cycB=0.084 idtA=0.051 idtB=0.076 D_A=0.083 D_B=0.129 D_A(real)=0.84 D_A(fake)=0.16 gnG=35.88 gnD=14.78 it_per_s=9.46
2026-10-02 23:26:29,866 INFO iter=406900 epoch=58 lr=5.55e-05 G=3.523 advA2B=0.591 advB2A=0.739 cycA=0.072 cycB=0.084 idtA=0.051 idtB=0.076 D_A=0.083 D_B=0.129 D_A(real)=0.84 D_A(fake)=0.16 gnG=35.94 gnD=14.78 it_per_s=9.46
2026-10-02 23:26:40,392 INFO iter=407000 epoch=58 lr=5.54e-05 G=3.526 advA2B=0.592 advB2A=0.740 cycA=0.072 cycB=0.084 idtA=0.051 idtB=0.076 D_A=0.083 D_B=0.129 D_A(real)=0.84 D_A(fake)=0.16 gnG=35.99 gnD=14.78 it_per_s=9.46
2026-10-02 23:26:50,938 INFO iter=407100 epoch=58 lr=5.54e-05 G=3.526 advA2B=0.592 advB2A=0.739 cycA=0.072 cycB=0.084 idtA=0.051 idtB=0.076 D_A=0.082 D_B=0.129 D_A(real)=0.84 D_A(fake)=0.16 gnG=35.99 gnD=14.78 it_per_s=9.46
2026-10-02 23:27:01,567 INFO iter=407200 epoch=58 lr=5.54e-05 G=3.526 advA2B=0.592 advB2A=0.738 cycA=0.072 cycB=0.084 idtA=0.051 idtB=0.076 D_A=0.082 D_B=0.129 D_A(real)=0.84 D_A(fake)=0.16 gnG=36.01 gnD=14.77 it_per_s=9.46
2026-10-02 23:27:12,158 INFO iter=407300 epoch=58 lr=5.53e-05 G=3.526 advA2B=0.592 advB2A=0.738 cycA=0.072 cycB=0.084 idtA=0.051 idtB=0.076 D_A=0.082 D_B=0.129 D_A(real)=0.84 D_A(fake)=0.16 gnG=36.04 gnD=14.79 it_per_s=9.46
2026-10-02 23:27:22,740 INFO iter=407400 epoch=58 lr=5.53e-05 G=3.527 advA2B=0.592 advB2A=0.739 cycA=0.072 cycB=0.084 idtA=0.051 idtB=0.076 D_A=0.082 D_B=0.129 D_A(real)=0.84 D_A(fake)=0.16 gnG=36.01 gnD=14.77 it_per_s=9.46
2026-10-02 23:27:33,333 INFO iter=407500 epoch=58 lr=5.53e-05 G=3.528 advA2B=0.593 advB2A=0.739 cycA=0.072 cycB=0.084 idtA=0.051 idtB=0.076 D_A=0.082 D_B=0.129 D_A(real)=0.84 D_A(fake)=0.16 gnG=36.05 gnD=14.76 it_per_s=9.46
2026-10-02 23:27:43,868 INFO iter=407600 epoch=58 lr=5.52e-05 G=3.527 advA2B=0.592 advB2A=0.738 cycA=0.072 cycB=0.084 idtA=0.051 idtB=0.076 D_A=0.082 D_B=0.129 D_A(real)=0.84 D_A(fake)=0.16 gnG=36.04 gnD=14.76 it_per_s=9.46
2026-10-02 23:27:54,416 INFO iter=407700 epoch=58 lr=5.52e-05 G=3.528 advA2B=0.592 advB2A=0.739 cycA=0.072 cycB=0.084 idtA=0.051 idtB=0.076 D_A=0.082 D_B=0.129 D_A(real)=0.84 D_A(fake)=0.16 gnG=36.06 gnD=14.76 it_per_s=9.46
2026-10-02 23:28:04,990 INFO iter=407800 epoch=58 lr=5.51e-05 G=3.528 advA2B=0.592 advB2A=0.739 cycA=0.072 cycB=0.084 idtA=0.051 idtB=0.076 D_A=0.082 D_B=0.129 D_A(real)=0.84 D_A(fake)=0.16 gnG=36.01 gnD=14.76 it_per_s=9.46
2026-10-02 23:28:15,535 INFO iter=407900 epoch=58 lr=5.51e-05 G=3.529 advA2B=0.592 advB2A=0.738 cycA=0.072 cycB=0.084 idtA=0.051 idtB=0.076 D_A=0.082 D_B=0.129 D_A(real)=0.84 D_A(fake)=0.16 gnG=36.00 gnD=14.75 it_per_s=9.46
2026-10-02 23:28:26,051 INFO iter=408000 epoch=58 lr=5.51e-05 G=3.528 advA2B=0.592 advB2A=0.738 cycA=0.072 cycB=0.084 idtA=0.051 idtB=0.076 D_A=0.082 D_B=0.129 D_A(real)=0.84 D_A(fake)=0.16 gnG=36.01 gnD=14.76 it_per_s=9.46
2026-10-02 23:28:36,577 INFO iter=408100 epoch=58 lr=5.50e-05 G=3.527 advA2B=0.591 advB2A=0.738 cycA=0.072 cycB=0.084 idtA=0.051 idtB=0.076 D_A=0.082 D_B=0.129 D_A(real)=0.84 D_A(fake)=0.16 gnG=36.03 gnD=14.76 it_per_s=9.46
2026-10-02 23:28:47,116 INFO iter=408200 epoch=58 lr=5.50e-05 G=3.527 advA2B=0.591 advB2A=0.739 cycA=0.072 cycB=0.084 idtA=0.051 idtB=0.076 D_A=0.082 D_B=0.129 D_A(real)=0.84 D_A(fake)=0.16 gnG=36.00 gnD=14.76 it_per_s=9.46
2026-10-02 23:28:47,531 INFO epoch=58 done time_s=744 it_per_s=9.46 G=3.526 cycA=0.072 cycB=0.084 idtA=0.051 idtB=0.076 D_A=0.082 D_B=0.129 D_A(real)=0.84 D_A(fake)=0.16 nan_count=0
2026-10-02 23:28:58,166 INFO iter=408300 epoch=59 lr=5.50e-05 G=3.467 advA2B=0.568 advB2A=0.731 cycA=0.071 cycB=0.082 idtA=0.050 idtB=0.077 D_A=0.082 D_B=0.147 D_A(real)=0.84 D_A(fake)=0.16 gnG=35.53 gnD=15.53 it_per_s=9.56
2026-10-02 23:29:08,726 INFO iter=408400 epoch=59 lr=5.49e-05 G=3.458 advA2B=0.589 advB2A=0.742 cycA=0.070 cycB=0.080 idtA=0.050 idtB=0.074 D_A=0.077 D_B=0.135 D_A(real)=0.85 D_A(fake)=0.15 gnG=36.04 gnD=14.77 it_per_s=9.51
2026-10-02 23:29:19,409 INFO iter=408500 epoch=59 lr=5.49e-05 G=3.521 advA2B=0.588 advB2A=0.758 cycA=0.071 cycB=0.083 idtA=0.051 idtB=0.076 D_A=0.079 D_B=0.135 D_A(real)=0.84 D_A(fake)=0.16 gnG=36.26 gnD=14.75 it_per_s=9.46
2026-10-02 23:29:30,134 INFO iter=408600 epoch=59 lr=5.49e-05 G=3.515 advA2B=0.582 advB2A=0.756 cycA=0.072 cycB=0.083 idtA=0.051 idtB=0.075 D_A=0.079 D_B=0.134 D_A(real)=0.84 D_A(fake)=0.16 gnG=35.88 gnD=14.73 it_per_s=9.43
2026-10-02 23:29:40,698 INFO iter=408700 epoch=59 lr=5.48e-05 G=3.499 advA2B=0.579 advB2A=0.745 cycA=0.072 cycB=0.083 idtA=0.051 idtB=0.075 D_A=0.078 D_B=0.136 D_A(real)=0.85 D_A(fake)=0.15 gnG=36.03 gnD=14.70 it_per_s=9.43
2026-10-02 23:29:51,305 INFO iter=408800 epoch=59 lr=5.48e-05 G=3.512 advA2B=0.584 advB2A=0.748 cycA=0.072 cycB=0.083 idtA=0.051 idtB=0.076 D_A=0.080 D_B=0.133 D_A(real)=0.84 D_A(fake)=0.16 gnG=36.82 gnD=14.73 it_per_s=9.43
2026-10-02 23:30:01,910 INFO iter=408900 epoch=59 lr=5.48e-05 G=3.511 advA2B=0.588 advB2A=0.745 cycA=0.072 cycB=0.083 idtA=0.051 idtB=0.075 D_A=0.081 D_B=0.132 D_A(real)=0.84 D_A(fake)=0.16 gnG=36.90 gnD=14.86 it_per_s=9.43
2026-10-02 23:30:12,480 INFO iter=409000 epoch=59 lr=5.47e-05 G=3.510 advA2B=0.592 advB2A=0.739 cycA=0.072 cycB=0.083 idtA=0.051 idtB=0.075 D_A=0.082 D_B=0.131 D_A(real)=0.84 D_A(fake)=0.16 gnG=37.10 gnD=14.83 it_per_s=9.44
2026-10-02 23:30:22,990 INFO iter=409100 epoch=59 lr=5.47e-05 G=3.497 advA2B=0.591 advB2A=0.735 cycA=0.072 cycB=0.082 idtA=0.051 idtB=0.075 D_A=0.082 D_B=0.131 D_A(real)=0.84 D_A(fake)=0.16 gnG=36.89 gnD=14.90 it_per_s=9.45
2026-10-02 23:30:33,577 INFO iter=409200 epoch=59 lr=5.46e-05 G=3.499 advA2B=0.590 advB2A=0.737 cycA=0.072 cycB=0.083 idtA=0.051 idtB=0.075 D_A=0.081 D_B=0.130 D_A(real)=0.84 D_A(fake)=0.16 gnG=36.88 gnD=14.82 it_per_s=9.45
2026-10-02 23:30:44,193 INFO iter=409300 epoch=59 lr=5.46e-05 G=3.504 advA2B=0.591 advB2A=0.738 cycA=0.072 cycB=0.083 idtA=0.051 idtB=0.075 D_A=0.080 D_B=0.131 D_A(real)=0.84 D_A(fake)=0.15 gnG=36.80 gnD=14.79 it_per_s=9.44
2026-10-02 23:30:54,821 INFO iter=409400 epoch=59 lr=5.46e-05 G=3.503 advA2B=0.588 advB2A=0.742 cycA=0.072 cycB=0.083 idtA=0.051 idtB=0.075 D_A=0.080 D_B=0.131 D_A(real)=0.85 D_A(fake)=0.15 gnG=36.53 gnD=14.74 it_per_s=9.44
2026-10-02 23:31:05,364 INFO iter=409500 epoch=59 lr=5.45e-05 G=3.508 advA2B=0.587 advB2A=0.745 cycA=0.072 cycB=0.083 idtA=0.051 idtB=0.075 D_A=0.080 D_B=0.131 D_A(real)=0.85 D_A(fake)=0.15 gnG=36.51 gnD=14.74 it_per_s=9.44
2026-10-02 23:31:15,922 INFO iter=409600 epoch=59 lr=5.45e-05 G=3.513 advA2B=0.585 advB2A=0.748 cycA=0.072 cycB=0.083 idtA=0.051 idtB=0.075 D_A=0.080 D_B=0.131 D_A(real)=0.84 D_A(fake)=0.16 gnG=36.41 gnD=14.76 it_per_s=9.45
2026-10-02 23:31:26,450 INFO iter=409700 epoch=59 lr=5.45e-05 G=3.512 advA2B=0.587 advB2A=0.748 cycA=0.072 cycB=0.083 idtA=0.051 idtB=0.075 D_A=0.080 D_B=0.132 D_A(real)=0.84 D_A(fake)=0.16 gnG=36.35 gnD=14.88 it_per_s=9.45
2026-10-02 23:31:37,043 INFO iter=409800 epoch=59 lr=5.44e-05 G=3.518 advA2B=0.589 advB2A=0.749 cycA=0.072 cycB=0.083 idtA=0.051 idtB=0.075 D_A=0.080 D_B=0.131 D_A(real)=0.84 D_A(fake)=0.16 gnG=36.40 gnD=14.90 it_per_s=9.45
2026-10-02 23:31:47,588 INFO iter=409900 epoch=59 lr=5.44e-05 G=3.516 advA2B=0.587 advB2A=0.746 cycA=0.072 cycB=0.083 idtA=0.051 idtB=0.075 D_A=0.080 D_B=0.131 D_A(real)=0.84 D_A(fake)=0.16 gnG=36.41 gnD=14.87 it_per_s=9.45
2026-10-02 23:31:58,198 INFO iter=410000 epoch=59 lr=5.44e-05 G=3.516 advA2B=0.587 advB2A=0.745 cycA=0.072 cycB=0.083 idtA=0.051 idtB=0.076 D_A=0.080 D_B=0.131 D_A(real)=0.84 D_A(fake)=0.16 gnG=36.48 gnD=14.89 it_per_s=9.45
2026-10-02 23:32:08,772 INFO iter=410100 epoch=59 lr=5.43e-05 G=3.512 advA2B=0.588 advB2A=0.743 cycA=0.072 cycB=0.083 idtA=0.051 idtB=0.075 D_A=0.080 D_B=0.131 D_A(real)=0.84 D_A(fake)=0.16 gnG=36.63 gnD=14.91 it_per_s=9.45
2026-10-02 23:32:19,371 INFO iter=410200 epoch=59 lr=5.43e-05 G=3.513 advA2B=0.586 advB2A=0.744 cycA=0.072 cycB=0.083 idtA=0.051 idtB=0.075 D_A=0.081 D_B=0.130 D_A(real)=0.84 D_A(fake)=0.16 gnG=36.59 gnD=14.93 it_per_s=9.45
2026-10-02 23:32:29,862 INFO iter=410300 epoch=59 lr=5.43e-05 G=3.516 advA2B=0.584 advB2A=0.746 cycA=0.072 cycB=0.084 idtA=0.051 idtB=0.075 D_A=0.081 D_B=0.131 D_A(real)=0.84 D_A(fake)=0.16 gnG=36.49 gnD=14.97 it_per_s=9.45
2026-10-02 23:32:40,368 INFO iter=410400 epoch=59 lr=5.42e-05 G=3.519 advA2B=0.585 advB2A=0.747 cycA=0.072 cycB=0.084 idtA=0.051 idtB=0.075 D_A=0.081 D_B=0.131 D_A(real)=0.84 D_A(fake)=0.16 gnG=36.50 gnD=15.01 it_per_s=9.46
2026-10-02 23:32:50,928 INFO iter=410500 epoch=59 lr=5.42e-05 G=3.518 advA2B=0.587 advB2A=0.748 cycA=0.072 cycB=0.083 idtA=0.051 idtB=0.075 D_A=0.081 D_B=0.131 D_A(real)=0.84 D_A(fake)=0.16 gnG=36.42 gnD=15.02 it_per_s=9.46
2026-10-02 23:33:01,516 INFO iter=410600 epoch=59 lr=5.41e-05 G=3.522 advA2B=0.588 advB2A=0.748 cycA=0.072 cycB=0.084 idtA=0.051 idtB=0.075 D_A=0.081 D_B=0.131 D_A(real)=0.84 D_A(fake)=0.16 gnG=36.36 gnD=15.01 it_per_s=9.46
2026-10-02 23:33:12,088 INFO iter=410700 epoch=59 lr=5.41e-05 G=3.523 advA2B=0.586 advB2A=0.749 cycA=0.072 cycB=0.084 idtA=0.051 idtB=0.075 D_A=0.081 D_B=0.131 D_A(real)=0.84 D_A(fake)=0.16 gnG=36.27 gnD=15.00 it_per_s=9.46
2026-10-02 23:33:22,628 INFO iter=410800 epoch=59 lr=5.41e-05 G=3.522 advA2B=0.584 advB2A=0.749 cycA=0.072 cycB=0.084 idtA=0.051 idtB=0.075 D_A=0.081 D_B=0.132 D_A(real)=0.84 D_A(fake)=0.16 gnG=36.21 gnD=15.05 it_per_s=9.46
2026-10-02 23:33:33,167 INFO iter=410900 epoch=59 lr=5.40e-05 G=3.519 advA2B=0.584 advB2A=0.747 cycA=0.072 cycB=0.084 idtA=0.051 idtB=0.075 D_A=0.081 D_B=0.132 D_A(real)=0.84 D_A(fake)=0.16 gnG=36.07 gnD=15.07 it_per_s=9.46
2026-10-02 23:33:43,704 INFO iter=411000 epoch=59 lr=5.40e-05 G=3.518 advA2B=0.586 advB2A=0.747 cycA=0.072 cycB=0.084 idtA=0.051 idtB=0.075 D_A=0.081 D_B=0.132 D_A(real)=0.84 D_A(fake)=0.16 gnG=36.16 gnD=15.06 it_per_s=9.46
2026-10-02 23:33:54,310 INFO iter=411100 epoch=59 lr=5.40e-05 G=3.519 advA2B=0.586 advB2A=0.748 cycA=0.072 cycB=0.083 idtA=0.051 idtB=0.075 D_A=0.081 D_B=0.132 D_A(real)=0.84 D_A(fake)=0.16 gnG=36.15 gnD=15.05 it_per_s=9.46
2026-10-02 23:34:04,849 INFO iter=411200 epoch=59 lr=5.39e-05 G=3.518 advA2B=0.585 advB2A=0.748 cycA=0.072 cycB=0.084 idtA=0.051 idtB=0.075 D_A=0.081 D_B=0.131 D_A(real)=0.84 D_A(fake)=0.16 gnG=36.18 gnD=15.02 it_per_s=9.46
2026-10-02 23:34:15,372 INFO iter=411300 epoch=59 lr=5.39e-05 G=3.518 advA2B=0.585 advB2A=0.746 cycA=0.072 cycB=0.084 idtA=0.051 idtB=0.075 D_A=0.081 D_B=0.131 D_A(real)=0.84 D_A(fake)=0.16 gnG=36.14 gnD=14.99 it_per_s=9.46
2026-10-02 23:34:25,907 INFO iter=411400 epoch=59 lr=5.39e-05 G=3.516 advA2B=0.585 advB2A=0.746 cycA=0.072 cycB=0.083 idtA=0.051 idtB=0.075 D_A=0.081 D_B=0.131 D_A(real)=0.84 D_A(fake)=0.16 gnG=36.05 gnD=14.98 it_per_s=9.46
2026-10-02 23:34:36,531 INFO iter=411500 epoch=59 lr=5.38e-05 G=3.519 advA2B=0.587 advB2A=0.746 cycA=0.072 cycB=0.084 idtA=0.051 idtB=0.075 D_A=0.081 D_B=0.131 D_A(real)=0.84 D_A(fake)=0.16 gnG=35.99 gnD=14.99 it_per_s=9.46
2026-10-02 23:34:47,086 INFO iter=411600 epoch=59 lr=5.38e-05 G=3.521 advA2B=0.588 advB2A=0.746 cycA=0.072 cycB=0.083 idtA=0.051 idtB=0.075 D_A=0.081 D_B=0.131 D_A(real)=0.84 D_A(fake)=0.16 gnG=35.99 gnD=15.00 it_per_s=9.46
2026-10-02 23:34:57,608 INFO iter=411700 epoch=59 lr=5.38e-05 G=3.523 advA2B=0.588 advB2A=0.746 cycA=0.072 cycB=0.084 idtA=0.051 idtB=0.075 D_A=0.081 D_B=0.131 D_A(real)=0.84 D_A(fake)=0.16 gnG=36.03 gnD=14.98 it_per_s=9.46
2026-10-02 23:35:08,148 INFO iter=411800 epoch=59 lr=5.37e-05 G=3.525 advA2B=0.589 advB2A=0.748 cycA=0.072 cycB=0.084 idtA=0.051 idtB=0.075 D_A=0.081 D_B=0.130 D_A(real)=0.84 D_A(fake)=0.16 gnG=36.06 gnD=14.95 it_per_s=9.46
2026-10-02 23:35:18,664 INFO iter=411900 epoch=59 lr=5.37e-05 G=3.529 advA2B=0.591 advB2A=0.748 cycA=0.072 cycB=0.084 idtA=0.051 idtB=0.075 D_A=0.081 D_B=0.130 D_A(real)=0.84 D_A(fake)=0.16 gnG=36.17 gnD=14.95 it_per_s=9.46
2026-10-02 23:35:29,271 INFO iter=412000 epoch=59 lr=5.37e-05 G=3.530 advA2B=0.592 advB2A=0.749 cycA=0.072 cycB=0.084 idtA=0.051 idtB=0.076 D_A=0.081 D_B=0.130 D_A(real)=0.84 D_A(fake)=0.16 gnG=36.29 gnD=14.97 it_per_s=9.46
2026-10-02 23:35:39,886 INFO iter=412100 epoch=59 lr=5.36e-05 G=3.531 advA2B=0.592 advB2A=0.750 cycA=0.072 cycB=0.084 idtA=0.051 idtB=0.075 D_A=0.081 D_B=0.130 D_A(real)=0.84 D_A(fake)=0.16 gnG=36.33 gnD=14.96 it_per_s=9.46
2026-10-02 23:35:50,460 INFO iter=412200 epoch=59 lr=5.36e-05 G=3.531 advA2B=0.590 advB2A=0.751 cycA=0.072 cycB=0.084 idtA=0.051 idtB=0.076 D_A=0.081 D_B=0.130 D_A(real)=0.84 D_A(fake)=0.16 gnG=36.38 gnD=14.96 it_per_s=9.46
2026-10-02 23:36:01,074 INFO iter=412300 epoch=59 lr=5.35e-05 G=3.528 advA2B=0.590 advB2A=0.751 cycA=0.072 cycB=0.084 idtA=0.051 idtB=0.075 D_A=0.081 D_B=0.130 D_A(real)=0.84 D_A(fake)=0.16 gnG=36.37 gnD=14.96 it_per_s=9.46
2026-10-02 23:36:11,681 INFO iter=412400 epoch=59 lr=5.35e-05 G=3.530 advA2B=0.591 advB2A=0.752 cycA=0.072 cycB=0.084 idtA=0.051 idtB=0.075 D_A=0.081 D_B=0.130 D_A(real)=0.84 D_A(fake)=0.16 gnG=36.51 gnD=14.94 it_per_s=9.46
2026-10-02 23:36:22,257 INFO iter=412500 epoch=59 lr=5.35e-05 G=3.530 advA2B=0.592 advB2A=0.751 cycA=0.072 cycB=0.084 idtA=0.051 idtB=0.075 D_A=0.081 D_B=0.130 D_A(real)=0.84 D_A(fake)=0.16 gnG=36.53 gnD=14.95 it_per_s=9.46
2026-10-02 23:36:32,810 INFO iter=412600 epoch=59 lr=5.34e-05 G=3.530 advA2B=0.592 advB2A=0.751 cycA=0.072 cycB=0.084 idtA=0.051 idtB=0.075 D_A=0.081 D_B=0.130 D_A(real)=0.84 D_A(fake)=0.16 gnG=36.50 gnD=14.96 it_per_s=9.46
2026-10-02 23:36:43,448 INFO iter=412700 epoch=59 lr=5.34e-05 G=3.528 advA2B=0.592 advB2A=0.750 cycA=0.072 cycB=0.084 idtA=0.051 idtB=0.075 D_A=0.081 D_B=0.130 D_A(real)=0.84 D_A(fake)=0.16 gnG=36.42 gnD=14.97 it_per_s=9.46
2026-10-02 23:36:54,058 INFO iter=412800 epoch=59 lr=5.34e-05 G=3.534 advA2B=0.594 advB2A=0.751 cycA=0.072 cycB=0.084 idtA=0.051 idtB=0.075 D_A=0.081 D_B=0.130 D_A(real)=0.84 D_A(fake)=0.16 gnG=36.41 gnD=14.95 it_per_s=9.46
2026-10-02 23:37:04,727 INFO iter=412900 epoch=59 lr=5.33e-05 G=3.534 advA2B=0.594 advB2A=0.751 cycA=0.072 cycB=0.084 idtA=0.051 idtB=0.075 D_A=0.081 D_B=0.130 D_A(real)=0.84 D_A(fake)=0.16 gnG=36.41 gnD=14.93 it_per_s=9.46
2026-10-02 23:37:15,260 INFO iter=413000 epoch=59 lr=5.33e-05 G=3.535 advA2B=0.593 advB2A=0.752 cycA=0.072 cycB=0.084 idtA=0.051 idtB=0.075 D_A=0.081 D_B=0.130 D_A(real)=0.84 D_A(fake)=0.16 gnG=36.36 gnD=14.93 it_per_s=9.46
2026-10-02 23:37:25,799 INFO iter=413100 epoch=59 lr=5.33e-05 G=3.536 advA2B=0.593 advB2A=0.751 cycA=0.072 cycB=0.084 idtA=0.051 idtB=0.076 D_A=0.081 D_B=0.130 D_A(real)=0.84 D_A(fake)=0.16 gnG=36.34 gnD=14.93 it_per_s=9.46
2026-10-02 23:37:36,356 INFO iter=413200 epoch=59 lr=5.32e-05 G=3.538 advA2B=0.594 advB2A=0.751 cycA=0.072 cycB=0.084 idtA=0.051 idtB=0.076 D_A=0.081 D_B=0.130 D_A(real)=0.84 D_A(fake)=0.16 gnG=36.37 gnD=14.93 it_per_s=9.46
2026-10-02 23:37:46,880 INFO iter=413300 epoch=59 lr=5.32e-05 G=3.536 advA2B=0.594 advB2A=0.751 cycA=0.072 cycB=0.084 idtA=0.051 idtB=0.076 D_A=0.081 D_B=0.130 D_A(real)=0.84 D_A(fake)=0.16 gnG=36.36 gnD=14.95 it_per_s=9.46
2026-10-02 23:37:57,439 INFO iter=413400 epoch=59 lr=5.32e-05 G=3.535 advA2B=0.593 advB2A=0.751 cycA=0.072 cycB=0.084 idtA=0.051 idtB=0.076 D_A=0.081 D_B=0.130 D_A(real)=0.84 D_A(fake)=0.16 gnG=36.34 gnD=14.94 it_per_s=9.46
2026-10-02 23:38:08,011 INFO iter=413500 epoch=59 lr=5.31e-05 G=3.535 advA2B=0.593 advB2A=0.751 cycA=0.072 cycB=0.084 idtA=0.051 idtB=0.076 D_A=0.081 D_B=0.130 D_A(real)=0.84 D_A(fake)=0.16 gnG=36.34 gnD=14.93 it_per_s=9.46
2026-10-02 23:38:18,566 INFO iter=413600 epoch=59 lr=5.31e-05 G=3.532 advA2B=0.593 advB2A=0.749 cycA=0.072 cycB=0.084 idtA=0.051 idtB=0.076 D_A=0.081 D_B=0.130 D_A(real)=0.84 D_A(fake)=0.16 gnG=36.26 gnD=14.93 it_per_s=9.46
2026-10-02 23:38:29,074 INFO iter=413700 epoch=59 lr=5.30e-05 G=3.533 advA2B=0.594 advB2A=0.749 cycA=0.072 cycB=0.084 idtA=0.051 idtB=0.076 D_A=0.081 D_B=0.129 D_A(real)=0.84 D_A(fake)=0.16 gnG=36.31 gnD=14.90 it_per_s=9.46
2026-10-02 23:38:39,628 INFO iter=413800 epoch=59 lr=5.30e-05 G=3.534 advA2B=0.594 advB2A=0.749 cycA=0.072 cycB=0.084 idtA=0.051 idtB=0.076 D_A=0.081 D_B=0.129 D_A(real)=0.84 D_A(fake)=0.16 gnG=36.29 gnD=14.90 it_per_s=9.46
2026-10-02 23:38:50,297 INFO iter=413900 epoch=59 lr=5.30e-05 G=3.534 advA2B=0.594 advB2A=0.749 cycA=0.072 cycB=0.084 idtA=0.051 idtB=0.076 D_A=0.081 D_B=0.130 D_A(real)=0.84 D_A(fake)=0.16 gnG=36.37 gnD=14.92 it_per_s=9.46
2026-10-02 23:39:01,070 INFO iter=414000 epoch=59 lr=5.29e-05 G=3.535 advA2B=0.595 advB2A=0.749 cycA=0.072 cycB=0.084 idtA=0.051 idtB=0.076 D_A=0.081 D_B=0.130 D_A(real)=0.84 D_A(fake)=0.16 gnG=36.36 gnD=14.91 it_per_s=9.46
2026-10-02 23:39:11,625 INFO iter=414100 epoch=59 lr=5.29e-05 G=3.535 advA2B=0.595 advB2A=0.749 cycA=0.072 cycB=0.084 idtA=0.051 idtB=0.076 D_A=0.080 D_B=0.129 D_A(real)=0.84 D_A(fake)=0.16 gnG=36.37 gnD=14.90 it_per_s=9.46
2026-10-02 23:39:22,196 INFO iter=414200 epoch=59 lr=5.29e-05 G=3.535 advA2B=0.595 advB2A=0.749 cycA=0.072 cycB=0.084 idtA=0.051 idtB=0.076 D_A=0.080 D_B=0.130 D_A(real)=0.84 D_A(fake)=0.16 gnG=36.43 gnD=14.92 it_per_s=9.46
2026-10-02 23:39:32,755 INFO iter=414300 epoch=59 lr=5.28e-05 G=3.533 advA2B=0.595 advB2A=0.748 cycA=0.072 cycB=0.084 idtA=0.051 idtB=0.076 D_A=0.080 D_B=0.130 D_A(real)=0.84 D_A(fake)=0.16 gnG=36.46 gnD=14.93 it_per_s=9.46
2026-10-02 23:39:43,293 INFO iter=414400 epoch=59 lr=5.28e-05 G=3.532 advA2B=0.595 advB2A=0.747 cycA=0.072 cycB=0.084 idtA=0.051 idtB=0.076 D_A=0.080 D_B=0.129 D_A(real)=0.84 D_A(fake)=0.16 gnG=36.41 gnD=14.92 it_per_s=9.46
2026-10-02 23:39:53,910 INFO iter=414500 epoch=59 lr=5.28e-05 G=3.530 advA2B=0.594 advB2A=0.747 cycA=0.072 cycB=0.084 idtA=0.051 idtB=0.075 D_A=0.080 D_B=0.129 D_A(real)=0.84 D_A(fake)=0.16 gnG=36.48 gnD=14.93 it_per_s=9.46
2026-10-02 23:40:04,464 INFO iter=414600 epoch=59 lr=5.27e-05 G=3.529 advA2B=0.594 advB2A=0.747 cycA=0.072 cycB=0.084 idtA=0.051 idtB=0.075 D_A=0.080 D_B=0.129 D_A(real)=0.84 D_A(fake)=0.16 gnG=36.48 gnD=14.94 it_per_s=9.46
2026-10-02 23:40:15,039 INFO iter=414700 epoch=59 lr=5.27e-05 G=3.528 advA2B=0.593 advB2A=0.747 cycA=0.072 cycB=0.084 idtA=0.051 idtB=0.075 D_A=0.080 D_B=0.129 D_A(real)=0.84 D_A(fake)=0.16 gnG=36.46 gnD=14.94 it_per_s=9.46
2026-10-02 23:40:25,584 INFO iter=414800 epoch=59 lr=5.27e-05 G=3.528 advA2B=0.593 advB2A=0.747 cycA=0.072 cycB=0.084 idtA=0.051 idtB=0.076 D_A=0.080 D_B=0.129 D_A(real)=0.84 D_A(fake)=0.16 gnG=36.51 gnD=14.94 it_per_s=9.46
2026-10-02 23:40:36,134 INFO iter=414900 epoch=59 lr=5.26e-05 G=3.527 advA2B=0.592 advB2A=0.746 cycA=0.072 cycB=0.084 idtA=0.051 idtB=0.076 D_A=0.080 D_B=0.129 D_A(real)=0.84 D_A(fake)=0.16 gnG=36.46 gnD=14.95 it_per_s=9.46
2026-10-02 23:40:46,659 INFO iter=415000 epoch=59 lr=5.26e-05 G=3.526 advA2B=0.592 advB2A=0.746 cycA=0.072 cycB=0.084 idtA=0.051 idtB=0.076 D_A=0.080 D_B=0.129 D_A(real)=0.84 D_A(fake)=0.16 gnG=36.50 gnD=14.95 it_per_s=9.46
2026-10-02 23:40:57,242 INFO iter=415100 epoch=59 lr=5.26e-05 G=3.527 advA2B=0.593 advB2A=0.746 cycA=0.072 cycB=0.084 idtA=0.051 idtB=0.076 D_A=0.080 D_B=0.129 D_A(real)=0.84 D_A(fake)=0.16 gnG=36.52 gnD=14.95 it_per_s=9.46
2026-10-02 23:41:07,802 INFO iter=415200 epoch=59 lr=5.25e-05 G=3.528 advA2B=0.593 advB2A=0.746 cycA=0.072 cycB=0.084 idtA=0.051 idtB=0.076 D_A=0.080 D_B=0.129 D_A(real)=0.84 D_A(fake)=0.16 gnG=36.53 gnD=14.95 it_per_s=9.46
2026-10-02 23:41:12,251 INFO epoch=59 done time_s=744 it_per_s=9.46 G=3.528 cycA=0.072 cycB=0.084 idtA=0.051 idtB=0.076 D_A=0.080 D_B=0.129 D_A(real)=0.84 D_A(fake)=0.16 nan_count=0
2026-10-02 23:41:19,003 INFO iter=415300 epoch=60 lr=5.25e-05 G=3.660 advA2B=0.673 advB2A=0.680 cycA=0.076 cycB=0.088 idtA=0.052 idtB=0.081 D_A=0.064 D_B=0.109 D_A(real)=0.87 D_A(fake)=0.13 gnG=40.65 gnD=13.61 it_per_s=9.46
2026-10-02 23:41:29,596 INFO iter=415400 epoch=60 lr=5.24e-05 G=3.550 advA2B=0.633 advB2A=0.699 cycA=0.074 cycB=0.084 idtA=0.052 idtB=0.076 D_A=0.072 D_B=0.122 D_A(real)=0.85 D_A(fake)=0.15 gnG=36.62 gnD=14.20 it_per_s=9.45
2026-10-02 23:41:40,164 INFO iter=415500 epoch=60 lr=5.24e-05 G=3.545 advA2B=0.649 advB2A=0.715 cycA=0.072 cycB=0.082 idtA=0.051 idtB=0.075 D_A=0.076 D_B=0.124 D_A(real)=0.84 D_A(fake)=0.16 gnG=37.01 gnD=14.51 it_per_s=9.45
2026-10-02 23:41:50,726 INFO iter=415600 epoch=60 lr=5.24e-05 G=3.507 advA2B=0.624 advB2A=0.712 cycA=0.072 cycB=0.082 idtA=0.051 idtB=0.076 D_A=0.077 D_B=0.125 D_A(real)=0.84 D_A(fake)=0.16 gnG=37.05 gnD=14.77 it_per_s=9.46
2026-10-02 23:42:01,237 INFO iter=415700 epoch=60 lr=5.23e-05 G=3.526 advA2B=0.624 advB2A=0.720 cycA=0.072 cycB=0.083 idtA=0.050 idtB=0.077 D_A=0.079 D_B=0.127 D_A(real)=0.84 D_A(fake)=0.16 gnG=36.85 gnD=14.84 it_per_s=9.47
2026-10-02 23:42:11,883 INFO iter=415800 epoch=60 lr=5.23e-05 G=3.529 advA2B=0.616 advB2A=0.734 cycA=0.072 cycB=0.083 idtA=0.050 idtB=0.077 D_A=0.080 D_B=0.126 D_A(real)=0.84 D_A(fake)=0.16 gnG=37.06 gnD=14.84 it_per_s=9.46
2026-10-02 23:42:22,464 INFO iter=415900 epoch=60 lr=5.23e-05 G=3.536 advA2B=0.621 advB2A=0.737 cycA=0.072 cycB=0.083 idtA=0.050 idtB=0.076 D_A=0.081 D_B=0.127 D_A(real)=0.84 D_A(fake)=0.16 gnG=37.02 gnD=14.94 it_per_s=9.45
2026-10-02 23:42:33,031 INFO iter=416000 epoch=60 lr=5.22e-05 G=3.541 advA2B=0.616 advB2A=0.738 cycA=0.073 cycB=0.083 idtA=0.051 idtB=0.076 D_A=0.081 D_B=0.126 D_A(real)=0.84 D_A(fake)=0.16 gnG=36.71 gnD=14.87 it_per_s=9.46
2026-10-02 23:42:43,634 INFO iter=416100 epoch=60 lr=5.22e-05 G=3.536 advA2B=0.617 advB2A=0.738 cycA=0.073 cycB=0.082 idtA=0.051 idtB=0.075 D_A=0.081 D_B=0.125 D_A(real)=0.84 D_A(fake)=0.16 gnG=36.85 gnD=14.75 it_per_s=9.45
2026-10-02 23:42:54,324 INFO iter=416200 epoch=60 lr=5.22e-05 G=3.527 advA2B=0.613 advB2A=0.736 cycA=0.072 cycB=0.082 idtA=0.051 idtB=0.075 D_A=0.081 D_B=0.125 D_A(real)=0.84 D_A(fake)=0.16 gnG=36.73 gnD=14.82 it_per_s=9.44
2026-10-02 23:43:04,930 INFO iter=416300 epoch=60 lr=5.21e-05 G=3.538 advA2B=0.615 advB2A=0.741 cycA=0.072 cycB=0.083 idtA=0.051 idtB=0.075 D_A=0.080 D_B=0.127 D_A(real)=0.84 D_A(fake)=0.16 gnG=37.01 gnD=14.86 it_per_s=9.44
2026-10-02 23:43:15,561 INFO iter=416400 epoch=60 lr=5.21e-05 G=3.536 advA2B=0.614 advB2A=0.742 cycA=0.072 cycB=0.083 idtA=0.051 idtB=0.075 D_A=0.080 D_B=0.126 D_A(real)=0.84 D_A(fake)=0.16 gnG=37.18 gnD=14.86 it_per_s=9.44
2026-10-02 23:43:26,180 INFO iter=416500 epoch=60 lr=5.21e-05 G=3.539 advA2B=0.616 advB2A=0.746 cycA=0.072 cycB=0.082 idtA=0.051 idtB=0.075 D_A=0.080 D_B=0.128 D_A(real)=0.84 D_A(fake)=0.16 gnG=37.36 gnD=14.88 it_per_s=9.44
2026-10-02 23:43:36,738 INFO iter=416600 epoch=60 lr=5.20e-05 G=3.538 advA2B=0.614 advB2A=0.742 cycA=0.072 cycB=0.083 idtA=0.051 idtB=0.075 D_A=0.080 D_B=0.128 D_A(real)=0.84 D_A(fake)=0.16 gnG=37.35 gnD=14.88 it_per_s=9.44
2026-10-02 23:43:47,340 INFO iter=416700 epoch=60 lr=5.20e-05 G=3.536 advA2B=0.611 advB2A=0.743 cycA=0.072 cycB=0.083 idtA=0.051 idtB=0.076 D_A=0.081 D_B=0.128 D_A(real)=0.84 D_A(fake)=0.16 gnG=37.37 gnD=14.87 it_per_s=9.44
2026-10-02 23:43:57,899 INFO iter=416800 epoch=60 lr=5.19e-05 G=3.538 advA2B=0.612 advB2A=0.742 cycA=0.072 cycB=0.083 idtA=0.051 idtB=0.076 D_A=0.080 D_B=0.128 D_A(real)=0.84 D_A(fake)=0.16 gnG=37.53 gnD=14.82 it_per_s=9.44
2026-10-02 23:44:08,559 INFO iter=416900 epoch=60 lr=5.19e-05 G=3.538 advA2B=0.612 advB2A=0.741 cycA=0.072 cycB=0.083 idtA=0.051 idtB=0.076 D_A=0.080 D_B=0.128 D_A(real)=0.84 D_A(fake)=0.16 gnG=37.59 gnD=14.81 it_per_s=9.44
2026-10-02 23:44:19,237 INFO iter=417000 epoch=60 lr=5.19e-05 G=3.534 advA2B=0.611 advB2A=0.741 cycA=0.072 cycB=0.083 idtA=0.051 idtB=0.076 D_A=0.080 D_B=0.128 D_A(real)=0.84 D_A(fake)=0.16 gnG=37.54 gnD=14.81 it_per_s=9.43
2026-10-02 23:44:29,833 INFO iter=417100 epoch=60 lr=5.18e-05 G=3.537 advA2B=0.610 advB2A=0.742 cycA=0.072 cycB=0.083 idtA=0.051 idtB=0.076 D_A=0.080 D_B=0.129 D_A(real)=0.84 D_A(fake)=0.16 gnG=37.60 gnD=14.91 it_per_s=9.43
2026-10-02 23:44:40,475 INFO iter=417200 epoch=60 lr=5.18e-05 G=3.538 advA2B=0.607 advB2A=0.744 cycA=0.072 cycB=0.083 idtA=0.051 idtB=0.076 D_A=0.080 D_B=0.129 D_A(real)=0.84 D_A(fake)=0.16 gnG=37.50 gnD=14.90 it_per_s=9.43
2026-10-02 23:44:51,034 INFO iter=417300 epoch=60 lr=5.18e-05 G=3.538 advA2B=0.606 advB2A=0.745 cycA=0.072 cycB=0.083 idtA=0.051 idtB=0.076 D_A=0.080 D_B=0.129 D_A(real)=0.84 D_A(fake)=0.16 gnG=37.47 gnD=14.90 it_per_s=9.43
2026-10-02 23:45:01,642 INFO iter=417400 epoch=60 lr=5.17e-05 G=3.538 advA2B=0.605 advB2A=0.747 cycA=0.072 cycB=0.083 idtA=0.051 idtB=0.076 D_A=0.080 D_B=0.130 D_A(real)=0.84 D_A(fake)=0.16 gnG=37.42 gnD=14.94 it_per_s=9.43
2026-10-02 23:45:12,273 INFO iter=417500 epoch=60 lr=5.17e-05 G=3.538 advA2B=0.604 advB2A=0.749 cycA=0.072 cycB=0.083 idtA=0.051 idtB=0.076 D_A=0.080 D_B=0.129 D_A(real)=0.84 D_A(fake)=0.16 gnG=37.45 gnD=14.91 it_per_s=9.43
2026-10-02 23:45:22,884 INFO iter=417600 epoch=60 lr=5.17e-05 G=3.536 advA2B=0.605 advB2A=0.750 cycA=0.072 cycB=0.083 idtA=0.051 idtB=0.075 D_A=0.080 D_B=0.129 D_A(real)=0.84 D_A(fake)=0.16 gnG=37.37 gnD=14.92 it_per_s=9.43
2026-10-02 23:45:33,482 INFO iter=417700 epoch=60 lr=5.16e-05 G=3.529 advA2B=0.603 advB2A=0.749 cycA=0.072 cycB=0.083 idtA=0.051 idtB=0.075 D_A=0.080 D_B=0.129 D_A(real)=0.84 D_A(fake)=0.16 gnG=37.22 gnD=14.94 it_per_s=9.43
2026-10-02 23:45:44,232 INFO iter=417800 epoch=60 lr=5.16e-05 G=3.529 advA2B=0.603 advB2A=0.747 cycA=0.072 cycB=0.083 idtA=0.051 idtB=0.075 D_A=0.080 D_B=0.129 D_A(real)=0.84 D_A(fake)=0.16 gnG=37.08 gnD=14.92 it_per_s=9.43
2026-10-02 23:45:55,027 INFO iter=417900 epoch=60 lr=5.16e-05 G=3.530 advA2B=0.603 advB2A=0.748 cycA=0.072 cycB=0.083 idtA=0.051 idtB=0.075 D_A=0.080 D_B=0.129 D_A(real)=0.84 D_A(fake)=0.16 gnG=36.97 gnD=14.90 it_per_s=9.42
2026-10-02 23:46:05,802 INFO iter=418000 epoch=60 lr=5.15e-05 G=3.529 advA2B=0.602 advB2A=0.749 cycA=0.072 cycB=0.083 idtA=0.051 idtB=0.075 D_A=0.080 D_B=0.128 D_A(real)=0.84 D_A(fake)=0.16 gnG=37.08 gnD=14.87 it_per_s=9.41
2026-10-02 23:46:16,721 INFO iter=418100 epoch=60 lr=5.15e-05 G=3.528 advA2B=0.601 advB2A=0.750 cycA=0.072 cycB=0.083 idtA=0.051 idtB=0.075 D_A=0.079 D_B=0.128 D_A(real)=0.84 D_A(fake)=0.16 gnG=36.97 gnD=14.87 it_per_s=9.41
2026-10-02 23:46:27,697 INFO iter=418200 epoch=60 lr=5.14e-05 G=3.526 advA2B=0.599 advB2A=0.751 cycA=0.072 cycB=0.083 idtA=0.051 idtB=0.075 D_A=0.079 D_B=0.128 D_A(real)=0.84 D_A(fake)=0.16 gnG=36.85 gnD=14.87 it_per_s=9.40
2026-10-02 23:46:38,443 INFO iter=418300 epoch=60 lr=5.14e-05 G=3.523 advA2B=0.597 advB2A=0.750 cycA=0.072 cycB=0.083 idtA=0.051 idtB=0.075 D_A=0.079 D_B=0.128 D_A(real)=0.85 D_A(fake)=0.15 gnG=36.80 gnD=14.85 it_per_s=9.39
2026-10-02 23:46:49,152 INFO iter=418400 epoch=60 lr=5.14e-05 G=3.522 advA2B=0.597 advB2A=0.750 cycA=0.072 cycB=0.083 idtA=0.051 idtB=0.075 D_A=0.079 D_B=0.128 D_A(real)=0.85 D_A(fake)=0.15 gnG=36.74 gnD=14.86 it_per_s=9.39
2026-10-02 23:47:00,237 INFO iter=418500 epoch=60 lr=5.13e-05 G=3.523 advA2B=0.597 advB2A=0.752 cycA=0.072 cycB=0.083 idtA=0.051 idtB=0.075 D_A=0.079 D_B=0.128 D_A(real)=0.85 D_A(fake)=0.15 gnG=36.78 gnD=14.87 it_per_s=9.38
2026-10-02 23:47:11,177 INFO iter=418600 epoch=60 lr=5.13e-05 G=3.528 advA2B=0.599 advB2A=0.752 cycA=0.072 cycB=0.083 idtA=0.051 idtB=0.075 D_A=0.079 D_B=0.128 D_A(real)=0.85 D_A(fake)=0.15 gnG=36.99 gnD=14.91 it_per_s=9.37
2026-10-02 23:47:22,270 INFO iter=418700 epoch=60 lr=5.13e-05 G=3.530 advA2B=0.600 advB2A=0.751 cycA=0.072 cycB=0.083 idtA=0.051 idtB=0.075 D_A=0.079 D_B=0.128 D_A(real)=0.85 D_A(fake)=0.16 gnG=36.86 gnD=14.90 it_per_s=9.36
2026-10-02 23:47:32,901 INFO iter=418800 epoch=60 lr=5.12e-05 G=3.526 advA2B=0.598 advB2A=0.750 cycA=0.072 cycB=0.083 idtA=0.051 idtB=0.075 D_A=0.079 D_B=0.129 D_A(real)=0.85 D_A(fake)=0.15 gnG=36.74 gnD=14.91 it_per_s=9.36
2026-10-02 23:47:43,456 INFO iter=418900 epoch=60 lr=5.12e-05 G=3.524 advA2B=0.598 advB2A=0.750 cycA=0.072 cycB=0.083 idtA=0.051 idtB=0.075 D_A=0.079 D_B=0.128 D_A(real)=0.84 D_A(fake)=0.16 gnG=36.78 gnD=14.91 it_per_s=9.37
2026-10-02 23:47:54,029 INFO iter=419000 epoch=60 lr=5.12e-05 G=3.522 advA2B=0.598 advB2A=0.749 cycA=0.072 cycB=0.083 idtA=0.051 idtB=0.075 D_A=0.079 D_B=0.128 D_A(real)=0.85 D_A(fake)=0.15 gnG=36.74 gnD=14.91 it_per_s=9.37
2026-10-02 23:48:04,773 INFO iter=419100 epoch=60 lr=5.11e-05 G=3.518 advA2B=0.596 advB2A=0.749 cycA=0.072 cycB=0.083 idtA=0.051 idtB=0.075 D_A=0.079 D_B=0.129 D_A(real)=0.85 D_A(fake)=0.15 gnG=36.75 gnD=14.92 it_per_s=9.37
2026-10-02 23:48:15,395 INFO iter=419200 epoch=60 lr=5.11e-05 G=3.520 advA2B=0.596 advB2A=0.751 cycA=0.072 cycB=0.083 idtA=0.051 idtB=0.075 D_A=0.079 D_B=0.128 D_A(real)=0.85 D_A(fake)=0.15 gnG=36.74 gnD=14.91 it_per_s=9.37
2026-10-02 23:48:26,018 INFO iter=419300 epoch=60 lr=5.11e-05 G=3.522 advA2B=0.597 advB2A=0.751 cycA=0.072 cycB=0.083 idtA=0.051 idtB=0.075 D_A=0.079 D_B=0.128 D_A(real)=0.85 D_A(fake)=0.15 gnG=36.70 gnD=14.91 it_per_s=9.37
2026-10-02 23:48:36,617 INFO iter=419400 epoch=60 lr=5.10e-05 G=3.522 advA2B=0.597 advB2A=0.751 cycA=0.072 cycB=0.083 idtA=0.051 idtB=0.075 D_A=0.079 D_B=0.129 D_A(real)=0.85 D_A(fake)=0.15 gnG=36.70 gnD=14.92 it_per_s=9.37
2026-10-02 23:48:47,215 INFO iter=419500 epoch=60 lr=5.10e-05 G=3.520 advA2B=0.596 advB2A=0.750 cycA=0.072 cycB=0.083 idtA=0.051 idtB=0.075 D_A=0.079 D_B=0.128 D_A(real)=0.85 D_A(fake)=0.15 gnG=36.67 gnD=14.90 it_per_s=9.37
2026-10-02 23:48:57,839 INFO iter=419600 epoch=60 lr=5.10e-05 G=3.519 advA2B=0.596 advB2A=0.750 cycA=0.072 cycB=0.083 idtA=0.051 idtB=0.075 D_A=0.079 D_B=0.129 D_A(real)=0.85 D_A(fake)=0.15 gnG=36.70 gnD=14.92 it_per_s=9.37
2026-10-02 23:49:08,411 INFO iter=419700 epoch=60 lr=5.09e-05 G=3.520 advA2B=0.598 advB2A=0.749 cycA=0.072 cycB=0.083 idtA=0.051 idtB=0.075 D_A=0.079 D_B=0.129 D_A(real)=0.85 D_A(fake)=0.15 gnG=36.69 gnD=14.95 it_per_s=9.37
2026-10-02 23:49:19,010 INFO iter=419800 epoch=60 lr=5.09e-05 G=3.519 advA2B=0.598 advB2A=0.750 cycA=0.072 cycB=0.083 idtA=0.051 idtB=0.075 D_A=0.079 D_B=0.129 D_A(real)=0.85 D_A(fake)=0.15 gnG=36.74 gnD=14.93 it_per_s=9.38
2026-10-02 23:49:29,653 INFO iter=419900 epoch=60 lr=5.08e-05 G=3.518 advA2B=0.598 advB2A=0.749 cycA=0.072 cycB=0.083 idtA=0.051 idtB=0.075 D_A=0.079 D_B=0.129 D_A(real)=0.85 D_A(fake)=0.15 gnG=36.68 gnD=14.91 it_per_s=9.38
2026-10-02 23:49:40,200 INFO iter=420000 epoch=60 lr=5.08e-05 G=3.516 advA2B=0.598 advB2A=0.748 cycA=0.072 cycB=0.083 idtA=0.051 idtB=0.074 D_A=0.079 D_B=0.129 D_A(real)=0.85 D_A(fake)=0.15 gnG=36.68 gnD=14.93 it_per_s=9.38
2026-10-02 23:49:50,830 INFO iter=420100 epoch=60 lr=5.08e-05 G=3.517 advA2B=0.598 advB2A=0.748 cycA=0.072 cycB=0.083 idtA=0.051 idtB=0.074 D_A=0.079 D_B=0.129 D_A(real)=0.85 D_A(fake)=0.15 gnG=36.59 gnD=14.94 it_per_s=9.38
2026-10-02 23:50:01,386 INFO iter=420200 epoch=60 lr=5.07e-05 G=3.517 advA2B=0.598 advB2A=0.748 cycA=0.072 cycB=0.083 idtA=0.050 idtB=0.075 D_A=0.079 D_B=0.129 D_A(real)=0.85 D_A(fake)=0.15 gnG=36.59 gnD=14.94 it_per_s=9.38
2026-10-02 23:50:12,030 INFO iter=420300 epoch=60 lr=5.07e-05 G=3.520 advA2B=0.599 advB2A=0.749 cycA=0.072 cycB=0.083 idtA=0.051 idtB=0.075 D_A=0.079 D_B=0.128 D_A(real)=0.84 D_A(fake)=0.16 gnG=36.63 gnD=14.93 it_per_s=9.38
2026-10-02 23:50:22,605 INFO iter=420400 epoch=60 lr=5.07e-05 G=3.520 advA2B=0.599 advB2A=0.750 cycA=0.072 cycB=0.083 idtA=0.050 idtB=0.075 D_A=0.079 D_B=0.128 D_A(real)=0.85 D_A(fake)=0.15 gnG=36.63 gnD=14.92 it_per_s=9.38
2026-10-02 23:50:33,146 INFO iter=420500 epoch=60 lr=5.06e-05 G=3.519 advA2B=0.599 advB2A=0.750 cycA=0.072 cycB=0.083 idtA=0.051 idtB=0.075 D_A=0.079 D_B=0.128 D_A(real)=0.85 D_A(fake)=0.15 gnG=36.60 gnD=14.92 it_per_s=9.38
2026-10-02 23:50:43,813 INFO iter=420600 epoch=60 lr=5.06e-05 G=3.519 advA2B=0.599 advB2A=0.750 cycA=0.072 cycB=0.083 idtA=0.051 idtB=0.074 D_A=0.079 D_B=0.128 D_A(real)=0.85 D_A(fake)=0.15 gnG=36.64 gnD=14.92 it_per_s=9.38
2026-10-02 23:50:54,414 INFO iter=420700 epoch=60 lr=5.06e-05 G=3.520 advA2B=0.598 advB2A=0.750 cycA=0.072 cycB=0.083 idtA=0.051 idtB=0.075 D_A=0.079 D_B=0.129 D_A(real)=0.85 D_A(fake)=0.15 gnG=36.63 gnD=14.92 it_per_s=9.39
2026-10-02 23:51:05,022 INFO iter=420800 epoch=60 lr=5.05e-05 G=3.520 advA2B=0.598 advB2A=0.750 cycA=0.072 cycB=0.083 idtA=0.051 idtB=0.075 D_A=0.079 D_B=0.128 D_A(real)=0.85 D_A(fake)=0.15 gnG=36.60 gnD=14.92 it_per_s=9.39
2026-10-02 23:51:15,671 INFO iter=420900 epoch=60 lr=5.05e-05 G=3.520 advA2B=0.597 advB2A=0.750 cycA=0.072 cycB=0.083 idtA=0.051 idtB=0.075 D_A=0.079 D_B=0.128 D_A(real)=0.85 D_A(fake)=0.16 gnG=36.65 gnD=14.92 it_per_s=9.39
2026-10-02 23:51:26,311 INFO iter=421000 epoch=60 lr=5.05e-05 G=3.523 advA2B=0.597 advB2A=0.751 cycA=0.072 cycB=0.083 idtA=0.051 idtB=0.075 D_A=0.079 D_B=0.128 D_A(real)=0.85 D_A(fake)=0.15 gnG=36.66 gnD=14.91 it_per_s=9.39
2026-10-02 23:51:37,170 INFO iter=421100 epoch=60 lr=5.04e-05 G=3.523 advA2B=0.598 advB2A=0.752 cycA=0.072 cycB=0.083 idtA=0.051 idtB=0.075 D_A=0.079 D_B=0.128 D_A(real)=0.85 D_A(fake)=0.15 gnG=36.75 gnD=14.92 it_per_s=9.38
2026-10-02 23:51:47,781 INFO iter=421200 epoch=60 lr=5.04e-05 G=3.525 advA2B=0.600 advB2A=0.752 cycA=0.072 cycB=0.083 idtA=0.051 idtB=0.075 D_A=0.079 D_B=0.128 D_A(real)=0.85 D_A(fake)=0.15 gnG=36.73 gnD=14.92 it_per_s=9.38
2026-10-02 23:51:58,396 INFO iter=421300 epoch=60 lr=5.03e-05 G=3.524 advA2B=0.599 advB2A=0.751 cycA=0.072 cycB=0.083 idtA=0.051 idtB=0.075 D_A=0.079 D_B=0.128 D_A(real)=0.85 D_A(fake)=0.15 gnG=36.69 gnD=14.91 it_per_s=9.38
2026-10-02 23:52:09,028 INFO iter=421400 epoch=60 lr=5.03e-05 G=3.523 advA2B=0.599 advB2A=0.751 cycA=0.072 cycB=0.083 idtA=0.051 idtB=0.075 D_A=0.079 D_B=0.128 D_A(real)=0.85 D_A(fake)=0.15 gnG=36.66 gnD=14.91 it_per_s=9.38
2026-10-02 23:52:19,653 INFO iter=421500 epoch=60 lr=5.03e-05 G=3.526 advA2B=0.599 advB2A=0.753 cycA=0.072 cycB=0.083 idtA=0.051 idtB=0.075 D_A=0.079 D_B=0.128 D_A(real)=0.85 D_A(fake)=0.15 gnG=36.70 gnD=14.90 it_per_s=9.39
2026-10-02 23:52:30,257 INFO iter=421600 epoch=60 lr=5.02e-05 G=3.525 advA2B=0.599 advB2A=0.753 cycA=0.072 cycB=0.083 idtA=0.051 idtB=0.075 D_A=0.079 D_B=0.128 D_A(real)=0.85 D_A(fake)=0.15 gnG=36.67 gnD=14.90 it_per_s=9.39
2026-10-02 23:52:40,904 INFO iter=421700 epoch=60 lr=5.02e-05 G=3.525 advA2B=0.600 advB2A=0.753 cycA=0.072 cycB=0.083 idtA=0.051 idtB=0.075 D_A=0.079 D_B=0.127 D_A(real)=0.85 D_A(fake)=0.15 gnG=36.71 gnD=14.90 it_per_s=9.39
2026-10-02 23:52:51,484 INFO iter=421800 epoch=60 lr=5.02e-05 G=3.527 advA2B=0.600 advB2A=0.753 cycA=0.072 cycB=0.083 idtA=0.051 idtB=0.075 D_A=0.079 D_B=0.128 D_A(real)=0.85 D_A(fake)=0.15 gnG=36.71 gnD=14.90 it_per_s=9.39
2026-10-02 23:53:02,080 INFO iter=421900 epoch=60 lr=5.01e-05 G=3.529 advA2B=0.600 advB2A=0.753 cycA=0.072 cycB=0.083 idtA=0.051 idtB=0.075 D_A=0.079 D_B=0.128 D_A(real)=0.85 D_A(fake)=0.15 gnG=36.72 gnD=14.91 it_per_s=9.39
2026-10-02 23:53:12,675 INFO iter=422000 epoch=60 lr=5.01e-05 G=3.529 advA2B=0.600 advB2A=0.753 cycA=0.072 cycB=0.083 idtA=0.051 idtB=0.075 D_A=0.079 D_B=0.128 D_A(real)=0.85 D_A(fake)=0.15 gnG=36.74 gnD=14.92 it_per_s=9.39
2026-10-02 23:53:23,253 INFO iter=422100 epoch=60 lr=5.01e-05 G=3.528 advA2B=0.599 advB2A=0.753 cycA=0.072 cycB=0.083 idtA=0.051 idtB=0.075 D_A=0.079 D_B=0.128 D_A(real)=0.85 D_A(fake)=0.15 gnG=36.72 gnD=14.93 it_per_s=9.39
2026-10-02 23:53:33,840 INFO iter=422200 epoch=60 lr=5.00e-05 G=3.529 advA2B=0.600 advB2A=0.754 cycA=0.072 cycB=0.083 idtA=0.051 idtB=0.075 D_A=0.079 D_B=0.128 D_A(real)=0.85 D_A(fake)=0.15 gnG=36.74 gnD=14.91 it_per_s=9.39
2026-10-02 23:53:42,314 INFO epoch=60 done time_s=749 it_per_s=9.39 G=3.529 cycA=0.072 cycB=0.083 idtA=0.051 idtB=0.075 D_A=0.079 D_B=0.128 D_A(real)=0.85 D_A(fake)=0.15 nan_count=0
2026-10-02 23:53:45,176 INFO iter=422300 epoch=61 lr=5.00e-05 G=3.409 advA2B=0.532 advB2A=0.787 cycA=0.073 cycB=0.077 idtA=0.052 idtB=0.064 D_A=0.075 D_B=0.167 D_A(real)=0.85 D_A(fake)=0.12 gnG=34.49 gnD=17.02 it_per_s=9.24
2026-10-02 23:53:55,760 INFO iter=422400 epoch=61 lr=5.00e-05 G=3.535 advA2B=0.585 advB2A=0.788 cycA=0.072 cycB=0.082 idtA=0.050 idtB=0.073 D_A=0.082 D_B=0.145 D_A(real)=0.85 D_A(fake)=0.16 gnG=38.64 gnD=16.07 it_per_s=9.41
2026-10-02 23:54:09,074 INFO iter=422500 epoch=61 lr=4.99e-05 G=3.544 advA2B=0.595 advB2A=0.771 cycA=0.073 cycB=0.083 idtA=0.051 idtB=0.073 D_A=0.076 D_B=0.136 D_A(real)=0.85 D_A(fake)=0.15 gnG=38.28 gnD=15.27 it_per_s=8.44
2026-10-02 23:54:21,534 INFO iter=422600 epoch=61 lr=4.99e-05 G=3.517 advA2B=0.584 advB2A=0.782 cycA=0.073 cycB=0.081 idtA=0.051 idtB=0.072 D_A=0.076 D_B=0.135 D_A(real)=0.85 D_A(fake)=0.15 gnG=37.13 gnD=15.30 it_per_s=8.31
2026-10-02 23:54:35,329 INFO iter=422700 epoch=61 lr=4.99e-05 G=3.524 advA2B=0.582 advB2A=0.784 cycA=0.072 cycB=0.082 idtA=0.051 idtB=0.073 D_A=0.078 D_B=0.130 D_A(real)=0.85 D_A(fake)=0.15 gnG=37.10 gnD=15.19 it_per_s=8.03
2026-10-02 23:54:47,835 INFO iter=422800 epoch=61 lr=4.98e-05 G=3.516 advA2B=0.581 advB2A=0.782 cycA=0.072 cycB=0.081 idtA=0.051 idtB=0.073 D_A=0.076 D_B=0.130 D_A(real)=0.85 D_A(fake)=0.15 gnG=37.15 gnD=15.06 it_per_s=8.02
2026-10-02 23:55:01,964 INFO iter=422900 epoch=61 lr=4.98e-05 G=3.517 advA2B=0.579 advB2A=0.783 cycA=0.072 cycB=0.082 idtA=0.050 idtB=0.073 D_A=0.075 D_B=0.129 D_A(real)=0.85 D_A(fake)=0.15 gnG=37.08 gnD=14.93 it_per_s=7.85
2026-10-02 23:55:14,923 INFO iter=423000 epoch=61 lr=4.97e-05 G=3.520 advA2B=0.584 advB2A=0.786 cycA=0.072 cycB=0.082 idtA=0.050 idtB=0.073 D_A=0.074 D_B=0.130 D_A(real)=0.86 D_A(fake)=0.14 gnG=37.85 gnD=14.87 it_per_s=7.83
2026-10-02 23:55:29,171 INFO iter=423100 epoch=61 lr=4.97e-05 G=3.527 advA2B=0.587 advB2A=0.786 cycA=0.072 cycB=0.082 idtA=0.050 idtB=0.074 D_A=0.074 D_B=0.129 D_A(real)=0.86 D_A(fake)=0.14 gnG=37.41 gnD=14.77 it_per_s=7.72
2026-10-02 23:55:41,212 INFO iter=423200 epoch=61 lr=4.97e-05 G=3.523 advA2B=0.590 advB2A=0.782 cycA=0.072 cycB=0.082 idtA=0.050 idtB=0.074 D_A=0.074 D_B=0.128 D_A(real)=0.85 D_A(fake)=0.15 gnG=37.41 gnD=14.76 it_per_s=7.78
2026-10-02 23:55:52,381 INFO iter=423300 epoch=61 lr=4.96e-05 G=3.510 advA2B=0.585 advB2A=0.776 cycA=0.072 cycB=0.081 idtA=0.050 idtB=0.074 D_A=0.074 D_B=0.129 D_A(real)=0.85 D_A(fake)=0.15 gnG=37.32 gnD=14.78 it_per_s=7.88
2026-10-02 23:56:03,006 INFO iter=423400 epoch=61 lr=4.96e-05 G=3.524 advA2B=0.588 advB2A=0.775 cycA=0.072 cycB=0.082 idtA=0.051 idtB=0.074 D_A=0.075 D_B=0.129 D_A(real)=0.85 D_A(fake)=0.15 gnG=37.45 gnD=14.83 it_per_s=8.00
2026-10-02 23:56:13,611 INFO iter=423500 epoch=61 lr=4.96e-05 G=3.518 advA2B=0.588 advB2A=0.774 cycA=0.072 cycB=0.082 idtA=0.051 idtB=0.074 D_A=0.076 D_B=0.129 D_A(real)=0.85 D_A(fake)=0.15 gnG=37.51 gnD=14.81 it_per_s=8.10
2026-10-02 23:56:24,146 INFO iter=423600 epoch=61 lr=4.95e-05 G=3.516 advA2B=0.588 advB2A=0.773 cycA=0.072 cycB=0.082 idtA=0.050 idtB=0.074 D_A=0.076 D_B=0.128 D_A(real)=0.85 D_A(fake)=0.15 gnG=37.31 gnD=14.81 it_per_s=8.19
2026-10-02 23:56:34,831 INFO iter=423700 epoch=61 lr=4.95e-05 G=3.514 advA2B=0.587 advB2A=0.775 cycA=0.072 cycB=0.082 idtA=0.050 idtB=0.074 D_A=0.076 D_B=0.128 D_A(real)=0.85 D_A(fake)=0.15 gnG=37.20 gnD=14.85 it_per_s=8.26
2026-10-02 23:56:45,377 INFO iter=423800 epoch=61 lr=4.95e-05 G=3.515 advA2B=0.589 advB2A=0.774 cycA=0.071 cycB=0.082 idtA=0.050 idtB=0.074 D_A=0.076 D_B=0.127 D_A(real)=0.85 D_A(fake)=0.15 gnG=37.04 gnD=14.81 it_per_s=8.33
2026-10-02 23:56:56,038 INFO iter=423900 epoch=61 lr=4.94e-05 G=3.511 advA2B=0.588 advB2A=0.773 cycA=0.071 cycB=0.082 idtA=0.050 idtB=0.073 D_A=0.076 D_B=0.127 D_A(real)=0.85 D_A(fake)=0.15 gnG=36.95 gnD=14.85 it_per_s=8.39
2026-10-02 23:57:06,625 INFO iter=424000 epoch=61 lr=4.94e-05 G=3.514 advA2B=0.588 advB2A=0.773 cycA=0.071 cycB=0.082 idtA=0.050 idtB=0.074 D_A=0.076 D_B=0.126 D_A(real)=0.85 D_A(fake)=0.15 gnG=36.83 gnD=14.86 it_per_s=8.45
2026-10-02 23:57:17,164 INFO iter=424100 epoch=61 lr=4.94e-05 G=3.515 advA2B=0.589 advB2A=0.773 cycA=0.072 cycB=0.082 idtA=0.050 idtB=0.074 D_A=0.076 D_B=0.127 D_A(real)=0.85 D_A(fake)=0.15 gnG=36.79 gnD=14.90 it_per_s=8.50
2026-10-02 23:57:27,752 INFO iter=424200 epoch=61 lr=4.93e-05 G=3.517 advA2B=0.589 advB2A=0.772 cycA=0.072 cycB=0.082 idtA=0.051 idtB=0.074 D_A=0.075 D_B=0.127 D_A(real)=0.85 D_A(fake)=0.15 gnG=36.73 gnD=14.90 it_per_s=8.54
2026-10-02 23:57:38,290 INFO iter=424300 epoch=61 lr=4.93e-05 G=3.520 advA2B=0.591 advB2A=0.773 cycA=0.072 cycB=0.082 idtA=0.051 idtB=0.074 D_A=0.075 D_B=0.127 D_A(real)=0.85 D_A(fake)=0.15 gnG=36.75 gnD=14.92 it_per_s=8.59
2026-10-02 23:57:48,792 INFO iter=424400 epoch=61 lr=4.92e-05 G=3.522 advA2B=0.592 advB2A=0.772 cycA=0.072 cycB=0.082 idtA=0.051 idtB=0.074 D_A=0.075 D_B=0.127 D_A(real)=0.85 D_A(fake)=0.15 gnG=36.82 gnD=14.93 it_per_s=8.63
2026-10-02 23:57:59,355 INFO iter=424500 epoch=61 lr=4.92e-05 G=3.520 advA2B=0.592 advB2A=0.773 cycA=0.072 cycB=0.082 idtA=0.051 idtB=0.074 D_A=0.075 D_B=0.127 D_A(real)=0.85 D_A(fake)=0.15 gnG=36.72 gnD=14.93 it_per_s=8.66
2026-10-02 23:58:09,959 INFO iter=424600 epoch=61 lr=4.92e-05 G=3.520 advA2B=0.592 advB2A=0.770 cycA=0.072 cycB=0.082 idtA=0.051 idtB=0.074 D_A=0.076 D_B=0.127 D_A(real)=0.85 D_A(fake)=0.15 gnG=36.66 gnD=14.96 it_per_s=8.69
2026-10-02 23:58:20,534 INFO iter=424700 epoch=61 lr=4.91e-05 G=3.523 advA2B=0.593 advB2A=0.769 cycA=0.072 cycB=0.082 idtA=0.051 idtB=0.074 D_A=0.076 D_B=0.126 D_A(real)=0.85 D_A(fake)=0.15 gnG=36.84 gnD=14.94 it_per_s=8.72
2026-10-02 23:58:31,050 INFO iter=424800 epoch=61 lr=4.91e-05 G=3.526 advA2B=0.593 advB2A=0.768 cycA=0.072 cycB=0.082 idtA=0.051 idtB=0.074 D_A=0.076 D_B=0.126 D_A(real)=0.85 D_A(fake)=0.15 gnG=36.73 gnD=14.95 it_per_s=8.75
2026-10-02 23:58:41,615 INFO iter=424900 epoch=61 lr=4.91e-05 G=3.527 advA2B=0.594 advB2A=0.769 cycA=0.072 cycB=0.082 idtA=0.051 idtB=0.074 D_A=0.076 D_B=0.127 D_A(real)=0.85 D_A(fake)=0.15 gnG=36.76 gnD=14.93 it_per_s=8.77
2026-10-02 23:58:52,202 INFO iter=425000 epoch=61 lr=4.90e-05 G=3.527 advA2B=0.593 advB2A=0.770 cycA=0.072 cycB=0.082 idtA=0.051 idtB=0.074 D_A=0.076 D_B=0.127 D_A(real)=0.85 D_A(fake)=0.15 gnG=36.62 gnD=14.97 it_per_s=8.80
2026-10-02 23:59:02,819 INFO iter=425100 epoch=61 lr=4.90e-05 G=3.531 advA2B=0.593 advB2A=0.770 cycA=0.072 cycB=0.083 idtA=0.050 idtB=0.074 D_A=0.076 D_B=0.127 D_A(real)=0.85 D_A(fake)=0.15 gnG=36.59 gnD=14.98 it_per_s=8.82
2026-10-02 23:59:13,524 INFO iter=425200 epoch=61 lr=4.90e-05 G=3.531 advA2B=0.592 advB2A=0.769 cycA=0.072 cycB=0.083 idtA=0.051 idtB=0.074 D_A=0.076 D_B=0.127 D_A(real)=0.85 D_A(fake)=0.15 gnG=36.65 gnD=15.01 it_per_s=8.83
2026-10-02 23:59:24,142 INFO iter=425300 epoch=61 lr=4.89e-05 G=3.527 advA2B=0.591 advB2A=0.768 cycA=0.072 cycB=0.083 idtA=0.051 idtB=0.074 D_A=0.076 D_B=0.127 D_A(real)=0.85 D_A(fake)=0.15 gnG=36.60 gnD=14.98 it_per_s=8.85
2026-10-02 23:59:34,681 INFO iter=425400 epoch=61 lr=4.89e-05 G=3.525 advA2B=0.590 advB2A=0.767 cycA=0.072 cycB=0.082 idtA=0.051 idtB=0.074 D_A=0.076 D_B=0.127 D_A(real)=0.85 D_A(fake)=0.15 gnG=36.69 gnD=15.00 it_per_s=8.87
2026-10-02 23:59:45,239 INFO iter=425500 epoch=61 lr=4.89e-05 G=3.526 advA2B=0.590 advB2A=0.768 cycA=0.072 cycB=0.083 idtA=0.051 idtB=0.074 D_A=0.076 D_B=0.127 D_A(real)=0.85 D_A(fake)=0.15 gnG=36.65 gnD=15.01 it_per_s=8.89
2026-10-02 23:59:55,794 INFO iter=425600 epoch=61 lr=4.88e-05 G=3.523 advA2B=0.590 advB2A=0.767 cycA=0.072 cycB=0.082 idtA=0.050 idtB=0.074 D_A=0.076 D_B=0.127 D_A(real)=0.85 D_A(fake)=0.15 gnG=36.60 gnD=15.01 it_per_s=8.91
2026-10-03 00:00:06,376 INFO iter=425700 epoch=61 lr=4.88e-05 G=3.523 advA2B=0.590 advB2A=0.766 cycA=0.072 cycB=0.082 idtA=0.050 idtB=0.074 D_A=0.076 D_B=0.127 D_A(real)=0.85 D_A(fake)=0.15 gnG=36.63 gnD=15.01 it_per_s=8.92
2026-10-03 00:00:16,930 INFO iter=425800 epoch=61 lr=4.88e-05 G=3.522 advA2B=0.589 advB2A=0.766 cycA=0.072 cycB=0.083 idtA=0.050 idtB=0.074 D_A=0.076 D_B=0.127 D_A(real)=0.85 D_A(fake)=0.15 gnG=36.60 gnD=15.01 it_per_s=8.94
2026-10-03 00:00:27,474 INFO iter=425900 epoch=61 lr=4.87e-05 G=3.518 advA2B=0.589 advB2A=0.764 cycA=0.072 cycB=0.082 idtA=0.050 idtB=0.074 D_A=0.076 D_B=0.126 D_A(real)=0.85 D_A(fake)=0.15 gnG=36.65 gnD=15.01 it_per_s=8.95
2026-10-03 00:00:38,030 INFO iter=426000 epoch=61 lr=4.87e-05 G=3.519 advA2B=0.590 advB2A=0.764 cycA=0.072 cycB=0.082 idtA=0.050 idtB=0.074 D_A=0.076 D_B=0.126 D_A(real)=0.85 D_A(fake)=0.15 gnG=36.76 gnD=15.02 it_per_s=8.96
2026-10-03 00:00:48,608 INFO iter=426100 epoch=61 lr=4.86e-05 G=3.518 advA2B=0.589 advB2A=0.764 cycA=0.072 cycB=0.082 idtA=0.050 idtB=0.074 D_A=0.076 D_B=0.127 D_A(real)=0.85 D_A(fake)=0.15 gnG=36.76 gnD=15.02 it_per_s=8.98
2026-10-03 00:00:59,185 INFO iter=426200 epoch=61 lr=4.86e-05 G=3.516 advA2B=0.589 advB2A=0.764 cycA=0.072 cycB=0.082 idtA=0.050 idtB=0.074 D_A=0.076 D_B=0.127 D_A(real)=0.85 D_A(fake)=0.15 gnG=36.68 gnD=15.01 it_per_s=8.99
2026-10-03 00:01:09,784 INFO iter=426300 epoch=61 lr=4.86e-05 G=3.519 advA2B=0.590 advB2A=0.765 cycA=0.072 cycB=0.082 idtA=0.050 idtB=0.074 D_A=0.076 D_B=0.127 D_A(real)=0.85 D_A(fake)=0.15 gnG=36.65 gnD=15.00 it_per_s=9.00
2026-10-03 00:01:20,353 INFO iter=426400 epoch=61 lr=4.85e-05 G=3.518 advA2B=0.589 advB2A=0.765 cycA=0.072 cycB=0.082 idtA=0.050 idtB=0.074 D_A=0.076 D_B=0.127 D_A(real)=0.85 D_A(fake)=0.15 gnG=36.59 gnD=14.99 it_per_s=9.01
2026-10-03 00:01:30,914 INFO iter=426500 epoch=61 lr=4.85e-05 G=3.514 advA2B=0.590 advB2A=0.764 cycA=0.072 cycB=0.082 idtA=0.050 idtB=0.074 D_A=0.076 D_B=0.127 D_A(real)=0.85 D_A(fake)=0.15 gnG=36.62 gnD=14.99 it_per_s=9.02
2026-10-03 00:01:41,450 INFO iter=426600 epoch=61 lr=4.85e-05 G=3.515 advA2B=0.590 advB2A=0.765 cycA=0.072 cycB=0.082 idtA=0.050 idtB=0.074 D_A=0.076 D_B=0.126 D_A(real)=0.85 D_A(fake)=0.15 gnG=36.63 gnD=14.99 it_per_s=9.03
2026-10-03 00:01:52,060 INFO iter=426700 epoch=61 lr=4.84e-05 G=3.513 advA2B=0.590 advB2A=0.764 cycA=0.072 cycB=0.082 idtA=0.050 idtB=0.074 D_A=0.076 D_B=0.126 D_A(real)=0.85 D_A(fake)=0.15 gnG=36.62 gnD=14.99 it_per_s=9.04
2026-10-03 00:02:02,614 INFO iter=426800 epoch=61 lr=4.84e-05 G=3.517 advA2B=0.590 advB2A=0.765 cycA=0.072 cycB=0.082 idtA=0.050 idtB=0.074 D_A=0.076 D_B=0.126 D_A(real)=0.85 D_A(fake)=0.15 gnG=36.65 gnD=14.99 it_per_s=9.05
2026-10-03 00:02:13,157 INFO iter=426900 epoch=61 lr=4.84e-05 G=3.518 advA2B=0.591 advB2A=0.765 cycA=0.072 cycB=0.082 idtA=0.050 idtB=0.074 D_A=0.076 D_B=0.126 D_A(real)=0.85 D_A(fake)=0.15 gnG=36.77 gnD=14.97 it_per_s=9.06
2026-10-03 00:02:23,711 INFO iter=427000 epoch=61 lr=4.83e-05 G=3.521 advA2B=0.593 advB2A=0.765 cycA=0.072 cycB=0.083 idtA=0.050 idtB=0.074 D_A=0.076 D_B=0.126 D_A(real)=0.85 D_A(fake)=0.15 gnG=36.93 gnD=14.96 it_per_s=9.06
2026-10-03 00:02:34,282 INFO iter=427100 epoch=61 lr=4.83e-05 G=3.521 advA2B=0.594 advB2A=0.763 cycA=0.072 cycB=0.083 idtA=0.050 idtB=0.074 D_A=0.076 D_B=0.126 D_A(real)=0.85 D_A(fake)=0.15 gnG=36.85 gnD=14.95 it_per_s=9.07
2026-10-03 00:02:44,827 INFO iter=427200 epoch=61 lr=4.83e-05 G=3.518 advA2B=0.594 advB2A=0.763 cycA=0.072 cycB=0.082 idtA=0.050 idtB=0.074 D_A=0.076 D_B=0.126 D_A(real)=0.85 D_A(fake)=0.15 gnG=36.88 gnD=14.95 it_per_s=9.08
2026-10-03 00:02:55,400 INFO iter=427300 epoch=61 lr=4.82e-05 G=3.516 advA2B=0.593 advB2A=0.762 cycA=0.072 cycB=0.082 idtA=0.050 idtB=0.074 D_A=0.076 D_B=0.126 D_A(real)=0.85 D_A(fake)=0.15 gnG=36.88 gnD=14.96 it_per_s=9.09
2026-10-03 00:03:06,005 INFO iter=427400 epoch=61 lr=4.82e-05 G=3.518 advA2B=0.594 advB2A=0.762 cycA=0.072 cycB=0.083 idtA=0.050 idtB=0.074 D_A=0.076 D_B=0.126 D_A(real)=0.85 D_A(fake)=0.15 gnG=36.87 gnD=14.96 it_per_s=9.09
2026-10-03 00:03:16,585 INFO iter=427500 epoch=61 lr=4.81e-05 G=3.517 advA2B=0.594 advB2A=0.761 cycA=0.072 cycB=0.083 idtA=0.050 idtB=0.074 D_A=0.076 D_B=0.126 D_A(real)=0.85 D_A(fake)=0.15 gnG=36.83 gnD=14.97 it_per_s=9.10
2026-10-03 00:03:27,138 INFO iter=427600 epoch=61 lr=4.81e-05 G=3.516 advA2B=0.594 advB2A=0.761 cycA=0.072 cycB=0.083 idtA=0.050 idtB=0.074 D_A=0.076 D_B=0.126 D_A(real)=0.85 D_A(fake)=0.15 gnG=36.84 gnD=14.98 it_per_s=9.11
2026-10-03 00:03:37,699 INFO iter=427700 epoch=61 lr=4.81e-05 G=3.514 advA2B=0.593 advB2A=0.759 cycA=0.072 cycB=0.083 idtA=0.050 idtB=0.074 D_A=0.076 D_B=0.126 D_A(real)=0.85 D_A(fake)=0.15 gnG=36.89 gnD=14.98 it_per_s=9.11
2026-10-03 00:03:48,437 INFO iter=427800 epoch=61 lr=4.80e-05 G=3.513 advA2B=0.592 advB2A=0.760 cycA=0.071 cycB=0.082 idtA=0.050 idtB=0.074 D_A=0.076 D_B=0.126 D_A(real)=0.85 D_A(fake)=0.15 gnG=36.85 gnD=14.99 it_per_s=9.12
2026-10-03 00:03:59,039 INFO iter=427900 epoch=61 lr=4.80e-05 G=3.513 advA2B=0.592 advB2A=0.760 cycA=0.071 cycB=0.083 idtA=0.050 idtB=0.074 D_A=0.076 D_B=0.126 D_A(real)=0.85 D_A(fake)=0.15 gnG=36.97 gnD=15.00 it_per_s=9.12
2026-10-03 00:04:09,632 INFO iter=428000 epoch=61 lr=4.80e-05 G=3.513 advA2B=0.591 advB2A=0.760 cycA=0.071 cycB=0.083 idtA=0.050 idtB=0.074 D_A=0.076 D_B=0.126 D_A(real)=0.85 D_A(fake)=0.15 gnG=36.95 gnD=15.01 it_per_s=9.13
2026-10-03 00:04:20,255 INFO iter=428100 epoch=61 lr=4.79e-05 G=3.512 advA2B=0.591 advB2A=0.760 cycA=0.071 cycB=0.083 idtA=0.050 idtB=0.074 D_A=0.076 D_B=0.126 D_A(real)=0.85 D_A(fake)=0.15 gnG=36.99 gnD=15.01 it_per_s=9.13
2026-10-03 00:04:30,849 INFO iter=428200 epoch=61 lr=4.79e-05 G=3.510 advA2B=0.590 advB2A=0.761 cycA=0.071 cycB=0.082 idtA=0.050 idtB=0.074 D_A=0.076 D_B=0.126 D_A(real)=0.85 D_A(fake)=0.15 gnG=37.03 gnD=15.02 it_per_s=9.14
2026-10-03 00:04:41,390 INFO iter=428300 epoch=61 lr=4.79e-05 G=3.510 advA2B=0.589 advB2A=0.761 cycA=0.071 cycB=0.082 idtA=0.050 idtB=0.074 D_A=0.076 D_B=0.127 D_A(real)=0.85 D_A(fake)=0.15 gnG=36.99 gnD=15.04 it_per_s=9.14
2026-10-03 00:04:51,960 INFO iter=428400 epoch=61 lr=4.78e-05 G=3.509 advA2B=0.589 advB2A=0.761 cycA=0.071 cycB=0.082 idtA=0.050 idtB=0.074 D_A=0.076 D_B=0.127 D_A(real)=0.85 D_A(fake)=0.15 gnG=36.95 gnD=15.02 it_per_s=9.15
2026-10-03 00:05:02,510 INFO iter=428500 epoch=61 lr=4.78e-05 G=3.509 advA2B=0.589 advB2A=0.761 cycA=0.071 cycB=0.082 idtA=0.050 idtB=0.074 D_A=0.076 D_B=0.127 D_A(real)=0.85 D_A(fake)=0.15 gnG=37.04 gnD=15.02 it_per_s=9.15
2026-10-03 00:05:13,070 INFO iter=428600 epoch=61 lr=4.78e-05 G=3.510 advA2B=0.589 advB2A=0.761 cycA=0.071 cycB=0.082 idtA=0.050 idtB=0.074 D_A=0.076 D_B=0.127 D_A(real)=0.85 D_A(fake)=0.15 gnG=37.05 gnD=15.01 it_per_s=9.16
2026-10-03 00:05:23,617 INFO iter=428700 epoch=61 lr=4.77e-05 G=3.509 advA2B=0.589 advB2A=0.760 cycA=0.071 cycB=0.082 idtA=0.050 idtB=0.074 D_A=0.076 D_B=0.127 D_A(real)=0.85 D_A(fake)=0.15 gnG=37.06 gnD=15.00 it_per_s=9.16
2026-10-03 00:05:34,170 INFO iter=428800 epoch=61 lr=4.77e-05 G=3.511 advA2B=0.589 advB2A=0.761 cycA=0.071 cycB=0.082 idtA=0.050 idtB=0.074 D_A=0.076 D_B=0.127 D_A(real)=0.85 D_A(fake)=0.15 gnG=37.07 gnD=15.01 it_per_s=9.17
2026-10-03 00:05:44,738 INFO iter=428900 epoch=61 lr=4.76e-05 G=3.509 advA2B=0.588 advB2A=0.761 cycA=0.071 cycB=0.082 idtA=0.050 idtB=0.074 D_A=0.076 D_B=0.127 D_A(real)=0.85 D_A(fake)=0.15 gnG=37.05 gnD=15.00 it_per_s=9.17
2026-10-03 00:05:55,308 INFO iter=429000 epoch=61 lr=4.76e-05 G=3.510 advA2B=0.589 advB2A=0.761 cycA=0.071 cycB=0.082 idtA=0.050 idtB=0.074 D_A=0.076 D_B=0.127 D_A(real)=0.85 D_A(fake)=0.15 gnG=37.03 gnD=15.00 it_per_s=9.18
2026-10-03 00:06:05,890 INFO iter=429100 epoch=61 lr=4.76e-05 G=3.510 advA2B=0.589 advB2A=0.761 cycA=0.071 cycB=0.082 idtA=0.050 idtB=0.074 D_A=0.076 D_B=0.127 D_A(real)=0.85 D_A(fake)=0.15 gnG=37.06 gnD=15.00 it_per_s=9.18
2026-10-03 00:06:16,516 INFO iter=429200 epoch=61 lr=4.75e-05 G=3.509 advA2B=0.590 advB2A=0.760 cycA=0.071 cycB=0.082 idtA=0.050 idtB=0.074 D_A=0.076 D_B=0.127 D_A(real)=0.85 D_A(fake)=0.15 gnG=37.05 gnD=15.00 it_per_s=9.18
2026-10-03 00:06:27,212 INFO iter=429300 epoch=61 lr=4.75e-05 G=3.511 advA2B=0.590 advB2A=0.761 cycA=0.071 cycB=0.082 idtA=0.050 idtB=0.074 D_A=0.076 D_B=0.127 D_A(real)=0.85 D_A(fake)=0.15 gnG=37.12 gnD=14.99 it_per_s=9.19
2026-10-03 00:06:29,129 INFO epoch=61 done time_s=766 it_per_s=9.19 G=3.511 cycA=0.071 cycB=0.082 idtA=0.050 idtB=0.074 D_A=0.076 D_B=0.127 D_A(real)=0.85 D_A(fake)=0.15 nan_count=0
2026-10-03 00:06:38,495 INFO iter=429400 epoch=62 lr=4.75e-05 G=3.385 advA2B=0.550 advB2A=0.716 cycA=0.073 cycB=0.080 idtA=0.051 idtB=0.068 D_A=0.083 D_B=0.142 D_A(real)=0.84 D_A(fake)=0.17 gnG=36.10 gnD=16.06 it_per_s=9.39
2026-10-03 00:06:49,068 INFO iter=429500 epoch=62 lr=4.74e-05 G=3.434 advA2B=0.586 advB2A=0.741 cycA=0.072 cycB=0.079 idtA=0.051 idtB=0.069 D_A=0.075 D_B=0.130 D_A(real)=0.85 D_A(fake)=0.15 gnG=36.79 gnD=15.06 it_per_s=9.43
2026-10-03 00:06:59,607 INFO iter=429600 epoch=62 lr=4.74e-05 G=3.463 advA2B=0.594 advB2A=0.765 cycA=0.071 cycB=0.079 idtA=0.049 idtB=0.072 D_A=0.072 D_B=0.128 D_A(real)=0.86 D_A(fake)=0.14 gnG=39.29 gnD=15.07 it_per_s=9.45
2026-10-03 00:07:10,199 INFO iter=429700 epoch=62 lr=4.74e-05 G=3.511 advA2B=0.610 advB2A=0.761 cycA=0.072 cycB=0.080 idtA=0.050 idtB=0.074 D_A=0.074 D_B=0.129 D_A(real)=0.86 D_A(fake)=0.15 gnG=41.30 gnD=15.04 it_per_s=9.45
2026-10-03 00:07:20,681 INFO iter=429800 epoch=62 lr=4.73e-05 G=3.512 advA2B=0.611 advB2A=0.764 cycA=0.071 cycB=0.081 idtA=0.050 idtB=0.074 D_A=0.072 D_B=0.128 D_A(real)=0.86 D_A(fake)=0.15 gnG=40.86 gnD=14.89 it_per_s=9.47
2026-10-03 00:07:31,258 INFO iter=429900 epoch=62 lr=4.73e-05 G=3.506 advA2B=0.616 advB2A=0.758 cycA=0.071 cycB=0.081 idtA=0.049 idtB=0.074 D_A=0.073 D_B=0.127 D_A(real)=0.86 D_A(fake)=0.15 gnG=40.90 gnD=14.83 it_per_s=9.46
2026-10-03 00:07:41,853 INFO iter=430000 epoch=62 lr=4.73e-05 G=3.519 advA2B=0.614 advB2A=0.758 cycA=0.071 cycB=0.081 idtA=0.049 idtB=0.075 D_A=0.073 D_B=0.126 D_A(real)=0.86 D_A(fake)=0.15 gnG=40.04 gnD=14.81 it_per_s=9.46
2026-10-03 00:07:52,383 INFO iter=430100 epoch=62 lr=4.72e-05 G=3.533 advA2B=0.616 advB2A=0.762 cycA=0.071 cycB=0.081 idtA=0.050 idtB=0.076 D_A=0.073 D_B=0.126 D_A(real)=0.86 D_A(fake)=0.14 gnG=39.52 gnD=14.73 it_per_s=9.46
2026-10-03 00:08:02,986 INFO iter=430200 epoch=62 lr=4.72e-05 G=3.529 advA2B=0.615 advB2A=0.763 cycA=0.071 cycB=0.081 idtA=0.050 idtB=0.076 D_A=0.072 D_B=0.125 D_A(real)=0.86 D_A(fake)=0.14 gnG=39.57 gnD=14.73 it_per_s=9.46
2026-10-03 00:08:13,632 INFO iter=430300 epoch=62 lr=4.72e-05 G=3.534 advA2B=0.610 advB2A=0.765 cycA=0.071 cycB=0.081 idtA=0.050 idtB=0.076 D_A=0.073 D_B=0.125 D_A(real)=0.86 D_A(fake)=0.14 gnG=39.19 gnD=14.73 it_per_s=9.45
2026-10-03 00:08:24,194 INFO iter=430400 epoch=62 lr=4.71e-05 G=3.523 advA2B=0.607 advB2A=0.762 cycA=0.071 cycB=0.081 idtA=0.050 idtB=0.076 D_A=0.074 D_B=0.125 D_A(real)=0.86 D_A(fake)=0.14 gnG=38.79 gnD=14.79 it_per_s=9.46
2026-10-03 00:08:34,742 INFO iter=430500 epoch=62 lr=4.71e-05 G=3.518 advA2B=0.608 advB2A=0.760 cycA=0.071 cycB=0.081 idtA=0.050 idtB=0.076 D_A=0.074 D_B=0.125 D_A(real)=0.85 D_A(fake)=0.15 gnG=38.66 gnD=14.84 it_per_s=9.46
2026-10-03 00:08:45,282 INFO iter=430600 epoch=62 lr=4.70e-05 G=3.520 advA2B=0.609 advB2A=0.760 cycA=0.071 cycB=0.081 idtA=0.050 idtB=0.076 D_A=0.075 D_B=0.124 D_A(real)=0.86 D_A(fake)=0.15 gnG=38.38 gnD=14.92 it_per_s=9.46
2026-10-03 00:08:55,784 INFO iter=430700 epoch=62 lr=4.70e-05 G=3.509 advA2B=0.604 advB2A=0.756 cycA=0.071 cycB=0.081 idtA=0.050 idtB=0.075 D_A=0.075 D_B=0.125 D_A(real)=0.86 D_A(fake)=0.15 gnG=37.93 gnD=14.91 it_per_s=9.46
2026-10-03 00:09:06,380 INFO iter=430800 epoch=62 lr=4.70e-05 G=3.502 advA2B=0.601 advB2A=0.756 cycA=0.071 cycB=0.081 idtA=0.050 idtB=0.075 D_A=0.075 D_B=0.126 D_A(real)=0.85 D_A(fake)=0.15 gnG=37.76 gnD=14.93 it_per_s=9.46
2026-10-03 00:09:16,932 INFO iter=430900 epoch=62 lr=4.69e-05 G=3.495 advA2B=0.598 advB2A=0.756 cycA=0.071 cycB=0.081 idtA=0.050 idtB=0.075 D_A=0.076 D_B=0.126 D_A(real)=0.85 D_A(fake)=0.15 gnG=37.80 gnD=14.97 it_per_s=9.46
2026-10-03 00:09:27,501 INFO iter=431000 epoch=62 lr=4.69e-05 G=3.496 advA2B=0.599 advB2A=0.756 cycA=0.071 cycB=0.081 idtA=0.050 idtB=0.075 D_A=0.076 D_B=0.126 D_A(real)=0.85 D_A(fake)=0.15 gnG=37.88 gnD=15.01 it_per_s=9.46
2026-10-03 00:09:38,131 INFO iter=431100 epoch=62 lr=4.69e-05 G=3.499 advA2B=0.601 advB2A=0.757 cycA=0.071 cycB=0.081 idtA=0.050 idtB=0.075 D_A=0.076 D_B=0.127 D_A(real)=0.85 D_A(fake)=0.15 gnG=37.89 gnD=15.04 it_per_s=9.46
2026-10-03 00:09:48,702 INFO iter=431200 epoch=62 lr=4.68e-05 G=3.498 advA2B=0.599 advB2A=0.757 cycA=0.071 cycB=0.081 idtA=0.050 idtB=0.075 D_A=0.076 D_B=0.127 D_A(real)=0.85 D_A(fake)=0.15 gnG=37.88 gnD=15.02 it_per_s=9.46
2026-10-03 00:09:59,225 INFO iter=431300 epoch=62 lr=4.68e-05 G=3.497 advA2B=0.601 advB2A=0.754 cycA=0.071 cycB=0.081 idtA=0.050 idtB=0.075 D_A=0.076 D_B=0.127 D_A(real)=0.85 D_A(fake)=0.15 gnG=37.81 gnD=15.03 it_per_s=9.46
2026-10-03 00:10:09,819 INFO iter=431400 epoch=62 lr=4.68e-05 G=3.497 advA2B=0.604 advB2A=0.753 cycA=0.071 cycB=0.081 idtA=0.050 idtB=0.075 D_A=0.076 D_B=0.126 D_A(real)=0.85 D_A(fake)=0.15 gnG=38.11 gnD=14.99 it_per_s=9.46
2026-10-03 00:10:20,377 INFO iter=431500 epoch=62 lr=4.67e-05 G=3.493 advA2B=0.604 advB2A=0.751 cycA=0.071 cycB=0.081 idtA=0.049 idtB=0.075 D_A=0.076 D_B=0.126 D_A(real)=0.85 D_A(fake)=0.15 gnG=38.17 gnD=14.99 it_per_s=9.46
2026-10-03 00:10:30,901 INFO iter=431600 epoch=62 lr=4.67e-05 G=3.488 advA2B=0.599 advB2A=0.750 cycA=0.071 cycB=0.081 idtA=0.050 idtB=0.075 D_A=0.076 D_B=0.126 D_A(real)=0.85 D_A(fake)=0.15 gnG=37.88 gnD=15.03 it_per_s=9.46
2026-10-03 00:10:41,463 INFO iter=431700 epoch=62 lr=4.67e-05 G=3.490 advA2B=0.599 advB2A=0.753 cycA=0.071 cycB=0.081 idtA=0.050 idtB=0.075 D_A=0.077 D_B=0.126 D_A(real)=0.85 D_A(fake)=0.15 gnG=38.05 gnD=15.02 it_per_s=9.46
2026-10-03 00:10:52,001 INFO iter=431800 epoch=62 lr=4.66e-05 G=3.492 advA2B=0.598 advB2A=0.754 cycA=0.071 cycB=0.081 idtA=0.050 idtB=0.075 D_A=0.076 D_B=0.125 D_A(real)=0.85 D_A(fake)=0.15 gnG=37.94 gnD=14.96 it_per_s=9.46
2026-10-03 00:11:02,572 INFO iter=431900 epoch=62 lr=4.66e-05 G=3.491 advA2B=0.599 advB2A=0.753 cycA=0.071 cycB=0.081 idtA=0.050 idtB=0.074 D_A=0.076 D_B=0.125 D_A(real)=0.85 D_A(fake)=0.15 gnG=37.78 gnD=14.96 it_per_s=9.46
2026-10-03 00:11:13,052 INFO iter=432000 epoch=62 lr=4.65e-05 G=3.490 advA2B=0.597 advB2A=0.753 cycA=0.071 cycB=0.081 idtA=0.050 idtB=0.075 D_A=0.076 D_B=0.125 D_A(real)=0.85 D_A(fake)=0.15 gnG=37.60 gnD=14.94 it_per_s=9.47
2026-10-03 00:11:23,651 INFO iter=432100 epoch=62 lr=4.65e-05 G=3.492 advA2B=0.597 advB2A=0.754 cycA=0.071 cycB=0.081 idtA=0.050 idtB=0.075 D_A=0.076 D_B=0.124 D_A(real)=0.85 D_A(fake)=0.15 gnG=37.64 gnD=14.91 it_per_s=9.47
2026-10-03 00:11:34,192 INFO iter=432200 epoch=62 lr=4.65e-05 G=3.494 advA2B=0.598 advB2A=0.754 cycA=0.071 cycB=0.081 idtA=0.050 idtB=0.075 D_A=0.076 D_B=0.124 D_A(real)=0.85 D_A(fake)=0.15 gnG=37.64 gnD=14.93 it_per_s=9.47
2026-10-03 00:11:44,742 INFO iter=432300 epoch=62 lr=4.64e-05 G=3.494 advA2B=0.599 advB2A=0.754 cycA=0.071 cycB=0.081 idtA=0.050 idtB=0.075 D_A=0.076 D_B=0.124 D_A(real)=0.85 D_A(fake)=0.15 gnG=37.57 gnD=14.95 it_per_s=9.47
2026-10-03 00:11:55,322 INFO iter=432400 epoch=62 lr=4.64e-05 G=3.495 advA2B=0.598 advB2A=0.755 cycA=0.071 cycB=0.081 idtA=0.050 idtB=0.075 D_A=0.076 D_B=0.124 D_A(real)=0.85 D_A(fake)=0.15 gnG=37.52 gnD=14.92 it_per_s=9.47
2026-10-03 00:12:05,930 INFO iter=432500 epoch=62 lr=4.64e-05 G=3.495 advA2B=0.597 advB2A=0.756 cycA=0.071 cycB=0.081 idtA=0.050 idtB=0.075 D_A=0.076 D_B=0.124 D_A(real)=0.85 D_A(fake)=0.15 gnG=37.41 gnD=14.93 it_per_s=9.47
2026-10-03 00:12:16,561 INFO iter=432600 epoch=62 lr=4.63e-05 G=3.491 advA2B=0.596 advB2A=0.753 cycA=0.071 cycB=0.081 idtA=0.050 idtB=0.074 D_A=0.076 D_B=0.124 D_A(real)=0.85 D_A(fake)=0.15 gnG=37.44 gnD=14.94 it_per_s=9.46
2026-10-03 00:12:27,298 INFO iter=432700 epoch=62 lr=4.63e-05 G=3.492 advA2B=0.596 advB2A=0.754 cycA=0.071 cycB=0.081 idtA=0.050 idtB=0.074 D_A=0.076 D_B=0.124 D_A(real)=0.85 D_A(fake)=0.15 gnG=37.52 gnD=14.95 it_per_s=9.46
2026-10-03 00:12:37,873 INFO iter=432800 epoch=62 lr=4.63e-05 G=3.493 advA2B=0.595 advB2A=0.755 cycA=0.071 cycB=0.081 idtA=0.050 idtB=0.075 D_A=0.076 D_B=0.124 D_A(real)=0.85 D_A(fake)=0.15 gnG=37.43 gnD=14.93 it_per_s=9.46
2026-10-03 00:12:48,428 INFO iter=432900 epoch=62 lr=4.62e-05 G=3.491 advA2B=0.595 advB2A=0.754 cycA=0.071 cycB=0.081 idtA=0.050 idtB=0.074 D_A=0.076 D_B=0.124 D_A(real)=0.85 D_A(fake)=0.15 gnG=37.33 gnD=14.94 it_per_s=9.46
2026-10-03 00:12:58,991 INFO iter=433000 epoch=62 lr=4.62e-05 G=3.492 advA2B=0.595 advB2A=0.755 cycA=0.071 cycB=0.081 idtA=0.050 idtB=0.074 D_A=0.076 D_B=0.124 D_A(real)=0.85 D_A(fake)=0.15 gnG=37.27 gnD=14.94 it_per_s=9.46
2026-10-03 00:13:09,558 INFO iter=433100 epoch=62 lr=4.62e-05 G=3.492 advA2B=0.594 advB2A=0.756 cycA=0.071 cycB=0.081 idtA=0.050 idtB=0.074 D_A=0.076 D_B=0.124 D_A(real)=0.85 D_A(fake)=0.15 gnG=37.36 gnD=14.95 it_per_s=9.46
2026-10-03 00:13:20,111 INFO iter=433200 epoch=62 lr=4.61e-05 G=3.493 advA2B=0.593 advB2A=0.757 cycA=0.071 cycB=0.081 idtA=0.050 idtB=0.074 D_A=0.076 D_B=0.124 D_A(real)=0.85 D_A(fake)=0.15 gnG=37.28 gnD=14.94 it_per_s=9.46
2026-10-03 00:13:30,642 INFO iter=433300 epoch=62 lr=4.61e-05 G=3.494 advA2B=0.592 advB2A=0.758 cycA=0.071 cycB=0.081 idtA=0.050 idtB=0.075 D_A=0.076 D_B=0.124 D_A(real)=0.85 D_A(fake)=0.15 gnG=37.22 gnD=14.94 it_per_s=9.46
2026-10-03 00:13:41,265 INFO iter=433400 epoch=62 lr=4.61e-05 G=3.492 advA2B=0.592 advB2A=0.757 cycA=0.071 cycB=0.081 idtA=0.050 idtB=0.074 D_A=0.076 D_B=0.124 D_A(real)=0.85 D_A(fake)=0.15 gnG=37.13 gnD=14.94 it_per_s=9.46
2026-10-03 00:13:51,791 INFO iter=433500 epoch=62 lr=4.60e-05 G=3.492 advA2B=0.591 advB2A=0.758 cycA=0.071 cycB=0.081 idtA=0.050 idtB=0.074 D_A=0.076 D_B=0.124 D_A(real)=0.85 D_A(fake)=0.15 gnG=37.13 gnD=14.97 it_per_s=9.46
2026-10-03 00:14:02,345 INFO iter=433600 epoch=62 lr=4.60e-05 G=3.493 advA2B=0.591 advB2A=0.757 cycA=0.071 cycB=0.081 idtA=0.050 idtB=0.075 D_A=0.076 D_B=0.124 D_A(real)=0.85 D_A(fake)=0.15 gnG=37.09 gnD=14.98 it_per_s=9.46
2026-10-03 00:14:12,882 INFO iter=433700 epoch=62 lr=4.59e-05 G=3.494 advA2B=0.592 advB2A=0.758 cycA=0.071 cycB=0.081 idtA=0.050 idtB=0.074 D_A=0.076 D_B=0.124 D_A(real)=0.85 D_A(fake)=0.15 gnG=37.17 gnD=14.97 it_per_s=9.46
2026-10-03 00:14:23,418 INFO iter=433800 epoch=62 lr=4.59e-05 G=3.498 advA2B=0.592 advB2A=0.759 cycA=0.071 cycB=0.082 idtA=0.050 idtB=0.075 D_A=0.076 D_B=0.125 D_A(real)=0.85 D_A(fake)=0.15 gnG=37.19 gnD=15.00 it_per_s=9.46
2026-10-03 00:14:33,986 INFO iter=433900 epoch=62 lr=4.59e-05 G=3.498 advA2B=0.593 advB2A=0.758 cycA=0.071 cycB=0.082 idtA=0.050 idtB=0.075 D_A=0.076 D_B=0.125 D_A(real)=0.85 D_A(fake)=0.15 gnG=37.23 gnD=15.01 it_per_s=9.46
2026-10-03 00:14:44,542 INFO iter=434000 epoch=62 lr=4.58e-05 G=3.498 advA2B=0.593 advB2A=0.757 cycA=0.071 cycB=0.082 idtA=0.050 idtB=0.075 D_A=0.076 D_B=0.125 D_A(real)=0.85 D_A(fake)=0.15 gnG=37.20 gnD=15.02 it_per_s=9.46
2026-10-03 00:14:55,070 INFO iter=434100 epoch=62 lr=4.58e-05 G=3.496 advA2B=0.593 advB2A=0.757 cycA=0.071 cycB=0.082 idtA=0.050 idtB=0.074 D_A=0.076 D_B=0.125 D_A(real)=0.85 D_A(fake)=0.15 gnG=37.13 gnD=15.00 it_per_s=9.46
2026-10-03 00:15:05,642 INFO iter=434200 epoch=62 lr=4.58e-05 G=3.496 advA2B=0.594 advB2A=0.756 cycA=0.071 cycB=0.082 idtA=0.050 idtB=0.074 D_A=0.076 D_B=0.125 D_A(real)=0.85 D_A(fake)=0.15 gnG=37.17 gnD=15.01 it_per_s=9.46
2026-10-03 00:15:16,207 INFO iter=434300 epoch=62 lr=4.57e-05 G=3.496 advA2B=0.594 advB2A=0.756 cycA=0.071 cycB=0.082 idtA=0.050 idtB=0.074 D_A=0.076 D_B=0.125 D_A(real)=0.85 D_A(fake)=0.15 gnG=37.18 gnD=15.01 it_per_s=9.46
2026-10-03 00:15:26,821 INFO iter=434400 epoch=62 lr=4.57e-05 G=3.496 advA2B=0.595 advB2A=0.755 cycA=0.071 cycB=0.082 idtA=0.050 idtB=0.074 D_A=0.076 D_B=0.125 D_A(real)=0.85 D_A(fake)=0.15 gnG=37.17 gnD=15.01 it_per_s=9.46
2026-10-03 00:15:37,427 INFO iter=434500 epoch=62 lr=4.57e-05 G=3.498 advA2B=0.594 advB2A=0.756 cycA=0.071 cycB=0.082 idtA=0.050 idtB=0.075 D_A=0.076 D_B=0.125 D_A(real)=0.85 D_A(fake)=0.15 gnG=37.17 gnD=15.04 it_per_s=9.46
2026-10-03 00:15:47,971 INFO iter=434600 epoch=62 lr=4.56e-05 G=3.499 advA2B=0.595 advB2A=0.756 cycA=0.071 cycB=0.082 idtA=0.050 idtB=0.075 D_A=0.076 D_B=0.125 D_A(real)=0.85 D_A(fake)=0.15 gnG=37.14 gnD=15.04 it_per_s=9.46
2026-10-03 00:15:58,524 INFO iter=434700 epoch=62 lr=4.56e-05 G=3.502 advA2B=0.596 advB2A=0.755 cycA=0.071 cycB=0.082 idtA=0.050 idtB=0.075 D_A=0.076 D_B=0.125 D_A(real)=0.85 D_A(fake)=0.15 gnG=37.17 gnD=15.06 it_per_s=9.46
2026-10-03 00:16:09,116 INFO iter=434800 epoch=62 lr=4.56e-05 G=3.502 advA2B=0.596 advB2A=0.755 cycA=0.071 cycB=0.082 idtA=0.050 idtB=0.075 D_A=0.076 D_B=0.125 D_A(real)=0.85 D_A(fake)=0.15 gnG=37.13 gnD=15.06 it_per_s=9.46
2026-10-03 00:16:19,647 INFO iter=434900 epoch=62 lr=4.55e-05 G=3.502 advA2B=0.595 advB2A=0.755 cycA=0.071 cycB=0.082 idtA=0.050 idtB=0.075 D_A=0.076 D_B=0.125 D_A(real)=0.85 D_A(fake)=0.15 gnG=37.13 gnD=15.05 it_per_s=9.46
2026-10-03 00:16:30,229 INFO iter=435000 epoch=62 lr=4.55e-05 G=3.505 advA2B=0.596 advB2A=0.756 cycA=0.071 cycB=0.082 idtA=0.050 idtB=0.075 D_A=0.076 D_B=0.125 D_A(real)=0.85 D_A(fake)=0.15 gnG=37.14 gnD=15.07 it_per_s=9.46
2026-10-03 00:16:40,797 INFO iter=435100 epoch=62 lr=4.54e-05 G=3.505 advA2B=0.596 advB2A=0.755 cycA=0.071 cycB=0.082 idtA=0.050 idtB=0.075 D_A=0.076 D_B=0.125 D_A(real)=0.85 D_A(fake)=0.15 gnG=37.17 gnD=15.07 it_per_s=9.46
2026-10-03 00:16:51,358 INFO iter=435200 epoch=62 lr=4.54e-05 G=3.503 advA2B=0.595 advB2A=0.755 cycA=0.071 cycB=0.082 idtA=0.050 idtB=0.075 D_A=0.076 D_B=0.125 D_A(real)=0.85 D_A(fake)=0.15 gnG=37.12 gnD=15.06 it_per_s=9.46
2026-10-03 00:17:01,911 INFO iter=435300 epoch=62 lr=4.54e-05 G=3.504 advA2B=0.595 advB2A=0.755 cycA=0.071 cycB=0.082 idtA=0.050 idtB=0.075 D_A=0.076 D_B=0.125 D_A(real)=0.85 D_A(fake)=0.15 gnG=37.15 gnD=15.06 it_per_s=9.46
2026-10-03 00:17:12,476 INFO iter=435400 epoch=62 lr=4.53e-05 G=3.504 advA2B=0.595 advB2A=0.755 cycA=0.071 cycB=0.082 idtA=0.050 idtB=0.075 D_A=0.076 D_B=0.125 D_A(real)=0.85 D_A(fake)=0.15 gnG=37.13 gnD=15.06 it_per_s=9.46
2026-10-03 00:17:23,020 INFO iter=435500 epoch=62 lr=4.53e-05 G=3.505 advA2B=0.595 advB2A=0.755 cycA=0.071 cycB=0.082 idtA=0.050 idtB=0.075 D_A=0.076 D_B=0.125 D_A(real)=0.85 D_A(fake)=0.15 gnG=37.12 gnD=15.05 it_per_s=9.46
2026-10-03 00:17:33,736 INFO iter=435600 epoch=62 lr=4.53e-05 G=3.505 advA2B=0.595 advB2A=0.755 cycA=0.071 cycB=0.082 idtA=0.050 idtB=0.075 D_A=0.076 D_B=0.125 D_A(real)=0.85 D_A(fake)=0.15 gnG=37.08 gnD=15.05 it_per_s=9.46
2026-10-03 00:17:44,497 INFO iter=435700 epoch=62 lr=4.52e-05 G=3.505 advA2B=0.595 advB2A=0.755 cycA=0.071 cycB=0.082 idtA=0.050 idtB=0.075 D_A=0.076 D_B=0.125 D_A(real)=0.85 D_A(fake)=0.15 gnG=37.05 gnD=15.06 it_per_s=9.46
2026-10-03 00:17:55,176 INFO iter=435800 epoch=62 lr=4.52e-05 G=3.504 advA2B=0.595 advB2A=0.756 cycA=0.071 cycB=0.082 idtA=0.050 idtB=0.075 D_A=0.076 D_B=0.125 D_A(real)=0.85 D_A(fake)=0.15 gnG=37.14 gnD=15.06 it_per_s=9.46
2026-10-03 00:18:05,832 INFO iter=435900 epoch=62 lr=4.52e-05 G=3.504 advA2B=0.595 advB2A=0.756 cycA=0.071 cycB=0.082 idtA=0.050 idtB=0.075 D_A=0.076 D_B=0.125 D_A(real)=0.85 D_A(fake)=0.15 gnG=37.19 gnD=15.07 it_per_s=9.46
2026-10-03 00:18:16,636 INFO iter=436000 epoch=62 lr=4.51e-05 G=3.504 advA2B=0.595 advB2A=0.756 cycA=0.071 cycB=0.082 idtA=0.050 idtB=0.075 D_A=0.076 D_B=0.125 D_A(real)=0.85 D_A(fake)=0.15 gnG=37.17 gnD=15.07 it_per_s=9.45
2026-10-03 00:18:27,472 INFO iter=436100 epoch=62 lr=4.51e-05 G=3.504 advA2B=0.595 advB2A=0.756 cycA=0.071 cycB=0.082 idtA=0.050 idtB=0.075 D_A=0.076 D_B=0.125 D_A(real)=0.85 D_A(fake)=0.15 gnG=37.17 gnD=15.07 it_per_s=9.45
2026-10-03 00:18:38,338 INFO iter=436200 epoch=62 lr=4.51e-05 G=3.505 advA2B=0.595 advB2A=0.756 cycA=0.071 cycB=0.082 idtA=0.050 idtB=0.075 D_A=0.076 D_B=0.126 D_A(real)=0.85 D_A(fake)=0.15 gnG=37.22 gnD=15.08 it_per_s=9.45
2026-10-03 00:18:48,960 INFO iter=436300 epoch=62 lr=4.50e-05 G=3.503 advA2B=0.594 advB2A=0.756 cycA=0.071 cycB=0.082 idtA=0.050 idtB=0.075 D_A=0.076 D_B=0.125 D_A(real)=0.85 D_A(fake)=0.15 gnG=37.21 gnD=15.07 it_per_s=9.45
2026-10-03 00:18:54,969 INFO epoch=62 done time_s=745 it_per_s=9.44 G=3.502 cycA=0.071 cycB=0.082 idtA=0.050 idtB=0.075 D_A=0.075 D_B=0.125 D_A(real)=0.85 D_A(fake)=0.15 nan_count=0
2026-10-03 00:19:00,409 INFO iter=436400 epoch=63 lr=4.50e-05 G=3.587 advA2B=0.654 advB2A=0.792 cycA=0.069 cycB=0.081 idtA=0.049 idtB=0.078 D_A=0.085 D_B=0.117 D_A(real)=0.82 D_A(fake)=0.17 gnG=39.74 gnD=15.74 it_per_s=9.12
2026-10-03 00:19:11,333 INFO iter=436500 epoch=63 lr=4.49e-05 G=3.603 advA2B=0.652 advB2A=0.773 cycA=0.071 cycB=0.083 idtA=0.051 idtB=0.077 D_A=0.076 D_B=0.116 D_A(real)=0.85 D_A(fake)=0.14 gnG=41.61 gnD=15.02 it_per_s=9.15
2026-10-03 00:19:22,519 INFO iter=436600 epoch=63 lr=4.49e-05 G=3.541 advA2B=0.629 advB2A=0.757 cycA=0.070 cycB=0.083 idtA=0.050 idtB=0.075 D_A=0.076 D_B=0.124 D_A(real)=0.85 D_A(fake)=0.15 gnG=38.57 gnD=15.11 it_per_s=9.06
2026-10-03 00:19:33,043 INFO iter=436700 epoch=63 lr=4.49e-05 G=3.514 advA2B=0.610 advB2A=0.749 cycA=0.070 cycB=0.084 idtA=0.049 idtB=0.075 D_A=0.076 D_B=0.125 D_A(real)=0.85 D_A(fake)=0.15 gnG=36.95 gnD=15.11 it_per_s=9.18
2026-10-03 00:19:43,598 INFO iter=436800 epoch=63 lr=4.48e-05 G=3.496 advA2B=0.604 advB2A=0.748 cycA=0.069 cycB=0.083 idtA=0.049 idtB=0.075 D_A=0.077 D_B=0.128 D_A(real)=0.85 D_A(fake)=0.15 gnG=36.45 gnD=15.39 it_per_s=9.25
2026-10-03 00:19:54,111 INFO iter=436900 epoch=63 lr=4.48e-05 G=3.488 advA2B=0.595 advB2A=0.751 cycA=0.070 cycB=0.083 idtA=0.049 idtB=0.074 D_A=0.076 D_B=0.126 D_A(real)=0.85 D_A(fake)=0.15 gnG=36.36 gnD=15.37 it_per_s=9.30
2026-10-03 00:20:04,809 INFO iter=437000 epoch=63 lr=4.48e-05 G=3.470 advA2B=0.591 advB2A=0.741 cycA=0.070 cycB=0.083 idtA=0.049 idtB=0.074 D_A=0.077 D_B=0.128 D_A(real)=0.85 D_A(fake)=0.15 gnG=35.84 gnD=15.40 it_per_s=9.30
2026-10-03 00:20:15,306 INFO iter=437100 epoch=63 lr=4.47e-05 G=3.489 advA2B=0.595 advB2A=0.742 cycA=0.070 cycB=0.083 idtA=0.049 idtB=0.075 D_A=0.076 D_B=0.129 D_A(real)=0.85 D_A(fake)=0.15 gnG=36.25 gnD=15.39 it_per_s=9.33
2026-10-03 00:20:25,855 INFO iter=437200 epoch=63 lr=4.47e-05 G=3.498 advA2B=0.602 advB2A=0.745 cycA=0.070 cycB=0.083 idtA=0.049 idtB=0.074 D_A=0.076 D_B=0.130 D_A(real)=0.85 D_A(fake)=0.15 gnG=36.63 gnD=15.43 it_per_s=9.35
2026-10-03 00:20:36,433 INFO iter=437300 epoch=63 lr=4.47e-05 G=3.498 advA2B=0.599 advB2A=0.746 cycA=0.070 cycB=0.083 idtA=0.049 idtB=0.075 D_A=0.076 D_B=0.130 D_A(real)=0.85 D_A(fake)=0.15 gnG=37.07 gnD=15.47 it_per_s=9.36
2026-10-03 00:20:46,974 INFO iter=437400 epoch=63 lr=4.46e-05 G=3.494 advA2B=0.594 advB2A=0.751 cycA=0.070 cycB=0.083 idtA=0.049 idtB=0.075 D_A=0.077 D_B=0.131 D_A(real)=0.85 D_A(fake)=0.15 gnG=37.08 gnD=15.48 it_per_s=9.37
2026-10-03 00:20:57,569 INFO iter=437500 epoch=63 lr=4.46e-05 G=3.489 advA2B=0.594 advB2A=0.753 cycA=0.070 cycB=0.083 idtA=0.049 idtB=0.075 D_A=0.076 D_B=0.130 D_A(real)=0.85 D_A(fake)=0.15 gnG=36.92 gnD=15.44 it_per_s=9.38
2026-10-03 00:21:08,171 INFO iter=437600 epoch=63 lr=4.46e-05 G=3.481 advA2B=0.592 advB2A=0.751 cycA=0.070 cycB=0.083 idtA=0.049 idtB=0.074 D_A=0.075 D_B=0.129 D_A(real)=0.85 D_A(fake)=0.15 gnG=36.83 gnD=15.43 it_per_s=9.38
2026-10-03 00:21:18,752 INFO iter=437700 epoch=63 lr=4.45e-05 G=3.484 advA2B=0.594 advB2A=0.748 cycA=0.070 cycB=0.083 idtA=0.049 idtB=0.074 D_A=0.075 D_B=0.130 D_A(real)=0.85 D_A(fake)=0.15 gnG=36.73 gnD=15.44 it_per_s=9.39
2026-10-03 00:21:29,345 INFO iter=437800 epoch=63 lr=4.45e-05 G=3.490 advA2B=0.595 advB2A=0.750 cycA=0.070 cycB=0.083 idtA=0.049 idtB=0.074 D_A=0.074 D_B=0.129 D_A(real)=0.85 D_A(fake)=0.14 gnG=36.80 gnD=15.38 it_per_s=9.39
2026-10-03 00:21:39,954 INFO iter=437900 epoch=63 lr=4.45e-05 G=3.490 advA2B=0.597 advB2A=0.752 cycA=0.070 cycB=0.082 idtA=0.049 idtB=0.074 D_A=0.075 D_B=0.129 D_A(real)=0.86 D_A(fake)=0.14 gnG=37.10 gnD=15.46 it_per_s=9.39
2026-10-03 00:21:50,550 INFO iter=438000 epoch=63 lr=4.44e-05 G=3.486 advA2B=0.597 advB2A=0.749 cycA=0.070 cycB=0.082 idtA=0.049 idtB=0.074 D_A=0.075 D_B=0.129 D_A(real)=0.85 D_A(fake)=0.15 gnG=37.15 gnD=15.48 it_per_s=9.40
2026-10-03 00:22:01,148 INFO iter=438100 epoch=63 lr=4.44e-05 G=3.485 advA2B=0.595 advB2A=0.750 cycA=0.070 cycB=0.082 idtA=0.049 idtB=0.074 D_A=0.075 D_B=0.129 D_A(real)=0.85 D_A(fake)=0.15 gnG=36.97 gnD=15.50 it_per_s=9.40
2026-10-03 00:22:11,677 INFO iter=438200 epoch=63 lr=4.43e-05 G=3.482 advA2B=0.592 advB2A=0.751 cycA=0.070 cycB=0.082 idtA=0.049 idtB=0.074 D_A=0.075 D_B=0.130 D_A(real)=0.85 D_A(fake)=0.15 gnG=36.91 gnD=15.47 it_per_s=9.40
2026-10-03 00:22:22,212 INFO iter=438300 epoch=63 lr=4.43e-05 G=3.484 advA2B=0.594 advB2A=0.752 cycA=0.070 cycB=0.082 idtA=0.049 idtB=0.074 D_A=0.075 D_B=0.129 D_A(real)=0.85 D_A(fake)=0.15 gnG=36.96 gnD=15.50 it_per_s=9.41
2026-10-03 00:22:32,791 INFO iter=438400 epoch=63 lr=4.43e-05 G=3.486 advA2B=0.596 advB2A=0.753 cycA=0.070 cycB=0.082 idtA=0.049 idtB=0.074 D_A=0.075 D_B=0.128 D_A(real)=0.85 D_A(fake)=0.15 gnG=36.92 gnD=15.45 it_per_s=9.41
2026-10-03 00:22:43,360 INFO iter=438500 epoch=63 lr=4.42e-05 G=3.485 advA2B=0.597 advB2A=0.751 cycA=0.070 cycB=0.082 idtA=0.049 idtB=0.073 D_A=0.075 D_B=0.128 D_A(real)=0.85 D_A(fake)=0.15 gnG=36.99 gnD=15.42 it_per_s=9.41
2026-10-03 00:22:53,944 INFO iter=438600 epoch=63 lr=4.42e-05 G=3.488 advA2B=0.598 advB2A=0.751 cycA=0.071 cycB=0.082 idtA=0.049 idtB=0.074 D_A=0.076 D_B=0.129 D_A(real)=0.85 D_A(fake)=0.15 gnG=36.97 gnD=15.47 it_per_s=9.41
2026-10-03 00:23:04,549 INFO iter=438700 epoch=63 lr=4.42e-05 G=3.484 advA2B=0.596 advB2A=0.751 cycA=0.071 cycB=0.082 idtA=0.049 idtB=0.073 D_A=0.075 D_B=0.128 D_A(real)=0.85 D_A(fake)=0.15 gnG=36.90 gnD=15.45 it_per_s=9.42
2026-10-03 00:23:15,080 INFO iter=438800 epoch=63 lr=4.41e-05 G=3.482 advA2B=0.595 advB2A=0.753 cycA=0.071 cycB=0.082 idtA=0.049 idtB=0.073 D_A=0.075 D_B=0.129 D_A(real)=0.85 D_A(fake)=0.15 gnG=36.89 gnD=15.48 it_per_s=9.42
2026-10-03 00:23:25,586 INFO iter=438900 epoch=63 lr=4.41e-05 G=3.484 advA2B=0.593 advB2A=0.754 cycA=0.071 cycB=0.082 idtA=0.049 idtB=0.073 D_A=0.075 D_B=0.128 D_A(real)=0.85 D_A(fake)=0.15 gnG=36.89 gnD=15.46 it_per_s=9.42
2026-10-03 00:23:36,120 INFO iter=439000 epoch=63 lr=4.41e-05 G=3.488 advA2B=0.594 advB2A=0.755 cycA=0.071 cycB=0.082 idtA=0.049 idtB=0.074 D_A=0.075 D_B=0.128 D_A(real)=0.85 D_A(fake)=0.15 gnG=36.90 gnD=15.43 it_per_s=9.42
2026-10-03 00:23:46,668 INFO iter=439100 epoch=63 lr=4.40e-05 G=3.485 advA2B=0.593 advB2A=0.755 cycA=0.071 cycB=0.082 idtA=0.049 idtB=0.073 D_A=0.075 D_B=0.128 D_A(real)=0.85 D_A(fake)=0.15 gnG=36.90 gnD=15.45 it_per_s=9.43
2026-10-03 00:23:57,287 INFO iter=439200 epoch=63 lr=4.40e-05 G=3.487 advA2B=0.595 advB2A=0.754 cycA=0.071 cycB=0.082 idtA=0.049 idtB=0.074 D_A=0.075 D_B=0.128 D_A(real)=0.85 D_A(fake)=0.15 gnG=37.16 gnD=15.44 it_per_s=9.43
2026-10-03 00:24:07,854 INFO iter=439300 epoch=63 lr=4.40e-05 G=3.489 advA2B=0.596 advB2A=0.754 cycA=0.071 cycB=0.082 idtA=0.049 idtB=0.074 D_A=0.075 D_B=0.128 D_A(real)=0.85 D_A(fake)=0.15 gnG=37.18 gnD=15.44 it_per_s=9.43
2026-10-03 00:24:18,380 INFO iter=439400 epoch=63 lr=4.39e-05 G=3.487 advA2B=0.595 advB2A=0.753 cycA=0.071 cycB=0.082 idtA=0.049 idtB=0.074 D_A=0.075 D_B=0.128 D_A(real)=0.85 D_A(fake)=0.15 gnG=37.12 gnD=15.43 it_per_s=9.43
2026-10-03 00:24:28,935 INFO iter=439500 epoch=63 lr=4.39e-05 G=3.488 advA2B=0.594 advB2A=0.753 cycA=0.071 cycB=0.082 idtA=0.050 idtB=0.074 D_A=0.075 D_B=0.128 D_A(real)=0.85 D_A(fake)=0.15 gnG=37.27 gnD=15.45 it_per_s=9.43
2026-10-03 00:24:39,509 INFO iter=439600 epoch=63 lr=4.38e-05 G=3.486 advA2B=0.594 advB2A=0.753 cycA=0.071 cycB=0.082 idtA=0.050 idtB=0.074 D_A=0.075 D_B=0.127 D_A(real)=0.85 D_A(fake)=0.15 gnG=37.19 gnD=15.42 it_per_s=9.43
2026-10-03 00:24:50,027 INFO iter=439700 epoch=63 lr=4.38e-05 G=3.486 advA2B=0.594 advB2A=0.753 cycA=0.071 cycB=0.082 idtA=0.050 idtB=0.073 D_A=0.075 D_B=0.128 D_A(real)=0.85 D_A(fake)=0.15 gnG=37.28 gnD=15.43 it_per_s=9.43
2026-10-03 00:25:00,578 INFO iter=439800 epoch=63 lr=4.38e-05 G=3.485 advA2B=0.595 advB2A=0.753 cycA=0.071 cycB=0.082 idtA=0.050 idtB=0.073 D_A=0.075 D_B=0.128 D_A(real)=0.85 D_A(fake)=0.15 gnG=37.27 gnD=15.44 it_per_s=9.44
2026-10-03 00:25:11,146 INFO iter=439900 epoch=63 lr=4.37e-05 G=3.483 advA2B=0.596 advB2A=0.751 cycA=0.071 cycB=0.082 idtA=0.050 idtB=0.073 D_A=0.076 D_B=0.128 D_A(real)=0.85 D_A(fake)=0.15 gnG=37.27 gnD=15.42 it_per_s=9.44
2026-10-03 00:25:21,744 INFO iter=440000 epoch=63 lr=4.37e-05 G=3.482 advA2B=0.596 advB2A=0.750 cycA=0.071 cycB=0.082 idtA=0.050 idtB=0.073 D_A=0.076 D_B=0.127 D_A(real)=0.85 D_A(fake)=0.15 gnG=37.33 gnD=15.42 it_per_s=9.44
2026-10-03 00:25:32,329 INFO iter=440100 epoch=63 lr=4.37e-05 G=3.482 advA2B=0.596 advB2A=0.751 cycA=0.071 cycB=0.081 idtA=0.050 idtB=0.073 D_A=0.076 D_B=0.127 D_A(real)=0.85 D_A(fake)=0.15 gnG=37.47 gnD=15.43 it_per_s=9.44
2026-10-03 00:25:42,826 INFO iter=440200 epoch=63 lr=4.36e-05 G=3.479 advA2B=0.594 advB2A=0.750 cycA=0.071 cycB=0.081 idtA=0.049 idtB=0.073 D_A=0.076 D_B=0.127 D_A(real)=0.85 D_A(fake)=0.15 gnG=37.42 gnD=15.43 it_per_s=9.44
2026-10-03 00:25:53,390 INFO iter=440300 epoch=63 lr=4.36e-05 G=3.479 advA2B=0.594 advB2A=0.750 cycA=0.071 cycB=0.081 idtA=0.050 idtB=0.073 D_A=0.076 D_B=0.127 D_A(real)=0.85 D_A(fake)=0.15 gnG=37.37 gnD=15.44 it_per_s=9.44
2026-10-03 00:26:03,960 INFO iter=440400 epoch=63 lr=4.36e-05 G=3.481 advA2B=0.594 advB2A=0.751 cycA=0.071 cycB=0.081 idtA=0.050 idtB=0.073 D_A=0.076 D_B=0.127 D_A(real)=0.85 D_A(fake)=0.15 gnG=37.34 gnD=15.44 it_per_s=9.44
2026-10-03 00:26:14,535 INFO iter=440500 epoch=63 lr=4.35e-05 G=3.479 advA2B=0.594 advB2A=0.751 cycA=0.071 cycB=0.081 idtA=0.050 idtB=0.073 D_A=0.076 D_B=0.128 D_A(real)=0.85 D_A(fake)=0.15 gnG=37.32 gnD=15.44 it_per_s=9.44
2026-10-03 00:26:25,182 INFO iter=440600 epoch=63 lr=4.35e-05 G=3.480 advA2B=0.593 advB2A=0.751 cycA=0.071 cycB=0.081 idtA=0.049 idtB=0.073 D_A=0.076 D_B=0.127 D_A(real)=0.85 D_A(fake)=0.15 gnG=37.31 gnD=15.43 it_per_s=9.44
2026-10-03 00:26:35,774 INFO iter=440700 epoch=63 lr=4.35e-05 G=3.482 advA2B=0.593 advB2A=0.752 cycA=0.071 cycB=0.081 idtA=0.050 idtB=0.073 D_A=0.076 D_B=0.127 D_A(real)=0.85 D_A(fake)=0.15 gnG=37.26 gnD=15.43 it_per_s=9.44
2026-10-03 00:26:46,347 INFO iter=440800 epoch=63 lr=4.34e-05 G=3.484 advA2B=0.594 advB2A=0.752 cycA=0.071 cycB=0.081 idtA=0.050 idtB=0.073 D_A=0.076 D_B=0.127 D_A(real)=0.85 D_A(fake)=0.15 gnG=37.29 gnD=15.46 it_per_s=9.44
2026-10-03 00:26:56,884 INFO iter=440900 epoch=63 lr=4.34e-05 G=3.484 advA2B=0.594 advB2A=0.753 cycA=0.071 cycB=0.081 idtA=0.049 idtB=0.073 D_A=0.076 D_B=0.127 D_A(real)=0.85 D_A(fake)=0.15 gnG=37.28 gnD=15.45 it_per_s=9.44
2026-10-03 00:27:07,451 INFO iter=441000 epoch=63 lr=4.34e-05 G=3.485 advA2B=0.594 advB2A=0.754 cycA=0.071 cycB=0.082 idtA=0.049 idtB=0.073 D_A=0.076 D_B=0.127 D_A(real)=0.85 D_A(fake)=0.15 gnG=37.31 gnD=15.44 it_per_s=9.44
2026-10-03 00:27:18,067 INFO iter=441100 epoch=63 lr=4.33e-05 G=3.485 advA2B=0.594 advB2A=0.755 cycA=0.071 cycB=0.082 idtA=0.049 idtB=0.073 D_A=0.076 D_B=0.127 D_A(real)=0.85 D_A(fake)=0.15 gnG=37.32 gnD=15.43 it_per_s=9.44
2026-10-03 00:27:28,720 INFO iter=441200 epoch=63 lr=4.33e-05 G=3.486 advA2B=0.594 advB2A=0.756 cycA=0.071 cycB=0.082 idtA=0.049 idtB=0.073 D_A=0.076 D_B=0.127 D_A(real)=0.85 D_A(fake)=0.15 gnG=37.35 gnD=15.42 it_per_s=9.44
2026-10-03 00:27:39,383 INFO iter=441300 epoch=63 lr=4.32e-05 G=3.487 advA2B=0.595 advB2A=0.755 cycA=0.071 cycB=0.081 idtA=0.049 idtB=0.073 D_A=0.075 D_B=0.127 D_A(real)=0.85 D_A(fake)=0.15 gnG=37.35 gnD=15.41 it_per_s=9.44
2026-10-03 00:27:50,010 INFO iter=441400 epoch=63 lr=4.32e-05 G=3.488 advA2B=0.595 advB2A=0.755 cycA=0.071 cycB=0.082 idtA=0.049 idtB=0.073 D_A=0.076 D_B=0.127 D_A(real)=0.85 D_A(fake)=0.15 gnG=37.35 gnD=15.42 it_per_s=9.44
2026-10-03 00:28:00,521 INFO iter=441500 epoch=63 lr=4.32e-05 G=3.488 advA2B=0.595 advB2A=0.754 cycA=0.071 cycB=0.082 idtA=0.049 idtB=0.073 D_A=0.075 D_B=0.127 D_A(real)=0.85 D_A(fake)=0.15 gnG=37.32 gnD=15.41 it_per_s=9.44
2026-10-03 00:28:11,099 INFO iter=441600 epoch=63 lr=4.31e-05 G=3.490 advA2B=0.595 advB2A=0.754 cycA=0.071 cycB=0.082 idtA=0.049 idtB=0.074 D_A=0.075 D_B=0.127 D_A(real)=0.85 D_A(fake)=0.15 gnG=37.32 gnD=15.40 it_per_s=9.44
2026-10-03 00:28:21,629 INFO iter=441700 epoch=63 lr=4.31e-05 G=3.492 advA2B=0.596 advB2A=0.755 cycA=0.071 cycB=0.082 idtA=0.050 idtB=0.074 D_A=0.075 D_B=0.127 D_A(real)=0.85 D_A(fake)=0.15 gnG=37.34 gnD=15.41 it_per_s=9.44
2026-10-03 00:28:32,190 INFO iter=441800 epoch=63 lr=4.31e-05 G=3.496 advA2B=0.598 advB2A=0.755 cycA=0.071 cycB=0.082 idtA=0.050 idtB=0.074 D_A=0.075 D_B=0.127 D_A(real)=0.85 D_A(fake)=0.15 gnG=37.41 gnD=15.42 it_per_s=9.44
2026-10-03 00:28:42,769 INFO iter=441900 epoch=63 lr=4.30e-05 G=3.496 advA2B=0.598 advB2A=0.755 cycA=0.071 cycB=0.082 idtA=0.050 idtB=0.074 D_A=0.075 D_B=0.127 D_A(real)=0.85 D_A(fake)=0.15 gnG=37.40 gnD=15.45 it_per_s=9.44
2026-10-03 00:28:53,317 INFO iter=442000 epoch=63 lr=4.30e-05 G=3.496 advA2B=0.598 advB2A=0.755 cycA=0.071 cycB=0.082 idtA=0.050 idtB=0.074 D_A=0.075 D_B=0.127 D_A(real)=0.85 D_A(fake)=0.15 gnG=37.45 gnD=15.47 it_per_s=9.44
2026-10-03 00:29:03,859 INFO iter=442100 epoch=63 lr=4.30e-05 G=3.498 advA2B=0.599 advB2A=0.755 cycA=0.071 cycB=0.082 idtA=0.050 idtB=0.074 D_A=0.075 D_B=0.127 D_A(real)=0.85 D_A(fake)=0.15 gnG=37.49 gnD=15.46 it_per_s=9.44
2026-10-03 00:29:14,385 INFO iter=442200 epoch=63 lr=4.29e-05 G=3.500 advA2B=0.599 advB2A=0.755 cycA=0.071 cycB=0.082 idtA=0.050 idtB=0.074 D_A=0.075 D_B=0.127 D_A(real)=0.85 D_A(fake)=0.15 gnG=37.44 gnD=15.46 it_per_s=9.44
2026-10-03 00:29:24,971 INFO iter=442300 epoch=63 lr=4.29e-05 G=3.499 advA2B=0.598 advB2A=0.755 cycA=0.071 cycB=0.082 idtA=0.050 idtB=0.074 D_A=0.075 D_B=0.127 D_A(real)=0.85 D_A(fake)=0.15 gnG=37.38 gnD=15.46 it_per_s=9.44
2026-10-03 00:29:35,570 INFO iter=442400 epoch=63 lr=4.29e-05 G=3.498 advA2B=0.598 advB2A=0.756 cycA=0.071 cycB=0.082 idtA=0.050 idtB=0.074 D_A=0.075 D_B=0.127 D_A(real)=0.85 D_A(fake)=0.15 gnG=37.44 gnD=15.46 it_per_s=9.44
2026-10-03 00:29:46,140 INFO iter=442500 epoch=63 lr=4.28e-05 G=3.500 advA2B=0.597 advB2A=0.757 cycA=0.071 cycB=0.082 idtA=0.050 idtB=0.074 D_A=0.075 D_B=0.127 D_A(real)=0.85 D_A(fake)=0.15 gnG=37.47 gnD=15.45 it_per_s=9.44
2026-10-03 00:29:56,752 INFO iter=442600 epoch=63 lr=4.28e-05 G=3.499 advA2B=0.597 advB2A=0.757 cycA=0.071 cycB=0.082 idtA=0.050 idtB=0.074 D_A=0.075 D_B=0.126 D_A(real)=0.85 D_A(fake)=0.15 gnG=37.41 gnD=15.43 it_per_s=9.44
2026-10-03 00:30:07,316 INFO iter=442700 epoch=63 lr=4.27e-05 G=3.496 advA2B=0.596 advB2A=0.756 cycA=0.071 cycB=0.082 idtA=0.050 idtB=0.074 D_A=0.075 D_B=0.127 D_A(real)=0.85 D_A(fake)=0.15 gnG=37.39 gnD=15.43 it_per_s=9.44
2026-10-03 00:30:17,814 INFO iter=442800 epoch=63 lr=4.27e-05 G=3.494 advA2B=0.595 advB2A=0.756 cycA=0.071 cycB=0.082 idtA=0.050 idtB=0.074 D_A=0.075 D_B=0.127 D_A(real)=0.85 D_A(fake)=0.15 gnG=37.38 gnD=15.43 it_per_s=9.45
2026-10-03 00:30:28,412 INFO iter=442900 epoch=63 lr=4.27e-05 G=3.492 advA2B=0.594 advB2A=0.756 cycA=0.071 cycB=0.081 idtA=0.050 idtB=0.074 D_A=0.075 D_B=0.127 D_A(real)=0.85 D_A(fake)=0.15 gnG=37.31 gnD=15.43 it_per_s=9.45
2026-10-03 00:30:38,948 INFO iter=443000 epoch=63 lr=4.26e-05 G=3.492 advA2B=0.595 advB2A=0.756 cycA=0.071 cycB=0.081 idtA=0.050 idtB=0.074 D_A=0.074 D_B=0.127 D_A(real)=0.85 D_A(fake)=0.15 gnG=37.42 gnD=15.42 it_per_s=9.45
2026-10-03 00:30:49,472 INFO iter=443100 epoch=63 lr=4.26e-05 G=3.492 advA2B=0.595 advB2A=0.756 cycA=0.071 cycB=0.081 idtA=0.050 idtB=0.074 D_A=0.074 D_B=0.127 D_A(real)=0.85 D_A(fake)=0.15 gnG=37.39 gnD=15.43 it_per_s=9.45
2026-10-03 00:31:00,007 INFO iter=443200 epoch=63 lr=4.26e-05 G=3.491 advA2B=0.594 advB2A=0.756 cycA=0.071 cycB=0.081 idtA=0.049 idtB=0.074 D_A=0.075 D_B=0.127 D_A(real)=0.85 D_A(fake)=0.15 gnG=37.38 gnD=15.43 it_per_s=9.45
2026-10-03 00:31:10,580 INFO iter=443300 epoch=63 lr=4.25e-05 G=3.491 advA2B=0.594 advB2A=0.757 cycA=0.071 cycB=0.081 idtA=0.049 idtB=0.074 D_A=0.075 D_B=0.127 D_A(real)=0.85 D_A(fake)=0.15 gnG=37.41 gnD=15.43 it_per_s=9.45
2026-10-03 00:31:20,492 INFO epoch=63 done time_s=745 it_per_s=9.45 G=3.491 cycA=0.071 cycB=0.081 idtA=0.049 idtB=0.074 D_A=0.075 D_B=0.127 D_A(real)=0.85 D_A(fake)=0.15 nan_count=0
2026-10-03 00:31:21,782 INFO iter=443400 epoch=64 lr=4.25e-05 G=3.396 advA2B=0.513 advB2A=0.719 cycA=0.068 cycB=0.088 idtA=0.046 idtB=0.076 D_A=0.038 D_B=0.121 D_A(real)=0.91 D_A(fake)=0.10 gnG=32.63 gnD=12.73 it_per_s=9.04
2026-10-03 00:31:32,341 INFO iter=443500 epoch=64 lr=4.25e-05 G=3.376 advA2B=0.565 advB2A=0.739 cycA=0.069 cycB=0.079 idtA=0.048 idtB=0.071 D_A=0.067 D_B=0.132 D_A(real)=0.88 D_A(fake)=0.12 gnG=36.35 gnD=15.00 it_per_s=9.45
2026-10-03 00:31:42,967 INFO iter=443600 epoch=64 lr=4.24e-05 G=3.390 advA2B=0.564 advB2A=0.745 cycA=0.071 cycB=0.078 idtA=0.049 idtB=0.069 D_A=0.072 D_B=0.133 D_A(real)=0.87 D_A(fake)=0.13 gnG=36.86 gnD=15.43 it_per_s=9.43
2026-10-03 00:31:53,545 INFO iter=443700 epoch=64 lr=4.24e-05 G=3.405 advA2B=0.564 advB2A=0.747 cycA=0.070 cycB=0.079 idtA=0.050 idtB=0.070 D_A=0.073 D_B=0.129 D_A(real)=0.86 D_A(fake)=0.14 gnG=36.82 gnD=15.40 it_per_s=9.44
2026-10-03 00:32:04,113 INFO iter=443800 epoch=64 lr=4.24e-05 G=3.484 advA2B=0.585 advB2A=0.770 cycA=0.071 cycB=0.081 idtA=0.050 idtB=0.073 D_A=0.074 D_B=0.124 D_A(real)=0.86 D_A(fake)=0.14 gnG=36.99 gnD=15.33 it_per_s=9.44
2026-10-03 00:32:14,691 INFO iter=443900 epoch=64 lr=4.23e-05 G=3.474 advA2B=0.583 advB2A=0.768 cycA=0.071 cycB=0.080 idtA=0.050 idtB=0.073 D_A=0.075 D_B=0.123 D_A(real)=0.86 D_A(fake)=0.14 gnG=36.76 gnD=15.54 it_per_s=9.45
2026-10-03 00:32:25,204 INFO iter=444000 epoch=64 lr=4.23e-05 G=3.453 advA2B=0.580 advB2A=0.757 cycA=0.071 cycB=0.080 idtA=0.049 idtB=0.073 D_A=0.074 D_B=0.124 D_A(real)=0.86 D_A(fake)=0.14 gnG=36.76 gnD=15.61 it_per_s=9.46
2026-10-03 00:32:35,893 INFO iter=444100 epoch=64 lr=4.22e-05 G=3.451 advA2B=0.579 advB2A=0.751 cycA=0.071 cycB=0.080 idtA=0.049 idtB=0.073 D_A=0.075 D_B=0.125 D_A(real)=0.86 D_A(fake)=0.14 gnG=36.52 gnD=15.59 it_per_s=9.44
2026-10-03 00:32:46,510 INFO iter=444200 epoch=64 lr=4.22e-05 G=3.449 advA2B=0.585 advB2A=0.747 cycA=0.071 cycB=0.080 idtA=0.049 idtB=0.072 D_A=0.076 D_B=0.125 D_A(real)=0.85 D_A(fake)=0.15 gnG=36.78 gnD=15.80 it_per_s=9.44
2026-10-03 00:32:57,080 INFO iter=444300 epoch=64 lr=4.22e-05 G=3.450 advA2B=0.583 advB2A=0.752 cycA=0.071 cycB=0.080 idtA=0.050 idtB=0.072 D_A=0.076 D_B=0.126 D_A(real)=0.86 D_A(fake)=0.14 gnG=36.87 gnD=15.73 it_per_s=9.44
2026-10-03 00:33:07,667 INFO iter=444400 epoch=64 lr=4.21e-05 G=3.452 advA2B=0.584 advB2A=0.756 cycA=0.071 cycB=0.080 idtA=0.049 idtB=0.072 D_A=0.076 D_B=0.125 D_A(real)=0.86 D_A(fake)=0.14 gnG=37.18 gnD=15.66 it_per_s=9.44
2026-10-03 00:33:18,175 INFO iter=444500 epoch=64 lr=4.21e-05 G=3.466 advA2B=0.587 advB2A=0.763 cycA=0.071 cycB=0.080 idtA=0.050 idtB=0.072 D_A=0.076 D_B=0.124 D_A(real)=0.85 D_A(fake)=0.15 gnG=37.44 gnD=15.70 it_per_s=9.45
2026-10-03 00:33:28,790 INFO iter=444600 epoch=64 lr=4.21e-05 G=3.467 advA2B=0.590 advB2A=0.760 cycA=0.071 cycB=0.080 idtA=0.050 idtB=0.072 D_A=0.076 D_B=0.123 D_A(real)=0.86 D_A(fake)=0.15 gnG=37.42 gnD=15.60 it_per_s=9.45
2026-10-03 00:33:39,303 INFO iter=444700 epoch=64 lr=4.20e-05 G=3.466 advA2B=0.591 advB2A=0.763 cycA=0.070 cycB=0.080 idtA=0.049 idtB=0.072 D_A=0.075 D_B=0.124 D_A(real)=0.86 D_A(fake)=0.14 gnG=37.33 gnD=15.60 it_per_s=9.45
2026-10-03 00:33:49,854 INFO iter=444800 epoch=64 lr=4.20e-05 G=3.474 advA2B=0.590 advB2A=0.767 cycA=0.070 cycB=0.080 idtA=0.049 idtB=0.072 D_A=0.074 D_B=0.123 D_A(real)=0.86 D_A(fake)=0.14 gnG=37.70 gnD=15.60 it_per_s=9.45
2026-10-03 00:34:00,415 INFO iter=444900 epoch=64 lr=4.20e-05 G=3.478 advA2B=0.591 advB2A=0.764 cycA=0.071 cycB=0.081 idtA=0.049 idtB=0.073 D_A=0.075 D_B=0.124 D_A(real)=0.86 D_A(fake)=0.15 gnG=37.58 gnD=15.68 it_per_s=9.45
2026-10-03 00:34:11,044 INFO iter=445000 epoch=64 lr=4.19e-05 G=3.487 advA2B=0.591 advB2A=0.765 cycA=0.071 cycB=0.081 idtA=0.049 idtB=0.073 D_A=0.075 D_B=0.125 D_A(real)=0.85 D_A(fake)=0.15 gnG=37.49 gnD=15.62 it_per_s=9.45
2026-10-03 00:34:21,598 INFO iter=445100 epoch=64 lr=4.19e-05 G=3.488 advA2B=0.591 advB2A=0.766 cycA=0.071 cycB=0.081 idtA=0.049 idtB=0.073 D_A=0.074 D_B=0.126 D_A(real)=0.85 D_A(fake)=0.15 gnG=37.94 gnD=15.61 it_per_s=9.45
2026-10-03 00:34:32,160 INFO iter=445200 epoch=64 lr=4.19e-05 G=3.491 advA2B=0.594 advB2A=0.764 cycA=0.071 cycB=0.081 idtA=0.049 idtB=0.074 D_A=0.074 D_B=0.126 D_A(real)=0.85 D_A(fake)=0.15 gnG=38.21 gnD=15.62 it_per_s=9.45
2026-10-03 00:34:42,690 INFO iter=445300 epoch=64 lr=4.18e-05 G=3.490 advA2B=0.594 advB2A=0.764 cycA=0.071 cycB=0.081 idtA=0.049 idtB=0.074 D_A=0.073 D_B=0.126 D_A(real)=0.86 D_A(fake)=0.14 gnG=38.10 gnD=15.61 it_per_s=9.46
2026-10-03 00:34:53,294 INFO iter=445400 epoch=64 lr=4.18e-05 G=3.491 advA2B=0.593 advB2A=0.763 cycA=0.071 cycB=0.081 idtA=0.049 idtB=0.074 D_A=0.073 D_B=0.126 D_A(real)=0.86 D_A(fake)=0.14 gnG=38.29 gnD=15.65 it_per_s=9.45
2026-10-03 00:35:03,839 INFO iter=445500 epoch=64 lr=4.18e-05 G=3.493 advA2B=0.594 advB2A=0.764 cycA=0.071 cycB=0.081 idtA=0.049 idtB=0.074 D_A=0.073 D_B=0.126 D_A(real)=0.86 D_A(fake)=0.14 gnG=38.28 gnD=15.61 it_per_s=9.46
2026-10-03 00:35:14,358 INFO iter=445600 epoch=64 lr=4.17e-05 G=3.494 advA2B=0.593 advB2A=0.764 cycA=0.071 cycB=0.081 idtA=0.049 idtB=0.074 D_A=0.073 D_B=0.126 D_A(real)=0.86 D_A(fake)=0.14 gnG=38.32 gnD=15.63 it_per_s=9.46
2026-10-03 00:35:24,900 INFO iter=445700 epoch=64 lr=4.17e-05 G=3.493 advA2B=0.591 advB2A=0.764 cycA=0.071 cycB=0.081 idtA=0.049 idtB=0.074 D_A=0.073 D_B=0.125 D_A(real)=0.86 D_A(fake)=0.14 gnG=38.34 gnD=15.63 it_per_s=9.46
2026-10-03 00:35:35,483 INFO iter=445800 epoch=64 lr=4.16e-05 G=3.493 advA2B=0.591 advB2A=0.765 cycA=0.071 cycB=0.081 idtA=0.049 idtB=0.074 D_A=0.073 D_B=0.125 D_A(real)=0.86 D_A(fake)=0.14 gnG=38.39 gnD=15.60 it_per_s=9.46
2026-10-03 00:35:46,062 INFO iter=445900 epoch=64 lr=4.16e-05 G=3.495 advA2B=0.592 advB2A=0.765 cycA=0.071 cycB=0.081 idtA=0.049 idtB=0.074 D_A=0.073 D_B=0.125 D_A(real)=0.86 D_A(fake)=0.14 gnG=38.42 gnD=15.60 it_per_s=9.46
2026-10-03 00:35:56,595 INFO iter=446000 epoch=64 lr=4.16e-05 G=3.495 advA2B=0.592 advB2A=0.766 cycA=0.071 cycB=0.081 idtA=0.049 idtB=0.074 D_A=0.074 D_B=0.124 D_A(real)=0.86 D_A(fake)=0.14 gnG=38.33 gnD=15.60 it_per_s=9.46
2026-10-03 00:36:07,183 INFO iter=446100 epoch=64 lr=4.15e-05 G=3.496 advA2B=0.594 advB2A=0.766 cycA=0.071 cycB=0.081 idtA=0.049 idtB=0.074 D_A=0.073 D_B=0.124 D_A(real)=0.86 D_A(fake)=0.14 gnG=38.38 gnD=15.56 it_per_s=9.46
2026-10-03 00:36:17,704 INFO iter=446200 epoch=64 lr=4.15e-05 G=3.499 advA2B=0.593 advB2A=0.770 cycA=0.071 cycB=0.081 idtA=0.049 idtB=0.074 D_A=0.074 D_B=0.124 D_A(real)=0.86 D_A(fake)=0.14 gnG=38.36 gnD=15.58 it_per_s=9.46
2026-10-03 00:36:28,263 INFO iter=446300 epoch=64 lr=4.15e-05 G=3.497 advA2B=0.592 advB2A=0.771 cycA=0.071 cycB=0.081 idtA=0.049 idtB=0.074 D_A=0.074 D_B=0.125 D_A(real)=0.86 D_A(fake)=0.14 gnG=38.42 gnD=15.61 it_per_s=9.46
2026-10-03 00:36:38,814 INFO iter=446400 epoch=64 lr=4.14e-05 G=3.500 advA2B=0.592 advB2A=0.770 cycA=0.071 cycB=0.081 idtA=0.049 idtB=0.074 D_A=0.073 D_B=0.125 D_A(real)=0.86 D_A(fake)=0.14 gnG=38.39 gnD=15.61 it_per_s=9.46
2026-10-03 00:36:49,435 INFO iter=446500 epoch=64 lr=4.14e-05 G=3.500 advA2B=0.592 advB2A=0.771 cycA=0.071 cycB=0.081 idtA=0.049 idtB=0.074 D_A=0.074 D_B=0.125 D_A(real)=0.86 D_A(fake)=0.14 gnG=38.26 gnD=15.62 it_per_s=9.46
2026-10-03 00:37:00,009 INFO iter=446600 epoch=64 lr=4.14e-05 G=3.499 advA2B=0.591 advB2A=0.769 cycA=0.071 cycB=0.081 idtA=0.049 idtB=0.074 D_A=0.074 D_B=0.125 D_A(real)=0.86 D_A(fake)=0.14 gnG=38.16 gnD=15.61 it_per_s=9.46
2026-10-03 00:37:10,634 INFO iter=446700 epoch=64 lr=4.13e-05 G=3.500 advA2B=0.592 advB2A=0.769 cycA=0.071 cycB=0.081 idtA=0.049 idtB=0.074 D_A=0.074 D_B=0.125 D_A(real)=0.86 D_A(fake)=0.14 gnG=38.19 gnD=15.63 it_per_s=9.46
2026-10-03 00:37:21,325 INFO iter=446800 epoch=64 lr=4.13e-05 G=3.497 advA2B=0.593 advB2A=0.769 cycA=0.071 cycB=0.081 idtA=0.049 idtB=0.074 D_A=0.074 D_B=0.125 D_A(real)=0.86 D_A(fake)=0.14 gnG=38.26 gnD=15.65 it_per_s=9.46
2026-10-03 00:37:31,906 INFO iter=446900 epoch=64 lr=4.13e-05 G=3.496 advA2B=0.592 advB2A=0.769 cycA=0.071 cycB=0.081 idtA=0.049 idtB=0.074 D_A=0.074 D_B=0.126 D_A(real)=0.85 D_A(fake)=0.15 gnG=38.23 gnD=15.67 it_per_s=9.46
2026-10-03 00:37:42,466 INFO iter=447000 epoch=64 lr=4.12e-05 G=3.494 advA2B=0.592 advB2A=0.768 cycA=0.071 cycB=0.081 idtA=0.049 idtB=0.074 D_A=0.074 D_B=0.125 D_A(real)=0.85 D_A(fake)=0.15 gnG=38.26 gnD=15.69 it_per_s=9.46
2026-10-03 00:37:52,996 INFO iter=447100 epoch=64 lr=4.12e-05 G=3.493 advA2B=0.592 advB2A=0.767 cycA=0.071 cycB=0.081 idtA=0.049 idtB=0.074 D_A=0.074 D_B=0.126 D_A(real)=0.85 D_A(fake)=0.15 gnG=38.17 gnD=15.69 it_per_s=9.46
2026-10-03 00:38:03,562 INFO iter=447200 epoch=64 lr=4.11e-05 G=3.492 advA2B=0.593 advB2A=0.766 cycA=0.071 cycB=0.081 idtA=0.049 idtB=0.074 D_A=0.074 D_B=0.125 D_A(real)=0.85 D_A(fake)=0.15 gnG=38.15 gnD=15.68 it_per_s=9.46
2026-10-03 00:38:14,136 INFO iter=447300 epoch=64 lr=4.11e-05 G=3.493 advA2B=0.593 advB2A=0.766 cycA=0.071 cycB=0.081 idtA=0.049 idtB=0.074 D_A=0.074 D_B=0.126 D_A(real)=0.85 D_A(fake)=0.15 gnG=38.11 gnD=15.67 it_per_s=9.46
2026-10-03 00:38:24,695 INFO iter=447400 epoch=64 lr=4.11e-05 G=3.495 advA2B=0.594 advB2A=0.768 cycA=0.071 cycB=0.081 idtA=0.049 idtB=0.074 D_A=0.074 D_B=0.126 D_A(real)=0.85 D_A(fake)=0.15 gnG=38.11 gnD=15.67 it_per_s=9.46
2026-10-03 00:38:35,234 INFO iter=447500 epoch=64 lr=4.10e-05 G=3.495 advA2B=0.594 advB2A=0.768 cycA=0.071 cycB=0.081 idtA=0.049 idtB=0.074 D_A=0.074 D_B=0.126 D_A(real)=0.85 D_A(fake)=0.15 gnG=38.11 gnD=15.67 it_per_s=9.46
2026-10-03 00:38:45,805 INFO iter=447600 epoch=64 lr=4.10e-05 G=3.494 advA2B=0.595 advB2A=0.765 cycA=0.071 cycB=0.081 idtA=0.049 idtB=0.074 D_A=0.074 D_B=0.126 D_A(real)=0.85 D_A(fake)=0.15 gnG=38.18 gnD=15.68 it_per_s=9.46
2026-10-03 00:38:56,354 INFO iter=447700 epoch=64 lr=4.10e-05 G=3.495 advA2B=0.596 advB2A=0.766 cycA=0.071 cycB=0.081 idtA=0.049 idtB=0.074 D_A=0.074 D_B=0.126 D_A(real)=0.85 D_A(fake)=0.15 gnG=38.24 gnD=15.70 it_per_s=9.46
2026-10-03 00:39:06,916 INFO iter=447800 epoch=64 lr=4.09e-05 G=3.494 advA2B=0.595 advB2A=0.765 cycA=0.071 cycB=0.081 idtA=0.049 idtB=0.074 D_A=0.074 D_B=0.126 D_A(real)=0.85 D_A(fake)=0.15 gnG=38.19 gnD=15.71 it_per_s=9.46
2026-10-03 00:39:17,495 INFO iter=447900 epoch=64 lr=4.09e-05 G=3.494 advA2B=0.595 advB2A=0.766 cycA=0.071 cycB=0.081 idtA=0.049 idtB=0.074 D_A=0.074 D_B=0.126 D_A(real)=0.85 D_A(fake)=0.15 gnG=38.20 gnD=15.72 it_per_s=9.46
2026-10-03 00:39:27,985 INFO iter=448000 epoch=64 lr=4.09e-05 G=3.493 advA2B=0.593 advB2A=0.765 cycA=0.071 cycB=0.081 idtA=0.049 idtB=0.074 D_A=0.074 D_B=0.126 D_A(real)=0.85 D_A(fake)=0.15 gnG=38.12 gnD=15.71 it_per_s=9.46
2026-10-03 00:39:38,527 INFO iter=448100 epoch=64 lr=4.08e-05 G=3.492 advA2B=0.593 advB2A=0.765 cycA=0.071 cycB=0.081 idtA=0.049 idtB=0.074 D_A=0.074 D_B=0.126 D_A(real)=0.85 D_A(fake)=0.15 gnG=38.14 gnD=15.70 it_per_s=9.46
2026-10-03 00:39:49,049 INFO iter=448200 epoch=64 lr=4.08e-05 G=3.495 advA2B=0.594 advB2A=0.764 cycA=0.071 cycB=0.081 idtA=0.049 idtB=0.074 D_A=0.074 D_B=0.126 D_A(real)=0.85 D_A(fake)=0.15 gnG=38.19 gnD=15.68 it_per_s=9.46
2026-10-03 00:39:59,619 INFO iter=448300 epoch=64 lr=4.08e-05 G=3.495 advA2B=0.594 advB2A=0.764 cycA=0.071 cycB=0.081 idtA=0.049 idtB=0.074 D_A=0.074 D_B=0.126 D_A(real)=0.85 D_A(fake)=0.15 gnG=38.16 gnD=15.68 it_per_s=9.46
2026-10-03 00:40:10,188 INFO iter=448400 epoch=64 lr=4.07e-05 G=3.496 advA2B=0.595 advB2A=0.765 cycA=0.071 cycB=0.081 idtA=0.049 idtB=0.074 D_A=0.074 D_B=0.126 D_A(real)=0.85 D_A(fake)=0.15 gnG=38.18 gnD=15.70 it_per_s=9.46
2026-10-03 00:40:20,751 INFO iter=448500 epoch=64 lr=4.07e-05 G=3.495 advA2B=0.594 advB2A=0.766 cycA=0.071 cycB=0.081 idtA=0.049 idtB=0.074 D_A=0.074 D_B=0.126 D_A(real)=0.85 D_A(fake)=0.14 gnG=38.14 gnD=15.69 it_per_s=9.46
2026-10-03 00:40:31,307 INFO iter=448600 epoch=64 lr=4.07e-05 G=3.494 advA2B=0.595 advB2A=0.765 cycA=0.071 cycB=0.081 idtA=0.049 idtB=0.074 D_A=0.074 D_B=0.126 D_A(real)=0.85 D_A(fake)=0.15 gnG=38.22 gnD=15.69 it_per_s=9.46
2026-10-03 00:40:41,832 INFO iter=448700 epoch=64 lr=4.06e-05 G=3.493 advA2B=0.595 advB2A=0.765 cycA=0.071 cycB=0.081 idtA=0.049 idtB=0.074 D_A=0.074 D_B=0.126 D_A(real)=0.86 D_A(fake)=0.14 gnG=38.16 gnD=15.69 it_per_s=9.46
2026-10-03 00:40:52,369 INFO iter=448800 epoch=64 lr=4.06e-05 G=3.493 advA2B=0.595 advB2A=0.765 cycA=0.071 cycB=0.081 idtA=0.049 idtB=0.074 D_A=0.074 D_B=0.126 D_A(real)=0.86 D_A(fake)=0.14 gnG=38.12 gnD=15.68 it_per_s=9.46
2026-10-03 00:41:02,920 INFO iter=448900 epoch=64 lr=4.05e-05 G=3.493 advA2B=0.595 advB2A=0.765 cycA=0.071 cycB=0.081 idtA=0.049 idtB=0.074 D_A=0.074 D_B=0.126 D_A(real)=0.86 D_A(fake)=0.14 gnG=38.26 gnD=15.68 it_per_s=9.46
2026-10-03 00:41:13,481 INFO iter=449000 epoch=64 lr=4.05e-05 G=3.492 advA2B=0.595 advB2A=0.763 cycA=0.071 cycB=0.081 idtA=0.049 idtB=0.074 D_A=0.073 D_B=0.126 D_A(real)=0.86 D_A(fake)=0.14 gnG=38.32 gnD=15.69 it_per_s=9.46
2026-10-03 00:41:24,019 INFO iter=449100 epoch=64 lr=4.05e-05 G=3.491 advA2B=0.595 advB2A=0.763 cycA=0.071 cycB=0.081 idtA=0.049 idtB=0.073 D_A=0.073 D_B=0.126 D_A(real)=0.86 D_A(fake)=0.14 gnG=38.29 gnD=15.68 it_per_s=9.46
2026-10-03 00:41:34,551 INFO iter=449200 epoch=64 lr=4.04e-05 G=3.491 advA2B=0.595 advB2A=0.763 cycA=0.071 cycB=0.081 idtA=0.049 idtB=0.073 D_A=0.074 D_B=0.126 D_A(real)=0.86 D_A(fake)=0.14 gnG=38.25 gnD=15.68 it_per_s=9.46
2026-10-03 00:41:45,120 INFO iter=449300 epoch=64 lr=4.04e-05 G=3.492 advA2B=0.595 advB2A=0.763 cycA=0.071 cycB=0.081 idtA=0.049 idtB=0.074 D_A=0.074 D_B=0.126 D_A(real)=0.86 D_A(fake)=0.14 gnG=38.23 gnD=15.68 it_per_s=9.46
2026-10-03 00:41:55,669 INFO iter=449400 epoch=64 lr=4.04e-05 G=3.491 advA2B=0.595 advB2A=0.763 cycA=0.071 cycB=0.081 idtA=0.049 idtB=0.074 D_A=0.074 D_B=0.126 D_A(real)=0.86 D_A(fake)=0.14 gnG=38.24 gnD=15.69 it_per_s=9.46
2026-10-03 00:42:06,229 INFO iter=449500 epoch=64 lr=4.03e-05 G=3.489 advA2B=0.595 advB2A=0.762 cycA=0.071 cycB=0.081 idtA=0.049 idtB=0.073 D_A=0.074 D_B=0.126 D_A(real)=0.86 D_A(fake)=0.14 gnG=38.23 gnD=15.70 it_per_s=9.46
2026-10-03 00:42:16,882 INFO iter=449600 epoch=64 lr=4.03e-05 G=3.487 advA2B=0.594 advB2A=0.762 cycA=0.071 cycB=0.081 idtA=0.049 idtB=0.073 D_A=0.074 D_B=0.126 D_A(real)=0.86 D_A(fake)=0.14 gnG=38.24 gnD=15.70 it_per_s=9.46
2026-10-03 00:42:27,517 INFO iter=449700 epoch=64 lr=4.03e-05 G=3.487 advA2B=0.594 advB2A=0.763 cycA=0.071 cycB=0.081 idtA=0.049 idtB=0.073 D_A=0.074 D_B=0.126 D_A(real)=0.86 D_A(fake)=0.14 gnG=38.26 gnD=15.71 it_per_s=9.46
2026-10-03 00:42:38,039 INFO iter=449800 epoch=64 lr=4.02e-05 G=3.487 advA2B=0.594 advB2A=0.762 cycA=0.071 cycB=0.081 idtA=0.049 idtB=0.073 D_A=0.074 D_B=0.126 D_A(real)=0.86 D_A(fake)=0.14 gnG=38.27 gnD=15.72 it_per_s=9.46
2026-10-03 00:42:48,613 INFO iter=449900 epoch=64 lr=4.02e-05 G=3.488 advA2B=0.595 advB2A=0.762 cycA=0.071 cycB=0.081 idtA=0.049 idtB=0.073 D_A=0.074 D_B=0.126 D_A(real)=0.86 D_A(fake)=0.14 gnG=38.22 gnD=15.73 it_per_s=9.46
2026-10-03 00:42:59,142 INFO iter=450000 epoch=64 lr=4.02e-05 G=3.488 advA2B=0.595 advB2A=0.763 cycA=0.071 cycB=0.081 idtA=0.049 idtB=0.073 D_A=0.074 D_B=0.126 D_A(real)=0.85 D_A(fake)=0.15 gnG=38.21 gnD=15.73 it_per_s=9.46
2026-10-03 00:43:09,805 INFO iter=450100 epoch=64 lr=4.01e-05 G=3.489 advA2B=0.596 advB2A=0.763 cycA=0.071 cycB=0.081 idtA=0.049 idtB=0.073 D_A=0.074 D_B=0.126 D_A(real)=0.85 D_A(fake)=0.15 gnG=38.25 gnD=15.73 it_per_s=9.46
2026-10-03 00:43:20,348 INFO iter=450200 epoch=64 lr=4.01e-05 G=3.489 advA2B=0.596 advB2A=0.763 cycA=0.071 cycB=0.081 idtA=0.049 idtB=0.073 D_A=0.074 D_B=0.126 D_A(real)=0.85 D_A(fake)=0.15 gnG=38.26 gnD=15.74 it_per_s=9.46
2026-10-03 00:43:30,900 INFO iter=450300 epoch=64 lr=4.00e-05 G=3.490 advA2B=0.597 advB2A=0.763 cycA=0.071 cycB=0.081 idtA=0.049 idtB=0.073 D_A=0.074 D_B=0.126 D_A(real)=0.85 D_A(fake)=0.15 gnG=38.29 gnD=15.75 it_per_s=9.46
2026-10-03 00:43:41,428 INFO iter=450400 epoch=64 lr=4.00e-05 G=3.488 advA2B=0.596 advB2A=0.762 cycA=0.071 cycB=0.081 idtA=0.049 idtB=0.073 D_A=0.074 D_B=0.126 D_A(real)=0.85 D_A(fake)=0.15 gnG=38.29 gnD=15.75 it_per_s=9.46
2026-10-03 00:43:44,775 INFO epoch=64 done time_s=744 it_per_s=9.46 G=3.489 cycA=0.071 cycB=0.081 idtA=0.049 idtB=0.073 D_A=0.074 D_B=0.126 D_A(real)=0.85 D_A(fake)=0.15 nan_count=0
2026-10-03 00:43:52,627 INFO iter=450500 epoch=65 lr=4.00e-05 G=3.528 advA2B=0.630 advB2A=0.753 cycA=0.072 cycB=0.082 idtA=0.050 idtB=0.070 D_A=0.069 D_B=0.125 D_A(real)=0.87 D_A(fake)=0.15 gnG=36.25 gnD=15.86 it_per_s=9.42
2026-10-03 00:44:03,133 INFO iter=450600 epoch=65 lr=3.99e-05 G=3.508 advA2B=0.628 advB2A=0.747 cycA=0.071 cycB=0.081 idtA=0.049 idtB=0.072 D_A=0.075 D_B=0.120 D_A(real)=0.85 D_A(fake)=0.15 gnG=36.93 gnD=15.96 it_per_s=9.48
2026-10-03 00:44:13,738 INFO iter=450700 epoch=65 lr=3.99e-05 G=3.541 advA2B=0.621 advB2A=0.777 cycA=0.073 cycB=0.080 idtA=0.051 idtB=0.071 D_A=0.074 D_B=0.121 D_A(real)=0.86 D_A(fake)=0.15 gnG=36.85 gnD=15.96 it_per_s=9.46
2026-10-03 00:44:24,309 INFO iter=450800 epoch=65 lr=3.99e-05 G=3.500 advA2B=0.614 advB2A=0.769 cycA=0.073 cycB=0.079 idtA=0.051 idtB=0.070 D_A=0.073 D_B=0.122 D_A(real)=0.86 D_A(fake)=0.14 gnG=37.37 gnD=15.72 it_per_s=9.46
2026-10-03 00:44:34,814 INFO iter=450900 epoch=65 lr=3.98e-05 G=3.496 advA2B=0.610 advB2A=0.759 cycA=0.072 cycB=0.079 idtA=0.051 idtB=0.071 D_A=0.070 D_B=0.122 D_A(real)=0.86 D_A(fake)=0.14 gnG=38.26 gnD=15.51 it_per_s=9.47
2026-10-03 00:44:45,349 INFO iter=451000 epoch=65 lr=3.98e-05 G=3.486 advA2B=0.603 advB2A=0.768 cycA=0.071 cycB=0.079 idtA=0.050 idtB=0.071 D_A=0.070 D_B=0.124 D_A(real)=0.86 D_A(fake)=0.14 gnG=38.31 gnD=15.58 it_per_s=9.48
2026-10-03 00:44:55,921 INFO iter=451100 epoch=65 lr=3.98e-05 G=3.496 advA2B=0.600 advB2A=0.777 cycA=0.071 cycB=0.080 idtA=0.050 idtB=0.072 D_A=0.069 D_B=0.124 D_A(real)=0.87 D_A(fake)=0.14 gnG=37.86 gnD=15.53 it_per_s=9.47
2026-10-03 00:45:06,495 INFO iter=451200 epoch=65 lr=3.97e-05 G=3.486 advA2B=0.599 advB2A=0.775 cycA=0.071 cycB=0.080 idtA=0.050 idtB=0.071 D_A=0.070 D_B=0.125 D_A(real)=0.86 D_A(fake)=0.14 gnG=37.47 gnD=15.59 it_per_s=9.47
2026-10-03 00:45:17,079 INFO iter=451300 epoch=65 lr=3.97e-05 G=3.491 advA2B=0.601 advB2A=0.776 cycA=0.071 cycB=0.080 idtA=0.050 idtB=0.071 D_A=0.071 D_B=0.126 D_A(real)=0.86 D_A(fake)=0.14 gnG=37.65 gnD=15.70 it_per_s=9.47
2026-10-03 00:45:27,646 INFO iter=451400 epoch=65 lr=3.97e-05 G=3.485 advA2B=0.602 advB2A=0.773 cycA=0.071 cycB=0.080 idtA=0.050 idtB=0.072 D_A=0.071 D_B=0.126 D_A(real)=0.86 D_A(fake)=0.14 gnG=38.02 gnD=15.73 it_per_s=9.47
2026-10-03 00:45:38,224 INFO iter=451500 epoch=65 lr=3.96e-05 G=3.482 advA2B=0.601 advB2A=0.772 cycA=0.070 cycB=0.080 idtA=0.050 idtB=0.072 D_A=0.071 D_B=0.127 D_A(real)=0.86 D_A(fake)=0.14 gnG=38.25 gnD=15.69 it_per_s=9.47
2026-10-03 00:45:48,764 INFO iter=451600 epoch=65 lr=3.96e-05 G=3.478 advA2B=0.600 advB2A=0.771 cycA=0.071 cycB=0.080 idtA=0.050 idtB=0.071 D_A=0.072 D_B=0.127 D_A(real)=0.86 D_A(fake)=0.14 gnG=38.05 gnD=15.72 it_per_s=9.47
2026-10-03 00:45:59,338 INFO iter=451700 epoch=65 lr=3.95e-05 G=3.484 advA2B=0.603 advB2A=0.773 cycA=0.071 cycB=0.079 idtA=0.050 idtB=0.072 D_A=0.072 D_B=0.126 D_A(real)=0.86 D_A(fake)=0.14 gnG=38.30 gnD=15.64 it_per_s=9.47
2026-10-03 00:46:09,863 INFO iter=451800 epoch=65 lr=3.95e-05 G=3.486 advA2B=0.604 advB2A=0.775 cycA=0.071 cycB=0.080 idtA=0.050 idtB=0.072 D_A=0.071 D_B=0.125 D_A(real)=0.86 D_A(fake)=0.14 gnG=38.20 gnD=15.62 it_per_s=9.47
2026-10-03 00:46:20,389 INFO iter=451900 epoch=65 lr=3.95e-05 G=3.489 advA2B=0.601 advB2A=0.776 cycA=0.070 cycB=0.080 idtA=0.050 idtB=0.072 D_A=0.071 D_B=0.125 D_A(real)=0.86 D_A(fake)=0.14 gnG=38.37 gnD=15.65 it_per_s=9.47
2026-10-03 00:46:30,881 INFO iter=452000 epoch=65 lr=3.94e-05 G=3.493 advA2B=0.601 advB2A=0.778 cycA=0.071 cycB=0.080 idtA=0.050 idtB=0.072 D_A=0.071 D_B=0.125 D_A(real)=0.86 D_A(fake)=0.14 gnG=38.41 gnD=15.66 it_per_s=9.48
2026-10-03 00:46:41,419 INFO iter=452100 epoch=65 lr=3.94e-05 G=3.493 advA2B=0.600 advB2A=0.774 cycA=0.071 cycB=0.080 idtA=0.050 idtB=0.073 D_A=0.072 D_B=0.125 D_A(real)=0.86 D_A(fake)=0.14 gnG=38.66 gnD=15.70 it_per_s=9.48
2026-10-03 00:46:52,006 INFO iter=452200 epoch=65 lr=3.94e-05 G=3.489 advA2B=0.597 advB2A=0.775 cycA=0.070 cycB=0.080 idtA=0.049 idtB=0.073 D_A=0.072 D_B=0.126 D_A(real)=0.86 D_A(fake)=0.14 gnG=38.81 gnD=15.78 it_per_s=9.47
2026-10-03 00:47:02,544 INFO iter=452300 epoch=65 lr=3.93e-05 G=3.486 advA2B=0.596 advB2A=0.776 cycA=0.070 cycB=0.080 idtA=0.049 idtB=0.073 D_A=0.072 D_B=0.126 D_A(real)=0.86 D_A(fake)=0.14 gnG=38.88 gnD=15.74 it_per_s=9.48
2026-10-03 00:47:13,103 INFO iter=452400 epoch=65 lr=3.93e-05 G=3.484 advA2B=0.598 advB2A=0.774 cycA=0.070 cycB=0.080 idtA=0.049 idtB=0.073 D_A=0.072 D_B=0.126 D_A(real)=0.86 D_A(fake)=0.14 gnG=39.01 gnD=15.75 it_per_s=9.48
2026-10-03 00:47:23,651 INFO iter=452500 epoch=65 lr=3.93e-05 G=3.481 advA2B=0.597 advB2A=0.769 cycA=0.070 cycB=0.080 idtA=0.049 idtB=0.073 D_A=0.072 D_B=0.126 D_A(real)=0.86 D_A(fake)=0.14 gnG=38.72 gnD=15.76 it_per_s=9.48
2026-10-03 00:47:34,320 INFO iter=452600 epoch=65 lr=3.92e-05 G=3.483 advA2B=0.595 advB2A=0.773 cycA=0.070 cycB=0.080 idtA=0.049 idtB=0.073 D_A=0.072 D_B=0.127 D_A(real)=0.86 D_A(fake)=0.14 gnG=38.74 gnD=15.76 it_per_s=9.47
2026-10-03 00:47:44,929 INFO iter=452700 epoch=65 lr=3.92e-05 G=3.481 advA2B=0.596 advB2A=0.773 cycA=0.070 cycB=0.080 idtA=0.049 idtB=0.073 D_A=0.072 D_B=0.126 D_A(real)=0.86 D_A(fake)=0.14 gnG=38.75 gnD=15.75 it_per_s=9.47
2026-10-03 00:47:55,563 INFO iter=452800 epoch=65 lr=3.92e-05 G=3.478 advA2B=0.596 advB2A=0.771 cycA=0.070 cycB=0.080 idtA=0.049 idtB=0.073 D_A=0.072 D_B=0.126 D_A(real)=0.86 D_A(fake)=0.14 gnG=38.59 gnD=15.71 it_per_s=9.47
2026-10-03 00:48:06,116 INFO iter=452900 epoch=65 lr=3.91e-05 G=3.481 advA2B=0.598 advB2A=0.771 cycA=0.070 cycB=0.080 idtA=0.049 idtB=0.073 D_A=0.072 D_B=0.126 D_A(real)=0.86 D_A(fake)=0.14 gnG=38.60 gnD=15.71 it_per_s=9.47
2026-10-03 00:48:16,696 INFO iter=453000 epoch=65 lr=3.91e-05 G=3.482 advA2B=0.599 advB2A=0.770 cycA=0.070 cycB=0.080 idtA=0.049 idtB=0.073 D_A=0.072 D_B=0.125 D_A(real)=0.86 D_A(fake)=0.14 gnG=38.63 gnD=15.66 it_per_s=9.47
2026-10-03 00:48:27,241 INFO iter=453100 epoch=65 lr=3.91e-05 G=3.483 advA2B=0.598 advB2A=0.771 cycA=0.070 cycB=0.080 idtA=0.049 idtB=0.073 D_A=0.072 D_B=0.125 D_A(real)=0.86 D_A(fake)=0.14 gnG=38.61 gnD=15.66 it_per_s=9.47
2026-10-03 00:48:37,796 INFO iter=453200 epoch=65 lr=3.90e-05 G=3.482 advA2B=0.599 advB2A=0.771 cycA=0.070 cycB=0.080 idtA=0.049 idtB=0.073 D_A=0.072 D_B=0.125 D_A(real)=0.86 D_A(fake)=0.14 gnG=38.66 gnD=15.64 it_per_s=9.47
2026-10-03 00:48:48,319 INFO iter=453300 epoch=65 lr=3.90e-05 G=3.484 advA2B=0.599 advB2A=0.772 cycA=0.070 cycB=0.080 idtA=0.049 idtB=0.073 D_A=0.072 D_B=0.125 D_A(real)=0.86 D_A(fake)=0.14 gnG=38.59 gnD=15.63 it_per_s=9.47
2026-10-03 00:48:58,900 INFO iter=453400 epoch=65 lr=3.89e-05 G=3.483 advA2B=0.598 advB2A=0.772 cycA=0.070 cycB=0.080 idtA=0.049 idtB=0.073 D_A=0.072 D_B=0.125 D_A(real)=0.86 D_A(fake)=0.14 gnG=38.50 gnD=15.67 it_per_s=9.47
2026-10-03 00:49:09,404 INFO iter=453500 epoch=65 lr=3.89e-05 G=3.485 advA2B=0.599 advB2A=0.774 cycA=0.070 cycB=0.080 idtA=0.049 idtB=0.073 D_A=0.072 D_B=0.125 D_A(real)=0.86 D_A(fake)=0.14 gnG=38.65 gnD=15.66 it_per_s=9.47
2026-10-03 00:49:19,983 INFO iter=453600 epoch=65 lr=3.89e-05 G=3.483 advA2B=0.598 advB2A=0.773 cycA=0.070 cycB=0.080 idtA=0.049 idtB=0.073 D_A=0.072 D_B=0.125 D_A(real)=0.86 D_A(fake)=0.14 gnG=38.62 gnD=15.67 it_per_s=9.47
2026-10-03 00:49:30,533 INFO iter=453700 epoch=65 lr=3.88e-05 G=3.484 advA2B=0.598 advB2A=0.772 cycA=0.070 cycB=0.080 idtA=0.049 idtB=0.073 D_A=0.072 D_B=0.125 D_A(real)=0.86 D_A(fake)=0.14 gnG=38.62 gnD=15.70 it_per_s=9.47
2026-10-03 00:49:41,136 INFO iter=453800 epoch=65 lr=3.88e-05 G=3.486 advA2B=0.598 advB2A=0.771 cycA=0.070 cycB=0.080 idtA=0.049 idtB=0.073 D_A=0.072 D_B=0.125 D_A(real)=0.86 D_A(fake)=0.14 gnG=38.62 gnD=15.73 it_per_s=9.47
2026-10-03 00:49:51,681 INFO iter=453900 epoch=65 lr=3.88e-05 G=3.483 advA2B=0.597 advB2A=0.770 cycA=0.070 cycB=0.080 idtA=0.049 idtB=0.073 D_A=0.073 D_B=0.125 D_A(real)=0.86 D_A(fake)=0.14 gnG=38.61 gnD=15.74 it_per_s=9.47
2026-10-03 00:50:02,185 INFO iter=454000 epoch=65 lr=3.87e-05 G=3.485 advA2B=0.598 advB2A=0.770 cycA=0.070 cycB=0.080 idtA=0.049 idtB=0.073 D_A=0.073 D_B=0.125 D_A(real)=0.86 D_A(fake)=0.14 gnG=38.53 gnD=15.74 it_per_s=9.47
2026-10-03 00:50:12,711 INFO iter=454100 epoch=65 lr=3.87e-05 G=3.488 advA2B=0.598 advB2A=0.770 cycA=0.070 cycB=0.080 idtA=0.049 idtB=0.073 D_A=0.073 D_B=0.125 D_A(real)=0.86 D_A(fake)=0.14 gnG=38.68 gnD=15.73 it_per_s=9.47
2026-10-03 00:50:23,295 INFO iter=454200 epoch=65 lr=3.87e-05 G=3.489 advA2B=0.598 advB2A=0.771 cycA=0.070 cycB=0.080 idtA=0.049 idtB=0.073 D_A=0.073 D_B=0.125 D_A(real)=0.86 D_A(fake)=0.14 gnG=38.68 gnD=15.72 it_per_s=9.47
2026-10-03 00:50:33,848 INFO iter=454300 epoch=65 lr=3.86e-05 G=3.491 advA2B=0.598 advB2A=0.771 cycA=0.070 cycB=0.081 idtA=0.049 idtB=0.073 D_A=0.073 D_B=0.125 D_A(real)=0.86 D_A(fake)=0.14 gnG=38.76 gnD=15.73 it_per_s=9.47
2026-10-03 00:50:44,478 INFO iter=454400 epoch=65 lr=3.86e-05 G=3.492 advA2B=0.598 advB2A=0.771 cycA=0.070 cycB=0.081 idtA=0.049 idtB=0.073 D_A=0.073 D_B=0.125 D_A(real)=0.86 D_A(fake)=0.14 gnG=38.82 gnD=15.73 it_per_s=9.47
2026-10-03 00:50:55,065 INFO iter=454500 epoch=65 lr=3.86e-05 G=3.492 advA2B=0.598 advB2A=0.770 cycA=0.070 cycB=0.081 idtA=0.049 idtB=0.073 D_A=0.073 D_B=0.125 D_A(real)=0.86 D_A(fake)=0.14 gnG=38.80 gnD=15.74 it_per_s=9.47
2026-10-03 00:51:05,611 INFO iter=454600 epoch=65 lr=3.85e-05 G=3.492 advA2B=0.598 advB2A=0.770 cycA=0.071 cycB=0.081 idtA=0.049 idtB=0.073 D_A=0.073 D_B=0.125 D_A(real)=0.86 D_A(fake)=0.14 gnG=38.76 gnD=15.75 it_per_s=9.47
2026-10-03 00:51:16,203 INFO iter=454700 epoch=65 lr=3.85e-05 G=3.490 advA2B=0.598 advB2A=0.768 cycA=0.070 cycB=0.081 idtA=0.049 idtB=0.073 D_A=0.073 D_B=0.125 D_A(real)=0.86 D_A(fake)=0.14 gnG=38.82 gnD=15.72 it_per_s=9.47
2026-10-03 00:51:26,762 INFO iter=454800 epoch=65 lr=3.84e-05 G=3.488 advA2B=0.598 advB2A=0.768 cycA=0.070 cycB=0.081 idtA=0.049 idtB=0.073 D_A=0.073 D_B=0.125 D_A(real)=0.86 D_A(fake)=0.14 gnG=38.79 gnD=15.73 it_per_s=9.47
2026-10-03 00:51:37,292 INFO iter=454900 epoch=65 lr=3.84e-05 G=3.489 advA2B=0.599 advB2A=0.767 cycA=0.070 cycB=0.081 idtA=0.049 idtB=0.073 D_A=0.073 D_B=0.125 D_A(real)=0.86 D_A(fake)=0.14 gnG=38.91 gnD=15.74 it_per_s=9.47
2026-10-03 00:51:47,836 INFO iter=455000 epoch=65 lr=3.84e-05 G=3.488 advA2B=0.599 advB2A=0.767 cycA=0.071 cycB=0.081 idtA=0.049 idtB=0.073 D_A=0.073 D_B=0.125 D_A(real)=0.86 D_A(fake)=0.14 gnG=38.92 gnD=15.78 it_per_s=9.47
2026-10-03 00:51:58,372 INFO iter=455100 epoch=65 lr=3.83e-05 G=3.486 advA2B=0.598 advB2A=0.767 cycA=0.070 cycB=0.081 idtA=0.049 idtB=0.073 D_A=0.073 D_B=0.125 D_A(real)=0.86 D_A(fake)=0.14 gnG=38.88 gnD=15.76 it_per_s=9.47
2026-10-03 00:52:08,910 INFO iter=455200 epoch=65 lr=3.83e-05 G=3.484 advA2B=0.599 advB2A=0.766 cycA=0.070 cycB=0.080 idtA=0.049 idtB=0.073 D_A=0.073 D_B=0.125 D_A(real)=0.86 D_A(fake)=0.14 gnG=38.83 gnD=15.77 it_per_s=9.47
2026-10-03 00:52:19,406 INFO iter=455300 epoch=65 lr=3.83e-05 G=3.485 advA2B=0.598 advB2A=0.766 cycA=0.070 cycB=0.081 idtA=0.049 idtB=0.073 D_A=0.073 D_B=0.125 D_A(real)=0.86 D_A(fake)=0.14 gnG=38.75 gnD=15.77 it_per_s=9.47
2026-10-03 00:52:29,926 INFO iter=455400 epoch=65 lr=3.82e-05 G=3.486 advA2B=0.598 advB2A=0.767 cycA=0.070 cycB=0.081 idtA=0.049 idtB=0.073 D_A=0.073 D_B=0.125 D_A(real)=0.86 D_A(fake)=0.14 gnG=38.75 gnD=15.77 it_per_s=9.47
2026-10-03 00:52:40,545 INFO iter=455500 epoch=65 lr=3.82e-05 G=3.485 advA2B=0.598 advB2A=0.767 cycA=0.070 cycB=0.081 idtA=0.049 idtB=0.073 D_A=0.073 D_B=0.125 D_A(real)=0.86 D_A(fake)=0.14 gnG=38.72 gnD=15.75 it_per_s=9.47
2026-10-03 00:52:51,051 INFO iter=455600 epoch=65 lr=3.82e-05 G=3.484 advA2B=0.598 advB2A=0.766 cycA=0.070 cycB=0.081 idtA=0.049 idtB=0.073 D_A=0.073 D_B=0.124 D_A(real)=0.86 D_A(fake)=0.14 gnG=38.71 gnD=15.76 it_per_s=9.47
2026-10-03 00:53:01,622 INFO iter=455700 epoch=65 lr=3.81e-05 G=3.486 advA2B=0.599 advB2A=0.766 cycA=0.070 cycB=0.081 idtA=0.049 idtB=0.073 D_A=0.073 D_B=0.124 D_A(real)=0.86 D_A(fake)=0.14 gnG=38.70 gnD=15.74 it_per_s=9.47
2026-10-03 00:53:12,211 INFO iter=455800 epoch=65 lr=3.81e-05 G=3.484 advA2B=0.600 advB2A=0.765 cycA=0.070 cycB=0.081 idtA=0.049 idtB=0.073 D_A=0.073 D_B=0.124 D_A(real)=0.86 D_A(fake)=0.14 gnG=38.70 gnD=15.74 it_per_s=9.47
2026-10-03 00:53:22,741 INFO iter=455900 epoch=65 lr=3.81e-05 G=3.485 advA2B=0.600 advB2A=0.765 cycA=0.070 cycB=0.081 idtA=0.049 idtB=0.073 D_A=0.073 D_B=0.124 D_A(real)=0.86 D_A(fake)=0.14 gnG=38.70 gnD=15.75 it_per_s=9.47
2026-10-03 00:53:33,285 INFO iter=456000 epoch=65 lr=3.80e-05 G=3.485 advA2B=0.600 advB2A=0.765 cycA=0.070 cycB=0.081 idtA=0.049 idtB=0.073 D_A=0.073 D_B=0.124 D_A(real)=0.86 D_A(fake)=0.14 gnG=38.70 gnD=15.75 it_per_s=9.47
2026-10-03 00:53:43,802 INFO iter=456100 epoch=65 lr=3.80e-05 G=3.485 advA2B=0.601 advB2A=0.766 cycA=0.070 cycB=0.080 idtA=0.049 idtB=0.073 D_A=0.073 D_B=0.124 D_A(real)=0.86 D_A(fake)=0.14 gnG=38.66 gnD=15.73 it_per_s=9.47
2026-10-03 00:53:54,352 INFO iter=456200 epoch=65 lr=3.80e-05 G=3.485 advA2B=0.600 advB2A=0.766 cycA=0.070 cycB=0.080 idtA=0.049 idtB=0.073 D_A=0.073 D_B=0.124 D_A(real)=0.86 D_A(fake)=0.14 gnG=38.64 gnD=15.73 it_per_s=9.47
2026-10-03 00:54:04,917 INFO iter=456300 epoch=65 lr=3.79e-05 G=3.487 advA2B=0.600 advB2A=0.767 cycA=0.070 cycB=0.081 idtA=0.049 idtB=0.073 D_A=0.073 D_B=0.124 D_A(real)=0.86 D_A(fake)=0.14 gnG=38.63 gnD=15.73 it_per_s=9.47
2026-10-03 00:54:15,442 INFO iter=456400 epoch=65 lr=3.79e-05 G=3.487 advA2B=0.599 advB2A=0.767 cycA=0.070 cycB=0.081 idtA=0.049 idtB=0.073 D_A=0.073 D_B=0.124 D_A(real)=0.86 D_A(fake)=0.14 gnG=38.63 gnD=15.71 it_per_s=9.47
2026-10-03 00:54:25,970 INFO iter=456500 epoch=65 lr=3.78e-05 G=3.489 advA2B=0.599 advB2A=0.768 cycA=0.070 cycB=0.081 idtA=0.049 idtB=0.073 D_A=0.073 D_B=0.124 D_A(real)=0.86 D_A(fake)=0.14 gnG=38.64 gnD=15.71 it_per_s=9.47
2026-10-03 00:54:36,540 INFO iter=456600 epoch=65 lr=3.78e-05 G=3.490 advA2B=0.599 advB2A=0.768 cycA=0.070 cycB=0.081 idtA=0.049 idtB=0.073 D_A=0.073 D_B=0.124 D_A(real)=0.86 D_A(fake)=0.14 gnG=38.68 gnD=15.71 it_per_s=9.47
2026-10-03 00:54:47,112 INFO iter=456700 epoch=65 lr=3.78e-05 G=3.489 advA2B=0.599 advB2A=0.768 cycA=0.070 cycB=0.081 idtA=0.049 idtB=0.073 D_A=0.073 D_B=0.124 D_A(real)=0.86 D_A(fake)=0.14 gnG=38.61 gnD=15.71 it_per_s=9.47
2026-10-03 00:54:57,646 INFO iter=456800 epoch=65 lr=3.77e-05 G=3.488 advA2B=0.599 advB2A=0.768 cycA=0.070 cycB=0.081 idtA=0.049 idtB=0.073 D_A=0.073 D_B=0.124 D_A(real)=0.86 D_A(fake)=0.14 gnG=38.64 gnD=15.70 it_per_s=9.47
2026-10-03 00:55:08,225 INFO iter=456900 epoch=65 lr=3.77e-05 G=3.490 advA2B=0.600 advB2A=0.769 cycA=0.071 cycB=0.081 idtA=0.049 idtB=0.073 D_A=0.073 D_B=0.124 D_A(real)=0.86 D_A(fake)=0.14 gnG=38.75 gnD=15.70 it_per_s=9.47
2026-10-03 00:55:18,792 INFO iter=457000 epoch=65 lr=3.77e-05 G=3.489 advA2B=0.600 advB2A=0.769 cycA=0.070 cycB=0.081 idtA=0.049 idtB=0.073 D_A=0.073 D_B=0.124 D_A(real)=0.86 D_A(fake)=0.14 gnG=38.74 gnD=15.70 it_per_s=9.47
2026-10-03 00:55:29,412 INFO iter=457100 epoch=65 lr=3.76e-05 G=3.492 advA2B=0.600 advB2A=0.769 cycA=0.071 cycB=0.081 idtA=0.049 idtB=0.073 D_A=0.073 D_B=0.124 D_A(real)=0.86 D_A(fake)=0.14 gnG=38.70 gnD=15.70 it_per_s=9.47
2026-10-03 00:55:39,940 INFO iter=457200 epoch=65 lr=3.76e-05 G=3.491 advA2B=0.600 advB2A=0.769 cycA=0.071 cycB=0.081 idtA=0.049 idtB=0.073 D_A=0.073 D_B=0.124 D_A(real)=0.86 D_A(fake)=0.14 gnG=38.75 gnD=15.70 it_per_s=9.47
2026-10-03 00:55:50,465 INFO iter=457300 epoch=65 lr=3.76e-05 G=3.492 advA2B=0.600 advB2A=0.769 cycA=0.071 cycB=0.081 idtA=0.049 idtB=0.073 D_A=0.073 D_B=0.124 D_A(real)=0.86 D_A(fake)=0.14 gnG=38.79 gnD=15.70 it_per_s=9.47
2026-10-03 00:56:01,048 INFO iter=457400 epoch=65 lr=3.75e-05 G=3.491 advA2B=0.600 advB2A=0.768 cycA=0.071 cycB=0.081 idtA=0.049 idtB=0.073 D_A=0.073 D_B=0.124 D_A(real)=0.86 D_A(fake)=0.14 gnG=38.82 gnD=15.70 it_per_s=9.47
2026-10-03 00:56:08,460 INFO epoch=65 done time_s=743 it_per_s=9.47 G=3.490 cycA=0.071 cycB=0.081 idtA=0.049 idtB=0.073 D_A=0.073 D_B=0.124 D_A(real)=0.86 D_A(fake)=0.14 nan_count=0
2026-10-03 00:56:12,429 INFO iter=457500 epoch=66 lr=3.75e-05 G=3.582 advA2B=0.585 advB2A=0.804 cycA=0.071 cycB=0.085 idtA=0.049 idtB=0.077 D_A=0.072 D_B=0.126 D_A(real)=0.85 D_A(fake)=0.12 gnG=43.75 gnD=15.18 it_per_s=9.31
2026-10-03 00:56:23,071 INFO iter=457600 epoch=66 lr=3.75e-05 G=3.476 advA2B=0.581 advB2A=0.792 cycA=0.070 cycB=0.080 idtA=0.049 idtB=0.070 D_A=0.067 D_B=0.121 D_A(real)=0.88 D_A(fake)=0.12 gnG=37.42 gnD=15.46 it_per_s=9.38
2026-10-03 00:56:37,655 INFO iter=457700 epoch=66 lr=3.74e-05 G=3.499 advA2B=0.615 advB2A=0.765 cycA=0.071 cycB=0.081 idtA=0.049 idtB=0.071 D_A=0.072 D_B=0.129 D_A(real)=0.87 D_A(fake)=0.13 gnG=38.66 gnD=16.11 it_per_s=8.09
2026-10-03 00:56:49,389 INFO iter=457800 epoch=66 lr=3.74e-05 G=3.495 advA2B=0.598 advB2A=0.771 cycA=0.071 cycB=0.081 idtA=0.049 idtB=0.072 D_A=0.069 D_B=0.130 D_A(real)=0.87 D_A(fake)=0.13 gnG=39.14 gnD=15.78 it_per_s=8.21
2026-10-03 00:57:04,520 INFO iter=457900 epoch=66 lr=3.73e-05 G=3.487 advA2B=0.595 advB2A=0.773 cycA=0.070 cycB=0.081 idtA=0.049 idtB=0.072 D_A=0.068 D_B=0.132 D_A(real)=0.87 D_A(fake)=0.13 gnG=38.75 gnD=15.75 it_per_s=7.77
2026-10-03 00:57:16,489 INFO iter=458000 epoch=66 lr=3.73e-05 G=3.468 advA2B=0.596 advB2A=0.771 cycA=0.070 cycB=0.080 idtA=0.049 idtB=0.071 D_A=0.070 D_B=0.131 D_A(real)=0.86 D_A(fake)=0.13 gnG=39.53 gnD=15.87 it_per_s=7.88
2026-10-03 00:57:31,349 INFO iter=458100 epoch=66 lr=3.73e-05 G=3.480 advA2B=0.604 advB2A=0.777 cycA=0.070 cycB=0.080 idtA=0.049 idtB=0.071 D_A=0.070 D_B=0.131 D_A(real)=0.86 D_A(fake)=0.14 gnG=39.77 gnD=15.83 it_per_s=7.67
2026-10-03 00:57:43,176 INFO iter=458200 epoch=66 lr=3.72e-05 G=3.492 advA2B=0.606 advB2A=0.774 cycA=0.070 cycB=0.080 idtA=0.049 idtB=0.072 D_A=0.069 D_B=0.131 D_A(real)=0.87 D_A(fake)=0.13 gnG=40.23 gnD=15.70 it_per_s=7.77
2026-10-03 00:57:57,603 INFO iter=458300 epoch=66 lr=3.72e-05 G=3.492 advA2B=0.602 advB2A=0.774 cycA=0.071 cycB=0.080 idtA=0.049 idtB=0.072 D_A=0.069 D_B=0.130 D_A(real)=0.87 D_A(fake)=0.13 gnG=40.23 gnD=15.67 it_per_s=7.66
2026-10-03 00:58:09,244 INFO iter=458400 epoch=66 lr=3.72e-05 G=3.483 advA2B=0.600 advB2A=0.772 cycA=0.070 cycB=0.080 idtA=0.049 idtB=0.072 D_A=0.069 D_B=0.130 D_A(real)=0.87 D_A(fake)=0.13 gnG=39.89 gnD=15.70 it_per_s=7.75
2026-10-03 00:58:23,784 INFO iter=458500 epoch=66 lr=3.71e-05 G=3.492 advA2B=0.598 advB2A=0.776 cycA=0.070 cycB=0.081 idtA=0.049 idtB=0.073 D_A=0.069 D_B=0.130 D_A(real)=0.86 D_A(fake)=0.14 gnG=39.71 gnD=15.70 it_per_s=7.65
2026-10-03 00:58:35,436 INFO iter=458600 epoch=66 lr=3.71e-05 G=3.485 advA2B=0.596 advB2A=0.771 cycA=0.070 cycB=0.081 idtA=0.049 idtB=0.073 D_A=0.070 D_B=0.130 D_A(real)=0.86 D_A(fake)=0.14 gnG=39.77 gnD=15.69 it_per_s=7.73
2026-10-03 00:58:46,129 INFO iter=458700 epoch=66 lr=3.71e-05 G=3.484 advA2B=0.599 advB2A=0.767 cycA=0.070 cycB=0.081 idtA=0.049 idtB=0.073 D_A=0.070 D_B=0.129 D_A(real)=0.86 D_A(fake)=0.14 gnG=39.84 gnD=15.65 it_per_s=7.84
2026-10-03 00:58:56,624 INFO iter=458800 epoch=66 lr=3.70e-05 G=3.485 advA2B=0.605 advB2A=0.765 cycA=0.070 cycB=0.081 idtA=0.049 idtB=0.073 D_A=0.070 D_B=0.128 D_A(real)=0.86 D_A(fake)=0.14 gnG=40.16 gnD=15.64 it_per_s=7.94
2026-10-03 00:59:07,144 INFO iter=458900 epoch=66 lr=3.70e-05 G=3.483 advA2B=0.607 advB2A=0.761 cycA=0.070 cycB=0.081 idtA=0.049 idtB=0.073 D_A=0.069 D_B=0.127 D_A(real)=0.86 D_A(fake)=0.14 gnG=40.26 gnD=15.60 it_per_s=8.04
2026-10-03 00:59:17,694 INFO iter=459000 epoch=66 lr=3.70e-05 G=3.482 advA2B=0.607 advB2A=0.762 cycA=0.070 cycB=0.080 idtA=0.049 idtB=0.073 D_A=0.070 D_B=0.127 D_A(real)=0.86 D_A(fake)=0.14 gnG=40.30 gnD=15.58 it_per_s=8.12
2026-10-03 00:59:28,230 INFO iter=459100 epoch=66 lr=3.69e-05 G=3.491 advA2B=0.609 advB2A=0.766 cycA=0.070 cycB=0.081 idtA=0.049 idtB=0.073 D_A=0.070 D_B=0.126 D_A(real)=0.86 D_A(fake)=0.14 gnG=40.45 gnD=15.60 it_per_s=8.19
2026-10-03 00:59:38,741 INFO iter=459200 epoch=66 lr=3.69e-05 G=3.486 advA2B=0.606 advB2A=0.765 cycA=0.070 cycB=0.080 idtA=0.049 idtB=0.073 D_A=0.071 D_B=0.126 D_A(real)=0.86 D_A(fake)=0.14 gnG=40.21 gnD=15.66 it_per_s=8.26
2026-10-03 00:59:49,257 INFO iter=459300 epoch=66 lr=3.69e-05 G=3.478 advA2B=0.605 advB2A=0.761 cycA=0.070 cycB=0.080 idtA=0.049 idtB=0.073 D_A=0.071 D_B=0.127 D_A(real)=0.86 D_A(fake)=0.14 gnG=40.08 gnD=15.70 it_per_s=8.32
2026-10-03 00:59:59,808 INFO iter=459400 epoch=66 lr=3.68e-05 G=3.482 advA2B=0.606 advB2A=0.765 cycA=0.070 cycB=0.080 idtA=0.049 idtB=0.073 D_A=0.070 D_B=0.126 D_A(real)=0.86 D_A(fake)=0.14 gnG=40.34 gnD=15.66 it_per_s=8.37
2026-10-03 01:00:10,443 INFO iter=459500 epoch=66 lr=3.68e-05 G=3.484 advA2B=0.606 advB2A=0.768 cycA=0.070 cycB=0.080 idtA=0.049 idtB=0.072 D_A=0.070 D_B=0.127 D_A(real)=0.86 D_A(fake)=0.14 gnG=40.27 gnD=15.69 it_per_s=8.41
2026-10-03 01:00:21,016 INFO iter=459600 epoch=66 lr=3.67e-05 G=3.487 advA2B=0.605 advB2A=0.769 cycA=0.071 cycB=0.080 idtA=0.049 idtB=0.072 D_A=0.070 D_B=0.127 D_A(real)=0.86 D_A(fake)=0.14 gnG=40.06 gnD=15.66 it_per_s=8.46
2026-10-03 01:00:31,602 INFO iter=459700 epoch=66 lr=3.67e-05 G=3.494 advA2B=0.606 advB2A=0.770 cycA=0.070 cycB=0.080 idtA=0.049 idtB=0.073 D_A=0.071 D_B=0.127 D_A(real)=0.86 D_A(fake)=0.14 gnG=40.04 gnD=15.69 it_per_s=8.50
2026-10-03 01:00:42,097 INFO iter=459800 epoch=66 lr=3.67e-05 G=3.499 advA2B=0.606 advB2A=0.772 cycA=0.071 cycB=0.081 idtA=0.049 idtB=0.073 D_A=0.071 D_B=0.127 D_A(real)=0.86 D_A(fake)=0.14 gnG=40.02 gnD=15.69 it_per_s=8.54
2026-10-03 01:00:52,644 INFO iter=459900 epoch=66 lr=3.66e-05 G=3.499 advA2B=0.608 advB2A=0.772 cycA=0.070 cycB=0.081 idtA=0.049 idtB=0.073 D_A=0.071 D_B=0.126 D_A(real)=0.86 D_A(fake)=0.14 gnG=40.18 gnD=15.66 it_per_s=8.57
2026-10-03 01:01:03,237 INFO iter=460000 epoch=66 lr=3.66e-05 G=3.500 advA2B=0.607 advB2A=0.773 cycA=0.071 cycB=0.080 idtA=0.049 idtB=0.073 D_A=0.070 D_B=0.126 D_A(real)=0.86 D_A(fake)=0.14 gnG=40.24 gnD=15.67 it_per_s=8.60
2026-10-03 01:01:13,825 INFO iter=460100 epoch=66 lr=3.66e-05 G=3.500 advA2B=0.606 advB2A=0.774 cycA=0.071 cycB=0.080 idtA=0.049 idtB=0.073 D_A=0.071 D_B=0.125 D_A(real)=0.86 D_A(fake)=0.14 gnG=40.21 gnD=15.67 it_per_s=8.63
2026-10-03 01:01:24,410 INFO iter=460200 epoch=66 lr=3.65e-05 G=3.499 advA2B=0.605 advB2A=0.775 cycA=0.071 cycB=0.080 idtA=0.049 idtB=0.073 D_A=0.070 D_B=0.126 D_A(real)=0.86 D_A(fake)=0.14 gnG=40.25 gnD=15.67 it_per_s=8.66
2026-10-03 01:01:34,971 INFO iter=460300 epoch=66 lr=3.65e-05 G=3.503 advA2B=0.606 advB2A=0.775 cycA=0.071 cycB=0.080 idtA=0.049 idtB=0.073 D_A=0.070 D_B=0.125 D_A(real)=0.86 D_A(fake)=0.14 gnG=40.33 gnD=15.69 it_per_s=8.69
2026-10-03 01:01:45,553 INFO iter=460400 epoch=66 lr=3.65e-05 G=3.499 advA2B=0.606 advB2A=0.774 cycA=0.071 cycB=0.080 idtA=0.049 idtB=0.073 D_A=0.071 D_B=0.125 D_A(real)=0.86 D_A(fake)=0.14 gnG=40.39 gnD=15.68 it_per_s=8.71
2026-10-03 01:01:56,101 INFO iter=460500 epoch=66 lr=3.64e-05 G=3.496 advA2B=0.605 advB2A=0.773 cycA=0.071 cycB=0.080 idtA=0.049 idtB=0.073 D_A=0.071 D_B=0.125 D_A(real)=0.86 D_A(fake)=0.14 gnG=40.49 gnD=15.71 it_per_s=8.73
2026-10-03 01:02:06,639 INFO iter=460600 epoch=66 lr=3.64e-05 G=3.496 advA2B=0.606 advB2A=0.771 cycA=0.071 cycB=0.080 idtA=0.049 idtB=0.073 D_A=0.071 D_B=0.125 D_A(real)=0.86 D_A(fake)=0.14 gnG=40.44 gnD=15.74 it_per_s=8.76
2026-10-03 01:02:17,207 INFO iter=460700 epoch=66 lr=3.64e-05 G=3.493 advA2B=0.605 advB2A=0.772 cycA=0.071 cycB=0.080 idtA=0.049 idtB=0.072 D_A=0.071 D_B=0.125 D_A(real)=0.86 D_A(fake)=0.14 gnG=40.41 gnD=15.77 it_per_s=8.78
2026-10-03 01:02:27,765 INFO iter=460800 epoch=66 lr=3.63e-05 G=3.494 advA2B=0.606 advB2A=0.772 cycA=0.071 cycB=0.080 idtA=0.049 idtB=0.072 D_A=0.071 D_B=0.125 D_A(real)=0.86 D_A(fake)=0.14 gnG=40.49 gnD=15.77 it_per_s=8.80
2026-10-03 01:02:38,368 INFO iter=460900 epoch=66 lr=3.63e-05 G=3.493 advA2B=0.606 advB2A=0.771 cycA=0.071 cycB=0.080 idtA=0.049 idtB=0.072 D_A=0.071 D_B=0.125 D_A(real)=0.86 D_A(fake)=0.14 gnG=40.40 gnD=15.77 it_per_s=8.81
2026-10-03 01:02:49,071 INFO iter=461000 epoch=66 lr=3.62e-05 G=3.495 advA2B=0.606 advB2A=0.772 cycA=0.071 cycB=0.080 idtA=0.049 idtB=0.072 D_A=0.071 D_B=0.125 D_A(real)=0.86 D_A(fake)=0.14 gnG=40.38 gnD=15.78 it_per_s=8.83
2026-10-03 01:02:59,624 INFO iter=461100 epoch=66 lr=3.62e-05 G=3.495 advA2B=0.607 advB2A=0.772 cycA=0.071 cycB=0.080 idtA=0.049 idtB=0.072 D_A=0.071 D_B=0.125 D_A(real)=0.86 D_A(fake)=0.14 gnG=40.57 gnD=15.78 it_per_s=8.84
2026-10-03 01:03:10,139 INFO iter=461200 epoch=66 lr=3.62e-05 G=3.496 advA2B=0.607 advB2A=0.772 cycA=0.071 cycB=0.080 idtA=0.049 idtB=0.072 D_A=0.071 D_B=0.125 D_A(real)=0.86 D_A(fake)=0.14 gnG=40.55 gnD=15.83 it_per_s=8.86
2026-10-03 01:03:20,649 INFO iter=461300 epoch=66 lr=3.61e-05 G=3.498 advA2B=0.607 advB2A=0.773 cycA=0.071 cycB=0.080 idtA=0.049 idtB=0.072 D_A=0.071 D_B=0.125 D_A(real)=0.86 D_A(fake)=0.14 gnG=40.49 gnD=15.84 it_per_s=8.88
2026-10-03 01:03:31,166 INFO iter=461400 epoch=66 lr=3.61e-05 G=3.497 advA2B=0.608 advB2A=0.773 cycA=0.071 cycB=0.080 idtA=0.049 idtB=0.072 D_A=0.072 D_B=0.125 D_A(real)=0.86 D_A(fake)=0.14 gnG=40.48 gnD=15.83 it_per_s=8.89
2026-10-03 01:03:41,731 INFO iter=461500 epoch=66 lr=3.61e-05 G=3.499 advA2B=0.608 advB2A=0.774 cycA=0.071 cycB=0.080 idtA=0.049 idtB=0.072 D_A=0.072 D_B=0.125 D_A(real)=0.86 D_A(fake)=0.14 gnG=40.43 gnD=15.85 it_per_s=8.91
2026-10-03 01:03:52,327 INFO iter=461600 epoch=66 lr=3.60e-05 G=3.499 advA2B=0.609 advB2A=0.775 cycA=0.071 cycB=0.080 idtA=0.049 idtB=0.072 D_A=0.072 D_B=0.125 D_A(real)=0.86 D_A(fake)=0.14 gnG=40.48 gnD=15.87 it_per_s=8.92
2026-10-03 01:04:02,903 INFO iter=461700 epoch=66 lr=3.60e-05 G=3.498 advA2B=0.608 advB2A=0.774 cycA=0.071 cycB=0.080 idtA=0.049 idtB=0.072 D_A=0.071 D_B=0.125 D_A(real)=0.86 D_A(fake)=0.14 gnG=40.54 gnD=15.84 it_per_s=8.93
2026-10-03 01:04:13,388 INFO iter=461800 epoch=66 lr=3.60e-05 G=3.498 advA2B=0.607 advB2A=0.774 cycA=0.071 cycB=0.080 idtA=0.049 idtB=0.072 D_A=0.071 D_B=0.125 D_A(real)=0.86 D_A(fake)=0.14 gnG=40.58 gnD=15.86 it_per_s=8.94
2026-10-03 01:04:23,924 INFO iter=461900 epoch=66 lr=3.59e-05 G=3.494 advA2B=0.607 advB2A=0.773 cycA=0.071 cycB=0.080 idtA=0.049 idtB=0.072 D_A=0.071 D_B=0.125 D_A(real)=0.86 D_A(fake)=0.14 gnG=40.53 gnD=15.87 it_per_s=8.95
2026-10-03 01:04:34,444 INFO iter=462000 epoch=66 lr=3.59e-05 G=3.493 advA2B=0.606 advB2A=0.773 cycA=0.071 cycB=0.080 idtA=0.049 idtB=0.072 D_A=0.071 D_B=0.125 D_A(real)=0.86 D_A(fake)=0.14 gnG=40.58 gnD=15.87 it_per_s=8.97
2026-10-03 01:04:44,952 INFO iter=462100 epoch=66 lr=3.59e-05 G=3.492 advA2B=0.605 advB2A=0.773 cycA=0.071 cycB=0.080 idtA=0.049 idtB=0.072 D_A=0.072 D_B=0.125 D_A(real)=0.86 D_A(fake)=0.14 gnG=40.61 gnD=15.88 it_per_s=8.98
2026-10-03 01:04:55,467 INFO iter=462200 epoch=66 lr=3.58e-05 G=3.490 advA2B=0.606 advB2A=0.772 cycA=0.071 cycB=0.080 idtA=0.049 idtB=0.072 D_A=0.072 D_B=0.125 D_A(real)=0.86 D_A(fake)=0.14 gnG=40.59 gnD=15.90 it_per_s=8.99
2026-10-03 01:05:06,028 INFO iter=462300 epoch=66 lr=3.58e-05 G=3.490 advA2B=0.605 advB2A=0.772 cycA=0.071 cycB=0.080 idtA=0.049 idtB=0.072 D_A=0.072 D_B=0.125 D_A(real)=0.86 D_A(fake)=0.14 gnG=40.54 gnD=15.90 it_per_s=9.00
2026-10-03 01:05:16,544 INFO iter=462400 epoch=66 lr=3.57e-05 G=3.493 advA2B=0.605 advB2A=0.773 cycA=0.071 cycB=0.080 idtA=0.049 idtB=0.072 D_A=0.072 D_B=0.125 D_A(real)=0.86 D_A(fake)=0.14 gnG=40.58 gnD=15.90 it_per_s=9.01
2026-10-03 01:05:27,016 INFO iter=462500 epoch=66 lr=3.57e-05 G=3.493 advA2B=0.605 advB2A=0.772 cycA=0.071 cycB=0.080 idtA=0.049 idtB=0.072 D_A=0.072 D_B=0.125 D_A(real)=0.86 D_A(fake)=0.14 gnG=40.49 gnD=15.90 it_per_s=9.02
2026-10-03 01:05:37,541 INFO iter=462600 epoch=66 lr=3.57e-05 G=3.494 advA2B=0.605 advB2A=0.773 cycA=0.071 cycB=0.080 idtA=0.049 idtB=0.072 D_A=0.071 D_B=0.125 D_A(real)=0.86 D_A(fake)=0.14 gnG=40.50 gnD=15.89 it_per_s=9.03
2026-10-03 01:05:48,095 INFO iter=462700 epoch=66 lr=3.56e-05 G=3.496 advA2B=0.606 advB2A=0.773 cycA=0.071 cycB=0.080 idtA=0.049 idtB=0.072 D_A=0.072 D_B=0.125 D_A(real)=0.86 D_A(fake)=0.14 gnG=40.49 gnD=15.88 it_per_s=9.03
2026-10-03 01:05:58,626 INFO iter=462800 epoch=66 lr=3.56e-05 G=3.498 advA2B=0.606 advB2A=0.774 cycA=0.071 cycB=0.080 idtA=0.049 idtB=0.072 D_A=0.071 D_B=0.125 D_A(real)=0.86 D_A(fake)=0.14 gnG=40.57 gnD=15.89 it_per_s=9.04
2026-10-03 01:06:09,164 INFO iter=462900 epoch=66 lr=3.56e-05 G=3.498 advA2B=0.605 advB2A=0.774 cycA=0.071 cycB=0.080 idtA=0.049 idtB=0.072 D_A=0.072 D_B=0.125 D_A(real)=0.86 D_A(fake)=0.14 gnG=40.56 gnD=15.90 it_per_s=9.05
2026-10-03 01:06:19,738 INFO iter=463000 epoch=66 lr=3.55e-05 G=3.498 advA2B=0.605 advB2A=0.774 cycA=0.071 cycB=0.080 idtA=0.049 idtB=0.073 D_A=0.072 D_B=0.125 D_A(real)=0.86 D_A(fake)=0.14 gnG=40.63 gnD=15.89 it_per_s=9.06
2026-10-03 01:06:30,287 INFO iter=463100 epoch=66 lr=3.55e-05 G=3.497 advA2B=0.605 advB2A=0.774 cycA=0.071 cycB=0.080 idtA=0.049 idtB=0.073 D_A=0.071 D_B=0.125 D_A(real)=0.86 D_A(fake)=0.14 gnG=40.53 gnD=15.89 it_per_s=9.06
2026-10-03 01:06:40,863 INFO iter=463200 epoch=66 lr=3.55e-05 G=3.496 advA2B=0.604 advB2A=0.774 cycA=0.071 cycB=0.080 idtA=0.049 idtB=0.073 D_A=0.071 D_B=0.125 D_A(real)=0.86 D_A(fake)=0.14 gnG=40.50 gnD=15.89 it_per_s=9.07
2026-10-03 01:06:51,425 INFO iter=463300 epoch=66 lr=3.54e-05 G=3.496 advA2B=0.604 advB2A=0.775 cycA=0.071 cycB=0.080 idtA=0.049 idtB=0.073 D_A=0.072 D_B=0.125 D_A(real)=0.86 D_A(fake)=0.14 gnG=40.53 gnD=15.89 it_per_s=9.08
2026-10-03 01:07:02,040 INFO iter=463400 epoch=66 lr=3.54e-05 G=3.494 advA2B=0.603 advB2A=0.774 cycA=0.071 cycB=0.080 idtA=0.049 idtB=0.072 D_A=0.072 D_B=0.125 D_A(real)=0.86 D_A(fake)=0.14 gnG=40.56 gnD=15.90 it_per_s=9.08
2026-10-03 01:07:12,652 INFO iter=463500 epoch=66 lr=3.54e-05 G=3.493 advA2B=0.604 advB2A=0.774 cycA=0.071 cycB=0.080 idtA=0.049 idtB=0.072 D_A=0.072 D_B=0.125 D_A(real)=0.86 D_A(fake)=0.14 gnG=40.61 gnD=15.90 it_per_s=9.09
2026-10-03 01:07:23,189 INFO iter=463600 epoch=66 lr=3.53e-05 G=3.492 advA2B=0.604 advB2A=0.774 cycA=0.071 cycB=0.080 idtA=0.049 idtB=0.072 D_A=0.072 D_B=0.125 D_A(real)=0.86 D_A(fake)=0.14 gnG=40.57 gnD=15.91 it_per_s=9.10
2026-10-03 01:07:33,698 INFO iter=463700 epoch=66 lr=3.53e-05 G=3.494 advA2B=0.605 advB2A=0.774 cycA=0.071 cycB=0.080 idtA=0.049 idtB=0.072 D_A=0.072 D_B=0.125 D_A(real)=0.86 D_A(fake)=0.14 gnG=40.60 gnD=15.91 it_per_s=9.10
2026-10-03 01:07:44,298 INFO iter=463800 epoch=66 lr=3.53e-05 G=3.494 advA2B=0.605 advB2A=0.775 cycA=0.071 cycB=0.080 idtA=0.049 idtB=0.072 D_A=0.072 D_B=0.125 D_A(real)=0.86 D_A(fake)=0.14 gnG=40.64 gnD=15.88 it_per_s=9.11
2026-10-03 01:07:54,854 INFO iter=463900 epoch=66 lr=3.52e-05 G=3.494 advA2B=0.605 advB2A=0.776 cycA=0.071 cycB=0.080 idtA=0.049 idtB=0.072 D_A=0.072 D_B=0.125 D_A(real)=0.86 D_A(fake)=0.14 gnG=40.62 gnD=15.88 it_per_s=9.11
2026-10-03 01:08:05,550 INFO iter=464000 epoch=66 lr=3.52e-05 G=3.494 advA2B=0.604 advB2A=0.775 cycA=0.071 cycB=0.080 idtA=0.049 idtB=0.072 D_A=0.072 D_B=0.125 D_A(real)=0.86 D_A(fake)=0.14 gnG=40.61 gnD=15.87 it_per_s=9.12
2026-10-03 01:08:16,050 INFO iter=464100 epoch=66 lr=3.51e-05 G=3.494 advA2B=0.604 advB2A=0.775 cycA=0.071 cycB=0.080 idtA=0.049 idtB=0.072 D_A=0.072 D_B=0.125 D_A(real)=0.86 D_A(fake)=0.14 gnG=40.65 gnD=15.87 it_per_s=9.12
2026-10-03 01:08:26,545 INFO iter=464200 epoch=66 lr=3.51e-05 G=3.496 advA2B=0.605 advB2A=0.775 cycA=0.071 cycB=0.080 idtA=0.049 idtB=0.072 D_A=0.072 D_B=0.125 D_A(real)=0.86 D_A(fake)=0.14 gnG=40.68 gnD=15.86 it_per_s=9.13
2026-10-03 01:08:37,089 INFO iter=464300 epoch=66 lr=3.51e-05 G=3.496 advA2B=0.605 advB2A=0.775 cycA=0.071 cycB=0.080 idtA=0.049 idtB=0.072 D_A=0.071 D_B=0.124 D_A(real)=0.86 D_A(fake)=0.14 gnG=40.63 gnD=15.85 it_per_s=9.13
2026-10-03 01:08:47,618 INFO iter=464400 epoch=66 lr=3.50e-05 G=3.496 advA2B=0.605 advB2A=0.775 cycA=0.071 cycB=0.080 idtA=0.049 idtB=0.072 D_A=0.072 D_B=0.124 D_A(real)=0.86 D_A(fake)=0.14 gnG=40.65 gnD=15.85 it_per_s=9.14
2026-10-03 01:08:58,155 INFO iter=464500 epoch=66 lr=3.50e-05 G=3.497 advA2B=0.605 advB2A=0.775 cycA=0.071 cycB=0.080 idtA=0.049 idtB=0.072 D_A=0.072 D_B=0.124 D_A(real)=0.86 D_A(fake)=0.14 gnG=40.70 gnD=15.84 it_per_s=9.14
2026-10-03 01:08:58,975 INFO epoch=66 done time_s=770 it_per_s=9.14 G=3.497 cycA=0.071 cycB=0.080 idtA=0.049 idtB=0.072 D_A=0.072 D_B=0.124 D_A(real)=0.86 D_A(fake)=0.14 nan_count=0
2026-10-03 01:09:09,330 INFO iter=464600 epoch=67 lr=3.50e-05 G=3.460 advA2B=0.589 advB2A=0.763 cycA=0.069 cycB=0.082 idtA=0.047 idtB=0.073 D_A=0.064 D_B=0.113 D_A(real)=0.87 D_A(fake)=0.13 gnG=37.58 gnD=14.83 it_per_s=9.44
2026-10-03 01:09:19,906 INFO iter=464700 epoch=67 lr=3.49e-05 G=3.467 advA2B=0.574 advB2A=0.779 cycA=0.070 cycB=0.081 idtA=0.048 idtB=0.072 D_A=0.071 D_B=0.121 D_A(real)=0.86 D_A(fake)=0.14 gnG=37.29 gnD=15.80 it_per_s=9.45
2026-10-03 01:09:30,498 INFO iter=464800 epoch=67 lr=3.49e-05 G=3.477 advA2B=0.588 advB2A=0.776 cycA=0.070 cycB=0.081 idtA=0.048 idtB=0.073 D_A=0.071 D_B=0.125 D_A(real)=0.86 D_A(fake)=0.14 gnG=39.24 gnD=15.93 it_per_s=9.44
2026-10-03 01:09:41,046 INFO iter=464900 epoch=67 lr=3.49e-05 G=3.484 advA2B=0.589 advB2A=0.788 cycA=0.069 cycB=0.082 idtA=0.047 idtB=0.073 D_A=0.069 D_B=0.124 D_A(real)=0.86 D_A(fake)=0.14 gnG=39.59 gnD=15.76 it_per_s=9.45
2026-10-03 01:09:51,631 INFO iter=465000 epoch=67 lr=3.48e-05 G=3.479 advA2B=0.588 advB2A=0.790 cycA=0.069 cycB=0.081 idtA=0.047 idtB=0.073 D_A=0.071 D_B=0.123 D_A(real)=0.86 D_A(fake)=0.14 gnG=40.28 gnD=15.92 it_per_s=9.45
2026-10-03 01:10:02,192 INFO iter=465100 epoch=67 lr=3.48e-05 G=3.488 advA2B=0.592 advB2A=0.791 cycA=0.069 cycB=0.081 idtA=0.047 idtB=0.073 D_A=0.070 D_B=0.123 D_A(real)=0.86 D_A(fake)=0.14 gnG=40.51 gnD=16.01 it_per_s=9.45
2026-10-03 01:10:12,821 INFO iter=465200 epoch=67 lr=3.48e-05 G=3.502 advA2B=0.603 advB2A=0.793 cycA=0.069 cycB=0.081 idtA=0.048 idtB=0.073 D_A=0.070 D_B=0.123 D_A(real)=0.86 D_A(fake)=0.14 gnG=41.23 gnD=15.98 it_per_s=9.45
2026-10-03 01:10:23,432 INFO iter=465300 epoch=67 lr=3.47e-05 G=3.498 advA2B=0.606 advB2A=0.793 cycA=0.069 cycB=0.081 idtA=0.048 idtB=0.072 D_A=0.070 D_B=0.124 D_A(real)=0.86 D_A(fake)=0.14 gnG=41.06 gnD=15.99 it_per_s=9.45
2026-10-03 01:10:34,002 INFO iter=465400 epoch=67 lr=3.47e-05 G=3.495 advA2B=0.605 advB2A=0.791 cycA=0.069 cycB=0.081 idtA=0.048 idtB=0.072 D_A=0.070 D_B=0.124 D_A(real)=0.86 D_A(fake)=0.14 gnG=41.40 gnD=16.01 it_per_s=9.45
2026-10-03 01:10:44,560 INFO iter=465500 epoch=67 lr=3.46e-05 G=3.495 advA2B=0.608 advB2A=0.788 cycA=0.069 cycB=0.081 idtA=0.048 idtB=0.073 D_A=0.070 D_B=0.125 D_A(real)=0.86 D_A(fake)=0.14 gnG=41.47 gnD=16.02 it_per_s=9.45
2026-10-03 01:10:55,194 INFO iter=465600 epoch=67 lr=3.46e-05 G=3.487 advA2B=0.604 advB2A=0.786 cycA=0.069 cycB=0.080 idtA=0.048 idtB=0.072 D_A=0.070 D_B=0.125 D_A(real)=0.86 D_A(fake)=0.14 gnG=41.09 gnD=16.00 it_per_s=9.45
2026-10-03 01:11:05,767 INFO iter=465700 epoch=67 lr=3.46e-05 G=3.485 advA2B=0.607 advB2A=0.787 cycA=0.069 cycB=0.080 idtA=0.048 idtB=0.072 D_A=0.070 D_B=0.124 D_A(real)=0.86 D_A(fake)=0.14 gnG=41.10 gnD=16.07 it_per_s=9.45
2026-10-03 01:11:16,324 INFO iter=465800 epoch=67 lr=3.45e-05 G=3.483 advA2B=0.610 advB2A=0.786 cycA=0.069 cycB=0.080 idtA=0.048 idtB=0.072 D_A=0.070 D_B=0.123 D_A(real)=0.86 D_A(fake)=0.14 gnG=41.36 gnD=15.99 it_per_s=9.45
2026-10-03 01:11:26,832 INFO iter=465900 epoch=67 lr=3.45e-05 G=3.488 advA2B=0.611 advB2A=0.787 cycA=0.069 cycB=0.080 idtA=0.048 idtB=0.072 D_A=0.070 D_B=0.123 D_A(real)=0.86 D_A(fake)=0.14 gnG=41.43 gnD=16.02 it_per_s=9.45
2026-10-03 01:11:37,395 INFO iter=466000 epoch=67 lr=3.45e-05 G=3.499 advA2B=0.614 advB2A=0.791 cycA=0.069 cycB=0.080 idtA=0.048 idtB=0.072 D_A=0.070 D_B=0.123 D_A(real)=0.86 D_A(fake)=0.14 gnG=41.61 gnD=16.05 it_per_s=9.45
2026-10-03 01:11:48,005 INFO iter=466100 epoch=67 lr=3.44e-05 G=3.492 advA2B=0.611 advB2A=0.787 cycA=0.070 cycB=0.080 idtA=0.048 idtB=0.072 D_A=0.070 D_B=0.123 D_A(real)=0.86 D_A(fake)=0.14 gnG=41.38 gnD=16.11 it_per_s=9.45
2026-10-03 01:11:58,524 INFO iter=466200 epoch=67 lr=3.44e-05 G=3.496 advA2B=0.614 advB2A=0.785 cycA=0.070 cycB=0.080 idtA=0.048 idtB=0.072 D_A=0.070 D_B=0.122 D_A(real)=0.86 D_A(fake)=0.14 gnG=41.28 gnD=16.05 it_per_s=9.46
2026-10-03 01:12:09,039 INFO iter=466300 epoch=67 lr=3.44e-05 G=3.500 advA2B=0.618 advB2A=0.784 cycA=0.070 cycB=0.080 idtA=0.048 idtB=0.072 D_A=0.070 D_B=0.121 D_A(real)=0.86 D_A(fake)=0.14 gnG=42.14 gnD=15.97 it_per_s=9.46
2026-10-03 01:12:19,565 INFO iter=466400 epoch=67 lr=3.43e-05 G=3.506 advA2B=0.620 advB2A=0.782 cycA=0.070 cycB=0.080 idtA=0.048 idtB=0.072 D_A=0.071 D_B=0.121 D_A(real)=0.86 D_A(fake)=0.14 gnG=41.77 gnD=15.96 it_per_s=9.46
2026-10-03 01:12:30,123 INFO iter=466500 epoch=67 lr=3.43e-05 G=3.503 advA2B=0.621 advB2A=0.783 cycA=0.070 cycB=0.080 idtA=0.048 idtB=0.072 D_A=0.070 D_B=0.121 D_A(real)=0.86 D_A(fake)=0.14 gnG=41.52 gnD=15.94 it_per_s=9.46
2026-10-03 01:12:40,656 INFO iter=466600 epoch=67 lr=3.43e-05 G=3.500 advA2B=0.621 advB2A=0.781 cycA=0.070 cycB=0.080 idtA=0.048 idtB=0.072 D_A=0.070 D_B=0.121 D_A(real)=0.86 D_A(fake)=0.14 gnG=41.36 gnD=15.95 it_per_s=9.46
2026-10-03 01:12:51,218 INFO iter=466700 epoch=67 lr=3.42e-05 G=3.501 advA2B=0.622 advB2A=0.781 cycA=0.070 cycB=0.080 idtA=0.048 idtB=0.072 D_A=0.070 D_B=0.121 D_A(real)=0.86 D_A(fake)=0.14 gnG=41.39 gnD=15.96 it_per_s=9.46
2026-10-03 01:13:01,841 INFO iter=466800 epoch=67 lr=3.42e-05 G=3.498 advA2B=0.621 advB2A=0.778 cycA=0.070 cycB=0.080 idtA=0.048 idtB=0.072 D_A=0.070 D_B=0.121 D_A(real)=0.86 D_A(fake)=0.14 gnG=41.25 gnD=16.02 it_per_s=9.46
2026-10-03 01:13:12,328 INFO iter=466900 epoch=67 lr=3.42e-05 G=3.496 advA2B=0.620 advB2A=0.777 cycA=0.070 cycB=0.080 idtA=0.048 idtB=0.072 D_A=0.070 D_B=0.121 D_A(real)=0.86 D_A(fake)=0.14 gnG=41.11 gnD=15.99 it_per_s=9.46
2026-10-03 01:13:22,878 INFO iter=467000 epoch=67 lr=3.41e-05 G=3.496 advA2B=0.620 advB2A=0.778 cycA=0.070 cycB=0.080 idtA=0.048 idtB=0.072 D_A=0.070 D_B=0.121 D_A(real)=0.86 D_A(fake)=0.14 gnG=41.06 gnD=15.94 it_per_s=9.46
2026-10-03 01:13:33,422 INFO iter=467100 epoch=67 lr=3.41e-05 G=3.496 advA2B=0.617 advB2A=0.777 cycA=0.070 cycB=0.080 idtA=0.048 idtB=0.072 D_A=0.070 D_B=0.121 D_A(real)=0.86 D_A(fake)=0.14 gnG=41.00 gnD=15.95 it_per_s=9.47
2026-10-03 01:13:44,037 INFO iter=467200 epoch=67 lr=3.40e-05 G=3.496 advA2B=0.617 advB2A=0.778 cycA=0.070 cycB=0.080 idtA=0.048 idtB=0.072 D_A=0.071 D_B=0.121 D_A(real)=0.86 D_A(fake)=0.14 gnG=40.99 gnD=15.98 it_per_s=9.46
2026-10-03 01:13:54,624 INFO iter=467300 epoch=67 lr=3.40e-05 G=3.495 advA2B=0.617 advB2A=0.776 cycA=0.070 cycB=0.080 idtA=0.048 idtB=0.072 D_A=0.071 D_B=0.121 D_A(real)=0.86 D_A(fake)=0.14 gnG=41.07 gnD=15.96 it_per_s=9.46
2026-10-03 01:14:05,175 INFO iter=467400 epoch=67 lr=3.40e-05 G=3.494 advA2B=0.616 advB2A=0.775 cycA=0.070 cycB=0.080 idtA=0.048 idtB=0.072 D_A=0.071 D_B=0.121 D_A(real)=0.86 D_A(fake)=0.14 gnG=41.03 gnD=15.98 it_per_s=9.46
2026-10-03 01:14:15,724 INFO iter=467500 epoch=67 lr=3.39e-05 G=3.493 advA2B=0.615 advB2A=0.776 cycA=0.070 cycB=0.080 idtA=0.048 idtB=0.072 D_A=0.071 D_B=0.122 D_A(real)=0.86 D_A(fake)=0.14 gnG=41.18 gnD=15.99 it_per_s=9.46
2026-10-03 01:14:26,303 INFO iter=467600 epoch=67 lr=3.39e-05 G=3.493 advA2B=0.614 advB2A=0.776 cycA=0.070 cycB=0.080 idtA=0.048 idtB=0.072 D_A=0.071 D_B=0.123 D_A(real)=0.86 D_A(fake)=0.14 gnG=41.11 gnD=16.01 it_per_s=9.46
2026-10-03 01:14:36,818 INFO iter=467700 epoch=67 lr=3.39e-05 G=3.492 advA2B=0.613 advB2A=0.776 cycA=0.070 cycB=0.080 idtA=0.048 idtB=0.072 D_A=0.071 D_B=0.122 D_A(real)=0.86 D_A(fake)=0.14 gnG=41.06 gnD=16.03 it_per_s=9.47
2026-10-03 01:14:47,368 INFO iter=467800 epoch=67 lr=3.38e-05 G=3.492 advA2B=0.613 advB2A=0.776 cycA=0.070 cycB=0.080 idtA=0.048 idtB=0.072 D_A=0.071 D_B=0.122 D_A(real)=0.86 D_A(fake)=0.14 gnG=41.11 gnD=16.05 it_per_s=9.47
2026-10-03 01:14:57,935 INFO iter=467900 epoch=67 lr=3.38e-05 G=3.491 advA2B=0.614 advB2A=0.775 cycA=0.070 cycB=0.080 idtA=0.048 idtB=0.072 D_A=0.071 D_B=0.122 D_A(real)=0.86 D_A(fake)=0.14 gnG=41.15 gnD=16.05 it_per_s=9.47
2026-10-03 01:15:08,453 INFO iter=468000 epoch=67 lr=3.38e-05 G=3.487 advA2B=0.613 advB2A=0.773 cycA=0.070 cycB=0.080 idtA=0.048 idtB=0.072 D_A=0.071 D_B=0.122 D_A(real)=0.86 D_A(fake)=0.14 gnG=41.21 gnD=16.01 it_per_s=9.47
2026-10-03 01:15:18,910 INFO iter=468100 epoch=67 lr=3.37e-05 G=3.487 advA2B=0.612 advB2A=0.774 cycA=0.070 cycB=0.080 idtA=0.048 idtB=0.072 D_A=0.071 D_B=0.121 D_A(real)=0.86 D_A(fake)=0.14 gnG=41.21 gnD=16.01 it_per_s=9.47
2026-10-03 01:15:29,406 INFO iter=468200 epoch=67 lr=3.37e-05 G=3.486 advA2B=0.612 advB2A=0.774 cycA=0.070 cycB=0.080 idtA=0.048 idtB=0.072 D_A=0.071 D_B=0.122 D_A(real)=0.86 D_A(fake)=0.14 gnG=41.16 gnD=16.01 it_per_s=9.47
2026-10-03 01:15:39,931 INFO iter=468300 epoch=67 lr=3.37e-05 G=3.485 advA2B=0.612 advB2A=0.775 cycA=0.070 cycB=0.080 idtA=0.048 idtB=0.072 D_A=0.071 D_B=0.122 D_A(real)=0.86 D_A(fake)=0.14 gnG=41.27 gnD=16.01 it_per_s=9.47
2026-10-03 01:15:50,527 INFO iter=468400 epoch=67 lr=3.36e-05 G=3.484 advA2B=0.611 advB2A=0.775 cycA=0.070 cycB=0.080 idtA=0.048 idtB=0.072 D_A=0.071 D_B=0.122 D_A(real)=0.86 D_A(fake)=0.14 gnG=41.30 gnD=16.04 it_per_s=9.47
2026-10-03 01:16:01,058 INFO iter=468500 epoch=67 lr=3.36e-05 G=3.484 advA2B=0.611 advB2A=0.776 cycA=0.070 cycB=0.080 idtA=0.048 idtB=0.072 D_A=0.071 D_B=0.122 D_A(real)=0.86 D_A(fake)=0.14 gnG=41.37 gnD=16.06 it_per_s=9.47
2026-10-03 01:16:11,573 INFO iter=468600 epoch=67 lr=3.35e-05 G=3.482 advA2B=0.610 advB2A=0.775 cycA=0.070 cycB=0.080 idtA=0.048 idtB=0.072 D_A=0.071 D_B=0.122 D_A(real)=0.86 D_A(fake)=0.14 gnG=41.43 gnD=16.07 it_per_s=9.47
2026-10-03 01:16:22,112 INFO iter=468700 epoch=67 lr=3.35e-05 G=3.481 advA2B=0.609 advB2A=0.774 cycA=0.070 cycB=0.080 idtA=0.048 idtB=0.072 D_A=0.071 D_B=0.122 D_A(real)=0.86 D_A(fake)=0.14 gnG=41.42 gnD=16.07 it_per_s=9.47
2026-10-03 01:16:32,661 INFO iter=468800 epoch=67 lr=3.35e-05 G=3.479 advA2B=0.609 advB2A=0.774 cycA=0.070 cycB=0.080 idtA=0.048 idtB=0.072 D_A=0.071 D_B=0.122 D_A(real)=0.86 D_A(fake)=0.14 gnG=41.41 gnD=16.07 it_per_s=9.47
2026-10-03 01:16:43,352 INFO iter=468900 epoch=67 lr=3.34e-05 G=3.479 advA2B=0.609 advB2A=0.774 cycA=0.070 cycB=0.080 idtA=0.048 idtB=0.072 D_A=0.071 D_B=0.122 D_A(real)=0.86 D_A(fake)=0.14 gnG=41.41 gnD=16.07 it_per_s=9.47
2026-10-03 01:16:54,021 INFO iter=469000 epoch=67 lr=3.34e-05 G=3.480 advA2B=0.609 advB2A=0.775 cycA=0.070 cycB=0.080 idtA=0.048 idtB=0.072 D_A=0.071 D_B=0.122 D_A(real)=0.86 D_A(fake)=0.14 gnG=41.44 gnD=16.08 it_per_s=9.47
2026-10-03 01:17:04,568 INFO iter=469100 epoch=67 lr=3.34e-05 G=3.480 advA2B=0.609 advB2A=0.775 cycA=0.070 cycB=0.080 idtA=0.048 idtB=0.072 D_A=0.071 D_B=0.123 D_A(real)=0.86 D_A(fake)=0.14 gnG=41.51 gnD=16.10 it_per_s=9.47
2026-10-03 01:17:15,167 INFO iter=469200 epoch=67 lr=3.33e-05 G=3.480 advA2B=0.609 advB2A=0.776 cycA=0.070 cycB=0.080 idtA=0.048 idtB=0.072 D_A=0.071 D_B=0.123 D_A(real)=0.86 D_A(fake)=0.14 gnG=41.59 gnD=16.09 it_per_s=9.47
2026-10-03 01:17:25,665 INFO iter=469300 epoch=67 lr=3.33e-05 G=3.481 advA2B=0.609 advB2A=0.775 cycA=0.070 cycB=0.080 idtA=0.048 idtB=0.072 D_A=0.071 D_B=0.123 D_A(real)=0.86 D_A(fake)=0.14 gnG=41.68 gnD=16.07 it_per_s=9.47
2026-10-03 01:17:36,316 INFO iter=469400 epoch=67 lr=3.33e-05 G=3.481 advA2B=0.609 advB2A=0.775 cycA=0.070 cycB=0.080 idtA=0.048 idtB=0.072 D_A=0.071 D_B=0.123 D_A(real)=0.86 D_A(fake)=0.14 gnG=41.82 gnD=16.08 it_per_s=9.47
2026-10-03 01:17:46,909 INFO iter=469500 epoch=67 lr=3.32e-05 G=3.480 advA2B=0.608 advB2A=0.776 cycA=0.070 cycB=0.080 idtA=0.048 idtB=0.072 D_A=0.071 D_B=0.123 D_A(real)=0.86 D_A(fake)=0.14 gnG=41.78 gnD=16.06 it_per_s=9.47
2026-10-03 01:17:57,483 INFO iter=469600 epoch=67 lr=3.32e-05 G=3.481 advA2B=0.609 advB2A=0.776 cycA=0.070 cycB=0.080 idtA=0.048 idtB=0.072 D_A=0.071 D_B=0.123 D_A(real)=0.86 D_A(fake)=0.14 gnG=41.83 gnD=16.07 it_per_s=9.47
2026-10-03 01:18:08,027 INFO iter=469700 epoch=67 lr=3.32e-05 G=3.483 advA2B=0.609 advB2A=0.777 cycA=0.070 cycB=0.080 idtA=0.048 idtB=0.072 D_A=0.071 D_B=0.123 D_A(real)=0.86 D_A(fake)=0.14 gnG=41.86 gnD=16.07 it_per_s=9.47
2026-10-03 01:18:18,584 INFO iter=469800 epoch=67 lr=3.31e-05 G=3.483 advA2B=0.610 advB2A=0.776 cycA=0.070 cycB=0.080 idtA=0.048 idtB=0.072 D_A=0.071 D_B=0.123 D_A(real)=0.86 D_A(fake)=0.14 gnG=41.82 gnD=16.05 it_per_s=9.47
2026-10-03 01:18:29,161 INFO iter=469900 epoch=67 lr=3.31e-05 G=3.483 advA2B=0.610 advB2A=0.777 cycA=0.070 cycB=0.080 idtA=0.048 idtB=0.072 D_A=0.071 D_B=0.123 D_A(real)=0.86 D_A(fake)=0.14 gnG=41.79 gnD=16.05 it_per_s=9.47
2026-10-03 01:18:39,694 INFO iter=470000 epoch=67 lr=3.30e-05 G=3.482 advA2B=0.609 advB2A=0.776 cycA=0.070 cycB=0.080 idtA=0.048 idtB=0.072 D_A=0.071 D_B=0.123 D_A(real)=0.86 D_A(fake)=0.14 gnG=41.85 gnD=16.05 it_per_s=9.47
2026-10-03 01:18:50,249 INFO iter=470100 epoch=67 lr=3.30e-05 G=3.483 advA2B=0.609 advB2A=0.776 cycA=0.070 cycB=0.080 idtA=0.048 idtB=0.072 D_A=0.071 D_B=0.123 D_A(real)=0.86 D_A(fake)=0.14 gnG=41.81 gnD=16.05 it_per_s=9.47
2026-10-03 01:19:00,804 INFO iter=470200 epoch=67 lr=3.30e-05 G=3.485 advA2B=0.610 advB2A=0.776 cycA=0.070 cycB=0.080 idtA=0.048 idtB=0.072 D_A=0.071 D_B=0.123 D_A(real)=0.86 D_A(fake)=0.14 gnG=41.81 gnD=16.04 it_per_s=9.47
2026-10-03 01:19:11,463 INFO iter=470300 epoch=67 lr=3.29e-05 G=3.483 advA2B=0.610 advB2A=0.776 cycA=0.070 cycB=0.080 idtA=0.048 idtB=0.072 D_A=0.071 D_B=0.123 D_A(real)=0.86 D_A(fake)=0.14 gnG=41.79 gnD=16.04 it_per_s=9.47
2026-10-03 01:19:21,955 INFO iter=470400 epoch=67 lr=3.29e-05 G=3.482 advA2B=0.608 advB2A=0.775 cycA=0.070 cycB=0.080 idtA=0.048 idtB=0.072 D_A=0.071 D_B=0.123 D_A(real)=0.86 D_A(fake)=0.14 gnG=41.79 gnD=16.06 it_per_s=9.47
2026-10-03 01:19:32,467 INFO iter=470500 epoch=67 lr=3.29e-05 G=3.481 advA2B=0.608 advB2A=0.776 cycA=0.070 cycB=0.080 idtA=0.048 idtB=0.072 D_A=0.071 D_B=0.123 D_A(real)=0.86 D_A(fake)=0.14 gnG=41.77 gnD=16.06 it_per_s=9.47
2026-10-03 01:19:42,990 INFO iter=470600 epoch=67 lr=3.28e-05 G=3.481 advA2B=0.608 advB2A=0.775 cycA=0.070 cycB=0.080 idtA=0.048 idtB=0.072 D_A=0.071 D_B=0.123 D_A(real)=0.86 D_A(fake)=0.14 gnG=41.81 gnD=16.05 it_per_s=9.47
2026-10-03 01:19:53,509 INFO iter=470700 epoch=67 lr=3.28e-05 G=3.481 advA2B=0.608 advB2A=0.775 cycA=0.070 cycB=0.080 idtA=0.048 idtB=0.072 D_A=0.071 D_B=0.123 D_A(real)=0.86 D_A(fake)=0.14 gnG=41.78 gnD=16.07 it_per_s=9.47
2026-10-03 01:20:04,083 INFO iter=470800 epoch=67 lr=3.28e-05 G=3.482 advA2B=0.608 advB2A=0.775 cycA=0.070 cycB=0.080 idtA=0.048 idtB=0.072 D_A=0.071 D_B=0.123 D_A(real)=0.86 D_A(fake)=0.14 gnG=41.85 gnD=16.08 it_per_s=9.47
2026-10-03 01:20:14,667 INFO iter=470900 epoch=67 lr=3.27e-05 G=3.484 advA2B=0.608 advB2A=0.776 cycA=0.070 cycB=0.080 idtA=0.048 idtB=0.072 D_A=0.071 D_B=0.123 D_A(real)=0.86 D_A(fake)=0.14 gnG=41.84 gnD=16.07 it_per_s=9.47
2026-10-03 01:20:25,224 INFO iter=471000 epoch=67 lr=3.27e-05 G=3.484 advA2B=0.608 advB2A=0.776 cycA=0.070 cycB=0.080 idtA=0.048 idtB=0.072 D_A=0.071 D_B=0.123 D_A(real)=0.86 D_A(fake)=0.14 gnG=41.94 gnD=16.06 it_per_s=9.47
2026-10-03 01:20:35,797 INFO iter=471100 epoch=67 lr=3.27e-05 G=3.484 advA2B=0.608 advB2A=0.777 cycA=0.070 cycB=0.080 idtA=0.048 idtB=0.072 D_A=0.071 D_B=0.123 D_A(real)=0.86 D_A(fake)=0.14 gnG=41.92 gnD=16.06 it_per_s=9.47
2026-10-03 01:20:46,325 INFO iter=471200 epoch=67 lr=3.26e-05 G=3.484 advA2B=0.608 advB2A=0.777 cycA=0.070 cycB=0.080 idtA=0.048 idtB=0.072 D_A=0.071 D_B=0.123 D_A(real)=0.86 D_A(fake)=0.14 gnG=41.92 gnD=16.04 it_per_s=9.47
2026-10-03 01:20:56,893 INFO iter=471300 epoch=67 lr=3.26e-05 G=3.485 advA2B=0.608 advB2A=0.777 cycA=0.070 cycB=0.080 idtA=0.048 idtB=0.072 D_A=0.071 D_B=0.123 D_A(real)=0.86 D_A(fake)=0.14 gnG=41.93 gnD=16.05 it_per_s=9.47
2026-10-03 01:21:07,580 INFO iter=471400 epoch=67 lr=3.26e-05 G=3.484 advA2B=0.608 advB2A=0.777 cycA=0.070 cycB=0.080 idtA=0.048 idtB=0.072 D_A=0.071 D_B=0.123 D_A(real)=0.86 D_A(fake)=0.14 gnG=41.97 gnD=16.06 it_per_s=9.47
2026-10-03 01:21:18,191 INFO iter=471500 epoch=67 lr=3.25e-05 G=3.486 advA2B=0.608 advB2A=0.777 cycA=0.070 cycB=0.080 idtA=0.048 idtB=0.072 D_A=0.071 D_B=0.123 D_A(real)=0.86 D_A(fake)=0.14 gnG=42.03 gnD=16.05 it_per_s=9.47
2026-10-03 01:21:23,024 INFO epoch=67 done time_s=743 it_per_s=9.47 G=3.487 cycA=0.070 cycB=0.080 idtA=0.048 idtB=0.072 D_A=0.071 D_B=0.123 D_A(real)=0.86 D_A(fake)=0.14 nan_count=0
2026-10-03 01:21:29,332 INFO iter=471600 epoch=68 lr=3.25e-05 G=3.486 advA2B=0.611 advB2A=0.774 cycA=0.071 cycB=0.076 idtA=0.049 idtB=0.076 D_A=0.067 D_B=0.140 D_A(real)=0.86 D_A(fake)=0.14 gnG=40.71 gnD=17.78 it_per_s=9.47
2026-10-03 01:21:39,887 INFO iter=471700 epoch=68 lr=3.24e-05 G=3.463 advA2B=0.599 advB2A=0.739 cycA=0.073 cycB=0.079 idtA=0.049 idtB=0.072 D_A=0.063 D_B=0.127 D_A(real)=0.88 D_A(fake)=0.12 gnG=41.93 gnD=16.21 it_per_s=9.47
2026-10-03 01:21:50,487 INFO iter=471800 epoch=68 lr=3.24e-05 G=3.471 advA2B=0.621 advB2A=0.765 cycA=0.071 cycB=0.078 idtA=0.049 idtB=0.069 D_A=0.065 D_B=0.127 D_A(real)=0.87 D_A(fake)=0.13 gnG=43.28 gnD=16.18 it_per_s=9.46
2026-10-03 01:22:01,210 INFO iter=471900 epoch=68 lr=3.24e-05 G=3.512 advA2B=0.636 advB2A=0.775 cycA=0.072 cycB=0.078 idtA=0.049 idtB=0.070 D_A=0.066 D_B=0.124 D_A(real)=0.87 D_A(fake)=0.13 gnG=44.80 gnD=16.00 it_per_s=9.42
2026-10-03 01:22:11,827 INFO iter=472000 epoch=68 lr=3.23e-05 G=3.503 advA2B=0.632 advB2A=0.770 cycA=0.071 cycB=0.079 idtA=0.049 idtB=0.071 D_A=0.068 D_B=0.125 D_A(real)=0.87 D_A(fake)=0.14 gnG=44.67 gnD=16.21 it_per_s=9.42
2026-10-03 01:22:22,501 INFO iter=472100 epoch=68 lr=3.23e-05 G=3.493 advA2B=0.624 advB2A=0.768 cycA=0.071 cycB=0.079 idtA=0.049 idtB=0.070 D_A=0.069 D_B=0.124 D_A(real)=0.86 D_A(fake)=0.14 gnG=43.98 gnD=16.07 it_per_s=9.41
2026-10-03 01:22:33,059 INFO iter=472200 epoch=68 lr=3.23e-05 G=3.486 advA2B=0.625 advB2A=0.770 cycA=0.071 cycB=0.079 idtA=0.049 idtB=0.071 D_A=0.070 D_B=0.122 D_A(real)=0.86 D_A(fake)=0.14 gnG=43.81 gnD=15.97 it_per_s=9.42
2026-10-03 01:22:43,595 INFO iter=472300 epoch=68 lr=3.22e-05 G=3.475 advA2B=0.621 advB2A=0.770 cycA=0.071 cycB=0.078 idtA=0.049 idtB=0.070 D_A=0.072 D_B=0.122 D_A(real)=0.86 D_A(fake)=0.14 gnG=43.12 gnD=15.99 it_per_s=9.43
2026-10-03 01:22:54,141 INFO iter=472400 epoch=68 lr=3.22e-05 G=3.478 advA2B=0.625 advB2A=0.771 cycA=0.071 cycB=0.078 idtA=0.049 idtB=0.070 D_A=0.073 D_B=0.122 D_A(real)=0.86 D_A(fake)=0.14 gnG=43.17 gnD=16.10 it_per_s=9.44
2026-10-03 01:23:04,702 INFO iter=472500 epoch=68 lr=3.22e-05 G=3.468 advA2B=0.618 advB2A=0.773 cycA=0.070 cycB=0.078 idtA=0.048 idtB=0.070 D_A=0.073 D_B=0.124 D_A(real)=0.86 D_A(fake)=0.14 gnG=42.92 gnD=16.22 it_per_s=9.44
2026-10-03 01:23:15,285 INFO iter=472600 epoch=68 lr=3.21e-05 G=3.462 advA2B=0.614 advB2A=0.775 cycA=0.070 cycB=0.078 idtA=0.048 idtB=0.070 D_A=0.073 D_B=0.123 D_A(real)=0.86 D_A(fake)=0.14 gnG=42.77 gnD=16.13 it_per_s=9.44
2026-10-03 01:23:25,837 INFO iter=472700 epoch=68 lr=3.21e-05 G=3.455 advA2B=0.612 advB2A=0.770 cycA=0.070 cycB=0.078 idtA=0.048 idtB=0.070 D_A=0.073 D_B=0.123 D_A(real)=0.85 D_A(fake)=0.15 gnG=42.80 gnD=16.11 it_per_s=9.44
2026-10-03 01:23:36,315 INFO iter=472800 epoch=68 lr=3.21e-05 G=3.449 advA2B=0.609 advB2A=0.767 cycA=0.070 cycB=0.078 idtA=0.048 idtB=0.070 D_A=0.073 D_B=0.123 D_A(real)=0.85 D_A(fake)=0.15 gnG=42.68 gnD=16.08 it_per_s=9.45
2026-10-03 01:23:46,817 INFO iter=472900 epoch=68 lr=3.20e-05 G=3.449 advA2B=0.611 advB2A=0.768 cycA=0.070 cycB=0.078 idtA=0.048 idtB=0.070 D_A=0.073 D_B=0.122 D_A(real)=0.85 D_A(fake)=0.15 gnG=42.49 gnD=16.03 it_per_s=9.46
2026-10-03 01:23:57,345 INFO iter=473000 epoch=68 lr=3.20e-05 G=3.444 advA2B=0.607 advB2A=0.768 cycA=0.070 cycB=0.078 idtA=0.048 idtB=0.070 D_A=0.072 D_B=0.122 D_A(real)=0.86 D_A(fake)=0.14 gnG=42.48 gnD=16.00 it_per_s=9.46
2026-10-03 01:24:07,821 INFO iter=473100 epoch=68 lr=3.19e-05 G=3.453 advA2B=0.612 advB2A=0.772 cycA=0.070 cycB=0.078 idtA=0.048 idtB=0.070 D_A=0.072 D_B=0.122 D_A(real)=0.85 D_A(fake)=0.15 gnG=42.47 gnD=15.96 it_per_s=9.46
2026-10-03 01:24:18,345 INFO iter=473200 epoch=68 lr=3.19e-05 G=3.460 advA2B=0.612 advB2A=0.775 cycA=0.070 cycB=0.078 idtA=0.048 idtB=0.070 D_A=0.072 D_B=0.122 D_A(real)=0.85 D_A(fake)=0.14 gnG=42.58 gnD=15.88 it_per_s=9.47
2026-10-03 01:24:28,837 INFO iter=473300 epoch=68 lr=3.19e-05 G=3.464 advA2B=0.612 advB2A=0.775 cycA=0.070 cycB=0.079 idtA=0.048 idtB=0.071 D_A=0.072 D_B=0.122 D_A(real)=0.86 D_A(fake)=0.14 gnG=42.62 gnD=15.87 it_per_s=9.47
2026-10-03 01:24:39,316 INFO iter=473400 epoch=68 lr=3.18e-05 G=3.460 advA2B=0.610 advB2A=0.775 cycA=0.069 cycB=0.079 idtA=0.048 idtB=0.070 D_A=0.072 D_B=0.122 D_A(real)=0.86 D_A(fake)=0.14 gnG=42.40 gnD=15.85 it_per_s=9.47
2026-10-03 01:24:49,863 INFO iter=473500 epoch=68 lr=3.18e-05 G=3.463 advA2B=0.610 advB2A=0.778 cycA=0.070 cycB=0.079 idtA=0.048 idtB=0.070 D_A=0.071 D_B=0.123 D_A(real)=0.86 D_A(fake)=0.14 gnG=42.28 gnD=15.86 it_per_s=9.47
2026-10-03 01:25:00,426 INFO iter=473600 epoch=68 lr=3.18e-05 G=3.465 advA2B=0.610 advB2A=0.777 cycA=0.070 cycB=0.079 idtA=0.048 idtB=0.071 D_A=0.071 D_B=0.123 D_A(real)=0.86 D_A(fake)=0.14 gnG=42.27 gnD=15.84 it_per_s=9.47
2026-10-03 01:25:10,968 INFO iter=473700 epoch=68 lr=3.17e-05 G=3.465 advA2B=0.611 advB2A=0.778 cycA=0.070 cycB=0.079 idtA=0.048 idtB=0.070 D_A=0.071 D_B=0.123 D_A(real)=0.86 D_A(fake)=0.14 gnG=42.29 gnD=15.84 it_per_s=9.47
2026-10-03 01:25:21,490 INFO iter=473800 epoch=68 lr=3.17e-05 G=3.470 advA2B=0.613 advB2A=0.779 cycA=0.070 cycB=0.079 idtA=0.048 idtB=0.070 D_A=0.071 D_B=0.123 D_A(real)=0.86 D_A(fake)=0.14 gnG=42.44 gnD=15.88 it_per_s=9.48
2026-10-03 01:25:32,048 INFO iter=473900 epoch=68 lr=3.17e-05 G=3.474 advA2B=0.612 advB2A=0.779 cycA=0.070 cycB=0.079 idtA=0.048 idtB=0.071 D_A=0.071 D_B=0.123 D_A(real)=0.86 D_A(fake)=0.14 gnG=42.27 gnD=15.92 it_per_s=9.48
2026-10-03 01:25:42,583 INFO iter=474000 epoch=68 lr=3.16e-05 G=3.474 advA2B=0.612 advB2A=0.778 cycA=0.070 cycB=0.079 idtA=0.048 idtB=0.071 D_A=0.071 D_B=0.122 D_A(real)=0.86 D_A(fake)=0.14 gnG=42.29 gnD=15.90 it_per_s=9.48
2026-10-03 01:25:53,156 INFO iter=474100 epoch=68 lr=3.16e-05 G=3.473 advA2B=0.612 advB2A=0.777 cycA=0.070 cycB=0.079 idtA=0.048 idtB=0.071 D_A=0.071 D_B=0.122 D_A(real)=0.86 D_A(fake)=0.14 gnG=42.28 gnD=15.92 it_per_s=9.48
2026-10-03 01:26:03,663 INFO iter=474200 epoch=68 lr=3.16e-05 G=3.473 advA2B=0.612 advB2A=0.776 cycA=0.070 cycB=0.079 idtA=0.048 idtB=0.071 D_A=0.071 D_B=0.123 D_A(real)=0.86 D_A(fake)=0.14 gnG=42.26 gnD=15.94 it_per_s=9.48
2026-10-03 01:26:14,270 INFO iter=474300 epoch=68 lr=3.15e-05 G=3.472 advA2B=0.612 advB2A=0.776 cycA=0.070 cycB=0.079 idtA=0.048 idtB=0.071 D_A=0.071 D_B=0.123 D_A(real)=0.86 D_A(fake)=0.14 gnG=42.29 gnD=15.94 it_per_s=9.48
2026-10-03 01:26:24,843 INFO iter=474400 epoch=68 lr=3.15e-05 G=3.472 advA2B=0.610 advB2A=0.776 cycA=0.070 cycB=0.079 idtA=0.048 idtB=0.071 D_A=0.071 D_B=0.123 D_A(real)=0.86 D_A(fake)=0.14 gnG=42.25 gnD=15.95 it_per_s=9.47
2026-10-03 01:26:35,437 INFO iter=474500 epoch=68 lr=3.15e-05 G=3.478 advA2B=0.610 advB2A=0.777 cycA=0.070 cycB=0.079 idtA=0.049 idtB=0.071 D_A=0.071 D_B=0.123 D_A(real)=0.86 D_A(fake)=0.14 gnG=42.34 gnD=15.99 it_per_s=9.47
2026-10-03 01:26:46,039 INFO iter=474600 epoch=68 lr=3.14e-05 G=3.476 advA2B=0.609 advB2A=0.778 cycA=0.070 cycB=0.079 idtA=0.049 idtB=0.071 D_A=0.071 D_B=0.123 D_A(real)=0.86 D_A(fake)=0.14 gnG=42.25 gnD=16.02 it_per_s=9.47
2026-10-03 01:26:56,593 INFO iter=474700 epoch=68 lr=3.14e-05 G=3.476 advA2B=0.609 advB2A=0.779 cycA=0.070 cycB=0.079 idtA=0.048 idtB=0.071 D_A=0.071 D_B=0.123 D_A(real)=0.86 D_A(fake)=0.14 gnG=42.48 gnD=16.01 it_per_s=9.47
2026-10-03 01:27:07,223 INFO iter=474800 epoch=68 lr=3.13e-05 G=3.475 advA2B=0.608 advB2A=0.779 cycA=0.070 cycB=0.079 idtA=0.048 idtB=0.071 D_A=0.071 D_B=0.123 D_A(real)=0.86 D_A(fake)=0.14 gnG=42.43 gnD=16.00 it_per_s=9.47
2026-10-03 01:27:17,864 INFO iter=474900 epoch=68 lr=3.13e-05 G=3.475 advA2B=0.608 advB2A=0.779 cycA=0.070 cycB=0.079 idtA=0.048 idtB=0.071 D_A=0.071 D_B=0.123 D_A(real)=0.86 D_A(fake)=0.14 gnG=42.36 gnD=15.99 it_per_s=9.47
2026-10-03 01:27:28,413 INFO iter=475000 epoch=68 lr=3.13e-05 G=3.472 advA2B=0.608 advB2A=0.778 cycA=0.070 cycB=0.079 idtA=0.048 idtB=0.071 D_A=0.071 D_B=0.123 D_A(real)=0.86 D_A(fake)=0.14 gnG=42.29 gnD=16.00 it_per_s=9.47
2026-10-03 01:27:39,033 INFO iter=475100 epoch=68 lr=3.12e-05 G=3.472 advA2B=0.606 advB2A=0.778 cycA=0.070 cycB=0.079 idtA=0.048 idtB=0.071 D_A=0.071 D_B=0.123 D_A(real)=0.86 D_A(fake)=0.14 gnG=42.29 gnD=15.99 it_per_s=9.47
2026-10-03 01:27:49,659 INFO iter=475200 epoch=68 lr=3.12e-05 G=3.474 advA2B=0.607 advB2A=0.779 cycA=0.070 cycB=0.079 idtA=0.048 idtB=0.071 D_A=0.071 D_B=0.123 D_A(real)=0.86 D_A(fake)=0.14 gnG=42.27 gnD=15.97 it_per_s=9.47
2026-10-03 01:28:00,241 INFO iter=475300 epoch=68 lr=3.12e-05 G=3.479 advA2B=0.609 advB2A=0.780 cycA=0.070 cycB=0.079 idtA=0.048 idtB=0.071 D_A=0.071 D_B=0.122 D_A(real)=0.86 D_A(fake)=0.14 gnG=42.39 gnD=15.94 it_per_s=9.47
2026-10-03 01:28:10,801 INFO iter=475400 epoch=68 lr=3.11e-05 G=3.479 advA2B=0.608 advB2A=0.781 cycA=0.070 cycB=0.079 idtA=0.048 idtB=0.071 D_A=0.071 D_B=0.122 D_A(real)=0.86 D_A(fake)=0.14 gnG=42.47 gnD=15.93 it_per_s=9.47
2026-10-03 01:28:21,385 INFO iter=475500 epoch=68 lr=3.11e-05 G=3.479 advA2B=0.606 advB2A=0.781 cycA=0.070 cycB=0.079 idtA=0.048 idtB=0.071 D_A=0.071 D_B=0.123 D_A(real)=0.86 D_A(fake)=0.14 gnG=42.52 gnD=15.96 it_per_s=9.46
2026-10-03 01:28:31,915 INFO iter=475600 epoch=68 lr=3.11e-05 G=3.477 advA2B=0.607 advB2A=0.781 cycA=0.070 cycB=0.079 idtA=0.048 idtB=0.071 D_A=0.071 D_B=0.122 D_A(real)=0.86 D_A(fake)=0.14 gnG=42.52 gnD=15.97 it_per_s=9.47
2026-10-03 01:28:42,491 INFO iter=475700 epoch=68 lr=3.10e-05 G=3.476 advA2B=0.607 advB2A=0.780 cycA=0.070 cycB=0.079 idtA=0.048 idtB=0.071 D_A=0.071 D_B=0.122 D_A(real)=0.86 D_A(fake)=0.14 gnG=42.63 gnD=15.98 it_per_s=9.47
2026-10-03 01:28:53,107 INFO iter=475800 epoch=68 lr=3.10e-05 G=3.478 advA2B=0.607 advB2A=0.779 cycA=0.070 cycB=0.079 idtA=0.048 idtB=0.071 D_A=0.071 D_B=0.122 D_A(real)=0.86 D_A(fake)=0.14 gnG=42.63 gnD=15.99 it_per_s=9.46
2026-10-03 01:29:03,661 INFO iter=475900 epoch=68 lr=3.10e-05 G=3.476 advA2B=0.607 advB2A=0.779 cycA=0.070 cycB=0.079 idtA=0.048 idtB=0.071 D_A=0.071 D_B=0.122 D_A(real)=0.86 D_A(fake)=0.14 gnG=42.68 gnD=15.98 it_per_s=9.46
2026-10-03 01:29:14,184 INFO iter=476000 epoch=68 lr=3.09e-05 G=3.475 advA2B=0.606 advB2A=0.779 cycA=0.070 cycB=0.079 idtA=0.048 idtB=0.071 D_A=0.071 D_B=0.123 D_A(real)=0.86 D_A(fake)=0.14 gnG=42.67 gnD=16.00 it_per_s=9.47
2026-10-03 01:29:24,729 INFO iter=476100 epoch=68 lr=3.09e-05 G=3.475 advA2B=0.607 advB2A=0.779 cycA=0.070 cycB=0.079 idtA=0.048 idtB=0.071 D_A=0.071 D_B=0.122 D_A(real)=0.86 D_A(fake)=0.14 gnG=42.73 gnD=15.99 it_per_s=9.47
2026-10-03 01:29:35,217 INFO iter=476200 epoch=68 lr=3.08e-05 G=3.478 advA2B=0.608 advB2A=0.779 cycA=0.070 cycB=0.079 idtA=0.049 idtB=0.071 D_A=0.071 D_B=0.123 D_A(real)=0.86 D_A(fake)=0.14 gnG=42.71 gnD=16.01 it_per_s=9.47
2026-10-03 01:29:45,792 INFO iter=476300 epoch=68 lr=3.08e-05 G=3.478 advA2B=0.607 advB2A=0.778 cycA=0.070 cycB=0.079 idtA=0.048 idtB=0.071 D_A=0.071 D_B=0.123 D_A(real)=0.86 D_A(fake)=0.14 gnG=42.71 gnD=16.01 it_per_s=9.47
2026-10-03 01:29:56,361 INFO iter=476400 epoch=68 lr=3.08e-05 G=3.481 advA2B=0.607 advB2A=0.780 cycA=0.070 cycB=0.079 idtA=0.048 idtB=0.071 D_A=0.071 D_B=0.123 D_A(real)=0.86 D_A(fake)=0.14 gnG=42.75 gnD=16.02 it_per_s=9.47
2026-10-03 01:30:06,923 INFO iter=476500 epoch=68 lr=3.07e-05 G=3.478 advA2B=0.606 advB2A=0.779 cycA=0.070 cycB=0.079 idtA=0.048 idtB=0.071 D_A=0.071 D_B=0.123 D_A(real)=0.86 D_A(fake)=0.14 gnG=42.81 gnD=16.04 it_per_s=9.47
2026-10-03 01:30:17,501 INFO iter=476600 epoch=68 lr=3.07e-05 G=3.479 advA2B=0.606 advB2A=0.779 cycA=0.070 cycB=0.079 idtA=0.048 idtB=0.071 D_A=0.071 D_B=0.123 D_A(real)=0.86 D_A(fake)=0.14 gnG=42.93 gnD=16.06 it_per_s=9.47
2026-10-03 01:30:28,071 INFO iter=476700 epoch=68 lr=3.07e-05 G=3.481 advA2B=0.606 advB2A=0.780 cycA=0.070 cycB=0.079 idtA=0.048 idtB=0.072 D_A=0.071 D_B=0.123 D_A(real)=0.86 D_A(fake)=0.14 gnG=42.90 gnD=16.05 it_per_s=9.47
2026-10-03 01:30:38,616 INFO iter=476800 epoch=68 lr=3.06e-05 G=3.482 advA2B=0.606 advB2A=0.780 cycA=0.070 cycB=0.079 idtA=0.048 idtB=0.072 D_A=0.071 D_B=0.123 D_A(real)=0.86 D_A(fake)=0.14 gnG=42.95 gnD=16.05 it_per_s=9.47
2026-10-03 01:30:49,187 INFO iter=476900 epoch=68 lr=3.06e-05 G=3.481 advA2B=0.606 advB2A=0.780 cycA=0.070 cycB=0.079 idtA=0.048 idtB=0.072 D_A=0.071 D_B=0.123 D_A(real)=0.86 D_A(fake)=0.14 gnG=43.01 gnD=16.05 it_per_s=9.47
2026-10-03 01:30:59,773 INFO iter=477000 epoch=68 lr=3.06e-05 G=3.481 advA2B=0.606 advB2A=0.780 cycA=0.070 cycB=0.079 idtA=0.048 idtB=0.072 D_A=0.071 D_B=0.122 D_A(real)=0.86 D_A(fake)=0.14 gnG=43.09 gnD=16.00 it_per_s=9.47
2026-10-03 01:31:10,330 INFO iter=477100 epoch=68 lr=3.05e-05 G=3.480 advA2B=0.605 advB2A=0.780 cycA=0.070 cycB=0.079 idtA=0.048 idtB=0.072 D_A=0.071 D_B=0.122 D_A(real)=0.86 D_A(fake)=0.14 gnG=43.16 gnD=16.00 it_per_s=9.47
2026-10-03 01:31:20,909 INFO iter=477200 epoch=68 lr=3.05e-05 G=3.480 advA2B=0.605 advB2A=0.781 cycA=0.070 cycB=0.079 idtA=0.048 idtB=0.072 D_A=0.071 D_B=0.122 D_A(real)=0.86 D_A(fake)=0.14 gnG=43.12 gnD=16.00 it_per_s=9.47
2026-10-03 01:31:31,483 INFO iter=477300 epoch=68 lr=3.05e-05 G=3.480 advA2B=0.605 advB2A=0.781 cycA=0.070 cycB=0.079 idtA=0.048 idtB=0.071 D_A=0.071 D_B=0.122 D_A(real)=0.86 D_A(fake)=0.14 gnG=43.23 gnD=16.01 it_per_s=9.47
2026-10-03 01:31:41,990 INFO iter=477400 epoch=68 lr=3.04e-05 G=3.480 advA2B=0.605 advB2A=0.781 cycA=0.070 cycB=0.079 idtA=0.048 idtB=0.072 D_A=0.071 D_B=0.122 D_A(real)=0.86 D_A(fake)=0.14 gnG=43.30 gnD=16.00 it_per_s=9.47
2026-10-03 01:31:52,585 INFO iter=477500 epoch=68 lr=3.04e-05 G=3.481 advA2B=0.605 advB2A=0.782 cycA=0.070 cycB=0.079 idtA=0.048 idtB=0.072 D_A=0.070 D_B=0.122 D_A(real)=0.86 D_A(fake)=0.14 gnG=43.39 gnD=16.00 it_per_s=9.47
2026-10-03 01:32:03,143 INFO iter=477600 epoch=68 lr=3.03e-05 G=3.482 advA2B=0.606 advB2A=0.782 cycA=0.070 cycB=0.079 idtA=0.048 idtB=0.071 D_A=0.070 D_B=0.122 D_A(real)=0.86 D_A(fake)=0.14 gnG=43.52 gnD=16.00 it_per_s=9.47
2026-10-03 01:32:13,691 INFO iter=477700 epoch=68 lr=3.03e-05 G=3.481 advA2B=0.606 advB2A=0.782 cycA=0.070 cycB=0.079 idtA=0.048 idtB=0.071 D_A=0.070 D_B=0.122 D_A(real)=0.86 D_A(fake)=0.14 gnG=43.48 gnD=16.00 it_per_s=9.47
2026-10-03 01:32:24,290 INFO iter=477800 epoch=68 lr=3.03e-05 G=3.482 advA2B=0.606 advB2A=0.783 cycA=0.070 cycB=0.079 idtA=0.048 idtB=0.071 D_A=0.070 D_B=0.123 D_A(real)=0.86 D_A(fake)=0.14 gnG=43.47 gnD=15.99 it_per_s=9.47
2026-10-03 01:32:34,872 INFO iter=477900 epoch=68 lr=3.02e-05 G=3.482 advA2B=0.607 advB2A=0.783 cycA=0.070 cycB=0.079 idtA=0.048 idtB=0.071 D_A=0.070 D_B=0.122 D_A(real)=0.86 D_A(fake)=0.14 gnG=43.54 gnD=15.98 it_per_s=9.47
2026-10-03 01:32:45,431 INFO iter=478000 epoch=68 lr=3.02e-05 G=3.483 advA2B=0.608 advB2A=0.783 cycA=0.070 cycB=0.079 idtA=0.048 idtB=0.071 D_A=0.070 D_B=0.122 D_A(real)=0.86 D_A(fake)=0.14 gnG=43.56 gnD=15.99 it_per_s=9.47
2026-10-03 01:32:56,016 INFO iter=478100 epoch=68 lr=3.02e-05 G=3.483 advA2B=0.607 advB2A=0.783 cycA=0.070 cycB=0.079 idtA=0.048 idtB=0.071 D_A=0.070 D_B=0.122 D_A(real)=0.86 D_A(fake)=0.14 gnG=43.59 gnD=15.99 it_per_s=9.47
2026-10-03 01:33:06,576 INFO iter=478200 epoch=68 lr=3.01e-05 G=3.483 advA2B=0.607 advB2A=0.783 cycA=0.070 cycB=0.079 idtA=0.048 idtB=0.071 D_A=0.070 D_B=0.122 D_A(real)=0.86 D_A(fake)=0.14 gnG=43.59 gnD=16.00 it_per_s=9.47
2026-10-03 01:33:17,138 INFO iter=478300 epoch=68 lr=3.01e-05 G=3.485 advA2B=0.608 advB2A=0.784 cycA=0.070 cycB=0.079 idtA=0.048 idtB=0.071 D_A=0.070 D_B=0.122 D_A(real)=0.86 D_A(fake)=0.14 gnG=43.61 gnD=16.00 it_per_s=9.47
2026-10-03 01:33:27,636 INFO iter=478400 epoch=68 lr=3.01e-05 G=3.485 advA2B=0.607 advB2A=0.785 cycA=0.070 cycB=0.079 idtA=0.048 idtB=0.071 D_A=0.070 D_B=0.122 D_A(real)=0.86 D_A(fake)=0.14 gnG=43.65 gnD=15.99 it_per_s=9.47
2026-10-03 01:33:38,165 INFO iter=478500 epoch=68 lr=3.00e-05 G=3.486 advA2B=0.608 advB2A=0.785 cycA=0.070 cycB=0.079 idtA=0.048 idtB=0.071 D_A=0.070 D_B=0.122 D_A(real)=0.86 D_A(fake)=0.14 gnG=43.74 gnD=15.98 it_per_s=9.47
2026-10-03 01:33:47,125 INFO epoch=68 done time_s=744 it_per_s=9.47 G=3.486 cycA=0.070 cycB=0.079 idtA=0.048 idtB=0.071 D_A=0.070 D_B=0.122 D_A(real)=0.86 D_A(fake)=0.14 nan_count=0
2026-10-03 01:33:49,521 INFO iter=478600 epoch=69 lr=3.00e-05 G=3.633 advA2B=0.656 advB2A=0.816 cycA=0.067 cycB=0.088 idtA=0.047 idtB=0.074 D_A=0.100 D_B=0.116 D_A(real)=0.77 D_A(fake)=0.20 gnG=38.99 gnD=16.79 it_per_s=9.26
2026-10-03 01:34:00,184 INFO iter=478700 epoch=69 lr=3.00e-05 G=3.455 advA2B=0.608 advB2A=0.759 cycA=0.070 cycB=0.080 idtA=0.048 idtB=0.071 D_A=0.076 D_B=0.123 D_A(real)=0.85 D_A(fake)=0.15 gnG=44.33 gnD=17.06 it_per_s=9.36
2026-10-03 01:34:10,779 INFO iter=478800 epoch=69 lr=2.99e-05 G=3.446 advA2B=0.600 advB2A=0.738 cycA=0.070 cycB=0.081 idtA=0.048 idtB=0.072 D_A=0.073 D_B=0.125 D_A(real)=0.85 D_A(fake)=0.14 gnG=43.90 gnD=16.97 it_per_s=9.40
2026-10-03 01:34:21,357 INFO iter=478900 epoch=69 lr=2.99e-05 G=3.449 advA2B=0.595 advB2A=0.752 cycA=0.070 cycB=0.081 idtA=0.048 idtB=0.071 D_A=0.073 D_B=0.125 D_A(real)=0.85 D_A(fake)=0.14 gnG=43.25 gnD=16.85 it_per_s=9.41
2026-10-03 01:34:31,877 INFO iter=479000 epoch=69 lr=2.99e-05 G=3.430 advA2B=0.585 advB2A=0.766 cycA=0.070 cycB=0.079 idtA=0.048 idtB=0.070 D_A=0.072 D_B=0.124 D_A(real)=0.85 D_A(fake)=0.15 gnG=42.52 gnD=16.55 it_per_s=9.44
2026-10-03 01:34:42,473 INFO iter=479100 epoch=69 lr=2.98e-05 G=3.428 advA2B=0.593 advB2A=0.763 cycA=0.069 cycB=0.079 idtA=0.048 idtB=0.070 D_A=0.071 D_B=0.125 D_A(real)=0.86 D_A(fake)=0.14 gnG=43.40 gnD=16.54 it_per_s=9.44
2026-10-03 01:34:53,028 INFO iter=479200 epoch=69 lr=2.98e-05 G=3.428 advA2B=0.595 advB2A=0.767 cycA=0.069 cycB=0.079 idtA=0.048 idtB=0.070 D_A=0.070 D_B=0.126 D_A(real)=0.86 D_A(fake)=0.14 gnG=43.33 gnD=16.48 it_per_s=9.44
2026-10-03 01:35:03,610 INFO iter=479300 epoch=69 lr=2.97e-05 G=3.426 advA2B=0.601 advB2A=0.766 cycA=0.069 cycB=0.078 idtA=0.048 idtB=0.069 D_A=0.069 D_B=0.126 D_A(real)=0.86 D_A(fake)=0.14 gnG=45.00 gnD=16.43 it_per_s=9.44
2026-10-03 01:35:14,141 INFO iter=479400 epoch=69 lr=2.97e-05 G=3.445 advA2B=0.608 advB2A=0.774 cycA=0.069 cycB=0.078 idtA=0.048 idtB=0.070 D_A=0.070 D_B=0.125 D_A(real)=0.86 D_A(fake)=0.14 gnG=44.94 gnD=16.45 it_per_s=9.45
2026-10-03 01:35:24,715 INFO iter=479500 epoch=69 lr=2.97e-05 G=3.449 advA2B=0.606 advB2A=0.776 cycA=0.069 cycB=0.079 idtA=0.048 idtB=0.070 D_A=0.069 D_B=0.124 D_A(real)=0.86 D_A(fake)=0.14 gnG=44.39 gnD=16.43 it_per_s=9.45
2026-10-03 01:35:35,239 INFO iter=479600 epoch=69 lr=2.96e-05 G=3.449 advA2B=0.611 advB2A=0.774 cycA=0.069 cycB=0.079 idtA=0.047 idtB=0.070 D_A=0.069 D_B=0.124 D_A(real)=0.86 D_A(fake)=0.14 gnG=44.34 gnD=16.40 it_per_s=9.46
2026-10-03 01:35:45,789 INFO iter=479700 epoch=69 lr=2.96e-05 G=3.452 advA2B=0.617 advB2A=0.771 cycA=0.069 cycB=0.078 idtA=0.048 idtB=0.070 D_A=0.070 D_B=0.124 D_A(real)=0.86 D_A(fake)=0.14 gnG=44.20 gnD=16.35 it_per_s=9.46
2026-10-03 01:35:56,337 INFO iter=479800 epoch=69 lr=2.96e-05 G=3.458 advA2B=0.619 advB2A=0.773 cycA=0.069 cycB=0.079 idtA=0.047 idtB=0.070 D_A=0.070 D_B=0.124 D_A(real)=0.86 D_A(fake)=0.14 gnG=44.44 gnD=16.32 it_per_s=9.46
2026-10-03 01:36:06,855 INFO iter=479900 epoch=69 lr=2.95e-05 G=3.460 advA2B=0.620 advB2A=0.771 cycA=0.069 cycB=0.079 idtA=0.048 idtB=0.071 D_A=0.070 D_B=0.123 D_A(real)=0.86 D_A(fake)=0.14 gnG=44.83 gnD=16.38 it_per_s=9.46
2026-10-03 01:36:17,371 INFO iter=480000 epoch=69 lr=2.95e-05 G=3.459 advA2B=0.619 advB2A=0.767 cycA=0.069 cycB=0.079 idtA=0.047 idtB=0.071 D_A=0.070 D_B=0.123 D_A(real)=0.86 D_A(fake)=0.14 gnG=44.71 gnD=16.40 it_per_s=9.47
2026-10-03 01:36:27,943 INFO iter=480100 epoch=69 lr=2.95e-05 G=3.460 advA2B=0.620 advB2A=0.773 cycA=0.069 cycB=0.078 idtA=0.047 idtB=0.071 D_A=0.070 D_B=0.123 D_A(real)=0.86 D_A(fake)=0.14 gnG=44.97 gnD=16.35 it_per_s=9.47
2026-10-03 01:36:38,601 INFO iter=480200 epoch=69 lr=2.94e-05 G=3.461 advA2B=0.620 advB2A=0.777 cycA=0.069 cycB=0.078 idtA=0.047 idtB=0.071 D_A=0.070 D_B=0.123 D_A(real)=0.86 D_A(fake)=0.14 gnG=44.95 gnD=16.38 it_per_s=9.46
2026-10-03 01:36:49,255 INFO iter=480300 epoch=69 lr=2.94e-05 G=3.460 advA2B=0.618 advB2A=0.775 cycA=0.069 cycB=0.078 idtA=0.048 idtB=0.071 D_A=0.070 D_B=0.122 D_A(real)=0.86 D_A(fake)=0.14 gnG=45.19 gnD=16.34 it_per_s=9.46
2026-10-03 01:37:00,186 INFO iter=480400 epoch=69 lr=2.94e-05 G=3.466 advA2B=0.619 advB2A=0.779 cycA=0.069 cycB=0.078 idtA=0.048 idtB=0.071 D_A=0.070 D_B=0.122 D_A(real)=0.86 D_A(fake)=0.14 gnG=45.15 gnD=16.34 it_per_s=9.44
2026-10-03 01:37:10,817 INFO iter=480500 epoch=69 lr=2.93e-05 G=3.469 advA2B=0.619 advB2A=0.779 cycA=0.069 cycB=0.078 idtA=0.048 idtB=0.071 D_A=0.070 D_B=0.122 D_A(real)=0.86 D_A(fake)=0.14 gnG=45.23 gnD=16.31 it_per_s=9.44
2026-10-03 01:37:21,384 INFO iter=480600 epoch=69 lr=2.93e-05 G=3.468 advA2B=0.618 advB2A=0.780 cycA=0.069 cycB=0.079 idtA=0.048 idtB=0.071 D_A=0.069 D_B=0.122 D_A(real)=0.86 D_A(fake)=0.14 gnG=45.02 gnD=16.28 it_per_s=9.44
2026-10-03 01:37:31,935 INFO iter=480700 epoch=69 lr=2.92e-05 G=3.474 advA2B=0.621 advB2A=0.782 cycA=0.069 cycB=0.079 idtA=0.048 idtB=0.071 D_A=0.069 D_B=0.121 D_A(real)=0.86 D_A(fake)=0.14 gnG=45.29 gnD=16.24 it_per_s=9.44
2026-10-03 01:37:42,488 INFO iter=480800 epoch=69 lr=2.92e-05 G=3.474 advA2B=0.621 advB2A=0.783 cycA=0.069 cycB=0.079 idtA=0.048 idtB=0.071 D_A=0.069 D_B=0.121 D_A(real)=0.86 D_A(fake)=0.14 gnG=45.44 gnD=16.22 it_per_s=9.44
2026-10-03 01:37:53,027 INFO iter=480900 epoch=69 lr=2.92e-05 G=3.471 advA2B=0.620 advB2A=0.782 cycA=0.069 cycB=0.079 idtA=0.048 idtB=0.071 D_A=0.069 D_B=0.121 D_A(real)=0.86 D_A(fake)=0.14 gnG=45.61 gnD=16.20 it_per_s=9.44
2026-10-03 01:38:03,606 INFO iter=481000 epoch=69 lr=2.91e-05 G=3.477 advA2B=0.620 advB2A=0.781 cycA=0.069 cycB=0.079 idtA=0.048 idtB=0.071 D_A=0.069 D_B=0.121 D_A(real)=0.86 D_A(fake)=0.14 gnG=45.59 gnD=16.17 it_per_s=9.44
2026-10-03 01:38:14,151 INFO iter=481100 epoch=69 lr=2.91e-05 G=3.480 advA2B=0.619 advB2A=0.784 cycA=0.069 cycB=0.079 idtA=0.048 idtB=0.071 D_A=0.069 D_B=0.121 D_A(real)=0.86 D_A(fake)=0.14 gnG=45.40 gnD=16.15 it_per_s=9.45
2026-10-03 01:38:24,684 INFO iter=481200 epoch=69 lr=2.91e-05 G=3.481 advA2B=0.619 advB2A=0.784 cycA=0.069 cycB=0.079 idtA=0.048 idtB=0.071 D_A=0.069 D_B=0.121 D_A(real)=0.86 D_A(fake)=0.14 gnG=45.46 gnD=16.17 it_per_s=9.45
2026-10-03 01:38:35,225 INFO iter=481300 epoch=69 lr=2.90e-05 G=3.482 advA2B=0.620 advB2A=0.783 cycA=0.069 cycB=0.079 idtA=0.048 idtB=0.071 D_A=0.069 D_B=0.121 D_A(real)=0.86 D_A(fake)=0.14 gnG=45.64 gnD=16.13 it_per_s=9.45
2026-10-03 01:38:45,784 INFO iter=481400 epoch=69 lr=2.90e-05 G=3.488 advA2B=0.621 advB2A=0.786 cycA=0.070 cycB=0.079 idtA=0.048 idtB=0.071 D_A=0.069 D_B=0.121 D_A(real)=0.86 D_A(fake)=0.14 gnG=45.69 gnD=16.19 it_per_s=9.45
2026-10-03 01:38:56,371 INFO iter=481500 epoch=69 lr=2.90e-05 G=3.487 advA2B=0.619 advB2A=0.786 cycA=0.070 cycB=0.079 idtA=0.048 idtB=0.071 D_A=0.069 D_B=0.122 D_A(real)=0.86 D_A(fake)=0.14 gnG=45.74 gnD=16.20 it_per_s=9.45
2026-10-03 01:39:06,906 INFO iter=481600 epoch=69 lr=2.89e-05 G=3.488 advA2B=0.618 advB2A=0.788 cycA=0.069 cycB=0.079 idtA=0.048 idtB=0.071 D_A=0.070 D_B=0.122 D_A(real)=0.86 D_A(fake)=0.14 gnG=45.92 gnD=16.23 it_per_s=9.45
2026-10-03 01:39:17,461 INFO iter=481700 epoch=69 lr=2.89e-05 G=3.487 advA2B=0.617 advB2A=0.790 cycA=0.069 cycB=0.079 idtA=0.048 idtB=0.071 D_A=0.070 D_B=0.121 D_A(real)=0.86 D_A(fake)=0.14 gnG=46.01 gnD=16.20 it_per_s=9.45
2026-10-03 01:39:28,032 INFO iter=481800 epoch=69 lr=2.89e-05 G=3.488 advA2B=0.616 advB2A=0.789 cycA=0.070 cycB=0.079 idtA=0.048 idtB=0.071 D_A=0.069 D_B=0.122 D_A(real)=0.86 D_A(fake)=0.14 gnG=46.10 gnD=16.20 it_per_s=9.45
2026-10-03 01:39:38,602 INFO iter=481900 epoch=69 lr=2.88e-05 G=3.492 advA2B=0.617 advB2A=0.790 cycA=0.070 cycB=0.079 idtA=0.048 idtB=0.072 D_A=0.069 D_B=0.122 D_A(real)=0.86 D_A(fake)=0.14 gnG=46.10 gnD=16.18 it_per_s=9.45
2026-10-03 01:39:49,095 INFO iter=482000 epoch=69 lr=2.88e-05 G=3.492 advA2B=0.616 advB2A=0.791 cycA=0.070 cycB=0.079 idtA=0.048 idtB=0.071 D_A=0.070 D_B=0.121 D_A(real)=0.86 D_A(fake)=0.14 gnG=46.14 gnD=16.17 it_per_s=9.45
2026-10-03 01:39:59,675 INFO iter=482100 epoch=69 lr=2.88e-05 G=3.489 advA2B=0.615 advB2A=0.790 cycA=0.070 cycB=0.079 idtA=0.048 idtB=0.071 D_A=0.069 D_B=0.122 D_A(real)=0.86 D_A(fake)=0.14 gnG=46.03 gnD=16.15 it_per_s=9.45
2026-10-03 01:40:10,237 INFO iter=482200 epoch=69 lr=2.87e-05 G=3.489 advA2B=0.616 advB2A=0.790 cycA=0.070 cycB=0.079 idtA=0.048 idtB=0.071 D_A=0.070 D_B=0.121 D_A(real)=0.86 D_A(fake)=0.14 gnG=46.09 gnD=16.14 it_per_s=9.45
2026-10-03 01:40:20,791 INFO iter=482300 epoch=69 lr=2.87e-05 G=3.487 advA2B=0.615 advB2A=0.790 cycA=0.070 cycB=0.079 idtA=0.048 idtB=0.071 D_A=0.070 D_B=0.121 D_A(real)=0.86 D_A(fake)=0.14 gnG=46.01 gnD=16.15 it_per_s=9.46
2026-10-03 01:40:31,339 INFO iter=482400 epoch=69 lr=2.86e-05 G=3.488 advA2B=0.615 advB2A=0.790 cycA=0.070 cycB=0.079 idtA=0.048 idtB=0.071 D_A=0.070 D_B=0.122 D_A(real)=0.86 D_A(fake)=0.14 gnG=46.00 gnD=16.18 it_per_s=9.46
2026-10-03 01:40:41,889 INFO iter=482500 epoch=69 lr=2.86e-05 G=3.490 advA2B=0.615 advB2A=0.789 cycA=0.070 cycB=0.079 idtA=0.048 idtB=0.071 D_A=0.069 D_B=0.121 D_A(real)=0.86 D_A(fake)=0.14 gnG=46.08 gnD=16.16 it_per_s=9.46
2026-10-03 01:40:52,418 INFO iter=482600 epoch=69 lr=2.86e-05 G=3.488 advA2B=0.616 advB2A=0.789 cycA=0.070 cycB=0.079 idtA=0.048 idtB=0.071 D_A=0.069 D_B=0.121 D_A(real)=0.86 D_A(fake)=0.14 gnG=46.18 gnD=16.15 it_per_s=9.46
2026-10-03 01:41:02,948 INFO iter=482700 epoch=69 lr=2.85e-05 G=3.486 advA2B=0.616 advB2A=0.788 cycA=0.070 cycB=0.079 idtA=0.048 idtB=0.071 D_A=0.069 D_B=0.121 D_A(real)=0.86 D_A(fake)=0.14 gnG=46.22 gnD=16.17 it_per_s=9.46
2026-10-03 01:41:13,510 INFO iter=482800 epoch=69 lr=2.85e-05 G=3.488 advA2B=0.617 advB2A=0.788 cycA=0.070 cycB=0.079 idtA=0.048 idtB=0.071 D_A=0.069 D_B=0.121 D_A(real)=0.86 D_A(fake)=0.14 gnG=46.31 gnD=16.17 it_per_s=9.46
2026-10-03 01:41:24,067 INFO iter=482900 epoch=69 lr=2.85e-05 G=3.490 advA2B=0.618 advB2A=0.788 cycA=0.070 cycB=0.079 idtA=0.048 idtB=0.071 D_A=0.069 D_B=0.121 D_A(real)=0.86 D_A(fake)=0.14 gnG=46.58 gnD=16.17 it_per_s=9.46
2026-10-03 01:41:34,630 INFO iter=483000 epoch=69 lr=2.84e-05 G=3.489 advA2B=0.618 advB2A=0.787 cycA=0.070 cycB=0.079 idtA=0.048 idtB=0.071 D_A=0.069 D_B=0.121 D_A(real)=0.86 D_A(fake)=0.14 gnG=46.45 gnD=16.17 it_per_s=9.46
2026-10-03 01:41:45,189 INFO iter=483100 epoch=69 lr=2.84e-05 G=3.488 advA2B=0.617 advB2A=0.787 cycA=0.070 cycB=0.079 idtA=0.048 idtB=0.071 D_A=0.069 D_B=0.121 D_A(real)=0.86 D_A(fake)=0.14 gnG=46.34 gnD=16.16 it_per_s=9.46
2026-10-03 01:41:55,822 INFO iter=483200 epoch=69 lr=2.84e-05 G=3.485 advA2B=0.617 advB2A=0.787 cycA=0.070 cycB=0.079 idtA=0.048 idtB=0.071 D_A=0.069 D_B=0.122 D_A(real)=0.86 D_A(fake)=0.14 gnG=46.28 gnD=16.17 it_per_s=9.46
2026-10-03 01:42:06,518 INFO iter=483300 epoch=69 lr=2.83e-05 G=3.486 advA2B=0.617 advB2A=0.786 cycA=0.070 cycB=0.079 idtA=0.048 idtB=0.071 D_A=0.069 D_B=0.121 D_A(real)=0.86 D_A(fake)=0.14 gnG=46.29 gnD=16.16 it_per_s=9.46
2026-10-03 01:42:17,111 INFO iter=483400 epoch=69 lr=2.83e-05 G=3.486 advA2B=0.617 advB2A=0.787 cycA=0.070 cycB=0.079 idtA=0.048 idtB=0.071 D_A=0.069 D_B=0.121 D_A(real)=0.86 D_A(fake)=0.14 gnG=46.33 gnD=16.15 it_per_s=9.46
2026-10-03 01:42:27,734 INFO iter=483500 epoch=69 lr=2.83e-05 G=3.485 advA2B=0.617 advB2A=0.786 cycA=0.070 cycB=0.079 idtA=0.048 idtB=0.071 D_A=0.069 D_B=0.121 D_A(real)=0.86 D_A(fake)=0.14 gnG=46.25 gnD=16.14 it_per_s=9.45
2026-10-03 01:42:38,495 INFO iter=483600 epoch=69 lr=2.82e-05 G=3.486 advA2B=0.618 advB2A=0.785 cycA=0.070 cycB=0.079 idtA=0.048 idtB=0.071 D_A=0.069 D_B=0.121 D_A(real)=0.86 D_A(fake)=0.14 gnG=46.23 gnD=16.12 it_per_s=9.45
2026-10-03 01:42:49,066 INFO iter=483700 epoch=69 lr=2.82e-05 G=3.484 advA2B=0.618 advB2A=0.785 cycA=0.070 cycB=0.079 idtA=0.048 idtB=0.071 D_A=0.069 D_B=0.121 D_A(real)=0.86 D_A(fake)=0.14 gnG=46.24 gnD=16.14 it_per_s=9.45
2026-10-03 01:42:59,636 INFO iter=483800 epoch=69 lr=2.81e-05 G=3.485 advA2B=0.618 advB2A=0.784 cycA=0.070 cycB=0.079 idtA=0.048 idtB=0.071 D_A=0.069 D_B=0.121 D_A(real)=0.86 D_A(fake)=0.14 gnG=46.25 gnD=16.14 it_per_s=9.45
2026-10-03 01:43:10,188 INFO iter=483900 epoch=69 lr=2.81e-05 G=3.486 advA2B=0.618 advB2A=0.785 cycA=0.070 cycB=0.079 idtA=0.048 idtB=0.071 D_A=0.069 D_B=0.121 D_A(real)=0.86 D_A(fake)=0.14 gnG=46.21 gnD=16.18 it_per_s=9.45
2026-10-03 01:43:20,760 INFO iter=484000 epoch=69 lr=2.81e-05 G=3.484 advA2B=0.617 advB2A=0.784 cycA=0.070 cycB=0.079 idtA=0.048 idtB=0.071 D_A=0.069 D_B=0.121 D_A(real)=0.86 D_A(fake)=0.14 gnG=46.21 gnD=16.18 it_per_s=9.45
2026-10-03 01:43:31,353 INFO iter=484100 epoch=69 lr=2.80e-05 G=3.482 advA2B=0.616 advB2A=0.783 cycA=0.070 cycB=0.079 idtA=0.048 idtB=0.071 D_A=0.069 D_B=0.121 D_A(real)=0.86 D_A(fake)=0.14 gnG=46.23 gnD=16.17 it_per_s=9.45
2026-10-03 01:43:41,924 INFO iter=484200 epoch=69 lr=2.80e-05 G=3.481 advA2B=0.616 advB2A=0.784 cycA=0.070 cycB=0.079 idtA=0.048 idtB=0.071 D_A=0.069 D_B=0.121 D_A(real)=0.86 D_A(fake)=0.14 gnG=46.29 gnD=16.18 it_per_s=9.45
2026-10-03 01:43:52,493 INFO iter=484300 epoch=69 lr=2.80e-05 G=3.480 advA2B=0.616 advB2A=0.784 cycA=0.070 cycB=0.079 idtA=0.048 idtB=0.071 D_A=0.069 D_B=0.121 D_A(real)=0.86 D_A(fake)=0.14 gnG=46.33 gnD=16.18 it_per_s=9.45
2026-10-03 01:44:03,082 INFO iter=484400 epoch=69 lr=2.79e-05 G=3.481 advA2B=0.616 advB2A=0.783 cycA=0.070 cycB=0.079 idtA=0.048 idtB=0.071 D_A=0.069 D_B=0.121 D_A(real)=0.86 D_A(fake)=0.14 gnG=46.35 gnD=16.17 it_per_s=9.45
2026-10-03 01:44:13,648 INFO iter=484500 epoch=69 lr=2.79e-05 G=3.483 advA2B=0.617 advB2A=0.784 cycA=0.070 cycB=0.079 idtA=0.048 idtB=0.071 D_A=0.069 D_B=0.121 D_A(real)=0.86 D_A(fake)=0.14 gnG=46.37 gnD=16.16 it_per_s=9.45
2026-10-03 01:44:24,179 INFO iter=484600 epoch=69 lr=2.79e-05 G=3.484 advA2B=0.619 advB2A=0.783 cycA=0.070 cycB=0.079 idtA=0.048 idtB=0.071 D_A=0.068 D_B=0.121 D_A(real)=0.86 D_A(fake)=0.14 gnG=46.78 gnD=16.16 it_per_s=9.45
2026-10-03 01:44:34,661 INFO iter=484700 epoch=69 lr=2.78e-05 G=3.486 advA2B=0.620 advB2A=0.784 cycA=0.070 cycB=0.079 idtA=0.048 idtB=0.071 D_A=0.068 D_B=0.121 D_A(real)=0.86 D_A(fake)=0.14 gnG=47.07 gnD=16.16 it_per_s=9.45
2026-10-03 01:44:45,233 INFO iter=484800 epoch=69 lr=2.78e-05 G=3.487 advA2B=0.621 advB2A=0.784 cycA=0.070 cycB=0.079 idtA=0.048 idtB=0.071 D_A=0.068 D_B=0.121 D_A(real)=0.86 D_A(fake)=0.14 gnG=47.27 gnD=16.18 it_per_s=9.45
2026-10-03 01:44:55,790 INFO iter=484900 epoch=69 lr=2.78e-05 G=3.489 advA2B=0.622 advB2A=0.784 cycA=0.070 cycB=0.079 idtA=0.048 idtB=0.071 D_A=0.068 D_B=0.121 D_A(real)=0.86 D_A(fake)=0.14 gnG=47.47 gnD=16.18 it_per_s=9.45
2026-10-03 01:45:06,394 INFO iter=485000 epoch=69 lr=2.77e-05 G=3.490 advA2B=0.622 advB2A=0.784 cycA=0.070 cycB=0.079 idtA=0.048 idtB=0.071 D_A=0.068 D_B=0.121 D_A(real)=0.86 D_A(fake)=0.14 gnG=47.47 gnD=16.20 it_per_s=9.45
2026-10-03 01:45:16,987 INFO iter=485100 epoch=69 lr=2.77e-05 G=3.487 advA2B=0.621 advB2A=0.783 cycA=0.070 cycB=0.079 idtA=0.048 idtB=0.071 D_A=0.068 D_B=0.121 D_A(real)=0.86 D_A(fake)=0.14 gnG=47.41 gnD=16.21 it_per_s=9.45
2026-10-03 01:45:27,567 INFO iter=485200 epoch=69 lr=2.77e-05 G=3.486 advA2B=0.620 advB2A=0.782 cycA=0.070 cycB=0.079 idtA=0.048 idtB=0.071 D_A=0.068 D_B=0.121 D_A(real)=0.86 D_A(fake)=0.14 gnG=47.34 gnD=16.21 it_per_s=9.45
2026-10-03 01:45:38,115 INFO iter=485300 epoch=69 lr=2.76e-05 G=3.486 advA2B=0.620 advB2A=0.783 cycA=0.070 cycB=0.079 idtA=0.048 idtB=0.071 D_A=0.068 D_B=0.121 D_A(real)=0.86 D_A(fake)=0.14 gnG=47.29 gnD=16.21 it_per_s=9.45
2026-10-03 01:45:48,687 INFO iter=485400 epoch=69 lr=2.76e-05 G=3.485 advA2B=0.620 advB2A=0.783 cycA=0.070 cycB=0.079 idtA=0.048 idtB=0.071 D_A=0.068 D_B=0.121 D_A(real)=0.86 D_A(fake)=0.14 gnG=47.24 gnD=16.21 it_per_s=9.45
2026-10-03 01:45:59,320 INFO iter=485500 epoch=69 lr=2.75e-05 G=3.485 advA2B=0.620 advB2A=0.782 cycA=0.070 cycB=0.079 idtA=0.048 idtB=0.071 D_A=0.068 D_B=0.121 D_A(real)=0.86 D_A(fake)=0.14 gnG=47.20 gnD=16.22 it_per_s=9.45
2026-10-03 01:46:09,882 INFO iter=485600 epoch=69 lr=2.75e-05 G=3.485 advA2B=0.619 advB2A=0.783 cycA=0.070 cycB=0.079 idtA=0.048 idtB=0.071 D_A=0.068 D_B=0.121 D_A(real)=0.86 D_A(fake)=0.14 gnG=47.19 gnD=16.22 it_per_s=9.45
2026-10-03 01:46:12,185 INFO epoch=69 done time_s=744 it_per_s=9.45 G=3.486 cycA=0.070 cycB=0.079 idtA=0.048 idtB=0.071 D_A=0.068 D_B=0.121 D_A(real)=0.86 D_A(fake)=0.14 nan_count=0
2026-10-03 01:46:21,110 INFO iter=485700 epoch=70 lr=2.75e-05 G=3.595 advA2B=0.641 advB2A=0.806 cycA=0.070 cycB=0.084 idtA=0.047 idtB=0.075 D_A=0.062 D_B=0.111 D_A(real)=0.88 D_A(fake)=0.12 gnG=43.98 gnD=15.75 it_per_s=9.40
2026-10-03 01:46:32,015 INFO iter=485800 epoch=70 lr=2.74e-05 G=3.540 advA2B=0.619 advB2A=0.804 cycA=0.071 cycB=0.080 idtA=0.048 idtB=0.074 D_A=0.060 D_B=0.117 D_A(real)=0.88 D_A(fake)=0.12 gnG=44.18 gnD=16.55 it_per_s=9.27
2026-10-03 01:46:42,612 INFO iter=485900 epoch=70 lr=2.74e-05 G=3.515 advA2B=0.616 advB2A=0.803 cycA=0.071 cycB=0.079 idtA=0.048 idtB=0.072 D_A=0.061 D_B=0.116 D_A(real)=0.88 D_A(fake)=0.12 gnG=43.74 gnD=16.12 it_per_s=9.33
2026-10-03 01:46:53,140 INFO iter=486000 epoch=70 lr=2.74e-05 G=3.479 advA2B=0.606 advB2A=0.781 cycA=0.070 cycB=0.080 idtA=0.048 idtB=0.071 D_A=0.062 D_B=0.119 D_A(real)=0.87 D_A(fake)=0.12 gnG=42.55 gnD=16.37 it_per_s=9.37
2026-10-03 01:47:03,849 INFO iter=486100 epoch=70 lr=2.73e-05 G=3.474 advA2B=0.609 advB2A=0.781 cycA=0.070 cycB=0.079 idtA=0.048 idtB=0.070 D_A=0.065 D_B=0.119 D_A(real)=0.87 D_A(fake)=0.13 gnG=43.57 gnD=16.37 it_per_s=9.37
2026-10-03 01:47:14,477 INFO iter=486200 epoch=70 lr=2.73e-05 G=3.491 advA2B=0.622 advB2A=0.784 cycA=0.070 cycB=0.079 idtA=0.048 idtB=0.071 D_A=0.067 D_B=0.120 D_A(real)=0.87 D_A(fake)=0.13 gnG=44.76 gnD=16.58 it_per_s=9.37
2026-10-03 01:47:25,081 INFO iter=486300 epoch=70 lr=2.73e-05 G=3.498 advA2B=0.617 advB2A=0.790 cycA=0.070 cycB=0.079 idtA=0.048 idtB=0.071 D_A=0.067 D_B=0.120 D_A(real)=0.87 D_A(fake)=0.13 gnG=44.89 gnD=16.57 it_per_s=9.38
2026-10-03 01:47:35,693 INFO iter=486400 epoch=70 lr=2.72e-05 G=3.487 advA2B=0.618 advB2A=0.791 cycA=0.070 cycB=0.079 idtA=0.048 idtB=0.071 D_A=0.067 D_B=0.119 D_A(real)=0.87 D_A(fake)=0.13 gnG=44.95 gnD=16.53 it_per_s=9.39
2026-10-03 01:47:46,285 INFO iter=486500 epoch=70 lr=2.72e-05 G=3.490 advA2B=0.618 advB2A=0.795 cycA=0.070 cycB=0.078 idtA=0.048 idtB=0.071 D_A=0.068 D_B=0.119 D_A(real)=0.87 D_A(fake)=0.13 gnG=44.78 gnD=16.57 it_per_s=9.39
2026-10-03 01:47:56,821 INFO iter=486600 epoch=70 lr=2.72e-05 G=3.483 advA2B=0.616 advB2A=0.791 cycA=0.070 cycB=0.078 idtA=0.048 idtB=0.071 D_A=0.067 D_B=0.119 D_A(real)=0.87 D_A(fake)=0.13 gnG=44.82 gnD=16.53 it_per_s=9.40
2026-10-03 01:48:07,395 INFO iter=486700 epoch=70 lr=2.71e-05 G=3.482 advA2B=0.619 advB2A=0.789 cycA=0.070 cycB=0.078 idtA=0.048 idtB=0.070 D_A=0.068 D_B=0.120 D_A(real)=0.86 D_A(fake)=0.14 gnG=45.02 gnD=16.62 it_per_s=9.41
2026-10-03 01:48:17,923 INFO iter=486800 epoch=70 lr=2.71e-05 G=3.478 advA2B=0.614 advB2A=0.794 cycA=0.070 cycB=0.078 idtA=0.048 idtB=0.070 D_A=0.068 D_B=0.120 D_A(real)=0.86 D_A(fake)=0.14 gnG=45.12 gnD=16.61 it_per_s=9.42
2026-10-03 01:48:28,502 INFO iter=486900 epoch=70 lr=2.70e-05 G=3.477 advA2B=0.612 advB2A=0.792 cycA=0.070 cycB=0.078 idtA=0.048 idtB=0.071 D_A=0.068 D_B=0.120 D_A(real)=0.86 D_A(fake)=0.14 gnG=45.12 gnD=16.57 it_per_s=9.42
2026-10-03 01:48:39,071 INFO iter=487000 epoch=70 lr=2.70e-05 G=3.475 advA2B=0.613 advB2A=0.793 cycA=0.070 cycB=0.078 idtA=0.048 idtB=0.070 D_A=0.068 D_B=0.119 D_A(real)=0.86 D_A(fake)=0.14 gnG=45.15 gnD=16.54 it_per_s=9.42
2026-10-03 01:48:49,641 INFO iter=487100 epoch=70 lr=2.70e-05 G=3.467 advA2B=0.610 advB2A=0.793 cycA=0.070 cycB=0.078 idtA=0.048 idtB=0.070 D_A=0.068 D_B=0.121 D_A(real)=0.86 D_A(fake)=0.14 gnG=45.26 gnD=16.59 it_per_s=9.42
2026-10-03 01:49:00,223 INFO iter=487200 epoch=70 lr=2.69e-05 G=3.463 advA2B=0.609 advB2A=0.793 cycA=0.069 cycB=0.078 idtA=0.047 idtB=0.070 D_A=0.068 D_B=0.121 D_A(real)=0.86 D_A(fake)=0.14 gnG=45.37 gnD=16.59 it_per_s=9.43
2026-10-03 01:49:10,805 INFO iter=487300 epoch=70 lr=2.69e-05 G=3.459 advA2B=0.607 advB2A=0.790 cycA=0.070 cycB=0.078 idtA=0.048 idtB=0.070 D_A=0.068 D_B=0.121 D_A(real)=0.86 D_A(fake)=0.14 gnG=45.51 gnD=16.65 it_per_s=9.43
2026-10-03 01:49:21,334 INFO iter=487400 epoch=70 lr=2.69e-05 G=3.464 advA2B=0.608 advB2A=0.791 cycA=0.070 cycB=0.078 idtA=0.048 idtB=0.070 D_A=0.068 D_B=0.121 D_A(real)=0.86 D_A(fake)=0.14 gnG=45.28 gnD=16.65 it_per_s=9.43
2026-10-03 01:49:31,893 INFO iter=487500 epoch=70 lr=2.68e-05 G=3.465 advA2B=0.609 advB2A=0.790 cycA=0.070 cycB=0.078 idtA=0.047 idtB=0.070 D_A=0.068 D_B=0.121 D_A(real)=0.86 D_A(fake)=0.14 gnG=45.31 gnD=16.72 it_per_s=9.43
2026-10-03 01:49:42,571 INFO iter=487600 epoch=70 lr=2.68e-05 G=3.468 advA2B=0.608 advB2A=0.791 cycA=0.070 cycB=0.078 idtA=0.048 idtB=0.070 D_A=0.068 D_B=0.121 D_A(real)=0.86 D_A(fake)=0.14 gnG=45.50 gnD=16.74 it_per_s=9.43
2026-10-03 01:49:53,145 INFO iter=487700 epoch=70 lr=2.68e-05 G=3.469 advA2B=0.609 advB2A=0.792 cycA=0.070 cycB=0.078 idtA=0.047 idtB=0.070 D_A=0.068 D_B=0.121 D_A(real)=0.86 D_A(fake)=0.14 gnG=45.83 gnD=16.74 it_per_s=9.43
2026-10-03 01:50:03,768 INFO iter=487800 epoch=70 lr=2.67e-05 G=3.466 advA2B=0.610 advB2A=0.790 cycA=0.070 cycB=0.078 idtA=0.047 idtB=0.070 D_A=0.068 D_B=0.121 D_A(real)=0.86 D_A(fake)=0.14 gnG=45.84 gnD=16.74 it_per_s=9.43
2026-10-03 01:50:14,346 INFO iter=487900 epoch=70 lr=2.67e-05 G=3.465 advA2B=0.608 advB2A=0.790 cycA=0.070 cycB=0.078 idtA=0.047 idtB=0.070 D_A=0.068 D_B=0.121 D_A(real)=0.86 D_A(fake)=0.14 gnG=45.66 gnD=16.72 it_per_s=9.43
2026-10-03 01:50:24,942 INFO iter=488000 epoch=70 lr=2.67e-05 G=3.467 advA2B=0.608 advB2A=0.789 cycA=0.070 cycB=0.078 idtA=0.047 idtB=0.070 D_A=0.068 D_B=0.122 D_A(real)=0.86 D_A(fake)=0.14 gnG=45.60 gnD=16.75 it_per_s=9.43
2026-10-03 01:50:35,528 INFO iter=488100 epoch=70 lr=2.66e-05 G=3.469 advA2B=0.609 advB2A=0.787 cycA=0.070 cycB=0.079 idtA=0.047 idtB=0.071 D_A=0.067 D_B=0.121 D_A(real)=0.86 D_A(fake)=0.14 gnG=45.60 gnD=16.72 it_per_s=9.43
2026-10-03 01:50:46,116 INFO iter=488200 epoch=70 lr=2.66e-05 G=3.472 advA2B=0.610 advB2A=0.787 cycA=0.070 cycB=0.079 idtA=0.048 idtB=0.071 D_A=0.067 D_B=0.121 D_A(real)=0.86 D_A(fake)=0.14 gnG=45.74 gnD=16.68 it_per_s=9.43
2026-10-03 01:50:56,706 INFO iter=488300 epoch=70 lr=2.65e-05 G=3.471 advA2B=0.611 advB2A=0.787 cycA=0.070 cycB=0.079 idtA=0.048 idtB=0.070 D_A=0.067 D_B=0.121 D_A(real)=0.86 D_A(fake)=0.14 gnG=45.85 gnD=16.68 it_per_s=9.43
2026-10-03 01:51:07,313 INFO iter=488400 epoch=70 lr=2.65e-05 G=3.472 advA2B=0.611 advB2A=0.787 cycA=0.070 cycB=0.079 idtA=0.048 idtB=0.071 D_A=0.067 D_B=0.121 D_A(real)=0.86 D_A(fake)=0.14 gnG=45.77 gnD=16.66 it_per_s=9.43
2026-10-03 01:51:17,922 INFO iter=488500 epoch=70 lr=2.65e-05 G=3.474 advA2B=0.611 advB2A=0.788 cycA=0.070 cycB=0.079 idtA=0.048 idtB=0.071 D_A=0.067 D_B=0.121 D_A(real)=0.86 D_A(fake)=0.14 gnG=45.88 gnD=16.66 it_per_s=9.43
2026-10-03 01:51:28,517 INFO iter=488600 epoch=70 lr=2.64e-05 G=3.477 advA2B=0.611 advB2A=0.788 cycA=0.070 cycB=0.079 idtA=0.048 idtB=0.071 D_A=0.067 D_B=0.121 D_A(real)=0.86 D_A(fake)=0.14 gnG=46.11 gnD=16.66 it_per_s=9.43
2026-10-03 01:51:39,042 INFO iter=488700 epoch=70 lr=2.64e-05 G=3.478 advA2B=0.613 advB2A=0.786 cycA=0.070 cycB=0.079 idtA=0.048 idtB=0.071 D_A=0.067 D_B=0.121 D_A(real)=0.86 D_A(fake)=0.14 gnG=46.30 gnD=16.64 it_per_s=9.43
2026-10-03 01:51:49,580 INFO iter=488800 epoch=70 lr=2.64e-05 G=3.476 advA2B=0.613 advB2A=0.786 cycA=0.070 cycB=0.079 idtA=0.048 idtB=0.070 D_A=0.067 D_B=0.121 D_A(real)=0.86 D_A(fake)=0.14 gnG=46.55 gnD=16.61 it_per_s=9.44
2026-10-03 01:52:00,209 INFO iter=488900 epoch=70 lr=2.63e-05 G=3.478 advA2B=0.614 advB2A=0.787 cycA=0.070 cycB=0.079 idtA=0.048 idtB=0.071 D_A=0.067 D_B=0.120 D_A(real)=0.87 D_A(fake)=0.13 gnG=46.73 gnD=16.59 it_per_s=9.44
2026-10-03 01:52:10,782 INFO iter=489000 epoch=70 lr=2.63e-05 G=3.480 advA2B=0.616 advB2A=0.788 cycA=0.070 cycB=0.078 idtA=0.048 idtB=0.071 D_A=0.067 D_B=0.120 D_A(real)=0.87 D_A(fake)=0.13 gnG=46.84 gnD=16.61 it_per_s=9.44
2026-10-03 01:52:21,312 INFO iter=489100 epoch=70 lr=2.63e-05 G=3.482 advA2B=0.617 advB2A=0.789 cycA=0.070 cycB=0.079 idtA=0.048 idtB=0.071 D_A=0.067 D_B=0.121 D_A(real)=0.87 D_A(fake)=0.13 gnG=46.95 gnD=16.62 it_per_s=9.44
2026-10-03 01:52:31,956 INFO iter=489200 epoch=70 lr=2.62e-05 G=3.478 advA2B=0.616 advB2A=0.787 cycA=0.070 cycB=0.078 idtA=0.048 idtB=0.071 D_A=0.067 D_B=0.120 D_A(real)=0.87 D_A(fake)=0.13 gnG=46.82 gnD=16.60 it_per_s=9.44
2026-10-03 01:52:42,738 INFO iter=489300 epoch=70 lr=2.62e-05 G=3.478 advA2B=0.614 advB2A=0.788 cycA=0.070 cycB=0.079 idtA=0.048 idtB=0.071 D_A=0.067 D_B=0.121 D_A(real)=0.87 D_A(fake)=0.13 gnG=46.96 gnD=16.61 it_per_s=9.43
2026-10-03 01:52:53,535 INFO iter=489400 epoch=70 lr=2.62e-05 G=3.481 advA2B=0.615 advB2A=0.789 cycA=0.070 cycB=0.079 idtA=0.048 idtB=0.071 D_A=0.067 D_B=0.121 D_A(real)=0.87 D_A(fake)=0.13 gnG=46.87 gnD=16.61 it_per_s=9.43
2026-10-03 01:53:04,208 INFO iter=489500 epoch=70 lr=2.61e-05 G=3.483 advA2B=0.615 advB2A=0.790 cycA=0.070 cycB=0.078 idtA=0.048 idtB=0.071 D_A=0.067 D_B=0.121 D_A(real)=0.87 D_A(fake)=0.13 gnG=46.81 gnD=16.59 it_per_s=9.43
2026-10-03 01:53:14,924 INFO iter=489600 epoch=70 lr=2.61e-05 G=3.483 advA2B=0.615 advB2A=0.789 cycA=0.070 cycB=0.079 idtA=0.048 idtB=0.071 D_A=0.067 D_B=0.121 D_A(real)=0.87 D_A(fake)=0.13 gnG=46.72 gnD=16.59 it_per_s=9.42
2026-10-03 01:53:25,722 INFO iter=489700 epoch=70 lr=2.61e-05 G=3.484 advA2B=0.614 advB2A=0.788 cycA=0.070 cycB=0.079 idtA=0.048 idtB=0.071 D_A=0.067 D_B=0.121 D_A(real)=0.87 D_A(fake)=0.13 gnG=46.80 gnD=16.62 it_per_s=9.42
2026-10-03 01:53:36,717 INFO iter=489800 epoch=70 lr=2.60e-05 G=3.484 advA2B=0.615 advB2A=0.789 cycA=0.070 cycB=0.079 idtA=0.048 idtB=0.071 D_A=0.067 D_B=0.121 D_A(real)=0.87 D_A(fake)=0.13 gnG=46.85 gnD=16.62 it_per_s=9.41
2026-10-03 01:53:47,374 INFO iter=489900 epoch=70 lr=2.60e-05 G=3.483 advA2B=0.614 advB2A=0.788 cycA=0.070 cycB=0.079 idtA=0.048 idtB=0.071 D_A=0.067 D_B=0.121 D_A(real)=0.87 D_A(fake)=0.13 gnG=46.88 gnD=16.61 it_per_s=9.41
2026-10-03 01:53:58,166 INFO iter=490000 epoch=70 lr=2.59e-05 G=3.482 advA2B=0.614 advB2A=0.788 cycA=0.070 cycB=0.079 idtA=0.048 idtB=0.071 D_A=0.067 D_B=0.121 D_A(real)=0.87 D_A(fake)=0.13 gnG=46.87 gnD=16.58 it_per_s=9.41
2026-10-03 01:54:09,078 INFO iter=490100 epoch=70 lr=2.59e-05 G=3.479 advA2B=0.613 advB2A=0.787 cycA=0.070 cycB=0.079 idtA=0.048 idtB=0.071 D_A=0.067 D_B=0.121 D_A(real)=0.87 D_A(fake)=0.13 gnG=46.75 gnD=16.60 it_per_s=9.40
2026-10-03 01:54:20,272 INFO iter=490200 epoch=70 lr=2.59e-05 G=3.478 advA2B=0.612 advB2A=0.788 cycA=0.070 cycB=0.078 idtA=0.048 idtB=0.071 D_A=0.067 D_B=0.121 D_A(real)=0.87 D_A(fake)=0.13 gnG=46.73 gnD=16.60 it_per_s=9.39
2026-10-03 01:54:30,979 INFO iter=490300 epoch=70 lr=2.58e-05 G=3.476 advA2B=0.612 advB2A=0.789 cycA=0.070 cycB=0.078 idtA=0.048 idtB=0.071 D_A=0.067 D_B=0.122 D_A(real)=0.87 D_A(fake)=0.13 gnG=46.83 gnD=16.61 it_per_s=9.39
2026-10-03 01:54:41,562 INFO iter=490400 epoch=70 lr=2.58e-05 G=3.476 advA2B=0.612 advB2A=0.790 cycA=0.070 cycB=0.078 idtA=0.048 idtB=0.071 D_A=0.067 D_B=0.122 D_A(real)=0.87 D_A(fake)=0.13 gnG=46.89 gnD=16.61 it_per_s=9.39
2026-10-03 01:54:52,110 INFO iter=490500 epoch=70 lr=2.58e-05 G=3.477 advA2B=0.613 advB2A=0.790 cycA=0.070 cycB=0.078 idtA=0.048 idtB=0.071 D_A=0.067 D_B=0.122 D_A(real)=0.87 D_A(fake)=0.13 gnG=46.87 gnD=16.61 it_per_s=9.39
2026-10-03 01:55:02,836 INFO iter=490600 epoch=70 lr=2.57e-05 G=3.478 advA2B=0.613 advB2A=0.790 cycA=0.070 cycB=0.078 idtA=0.048 idtB=0.071 D_A=0.067 D_B=0.121 D_A(real)=0.87 D_A(fake)=0.13 gnG=46.91 gnD=16.61 it_per_s=9.39
2026-10-03 01:55:13,405 INFO iter=490700 epoch=70 lr=2.57e-05 G=3.477 advA2B=0.612 advB2A=0.791 cycA=0.070 cycB=0.078 idtA=0.048 idtB=0.071 D_A=0.067 D_B=0.122 D_A(real)=0.87 D_A(fake)=0.13 gnG=46.99 gnD=16.60 it_per_s=9.39
2026-10-03 01:55:23,916 INFO iter=490800 epoch=70 lr=2.57e-05 G=3.478 advA2B=0.611 advB2A=0.792 cycA=0.070 cycB=0.078 idtA=0.048 idtB=0.071 D_A=0.066 D_B=0.122 D_A(real)=0.87 D_A(fake)=0.13 gnG=46.98 gnD=16.61 it_per_s=9.40
2026-10-03 01:55:34,503 INFO iter=490900 epoch=70 lr=2.56e-05 G=3.477 advA2B=0.612 advB2A=0.791 cycA=0.070 cycB=0.078 idtA=0.048 idtB=0.071 D_A=0.066 D_B=0.122 D_A(real)=0.87 D_A(fake)=0.13 gnG=47.02 gnD=16.60 it_per_s=9.40
2026-10-03 01:55:45,061 INFO iter=491000 epoch=70 lr=2.56e-05 G=3.476 advA2B=0.612 advB2A=0.791 cycA=0.070 cycB=0.078 idtA=0.048 idtB=0.071 D_A=0.066 D_B=0.121 D_A(real)=0.87 D_A(fake)=0.13 gnG=47.03 gnD=16.60 it_per_s=9.40
2026-10-03 01:55:55,639 INFO iter=491100 epoch=70 lr=2.56e-05 G=3.476 advA2B=0.613 advB2A=0.791 cycA=0.070 cycB=0.078 idtA=0.048 idtB=0.071 D_A=0.067 D_B=0.121 D_A(real)=0.86 D_A(fake)=0.14 gnG=47.13 gnD=16.62 it_per_s=9.40
2026-10-03 01:56:06,249 INFO iter=491200 epoch=70 lr=2.55e-05 G=3.477 advA2B=0.612 advB2A=0.792 cycA=0.070 cycB=0.078 idtA=0.048 idtB=0.071 D_A=0.066 D_B=0.121 D_A(real)=0.87 D_A(fake)=0.13 gnG=47.14 gnD=16.60 it_per_s=9.40
2026-10-03 01:56:16,843 INFO iter=491300 epoch=70 lr=2.55e-05 G=3.478 advA2B=0.612 advB2A=0.792 cycA=0.070 cycB=0.078 idtA=0.048 idtB=0.071 D_A=0.066 D_B=0.121 D_A(real)=0.87 D_A(fake)=0.13 gnG=47.15 gnD=16.59 it_per_s=9.40
2026-10-03 01:56:27,427 INFO iter=491400 epoch=70 lr=2.54e-05 G=3.477 advA2B=0.611 advB2A=0.792 cycA=0.070 cycB=0.078 idtA=0.048 idtB=0.070 D_A=0.067 D_B=0.121 D_A(real)=0.87 D_A(fake)=0.13 gnG=47.14 gnD=16.59 it_per_s=9.40
2026-10-03 01:56:38,080 INFO iter=491500 epoch=70 lr=2.54e-05 G=3.473 advA2B=0.610 advB2A=0.792 cycA=0.070 cycB=0.078 idtA=0.048 idtB=0.070 D_A=0.067 D_B=0.121 D_A(real)=0.87 D_A(fake)=0.13 gnG=47.15 gnD=16.58 it_per_s=9.40
2026-10-03 01:56:48,662 INFO iter=491600 epoch=70 lr=2.54e-05 G=3.472 advA2B=0.610 advB2A=0.791 cycA=0.070 cycB=0.078 idtA=0.048 idtB=0.070 D_A=0.067 D_B=0.121 D_A(real)=0.87 D_A(fake)=0.13 gnG=47.21 gnD=16.60 it_per_s=9.40
2026-10-03 01:56:59,335 INFO iter=491700 epoch=70 lr=2.53e-05 G=3.471 advA2B=0.611 advB2A=0.791 cycA=0.070 cycB=0.078 idtA=0.048 idtB=0.070 D_A=0.067 D_B=0.121 D_A(real)=0.87 D_A(fake)=0.13 gnG=47.33 gnD=16.60 it_per_s=9.40
2026-10-03 01:57:09,932 INFO iter=491800 epoch=70 lr=2.53e-05 G=3.473 advA2B=0.611 advB2A=0.791 cycA=0.070 cycB=0.078 idtA=0.048 idtB=0.070 D_A=0.067 D_B=0.121 D_A(real)=0.87 D_A(fake)=0.13 gnG=47.37 gnD=16.58 it_per_s=9.40
2026-10-03 01:57:20,514 INFO iter=491900 epoch=70 lr=2.53e-05 G=3.471 advA2B=0.610 advB2A=0.790 cycA=0.070 cycB=0.078 idtA=0.048 idtB=0.070 D_A=0.067 D_B=0.121 D_A(real)=0.87 D_A(fake)=0.13 gnG=47.36 gnD=16.57 it_per_s=9.40
2026-10-03 01:57:31,167 INFO iter=492000 epoch=70 lr=2.52e-05 G=3.473 advA2B=0.610 advB2A=0.790 cycA=0.070 cycB=0.078 idtA=0.048 idtB=0.070 D_A=0.067 D_B=0.121 D_A(real)=0.87 D_A(fake)=0.13 gnG=47.56 gnD=16.56 it_per_s=9.40
2026-10-03 01:57:41,826 INFO iter=492100 epoch=70 lr=2.52e-05 G=3.475 advA2B=0.612 advB2A=0.790 cycA=0.070 cycB=0.078 idtA=0.048 idtB=0.071 D_A=0.067 D_B=0.121 D_A(real)=0.87 D_A(fake)=0.13 gnG=47.66 gnD=16.54 it_per_s=9.40
2026-10-03 01:57:52,374 INFO iter=492200 epoch=70 lr=2.52e-05 G=3.476 advA2B=0.612 advB2A=0.790 cycA=0.070 cycB=0.078 idtA=0.048 idtB=0.071 D_A=0.067 D_B=0.121 D_A(real)=0.87 D_A(fake)=0.13 gnG=47.67 gnD=16.53 it_per_s=9.40
2026-10-03 01:58:03,000 INFO iter=492300 epoch=70 lr=2.51e-05 G=3.476 advA2B=0.612 advB2A=0.790 cycA=0.070 cycB=0.078 idtA=0.048 idtB=0.071 D_A=0.067 D_B=0.121 D_A(real)=0.87 D_A(fake)=0.13 gnG=47.68 gnD=16.52 it_per_s=9.40
2026-10-03 01:58:13,542 INFO iter=492400 epoch=70 lr=2.51e-05 G=3.474 advA2B=0.612 advB2A=0.789 cycA=0.070 cycB=0.078 idtA=0.048 idtB=0.071 D_A=0.067 D_B=0.121 D_A(real)=0.87 D_A(fake)=0.13 gnG=47.72 gnD=16.53 it_per_s=9.40
2026-10-03 01:58:24,152 INFO iter=492500 epoch=70 lr=2.51e-05 G=3.475 advA2B=0.612 advB2A=0.789 cycA=0.070 cycB=0.078 idtA=0.048 idtB=0.071 D_A=0.067 D_B=0.121 D_A(real)=0.87 D_A(fake)=0.13 gnG=47.83 gnD=16.53 it_per_s=9.40
2026-10-03 01:58:34,752 INFO iter=492600 epoch=70 lr=2.50e-05 G=3.474 advA2B=0.612 advB2A=0.789 cycA=0.070 cycB=0.078 idtA=0.048 idtB=0.071 D_A=0.067 D_B=0.121 D_A(real)=0.87 D_A(fake)=0.13 gnG=47.79 gnD=16.52 it_per_s=9.40
2026-10-03 01:58:41,119 INFO epoch=70 done time_s=748 it_per_s=9.41 G=3.474 cycA=0.070 cycB=0.078 idtA=0.048 idtB=0.071 D_A=0.067 D_B=0.121 D_A(real)=0.87 D_A(fake)=0.13 nan_count=0
2026-10-03 01:58:46,081 INFO iter=492700 epoch=71 lr=2.50e-05 G=3.499 advA2B=0.606 advB2A=0.808 cycA=0.075 cycB=0.074 idtA=0.052 idtB=0.066 D_A=0.070 D_B=0.125 D_A(real)=0.86 D_A(fake)=0.14 gnG=40.60 gnD=15.63 it_per_s=9.41
2026-10-03 01:58:56,684 INFO iter=492800 epoch=71 lr=2.50e-05 G=3.517 advA2B=0.643 advB2A=0.805 cycA=0.071 cycB=0.076 idtA=0.048 idtB=0.071 D_A=0.067 D_B=0.126 D_A(real)=0.86 D_A(fake)=0.14 gnG=48.74 gnD=16.77 it_per_s=9.42
2026-10-03 01:59:07,465 INFO iter=492900 epoch=71 lr=2.49e-05 G=3.517 advA2B=0.631 advB2A=0.810 cycA=0.072 cycB=0.076 idtA=0.049 idtB=0.070 D_A=0.065 D_B=0.118 D_A(real)=0.86 D_A(fake)=0.14 gnG=50.45 gnD=16.45 it_per_s=9.36
2026-10-03 01:59:18,022 INFO iter=493000 epoch=71 lr=2.49e-05 G=3.514 advA2B=0.624 advB2A=0.816 cycA=0.071 cycB=0.077 idtA=0.049 idtB=0.069 D_A=0.064 D_B=0.117 D_A(real)=0.87 D_A(fake)=0.13 gnG=50.45 gnD=16.49 it_per_s=9.39
2026-10-03 01:59:28,635 INFO iter=493100 epoch=71 lr=2.48e-05 G=3.485 advA2B=0.613 advB2A=0.802 cycA=0.071 cycB=0.077 idtA=0.048 idtB=0.070 D_A=0.066 D_B=0.121 D_A(real)=0.87 D_A(fake)=0.13 gnG=48.46 gnD=16.92 it_per_s=9.40
2026-10-03 01:59:39,427 INFO iter=493200 epoch=71 lr=2.48e-05 G=3.485 advA2B=0.623 advB2A=0.790 cycA=0.071 cycB=0.077 idtA=0.048 idtB=0.071 D_A=0.066 D_B=0.121 D_A(real)=0.87 D_A(fake)=0.13 gnG=48.48 gnD=17.00 it_per_s=9.38
2026-10-03 01:59:50,341 INFO iter=493300 epoch=71 lr=2.48e-05 G=3.495 advA2B=0.624 advB2A=0.786 cycA=0.071 cycB=0.078 idtA=0.049 idtB=0.071 D_A=0.067 D_B=0.118 D_A(real)=0.86 D_A(fake)=0.14 gnG=48.79 gnD=16.79 it_per_s=9.34
2026-10-03 02:00:01,579 INFO iter=493400 epoch=71 lr=2.47e-05 G=3.504 advA2B=0.629 advB2A=0.796 cycA=0.071 cycB=0.077 idtA=0.049 idtB=0.070 D_A=0.066 D_B=0.117 D_A(real)=0.86 D_A(fake)=0.13 gnG=49.78 gnD=16.67 it_per_s=9.28
2026-10-03 02:00:12,949 INFO iter=493500 epoch=71 lr=2.47e-05 G=3.501 advA2B=0.625 advB2A=0.795 cycA=0.071 cycB=0.077 idtA=0.049 idtB=0.070 D_A=0.066 D_B=0.116 D_A(real)=0.86 D_A(fake)=0.14 gnG=49.91 gnD=16.60 it_per_s=9.22
2026-10-03 02:00:23,940 INFO iter=493600 epoch=71 lr=2.47e-05 G=3.485 advA2B=0.616 advB2A=0.795 cycA=0.071 cycB=0.077 idtA=0.049 idtB=0.070 D_A=0.067 D_B=0.117 D_A(real)=0.86 D_A(fake)=0.14 gnG=49.25 gnD=16.69 it_per_s=9.21
2026-10-03 02:00:34,586 INFO iter=493700 epoch=71 lr=2.46e-05 G=3.499 advA2B=0.616 advB2A=0.800 cycA=0.071 cycB=0.078 idtA=0.049 idtB=0.071 D_A=0.066 D_B=0.117 D_A(real)=0.87 D_A(fake)=0.13 gnG=49.52 gnD=16.61 it_per_s=9.22
2026-10-03 02:00:45,263 INFO iter=493800 epoch=71 lr=2.46e-05 G=3.498 advA2B=0.616 advB2A=0.802 cycA=0.071 cycB=0.078 idtA=0.048 idtB=0.071 D_A=0.066 D_B=0.117 D_A(real)=0.87 D_A(fake)=0.13 gnG=49.75 gnD=16.60 it_per_s=9.24
2026-10-03 02:00:55,986 INFO iter=493900 epoch=71 lr=2.46e-05 G=3.491 advA2B=0.618 advB2A=0.801 cycA=0.071 cycB=0.077 idtA=0.048 idtB=0.070 D_A=0.066 D_B=0.117 D_A(real)=0.87 D_A(fake)=0.13 gnG=49.59 gnD=16.59 it_per_s=9.24
2026-10-03 02:01:06,667 INFO iter=494000 epoch=71 lr=2.45e-05 G=3.481 advA2B=0.617 advB2A=0.795 cycA=0.071 cycB=0.077 idtA=0.048 idtB=0.070 D_A=0.066 D_B=0.118 D_A(real)=0.87 D_A(fake)=0.13 gnG=49.45 gnD=16.60 it_per_s=9.25
2026-10-03 02:01:17,194 INFO iter=494100 epoch=71 lr=2.45e-05 G=3.474 advA2B=0.612 advB2A=0.791 cycA=0.071 cycB=0.077 idtA=0.048 idtB=0.070 D_A=0.066 D_B=0.118 D_A(real)=0.87 D_A(fake)=0.13 gnG=49.21 gnD=16.65 it_per_s=9.27
2026-10-03 02:01:27,776 INFO iter=494200 epoch=71 lr=2.45e-05 G=3.478 advA2B=0.614 advB2A=0.794 cycA=0.071 cycB=0.077 idtA=0.048 idtB=0.070 D_A=0.066 D_B=0.119 D_A(real)=0.87 D_A(fake)=0.13 gnG=49.22 gnD=16.67 it_per_s=9.28
2026-10-03 02:01:38,321 INFO iter=494300 epoch=71 lr=2.44e-05 G=3.474 advA2B=0.614 advB2A=0.791 cycA=0.070 cycB=0.077 idtA=0.048 idtB=0.070 D_A=0.066 D_B=0.119 D_A(real)=0.87 D_A(fake)=0.13 gnG=49.26 gnD=16.65 it_per_s=9.29
2026-10-03 02:01:48,829 INFO iter=494400 epoch=71 lr=2.44e-05 G=3.464 advA2B=0.612 advB2A=0.786 cycA=0.070 cycB=0.077 idtA=0.048 idtB=0.070 D_A=0.066 D_B=0.119 D_A(real)=0.87 D_A(fake)=0.13 gnG=48.91 gnD=16.67 it_per_s=9.30
2026-10-03 02:01:59,358 INFO iter=494500 epoch=71 lr=2.43e-05 G=3.465 advA2B=0.611 advB2A=0.786 cycA=0.071 cycB=0.077 idtA=0.048 idtB=0.070 D_A=0.066 D_B=0.119 D_A(real)=0.86 D_A(fake)=0.14 gnG=48.57 gnD=16.64 it_per_s=9.32
2026-10-03 02:02:09,910 INFO iter=494600 epoch=71 lr=2.43e-05 G=3.466 advA2B=0.612 advB2A=0.785 cycA=0.071 cycB=0.077 idtA=0.048 idtB=0.070 D_A=0.066 D_B=0.119 D_A(real)=0.87 D_A(fake)=0.13 gnG=48.61 gnD=16.66 it_per_s=9.32
2026-10-03 02:02:20,447 INFO iter=494700 epoch=71 lr=2.43e-05 G=3.465 advA2B=0.613 advB2A=0.783 cycA=0.071 cycB=0.077 idtA=0.048 idtB=0.070 D_A=0.066 D_B=0.119 D_A(real)=0.87 D_A(fake)=0.13 gnG=48.65 gnD=16.63 it_per_s=9.33
2026-10-03 02:02:31,043 INFO iter=494800 epoch=71 lr=2.42e-05 G=3.464 advA2B=0.613 advB2A=0.783 cycA=0.071 cycB=0.077 idtA=0.048 idtB=0.070 D_A=0.066 D_B=0.119 D_A(real)=0.87 D_A(fake)=0.13 gnG=48.61 gnD=16.64 it_per_s=9.34
2026-10-03 02:02:41,625 INFO iter=494900 epoch=71 lr=2.42e-05 G=3.467 advA2B=0.614 advB2A=0.786 cycA=0.071 cycB=0.077 idtA=0.048 idtB=0.070 D_A=0.066 D_B=0.120 D_A(real)=0.87 D_A(fake)=0.13 gnG=48.98 gnD=16.67 it_per_s=9.34
2026-10-03 02:02:52,195 INFO iter=495000 epoch=71 lr=2.42e-05 G=3.468 advA2B=0.615 advB2A=0.789 cycA=0.070 cycB=0.077 idtA=0.048 idtB=0.070 D_A=0.066 D_B=0.120 D_A(real)=0.87 D_A(fake)=0.13 gnG=48.76 gnD=16.66 it_per_s=9.35
2026-10-03 02:03:02,796 INFO iter=495100 epoch=71 lr=2.41e-05 G=3.470 advA2B=0.617 advB2A=0.789 cycA=0.070 cycB=0.077 idtA=0.048 idtB=0.070 D_A=0.066 D_B=0.119 D_A(real)=0.87 D_A(fake)=0.13 gnG=48.89 gnD=16.66 it_per_s=9.35
2026-10-03 02:03:13,358 INFO iter=495200 epoch=71 lr=2.41e-05 G=3.472 advA2B=0.619 advB2A=0.790 cycA=0.070 cycB=0.077 idtA=0.048 idtB=0.070 D_A=0.066 D_B=0.119 D_A(real)=0.87 D_A(fake)=0.13 gnG=48.99 gnD=16.66 it_per_s=9.35
2026-10-03 02:03:23,853 INFO iter=495300 epoch=71 lr=2.41e-05 G=3.476 advA2B=0.621 advB2A=0.791 cycA=0.070 cycB=0.077 idtA=0.048 idtB=0.070 D_A=0.066 D_B=0.119 D_A(real)=0.87 D_A(fake)=0.13 gnG=49.26 gnD=16.66 it_per_s=9.36
2026-10-03 02:03:34,437 INFO iter=495400 epoch=71 lr=2.40e-05 G=3.474 advA2B=0.621 advB2A=0.791 cycA=0.070 cycB=0.077 idtA=0.048 idtB=0.069 D_A=0.067 D_B=0.119 D_A(real)=0.86 D_A(fake)=0.13 gnG=49.24 gnD=16.70 it_per_s=9.36
2026-10-03 02:03:45,006 INFO iter=495500 epoch=71 lr=2.40e-05 G=3.479 advA2B=0.622 advB2A=0.793 cycA=0.070 cycB=0.077 idtA=0.048 idtB=0.070 D_A=0.067 D_B=0.119 D_A(real)=0.86 D_A(fake)=0.14 gnG=49.34 gnD=16.69 it_per_s=9.37
2026-10-03 02:03:55,639 INFO iter=495600 epoch=71 lr=2.40e-05 G=3.479 advA2B=0.620 advB2A=0.792 cycA=0.070 cycB=0.077 idtA=0.048 idtB=0.070 D_A=0.067 D_B=0.119 D_A(real)=0.86 D_A(fake)=0.14 gnG=49.23 gnD=16.77 it_per_s=9.37
2026-10-03 02:04:06,027 INFO iter=495700 epoch=71 lr=2.39e-05 G=3.480 advA2B=0.621 advB2A=0.790 cycA=0.070 cycB=0.078 idtA=0.048 idtB=0.070 D_A=0.067 D_B=0.119 D_A(real)=0.87 D_A(fake)=0.13 gnG=49.31 gnD=16.75 it_per_s=9.38
2026-10-03 02:04:16,585 INFO iter=495800 epoch=71 lr=2.39e-05 G=3.477 advA2B=0.620 advB2A=0.790 cycA=0.070 cycB=0.077 idtA=0.048 idtB=0.070 D_A=0.067 D_B=0.119 D_A(real)=0.87 D_A(fake)=0.13 gnG=49.20 gnD=16.78 it_per_s=9.38
2026-10-03 02:04:27,061 INFO iter=495900 epoch=71 lr=2.38e-05 G=3.478 advA2B=0.620 advB2A=0.790 cycA=0.070 cycB=0.078 idtA=0.048 idtB=0.070 D_A=0.067 D_B=0.119 D_A(real)=0.87 D_A(fake)=0.13 gnG=49.42 gnD=16.74 it_per_s=9.38
2026-10-03 02:04:37,509 INFO iter=496000 epoch=71 lr=2.38e-05 G=3.483 advA2B=0.620 advB2A=0.793 cycA=0.070 cycB=0.078 idtA=0.048 idtB=0.070 D_A=0.067 D_B=0.119 D_A(real)=0.87 D_A(fake)=0.13 gnG=49.32 gnD=16.73 it_per_s=9.39
2026-10-03 02:04:48,096 INFO iter=496100 epoch=71 lr=2.38e-05 G=3.482 advA2B=0.620 advB2A=0.793 cycA=0.070 cycB=0.078 idtA=0.048 idtB=0.070 D_A=0.067 D_B=0.119 D_A(real)=0.87 D_A(fake)=0.13 gnG=49.18 gnD=16.76 it_per_s=9.39
2026-10-03 02:04:58,427 INFO iter=496200 epoch=71 lr=2.37e-05 G=3.478 advA2B=0.618 advB2A=0.793 cycA=0.070 cycB=0.078 idtA=0.048 idtB=0.070 D_A=0.067 D_B=0.119 D_A(real)=0.87 D_A(fake)=0.13 gnG=49.15 gnD=16.77 it_per_s=9.40
2026-10-03 02:05:08,926 INFO iter=496300 epoch=71 lr=2.37e-05 G=3.476 advA2B=0.617 advB2A=0.793 cycA=0.070 cycB=0.078 idtA=0.048 idtB=0.070 D_A=0.067 D_B=0.119 D_A(real)=0.87 D_A(fake)=0.13 gnG=49.21 gnD=16.77 it_per_s=9.40
2026-10-03 02:05:19,446 INFO iter=496400 epoch=71 lr=2.37e-05 G=3.475 advA2B=0.617 advB2A=0.792 cycA=0.070 cycB=0.078 idtA=0.048 idtB=0.070 D_A=0.067 D_B=0.120 D_A(real)=0.87 D_A(fake)=0.13 gnG=49.12 gnD=16.80 it_per_s=9.41
2026-10-03 02:05:30,011 INFO iter=496500 epoch=71 lr=2.36e-05 G=3.472 advA2B=0.617 advB2A=0.791 cycA=0.070 cycB=0.078 idtA=0.048 idtB=0.070 D_A=0.067 D_B=0.120 D_A(real)=0.87 D_A(fake)=0.13 gnG=49.35 gnD=16.83 it_per_s=9.41
2026-10-03 02:05:44,481 INFO iter=496600 epoch=71 lr=2.36e-05 G=3.473 advA2B=0.617 advB2A=0.791 cycA=0.070 cycB=0.078 idtA=0.048 idtB=0.070 D_A=0.067 D_B=0.120 D_A(real)=0.87 D_A(fake)=0.13 gnG=49.45 gnD=16.85 it_per_s=9.32
2026-10-03 02:05:56,359 INFO iter=496700 epoch=71 lr=2.36e-05 G=3.471 advA2B=0.617 advB2A=0.790 cycA=0.070 cycB=0.078 idtA=0.048 idtB=0.070 D_A=0.067 D_B=0.120 D_A(real)=0.87 D_A(fake)=0.13 gnG=49.27 gnD=16.83 it_per_s=9.30
2026-10-03 02:06:10,894 INFO iter=496800 epoch=71 lr=2.35e-05 G=3.474 advA2B=0.618 advB2A=0.791 cycA=0.070 cycB=0.078 idtA=0.048 idtB=0.070 D_A=0.067 D_B=0.119 D_A(real)=0.87 D_A(fake)=0.13 gnG=49.35 gnD=16.81 it_per_s=9.22
2026-10-03 02:06:23,152 INFO iter=496900 epoch=71 lr=2.35e-05 G=3.473 advA2B=0.617 advB2A=0.790 cycA=0.070 cycB=0.078 idtA=0.048 idtB=0.070 D_A=0.067 D_B=0.119 D_A(real)=0.87 D_A(fake)=0.13 gnG=49.31 gnD=16.80 it_per_s=9.19
2026-10-03 02:06:37,573 INFO iter=497000 epoch=71 lr=2.35e-05 G=3.474 advA2B=0.617 advB2A=0.789 cycA=0.070 cycB=0.078 idtA=0.048 idtB=0.070 D_A=0.066 D_B=0.120 D_A(real)=0.87 D_A(fake)=0.13 gnG=49.28 gnD=16.81 it_per_s=9.12
2026-10-03 02:06:49,732 INFO iter=497100 epoch=71 lr=2.34e-05 G=3.473 advA2B=0.617 advB2A=0.791 cycA=0.070 cycB=0.078 idtA=0.048 idtB=0.070 D_A=0.067 D_B=0.120 D_A(real)=0.87 D_A(fake)=0.13 gnG=49.25 gnD=16.83 it_per_s=9.10
2026-10-03 02:07:03,940 INFO iter=497200 epoch=71 lr=2.34e-05 G=3.472 advA2B=0.617 advB2A=0.790 cycA=0.070 cycB=0.078 idtA=0.048 idtB=0.070 D_A=0.067 D_B=0.120 D_A(real)=0.87 D_A(fake)=0.13 gnG=49.33 gnD=16.83 it_per_s=9.04
2026-10-03 02:07:16,006 INFO iter=497300 epoch=71 lr=2.34e-05 G=3.474 advA2B=0.617 advB2A=0.790 cycA=0.070 cycB=0.078 idtA=0.048 idtB=0.070 D_A=0.067 D_B=0.120 D_A(real)=0.87 D_A(fake)=0.13 gnG=49.35 gnD=16.83 it_per_s=9.02
2026-10-03 02:07:30,165 INFO iter=497400 epoch=71 lr=2.33e-05 G=3.473 advA2B=0.616 advB2A=0.789 cycA=0.070 cycB=0.078 idtA=0.048 idtB=0.070 D_A=0.067 D_B=0.120 D_A(real)=0.87 D_A(fake)=0.13 gnG=49.46 gnD=16.84 it_per_s=8.97
2026-10-03 02:07:42,376 INFO iter=497500 epoch=71 lr=2.33e-05 G=3.473 advA2B=0.616 advB2A=0.790 cycA=0.070 cycB=0.078 idtA=0.048 idtB=0.070 D_A=0.067 D_B=0.120 D_A(real)=0.87 D_A(fake)=0.13 gnG=49.56 gnD=16.86 it_per_s=8.95
2026-10-03 02:07:56,693 INFO iter=497600 epoch=71 lr=2.32e-05 G=3.474 advA2B=0.616 advB2A=0.791 cycA=0.070 cycB=0.078 idtA=0.048 idtB=0.070 D_A=0.067 D_B=0.120 D_A(real)=0.87 D_A(fake)=0.13 gnG=49.57 gnD=16.85 it_per_s=8.90
2026-10-03 02:08:08,879 INFO iter=497700 epoch=71 lr=2.32e-05 G=3.474 advA2B=0.616 advB2A=0.791 cycA=0.070 cycB=0.078 idtA=0.048 idtB=0.070 D_A=0.067 D_B=0.120 D_A(real)=0.87 D_A(fake)=0.13 gnG=49.63 gnD=16.85 it_per_s=8.89
2026-10-03 02:08:20,226 INFO iter=497800 epoch=71 lr=2.32e-05 G=3.473 advA2B=0.615 advB2A=0.791 cycA=0.070 cycB=0.078 idtA=0.048 idtB=0.070 D_A=0.067 D_B=0.120 D_A(real)=0.87 D_A(fake)=0.13 gnG=49.66 gnD=16.87 it_per_s=8.89
2026-10-03 02:08:30,805 INFO iter=497900 epoch=71 lr=2.31e-05 G=3.472 advA2B=0.615 advB2A=0.790 cycA=0.070 cycB=0.078 idtA=0.048 idtB=0.070 D_A=0.067 D_B=0.120 D_A(real)=0.87 D_A(fake)=0.13 gnG=49.68 gnD=16.88 it_per_s=8.90
2026-10-03 02:08:41,387 INFO iter=498000 epoch=71 lr=2.31e-05 G=3.471 advA2B=0.616 advB2A=0.790 cycA=0.070 cycB=0.078 idtA=0.048 idtB=0.070 D_A=0.067 D_B=0.120 D_A(real)=0.87 D_A(fake)=0.13 gnG=49.69 gnD=16.88 it_per_s=8.91
2026-10-03 02:08:51,897 INFO iter=498100 epoch=71 lr=2.31e-05 G=3.469 advA2B=0.615 advB2A=0.789 cycA=0.070 cycB=0.078 idtA=0.048 idtB=0.070 D_A=0.067 D_B=0.120 D_A(real)=0.87 D_A(fake)=0.13 gnG=49.72 gnD=16.89 it_per_s=8.92
2026-10-03 02:09:02,469 INFO iter=498200 epoch=71 lr=2.30e-05 G=3.470 advA2B=0.615 advB2A=0.789 cycA=0.070 cycB=0.078 idtA=0.048 idtB=0.070 D_A=0.067 D_B=0.120 D_A(real)=0.87 D_A(fake)=0.13 gnG=49.69 gnD=16.88 it_per_s=8.93
2026-10-03 02:09:12,991 INFO iter=498300 epoch=71 lr=2.30e-05 G=3.470 advA2B=0.615 advB2A=0.789 cycA=0.070 cycB=0.078 idtA=0.048 idtB=0.070 D_A=0.067 D_B=0.120 D_A(real)=0.87 D_A(fake)=0.13 gnG=49.70 gnD=16.88 it_per_s=8.94
2026-10-03 02:09:23,526 INFO iter=498400 epoch=71 lr=2.30e-05 G=3.469 advA2B=0.615 advB2A=0.789 cycA=0.070 cycB=0.078 idtA=0.048 idtB=0.070 D_A=0.067 D_B=0.120 D_A(real)=0.87 D_A(fake)=0.13 gnG=49.66 gnD=16.88 it_per_s=8.94
2026-10-03 02:09:34,053 INFO iter=498500 epoch=71 lr=2.29e-05 G=3.467 advA2B=0.614 advB2A=0.788 cycA=0.070 cycB=0.078 idtA=0.048 idtB=0.070 D_A=0.067 D_B=0.120 D_A(real)=0.87 D_A(fake)=0.13 gnG=49.61 gnD=16.87 it_per_s=8.95
2026-10-03 02:09:44,594 INFO iter=498600 epoch=71 lr=2.29e-05 G=3.467 advA2B=0.614 advB2A=0.788 cycA=0.070 cycB=0.078 idtA=0.048 idtB=0.070 D_A=0.067 D_B=0.120 D_A(real)=0.87 D_A(fake)=0.13 gnG=49.62 gnD=16.89 it_per_s=8.96
2026-10-03 02:09:55,162 INFO iter=498700 epoch=71 lr=2.29e-05 G=3.467 advA2B=0.614 advB2A=0.789 cycA=0.070 cycB=0.078 idtA=0.048 idtB=0.070 D_A=0.067 D_B=0.120 D_A(real)=0.87 D_A(fake)=0.13 gnG=49.70 gnD=16.91 it_per_s=8.97
2026-10-03 02:10:05,695 INFO iter=498800 epoch=71 lr=2.28e-05 G=3.469 advA2B=0.614 advB2A=0.789 cycA=0.070 cycB=0.078 idtA=0.048 idtB=0.070 D_A=0.067 D_B=0.120 D_A(real)=0.87 D_A(fake)=0.13 gnG=49.77 gnD=16.90 it_per_s=8.98
2026-10-03 02:10:16,253 INFO iter=498900 epoch=71 lr=2.28e-05 G=3.468 advA2B=0.615 advB2A=0.789 cycA=0.070 cycB=0.078 idtA=0.048 idtB=0.070 D_A=0.067 D_B=0.120 D_A(real)=0.87 D_A(fake)=0.13 gnG=49.75 gnD=16.89 it_per_s=8.99
2026-10-03 02:10:26,753 INFO iter=499000 epoch=71 lr=2.27e-05 G=3.469 advA2B=0.615 advB2A=0.789 cycA=0.070 cycB=0.078 idtA=0.048 idtB=0.070 D_A=0.067 D_B=0.120 D_A(real)=0.87 D_A(fake)=0.13 gnG=49.90 gnD=16.90 it_per_s=8.99
2026-10-03 02:10:37,264 INFO iter=499100 epoch=71 lr=2.27e-05 G=3.468 advA2B=0.614 advB2A=0.789 cycA=0.070 cycB=0.078 idtA=0.048 idtB=0.070 D_A=0.067 D_B=0.120 D_A(real)=0.87 D_A(fake)=0.13 gnG=49.83 gnD=16.89 it_per_s=9.00
2026-10-03 02:10:47,758 INFO iter=499200 epoch=71 lr=2.27e-05 G=3.468 advA2B=0.614 advB2A=0.789 cycA=0.070 cycB=0.078 idtA=0.048 idtB=0.070 D_A=0.067 D_B=0.120 D_A(real)=0.87 D_A(fake)=0.13 gnG=49.78 gnD=16.88 it_per_s=9.01
2026-10-03 02:10:58,278 INFO iter=499300 epoch=71 lr=2.26e-05 G=3.467 advA2B=0.614 advB2A=0.788 cycA=0.070 cycB=0.078 idtA=0.048 idtB=0.070 D_A=0.067 D_B=0.120 D_A(real)=0.87 D_A(fake)=0.13 gnG=49.77 gnD=16.87 it_per_s=9.02
2026-10-03 02:11:08,707 INFO iter=499400 epoch=71 lr=2.26e-05 G=3.466 advA2B=0.613 advB2A=0.788 cycA=0.070 cycB=0.078 idtA=0.048 idtB=0.070 D_A=0.067 D_B=0.120 D_A(real)=0.87 D_A(fake)=0.13 gnG=49.81 gnD=16.85 it_per_s=9.02
2026-10-03 02:11:19,323 INFO iter=499500 epoch=71 lr=2.26e-05 G=3.466 advA2B=0.613 advB2A=0.789 cycA=0.070 cycB=0.078 idtA=0.048 idtB=0.070 D_A=0.067 D_B=0.120 D_A(real)=0.87 D_A(fake)=0.13 gnG=49.82 gnD=16.85 it_per_s=9.03
2026-10-03 02:11:29,854 INFO iter=499600 epoch=71 lr=2.25e-05 G=3.466 advA2B=0.613 advB2A=0.789 cycA=0.070 cycB=0.078 idtA=0.048 idtB=0.070 D_A=0.067 D_B=0.119 D_A(real)=0.87 D_A(fake)=0.13 gnG=49.89 gnD=16.86 it_per_s=9.04
2026-10-03 02:11:39,984 INFO epoch=71 done time_s=778 it_per_s=9.04 G=3.467 cycA=0.070 cycB=0.078 idtA=0.048 idtB=0.070 D_A=0.067 D_B=0.120 D_A(real)=0.87 D_A(fake)=0.13 nan_count=0
2026-10-03 02:11:40,848 INFO iter=499700 epoch=72 lr=2.25e-05 G=3.561 advA2B=0.409 advB2A=0.721 cycA=0.100 cycB=0.076 idtA=0.075 idtB=0.058 D_A=0.031 D_B=0.135 D_A(real)=1.09 D_A(fake)=0.06 gnG=34.41 gnD=22.98 it_per_s=8.66
2026-10-03 02:11:51,433 INFO iter=499800 epoch=72 lr=2.25e-05 G=3.394 advA2B=0.624 advB2A=0.759 cycA=0.072 cycB=0.073 idtA=0.049 idtB=0.063 D_A=0.069 D_B=0.120 D_A(real)=0.85 D_A(fake)=0.14 gnG=54.72 gnD=17.19 it_per_s=9.43
2026-10-03 02:12:02,009 INFO iter=499900 epoch=72 lr=2.24e-05 G=3.456 advA2B=0.627 advB2A=0.788 cycA=0.071 cycB=0.076 idtA=0.048 idtB=0.067 D_A=0.071 D_B=0.122 D_A(real)=0.86 D_A(fake)=0.15 gnG=53.07 gnD=17.01 it_per_s=9.44
2026-10-03 02:12:12,590 INFO iter=500000 epoch=72 lr=2.24e-05 G=3.442 advA2B=0.615 advB2A=0.790 cycA=0.070 cycB=0.076 idtA=0.048 idtB=0.067 D_A=0.069 D_B=0.125 D_A(real)=0.86 D_A(fake)=0.14 gnG=52.34 gnD=17.19 it_per_s=9.45
2026-10-03 02:12:23,118 INFO iter=500100 epoch=72 lr=2.24e-05 G=3.463 advA2B=0.626 advB2A=0.800 cycA=0.070 cycB=0.076 idtA=0.048 idtB=0.067 D_A=0.068 D_B=0.123 D_A(real)=0.86 D_A(fake)=0.14 gnG=53.56 gnD=17.06 it_per_s=9.46
2026-10-03 02:12:33,663 INFO iter=500200 epoch=72 lr=2.23e-05 G=3.479 advA2B=0.623 advB2A=0.810 cycA=0.070 cycB=0.077 idtA=0.048 idtB=0.067 D_A=0.068 D_B=0.121 D_A(real)=0.86 D_A(fake)=0.14 gnG=53.66 gnD=16.91 it_per_s=9.46
2026-10-03 02:12:44,252 INFO iter=500300 epoch=72 lr=2.23e-05 G=3.452 advA2B=0.611 advB2A=0.804 cycA=0.070 cycB=0.076 idtA=0.048 idtB=0.067 D_A=0.066 D_B=0.121 D_A(real)=0.86 D_A(fake)=0.14 gnG=53.78 gnD=16.87 it_per_s=9.46
2026-10-03 02:12:54,801 INFO iter=500400 epoch=72 lr=2.23e-05 G=3.462 advA2B=0.611 advB2A=0.809 cycA=0.070 cycB=0.077 idtA=0.048 idtB=0.067 D_A=0.066 D_B=0.121 D_A(real)=0.86 D_A(fake)=0.14 gnG=53.40 gnD=16.88 it_per_s=9.46
2026-10-03 02:13:05,372 INFO iter=500500 epoch=72 lr=2.22e-05 G=3.453 advA2B=0.614 advB2A=0.811 cycA=0.070 cycB=0.076 idtA=0.047 idtB=0.067 D_A=0.067 D_B=0.120 D_A(real)=0.86 D_A(fake)=0.14 gnG=53.69 gnD=16.89 it_per_s=9.46
2026-10-03 02:13:15,932 INFO iter=500600 epoch=72 lr=2.22e-05 G=3.452 advA2B=0.613 advB2A=0.812 cycA=0.070 cycB=0.076 idtA=0.047 idtB=0.067 D_A=0.067 D_B=0.123 D_A(real)=0.86 D_A(fake)=0.14 gnG=53.15 gnD=16.95 it_per_s=9.46
2026-10-03 02:13:26,470 INFO iter=500700 epoch=72 lr=2.21e-05 G=3.452 advA2B=0.613 advB2A=0.807 cycA=0.070 cycB=0.076 idtA=0.047 idtB=0.067 D_A=0.066 D_B=0.123 D_A(real)=0.87 D_A(fake)=0.14 gnG=53.18 gnD=16.93 it_per_s=9.47
2026-10-03 02:13:37,026 INFO iter=500800 epoch=72 lr=2.21e-05 G=3.455 advA2B=0.613 advB2A=0.808 cycA=0.069 cycB=0.077 idtA=0.047 idtB=0.068 D_A=0.066 D_B=0.123 D_A(real)=0.86 D_A(fake)=0.14 gnG=53.01 gnD=16.94 it_per_s=9.47
2026-10-03 02:13:47,640 INFO iter=500900 epoch=72 lr=2.21e-05 G=3.476 advA2B=0.619 advB2A=0.807 cycA=0.070 cycB=0.077 idtA=0.047 idtB=0.069 D_A=0.066 D_B=0.122 D_A(real)=0.87 D_A(fake)=0.13 gnG=53.13 gnD=16.83 it_per_s=9.46
2026-10-03 02:13:58,267 INFO iter=501000 epoch=72 lr=2.20e-05 G=3.478 advA2B=0.616 advB2A=0.806 cycA=0.070 cycB=0.077 idtA=0.047 idtB=0.069 D_A=0.067 D_B=0.122 D_A(real)=0.86 D_A(fake)=0.14 gnG=52.99 gnD=16.91 it_per_s=9.46
2026-10-03 02:14:08,869 INFO iter=501100 epoch=72 lr=2.20e-05 G=3.480 advA2B=0.616 advB2A=0.803 cycA=0.070 cycB=0.078 idtA=0.048 idtB=0.069 D_A=0.067 D_B=0.122 D_A(real)=0.86 D_A(fake)=0.14 gnG=53.11 gnD=16.89 it_per_s=9.46
2026-10-03 02:14:19,392 INFO iter=501200 epoch=72 lr=2.20e-05 G=3.486 advA2B=0.616 advB2A=0.805 cycA=0.070 cycB=0.078 idtA=0.048 idtB=0.069 D_A=0.067 D_B=0.122 D_A(real)=0.86 D_A(fake)=0.14 gnG=52.81 gnD=16.91 it_per_s=9.46
2026-10-03 02:14:29,925 INFO iter=501300 epoch=72 lr=2.19e-05 G=3.482 advA2B=0.615 advB2A=0.802 cycA=0.070 cycB=0.078 idtA=0.048 idtB=0.069 D_A=0.066 D_B=0.121 D_A(real)=0.86 D_A(fake)=0.14 gnG=52.51 gnD=16.82 it_per_s=9.46
2026-10-03 02:14:40,467 INFO iter=501400 epoch=72 lr=2.19e-05 G=3.489 advA2B=0.616 advB2A=0.802 cycA=0.070 cycB=0.078 idtA=0.048 idtB=0.070 D_A=0.066 D_B=0.121 D_A(real)=0.87 D_A(fake)=0.13 gnG=52.59 gnD=16.81 it_per_s=9.46
2026-10-03 02:14:51,009 INFO iter=501500 epoch=72 lr=2.19e-05 G=3.490 advA2B=0.618 advB2A=0.807 cycA=0.070 cycB=0.078 idtA=0.048 idtB=0.070 D_A=0.066 D_B=0.120 D_A(real)=0.87 D_A(fake)=0.13 gnG=52.76 gnD=16.74 it_per_s=9.46
2026-10-03 02:15:01,453 INFO iter=501600 epoch=72 lr=2.18e-05 G=3.484 advA2B=0.616 advB2A=0.805 cycA=0.070 cycB=0.077 idtA=0.048 idtB=0.070 D_A=0.066 D_B=0.121 D_A(real)=0.87 D_A(fake)=0.13 gnG=52.42 gnD=16.78 it_per_s=9.47
2026-10-03 02:15:11,865 INFO iter=501700 epoch=72 lr=2.18e-05 G=3.495 advA2B=0.618 advB2A=0.810 cycA=0.070 cycB=0.078 idtA=0.048 idtB=0.070 D_A=0.066 D_B=0.120 D_A(real)=0.87 D_A(fake)=0.13 gnG=52.68 gnD=16.73 it_per_s=9.48
2026-10-03 02:15:22,397 INFO iter=501800 epoch=72 lr=2.18e-05 G=3.496 advA2B=0.616 advB2A=0.809 cycA=0.070 cycB=0.078 idtA=0.047 idtB=0.070 D_A=0.066 D_B=0.121 D_A(real)=0.87 D_A(fake)=0.13 gnG=52.53 gnD=16.79 it_per_s=9.48
2026-10-03 02:15:32,663 INFO iter=501900 epoch=72 lr=2.17e-05 G=3.498 advA2B=0.617 advB2A=0.809 cycA=0.070 cycB=0.078 idtA=0.047 idtB=0.070 D_A=0.066 D_B=0.120 D_A(real)=0.87 D_A(fake)=0.13 gnG=52.45 gnD=16.76 it_per_s=9.49
2026-10-03 02:15:43,106 INFO iter=502000 epoch=72 lr=2.17e-05 G=3.496 advA2B=0.617 advB2A=0.808 cycA=0.070 cycB=0.078 idtA=0.047 idtB=0.070 D_A=0.066 D_B=0.120 D_A(real)=0.87 D_A(fake)=0.13 gnG=52.36 gnD=16.78 it_per_s=9.49
2026-10-03 02:15:53,671 INFO iter=502100 epoch=72 lr=2.16e-05 G=3.494 advA2B=0.618 advB2A=0.807 cycA=0.070 cycB=0.078 idtA=0.047 idtB=0.070 D_A=0.066 D_B=0.120 D_A(real)=0.87 D_A(fake)=0.13 gnG=52.38 gnD=16.79 it_per_s=9.49
2026-10-03 02:16:04,277 INFO iter=502200 epoch=72 lr=2.16e-05 G=3.496 advA2B=0.619 advB2A=0.807 cycA=0.070 cycB=0.078 idtA=0.048 idtB=0.070 D_A=0.066 D_B=0.120 D_A(real)=0.87 D_A(fake)=0.13 gnG=52.41 gnD=16.78 it_per_s=9.49
2026-10-03 02:16:14,827 INFO iter=502300 epoch=72 lr=2.16e-05 G=3.499 advA2B=0.619 advB2A=0.807 cycA=0.070 cycB=0.078 idtA=0.048 idtB=0.070 D_A=0.066 D_B=0.120 D_A(real)=0.87 D_A(fake)=0.13 gnG=52.25 gnD=16.80 it_per_s=9.49
2026-10-03 02:16:25,385 INFO iter=502400 epoch=72 lr=2.15e-05 G=3.500 advA2B=0.620 advB2A=0.805 cycA=0.070 cycB=0.078 idtA=0.048 idtB=0.071 D_A=0.066 D_B=0.120 D_A(real)=0.87 D_A(fake)=0.13 gnG=52.23 gnD=16.80 it_per_s=9.49
2026-10-03 02:16:36,030 INFO iter=502500 epoch=72 lr=2.15e-05 G=3.501 advA2B=0.622 advB2A=0.804 cycA=0.070 cycB=0.078 idtA=0.048 idtB=0.071 D_A=0.066 D_B=0.120 D_A(real)=0.87 D_A(fake)=0.13 gnG=52.27 gnD=16.77 it_per_s=9.48
2026-10-03 02:16:46,590 INFO iter=502600 epoch=72 lr=2.15e-05 G=3.501 advA2B=0.623 advB2A=0.804 cycA=0.070 cycB=0.078 idtA=0.048 idtB=0.070 D_A=0.066 D_B=0.120 D_A(real)=0.87 D_A(fake)=0.13 gnG=52.22 gnD=16.75 it_per_s=9.48
2026-10-03 02:16:57,070 INFO iter=502700 epoch=72 lr=2.14e-05 G=3.503 advA2B=0.624 advB2A=0.805 cycA=0.070 cycB=0.078 idtA=0.048 idtB=0.070 D_A=0.066 D_B=0.120 D_A(real)=0.87 D_A(fake)=0.13 gnG=52.29 gnD=16.75 it_per_s=9.49
2026-10-03 02:17:07,661 INFO iter=502800 epoch=72 lr=2.14e-05 G=3.503 advA2B=0.624 advB2A=0.805 cycA=0.070 cycB=0.078 idtA=0.048 idtB=0.070 D_A=0.066 D_B=0.120 D_A(real)=0.87 D_A(fake)=0.13 gnG=52.29 gnD=16.75 it_per_s=9.48
2026-10-03 02:17:18,231 INFO iter=502900 epoch=72 lr=2.14e-05 G=3.501 advA2B=0.623 advB2A=0.804 cycA=0.070 cycB=0.078 idtA=0.048 idtB=0.070 D_A=0.066 D_B=0.120 D_A(real)=0.87 D_A(fake)=0.13 gnG=52.28 gnD=16.76 it_per_s=9.48
2026-10-03 02:17:28,774 INFO iter=503000 epoch=72 lr=2.13e-05 G=3.502 advA2B=0.623 advB2A=0.805 cycA=0.070 cycB=0.078 idtA=0.048 idtB=0.070 D_A=0.066 D_B=0.120 D_A(real)=0.87 D_A(fake)=0.13 gnG=52.36 gnD=16.74 it_per_s=9.48
2026-10-03 02:17:39,310 INFO iter=503100 epoch=72 lr=2.13e-05 G=3.497 advA2B=0.622 advB2A=0.802 cycA=0.070 cycB=0.078 idtA=0.048 idtB=0.070 D_A=0.066 D_B=0.121 D_A(real)=0.87 D_A(fake)=0.14 gnG=52.26 gnD=16.79 it_per_s=9.48
2026-10-03 02:17:49,917 INFO iter=503200 epoch=72 lr=2.13e-05 G=3.494 advA2B=0.621 advB2A=0.801 cycA=0.070 cycB=0.078 idtA=0.048 idtB=0.070 D_A=0.066 D_B=0.121 D_A(real)=0.87 D_A(fake)=0.13 gnG=52.27 gnD=16.81 it_per_s=9.48
2026-10-03 02:18:00,534 INFO iter=503300 epoch=72 lr=2.12e-05 G=3.495 advA2B=0.621 advB2A=0.800 cycA=0.070 cycB=0.078 idtA=0.048 idtB=0.070 D_A=0.066 D_B=0.121 D_A(real)=0.87 D_A(fake)=0.13 gnG=52.10 gnD=16.80 it_per_s=9.48
2026-10-03 02:18:11,075 INFO iter=503400 epoch=72 lr=2.12e-05 G=3.492 advA2B=0.620 advB2A=0.800 cycA=0.070 cycB=0.078 idtA=0.048 idtB=0.070 D_A=0.066 D_B=0.121 D_A(real)=0.87 D_A(fake)=0.13 gnG=52.09 gnD=16.82 it_per_s=9.48
2026-10-03 02:18:21,582 INFO iter=503500 epoch=72 lr=2.11e-05 G=3.492 advA2B=0.619 advB2A=0.801 cycA=0.070 cycB=0.078 idtA=0.048 idtB=0.070 D_A=0.066 D_B=0.121 D_A(real)=0.87 D_A(fake)=0.13 gnG=52.20 gnD=16.80 it_per_s=9.48
2026-10-03 02:18:32,098 INFO iter=503600 epoch=72 lr=2.11e-05 G=3.492 advA2B=0.621 advB2A=0.801 cycA=0.070 cycB=0.078 idtA=0.048 idtB=0.070 D_A=0.066 D_B=0.120 D_A(real)=0.87 D_A(fake)=0.13 gnG=52.26 gnD=16.79 it_per_s=9.48
2026-10-03 02:18:42,612 INFO iter=503700 epoch=72 lr=2.11e-05 G=3.491 advA2B=0.620 advB2A=0.801 cycA=0.070 cycB=0.078 idtA=0.048 idtB=0.070 D_A=0.066 D_B=0.121 D_A(real)=0.87 D_A(fake)=0.13 gnG=52.19 gnD=16.83 it_per_s=9.48
2026-10-03 02:18:53,212 INFO iter=503800 epoch=72 lr=2.10e-05 G=3.488 advA2B=0.619 advB2A=0.799 cycA=0.070 cycB=0.078 idtA=0.048 idtB=0.070 D_A=0.066 D_B=0.120 D_A(real)=0.87 D_A(fake)=0.13 gnG=52.36 gnD=16.85 it_per_s=9.48
2026-10-03 02:19:03,568 INFO iter=503900 epoch=72 lr=2.10e-05 G=3.485 advA2B=0.619 advB2A=0.797 cycA=0.070 cycB=0.078 idtA=0.047 idtB=0.070 D_A=0.067 D_B=0.120 D_A(real)=0.86 D_A(fake)=0.14 gnG=52.26 gnD=16.87 it_per_s=9.49
2026-10-03 02:19:14,113 INFO iter=504000 epoch=72 lr=2.10e-05 G=3.484 advA2B=0.620 advB2A=0.797 cycA=0.070 cycB=0.078 idtA=0.047 idtB=0.070 D_A=0.067 D_B=0.120 D_A(real)=0.86 D_A(fake)=0.14 gnG=52.27 gnD=16.90 it_per_s=9.49
2026-10-03 02:19:24,571 INFO iter=504100 epoch=72 lr=2.09e-05 G=3.482 advA2B=0.620 advB2A=0.795 cycA=0.070 cycB=0.078 idtA=0.047 idtB=0.070 D_A=0.067 D_B=0.120 D_A(real)=0.86 D_A(fake)=0.14 gnG=52.29 gnD=16.92 it_per_s=9.49
2026-10-03 02:19:34,786 INFO iter=504200 epoch=72 lr=2.09e-05 G=3.481 advA2B=0.620 advB2A=0.796 cycA=0.070 cycB=0.078 idtA=0.047 idtB=0.070 D_A=0.067 D_B=0.120 D_A(real)=0.86 D_A(fake)=0.14 gnG=52.32 gnD=16.91 it_per_s=9.49
2026-10-03 02:19:45,404 INFO iter=504300 epoch=72 lr=2.09e-05 G=3.479 advA2B=0.620 advB2A=0.795 cycA=0.070 cycB=0.078 idtA=0.047 idtB=0.070 D_A=0.067 D_B=0.120 D_A(real)=0.86 D_A(fake)=0.14 gnG=52.19 gnD=16.90 it_per_s=9.49
2026-10-03 02:19:55,869 INFO iter=504400 epoch=72 lr=2.08e-05 G=3.476 advA2B=0.620 advB2A=0.795 cycA=0.070 cycB=0.078 idtA=0.047 idtB=0.070 D_A=0.067 D_B=0.120 D_A(real)=0.86 D_A(fake)=0.14 gnG=52.05 gnD=16.92 it_per_s=9.49
2026-10-03 02:20:06,134 INFO iter=504500 epoch=72 lr=2.08e-05 G=3.478 advA2B=0.620 advB2A=0.795 cycA=0.070 cycB=0.078 idtA=0.047 idtB=0.070 D_A=0.067 D_B=0.120 D_A(real)=0.86 D_A(fake)=0.14 gnG=52.03 gnD=16.93 it_per_s=9.50
2026-10-03 02:20:16,716 INFO iter=504600 epoch=72 lr=2.08e-05 G=3.478 advA2B=0.620 advB2A=0.795 cycA=0.070 cycB=0.078 idtA=0.047 idtB=0.070 D_A=0.067 D_B=0.120 D_A(real)=0.86 D_A(fake)=0.14 gnG=52.00 gnD=16.91 it_per_s=9.50
2026-10-03 02:20:27,149 INFO iter=504700 epoch=72 lr=2.07e-05 G=3.477 advA2B=0.620 advB2A=0.795 cycA=0.070 cycB=0.078 idtA=0.047 idtB=0.070 D_A=0.067 D_B=0.120 D_A(real)=0.86 D_A(fake)=0.14 gnG=52.15 gnD=16.92 it_per_s=9.50
2026-10-03 02:20:37,472 INFO iter=504800 epoch=72 lr=2.07e-05 G=3.475 advA2B=0.620 advB2A=0.794 cycA=0.070 cycB=0.078 idtA=0.047 idtB=0.070 D_A=0.067 D_B=0.120 D_A(real)=0.86 D_A(fake)=0.14 gnG=51.94 gnD=16.91 it_per_s=9.50
2026-10-03 02:20:48,022 INFO iter=504900 epoch=72 lr=2.07e-05 G=3.473 advA2B=0.619 advB2A=0.794 cycA=0.070 cycB=0.078 idtA=0.047 idtB=0.070 D_A=0.067 D_B=0.120 D_A(real)=0.86 D_A(fake)=0.14 gnG=51.98 gnD=16.93 it_per_s=9.50
2026-10-03 02:20:58,426 INFO iter=505000 epoch=72 lr=2.06e-05 G=3.471 advA2B=0.619 advB2A=0.794 cycA=0.070 cycB=0.078 idtA=0.047 idtB=0.070 D_A=0.067 D_B=0.120 D_A(real)=0.86 D_A(fake)=0.14 gnG=51.98 gnD=16.94 it_per_s=9.50
2026-10-03 02:21:08,860 INFO iter=505100 epoch=72 lr=2.06e-05 G=3.472 advA2B=0.620 advB2A=0.793 cycA=0.070 cycB=0.078 idtA=0.047 idtB=0.070 D_A=0.067 D_B=0.120 D_A(real)=0.86 D_A(fake)=0.14 gnG=52.00 gnD=16.94 it_per_s=9.51
2026-10-03 02:21:19,445 INFO iter=505200 epoch=72 lr=2.05e-05 G=3.473 advA2B=0.619 advB2A=0.794 cycA=0.070 cycB=0.078 idtA=0.047 idtB=0.070 D_A=0.067 D_B=0.120 D_A(real)=0.86 D_A(fake)=0.14 gnG=52.10 gnD=16.95 it_per_s=9.51
2026-10-03 02:21:29,969 INFO iter=505300 epoch=72 lr=2.05e-05 G=3.471 advA2B=0.619 advB2A=0.793 cycA=0.070 cycB=0.078 idtA=0.047 idtB=0.070 D_A=0.067 D_B=0.120 D_A(real)=0.86 D_A(fake)=0.14 gnG=52.06 gnD=16.94 it_per_s=9.51
2026-10-03 02:21:40,601 INFO iter=505400 epoch=72 lr=2.05e-05 G=3.472 advA2B=0.619 advB2A=0.793 cycA=0.070 cycB=0.078 idtA=0.047 idtB=0.070 D_A=0.067 D_B=0.120 D_A(real)=0.86 D_A(fake)=0.14 gnG=52.00 gnD=16.95 it_per_s=9.50
2026-10-03 02:21:51,170 INFO iter=505500 epoch=72 lr=2.04e-05 G=3.472 advA2B=0.618 advB2A=0.793 cycA=0.070 cycB=0.078 idtA=0.047 idtB=0.070 D_A=0.067 D_B=0.120 D_A(real)=0.86 D_A(fake)=0.14 gnG=52.04 gnD=16.94 it_per_s=9.50
2026-10-03 02:22:01,753 INFO iter=505600 epoch=72 lr=2.04e-05 G=3.473 advA2B=0.619 advB2A=0.793 cycA=0.070 cycB=0.078 idtA=0.047 idtB=0.070 D_A=0.067 D_B=0.120 D_A(real)=0.86 D_A(fake)=0.14 gnG=52.20 gnD=16.96 it_per_s=9.50
2026-10-03 02:22:12,392 INFO iter=505700 epoch=72 lr=2.04e-05 G=3.472 advA2B=0.619 advB2A=0.794 cycA=0.070 cycB=0.078 idtA=0.047 idtB=0.070 D_A=0.067 D_B=0.120 D_A(real)=0.86 D_A(fake)=0.14 gnG=52.20 gnD=16.97 it_per_s=9.50
2026-10-03 02:22:22,917 INFO iter=505800 epoch=72 lr=2.03e-05 G=3.470 advA2B=0.618 advB2A=0.793 cycA=0.070 cycB=0.078 idtA=0.047 idtB=0.070 D_A=0.067 D_B=0.120 D_A(real)=0.86 D_A(fake)=0.14 gnG=52.22 gnD=16.99 it_per_s=9.50
2026-10-03 02:22:33,303 INFO iter=505900 epoch=72 lr=2.03e-05 G=3.471 advA2B=0.619 advB2A=0.793 cycA=0.070 cycB=0.078 idtA=0.047 idtB=0.070 D_A=0.067 D_B=0.120 D_A(real)=0.86 D_A(fake)=0.14 gnG=52.26 gnD=16.98 it_per_s=9.50
2026-10-03 02:22:43,860 INFO iter=506000 epoch=72 lr=2.03e-05 G=3.470 advA2B=0.618 advB2A=0.793 cycA=0.070 cycB=0.078 idtA=0.047 idtB=0.070 D_A=0.067 D_B=0.120 D_A(real)=0.86 D_A(fake)=0.14 gnG=52.18 gnD=17.00 it_per_s=9.50
2026-10-03 02:22:54,471 INFO iter=506100 epoch=72 lr=2.02e-05 G=3.469 advA2B=0.617 advB2A=0.794 cycA=0.070 cycB=0.078 idtA=0.047 idtB=0.070 D_A=0.067 D_B=0.120 D_A(real)=0.86 D_A(fake)=0.14 gnG=52.22 gnD=17.00 it_per_s=9.50
2026-10-03 02:23:05,088 INFO iter=506200 epoch=72 lr=2.02e-05 G=3.470 advA2B=0.617 advB2A=0.794 cycA=0.070 cycB=0.078 idtA=0.047 idtB=0.070 D_A=0.067 D_B=0.120 D_A(real)=0.86 D_A(fake)=0.14 gnG=52.25 gnD=16.97 it_per_s=9.50
2026-10-03 02:23:15,636 INFO iter=506300 epoch=72 lr=2.02e-05 G=3.469 advA2B=0.617 advB2A=0.795 cycA=0.070 cycB=0.078 idtA=0.047 idtB=0.070 D_A=0.067 D_B=0.120 D_A(real)=0.86 D_A(fake)=0.14 gnG=52.25 gnD=16.99 it_per_s=9.50
2026-10-03 02:23:26,320 INFO iter=506400 epoch=72 lr=2.01e-05 G=3.470 advA2B=0.617 advB2A=0.796 cycA=0.070 cycB=0.078 idtA=0.047 idtB=0.070 D_A=0.067 D_B=0.120 D_A(real)=0.86 D_A(fake)=0.14 gnG=52.37 gnD=17.00 it_per_s=9.50
2026-10-03 02:23:36,952 INFO iter=506500 epoch=72 lr=2.01e-05 G=3.470 advA2B=0.617 advB2A=0.796 cycA=0.070 cycB=0.078 idtA=0.047 idtB=0.070 D_A=0.067 D_B=0.120 D_A(real)=0.86 D_A(fake)=0.14 gnG=52.35 gnD=16.99 it_per_s=9.50
2026-10-03 02:23:47,525 INFO iter=506600 epoch=72 lr=2.00e-05 G=3.470 advA2B=0.617 advB2A=0.795 cycA=0.070 cycB=0.078 idtA=0.047 idtB=0.070 D_A=0.067 D_B=0.120 D_A(real)=0.86 D_A(fake)=0.14 gnG=52.30 gnD=16.99 it_per_s=9.49
2026-10-03 02:23:57,959 INFO iter=506700 epoch=72 lr=2.00e-05 G=3.469 advA2B=0.617 advB2A=0.795 cycA=0.070 cycB=0.078 idtA=0.047 idtB=0.070 D_A=0.067 D_B=0.120 D_A(real)=0.86 D_A(fake)=0.14 gnG=52.32 gnD=17.00 it_per_s=9.50
2026-10-03 02:24:01,605 INFO epoch=72 done time_s=741 it_per_s=9.50 G=3.469 cycA=0.070 cycB=0.078 idtA=0.047 idtB=0.070 D_A=0.067 D_B=0.120 D_A(real)=0.86 D_A(fake)=0.14 nan_count=0
2026-10-03 02:24:08,995 INFO iter=506800 epoch=73 lr=2.00e-05 G=3.423 advA2B=0.601 advB2A=0.706 cycA=0.074 cycB=0.077 idtA=0.050 idtB=0.072 D_A=0.066 D_B=0.111 D_A(real)=0.87 D_A(fake)=0.14 gnG=48.37 gnD=16.26 it_per_s=9.43
2026-10-03 02:24:19,608 INFO iter=506900 epoch=73 lr=1.99e-05 G=3.506 advA2B=0.592 advB2A=0.795 cycA=0.073 cycB=0.079 idtA=0.049 idtB=0.071 D_A=0.067 D_B=0.116 D_A(real)=0.86 D_A(fake)=0.14 gnG=48.04 gnD=16.30 it_per_s=9.43
2026-10-03 02:24:30,160 INFO iter=507000 epoch=73 lr=1.99e-05 G=3.565 advA2B=0.604 advB2A=0.819 cycA=0.073 cycB=0.080 idtA=0.050 idtB=0.073 D_A=0.064 D_B=0.119 D_A(real)=0.87 D_A(fake)=0.13 gnG=51.84 gnD=16.52 it_per_s=9.44
2026-10-03 02:24:40,754 INFO iter=507100 epoch=73 lr=1.99e-05 G=3.531 advA2B=0.618 advB2A=0.799 cycA=0.072 cycB=0.079 idtA=0.049 idtB=0.072 D_A=0.063 D_B=0.122 D_A(real)=0.87 D_A(fake)=0.13 gnG=50.57 gnD=16.84 it_per_s=9.44
2026-10-03 02:24:51,341 INFO iter=507200 epoch=73 lr=1.98e-05 G=3.509 advA2B=0.610 advB2A=0.790 cycA=0.072 cycB=0.079 idtA=0.049 idtB=0.071 D_A=0.064 D_B=0.121 D_A(real)=0.87 D_A(fake)=0.13 gnG=49.70 gnD=16.88 it_per_s=9.44
2026-10-03 02:25:01,849 INFO iter=507300 epoch=73 lr=1.98e-05 G=3.510 advA2B=0.610 advB2A=0.794 cycA=0.072 cycB=0.079 idtA=0.049 idtB=0.071 D_A=0.063 D_B=0.122 D_A(real)=0.87 D_A(fake)=0.13 gnG=50.06 gnD=17.04 it_per_s=9.46
2026-10-03 02:25:12,462 INFO iter=507400 epoch=73 lr=1.98e-05 G=3.517 advA2B=0.611 advB2A=0.796 cycA=0.072 cycB=0.079 idtA=0.049 idtB=0.071 D_A=0.064 D_B=0.123 D_A(real)=0.87 D_A(fake)=0.13 gnG=51.22 gnD=17.03 it_per_s=9.45
2026-10-03 02:25:23,048 INFO iter=507500 epoch=73 lr=1.97e-05 G=3.501 advA2B=0.608 advB2A=0.791 cycA=0.072 cycB=0.079 idtA=0.049 idtB=0.071 D_A=0.065 D_B=0.122 D_A(real)=0.87 D_A(fake)=0.13 gnG=51.11 gnD=17.02 it_per_s=9.45
2026-10-03 02:25:33,591 INFO iter=507600 epoch=73 lr=1.97e-05 G=3.491 advA2B=0.613 advB2A=0.790 cycA=0.071 cycB=0.078 idtA=0.049 idtB=0.070 D_A=0.064 D_B=0.121 D_A(real)=0.87 D_A(fake)=0.13 gnG=51.08 gnD=16.94 it_per_s=9.45
2026-10-03 02:25:44,185 INFO iter=507700 epoch=73 lr=1.97e-05 G=3.481 advA2B=0.613 advB2A=0.793 cycA=0.071 cycB=0.078 idtA=0.048 idtB=0.070 D_A=0.064 D_B=0.121 D_A(real)=0.87 D_A(fake)=0.13 gnG=50.99 gnD=16.92 it_per_s=9.45
2026-10-03 02:25:54,708 INFO iter=507800 epoch=73 lr=1.96e-05 G=3.473 advA2B=0.610 advB2A=0.792 cycA=0.071 cycB=0.077 idtA=0.048 idtB=0.069 D_A=0.064 D_B=0.121 D_A(real)=0.87 D_A(fake)=0.13 gnG=50.97 gnD=16.84 it_per_s=9.46
2026-10-03 02:26:05,343 INFO iter=507900 epoch=73 lr=1.96e-05 G=3.466 advA2B=0.611 advB2A=0.793 cycA=0.071 cycB=0.077 idtA=0.048 idtB=0.069 D_A=0.064 D_B=0.120 D_A(real)=0.87 D_A(fake)=0.13 gnG=51.42 gnD=16.74 it_per_s=9.45
2026-10-03 02:26:15,973 INFO iter=508000 epoch=73 lr=1.96e-05 G=3.464 advA2B=0.611 advB2A=0.795 cycA=0.070 cycB=0.077 idtA=0.048 idtB=0.069 D_A=0.064 D_B=0.119 D_A(real)=0.87 D_A(fake)=0.13 gnG=51.84 gnD=16.65 it_per_s=9.45
2026-10-03 02:26:26,521 INFO iter=508100 epoch=73 lr=1.95e-05 G=3.465 advA2B=0.611 advB2A=0.796 cycA=0.070 cycB=0.077 idtA=0.048 idtB=0.069 D_A=0.064 D_B=0.120 D_A(real)=0.87 D_A(fake)=0.13 gnG=52.16 gnD=16.73 it_per_s=9.45
2026-10-03 02:26:37,064 INFO iter=508200 epoch=73 lr=1.95e-05 G=3.467 advA2B=0.610 advB2A=0.797 cycA=0.070 cycB=0.077 idtA=0.048 idtB=0.070 D_A=0.064 D_B=0.121 D_A(real)=0.87 D_A(fake)=0.13 gnG=52.45 gnD=16.73 it_per_s=9.45
2026-10-03 02:26:47,607 INFO iter=508300 epoch=73 lr=1.94e-05 G=3.457 advA2B=0.611 advB2A=0.790 cycA=0.070 cycB=0.077 idtA=0.048 idtB=0.069 D_A=0.064 D_B=0.121 D_A(real)=0.87 D_A(fake)=0.13 gnG=51.97 gnD=16.84 it_per_s=9.46
2026-10-03 02:26:58,261 INFO iter=508400 epoch=73 lr=1.94e-05 G=3.460 advA2B=0.613 advB2A=0.791 cycA=0.070 cycB=0.077 idtA=0.048 idtB=0.070 D_A=0.064 D_B=0.120 D_A(real)=0.87 D_A(fake)=0.13 gnG=52.41 gnD=16.77 it_per_s=9.45
2026-10-03 02:27:08,891 INFO iter=508500 epoch=73 lr=1.94e-05 G=3.462 advA2B=0.613 advB2A=0.792 cycA=0.070 cycB=0.077 idtA=0.048 idtB=0.070 D_A=0.064 D_B=0.120 D_A(real)=0.87 D_A(fake)=0.13 gnG=52.62 gnD=16.81 it_per_s=9.45
2026-10-03 02:27:19,458 INFO iter=508600 epoch=73 lr=1.93e-05 G=3.467 advA2B=0.616 advB2A=0.793 cycA=0.070 cycB=0.077 idtA=0.048 idtB=0.070 D_A=0.064 D_B=0.120 D_A(real)=0.87 D_A(fake)=0.13 gnG=52.58 gnD=16.81 it_per_s=9.45
2026-10-03 02:27:30,043 INFO iter=508700 epoch=73 lr=1.93e-05 G=3.463 advA2B=0.616 advB2A=0.792 cycA=0.070 cycB=0.077 idtA=0.048 idtB=0.070 D_A=0.064 D_B=0.119 D_A(real)=0.87 D_A(fake)=0.13 gnG=52.62 gnD=16.80 it_per_s=9.45
2026-10-03 02:27:40,622 INFO iter=508800 epoch=73 lr=1.93e-05 G=3.464 advA2B=0.617 advB2A=0.792 cycA=0.070 cycB=0.077 idtA=0.048 idtB=0.070 D_A=0.064 D_B=0.119 D_A(real)=0.87 D_A(fake)=0.13 gnG=52.52 gnD=16.82 it_per_s=9.45
2026-10-03 02:27:51,202 INFO iter=508900 epoch=73 lr=1.92e-05 G=3.464 advA2B=0.619 advB2A=0.791 cycA=0.070 cycB=0.077 idtA=0.047 idtB=0.070 D_A=0.064 D_B=0.119 D_A(real)=0.87 D_A(fake)=0.13 gnG=52.35 gnD=16.84 it_per_s=9.45
2026-10-03 02:28:01,755 INFO iter=509000 epoch=73 lr=1.92e-05 G=3.464 advA2B=0.619 advB2A=0.790 cycA=0.070 cycB=0.077 idtA=0.048 idtB=0.070 D_A=0.064 D_B=0.119 D_A(real)=0.87 D_A(fake)=0.13 gnG=52.55 gnD=16.84 it_per_s=9.45
2026-10-03 02:28:12,337 INFO iter=509100 epoch=73 lr=1.92e-05 G=3.461 advA2B=0.617 advB2A=0.790 cycA=0.070 cycB=0.077 idtA=0.047 idtB=0.070 D_A=0.064 D_B=0.119 D_A(real)=0.87 D_A(fake)=0.13 gnG=52.54 gnD=16.85 it_per_s=9.45
2026-10-03 02:28:22,901 INFO iter=509200 epoch=73 lr=1.91e-05 G=3.458 advA2B=0.618 advB2A=0.789 cycA=0.070 cycB=0.077 idtA=0.047 idtB=0.070 D_A=0.064 D_B=0.119 D_A(real)=0.87 D_A(fake)=0.13 gnG=52.37 gnD=16.91 it_per_s=9.45
2026-10-03 02:28:33,355 INFO iter=509300 epoch=73 lr=1.91e-05 G=3.458 advA2B=0.619 advB2A=0.787 cycA=0.070 cycB=0.077 idtA=0.047 idtB=0.070 D_A=0.065 D_B=0.119 D_A(real)=0.87 D_A(fake)=0.13 gnG=52.67 gnD=16.92 it_per_s=9.46
2026-10-03 02:28:43,841 INFO iter=509400 epoch=73 lr=1.91e-05 G=3.459 advA2B=0.618 advB2A=0.787 cycA=0.070 cycB=0.077 idtA=0.047 idtB=0.070 D_A=0.065 D_B=0.119 D_A(real)=0.87 D_A(fake)=0.13 gnG=52.98 gnD=16.91 it_per_s=9.46
2026-10-03 02:28:54,391 INFO iter=509500 epoch=73 lr=1.90e-05 G=3.460 advA2B=0.618 advB2A=0.787 cycA=0.070 cycB=0.077 idtA=0.047 idtB=0.070 D_A=0.065 D_B=0.119 D_A(real)=0.87 D_A(fake)=0.13 gnG=53.07 gnD=16.96 it_per_s=9.46
2026-10-03 02:29:04,654 INFO iter=509600 epoch=73 lr=1.90e-05 G=3.462 advA2B=0.618 advB2A=0.789 cycA=0.070 cycB=0.077 idtA=0.047 idtB=0.070 D_A=0.065 D_B=0.120 D_A(real)=0.87 D_A(fake)=0.13 gnG=53.10 gnD=16.96 it_per_s=9.47
2026-10-03 02:29:15,095 INFO iter=509700 epoch=73 lr=1.89e-05 G=3.460 advA2B=0.618 advB2A=0.788 cycA=0.070 cycB=0.077 idtA=0.047 idtB=0.070 D_A=0.065 D_B=0.120 D_A(real)=0.87 D_A(fake)=0.13 gnG=52.96 gnD=16.99 it_per_s=9.47
2026-10-03 02:29:25,661 INFO iter=509800 epoch=73 lr=1.89e-05 G=3.462 advA2B=0.617 advB2A=0.789 cycA=0.070 cycB=0.077 idtA=0.047 idtB=0.070 D_A=0.065 D_B=0.120 D_A(real)=0.87 D_A(fake)=0.13 gnG=52.88 gnD=16.99 it_per_s=9.47
2026-10-03 02:29:35,850 INFO iter=509900 epoch=73 lr=1.89e-05 G=3.459 advA2B=0.616 advB2A=0.787 cycA=0.070 cycB=0.077 idtA=0.047 idtB=0.070 D_A=0.065 D_B=0.120 D_A(real)=0.87 D_A(fake)=0.13 gnG=52.73 gnD=17.00 it_per_s=9.48
2026-10-03 02:29:46,344 INFO iter=510000 epoch=73 lr=1.88e-05 G=3.459 advA2B=0.615 advB2A=0.788 cycA=0.070 cycB=0.077 idtA=0.047 idtB=0.070 D_A=0.065 D_B=0.120 D_A(real)=0.87 D_A(fake)=0.13 gnG=52.54 gnD=17.00 it_per_s=9.48
2026-10-03 02:29:56,948 INFO iter=510100 epoch=73 lr=1.88e-05 G=3.461 advA2B=0.615 advB2A=0.790 cycA=0.070 cycB=0.077 idtA=0.047 idtB=0.070 D_A=0.064 D_B=0.120 D_A(real)=0.87 D_A(fake)=0.13 gnG=52.72 gnD=16.98 it_per_s=9.48
2026-10-03 02:30:07,491 INFO iter=510200 epoch=73 lr=1.88e-05 G=3.461 advA2B=0.616 advB2A=0.790 cycA=0.070 cycB=0.077 idtA=0.047 idtB=0.070 D_A=0.065 D_B=0.120 D_A(real)=0.87 D_A(fake)=0.13 gnG=52.68 gnD=17.02 it_per_s=9.48
2026-10-03 02:30:18,101 INFO iter=510300 epoch=73 lr=1.87e-05 G=3.460 advA2B=0.616 advB2A=0.789 cycA=0.070 cycB=0.077 idtA=0.047 idtB=0.070 D_A=0.065 D_B=0.120 D_A(real)=0.87 D_A(fake)=0.13 gnG=52.76 gnD=17.03 it_per_s=9.48
2026-10-03 02:30:28,602 INFO iter=510400 epoch=73 lr=1.87e-05 G=3.458 advA2B=0.616 advB2A=0.789 cycA=0.070 cycB=0.077 idtA=0.047 idtB=0.070 D_A=0.065 D_B=0.120 D_A(real)=0.87 D_A(fake)=0.13 gnG=52.60 gnD=17.04 it_per_s=9.48
2026-10-03 02:30:39,124 INFO iter=510500 epoch=73 lr=1.87e-05 G=3.455 advA2B=0.616 advB2A=0.789 cycA=0.070 cycB=0.077 idtA=0.047 idtB=0.070 D_A=0.065 D_B=0.120 D_A(real)=0.87 D_A(fake)=0.13 gnG=52.69 gnD=17.08 it_per_s=9.48
2026-10-03 02:30:49,752 INFO iter=510600 epoch=73 lr=1.86e-05 G=3.453 advA2B=0.615 advB2A=0.789 cycA=0.070 cycB=0.077 idtA=0.047 idtB=0.070 D_A=0.065 D_B=0.120 D_A(real)=0.87 D_A(fake)=0.13 gnG=52.65 gnD=17.11 it_per_s=9.48
2026-10-03 02:31:00,317 INFO iter=510700 epoch=73 lr=1.86e-05 G=3.453 advA2B=0.614 advB2A=0.788 cycA=0.070 cycB=0.077 idtA=0.047 idtB=0.070 D_A=0.065 D_B=0.120 D_A(real)=0.87 D_A(fake)=0.13 gnG=52.94 gnD=17.12 it_per_s=9.48
2026-10-03 02:31:10,852 INFO iter=510800 epoch=73 lr=1.86e-05 G=3.454 advA2B=0.615 advB2A=0.789 cycA=0.070 cycB=0.077 idtA=0.047 idtB=0.070 D_A=0.065 D_B=0.120 D_A(real)=0.87 D_A(fake)=0.13 gnG=52.89 gnD=17.09 it_per_s=9.48
2026-10-03 02:31:21,403 INFO iter=510900 epoch=73 lr=1.85e-05 G=3.453 advA2B=0.614 advB2A=0.789 cycA=0.070 cycB=0.077 idtA=0.047 idtB=0.070 D_A=0.065 D_B=0.120 D_A(real)=0.87 D_A(fake)=0.13 gnG=52.80 gnD=17.11 it_per_s=9.48
2026-10-03 02:31:31,871 INFO iter=511000 epoch=73 lr=1.85e-05 G=3.450 advA2B=0.613 advB2A=0.788 cycA=0.070 cycB=0.077 idtA=0.047 idtB=0.069 D_A=0.065 D_B=0.120 D_A(real)=0.87 D_A(fake)=0.13 gnG=52.84 gnD=17.09 it_per_s=9.48
2026-10-03 02:31:42,408 INFO iter=511100 epoch=73 lr=1.85e-05 G=3.451 advA2B=0.614 advB2A=0.787 cycA=0.070 cycB=0.077 idtA=0.047 idtB=0.070 D_A=0.065 D_B=0.120 D_A(real)=0.87 D_A(fake)=0.13 gnG=52.87 gnD=17.09 it_per_s=9.48
2026-10-03 02:31:52,894 INFO iter=511200 epoch=73 lr=1.84e-05 G=3.450 advA2B=0.613 advB2A=0.787 cycA=0.070 cycB=0.077 idtA=0.047 idtB=0.070 D_A=0.065 D_B=0.120 D_A(real)=0.87 D_A(fake)=0.13 gnG=52.90 gnD=17.07 it_per_s=9.48
2026-10-03 02:32:03,479 INFO iter=511300 epoch=73 lr=1.84e-05 G=3.449 advA2B=0.613 advB2A=0.786 cycA=0.070 cycB=0.077 idtA=0.047 idtB=0.070 D_A=0.065 D_B=0.120 D_A(real)=0.87 D_A(fake)=0.13 gnG=52.90 gnD=17.10 it_per_s=9.48
2026-10-03 02:32:14,094 INFO iter=511400 epoch=73 lr=1.83e-05 G=3.448 advA2B=0.612 advB2A=0.787 cycA=0.070 cycB=0.077 idtA=0.047 idtB=0.070 D_A=0.065 D_B=0.120 D_A(real)=0.87 D_A(fake)=0.13 gnG=52.72 gnD=17.11 it_per_s=9.48
2026-10-03 02:32:24,570 INFO iter=511500 epoch=73 lr=1.83e-05 G=3.447 advA2B=0.612 advB2A=0.788 cycA=0.069 cycB=0.077 idtA=0.047 idtB=0.069 D_A=0.065 D_B=0.120 D_A(real)=0.87 D_A(fake)=0.13 gnG=52.92 gnD=17.13 it_per_s=9.48
2026-10-03 02:32:35,085 INFO iter=511600 epoch=73 lr=1.83e-05 G=3.448 advA2B=0.612 advB2A=0.788 cycA=0.069 cycB=0.077 idtA=0.047 idtB=0.069 D_A=0.065 D_B=0.120 D_A(real)=0.87 D_A(fake)=0.13 gnG=53.06 gnD=17.14 it_per_s=9.48
2026-10-03 02:32:45,464 INFO iter=511700 epoch=73 lr=1.82e-05 G=3.448 advA2B=0.612 advB2A=0.789 cycA=0.069 cycB=0.077 idtA=0.047 idtB=0.069 D_A=0.065 D_B=0.120 D_A(real)=0.87 D_A(fake)=0.13 gnG=52.97 gnD=17.15 it_per_s=9.49
2026-10-03 02:32:56,031 INFO iter=511800 epoch=73 lr=1.82e-05 G=3.448 advA2B=0.611 advB2A=0.789 cycA=0.069 cycB=0.077 idtA=0.047 idtB=0.069 D_A=0.065 D_B=0.120 D_A(real)=0.87 D_A(fake)=0.13 gnG=52.94 gnD=17.18 it_per_s=9.49
2026-10-03 02:33:06,324 INFO iter=511900 epoch=73 lr=1.82e-05 G=3.448 advA2B=0.611 advB2A=0.789 cycA=0.069 cycB=0.077 idtA=0.047 idtB=0.070 D_A=0.065 D_B=0.120 D_A(real)=0.87 D_A(fake)=0.13 gnG=52.89 gnD=17.17 it_per_s=9.49
2026-10-03 02:33:16,816 INFO iter=512000 epoch=73 lr=1.81e-05 G=3.449 advA2B=0.611 advB2A=0.790 cycA=0.069 cycB=0.077 idtA=0.047 idtB=0.070 D_A=0.065 D_B=0.120 D_A(real)=0.87 D_A(fake)=0.13 gnG=52.86 gnD=17.17 it_per_s=9.49
2026-10-03 02:33:27,342 INFO iter=512100 epoch=73 lr=1.81e-05 G=3.451 advA2B=0.611 advB2A=0.792 cycA=0.069 cycB=0.077 idtA=0.047 idtB=0.070 D_A=0.065 D_B=0.120 D_A(real)=0.87 D_A(fake)=0.13 gnG=52.90 gnD=17.17 it_per_s=9.49
2026-10-03 02:33:37,571 INFO iter=512200 epoch=73 lr=1.81e-05 G=3.449 advA2B=0.610 advB2A=0.791 cycA=0.069 cycB=0.077 idtA=0.047 idtB=0.070 D_A=0.065 D_B=0.120 D_A(real)=0.87 D_A(fake)=0.13 gnG=52.88 gnD=17.18 it_per_s=9.50
2026-10-03 02:33:48,040 INFO iter=512300 epoch=73 lr=1.80e-05 G=3.447 advA2B=0.610 advB2A=0.791 cycA=0.069 cycB=0.077 idtA=0.047 idtB=0.070 D_A=0.065 D_B=0.120 D_A(real)=0.87 D_A(fake)=0.13 gnG=52.88 gnD=17.20 it_per_s=9.50
2026-10-03 02:33:58,590 INFO iter=512400 epoch=73 lr=1.80e-05 G=3.448 advA2B=0.610 advB2A=0.790 cycA=0.069 cycB=0.077 idtA=0.047 idtB=0.070 D_A=0.065 D_B=0.120 D_A(real)=0.87 D_A(fake)=0.13 gnG=52.92 gnD=17.20 it_per_s=9.50
2026-10-03 02:34:08,894 INFO iter=512500 epoch=73 lr=1.80e-05 G=3.449 advA2B=0.610 advB2A=0.790 cycA=0.069 cycB=0.077 idtA=0.047 idtB=0.070 D_A=0.065 D_B=0.120 D_A(real)=0.87 D_A(fake)=0.13 gnG=52.99 gnD=17.20 it_per_s=9.50
2026-10-03 02:34:19,485 INFO iter=512600 epoch=73 lr=1.79e-05 G=3.448 advA2B=0.609 advB2A=0.791 cycA=0.069 cycB=0.077 idtA=0.047 idtB=0.070 D_A=0.065 D_B=0.120 D_A(real)=0.87 D_A(fake)=0.13 gnG=53.10 gnD=17.18 it_per_s=9.50
2026-10-03 02:34:30,015 INFO iter=512700 epoch=73 lr=1.79e-05 G=3.448 advA2B=0.609 advB2A=0.790 cycA=0.069 cycB=0.077 idtA=0.047 idtB=0.070 D_A=0.065 D_B=0.120 D_A(real)=0.87 D_A(fake)=0.13 gnG=53.08 gnD=17.19 it_per_s=9.50
2026-10-03 02:34:40,187 INFO iter=512800 epoch=73 lr=1.78e-05 G=3.448 advA2B=0.609 advB2A=0.789 cycA=0.069 cycB=0.077 idtA=0.047 idtB=0.070 D_A=0.065 D_B=0.120 D_A(real)=0.87 D_A(fake)=0.13 gnG=53.20 gnD=17.21 it_per_s=9.50
2026-10-03 02:34:50,784 INFO iter=512900 epoch=73 lr=1.78e-05 G=3.446 advA2B=0.609 advB2A=0.788 cycA=0.069 cycB=0.077 idtA=0.047 idtB=0.070 D_A=0.065 D_B=0.120 D_A(real)=0.87 D_A(fake)=0.13 gnG=53.24 gnD=17.19 it_per_s=9.50
2026-10-03 02:35:01,255 INFO iter=513000 epoch=73 lr=1.78e-05 G=3.448 advA2B=0.609 advB2A=0.789 cycA=0.069 cycB=0.077 idtA=0.047 idtB=0.070 D_A=0.065 D_B=0.120 D_A(real)=0.87 D_A(fake)=0.13 gnG=53.23 gnD=17.19 it_per_s=9.50
2026-10-03 02:35:11,507 INFO iter=513100 epoch=73 lr=1.77e-05 G=3.448 advA2B=0.609 advB2A=0.789 cycA=0.069 cycB=0.077 idtA=0.047 idtB=0.070 D_A=0.065 D_B=0.120 D_A(real)=0.87 D_A(fake)=0.13 gnG=53.14 gnD=17.20 it_per_s=9.51
2026-10-03 02:35:21,995 INFO iter=513200 epoch=73 lr=1.77e-05 G=3.449 advA2B=0.610 advB2A=0.790 cycA=0.069 cycB=0.077 idtA=0.047 idtB=0.070 D_A=0.065 D_B=0.120 D_A(real)=0.87 D_A(fake)=0.13 gnG=53.34 gnD=17.18 it_per_s=9.51
2026-10-03 02:35:32,402 INFO iter=513300 epoch=73 lr=1.77e-05 G=3.448 advA2B=0.610 advB2A=0.790 cycA=0.069 cycB=0.077 idtA=0.047 idtB=0.070 D_A=0.065 D_B=0.120 D_A(real)=0.87 D_A(fake)=0.13 gnG=53.32 gnD=17.20 it_per_s=9.51
2026-10-03 02:35:42,630 INFO iter=513400 epoch=73 lr=1.76e-05 G=3.448 advA2B=0.610 advB2A=0.790 cycA=0.069 cycB=0.077 idtA=0.047 idtB=0.070 D_A=0.065 D_B=0.120 D_A(real)=0.87 D_A(fake)=0.13 gnG=53.29 gnD=17.22 it_per_s=9.51
2026-10-03 02:35:53,196 INFO iter=513500 epoch=73 lr=1.76e-05 G=3.448 advA2B=0.610 advB2A=0.790 cycA=0.069 cycB=0.077 idtA=0.047 idtB=0.070 D_A=0.065 D_B=0.120 D_A(real)=0.87 D_A(fake)=0.13 gnG=53.35 gnD=17.20 it_per_s=9.51
2026-10-03 02:36:03,716 INFO iter=513600 epoch=73 lr=1.76e-05 G=3.448 advA2B=0.609 advB2A=0.790 cycA=0.069 cycB=0.077 idtA=0.047 idtB=0.070 D_A=0.065 D_B=0.120 D_A(real)=0.87 D_A(fake)=0.13 gnG=53.38 gnD=17.21 it_per_s=9.51
2026-10-03 02:36:14,101 INFO iter=513700 epoch=73 lr=1.75e-05 G=3.447 advA2B=0.609 advB2A=0.790 cycA=0.069 cycB=0.077 idtA=0.047 idtB=0.070 D_A=0.065 D_B=0.120 D_A(real)=0.87 D_A(fake)=0.13 gnG=53.49 gnD=17.22 it_per_s=9.51
2026-10-03 02:36:21,937 INFO epoch=73 done time_s=740 it_per_s=9.51 G=3.449 cycA=0.069 cycB=0.077 idtA=0.047 idtB=0.070 D_A=0.065 D_B=0.120 D_A(real)=0.87 D_A(fake)=0.13 nan_count=0
2026-10-03 02:36:25,338 INFO iter=513800 epoch=74 lr=1.75e-05 G=3.434 advA2B=0.636 advB2A=0.740 cycA=0.071 cycB=0.077 idtA=0.048 idtB=0.067 D_A=0.079 D_B=0.101 D_A(real)=0.82 D_A(fake)=0.17 gnG=53.56 gnD=17.83 it_per_s=9.45
2026-10-03 02:36:36,126 INFO iter=513900 epoch=74 lr=1.75e-05 G=3.379 advA2B=0.612 advB2A=0.724 cycA=0.068 cycB=0.077 idtA=0.045 idtB=0.074 D_A=0.065 D_B=0.117 D_A(real)=0.86 D_A(fake)=0.14 gnG=49.84 gnD=17.51 it_per_s=9.31
2026-10-03 02:36:46,614 INFO iter=514000 epoch=74 lr=1.74e-05 G=3.421 advA2B=0.615 advB2A=0.763 cycA=0.069 cycB=0.077 idtA=0.047 idtB=0.070 D_A=0.065 D_B=0.115 D_A(real)=0.86 D_A(fake)=0.14 gnG=54.61 gnD=17.49 it_per_s=9.41
2026-10-03 02:36:57,199 INFO iter=514100 epoch=74 lr=1.74e-05 G=3.419 advA2B=0.605 advB2A=0.775 cycA=0.069 cycB=0.077 idtA=0.047 idtB=0.069 D_A=0.067 D_B=0.119 D_A(real)=0.86 D_A(fake)=0.14 gnG=54.76 gnD=17.66 it_per_s=9.42
2026-10-03 02:37:07,730 INFO iter=514200 epoch=74 lr=1.73e-05 G=3.416 advA2B=0.606 advB2A=0.776 cycA=0.069 cycB=0.077 idtA=0.047 idtB=0.069 D_A=0.067 D_B=0.119 D_A(real)=0.86 D_A(fake)=0.14 gnG=56.00 gnD=17.66 it_per_s=9.44
2026-10-03 02:37:18,312 INFO iter=514300 epoch=74 lr=1.73e-05 G=3.443 advA2B=0.626 advB2A=0.776 cycA=0.069 cycB=0.077 idtA=0.047 idtB=0.070 D_A=0.066 D_B=0.116 D_A(real)=0.87 D_A(fake)=0.13 gnG=56.54 gnD=17.46 it_per_s=9.44
2026-10-03 02:37:28,960 INFO iter=514400 epoch=74 lr=1.73e-05 G=3.445 advA2B=0.628 advB2A=0.774 cycA=0.069 cycB=0.077 idtA=0.047 idtB=0.070 D_A=0.066 D_B=0.116 D_A(real)=0.87 D_A(fake)=0.13 gnG=56.18 gnD=17.41 it_per_s=9.43
2026-10-03 02:37:39,535 INFO iter=514500 epoch=74 lr=1.72e-05 G=3.429 advA2B=0.620 advB2A=0.772 cycA=0.069 cycB=0.076 idtA=0.047 idtB=0.069 D_A=0.066 D_B=0.116 D_A(real)=0.87 D_A(fake)=0.13 gnG=55.59 gnD=17.31 it_per_s=9.43
2026-10-03 02:37:50,103 INFO iter=514600 epoch=74 lr=1.72e-05 G=3.431 advA2B=0.616 advB2A=0.768 cycA=0.069 cycB=0.077 idtA=0.047 idtB=0.070 D_A=0.066 D_B=0.116 D_A(real)=0.87 D_A(fake)=0.13 gnG=55.39 gnD=17.34 it_per_s=9.44
2026-10-03 02:38:00,612 INFO iter=514700 epoch=74 lr=1.72e-05 G=3.426 advA2B=0.613 advB2A=0.774 cycA=0.069 cycB=0.077 idtA=0.047 idtB=0.069 D_A=0.065 D_B=0.117 D_A(real)=0.87 D_A(fake)=0.13 gnG=55.10 gnD=17.33 it_per_s=9.45
2026-10-03 02:38:11,136 INFO iter=514800 epoch=74 lr=1.71e-05 G=3.421 advA2B=0.610 advB2A=0.772 cycA=0.069 cycB=0.077 idtA=0.047 idtB=0.069 D_A=0.066 D_B=0.117 D_A(real)=0.87 D_A(fake)=0.13 gnG=54.86 gnD=17.32 it_per_s=9.45
2026-10-03 02:38:21,705 INFO iter=514900 epoch=74 lr=1.71e-05 G=3.427 advA2B=0.607 advB2A=0.769 cycA=0.069 cycB=0.077 idtA=0.047 idtB=0.070 D_A=0.065 D_B=0.117 D_A(real)=0.87 D_A(fake)=0.13 gnG=54.77 gnD=17.31 it_per_s=9.45
2026-10-03 02:38:32,235 INFO iter=515000 epoch=74 lr=1.71e-05 G=3.429 advA2B=0.608 advB2A=0.772 cycA=0.069 cycB=0.077 idtA=0.047 idtB=0.070 D_A=0.066 D_B=0.118 D_A(real)=0.87 D_A(fake)=0.13 gnG=55.51 gnD=17.39 it_per_s=9.46
2026-10-03 02:38:42,775 INFO iter=515100 epoch=74 lr=1.70e-05 G=3.433 advA2B=0.607 advB2A=0.774 cycA=0.069 cycB=0.077 idtA=0.047 idtB=0.070 D_A=0.066 D_B=0.117 D_A(real)=0.87 D_A(fake)=0.13 gnG=55.01 gnD=17.38 it_per_s=9.46
2026-10-03 02:38:53,326 INFO iter=515200 epoch=74 lr=1.70e-05 G=3.424 advA2B=0.607 advB2A=0.772 cycA=0.069 cycB=0.077 idtA=0.047 idtB=0.070 D_A=0.066 D_B=0.118 D_A(real)=0.87 D_A(fake)=0.13 gnG=54.59 gnD=17.48 it_per_s=9.46
2026-10-03 02:39:03,947 INFO iter=515300 epoch=74 lr=1.70e-05 G=3.426 advA2B=0.606 advB2A=0.772 cycA=0.069 cycB=0.077 idtA=0.047 idtB=0.070 D_A=0.066 D_B=0.118 D_A(real)=0.87 D_A(fake)=0.13 gnG=54.42 gnD=17.45 it_per_s=9.46
2026-10-03 02:39:14,511 INFO iter=515400 epoch=74 lr=1.69e-05 G=3.422 advA2B=0.607 advB2A=0.769 cycA=0.069 cycB=0.077 idtA=0.047 idtB=0.070 D_A=0.066 D_B=0.119 D_A(real)=0.87 D_A(fake)=0.13 gnG=54.83 gnD=17.50 it_per_s=9.46
2026-10-03 02:39:25,077 INFO iter=515500 epoch=74 lr=1.69e-05 G=3.423 advA2B=0.608 advB2A=0.770 cycA=0.069 cycB=0.077 idtA=0.047 idtB=0.069 D_A=0.065 D_B=0.119 D_A(real)=0.87 D_A(fake)=0.13 gnG=54.72 gnD=17.56 it_per_s=9.46
2026-10-03 02:39:35,673 INFO iter=515600 epoch=74 lr=1.69e-05 G=3.422 advA2B=0.607 advB2A=0.769 cycA=0.070 cycB=0.077 idtA=0.047 idtB=0.069 D_A=0.065 D_B=0.119 D_A(real)=0.87 D_A(fake)=0.13 gnG=55.16 gnD=17.53 it_per_s=9.46
2026-10-03 02:39:46,152 INFO iter=515700 epoch=74 lr=1.68e-05 G=3.422 advA2B=0.607 advB2A=0.769 cycA=0.069 cycB=0.077 idtA=0.047 idtB=0.069 D_A=0.065 D_B=0.118 D_A(real)=0.87 D_A(fake)=0.13 gnG=55.15 gnD=17.51 it_per_s=9.46
2026-10-03 02:39:56,730 INFO iter=515800 epoch=74 lr=1.68e-05 G=3.427 advA2B=0.609 advB2A=0.770 cycA=0.070 cycB=0.077 idtA=0.047 idtB=0.069 D_A=0.065 D_B=0.118 D_A(real)=0.87 D_A(fake)=0.13 gnG=55.03 gnD=17.50 it_per_s=9.46
2026-10-03 02:40:07,131 INFO iter=515900 epoch=74 lr=1.67e-05 G=3.431 advA2B=0.610 advB2A=0.773 cycA=0.069 cycB=0.077 idtA=0.047 idtB=0.069 D_A=0.065 D_B=0.118 D_A(real)=0.87 D_A(fake)=0.13 gnG=54.94 gnD=17.47 it_per_s=9.47
2026-10-03 02:40:17,488 INFO iter=516000 epoch=74 lr=1.67e-05 G=3.431 advA2B=0.610 advB2A=0.772 cycA=0.069 cycB=0.077 idtA=0.047 idtB=0.070 D_A=0.065 D_B=0.119 D_A(real)=0.87 D_A(fake)=0.13 gnG=54.69 gnD=17.49 it_per_s=9.48
2026-10-03 02:40:28,018 INFO iter=516100 epoch=74 lr=1.67e-05 G=3.429 advA2B=0.608 advB2A=0.773 cycA=0.069 cycB=0.077 idtA=0.047 idtB=0.070 D_A=0.065 D_B=0.119 D_A(real)=0.87 D_A(fake)=0.13 gnG=54.55 gnD=17.49 it_per_s=9.48
2026-10-03 02:40:38,272 INFO iter=516200 epoch=74 lr=1.66e-05 G=3.427 advA2B=0.607 advB2A=0.773 cycA=0.069 cycB=0.077 idtA=0.047 idtB=0.070 D_A=0.065 D_B=0.118 D_A(real)=0.87 D_A(fake)=0.13 gnG=54.65 gnD=17.50 it_per_s=9.49
2026-10-03 02:40:48,619 INFO iter=516300 epoch=74 lr=1.66e-05 G=3.435 advA2B=0.610 advB2A=0.775 cycA=0.070 cycB=0.077 idtA=0.047 idtB=0.070 D_A=0.065 D_B=0.118 D_A(real)=0.87 D_A(fake)=0.13 gnG=55.13 gnD=17.48 it_per_s=9.49
2026-10-03 02:40:59,145 INFO iter=516400 epoch=74 lr=1.66e-05 G=3.433 advA2B=0.610 advB2A=0.778 cycA=0.070 cycB=0.077 idtA=0.047 idtB=0.069 D_A=0.065 D_B=0.118 D_A(real)=0.87 D_A(fake)=0.13 gnG=55.07 gnD=17.51 it_per_s=9.50
2026-10-03 02:41:09,579 INFO iter=516500 epoch=74 lr=1.65e-05 G=3.435 advA2B=0.610 advB2A=0.779 cycA=0.070 cycB=0.077 idtA=0.047 idtB=0.069 D_A=0.065 D_B=0.118 D_A(real)=0.87 D_A(fake)=0.13 gnG=55.06 gnD=17.48 it_per_s=9.50
2026-10-03 02:41:19,996 INFO iter=516600 epoch=74 lr=1.65e-05 G=3.434 advA2B=0.611 advB2A=0.779 cycA=0.070 cycB=0.077 idtA=0.047 idtB=0.069 D_A=0.065 D_B=0.118 D_A(real)=0.87 D_A(fake)=0.13 gnG=55.03 gnD=17.49 it_per_s=9.50
2026-10-03 02:41:30,538 INFO iter=516700 epoch=74 lr=1.65e-05 G=3.436 advA2B=0.612 advB2A=0.781 cycA=0.070 cycB=0.076 idtA=0.047 idtB=0.069 D_A=0.065 D_B=0.118 D_A(real)=0.87 D_A(fake)=0.13 gnG=55.22 gnD=17.49 it_per_s=9.50
2026-10-03 02:41:40,677 INFO iter=516800 epoch=74 lr=1.64e-05 G=3.433 advA2B=0.610 advB2A=0.781 cycA=0.070 cycB=0.076 idtA=0.047 idtB=0.069 D_A=0.065 D_B=0.118 D_A(real)=0.87 D_A(fake)=0.13 gnG=55.24 gnD=17.46 it_per_s=9.51
2026-10-03 02:41:51,120 INFO iter=516900 epoch=74 lr=1.64e-05 G=3.433 advA2B=0.612 advB2A=0.781 cycA=0.070 cycB=0.076 idtA=0.047 idtB=0.069 D_A=0.064 D_B=0.118 D_A(real)=0.87 D_A(fake)=0.13 gnG=55.18 gnD=17.46 it_per_s=9.51
2026-10-03 02:42:01,697 INFO iter=517000 epoch=74 lr=1.64e-05 G=3.434 advA2B=0.613 advB2A=0.780 cycA=0.070 cycB=0.076 idtA=0.047 idtB=0.069 D_A=0.064 D_B=0.117 D_A(real)=0.87 D_A(fake)=0.13 gnG=55.03 gnD=17.45 it_per_s=9.51
2026-10-03 02:42:12,063 INFO iter=517100 epoch=74 lr=1.63e-05 G=3.430 advA2B=0.612 advB2A=0.779 cycA=0.069 cycB=0.076 idtA=0.047 idtB=0.069 D_A=0.065 D_B=0.117 D_A(real)=0.87 D_A(fake)=0.13 gnG=54.99 gnD=17.44 it_per_s=9.52
2026-10-03 02:42:22,673 INFO iter=517200 epoch=74 lr=1.63e-05 G=3.431 advA2B=0.612 advB2A=0.780 cycA=0.070 cycB=0.076 idtA=0.047 idtB=0.069 D_A=0.065 D_B=0.118 D_A(real)=0.87 D_A(fake)=0.13 gnG=55.07 gnD=17.44 it_per_s=9.51
2026-10-03 02:42:33,358 INFO iter=517300 epoch=74 lr=1.62e-05 G=3.433 advA2B=0.611 advB2A=0.783 cycA=0.070 cycB=0.076 idtA=0.047 idtB=0.069 D_A=0.065 D_B=0.118 D_A(real)=0.87 D_A(fake)=0.13 gnG=55.16 gnD=17.48 it_per_s=9.51
2026-10-03 02:42:43,573 INFO iter=517400 epoch=74 lr=1.62e-05 G=3.431 advA2B=0.609 advB2A=0.783 cycA=0.070 cycB=0.076 idtA=0.047 idtB=0.069 D_A=0.065 D_B=0.118 D_A(real)=0.87 D_A(fake)=0.13 gnG=55.14 gnD=17.48 it_per_s=9.52
2026-10-03 02:42:54,142 INFO iter=517500 epoch=74 lr=1.62e-05 G=3.432 advA2B=0.610 advB2A=0.783 cycA=0.070 cycB=0.076 idtA=0.047 idtB=0.069 D_A=0.065 D_B=0.118 D_A(real)=0.87 D_A(fake)=0.13 gnG=55.88 gnD=17.53 it_per_s=9.52
2026-10-03 02:43:04,642 INFO iter=517600 epoch=74 lr=1.61e-05 G=3.433 advA2B=0.611 advB2A=0.783 cycA=0.070 cycB=0.076 idtA=0.047 idtB=0.069 D_A=0.065 D_B=0.118 D_A(real)=0.87 D_A(fake)=0.13 gnG=55.91 gnD=17.53 it_per_s=9.52
2026-10-03 02:43:15,020 INFO iter=517700 epoch=74 lr=1.61e-05 G=3.432 advA2B=0.611 advB2A=0.783 cycA=0.070 cycB=0.076 idtA=0.047 idtB=0.069 D_A=0.065 D_B=0.118 D_A(real)=0.87 D_A(fake)=0.13 gnG=55.87 gnD=17.54 it_per_s=9.52
2026-10-03 02:43:25,596 INFO iter=517800 epoch=74 lr=1.61e-05 G=3.435 advA2B=0.612 advB2A=0.783 cycA=0.070 cycB=0.076 idtA=0.047 idtB=0.069 D_A=0.065 D_B=0.118 D_A(real)=0.87 D_A(fake)=0.13 gnG=56.02 gnD=17.56 it_per_s=9.52
2026-10-03 02:43:36,021 INFO iter=517900 epoch=74 lr=1.60e-05 G=3.434 advA2B=0.612 advB2A=0.782 cycA=0.070 cycB=0.076 idtA=0.047 idtB=0.069 D_A=0.065 D_B=0.118 D_A(real)=0.87 D_A(fake)=0.13 gnG=55.92 gnD=17.55 it_per_s=9.52
2026-10-03 02:43:46,392 INFO iter=518000 epoch=74 lr=1.60e-05 G=3.436 advA2B=0.613 advB2A=0.783 cycA=0.070 cycB=0.076 idtA=0.047 idtB=0.069 D_A=0.065 D_B=0.118 D_A(real)=0.87 D_A(fake)=0.13 gnG=56.22 gnD=17.54 it_per_s=9.52
2026-10-03 02:43:56,948 INFO iter=518100 epoch=74 lr=1.60e-05 G=3.435 advA2B=0.612 advB2A=0.782 cycA=0.070 cycB=0.076 idtA=0.047 idtB=0.069 D_A=0.065 D_B=0.118 D_A(real)=0.87 D_A(fake)=0.13 gnG=56.17 gnD=17.54 it_per_s=9.52
2026-10-03 02:44:07,316 INFO iter=518200 epoch=74 lr=1.59e-05 G=3.433 advA2B=0.611 advB2A=0.782 cycA=0.070 cycB=0.076 idtA=0.047 idtB=0.069 D_A=0.065 D_B=0.118 D_A(real)=0.87 D_A(fake)=0.13 gnG=56.28 gnD=17.52 it_per_s=9.52
2026-10-03 02:44:17,630 INFO iter=518300 epoch=74 lr=1.59e-05 G=3.433 advA2B=0.611 advB2A=0.782 cycA=0.070 cycB=0.076 idtA=0.047 idtB=0.069 D_A=0.065 D_B=0.118 D_A(real)=0.87 D_A(fake)=0.13 gnG=56.19 gnD=17.50 it_per_s=9.53
2026-10-03 02:44:28,176 INFO iter=518400 epoch=74 lr=1.59e-05 G=3.431 advA2B=0.611 advB2A=0.782 cycA=0.070 cycB=0.077 idtA=0.047 idtB=0.069 D_A=0.065 D_B=0.118 D_A(real)=0.87 D_A(fake)=0.13 gnG=56.18 gnD=17.48 it_per_s=9.53
2026-10-03 02:44:38,515 INFO iter=518500 epoch=74 lr=1.58e-05 G=3.432 advA2B=0.610 advB2A=0.781 cycA=0.070 cycB=0.077 idtA=0.047 idtB=0.069 D_A=0.065 D_B=0.118 D_A(real)=0.87 D_A(fake)=0.13 gnG=56.19 gnD=17.49 it_per_s=9.53
2026-10-03 02:44:48,888 INFO iter=518600 epoch=74 lr=1.58e-05 G=3.432 advA2B=0.610 advB2A=0.781 cycA=0.070 cycB=0.077 idtA=0.047 idtB=0.069 D_A=0.065 D_B=0.118 D_A(real)=0.87 D_A(fake)=0.13 gnG=56.05 gnD=17.50 it_per_s=9.53
2026-10-03 02:44:59,442 INFO iter=518700 epoch=74 lr=1.58e-05 G=3.434 advA2B=0.610 advB2A=0.782 cycA=0.070 cycB=0.077 idtA=0.047 idtB=0.069 D_A=0.065 D_B=0.118 D_A(real)=0.87 D_A(fake)=0.13 gnG=56.07 gnD=17.49 it_per_s=9.53
2026-10-03 02:45:09,994 INFO iter=518800 epoch=74 lr=1.57e-05 G=3.433 advA2B=0.611 advB2A=0.781 cycA=0.070 cycB=0.077 idtA=0.047 idtB=0.069 D_A=0.065 D_B=0.118 D_A(real)=0.87 D_A(fake)=0.13 gnG=56.11 gnD=17.49 it_per_s=9.53
2026-10-03 02:45:20,387 INFO iter=518900 epoch=74 lr=1.57e-05 G=3.431 advA2B=0.611 advB2A=0.782 cycA=0.070 cycB=0.077 idtA=0.047 idtB=0.069 D_A=0.065 D_B=0.118 D_A(real)=0.87 D_A(fake)=0.13 gnG=56.20 gnD=17.49 it_per_s=9.53
2026-10-03 02:45:30,908 INFO iter=519000 epoch=74 lr=1.56e-05 G=3.432 advA2B=0.611 advB2A=0.782 cycA=0.069 cycB=0.077 idtA=0.047 idtB=0.069 D_A=0.065 D_B=0.118 D_A(real)=0.87 D_A(fake)=0.13 gnG=56.30 gnD=17.49 it_per_s=9.53
2026-10-03 02:45:41,335 INFO iter=519100 epoch=74 lr=1.56e-05 G=3.434 advA2B=0.612 advB2A=0.784 cycA=0.069 cycB=0.077 idtA=0.047 idtB=0.069 D_A=0.064 D_B=0.118 D_A(real)=0.87 D_A(fake)=0.13 gnG=56.56 gnD=17.50 it_per_s=9.53
2026-10-03 02:45:51,792 INFO iter=519200 epoch=74 lr=1.56e-05 G=3.434 advA2B=0.612 advB2A=0.784 cycA=0.069 cycB=0.076 idtA=0.047 idtB=0.069 D_A=0.064 D_B=0.118 D_A(real)=0.87 D_A(fake)=0.13 gnG=56.47 gnD=17.53 it_per_s=9.53
2026-10-03 02:46:02,435 INFO iter=519300 epoch=74 lr=1.55e-05 G=3.437 advA2B=0.612 advB2A=0.784 cycA=0.069 cycB=0.077 idtA=0.047 idtB=0.069 D_A=0.064 D_B=0.118 D_A(real)=0.87 D_A(fake)=0.13 gnG=56.42 gnD=17.51 it_per_s=9.53
2026-10-03 02:46:13,043 INFO iter=519400 epoch=74 lr=1.55e-05 G=3.438 advA2B=0.613 advB2A=0.784 cycA=0.069 cycB=0.077 idtA=0.047 idtB=0.069 D_A=0.064 D_B=0.118 D_A(real)=0.87 D_A(fake)=0.13 gnG=56.49 gnD=17.50 it_per_s=9.53
2026-10-03 02:46:23,605 INFO iter=519500 epoch=74 lr=1.55e-05 G=3.441 advA2B=0.614 advB2A=0.785 cycA=0.070 cycB=0.077 idtA=0.047 idtB=0.069 D_A=0.064 D_B=0.118 D_A(real)=0.87 D_A(fake)=0.13 gnG=56.54 gnD=17.49 it_per_s=9.53
2026-10-03 02:46:34,160 INFO iter=519600 epoch=74 lr=1.54e-05 G=3.440 advA2B=0.614 advB2A=0.784 cycA=0.070 cycB=0.077 idtA=0.047 idtB=0.069 D_A=0.064 D_B=0.118 D_A(real)=0.87 D_A(fake)=0.13 gnG=56.55 gnD=17.51 it_per_s=9.53
2026-10-03 02:46:44,714 INFO iter=519700 epoch=74 lr=1.54e-05 G=3.442 advA2B=0.614 advB2A=0.785 cycA=0.070 cycB=0.077 idtA=0.047 idtB=0.069 D_A=0.064 D_B=0.118 D_A(real)=0.87 D_A(fake)=0.13 gnG=56.48 gnD=17.51 it_per_s=9.53
2026-10-03 02:46:55,283 INFO iter=519800 epoch=74 lr=1.54e-05 G=3.443 advA2B=0.614 advB2A=0.785 cycA=0.069 cycB=0.077 idtA=0.047 idtB=0.069 D_A=0.064 D_B=0.118 D_A(real)=0.87 D_A(fake)=0.13 gnG=56.62 gnD=17.52 it_per_s=9.52
2026-10-03 02:47:05,862 INFO iter=519900 epoch=74 lr=1.53e-05 G=3.444 advA2B=0.615 advB2A=0.786 cycA=0.070 cycB=0.077 idtA=0.047 idtB=0.069 D_A=0.064 D_B=0.118 D_A(real)=0.87 D_A(fake)=0.13 gnG=56.86 gnD=17.53 it_per_s=9.52
2026-10-03 02:47:16,383 INFO iter=520000 epoch=74 lr=1.53e-05 G=3.445 advA2B=0.615 advB2A=0.787 cycA=0.070 cycB=0.077 idtA=0.047 idtB=0.069 D_A=0.064 D_B=0.118 D_A(real)=0.87 D_A(fake)=0.13 gnG=56.82 gnD=17.52 it_per_s=9.52
2026-10-03 02:47:26,972 INFO iter=520100 epoch=74 lr=1.53e-05 G=3.446 advA2B=0.615 advB2A=0.787 cycA=0.070 cycB=0.077 idtA=0.047 idtB=0.069 D_A=0.064 D_B=0.118 D_A(real)=0.87 D_A(fake)=0.13 gnG=56.92 gnD=17.52 it_per_s=9.52
2026-10-03 02:47:37,544 INFO iter=520200 epoch=74 lr=1.52e-05 G=3.447 advA2B=0.615 advB2A=0.788 cycA=0.070 cycB=0.077 idtA=0.047 idtB=0.069 D_A=0.064 D_B=0.118 D_A(real)=0.87 D_A(fake)=0.13 gnG=56.91 gnD=17.52 it_per_s=9.52
2026-10-03 02:47:48,130 INFO iter=520300 epoch=74 lr=1.52e-05 G=3.448 advA2B=0.615 advB2A=0.788 cycA=0.070 cycB=0.077 idtA=0.047 idtB=0.069 D_A=0.064 D_B=0.119 D_A(real)=0.87 D_A(fake)=0.13 gnG=56.95 gnD=17.54 it_per_s=9.52
2026-10-03 02:47:58,680 INFO iter=520400 epoch=74 lr=1.51e-05 G=3.447 advA2B=0.615 advB2A=0.788 cycA=0.070 cycB=0.077 idtA=0.047 idtB=0.069 D_A=0.064 D_B=0.119 D_A(real)=0.87 D_A(fake)=0.13 gnG=56.98 gnD=17.56 it_per_s=9.52
2026-10-03 02:48:09,216 INFO iter=520500 epoch=74 lr=1.51e-05 G=3.447 advA2B=0.615 advB2A=0.787 cycA=0.070 cycB=0.077 idtA=0.047 idtB=0.069 D_A=0.064 D_B=0.119 D_A(real)=0.87 D_A(fake)=0.13 gnG=56.97 gnD=17.56 it_per_s=9.52
2026-10-03 02:48:19,788 INFO iter=520600 epoch=74 lr=1.51e-05 G=3.449 advA2B=0.616 advB2A=0.788 cycA=0.070 cycB=0.077 idtA=0.047 idtB=0.069 D_A=0.064 D_B=0.119 D_A(real)=0.87 D_A(fake)=0.13 gnG=57.19 gnD=17.56 it_per_s=9.52
2026-10-03 02:48:30,337 INFO iter=520700 epoch=74 lr=1.50e-05 G=3.449 advA2B=0.615 advB2A=0.787 cycA=0.070 cycB=0.077 idtA=0.047 idtB=0.069 D_A=0.064 D_B=0.119 D_A(real)=0.87 D_A(fake)=0.13 gnG=57.26 gnD=17.55 it_per_s=9.52
2026-10-03 02:48:40,949 INFO iter=520800 epoch=74 lr=1.50e-05 G=3.449 advA2B=0.616 advB2A=0.787 cycA=0.070 cycB=0.077 idtA=0.047 idtB=0.069 D_A=0.064 D_B=0.118 D_A(real)=0.87 D_A(fake)=0.13 gnG=57.51 gnD=17.56 it_per_s=9.52
2026-10-03 02:48:42,197 INFO epoch=74 done time_s=740 it_per_s=9.52 G=3.449 cycA=0.070 cycB=0.077 idtA=0.047 idtB=0.069 D_A=0.064 D_B=0.118 D_A(real)=0.87 D_A(fake)=0.13 nan_count=0
2026-10-03 02:48:52,164 INFO iter=520900 epoch=75 lr=1.50e-05 G=3.361 advA2B=0.576 advB2A=0.800 cycA=0.067 cycB=0.076 idtA=0.044 idtB=0.067 D_A=0.057 D_B=0.117 D_A(real)=0.88 D_A(fake)=0.13 gnG=60.92 gnD=17.28 it_per_s=9.45
2026-10-03 02:49:02,712 INFO iter=521000 epoch=75 lr=1.49e-05 G=3.455 advA2B=0.615 advB2A=0.833 cycA=0.068 cycB=0.076 idtA=0.045 idtB=0.068 D_A=0.059 D_B=0.113 D_A(real)=0.88 D_A(fake)=0.12 gnG=61.04 gnD=16.77 it_per_s=9.47
2026-10-03 02:49:13,260 INFO iter=521100 epoch=75 lr=1.49e-05 G=3.452 advA2B=0.618 advB2A=0.819 cycA=0.069 cycB=0.076 idtA=0.046 idtB=0.067 D_A=0.061 D_B=0.113 D_A(real)=0.87 D_A(fake)=0.13 gnG=61.68 gnD=17.23 it_per_s=9.47
2026-10-03 02:49:23,848 INFO iter=521200 epoch=75 lr=1.49e-05 G=3.432 advA2B=0.611 advB2A=0.810 cycA=0.068 cycB=0.076 idtA=0.046 idtB=0.067 D_A=0.059 D_B=0.113 D_A(real)=0.88 D_A(fake)=0.12 gnG=61.08 gnD=17.34 it_per_s=9.46
2026-10-03 02:49:34,358 INFO iter=521300 epoch=75 lr=1.48e-05 G=3.447 advA2B=0.605 advB2A=0.816 cycA=0.068 cycB=0.077 idtA=0.046 idtB=0.069 D_A=0.062 D_B=0.114 D_A(real)=0.87 D_A(fake)=0.13 gnG=62.73 gnD=17.63 it_per_s=9.47
2026-10-03 02:49:44,913 INFO iter=521400 epoch=75 lr=1.48e-05 G=3.432 advA2B=0.607 advB2A=0.806 cycA=0.068 cycB=0.077 idtA=0.045 idtB=0.069 D_A=0.063 D_B=0.115 D_A(real)=0.87 D_A(fake)=0.13 gnG=61.98 gnD=17.66 it_per_s=9.47
2026-10-03 02:49:55,443 INFO iter=521500 epoch=75 lr=1.48e-05 G=3.445 advA2B=0.614 advB2A=0.808 cycA=0.068 cycB=0.077 idtA=0.045 idtB=0.069 D_A=0.064 D_B=0.114 D_A(real)=0.87 D_A(fake)=0.13 gnG=64.10 gnD=17.60 it_per_s=9.48
2026-10-03 02:50:05,997 INFO iter=521600 epoch=75 lr=1.47e-05 G=3.447 advA2B=0.619 advB2A=0.800 cycA=0.068 cycB=0.077 idtA=0.045 idtB=0.070 D_A=0.063 D_B=0.115 D_A(real)=0.87 D_A(fake)=0.13 gnG=62.86 gnD=17.56 it_per_s=9.48
2026-10-03 02:50:16,614 INFO iter=521700 epoch=75 lr=1.47e-05 G=3.444 advA2B=0.620 advB2A=0.799 cycA=0.068 cycB=0.077 idtA=0.045 idtB=0.070 D_A=0.063 D_B=0.116 D_A(real)=0.87 D_A(fake)=0.13 gnG=61.52 gnD=17.54 it_per_s=9.47
2026-10-03 02:50:27,127 INFO iter=521800 epoch=75 lr=1.46e-05 G=3.440 advA2B=0.619 advB2A=0.796 cycA=0.068 cycB=0.077 idtA=0.045 idtB=0.070 D_A=0.063 D_B=0.115 D_A(real)=0.87 D_A(fake)=0.13 gnG=61.01 gnD=17.49 it_per_s=9.47
2026-10-03 02:50:37,622 INFO iter=521900 epoch=75 lr=1.46e-05 G=3.446 advA2B=0.621 advB2A=0.798 cycA=0.068 cycB=0.077 idtA=0.046 idtB=0.069 D_A=0.064 D_B=0.115 D_A(real)=0.87 D_A(fake)=0.13 gnG=61.07 gnD=17.55 it_per_s=9.48
2026-10-03 02:50:48,181 INFO iter=522000 epoch=75 lr=1.46e-05 G=3.448 advA2B=0.617 advB2A=0.800 cycA=0.068 cycB=0.077 idtA=0.046 idtB=0.069 D_A=0.063 D_B=0.116 D_A(real)=0.87 D_A(fake)=0.13 gnG=60.95 gnD=17.53 it_per_s=9.48
2026-10-03 02:50:58,692 INFO iter=522100 epoch=75 lr=1.45e-05 G=3.454 advA2B=0.618 advB2A=0.800 cycA=0.069 cycB=0.077 idtA=0.046 idtB=0.069 D_A=0.062 D_B=0.116 D_A(real)=0.87 D_A(fake)=0.13 gnG=60.93 gnD=17.48 it_per_s=9.48
2026-10-03 02:51:09,257 INFO iter=522200 epoch=75 lr=1.45e-05 G=3.452 advA2B=0.617 advB2A=0.800 cycA=0.069 cycB=0.077 idtA=0.046 idtB=0.069 D_A=0.062 D_B=0.116 D_A(real)=0.87 D_A(fake)=0.13 gnG=60.86 gnD=17.50 it_per_s=9.48
2026-10-03 02:51:19,839 INFO iter=522300 epoch=75 lr=1.45e-05 G=3.442 advA2B=0.617 advB2A=0.797 cycA=0.069 cycB=0.077 idtA=0.046 idtB=0.068 D_A=0.062 D_B=0.116 D_A(real)=0.87 D_A(fake)=0.13 gnG=60.31 gnD=17.50 it_per_s=9.48
2026-10-03 02:51:30,386 INFO iter=522400 epoch=75 lr=1.44e-05 G=3.444 advA2B=0.618 advB2A=0.796 cycA=0.069 cycB=0.077 idtA=0.046 idtB=0.069 D_A=0.062 D_B=0.117 D_A(real)=0.87 D_A(fake)=0.13 gnG=60.49 gnD=17.49 it_per_s=9.48
2026-10-03 02:51:40,914 INFO iter=522500 epoch=75 lr=1.44e-05 G=3.451 advA2B=0.620 advB2A=0.799 cycA=0.069 cycB=0.077 idtA=0.046 idtB=0.069 D_A=0.063 D_B=0.117 D_A(real)=0.87 D_A(fake)=0.13 gnG=60.60 gnD=17.47 it_per_s=9.48
2026-10-03 02:51:51,540 INFO iter=522600 epoch=75 lr=1.44e-05 G=3.446 advA2B=0.621 advB2A=0.795 cycA=0.069 cycB=0.077 idtA=0.046 idtB=0.069 D_A=0.063 D_B=0.117 D_A(real)=0.87 D_A(fake)=0.13 gnG=60.78 gnD=17.47 it_per_s=9.48
2026-10-03 02:52:02,154 INFO iter=522700 epoch=75 lr=1.43e-05 G=3.443 advA2B=0.621 advB2A=0.794 cycA=0.069 cycB=0.077 idtA=0.046 idtB=0.068 D_A=0.063 D_B=0.117 D_A(real)=0.87 D_A(fake)=0.13 gnG=60.99 gnD=17.49 it_per_s=9.47
2026-10-03 02:52:12,740 INFO iter=522800 epoch=75 lr=1.43e-05 G=3.443 advA2B=0.620 advB2A=0.796 cycA=0.069 cycB=0.077 idtA=0.046 idtB=0.068 D_A=0.063 D_B=0.118 D_A(real)=0.87 D_A(fake)=0.13 gnG=60.73 gnD=17.58 it_per_s=9.47
2026-10-03 02:52:23,305 INFO iter=522900 epoch=75 lr=1.43e-05 G=3.446 advA2B=0.622 advB2A=0.795 cycA=0.069 cycB=0.077 idtA=0.046 idtB=0.068 D_A=0.063 D_B=0.118 D_A(real)=0.87 D_A(fake)=0.13 gnG=61.33 gnD=17.59 it_per_s=9.47
2026-10-03 02:52:33,877 INFO iter=523000 epoch=75 lr=1.42e-05 G=3.451 advA2B=0.624 advB2A=0.795 cycA=0.069 cycB=0.077 idtA=0.046 idtB=0.069 D_A=0.063 D_B=0.118 D_A(real)=0.87 D_A(fake)=0.13 gnG=61.33 gnD=17.60 it_per_s=9.47
2026-10-03 02:52:44,467 INFO iter=523100 epoch=75 lr=1.42e-05 G=3.447 advA2B=0.623 advB2A=0.793 cycA=0.069 cycB=0.077 idtA=0.046 idtB=0.069 D_A=0.063 D_B=0.118 D_A(real)=0.87 D_A(fake)=0.13 gnG=60.98 gnD=17.62 it_per_s=9.47
2026-10-03 02:52:55,155 INFO iter=523200 epoch=75 lr=1.42e-05 G=3.446 advA2B=0.624 advB2A=0.792 cycA=0.069 cycB=0.077 idtA=0.046 idtB=0.069 D_A=0.063 D_B=0.118 D_A(real)=0.87 D_A(fake)=0.13 gnG=61.29 gnD=17.63 it_per_s=9.46
2026-10-03 02:53:05,854 INFO iter=523300 epoch=75 lr=1.41e-05 G=3.448 advA2B=0.625 advB2A=0.792 cycA=0.069 cycB=0.077 idtA=0.046 idtB=0.069 D_A=0.063 D_B=0.118 D_A(real)=0.87 D_A(fake)=0.13 gnG=61.35 gnD=17.61 it_per_s=9.46
2026-10-03 02:53:16,414 INFO iter=523400 epoch=75 lr=1.41e-05 G=3.446 advA2B=0.625 advB2A=0.791 cycA=0.069 cycB=0.077 idtA=0.046 idtB=0.069 D_A=0.063 D_B=0.118 D_A(real)=0.87 D_A(fake)=0.13 gnG=61.46 gnD=17.61 it_per_s=9.46
2026-10-03 02:53:27,083 INFO iter=523500 epoch=75 lr=1.40e-05 G=3.444 advA2B=0.626 advB2A=0.790 cycA=0.069 cycB=0.077 idtA=0.046 idtB=0.069 D_A=0.063 D_B=0.118 D_A(real)=0.87 D_A(fake)=0.13 gnG=61.38 gnD=17.62 it_per_s=9.46
2026-10-03 02:53:37,673 INFO iter=523600 epoch=75 lr=1.40e-05 G=3.443 advA2B=0.625 advB2A=0.790 cycA=0.069 cycB=0.077 idtA=0.046 idtB=0.069 D_A=0.063 D_B=0.118 D_A(real)=0.87 D_A(fake)=0.13 gnG=61.92 gnD=17.61 it_per_s=9.46
2026-10-03 02:53:48,209 INFO iter=523700 epoch=75 lr=1.40e-05 G=3.443 advA2B=0.625 advB2A=0.789 cycA=0.069 cycB=0.077 idtA=0.046 idtB=0.069 D_A=0.063 D_B=0.117 D_A(real)=0.87 D_A(fake)=0.13 gnG=62.19 gnD=17.61 it_per_s=9.46
2026-10-03 02:53:58,765 INFO iter=523800 epoch=75 lr=1.39e-05 G=3.442 advA2B=0.624 advB2A=0.791 cycA=0.069 cycB=0.077 idtA=0.046 idtB=0.069 D_A=0.063 D_B=0.118 D_A(real)=0.87 D_A(fake)=0.13 gnG=62.11 gnD=17.66 it_per_s=9.46
2026-10-03 02:54:09,410 INFO iter=523900 epoch=75 lr=1.39e-05 G=3.446 advA2B=0.624 advB2A=0.792 cycA=0.069 cycB=0.077 idtA=0.046 idtB=0.069 D_A=0.063 D_B=0.117 D_A(real)=0.87 D_A(fake)=0.13 gnG=62.36 gnD=17.62 it_per_s=9.46
2026-10-03 02:54:19,891 INFO iter=524000 epoch=75 lr=1.39e-05 G=3.446 advA2B=0.624 advB2A=0.791 cycA=0.069 cycB=0.077 idtA=0.046 idtB=0.069 D_A=0.063 D_B=0.117 D_A(real)=0.87 D_A(fake)=0.13 gnG=62.57 gnD=17.65 it_per_s=9.46
2026-10-03 02:54:30,435 INFO iter=524100 epoch=75 lr=1.38e-05 G=3.444 advA2B=0.623 advB2A=0.790 cycA=0.069 cycB=0.077 idtA=0.046 idtB=0.069 D_A=0.063 D_B=0.118 D_A(real)=0.87 D_A(fake)=0.13 gnG=62.70 gnD=17.70 it_per_s=9.46
2026-10-03 02:54:41,009 INFO iter=524200 epoch=75 lr=1.38e-05 G=3.447 advA2B=0.624 advB2A=0.790 cycA=0.069 cycB=0.077 idtA=0.046 idtB=0.069 D_A=0.063 D_B=0.118 D_A(real)=0.87 D_A(fake)=0.13 gnG=62.63 gnD=17.67 it_per_s=9.46
2026-10-03 02:54:51,564 INFO iter=524300 epoch=75 lr=1.38e-05 G=3.444 advA2B=0.623 advB2A=0.791 cycA=0.069 cycB=0.077 idtA=0.046 idtB=0.069 D_A=0.063 D_B=0.118 D_A(real)=0.87 D_A(fake)=0.13 gnG=62.51 gnD=17.66 it_per_s=9.46
2026-10-03 02:55:02,078 INFO iter=524400 epoch=75 lr=1.37e-05 G=3.446 advA2B=0.623 advB2A=0.791 cycA=0.069 cycB=0.077 idtA=0.046 idtB=0.069 D_A=0.063 D_B=0.117 D_A(real)=0.87 D_A(fake)=0.13 gnG=62.53 gnD=17.67 it_per_s=9.46
2026-10-03 02:55:12,679 INFO iter=524500 epoch=75 lr=1.37e-05 G=3.447 advA2B=0.624 advB2A=0.791 cycA=0.069 cycB=0.077 idtA=0.046 idtB=0.069 D_A=0.063 D_B=0.117 D_A(real)=0.87 D_A(fake)=0.13 gnG=62.35 gnD=17.71 it_per_s=9.46
2026-10-03 02:55:23,247 INFO iter=524600 epoch=75 lr=1.37e-05 G=3.447 advA2B=0.624 advB2A=0.792 cycA=0.069 cycB=0.076 idtA=0.046 idtB=0.069 D_A=0.064 D_B=0.117 D_A(real)=0.87 D_A(fake)=0.13 gnG=62.17 gnD=17.72 it_per_s=9.46
2026-10-03 02:55:33,804 INFO iter=524700 epoch=75 lr=1.36e-05 G=3.445 advA2B=0.624 advB2A=0.791 cycA=0.069 cycB=0.076 idtA=0.046 idtB=0.069 D_A=0.063 D_B=0.117 D_A(real)=0.87 D_A(fake)=0.13 gnG=62.29 gnD=17.78 it_per_s=9.46
2026-10-03 02:55:44,078 INFO iter=524800 epoch=75 lr=1.36e-05 G=3.446 advA2B=0.624 advB2A=0.791 cycA=0.069 cycB=0.076 idtA=0.046 idtB=0.069 D_A=0.064 D_B=0.117 D_A(real)=0.87 D_A(fake)=0.13 gnG=62.20 gnD=17.77 it_per_s=9.47
2026-10-03 02:55:54,601 INFO iter=524900 epoch=75 lr=1.35e-05 G=3.447 advA2B=0.624 advB2A=0.791 cycA=0.069 cycB=0.076 idtA=0.046 idtB=0.069 D_A=0.064 D_B=0.117 D_A(real)=0.87 D_A(fake)=0.13 gnG=62.10 gnD=17.76 it_per_s=9.47
2026-10-03 02:56:05,180 INFO iter=525000 epoch=75 lr=1.35e-05 G=3.447 advA2B=0.624 advB2A=0.791 cycA=0.069 cycB=0.076 idtA=0.047 idtB=0.069 D_A=0.064 D_B=0.117 D_A(real)=0.87 D_A(fake)=0.13 gnG=62.38 gnD=17.77 it_per_s=9.47
2026-10-03 02:56:15,820 INFO iter=525100 epoch=75 lr=1.35e-05 G=3.446 advA2B=0.625 advB2A=0.790 cycA=0.069 cycB=0.076 idtA=0.046 idtB=0.069 D_A=0.064 D_B=0.117 D_A(real)=0.87 D_A(fake)=0.13 gnG=62.43 gnD=17.77 it_per_s=9.47
2026-10-03 02:56:26,358 INFO iter=525200 epoch=75 lr=1.34e-05 G=3.444 advA2B=0.623 advB2A=0.791 cycA=0.069 cycB=0.076 idtA=0.046 idtB=0.069 D_A=0.064 D_B=0.117 D_A(real)=0.87 D_A(fake)=0.13 gnG=62.37 gnD=17.76 it_per_s=9.47
2026-10-03 02:56:36,975 INFO iter=525300 epoch=75 lr=1.34e-05 G=3.446 advA2B=0.623 advB2A=0.792 cycA=0.069 cycB=0.076 idtA=0.046 idtB=0.069 D_A=0.064 D_B=0.117 D_A(real)=0.87 D_A(fake)=0.13 gnG=62.48 gnD=17.75 it_per_s=9.47
2026-10-03 02:56:47,529 INFO iter=525400 epoch=75 lr=1.34e-05 G=3.444 advA2B=0.623 advB2A=0.792 cycA=0.069 cycB=0.076 idtA=0.046 idtB=0.069 D_A=0.063 D_B=0.117 D_A(real)=0.87 D_A(fake)=0.13 gnG=62.39 gnD=17.73 it_per_s=9.47
2026-10-03 02:56:58,226 INFO iter=525500 epoch=75 lr=1.33e-05 G=3.445 advA2B=0.622 advB2A=0.792 cycA=0.069 cycB=0.076 idtA=0.046 idtB=0.069 D_A=0.063 D_B=0.117 D_A(real)=0.87 D_A(fake)=0.13 gnG=62.36 gnD=17.72 it_per_s=9.46
2026-10-03 02:57:08,883 INFO iter=525600 epoch=75 lr=1.33e-05 G=3.446 advA2B=0.622 advB2A=0.792 cycA=0.069 cycB=0.076 idtA=0.046 idtB=0.069 D_A=0.063 D_B=0.117 D_A(real)=0.87 D_A(fake)=0.13 gnG=62.31 gnD=17.72 it_per_s=9.46
2026-10-03 02:57:19,498 INFO iter=525700 epoch=75 lr=1.33e-05 G=3.446 advA2B=0.622 advB2A=0.793 cycA=0.069 cycB=0.076 idtA=0.047 idtB=0.069 D_A=0.063 D_B=0.117 D_A(real)=0.87 D_A(fake)=0.13 gnG=62.32 gnD=17.73 it_per_s=9.46
2026-10-03 02:57:30,086 INFO iter=525800 epoch=75 lr=1.32e-05 G=3.446 advA2B=0.622 advB2A=0.793 cycA=0.069 cycB=0.076 idtA=0.047 idtB=0.069 D_A=0.064 D_B=0.117 D_A(real)=0.87 D_A(fake)=0.13 gnG=62.49 gnD=17.75 it_per_s=9.46
2026-10-03 02:57:40,671 INFO iter=525900 epoch=75 lr=1.32e-05 G=3.449 advA2B=0.623 advB2A=0.793 cycA=0.069 cycB=0.076 idtA=0.047 idtB=0.069 D_A=0.063 D_B=0.117 D_A(real)=0.87 D_A(fake)=0.13 gnG=62.51 gnD=17.75 it_per_s=9.46
2026-10-03 02:57:51,240 INFO iter=526000 epoch=75 lr=1.32e-05 G=3.447 advA2B=0.622 advB2A=0.793 cycA=0.069 cycB=0.076 idtA=0.047 idtB=0.069 D_A=0.063 D_B=0.117 D_A(real)=0.87 D_A(fake)=0.13 gnG=62.48 gnD=17.76 it_per_s=9.46
2026-10-03 02:58:01,823 INFO iter=526100 epoch=75 lr=1.31e-05 G=3.449 advA2B=0.622 advB2A=0.793 cycA=0.069 cycB=0.076 idtA=0.047 idtB=0.069 D_A=0.063 D_B=0.117 D_A(real)=0.87 D_A(fake)=0.13 gnG=62.73 gnD=17.78 it_per_s=9.46
2026-10-03 02:58:12,478 INFO iter=526200 epoch=75 lr=1.31e-05 G=3.449 advA2B=0.623 advB2A=0.792 cycA=0.069 cycB=0.076 idtA=0.047 idtB=0.069 D_A=0.063 D_B=0.117 D_A(real)=0.87 D_A(fake)=0.13 gnG=62.54 gnD=17.79 it_per_s=9.46
2026-10-03 02:58:23,210 INFO iter=526300 epoch=75 lr=1.31e-05 G=3.451 advA2B=0.623 advB2A=0.794 cycA=0.069 cycB=0.076 idtA=0.047 idtB=0.069 D_A=0.064 D_B=0.117 D_A(real)=0.87 D_A(fake)=0.13 gnG=62.49 gnD=17.80 it_per_s=9.46
2026-10-03 02:58:33,853 INFO iter=526400 epoch=75 lr=1.30e-05 G=3.450 advA2B=0.624 advB2A=0.793 cycA=0.069 cycB=0.076 idtA=0.047 idtB=0.069 D_A=0.063 D_B=0.117 D_A(real)=0.87 D_A(fake)=0.13 gnG=62.61 gnD=17.82 it_per_s=9.46
2026-10-03 02:58:44,451 INFO iter=526500 epoch=75 lr=1.30e-05 G=3.451 advA2B=0.624 advB2A=0.793 cycA=0.069 cycB=0.076 idtA=0.047 idtB=0.069 D_A=0.064 D_B=0.118 D_A(real)=0.87 D_A(fake)=0.13 gnG=62.75 gnD=17.84 it_per_s=9.45
2026-10-03 02:58:55,028 INFO iter=526600 epoch=75 lr=1.29e-05 G=3.452 advA2B=0.624 advB2A=0.793 cycA=0.069 cycB=0.076 idtA=0.047 idtB=0.069 D_A=0.064 D_B=0.118 D_A(real)=0.87 D_A(fake)=0.13 gnG=62.82 gnD=17.86 it_per_s=9.45
2026-10-03 02:59:05,598 INFO iter=526700 epoch=75 lr=1.29e-05 G=3.454 advA2B=0.625 advB2A=0.794 cycA=0.069 cycB=0.076 idtA=0.047 idtB=0.069 D_A=0.064 D_B=0.118 D_A(real)=0.87 D_A(fake)=0.13 gnG=62.90 gnD=17.85 it_per_s=9.45
2026-10-03 02:59:16,183 INFO iter=526800 epoch=75 lr=1.29e-05 G=3.455 advA2B=0.625 advB2A=0.795 cycA=0.069 cycB=0.076 idtA=0.047 idtB=0.069 D_A=0.063 D_B=0.118 D_A(real)=0.87 D_A(fake)=0.13 gnG=62.99 gnD=17.86 it_per_s=9.45
2026-10-03 02:59:26,779 INFO iter=526900 epoch=75 lr=1.28e-05 G=3.457 advA2B=0.625 advB2A=0.795 cycA=0.069 cycB=0.077 idtA=0.047 idtB=0.069 D_A=0.064 D_B=0.118 D_A(real)=0.87 D_A(fake)=0.13 gnG=63.05 gnD=17.86 it_per_s=9.45
2026-10-03 02:59:37,349 INFO iter=527000 epoch=75 lr=1.28e-05 G=3.456 advA2B=0.624 advB2A=0.795 cycA=0.069 cycB=0.077 idtA=0.047 idtB=0.069 D_A=0.063 D_B=0.118 D_A(real)=0.87 D_A(fake)=0.13 gnG=63.02 gnD=17.86 it_per_s=9.45
2026-10-03 02:59:47,937 INFO iter=527100 epoch=75 lr=1.28e-05 G=3.454 advA2B=0.623 advB2A=0.794 cycA=0.069 cycB=0.076 idtA=0.047 idtB=0.069 D_A=0.063 D_B=0.118 D_A(real)=0.87 D_A(fake)=0.13 gnG=63.00 gnD=17.87 it_per_s=9.45
2026-10-03 02:59:58,484 INFO iter=527200 epoch=75 lr=1.27e-05 G=3.455 advA2B=0.624 advB2A=0.795 cycA=0.069 cycB=0.077 idtA=0.047 idtB=0.069 D_A=0.063 D_B=0.118 D_A(real)=0.87 D_A(fake)=0.13 gnG=63.25 gnD=17.86 it_per_s=9.45
2026-10-03 03:00:09,153 INFO iter=527300 epoch=75 lr=1.27e-05 G=3.454 advA2B=0.623 advB2A=0.796 cycA=0.069 cycB=0.076 idtA=0.047 idtB=0.069 D_A=0.063 D_B=0.118 D_A(real)=0.87 D_A(fake)=0.13 gnG=63.23 gnD=17.86 it_per_s=9.45
2026-10-03 03:00:19,606 INFO iter=527400 epoch=75 lr=1.27e-05 G=3.454 advA2B=0.623 advB2A=0.796 cycA=0.069 cycB=0.076 idtA=0.047 idtB=0.069 D_A=0.063 D_B=0.118 D_A(real)=0.87 D_A(fake)=0.13 gnG=63.47 gnD=17.86 it_per_s=9.46
2026-10-03 03:00:30,217 INFO iter=527500 epoch=75 lr=1.26e-05 G=3.453 advA2B=0.622 advB2A=0.797 cycA=0.069 cycB=0.076 idtA=0.047 idtB=0.069 D_A=0.063 D_B=0.118 D_A(real)=0.87 D_A(fake)=0.13 gnG=63.54 gnD=17.87 it_per_s=9.45
2026-10-03 03:00:40,616 INFO iter=527600 epoch=75 lr=1.26e-05 G=3.453 advA2B=0.623 advB2A=0.796 cycA=0.069 cycB=0.076 idtA=0.047 idtB=0.069 D_A=0.063 D_B=0.118 D_A(real)=0.87 D_A(fake)=0.13 gnG=63.66 gnD=17.88 it_per_s=9.46
2026-10-03 03:00:50,900 INFO iter=527700 epoch=75 lr=1.26e-05 G=3.454 advA2B=0.623 advB2A=0.797 cycA=0.069 cycB=0.076 idtA=0.047 idtB=0.069 D_A=0.063 D_B=0.118 D_A(real)=0.87 D_A(fake)=0.13 gnG=63.50 gnD=17.88 it_per_s=9.46
2026-10-03 03:01:01,506 INFO iter=527800 epoch=75 lr=1.25e-05 G=3.453 advA2B=0.623 advB2A=0.796 cycA=0.069 cycB=0.076 idtA=0.047 idtB=0.069 D_A=0.063 D_B=0.118 D_A(real)=0.87 D_A(fake)=0.13 gnG=63.47 gnD=17.87 it_per_s=9.46
2026-10-03 03:01:06,797 INFO epoch=75 done time_s=744 it_per_s=9.46 G=3.454 cycA=0.069 cycB=0.076 idtA=0.047 idtB=0.069 D_A=0.063 D_B=0.118 D_A(real)=0.87 D_A(fake)=0.13 nan_count=0
2026-10-03 03:01:12,749 INFO iter=527900 epoch=76 lr=1.25e-05 G=3.426 advA2B=0.577 advB2A=0.827 cycA=0.068 cycB=0.078 idtA=0.045 idtB=0.068 D_A=0.061 D_B=0.121 D_A(real)=0.85 D_A(fake)=0.15 gnG=65.00 gnD=17.67 it_per_s=9.51
2026-10-03 03:01:23,139 INFO iter=528000 epoch=76 lr=1.24e-05 G=3.368 advA2B=0.602 advB2A=0.793 cycA=0.066 cycB=0.075 idtA=0.044 idtB=0.067 D_A=0.065 D_B=0.115 D_A(real)=0.85 D_A(fake)=0.14 gnG=65.19 gnD=17.96 it_per_s=9.59
2026-10-03 03:01:33,688 INFO iter=528100 epoch=76 lr=1.24e-05 G=3.433 advA2B=0.612 advB2A=0.805 cycA=0.068 cycB=0.076 idtA=0.046 idtB=0.069 D_A=0.068 D_B=0.115 D_A(real)=0.86 D_A(fake)=0.14 gnG=63.07 gnD=18.14 it_per_s=9.54
2026-10-03 03:01:44,237 INFO iter=528200 epoch=76 lr=1.24e-05 G=3.451 advA2B=0.630 advB2A=0.803 cycA=0.068 cycB=0.076 idtA=0.046 idtB=0.069 D_A=0.068 D_B=0.113 D_A(real)=0.86 D_A(fake)=0.14 gnG=65.88 gnD=18.02 it_per_s=9.53
2026-10-03 03:01:54,738 INFO iter=528300 epoch=76 lr=1.23e-05 G=3.443 advA2B=0.620 advB2A=0.795 cycA=0.069 cycB=0.076 idtA=0.046 idtB=0.069 D_A=0.066 D_B=0.112 D_A(real)=0.86 D_A(fake)=0.13 gnG=63.76 gnD=17.94 it_per_s=9.52
2026-10-03 03:02:05,310 INFO iter=528400 epoch=76 lr=1.23e-05 G=3.426 advA2B=0.617 advB2A=0.782 cycA=0.069 cycB=0.076 idtA=0.046 idtB=0.069 D_A=0.065 D_B=0.114 D_A(real)=0.86 D_A(fake)=0.14 gnG=62.36 gnD=17.91 it_per_s=9.51
2026-10-03 03:02:15,895 INFO iter=528500 epoch=76 lr=1.23e-05 G=3.437 advA2B=0.617 advB2A=0.783 cycA=0.069 cycB=0.076 idtA=0.046 idtB=0.070 D_A=0.065 D_B=0.115 D_A(real)=0.86 D_A(fake)=0.14 gnG=62.81 gnD=17.91 it_per_s=9.50
2026-10-03 03:02:26,473 INFO iter=528600 epoch=76 lr=1.22e-05 G=3.425 advA2B=0.618 advB2A=0.780 cycA=0.069 cycB=0.076 idtA=0.046 idtB=0.070 D_A=0.065 D_B=0.116 D_A(real)=0.86 D_A(fake)=0.14 gnG=63.28 gnD=17.90 it_per_s=9.50
2026-10-03 03:02:37,098 INFO iter=528700 epoch=76 lr=1.22e-05 G=3.421 advA2B=0.617 advB2A=0.783 cycA=0.068 cycB=0.076 idtA=0.046 idtB=0.069 D_A=0.065 D_B=0.117 D_A(real)=0.86 D_A(fake)=0.14 gnG=65.28 gnD=17.97 it_per_s=9.49
2026-10-03 03:02:47,665 INFO iter=528800 epoch=76 lr=1.22e-05 G=3.428 advA2B=0.618 advB2A=0.786 cycA=0.069 cycB=0.076 idtA=0.046 idtB=0.069 D_A=0.064 D_B=0.117 D_A(real)=0.86 D_A(fake)=0.14 gnG=66.01 gnD=18.00 it_per_s=9.48
2026-10-03 03:02:58,221 INFO iter=528900 epoch=76 lr=1.21e-05 G=3.425 advA2B=0.615 advB2A=0.784 cycA=0.069 cycB=0.076 idtA=0.046 idtB=0.070 D_A=0.064 D_B=0.117 D_A(real)=0.86 D_A(fake)=0.14 gnG=66.10 gnD=18.05 it_per_s=9.48
2026-10-03 03:03:08,827 INFO iter=529000 epoch=76 lr=1.21e-05 G=3.427 advA2B=0.616 advB2A=0.790 cycA=0.069 cycB=0.076 idtA=0.046 idtB=0.069 D_A=0.064 D_B=0.117 D_A(real)=0.86 D_A(fake)=0.14 gnG=66.71 gnD=18.07 it_per_s=9.48
2026-10-03 03:03:19,453 INFO iter=529100 epoch=76 lr=1.21e-05 G=3.428 advA2B=0.618 advB2A=0.788 cycA=0.068 cycB=0.076 idtA=0.046 idtB=0.069 D_A=0.064 D_B=0.116 D_A(real)=0.86 D_A(fake)=0.14 gnG=65.96 gnD=17.94 it_per_s=9.47
2026-10-03 03:03:30,130 INFO iter=529200 epoch=76 lr=1.20e-05 G=3.437 advA2B=0.619 advB2A=0.792 cycA=0.068 cycB=0.076 idtA=0.046 idtB=0.070 D_A=0.063 D_B=0.116 D_A(real)=0.86 D_A(fake)=0.14 gnG=66.40 gnD=17.87 it_per_s=9.46
2026-10-03 03:03:40,791 INFO iter=529300 epoch=76 lr=1.20e-05 G=3.436 advA2B=0.617 advB2A=0.792 cycA=0.069 cycB=0.076 idtA=0.046 idtB=0.070 D_A=0.064 D_B=0.117 D_A(real)=0.86 D_A(fake)=0.14 gnG=66.18 gnD=17.94 it_per_s=9.46
2026-10-03 03:03:51,461 INFO iter=529400 epoch=76 lr=1.19e-05 G=3.435 advA2B=0.616 advB2A=0.793 cycA=0.069 cycB=0.076 idtA=0.046 idtB=0.069 D_A=0.063 D_B=0.116 D_A(real)=0.87 D_A(fake)=0.13 gnG=66.00 gnD=17.90 it_per_s=9.45
2026-10-03 03:04:02,044 INFO iter=529500 epoch=76 lr=1.19e-05 G=3.430 advA2B=0.615 advB2A=0.791 cycA=0.069 cycB=0.076 idtA=0.046 idtB=0.069 D_A=0.063 D_B=0.116 D_A(real)=0.87 D_A(fake)=0.13 gnG=66.43 gnD=17.90 it_per_s=9.45
2026-10-03 03:04:12,610 INFO iter=529600 epoch=76 lr=1.19e-05 G=3.433 advA2B=0.618 advB2A=0.789 cycA=0.068 cycB=0.076 idtA=0.046 idtB=0.069 D_A=0.063 D_B=0.116 D_A(real)=0.87 D_A(fake)=0.13 gnG=65.64 gnD=17.93 it_per_s=9.45
2026-10-03 03:04:23,020 INFO iter=529700 epoch=76 lr=1.18e-05 G=3.434 advA2B=0.619 advB2A=0.791 cycA=0.068 cycB=0.076 idtA=0.046 idtB=0.069 D_A=0.062 D_B=0.116 D_A(real)=0.87 D_A(fake)=0.13 gnG=65.85 gnD=17.86 it_per_s=9.46
2026-10-03 03:04:33,584 INFO iter=529800 epoch=76 lr=1.18e-05 G=3.436 advA2B=0.618 advB2A=0.792 cycA=0.069 cycB=0.076 idtA=0.046 idtB=0.069 D_A=0.062 D_B=0.116 D_A(real)=0.87 D_A(fake)=0.13 gnG=66.25 gnD=17.85 it_per_s=9.46
2026-10-03 03:04:43,959 INFO iter=529900 epoch=76 lr=1.18e-05 G=3.438 advA2B=0.620 advB2A=0.792 cycA=0.069 cycB=0.076 idtA=0.046 idtB=0.069 D_A=0.062 D_B=0.116 D_A(real)=0.87 D_A(fake)=0.13 gnG=66.86 gnD=17.85 it_per_s=9.47
2026-10-03 03:04:54,391 INFO iter=530000 epoch=76 lr=1.17e-05 G=3.441 advA2B=0.623 advB2A=0.791 cycA=0.069 cycB=0.076 idtA=0.046 idtB=0.069 D_A=0.062 D_B=0.116 D_A(real)=0.87 D_A(fake)=0.13 gnG=67.66 gnD=17.87 it_per_s=9.48
2026-10-03 03:05:05,016 INFO iter=530100 epoch=76 lr=1.17e-05 G=3.439 advA2B=0.624 advB2A=0.791 cycA=0.069 cycB=0.076 idtA=0.046 idtB=0.069 D_A=0.062 D_B=0.116 D_A(real)=0.87 D_A(fake)=0.13 gnG=67.76 gnD=17.85 it_per_s=9.47
2026-10-03 03:05:15,403 INFO iter=530200 epoch=76 lr=1.17e-05 G=3.437 advA2B=0.623 advB2A=0.791 cycA=0.069 cycB=0.076 idtA=0.046 idtB=0.069 D_A=0.062 D_B=0.116 D_A(real)=0.87 D_A(fake)=0.13 gnG=67.58 gnD=17.85 it_per_s=9.48
2026-10-03 03:05:25,881 INFO iter=530300 epoch=76 lr=1.16e-05 G=3.438 advA2B=0.624 advB2A=0.792 cycA=0.069 cycB=0.076 idtA=0.046 idtB=0.069 D_A=0.062 D_B=0.116 D_A(real)=0.87 D_A(fake)=0.13 gnG=67.49 gnD=17.84 it_per_s=9.48
2026-10-03 03:05:36,485 INFO iter=530400 epoch=76 lr=1.16e-05 G=3.436 advA2B=0.623 advB2A=0.791 cycA=0.069 cycB=0.076 idtA=0.046 idtB=0.069 D_A=0.062 D_B=0.116 D_A(real)=0.87 D_A(fake)=0.13 gnG=67.37 gnD=17.87 it_per_s=9.48
2026-10-03 03:05:46,777 INFO iter=530500 epoch=76 lr=1.16e-05 G=3.437 advA2B=0.621 advB2A=0.793 cycA=0.069 cycB=0.076 idtA=0.046 idtB=0.069 D_A=0.062 D_B=0.116 D_A(real)=0.87 D_A(fake)=0.13 gnG=67.16 gnD=17.87 it_per_s=9.49
2026-10-03 03:05:57,254 INFO iter=530600 epoch=76 lr=1.15e-05 G=3.438 advA2B=0.620 advB2A=0.794 cycA=0.069 cycB=0.076 idtA=0.046 idtB=0.069 D_A=0.062 D_B=0.116 D_A(real)=0.87 D_A(fake)=0.13 gnG=67.03 gnD=17.87 it_per_s=9.49
2026-10-03 03:06:07,825 INFO iter=530700 epoch=76 lr=1.15e-05 G=3.440 advA2B=0.621 advB2A=0.794 cycA=0.069 cycB=0.076 idtA=0.046 idtB=0.069 D_A=0.062 D_B=0.116 D_A(real)=0.87 D_A(fake)=0.13 gnG=67.05 gnD=17.86 it_per_s=9.49
2026-10-03 03:06:18,169 INFO iter=530800 epoch=76 lr=1.15e-05 G=3.444 advA2B=0.621 advB2A=0.795 cycA=0.069 cycB=0.076 idtA=0.046 idtB=0.069 D_A=0.062 D_B=0.116 D_A(real)=0.87 D_A(fake)=0.13 gnG=67.38 gnD=17.89 it_per_s=9.50
2026-10-03 03:06:28,873 INFO iter=530900 epoch=76 lr=1.14e-05 G=3.443 advA2B=0.620 advB2A=0.794 cycA=0.069 cycB=0.077 idtA=0.046 idtB=0.069 D_A=0.062 D_B=0.116 D_A(real)=0.87 D_A(fake)=0.13 gnG=67.07 gnD=17.86 it_per_s=9.49
2026-10-03 03:06:39,551 INFO iter=531000 epoch=76 lr=1.14e-05 G=3.442 advA2B=0.620 advB2A=0.794 cycA=0.069 cycB=0.076 idtA=0.046 idtB=0.069 D_A=0.062 D_B=0.116 D_A(real)=0.87 D_A(fake)=0.13 gnG=67.00 gnD=17.85 it_per_s=9.49
2026-10-03 03:06:49,733 INFO iter=531100 epoch=76 lr=1.13e-05 G=3.440 advA2B=0.620 advB2A=0.794 cycA=0.069 cycB=0.076 idtA=0.046 idtB=0.069 D_A=0.062 D_B=0.116 D_A(real)=0.87 D_A(fake)=0.13 gnG=67.02 gnD=17.84 it_per_s=9.50
2026-10-03 03:07:00,293 INFO iter=531200 epoch=76 lr=1.13e-05 G=3.440 advA2B=0.618 advB2A=0.796 cycA=0.069 cycB=0.076 idtA=0.046 idtB=0.069 D_A=0.062 D_B=0.116 D_A(real)=0.87 D_A(fake)=0.13 gnG=66.83 gnD=17.87 it_per_s=9.50
2026-10-03 03:07:10,859 INFO iter=531300 epoch=76 lr=1.13e-05 G=3.437 advA2B=0.617 advB2A=0.796 cycA=0.069 cycB=0.076 idtA=0.046 idtB=0.069 D_A=0.062 D_B=0.116 D_A(real)=0.87 D_A(fake)=0.13 gnG=66.76 gnD=17.88 it_per_s=9.49
2026-10-03 03:07:21,124 INFO iter=531400 epoch=76 lr=1.12e-05 G=3.436 advA2B=0.616 advB2A=0.795 cycA=0.069 cycB=0.076 idtA=0.046 idtB=0.069 D_A=0.062 D_B=0.116 D_A(real)=0.87 D_A(fake)=0.13 gnG=66.61 gnD=17.90 it_per_s=9.50
2026-10-03 03:07:31,816 INFO iter=531500 epoch=76 lr=1.12e-05 G=3.434 advA2B=0.616 advB2A=0.795 cycA=0.069 cycB=0.076 idtA=0.046 idtB=0.069 D_A=0.063 D_B=0.116 D_A(real)=0.87 D_A(fake)=0.13 gnG=66.88 gnD=17.91 it_per_s=9.50
2026-10-03 03:07:42,323 INFO iter=531600 epoch=76 lr=1.12e-05 G=3.433 advA2B=0.615 advB2A=0.796 cycA=0.069 cycB=0.076 idtA=0.046 idtB=0.069 D_A=0.063 D_B=0.116 D_A(real)=0.87 D_A(fake)=0.13 gnG=66.63 gnD=17.91 it_per_s=9.50
2026-10-03 03:07:52,582 INFO iter=531700 epoch=76 lr=1.11e-05 G=3.434 advA2B=0.618 advB2A=0.795 cycA=0.069 cycB=0.076 idtA=0.046 idtB=0.069 D_A=0.063 D_B=0.116 D_A(real)=0.87 D_A(fake)=0.13 gnG=66.51 gnD=17.89 it_per_s=9.50
2026-10-03 03:08:03,146 INFO iter=531800 epoch=76 lr=1.11e-05 G=3.435 advA2B=0.619 advB2A=0.796 cycA=0.069 cycB=0.076 idtA=0.046 idtB=0.069 D_A=0.062 D_B=0.116 D_A(real)=0.87 D_A(fake)=0.13 gnG=66.79 gnD=17.89 it_per_s=9.50
2026-10-03 03:08:13,683 INFO iter=531900 epoch=76 lr=1.11e-05 G=3.435 advA2B=0.618 advB2A=0.796 cycA=0.069 cycB=0.076 idtA=0.046 idtB=0.069 D_A=0.062 D_B=0.116 D_A(real)=0.87 D_A(fake)=0.13 gnG=66.51 gnD=17.89 it_per_s=9.50
2026-10-03 03:08:24,223 INFO iter=532000 epoch=76 lr=1.10e-05 G=3.433 advA2B=0.618 advB2A=0.795 cycA=0.069 cycB=0.076 idtA=0.046 idtB=0.069 D_A=0.062 D_B=0.116 D_A(real)=0.87 D_A(fake)=0.13 gnG=66.35 gnD=17.91 it_per_s=9.50
2026-10-03 03:08:34,794 INFO iter=532100 epoch=76 lr=1.10e-05 G=3.435 advA2B=0.619 advB2A=0.795 cycA=0.069 cycB=0.076 idtA=0.046 idtB=0.069 D_A=0.063 D_B=0.116 D_A(real)=0.87 D_A(fake)=0.13 gnG=66.31 gnD=17.93 it_per_s=9.50
2026-10-03 03:08:45,478 INFO iter=532200 epoch=76 lr=1.10e-05 G=3.435 advA2B=0.620 advB2A=0.796 cycA=0.069 cycB=0.076 idtA=0.046 idtB=0.068 D_A=0.063 D_B=0.116 D_A(real)=0.87 D_A(fake)=0.13 gnG=66.38 gnD=17.93 it_per_s=9.50
2026-10-03 03:08:56,093 INFO iter=532300 epoch=76 lr=1.09e-05 G=3.435 advA2B=0.620 advB2A=0.796 cycA=0.069 cycB=0.076 idtA=0.046 idtB=0.068 D_A=0.063 D_B=0.116 D_A(real)=0.87 D_A(fake)=0.13 gnG=66.44 gnD=17.95 it_per_s=9.50
2026-10-03 03:09:06,719 INFO iter=532400 epoch=76 lr=1.09e-05 G=3.435 advA2B=0.619 advB2A=0.796 cycA=0.069 cycB=0.076 idtA=0.046 idtB=0.069 D_A=0.063 D_B=0.116 D_A(real)=0.87 D_A(fake)=0.13 gnG=66.44 gnD=17.96 it_per_s=9.49
2026-10-03 03:09:17,261 INFO iter=532500 epoch=76 lr=1.08e-05 G=3.436 advA2B=0.619 advB2A=0.797 cycA=0.069 cycB=0.076 idtA=0.046 idtB=0.069 D_A=0.063 D_B=0.116 D_A(real)=0.87 D_A(fake)=0.13 gnG=66.41 gnD=17.97 it_per_s=9.49
2026-10-03 03:09:27,641 INFO iter=532600 epoch=76 lr=1.08e-05 G=3.437 advA2B=0.619 advB2A=0.797 cycA=0.069 cycB=0.076 idtA=0.046 idtB=0.069 D_A=0.063 D_B=0.116 D_A(real)=0.87 D_A(fake)=0.13 gnG=66.32 gnD=17.94 it_per_s=9.50
2026-10-03 03:09:38,231 INFO iter=532700 epoch=76 lr=1.08e-05 G=3.436 advA2B=0.619 advB2A=0.798 cycA=0.069 cycB=0.076 idtA=0.046 idtB=0.069 D_A=0.063 D_B=0.116 D_A(real)=0.87 D_A(fake)=0.13 gnG=66.41 gnD=17.97 it_per_s=9.50
2026-10-03 03:09:48,498 INFO iter=532800 epoch=76 lr=1.07e-05 G=3.437 advA2B=0.619 advB2A=0.798 cycA=0.069 cycB=0.076 idtA=0.046 idtB=0.069 D_A=0.062 D_B=0.116 D_A(real)=0.87 D_A(fake)=0.13 gnG=66.25 gnD=17.95 it_per_s=9.50
2026-10-03 03:09:59,004 INFO iter=532900 epoch=76 lr=1.07e-05 G=3.437 advA2B=0.619 advB2A=0.797 cycA=0.069 cycB=0.076 idtA=0.046 idtB=0.068 D_A=0.062 D_B=0.116 D_A(real)=0.87 D_A(fake)=0.13 gnG=66.14 gnD=17.95 it_per_s=9.50
2026-10-03 03:10:09,591 INFO iter=533000 epoch=76 lr=1.07e-05 G=3.437 advA2B=0.620 advB2A=0.797 cycA=0.069 cycB=0.076 idtA=0.046 idtB=0.068 D_A=0.062 D_B=0.116 D_A(real)=0.87 D_A(fake)=0.13 gnG=66.46 gnD=17.93 it_per_s=9.50
2026-10-03 03:10:19,828 INFO iter=533100 epoch=76 lr=1.06e-05 G=3.436 advA2B=0.620 advB2A=0.797 cycA=0.069 cycB=0.076 idtA=0.046 idtB=0.068 D_A=0.062 D_B=0.116 D_A(real)=0.87 D_A(fake)=0.13 gnG=66.65 gnD=17.95 it_per_s=9.50
2026-10-03 03:10:30,335 INFO iter=533200 epoch=76 lr=1.06e-05 G=3.435 advA2B=0.620 advB2A=0.797 cycA=0.069 cycB=0.076 idtA=0.046 idtB=0.068 D_A=0.062 D_B=0.116 D_A(real)=0.87 D_A(fake)=0.13 gnG=66.61 gnD=17.94 it_per_s=9.51
2026-10-03 03:10:40,879 INFO iter=533300 epoch=76 lr=1.06e-05 G=3.435 advA2B=0.620 advB2A=0.797 cycA=0.069 cycB=0.076 idtA=0.046 idtB=0.068 D_A=0.062 D_B=0.116 D_A(real)=0.87 D_A(fake)=0.13 gnG=66.61 gnD=17.95 it_per_s=9.50
2026-10-03 03:10:51,052 INFO iter=533400 epoch=76 lr=1.05e-05 G=3.436 advA2B=0.620 advB2A=0.798 cycA=0.069 cycB=0.076 idtA=0.046 idtB=0.068 D_A=0.062 D_B=0.116 D_A(real)=0.87 D_A(fake)=0.13 gnG=66.49 gnD=17.96 it_per_s=9.51
2026-10-03 03:11:01,631 INFO iter=533500 epoch=76 lr=1.05e-05 G=3.436 advA2B=0.620 advB2A=0.798 cycA=0.069 cycB=0.076 idtA=0.046 idtB=0.068 D_A=0.062 D_B=0.116 D_A(real)=0.87 D_A(fake)=0.13 gnG=66.36 gnD=17.95 it_per_s=9.51
2026-10-03 03:11:12,204 INFO iter=533600 epoch=76 lr=1.05e-05 G=3.436 advA2B=0.619 advB2A=0.799 cycA=0.069 cycB=0.076 idtA=0.046 idtB=0.068 D_A=0.062 D_B=0.116 D_A(real)=0.87 D_A(fake)=0.13 gnG=66.19 gnD=17.96 it_per_s=9.51
2026-10-03 03:11:22,566 INFO iter=533700 epoch=76 lr=1.04e-05 G=3.437 advA2B=0.619 advB2A=0.799 cycA=0.069 cycB=0.076 idtA=0.046 idtB=0.068 D_A=0.062 D_B=0.116 D_A(real)=0.87 D_A(fake)=0.13 gnG=66.18 gnD=17.94 it_per_s=9.51
2026-10-03 03:11:33,158 INFO iter=533800 epoch=76 lr=1.04e-05 G=3.438 advA2B=0.620 advB2A=0.799 cycA=0.069 cycB=0.076 idtA=0.046 idtB=0.068 D_A=0.062 D_B=0.116 D_A(real)=0.87 D_A(fake)=0.13 gnG=66.29 gnD=17.94 it_per_s=9.51
2026-10-03 03:11:43,632 INFO iter=533900 epoch=76 lr=1.04e-05 G=3.439 advA2B=0.620 advB2A=0.799 cycA=0.069 cycB=0.076 idtA=0.046 idtB=0.068 D_A=0.062 D_B=0.116 D_A(real)=0.87 D_A(fake)=0.13 gnG=66.46 gnD=17.92 it_per_s=9.51
2026-10-03 03:11:53,919 INFO iter=534000 epoch=76 lr=1.03e-05 G=3.439 advA2B=0.620 advB2A=0.799 cycA=0.069 cycB=0.076 idtA=0.046 idtB=0.068 D_A=0.062 D_B=0.116 D_A(real)=0.87 D_A(fake)=0.13 gnG=66.37 gnD=17.94 it_per_s=9.51
2026-10-03 03:12:04,506 INFO iter=534100 epoch=76 lr=1.03e-05 G=3.439 advA2B=0.620 advB2A=0.799 cycA=0.069 cycB=0.076 idtA=0.046 idtB=0.069 D_A=0.062 D_B=0.116 D_A(real)=0.87 D_A(fake)=0.13 gnG=66.35 gnD=17.94 it_per_s=9.51
2026-10-03 03:12:15,084 INFO iter=534200 epoch=76 lr=1.02e-05 G=3.440 advA2B=0.620 advB2A=0.799 cycA=0.069 cycB=0.076 idtA=0.046 idtB=0.069 D_A=0.062 D_B=0.116 D_A(real)=0.87 D_A(fake)=0.13 gnG=66.19 gnD=17.94 it_per_s=9.51
2026-10-03 03:12:25,407 INFO iter=534300 epoch=76 lr=1.02e-05 G=3.439 advA2B=0.619 advB2A=0.799 cycA=0.069 cycB=0.076 idtA=0.046 idtB=0.069 D_A=0.062 D_B=0.116 D_A(real)=0.87 D_A(fake)=0.13 gnG=66.31 gnD=17.96 it_per_s=9.51
2026-10-03 03:12:35,910 INFO iter=534400 epoch=76 lr=1.02e-05 G=3.439 advA2B=0.620 advB2A=0.799 cycA=0.069 cycB=0.076 idtA=0.046 idtB=0.069 D_A=0.062 D_B=0.116 D_A(real)=0.87 D_A(fake)=0.13 gnG=66.43 gnD=17.94 it_per_s=9.51
2026-10-03 03:12:46,271 INFO iter=534500 epoch=76 lr=1.01e-05 G=3.440 advA2B=0.620 advB2A=0.799 cycA=0.069 cycB=0.076 idtA=0.046 idtB=0.069 D_A=0.062 D_B=0.116 D_A(real)=0.87 D_A(fake)=0.13 gnG=66.52 gnD=17.95 it_per_s=9.52
2026-10-03 03:12:56,648 INFO iter=534600 epoch=76 lr=1.01e-05 G=3.441 advA2B=0.620 advB2A=0.800 cycA=0.069 cycB=0.076 idtA=0.046 idtB=0.069 D_A=0.062 D_B=0.116 D_A(real)=0.87 D_A(fake)=0.13 gnG=66.54 gnD=17.94 it_per_s=9.52
2026-10-03 03:13:07,394 INFO iter=534700 epoch=76 lr=1.01e-05 G=3.442 advA2B=0.620 advB2A=0.800 cycA=0.069 cycB=0.076 idtA=0.046 idtB=0.069 D_A=0.062 D_B=0.116 D_A(real)=0.87 D_A(fake)=0.13 gnG=66.63 gnD=17.96 it_per_s=9.52
2026-10-03 03:13:18,027 INFO iter=534800 epoch=76 lr=1.00e-05 G=3.443 advA2B=0.619 advB2A=0.800 cycA=0.069 cycB=0.076 idtA=0.046 idtB=0.069 D_A=0.062 D_B=0.116 D_A(real)=0.87 D_A(fake)=0.13 gnG=66.66 gnD=17.97 it_per_s=9.51
2026-10-03 03:13:27,331 INFO epoch=76 done time_s=740 it_per_s=9.51 G=3.443 cycA=0.069 cycB=0.076 idtA=0.046 idtB=0.069 D_A=0.062 D_B=0.116 D_A(real)=0.87 D_A(fake)=0.13 nan_count=0
2026-10-03 03:13:29,255 INFO iter=534900 epoch=77 lr=1.00e-05 G=3.369 advA2B=0.508 advB2A=0.852 cycA=0.067 cycB=0.078 idtA=0.044 idtB=0.067 D_A=0.071 D_B=0.106 D_A(real)=0.88 D_A(fake)=0.12 gnG=64.39 gnD=17.01 it_per_s=9.28
2026-10-03 03:13:39,827 INFO iter=535000 epoch=77 lr=9.96e-06 G=3.422 advA2B=0.658 advB2A=0.782 cycA=0.066 cycB=0.076 idtA=0.044 idtB=0.069 D_A=0.063 D_B=0.114 D_A(real)=0.88 D_A(fake)=0.13 gnG=74.39 gnD=17.89 it_per_s=9.44
2026-10-03 03:13:50,483 INFO iter=535100 epoch=77 lr=9.93e-06 G=3.457 advA2B=0.633 advB2A=0.799 cycA=0.068 cycB=0.077 idtA=0.046 idtB=0.069 D_A=0.062 D_B=0.118 D_A(real)=0.87 D_A(fake)=0.13 gnG=71.40 gnD=18.04 it_per_s=9.41
2026-10-03 03:14:01,318 INFO iter=535200 epoch=77 lr=9.89e-06 G=3.455 advA2B=0.629 advB2A=0.792 cycA=0.069 cycB=0.076 idtA=0.047 idtB=0.069 D_A=0.062 D_B=0.118 D_A(real)=0.87 D_A(fake)=0.12 gnG=67.76 gnD=18.19 it_per_s=9.35
2026-10-03 03:14:11,935 INFO iter=535300 epoch=77 lr=9.85e-06 G=3.463 advA2B=0.625 advB2A=0.802 cycA=0.069 cycB=0.077 idtA=0.046 idtB=0.070 D_A=0.062 D_B=0.117 D_A(real)=0.88 D_A(fake)=0.12 gnG=68.43 gnD=18.13 it_per_s=9.37
2026-10-03 03:14:22,504 INFO iter=535400 epoch=77 lr=9.82e-06 G=3.462 advA2B=0.630 advB2A=0.799 cycA=0.069 cycB=0.076 idtA=0.046 idtB=0.070 D_A=0.062 D_B=0.117 D_A(real)=0.87 D_A(fake)=0.13 gnG=68.69 gnD=18.07 it_per_s=9.39
2026-10-03 03:14:33,143 INFO iter=535500 epoch=77 lr=9.78e-06 G=3.457 advA2B=0.633 advB2A=0.799 cycA=0.069 cycB=0.075 idtA=0.046 idtB=0.069 D_A=0.062 D_B=0.117 D_A(real)=0.87 D_A(fake)=0.13 gnG=71.68 gnD=18.24 it_per_s=9.39
2026-10-03 03:14:43,678 INFO iter=535600 epoch=77 lr=9.75e-06 G=3.459 advA2B=0.635 advB2A=0.801 cycA=0.069 cycB=0.075 idtA=0.046 idtB=0.069 D_A=0.062 D_B=0.117 D_A(real)=0.87 D_A(fake)=0.13 gnG=71.97 gnD=18.30 it_per_s=9.40
2026-10-03 03:14:54,277 INFO iter=535700 epoch=77 lr=9.71e-06 G=3.456 advA2B=0.635 advB2A=0.800 cycA=0.069 cycB=0.075 idtA=0.046 idtB=0.069 D_A=0.062 D_B=0.117 D_A(real)=0.87 D_A(fake)=0.13 gnG=71.92 gnD=18.38 it_per_s=9.41
2026-10-03 03:15:04,832 INFO iter=535800 epoch=77 lr=9.68e-06 G=3.461 advA2B=0.636 advB2A=0.800 cycA=0.069 cycB=0.076 idtA=0.046 idtB=0.069 D_A=0.061 D_B=0.118 D_A(real)=0.87 D_A(fake)=0.13 gnG=71.28 gnD=18.36 it_per_s=9.41
2026-10-03 03:15:15,387 INFO iter=535900 epoch=77 lr=9.64e-06 G=3.461 advA2B=0.635 advB2A=0.802 cycA=0.069 cycB=0.076 idtA=0.047 idtB=0.069 D_A=0.061 D_B=0.118 D_A(real)=0.87 D_A(fake)=0.13 gnG=70.68 gnD=18.34 it_per_s=9.42
2026-10-03 03:15:25,998 INFO iter=536000 epoch=77 lr=9.61e-06 G=3.463 advA2B=0.634 advB2A=0.803 cycA=0.069 cycB=0.076 idtA=0.047 idtB=0.069 D_A=0.061 D_B=0.117 D_A(real)=0.87 D_A(fake)=0.13 gnG=70.88 gnD=18.30 it_per_s=9.42
2026-10-03 03:15:36,507 INFO iter=536100 epoch=77 lr=9.57e-06 G=3.460 advA2B=0.634 advB2A=0.799 cycA=0.069 cycB=0.076 idtA=0.047 idtB=0.069 D_A=0.061 D_B=0.117 D_A(real)=0.87 D_A(fake)=0.13 gnG=69.43 gnD=18.29 it_per_s=9.43
2026-10-03 03:15:47,032 INFO iter=536200 epoch=77 lr=9.53e-06 G=3.456 advA2B=0.634 advB2A=0.798 cycA=0.069 cycB=0.076 idtA=0.047 idtB=0.069 D_A=0.061 D_B=0.117 D_A(real)=0.87 D_A(fake)=0.13 gnG=69.86 gnD=18.32 it_per_s=9.43
2026-10-03 03:15:57,617 INFO iter=536300 epoch=77 lr=9.50e-06 G=3.456 advA2B=0.635 advB2A=0.796 cycA=0.069 cycB=0.076 idtA=0.046 idtB=0.069 D_A=0.061 D_B=0.117 D_A(real)=0.87 D_A(fake)=0.13 gnG=69.93 gnD=18.30 it_per_s=9.43
2026-10-03 03:16:08,223 INFO iter=536400 epoch=77 lr=9.46e-06 G=3.455 advA2B=0.636 advB2A=0.797 cycA=0.069 cycB=0.076 idtA=0.046 idtB=0.069 D_A=0.061 D_B=0.117 D_A(real)=0.87 D_A(fake)=0.13 gnG=69.68 gnD=18.25 it_per_s=9.43
2026-10-03 03:16:18,817 INFO iter=536500 epoch=77 lr=9.43e-06 G=3.451 advA2B=0.635 advB2A=0.795 cycA=0.069 cycB=0.076 idtA=0.046 idtB=0.069 D_A=0.061 D_B=0.117 D_A(real)=0.87 D_A(fake)=0.13 gnG=69.26 gnD=18.20 it_per_s=9.43
2026-10-03 03:16:29,472 INFO iter=536600 epoch=77 lr=9.39e-06 G=3.449 advA2B=0.632 advB2A=0.795 cycA=0.069 cycB=0.076 idtA=0.046 idtB=0.069 D_A=0.061 D_B=0.117 D_A(real)=0.87 D_A(fake)=0.13 gnG=69.25 gnD=18.22 it_per_s=9.43
2026-10-03 03:16:39,993 INFO iter=536700 epoch=77 lr=9.36e-06 G=3.452 advA2B=0.632 advB2A=0.796 cycA=0.069 cycB=0.076 idtA=0.047 idtB=0.069 D_A=0.061 D_B=0.117 D_A(real)=0.87 D_A(fake)=0.13 gnG=68.99 gnD=18.29 it_per_s=9.44
2026-10-03 03:16:50,576 INFO iter=536800 epoch=77 lr=9.32e-06 G=3.450 advA2B=0.631 advB2A=0.796 cycA=0.069 cycB=0.076 idtA=0.047 idtB=0.069 D_A=0.061 D_B=0.117 D_A(real)=0.87 D_A(fake)=0.13 gnG=68.97 gnD=18.28 it_per_s=9.44
2026-10-03 03:17:01,166 INFO iter=536900 epoch=77 lr=9.29e-06 G=3.446 advA2B=0.629 advB2A=0.795 cycA=0.069 cycB=0.076 idtA=0.046 idtB=0.069 D_A=0.061 D_B=0.116 D_A(real)=0.87 D_A(fake)=0.13 gnG=68.50 gnD=18.22 it_per_s=9.44
2026-10-03 03:17:11,743 INFO iter=537000 epoch=77 lr=9.25e-06 G=3.448 advA2B=0.629 advB2A=0.795 cycA=0.069 cycB=0.076 idtA=0.046 idtB=0.069 D_A=0.061 D_B=0.116 D_A(real)=0.87 D_A(fake)=0.13 gnG=68.28 gnD=18.20 it_per_s=9.44
2026-10-03 03:17:22,276 INFO iter=537100 epoch=77 lr=9.21e-06 G=3.453 advA2B=0.629 advB2A=0.796 cycA=0.069 cycB=0.076 idtA=0.046 idtB=0.069 D_A=0.061 D_B=0.117 D_A(real)=0.87 D_A(fake)=0.13 gnG=69.34 gnD=18.20 it_per_s=9.44
2026-10-03 03:17:32,873 INFO iter=537200 epoch=77 lr=9.18e-06 G=3.457 advA2B=0.632 advB2A=0.796 cycA=0.069 cycB=0.076 idtA=0.046 idtB=0.069 D_A=0.061 D_B=0.117 D_A(real)=0.87 D_A(fake)=0.13 gnG=69.54 gnD=18.19 it_per_s=9.44
2026-10-03 03:17:43,503 INFO iter=537300 epoch=77 lr=9.14e-06 G=3.454 advA2B=0.633 advB2A=0.795 cycA=0.069 cycB=0.076 idtA=0.046 idtB=0.069 D_A=0.061 D_B=0.117 D_A(real)=0.87 D_A(fake)=0.13 gnG=70.42 gnD=18.21 it_per_s=9.44
2026-10-03 03:17:54,139 INFO iter=537400 epoch=77 lr=9.11e-06 G=3.455 advA2B=0.632 advB2A=0.797 cycA=0.069 cycB=0.076 idtA=0.046 idtB=0.069 D_A=0.061 D_B=0.117 D_A(real)=0.87 D_A(fake)=0.13 gnG=70.24 gnD=18.21 it_per_s=9.44
2026-10-03 03:18:04,736 INFO iter=537500 epoch=77 lr=9.07e-06 G=3.450 advA2B=0.631 advB2A=0.797 cycA=0.069 cycB=0.076 idtA=0.046 idtB=0.069 D_A=0.061 D_B=0.116 D_A(real)=0.87 D_A(fake)=0.13 gnG=70.33 gnD=18.19 it_per_s=9.44
2026-10-03 03:18:15,373 INFO iter=537600 epoch=77 lr=9.04e-06 G=3.452 advA2B=0.629 advB2A=0.800 cycA=0.069 cycB=0.076 idtA=0.046 idtB=0.069 D_A=0.061 D_B=0.117 D_A(real)=0.87 D_A(fake)=0.13 gnG=70.57 gnD=18.21 it_per_s=9.44
2026-10-03 03:18:25,910 INFO iter=537700 epoch=77 lr=9.00e-06 G=3.451 advA2B=0.627 advB2A=0.801 cycA=0.069 cycB=0.076 idtA=0.046 idtB=0.069 D_A=0.061 D_B=0.117 D_A(real)=0.87 D_A(fake)=0.13 gnG=70.59 gnD=18.21 it_per_s=9.44
2026-10-03 03:18:36,472 INFO iter=537800 epoch=77 lr=8.97e-06 G=3.450 advA2B=0.626 advB2A=0.801 cycA=0.069 cycB=0.076 idtA=0.046 idtB=0.069 D_A=0.061 D_B=0.117 D_A(real)=0.87 D_A(fake)=0.13 gnG=70.33 gnD=18.17 it_per_s=9.44
2026-10-03 03:18:47,097 INFO iter=537900 epoch=77 lr=8.93e-06 G=3.451 advA2B=0.626 advB2A=0.802 cycA=0.069 cycB=0.076 idtA=0.046 idtB=0.069 D_A=0.061 D_B=0.117 D_A(real)=0.87 D_A(fake)=0.13 gnG=71.11 gnD=18.15 it_per_s=9.44
2026-10-03 03:18:57,734 INFO iter=538000 epoch=77 lr=8.89e-06 G=3.451 advA2B=0.626 advB2A=0.803 cycA=0.069 cycB=0.076 idtA=0.046 idtB=0.069 D_A=0.061 D_B=0.117 D_A(real)=0.87 D_A(fake)=0.13 gnG=71.12 gnD=18.19 it_per_s=9.44
2026-10-03 03:19:08,479 INFO iter=538100 epoch=77 lr=8.86e-06 G=3.451 advA2B=0.625 advB2A=0.803 cycA=0.069 cycB=0.076 idtA=0.046 idtB=0.069 D_A=0.061 D_B=0.117 D_A(real)=0.87 D_A(fake)=0.13 gnG=70.85 gnD=18.21 it_per_s=9.43
2026-10-03 03:19:18,785 INFO iter=538200 epoch=77 lr=8.82e-06 G=3.450 advA2B=0.625 advB2A=0.802 cycA=0.069 cycB=0.076 idtA=0.046 idtB=0.069 D_A=0.061 D_B=0.118 D_A(real)=0.87 D_A(fake)=0.13 gnG=70.63 gnD=18.27 it_per_s=9.44
2026-10-03 03:19:29,316 INFO iter=538300 epoch=77 lr=8.79e-06 G=3.447 advA2B=0.624 advB2A=0.802 cycA=0.069 cycB=0.076 idtA=0.046 idtB=0.069 D_A=0.061 D_B=0.117 D_A(real)=0.87 D_A(fake)=0.13 gnG=70.61 gnD=18.27 it_per_s=9.44
2026-10-03 03:19:39,907 INFO iter=538400 epoch=77 lr=8.75e-06 G=3.448 advA2B=0.625 advB2A=0.802 cycA=0.069 cycB=0.076 idtA=0.046 idtB=0.069 D_A=0.061 D_B=0.117 D_A(real)=0.87 D_A(fake)=0.13 gnG=70.36 gnD=18.28 it_per_s=9.44
2026-10-03 03:19:50,171 INFO iter=538500 epoch=77 lr=8.72e-06 G=3.449 advA2B=0.626 advB2A=0.802 cycA=0.069 cycB=0.076 idtA=0.046 idtB=0.069 D_A=0.061 D_B=0.117 D_A(real)=0.87 D_A(fake)=0.13 gnG=70.28 gnD=18.28 it_per_s=9.45
2026-10-03 03:20:00,735 INFO iter=538600 epoch=77 lr=8.68e-06 G=3.447 advA2B=0.624 advB2A=0.803 cycA=0.069 cycB=0.076 idtA=0.046 idtB=0.069 D_A=0.061 D_B=0.117 D_A(real)=0.87 D_A(fake)=0.13 gnG=70.46 gnD=18.29 it_per_s=9.45
2026-10-03 03:20:11,263 INFO iter=538700 epoch=77 lr=8.65e-06 G=3.443 advA2B=0.624 advB2A=0.802 cycA=0.069 cycB=0.075 idtA=0.046 idtB=0.069 D_A=0.061 D_B=0.118 D_A(real)=0.87 D_A(fake)=0.13 gnG=70.23 gnD=18.29 it_per_s=9.45
2026-10-03 03:20:21,455 INFO iter=538800 epoch=77 lr=8.61e-06 G=3.441 advA2B=0.622 advB2A=0.802 cycA=0.069 cycB=0.075 idtA=0.046 idtB=0.069 D_A=0.062 D_B=0.117 D_A(real)=0.87 D_A(fake)=0.13 gnG=70.26 gnD=18.28 it_per_s=9.46
2026-10-03 03:20:32,035 INFO iter=538900 epoch=77 lr=8.58e-06 G=3.441 advA2B=0.623 advB2A=0.802 cycA=0.069 cycB=0.075 idtA=0.046 idtB=0.069 D_A=0.061 D_B=0.117 D_A(real)=0.87 D_A(fake)=0.13 gnG=70.32 gnD=18.26 it_per_s=9.46
2026-10-03 03:20:42,526 INFO iter=539000 epoch=77 lr=8.54e-06 G=3.442 advA2B=0.624 advB2A=0.802 cycA=0.069 cycB=0.075 idtA=0.046 idtB=0.069 D_A=0.062 D_B=0.118 D_A(real)=0.87 D_A(fake)=0.13 gnG=70.34 gnD=18.26 it_per_s=9.46
2026-10-03 03:20:52,809 INFO iter=539100 epoch=77 lr=8.50e-06 G=3.442 advA2B=0.624 advB2A=0.801 cycA=0.069 cycB=0.075 idtA=0.046 idtB=0.069 D_A=0.061 D_B=0.117 D_A(real)=0.87 D_A(fake)=0.13 gnG=70.32 gnD=18.23 it_per_s=9.47
2026-10-03 03:21:03,417 INFO iter=539200 epoch=77 lr=8.47e-06 G=3.441 advA2B=0.624 advB2A=0.801 cycA=0.069 cycB=0.075 idtA=0.046 idtB=0.069 D_A=0.061 D_B=0.117 D_A(real)=0.87 D_A(fake)=0.13 gnG=70.54 gnD=18.22 it_per_s=9.47
2026-10-03 03:21:14,048 INFO iter=539300 epoch=77 lr=8.43e-06 G=3.442 advA2B=0.624 advB2A=0.802 cycA=0.069 cycB=0.075 idtA=0.046 idtB=0.068 D_A=0.061 D_B=0.117 D_A(real)=0.87 D_A(fake)=0.13 gnG=70.60 gnD=18.23 it_per_s=9.47
2026-10-03 03:21:24,602 INFO iter=539400 epoch=77 lr=8.40e-06 G=3.442 advA2B=0.624 advB2A=0.803 cycA=0.069 cycB=0.075 idtA=0.046 idtB=0.068 D_A=0.061 D_B=0.117 D_A(real)=0.87 D_A(fake)=0.13 gnG=70.51 gnD=18.25 it_per_s=9.47
2026-10-03 03:21:35,231 INFO iter=539500 epoch=77 lr=8.36e-06 G=3.441 advA2B=0.624 advB2A=0.802 cycA=0.069 cycB=0.075 idtA=0.046 idtB=0.068 D_A=0.061 D_B=0.118 D_A(real)=0.87 D_A(fake)=0.13 gnG=70.37 gnD=18.24 it_per_s=9.46
2026-10-03 03:21:45,825 INFO iter=539600 epoch=77 lr=8.33e-06 G=3.442 advA2B=0.623 advB2A=0.803 cycA=0.069 cycB=0.075 idtA=0.046 idtB=0.068 D_A=0.061 D_B=0.118 D_A(real)=0.87 D_A(fake)=0.13 gnG=70.42 gnD=18.23 it_per_s=9.46
2026-10-03 03:21:56,358 INFO iter=539700 epoch=77 lr=8.29e-06 G=3.442 advA2B=0.623 advB2A=0.803 cycA=0.069 cycB=0.075 idtA=0.046 idtB=0.068 D_A=0.061 D_B=0.117 D_A(real)=0.87 D_A(fake)=0.13 gnG=70.45 gnD=18.23 it_per_s=9.46
2026-10-03 03:22:06,915 INFO iter=539800 epoch=77 lr=8.26e-06 G=3.442 advA2B=0.624 advB2A=0.803 cycA=0.069 cycB=0.075 idtA=0.046 idtB=0.068 D_A=0.061 D_B=0.117 D_A(real)=0.87 D_A(fake)=0.13 gnG=70.35 gnD=18.23 it_per_s=9.47
2026-10-03 03:22:17,420 INFO iter=539900 epoch=77 lr=8.22e-06 G=3.442 advA2B=0.623 advB2A=0.802 cycA=0.069 cycB=0.075 idtA=0.046 idtB=0.069 D_A=0.062 D_B=0.117 D_A(real)=0.87 D_A(fake)=0.13 gnG=70.21 gnD=18.24 it_per_s=9.47
2026-10-03 03:22:27,873 INFO iter=540000 epoch=77 lr=8.18e-06 G=3.442 advA2B=0.624 advB2A=0.802 cycA=0.069 cycB=0.075 idtA=0.046 idtB=0.069 D_A=0.062 D_B=0.117 D_A(real)=0.87 D_A(fake)=0.13 gnG=70.10 gnD=18.24 it_per_s=9.47
2026-10-03 03:22:38,447 INFO iter=540100 epoch=77 lr=8.15e-06 G=3.442 advA2B=0.623 advB2A=0.803 cycA=0.069 cycB=0.075 idtA=0.046 idtB=0.068 D_A=0.062 D_B=0.117 D_A(real)=0.87 D_A(fake)=0.13 gnG=70.26 gnD=18.24 it_per_s=9.47
2026-10-03 03:22:48,915 INFO iter=540200 epoch=77 lr=8.11e-06 G=3.441 advA2B=0.623 advB2A=0.802 cycA=0.069 cycB=0.075 idtA=0.046 idtB=0.068 D_A=0.062 D_B=0.117 D_A(real)=0.87 D_A(fake)=0.13 gnG=70.14 gnD=18.27 it_per_s=9.47
2026-10-03 03:22:59,670 INFO iter=540300 epoch=77 lr=8.08e-06 G=3.440 advA2B=0.623 advB2A=0.802 cycA=0.069 cycB=0.075 idtA=0.046 idtB=0.069 D_A=0.062 D_B=0.117 D_A(real)=0.87 D_A(fake)=0.13 gnG=70.23 gnD=18.27 it_per_s=9.47
2026-10-03 03:23:10,317 INFO iter=540400 epoch=77 lr=8.04e-06 G=3.441 advA2B=0.623 advB2A=0.801 cycA=0.069 cycB=0.075 idtA=0.046 idtB=0.069 D_A=0.062 D_B=0.117 D_A(real)=0.87 D_A(fake)=0.13 gnG=70.12 gnD=18.27 it_per_s=9.46
2026-10-03 03:23:20,913 INFO iter=540500 epoch=77 lr=8.01e-06 G=3.441 advA2B=0.622 advB2A=0.801 cycA=0.069 cycB=0.075 idtA=0.046 idtB=0.069 D_A=0.062 D_B=0.117 D_A(real)=0.87 D_A(fake)=0.13 gnG=70.05 gnD=18.26 it_per_s=9.46
2026-10-03 03:23:31,607 INFO iter=540600 epoch=77 lr=7.97e-06 G=3.440 advA2B=0.622 advB2A=0.800 cycA=0.069 cycB=0.075 idtA=0.046 idtB=0.069 D_A=0.062 D_B=0.118 D_A(real)=0.87 D_A(fake)=0.13 gnG=70.10 gnD=18.26 it_per_s=9.46
2026-10-03 03:23:42,265 INFO iter=540700 epoch=77 lr=7.94e-06 G=3.439 advA2B=0.622 advB2A=0.800 cycA=0.069 cycB=0.075 idtA=0.046 idtB=0.069 D_A=0.062 D_B=0.117 D_A(real)=0.87 D_A(fake)=0.13 gnG=70.11 gnD=18.30 it_per_s=9.46
2026-10-03 03:23:52,650 INFO iter=540800 epoch=77 lr=7.90e-06 G=3.439 advA2B=0.622 advB2A=0.800 cycA=0.069 cycB=0.075 idtA=0.046 idtB=0.069 D_A=0.062 D_B=0.117 D_A(real)=0.87 D_A(fake)=0.13 gnG=70.08 gnD=18.29 it_per_s=9.46
2026-10-03 03:24:03,204 INFO iter=540900 epoch=77 lr=7.86e-06 G=3.439 advA2B=0.622 advB2A=0.800 cycA=0.069 cycB=0.075 idtA=0.046 idtB=0.069 D_A=0.062 D_B=0.118 D_A(real)=0.87 D_A(fake)=0.13 gnG=70.10 gnD=18.30 it_per_s=9.46
2026-10-03 03:24:13,748 INFO iter=541000 epoch=77 lr=7.83e-06 G=3.439 advA2B=0.622 advB2A=0.800 cycA=0.069 cycB=0.075 idtA=0.046 idtB=0.068 D_A=0.062 D_B=0.117 D_A(real)=0.87 D_A(fake)=0.13 gnG=70.11 gnD=18.30 it_per_s=9.46
2026-10-03 03:24:23,976 INFO iter=541100 epoch=77 lr=7.79e-06 G=3.438 advA2B=0.622 advB2A=0.800 cycA=0.069 cycB=0.075 idtA=0.046 idtB=0.068 D_A=0.062 D_B=0.117 D_A(real)=0.87 D_A(fake)=0.13 gnG=70.10 gnD=18.29 it_per_s=9.47
2026-10-03 03:24:34,514 INFO iter=541200 epoch=77 lr=7.76e-06 G=3.436 advA2B=0.621 advB2A=0.800 cycA=0.069 cycB=0.075 idtA=0.046 idtB=0.068 D_A=0.062 D_B=0.117 D_A(real)=0.87 D_A(fake)=0.13 gnG=70.01 gnD=18.29 it_per_s=9.47
2026-10-03 03:24:44,996 INFO iter=541300 epoch=77 lr=7.72e-06 G=3.435 advA2B=0.621 advB2A=0.800 cycA=0.069 cycB=0.075 idtA=0.046 idtB=0.068 D_A=0.062 D_B=0.117 D_A(real)=0.87 D_A(fake)=0.13 gnG=70.03 gnD=18.28 it_per_s=9.47
2026-10-03 03:24:55,282 INFO iter=541400 epoch=77 lr=7.69e-06 G=3.436 advA2B=0.621 advB2A=0.801 cycA=0.069 cycB=0.075 idtA=0.046 idtB=0.068 D_A=0.061 D_B=0.117 D_A(real)=0.87 D_A(fake)=0.13 gnG=70.03 gnD=18.25 it_per_s=9.47
2026-10-03 03:25:05,821 INFO iter=541500 epoch=77 lr=7.65e-06 G=3.436 advA2B=0.621 advB2A=0.800 cycA=0.069 cycB=0.075 idtA=0.046 idtB=0.068 D_A=0.061 D_B=0.117 D_A(real)=0.87 D_A(fake)=0.13 gnG=70.02 gnD=18.26 it_per_s=9.47
2026-10-03 03:25:16,298 INFO iter=541600 epoch=77 lr=7.62e-06 G=3.436 advA2B=0.621 advB2A=0.800 cycA=0.069 cycB=0.075 idtA=0.046 idtB=0.068 D_A=0.061 D_B=0.117 D_A(real)=0.87 D_A(fake)=0.13 gnG=70.05 gnD=18.26 it_per_s=9.48
2026-10-03 03:25:26,639 INFO iter=541700 epoch=77 lr=7.58e-06 G=3.434 advA2B=0.621 advB2A=0.800 cycA=0.069 cycB=0.075 idtA=0.046 idtB=0.068 D_A=0.061 D_B=0.117 D_A(real)=0.87 D_A(fake)=0.13 gnG=70.11 gnD=18.24 it_per_s=9.48
2026-10-03 03:25:37,223 INFO iter=541800 epoch=77 lr=7.55e-06 G=3.434 advA2B=0.621 advB2A=0.800 cycA=0.069 cycB=0.075 idtA=0.046 idtB=0.068 D_A=0.061 D_B=0.117 D_A(real)=0.87 D_A(fake)=0.13 gnG=70.29 gnD=18.24 it_per_s=9.48
2026-10-03 03:25:47,641 INFO iter=541900 epoch=77 lr=7.51e-06 G=3.436 advA2B=0.621 advB2A=0.801 cycA=0.069 cycB=0.075 idtA=0.046 idtB=0.068 D_A=0.061 D_B=0.117 D_A(real)=0.87 D_A(fake)=0.13 gnG=70.42 gnD=18.23 it_per_s=9.48
2026-10-03 03:25:50,276 INFO epoch=77 done time_s=742 it_per_s=9.48 G=3.436 cycA=0.069 cycB=0.075 idtA=0.046 idtB=0.068 D_A=0.061 D_B=0.117 D_A(real)=0.87 D_A(fake)=0.13 nan_count=0
2026-10-03 03:25:58,751 INFO iter=542000 epoch=78 lr=7.47e-06 G=3.380 advA2B=0.608 advB2A=0.739 cycA=0.068 cycB=0.077 idtA=0.046 idtB=0.071 D_A=0.065 D_B=0.107 D_A(real)=0.87 D_A(fake)=0.12 gnG=68.62 gnD=18.65 it_per_s=9.42
2026-10-03 03:26:09,352 INFO iter=542100 epoch=78 lr=7.44e-06 G=3.411 advA2B=0.609 advB2A=0.779 cycA=0.069 cycB=0.077 idtA=0.046 idtB=0.068 D_A=0.063 D_B=0.106 D_A(real)=0.87 D_A(fake)=0.13 gnG=67.36 gnD=18.38 it_per_s=9.43
2026-10-03 03:26:20,079 INFO iter=542200 epoch=78 lr=7.40e-06 G=3.384 advA2B=0.595 advB2A=0.796 cycA=0.068 cycB=0.075 idtA=0.045 idtB=0.067 D_A=0.063 D_B=0.115 D_A(real)=0.87 D_A(fake)=0.13 gnG=71.88 gnD=18.70 it_per_s=9.39
2026-10-03 03:26:30,721 INFO iter=542300 epoch=78 lr=7.37e-06 G=3.424 advA2B=0.611 advB2A=0.809 cycA=0.068 cycB=0.075 idtA=0.046 idtB=0.068 D_A=0.062 D_B=0.115 D_A(real)=0.88 D_A(fake)=0.13 gnG=71.11 gnD=18.53 it_per_s=9.39
2026-10-03 03:26:41,276 INFO iter=542400 epoch=78 lr=7.33e-06 G=3.444 advA2B=0.616 advB2A=0.809 cycA=0.069 cycB=0.076 idtA=0.046 idtB=0.069 D_A=0.062 D_B=0.115 D_A(real)=0.87 D_A(fake)=0.13 gnG=70.47 gnD=18.57 it_per_s=9.41
2026-10-03 03:26:51,814 INFO iter=542500 epoch=78 lr=7.30e-06 G=3.457 advA2B=0.625 advB2A=0.817 cycA=0.068 cycB=0.076 idtA=0.046 idtB=0.069 D_A=0.062 D_B=0.114 D_A(real)=0.87 D_A(fake)=0.13 gnG=74.10 gnD=18.65 it_per_s=9.42
2026-10-03 03:27:02,378 INFO iter=542600 epoch=78 lr=7.26e-06 G=3.458 advA2B=0.617 advB2A=0.822 cycA=0.069 cycB=0.076 idtA=0.046 idtB=0.069 D_A=0.061 D_B=0.115 D_A(real)=0.87 D_A(fake)=0.13 gnG=73.40 gnD=18.65 it_per_s=9.43
2026-10-03 03:27:12,943 INFO iter=542700 epoch=78 lr=7.23e-06 G=3.453 advA2B=0.619 advB2A=0.826 cycA=0.068 cycB=0.075 idtA=0.046 idtB=0.069 D_A=0.061 D_B=0.117 D_A(real)=0.87 D_A(fake)=0.12 gnG=73.67 gnD=18.76 it_per_s=9.43
2026-10-03 03:27:23,558 INFO iter=542800 epoch=78 lr=7.19e-06 G=3.440 advA2B=0.615 advB2A=0.822 cycA=0.068 cycB=0.075 idtA=0.046 idtB=0.069 D_A=0.061 D_B=0.118 D_A(real)=0.88 D_A(fake)=0.12 gnG=72.91 gnD=18.80 it_per_s=9.43
2026-10-03 03:27:34,219 INFO iter=542900 epoch=78 lr=7.15e-06 G=3.443 advA2B=0.617 advB2A=0.823 cycA=0.068 cycB=0.075 idtA=0.046 idtB=0.069 D_A=0.061 D_B=0.117 D_A(real)=0.88 D_A(fake)=0.12 gnG=72.84 gnD=18.77 it_per_s=9.43
2026-10-03 03:27:44,932 INFO iter=543000 epoch=78 lr=7.12e-06 G=3.441 advA2B=0.613 advB2A=0.819 cycA=0.069 cycB=0.075 idtA=0.046 idtB=0.069 D_A=0.060 D_B=0.117 D_A(real)=0.88 D_A(fake)=0.12 gnG=73.73 gnD=18.75 it_per_s=9.42
2026-10-03 03:27:55,669 INFO iter=543100 epoch=78 lr=7.08e-06 G=3.438 advA2B=0.612 advB2A=0.819 cycA=0.069 cycB=0.075 idtA=0.046 idtB=0.069 D_A=0.060 D_B=0.117 D_A(real)=0.88 D_A(fake)=0.12 gnG=73.21 gnD=18.65 it_per_s=9.41
2026-10-03 03:28:06,434 INFO iter=543200 epoch=78 lr=7.05e-06 G=3.439 advA2B=0.617 advB2A=0.823 cycA=0.068 cycB=0.074 idtA=0.046 idtB=0.068 D_A=0.060 D_B=0.116 D_A(real)=0.88 D_A(fake)=0.12 gnG=74.16 gnD=18.73 it_per_s=9.40
2026-10-03 03:28:17,288 INFO iter=543300 epoch=78 lr=7.01e-06 G=3.434 advA2B=0.616 advB2A=0.820 cycA=0.069 cycB=0.074 idtA=0.046 idtB=0.068 D_A=0.061 D_B=0.117 D_A(real)=0.88 D_A(fake)=0.12 gnG=73.46 gnD=18.78 it_per_s=9.39
2026-10-03 03:28:28,230 INFO iter=543400 epoch=78 lr=6.98e-06 G=3.435 advA2B=0.614 advB2A=0.820 cycA=0.068 cycB=0.075 idtA=0.046 idtB=0.068 D_A=0.061 D_B=0.116 D_A(real)=0.88 D_A(fake)=0.12 gnG=72.96 gnD=18.73 it_per_s=9.37
2026-10-03 03:28:39,123 INFO iter=543500 epoch=78 lr=6.94e-06 G=3.435 advA2B=0.613 advB2A=0.815 cycA=0.068 cycB=0.075 idtA=0.046 idtB=0.069 D_A=0.060 D_B=0.116 D_A(real)=0.88 D_A(fake)=0.12 gnG=72.37 gnD=18.65 it_per_s=9.36
2026-10-03 03:28:49,795 INFO iter=543600 epoch=78 lr=6.91e-06 G=3.431 advA2B=0.613 advB2A=0.815 cycA=0.069 cycB=0.075 idtA=0.046 idtB=0.069 D_A=0.060 D_B=0.117 D_A(real)=0.88 D_A(fake)=0.12 gnG=72.50 gnD=18.60 it_per_s=9.36
2026-10-03 03:29:00,609 INFO iter=543700 epoch=78 lr=6.87e-06 G=3.429 advA2B=0.610 advB2A=0.813 cycA=0.069 cycB=0.075 idtA=0.046 idtB=0.068 D_A=0.061 D_B=0.117 D_A(real)=0.88 D_A(fake)=0.12 gnG=72.33 gnD=18.67 it_per_s=9.35
2026-10-03 03:29:11,345 INFO iter=543800 epoch=78 lr=6.83e-06 G=3.436 advA2B=0.613 advB2A=0.810 cycA=0.069 cycB=0.075 idtA=0.046 idtB=0.069 D_A=0.061 D_B=0.117 D_A(real)=0.88 D_A(fake)=0.12 gnG=72.29 gnD=18.66 it_per_s=9.35
2026-10-03 03:29:22,364 INFO iter=543900 epoch=78 lr=6.80e-06 G=3.435 advA2B=0.614 advB2A=0.812 cycA=0.069 cycB=0.075 idtA=0.046 idtB=0.069 D_A=0.061 D_B=0.116 D_A(real)=0.88 D_A(fake)=0.12 gnG=74.15 gnD=18.61 it_per_s=9.33
2026-10-03 03:29:33,229 INFO iter=544000 epoch=78 lr=6.76e-06 G=3.437 advA2B=0.612 advB2A=0.810 cycA=0.069 cycB=0.075 idtA=0.046 idtB=0.069 D_A=0.061 D_B=0.117 D_A(real)=0.88 D_A(fake)=0.12 gnG=73.65 gnD=18.59 it_per_s=9.33
2026-10-03 03:29:43,861 INFO iter=544100 epoch=78 lr=6.73e-06 G=3.444 advA2B=0.615 advB2A=0.812 cycA=0.069 cycB=0.075 idtA=0.046 idtB=0.069 D_A=0.061 D_B=0.116 D_A(real)=0.88 D_A(fake)=0.12 gnG=73.79 gnD=18.55 it_per_s=9.33
2026-10-03 03:29:54,392 INFO iter=544200 epoch=78 lr=6.69e-06 G=3.441 advA2B=0.613 advB2A=0.811 cycA=0.069 cycB=0.075 idtA=0.046 idtB=0.069 D_A=0.061 D_B=0.116 D_A(real)=0.88 D_A(fake)=0.12 gnG=73.12 gnD=18.58 it_per_s=9.34
2026-10-03 03:30:05,110 INFO iter=544300 epoch=78 lr=6.66e-06 G=3.443 advA2B=0.612 advB2A=0.811 cycA=0.069 cycB=0.076 idtA=0.046 idtB=0.069 D_A=0.061 D_B=0.117 D_A(real)=0.88 D_A(fake)=0.12 gnG=73.45 gnD=18.61 it_per_s=9.34
2026-10-03 03:30:15,689 INFO iter=544400 epoch=78 lr=6.62e-06 G=3.440 advA2B=0.613 advB2A=0.810 cycA=0.069 cycB=0.075 idtA=0.046 idtB=0.069 D_A=0.061 D_B=0.117 D_A(real)=0.88 D_A(fake)=0.12 gnG=73.49 gnD=18.58 it_per_s=9.34
2026-10-03 03:30:26,239 INFO iter=544500 epoch=78 lr=6.59e-06 G=3.445 advA2B=0.614 advB2A=0.808 cycA=0.069 cycB=0.076 idtA=0.046 idtB=0.069 D_A=0.060 D_B=0.117 D_A(real)=0.88 D_A(fake)=0.12 gnG=73.18 gnD=18.57 it_per_s=9.35
2026-10-03 03:30:36,790 INFO iter=544600 epoch=78 lr=6.55e-06 G=3.446 advA2B=0.615 advB2A=0.809 cycA=0.069 cycB=0.076 idtA=0.046 idtB=0.070 D_A=0.060 D_B=0.117 D_A(real)=0.88 D_A(fake)=0.12 gnG=72.95 gnD=18.52 it_per_s=9.35
2026-10-03 03:30:47,337 INFO iter=544700 epoch=78 lr=6.51e-06 G=3.445 advA2B=0.614 advB2A=0.809 cycA=0.069 cycB=0.076 idtA=0.046 idtB=0.069 D_A=0.060 D_B=0.117 D_A(real)=0.88 D_A(fake)=0.12 gnG=73.23 gnD=18.50 it_per_s=9.36
2026-10-03 03:30:57,906 INFO iter=544800 epoch=78 lr=6.48e-06 G=3.447 advA2B=0.615 advB2A=0.808 cycA=0.069 cycB=0.076 idtA=0.046 idtB=0.070 D_A=0.060 D_B=0.116 D_A(real)=0.88 D_A(fake)=0.12 gnG=73.28 gnD=18.51 it_per_s=9.36
2026-10-03 03:31:08,453 INFO iter=544900 epoch=78 lr=6.44e-06 G=3.445 advA2B=0.614 advB2A=0.809 cycA=0.069 cycB=0.076 idtA=0.046 idtB=0.069 D_A=0.060 D_B=0.116 D_A(real)=0.88 D_A(fake)=0.12 gnG=73.31 gnD=18.50 it_per_s=9.37
2026-10-03 03:31:19,036 INFO iter=545000 epoch=78 lr=6.41e-06 G=3.445 advA2B=0.615 advB2A=0.809 cycA=0.069 cycB=0.076 idtA=0.046 idtB=0.069 D_A=0.060 D_B=0.116 D_A(real)=0.88 D_A(fake)=0.12 gnG=73.33 gnD=18.50 it_per_s=9.37
2026-10-03 03:31:29,631 INFO iter=545100 epoch=78 lr=6.37e-06 G=3.445 advA2B=0.616 advB2A=0.808 cycA=0.069 cycB=0.076 idtA=0.046 idtB=0.069 D_A=0.060 D_B=0.116 D_A(real)=0.88 D_A(fake)=0.12 gnG=73.45 gnD=18.46 it_per_s=9.37
2026-10-03 03:31:40,176 INFO iter=545200 epoch=78 lr=6.34e-06 G=3.442 advA2B=0.616 advB2A=0.807 cycA=0.069 cycB=0.075 idtA=0.046 idtB=0.069 D_A=0.060 D_B=0.116 D_A(real)=0.88 D_A(fake)=0.12 gnG=73.41 gnD=18.46 it_per_s=9.37
2026-10-03 03:31:50,690 INFO iter=545300 epoch=78 lr=6.30e-06 G=3.442 advA2B=0.615 advB2A=0.808 cycA=0.069 cycB=0.075 idtA=0.046 idtB=0.069 D_A=0.060 D_B=0.116 D_A(real)=0.88 D_A(fake)=0.12 gnG=73.65 gnD=18.47 it_per_s=9.38
2026-10-03 03:32:01,099 INFO iter=545400 epoch=78 lr=6.27e-06 G=3.441 advA2B=0.615 advB2A=0.806 cycA=0.069 cycB=0.075 idtA=0.046 idtB=0.069 D_A=0.060 D_B=0.116 D_A(real)=0.88 D_A(fake)=0.12 gnG=73.76 gnD=18.47 it_per_s=9.38
2026-10-03 03:32:11,662 INFO iter=545500 epoch=78 lr=6.23e-06 G=3.443 advA2B=0.614 advB2A=0.807 cycA=0.069 cycB=0.076 idtA=0.046 idtB=0.069 D_A=0.061 D_B=0.116 D_A(real)=0.88 D_A(fake)=0.12 gnG=73.89 gnD=18.48 it_per_s=9.39
2026-10-03 03:32:21,973 INFO iter=545600 epoch=78 lr=6.20e-06 G=3.442 advA2B=0.614 advB2A=0.806 cycA=0.069 cycB=0.075 idtA=0.046 idtB=0.069 D_A=0.060 D_B=0.116 D_A(real)=0.88 D_A(fake)=0.12 gnG=73.86 gnD=18.45 it_per_s=9.39
2026-10-03 03:32:32,430 INFO iter=545700 epoch=78 lr=6.16e-06 G=3.446 advA2B=0.614 advB2A=0.808 cycA=0.069 cycB=0.076 idtA=0.046 idtB=0.069 D_A=0.060 D_B=0.116 D_A(real)=0.88 D_A(fake)=0.12 gnG=74.26 gnD=18.45 it_per_s=9.40
2026-10-03 03:32:43,361 INFO iter=545800 epoch=78 lr=6.12e-06 G=3.447 advA2B=0.615 advB2A=0.808 cycA=0.069 cycB=0.076 idtA=0.046 idtB=0.069 D_A=0.060 D_B=0.116 D_A(real)=0.88 D_A(fake)=0.12 gnG=74.21 gnD=18.42 it_per_s=9.39
2026-10-03 03:32:54,456 INFO iter=545900 epoch=78 lr=6.09e-06 G=3.446 advA2B=0.615 advB2A=0.808 cycA=0.069 cycB=0.076 idtA=0.046 idtB=0.069 D_A=0.060 D_B=0.116 D_A(real)=0.88 D_A(fake)=0.12 gnG=74.20 gnD=18.42 it_per_s=9.38
2026-10-03 03:33:05,086 INFO iter=546000 epoch=78 lr=6.05e-06 G=3.444 advA2B=0.614 advB2A=0.807 cycA=0.069 cycB=0.076 idtA=0.046 idtB=0.069 D_A=0.060 D_B=0.116 D_A(real)=0.88 D_A(fake)=0.12 gnG=74.41 gnD=18.45 it_per_s=9.38
2026-10-03 03:33:15,676 INFO iter=546100 epoch=78 lr=6.02e-06 G=3.448 advA2B=0.615 advB2A=0.810 cycA=0.069 cycB=0.076 idtA=0.046 idtB=0.069 D_A=0.060 D_B=0.116 D_A(real)=0.88 D_A(fake)=0.12 gnG=74.36 gnD=18.45 it_per_s=9.38
2026-10-03 03:33:25,910 INFO iter=546200 epoch=78 lr=5.98e-06 G=3.444 advA2B=0.614 advB2A=0.809 cycA=0.069 cycB=0.076 idtA=0.046 idtB=0.069 D_A=0.060 D_B=0.116 D_A(real)=0.88 D_A(fake)=0.12 gnG=74.33 gnD=18.47 it_per_s=9.39
2026-10-03 03:33:36,574 INFO iter=546300 epoch=78 lr=5.95e-06 G=3.443 advA2B=0.614 advB2A=0.806 cycA=0.069 cycB=0.076 idtA=0.046 idtB=0.069 D_A=0.060 D_B=0.116 D_A(real)=0.88 D_A(fake)=0.12 gnG=74.16 gnD=18.44 it_per_s=9.39
2026-10-03 03:33:47,157 INFO iter=546400 epoch=78 lr=5.91e-06 G=3.441 advA2B=0.614 advB2A=0.806 cycA=0.069 cycB=0.076 idtA=0.046 idtB=0.069 D_A=0.060 D_B=0.116 D_A(real)=0.88 D_A(fake)=0.12 gnG=74.23 gnD=18.43 it_per_s=9.39
2026-10-03 03:33:57,438 INFO iter=546500 epoch=78 lr=5.88e-06 G=3.441 advA2B=0.613 advB2A=0.806 cycA=0.069 cycB=0.076 idtA=0.046 idtB=0.069 D_A=0.060 D_B=0.116 D_A(real)=0.88 D_A(fake)=0.12 gnG=74.39 gnD=18.40 it_per_s=9.40
2026-10-03 03:34:08,063 INFO iter=546600 epoch=78 lr=5.84e-06 G=3.443 advA2B=0.614 advB2A=0.807 cycA=0.069 cycB=0.076 idtA=0.046 idtB=0.069 D_A=0.060 D_B=0.116 D_A(real)=0.88 D_A(fake)=0.12 gnG=74.31 gnD=18.38 it_per_s=9.40
2026-10-03 03:34:18,585 INFO iter=546700 epoch=78 lr=5.80e-06 G=3.441 advA2B=0.614 advB2A=0.807 cycA=0.069 cycB=0.076 idtA=0.046 idtB=0.069 D_A=0.060 D_B=0.116 D_A(real)=0.88 D_A(fake)=0.12 gnG=74.29 gnD=18.37 it_per_s=9.40
2026-10-03 03:34:28,812 INFO iter=546800 epoch=78 lr=5.77e-06 G=3.440 advA2B=0.613 advB2A=0.807 cycA=0.069 cycB=0.076 idtA=0.046 idtB=0.069 D_A=0.060 D_B=0.116 D_A(real)=0.88 D_A(fake)=0.12 gnG=74.39 gnD=18.36 it_per_s=9.41
2026-10-03 03:34:39,430 INFO iter=546900 epoch=78 lr=5.73e-06 G=3.440 advA2B=0.614 advB2A=0.808 cycA=0.069 cycB=0.075 idtA=0.046 idtB=0.069 D_A=0.060 D_B=0.116 D_A(real)=0.88 D_A(fake)=0.12 gnG=74.59 gnD=18.37 it_per_s=9.41
2026-10-03 03:34:49,811 INFO iter=547000 epoch=78 lr=5.70e-06 G=3.440 advA2B=0.614 advB2A=0.807 cycA=0.069 cycB=0.076 idtA=0.046 idtB=0.069 D_A=0.060 D_B=0.116 D_A(real)=0.88 D_A(fake)=0.12 gnG=74.53 gnD=18.36 it_per_s=9.42
2026-10-03 03:35:00,196 INFO iter=547100 epoch=78 lr=5.66e-06 G=3.441 advA2B=0.614 advB2A=0.808 cycA=0.069 cycB=0.076 idtA=0.046 idtB=0.069 D_A=0.060 D_B=0.116 D_A(real)=0.88 D_A(fake)=0.12 gnG=74.58 gnD=18.36 it_per_s=9.42
2026-10-03 03:35:10,747 INFO iter=547200 epoch=78 lr=5.63e-06 G=3.440 advA2B=0.614 advB2A=0.808 cycA=0.069 cycB=0.075 idtA=0.046 idtB=0.069 D_A=0.060 D_B=0.116 D_A(real)=0.88 D_A(fake)=0.12 gnG=74.68 gnD=18.36 it_per_s=9.42
2026-10-03 03:35:21,132 INFO iter=547300 epoch=78 lr=5.59e-06 G=3.439 advA2B=0.614 advB2A=0.808 cycA=0.069 cycB=0.075 idtA=0.046 idtB=0.069 D_A=0.060 D_B=0.116 D_A(real)=0.88 D_A(fake)=0.12 gnG=74.65 gnD=18.37 it_per_s=9.42
2026-10-03 03:35:31,465 INFO iter=547400 epoch=78 lr=5.56e-06 G=3.441 advA2B=0.614 advB2A=0.809 cycA=0.069 cycB=0.075 idtA=0.046 idtB=0.069 D_A=0.060 D_B=0.116 D_A(real)=0.88 D_A(fake)=0.12 gnG=74.63 gnD=18.36 it_per_s=9.43
2026-10-03 03:35:42,012 INFO iter=547500 epoch=78 lr=5.52e-06 G=3.439 advA2B=0.613 advB2A=0.809 cycA=0.069 cycB=0.075 idtA=0.046 idtB=0.069 D_A=0.060 D_B=0.116 D_A(real)=0.87 D_A(fake)=0.12 gnG=74.72 gnD=18.37 it_per_s=9.43
2026-10-03 03:35:52,342 INFO iter=547600 epoch=78 lr=5.48e-06 G=3.439 advA2B=0.613 advB2A=0.808 cycA=0.069 cycB=0.075 idtA=0.046 idtB=0.069 D_A=0.060 D_B=0.116 D_A(real)=0.87 D_A(fake)=0.12 gnG=74.70 gnD=18.40 it_per_s=9.43
2026-10-03 03:36:02,713 INFO iter=547700 epoch=78 lr=5.45e-06 G=3.437 advA2B=0.614 advB2A=0.808 cycA=0.069 cycB=0.075 idtA=0.046 idtB=0.069 D_A=0.060 D_B=0.116 D_A(real)=0.88 D_A(fake)=0.12 gnG=74.88 gnD=18.40 it_per_s=9.44
2026-10-03 03:36:13,310 INFO iter=547800 epoch=78 lr=5.41e-06 G=3.438 advA2B=0.614 advB2A=0.808 cycA=0.069 cycB=0.075 idtA=0.046 idtB=0.069 D_A=0.060 D_B=0.116 D_A(real)=0.87 D_A(fake)=0.12 gnG=74.89 gnD=18.39 it_per_s=9.44
2026-10-03 03:36:23,864 INFO iter=547900 epoch=78 lr=5.38e-06 G=3.438 advA2B=0.614 advB2A=0.807 cycA=0.069 cycB=0.075 idtA=0.046 idtB=0.069 D_A=0.061 D_B=0.116 D_A(real)=0.87 D_A(fake)=0.13 gnG=74.94 gnD=18.40 it_per_s=9.44
2026-10-03 03:36:34,494 INFO iter=548000 epoch=78 lr=5.34e-06 G=3.437 advA2B=0.614 advB2A=0.807 cycA=0.069 cycB=0.075 idtA=0.046 idtB=0.069 D_A=0.061 D_B=0.116 D_A(real)=0.87 D_A(fake)=0.13 gnG=74.98 gnD=18.42 it_per_s=9.44
2026-10-03 03:36:45,069 INFO iter=548100 epoch=78 lr=5.31e-06 G=3.437 advA2B=0.615 advB2A=0.807 cycA=0.069 cycB=0.075 idtA=0.046 idtB=0.069 D_A=0.061 D_B=0.117 D_A(real)=0.87 D_A(fake)=0.13 gnG=75.19 gnD=18.42 it_per_s=9.44
2026-10-03 03:36:55,635 INFO iter=548200 epoch=78 lr=5.27e-06 G=3.437 advA2B=0.614 advB2A=0.807 cycA=0.069 cycB=0.075 idtA=0.046 idtB=0.068 D_A=0.061 D_B=0.116 D_A(real)=0.87 D_A(fake)=0.13 gnG=75.16 gnD=18.42 it_per_s=9.44
2026-10-03 03:37:06,245 INFO iter=548300 epoch=78 lr=5.24e-06 G=3.437 advA2B=0.614 advB2A=0.807 cycA=0.069 cycB=0.075 idtA=0.046 idtB=0.068 D_A=0.061 D_B=0.117 D_A(real)=0.87 D_A(fake)=0.13 gnG=75.13 gnD=18.43 it_per_s=9.44
2026-10-03 03:37:16,810 INFO iter=548400 epoch=78 lr=5.20e-06 G=3.436 advA2B=0.613 advB2A=0.807 cycA=0.069 cycB=0.075 idtA=0.046 idtB=0.068 D_A=0.061 D_B=0.117 D_A(real)=0.87 D_A(fake)=0.13 gnG=75.02 gnD=18.44 it_per_s=9.44
2026-10-03 03:37:27,403 INFO iter=548500 epoch=78 lr=5.17e-06 G=3.434 advA2B=0.613 advB2A=0.806 cycA=0.069 cycB=0.075 idtA=0.046 idtB=0.068 D_A=0.061 D_B=0.117 D_A(real)=0.87 D_A(fake)=0.13 gnG=75.00 gnD=18.44 it_per_s=9.44
2026-10-03 03:37:38,028 INFO iter=548600 epoch=78 lr=5.13e-06 G=3.433 advA2B=0.613 advB2A=0.806 cycA=0.069 cycB=0.075 idtA=0.046 idtB=0.068 D_A=0.061 D_B=0.117 D_A(real)=0.87 D_A(fake)=0.13 gnG=75.04 gnD=18.44 it_per_s=9.44
2026-10-03 03:37:48,631 INFO iter=548700 epoch=78 lr=5.09e-06 G=3.433 advA2B=0.613 advB2A=0.806 cycA=0.069 cycB=0.075 idtA=0.046 idtB=0.068 D_A=0.061 D_B=0.117 D_A(real)=0.87 D_A(fake)=0.13 gnG=75.17 gnD=18.46 it_per_s=9.44
2026-10-03 03:37:58,977 INFO iter=548800 epoch=78 lr=5.06e-06 G=3.433 advA2B=0.613 advB2A=0.806 cycA=0.069 cycB=0.075 idtA=0.046 idtB=0.068 D_A=0.061 D_B=0.116 D_A(real)=0.87 D_A(fake)=0.13 gnG=75.05 gnD=18.43 it_per_s=9.44
2026-10-03 03:38:09,558 INFO iter=548900 epoch=78 lr=5.02e-06 G=3.432 advA2B=0.613 advB2A=0.806 cycA=0.069 cycB=0.075 idtA=0.046 idtB=0.068 D_A=0.061 D_B=0.117 D_A(real)=0.87 D_A(fake)=0.13 gnG=75.15 gnD=18.44 it_per_s=9.44
2026-10-03 03:38:16,339 INFO epoch=78 done time_s=745 it_per_s=9.44 G=3.432 cycA=0.069 cycB=0.075 idtA=0.046 idtB=0.068 D_A=0.061 D_B=0.117 D_A(real)=0.87 D_A(fake)=0.13 nan_count=0
2026-10-03 03:38:20,817 INFO iter=549000 epoch=79 lr=4.99e-06 G=3.449 advA2B=0.639 advB2A=0.751 cycA=0.067 cycB=0.078 idtA=0.046 idtB=0.075 D_A=0.071 D_B=0.109 D_A(real)=0.85 D_A(fake)=0.12 gnG=56.08 gnD=18.13 it_per_s=9.40
2026-10-03 03:38:31,403 INFO iter=549100 epoch=79 lr=4.95e-06 G=3.382 advA2B=0.624 advB2A=0.804 cycA=0.066 cycB=0.074 idtA=0.044 idtB=0.066 D_A=0.064 D_B=0.123 D_A(real)=0.86 D_A(fake)=0.13 gnG=68.59 gnD=18.66 it_per_s=9.43
2026-10-03 03:38:42,049 INFO iter=549200 epoch=79 lr=4.92e-06 G=3.398 advA2B=0.598 advB2A=0.799 cycA=0.067 cycB=0.076 idtA=0.045 idtB=0.068 D_A=0.063 D_B=0.125 D_A(real)=0.87 D_A(fake)=0.13 gnG=71.01 gnD=18.87 it_per_s=9.42
2026-10-03 03:38:52,849 INFO iter=549300 epoch=79 lr=4.88e-06 G=3.415 advA2B=0.606 advB2A=0.787 cycA=0.068 cycB=0.077 idtA=0.045 idtB=0.070 D_A=0.065 D_B=0.123 D_A(real)=0.87 D_A(fake)=0.14 gnG=72.92 gnD=18.93 it_per_s=9.37
2026-10-03 03:39:03,512 INFO iter=549400 epoch=79 lr=4.85e-06 G=3.437 advA2B=0.611 advB2A=0.801 cycA=0.069 cycB=0.076 idtA=0.046 idtB=0.069 D_A=0.064 D_B=0.120 D_A(real)=0.86 D_A(fake)=0.13 gnG=73.09 gnD=18.62 it_per_s=9.37
2026-10-03 03:39:14,165 INFO iter=549500 epoch=79 lr=4.81e-06 G=3.463 advA2B=0.614 advB2A=0.810 cycA=0.069 cycB=0.076 idtA=0.047 idtB=0.070 D_A=0.066 D_B=0.118 D_A(real)=0.86 D_A(fake)=0.14 gnG=74.22 gnD=18.65 it_per_s=9.37
2026-10-03 03:39:24,653 INFO iter=549600 epoch=79 lr=4.77e-06 G=3.457 advA2B=0.614 advB2A=0.810 cycA=0.069 cycB=0.076 idtA=0.046 idtB=0.070 D_A=0.065 D_B=0.117 D_A(real)=0.86 D_A(fake)=0.14 gnG=74.74 gnD=18.49 it_per_s=9.40
2026-10-03 03:39:35,237 INFO iter=549700 epoch=79 lr=4.74e-06 G=3.456 advA2B=0.612 advB2A=0.807 cycA=0.069 cycB=0.076 idtA=0.047 idtB=0.070 D_A=0.064 D_B=0.116 D_A(real)=0.86 D_A(fake)=0.13 gnG=74.50 gnD=18.29 it_per_s=9.41
2026-10-03 03:39:45,749 INFO iter=549800 epoch=79 lr=4.70e-06 G=3.456 advA2B=0.615 advB2A=0.803 cycA=0.069 cycB=0.076 idtA=0.047 idtB=0.069 D_A=0.063 D_B=0.116 D_A(real)=0.87 D_A(fake)=0.13 gnG=75.44 gnD=18.22 it_per_s=9.42
2026-10-03 03:39:56,356 INFO iter=549900 epoch=79 lr=4.67e-06 G=3.449 advA2B=0.615 advB2A=0.797 cycA=0.069 cycB=0.076 idtA=0.047 idtB=0.069 D_A=0.062 D_B=0.116 D_A(real)=0.87 D_A(fake)=0.13 gnG=73.89 gnD=18.21 it_per_s=9.42
2026-10-03 03:40:06,923 INFO iter=550000 epoch=79 lr=4.63e-06 G=3.442 advA2B=0.615 advB2A=0.797 cycA=0.069 cycB=0.076 idtA=0.047 idtB=0.069 D_A=0.062 D_B=0.116 D_A(real)=0.87 D_A(fake)=0.13 gnG=73.88 gnD=18.28 it_per_s=9.42
2026-10-03 03:40:17,531 INFO iter=550100 epoch=79 lr=4.60e-06 G=3.429 advA2B=0.610 advB2A=0.794 cycA=0.069 cycB=0.076 idtA=0.047 idtB=0.069 D_A=0.062 D_B=0.116 D_A(real)=0.87 D_A(fake)=0.13 gnG=74.25 gnD=18.32 it_per_s=9.42
2026-10-03 03:40:28,087 INFO iter=550200 epoch=79 lr=4.56e-06 G=3.428 advA2B=0.609 advB2A=0.793 cycA=0.069 cycB=0.076 idtA=0.046 idtB=0.069 D_A=0.062 D_B=0.116 D_A(real)=0.87 D_A(fake)=0.13 gnG=73.62 gnD=18.37 it_per_s=9.43
2026-10-03 03:40:38,680 INFO iter=550300 epoch=79 lr=4.53e-06 G=3.433 advA2B=0.612 advB2A=0.795 cycA=0.069 cycB=0.076 idtA=0.047 idtB=0.069 D_A=0.061 D_B=0.116 D_A(real)=0.87 D_A(fake)=0.13 gnG=73.16 gnD=18.34 it_per_s=9.43
2026-10-03 03:40:49,212 INFO iter=550400 epoch=79 lr=4.49e-06 G=3.427 advA2B=0.610 advB2A=0.795 cycA=0.069 cycB=0.075 idtA=0.047 idtB=0.068 D_A=0.061 D_B=0.115 D_A(real)=0.87 D_A(fake)=0.13 gnG=73.03 gnD=18.26 it_per_s=9.43
2026-10-03 03:40:59,803 INFO iter=550500 epoch=79 lr=4.45e-06 G=3.427 advA2B=0.609 advB2A=0.798 cycA=0.069 cycB=0.075 idtA=0.047 idtB=0.068 D_A=0.061 D_B=0.116 D_A(real)=0.87 D_A(fake)=0.13 gnG=72.68 gnD=18.37 it_per_s=9.43
2026-10-03 03:41:10,364 INFO iter=550600 epoch=79 lr=4.42e-06 G=3.432 advA2B=0.610 advB2A=0.802 cycA=0.069 cycB=0.075 idtA=0.047 idtB=0.068 D_A=0.061 D_B=0.115 D_A(real)=0.87 D_A(fake)=0.13 gnG=73.18 gnD=18.38 it_per_s=9.44
2026-10-03 03:41:20,906 INFO iter=550700 epoch=79 lr=4.38e-06 G=3.426 advA2B=0.608 advB2A=0.801 cycA=0.069 cycB=0.075 idtA=0.046 idtB=0.068 D_A=0.060 D_B=0.116 D_A(real)=0.87 D_A(fake)=0.13 gnG=72.69 gnD=18.39 it_per_s=9.44
2026-10-03 03:41:31,393 INFO iter=550800 epoch=79 lr=4.35e-06 G=3.423 advA2B=0.608 advB2A=0.801 cycA=0.069 cycB=0.075 idtA=0.046 idtB=0.068 D_A=0.061 D_B=0.116 D_A(real)=0.87 D_A(fake)=0.13 gnG=72.85 gnD=18.43 it_per_s=9.44
2026-10-03 03:41:41,975 INFO iter=550900 epoch=79 lr=4.31e-06 G=3.420 advA2B=0.606 advB2A=0.801 cycA=0.069 cycB=0.075 idtA=0.046 idtB=0.068 D_A=0.061 D_B=0.116 D_A(real)=0.87 D_A(fake)=0.13 gnG=72.52 gnD=18.50 it_per_s=9.44
2026-10-03 03:41:52,445 INFO iter=551000 epoch=79 lr=4.28e-06 G=3.422 advA2B=0.607 advB2A=0.801 cycA=0.069 cycB=0.075 idtA=0.047 idtB=0.068 D_A=0.061 D_B=0.116 D_A(real)=0.87 D_A(fake)=0.13 gnG=72.84 gnD=18.49 it_per_s=9.45
2026-10-03 03:42:02,766 INFO iter=551100 epoch=79 lr=4.24e-06 G=3.422 advA2B=0.606 advB2A=0.799 cycA=0.069 cycB=0.075 idtA=0.047 idtB=0.068 D_A=0.061 D_B=0.116 D_A(real)=0.87 D_A(fake)=0.13 gnG=72.98 gnD=18.53 it_per_s=9.46
2026-10-03 03:42:13,333 INFO iter=551200 epoch=79 lr=4.21e-06 G=3.424 advA2B=0.611 advB2A=0.798 cycA=0.069 cycB=0.075 idtA=0.047 idtB=0.068 D_A=0.061 D_B=0.116 D_A(real)=0.87 D_A(fake)=0.13 gnG=73.66 gnD=18.54 it_per_s=9.46
2026-10-03 03:42:23,930 INFO iter=551300 epoch=79 lr=4.17e-06 G=3.424 advA2B=0.612 advB2A=0.799 cycA=0.069 cycB=0.075 idtA=0.047 idtB=0.068 D_A=0.061 D_B=0.116 D_A(real)=0.87 D_A(fake)=0.13 gnG=74.28 gnD=18.51 it_per_s=9.46
2026-10-03 03:42:34,304 INFO iter=551400 epoch=79 lr=4.14e-06 G=3.429 advA2B=0.613 advB2A=0.799 cycA=0.069 cycB=0.075 idtA=0.047 idtB=0.068 D_A=0.061 D_B=0.116 D_A(real)=0.87 D_A(fake)=0.13 gnG=74.40 gnD=18.53 it_per_s=9.47
2026-10-03 03:42:44,894 INFO iter=551500 epoch=79 lr=4.10e-06 G=3.426 advA2B=0.612 advB2A=0.798 cycA=0.069 cycB=0.075 idtA=0.047 idtB=0.068 D_A=0.061 D_B=0.116 D_A(real)=0.87 D_A(fake)=0.13 gnG=74.17 gnD=18.55 it_per_s=9.47
2026-10-03 03:42:55,205 INFO iter=551600 epoch=79 lr=4.06e-06 G=3.426 advA2B=0.613 advB2A=0.797 cycA=0.069 cycB=0.075 idtA=0.046 idtB=0.068 D_A=0.061 D_B=0.116 D_A(real)=0.87 D_A(fake)=0.13 gnG=74.44 gnD=18.56 it_per_s=9.47
2026-10-03 03:43:05,679 INFO iter=551700 epoch=79 lr=4.03e-06 G=3.427 advA2B=0.614 advB2A=0.799 cycA=0.069 cycB=0.075 idtA=0.046 idtB=0.068 D_A=0.061 D_B=0.116 D_A(real)=0.87 D_A(fake)=0.13 gnG=74.74 gnD=18.56 it_per_s=9.48
2026-10-03 03:43:16,292 INFO iter=551800 epoch=79 lr=3.99e-06 G=3.429 advA2B=0.615 advB2A=0.799 cycA=0.069 cycB=0.075 idtA=0.047 idtB=0.068 D_A=0.061 D_B=0.115 D_A(real)=0.87 D_A(fake)=0.13 gnG=74.76 gnD=18.53 it_per_s=9.48
2026-10-03 03:43:26,844 INFO iter=551900 epoch=79 lr=3.96e-06 G=3.430 advA2B=0.617 advB2A=0.797 cycA=0.069 cycB=0.075 idtA=0.047 idtB=0.068 D_A=0.061 D_B=0.115 D_A(real)=0.87 D_A(fake)=0.13 gnG=74.50 gnD=18.49 it_per_s=9.48
2026-10-03 03:43:37,295 INFO iter=552000 epoch=79 lr=3.92e-06 G=3.432 advA2B=0.616 advB2A=0.797 cycA=0.069 cycB=0.075 idtA=0.047 idtB=0.068 D_A=0.061 D_B=0.116 D_A(real)=0.87 D_A(fake)=0.13 gnG=74.66 gnD=18.50 it_per_s=9.48
2026-10-03 03:43:47,905 INFO iter=552100 epoch=79 lr=3.89e-06 G=3.429 advA2B=0.617 advB2A=0.796 cycA=0.069 cycB=0.075 idtA=0.046 idtB=0.068 D_A=0.061 D_B=0.116 D_A(real)=0.87 D_A(fake)=0.13 gnG=74.74 gnD=18.52 it_per_s=9.48
2026-10-03 03:43:58,123 INFO iter=552200 epoch=79 lr=3.85e-06 G=3.432 advA2B=0.617 advB2A=0.797 cycA=0.069 cycB=0.075 idtA=0.046 idtB=0.068 D_A=0.061 D_B=0.116 D_A(real)=0.87 D_A(fake)=0.13 gnG=74.79 gnD=18.50 it_per_s=9.49
2026-10-03 03:44:08,820 INFO iter=552300 epoch=79 lr=3.82e-06 G=3.436 advA2B=0.619 advB2A=0.798 cycA=0.069 cycB=0.075 idtA=0.047 idtB=0.068 D_A=0.061 D_B=0.116 D_A(real)=0.87 D_A(fake)=0.13 gnG=75.28 gnD=18.50 it_per_s=9.48
2026-10-03 03:44:19,381 INFO iter=552400 epoch=79 lr=3.78e-06 G=3.438 advA2B=0.619 advB2A=0.798 cycA=0.069 cycB=0.075 idtA=0.047 idtB=0.068 D_A=0.061 D_B=0.115 D_A(real)=0.87 D_A(fake)=0.13 gnG=75.25 gnD=18.48 it_per_s=9.48
2026-10-03 03:44:29,571 INFO iter=552500 epoch=79 lr=3.74e-06 G=3.440 advA2B=0.619 advB2A=0.801 cycA=0.069 cycB=0.075 idtA=0.047 idtB=0.068 D_A=0.061 D_B=0.115 D_A(real)=0.87 D_A(fake)=0.13 gnG=75.15 gnD=18.46 it_per_s=9.49
2026-10-03 03:44:40,089 INFO iter=552600 epoch=79 lr=3.71e-06 G=3.441 advA2B=0.619 advB2A=0.801 cycA=0.069 cycB=0.075 idtA=0.047 idtB=0.068 D_A=0.061 D_B=0.115 D_A(real)=0.87 D_A(fake)=0.13 gnG=75.01 gnD=18.48 it_per_s=9.49
2026-10-03 03:44:50,666 INFO iter=552700 epoch=79 lr=3.67e-06 G=3.440 advA2B=0.619 advB2A=0.801 cycA=0.069 cycB=0.075 idtA=0.047 idtB=0.068 D_A=0.061 D_B=0.115 D_A(real)=0.87 D_A(fake)=0.13 gnG=75.10 gnD=18.48 it_per_s=9.49
2026-10-03 03:45:00,816 INFO iter=552800 epoch=79 lr=3.64e-06 G=3.441 advA2B=0.619 advB2A=0.801 cycA=0.069 cycB=0.075 idtA=0.047 idtB=0.069 D_A=0.061 D_B=0.116 D_A(real)=0.87 D_A(fake)=0.13 gnG=75.34 gnD=18.48 it_per_s=9.50
2026-10-03 03:45:11,387 INFO iter=552900 epoch=79 lr=3.60e-06 G=3.440 advA2B=0.617 advB2A=0.801 cycA=0.069 cycB=0.075 idtA=0.047 idtB=0.069 D_A=0.061 D_B=0.116 D_A(real)=0.87 D_A(fake)=0.13 gnG=75.18 gnD=18.47 it_per_s=9.50
2026-10-03 03:45:22,004 INFO iter=553000 epoch=79 lr=3.57e-06 G=3.440 advA2B=0.617 advB2A=0.801 cycA=0.069 cycB=0.075 idtA=0.047 idtB=0.069 D_A=0.060 D_B=0.116 D_A(real)=0.87 D_A(fake)=0.13 gnG=75.28 gnD=18.45 it_per_s=9.50
2026-10-03 03:45:32,363 INFO iter=553100 epoch=79 lr=3.53e-06 G=3.439 advA2B=0.616 advB2A=0.800 cycA=0.069 cycB=0.075 idtA=0.047 idtB=0.069 D_A=0.061 D_B=0.116 D_A(real)=0.87 D_A(fake)=0.13 gnG=75.00 gnD=18.46 it_per_s=9.50
2026-10-03 03:45:42,917 INFO iter=553200 epoch=79 lr=3.50e-06 G=3.435 advA2B=0.615 advB2A=0.800 cycA=0.069 cycB=0.075 idtA=0.047 idtB=0.069 D_A=0.060 D_B=0.116 D_A(real)=0.87 D_A(fake)=0.13 gnG=75.01 gnD=18.44 it_per_s=9.50
2026-10-03 03:45:53,337 INFO iter=553300 epoch=79 lr=3.46e-06 G=3.437 advA2B=0.616 advB2A=0.801 cycA=0.069 cycB=0.075 idtA=0.047 idtB=0.068 D_A=0.060 D_B=0.116 D_A(real)=0.87 D_A(fake)=0.13 gnG=75.14 gnD=18.41 it_per_s=9.50
2026-10-03 03:46:03,587 INFO iter=553400 epoch=79 lr=3.42e-06 G=3.435 advA2B=0.616 advB2A=0.800 cycA=0.069 cycB=0.075 idtA=0.046 idtB=0.069 D_A=0.060 D_B=0.116 D_A(real)=0.87 D_A(fake)=0.13 gnG=75.24 gnD=18.40 it_per_s=9.51
2026-10-03 03:46:14,130 INFO iter=553500 epoch=79 lr=3.39e-06 G=3.433 advA2B=0.616 advB2A=0.800 cycA=0.069 cycB=0.075 idtA=0.046 idtB=0.068 D_A=0.060 D_B=0.116 D_A(real)=0.87 D_A(fake)=0.13 gnG=75.73 gnD=18.40 it_per_s=9.51
2026-10-03 03:46:24,746 INFO iter=553600 epoch=79 lr=3.35e-06 G=3.432 advA2B=0.615 advB2A=0.799 cycA=0.069 cycB=0.075 idtA=0.046 idtB=0.069 D_A=0.060 D_B=0.116 D_A(real)=0.87 D_A(fake)=0.13 gnG=75.52 gnD=18.43 it_per_s=9.50
2026-10-03 03:46:35,342 INFO iter=553700 epoch=79 lr=3.32e-06 G=3.431 advA2B=0.615 advB2A=0.799 cycA=0.069 cycB=0.075 idtA=0.047 idtB=0.068 D_A=0.060 D_B=0.116 D_A(real)=0.87 D_A(fake)=0.13 gnG=75.39 gnD=18.43 it_per_s=9.50
2026-10-03 03:46:45,875 INFO iter=553800 epoch=79 lr=3.28e-06 G=3.430 advA2B=0.615 advB2A=0.799 cycA=0.069 cycB=0.075 idtA=0.047 idtB=0.068 D_A=0.060 D_B=0.116 D_A(real)=0.87 D_A(fake)=0.13 gnG=75.31 gnD=18.44 it_per_s=9.50
2026-10-03 03:46:56,428 INFO iter=553900 epoch=79 lr=3.25e-06 G=3.430 advA2B=0.615 advB2A=0.799 cycA=0.069 cycB=0.075 idtA=0.046 idtB=0.068 D_A=0.060 D_B=0.116 D_A(real)=0.87 D_A(fake)=0.13 gnG=75.31 gnD=18.44 it_per_s=9.50
2026-10-03 03:47:06,947 INFO iter=554000 epoch=79 lr=3.21e-06 G=3.430 advA2B=0.615 advB2A=0.799 cycA=0.069 cycB=0.075 idtA=0.046 idtB=0.068 D_A=0.060 D_B=0.115 D_A(real)=0.87 D_A(fake)=0.13 gnG=75.33 gnD=18.43 it_per_s=9.50
2026-10-03 03:47:17,490 INFO iter=554100 epoch=79 lr=3.18e-06 G=3.428 advA2B=0.615 advB2A=0.798 cycA=0.069 cycB=0.075 idtA=0.046 idtB=0.068 D_A=0.060 D_B=0.115 D_A(real)=0.87 D_A(fake)=0.13 gnG=75.48 gnD=18.45 it_per_s=9.50
2026-10-03 03:47:28,049 INFO iter=554200 epoch=79 lr=3.14e-06 G=3.428 advA2B=0.615 advB2A=0.799 cycA=0.069 cycB=0.075 idtA=0.046 idtB=0.068 D_A=0.060 D_B=0.116 D_A(real)=0.87 D_A(fake)=0.13 gnG=75.79 gnD=18.50 it_per_s=9.50
2026-10-03 03:47:38,554 INFO iter=554300 epoch=79 lr=3.10e-06 G=3.430 advA2B=0.616 advB2A=0.799 cycA=0.069 cycB=0.075 idtA=0.046 idtB=0.068 D_A=0.060 D_B=0.116 D_A(real)=0.87 D_A(fake)=0.13 gnG=76.00 gnD=18.52 it_per_s=9.50
2026-10-03 03:47:49,066 INFO iter=554400 epoch=79 lr=3.07e-06 G=3.428 advA2B=0.616 advB2A=0.799 cycA=0.069 cycB=0.075 idtA=0.046 idtB=0.068 D_A=0.060 D_B=0.116 D_A(real)=0.87 D_A(fake)=0.13 gnG=76.10 gnD=18.53 it_per_s=9.50
2026-10-03 03:47:59,620 INFO iter=554500 epoch=79 lr=3.03e-06 G=3.430 advA2B=0.616 advB2A=0.799 cycA=0.069 cycB=0.075 idtA=0.046 idtB=0.068 D_A=0.060 D_B=0.116 D_A(real)=0.87 D_A(fake)=0.13 gnG=76.06 gnD=18.53 it_per_s=9.50
2026-10-03 03:48:10,204 INFO iter=554600 epoch=79 lr=3.00e-06 G=3.427 advA2B=0.615 advB2A=0.800 cycA=0.069 cycB=0.075 idtA=0.046 idtB=0.068 D_A=0.060 D_B=0.116 D_A(real)=0.87 D_A(fake)=0.13 gnG=75.93 gnD=18.52 it_per_s=9.50
2026-10-03 03:48:20,744 INFO iter=554700 epoch=79 lr=2.96e-06 G=3.427 advA2B=0.615 advB2A=0.800 cycA=0.069 cycB=0.075 idtA=0.046 idtB=0.068 D_A=0.060 D_B=0.116 D_A(real)=0.87 D_A(fake)=0.13 gnG=76.05 gnD=18.50 it_per_s=9.50
2026-10-03 03:48:31,383 INFO iter=554800 epoch=79 lr=2.93e-06 G=3.426 advA2B=0.615 advB2A=0.800 cycA=0.069 cycB=0.075 idtA=0.046 idtB=0.068 D_A=0.060 D_B=0.116 D_A(real)=0.87 D_A(fake)=0.13 gnG=75.87 gnD=18.52 it_per_s=9.50
2026-10-03 03:48:41,959 INFO iter=554900 epoch=79 lr=2.89e-06 G=3.428 advA2B=0.616 advB2A=0.800 cycA=0.069 cycB=0.075 idtA=0.046 idtB=0.068 D_A=0.060 D_B=0.116 D_A(real)=0.87 D_A(fake)=0.13 gnG=75.80 gnD=18.51 it_per_s=9.50
2026-10-03 03:48:52,497 INFO iter=555000 epoch=79 lr=2.86e-06 G=3.428 advA2B=0.615 advB2A=0.800 cycA=0.069 cycB=0.075 idtA=0.046 idtB=0.068 D_A=0.061 D_B=0.116 D_A(real)=0.87 D_A(fake)=0.13 gnG=75.73 gnD=18.53 it_per_s=9.50
2026-10-03 03:49:02,961 INFO iter=555100 epoch=79 lr=2.82e-06 G=3.427 advA2B=0.615 advB2A=0.799 cycA=0.069 cycB=0.075 idtA=0.046 idtB=0.068 D_A=0.061 D_B=0.116 D_A(real)=0.87 D_A(fake)=0.13 gnG=75.91 gnD=18.52 it_per_s=9.50
2026-10-03 03:49:13,500 INFO iter=555200 epoch=79 lr=2.79e-06 G=3.427 advA2B=0.615 advB2A=0.801 cycA=0.069 cycB=0.075 idtA=0.046 idtB=0.068 D_A=0.061 D_B=0.116 D_A(real)=0.87 D_A(fake)=0.13 gnG=75.92 gnD=18.54 it_per_s=9.50
2026-10-03 03:49:23,867 INFO iter=555300 epoch=79 lr=2.75e-06 G=3.428 advA2B=0.615 advB2A=0.801 cycA=0.069 cycB=0.075 idtA=0.046 idtB=0.068 D_A=0.061 D_B=0.116 D_A(real)=0.87 D_A(fake)=0.13 gnG=75.94 gnD=18.53 it_per_s=9.50
2026-10-03 03:49:34,434 INFO iter=555400 epoch=79 lr=2.71e-06 G=3.426 advA2B=0.615 advB2A=0.801 cycA=0.069 cycB=0.075 idtA=0.046 idtB=0.068 D_A=0.060 D_B=0.116 D_A(real)=0.87 D_A(fake)=0.13 gnG=75.98 gnD=18.52 it_per_s=9.50
2026-10-03 03:49:45,039 INFO iter=555500 epoch=79 lr=2.68e-06 G=3.427 advA2B=0.615 advB2A=0.802 cycA=0.069 cycB=0.075 idtA=0.046 idtB=0.068 D_A=0.061 D_B=0.116 D_A(real)=0.87 D_A(fake)=0.13 gnG=76.09 gnD=18.55 it_per_s=9.50
2026-10-03 03:49:55,586 INFO iter=555600 epoch=79 lr=2.64e-06 G=3.428 advA2B=0.615 advB2A=0.802 cycA=0.069 cycB=0.075 idtA=0.046 idtB=0.068 D_A=0.060 D_B=0.116 D_A(real)=0.87 D_A(fake)=0.13 gnG=76.12 gnD=18.55 it_per_s=9.50
2026-10-03 03:50:06,116 INFO iter=555700 epoch=79 lr=2.61e-06 G=3.428 advA2B=0.616 advB2A=0.802 cycA=0.069 cycB=0.075 idtA=0.046 idtB=0.068 D_A=0.060 D_B=0.116 D_A(real)=0.87 D_A(fake)=0.13 gnG=76.00 gnD=18.55 it_per_s=9.50
2026-10-03 03:50:16,643 INFO iter=555800 epoch=79 lr=2.57e-06 G=3.428 advA2B=0.616 advB2A=0.803 cycA=0.069 cycB=0.075 idtA=0.046 idtB=0.068 D_A=0.060 D_B=0.116 D_A(real)=0.87 D_A(fake)=0.13 gnG=76.06 gnD=18.56 it_per_s=9.50
2026-10-03 03:50:27,195 INFO iter=555900 epoch=79 lr=2.54e-06 G=3.428 advA2B=0.616 advB2A=0.803 cycA=0.069 cycB=0.075 idtA=0.046 idtB=0.068 D_A=0.060 D_B=0.116 D_A(real)=0.87 D_A(fake)=0.13 gnG=75.97 gnD=18.55 it_per_s=9.50
2026-10-03 03:50:37,710 INFO iter=556000 epoch=79 lr=2.50e-06 G=3.428 advA2B=0.616 advB2A=0.803 cycA=0.069 cycB=0.075 idtA=0.046 idtB=0.068 D_A=0.060 D_B=0.115 D_A(real)=0.87 D_A(fake)=0.13 gnG=75.90 gnD=18.54 it_per_s=9.50
2026-10-03 03:50:37,923 INFO epoch=79 done time_s=741 it_per_s=9.50 G=3.428 cycA=0.069 cycB=0.075 idtA=0.046 idtB=0.068 D_A=0.060 D_B=0.115 D_A(real)=0.87 D_A(fake)=0.13 nan_count=0
2026-10-03 03:50:48,935 INFO iter=556100 epoch=80 lr=2.47e-06 G=3.378 advA2B=0.635 advB2A=0.771 cycA=0.068 cycB=0.073 idtA=0.046 idtB=0.065 D_A=0.059 D_B=0.095 D_A(real)=0.86 D_A(fake)=0.12 gnG=76.90 gnD=17.91 it_per_s=9.45
2026-10-03 03:50:59,451 INFO iter=556200 epoch=80 lr=2.43e-06 G=3.429 advA2B=0.634 advB2A=0.766 cycA=0.069 cycB=0.077 idtA=0.046 idtB=0.069 D_A=0.060 D_B=0.097 D_A(real)=0.86 D_A(fake)=0.13 gnG=77.72 gnD=17.70 it_per_s=9.48
2026-10-03 03:51:10,040 INFO iter=556300 epoch=80 lr=2.39e-06 G=3.442 advA2B=0.637 advB2A=0.780 cycA=0.068 cycB=0.076 idtA=0.046 idtB=0.070 D_A=0.062 D_B=0.101 D_A(real)=0.86 D_A(fake)=0.13 gnG=77.91 gnD=18.27 it_per_s=9.47
2026-10-03 03:51:20,581 INFO iter=556400 epoch=80 lr=2.36e-06 G=3.406 advA2B=0.627 advB2A=0.776 cycA=0.068 cycB=0.075 idtA=0.046 idtB=0.069 D_A=0.061 D_B=0.104 D_A(real)=0.86 D_A(fake)=0.13 gnG=77.82 gnD=18.70 it_per_s=9.47
2026-10-03 03:51:31,135 INFO iter=556500 epoch=80 lr=2.32e-06 G=3.407 advA2B=0.624 advB2A=0.785 cycA=0.068 cycB=0.075 idtA=0.046 idtB=0.068 D_A=0.059 D_B=0.107 D_A(real)=0.87 D_A(fake)=0.13 gnG=77.42 gnD=18.54 it_per_s=9.47
2026-10-03 03:51:41,615 INFO iter=556600 epoch=80 lr=2.29e-06 G=3.427 advA2B=0.625 advB2A=0.789 cycA=0.068 cycB=0.075 idtA=0.046 idtB=0.070 D_A=0.059 D_B=0.107 D_A(real)=0.87 D_A(fake)=0.13 gnG=77.97 gnD=18.42 it_per_s=9.48
2026-10-03 03:51:52,144 INFO iter=556700 epoch=80 lr=2.25e-06 G=3.422 advA2B=0.623 advB2A=0.784 cycA=0.069 cycB=0.075 idtA=0.046 idtB=0.069 D_A=0.059 D_B=0.110 D_A(real)=0.87 D_A(fake)=0.13 gnG=78.30 gnD=18.63 it_per_s=9.49
2026-10-03 03:52:02,693 INFO iter=556800 epoch=80 lr=2.22e-06 G=3.413 advA2B=0.620 advB2A=0.787 cycA=0.068 cycB=0.074 idtA=0.046 idtB=0.069 D_A=0.059 D_B=0.111 D_A(real)=0.87 D_A(fake)=0.13 gnG=77.78 gnD=18.66 it_per_s=9.49
2026-10-03 03:52:13,213 INFO iter=556900 epoch=80 lr=2.18e-06 G=3.422 advA2B=0.621 advB2A=0.796 cycA=0.068 cycB=0.075 idtA=0.046 idtB=0.069 D_A=0.059 D_B=0.110 D_A(real)=0.87 D_A(fake)=0.13 gnG=78.12 gnD=18.68 it_per_s=9.49
2026-10-03 03:52:23,782 INFO iter=557000 epoch=80 lr=2.15e-06 G=3.428 advA2B=0.623 advB2A=0.800 cycA=0.068 cycB=0.075 idtA=0.046 idtB=0.069 D_A=0.059 D_B=0.111 D_A(real)=0.87 D_A(fake)=0.13 gnG=77.76 gnD=18.68 it_per_s=9.48
2026-10-03 03:52:34,299 INFO iter=557100 epoch=80 lr=2.11e-06 G=3.423 advA2B=0.617 advB2A=0.801 cycA=0.068 cycB=0.075 idtA=0.046 idtB=0.069 D_A=0.059 D_B=0.111 D_A(real)=0.87 D_A(fake)=0.13 gnG=77.30 gnD=18.61 it_per_s=9.49
2026-10-03 03:52:44,860 INFO iter=557200 epoch=80 lr=2.07e-06 G=3.428 advA2B=0.620 advB2A=0.802 cycA=0.068 cycB=0.075 idtA=0.046 idtB=0.069 D_A=0.059 D_B=0.111 D_A(real)=0.87 D_A(fake)=0.13 gnG=78.52 gnD=18.53 it_per_s=9.49
2026-10-03 03:52:55,441 INFO iter=557300 epoch=80 lr=2.04e-06 G=3.420 advA2B=0.620 advB2A=0.800 cycA=0.068 cycB=0.075 idtA=0.046 idtB=0.069 D_A=0.059 D_B=0.111 D_A(real)=0.87 D_A(fake)=0.13 gnG=78.40 gnD=18.54 it_per_s=9.48
2026-10-03 03:53:06,016 INFO iter=557400 epoch=80 lr=2.00e-06 G=3.430 advA2B=0.621 advB2A=0.804 cycA=0.068 cycB=0.075 idtA=0.046 idtB=0.069 D_A=0.058 D_B=0.111 D_A(real)=0.87 D_A(fake)=0.13 gnG=79.06 gnD=18.56 it_per_s=9.48
2026-10-03 03:53:16,591 INFO iter=557500 epoch=80 lr=1.97e-06 G=3.433 advA2B=0.623 advB2A=0.805 cycA=0.068 cycB=0.075 idtA=0.046 idtB=0.069 D_A=0.059 D_B=0.111 D_A(real)=0.87 D_A(fake)=0.13 gnG=79.05 gnD=18.59 it_per_s=9.48
2026-10-03 03:53:27,141 INFO iter=557600 epoch=80 lr=1.93e-06 G=3.425 advA2B=0.623 advB2A=0.802 cycA=0.068 cycB=0.075 idtA=0.046 idtB=0.069 D_A=0.059 D_B=0.111 D_A(real)=0.87 D_A(fake)=0.13 gnG=78.11 gnD=18.68 it_per_s=9.48
2026-10-03 03:53:37,688 INFO iter=557700 epoch=80 lr=1.90e-06 G=3.428 advA2B=0.625 advB2A=0.801 cycA=0.068 cycB=0.075 idtA=0.046 idtB=0.068 D_A=0.059 D_B=0.112 D_A(real)=0.87 D_A(fake)=0.13 gnG=78.53 gnD=18.68 it_per_s=9.48
2026-10-03 03:53:48,221 INFO iter=557800 epoch=80 lr=1.86e-06 G=3.429 advA2B=0.624 advB2A=0.801 cycA=0.068 cycB=0.075 idtA=0.046 idtB=0.069 D_A=0.059 D_B=0.112 D_A(real)=0.87 D_A(fake)=0.13 gnG=78.65 gnD=18.70 it_per_s=9.48
2026-10-03 03:53:58,753 INFO iter=557900 epoch=80 lr=1.83e-06 G=3.426 advA2B=0.624 advB2A=0.801 cycA=0.068 cycB=0.075 idtA=0.046 idtB=0.068 D_A=0.059 D_B=0.113 D_A(real)=0.87 D_A(fake)=0.13 gnG=78.67 gnD=18.78 it_per_s=9.48
2026-10-03 03:54:09,349 INFO iter=558000 epoch=80 lr=1.79e-06 G=3.429 advA2B=0.623 advB2A=0.802 cycA=0.068 cycB=0.075 idtA=0.046 idtB=0.068 D_A=0.059 D_B=0.113 D_A(real)=0.87 D_A(fake)=0.13 gnG=78.26 gnD=18.72 it_per_s=9.48
2026-10-03 03:54:19,954 INFO iter=558100 epoch=80 lr=1.76e-06 G=3.429 advA2B=0.623 advB2A=0.804 cycA=0.068 cycB=0.075 idtA=0.046 idtB=0.068 D_A=0.059 D_B=0.114 D_A(real)=0.87 D_A(fake)=0.13 gnG=78.50 gnD=18.76 it_per_s=9.48
2026-10-03 03:54:30,447 INFO iter=558200 epoch=80 lr=1.72e-06 G=3.431 advA2B=0.623 advB2A=0.805 cycA=0.068 cycB=0.075 idtA=0.046 idtB=0.068 D_A=0.059 D_B=0.114 D_A(real)=0.87 D_A(fake)=0.13 gnG=78.43 gnD=18.69 it_per_s=9.48
2026-10-03 03:54:40,990 INFO iter=558300 epoch=80 lr=1.68e-06 G=3.426 advA2B=0.623 advB2A=0.805 cycA=0.068 cycB=0.075 idtA=0.046 idtB=0.068 D_A=0.059 D_B=0.113 D_A(real)=0.87 D_A(fake)=0.13 gnG=78.43 gnD=18.66 it_per_s=9.48
2026-10-03 03:54:51,540 INFO iter=558400 epoch=80 lr=1.65e-06 G=3.429 advA2B=0.623 advB2A=0.805 cycA=0.068 cycB=0.075 idtA=0.046 idtB=0.068 D_A=0.059 D_B=0.113 D_A(real)=0.87 D_A(fake)=0.13 gnG=78.38 gnD=18.62 it_per_s=9.48
2026-10-03 03:55:02,101 INFO iter=558500 epoch=80 lr=1.61e-06 G=3.427 advA2B=0.622 advB2A=0.805 cycA=0.068 cycB=0.075 idtA=0.046 idtB=0.068 D_A=0.059 D_B=0.114 D_A(real)=0.87 D_A(fake)=0.13 gnG=78.17 gnD=18.59 it_per_s=9.48
2026-10-03 03:55:12,643 INFO iter=558600 epoch=80 lr=1.58e-06 G=3.428 advA2B=0.623 advB2A=0.806 cycA=0.068 cycB=0.075 idtA=0.046 idtB=0.068 D_A=0.058 D_B=0.114 D_A(real)=0.87 D_A(fake)=0.13 gnG=78.80 gnD=18.60 it_per_s=9.48
2026-10-03 03:55:23,189 INFO iter=558700 epoch=80 lr=1.54e-06 G=3.424 advA2B=0.622 advB2A=0.806 cycA=0.068 cycB=0.075 idtA=0.046 idtB=0.068 D_A=0.058 D_B=0.114 D_A(real)=0.87 D_A(fake)=0.13 gnG=78.53 gnD=18.60 it_per_s=9.48
2026-10-03 03:55:33,694 INFO iter=558800 epoch=80 lr=1.51e-06 G=3.425 advA2B=0.622 advB2A=0.807 cycA=0.068 cycB=0.075 idtA=0.046 idtB=0.068 D_A=0.058 D_B=0.113 D_A(real)=0.87 D_A(fake)=0.13 gnG=78.55 gnD=18.59 it_per_s=9.48
2026-10-03 03:55:44,246 INFO iter=558900 epoch=80 lr=1.47e-06 G=3.425 advA2B=0.623 advB2A=0.807 cycA=0.068 cycB=0.074 idtA=0.046 idtB=0.068 D_A=0.059 D_B=0.114 D_A(real)=0.87 D_A(fake)=0.13 gnG=78.41 gnD=18.64 it_per_s=9.48
2026-10-03 03:55:54,799 INFO iter=559000 epoch=80 lr=1.44e-06 G=3.428 advA2B=0.624 advB2A=0.809 cycA=0.068 cycB=0.074 idtA=0.046 idtB=0.068 D_A=0.058 D_B=0.114 D_A(real)=0.87 D_A(fake)=0.13 gnG=78.26 gnD=18.64 it_per_s=9.48
2026-10-03 03:56:05,302 INFO iter=559100 epoch=80 lr=1.40e-06 G=3.428 advA2B=0.623 advB2A=0.809 cycA=0.068 cycB=0.075 idtA=0.046 idtB=0.068 D_A=0.058 D_B=0.115 D_A(real)=0.87 D_A(fake)=0.13 gnG=78.43 gnD=18.66 it_per_s=9.48
2026-10-03 03:56:15,882 INFO iter=559200 epoch=80 lr=1.36e-06 G=3.429 advA2B=0.621 advB2A=0.809 cycA=0.068 cycB=0.075 idtA=0.046 idtB=0.068 D_A=0.058 D_B=0.115 D_A(real)=0.87 D_A(fake)=0.13 gnG=78.38 gnD=18.69 it_per_s=9.48
2026-10-03 03:56:26,379 INFO iter=559300 epoch=80 lr=1.33e-06 G=3.431 advA2B=0.621 advB2A=0.811 cycA=0.068 cycB=0.075 idtA=0.046 idtB=0.068 D_A=0.058 D_B=0.115 D_A(real)=0.87 D_A(fake)=0.13 gnG=78.13 gnD=18.70 it_per_s=9.48
2026-10-03 03:56:37,192 INFO iter=559400 epoch=80 lr=1.29e-06 G=3.432 advA2B=0.621 advB2A=0.811 cycA=0.068 cycB=0.075 idtA=0.046 idtB=0.068 D_A=0.058 D_B=0.115 D_A(real)=0.87 D_A(fake)=0.13 gnG=78.22 gnD=18.70 it_per_s=9.47
2026-10-03 03:56:47,728 INFO iter=559500 epoch=80 lr=1.26e-06 G=3.432 advA2B=0.622 advB2A=0.812 cycA=0.068 cycB=0.075 idtA=0.046 idtB=0.068 D_A=0.058 D_B=0.115 D_A(real)=0.87 D_A(fake)=0.13 gnG=77.96 gnD=18.67 it_per_s=9.48
2026-10-03 03:56:58,362 INFO iter=559600 epoch=80 lr=1.22e-06 G=3.433 advA2B=0.622 advB2A=0.811 cycA=0.068 cycB=0.075 idtA=0.046 idtB=0.068 D_A=0.059 D_B=0.115 D_A(real)=0.87 D_A(fake)=0.13 gnG=77.83 gnD=18.69 it_per_s=9.47
2026-10-03 03:57:08,914 INFO iter=559700 epoch=80 lr=1.19e-06 G=3.432 advA2B=0.621 advB2A=0.813 cycA=0.068 cycB=0.075 idtA=0.046 idtB=0.068 D_A=0.058 D_B=0.115 D_A(real)=0.87 D_A(fake)=0.13 gnG=77.95 gnD=18.69 it_per_s=9.47
2026-10-03 03:57:19,467 INFO iter=559800 epoch=80 lr=1.15e-06 G=3.433 advA2B=0.620 advB2A=0.814 cycA=0.068 cycB=0.075 idtA=0.046 idtB=0.068 D_A=0.059 D_B=0.115 D_A(real)=0.87 D_A(fake)=0.13 gnG=77.70 gnD=18.70 it_per_s=9.47
2026-10-03 03:57:30,037 INFO iter=559900 epoch=80 lr=1.12e-06 G=3.431 advA2B=0.619 advB2A=0.814 cycA=0.068 cycB=0.075 idtA=0.046 idtB=0.068 D_A=0.058 D_B=0.115 D_A(real)=0.87 D_A(fake)=0.13 gnG=77.79 gnD=18.67 it_per_s=9.47
2026-10-03 03:57:40,546 INFO iter=560000 epoch=80 lr=1.08e-06 G=3.429 advA2B=0.619 advB2A=0.814 cycA=0.068 cycB=0.075 idtA=0.046 idtB=0.068 D_A=0.058 D_B=0.115 D_A(real)=0.87 D_A(fake)=0.13 gnG=77.82 gnD=18.69 it_per_s=9.47
2026-10-03 03:57:51,035 INFO iter=560100 epoch=80 lr=1.04e-06 G=3.427 advA2B=0.619 advB2A=0.813 cycA=0.068 cycB=0.075 idtA=0.046 idtB=0.068 D_A=0.059 D_B=0.115 D_A(real)=0.87 D_A(fake)=0.13 gnG=77.89 gnD=18.72 it_per_s=9.48
2026-10-03 03:58:01,603 INFO iter=560200 epoch=80 lr=1.01e-06 G=3.425 advA2B=0.618 advB2A=0.812 cycA=0.068 cycB=0.075 idtA=0.046 idtB=0.067 D_A=0.059 D_B=0.115 D_A(real)=0.87 D_A(fake)=0.13 gnG=77.69 gnD=18.70 it_per_s=9.48
2026-10-03 03:58:12,213 INFO iter=560300 epoch=80 lr=9.74e-07 G=3.428 advA2B=0.618 advB2A=0.812 cycA=0.068 cycB=0.075 idtA=0.046 idtB=0.068 D_A=0.059 D_B=0.115 D_A(real)=0.87 D_A(fake)=0.13 gnG=77.64 gnD=18.70 it_per_s=9.47
2026-10-03 03:58:22,776 INFO iter=560400 epoch=80 lr=9.38e-07 G=3.428 advA2B=0.619 advB2A=0.812 cycA=0.068 cycB=0.075 idtA=0.046 idtB=0.067 D_A=0.059 D_B=0.115 D_A(real)=0.87 D_A(fake)=0.13 gnG=77.41 gnD=18.73 it_per_s=9.47
2026-10-03 03:58:33,289 INFO iter=560500 epoch=80 lr=9.03e-07 G=3.426 advA2B=0.618 advB2A=0.811 cycA=0.068 cycB=0.075 idtA=0.046 idtB=0.068 D_A=0.059 D_B=0.115 D_A(real)=0.87 D_A(fake)=0.13 gnG=77.43 gnD=18.74 it_per_s=9.47
2026-10-03 03:58:43,979 INFO iter=560600 epoch=80 lr=8.67e-07 G=3.425 advA2B=0.617 advB2A=0.810 cycA=0.068 cycB=0.075 idtA=0.046 idtB=0.068 D_A=0.059 D_B=0.115 D_A(real)=0.87 D_A(fake)=0.13 gnG=77.06 gnD=18.73 it_per_s=9.47
2026-10-03 03:58:54,565 INFO iter=560700 epoch=80 lr=8.32e-07 G=3.424 advA2B=0.618 advB2A=0.809 cycA=0.068 cycB=0.075 idtA=0.046 idtB=0.067 D_A=0.059 D_B=0.115 D_A(real)=0.87 D_A(fake)=0.13 gnG=77.11 gnD=18.72 it_per_s=9.47
2026-10-03 03:59:05,150 INFO iter=560800 epoch=80 lr=7.96e-07 G=3.425 advA2B=0.618 advB2A=0.810 cycA=0.069 cycB=0.074 idtA=0.046 idtB=0.067 D_A=0.058 D_B=0.115 D_A(real)=0.87 D_A(fake)=0.13 gnG=77.24 gnD=18.73 it_per_s=9.47
2026-10-03 03:59:15,690 INFO iter=560900 epoch=80 lr=7.61e-07 G=3.425 advA2B=0.618 advB2A=0.810 cycA=0.069 cycB=0.074 idtA=0.046 idtB=0.067 D_A=0.059 D_B=0.115 D_A(real)=0.87 D_A(fake)=0.13 gnG=77.09 gnD=18.76 it_per_s=9.47
2026-10-03 03:59:26,253 INFO iter=561000 epoch=80 lr=7.25e-07 G=3.428 advA2B=0.618 advB2A=0.810 cycA=0.069 cycB=0.075 idtA=0.046 idtB=0.068 D_A=0.059 D_B=0.115 D_A(real)=0.87 D_A(fake)=0.13 gnG=76.95 gnD=18.76 it_per_s=9.47
2026-10-03 03:59:36,889 INFO iter=561100 epoch=80 lr=6.89e-07 G=3.429 advA2B=0.617 advB2A=0.811 cycA=0.069 cycB=0.075 idtA=0.046 idtB=0.068 D_A=0.059 D_B=0.115 D_A(real)=0.87 D_A(fake)=0.13 gnG=77.02 gnD=18.76 it_per_s=9.47
2026-10-03 03:59:47,457 INFO iter=561200 epoch=80 lr=6.54e-07 G=3.429 advA2B=0.618 advB2A=0.810 cycA=0.069 cycB=0.075 idtA=0.046 idtB=0.068 D_A=0.059 D_B=0.115 D_A(real)=0.87 D_A(fake)=0.13 gnG=77.07 gnD=18.78 it_per_s=9.47
2026-10-03 03:59:57,976 INFO iter=561300 epoch=80 lr=6.18e-07 G=3.429 advA2B=0.617 advB2A=0.810 cycA=0.069 cycB=0.075 idtA=0.046 idtB=0.068 D_A=0.059 D_B=0.115 D_A(real)=0.87 D_A(fake)=0.13 gnG=76.86 gnD=18.77 it_per_s=9.47
2026-10-03 04:00:08,527 INFO iter=561400 epoch=80 lr=5.83e-07 G=3.429 advA2B=0.617 advB2A=0.810 cycA=0.069 cycB=0.075 idtA=0.046 idtB=0.068 D_A=0.059 D_B=0.115 D_A(real)=0.87 D_A(fake)=0.13 gnG=76.84 gnD=18.77 it_per_s=9.47
2026-10-03 04:00:19,067 INFO iter=561500 epoch=80 lr=5.47e-07 G=3.430 advA2B=0.617 advB2A=0.810 cycA=0.069 cycB=0.075 idtA=0.046 idtB=0.068 D_A=0.059 D_B=0.115 D_A(real)=0.87 D_A(fake)=0.13 gnG=76.85 gnD=18.77 it_per_s=9.47
2026-10-03 04:00:29,557 INFO iter=561600 epoch=80 lr=5.12e-07 G=3.429 advA2B=0.618 advB2A=0.810 cycA=0.069 cycB=0.075 idtA=0.046 idtB=0.068 D_A=0.059 D_B=0.115 D_A(real)=0.87 D_A(fake)=0.13 gnG=76.82 gnD=18.77 it_per_s=9.47
2026-10-03 04:00:40,003 INFO iter=561700 epoch=80 lr=4.76e-07 G=3.429 advA2B=0.618 advB2A=0.809 cycA=0.069 cycB=0.075 idtA=0.046 idtB=0.068 D_A=0.059 D_B=0.115 D_A(real)=0.87 D_A(fake)=0.13 gnG=77.06 gnD=18.76 it_per_s=9.47
2026-10-03 04:00:50,494 INFO iter=561800 epoch=80 lr=4.41e-07 G=3.429 advA2B=0.618 advB2A=0.808 cycA=0.069 cycB=0.075 idtA=0.046 idtB=0.068 D_A=0.059 D_B=0.115 D_A(real)=0.87 D_A(fake)=0.13 gnG=76.76 gnD=18.73 it_per_s=9.47
2026-10-03 04:01:00,775 INFO iter=561900 epoch=80 lr=4.05e-07 G=3.429 advA2B=0.619 advB2A=0.808 cycA=0.069 cycB=0.075 idtA=0.046 idtB=0.068 D_A=0.059 D_B=0.115 D_A(real)=0.87 D_A(fake)=0.13 gnG=76.70 gnD=18.72 it_per_s=9.48
2026-10-03 04:01:11,163 INFO iter=562000 epoch=80 lr=3.70e-07 G=3.430 advA2B=0.618 advB2A=0.808 cycA=0.069 cycB=0.075 idtA=0.046 idtB=0.068 D_A=0.059 D_B=0.115 D_A(real)=0.87 D_A(fake)=0.13 gnG=76.55 gnD=18.71 it_per_s=9.48
2026-10-03 04:01:21,646 INFO iter=562100 epoch=80 lr=3.34e-07 G=3.429 advA2B=0.618 advB2A=0.807 cycA=0.069 cycB=0.075 idtA=0.046 idtB=0.068 D_A=0.059 D_B=0.115 D_A(real)=0.87 D_A(fake)=0.13 gnG=76.46 gnD=18.71 it_per_s=9.48
2026-10-03 04:01:31,930 INFO iter=562200 epoch=80 lr=2.99e-07 G=3.428 advA2B=0.618 advB2A=0.806 cycA=0.069 cycB=0.075 idtA=0.046 idtB=0.068 D_A=0.059 D_B=0.115 D_A(real)=0.87 D_A(fake)=0.13 gnG=76.55 gnD=18.70 it_per_s=9.49
2026-10-03 04:01:42,413 INFO iter=562300 epoch=80 lr=2.63e-07 G=3.427 advA2B=0.617 advB2A=0.806 cycA=0.069 cycB=0.075 idtA=0.046 idtB=0.068 D_A=0.059 D_B=0.114 D_A(real)=0.87 D_A(fake)=0.13 gnG=76.63 gnD=18.68 it_per_s=9.49
2026-10-03 04:01:52,923 INFO iter=562400 epoch=80 lr=2.28e-07 G=3.425 advA2B=0.617 advB2A=0.806 cycA=0.069 cycB=0.075 idtA=0.046 idtB=0.068 D_A=0.059 D_B=0.114 D_A(real)=0.87 D_A(fake)=0.13 gnG=76.96 gnD=18.69 it_per_s=9.49
2026-10-03 04:02:03,122 INFO iter=562500 epoch=80 lr=1.92e-07 G=3.426 advA2B=0.617 advB2A=0.806 cycA=0.069 cycB=0.075 idtA=0.046 idtB=0.068 D_A=0.058 D_B=0.115 D_A(real)=0.87 D_A(fake)=0.13 gnG=76.93 gnD=18.70 it_per_s=9.49
2026-10-03 04:02:13,638 INFO iter=562600 epoch=80 lr=1.57e-07 G=3.425 advA2B=0.617 advB2A=0.806 cycA=0.069 cycB=0.075 idtA=0.046 idtB=0.068 D_A=0.058 D_B=0.115 D_A(real)=0.87 D_A(fake)=0.13 gnG=76.84 gnD=18.70 it_per_s=9.49
2026-10-03 04:02:24,167 INFO iter=562700 epoch=80 lr=1.21e-07 G=3.425 advA2B=0.617 advB2A=0.806 cycA=0.069 cycB=0.075 idtA=0.046 idtB=0.068 D_A=0.058 D_B=0.114 D_A(real)=0.87 D_A(fake)=0.13 gnG=76.65 gnD=18.69 it_per_s=9.49
2026-10-03 04:02:34,289 INFO iter=562800 epoch=80 lr=8.56e-08 G=3.424 advA2B=0.617 advB2A=0.806 cycA=0.069 cycB=0.075 idtA=0.046 idtB=0.068 D_A=0.058 D_B=0.114 D_A(real)=0.87 D_A(fake)=0.13 gnG=76.71 gnD=18.68 it_per_s=9.50
2026-10-03 04:02:44,851 INFO iter=562900 epoch=80 lr=5.01e-08 G=3.424 advA2B=0.617 advB2A=0.806 cycA=0.069 cycB=0.075 idtA=0.046 idtB=0.068 D_A=0.058 D_B=0.114 D_A(real)=0.87 D_A(fake)=0.13 gnG=76.72 gnD=18.68 it_per_s=9.50
2026-10-03 04:02:55,396 INFO iter=563000 epoch=80 lr=1.46e-08 G=3.424 advA2B=0.617 advB2A=0.806 cycA=0.069 cycB=0.075 idtA=0.046 idtB=0.068 D_A=0.058 D_B=0.114 D_A(real)=0.87 D_A(fake)=0.13 gnG=76.66 gnD=18.69 it_per_s=9.50
2026-10-03 04:02:59,545 INFO epoch=80 done time_s=741 it_per_s=9.50 G=3.425 cycA=0.069 cycB=0.075 idtA=0.046 idtB=0.068 D_A=0.058 D_B=0.114 D_A(real)=0.87 D_A(fake)=0.13 nan_count=0
2026-10-03 04:03:00,333 INFO done summary={"run_id": "full_run02b", "params": {"G_A2B": 11378179, "G_B2A": 11378179, "D_A": 2764737, "D_B": 2764737}, "param_count_total": 28285832, "param_count_generators": 22756358, "photos": 7038, "monets": 300, "iters": 563040, "train_time_s": 58038.92602910008, "train_iters_per_sec": 9.7010754423281, "train_images_per_sec": 19.4021508846562, "peak_memory_mb": 19485.71337890625, "max_grad_norm_G": 1824.5267333984375, "max_grad_norm_D": 381.4660339355469, "nan_count": 0, "final_epoch": {"epoch": 80, "iters": 7038, "epoch_time_s": 740.9899148000404, "iters_per_s": 9.498104980145698, "loss_G": 3.42461431470233, "adv_A2B": 0.6174582123383774, "adv_B2A": 0.8055145532511012, "cycle_A": 0.06851193687393435, "cycle_B": 0.07469674598496555, "identity_A": 0.0460232482372478, "identity_B": 0.06788852059661614, "loss_D_A": 0.058318458724069336, "loss_D_B": 0.11436226084070404, "D_A_real_mean": 0.8730635950598536, "D_A_fake_mean": 0.1263425479595144, "grad_norm_G": 76.63790316851379, "grad_norm_D": 18.681872069479965}, "hardware": "GPU: NVIDIA GeForce RTX 4090; CPU: AMD64 Family 25 Model 97 Stepping 2, AuthenticAMD"}
