2026-10-03 19:22:25,678 INFO resumed from C:\Users\chaitanya\Documents\GEN_AI_LAB1\task3_gan\member_chaitanya\checkpoints\full_run07\latest.pt at epoch 86 iter 605268
2026-10-03 19:22:25,682 INFO resumed EMA weights from C:\Users\chaitanya\Documents\GEN_AI_LAB1\task3_gan\member_chaitanya\checkpoints\full_run07\latest.pt
2026-10-03 19:22:25,683 INFO generator EMA enabled, decay=0.9999
2026-10-03 19:22:25,683 INFO run_id=full_run07 config=task3_gan/member_chaitanya/configs/full_run07.yaml
2026-10-03 19:22:25,683 INFO config={"run_id": "full_run07", "seed": 1337, "data": {"monet_dir": "task3_gan/data/monet_jpg", "photo_dir": "task3_gan/data/photo_jpg", "load_size": 286, "crop_size": 256, "hflip": true, "num_workers": 4}, "model": {"ngf": 64, "n_res_blocks": 9, "n_downsampling": 2, "upsampling": "nearest_conv", "ndf": 64, "norm": "instance", "init_std": 0.02}, "loss": {"adversarial": "lsgan", "lambda_cycle": 2.0, "lambda_identity": 0.0, "d_loss_scale": 0.5}, "training": {"batch_size": 1, "epochs": 96, "constant_lr_epochs": 86, "lr_g": 0.0001, "lr_d": 0.0001, "betas": [0.5, 0.999], "pool_size": 50, "precision": "fp32", "cudnn_benchmark": true, "diffaugment_monet_d": true, "diffaugment_photo_d": true, "ema_decay": 0.9999, "log_every_iters": 100, "grid_every_epochs": 1, "checkpoint_every_epochs": 2, "num_fixed_samples": 4}}
2026-10-03 19:22:25,709 INFO hardware=GPU: NVIDIA GeForce RTX 4090; CPU: AMD64 Family 25 Model 97 Stepping 2, AuthenticAMD torch=2.11.0+cu128
2026-10-03 19:22:25,709 INFO photos=7038 monets=300 iters_per_epoch=7038 total_iters=675648 params={"G_A2B": 11378179, "G_B2A": 11378179, "D_A": 2764737, "D_B": 2764737}
2026-10-03 19:23:06,278 INFO iter=605300 epoch=87 lr=1.00e-04 G=1.754 advA2B=0.552 advB2A=0.834 cycA=0.082 cycB=0.102 idtA=0.069 idtB=0.084 D_A=0.105 D_B=0.132 D_A(real)=0.85 D_A(fake)=0.16 gnG=39.19 gnD=17.77 it_per_s=0.79
2026-10-03 19:23:26,418 INFO iter=605400 epoch=87 lr=9.98e-05 G=1.706 advA2B=0.538 advB2A=0.802 cycA=0.087 cycB=0.097 idtA=0.066 idtB=0.087 D_A=0.121 D_B=0.151 D_A(real)=0.84 D_A(fake)=0.16 gnG=31.58 gnD=19.49 it_per_s=2.17
2026-10-03 19:23:46,736 INFO iter=605500 epoch=87 lr=9.97e-05 G=1.685 advA2B=0.526 advB2A=0.774 cycA=0.091 cycB=0.101 idtA=0.070 idtB=0.088 D_A=0.118 D_B=0.150 D_A(real)=0.84 D_A(fake)=0.16 gnG=29.36 gnD=18.54 it_per_s=2.86
2026-10-03 19:24:07,138 INFO iter=605600 epoch=87 lr=9.95e-05 G=1.704 advA2B=0.553 advB2A=0.750 cycA=0.096 cycB=0.104 idtA=0.073 idtB=0.097 D_A=0.115 D_B=0.149 D_A(real)=0.83 D_A(fake)=0.17 gnG=29.77 gnD=18.14 it_per_s=3.27
2026-10-03 19:24:27,496 INFO iter=605700 epoch=87 lr=9.94e-05 G=1.703 advA2B=0.571 advB2A=0.730 cycA=0.096 cycB=0.105 idtA=0.074 idtB=0.100 D_A=0.114 D_B=0.148 D_A(real)=0.83 D_A(fake)=0.17 gnG=29.14 gnD=18.25 it_per_s=3.55
2026-10-03 19:24:47,899 INFO iter=605800 epoch=87 lr=9.92e-05 G=1.702 advA2B=0.577 advB2A=0.720 cycA=0.097 cycB=0.105 idtA=0.075 idtB=0.102 D_A=0.113 D_B=0.148 D_A(real)=0.83 D_A(fake)=0.17 gnG=28.29 gnD=18.12 it_per_s=3.74
2026-10-03 19:25:08,052 INFO iter=605900 epoch=87 lr=9.91e-05 G=1.702 advA2B=0.582 advB2A=0.714 cycA=0.097 cycB=0.106 idtA=0.074 idtB=0.105 D_A=0.110 D_B=0.148 D_A(real)=0.83 D_A(fake)=0.17 gnG=28.32 gnD=18.05 it_per_s=3.89
2026-10-03 19:25:28,170 INFO iter=606000 epoch=87 lr=9.90e-05 G=1.702 advA2B=0.576 advB2A=0.718 cycA=0.098 cycB=0.106 idtA=0.076 idtB=0.104 D_A=0.108 D_B=0.148 D_A(real)=0.83 D_A(fake)=0.17 gnG=28.47 gnD=17.94 it_per_s=4.01
2026-10-03 19:25:48,262 INFO iter=606100 epoch=87 lr=9.88e-05 G=1.709 advA2B=0.588 advB2A=0.712 cycA=0.099 cycB=0.107 idtA=0.079 idtB=0.107 D_A=0.108 D_B=0.146 D_A(real)=0.83 D_A(fake)=0.17 gnG=28.95 gnD=17.92 it_per_s=4.11
2026-10-03 19:26:08,354 INFO iter=606200 epoch=87 lr=9.87e-05 G=1.702 advA2B=0.583 advB2A=0.708 cycA=0.099 cycB=0.106 idtA=0.081 idtB=0.110 D_A=0.106 D_B=0.147 D_A(real)=0.83 D_A(fake)=0.17 gnG=28.71 gnD=17.76 it_per_s=4.19
2026-10-03 19:26:28,487 INFO iter=606300 epoch=87 lr=9.85e-05 G=1.701 advA2B=0.580 advB2A=0.710 cycA=0.099 cycB=0.106 idtA=0.081 idtB=0.110 D_A=0.104 D_B=0.147 D_A(real)=0.83 D_A(fake)=0.17 gnG=28.70 gnD=17.59 it_per_s=4.25
2026-10-03 19:26:48,591 INFO iter=606400 epoch=87 lr=9.84e-05 G=1.703 advA2B=0.581 advB2A=0.709 cycA=0.100 cycB=0.107 idtA=0.081 idtB=0.111 D_A=0.102 D_B=0.145 D_A(real)=0.84 D_A(fake)=0.16 gnG=28.55 gnD=17.32 it_per_s=4.31
2026-10-03 19:27:08,755 INFO iter=606500 epoch=87 lr=9.83e-05 G=1.703 advA2B=0.579 advB2A=0.712 cycA=0.099 cycB=0.107 idtA=0.081 idtB=0.110 D_A=0.101 D_B=0.145 D_A(real)=0.84 D_A(fake)=0.16 gnG=28.70 gnD=17.15 it_per_s=4.35
2026-10-03 19:27:28,868 INFO iter=606600 epoch=87 lr=9.81e-05 G=1.703 advA2B=0.578 advB2A=0.711 cycA=0.100 cycB=0.107 idtA=0.082 idtB=0.110 D_A=0.101 D_B=0.145 D_A(real)=0.84 D_A(fake)=0.16 gnG=28.51 gnD=17.12 it_per_s=4.39
2026-10-03 19:27:48,937 INFO iter=606700 epoch=87 lr=9.80e-05 G=1.703 advA2B=0.580 advB2A=0.709 cycA=0.100 cycB=0.107 idtA=0.083 idtB=0.110 D_A=0.101 D_B=0.145 D_A(real)=0.84 D_A(fake)=0.16 gnG=28.31 gnD=17.08 it_per_s=4.43
2026-10-03 19:28:09,036 INFO iter=606800 epoch=87 lr=9.78e-05 G=1.707 advA2B=0.581 advB2A=0.711 cycA=0.100 cycB=0.107 idtA=0.085 idtB=0.110 D_A=0.100 D_B=0.144 D_A(real)=0.84 D_A(fake)=0.16 gnG=28.20 gnD=17.05 it_per_s=4.46
2026-10-03 19:28:29,170 INFO iter=606900 epoch=87 lr=9.77e-05 G=1.702 advA2B=0.577 advB2A=0.710 cycA=0.100 cycB=0.107 idtA=0.086 idtB=0.110 D_A=0.099 D_B=0.144 D_A(real)=0.84 D_A(fake)=0.16 gnG=28.04 gnD=17.00 it_per_s=4.49
2026-10-03 19:28:49,306 INFO iter=607000 epoch=87 lr=9.75e-05 G=1.695 advA2B=0.578 advB2A=0.703 cycA=0.100 cycB=0.107 idtA=0.087 idtB=0.110 D_A=0.098 D_B=0.143 D_A(real)=0.84 D_A(fake)=0.16 gnG=27.86 gnD=16.86 it_per_s=4.52
2026-10-03 19:29:09,407 INFO iter=607100 epoch=87 lr=9.74e-05 G=1.696 advA2B=0.579 advB2A=0.703 cycA=0.100 cycB=0.107 idtA=0.089 idtB=0.111 D_A=0.098 D_B=0.143 D_A(real)=0.84 D_A(fake)=0.16 gnG=27.80 gnD=16.85 it_per_s=4.54
2026-10-03 19:29:29,538 INFO iter=607200 epoch=87 lr=9.73e-05 G=1.695 advA2B=0.577 advB2A=0.703 cycA=0.100 cycB=0.107 idtA=0.092 idtB=0.111 D_A=0.097 D_B=0.144 D_A(real)=0.84 D_A(fake)=0.16 gnG=27.71 gnD=16.89 it_per_s=4.56
2026-10-03 19:29:49,658 INFO iter=607300 epoch=87 lr=9.71e-05 G=1.692 advA2B=0.572 advB2A=0.704 cycA=0.100 cycB=0.107 idtA=0.092 idtB=0.110 D_A=0.097 D_B=0.145 D_A(real)=0.84 D_A(fake)=0.16 gnG=27.56 gnD=16.90 it_per_s=4.58
2026-10-03 19:30:09,748 INFO iter=607400 epoch=87 lr=9.70e-05 G=1.689 advA2B=0.570 advB2A=0.704 cycA=0.100 cycB=0.107 idtA=0.093 idtB=0.110 D_A=0.097 D_B=0.145 D_A(real)=0.84 D_A(fake)=0.16 gnG=27.47 gnD=16.84 it_per_s=4.59
2026-10-03 19:30:29,807 INFO iter=607500 epoch=87 lr=9.68e-05 G=1.691 advA2B=0.570 advB2A=0.704 cycA=0.100 cycB=0.108 idtA=0.093 idtB=0.111 D_A=0.096 D_B=0.145 D_A(real)=0.84 D_A(fake)=0.16 gnG=27.47 gnD=16.80 it_per_s=4.61
2026-10-03 19:30:49,937 INFO iter=607600 epoch=87 lr=9.67e-05 G=1.690 advA2B=0.571 advB2A=0.702 cycA=0.100 cycB=0.108 idtA=0.093 idtB=0.111 D_A=0.095 D_B=0.144 D_A(real)=0.84 D_A(fake)=0.16 gnG=27.45 gnD=16.73 it_per_s=4.62
2026-10-03 19:31:10,049 INFO iter=607700 epoch=87 lr=9.65e-05 G=1.692 advA2B=0.571 advB2A=0.704 cycA=0.100 cycB=0.108 idtA=0.093 idtB=0.110 D_A=0.095 D_B=0.144 D_A(real)=0.84 D_A(fake)=0.16 gnG=27.42 gnD=16.69 it_per_s=4.64
2026-10-03 19:31:30,423 INFO iter=607800 epoch=87 lr=9.64e-05 G=1.688 advA2B=0.570 advB2A=0.702 cycA=0.100 cycB=0.108 idtA=0.092 idtB=0.110 D_A=0.095 D_B=0.144 D_A(real)=0.84 D_A(fake)=0.16 gnG=27.33 gnD=16.65 it_per_s=4.65
2026-10-03 19:31:50,464 INFO iter=607900 epoch=87 lr=9.63e-05 G=1.688 advA2B=0.568 advB2A=0.702 cycA=0.100 cycB=0.108 idtA=0.092 idtB=0.110 D_A=0.094 D_B=0.144 D_A(real)=0.84 D_A(fake)=0.16 gnG=27.25 gnD=16.59 it_per_s=4.66
2026-10-03 19:32:10,552 INFO iter=608000 epoch=87 lr=9.61e-05 G=1.687 advA2B=0.569 advB2A=0.702 cycA=0.100 cycB=0.108 idtA=0.092 idtB=0.110 D_A=0.095 D_B=0.143 D_A(real)=0.84 D_A(fake)=0.16 gnG=27.25 gnD=16.58 it_per_s=4.67
2026-10-03 19:32:30,663 INFO iter=608100 epoch=87 lr=9.60e-05 G=1.685 advA2B=0.568 advB2A=0.701 cycA=0.100 cycB=0.108 idtA=0.093 idtB=0.110 D_A=0.094 D_B=0.143 D_A(real)=0.84 D_A(fake)=0.16 gnG=27.25 gnD=16.54 it_per_s=4.68
2026-10-03 19:32:50,761 INFO iter=608200 epoch=87 lr=9.58e-05 G=1.687 advA2B=0.567 advB2A=0.703 cycA=0.100 cycB=0.108 idtA=0.094 idtB=0.110 D_A=0.094 D_B=0.143 D_A(real)=0.84 D_A(fake)=0.16 gnG=27.24 gnD=16.51 it_per_s=4.69
2026-10-03 19:33:10,299 INFO iter=608300 epoch=87 lr=9.57e-05 G=1.695 advA2B=0.571 advB2A=0.704 cycA=0.101 cycB=0.109 idtA=0.095 idtB=0.110 D_A=0.094 D_B=0.143 D_A(real)=0.84 D_A(fake)=0.16 gnG=27.35 gnD=16.47 it_per_s=4.70
2026-10-03 19:33:30,441 INFO iter=608400 epoch=87 lr=9.56e-05 G=1.692 advA2B=0.569 advB2A=0.704 cycA=0.101 cycB=0.109 idtA=0.094 idtB=0.110 D_A=0.094 D_B=0.143 D_A(real)=0.84 D_A(fake)=0.16 gnG=27.35 gnD=16.43 it_per_s=4.71
2026-10-03 19:33:50,516 INFO iter=608500 epoch=87 lr=9.54e-05 G=1.691 advA2B=0.569 advB2A=0.702 cycA=0.101 cycB=0.109 idtA=0.094 idtB=0.110 D_A=0.094 D_B=0.142 D_A(real)=0.84 D_A(fake)=0.16 gnG=27.35 gnD=16.39 it_per_s=4.72
2026-10-03 19:34:10,640 INFO iter=608600 epoch=87 lr=9.53e-05 G=1.690 advA2B=0.571 advB2A=0.699 cycA=0.101 cycB=0.109 idtA=0.095 idtB=0.111 D_A=0.094 D_B=0.142 D_A(real)=0.84 D_A(fake)=0.16 gnG=27.45 gnD=16.39 it_per_s=4.73
2026-10-03 19:34:30,720 INFO iter=608700 epoch=87 lr=9.51e-05 G=1.691 advA2B=0.573 advB2A=0.698 cycA=0.101 cycB=0.109 idtA=0.095 idtB=0.111 D_A=0.094 D_B=0.141 D_A(real)=0.84 D_A(fake)=0.16 gnG=27.49 gnD=16.33 it_per_s=4.73
2026-10-03 19:34:50,808 INFO iter=608800 epoch=87 lr=9.50e-05 G=1.690 advA2B=0.572 advB2A=0.697 cycA=0.101 cycB=0.109 idtA=0.095 idtB=0.112 D_A=0.094 D_B=0.141 D_A(real)=0.84 D_A(fake)=0.16 gnG=27.50 gnD=16.30 it_per_s=4.74
2026-10-03 19:35:10,922 INFO iter=608900 epoch=87 lr=9.48e-05 G=1.691 advA2B=0.573 advB2A=0.696 cycA=0.102 cycB=0.109 idtA=0.095 idtB=0.113 D_A=0.094 D_B=0.141 D_A(real)=0.84 D_A(fake)=0.16 gnG=27.41 gnD=16.28 it_per_s=4.75
2026-10-03 19:35:31,050 INFO iter=609000 epoch=87 lr=9.47e-05 G=1.692 advA2B=0.573 advB2A=0.696 cycA=0.102 cycB=0.109 idtA=0.096 idtB=0.113 D_A=0.094 D_B=0.141 D_A(real)=0.84 D_A(fake)=0.16 gnG=27.28 gnD=16.29 it_per_s=4.75
2026-10-03 19:35:51,141 INFO iter=609100 epoch=87 lr=9.46e-05 G=1.692 advA2B=0.572 advB2A=0.697 cycA=0.102 cycB=0.110 idtA=0.096 idtB=0.114 D_A=0.094 D_B=0.141 D_A(real)=0.84 D_A(fake)=0.16 gnG=27.24 gnD=16.27 it_per_s=4.76
2026-10-03 19:36:11,261 INFO iter=609200 epoch=87 lr=9.44e-05 G=1.689 advA2B=0.571 advB2A=0.695 cycA=0.102 cycB=0.110 idtA=0.096 idtB=0.114 D_A=0.095 D_B=0.141 D_A(real)=0.84 D_A(fake)=0.16 gnG=27.16 gnD=16.29 it_per_s=4.76
2026-10-03 19:36:31,332 INFO iter=609300 epoch=87 lr=9.43e-05 G=1.687 advA2B=0.571 advB2A=0.693 cycA=0.102 cycB=0.110 idtA=0.097 idtB=0.114 D_A=0.094 D_B=0.141 D_A(real)=0.84 D_A(fake)=0.16 gnG=27.11 gnD=16.28 it_per_s=4.77
2026-10-03 19:36:51,405 INFO iter=609400 epoch=87 lr=9.41e-05 G=1.686 advA2B=0.569 advB2A=0.694 cycA=0.102 cycB=0.110 idtA=0.097 idtB=0.114 D_A=0.094 D_B=0.140 D_A(real)=0.84 D_A(fake)=0.16 gnG=27.08 gnD=16.25 it_per_s=4.77
2026-10-03 19:37:11,516 INFO iter=609500 epoch=87 lr=9.40e-05 G=1.684 advA2B=0.569 advB2A=0.692 cycA=0.102 cycB=0.110 idtA=0.097 idtB=0.114 D_A=0.095 D_B=0.140 D_A(real)=0.84 D_A(fake)=0.16 gnG=27.07 gnD=16.24 it_per_s=4.78
2026-10-03 19:37:31,603 INFO iter=609600 epoch=87 lr=9.38e-05 G=1.685 advA2B=0.570 advB2A=0.692 cycA=0.102 cycB=0.110 idtA=0.097 idtB=0.114 D_A=0.094 D_B=0.140 D_A(real)=0.84 D_A(fake)=0.16 gnG=27.13 gnD=16.25 it_per_s=4.78
2026-10-03 19:37:51,675 INFO iter=609700 epoch=87 lr=9.37e-05 G=1.684 advA2B=0.569 advB2A=0.691 cycA=0.102 cycB=0.110 idtA=0.097 idtB=0.114 D_A=0.094 D_B=0.140 D_A(real)=0.84 D_A(fake)=0.16 gnG=27.02 gnD=16.21 it_per_s=4.79
2026-10-03 19:38:11,781 INFO iter=609800 epoch=87 lr=9.36e-05 G=1.683 advA2B=0.568 advB2A=0.692 cycA=0.102 cycB=0.110 idtA=0.097 idtB=0.115 D_A=0.094 D_B=0.140 D_A(real)=0.84 D_A(fake)=0.16 gnG=26.96 gnD=16.19 it_per_s=4.79
2026-10-03 19:38:31,878 INFO iter=609900 epoch=87 lr=9.34e-05 G=1.682 advA2B=0.567 advB2A=0.692 cycA=0.102 cycB=0.110 idtA=0.097 idtB=0.114 D_A=0.094 D_B=0.140 D_A(real)=0.84 D_A(fake)=0.16 gnG=26.91 gnD=16.18 it_per_s=4.79
2026-10-03 19:38:52,013 INFO iter=610000 epoch=87 lr=9.33e-05 G=1.681 advA2B=0.566 advB2A=0.692 cycA=0.102 cycB=0.110 idtA=0.098 idtB=0.114 D_A=0.094 D_B=0.140 D_A(real)=0.84 D_A(fake)=0.16 gnG=26.82 gnD=16.16 it_per_s=4.80
2026-10-03 19:39:12,119 INFO iter=610100 epoch=87 lr=9.31e-05 G=1.681 advA2B=0.565 advB2A=0.692 cycA=0.102 cycB=0.110 idtA=0.098 idtB=0.114 D_A=0.094 D_B=0.140 D_A(real)=0.84 D_A(fake)=0.16 gnG=26.75 gnD=16.16 it_per_s=4.80
2026-10-03 19:39:32,269 INFO iter=610200 epoch=87 lr=9.30e-05 G=1.681 advA2B=0.565 advB2A=0.692 cycA=0.102 cycB=0.110 idtA=0.098 idtB=0.114 D_A=0.094 D_B=0.140 D_A(real)=0.84 D_A(fake)=0.16 gnG=26.69 gnD=16.15 it_per_s=4.80
2026-10-03 19:39:52,389 INFO iter=610300 epoch=87 lr=9.29e-05 G=1.681 advA2B=0.565 advB2A=0.690 cycA=0.102 cycB=0.110 idtA=0.098 idtB=0.115 D_A=0.094 D_B=0.140 D_A(real)=0.84 D_A(fake)=0.16 gnG=26.64 gnD=16.13 it_per_s=4.81
2026-10-03 19:40:12,499 INFO iter=610400 epoch=87 lr=9.27e-05 G=1.679 advA2B=0.564 advB2A=0.690 cycA=0.102 cycB=0.110 idtA=0.098 idtB=0.114 D_A=0.093 D_B=0.140 D_A(real)=0.84 D_A(fake)=0.16 gnG=26.58 gnD=16.10 it_per_s=4.81
2026-10-03 19:40:32,631 INFO iter=610500 epoch=87 lr=9.26e-05 G=1.678 advA2B=0.563 advB2A=0.690 cycA=0.102 cycB=0.110 idtA=0.098 idtB=0.114 D_A=0.093 D_B=0.140 D_A(real)=0.84 D_A(fake)=0.16 gnG=26.56 gnD=16.08 it_per_s=4.81
2026-10-03 19:40:52,743 INFO iter=610600 epoch=87 lr=9.24e-05 G=1.676 advA2B=0.562 advB2A=0.689 cycA=0.102 cycB=0.110 idtA=0.098 idtB=0.114 D_A=0.093 D_B=0.140 D_A(real)=0.84 D_A(fake)=0.16 gnG=26.50 gnD=16.09 it_per_s=4.82
2026-10-03 19:41:12,869 INFO iter=610700 epoch=87 lr=9.23e-05 G=1.675 advA2B=0.561 advB2A=0.689 cycA=0.102 cycB=0.110 idtA=0.098 idtB=0.114 D_A=0.093 D_B=0.140 D_A(real)=0.84 D_A(fake)=0.16 gnG=26.45 gnD=16.11 it_per_s=4.82
2026-10-03 19:41:32,962 INFO iter=610800 epoch=87 lr=9.21e-05 G=1.675 advA2B=0.561 advB2A=0.690 cycA=0.102 cycB=0.110 idtA=0.098 idtB=0.114 D_A=0.093 D_B=0.140 D_A(real)=0.84 D_A(fake)=0.16 gnG=26.43 gnD=16.11 it_per_s=4.82
2026-10-03 19:41:53,088 INFO iter=610900 epoch=87 lr=9.20e-05 G=1.675 advA2B=0.560 advB2A=0.689 cycA=0.102 cycB=0.111 idtA=0.099 idtB=0.114 D_A=0.093 D_B=0.140 D_A(real)=0.84 D_A(fake)=0.16 gnG=26.45 gnD=16.09 it_per_s=4.82
2026-10-03 19:42:13,221 INFO iter=611000 epoch=87 lr=9.19e-05 G=1.675 advA2B=0.560 advB2A=0.689 cycA=0.102 cycB=0.111 idtA=0.098 idtB=0.115 D_A=0.093 D_B=0.140 D_A(real)=0.84 D_A(fake)=0.16 gnG=26.46 gnD=16.09 it_per_s=4.83
2026-10-03 19:42:33,297 INFO iter=611100 epoch=87 lr=9.17e-05 G=1.675 advA2B=0.561 advB2A=0.689 cycA=0.102 cycB=0.111 idtA=0.099 idtB=0.115 D_A=0.093 D_B=0.140 D_A(real)=0.84 D_A(fake)=0.16 gnG=26.45 gnD=16.08 it_per_s=4.83
2026-10-03 19:42:53,433 INFO iter=611200 epoch=87 lr=9.16e-05 G=1.674 advA2B=0.560 advB2A=0.689 cycA=0.102 cycB=0.111 idtA=0.099 idtB=0.115 D_A=0.093 D_B=0.140 D_A(real)=0.84 D_A(fake)=0.16 gnG=26.41 gnD=16.07 it_per_s=4.83
2026-10-03 19:43:13,523 INFO iter=611300 epoch=87 lr=9.14e-05 G=1.673 advA2B=0.558 advB2A=0.688 cycA=0.102 cycB=0.111 idtA=0.099 idtB=0.115 D_A=0.093 D_B=0.140 D_A(real)=0.84 D_A(fake)=0.16 gnG=26.35 gnD=16.07 it_per_s=4.83
2026-10-03 19:43:33,614 INFO iter=611400 epoch=87 lr=9.13e-05 G=1.673 advA2B=0.559 advB2A=0.688 cycA=0.102 cycB=0.111 idtA=0.099 idtB=0.115 D_A=0.093 D_B=0.140 D_A(real)=0.84 D_A(fake)=0.16 gnG=26.32 gnD=16.05 it_per_s=4.84
2026-10-03 19:43:53,725 INFO iter=611500 epoch=87 lr=9.11e-05 G=1.672 advA2B=0.558 advB2A=0.687 cycA=0.102 cycB=0.111 idtA=0.099 idtB=0.115 D_A=0.093 D_B=0.140 D_A(real)=0.84 D_A(fake)=0.16 gnG=26.34 gnD=16.04 it_per_s=4.84
2026-10-03 19:44:13,850 INFO iter=611600 epoch=87 lr=9.10e-05 G=1.672 advA2B=0.559 advB2A=0.687 cycA=0.102 cycB=0.111 idtA=0.099 idtB=0.115 D_A=0.093 D_B=0.141 D_A(real)=0.84 D_A(fake)=0.16 gnG=26.36 gnD=16.01 it_per_s=4.84
2026-10-03 19:44:33,969 INFO iter=611700 epoch=87 lr=9.09e-05 G=1.671 advA2B=0.559 advB2A=0.686 cycA=0.102 cycB=0.111 idtA=0.099 idtB=0.116 D_A=0.093 D_B=0.140 D_A(real)=0.84 D_A(fake)=0.16 gnG=26.36 gnD=16.00 it_per_s=4.84
2026-10-03 19:44:54,071 INFO iter=611800 epoch=87 lr=9.07e-05 G=1.671 advA2B=0.559 advB2A=0.685 cycA=0.102 cycB=0.111 idtA=0.100 idtB=0.116 D_A=0.093 D_B=0.140 D_A(real)=0.84 D_A(fake)=0.16 gnG=26.33 gnD=15.98 it_per_s=4.84
2026-10-03 19:45:14,140 INFO iter=611900 epoch=87 lr=9.06e-05 G=1.671 advA2B=0.558 advB2A=0.685 cycA=0.102 cycB=0.111 idtA=0.100 idtB=0.117 D_A=0.093 D_B=0.140 D_A(real)=0.84 D_A(fake)=0.16 gnG=26.31 gnD=15.96 it_per_s=4.85
2026-10-03 19:45:34,243 INFO iter=612000 epoch=87 lr=9.04e-05 G=1.671 advA2B=0.558 advB2A=0.686 cycA=0.103 cycB=0.111 idtA=0.100 idtB=0.117 D_A=0.092 D_B=0.140 D_A(real)=0.84 D_A(fake)=0.16 gnG=26.33 gnD=15.97 it_per_s=4.85
2026-10-03 19:45:54,340 INFO iter=612100 epoch=87 lr=9.03e-05 G=1.671 advA2B=0.557 advB2A=0.686 cycA=0.102 cycB=0.111 idtA=0.100 idtB=0.118 D_A=0.093 D_B=0.140 D_A(real)=0.84 D_A(fake)=0.16 gnG=26.28 gnD=15.96 it_per_s=4.85
2026-10-03 19:46:14,433 INFO iter=612200 epoch=87 lr=9.02e-05 G=1.673 advA2B=0.558 advB2A=0.687 cycA=0.103 cycB=0.112 idtA=0.100 idtB=0.118 D_A=0.093 D_B=0.140 D_A(real)=0.84 D_A(fake)=0.16 gnG=26.28 gnD=15.94 it_per_s=4.85
2026-10-03 19:46:34,538 INFO iter=612300 epoch=87 lr=9.00e-05 G=1.674 advA2B=0.558 advB2A=0.687 cycA=0.103 cycB=0.112 idtA=0.100 idtB=0.119 D_A=0.093 D_B=0.140 D_A(real)=0.84 D_A(fake)=0.16 gnG=26.28 gnD=15.94 it_per_s=4.85
2026-10-03 19:46:35,746 INFO epoch=87 done time_s=1450 it_per_s=4.85 G=1.674 cycA=0.103 cycB=0.112 idtA=0.100 idtB=0.119 D_A=0.093 D_B=0.140 D_A(real)=0.84 D_A(fake)=0.16 nan_count=0
2026-10-03 19:47:04,074 INFO iter=612400 epoch=88 lr=8.99e-05 G=1.730 advA2B=0.519 advB2A=0.757 cycA=0.111 cycB=0.116 idtA=0.116 idtB=0.151 D_A=0.095 D_B=0.143 D_A(real)=0.82 D_A(fake)=0.17 gnG=23.93 gnD=16.23 it_per_s=5.02
2026-10-03 19:47:24,192 INFO iter=612500 epoch=88 lr=8.97e-05 G=1.676 advA2B=0.525 advB2A=0.709 cycA=0.107 cycB=0.114 idtA=0.103 idtB=0.142 D_A=0.088 D_B=0.135 D_A(real)=0.84 D_A(fake)=0.16 gnG=24.00 gnD=15.54 it_per_s=5.00
2026-10-03 19:47:44,321 INFO iter=612600 epoch=88 lr=8.96e-05 G=1.648 advA2B=0.515 advB2A=0.692 cycA=0.107 cycB=0.113 idtA=0.101 idtB=0.138 D_A=0.091 D_B=0.141 D_A(real)=0.84 D_A(fake)=0.16 gnG=24.92 gnD=15.63 it_per_s=4.99
2026-10-03 19:48:04,423 INFO iter=612700 epoch=88 lr=8.94e-05 G=1.663 advA2B=0.522 advB2A=0.700 cycA=0.107 cycB=0.113 idtA=0.111 idtB=0.146 D_A=0.089 D_B=0.138 D_A(real)=0.84 D_A(fake)=0.16 gnG=25.01 gnD=15.57 it_per_s=4.98
2026-10-03 19:48:24,505 INFO iter=612800 epoch=88 lr=8.93e-05 G=1.674 advA2B=0.530 advB2A=0.705 cycA=0.107 cycB=0.113 idtA=0.120 idtB=0.140 D_A=0.087 D_B=0.135 D_A(real)=0.84 D_A(fake)=0.16 gnG=24.79 gnD=15.42 it_per_s=4.98
2026-10-03 19:48:44,595 INFO iter=612900 epoch=88 lr=8.92e-05 G=1.683 advA2B=0.541 advB2A=0.705 cycA=0.106 cycB=0.113 idtA=0.117 idtB=0.136 D_A=0.087 D_B=0.132 D_A(real)=0.84 D_A(fake)=0.16 gnG=25.20 gnD=15.17 it_per_s=4.98
2026-10-03 19:49:04,795 INFO iter=613000 epoch=88 lr=8.90e-05 G=1.676 advA2B=0.552 advB2A=0.688 cycA=0.106 cycB=0.112 idtA=0.114 idtB=0.136 D_A=0.086 D_B=0.131 D_A(real)=0.84 D_A(fake)=0.16 gnG=25.73 gnD=15.12 it_per_s=4.98
2026-10-03 19:49:24,921 INFO iter=613100 epoch=88 lr=8.89e-05 G=1.674 advA2B=0.557 advB2A=0.680 cycA=0.106 cycB=0.113 idtA=0.115 idtB=0.136 D_A=0.087 D_B=0.131 D_A(real)=0.84 D_A(fake)=0.16 gnG=25.70 gnD=15.08 it_per_s=4.98
2026-10-03 19:49:44,999 INFO iter=613200 epoch=88 lr=8.87e-05 G=1.668 advA2B=0.552 advB2A=0.681 cycA=0.106 cycB=0.112 idtA=0.114 idtB=0.134 D_A=0.087 D_B=0.132 D_A(real)=0.84 D_A(fake)=0.16 gnG=25.39 gnD=15.27 it_per_s=4.98
2026-10-03 19:50:05,104 INFO iter=613300 epoch=88 lr=8.86e-05 G=1.670 advA2B=0.552 advB2A=0.683 cycA=0.105 cycB=0.112 idtA=0.113 idtB=0.134 D_A=0.087 D_B=0.131 D_A(real)=0.84 D_A(fake)=0.16 gnG=25.22 gnD=15.30 it_per_s=4.98
2026-10-03 19:50:25,185 INFO iter=613400 epoch=88 lr=8.84e-05 G=1.670 advA2B=0.554 advB2A=0.681 cycA=0.105 cycB=0.112 idtA=0.113 idtB=0.133 D_A=0.087 D_B=0.131 D_A(real)=0.84 D_A(fake)=0.16 gnG=25.31 gnD=15.24 it_per_s=4.98
2026-10-03 19:50:45,275 INFO iter=613500 epoch=88 lr=8.83e-05 G=1.670 advA2B=0.555 advB2A=0.682 cycA=0.105 cycB=0.111 idtA=0.114 idtB=0.131 D_A=0.087 D_B=0.132 D_A(real)=0.84 D_A(fake)=0.16 gnG=25.28 gnD=15.29 it_per_s=4.98
2026-10-03 19:51:05,434 INFO iter=613600 epoch=88 lr=8.82e-05 G=1.676 advA2B=0.552 advB2A=0.689 cycA=0.105 cycB=0.112 idtA=0.117 idtB=0.130 D_A=0.088 D_B=0.132 D_A(real)=0.84 D_A(fake)=0.16 gnG=25.30 gnD=15.31 it_per_s=4.98
2026-10-03 19:51:25,514 INFO iter=613700 epoch=88 lr=8.80e-05 G=1.672 advA2B=0.551 advB2A=0.685 cycA=0.105 cycB=0.112 idtA=0.115 idtB=0.130 D_A=0.087 D_B=0.131 D_A(real)=0.84 D_A(fake)=0.16 gnG=25.40 gnD=15.21 it_per_s=4.98
2026-10-03 19:51:45,689 INFO iter=613800 epoch=88 lr=8.79e-05 G=1.671 advA2B=0.551 advB2A=0.684 cycA=0.105 cycB=0.113 idtA=0.116 idtB=0.130 D_A=0.087 D_B=0.131 D_A(real)=0.84 D_A(fake)=0.16 gnG=25.32 gnD=15.20 it_per_s=4.97
2026-10-03 19:52:05,784 INFO iter=613900 epoch=88 lr=8.77e-05 G=1.666 advA2B=0.547 advB2A=0.683 cycA=0.105 cycB=0.113 idtA=0.118 idtB=0.130 D_A=0.087 D_B=0.132 D_A(real)=0.84 D_A(fake)=0.16 gnG=25.33 gnD=15.28 it_per_s=4.97
2026-10-03 19:52:25,884 INFO iter=614000 epoch=88 lr=8.76e-05 G=1.660 advA2B=0.544 advB2A=0.681 cycA=0.105 cycB=0.112 idtA=0.118 idtB=0.129 D_A=0.087 D_B=0.133 D_A(real)=0.84 D_A(fake)=0.16 gnG=25.23 gnD=15.27 it_per_s=4.97
2026-10-03 19:52:45,997 INFO iter=614100 epoch=88 lr=8.75e-05 G=1.659 advA2B=0.542 advB2A=0.683 cycA=0.105 cycB=0.112 idtA=0.118 idtB=0.129 D_A=0.087 D_B=0.133 D_A(real)=0.84 D_A(fake)=0.16 gnG=25.11 gnD=15.25 it_per_s=4.97
2026-10-03 19:53:06,086 INFO iter=614200 epoch=88 lr=8.73e-05 G=1.665 advA2B=0.544 advB2A=0.686 cycA=0.105 cycB=0.112 idtA=0.119 idtB=0.128 D_A=0.087 D_B=0.133 D_A(real)=0.84 D_A(fake)=0.16 gnG=25.14 gnD=15.27 it_per_s=4.97
2026-10-03 19:53:26,179 INFO iter=614300 epoch=88 lr=8.72e-05 G=1.668 advA2B=0.546 advB2A=0.686 cycA=0.105 cycB=0.112 idtA=0.119 idtB=0.130 D_A=0.087 D_B=0.133 D_A(real)=0.84 D_A(fake)=0.16 gnG=25.23 gnD=15.24 it_per_s=4.97
2026-10-03 19:53:46,319 INFO iter=614400 epoch=88 lr=8.70e-05 G=1.665 advA2B=0.544 advB2A=0.686 cycA=0.105 cycB=0.113 idtA=0.120 idtB=0.131 D_A=0.086 D_B=0.133 D_A(real)=0.84 D_A(fake)=0.16 gnG=25.17 gnD=15.27 it_per_s=4.97
2026-10-03 19:54:06,379 INFO iter=614500 epoch=88 lr=8.69e-05 G=1.662 advA2B=0.544 advB2A=0.684 cycA=0.105 cycB=0.113 idtA=0.120 idtB=0.130 D_A=0.086 D_B=0.133 D_A(real)=0.84 D_A(fake)=0.16 gnG=25.18 gnD=15.25 it_per_s=4.97
2026-10-03 19:54:26,509 INFO iter=614600 epoch=88 lr=8.67e-05 G=1.661 advA2B=0.543 advB2A=0.683 cycA=0.105 cycB=0.113 idtA=0.119 idtB=0.130 D_A=0.086 D_B=0.133 D_A(real)=0.84 D_A(fake)=0.16 gnG=25.22 gnD=15.26 it_per_s=4.97
2026-10-03 19:54:46,619 INFO iter=614700 epoch=88 lr=8.66e-05 G=1.661 advA2B=0.543 advB2A=0.682 cycA=0.105 cycB=0.113 idtA=0.120 idtB=0.130 D_A=0.087 D_B=0.133 D_A(real)=0.84 D_A(fake)=0.16 gnG=25.10 gnD=15.27 it_per_s=4.97
2026-10-03 19:55:06,739 INFO iter=614800 epoch=88 lr=8.65e-05 G=1.658 advA2B=0.540 advB2A=0.682 cycA=0.105 cycB=0.113 idtA=0.121 idtB=0.129 D_A=0.087 D_B=0.134 D_A(real)=0.84 D_A(fake)=0.16 gnG=25.00 gnD=15.31 it_per_s=4.97
2026-10-03 19:55:26,841 INFO iter=614900 epoch=88 lr=8.63e-05 G=1.655 advA2B=0.539 advB2A=0.680 cycA=0.104 cycB=0.114 idtA=0.121 idtB=0.129 D_A=0.088 D_B=0.134 D_A(real)=0.84 D_A(fake)=0.16 gnG=24.97 gnD=15.30 it_per_s=4.97
2026-10-03 19:55:46,909 INFO iter=615000 epoch=88 lr=8.62e-05 G=1.654 advA2B=0.539 advB2A=0.679 cycA=0.104 cycB=0.114 idtA=0.121 idtB=0.129 D_A=0.088 D_B=0.134 D_A(real)=0.83 D_A(fake)=0.17 gnG=24.96 gnD=15.32 it_per_s=4.97
2026-10-03 19:56:07,002 INFO iter=615100 epoch=88 lr=8.60e-05 G=1.654 advA2B=0.538 advB2A=0.679 cycA=0.105 cycB=0.114 idtA=0.121 idtB=0.130 D_A=0.088 D_B=0.135 D_A(real)=0.83 D_A(fake)=0.16 gnG=24.89 gnD=15.35 it_per_s=4.97
2026-10-03 19:56:26,843 INFO iter=615200 epoch=88 lr=8.59e-05 G=1.654 advA2B=0.539 advB2A=0.679 cycA=0.104 cycB=0.114 idtA=0.122 idtB=0.131 D_A=0.088 D_B=0.135 D_A(real)=0.83 D_A(fake)=0.17 gnG=24.89 gnD=15.33 it_per_s=4.98
2026-10-03 19:56:46,318 INFO iter=615300 epoch=88 lr=8.57e-05 G=1.654 advA2B=0.539 advB2A=0.680 cycA=0.104 cycB=0.114 idtA=0.122 idtB=0.131 D_A=0.088 D_B=0.135 D_A(real)=0.83 D_A(fake)=0.16 gnG=24.82 gnD=15.29 it_per_s=4.98
2026-10-03 19:57:10,314 INFO iter=615400 epoch=88 lr=8.56e-05 G=1.656 advA2B=0.541 advB2A=0.679 cycA=0.104 cycB=0.114 idtA=0.123 idtB=0.131 D_A=0.088 D_B=0.134 D_A(real)=0.83 D_A(fake)=0.16 gnG=24.73 gnD=15.27 it_per_s=4.95
2026-10-03 19:57:34,058 INFO iter=615500 epoch=88 lr=8.55e-05 G=1.655 advA2B=0.541 advB2A=0.679 cycA=0.104 cycB=0.114 idtA=0.122 idtB=0.131 D_A=0.088 D_B=0.134 D_A(real)=0.83 D_A(fake)=0.17 gnG=24.71 gnD=15.27 it_per_s=4.92
2026-10-03 19:57:56,928 INFO iter=615600 epoch=88 lr=8.53e-05 G=1.657 advA2B=0.542 advB2A=0.679 cycA=0.104 cycB=0.114 idtA=0.123 idtB=0.131 D_A=0.088 D_B=0.134 D_A(real)=0.83 D_A(fake)=0.17 gnG=24.78 gnD=15.26 it_per_s=4.90
2026-10-03 19:58:18,836 INFO iter=615700 epoch=88 lr=8.52e-05 G=1.656 advA2B=0.542 advB2A=0.678 cycA=0.104 cycB=0.114 idtA=0.122 idtB=0.131 D_A=0.088 D_B=0.135 D_A(real)=0.83 D_A(fake)=0.17 gnG=24.82 gnD=15.27 it_per_s=4.89
2026-10-03 19:58:42,867 INFO iter=615800 epoch=88 lr=8.50e-05 G=1.653 advA2B=0.541 advB2A=0.676 cycA=0.104 cycB=0.114 idtA=0.122 idtB=0.131 D_A=0.088 D_B=0.135 D_A(real)=0.83 D_A(fake)=0.17 gnG=24.72 gnD=15.29 it_per_s=4.87
2026-10-03 19:59:06,540 INFO iter=615900 epoch=88 lr=8.49e-05 G=1.651 advA2B=0.540 advB2A=0.676 cycA=0.104 cycB=0.114 idtA=0.121 idtB=0.131 D_A=0.089 D_B=0.135 D_A(real)=0.83 D_A(fake)=0.17 gnG=24.68 gnD=15.31 it_per_s=4.85
2026-10-03 19:59:30,246 INFO iter=616000 epoch=88 lr=8.48e-05 G=1.652 advA2B=0.540 advB2A=0.676 cycA=0.104 cycB=0.114 idtA=0.122 idtB=0.131 D_A=0.089 D_B=0.135 D_A(real)=0.83 D_A(fake)=0.17 gnG=24.67 gnD=15.31 it_per_s=4.83
2026-10-03 19:59:51,976 INFO iter=616100 epoch=88 lr=8.46e-05 G=1.651 advA2B=0.540 advB2A=0.675 cycA=0.104 cycB=0.114 idtA=0.121 idtB=0.131 D_A=0.089 D_B=0.135 D_A(real)=0.83 D_A(fake)=0.17 gnG=24.64 gnD=15.31 it_per_s=4.82
2026-10-03 20:00:15,335 INFO iter=616200 epoch=88 lr=8.45e-05 G=1.653 advA2B=0.540 advB2A=0.677 cycA=0.104 cycB=0.114 idtA=0.121 idtB=0.130 D_A=0.089 D_B=0.135 D_A(real)=0.83 D_A(fake)=0.17 gnG=24.67 gnD=15.31 it_per_s=4.81
2026-10-03 20:00:38,972 INFO iter=616300 epoch=88 lr=8.43e-05 G=1.652 advA2B=0.539 advB2A=0.676 cycA=0.104 cycB=0.114 idtA=0.121 idtB=0.131 D_A=0.089 D_B=0.135 D_A(real)=0.83 D_A(fake)=0.17 gnG=24.65 gnD=15.32 it_per_s=4.79
2026-10-03 20:01:02,996 INFO iter=616400 epoch=88 lr=8.42e-05 G=1.650 advA2B=0.538 advB2A=0.676 cycA=0.104 cycB=0.114 idtA=0.120 idtB=0.131 D_A=0.089 D_B=0.136 D_A(real)=0.83 D_A(fake)=0.17 gnG=24.65 gnD=15.33 it_per_s=4.77
2026-10-03 20:01:25,501 INFO iter=616500 epoch=88 lr=8.40e-05 G=1.650 advA2B=0.537 advB2A=0.677 cycA=0.104 cycB=0.114 idtA=0.120 idtB=0.131 D_A=0.089 D_B=0.136 D_A(real)=0.83 D_A(fake)=0.17 gnG=24.59 gnD=15.32 it_per_s=4.77
2026-10-03 20:01:47,630 INFO iter=616600 epoch=88 lr=8.39e-05 G=1.650 advA2B=0.537 advB2A=0.677 cycA=0.104 cycB=0.114 idtA=0.120 idtB=0.130 D_A=0.089 D_B=0.136 D_A(real)=0.83 D_A(fake)=0.17 gnG=24.64 gnD=15.34 it_per_s=4.76
2026-10-03 20:02:11,652 INFO iter=616700 epoch=88 lr=8.38e-05 G=1.650 advA2B=0.537 advB2A=0.677 cycA=0.104 cycB=0.114 idtA=0.120 idtB=0.130 D_A=0.089 D_B=0.136 D_A(real)=0.83 D_A(fake)=0.17 gnG=24.69 gnD=15.35 it_per_s=4.74
2026-10-03 20:02:31,858 INFO iter=616800 epoch=88 lr=8.36e-05 G=1.650 advA2B=0.536 advB2A=0.678 cycA=0.104 cycB=0.114 idtA=0.120 idtB=0.130 D_A=0.089 D_B=0.136 D_A(real)=0.83 D_A(fake)=0.17 gnG=24.63 gnD=15.35 it_per_s=4.75
2026-10-03 20:02:51,923 INFO iter=616900 epoch=88 lr=8.35e-05 G=1.651 advA2B=0.538 advB2A=0.677 cycA=0.104 cycB=0.114 idtA=0.120 idtB=0.130 D_A=0.089 D_B=0.136 D_A(real)=0.83 D_A(fake)=0.17 gnG=24.81 gnD=15.35 it_per_s=4.75
2026-10-03 20:03:11,990 INFO iter=617000 epoch=88 lr=8.33e-05 G=1.654 advA2B=0.540 advB2A=0.678 cycA=0.104 cycB=0.114 idtA=0.119 idtB=0.130 D_A=0.089 D_B=0.136 D_A(real)=0.83 D_A(fake)=0.17 gnG=24.85 gnD=15.35 it_per_s=4.76
2026-10-03 20:03:32,114 INFO iter=617100 epoch=88 lr=8.32e-05 G=1.656 advA2B=0.541 advB2A=0.679 cycA=0.104 cycB=0.114 idtA=0.119 idtB=0.130 D_A=0.089 D_B=0.136 D_A(real)=0.83 D_A(fake)=0.17 gnG=25.02 gnD=15.32 it_per_s=4.76
2026-10-03 20:03:52,169 INFO iter=617200 epoch=88 lr=8.30e-05 G=1.661 advA2B=0.545 advB2A=0.680 cycA=0.104 cycB=0.114 idtA=0.119 idtB=0.131 D_A=0.088 D_B=0.135 D_A(real)=0.83 D_A(fake)=0.17 gnG=25.06 gnD=15.28 it_per_s=4.77
2026-10-03 20:04:12,234 INFO iter=617300 epoch=88 lr=8.29e-05 G=1.661 advA2B=0.545 advB2A=0.679 cycA=0.105 cycB=0.114 idtA=0.119 idtB=0.131 D_A=0.089 D_B=0.135 D_A(real)=0.83 D_A(fake)=0.17 gnG=25.03 gnD=15.26 it_per_s=4.77
2026-10-03 20:04:32,337 INFO iter=617400 epoch=88 lr=8.28e-05 G=1.663 advA2B=0.547 advB2A=0.678 cycA=0.105 cycB=0.114 idtA=0.119 idtB=0.132 D_A=0.089 D_B=0.134 D_A(real)=0.83 D_A(fake)=0.17 gnG=25.18 gnD=15.24 it_per_s=4.77
2026-10-03 20:04:52,417 INFO iter=617500 epoch=88 lr=8.26e-05 G=1.663 advA2B=0.547 advB2A=0.678 cycA=0.105 cycB=0.114 idtA=0.118 idtB=0.132 D_A=0.089 D_B=0.134 D_A(real)=0.83 D_A(fake)=0.17 gnG=25.26 gnD=15.24 it_per_s=4.78
2026-10-03 20:05:12,492 INFO iter=617600 epoch=88 lr=8.25e-05 G=1.664 advA2B=0.547 advB2A=0.678 cycA=0.105 cycB=0.114 idtA=0.119 idtB=0.132 D_A=0.089 D_B=0.134 D_A(real)=0.83 D_A(fake)=0.17 gnG=25.30 gnD=15.23 it_per_s=4.78
2026-10-03 20:05:32,585 INFO iter=617700 epoch=88 lr=8.23e-05 G=1.662 advA2B=0.546 advB2A=0.678 cycA=0.105 cycB=0.114 idtA=0.119 idtB=0.132 D_A=0.089 D_B=0.134 D_A(real)=0.83 D_A(fake)=0.17 gnG=25.26 gnD=15.23 it_per_s=4.79
2026-10-03 20:05:52,640 INFO iter=617800 epoch=88 lr=8.22e-05 G=1.662 advA2B=0.546 advB2A=0.677 cycA=0.105 cycB=0.114 idtA=0.119 idtB=0.132 D_A=0.089 D_B=0.134 D_A(real)=0.83 D_A(fake)=0.17 gnG=25.23 gnD=15.21 it_per_s=4.79
2026-10-03 20:06:12,713 INFO iter=617900 epoch=88 lr=8.21e-05 G=1.661 advA2B=0.546 advB2A=0.676 cycA=0.105 cycB=0.114 idtA=0.119 idtB=0.132 D_A=0.089 D_B=0.134 D_A(real)=0.83 D_A(fake)=0.17 gnG=25.22 gnD=15.20 it_per_s=4.79
2026-10-03 20:06:32,776 INFO iter=618000 epoch=88 lr=8.19e-05 G=1.662 advA2B=0.548 advB2A=0.676 cycA=0.105 cycB=0.114 idtA=0.119 idtB=0.132 D_A=0.089 D_B=0.134 D_A(real)=0.83 D_A(fake)=0.17 gnG=25.20 gnD=15.20 it_per_s=4.80
2026-10-03 20:06:52,843 INFO iter=618100 epoch=88 lr=8.18e-05 G=1.662 advA2B=0.549 advB2A=0.675 cycA=0.105 cycB=0.114 idtA=0.119 idtB=0.132 D_A=0.089 D_B=0.134 D_A(real)=0.83 D_A(fake)=0.17 gnG=25.14 gnD=15.19 it_per_s=4.80
2026-10-03 20:07:12,880 INFO iter=618200 epoch=88 lr=8.16e-05 G=1.662 advA2B=0.549 advB2A=0.675 cycA=0.105 cycB=0.114 idtA=0.118 idtB=0.132 D_A=0.089 D_B=0.133 D_A(real)=0.83 D_A(fake)=0.17 gnG=25.16 gnD=15.17 it_per_s=4.80
2026-10-03 20:07:32,989 INFO iter=618300 epoch=88 lr=8.15e-05 G=1.663 advA2B=0.549 advB2A=0.675 cycA=0.105 cycB=0.114 idtA=0.118 idtB=0.133 D_A=0.089 D_B=0.133 D_A(real)=0.83 D_A(fake)=0.17 gnG=25.15 gnD=15.18 it_per_s=4.80
2026-10-03 20:07:53,056 INFO iter=618400 epoch=88 lr=8.13e-05 G=1.662 advA2B=0.548 advB2A=0.675 cycA=0.105 cycB=0.114 idtA=0.118 idtB=0.133 D_A=0.089 D_B=0.134 D_A(real)=0.83 D_A(fake)=0.17 gnG=25.14 gnD=15.19 it_per_s=4.81
2026-10-03 20:08:13,150 INFO iter=618500 epoch=88 lr=8.12e-05 G=1.663 advA2B=0.549 advB2A=0.675 cycA=0.105 cycB=0.114 idtA=0.118 idtB=0.133 D_A=0.089 D_B=0.133 D_A(real)=0.83 D_A(fake)=0.17 gnG=25.18 gnD=15.20 it_per_s=4.81
2026-10-03 20:08:33,225 INFO iter=618600 epoch=88 lr=8.11e-05 G=1.664 advA2B=0.550 advB2A=0.676 cycA=0.105 cycB=0.114 idtA=0.119 idtB=0.133 D_A=0.089 D_B=0.133 D_A(real)=0.83 D_A(fake)=0.17 gnG=25.15 gnD=15.18 it_per_s=4.81
2026-10-03 20:08:53,335 INFO iter=618700 epoch=88 lr=8.09e-05 G=1.666 advA2B=0.551 advB2A=0.676 cycA=0.105 cycB=0.114 idtA=0.119 idtB=0.133 D_A=0.089 D_B=0.133 D_A(real)=0.83 D_A(fake)=0.17 gnG=25.19 gnD=15.18 it_per_s=4.81
2026-10-03 20:09:13,426 INFO iter=618800 epoch=88 lr=8.08e-05 G=1.666 advA2B=0.551 advB2A=0.676 cycA=0.105 cycB=0.114 idtA=0.119 idtB=0.133 D_A=0.089 D_B=0.133 D_A(real)=0.83 D_A(fake)=0.17 gnG=25.18 gnD=15.18 it_per_s=4.82
2026-10-03 20:09:33,539 INFO iter=618900 epoch=88 lr=8.06e-05 G=1.665 advA2B=0.550 advB2A=0.676 cycA=0.105 cycB=0.114 idtA=0.119 idtB=0.133 D_A=0.089 D_B=0.133 D_A(real)=0.83 D_A(fake)=0.17 gnG=25.17 gnD=15.19 it_per_s=4.82
2026-10-03 20:09:53,648 INFO iter=619000 epoch=88 lr=8.05e-05 G=1.664 advA2B=0.550 advB2A=0.675 cycA=0.105 cycB=0.114 idtA=0.119 idtB=0.133 D_A=0.089 D_B=0.133 D_A(real)=0.83 D_A(fake)=0.17 gnG=25.17 gnD=15.19 it_per_s=4.82
2026-10-03 20:10:13,748 INFO iter=619100 epoch=88 lr=8.03e-05 G=1.663 advA2B=0.550 advB2A=0.675 cycA=0.105 cycB=0.114 idtA=0.119 idtB=0.134 D_A=0.089 D_B=0.133 D_A(real)=0.83 D_A(fake)=0.17 gnG=25.14 gnD=15.20 it_per_s=4.82
2026-10-03 20:10:33,859 INFO iter=619200 epoch=88 lr=8.02e-05 G=1.664 advA2B=0.550 advB2A=0.675 cycA=0.105 cycB=0.114 idtA=0.120 idtB=0.134 D_A=0.089 D_B=0.132 D_A(real)=0.83 D_A(fake)=0.17 gnG=25.14 gnD=15.19 it_per_s=4.83
2026-10-03 20:10:53,964 INFO iter=619300 epoch=88 lr=8.01e-05 G=1.664 advA2B=0.551 advB2A=0.675 cycA=0.105 cycB=0.114 idtA=0.120 idtB=0.134 D_A=0.089 D_B=0.132 D_A(real)=0.83 D_A(fake)=0.17 gnG=25.11 gnD=15.18 it_per_s=4.83
2026-10-03 20:11:02,799 INFO epoch=88 done time_s=1457 it_per_s=4.83 G=1.665 cycA=0.105 cycB=0.114 idtA=0.120 idtB=0.134 D_A=0.089 D_B=0.132 D_A(real)=0.83 D_A(fake)=0.17 nan_count=0
2026-10-03 20:11:15,096 INFO iter=619400 epoch=89 lr=7.99e-05 G=1.590 advA2B=0.497 advB2A=0.661 cycA=0.099 cycB=0.117 idtA=0.120 idtB=0.148 D_A=0.074 D_B=0.136 D_A(real)=0.86 D_A(fake)=0.15 gnG=21.55 gnD=14.81 it_per_s=4.97
2026-10-03 20:11:35,251 INFO iter=619500 epoch=89 lr=7.98e-05 G=1.617 advA2B=0.549 advB2A=0.645 cycA=0.103 cycB=0.109 idtA=0.121 idtB=0.142 D_A=0.092 D_B=0.139 D_A(real)=0.83 D_A(fake)=0.17 gnG=22.26 gnD=15.49 it_per_s=4.96
2026-10-03 20:11:59,257 INFO iter=619600 epoch=89 lr=7.96e-05 G=1.673 advA2B=0.583 advB2A=0.668 cycA=0.101 cycB=0.110 idtA=0.124 idtB=0.143 D_A=0.091 D_B=0.132 D_A(real)=0.83 D_A(fake)=0.17 gnG=23.53 gnD=15.00 it_per_s=4.62
2026-10-03 20:12:22,805 INFO iter=619700 epoch=89 lr=7.95e-05 G=1.660 advA2B=0.572 advB2A=0.666 cycA=0.100 cycB=0.111 idtA=0.120 idtB=0.144 D_A=0.089 D_B=0.136 D_A(real)=0.83 D_A(fake)=0.17 gnG=24.34 gnD=15.23 it_per_s=4.51
2026-10-03 20:12:43,438 INFO iter=619800 epoch=89 lr=7.94e-05 G=1.673 advA2B=0.578 advB2A=0.672 cycA=0.101 cycB=0.111 idtA=0.117 idtB=0.143 D_A=0.089 D_B=0.136 D_A(real)=0.83 D_A(fake)=0.17 gnG=24.84 gnD=15.30 it_per_s=4.58
2026-10-03 20:13:04,929 INFO iter=619900 epoch=89 lr=7.92e-05 G=1.661 advA2B=0.569 advB2A=0.668 cycA=0.101 cycB=0.110 idtA=0.119 idtB=0.146 D_A=0.088 D_B=0.137 D_A(real)=0.83 D_A(fake)=0.17 gnG=25.02 gnD=15.31 it_per_s=4.59
2026-10-03 20:13:29,093 INFO iter=620000 epoch=89 lr=7.91e-05 G=1.668 advA2B=0.569 advB2A=0.675 cycA=0.101 cycB=0.111 idtA=0.121 idtB=0.143 D_A=0.087 D_B=0.135 D_A(real)=0.83 D_A(fake)=0.17 gnG=24.83 gnD=15.24 it_per_s=4.52
2026-10-03 20:13:59,197 INFO iter=620100 epoch=89 lr=7.89e-05 G=1.665 advA2B=0.570 advB2A=0.671 cycA=0.101 cycB=0.111 idtA=0.122 idtB=0.143 D_A=0.088 D_B=0.134 D_A(real)=0.83 D_A(fake)=0.17 gnG=24.62 gnD=15.30 it_per_s=4.31
2026-10-03 20:14:29,353 INFO iter=620200 epoch=89 lr=7.88e-05 G=1.666 advA2B=0.575 advB2A=0.666 cycA=0.101 cycB=0.111 idtA=0.122 idtB=0.142 D_A=0.088 D_B=0.134 D_A(real)=0.83 D_A(fake)=0.17 gnG=24.70 gnD=15.31 it_per_s=4.16
2026-10-03 20:14:58,394 INFO iter=620300 epoch=89 lr=7.86e-05 G=1.653 advA2B=0.566 advB2A=0.663 cycA=0.101 cycB=0.111 idtA=0.122 idtB=0.141 D_A=0.088 D_B=0.135 D_A(real)=0.83 D_A(fake)=0.17 gnG=24.77 gnD=15.25 it_per_s=4.08
2026-10-03 20:15:19,201 INFO iter=620400 epoch=89 lr=7.85e-05 G=1.657 advA2B=0.568 advB2A=0.663 cycA=0.101 cycB=0.112 idtA=0.120 idtB=0.144 D_A=0.088 D_B=0.134 D_A(real)=0.83 D_A(fake)=0.17 gnG=25.15 gnD=15.17 it_per_s=4.14
2026-10-03 20:15:39,878 INFO iter=620500 epoch=89 lr=7.84e-05 G=1.662 advA2B=0.567 advB2A=0.667 cycA=0.102 cycB=0.112 idtA=0.120 idtB=0.143 D_A=0.087 D_B=0.134 D_A(real)=0.83 D_A(fake)=0.17 gnG=25.31 gnD=15.10 it_per_s=4.19
2026-10-03 20:16:00,025 INFO iter=620600 epoch=89 lr=7.82e-05 G=1.654 advA2B=0.565 advB2A=0.660 cycA=0.102 cycB=0.112 idtA=0.119 idtB=0.143 D_A=0.088 D_B=0.134 D_A(real)=0.83 D_A(fake)=0.17 gnG=25.27 gnD=15.14 it_per_s=4.24
2026-10-03 20:16:20,162 INFO iter=620700 epoch=89 lr=7.81e-05 G=1.656 advA2B=0.567 advB2A=0.661 cycA=0.102 cycB=0.112 idtA=0.120 idtB=0.142 D_A=0.088 D_B=0.134 D_A(real)=0.83 D_A(fake)=0.17 gnG=25.31 gnD=15.08 it_per_s=4.29
2026-10-03 20:16:40,376 INFO iter=620800 epoch=89 lr=7.79e-05 G=1.657 advA2B=0.566 advB2A=0.661 cycA=0.102 cycB=0.113 idtA=0.120 idtB=0.142 D_A=0.088 D_B=0.134 D_A(real)=0.83 D_A(fake)=0.17 gnG=25.22 gnD=15.03 it_per_s=4.33
2026-10-03 20:17:00,822 INFO iter=620900 epoch=89 lr=7.78e-05 G=1.655 advA2B=0.562 advB2A=0.664 cycA=0.102 cycB=0.113 idtA=0.120 idtB=0.142 D_A=0.088 D_B=0.134 D_A(real)=0.83 D_A(fake)=0.17 gnG=25.27 gnD=15.09 it_per_s=4.36
2026-10-03 20:17:21,207 INFO iter=621000 epoch=89 lr=7.76e-05 G=1.654 advA2B=0.562 advB2A=0.663 cycA=0.102 cycB=0.112 idtA=0.121 idtB=0.142 D_A=0.089 D_B=0.135 D_A(real)=0.83 D_A(fake)=0.17 gnG=25.10 gnD=15.16 it_per_s=4.39
2026-10-03 20:17:41,606 INFO iter=621100 epoch=89 lr=7.75e-05 G=1.655 advA2B=0.563 advB2A=0.662 cycA=0.102 cycB=0.113 idtA=0.121 idtB=0.142 D_A=0.088 D_B=0.134 D_A(real)=0.83 D_A(fake)=0.17 gnG=25.09 gnD=15.14 it_per_s=4.41
2026-10-03 20:18:01,839 INFO iter=621200 epoch=89 lr=7.74e-05 G=1.655 advA2B=0.562 advB2A=0.664 cycA=0.102 cycB=0.113 idtA=0.120 idtB=0.141 D_A=0.088 D_B=0.134 D_A(real)=0.83 D_A(fake)=0.17 gnG=25.25 gnD=15.13 it_per_s=4.44
2026-10-03 20:18:21,969 INFO iter=621300 epoch=89 lr=7.72e-05 G=1.649 advA2B=0.558 advB2A=0.662 cycA=0.102 cycB=0.113 idtA=0.120 idtB=0.142 D_A=0.088 D_B=0.134 D_A(real)=0.83 D_A(fake)=0.17 gnG=25.23 gnD=15.11 it_per_s=4.46
2026-10-03 20:18:42,062 INFO iter=621400 epoch=89 lr=7.71e-05 G=1.652 advA2B=0.556 advB2A=0.666 cycA=0.102 cycB=0.113 idtA=0.120 idtB=0.142 D_A=0.088 D_B=0.134 D_A(real)=0.83 D_A(fake)=0.17 gnG=25.23 gnD=15.12 it_per_s=4.49
2026-10-03 20:19:02,136 INFO iter=621500 epoch=89 lr=7.69e-05 G=1.652 advA2B=0.556 advB2A=0.667 cycA=0.102 cycB=0.112 idtA=0.120 idtB=0.141 D_A=0.088 D_B=0.134 D_A(real)=0.83 D_A(fake)=0.17 gnG=25.16 gnD=15.10 it_per_s=4.51
2026-10-03 20:19:22,252 INFO iter=621600 epoch=89 lr=7.68e-05 G=1.650 advA2B=0.553 advB2A=0.666 cycA=0.102 cycB=0.113 idtA=0.122 idtB=0.140 D_A=0.088 D_B=0.134 D_A(real)=0.83 D_A(fake)=0.17 gnG=25.00 gnD=15.16 it_per_s=4.53
2026-10-03 20:19:42,400 INFO iter=621700 epoch=89 lr=7.67e-05 G=1.653 advA2B=0.552 advB2A=0.670 cycA=0.102 cycB=0.113 idtA=0.122 idtB=0.140 D_A=0.088 D_B=0.135 D_A(real)=0.83 D_A(fake)=0.17 gnG=24.98 gnD=15.21 it_per_s=4.54
2026-10-03 20:20:02,505 INFO iter=621800 epoch=89 lr=7.65e-05 G=1.652 advA2B=0.552 advB2A=0.670 cycA=0.102 cycB=0.113 idtA=0.123 idtB=0.140 D_A=0.087 D_B=0.135 D_A(real)=0.83 D_A(fake)=0.17 gnG=24.94 gnD=15.19 it_per_s=4.56
2026-10-03 20:20:22,584 INFO iter=621900 epoch=89 lr=7.64e-05 G=1.653 advA2B=0.554 advB2A=0.669 cycA=0.102 cycB=0.113 idtA=0.123 idtB=0.139 D_A=0.087 D_B=0.134 D_A(real)=0.84 D_A(fake)=0.16 gnG=24.94 gnD=15.19 it_per_s=4.57
2026-10-03 20:20:42,692 INFO iter=622000 epoch=89 lr=7.62e-05 G=1.652 advA2B=0.553 advB2A=0.669 cycA=0.102 cycB=0.113 idtA=0.123 idtB=0.139 D_A=0.087 D_B=0.134 D_A(real)=0.84 D_A(fake)=0.16 gnG=24.87 gnD=15.21 it_per_s=4.59
2026-10-03 20:21:02,815 INFO iter=622100 epoch=89 lr=7.61e-05 G=1.650 advA2B=0.551 advB2A=0.670 cycA=0.102 cycB=0.113 idtA=0.124 idtB=0.139 D_A=0.087 D_B=0.134 D_A(real)=0.83 D_A(fake)=0.17 gnG=24.97 gnD=15.22 it_per_s=4.60
2026-10-03 20:21:22,919 INFO iter=622200 epoch=89 lr=7.59e-05 G=1.651 advA2B=0.549 advB2A=0.672 cycA=0.102 cycB=0.113 idtA=0.124 idtB=0.139 D_A=0.087 D_B=0.134 D_A(real)=0.83 D_A(fake)=0.17 gnG=24.96 gnD=15.20 it_per_s=4.61
2026-10-03 20:21:42,144 INFO iter=622300 epoch=89 lr=7.58e-05 G=1.652 advA2B=0.551 advB2A=0.672 cycA=0.102 cycB=0.112 idtA=0.124 idtB=0.139 D_A=0.087 D_B=0.134 D_A(real)=0.83 D_A(fake)=0.17 gnG=24.97 gnD=15.20 it_per_s=4.63
2026-10-03 20:22:02,215 INFO iter=622400 epoch=89 lr=7.57e-05 G=1.655 advA2B=0.552 advB2A=0.673 cycA=0.102 cycB=0.113 idtA=0.124 idtB=0.139 D_A=0.087 D_B=0.134 D_A(real)=0.83 D_A(fake)=0.17 gnG=25.02 gnD=15.20 it_per_s=4.64
2026-10-03 20:22:22,302 INFO iter=622500 epoch=89 lr=7.55e-05 G=1.656 advA2B=0.552 advB2A=0.672 cycA=0.103 cycB=0.113 idtA=0.125 idtB=0.138 D_A=0.087 D_B=0.134 D_A(real)=0.83 D_A(fake)=0.17 gnG=25.00 gnD=15.20 it_per_s=4.65
2026-10-03 20:22:42,403 INFO iter=622600 epoch=89 lr=7.54e-05 G=1.655 advA2B=0.552 advB2A=0.672 cycA=0.103 cycB=0.113 idtA=0.124 idtB=0.138 D_A=0.087 D_B=0.134 D_A(real)=0.83 D_A(fake)=0.17 gnG=24.96 gnD=15.20 it_per_s=4.66
2026-10-03 20:23:02,538 INFO iter=622700 epoch=89 lr=7.52e-05 G=1.653 advA2B=0.550 advB2A=0.673 cycA=0.103 cycB=0.113 idtA=0.124 idtB=0.137 D_A=0.087 D_B=0.134 D_A(real)=0.83 D_A(fake)=0.17 gnG=24.94 gnD=15.19 it_per_s=4.67
2026-10-03 20:23:22,611 INFO iter=622800 epoch=89 lr=7.51e-05 G=1.652 advA2B=0.549 advB2A=0.673 cycA=0.103 cycB=0.113 idtA=0.124 idtB=0.137 D_A=0.087 D_B=0.134 D_A(real)=0.83 D_A(fake)=0.17 gnG=24.86 gnD=15.18 it_per_s=4.68
2026-10-03 20:23:42,715 INFO iter=622900 epoch=89 lr=7.49e-05 G=1.651 advA2B=0.548 advB2A=0.673 cycA=0.102 cycB=0.113 idtA=0.124 idtB=0.136 D_A=0.087 D_B=0.134 D_A(real)=0.83 D_A(fake)=0.17 gnG=24.81 gnD=15.16 it_per_s=4.69
2026-10-03 20:24:02,863 INFO iter=623000 epoch=89 lr=7.48e-05 G=1.653 advA2B=0.548 advB2A=0.675 cycA=0.102 cycB=0.113 idtA=0.125 idtB=0.135 D_A=0.087 D_B=0.134 D_A(real)=0.83 D_A(fake)=0.17 gnG=24.83 gnD=15.18 it_per_s=4.69
2026-10-03 20:24:22,985 INFO iter=623100 epoch=89 lr=7.47e-05 G=1.654 advA2B=0.548 advB2A=0.674 cycA=0.103 cycB=0.113 idtA=0.126 idtB=0.135 D_A=0.087 D_B=0.134 D_A(real)=0.83 D_A(fake)=0.17 gnG=24.89 gnD=15.22 it_per_s=4.70
2026-10-03 20:24:43,078 INFO iter=623200 epoch=89 lr=7.45e-05 G=1.652 advA2B=0.547 advB2A=0.674 cycA=0.103 cycB=0.113 idtA=0.125 idtB=0.135 D_A=0.087 D_B=0.134 D_A(real)=0.83 D_A(fake)=0.17 gnG=24.89 gnD=15.21 it_per_s=4.71
2026-10-03 20:25:03,158 INFO iter=623300 epoch=89 lr=7.44e-05 G=1.651 advA2B=0.547 advB2A=0.674 cycA=0.103 cycB=0.113 idtA=0.126 idtB=0.135 D_A=0.087 D_B=0.134 D_A(real)=0.83 D_A(fake)=0.17 gnG=24.87 gnD=15.23 it_per_s=4.71
2026-10-03 20:25:23,296 INFO iter=623400 epoch=89 lr=7.42e-05 G=1.652 advA2B=0.547 advB2A=0.675 cycA=0.102 cycB=0.113 idtA=0.126 idtB=0.135 D_A=0.087 D_B=0.134 D_A(real)=0.83 D_A(fake)=0.17 gnG=24.93 gnD=15.19 it_per_s=4.72
2026-10-03 20:25:43,362 INFO iter=623500 epoch=89 lr=7.41e-05 G=1.654 advA2B=0.547 advB2A=0.676 cycA=0.102 cycB=0.113 idtA=0.126 idtB=0.134 D_A=0.087 D_B=0.134 D_A(real)=0.83 D_A(fake)=0.17 gnG=24.97 gnD=15.21 it_per_s=4.73
2026-10-03 20:26:03,449 INFO iter=623600 epoch=89 lr=7.40e-05 G=1.653 advA2B=0.546 advB2A=0.676 cycA=0.102 cycB=0.113 idtA=0.126 idtB=0.135 D_A=0.087 D_B=0.134 D_A(real)=0.83 D_A(fake)=0.17 gnG=24.92 gnD=15.22 it_per_s=4.73
2026-10-03 20:26:23,564 INFO iter=623700 epoch=89 lr=7.38e-05 G=1.652 advA2B=0.545 advB2A=0.676 cycA=0.102 cycB=0.113 idtA=0.126 idtB=0.135 D_A=0.087 D_B=0.134 D_A(real)=0.83 D_A(fake)=0.17 gnG=24.89 gnD=15.23 it_per_s=4.74
2026-10-03 20:26:43,652 INFO iter=623800 epoch=89 lr=7.37e-05 G=1.649 advA2B=0.543 advB2A=0.675 cycA=0.102 cycB=0.113 idtA=0.126 idtB=0.135 D_A=0.087 D_B=0.134 D_A(real)=0.83 D_A(fake)=0.17 gnG=24.94 gnD=15.23 it_per_s=4.74
2026-10-03 20:27:03,769 INFO iter=623900 epoch=89 lr=7.35e-05 G=1.648 advA2B=0.542 advB2A=0.675 cycA=0.102 cycB=0.113 idtA=0.126 idtB=0.134 D_A=0.087 D_B=0.134 D_A(real)=0.83 D_A(fake)=0.17 gnG=24.96 gnD=15.22 it_per_s=4.75
2026-10-03 20:27:23,862 INFO iter=624000 epoch=89 lr=7.34e-05 G=1.648 advA2B=0.542 advB2A=0.676 cycA=0.102 cycB=0.113 idtA=0.126 idtB=0.134 D_A=0.087 D_B=0.134 D_A(real)=0.83 D_A(fake)=0.17 gnG=24.98 gnD=15.24 it_per_s=4.75
2026-10-03 20:27:43,956 INFO iter=624100 epoch=89 lr=7.32e-05 G=1.649 advA2B=0.542 advB2A=0.676 cycA=0.102 cycB=0.113 idtA=0.127 idtB=0.134 D_A=0.087 D_B=0.134 D_A(real)=0.83 D_A(fake)=0.17 gnG=24.94 gnD=15.24 it_per_s=4.76
2026-10-03 20:28:04,033 INFO iter=624200 epoch=89 lr=7.31e-05 G=1.649 advA2B=0.542 advB2A=0.676 cycA=0.102 cycB=0.113 idtA=0.127 idtB=0.133 D_A=0.087 D_B=0.134 D_A(real)=0.83 D_A(fake)=0.17 gnG=24.95 gnD=15.25 it_per_s=4.76
2026-10-03 20:28:24,137 INFO iter=624300 epoch=89 lr=7.30e-05 G=1.650 advA2B=0.543 advB2A=0.675 cycA=0.102 cycB=0.113 idtA=0.127 idtB=0.133 D_A=0.087 D_B=0.134 D_A(real)=0.83 D_A(fake)=0.17 gnG=25.03 gnD=15.26 it_per_s=4.76
2026-10-03 20:28:44,197 INFO iter=624400 epoch=89 lr=7.28e-05 G=1.651 advA2B=0.543 advB2A=0.677 cycA=0.102 cycB=0.113 idtA=0.127 idtB=0.133 D_A=0.087 D_B=0.134 D_A(real)=0.83 D_A(fake)=0.17 gnG=25.12 gnD=15.26 it_per_s=4.77
2026-10-03 20:29:04,254 INFO iter=624500 epoch=89 lr=7.27e-05 G=1.651 advA2B=0.543 advB2A=0.677 cycA=0.102 cycB=0.113 idtA=0.127 idtB=0.133 D_A=0.086 D_B=0.134 D_A(real)=0.83 D_A(fake)=0.17 gnG=25.11 gnD=15.26 it_per_s=4.77
2026-10-03 20:29:24,372 INFO iter=624600 epoch=89 lr=7.25e-05 G=1.651 advA2B=0.544 advB2A=0.677 cycA=0.102 cycB=0.113 idtA=0.127 idtB=0.133 D_A=0.086 D_B=0.134 D_A(real)=0.83 D_A(fake)=0.17 gnG=25.13 gnD=15.26 it_per_s=4.78
2026-10-03 20:29:44,464 INFO iter=624700 epoch=89 lr=7.24e-05 G=1.652 advA2B=0.544 advB2A=0.677 cycA=0.102 cycB=0.113 idtA=0.127 idtB=0.133 D_A=0.086 D_B=0.134 D_A(real)=0.83 D_A(fake)=0.17 gnG=25.13 gnD=15.27 it_per_s=4.78
2026-10-03 20:30:04,599 INFO iter=624800 epoch=89 lr=7.22e-05 G=1.651 advA2B=0.544 advB2A=0.677 cycA=0.102 cycB=0.113 idtA=0.127 idtB=0.133 D_A=0.086 D_B=0.134 D_A(real)=0.83 D_A(fake)=0.17 gnG=25.15 gnD=15.28 it_per_s=4.78
2026-10-03 20:30:24,694 INFO iter=624900 epoch=89 lr=7.21e-05 G=1.651 advA2B=0.544 advB2A=0.677 cycA=0.102 cycB=0.113 idtA=0.128 idtB=0.133 D_A=0.087 D_B=0.134 D_A(real)=0.83 D_A(fake)=0.17 gnG=25.14 gnD=15.30 it_per_s=4.79
2026-10-03 20:30:44,776 INFO iter=625000 epoch=89 lr=7.20e-05 G=1.650 advA2B=0.543 advB2A=0.677 cycA=0.102 cycB=0.113 idtA=0.128 idtB=0.132 D_A=0.086 D_B=0.134 D_A(real)=0.83 D_A(fake)=0.17 gnG=25.18 gnD=15.28 it_per_s=4.79
2026-10-03 20:31:04,909 INFO iter=625100 epoch=89 lr=7.18e-05 G=1.650 advA2B=0.543 advB2A=0.677 cycA=0.102 cycB=0.113 idtA=0.128 idtB=0.133 D_A=0.086 D_B=0.134 D_A(real)=0.83 D_A(fake)=0.17 gnG=25.19 gnD=15.28 it_per_s=4.79
2026-10-03 20:31:24,977 INFO iter=625200 epoch=89 lr=7.17e-05 G=1.650 advA2B=0.542 advB2A=0.678 cycA=0.102 cycB=0.113 idtA=0.128 idtB=0.133 D_A=0.086 D_B=0.134 D_A(real)=0.83 D_A(fake)=0.17 gnG=25.16 gnD=15.29 it_per_s=4.80
2026-10-03 20:31:45,048 INFO iter=625300 epoch=89 lr=7.15e-05 G=1.651 advA2B=0.542 advB2A=0.680 cycA=0.102 cycB=0.113 idtA=0.128 idtB=0.132 D_A=0.086 D_B=0.135 D_A(real)=0.83 D_A(fake)=0.17 gnG=25.15 gnD=15.31 it_per_s=4.80
2026-10-03 20:32:05,106 INFO iter=625400 epoch=89 lr=7.14e-05 G=1.651 advA2B=0.542 advB2A=0.680 cycA=0.102 cycB=0.113 idtA=0.128 idtB=0.132 D_A=0.087 D_B=0.135 D_A(real)=0.83 D_A(fake)=0.17 gnG=25.14 gnD=15.33 it_per_s=4.80
2026-10-03 20:32:25,183 INFO iter=625500 epoch=89 lr=7.13e-05 G=1.652 advA2B=0.542 advB2A=0.680 cycA=0.102 cycB=0.113 idtA=0.128 idtB=0.132 D_A=0.087 D_B=0.135 D_A(real)=0.83 D_A(fake)=0.17 gnG=25.13 gnD=15.34 it_per_s=4.80
2026-10-03 20:32:45,220 INFO iter=625600 epoch=89 lr=7.11e-05 G=1.652 advA2B=0.541 advB2A=0.681 cycA=0.102 cycB=0.113 idtA=0.128 idtB=0.132 D_A=0.086 D_B=0.135 D_A(real)=0.83 D_A(fake)=0.17 gnG=25.15 gnD=15.35 it_per_s=4.81
2026-10-03 20:33:05,323 INFO iter=625700 epoch=89 lr=7.10e-05 G=1.653 advA2B=0.541 advB2A=0.682 cycA=0.102 cycB=0.113 idtA=0.128 idtB=0.132 D_A=0.086 D_B=0.135 D_A(real)=0.83 D_A(fake)=0.17 gnG=25.19 gnD=15.35 it_per_s=4.81
2026-10-03 20:33:25,396 INFO iter=625800 epoch=89 lr=7.08e-05 G=1.652 advA2B=0.540 advB2A=0.682 cycA=0.102 cycB=0.113 idtA=0.129 idtB=0.132 D_A=0.086 D_B=0.135 D_A(real)=0.83 D_A(fake)=0.17 gnG=25.19 gnD=15.35 it_per_s=4.81
2026-10-03 20:33:45,484 INFO iter=625900 epoch=89 lr=7.07e-05 G=1.652 advA2B=0.540 advB2A=0.682 cycA=0.102 cycB=0.113 idtA=0.129 idtB=0.131 D_A=0.086 D_B=0.135 D_A(real)=0.83 D_A(fake)=0.17 gnG=25.21 gnD=15.37 it_per_s=4.81
2026-10-03 20:34:05,587 INFO iter=626000 epoch=89 lr=7.05e-05 G=1.652 advA2B=0.539 advB2A=0.682 cycA=0.102 cycB=0.113 idtA=0.129 idtB=0.131 D_A=0.086 D_B=0.135 D_A(real)=0.83 D_A(fake)=0.17 gnG=25.17 gnD=15.36 it_per_s=4.82
2026-10-03 20:34:25,659 INFO iter=626100 epoch=89 lr=7.04e-05 G=1.653 advA2B=0.540 advB2A=0.683 cycA=0.102 cycB=0.113 idtA=0.129 idtB=0.131 D_A=0.086 D_B=0.135 D_A(real)=0.83 D_A(fake)=0.17 gnG=25.13 gnD=15.37 it_per_s=4.82
2026-10-03 20:34:45,717 INFO iter=626200 epoch=89 lr=7.03e-05 G=1.653 advA2B=0.541 advB2A=0.683 cycA=0.102 cycB=0.113 idtA=0.130 idtB=0.131 D_A=0.086 D_B=0.135 D_A(real)=0.83 D_A(fake)=0.17 gnG=25.14 gnD=15.38 it_per_s=4.82
2026-10-03 20:35:05,791 INFO iter=626300 epoch=89 lr=7.01e-05 G=1.652 advA2B=0.540 advB2A=0.682 cycA=0.102 cycB=0.113 idtA=0.130 idtB=0.131 D_A=0.086 D_B=0.135 D_A(real)=0.83 D_A(fake)=0.17 gnG=25.11 gnD=15.38 it_per_s=4.82
2026-10-03 20:35:22,231 INFO epoch=89 done time_s=1458 it_per_s=4.83 G=1.653 cycA=0.102 cycB=0.113 idtA=0.130 idtB=0.130 D_A=0.086 D_B=0.135 D_A(real)=0.83 D_A(fake)=0.17 nan_count=0
2026-10-03 20:35:26,535 INFO iter=626400 epoch=90 lr=7.00e-05 G=1.534 advA2B=0.467 advB2A=0.629 cycA=0.092 cycB=0.127 idtA=0.140 idtB=0.128 D_A=0.080 D_B=0.144 D_A(real)=0.83 D_A(fake)=0.15 gnG=20.34 gnD=16.15 it_per_s=5.22
2026-10-03 20:35:46,392 INFO iter=626500 epoch=90 lr=6.98e-05 G=1.774 advA2B=0.578 advB2A=0.759 cycA=0.102 cycB=0.116 idtA=0.169 idtB=0.157 D_A=0.084 D_B=0.140 D_A(real)=0.84 D_A(fake)=0.15 gnG=26.13 gnD=15.86 it_per_s=5.06
2026-10-03 20:36:06,502 INFO iter=626600 epoch=90 lr=6.97e-05 G=1.717 advA2B=0.573 advB2A=0.716 cycA=0.102 cycB=0.111 idtA=0.156 idtB=0.139 D_A=0.086 D_B=0.133 D_A(real)=0.84 D_A(fake)=0.16 gnG=24.94 gnD=16.21 it_per_s=5.02
2026-10-03 20:36:26,577 INFO iter=626700 epoch=90 lr=6.95e-05 G=1.700 advA2B=0.568 advB2A=0.707 cycA=0.102 cycB=0.110 idtA=0.154 idtB=0.131 D_A=0.083 D_B=0.131 D_A(real)=0.85 D_A(fake)=0.15 gnG=24.83 gnD=15.85 it_per_s=5.01
2026-10-03 20:36:46,747 INFO iter=626800 epoch=90 lr=6.94e-05 G=1.690 advA2B=0.560 advB2A=0.699 cycA=0.104 cycB=0.112 idtA=0.159 idtB=0.132 D_A=0.083 D_B=0.129 D_A(real)=0.84 D_A(fake)=0.16 gnG=24.75 gnD=15.79 it_per_s=5.00
2026-10-03 20:37:06,851 INFO iter=626900 epoch=90 lr=6.93e-05 G=1.679 advA2B=0.554 advB2A=0.694 cycA=0.103 cycB=0.112 idtA=0.157 idtB=0.137 D_A=0.083 D_B=0.131 D_A(real)=0.84 D_A(fake)=0.16 gnG=24.62 gnD=16.10 it_per_s=4.99
2026-10-03 20:37:26,978 INFO iter=627000 epoch=90 lr=6.91e-05 G=1.672 advA2B=0.550 advB2A=0.693 cycA=0.102 cycB=0.113 idtA=0.155 idtB=0.137 D_A=0.083 D_B=0.131 D_A(real)=0.84 D_A(fake)=0.16 gnG=24.63 gnD=16.07 it_per_s=4.99
2026-10-03 20:37:47,092 INFO iter=627100 epoch=90 lr=6.90e-05 G=1.679 advA2B=0.550 advB2A=0.700 cycA=0.101 cycB=0.113 idtA=0.154 idtB=0.137 D_A=0.083 D_B=0.131 D_A(real)=0.84 D_A(fake)=0.16 gnG=24.87 gnD=15.98 it_per_s=4.99
2026-10-03 20:38:07,237 INFO iter=627200 epoch=90 lr=6.88e-05 G=1.680 advA2B=0.551 advB2A=0.701 cycA=0.101 cycB=0.113 idtA=0.153 idtB=0.138 D_A=0.082 D_B=0.133 D_A(real)=0.84 D_A(fake)=0.16 gnG=25.01 gnD=15.96 it_per_s=4.98
2026-10-03 20:38:27,339 INFO iter=627300 epoch=90 lr=6.87e-05 G=1.680 advA2B=0.551 advB2A=0.702 cycA=0.101 cycB=0.113 idtA=0.153 idtB=0.137 D_A=0.082 D_B=0.133 D_A(real)=0.84 D_A(fake)=0.16 gnG=24.87 gnD=15.92 it_per_s=4.98
2026-10-03 20:38:47,421 INFO iter=627400 epoch=90 lr=6.86e-05 G=1.681 advA2B=0.552 advB2A=0.703 cycA=0.101 cycB=0.112 idtA=0.151 idtB=0.137 D_A=0.082 D_B=0.133 D_A(real)=0.84 D_A(fake)=0.16 gnG=25.42 gnD=15.92 it_per_s=4.98
2026-10-03 20:39:07,546 INFO iter=627500 epoch=90 lr=6.84e-05 G=1.679 advA2B=0.551 advB2A=0.701 cycA=0.101 cycB=0.112 idtA=0.150 idtB=0.137 D_A=0.082 D_B=0.132 D_A(real)=0.84 D_A(fake)=0.16 gnG=25.39 gnD=15.84 it_per_s=4.98
2026-10-03 20:39:27,642 INFO iter=627600 epoch=90 lr=6.83e-05 G=1.685 advA2B=0.557 advB2A=0.699 cycA=0.102 cycB=0.112 idtA=0.150 idtB=0.139 D_A=0.084 D_B=0.132 D_A(real)=0.84 D_A(fake)=0.16 gnG=25.52 gnD=15.87 it_per_s=4.98
2026-10-03 20:39:47,734 INFO iter=627700 epoch=90 lr=6.81e-05 G=1.687 advA2B=0.558 advB2A=0.698 cycA=0.103 cycB=0.113 idtA=0.150 idtB=0.139 D_A=0.083 D_B=0.132 D_A(real)=0.84 D_A(fake)=0.16 gnG=25.77 gnD=15.79 it_per_s=4.98
2026-10-03 20:40:07,830 INFO iter=627800 epoch=90 lr=6.80e-05 G=1.688 advA2B=0.554 advB2A=0.704 cycA=0.102 cycB=0.113 idtA=0.148 idtB=0.138 D_A=0.083 D_B=0.132 D_A(real)=0.84 D_A(fake)=0.16 gnG=25.95 gnD=15.78 it_per_s=4.98
2026-10-03 20:40:27,925 INFO iter=627900 epoch=90 lr=6.78e-05 G=1.688 advA2B=0.553 advB2A=0.704 cycA=0.102 cycB=0.113 idtA=0.149 idtB=0.138 D_A=0.083 D_B=0.132 D_A(real)=0.84 D_A(fake)=0.16 gnG=25.85 gnD=15.82 it_per_s=4.98
2026-10-03 20:40:48,066 INFO iter=628000 epoch=90 lr=6.77e-05 G=1.694 advA2B=0.556 advB2A=0.707 cycA=0.102 cycB=0.113 idtA=0.147 idtB=0.137 D_A=0.083 D_B=0.132 D_A(real)=0.84 D_A(fake)=0.16 gnG=25.89 gnD=15.89 it_per_s=4.98
2026-10-03 20:41:08,144 INFO iter=628100 epoch=90 lr=6.76e-05 G=1.697 advA2B=0.560 advB2A=0.707 cycA=0.102 cycB=0.113 idtA=0.147 idtB=0.137 D_A=0.083 D_B=0.132 D_A(real)=0.84 D_A(fake)=0.16 gnG=26.36 gnD=15.96 it_per_s=4.98
2026-10-03 20:41:28,288 INFO iter=628200 epoch=90 lr=6.74e-05 G=1.696 advA2B=0.559 advB2A=0.708 cycA=0.102 cycB=0.113 idtA=0.147 idtB=0.137 D_A=0.083 D_B=0.132 D_A(real)=0.84 D_A(fake)=0.16 gnG=26.26 gnD=15.87 it_per_s=4.98
2026-10-03 20:41:48,406 INFO iter=628300 epoch=90 lr=6.73e-05 G=1.697 advA2B=0.560 advB2A=0.706 cycA=0.102 cycB=0.113 idtA=0.148 idtB=0.138 D_A=0.083 D_B=0.133 D_A(real)=0.84 D_A(fake)=0.16 gnG=26.26 gnD=15.84 it_per_s=4.98
2026-10-03 20:42:08,488 INFO iter=628400 epoch=90 lr=6.71e-05 G=1.695 advA2B=0.559 advB2A=0.706 cycA=0.102 cycB=0.113 idtA=0.147 idtB=0.138 D_A=0.083 D_B=0.132 D_A(real)=0.84 D_A(fake)=0.16 gnG=26.15 gnD=15.79 it_per_s=4.98
2026-10-03 20:42:28,603 INFO iter=628500 epoch=90 lr=6.70e-05 G=1.698 advA2B=0.559 advB2A=0.709 cycA=0.102 cycB=0.113 idtA=0.147 idtB=0.139 D_A=0.084 D_B=0.131 D_A(real)=0.84 D_A(fake)=0.16 gnG=26.19 gnD=15.77 it_per_s=4.98
2026-10-03 20:42:48,704 INFO iter=628600 epoch=90 lr=6.68e-05 G=1.699 advA2B=0.561 advB2A=0.709 cycA=0.102 cycB=0.112 idtA=0.147 idtB=0.139 D_A=0.084 D_B=0.131 D_A(real)=0.84 D_A(fake)=0.16 gnG=26.10 gnD=15.74 it_per_s=4.98
2026-10-03 20:43:08,792 INFO iter=628700 epoch=90 lr=6.67e-05 G=1.696 advA2B=0.561 advB2A=0.705 cycA=0.102 cycB=0.113 idtA=0.147 idtB=0.139 D_A=0.084 D_B=0.131 D_A(real)=0.84 D_A(fake)=0.16 gnG=25.91 gnD=15.73 it_per_s=4.98
2026-10-03 20:43:28,881 INFO iter=628800 epoch=90 lr=6.66e-05 G=1.692 advA2B=0.558 advB2A=0.703 cycA=0.102 cycB=0.113 idtA=0.147 idtB=0.139 D_A=0.084 D_B=0.132 D_A(real)=0.84 D_A(fake)=0.16 gnG=25.89 gnD=15.75 it_per_s=4.98
2026-10-03 20:43:49,007 INFO iter=628900 epoch=90 lr=6.64e-05 G=1.688 advA2B=0.556 advB2A=0.702 cycA=0.102 cycB=0.113 idtA=0.147 idtB=0.139 D_A=0.084 D_B=0.132 D_A(real)=0.84 D_A(fake)=0.16 gnG=25.79 gnD=15.76 it_per_s=4.98
2026-10-03 20:44:09,090 INFO iter=629000 epoch=90 lr=6.63e-05 G=1.686 advA2B=0.554 advB2A=0.703 cycA=0.102 cycB=0.113 idtA=0.146 idtB=0.139 D_A=0.084 D_B=0.131 D_A(real)=0.84 D_A(fake)=0.16 gnG=26.01 gnD=15.72 it_per_s=4.98
2026-10-03 20:44:29,232 INFO iter=629100 epoch=90 lr=6.61e-05 G=1.683 advA2B=0.551 advB2A=0.702 cycA=0.102 cycB=0.112 idtA=0.146 idtB=0.139 D_A=0.084 D_B=0.132 D_A(real)=0.84 D_A(fake)=0.16 gnG=26.02 gnD=15.77 it_per_s=4.98
2026-10-03 20:44:49,306 INFO iter=629200 epoch=90 lr=6.60e-05 G=1.685 advA2B=0.552 advB2A=0.704 cycA=0.102 cycB=0.112 idtA=0.145 idtB=0.138 D_A=0.084 D_B=0.132 D_A(real)=0.83 D_A(fake)=0.16 gnG=26.00 gnD=15.81 it_per_s=4.98
2026-10-03 20:45:07,512 INFO iter=629300 epoch=90 lr=6.59e-05 G=1.679 advA2B=0.550 advB2A=0.701 cycA=0.102 cycB=0.112 idtA=0.146 idtB=0.138 D_A=0.084 D_B=0.133 D_A(real)=0.83 D_A(fake)=0.17 gnG=25.86 gnD=15.82 it_per_s=4.99
2026-10-03 20:45:18,460 INFO iter=629400 epoch=90 lr=6.57e-05 G=1.681 advA2B=0.552 advB2A=0.700 cycA=0.102 cycB=0.112 idtA=0.146 idtB=0.137 D_A=0.084 D_B=0.133 D_A(real)=0.84 D_A(fake)=0.16 gnG=25.86 gnD=15.79 it_per_s=5.07
2026-10-03 20:45:33,112 INFO iter=629500 epoch=90 lr=6.56e-05 G=1.684 advA2B=0.554 advB2A=0.701 cycA=0.102 cycB=0.112 idtA=0.147 idtB=0.137 D_A=0.084 D_B=0.133 D_A(real)=0.84 D_A(fake)=0.16 gnG=26.14 gnD=15.80 it_per_s=5.11
2026-10-03 20:45:44,652 INFO iter=629600 epoch=90 lr=6.54e-05 G=1.681 advA2B=0.553 advB2A=0.701 cycA=0.102 cycB=0.112 idtA=0.147 idtB=0.137 D_A=0.084 D_B=0.133 D_A(real)=0.84 D_A(fake)=0.16 gnG=26.18 gnD=15.85 it_per_s=5.18
2026-10-03 20:45:59,444 INFO iter=629700 epoch=90 lr=6.53e-05 G=1.681 advA2B=0.553 advB2A=0.700 cycA=0.102 cycB=0.112 idtA=0.147 idtB=0.136 D_A=0.084 D_B=0.133 D_A(real)=0.84 D_A(fake)=0.16 gnG=26.10 gnD=15.89 it_per_s=5.21
2026-10-03 20:46:11,512 INFO iter=629800 epoch=90 lr=6.51e-05 G=1.679 advA2B=0.551 advB2A=0.699 cycA=0.102 cycB=0.112 idtA=0.146 idtB=0.136 D_A=0.084 D_B=0.134 D_A(real)=0.84 D_A(fake)=0.16 gnG=26.04 gnD=15.90 it_per_s=5.27
2026-10-03 20:46:29,798 INFO iter=629900 epoch=90 lr=6.50e-05 G=1.679 advA2B=0.553 advB2A=0.698 cycA=0.102 cycB=0.113 idtA=0.147 idtB=0.136 D_A=0.084 D_B=0.134 D_A(real)=0.84 D_A(fake)=0.16 gnG=26.02 gnD=15.89 it_per_s=5.28
2026-10-03 20:46:45,983 INFO iter=630000 epoch=90 lr=6.49e-05 G=1.678 advA2B=0.552 advB2A=0.698 cycA=0.102 cycB=0.112 idtA=0.147 idtB=0.136 D_A=0.084 D_B=0.134 D_A(real)=0.84 D_A(fake)=0.16 gnG=25.98 gnD=15.90 it_per_s=5.30
2026-10-03 20:47:08,660 INFO iter=630100 epoch=90 lr=6.47e-05 G=1.678 advA2B=0.553 advB2A=0.698 cycA=0.102 cycB=0.112 idtA=0.146 idtB=0.135 D_A=0.084 D_B=0.134 D_A(real)=0.84 D_A(fake)=0.16 gnG=26.05 gnD=15.90 it_per_s=5.27
2026-10-03 20:47:32,367 INFO iter=630200 epoch=90 lr=6.46e-05 G=1.680 advA2B=0.553 advB2A=0.699 cycA=0.102 cycB=0.112 idtA=0.146 idtB=0.135 D_A=0.084 D_B=0.134 D_A(real)=0.84 D_A(fake)=0.16 gnG=26.06 gnD=15.86 it_per_s=5.24
2026-10-03 20:47:56,517 INFO iter=630300 epoch=90 lr=6.44e-05 G=1.680 advA2B=0.551 advB2A=0.700 cycA=0.102 cycB=0.112 idtA=0.146 idtB=0.134 D_A=0.083 D_B=0.134 D_A(real)=0.84 D_A(fake)=0.16 gnG=26.04 gnD=15.87 it_per_s=5.20
2026-10-03 20:48:19,096 INFO iter=630400 epoch=90 lr=6.43e-05 G=1.679 advA2B=0.551 advB2A=0.700 cycA=0.102 cycB=0.112 idtA=0.146 idtB=0.134 D_A=0.084 D_B=0.134 D_A(real)=0.84 D_A(fake)=0.16 gnG=25.99 gnD=15.88 it_per_s=5.18
2026-10-03 20:48:41,455 INFO iter=630500 epoch=90 lr=6.42e-05 G=1.678 advA2B=0.550 advB2A=0.700 cycA=0.102 cycB=0.112 idtA=0.145 idtB=0.134 D_A=0.084 D_B=0.134 D_A(real)=0.84 D_A(fake)=0.16 gnG=25.95 gnD=15.89 it_per_s=5.16
2026-10-03 20:49:05,411 INFO iter=630600 epoch=90 lr=6.40e-05 G=1.677 advA2B=0.549 advB2A=0.700 cycA=0.102 cycB=0.112 idtA=0.145 idtB=0.133 D_A=0.084 D_B=0.134 D_A(real)=0.84 D_A(fake)=0.16 gnG=25.84 gnD=15.86 it_per_s=5.13
2026-10-03 20:49:29,328 INFO iter=630700 epoch=90 lr=6.39e-05 G=1.677 advA2B=0.549 advB2A=0.701 cycA=0.102 cycB=0.112 idtA=0.145 idtB=0.133 D_A=0.084 D_B=0.134 D_A(real)=0.84 D_A(fake)=0.16 gnG=25.83 gnD=15.88 it_per_s=5.10
2026-10-03 20:49:52,471 INFO iter=630800 epoch=90 lr=6.37e-05 G=1.678 advA2B=0.549 advB2A=0.700 cycA=0.102 cycB=0.112 idtA=0.145 idtB=0.133 D_A=0.084 D_B=0.134 D_A(real)=0.84 D_A(fake)=0.16 gnG=25.87 gnD=15.89 it_per_s=5.08
2026-10-03 20:50:14,135 INFO iter=630900 epoch=90 lr=6.36e-05 G=1.679 advA2B=0.551 advB2A=0.700 cycA=0.102 cycB=0.112 idtA=0.144 idtB=0.133 D_A=0.084 D_B=0.134 D_A(real)=0.84 D_A(fake)=0.16 gnG=25.86 gnD=15.89 it_per_s=5.07
2026-10-03 20:50:38,255 INFO iter=631000 epoch=90 lr=6.34e-05 G=1.679 advA2B=0.552 advB2A=0.699 cycA=0.102 cycB=0.112 idtA=0.144 idtB=0.133 D_A=0.084 D_B=0.133 D_A(real)=0.84 D_A(fake)=0.16 gnG=25.85 gnD=15.86 it_per_s=5.05
2026-10-03 20:51:01,932 INFO iter=631100 epoch=90 lr=6.33e-05 G=1.679 advA2B=0.552 advB2A=0.699 cycA=0.101 cycB=0.112 idtA=0.144 idtB=0.132 D_A=0.084 D_B=0.133 D_A(real)=0.84 D_A(fake)=0.16 gnG=25.88 gnD=15.86 it_per_s=5.03
2026-10-03 20:51:25,877 INFO iter=631200 epoch=90 lr=6.32e-05 G=1.678 advA2B=0.551 advB2A=0.699 cycA=0.101 cycB=0.112 idtA=0.144 idtB=0.132 D_A=0.084 D_B=0.133 D_A(real)=0.84 D_A(fake)=0.16 gnG=25.86 gnD=15.86 it_per_s=5.00
2026-10-03 20:51:48,016 INFO iter=631300 epoch=90 lr=6.30e-05 G=1.679 advA2B=0.551 advB2A=0.700 cycA=0.101 cycB=0.112 idtA=0.144 idtB=0.132 D_A=0.084 D_B=0.133 D_A(real)=0.84 D_A(fake)=0.16 gnG=25.86 gnD=15.88 it_per_s=4.99
2026-10-03 20:52:11,048 INFO iter=631400 epoch=90 lr=6.29e-05 G=1.678 advA2B=0.551 advB2A=0.700 cycA=0.101 cycB=0.113 idtA=0.144 idtB=0.132 D_A=0.084 D_B=0.133 D_A(real)=0.84 D_A(fake)=0.16 gnG=25.84 gnD=15.89 it_per_s=4.98
2026-10-03 20:52:31,656 INFO iter=631500 epoch=90 lr=6.27e-05 G=1.679 advA2B=0.551 advB2A=0.701 cycA=0.101 cycB=0.112 idtA=0.144 idtB=0.132 D_A=0.084 D_B=0.133 D_A(real)=0.84 D_A(fake)=0.16 gnG=25.96 gnD=15.89 it_per_s=4.98
2026-10-03 20:52:55,626 INFO iter=631600 epoch=90 lr=6.26e-05 G=1.679 advA2B=0.551 advB2A=0.701 cycA=0.101 cycB=0.112 idtA=0.144 idtB=0.132 D_A=0.084 D_B=0.134 D_A(real)=0.84 D_A(fake)=0.16 gnG=25.99 gnD=15.93 it_per_s=4.96
2026-10-03 20:53:19,385 INFO iter=631700 epoch=90 lr=6.24e-05 G=1.677 advA2B=0.550 advB2A=0.700 cycA=0.101 cycB=0.112 idtA=0.144 idtB=0.132 D_A=0.084 D_B=0.134 D_A(real)=0.84 D_A(fake)=0.16 gnG=26.01 gnD=15.95 it_per_s=4.94
2026-10-03 20:53:43,146 INFO iter=631800 epoch=90 lr=6.23e-05 G=1.677 advA2B=0.551 advB2A=0.699 cycA=0.101 cycB=0.112 idtA=0.144 idtB=0.132 D_A=0.084 D_B=0.134 D_A(real)=0.83 D_A(fake)=0.17 gnG=26.03 gnD=15.95 it_per_s=4.93
2026-10-03 20:54:04,876 INFO iter=631900 epoch=90 lr=6.22e-05 G=1.678 advA2B=0.550 advB2A=0.700 cycA=0.101 cycB=0.112 idtA=0.144 idtB=0.133 D_A=0.084 D_B=0.133 D_A(real)=0.84 D_A(fake)=0.16 gnG=26.04 gnD=15.92 it_per_s=4.92
2026-10-03 20:54:28,814 INFO iter=632000 epoch=90 lr=6.20e-05 G=1.679 advA2B=0.551 advB2A=0.700 cycA=0.101 cycB=0.112 idtA=0.144 idtB=0.132 D_A=0.084 D_B=0.133 D_A(real)=0.84 D_A(fake)=0.16 gnG=26.07 gnD=15.90 it_per_s=4.90
2026-10-03 20:54:52,631 INFO iter=632100 epoch=90 lr=6.19e-05 G=1.681 advA2B=0.551 advB2A=0.702 cycA=0.101 cycB=0.113 idtA=0.144 idtB=0.133 D_A=0.084 D_B=0.133 D_A(real)=0.84 D_A(fake)=0.16 gnG=26.14 gnD=15.90 it_per_s=4.89
2026-10-03 20:55:16,429 INFO iter=632200 epoch=90 lr=6.17e-05 G=1.680 advA2B=0.550 advB2A=0.702 cycA=0.101 cycB=0.112 idtA=0.144 idtB=0.133 D_A=0.084 D_B=0.133 D_A(real)=0.84 D_A(fake)=0.16 gnG=26.11 gnD=15.89 it_per_s=4.88
2026-10-03 20:55:38,534 INFO iter=632300 epoch=90 lr=6.16e-05 G=1.679 advA2B=0.550 advB2A=0.701 cycA=0.101 cycB=0.112 idtA=0.144 idtB=0.133 D_A=0.084 D_B=0.133 D_A(real)=0.84 D_A(fake)=0.16 gnG=26.14 gnD=15.87 it_per_s=4.87
2026-10-03 20:56:01,667 INFO iter=632400 epoch=90 lr=6.15e-05 G=1.679 advA2B=0.550 advB2A=0.702 cycA=0.101 cycB=0.112 idtA=0.144 idtB=0.133 D_A=0.084 D_B=0.133 D_A(real)=0.84 D_A(fake)=0.16 gnG=26.15 gnD=15.88 it_per_s=4.86
2026-10-03 20:56:25,333 INFO iter=632500 epoch=90 lr=6.13e-05 G=1.680 advA2B=0.550 advB2A=0.702 cycA=0.101 cycB=0.112 idtA=0.144 idtB=0.133 D_A=0.084 D_B=0.133 D_A(real)=0.84 D_A(fake)=0.16 gnG=26.16 gnD=15.87 it_per_s=4.85
2026-10-03 20:56:49,593 INFO iter=632600 epoch=90 lr=6.12e-05 G=1.680 advA2B=0.550 advB2A=0.702 cycA=0.101 cycB=0.112 idtA=0.144 idtB=0.133 D_A=0.084 D_B=0.133 D_A(real)=0.84 D_A(fake)=0.16 gnG=26.16 gnD=15.85 it_per_s=4.83
2026-10-03 20:57:12,014 INFO iter=632700 epoch=90 lr=6.10e-05 G=1.680 advA2B=0.550 advB2A=0.702 cycA=0.101 cycB=0.113 idtA=0.144 idtB=0.133 D_A=0.084 D_B=0.133 D_A(real)=0.84 D_A(fake)=0.16 gnG=26.17 gnD=15.85 it_per_s=4.83
2026-10-03 20:57:34,645 INFO iter=632800 epoch=90 lr=6.09e-05 G=1.680 advA2B=0.550 advB2A=0.702 cycA=0.101 cycB=0.113 idtA=0.144 idtB=0.133 D_A=0.084 D_B=0.133 D_A(real)=0.84 D_A(fake)=0.16 gnG=26.22 gnD=15.84 it_per_s=4.82
2026-10-03 20:57:58,402 INFO iter=632900 epoch=90 lr=6.07e-05 G=1.680 advA2B=0.550 advB2A=0.702 cycA=0.101 cycB=0.113 idtA=0.144 idtB=0.133 D_A=0.084 D_B=0.133 D_A(real)=0.84 D_A(fake)=0.16 gnG=26.23 gnD=15.87 it_per_s=4.81
2026-10-03 20:58:22,460 INFO iter=633000 epoch=90 lr=6.06e-05 G=1.680 advA2B=0.550 advB2A=0.702 cycA=0.101 cycB=0.113 idtA=0.143 idtB=0.133 D_A=0.084 D_B=0.133 D_A(real)=0.84 D_A(fake)=0.16 gnG=26.25 gnD=15.88 it_per_s=4.80
2026-10-03 20:58:44,800 INFO iter=633100 epoch=90 lr=6.05e-05 G=1.680 advA2B=0.550 advB2A=0.702 cycA=0.102 cycB=0.112 idtA=0.143 idtB=0.133 D_A=0.084 D_B=0.133 D_A(real)=0.84 D_A(fake)=0.16 gnG=26.20 gnD=15.89 it_per_s=4.79
2026-10-03 20:59:07,277 INFO iter=633200 epoch=90 lr=6.03e-05 G=1.679 advA2B=0.550 advB2A=0.701 cycA=0.101 cycB=0.112 idtA=0.143 idtB=0.132 D_A=0.084 D_B=0.133 D_A(real)=0.84 D_A(fake)=0.16 gnG=26.17 gnD=15.91 it_per_s=4.79
2026-10-03 20:59:31,282 INFO iter=633300 epoch=90 lr=6.02e-05 G=1.679 advA2B=0.550 advB2A=0.701 cycA=0.101 cycB=0.112 idtA=0.143 idtB=0.132 D_A=0.084 D_B=0.133 D_A(real)=0.84 D_A(fake)=0.16 gnG=26.12 gnD=15.90 it_per_s=4.78
2026-10-03 20:59:55,017 INFO iter=633400 epoch=90 lr=6.00e-05 G=1.678 advA2B=0.550 advB2A=0.701 cycA=0.101 cycB=0.112 idtA=0.142 idtB=0.132 D_A=0.084 D_B=0.133 D_A(real)=0.84 D_A(fake)=0.16 gnG=26.18 gnD=15.89 it_per_s=4.77
2026-10-03 20:59:59,120 INFO epoch=90 done time_s=1476 it_per_s=4.77 G=1.678 cycA=0.101 cycB=0.112 idtA=0.142 idtB=0.132 D_A=0.084 D_B=0.133 D_A(real)=0.84 D_A(fake)=0.16 nan_count=0
2026-10-03 21:00:19,778 INFO iter=633500 epoch=91 lr=5.99e-05 G=1.659 advA2B=0.537 advB2A=0.677 cycA=0.106 cycB=0.116 idtA=0.132 idtB=0.132 D_A=0.072 D_B=0.126 D_A(real)=0.84 D_A(fake)=0.15 gnG=24.89 gnD=15.41 it_per_s=4.10
2026-10-03 21:00:44,893 INFO iter=633600 epoch=91 lr=5.97e-05 G=1.628 advA2B=0.523 advB2A=0.673 cycA=0.101 cycB=0.115 idtA=0.134 idtB=0.135 D_A=0.077 D_B=0.129 D_A(real)=0.84 D_A(fake)=0.16 gnG=24.23 gnD=15.70 it_per_s=4.03
2026-10-03 21:01:13,022 INFO iter=633700 epoch=91 lr=5.96e-05 G=1.635 advA2B=0.517 advB2A=0.690 cycA=0.099 cycB=0.115 idtA=0.131 idtB=0.134 D_A=0.081 D_B=0.128 D_A(real)=0.83 D_A(fake)=0.17 gnG=24.65 gnD=15.87 it_per_s=3.85
2026-10-03 21:01:35,413 INFO iter=633800 epoch=91 lr=5.95e-05 G=1.634 advA2B=0.517 advB2A=0.690 cycA=0.100 cycB=0.114 idtA=0.128 idtB=0.135 D_A=0.080 D_B=0.130 D_A(real)=0.84 D_A(fake)=0.17 gnG=25.13 gnD=15.74 it_per_s=3.99
2026-10-03 21:01:58,307 INFO iter=633900 epoch=91 lr=5.93e-05 G=1.641 advA2B=0.521 advB2A=0.696 cycA=0.100 cycB=0.112 idtA=0.133 idtB=0.138 D_A=0.081 D_B=0.131 D_A(real)=0.84 D_A(fake)=0.16 gnG=25.36 gnD=16.02 it_per_s=4.07
2026-10-03 21:02:22,025 INFO iter=634000 epoch=91 lr=5.92e-05 G=1.655 advA2B=0.531 advB2A=0.698 cycA=0.101 cycB=0.112 idtA=0.134 idtB=0.136 D_A=0.081 D_B=0.130 D_A(real)=0.84 D_A(fake)=0.16 gnG=26.08 gnD=15.99 it_per_s=4.09
2026-10-03 21:02:42,599 INFO iter=634100 epoch=91 lr=5.90e-05 G=1.655 advA2B=0.528 advB2A=0.702 cycA=0.101 cycB=0.111 idtA=0.134 idtB=0.135 D_A=0.080 D_B=0.130 D_A(real)=0.84 D_A(fake)=0.16 gnG=26.30 gnD=16.02 it_per_s=4.19
2026-10-03 21:03:02,829 INFO iter=634200 epoch=91 lr=5.89e-05 G=1.659 advA2B=0.538 advB2A=0.697 cycA=0.102 cycB=0.110 idtA=0.135 idtB=0.134 D_A=0.080 D_B=0.130 D_A(real)=0.84 D_A(fake)=0.16 gnG=26.53 gnD=15.96 it_per_s=4.27
2026-10-03 21:03:26,787 INFO iter=634300 epoch=91 lr=5.88e-05 G=1.659 advA2B=0.539 advB2A=0.697 cycA=0.101 cycB=0.110 idtA=0.137 idtB=0.133 D_A=0.080 D_B=0.131 D_A(real)=0.84 D_A(fake)=0.16 gnG=26.57 gnD=16.03 it_per_s=4.26
2026-10-03 21:03:50,570 INFO iter=634400 epoch=91 lr=5.86e-05 G=1.656 advA2B=0.539 advB2A=0.696 cycA=0.101 cycB=0.110 idtA=0.138 idtB=0.133 D_A=0.080 D_B=0.132 D_A(real)=0.84 D_A(fake)=0.16 gnG=26.53 gnD=16.23 it_per_s=4.25
2026-10-03 21:04:13,991 INFO iter=634500 epoch=91 lr=5.85e-05 G=1.660 advA2B=0.542 advB2A=0.695 cycA=0.102 cycB=0.110 idtA=0.138 idtB=0.133 D_A=0.079 D_B=0.133 D_A(real)=0.85 D_A(fake)=0.15 gnG=26.32 gnD=16.30 it_per_s=4.26
2026-10-03 21:04:35,321 INFO iter=634600 epoch=91 lr=5.83e-05 G=1.658 advA2B=0.538 advB2A=0.697 cycA=0.101 cycB=0.110 idtA=0.137 idtB=0.132 D_A=0.079 D_B=0.132 D_A(real)=0.85 D_A(fake)=0.15 gnG=26.09 gnD=16.24 it_per_s=4.29
2026-10-03 21:04:55,585 INFO iter=634700 epoch=91 lr=5.82e-05 G=1.655 advA2B=0.539 advB2A=0.694 cycA=0.101 cycB=0.110 idtA=0.136 idtB=0.133 D_A=0.079 D_B=0.132 D_A(real)=0.84 D_A(fake)=0.15 gnG=26.01 gnD=16.18 it_per_s=4.33
2026-10-03 21:05:17,306 INFO iter=634800 epoch=91 lr=5.80e-05 G=1.652 advA2B=0.541 advB2A=0.689 cycA=0.101 cycB=0.110 idtA=0.135 idtB=0.132 D_A=0.080 D_B=0.132 D_A(real)=0.84 D_A(fake)=0.16 gnG=26.04 gnD=16.28 it_per_s=4.35
2026-10-03 21:05:46,363 INFO iter=634900 epoch=91 lr=5.79e-05 G=1.656 advA2B=0.545 advB2A=0.689 cycA=0.101 cycB=0.110 idtA=0.134 idtB=0.131 D_A=0.079 D_B=0.132 D_A(real)=0.84 D_A(fake)=0.16 gnG=26.08 gnD=16.20 it_per_s=4.28
2026-10-03 21:06:16,894 INFO iter=635000 epoch=91 lr=5.78e-05 G=1.658 advA2B=0.546 advB2A=0.689 cycA=0.101 cycB=0.110 idtA=0.135 idtB=0.132 D_A=0.079 D_B=0.132 D_A(real)=0.84 D_A(fake)=0.16 gnG=26.05 gnD=16.23 it_per_s=4.19
2026-10-03 21:06:47,532 INFO iter=635100 epoch=91 lr=5.76e-05 G=1.658 advA2B=0.545 advB2A=0.690 cycA=0.101 cycB=0.110 idtA=0.135 idtB=0.132 D_A=0.079 D_B=0.133 D_A(real)=0.84 D_A(fake)=0.16 gnG=26.12 gnD=16.31 it_per_s=4.12
2026-10-03 21:07:11,785 INFO iter=635200 epoch=91 lr=5.75e-05 G=1.656 advA2B=0.544 advB2A=0.689 cycA=0.101 cycB=0.110 idtA=0.135 idtB=0.132 D_A=0.079 D_B=0.133 D_A(real)=0.85 D_A(fake)=0.15 gnG=26.21 gnD=16.33 it_per_s=4.12
2026-10-03 21:07:32,541 INFO iter=635300 epoch=91 lr=5.73e-05 G=1.653 advA2B=0.544 advB2A=0.686 cycA=0.101 cycB=0.110 idtA=0.135 idtB=0.133 D_A=0.079 D_B=0.134 D_A(real)=0.84 D_A(fake)=0.16 gnG=26.27 gnD=16.35 it_per_s=4.16
2026-10-03 21:07:52,714 INFO iter=635400 epoch=91 lr=5.72e-05 G=1.652 advA2B=0.541 advB2A=0.688 cycA=0.101 cycB=0.110 idtA=0.135 idtB=0.133 D_A=0.079 D_B=0.134 D_A(real)=0.84 D_A(fake)=0.16 gnG=26.19 gnD=16.35 it_per_s=4.19
2026-10-03 21:08:12,906 INFO iter=635500 epoch=91 lr=5.70e-05 G=1.649 advA2B=0.541 advB2A=0.686 cycA=0.101 cycB=0.110 idtA=0.134 idtB=0.133 D_A=0.079 D_B=0.134 D_A(real)=0.84 D_A(fake)=0.16 gnG=26.15 gnD=16.39 it_per_s=4.22
2026-10-03 21:08:33,376 INFO iter=635600 epoch=91 lr=5.69e-05 G=1.653 advA2B=0.542 advB2A=0.688 cycA=0.101 cycB=0.110 idtA=0.135 idtB=0.133 D_A=0.080 D_B=0.134 D_A(real)=0.84 D_A(fake)=0.16 gnG=26.16 gnD=16.41 it_per_s=4.25
2026-10-03 21:08:53,823 INFO iter=635700 epoch=91 lr=5.68e-05 G=1.655 advA2B=0.543 advB2A=0.690 cycA=0.101 cycB=0.110 idtA=0.135 idtB=0.133 D_A=0.080 D_B=0.134 D_A(real)=0.84 D_A(fake)=0.16 gnG=26.18 gnD=16.40 it_per_s=4.27
2026-10-03 21:09:14,242 INFO iter=635800 epoch=91 lr=5.66e-05 G=1.654 advA2B=0.543 advB2A=0.689 cycA=0.101 cycB=0.110 idtA=0.135 idtB=0.132 D_A=0.080 D_B=0.134 D_A(real)=0.84 D_A(fake)=0.16 gnG=26.06 gnD=16.39 it_per_s=4.30
2026-10-03 21:09:34,770 INFO iter=635900 epoch=91 lr=5.65e-05 G=1.653 advA2B=0.543 advB2A=0.687 cycA=0.101 cycB=0.110 idtA=0.135 idtB=0.133 D_A=0.081 D_B=0.134 D_A(real)=0.84 D_A(fake)=0.16 gnG=26.03 gnD=16.39 it_per_s=4.32
2026-10-03 21:09:55,047 INFO iter=636000 epoch=91 lr=5.63e-05 G=1.650 advA2B=0.542 advB2A=0.686 cycA=0.101 cycB=0.110 idtA=0.134 idtB=0.132 D_A=0.081 D_B=0.134 D_A(real)=0.84 D_A(fake)=0.16 gnG=26.12 gnD=16.42 it_per_s=4.34
2026-10-03 21:10:15,298 INFO iter=636100 epoch=91 lr=5.62e-05 G=1.652 advA2B=0.543 advB2A=0.687 cycA=0.101 cycB=0.110 idtA=0.134 idtB=0.132 D_A=0.081 D_B=0.135 D_A(real)=0.84 D_A(fake)=0.16 gnG=26.10 gnD=16.45 it_per_s=4.36
2026-10-03 21:10:35,765 INFO iter=636200 epoch=91 lr=5.61e-05 G=1.653 advA2B=0.545 advB2A=0.686 cycA=0.101 cycB=0.110 idtA=0.134 idtB=0.131 D_A=0.081 D_B=0.135 D_A(real)=0.84 D_A(fake)=0.16 gnG=26.30 gnD=16.47 it_per_s=4.37
2026-10-03 21:10:55,971 INFO iter=636300 epoch=91 lr=5.59e-05 G=1.654 advA2B=0.546 advB2A=0.687 cycA=0.101 cycB=0.110 idtA=0.134 idtB=0.131 D_A=0.081 D_B=0.135 D_A(real)=0.84 D_A(fake)=0.16 gnG=26.33 gnD=16.44 it_per_s=4.39
2026-10-03 21:11:16,198 INFO iter=636400 epoch=91 lr=5.58e-05 G=1.655 advA2B=0.546 advB2A=0.688 cycA=0.101 cycB=0.110 idtA=0.135 idtB=0.131 D_A=0.081 D_B=0.134 D_A(real)=0.84 D_A(fake)=0.16 gnG=26.43 gnD=16.40 it_per_s=4.41
2026-10-03 21:11:36,388 INFO iter=636500 epoch=91 lr=5.56e-05 G=1.655 advA2B=0.545 advB2A=0.688 cycA=0.101 cycB=0.110 idtA=0.135 idtB=0.131 D_A=0.081 D_B=0.134 D_A(real)=0.84 D_A(fake)=0.16 gnG=26.41 gnD=16.44 it_per_s=4.42
2026-10-03 21:11:56,559 INFO iter=636600 epoch=91 lr=5.55e-05 G=1.654 advA2B=0.545 advB2A=0.687 cycA=0.101 cycB=0.110 idtA=0.135 idtB=0.130 D_A=0.081 D_B=0.134 D_A(real)=0.84 D_A(fake)=0.16 gnG=26.36 gnD=16.45 it_per_s=4.44
2026-10-03 21:12:16,711 INFO iter=636700 epoch=91 lr=5.53e-05 G=1.655 advA2B=0.547 advB2A=0.688 cycA=0.101 cycB=0.110 idtA=0.136 idtB=0.130 D_A=0.081 D_B=0.134 D_A(real)=0.84 D_A(fake)=0.16 gnG=26.42 gnD=16.46 it_per_s=4.45
2026-10-03 21:12:36,884 INFO iter=636800 epoch=91 lr=5.52e-05 G=1.655 advA2B=0.546 advB2A=0.688 cycA=0.100 cycB=0.110 idtA=0.136 idtB=0.129 D_A=0.081 D_B=0.134 D_A(real)=0.84 D_A(fake)=0.16 gnG=26.50 gnD=16.45 it_per_s=4.47
2026-10-03 21:12:57,010 INFO iter=636900 epoch=91 lr=5.51e-05 G=1.659 advA2B=0.547 advB2A=0.690 cycA=0.101 cycB=0.110 idtA=0.136 idtB=0.129 D_A=0.081 D_B=0.134 D_A(real)=0.84 D_A(fake)=0.16 gnG=26.56 gnD=16.44 it_per_s=4.48
2026-10-03 21:13:17,125 INFO iter=637000 epoch=91 lr=5.49e-05 G=1.659 advA2B=0.546 advB2A=0.691 cycA=0.101 cycB=0.110 idtA=0.136 idtB=0.129 D_A=0.081 D_B=0.134 D_A(real)=0.84 D_A(fake)=0.16 gnG=26.49 gnD=16.44 it_per_s=4.49
2026-10-03 21:13:40,600 INFO iter=637100 epoch=91 lr=5.48e-05 G=1.658 advA2B=0.546 advB2A=0.691 cycA=0.100 cycB=0.110 idtA=0.136 idtB=0.128 D_A=0.081 D_B=0.134 D_A(real)=0.84 D_A(fake)=0.16 gnG=26.44 gnD=16.47 it_per_s=4.49
2026-10-03 21:14:00,800 INFO iter=637200 epoch=91 lr=5.46e-05 G=1.658 advA2B=0.545 advB2A=0.692 cycA=0.100 cycB=0.110 idtA=0.136 idtB=0.128 D_A=0.081 D_B=0.134 D_A(real)=0.84 D_A(fake)=0.16 gnG=26.38 gnD=16.46 it_per_s=4.50
2026-10-03 21:14:20,978 INFO iter=637300 epoch=91 lr=5.45e-05 G=1.658 advA2B=0.545 advB2A=0.692 cycA=0.100 cycB=0.110 idtA=0.137 idtB=0.128 D_A=0.081 D_B=0.133 D_A(real)=0.84 D_A(fake)=0.16 gnG=26.40 gnD=16.43 it_per_s=4.51
2026-10-03 21:14:41,169 INFO iter=637400 epoch=91 lr=5.43e-05 G=1.658 advA2B=0.545 advB2A=0.691 cycA=0.100 cycB=0.110 idtA=0.137 idtB=0.128 D_A=0.081 D_B=0.134 D_A(real)=0.84 D_A(fake)=0.16 gnG=26.44 gnD=16.43 it_per_s=4.52
2026-10-03 21:15:01,334 INFO iter=637500 epoch=91 lr=5.42e-05 G=1.658 advA2B=0.545 advB2A=0.692 cycA=0.100 cycB=0.110 idtA=0.137 idtB=0.127 D_A=0.081 D_B=0.134 D_A(real)=0.84 D_A(fake)=0.16 gnG=26.47 gnD=16.46 it_per_s=4.53
2026-10-03 21:15:21,512 INFO iter=637600 epoch=91 lr=5.41e-05 G=1.659 advA2B=0.545 advB2A=0.692 cycA=0.100 cycB=0.110 idtA=0.137 idtB=0.128 D_A=0.081 D_B=0.133 D_A(real)=0.84 D_A(fake)=0.16 gnG=26.51 gnD=16.46 it_per_s=4.54
2026-10-03 21:15:41,671 INFO iter=637700 epoch=91 lr=5.39e-05 G=1.661 advA2B=0.546 advB2A=0.693 cycA=0.100 cycB=0.110 idtA=0.137 idtB=0.128 D_A=0.081 D_B=0.133 D_A(real)=0.84 D_A(fake)=0.16 gnG=26.49 gnD=16.46 it_per_s=4.55
2026-10-03 21:16:01,858 INFO iter=637800 epoch=91 lr=5.38e-05 G=1.662 advA2B=0.547 advB2A=0.694 cycA=0.100 cycB=0.110 idtA=0.137 idtB=0.127 D_A=0.081 D_B=0.133 D_A(real)=0.84 D_A(fake)=0.16 gnG=26.45 gnD=16.48 it_per_s=4.55
2026-10-03 21:16:22,043 INFO iter=637900 epoch=91 lr=5.36e-05 G=1.664 advA2B=0.548 advB2A=0.695 cycA=0.100 cycB=0.110 idtA=0.137 idtB=0.127 D_A=0.081 D_B=0.133 D_A(real)=0.84 D_A(fake)=0.16 gnG=26.48 gnD=16.46 it_per_s=4.56
2026-10-03 21:16:42,229 INFO iter=638000 epoch=91 lr=5.35e-05 G=1.664 advA2B=0.549 advB2A=0.695 cycA=0.100 cycB=0.110 idtA=0.137 idtB=0.127 D_A=0.081 D_B=0.133 D_A(real)=0.84 D_A(fake)=0.16 gnG=26.51 gnD=16.49 it_per_s=4.57
2026-10-03 21:17:02,446 INFO iter=638100 epoch=91 lr=5.34e-05 G=1.666 advA2B=0.550 advB2A=0.696 cycA=0.100 cycB=0.110 idtA=0.136 idtB=0.127 D_A=0.081 D_B=0.133 D_A(real)=0.84 D_A(fake)=0.16 gnG=26.63 gnD=16.50 it_per_s=4.58
2026-10-03 21:17:22,597 INFO iter=638200 epoch=91 lr=5.32e-05 G=1.666 advA2B=0.551 advB2A=0.694 cycA=0.100 cycB=0.110 idtA=0.137 idtB=0.127 D_A=0.081 D_B=0.133 D_A(real)=0.84 D_A(fake)=0.16 gnG=26.59 gnD=16.50 it_per_s=4.59
2026-10-03 21:17:42,742 INFO iter=638300 epoch=91 lr=5.31e-05 G=1.666 advA2B=0.551 advB2A=0.694 cycA=0.100 cycB=0.110 idtA=0.137 idtB=0.127 D_A=0.081 D_B=0.132 D_A(real)=0.84 D_A(fake)=0.16 gnG=26.67 gnD=16.51 it_per_s=4.59
2026-10-03 21:18:02,905 INFO iter=638400 epoch=91 lr=5.29e-05 G=1.667 advA2B=0.552 advB2A=0.695 cycA=0.100 cycB=0.110 idtA=0.137 idtB=0.127 D_A=0.081 D_B=0.133 D_A(real)=0.84 D_A(fake)=0.16 gnG=26.74 gnD=16.52 it_per_s=4.60
2026-10-03 21:18:23,046 INFO iter=638500 epoch=91 lr=5.28e-05 G=1.667 advA2B=0.551 advB2A=0.695 cycA=0.100 cycB=0.110 idtA=0.137 idtB=0.127 D_A=0.081 D_B=0.133 D_A(real)=0.84 D_A(fake)=0.16 gnG=26.74 gnD=16.53 it_per_s=4.61
2026-10-03 21:18:43,175 INFO iter=638600 epoch=91 lr=5.26e-05 G=1.668 advA2B=0.552 advB2A=0.696 cycA=0.100 cycB=0.110 idtA=0.137 idtB=0.127 D_A=0.081 D_B=0.133 D_A(real)=0.84 D_A(fake)=0.16 gnG=26.76 gnD=16.53 it_per_s=4.61
2026-10-03 21:19:03,407 INFO iter=638700 epoch=91 lr=5.25e-05 G=1.669 advA2B=0.552 advB2A=0.696 cycA=0.100 cycB=0.110 idtA=0.137 idtB=0.127 D_A=0.081 D_B=0.133 D_A(real)=0.84 D_A(fake)=0.16 gnG=26.74 gnD=16.55 it_per_s=4.62
2026-10-03 21:19:23,571 INFO iter=638800 epoch=91 lr=5.24e-05 G=1.669 advA2B=0.552 advB2A=0.696 cycA=0.100 cycB=0.110 idtA=0.137 idtB=0.126 D_A=0.081 D_B=0.133 D_A(real)=0.84 D_A(fake)=0.16 gnG=26.71 gnD=16.55 it_per_s=4.62
2026-10-03 21:19:43,736 INFO iter=638900 epoch=91 lr=5.22e-05 G=1.670 advA2B=0.553 advB2A=0.697 cycA=0.100 cycB=0.110 idtA=0.137 idtB=0.126 D_A=0.081 D_B=0.133 D_A(real)=0.84 D_A(fake)=0.16 gnG=26.69 gnD=16.57 it_per_s=4.63
2026-10-03 21:20:03,889 INFO iter=639000 epoch=91 lr=5.21e-05 G=1.669 advA2B=0.552 advB2A=0.697 cycA=0.100 cycB=0.110 idtA=0.137 idtB=0.127 D_A=0.081 D_B=0.133 D_A(real)=0.84 D_A(fake)=0.16 gnG=26.70 gnD=16.57 it_per_s=4.64
2026-10-03 21:20:24,059 INFO iter=639100 epoch=91 lr=5.19e-05 G=1.669 advA2B=0.552 advB2A=0.696 cycA=0.100 cycB=0.110 idtA=0.137 idtB=0.127 D_A=0.081 D_B=0.133 D_A(real)=0.84 D_A(fake)=0.16 gnG=26.71 gnD=16.58 it_per_s=4.64
2026-10-03 21:20:44,188 INFO iter=639200 epoch=91 lr=5.18e-05 G=1.669 advA2B=0.552 advB2A=0.697 cycA=0.100 cycB=0.110 idtA=0.138 idtB=0.126 D_A=0.081 D_B=0.133 D_A(real)=0.84 D_A(fake)=0.16 gnG=26.69 gnD=16.58 it_per_s=4.65
2026-10-03 21:21:04,371 INFO iter=639300 epoch=91 lr=5.16e-05 G=1.672 advA2B=0.553 advB2A=0.698 cycA=0.100 cycB=0.110 idtA=0.138 idtB=0.127 D_A=0.081 D_B=0.132 D_A(real)=0.84 D_A(fake)=0.16 gnG=26.67 gnD=16.58 it_per_s=4.65
2026-10-03 21:21:24,531 INFO iter=639400 epoch=91 lr=5.15e-05 G=1.671 advA2B=0.553 advB2A=0.698 cycA=0.100 cycB=0.111 idtA=0.138 idtB=0.127 D_A=0.081 D_B=0.132 D_A(real)=0.84 D_A(fake)=0.16 gnG=26.65 gnD=16.57 it_per_s=4.66
2026-10-03 21:21:44,692 INFO iter=639500 epoch=91 lr=5.14e-05 G=1.672 advA2B=0.553 advB2A=0.699 cycA=0.100 cycB=0.110 idtA=0.138 idtB=0.127 D_A=0.081 D_B=0.132 D_A(real)=0.84 D_A(fake)=0.16 gnG=26.72 gnD=16.55 it_per_s=4.66
2026-10-03 21:22:04,855 INFO iter=639600 epoch=91 lr=5.12e-05 G=1.672 advA2B=0.553 advB2A=0.699 cycA=0.100 cycB=0.111 idtA=0.138 idtB=0.127 D_A=0.081 D_B=0.132 D_A(real)=0.84 D_A(fake)=0.16 gnG=26.76 gnD=16.55 it_per_s=4.67
2026-10-03 21:22:25,024 INFO iter=639700 epoch=91 lr=5.11e-05 G=1.673 advA2B=0.553 advB2A=0.699 cycA=0.100 cycB=0.110 idtA=0.138 idtB=0.127 D_A=0.081 D_B=0.132 D_A(real)=0.84 D_A(fake)=0.16 gnG=26.78 gnD=16.58 it_per_s=4.67
2026-10-03 21:22:45,189 INFO iter=639800 epoch=91 lr=5.09e-05 G=1.674 advA2B=0.554 advB2A=0.700 cycA=0.100 cycB=0.111 idtA=0.138 idtB=0.127 D_A=0.081 D_B=0.132 D_A(real)=0.84 D_A(fake)=0.16 gnG=26.75 gnD=16.58 it_per_s=4.67
2026-10-03 21:23:05,365 INFO iter=639900 epoch=91 lr=5.08e-05 G=1.675 advA2B=0.555 advB2A=0.700 cycA=0.100 cycB=0.111 idtA=0.138 idtB=0.127 D_A=0.081 D_B=0.132 D_A(real)=0.84 D_A(fake)=0.16 gnG=26.75 gnD=16.60 it_per_s=4.68
2026-10-03 21:23:25,540 INFO iter=640000 epoch=91 lr=5.07e-05 G=1.675 advA2B=0.555 advB2A=0.700 cycA=0.100 cycB=0.111 idtA=0.138 idtB=0.127 D_A=0.081 D_B=0.132 D_A(real)=0.84 D_A(fake)=0.16 gnG=26.76 gnD=16.60 it_per_s=4.68
2026-10-03 21:23:45,712 INFO iter=640100 epoch=91 lr=5.05e-05 G=1.677 advA2B=0.555 advB2A=0.701 cycA=0.100 cycB=0.111 idtA=0.138 idtB=0.127 D_A=0.081 D_B=0.132 D_A(real)=0.84 D_A(fake)=0.16 gnG=26.75 gnD=16.60 it_per_s=4.69
2026-10-03 21:24:05,841 INFO iter=640200 epoch=91 lr=5.04e-05 G=1.677 advA2B=0.556 advB2A=0.700 cycA=0.100 cycB=0.111 idtA=0.138 idtB=0.127 D_A=0.080 D_B=0.132 D_A(real)=0.84 D_A(fake)=0.16 gnG=26.74 gnD=16.58 it_per_s=4.69
2026-10-03 21:24:26,054 INFO iter=640300 epoch=91 lr=5.02e-05 G=1.677 advA2B=0.556 advB2A=0.700 cycA=0.100 cycB=0.111 idtA=0.138 idtB=0.127 D_A=0.081 D_B=0.132 D_A(real)=0.84 D_A(fake)=0.16 gnG=26.73 gnD=16.59 it_per_s=4.69
2026-10-03 21:24:46,222 INFO iter=640400 epoch=91 lr=5.01e-05 G=1.678 advA2B=0.556 advB2A=0.700 cycA=0.100 cycB=0.111 idtA=0.138 idtB=0.127 D_A=0.081 D_B=0.132 D_A(real)=0.84 D_A(fake)=0.16 gnG=26.80 gnD=16.61 it_per_s=4.70
2026-10-03 21:24:57,914 INFO epoch=91 done time_s=1498 it_per_s=4.70 G=1.678 cycA=0.100 cycB=0.111 idtA=0.138 idtB=0.127 D_A=0.081 D_B=0.132 D_A(real)=0.84 D_A(fake)=0.16 nan_count=0
2026-10-03 21:25:06,904 INFO iter=640500 epoch=92 lr=4.99e-05 G=1.669 advA2B=0.590 advB2A=0.664 cycA=0.099 cycB=0.108 idtA=0.123 idtB=0.128 D_A=0.074 D_B=0.115 D_A(real)=0.87 D_A(fake)=0.12 gnG=27.18 gnD=16.48 it_per_s=5.15
2026-10-03 21:25:26,851 INFO iter=640600 epoch=92 lr=4.98e-05 G=1.704 advA2B=0.600 advB2A=0.681 cycA=0.102 cycB=0.110 idtA=0.135 idtB=0.138 D_A=0.076 D_B=0.116 D_A(real)=0.85 D_A(fake)=0.16 gnG=28.75 gnD=15.89 it_per_s=5.05
2026-10-03 21:25:46,999 INFO iter=640700 epoch=92 lr=4.97e-05 G=1.673 advA2B=0.582 advB2A=0.669 cycA=0.101 cycB=0.109 idtA=0.138 idtB=0.130 D_A=0.075 D_B=0.122 D_A(real)=0.85 D_A(fake)=0.15 gnG=27.75 gnD=16.06 it_per_s=5.02
2026-10-03 21:26:07,158 INFO iter=640800 epoch=92 lr=4.95e-05 G=1.685 advA2B=0.577 advB2A=0.688 cycA=0.101 cycB=0.109 idtA=0.140 idtB=0.129 D_A=0.076 D_B=0.124 D_A(real)=0.85 D_A(fake)=0.15 gnG=28.64 gnD=16.19 it_per_s=5.00
2026-10-03 21:26:27,311 INFO iter=640900 epoch=92 lr=4.94e-05 G=1.674 advA2B=0.571 advB2A=0.680 cycA=0.101 cycB=0.110 idtA=0.143 idtB=0.130 D_A=0.076 D_B=0.124 D_A(real)=0.85 D_A(fake)=0.15 gnG=27.80 gnD=16.27 it_per_s=4.99
2026-10-03 21:26:47,453 INFO iter=641000 epoch=92 lr=4.92e-05 G=1.680 advA2B=0.574 advB2A=0.686 cycA=0.100 cycB=0.110 idtA=0.140 idtB=0.129 D_A=0.076 D_B=0.127 D_A(real)=0.85 D_A(fake)=0.15 gnG=27.48 gnD=16.41 it_per_s=4.99
2026-10-03 21:27:07,589 INFO iter=641100 epoch=92 lr=4.91e-05 G=1.688 advA2B=0.576 advB2A=0.693 cycA=0.100 cycB=0.110 idtA=0.138 idtB=0.129 D_A=0.078 D_B=0.127 D_A(real)=0.85 D_A(fake)=0.15 gnG=28.06 gnD=16.48 it_per_s=4.98
2026-10-03 21:27:27,764 INFO iter=641200 epoch=92 lr=4.89e-05 G=1.700 advA2B=0.579 advB2A=0.698 cycA=0.100 cycB=0.111 idtA=0.136 idtB=0.130 D_A=0.078 D_B=0.127 D_A(real)=0.85 D_A(fake)=0.15 gnG=28.08 gnD=16.50 it_per_s=4.98
2026-10-03 21:27:47,933 INFO iter=641300 epoch=92 lr=4.88e-05 G=1.687 advA2B=0.571 advB2A=0.692 cycA=0.100 cycB=0.112 idtA=0.135 idtB=0.129 D_A=0.078 D_B=0.128 D_A(real)=0.85 D_A(fake)=0.15 gnG=27.55 gnD=16.52 it_per_s=4.98
2026-10-03 21:28:08,074 INFO iter=641400 epoch=92 lr=4.87e-05 G=1.678 advA2B=0.564 advB2A=0.693 cycA=0.100 cycB=0.111 idtA=0.135 idtB=0.127 D_A=0.078 D_B=0.130 D_A(real)=0.85 D_A(fake)=0.15 gnG=27.49 gnD=16.67 it_per_s=4.98
2026-10-03 21:28:28,264 INFO iter=641500 epoch=92 lr=4.85e-05 G=1.677 advA2B=0.557 advB2A=0.699 cycA=0.099 cycB=0.111 idtA=0.134 idtB=0.127 D_A=0.078 D_B=0.131 D_A(real)=0.85 D_A(fake)=0.15 gnG=27.10 gnD=16.74 it_per_s=4.97
2026-10-03 21:28:48,434 INFO iter=641600 epoch=92 lr=4.84e-05 G=1.688 advA2B=0.559 advB2A=0.708 cycA=0.099 cycB=0.111 idtA=0.132 idtB=0.127 D_A=0.078 D_B=0.130 D_A(real)=0.85 D_A(fake)=0.15 gnG=26.96 gnD=16.74 it_per_s=4.97
2026-10-03 21:29:08,595 INFO iter=641700 epoch=92 lr=4.82e-05 G=1.692 advA2B=0.564 advB2A=0.707 cycA=0.099 cycB=0.112 idtA=0.132 idtB=0.127 D_A=0.078 D_B=0.128 D_A(real)=0.85 D_A(fake)=0.15 gnG=27.09 gnD=16.69 it_per_s=4.97
2026-10-03 21:29:28,758 INFO iter=641800 epoch=92 lr=4.81e-05 G=1.689 advA2B=0.566 advB2A=0.702 cycA=0.099 cycB=0.111 idtA=0.131 idtB=0.127 D_A=0.078 D_B=0.129 D_A(real)=0.85 D_A(fake)=0.15 gnG=27.35 gnD=16.73 it_per_s=4.97
2026-10-03 21:29:48,900 INFO iter=641900 epoch=92 lr=4.80e-05 G=1.691 advA2B=0.567 advB2A=0.703 cycA=0.099 cycB=0.111 idtA=0.131 idtB=0.127 D_A=0.078 D_B=0.129 D_A(real)=0.85 D_A(fake)=0.15 gnG=27.51 gnD=16.78 it_per_s=4.97
2026-10-03 21:30:09,093 INFO iter=642000 epoch=92 lr=4.78e-05 G=1.690 advA2B=0.567 advB2A=0.703 cycA=0.099 cycB=0.111 idtA=0.131 idtB=0.125 D_A=0.079 D_B=0.128 D_A(real)=0.85 D_A(fake)=0.15 gnG=27.35 gnD=16.69 it_per_s=4.97
2026-10-03 21:30:29,306 INFO iter=642100 epoch=92 lr=4.77e-05 G=1.688 advA2B=0.566 advB2A=0.702 cycA=0.099 cycB=0.111 idtA=0.130 idtB=0.125 D_A=0.079 D_B=0.128 D_A(real)=0.85 D_A(fake)=0.16 gnG=27.58 gnD=16.68 it_per_s=4.97
2026-10-03 21:30:49,508 INFO iter=642200 epoch=92 lr=4.75e-05 G=1.688 advA2B=0.567 advB2A=0.702 cycA=0.099 cycB=0.111 idtA=0.128 idtB=0.125 D_A=0.079 D_B=0.128 D_A(real)=0.84 D_A(fake)=0.16 gnG=27.55 gnD=16.66 it_per_s=4.97
2026-10-03 21:31:09,696 INFO iter=642300 epoch=92 lr=4.74e-05 G=1.686 advA2B=0.566 advB2A=0.701 cycA=0.099 cycB=0.111 idtA=0.128 idtB=0.125 D_A=0.079 D_B=0.128 D_A(real)=0.84 D_A(fake)=0.16 gnG=27.44 gnD=16.68 it_per_s=4.97
2026-10-03 21:31:29,919 INFO iter=642400 epoch=92 lr=4.72e-05 G=1.685 advA2B=0.562 advB2A=0.703 cycA=0.099 cycB=0.111 idtA=0.128 idtB=0.125 D_A=0.079 D_B=0.128 D_A(real)=0.84 D_A(fake)=0.16 gnG=27.32 gnD=16.67 it_per_s=4.96
2026-10-03 21:31:50,110 INFO iter=642500 epoch=92 lr=4.71e-05 G=1.681 advA2B=0.561 advB2A=0.702 cycA=0.099 cycB=0.110 idtA=0.128 idtB=0.125 D_A=0.079 D_B=0.128 D_A(real)=0.84 D_A(fake)=0.16 gnG=27.23 gnD=16.70 it_per_s=4.96
2026-10-03 21:32:10,295 INFO iter=642600 epoch=92 lr=4.70e-05 G=1.684 advA2B=0.562 advB2A=0.703 cycA=0.099 cycB=0.110 idtA=0.129 idtB=0.125 D_A=0.079 D_B=0.129 D_A(real)=0.84 D_A(fake)=0.16 gnG=27.36 gnD=16.71 it_per_s=4.96
2026-10-03 21:32:30,497 INFO iter=642700 epoch=92 lr=4.68e-05 G=1.685 advA2B=0.563 advB2A=0.704 cycA=0.099 cycB=0.110 idtA=0.129 idtB=0.125 D_A=0.078 D_B=0.129 D_A(real)=0.84 D_A(fake)=0.16 gnG=27.48 gnD=16.72 it_per_s=4.96
2026-10-03 21:32:50,687 INFO iter=642800 epoch=92 lr=4.67e-05 G=1.685 advA2B=0.564 advB2A=0.703 cycA=0.099 cycB=0.110 idtA=0.130 idtB=0.126 D_A=0.078 D_B=0.129 D_A(real)=0.84 D_A(fake)=0.16 gnG=27.56 gnD=16.74 it_per_s=4.96
2026-10-03 21:33:10,866 INFO iter=642900 epoch=92 lr=4.65e-05 G=1.685 advA2B=0.562 advB2A=0.704 cycA=0.099 cycB=0.110 idtA=0.130 idtB=0.126 D_A=0.079 D_B=0.129 D_A(real)=0.84 D_A(fake)=0.16 gnG=27.64 gnD=16.73 it_per_s=4.96
2026-10-03 21:33:31,026 INFO iter=643000 epoch=92 lr=4.64e-05 G=1.684 advA2B=0.563 advB2A=0.702 cycA=0.099 cycB=0.110 idtA=0.130 idtB=0.125 D_A=0.079 D_B=0.129 D_A(real)=0.84 D_A(fake)=0.16 gnG=27.53 gnD=16.74 it_per_s=4.96
2026-10-03 21:33:51,211 INFO iter=643100 epoch=92 lr=4.62e-05 G=1.686 advA2B=0.564 advB2A=0.704 cycA=0.099 cycB=0.110 idtA=0.129 idtB=0.125 D_A=0.079 D_B=0.129 D_A(real)=0.84 D_A(fake)=0.16 gnG=27.52 gnD=16.74 it_per_s=4.96
2026-10-03 21:34:11,426 INFO iter=643200 epoch=92 lr=4.61e-05 G=1.685 advA2B=0.563 advB2A=0.703 cycA=0.099 cycB=0.110 idtA=0.129 idtB=0.125 D_A=0.079 D_B=0.129 D_A(real)=0.84 D_A(fake)=0.16 gnG=27.43 gnD=16.75 it_per_s=4.96
2026-10-03 21:34:31,604 INFO iter=643300 epoch=92 lr=4.60e-05 G=1.683 advA2B=0.562 advB2A=0.703 cycA=0.099 cycB=0.110 idtA=0.129 idtB=0.125 D_A=0.079 D_B=0.129 D_A(real)=0.84 D_A(fake)=0.16 gnG=27.37 gnD=16.74 it_per_s=4.96
2026-10-03 21:34:51,737 INFO iter=643400 epoch=92 lr=4.58e-05 G=1.682 advA2B=0.560 advB2A=0.703 cycA=0.099 cycB=0.110 idtA=0.129 idtB=0.125 D_A=0.078 D_B=0.129 D_A(real)=0.84 D_A(fake)=0.16 gnG=27.42 gnD=16.74 it_per_s=4.96
2026-10-03 21:35:11,903 INFO iter=643500 epoch=92 lr=4.57e-05 G=1.682 advA2B=0.559 advB2A=0.704 cycA=0.099 cycB=0.110 idtA=0.129 idtB=0.126 D_A=0.079 D_B=0.129 D_A(real)=0.84 D_A(fake)=0.16 gnG=27.38 gnD=16.76 it_per_s=4.96
2026-10-03 21:35:32,072 INFO iter=643600 epoch=92 lr=4.55e-05 G=1.682 advA2B=0.559 advB2A=0.704 cycA=0.099 cycB=0.110 idtA=0.129 idtB=0.126 D_A=0.079 D_B=0.129 D_A(real)=0.84 D_A(fake)=0.16 gnG=27.37 gnD=16.79 it_per_s=4.96
2026-10-03 21:35:52,268 INFO iter=643700 epoch=92 lr=4.54e-05 G=1.683 advA2B=0.559 advB2A=0.705 cycA=0.099 cycB=0.110 idtA=0.129 idtB=0.126 D_A=0.079 D_B=0.130 D_A(real)=0.84 D_A(fake)=0.16 gnG=27.53 gnD=16.80 it_per_s=4.96
2026-10-03 21:36:12,396 INFO iter=643800 epoch=92 lr=4.53e-05 G=1.683 advA2B=0.560 advB2A=0.705 cycA=0.099 cycB=0.110 idtA=0.129 idtB=0.126 D_A=0.079 D_B=0.130 D_A(real)=0.84 D_A(fake)=0.16 gnG=27.55 gnD=16.81 it_per_s=4.96
2026-10-03 21:36:32,573 INFO iter=643900 epoch=92 lr=4.51e-05 G=1.685 advA2B=0.562 advB2A=0.705 cycA=0.099 cycB=0.110 idtA=0.129 idtB=0.126 D_A=0.079 D_B=0.129 D_A(real)=0.84 D_A(fake)=0.16 gnG=27.69 gnD=16.83 it_per_s=4.96
2026-10-03 21:36:52,756 INFO iter=644000 epoch=92 lr=4.50e-05 G=1.686 advA2B=0.563 advB2A=0.706 cycA=0.099 cycB=0.110 idtA=0.130 idtB=0.126 D_A=0.079 D_B=0.129 D_A(real)=0.84 D_A(fake)=0.16 gnG=27.65 gnD=16.83 it_per_s=4.96
2026-10-03 21:37:12,933 INFO iter=644100 epoch=92 lr=4.48e-05 G=1.688 advA2B=0.564 advB2A=0.706 cycA=0.099 cycB=0.110 idtA=0.130 idtB=0.126 D_A=0.079 D_B=0.129 D_A(real)=0.84 D_A(fake)=0.16 gnG=27.69 gnD=16.81 it_per_s=4.96
2026-10-03 21:37:32,514 INFO iter=644200 epoch=92 lr=4.47e-05 G=1.691 advA2B=0.565 advB2A=0.707 cycA=0.099 cycB=0.110 idtA=0.130 idtB=0.126 D_A=0.079 D_B=0.129 D_A(real)=0.84 D_A(fake)=0.16 gnG=27.79 gnD=16.81 it_per_s=4.96
2026-10-03 21:37:52,662 INFO iter=644300 epoch=92 lr=4.45e-05 G=1.691 advA2B=0.565 advB2A=0.708 cycA=0.099 cycB=0.110 idtA=0.130 idtB=0.125 D_A=0.079 D_B=0.129 D_A(real)=0.84 D_A(fake)=0.16 gnG=27.85 gnD=16.81 it_per_s=4.96
2026-10-03 21:38:12,831 INFO iter=644400 epoch=92 lr=4.44e-05 G=1.691 advA2B=0.566 advB2A=0.708 cycA=0.099 cycB=0.110 idtA=0.130 idtB=0.125 D_A=0.078 D_B=0.128 D_A(real)=0.84 D_A(fake)=0.16 gnG=27.96 gnD=16.76 it_per_s=4.96
2026-10-03 21:38:32,978 INFO iter=644500 epoch=92 lr=4.43e-05 G=1.689 advA2B=0.564 advB2A=0.707 cycA=0.099 cycB=0.110 idtA=0.130 idtB=0.125 D_A=0.078 D_B=0.128 D_A(real)=0.84 D_A(fake)=0.16 gnG=27.83 gnD=16.75 it_per_s=4.96
2026-10-03 21:38:53,151 INFO iter=644600 epoch=92 lr=4.41e-05 G=1.690 advA2B=0.563 advB2A=0.709 cycA=0.099 cycB=0.110 idtA=0.130 idtB=0.125 D_A=0.078 D_B=0.129 D_A(real)=0.84 D_A(fake)=0.16 gnG=27.81 gnD=16.76 it_per_s=4.96
2026-10-03 21:39:13,302 INFO iter=644700 epoch=92 lr=4.40e-05 G=1.690 advA2B=0.563 advB2A=0.709 cycA=0.099 cycB=0.110 idtA=0.130 idtB=0.125 D_A=0.078 D_B=0.129 D_A(real)=0.84 D_A(fake)=0.16 gnG=27.80 gnD=16.76 it_per_s=4.96
2026-10-03 21:39:33,468 INFO iter=644800 epoch=92 lr=4.38e-05 G=1.688 advA2B=0.563 advB2A=0.707 cycA=0.099 cycB=0.110 idtA=0.131 idtB=0.125 D_A=0.078 D_B=0.129 D_A(real)=0.84 D_A(fake)=0.16 gnG=27.86 gnD=16.76 it_per_s=4.96
2026-10-03 21:39:53,648 INFO iter=644900 epoch=92 lr=4.37e-05 G=1.691 advA2B=0.563 advB2A=0.710 cycA=0.099 cycB=0.110 idtA=0.131 idtB=0.125 D_A=0.078 D_B=0.128 D_A(real)=0.84 D_A(fake)=0.16 gnG=27.99 gnD=16.73 it_per_s=4.96
2026-10-03 21:40:13,820 INFO iter=645000 epoch=92 lr=4.35e-05 G=1.689 advA2B=0.563 advB2A=0.708 cycA=0.099 cycB=0.110 idtA=0.131 idtB=0.124 D_A=0.078 D_B=0.129 D_A(real)=0.84 D_A(fake)=0.16 gnG=27.99 gnD=16.74 it_per_s=4.96
2026-10-03 21:40:33,964 INFO iter=645100 epoch=92 lr=4.34e-05 G=1.688 advA2B=0.563 advB2A=0.707 cycA=0.099 cycB=0.110 idtA=0.131 idtB=0.124 D_A=0.078 D_B=0.129 D_A(real)=0.84 D_A(fake)=0.16 gnG=27.99 gnD=16.75 it_per_s=4.96
2026-10-03 21:40:54,199 INFO iter=645200 epoch=92 lr=4.33e-05 G=1.689 advA2B=0.564 advB2A=0.708 cycA=0.099 cycB=0.110 idtA=0.131 idtB=0.124 D_A=0.078 D_B=0.128 D_A(real)=0.84 D_A(fake)=0.16 gnG=28.12 gnD=16.74 it_per_s=4.96
2026-10-03 21:41:14,366 INFO iter=645300 epoch=92 lr=4.31e-05 G=1.689 advA2B=0.563 advB2A=0.708 cycA=0.099 cycB=0.110 idtA=0.131 idtB=0.124 D_A=0.078 D_B=0.128 D_A(real)=0.84 D_A(fake)=0.16 gnG=28.07 gnD=16.75 it_per_s=4.96
2026-10-03 21:41:34,550 INFO iter=645400 epoch=92 lr=4.30e-05 G=1.689 advA2B=0.563 advB2A=0.708 cycA=0.099 cycB=0.110 idtA=0.131 idtB=0.124 D_A=0.078 D_B=0.129 D_A(real)=0.84 D_A(fake)=0.16 gnG=28.14 gnD=16.76 it_per_s=4.96
2026-10-03 21:41:54,699 INFO iter=645500 epoch=92 lr=4.28e-05 G=1.690 advA2B=0.562 advB2A=0.710 cycA=0.099 cycB=0.110 idtA=0.131 idtB=0.124 D_A=0.078 D_B=0.129 D_A(real)=0.84 D_A(fake)=0.16 gnG=28.11 gnD=16.77 it_per_s=4.96
2026-10-03 21:42:14,848 INFO iter=645600 epoch=92 lr=4.27e-05 G=1.689 advA2B=0.561 advB2A=0.710 cycA=0.099 cycB=0.110 idtA=0.132 idtB=0.124 D_A=0.078 D_B=0.129 D_A(real)=0.84 D_A(fake)=0.16 gnG=28.13 gnD=16.77 it_per_s=4.96
2026-10-03 21:42:35,007 INFO iter=645700 epoch=92 lr=4.26e-05 G=1.689 advA2B=0.560 advB2A=0.711 cycA=0.099 cycB=0.110 idtA=0.132 idtB=0.124 D_A=0.078 D_B=0.129 D_A(real)=0.84 D_A(fake)=0.16 gnG=28.16 gnD=16.79 it_per_s=4.96
2026-10-03 21:42:55,182 INFO iter=645800 epoch=92 lr=4.24e-05 G=1.690 advA2B=0.561 advB2A=0.711 cycA=0.099 cycB=0.110 idtA=0.132 idtB=0.124 D_A=0.078 D_B=0.129 D_A(real)=0.84 D_A(fake)=0.16 gnG=28.21 gnD=16.77 it_per_s=4.96
2026-10-03 21:43:15,381 INFO iter=645900 epoch=92 lr=4.23e-05 G=1.690 advA2B=0.561 advB2A=0.712 cycA=0.099 cycB=0.110 idtA=0.132 idtB=0.124 D_A=0.078 D_B=0.129 D_A(real)=0.84 D_A(fake)=0.16 gnG=28.27 gnD=16.79 it_per_s=4.96
2026-10-03 21:43:35,540 INFO iter=646000 epoch=92 lr=4.21e-05 G=1.690 advA2B=0.560 advB2A=0.713 cycA=0.099 cycB=0.109 idtA=0.132 idtB=0.124 D_A=0.078 D_B=0.129 D_A(real)=0.84 D_A(fake)=0.16 gnG=28.28 gnD=16.80 it_per_s=4.96
2026-10-03 21:43:55,701 INFO iter=646100 epoch=92 lr=4.20e-05 G=1.690 advA2B=0.560 advB2A=0.714 cycA=0.099 cycB=0.109 idtA=0.132 idtB=0.124 D_A=0.078 D_B=0.129 D_A(real)=0.84 D_A(fake)=0.16 gnG=28.32 gnD=16.79 it_per_s=4.96
2026-10-03 21:44:15,868 INFO iter=646200 epoch=92 lr=4.18e-05 G=1.691 advA2B=0.560 advB2A=0.714 cycA=0.099 cycB=0.109 idtA=0.132 idtB=0.124 D_A=0.078 D_B=0.128 D_A(real)=0.84 D_A(fake)=0.16 gnG=28.38 gnD=16.80 it_per_s=4.96
2026-10-03 21:44:36,066 INFO iter=646300 epoch=92 lr=4.17e-05 G=1.689 advA2B=0.559 advB2A=0.714 cycA=0.099 cycB=0.109 idtA=0.132 idtB=0.124 D_A=0.078 D_B=0.129 D_A(real)=0.84 D_A(fake)=0.16 gnG=28.35 gnD=16.82 it_per_s=4.96
2026-10-03 21:44:56,198 INFO iter=646400 epoch=92 lr=4.16e-05 G=1.689 advA2B=0.559 advB2A=0.714 cycA=0.099 cycB=0.109 idtA=0.132 idtB=0.124 D_A=0.078 D_B=0.128 D_A(real)=0.84 D_A(fake)=0.16 gnG=28.37 gnD=16.83 it_per_s=4.96
2026-10-03 21:45:16,356 INFO iter=646500 epoch=92 lr=4.14e-05 G=1.689 advA2B=0.559 advB2A=0.714 cycA=0.099 cycB=0.109 idtA=0.132 idtB=0.124 D_A=0.078 D_B=0.128 D_A(real)=0.84 D_A(fake)=0.16 gnG=28.39 gnD=16.84 it_per_s=4.96
2026-10-03 21:45:36,516 INFO iter=646600 epoch=92 lr=4.13e-05 G=1.689 advA2B=0.558 advB2A=0.714 cycA=0.099 cycB=0.109 idtA=0.132 idtB=0.124 D_A=0.078 D_B=0.129 D_A(real)=0.84 D_A(fake)=0.16 gnG=28.40 gnD=16.84 it_per_s=4.96
2026-10-03 21:45:56,688 INFO iter=646700 epoch=92 lr=4.11e-05 G=1.689 advA2B=0.559 advB2A=0.714 cycA=0.099 cycB=0.109 idtA=0.132 idtB=0.125 D_A=0.078 D_B=0.129 D_A(real)=0.84 D_A(fake)=0.16 gnG=28.42 gnD=16.86 it_per_s=4.96
2026-10-03 21:46:16,883 INFO iter=646800 epoch=92 lr=4.10e-05 G=1.689 advA2B=0.559 advB2A=0.714 cycA=0.099 cycB=0.109 idtA=0.132 idtB=0.125 D_A=0.078 D_B=0.129 D_A(real)=0.84 D_A(fake)=0.16 gnG=28.43 gnD=16.86 it_per_s=4.96
2026-10-03 21:46:37,060 INFO iter=646900 epoch=92 lr=4.08e-05 G=1.687 advA2B=0.558 advB2A=0.713 cycA=0.099 cycB=0.109 idtA=0.132 idtB=0.124 D_A=0.078 D_B=0.129 D_A(real)=0.84 D_A(fake)=0.16 gnG=28.45 gnD=16.85 it_per_s=4.96
2026-10-03 21:46:57,231 INFO iter=647000 epoch=92 lr=4.07e-05 G=1.687 advA2B=0.559 advB2A=0.713 cycA=0.099 cycB=0.109 idtA=0.132 idtB=0.124 D_A=0.078 D_B=0.129 D_A(real)=0.84 D_A(fake)=0.16 gnG=28.44 gnD=16.83 it_per_s=4.96
2026-10-03 21:47:17,439 INFO iter=647100 epoch=92 lr=4.06e-05 G=1.687 advA2B=0.558 advB2A=0.713 cycA=0.099 cycB=0.109 idtA=0.132 idtB=0.124 D_A=0.078 D_B=0.129 D_A(real)=0.84 D_A(fake)=0.16 gnG=28.44 gnD=16.83 it_per_s=4.96
2026-10-03 21:47:37,609 INFO iter=647200 epoch=92 lr=4.04e-05 G=1.687 advA2B=0.558 advB2A=0.713 cycA=0.099 cycB=0.109 idtA=0.132 idtB=0.124 D_A=0.078 D_B=0.129 D_A(real)=0.84 D_A(fake)=0.16 gnG=28.41 gnD=16.84 it_per_s=4.96
2026-10-03 21:47:57,851 INFO iter=647300 epoch=92 lr=4.03e-05 G=1.688 advA2B=0.558 advB2A=0.714 cycA=0.099 cycB=0.109 idtA=0.132 idtB=0.124 D_A=0.078 D_B=0.129 D_A(real)=0.84 D_A(fake)=0.16 gnG=28.45 gnD=16.86 it_per_s=4.96
2026-10-03 21:48:18,025 INFO iter=647400 epoch=92 lr=4.01e-05 G=1.687 advA2B=0.558 advB2A=0.714 cycA=0.099 cycB=0.109 idtA=0.132 idtB=0.124 D_A=0.078 D_B=0.129 D_A(real)=0.84 D_A(fake)=0.16 gnG=28.46 gnD=16.87 it_per_s=4.96
2026-10-03 21:48:37,407 INFO epoch=92 done time_s=1419 it_per_s=4.96 G=1.687 cycA=0.099 cycB=0.109 idtA=0.132 idtB=0.124 D_A=0.078 D_B=0.129 D_A(real)=0.84 D_A(fake)=0.16 nan_count=0
2026-10-03 21:48:39,238 INFO iter=647500 epoch=93 lr=4.00e-05 G=1.666 advA2B=0.419 advB2A=0.833 cycA=0.097 cycB=0.109 idtA=0.170 idtB=0.101 D_A=0.055 D_B=0.124 D_A(real)=0.93 D_A(fake)=0.16 gnG=23.81 gnD=13.35 it_per_s=5.02
2026-10-03 21:48:59,485 INFO iter=647600 epoch=93 lr=3.99e-05 G=1.753 advA2B=0.607 advB2A=0.728 cycA=0.094 cycB=0.114 idtA=0.135 idtB=0.127 D_A=0.074 D_B=0.122 D_A(real)=0.84 D_A(fake)=0.16 gnG=30.12 gnD=15.99 it_per_s=4.94
2026-10-03 21:49:23,567 INFO iter=647700 epoch=93 lr=3.97e-05 G=1.754 advA2B=0.590 advB2A=0.747 cycA=0.095 cycB=0.114 idtA=0.132 idtB=0.126 D_A=0.079 D_B=0.121 D_A(real)=0.84 D_A(fake)=0.16 gnG=31.55 gnD=16.83 it_per_s=4.52
2026-10-03 21:49:47,244 INFO iter=647800 epoch=93 lr=3.96e-05 G=1.740 advA2B=0.581 advB2A=0.740 cycA=0.096 cycB=0.113 idtA=0.137 idtB=0.125 D_A=0.077 D_B=0.126 D_A(real)=0.84 D_A(fake)=0.16 gnG=30.92 gnD=17.02 it_per_s=4.42
2026-10-03 21:50:10,872 INFO iter=647900 epoch=93 lr=3.94e-05 G=1.719 advA2B=0.564 advB2A=0.733 cycA=0.097 cycB=0.114 idtA=0.137 idtB=0.125 D_A=0.077 D_B=0.127 D_A(real)=0.84 D_A(fake)=0.16 gnG=29.81 gnD=16.99 it_per_s=4.37
2026-10-03 21:50:32,315 INFO iter=648000 epoch=93 lr=3.93e-05 G=1.706 advA2B=0.550 advB2A=0.735 cycA=0.097 cycB=0.113 idtA=0.139 idtB=0.124 D_A=0.078 D_B=0.129 D_A(real)=0.84 D_A(fake)=0.16 gnG=29.54 gnD=17.03 it_per_s=4.43
2026-10-03 21:50:56,411 INFO iter=648100 epoch=93 lr=3.91e-05 G=1.698 advA2B=0.550 advB2A=0.730 cycA=0.097 cycB=0.112 idtA=0.137 idtB=0.125 D_A=0.079 D_B=0.129 D_A(real)=0.84 D_A(fake)=0.16 gnG=29.04 gnD=17.04 it_per_s=4.38
2026-10-03 21:51:20,115 INFO iter=648200 epoch=93 lr=3.90e-05 G=1.697 advA2B=0.548 advB2A=0.733 cycA=0.097 cycB=0.112 idtA=0.136 idtB=0.124 D_A=0.079 D_B=0.131 D_A(real)=0.84 D_A(fake)=0.16 gnG=29.02 gnD=17.19 it_per_s=4.35
2026-10-03 21:51:43,805 INFO iter=648300 epoch=93 lr=3.89e-05 G=1.704 advA2B=0.550 advB2A=0.737 cycA=0.097 cycB=0.111 idtA=0.135 idtB=0.126 D_A=0.078 D_B=0.131 D_A(real)=0.84 D_A(fake)=0.16 gnG=29.30 gnD=17.17 it_per_s=4.34
2026-10-03 21:52:05,014 INFO iter=648400 epoch=93 lr=3.87e-05 G=1.701 advA2B=0.548 advB2A=0.735 cycA=0.097 cycB=0.112 idtA=0.136 idtB=0.126 D_A=0.078 D_B=0.131 D_A(real)=0.84 D_A(fake)=0.16 gnG=29.15 gnD=17.06 it_per_s=4.38
2026-10-03 21:52:25,224 INFO iter=648500 epoch=93 lr=3.86e-05 G=1.707 advA2B=0.557 advB2A=0.731 cycA=0.098 cycB=0.112 idtA=0.137 idtB=0.125 D_A=0.078 D_B=0.132 D_A(real)=0.84 D_A(fake)=0.16 gnG=29.66 gnD=17.15 it_per_s=4.43
2026-10-03 21:52:45,397 INFO iter=648600 epoch=93 lr=3.84e-05 G=1.697 advA2B=0.551 advB2A=0.729 cycA=0.098 cycB=0.111 idtA=0.137 idtB=0.123 D_A=0.077 D_B=0.132 D_A(real)=0.84 D_A(fake)=0.16 gnG=29.90 gnD=17.13 it_per_s=4.47
2026-10-03 21:53:05,544 INFO iter=648700 epoch=93 lr=3.83e-05 G=1.698 advA2B=0.555 advB2A=0.727 cycA=0.097 cycB=0.111 idtA=0.137 idtB=0.122 D_A=0.076 D_B=0.133 D_A(real)=0.84 D_A(fake)=0.16 gnG=29.98 gnD=17.07 it_per_s=4.51
2026-10-03 21:53:25,723 INFO iter=648800 epoch=93 lr=3.81e-05 G=1.702 advA2B=0.560 advB2A=0.727 cycA=0.097 cycB=0.110 idtA=0.137 idtB=0.122 D_A=0.076 D_B=0.132 D_A(real)=0.84 D_A(fake)=0.16 gnG=30.03 gnD=17.12 it_per_s=4.54
2026-10-03 21:53:45,974 INFO iter=648900 epoch=93 lr=3.80e-05 G=1.698 advA2B=0.560 advB2A=0.723 cycA=0.097 cycB=0.110 idtA=0.137 idtB=0.121 D_A=0.076 D_B=0.133 D_A(real)=0.84 D_A(fake)=0.16 gnG=29.85 gnD=17.21 it_per_s=4.57
2026-10-03 21:54:06,156 INFO iter=649000 epoch=93 lr=3.79e-05 G=1.700 advA2B=0.562 advB2A=0.725 cycA=0.097 cycB=0.110 idtA=0.137 idtB=0.121 D_A=0.077 D_B=0.132 D_A(real)=0.84 D_A(fake)=0.16 gnG=30.23 gnD=17.24 it_per_s=4.59
2026-10-03 21:54:26,373 INFO iter=649100 epoch=93 lr=3.77e-05 G=1.701 advA2B=0.562 advB2A=0.725 cycA=0.097 cycB=0.110 idtA=0.137 idtB=0.122 D_A=0.077 D_B=0.132 D_A(real)=0.84 D_A(fake)=0.16 gnG=30.38 gnD=17.22 it_per_s=4.61
2026-10-03 21:54:46,545 INFO iter=649200 epoch=93 lr=3.76e-05 G=1.701 advA2B=0.562 advB2A=0.725 cycA=0.097 cycB=0.110 idtA=0.137 idtB=0.121 D_A=0.077 D_B=0.132 D_A(real)=0.84 D_A(fake)=0.16 gnG=30.60 gnD=17.17 it_per_s=4.63
2026-10-03 21:55:06,727 INFO iter=649300 epoch=93 lr=3.74e-05 G=1.701 advA2B=0.562 advB2A=0.725 cycA=0.097 cycB=0.110 idtA=0.136 idtB=0.121 D_A=0.077 D_B=0.132 D_A(real)=0.84 D_A(fake)=0.16 gnG=30.50 gnD=17.13 it_per_s=4.65
2026-10-03 21:55:26,906 INFO iter=649400 epoch=93 lr=3.73e-05 G=1.701 advA2B=0.562 advB2A=0.726 cycA=0.097 cycB=0.110 idtA=0.136 idtB=0.120 D_A=0.077 D_B=0.132 D_A(real)=0.84 D_A(fake)=0.16 gnG=30.55 gnD=17.14 it_per_s=4.66
2026-10-03 21:55:47,065 INFO iter=649500 epoch=93 lr=3.72e-05 G=1.706 advA2B=0.566 advB2A=0.726 cycA=0.097 cycB=0.110 idtA=0.137 idtB=0.120 D_A=0.077 D_B=0.131 D_A(real)=0.84 D_A(fake)=0.16 gnG=30.70 gnD=17.12 it_per_s=4.68
2026-10-03 21:56:07,262 INFO iter=649600 epoch=93 lr=3.70e-05 G=1.707 advA2B=0.565 advB2A=0.729 cycA=0.097 cycB=0.110 idtA=0.137 idtB=0.120 D_A=0.077 D_B=0.131 D_A(real)=0.84 D_A(fake)=0.16 gnG=30.66 gnD=17.13 it_per_s=4.69
2026-10-03 21:56:27,456 INFO iter=649700 epoch=93 lr=3.69e-05 G=1.706 advA2B=0.564 advB2A=0.729 cycA=0.097 cycB=0.109 idtA=0.137 idtB=0.120 D_A=0.076 D_B=0.131 D_A(real)=0.84 D_A(fake)=0.16 gnG=30.82 gnD=17.08 it_per_s=4.70
2026-10-03 21:56:47,629 INFO iter=649800 epoch=93 lr=3.67e-05 G=1.706 advA2B=0.563 advB2A=0.730 cycA=0.097 cycB=0.109 idtA=0.137 idtB=0.120 D_A=0.076 D_B=0.131 D_A(real)=0.84 D_A(fake)=0.16 gnG=30.78 gnD=17.07 it_per_s=4.71
2026-10-03 21:57:07,800 INFO iter=649900 epoch=93 lr=3.66e-05 G=1.707 advA2B=0.563 advB2A=0.731 cycA=0.097 cycB=0.109 idtA=0.137 idtB=0.121 D_A=0.076 D_B=0.131 D_A(real)=0.84 D_A(fake)=0.16 gnG=30.74 gnD=17.06 it_per_s=4.72
2026-10-03 21:57:27,997 INFO iter=650000 epoch=93 lr=3.64e-05 G=1.705 advA2B=0.563 advB2A=0.729 cycA=0.097 cycB=0.109 idtA=0.137 idtB=0.121 D_A=0.076 D_B=0.131 D_A(real)=0.84 D_A(fake)=0.16 gnG=30.83 gnD=17.06 it_per_s=4.73
2026-10-03 21:57:48,166 INFO iter=650100 epoch=93 lr=3.63e-05 G=1.704 advA2B=0.562 advB2A=0.728 cycA=0.097 cycB=0.109 idtA=0.137 idtB=0.121 D_A=0.076 D_B=0.131 D_A(real)=0.84 D_A(fake)=0.15 gnG=30.83 gnD=17.03 it_per_s=4.74
2026-10-03 21:58:08,351 INFO iter=650200 epoch=93 lr=3.62e-05 G=1.705 advA2B=0.562 advB2A=0.729 cycA=0.098 cycB=0.109 idtA=0.137 idtB=0.121 D_A=0.076 D_B=0.131 D_A(real)=0.85 D_A(fake)=0.15 gnG=30.79 gnD=17.01 it_per_s=4.74
2026-10-03 21:58:28,545 INFO iter=650300 epoch=93 lr=3.60e-05 G=1.706 advA2B=0.561 advB2A=0.731 cycA=0.097 cycB=0.109 idtA=0.137 idtB=0.121 D_A=0.076 D_B=0.131 D_A(real)=0.85 D_A(fake)=0.15 gnG=30.81 gnD=16.98 it_per_s=4.75
2026-10-03 21:58:48,745 INFO iter=650400 epoch=93 lr=3.59e-05 G=1.703 advA2B=0.560 advB2A=0.730 cycA=0.097 cycB=0.109 idtA=0.137 idtB=0.121 D_A=0.076 D_B=0.131 D_A(real)=0.85 D_A(fake)=0.15 gnG=30.87 gnD=16.98 it_per_s=4.76
2026-10-03 21:59:08,951 INFO iter=650500 epoch=93 lr=3.57e-05 G=1.704 advA2B=0.559 advB2A=0.731 cycA=0.097 cycB=0.109 idtA=0.138 idtB=0.121 D_A=0.076 D_B=0.131 D_A(real)=0.85 D_A(fake)=0.15 gnG=30.91 gnD=16.98 it_per_s=4.76
2026-10-03 21:59:29,141 INFO iter=650600 epoch=93 lr=3.56e-05 G=1.703 advA2B=0.559 advB2A=0.731 cycA=0.097 cycB=0.109 idtA=0.138 idtB=0.121 D_A=0.076 D_B=0.131 D_A(real)=0.85 D_A(fake)=0.15 gnG=30.93 gnD=16.97 it_per_s=4.77
2026-10-03 21:59:49,333 INFO iter=650700 epoch=93 lr=3.54e-05 G=1.703 advA2B=0.558 advB2A=0.731 cycA=0.097 cycB=0.109 idtA=0.138 idtB=0.120 D_A=0.076 D_B=0.131 D_A(real)=0.84 D_A(fake)=0.16 gnG=30.88 gnD=17.01 it_per_s=4.78
2026-10-03 22:00:09,539 INFO iter=650800 epoch=93 lr=3.53e-05 G=1.705 advA2B=0.559 advB2A=0.731 cycA=0.098 cycB=0.110 idtA=0.139 idtB=0.121 D_A=0.076 D_B=0.131 D_A(real)=0.84 D_A(fake)=0.16 gnG=31.00 gnD=17.00 it_per_s=4.78
2026-10-03 22:00:29,705 INFO iter=650900 epoch=93 lr=3.52e-05 G=1.707 advA2B=0.559 advB2A=0.733 cycA=0.098 cycB=0.110 idtA=0.139 idtB=0.121 D_A=0.076 D_B=0.130 D_A(real)=0.84 D_A(fake)=0.16 gnG=31.14 gnD=16.99 it_per_s=4.79
2026-10-03 22:00:49,842 INFO iter=651000 epoch=93 lr=3.50e-05 G=1.706 advA2B=0.558 advB2A=0.733 cycA=0.098 cycB=0.110 idtA=0.138 idtB=0.120 D_A=0.076 D_B=0.130 D_A(real)=0.84 D_A(fake)=0.15 gnG=31.29 gnD=17.01 it_per_s=4.79
2026-10-03 22:01:09,995 INFO iter=651100 epoch=93 lr=3.49e-05 G=1.707 advA2B=0.558 advB2A=0.735 cycA=0.098 cycB=0.109 idtA=0.138 idtB=0.120 D_A=0.076 D_B=0.130 D_A(real)=0.84 D_A(fake)=0.16 gnG=31.26 gnD=17.01 it_per_s=4.80
2026-10-03 22:01:29,383 INFO iter=651200 epoch=93 lr=3.47e-05 G=1.706 advA2B=0.559 advB2A=0.734 cycA=0.098 cycB=0.109 idtA=0.138 idtB=0.120 D_A=0.076 D_B=0.130 D_A(real)=0.84 D_A(fake)=0.16 gnG=31.33 gnD=17.03 it_per_s=4.80
2026-10-03 22:01:52,932 INFO iter=651300 epoch=93 lr=3.46e-05 G=1.707 advA2B=0.560 advB2A=0.734 cycA=0.098 cycB=0.109 idtA=0.139 idtB=0.120 D_A=0.077 D_B=0.130 D_A(real)=0.84 D_A(fake)=0.16 gnG=31.57 gnD=17.04 it_per_s=4.79
2026-10-03 22:02:15,348 INFO iter=651400 epoch=93 lr=3.45e-05 G=1.709 advA2B=0.561 advB2A=0.734 cycA=0.098 cycB=0.109 idtA=0.139 idtB=0.120 D_A=0.077 D_B=0.130 D_A(real)=0.84 D_A(fake)=0.16 gnG=31.59 gnD=17.05 it_per_s=4.78
2026-10-03 22:02:37,861 INFO iter=651500 epoch=93 lr=3.43e-05 G=1.711 advA2B=0.563 advB2A=0.735 cycA=0.098 cycB=0.109 idtA=0.139 idtB=0.121 D_A=0.077 D_B=0.130 D_A(real)=0.84 D_A(fake)=0.16 gnG=31.63 gnD=17.04 it_per_s=4.77
2026-10-03 22:03:01,674 INFO iter=651600 epoch=93 lr=3.42e-05 G=1.711 advA2B=0.563 advB2A=0.735 cycA=0.098 cycB=0.109 idtA=0.139 idtB=0.121 D_A=0.077 D_B=0.130 D_A(real)=0.84 D_A(fake)=0.16 gnG=31.70 gnD=17.04 it_per_s=4.75
2026-10-03 22:03:25,616 INFO iter=651700 epoch=93 lr=3.40e-05 G=1.711 advA2B=0.563 advB2A=0.735 cycA=0.098 cycB=0.109 idtA=0.139 idtB=0.121 D_A=0.077 D_B=0.130 D_A(real)=0.84 D_A(fake)=0.16 gnG=31.71 gnD=17.08 it_per_s=4.74
2026-10-03 22:03:46,443 INFO iter=651800 epoch=93 lr=3.39e-05 G=1.711 advA2B=0.564 advB2A=0.734 cycA=0.097 cycB=0.109 idtA=0.139 idtB=0.121 D_A=0.077 D_B=0.130 D_A(real)=0.84 D_A(fake)=0.16 gnG=31.79 gnD=17.08 it_per_s=4.74
2026-10-03 22:04:06,702 INFO iter=651900 epoch=93 lr=3.37e-05 G=1.713 advA2B=0.565 advB2A=0.735 cycA=0.098 cycB=0.109 idtA=0.138 idtB=0.121 D_A=0.077 D_B=0.130 D_A(real)=0.84 D_A(fake)=0.16 gnG=31.85 gnD=17.09 it_per_s=4.74
2026-10-03 22:04:30,338 INFO iter=652000 epoch=93 lr=3.36e-05 G=1.713 advA2B=0.564 advB2A=0.735 cycA=0.097 cycB=0.109 idtA=0.139 idtB=0.121 D_A=0.077 D_B=0.130 D_A(real)=0.84 D_A(fake)=0.16 gnG=31.87 gnD=17.09 it_per_s=4.73
2026-10-03 22:04:54,353 INFO iter=652100 epoch=93 lr=3.35e-05 G=1.712 advA2B=0.564 advB2A=0.735 cycA=0.098 cycB=0.109 idtA=0.139 idtB=0.121 D_A=0.077 D_B=0.130 D_A(real)=0.84 D_A(fake)=0.16 gnG=31.77 gnD=17.09 it_per_s=4.72
2026-10-03 22:05:16,254 INFO iter=652200 epoch=93 lr=3.33e-05 G=1.712 advA2B=0.565 advB2A=0.734 cycA=0.097 cycB=0.109 idtA=0.139 idtB=0.121 D_A=0.077 D_B=0.130 D_A(real)=0.84 D_A(fake)=0.16 gnG=31.88 gnD=17.09 it_per_s=4.71
2026-10-03 22:05:39,427 INFO iter=652300 epoch=93 lr=3.32e-05 G=1.712 advA2B=0.564 advB2A=0.735 cycA=0.097 cycB=0.109 idtA=0.139 idtB=0.121 D_A=0.077 D_B=0.130 D_A(real)=0.84 D_A(fake)=0.16 gnG=31.82 gnD=17.10 it_per_s=4.71
2026-10-03 22:06:03,184 INFO iter=652400 epoch=93 lr=3.30e-05 G=1.712 advA2B=0.565 advB2A=0.734 cycA=0.097 cycB=0.109 idtA=0.139 idtB=0.121 D_A=0.077 D_B=0.129 D_A(real)=0.84 D_A(fake)=0.16 gnG=31.90 gnD=17.13 it_per_s=4.69
2026-10-03 22:06:27,202 INFO iter=652500 epoch=93 lr=3.29e-05 G=1.711 advA2B=0.564 advB2A=0.734 cycA=0.098 cycB=0.109 idtA=0.139 idtB=0.121 D_A=0.077 D_B=0.129 D_A(real)=0.84 D_A(fake)=0.16 gnG=31.83 gnD=17.14 it_per_s=4.68
2026-10-03 22:06:49,553 INFO iter=652600 epoch=93 lr=3.27e-05 G=1.712 advA2B=0.565 advB2A=0.734 cycA=0.097 cycB=0.109 idtA=0.139 idtB=0.121 D_A=0.077 D_B=0.129 D_A(real)=0.84 D_A(fake)=0.16 gnG=31.84 gnD=17.12 it_per_s=4.68
2026-10-03 22:07:12,315 INFO iter=652700 epoch=93 lr=3.26e-05 G=1.712 advA2B=0.565 advB2A=0.734 cycA=0.097 cycB=0.109 idtA=0.139 idtB=0.121 D_A=0.077 D_B=0.129 D_A(real)=0.84 D_A(fake)=0.16 gnG=31.82 gnD=17.12 it_per_s=4.67
2026-10-03 22:07:32,511 INFO iter=652800 epoch=93 lr=3.25e-05 G=1.712 advA2B=0.565 advB2A=0.734 cycA=0.097 cycB=0.109 idtA=0.139 idtB=0.121 D_A=0.077 D_B=0.130 D_A(real)=0.84 D_A(fake)=0.16 gnG=31.86 gnD=17.17 it_per_s=4.68
2026-10-03 22:07:49,173 INFO iter=652900 epoch=93 lr=3.23e-05 G=1.711 advA2B=0.566 advB2A=0.733 cycA=0.097 cycB=0.109 idtA=0.139 idtB=0.121 D_A=0.077 D_B=0.130 D_A(real)=0.84 D_A(fake)=0.16 gnG=31.81 gnD=17.16 it_per_s=4.70
2026-10-03 22:07:59,746 INFO iter=653000 epoch=93 lr=3.22e-05 G=1.711 advA2B=0.566 advB2A=0.733 cycA=0.098 cycB=0.109 idtA=0.139 idtB=0.121 D_A=0.077 D_B=0.129 D_A(real)=0.84 D_A(fake)=0.16 gnG=31.76 gnD=17.15 it_per_s=4.74
2026-10-03 22:08:10,258 INFO iter=653100 epoch=93 lr=3.20e-05 G=1.712 advA2B=0.567 advB2A=0.733 cycA=0.098 cycB=0.109 idtA=0.139 idtB=0.121 D_A=0.077 D_B=0.129 D_A(real)=0.84 D_A(fake)=0.16 gnG=31.81 gnD=17.18 it_per_s=4.78
2026-10-03 22:08:20,889 INFO iter=653200 epoch=93 lr=3.19e-05 G=1.712 advA2B=0.567 advB2A=0.733 cycA=0.098 cycB=0.109 idtA=0.139 idtB=0.121 D_A=0.076 D_B=0.129 D_A(real)=0.84 D_A(fake)=0.16 gnG=31.83 gnD=17.20 it_per_s=4.82
2026-10-03 22:08:31,389 INFO iter=653300 epoch=93 lr=3.18e-05 G=1.713 advA2B=0.566 advB2A=0.734 cycA=0.098 cycB=0.109 idtA=0.139 idtB=0.121 D_A=0.077 D_B=0.129 D_A(real)=0.84 D_A(fake)=0.16 gnG=31.86 gnD=17.21 it_per_s=4.87
2026-10-03 22:08:45,146 INFO iter=653400 epoch=93 lr=3.16e-05 G=1.713 advA2B=0.567 advB2A=0.734 cycA=0.098 cycB=0.109 idtA=0.139 idtB=0.121 D_A=0.077 D_B=0.130 D_A(real)=0.84 D_A(fake)=0.16 gnG=31.92 gnD=17.24 it_per_s=4.89
2026-10-03 22:09:09,212 INFO iter=653500 epoch=93 lr=3.15e-05 G=1.713 advA2B=0.566 advB2A=0.734 cycA=0.098 cycB=0.109 idtA=0.139 idtB=0.121 D_A=0.077 D_B=0.130 D_A(real)=0.84 D_A(fake)=0.16 gnG=31.88 gnD=17.25 it_per_s=4.88
2026-10-03 22:09:29,344 INFO iter=653600 epoch=93 lr=3.13e-05 G=1.712 advA2B=0.566 advB2A=0.734 cycA=0.098 cycB=0.109 idtA=0.139 idtB=0.121 D_A=0.077 D_B=0.130 D_A(real)=0.84 D_A(fake)=0.16 gnG=31.86 gnD=17.26 it_per_s=4.88
2026-10-03 22:09:49,415 INFO iter=653700 epoch=93 lr=3.12e-05 G=1.713 advA2B=0.567 advB2A=0.734 cycA=0.097 cycB=0.109 idtA=0.139 idtB=0.121 D_A=0.077 D_B=0.130 D_A(real)=0.84 D_A(fake)=0.16 gnG=31.91 gnD=17.27 it_per_s=4.88
2026-10-03 22:10:09,497 INFO iter=653800 epoch=93 lr=3.10e-05 G=1.713 advA2B=0.567 advB2A=0.734 cycA=0.097 cycB=0.109 idtA=0.139 idtB=0.121 D_A=0.077 D_B=0.130 D_A(real)=0.84 D_A(fake)=0.16 gnG=31.91 gnD=17.30 it_per_s=4.88
2026-10-03 22:10:29,565 INFO iter=653900 epoch=93 lr=3.09e-05 G=1.713 advA2B=0.566 advB2A=0.735 cycA=0.097 cycB=0.109 idtA=0.139 idtB=0.121 D_A=0.077 D_B=0.130 D_A(real)=0.84 D_A(fake)=0.16 gnG=31.91 gnD=17.32 it_per_s=4.88
2026-10-03 22:10:49,660 INFO iter=654000 epoch=93 lr=3.08e-05 G=1.712 advA2B=0.566 advB2A=0.735 cycA=0.097 cycB=0.109 idtA=0.139 idtB=0.121 D_A=0.077 D_B=0.130 D_A(real)=0.84 D_A(fake)=0.16 gnG=31.85 gnD=17.32 it_per_s=4.89
2026-10-03 22:11:09,836 INFO iter=654100 epoch=93 lr=3.06e-05 G=1.712 advA2B=0.565 advB2A=0.735 cycA=0.097 cycB=0.109 idtA=0.139 idtB=0.121 D_A=0.076 D_B=0.130 D_A(real)=0.84 D_A(fake)=0.16 gnG=31.90 gnD=17.32 it_per_s=4.89
2026-10-03 22:11:29,924 INFO iter=654200 epoch=93 lr=3.05e-05 G=1.712 advA2B=0.566 advB2A=0.735 cycA=0.097 cycB=0.109 idtA=0.139 idtB=0.121 D_A=0.076 D_B=0.130 D_A(real)=0.84 D_A(fake)=0.16 gnG=31.93 gnD=17.34 it_per_s=4.89
2026-10-03 22:11:50,088 INFO iter=654300 epoch=93 lr=3.03e-05 G=1.712 advA2B=0.566 advB2A=0.735 cycA=0.097 cycB=0.109 idtA=0.140 idtB=0.121 D_A=0.076 D_B=0.130 D_A(real)=0.84 D_A(fake)=0.16 gnG=31.94 gnD=17.35 it_per_s=4.89
2026-10-03 22:12:10,181 INFO iter=654400 epoch=93 lr=3.02e-05 G=1.713 advA2B=0.566 advB2A=0.735 cycA=0.097 cycB=0.109 idtA=0.140 idtB=0.121 D_A=0.076 D_B=0.130 D_A(real)=0.84 D_A(fake)=0.16 gnG=32.01 gnD=17.36 it_per_s=4.89
2026-10-03 22:12:30,274 INFO iter=654500 epoch=93 lr=3.00e-05 G=1.713 advA2B=0.566 advB2A=0.735 cycA=0.097 cycB=0.109 idtA=0.140 idtB=0.121 D_A=0.076 D_B=0.130 D_A(real)=0.84 D_A(fake)=0.16 gnG=31.99 gnD=17.37 it_per_s=4.89
2026-10-03 22:12:37,100 INFO epoch=93 done time_s=1439 it_per_s=4.89 G=1.713 cycA=0.097 cycB=0.109 idtA=0.140 idtB=0.121 D_A=0.076 D_B=0.130 D_A(real)=0.84 D_A(fake)=0.16 nan_count=0
2026-10-03 22:12:51,159 INFO iter=654600 epoch=94 lr=2.99e-05 G=1.703 advA2B=0.529 advB2A=0.777 cycA=0.094 cycB=0.104 idtA=0.134 idtB=0.113 D_A=0.060 D_B=0.121 D_A(real)=0.88 D_A(fake)=0.12 gnG=35.70 gnD=17.91 it_per_s=5.00
2026-10-03 22:13:11,260 INFO iter=654700 epoch=94 lr=2.98e-05 G=1.709 advA2B=0.544 advB2A=0.763 cycA=0.094 cycB=0.106 idtA=0.132 idtB=0.119 D_A=0.065 D_B=0.123 D_A(real)=0.87 D_A(fake)=0.13 gnG=33.33 gnD=17.50 it_per_s=4.98
2026-10-03 22:13:31,344 INFO iter=654800 epoch=94 lr=2.96e-05 G=1.722 advA2B=0.561 advB2A=0.757 cycA=0.095 cycB=0.107 idtA=0.136 idtB=0.120 D_A=0.066 D_B=0.126 D_A(real)=0.88 D_A(fake)=0.13 gnG=32.81 gnD=17.59 it_per_s=4.98
2026-10-03 22:13:51,474 INFO iter=654900 epoch=94 lr=2.95e-05 G=1.737 advA2B=0.581 advB2A=0.751 cycA=0.095 cycB=0.108 idtA=0.134 idtB=0.121 D_A=0.068 D_B=0.125 D_A(real)=0.87 D_A(fake)=0.13 gnG=35.39 gnD=17.48 it_per_s=4.98
2026-10-03 22:14:11,585 INFO iter=655000 epoch=94 lr=2.93e-05 G=1.744 advA2B=0.587 advB2A=0.751 cycA=0.095 cycB=0.108 idtA=0.136 idtB=0.123 D_A=0.069 D_B=0.122 D_A(real)=0.87 D_A(fake)=0.13 gnG=34.96 gnD=17.31 it_per_s=4.98
2026-10-03 22:14:31,696 INFO iter=655100 epoch=94 lr=2.92e-05 G=1.743 advA2B=0.586 advB2A=0.752 cycA=0.095 cycB=0.108 idtA=0.135 idtB=0.123 D_A=0.069 D_B=0.122 D_A(real)=0.87 D_A(fake)=0.13 gnG=35.63 gnD=17.41 it_per_s=4.98
2026-10-03 22:14:51,808 INFO iter=655200 epoch=94 lr=2.91e-05 G=1.743 advA2B=0.587 advB2A=0.751 cycA=0.095 cycB=0.108 idtA=0.134 idtB=0.123 D_A=0.070 D_B=0.124 D_A(real)=0.86 D_A(fake)=0.14 gnG=36.17 gnD=17.45 it_per_s=4.98
2026-10-03 22:15:11,877 INFO iter=655300 epoch=94 lr=2.89e-05 G=1.731 advA2B=0.585 advB2A=0.741 cycA=0.095 cycB=0.108 idtA=0.133 idtB=0.122 D_A=0.071 D_B=0.125 D_A(real)=0.86 D_A(fake)=0.14 gnG=36.29 gnD=17.65 it_per_s=4.98
2026-10-03 22:15:31,945 INFO iter=655400 epoch=94 lr=2.88e-05 G=1.728 advA2B=0.580 advB2A=0.744 cycA=0.095 cycB=0.107 idtA=0.134 idtB=0.121 D_A=0.072 D_B=0.125 D_A(real)=0.86 D_A(fake)=0.14 gnG=35.39 gnD=17.70 it_per_s=4.98
2026-10-03 22:15:52,027 INFO iter=655500 epoch=94 lr=2.86e-05 G=1.720 advA2B=0.574 advB2A=0.743 cycA=0.095 cycB=0.107 idtA=0.135 idtB=0.121 D_A=0.072 D_B=0.125 D_A(real)=0.86 D_A(fake)=0.14 gnG=35.15 gnD=17.77 it_per_s=4.98
2026-10-03 22:16:12,130 INFO iter=655600 epoch=94 lr=2.85e-05 G=1.723 advA2B=0.577 advB2A=0.744 cycA=0.095 cycB=0.107 idtA=0.136 idtB=0.121 D_A=0.072 D_B=0.125 D_A(real)=0.85 D_A(fake)=0.15 gnG=35.03 gnD=17.76 it_per_s=4.98
2026-10-03 22:16:32,236 INFO iter=655700 epoch=94 lr=2.83e-05 G=1.718 advA2B=0.577 advB2A=0.738 cycA=0.095 cycB=0.107 idtA=0.137 idtB=0.121 D_A=0.073 D_B=0.125 D_A(real)=0.85 D_A(fake)=0.15 gnG=34.97 gnD=17.84 it_per_s=4.98
2026-10-03 22:16:52,348 INFO iter=655800 epoch=94 lr=2.82e-05 G=1.720 advA2B=0.577 advB2A=0.739 cycA=0.095 cycB=0.107 idtA=0.137 idtB=0.121 D_A=0.073 D_B=0.125 D_A(real)=0.85 D_A(fake)=0.15 gnG=35.12 gnD=17.78 it_per_s=4.98
2026-10-03 22:17:12,466 INFO iter=655900 epoch=94 lr=2.81e-05 G=1.721 advA2B=0.576 advB2A=0.739 cycA=0.095 cycB=0.107 idtA=0.137 idtB=0.122 D_A=0.073 D_B=0.125 D_A(real)=0.85 D_A(fake)=0.15 gnG=35.41 gnD=17.72 it_per_s=4.98
2026-10-03 22:17:32,533 INFO iter=656000 epoch=94 lr=2.79e-05 G=1.723 advA2B=0.580 advB2A=0.738 cycA=0.095 cycB=0.107 idtA=0.137 idtB=0.122 D_A=0.073 D_B=0.125 D_A(real)=0.85 D_A(fake)=0.15 gnG=35.31 gnD=17.73 it_per_s=4.98
2026-10-03 22:17:52,639 INFO iter=656100 epoch=94 lr=2.78e-05 G=1.722 advA2B=0.579 advB2A=0.737 cycA=0.095 cycB=0.107 idtA=0.137 idtB=0.123 D_A=0.073 D_B=0.125 D_A(real)=0.85 D_A(fake)=0.15 gnG=35.16 gnD=17.73 it_per_s=4.98
2026-10-03 22:18:12,725 INFO iter=656200 epoch=94 lr=2.76e-05 G=1.723 advA2B=0.577 advB2A=0.741 cycA=0.095 cycB=0.107 idtA=0.137 idtB=0.122 D_A=0.073 D_B=0.125 D_A(real)=0.85 D_A(fake)=0.15 gnG=34.87 gnD=17.72 it_per_s=4.98
2026-10-03 22:18:32,817 INFO iter=656300 epoch=94 lr=2.75e-05 G=1.722 advA2B=0.577 advB2A=0.739 cycA=0.095 cycB=0.107 idtA=0.137 idtB=0.121 D_A=0.073 D_B=0.125 D_A(real)=0.85 D_A(fake)=0.15 gnG=34.77 gnD=17.73 it_per_s=4.98
2026-10-03 22:18:52,924 INFO iter=656400 epoch=94 lr=2.74e-05 G=1.724 advA2B=0.577 advB2A=0.740 cycA=0.095 cycB=0.108 idtA=0.138 idtB=0.121 D_A=0.073 D_B=0.126 D_A(real)=0.85 D_A(fake)=0.15 gnG=34.71 gnD=17.81 it_per_s=4.98
2026-10-03 22:19:12,997 INFO iter=656500 epoch=94 lr=2.72e-05 G=1.722 advA2B=0.576 advB2A=0.740 cycA=0.095 cycB=0.108 idtA=0.139 idtB=0.121 D_A=0.073 D_B=0.125 D_A(real)=0.85 D_A(fake)=0.15 gnG=34.46 gnD=17.77 it_per_s=4.98
2026-10-03 22:19:33,073 INFO iter=656600 epoch=94 lr=2.71e-05 G=1.722 advA2B=0.577 advB2A=0.737 cycA=0.096 cycB=0.108 idtA=0.140 idtB=0.121 D_A=0.073 D_B=0.126 D_A(real)=0.85 D_A(fake)=0.15 gnG=34.07 gnD=17.80 it_per_s=4.98
2026-10-03 22:19:53,148 INFO iter=656700 epoch=94 lr=2.69e-05 G=1.722 advA2B=0.578 advB2A=0.737 cycA=0.096 cycB=0.108 idtA=0.141 idtB=0.120 D_A=0.073 D_B=0.126 D_A(real)=0.85 D_A(fake)=0.15 gnG=33.93 gnD=17.80 it_per_s=4.98
2026-10-03 22:20:13,186 INFO iter=656800 epoch=94 lr=2.68e-05 G=1.720 advA2B=0.577 advB2A=0.736 cycA=0.096 cycB=0.108 idtA=0.141 idtB=0.120 D_A=0.073 D_B=0.126 D_A(real)=0.85 D_A(fake)=0.15 gnG=33.75 gnD=17.83 it_per_s=4.98
2026-10-03 22:20:33,249 INFO iter=656900 epoch=94 lr=2.66e-05 G=1.719 advA2B=0.577 advB2A=0.735 cycA=0.096 cycB=0.108 idtA=0.141 idtB=0.120 D_A=0.073 D_B=0.127 D_A(real)=0.85 D_A(fake)=0.15 gnG=33.73 gnD=17.88 it_per_s=4.98
2026-10-03 22:20:53,322 INFO iter=657000 epoch=94 lr=2.65e-05 G=1.719 advA2B=0.576 advB2A=0.734 cycA=0.096 cycB=0.108 idtA=0.141 idtB=0.121 D_A=0.073 D_B=0.127 D_A(real)=0.85 D_A(fake)=0.15 gnG=33.68 gnD=17.87 it_per_s=4.98
2026-10-03 22:21:13,433 INFO iter=657100 epoch=94 lr=2.64e-05 G=1.717 advA2B=0.575 advB2A=0.734 cycA=0.096 cycB=0.108 idtA=0.141 idtB=0.121 D_A=0.073 D_B=0.128 D_A(real)=0.85 D_A(fake)=0.15 gnG=33.69 gnD=17.89 it_per_s=4.98
2026-10-03 22:21:33,505 INFO iter=657200 epoch=94 lr=2.62e-05 G=1.717 advA2B=0.575 advB2A=0.735 cycA=0.096 cycB=0.108 idtA=0.141 idtB=0.121 D_A=0.073 D_B=0.128 D_A(real)=0.85 D_A(fake)=0.15 gnG=33.83 gnD=17.87 it_per_s=4.98
2026-10-03 22:21:53,606 INFO iter=657300 epoch=94 lr=2.61e-05 G=1.720 advA2B=0.574 advB2A=0.738 cycA=0.096 cycB=0.108 idtA=0.141 idtB=0.121 D_A=0.073 D_B=0.128 D_A(real)=0.85 D_A(fake)=0.15 gnG=33.96 gnD=17.86 it_per_s=4.98
2026-10-03 22:22:13,705 INFO iter=657400 epoch=94 lr=2.59e-05 G=1.719 advA2B=0.572 advB2A=0.739 cycA=0.096 cycB=0.108 idtA=0.141 idtB=0.120 D_A=0.073 D_B=0.128 D_A(real)=0.85 D_A(fake)=0.15 gnG=33.92 gnD=17.84 it_per_s=4.98
2026-10-03 22:22:33,783 INFO iter=657500 epoch=94 lr=2.58e-05 G=1.718 advA2B=0.572 advB2A=0.739 cycA=0.096 cycB=0.108 idtA=0.141 idtB=0.120 D_A=0.073 D_B=0.128 D_A(real)=0.85 D_A(fake)=0.15 gnG=33.88 gnD=17.83 it_per_s=4.98
2026-10-03 22:22:53,864 INFO iter=657600 epoch=94 lr=2.56e-05 G=1.718 advA2B=0.574 advB2A=0.737 cycA=0.096 cycB=0.108 idtA=0.141 idtB=0.120 D_A=0.073 D_B=0.128 D_A(real)=0.85 D_A(fake)=0.15 gnG=33.90 gnD=17.85 it_per_s=4.98
2026-10-03 22:23:13,985 INFO iter=657700 epoch=94 lr=2.55e-05 G=1.717 advA2B=0.574 advB2A=0.737 cycA=0.096 cycB=0.108 idtA=0.141 idtB=0.119 D_A=0.073 D_B=0.128 D_A(real)=0.85 D_A(fake)=0.15 gnG=33.74 gnD=17.84 it_per_s=4.98
2026-10-03 22:23:34,105 INFO iter=657800 epoch=94 lr=2.54e-05 G=1.717 advA2B=0.572 advB2A=0.738 cycA=0.096 cycB=0.107 idtA=0.141 idtB=0.119 D_A=0.073 D_B=0.127 D_A(real)=0.85 D_A(fake)=0.15 gnG=33.79 gnD=17.85 it_per_s=4.98
2026-10-03 22:23:54,208 INFO iter=657900 epoch=94 lr=2.52e-05 G=1.718 advA2B=0.573 advB2A=0.739 cycA=0.096 cycB=0.107 idtA=0.141 idtB=0.119 D_A=0.073 D_B=0.127 D_A(real)=0.85 D_A(fake)=0.15 gnG=33.70 gnD=17.86 it_per_s=4.98
2026-10-03 22:24:14,329 INFO iter=658000 epoch=94 lr=2.51e-05 G=1.717 advA2B=0.573 advB2A=0.737 cycA=0.096 cycB=0.108 idtA=0.141 idtB=0.119 D_A=0.073 D_B=0.127 D_A(real)=0.85 D_A(fake)=0.15 gnG=33.68 gnD=17.83 it_per_s=4.98
2026-10-03 22:24:34,388 INFO iter=658100 epoch=94 lr=2.49e-05 G=1.717 advA2B=0.573 advB2A=0.737 cycA=0.096 cycB=0.107 idtA=0.141 idtB=0.119 D_A=0.073 D_B=0.127 D_A(real)=0.85 D_A(fake)=0.15 gnG=33.76 gnD=17.81 it_per_s=4.98
2026-10-03 22:24:54,510 INFO iter=658200 epoch=94 lr=2.48e-05 G=1.717 advA2B=0.574 advB2A=0.737 cycA=0.096 cycB=0.107 idtA=0.141 idtB=0.119 D_A=0.073 D_B=0.127 D_A(real)=0.85 D_A(fake)=0.15 gnG=33.72 gnD=17.84 it_per_s=4.98
2026-10-03 22:25:14,564 INFO iter=658300 epoch=94 lr=2.47e-05 G=1.716 advA2B=0.574 advB2A=0.737 cycA=0.096 cycB=0.107 idtA=0.140 idtB=0.119 D_A=0.073 D_B=0.127 D_A(real)=0.85 D_A(fake)=0.15 gnG=33.76 gnD=17.85 it_per_s=4.98
2026-10-03 22:25:34,677 INFO iter=658400 epoch=94 lr=2.45e-05 G=1.714 advA2B=0.572 advB2A=0.736 cycA=0.096 cycB=0.107 idtA=0.140 idtB=0.119 D_A=0.073 D_B=0.127 D_A(real)=0.85 D_A(fake)=0.15 gnG=33.80 gnD=17.87 it_per_s=4.98
2026-10-03 22:25:54,803 INFO iter=658500 epoch=94 lr=2.44e-05 G=1.713 advA2B=0.572 advB2A=0.736 cycA=0.096 cycB=0.107 idtA=0.140 idtB=0.118 D_A=0.073 D_B=0.127 D_A(real)=0.85 D_A(fake)=0.15 gnG=33.68 gnD=17.91 it_per_s=4.98
2026-10-03 22:26:14,903 INFO iter=658600 epoch=94 lr=2.42e-05 G=1.712 advA2B=0.572 advB2A=0.735 cycA=0.096 cycB=0.107 idtA=0.141 idtB=0.118 D_A=0.073 D_B=0.128 D_A(real)=0.85 D_A(fake)=0.15 gnG=33.78 gnD=17.94 it_per_s=4.98
2026-10-03 22:26:34,967 INFO iter=658700 epoch=94 lr=2.41e-05 G=1.712 advA2B=0.571 advB2A=0.736 cycA=0.096 cycB=0.107 idtA=0.141 idtB=0.118 D_A=0.073 D_B=0.128 D_A(real)=0.85 D_A(fake)=0.15 gnG=33.81 gnD=17.93 it_per_s=4.98
2026-10-03 22:26:55,048 INFO iter=658800 epoch=94 lr=2.39e-05 G=1.712 advA2B=0.572 advB2A=0.735 cycA=0.096 cycB=0.107 idtA=0.141 idtB=0.118 D_A=0.073 D_B=0.128 D_A(real)=0.85 D_A(fake)=0.15 gnG=33.86 gnD=17.96 it_per_s=4.98
2026-10-03 22:27:15,126 INFO iter=658900 epoch=94 lr=2.38e-05 G=1.712 advA2B=0.571 advB2A=0.736 cycA=0.096 cycB=0.107 idtA=0.141 idtB=0.118 D_A=0.074 D_B=0.128 D_A(real)=0.85 D_A(fake)=0.15 gnG=33.87 gnD=17.99 it_per_s=4.98
2026-10-03 22:27:35,257 INFO iter=659000 epoch=94 lr=2.37e-05 G=1.712 advA2B=0.571 advB2A=0.736 cycA=0.096 cycB=0.107 idtA=0.141 idtB=0.118 D_A=0.073 D_B=0.128 D_A(real)=0.85 D_A(fake)=0.15 gnG=33.97 gnD=17.99 it_per_s=4.98
2026-10-03 22:27:55,458 INFO iter=659100 epoch=94 lr=2.35e-05 G=1.712 advA2B=0.571 advB2A=0.736 cycA=0.096 cycB=0.107 idtA=0.141 idtB=0.118 D_A=0.074 D_B=0.128 D_A(real)=0.85 D_A(fake)=0.15 gnG=33.92 gnD=18.00 it_per_s=4.98
2026-10-03 22:28:15,635 INFO iter=659200 epoch=94 lr=2.34e-05 G=1.712 advA2B=0.571 advB2A=0.736 cycA=0.096 cycB=0.107 idtA=0.141 idtB=0.118 D_A=0.073 D_B=0.128 D_A(real)=0.85 D_A(fake)=0.15 gnG=33.90 gnD=18.01 it_per_s=4.98
2026-10-03 22:28:35,849 INFO iter=659300 epoch=94 lr=2.32e-05 G=1.714 advA2B=0.573 advB2A=0.737 cycA=0.096 cycB=0.107 idtA=0.141 idtB=0.118 D_A=0.073 D_B=0.128 D_A(real)=0.85 D_A(fake)=0.15 gnG=33.98 gnD=18.03 it_per_s=4.98
2026-10-03 22:28:56,015 INFO iter=659400 epoch=94 lr=2.31e-05 G=1.716 advA2B=0.574 advB2A=0.737 cycA=0.096 cycB=0.107 idtA=0.141 idtB=0.118 D_A=0.073 D_B=0.128 D_A(real)=0.85 D_A(fake)=0.15 gnG=34.04 gnD=18.03 it_per_s=4.98
2026-10-03 22:29:16,170 INFO iter=659500 epoch=94 lr=2.29e-05 G=1.717 advA2B=0.574 advB2A=0.738 cycA=0.096 cycB=0.107 idtA=0.141 idtB=0.118 D_A=0.073 D_B=0.128 D_A(real)=0.85 D_A(fake)=0.15 gnG=34.13 gnD=18.02 it_per_s=4.97
2026-10-03 22:29:36,372 INFO iter=659600 epoch=94 lr=2.28e-05 G=1.717 advA2B=0.574 advB2A=0.738 cycA=0.096 cycB=0.107 idtA=0.141 idtB=0.118 D_A=0.073 D_B=0.128 D_A(real)=0.85 D_A(fake)=0.15 gnG=34.11 gnD=18.03 it_per_s=4.97
2026-10-03 22:29:56,521 INFO iter=659700 epoch=94 lr=2.27e-05 G=1.719 advA2B=0.574 advB2A=0.740 cycA=0.096 cycB=0.107 idtA=0.141 idtB=0.119 D_A=0.073 D_B=0.128 D_A(real)=0.85 D_A(fake)=0.15 gnG=34.22 gnD=18.04 it_per_s=4.97
2026-10-03 22:30:16,682 INFO iter=659800 epoch=94 lr=2.25e-05 G=1.721 advA2B=0.575 advB2A=0.741 cycA=0.096 cycB=0.106 idtA=0.141 idtB=0.119 D_A=0.073 D_B=0.128 D_A(real)=0.85 D_A(fake)=0.15 gnG=34.37 gnD=18.04 it_per_s=4.97
2026-10-03 22:30:36,785 INFO iter=659900 epoch=94 lr=2.24e-05 G=1.720 advA2B=0.574 advB2A=0.741 cycA=0.096 cycB=0.106 idtA=0.141 idtB=0.119 D_A=0.073 D_B=0.128 D_A(real)=0.85 D_A(fake)=0.15 gnG=34.47 gnD=18.06 it_per_s=4.97
2026-10-03 22:30:56,917 INFO iter=660000 epoch=94 lr=2.22e-05 G=1.720 advA2B=0.574 advB2A=0.741 cycA=0.096 cycB=0.106 idtA=0.141 idtB=0.119 D_A=0.073 D_B=0.128 D_A(real)=0.85 D_A(fake)=0.15 gnG=34.63 gnD=18.06 it_per_s=4.97
2026-10-03 22:31:17,007 INFO iter=660100 epoch=94 lr=2.21e-05 G=1.720 advA2B=0.574 advB2A=0.742 cycA=0.096 cycB=0.106 idtA=0.141 idtB=0.119 D_A=0.073 D_B=0.128 D_A(real)=0.85 D_A(fake)=0.15 gnG=34.67 gnD=18.08 it_per_s=4.97
2026-10-03 22:31:37,120 INFO iter=660200 epoch=94 lr=2.20e-05 G=1.721 advA2B=0.574 advB2A=0.742 cycA=0.096 cycB=0.106 idtA=0.141 idtB=0.119 D_A=0.073 D_B=0.128 D_A(real)=0.85 D_A(fake)=0.15 gnG=34.70 gnD=18.10 it_per_s=4.97
2026-10-03 22:31:57,208 INFO iter=660300 epoch=94 lr=2.18e-05 G=1.720 advA2B=0.573 advB2A=0.743 cycA=0.096 cycB=0.106 idtA=0.141 idtB=0.119 D_A=0.073 D_B=0.128 D_A(real)=0.85 D_A(fake)=0.15 gnG=34.70 gnD=18.12 it_per_s=4.97
2026-10-03 22:32:17,303 INFO iter=660400 epoch=94 lr=2.17e-05 G=1.719 advA2B=0.573 advB2A=0.742 cycA=0.096 cycB=0.106 idtA=0.141 idtB=0.119 D_A=0.073 D_B=0.128 D_A(real)=0.85 D_A(fake)=0.15 gnG=34.73 gnD=18.13 it_per_s=4.97
2026-10-03 22:32:36,011 INFO iter=660500 epoch=94 lr=2.15e-05 G=1.720 advA2B=0.574 advB2A=0.742 cycA=0.096 cycB=0.107 idtA=0.141 idtB=0.119 D_A=0.073 D_B=0.129 D_A(real)=0.85 D_A(fake)=0.15 gnG=34.90 gnD=18.14 it_per_s=4.98
2026-10-03 22:32:55,532 INFO iter=660600 epoch=94 lr=2.14e-05 G=1.720 advA2B=0.573 advB2A=0.743 cycA=0.096 cycB=0.106 idtA=0.141 idtB=0.119 D_A=0.073 D_B=0.129 D_A(real)=0.85 D_A(fake)=0.15 gnG=34.88 gnD=18.13 it_per_s=4.98
2026-10-03 22:33:15,583 INFO iter=660700 epoch=94 lr=2.12e-05 G=1.721 advA2B=0.573 advB2A=0.743 cycA=0.096 cycB=0.106 idtA=0.141 idtB=0.120 D_A=0.073 D_B=0.128 D_A(real)=0.85 D_A(fake)=0.15 gnG=34.98 gnD=18.13 it_per_s=4.98
2026-10-03 22:33:35,722 INFO iter=660800 epoch=94 lr=2.11e-05 G=1.721 advA2B=0.573 advB2A=0.743 cycA=0.096 cycB=0.106 idtA=0.141 idtB=0.120 D_A=0.073 D_B=0.129 D_A(real)=0.85 D_A(fake)=0.15 gnG=35.07 gnD=18.15 it_per_s=4.98
2026-10-03 22:33:55,792 INFO iter=660900 epoch=94 lr=2.10e-05 G=1.720 advA2B=0.573 advB2A=0.743 cycA=0.096 cycB=0.107 idtA=0.141 idtB=0.120 D_A=0.073 D_B=0.129 D_A(real)=0.85 D_A(fake)=0.15 gnG=35.06 gnD=18.17 it_per_s=4.98
2026-10-03 22:34:15,855 INFO iter=661000 epoch=94 lr=2.08e-05 G=1.720 advA2B=0.572 advB2A=0.743 cycA=0.096 cycB=0.107 idtA=0.141 idtB=0.120 D_A=0.073 D_B=0.129 D_A(real)=0.85 D_A(fake)=0.15 gnG=35.08 gnD=18.18 it_per_s=4.98
2026-10-03 22:34:35,965 INFO iter=661100 epoch=94 lr=2.07e-05 G=1.719 advA2B=0.571 advB2A=0.743 cycA=0.096 cycB=0.107 idtA=0.141 idtB=0.120 D_A=0.073 D_B=0.129 D_A(real)=0.85 D_A(fake)=0.15 gnG=35.08 gnD=18.18 it_per_s=4.98
2026-10-03 22:34:56,005 INFO iter=661200 epoch=94 lr=2.05e-05 G=1.720 advA2B=0.571 advB2A=0.743 cycA=0.096 cycB=0.107 idtA=0.141 idtB=0.120 D_A=0.073 D_B=0.129 D_A(real)=0.85 D_A(fake)=0.15 gnG=35.03 gnD=18.16 it_per_s=4.98
2026-10-03 22:35:16,071 INFO iter=661300 epoch=94 lr=2.04e-05 G=1.720 advA2B=0.571 advB2A=0.744 cycA=0.096 cycB=0.107 idtA=0.140 idtB=0.120 D_A=0.073 D_B=0.129 D_A(real)=0.85 D_A(fake)=0.15 gnG=35.04 gnD=18.18 it_per_s=4.98
2026-10-03 22:35:36,142 INFO iter=661400 epoch=94 lr=2.02e-05 G=1.720 advA2B=0.572 advB2A=0.743 cycA=0.096 cycB=0.107 idtA=0.140 idtB=0.120 D_A=0.073 D_B=0.129 D_A(real)=0.85 D_A(fake)=0.15 gnG=35.22 gnD=18.18 it_per_s=4.98
2026-10-03 22:35:56,205 INFO iter=661500 epoch=94 lr=2.01e-05 G=1.721 advA2B=0.572 advB2A=0.744 cycA=0.096 cycB=0.107 idtA=0.140 idtB=0.120 D_A=0.073 D_B=0.128 D_A(real)=0.85 D_A(fake)=0.15 gnG=35.22 gnD=18.19 it_per_s=4.98
2026-10-03 22:36:10,648 INFO epoch=94 done time_s=1413 it_per_s=4.98 G=1.721 cycA=0.096 cycB=0.107 idtA=0.140 idtB=0.120 D_A=0.073 D_B=0.129 D_A(real)=0.85 D_A(fake)=0.15 nan_count=0
2026-10-03 22:36:17,258 INFO iter=661600 epoch=95 lr=2.00e-05 G=1.520 advA2B=0.456 advB2A=0.681 cycA=0.092 cycB=0.099 idtA=0.130 idtB=0.113 D_A=0.079 D_B=0.103 D_A(real)=0.82 D_A(fake)=0.18 gnG=32.75 gnD=17.73 it_per_s=4.97
2026-10-03 22:36:37,332 INFO iter=661700 epoch=95 lr=1.98e-05 G=1.685 advA2B=0.558 advB2A=0.728 cycA=0.094 cycB=0.105 idtA=0.128 idtB=0.117 D_A=0.074 D_B=0.114 D_A(real)=0.83 D_A(fake)=0.16 gnG=35.19 gnD=17.11 it_per_s=4.98
2026-10-03 22:37:00,595 INFO iter=661800 epoch=95 lr=1.97e-05 G=1.719 advA2B=0.577 advB2A=0.738 cycA=0.095 cycB=0.108 idtA=0.131 idtB=0.120 D_A=0.073 D_B=0.123 D_A(real)=0.84 D_A(fake)=0.16 gnG=37.70 gnD=17.59 it_per_s=4.66
2026-10-03 22:37:22,703 INFO iter=661900 epoch=95 lr=1.95e-05 G=1.722 advA2B=0.565 advB2A=0.756 cycA=0.094 cycB=0.106 idtA=0.132 idtB=0.118 D_A=0.072 D_B=0.129 D_A(real)=0.85 D_A(fake)=0.15 gnG=36.78 gnD=18.08 it_per_s=4.61
2026-10-03 22:37:45,208 INFO iter=662000 epoch=95 lr=1.94e-05 G=1.720 advA2B=0.566 advB2A=0.752 cycA=0.095 cycB=0.106 idtA=0.131 idtB=0.120 D_A=0.074 D_B=0.127 D_A(real)=0.84 D_A(fake)=0.16 gnG=36.27 gnD=18.33 it_per_s=4.57
2026-10-03 22:38:08,593 INFO iter=662100 epoch=95 lr=1.93e-05 G=1.731 advA2B=0.568 advB2A=0.760 cycA=0.095 cycB=0.107 idtA=0.133 idtB=0.119 D_A=0.074 D_B=0.127 D_A(real)=0.84 D_A(fake)=0.16 gnG=36.72 gnD=18.37 it_per_s=4.51
2026-10-03 22:38:32,398 INFO iter=662200 epoch=95 lr=1.91e-05 G=1.729 advA2B=0.569 advB2A=0.756 cycA=0.096 cycB=0.106 idtA=0.133 idtB=0.119 D_A=0.073 D_B=0.127 D_A(real)=0.84 D_A(fake)=0.16 gnG=36.69 gnD=18.26 it_per_s=4.46
2026-10-03 22:38:54,598 INFO iter=662300 epoch=95 lr=1.90e-05 G=1.733 advA2B=0.568 advB2A=0.763 cycA=0.095 cycB=0.106 idtA=0.131 idtB=0.118 D_A=0.075 D_B=0.128 D_A(real)=0.84 D_A(fake)=0.16 gnG=36.84 gnD=18.34 it_per_s=4.47
2026-10-03 22:39:16,929 INFO iter=662400 epoch=95 lr=1.88e-05 G=1.737 advA2B=0.572 advB2A=0.764 cycA=0.095 cycB=0.106 idtA=0.130 idtB=0.117 D_A=0.075 D_B=0.127 D_A(real)=0.84 D_A(fake)=0.16 gnG=37.44 gnD=18.34 it_per_s=4.47
2026-10-03 22:39:40,260 INFO iter=662500 epoch=95 lr=1.87e-05 G=1.735 advA2B=0.571 advB2A=0.762 cycA=0.095 cycB=0.106 idtA=0.130 idtB=0.117 D_A=0.075 D_B=0.127 D_A(real)=0.84 D_A(fake)=0.16 gnG=38.21 gnD=18.30 it_per_s=4.45
2026-10-03 22:40:04,054 INFO iter=662600 epoch=95 lr=1.85e-05 G=1.733 advA2B=0.572 advB2A=0.759 cycA=0.095 cycB=0.106 idtA=0.130 idtB=0.117 D_A=0.074 D_B=0.127 D_A(real)=0.84 D_A(fake)=0.16 gnG=38.29 gnD=18.23 it_per_s=4.42
2026-10-03 22:40:26,986 INFO iter=662700 epoch=95 lr=1.84e-05 G=1.731 advA2B=0.573 advB2A=0.756 cycA=0.095 cycB=0.106 idtA=0.130 idtB=0.116 D_A=0.073 D_B=0.127 D_A(real)=0.84 D_A(fake)=0.16 gnG=37.95 gnD=18.14 it_per_s=4.42
2026-10-03 22:40:48,549 INFO iter=662800 epoch=95 lr=1.83e-05 G=1.734 advA2B=0.572 advB2A=0.760 cycA=0.095 cycB=0.106 idtA=0.131 idtB=0.116 D_A=0.073 D_B=0.127 D_A(real)=0.84 D_A(fake)=0.16 gnG=37.68 gnD=18.20 it_per_s=4.43
2026-10-03 22:41:08,738 INFO iter=662900 epoch=95 lr=1.81e-05 G=1.730 advA2B=0.570 advB2A=0.758 cycA=0.095 cycB=0.106 idtA=0.131 idtB=0.117 D_A=0.073 D_B=0.128 D_A(real)=0.84 D_A(fake)=0.16 gnG=37.54 gnD=18.26 it_per_s=4.47
2026-10-03 22:41:28,890 INFO iter=663000 epoch=95 lr=1.80e-05 G=1.729 advA2B=0.570 advB2A=0.758 cycA=0.095 cycB=0.106 idtA=0.132 idtB=0.117 D_A=0.072 D_B=0.127 D_A(real)=0.85 D_A(fake)=0.15 gnG=37.54 gnD=18.21 it_per_s=4.50
2026-10-03 22:41:49,007 INFO iter=663100 epoch=95 lr=1.78e-05 G=1.728 advA2B=0.567 advB2A=0.759 cycA=0.095 cycB=0.106 idtA=0.132 idtB=0.117 D_A=0.072 D_B=0.128 D_A(real)=0.84 D_A(fake)=0.15 gnG=37.64 gnD=18.26 it_per_s=4.53
2026-10-03 22:42:09,167 INFO iter=663200 epoch=95 lr=1.77e-05 G=1.723 advA2B=0.566 advB2A=0.758 cycA=0.095 cycB=0.105 idtA=0.132 idtB=0.117 D_A=0.073 D_B=0.128 D_A(real)=0.84 D_A(fake)=0.16 gnG=37.81 gnD=18.32 it_per_s=4.55
2026-10-03 22:42:29,301 INFO iter=663300 epoch=95 lr=1.75e-05 G=1.724 advA2B=0.566 advB2A=0.758 cycA=0.095 cycB=0.105 idtA=0.131 idtB=0.116 D_A=0.073 D_B=0.128 D_A(real)=0.84 D_A(fake)=0.16 gnG=37.71 gnD=18.36 it_per_s=4.58
2026-10-03 22:42:49,458 INFO iter=663400 epoch=95 lr=1.74e-05 G=1.721 advA2B=0.564 advB2A=0.758 cycA=0.095 cycB=0.105 idtA=0.131 idtB=0.116 D_A=0.073 D_B=0.128 D_A(real)=0.84 D_A(fake)=0.16 gnG=37.92 gnD=18.38 it_per_s=4.59
2026-10-03 22:43:09,601 INFO iter=663500 epoch=95 lr=1.73e-05 G=1.724 advA2B=0.565 advB2A=0.760 cycA=0.095 cycB=0.105 idtA=0.131 idtB=0.116 D_A=0.073 D_B=0.128 D_A(real)=0.84 D_A(fake)=0.16 gnG=38.28 gnD=18.38 it_per_s=4.61
2026-10-03 22:43:29,754 INFO iter=663600 epoch=95 lr=1.71e-05 G=1.725 advA2B=0.566 advB2A=0.759 cycA=0.095 cycB=0.105 idtA=0.131 idtB=0.115 D_A=0.073 D_B=0.127 D_A(real)=0.84 D_A(fake)=0.16 gnG=38.23 gnD=18.39 it_per_s=4.63
2026-10-03 22:43:49,894 INFO iter=663700 epoch=95 lr=1.70e-05 G=1.722 advA2B=0.565 advB2A=0.757 cycA=0.095 cycB=0.105 idtA=0.131 idtB=0.115 D_A=0.073 D_B=0.127 D_A(real)=0.84 D_A(fake)=0.16 gnG=38.33 gnD=18.38 it_per_s=4.64
2026-10-03 22:44:10,053 INFO iter=663800 epoch=95 lr=1.68e-05 G=1.725 advA2B=0.567 advB2A=0.757 cycA=0.095 cycB=0.105 idtA=0.131 idtB=0.116 D_A=0.073 D_B=0.127 D_A(real)=0.84 D_A(fake)=0.16 gnG=38.39 gnD=18.38 it_per_s=4.66
2026-10-03 22:44:30,201 INFO iter=663900 epoch=95 lr=1.67e-05 G=1.724 advA2B=0.568 advB2A=0.756 cycA=0.095 cycB=0.105 idtA=0.131 idtB=0.116 D_A=0.073 D_B=0.127 D_A(real)=0.84 D_A(fake)=0.16 gnG=38.53 gnD=18.44 it_per_s=4.67
2026-10-03 22:44:50,314 INFO iter=664000 epoch=95 lr=1.66e-05 G=1.725 advA2B=0.569 advB2A=0.755 cycA=0.095 cycB=0.105 idtA=0.131 idtB=0.116 D_A=0.073 D_B=0.127 D_A(real)=0.84 D_A(fake)=0.16 gnG=38.65 gnD=18.40 it_per_s=4.68
2026-10-03 22:45:10,502 INFO iter=664100 epoch=95 lr=1.64e-05 G=1.726 advA2B=0.569 advB2A=0.756 cycA=0.095 cycB=0.105 idtA=0.131 idtB=0.115 D_A=0.073 D_B=0.127 D_A(real)=0.84 D_A(fake)=0.16 gnG=38.61 gnD=18.41 it_per_s=4.69
2026-10-03 22:45:30,616 INFO iter=664200 epoch=95 lr=1.63e-05 G=1.729 advA2B=0.568 advB2A=0.759 cycA=0.095 cycB=0.105 idtA=0.131 idtB=0.115 D_A=0.073 D_B=0.127 D_A(real)=0.84 D_A(fake)=0.16 gnG=38.66 gnD=18.40 it_per_s=4.70
2026-10-03 22:45:50,762 INFO iter=664300 epoch=95 lr=1.61e-05 G=1.729 advA2B=0.569 advB2A=0.759 cycA=0.095 cycB=0.105 idtA=0.131 idtB=0.115 D_A=0.073 D_B=0.126 D_A(real)=0.84 D_A(fake)=0.15 gnG=38.76 gnD=18.34 it_per_s=4.71
2026-10-03 22:46:10,856 INFO iter=664400 epoch=95 lr=1.60e-05 G=1.730 advA2B=0.570 advB2A=0.758 cycA=0.095 cycB=0.105 idtA=0.131 idtB=0.115 D_A=0.073 D_B=0.127 D_A(real)=0.84 D_A(fake)=0.16 gnG=38.92 gnD=18.41 it_per_s=4.72
2026-10-03 22:46:31,262 INFO iter=664500 epoch=95 lr=1.58e-05 G=1.730 advA2B=0.570 advB2A=0.759 cycA=0.095 cycB=0.105 idtA=0.131 idtB=0.114 D_A=0.072 D_B=0.127 D_A(real)=0.85 D_A(fake)=0.15 gnG=38.87 gnD=18.43 it_per_s=4.73
2026-10-03 22:46:51,367 INFO iter=664600 epoch=95 lr=1.57e-05 G=1.730 advA2B=0.569 advB2A=0.761 cycA=0.095 cycB=0.105 idtA=0.130 idtB=0.114 D_A=0.072 D_B=0.127 D_A(real)=0.85 D_A(fake)=0.15 gnG=38.87 gnD=18.45 it_per_s=4.73
2026-10-03 22:47:11,453 INFO iter=664700 epoch=95 lr=1.56e-05 G=1.732 advA2B=0.570 advB2A=0.762 cycA=0.095 cycB=0.105 idtA=0.130 idtB=0.114 D_A=0.072 D_B=0.127 D_A(real)=0.85 D_A(fake)=0.15 gnG=38.95 gnD=18.46 it_per_s=4.74
2026-10-03 22:47:31,613 INFO iter=664800 epoch=95 lr=1.54e-05 G=1.733 advA2B=0.570 advB2A=0.763 cycA=0.095 cycB=0.105 idtA=0.130 idtB=0.114 D_A=0.072 D_B=0.127 D_A(real)=0.85 D_A(fake)=0.15 gnG=38.89 gnD=18.45 it_per_s=4.75
2026-10-03 22:47:51,832 INFO iter=664900 epoch=95 lr=1.53e-05 G=1.733 advA2B=0.570 advB2A=0.762 cycA=0.095 cycB=0.105 idtA=0.130 idtB=0.114 D_A=0.072 D_B=0.127 D_A(real)=0.85 D_A(fake)=0.15 gnG=38.98 gnD=18.43 it_per_s=4.75
2026-10-03 22:48:11,910 INFO iter=665000 epoch=95 lr=1.51e-05 G=1.733 advA2B=0.570 advB2A=0.763 cycA=0.095 cycB=0.105 idtA=0.130 idtB=0.114 D_A=0.072 D_B=0.127 D_A(real)=0.85 D_A(fake)=0.15 gnG=38.95 gnD=18.46 it_per_s=4.76
2026-10-03 22:48:32,089 INFO iter=665100 epoch=95 lr=1.50e-05 G=1.733 advA2B=0.569 advB2A=0.763 cycA=0.095 cycB=0.105 idtA=0.130 idtB=0.114 D_A=0.072 D_B=0.127 D_A(real)=0.85 D_A(fake)=0.15 gnG=39.19 gnD=18.48 it_per_s=4.76
2026-10-03 22:48:52,237 INFO iter=665200 epoch=95 lr=1.48e-05 G=1.735 advA2B=0.570 advB2A=0.765 cycA=0.095 cycB=0.105 idtA=0.131 idtB=0.114 D_A=0.072 D_B=0.127 D_A(real)=0.85 D_A(fake)=0.15 gnG=39.20 gnD=18.49 it_per_s=4.77
2026-10-03 22:49:12,382 INFO iter=665300 epoch=95 lr=1.47e-05 G=1.734 advA2B=0.571 advB2A=0.763 cycA=0.095 cycB=0.105 idtA=0.131 idtB=0.114 D_A=0.072 D_B=0.127 D_A(real)=0.85 D_A(fake)=0.15 gnG=39.02 gnD=18.48 it_per_s=4.77
2026-10-03 22:49:32,564 INFO iter=665400 epoch=95 lr=1.46e-05 G=1.736 advA2B=0.571 advB2A=0.764 cycA=0.095 cycB=0.105 idtA=0.131 idtB=0.114 D_A=0.072 D_B=0.127 D_A(real)=0.85 D_A(fake)=0.15 gnG=39.11 gnD=18.50 it_per_s=4.78
2026-10-03 22:49:52,675 INFO iter=665500 epoch=95 lr=1.44e-05 G=1.738 advA2B=0.573 advB2A=0.765 cycA=0.095 cycB=0.105 idtA=0.131 idtB=0.114 D_A=0.072 D_B=0.127 D_A(real)=0.85 D_A(fake)=0.15 gnG=39.01 gnD=18.51 it_per_s=4.78
2026-10-03 22:50:12,840 INFO iter=665600 epoch=95 lr=1.43e-05 G=1.736 advA2B=0.571 advB2A=0.765 cycA=0.095 cycB=0.105 idtA=0.131 idtB=0.113 D_A=0.072 D_B=0.127 D_A(real)=0.85 D_A(fake)=0.15 gnG=39.02 gnD=18.52 it_per_s=4.79
2026-10-03 22:50:33,024 INFO iter=665700 epoch=95 lr=1.41e-05 G=1.735 advA2B=0.571 advB2A=0.764 cycA=0.095 cycB=0.105 idtA=0.131 idtB=0.113 D_A=0.072 D_B=0.127 D_A(real)=0.85 D_A(fake)=0.15 gnG=39.03 gnD=18.54 it_per_s=4.79
2026-10-03 22:50:53,151 INFO iter=665800 epoch=95 lr=1.40e-05 G=1.735 advA2B=0.571 advB2A=0.764 cycA=0.095 cycB=0.105 idtA=0.131 idtB=0.113 D_A=0.072 D_B=0.127 D_A(real)=0.85 D_A(fake)=0.15 gnG=39.07 gnD=18.55 it_per_s=4.80
2026-10-03 22:51:13,261 INFO iter=665900 epoch=95 lr=1.39e-05 G=1.734 advA2B=0.571 advB2A=0.762 cycA=0.095 cycB=0.105 idtA=0.131 idtB=0.113 D_A=0.072 D_B=0.127 D_A(real)=0.85 D_A(fake)=0.15 gnG=38.96 gnD=18.57 it_per_s=4.80
2026-10-03 22:51:33,367 INFO iter=666000 epoch=95 lr=1.37e-05 G=1.733 advA2B=0.571 advB2A=0.761 cycA=0.095 cycB=0.105 idtA=0.131 idtB=0.113 D_A=0.072 D_B=0.127 D_A(real)=0.85 D_A(fake)=0.15 gnG=38.86 gnD=18.60 it_per_s=4.80
2026-10-03 22:51:53,485 INFO iter=666100 epoch=95 lr=1.36e-05 G=1.734 advA2B=0.571 advB2A=0.763 cycA=0.095 cycB=0.105 idtA=0.131 idtB=0.113 D_A=0.071 D_B=0.127 D_A(real)=0.85 D_A(fake)=0.15 gnG=38.89 gnD=18.59 it_per_s=4.81
2026-10-03 22:52:13,612 INFO iter=666200 epoch=95 lr=1.34e-05 G=1.734 advA2B=0.571 advB2A=0.763 cycA=0.095 cycB=0.105 idtA=0.131 idtB=0.113 D_A=0.071 D_B=0.127 D_A(real)=0.85 D_A(fake)=0.15 gnG=38.91 gnD=18.59 it_per_s=4.81
2026-10-03 22:52:33,704 INFO iter=666300 epoch=95 lr=1.33e-05 G=1.733 advA2B=0.571 advB2A=0.762 cycA=0.095 cycB=0.105 idtA=0.131 idtB=0.113 D_A=0.071 D_B=0.127 D_A(real)=0.85 D_A(fake)=0.15 gnG=38.94 gnD=18.61 it_per_s=4.81
2026-10-03 22:52:53,776 INFO iter=666400 epoch=95 lr=1.31e-05 G=1.732 advA2B=0.571 advB2A=0.762 cycA=0.095 cycB=0.105 idtA=0.131 idtB=0.113 D_A=0.071 D_B=0.127 D_A(real)=0.85 D_A(fake)=0.15 gnG=39.06 gnD=18.59 it_per_s=4.82
2026-10-03 22:53:13,892 INFO iter=666500 epoch=95 lr=1.30e-05 G=1.734 advA2B=0.572 advB2A=0.762 cycA=0.095 cycB=0.105 idtA=0.131 idtB=0.113 D_A=0.071 D_B=0.127 D_A(real)=0.85 D_A(fake)=0.15 gnG=39.22 gnD=18.62 it_per_s=4.82
2026-10-03 22:53:33,992 INFO iter=666600 epoch=95 lr=1.29e-05 G=1.734 advA2B=0.572 advB2A=0.762 cycA=0.095 cycB=0.105 idtA=0.131 idtB=0.113 D_A=0.071 D_B=0.127 D_A(real)=0.85 D_A(fake)=0.15 gnG=39.25 gnD=18.63 it_per_s=4.82
2026-10-03 22:53:54,111 INFO iter=666700 epoch=95 lr=1.27e-05 G=1.734 advA2B=0.571 advB2A=0.762 cycA=0.095 cycB=0.105 idtA=0.131 idtB=0.113 D_A=0.071 D_B=0.127 D_A(real)=0.85 D_A(fake)=0.15 gnG=39.34 gnD=18.61 it_per_s=4.83
2026-10-03 22:54:14,223 INFO iter=666800 epoch=95 lr=1.26e-05 G=1.734 advA2B=0.572 advB2A=0.762 cycA=0.095 cycB=0.105 idtA=0.132 idtB=0.113 D_A=0.071 D_B=0.127 D_A(real)=0.85 D_A(fake)=0.15 gnG=39.53 gnD=18.59 it_per_s=4.83
2026-10-03 22:54:34,347 INFO iter=666900 epoch=95 lr=1.24e-05 G=1.735 advA2B=0.573 advB2A=0.762 cycA=0.095 cycB=0.105 idtA=0.132 idtB=0.113 D_A=0.071 D_B=0.127 D_A(real)=0.85 D_A(fake)=0.15 gnG=39.77 gnD=18.57 it_per_s=4.83
2026-10-03 22:54:54,498 INFO iter=667000 epoch=95 lr=1.23e-05 G=1.733 advA2B=0.572 advB2A=0.761 cycA=0.095 cycB=0.105 idtA=0.132 idtB=0.113 D_A=0.071 D_B=0.127 D_A(real)=0.85 D_A(fake)=0.15 gnG=39.66 gnD=18.61 it_per_s=4.83
2026-10-03 22:55:14,675 INFO iter=667100 epoch=95 lr=1.21e-05 G=1.734 advA2B=0.573 advB2A=0.761 cycA=0.095 cycB=0.105 idtA=0.132 idtB=0.113 D_A=0.071 D_B=0.127 D_A(real)=0.85 D_A(fake)=0.15 gnG=39.61 gnD=18.60 it_per_s=4.84
2026-10-03 22:55:34,859 INFO iter=667200 epoch=95 lr=1.20e-05 G=1.736 advA2B=0.574 advB2A=0.761 cycA=0.095 cycB=0.105 idtA=0.132 idtB=0.113 D_A=0.071 D_B=0.127 D_A(real)=0.85 D_A(fake)=0.15 gnG=39.77 gnD=18.58 it_per_s=4.84
2026-10-03 22:55:54,988 INFO iter=667300 epoch=95 lr=1.19e-05 G=1.736 advA2B=0.574 advB2A=0.761 cycA=0.095 cycB=0.105 idtA=0.132 idtB=0.113 D_A=0.071 D_B=0.127 D_A(real)=0.85 D_A(fake)=0.15 gnG=39.75 gnD=18.56 it_per_s=4.84
2026-10-03 22:56:15,108 INFO iter=667400 epoch=95 lr=1.17e-05 G=1.737 advA2B=0.575 advB2A=0.762 cycA=0.095 cycB=0.105 idtA=0.132 idtB=0.113 D_A=0.071 D_B=0.127 D_A(real)=0.85 D_A(fake)=0.15 gnG=39.86 gnD=18.59 it_per_s=4.84
2026-10-03 22:56:35,282 INFO iter=667500 epoch=95 lr=1.16e-05 G=1.738 advA2B=0.575 advB2A=0.762 cycA=0.095 cycB=0.105 idtA=0.132 idtB=0.113 D_A=0.071 D_B=0.127 D_A(real)=0.85 D_A(fake)=0.15 gnG=39.96 gnD=18.59 it_per_s=4.84
2026-10-03 22:56:54,578 INFO iter=667600 epoch=95 lr=1.14e-05 G=1.737 advA2B=0.574 advB2A=0.763 cycA=0.095 cycB=0.105 idtA=0.132 idtB=0.113 D_A=0.071 D_B=0.127 D_A(real)=0.85 D_A(fake)=0.15 gnG=39.97 gnD=18.59 it_per_s=4.85
2026-10-03 22:57:16,630 INFO iter=667700 epoch=95 lr=1.13e-05 G=1.738 advA2B=0.575 advB2A=0.763 cycA=0.095 cycB=0.105 idtA=0.133 idtB=0.113 D_A=0.071 D_B=0.127 D_A(real)=0.85 D_A(fake)=0.15 gnG=40.10 gnD=18.59 it_per_s=4.84
2026-10-03 22:57:39,089 INFO iter=667800 epoch=95 lr=1.12e-05 G=1.737 advA2B=0.574 advB2A=0.762 cycA=0.095 cycB=0.105 idtA=0.133 idtB=0.113 D_A=0.071 D_B=0.127 D_A(real)=0.85 D_A(fake)=0.15 gnG=40.11 gnD=18.61 it_per_s=4.84
2026-10-03 22:58:02,895 INFO iter=667900 epoch=95 lr=1.10e-05 G=1.737 advA2B=0.574 advB2A=0.763 cycA=0.095 cycB=0.105 idtA=0.133 idtB=0.113 D_A=0.071 D_B=0.127 D_A(real)=0.85 D_A(fake)=0.15 gnG=40.22 gnD=18.62 it_per_s=4.83
2026-10-03 22:58:23,365 INFO iter=668000 epoch=95 lr=1.09e-05 G=1.737 advA2B=0.575 advB2A=0.763 cycA=0.095 cycB=0.105 idtA=0.134 idtB=0.113 D_A=0.071 D_B=0.127 D_A(real)=0.85 D_A(fake)=0.15 gnG=40.33 gnD=18.64 it_per_s=4.83
2026-10-03 22:58:43,482 INFO iter=668100 epoch=95 lr=1.07e-05 G=1.739 advA2B=0.575 advB2A=0.764 cycA=0.095 cycB=0.105 idtA=0.134 idtB=0.113 D_A=0.071 D_B=0.127 D_A(real)=0.85 D_A(fake)=0.15 gnG=40.41 gnD=18.65 it_per_s=4.83
2026-10-03 22:59:03,649 INFO iter=668200 epoch=95 lr=1.06e-05 G=1.738 advA2B=0.574 advB2A=0.764 cycA=0.095 cycB=0.105 idtA=0.134 idtB=0.113 D_A=0.071 D_B=0.127 D_A(real)=0.85 D_A(fake)=0.15 gnG=40.43 gnD=18.65 it_per_s=4.83
2026-10-03 22:59:23,879 INFO iter=668300 epoch=95 lr=1.04e-05 G=1.738 advA2B=0.574 advB2A=0.764 cycA=0.095 cycB=0.105 idtA=0.134 idtB=0.113 D_A=0.071 D_B=0.127 D_A(real)=0.85 D_A(fake)=0.15 gnG=40.55 gnD=18.65 it_per_s=4.83
2026-10-03 22:59:44,101 INFO iter=668400 epoch=95 lr=1.03e-05 G=1.738 advA2B=0.574 advB2A=0.764 cycA=0.095 cycB=0.105 idtA=0.134 idtB=0.113 D_A=0.071 D_B=0.127 D_A(real)=0.85 D_A(fake)=0.15 gnG=40.52 gnD=18.64 it_per_s=4.83
2026-10-03 23:00:04,248 INFO iter=668500 epoch=95 lr=1.02e-05 G=1.737 advA2B=0.573 advB2A=0.765 cycA=0.095 cycB=0.105 idtA=0.134 idtB=0.113 D_A=0.071 D_B=0.127 D_A(real)=0.85 D_A(fake)=0.15 gnG=40.52 gnD=18.64 it_per_s=4.84
