2026-10-02 01:19:34,340 INFO run_id=full_run01 config=task3_gan/member_chaitanya/configs/full.yaml
2026-10-02 01:19:34,342 INFO config={"run_id": "full_run01", "seed": 1337, "data": {"monet_dir": "task3_gan/data/monet_jpg", "photo_dir": "task3_gan/data/photo_jpg", "load_size": 286, "crop_size": 256, "hflip": true, "num_workers": 4}, "model": {"ngf": 64, "n_res_blocks": 9, "n_downsampling": 2, "upsampling": "nearest_conv", "ndf": 64, "norm": "instance", "init_std": 0.02}, "loss": {"adversarial": "lsgan", "lambda_cycle": 10.0, "lambda_identity": 5.0, "d_loss_scale": 0.5}, "training": {"batch_size": 1, "epochs": 40, "constant_lr_epochs": 20, "lr_g": 0.0002, "lr_d": 0.0002, "betas": [0.5, 0.999], "pool_size": 50, "precision": "fp32", "cudnn_benchmark": true, "diffaugment_monet_d": false, "log_every_iters": 100, "grid_every_epochs": 1, "checkpoint_every_epochs": 5, "num_fixed_samples": 4}}
2026-10-02 01:19:34,353 INFO hardware=GPU: NVIDIA GeForce RTX 4090; CPU: AMD64 Family 25 Model 97 Stepping 2, AuthenticAMD torch=2.11.0+cu128
2026-10-02 01:19:34,354 INFO photos=7038 monets=300 iters_per_epoch=7038 total_iters=281520 params={"G_A2B": 11378179, "G_B2A": 11378179, "D_A": 2764737, "D_B": 2764737}
2026-10-02 01:20:08,129 INFO iter=100 epoch=1 lr=2.00e-04 G=12.858 advA2B=0.863 advB2A=0.928 cycA=0.357 cycB=0.391 idtA=0.346 idtB=0.371 D_A=0.927 D_B=0.826 D_A(real)=0.53 D_A(fake)=0.46 gnG=97.94 gnD=43.73 it_per_s=2.96
2026-10-02 01:20:17,657 INFO iter=200 epoch=1 lr=2.00e-04 G=11.378 advA2B=0.613 advB2A=0.657 cycA=0.333 cycB=0.354 idtA=0.319 idtB=0.330 D_A=0.608 D_B=0.561 D_A(real)=0.55 D_A(fake)=0.45 gnG=87.25 gnD=31.53 it_per_s=4.62
2026-10-02 01:20:27,051 INFO iter=300 epoch=1 lr=2.00e-04 G=10.852 advA2B=0.531 advB2A=0.566 cycA=0.326 cycB=0.337 idtA=0.313 idtB=0.312 D_A=0.500 D_B=0.466 D_A(real)=0.55 D_A(fake)=0.44 gnG=86.16 gnD=28.11 it_per_s=5.69
2026-10-02 01:20:36,512 INFO iter=400 epoch=1 lr=2.00e-04 G=10.552 advA2B=0.496 advB2A=0.526 cycA=0.317 cycB=0.331 idtA=0.303 idtB=0.306 D_A=0.440 D_B=0.416 D_A(real)=0.56 D_A(fake)=0.44 gnG=84.12 gnD=26.46 it_per_s=6.44
2026-10-02 01:20:46,005 INFO iter=500 epoch=1 lr=2.00e-04 G=10.330 advA2B=0.476 advB2A=0.505 cycA=0.311 cycB=0.326 idtA=0.296 idtB=0.300 D_A=0.408 D_B=0.386 D_A(real)=0.56 D_A(fake)=0.43 gnG=81.65 gnD=25.99 it_per_s=6.98
2026-10-02 01:20:55,450 INFO iter=600 epoch=1 lr=2.00e-04 G=10.095 advA2B=0.471 advB2A=0.493 cycA=0.304 cycB=0.318 idtA=0.290 idtB=0.291 D_A=0.380 D_B=0.366 D_A(real)=0.57 D_A(fake)=0.42 gnG=79.36 gnD=25.86 it_per_s=7.40
2026-10-02 01:21:04,949 INFO iter=700 epoch=1 lr=2.00e-04 G=9.927 advA2B=0.460 advB2A=0.491 cycA=0.300 cycB=0.312 idtA=0.287 idtB=0.284 D_A=0.365 D_B=0.347 D_A(real)=0.58 D_A(fake)=0.42 gnG=77.94 gnD=25.54 it_per_s=7.73
2026-10-02 01:21:14,386 INFO iter=800 epoch=1 lr=2.00e-04 G=9.841 advA2B=0.461 advB2A=0.489 cycA=0.296 cycB=0.311 idtA=0.282 idtB=0.282 D_A=0.350 D_B=0.334 D_A(real)=0.58 D_A(fake)=0.41 gnG=77.30 gnD=25.39 it_per_s=8.00
2026-10-02 01:21:23,810 INFO iter=900 epoch=1 lr=2.00e-04 G=9.787 advA2B=0.463 advB2A=0.501 cycA=0.293 cycB=0.309 idtA=0.279 idtB=0.280 D_A=0.332 D_B=0.323 D_A(real)=0.59 D_A(fake)=0.40 gnG=75.01 gnD=25.23 it_per_s=8.22
2026-10-02 01:21:33,404 INFO iter=1000 epoch=1 lr=2.00e-04 G=9.660 advA2B=0.461 advB2A=0.511 cycA=0.289 cycB=0.305 idtA=0.275 idtB=0.275 D_A=0.319 D_B=0.312 D_A(real)=0.61 D_A(fake)=0.39 gnG=72.34 gnD=25.10 it_per_s=8.40
2026-10-02 01:21:42,780 INFO iter=1100 epoch=1 lr=2.00e-04 G=9.602 advA2B=0.464 advB2A=0.522 cycA=0.288 cycB=0.301 idtA=0.273 idtB=0.271 D_A=0.306 D_B=0.304 D_A(real)=0.62 D_A(fake)=0.38 gnG=70.44 gnD=25.06 it_per_s=8.57
2026-10-02 01:21:52,163 INFO iter=1200 epoch=1 lr=2.00e-04 G=9.519 advA2B=0.465 advB2A=0.524 cycA=0.286 cycB=0.297 idtA=0.271 idtB=0.268 D_A=0.296 D_B=0.298 D_A(real)=0.63 D_A(fake)=0.37 gnG=68.77 gnD=25.11 it_per_s=8.71
2026-10-02 01:22:01,554 INFO iter=1300 epoch=1 lr=2.00e-04 G=9.454 advA2B=0.467 advB2A=0.530 cycA=0.284 cycB=0.295 idtA=0.269 idtB=0.265 D_A=0.287 D_B=0.292 D_A(real)=0.63 D_A(fake)=0.36 gnG=67.08 gnD=25.08 it_per_s=8.83
2026-10-02 01:22:10,937 INFO iter=1400 epoch=1 lr=2.00e-04 G=9.352 advA2B=0.468 advB2A=0.534 cycA=0.281 cycB=0.291 idtA=0.266 idtB=0.262 D_A=0.280 D_B=0.288 D_A(real)=0.64 D_A(fake)=0.36 gnG=65.52 gnD=24.98 it_per_s=8.94
2026-10-02 01:22:20,319 INFO iter=1500 epoch=1 lr=2.00e-04 G=9.289 advA2B=0.469 advB2A=0.537 cycA=0.278 cycB=0.289 idtA=0.264 idtB=0.259 D_A=0.274 D_B=0.283 D_A(real)=0.65 D_A(fake)=0.35 gnG=64.34 gnD=25.03 it_per_s=9.04
2026-10-02 01:22:29,718 INFO iter=1600 epoch=1 lr=2.00e-04 G=9.250 advA2B=0.469 advB2A=0.540 cycA=0.277 cycB=0.287 idtA=0.263 idtB=0.257 D_A=0.268 D_B=0.280 D_A(real)=0.65 D_A(fake)=0.34 gnG=63.38 gnD=25.07 it_per_s=9.12
2026-10-02 01:22:39,111 INFO iter=1700 epoch=1 lr=2.00e-04 G=9.215 advA2B=0.471 advB2A=0.548 cycA=0.276 cycB=0.285 idtA=0.261 idtB=0.255 D_A=0.262 D_B=0.275 D_A(real)=0.66 D_A(fake)=0.34 gnG=62.78 gnD=25.01 it_per_s=9.20
2026-10-02 01:22:48,556 INFO iter=1800 epoch=1 lr=2.00e-04 G=9.164 advA2B=0.472 advB2A=0.549 cycA=0.274 cycB=0.284 idtA=0.260 idtB=0.254 D_A=0.257 D_B=0.270 D_A(real)=0.67 D_A(fake)=0.33 gnG=61.92 gnD=24.94 it_per_s=9.27
2026-10-02 01:22:57,986 INFO iter=1900 epoch=1 lr=2.00e-04 G=9.157 advA2B=0.484 advB2A=0.553 cycA=0.272 cycB=0.284 idtA=0.257 idtB=0.254 D_A=0.251 D_B=0.265 D_A(real)=0.67 D_A(fake)=0.33 gnG=61.43 gnD=24.90 it_per_s=9.33
2026-10-02 01:23:07,319 INFO iter=2000 epoch=1 lr=2.00e-04 G=9.099 advA2B=0.481 advB2A=0.554 cycA=0.271 cycB=0.282 idtA=0.256 idtB=0.252 D_A=0.246 D_B=0.262 D_A(real)=0.68 D_A(fake)=0.32 gnG=60.83 gnD=24.93 it_per_s=9.39
2026-10-02 01:23:16,759 INFO iter=2100 epoch=1 lr=2.00e-04 G=9.062 advA2B=0.481 advB2A=0.554 cycA=0.270 cycB=0.280 idtA=0.255 idtB=0.251 D_A=0.243 D_B=0.261 D_A(real)=0.68 D_A(fake)=0.32 gnG=60.32 gnD=25.03 it_per_s=9.44
2026-10-02 01:23:26,257 INFO iter=2200 epoch=1 lr=2.00e-04 G=9.039 advA2B=0.482 advB2A=0.552 cycA=0.269 cycB=0.279 idtA=0.255 idtB=0.249 D_A=0.241 D_B=0.258 D_A(real)=0.68 D_A(fake)=0.32 gnG=59.92 gnD=25.01 it_per_s=9.49
2026-10-02 01:23:35,813 INFO iter=2300 epoch=1 lr=2.00e-04 G=9.005 advA2B=0.483 advB2A=0.549 cycA=0.267 cycB=0.279 idtA=0.254 idtB=0.249 D_A=0.238 D_B=0.255 D_A(real)=0.68 D_A(fake)=0.32 gnG=59.50 gnD=24.90 it_per_s=9.53
2026-10-02 01:23:45,370 INFO iter=2400 epoch=1 lr=2.00e-04 G=8.973 advA2B=0.482 advB2A=0.548 cycA=0.266 cycB=0.278 idtA=0.253 idtB=0.248 D_A=0.236 D_B=0.253 D_A(real)=0.68 D_A(fake)=0.31 gnG=59.12 gnD=24.91 it_per_s=9.56
2026-10-02 01:23:54,905 INFO iter=2500 epoch=1 lr=2.00e-04 G=8.926 advA2B=0.482 advB2A=0.549 cycA=0.265 cycB=0.276 idtA=0.252 idtB=0.246 D_A=0.234 D_B=0.251 D_A(real)=0.69 D_A(fake)=0.31 gnG=58.63 gnD=24.95 it_per_s=9.59
2026-10-02 01:24:04,506 INFO iter=2600 epoch=1 lr=2.00e-04 G=8.892 advA2B=0.480 advB2A=0.547 cycA=0.263 cycB=0.275 idtA=0.251 idtB=0.245 D_A=0.232 D_B=0.251 D_A(real)=0.69 D_A(fake)=0.31 gnG=58.22 gnD=24.90 it_per_s=9.62
2026-10-02 01:24:14,079 INFO iter=2700 epoch=1 lr=2.00e-04 G=8.861 advA2B=0.482 advB2A=0.546 cycA=0.262 cycB=0.274 idtA=0.250 idtB=0.245 D_A=0.231 D_B=0.249 D_A(real)=0.69 D_A(fake)=0.31 gnG=57.64 gnD=24.90 it_per_s=9.65
2026-10-02 01:24:23,666 INFO iter=2800 epoch=1 lr=2.00e-04 G=8.816 advA2B=0.479 advB2A=0.544 cycA=0.261 cycB=0.273 idtA=0.249 idtB=0.243 D_A=0.229 D_B=0.248 D_A(real)=0.69 D_A(fake)=0.31 gnG=57.24 gnD=24.77 it_per_s=9.68
2026-10-02 01:24:33,102 INFO iter=2900 epoch=1 lr=2.00e-04 G=8.782 advA2B=0.478 advB2A=0.543 cycA=0.260 cycB=0.272 idtA=0.248 idtB=0.242 D_A=0.228 D_B=0.246 D_A(real)=0.69 D_A(fake)=0.31 gnG=56.95 gnD=24.72 it_per_s=9.71
2026-10-02 01:24:42,627 INFO iter=3000 epoch=1 lr=2.00e-04 G=8.741 advA2B=0.476 advB2A=0.543 cycA=0.258 cycB=0.270 idtA=0.246 idtB=0.241 D_A=0.226 D_B=0.245 D_A(real)=0.69 D_A(fake)=0.31 gnG=56.60 gnD=24.60 it_per_s=9.73
2026-10-02 01:24:52,016 INFO iter=3100 epoch=1 lr=2.00e-04 G=8.712 advA2B=0.476 advB2A=0.547 cycA=0.257 cycB=0.269 idtA=0.246 idtB=0.240 D_A=0.224 D_B=0.245 D_A(real)=0.69 D_A(fake)=0.31 gnG=56.20 gnD=24.59 it_per_s=9.76
2026-10-02 01:25:01,460 INFO iter=3200 epoch=1 lr=2.00e-04 G=8.682 advA2B=0.475 advB2A=0.547 cycA=0.256 cycB=0.269 idtA=0.244 idtB=0.239 D_A=0.223 D_B=0.243 D_A(real)=0.70 D_A(fake)=0.30 gnG=55.77 gnD=24.55 it_per_s=9.78
2026-10-02 01:25:10,820 INFO iter=3300 epoch=1 lr=2.00e-04 G=8.644 advA2B=0.475 advB2A=0.546 cycA=0.254 cycB=0.267 idtA=0.243 idtB=0.238 D_A=0.221 D_B=0.243 D_A(real)=0.70 D_A(fake)=0.30 gnG=55.38 gnD=24.52 it_per_s=9.81
2026-10-02 01:25:20,265 INFO iter=3400 epoch=1 lr=2.00e-04 G=8.610 advA2B=0.475 advB2A=0.544 cycA=0.253 cycB=0.266 idtA=0.242 idtB=0.237 D_A=0.220 D_B=0.242 D_A(real)=0.70 D_A(fake)=0.30 gnG=54.97 gnD=24.48 it_per_s=9.83
2026-10-02 01:25:29,643 INFO iter=3500 epoch=1 lr=2.00e-04 G=8.588 advA2B=0.476 advB2A=0.543 cycA=0.252 cycB=0.266 idtA=0.241 idtB=0.237 D_A=0.219 D_B=0.241 D_A(real)=0.70 D_A(fake)=0.30 gnG=54.72 gnD=24.41 it_per_s=9.85
2026-10-02 01:25:39,009 INFO iter=3600 epoch=1 lr=2.00e-04 G=8.561 advA2B=0.475 advB2A=0.543 cycA=0.251 cycB=0.265 idtA=0.240 idtB=0.236 D_A=0.218 D_B=0.240 D_A(real)=0.70 D_A(fake)=0.30 gnG=54.48 gnD=24.35 it_per_s=9.87
2026-10-02 01:25:48,434 INFO iter=3700 epoch=1 lr=2.00e-04 G=8.528 advA2B=0.475 advB2A=0.543 cycA=0.249 cycB=0.264 idtA=0.239 idtB=0.235 D_A=0.217 D_B=0.240 D_A(real)=0.70 D_A(fake)=0.30 gnG=54.21 gnD=24.33 it_per_s=9.89
2026-10-02 01:25:57,813 INFO iter=3800 epoch=1 lr=2.00e-04 G=8.498 advA2B=0.476 advB2A=0.543 cycA=0.248 cycB=0.263 idtA=0.238 idtB=0.235 D_A=0.218 D_B=0.239 D_A(real)=0.70 D_A(fake)=0.30 gnG=53.89 gnD=24.35 it_per_s=9.91
2026-10-02 01:26:07,273 INFO iter=3900 epoch=1 lr=2.00e-04 G=8.463 advA2B=0.477 advB2A=0.541 cycA=0.247 cycB=0.262 idtA=0.237 idtB=0.234 D_A=0.217 D_B=0.238 D_A(real)=0.70 D_A(fake)=0.30 gnG=53.60 gnD=24.28 it_per_s=9.93
2026-10-02 01:26:16,662 INFO iter=4000 epoch=1 lr=2.00e-04 G=8.441 advA2B=0.478 advB2A=0.540 cycA=0.246 cycB=0.262 idtA=0.236 idtB=0.233 D_A=0.216 D_B=0.237 D_A(real)=0.70 D_A(fake)=0.30 gnG=53.41 gnD=24.22 it_per_s=9.94
2026-10-02 01:26:26,024 INFO iter=4100 epoch=1 lr=2.00e-04 G=8.416 advA2B=0.477 advB2A=0.542 cycA=0.245 cycB=0.261 idtA=0.236 idtB=0.232 D_A=0.215 D_B=0.236 D_A(real)=0.70 D_A(fake)=0.30 gnG=53.21 gnD=24.20 it_per_s=9.96
2026-10-02 01:26:35,741 INFO iter=4200 epoch=1 lr=2.00e-04 G=8.381 advA2B=0.478 advB2A=0.542 cycA=0.244 cycB=0.259 idtA=0.235 idtB=0.231 D_A=0.214 D_B=0.236 D_A(real)=0.70 D_A(fake)=0.30 gnG=52.96 gnD=24.17 it_per_s=9.97
2026-10-02 01:26:45,214 INFO iter=4300 epoch=1 lr=2.00e-04 G=8.360 advA2B=0.478 advB2A=0.542 cycA=0.243 cycB=0.259 idtA=0.234 idtB=0.230 D_A=0.213 D_B=0.235 D_A(real)=0.70 D_A(fake)=0.30 gnG=52.79 gnD=24.15 it_per_s=9.98
2026-10-02 01:26:54,625 INFO iter=4400 epoch=1 lr=2.00e-04 G=8.336 advA2B=0.479 advB2A=0.542 cycA=0.242 cycB=0.258 idtA=0.233 idtB=0.229 D_A=0.212 D_B=0.234 D_A(real)=0.70 D_A(fake)=0.30 gnG=52.60 gnD=24.09 it_per_s=9.99
2026-10-02 01:27:04,065 INFO iter=4500 epoch=1 lr=2.00e-04 G=8.317 advA2B=0.479 advB2A=0.543 cycA=0.242 cycB=0.257 idtA=0.233 idtB=0.229 D_A=0.211 D_B=0.233 D_A(real)=0.70 D_A(fake)=0.30 gnG=52.44 gnD=24.02 it_per_s=10.01
2026-10-02 01:27:13,494 INFO iter=4600 epoch=1 lr=2.00e-04 G=8.299 advA2B=0.480 advB2A=0.542 cycA=0.241 cycB=0.257 idtA=0.232 idtB=0.228 D_A=0.211 D_B=0.232 D_A(real)=0.70 D_A(fake)=0.30 gnG=52.29 gnD=24.02 it_per_s=10.02
2026-10-02 01:27:22,880 INFO iter=4700 epoch=1 lr=2.00e-04 G=8.278 advA2B=0.479 advB2A=0.543 cycA=0.240 cycB=0.256 idtA=0.232 idtB=0.227 D_A=0.209 D_B=0.232 D_A(real)=0.70 D_A(fake)=0.30 gnG=52.15 gnD=23.99 it_per_s=10.03
2026-10-02 01:27:32,290 INFO iter=4800 epoch=1 lr=2.00e-04 G=8.260 advA2B=0.480 advB2A=0.543 cycA=0.240 cycB=0.255 idtA=0.231 idtB=0.226 D_A=0.209 D_B=0.231 D_A(real)=0.70 D_A(fake)=0.30 gnG=51.99 gnD=23.96 it_per_s=10.04
2026-10-02 01:27:41,693 INFO iter=4900 epoch=1 lr=2.00e-04 G=8.243 advA2B=0.480 advB2A=0.543 cycA=0.239 cycB=0.255 idtA=0.231 idtB=0.226 D_A=0.208 D_B=0.231 D_A(real)=0.71 D_A(fake)=0.30 gnG=51.83 gnD=23.94 it_per_s=10.05
2026-10-02 01:27:51,188 INFO iter=5000 epoch=1 lr=2.00e-04 G=8.224 advA2B=0.481 advB2A=0.545 cycA=0.238 cycB=0.254 idtA=0.230 idtB=0.225 D_A=0.207 D_B=0.230 D_A(real)=0.71 D_A(fake)=0.29 gnG=51.70 gnD=23.91 it_per_s=10.06
2026-10-02 01:28:00,628 INFO iter=5100 epoch=1 lr=2.00e-04 G=8.199 advA2B=0.481 advB2A=0.543 cycA=0.238 cycB=0.253 idtA=0.229 idtB=0.225 D_A=0.207 D_B=0.229 D_A(real)=0.71 D_A(fake)=0.29 gnG=51.49 gnD=23.89 it_per_s=10.07
2026-10-02 01:28:10,051 INFO iter=5200 epoch=1 lr=2.00e-04 G=8.188 advA2B=0.481 advB2A=0.544 cycA=0.237 cycB=0.253 idtA=0.229 idtB=0.224 D_A=0.206 D_B=0.229 D_A(real)=0.71 D_A(fake)=0.29 gnG=51.43 gnD=23.87 it_per_s=10.08
2026-10-02 01:28:19,519 INFO iter=5300 epoch=1 lr=2.00e-04 G=8.170 advA2B=0.483 advB2A=0.544 cycA=0.237 cycB=0.252 idtA=0.228 idtB=0.223 D_A=0.205 D_B=0.228 D_A(real)=0.71 D_A(fake)=0.29 gnG=51.23 gnD=23.87 it_per_s=10.09
2026-10-02 01:28:28,973 INFO iter=5400 epoch=1 lr=2.00e-04 G=8.156 advA2B=0.484 advB2A=0.544 cycA=0.236 cycB=0.252 idtA=0.228 idtB=0.223 D_A=0.205 D_B=0.228 D_A(real)=0.71 D_A(fake)=0.29 gnG=50.99 gnD=23.87 it_per_s=10.10
2026-10-02 01:28:38,403 INFO iter=5500 epoch=1 lr=2.00e-04 G=8.145 advA2B=0.484 advB2A=0.547 cycA=0.235 cycB=0.251 idtA=0.227 idtB=0.223 D_A=0.204 D_B=0.227 D_A(real)=0.71 D_A(fake)=0.29 gnG=50.85 gnD=23.87 it_per_s=10.11
2026-10-02 01:28:47,777 INFO iter=5600 epoch=1 lr=2.00e-04 G=8.131 advA2B=0.485 advB2A=0.546 cycA=0.235 cycB=0.251 idtA=0.227 idtB=0.223 D_A=0.203 D_B=0.227 D_A(real)=0.71 D_A(fake)=0.29 gnG=50.69 gnD=23.85 it_per_s=10.12
2026-10-02 01:28:57,174 INFO iter=5700 epoch=1 lr=2.00e-04 G=8.118 advA2B=0.485 advB2A=0.546 cycA=0.234 cycB=0.250 idtA=0.226 idtB=0.222 D_A=0.203 D_B=0.226 D_A(real)=0.71 D_A(fake)=0.29 gnG=50.58 gnD=23.81 it_per_s=10.13
2026-10-02 01:29:06,600 INFO iter=5800 epoch=1 lr=2.00e-04 G=8.103 advA2B=0.485 advB2A=0.547 cycA=0.234 cycB=0.250 idtA=0.226 idtB=0.222 D_A=0.202 D_B=0.226 D_A(real)=0.71 D_A(fake)=0.29 gnG=50.48 gnD=23.81 it_per_s=10.14
2026-10-02 01:29:16,038 INFO iter=5900 epoch=1 lr=2.00e-04 G=8.089 advA2B=0.486 advB2A=0.548 cycA=0.233 cycB=0.249 idtA=0.225 idtB=0.221 D_A=0.201 D_B=0.225 D_A(real)=0.71 D_A(fake)=0.29 gnG=50.42 gnD=23.78 it_per_s=10.14
2026-10-02 01:29:25,433 INFO iter=6000 epoch=1 lr=2.00e-04 G=8.075 advA2B=0.486 advB2A=0.549 cycA=0.232 cycB=0.249 idtA=0.225 idtB=0.221 D_A=0.200 D_B=0.224 D_A(real)=0.71 D_A(fake)=0.29 gnG=50.39 gnD=23.74 it_per_s=10.15
2026-10-02 01:29:34,838 INFO iter=6100 epoch=1 lr=2.00e-04 G=8.052 advA2B=0.486 advB2A=0.548 cycA=0.232 cycB=0.248 idtA=0.224 idtB=0.220 D_A=0.200 D_B=0.224 D_A(real)=0.71 D_A(fake)=0.29 gnG=50.23 gnD=23.73 it_per_s=10.16
2026-10-02 01:29:44,302 INFO iter=6200 epoch=1 lr=2.00e-04 G=8.037 advA2B=0.486 advB2A=0.549 cycA=0.231 cycB=0.248 idtA=0.224 idtB=0.219 D_A=0.199 D_B=0.224 D_A(real)=0.71 D_A(fake)=0.29 gnG=50.13 gnD=23.70 it_per_s=10.16
2026-10-02 01:29:53,711 INFO iter=6300 epoch=1 lr=2.00e-04 G=8.024 advA2B=0.486 advB2A=0.550 cycA=0.231 cycB=0.247 idtA=0.224 idtB=0.219 D_A=0.198 D_B=0.223 D_A(real)=0.72 D_A(fake)=0.29 gnG=50.05 gnD=23.65 it_per_s=10.17
2026-10-02 01:30:03,102 INFO iter=6400 epoch=1 lr=2.00e-04 G=8.009 advA2B=0.486 advB2A=0.552 cycA=0.230 cycB=0.246 idtA=0.223 idtB=0.218 D_A=0.198 D_B=0.223 D_A(real)=0.72 D_A(fake)=0.29 gnG=49.94 gnD=23.65 it_per_s=10.18
2026-10-02 01:30:12,500 INFO iter=6500 epoch=1 lr=2.00e-04 G=7.995 advA2B=0.486 advB2A=0.552 cycA=0.230 cycB=0.246 idtA=0.223 idtB=0.218 D_A=0.198 D_B=0.223 D_A(real)=0.72 D_A(fake)=0.29 gnG=49.85 gnD=23.64 it_per_s=10.19
2026-10-02 01:30:21,985 INFO iter=6600 epoch=1 lr=2.00e-04 G=7.989 advA2B=0.486 advB2A=0.553 cycA=0.229 cycB=0.246 idtA=0.223 idtB=0.217 D_A=0.197 D_B=0.223 D_A(real)=0.72 D_A(fake)=0.28 gnG=49.85 gnD=23.61 it_per_s=10.19
2026-10-02 01:30:31,429 INFO iter=6700 epoch=1 lr=2.00e-04 G=7.979 advA2B=0.485 advB2A=0.555 cycA=0.229 cycB=0.245 idtA=0.222 idtB=0.217 D_A=0.196 D_B=0.222 D_A(real)=0.72 D_A(fake)=0.28 gnG=49.77 gnD=23.58 it_per_s=10.20
2026-10-02 01:30:40,831 INFO iter=6800 epoch=1 lr=2.00e-04 G=7.964 advA2B=0.485 advB2A=0.555 cycA=0.229 cycB=0.245 idtA=0.222 idtB=0.217 D_A=0.196 D_B=0.222 D_A(real)=0.72 D_A(fake)=0.28 gnG=49.66 gnD=23.55 it_per_s=10.20
2026-10-02 01:30:50,313 INFO iter=6900 epoch=1 lr=2.00e-04 G=7.968 advA2B=0.487 advB2A=0.557 cycA=0.229 cycB=0.245 idtA=0.222 idtB=0.217 D_A=0.195 D_B=0.221 D_A(real)=0.72 D_A(fake)=0.28 gnG=49.67 gnD=23.53 it_per_s=10.21
2026-10-02 01:30:59,852 INFO iter=7000 epoch=1 lr=2.00e-04 G=7.964 advA2B=0.487 advB2A=0.559 cycA=0.228 cycB=0.245 idtA=0.222 idtB=0.216 D_A=0.194 D_B=0.221 D_A(real)=0.72 D_A(fake)=0.28 gnG=49.56 gnD=23.50 it_per_s=10.21
2026-10-02 01:31:03,463 INFO epoch=1 done time_s=689 it_per_s=10.21 G=7.958 cycA=0.228 cycB=0.244 idtA=0.221 idtB=0.216 D_A=0.193 D_B=0.221 D_A(real)=0.72 D_A(fake)=0.28 nan_count=0
2026-10-02 01:31:14,812 INFO iter=7100 epoch=2 lr=2.00e-04 G=7.159 advA2B=0.442 advB2A=0.589 cycA=0.197 cycB=0.223 idtA=0.193 idtB=0.192 D_A=0.167 D_B=0.201 D_A(real)=0.76 D_A(fake)=0.25 gnG=42.21 gnD=24.33 it_per_s=10.47
2026-10-02 01:31:24,298 INFO iter=7200 epoch=2 lr=2.00e-04 G=7.069 advA2B=0.474 advB2A=0.590 cycA=0.197 cycB=0.212 idtA=0.195 idtB=0.187 D_A=0.164 D_B=0.194 D_A(real)=0.76 D_A(fake)=0.25 gnG=41.45 gnD=23.58 it_per_s=10.51
2026-10-02 01:31:33,761 INFO iter=7300 epoch=2 lr=2.00e-04 G=7.110 advA2B=0.477 advB2A=0.593 cycA=0.199 cycB=0.213 idtA=0.198 idtB=0.187 D_A=0.156 D_B=0.191 D_A(real)=0.77 D_A(fake)=0.24 gnG=42.47 gnD=22.60 it_per_s=10.53
2026-10-02 01:31:43,236 INFO iter=7400 epoch=2 lr=2.00e-04 G=7.142 advA2B=0.497 advB2A=0.603 cycA=0.198 cycB=0.213 idtA=0.197 idtB=0.189 D_A=0.154 D_B=0.182 D_A(real)=0.77 D_A(fake)=0.24 gnG=42.87 gnD=22.48 it_per_s=10.54
2026-10-02 01:31:52,669 INFO iter=7500 epoch=2 lr=2.00e-04 G=7.104 advA2B=0.502 advB2A=0.602 cycA=0.196 cycB=0.212 idtA=0.195 idtB=0.189 D_A=0.158 D_B=0.186 D_A(real)=0.77 D_A(fake)=0.24 gnG=42.59 gnD=22.79 it_per_s=10.55
2026-10-02 01:32:02,135 INFO iter=7600 epoch=2 lr=2.00e-04 G=7.121 advA2B=0.524 advB2A=0.602 cycA=0.197 cycB=0.211 idtA=0.194 idtB=0.189 D_A=0.158 D_B=0.192 D_A(real)=0.77 D_A(fake)=0.24 gnG=43.24 gnD=23.18 it_per_s=10.55
2026-10-02 01:32:11,522 INFO iter=7700 epoch=2 lr=2.00e-04 G=7.068 advA2B=0.518 advB2A=0.593 cycA=0.196 cycB=0.210 idtA=0.192 idtB=0.188 D_A=0.159 D_B=0.189 D_A(real)=0.76 D_A(fake)=0.24 gnG=43.72 gnD=22.58 it_per_s=10.57
2026-10-02 01:32:20,921 INFO iter=7800 epoch=2 lr=2.00e-04 G=7.075 advA2B=0.516 advB2A=0.586 cycA=0.196 cycB=0.211 idtA=0.193 idtB=0.189 D_A=0.160 D_B=0.191 D_A(real)=0.76 D_A(fake)=0.24 gnG=44.16 gnD=22.44 it_per_s=10.58
2026-10-02 01:32:30,369 INFO iter=7900 epoch=2 lr=2.00e-04 G=7.059 advA2B=0.509 advB2A=0.580 cycA=0.196 cycB=0.211 idtA=0.193 idtB=0.189 D_A=0.161 D_B=0.190 D_A(real)=0.76 D_A(fake)=0.25 gnG=44.37 gnD=22.24 it_per_s=10.58
2026-10-02 01:32:39,775 INFO iter=8000 epoch=2 lr=2.00e-04 G=7.060 advA2B=0.513 advB2A=0.577 cycA=0.196 cycB=0.210 idtA=0.194 idtB=0.188 D_A=0.163 D_B=0.190 D_A(real)=0.75 D_A(fake)=0.25 gnG=44.81 gnD=22.14 it_per_s=10.58
2026-10-02 01:32:49,290 INFO iter=8100 epoch=2 lr=2.00e-04 G=7.092 advA2B=0.514 advB2A=0.577 cycA=0.197 cycB=0.212 idtA=0.194 idtB=0.188 D_A=0.166 D_B=0.189 D_A(real)=0.75 D_A(fake)=0.26 gnG=45.42 gnD=22.15 it_per_s=10.58
2026-10-02 01:32:58,734 INFO iter=8200 epoch=2 lr=2.00e-04 G=7.097 advA2B=0.518 advB2A=0.583 cycA=0.197 cycB=0.212 idtA=0.193 idtB=0.188 D_A=0.162 D_B=0.188 D_A(real)=0.75 D_A(fake)=0.25 gnG=45.35 gnD=21.95 it_per_s=10.58
2026-10-02 01:33:08,118 INFO iter=8300 epoch=2 lr=2.00e-04 G=7.115 advA2B=0.523 advB2A=0.580 cycA=0.198 cycB=0.212 idtA=0.194 idtB=0.189 D_A=0.164 D_B=0.186 D_A(real)=0.75 D_A(fake)=0.26 gnG=45.39 gnD=21.90 it_per_s=10.58
2026-10-02 01:33:17,577 INFO iter=8400 epoch=2 lr=2.00e-04 G=7.096 advA2B=0.523 advB2A=0.575 cycA=0.197 cycB=0.212 idtA=0.193 idtB=0.189 D_A=0.165 D_B=0.185 D_A(real)=0.75 D_A(fake)=0.26 gnG=45.17 gnD=21.90 it_per_s=10.58
2026-10-02 01:33:27,029 INFO iter=8500 epoch=2 lr=2.00e-04 G=7.102 advA2B=0.524 advB2A=0.574 cycA=0.197 cycB=0.212 idtA=0.193 idtB=0.189 D_A=0.165 D_B=0.184 D_A(real)=0.75 D_A(fake)=0.26 gnG=45.25 gnD=21.84 it_per_s=10.58
2026-10-02 01:33:36,478 INFO iter=8600 epoch=2 lr=2.00e-04 G=7.088 advA2B=0.523 advB2A=0.571 cycA=0.197 cycB=0.212 idtA=0.193 idtB=0.189 D_A=0.164 D_B=0.185 D_A(real)=0.75 D_A(fake)=0.26 gnG=45.65 gnD=21.80 it_per_s=10.58
2026-10-02 01:33:45,908 INFO iter=8700 epoch=2 lr=2.00e-04 G=7.073 advA2B=0.519 advB2A=0.569 cycA=0.196 cycB=0.212 idtA=0.193 idtB=0.188 D_A=0.164 D_B=0.187 D_A(real)=0.75 D_A(fake)=0.26 gnG=45.95 gnD=21.79 it_per_s=10.58
2026-10-02 01:33:55,322 INFO iter=8800 epoch=2 lr=2.00e-04 G=7.055 advA2B=0.516 advB2A=0.566 cycA=0.196 cycB=0.211 idtA=0.192 idtB=0.188 D_A=0.166 D_B=0.188 D_A(real)=0.74 D_A(fake)=0.26 gnG=46.37 gnD=21.71 it_per_s=10.59
2026-10-02 01:34:04,737 INFO iter=8900 epoch=2 lr=2.00e-04 G=7.026 advA2B=0.515 advB2A=0.560 cycA=0.195 cycB=0.210 idtA=0.192 idtB=0.187 D_A=0.167 D_B=0.187 D_A(real)=0.74 D_A(fake)=0.27 gnG=46.50 gnD=21.65 it_per_s=10.59
2026-10-02 01:34:14,244 INFO iter=9000 epoch=2 lr=2.00e-04 G=6.996 advA2B=0.516 advB2A=0.553 cycA=0.195 cycB=0.209 idtA=0.191 idtB=0.187 D_A=0.170 D_B=0.187 D_A(real)=0.74 D_A(fake)=0.27 gnG=46.46 gnD=21.60 it_per_s=10.59
2026-10-02 01:34:23,756 INFO iter=9100 epoch=2 lr=2.00e-04 G=6.978 advA2B=0.513 advB2A=0.548 cycA=0.194 cycB=0.209 idtA=0.190 idtB=0.187 D_A=0.171 D_B=0.187 D_A(real)=0.73 D_A(fake)=0.27 gnG=46.71 gnD=21.54 it_per_s=10.58
2026-10-02 01:34:33,234 INFO iter=9200 epoch=2 lr=2.00e-04 G=6.979 advA2B=0.511 advB2A=0.546 cycA=0.195 cycB=0.209 idtA=0.191 idtB=0.186 D_A=0.172 D_B=0.187 D_A(real)=0.73 D_A(fake)=0.27 gnG=46.92 gnD=21.52 it_per_s=10.58
2026-10-02 01:34:42,688 INFO iter=9300 epoch=2 lr=2.00e-04 G=6.956 advA2B=0.512 advB2A=0.543 cycA=0.194 cycB=0.208 idtA=0.190 idtB=0.186 D_A=0.172 D_B=0.188 D_A(real)=0.73 D_A(fake)=0.28 gnG=46.81 gnD=21.47 it_per_s=10.58
2026-10-02 01:34:52,140 INFO iter=9400 epoch=2 lr=2.00e-04 G=6.930 advA2B=0.512 advB2A=0.542 cycA=0.193 cycB=0.208 idtA=0.189 idtB=0.185 D_A=0.173 D_B=0.187 D_A(real)=0.73 D_A(fake)=0.28 gnG=46.72 gnD=21.42 it_per_s=10.58
2026-10-02 01:35:01,584 INFO iter=9500 epoch=2 lr=2.00e-04 G=6.918 advA2B=0.511 advB2A=0.543 cycA=0.192 cycB=0.207 idtA=0.189 idtB=0.185 D_A=0.173 D_B=0.186 D_A(real)=0.73 D_A(fake)=0.28 gnG=46.55 gnD=21.37 it_per_s=10.58
2026-10-02 01:35:11,021 INFO iter=9600 epoch=2 lr=2.00e-04 G=6.918 advA2B=0.513 advB2A=0.539 cycA=0.192 cycB=0.208 idtA=0.188 idtB=0.185 D_A=0.175 D_B=0.186 D_A(real)=0.72 D_A(fake)=0.28 gnG=46.56 gnD=21.35 it_per_s=10.58
2026-10-02 01:35:20,489 INFO iter=9700 epoch=2 lr=2.00e-04 G=6.914 advA2B=0.513 advB2A=0.539 cycA=0.191 cycB=0.208 idtA=0.188 idtB=0.185 D_A=0.175 D_B=0.185 D_A(real)=0.72 D_A(fake)=0.28 gnG=46.76 gnD=21.29 it_per_s=10.58
2026-10-02 01:35:29,915 INFO iter=9800 epoch=2 lr=2.00e-04 G=6.907 advA2B=0.512 advB2A=0.538 cycA=0.191 cycB=0.208 idtA=0.188 idtB=0.185 D_A=0.176 D_B=0.186 D_A(real)=0.72 D_A(fake)=0.28 gnG=46.79 gnD=21.24 it_per_s=10.58
2026-10-02 01:35:39,362 INFO iter=9900 epoch=2 lr=2.00e-04 G=6.906 advA2B=0.511 advB2A=0.538 cycA=0.191 cycB=0.208 idtA=0.188 idtB=0.185 D_A=0.176 D_B=0.186 D_A(real)=0.72 D_A(fake)=0.28 gnG=46.83 gnD=21.19 it_per_s=10.58
2026-10-02 01:35:48,824 INFO iter=10000 epoch=2 lr=2.00e-04 G=6.902 advA2B=0.510 advB2A=0.536 cycA=0.191 cycB=0.208 idtA=0.188 idtB=0.185 D_A=0.177 D_B=0.186 D_A(real)=0.72 D_A(fake)=0.28 gnG=46.96 gnD=21.16 it_per_s=10.58
2026-10-02 01:35:58,227 INFO iter=10100 epoch=2 lr=2.00e-04 G=6.892 advA2B=0.510 advB2A=0.535 cycA=0.191 cycB=0.208 idtA=0.188 idtB=0.184 D_A=0.178 D_B=0.187 D_A(real)=0.72 D_A(fake)=0.28 gnG=46.88 gnD=21.08 it_per_s=10.58
2026-10-02 01:36:07,677 INFO iter=10200 epoch=2 lr=2.00e-04 G=6.880 advA2B=0.509 advB2A=0.532 cycA=0.191 cycB=0.208 idtA=0.187 idtB=0.184 D_A=0.178 D_B=0.186 D_A(real)=0.72 D_A(fake)=0.29 gnG=46.81 gnD=21.01 it_per_s=10.58
2026-10-02 01:36:17,106 INFO iter=10300 epoch=2 lr=2.00e-04 G=6.866 advA2B=0.509 advB2A=0.533 cycA=0.190 cycB=0.207 idtA=0.187 idtB=0.184 D_A=0.179 D_B=0.186 D_A(real)=0.72 D_A(fake)=0.29 gnG=46.77 gnD=21.01 it_per_s=10.58
2026-10-02 01:36:26,525 INFO iter=10400 epoch=2 lr=2.00e-04 G=6.858 advA2B=0.508 advB2A=0.530 cycA=0.190 cycB=0.207 idtA=0.187 idtB=0.184 D_A=0.180 D_B=0.187 D_A(real)=0.71 D_A(fake)=0.29 gnG=46.67 gnD=20.95 it_per_s=10.58
2026-10-02 01:36:36,004 INFO iter=10500 epoch=2 lr=2.00e-04 G=6.846 advA2B=0.508 advB2A=0.530 cycA=0.189 cycB=0.207 idtA=0.186 idtB=0.183 D_A=0.180 D_B=0.186 D_A(real)=0.71 D_A(fake)=0.29 gnG=46.68 gnD=20.89 it_per_s=10.58
2026-10-02 01:36:45,441 INFO iter=10600 epoch=2 lr=2.00e-04 G=6.832 advA2B=0.507 advB2A=0.528 cycA=0.189 cycB=0.206 idtA=0.186 idtB=0.183 D_A=0.180 D_B=0.187 D_A(real)=0.71 D_A(fake)=0.29 gnG=46.68 gnD=20.85 it_per_s=10.58
2026-10-02 01:36:54,864 INFO iter=10700 epoch=2 lr=2.00e-04 G=6.830 advA2B=0.508 advB2A=0.526 cycA=0.189 cycB=0.207 idtA=0.186 idtB=0.183 D_A=0.180 D_B=0.186 D_A(real)=0.71 D_A(fake)=0.29 gnG=46.67 gnD=20.78 it_per_s=10.58
2026-10-02 01:37:04,294 INFO iter=10800 epoch=2 lr=2.00e-04 G=6.819 advA2B=0.508 advB2A=0.525 cycA=0.189 cycB=0.206 idtA=0.185 idtB=0.183 D_A=0.180 D_B=0.186 D_A(real)=0.71 D_A(fake)=0.29 gnG=46.66 gnD=20.75 it_per_s=10.59
2026-10-02 01:37:13,695 INFO iter=10900 epoch=2 lr=2.00e-04 G=6.816 advA2B=0.509 advB2A=0.524 cycA=0.189 cycB=0.206 idtA=0.185 idtB=0.182 D_A=0.181 D_B=0.186 D_A(real)=0.71 D_A(fake)=0.29 gnG=46.69 gnD=20.71 it_per_s=10.59
2026-10-02 01:37:23,108 INFO iter=11000 epoch=2 lr=2.00e-04 G=6.810 advA2B=0.508 advB2A=0.524 cycA=0.189 cycB=0.206 idtA=0.185 idtB=0.182 D_A=0.180 D_B=0.186 D_A(real)=0.71 D_A(fake)=0.29 gnG=46.72 gnD=20.66 it_per_s=10.59
2026-10-02 01:37:32,575 INFO iter=11100 epoch=2 lr=2.00e-04 G=6.812 advA2B=0.510 advB2A=0.523 cycA=0.188 cycB=0.206 idtA=0.185 idtB=0.183 D_A=0.181 D_B=0.186 D_A(real)=0.71 D_A(fake)=0.29 gnG=46.71 gnD=20.63 it_per_s=10.59
2026-10-02 01:37:42,033 INFO iter=11200 epoch=2 lr=2.00e-04 G=6.807 advA2B=0.511 advB2A=0.521 cycA=0.188 cycB=0.205 idtA=0.185 idtB=0.182 D_A=0.181 D_B=0.185 D_A(real)=0.71 D_A(fake)=0.29 gnG=46.68 gnD=20.60 it_per_s=10.59
2026-10-02 01:37:51,513 INFO iter=11300 epoch=2 lr=2.00e-04 G=6.791 advA2B=0.512 advB2A=0.520 cycA=0.188 cycB=0.205 idtA=0.184 idtB=0.182 D_A=0.182 D_B=0.185 D_A(real)=0.71 D_A(fake)=0.29 gnG=46.58 gnD=20.60 it_per_s=10.59
2026-10-02 01:38:00,913 INFO iter=11400 epoch=2 lr=2.00e-04 G=6.785 advA2B=0.511 advB2A=0.519 cycA=0.188 cycB=0.204 idtA=0.184 idtB=0.182 D_A=0.182 D_B=0.185 D_A(real)=0.71 D_A(fake)=0.29 gnG=46.69 gnD=20.58 it_per_s=10.59
2026-10-02 01:38:10,404 INFO iter=11500 epoch=2 lr=2.00e-04 G=6.779 advA2B=0.511 advB2A=0.519 cycA=0.188 cycB=0.204 idtA=0.184 idtB=0.181 D_A=0.182 D_B=0.185 D_A(real)=0.71 D_A(fake)=0.29 gnG=46.52 gnD=20.57 it_per_s=10.59
2026-10-02 01:38:19,805 INFO iter=11600 epoch=2 lr=2.00e-04 G=6.778 advA2B=0.510 advB2A=0.519 cycA=0.188 cycB=0.204 idtA=0.184 idtB=0.181 D_A=0.182 D_B=0.186 D_A(real)=0.71 D_A(fake)=0.29 gnG=46.45 gnD=20.53 it_per_s=10.59
2026-10-02 01:38:29,200 INFO iter=11700 epoch=2 lr=2.00e-04 G=6.771 advA2B=0.510 advB2A=0.518 cycA=0.188 cycB=0.204 idtA=0.184 idtB=0.181 D_A=0.182 D_B=0.186 D_A(real)=0.71 D_A(fake)=0.30 gnG=46.46 gnD=20.48 it_per_s=10.59
2026-10-02 01:38:38,595 INFO iter=11800 epoch=2 lr=2.00e-04 G=6.765 advA2B=0.509 advB2A=0.518 cycA=0.187 cycB=0.204 idtA=0.184 idtB=0.181 D_A=0.182 D_B=0.186 D_A(real)=0.71 D_A(fake)=0.30 gnG=46.38 gnD=20.44 it_per_s=10.59
2026-10-02 01:38:47,986 INFO iter=11900 epoch=2 lr=2.00e-04 G=6.761 advA2B=0.510 advB2A=0.519 cycA=0.187 cycB=0.204 idtA=0.184 idtB=0.181 D_A=0.182 D_B=0.186 D_A(real)=0.71 D_A(fake)=0.29 gnG=46.28 gnD=20.41 it_per_s=10.59
2026-10-02 01:38:57,433 INFO iter=12000 epoch=2 lr=2.00e-04 G=6.754 advA2B=0.510 advB2A=0.519 cycA=0.187 cycB=0.203 idtA=0.184 idtB=0.180 D_A=0.182 D_B=0.185 D_A(real)=0.71 D_A(fake)=0.29 gnG=46.25 gnD=20.39 it_per_s=10.59
2026-10-02 01:39:06,865 INFO iter=12100 epoch=2 lr=2.00e-04 G=6.749 advA2B=0.511 advB2A=0.518 cycA=0.187 cycB=0.203 idtA=0.184 idtB=0.180 D_A=0.182 D_B=0.185 D_A(real)=0.71 D_A(fake)=0.29 gnG=46.32 gnD=20.36 it_per_s=10.59
2026-10-02 01:39:16,345 INFO iter=12200 epoch=2 lr=2.00e-04 G=6.745 advA2B=0.512 advB2A=0.516 cycA=0.187 cycB=0.203 idtA=0.183 idtB=0.180 D_A=0.182 D_B=0.184 D_A(real)=0.71 D_A(fake)=0.30 gnG=46.30 gnD=20.34 it_per_s=10.59
2026-10-02 01:39:25,793 INFO iter=12300 epoch=2 lr=2.00e-04 G=6.734 advA2B=0.511 advB2A=0.516 cycA=0.187 cycB=0.203 idtA=0.183 idtB=0.180 D_A=0.182 D_B=0.185 D_A(real)=0.71 D_A(fake)=0.30 gnG=46.24 gnD=20.28 it_per_s=10.59
2026-10-02 01:39:35,248 INFO iter=12400 epoch=2 lr=2.00e-04 G=6.729 advA2B=0.511 advB2A=0.516 cycA=0.186 cycB=0.202 idtA=0.183 idtB=0.179 D_A=0.182 D_B=0.185 D_A(real)=0.70 D_A(fake)=0.30 gnG=46.18 gnD=20.22 it_per_s=10.59
2026-10-02 01:39:44,646 INFO iter=12500 epoch=2 lr=2.00e-04 G=6.728 advA2B=0.511 advB2A=0.515 cycA=0.187 cycB=0.202 idtA=0.183 idtB=0.179 D_A=0.182 D_B=0.185 D_A(real)=0.70 D_A(fake)=0.30 gnG=46.16 gnD=20.20 it_per_s=10.59
2026-10-02 01:39:54,056 INFO iter=12600 epoch=2 lr=2.00e-04 G=6.726 advA2B=0.512 advB2A=0.514 cycA=0.187 cycB=0.202 idtA=0.183 idtB=0.179 D_A=0.182 D_B=0.184 D_A(real)=0.70 D_A(fake)=0.30 gnG=46.15 gnD=20.19 it_per_s=10.59
2026-10-02 01:40:03,492 INFO iter=12700 epoch=2 lr=2.00e-04 G=6.715 advA2B=0.511 advB2A=0.514 cycA=0.186 cycB=0.202 idtA=0.183 idtB=0.179 D_A=0.182 D_B=0.184 D_A(real)=0.70 D_A(fake)=0.30 gnG=46.05 gnD=20.13 it_per_s=10.59
2026-10-02 01:40:12,933 INFO iter=12800 epoch=2 lr=2.00e-04 G=6.714 advA2B=0.512 advB2A=0.513 cycA=0.186 cycB=0.202 idtA=0.183 idtB=0.179 D_A=0.182 D_B=0.184 D_A(real)=0.70 D_A(fake)=0.30 gnG=46.09 gnD=20.10 it_per_s=10.59
2026-10-02 01:40:22,373 INFO iter=12900 epoch=2 lr=2.00e-04 G=6.709 advA2B=0.513 advB2A=0.512 cycA=0.186 cycB=0.202 idtA=0.183 idtB=0.179 D_A=0.183 D_B=0.184 D_A(real)=0.70 D_A(fake)=0.30 gnG=46.09 gnD=20.10 it_per_s=10.59
2026-10-02 01:40:31,778 INFO iter=13000 epoch=2 lr=2.00e-04 G=6.703 advA2B=0.512 advB2A=0.511 cycA=0.186 cycB=0.202 idtA=0.182 idtB=0.179 D_A=0.183 D_B=0.184 D_A(real)=0.70 D_A(fake)=0.30 gnG=46.04 gnD=20.06 it_per_s=10.59
2026-10-02 01:40:41,326 INFO iter=13100 epoch=2 lr=2.00e-04 G=6.702 advA2B=0.512 advB2A=0.510 cycA=0.186 cycB=0.202 idtA=0.182 idtB=0.179 D_A=0.183 D_B=0.184 D_A(real)=0.70 D_A(fake)=0.30 gnG=46.05 gnD=20.04 it_per_s=10.59
2026-10-02 01:40:50,724 INFO iter=13200 epoch=2 lr=2.00e-04 G=6.697 advA2B=0.512 advB2A=0.510 cycA=0.186 cycB=0.201 idtA=0.182 idtB=0.179 D_A=0.183 D_B=0.184 D_A(real)=0.70 D_A(fake)=0.30 gnG=46.05 gnD=20.01 it_per_s=10.59
2026-10-02 01:41:00,131 INFO iter=13300 epoch=2 lr=2.00e-04 G=6.691 advA2B=0.513 advB2A=0.510 cycA=0.185 cycB=0.201 idtA=0.182 idtB=0.178 D_A=0.182 D_B=0.184 D_A(real)=0.70 D_A(fake)=0.30 gnG=46.02 gnD=19.95 it_per_s=10.59
2026-10-02 01:41:09,563 INFO iter=13400 epoch=2 lr=2.00e-04 G=6.685 advA2B=0.513 advB2A=0.511 cycA=0.185 cycB=0.201 idtA=0.182 idtB=0.178 D_A=0.183 D_B=0.184 D_A(real)=0.70 D_A(fake)=0.30 gnG=46.00 gnD=19.96 it_per_s=10.59
2026-10-02 01:41:18,948 INFO iter=13500 epoch=2 lr=2.00e-04 G=6.681 advA2B=0.515 advB2A=0.510 cycA=0.185 cycB=0.201 idtA=0.182 idtB=0.178 D_A=0.183 D_B=0.183 D_A(real)=0.70 D_A(fake)=0.30 gnG=45.98 gnD=19.90 it_per_s=10.59
2026-10-02 01:41:28,373 INFO iter=13600 epoch=2 lr=2.00e-04 G=6.677 advA2B=0.515 advB2A=0.509 cycA=0.185 cycB=0.201 idtA=0.182 idtB=0.178 D_A=0.183 D_B=0.183 D_A(real)=0.70 D_A(fake)=0.30 gnG=45.95 gnD=19.87 it_per_s=10.59
2026-10-02 01:41:37,786 INFO iter=13700 epoch=2 lr=2.00e-04 G=6.673 advA2B=0.514 advB2A=0.509 cycA=0.185 cycB=0.201 idtA=0.182 idtB=0.178 D_A=0.183 D_B=0.183 D_A(real)=0.70 D_A(fake)=0.30 gnG=45.95 gnD=19.86 it_per_s=10.59
2026-10-02 01:41:47,141 INFO iter=13800 epoch=2 lr=2.00e-04 G=6.667 advA2B=0.515 advB2A=0.509 cycA=0.184 cycB=0.200 idtA=0.182 idtB=0.177 D_A=0.183 D_B=0.183 D_A(real)=0.70 D_A(fake)=0.30 gnG=45.92 gnD=19.86 it_per_s=10.59
2026-10-02 01:41:56,539 INFO iter=13900 epoch=2 lr=2.00e-04 G=6.667 advA2B=0.515 advB2A=0.509 cycA=0.184 cycB=0.200 idtA=0.182 idtB=0.177 D_A=0.183 D_B=0.183 D_A(real)=0.70 D_A(fake)=0.30 gnG=45.94 gnD=19.83 it_per_s=10.60
2026-10-02 01:42:05,976 INFO iter=14000 epoch=2 lr=2.00e-04 G=6.671 advA2B=0.517 advB2A=0.510 cycA=0.185 cycB=0.200 idtA=0.181 idtB=0.178 D_A=0.183 D_B=0.182 D_A(real)=0.70 D_A(fake)=0.30 gnG=46.01 gnD=19.79 it_per_s=10.60
2026-10-02 01:42:13,106 INFO epoch=2 done time_s=664 it_per_s=10.60 G=6.673 cycA=0.185 cycB=0.200 idtA=0.181 idtB=0.178 D_A=0.183 D_B=0.182 D_A(real)=0.70 D_A(fake)=0.30 nan_count=0
2026-10-02 01:42:15,896 INFO iter=14100 epoch=3 lr=2.00e-04 G=6.506 advA2B=0.580 advB2A=0.425 cycA=0.173 cycB=0.201 idtA=0.168 idtB=0.184 D_A=0.166 D_B=0.126 D_A(real)=0.73 D_A(fake)=0.29 gnG=46.40 gnD=14.27 it_per_s=10.50
2026-10-02 01:42:25,354 INFO iter=14200 epoch=3 lr=2.00e-04 G=6.651 advA2B=0.612 advB2A=0.548 cycA=0.174 cycB=0.201 idtA=0.173 idtB=0.176 D_A=0.162 D_B=0.116 D_A(real)=0.72 D_A(fake)=0.28 gnG=44.90 gnD=15.04 it_per_s=10.56
2026-10-02 01:42:34,752 INFO iter=14300 epoch=3 lr=2.00e-04 G=6.691 advA2B=0.629 advB2A=0.527 cycA=0.180 cycB=0.197 idtA=0.179 idtB=0.175 D_A=0.163 D_B=0.116 D_A(real)=0.72 D_A(fake)=0.28 gnG=45.32 gnD=15.19 it_per_s=10.60
2026-10-02 01:42:44,178 INFO iter=14400 epoch=3 lr=2.00e-04 G=6.695 advA2B=0.605 advB2A=0.506 cycA=0.183 cycB=0.197 idtA=0.181 idtB=0.176 D_A=0.172 D_B=0.129 D_A(real)=0.71 D_A(fake)=0.29 gnG=45.60 gnD=16.32 it_per_s=10.60
2026-10-02 01:42:53,550 INFO iter=14500 epoch=3 lr=2.00e-04 G=6.615 advA2B=0.592 advB2A=0.511 cycA=0.181 cycB=0.194 idtA=0.179 idtB=0.173 D_A=0.172 D_B=0.134 D_A(real)=0.70 D_A(fake)=0.30 gnG=45.01 gnD=16.58 it_per_s=10.62
2026-10-02 01:43:02,934 INFO iter=14600 epoch=3 lr=2.00e-04 G=6.581 advA2B=0.583 advB2A=0.508 cycA=0.181 cycB=0.193 idtA=0.178 idtB=0.173 D_A=0.171 D_B=0.135 D_A(real)=0.71 D_A(fake)=0.29 gnG=44.31 gnD=16.63 it_per_s=10.62
2026-10-02 01:43:12,363 INFO iter=14700 epoch=3 lr=2.00e-04 G=6.609 advA2B=0.586 advB2A=0.510 cycA=0.181 cycB=0.195 idtA=0.177 idtB=0.173 D_A=0.170 D_B=0.138 D_A(real)=0.71 D_A(fake)=0.29 gnG=45.77 gnD=16.87 it_per_s=10.62
2026-10-02 01:43:21,760 INFO iter=14800 epoch=3 lr=2.00e-04 G=6.569 advA2B=0.579 advB2A=0.510 cycA=0.181 cycB=0.193 idtA=0.177 idtB=0.172 D_A=0.170 D_B=0.143 D_A(real)=0.71 D_A(fake)=0.29 gnG=45.47 gnD=17.07 it_per_s=10.62
2026-10-02 01:43:31,120 INFO iter=14900 epoch=3 lr=2.00e-04 G=6.554 advA2B=0.579 advB2A=0.503 cycA=0.181 cycB=0.193 idtA=0.176 idtB=0.171 D_A=0.170 D_B=0.145 D_A(real)=0.71 D_A(fake)=0.29 gnG=46.04 gnD=17.04 it_per_s=10.63
2026-10-02 01:43:40,551 INFO iter=15000 epoch=3 lr=2.00e-04 G=6.540 advA2B=0.571 advB2A=0.500 cycA=0.180 cycB=0.193 idtA=0.176 idtB=0.171 D_A=0.172 D_B=0.150 D_A(real)=0.70 D_A(fake)=0.30 gnG=45.85 gnD=17.18 it_per_s=10.63
2026-10-02 01:43:50,006 INFO iter=15100 epoch=3 lr=2.00e-04 G=6.511 advA2B=0.566 advB2A=0.500 cycA=0.180 cycB=0.192 idtA=0.175 idtB=0.170 D_A=0.173 D_B=0.150 D_A(real)=0.70 D_A(fake)=0.30 gnG=45.64 gnD=17.19 it_per_s=10.62
2026-10-02 01:43:59,491 INFO iter=15200 epoch=3 lr=2.00e-04 G=6.522 advA2B=0.564 advB2A=0.498 cycA=0.181 cycB=0.192 idtA=0.176 idtB=0.171 D_A=0.173 D_B=0.152 D_A(real)=0.70 D_A(fake)=0.30 gnG=45.91 gnD=17.22 it_per_s=10.62
2026-10-02 01:44:08,874 INFO iter=15300 epoch=3 lr=2.00e-04 G=6.530 advA2B=0.565 advB2A=0.496 cycA=0.181 cycB=0.192 idtA=0.176 idtB=0.171 D_A=0.175 D_B=0.153 D_A(real)=0.70 D_A(fake)=0.30 gnG=45.81 gnD=17.28 it_per_s=10.62
2026-10-02 01:44:18,261 INFO iter=15400 epoch=3 lr=2.00e-04 G=6.526 advA2B=0.566 advB2A=0.495 cycA=0.181 cycB=0.192 idtA=0.175 idtB=0.172 D_A=0.174 D_B=0.152 D_A(real)=0.70 D_A(fake)=0.30 gnG=45.89 gnD=17.17 it_per_s=10.62
2026-10-02 01:44:27,779 INFO iter=15500 epoch=3 lr=2.00e-04 G=6.538 advA2B=0.565 advB2A=0.498 cycA=0.181 cycB=0.193 idtA=0.176 idtB=0.172 D_A=0.174 D_B=0.154 D_A(real)=0.70 D_A(fake)=0.30 gnG=46.03 gnD=17.26 it_per_s=10.61
2026-10-02 01:44:37,180 INFO iter=15600 epoch=3 lr=2.00e-04 G=6.531 advA2B=0.563 advB2A=0.496 cycA=0.181 cycB=0.193 idtA=0.176 idtB=0.171 D_A=0.174 D_B=0.155 D_A(real)=0.70 D_A(fake)=0.30 gnG=46.12 gnD=17.26 it_per_s=10.61
2026-10-02 01:44:46,570 INFO iter=15700 epoch=3 lr=2.00e-04 G=6.516 advA2B=0.562 advB2A=0.496 cycA=0.181 cycB=0.191 idtA=0.176 idtB=0.170 D_A=0.173 D_B=0.157 D_A(real)=0.70 D_A(fake)=0.30 gnG=46.71 gnD=17.21 it_per_s=10.62
2026-10-02 01:44:56,013 INFO iter=15800 epoch=3 lr=2.00e-04 G=6.527 advA2B=0.561 advB2A=0.501 cycA=0.181 cycB=0.192 idtA=0.177 idtB=0.171 D_A=0.171 D_B=0.157 D_A(real)=0.71 D_A(fake)=0.29 gnG=46.12 gnD=17.21 it_per_s=10.62
2026-10-02 01:45:05,464 INFO iter=15900 epoch=3 lr=2.00e-04 G=6.539 advA2B=0.559 advB2A=0.502 cycA=0.181 cycB=0.193 idtA=0.178 idtB=0.170 D_A=0.170 D_B=0.157 D_A(real)=0.71 D_A(fake)=0.29 gnG=46.76 gnD=17.27 it_per_s=10.61
2026-10-02 01:45:14,904 INFO iter=16000 epoch=3 lr=2.00e-04 G=6.516 advA2B=0.556 advB2A=0.500 cycA=0.181 cycB=0.192 idtA=0.177 idtB=0.170 D_A=0.169 D_B=0.159 D_A(real)=0.71 D_A(fake)=0.29 gnG=46.45 gnD=17.33 it_per_s=10.61
2026-10-02 01:45:24,338 INFO iter=16100 epoch=3 lr=2.00e-04 G=6.498 advA2B=0.552 advB2A=0.499 cycA=0.180 cycB=0.191 idtA=0.177 idtB=0.169 D_A=0.169 D_B=0.160 D_A(real)=0.71 D_A(fake)=0.29 gnG=46.42 gnD=17.26 it_per_s=10.61
2026-10-02 01:45:33,742 INFO iter=16200 epoch=3 lr=2.00e-04 G=6.486 advA2B=0.550 advB2A=0.499 cycA=0.180 cycB=0.191 idtA=0.177 idtB=0.169 D_A=0.169 D_B=0.160 D_A(real)=0.71 D_A(fake)=0.29 gnG=46.30 gnD=17.25 it_per_s=10.61
2026-10-02 01:45:43,097 INFO iter=16300 epoch=3 lr=2.00e-04 G=6.477 advA2B=0.549 advB2A=0.502 cycA=0.179 cycB=0.191 idtA=0.176 idtB=0.169 D_A=0.168 D_B=0.160 D_A(real)=0.71 D_A(fake)=0.29 gnG=46.10 gnD=17.25 it_per_s=10.62
2026-10-02 01:45:52,509 INFO iter=16400 epoch=3 lr=2.00e-04 G=6.480 advA2B=0.550 advB2A=0.504 cycA=0.179 cycB=0.191 idtA=0.176 idtB=0.169 D_A=0.168 D_B=0.160 D_A(real)=0.71 D_A(fake)=0.29 gnG=45.86 gnD=17.27 it_per_s=10.62
2026-10-02 01:46:01,855 INFO iter=16500 epoch=3 lr=2.00e-04 G=6.492 advA2B=0.550 advB2A=0.507 cycA=0.179 cycB=0.191 idtA=0.176 idtB=0.169 D_A=0.167 D_B=0.159 D_A(real)=0.71 D_A(fake)=0.29 gnG=45.91 gnD=17.27 it_per_s=10.62
2026-10-02 01:46:11,302 INFO iter=16600 epoch=3 lr=2.00e-04 G=6.493 advA2B=0.549 advB2A=0.509 cycA=0.179 cycB=0.191 idtA=0.176 idtB=0.169 D_A=0.165 D_B=0.160 D_A(real)=0.72 D_A(fake)=0.28 gnG=46.15 gnD=17.26 it_per_s=10.62
2026-10-02 01:46:20,819 INFO iter=16700 epoch=3 lr=2.00e-04 G=6.474 advA2B=0.548 advB2A=0.508 cycA=0.179 cycB=0.191 idtA=0.176 idtB=0.169 D_A=0.165 D_B=0.160 D_A(real)=0.72 D_A(fake)=0.28 gnG=46.52 gnD=17.29 it_per_s=10.61
2026-10-02 01:46:30,243 INFO iter=16800 epoch=3 lr=2.00e-04 G=6.464 advA2B=0.547 advB2A=0.508 cycA=0.178 cycB=0.190 idtA=0.176 idtB=0.168 D_A=0.165 D_B=0.160 D_A(real)=0.72 D_A(fake)=0.28 gnG=46.49 gnD=17.28 it_per_s=10.61
2026-10-02 01:46:39,674 INFO iter=16900 epoch=3 lr=2.00e-04 G=6.450 advA2B=0.548 advB2A=0.508 cycA=0.178 cycB=0.190 idtA=0.175 idtB=0.168 D_A=0.165 D_B=0.160 D_A(real)=0.72 D_A(fake)=0.28 gnG=46.31 gnD=17.28 it_per_s=10.61
2026-10-02 01:46:49,065 INFO iter=17000 epoch=3 lr=2.00e-04 G=6.448 advA2B=0.548 advB2A=0.507 cycA=0.178 cycB=0.190 idtA=0.175 idtB=0.168 D_A=0.164 D_B=0.160 D_A(real)=0.72 D_A(fake)=0.28 gnG=46.37 gnD=17.31 it_per_s=10.62
2026-10-02 01:46:58,496 INFO iter=17100 epoch=3 lr=2.00e-04 G=6.446 advA2B=0.549 advB2A=0.506 cycA=0.177 cycB=0.190 idtA=0.175 idtB=0.168 D_A=0.164 D_B=0.160 D_A(real)=0.72 D_A(fake)=0.28 gnG=46.33 gnD=17.30 it_per_s=10.61
2026-10-02 01:47:07,915 INFO iter=17200 epoch=3 lr=2.00e-04 G=6.442 advA2B=0.549 advB2A=0.506 cycA=0.177 cycB=0.190 idtA=0.175 idtB=0.168 D_A=0.165 D_B=0.161 D_A(real)=0.72 D_A(fake)=0.28 gnG=46.25 gnD=17.29 it_per_s=10.61
2026-10-02 01:47:17,348 INFO iter=17300 epoch=3 lr=2.00e-04 G=6.442 advA2B=0.549 advB2A=0.507 cycA=0.177 cycB=0.190 idtA=0.174 idtB=0.168 D_A=0.165 D_B=0.161 D_A(real)=0.72 D_A(fake)=0.28 gnG=46.08 gnD=17.19 it_per_s=10.61
2026-10-02 01:47:26,758 INFO iter=17400 epoch=3 lr=2.00e-04 G=6.437 advA2B=0.550 advB2A=0.506 cycA=0.177 cycB=0.190 idtA=0.174 idtB=0.168 D_A=0.165 D_B=0.161 D_A(real)=0.72 D_A(fake)=0.28 gnG=46.03 gnD=17.11 it_per_s=10.61
2026-10-02 01:47:36,140 INFO iter=17500 epoch=3 lr=2.00e-04 G=6.439 advA2B=0.552 advB2A=0.505 cycA=0.177 cycB=0.190 idtA=0.174 idtB=0.169 D_A=0.165 D_B=0.160 D_A(real)=0.72 D_A(fake)=0.28 gnG=46.21 gnD=17.04 it_per_s=10.62
2026-10-02 01:47:45,540 INFO iter=17600 epoch=3 lr=2.00e-04 G=6.444 advA2B=0.554 advB2A=0.508 cycA=0.177 cycB=0.190 idtA=0.174 idtB=0.168 D_A=0.164 D_B=0.159 D_A(real)=0.72 D_A(fake)=0.28 gnG=46.11 gnD=16.93 it_per_s=10.62
2026-10-02 01:47:54,971 INFO iter=17700 epoch=3 lr=2.00e-04 G=6.443 advA2B=0.553 advB2A=0.508 cycA=0.177 cycB=0.189 idtA=0.174 idtB=0.168 D_A=0.164 D_B=0.159 D_A(real)=0.72 D_A(fake)=0.28 gnG=45.94 gnD=16.86 it_per_s=10.62
2026-10-02 01:48:04,393 INFO iter=17800 epoch=3 lr=2.00e-04 G=6.453 advA2B=0.555 advB2A=0.509 cycA=0.177 cycB=0.190 idtA=0.174 idtB=0.169 D_A=0.163 D_B=0.158 D_A(real)=0.72 D_A(fake)=0.28 gnG=46.39 gnD=16.79 it_per_s=10.62
2026-10-02 01:48:13,804 INFO iter=17900 epoch=3 lr=2.00e-04 G=6.452 advA2B=0.555 advB2A=0.510 cycA=0.177 cycB=0.190 idtA=0.174 idtB=0.169 D_A=0.163 D_B=0.158 D_A(real)=0.72 D_A(fake)=0.28 gnG=46.64 gnD=16.71 it_per_s=10.62
2026-10-02 01:48:23,238 INFO iter=18000 epoch=3 lr=2.00e-04 G=6.452 advA2B=0.555 advB2A=0.510 cycA=0.178 cycB=0.190 idtA=0.174 idtB=0.169 D_A=0.162 D_B=0.158 D_A(real)=0.72 D_A(fake)=0.28 gnG=46.59 gnD=16.67 it_per_s=10.62
2026-10-02 01:48:32,618 INFO iter=18100 epoch=3 lr=2.00e-04 G=6.451 advA2B=0.555 advB2A=0.510 cycA=0.177 cycB=0.190 idtA=0.174 idtB=0.169 D_A=0.162 D_B=0.158 D_A(real)=0.72 D_A(fake)=0.28 gnG=46.85 gnD=16.62 it_per_s=10.62
2026-10-02 01:48:42,033 INFO iter=18200 epoch=3 lr=2.00e-04 G=6.454 advA2B=0.554 advB2A=0.514 cycA=0.178 cycB=0.190 idtA=0.174 idtB=0.168 D_A=0.161 D_B=0.158 D_A(real)=0.72 D_A(fake)=0.28 gnG=46.90 gnD=16.54 it_per_s=10.62
2026-10-02 01:48:51,426 INFO iter=18300 epoch=3 lr=2.00e-04 G=6.462 advA2B=0.555 advB2A=0.515 cycA=0.178 cycB=0.190 idtA=0.174 idtB=0.169 D_A=0.160 D_B=0.158 D_A(real)=0.73 D_A(fake)=0.27 gnG=47.09 gnD=16.51 it_per_s=10.62
2026-10-02 01:49:00,869 INFO iter=18400 epoch=3 lr=2.00e-04 G=6.454 advA2B=0.553 advB2A=0.515 cycA=0.178 cycB=0.190 idtA=0.174 idtB=0.168 D_A=0.160 D_B=0.158 D_A(real)=0.73 D_A(fake)=0.27 gnG=47.18 gnD=16.46 it_per_s=10.62
2026-10-02 01:49:10,329 INFO iter=18500 epoch=3 lr=2.00e-04 G=6.450 advA2B=0.552 advB2A=0.515 cycA=0.178 cycB=0.190 idtA=0.174 idtB=0.168 D_A=0.160 D_B=0.159 D_A(real)=0.73 D_A(fake)=0.27 gnG=47.54 gnD=16.44 it_per_s=10.62
2026-10-02 01:49:19,736 INFO iter=18600 epoch=3 lr=2.00e-04 G=6.445 advA2B=0.550 advB2A=0.515 cycA=0.177 cycB=0.190 idtA=0.174 idtB=0.168 D_A=0.160 D_B=0.159 D_A(real)=0.73 D_A(fake)=0.27 gnG=47.66 gnD=16.41 it_per_s=10.62
2026-10-02 01:49:29,190 INFO iter=18700 epoch=3 lr=2.00e-04 G=6.444 advA2B=0.550 advB2A=0.516 cycA=0.177 cycB=0.189 idtA=0.174 idtB=0.168 D_A=0.159 D_B=0.159 D_A(real)=0.73 D_A(fake)=0.27 gnG=47.91 gnD=16.40 it_per_s=10.62
2026-10-02 01:49:38,698 INFO iter=18800 epoch=3 lr=2.00e-04 G=6.442 advA2B=0.550 advB2A=0.517 cycA=0.177 cycB=0.189 idtA=0.174 idtB=0.168 D_A=0.159 D_B=0.160 D_A(real)=0.73 D_A(fake)=0.27 gnG=47.69 gnD=16.40 it_per_s=10.61
2026-10-02 01:49:48,196 INFO iter=18900 epoch=3 lr=2.00e-04 G=6.438 advA2B=0.549 advB2A=0.516 cycA=0.177 cycB=0.189 idtA=0.174 idtB=0.168 D_A=0.159 D_B=0.160 D_A(real)=0.73 D_A(fake)=0.27 gnG=47.83 gnD=16.39 it_per_s=10.61
2026-10-02 01:49:57,671 INFO iter=19000 epoch=3 lr=2.00e-04 G=6.434 advA2B=0.548 advB2A=0.516 cycA=0.177 cycB=0.189 idtA=0.174 idtB=0.168 D_A=0.159 D_B=0.160 D_A(real)=0.73 D_A(fake)=0.27 gnG=48.01 gnD=16.36 it_per_s=10.61
2026-10-02 01:50:07,084 INFO iter=19100 epoch=3 lr=2.00e-04 G=6.428 advA2B=0.548 advB2A=0.516 cycA=0.177 cycB=0.189 idtA=0.173 idtB=0.168 D_A=0.159 D_B=0.160 D_A(real)=0.73 D_A(fake)=0.27 gnG=48.16 gnD=16.36 it_per_s=10.61
2026-10-02 01:50:16,486 INFO iter=19200 epoch=3 lr=2.00e-04 G=6.422 advA2B=0.547 advB2A=0.516 cycA=0.177 cycB=0.189 idtA=0.173 idtB=0.168 D_A=0.159 D_B=0.160 D_A(real)=0.73 D_A(fake)=0.27 gnG=48.28 gnD=16.35 it_per_s=10.61
2026-10-02 01:50:25,885 INFO iter=19300 epoch=3 lr=2.00e-04 G=6.421 advA2B=0.547 advB2A=0.516 cycA=0.177 cycB=0.189 idtA=0.173 idtB=0.168 D_A=0.160 D_B=0.160 D_A(real)=0.73 D_A(fake)=0.27 gnG=48.29 gnD=16.35 it_per_s=10.61
2026-10-02 01:50:35,276 INFO iter=19400 epoch=3 lr=2.00e-04 G=6.416 advA2B=0.548 advB2A=0.516 cycA=0.176 cycB=0.189 idtA=0.173 idtB=0.167 D_A=0.159 D_B=0.160 D_A(real)=0.73 D_A(fake)=0.27 gnG=48.08 gnD=16.34 it_per_s=10.61
2026-10-02 01:50:44,716 INFO iter=19500 epoch=3 lr=2.00e-04 G=6.410 advA2B=0.548 advB2A=0.516 cycA=0.176 cycB=0.188 idtA=0.173 idtB=0.167 D_A=0.159 D_B=0.160 D_A(real)=0.73 D_A(fake)=0.27 gnG=47.96 gnD=16.33 it_per_s=10.61
2026-10-02 01:50:54,173 INFO iter=19600 epoch=3 lr=2.00e-04 G=6.406 advA2B=0.546 advB2A=0.516 cycA=0.176 cycB=0.188 idtA=0.173 idtB=0.167 D_A=0.159 D_B=0.162 D_A(real)=0.73 D_A(fake)=0.27 gnG=47.95 gnD=16.33 it_per_s=10.61
2026-10-02 01:51:03,557 INFO iter=19700 epoch=3 lr=2.00e-04 G=6.400 advA2B=0.545 advB2A=0.516 cycA=0.176 cycB=0.188 idtA=0.173 idtB=0.167 D_A=0.158 D_B=0.162 D_A(real)=0.73 D_A(fake)=0.27 gnG=48.01 gnD=16.27 it_per_s=10.61
2026-10-02 01:51:12,965 INFO iter=19800 epoch=3 lr=2.00e-04 G=6.400 advA2B=0.544 advB2A=0.518 cycA=0.176 cycB=0.188 idtA=0.173 idtB=0.167 D_A=0.158 D_B=0.162 D_A(real)=0.73 D_A(fake)=0.27 gnG=48.14 gnD=16.23 it_per_s=10.61
2026-10-02 01:51:22,374 INFO iter=19900 epoch=3 lr=2.00e-04 G=6.393 advA2B=0.542 advB2A=0.517 cycA=0.176 cycB=0.188 idtA=0.173 idtB=0.167 D_A=0.158 D_B=0.163 D_A(real)=0.73 D_A(fake)=0.27 gnG=48.22 gnD=16.18 it_per_s=10.61
2026-10-02 01:51:31,780 INFO iter=20000 epoch=3 lr=2.00e-04 G=6.386 advA2B=0.540 advB2A=0.518 cycA=0.176 cycB=0.188 idtA=0.173 idtB=0.166 D_A=0.158 D_B=0.164 D_A(real)=0.73 D_A(fake)=0.27 gnG=48.41 gnD=16.15 it_per_s=10.61
2026-10-02 01:51:41,159 INFO iter=20100 epoch=3 lr=2.00e-04 G=6.384 advA2B=0.539 advB2A=0.518 cycA=0.176 cycB=0.187 idtA=0.173 idtB=0.166 D_A=0.158 D_B=0.164 D_A(real)=0.73 D_A(fake)=0.27 gnG=48.38 gnD=16.13 it_per_s=10.61
2026-10-02 01:51:50,534 INFO iter=20200 epoch=3 lr=2.00e-04 G=6.381 advA2B=0.540 advB2A=0.519 cycA=0.175 cycB=0.187 idtA=0.172 idtB=0.166 D_A=0.158 D_B=0.164 D_A(real)=0.73 D_A(fake)=0.27 gnG=48.45 gnD=16.10 it_per_s=10.61
2026-10-02 01:51:59,893 INFO iter=20300 epoch=3 lr=2.00e-04 G=6.379 advA2B=0.539 advB2A=0.518 cycA=0.175 cycB=0.188 idtA=0.172 idtB=0.166 D_A=0.158 D_B=0.164 D_A(real)=0.73 D_A(fake)=0.27 gnG=48.52 gnD=16.08 it_per_s=10.62
2026-10-02 01:52:09,284 INFO iter=20400 epoch=3 lr=2.00e-04 G=6.372 advA2B=0.538 advB2A=0.518 cycA=0.175 cycB=0.187 idtA=0.172 idtB=0.166 D_A=0.158 D_B=0.164 D_A(real)=0.73 D_A(fake)=0.27 gnG=48.51 gnD=16.05 it_per_s=10.62
2026-10-02 01:52:18,698 INFO iter=20500 epoch=3 lr=2.00e-04 G=6.372 advA2B=0.538 advB2A=0.519 cycA=0.175 cycB=0.187 idtA=0.172 idtB=0.166 D_A=0.158 D_B=0.164 D_A(real)=0.73 D_A(fake)=0.27 gnG=48.56 gnD=16.04 it_per_s=10.62
2026-10-02 01:52:28,113 INFO iter=20600 epoch=3 lr=2.00e-04 G=6.372 advA2B=0.538 advB2A=0.519 cycA=0.175 cycB=0.187 idtA=0.172 idtB=0.166 D_A=0.158 D_B=0.164 D_A(real)=0.73 D_A(fake)=0.27 gnG=48.64 gnD=16.05 it_per_s=10.62
2026-10-02 01:52:37,539 INFO iter=20700 epoch=3 lr=2.00e-04 G=6.373 advA2B=0.537 advB2A=0.520 cycA=0.175 cycB=0.188 idtA=0.172 idtB=0.166 D_A=0.157 D_B=0.164 D_A(real)=0.73 D_A(fake)=0.27 gnG=48.80 gnD=16.01 it_per_s=10.62
2026-10-02 01:52:46,827 INFO iter=20800 epoch=3 lr=2.00e-04 G=6.378 advA2B=0.538 advB2A=0.521 cycA=0.175 cycB=0.188 idtA=0.172 idtB=0.166 D_A=0.156 D_B=0.164 D_A(real)=0.73 D_A(fake)=0.27 gnG=48.88 gnD=16.01 it_per_s=10.62
2026-10-02 01:52:56,258 INFO iter=20900 epoch=3 lr=2.00e-04 G=6.378 advA2B=0.539 advB2A=0.521 cycA=0.175 cycB=0.188 idtA=0.172 idtB=0.166 D_A=0.156 D_B=0.164 D_A(real)=0.73 D_A(fake)=0.27 gnG=48.91 gnD=16.00 it_per_s=10.62
2026-10-02 01:53:05,662 INFO iter=21000 epoch=3 lr=2.00e-04 G=6.386 advA2B=0.541 advB2A=0.523 cycA=0.175 cycB=0.188 idtA=0.172 idtB=0.166 D_A=0.156 D_B=0.163 D_A(real)=0.73 D_A(fake)=0.27 gnG=49.08 gnD=15.97 it_per_s=10.62
2026-10-02 01:53:15,071 INFO iter=21100 epoch=3 lr=2.00e-04 G=6.394 advA2B=0.541 advB2A=0.524 cycA=0.176 cycB=0.188 idtA=0.173 idtB=0.166 D_A=0.155 D_B=0.163 D_A(real)=0.73 D_A(fake)=0.27 gnG=49.01 gnD=15.94 it_per_s=10.62
2026-10-02 01:53:16,313 INFO epoch=3 done time_s=663 it_per_s=10.62 G=6.394 cycA=0.176 cycB=0.188 idtA=0.173 idtB=0.166 D_A=0.155 D_B=0.163 D_A(real)=0.73 D_A(fake)=0.27 nan_count=0
2026-10-02 01:53:24,990 INFO iter=21200 epoch=4 lr=2.00e-04 G=7.139 advA2B=0.591 advB2A=0.602 cycA=0.191 cycB=0.220 idtA=0.186 idtB=0.182 D_A=0.114 D_B=0.144 D_A(real)=0.79 D_A(fake)=0.21 gnG=46.58 gnD=12.95 it_per_s=10.50
2026-10-02 01:53:34,445 INFO iter=21300 epoch=4 lr=2.00e-04 G=6.969 advA2B=0.606 advB2A=0.596 cycA=0.184 cycB=0.214 idtA=0.178 idtB=0.180 D_A=0.123 D_B=0.135 D_A(real)=0.79 D_A(fake)=0.21 gnG=55.37 gnD=12.72 it_per_s=10.54
2026-10-02 01:53:43,878 INFO iter=21400 epoch=4 lr=2.00e-04 G=6.778 advA2B=0.587 advB2A=0.579 cycA=0.180 cycB=0.206 idtA=0.175 idtB=0.174 D_A=0.136 D_B=0.141 D_A(real)=0.77 D_A(fake)=0.23 gnG=53.67 gnD=13.24 it_per_s=10.56
2026-10-02 01:53:53,265 INFO iter=21500 epoch=4 lr=2.00e-04 G=6.753 advA2B=0.590 advB2A=0.570 cycA=0.181 cycB=0.204 idtA=0.176 idtB=0.173 D_A=0.135 D_B=0.137 D_A(real)=0.77 D_A(fake)=0.23 gnG=53.35 gnD=13.12 it_per_s=10.59
2026-10-02 01:54:02,666 INFO iter=21600 epoch=4 lr=2.00e-04 G=6.694 advA2B=0.579 advB2A=0.571 cycA=0.180 cycB=0.201 idtA=0.175 idtB=0.171 D_A=0.136 D_B=0.137 D_A(real)=0.77 D_A(fake)=0.23 gnG=53.69 gnD=13.14 it_per_s=10.60
2026-10-02 01:54:12,078 INFO iter=21700 epoch=4 lr=2.00e-04 G=6.623 advA2B=0.569 advB2A=0.570 cycA=0.178 cycB=0.199 idtA=0.173 idtB=0.170 D_A=0.137 D_B=0.146 D_A(real)=0.77 D_A(fake)=0.23 gnG=51.41 gnD=13.45 it_per_s=10.60
2026-10-02 01:54:21,460 INFO iter=21800 epoch=4 lr=2.00e-04 G=6.523 advA2B=0.564 advB2A=0.560 cycA=0.175 cycB=0.195 idtA=0.171 idtB=0.169 D_A=0.138 D_B=0.146 D_A(real)=0.76 D_A(fake)=0.24 gnG=49.17 gnD=13.58 it_per_s=10.61
2026-10-02 01:54:30,856 INFO iter=21900 epoch=4 lr=2.00e-04 G=6.466 advA2B=0.559 advB2A=0.554 cycA=0.175 cycB=0.192 idtA=0.170 idtB=0.167 D_A=0.137 D_B=0.148 D_A(real)=0.76 D_A(fake)=0.24 gnG=48.25 gnD=13.65 it_per_s=10.61
2026-10-02 01:54:40,306 INFO iter=22000 epoch=4 lr=2.00e-04 G=6.422 advA2B=0.557 advB2A=0.550 cycA=0.173 cycB=0.191 idtA=0.169 idtB=0.166 D_A=0.141 D_B=0.151 D_A(real)=0.76 D_A(fake)=0.24 gnG=49.42 gnD=13.83 it_per_s=10.61
2026-10-02 01:54:49,795 INFO iter=22100 epoch=4 lr=2.00e-04 G=6.442 advA2B=0.557 advB2A=0.550 cycA=0.174 cycB=0.192 idtA=0.170 idtB=0.166 D_A=0.141 D_B=0.150 D_A(real)=0.76 D_A(fake)=0.24 gnG=50.22 gnD=13.92 it_per_s=10.60
2026-10-02 01:54:59,242 INFO iter=22200 epoch=4 lr=2.00e-04 G=6.415 advA2B=0.555 advB2A=0.544 cycA=0.174 cycB=0.191 idtA=0.169 idtB=0.165 D_A=0.142 D_B=0.152 D_A(real)=0.75 D_A(fake)=0.25 gnG=50.57 gnD=13.97 it_per_s=10.60
2026-10-02 01:55:08,671 INFO iter=22300 epoch=4 lr=2.00e-04 G=6.401 advA2B=0.555 advB2A=0.541 cycA=0.173 cycB=0.190 idtA=0.170 idtB=0.165 D_A=0.143 D_B=0.153 D_A(real)=0.75 D_A(fake)=0.25 gnG=50.72 gnD=14.12 it_per_s=10.60
2026-10-02 01:55:18,070 INFO iter=22400 epoch=4 lr=2.00e-04 G=6.388 advA2B=0.557 advB2A=0.540 cycA=0.173 cycB=0.190 idtA=0.169 idtB=0.165 D_A=0.143 D_B=0.152 D_A(real)=0.75 D_A(fake)=0.25 gnG=51.11 gnD=14.20 it_per_s=10.60
2026-10-02 01:55:27,463 INFO iter=22500 epoch=4 lr=2.00e-04 G=6.358 advA2B=0.554 advB2A=0.539 cycA=0.172 cycB=0.188 idtA=0.169 idtB=0.164 D_A=0.143 D_B=0.153 D_A(real)=0.75 D_A(fake)=0.25 gnG=50.83 gnD=14.31 it_per_s=10.61
2026-10-02 01:55:36,897 INFO iter=22600 epoch=4 lr=2.00e-04 G=6.328 advA2B=0.550 advB2A=0.538 cycA=0.171 cycB=0.187 idtA=0.168 idtB=0.164 D_A=0.143 D_B=0.155 D_A(real)=0.75 D_A(fake)=0.25 gnG=51.40 gnD=14.33 it_per_s=10.61
2026-10-02 01:55:46,277 INFO iter=22700 epoch=4 lr=2.00e-04 G=6.306 advA2B=0.550 advB2A=0.536 cycA=0.171 cycB=0.186 idtA=0.168 idtB=0.163 D_A=0.144 D_B=0.155 D_A(real)=0.75 D_A(fake)=0.25 gnG=51.00 gnD=14.42 it_per_s=10.61
2026-10-02 01:55:55,712 INFO iter=22800 epoch=4 lr=2.00e-04 G=6.283 advA2B=0.550 advB2A=0.534 cycA=0.170 cycB=0.185 idtA=0.168 idtB=0.162 D_A=0.144 D_B=0.155 D_A(real)=0.75 D_A(fake)=0.25 gnG=50.85 gnD=14.46 it_per_s=10.61
2026-10-02 01:56:05,144 INFO iter=22900 epoch=4 lr=2.00e-04 G=6.271 advA2B=0.548 advB2A=0.531 cycA=0.170 cycB=0.185 idtA=0.168 idtB=0.162 D_A=0.145 D_B=0.156 D_A(real)=0.75 D_A(fake)=0.25 gnG=50.53 gnD=14.49 it_per_s=10.61
2026-10-02 01:56:14,521 INFO iter=23000 epoch=4 lr=2.00e-04 G=6.260 advA2B=0.546 advB2A=0.532 cycA=0.170 cycB=0.184 idtA=0.168 idtB=0.161 D_A=0.145 D_B=0.156 D_A(real)=0.75 D_A(fake)=0.25 gnG=50.50 gnD=14.49 it_per_s=10.61
2026-10-02 01:56:23,962 INFO iter=23100 epoch=4 lr=2.00e-04 G=6.244 advA2B=0.549 advB2A=0.534 cycA=0.169 cycB=0.183 idtA=0.167 idtB=0.161 D_A=0.145 D_B=0.155 D_A(real)=0.75 D_A(fake)=0.25 gnG=50.25 gnD=14.53 it_per_s=10.61
2026-10-02 01:56:33,495 INFO iter=23200 epoch=4 lr=2.00e-04 G=6.245 advA2B=0.553 advB2A=0.535 cycA=0.169 cycB=0.183 idtA=0.167 idtB=0.161 D_A=0.145 D_B=0.155 D_A(real)=0.75 D_A(fake)=0.25 gnG=50.45 gnD=14.56 it_per_s=10.61
2026-10-02 01:56:42,930 INFO iter=23300 epoch=4 lr=2.00e-04 G=6.238 advA2B=0.552 advB2A=0.535 cycA=0.169 cycB=0.183 idtA=0.167 idtB=0.161 D_A=0.144 D_B=0.155 D_A(real)=0.75 D_A(fake)=0.25 gnG=50.20 gnD=14.61 it_per_s=10.60
2026-10-02 01:56:52,306 INFO iter=23400 epoch=4 lr=2.00e-04 G=6.230 advA2B=0.554 advB2A=0.535 cycA=0.168 cycB=0.182 idtA=0.167 idtB=0.160 D_A=0.145 D_B=0.154 D_A(real)=0.75 D_A(fake)=0.25 gnG=50.65 gnD=14.63 it_per_s=10.61
2026-10-02 01:57:01,691 INFO iter=23500 epoch=4 lr=2.00e-04 G=6.223 advA2B=0.553 advB2A=0.535 cycA=0.168 cycB=0.182 idtA=0.166 idtB=0.161 D_A=0.144 D_B=0.155 D_A(real)=0.75 D_A(fake)=0.25 gnG=51.07 gnD=14.65 it_per_s=10.61
2026-10-02 01:57:11,083 INFO iter=23600 epoch=4 lr=2.00e-04 G=6.225 advA2B=0.553 advB2A=0.539 cycA=0.168 cycB=0.182 idtA=0.166 idtB=0.160 D_A=0.144 D_B=0.155 D_A(real)=0.75 D_A(fake)=0.25 gnG=51.84 gnD=14.65 it_per_s=10.61
2026-10-02 01:57:20,479 INFO iter=23700 epoch=4 lr=2.00e-04 G=6.214 advA2B=0.551 advB2A=0.540 cycA=0.167 cycB=0.182 idtA=0.166 idtB=0.160 D_A=0.143 D_B=0.155 D_A(real)=0.75 D_A(fake)=0.25 gnG=52.28 gnD=14.62 it_per_s=10.61
2026-10-02 01:57:29,847 INFO iter=23800 epoch=4 lr=2.00e-04 G=6.214 advA2B=0.550 advB2A=0.540 cycA=0.168 cycB=0.182 idtA=0.166 idtB=0.160 D_A=0.143 D_B=0.156 D_A(real)=0.75 D_A(fake)=0.25 gnG=52.13 gnD=14.66 it_per_s=10.61
2026-10-02 01:57:39,227 INFO iter=23900 epoch=4 lr=2.00e-04 G=6.208 advA2B=0.551 advB2A=0.540 cycA=0.167 cycB=0.182 idtA=0.165 idtB=0.160 D_A=0.143 D_B=0.156 D_A(real)=0.75 D_A(fake)=0.25 gnG=51.98 gnD=14.71 it_per_s=10.62
2026-10-02 01:57:48,668 INFO iter=24000 epoch=4 lr=2.00e-04 G=6.197 advA2B=0.551 advB2A=0.539 cycA=0.167 cycB=0.181 idtA=0.165 idtB=0.160 D_A=0.143 D_B=0.156 D_A(real)=0.75 D_A(fake)=0.25 gnG=52.33 gnD=14.75 it_per_s=10.62
2026-10-02 01:57:58,162 INFO iter=24100 epoch=4 lr=2.00e-04 G=6.191 advA2B=0.551 advB2A=0.539 cycA=0.167 cycB=0.181 idtA=0.165 idtB=0.159 D_A=0.143 D_B=0.156 D_A(real)=0.75 D_A(fake)=0.25 gnG=52.84 gnD=14.78 it_per_s=10.61
2026-10-02 01:58:07,505 INFO iter=24200 epoch=4 lr=2.00e-04 G=6.192 advA2B=0.552 advB2A=0.542 cycA=0.167 cycB=0.181 idtA=0.165 idtB=0.159 D_A=0.143 D_B=0.155 D_A(real)=0.75 D_A(fake)=0.25 gnG=52.52 gnD=14.80 it_per_s=10.62
2026-10-02 01:58:16,886 INFO iter=24300 epoch=4 lr=2.00e-04 G=6.189 advA2B=0.552 advB2A=0.541 cycA=0.167 cycB=0.181 idtA=0.165 idtB=0.159 D_A=0.143 D_B=0.156 D_A(real)=0.75 D_A(fake)=0.25 gnG=52.38 gnD=14.87 it_per_s=10.62
2026-10-02 01:58:26,324 INFO iter=24400 epoch=4 lr=2.00e-04 G=6.186 advA2B=0.550 advB2A=0.540 cycA=0.167 cycB=0.180 idtA=0.165 idtB=0.159 D_A=0.143 D_B=0.156 D_A(real)=0.75 D_A(fake)=0.25 gnG=52.28 gnD=14.87 it_per_s=10.62
2026-10-02 01:58:35,807 INFO iter=24500 epoch=4 lr=2.00e-04 G=6.182 advA2B=0.551 advB2A=0.541 cycA=0.167 cycB=0.180 idtA=0.165 idtB=0.159 D_A=0.143 D_B=0.156 D_A(real)=0.75 D_A(fake)=0.25 gnG=52.14 gnD=14.89 it_per_s=10.61
2026-10-02 01:58:45,149 INFO iter=24600 epoch=4 lr=2.00e-04 G=6.194 advA2B=0.552 advB2A=0.541 cycA=0.167 cycB=0.181 idtA=0.165 idtB=0.159 D_A=0.142 D_B=0.156 D_A(real)=0.75 D_A(fake)=0.25 gnG=52.27 gnD=14.89 it_per_s=10.62
2026-10-02 01:58:54,537 INFO iter=24700 epoch=4 lr=2.00e-04 G=6.198 advA2B=0.554 advB2A=0.542 cycA=0.167 cycB=0.181 idtA=0.165 idtB=0.159 D_A=0.142 D_B=0.155 D_A(real)=0.75 D_A(fake)=0.25 gnG=52.43 gnD=14.90 it_per_s=10.62
2026-10-02 01:59:03,959 INFO iter=24800 epoch=4 lr=2.00e-04 G=6.200 advA2B=0.554 advB2A=0.543 cycA=0.167 cycB=0.181 idtA=0.165 idtB=0.159 D_A=0.142 D_B=0.155 D_A(real)=0.75 D_A(fake)=0.25 gnG=52.60 gnD=14.92 it_per_s=10.62
2026-10-02 01:59:13,385 INFO iter=24900 epoch=4 lr=2.00e-04 G=6.200 advA2B=0.553 advB2A=0.542 cycA=0.168 cycB=0.181 idtA=0.165 idtB=0.159 D_A=0.142 D_B=0.155 D_A(real)=0.75 D_A(fake)=0.25 gnG=52.79 gnD=14.95 it_per_s=10.62
2026-10-02 01:59:22,828 INFO iter=25000 epoch=4 lr=2.00e-04 G=6.204 advA2B=0.553 advB2A=0.542 cycA=0.168 cycB=0.181 idtA=0.166 idtB=0.159 D_A=0.142 D_B=0.155 D_A(real)=0.75 D_A(fake)=0.25 gnG=52.88 gnD=14.95 it_per_s=10.62
2026-10-02 01:59:32,235 INFO iter=25100 epoch=4 lr=2.00e-04 G=6.204 advA2B=0.554 advB2A=0.540 cycA=0.168 cycB=0.181 idtA=0.166 idtB=0.159 D_A=0.142 D_B=0.155 D_A(real)=0.75 D_A(fake)=0.25 gnG=52.80 gnD=14.97 it_per_s=10.62
2026-10-02 01:59:41,621 INFO iter=25200 epoch=4 lr=2.00e-04 G=6.205 advA2B=0.554 advB2A=0.541 cycA=0.168 cycB=0.181 idtA=0.165 idtB=0.159 D_A=0.142 D_B=0.155 D_A(real)=0.75 D_A(fake)=0.25 gnG=52.64 gnD=15.02 it_per_s=10.62
2026-10-02 01:59:50,780 INFO iter=25300 epoch=4 lr=2.00e-04 G=6.199 advA2B=0.554 advB2A=0.540 cycA=0.168 cycB=0.181 idtA=0.165 idtB=0.159 D_A=0.143 D_B=0.155 D_A(real)=0.75 D_A(fake)=0.25 gnG=52.50 gnD=15.03 it_per_s=10.62
2026-10-02 02:00:00,161 INFO iter=25400 epoch=4 lr=2.00e-04 G=6.195 advA2B=0.554 advB2A=0.540 cycA=0.167 cycB=0.181 idtA=0.165 idtB=0.159 D_A=0.142 D_B=0.155 D_A(real)=0.75 D_A(fake)=0.25 gnG=52.39 gnD=15.04 it_per_s=10.63
2026-10-02 02:00:09,601 INFO iter=25500 epoch=4 lr=2.00e-04 G=6.200 advA2B=0.554 advB2A=0.542 cycA=0.167 cycB=0.181 idtA=0.165 idtB=0.159 D_A=0.142 D_B=0.155 D_A(real)=0.75 D_A(fake)=0.25 gnG=52.53 gnD=15.10 it_per_s=10.62
2026-10-02 02:00:18,879 INFO iter=25600 epoch=4 lr=2.00e-04 G=6.194 advA2B=0.554 advB2A=0.542 cycA=0.167 cycB=0.181 idtA=0.165 idtB=0.159 D_A=0.143 D_B=0.156 D_A(real)=0.75 D_A(fake)=0.25 gnG=52.55 gnD=15.10 it_per_s=10.63
2026-10-02 02:00:28,272 INFO iter=25700 epoch=4 lr=2.00e-04 G=6.196 advA2B=0.555 advB2A=0.541 cycA=0.167 cycB=0.181 idtA=0.165 idtB=0.159 D_A=0.143 D_B=0.155 D_A(real)=0.75 D_A(fake)=0.25 gnG=52.48 gnD=15.11 it_per_s=10.63
2026-10-02 02:00:37,659 INFO iter=25800 epoch=4 lr=2.00e-04 G=6.191 advA2B=0.554 advB2A=0.542 cycA=0.167 cycB=0.181 idtA=0.165 idtB=0.159 D_A=0.143 D_B=0.155 D_A(real)=0.75 D_A(fake)=0.25 gnG=52.20 gnD=15.14 it_per_s=10.63
2026-10-02 02:00:46,760 INFO iter=25900 epoch=4 lr=2.00e-04 G=6.189 advA2B=0.556 advB2A=0.541 cycA=0.167 cycB=0.181 idtA=0.165 idtB=0.159 D_A=0.143 D_B=0.154 D_A(real)=0.75 D_A(fake)=0.25 gnG=52.01 gnD=15.16 it_per_s=10.64
2026-10-02 02:00:56,002 INFO iter=26000 epoch=4 lr=2.00e-04 G=6.182 advA2B=0.556 advB2A=0.541 cycA=0.167 cycB=0.181 idtA=0.165 idtB=0.158 D_A=0.142 D_B=0.154 D_A(real)=0.75 D_A(fake)=0.25 gnG=51.90 gnD=15.14 it_per_s=10.64
2026-10-02 02:01:05,365 INFO iter=26100 epoch=4 lr=2.00e-04 G=6.179 advA2B=0.556 advB2A=0.540 cycA=0.166 cycB=0.181 idtA=0.164 idtB=0.158 D_A=0.142 D_B=0.154 D_A(real)=0.75 D_A(fake)=0.25 gnG=51.64 gnD=15.17 it_per_s=10.64
2026-10-02 02:01:14,639 INFO iter=26200 epoch=4 lr=2.00e-04 G=6.179 advA2B=0.556 advB2A=0.539 cycA=0.166 cycB=0.181 idtA=0.164 idtB=0.158 D_A=0.142 D_B=0.155 D_A(real)=0.75 D_A(fake)=0.25 gnG=51.37 gnD=15.18 it_per_s=10.64
2026-10-02 02:01:23,808 INFO iter=26300 epoch=4 lr=2.00e-04 G=6.169 advA2B=0.554 advB2A=0.536 cycA=0.166 cycB=0.180 idtA=0.164 idtB=0.158 D_A=0.143 D_B=0.155 D_A(real)=0.75 D_A(fake)=0.25 gnG=51.11 gnD=15.20 it_per_s=10.65
2026-10-02 02:01:33,207 INFO iter=26400 epoch=4 lr=2.00e-04 G=6.166 advA2B=0.555 advB2A=0.536 cycA=0.166 cycB=0.180 idtA=0.164 idtB=0.158 D_A=0.144 D_B=0.155 D_A(real)=0.75 D_A(fake)=0.25 gnG=50.92 gnD=15.19 it_per_s=10.65
2026-10-02 02:01:42,526 INFO iter=26500 epoch=4 lr=2.00e-04 G=6.162 advA2B=0.556 advB2A=0.536 cycA=0.166 cycB=0.180 idtA=0.164 idtB=0.158 D_A=0.144 D_B=0.154 D_A(real)=0.75 D_A(fake)=0.25 gnG=50.73 gnD=15.19 it_per_s=10.65
2026-10-02 02:01:51,562 INFO iter=26600 epoch=4 lr=2.00e-04 G=6.160 advA2B=0.555 advB2A=0.536 cycA=0.166 cycB=0.180 idtA=0.164 idtB=0.158 D_A=0.144 D_B=0.155 D_A(real)=0.75 D_A(fake)=0.25 gnG=50.49 gnD=15.23 it_per_s=10.66
2026-10-02 02:02:00,977 INFO iter=26700 epoch=4 lr=2.00e-04 G=6.164 advA2B=0.557 advB2A=0.535 cycA=0.166 cycB=0.180 idtA=0.164 idtB=0.158 D_A=0.144 D_B=0.154 D_A(real)=0.75 D_A(fake)=0.25 gnG=50.32 gnD=15.21 it_per_s=10.66
2026-10-02 02:02:10,371 INFO iter=26800 epoch=4 lr=2.00e-04 G=6.164 advA2B=0.558 advB2A=0.535 cycA=0.166 cycB=0.180 idtA=0.164 idtB=0.158 D_A=0.144 D_B=0.154 D_A(real)=0.75 D_A(fake)=0.25 gnG=50.09 gnD=15.20 it_per_s=10.66
2026-10-02 02:02:19,407 INFO iter=26900 epoch=4 lr=2.00e-04 G=6.155 advA2B=0.557 advB2A=0.534 cycA=0.165 cycB=0.180 idtA=0.164 idtB=0.158 D_A=0.144 D_B=0.154 D_A(real)=0.75 D_A(fake)=0.25 gnG=49.88 gnD=15.19 it_per_s=10.66
2026-10-02 02:02:28,731 INFO iter=27000 epoch=4 lr=2.00e-04 G=6.151 advA2B=0.557 advB2A=0.534 cycA=0.165 cycB=0.180 idtA=0.164 idtB=0.158 D_A=0.145 D_B=0.154 D_A(real)=0.74 D_A(fake)=0.25 gnG=49.69 gnD=15.19 it_per_s=10.66
2026-10-02 02:02:38,138 INFO iter=27100 epoch=4 lr=2.00e-04 G=6.146 advA2B=0.556 advB2A=0.533 cycA=0.165 cycB=0.180 idtA=0.164 idtB=0.158 D_A=0.144 D_B=0.154 D_A(real)=0.74 D_A(fake)=0.25 gnG=49.46 gnD=15.20 it_per_s=10.66
2026-10-02 02:02:47,305 INFO iter=27200 epoch=4 lr=2.00e-04 G=6.150 advA2B=0.557 advB2A=0.533 cycA=0.165 cycB=0.180 idtA=0.164 idtB=0.158 D_A=0.145 D_B=0.154 D_A(real)=0.74 D_A(fake)=0.26 gnG=49.31 gnD=15.22 it_per_s=10.67
2026-10-02 02:02:56,577 INFO iter=27300 epoch=4 lr=2.00e-04 G=6.155 advA2B=0.558 advB2A=0.533 cycA=0.165 cycB=0.180 idtA=0.164 idtB=0.158 D_A=0.145 D_B=0.154 D_A(real)=0.74 D_A(fake)=0.26 gnG=49.19 gnD=15.25 it_per_s=10.67
2026-10-02 02:03:05,982 INFO iter=27400 epoch=4 lr=2.00e-04 G=6.157 advA2B=0.559 advB2A=0.532 cycA=0.165 cycB=0.180 idtA=0.163 idtB=0.158 D_A=0.145 D_B=0.154 D_A(real)=0.74 D_A(fake)=0.26 gnG=49.03 gnD=15.26 it_per_s=10.67
2026-10-02 02:03:15,314 INFO iter=27500 epoch=4 lr=2.00e-04 G=6.156 advA2B=0.560 advB2A=0.532 cycA=0.165 cycB=0.180 idtA=0.163 idtB=0.158 D_A=0.145 D_B=0.154 D_A(real)=0.74 D_A(fake)=0.26 gnG=48.85 gnD=15.28 it_per_s=10.67
2026-10-02 02:03:24,425 INFO iter=27600 epoch=4 lr=2.00e-04 G=6.160 advA2B=0.559 advB2A=0.533 cycA=0.166 cycB=0.180 idtA=0.164 idtB=0.158 D_A=0.145 D_B=0.154 D_A(real)=0.74 D_A(fake)=0.26 gnG=48.83 gnD=15.30 it_per_s=10.67
2026-10-02 02:03:33,826 INFO iter=27700 epoch=4 lr=2.00e-04 G=6.159 advA2B=0.560 advB2A=0.536 cycA=0.165 cycB=0.180 idtA=0.163 idtB=0.158 D_A=0.144 D_B=0.154 D_A(real)=0.75 D_A(fake)=0.25 gnG=48.65 gnD=15.31 it_per_s=10.67
2026-10-02 02:03:43,210 INFO iter=27800 epoch=4 lr=2.00e-04 G=6.170 advA2B=0.560 advB2A=0.537 cycA=0.166 cycB=0.180 idtA=0.164 idtB=0.159 D_A=0.143 D_B=0.154 D_A(real)=0.75 D_A(fake)=0.25 gnG=48.60 gnD=15.31 it_per_s=10.67
2026-10-02 02:03:52,194 INFO iter=27900 epoch=4 lr=2.00e-04 G=6.169 advA2B=0.560 advB2A=0.538 cycA=0.166 cycB=0.180 idtA=0.164 idtB=0.159 D_A=0.143 D_B=0.153 D_A(real)=0.75 D_A(fake)=0.25 gnG=48.46 gnD=15.33 it_per_s=10.68
2026-10-02 02:04:01,582 INFO iter=28000 epoch=4 lr=2.00e-04 G=6.167 advA2B=0.560 advB2A=0.538 cycA=0.166 cycB=0.180 idtA=0.163 idtB=0.159 D_A=0.143 D_B=0.153 D_A(real)=0.75 D_A(fake)=0.25 gnG=48.52 gnD=15.33 it_per_s=10.68
2026-10-02 02:04:11,025 INFO iter=28100 epoch=4 lr=2.00e-04 G=6.163 advA2B=0.561 advB2A=0.537 cycA=0.166 cycB=0.180 idtA=0.163 idtB=0.159 D_A=0.143 D_B=0.153 D_A(real)=0.75 D_A(fake)=0.25 gnG=48.47 gnD=15.33 it_per_s=10.68
2026-10-02 02:04:15,799 INFO epoch=4 done time_s=659 it_per_s=10.68 G=6.161 cycA=0.165 cycB=0.180 idtA=0.163 idtB=0.159 D_A=0.143 D_B=0.153 D_A(real)=0.75 D_A(fake)=0.25 nan_count=0
2026-10-02 02:04:20,749 INFO iter=28200 epoch=5 lr=2.00e-04 G=6.395 advA2B=0.576 advB2A=0.587 cycA=0.166 cycB=0.189 idtA=0.167 idtB=0.169 D_A=0.146 D_B=0.120 D_A(real)=0.75 D_A(fake)=0.25 gnG=54.71 gnD=17.53 it_per_s=10.71
2026-10-02 02:04:30,121 INFO iter=28300 epoch=5 lr=2.00e-04 G=6.110 advA2B=0.560 advB2A=0.555 cycA=0.161 cycB=0.179 idtA=0.157 idtB=0.162 D_A=0.155 D_B=0.145 D_A(real)=0.73 D_A(fake)=0.27 gnG=48.52 gnD=16.56 it_per_s=10.68
2026-10-02 02:04:39,564 INFO iter=28400 epoch=5 lr=2.00e-04 G=6.068 advA2B=0.561 advB2A=0.563 cycA=0.159 cycB=0.177 idtA=0.156 idtB=0.160 D_A=0.149 D_B=0.148 D_A(real)=0.73 D_A(fake)=0.26 gnG=47.12 gnD=16.72 it_per_s=10.65
2026-10-02 02:04:48,908 INFO iter=28500 epoch=5 lr=2.00e-04 G=6.053 advA2B=0.533 advB2A=0.553 cycA=0.158 cycB=0.180 idtA=0.157 idtB=0.160 D_A=0.148 D_B=0.165 D_A(real)=0.74 D_A(fake)=0.26 gnG=47.55 gnD=15.95 it_per_s=10.66
2026-10-02 02:04:58,322 INFO iter=28600 epoch=5 lr=2.00e-04 G=6.089 advA2B=0.532 advB2A=0.558 cycA=0.162 cycB=0.179 idtA=0.160 idtB=0.159 D_A=0.147 D_B=0.160 D_A(real)=0.74 D_A(fake)=0.26 gnG=46.73 gnD=15.50 it_per_s=10.65
2026-10-02 02:05:07,738 INFO iter=28700 epoch=5 lr=2.00e-04 G=6.097 advA2B=0.537 advB2A=0.555 cycA=0.163 cycB=0.178 idtA=0.161 idtB=0.159 D_A=0.143 D_B=0.159 D_A(real)=0.74 D_A(fake)=0.26 gnG=46.61 gnD=15.32 it_per_s=10.65
2026-10-02 02:05:17,121 INFO iter=28800 epoch=5 lr=2.00e-04 G=6.091 advA2B=0.546 advB2A=0.553 cycA=0.163 cycB=0.177 idtA=0.162 idtB=0.156 D_A=0.142 D_B=0.154 D_A(real)=0.74 D_A(fake)=0.26 gnG=45.97 gnD=15.38 it_per_s=10.65
2026-10-02 02:05:26,599 INFO iter=28900 epoch=5 lr=2.00e-04 G=6.064 advA2B=0.550 advB2A=0.561 cycA=0.162 cycB=0.175 idtA=0.162 idtB=0.155 D_A=0.142 D_B=0.153 D_A(real)=0.75 D_A(fake)=0.25 gnG=45.59 gnD=15.37 it_per_s=10.64
2026-10-02 02:05:36,014 INFO iter=29000 epoch=5 lr=2.00e-04 G=6.041 advA2B=0.545 advB2A=0.554 cycA=0.162 cycB=0.175 idtA=0.162 idtB=0.154 D_A=0.142 D_B=0.154 D_A(real)=0.75 D_A(fake)=0.25 gnG=45.41 gnD=15.50 it_per_s=10.63
2026-10-02 02:05:45,404 INFO iter=29100 epoch=5 lr=2.00e-04 G=6.040 advA2B=0.548 advB2A=0.557 cycA=0.161 cycB=0.175 idtA=0.162 idtB=0.154 D_A=0.142 D_B=0.154 D_A(real)=0.75 D_A(fake)=0.25 gnG=45.91 gnD=15.51 it_per_s=10.64
2026-10-02 02:05:54,832 INFO iter=29200 epoch=5 lr=2.00e-04 G=6.035 advA2B=0.555 advB2A=0.553 cycA=0.161 cycB=0.174 idtA=0.162 idtB=0.154 D_A=0.141 D_B=0.152 D_A(real)=0.75 D_A(fake)=0.25 gnG=46.11 gnD=15.59 it_per_s=10.63
2026-10-02 02:06:04,184 INFO iter=29300 epoch=5 lr=2.00e-04 G=6.022 advA2B=0.553 advB2A=0.547 cycA=0.161 cycB=0.174 idtA=0.162 idtB=0.153 D_A=0.144 D_B=0.153 D_A(real)=0.74 D_A(fake)=0.26 gnG=45.83 gnD=15.56 it_per_s=10.64
2026-10-02 02:06:13,598 INFO iter=29400 epoch=5 lr=2.00e-04 G=6.011 advA2B=0.555 advB2A=0.547 cycA=0.161 cycB=0.173 idtA=0.162 idtB=0.153 D_A=0.142 D_B=0.153 D_A(real)=0.74 D_A(fake)=0.26 gnG=45.60 gnD=15.46 it_per_s=10.64
2026-10-02 02:06:23,041 INFO iter=29500 epoch=5 lr=2.00e-04 G=5.970 advA2B=0.551 advB2A=0.545 cycA=0.159 cycB=0.172 idtA=0.161 idtB=0.151 D_A=0.143 D_B=0.155 D_A(real)=0.74 D_A(fake)=0.25 gnG=44.83 gnD=15.43 it_per_s=10.63
2026-10-02 02:06:32,723 INFO iter=29600 epoch=5 lr=2.00e-04 G=5.977 advA2B=0.552 advB2A=0.544 cycA=0.160 cycB=0.172 idtA=0.161 idtB=0.152 D_A=0.143 D_B=0.155 D_A(real)=0.75 D_A(fake)=0.25 gnG=44.42 gnD=15.43 it_per_s=10.61
2026-10-02 02:06:42,129 INFO iter=29700 epoch=5 lr=2.00e-04 G=5.991 advA2B=0.559 advB2A=0.541 cycA=0.160 cycB=0.173 idtA=0.160 idtB=0.153 D_A=0.143 D_B=0.153 D_A(real)=0.75 D_A(fake)=0.25 gnG=43.96 gnD=15.54 it_per_s=10.61
2026-10-02 02:06:51,290 INFO iter=29800 epoch=5 lr=2.00e-04 G=5.990 advA2B=0.563 advB2A=0.539 cycA=0.160 cycB=0.173 idtA=0.160 idtB=0.153 D_A=0.143 D_B=0.151 D_A(real)=0.74 D_A(fake)=0.26 gnG=43.90 gnD=15.60 it_per_s=10.63
2026-10-02 02:07:00,706 INFO iter=29900 epoch=5 lr=2.00e-04 G=5.980 advA2B=0.563 advB2A=0.538 cycA=0.159 cycB=0.173 idtA=0.159 idtB=0.152 D_A=0.143 D_B=0.151 D_A(real)=0.74 D_A(fake)=0.26 gnG=43.51 gnD=15.56 it_per_s=10.63
2026-10-02 02:07:10,107 INFO iter=30000 epoch=5 lr=2.00e-04 G=5.967 advA2B=0.565 advB2A=0.535 cycA=0.159 cycB=0.173 idtA=0.159 idtB=0.152 D_A=0.143 D_B=0.151 D_A(real)=0.74 D_A(fake)=0.26 gnG=43.51 gnD=15.63 it_per_s=10.63
2026-10-02 02:07:19,478 INFO iter=30100 epoch=5 lr=2.00e-04 G=5.966 advA2B=0.564 advB2A=0.535 cycA=0.159 cycB=0.173 idtA=0.159 idtB=0.152 D_A=0.142 D_B=0.152 D_A(real)=0.74 D_A(fake)=0.26 gnG=43.26 gnD=15.67 it_per_s=10.63
2026-10-02 02:07:28,654 INFO iter=30200 epoch=5 lr=2.00e-04 G=5.948 advA2B=0.562 advB2A=0.532 cycA=0.158 cycB=0.172 idtA=0.158 idtB=0.152 D_A=0.143 D_B=0.152 D_A(real)=0.74 D_A(fake)=0.26 gnG=42.95 gnD=15.64 it_per_s=10.65
2026-10-02 02:07:38,236 INFO iter=30300 epoch=5 lr=2.00e-04 G=5.938 advA2B=0.561 advB2A=0.529 cycA=0.158 cycB=0.172 idtA=0.158 idtB=0.151 D_A=0.143 D_B=0.151 D_A(real)=0.74 D_A(fake)=0.26 gnG=42.64 gnD=15.66 it_per_s=10.64
2026-10-02 02:07:47,908 INFO iter=30400 epoch=5 lr=2.00e-04 G=5.938 advA2B=0.562 advB2A=0.528 cycA=0.158 cycB=0.172 idtA=0.158 idtB=0.151 D_A=0.144 D_B=0.150 D_A(real)=0.74 D_A(fake)=0.26 gnG=42.38 gnD=15.64 it_per_s=10.62
2026-10-02 02:07:57,408 INFO iter=30500 epoch=5 lr=2.00e-04 G=5.945 advA2B=0.564 advB2A=0.527 cycA=0.158 cycB=0.172 idtA=0.158 idtB=0.152 D_A=0.144 D_B=0.150 D_A(real)=0.74 D_A(fake)=0.26 gnG=42.26 gnD=15.63 it_per_s=10.62
2026-10-02 02:08:06,885 INFO iter=30600 epoch=5 lr=2.00e-04 G=5.959 advA2B=0.566 advB2A=0.528 cycA=0.158 cycB=0.173 idtA=0.158 idtB=0.152 D_A=0.144 D_B=0.150 D_A(real)=0.74 D_A(fake)=0.26 gnG=42.19 gnD=15.60 it_per_s=10.61
2026-10-02 02:08:16,465 INFO iter=30700 epoch=5 lr=2.00e-04 G=5.947 advA2B=0.564 advB2A=0.527 cycA=0.158 cycB=0.173 idtA=0.158 idtB=0.151 D_A=0.145 D_B=0.149 D_A(real)=0.74 D_A(fake)=0.26 gnG=41.94 gnD=15.64 it_per_s=10.61
2026-10-02 02:08:26,384 INFO iter=30800 epoch=5 lr=2.00e-04 G=5.929 advA2B=0.562 advB2A=0.524 cycA=0.158 cycB=0.172 idtA=0.158 idtB=0.151 D_A=0.145 D_B=0.151 D_A(real)=0.74 D_A(fake)=0.26 gnG=41.76 gnD=15.62 it_per_s=10.59
2026-10-02 02:08:36,232 INFO iter=30900 epoch=5 lr=2.00e-04 G=5.925 advA2B=0.563 advB2A=0.523 cycA=0.157 cycB=0.173 idtA=0.158 idtB=0.151 D_A=0.145 D_B=0.150 D_A(real)=0.74 D_A(fake)=0.26 gnG=41.58 gnD=15.56 it_per_s=10.57
2026-10-02 02:08:45,731 INFO iter=31000 epoch=5 lr=2.00e-04 G=5.931 advA2B=0.565 advB2A=0.524 cycA=0.157 cycB=0.173 idtA=0.157 idtB=0.151 D_A=0.145 D_B=0.150 D_A(real)=0.74 D_A(fake)=0.26 gnG=41.53 gnD=15.60 it_per_s=10.57
2026-10-02 02:08:55,608 INFO iter=31100 epoch=5 lr=2.00e-04 G=5.923 advA2B=0.566 advB2A=0.524 cycA=0.157 cycB=0.172 idtA=0.157 idtB=0.151 D_A=0.145 D_B=0.149 D_A(real)=0.74 D_A(fake)=0.26 gnG=41.30 gnD=15.61 it_per_s=10.55
2026-10-02 02:09:05,189 INFO iter=31200 epoch=5 lr=2.00e-04 G=5.935 advA2B=0.567 advB2A=0.526 cycA=0.157 cycB=0.173 idtA=0.158 idtB=0.151 D_A=0.144 D_B=0.149 D_A(real)=0.74 D_A(fake)=0.26 gnG=41.33 gnD=15.59 it_per_s=10.55
2026-10-02 02:09:15,144 INFO iter=31300 epoch=5 lr=2.00e-04 G=5.937 advA2B=0.566 advB2A=0.528 cycA=0.157 cycB=0.172 idtA=0.158 idtB=0.151 D_A=0.144 D_B=0.149 D_A(real)=0.74 D_A(fake)=0.26 gnG=41.37 gnD=15.62 it_per_s=10.53
2026-10-02 02:09:24,894 INFO iter=31400 epoch=5 lr=2.00e-04 G=5.939 advA2B=0.568 advB2A=0.530 cycA=0.157 cycB=0.172 idtA=0.158 idtB=0.151 D_A=0.144 D_B=0.149 D_A(real)=0.74 D_A(fake)=0.26 gnG=41.32 gnD=15.63 it_per_s=10.52
2026-10-02 02:09:34,526 INFO iter=31500 epoch=5 lr=2.00e-04 G=5.938 advA2B=0.569 advB2A=0.530 cycA=0.157 cycB=0.172 idtA=0.158 idtB=0.151 D_A=0.143 D_B=0.149 D_A(real)=0.74 D_A(fake)=0.26 gnG=41.28 gnD=15.61 it_per_s=10.52
2026-10-02 02:09:44,032 INFO iter=31600 epoch=5 lr=2.00e-04 G=5.937 advA2B=0.570 advB2A=0.529 cycA=0.157 cycB=0.172 idtA=0.158 idtB=0.151 D_A=0.143 D_B=0.148 D_A(real)=0.74 D_A(fake)=0.26 gnG=41.14 gnD=15.63 it_per_s=10.52
2026-10-02 02:09:53,494 INFO iter=31700 epoch=5 lr=2.00e-04 G=5.935 advA2B=0.570 advB2A=0.530 cycA=0.157 cycB=0.172 idtA=0.158 idtB=0.151 D_A=0.143 D_B=0.148 D_A(real)=0.74 D_A(fake)=0.26 gnG=41.01 gnD=15.65 it_per_s=10.52
2026-10-02 02:10:02,990 INFO iter=31800 epoch=5 lr=2.00e-04 G=5.936 advA2B=0.570 advB2A=0.531 cycA=0.157 cycB=0.172 idtA=0.158 idtB=0.151 D_A=0.143 D_B=0.148 D_A(real)=0.74 D_A(fake)=0.26 gnG=40.86 gnD=15.67 it_per_s=10.52
2026-10-02 02:10:12,430 INFO iter=31900 epoch=5 lr=2.00e-04 G=5.936 advA2B=0.569 advB2A=0.531 cycA=0.157 cycB=0.172 idtA=0.158 idtB=0.151 D_A=0.143 D_B=0.149 D_A(real)=0.74 D_A(fake)=0.25 gnG=40.78 gnD=15.67 it_per_s=10.52
2026-10-02 02:10:21,857 INFO iter=32000 epoch=5 lr=2.00e-04 G=5.922 advA2B=0.567 advB2A=0.531 cycA=0.157 cycB=0.172 idtA=0.158 idtB=0.150 D_A=0.143 D_B=0.150 D_A(real)=0.74 D_A(fake)=0.26 gnG=40.57 gnD=15.59 it_per_s=10.53
2026-10-02 02:10:31,285 INFO iter=32100 epoch=5 lr=2.00e-04 G=5.911 advA2B=0.565 advB2A=0.531 cycA=0.156 cycB=0.171 idtA=0.157 idtB=0.150 D_A=0.143 D_B=0.150 D_A(real)=0.74 D_A(fake)=0.26 gnG=40.39 gnD=15.55 it_per_s=10.53
2026-10-02 02:10:40,731 INFO iter=32200 epoch=5 lr=2.00e-04 G=5.911 advA2B=0.564 advB2A=0.531 cycA=0.156 cycB=0.171 idtA=0.158 idtB=0.150 D_A=0.143 D_B=0.150 D_A(real)=0.74 D_A(fake)=0.26 gnG=40.30 gnD=15.55 it_per_s=10.53
2026-10-02 02:10:50,153 INFO iter=32300 epoch=5 lr=2.00e-04 G=5.910 advA2B=0.564 advB2A=0.530 cycA=0.156 cycB=0.171 idtA=0.158 idtB=0.150 D_A=0.143 D_B=0.150 D_A(real)=0.74 D_A(fake)=0.26 gnG=40.19 gnD=15.57 it_per_s=10.53
2026-10-02 02:10:59,556 INFO iter=32400 epoch=5 lr=2.00e-04 G=5.905 advA2B=0.564 advB2A=0.530 cycA=0.156 cycB=0.171 idtA=0.157 idtB=0.150 D_A=0.143 D_B=0.150 D_A(real)=0.74 D_A(fake)=0.26 gnG=40.06 gnD=15.57 it_per_s=10.53
2026-10-02 02:11:08,996 INFO iter=32500 epoch=5 lr=2.00e-04 G=5.907 advA2B=0.563 advB2A=0.530 cycA=0.156 cycB=0.171 idtA=0.158 idtB=0.150 D_A=0.143 D_B=0.150 D_A(real)=0.74 D_A(fake)=0.26 gnG=40.07 gnD=15.54 it_per_s=10.53
2026-10-02 02:11:18,408 INFO iter=32600 epoch=5 lr=2.00e-04 G=5.906 advA2B=0.564 advB2A=0.530 cycA=0.156 cycB=0.171 idtA=0.158 idtB=0.150 D_A=0.143 D_B=0.149 D_A(real)=0.74 D_A(fake)=0.25 gnG=39.95 gnD=15.51 it_per_s=10.54
2026-10-02 02:11:27,837 INFO iter=32700 epoch=5 lr=2.00e-04 G=5.922 advA2B=0.567 advB2A=0.530 cycA=0.156 cycB=0.172 idtA=0.158 idtB=0.151 D_A=0.143 D_B=0.149 D_A(real)=0.74 D_A(fake)=0.26 gnG=39.98 gnD=15.53 it_per_s=10.54
2026-10-02 02:11:37,247 INFO iter=32800 epoch=5 lr=2.00e-04 G=5.926 advA2B=0.568 advB2A=0.529 cycA=0.156 cycB=0.172 idtA=0.158 idtB=0.151 D_A=0.143 D_B=0.148 D_A(real)=0.74 D_A(fake)=0.25 gnG=39.88 gnD=15.50 it_per_s=10.54
2026-10-02 02:11:46,736 INFO iter=32900 epoch=5 lr=2.00e-04 G=5.930 advA2B=0.568 advB2A=0.531 cycA=0.157 cycB=0.172 idtA=0.158 idtB=0.151 D_A=0.142 D_B=0.149 D_A(real)=0.75 D_A(fake)=0.25 gnG=39.85 gnD=15.46 it_per_s=10.54
2026-10-02 02:11:56,218 INFO iter=33000 epoch=5 lr=2.00e-04 G=5.929 advA2B=0.566 advB2A=0.531 cycA=0.157 cycB=0.172 idtA=0.158 idtB=0.151 D_A=0.142 D_B=0.149 D_A(real)=0.75 D_A(fake)=0.25 gnG=39.76 gnD=15.47 it_per_s=10.54
2026-10-02 02:12:05,655 INFO iter=33100 epoch=5 lr=2.00e-04 G=5.936 advA2B=0.566 advB2A=0.532 cycA=0.157 cycB=0.173 idtA=0.158 idtB=0.151 D_A=0.141 D_B=0.149 D_A(real)=0.75 D_A(fake)=0.25 gnG=39.69 gnD=15.45 it_per_s=10.54
2026-10-02 02:12:15,055 INFO iter=33200 epoch=5 lr=2.00e-04 G=5.941 advA2B=0.566 advB2A=0.534 cycA=0.157 cycB=0.173 idtA=0.158 idtB=0.151 D_A=0.141 D_B=0.149 D_A(real)=0.75 D_A(fake)=0.25 gnG=39.73 gnD=15.48 it_per_s=10.54
2026-10-02 02:12:24,493 INFO iter=33300 epoch=5 lr=2.00e-04 G=5.939 advA2B=0.567 advB2A=0.535 cycA=0.157 cycB=0.173 idtA=0.158 idtB=0.151 D_A=0.141 D_B=0.149 D_A(real)=0.75 D_A(fake)=0.25 gnG=39.80 gnD=15.49 it_per_s=10.54
2026-10-02 02:12:34,001 INFO iter=33400 epoch=5 lr=2.00e-04 G=5.938 advA2B=0.567 advB2A=0.536 cycA=0.157 cycB=0.172 idtA=0.158 idtB=0.151 D_A=0.141 D_B=0.149 D_A(real)=0.75 D_A(fake)=0.25 gnG=39.86 gnD=15.50 it_per_s=10.54
2026-10-02 02:12:43,429 INFO iter=33500 epoch=5 lr=2.00e-04 G=5.945 advA2B=0.568 advB2A=0.537 cycA=0.157 cycB=0.173 idtA=0.158 idtB=0.151 D_A=0.140 D_B=0.148 D_A(real)=0.75 D_A(fake)=0.25 gnG=39.88 gnD=15.52 it_per_s=10.54
2026-10-02 02:12:52,871 INFO iter=33600 epoch=5 lr=2.00e-04 G=5.951 advA2B=0.568 advB2A=0.539 cycA=0.157 cycB=0.173 idtA=0.158 idtB=0.151 D_A=0.140 D_B=0.148 D_A(real)=0.75 D_A(fake)=0.25 gnG=39.90 gnD=15.54 it_per_s=10.55
2026-10-02 02:13:02,265 INFO iter=33700 epoch=5 lr=2.00e-04 G=5.951 advA2B=0.569 advB2A=0.541 cycA=0.157 cycB=0.172 idtA=0.158 idtB=0.151 D_A=0.139 D_B=0.148 D_A(real)=0.75 D_A(fake)=0.25 gnG=39.84 gnD=15.56 it_per_s=10.55
2026-10-02 02:13:11,737 INFO iter=33800 epoch=5 lr=2.00e-04 G=5.953 advA2B=0.569 advB2A=0.542 cycA=0.157 cycB=0.172 idtA=0.158 idtB=0.151 D_A=0.138 D_B=0.148 D_A(real)=0.75 D_A(fake)=0.25 gnG=39.91 gnD=15.57 it_per_s=10.55
2026-10-02 02:13:21,166 INFO iter=33900 epoch=5 lr=2.00e-04 G=5.952 advA2B=0.567 advB2A=0.544 cycA=0.157 cycB=0.172 idtA=0.158 idtB=0.151 D_A=0.138 D_B=0.149 D_A(real)=0.75 D_A(fake)=0.24 gnG=39.92 gnD=15.52 it_per_s=10.55
2026-10-02 02:13:30,332 INFO iter=34000 epoch=5 lr=2.00e-04 G=5.954 advA2B=0.567 advB2A=0.547 cycA=0.157 cycB=0.172 idtA=0.158 idtB=0.150 D_A=0.137 D_B=0.148 D_A(real)=0.76 D_A(fake)=0.24 gnG=40.06 gnD=15.49 it_per_s=10.55
2026-10-02 02:13:39,735 INFO iter=34100 epoch=5 lr=2.00e-04 G=5.960 advA2B=0.568 advB2A=0.549 cycA=0.157 cycB=0.172 idtA=0.158 idtB=0.151 D_A=0.136 D_B=0.148 D_A(real)=0.76 D_A(fake)=0.24 gnG=40.01 gnD=15.47 it_per_s=10.56
2026-10-02 02:13:49,167 INFO iter=34200 epoch=5 lr=2.00e-04 G=5.962 advA2B=0.569 advB2A=0.551 cycA=0.157 cycB=0.172 idtA=0.158 idtB=0.151 D_A=0.136 D_B=0.148 D_A(real)=0.76 D_A(fake)=0.24 gnG=40.08 gnD=15.49 it_per_s=10.56
2026-10-02 02:13:58,302 INFO iter=34300 epoch=5 lr=2.00e-04 G=5.965 advA2B=0.570 advB2A=0.552 cycA=0.157 cycB=0.173 idtA=0.158 idtB=0.151 D_A=0.135 D_B=0.148 D_A(real)=0.76 D_A(fake)=0.24 gnG=40.09 gnD=15.52 it_per_s=10.56
2026-10-02 02:14:07,764 INFO iter=34400 epoch=5 lr=2.00e-04 G=5.963 advA2B=0.570 advB2A=0.552 cycA=0.157 cycB=0.172 idtA=0.158 idtB=0.151 D_A=0.135 D_B=0.147 D_A(real)=0.76 D_A(fake)=0.24 gnG=40.04 gnD=15.52 it_per_s=10.56
2026-10-02 02:14:17,213 INFO iter=34500 epoch=5 lr=2.00e-04 G=5.961 advA2B=0.570 advB2A=0.553 cycA=0.157 cycB=0.172 idtA=0.158 idtB=0.151 D_A=0.135 D_B=0.147 D_A(real)=0.76 D_A(fake)=0.24 gnG=40.01 gnD=15.53 it_per_s=10.56
2026-10-02 02:14:26,310 INFO iter=34600 epoch=5 lr=2.00e-04 G=5.963 advA2B=0.572 advB2A=0.553 cycA=0.157 cycB=0.172 idtA=0.158 idtB=0.151 D_A=0.134 D_B=0.147 D_A(real)=0.76 D_A(fake)=0.24 gnG=40.08 gnD=15.55 it_per_s=10.57
2026-10-02 02:14:35,725 INFO iter=34700 epoch=5 lr=2.00e-04 G=5.961 advA2B=0.572 advB2A=0.553 cycA=0.157 cycB=0.172 idtA=0.158 idtB=0.151 D_A=0.134 D_B=0.147 D_A(real)=0.76 D_A(fake)=0.24 gnG=40.09 gnD=15.56 it_per_s=10.57
2026-10-02 02:14:45,292 INFO iter=34800 epoch=5 lr=2.00e-04 G=5.956 advA2B=0.572 advB2A=0.554 cycA=0.157 cycB=0.172 idtA=0.158 idtB=0.151 D_A=0.134 D_B=0.147 D_A(real)=0.76 D_A(fake)=0.24 gnG=40.06 gnD=15.59 it_per_s=10.57
2026-10-02 02:14:54,500 INFO iter=34900 epoch=5 lr=2.00e-04 G=5.960 advA2B=0.573 advB2A=0.555 cycA=0.157 cycB=0.172 idtA=0.158 idtB=0.151 D_A=0.133 D_B=0.146 D_A(real)=0.76 D_A(fake)=0.24 gnG=40.13 gnD=15.59 it_per_s=10.57
2026-10-02 02:15:03,836 INFO iter=35000 epoch=5 lr=2.00e-04 G=5.959 advA2B=0.573 advB2A=0.556 cycA=0.157 cycB=0.172 idtA=0.157 idtB=0.151 D_A=0.133 D_B=0.146 D_A(real)=0.76 D_A(fake)=0.24 gnG=40.09 gnD=15.60 it_per_s=10.57
2026-10-02 02:15:13,276 INFO iter=35100 epoch=5 lr=2.00e-04 G=5.959 advA2B=0.573 advB2A=0.557 cycA=0.157 cycB=0.172 idtA=0.157 idtB=0.151 D_A=0.132 D_B=0.146 D_A(real)=0.77 D_A(fake)=0.23 gnG=40.15 gnD=15.61 it_per_s=10.58
2026-10-02 02:15:21,538 INFO epoch=5 done time_s=665 it_per_s=10.58 G=5.967 cycA=0.157 cycB=0.172 idtA=0.157 idtB=0.151 D_A=0.132 D_B=0.146 D_A(real)=0.77 D_A(fake)=0.23 nan_count=0
2026-10-02 02:15:23,006 INFO iter=35200 epoch=6 lr=2.00e-04 G=5.585 advA2B=0.765 advB2A=0.511 cycA=0.148 cycB=0.150 idtA=0.136 idtB=0.128 D_A=0.168 D_B=0.070 D_A(real)=0.76 D_A(fake)=0.32 gnG=40.14 gnD=13.77 it_per_s=10.69
2026-10-02 02:15:32,431 INFO iter=35300 epoch=6 lr=2.00e-04 G=6.052 advA2B=0.669 advB2A=0.660 cycA=0.152 cycB=0.169 idtA=0.146 idtB=0.158 D_A=0.116 D_B=0.092 D_A(real)=0.83 D_A(fake)=0.17 gnG=40.20 gnD=14.97 it_per_s=10.62
2026-10-02 02:15:41,913 INFO iter=35400 epoch=6 lr=2.00e-04 G=5.936 advA2B=0.597 advB2A=0.653 cycA=0.153 cycB=0.166 idtA=0.150 idtB=0.151 D_A=0.101 D_B=0.127 D_A(real)=0.84 D_A(fake)=0.16 gnG=39.19 gnD=14.22 it_per_s=10.58
2026-10-02 02:15:51,456 INFO iter=35500 epoch=6 lr=2.00e-04 G=5.886 advA2B=0.564 advB2A=0.640 cycA=0.154 cycB=0.165 idtA=0.152 idtB=0.147 D_A=0.099 D_B=0.138 D_A(real)=0.84 D_A(fake)=0.17 gnG=40.46 gnD=14.03 it_per_s=10.55
2026-10-02 02:16:00,894 INFO iter=35600 epoch=6 lr=2.00e-04 G=5.911 advA2B=0.573 advB2A=0.632 cycA=0.154 cycB=0.166 idtA=0.153 idtB=0.147 D_A=0.097 D_B=0.130 D_A(real)=0.84 D_A(fake)=0.17 gnG=40.24 gnD=14.20 it_per_s=10.56
2026-10-02 02:16:10,321 INFO iter=35700 epoch=6 lr=2.00e-04 G=5.896 advA2B=0.580 advB2A=0.632 cycA=0.155 cycB=0.165 idtA=0.153 idtB=0.145 D_A=0.098 D_B=0.135 D_A(real)=0.84 D_A(fake)=0.16 gnG=40.49 gnD=14.88 it_per_s=10.57
2026-10-02 02:16:19,766 INFO iter=35800 epoch=6 lr=2.00e-04 G=5.892 advA2B=0.571 advB2A=0.617 cycA=0.155 cycB=0.166 idtA=0.153 idtB=0.146 D_A=0.099 D_B=0.141 D_A(real)=0.83 D_A(fake)=0.17 gnG=40.09 gnD=14.90 it_per_s=10.57
2026-10-02 02:16:29,193 INFO iter=35900 epoch=6 lr=2.00e-04 G=5.897 advA2B=0.568 advB2A=0.610 cycA=0.155 cycB=0.166 idtA=0.154 idtB=0.146 D_A=0.099 D_B=0.143 D_A(real)=0.83 D_A(fake)=0.17 gnG=40.50 gnD=14.89 it_per_s=10.58
2026-10-02 02:16:38,642 INFO iter=36000 epoch=6 lr=2.00e-04 G=5.897 advA2B=0.574 advB2A=0.605 cycA=0.154 cycB=0.168 idtA=0.153 idtB=0.148 D_A=0.098 D_B=0.143 D_A(real)=0.83 D_A(fake)=0.17 gnG=40.36 gnD=15.00 it_per_s=10.58
2026-10-02 02:16:48,148 INFO iter=36100 epoch=6 lr=2.00e-04 G=5.869 advA2B=0.574 advB2A=0.603 cycA=0.153 cycB=0.167 idtA=0.152 idtB=0.147 D_A=0.099 D_B=0.142 D_A(real)=0.83 D_A(fake)=0.17 gnG=40.38 gnD=15.09 it_per_s=10.57
2026-10-02 02:16:57,604 INFO iter=36200 epoch=6 lr=2.00e-04 G=5.869 advA2B=0.575 advB2A=0.607 cycA=0.152 cycB=0.167 idtA=0.152 idtB=0.147 D_A=0.100 D_B=0.141 D_A(real)=0.83 D_A(fake)=0.17 gnG=41.25 gnD=15.07 it_per_s=10.57
2026-10-02 02:17:07,057 INFO iter=36300 epoch=6 lr=2.00e-04 G=5.895 advA2B=0.576 advB2A=0.605 cycA=0.152 cycB=0.169 idtA=0.152 idtB=0.148 D_A=0.099 D_B=0.141 D_A(real)=0.83 D_A(fake)=0.17 gnG=40.97 gnD=15.20 it_per_s=10.57
2026-10-02 02:17:16,495 INFO iter=36400 epoch=6 lr=2.00e-04 G=5.890 advA2B=0.573 advB2A=0.601 cycA=0.153 cycB=0.168 idtA=0.153 idtB=0.148 D_A=0.100 D_B=0.143 D_A(real)=0.83 D_A(fake)=0.17 gnG=40.84 gnD=15.21 it_per_s=10.57
2026-10-02 02:17:25,971 INFO iter=36500 epoch=6 lr=2.00e-04 G=5.885 advA2B=0.573 advB2A=0.597 cycA=0.153 cycB=0.169 idtA=0.152 idtB=0.148 D_A=0.101 D_B=0.143 D_A(real)=0.83 D_A(fake)=0.17 gnG=40.71 gnD=15.11 it_per_s=10.57
2026-10-02 02:17:35,401 INFO iter=36600 epoch=6 lr=2.00e-04 G=5.893 advA2B=0.572 advB2A=0.600 cycA=0.153 cycB=0.169 idtA=0.152 idtB=0.148 D_A=0.101 D_B=0.143 D_A(real)=0.83 D_A(fake)=0.17 gnG=40.82 gnD=15.09 it_per_s=10.58
2026-10-02 02:17:44,829 INFO iter=36700 epoch=6 lr=2.00e-04 G=5.872 advA2B=0.571 advB2A=0.597 cycA=0.153 cycB=0.168 idtA=0.152 idtB=0.147 D_A=0.102 D_B=0.143 D_A(real)=0.83 D_A(fake)=0.18 gnG=40.68 gnD=15.02 it_per_s=10.58
2026-10-02 02:17:54,289 INFO iter=36800 epoch=6 lr=2.00e-04 G=5.873 advA2B=0.573 advB2A=0.596 cycA=0.153 cycB=0.168 idtA=0.152 idtB=0.147 D_A=0.102 D_B=0.142 D_A(real)=0.82 D_A(fake)=0.18 gnG=41.48 gnD=15.02 it_per_s=10.58
2026-10-02 02:18:03,704 INFO iter=36900 epoch=6 lr=2.00e-04 G=5.871 advA2B=0.574 advB2A=0.595 cycA=0.152 cycB=0.168 idtA=0.152 idtB=0.147 D_A=0.102 D_B=0.143 D_A(real)=0.82 D_A(fake)=0.18 gnG=41.85 gnD=15.04 it_per_s=10.58
2026-10-02 02:18:13,158 INFO iter=37000 epoch=6 lr=2.00e-04 G=5.864 advA2B=0.574 advB2A=0.592 cycA=0.152 cycB=0.168 idtA=0.152 idtB=0.148 D_A=0.102 D_B=0.143 D_A(real)=0.82 D_A(fake)=0.18 gnG=41.93 gnD=15.04 it_per_s=10.58
2026-10-02 02:18:22,616 INFO iter=37100 epoch=6 lr=2.00e-04 G=5.867 advA2B=0.577 advB2A=0.590 cycA=0.152 cycB=0.168 idtA=0.152 idtB=0.148 D_A=0.103 D_B=0.142 D_A(real)=0.82 D_A(fake)=0.18 gnG=42.17 gnD=15.04 it_per_s=10.58
2026-10-02 02:18:32,018 INFO iter=37200 epoch=6 lr=2.00e-04 G=5.870 advA2B=0.580 advB2A=0.591 cycA=0.152 cycB=0.168 idtA=0.152 idtB=0.148 D_A=0.103 D_B=0.141 D_A(real)=0.82 D_A(fake)=0.18 gnG=42.23 gnD=15.05 it_per_s=10.58
2026-10-02 02:18:41,441 INFO iter=37300 epoch=6 lr=2.00e-04 G=5.883 advA2B=0.581 advB2A=0.593 cycA=0.152 cycB=0.168 idtA=0.152 idtB=0.148 D_A=0.104 D_B=0.141 D_A(real)=0.82 D_A(fake)=0.18 gnG=42.62 gnD=15.06 it_per_s=10.58
2026-10-02 02:18:50,858 INFO iter=37400 epoch=6 lr=2.00e-04 G=5.888 advA2B=0.584 advB2A=0.592 cycA=0.153 cycB=0.168 idtA=0.153 idtB=0.148 D_A=0.104 D_B=0.140 D_A(real)=0.82 D_A(fake)=0.18 gnG=42.79 gnD=15.08 it_per_s=10.58
2026-10-02 02:19:00,041 INFO iter=37500 epoch=6 lr=2.00e-04 G=5.901 advA2B=0.585 advB2A=0.592 cycA=0.153 cycB=0.168 idtA=0.153 idtB=0.148 D_A=0.105 D_B=0.140 D_A(real)=0.82 D_A(fake)=0.18 gnG=43.19 gnD=15.10 it_per_s=10.60
2026-10-02 02:19:09,494 INFO iter=37600 epoch=6 lr=2.00e-04 G=5.907 advA2B=0.585 advB2A=0.596 cycA=0.153 cycB=0.168 idtA=0.153 idtB=0.148 D_A=0.104 D_B=0.139 D_A(real)=0.82 D_A(fake)=0.18 gnG=43.23 gnD=15.08 it_per_s=10.60
2026-10-02 02:19:18,913 INFO iter=37700 epoch=6 lr=2.00e-04 G=5.907 advA2B=0.585 advB2A=0.596 cycA=0.153 cycB=0.169 idtA=0.153 idtB=0.148 D_A=0.104 D_B=0.139 D_A(real)=0.82 D_A(fake)=0.18 gnG=43.25 gnD=15.10 it_per_s=10.60
2026-10-02 02:19:28,088 INFO iter=37800 epoch=6 lr=2.00e-04 G=5.917 advA2B=0.586 advB2A=0.598 cycA=0.154 cycB=0.169 idtA=0.153 idtB=0.148 D_A=0.103 D_B=0.139 D_A(real)=0.82 D_A(fake)=0.18 gnG=43.57 gnD=15.09 it_per_s=10.61
2026-10-02 02:19:37,534 INFO iter=37900 epoch=6 lr=2.00e-04 G=5.919 advA2B=0.587 advB2A=0.599 cycA=0.154 cycB=0.169 idtA=0.153 idtB=0.148 D_A=0.103 D_B=0.138 D_A(real)=0.82 D_A(fake)=0.18 gnG=43.40 gnD=15.09 it_per_s=10.61
2026-10-02 02:19:47,072 INFO iter=38000 epoch=6 lr=2.00e-04 G=5.924 advA2B=0.588 advB2A=0.599 cycA=0.154 cycB=0.169 idtA=0.153 idtB=0.149 D_A=0.103 D_B=0.138 D_A(real)=0.82 D_A(fake)=0.18 gnG=43.24 gnD=15.10 it_per_s=10.60
2026-10-02 02:19:56,646 INFO iter=38100 epoch=6 lr=2.00e-04 G=5.925 advA2B=0.587 advB2A=0.601 cycA=0.153 cycB=0.169 idtA=0.153 idtB=0.149 D_A=0.103 D_B=0.139 D_A(real)=0.82 D_A(fake)=0.18 gnG=43.05 gnD=15.13 it_per_s=10.60
2026-10-02 02:20:06,126 INFO iter=38200 epoch=6 lr=2.00e-04 G=5.924 advA2B=0.588 advB2A=0.601 cycA=0.153 cycB=0.169 idtA=0.153 idtB=0.149 D_A=0.103 D_B=0.139 D_A(real)=0.82 D_A(fake)=0.18 gnG=42.86 gnD=15.14 it_per_s=10.60
2026-10-02 02:20:15,557 INFO iter=38300 epoch=6 lr=2.00e-04 G=5.931 advA2B=0.592 advB2A=0.604 cycA=0.153 cycB=0.169 idtA=0.153 idtB=0.149 D_A=0.103 D_B=0.138 D_A(real)=0.82 D_A(fake)=0.18 gnG=42.94 gnD=15.09 it_per_s=10.60
2026-10-02 02:20:25,036 INFO iter=38400 epoch=6 lr=2.00e-04 G=5.933 advA2B=0.598 advB2A=0.605 cycA=0.153 cycB=0.169 idtA=0.153 idtB=0.149 D_A=0.103 D_B=0.137 D_A(real)=0.82 D_A(fake)=0.18 gnG=42.91 gnD=15.00 it_per_s=10.60
2026-10-02 02:20:34,489 INFO iter=38500 epoch=6 lr=2.00e-04 G=5.942 advA2B=0.602 advB2A=0.604 cycA=0.153 cycB=0.170 idtA=0.152 idtB=0.149 D_A=0.103 D_B=0.135 D_A(real)=0.82 D_A(fake)=0.18 gnG=42.85 gnD=14.87 it_per_s=10.59
2026-10-02 02:20:43,924 INFO iter=38600 epoch=6 lr=2.00e-04 G=5.944 advA2B=0.605 advB2A=0.605 cycA=0.153 cycB=0.169 idtA=0.152 idtB=0.149 D_A=0.103 D_B=0.134 D_A(real)=0.82 D_A(fake)=0.18 gnG=42.72 gnD=14.78 it_per_s=10.59
2026-10-02 02:20:53,378 INFO iter=38700 epoch=6 lr=2.00e-04 G=5.948 advA2B=0.608 advB2A=0.604 cycA=0.153 cycB=0.170 idtA=0.152 idtB=0.149 D_A=0.103 D_B=0.133 D_A(real)=0.82 D_A(fake)=0.18 gnG=42.59 gnD=14.72 it_per_s=10.59
2026-10-02 02:21:02,824 INFO iter=38800 epoch=6 lr=2.00e-04 G=5.950 advA2B=0.612 advB2A=0.604 cycA=0.153 cycB=0.170 idtA=0.152 idtB=0.149 D_A=0.103 D_B=0.132 D_A(real)=0.82 D_A(fake)=0.18 gnG=42.57 gnD=14.62 it_per_s=10.59
2026-10-02 02:21:12,315 INFO iter=38900 epoch=6 lr=2.00e-04 G=5.948 advA2B=0.610 advB2A=0.604 cycA=0.154 cycB=0.169 idtA=0.152 idtB=0.149 D_A=0.103 D_B=0.132 D_A(real)=0.82 D_A(fake)=0.18 gnG=42.36 gnD=14.66 it_per_s=10.59
2026-10-02 02:21:21,763 INFO iter=39000 epoch=6 lr=2.00e-04 G=5.944 advA2B=0.609 advB2A=0.604 cycA=0.153 cycB=0.169 idtA=0.152 idtB=0.149 D_A=0.103 D_B=0.131 D_A(real)=0.82 D_A(fake)=0.18 gnG=42.21 gnD=14.64 it_per_s=10.59
2026-10-02 02:21:31,236 INFO iter=39100 epoch=6 lr=2.00e-04 G=5.943 advA2B=0.608 advB2A=0.605 cycA=0.153 cycB=0.169 idtA=0.152 idtB=0.149 D_A=0.103 D_B=0.132 D_A(real)=0.82 D_A(fake)=0.18 gnG=42.04 gnD=14.70 it_per_s=10.59
2026-10-02 02:21:40,683 INFO iter=39200 epoch=6 lr=2.00e-04 G=5.940 advA2B=0.607 advB2A=0.604 cycA=0.153 cycB=0.169 idtA=0.152 idtB=0.148 D_A=0.103 D_B=0.133 D_A(real)=0.82 D_A(fake)=0.18 gnG=41.92 gnD=14.71 it_per_s=10.59
2026-10-02 02:21:50,122 INFO iter=39300 epoch=6 lr=2.00e-04 G=5.934 advA2B=0.605 advB2A=0.605 cycA=0.153 cycB=0.169 idtA=0.152 idtB=0.148 D_A=0.103 D_B=0.133 D_A(real)=0.82 D_A(fake)=0.18 gnG=41.80 gnD=14.70 it_per_s=10.59
2026-10-02 02:21:59,616 INFO iter=39400 epoch=6 lr=2.00e-04 G=5.932 advA2B=0.605 advB2A=0.605 cycA=0.153 cycB=0.169 idtA=0.152 idtB=0.148 D_A=0.103 D_B=0.133 D_A(real)=0.82 D_A(fake)=0.18 gnG=41.74 gnD=14.70 it_per_s=10.59
2026-10-02 02:22:09,163 INFO iter=39500 epoch=6 lr=2.00e-04 G=5.930 advA2B=0.603 advB2A=0.606 cycA=0.153 cycB=0.169 idtA=0.152 idtB=0.148 D_A=0.103 D_B=0.133 D_A(real)=0.82 D_A(fake)=0.18 gnG=41.54 gnD=14.68 it_per_s=10.59
2026-10-02 02:22:18,607 INFO iter=39600 epoch=6 lr=2.00e-04 G=5.926 advA2B=0.603 advB2A=0.605 cycA=0.153 cycB=0.169 idtA=0.152 idtB=0.148 D_A=0.103 D_B=0.133 D_A(real)=0.82 D_A(fake)=0.18 gnG=41.44 gnD=14.72 it_per_s=10.59
2026-10-02 02:22:28,079 INFO iter=39700 epoch=6 lr=2.00e-04 G=5.924 advA2B=0.604 advB2A=0.607 cycA=0.153 cycB=0.169 idtA=0.152 idtB=0.148 D_A=0.103 D_B=0.133 D_A(real)=0.82 D_A(fake)=0.18 gnG=41.33 gnD=14.74 it_per_s=10.59
2026-10-02 02:22:37,522 INFO iter=39800 epoch=6 lr=2.00e-04 G=5.917 advA2B=0.602 advB2A=0.606 cycA=0.152 cycB=0.168 idtA=0.152 idtB=0.148 D_A=0.103 D_B=0.134 D_A(real)=0.82 D_A(fake)=0.18 gnG=41.16 gnD=14.71 it_per_s=10.59
2026-10-02 02:22:47,096 INFO iter=39900 epoch=6 lr=2.00e-04 G=5.915 advA2B=0.601 advB2A=0.606 cycA=0.152 cycB=0.168 idtA=0.152 idtB=0.148 D_A=0.103 D_B=0.134 D_A(real)=0.82 D_A(fake)=0.18 gnG=41.09 gnD=14.69 it_per_s=10.58
2026-10-02 02:22:56,558 INFO iter=40000 epoch=6 lr=2.00e-04 G=5.912 advA2B=0.601 advB2A=0.607 cycA=0.152 cycB=0.168 idtA=0.152 idtB=0.148 D_A=0.103 D_B=0.135 D_A(real)=0.82 D_A(fake)=0.18 gnG=40.95 gnD=14.67 it_per_s=10.58
2026-10-02 02:23:06,078 INFO iter=40100 epoch=6 lr=2.00e-04 G=5.909 advA2B=0.600 advB2A=0.607 cycA=0.152 cycB=0.168 idtA=0.152 idtB=0.148 D_A=0.103 D_B=0.135 D_A(real)=0.82 D_A(fake)=0.18 gnG=40.88 gnD=14.67 it_per_s=10.58
2026-10-02 02:23:15,536 INFO iter=40200 epoch=6 lr=2.00e-04 G=5.905 advA2B=0.599 advB2A=0.607 cycA=0.152 cycB=0.168 idtA=0.152 idtB=0.148 D_A=0.103 D_B=0.135 D_A(real)=0.82 D_A(fake)=0.18 gnG=40.79 gnD=14.66 it_per_s=10.58
2026-10-02 02:23:24,994 INFO iter=40300 epoch=6 lr=2.00e-04 G=5.901 advA2B=0.598 advB2A=0.607 cycA=0.152 cycB=0.168 idtA=0.152 idtB=0.148 D_A=0.103 D_B=0.136 D_A(real)=0.82 D_A(fake)=0.18 gnG=40.69 gnD=14.65 it_per_s=10.58
2026-10-02 02:23:34,414 INFO iter=40400 epoch=6 lr=2.00e-04 G=5.891 advA2B=0.597 advB2A=0.607 cycA=0.151 cycB=0.168 idtA=0.151 idtB=0.147 D_A=0.103 D_B=0.136 D_A(real)=0.82 D_A(fake)=0.18 gnG=40.59 gnD=14.65 it_per_s=10.58
2026-10-02 02:23:43,900 INFO iter=40500 epoch=6 lr=2.00e-04 G=5.892 advA2B=0.598 advB2A=0.608 cycA=0.152 cycB=0.168 idtA=0.151 idtB=0.147 D_A=0.103 D_B=0.136 D_A(real)=0.82 D_A(fake)=0.18 gnG=40.55 gnD=14.65 it_per_s=10.58
2026-10-02 02:23:53,306 INFO iter=40600 epoch=6 lr=2.00e-04 G=5.892 advA2B=0.597 advB2A=0.609 cycA=0.151 cycB=0.168 idtA=0.151 idtB=0.147 D_A=0.103 D_B=0.136 D_A(real)=0.82 D_A(fake)=0.18 gnG=40.52 gnD=14.65 it_per_s=10.58
2026-10-02 02:24:02,800 INFO iter=40700 epoch=6 lr=2.00e-04 G=5.892 advA2B=0.598 advB2A=0.609 cycA=0.151 cycB=0.168 idtA=0.151 idtB=0.147 D_A=0.103 D_B=0.135 D_A(real)=0.82 D_A(fake)=0.18 gnG=40.52 gnD=14.68 it_per_s=10.58
2026-10-02 02:24:12,302 INFO iter=40800 epoch=6 lr=2.00e-04 G=5.893 advA2B=0.598 advB2A=0.609 cycA=0.151 cycB=0.168 idtA=0.151 idtB=0.147 D_A=0.103 D_B=0.135 D_A(real)=0.82 D_A(fake)=0.18 gnG=40.51 gnD=14.69 it_per_s=10.58
2026-10-02 02:24:21,715 INFO iter=40900 epoch=6 lr=2.00e-04 G=5.895 advA2B=0.598 advB2A=0.609 cycA=0.151 cycB=0.168 idtA=0.151 idtB=0.148 D_A=0.103 D_B=0.136 D_A(real)=0.82 D_A(fake)=0.18 gnG=40.51 gnD=14.72 it_per_s=10.58
2026-10-02 02:24:31,123 INFO iter=41000 epoch=6 lr=2.00e-04 G=5.895 advA2B=0.598 advB2A=0.610 cycA=0.151 cycB=0.168 idtA=0.151 idtB=0.148 D_A=0.103 D_B=0.135 D_A(real)=0.82 D_A(fake)=0.18 gnG=40.43 gnD=14.71 it_per_s=10.58
2026-10-02 02:24:40,607 INFO iter=41100 epoch=6 lr=2.00e-04 G=5.889 advA2B=0.597 advB2A=0.610 cycA=0.151 cycB=0.168 idtA=0.151 idtB=0.148 D_A=0.103 D_B=0.136 D_A(real)=0.82 D_A(fake)=0.18 gnG=40.36 gnD=14.72 it_per_s=10.58
2026-10-02 02:24:50,005 INFO iter=41200 epoch=6 lr=2.00e-04 G=5.891 advA2B=0.598 advB2A=0.611 cycA=0.151 cycB=0.168 idtA=0.151 idtB=0.148 D_A=0.103 D_B=0.136 D_A(real)=0.82 D_A(fake)=0.18 gnG=40.31 gnD=14.69 it_per_s=10.58
2026-10-02 02:24:59,279 INFO iter=41300 epoch=6 lr=2.00e-04 G=5.892 advA2B=0.598 advB2A=0.611 cycA=0.151 cycB=0.168 idtA=0.151 idtB=0.148 D_A=0.103 D_B=0.135 D_A(real)=0.82 D_A(fake)=0.18 gnG=40.29 gnD=14.70 it_per_s=10.59
2026-10-02 02:25:08,755 INFO iter=41400 epoch=6 lr=2.00e-04 G=5.898 advA2B=0.599 advB2A=0.611 cycA=0.151 cycB=0.168 idtA=0.151 idtB=0.148 D_A=0.103 D_B=0.135 D_A(real)=0.82 D_A(fake)=0.18 gnG=40.28 gnD=14.70 it_per_s=10.58
2026-10-02 02:25:17,997 INFO iter=41500 epoch=6 lr=2.00e-04 G=5.898 advA2B=0.599 advB2A=0.612 cycA=0.151 cycB=0.168 idtA=0.151 idtB=0.148 D_A=0.103 D_B=0.135 D_A(real)=0.82 D_A(fake)=0.18 gnG=40.26 gnD=14.72 it_per_s=10.59
2026-10-02 02:25:27,200 INFO iter=41600 epoch=6 lr=2.00e-04 G=5.895 advA2B=0.598 advB2A=0.613 cycA=0.151 cycB=0.168 idtA=0.151 idtB=0.148 D_A=0.103 D_B=0.136 D_A(real)=0.82 D_A(fake)=0.18 gnG=40.16 gnD=14.67 it_per_s=10.59
2026-10-02 02:25:36,626 INFO iter=41700 epoch=6 lr=2.00e-04 G=5.895 advA2B=0.597 advB2A=0.613 cycA=0.151 cycB=0.168 idtA=0.151 idtB=0.148 D_A=0.103 D_B=0.136 D_A(real)=0.82 D_A(fake)=0.18 gnG=40.16 gnD=14.68 it_per_s=10.59
2026-10-02 02:25:45,924 INFO iter=41800 epoch=6 lr=2.00e-04 G=5.896 advA2B=0.597 advB2A=0.614 cycA=0.151 cycB=0.168 idtA=0.151 idtB=0.148 D_A=0.103 D_B=0.136 D_A(real)=0.82 D_A(fake)=0.18 gnG=40.10 gnD=14.69 it_per_s=10.60
2026-10-02 02:25:54,951 INFO iter=41900 epoch=6 lr=2.00e-04 G=5.892 advA2B=0.597 advB2A=0.614 cycA=0.151 cycB=0.168 idtA=0.151 idtB=0.148 D_A=0.103 D_B=0.136 D_A(real)=0.82 D_A(fake)=0.18 gnG=40.01 gnD=14.65 it_per_s=10.60
2026-10-02 02:26:04,366 INFO iter=42000 epoch=6 lr=2.00e-04 G=5.890 advA2B=0.596 advB2A=0.615 cycA=0.151 cycB=0.168 idtA=0.151 idtB=0.148 D_A=0.103 D_B=0.136 D_A(real)=0.82 D_A(fake)=0.18 gnG=39.96 gnD=14.64 it_per_s=10.60
2026-10-02 02:26:13,825 INFO iter=42100 epoch=6 lr=2.00e-04 G=5.888 advA2B=0.596 advB2A=0.616 cycA=0.151 cycB=0.168 idtA=0.151 idtB=0.148 D_A=0.103 D_B=0.137 D_A(real)=0.82 D_A(fake)=0.18 gnG=39.89 gnD=14.65 it_per_s=10.60
2026-10-02 02:26:23,244 INFO iter=42200 epoch=6 lr=2.00e-04 G=5.883 advA2B=0.595 advB2A=0.616 cycA=0.151 cycB=0.168 idtA=0.151 idtB=0.147 D_A=0.102 D_B=0.137 D_A(real)=0.82 D_A(fake)=0.18 gnG=39.81 gnD=14.64 it_per_s=10.60
2026-10-02 02:26:25,896 INFO epoch=6 done time_s=664 it_per_s=10.60 G=5.881 cycA=0.151 cycB=0.167 idtA=0.151 idtB=0.147 D_A=0.102 D_B=0.137 D_A(real)=0.82 D_A(fake)=0.18 nan_count=0
2026-10-02 02:26:33,292 INFO iter=42300 epoch=7 lr=2.00e-04 G=5.842 advA2B=0.577 advB2A=0.636 cycA=0.142 cycB=0.169 idtA=0.146 idtB=0.158 D_A=0.087 D_B=0.111 D_A(real)=0.84 D_A(fake)=0.15 gnG=37.00 gnD=13.47 it_per_s=10.45
2026-10-02 02:26:42,700 INFO iter=42400 epoch=7 lr=2.00e-04 G=5.934 advA2B=0.615 advB2A=0.654 cycA=0.145 cycB=0.171 idtA=0.148 idtB=0.152 D_A=0.094 D_B=0.122 D_A(real)=0.83 D_A(fake)=0.16 gnG=39.72 gnD=15.12 it_per_s=10.55
2026-10-02 02:26:51,934 INFO iter=42500 epoch=7 lr=2.00e-04 G=5.962 advA2B=0.605 advB2A=0.659 cycA=0.147 cycB=0.172 idtA=0.150 idtB=0.152 D_A=0.093 D_B=0.120 D_A(real)=0.84 D_A(fake)=0.16 gnG=38.43 gnD=14.64 it_per_s=10.65
2026-10-02 02:27:01,263 INFO iter=42600 epoch=7 lr=2.00e-04 G=5.903 advA2B=0.598 advB2A=0.648 cycA=0.146 cycB=0.169 idtA=0.149 idtB=0.150 D_A=0.093 D_B=0.125 D_A(real)=0.84 D_A(fake)=0.16 gnG=38.37 gnD=14.47 it_per_s=10.67
2026-10-02 02:27:10,760 INFO iter=42700 epoch=7 lr=2.00e-04 G=5.852 advA2B=0.586 advB2A=0.652 cycA=0.145 cycB=0.169 idtA=0.147 idtB=0.149 D_A=0.089 D_B=0.133 D_A(real)=0.84 D_A(fake)=0.15 gnG=37.70 gnD=14.21 it_per_s=10.64
2026-10-02 02:27:20,179 INFO iter=42800 epoch=7 lr=2.00e-04 G=5.858 advA2B=0.600 advB2A=0.659 cycA=0.145 cycB=0.167 idtA=0.148 idtB=0.147 D_A=0.089 D_B=0.132 D_A(real)=0.84 D_A(fake)=0.16 gnG=39.24 gnD=14.18 it_per_s=10.64
2026-10-02 02:27:29,651 INFO iter=42900 epoch=7 lr=2.00e-04 G=5.843 advA2B=0.595 advB2A=0.654 cycA=0.145 cycB=0.167 idtA=0.149 idtB=0.147 D_A=0.090 D_B=0.134 D_A(real)=0.84 D_A(fake)=0.15 gnG=39.08 gnD=14.56 it_per_s=10.62
2026-10-02 02:27:39,120 INFO iter=43000 epoch=7 lr=2.00e-04 G=5.843 advA2B=0.588 advB2A=0.654 cycA=0.146 cycB=0.166 idtA=0.150 idtB=0.146 D_A=0.091 D_B=0.135 D_A(real)=0.84 D_A(fake)=0.16 gnG=39.68 gnD=14.53 it_per_s=10.62
2026-10-02 02:27:48,569 INFO iter=43100 epoch=7 lr=2.00e-04 G=5.841 advA2B=0.587 advB2A=0.654 cycA=0.147 cycB=0.165 idtA=0.151 idtB=0.145 D_A=0.091 D_B=0.136 D_A(real)=0.84 D_A(fake)=0.16 gnG=39.72 gnD=14.53 it_per_s=10.61
2026-10-02 02:27:58,053 INFO iter=43200 epoch=7 lr=2.00e-04 G=5.838 advA2B=0.584 advB2A=0.651 cycA=0.146 cycB=0.166 idtA=0.150 idtB=0.146 D_A=0.091 D_B=0.137 D_A(real)=0.84 D_A(fake)=0.16 gnG=39.24 gnD=14.57 it_per_s=10.61
2026-10-02 02:28:07,480 INFO iter=43300 epoch=7 lr=2.00e-04 G=5.836 advA2B=0.580 advB2A=0.652 cycA=0.147 cycB=0.166 idtA=0.150 idtB=0.146 D_A=0.091 D_B=0.137 D_A(real)=0.84 D_A(fake)=0.16 gnG=39.54 gnD=14.52 it_per_s=10.61
2026-10-02 02:28:16,936 INFO iter=43400 epoch=7 lr=2.00e-04 G=5.816 advA2B=0.572 advB2A=0.652 cycA=0.147 cycB=0.165 idtA=0.150 idtB=0.145 D_A=0.091 D_B=0.141 D_A(real)=0.84 D_A(fake)=0.16 gnG=39.39 gnD=14.33 it_per_s=10.60
2026-10-02 02:28:26,400 INFO iter=43500 epoch=7 lr=2.00e-04 G=5.815 advA2B=0.571 advB2A=0.652 cycA=0.147 cycB=0.165 idtA=0.150 idtB=0.145 D_A=0.091 D_B=0.141 D_A(real)=0.84 D_A(fake)=0.16 gnG=39.38 gnD=14.28 it_per_s=10.60
2026-10-02 02:28:35,876 INFO iter=43600 epoch=7 lr=2.00e-04 G=5.807 advA2B=0.573 advB2A=0.651 cycA=0.147 cycB=0.164 idtA=0.150 idtB=0.145 D_A=0.092 D_B=0.141 D_A(real)=0.84 D_A(fake)=0.16 gnG=39.28 gnD=14.32 it_per_s=10.60
2026-10-02 02:28:45,292 INFO iter=43700 epoch=7 lr=2.00e-04 G=5.800 advA2B=0.570 advB2A=0.651 cycA=0.146 cycB=0.164 idtA=0.150 idtB=0.145 D_A=0.091 D_B=0.143 D_A(real)=0.84 D_A(fake)=0.16 gnG=39.25 gnD=14.23 it_per_s=10.60
2026-10-02 02:28:54,774 INFO iter=43800 epoch=7 lr=2.00e-04 G=5.802 advA2B=0.567 advB2A=0.649 cycA=0.147 cycB=0.164 idtA=0.150 idtB=0.145 D_A=0.091 D_B=0.143 D_A(real)=0.84 D_A(fake)=0.16 gnG=39.44 gnD=14.14 it_per_s=10.59
2026-10-02 02:29:04,220 INFO iter=43900 epoch=7 lr=2.00e-04 G=5.800 advA2B=0.567 advB2A=0.650 cycA=0.147 cycB=0.164 idtA=0.150 idtB=0.145 D_A=0.092 D_B=0.142 D_A(real)=0.84 D_A(fake)=0.16 gnG=39.41 gnD=14.16 it_per_s=10.59
2026-10-02 02:29:13,629 INFO iter=44000 epoch=7 lr=2.00e-04 G=5.802 advA2B=0.567 advB2A=0.649 cycA=0.147 cycB=0.164 idtA=0.150 idtB=0.145 D_A=0.092 D_B=0.143 D_A(real)=0.84 D_A(fake)=0.16 gnG=39.44 gnD=14.18 it_per_s=10.60
2026-10-02 02:29:23,068 INFO iter=44100 epoch=7 lr=2.00e-04 G=5.793 advA2B=0.569 advB2A=0.649 cycA=0.146 cycB=0.164 idtA=0.150 idtB=0.145 D_A=0.092 D_B=0.142 D_A(real)=0.84 D_A(fake)=0.16 gnG=39.58 gnD=14.14 it_per_s=10.60
2026-10-02 02:29:32,393 INFO iter=44200 epoch=7 lr=2.00e-04 G=5.785 advA2B=0.573 advB2A=0.647 cycA=0.146 cycB=0.163 idtA=0.150 idtB=0.145 D_A=0.092 D_B=0.141 D_A(real)=0.84 D_A(fake)=0.16 gnG=39.54 gnD=14.21 it_per_s=10.60
2026-10-02 02:29:41,838 INFO iter=44300 epoch=7 lr=2.00e-04 G=5.783 advA2B=0.576 advB2A=0.643 cycA=0.146 cycB=0.164 idtA=0.150 idtB=0.145 D_A=0.092 D_B=0.140 D_A(real)=0.84 D_A(fake)=0.16 gnG=39.72 gnD=14.33 it_per_s=10.60
2026-10-02 02:29:51,113 INFO iter=44400 epoch=7 lr=2.00e-04 G=5.783 advA2B=0.575 advB2A=0.644 cycA=0.146 cycB=0.164 idtA=0.149 idtB=0.145 D_A=0.092 D_B=0.141 D_A(real)=0.84 D_A(fake)=0.16 gnG=39.87 gnD=14.32 it_per_s=10.61
2026-10-02 02:30:00,498 INFO iter=44500 epoch=7 lr=2.00e-04 G=5.774 advA2B=0.575 advB2A=0.646 cycA=0.145 cycB=0.163 idtA=0.149 idtB=0.144 D_A=0.093 D_B=0.142 D_A(real)=0.84 D_A(fake)=0.16 gnG=39.81 gnD=14.44 it_per_s=10.61
2026-10-02 02:30:09,919 INFO iter=44600 epoch=7 lr=2.00e-04 G=5.780 advA2B=0.576 advB2A=0.647 cycA=0.145 cycB=0.164 idtA=0.149 idtB=0.144 D_A=0.093 D_B=0.141 D_A(real)=0.84 D_A(fake)=0.16 gnG=40.12 gnD=14.43 it_per_s=10.61
2026-10-02 02:30:19,315 INFO iter=44700 epoch=7 lr=2.00e-04 G=5.789 advA2B=0.577 advB2A=0.647 cycA=0.146 cycB=0.164 idtA=0.149 idtB=0.145 D_A=0.093 D_B=0.141 D_A(real)=0.84 D_A(fake)=0.16 gnG=39.89 gnD=14.35 it_per_s=10.61
2026-10-02 02:30:28,416 INFO iter=44800 epoch=7 lr=2.00e-04 G=5.796 advA2B=0.577 advB2A=0.647 cycA=0.146 cycB=0.164 idtA=0.149 idtB=0.145 D_A=0.093 D_B=0.140 D_A(real)=0.84 D_A(fake)=0.16 gnG=40.14 gnD=14.34 it_per_s=10.63
2026-10-02 02:30:37,848 INFO iter=44900 epoch=7 lr=2.00e-04 G=5.818 advA2B=0.581 advB2A=0.649 cycA=0.147 cycB=0.165 idtA=0.150 idtB=0.145 D_A=0.092 D_B=0.139 D_A(real)=0.84 D_A(fake)=0.16 gnG=40.21 gnD=14.34 it_per_s=10.63
2026-10-02 02:30:47,252 INFO iter=45000 epoch=7 lr=2.00e-04 G=5.820 advA2B=0.580 advB2A=0.652 cycA=0.147 cycB=0.164 idtA=0.150 idtB=0.144 D_A=0.092 D_B=0.139 D_A(real)=0.84 D_A(fake)=0.16 gnG=40.24 gnD=14.34 it_per_s=10.63
2026-10-02 02:30:56,318 INFO iter=45100 epoch=7 lr=2.00e-04 G=5.820 advA2B=0.580 advB2A=0.653 cycA=0.147 cycB=0.164 idtA=0.150 idtB=0.144 D_A=0.091 D_B=0.139 D_A(real)=0.84 D_A(fake)=0.16 gnG=40.17 gnD=14.35 it_per_s=10.64
2026-10-02 02:31:05,676 INFO iter=45200 epoch=7 lr=2.00e-04 G=5.830 advA2B=0.581 advB2A=0.654 cycA=0.148 cycB=0.164 idtA=0.150 idtB=0.145 D_A=0.091 D_B=0.139 D_A(real)=0.84 D_A(fake)=0.16 gnG=40.11 gnD=14.32 it_per_s=10.64
2026-10-02 02:31:15,104 INFO iter=45300 epoch=7 lr=2.00e-04 G=5.822 advA2B=0.580 advB2A=0.654 cycA=0.148 cycB=0.164 idtA=0.150 idtB=0.144 D_A=0.091 D_B=0.139 D_A(real)=0.84 D_A(fake)=0.16 gnG=39.88 gnD=14.35 it_per_s=10.64
2026-10-02 02:31:24,222 INFO iter=45400 epoch=7 lr=2.00e-04 G=5.814 advA2B=0.579 advB2A=0.653 cycA=0.147 cycB=0.164 idtA=0.150 idtB=0.144 D_A=0.091 D_B=0.140 D_A(real)=0.84 D_A(fake)=0.16 gnG=39.75 gnD=14.35 it_per_s=10.65
2026-10-02 02:31:33,511 INFO iter=45500 epoch=7 lr=2.00e-04 G=5.805 advA2B=0.577 advB2A=0.652 cycA=0.147 cycB=0.164 idtA=0.150 idtB=0.144 D_A=0.091 D_B=0.140 D_A(real)=0.84 D_A(fake)=0.16 gnG=39.65 gnD=14.34 it_per_s=10.65
2026-10-02 02:31:42,954 INFO iter=45600 epoch=7 lr=2.00e-04 G=5.802 advA2B=0.576 advB2A=0.652 cycA=0.147 cycB=0.164 idtA=0.149 idtB=0.144 D_A=0.092 D_B=0.140 D_A(real)=0.84 D_A(fake)=0.16 gnG=39.58 gnD=14.37 it_per_s=10.65
2026-10-02 02:31:52,169 INFO iter=45700 epoch=7 lr=2.00e-04 G=5.797 advA2B=0.576 advB2A=0.652 cycA=0.147 cycB=0.164 idtA=0.149 idtB=0.144 D_A=0.092 D_B=0.141 D_A(real)=0.84 D_A(fake)=0.16 gnG=39.45 gnD=14.41 it_per_s=10.66
2026-10-02 02:32:01,342 INFO iter=45800 epoch=7 lr=2.00e-04 G=5.794 advA2B=0.575 advB2A=0.651 cycA=0.147 cycB=0.164 idtA=0.149 idtB=0.144 D_A=0.092 D_B=0.140 D_A(real)=0.84 D_A(fake)=0.16 gnG=39.34 gnD=14.38 it_per_s=10.66
2026-10-02 02:32:10,787 INFO iter=45900 epoch=7 lr=2.00e-04 G=5.793 advA2B=0.578 advB2A=0.651 cycA=0.147 cycB=0.164 idtA=0.149 idtB=0.144 D_A=0.092 D_B=0.139 D_A(real)=0.84 D_A(fake)=0.16 gnG=39.29 gnD=14.35 it_per_s=10.66
2026-10-02 02:32:20,076 INFO iter=46000 epoch=7 lr=2.00e-04 G=5.793 advA2B=0.576 advB2A=0.651 cycA=0.146 cycB=0.164 idtA=0.149 idtB=0.144 D_A=0.092 D_B=0.140 D_A(real)=0.84 D_A(fake)=0.16 gnG=39.15 gnD=14.34 it_per_s=10.66
2026-10-02 02:32:29,151 INFO iter=46100 epoch=7 lr=2.00e-04 G=5.790 advA2B=0.576 advB2A=0.651 cycA=0.146 cycB=0.164 idtA=0.149 idtB=0.144 D_A=0.092 D_B=0.140 D_A(real)=0.84 D_A(fake)=0.16 gnG=39.00 gnD=14.32 it_per_s=10.67
2026-10-02 02:32:38,590 INFO iter=46200 epoch=7 lr=2.00e-04 G=5.784 advA2B=0.574 advB2A=0.650 cycA=0.146 cycB=0.164 idtA=0.149 idtB=0.144 D_A=0.092 D_B=0.141 D_A(real)=0.84 D_A(fake)=0.16 gnG=38.85 gnD=14.26 it_per_s=10.67
2026-10-02 02:32:48,052 INFO iter=46300 epoch=7 lr=2.00e-04 G=5.778 advA2B=0.574 advB2A=0.650 cycA=0.146 cycB=0.163 idtA=0.148 idtB=0.144 D_A=0.092 D_B=0.141 D_A(real)=0.84 D_A(fake)=0.16 gnG=38.72 gnD=14.25 it_per_s=10.67
2026-10-02 02:32:57,072 INFO iter=46400 epoch=7 lr=2.00e-04 G=5.773 advA2B=0.573 advB2A=0.649 cycA=0.146 cycB=0.163 idtA=0.148 idtB=0.144 D_A=0.092 D_B=0.141 D_A(real)=0.84 D_A(fake)=0.16 gnG=38.64 gnD=14.23 it_per_s=10.68
2026-10-02 02:33:06,467 INFO iter=46500 epoch=7 lr=2.00e-04 G=5.769 advA2B=0.573 advB2A=0.650 cycA=0.146 cycB=0.163 idtA=0.148 idtB=0.144 D_A=0.092 D_B=0.141 D_A(real)=0.84 D_A(fake)=0.16 gnG=38.55 gnD=14.22 it_per_s=10.68
2026-10-02 02:33:15,898 INFO iter=46600 epoch=7 lr=2.00e-04 G=5.765 advA2B=0.573 advB2A=0.650 cycA=0.146 cycB=0.163 idtA=0.148 idtB=0.143 D_A=0.092 D_B=0.141 D_A(real)=0.84 D_A(fake)=0.16 gnG=38.54 gnD=14.26 it_per_s=10.68
2026-10-02 02:33:24,974 INFO iter=46700 epoch=7 lr=2.00e-04 G=5.770 advA2B=0.573 advB2A=0.650 cycA=0.146 cycB=0.163 idtA=0.148 idtB=0.143 D_A=0.092 D_B=0.141 D_A(real)=0.84 D_A(fake)=0.16 gnG=38.64 gnD=14.26 it_per_s=10.68
2026-10-02 02:33:34,285 INFO iter=46800 epoch=7 lr=2.00e-04 G=5.769 advA2B=0.573 advB2A=0.651 cycA=0.146 cycB=0.163 idtA=0.148 idtB=0.143 D_A=0.092 D_B=0.141 D_A(real)=0.84 D_A(fake)=0.16 gnG=38.54 gnD=14.27 it_per_s=10.68
2026-10-02 02:33:43,709 INFO iter=46900 epoch=7 lr=2.00e-04 G=5.767 advA2B=0.572 advB2A=0.651 cycA=0.146 cycB=0.163 idtA=0.148 idtB=0.143 D_A=0.092 D_B=0.142 D_A(real)=0.84 D_A(fake)=0.16 gnG=38.44 gnD=14.21 it_per_s=10.68
2026-10-02 02:33:52,902 INFO iter=47000 epoch=7 lr=2.00e-04 G=5.764 advA2B=0.573 advB2A=0.650 cycA=0.146 cycB=0.163 idtA=0.148 idtB=0.143 D_A=0.092 D_B=0.141 D_A(real)=0.84 D_A(fake)=0.16 gnG=38.32 gnD=14.20 it_per_s=10.69
2026-10-02 02:34:02,043 INFO iter=47100 epoch=7 lr=2.00e-04 G=5.767 advA2B=0.573 advB2A=0.651 cycA=0.146 cycB=0.163 idtA=0.148 idtB=0.143 D_A=0.092 D_B=0.141 D_A(real)=0.84 D_A(fake)=0.16 gnG=38.29 gnD=14.17 it_per_s=10.69
2026-10-02 02:34:11,477 INFO iter=47200 epoch=7 lr=2.00e-04 G=5.765 advA2B=0.575 advB2A=0.652 cycA=0.146 cycB=0.163 idtA=0.148 idtB=0.143 D_A=0.092 D_B=0.141 D_A(real)=0.84 D_A(fake)=0.16 gnG=38.31 gnD=14.17 it_per_s=10.69
2026-10-02 02:34:20,780 INFO iter=47300 epoch=7 lr=2.00e-04 G=5.762 advA2B=0.575 advB2A=0.652 cycA=0.145 cycB=0.163 idtA=0.148 idtB=0.143 D_A=0.091 D_B=0.141 D_A(real)=0.84 D_A(fake)=0.16 gnG=38.30 gnD=14.17 it_per_s=10.69
2026-10-02 02:34:29,882 INFO iter=47400 epoch=7 lr=2.00e-04 G=5.757 advA2B=0.575 advB2A=0.653 cycA=0.145 cycB=0.162 idtA=0.148 idtB=0.143 D_A=0.091 D_B=0.141 D_A(real)=0.84 D_A(fake)=0.16 gnG=38.26 gnD=14.17 it_per_s=10.70
2026-10-02 02:34:39,323 INFO iter=47500 epoch=7 lr=2.00e-04 G=5.756 advA2B=0.575 advB2A=0.652 cycA=0.145 cycB=0.162 idtA=0.147 idtB=0.143 D_A=0.091 D_B=0.140 D_A(real)=0.84 D_A(fake)=0.16 gnG=38.22 gnD=14.16 it_per_s=10.70
2026-10-02 02:34:48,844 INFO iter=47600 epoch=7 lr=2.00e-04 G=5.762 advA2B=0.576 advB2A=0.653 cycA=0.145 cycB=0.163 idtA=0.147 idtB=0.143 D_A=0.091 D_B=0.140 D_A(real)=0.84 D_A(fake)=0.16 gnG=38.24 gnD=14.16 it_per_s=10.69
2026-10-02 02:34:58,049 INFO iter=47700 epoch=7 lr=2.00e-04 G=5.759 advA2B=0.576 advB2A=0.652 cycA=0.145 cycB=0.163 idtA=0.147 idtB=0.143 D_A=0.091 D_B=0.139 D_A(real)=0.84 D_A(fake)=0.16 gnG=38.18 gnD=14.13 it_per_s=10.69
2026-10-02 02:35:07,453 INFO iter=47800 epoch=7 lr=2.00e-04 G=5.756 advA2B=0.577 advB2A=0.653 cycA=0.145 cycB=0.162 idtA=0.147 idtB=0.143 D_A=0.091 D_B=0.140 D_A(real)=0.84 D_A(fake)=0.16 gnG=38.17 gnD=14.13 it_per_s=10.69
2026-10-02 02:35:16,909 INFO iter=47900 epoch=7 lr=2.00e-04 G=5.756 advA2B=0.578 advB2A=0.653 cycA=0.145 cycB=0.162 idtA=0.147 idtB=0.143 D_A=0.091 D_B=0.139 D_A(real)=0.84 D_A(fake)=0.16 gnG=38.13 gnD=14.13 it_per_s=10.69
2026-10-02 02:35:26,122 INFO iter=48000 epoch=7 lr=2.00e-04 G=5.756 advA2B=0.578 advB2A=0.653 cycA=0.145 cycB=0.162 idtA=0.147 idtB=0.143 D_A=0.091 D_B=0.139 D_A(real)=0.84 D_A(fake)=0.16 gnG=38.06 gnD=14.12 it_per_s=10.69
2026-10-02 02:35:35,394 INFO iter=48100 epoch=7 lr=2.00e-04 G=5.755 advA2B=0.578 advB2A=0.654 cycA=0.145 cycB=0.162 idtA=0.147 idtB=0.143 D_A=0.091 D_B=0.139 D_A(real)=0.84 D_A(fake)=0.16 gnG=38.02 gnD=14.13 it_per_s=10.70
2026-10-02 02:35:44,793 INFO iter=48200 epoch=7 lr=2.00e-04 G=5.756 advA2B=0.578 advB2A=0.654 cycA=0.145 cycB=0.162 idtA=0.147 idtB=0.143 D_A=0.091 D_B=0.139 D_A(real)=0.84 D_A(fake)=0.16 gnG=37.96 gnD=14.11 it_per_s=10.69
2026-10-02 02:35:54,032 INFO iter=48300 epoch=7 lr=2.00e-04 G=5.755 advA2B=0.579 advB2A=0.653 cycA=0.145 cycB=0.162 idtA=0.147 idtB=0.143 D_A=0.091 D_B=0.139 D_A(real)=0.84 D_A(fake)=0.16 gnG=37.91 gnD=14.10 it_per_s=10.70
2026-10-02 02:36:03,182 INFO iter=48400 epoch=7 lr=2.00e-04 G=5.752 advA2B=0.579 advB2A=0.654 cycA=0.145 cycB=0.162 idtA=0.147 idtB=0.143 D_A=0.091 D_B=0.139 D_A(real)=0.84 D_A(fake)=0.16 gnG=37.87 gnD=14.08 it_per_s=10.70
2026-10-02 02:36:12,652 INFO iter=48500 epoch=7 lr=2.00e-04 G=5.751 advA2B=0.580 advB2A=0.654 cycA=0.145 cycB=0.162 idtA=0.147 idtB=0.143 D_A=0.091 D_B=0.139 D_A(real)=0.84 D_A(fake)=0.16 gnG=37.83 gnD=14.06 it_per_s=10.70
2026-10-02 02:36:22,080 INFO iter=48600 epoch=7 lr=2.00e-04 G=5.745 advA2B=0.580 advB2A=0.653 cycA=0.145 cycB=0.162 idtA=0.146 idtB=0.143 D_A=0.091 D_B=0.138 D_A(real)=0.84 D_A(fake)=0.16 gnG=37.80 gnD=14.06 it_per_s=10.70
2026-10-02 02:36:31,517 INFO iter=48700 epoch=7 lr=2.00e-04 G=5.739 advA2B=0.580 advB2A=0.653 cycA=0.144 cycB=0.162 idtA=0.146 idtB=0.143 D_A=0.091 D_B=0.138 D_A(real)=0.84 D_A(fake)=0.16 gnG=37.76 gnD=14.04 it_per_s=10.70
2026-10-02 02:36:40,948 INFO iter=48800 epoch=7 lr=2.00e-04 G=5.736 advA2B=0.581 advB2A=0.652 cycA=0.144 cycB=0.162 idtA=0.146 idtB=0.143 D_A=0.091 D_B=0.138 D_A(real)=0.84 D_A(fake)=0.16 gnG=37.72 gnD=14.02 it_per_s=10.69
2026-10-02 02:36:50,378 INFO iter=48900 epoch=7 lr=2.00e-04 G=5.736 advA2B=0.582 advB2A=0.653 cycA=0.144 cycB=0.162 idtA=0.146 idtB=0.143 D_A=0.091 D_B=0.137 D_A(real)=0.84 D_A(fake)=0.16 gnG=37.75 gnD=14.00 it_per_s=10.69
2026-10-02 02:36:59,853 INFO iter=49000 epoch=7 lr=2.00e-04 G=5.735 advA2B=0.582 advB2A=0.654 cycA=0.144 cycB=0.161 idtA=0.146 idtB=0.143 D_A=0.091 D_B=0.138 D_A(real)=0.84 D_A(fake)=0.16 gnG=37.72 gnD=14.00 it_per_s=10.69
2026-10-02 02:37:09,285 INFO iter=49100 epoch=7 lr=2.00e-04 G=5.736 advA2B=0.582 advB2A=0.654 cycA=0.144 cycB=0.162 idtA=0.146 idtB=0.143 D_A=0.091 D_B=0.137 D_A(real)=0.84 D_A(fake)=0.16 gnG=37.70 gnD=14.00 it_per_s=10.69
2026-10-02 02:37:18,717 INFO iter=49200 epoch=7 lr=2.00e-04 G=5.738 advA2B=0.582 advB2A=0.654 cycA=0.144 cycB=0.162 idtA=0.146 idtB=0.143 D_A=0.091 D_B=0.138 D_A(real)=0.84 D_A(fake)=0.16 gnG=37.69 gnD=13.97 it_per_s=10.69
2026-10-02 02:37:24,940 INFO epoch=7 done time_s=659 it_per_s=10.69 G=5.737 cycA=0.144 cycB=0.162 idtA=0.146 idtB=0.143 D_A=0.091 D_B=0.138 D_A(real)=0.84 D_A(fake)=0.16 nan_count=0
2026-10-02 02:37:28,688 INFO iter=49300 epoch=8 lr=2.00e-04 G=5.621 advA2B=0.577 advB2A=0.718 cycA=0.149 cycB=0.145 idtA=0.153 idtB=0.123 D_A=0.072 D_B=0.119 D_A(real)=0.87 D_A(fake)=0.13 gnG=36.01 gnD=12.78 it_per_s=10.49
2026-10-02 02:37:38,068 INFO iter=49400 epoch=8 lr=2.00e-04 G=5.782 advA2B=0.588 advB2A=0.706 cycA=0.148 cycB=0.157 idtA=0.154 idtB=0.135 D_A=0.077 D_B=0.121 D_A(real)=0.86 D_A(fake)=0.14 gnG=40.47 gnD=12.48 it_per_s=10.62
2026-10-02 02:37:47,457 INFO iter=49500 epoch=8 lr=2.00e-04 G=5.698 advA2B=0.603 advB2A=0.683 cycA=0.144 cycB=0.155 idtA=0.149 idtB=0.136 D_A=0.084 D_B=0.125 D_A(real)=0.85 D_A(fake)=0.15 gnG=38.44 gnD=12.85 it_per_s=10.63
2026-10-02 02:37:56,880 INFO iter=49600 epoch=8 lr=2.00e-04 G=5.749 advA2B=0.612 advB2A=0.701 cycA=0.145 cycB=0.156 idtA=0.149 idtB=0.136 D_A=0.080 D_B=0.129 D_A(real)=0.86 D_A(fake)=0.14 gnG=41.60 gnD=12.86 it_per_s=10.63
2026-10-02 02:38:06,282 INFO iter=49700 epoch=8 lr=2.00e-04 G=5.854 advA2B=0.605 advB2A=0.704 cycA=0.147 cycB=0.162 idtA=0.150 idtB=0.141 D_A=0.081 D_B=0.130 D_A(real)=0.86 D_A(fake)=0.14 gnG=42.78 gnD=12.87 it_per_s=10.63
2026-10-02 02:38:15,733 INFO iter=49800 epoch=8 lr=2.00e-04 G=5.888 advA2B=0.594 advB2A=0.713 cycA=0.150 cycB=0.163 idtA=0.151 idtB=0.141 D_A=0.077 D_B=0.133 D_A(real)=0.87 D_A(fake)=0.13 gnG=42.16 gnD=12.46 it_per_s=10.62
2026-10-02 02:38:25,180 INFO iter=49900 epoch=8 lr=2.00e-04 G=5.883 advA2B=0.585 advB2A=0.705 cycA=0.150 cycB=0.163 idtA=0.151 idtB=0.141 D_A=0.079 D_B=0.135 D_A(real)=0.86 D_A(fake)=0.14 gnG=41.48 gnD=12.22 it_per_s=10.61
2026-10-02 02:38:34,619 INFO iter=50000 epoch=8 lr=2.00e-04 G=5.862 advA2B=0.581 advB2A=0.700 cycA=0.151 cycB=0.162 idtA=0.151 idtB=0.141 D_A=0.079 D_B=0.136 D_A(real)=0.87 D_A(fake)=0.13 gnG=41.41 gnD=12.02 it_per_s=10.61
2026-10-02 02:38:44,062 INFO iter=50100 epoch=8 lr=2.00e-04 G=5.830 advA2B=0.572 advB2A=0.696 cycA=0.151 cycB=0.161 idtA=0.150 idtB=0.140 D_A=0.081 D_B=0.136 D_A(real)=0.86 D_A(fake)=0.14 gnG=41.15 gnD=11.88 it_per_s=10.61
2026-10-02 02:38:53,521 INFO iter=50200 epoch=8 lr=2.00e-04 G=5.814 advA2B=0.566 advB2A=0.692 cycA=0.150 cycB=0.161 idtA=0.150 idtB=0.140 D_A=0.082 D_B=0.136 D_A(real)=0.86 D_A(fake)=0.14 gnG=40.46 gnD=11.74 it_per_s=10.60
2026-10-02 02:39:02,946 INFO iter=50300 epoch=8 lr=2.00e-04 G=5.795 advA2B=0.563 advB2A=0.691 cycA=0.149 cycB=0.160 idtA=0.150 idtB=0.139 D_A=0.082 D_B=0.137 D_A(real)=0.86 D_A(fake)=0.14 gnG=40.03 gnD=11.67 it_per_s=10.61
2026-10-02 02:39:12,393 INFO iter=50400 epoch=8 lr=2.00e-04 G=5.763 advA2B=0.561 advB2A=0.689 cycA=0.148 cycB=0.159 idtA=0.149 idtB=0.138 D_A=0.082 D_B=0.138 D_A(real)=0.86 D_A(fake)=0.14 gnG=39.45 gnD=11.57 it_per_s=10.60
2026-10-02 02:39:21,819 INFO iter=50500 epoch=8 lr=2.00e-04 G=5.769 advA2B=0.561 advB2A=0.685 cycA=0.148 cycB=0.160 idtA=0.149 idtB=0.139 D_A=0.082 D_B=0.139 D_A(real)=0.86 D_A(fake)=0.14 gnG=39.06 gnD=11.52 it_per_s=10.60
2026-10-02 02:39:31,285 INFO iter=50600 epoch=8 lr=2.00e-04 G=5.784 advA2B=0.562 advB2A=0.689 cycA=0.148 cycB=0.161 idtA=0.149 idtB=0.140 D_A=0.081 D_B=0.138 D_A(real)=0.86 D_A(fake)=0.14 gnG=38.62 gnD=11.41 it_per_s=10.60
2026-10-02 02:39:40,732 INFO iter=50700 epoch=8 lr=2.00e-04 G=5.767 advA2B=0.558 advB2A=0.686 cycA=0.147 cycB=0.161 idtA=0.148 idtB=0.140 D_A=0.083 D_B=0.139 D_A(real)=0.86 D_A(fake)=0.14 gnG=38.34 gnD=11.41 it_per_s=10.60
2026-10-02 02:39:50,151 INFO iter=50800 epoch=8 lr=2.00e-04 G=5.749 advA2B=0.559 advB2A=0.684 cycA=0.147 cycB=0.160 idtA=0.148 idtB=0.140 D_A=0.082 D_B=0.139 D_A(real)=0.86 D_A(fake)=0.14 gnG=37.80 gnD=11.35 it_per_s=10.60
2026-10-02 02:39:59,489 INFO iter=50900 epoch=8 lr=2.00e-04 G=5.744 advA2B=0.561 advB2A=0.682 cycA=0.147 cycB=0.160 idtA=0.147 idtB=0.140 D_A=0.083 D_B=0.140 D_A(real)=0.86 D_A(fake)=0.14 gnG=37.48 gnD=11.32 it_per_s=10.61
2026-10-02 02:40:08,822 INFO iter=51000 epoch=8 lr=2.00e-04 G=5.738 advA2B=0.559 advB2A=0.682 cycA=0.146 cycB=0.160 idtA=0.147 idtB=0.140 D_A=0.082 D_B=0.140 D_A(real)=0.86 D_A(fake)=0.14 gnG=37.27 gnD=11.26 it_per_s=10.61
2026-10-02 02:40:18,214 INFO iter=51100 epoch=8 lr=2.00e-04 G=5.730 advA2B=0.558 advB2A=0.680 cycA=0.146 cycB=0.160 idtA=0.147 idtB=0.140 D_A=0.082 D_B=0.140 D_A(real)=0.86 D_A(fake)=0.14 gnG=36.86 gnD=11.21 it_per_s=10.62
2026-10-02 02:40:27,362 INFO iter=51200 epoch=8 lr=2.00e-04 G=5.732 advA2B=0.558 advB2A=0.680 cycA=0.146 cycB=0.160 idtA=0.147 idtB=0.140 D_A=0.083 D_B=0.139 D_A(real)=0.86 D_A(fake)=0.14 gnG=36.73 gnD=11.20 it_per_s=10.63
2026-10-02 02:40:36,594 INFO iter=51300 epoch=8 lr=2.00e-04 G=5.725 advA2B=0.559 advB2A=0.678 cycA=0.145 cycB=0.160 idtA=0.147 idtB=0.140 D_A=0.084 D_B=0.139 D_A(real)=0.86 D_A(fake)=0.14 gnG=36.37 gnD=11.15 it_per_s=10.64
2026-10-02 02:40:46,044 INFO iter=51400 epoch=8 lr=2.00e-04 G=5.720 advA2B=0.559 advB2A=0.677 cycA=0.145 cycB=0.160 idtA=0.146 idtB=0.140 D_A=0.084 D_B=0.138 D_A(real)=0.85 D_A(fake)=0.15 gnG=36.13 gnD=11.14 it_per_s=10.64
2026-10-02 02:40:55,430 INFO iter=51500 epoch=8 lr=2.00e-04 G=5.715 advA2B=0.559 advB2A=0.675 cycA=0.145 cycB=0.160 idtA=0.146 idtB=0.140 D_A=0.085 D_B=0.139 D_A(real)=0.85 D_A(fake)=0.15 gnG=35.94 gnD=11.14 it_per_s=10.64
2026-10-02 02:41:04,564 INFO iter=51600 epoch=8 lr=2.00e-04 G=5.704 advA2B=0.559 advB2A=0.671 cycA=0.144 cycB=0.160 idtA=0.146 idtB=0.140 D_A=0.085 D_B=0.139 D_A(real)=0.85 D_A(fake)=0.15 gnG=35.71 gnD=11.12 it_per_s=10.65
2026-10-02 02:41:14,005 INFO iter=51700 epoch=8 lr=2.00e-04 G=5.699 advA2B=0.559 advB2A=0.670 cycA=0.144 cycB=0.160 idtA=0.146 idtB=0.140 D_A=0.085 D_B=0.139 D_A(real)=0.85 D_A(fake)=0.15 gnG=35.57 gnD=11.08 it_per_s=10.65
2026-10-02 02:41:23,441 INFO iter=51800 epoch=8 lr=2.00e-04 G=5.699 advA2B=0.559 advB2A=0.668 cycA=0.144 cycB=0.160 idtA=0.146 idtB=0.140 D_A=0.086 D_B=0.139 D_A(real)=0.85 D_A(fake)=0.15 gnG=35.54 gnD=11.07 it_per_s=10.65
2026-10-02 02:41:32,594 INFO iter=51900 epoch=8 lr=2.00e-04 G=5.691 advA2B=0.559 advB2A=0.667 cycA=0.144 cycB=0.160 idtA=0.146 idtB=0.140 D_A=0.086 D_B=0.138 D_A(real)=0.85 D_A(fake)=0.15 gnG=35.32 gnD=11.05 it_per_s=10.66
2026-10-02 02:41:42,042 INFO iter=52000 epoch=8 lr=2.00e-04 G=5.690 advA2B=0.560 advB2A=0.666 cycA=0.144 cycB=0.160 idtA=0.146 idtB=0.140 D_A=0.086 D_B=0.138 D_A(real)=0.85 D_A(fake)=0.15 gnG=35.18 gnD=11.02 it_per_s=10.65
2026-10-02 02:41:51,463 INFO iter=52100 epoch=8 lr=2.00e-04 G=5.684 advA2B=0.561 advB2A=0.665 cycA=0.144 cycB=0.159 idtA=0.146 idtB=0.140 D_A=0.086 D_B=0.138 D_A(real)=0.85 D_A(fake)=0.15 gnG=35.03 gnD=10.99 it_per_s=10.65
2026-10-02 02:42:00,497 INFO iter=52200 epoch=8 lr=2.00e-04 G=5.687 advA2B=0.562 advB2A=0.665 cycA=0.143 cycB=0.160 idtA=0.146 idtB=0.140 D_A=0.086 D_B=0.137 D_A(real)=0.85 D_A(fake)=0.15 gnG=34.88 gnD=10.95 it_per_s=10.67
2026-10-02 02:42:09,902 INFO iter=52300 epoch=8 lr=2.00e-04 G=5.679 advA2B=0.564 advB2A=0.664 cycA=0.143 cycB=0.159 idtA=0.145 idtB=0.140 D_A=0.086 D_B=0.137 D_A(real)=0.85 D_A(fake)=0.15 gnG=34.76 gnD=10.94 it_per_s=10.67
2026-10-02 02:42:19,312 INFO iter=52400 epoch=8 lr=2.00e-04 G=5.674 advA2B=0.564 advB2A=0.663 cycA=0.143 cycB=0.159 idtA=0.145 idtB=0.140 D_A=0.086 D_B=0.137 D_A(real)=0.85 D_A(fake)=0.15 gnG=34.65 gnD=10.91 it_per_s=10.66
2026-10-02 02:42:28,619 INFO iter=52500 epoch=8 lr=2.00e-04 G=5.672 advA2B=0.564 advB2A=0.663 cycA=0.143 cycB=0.159 idtA=0.145 idtB=0.140 D_A=0.086 D_B=0.136 D_A(real)=0.85 D_A(fake)=0.15 gnG=34.53 gnD=10.89 it_per_s=10.67
2026-10-02 02:42:37,893 INFO iter=52600 epoch=8 lr=2.00e-04 G=5.666 advA2B=0.565 advB2A=0.661 cycA=0.142 cycB=0.159 idtA=0.145 idtB=0.140 D_A=0.086 D_B=0.136 D_A(real)=0.85 D_A(fake)=0.15 gnG=34.40 gnD=10.88 it_per_s=10.67
2026-10-02 02:42:47,346 INFO iter=52700 epoch=8 lr=2.00e-04 G=5.663 advA2B=0.565 advB2A=0.660 cycA=0.142 cycB=0.159 idtA=0.144 idtB=0.141 D_A=0.086 D_B=0.136 D_A(real)=0.85 D_A(fake)=0.15 gnG=34.26 gnD=10.85 it_per_s=10.67
2026-10-02 02:42:56,568 INFO iter=52800 epoch=8 lr=2.00e-04 G=5.659 advA2B=0.566 advB2A=0.661 cycA=0.142 cycB=0.159 idtA=0.144 idtB=0.140 D_A=0.086 D_B=0.136 D_A(real)=0.85 D_A(fake)=0.15 gnG=34.15 gnD=10.84 it_per_s=10.67
2026-10-02 02:43:05,783 INFO iter=52900 epoch=8 lr=2.00e-04 G=5.657 advA2B=0.568 advB2A=0.660 cycA=0.142 cycB=0.159 idtA=0.144 idtB=0.140 D_A=0.086 D_B=0.135 D_A(real)=0.85 D_A(fake)=0.15 gnG=34.06 gnD=10.81 it_per_s=10.68
2026-10-02 02:43:15,208 INFO iter=53000 epoch=8 lr=2.00e-04 G=5.650 advA2B=0.569 advB2A=0.661 cycA=0.141 cycB=0.159 idtA=0.144 idtB=0.140 D_A=0.086 D_B=0.135 D_A(real)=0.85 D_A(fake)=0.15 gnG=33.91 gnD=10.81 it_per_s=10.68
2026-10-02 02:43:24,642 INFO iter=53100 epoch=8 lr=2.00e-04 G=5.649 advA2B=0.569 advB2A=0.661 cycA=0.141 cycB=0.159 idtA=0.144 idtB=0.140 D_A=0.086 D_B=0.135 D_A(real)=0.85 D_A(fake)=0.15 gnG=33.83 gnD=10.80 it_per_s=10.67
2026-10-02 02:43:33,774 INFO iter=53200 epoch=8 lr=2.00e-04 G=5.647 advA2B=0.569 advB2A=0.662 cycA=0.141 cycB=0.158 idtA=0.144 idtB=0.140 D_A=0.086 D_B=0.135 D_A(real)=0.85 D_A(fake)=0.15 gnG=33.71 gnD=10.77 it_per_s=10.68
2026-10-02 02:43:43,195 INFO iter=53300 epoch=8 lr=2.00e-04 G=5.644 advA2B=0.569 advB2A=0.662 cycA=0.141 cycB=0.158 idtA=0.144 idtB=0.139 D_A=0.086 D_B=0.134 D_A(real)=0.85 D_A(fake)=0.15 gnG=33.61 gnD=10.77 it_per_s=10.68
2026-10-02 02:43:52,592 INFO iter=53400 epoch=8 lr=2.00e-04 G=5.644 advA2B=0.569 advB2A=0.663 cycA=0.142 cycB=0.158 idtA=0.144 idtB=0.139 D_A=0.085 D_B=0.135 D_A(real)=0.85 D_A(fake)=0.15 gnG=33.58 gnD=10.76 it_per_s=10.68
2026-10-02 02:44:01,676 INFO iter=53500 epoch=8 lr=2.00e-04 G=5.643 advA2B=0.568 advB2A=0.664 cycA=0.141 cycB=0.158 idtA=0.144 idtB=0.139 D_A=0.085 D_B=0.135 D_A(real)=0.85 D_A(fake)=0.15 gnG=33.53 gnD=10.75 it_per_s=10.69
2026-10-02 02:44:11,235 INFO iter=53600 epoch=8 lr=2.00e-04 G=5.644 advA2B=0.568 advB2A=0.664 cycA=0.141 cycB=0.158 idtA=0.144 idtB=0.139 D_A=0.086 D_B=0.135 D_A(real)=0.85 D_A(fake)=0.15 gnG=33.50 gnD=10.76 it_per_s=10.68
2026-10-02 02:44:20,657 INFO iter=53700 epoch=8 lr=2.00e-04 G=5.640 advA2B=0.567 advB2A=0.664 cycA=0.141 cycB=0.158 idtA=0.144 idtB=0.139 D_A=0.086 D_B=0.134 D_A(real)=0.85 D_A(fake)=0.15 gnG=33.40 gnD=10.74 it_per_s=10.68
2026-10-02 02:44:29,949 INFO iter=53800 epoch=8 lr=2.00e-04 G=5.632 advA2B=0.566 advB2A=0.665 cycA=0.141 cycB=0.158 idtA=0.143 idtB=0.139 D_A=0.085 D_B=0.134 D_A(real)=0.85 D_A(fake)=0.15 gnG=33.26 gnD=10.73 it_per_s=10.68
2026-10-02 02:44:39,258 INFO iter=53900 epoch=8 lr=2.00e-04 G=5.634 advA2B=0.567 advB2A=0.665 cycA=0.141 cycB=0.158 idtA=0.144 idtB=0.139 D_A=0.085 D_B=0.134 D_A(real)=0.85 D_A(fake)=0.15 gnG=33.24 gnD=10.71 it_per_s=10.68
2026-10-02 02:44:48,679 INFO iter=54000 epoch=8 lr=2.00e-04 G=5.637 advA2B=0.567 advB2A=0.666 cycA=0.141 cycB=0.158 idtA=0.144 idtB=0.139 D_A=0.085 D_B=0.134 D_A(real)=0.85 D_A(fake)=0.15 gnG=33.19 gnD=10.69 it_per_s=10.68
2026-10-02 02:44:58,140 INFO iter=54100 epoch=8 lr=2.00e-04 G=5.643 advA2B=0.568 advB2A=0.668 cycA=0.141 cycB=0.158 idtA=0.144 idtB=0.139 D_A=0.085 D_B=0.134 D_A(real)=0.85 D_A(fake)=0.15 gnG=33.16 gnD=10.68 it_per_s=10.68
2026-10-02 02:45:07,303 INFO iter=54200 epoch=8 lr=2.00e-04 G=5.637 advA2B=0.568 advB2A=0.668 cycA=0.141 cycB=0.158 idtA=0.143 idtB=0.139 D_A=0.084 D_B=0.134 D_A(real)=0.85 D_A(fake)=0.15 gnG=33.07 gnD=10.67 it_per_s=10.68
2026-10-02 02:45:16,771 INFO iter=54300 epoch=8 lr=2.00e-04 G=5.637 advA2B=0.569 advB2A=0.669 cycA=0.141 cycB=0.158 idtA=0.143 idtB=0.139 D_A=0.084 D_B=0.133 D_A(real)=0.85 D_A(fake)=0.15 gnG=33.00 gnD=10.67 it_per_s=10.68
2026-10-02 02:45:26,089 INFO iter=54400 epoch=8 lr=2.00e-04 G=5.633 advA2B=0.569 advB2A=0.669 cycA=0.141 cycB=0.158 idtA=0.143 idtB=0.139 D_A=0.084 D_B=0.133 D_A(real)=0.85 D_A(fake)=0.15 gnG=32.91 gnD=10.66 it_per_s=10.68
2026-10-02 02:45:35,152 INFO iter=54500 epoch=8 lr=2.00e-04 G=5.630 advA2B=0.569 advB2A=0.669 cycA=0.141 cycB=0.158 idtA=0.143 idtB=0.139 D_A=0.084 D_B=0.133 D_A(real)=0.85 D_A(fake)=0.15 gnG=32.87 gnD=10.64 it_per_s=10.69
2026-10-02 02:45:44,619 INFO iter=54600 epoch=8 lr=2.00e-04 G=5.626 advA2B=0.569 advB2A=0.669 cycA=0.141 cycB=0.157 idtA=0.143 idtB=0.139 D_A=0.084 D_B=0.133 D_A(real)=0.85 D_A(fake)=0.15 gnG=32.80 gnD=10.64 it_per_s=10.69
2026-10-02 02:45:54,053 INFO iter=54700 epoch=8 lr=2.00e-04 G=5.620 advA2B=0.568 advB2A=0.669 cycA=0.140 cycB=0.157 idtA=0.143 idtB=0.139 D_A=0.084 D_B=0.134 D_A(real)=0.85 D_A(fake)=0.15 gnG=32.77 gnD=10.64 it_per_s=10.68
2026-10-02 02:46:03,033 INFO iter=54800 epoch=8 lr=2.00e-04 G=5.616 advA2B=0.568 advB2A=0.669 cycA=0.140 cycB=0.157 idtA=0.143 idtB=0.139 D_A=0.084 D_B=0.134 D_A(real)=0.85 D_A(fake)=0.15 gnG=32.72 gnD=10.64 it_per_s=10.69
2026-10-02 02:46:12,426 INFO iter=54900 epoch=8 lr=2.00e-04 G=5.612 advA2B=0.567 advB2A=0.670 cycA=0.140 cycB=0.157 idtA=0.142 idtB=0.138 D_A=0.084 D_B=0.134 D_A(real)=0.85 D_A(fake)=0.15 gnG=32.65 gnD=10.63 it_per_s=10.69
2026-10-02 02:46:21,857 INFO iter=55000 epoch=8 lr=2.00e-04 G=5.610 advA2B=0.567 advB2A=0.669 cycA=0.140 cycB=0.157 idtA=0.142 idtB=0.139 D_A=0.084 D_B=0.134 D_A(real)=0.85 D_A(fake)=0.15 gnG=32.59 gnD=10.62 it_per_s=10.69
2026-10-02 02:46:31,073 INFO iter=55100 epoch=8 lr=2.00e-04 G=5.610 advA2B=0.566 advB2A=0.669 cycA=0.140 cycB=0.157 idtA=0.142 idtB=0.139 D_A=0.084 D_B=0.134 D_A(real)=0.85 D_A(fake)=0.15 gnG=32.55 gnD=10.61 it_per_s=10.69
2026-10-02 02:46:40,365 INFO iter=55200 epoch=8 lr=2.00e-04 G=5.609 advA2B=0.566 advB2A=0.669 cycA=0.140 cycB=0.157 idtA=0.142 idtB=0.139 D_A=0.084 D_B=0.134 D_A(real)=0.85 D_A(fake)=0.15 gnG=32.50 gnD=10.61 it_per_s=10.69
2026-10-02 02:46:49,826 INFO iter=55300 epoch=8 lr=2.00e-04 G=5.609 advA2B=0.566 advB2A=0.670 cycA=0.140 cycB=0.157 idtA=0.142 idtB=0.139 D_A=0.084 D_B=0.134 D_A(real)=0.85 D_A(fake)=0.15 gnG=32.50 gnD=10.60 it_per_s=10.69
2026-10-02 02:46:59,161 INFO iter=55400 epoch=8 lr=2.00e-04 G=5.613 advA2B=0.566 advB2A=0.671 cycA=0.140 cycB=0.157 idtA=0.142 idtB=0.139 D_A=0.084 D_B=0.134 D_A(real)=0.85 D_A(fake)=0.15 gnG=32.49 gnD=10.60 it_per_s=10.69
2026-10-02 02:47:08,615 INFO iter=55500 epoch=8 lr=2.00e-04 G=5.617 advA2B=0.565 advB2A=0.672 cycA=0.140 cycB=0.157 idtA=0.142 idtB=0.139 D_A=0.084 D_B=0.134 D_A(real)=0.85 D_A(fake)=0.15 gnG=32.45 gnD=10.59 it_per_s=10.69
2026-10-02 02:47:18,076 INFO iter=55600 epoch=8 lr=2.00e-04 G=5.621 advA2B=0.566 advB2A=0.673 cycA=0.140 cycB=0.157 idtA=0.142 idtB=0.139 D_A=0.084 D_B=0.134 D_A(real)=0.86 D_A(fake)=0.14 gnG=32.46 gnD=10.58 it_per_s=10.69
2026-10-02 02:47:27,492 INFO iter=55700 epoch=8 lr=2.00e-04 G=5.623 advA2B=0.565 advB2A=0.674 cycA=0.140 cycB=0.158 idtA=0.142 idtB=0.139 D_A=0.083 D_B=0.134 D_A(real)=0.86 D_A(fake)=0.14 gnG=32.42 gnD=10.57 it_per_s=10.69
2026-10-02 02:47:36,629 INFO iter=55800 epoch=8 lr=2.00e-04 G=5.625 advA2B=0.565 advB2A=0.675 cycA=0.140 cycB=0.158 idtA=0.142 idtB=0.139 D_A=0.083 D_B=0.134 D_A(real)=0.86 D_A(fake)=0.14 gnG=32.36 gnD=10.58 it_per_s=10.69
2026-10-02 02:47:46,050 INFO iter=55900 epoch=8 lr=2.00e-04 G=5.622 advA2B=0.565 advB2A=0.676 cycA=0.140 cycB=0.157 idtA=0.142 idtB=0.139 D_A=0.083 D_B=0.134 D_A(real)=0.86 D_A(fake)=0.14 gnG=32.29 gnD=10.57 it_per_s=10.69
2026-10-02 02:47:55,425 INFO iter=56000 epoch=8 lr=2.00e-04 G=5.620 advA2B=0.564 advB2A=0.677 cycA=0.140 cycB=0.157 idtA=0.142 idtB=0.139 D_A=0.083 D_B=0.134 D_A(real)=0.86 D_A(fake)=0.14 gnG=32.27 gnD=10.56 it_per_s=10.69
2026-10-02 02:48:04,429 INFO iter=56100 epoch=8 lr=2.00e-04 G=5.617 advA2B=0.565 advB2A=0.677 cycA=0.140 cycB=0.157 idtA=0.142 idtB=0.139 D_A=0.083 D_B=0.134 D_A(real)=0.86 D_A(fake)=0.14 gnG=32.25 gnD=10.56 it_per_s=10.70
2026-10-02 02:48:13,833 INFO iter=56200 epoch=8 lr=2.00e-04 G=5.617 advA2B=0.565 advB2A=0.678 cycA=0.140 cycB=0.157 idtA=0.142 idtB=0.139 D_A=0.083 D_B=0.134 D_A(real)=0.86 D_A(fake)=0.14 gnG=32.23 gnD=10.54 it_per_s=10.69
2026-10-02 02:48:23,251 INFO iter=56300 epoch=8 lr=2.00e-04 G=5.615 advA2B=0.565 advB2A=0.677 cycA=0.140 cycB=0.157 idtA=0.142 idtB=0.139 D_A=0.083 D_B=0.134 D_A(real)=0.86 D_A(fake)=0.14 gnG=32.19 gnD=10.54 it_per_s=10.69
2026-10-02 02:48:23,632 INFO epoch=8 done time_s=658 it_per_s=10.69 G=5.616 cycA=0.140 cycB=0.157 idtA=0.142 idtB=0.139 D_A=0.083 D_B=0.134 D_A(real)=0.86 D_A(fake)=0.14 nan_count=0
2026-10-02 02:48:32,869 INFO iter=56400 epoch=9 lr=2.00e-04 G=5.587 advA2B=0.554 advB2A=0.654 cycA=0.147 cycB=0.151 idtA=0.143 idtB=0.139 D_A=0.079 D_B=0.122 D_A(real)=0.87 D_A(fake)=0.12 gnG=32.27 gnD=9.26 it_per_s=10.99
2026-10-02 02:48:42,218 INFO iter=56500 epoch=9 lr=2.00e-04 G=5.606 advA2B=0.567 advB2A=0.684 cycA=0.142 cycB=0.156 idtA=0.139 idtB=0.137 D_A=0.074 D_B=0.127 D_A(real)=0.87 D_A(fake)=0.12 gnG=33.37 gnD=9.71 it_per_s=10.84
2026-10-02 02:48:51,638 INFO iter=56600 epoch=9 lr=2.00e-04 G=5.624 advA2B=0.566 advB2A=0.675 cycA=0.141 cycB=0.158 idtA=0.139 idtB=0.140 D_A=0.072 D_B=0.129 D_A(real)=0.87 D_A(fake)=0.13 gnG=33.07 gnD=9.78 it_per_s=10.76
2026-10-02 02:49:01,059 INFO iter=56700 epoch=9 lr=2.00e-04 G=5.600 advA2B=0.555 advB2A=0.673 cycA=0.140 cycB=0.157 idtA=0.141 idtB=0.140 D_A=0.076 D_B=0.132 D_A(real)=0.87 D_A(fake)=0.13 gnG=32.13 gnD=9.96 it_per_s=10.72
2026-10-02 02:49:10,511 INFO iter=56800 epoch=9 lr=2.00e-04 G=5.586 advA2B=0.552 advB2A=0.663 cycA=0.139 cycB=0.158 idtA=0.142 idtB=0.139 D_A=0.074 D_B=0.132 D_A(real)=0.87 D_A(fake)=0.13 gnG=31.50 gnD=9.92 it_per_s=10.70
2026-10-02 02:49:19,976 INFO iter=56900 epoch=9 lr=2.00e-04 G=5.575 advA2B=0.552 advB2A=0.665 cycA=0.138 cycB=0.158 idtA=0.141 idtB=0.139 D_A=0.077 D_B=0.133 D_A(real)=0.87 D_A(fake)=0.13 gnG=31.24 gnD=10.08 it_per_s=10.67
2026-10-02 02:49:29,475 INFO iter=57000 epoch=9 lr=2.00e-04 G=5.541 advA2B=0.553 advB2A=0.669 cycA=0.137 cycB=0.156 idtA=0.141 idtB=0.137 D_A=0.075 D_B=0.133 D_A(real)=0.87 D_A(fake)=0.13 gnG=30.83 gnD=10.01 it_per_s=10.65
2026-10-02 02:49:38,884 INFO iter=57100 epoch=9 lr=2.00e-04 G=5.534 advA2B=0.549 advB2A=0.676 cycA=0.137 cycB=0.155 idtA=0.140 idtB=0.137 D_A=0.075 D_B=0.134 D_A(real)=0.87 D_A(fake)=0.13 gnG=30.81 gnD=10.00 it_per_s=10.65
2026-10-02 02:49:48,213 INFO iter=57200 epoch=9 lr=2.00e-04 G=5.539 advA2B=0.551 advB2A=0.685 cycA=0.136 cycB=0.156 idtA=0.140 idtB=0.137 D_A=0.074 D_B=0.135 D_A(real)=0.88 D_A(fake)=0.12 gnG=30.77 gnD=9.98 it_per_s=10.66
2026-10-02 02:49:57,721 INFO iter=57300 epoch=9 lr=2.00e-04 G=5.555 advA2B=0.549 advB2A=0.681 cycA=0.137 cycB=0.156 idtA=0.141 idtB=0.138 D_A=0.073 D_B=0.134 D_A(real)=0.88 D_A(fake)=0.12 gnG=31.11 gnD=9.95 it_per_s=10.64
2026-10-02 02:50:07,273 INFO iter=57400 epoch=9 lr=2.00e-04 G=5.536 advA2B=0.549 advB2A=0.683 cycA=0.137 cycB=0.155 idtA=0.140 idtB=0.137 D_A=0.074 D_B=0.134 D_A(real)=0.87 D_A(fake)=0.13 gnG=30.98 gnD=9.95 it_per_s=10.63
2026-10-02 02:50:16,698 INFO iter=57500 epoch=9 lr=2.00e-04 G=5.539 advA2B=0.548 advB2A=0.685 cycA=0.137 cycB=0.155 idtA=0.140 idtB=0.137 D_A=0.075 D_B=0.135 D_A(real)=0.87 D_A(fake)=0.13 gnG=31.10 gnD=10.03 it_per_s=10.63
2026-10-02 02:50:26,175 INFO iter=57600 epoch=9 lr=2.00e-04 G=5.553 advA2B=0.548 advB2A=0.694 cycA=0.137 cycB=0.156 idtA=0.139 idtB=0.138 D_A=0.074 D_B=0.135 D_A(real)=0.87 D_A(fake)=0.13 gnG=31.10 gnD=10.02 it_per_s=10.62
2026-10-02 02:50:35,633 INFO iter=57700 epoch=9 lr=2.00e-04 G=5.542 advA2B=0.548 advB2A=0.691 cycA=0.137 cycB=0.155 idtA=0.139 idtB=0.137 D_A=0.073 D_B=0.135 D_A(real)=0.87 D_A(fake)=0.13 gnG=30.96 gnD=10.01 it_per_s=10.62
2026-10-02 02:50:45,063 INFO iter=57800 epoch=9 lr=2.00e-04 G=5.536 advA2B=0.547 advB2A=0.691 cycA=0.137 cycB=0.155 idtA=0.139 idtB=0.137 D_A=0.073 D_B=0.135 D_A(real)=0.88 D_A(fake)=0.12 gnG=31.00 gnD=9.99 it_per_s=10.62
2026-10-02 02:50:54,551 INFO iter=57900 epoch=9 lr=2.00e-04 G=5.541 advA2B=0.546 advB2A=0.690 cycA=0.137 cycB=0.155 idtA=0.140 idtB=0.137 D_A=0.074 D_B=0.136 D_A(real)=0.87 D_A(fake)=0.13 gnG=30.97 gnD=10.03 it_per_s=10.61
2026-10-02 02:51:03,954 INFO iter=58000 epoch=9 lr=2.00e-04 G=5.543 advA2B=0.546 advB2A=0.689 cycA=0.137 cycB=0.155 idtA=0.140 idtB=0.137 D_A=0.074 D_B=0.135 D_A(real)=0.87 D_A(fake)=0.13 gnG=31.05 gnD=10.03 it_per_s=10.61
2026-10-02 02:51:13,382 INFO iter=58100 epoch=9 lr=2.00e-04 G=5.547 advA2B=0.545 advB2A=0.692 cycA=0.137 cycB=0.155 idtA=0.140 idtB=0.137 D_A=0.074 D_B=0.135 D_A(real)=0.87 D_A(fake)=0.13 gnG=31.18 gnD=10.00 it_per_s=10.61
2026-10-02 02:51:22,762 INFO iter=58200 epoch=9 lr=2.00e-04 G=5.569 advA2B=0.546 advB2A=0.696 cycA=0.138 cycB=0.156 idtA=0.141 idtB=0.137 D_A=0.073 D_B=0.135 D_A(real)=0.88 D_A(fake)=0.12 gnG=31.25 gnD=9.99 it_per_s=10.61
2026-10-02 02:51:32,225 INFO iter=58300 epoch=9 lr=2.00e-04 G=5.576 advA2B=0.546 advB2A=0.699 cycA=0.138 cycB=0.156 idtA=0.141 idtB=0.137 D_A=0.072 D_B=0.135 D_A(real)=0.88 D_A(fake)=0.12 gnG=31.27 gnD=9.92 it_per_s=10.61
2026-10-02 02:51:41,636 INFO iter=58400 epoch=9 lr=2.00e-04 G=5.573 advA2B=0.546 advB2A=0.701 cycA=0.138 cycB=0.156 idtA=0.141 idtB=0.137 D_A=0.071 D_B=0.135 D_A(real)=0.88 D_A(fake)=0.12 gnG=31.09 gnD=9.93 it_per_s=10.61
2026-10-02 02:51:51,027 INFO iter=58500 epoch=9 lr=2.00e-04 G=5.575 advA2B=0.545 advB2A=0.700 cycA=0.138 cycB=0.156 idtA=0.141 idtB=0.137 D_A=0.071 D_B=0.135 D_A(real)=0.88 D_A(fake)=0.12 gnG=31.16 gnD=9.90 it_per_s=10.61
2026-10-02 02:52:00,479 INFO iter=58600 epoch=9 lr=2.00e-04 G=5.576 advA2B=0.543 advB2A=0.702 cycA=0.137 cycB=0.157 idtA=0.141 idtB=0.137 D_A=0.071 D_B=0.135 D_A(real)=0.88 D_A(fake)=0.12 gnG=31.15 gnD=9.89 it_per_s=10.61
2026-10-02 02:52:09,873 INFO iter=58700 epoch=9 lr=2.00e-04 G=5.575 advA2B=0.542 advB2A=0.702 cycA=0.137 cycB=0.156 idtA=0.141 idtB=0.138 D_A=0.070 D_B=0.135 D_A(real)=0.88 D_A(fake)=0.12 gnG=31.10 gnD=9.87 it_per_s=10.61
2026-10-02 02:52:19,255 INFO iter=58800 epoch=9 lr=2.00e-04 G=5.569 advA2B=0.543 advB2A=0.701 cycA=0.137 cycB=0.156 idtA=0.141 idtB=0.137 D_A=0.071 D_B=0.135 D_A(real)=0.88 D_A(fake)=0.12 gnG=31.00 gnD=9.91 it_per_s=10.62
2026-10-02 02:52:28,625 INFO iter=58900 epoch=9 lr=2.00e-04 G=5.559 advA2B=0.543 advB2A=0.701 cycA=0.137 cycB=0.156 idtA=0.140 idtB=0.137 D_A=0.071 D_B=0.135 D_A(real)=0.88 D_A(fake)=0.12 gnG=30.91 gnD=9.91 it_per_s=10.62
2026-10-02 02:52:37,957 INFO iter=59000 epoch=9 lr=2.00e-04 G=5.545 advA2B=0.543 advB2A=0.699 cycA=0.137 cycB=0.155 idtA=0.140 idtB=0.137 D_A=0.072 D_B=0.135 D_A(real)=0.88 D_A(fake)=0.12 gnG=30.81 gnD=9.92 it_per_s=10.62
2026-10-02 02:52:47,358 INFO iter=59100 epoch=9 lr=2.00e-04 G=5.547 advA2B=0.542 advB2A=0.701 cycA=0.137 cycB=0.155 idtA=0.140 idtB=0.137 D_A=0.071 D_B=0.135 D_A(real)=0.88 D_A(fake)=0.12 gnG=30.80 gnD=9.93 it_per_s=10.62
2026-10-02 02:52:56,785 INFO iter=59200 epoch=9 lr=2.00e-04 G=5.540 advA2B=0.541 advB2A=0.701 cycA=0.136 cycB=0.155 idtA=0.139 idtB=0.137 D_A=0.071 D_B=0.135 D_A(real)=0.88 D_A(fake)=0.12 gnG=30.75 gnD=9.94 it_per_s=10.62
2026-10-02 02:53:06,141 INFO iter=59300 epoch=9 lr=2.00e-04 G=5.531 advA2B=0.541 advB2A=0.702 cycA=0.136 cycB=0.155 idtA=0.139 idtB=0.137 D_A=0.071 D_B=0.136 D_A(real)=0.88 D_A(fake)=0.12 gnG=30.67 gnD=9.95 it_per_s=10.62
2026-10-02 02:53:15,528 INFO iter=59400 epoch=9 lr=2.00e-04 G=5.529 advA2B=0.542 advB2A=0.703 cycA=0.136 cycB=0.155 idtA=0.139 idtB=0.137 D_A=0.071 D_B=0.135 D_A(real)=0.88 D_A(fake)=0.12 gnG=30.63 gnD=9.93 it_per_s=10.62
2026-10-02 02:53:24,676 INFO iter=59500 epoch=9 lr=2.00e-04 G=5.527 advA2B=0.542 advB2A=0.703 cycA=0.136 cycB=0.155 idtA=0.138 idtB=0.137 D_A=0.071 D_B=0.135 D_A(real)=0.88 D_A(fake)=0.12 gnG=30.62 gnD=9.92 it_per_s=10.63
2026-10-02 02:53:34,085 INFO iter=59600 epoch=9 lr=2.00e-04 G=5.524 advA2B=0.542 advB2A=0.705 cycA=0.136 cycB=0.154 idtA=0.138 idtB=0.137 D_A=0.071 D_B=0.135 D_A(real)=0.88 D_A(fake)=0.12 gnG=30.62 gnD=9.89 it_per_s=10.63
2026-10-02 02:53:43,500 INFO iter=59700 epoch=9 lr=2.00e-04 G=5.525 advA2B=0.541 advB2A=0.704 cycA=0.136 cycB=0.154 idtA=0.138 idtB=0.137 D_A=0.071 D_B=0.135 D_A(real)=0.88 D_A(fake)=0.12 gnG=30.59 gnD=9.91 it_per_s=10.63
2026-10-02 02:53:52,949 INFO iter=59800 epoch=9 lr=2.00e-04 G=5.517 advA2B=0.541 advB2A=0.703 cycA=0.135 cycB=0.154 idtA=0.138 idtB=0.137 D_A=0.071 D_B=0.135 D_A(real)=0.88 D_A(fake)=0.12 gnG=30.58 gnD=9.91 it_per_s=10.63
2026-10-02 02:54:02,383 INFO iter=59900 epoch=9 lr=2.00e-04 G=5.513 advA2B=0.541 advB2A=0.701 cycA=0.136 cycB=0.154 idtA=0.138 idtB=0.137 D_A=0.071 D_B=0.135 D_A(real)=0.88 D_A(fake)=0.12 gnG=30.60 gnD=9.92 it_per_s=10.63
2026-10-02 02:54:11,804 INFO iter=60000 epoch=9 lr=2.00e-04 G=5.510 advA2B=0.541 advB2A=0.702 cycA=0.135 cycB=0.154 idtA=0.138 idtB=0.137 D_A=0.071 D_B=0.135 D_A(real)=0.88 D_A(fake)=0.12 gnG=30.58 gnD=9.92 it_per_s=10.63
2026-10-02 02:54:21,322 INFO iter=60100 epoch=9 lr=2.00e-04 G=5.506 advA2B=0.541 advB2A=0.702 cycA=0.135 cycB=0.154 idtA=0.138 idtB=0.136 D_A=0.071 D_B=0.135 D_A(real)=0.88 D_A(fake)=0.12 gnG=30.60 gnD=9.91 it_per_s=10.63
2026-10-02 02:54:30,757 INFO iter=60200 epoch=9 lr=2.00e-04 G=5.505 advA2B=0.541 advB2A=0.702 cycA=0.135 cycB=0.154 idtA=0.138 idtB=0.136 D_A=0.071 D_B=0.135 D_A(real)=0.88 D_A(fake)=0.12 gnG=30.59 gnD=9.91 it_per_s=10.63
2026-10-02 02:54:40,237 INFO iter=60300 epoch=9 lr=2.00e-04 G=5.500 advA2B=0.541 advB2A=0.702 cycA=0.135 cycB=0.153 idtA=0.138 idtB=0.136 D_A=0.071 D_B=0.135 D_A(real)=0.88 D_A(fake)=0.12 gnG=30.53 gnD=9.91 it_per_s=10.62
2026-10-02 02:54:49,812 INFO iter=60400 epoch=9 lr=2.00e-04 G=5.498 advA2B=0.541 advB2A=0.703 cycA=0.135 cycB=0.153 idtA=0.138 idtB=0.136 D_A=0.071 D_B=0.135 D_A(real)=0.88 D_A(fake)=0.12 gnG=30.54 gnD=9.91 it_per_s=10.62
2026-10-02 02:54:59,123 INFO iter=60500 epoch=9 lr=2.00e-04 G=5.495 advA2B=0.540 advB2A=0.704 cycA=0.135 cycB=0.153 idtA=0.138 idtB=0.136 D_A=0.071 D_B=0.135 D_A(real)=0.88 D_A(fake)=0.12 gnG=30.49 gnD=9.92 it_per_s=10.62
2026-10-02 02:55:08,435 INFO iter=60600 epoch=9 lr=2.00e-04 G=5.493 advA2B=0.542 advB2A=0.703 cycA=0.135 cycB=0.153 idtA=0.138 idtB=0.136 D_A=0.072 D_B=0.135 D_A(real)=0.88 D_A(fake)=0.12 gnG=30.43 gnD=9.92 it_per_s=10.63
2026-10-02 02:55:17,874 INFO iter=60700 epoch=9 lr=2.00e-04 G=5.486 advA2B=0.542 advB2A=0.702 cycA=0.135 cycB=0.153 idtA=0.138 idtB=0.136 D_A=0.072 D_B=0.136 D_A(real)=0.88 D_A(fake)=0.12 gnG=30.38 gnD=9.94 it_per_s=10.62
2026-10-02 02:55:26,979 INFO iter=60800 epoch=9 lr=2.00e-04 G=5.488 advA2B=0.541 advB2A=0.703 cycA=0.135 cycB=0.153 idtA=0.138 idtB=0.136 D_A=0.071 D_B=0.135 D_A(real)=0.88 D_A(fake)=0.12 gnG=30.46 gnD=9.92 it_per_s=10.63
2026-10-02 02:55:36,181 INFO iter=60900 epoch=9 lr=2.00e-04 G=5.489 advA2B=0.542 advB2A=0.703 cycA=0.135 cycB=0.153 idtA=0.138 idtB=0.136 D_A=0.071 D_B=0.135 D_A(real)=0.88 D_A(fake)=0.12 gnG=30.44 gnD=9.91 it_per_s=10.64
2026-10-02 02:55:45,585 INFO iter=61000 epoch=9 lr=2.00e-04 G=5.487 advA2B=0.543 advB2A=0.704 cycA=0.135 cycB=0.152 idtA=0.138 idtB=0.135 D_A=0.071 D_B=0.135 D_A(real)=0.88 D_A(fake)=0.12 gnG=30.42 gnD=9.88 it_per_s=10.64
2026-10-02 02:55:54,842 INFO iter=61100 epoch=9 lr=2.00e-04 G=5.488 advA2B=0.543 advB2A=0.705 cycA=0.135 cycB=0.152 idtA=0.138 idtB=0.135 D_A=0.070 D_B=0.135 D_A(real)=0.88 D_A(fake)=0.12 gnG=30.41 gnD=9.87 it_per_s=10.64
2026-10-02 02:56:04,094 INFO iter=61200 epoch=9 lr=2.00e-04 G=5.486 advA2B=0.544 advB2A=0.706 cycA=0.135 cycB=0.152 idtA=0.137 idtB=0.135 D_A=0.070 D_B=0.135 D_A(real)=0.88 D_A(fake)=0.12 gnG=30.38 gnD=9.87 it_per_s=10.64
2026-10-02 02:56:13,520 INFO iter=61300 epoch=9 lr=2.00e-04 G=5.487 advA2B=0.545 advB2A=0.706 cycA=0.135 cycB=0.152 idtA=0.137 idtB=0.135 D_A=0.070 D_B=0.135 D_A(real)=0.88 D_A(fake)=0.12 gnG=30.38 gnD=9.88 it_per_s=10.64
2026-10-02 02:56:22,908 INFO iter=61400 epoch=9 lr=2.00e-04 G=5.491 advA2B=0.545 advB2A=0.707 cycA=0.135 cycB=0.152 idtA=0.137 idtB=0.135 D_A=0.070 D_B=0.135 D_A(real)=0.88 D_A(fake)=0.12 gnG=30.37 gnD=9.87 it_per_s=10.64
2026-10-02 02:56:32,431 INFO iter=61500 epoch=9 lr=2.00e-04 G=5.489 advA2B=0.545 advB2A=0.707 cycA=0.135 cycB=0.152 idtA=0.137 idtB=0.135 D_A=0.070 D_B=0.135 D_A(real)=0.88 D_A(fake)=0.12 gnG=30.37 gnD=9.88 it_per_s=10.64
2026-10-02 02:56:41,889 INFO iter=61600 epoch=9 lr=2.00e-04 G=5.492 advA2B=0.545 advB2A=0.708 cycA=0.135 cycB=0.152 idtA=0.138 idtB=0.135 D_A=0.070 D_B=0.135 D_A(real)=0.88 D_A(fake)=0.12 gnG=30.35 gnD=9.88 it_per_s=10.64
2026-10-02 02:56:51,294 INFO iter=61700 epoch=9 lr=2.00e-04 G=5.489 advA2B=0.546 advB2A=0.707 cycA=0.135 cycB=0.152 idtA=0.138 idtB=0.135 D_A=0.070 D_B=0.135 D_A(real)=0.88 D_A(fake)=0.12 gnG=30.30 gnD=9.88 it_per_s=10.64
2026-10-02 02:57:00,712 INFO iter=61800 epoch=9 lr=2.00e-04 G=5.483 advA2B=0.545 advB2A=0.707 cycA=0.135 cycB=0.152 idtA=0.137 idtB=0.135 D_A=0.070 D_B=0.135 D_A(real)=0.88 D_A(fake)=0.12 gnG=30.25 gnD=9.88 it_per_s=10.64
2026-10-02 02:57:10,108 INFO iter=61900 epoch=9 lr=2.00e-04 G=5.487 advA2B=0.546 advB2A=0.708 cycA=0.135 cycB=0.152 idtA=0.137 idtB=0.135 D_A=0.070 D_B=0.135 D_A(real)=0.88 D_A(fake)=0.12 gnG=30.29 gnD=9.87 it_per_s=10.64
2026-10-02 02:57:19,517 INFO iter=62000 epoch=9 lr=2.00e-04 G=5.487 advA2B=0.546 advB2A=0.708 cycA=0.135 cycB=0.152 idtA=0.137 idtB=0.135 D_A=0.070 D_B=0.135 D_A(real)=0.88 D_A(fake)=0.12 gnG=30.24 gnD=9.87 it_per_s=10.64
2026-10-02 02:57:28,900 INFO iter=62100 epoch=9 lr=2.00e-04 G=5.485 advA2B=0.546 advB2A=0.708 cycA=0.135 cycB=0.152 idtA=0.137 idtB=0.135 D_A=0.070 D_B=0.135 D_A(real)=0.88 D_A(fake)=0.12 gnG=30.28 gnD=9.86 it_per_s=10.64
2026-10-02 02:57:38,321 INFO iter=62200 epoch=9 lr=2.00e-04 G=5.483 advA2B=0.546 advB2A=0.709 cycA=0.135 cycB=0.152 idtA=0.137 idtB=0.135 D_A=0.070 D_B=0.135 D_A(real)=0.88 D_A(fake)=0.12 gnG=30.25 gnD=9.85 it_per_s=10.64
2026-10-02 02:57:47,681 INFO iter=62300 epoch=9 lr=2.00e-04 G=5.483 advA2B=0.546 advB2A=0.709 cycA=0.135 cycB=0.152 idtA=0.137 idtB=0.135 D_A=0.070 D_B=0.135 D_A(real)=0.88 D_A(fake)=0.12 gnG=30.25 gnD=9.85 it_per_s=10.64
2026-10-02 02:57:57,084 INFO iter=62400 epoch=9 lr=2.00e-04 G=5.485 advA2B=0.547 advB2A=0.710 cycA=0.135 cycB=0.152 idtA=0.137 idtB=0.135 D_A=0.070 D_B=0.135 D_A(real)=0.88 D_A(fake)=0.12 gnG=30.26 gnD=9.85 it_per_s=10.64
2026-10-02 02:58:06,471 INFO iter=62500 epoch=9 lr=2.00e-04 G=5.485 advA2B=0.547 advB2A=0.709 cycA=0.135 cycB=0.152 idtA=0.137 idtB=0.135 D_A=0.070 D_B=0.135 D_A(real)=0.88 D_A(fake)=0.12 gnG=30.23 gnD=9.85 it_per_s=10.64
2026-10-02 02:58:15,904 INFO iter=62600 epoch=9 lr=2.00e-04 G=5.482 advA2B=0.547 advB2A=0.710 cycA=0.135 cycB=0.152 idtA=0.137 idtB=0.135 D_A=0.070 D_B=0.135 D_A(real)=0.88 D_A(fake)=0.12 gnG=30.21 gnD=9.84 it_per_s=10.64
2026-10-02 02:58:25,290 INFO iter=62700 epoch=9 lr=2.00e-04 G=5.478 advA2B=0.546 advB2A=0.710 cycA=0.135 cycB=0.152 idtA=0.137 idtB=0.135 D_A=0.070 D_B=0.135 D_A(real)=0.88 D_A(fake)=0.12 gnG=30.20 gnD=9.85 it_per_s=10.64
2026-10-02 02:58:34,686 INFO iter=62800 epoch=9 lr=2.00e-04 G=5.477 advA2B=0.547 advB2A=0.711 cycA=0.135 cycB=0.151 idtA=0.137 idtB=0.135 D_A=0.070 D_B=0.135 D_A(real)=0.88 D_A(fake)=0.12 gnG=30.19 gnD=9.84 it_per_s=10.64
2026-10-02 02:58:44,155 INFO iter=62900 epoch=9 lr=2.00e-04 G=5.476 advA2B=0.547 advB2A=0.711 cycA=0.135 cycB=0.151 idtA=0.137 idtB=0.135 D_A=0.070 D_B=0.135 D_A(real)=0.88 D_A(fake)=0.12 gnG=30.20 gnD=9.86 it_per_s=10.64
2026-10-02 02:58:53,603 INFO iter=63000 epoch=9 lr=2.00e-04 G=5.475 advA2B=0.546 advB2A=0.711 cycA=0.135 cycB=0.151 idtA=0.137 idtB=0.135 D_A=0.070 D_B=0.135 D_A(real)=0.88 D_A(fake)=0.12 gnG=30.21 gnD=9.87 it_per_s=10.64
2026-10-02 02:59:03,055 INFO iter=63100 epoch=9 lr=2.00e-04 G=5.478 advA2B=0.546 advB2A=0.711 cycA=0.135 cycB=0.151 idtA=0.137 idtB=0.135 D_A=0.070 D_B=0.135 D_A(real)=0.88 D_A(fake)=0.12 gnG=30.24 gnD=9.87 it_per_s=10.64
2026-10-02 02:59:12,525 INFO iter=63200 epoch=9 lr=2.00e-04 G=5.481 advA2B=0.548 advB2A=0.712 cycA=0.135 cycB=0.151 idtA=0.137 idtB=0.135 D_A=0.070 D_B=0.135 D_A(real)=0.88 D_A(fake)=0.12 gnG=30.22 gnD=9.86 it_per_s=10.64
2026-10-02 02:59:22,059 INFO iter=63300 epoch=9 lr=2.00e-04 G=5.478 advA2B=0.548 advB2A=0.711 cycA=0.135 cycB=0.151 idtA=0.137 idtB=0.135 D_A=0.070 D_B=0.135 D_A(real)=0.88 D_A(fake)=0.12 gnG=30.16 gnD=9.86 it_per_s=10.63
2026-10-02 02:59:26,044 INFO epoch=9 done time_s=662 it_per_s=10.63 G=5.475 cycA=0.135 cycB=0.151 idtA=0.137 idtB=0.135 D_A=0.070 D_B=0.135 D_A(real)=0.88 D_A(fake)=0.12 nan_count=0
2026-10-02 02:59:32,023 INFO iter=63400 epoch=10 lr=2.00e-04 G=5.399 advA2B=0.585 advB2A=0.760 cycA=0.123 cycB=0.150 idtA=0.132 idtB=0.132 D_A=0.060 D_B=0.127 D_A(real)=0.89 D_A(fake)=0.11 gnG=28.63 gnD=9.35 it_per_s=10.61
2026-10-02 02:59:41,472 INFO iter=63500 epoch=10 lr=2.00e-04 G=5.241 advA2B=0.566 advB2A=0.733 cycA=0.124 cycB=0.142 idtA=0.129 idtB=0.127 D_A=0.066 D_B=0.120 D_A(real)=0.89 D_A(fake)=0.11 gnG=27.15 gnD=9.15 it_per_s=10.60
2026-10-02 02:59:50,895 INFO iter=63600 epoch=10 lr=2.00e-04 G=5.288 advA2B=0.567 advB2A=0.725 cycA=0.126 cycB=0.145 idtA=0.128 idtB=0.131 D_A=0.064 D_B=0.127 D_A(real)=0.89 D_A(fake)=0.11 gnG=27.61 gnD=9.37 it_per_s=10.60
2026-10-02 03:00:00,392 INFO iter=63700 epoch=10 lr=2.00e-04 G=5.495 advA2B=0.568 advB2A=0.751 cycA=0.131 cycB=0.152 idtA=0.136 idtB=0.133 D_A=0.062 D_B=0.125 D_A(real)=0.89 D_A(fake)=0.11 gnG=30.16 gnD=9.22 it_per_s=10.58
2026-10-02 03:00:09,953 INFO iter=63800 epoch=10 lr=2.00e-04 G=5.579 advA2B=0.561 advB2A=0.749 cycA=0.134 cycB=0.155 idtA=0.140 idtB=0.135 D_A=0.062 D_B=0.127 D_A(real)=0.89 D_A(fake)=0.11 gnG=30.85 gnD=9.22 it_per_s=10.55
2026-10-02 03:00:19,424 INFO iter=63900 epoch=10 lr=2.00e-04 G=5.564 advA2B=0.563 advB2A=0.754 cycA=0.134 cycB=0.155 idtA=0.139 idtB=0.133 D_A=0.062 D_B=0.127 D_A(real)=0.89 D_A(fake)=0.11 gnG=31.16 gnD=9.21 it_per_s=10.56
2026-10-02 03:00:28,885 INFO iter=64000 epoch=10 lr=2.00e-04 G=5.606 advA2B=0.565 advB2A=0.744 cycA=0.136 cycB=0.156 idtA=0.140 idtB=0.135 D_A=0.061 D_B=0.127 D_A(real)=0.90 D_A(fake)=0.10 gnG=31.78 gnD=9.18 it_per_s=10.56
2026-10-02 03:00:38,372 INFO iter=64100 epoch=10 lr=2.00e-04 G=5.590 advA2B=0.569 advB2A=0.743 cycA=0.137 cycB=0.154 idtA=0.139 idtB=0.135 D_A=0.061 D_B=0.126 D_A(real)=0.90 D_A(fake)=0.10 gnG=31.63 gnD=9.21 it_per_s=10.56
2026-10-02 03:00:47,808 INFO iter=64200 epoch=10 lr=2.00e-04 G=5.605 advA2B=0.567 advB2A=0.744 cycA=0.137 cycB=0.155 idtA=0.140 idtB=0.136 D_A=0.062 D_B=0.126 D_A(real)=0.89 D_A(fake)=0.11 gnG=31.55 gnD=9.30 it_per_s=10.56
2026-10-02 03:00:57,258 INFO iter=64300 epoch=10 lr=2.00e-04 G=5.565 advA2B=0.563 advB2A=0.740 cycA=0.136 cycB=0.153 idtA=0.139 idtB=0.135 D_A=0.062 D_B=0.127 D_A(real)=0.89 D_A(fake)=0.11 gnG=31.13 gnD=9.31 it_per_s=10.56
2026-10-02 03:01:06,708 INFO iter=64400 epoch=10 lr=2.00e-04 G=5.563 advA2B=0.560 advB2A=0.738 cycA=0.136 cycB=0.153 idtA=0.139 idtB=0.136 D_A=0.063 D_B=0.128 D_A(real)=0.89 D_A(fake)=0.11 gnG=31.19 gnD=9.36 it_per_s=10.56
2026-10-02 03:01:16,194 INFO iter=64500 epoch=10 lr=2.00e-04 G=5.568 advA2B=0.557 advB2A=0.739 cycA=0.136 cycB=0.154 idtA=0.139 idtB=0.137 D_A=0.063 D_B=0.129 D_A(real)=0.89 D_A(fake)=0.11 gnG=31.08 gnD=9.45 it_per_s=10.56
2026-10-02 03:01:25,609 INFO iter=64600 epoch=10 lr=2.00e-04 G=5.552 advA2B=0.553 advB2A=0.737 cycA=0.135 cycB=0.153 idtA=0.139 idtB=0.136 D_A=0.063 D_B=0.130 D_A(real)=0.89 D_A(fake)=0.11 gnG=30.92 gnD=9.49 it_per_s=10.57
2026-10-02 03:01:35,040 INFO iter=64700 epoch=10 lr=2.00e-04 G=5.523 advA2B=0.553 advB2A=0.737 cycA=0.135 cycB=0.152 idtA=0.138 idtB=0.135 D_A=0.064 D_B=0.130 D_A(real)=0.89 D_A(fake)=0.11 gnG=30.75 gnD=9.49 it_per_s=10.57
2026-10-02 03:01:44,525 INFO iter=64800 epoch=10 lr=2.00e-04 G=5.506 advA2B=0.554 advB2A=0.735 cycA=0.135 cycB=0.151 idtA=0.138 idtB=0.135 D_A=0.064 D_B=0.130 D_A(real)=0.89 D_A(fake)=0.11 gnG=30.71 gnD=9.51 it_per_s=10.57
2026-10-02 03:01:54,043 INFO iter=64900 epoch=10 lr=2.00e-04 G=5.492 advA2B=0.555 advB2A=0.734 cycA=0.134 cycB=0.150 idtA=0.138 idtB=0.134 D_A=0.065 D_B=0.130 D_A(real)=0.89 D_A(fake)=0.11 gnG=30.61 gnD=9.51 it_per_s=10.56
2026-10-02 03:02:03,384 INFO iter=65000 epoch=10 lr=2.00e-04 G=5.493 advA2B=0.558 advB2A=0.735 cycA=0.134 cycB=0.150 idtA=0.137 idtB=0.134 D_A=0.064 D_B=0.130 D_A(real)=0.89 D_A(fake)=0.11 gnG=30.59 gnD=9.51 it_per_s=10.57
2026-10-02 03:02:12,765 INFO iter=65100 epoch=10 lr=2.00e-04 G=5.484 advA2B=0.559 advB2A=0.733 cycA=0.134 cycB=0.150 idtA=0.137 idtB=0.133 D_A=0.065 D_B=0.130 D_A(real)=0.89 D_A(fake)=0.11 gnG=30.47 gnD=9.57 it_per_s=10.58
2026-10-02 03:02:22,210 INFO iter=65200 epoch=10 lr=2.00e-04 G=5.483 advA2B=0.557 advB2A=0.735 cycA=0.134 cycB=0.150 idtA=0.137 idtB=0.133 D_A=0.065 D_B=0.130 D_A(real)=0.89 D_A(fake)=0.11 gnG=30.47 gnD=9.53 it_per_s=10.58
2026-10-02 03:02:31,323 INFO iter=65300 epoch=10 lr=2.00e-04 G=5.481 advA2B=0.559 advB2A=0.736 cycA=0.134 cycB=0.149 idtA=0.137 idtB=0.133 D_A=0.065 D_B=0.130 D_A(real)=0.89 D_A(fake)=0.11 gnG=30.41 gnD=9.54 it_per_s=10.60
2026-10-02 03:02:40,678 INFO iter=65400 epoch=10 lr=2.00e-04 G=5.475 advA2B=0.559 advB2A=0.736 cycA=0.134 cycB=0.149 idtA=0.137 idtB=0.133 D_A=0.065 D_B=0.130 D_A(real)=0.89 D_A(fake)=0.11 gnG=30.46 gnD=9.56 it_per_s=10.60
2026-10-02 03:02:50,127 INFO iter=65500 epoch=10 lr=2.00e-04 G=5.472 advA2B=0.559 advB2A=0.735 cycA=0.134 cycB=0.149 idtA=0.137 idtB=0.133 D_A=0.065 D_B=0.130 D_A(real)=0.89 D_A(fake)=0.11 gnG=30.40 gnD=9.56 it_per_s=10.60
2026-10-02 03:02:59,348 INFO iter=65600 epoch=10 lr=2.00e-04 G=5.465 advA2B=0.561 advB2A=0.733 cycA=0.134 cycB=0.149 idtA=0.136 idtB=0.133 D_A=0.065 D_B=0.130 D_A(real)=0.89 D_A(fake)=0.11 gnG=30.29 gnD=9.56 it_per_s=10.61
2026-10-02 03:03:08,574 INFO iter=65700 epoch=10 lr=2.00e-04 G=5.460 advA2B=0.560 advB2A=0.734 cycA=0.134 cycB=0.148 idtA=0.137 idtB=0.132 D_A=0.065 D_B=0.131 D_A(real)=0.89 D_A(fake)=0.11 gnG=30.28 gnD=9.54 it_per_s=10.62
2026-10-02 03:03:17,991 INFO iter=65800 epoch=10 lr=2.00e-04 G=5.481 advA2B=0.560 advB2A=0.736 cycA=0.134 cycB=0.149 idtA=0.137 idtB=0.133 D_A=0.065 D_B=0.130 D_A(real)=0.89 D_A(fake)=0.11 gnG=30.43 gnD=9.53 it_per_s=10.62
2026-10-02 03:03:27,348 INFO iter=65900 epoch=10 lr=2.00e-04 G=5.494 advA2B=0.560 advB2A=0.736 cycA=0.134 cycB=0.150 idtA=0.137 idtB=0.134 D_A=0.065 D_B=0.131 D_A(real)=0.89 D_A(fake)=0.11 gnG=30.47 gnD=9.55 it_per_s=10.62
2026-10-02 03:03:36,467 INFO iter=66000 epoch=10 lr=2.00e-04 G=5.486 advA2B=0.559 advB2A=0.736 cycA=0.134 cycB=0.150 idtA=0.137 idtB=0.134 D_A=0.065 D_B=0.131 D_A(real)=0.89 D_A(fake)=0.11 gnG=30.35 gnD=9.56 it_per_s=10.64
2026-10-02 03:03:45,884 INFO iter=66100 epoch=10 lr=2.00e-04 G=5.474 advA2B=0.559 advB2A=0.736 cycA=0.134 cycB=0.149 idtA=0.137 idtB=0.133 D_A=0.065 D_B=0.131 D_A(real)=0.89 D_A(fake)=0.11 gnG=30.17 gnD=9.55 it_per_s=10.64
2026-10-02 03:03:55,310 INFO iter=66200 epoch=10 lr=2.00e-04 G=5.460 advA2B=0.559 advB2A=0.734 cycA=0.134 cycB=0.149 idtA=0.136 idtB=0.133 D_A=0.065 D_B=0.131 D_A(real)=0.89 D_A(fake)=0.11 gnG=30.10 gnD=9.55 it_per_s=10.63
2026-10-02 03:04:04,351 INFO iter=66300 epoch=10 lr=2.00e-04 G=5.463 advA2B=0.559 advB2A=0.734 cycA=0.134 cycB=0.149 idtA=0.136 idtB=0.133 D_A=0.065 D_B=0.131 D_A(real)=0.89 D_A(fake)=0.11 gnG=30.07 gnD=9.54 it_per_s=10.65
2026-10-02 03:04:13,760 INFO iter=66400 epoch=10 lr=2.00e-04 G=5.463 advA2B=0.559 advB2A=0.734 cycA=0.134 cycB=0.149 idtA=0.136 idtB=0.133 D_A=0.065 D_B=0.131 D_A(real)=0.89 D_A(fake)=0.11 gnG=30.12 gnD=9.55 it_per_s=10.65
2026-10-02 03:04:23,247 INFO iter=66500 epoch=10 lr=2.00e-04 G=5.458 advA2B=0.558 advB2A=0.734 cycA=0.133 cycB=0.149 idtA=0.136 idtB=0.133 D_A=0.065 D_B=0.131 D_A(real)=0.89 D_A(fake)=0.11 gnG=30.11 gnD=9.57 it_per_s=10.64
2026-10-02 03:04:32,396 INFO iter=66600 epoch=10 lr=2.00e-04 G=5.459 advA2B=0.558 advB2A=0.734 cycA=0.133 cycB=0.149 idtA=0.136 idtB=0.133 D_A=0.065 D_B=0.131 D_A(real)=0.89 D_A(fake)=0.11 gnG=30.14 gnD=9.58 it_per_s=10.65
2026-10-02 03:04:41,724 INFO iter=66700 epoch=10 lr=2.00e-04 G=5.457 advA2B=0.559 advB2A=0.733 cycA=0.133 cycB=0.149 idtA=0.136 idtB=0.133 D_A=0.066 D_B=0.131 D_A(real)=0.89 D_A(fake)=0.11 gnG=30.08 gnD=9.59 it_per_s=10.65
2026-10-02 03:04:51,152 INFO iter=66800 epoch=10 lr=2.00e-04 G=5.454 advA2B=0.559 advB2A=0.732 cycA=0.133 cycB=0.149 idtA=0.136 idtB=0.133 D_A=0.066 D_B=0.132 D_A(real)=0.89 D_A(fake)=0.11 gnG=30.07 gnD=9.61 it_per_s=10.65
2026-10-02 03:05:00,362 INFO iter=66900 epoch=10 lr=2.00e-04 G=5.447 advA2B=0.559 advB2A=0.731 cycA=0.133 cycB=0.149 idtA=0.136 idtB=0.133 D_A=0.066 D_B=0.132 D_A(real)=0.89 D_A(fake)=0.11 gnG=30.02 gnD=9.61 it_per_s=10.66
2026-10-02 03:05:09,768 INFO iter=67000 epoch=10 lr=2.00e-04 G=5.441 advA2B=0.559 advB2A=0.729 cycA=0.133 cycB=0.148 idtA=0.135 idtB=0.133 D_A=0.066 D_B=0.132 D_A(real)=0.89 D_A(fake)=0.11 gnG=29.96 gnD=9.62 it_per_s=10.66
2026-10-02 03:05:19,231 INFO iter=67100 epoch=10 lr=2.00e-04 G=5.434 advA2B=0.557 advB2A=0.729 cycA=0.132 cycB=0.148 idtA=0.135 idtB=0.133 D_A=0.067 D_B=0.132 D_A(real)=0.89 D_A(fake)=0.11 gnG=29.92 gnD=9.62 it_per_s=10.66
2026-10-02 03:05:28,570 INFO iter=67200 epoch=10 lr=2.00e-04 G=5.431 advA2B=0.558 advB2A=0.729 cycA=0.132 cycB=0.148 idtA=0.135 idtB=0.133 D_A=0.067 D_B=0.133 D_A(real)=0.89 D_A(fake)=0.11 gnG=29.91 gnD=9.63 it_per_s=10.66
2026-10-02 03:05:37,682 INFO iter=67300 epoch=10 lr=2.00e-04 G=5.431 advA2B=0.559 advB2A=0.728 cycA=0.132 cycB=0.148 idtA=0.135 idtB=0.133 D_A=0.067 D_B=0.132 D_A(real)=0.89 D_A(fake)=0.11 gnG=29.91 gnD=9.63 it_per_s=10.66
2026-10-02 03:05:47,152 INFO iter=67400 epoch=10 lr=2.00e-04 G=5.425 advA2B=0.558 advB2A=0.728 cycA=0.132 cycB=0.148 idtA=0.135 idtB=0.133 D_A=0.067 D_B=0.132 D_A(real)=0.88 D_A(fake)=0.12 gnG=29.85 gnD=9.62 it_per_s=10.66
2026-10-02 03:05:56,593 INFO iter=67500 epoch=10 lr=2.00e-04 G=5.422 advA2B=0.558 advB2A=0.727 cycA=0.132 cycB=0.148 idtA=0.135 idtB=0.133 D_A=0.067 D_B=0.132 D_A(real)=0.88 D_A(fake)=0.12 gnG=29.82 gnD=9.62 it_per_s=10.66
2026-10-02 03:06:05,652 INFO iter=67600 epoch=10 lr=2.00e-04 G=5.421 advA2B=0.557 advB2A=0.727 cycA=0.132 cycB=0.148 idtA=0.135 idtB=0.133 D_A=0.067 D_B=0.132 D_A(real)=0.89 D_A(fake)=0.12 gnG=29.86 gnD=9.62 it_per_s=10.67
2026-10-02 03:06:15,084 INFO iter=67700 epoch=10 lr=2.00e-04 G=5.418 advA2B=0.558 advB2A=0.727 cycA=0.132 cycB=0.148 idtA=0.135 idtB=0.133 D_A=0.067 D_B=0.132 D_A(real)=0.88 D_A(fake)=0.12 gnG=29.79 gnD=9.62 it_per_s=10.67
2026-10-02 03:06:24,545 INFO iter=67800 epoch=10 lr=2.00e-04 G=5.421 advA2B=0.558 advB2A=0.727 cycA=0.132 cycB=0.148 idtA=0.135 idtB=0.133 D_A=0.067 D_B=0.132 D_A(real)=0.88 D_A(fake)=0.12 gnG=29.83 gnD=9.61 it_per_s=10.67
2026-10-02 03:06:34,044 INFO iter=67900 epoch=10 lr=2.00e-04 G=5.415 advA2B=0.559 advB2A=0.726 cycA=0.131 cycB=0.148 idtA=0.135 idtB=0.133 D_A=0.067 D_B=0.132 D_A(real)=0.88 D_A(fake)=0.12 gnG=29.79 gnD=9.61 it_per_s=10.66
2026-10-02 03:06:43,369 INFO iter=68000 epoch=10 lr=2.00e-04 G=5.419 advA2B=0.558 advB2A=0.726 cycA=0.131 cycB=0.148 idtA=0.135 idtB=0.133 D_A=0.067 D_B=0.132 D_A(real)=0.88 D_A(fake)=0.12 gnG=29.87 gnD=9.61 it_per_s=10.66
2026-10-02 03:06:52,777 INFO iter=68100 epoch=10 lr=2.00e-04 G=5.419 advA2B=0.559 advB2A=0.726 cycA=0.131 cycB=0.148 idtA=0.135 idtB=0.133 D_A=0.067 D_B=0.132 D_A(real)=0.88 D_A(fake)=0.12 gnG=29.88 gnD=9.62 it_per_s=10.66
2026-10-02 03:07:01,992 INFO iter=68200 epoch=10 lr=2.00e-04 G=5.415 advA2B=0.559 advB2A=0.727 cycA=0.131 cycB=0.148 idtA=0.134 idtB=0.132 D_A=0.067 D_B=0.132 D_A(real)=0.88 D_A(fake)=0.12 gnG=29.87 gnD=9.62 it_per_s=10.67
2026-10-02 03:07:11,379 INFO iter=68300 epoch=10 lr=2.00e-04 G=5.414 advA2B=0.560 advB2A=0.727 cycA=0.131 cycB=0.148 idtA=0.134 idtB=0.133 D_A=0.067 D_B=0.132 D_A(real)=0.88 D_A(fake)=0.12 gnG=29.87 gnD=9.61 it_per_s=10.67
2026-10-02 03:07:20,773 INFO iter=68400 epoch=10 lr=2.00e-04 G=5.414 advA2B=0.559 advB2A=0.728 cycA=0.131 cycB=0.148 idtA=0.134 idtB=0.133 D_A=0.067 D_B=0.133 D_A(real)=0.88 D_A(fake)=0.12 gnG=29.89 gnD=9.63 it_per_s=10.67
2026-10-02 03:07:30,023 INFO iter=68500 epoch=10 lr=2.00e-04 G=5.414 advA2B=0.559 advB2A=0.728 cycA=0.131 cycB=0.148 idtA=0.134 idtB=0.133 D_A=0.067 D_B=0.133 D_A(real)=0.88 D_A(fake)=0.12 gnG=29.89 gnD=9.63 it_per_s=10.67
2026-10-02 03:07:39,128 INFO iter=68600 epoch=10 lr=2.00e-04 G=5.406 advA2B=0.559 advB2A=0.727 cycA=0.131 cycB=0.148 idtA=0.134 idtB=0.132 D_A=0.067 D_B=0.133 D_A(real)=0.88 D_A(fake)=0.12 gnG=29.85 gnD=9.63 it_per_s=10.67
2026-10-02 03:07:48,517 INFO iter=68700 epoch=10 lr=2.00e-04 G=5.408 advA2B=0.559 advB2A=0.727 cycA=0.131 cycB=0.148 idtA=0.134 idtB=0.133 D_A=0.067 D_B=0.133 D_A(real)=0.88 D_A(fake)=0.12 gnG=29.94 gnD=9.63 it_per_s=10.67
2026-10-02 03:07:57,861 INFO iter=68800 epoch=10 lr=2.00e-04 G=5.411 advA2B=0.559 advB2A=0.728 cycA=0.131 cycB=0.148 idtA=0.134 idtB=0.133 D_A=0.067 D_B=0.133 D_A(real)=0.89 D_A(fake)=0.11 gnG=29.91 gnD=9.61 it_per_s=10.67
2026-10-02 03:08:06,843 INFO iter=68900 epoch=10 lr=2.00e-04 G=5.413 advA2B=0.558 advB2A=0.729 cycA=0.131 cycB=0.148 idtA=0.134 idtB=0.133 D_A=0.067 D_B=0.133 D_A(real)=0.89 D_A(fake)=0.11 gnG=29.89 gnD=9.61 it_per_s=10.68
2026-10-02 03:08:16,234 INFO iter=69000 epoch=10 lr=2.00e-04 G=5.411 advA2B=0.559 advB2A=0.730 cycA=0.131 cycB=0.148 idtA=0.134 idtB=0.133 D_A=0.067 D_B=0.133 D_A(real)=0.89 D_A(fake)=0.11 gnG=29.83 gnD=9.60 it_per_s=10.68
2026-10-02 03:08:25,640 INFO iter=69100 epoch=10 lr=2.00e-04 G=5.407 advA2B=0.559 advB2A=0.730 cycA=0.131 cycB=0.148 idtA=0.134 idtB=0.132 D_A=0.067 D_B=0.133 D_A(real)=0.89 D_A(fake)=0.11 gnG=29.77 gnD=9.59 it_per_s=10.68
2026-10-02 03:08:34,647 INFO iter=69200 epoch=10 lr=2.00e-04 G=5.407 advA2B=0.558 advB2A=0.731 cycA=0.131 cycB=0.148 idtA=0.134 idtB=0.132 D_A=0.066 D_B=0.133 D_A(real)=0.89 D_A(fake)=0.11 gnG=29.73 gnD=9.59 it_per_s=10.69
2026-10-02 03:08:43,934 INFO iter=69300 epoch=10 lr=2.00e-04 G=5.406 advA2B=0.558 advB2A=0.731 cycA=0.131 cycB=0.148 idtA=0.134 idtB=0.132 D_A=0.066 D_B=0.133 D_A(real)=0.89 D_A(fake)=0.11 gnG=29.74 gnD=9.58 it_per_s=10.69
2026-10-02 03:08:53,364 INFO iter=69400 epoch=10 lr=2.00e-04 G=5.405 advA2B=0.558 advB2A=0.731 cycA=0.131 cycB=0.148 idtA=0.134 idtB=0.132 D_A=0.066 D_B=0.133 D_A(real)=0.89 D_A(fake)=0.11 gnG=29.73 gnD=9.56 it_per_s=10.69
2026-10-02 03:09:02,724 INFO iter=69500 epoch=10 lr=2.00e-04 G=5.405 advA2B=0.558 advB2A=0.731 cycA=0.131 cycB=0.148 idtA=0.134 idtB=0.132 D_A=0.066 D_B=0.133 D_A(real)=0.89 D_A(fake)=0.11 gnG=29.73 gnD=9.56 it_per_s=10.69
2026-10-02 03:09:12,003 INFO iter=69600 epoch=10 lr=2.00e-04 G=5.403 advA2B=0.558 advB2A=0.731 cycA=0.131 cycB=0.148 idtA=0.134 idtB=0.132 D_A=0.066 D_B=0.133 D_A(real)=0.89 D_A(fake)=0.11 gnG=29.72 gnD=9.55 it_per_s=10.69
2026-10-02 03:09:21,380 INFO iter=69700 epoch=10 lr=2.00e-04 G=5.401 advA2B=0.558 advB2A=0.731 cycA=0.130 cycB=0.148 idtA=0.134 idtB=0.132 D_A=0.066 D_B=0.133 D_A(real)=0.89 D_A(fake)=0.11 gnG=29.70 gnD=9.56 it_per_s=10.69
2026-10-02 03:09:30,662 INFO iter=69800 epoch=10 lr=2.00e-04 G=5.401 advA2B=0.559 advB2A=0.730 cycA=0.130 cycB=0.148 idtA=0.134 idtB=0.132 D_A=0.066 D_B=0.133 D_A(real)=0.89 D_A(fake)=0.11 gnG=29.71 gnD=9.56 it_per_s=10.69
2026-10-02 03:09:39,767 INFO iter=69900 epoch=10 lr=2.00e-04 G=5.398 advA2B=0.558 advB2A=0.730 cycA=0.130 cycB=0.148 idtA=0.134 idtB=0.132 D_A=0.066 D_B=0.133 D_A(real)=0.89 D_A(fake)=0.11 gnG=29.72 gnD=9.56 it_per_s=10.69
2026-10-02 03:09:49,195 INFO iter=70000 epoch=10 lr=2.00e-04 G=5.396 advA2B=0.558 advB2A=0.730 cycA=0.130 cycB=0.148 idtA=0.134 idtB=0.132 D_A=0.066 D_B=0.133 D_A(real)=0.89 D_A(fake)=0.11 gnG=29.68 gnD=9.57 it_per_s=10.69
2026-10-02 03:09:58,529 INFO iter=70100 epoch=10 lr=2.00e-04 G=5.392 advA2B=0.558 advB2A=0.729 cycA=0.130 cycB=0.148 idtA=0.133 idtB=0.132 D_A=0.066 D_B=0.133 D_A(real)=0.89 D_A(fake)=0.11 gnG=29.65 gnD=9.57 it_per_s=10.69
2026-10-02 03:10:07,566 INFO iter=70200 epoch=10 lr=2.00e-04 G=5.389 advA2B=0.557 advB2A=0.730 cycA=0.130 cycB=0.147 idtA=0.133 idtB=0.132 D_A=0.066 D_B=0.133 D_A(real)=0.89 D_A(fake)=0.11 gnG=29.65 gnD=9.58 it_per_s=10.70
2026-10-02 03:10:16,972 INFO iter=70300 epoch=10 lr=2.00e-04 G=5.387 advA2B=0.558 advB2A=0.730 cycA=0.130 cycB=0.147 idtA=0.133 idtB=0.132 D_A=0.067 D_B=0.133 D_A(real)=0.89 D_A(fake)=0.11 gnG=29.66 gnD=9.59 it_per_s=10.70
2026-10-02 03:10:24,469 INFO epoch=10 done time_s=658 it_per_s=10.70 G=5.386 cycA=0.130 cycB=0.147 idtA=0.133 idtB=0.132 D_A=0.067 D_B=0.134 D_A(real)=0.89 D_A(fake)=0.11 nan_count=0
2026-10-02 03:10:26,936 INFO iter=70400 epoch=11 lr=2.00e-04 G=5.380 advA2B=0.505 advB2A=0.718 cycA=0.134 cycB=0.146 idtA=0.145 idtB=0.126 D_A=0.060 D_B=0.129 D_A(real)=0.89 D_A(fake)=0.11 gnG=29.77 gnD=9.00 it_per_s=10.62
2026-10-02 03:10:36,051 INFO iter=70500 epoch=11 lr=2.00e-04 G=5.357 advA2B=0.528 advB2A=0.747 cycA=0.126 cycB=0.150 idtA=0.129 idtB=0.136 D_A=0.062 D_B=0.134 D_A(real)=0.89 D_A(fake)=0.11 gnG=29.11 gnD=9.14 it_per_s=10.91
2026-10-02 03:10:45,441 INFO iter=70600 epoch=11 lr=2.00e-04 G=5.417 advA2B=0.563 advB2A=0.758 cycA=0.128 cycB=0.150 idtA=0.129 idtB=0.135 D_A=0.063 D_B=0.132 D_A(real)=0.89 D_A(fake)=0.11 gnG=28.58 gnD=9.25 it_per_s=10.79
2026-10-02 03:10:54,870 INFO iter=70700 epoch=11 lr=2.00e-04 G=5.379 advA2B=0.555 advB2A=0.748 cycA=0.126 cycB=0.150 idtA=0.128 idtB=0.136 D_A=0.066 D_B=0.131 D_A(real)=0.89 D_A(fake)=0.11 gnG=28.11 gnD=9.30 it_per_s=10.73
2026-10-02 03:11:04,267 INFO iter=70800 epoch=11 lr=2.00e-04 G=5.381 advA2B=0.555 advB2A=0.756 cycA=0.127 cycB=0.149 idtA=0.129 idtB=0.133 D_A=0.064 D_B=0.131 D_A(real)=0.89 D_A(fake)=0.11 gnG=29.35 gnD=9.25 it_per_s=10.71
2026-10-02 03:11:13,672 INFO iter=70900 epoch=11 lr=2.00e-04 G=5.419 advA2B=0.552 advB2A=0.760 cycA=0.129 cycB=0.150 idtA=0.131 idtB=0.132 D_A=0.063 D_B=0.129 D_A(real)=0.89 D_A(fake)=0.11 gnG=29.52 gnD=9.02 it_per_s=10.70
2026-10-02 03:11:23,110 INFO iter=71000 epoch=11 lr=2.00e-04 G=5.384 advA2B=0.543 advB2A=0.766 cycA=0.128 cycB=0.148 idtA=0.131 idtB=0.130 D_A=0.062 D_B=0.130 D_A(real)=0.89 D_A(fake)=0.11 gnG=29.21 gnD=9.08 it_per_s=10.68
2026-10-02 03:11:32,529 INFO iter=71100 epoch=11 lr=2.00e-04 G=5.381 advA2B=0.549 advB2A=0.758 cycA=0.128 cycB=0.148 idtA=0.131 idtB=0.131 D_A=0.063 D_B=0.129 D_A(real)=0.89 D_A(fake)=0.11 gnG=28.95 gnD=9.14 it_per_s=10.67
2026-10-02 03:11:42,038 INFO iter=71200 epoch=11 lr=2.00e-04 G=5.392 advA2B=0.553 advB2A=0.760 cycA=0.128 cycB=0.148 idtA=0.131 idtB=0.131 D_A=0.064 D_B=0.131 D_A(real)=0.89 D_A(fake)=0.11 gnG=29.01 gnD=9.26 it_per_s=10.65
2026-10-02 03:11:51,381 INFO iter=71300 epoch=11 lr=2.00e-04 G=5.383 advA2B=0.552 advB2A=0.758 cycA=0.128 cycB=0.148 idtA=0.132 idtB=0.131 D_A=0.064 D_B=0.131 D_A(real)=0.89 D_A(fake)=0.11 gnG=29.08 gnD=9.27 it_per_s=10.66
2026-10-02 03:12:00,743 INFO iter=71400 epoch=11 lr=2.00e-04 G=5.391 advA2B=0.551 advB2A=0.756 cycA=0.127 cycB=0.149 idtA=0.132 idtB=0.131 D_A=0.063 D_B=0.131 D_A(real)=0.89 D_A(fake)=0.11 gnG=29.15 gnD=9.28 it_per_s=10.66
2026-10-02 03:12:10,209 INFO iter=71500 epoch=11 lr=2.00e-04 G=5.384 advA2B=0.548 advB2A=0.754 cycA=0.128 cycB=0.149 idtA=0.132 idtB=0.131 D_A=0.063 D_B=0.133 D_A(real)=0.89 D_A(fake)=0.11 gnG=29.11 gnD=9.31 it_per_s=10.65
2026-10-02 03:12:19,665 INFO iter=71600 epoch=11 lr=2.00e-04 G=5.355 advA2B=0.545 advB2A=0.753 cycA=0.127 cycB=0.148 idtA=0.131 idtB=0.130 D_A=0.063 D_B=0.132 D_A(real)=0.89 D_A(fake)=0.11 gnG=28.91 gnD=9.31 it_per_s=10.64
2026-10-02 03:12:29,062 INFO iter=71700 epoch=11 lr=2.00e-04 G=5.345 advA2B=0.549 advB2A=0.753 cycA=0.127 cycB=0.147 idtA=0.131 idtB=0.130 D_A=0.064 D_B=0.132 D_A(real)=0.89 D_A(fake)=0.11 gnG=28.75 gnD=9.33 it_per_s=10.64
2026-10-02 03:12:38,476 INFO iter=71800 epoch=11 lr=2.00e-04 G=5.344 advA2B=0.550 advB2A=0.753 cycA=0.127 cycB=0.147 idtA=0.130 idtB=0.130 D_A=0.064 D_B=0.132 D_A(real)=0.89 D_A(fake)=0.11 gnG=28.79 gnD=9.35 it_per_s=10.64
2026-10-02 03:12:47,888 INFO iter=71900 epoch=11 lr=2.00e-04 G=5.359 advA2B=0.552 advB2A=0.754 cycA=0.127 cycB=0.147 idtA=0.131 idtB=0.130 D_A=0.063 D_B=0.132 D_A(real)=0.89 D_A(fake)=0.11 gnG=28.93 gnD=9.33 it_per_s=10.64
2026-10-02 03:12:57,323 INFO iter=72000 epoch=11 lr=2.00e-04 G=5.357 advA2B=0.553 advB2A=0.752 cycA=0.127 cycB=0.148 idtA=0.131 idtB=0.130 D_A=0.063 D_B=0.132 D_A(real)=0.89 D_A(fake)=0.11 gnG=28.90 gnD=9.33 it_per_s=10.64
2026-10-02 03:13:06,741 INFO iter=72100 epoch=11 lr=2.00e-04 G=5.355 advA2B=0.553 advB2A=0.752 cycA=0.127 cycB=0.148 idtA=0.131 idtB=0.130 D_A=0.063 D_B=0.131 D_A(real)=0.89 D_A(fake)=0.11 gnG=28.91 gnD=9.32 it_per_s=10.64
2026-10-02 03:13:16,156 INFO iter=72200 epoch=11 lr=2.00e-04 G=5.348 advA2B=0.556 advB2A=0.755 cycA=0.127 cycB=0.147 idtA=0.131 idtB=0.129 D_A=0.062 D_B=0.131 D_A(real)=0.89 D_A(fake)=0.11 gnG=28.74 gnD=9.30 it_per_s=10.64
2026-10-02 03:13:25,599 INFO iter=72300 epoch=11 lr=2.00e-04 G=5.352 advA2B=0.559 advB2A=0.758 cycA=0.127 cycB=0.147 idtA=0.131 idtB=0.129 D_A=0.062 D_B=0.130 D_A(real)=0.90 D_A(fake)=0.10 gnG=28.71 gnD=9.28 it_per_s=10.63
2026-10-02 03:13:35,031 INFO iter=72400 epoch=11 lr=2.00e-04 G=5.351 advA2B=0.559 advB2A=0.760 cycA=0.126 cycB=0.147 idtA=0.130 idtB=0.129 D_A=0.062 D_B=0.130 D_A(real)=0.90 D_A(fake)=0.10 gnG=28.70 gnD=9.29 it_per_s=10.63
2026-10-02 03:13:44,371 INFO iter=72500 epoch=11 lr=2.00e-04 G=5.350 advA2B=0.558 advB2A=0.760 cycA=0.126 cycB=0.147 idtA=0.130 idtB=0.129 D_A=0.062 D_B=0.130 D_A(real)=0.90 D_A(fake)=0.10 gnG=28.76 gnD=9.30 it_per_s=10.64
2026-10-02 03:13:53,840 INFO iter=72600 epoch=11 lr=2.00e-04 G=5.342 advA2B=0.559 advB2A=0.758 cycA=0.126 cycB=0.147 idtA=0.130 idtB=0.129 D_A=0.062 D_B=0.131 D_A(real)=0.90 D_A(fake)=0.10 gnG=28.67 gnD=9.29 it_per_s=10.63
2026-10-02 03:14:03,172 INFO iter=72700 epoch=11 lr=2.00e-04 G=5.334 advA2B=0.560 advB2A=0.755 cycA=0.126 cycB=0.146 idtA=0.130 idtB=0.129 D_A=0.062 D_B=0.131 D_A(real)=0.89 D_A(fake)=0.10 gnG=28.64 gnD=9.29 it_per_s=10.64
2026-10-02 03:14:12,322 INFO iter=72800 epoch=11 lr=2.00e-04 G=5.331 advA2B=0.561 advB2A=0.754 cycA=0.126 cycB=0.146 idtA=0.130 idtB=0.129 D_A=0.062 D_B=0.131 D_A(real)=0.89 D_A(fake)=0.11 gnG=28.67 gnD=9.29 it_per_s=10.65
2026-10-02 03:14:21,826 INFO iter=72900 epoch=11 lr=2.00e-04 G=5.319 advA2B=0.559 advB2A=0.753 cycA=0.126 cycB=0.145 idtA=0.130 idtB=0.128 D_A=0.062 D_B=0.131 D_A(real)=0.89 D_A(fake)=0.11 gnG=28.53 gnD=9.30 it_per_s=10.64
2026-10-02 03:14:31,305 INFO iter=73000 epoch=11 lr=2.00e-04 G=5.321 advA2B=0.560 advB2A=0.753 cycA=0.126 cycB=0.145 idtA=0.130 idtB=0.129 D_A=0.062 D_B=0.132 D_A(real)=0.89 D_A(fake)=0.11 gnG=28.47 gnD=9.31 it_per_s=10.64
2026-10-02 03:14:40,505 INFO iter=73100 epoch=11 lr=2.00e-04 G=5.315 advA2B=0.560 advB2A=0.754 cycA=0.126 cycB=0.145 idtA=0.130 idtB=0.128 D_A=0.062 D_B=0.131 D_A(real)=0.89 D_A(fake)=0.11 gnG=28.45 gnD=9.30 it_per_s=10.65
2026-10-02 03:14:49,968 INFO iter=73200 epoch=11 lr=2.00e-04 G=5.311 advA2B=0.560 advB2A=0.753 cycA=0.126 cycB=0.145 idtA=0.130 idtB=0.128 D_A=0.062 D_B=0.131 D_A(real)=0.89 D_A(fake)=0.11 gnG=28.48 gnD=9.29 it_per_s=10.64
2026-10-02 03:14:59,456 INFO iter=73300 epoch=11 lr=2.00e-04 G=5.312 advA2B=0.560 advB2A=0.753 cycA=0.126 cycB=0.145 idtA=0.130 idtB=0.128 D_A=0.062 D_B=0.131 D_A(real)=0.89 D_A(fake)=0.11 gnG=28.49 gnD=9.30 it_per_s=10.64
2026-10-02 03:15:08,501 INFO iter=73400 epoch=11 lr=2.00e-04 G=5.320 advA2B=0.559 advB2A=0.754 cycA=0.126 cycB=0.145 idtA=0.130 idtB=0.128 D_A=0.063 D_B=0.132 D_A(real)=0.89 D_A(fake)=0.11 gnG=28.62 gnD=9.33 it_per_s=10.65
2026-10-02 03:15:17,846 INFO iter=73500 epoch=11 lr=2.00e-04 G=5.333 advA2B=0.560 advB2A=0.756 cycA=0.127 cycB=0.146 idtA=0.130 idtB=0.129 D_A=0.062 D_B=0.131 D_A(real)=0.89 D_A(fake)=0.11 gnG=28.72 gnD=9.33 it_per_s=10.66
2026-10-02 03:15:27,265 INFO iter=73600 epoch=11 lr=2.00e-04 G=5.329 advA2B=0.561 advB2A=0.756 cycA=0.127 cycB=0.145 idtA=0.130 idtB=0.128 D_A=0.062 D_B=0.131 D_A(real)=0.89 D_A(fake)=0.10 gnG=28.69 gnD=9.30 it_per_s=10.65
2026-10-02 03:15:36,395 INFO iter=73700 epoch=11 lr=2.00e-04 G=5.320 advA2B=0.560 advB2A=0.755 cycA=0.126 cycB=0.145 idtA=0.130 idtB=0.128 D_A=0.062 D_B=0.131 D_A(real)=0.90 D_A(fake)=0.10 gnG=28.66 gnD=9.29 it_per_s=10.66
2026-10-02 03:15:45,626 INFO iter=73800 epoch=11 lr=2.00e-04 G=5.317 advA2B=0.559 advB2A=0.755 cycA=0.126 cycB=0.145 idtA=0.130 idtB=0.128 D_A=0.061 D_B=0.132 D_A(real)=0.90 D_A(fake)=0.10 gnG=28.69 gnD=9.31 it_per_s=10.67
2026-10-02 03:15:55,091 INFO iter=73900 epoch=11 lr=2.00e-04 G=5.322 advA2B=0.559 advB2A=0.756 cycA=0.126 cycB=0.145 idtA=0.130 idtB=0.128 D_A=0.061 D_B=0.132 D_A(real)=0.90 D_A(fake)=0.10 gnG=28.69 gnD=9.30 it_per_s=10.67
2026-10-02 03:16:04,364 INFO iter=74000 epoch=11 lr=2.00e-04 G=5.325 advA2B=0.558 advB2A=0.757 cycA=0.126 cycB=0.145 idtA=0.130 idtB=0.129 D_A=0.061 D_B=0.132 D_A(real)=0.90 D_A(fake)=0.10 gnG=28.73 gnD=9.30 it_per_s=10.67
2026-10-02 03:16:13,578 INFO iter=74100 epoch=11 lr=2.00e-04 G=5.323 advA2B=0.559 advB2A=0.757 cycA=0.126 cycB=0.145 idtA=0.130 idtB=0.129 D_A=0.061 D_B=0.132 D_A(real)=0.90 D_A(fake)=0.10 gnG=28.73 gnD=9.31 it_per_s=10.67
2026-10-02 03:16:22,986 INFO iter=74200 epoch=11 lr=2.00e-04 G=5.320 advA2B=0.559 advB2A=0.757 cycA=0.126 cycB=0.145 idtA=0.130 idtB=0.129 D_A=0.061 D_B=0.132 D_A(real)=0.90 D_A(fake)=0.10 gnG=28.68 gnD=9.32 it_per_s=10.67
2026-10-02 03:16:32,356 INFO iter=74300 epoch=11 lr=2.00e-04 G=5.313 advA2B=0.558 advB2A=0.756 cycA=0.126 cycB=0.145 idtA=0.130 idtB=0.128 D_A=0.061 D_B=0.132 D_A(real)=0.90 D_A(fake)=0.10 gnG=28.68 gnD=9.32 it_per_s=10.67
2026-10-02 03:16:41,551 INFO iter=74400 epoch=11 lr=2.00e-04 G=5.311 advA2B=0.559 advB2A=0.755 cycA=0.126 cycB=0.145 idtA=0.130 idtB=0.128 D_A=0.061 D_B=0.132 D_A(real)=0.90 D_A(fake)=0.10 gnG=28.64 gnD=9.33 it_per_s=10.68
2026-10-02 03:16:50,980 INFO iter=74500 epoch=11 lr=2.00e-04 G=5.310 advA2B=0.559 advB2A=0.756 cycA=0.126 cycB=0.144 idtA=0.129 idtB=0.128 D_A=0.061 D_B=0.132 D_A(real)=0.90 D_A(fake)=0.10 gnG=28.68 gnD=9.32 it_per_s=10.68
2026-10-02 03:17:00,417 INFO iter=74600 epoch=11 lr=2.00e-04 G=5.309 advA2B=0.559 advB2A=0.756 cycA=0.126 cycB=0.144 idtA=0.129 idtB=0.128 D_A=0.061 D_B=0.132 D_A(real)=0.90 D_A(fake)=0.10 gnG=28.69 gnD=9.32 it_per_s=10.67
2026-10-02 03:17:09,850 INFO iter=74700 epoch=11 lr=2.00e-04 G=5.310 advA2B=0.558 advB2A=0.756 cycA=0.126 cycB=0.145 idtA=0.129 idtB=0.128 D_A=0.061 D_B=0.133 D_A(real)=0.90 D_A(fake)=0.10 gnG=28.73 gnD=9.33 it_per_s=10.67
2026-10-02 03:17:19,256 INFO iter=74800 epoch=11 lr=2.00e-04 G=5.307 advA2B=0.558 advB2A=0.756 cycA=0.126 cycB=0.144 idtA=0.129 idtB=0.128 D_A=0.061 D_B=0.132 D_A(real)=0.90 D_A(fake)=0.10 gnG=28.71 gnD=9.32 it_per_s=10.67
2026-10-02 03:17:28,667 INFO iter=74900 epoch=11 lr=2.00e-04 G=5.305 advA2B=0.557 advB2A=0.755 cycA=0.126 cycB=0.144 idtA=0.129 idtB=0.128 D_A=0.061 D_B=0.133 D_A(real)=0.90 D_A(fake)=0.10 gnG=28.65 gnD=9.33 it_per_s=10.67
2026-10-02 03:17:38,108 INFO iter=75000 epoch=11 lr=2.00e-04 G=5.307 advA2B=0.557 advB2A=0.756 cycA=0.126 cycB=0.144 idtA=0.129 idtB=0.128 D_A=0.060 D_B=0.133 D_A(real)=0.90 D_A(fake)=0.10 gnG=28.73 gnD=9.33 it_per_s=10.67
2026-10-02 03:17:47,538 INFO iter=75100 epoch=11 lr=2.00e-04 G=5.303 advA2B=0.557 advB2A=0.756 cycA=0.126 cycB=0.144 idtA=0.129 idtB=0.128 D_A=0.060 D_B=0.133 D_A(real)=0.90 D_A(fake)=0.10 gnG=28.71 gnD=9.32 it_per_s=10.67
2026-10-02 03:17:56,955 INFO iter=75200 epoch=11 lr=2.00e-04 G=5.304 advA2B=0.557 advB2A=0.756 cycA=0.126 cycB=0.144 idtA=0.130 idtB=0.128 D_A=0.060 D_B=0.133 D_A(real)=0.90 D_A(fake)=0.10 gnG=28.70 gnD=9.32 it_per_s=10.67
2026-10-02 03:18:06,363 INFO iter=75300 epoch=11 lr=2.00e-04 G=5.303 advA2B=0.558 advB2A=0.756 cycA=0.126 cycB=0.144 idtA=0.129 idtB=0.128 D_A=0.060 D_B=0.133 D_A(real)=0.90 D_A(fake)=0.10 gnG=28.67 gnD=9.32 it_per_s=10.67
2026-10-02 03:18:15,780 INFO iter=75400 epoch=11 lr=2.00e-04 G=5.299 advA2B=0.558 advB2A=0.756 cycA=0.126 cycB=0.144 idtA=0.129 idtB=0.128 D_A=0.060 D_B=0.133 D_A(real)=0.90 D_A(fake)=0.10 gnG=28.61 gnD=9.33 it_per_s=10.66
2026-10-02 03:18:25,188 INFO iter=75500 epoch=11 lr=2.00e-04 G=5.299 advA2B=0.558 advB2A=0.756 cycA=0.126 cycB=0.144 idtA=0.129 idtB=0.128 D_A=0.060 D_B=0.133 D_A(real)=0.90 D_A(fake)=0.10 gnG=28.61 gnD=9.33 it_per_s=10.66
2026-10-02 03:18:34,528 INFO iter=75600 epoch=11 lr=2.00e-04 G=5.297 advA2B=0.559 advB2A=0.756 cycA=0.126 cycB=0.144 idtA=0.129 idtB=0.128 D_A=0.060 D_B=0.133 D_A(real)=0.90 D_A(fake)=0.10 gnG=28.57 gnD=9.33 it_per_s=10.66
2026-10-02 03:18:43,597 INFO iter=75700 epoch=11 lr=2.00e-04 G=5.297 advA2B=0.559 advB2A=0.757 cycA=0.126 cycB=0.144 idtA=0.129 idtB=0.128 D_A=0.060 D_B=0.133 D_A(real)=0.90 D_A(fake)=0.10 gnG=28.58 gnD=9.32 it_per_s=10.67
2026-10-02 03:18:53,092 INFO iter=75800 epoch=11 lr=2.00e-04 G=5.298 advA2B=0.558 advB2A=0.757 cycA=0.126 cycB=0.144 idtA=0.129 idtB=0.128 D_A=0.060 D_B=0.133 D_A(real)=0.90 D_A(fake)=0.10 gnG=28.59 gnD=9.32 it_per_s=10.67
2026-10-02 03:19:02,555 INFO iter=75900 epoch=11 lr=2.00e-04 G=5.298 advA2B=0.558 advB2A=0.757 cycA=0.126 cycB=0.144 idtA=0.129 idtB=0.128 D_A=0.060 D_B=0.133 D_A(real)=0.90 D_A(fake)=0.10 gnG=28.59 gnD=9.32 it_per_s=10.67
2026-10-02 03:19:11,862 INFO iter=76000 epoch=11 lr=2.00e-04 G=5.299 advA2B=0.558 advB2A=0.757 cycA=0.126 cycB=0.144 idtA=0.129 idtB=0.128 D_A=0.060 D_B=0.133 D_A(real)=0.90 D_A(fake)=0.10 gnG=28.58 gnD=9.32 it_per_s=10.67
2026-10-02 03:19:21,306 INFO iter=76100 epoch=11 lr=2.00e-04 G=5.297 advA2B=0.558 advB2A=0.756 cycA=0.126 cycB=0.144 idtA=0.129 idtB=0.128 D_A=0.060 D_B=0.133 D_A(real)=0.90 D_A(fake)=0.10 gnG=28.55 gnD=9.33 it_per_s=10.67
2026-10-02 03:19:30,735 INFO iter=76200 epoch=11 lr=2.00e-04 G=5.297 advA2B=0.558 advB2A=0.757 cycA=0.126 cycB=0.144 idtA=0.129 idtB=0.128 D_A=0.060 D_B=0.134 D_A(real)=0.90 D_A(fake)=0.10 gnG=28.57 gnD=9.33 it_per_s=10.67
2026-10-02 03:19:40,034 INFO iter=76300 epoch=11 lr=2.00e-04 G=5.294 advA2B=0.558 advB2A=0.757 cycA=0.126 cycB=0.144 idtA=0.129 idtB=0.128 D_A=0.060 D_B=0.134 D_A(real)=0.90 D_A(fake)=0.10 gnG=28.56 gnD=9.34 it_per_s=10.67
2026-10-02 03:19:49,414 INFO iter=76400 epoch=11 lr=2.00e-04 G=5.295 advA2B=0.558 advB2A=0.757 cycA=0.126 cycB=0.144 idtA=0.129 idtB=0.128 D_A=0.060 D_B=0.134 D_A(real)=0.90 D_A(fake)=0.10 gnG=28.54 gnD=9.34 it_per_s=10.67
2026-10-02 03:19:58,879 INFO iter=76500 epoch=11 lr=2.00e-04 G=5.298 advA2B=0.558 advB2A=0.758 cycA=0.126 cycB=0.144 idtA=0.129 idtB=0.128 D_A=0.060 D_B=0.133 D_A(real)=0.90 D_A(fake)=0.10 gnG=28.54 gnD=9.34 it_per_s=10.67
2026-10-02 03:20:08,396 INFO iter=76600 epoch=11 lr=2.00e-04 G=5.301 advA2B=0.559 advB2A=0.758 cycA=0.126 cycB=0.144 idtA=0.129 idtB=0.128 D_A=0.060 D_B=0.133 D_A(real)=0.90 D_A(fake)=0.10 gnG=28.55 gnD=9.33 it_per_s=10.66
2026-10-02 03:20:17,839 INFO iter=76700 epoch=11 lr=2.00e-04 G=5.303 advA2B=0.559 advB2A=0.757 cycA=0.126 cycB=0.145 idtA=0.129 idtB=0.128 D_A=0.060 D_B=0.133 D_A(real)=0.90 D_A(fake)=0.10 gnG=28.54 gnD=9.34 it_per_s=10.66
2026-10-02 03:20:27,275 INFO iter=76800 epoch=11 lr=2.00e-04 G=5.300 advA2B=0.558 advB2A=0.757 cycA=0.125 cycB=0.144 idtA=0.129 idtB=0.128 D_A=0.060 D_B=0.134 D_A(real)=0.90 D_A(fake)=0.10 gnG=28.53 gnD=9.34 it_per_s=10.66
2026-10-02 03:20:36,686 INFO iter=76900 epoch=11 lr=2.00e-04 G=5.298 advA2B=0.557 advB2A=0.758 cycA=0.125 cycB=0.144 idtA=0.129 idtB=0.128 D_A=0.060 D_B=0.134 D_A(real)=0.90 D_A(fake)=0.10 gnG=28.50 gnD=9.34 it_per_s=10.66
2026-10-02 03:20:46,155 INFO iter=77000 epoch=11 lr=2.00e-04 G=5.297 advA2B=0.558 advB2A=0.757 cycA=0.125 cycB=0.144 idtA=0.129 idtB=0.128 D_A=0.060 D_B=0.134 D_A(real)=0.90 D_A(fake)=0.10 gnG=28.48 gnD=9.34 it_per_s=10.66
2026-10-02 03:20:55,599 INFO iter=77100 epoch=11 lr=2.00e-04 G=5.301 advA2B=0.558 advB2A=0.758 cycA=0.125 cycB=0.145 idtA=0.129 idtB=0.128 D_A=0.060 D_B=0.134 D_A(real)=0.90 D_A(fake)=0.10 gnG=28.58 gnD=9.35 it_per_s=10.66
2026-10-02 03:21:05,027 INFO iter=77200 epoch=11 lr=2.00e-04 G=5.301 advA2B=0.558 advB2A=0.759 cycA=0.126 cycB=0.144 idtA=0.129 idtB=0.128 D_A=0.060 D_B=0.134 D_A(real)=0.90 D_A(fake)=0.10 gnG=28.61 gnD=9.34 it_per_s=10.66
2026-10-02 03:21:14,477 INFO iter=77300 epoch=11 lr=2.00e-04 G=5.298 advA2B=0.557 advB2A=0.758 cycA=0.125 cycB=0.144 idtA=0.129 idtB=0.128 D_A=0.060 D_B=0.134 D_A(real)=0.90 D_A(fake)=0.10 gnG=28.58 gnD=9.34 it_per_s=10.66
2026-10-02 03:21:23,922 INFO iter=77400 epoch=11 lr=2.00e-04 G=5.296 advA2B=0.557 advB2A=0.758 cycA=0.125 cycB=0.144 idtA=0.129 idtB=0.128 D_A=0.060 D_B=0.134 D_A(real)=0.90 D_A(fake)=0.10 gnG=28.56 gnD=9.34 it_per_s=10.65
2026-10-02 03:21:25,604 INFO epoch=11 done time_s=661 it_per_s=10.65 G=5.297 cycA=0.125 cycB=0.144 idtA=0.129 idtB=0.128 D_A=0.060 D_B=0.134 D_A(real)=0.90 D_A(fake)=0.10 nan_count=0
2026-10-02 03:21:33,889 INFO iter=77500 epoch=12 lr=2.00e-04 G=5.158 advA2B=0.601 advB2A=0.766 cycA=0.127 cycB=0.128 idtA=0.131 idtB=0.118 D_A=0.061 D_B=0.125 D_A(real)=0.89 D_A(fake)=0.10 gnG=27.75 gnD=9.18 it_per_s=10.57
2026-10-02 03:21:43,325 INFO iter=77600 epoch=12 lr=2.00e-04 G=5.177 advA2B=0.568 advB2A=0.748 cycA=0.124 cycB=0.136 idtA=0.128 idtB=0.124 D_A=0.065 D_B=0.130 D_A(real)=0.89 D_A(fake)=0.11 gnG=27.31 gnD=9.54 it_per_s=10.59
2026-10-02 03:21:52,760 INFO iter=77700 epoch=12 lr=2.00e-04 G=5.145 advA2B=0.568 advB2A=0.748 cycA=0.123 cycB=0.135 idtA=0.127 idtB=0.122 D_A=0.063 D_B=0.132 D_A(real)=0.89 D_A(fake)=0.11 gnG=27.07 gnD=9.44 it_per_s=10.59
2026-10-02 03:22:02,200 INFO iter=77800 epoch=12 lr=2.00e-04 G=5.169 advA2B=0.554 advB2A=0.750 cycA=0.123 cycB=0.138 idtA=0.126 idtB=0.124 D_A=0.060 D_B=0.132 D_A(real)=0.89 D_A(fake)=0.11 gnG=27.26 gnD=9.32 it_per_s=10.59
2026-10-02 03:22:11,648 INFO iter=77900 epoch=12 lr=2.00e-04 G=5.170 advA2B=0.550 advB2A=0.755 cycA=0.122 cycB=0.139 idtA=0.125 idtB=0.125 D_A=0.060 D_B=0.133 D_A(real)=0.90 D_A(fake)=0.10 gnG=27.33 gnD=9.29 it_per_s=10.59
2026-10-02 03:22:21,043 INFO iter=78000 epoch=12 lr=2.00e-04 G=5.147 advA2B=0.545 advB2A=0.744 cycA=0.122 cycB=0.140 idtA=0.124 idtB=0.125 D_A=0.060 D_B=0.135 D_A(real)=0.89 D_A(fake)=0.11 gnG=27.43 gnD=9.27 it_per_s=10.60
2026-10-02 03:22:30,494 INFO iter=78100 epoch=12 lr=2.00e-04 G=5.164 advA2B=0.543 advB2A=0.746 cycA=0.122 cycB=0.141 idtA=0.125 idtB=0.125 D_A=0.060 D_B=0.136 D_A(real)=0.89 D_A(fake)=0.10 gnG=27.85 gnD=9.31 it_per_s=10.60
2026-10-02 03:22:40,025 INFO iter=78200 epoch=12 lr=2.00e-04 G=5.177 advA2B=0.544 advB2A=0.746 cycA=0.122 cycB=0.141 idtA=0.125 idtB=0.126 D_A=0.060 D_B=0.138 D_A(real)=0.89 D_A(fake)=0.10 gnG=27.84 gnD=9.35 it_per_s=10.58
2026-10-02 03:22:49,457 INFO iter=78300 epoch=12 lr=2.00e-04 G=5.186 advA2B=0.546 advB2A=0.752 cycA=0.122 cycB=0.141 idtA=0.125 idtB=0.126 D_A=0.059 D_B=0.137 D_A(real)=0.90 D_A(fake)=0.10 gnG=27.85 gnD=9.27 it_per_s=10.58
2026-10-02 03:22:58,904 INFO iter=78400 epoch=12 lr=2.00e-04 G=5.196 advA2B=0.546 advB2A=0.751 cycA=0.122 cycB=0.141 idtA=0.125 idtB=0.127 D_A=0.061 D_B=0.138 D_A(real)=0.90 D_A(fake)=0.10 gnG=27.96 gnD=9.38 it_per_s=10.58
2026-10-02 03:23:08,364 INFO iter=78500 epoch=12 lr=2.00e-04 G=5.205 advA2B=0.549 advB2A=0.753 cycA=0.123 cycB=0.141 idtA=0.126 idtB=0.127 D_A=0.060 D_B=0.137 D_A(real)=0.90 D_A(fake)=0.10 gnG=28.03 gnD=9.35 it_per_s=10.58
2026-10-02 03:23:17,796 INFO iter=78600 epoch=12 lr=2.00e-04 G=5.212 advA2B=0.548 advB2A=0.755 cycA=0.123 cycB=0.142 idtA=0.126 idtB=0.127 D_A=0.060 D_B=0.137 D_A(real)=0.90 D_A(fake)=0.10 gnG=27.91 gnD=9.29 it_per_s=10.59
2026-10-02 03:23:27,162 INFO iter=78700 epoch=12 lr=2.00e-04 G=5.223 advA2B=0.549 advB2A=0.760 cycA=0.124 cycB=0.141 idtA=0.126 idtB=0.126 D_A=0.059 D_B=0.136 D_A(real)=0.90 D_A(fake)=0.10 gnG=28.04 gnD=9.24 it_per_s=10.59
2026-10-02 03:23:36,588 INFO iter=78800 epoch=12 lr=2.00e-04 G=5.222 advA2B=0.550 advB2A=0.762 cycA=0.124 cycB=0.141 idtA=0.127 idtB=0.126 D_A=0.059 D_B=0.136 D_A(real)=0.90 D_A(fake)=0.10 gnG=27.95 gnD=9.30 it_per_s=10.59
2026-10-02 03:23:46,036 INFO iter=78900 epoch=12 lr=2.00e-04 G=5.223 advA2B=0.551 advB2A=0.764 cycA=0.123 cycB=0.141 idtA=0.126 idtB=0.126 D_A=0.059 D_B=0.135 D_A(real)=0.90 D_A(fake)=0.10 gnG=27.92 gnD=9.21 it_per_s=10.59
2026-10-02 03:23:55,495 INFO iter=79000 epoch=12 lr=2.00e-04 G=5.221 advA2B=0.551 advB2A=0.766 cycA=0.123 cycB=0.141 idtA=0.126 idtB=0.126 D_A=0.059 D_B=0.135 D_A(real)=0.90 D_A(fake)=0.10 gnG=28.07 gnD=9.25 it_per_s=10.59
2026-10-02 03:24:04,960 INFO iter=79100 epoch=12 lr=2.00e-04 G=5.214 advA2B=0.551 advB2A=0.765 cycA=0.123 cycB=0.141 idtA=0.127 idtB=0.125 D_A=0.059 D_B=0.135 D_A(real)=0.90 D_A(fake)=0.10 gnG=27.93 gnD=9.26 it_per_s=10.59
2026-10-02 03:24:14,419 INFO iter=79200 epoch=12 lr=2.00e-04 G=5.219 advA2B=0.552 advB2A=0.767 cycA=0.124 cycB=0.140 idtA=0.127 idtB=0.125 D_A=0.058 D_B=0.135 D_A(real)=0.90 D_A(fake)=0.10 gnG=27.94 gnD=9.25 it_per_s=10.59
2026-10-02 03:24:23,875 INFO iter=79300 epoch=12 lr=2.00e-04 G=5.215 advA2B=0.551 advB2A=0.767 cycA=0.124 cycB=0.140 idtA=0.127 idtB=0.125 D_A=0.058 D_B=0.136 D_A(real)=0.90 D_A(fake)=0.10 gnG=27.90 gnD=9.26 it_per_s=10.59
2026-10-02 03:24:33,309 INFO iter=79400 epoch=12 lr=2.00e-04 G=5.213 advA2B=0.550 advB2A=0.768 cycA=0.124 cycB=0.140 idtA=0.127 idtB=0.125 D_A=0.058 D_B=0.136 D_A(real)=0.90 D_A(fake)=0.10 gnG=27.81 gnD=9.26 it_per_s=10.59
2026-10-02 03:24:42,632 INFO iter=79500 epoch=12 lr=2.00e-04 G=5.212 advA2B=0.549 advB2A=0.767 cycA=0.124 cycB=0.140 idtA=0.126 idtB=0.125 D_A=0.058 D_B=0.135 D_A(real)=0.90 D_A(fake)=0.10 gnG=27.75 gnD=9.22 it_per_s=10.60
2026-10-02 03:24:52,091 INFO iter=79600 epoch=12 lr=2.00e-04 G=5.210 advA2B=0.549 advB2A=0.767 cycA=0.123 cycB=0.140 idtA=0.126 idtB=0.125 D_A=0.058 D_B=0.135 D_A(real)=0.90 D_A(fake)=0.10 gnG=27.73 gnD=9.21 it_per_s=10.59
2026-10-02 03:25:01,522 INFO iter=79700 epoch=12 lr=2.00e-04 G=5.208 advA2B=0.548 advB2A=0.766 cycA=0.123 cycB=0.140 idtA=0.126 idtB=0.125 D_A=0.058 D_B=0.136 D_A(real)=0.90 D_A(fake)=0.10 gnG=27.71 gnD=9.23 it_per_s=10.59
2026-10-02 03:25:10,829 INFO iter=79800 epoch=12 lr=2.00e-04 G=5.214 advA2B=0.547 advB2A=0.767 cycA=0.123 cycB=0.141 idtA=0.126 idtB=0.125 D_A=0.058 D_B=0.136 D_A(real)=0.90 D_A(fake)=0.10 gnG=27.69 gnD=9.21 it_per_s=10.60
2026-10-02 03:25:20,277 INFO iter=79900 epoch=12 lr=2.00e-04 G=5.205 advA2B=0.546 advB2A=0.767 cycA=0.123 cycB=0.140 idtA=0.126 idtB=0.125 D_A=0.058 D_B=0.136 D_A(real)=0.90 D_A(fake)=0.10 gnG=27.66 gnD=9.21 it_per_s=10.60
2026-10-02 03:25:29,614 INFO iter=80000 epoch=12 lr=2.00e-04 G=5.197 advA2B=0.545 advB2A=0.766 cycA=0.123 cycB=0.140 idtA=0.126 idtB=0.125 D_A=0.058 D_B=0.136 D_A(real)=0.90 D_A(fake)=0.10 gnG=27.62 gnD=9.21 it_per_s=10.60
2026-10-02 03:25:38,667 INFO iter=80100 epoch=12 lr=2.00e-04 G=5.186 advA2B=0.545 advB2A=0.764 cycA=0.123 cycB=0.140 idtA=0.126 idtB=0.125 D_A=0.058 D_B=0.136 D_A(real)=0.90 D_A(fake)=0.10 gnG=27.60 gnD=9.23 it_per_s=10.62
2026-10-02 03:25:48,081 INFO iter=80200 epoch=12 lr=2.00e-04 G=5.184 advA2B=0.545 advB2A=0.765 cycA=0.123 cycB=0.140 idtA=0.126 idtB=0.125 D_A=0.058 D_B=0.136 D_A(real)=0.90 D_A(fake)=0.10 gnG=27.64 gnD=9.25 it_per_s=10.62
2026-10-02 03:25:57,533 INFO iter=80300 epoch=12 lr=2.00e-04 G=5.190 advA2B=0.545 advB2A=0.766 cycA=0.123 cycB=0.140 idtA=0.126 idtB=0.125 D_A=0.058 D_B=0.136 D_A(real)=0.90 D_A(fake)=0.10 gnG=27.72 gnD=9.25 it_per_s=10.62
2026-10-02 03:26:06,759 INFO iter=80400 epoch=12 lr=2.00e-04 G=5.192 advA2B=0.544 advB2A=0.767 cycA=0.123 cycB=0.140 idtA=0.126 idtB=0.125 D_A=0.058 D_B=0.136 D_A(real)=0.90 D_A(fake)=0.10 gnG=27.75 gnD=9.24 it_per_s=10.63
2026-10-02 03:26:16,116 INFO iter=80500 epoch=12 lr=2.00e-04 G=5.201 advA2B=0.545 advB2A=0.769 cycA=0.123 cycB=0.140 idtA=0.126 idtB=0.125 D_A=0.058 D_B=0.136 D_A(real)=0.90 D_A(fake)=0.10 gnG=27.84 gnD=9.23 it_per_s=10.63
2026-10-02 03:26:25,573 INFO iter=80600 epoch=12 lr=2.00e-04 G=5.215 advA2B=0.548 advB2A=0.772 cycA=0.123 cycB=0.141 idtA=0.126 idtB=0.125 D_A=0.058 D_B=0.136 D_A(real)=0.90 D_A(fake)=0.10 gnG=27.92 gnD=9.21 it_per_s=10.63
2026-10-02 03:26:35,027 INFO iter=80700 epoch=12 lr=2.00e-04 G=5.224 advA2B=0.549 advB2A=0.773 cycA=0.123 cycB=0.141 idtA=0.126 idtB=0.126 D_A=0.057 D_B=0.136 D_A(real)=0.90 D_A(fake)=0.10 gnG=27.96 gnD=9.22 it_per_s=10.62
2026-10-02 03:26:44,258 INFO iter=80800 epoch=12 lr=2.00e-04 G=5.226 advA2B=0.549 advB2A=0.775 cycA=0.124 cycB=0.141 idtA=0.126 idtB=0.125 D_A=0.057 D_B=0.136 D_A(real)=0.90 D_A(fake)=0.10 gnG=27.94 gnD=9.22 it_per_s=10.63
2026-10-02 03:26:53,717 INFO iter=80900 epoch=12 lr=2.00e-04 G=5.220 advA2B=0.548 advB2A=0.774 cycA=0.123 cycB=0.141 idtA=0.126 idtB=0.125 D_A=0.057 D_B=0.135 D_A(real)=0.90 D_A(fake)=0.10 gnG=27.91 gnD=9.19 it_per_s=10.63
2026-10-02 03:27:03,170 INFO iter=81000 epoch=12 lr=2.00e-04 G=5.219 advA2B=0.549 advB2A=0.775 cycA=0.123 cycB=0.141 idtA=0.126 idtB=0.125 D_A=0.057 D_B=0.135 D_A(real)=0.90 D_A(fake)=0.09 gnG=27.91 gnD=9.19 it_per_s=10.63
2026-10-02 03:27:12,462 INFO iter=81100 epoch=12 lr=2.00e-04 G=5.222 advA2B=0.549 advB2A=0.775 cycA=0.123 cycB=0.141 idtA=0.126 idtB=0.125 D_A=0.057 D_B=0.135 D_A(real)=0.91 D_A(fake)=0.09 gnG=27.95 gnD=9.18 it_per_s=10.63
2026-10-02 03:27:21,895 INFO iter=81200 epoch=12 lr=2.00e-04 G=5.221 advA2B=0.550 advB2A=0.776 cycA=0.123 cycB=0.141 idtA=0.126 idtB=0.125 D_A=0.056 D_B=0.135 D_A(real)=0.91 D_A(fake)=0.09 gnG=27.90 gnD=9.19 it_per_s=10.63
2026-10-02 03:27:31,225 INFO iter=81300 epoch=12 lr=2.00e-04 G=5.223 advA2B=0.551 advB2A=0.776 cycA=0.123 cycB=0.141 idtA=0.126 idtB=0.125 D_A=0.056 D_B=0.135 D_A(real)=0.91 D_A(fake)=0.09 gnG=27.92 gnD=9.17 it_per_s=10.63
2026-10-02 03:27:40,277 INFO iter=81400 epoch=12 lr=2.00e-04 G=5.221 advA2B=0.551 advB2A=0.776 cycA=0.123 cycB=0.141 idtA=0.126 idtB=0.125 D_A=0.056 D_B=0.135 D_A(real)=0.91 D_A(fake)=0.09 gnG=27.87 gnD=9.16 it_per_s=10.64
2026-10-02 03:27:49,741 INFO iter=81500 epoch=12 lr=2.00e-04 G=5.223 advA2B=0.551 advB2A=0.776 cycA=0.123 cycB=0.141 idtA=0.126 idtB=0.125 D_A=0.057 D_B=0.135 D_A(real)=0.91 D_A(fake)=0.09 gnG=27.89 gnD=9.18 it_per_s=10.64
2026-10-02 03:27:59,185 INFO iter=81600 epoch=12 lr=2.00e-04 G=5.225 advA2B=0.551 advB2A=0.776 cycA=0.123 cycB=0.141 idtA=0.126 idtB=0.125 D_A=0.056 D_B=0.135 D_A(real)=0.91 D_A(fake)=0.09 gnG=27.93 gnD=9.17 it_per_s=10.64
2026-10-02 03:28:08,426 INFO iter=81700 epoch=12 lr=2.00e-04 G=5.223 advA2B=0.551 advB2A=0.776 cycA=0.123 cycB=0.141 idtA=0.126 idtB=0.125 D_A=0.056 D_B=0.135 D_A(real)=0.91 D_A(fake)=0.09 gnG=27.92 gnD=9.16 it_per_s=10.64
2026-10-02 03:28:17,821 INFO iter=81800 epoch=12 lr=2.00e-04 G=5.225 advA2B=0.551 advB2A=0.776 cycA=0.123 cycB=0.141 idtA=0.126 idtB=0.125 D_A=0.056 D_B=0.135 D_A(real)=0.91 D_A(fake)=0.09 gnG=27.92 gnD=9.14 it_per_s=10.64
2026-10-02 03:28:27,278 INFO iter=81900 epoch=12 lr=2.00e-04 G=5.234 advA2B=0.552 advB2A=0.780 cycA=0.123 cycB=0.141 idtA=0.126 idtB=0.125 D_A=0.056 D_B=0.135 D_A(real)=0.91 D_A(fake)=0.09 gnG=28.06 gnD=9.14 it_per_s=10.64
2026-10-02 03:28:36,398 INFO iter=82000 epoch=12 lr=2.00e-04 G=5.235 advA2B=0.553 advB2A=0.780 cycA=0.123 cycB=0.141 idtA=0.126 idtB=0.125 D_A=0.055 D_B=0.135 D_A(real)=0.91 D_A(fake)=0.09 gnG=28.07 gnD=9.13 it_per_s=10.65
2026-10-02 03:28:45,658 INFO iter=82100 epoch=12 lr=2.00e-04 G=5.233 advA2B=0.553 advB2A=0.781 cycA=0.123 cycB=0.141 idtA=0.126 idtB=0.125 D_A=0.055 D_B=0.134 D_A(real)=0.91 D_A(fake)=0.09 gnG=28.02 gnD=9.12 it_per_s=10.65
2026-10-02 03:28:55,136 INFO iter=82200 epoch=12 lr=2.00e-04 G=5.230 advA2B=0.555 advB2A=0.780 cycA=0.123 cycB=0.141 idtA=0.125 idtB=0.125 D_A=0.055 D_B=0.134 D_A(real)=0.91 D_A(fake)=0.09 gnG=28.01 gnD=9.12 it_per_s=10.65
2026-10-02 03:29:04,461 INFO iter=82300 epoch=12 lr=2.00e-04 G=5.237 advA2B=0.555 advB2A=0.781 cycA=0.123 cycB=0.141 idtA=0.126 idtB=0.125 D_A=0.055 D_B=0.134 D_A(real)=0.91 D_A(fake)=0.09 gnG=28.07 gnD=9.12 it_per_s=10.65
2026-10-02 03:29:13,943 INFO iter=82400 epoch=12 lr=2.00e-04 G=5.237 advA2B=0.555 advB2A=0.781 cycA=0.123 cycB=0.141 idtA=0.125 idtB=0.126 D_A=0.055 D_B=0.134 D_A(real)=0.91 D_A(fake)=0.09 gnG=28.09 gnD=9.11 it_per_s=10.65
2026-10-02 03:29:23,391 INFO iter=82500 epoch=12 lr=2.00e-04 G=5.237 advA2B=0.554 advB2A=0.782 cycA=0.123 cycB=0.141 idtA=0.126 idtB=0.125 D_A=0.055 D_B=0.134 D_A(real)=0.91 D_A(fake)=0.09 gnG=28.15 gnD=9.10 it_per_s=10.65
2026-10-02 03:29:32,687 INFO iter=82600 epoch=12 lr=2.00e-04 G=5.240 advA2B=0.555 advB2A=0.782 cycA=0.123 cycB=0.141 idtA=0.126 idtB=0.126 D_A=0.055 D_B=0.134 D_A(real)=0.91 D_A(fake)=0.09 gnG=28.16 gnD=9.10 it_per_s=10.65
2026-10-02 03:29:41,770 INFO iter=82700 epoch=12 lr=2.00e-04 G=5.245 advA2B=0.554 advB2A=0.784 cycA=0.124 cycB=0.142 idtA=0.126 idtB=0.126 D_A=0.055 D_B=0.134 D_A(real)=0.91 D_A(fake)=0.09 gnG=28.19 gnD=9.10 it_per_s=10.66
2026-10-02 03:29:51,318 INFO iter=82800 epoch=12 lr=2.00e-04 G=5.246 advA2B=0.555 advB2A=0.784 cycA=0.124 cycB=0.142 idtA=0.126 idtB=0.126 D_A=0.055 D_B=0.134 D_A(real)=0.91 D_A(fake)=0.09 gnG=28.24 gnD=9.10 it_per_s=10.65
2026-10-02 03:30:00,814 INFO iter=82900 epoch=12 lr=2.00e-04 G=5.249 advA2B=0.555 advB2A=0.785 cycA=0.124 cycB=0.142 idtA=0.126 idtB=0.126 D_A=0.055 D_B=0.133 D_A(real)=0.91 D_A(fake)=0.09 gnG=28.25 gnD=9.10 it_per_s=10.65
2026-10-02 03:30:09,932 INFO iter=83000 epoch=12 lr=2.00e-04 G=5.247 advA2B=0.555 advB2A=0.784 cycA=0.124 cycB=0.141 idtA=0.126 idtB=0.126 D_A=0.055 D_B=0.133 D_A(real)=0.91 D_A(fake)=0.09 gnG=28.21 gnD=9.10 it_per_s=10.66
2026-10-02 03:30:19,358 INFO iter=83100 epoch=12 lr=2.00e-04 G=5.245 advA2B=0.554 advB2A=0.784 cycA=0.124 cycB=0.141 idtA=0.126 idtB=0.126 D_A=0.055 D_B=0.133 D_A(real)=0.91 D_A(fake)=0.09 gnG=28.21 gnD=9.09 it_per_s=10.66
2026-10-02 03:30:28,792 INFO iter=83200 epoch=12 lr=2.00e-04 G=5.243 advA2B=0.554 advB2A=0.784 cycA=0.124 cycB=0.141 idtA=0.126 idtB=0.126 D_A=0.055 D_B=0.134 D_A(real)=0.91 D_A(fake)=0.09 gnG=28.21 gnD=9.11 it_per_s=10.65
2026-10-02 03:30:37,885 INFO iter=83300 epoch=12 lr=2.00e-04 G=5.243 advA2B=0.555 advB2A=0.784 cycA=0.124 cycB=0.141 idtA=0.126 idtB=0.126 D_A=0.055 D_B=0.134 D_A(real)=0.91 D_A(fake)=0.09 gnG=28.23 gnD=9.11 it_per_s=10.66
2026-10-02 03:30:47,154 INFO iter=83400 epoch=12 lr=2.00e-04 G=5.239 advA2B=0.554 advB2A=0.784 cycA=0.124 cycB=0.141 idtA=0.126 idtB=0.125 D_A=0.055 D_B=0.134 D_A(real)=0.91 D_A(fake)=0.09 gnG=28.19 gnD=9.11 it_per_s=10.66
2026-10-02 03:30:56,620 INFO iter=83500 epoch=12 lr=2.00e-04 G=5.240 advA2B=0.554 advB2A=0.784 cycA=0.124 cycB=0.141 idtA=0.126 idtB=0.125 D_A=0.055 D_B=0.134 D_A(real)=0.91 D_A(fake)=0.09 gnG=28.21 gnD=9.10 it_per_s=10.66
2026-10-02 03:31:05,808 INFO iter=83600 epoch=12 lr=2.00e-04 G=5.238 advA2B=0.554 advB2A=0.784 cycA=0.123 cycB=0.141 idtA=0.126 idtB=0.125 D_A=0.055 D_B=0.134 D_A(real)=0.91 D_A(fake)=0.09 gnG=28.25 gnD=9.10 it_per_s=10.66
2026-10-02 03:31:15,002 INFO iter=83700 epoch=12 lr=2.00e-04 G=5.236 advA2B=0.554 advB2A=0.784 cycA=0.123 cycB=0.141 idtA=0.125 idtB=0.125 D_A=0.055 D_B=0.134 D_A(real)=0.91 D_A(fake)=0.09 gnG=28.24 gnD=9.11 it_per_s=10.67
2026-10-02 03:31:24,455 INFO iter=83800 epoch=12 lr=2.00e-04 G=5.233 advA2B=0.554 advB2A=0.785 cycA=0.123 cycB=0.141 idtA=0.125 idtB=0.125 D_A=0.055 D_B=0.134 D_A(real)=0.91 D_A(fake)=0.09 gnG=28.22 gnD=9.10 it_per_s=10.67
2026-10-02 03:31:33,759 INFO iter=83900 epoch=12 lr=2.00e-04 G=5.233 advA2B=0.554 advB2A=0.785 cycA=0.123 cycB=0.141 idtA=0.125 idtB=0.125 D_A=0.055 D_B=0.134 D_A(real)=0.91 D_A(fake)=0.09 gnG=28.21 gnD=9.10 it_per_s=10.67
2026-10-02 03:31:42,821 INFO iter=84000 epoch=12 lr=2.00e-04 G=5.234 advA2B=0.555 advB2A=0.786 cycA=0.123 cycB=0.141 idtA=0.125 idtB=0.125 D_A=0.055 D_B=0.133 D_A(real)=0.91 D_A(fake)=0.09 gnG=28.23 gnD=9.09 it_per_s=10.67
2026-10-02 03:31:52,252 INFO iter=84100 epoch=12 lr=2.00e-04 G=5.230 advA2B=0.554 advB2A=0.786 cycA=0.123 cycB=0.141 idtA=0.125 idtB=0.125 D_A=0.055 D_B=0.134 D_A(real)=0.91 D_A(fake)=0.09 gnG=28.24 gnD=9.09 it_per_s=10.67
2026-10-02 03:32:01,674 INFO iter=84200 epoch=12 lr=2.00e-04 G=5.228 advA2B=0.554 advB2A=0.785 cycA=0.123 cycB=0.140 idtA=0.125 idtB=0.125 D_A=0.055 D_B=0.134 D_A(real)=0.91 D_A(fake)=0.09 gnG=28.24 gnD=9.09 it_per_s=10.67
2026-10-02 03:32:10,745 INFO iter=84300 epoch=12 lr=2.00e-04 G=5.225 advA2B=0.554 advB2A=0.785 cycA=0.123 cycB=0.140 idtA=0.125 idtB=0.125 D_A=0.055 D_B=0.134 D_A(real)=0.91 D_A(fake)=0.09 gnG=28.26 gnD=9.09 it_per_s=10.68
2026-10-02 03:32:20,164 INFO iter=84400 epoch=12 lr=2.00e-04 G=5.224 advA2B=0.554 advB2A=0.784 cycA=0.123 cycB=0.140 idtA=0.125 idtB=0.125 D_A=0.055 D_B=0.134 D_A(real)=0.91 D_A(fake)=0.09 gnG=28.23 gnD=9.08 it_per_s=10.68
2026-10-02 03:32:25,428 INFO epoch=12 done time_s=659 it_per_s=10.67 G=5.223 cycA=0.123 cycB=0.140 idtA=0.125 idtB=0.125 D_A=0.055 D_B=0.134 D_A(real)=0.91 D_A(fake)=0.09 nan_count=0
2026-10-02 03:32:30,134 INFO iter=84500 epoch=13 lr=2.00e-04 G=5.270 advA2B=0.559 advB2A=0.803 cycA=0.112 cycB=0.152 idtA=0.121 idtB=0.134 D_A=0.057 D_B=0.121 D_A(real)=0.92 D_A(fake)=0.08 gnG=29.90 gnD=9.42 it_per_s=10.53
2026-10-02 03:32:39,354 INFO iter=84600 epoch=13 lr=2.00e-04 G=5.167 advA2B=0.558 advB2A=0.822 cycA=0.114 cycB=0.141 idtA=0.120 idtB=0.126 D_A=0.049 D_B=0.135 D_A(real)=0.92 D_A(fake)=0.08 gnG=27.45 gnD=9.16 it_per_s=10.75
2026-10-02 03:32:48,761 INFO iter=84700 epoch=13 lr=2.00e-04 G=5.080 advA2B=0.549 advB2A=0.802 cycA=0.116 cycB=0.136 idtA=0.120 idtB=0.122 D_A=0.049 D_B=0.133 D_A(real)=0.92 D_A(fake)=0.08 gnG=26.87 gnD=8.95 it_per_s=10.70
2026-10-02 03:32:58,264 INFO iter=84800 epoch=13 lr=2.00e-04 G=5.107 advA2B=0.553 advB2A=0.805 cycA=0.117 cycB=0.137 idtA=0.120 idtB=0.123 D_A=0.047 D_B=0.136 D_A(real)=0.92 D_A(fake)=0.08 gnG=27.05 gnD=8.87 it_per_s=10.65
2026-10-02 03:33:07,723 INFO iter=84900 epoch=13 lr=2.00e-04 G=5.122 advA2B=0.557 advB2A=0.799 cycA=0.117 cycB=0.138 idtA=0.120 idtB=0.123 D_A=0.047 D_B=0.132 D_A(real)=0.92 D_A(fake)=0.08 gnG=27.75 gnD=8.84 it_per_s=10.63
2026-10-02 03:33:17,166 INFO iter=85000 epoch=13 lr=2.00e-04 G=5.133 advA2B=0.557 advB2A=0.798 cycA=0.118 cycB=0.138 idtA=0.120 idtB=0.124 D_A=0.048 D_B=0.132 D_A(real)=0.92 D_A(fake)=0.08 gnG=27.66 gnD=8.87 it_per_s=10.62
2026-10-02 03:33:26,610 INFO iter=85100 epoch=13 lr=2.00e-04 G=5.118 advA2B=0.558 advB2A=0.794 cycA=0.118 cycB=0.137 idtA=0.119 idtB=0.124 D_A=0.047 D_B=0.130 D_A(real)=0.92 D_A(fake)=0.08 gnG=27.58 gnD=8.82 it_per_s=10.62
2026-10-02 03:33:36,059 INFO iter=85200 epoch=13 lr=2.00e-04 G=5.131 advA2B=0.562 advB2A=0.792 cycA=0.119 cycB=0.137 idtA=0.120 idtB=0.124 D_A=0.047 D_B=0.130 D_A(real)=0.92 D_A(fake)=0.08 gnG=27.60 gnD=8.75 it_per_s=10.61
2026-10-02 03:33:45,579 INFO iter=85300 epoch=13 lr=2.00e-04 G=5.119 advA2B=0.561 advB2A=0.789 cycA=0.119 cycB=0.137 idtA=0.120 idtB=0.123 D_A=0.049 D_B=0.129 D_A(real)=0.92 D_A(fake)=0.08 gnG=27.27 gnD=8.79 it_per_s=10.60
2026-10-02 03:33:55,067 INFO iter=85400 epoch=13 lr=2.00e-04 G=5.150 advA2B=0.563 advB2A=0.784 cycA=0.119 cycB=0.138 idtA=0.120 idtB=0.125 D_A=0.050 D_B=0.128 D_A(real)=0.92 D_A(fake)=0.08 gnG=27.50 gnD=8.76 it_per_s=10.59
2026-10-02 03:34:04,499 INFO iter=85500 epoch=13 lr=2.00e-04 G=5.137 advA2B=0.563 advB2A=0.782 cycA=0.119 cycB=0.138 idtA=0.120 idtB=0.125 D_A=0.050 D_B=0.130 D_A(real)=0.92 D_A(fake)=0.08 gnG=27.43 gnD=8.83 it_per_s=10.59
2026-10-02 03:34:13,946 INFO iter=85600 epoch=13 lr=2.00e-04 G=5.143 advA2B=0.562 advB2A=0.779 cycA=0.119 cycB=0.138 idtA=0.120 idtB=0.126 D_A=0.051 D_B=0.129 D_A(real)=0.91 D_A(fake)=0.09 gnG=27.50 gnD=8.81 it_per_s=10.59
2026-10-02 03:34:23,385 INFO iter=85700 epoch=13 lr=2.00e-04 G=5.126 advA2B=0.562 advB2A=0.778 cycA=0.119 cycB=0.138 idtA=0.120 idtB=0.125 D_A=0.052 D_B=0.130 D_A(real)=0.91 D_A(fake)=0.09 gnG=27.40 gnD=8.91 it_per_s=10.59
2026-10-02 03:34:32,826 INFO iter=85800 epoch=13 lr=2.00e-04 G=5.138 advA2B=0.567 advB2A=0.779 cycA=0.119 cycB=0.138 idtA=0.121 idtB=0.124 D_A=0.053 D_B=0.130 D_A(real)=0.91 D_A(fake)=0.09 gnG=27.57 gnD=8.95 it_per_s=10.59
2026-10-02 03:34:42,338 INFO iter=85900 epoch=13 lr=2.00e-04 G=5.141 advA2B=0.569 advB2A=0.782 cycA=0.119 cycB=0.137 idtA=0.121 idtB=0.124 D_A=0.052 D_B=0.129 D_A(real)=0.91 D_A(fake)=0.09 gnG=27.53 gnD=8.90 it_per_s=10.59
2026-10-02 03:34:51,802 INFO iter=86000 epoch=13 lr=2.00e-04 G=5.143 advA2B=0.570 advB2A=0.781 cycA=0.119 cycB=0.138 idtA=0.120 idtB=0.124 D_A=0.052 D_B=0.129 D_A(real)=0.91 D_A(fake)=0.09 gnG=27.36 gnD=8.91 it_per_s=10.59
2026-10-02 03:35:01,218 INFO iter=86100 epoch=13 lr=2.00e-04 G=5.142 advA2B=0.568 advB2A=0.780 cycA=0.119 cycB=0.138 idtA=0.121 idtB=0.124 D_A=0.052 D_B=0.130 D_A(real)=0.91 D_A(fake)=0.09 gnG=27.47 gnD=8.94 it_per_s=10.59
2026-10-02 03:35:10,688 INFO iter=86200 epoch=13 lr=2.00e-04 G=5.160 advA2B=0.569 advB2A=0.783 cycA=0.120 cycB=0.138 idtA=0.121 idtB=0.125 D_A=0.052 D_B=0.129 D_A(real)=0.91 D_A(fake)=0.09 gnG=27.56 gnD=8.92 it_per_s=10.59
2026-10-02 03:35:20,170 INFO iter=86300 epoch=13 lr=2.00e-04 G=5.157 advA2B=0.569 advB2A=0.783 cycA=0.120 cycB=0.138 idtA=0.121 idtB=0.124 D_A=0.052 D_B=0.130 D_A(real)=0.91 D_A(fake)=0.09 gnG=27.49 gnD=8.95 it_per_s=10.58
2026-10-02 03:35:29,626 INFO iter=86400 epoch=13 lr=2.00e-04 G=5.150 advA2B=0.569 advB2A=0.782 cycA=0.120 cycB=0.137 idtA=0.121 idtB=0.124 D_A=0.052 D_B=0.130 D_A(real)=0.91 D_A(fake)=0.09 gnG=27.50 gnD=8.94 it_per_s=10.58
2026-10-02 03:35:38,974 INFO iter=86500 epoch=13 lr=2.00e-04 G=5.154 advA2B=0.567 advB2A=0.782 cycA=0.120 cycB=0.138 idtA=0.121 idtB=0.124 D_A=0.051 D_B=0.129 D_A(real)=0.91 D_A(fake)=0.09 gnG=27.56 gnD=8.90 it_per_s=10.59
2026-10-02 03:35:48,225 INFO iter=86600 epoch=13 lr=2.00e-04 G=5.150 advA2B=0.567 advB2A=0.781 cycA=0.120 cycB=0.138 idtA=0.121 idtB=0.124 D_A=0.052 D_B=0.130 D_A(real)=0.91 D_A(fake)=0.09 gnG=27.58 gnD=8.93 it_per_s=10.60
2026-10-02 03:35:57,705 INFO iter=86700 epoch=13 lr=2.00e-04 G=5.155 advA2B=0.567 advB2A=0.782 cycA=0.120 cycB=0.138 idtA=0.121 idtB=0.125 D_A=0.052 D_B=0.129 D_A(real)=0.91 D_A(fake)=0.09 gnG=27.55 gnD=8.95 it_per_s=10.60
2026-10-02 03:36:07,140 INFO iter=86800 epoch=13 lr=2.00e-04 G=5.158 advA2B=0.566 advB2A=0.783 cycA=0.120 cycB=0.138 idtA=0.121 idtB=0.125 D_A=0.053 D_B=0.129 D_A(real)=0.91 D_A(fake)=0.09 gnG=27.64 gnD=8.96 it_per_s=10.60
2026-10-02 03:36:16,574 INFO iter=86900 epoch=13 lr=2.00e-04 G=5.160 advA2B=0.566 advB2A=0.781 cycA=0.120 cycB=0.138 idtA=0.121 idtB=0.125 D_A=0.053 D_B=0.129 D_A(real)=0.91 D_A(fake)=0.09 gnG=27.61 gnD=8.94 it_per_s=10.60
2026-10-02 03:36:26,038 INFO iter=87000 epoch=13 lr=2.00e-04 G=5.160 advA2B=0.566 advB2A=0.782 cycA=0.120 cycB=0.138 idtA=0.121 idtB=0.125 D_A=0.053 D_B=0.129 D_A(real)=0.91 D_A(fake)=0.09 gnG=27.69 gnD=8.95 it_per_s=10.60
2026-10-02 03:36:35,491 INFO iter=87100 epoch=13 lr=2.00e-04 G=5.166 advA2B=0.568 advB2A=0.782 cycA=0.120 cycB=0.138 idtA=0.121 idtB=0.125 D_A=0.052 D_B=0.128 D_A(real)=0.91 D_A(fake)=0.09 gnG=27.67 gnD=8.91 it_per_s=10.60
2026-10-02 03:36:44,961 INFO iter=87200 epoch=13 lr=2.00e-04 G=5.172 advA2B=0.568 advB2A=0.784 cycA=0.121 cycB=0.138 idtA=0.121 idtB=0.125 D_A=0.052 D_B=0.128 D_A(real)=0.91 D_A(fake)=0.09 gnG=27.68 gnD=8.92 it_per_s=10.59
2026-10-02 03:36:54,437 INFO iter=87300 epoch=13 lr=2.00e-04 G=5.172 advA2B=0.569 advB2A=0.785 cycA=0.121 cycB=0.138 idtA=0.122 idtB=0.124 D_A=0.052 D_B=0.128 D_A(real)=0.91 D_A(fake)=0.09 gnG=27.68 gnD=8.93 it_per_s=10.59
2026-10-02 03:37:03,895 INFO iter=87400 epoch=13 lr=2.00e-04 G=5.167 advA2B=0.570 advB2A=0.785 cycA=0.121 cycB=0.138 idtA=0.121 idtB=0.124 D_A=0.052 D_B=0.128 D_A(real)=0.91 D_A(fake)=0.09 gnG=27.56 gnD=8.94 it_per_s=10.59
2026-10-02 03:37:13,361 INFO iter=87500 epoch=13 lr=2.00e-04 G=5.164 advA2B=0.570 advB2A=0.785 cycA=0.121 cycB=0.138 idtA=0.121 idtB=0.124 D_A=0.052 D_B=0.128 D_A(real)=0.91 D_A(fake)=0.09 gnG=27.55 gnD=8.94 it_per_s=10.59
2026-10-02 03:37:22,795 INFO iter=87600 epoch=13 lr=2.00e-04 G=5.162 advA2B=0.569 advB2A=0.785 cycA=0.121 cycB=0.137 idtA=0.121 idtB=0.124 D_A=0.052 D_B=0.128 D_A(real)=0.91 D_A(fake)=0.09 gnG=27.59 gnD=8.95 it_per_s=10.59
2026-10-02 03:37:32,249 INFO iter=87700 epoch=13 lr=2.00e-04 G=5.160 advA2B=0.569 advB2A=0.786 cycA=0.121 cycB=0.137 idtA=0.121 idtB=0.124 D_A=0.052 D_B=0.128 D_A(real)=0.91 D_A(fake)=0.09 gnG=27.57 gnD=8.95 it_per_s=10.59
2026-10-02 03:37:41,697 INFO iter=87800 epoch=13 lr=2.00e-04 G=5.163 advA2B=0.568 advB2A=0.787 cycA=0.121 cycB=0.137 idtA=0.122 idtB=0.124 D_A=0.052 D_B=0.128 D_A(real)=0.91 D_A(fake)=0.09 gnG=27.64 gnD=8.95 it_per_s=10.59
2026-10-02 03:37:51,175 INFO iter=87900 epoch=13 lr=2.00e-04 G=5.167 advA2B=0.570 advB2A=0.789 cycA=0.121 cycB=0.137 idtA=0.122 idtB=0.124 D_A=0.052 D_B=0.128 D_A(real)=0.91 D_A(fake)=0.09 gnG=27.65 gnD=8.93 it_per_s=10.59
2026-10-02 03:38:00,627 INFO iter=88000 epoch=13 lr=2.00e-04 G=5.167 advA2B=0.569 advB2A=0.790 cycA=0.121 cycB=0.137 idtA=0.122 idtB=0.124 D_A=0.052 D_B=0.128 D_A(real)=0.92 D_A(fake)=0.08 gnG=27.61 gnD=8.92 it_per_s=10.59
2026-10-02 03:38:09,849 INFO iter=88100 epoch=13 lr=2.00e-04 G=5.172 advA2B=0.571 advB2A=0.790 cycA=0.121 cycB=0.137 idtA=0.121 idtB=0.124 D_A=0.052 D_B=0.127 D_A(real)=0.92 D_A(fake)=0.08 gnG=27.62 gnD=8.92 it_per_s=10.60
2026-10-02 03:38:19,064 INFO iter=88200 epoch=13 lr=2.00e-04 G=5.176 advA2B=0.572 advB2A=0.792 cycA=0.121 cycB=0.137 idtA=0.121 idtB=0.124 D_A=0.052 D_B=0.127 D_A(real)=0.92 D_A(fake)=0.08 gnG=27.64 gnD=8.91 it_per_s=10.60
2026-10-02 03:38:28,514 INFO iter=88300 epoch=13 lr=2.00e-04 G=5.180 advA2B=0.571 advB2A=0.793 cycA=0.121 cycB=0.138 idtA=0.121 idtB=0.124 D_A=0.051 D_B=0.127 D_A(real)=0.92 D_A(fake)=0.08 gnG=27.67 gnD=8.90 it_per_s=10.60
2026-10-02 03:38:37,756 INFO iter=88400 epoch=13 lr=2.00e-04 G=5.183 advA2B=0.572 advB2A=0.794 cycA=0.121 cycB=0.138 idtA=0.121 idtB=0.124 D_A=0.051 D_B=0.127 D_A(real)=0.92 D_A(fake)=0.08 gnG=27.66 gnD=8.89 it_per_s=10.61
2026-10-02 03:38:46,840 INFO iter=88500 epoch=13 lr=2.00e-04 G=5.184 advA2B=0.572 advB2A=0.796 cycA=0.121 cycB=0.138 idtA=0.121 idtB=0.124 D_A=0.051 D_B=0.127 D_A(real)=0.92 D_A(fake)=0.08 gnG=27.66 gnD=8.89 it_per_s=10.62
2026-10-02 03:38:56,284 INFO iter=88600 epoch=13 lr=2.00e-04 G=5.187 advA2B=0.571 advB2A=0.797 cycA=0.121 cycB=0.138 idtA=0.122 idtB=0.124 D_A=0.051 D_B=0.127 D_A(real)=0.92 D_A(fake)=0.08 gnG=27.73 gnD=8.91 it_per_s=10.62
2026-10-02 03:39:05,708 INFO iter=88700 epoch=13 lr=2.00e-04 G=5.188 advA2B=0.572 advB2A=0.797 cycA=0.121 cycB=0.138 idtA=0.122 idtB=0.124 D_A=0.050 D_B=0.127 D_A(real)=0.92 D_A(fake)=0.08 gnG=27.73 gnD=8.88 it_per_s=10.62
2026-10-02 03:39:14,872 INFO iter=88800 epoch=13 lr=2.00e-04 G=5.189 advA2B=0.571 advB2A=0.796 cycA=0.121 cycB=0.138 idtA=0.122 idtB=0.124 D_A=0.050 D_B=0.127 D_A(real)=0.92 D_A(fake)=0.08 gnG=27.79 gnD=8.88 it_per_s=10.62
2026-10-02 03:39:24,367 INFO iter=88900 epoch=13 lr=2.00e-04 G=5.187 advA2B=0.571 advB2A=0.796 cycA=0.121 cycB=0.138 idtA=0.122 idtB=0.124 D_A=0.050 D_B=0.127 D_A(real)=0.92 D_A(fake)=0.08 gnG=27.77 gnD=8.89 it_per_s=10.62
2026-10-02 03:39:33,801 INFO iter=89000 epoch=13 lr=2.00e-04 G=5.182 advA2B=0.570 advB2A=0.796 cycA=0.121 cycB=0.138 idtA=0.122 idtB=0.123 D_A=0.050 D_B=0.128 D_A(real)=0.92 D_A(fake)=0.08 gnG=27.77 gnD=8.90 it_per_s=10.62
2026-10-02 03:39:42,857 INFO iter=89100 epoch=13 lr=2.00e-04 G=5.182 advA2B=0.570 advB2A=0.796 cycA=0.121 cycB=0.138 idtA=0.122 idtB=0.123 D_A=0.050 D_B=0.128 D_A(real)=0.92 D_A(fake)=0.08 gnG=27.86 gnD=8.88 it_per_s=10.63
2026-10-02 03:39:52,128 INFO iter=89200 epoch=13 lr=2.00e-04 G=5.184 advA2B=0.569 advB2A=0.797 cycA=0.121 cycB=0.138 idtA=0.122 idtB=0.123 D_A=0.050 D_B=0.128 D_A(real)=0.92 D_A(fake)=0.08 gnG=27.83 gnD=8.87 it_per_s=10.63
2026-10-02 03:40:01,538 INFO iter=89300 epoch=13 lr=2.00e-04 G=5.180 advA2B=0.569 advB2A=0.795 cycA=0.121 cycB=0.138 idtA=0.122 idtB=0.123 D_A=0.050 D_B=0.128 D_A(real)=0.92 D_A(fake)=0.08 gnG=27.85 gnD=8.87 it_per_s=10.63
2026-10-02 03:40:10,888 INFO iter=89400 epoch=13 lr=2.00e-04 G=5.184 advA2B=0.569 advB2A=0.796 cycA=0.121 cycB=0.138 idtA=0.122 idtB=0.123 D_A=0.050 D_B=0.127 D_A(real)=0.92 D_A(fake)=0.08 gnG=27.90 gnD=8.87 it_per_s=10.63
2026-10-02 03:40:20,140 INFO iter=89500 epoch=13 lr=2.00e-04 G=5.185 advA2B=0.570 advB2A=0.797 cycA=0.121 cycB=0.138 idtA=0.122 idtB=0.123 D_A=0.050 D_B=0.127 D_A(real)=0.92 D_A(fake)=0.08 gnG=27.91 gnD=8.87 it_per_s=10.64
2026-10-02 03:40:29,628 INFO iter=89600 epoch=13 lr=2.00e-04 G=5.185 advA2B=0.570 advB2A=0.797 cycA=0.121 cycB=0.138 idtA=0.122 idtB=0.123 D_A=0.050 D_B=0.127 D_A(real)=0.92 D_A(fake)=0.08 gnG=27.86 gnD=8.86 it_per_s=10.64
2026-10-02 03:40:38,904 INFO iter=89700 epoch=13 lr=2.00e-04 G=5.188 advA2B=0.570 advB2A=0.797 cycA=0.121 cycB=0.138 idtA=0.122 idtB=0.123 D_A=0.050 D_B=0.127 D_A(real)=0.92 D_A(fake)=0.08 gnG=27.91 gnD=8.87 it_per_s=10.64
2026-10-02 03:40:48,014 INFO iter=89800 epoch=13 lr=2.00e-04 G=5.187 advA2B=0.571 advB2A=0.796 cycA=0.121 cycB=0.138 idtA=0.122 idtB=0.123 D_A=0.050 D_B=0.127 D_A(real)=0.92 D_A(fake)=0.08 gnG=27.97 gnD=8.87 it_per_s=10.64
2026-10-02 03:40:57,439 INFO iter=89900 epoch=13 lr=2.00e-04 G=5.186 advA2B=0.571 advB2A=0.796 cycA=0.121 cycB=0.138 idtA=0.122 idtB=0.123 D_A=0.050 D_B=0.127 D_A(real)=0.92 D_A(fake)=0.08 gnG=27.96 gnD=8.87 it_per_s=10.64
2026-10-02 03:41:06,868 INFO iter=90000 epoch=13 lr=2.00e-04 G=5.185 advA2B=0.571 advB2A=0.796 cycA=0.121 cycB=0.138 idtA=0.122 idtB=0.123 D_A=0.050 D_B=0.127 D_A(real)=0.92 D_A(fake)=0.08 gnG=27.96 gnD=8.87 it_per_s=10.64
2026-10-02 03:41:16,097 INFO iter=90100 epoch=13 lr=2.00e-04 G=5.186 advA2B=0.572 advB2A=0.796 cycA=0.121 cycB=0.138 idtA=0.122 idtB=0.123 D_A=0.050 D_B=0.127 D_A(real)=0.92 D_A(fake)=0.08 gnG=27.98 gnD=8.86 it_per_s=10.65
2026-10-02 03:41:25,522 INFO iter=90200 epoch=13 lr=2.00e-04 G=5.182 advA2B=0.571 advB2A=0.796 cycA=0.121 cycB=0.138 idtA=0.122 idtB=0.123 D_A=0.050 D_B=0.127 D_A(real)=0.92 D_A(fake)=0.08 gnG=27.98 gnD=8.85 it_per_s=10.65
2026-10-02 03:41:34,951 INFO iter=90300 epoch=13 lr=2.00e-04 G=5.183 advA2B=0.572 advB2A=0.796 cycA=0.121 cycB=0.138 idtA=0.122 idtB=0.123 D_A=0.050 D_B=0.127 D_A(real)=0.92 D_A(fake)=0.08 gnG=27.98 gnD=8.84 it_per_s=10.64
2026-10-02 03:41:43,997 INFO iter=90400 epoch=13 lr=2.00e-04 G=5.182 advA2B=0.572 advB2A=0.796 cycA=0.121 cycB=0.138 idtA=0.122 idtB=0.123 D_A=0.050 D_B=0.127 D_A(real)=0.92 D_A(fake)=0.08 gnG=27.98 gnD=8.85 it_per_s=10.65
2026-10-02 03:41:53,357 INFO iter=90500 epoch=13 lr=2.00e-04 G=5.179 advA2B=0.572 advB2A=0.796 cycA=0.121 cycB=0.138 idtA=0.122 idtB=0.123 D_A=0.050 D_B=0.127 D_A(real)=0.92 D_A(fake)=0.08 gnG=27.98 gnD=8.85 it_per_s=10.65
2026-10-02 03:42:02,791 INFO iter=90600 epoch=13 lr=2.00e-04 G=5.175 advA2B=0.572 advB2A=0.795 cycA=0.121 cycB=0.138 idtA=0.122 idtB=0.123 D_A=0.050 D_B=0.127 D_A(real)=0.92 D_A(fake)=0.08 gnG=27.96 gnD=8.84 it_per_s=10.65
2026-10-02 03:42:12,227 INFO iter=90700 epoch=13 lr=2.00e-04 G=5.173 advA2B=0.572 advB2A=0.795 cycA=0.121 cycB=0.138 idtA=0.122 idtB=0.123 D_A=0.050 D_B=0.127 D_A(real)=0.92 D_A(fake)=0.08 gnG=27.95 gnD=8.85 it_per_s=10.65
2026-10-02 03:42:21,592 INFO iter=90800 epoch=13 lr=2.00e-04 G=5.170 advA2B=0.572 advB2A=0.795 cycA=0.121 cycB=0.137 idtA=0.122 idtB=0.123 D_A=0.050 D_B=0.127 D_A(real)=0.92 D_A(fake)=0.08 gnG=27.93 gnD=8.85 it_per_s=10.65
2026-10-02 03:42:31,103 INFO iter=90900 epoch=13 lr=2.00e-04 G=5.170 advA2B=0.572 advB2A=0.794 cycA=0.121 cycB=0.137 idtA=0.122 idtB=0.123 D_A=0.050 D_B=0.127 D_A(real)=0.92 D_A(fake)=0.08 gnG=27.96 gnD=8.86 it_per_s=10.65
2026-10-02 03:42:40,714 INFO iter=91000 epoch=13 lr=2.00e-04 G=5.168 advA2B=0.572 advB2A=0.794 cycA=0.121 cycB=0.137 idtA=0.122 idtB=0.123 D_A=0.050 D_B=0.127 D_A(real)=0.92 D_A(fake)=0.08 gnG=27.95 gnD=8.86 it_per_s=10.64
2026-10-02 03:42:50,429 INFO iter=91100 epoch=13 lr=2.00e-04 G=5.168 advA2B=0.572 advB2A=0.794 cycA=0.121 cycB=0.137 idtA=0.121 idtB=0.123 D_A=0.050 D_B=0.126 D_A(real)=0.92 D_A(fake)=0.08 gnG=27.92 gnD=8.85 it_per_s=10.64
2026-10-02 03:43:00,063 INFO iter=91200 epoch=13 lr=2.00e-04 G=5.168 advA2B=0.572 advB2A=0.794 cycA=0.121 cycB=0.138 idtA=0.121 idtB=0.123 D_A=0.050 D_B=0.127 D_A(real)=0.92 D_A(fake)=0.08 gnG=27.92 gnD=8.86 it_per_s=10.64
2026-10-02 03:43:09,716 INFO iter=91300 epoch=13 lr=2.00e-04 G=5.167 advA2B=0.572 advB2A=0.794 cycA=0.121 cycB=0.138 idtA=0.121 idtB=0.123 D_A=0.050 D_B=0.127 D_A(real)=0.92 D_A(fake)=0.08 gnG=27.94 gnD=8.85 it_per_s=10.63
2026-10-02 03:43:19,400 INFO iter=91400 epoch=13 lr=2.00e-04 G=5.168 advA2B=0.572 advB2A=0.794 cycA=0.121 cycB=0.138 idtA=0.121 idtB=0.123 D_A=0.050 D_B=0.126 D_A(real)=0.92 D_A(fake)=0.08 gnG=27.97 gnD=8.86 it_per_s=10.63
2026-10-02 03:43:28,608 INFO epoch=13 done time_s=663 it_per_s=10.62 G=5.166 cycA=0.121 cycB=0.137 idtA=0.121 idtB=0.122 D_A=0.050 D_B=0.126 D_A(real)=0.92 D_A(fake)=0.08 nan_count=0
2026-10-02 03:43:28,608 WARNING epoch=13 D_A (Monet) loss 0.0499 is near 0: possible discriminator overfitting
2026-10-02 03:43:29,782 INFO iter=91500 epoch=14 lr=2.00e-04 G=4.683 advA2B=0.585 advB2A=0.745 cycA=0.128 cycB=0.097 idtA=0.122 idtB=0.099 D_A=0.045 D_B=0.152 D_A(real)=0.88 D_A(fake)=0.11 gnG=27.54 gnD=8.82 it_per_s=9.49
2026-10-02 03:43:39,562 INFO iter=91600 epoch=14 lr=2.00e-04 G=5.021 advA2B=0.598 advB2A=0.745 cycA=0.124 cycB=0.124 idtA=0.123 idtB=0.117 D_A=0.050 D_B=0.129 D_A(real)=0.92 D_A(fake)=0.08 gnG=29.45 gnD=9.00 it_per_s=10.18
2026-10-02 03:43:49,146 INFO iter=91700 epoch=14 lr=2.00e-04 G=4.979 advA2B=0.578 advB2A=0.772 cycA=0.121 cycB=0.125 idtA=0.120 idtB=0.114 D_A=0.052 D_B=0.123 D_A(real)=0.91 D_A(fake)=0.09 gnG=28.55 gnD=8.88 it_per_s=10.30
2026-10-02 03:43:59,072 INFO iter=91800 epoch=14 lr=2.00e-04 G=5.023 advA2B=0.578 advB2A=0.800 cycA=0.119 cycB=0.128 idtA=0.120 idtB=0.115 D_A=0.048 D_B=0.125 D_A(real)=0.92 D_A(fake)=0.08 gnG=28.32 gnD=8.73 it_per_s=10.23
2026-10-02 03:44:08,870 INFO iter=91900 epoch=14 lr=2.00e-04 G=5.067 advA2B=0.583 advB2A=0.809 cycA=0.120 cycB=0.129 idtA=0.120 idtB=0.116 D_A=0.047 D_B=0.123 D_A(real)=0.92 D_A(fake)=0.08 gnG=28.21 gnD=8.67 it_per_s=10.22
2026-10-02 03:44:18,742 INFO iter=92000 epoch=14 lr=2.00e-04 G=5.114 advA2B=0.590 advB2A=0.815 cycA=0.120 cycB=0.132 idtA=0.120 idtB=0.118 D_A=0.047 D_B=0.122 D_A(real)=0.93 D_A(fake)=0.07 gnG=28.17 gnD=8.64 it_per_s=10.20
2026-10-02 03:44:28,156 INFO iter=92100 epoch=14 lr=2.00e-04 G=5.134 advA2B=0.584 advB2A=0.809 cycA=0.120 cycB=0.134 idtA=0.119 idtB=0.120 D_A=0.047 D_B=0.124 D_A(real)=0.93 D_A(fake)=0.07 gnG=28.33 gnD=8.74 it_per_s=10.27
2026-10-02 03:44:37,563 INFO iter=92200 epoch=14 lr=2.00e-04 G=5.135 advA2B=0.583 advB2A=0.808 cycA=0.120 cycB=0.135 idtA=0.119 idtB=0.120 D_A=0.047 D_B=0.124 D_A(real)=0.93 D_A(fake)=0.07 gnG=28.32 gnD=8.70 it_per_s=10.32
2026-10-02 03:44:46,892 INFO iter=92300 epoch=14 lr=2.00e-04 G=5.134 advA2B=0.581 advB2A=0.802 cycA=0.119 cycB=0.136 idtA=0.119 idtB=0.120 D_A=0.048 D_B=0.123 D_A(real)=0.92 D_A(fake)=0.08 gnG=28.11 gnD=8.75 it_per_s=10.37
2026-10-02 03:44:56,439 INFO iter=92400 epoch=14 lr=2.00e-04 G=5.126 advA2B=0.577 advB2A=0.799 cycA=0.119 cycB=0.136 idtA=0.118 idtB=0.121 D_A=0.048 D_B=0.125 D_A(real)=0.92 D_A(fake)=0.08 gnG=28.04 gnD=8.80 it_per_s=10.38
2026-10-02 03:45:05,895 INFO iter=92500 epoch=14 lr=2.00e-04 G=5.115 advA2B=0.574 advB2A=0.797 cycA=0.119 cycB=0.136 idtA=0.119 idtB=0.120 D_A=0.048 D_B=0.125 D_A(real)=0.92 D_A(fake)=0.08 gnG=28.04 gnD=8.81 it_per_s=10.40
2026-10-02 03:45:15,342 INFO iter=92600 epoch=14 lr=2.00e-04 G=5.113 advA2B=0.579 advB2A=0.800 cycA=0.119 cycB=0.135 idtA=0.119 idtB=0.119 D_A=0.048 D_B=0.125 D_A(real)=0.92 D_A(fake)=0.08 gnG=27.99 gnD=8.81 it_per_s=10.41
2026-10-02 03:45:24,723 INFO iter=92700 epoch=14 lr=2.00e-04 G=5.120 advA2B=0.577 advB2A=0.799 cycA=0.119 cycB=0.136 idtA=0.119 idtB=0.120 D_A=0.048 D_B=0.125 D_A(real)=0.92 D_A(fake)=0.08 gnG=28.10 gnD=8.85 it_per_s=10.43
2026-10-02 03:45:34,153 INFO iter=92800 epoch=14 lr=2.00e-04 G=5.116 advA2B=0.578 advB2A=0.799 cycA=0.119 cycB=0.135 idtA=0.119 idtB=0.120 D_A=0.047 D_B=0.125 D_A(real)=0.92 D_A(fake)=0.08 gnG=28.22 gnD=8.84 it_per_s=10.45
2026-10-02 03:45:43,565 INFO iter=92900 epoch=14 lr=2.00e-04 G=5.109 advA2B=0.579 advB2A=0.797 cycA=0.119 cycB=0.135 idtA=0.119 idtB=0.119 D_A=0.047 D_B=0.124 D_A(real)=0.92 D_A(fake)=0.08 gnG=28.15 gnD=8.80 it_per_s=10.46
2026-10-02 03:45:52,975 INFO iter=93000 epoch=14 lr=2.00e-04 G=5.095 advA2B=0.580 advB2A=0.797 cycA=0.119 cycB=0.135 idtA=0.118 idtB=0.119 D_A=0.047 D_B=0.124 D_A(real)=0.92 D_A(fake)=0.08 gnG=28.06 gnD=8.76 it_per_s=10.47
2026-10-02 03:46:02,412 INFO iter=93100 epoch=14 lr=2.00e-04 G=5.099 advA2B=0.579 advB2A=0.795 cycA=0.119 cycB=0.135 idtA=0.118 idtB=0.119 D_A=0.048 D_B=0.124 D_A(real)=0.92 D_A(fake)=0.08 gnG=28.15 gnD=8.77 it_per_s=10.48
2026-10-02 03:46:11,829 INFO iter=93200 epoch=14 lr=2.00e-04 G=5.095 advA2B=0.579 advB2A=0.794 cycA=0.118 cycB=0.135 idtA=0.118 idtB=0.120 D_A=0.049 D_B=0.123 D_A(real)=0.92 D_A(fake)=0.08 gnG=28.04 gnD=8.77 it_per_s=10.49
2026-10-02 03:46:21,213 INFO iter=93300 epoch=14 lr=2.00e-04 G=5.089 advA2B=0.578 advB2A=0.793 cycA=0.118 cycB=0.135 idtA=0.118 idtB=0.120 D_A=0.049 D_B=0.123 D_A(real)=0.92 D_A(fake)=0.08 gnG=27.92 gnD=8.75 it_per_s=10.50
2026-10-02 03:46:30,597 INFO iter=93400 epoch=14 lr=2.00e-04 G=5.087 advA2B=0.580 advB2A=0.792 cycA=0.118 cycB=0.135 idtA=0.118 idtB=0.120 D_A=0.049 D_B=0.123 D_A(real)=0.92 D_A(fake)=0.08 gnG=27.85 gnD=8.78 it_per_s=10.50
2026-10-02 03:46:40,020 INFO iter=93500 epoch=14 lr=2.00e-04 G=5.088 advA2B=0.581 advB2A=0.793 cycA=0.118 cycB=0.134 idtA=0.118 idtB=0.120 D_A=0.049 D_B=0.123 D_A(real)=0.92 D_A(fake)=0.08 gnG=27.79 gnD=8.78 it_per_s=10.51
2026-10-02 03:46:49,418 INFO iter=93600 epoch=14 lr=2.00e-04 G=5.077 advA2B=0.580 advB2A=0.794 cycA=0.118 cycB=0.134 idtA=0.118 idtB=0.119 D_A=0.049 D_B=0.123 D_A(real)=0.92 D_A(fake)=0.08 gnG=27.71 gnD=8.79 it_per_s=10.52
2026-10-02 03:46:58,891 INFO iter=93700 epoch=14 lr=2.00e-04 G=5.071 advA2B=0.579 advB2A=0.793 cycA=0.118 cycB=0.134 idtA=0.118 idtB=0.119 D_A=0.049 D_B=0.123 D_A(real)=0.92 D_A(fake)=0.08 gnG=27.74 gnD=8.80 it_per_s=10.52
2026-10-02 03:47:08,322 INFO iter=93800 epoch=14 lr=2.00e-04 G=5.070 advA2B=0.579 advB2A=0.792 cycA=0.118 cycB=0.134 idtA=0.117 idtB=0.119 D_A=0.049 D_B=0.124 D_A(real)=0.92 D_A(fake)=0.08 gnG=27.71 gnD=8.83 it_per_s=10.52
2026-10-02 03:47:17,767 INFO iter=93900 epoch=14 lr=2.00e-04 G=5.068 advA2B=0.579 advB2A=0.792 cycA=0.117 cycB=0.134 idtA=0.117 idtB=0.120 D_A=0.049 D_B=0.124 D_A(real)=0.92 D_A(fake)=0.08 gnG=27.72 gnD=8.81 it_per_s=10.52
2026-10-02 03:47:27,163 INFO iter=94000 epoch=14 lr=2.00e-04 G=5.069 advA2B=0.579 advB2A=0.792 cycA=0.117 cycB=0.134 idtA=0.117 idtB=0.120 D_A=0.049 D_B=0.124 D_A(real)=0.92 D_A(fake)=0.08 gnG=27.64 gnD=8.83 it_per_s=10.53
2026-10-02 03:47:36,572 INFO iter=94100 epoch=14 lr=2.00e-04 G=5.063 advA2B=0.578 advB2A=0.792 cycA=0.117 cycB=0.134 idtA=0.117 idtB=0.119 D_A=0.049 D_B=0.124 D_A(real)=0.92 D_A(fake)=0.08 gnG=27.55 gnD=8.81 it_per_s=10.53
2026-10-02 03:47:45,992 INFO iter=94200 epoch=14 lr=2.00e-04 G=5.053 advA2B=0.577 advB2A=0.791 cycA=0.117 cycB=0.133 idtA=0.117 idtB=0.119 D_A=0.049 D_B=0.124 D_A(real)=0.92 D_A(fake)=0.08 gnG=27.46 gnD=8.83 it_per_s=10.54
2026-10-02 03:47:55,431 INFO iter=94300 epoch=14 lr=2.00e-04 G=5.055 advA2B=0.577 advB2A=0.790 cycA=0.117 cycB=0.133 idtA=0.117 idtB=0.119 D_A=0.050 D_B=0.124 D_A(real)=0.92 D_A(fake)=0.08 gnG=27.45 gnD=8.85 it_per_s=10.54
2026-10-02 03:48:04,896 INFO iter=94400 epoch=14 lr=2.00e-04 G=5.053 advA2B=0.576 advB2A=0.792 cycA=0.117 cycB=0.133 idtA=0.117 idtB=0.119 D_A=0.049 D_B=0.124 D_A(real)=0.92 D_A(fake)=0.08 gnG=27.42 gnD=8.84 it_per_s=10.54
2026-10-02 03:48:14,332 INFO iter=94500 epoch=14 lr=2.00e-04 G=5.056 advA2B=0.575 advB2A=0.793 cycA=0.117 cycB=0.133 idtA=0.117 idtB=0.119 D_A=0.049 D_B=0.124 D_A(real)=0.92 D_A(fake)=0.08 gnG=27.47 gnD=8.82 it_per_s=10.54
2026-10-02 03:48:23,580 INFO iter=94600 epoch=14 lr=2.00e-04 G=5.053 advA2B=0.576 advB2A=0.794 cycA=0.117 cycB=0.133 idtA=0.117 idtB=0.119 D_A=0.049 D_B=0.124 D_A(real)=0.92 D_A(fake)=0.08 gnG=27.43 gnD=8.81 it_per_s=10.55
2026-10-02 03:48:33,049 INFO iter=94700 epoch=14 lr=2.00e-04 G=5.051 advA2B=0.576 advB2A=0.797 cycA=0.117 cycB=0.133 idtA=0.117 idtB=0.118 D_A=0.048 D_B=0.124 D_A(real)=0.92 D_A(fake)=0.08 gnG=27.43 gnD=8.79 it_per_s=10.55
2026-10-02 03:48:42,353 INFO iter=94800 epoch=14 lr=2.00e-04 G=5.050 advA2B=0.576 advB2A=0.799 cycA=0.117 cycB=0.133 idtA=0.117 idtB=0.118 D_A=0.048 D_B=0.123 D_A(real)=0.92 D_A(fake)=0.08 gnG=27.44 gnD=8.78 it_per_s=10.56
2026-10-02 03:48:51,461 INFO iter=94900 epoch=14 lr=2.00e-04 G=5.046 advA2B=0.575 advB2A=0.799 cycA=0.117 cycB=0.132 idtA=0.117 idtB=0.118 D_A=0.048 D_B=0.123 D_A(real)=0.92 D_A(fake)=0.08 gnG=27.44 gnD=8.78 it_per_s=10.57
2026-10-02 03:49:00,919 INFO iter=95000 epoch=14 lr=2.00e-04 G=5.045 advA2B=0.575 advB2A=0.800 cycA=0.117 cycB=0.133 idtA=0.117 idtB=0.118 D_A=0.048 D_B=0.124 D_A(real)=0.92 D_A(fake)=0.08 gnG=27.51 gnD=8.80 it_per_s=10.57
2026-10-02 03:49:10,382 INFO iter=95100 epoch=14 lr=2.00e-04 G=5.048 advA2B=0.575 advB2A=0.800 cycA=0.117 cycB=0.133 idtA=0.117 idtB=0.118 D_A=0.048 D_B=0.123 D_A(real)=0.92 D_A(fake)=0.08 gnG=27.51 gnD=8.78 it_per_s=10.57
2026-10-02 03:49:19,545 INFO iter=95200 epoch=14 lr=2.00e-04 G=5.055 advA2B=0.575 advB2A=0.799 cycA=0.117 cycB=0.133 idtA=0.117 idtB=0.118 D_A=0.048 D_B=0.123 D_A(real)=0.92 D_A(fake)=0.08 gnG=27.62 gnD=8.77 it_per_s=10.58
2026-10-02 03:49:29,052 INFO iter=95300 epoch=14 lr=2.00e-04 G=5.062 advA2B=0.575 advB2A=0.799 cycA=0.117 cycB=0.133 idtA=0.117 idtB=0.119 D_A=0.048 D_B=0.123 D_A(real)=0.92 D_A(fake)=0.08 gnG=27.64 gnD=8.77 it_per_s=10.57
2026-10-02 03:49:38,530 INFO iter=95400 epoch=14 lr=2.00e-04 G=5.066 advA2B=0.576 advB2A=0.798 cycA=0.118 cycB=0.133 idtA=0.118 idtB=0.119 D_A=0.048 D_B=0.123 D_A(real)=0.92 D_A(fake)=0.08 gnG=27.67 gnD=8.78 it_per_s=10.57
2026-10-02 03:49:47,648 INFO iter=95500 epoch=14 lr=2.00e-04 G=5.062 advA2B=0.576 advB2A=0.797 cycA=0.118 cycB=0.133 idtA=0.118 idtB=0.119 D_A=0.048 D_B=0.123 D_A(real)=0.92 D_A(fake)=0.08 gnG=27.62 gnD=8.79 it_per_s=10.58
2026-10-02 03:49:57,068 INFO iter=95600 epoch=14 lr=2.00e-04 G=5.064 advA2B=0.576 advB2A=0.797 cycA=0.118 cycB=0.133 idtA=0.118 idtB=0.119 D_A=0.047 D_B=0.123 D_A(real)=0.92 D_A(fake)=0.08 gnG=27.60 gnD=8.77 it_per_s=10.58
2026-10-02 03:50:06,539 INFO iter=95700 epoch=14 lr=2.00e-04 G=5.060 advA2B=0.576 advB2A=0.797 cycA=0.117 cycB=0.133 idtA=0.117 idtB=0.119 D_A=0.048 D_B=0.123 D_A(real)=0.92 D_A(fake)=0.08 gnG=27.61 gnD=8.78 it_per_s=10.58
2026-10-02 03:50:16,028 INFO iter=95800 epoch=14 lr=2.00e-04 G=5.061 advA2B=0.577 advB2A=0.797 cycA=0.117 cycB=0.133 idtA=0.117 idtB=0.119 D_A=0.048 D_B=0.123 D_A(real)=0.92 D_A(fake)=0.08 gnG=27.61 gnD=8.77 it_per_s=10.58
2026-10-02 03:50:25,513 INFO iter=95900 epoch=14 lr=2.00e-04 G=5.062 advA2B=0.578 advB2A=0.797 cycA=0.117 cycB=0.133 idtA=0.117 idtB=0.119 D_A=0.048 D_B=0.123 D_A(real)=0.92 D_A(fake)=0.08 gnG=27.67 gnD=8.79 it_per_s=10.58
2026-10-02 03:50:34,983 INFO iter=96000 epoch=14 lr=2.00e-04 G=5.067 advA2B=0.578 advB2A=0.797 cycA=0.117 cycB=0.134 idtA=0.117 idtB=0.119 D_A=0.048 D_B=0.123 D_A(real)=0.92 D_A(fake)=0.08 gnG=27.68 gnD=8.78 it_per_s=10.58
2026-10-02 03:50:44,453 INFO iter=96100 epoch=14 lr=2.00e-04 G=5.069 advA2B=0.578 advB2A=0.797 cycA=0.117 cycB=0.134 idtA=0.117 idtB=0.119 D_A=0.047 D_B=0.123 D_A(real)=0.92 D_A(fake)=0.08 gnG=27.68 gnD=8.77 it_per_s=10.58
2026-10-02 03:50:53,903 INFO iter=96200 epoch=14 lr=2.00e-04 G=5.069 advA2B=0.578 advB2A=0.797 cycA=0.117 cycB=0.134 idtA=0.118 idtB=0.119 D_A=0.047 D_B=0.122 D_A(real)=0.92 D_A(fake)=0.08 gnG=27.75 gnD=8.77 it_per_s=10.58
2026-10-02 03:51:03,357 INFO iter=96300 epoch=14 lr=2.00e-04 G=5.070 advA2B=0.578 advB2A=0.797 cycA=0.117 cycB=0.134 idtA=0.118 idtB=0.119 D_A=0.048 D_B=0.122 D_A(real)=0.92 D_A(fake)=0.08 gnG=27.77 gnD=8.77 it_per_s=10.58
2026-10-02 03:51:12,837 INFO iter=96400 epoch=14 lr=2.00e-04 G=5.074 advA2B=0.578 advB2A=0.797 cycA=0.117 cycB=0.134 idtA=0.118 idtB=0.119 D_A=0.047 D_B=0.122 D_A(real)=0.92 D_A(fake)=0.08 gnG=27.82 gnD=8.77 it_per_s=10.58
2026-10-02 03:51:22,283 INFO iter=96500 epoch=14 lr=2.00e-04 G=5.080 advA2B=0.579 advB2A=0.797 cycA=0.117 cycB=0.134 idtA=0.118 idtB=0.119 D_A=0.047 D_B=0.122 D_A(real)=0.92 D_A(fake)=0.08 gnG=27.85 gnD=8.76 it_per_s=10.58
2026-10-02 03:51:31,711 INFO iter=96600 epoch=14 lr=2.00e-04 G=5.079 advA2B=0.579 advB2A=0.797 cycA=0.117 cycB=0.134 idtA=0.118 idtB=0.119 D_A=0.047 D_B=0.122 D_A(real)=0.92 D_A(fake)=0.08 gnG=27.84 gnD=8.76 it_per_s=10.58
2026-10-02 03:51:41,161 INFO iter=96700 epoch=14 lr=2.00e-04 G=5.085 advA2B=0.579 advB2A=0.797 cycA=0.118 cycB=0.135 idtA=0.118 idtB=0.120 D_A=0.047 D_B=0.122 D_A(real)=0.92 D_A(fake)=0.08 gnG=27.88 gnD=8.75 it_per_s=10.58
2026-10-02 03:51:50,598 INFO iter=96800 epoch=14 lr=2.00e-04 G=5.089 advA2B=0.580 advB2A=0.798 cycA=0.118 cycB=0.135 idtA=0.118 idtB=0.120 D_A=0.047 D_B=0.122 D_A(real)=0.92 D_A(fake)=0.08 gnG=27.88 gnD=8.75 it_per_s=10.58
2026-10-02 03:52:00,069 INFO iter=96900 epoch=14 lr=2.00e-04 G=5.087 advA2B=0.579 advB2A=0.798 cycA=0.118 cycB=0.135 idtA=0.118 idtB=0.120 D_A=0.047 D_B=0.122 D_A(real)=0.92 D_A(fake)=0.08 gnG=27.86 gnD=8.75 it_per_s=10.58
2026-10-02 03:52:09,519 INFO iter=97000 epoch=14 lr=2.00e-04 G=5.090 advA2B=0.579 advB2A=0.798 cycA=0.118 cycB=0.135 idtA=0.118 idtB=0.120 D_A=0.047 D_B=0.121 D_A(real)=0.92 D_A(fake)=0.08 gnG=27.88 gnD=8.75 it_per_s=10.58
2026-10-02 03:52:18,954 INFO iter=97100 epoch=14 lr=2.00e-04 G=5.092 advA2B=0.579 advB2A=0.798 cycA=0.118 cycB=0.135 idtA=0.118 idtB=0.120 D_A=0.047 D_B=0.121 D_A(real)=0.92 D_A(fake)=0.08 gnG=27.86 gnD=8.74 it_per_s=10.58
2026-10-02 03:52:28,406 INFO iter=97200 epoch=14 lr=2.00e-04 G=5.095 advA2B=0.580 advB2A=0.799 cycA=0.118 cycB=0.135 idtA=0.118 idtB=0.120 D_A=0.047 D_B=0.121 D_A(real)=0.92 D_A(fake)=0.08 gnG=27.91 gnD=8.74 it_per_s=10.58
2026-10-02 03:52:37,866 INFO iter=97300 epoch=14 lr=2.00e-04 G=5.095 advA2B=0.580 advB2A=0.800 cycA=0.118 cycB=0.135 idtA=0.118 idtB=0.120 D_A=0.047 D_B=0.121 D_A(real)=0.92 D_A(fake)=0.08 gnG=27.98 gnD=8.74 it_per_s=10.58
2026-10-02 03:52:47,130 INFO iter=97400 epoch=14 lr=2.00e-04 G=5.095 advA2B=0.580 advB2A=0.800 cycA=0.118 cycB=0.135 idtA=0.118 idtB=0.120 D_A=0.047 D_B=0.121 D_A(real)=0.92 D_A(fake)=0.08 gnG=27.97 gnD=8.75 it_per_s=10.58
2026-10-02 03:52:56,574 INFO iter=97500 epoch=14 lr=2.00e-04 G=5.093 advA2B=0.580 advB2A=0.800 cycA=0.118 cycB=0.135 idtA=0.118 idtB=0.120 D_A=0.047 D_B=0.121 D_A(real)=0.92 D_A(fake)=0.08 gnG=27.95 gnD=8.74 it_per_s=10.58
2026-10-02 03:53:06,024 INFO iter=97600 epoch=14 lr=2.00e-04 G=5.094 advA2B=0.580 advB2A=0.800 cycA=0.117 cycB=0.135 idtA=0.118 idtB=0.120 D_A=0.047 D_B=0.121 D_A(real)=0.92 D_A(fake)=0.08 gnG=27.93 gnD=8.72 it_per_s=10.58
2026-10-02 03:53:15,428 INFO iter=97700 epoch=14 lr=2.00e-04 G=5.091 advA2B=0.581 advB2A=0.799 cycA=0.117 cycB=0.135 idtA=0.118 idtB=0.120 D_A=0.047 D_B=0.121 D_A(real)=0.92 D_A(fake)=0.08 gnG=27.89 gnD=8.74 it_per_s=10.59
2026-10-02 03:53:24,831 INFO iter=97800 epoch=14 lr=2.00e-04 G=5.092 advA2B=0.581 advB2A=0.800 cycA=0.117 cycB=0.135 idtA=0.118 idtB=0.120 D_A=0.047 D_B=0.121 D_A(real)=0.92 D_A(fake)=0.08 gnG=27.85 gnD=8.73 it_per_s=10.59
2026-10-02 03:53:34,266 INFO iter=97900 epoch=14 lr=2.00e-04 G=5.092 advA2B=0.581 advB2A=0.800 cycA=0.117 cycB=0.135 idtA=0.118 idtB=0.120 D_A=0.047 D_B=0.121 D_A(real)=0.92 D_A(fake)=0.08 gnG=27.83 gnD=8.73 it_per_s=10.59
2026-10-02 03:53:43,736 INFO iter=98000 epoch=14 lr=2.00e-04 G=5.092 advA2B=0.580 advB2A=0.800 cycA=0.117 cycB=0.135 idtA=0.118 idtB=0.120 D_A=0.047 D_B=0.121 D_A(real)=0.92 D_A(fake)=0.08 gnG=27.80 gnD=8.72 it_per_s=10.59
2026-10-02 03:53:53,182 INFO iter=98100 epoch=14 lr=2.00e-04 G=5.089 advA2B=0.581 advB2A=0.800 cycA=0.117 cycB=0.135 idtA=0.118 idtB=0.120 D_A=0.047 D_B=0.121 D_A(real)=0.92 D_A(fake)=0.08 gnG=27.78 gnD=8.72 it_per_s=10.59
2026-10-02 03:54:02,678 INFO iter=98200 epoch=14 lr=2.00e-04 G=5.086 advA2B=0.581 advB2A=0.799 cycA=0.117 cycB=0.135 idtA=0.118 idtB=0.120 D_A=0.047 D_B=0.121 D_A(real)=0.92 D_A(fake)=0.08 gnG=27.80 gnD=8.72 it_per_s=10.59
2026-10-02 03:54:12,102 INFO iter=98300 epoch=14 lr=2.00e-04 G=5.085 advA2B=0.580 advB2A=0.799 cycA=0.117 cycB=0.135 idtA=0.118 idtB=0.120 D_A=0.047 D_B=0.121 D_A(real)=0.92 D_A(fake)=0.08 gnG=27.80 gnD=8.72 it_per_s=10.59
2026-10-02 03:54:21,527 INFO iter=98400 epoch=14 lr=2.00e-04 G=5.090 advA2B=0.581 advB2A=0.799 cycA=0.118 cycB=0.135 idtA=0.118 idtB=0.120 D_A=0.047 D_B=0.120 D_A(real)=0.92 D_A(fake)=0.08 gnG=27.84 gnD=8.71 it_per_s=10.59
2026-10-02 03:54:31,024 INFO iter=98500 epoch=14 lr=2.00e-04 G=5.092 advA2B=0.581 advB2A=0.800 cycA=0.118 cycB=0.135 idtA=0.118 idtB=0.120 D_A=0.046 D_B=0.120 D_A(real)=0.92 D_A(fake)=0.08 gnG=27.86 gnD=8.71 it_per_s=10.58
2026-10-02 03:54:34,061 INFO epoch=14 done time_s=665 it_per_s=10.58 G=5.093 cycA=0.118 cycB=0.135 idtA=0.118 idtB=0.120 D_A=0.046 D_B=0.120 D_A(real)=0.92 D_A(fake)=0.08 nan_count=0
2026-10-02 03:54:34,062 WARNING epoch=14 D_A (Monet) loss 0.0464 is near 0: possible discriminator overfitting
2026-10-02 03:54:41,149 INFO iter=98600 epoch=15 lr=2.00e-04 G=5.336 advA2B=0.619 advB2A=0.808 cycA=0.125 cycB=0.141 idtA=0.128 idtB=0.120 D_A=0.040 D_B=0.108 D_A(real)=0.93 D_A(fake)=0.07 gnG=30.24 gnD=8.86 it_per_s=10.36
2026-10-02 03:54:50,660 INFO iter=98700 epoch=15 lr=2.00e-04 G=5.193 advA2B=0.606 advB2A=0.815 cycA=0.123 cycB=0.136 idtA=0.122 idtB=0.115 D_A=0.042 D_B=0.117 D_A(real)=0.93 D_A(fake)=0.07 gnG=30.43 gnD=8.98 it_per_s=10.45
2026-10-02 03:55:00,108 INFO iter=98800 epoch=15 lr=2.00e-04 G=5.090 advA2B=0.597 advB2A=0.805 cycA=0.119 cycB=0.133 idtA=0.119 idtB=0.113 D_A=0.043 D_B=0.117 D_A(real)=0.93 D_A(fake)=0.07 gnG=28.96 gnD=8.86 it_per_s=10.50
2026-10-02 03:55:09,562 INFO iter=98900 epoch=15 lr=2.00e-04 G=5.064 advA2B=0.591 advB2A=0.804 cycA=0.118 cycB=0.132 idtA=0.118 idtB=0.115 D_A=0.044 D_B=0.122 D_A(real)=0.93 D_A(fake)=0.07 gnG=27.71 gnD=8.89 it_per_s=10.52
2026-10-02 03:55:19,060 INFO iter=99000 epoch=15 lr=2.00e-04 G=5.067 advA2B=0.592 advB2A=0.795 cycA=0.118 cycB=0.132 idtA=0.119 idtB=0.116 D_A=0.046 D_B=0.120 D_A(real)=0.92 D_A(fake)=0.08 gnG=27.44 gnD=8.85 it_per_s=10.52
2026-10-02 03:55:28,499 INFO iter=99100 epoch=15 lr=2.00e-04 G=5.065 advA2B=0.591 advB2A=0.781 cycA=0.118 cycB=0.134 idtA=0.118 idtB=0.118 D_A=0.049 D_B=0.119 D_A(real)=0.92 D_A(fake)=0.08 gnG=27.14 gnD=8.89 it_per_s=10.54
2026-10-02 03:55:37,934 INFO iter=99200 epoch=15 lr=2.00e-04 G=5.037 advA2B=0.583 advB2A=0.781 cycA=0.117 cycB=0.133 idtA=0.118 idtB=0.117 D_A=0.049 D_B=0.122 D_A(real)=0.92 D_A(fake)=0.08 gnG=27.11 gnD=8.95 it_per_s=10.54
2026-10-02 03:55:47,393 INFO iter=99300 epoch=15 lr=2.00e-04 G=5.052 advA2B=0.581 advB2A=0.781 cycA=0.117 cycB=0.134 idtA=0.118 idtB=0.119 D_A=0.049 D_B=0.122 D_A(real)=0.92 D_A(fake)=0.08 gnG=27.08 gnD=8.88 it_per_s=10.55
2026-10-02 03:55:56,847 INFO iter=99400 epoch=15 lr=2.00e-04 G=5.050 advA2B=0.579 advB2A=0.784 cycA=0.117 cycB=0.134 idtA=0.117 idtB=0.119 D_A=0.049 D_B=0.122 D_A(real)=0.92 D_A(fake)=0.08 gnG=27.08 gnD=8.83 it_per_s=10.55
2026-10-02 03:56:06,341 INFO iter=99500 epoch=15 lr=2.00e-04 G=5.054 advA2B=0.582 advB2A=0.787 cycA=0.117 cycB=0.133 idtA=0.117 idtB=0.119 D_A=0.048 D_B=0.122 D_A(real)=0.92 D_A(fake)=0.08 gnG=27.25 gnD=8.79 it_per_s=10.55
2026-10-02 03:56:15,810 INFO iter=99600 epoch=15 lr=2.00e-04 G=5.056 advA2B=0.582 advB2A=0.790 cycA=0.117 cycB=0.133 idtA=0.117 idtB=0.119 D_A=0.049 D_B=0.122 D_A(real)=0.92 D_A(fake)=0.08 gnG=27.30 gnD=8.79 it_per_s=10.55
2026-10-02 03:56:25,261 INFO iter=99700 epoch=15 lr=2.00e-04 G=5.037 advA2B=0.581 advB2A=0.790 cycA=0.117 cycB=0.132 idtA=0.117 idtB=0.118 D_A=0.049 D_B=0.121 D_A(real)=0.92 D_A(fake)=0.08 gnG=27.06 gnD=8.75 it_per_s=10.55
2026-10-02 03:56:34,814 INFO iter=99800 epoch=15 lr=2.00e-04 G=5.032 advA2B=0.584 advB2A=0.791 cycA=0.117 cycB=0.132 idtA=0.117 idtB=0.118 D_A=0.049 D_B=0.122 D_A(real)=0.92 D_A(fake)=0.08 gnG=26.98 gnD=8.76 it_per_s=10.55
2026-10-02 03:56:44,276 INFO iter=99900 epoch=15 lr=2.00e-04 G=5.026 advA2B=0.583 advB2A=0.794 cycA=0.117 cycB=0.131 idtA=0.116 idtB=0.117 D_A=0.049 D_B=0.122 D_A(real)=0.92 D_A(fake)=0.08 gnG=27.09 gnD=8.76 it_per_s=10.55
2026-10-02 03:56:53,734 INFO iter=100000 epoch=15 lr=2.00e-04 G=5.036 advA2B=0.585 advB2A=0.795 cycA=0.117 cycB=0.132 idtA=0.116 idtB=0.118 D_A=0.048 D_B=0.121 D_A(real)=0.92 D_A(fake)=0.08 gnG=27.03 gnD=8.71 it_per_s=10.55
2026-10-02 03:57:03,183 INFO iter=100100 epoch=15 lr=2.00e-04 G=5.026 advA2B=0.586 advB2A=0.794 cycA=0.117 cycB=0.131 idtA=0.116 idtB=0.117 D_A=0.048 D_B=0.121 D_A(real)=0.92 D_A(fake)=0.08 gnG=26.95 gnD=8.73 it_per_s=10.55
2026-10-02 03:57:12,629 INFO iter=100200 epoch=15 lr=2.00e-04 G=5.031 advA2B=0.585 advB2A=0.792 cycA=0.116 cycB=0.132 idtA=0.116 idtB=0.118 D_A=0.048 D_B=0.121 D_A(real)=0.92 D_A(fake)=0.08 gnG=27.15 gnD=8.74 it_per_s=10.55
2026-10-02 03:57:22,067 INFO iter=100300 epoch=15 lr=2.00e-04 G=5.036 advA2B=0.586 advB2A=0.792 cycA=0.116 cycB=0.132 idtA=0.116 idtB=0.118 D_A=0.048 D_B=0.121 D_A(real)=0.92 D_A(fake)=0.08 gnG=27.11 gnD=8.73 it_per_s=10.56
2026-10-02 03:57:31,528 INFO iter=100400 epoch=15 lr=2.00e-04 G=5.050 advA2B=0.585 advB2A=0.795 cycA=0.116 cycB=0.133 idtA=0.116 idtB=0.119 D_A=0.048 D_B=0.120 D_A(real)=0.92 D_A(fake)=0.08 gnG=27.34 gnD=8.70 it_per_s=10.56
2026-10-02 03:57:41,017 INFO iter=100500 epoch=15 lr=2.00e-04 G=5.049 advA2B=0.587 advB2A=0.796 cycA=0.116 cycB=0.133 idtA=0.116 idtB=0.119 D_A=0.047 D_B=0.120 D_A(real)=0.92 D_A(fake)=0.08 gnG=27.40 gnD=8.68 it_per_s=10.56
2026-10-02 03:57:50,460 INFO iter=100600 epoch=15 lr=2.00e-04 G=5.049 advA2B=0.587 advB2A=0.797 cycA=0.116 cycB=0.133 idtA=0.116 idtB=0.119 D_A=0.047 D_B=0.120 D_A(real)=0.92 D_A(fake)=0.08 gnG=27.44 gnD=8.71 it_per_s=10.56
2026-10-02 03:57:59,930 INFO iter=100700 epoch=15 lr=2.00e-04 G=5.052 advA2B=0.587 advB2A=0.798 cycA=0.117 cycB=0.133 idtA=0.116 idtB=0.119 D_A=0.047 D_B=0.120 D_A(real)=0.92 D_A(fake)=0.08 gnG=27.58 gnD=8.69 it_per_s=10.56
2026-10-02 03:58:09,369 INFO iter=100800 epoch=15 lr=2.00e-04 G=5.069 advA2B=0.589 advB2A=0.801 cycA=0.117 cycB=0.134 idtA=0.116 idtB=0.119 D_A=0.047 D_B=0.120 D_A(real)=0.92 D_A(fake)=0.08 gnG=27.66 gnD=8.68 it_per_s=10.56
2026-10-02 03:58:18,804 INFO iter=100900 epoch=15 lr=2.00e-04 G=5.073 advA2B=0.589 advB2A=0.803 cycA=0.117 cycB=0.133 idtA=0.116 idtB=0.119 D_A=0.047 D_B=0.119 D_A(real)=0.92 D_A(fake)=0.08 gnG=27.62 gnD=8.64 it_per_s=10.56
2026-10-02 03:58:28,245 INFO iter=101000 epoch=15 lr=2.00e-04 G=5.067 advA2B=0.587 advB2A=0.802 cycA=0.117 cycB=0.133 idtA=0.117 idtB=0.119 D_A=0.046 D_B=0.119 D_A(real)=0.92 D_A(fake)=0.08 gnG=27.62 gnD=8.63 it_per_s=10.56
2026-10-02 03:58:37,703 INFO iter=101100 epoch=15 lr=2.00e-04 G=5.063 advA2B=0.586 advB2A=0.802 cycA=0.117 cycB=0.133 idtA=0.117 idtB=0.119 D_A=0.047 D_B=0.119 D_A(real)=0.92 D_A(fake)=0.08 gnG=27.59 gnD=8.65 it_per_s=10.56
2026-10-02 03:58:47,136 INFO iter=101200 epoch=15 lr=2.00e-04 G=5.057 advA2B=0.586 advB2A=0.803 cycA=0.117 cycB=0.132 idtA=0.117 idtB=0.118 D_A=0.046 D_B=0.120 D_A(real)=0.92 D_A(fake)=0.08 gnG=27.53 gnD=8.65 it_per_s=10.56
2026-10-02 03:58:56,586 INFO iter=101300 epoch=15 lr=2.00e-04 G=5.057 advA2B=0.587 advB2A=0.802 cycA=0.117 cycB=0.132 idtA=0.117 idtB=0.118 D_A=0.046 D_B=0.119 D_A(real)=0.92 D_A(fake)=0.08 gnG=27.50 gnD=8.63 it_per_s=10.56
2026-10-02 03:59:06,066 INFO iter=101400 epoch=15 lr=2.00e-04 G=5.050 advA2B=0.587 advB2A=0.802 cycA=0.116 cycB=0.132 idtA=0.116 idtB=0.118 D_A=0.046 D_B=0.120 D_A(real)=0.92 D_A(fake)=0.08 gnG=27.50 gnD=8.65 it_per_s=10.56
2026-10-02 03:59:15,518 INFO iter=101500 epoch=15 lr=2.00e-04 G=5.055 advA2B=0.588 advB2A=0.802 cycA=0.116 cycB=0.132 idtA=0.117 idtB=0.119 D_A=0.046 D_B=0.120 D_A(real)=0.92 D_A(fake)=0.08 gnG=27.51 gnD=8.68 it_per_s=10.56
2026-10-02 03:59:24,960 INFO iter=101600 epoch=15 lr=2.00e-04 G=5.054 advA2B=0.589 advB2A=0.801 cycA=0.116 cycB=0.133 idtA=0.117 idtB=0.119 D_A=0.046 D_B=0.119 D_A(real)=0.92 D_A(fake)=0.08 gnG=27.51 gnD=8.67 it_per_s=10.57
2026-10-02 03:59:34,418 INFO iter=101700 epoch=15 lr=2.00e-04 G=5.058 advA2B=0.589 advB2A=0.802 cycA=0.116 cycB=0.133 idtA=0.117 idtB=0.119 D_A=0.046 D_B=0.119 D_A(real)=0.92 D_A(fake)=0.08 gnG=27.61 gnD=8.67 it_per_s=10.57
2026-10-02 03:59:43,798 INFO iter=101800 epoch=15 lr=2.00e-04 G=5.061 advA2B=0.588 advB2A=0.804 cycA=0.117 cycB=0.133 idtA=0.117 idtB=0.119 D_A=0.046 D_B=0.119 D_A(real)=0.92 D_A(fake)=0.08 gnG=27.63 gnD=8.66 it_per_s=10.57
2026-10-02 03:59:53,105 INFO iter=101900 epoch=15 lr=2.00e-04 G=5.057 advA2B=0.589 advB2A=0.804 cycA=0.116 cycB=0.133 idtA=0.116 idtB=0.118 D_A=0.046 D_B=0.119 D_A(real)=0.92 D_A(fake)=0.08 gnG=27.58 gnD=8.67 it_per_s=10.57
2026-10-02 04:00:02,610 INFO iter=102000 epoch=15 lr=2.00e-04 G=5.058 advA2B=0.589 advB2A=0.805 cycA=0.116 cycB=0.133 idtA=0.116 idtB=0.118 D_A=0.046 D_B=0.119 D_A(real)=0.92 D_A(fake)=0.08 gnG=27.59 gnD=8.67 it_per_s=10.57
2026-10-02 04:00:12,008 INFO iter=102100 epoch=15 lr=2.00e-04 G=5.060 advA2B=0.590 advB2A=0.806 cycA=0.116 cycB=0.133 idtA=0.116 idtB=0.118 D_A=0.046 D_B=0.120 D_A(real)=0.92 D_A(fake)=0.08 gnG=27.56 gnD=8.67 it_per_s=10.57
2026-10-02 04:00:21,214 INFO iter=102200 epoch=15 lr=2.00e-04 G=5.054 advA2B=0.589 advB2A=0.805 cycA=0.116 cycB=0.132 idtA=0.117 idtB=0.118 D_A=0.046 D_B=0.120 D_A(real)=0.93 D_A(fake)=0.08 gnG=27.53 gnD=8.68 it_per_s=10.58
2026-10-02 04:00:30,633 INFO iter=102300 epoch=15 lr=2.00e-04 G=5.053 advA2B=0.589 advB2A=0.806 cycA=0.116 cycB=0.132 idtA=0.116 idtB=0.118 D_A=0.046 D_B=0.120 D_A(real)=0.92 D_A(fake)=0.08 gnG=27.49 gnD=8.70 it_per_s=10.58
2026-10-02 04:00:40,122 INFO iter=102400 epoch=15 lr=2.00e-04 G=5.056 advA2B=0.589 advB2A=0.805 cycA=0.116 cycB=0.132 idtA=0.116 idtB=0.118 D_A=0.046 D_B=0.120 D_A(real)=0.92 D_A(fake)=0.08 gnG=27.53 gnD=8.70 it_per_s=10.58
2026-10-02 04:00:49,230 INFO iter=102500 epoch=15 lr=2.00e-04 G=5.052 advA2B=0.589 advB2A=0.805 cycA=0.116 cycB=0.132 idtA=0.116 idtB=0.118 D_A=0.046 D_B=0.120 D_A(real)=0.92 D_A(fake)=0.08 gnG=27.54 gnD=8.69 it_per_s=10.59
2026-10-02 04:00:58,681 INFO iter=102600 epoch=15 lr=2.00e-04 G=5.058 advA2B=0.590 advB2A=0.805 cycA=0.116 cycB=0.133 idtA=0.116 idtB=0.119 D_A=0.046 D_B=0.120 D_A(real)=0.92 D_A(fake)=0.08 gnG=27.59 gnD=8.70 it_per_s=10.59
2026-10-02 04:01:08,144 INFO iter=102700 epoch=15 lr=2.00e-04 G=5.062 advA2B=0.589 advB2A=0.805 cycA=0.116 cycB=0.133 idtA=0.116 idtB=0.119 D_A=0.046 D_B=0.120 D_A(real)=0.92 D_A(fake)=0.08 gnG=27.69 gnD=8.70 it_per_s=10.59
2026-10-02 04:01:17,523 INFO iter=102800 epoch=15 lr=2.00e-04 G=5.063 advA2B=0.589 advB2A=0.805 cycA=0.116 cycB=0.133 idtA=0.116 idtB=0.119 D_A=0.046 D_B=0.120 D_A(real)=0.92 D_A(fake)=0.08 gnG=27.69 gnD=8.69 it_per_s=10.59
2026-10-02 04:01:27,000 INFO iter=102900 epoch=15 lr=2.00e-04 G=5.067 advA2B=0.590 advB2A=0.805 cycA=0.116 cycB=0.133 idtA=0.116 idtB=0.119 D_A=0.046 D_B=0.120 D_A(real)=0.92 D_A(fake)=0.08 gnG=27.73 gnD=8.67 it_per_s=10.59
2026-10-02 04:01:36,425 INFO iter=103000 epoch=15 lr=2.00e-04 G=5.068 advA2B=0.591 advB2A=0.805 cycA=0.116 cycB=0.133 idtA=0.116 idtB=0.119 D_A=0.046 D_B=0.119 D_A(real)=0.92 D_A(fake)=0.08 gnG=27.73 gnD=8.67 it_per_s=10.59
2026-10-02 04:01:45,850 INFO iter=103100 epoch=15 lr=2.00e-04 G=5.069 advA2B=0.592 advB2A=0.805 cycA=0.116 cycB=0.133 idtA=0.116 idtB=0.119 D_A=0.046 D_B=0.119 D_A(real)=0.92 D_A(fake)=0.08 gnG=27.71 gnD=8.67 it_per_s=10.59
2026-10-02 04:01:55,309 INFO iter=103200 epoch=15 lr=2.00e-04 G=5.069 advA2B=0.592 advB2A=0.805 cycA=0.116 cycB=0.133 idtA=0.116 idtB=0.119 D_A=0.046 D_B=0.119 D_A(real)=0.92 D_A(fake)=0.08 gnG=27.72 gnD=8.66 it_per_s=10.59
2026-10-02 04:02:04,775 INFO iter=103300 epoch=15 lr=2.00e-04 G=5.072 advA2B=0.593 advB2A=0.806 cycA=0.116 cycB=0.133 idtA=0.116 idtB=0.119 D_A=0.046 D_B=0.119 D_A(real)=0.92 D_A(fake)=0.08 gnG=27.73 gnD=8.66 it_per_s=10.59
2026-10-02 04:02:14,229 INFO iter=103400 epoch=15 lr=2.00e-04 G=5.070 advA2B=0.593 advB2A=0.806 cycA=0.116 cycB=0.133 idtA=0.116 idtB=0.119 D_A=0.046 D_B=0.119 D_A(real)=0.92 D_A(fake)=0.08 gnG=27.65 gnD=8.67 it_per_s=10.59
2026-10-02 04:02:23,447 INFO iter=103500 epoch=15 lr=2.00e-04 G=5.065 advA2B=0.593 advB2A=0.806 cycA=0.116 cycB=0.133 idtA=0.116 idtB=0.119 D_A=0.046 D_B=0.119 D_A(real)=0.93 D_A(fake)=0.07 gnG=27.62 gnD=8.68 it_per_s=10.60
2026-10-02 04:02:32,911 INFO iter=103600 epoch=15 lr=2.00e-04 G=5.067 advA2B=0.594 advB2A=0.806 cycA=0.116 cycB=0.133 idtA=0.116 idtB=0.119 D_A=0.046 D_B=0.119 D_A(real)=0.93 D_A(fake)=0.07 gnG=27.62 gnD=8.69 it_per_s=10.60
2026-10-02 04:02:42,358 INFO iter=103700 epoch=15 lr=2.00e-04 G=5.070 advA2B=0.595 advB2A=0.807 cycA=0.116 cycB=0.133 idtA=0.116 idtB=0.119 D_A=0.046 D_B=0.119 D_A(real)=0.93 D_A(fake)=0.07 gnG=27.65 gnD=8.69 it_per_s=10.59
2026-10-02 04:02:51,523 INFO iter=103800 epoch=15 lr=2.00e-04 G=5.071 advA2B=0.595 advB2A=0.806 cycA=0.116 cycB=0.133 idtA=0.116 idtB=0.119 D_A=0.046 D_B=0.119 D_A(real)=0.93 D_A(fake)=0.07 gnG=27.68 gnD=8.69 it_per_s=10.60
2026-10-02 04:03:01,008 INFO iter=103900 epoch=15 lr=2.00e-04 G=5.067 advA2B=0.595 advB2A=0.805 cycA=0.116 cycB=0.133 idtA=0.116 idtB=0.119 D_A=0.046 D_B=0.119 D_A(real)=0.92 D_A(fake)=0.08 gnG=27.65 gnD=8.69 it_per_s=10.60
2026-10-02 04:03:10,416 INFO iter=104000 epoch=15 lr=2.00e-04 G=5.067 advA2B=0.595 advB2A=0.805 cycA=0.116 cycB=0.133 idtA=0.116 idtB=0.119 D_A=0.046 D_B=0.119 D_A(real)=0.92 D_A(fake)=0.08 gnG=27.65 gnD=8.69 it_per_s=10.60
2026-10-02 04:03:19,463 INFO iter=104100 epoch=15 lr=2.00e-04 G=5.065 advA2B=0.594 advB2A=0.806 cycA=0.116 cycB=0.133 idtA=0.116 idtB=0.119 D_A=0.046 D_B=0.119 D_A(real)=0.92 D_A(fake)=0.08 gnG=27.63 gnD=8.69 it_per_s=10.61
2026-10-02 04:03:28,884 INFO iter=104200 epoch=15 lr=2.00e-04 G=5.063 advA2B=0.594 advB2A=0.806 cycA=0.116 cycB=0.133 idtA=0.116 idtB=0.119 D_A=0.046 D_B=0.119 D_A(real)=0.92 D_A(fake)=0.08 gnG=27.64 gnD=8.69 it_per_s=10.61
2026-10-02 04:03:38,301 INFO iter=104300 epoch=15 lr=2.00e-04 G=5.064 advA2B=0.595 advB2A=0.806 cycA=0.116 cycB=0.133 idtA=0.116 idtB=0.119 D_A=0.046 D_B=0.119 D_A(real)=0.92 D_A(fake)=0.08 gnG=27.67 gnD=8.69 it_per_s=10.61
2026-10-02 04:03:47,387 INFO iter=104400 epoch=15 lr=2.00e-04 G=5.065 advA2B=0.595 advB2A=0.805 cycA=0.116 cycB=0.133 idtA=0.116 idtB=0.119 D_A=0.046 D_B=0.119 D_A(real)=0.92 D_A(fake)=0.08 gnG=27.67 gnD=8.69 it_per_s=10.61
2026-10-02 04:03:56,715 INFO iter=104500 epoch=15 lr=2.00e-04 G=5.062 advA2B=0.595 advB2A=0.805 cycA=0.116 cycB=0.133 idtA=0.116 idtB=0.119 D_A=0.046 D_B=0.119 D_A(real)=0.92 D_A(fake)=0.08 gnG=27.65 gnD=8.71 it_per_s=10.62
2026-10-02 04:04:06,199 INFO iter=104600 epoch=15 lr=2.00e-04 G=5.061 advA2B=0.595 advB2A=0.806 cycA=0.116 cycB=0.133 idtA=0.116 idtB=0.119 D_A=0.046 D_B=0.119 D_A(real)=0.92 D_A(fake)=0.08 gnG=27.62 gnD=8.71 it_per_s=10.62
2026-10-02 04:04:15,401 INFO iter=104700 epoch=15 lr=2.00e-04 G=5.058 advA2B=0.595 advB2A=0.806 cycA=0.116 cycB=0.133 idtA=0.116 idtB=0.119 D_A=0.046 D_B=0.119 D_A(real)=0.92 D_A(fake)=0.08 gnG=27.59 gnD=8.70 it_per_s=10.62
2026-10-02 04:04:24,621 INFO iter=104800 epoch=15 lr=2.00e-04 G=5.058 advA2B=0.595 advB2A=0.806 cycA=0.116 cycB=0.133 idtA=0.116 idtB=0.119 D_A=0.046 D_B=0.119 D_A(real)=0.92 D_A(fake)=0.08 gnG=27.58 gnD=8.69 it_per_s=10.62
2026-10-02 04:04:34,125 INFO iter=104900 epoch=15 lr=2.00e-04 G=5.059 advA2B=0.595 advB2A=0.807 cycA=0.116 cycB=0.133 idtA=0.116 idtB=0.119 D_A=0.046 D_B=0.119 D_A(real)=0.92 D_A(fake)=0.08 gnG=27.58 gnD=8.69 it_per_s=10.62
2026-10-02 04:04:43,476 INFO iter=105000 epoch=15 lr=2.00e-04 G=5.060 advA2B=0.595 advB2A=0.807 cycA=0.116 cycB=0.133 idtA=0.116 idtB=0.119 D_A=0.046 D_B=0.118 D_A(real)=0.92 D_A(fake)=0.08 gnG=27.64 gnD=8.68 it_per_s=10.62
2026-10-02 04:04:52,641 INFO iter=105100 epoch=15 lr=2.00e-04 G=5.061 advA2B=0.595 advB2A=0.807 cycA=0.116 cycB=0.133 idtA=0.116 idtB=0.119 D_A=0.046 D_B=0.119 D_A(real)=0.92 D_A(fake)=0.08 gnG=27.66 gnD=8.68 it_per_s=10.63
2026-10-02 04:05:02,188 INFO iter=105200 epoch=15 lr=2.00e-04 G=5.060 advA2B=0.595 advB2A=0.807 cycA=0.116 cycB=0.133 idtA=0.116 idtB=0.119 D_A=0.046 D_B=0.119 D_A(real)=0.92 D_A(fake)=0.08 gnG=27.68 gnD=8.69 it_per_s=10.62
2026-10-02 04:05:11,778 INFO iter=105300 epoch=15 lr=2.00e-04 G=5.061 advA2B=0.595 advB2A=0.808 cycA=0.116 cycB=0.133 idtA=0.116 idtB=0.119 D_A=0.046 D_B=0.119 D_A(real)=0.92 D_A(fake)=0.08 gnG=27.73 gnD=8.68 it_per_s=10.62
2026-10-02 04:05:20,864 INFO iter=105400 epoch=15 lr=2.00e-04 G=5.059 advA2B=0.595 advB2A=0.808 cycA=0.116 cycB=0.133 idtA=0.115 idtB=0.119 D_A=0.046 D_B=0.119 D_A(real)=0.93 D_A(fake)=0.07 gnG=27.71 gnD=8.68 it_per_s=10.63
2026-10-02 04:05:30,351 INFO iter=105500 epoch=15 lr=2.00e-04 G=5.061 advA2B=0.595 advB2A=0.809 cycA=0.116 cycB=0.133 idtA=0.115 idtB=0.119 D_A=0.046 D_B=0.119 D_A(real)=0.93 D_A(fake)=0.07 gnG=27.74 gnD=8.68 it_per_s=10.63
2026-10-02 04:05:36,926 INFO epoch=15 done time_s=662 it_per_s=10.63 G=5.062 cycA=0.116 cycB=0.133 idtA=0.115 idtB=0.119 D_A=0.046 D_B=0.119 D_A(real)=0.93 D_A(fake)=0.07 nan_count=0
2026-10-02 04:05:36,927 WARNING epoch=15 D_A (Monet) loss 0.0457 is near 0: possible discriminator overfitting
2026-10-02 04:05:40,401 INFO iter=105600 epoch=16 lr=2.00e-04 G=4.994 advA2B=0.579 advB2A=0.730 cycA=0.113 cycB=0.133 idtA=0.118 idtB=0.128 D_A=0.045 D_B=0.141 D_A(real)=0.92 D_A(fake)=0.07 gnG=28.65 gnD=9.94 it_per_s=10.46
2026-10-02 04:05:49,586 INFO iter=105700 epoch=16 lr=2.00e-04 G=4.906 advA2B=0.581 advB2A=0.766 cycA=0.111 cycB=0.129 idtA=0.112 idtB=0.120 D_A=0.040 D_B=0.131 D_A(real)=0.93 D_A(fake)=0.07 gnG=27.65 gnD=8.99 it_per_s=10.79
2026-10-02 04:05:59,047 INFO iter=105800 epoch=16 lr=2.00e-04 G=4.980 advA2B=0.608 advB2A=0.802 cycA=0.114 cycB=0.128 idtA=0.116 idtB=0.114 D_A=0.041 D_B=0.125 D_A(real)=0.93 D_A(fake)=0.07 gnG=26.55 gnD=8.87 it_per_s=10.69
2026-10-02 04:06:08,512 INFO iter=105900 epoch=16 lr=2.00e-04 G=4.990 advA2B=0.592 advB2A=0.804 cycA=0.114 cycB=0.130 idtA=0.117 idtB=0.115 D_A=0.044 D_B=0.120 D_A(real)=0.93 D_A(fake)=0.07 gnG=26.33 gnD=8.66 it_per_s=10.65
2026-10-02 04:06:17,950 INFO iter=106000 epoch=16 lr=2.00e-04 G=4.988 advA2B=0.591 advB2A=0.808 cycA=0.114 cycB=0.130 idtA=0.115 idtB=0.115 D_A=0.044 D_B=0.120 D_A(real)=0.93 D_A(fake)=0.07 gnG=26.36 gnD=8.65 it_per_s=10.64
2026-10-02 04:06:27,420 INFO iter=106100 epoch=16 lr=2.00e-04 G=5.012 advA2B=0.586 advB2A=0.810 cycA=0.114 cycB=0.131 idtA=0.116 idtB=0.116 D_A=0.043 D_B=0.123 D_A(real)=0.93 D_A(fake)=0.07 gnG=26.94 gnD=8.71 it_per_s=10.62
2026-10-02 04:06:36,831 INFO iter=106200 epoch=16 lr=2.00e-04 G=5.055 advA2B=0.581 advB2A=0.811 cycA=0.115 cycB=0.133 idtA=0.117 idtB=0.118 D_A=0.043 D_B=0.123 D_A(real)=0.93 D_A(fake)=0.07 gnG=27.33 gnD=8.69 it_per_s=10.62
2026-10-02 04:06:46,300 INFO iter=106300 epoch=16 lr=2.00e-04 G=5.079 advA2B=0.586 advB2A=0.814 cycA=0.117 cycB=0.134 idtA=0.118 idtB=0.118 D_A=0.043 D_B=0.121 D_A(real)=0.93 D_A(fake)=0.07 gnG=28.68 gnD=8.65 it_per_s=10.62
2026-10-02 04:06:55,764 INFO iter=106400 epoch=16 lr=2.00e-04 G=5.075 advA2B=0.590 advB2A=0.817 cycA=0.116 cycB=0.133 idtA=0.117 idtB=0.117 D_A=0.043 D_B=0.119 D_A(real)=0.93 D_A(fake)=0.07 gnG=28.60 gnD=8.58 it_per_s=10.61
2026-10-02 04:07:05,255 INFO iter=106500 epoch=16 lr=2.00e-04 G=5.076 advA2B=0.589 advB2A=0.815 cycA=0.116 cycB=0.134 idtA=0.117 idtB=0.117 D_A=0.043 D_B=0.119 D_A(real)=0.93 D_A(fake)=0.07 gnG=28.55 gnD=8.55 it_per_s=10.60
2026-10-02 04:07:14,710 INFO iter=106600 epoch=16 lr=2.00e-04 G=5.117 advA2B=0.590 advB2A=0.821 cycA=0.117 cycB=0.136 idtA=0.117 idtB=0.119 D_A=0.042 D_B=0.118 D_A(real)=0.93 D_A(fake)=0.07 gnG=28.76 gnD=8.54 it_per_s=10.60
2026-10-02 04:07:24,154 INFO iter=106700 epoch=16 lr=2.00e-04 G=5.122 advA2B=0.594 advB2A=0.824 cycA=0.117 cycB=0.136 idtA=0.117 idtB=0.119 D_A=0.042 D_B=0.117 D_A(real)=0.93 D_A(fake)=0.07 gnG=28.73 gnD=8.53 it_per_s=10.60
2026-10-02 04:07:33,609 INFO iter=106800 epoch=16 lr=2.00e-04 G=5.119 advA2B=0.596 advB2A=0.824 cycA=0.117 cycB=0.136 idtA=0.116 idtB=0.118 D_A=0.042 D_B=0.116 D_A(real)=0.93 D_A(fake)=0.07 gnG=28.76 gnD=8.52 it_per_s=10.60
2026-10-02 04:07:43,043 INFO iter=106900 epoch=16 lr=2.00e-04 G=5.131 advA2B=0.596 advB2A=0.825 cycA=0.117 cycB=0.137 idtA=0.116 idtB=0.119 D_A=0.042 D_B=0.116 D_A(real)=0.93 D_A(fake)=0.07 gnG=28.77 gnD=8.50 it_per_s=10.60
2026-10-02 04:07:52,509 INFO iter=107000 epoch=16 lr=2.00e-04 G=5.134 advA2B=0.596 advB2A=0.826 cycA=0.117 cycB=0.137 idtA=0.116 idtB=0.119 D_A=0.042 D_B=0.115 D_A(real)=0.93 D_A(fake)=0.07 gnG=28.82 gnD=8.50 it_per_s=10.59
2026-10-02 04:08:02,013 INFO iter=107100 epoch=16 lr=2.00e-04 G=5.132 advA2B=0.600 advB2A=0.828 cycA=0.117 cycB=0.136 idtA=0.116 idtB=0.119 D_A=0.041 D_B=0.115 D_A(real)=0.93 D_A(fake)=0.07 gnG=28.85 gnD=8.48 it_per_s=10.59
2026-10-02 04:08:11,480 INFO iter=107200 epoch=16 lr=2.00e-04 G=5.133 advA2B=0.604 advB2A=0.828 cycA=0.116 cycB=0.136 idtA=0.116 idtB=0.119 D_A=0.042 D_B=0.114 D_A(real)=0.93 D_A(fake)=0.07 gnG=28.77 gnD=8.48 it_per_s=10.59
2026-10-02 04:08:20,955 INFO iter=107300 epoch=16 lr=2.00e-04 G=5.122 advA2B=0.604 advB2A=0.828 cycA=0.116 cycB=0.136 idtA=0.116 idtB=0.118 D_A=0.041 D_B=0.114 D_A(real)=0.93 D_A(fake)=0.07 gnG=28.70 gnD=8.46 it_per_s=10.59
2026-10-02 04:08:30,317 INFO iter=107400 epoch=16 lr=2.00e-04 G=5.122 advA2B=0.604 advB2A=0.830 cycA=0.116 cycB=0.136 idtA=0.115 idtB=0.118 D_A=0.041 D_B=0.114 D_A(real)=0.93 D_A(fake)=0.07 gnG=28.66 gnD=8.45 it_per_s=10.59
2026-10-02 04:08:39,748 INFO iter=107500 epoch=16 lr=2.00e-04 G=5.109 advA2B=0.601 advB2A=0.830 cycA=0.116 cycB=0.135 idtA=0.115 idtB=0.118 D_A=0.041 D_B=0.114 D_A(real)=0.93 D_A(fake)=0.07 gnG=28.56 gnD=8.44 it_per_s=10.59
2026-10-02 04:08:48,877 INFO iter=107600 epoch=16 lr=2.00e-04 G=5.113 advA2B=0.602 advB2A=0.829 cycA=0.116 cycB=0.136 idtA=0.115 idtB=0.119 D_A=0.041 D_B=0.114 D_A(real)=0.93 D_A(fake)=0.07 gnG=28.52 gnD=8.47 it_per_s=10.61
2026-10-02 04:08:58,180 INFO iter=107700 epoch=16 lr=2.00e-04 G=5.104 advA2B=0.601 advB2A=0.827 cycA=0.116 cycB=0.135 idtA=0.115 idtB=0.118 D_A=0.041 D_B=0.115 D_A(real)=0.93 D_A(fake)=0.07 gnG=28.54 gnD=8.48 it_per_s=10.62
2026-10-02 04:09:07,621 INFO iter=107800 epoch=16 lr=2.00e-04 G=5.098 advA2B=0.602 advB2A=0.825 cycA=0.115 cycB=0.135 idtA=0.115 idtB=0.118 D_A=0.041 D_B=0.115 D_A(real)=0.93 D_A(fake)=0.07 gnG=28.55 gnD=8.49 it_per_s=10.61
2026-10-02 04:09:17,007 INFO iter=107900 epoch=16 lr=2.00e-04 G=5.092 advA2B=0.601 advB2A=0.825 cycA=0.115 cycB=0.135 idtA=0.115 idtB=0.118 D_A=0.041 D_B=0.115 D_A(real)=0.93 D_A(fake)=0.07 gnG=28.44 gnD=8.51 it_per_s=10.62
2026-10-02 04:09:26,153 INFO iter=108000 epoch=16 lr=2.00e-04 G=5.094 advA2B=0.602 advB2A=0.826 cycA=0.115 cycB=0.135 idtA=0.115 idtB=0.118 D_A=0.041 D_B=0.115 D_A(real)=0.93 D_A(fake)=0.07 gnG=28.44 gnD=8.49 it_per_s=10.63
2026-10-02 04:09:35,578 INFO iter=108100 epoch=16 lr=2.00e-04 G=5.092 advA2B=0.603 advB2A=0.825 cycA=0.115 cycB=0.135 idtA=0.114 idtB=0.118 D_A=0.042 D_B=0.114 D_A(real)=0.93 D_A(fake)=0.07 gnG=28.39 gnD=8.49 it_per_s=10.63
2026-10-02 04:09:44,901 INFO iter=108200 epoch=16 lr=2.00e-04 G=5.087 advA2B=0.602 advB2A=0.825 cycA=0.115 cycB=0.135 idtA=0.114 idtB=0.118 D_A=0.042 D_B=0.114 D_A(real)=0.93 D_A(fake)=0.07 gnG=28.35 gnD=8.50 it_per_s=10.63
2026-10-02 04:09:53,953 INFO iter=108300 epoch=16 lr=2.00e-04 G=5.091 advA2B=0.604 advB2A=0.824 cycA=0.115 cycB=0.135 idtA=0.114 idtB=0.118 D_A=0.042 D_B=0.115 D_A(real)=0.93 D_A(fake)=0.07 gnG=28.45 gnD=8.53 it_per_s=10.65
2026-10-02 04:10:03,460 INFO iter=108400 epoch=16 lr=2.00e-04 G=5.098 advA2B=0.604 advB2A=0.826 cycA=0.115 cycB=0.135 idtA=0.114 idtB=0.118 D_A=0.042 D_B=0.115 D_A(real)=0.93 D_A(fake)=0.07 gnG=28.58 gnD=8.52 it_per_s=10.64
2026-10-02 04:10:12,865 INFO iter=108500 epoch=16 lr=2.00e-04 G=5.099 advA2B=0.605 advB2A=0.827 cycA=0.115 cycB=0.135 idtA=0.114 idtB=0.118 D_A=0.042 D_B=0.115 D_A(real)=0.93 D_A(fake)=0.07 gnG=28.53 gnD=8.52 it_per_s=10.64
2026-10-02 04:10:21,888 INFO iter=108600 epoch=16 lr=2.00e-04 G=5.091 advA2B=0.604 advB2A=0.827 cycA=0.115 cycB=0.135 idtA=0.114 idtB=0.118 D_A=0.042 D_B=0.115 D_A(real)=0.93 D_A(fake)=0.07 gnG=28.49 gnD=8.52 it_per_s=10.66
2026-10-02 04:10:31,280 INFO iter=108700 epoch=16 lr=2.00e-04 G=5.096 advA2B=0.605 advB2A=0.829 cycA=0.115 cycB=0.135 idtA=0.114 idtB=0.118 D_A=0.042 D_B=0.114 D_A(real)=0.93 D_A(fake)=0.07 gnG=28.50 gnD=8.51 it_per_s=10.66
2026-10-02 04:10:40,712 INFO iter=108800 epoch=16 lr=2.00e-04 G=5.107 advA2B=0.606 advB2A=0.830 cycA=0.115 cycB=0.136 idtA=0.114 idtB=0.118 D_A=0.041 D_B=0.114 D_A(real)=0.93 D_A(fake)=0.07 gnG=28.62 gnD=8.49 it_per_s=10.65
2026-10-02 04:10:49,884 INFO iter=108900 epoch=16 lr=2.00e-04 G=5.106 advA2B=0.606 advB2A=0.830 cycA=0.115 cycB=0.136 idtA=0.114 idtB=0.118 D_A=0.041 D_B=0.114 D_A(real)=0.93 D_A(fake)=0.07 gnG=28.58 gnD=8.50 it_per_s=10.66
2026-10-02 04:10:59,233 INFO iter=109000 epoch=16 lr=2.00e-04 G=5.104 advA2B=0.606 advB2A=0.830 cycA=0.115 cycB=0.136 idtA=0.114 idtB=0.118 D_A=0.041 D_B=0.114 D_A(real)=0.93 D_A(fake)=0.07 gnG=28.58 gnD=8.52 it_per_s=10.66
2026-10-02 04:11:08,688 INFO iter=109100 epoch=16 lr=2.00e-04 G=5.110 advA2B=0.606 advB2A=0.830 cycA=0.115 cycB=0.136 idtA=0.114 idtB=0.118 D_A=0.041 D_B=0.114 D_A(real)=0.93 D_A(fake)=0.07 gnG=28.64 gnD=8.53 it_per_s=10.66
2026-10-02 04:11:18,131 INFO iter=109200 epoch=16 lr=2.00e-04 G=5.110 advA2B=0.607 advB2A=0.830 cycA=0.115 cycB=0.136 idtA=0.114 idtB=0.118 D_A=0.041 D_B=0.114 D_A(real)=0.93 D_A(fake)=0.07 gnG=28.65 gnD=8.51 it_per_s=10.66
2026-10-02 04:11:27,305 INFO iter=109300 epoch=16 lr=2.00e-04 G=5.106 advA2B=0.608 advB2A=0.829 cycA=0.115 cycB=0.136 idtA=0.114 idtB=0.118 D_A=0.041 D_B=0.114 D_A(real)=0.93 D_A(fake)=0.07 gnG=28.57 gnD=8.51 it_per_s=10.66
2026-10-02 04:11:36,763 INFO iter=109400 epoch=16 lr=2.00e-04 G=5.106 advA2B=0.608 advB2A=0.830 cycA=0.115 cycB=0.136 idtA=0.114 idtB=0.118 D_A=0.041 D_B=0.114 D_A(real)=0.93 D_A(fake)=0.07 gnG=28.56 gnD=8.49 it_per_s=10.66
2026-10-02 04:11:46,100 INFO iter=109500 epoch=16 lr=2.00e-04 G=5.104 advA2B=0.608 advB2A=0.829 cycA=0.115 cycB=0.136 idtA=0.114 idtB=0.118 D_A=0.041 D_B=0.114 D_A(real)=0.93 D_A(fake)=0.07 gnG=28.52 gnD=8.50 it_per_s=10.66
2026-10-02 04:11:55,155 INFO iter=109600 epoch=16 lr=2.00e-04 G=5.098 advA2B=0.607 advB2A=0.830 cycA=0.115 cycB=0.135 idtA=0.114 idtB=0.118 D_A=0.041 D_B=0.114 D_A(real)=0.93 D_A(fake)=0.07 gnG=28.50 gnD=8.50 it_per_s=10.67
2026-10-02 04:12:04,596 INFO iter=109700 epoch=16 lr=2.00e-04 G=5.093 advA2B=0.607 advB2A=0.829 cycA=0.115 cycB=0.135 idtA=0.114 idtB=0.118 D_A=0.041 D_B=0.114 D_A(real)=0.93 D_A(fake)=0.07 gnG=28.50 gnD=8.50 it_per_s=10.67
2026-10-02 04:12:14,021 INFO iter=109800 epoch=16 lr=2.00e-04 G=5.094 advA2B=0.606 advB2A=0.830 cycA=0.115 cycB=0.135 idtA=0.114 idtB=0.118 D_A=0.041 D_B=0.114 D_A(real)=0.93 D_A(fake)=0.07 gnG=28.50 gnD=8.50 it_per_s=10.67
2026-10-02 04:12:23,188 INFO iter=109900 epoch=16 lr=2.00e-04 G=5.092 advA2B=0.607 advB2A=0.829 cycA=0.115 cycB=0.135 idtA=0.114 idtB=0.118 D_A=0.041 D_B=0.114 D_A(real)=0.93 D_A(fake)=0.07 gnG=28.47 gnD=8.50 it_per_s=10.67
2026-10-02 04:12:32,520 INFO iter=110000 epoch=16 lr=2.00e-04 G=5.093 advA2B=0.607 advB2A=0.829 cycA=0.115 cycB=0.135 idtA=0.114 idtB=0.118 D_A=0.041 D_B=0.114 D_A(real)=0.93 D_A(fake)=0.07 gnG=28.51 gnD=8.50 it_per_s=10.67
2026-10-02 04:12:41,994 INFO iter=110100 epoch=16 lr=2.00e-04 G=5.095 advA2B=0.608 advB2A=0.830 cycA=0.115 cycB=0.135 idtA=0.114 idtB=0.118 D_A=0.041 D_B=0.113 D_A(real)=0.93 D_A(fake)=0.07 gnG=28.51 gnD=8.50 it_per_s=10.67
2026-10-02 04:12:51,056 INFO iter=110200 epoch=16 lr=2.00e-04 G=5.094 advA2B=0.607 advB2A=0.830 cycA=0.115 cycB=0.135 idtA=0.114 idtB=0.118 D_A=0.041 D_B=0.114 D_A(real)=0.93 D_A(fake)=0.07 gnG=28.50 gnD=8.51 it_per_s=10.68
2026-10-02 04:13:00,338 INFO iter=110300 epoch=16 lr=2.00e-04 G=5.095 advA2B=0.607 advB2A=0.831 cycA=0.115 cycB=0.135 idtA=0.114 idtB=0.118 D_A=0.041 D_B=0.113 D_A(real)=0.94 D_A(fake)=0.06 gnG=28.51 gnD=8.50 it_per_s=10.68
2026-10-02 04:13:09,794 INFO iter=110400 epoch=16 lr=2.00e-04 G=5.092 advA2B=0.607 advB2A=0.832 cycA=0.115 cycB=0.134 idtA=0.114 idtB=0.118 D_A=0.041 D_B=0.114 D_A(real)=0.94 D_A(fake)=0.06 gnG=28.48 gnD=8.51 it_per_s=10.68
2026-10-02 04:13:19,213 INFO iter=110500 epoch=16 lr=2.00e-04 G=5.091 advA2B=0.607 advB2A=0.832 cycA=0.115 cycB=0.134 idtA=0.114 idtB=0.118 D_A=0.041 D_B=0.114 D_A(real)=0.94 D_A(fake)=0.06 gnG=28.46 gnD=8.52 it_per_s=10.68
2026-10-02 04:13:28,666 INFO iter=110600 epoch=16 lr=2.00e-04 G=5.088 advA2B=0.608 advB2A=0.831 cycA=0.115 cycB=0.134 idtA=0.114 idtB=0.117 D_A=0.041 D_B=0.114 D_A(real)=0.94 D_A(fake)=0.06 gnG=28.42 gnD=8.51 it_per_s=10.68
2026-10-02 04:13:38,110 INFO iter=110700 epoch=16 lr=2.00e-04 G=5.091 advA2B=0.608 advB2A=0.831 cycA=0.115 cycB=0.134 idtA=0.114 idtB=0.118 D_A=0.041 D_B=0.113 D_A(real)=0.93 D_A(fake)=0.07 gnG=28.44 gnD=8.51 it_per_s=10.67
2026-10-02 04:13:47,529 INFO iter=110800 epoch=16 lr=2.00e-04 G=5.090 advA2B=0.608 advB2A=0.831 cycA=0.115 cycB=0.134 idtA=0.114 idtB=0.118 D_A=0.041 D_B=0.113 D_A(real)=0.93 D_A(fake)=0.07 gnG=28.43 gnD=8.52 it_per_s=10.67
2026-10-02 04:13:56,902 INFO iter=110900 epoch=16 lr=2.00e-04 G=5.085 advA2B=0.607 advB2A=0.830 cycA=0.115 cycB=0.134 idtA=0.114 idtB=0.117 D_A=0.041 D_B=0.114 D_A(real)=0.93 D_A(fake)=0.07 gnG=28.40 gnD=8.52 it_per_s=10.67
2026-10-02 04:14:06,320 INFO iter=111000 epoch=16 lr=2.00e-04 G=5.083 advA2B=0.607 advB2A=0.830 cycA=0.115 cycB=0.134 idtA=0.114 idtB=0.117 D_A=0.041 D_B=0.114 D_A(real)=0.93 D_A(fake)=0.07 gnG=28.36 gnD=8.52 it_per_s=10.67
2026-10-02 04:14:15,795 INFO iter=111100 epoch=16 lr=2.00e-04 G=5.078 advA2B=0.606 advB2A=0.830 cycA=0.115 cycB=0.134 idtA=0.114 idtB=0.117 D_A=0.041 D_B=0.114 D_A(real)=0.93 D_A(fake)=0.07 gnG=28.35 gnD=8.53 it_per_s=10.67
2026-10-02 04:14:24,988 INFO iter=111200 epoch=16 lr=2.00e-04 G=5.078 advA2B=0.606 advB2A=0.830 cycA=0.115 cycB=0.134 idtA=0.114 idtB=0.117 D_A=0.041 D_B=0.114 D_A(real)=0.93 D_A(fake)=0.06 gnG=28.36 gnD=8.53 it_per_s=10.67
2026-10-02 04:14:34,406 INFO iter=111300 epoch=16 lr=2.00e-04 G=5.076 advA2B=0.606 advB2A=0.829 cycA=0.115 cycB=0.134 idtA=0.114 idtB=0.117 D_A=0.041 D_B=0.114 D_A(real)=0.93 D_A(fake)=0.07 gnG=28.33 gnD=8.53 it_per_s=10.67
2026-10-02 04:14:43,902 INFO iter=111400 epoch=16 lr=2.00e-04 G=5.072 advA2B=0.606 advB2A=0.829 cycA=0.115 cycB=0.134 idtA=0.114 idtB=0.117 D_A=0.041 D_B=0.114 D_A(real)=0.93 D_A(fake)=0.07 gnG=28.28 gnD=8.53 it_per_s=10.67
2026-10-02 04:14:53,098 INFO iter=111500 epoch=16 lr=2.00e-04 G=5.072 advA2B=0.606 advB2A=0.829 cycA=0.115 cycB=0.134 idtA=0.114 idtB=0.117 D_A=0.041 D_B=0.114 D_A(real)=0.93 D_A(fake)=0.07 gnG=28.26 gnD=8.53 it_per_s=10.67
2026-10-02 04:15:02,407 INFO iter=111600 epoch=16 lr=2.00e-04 G=5.070 advA2B=0.607 advB2A=0.829 cycA=0.115 cycB=0.134 idtA=0.114 idtB=0.117 D_A=0.041 D_B=0.113 D_A(real)=0.93 D_A(fake)=0.07 gnG=28.30 gnD=8.52 it_per_s=10.67
2026-10-02 04:15:11,823 INFO iter=111700 epoch=16 lr=2.00e-04 G=5.071 advA2B=0.607 advB2A=0.830 cycA=0.115 cycB=0.133 idtA=0.114 idtB=0.117 D_A=0.041 D_B=0.113 D_A(real)=0.93 D_A(fake)=0.07 gnG=28.30 gnD=8.52 it_per_s=10.67
2026-10-02 04:15:21,017 INFO iter=111800 epoch=16 lr=2.00e-04 G=5.069 advA2B=0.607 advB2A=0.829 cycA=0.115 cycB=0.133 idtA=0.114 idtB=0.117 D_A=0.041 D_B=0.113 D_A(real)=0.93 D_A(fake)=0.07 gnG=28.32 gnD=8.53 it_per_s=10.68
2026-10-02 04:15:30,206 INFO iter=111900 epoch=16 lr=2.00e-04 G=5.070 advA2B=0.607 advB2A=0.830 cycA=0.115 cycB=0.133 idtA=0.114 idtB=0.117 D_A=0.041 D_B=0.113 D_A(real)=0.93 D_A(fake)=0.07 gnG=28.38 gnD=8.52 it_per_s=10.68
2026-10-02 04:15:39,652 INFO iter=112000 epoch=16 lr=2.00e-04 G=5.070 advA2B=0.608 advB2A=0.830 cycA=0.115 cycB=0.133 idtA=0.114 idtB=0.117 D_A=0.041 D_B=0.113 D_A(real)=0.93 D_A(fake)=0.07 gnG=28.35 gnD=8.51 it_per_s=10.68
2026-10-02 04:15:48,936 INFO iter=112100 epoch=16 lr=2.00e-04 G=5.073 advA2B=0.609 advB2A=0.830 cycA=0.115 cycB=0.133 idtA=0.114 idtB=0.117 D_A=0.041 D_B=0.113 D_A(real)=0.93 D_A(fake)=0.07 gnG=28.39 gnD=8.50 it_per_s=10.68
2026-10-02 04:15:58,056 INFO iter=112200 epoch=16 lr=2.00e-04 G=5.076 advA2B=0.609 advB2A=0.829 cycA=0.115 cycB=0.134 idtA=0.114 idtB=0.117 D_A=0.041 D_B=0.113 D_A(real)=0.93 D_A(fake)=0.07 gnG=28.42 gnD=8.51 it_per_s=10.68
2026-10-02 04:16:07,491 INFO iter=112300 epoch=16 lr=2.00e-04 G=5.074 advA2B=0.609 advB2A=0.829 cycA=0.115 cycB=0.133 idtA=0.114 idtB=0.117 D_A=0.041 D_B=0.113 D_A(real)=0.93 D_A(fake)=0.07 gnG=28.39 gnD=8.50 it_per_s=10.68
2026-10-02 04:16:16,926 INFO iter=112400 epoch=16 lr=2.00e-04 G=5.073 advA2B=0.609 advB2A=0.829 cycA=0.115 cycB=0.133 idtA=0.114 idtB=0.117 D_A=0.041 D_B=0.113 D_A(real)=0.93 D_A(fake)=0.07 gnG=28.37 gnD=8.50 it_per_s=10.68
2026-10-02 04:16:25,961 INFO iter=112500 epoch=16 lr=2.00e-04 G=5.071 advA2B=0.609 advB2A=0.828 cycA=0.115 cycB=0.133 idtA=0.114 idtB=0.117 D_A=0.041 D_B=0.113 D_A(real)=0.93 D_A(fake)=0.07 gnG=28.36 gnD=8.50 it_per_s=10.69
2026-10-02 04:16:35,377 INFO iter=112600 epoch=16 lr=2.00e-04 G=5.070 advA2B=0.608 advB2A=0.828 cycA=0.115 cycB=0.133 idtA=0.114 idtB=0.117 D_A=0.041 D_B=0.113 D_A(real)=0.93 D_A(fake)=0.07 gnG=28.35 gnD=8.49 it_per_s=10.69
2026-10-02 04:16:36,124 INFO epoch=16 done time_s=659 it_per_s=10.69 G=5.069 cycA=0.115 cycB=0.133 idtA=0.114 idtB=0.117 D_A=0.041 D_B=0.113 D_A(real)=0.93 D_A(fake)=0.07 nan_count=0
2026-10-02 04:16:36,126 WARNING epoch=16 D_A (Monet) loss 0.0410 is near 0: possible discriminator overfitting
2026-10-02 04:16:45,393 INFO iter=112700 epoch=17 lr=2.00e-04 G=4.998 advA2B=0.646 advB2A=0.788 cycA=0.108 cycB=0.135 idtA=0.108 idtB=0.119 D_A=0.048 D_B=0.114 D_A(real)=0.94 D_A(fake)=0.06 gnG=26.83 gnD=8.80 it_per_s=10.52
2026-10-02 04:16:54,815 INFO iter=112800 epoch=17 lr=2.00e-04 G=4.863 advA2B=0.618 advB2A=0.797 cycA=0.110 cycB=0.125 idtA=0.110 idtB=0.110 D_A=0.048 D_B=0.113 D_A(real)=0.93 D_A(fake)=0.07 gnG=26.30 gnD=8.82 it_per_s=10.57
2026-10-02 04:17:04,358 INFO iter=112900 epoch=17 lr=2.00e-04 G=4.916 advA2B=0.630 advB2A=0.796 cycA=0.111 cycB=0.127 idtA=0.112 idtB=0.111 D_A=0.046 D_B=0.107 D_A(real)=0.93 D_A(fake)=0.07 gnG=26.99 gnD=8.54 it_per_s=10.54
2026-10-02 04:17:13,778 INFO iter=113000 epoch=17 lr=2.00e-04 G=4.955 advA2B=0.633 advB2A=0.802 cycA=0.111 cycB=0.128 idtA=0.112 idtB=0.114 D_A=0.047 D_B=0.105 D_A(real)=0.93 D_A(fake)=0.07 gnG=28.30 gnD=8.49 it_per_s=10.56
2026-10-02 04:17:23,203 INFO iter=113100 epoch=17 lr=2.00e-04 G=4.980 advA2B=0.631 advB2A=0.804 cycA=0.111 cycB=0.130 idtA=0.112 idtB=0.115 D_A=0.044 D_B=0.106 D_A(real)=0.93 D_A(fake)=0.07 gnG=28.04 gnD=8.35 it_per_s=10.57
2026-10-02 04:17:32,622 INFO iter=113200 epoch=17 lr=2.00e-04 G=4.963 advA2B=0.628 advB2A=0.809 cycA=0.111 cycB=0.128 idtA=0.112 idtB=0.114 D_A=0.045 D_B=0.107 D_A(real)=0.93 D_A(fake)=0.07 gnG=27.81 gnD=8.31 it_per_s=10.58
2026-10-02 04:17:42,043 INFO iter=113300 epoch=17 lr=2.00e-04 G=4.982 advA2B=0.627 advB2A=0.816 cycA=0.112 cycB=0.129 idtA=0.112 idtB=0.114 D_A=0.044 D_B=0.107 D_A(real)=0.93 D_A(fake)=0.07 gnG=28.18 gnD=8.25 it_per_s=10.58
2026-10-02 04:17:51,489 INFO iter=113400 epoch=17 lr=2.00e-04 G=4.985 advA2B=0.627 advB2A=0.812 cycA=0.112 cycB=0.129 idtA=0.112 idtB=0.115 D_A=0.044 D_B=0.106 D_A(real)=0.93 D_A(fake)=0.07 gnG=27.91 gnD=8.25 it_per_s=10.58
2026-10-02 04:18:00,972 INFO iter=113500 epoch=17 lr=2.00e-04 G=4.970 advA2B=0.624 advB2A=0.812 cycA=0.111 cycB=0.129 idtA=0.112 idtB=0.115 D_A=0.044 D_B=0.107 D_A(real)=0.93 D_A(fake)=0.07 gnG=27.75 gnD=8.25 it_per_s=10.58
2026-10-02 04:18:10,412 INFO iter=113600 epoch=17 lr=2.00e-04 G=4.978 advA2B=0.623 advB2A=0.811 cycA=0.112 cycB=0.129 idtA=0.112 idtB=0.115 D_A=0.044 D_B=0.106 D_A(real)=0.93 D_A(fake)=0.07 gnG=27.75 gnD=8.21 it_per_s=10.58
2026-10-02 04:18:19,837 INFO iter=113700 epoch=17 lr=2.00e-04 G=4.973 advA2B=0.623 advB2A=0.812 cycA=0.112 cycB=0.128 idtA=0.112 idtB=0.115 D_A=0.043 D_B=0.106 D_A(real)=0.93 D_A(fake)=0.07 gnG=27.57 gnD=8.16 it_per_s=10.58
2026-10-02 04:18:29,278 INFO iter=113800 epoch=17 lr=2.00e-04 G=4.971 advA2B=0.622 advB2A=0.812 cycA=0.112 cycB=0.128 idtA=0.112 idtB=0.115 D_A=0.044 D_B=0.107 D_A(real)=0.93 D_A(fake)=0.07 gnG=27.41 gnD=8.20 it_per_s=10.58
2026-10-02 04:18:38,713 INFO iter=113900 epoch=17 lr=2.00e-04 G=4.965 advA2B=0.621 advB2A=0.811 cycA=0.112 cycB=0.128 idtA=0.111 idtB=0.115 D_A=0.044 D_B=0.109 D_A(real)=0.93 D_A(fake)=0.07 gnG=27.24 gnD=8.27 it_per_s=10.58
2026-10-02 04:18:48,163 INFO iter=114000 epoch=17 lr=2.00e-04 G=4.958 advA2B=0.620 advB2A=0.813 cycA=0.112 cycB=0.128 idtA=0.111 idtB=0.115 D_A=0.045 D_B=0.109 D_A(real)=0.93 D_A(fake)=0.07 gnG=27.14 gnD=8.31 it_per_s=10.58
2026-10-02 04:18:57,618 INFO iter=114100 epoch=17 lr=2.00e-04 G=4.962 advA2B=0.620 advB2A=0.813 cycA=0.112 cycB=0.128 idtA=0.111 idtB=0.115 D_A=0.045 D_B=0.109 D_A(real)=0.93 D_A(fake)=0.07 gnG=27.27 gnD=8.34 it_per_s=10.58
2026-10-02 04:19:07,099 INFO iter=114200 epoch=17 lr=2.00e-04 G=4.970 advA2B=0.619 advB2A=0.814 cycA=0.112 cycB=0.129 idtA=0.111 idtB=0.115 D_A=0.044 D_B=0.110 D_A(real)=0.93 D_A(fake)=0.07 gnG=27.39 gnD=8.38 it_per_s=10.58
2026-10-02 04:19:16,563 INFO iter=114300 epoch=17 lr=2.00e-04 G=4.982 advA2B=0.620 advB2A=0.813 cycA=0.112 cycB=0.130 idtA=0.111 idtB=0.116 D_A=0.044 D_B=0.109 D_A(real)=0.93 D_A(fake)=0.07 gnG=27.38 gnD=8.34 it_per_s=10.58
2026-10-02 04:19:25,939 INFO iter=114400 epoch=17 lr=2.00e-04 G=4.973 advA2B=0.618 advB2A=0.815 cycA=0.112 cycB=0.129 idtA=0.111 idtB=0.115 D_A=0.043 D_B=0.108 D_A(real)=0.93 D_A(fake)=0.07 gnG=27.37 gnD=8.32 it_per_s=10.59
2026-10-02 04:19:35,368 INFO iter=114500 epoch=17 lr=2.00e-04 G=4.972 advA2B=0.617 advB2A=0.815 cycA=0.112 cycB=0.129 idtA=0.111 idtB=0.115 D_A=0.043 D_B=0.109 D_A(real)=0.93 D_A(fake)=0.07 gnG=27.47 gnD=8.32 it_per_s=10.59
2026-10-02 04:19:44,844 INFO iter=114600 epoch=17 lr=2.00e-04 G=4.965 advA2B=0.617 advB2A=0.815 cycA=0.112 cycB=0.129 idtA=0.111 idtB=0.115 D_A=0.043 D_B=0.108 D_A(real)=0.93 D_A(fake)=0.07 gnG=27.54 gnD=8.33 it_per_s=10.58
2026-10-02 04:19:54,127 INFO iter=114700 epoch=17 lr=2.00e-04 G=4.974 advA2B=0.619 advB2A=0.815 cycA=0.112 cycB=0.129 idtA=0.112 idtB=0.115 D_A=0.043 D_B=0.108 D_A(real)=0.93 D_A(fake)=0.07 gnG=27.58 gnD=8.34 it_per_s=10.59
2026-10-02 04:20:03,340 INFO iter=114800 epoch=17 lr=2.00e-04 G=4.983 advA2B=0.618 advB2A=0.817 cycA=0.112 cycB=0.130 idtA=0.112 idtB=0.115 D_A=0.043 D_B=0.108 D_A(real)=0.93 D_A(fake)=0.07 gnG=27.59 gnD=8.32 it_per_s=10.60
2026-10-02 04:20:12,830 INFO iter=114900 epoch=17 lr=2.00e-04 G=4.989 advA2B=0.618 advB2A=0.816 cycA=0.112 cycB=0.130 idtA=0.112 idtB=0.115 D_A=0.043 D_B=0.108 D_A(real)=0.93 D_A(fake)=0.07 gnG=27.58 gnD=8.32 it_per_s=10.60
2026-10-02 04:20:22,335 INFO iter=115000 epoch=17 lr=2.00e-04 G=4.989 advA2B=0.619 advB2A=0.816 cycA=0.112 cycB=0.130 idtA=0.112 idtB=0.115 D_A=0.043 D_B=0.108 D_A(real)=0.93 D_A(fake)=0.07 gnG=27.52 gnD=8.34 it_per_s=10.60
2026-10-02 04:20:31,802 INFO iter=115100 epoch=17 lr=2.00e-04 G=4.985 advA2B=0.619 advB2A=0.817 cycA=0.112 cycB=0.130 idtA=0.111 idtB=0.115 D_A=0.043 D_B=0.108 D_A(real)=0.93 D_A(fake)=0.07 gnG=27.43 gnD=8.36 it_per_s=10.60
2026-10-02 04:20:41,242 INFO iter=115200 epoch=17 lr=2.00e-04 G=4.979 advA2B=0.619 advB2A=0.817 cycA=0.112 cycB=0.129 idtA=0.111 idtB=0.115 D_A=0.043 D_B=0.108 D_A(real)=0.93 D_A(fake)=0.07 gnG=27.44 gnD=8.37 it_per_s=10.60
2026-10-02 04:20:50,667 INFO iter=115300 epoch=17 lr=2.00e-04 G=4.978 advA2B=0.620 advB2A=0.818 cycA=0.112 cycB=0.129 idtA=0.111 idtB=0.115 D_A=0.043 D_B=0.108 D_A(real)=0.93 D_A(fake)=0.07 gnG=27.40 gnD=8.36 it_per_s=10.60
2026-10-02 04:21:00,121 INFO iter=115400 epoch=17 lr=2.00e-04 G=4.983 advA2B=0.620 advB2A=0.818 cycA=0.112 cycB=0.129 idtA=0.111 idtB=0.115 D_A=0.043 D_B=0.108 D_A(real)=0.93 D_A(fake)=0.07 gnG=27.47 gnD=8.37 it_per_s=10.60
2026-10-02 04:21:09,576 INFO iter=115500 epoch=17 lr=2.00e-04 G=4.982 advA2B=0.620 advB2A=0.817 cycA=0.112 cycB=0.130 idtA=0.111 idtB=0.115 D_A=0.043 D_B=0.108 D_A(real)=0.93 D_A(fake)=0.07 gnG=27.42 gnD=8.36 it_per_s=10.60
2026-10-02 04:21:19,020 INFO iter=115600 epoch=17 lr=2.00e-04 G=4.986 advA2B=0.620 advB2A=0.817 cycA=0.112 cycB=0.130 idtA=0.111 idtB=0.115 D_A=0.043 D_B=0.108 D_A(real)=0.93 D_A(fake)=0.07 gnG=27.47 gnD=8.36 it_per_s=10.60
2026-10-02 04:21:28,456 INFO iter=115700 epoch=17 lr=2.00e-04 G=4.993 advA2B=0.620 advB2A=0.818 cycA=0.112 cycB=0.130 idtA=0.111 idtB=0.116 D_A=0.043 D_B=0.108 D_A(real)=0.93 D_A(fake)=0.07 gnG=27.51 gnD=8.35 it_per_s=10.60
2026-10-02 04:21:37,829 INFO iter=115800 epoch=17 lr=2.00e-04 G=4.994 advA2B=0.621 advB2A=0.817 cycA=0.112 cycB=0.130 idtA=0.111 idtB=0.115 D_A=0.043 D_B=0.108 D_A(real)=0.93 D_A(fake)=0.07 gnG=27.51 gnD=8.35 it_per_s=10.60
2026-10-02 04:21:47,224 INFO iter=115900 epoch=17 lr=2.00e-04 G=4.994 advA2B=0.620 advB2A=0.818 cycA=0.112 cycB=0.130 idtA=0.111 idtB=0.115 D_A=0.043 D_B=0.108 D_A(real)=0.93 D_A(fake)=0.07 gnG=27.51 gnD=8.36 it_per_s=10.60
2026-10-02 04:21:56,676 INFO iter=116000 epoch=17 lr=2.00e-04 G=4.994 advA2B=0.620 advB2A=0.818 cycA=0.112 cycB=0.130 idtA=0.111 idtB=0.115 D_A=0.043 D_B=0.108 D_A(real)=0.93 D_A(fake)=0.07 gnG=27.51 gnD=8.37 it_per_s=10.60
2026-10-02 04:22:06,096 INFO iter=116100 epoch=17 lr=2.00e-04 G=4.989 advA2B=0.619 advB2A=0.818 cycA=0.112 cycB=0.130 idtA=0.111 idtB=0.115 D_A=0.043 D_B=0.108 D_A(real)=0.93 D_A(fake)=0.07 gnG=27.46 gnD=8.37 it_per_s=10.60
2026-10-02 04:22:15,534 INFO iter=116200 epoch=17 lr=2.00e-04 G=4.990 advA2B=0.620 advB2A=0.819 cycA=0.112 cycB=0.130 idtA=0.111 idtB=0.115 D_A=0.043 D_B=0.108 D_A(real)=0.93 D_A(fake)=0.07 gnG=27.47 gnD=8.37 it_per_s=10.60
2026-10-02 04:22:24,920 INFO iter=116300 epoch=17 lr=2.00e-04 G=4.985 advA2B=0.620 advB2A=0.818 cycA=0.112 cycB=0.130 idtA=0.111 idtB=0.115 D_A=0.043 D_B=0.108 D_A(real)=0.93 D_A(fake)=0.07 gnG=27.44 gnD=8.37 it_per_s=10.60
2026-10-02 04:22:34,315 INFO iter=116400 epoch=17 lr=2.00e-04 G=4.981 advA2B=0.621 advB2A=0.817 cycA=0.112 cycB=0.129 idtA=0.111 idtB=0.115 D_A=0.043 D_B=0.108 D_A(real)=0.93 D_A(fake)=0.07 gnG=27.41 gnD=8.37 it_per_s=10.60
2026-10-02 04:22:43,635 INFO iter=116500 epoch=17 lr=2.00e-04 G=4.980 advA2B=0.621 advB2A=0.817 cycA=0.112 cycB=0.129 idtA=0.111 idtB=0.115 D_A=0.043 D_B=0.108 D_A(real)=0.93 D_A(fake)=0.07 gnG=27.45 gnD=8.36 it_per_s=10.61
2026-10-02 04:22:53,039 INFO iter=116600 epoch=17 lr=2.00e-04 G=4.977 advA2B=0.621 advB2A=0.818 cycA=0.112 cycB=0.129 idtA=0.111 idtB=0.115 D_A=0.043 D_B=0.108 D_A(real)=0.93 D_A(fake)=0.07 gnG=27.42 gnD=8.34 it_per_s=10.61
2026-10-02 04:23:02,508 INFO iter=116700 epoch=17 lr=2.00e-04 G=4.975 advA2B=0.621 advB2A=0.818 cycA=0.112 cycB=0.129 idtA=0.111 idtB=0.114 D_A=0.043 D_B=0.108 D_A(real)=0.93 D_A(fake)=0.07 gnG=27.43 gnD=8.34 it_per_s=10.60
2026-10-02 04:23:11,944 INFO iter=116800 epoch=17 lr=2.00e-04 G=4.975 advA2B=0.621 advB2A=0.819 cycA=0.112 cycB=0.129 idtA=0.111 idtB=0.114 D_A=0.043 D_B=0.107 D_A(real)=0.93 D_A(fake)=0.07 gnG=27.43 gnD=8.34 it_per_s=10.60
2026-10-02 04:23:21,198 INFO iter=116900 epoch=17 lr=2.00e-04 G=4.972 advA2B=0.621 advB2A=0.818 cycA=0.112 cycB=0.129 idtA=0.111 idtB=0.114 D_A=0.043 D_B=0.107 D_A(real)=0.93 D_A(fake)=0.07 gnG=27.37 gnD=8.34 it_per_s=10.61
2026-10-02 04:23:30,581 INFO iter=117000 epoch=17 lr=2.00e-04 G=4.969 advA2B=0.621 advB2A=0.818 cycA=0.112 cycB=0.129 idtA=0.111 idtB=0.114 D_A=0.043 D_B=0.107 D_A(real)=0.93 D_A(fake)=0.07 gnG=27.35 gnD=8.33 it_per_s=10.61
2026-10-02 04:23:40,001 INFO iter=117100 epoch=17 lr=2.00e-04 G=4.966 advA2B=0.621 advB2A=0.818 cycA=0.112 cycB=0.129 idtA=0.111 idtB=0.114 D_A=0.043 D_B=0.107 D_A(real)=0.93 D_A(fake)=0.07 gnG=27.32 gnD=8.34 it_per_s=10.61
2026-10-02 04:23:49,250 INFO iter=117200 epoch=17 lr=2.00e-04 G=4.967 advA2B=0.621 advB2A=0.818 cycA=0.112 cycB=0.129 idtA=0.111 idtB=0.114 D_A=0.043 D_B=0.107 D_A(real)=0.93 D_A(fake)=0.07 gnG=27.34 gnD=8.35 it_per_s=10.61
2026-10-02 04:23:58,524 INFO iter=117300 epoch=17 lr=2.00e-04 G=4.969 advA2B=0.622 advB2A=0.818 cycA=0.112 cycB=0.129 idtA=0.110 idtB=0.114 D_A=0.043 D_B=0.107 D_A(real)=0.93 D_A(fake)=0.07 gnG=27.34 gnD=8.34 it_per_s=10.62
2026-10-02 04:24:08,085 INFO iter=117400 epoch=17 lr=2.00e-04 G=4.969 advA2B=0.622 advB2A=0.818 cycA=0.112 cycB=0.129 idtA=0.110 idtB=0.114 D_A=0.043 D_B=0.107 D_A(real)=0.93 D_A(fake)=0.07 gnG=27.35 gnD=8.34 it_per_s=10.61
2026-10-02 04:24:17,543 INFO iter=117500 epoch=17 lr=2.00e-04 G=4.971 advA2B=0.622 advB2A=0.818 cycA=0.112 cycB=0.129 idtA=0.110 idtB=0.114 D_A=0.043 D_B=0.107 D_A(real)=0.93 D_A(fake)=0.07 gnG=27.33 gnD=8.34 it_per_s=10.61
2026-10-02 04:24:26,962 INFO iter=117600 epoch=17 lr=2.00e-04 G=4.970 advA2B=0.622 advB2A=0.818 cycA=0.112 cycB=0.129 idtA=0.110 idtB=0.114 D_A=0.043 D_B=0.107 D_A(real)=0.93 D_A(fake)=0.07 gnG=27.37 gnD=8.35 it_per_s=10.61
2026-10-02 04:24:36,404 INFO iter=117700 epoch=17 lr=2.00e-04 G=4.973 advA2B=0.623 advB2A=0.819 cycA=0.112 cycB=0.129 idtA=0.110 idtB=0.114 D_A=0.043 D_B=0.107 D_A(real)=0.93 D_A(fake)=0.07 gnG=27.38 gnD=8.35 it_per_s=10.61
2026-10-02 04:24:45,875 INFO iter=117800 epoch=17 lr=2.00e-04 G=4.972 advA2B=0.622 advB2A=0.819 cycA=0.112 cycB=0.129 idtA=0.110 idtB=0.114 D_A=0.043 D_B=0.108 D_A(real)=0.93 D_A(fake)=0.07 gnG=27.37 gnD=8.36 it_per_s=10.61
2026-10-02 04:24:55,186 INFO iter=117900 epoch=17 lr=2.00e-04 G=4.970 advA2B=0.622 advB2A=0.818 cycA=0.112 cycB=0.129 idtA=0.110 idtB=0.114 D_A=0.043 D_B=0.107 D_A(real)=0.93 D_A(fake)=0.07 gnG=27.36 gnD=8.35 it_per_s=10.61
2026-10-02 04:25:04,589 INFO iter=118000 epoch=17 lr=2.00e-04 G=4.968 advA2B=0.622 advB2A=0.818 cycA=0.111 cycB=0.129 idtA=0.110 idtB=0.114 D_A=0.043 D_B=0.107 D_A(real)=0.93 D_A(fake)=0.07 gnG=27.33 gnD=8.34 it_per_s=10.62
2026-10-02 04:25:13,974 INFO iter=118100 epoch=17 lr=2.00e-04 G=4.968 advA2B=0.622 advB2A=0.819 cycA=0.111 cycB=0.129 idtA=0.110 idtB=0.114 D_A=0.043 D_B=0.107 D_A(real)=0.93 D_A(fake)=0.07 gnG=27.32 gnD=8.34 it_per_s=10.62
2026-10-02 04:25:22,969 INFO iter=118200 epoch=17 lr=2.00e-04 G=4.969 advA2B=0.621 advB2A=0.819 cycA=0.112 cycB=0.129 idtA=0.110 idtB=0.114 D_A=0.043 D_B=0.107 D_A(real)=0.93 D_A(fake)=0.07 gnG=27.34 gnD=8.33 it_per_s=10.62
2026-10-02 04:25:32,374 INFO iter=118300 epoch=17 lr=2.00e-04 G=4.970 advA2B=0.620 advB2A=0.819 cycA=0.112 cycB=0.129 idtA=0.110 idtB=0.114 D_A=0.043 D_B=0.108 D_A(real)=0.93 D_A(fake)=0.07 gnG=27.32 gnD=8.34 it_per_s=10.62
2026-10-02 04:25:41,819 INFO iter=118400 epoch=17 lr=2.00e-04 G=4.969 advA2B=0.620 advB2A=0.819 cycA=0.112 cycB=0.129 idtA=0.110 idtB=0.114 D_A=0.043 D_B=0.108 D_A(real)=0.93 D_A(fake)=0.07 gnG=27.32 gnD=8.34 it_per_s=10.62
2026-10-02 04:25:50,867 INFO iter=118500 epoch=17 lr=2.00e-04 G=4.970 advA2B=0.620 advB2A=0.819 cycA=0.112 cycB=0.129 idtA=0.110 idtB=0.114 D_A=0.043 D_B=0.107 D_A(real)=0.93 D_A(fake)=0.07 gnG=27.32 gnD=8.32 it_per_s=10.63
2026-10-02 04:26:00,229 INFO iter=118600 epoch=17 lr=2.00e-04 G=4.970 advA2B=0.620 advB2A=0.819 cycA=0.112 cycB=0.129 idtA=0.111 idtB=0.115 D_A=0.043 D_B=0.108 D_A(real)=0.93 D_A(fake)=0.07 gnG=27.33 gnD=8.33 it_per_s=10.63
2026-10-02 04:26:09,659 INFO iter=118700 epoch=17 lr=2.00e-04 G=4.969 advA2B=0.620 advB2A=0.819 cycA=0.112 cycB=0.129 idtA=0.111 idtB=0.114 D_A=0.042 D_B=0.108 D_A(real)=0.93 D_A(fake)=0.07 gnG=27.27 gnD=8.32 it_per_s=10.63
2026-10-02 04:26:19,111 INFO iter=118800 epoch=17 lr=2.00e-04 G=4.966 advA2B=0.621 advB2A=0.818 cycA=0.112 cycB=0.129 idtA=0.110 idtB=0.114 D_A=0.042 D_B=0.108 D_A(real)=0.93 D_A(fake)=0.07 gnG=27.24 gnD=8.33 it_per_s=10.63
2026-10-02 04:26:28,550 INFO iter=118900 epoch=17 lr=2.00e-04 G=4.965 advA2B=0.621 advB2A=0.819 cycA=0.112 cycB=0.129 idtA=0.110 idtB=0.114 D_A=0.043 D_B=0.107 D_A(real)=0.93 D_A(fake)=0.07 gnG=27.24 gnD=8.32 it_per_s=10.63
2026-10-02 04:26:37,953 INFO iter=119000 epoch=17 lr=2.00e-04 G=4.965 advA2B=0.620 advB2A=0.818 cycA=0.112 cycB=0.129 idtA=0.110 idtB=0.114 D_A=0.043 D_B=0.107 D_A(real)=0.93 D_A(fake)=0.07 gnG=27.25 gnD=8.33 it_per_s=10.63
2026-10-02 04:26:47,275 INFO iter=119100 epoch=17 lr=2.00e-04 G=4.963 advA2B=0.620 advB2A=0.819 cycA=0.112 cycB=0.129 idtA=0.110 idtB=0.114 D_A=0.042 D_B=0.108 D_A(real)=0.93 D_A(fake)=0.07 gnG=27.25 gnD=8.33 it_per_s=10.63
2026-10-02 04:26:56,429 INFO iter=119200 epoch=17 lr=2.00e-04 G=4.964 advA2B=0.620 advB2A=0.819 cycA=0.112 cycB=0.129 idtA=0.110 idtB=0.114 D_A=0.042 D_B=0.108 D_A(real)=0.93 D_A(fake)=0.07 gnG=27.24 gnD=8.33 it_per_s=10.64
2026-10-02 04:27:05,832 INFO iter=119300 epoch=17 lr=2.00e-04 G=4.966 advA2B=0.620 advB2A=0.819 cycA=0.112 cycB=0.129 idtA=0.110 idtB=0.115 D_A=0.042 D_B=0.108 D_A(real)=0.93 D_A(fake)=0.07 gnG=27.25 gnD=8.33 it_per_s=10.64
2026-10-02 04:27:15,263 INFO iter=119400 epoch=17 lr=2.00e-04 G=4.968 advA2B=0.621 advB2A=0.819 cycA=0.112 cycB=0.129 idtA=0.110 idtB=0.115 D_A=0.042 D_B=0.108 D_A(real)=0.93 D_A(fake)=0.07 gnG=27.28 gnD=8.33 it_per_s=10.64
2026-10-02 04:27:24,375 INFO iter=119500 epoch=17 lr=2.00e-04 G=4.968 advA2B=0.621 advB2A=0.819 cycA=0.112 cycB=0.129 idtA=0.110 idtB=0.115 D_A=0.042 D_B=0.108 D_A(real)=0.93 D_A(fake)=0.07 gnG=27.27 gnD=8.34 it_per_s=10.64
2026-10-02 04:27:33,789 INFO iter=119600 epoch=17 lr=2.00e-04 G=4.968 advA2B=0.621 advB2A=0.819 cycA=0.112 cycB=0.129 idtA=0.110 idtB=0.115 D_A=0.043 D_B=0.107 D_A(real)=0.93 D_A(fake)=0.07 gnG=27.28 gnD=8.35 it_per_s=10.64
2026-10-02 04:27:38,117 INFO epoch=17 done time_s=661 it_per_s=10.64 G=4.968 cycA=0.112 cycB=0.129 idtA=0.110 idtB=0.115 D_A=0.043 D_B=0.107 D_A(real)=0.93 D_A(fake)=0.07 nan_count=0
2026-10-02 04:27:38,118 WARNING epoch=17 D_A (Monet) loss 0.0426 is near 0: possible discriminator overfitting
2026-10-02 04:27:43,751 INFO iter=119700 epoch=18 lr=2.00e-04 G=4.829 advA2B=0.600 advB2A=0.771 cycA=0.112 cycB=0.123 idtA=0.110 idtB=0.111 D_A=0.045 D_B=0.098 D_A(real)=0.93 D_A(fake)=0.07 gnG=25.16 gnD=8.39 it_per_s=10.59
2026-10-02 04:27:52,993 INFO iter=119800 epoch=18 lr=2.00e-04 G=4.862 advA2B=0.596 advB2A=0.791 cycA=0.108 cycB=0.128 idtA=0.108 idtB=0.115 D_A=0.043 D_B=0.109 D_A(real)=0.92 D_A(fake)=0.08 gnG=26.20 gnD=8.44 it_per_s=10.74
2026-10-02 04:28:02,457 INFO iter=119900 epoch=18 lr=2.00e-04 G=4.895 advA2B=0.603 advB2A=0.793 cycA=0.109 cycB=0.129 idtA=0.108 idtB=0.117 D_A=0.042 D_B=0.106 D_A(real)=0.93 D_A(fake)=0.07 gnG=26.70 gnD=8.26 it_per_s=10.67
2026-10-02 04:28:11,874 INFO iter=120000 epoch=18 lr=2.00e-04 G=4.879 advA2B=0.615 advB2A=0.799 cycA=0.111 cycB=0.125 idtA=0.108 idtB=0.113 D_A=0.042 D_B=0.104 D_A(real)=0.93 D_A(fake)=0.07 gnG=27.43 gnD=8.19 it_per_s=10.66
2026-10-02 04:28:21,346 INFO iter=120100 epoch=18 lr=2.00e-04 G=4.863 advA2B=0.617 advB2A=0.802 cycA=0.110 cycB=0.124 idtA=0.108 idtB=0.112 D_A=0.043 D_B=0.105 D_A(real)=0.93 D_A(fake)=0.07 gnG=27.40 gnD=8.37 it_per_s=10.63
2026-10-02 04:28:30,770 INFO iter=120200 epoch=18 lr=2.00e-04 G=4.883 advA2B=0.627 advB2A=0.804 cycA=0.111 cycB=0.125 idtA=0.108 idtB=0.112 D_A=0.043 D_B=0.104 D_A(real)=0.93 D_A(fake)=0.07 gnG=27.37 gnD=8.28 it_per_s=10.63
2026-10-02 04:28:40,184 INFO iter=120300 epoch=18 lr=2.00e-04 G=4.885 advA2B=0.633 advB2A=0.805 cycA=0.111 cycB=0.124 idtA=0.107 idtB=0.112 D_A=0.043 D_B=0.105 D_A(real)=0.93 D_A(fake)=0.07 gnG=27.05 gnD=8.36 it_per_s=10.63
2026-10-02 04:28:49,614 INFO iter=120400 epoch=18 lr=2.00e-04 G=4.915 advA2B=0.631 advB2A=0.801 cycA=0.111 cycB=0.126 idtA=0.108 idtB=0.114 D_A=0.043 D_B=0.105 D_A(real)=0.93 D_A(fake)=0.07 gnG=26.99 gnD=8.38 it_per_s=10.63
2026-10-02 04:28:59,029 INFO iter=120500 epoch=18 lr=2.00e-04 G=4.917 advA2B=0.629 advB2A=0.800 cycA=0.111 cycB=0.127 idtA=0.108 idtB=0.114 D_A=0.044 D_B=0.104 D_A(real)=0.93 D_A(fake)=0.07 gnG=27.23 gnD=8.36 it_per_s=10.62
2026-10-02 04:29:08,484 INFO iter=120600 epoch=18 lr=2.00e-04 G=4.913 advA2B=0.626 advB2A=0.801 cycA=0.111 cycB=0.127 idtA=0.108 idtB=0.114 D_A=0.043 D_B=0.105 D_A(real)=0.93 D_A(fake)=0.07 gnG=27.11 gnD=8.36 it_per_s=10.62
2026-10-02 04:29:17,944 INFO iter=120700 epoch=18 lr=2.00e-04 G=4.922 advA2B=0.624 advB2A=0.807 cycA=0.111 cycB=0.127 idtA=0.108 idtB=0.114 D_A=0.043 D_B=0.105 D_A(real)=0.93 D_A(fake)=0.07 gnG=27.26 gnD=8.30 it_per_s=10.61
2026-10-02 04:29:27,375 INFO iter=120800 epoch=18 lr=2.00e-04 G=4.931 advA2B=0.626 advB2A=0.809 cycA=0.110 cycB=0.128 idtA=0.107 idtB=0.115 D_A=0.043 D_B=0.105 D_A(real)=0.93 D_A(fake)=0.07 gnG=27.19 gnD=8.28 it_per_s=10.61
2026-10-02 04:29:36,790 INFO iter=120900 epoch=18 lr=2.00e-04 G=4.925 advA2B=0.623 advB2A=0.809 cycA=0.110 cycB=0.128 idtA=0.107 idtB=0.114 D_A=0.043 D_B=0.106 D_A(real)=0.93 D_A(fake)=0.07 gnG=27.22 gnD=8.33 it_per_s=10.61
2026-10-02 04:29:46,185 INFO iter=121000 epoch=18 lr=2.00e-04 G=4.935 advA2B=0.623 advB2A=0.810 cycA=0.111 cycB=0.129 idtA=0.107 idtB=0.115 D_A=0.043 D_B=0.105 D_A(real)=0.93 D_A(fake)=0.07 gnG=27.25 gnD=8.29 it_per_s=10.62
2026-10-02 04:29:55,675 INFO iter=121100 epoch=18 lr=2.00e-04 G=4.935 advA2B=0.622 advB2A=0.810 cycA=0.110 cycB=0.129 idtA=0.107 idtB=0.115 D_A=0.043 D_B=0.105 D_A(real)=0.93 D_A(fake)=0.07 gnG=27.23 gnD=8.29 it_per_s=10.61
2026-10-02 04:30:05,155 INFO iter=121200 epoch=18 lr=2.00e-04 G=4.936 advA2B=0.622 advB2A=0.814 cycA=0.110 cycB=0.129 idtA=0.107 idtB=0.115 D_A=0.042 D_B=0.105 D_A(real)=0.93 D_A(fake)=0.07 gnG=27.35 gnD=8.24 it_per_s=10.61
2026-10-02 04:30:14,580 INFO iter=121300 epoch=18 lr=2.00e-04 G=4.936 advA2B=0.623 advB2A=0.815 cycA=0.110 cycB=0.129 idtA=0.107 idtB=0.116 D_A=0.042 D_B=0.105 D_A(real)=0.93 D_A(fake)=0.07 gnG=27.31 gnD=8.27 it_per_s=10.61
2026-10-02 04:30:23,972 INFO iter=121400 epoch=18 lr=2.00e-04 G=4.931 advA2B=0.623 advB2A=0.817 cycA=0.110 cycB=0.128 idtA=0.107 idtB=0.115 D_A=0.042 D_B=0.105 D_A(real)=0.93 D_A(fake)=0.07 gnG=27.28 gnD=8.26 it_per_s=10.61
2026-10-02 04:30:33,449 INFO iter=121500 epoch=18 lr=2.00e-04 G=4.931 advA2B=0.621 advB2A=0.816 cycA=0.110 cycB=0.129 idtA=0.106 idtB=0.115 D_A=0.042 D_B=0.105 D_A(real)=0.93 D_A(fake)=0.07 gnG=27.30 gnD=8.28 it_per_s=10.61
2026-10-02 04:30:42,850 INFO iter=121600 epoch=18 lr=2.00e-04 G=4.939 advA2B=0.622 advB2A=0.818 cycA=0.110 cycB=0.129 idtA=0.107 idtB=0.116 D_A=0.042 D_B=0.105 D_A(real)=0.93 D_A(fake)=0.07 gnG=27.26 gnD=8.31 it_per_s=10.61
2026-10-02 04:30:51,981 INFO iter=121700 epoch=18 lr=2.00e-04 G=4.942 advA2B=0.622 advB2A=0.818 cycA=0.110 cycB=0.129 idtA=0.106 idtB=0.116 D_A=0.042 D_B=0.105 D_A(real)=0.93 D_A(fake)=0.07 gnG=27.30 gnD=8.27 it_per_s=10.62
2026-10-02 04:31:01,226 INFO iter=121800 epoch=18 lr=2.00e-04 G=4.933 advA2B=0.623 advB2A=0.818 cycA=0.109 cycB=0.129 idtA=0.106 idtB=0.115 D_A=0.042 D_B=0.105 D_A(real)=0.93 D_A(fake)=0.07 gnG=27.21 gnD=8.29 it_per_s=10.63
2026-10-02 04:31:10,643 INFO iter=121900 epoch=18 lr=2.00e-04 G=4.932 advA2B=0.624 advB2A=0.816 cycA=0.109 cycB=0.129 idtA=0.107 idtB=0.115 D_A=0.042 D_B=0.105 D_A(real)=0.93 D_A(fake)=0.07 gnG=27.13 gnD=8.27 it_per_s=10.63
2026-10-02 04:31:19,878 INFO iter=122000 epoch=18 lr=2.00e-04 G=4.921 advA2B=0.622 advB2A=0.815 cycA=0.109 cycB=0.128 idtA=0.106 idtB=0.115 D_A=0.042 D_B=0.105 D_A(real)=0.93 D_A(fake)=0.07 gnG=27.04 gnD=8.30 it_per_s=10.64
2026-10-02 04:31:29,020 INFO iter=122100 epoch=18 lr=2.00e-04 G=4.927 advA2B=0.623 advB2A=0.818 cycA=0.109 cycB=0.129 idtA=0.107 idtB=0.115 D_A=0.042 D_B=0.105 D_A(real)=0.93 D_A(fake)=0.07 gnG=27.16 gnD=8.28 it_per_s=10.65
2026-10-02 04:31:38,402 INFO iter=122200 epoch=18 lr=2.00e-04 G=4.927 advA2B=0.623 advB2A=0.820 cycA=0.110 cycB=0.128 idtA=0.106 idtB=0.114 D_A=0.042 D_B=0.105 D_A(real)=0.93 D_A(fake)=0.07 gnG=27.22 gnD=8.27 it_per_s=10.65
2026-10-02 04:31:47,737 INFO iter=122300 epoch=18 lr=2.00e-04 G=4.929 advA2B=0.624 advB2A=0.821 cycA=0.110 cycB=0.128 idtA=0.107 idtB=0.114 D_A=0.042 D_B=0.105 D_A(real)=0.93 D_A(fake)=0.07 gnG=27.21 gnD=8.28 it_per_s=10.65
2026-10-02 04:31:56,778 INFO iter=122400 epoch=18 lr=2.00e-04 G=4.926 advA2B=0.624 advB2A=0.821 cycA=0.110 cycB=0.128 idtA=0.106 idtB=0.114 D_A=0.042 D_B=0.105 D_A(real)=0.93 D_A(fake)=0.07 gnG=27.13 gnD=8.26 it_per_s=10.67
2026-10-02 04:32:06,235 INFO iter=122500 epoch=18 lr=2.00e-04 G=4.924 advA2B=0.625 advB2A=0.820 cycA=0.110 cycB=0.128 idtA=0.106 idtB=0.114 D_A=0.041 D_B=0.105 D_A(real)=0.93 D_A(fake)=0.07 gnG=27.09 gnD=8.26 it_per_s=10.67
2026-10-02 04:32:15,685 INFO iter=122600 epoch=18 lr=2.00e-04 G=4.926 advA2B=0.624 advB2A=0.817 cycA=0.110 cycB=0.128 idtA=0.106 idtB=0.114 D_A=0.042 D_B=0.105 D_A(real)=0.93 D_A(fake)=0.07 gnG=27.22 gnD=8.28 it_per_s=10.66
2026-10-02 04:32:24,668 INFO iter=122700 epoch=18 lr=2.00e-04 G=4.927 advA2B=0.624 advB2A=0.819 cycA=0.110 cycB=0.128 idtA=0.106 idtB=0.114 D_A=0.042 D_B=0.105 D_A(real)=0.93 D_A(fake)=0.07 gnG=27.13 gnD=8.28 it_per_s=10.68
2026-10-02 04:32:33,980 INFO iter=122800 epoch=18 lr=2.00e-04 G=4.926 advA2B=0.625 advB2A=0.820 cycA=0.110 cycB=0.128 idtA=0.106 idtB=0.114 D_A=0.041 D_B=0.105 D_A(real)=0.93 D_A(fake)=0.07 gnG=27.12 gnD=8.28 it_per_s=10.68
2026-10-02 04:32:43,429 INFO iter=122900 epoch=18 lr=2.00e-04 G=4.922 advA2B=0.624 advB2A=0.821 cycA=0.109 cycB=0.128 idtA=0.106 idtB=0.114 D_A=0.041 D_B=0.105 D_A(real)=0.93 D_A(fake)=0.07 gnG=27.06 gnD=8.26 it_per_s=10.68
2026-10-02 04:32:52,779 INFO iter=123000 epoch=18 lr=2.00e-04 G=4.925 advA2B=0.624 advB2A=0.822 cycA=0.109 cycB=0.128 idtA=0.106 idtB=0.114 D_A=0.041 D_B=0.105 D_A(real)=0.93 D_A(fake)=0.07 gnG=27.09 gnD=8.27 it_per_s=10.68
2026-10-02 04:33:02,032 INFO iter=123100 epoch=18 lr=2.00e-04 G=4.922 advA2B=0.625 advB2A=0.822 cycA=0.109 cycB=0.128 idtA=0.106 idtB=0.114 D_A=0.041 D_B=0.105 D_A(real)=0.93 D_A(fake)=0.07 gnG=27.03 gnD=8.26 it_per_s=10.68
2026-10-02 04:33:11,459 INFO iter=123200 epoch=18 lr=2.00e-04 G=4.921 advA2B=0.625 advB2A=0.821 cycA=0.109 cycB=0.128 idtA=0.106 idtB=0.114 D_A=0.041 D_B=0.105 D_A(real)=0.93 D_A(fake)=0.07 gnG=27.01 gnD=8.25 it_per_s=10.68
2026-10-02 04:33:20,681 INFO iter=123300 epoch=18 lr=2.00e-04 G=4.917 advA2B=0.624 advB2A=0.821 cycA=0.109 cycB=0.128 idtA=0.106 idtB=0.114 D_A=0.041 D_B=0.105 D_A(real)=0.93 D_A(fake)=0.07 gnG=26.92 gnD=8.27 it_per_s=10.68
2026-10-02 04:33:29,799 INFO iter=123400 epoch=18 lr=2.00e-04 G=4.922 advA2B=0.623 advB2A=0.821 cycA=0.109 cycB=0.128 idtA=0.107 idtB=0.114 D_A=0.041 D_B=0.105 D_A(real)=0.93 D_A(fake)=0.07 gnG=27.00 gnD=8.26 it_per_s=10.69
2026-10-02 04:33:39,173 INFO iter=123500 epoch=18 lr=2.00e-04 G=4.924 advA2B=0.623 advB2A=0.822 cycA=0.109 cycB=0.128 idtA=0.107 idtB=0.114 D_A=0.041 D_B=0.105 D_A(real)=0.93 D_A(fake)=0.07 gnG=27.08 gnD=8.25 it_per_s=10.69
2026-10-02 04:33:48,562 INFO iter=123600 epoch=18 lr=2.00e-04 G=4.922 advA2B=0.623 advB2A=0.822 cycA=0.109 cycB=0.128 idtA=0.107 idtB=0.114 D_A=0.041 D_B=0.105 D_A(real)=0.93 D_A(fake)=0.07 gnG=27.07 gnD=8.25 it_per_s=10.69
2026-10-02 04:33:57,595 INFO iter=123700 epoch=18 lr=2.00e-04 G=4.921 advA2B=0.624 advB2A=0.823 cycA=0.109 cycB=0.128 idtA=0.107 idtB=0.114 D_A=0.041 D_B=0.105 D_A(real)=0.93 D_A(fake)=0.07 gnG=27.07 gnD=8.24 it_per_s=10.70
2026-10-02 04:34:06,981 INFO iter=123800 epoch=18 lr=2.00e-04 G=4.922 advA2B=0.624 advB2A=0.823 cycA=0.109 cycB=0.128 idtA=0.107 idtB=0.114 D_A=0.041 D_B=0.105 D_A(real)=0.93 D_A(fake)=0.07 gnG=27.04 gnD=8.24 it_per_s=10.70
2026-10-02 04:34:16,389 INFO iter=123900 epoch=18 lr=2.00e-04 G=4.920 advA2B=0.624 advB2A=0.823 cycA=0.109 cycB=0.128 idtA=0.107 idtB=0.113 D_A=0.041 D_B=0.105 D_A(real)=0.93 D_A(fake)=0.07 gnG=27.06 gnD=8.24 it_per_s=10.70
2026-10-02 04:34:25,406 INFO iter=124000 epoch=18 lr=2.00e-04 G=4.920 advA2B=0.625 advB2A=0.823 cycA=0.109 cycB=0.128 idtA=0.107 idtB=0.113 D_A=0.041 D_B=0.105 D_A(real)=0.93 D_A(fake)=0.07 gnG=27.11 gnD=8.24 it_per_s=10.70
2026-10-02 04:34:34,714 INFO iter=124100 epoch=18 lr=2.00e-04 G=4.922 advA2B=0.626 advB2A=0.824 cycA=0.110 cycB=0.128 idtA=0.107 idtB=0.113 D_A=0.041 D_B=0.105 D_A(real)=0.93 D_A(fake)=0.07 gnG=27.15 gnD=8.23 it_per_s=10.70
2026-10-02 04:34:44,156 INFO iter=124200 epoch=18 lr=2.00e-04 G=4.924 advA2B=0.626 advB2A=0.825 cycA=0.110 cycB=0.128 idtA=0.107 idtB=0.113 D_A=0.041 D_B=0.104 D_A(real)=0.93 D_A(fake)=0.07 gnG=27.15 gnD=8.22 it_per_s=10.70
2026-10-02 04:34:53,396 INFO iter=124300 epoch=18 lr=2.00e-04 G=4.925 advA2B=0.627 advB2A=0.825 cycA=0.110 cycB=0.127 idtA=0.107 idtB=0.113 D_A=0.041 D_B=0.104 D_A(real)=0.93 D_A(fake)=0.07 gnG=27.16 gnD=8.22 it_per_s=10.70
2026-10-02 04:35:02,700 INFO iter=124400 epoch=18 lr=2.00e-04 G=4.925 advA2B=0.627 advB2A=0.825 cycA=0.110 cycB=0.128 idtA=0.107 idtB=0.113 D_A=0.041 D_B=0.104 D_A(real)=0.93 D_A(fake)=0.07 gnG=27.12 gnD=8.21 it_per_s=10.71
2026-10-02 04:35:12,152 INFO iter=124500 epoch=18 lr=2.00e-04 G=4.922 advA2B=0.626 advB2A=0.825 cycA=0.110 cycB=0.127 idtA=0.107 idtB=0.113 D_A=0.041 D_B=0.105 D_A(real)=0.93 D_A(fake)=0.07 gnG=27.10 gnD=8.23 it_per_s=10.70
2026-10-02 04:35:21,476 INFO iter=124600 epoch=18 lr=2.00e-04 G=4.920 advA2B=0.625 advB2A=0.825 cycA=0.109 cycB=0.127 idtA=0.107 idtB=0.113 D_A=0.041 D_B=0.105 D_A(real)=0.93 D_A(fake)=0.07 gnG=27.07 gnD=8.24 it_per_s=10.70
2026-10-02 04:35:30,572 INFO iter=124700 epoch=18 lr=2.00e-04 G=4.919 advA2B=0.626 advB2A=0.825 cycA=0.109 cycB=0.127 idtA=0.107 idtB=0.113 D_A=0.041 D_B=0.105 D_A(real)=0.93 D_A(fake)=0.07 gnG=27.08 gnD=8.24 it_per_s=10.71
2026-10-02 04:35:39,972 INFO iter=124800 epoch=18 lr=2.00e-04 G=4.918 advA2B=0.626 advB2A=0.824 cycA=0.109 cycB=0.127 idtA=0.107 idtB=0.113 D_A=0.041 D_B=0.105 D_A(real)=0.93 D_A(fake)=0.07 gnG=27.08 gnD=8.24 it_per_s=10.71
2026-10-02 04:35:49,316 INFO iter=124900 epoch=18 lr=2.00e-04 G=4.916 advA2B=0.627 advB2A=0.823 cycA=0.109 cycB=0.127 idtA=0.107 idtB=0.113 D_A=0.041 D_B=0.105 D_A(real)=0.93 D_A(fake)=0.07 gnG=27.04 gnD=8.24 it_per_s=10.71
2026-10-02 04:35:58,314 INFO iter=125000 epoch=18 lr=2.00e-04 G=4.912 advA2B=0.626 advB2A=0.823 cycA=0.109 cycB=0.127 idtA=0.107 idtB=0.113 D_A=0.041 D_B=0.105 D_A(real)=0.93 D_A(fake)=0.07 gnG=27.01 gnD=8.23 it_per_s=10.72
2026-10-02 04:36:07,792 INFO iter=125100 epoch=18 lr=2.00e-04 G=4.910 advA2B=0.626 advB2A=0.823 cycA=0.109 cycB=0.127 idtA=0.107 idtB=0.113 D_A=0.041 D_B=0.105 D_A(real)=0.93 D_A(fake)=0.07 gnG=27.00 gnD=8.23 it_per_s=10.71
2026-10-02 04:36:17,223 INFO iter=125200 epoch=18 lr=2.00e-04 G=4.911 advA2B=0.626 advB2A=0.823 cycA=0.109 cycB=0.127 idtA=0.107 idtB=0.113 D_A=0.041 D_B=0.104 D_A(real)=0.93 D_A(fake)=0.07 gnG=27.06 gnD=8.23 it_per_s=10.71
2026-10-02 04:36:26,632 INFO iter=125300 epoch=18 lr=2.00e-04 G=4.913 advA2B=0.626 advB2A=0.823 cycA=0.109 cycB=0.127 idtA=0.107 idtB=0.113 D_A=0.041 D_B=0.104 D_A(real)=0.93 D_A(fake)=0.07 gnG=27.08 gnD=8.22 it_per_s=10.71
2026-10-02 04:36:36,031 INFO iter=125400 epoch=18 lr=2.00e-04 G=4.913 advA2B=0.626 advB2A=0.823 cycA=0.109 cycB=0.127 idtA=0.107 idtB=0.113 D_A=0.041 D_B=0.104 D_A(real)=0.93 D_A(fake)=0.07 gnG=27.08 gnD=8.22 it_per_s=10.71
2026-10-02 04:36:45,495 INFO iter=125500 epoch=18 lr=2.00e-04 G=4.913 advA2B=0.626 advB2A=0.823 cycA=0.110 cycB=0.127 idtA=0.107 idtB=0.113 D_A=0.041 D_B=0.104 D_A(real)=0.93 D_A(fake)=0.07 gnG=27.08 gnD=8.22 it_per_s=10.70
2026-10-02 04:36:54,965 INFO iter=125600 epoch=18 lr=2.00e-04 G=4.913 advA2B=0.627 advB2A=0.822 cycA=0.110 cycB=0.127 idtA=0.107 idtB=0.113 D_A=0.041 D_B=0.104 D_A(real)=0.93 D_A(fake)=0.07 gnG=27.12 gnD=8.22 it_per_s=10.70
2026-10-02 04:37:04,389 INFO iter=125700 epoch=18 lr=2.00e-04 G=4.912 advA2B=0.627 advB2A=0.822 cycA=0.109 cycB=0.127 idtA=0.107 idtB=0.113 D_A=0.041 D_B=0.104 D_A(real)=0.93 D_A(fake)=0.07 gnG=27.10 gnD=8.22 it_per_s=10.70
2026-10-02 04:37:13,864 INFO iter=125800 epoch=18 lr=2.00e-04 G=4.918 advA2B=0.628 advB2A=0.823 cycA=0.110 cycB=0.127 idtA=0.107 idtB=0.113 D_A=0.041 D_B=0.104 D_A(real)=0.93 D_A(fake)=0.07 gnG=27.11 gnD=8.22 it_per_s=10.70
2026-10-02 04:37:23,263 INFO iter=125900 epoch=18 lr=2.00e-04 G=4.918 advA2B=0.628 advB2A=0.822 cycA=0.110 cycB=0.127 idtA=0.107 idtB=0.113 D_A=0.041 D_B=0.104 D_A(real)=0.93 D_A(fake)=0.07 gnG=27.07 gnD=8.21 it_per_s=10.70
2026-10-02 04:37:32,645 INFO iter=126000 epoch=18 lr=2.00e-04 G=4.916 advA2B=0.628 advB2A=0.823 cycA=0.110 cycB=0.127 idtA=0.107 idtB=0.113 D_A=0.041 D_B=0.104 D_A(real)=0.93 D_A(fake)=0.07 gnG=27.04 gnD=8.21 it_per_s=10.70
2026-10-02 04:37:42,066 INFO iter=126100 epoch=18 lr=2.00e-04 G=4.919 advA2B=0.628 advB2A=0.823 cycA=0.110 cycB=0.127 idtA=0.107 idtB=0.113 D_A=0.041 D_B=0.103 D_A(real)=0.93 D_A(fake)=0.07 gnG=27.05 gnD=8.20 it_per_s=10.70
2026-10-02 04:37:51,511 INFO iter=126200 epoch=18 lr=2.00e-04 G=4.918 advA2B=0.628 advB2A=0.823 cycA=0.110 cycB=0.127 idtA=0.107 idtB=0.113 D_A=0.041 D_B=0.103 D_A(real)=0.93 D_A(fake)=0.07 gnG=27.03 gnD=8.19 it_per_s=10.69
2026-10-02 04:38:01,016 INFO iter=126300 epoch=18 lr=2.00e-04 G=4.918 advA2B=0.629 advB2A=0.823 cycA=0.110 cycB=0.127 idtA=0.107 idtB=0.113 D_A=0.041 D_B=0.103 D_A(real)=0.93 D_A(fake)=0.07 gnG=27.01 gnD=8.19 it_per_s=10.69
2026-10-02 04:38:10,447 INFO iter=126400 epoch=18 lr=2.00e-04 G=4.920 advA2B=0.629 advB2A=0.823 cycA=0.110 cycB=0.127 idtA=0.107 idtB=0.113 D_A=0.041 D_B=0.103 D_A(real)=0.93 D_A(fake)=0.07 gnG=27.03 gnD=8.19 it_per_s=10.69
2026-10-02 04:38:19,868 INFO iter=126500 epoch=18 lr=2.00e-04 G=4.922 advA2B=0.629 advB2A=0.824 cycA=0.110 cycB=0.127 idtA=0.107 idtB=0.113 D_A=0.041 D_B=0.103 D_A(real)=0.93 D_A(fake)=0.07 gnG=27.04 gnD=8.18 it_per_s=10.69
2026-10-02 04:38:29,262 INFO iter=126600 epoch=18 lr=2.00e-04 G=4.923 advA2B=0.630 advB2A=0.824 cycA=0.110 cycB=0.127 idtA=0.107 idtB=0.113 D_A=0.041 D_B=0.103 D_A(real)=0.93 D_A(fake)=0.07 gnG=27.04 gnD=8.18 it_per_s=10.69
2026-10-02 04:38:37,176 INFO epoch=18 done time_s=659 it_per_s=10.69 G=4.921 cycA=0.110 cycB=0.127 idtA=0.107 idtB=0.113 D_A=0.041 D_B=0.103 D_A(real)=0.93 D_A(fake)=0.07 nan_count=0
2026-10-02 04:38:37,178 WARNING epoch=18 D_A (Monet) loss 0.0408 is near 0: possible discriminator overfitting
2026-10-02 04:38:39,225 INFO iter=126700 epoch=19 lr=2.00e-04 G=4.750 advA2B=0.684 advB2A=0.876 cycA=0.100 cycB=0.118 idtA=0.093 idtB=0.110 D_A=0.033 D_B=0.105 D_A(real)=0.95 D_A(fake)=0.07 gnG=23.21 gnD=8.48 it_per_s=10.53
2026-10-02 04:38:48,682 INFO iter=126800 epoch=19 lr=2.00e-04 G=4.860 advA2B=0.652 advB2A=0.845 cycA=0.107 cycB=0.120 idtA=0.106 idtB=0.111 D_A=0.035 D_B=0.103 D_A(real)=0.95 D_A(fake)=0.06 gnG=26.55 gnD=8.22 it_per_s=10.57
2026-10-02 04:38:58,104 INFO iter=126900 epoch=19 lr=2.00e-04 G=4.813 advA2B=0.638 advB2A=0.831 cycA=0.107 cycB=0.120 idtA=0.105 idtB=0.110 D_A=0.039 D_B=0.103 D_A(real)=0.94 D_A(fake)=0.06 gnG=26.51 gnD=8.31 it_per_s=10.59
2026-10-02 04:39:07,583 INFO iter=127000 epoch=19 lr=2.00e-04 G=4.836 advA2B=0.636 advB2A=0.816 cycA=0.107 cycB=0.122 idtA=0.105 idtB=0.112 D_A=0.039 D_B=0.100 D_A(real)=0.94 D_A(fake)=0.06 gnG=26.59 gnD=8.11 it_per_s=10.58
2026-10-02 04:39:17,039 INFO iter=127100 epoch=19 lr=2.00e-04 G=4.819 advA2B=0.642 advB2A=0.808 cycA=0.108 cycB=0.121 idtA=0.106 idtB=0.111 D_A=0.038 D_B=0.098 D_A(real)=0.93 D_A(fake)=0.06 gnG=26.66 gnD=7.98 it_per_s=10.58
2026-10-02 04:39:26,450 INFO iter=127200 epoch=19 lr=2.00e-04 G=4.827 advA2B=0.645 advB2A=0.810 cycA=0.107 cycB=0.122 idtA=0.104 idtB=0.111 D_A=0.039 D_B=0.099 D_A(real)=0.93 D_A(fake)=0.07 gnG=26.61 gnD=8.01 it_per_s=10.59
2026-10-02 04:39:35,965 INFO iter=127300 epoch=19 lr=2.00e-04 G=4.852 advA2B=0.641 advB2A=0.812 cycA=0.108 cycB=0.124 idtA=0.105 idtB=0.112 D_A=0.040 D_B=0.101 D_A(real)=0.93 D_A(fake)=0.07 gnG=26.93 gnD=8.10 it_per_s=10.57
2026-10-02 04:39:45,381 INFO iter=127400 epoch=19 lr=2.00e-04 G=4.854 advA2B=0.648 advB2A=0.812 cycA=0.108 cycB=0.123 idtA=0.105 idtB=0.111 D_A=0.040 D_B=0.100 D_A(real)=0.93 D_A(fake)=0.07 gnG=27.06 gnD=8.08 it_per_s=10.58
2026-10-02 04:39:54,835 INFO iter=127500 epoch=19 lr=2.00e-04 G=4.858 advA2B=0.648 advB2A=0.814 cycA=0.108 cycB=0.124 idtA=0.105 idtB=0.111 D_A=0.040 D_B=0.101 D_A(real)=0.93 D_A(fake)=0.07 gnG=26.93 gnD=8.10 it_per_s=10.58
2026-10-02 04:40:04,275 INFO iter=127600 epoch=19 lr=2.00e-04 G=4.866 advA2B=0.647 advB2A=0.816 cycA=0.108 cycB=0.124 idtA=0.105 idtB=0.111 D_A=0.041 D_B=0.103 D_A(real)=0.93 D_A(fake)=0.07 gnG=27.14 gnD=8.19 it_per_s=10.58
2026-10-02 04:40:13,757 INFO iter=127700 epoch=19 lr=2.00e-04 G=4.867 advA2B=0.645 advB2A=0.820 cycA=0.108 cycB=0.124 idtA=0.105 idtB=0.112 D_A=0.040 D_B=0.103 D_A(real)=0.93 D_A(fake)=0.07 gnG=26.88 gnD=8.14 it_per_s=10.58
2026-10-02 04:40:23,236 INFO iter=127800 epoch=19 lr=2.00e-04 G=4.854 advA2B=0.644 advB2A=0.820 cycA=0.108 cycB=0.123 idtA=0.105 idtB=0.111 D_A=0.040 D_B=0.102 D_A(real)=0.93 D_A(fake)=0.07 gnG=26.67 gnD=8.10 it_per_s=10.58
2026-10-02 04:40:32,635 INFO iter=127900 epoch=19 lr=2.00e-04 G=4.844 advA2B=0.644 advB2A=0.819 cycA=0.107 cycB=0.123 idtA=0.105 idtB=0.111 D_A=0.041 D_B=0.102 D_A(real)=0.93 D_A(fake)=0.07 gnG=26.59 gnD=8.11 it_per_s=10.58
2026-10-02 04:40:42,084 INFO iter=128000 epoch=19 lr=2.00e-04 G=4.846 advA2B=0.645 advB2A=0.819 cycA=0.107 cycB=0.123 idtA=0.105 idtB=0.111 D_A=0.041 D_B=0.101 D_A(real)=0.93 D_A(fake)=0.07 gnG=26.53 gnD=8.06 it_per_s=10.58
2026-10-02 04:40:51,506 INFO iter=128100 epoch=19 lr=2.00e-04 G=4.847 advA2B=0.643 advB2A=0.818 cycA=0.107 cycB=0.123 idtA=0.105 idtB=0.112 D_A=0.041 D_B=0.101 D_A(real)=0.93 D_A(fake)=0.07 gnG=26.49 gnD=8.10 it_per_s=10.58
2026-10-02 04:41:00,943 INFO iter=128200 epoch=19 lr=2.00e-04 G=4.842 advA2B=0.641 advB2A=0.820 cycA=0.107 cycB=0.123 idtA=0.105 idtB=0.111 D_A=0.041 D_B=0.101 D_A(real)=0.93 D_A(fake)=0.07 gnG=26.64 gnD=8.10 it_per_s=10.58
2026-10-02 04:41:10,397 INFO iter=128300 epoch=19 lr=2.00e-04 G=4.841 advA2B=0.638 advB2A=0.820 cycA=0.107 cycB=0.123 idtA=0.105 idtB=0.111 D_A=0.041 D_B=0.103 D_A(real)=0.93 D_A(fake)=0.07 gnG=26.60 gnD=8.15 it_per_s=10.58
2026-10-02 04:41:19,860 INFO iter=128400 epoch=19 lr=2.00e-04 G=4.838 advA2B=0.637 advB2A=0.820 cycA=0.107 cycB=0.123 idtA=0.105 idtB=0.111 D_A=0.041 D_B=0.103 D_A(real)=0.93 D_A(fake)=0.07 gnG=26.53 gnD=8.15 it_per_s=10.58
2026-10-02 04:41:29,310 INFO iter=128500 epoch=19 lr=2.00e-04 G=4.844 advA2B=0.639 advB2A=0.822 cycA=0.108 cycB=0.123 idtA=0.105 idtB=0.111 D_A=0.041 D_B=0.102 D_A(real)=0.93 D_A(fake)=0.07 gnG=26.69 gnD=8.14 it_per_s=10.58
2026-10-02 04:41:38,737 INFO iter=128600 epoch=19 lr=2.00e-04 G=4.840 advA2B=0.640 advB2A=0.823 cycA=0.108 cycB=0.122 idtA=0.105 idtB=0.110 D_A=0.041 D_B=0.102 D_A(real)=0.93 D_A(fake)=0.07 gnG=26.71 gnD=8.12 it_per_s=10.58
2026-10-02 04:41:48,191 INFO iter=128700 epoch=19 lr=2.00e-04 G=4.858 advA2B=0.640 advB2A=0.824 cycA=0.108 cycB=0.124 idtA=0.105 idtB=0.111 D_A=0.041 D_B=0.102 D_A(real)=0.93 D_A(fake)=0.07 gnG=26.85 gnD=8.12 it_per_s=10.58
2026-10-02 04:41:57,611 INFO iter=128800 epoch=19 lr=2.00e-04 G=4.859 advA2B=0.641 advB2A=0.823 cycA=0.108 cycB=0.124 idtA=0.105 idtB=0.111 D_A=0.041 D_B=0.102 D_A(real)=0.93 D_A(fake)=0.07 gnG=26.83 gnD=8.11 it_per_s=10.58
2026-10-02 04:42:06,874 INFO iter=128900 epoch=19 lr=2.00e-04 G=4.859 advA2B=0.641 advB2A=0.822 cycA=0.108 cycB=0.124 idtA=0.105 idtB=0.111 D_A=0.042 D_B=0.102 D_A(real)=0.93 D_A(fake)=0.07 gnG=26.87 gnD=8.13 it_per_s=10.59
2026-10-02 04:42:16,258 INFO iter=129000 epoch=19 lr=2.00e-04 G=4.854 advA2B=0.640 advB2A=0.822 cycA=0.108 cycB=0.124 idtA=0.105 idtB=0.111 D_A=0.042 D_B=0.102 D_A(real)=0.93 D_A(fake)=0.07 gnG=26.91 gnD=8.16 it_per_s=10.60
2026-10-02 04:42:25,630 INFO iter=129100 epoch=19 lr=2.00e-04 G=4.863 advA2B=0.641 advB2A=0.822 cycA=0.108 cycB=0.124 idtA=0.105 idtB=0.111 D_A=0.042 D_B=0.102 D_A(real)=0.93 D_A(fake)=0.07 gnG=26.93 gnD=8.17 it_per_s=10.60
2026-10-02 04:42:34,785 INFO iter=129200 epoch=19 lr=2.00e-04 G=4.860 advA2B=0.640 advB2A=0.821 cycA=0.108 cycB=0.124 idtA=0.105 idtB=0.111 D_A=0.042 D_B=0.102 D_A(real)=0.93 D_A(fake)=0.07 gnG=26.95 gnD=8.15 it_per_s=10.61
2026-10-02 04:42:44,234 INFO iter=129300 epoch=19 lr=2.00e-04 G=4.872 advA2B=0.641 advB2A=0.822 cycA=0.108 cycB=0.124 idtA=0.105 idtB=0.112 D_A=0.042 D_B=0.102 D_A(real)=0.93 D_A(fake)=0.07 gnG=27.12 gnD=8.13 it_per_s=10.61
2026-10-02 04:42:53,568 INFO iter=129400 epoch=19 lr=2.00e-04 G=4.870 advA2B=0.641 advB2A=0.823 cycA=0.108 cycB=0.124 idtA=0.105 idtB=0.111 D_A=0.041 D_B=0.102 D_A(real)=0.93 D_A(fake)=0.07 gnG=27.07 gnD=8.10 it_per_s=10.61
2026-10-02 04:43:02,614 INFO iter=129500 epoch=19 lr=2.00e-04 G=4.866 advA2B=0.640 advB2A=0.824 cycA=0.108 cycB=0.124 idtA=0.105 idtB=0.111 D_A=0.041 D_B=0.102 D_A(real)=0.93 D_A(fake)=0.07 gnG=27.06 gnD=8.10 it_per_s=10.63
2026-10-02 04:43:12,072 INFO iter=129600 epoch=19 lr=2.00e-04 G=4.867 advA2B=0.639 advB2A=0.826 cycA=0.108 cycB=0.124 idtA=0.105 idtB=0.111 D_A=0.041 D_B=0.102 D_A(real)=0.93 D_A(fake)=0.07 gnG=27.08 gnD=8.09 it_per_s=10.63
2026-10-02 04:43:21,529 INFO iter=129700 epoch=19 lr=2.00e-04 G=4.873 advA2B=0.639 advB2A=0.827 cycA=0.108 cycB=0.124 idtA=0.105 idtB=0.111 D_A=0.041 D_B=0.102 D_A(real)=0.93 D_A(fake)=0.07 gnG=27.13 gnD=8.10 it_per_s=10.63
2026-10-02 04:43:30,704 INFO iter=129800 epoch=19 lr=2.00e-04 G=4.884 advA2B=0.641 advB2A=0.829 cycA=0.108 cycB=0.125 idtA=0.105 idtB=0.112 D_A=0.041 D_B=0.102 D_A(real)=0.93 D_A(fake)=0.07 gnG=27.27 gnD=8.08 it_per_s=10.63
2026-10-02 04:43:40,050 INFO iter=129900 epoch=19 lr=2.00e-04 G=4.889 advA2B=0.642 advB2A=0.827 cycA=0.109 cycB=0.125 idtA=0.105 idtB=0.112 D_A=0.041 D_B=0.101 D_A(real)=0.93 D_A(fake)=0.07 gnG=27.30 gnD=8.06 it_per_s=10.64
2026-10-02 04:43:49,491 INFO iter=130000 epoch=19 lr=2.00e-04 G=4.890 advA2B=0.642 advB2A=0.827 cycA=0.109 cycB=0.125 idtA=0.105 idtB=0.112 D_A=0.041 D_B=0.101 D_A(real)=0.93 D_A(fake)=0.07 gnG=27.29 gnD=8.05 it_per_s=10.64
2026-10-02 04:43:58,611 INFO iter=130100 epoch=19 lr=2.00e-04 G=4.888 advA2B=0.643 advB2A=0.827 cycA=0.109 cycB=0.125 idtA=0.105 idtB=0.112 D_A=0.041 D_B=0.101 D_A(real)=0.93 D_A(fake)=0.07 gnG=27.29 gnD=8.06 it_per_s=10.64
2026-10-02 04:44:07,925 INFO iter=130200 epoch=19 lr=2.00e-04 G=4.889 advA2B=0.642 advB2A=0.826 cycA=0.109 cycB=0.125 idtA=0.105 idtB=0.112 D_A=0.041 D_B=0.101 D_A(real)=0.93 D_A(fake)=0.07 gnG=27.34 gnD=8.04 it_per_s=10.65
2026-10-02 04:44:17,348 INFO iter=130300 epoch=19 lr=2.00e-04 G=4.891 advA2B=0.643 advB2A=0.826 cycA=0.109 cycB=0.125 idtA=0.105 idtB=0.112 D_A=0.041 D_B=0.100 D_A(real)=0.93 D_A(fake)=0.07 gnG=27.33 gnD=8.04 it_per_s=10.65
2026-10-02 04:44:26,642 INFO iter=130400 epoch=19 lr=2.00e-04 G=4.893 advA2B=0.644 advB2A=0.826 cycA=0.109 cycB=0.125 idtA=0.105 idtB=0.112 D_A=0.041 D_B=0.100 D_A(real)=0.93 D_A(fake)=0.07 gnG=27.32 gnD=8.04 it_per_s=10.65
2026-10-02 04:44:35,788 INFO iter=130500 epoch=19 lr=2.00e-04 G=4.891 advA2B=0.643 advB2A=0.825 cycA=0.109 cycB=0.125 idtA=0.105 idtB=0.112 D_A=0.041 D_B=0.101 D_A(real)=0.93 D_A(fake)=0.07 gnG=27.31 gnD=8.05 it_per_s=10.66
2026-10-02 04:44:45,221 INFO iter=130600 epoch=19 lr=2.00e-04 G=4.893 advA2B=0.643 advB2A=0.826 cycA=0.109 cycB=0.125 idtA=0.105 idtB=0.112 D_A=0.041 D_B=0.100 D_A(real)=0.93 D_A(fake)=0.07 gnG=27.31 gnD=8.04 it_per_s=10.66
2026-10-02 04:44:54,522 INFO iter=130700 epoch=19 lr=2.00e-04 G=4.904 advA2B=0.645 advB2A=0.828 cycA=0.109 cycB=0.125 idtA=0.106 idtB=0.112 D_A=0.041 D_B=0.100 D_A(real)=0.93 D_A(fake)=0.07 gnG=27.40 gnD=8.04 it_per_s=10.66
2026-10-02 04:45:03,548 INFO iter=130800 epoch=19 lr=2.00e-04 G=4.905 advA2B=0.645 advB2A=0.829 cycA=0.109 cycB=0.125 idtA=0.106 idtB=0.112 D_A=0.041 D_B=0.100 D_A(real)=0.93 D_A(fake)=0.07 gnG=27.41 gnD=8.04 it_per_s=10.67
2026-10-02 04:45:12,999 INFO iter=130900 epoch=19 lr=2.00e-04 G=4.901 advA2B=0.644 advB2A=0.830 cycA=0.109 cycB=0.125 idtA=0.106 idtB=0.112 D_A=0.040 D_B=0.100 D_A(real)=0.93 D_A(fake)=0.07 gnG=27.38 gnD=8.03 it_per_s=10.67
2026-10-02 04:45:22,412 INFO iter=131000 epoch=19 lr=2.00e-04 G=4.900 advA2B=0.644 advB2A=0.829 cycA=0.109 cycB=0.125 idtA=0.106 idtB=0.112 D_A=0.040 D_B=0.100 D_A(real)=0.93 D_A(fake)=0.07 gnG=27.40 gnD=8.03 it_per_s=10.66
2026-10-02 04:45:31,435 INFO iter=131100 epoch=19 lr=2.00e-04 G=4.898 advA2B=0.645 advB2A=0.830 cycA=0.109 cycB=0.125 idtA=0.105 idtB=0.112 D_A=0.040 D_B=0.100 D_A(real)=0.93 D_A(fake)=0.07 gnG=27.39 gnD=8.03 it_per_s=10.67
2026-10-02 04:45:40,742 INFO iter=131200 epoch=19 lr=2.00e-04 G=4.899 advA2B=0.645 advB2A=0.831 cycA=0.109 cycB=0.125 idtA=0.105 idtB=0.112 D_A=0.040 D_B=0.100 D_A(real)=0.93 D_A(fake)=0.07 gnG=27.37 gnD=8.03 it_per_s=10.68
2026-10-02 04:45:50,161 INFO iter=131300 epoch=19 lr=2.00e-04 G=4.899 advA2B=0.645 advB2A=0.832 cycA=0.109 cycB=0.125 idtA=0.105 idtB=0.112 D_A=0.040 D_B=0.100 D_A(real)=0.94 D_A(fake)=0.06 gnG=27.31 gnD=8.02 it_per_s=10.67
2026-10-02 04:45:59,300 INFO iter=131400 epoch=19 lr=2.00e-04 G=4.898 advA2B=0.644 advB2A=0.832 cycA=0.109 cycB=0.125 idtA=0.105 idtB=0.112 D_A=0.040 D_B=0.100 D_A(real)=0.94 D_A(fake)=0.06 gnG=27.29 gnD=8.03 it_per_s=10.68
2026-10-02 04:46:08,563 INFO iter=131500 epoch=19 lr=2.00e-04 G=4.897 advA2B=0.644 advB2A=0.833 cycA=0.108 cycB=0.125 idtA=0.105 idtB=0.112 D_A=0.040 D_B=0.100 D_A(real)=0.94 D_A(fake)=0.06 gnG=27.26 gnD=8.01 it_per_s=10.68
2026-10-02 04:46:18,006 INFO iter=131600 epoch=19 lr=2.00e-04 G=4.902 advA2B=0.644 advB2A=0.833 cycA=0.109 cycB=0.126 idtA=0.105 idtB=0.112 D_A=0.040 D_B=0.100 D_A(real)=0.94 D_A(fake)=0.06 gnG=27.29 gnD=8.02 it_per_s=10.68
2026-10-02 04:46:27,308 INFO iter=131700 epoch=19 lr=2.00e-04 G=4.905 advA2B=0.645 advB2A=0.833 cycA=0.109 cycB=0.126 idtA=0.105 idtB=0.112 D_A=0.040 D_B=0.100 D_A(real)=0.94 D_A(fake)=0.06 gnG=27.32 gnD=8.01 it_per_s=10.68
2026-10-02 04:46:36,454 INFO iter=131800 epoch=19 lr=2.00e-04 G=4.903 advA2B=0.645 advB2A=0.832 cycA=0.109 cycB=0.125 idtA=0.105 idtB=0.112 D_A=0.040 D_B=0.100 D_A(real)=0.94 D_A(fake)=0.06 gnG=27.29 gnD=8.01 it_per_s=10.69
2026-10-02 04:46:45,923 INFO iter=131900 epoch=19 lr=2.00e-04 G=4.904 advA2B=0.644 advB2A=0.832 cycA=0.109 cycB=0.126 idtA=0.105 idtB=0.112 D_A=0.040 D_B=0.100 D_A(real)=0.94 D_A(fake)=0.06 gnG=27.33 gnD=8.01 it_per_s=10.68
2026-10-02 04:46:55,289 INFO iter=132000 epoch=19 lr=2.00e-04 G=4.905 advA2B=0.644 advB2A=0.833 cycA=0.109 cycB=0.126 idtA=0.105 idtB=0.112 D_A=0.040 D_B=0.100 D_A(real)=0.94 D_A(fake)=0.06 gnG=27.32 gnD=8.01 it_per_s=10.68
2026-10-02 04:47:04,673 INFO iter=132100 epoch=19 lr=2.00e-04 G=4.904 advA2B=0.644 advB2A=0.833 cycA=0.109 cycB=0.126 idtA=0.105 idtB=0.112 D_A=0.040 D_B=0.100 D_A(real)=0.94 D_A(fake)=0.06 gnG=27.32 gnD=7.99 it_per_s=10.68
2026-10-02 04:47:14,108 INFO iter=132200 epoch=19 lr=2.00e-04 G=4.906 advA2B=0.644 advB2A=0.833 cycA=0.109 cycB=0.126 idtA=0.106 idtB=0.112 D_A=0.040 D_B=0.100 D_A(real)=0.94 D_A(fake)=0.06 gnG=27.34 gnD=7.99 it_per_s=10.68
2026-10-02 04:47:23,563 INFO iter=132300 epoch=19 lr=2.00e-04 G=4.906 advA2B=0.644 advB2A=0.834 cycA=0.109 cycB=0.126 idtA=0.105 idtB=0.112 D_A=0.040 D_B=0.100 D_A(real)=0.94 D_A(fake)=0.06 gnG=27.31 gnD=8.00 it_per_s=10.68
2026-10-02 04:47:32,850 INFO iter=132400 epoch=19 lr=2.00e-04 G=4.901 advA2B=0.644 advB2A=0.833 cycA=0.109 cycB=0.125 idtA=0.105 idtB=0.112 D_A=0.040 D_B=0.100 D_A(real)=0.94 D_A(fake)=0.06 gnG=27.26 gnD=8.00 it_per_s=10.68
2026-10-02 04:47:42,223 INFO iter=132500 epoch=19 lr=2.00e-04 G=4.902 advA2B=0.644 advB2A=0.834 cycA=0.109 cycB=0.125 idtA=0.105 idtB=0.111 D_A=0.040 D_B=0.100 D_A(real)=0.94 D_A(fake)=0.06 gnG=27.30 gnD=7.99 it_per_s=10.68
2026-10-02 04:47:51,678 INFO iter=132600 epoch=19 lr=2.00e-04 G=4.904 advA2B=0.644 advB2A=0.834 cycA=0.109 cycB=0.125 idtA=0.105 idtB=0.112 D_A=0.040 D_B=0.100 D_A(real)=0.94 D_A(fake)=0.06 gnG=27.28 gnD=8.00 it_per_s=10.68
2026-10-02 04:48:00,804 INFO iter=132700 epoch=19 lr=2.00e-04 G=4.903 advA2B=0.645 advB2A=0.835 cycA=0.109 cycB=0.125 idtA=0.105 idtB=0.111 D_A=0.040 D_B=0.100 D_A(real)=0.94 D_A(fake)=0.06 gnG=27.28 gnD=7.99 it_per_s=10.68
2026-10-02 04:48:10,077 INFO iter=132800 epoch=19 lr=2.00e-04 G=4.902 advA2B=0.645 advB2A=0.835 cycA=0.109 cycB=0.125 idtA=0.105 idtB=0.111 D_A=0.040 D_B=0.100 D_A(real)=0.94 D_A(fake)=0.06 gnG=27.26 gnD=8.00 it_per_s=10.69
2026-10-02 04:48:19,538 INFO iter=132900 epoch=19 lr=2.00e-04 G=4.903 advA2B=0.645 advB2A=0.834 cycA=0.108 cycB=0.125 idtA=0.105 idtB=0.112 D_A=0.040 D_B=0.100 D_A(real)=0.94 D_A(fake)=0.06 gnG=27.29 gnD=8.00 it_per_s=10.68
2026-10-02 04:48:28,970 INFO iter=133000 epoch=19 lr=2.00e-04 G=4.902 advA2B=0.645 advB2A=0.834 cycA=0.108 cycB=0.125 idtA=0.105 idtB=0.111 D_A=0.040 D_B=0.100 D_A(real)=0.94 D_A(fake)=0.06 gnG=27.28 gnD=8.00 it_per_s=10.68
2026-10-02 04:48:38,329 INFO iter=133100 epoch=19 lr=2.00e-04 G=4.903 advA2B=0.646 advB2A=0.836 cycA=0.108 cycB=0.125 idtA=0.105 idtB=0.111 D_A=0.039 D_B=0.100 D_A(real)=0.94 D_A(fake)=0.06 gnG=27.32 gnD=8.00 it_per_s=10.68
2026-10-02 04:48:47,781 INFO iter=133200 epoch=19 lr=2.00e-04 G=4.907 advA2B=0.646 advB2A=0.836 cycA=0.109 cycB=0.126 idtA=0.105 idtB=0.111 D_A=0.039 D_B=0.100 D_A(real)=0.94 D_A(fake)=0.06 gnG=27.34 gnD=8.00 it_per_s=10.68
2026-10-02 04:48:57,211 INFO iter=133300 epoch=19 lr=2.00e-04 G=4.908 advA2B=0.646 advB2A=0.837 cycA=0.108 cycB=0.126 idtA=0.105 idtB=0.112 D_A=0.039 D_B=0.100 D_A(real)=0.94 D_A(fake)=0.06 gnG=27.32 gnD=7.99 it_per_s=10.68
2026-10-02 04:49:06,343 INFO iter=133400 epoch=19 lr=2.00e-04 G=4.908 advA2B=0.646 advB2A=0.837 cycA=0.109 cycB=0.126 idtA=0.105 idtB=0.111 D_A=0.039 D_B=0.100 D_A(real)=0.94 D_A(fake)=0.06 gnG=27.32 gnD=7.99 it_per_s=10.68
2026-10-02 04:49:15,798 INFO iter=133500 epoch=19 lr=2.00e-04 G=4.908 advA2B=0.646 advB2A=0.837 cycA=0.108 cycB=0.126 idtA=0.105 idtB=0.112 D_A=0.039 D_B=0.100 D_A(real)=0.94 D_A(fake)=0.06 gnG=27.33 gnD=7.99 it_per_s=10.68
2026-10-02 04:49:25,241 INFO iter=133600 epoch=19 lr=2.00e-04 G=4.907 advA2B=0.646 advB2A=0.836 cycA=0.108 cycB=0.126 idtA=0.105 idtB=0.112 D_A=0.039 D_B=0.100 D_A(real)=0.94 D_A(fake)=0.06 gnG=27.35 gnD=7.98 it_per_s=10.68
2026-10-02 04:49:34,344 INFO iter=133700 epoch=19 lr=2.00e-04 G=4.911 advA2B=0.646 advB2A=0.837 cycA=0.109 cycB=0.126 idtA=0.105 idtB=0.112 D_A=0.039 D_B=0.100 D_A(real)=0.94 D_A(fake)=0.06 gnG=27.46 gnD=7.99 it_per_s=10.68
2026-10-02 04:49:36,399 INFO epoch=19 done time_s=659 it_per_s=10.68 G=4.913 cycA=0.109 cycB=0.126 idtA=0.105 idtB=0.112 D_A=0.039 D_B=0.100 D_A(real)=0.94 D_A(fake)=0.06 nan_count=0
2026-10-02 04:49:36,400 WARNING epoch=19 D_A (Monet) loss 0.0391 is near 0: possible discriminator overfitting
2026-10-02 04:49:44,323 INFO iter=133800 epoch=20 lr=2.00e-04 G=5.247 advA2B=0.665 advB2A=0.859 cycA=0.116 cycB=0.141 idtA=0.111 idtB=0.119 D_A=0.043 D_B=0.088 D_A(real)=0.95 D_A(fake)=0.05 gnG=27.85 gnD=7.85 it_per_s=10.57
2026-10-02 04:49:53,765 INFO iter=133900 epoch=20 lr=2.00e-04 G=5.070 advA2B=0.650 advB2A=0.846 cycA=0.115 cycB=0.130 idtA=0.115 idtB=0.110 D_A=0.039 D_B=0.087 D_A(real)=0.95 D_A(fake)=0.05 gnG=27.45 gnD=7.56 it_per_s=10.58
2026-10-02 04:50:03,157 INFO iter=134000 epoch=20 lr=2.00e-04 G=5.006 advA2B=0.650 advB2A=0.846 cycA=0.112 cycB=0.127 idtA=0.112 idtB=0.111 D_A=0.038 D_B=0.089 D_A(real)=0.95 D_A(fake)=0.05 gnG=27.87 gnD=7.51 it_per_s=10.60
2026-10-02 04:50:12,603 INFO iter=134100 epoch=20 lr=2.00e-04 G=5.000 advA2B=0.653 advB2A=0.830 cycA=0.111 cycB=0.129 idtA=0.112 idtB=0.111 D_A=0.040 D_B=0.089 D_A(real)=0.94 D_A(fake)=0.06 gnG=28.44 gnD=7.73 it_per_s=10.60
2026-10-02 04:50:22,082 INFO iter=134200 epoch=20 lr=2.00e-04 G=4.990 advA2B=0.656 advB2A=0.834 cycA=0.111 cycB=0.128 idtA=0.111 idtB=0.111 D_A=0.039 D_B=0.089 D_A(real)=0.94 D_A(fake)=0.06 gnG=28.23 gnD=7.59 it_per_s=10.59
2026-10-02 04:50:31,579 INFO iter=134300 epoch=20 lr=2.00e-04 G=4.969 advA2B=0.656 advB2A=0.841 cycA=0.110 cycB=0.127 idtA=0.109 idtB=0.111 D_A=0.038 D_B=0.088 D_A(real)=0.94 D_A(fake)=0.06 gnG=28.03 gnD=7.47 it_per_s=10.58
2026-10-02 04:50:41,068 INFO iter=134400 epoch=20 lr=2.00e-04 G=4.966 advA2B=0.657 advB2A=0.845 cycA=0.110 cycB=0.127 idtA=0.109 idtB=0.111 D_A=0.037 D_B=0.091 D_A(real)=0.94 D_A(fake)=0.06 gnG=27.85 gnD=7.55 it_per_s=10.57
2026-10-02 04:50:50,523 INFO iter=134500 epoch=20 lr=2.00e-04 G=4.941 advA2B=0.653 advB2A=0.845 cycA=0.110 cycB=0.125 idtA=0.109 idtB=0.110 D_A=0.036 D_B=0.094 D_A(real)=0.94 D_A(fake)=0.06 gnG=27.55 gnD=7.71 it_per_s=10.57
2026-10-02 04:50:59,929 INFO iter=134600 epoch=20 lr=2.00e-04 G=4.952 advA2B=0.655 advB2A=0.850 cycA=0.110 cycB=0.125 idtA=0.109 idtB=0.109 D_A=0.036 D_B=0.093 D_A(real)=0.94 D_A(fake)=0.06 gnG=27.87 gnD=7.65 it_per_s=10.58
2026-10-02 04:51:09,339 INFO iter=134700 epoch=20 lr=2.00e-04 G=4.936 advA2B=0.654 advB2A=0.845 cycA=0.110 cycB=0.125 idtA=0.108 idtB=0.109 D_A=0.037 D_B=0.094 D_A(real)=0.94 D_A(fake)=0.06 gnG=27.85 gnD=7.77 it_per_s=10.58
2026-10-02 04:51:18,782 INFO iter=134800 epoch=20 lr=2.00e-04 G=4.934 advA2B=0.653 advB2A=0.841 cycA=0.110 cycB=0.125 idtA=0.108 idtB=0.109 D_A=0.038 D_B=0.094 D_A(real)=0.94 D_A(fake)=0.06 gnG=27.82 gnD=7.77 it_per_s=10.59
2026-10-02 04:51:28,210 INFO iter=134900 epoch=20 lr=2.00e-04 G=4.924 advA2B=0.653 advB2A=0.841 cycA=0.110 cycB=0.125 idtA=0.108 idtB=0.109 D_A=0.037 D_B=0.094 D_A(real)=0.94 D_A(fake)=0.06 gnG=27.69 gnD=7.75 it_per_s=10.59
2026-10-02 04:51:37,583 INFO iter=135000 epoch=20 lr=2.00e-04 G=4.924 advA2B=0.654 advB2A=0.841 cycA=0.110 cycB=0.125 idtA=0.108 idtB=0.109 D_A=0.038 D_B=0.095 D_A(real)=0.94 D_A(fake)=0.06 gnG=27.70 gnD=7.85 it_per_s=10.59
2026-10-02 04:51:46,992 INFO iter=135100 epoch=20 lr=2.00e-04 G=4.930 advA2B=0.653 advB2A=0.841 cycA=0.110 cycB=0.125 idtA=0.108 idtB=0.110 D_A=0.037 D_B=0.094 D_A(real)=0.94 D_A(fake)=0.06 gnG=27.74 gnD=7.78 it_per_s=10.60
2026-10-02 04:51:56,415 INFO iter=135200 epoch=20 lr=2.00e-04 G=4.934 advA2B=0.653 advB2A=0.842 cycA=0.109 cycB=0.125 idtA=0.108 idtB=0.110 D_A=0.038 D_B=0.093 D_A(real)=0.94 D_A(fake)=0.06 gnG=27.88 gnD=7.77 it_per_s=10.60
2026-10-02 04:52:05,839 INFO iter=135300 epoch=20 lr=2.00e-04 G=4.936 advA2B=0.656 advB2A=0.841 cycA=0.109 cycB=0.126 idtA=0.107 idtB=0.111 D_A=0.038 D_B=0.093 D_A(real)=0.94 D_A(fake)=0.06 gnG=28.01 gnD=7.78 it_per_s=10.60
2026-10-02 04:52:15,251 INFO iter=135400 epoch=20 lr=2.00e-04 G=4.938 advA2B=0.655 advB2A=0.842 cycA=0.109 cycB=0.126 idtA=0.107 idtB=0.111 D_A=0.038 D_B=0.093 D_A(real)=0.94 D_A(fake)=0.06 gnG=27.92 gnD=7.77 it_per_s=10.60
2026-10-02 04:52:24,761 INFO iter=135500 epoch=20 lr=2.00e-04 G=4.932 advA2B=0.654 advB2A=0.842 cycA=0.109 cycB=0.125 idtA=0.107 idtB=0.111 D_A=0.037 D_B=0.093 D_A(real)=0.94 D_A(fake)=0.06 gnG=27.83 gnD=7.73 it_per_s=10.59
2026-10-02 04:52:34,176 INFO iter=135600 epoch=20 lr=2.00e-04 G=4.934 advA2B=0.651 advB2A=0.842 cycA=0.109 cycB=0.126 idtA=0.107 idtB=0.111 D_A=0.037 D_B=0.094 D_A(real)=0.94 D_A(fake)=0.06 gnG=27.75 gnD=7.77 it_per_s=10.60
2026-10-02 04:52:43,607 INFO iter=135700 epoch=20 lr=2.00e-04 G=4.923 advA2B=0.652 advB2A=0.841 cycA=0.109 cycB=0.125 idtA=0.107 idtB=0.111 D_A=0.037 D_B=0.094 D_A(real)=0.94 D_A(fake)=0.06 gnG=27.74 gnD=7.78 it_per_s=10.60
2026-10-02 04:52:53,031 INFO iter=135800 epoch=20 lr=2.00e-04 G=4.923 advA2B=0.650 advB2A=0.841 cycA=0.109 cycB=0.125 idtA=0.107 idtB=0.111 D_A=0.037 D_B=0.094 D_A(real)=0.94 D_A(fake)=0.06 gnG=27.76 gnD=7.79 it_per_s=10.60
2026-10-02 04:53:02,485 INFO iter=135900 epoch=20 lr=2.00e-04 G=4.923 advA2B=0.650 advB2A=0.841 cycA=0.109 cycB=0.125 idtA=0.107 idtB=0.111 D_A=0.038 D_B=0.095 D_A(real)=0.94 D_A(fake)=0.06 gnG=27.69 gnD=7.84 it_per_s=10.60
2026-10-02 04:53:11,921 INFO iter=136000 epoch=20 lr=2.00e-04 G=4.923 advA2B=0.652 advB2A=0.840 cycA=0.109 cycB=0.125 idtA=0.107 idtB=0.111 D_A=0.038 D_B=0.095 D_A(real)=0.94 D_A(fake)=0.06 gnG=27.79 gnD=7.85 it_per_s=10.60
2026-10-02 04:53:21,351 INFO iter=136100 epoch=20 lr=2.00e-04 G=4.914 advA2B=0.652 advB2A=0.840 cycA=0.109 cycB=0.125 idtA=0.106 idtB=0.110 D_A=0.038 D_B=0.094 D_A(real)=0.94 D_A(fake)=0.06 gnG=27.73 gnD=7.82 it_per_s=10.60
2026-10-02 04:53:30,794 INFO iter=136200 epoch=20 lr=2.00e-04 G=4.927 advA2B=0.652 advB2A=0.844 cycA=0.109 cycB=0.125 idtA=0.107 idtB=0.110 D_A=0.037 D_B=0.094 D_A(real)=0.94 D_A(fake)=0.06 gnG=28.04 gnD=7.81 it_per_s=10.60
2026-10-02 04:53:40,232 INFO iter=136300 epoch=20 lr=2.00e-04 G=4.936 advA2B=0.653 advB2A=0.845 cycA=0.109 cycB=0.126 idtA=0.107 idtB=0.110 D_A=0.037 D_B=0.094 D_A(real)=0.94 D_A(fake)=0.06 gnG=28.04 gnD=7.80 it_per_s=10.60
2026-10-02 04:53:49,704 INFO iter=136400 epoch=20 lr=2.00e-04 G=4.933 advA2B=0.653 advB2A=0.845 cycA=0.109 cycB=0.126 idtA=0.107 idtB=0.110 D_A=0.037 D_B=0.094 D_A(real)=0.94 D_A(fake)=0.06 gnG=28.02 gnD=7.80 it_per_s=10.59
2026-10-02 04:53:59,186 INFO iter=136500 epoch=20 lr=2.00e-04 G=4.933 advA2B=0.652 advB2A=0.844 cycA=0.109 cycB=0.126 idtA=0.107 idtB=0.110 D_A=0.037 D_B=0.094 D_A(real)=0.94 D_A(fake)=0.06 gnG=27.95 gnD=7.80 it_per_s=10.59
2026-10-02 04:54:08,648 INFO iter=136600 epoch=20 lr=2.00e-04 G=4.935 advA2B=0.652 advB2A=0.845 cycA=0.109 cycB=0.126 idtA=0.107 idtB=0.110 D_A=0.037 D_B=0.094 D_A(real)=0.94 D_A(fake)=0.06 gnG=28.08 gnD=7.81 it_per_s=10.59
2026-10-02 04:54:18,136 INFO iter=136700 epoch=20 lr=2.00e-04 G=4.944 advA2B=0.653 advB2A=0.847 cycA=0.109 cycB=0.126 idtA=0.107 idtB=0.110 D_A=0.037 D_B=0.095 D_A(real)=0.94 D_A(fake)=0.06 gnG=28.12 gnD=7.83 it_per_s=10.59
2026-10-02 04:54:27,602 INFO iter=136800 epoch=20 lr=2.00e-04 G=4.944 advA2B=0.652 advB2A=0.848 cycA=0.109 cycB=0.126 idtA=0.107 idtB=0.110 D_A=0.037 D_B=0.094 D_A(real)=0.94 D_A(fake)=0.06 gnG=28.13 gnD=7.80 it_per_s=10.59
2026-10-02 04:54:37,097 INFO iter=136900 epoch=20 lr=2.00e-04 G=4.944 advA2B=0.653 advB2A=0.849 cycA=0.109 cycB=0.126 idtA=0.107 idtB=0.110 D_A=0.037 D_B=0.094 D_A(real)=0.94 D_A(fake)=0.06 gnG=28.08 gnD=7.80 it_per_s=10.59
2026-10-02 04:54:46,529 INFO iter=137000 epoch=20 lr=2.00e-04 G=4.945 advA2B=0.652 advB2A=0.849 cycA=0.109 cycB=0.126 idtA=0.107 idtB=0.111 D_A=0.037 D_B=0.094 D_A(real)=0.94 D_A(fake)=0.06 gnG=28.09 gnD=7.80 it_per_s=10.59
2026-10-02 04:54:56,033 INFO iter=137100 epoch=20 lr=2.00e-04 G=4.943 advA2B=0.651 advB2A=0.850 cycA=0.109 cycB=0.126 idtA=0.107 idtB=0.110 D_A=0.037 D_B=0.094 D_A(real)=0.94 D_A(fake)=0.06 gnG=27.96 gnD=7.80 it_per_s=10.59
2026-10-02 04:55:05,462 INFO iter=137200 epoch=20 lr=2.00e-04 G=4.943 advA2B=0.651 advB2A=0.850 cycA=0.109 cycB=0.126 idtA=0.107 idtB=0.111 D_A=0.037 D_B=0.094 D_A(real)=0.94 D_A(fake)=0.06 gnG=27.91 gnD=7.80 it_per_s=10.59
2026-10-02 04:55:15,177 INFO iter=137300 epoch=20 lr=2.00e-04 G=4.937 advA2B=0.651 advB2A=0.849 cycA=0.109 cycB=0.126 idtA=0.107 idtB=0.110 D_A=0.037 D_B=0.095 D_A(real)=0.94 D_A(fake)=0.06 gnG=27.91 gnD=7.83 it_per_s=10.58
2026-10-02 04:55:24,926 INFO iter=137400 epoch=20 lr=2.00e-04 G=4.936 advA2B=0.652 advB2A=0.849 cycA=0.109 cycB=0.126 idtA=0.107 idtB=0.110 D_A=0.037 D_B=0.094 D_A(real)=0.94 D_A(fake)=0.06 gnG=27.89 gnD=7.82 it_per_s=10.57
2026-10-02 04:55:34,426 INFO iter=137500 epoch=20 lr=2.00e-04 G=4.931 advA2B=0.650 advB2A=0.848 cycA=0.109 cycB=0.126 idtA=0.107 idtB=0.110 D_A=0.037 D_B=0.095 D_A(real)=0.94 D_A(fake)=0.06 gnG=27.86 gnD=7.84 it_per_s=10.57
2026-10-02 04:55:43,850 INFO iter=137600 epoch=20 lr=2.00e-04 G=4.929 advA2B=0.650 advB2A=0.849 cycA=0.109 cycB=0.126 idtA=0.107 idtB=0.110 D_A=0.037 D_B=0.094 D_A(real)=0.94 D_A(fake)=0.06 gnG=27.84 gnD=7.83 it_per_s=10.57
2026-10-02 04:55:53,113 INFO iter=137700 epoch=20 lr=2.00e-04 G=4.927 advA2B=0.650 advB2A=0.849 cycA=0.109 cycB=0.126 idtA=0.107 idtB=0.110 D_A=0.037 D_B=0.095 D_A(real)=0.94 D_A(fake)=0.06 gnG=27.84 gnD=7.86 it_per_s=10.57
2026-10-02 04:56:02,230 INFO iter=137800 epoch=20 lr=2.00e-04 G=4.924 advA2B=0.650 advB2A=0.848 cycA=0.109 cycB=0.126 idtA=0.107 idtB=0.110 D_A=0.037 D_B=0.095 D_A(real)=0.94 D_A(fake)=0.06 gnG=27.84 gnD=7.87 it_per_s=10.58
2026-10-02 04:56:11,658 INFO iter=137900 epoch=20 lr=2.00e-04 G=4.920 advA2B=0.650 advB2A=0.847 cycA=0.108 cycB=0.125 idtA=0.107 idtB=0.110 D_A=0.037 D_B=0.095 D_A(real)=0.94 D_A(fake)=0.06 gnG=27.81 gnD=7.87 it_per_s=10.58
2026-10-02 04:56:21,089 INFO iter=138000 epoch=20 lr=2.00e-04 G=4.917 advA2B=0.649 advB2A=0.847 cycA=0.108 cycB=0.125 idtA=0.107 idtB=0.110 D_A=0.037 D_B=0.095 D_A(real)=0.94 D_A(fake)=0.06 gnG=27.83 gnD=7.88 it_per_s=10.59
2026-10-02 04:56:30,505 INFO iter=138100 epoch=20 lr=2.00e-04 G=4.914 advA2B=0.648 advB2A=0.846 cycA=0.108 cycB=0.125 idtA=0.107 idtB=0.110 D_A=0.037 D_B=0.096 D_A(real)=0.94 D_A(fake)=0.06 gnG=27.79 gnD=7.89 it_per_s=10.59
2026-10-02 04:56:40,082 INFO iter=138200 epoch=20 lr=2.00e-04 G=4.911 advA2B=0.647 advB2A=0.845 cycA=0.108 cycB=0.125 idtA=0.106 idtB=0.110 D_A=0.037 D_B=0.096 D_A(real)=0.94 D_A(fake)=0.06 gnG=27.73 gnD=7.89 it_per_s=10.58
2026-10-02 04:56:49,482 INFO iter=138300 epoch=20 lr=2.00e-04 G=4.907 advA2B=0.647 advB2A=0.845 cycA=0.108 cycB=0.125 idtA=0.106 idtB=0.110 D_A=0.037 D_B=0.096 D_A(real)=0.94 D_A(fake)=0.06 gnG=27.74 gnD=7.90 it_per_s=10.58
2026-10-02 04:56:58,980 INFO iter=138400 epoch=20 lr=2.00e-04 G=4.902 advA2B=0.647 advB2A=0.845 cycA=0.108 cycB=0.125 idtA=0.106 idtB=0.110 D_A=0.037 D_B=0.096 D_A(real)=0.94 D_A(fake)=0.06 gnG=27.73 gnD=7.90 it_per_s=10.58
2026-10-02 04:57:08,431 INFO iter=138500 epoch=20 lr=2.00e-04 G=4.900 advA2B=0.647 advB2A=0.845 cycA=0.108 cycB=0.125 idtA=0.106 idtB=0.110 D_A=0.037 D_B=0.096 D_A(real)=0.94 D_A(fake)=0.06 gnG=27.70 gnD=7.90 it_per_s=10.58
2026-10-02 04:57:17,864 INFO iter=138600 epoch=20 lr=2.00e-04 G=4.899 advA2B=0.649 advB2A=0.845 cycA=0.108 cycB=0.125 idtA=0.106 idtB=0.110 D_A=0.037 D_B=0.096 D_A(real)=0.94 D_A(fake)=0.06 gnG=27.69 gnD=7.88 it_per_s=10.58
2026-10-02 04:57:27,290 INFO iter=138700 epoch=20 lr=2.00e-04 G=4.899 advA2B=0.649 advB2A=0.845 cycA=0.108 cycB=0.125 idtA=0.106 idtB=0.110 D_A=0.037 D_B=0.096 D_A(real)=0.94 D_A(fake)=0.06 gnG=27.66 gnD=7.88 it_per_s=10.58
2026-10-02 04:57:36,739 INFO iter=138800 epoch=20 lr=2.00e-04 G=4.896 advA2B=0.647 advB2A=0.845 cycA=0.108 cycB=0.125 idtA=0.106 idtB=0.110 D_A=0.037 D_B=0.096 D_A(real)=0.94 D_A(fake)=0.06 gnG=27.63 gnD=7.89 it_per_s=10.58
2026-10-02 04:57:46,158 INFO iter=138900 epoch=20 lr=2.00e-04 G=4.893 advA2B=0.647 advB2A=0.845 cycA=0.108 cycB=0.125 idtA=0.106 idtB=0.110 D_A=0.037 D_B=0.096 D_A(real)=0.94 D_A(fake)=0.06 gnG=27.62 gnD=7.89 it_per_s=10.58
2026-10-02 04:57:55,581 INFO iter=139000 epoch=20 lr=2.00e-04 G=4.890 advA2B=0.647 advB2A=0.845 cycA=0.108 cycB=0.125 idtA=0.105 idtB=0.110 D_A=0.037 D_B=0.096 D_A(real)=0.94 D_A(fake)=0.06 gnG=27.58 gnD=7.88 it_per_s=10.58
2026-10-02 04:58:05,004 INFO iter=139100 epoch=20 lr=2.00e-04 G=4.889 advA2B=0.648 advB2A=0.844 cycA=0.108 cycB=0.125 idtA=0.105 idtB=0.110 D_A=0.037 D_B=0.095 D_A(real)=0.94 D_A(fake)=0.06 gnG=27.58 gnD=7.87 it_per_s=10.59
2026-10-02 04:58:14,425 INFO iter=139200 epoch=20 lr=2.00e-04 G=4.888 advA2B=0.647 advB2A=0.844 cycA=0.108 cycB=0.124 idtA=0.105 idtB=0.110 D_A=0.037 D_B=0.095 D_A(real)=0.94 D_A(fake)=0.06 gnG=27.56 gnD=7.88 it_per_s=10.59
2026-10-02 04:58:23,856 INFO iter=139300 epoch=20 lr=2.00e-04 G=4.887 advA2B=0.647 advB2A=0.844 cycA=0.108 cycB=0.124 idtA=0.105 idtB=0.110 D_A=0.038 D_B=0.096 D_A(real)=0.94 D_A(fake)=0.06 gnG=27.56 gnD=7.90 it_per_s=10.59
2026-10-02 04:58:33,301 INFO iter=139400 epoch=20 lr=2.00e-04 G=4.885 advA2B=0.647 advB2A=0.844 cycA=0.108 cycB=0.124 idtA=0.105 idtB=0.110 D_A=0.038 D_B=0.096 D_A(real)=0.94 D_A(fake)=0.06 gnG=27.49 gnD=7.90 it_per_s=10.59
2026-10-02 04:58:42,749 INFO iter=139500 epoch=20 lr=2.00e-04 G=4.886 advA2B=0.647 advB2A=0.845 cycA=0.108 cycB=0.124 idtA=0.105 idtB=0.110 D_A=0.038 D_B=0.096 D_A(real)=0.94 D_A(fake)=0.06 gnG=27.52 gnD=7.90 it_per_s=10.59
2026-10-02 04:58:52,165 INFO iter=139600 epoch=20 lr=2.00e-04 G=4.886 advA2B=0.647 advB2A=0.845 cycA=0.108 cycB=0.124 idtA=0.105 idtB=0.110 D_A=0.037 D_B=0.096 D_A(real)=0.94 D_A(fake)=0.06 gnG=27.49 gnD=7.89 it_per_s=10.59
2026-10-02 04:59:01,642 INFO iter=139700 epoch=20 lr=2.00e-04 G=4.886 advA2B=0.648 advB2A=0.845 cycA=0.108 cycB=0.124 idtA=0.105 idtB=0.110 D_A=0.037 D_B=0.096 D_A(real)=0.94 D_A(fake)=0.06 gnG=27.49 gnD=7.90 it_per_s=10.59
2026-10-02 04:59:11,068 INFO iter=139800 epoch=20 lr=2.00e-04 G=4.887 advA2B=0.648 advB2A=0.845 cycA=0.108 cycB=0.124 idtA=0.105 idtB=0.110 D_A=0.037 D_B=0.096 D_A(real)=0.94 D_A(fake)=0.06 gnG=27.48 gnD=7.88 it_per_s=10.59
2026-10-02 04:59:20,480 INFO iter=139900 epoch=20 lr=2.00e-04 G=4.885 advA2B=0.648 advB2A=0.844 cycA=0.108 cycB=0.124 idtA=0.105 idtB=0.110 D_A=0.038 D_B=0.096 D_A(real)=0.94 D_A(fake)=0.06 gnG=27.49 gnD=7.89 it_per_s=10.59
2026-10-02 04:59:29,896 INFO iter=140000 epoch=20 lr=2.00e-04 G=4.887 advA2B=0.649 advB2A=0.844 cycA=0.108 cycB=0.124 idtA=0.105 idtB=0.110 D_A=0.038 D_B=0.095 D_A(real)=0.94 D_A(fake)=0.06 gnG=27.54 gnD=7.88 it_per_s=10.59
2026-10-02 04:59:39,352 INFO iter=140100 epoch=20 lr=2.00e-04 G=4.884 advA2B=0.648 advB2A=0.844 cycA=0.108 cycB=0.124 idtA=0.105 idtB=0.110 D_A=0.038 D_B=0.095 D_A(real)=0.94 D_A(fake)=0.06 gnG=27.53 gnD=7.87 it_per_s=10.59
2026-10-02 04:59:48,825 INFO iter=140200 epoch=20 lr=2.00e-04 G=4.884 advA2B=0.648 advB2A=0.844 cycA=0.108 cycB=0.124 idtA=0.105 idtB=0.110 D_A=0.038 D_B=0.095 D_A(real)=0.94 D_A(fake)=0.06 gnG=27.55 gnD=7.87 it_per_s=10.59
2026-10-02 04:59:58,241 INFO iter=140300 epoch=20 lr=2.00e-04 G=4.884 advA2B=0.648 advB2A=0.844 cycA=0.107 cycB=0.124 idtA=0.105 idtB=0.110 D_A=0.038 D_B=0.095 D_A(real)=0.94 D_A(fake)=0.06 gnG=27.52 gnD=7.87 it_per_s=10.59
2026-10-02 05:00:07,567 INFO iter=140400 epoch=20 lr=2.00e-04 G=4.883 advA2B=0.648 advB2A=0.844 cycA=0.107 cycB=0.124 idtA=0.105 idtB=0.110 D_A=0.038 D_B=0.095 D_A(real)=0.94 D_A(fake)=0.06 gnG=27.50 gnD=7.86 it_per_s=10.59
2026-10-02 05:00:16,973 INFO iter=140500 epoch=20 lr=2.00e-04 G=4.881 advA2B=0.647 advB2A=0.843 cycA=0.107 cycB=0.124 idtA=0.105 idtB=0.110 D_A=0.038 D_B=0.095 D_A(real)=0.94 D_A(fake)=0.06 gnG=27.47 gnD=7.87 it_per_s=10.59
2026-10-02 05:00:26,218 INFO iter=140600 epoch=20 lr=2.00e-04 G=4.881 advA2B=0.648 advB2A=0.844 cycA=0.108 cycB=0.124 idtA=0.105 idtB=0.110 D_A=0.038 D_B=0.095 D_A(real)=0.94 D_A(fake)=0.06 gnG=27.49 gnD=7.86 it_per_s=10.59
2026-10-02 05:00:35,367 INFO iter=140700 epoch=20 lr=2.00e-04 G=4.882 advA2B=0.648 advB2A=0.844 cycA=0.107 cycB=0.124 idtA=0.105 idtB=0.110 D_A=0.038 D_B=0.095 D_A(real)=0.94 D_A(fake)=0.06 gnG=27.52 gnD=7.86 it_per_s=10.60
2026-10-02 05:00:41,031 INFO epoch=20 done time_s=664 it_per_s=10.60 G=4.881 cycA=0.107 cycB=0.124 idtA=0.105 idtB=0.110 D_A=0.038 D_B=0.095 D_A(real)=0.94 D_A(fake)=0.06 nan_count=0
2026-10-02 05:00:41,032 WARNING epoch=20 D_A (Monet) loss 0.0377 is near 0: possible discriminator overfitting
2026-10-02 05:00:45,413 INFO iter=140800 epoch=21 lr=2.00e-04 G=4.584 advA2B=0.639 advB2A=0.818 cycA=0.108 cycB=0.105 idtA=0.106 idtB=0.093 D_A=0.036 D_B=0.099 D_A(real)=0.96 D_A(fake)=0.04 gnG=25.71 gnD=8.37 it_per_s=10.58
2026-10-02 05:00:54,886 INFO iter=140900 epoch=21 lr=2.00e-04 G=4.738 advA2B=0.626 advB2A=0.820 cycA=0.107 cycB=0.119 idtA=0.102 idtB=0.103 D_A=0.042 D_B=0.101 D_A(real)=0.93 D_A(fake)=0.06 gnG=27.43 gnD=8.28 it_per_s=10.56
2026-10-02 05:01:04,038 INFO iter=141000 epoch=21 lr=2.00e-04 G=4.808 advA2B=0.642 advB2A=0.828 cycA=0.106 cycB=0.124 idtA=0.101 idtB=0.107 D_A=0.038 D_B=0.101 D_A(real)=0.94 D_A(fake)=0.06 gnG=27.28 gnD=8.18 it_per_s=10.71
2026-10-02 05:01:13,438 INFO iter=141100 epoch=21 lr=2.00e-04 G=4.820 advA2B=0.652 advB2A=0.827 cycA=0.107 cycB=0.123 idtA=0.101 idtB=0.107 D_A=0.040 D_B=0.100 D_A(real)=0.94 D_A(fake)=0.06 gnG=27.60 gnD=8.31 it_per_s=10.69
2026-10-02 05:01:22,880 INFO iter=141200 epoch=21 lr=1.99e-04 G=4.862 advA2B=0.669 advB2A=0.827 cycA=0.107 cycB=0.124 idtA=0.101 idtB=0.109 D_A=0.038 D_B=0.096 D_A(real)=0.94 D_A(fake)=0.06 gnG=28.37 gnD=8.15 it_per_s=10.67
2026-10-02 05:01:32,598 INFO iter=141300 epoch=21 lr=1.99e-04 G=4.858 advA2B=0.666 advB2A=0.827 cycA=0.108 cycB=0.123 idtA=0.102 idtB=0.108 D_A=0.038 D_B=0.094 D_A(real)=0.94 D_A(fake)=0.06 gnG=28.44 gnD=7.99 it_per_s=10.60
2026-10-02 05:01:41,984 INFO iter=141400 epoch=21 lr=1.99e-04 G=4.828 advA2B=0.665 advB2A=0.829 cycA=0.107 cycB=0.122 idtA=0.101 idtB=0.108 D_A=0.037 D_B=0.093 D_A(real)=0.94 D_A(fake)=0.06 gnG=27.90 gnD=7.88 it_per_s=10.60
2026-10-02 05:01:51,323 INFO iter=141500 epoch=21 lr=1.99e-04 G=4.836 advA2B=0.662 advB2A=0.834 cycA=0.107 cycB=0.122 idtA=0.102 idtB=0.108 D_A=0.036 D_B=0.091 D_A(real)=0.94 D_A(fake)=0.06 gnG=27.78 gnD=7.76 it_per_s=10.62
2026-10-02 05:02:00,738 INFO iter=141600 epoch=21 lr=1.99e-04 G=4.871 advA2B=0.664 advB2A=0.839 cycA=0.107 cycB=0.124 idtA=0.102 idtB=0.109 D_A=0.036 D_B=0.091 D_A(real)=0.94 D_A(fake)=0.06 gnG=27.98 gnD=7.79 it_per_s=10.62
2026-10-02 05:02:10,122 INFO iter=141700 epoch=21 lr=1.99e-04 G=4.873 advA2B=0.669 advB2A=0.842 cycA=0.107 cycB=0.123 idtA=0.103 idtB=0.109 D_A=0.036 D_B=0.091 D_A(real)=0.94 D_A(fake)=0.06 gnG=28.07 gnD=7.77 it_per_s=10.62
2026-10-02 05:02:19,501 INFO iter=141800 epoch=21 lr=1.99e-04 G=4.863 advA2B=0.667 advB2A=0.843 cycA=0.107 cycB=0.123 idtA=0.103 idtB=0.109 D_A=0.036 D_B=0.091 D_A(real)=0.94 D_A(fake)=0.06 gnG=28.04 gnD=7.76 it_per_s=10.63
2026-10-02 05:02:28,911 INFO iter=141900 epoch=21 lr=1.98e-04 G=4.883 advA2B=0.668 advB2A=0.845 cycA=0.108 cycB=0.123 idtA=0.103 idtB=0.109 D_A=0.036 D_B=0.092 D_A(real)=0.94 D_A(fake)=0.06 gnG=28.19 gnD=7.76 it_per_s=10.63
2026-10-02 05:02:38,325 INFO iter=142000 epoch=21 lr=1.98e-04 G=4.880 advA2B=0.668 advB2A=0.848 cycA=0.107 cycB=0.123 idtA=0.103 idtB=0.109 D_A=0.036 D_B=0.092 D_A(real)=0.94 D_A(fake)=0.06 gnG=28.03 gnD=7.72 it_per_s=10.63
2026-10-02 05:02:47,718 INFO iter=142100 epoch=21 lr=1.98e-04 G=4.879 advA2B=0.667 advB2A=0.850 cycA=0.107 cycB=0.123 idtA=0.103 idtB=0.109 D_A=0.036 D_B=0.091 D_A(real)=0.94 D_A(fake)=0.06 gnG=27.99 gnD=7.70 it_per_s=10.63
2026-10-02 05:02:57,106 INFO iter=142200 epoch=21 lr=1.98e-04 G=4.870 advA2B=0.666 advB2A=0.850 cycA=0.107 cycB=0.123 idtA=0.103 idtB=0.109 D_A=0.036 D_B=0.092 D_A(real)=0.94 D_A(fake)=0.06 gnG=28.03 gnD=7.79 it_per_s=10.63
2026-10-02 05:03:06,506 INFO iter=142300 epoch=21 lr=1.98e-04 G=4.863 advA2B=0.664 advB2A=0.849 cycA=0.107 cycB=0.123 idtA=0.103 idtB=0.109 D_A=0.036 D_B=0.093 D_A(real)=0.94 D_A(fake)=0.06 gnG=28.00 gnD=7.82 it_per_s=10.63
2026-10-02 05:03:15,916 INFO iter=142400 epoch=21 lr=1.98e-04 G=4.862 advA2B=0.666 advB2A=0.847 cycA=0.107 cycB=0.123 idtA=0.103 idtB=0.109 D_A=0.036 D_B=0.093 D_A(real)=0.94 D_A(fake)=0.06 gnG=28.12 gnD=7.80 it_per_s=10.63
2026-10-02 05:03:25,313 INFO iter=142500 epoch=21 lr=1.98e-04 G=4.867 advA2B=0.666 advB2A=0.850 cycA=0.107 cycB=0.123 idtA=0.103 idtB=0.109 D_A=0.036 D_B=0.094 D_A(real)=0.94 D_A(fake)=0.06 gnG=28.23 gnD=7.83 it_per_s=10.63
2026-10-02 05:03:34,620 INFO iter=142600 epoch=21 lr=1.97e-04 G=4.873 advA2B=0.668 advB2A=0.850 cycA=0.107 cycB=0.123 idtA=0.103 idtB=0.109 D_A=0.036 D_B=0.094 D_A(real)=0.94 D_A(fake)=0.06 gnG=28.28 gnD=7.85 it_per_s=10.64
2026-10-02 05:03:44,000 INFO iter=142700 epoch=21 lr=1.97e-04 G=4.875 advA2B=0.670 advB2A=0.851 cycA=0.107 cycB=0.123 idtA=0.103 idtB=0.109 D_A=0.036 D_B=0.093 D_A(real)=0.94 D_A(fake)=0.06 gnG=28.28 gnD=7.85 it_per_s=10.64
2026-10-02 05:03:53,380 INFO iter=142800 epoch=21 lr=1.97e-04 G=4.868 advA2B=0.671 advB2A=0.850 cycA=0.107 cycB=0.122 idtA=0.102 idtB=0.109 D_A=0.036 D_B=0.093 D_A(real)=0.94 D_A(fake)=0.06 gnG=28.30 gnD=7.83 it_per_s=10.64
2026-10-02 05:04:02,388 INFO iter=142900 epoch=21 lr=1.97e-04 G=4.863 advA2B=0.672 advB2A=0.849 cycA=0.107 cycB=0.122 idtA=0.102 idtB=0.109 D_A=0.036 D_B=0.093 D_A(real)=0.94 D_A(fake)=0.06 gnG=28.30 gnD=7.82 it_per_s=10.66
2026-10-02 05:04:11,691 INFO iter=143000 epoch=21 lr=1.97e-04 G=4.848 advA2B=0.671 advB2A=0.849 cycA=0.106 cycB=0.121 idtA=0.102 idtB=0.108 D_A=0.036 D_B=0.093 D_A(real)=0.94 D_A(fake)=0.06 gnG=28.10 gnD=7.78 it_per_s=10.66
2026-10-02 05:04:21,109 INFO iter=143100 epoch=21 lr=1.97e-04 G=4.846 advA2B=0.669 advB2A=0.848 cycA=0.106 cycB=0.122 idtA=0.102 idtB=0.108 D_A=0.036 D_B=0.093 D_A(real)=0.94 D_A(fake)=0.06 gnG=28.08 gnD=7.77 it_per_s=10.66
2026-10-02 05:04:30,251 INFO iter=143200 epoch=21 lr=1.97e-04 G=4.838 advA2B=0.668 advB2A=0.845 cycA=0.106 cycB=0.121 idtA=0.102 idtB=0.108 D_A=0.036 D_B=0.092 D_A(real)=0.94 D_A(fake)=0.06 gnG=27.94 gnD=7.75 it_per_s=10.67
2026-10-02 05:04:39,448 INFO iter=143300 epoch=21 lr=1.96e-04 G=4.838 advA2B=0.668 advB2A=0.845 cycA=0.106 cycB=0.121 idtA=0.101 idtB=0.109 D_A=0.037 D_B=0.093 D_A(real)=0.94 D_A(fake)=0.06 gnG=27.86 gnD=7.79 it_per_s=10.68
2026-10-02 05:04:48,881 INFO iter=143400 epoch=21 lr=1.96e-04 G=4.836 advA2B=0.668 advB2A=0.845 cycA=0.106 cycB=0.121 idtA=0.101 idtB=0.109 D_A=0.037 D_B=0.093 D_A(real)=0.94 D_A(fake)=0.06 gnG=27.80 gnD=7.77 it_per_s=10.68
2026-10-02 05:04:58,272 INFO iter=143500 epoch=21 lr=1.96e-04 G=4.831 advA2B=0.667 advB2A=0.845 cycA=0.106 cycB=0.121 idtA=0.101 idtB=0.109 D_A=0.037 D_B=0.093 D_A(real)=0.94 D_A(fake)=0.06 gnG=27.71 gnD=7.76 it_per_s=10.68
2026-10-02 05:05:07,478 INFO iter=143600 epoch=21 lr=1.96e-04 G=4.831 advA2B=0.667 advB2A=0.845 cycA=0.106 cycB=0.121 idtA=0.101 idtB=0.109 D_A=0.037 D_B=0.093 D_A(real)=0.94 D_A(fake)=0.06 gnG=27.62 gnD=7.78 it_per_s=10.68
2026-10-02 05:05:16,907 INFO iter=143700 epoch=21 lr=1.96e-04 G=4.826 advA2B=0.667 advB2A=0.845 cycA=0.106 cycB=0.121 idtA=0.101 idtB=0.109 D_A=0.037 D_B=0.093 D_A(real)=0.94 D_A(fake)=0.06 gnG=27.61 gnD=7.79 it_per_s=10.68
2026-10-02 05:05:26,251 INFO iter=143800 epoch=21 lr=1.96e-04 G=4.826 advA2B=0.667 advB2A=0.844 cycA=0.106 cycB=0.121 idtA=0.101 idtB=0.109 D_A=0.037 D_B=0.092 D_A(real)=0.94 D_A(fake)=0.06 gnG=27.60 gnD=7.77 it_per_s=10.68
2026-10-02 05:05:35,278 INFO iter=143900 epoch=21 lr=1.96e-04 G=4.825 advA2B=0.667 advB2A=0.842 cycA=0.106 cycB=0.121 idtA=0.101 idtB=0.108 D_A=0.037 D_B=0.092 D_A(real)=0.94 D_A(fake)=0.06 gnG=27.59 gnD=7.76 it_per_s=10.69
2026-10-02 05:05:44,696 INFO iter=144000 epoch=21 lr=1.95e-04 G=4.825 advA2B=0.667 advB2A=0.843 cycA=0.106 cycB=0.121 idtA=0.101 idtB=0.108 D_A=0.038 D_B=0.092 D_A(real)=0.94 D_A(fake)=0.06 gnG=27.56 gnD=7.75 it_per_s=10.69
2026-10-02 05:05:54,110 INFO iter=144100 epoch=21 lr=1.95e-04 G=4.824 advA2B=0.667 advB2A=0.844 cycA=0.106 cycB=0.121 idtA=0.101 idtB=0.108 D_A=0.038 D_B=0.092 D_A(real)=0.94 D_A(fake)=0.06 gnG=27.56 gnD=7.76 it_per_s=10.69
2026-10-02 05:06:03,144 INFO iter=144200 epoch=21 lr=1.95e-04 G=4.820 advA2B=0.667 advB2A=0.843 cycA=0.106 cycB=0.121 idtA=0.101 idtB=0.108 D_A=0.038 D_B=0.092 D_A(real)=0.94 D_A(fake)=0.06 gnG=27.51 gnD=7.78 it_per_s=10.70
2026-10-02 05:06:12,483 INFO iter=144300 epoch=21 lr=1.95e-04 G=4.823 advA2B=0.667 advB2A=0.843 cycA=0.106 cycB=0.121 idtA=0.101 idtB=0.108 D_A=0.038 D_B=0.092 D_A(real)=0.94 D_A(fake)=0.06 gnG=27.48 gnD=7.78 it_per_s=10.70
2026-10-02 05:06:21,908 INFO iter=144400 epoch=21 lr=1.95e-04 G=4.816 advA2B=0.666 advB2A=0.842 cycA=0.105 cycB=0.121 idtA=0.101 idtB=0.108 D_A=0.038 D_B=0.092 D_A(real)=0.94 D_A(fake)=0.06 gnG=27.48 gnD=7.78 it_per_s=10.70
2026-10-02 05:06:31,221 INFO iter=144500 epoch=21 lr=1.95e-04 G=4.816 advA2B=0.667 advB2A=0.842 cycA=0.105 cycB=0.121 idtA=0.100 idtB=0.108 D_A=0.038 D_B=0.093 D_A(real)=0.94 D_A(fake)=0.06 gnG=27.44 gnD=7.78 it_per_s=10.70
2026-10-02 05:06:40,450 INFO iter=144600 epoch=21 lr=1.95e-04 G=4.812 advA2B=0.666 advB2A=0.842 cycA=0.105 cycB=0.121 idtA=0.100 idtB=0.108 D_A=0.037 D_B=0.093 D_A(real)=0.94 D_A(fake)=0.06 gnG=27.45 gnD=7.77 it_per_s=10.70
2026-10-02 05:06:49,847 INFO iter=144700 epoch=21 lr=1.94e-04 G=4.812 advA2B=0.666 advB2A=0.843 cycA=0.105 cycB=0.121 idtA=0.101 idtB=0.108 D_A=0.037 D_B=0.093 D_A(real)=0.94 D_A(fake)=0.06 gnG=27.45 gnD=7.77 it_per_s=10.70
2026-10-02 05:06:59,120 INFO iter=144800 epoch=21 lr=1.94e-04 G=4.813 advA2B=0.666 advB2A=0.844 cycA=0.105 cycB=0.121 idtA=0.101 idtB=0.108 D_A=0.037 D_B=0.092 D_A(real)=0.94 D_A(fake)=0.06 gnG=27.44 gnD=7.75 it_per_s=10.70
2026-10-02 05:07:08,453 INFO iter=144900 epoch=21 lr=1.94e-04 G=4.815 advA2B=0.667 advB2A=0.845 cycA=0.105 cycB=0.121 idtA=0.101 idtB=0.108 D_A=0.037 D_B=0.092 D_A(real)=0.94 D_A(fake)=0.06 gnG=27.46 gnD=7.76 it_per_s=10.70
2026-10-02 05:07:17,860 INFO iter=145000 epoch=21 lr=1.94e-04 G=4.813 advA2B=0.667 advB2A=0.847 cycA=0.105 cycB=0.120 idtA=0.101 idtB=0.108 D_A=0.037 D_B=0.092 D_A(real)=0.94 D_A(fake)=0.06 gnG=27.42 gnD=7.75 it_per_s=10.70
2026-10-02 05:07:27,320 INFO iter=145100 epoch=21 lr=1.94e-04 G=4.813 advA2B=0.667 advB2A=0.847 cycA=0.105 cycB=0.120 idtA=0.100 idtB=0.108 D_A=0.037 D_B=0.092 D_A(real)=0.94 D_A(fake)=0.06 gnG=27.42 gnD=7.75 it_per_s=10.70
2026-10-02 05:07:36,734 INFO iter=145200 epoch=21 lr=1.94e-04 G=4.817 advA2B=0.668 advB2A=0.849 cycA=0.105 cycB=0.120 idtA=0.101 idtB=0.108 D_A=0.037 D_B=0.092 D_A(real)=0.94 D_A(fake)=0.06 gnG=27.41 gnD=7.75 it_per_s=10.70
2026-10-02 05:07:46,125 INFO iter=145300 epoch=21 lr=1.94e-04 G=4.819 advA2B=0.668 advB2A=0.849 cycA=0.105 cycB=0.121 idtA=0.101 idtB=0.108 D_A=0.037 D_B=0.093 D_A(real)=0.94 D_A(fake)=0.06 gnG=27.41 gnD=7.76 it_per_s=10.70
2026-10-02 05:07:55,558 INFO iter=145400 epoch=21 lr=1.93e-04 G=4.818 advA2B=0.668 advB2A=0.849 cycA=0.105 cycB=0.121 idtA=0.100 idtB=0.108 D_A=0.037 D_B=0.093 D_A(real)=0.94 D_A(fake)=0.06 gnG=27.38 gnD=7.76 it_per_s=10.69
2026-10-02 05:08:04,979 INFO iter=145500 epoch=21 lr=1.93e-04 G=4.821 advA2B=0.668 advB2A=0.849 cycA=0.105 cycB=0.121 idtA=0.100 idtB=0.108 D_A=0.037 D_B=0.093 D_A(real)=0.94 D_A(fake)=0.06 gnG=27.37 gnD=7.76 it_per_s=10.69
2026-10-02 05:08:14,385 INFO iter=145600 epoch=21 lr=1.93e-04 G=4.819 advA2B=0.668 advB2A=0.849 cycA=0.105 cycB=0.121 idtA=0.100 idtB=0.108 D_A=0.037 D_B=0.093 D_A(real)=0.94 D_A(fake)=0.06 gnG=27.34 gnD=7.76 it_per_s=10.69
2026-10-02 05:08:23,811 INFO iter=145700 epoch=21 lr=1.93e-04 G=4.818 advA2B=0.668 advB2A=0.850 cycA=0.105 cycB=0.121 idtA=0.100 idtB=0.108 D_A=0.036 D_B=0.093 D_A(real)=0.94 D_A(fake)=0.06 gnG=27.36 gnD=7.76 it_per_s=10.69
2026-10-02 05:08:33,239 INFO iter=145800 epoch=21 lr=1.93e-04 G=4.819 advA2B=0.668 advB2A=0.850 cycA=0.105 cycB=0.121 idtA=0.100 idtB=0.108 D_A=0.036 D_B=0.093 D_A(real)=0.94 D_A(fake)=0.06 gnG=27.37 gnD=7.76 it_per_s=10.69
2026-10-02 05:08:42,609 INFO iter=145900 epoch=21 lr=1.93e-04 G=4.821 advA2B=0.669 advB2A=0.849 cycA=0.105 cycB=0.121 idtA=0.100 idtB=0.108 D_A=0.037 D_B=0.093 D_A(real)=0.94 D_A(fake)=0.06 gnG=27.38 gnD=7.75 it_per_s=10.69
2026-10-02 05:08:52,016 INFO iter=146000 epoch=21 lr=1.93e-04 G=4.817 advA2B=0.668 advB2A=0.849 cycA=0.105 cycB=0.121 idtA=0.100 idtB=0.108 D_A=0.037 D_B=0.093 D_A(real)=0.94 D_A(fake)=0.06 gnG=27.36 gnD=7.77 it_per_s=10.69
2026-10-02 05:09:01,191 INFO iter=146100 epoch=21 lr=1.92e-04 G=4.818 advA2B=0.667 advB2A=0.847 cycA=0.105 cycB=0.121 idtA=0.100 idtB=0.108 D_A=0.037 D_B=0.093 D_A(real)=0.94 D_A(fake)=0.06 gnG=27.38 gnD=7.77 it_per_s=10.69
2026-10-02 05:09:10,617 INFO iter=146200 epoch=21 lr=1.92e-04 G=4.819 advA2B=0.667 advB2A=0.846 cycA=0.105 cycB=0.121 idtA=0.100 idtB=0.108 D_A=0.037 D_B=0.093 D_A(real)=0.94 D_A(fake)=0.06 gnG=27.42 gnD=7.76 it_per_s=10.69
2026-10-02 05:09:20,055 INFO iter=146300 epoch=21 lr=1.92e-04 G=4.819 advA2B=0.667 advB2A=0.846 cycA=0.105 cycB=0.121 idtA=0.100 idtB=0.108 D_A=0.037 D_B=0.093 D_A(real)=0.94 D_A(fake)=0.06 gnG=27.41 gnD=7.76 it_per_s=10.69
2026-10-02 05:09:29,444 INFO iter=146400 epoch=21 lr=1.92e-04 G=4.819 advA2B=0.667 advB2A=0.846 cycA=0.105 cycB=0.121 idtA=0.100 idtB=0.108 D_A=0.037 D_B=0.093 D_A(real)=0.94 D_A(fake)=0.06 gnG=27.41 gnD=7.76 it_per_s=10.69
2026-10-02 05:09:38,585 INFO iter=146500 epoch=21 lr=1.92e-04 G=4.818 advA2B=0.667 advB2A=0.845 cycA=0.105 cycB=0.121 idtA=0.100 idtB=0.109 D_A=0.037 D_B=0.093 D_A(real)=0.94 D_A(fake)=0.06 gnG=27.39 gnD=7.76 it_per_s=10.69
2026-10-02 05:09:48,009 INFO iter=146600 epoch=21 lr=1.92e-04 G=4.816 advA2B=0.667 advB2A=0.845 cycA=0.105 cycB=0.121 idtA=0.100 idtB=0.109 D_A=0.037 D_B=0.093 D_A(real)=0.94 D_A(fake)=0.06 gnG=27.36 gnD=7.76 it_per_s=10.69
2026-10-02 05:09:57,385 INFO iter=146700 epoch=21 lr=1.92e-04 G=4.813 advA2B=0.666 advB2A=0.845 cycA=0.105 cycB=0.121 idtA=0.100 idtB=0.108 D_A=0.037 D_B=0.093 D_A(real)=0.94 D_A(fake)=0.06 gnG=27.36 gnD=7.77 it_per_s=10.69
2026-10-02 05:10:06,541 INFO iter=146800 epoch=21 lr=1.91e-04 G=4.813 advA2B=0.666 advB2A=0.845 cycA=0.105 cycB=0.121 idtA=0.100 idtB=0.108 D_A=0.037 D_B=0.093 D_A(real)=0.94 D_A(fake)=0.06 gnG=27.32 gnD=7.77 it_per_s=10.69
2026-10-02 05:10:15,956 INFO iter=146900 epoch=21 lr=1.91e-04 G=4.816 advA2B=0.666 advB2A=0.845 cycA=0.105 cycB=0.121 idtA=0.100 idtB=0.108 D_A=0.037 D_B=0.093 D_A(real)=0.94 D_A(fake)=0.06 gnG=27.34 gnD=7.77 it_per_s=10.69
2026-10-02 05:10:25,356 INFO iter=147000 epoch=21 lr=1.91e-04 G=4.815 advA2B=0.666 advB2A=0.844 cycA=0.105 cycB=0.121 idtA=0.100 idtB=0.109 D_A=0.037 D_B=0.093 D_A(real)=0.94 D_A(fake)=0.06 gnG=27.30 gnD=7.76 it_per_s=10.69
2026-10-02 05:10:34,423 INFO iter=147100 epoch=21 lr=1.91e-04 G=4.814 advA2B=0.666 advB2A=0.845 cycA=0.105 cycB=0.121 idtA=0.100 idtB=0.108 D_A=0.037 D_B=0.093 D_A(real)=0.94 D_A(fake)=0.06 gnG=27.29 gnD=7.77 it_per_s=10.70
2026-10-02 05:10:43,677 INFO iter=147200 epoch=21 lr=1.91e-04 G=4.814 advA2B=0.666 advB2A=0.845 cycA=0.105 cycB=0.121 idtA=0.100 idtB=0.109 D_A=0.037 D_B=0.093 D_A(real)=0.94 D_A(fake)=0.06 gnG=27.33 gnD=7.77 it_per_s=10.70
2026-10-02 05:10:53,094 INFO iter=147300 epoch=21 lr=1.91e-04 G=4.814 advA2B=0.665 advB2A=0.845 cycA=0.105 cycB=0.121 idtA=0.100 idtB=0.109 D_A=0.037 D_B=0.093 D_A(real)=0.94 D_A(fake)=0.06 gnG=27.31 gnD=7.77 it_per_s=10.70
2026-10-02 05:11:02,329 INFO iter=147400 epoch=21 lr=1.91e-04 G=4.812 advA2B=0.664 advB2A=0.845 cycA=0.105 cycB=0.121 idtA=0.100 idtB=0.108 D_A=0.037 D_B=0.093 D_A(real)=0.94 D_A(fake)=0.06 gnG=27.30 gnD=7.76 it_per_s=10.70
2026-10-02 05:11:11,658 INFO iter=147500 epoch=21 lr=1.90e-04 G=4.812 advA2B=0.665 advB2A=0.846 cycA=0.105 cycB=0.121 idtA=0.100 idtB=0.108 D_A=0.037 D_B=0.093 D_A(real)=0.94 D_A(fake)=0.06 gnG=27.30 gnD=7.75 it_per_s=10.70
2026-10-02 05:11:21,082 INFO iter=147600 epoch=21 lr=1.90e-04 G=4.814 advA2B=0.665 advB2A=0.846 cycA=0.105 cycB=0.121 idtA=0.100 idtB=0.109 D_A=0.037 D_B=0.093 D_A(real)=0.94 D_A(fake)=0.06 gnG=27.30 gnD=7.75 it_per_s=10.70
2026-10-02 05:11:30,372 INFO iter=147700 epoch=21 lr=1.90e-04 G=4.815 advA2B=0.665 advB2A=0.846 cycA=0.105 cycB=0.121 idtA=0.100 idtB=0.109 D_A=0.037 D_B=0.093 D_A(real)=0.94 D_A(fake)=0.06 gnG=27.31 gnD=7.74 it_per_s=10.70
2026-10-02 05:11:39,271 INFO epoch=21 done time_s=658 it_per_s=10.70 G=4.815 cycA=0.105 cycB=0.121 idtA=0.100 idtB=0.109 D_A=0.037 D_B=0.092 D_A(real)=0.94 D_A(fake)=0.06 nan_count=0
2026-10-02 05:11:39,273 WARNING epoch=21 D_A (Monet) loss 0.0365 is near 0: possible discriminator overfitting
2026-10-02 05:11:40,021 INFO iter=147800 epoch=22 lr=1.90e-04 G=4.341 advA2B=0.653 advB2A=0.531 cycA=0.114 cycB=0.104 idtA=0.112 idtB=0.084 D_A=0.033 D_B=0.093 D_A(real)=1.05 D_A(fake)=0.18 gnG=29.20 gnD=7.03 it_per_s=9.94
2026-10-02 05:11:49,518 INFO iter=147900 epoch=22 lr=1.90e-04 G=4.706 advA2B=0.701 advB2A=0.846 cycA=0.103 cycB=0.113 idtA=0.101 idtB=0.099 D_A=0.041 D_B=0.088 D_A(real)=0.93 D_A(fake)=0.08 gnG=26.66 gnD=7.66 it_per_s=10.52
2026-10-02 05:11:58,922 INFO iter=148000 epoch=22 lr=1.90e-04 G=4.667 advA2B=0.675 advB2A=0.856 cycA=0.102 cycB=0.112 idtA=0.098 idtB=0.101 D_A=0.037 D_B=0.088 D_A(real)=0.93 D_A(fake)=0.07 gnG=26.48 gnD=7.44 it_per_s=10.57
2026-10-02 05:12:08,349 INFO iter=148100 epoch=22 lr=1.90e-04 G=4.736 advA2B=0.665 advB2A=0.854 cycA=0.103 cycB=0.117 idtA=0.098 idtB=0.105 D_A=0.037 D_B=0.088 D_A(real)=0.93 D_A(fake)=0.07 gnG=27.48 gnD=7.49 it_per_s=10.59
2026-10-02 05:12:17,819 INFO iter=148200 epoch=22 lr=1.89e-04 G=4.774 advA2B=0.663 advB2A=0.851 cycA=0.104 cycB=0.119 idtA=0.099 idtB=0.107 D_A=0.037 D_B=0.091 D_A(real)=0.94 D_A(fake)=0.07 gnG=27.45 gnD=7.62 it_per_s=10.58
2026-10-02 05:12:27,224 INFO iter=148300 epoch=22 lr=1.89e-04 G=4.759 advA2B=0.665 advB2A=0.851 cycA=0.104 cycB=0.118 idtA=0.100 idtB=0.106 D_A=0.038 D_B=0.090 D_A(real)=0.94 D_A(fake)=0.07 gnG=27.41 gnD=7.74 it_per_s=10.59
2026-10-02 05:12:36,666 INFO iter=148400 epoch=22 lr=1.89e-04 G=4.782 advA2B=0.669 advB2A=0.853 cycA=0.103 cycB=0.120 idtA=0.099 idtB=0.107 D_A=0.038 D_B=0.089 D_A(real)=0.94 D_A(fake)=0.07 gnG=27.44 gnD=7.68 it_per_s=10.59
2026-10-02 05:12:46,111 INFO iter=148500 epoch=22 lr=1.89e-04 G=4.796 advA2B=0.669 advB2A=0.854 cycA=0.104 cycB=0.120 idtA=0.099 idtB=0.108 D_A=0.038 D_B=0.090 D_A(real)=0.94 D_A(fake)=0.06 gnG=27.45 gnD=7.68 it_per_s=10.59
2026-10-02 05:12:55,579 INFO iter=148600 epoch=22 lr=1.89e-04 G=4.787 advA2B=0.668 advB2A=0.853 cycA=0.103 cycB=0.120 idtA=0.099 idtB=0.107 D_A=0.037 D_B=0.091 D_A(real)=0.94 D_A(fake)=0.06 gnG=27.27 gnD=7.63 it_per_s=10.59
2026-10-02 05:13:05,060 INFO iter=148700 epoch=22 lr=1.89e-04 G=4.772 advA2B=0.662 advB2A=0.854 cycA=0.103 cycB=0.119 idtA=0.099 idtB=0.107 D_A=0.037 D_B=0.091 D_A(real)=0.94 D_A(fake)=0.06 gnG=27.20 gnD=7.68 it_per_s=10.58
2026-10-02 05:13:14,503 INFO iter=148800 epoch=22 lr=1.89e-04 G=4.770 advA2B=0.664 advB2A=0.853 cycA=0.103 cycB=0.120 idtA=0.099 idtB=0.108 D_A=0.036 D_B=0.091 D_A(real)=0.94 D_A(fake)=0.06 gnG=26.97 gnD=7.63 it_per_s=10.58
2026-10-02 05:13:23,944 INFO iter=148900 epoch=22 lr=1.88e-04 G=4.779 advA2B=0.665 advB2A=0.851 cycA=0.103 cycB=0.120 idtA=0.100 idtB=0.107 D_A=0.037 D_B=0.091 D_A(real)=0.94 D_A(fake)=0.06 gnG=27.35 gnD=7.69 it_per_s=10.58
2026-10-02 05:13:33,393 INFO iter=149000 epoch=22 lr=1.88e-04 G=4.783 advA2B=0.664 advB2A=0.852 cycA=0.103 cycB=0.120 idtA=0.100 idtB=0.107 D_A=0.037 D_B=0.092 D_A(real)=0.94 D_A(fake)=0.06 gnG=27.36 gnD=7.72 it_per_s=10.58
2026-10-02 05:13:42,825 INFO iter=149100 epoch=22 lr=1.88e-04 G=4.786 advA2B=0.663 advB2A=0.855 cycA=0.103 cycB=0.120 idtA=0.100 idtB=0.107 D_A=0.037 D_B=0.092 D_A(real)=0.94 D_A(fake)=0.06 gnG=27.41 gnD=7.71 it_per_s=10.58
2026-10-02 05:13:52,259 INFO iter=149200 epoch=22 lr=1.88e-04 G=4.802 advA2B=0.663 advB2A=0.859 cycA=0.104 cycB=0.121 idtA=0.101 idtB=0.107 D_A=0.036 D_B=0.092 D_A(real)=0.94 D_A(fake)=0.06 gnG=27.65 gnD=7.70 it_per_s=10.59
2026-10-02 05:14:01,721 INFO iter=149300 epoch=22 lr=1.88e-04 G=4.808 advA2B=0.663 advB2A=0.858 cycA=0.104 cycB=0.121 idtA=0.101 idtB=0.106 D_A=0.036 D_B=0.092 D_A(real)=0.94 D_A(fake)=0.06 gnG=27.60 gnD=7.69 it_per_s=10.58
2026-10-02 05:14:11,191 INFO iter=149400 epoch=22 lr=1.88e-04 G=4.800 advA2B=0.661 advB2A=0.857 cycA=0.104 cycB=0.120 idtA=0.101 idtB=0.106 D_A=0.036 D_B=0.091 D_A(real)=0.94 D_A(fake)=0.06 gnG=27.58 gnD=7.66 it_per_s=10.58
2026-10-02 05:14:20,681 INFO iter=149500 epoch=22 lr=1.88e-04 G=4.795 advA2B=0.661 advB2A=0.853 cycA=0.104 cycB=0.120 idtA=0.101 idtB=0.106 D_A=0.036 D_B=0.092 D_A(real)=0.94 D_A(fake)=0.06 gnG=27.66 gnD=7.69 it_per_s=10.58
2026-10-02 05:14:30,156 INFO iter=149600 epoch=22 lr=1.87e-04 G=4.790 advA2B=0.662 advB2A=0.853 cycA=0.104 cycB=0.120 idtA=0.101 idtB=0.106 D_A=0.036 D_B=0.091 D_A(real)=0.94 D_A(fake)=0.06 gnG=27.59 gnD=7.65 it_per_s=10.58
2026-10-02 05:14:39,542 INFO iter=149700 epoch=22 lr=1.87e-04 G=4.784 advA2B=0.661 advB2A=0.854 cycA=0.104 cycB=0.120 idtA=0.101 idtB=0.106 D_A=0.035 D_B=0.092 D_A(real)=0.94 D_A(fake)=0.06 gnG=27.66 gnD=7.65 it_per_s=10.58
2026-10-02 05:14:48,995 INFO iter=149800 epoch=22 lr=1.87e-04 G=4.789 advA2B=0.661 advB2A=0.853 cycA=0.104 cycB=0.120 idtA=0.101 idtB=0.106 D_A=0.035 D_B=0.092 D_A(real)=0.94 D_A(fake)=0.06 gnG=27.71 gnD=7.68 it_per_s=10.58
2026-10-02 05:14:58,542 INFO iter=149900 epoch=22 lr=1.87e-04 G=4.787 advA2B=0.661 advB2A=0.854 cycA=0.104 cycB=0.120 idtA=0.101 idtB=0.106 D_A=0.035 D_B=0.092 D_A(real)=0.94 D_A(fake)=0.06 gnG=27.66 gnD=7.69 it_per_s=10.58
2026-10-02 05:15:07,714 INFO iter=150000 epoch=22 lr=1.87e-04 G=4.792 advA2B=0.662 advB2A=0.854 cycA=0.103 cycB=0.121 idtA=0.101 idtB=0.107 D_A=0.035 D_B=0.092 D_A(real)=0.94 D_A(fake)=0.06 gnG=27.73 gnD=7.66 it_per_s=10.59
2026-10-02 05:15:17,117 INFO iter=150100 epoch=22 lr=1.87e-04 G=4.792 advA2B=0.663 advB2A=0.855 cycA=0.103 cycB=0.121 idtA=0.100 idtB=0.107 D_A=0.035 D_B=0.092 D_A(real)=0.95 D_A(fake)=0.06 gnG=27.69 gnD=7.68 it_per_s=10.59
2026-10-02 05:15:26,563 INFO iter=150200 epoch=22 lr=1.87e-04 G=4.784 advA2B=0.662 advB2A=0.856 cycA=0.103 cycB=0.120 idtA=0.100 idtB=0.106 D_A=0.035 D_B=0.092 D_A(real)=0.94 D_A(fake)=0.06 gnG=27.64 gnD=7.68 it_per_s=10.59
2026-10-02 05:15:35,789 INFO iter=150300 epoch=22 lr=1.86e-04 G=4.783 advA2B=0.663 advB2A=0.855 cycA=0.103 cycB=0.120 idtA=0.100 idtB=0.106 D_A=0.035 D_B=0.091 D_A(real)=0.95 D_A(fake)=0.05 gnG=27.67 gnD=7.67 it_per_s=10.60
2026-10-02 05:15:45,257 INFO iter=150400 epoch=22 lr=1.86e-04 G=4.784 advA2B=0.662 advB2A=0.855 cycA=0.103 cycB=0.120 idtA=0.100 idtB=0.106 D_A=0.035 D_B=0.091 D_A(real)=0.94 D_A(fake)=0.06 gnG=27.64 gnD=7.67 it_per_s=10.60
2026-10-02 05:15:54,691 INFO iter=150500 epoch=22 lr=1.86e-04 G=4.783 advA2B=0.662 advB2A=0.857 cycA=0.103 cycB=0.120 idtA=0.100 idtB=0.106 D_A=0.035 D_B=0.091 D_A(real)=0.95 D_A(fake)=0.05 gnG=27.61 gnD=7.65 it_per_s=10.60
2026-10-02 05:16:04,016 INFO iter=150600 epoch=22 lr=1.86e-04 G=4.782 advA2B=0.662 advB2A=0.857 cycA=0.103 cycB=0.120 idtA=0.100 idtB=0.106 D_A=0.035 D_B=0.092 D_A(real)=0.95 D_A(fake)=0.05 gnG=27.62 gnD=7.68 it_per_s=10.61
2026-10-02 05:16:13,246 INFO iter=150700 epoch=22 lr=1.86e-04 G=4.785 advA2B=0.662 advB2A=0.856 cycA=0.103 cycB=0.120 idtA=0.100 idtB=0.107 D_A=0.035 D_B=0.091 D_A(real)=0.94 D_A(fake)=0.06 gnG=27.65 gnD=7.67 it_per_s=10.61
2026-10-02 05:16:22,746 INFO iter=150800 epoch=22 lr=1.86e-04 G=4.785 advA2B=0.662 advB2A=0.856 cycA=0.103 cycB=0.120 idtA=0.100 idtB=0.107 D_A=0.035 D_B=0.091 D_A(real)=0.94 D_A(fake)=0.06 gnG=27.59 gnD=7.68 it_per_s=10.61
2026-10-02 05:16:32,210 INFO iter=150900 epoch=22 lr=1.86e-04 G=4.784 advA2B=0.661 advB2A=0.857 cycA=0.103 cycB=0.120 idtA=0.100 idtB=0.107 D_A=0.035 D_B=0.091 D_A(real)=0.95 D_A(fake)=0.06 gnG=27.66 gnD=7.67 it_per_s=10.61
2026-10-02 05:16:41,324 INFO iter=151000 epoch=22 lr=1.85e-04 G=4.783 advA2B=0.660 advB2A=0.858 cycA=0.103 cycB=0.120 idtA=0.100 idtB=0.107 D_A=0.035 D_B=0.091 D_A(real)=0.94 D_A(fake)=0.06 gnG=27.63 gnD=7.68 it_per_s=10.62
2026-10-02 05:16:50,775 INFO iter=151100 epoch=22 lr=1.85e-04 G=4.778 advA2B=0.660 advB2A=0.856 cycA=0.103 cycB=0.120 idtA=0.100 idtB=0.107 D_A=0.035 D_B=0.091 D_A(real)=0.94 D_A(fake)=0.06 gnG=27.55 gnD=7.69 it_per_s=10.62
2026-10-02 05:17:00,281 INFO iter=151200 epoch=22 lr=1.85e-04 G=4.774 advA2B=0.660 advB2A=0.855 cycA=0.103 cycB=0.120 idtA=0.100 idtB=0.107 D_A=0.035 D_B=0.091 D_A(real)=0.94 D_A(fake)=0.06 gnG=27.53 gnD=7.66 it_per_s=10.62
2026-10-02 05:17:09,709 INFO iter=151300 epoch=22 lr=1.85e-04 G=4.774 advA2B=0.660 advB2A=0.856 cycA=0.103 cycB=0.120 idtA=0.100 idtB=0.107 D_A=0.035 D_B=0.091 D_A(real)=0.94 D_A(fake)=0.06 gnG=27.56 gnD=7.66 it_per_s=10.62
2026-10-02 05:17:19,129 INFO iter=151400 epoch=22 lr=1.85e-04 G=4.769 advA2B=0.659 advB2A=0.856 cycA=0.103 cycB=0.120 idtA=0.099 idtB=0.106 D_A=0.035 D_B=0.091 D_A(real)=0.94 D_A(fake)=0.06 gnG=27.49 gnD=7.65 it_per_s=10.62
2026-10-02 05:17:28,547 INFO iter=151500 epoch=22 lr=1.85e-04 G=4.772 advA2B=0.661 advB2A=0.856 cycA=0.103 cycB=0.120 idtA=0.099 idtB=0.107 D_A=0.035 D_B=0.091 D_A(real)=0.94 D_A(fake)=0.06 gnG=27.47 gnD=7.63 it_per_s=10.62
2026-10-02 05:17:38,032 INFO iter=151600 epoch=22 lr=1.85e-04 G=4.769 advA2B=0.660 advB2A=0.855 cycA=0.103 cycB=0.120 idtA=0.099 idtB=0.107 D_A=0.035 D_B=0.091 D_A(real)=0.94 D_A(fake)=0.06 gnG=27.46 gnD=7.62 it_per_s=10.61
2026-10-02 05:17:47,586 INFO iter=151700 epoch=22 lr=1.84e-04 G=4.771 advA2B=0.661 advB2A=0.855 cycA=0.103 cycB=0.120 idtA=0.099 idtB=0.107 D_A=0.035 D_B=0.091 D_A(real)=0.94 D_A(fake)=0.06 gnG=27.45 gnD=7.62 it_per_s=10.61
2026-10-02 05:17:57,255 INFO iter=151800 epoch=22 lr=1.84e-04 G=4.768 advA2B=0.661 advB2A=0.854 cycA=0.103 cycB=0.120 idtA=0.099 idtB=0.107 D_A=0.035 D_B=0.090 D_A(real)=0.94 D_A(fake)=0.06 gnG=27.38 gnD=7.61 it_per_s=10.60
2026-10-02 05:18:06,669 INFO iter=151900 epoch=22 lr=1.84e-04 G=4.764 advA2B=0.660 advB2A=0.853 cycA=0.103 cycB=0.120 idtA=0.099 idtB=0.106 D_A=0.035 D_B=0.090 D_A(real)=0.94 D_A(fake)=0.06 gnG=27.35 gnD=7.62 it_per_s=10.60
2026-10-02 05:18:16,204 INFO iter=152000 epoch=22 lr=1.84e-04 G=4.762 advA2B=0.661 advB2A=0.853 cycA=0.103 cycB=0.120 idtA=0.099 idtB=0.106 D_A=0.035 D_B=0.090 D_A(real)=0.94 D_A(fake)=0.06 gnG=27.39 gnD=7.61 it_per_s=10.60
2026-10-02 05:18:26,089 INFO iter=152100 epoch=22 lr=1.84e-04 G=4.760 advA2B=0.661 advB2A=0.852 cycA=0.103 cycB=0.120 idtA=0.099 idtB=0.106 D_A=0.035 D_B=0.091 D_A(real)=0.94 D_A(fake)=0.06 gnG=27.36 gnD=7.63 it_per_s=10.59
2026-10-02 05:18:36,038 INFO iter=152200 epoch=22 lr=1.84e-04 G=4.760 advA2B=0.660 advB2A=0.852 cycA=0.103 cycB=0.120 idtA=0.099 idtB=0.106 D_A=0.035 D_B=0.091 D_A(real)=0.94 D_A(fake)=0.06 gnG=27.35 gnD=7.63 it_per_s=10.58
2026-10-02 05:18:45,709 INFO iter=152300 epoch=22 lr=1.84e-04 G=4.762 advA2B=0.660 advB2A=0.851 cycA=0.103 cycB=0.120 idtA=0.099 idtB=0.107 D_A=0.035 D_B=0.091 D_A(real)=0.94 D_A(fake)=0.06 gnG=27.36 gnD=7.64 it_per_s=10.57
2026-10-02 05:18:55,520 INFO iter=152400 epoch=22 lr=1.83e-04 G=4.761 advA2B=0.660 advB2A=0.851 cycA=0.103 cycB=0.120 idtA=0.099 idtB=0.106 D_A=0.035 D_B=0.091 D_A(real)=0.94 D_A(fake)=0.06 gnG=27.43 gnD=7.64 it_per_s=10.56
2026-10-02 05:19:05,418 INFO iter=152500 epoch=22 lr=1.83e-04 G=4.760 advA2B=0.660 advB2A=0.851 cycA=0.103 cycB=0.120 idtA=0.098 idtB=0.107 D_A=0.035 D_B=0.091 D_A(real)=0.94 D_A(fake)=0.06 gnG=27.38 gnD=7.65 it_per_s=10.55
2026-10-02 05:19:15,546 INFO iter=152600 epoch=22 lr=1.83e-04 G=4.756 advA2B=0.659 advB2A=0.851 cycA=0.103 cycB=0.120 idtA=0.098 idtB=0.106 D_A=0.035 D_B=0.091 D_A(real)=0.94 D_A(fake)=0.06 gnG=27.34 gnD=7.66 it_per_s=10.54
2026-10-02 05:19:25,638 INFO iter=152700 epoch=22 lr=1.83e-04 G=4.754 advA2B=0.659 advB2A=0.851 cycA=0.103 cycB=0.119 idtA=0.098 idtB=0.106 D_A=0.035 D_B=0.091 D_A(real)=0.94 D_A(fake)=0.06 gnG=27.35 gnD=7.66 it_per_s=10.52
2026-10-02 05:19:35,228 INFO iter=152800 epoch=22 lr=1.83e-04 G=4.759 advA2B=0.660 advB2A=0.851 cycA=0.103 cycB=0.120 idtA=0.098 idtB=0.107 D_A=0.035 D_B=0.091 D_A(real)=0.94 D_A(fake)=0.06 gnG=27.41 gnD=7.65 it_per_s=10.52
2026-10-02 05:19:44,772 INFO iter=152900 epoch=22 lr=1.83e-04 G=4.761 advA2B=0.660 advB2A=0.851 cycA=0.103 cycB=0.120 idtA=0.098 idtB=0.107 D_A=0.035 D_B=0.091 D_A(real)=0.94 D_A(fake)=0.06 gnG=27.46 gnD=7.63 it_per_s=10.52
2026-10-02 05:19:54,215 INFO iter=153000 epoch=22 lr=1.83e-04 G=4.761 advA2B=0.661 advB2A=0.851 cycA=0.103 cycB=0.120 idtA=0.098 idtB=0.107 D_A=0.035 D_B=0.091 D_A(real)=0.94 D_A(fake)=0.06 gnG=27.48 gnD=7.64 it_per_s=10.52
2026-10-02 05:20:03,838 INFO iter=153100 epoch=22 lr=1.82e-04 G=4.769 advA2B=0.662 advB2A=0.851 cycA=0.103 cycB=0.120 idtA=0.098 idtB=0.107 D_A=0.035 D_B=0.091 D_A(real)=0.94 D_A(fake)=0.06 gnG=27.54 gnD=7.63 it_per_s=10.52
2026-10-02 05:20:13,285 INFO iter=153200 epoch=22 lr=1.82e-04 G=4.772 advA2B=0.663 advB2A=0.852 cycA=0.103 cycB=0.120 idtA=0.099 idtB=0.107 D_A=0.035 D_B=0.091 D_A(real)=0.94 D_A(fake)=0.06 gnG=27.54 gnD=7.62 it_per_s=10.52
2026-10-02 05:20:22,730 INFO iter=153300 epoch=22 lr=1.82e-04 G=4.772 advA2B=0.663 advB2A=0.852 cycA=0.103 cycB=0.120 idtA=0.099 idtB=0.107 D_A=0.035 D_B=0.090 D_A(real)=0.94 D_A(fake)=0.06 gnG=27.56 gnD=7.61 it_per_s=10.52
2026-10-02 05:20:32,262 INFO iter=153400 epoch=22 lr=1.82e-04 G=4.774 advA2B=0.663 advB2A=0.853 cycA=0.103 cycB=0.120 idtA=0.099 idtB=0.107 D_A=0.035 D_B=0.090 D_A(real)=0.94 D_A(fake)=0.06 gnG=27.53 gnD=7.60 it_per_s=10.52
2026-10-02 05:20:41,751 INFO iter=153500 epoch=22 lr=1.82e-04 G=4.776 advA2B=0.664 advB2A=0.853 cycA=0.103 cycB=0.120 idtA=0.099 idtB=0.107 D_A=0.035 D_B=0.090 D_A(real)=0.94 D_A(fake)=0.06 gnG=27.55 gnD=7.60 it_per_s=10.52
2026-10-02 05:20:51,159 INFO iter=153600 epoch=22 lr=1.82e-04 G=4.773 advA2B=0.663 advB2A=0.853 cycA=0.103 cycB=0.120 idtA=0.098 idtB=0.107 D_A=0.035 D_B=0.090 D_A(real)=0.94 D_A(fake)=0.06 gnG=27.53 gnD=7.60 it_per_s=10.52
2026-10-02 05:21:00,596 INFO iter=153700 epoch=22 lr=1.82e-04 G=4.769 advA2B=0.664 advB2A=0.853 cycA=0.103 cycB=0.120 idtA=0.098 idtB=0.107 D_A=0.035 D_B=0.090 D_A(real)=0.94 D_A(fake)=0.06 gnG=27.49 gnD=7.60 it_per_s=10.52
2026-10-02 05:21:10,089 INFO iter=153800 epoch=22 lr=1.81e-04 G=4.767 advA2B=0.663 advB2A=0.853 cycA=0.103 cycB=0.120 idtA=0.098 idtB=0.107 D_A=0.035 D_B=0.090 D_A(real)=0.94 D_A(fake)=0.06 gnG=27.48 gnD=7.61 it_per_s=10.52
2026-10-02 05:21:19,579 INFO iter=153900 epoch=22 lr=1.81e-04 G=4.766 advA2B=0.663 advB2A=0.853 cycA=0.103 cycB=0.120 idtA=0.098 idtB=0.107 D_A=0.035 D_B=0.090 D_A(real)=0.94 D_A(fake)=0.06 gnG=27.47 gnD=7.61 it_per_s=10.52
2026-10-02 05:21:28,994 INFO iter=154000 epoch=22 lr=1.81e-04 G=4.767 advA2B=0.663 advB2A=0.853 cycA=0.103 cycB=0.120 idtA=0.098 idtB=0.107 D_A=0.035 D_B=0.090 D_A(real)=0.94 D_A(fake)=0.06 gnG=27.45 gnD=7.60 it_per_s=10.53
2026-10-02 05:21:38,437 INFO iter=154100 epoch=22 lr=1.81e-04 G=4.766 advA2B=0.664 advB2A=0.852 cycA=0.103 cycB=0.120 idtA=0.098 idtB=0.107 D_A=0.035 D_B=0.090 D_A(real)=0.94 D_A(fake)=0.06 gnG=27.46 gnD=7.60 it_per_s=10.53
2026-10-02 05:21:47,901 INFO iter=154200 epoch=22 lr=1.81e-04 G=4.763 advA2B=0.664 advB2A=0.852 cycA=0.103 cycB=0.120 idtA=0.098 idtB=0.107 D_A=0.035 D_B=0.090 D_A(real)=0.94 D_A(fake)=0.06 gnG=27.47 gnD=7.61 it_per_s=10.53
2026-10-02 05:21:57,358 INFO iter=154300 epoch=22 lr=1.81e-04 G=4.762 advA2B=0.664 advB2A=0.851 cycA=0.103 cycB=0.120 idtA=0.098 idtB=0.107 D_A=0.035 D_B=0.090 D_A(real)=0.94 D_A(fake)=0.06 gnG=27.47 gnD=7.61 it_per_s=10.53
2026-10-02 05:22:06,825 INFO iter=154400 epoch=22 lr=1.81e-04 G=4.760 advA2B=0.664 advB2A=0.851 cycA=0.102 cycB=0.120 idtA=0.098 idtB=0.107 D_A=0.035 D_B=0.090 D_A(real)=0.94 D_A(fake)=0.06 gnG=27.43 gnD=7.61 it_per_s=10.53
2026-10-02 05:22:16,270 INFO iter=154500 epoch=22 lr=1.80e-04 G=4.759 advA2B=0.664 advB2A=0.851 cycA=0.102 cycB=0.120 idtA=0.098 idtB=0.107 D_A=0.035 D_B=0.090 D_A(real)=0.94 D_A(fake)=0.06 gnG=27.46 gnD=7.60 it_per_s=10.53
2026-10-02 05:22:25,704 INFO iter=154600 epoch=22 lr=1.80e-04 G=4.761 advA2B=0.664 advB2A=0.852 cycA=0.102 cycB=0.120 idtA=0.098 idtB=0.107 D_A=0.035 D_B=0.090 D_A(real)=0.94 D_A(fake)=0.06 gnG=27.47 gnD=7.61 it_per_s=10.53
2026-10-02 05:22:35,171 INFO iter=154700 epoch=22 lr=1.80e-04 G=4.761 advA2B=0.664 advB2A=0.853 cycA=0.102 cycB=0.120 idtA=0.098 idtB=0.107 D_A=0.035 D_B=0.090 D_A(real)=0.94 D_A(fake)=0.06 gnG=27.48 gnD=7.61 it_per_s=10.53
2026-10-02 05:22:44,645 INFO iter=154800 epoch=22 lr=1.80e-04 G=4.762 advA2B=0.664 advB2A=0.853 cycA=0.102 cycB=0.120 idtA=0.098 idtB=0.107 D_A=0.035 D_B=0.090 D_A(real)=0.94 D_A(fake)=0.06 gnG=27.53 gnD=7.61 it_per_s=10.53
2026-10-02 05:22:48,043 INFO epoch=22 done time_s=668 it_per_s=10.53 G=4.763 cycA=0.102 cycB=0.120 idtA=0.098 idtB=0.107 D_A=0.035 D_B=0.090 D_A(real)=0.94 D_A(fake)=0.06 nan_count=0
2026-10-02 05:22:48,044 WARNING epoch=22 D_A (Monet) loss 0.0349 is near 0: possible discriminator overfitting
2026-10-02 05:22:54,644 INFO iter=154900 epoch=23 lr=1.80e-04 G=4.784 advA2B=0.661 advB2A=0.833 cycA=0.101 cycB=0.121 idtA=0.101 idtB=0.111 D_A=0.030 D_B=0.084 D_A(real)=0.95 D_A(fake)=0.05 gnG=28.97 gnD=7.20 it_per_s=10.56
2026-10-02 05:23:04,084 INFO iter=155000 epoch=23 lr=1.80e-04 G=4.821 advA2B=0.662 advB2A=0.856 cycA=0.103 cycB=0.122 idtA=0.101 idtB=0.109 D_A=0.033 D_B=0.086 D_A(real)=0.94 D_A(fake)=0.06 gnG=27.87 gnD=7.46 it_per_s=10.58
2026-10-02 05:23:13,550 INFO iter=155100 epoch=23 lr=1.80e-04 G=4.725 advA2B=0.664 advB2A=0.849 cycA=0.100 cycB=0.120 idtA=0.098 idtB=0.105 D_A=0.033 D_B=0.089 D_A(real)=0.94 D_A(fake)=0.06 gnG=26.53 gnD=7.48 it_per_s=10.58
2026-10-02 05:23:22,969 INFO iter=155200 epoch=23 lr=1.79e-04 G=4.741 advA2B=0.672 advB2A=0.854 cycA=0.099 cycB=0.120 idtA=0.098 idtB=0.106 D_A=0.032 D_B=0.089 D_A(real)=0.95 D_A(fake)=0.05 gnG=26.79 gnD=7.50 it_per_s=10.59
2026-10-02 05:23:32,465 INFO iter=155300 epoch=23 lr=1.79e-04 G=4.730 advA2B=0.672 advB2A=0.857 cycA=0.099 cycB=0.120 idtA=0.097 idtB=0.105 D_A=0.033 D_B=0.089 D_A(real)=0.95 D_A(fake)=0.05 gnG=27.06 gnD=7.61 it_per_s=10.57
2026-10-02 05:23:41,951 INFO iter=155400 epoch=23 lr=1.79e-04 G=4.730 advA2B=0.676 advB2A=0.863 cycA=0.099 cycB=0.120 idtA=0.096 idtB=0.104 D_A=0.034 D_B=0.088 D_A(real)=0.95 D_A(fake)=0.05 gnG=27.14 gnD=7.61 it_per_s=10.57
2026-10-02 05:23:51,380 INFO iter=155500 epoch=23 lr=1.79e-04 G=4.713 advA2B=0.671 advB2A=0.859 cycA=0.099 cycB=0.119 idtA=0.095 idtB=0.105 D_A=0.034 D_B=0.088 D_A(real)=0.95 D_A(fake)=0.06 gnG=26.90 gnD=7.63 it_per_s=10.57
2026-10-02 05:24:00,798 INFO iter=155600 epoch=23 lr=1.79e-04 G=4.731 advA2B=0.671 advB2A=0.863 cycA=0.099 cycB=0.120 idtA=0.096 idtB=0.105 D_A=0.034 D_B=0.089 D_A(real)=0.95 D_A(fake)=0.05 gnG=26.96 gnD=7.63 it_per_s=10.58
2026-10-02 05:24:10,256 INFO iter=155700 epoch=23 lr=1.79e-04 G=4.731 advA2B=0.670 advB2A=0.868 cycA=0.100 cycB=0.119 idtA=0.096 idtB=0.105 D_A=0.034 D_B=0.089 D_A(real)=0.95 D_A(fake)=0.05 gnG=27.05 gnD=7.59 it_per_s=10.58
2026-10-02 05:24:19,661 INFO iter=155800 epoch=23 lr=1.79e-04 G=4.743 advA2B=0.674 advB2A=0.867 cycA=0.100 cycB=0.120 idtA=0.096 idtB=0.105 D_A=0.034 D_B=0.088 D_A(real)=0.95 D_A(fake)=0.05 gnG=27.28 gnD=7.58 it_per_s=10.58
2026-10-02 05:24:29,110 INFO iter=155900 epoch=23 lr=1.78e-04 G=4.732 advA2B=0.675 advB2A=0.864 cycA=0.099 cycB=0.119 idtA=0.095 idtB=0.105 D_A=0.033 D_B=0.089 D_A(real)=0.95 D_A(fake)=0.05 gnG=27.35 gnD=7.55 it_per_s=10.58
2026-10-02 05:24:38,596 INFO iter=156000 epoch=23 lr=1.78e-04 G=4.732 advA2B=0.675 advB2A=0.866 cycA=0.099 cycB=0.119 idtA=0.096 idtB=0.105 D_A=0.033 D_B=0.089 D_A(real)=0.95 D_A(fake)=0.05 gnG=27.32 gnD=7.56 it_per_s=10.58
2026-10-02 05:24:48,027 INFO iter=156100 epoch=23 lr=1.78e-04 G=4.733 advA2B=0.673 advB2A=0.868 cycA=0.100 cycB=0.119 idtA=0.096 idtB=0.104 D_A=0.033 D_B=0.089 D_A(real)=0.95 D_A(fake)=0.05 gnG=27.50 gnD=7.52 it_per_s=10.58
2026-10-02 05:24:57,714 INFO iter=156200 epoch=23 lr=1.78e-04 G=4.756 advA2B=0.672 advB2A=0.871 cycA=0.100 cycB=0.120 idtA=0.097 idtB=0.105 D_A=0.032 D_B=0.088 D_A(real)=0.95 D_A(fake)=0.05 gnG=27.48 gnD=7.49 it_per_s=10.56
2026-10-02 05:25:07,232 INFO iter=156300 epoch=23 lr=1.78e-04 G=4.768 advA2B=0.673 advB2A=0.875 cycA=0.100 cycB=0.121 idtA=0.097 idtB=0.105 D_A=0.032 D_B=0.088 D_A(real)=0.95 D_A(fake)=0.05 gnG=27.49 gnD=7.51 it_per_s=10.56
2026-10-02 05:25:16,632 INFO iter=156400 epoch=23 lr=1.78e-04 G=4.769 advA2B=0.673 advB2A=0.875 cycA=0.100 cycB=0.121 idtA=0.097 idtB=0.105 D_A=0.032 D_B=0.088 D_A(real)=0.95 D_A(fake)=0.05 gnG=27.54 gnD=7.53 it_per_s=10.56
2026-10-02 05:25:26,063 INFO iter=156500 epoch=23 lr=1.78e-04 G=4.791 advA2B=0.674 advB2A=0.882 cycA=0.101 cycB=0.121 idtA=0.098 idtB=0.104 D_A=0.032 D_B=0.088 D_A(real)=0.95 D_A(fake)=0.05 gnG=27.89 gnD=7.50 it_per_s=10.57
2026-10-02 05:25:35,475 INFO iter=156600 epoch=23 lr=1.77e-04 G=4.800 advA2B=0.673 advB2A=0.883 cycA=0.101 cycB=0.121 idtA=0.098 idtB=0.105 D_A=0.032 D_B=0.088 D_A(real)=0.95 D_A(fake)=0.05 gnG=27.88 gnD=7.51 it_per_s=10.57
2026-10-02 05:25:44,921 INFO iter=156700 epoch=23 lr=1.77e-04 G=4.798 advA2B=0.673 advB2A=0.885 cycA=0.101 cycB=0.121 idtA=0.098 idtB=0.105 D_A=0.031 D_B=0.088 D_A(real)=0.95 D_A(fake)=0.05 gnG=27.80 gnD=7.47 it_per_s=10.57
2026-10-02 05:25:54,380 INFO iter=156800 epoch=23 lr=1.77e-04 G=4.795 advA2B=0.674 advB2A=0.883 cycA=0.101 cycB=0.121 idtA=0.098 idtB=0.105 D_A=0.031 D_B=0.088 D_A(real)=0.95 D_A(fake)=0.05 gnG=27.82 gnD=7.46 it_per_s=10.57
2026-10-02 05:26:03,825 INFO iter=156900 epoch=23 lr=1.77e-04 G=4.790 advA2B=0.675 advB2A=0.882 cycA=0.101 cycB=0.120 idtA=0.098 idtB=0.105 D_A=0.031 D_B=0.087 D_A(real)=0.95 D_A(fake)=0.05 gnG=27.78 gnD=7.45 it_per_s=10.57
2026-10-02 05:26:13,250 INFO iter=157000 epoch=23 lr=1.77e-04 G=4.787 advA2B=0.675 advB2A=0.882 cycA=0.101 cycB=0.120 idtA=0.098 idtB=0.105 D_A=0.031 D_B=0.087 D_A(real)=0.95 D_A(fake)=0.05 gnG=27.68 gnD=7.42 it_per_s=10.57
2026-10-02 05:26:22,681 INFO iter=157100 epoch=23 lr=1.77e-04 G=4.787 advA2B=0.675 advB2A=0.882 cycA=0.101 cycB=0.120 idtA=0.098 idtB=0.105 D_A=0.031 D_B=0.088 D_A(real)=0.95 D_A(fake)=0.05 gnG=27.62 gnD=7.47 it_per_s=10.57
2026-10-02 05:26:32,185 INFO iter=157200 epoch=23 lr=1.77e-04 G=4.782 advA2B=0.675 advB2A=0.884 cycA=0.101 cycB=0.120 idtA=0.098 idtB=0.105 D_A=0.031 D_B=0.088 D_A(real)=0.95 D_A(fake)=0.05 gnG=27.65 gnD=7.46 it_per_s=10.57
2026-10-02 05:26:41,636 INFO iter=157300 epoch=23 lr=1.77e-04 G=4.777 advA2B=0.673 advB2A=0.882 cycA=0.101 cycB=0.120 idtA=0.098 idtB=0.104 D_A=0.031 D_B=0.088 D_A(real)=0.95 D_A(fake)=0.05 gnG=27.57 gnD=7.46 it_per_s=10.57
2026-10-02 05:26:51,083 INFO iter=157400 epoch=23 lr=1.76e-04 G=4.774 advA2B=0.672 advB2A=0.881 cycA=0.101 cycB=0.120 idtA=0.098 idtB=0.104 D_A=0.031 D_B=0.088 D_A(real)=0.95 D_A(fake)=0.05 gnG=27.48 gnD=7.46 it_per_s=10.57
2026-10-02 05:27:00,526 INFO iter=157500 epoch=23 lr=1.76e-04 G=4.767 advA2B=0.673 advB2A=0.879 cycA=0.101 cycB=0.120 idtA=0.097 idtB=0.104 D_A=0.031 D_B=0.088 D_A(real)=0.95 D_A(fake)=0.05 gnG=27.49 gnD=7.45 it_per_s=10.57
2026-10-02 05:27:09,955 INFO iter=157600 epoch=23 lr=1.76e-04 G=4.761 advA2B=0.672 advB2A=0.878 cycA=0.101 cycB=0.119 idtA=0.097 idtB=0.104 D_A=0.031 D_B=0.088 D_A(real)=0.95 D_A(fake)=0.05 gnG=27.42 gnD=7.48 it_per_s=10.57
2026-10-02 05:27:19,403 INFO iter=157700 epoch=23 lr=1.76e-04 G=4.763 advA2B=0.672 advB2A=0.877 cycA=0.101 cycB=0.120 idtA=0.097 idtB=0.104 D_A=0.031 D_B=0.088 D_A(real)=0.95 D_A(fake)=0.05 gnG=27.55 gnD=7.47 it_per_s=10.58
2026-10-02 05:27:28,848 INFO iter=157800 epoch=23 lr=1.76e-04 G=4.758 advA2B=0.672 advB2A=0.876 cycA=0.101 cycB=0.119 idtA=0.097 idtB=0.104 D_A=0.031 D_B=0.089 D_A(real)=0.95 D_A(fake)=0.05 gnG=27.49 gnD=7.50 it_per_s=10.58
2026-10-02 05:27:38,161 INFO iter=157900 epoch=23 lr=1.76e-04 G=4.756 advA2B=0.672 advB2A=0.875 cycA=0.101 cycB=0.119 idtA=0.097 idtB=0.104 D_A=0.031 D_B=0.089 D_A(real)=0.95 D_A(fake)=0.05 gnG=27.51 gnD=7.52 it_per_s=10.58
2026-10-02 05:27:47,422 INFO iter=158000 epoch=23 lr=1.76e-04 G=4.750 advA2B=0.672 advB2A=0.874 cycA=0.101 cycB=0.119 idtA=0.097 idtB=0.104 D_A=0.031 D_B=0.089 D_A(real)=0.95 D_A(fake)=0.05 gnG=27.46 gnD=7.53 it_per_s=10.59
2026-10-02 05:27:56,856 INFO iter=158100 epoch=23 lr=1.75e-04 G=4.743 advA2B=0.671 advB2A=0.872 cycA=0.101 cycB=0.119 idtA=0.097 idtB=0.104 D_A=0.032 D_B=0.089 D_A(real)=0.95 D_A(fake)=0.05 gnG=27.46 gnD=7.54 it_per_s=10.59
2026-10-02 05:28:06,279 INFO iter=158200 epoch=23 lr=1.75e-04 G=4.741 advA2B=0.672 advB2A=0.872 cycA=0.101 cycB=0.119 idtA=0.097 idtB=0.104 D_A=0.032 D_B=0.089 D_A(real)=0.95 D_A(fake)=0.05 gnG=27.44 gnD=7.55 it_per_s=10.59
2026-10-02 05:28:15,692 INFO iter=158300 epoch=23 lr=1.75e-04 G=4.743 advA2B=0.672 advB2A=0.871 cycA=0.101 cycB=0.119 idtA=0.097 idtB=0.105 D_A=0.032 D_B=0.089 D_A(real)=0.95 D_A(fake)=0.05 gnG=27.42 gnD=7.54 it_per_s=10.59
2026-10-02 05:28:25,136 INFO iter=158400 epoch=23 lr=1.75e-04 G=4.741 advA2B=0.672 advB2A=0.870 cycA=0.101 cycB=0.119 idtA=0.097 idtB=0.104 D_A=0.032 D_B=0.089 D_A(real)=0.95 D_A(fake)=0.05 gnG=27.40 gnD=7.54 it_per_s=10.59
2026-10-02 05:28:34,550 INFO iter=158500 epoch=23 lr=1.75e-04 G=4.738 advA2B=0.672 advB2A=0.869 cycA=0.101 cycB=0.119 idtA=0.096 idtB=0.104 D_A=0.032 D_B=0.089 D_A(real)=0.95 D_A(fake)=0.05 gnG=27.47 gnD=7.54 it_per_s=10.59
2026-10-02 05:28:43,989 INFO iter=158600 epoch=23 lr=1.75e-04 G=4.735 advA2B=0.672 advB2A=0.868 cycA=0.101 cycB=0.118 idtA=0.096 idtB=0.104 D_A=0.032 D_B=0.088 D_A(real)=0.95 D_A(fake)=0.05 gnG=27.49 gnD=7.54 it_per_s=10.59
2026-10-02 05:28:53,431 INFO iter=158700 epoch=23 lr=1.75e-04 G=4.736 advA2B=0.673 advB2A=0.866 cycA=0.101 cycB=0.119 idtA=0.096 idtB=0.105 D_A=0.032 D_B=0.088 D_A(real)=0.95 D_A(fake)=0.05 gnG=27.53 gnD=7.54 it_per_s=10.59
2026-10-02 05:29:02,875 INFO iter=158800 epoch=23 lr=1.74e-04 G=4.732 advA2B=0.673 advB2A=0.866 cycA=0.101 cycB=0.118 idtA=0.096 idtB=0.104 D_A=0.032 D_B=0.088 D_A(real)=0.95 D_A(fake)=0.05 gnG=27.51 gnD=7.54 it_per_s=10.59
2026-10-02 05:29:12,276 INFO iter=158900 epoch=23 lr=1.74e-04 G=4.731 advA2B=0.673 advB2A=0.865 cycA=0.101 cycB=0.118 idtA=0.096 idtB=0.104 D_A=0.032 D_B=0.088 D_A(real)=0.95 D_A(fake)=0.05 gnG=27.48 gnD=7.54 it_per_s=10.59
2026-10-02 05:29:21,718 INFO iter=159000 epoch=23 lr=1.74e-04 G=4.724 advA2B=0.673 advB2A=0.865 cycA=0.100 cycB=0.118 idtA=0.096 idtB=0.104 D_A=0.033 D_B=0.088 D_A(real)=0.95 D_A(fake)=0.05 gnG=27.49 gnD=7.56 it_per_s=10.59
2026-10-02 05:29:31,157 INFO iter=159100 epoch=23 lr=1.74e-04 G=4.727 advA2B=0.673 advB2A=0.865 cycA=0.100 cycB=0.118 idtA=0.096 idtB=0.104 D_A=0.033 D_B=0.088 D_A(real)=0.95 D_A(fake)=0.05 gnG=27.49 gnD=7.55 it_per_s=10.59
2026-10-02 05:29:40,279 INFO iter=159200 epoch=23 lr=1.74e-04 G=4.726 advA2B=0.673 advB2A=0.865 cycA=0.100 cycB=0.118 idtA=0.096 idtB=0.105 D_A=0.033 D_B=0.088 D_A(real)=0.95 D_A(fake)=0.05 gnG=27.44 gnD=7.55 it_per_s=10.60
2026-10-02 05:29:49,746 INFO iter=159300 epoch=23 lr=1.74e-04 G=4.724 advA2B=0.674 advB2A=0.865 cycA=0.100 cycB=0.118 idtA=0.096 idtB=0.105 D_A=0.033 D_B=0.088 D_A(real)=0.95 D_A(fake)=0.05 gnG=27.44 gnD=7.55 it_per_s=10.60
2026-10-02 05:29:59,202 INFO iter=159400 epoch=23 lr=1.74e-04 G=4.723 advA2B=0.674 advB2A=0.865 cycA=0.100 cycB=0.118 idtA=0.096 idtB=0.105 D_A=0.033 D_B=0.088 D_A(real)=0.95 D_A(fake)=0.05 gnG=27.45 gnD=7.53 it_per_s=10.60
2026-10-02 05:30:08,523 INFO iter=159500 epoch=23 lr=1.73e-04 G=4.722 advA2B=0.674 advB2A=0.865 cycA=0.100 cycB=0.118 idtA=0.096 idtB=0.105 D_A=0.033 D_B=0.088 D_A(real)=0.95 D_A(fake)=0.05 gnG=27.39 gnD=7.52 it_per_s=10.60
2026-10-02 05:30:17,805 INFO iter=159600 epoch=23 lr=1.73e-04 G=4.716 advA2B=0.673 advB2A=0.865 cycA=0.100 cycB=0.118 idtA=0.096 idtB=0.104 D_A=0.032 D_B=0.088 D_A(real)=0.95 D_A(fake)=0.05 gnG=27.33 gnD=7.53 it_per_s=10.60
2026-10-02 05:30:27,408 INFO iter=159700 epoch=23 lr=1.73e-04 G=4.714 advA2B=0.673 advB2A=0.865 cycA=0.100 cycB=0.118 idtA=0.095 idtB=0.104 D_A=0.032 D_B=0.088 D_A(real)=0.95 D_A(fake)=0.05 gnG=27.33 gnD=7.52 it_per_s=10.60
2026-10-02 05:30:36,682 INFO iter=159800 epoch=23 lr=1.73e-04 G=4.711 advA2B=0.674 advB2A=0.864 cycA=0.100 cycB=0.118 idtA=0.095 idtB=0.104 D_A=0.033 D_B=0.088 D_A(real)=0.95 D_A(fake)=0.05 gnG=27.37 gnD=7.53 it_per_s=10.60
2026-10-02 05:30:45,809 INFO iter=159900 epoch=23 lr=1.73e-04 G=4.715 advA2B=0.674 advB2A=0.863 cycA=0.100 cycB=0.118 idtA=0.095 idtB=0.105 D_A=0.033 D_B=0.088 D_A(real)=0.95 D_A(fake)=0.05 gnG=27.36 gnD=7.52 it_per_s=10.61
2026-10-02 05:30:55,263 INFO iter=160000 epoch=23 lr=1.73e-04 G=4.714 advA2B=0.674 advB2A=0.862 cycA=0.100 cycB=0.118 idtA=0.095 idtB=0.105 D_A=0.033 D_B=0.088 D_A(real)=0.95 D_A(fake)=0.05 gnG=27.36 gnD=7.52 it_per_s=10.61
2026-10-02 05:31:04,699 INFO iter=160100 epoch=23 lr=1.73e-04 G=4.717 advA2B=0.674 advB2A=0.863 cycA=0.100 cycB=0.118 idtA=0.095 idtB=0.105 D_A=0.033 D_B=0.088 D_A(real)=0.95 D_A(fake)=0.05 gnG=27.39 gnD=7.54 it_per_s=10.61
2026-10-02 05:31:13,812 INFO iter=160200 epoch=23 lr=1.72e-04 G=4.720 advA2B=0.674 advB2A=0.864 cycA=0.100 cycB=0.118 idtA=0.095 idtB=0.105 D_A=0.033 D_B=0.088 D_A(real)=0.95 D_A(fake)=0.05 gnG=27.36 gnD=7.53 it_per_s=10.62
2026-10-02 05:31:23,247 INFO iter=160300 epoch=23 lr=1.72e-04 G=4.721 advA2B=0.674 advB2A=0.863 cycA=0.100 cycB=0.118 idtA=0.095 idtB=0.105 D_A=0.033 D_B=0.088 D_A(real)=0.95 D_A(fake)=0.05 gnG=27.32 gnD=7.54 it_per_s=10.62
2026-10-02 05:31:32,875 INFO iter=160400 epoch=23 lr=1.72e-04 G=4.718 advA2B=0.673 advB2A=0.863 cycA=0.100 cycB=0.118 idtA=0.095 idtB=0.105 D_A=0.033 D_B=0.088 D_A(real)=0.95 D_A(fake)=0.05 gnG=27.29 gnD=7.54 it_per_s=10.61
2026-10-02 05:31:41,965 INFO iter=160500 epoch=23 lr=1.72e-04 G=4.719 advA2B=0.674 advB2A=0.863 cycA=0.100 cycB=0.118 idtA=0.095 idtB=0.105 D_A=0.033 D_B=0.088 D_A(real)=0.95 D_A(fake)=0.05 gnG=27.30 gnD=7.54 it_per_s=10.62
2026-10-02 05:31:51,313 INFO iter=160600 epoch=23 lr=1.72e-04 G=4.721 advA2B=0.674 advB2A=0.863 cycA=0.100 cycB=0.118 idtA=0.095 idtB=0.105 D_A=0.033 D_B=0.088 D_A(real)=0.95 D_A(fake)=0.05 gnG=27.30 gnD=7.53 it_per_s=10.62
2026-10-02 05:32:00,794 INFO iter=160700 epoch=23 lr=1.72e-04 G=4.724 advA2B=0.674 advB2A=0.863 cycA=0.100 cycB=0.118 idtA=0.095 idtB=0.105 D_A=0.032 D_B=0.088 D_A(real)=0.95 D_A(fake)=0.05 gnG=27.33 gnD=7.53 it_per_s=10.62
2026-10-02 05:32:09,994 INFO iter=160800 epoch=23 lr=1.72e-04 G=4.723 advA2B=0.674 advB2A=0.863 cycA=0.100 cycB=0.118 idtA=0.095 idtB=0.105 D_A=0.032 D_B=0.088 D_A(real)=0.95 D_A(fake)=0.05 gnG=27.32 gnD=7.52 it_per_s=10.62
2026-10-02 05:32:19,305 INFO iter=160900 epoch=23 lr=1.71e-04 G=4.725 advA2B=0.674 advB2A=0.863 cycA=0.100 cycB=0.119 idtA=0.095 idtB=0.105 D_A=0.032 D_B=0.088 D_A(real)=0.95 D_A(fake)=0.05 gnG=27.37 gnD=7.53 it_per_s=10.63
2026-10-02 05:32:28,774 INFO iter=161000 epoch=23 lr=1.71e-04 G=4.723 advA2B=0.674 advB2A=0.862 cycA=0.100 cycB=0.118 idtA=0.095 idtB=0.105 D_A=0.033 D_B=0.088 D_A(real)=0.95 D_A(fake)=0.05 gnG=27.34 gnD=7.53 it_per_s=10.62
2026-10-02 05:32:38,027 INFO iter=161100 epoch=23 lr=1.71e-04 G=4.725 advA2B=0.674 advB2A=0.862 cycA=0.100 cycB=0.118 idtA=0.096 idtB=0.105 D_A=0.033 D_B=0.088 D_A(real)=0.95 D_A(fake)=0.05 gnG=27.34 gnD=7.53 it_per_s=10.63
2026-10-02 05:32:47,248 INFO iter=161200 epoch=23 lr=1.71e-04 G=4.721 advA2B=0.674 advB2A=0.862 cycA=0.100 cycB=0.118 idtA=0.095 idtB=0.105 D_A=0.033 D_B=0.088 D_A(real)=0.95 D_A(fake)=0.05 gnG=27.34 gnD=7.54 it_per_s=10.63
2026-10-02 05:32:56,751 INFO iter=161300 epoch=23 lr=1.71e-04 G=4.719 advA2B=0.674 advB2A=0.862 cycA=0.100 cycB=0.118 idtA=0.095 idtB=0.105 D_A=0.033 D_B=0.088 D_A(real)=0.95 D_A(fake)=0.05 gnG=27.34 gnD=7.54 it_per_s=10.63
2026-10-02 05:33:06,127 INFO iter=161400 epoch=23 lr=1.71e-04 G=4.718 advA2B=0.674 advB2A=0.861 cycA=0.100 cycB=0.118 idtA=0.095 idtB=0.105 D_A=0.033 D_B=0.088 D_A(real)=0.95 D_A(fake)=0.05 gnG=27.35 gnD=7.54 it_per_s=10.63
2026-10-02 05:33:15,219 INFO iter=161500 epoch=23 lr=1.71e-04 G=4.717 advA2B=0.674 advB2A=0.861 cycA=0.100 cycB=0.118 idtA=0.095 idtB=0.105 D_A=0.033 D_B=0.088 D_A(real)=0.95 D_A(fake)=0.05 gnG=27.34 gnD=7.54 it_per_s=10.63
2026-10-02 05:33:24,651 INFO iter=161600 epoch=23 lr=1.70e-04 G=4.715 advA2B=0.674 advB2A=0.861 cycA=0.100 cycB=0.118 idtA=0.095 idtB=0.105 D_A=0.033 D_B=0.088 D_A(real)=0.95 D_A(fake)=0.05 gnG=27.36 gnD=7.54 it_per_s=10.63
2026-10-02 05:33:34,085 INFO iter=161700 epoch=23 lr=1.70e-04 G=4.710 advA2B=0.673 advB2A=0.860 cycA=0.100 cycB=0.118 idtA=0.095 idtB=0.105 D_A=0.033 D_B=0.088 D_A(real)=0.95 D_A(fake)=0.05 gnG=27.31 gnD=7.54 it_per_s=10.63
2026-10-02 05:33:43,141 INFO iter=161800 epoch=23 lr=1.70e-04 G=4.709 advA2B=0.674 advB2A=0.859 cycA=0.100 cycB=0.118 idtA=0.095 idtB=0.104 D_A=0.033 D_B=0.088 D_A(real)=0.95 D_A(fake)=0.05 gnG=27.31 gnD=7.54 it_per_s=10.64
2026-10-02 05:33:50,042 INFO epoch=23 done time_s=661 it_per_s=10.64 G=4.709 cycA=0.100 cycB=0.118 idtA=0.095 idtB=0.104 D_A=0.033 D_B=0.088 D_A(real)=0.95 D_A(fake)=0.05 nan_count=0
2026-10-02 05:33:50,044 WARNING epoch=23 D_A (Monet) loss 0.0329 is near 0: possible discriminator overfitting
2026-10-02 05:33:53,054 INFO iter=161900 epoch=24 lr=1.70e-04 G=4.476 advA2B=0.651 advB2A=0.873 cycA=0.103 cycB=0.100 idtA=0.098 idtB=0.088 D_A=0.035 D_B=0.092 D_A(real)=0.95 D_A(fake)=0.05 gnG=26.12 gnD=7.72 it_per_s=10.52
2026-10-02 05:34:02,557 INFO iter=162000 epoch=24 lr=1.70e-04 G=4.431 advA2B=0.647 advB2A=0.861 cycA=0.094 cycB=0.106 idtA=0.088 idtB=0.096 D_A=0.034 D_B=0.087 D_A(real)=0.95 D_A(fake)=0.05 gnG=25.26 gnD=7.23 it_per_s=10.52
2026-10-02 05:34:11,842 INFO iter=162100 epoch=24 lr=1.70e-04 G=4.441 advA2B=0.649 advB2A=0.848 cycA=0.096 cycB=0.106 idtA=0.089 idtB=0.096 D_A=0.034 D_B=0.089 D_A(real)=0.94 D_A(fake)=0.06 gnG=25.72 gnD=7.47 it_per_s=10.63
2026-10-02 05:34:21,213 INFO iter=162200 epoch=24 lr=1.70e-04 G=4.487 advA2B=0.659 advB2A=0.853 cycA=0.095 cycB=0.109 idtA=0.088 idtB=0.099 D_A=0.032 D_B=0.092 D_A(real)=0.94 D_A(fake)=0.06 gnG=25.63 gnD=7.67 it_per_s=10.64
2026-10-02 05:34:30,666 INFO iter=162300 epoch=24 lr=1.69e-04 G=4.551 advA2B=0.662 advB2A=0.856 cycA=0.096 cycB=0.112 idtA=0.089 idtB=0.101 D_A=0.031 D_B=0.092 D_A(real)=0.95 D_A(fake)=0.05 gnG=25.78 gnD=7.51 it_per_s=10.63
2026-10-02 05:34:40,104 INFO iter=162400 epoch=24 lr=1.69e-04 G=4.561 advA2B=0.658 advB2A=0.857 cycA=0.097 cycB=0.112 idtA=0.091 idtB=0.100 D_A=0.031 D_B=0.093 D_A(real)=0.95 D_A(fake)=0.05 gnG=25.81 gnD=7.56 it_per_s=10.62
2026-10-02 05:34:49,577 INFO iter=162500 epoch=24 lr=1.69e-04 G=4.562 advA2B=0.656 advB2A=0.856 cycA=0.097 cycB=0.112 idtA=0.091 idtB=0.101 D_A=0.032 D_B=0.091 D_A(real)=0.95 D_A(fake)=0.05 gnG=26.50 gnD=7.53 it_per_s=10.61
2026-10-02 05:34:59,166 INFO iter=162600 epoch=24 lr=1.69e-04 G=4.564 advA2B=0.649 advB2A=0.854 cycA=0.097 cycB=0.113 idtA=0.090 idtB=0.102 D_A=0.032 D_B=0.092 D_A(real)=0.95 D_A(fake)=0.05 gnG=26.36 gnD=7.53 it_per_s=10.59
2026-10-02 05:35:08,644 INFO iter=162700 epoch=24 lr=1.69e-04 G=4.560 advA2B=0.649 advB2A=0.854 cycA=0.097 cycB=0.113 idtA=0.091 idtB=0.101 D_A=0.032 D_B=0.091 D_A(real)=0.95 D_A(fake)=0.05 gnG=26.35 gnD=7.52 it_per_s=10.58
2026-10-02 05:35:18,087 INFO iter=162800 epoch=24 lr=1.69e-04 G=4.568 advA2B=0.655 advB2A=0.856 cycA=0.097 cycB=0.113 idtA=0.091 idtB=0.101 D_A=0.032 D_B=0.091 D_A(real)=0.95 D_A(fake)=0.05 gnG=26.54 gnD=7.53 it_per_s=10.58
2026-10-02 05:35:27,570 INFO iter=162900 epoch=24 lr=1.69e-04 G=4.574 advA2B=0.656 advB2A=0.857 cycA=0.097 cycB=0.113 idtA=0.091 idtB=0.101 D_A=0.032 D_B=0.090 D_A(real)=0.95 D_A(fake)=0.05 gnG=26.63 gnD=7.50 it_per_s=10.58
2026-10-02 05:35:37,004 INFO iter=163000 epoch=24 lr=1.68e-04 G=4.590 advA2B=0.660 advB2A=0.856 cycA=0.098 cycB=0.113 idtA=0.092 idtB=0.101 D_A=0.032 D_B=0.090 D_A(real)=0.95 D_A(fake)=0.05 gnG=26.62 gnD=7.50 it_per_s=10.58
2026-10-02 05:35:46,409 INFO iter=163100 epoch=24 lr=1.68e-04 G=4.598 advA2B=0.662 advB2A=0.856 cycA=0.098 cycB=0.114 idtA=0.092 idtB=0.102 D_A=0.032 D_B=0.090 D_A(real)=0.95 D_A(fake)=0.05 gnG=26.61 gnD=7.55 it_per_s=10.58
2026-10-02 05:35:55,836 INFO iter=163200 epoch=24 lr=1.68e-04 G=4.593 advA2B=0.662 advB2A=0.856 cycA=0.097 cycB=0.114 idtA=0.092 idtB=0.101 D_A=0.032 D_B=0.090 D_A(real)=0.95 D_A(fake)=0.05 gnG=26.71 gnD=7.55 it_per_s=10.59
2026-10-02 05:36:05,299 INFO iter=163300 epoch=24 lr=1.68e-04 G=4.587 advA2B=0.659 advB2A=0.854 cycA=0.098 cycB=0.113 idtA=0.092 idtB=0.101 D_A=0.032 D_B=0.090 D_A(real)=0.95 D_A(fake)=0.05 gnG=26.93 gnD=7.56 it_per_s=10.59
2026-10-02 05:36:14,712 INFO iter=163400 epoch=24 lr=1.68e-04 G=4.612 advA2B=0.660 advB2A=0.855 cycA=0.098 cycB=0.114 idtA=0.092 idtB=0.102 D_A=0.032 D_B=0.089 D_A(real)=0.95 D_A(fake)=0.05 gnG=27.00 gnD=7.53 it_per_s=10.59
2026-10-02 05:36:24,130 INFO iter=163500 epoch=24 lr=1.68e-04 G=4.616 advA2B=0.659 advB2A=0.855 cycA=0.098 cycB=0.115 idtA=0.093 idtB=0.103 D_A=0.032 D_B=0.090 D_A(real)=0.95 D_A(fake)=0.05 gnG=26.82 gnD=7.54 it_per_s=10.59
2026-10-02 05:36:33,863 INFO iter=163600 epoch=24 lr=1.68e-04 G=4.622 advA2B=0.660 advB2A=0.857 cycA=0.098 cycB=0.115 idtA=0.093 idtB=0.103 D_A=0.032 D_B=0.089 D_A(real)=0.95 D_A(fake)=0.05 gnG=26.96 gnD=7.55 it_per_s=10.57
2026-10-02 05:36:43,265 INFO iter=163700 epoch=24 lr=1.67e-04 G=4.636 advA2B=0.663 advB2A=0.857 cycA=0.098 cycB=0.115 idtA=0.093 idtB=0.103 D_A=0.032 D_B=0.089 D_A(real)=0.95 D_A(fake)=0.05 gnG=27.05 gnD=7.56 it_per_s=10.57
2026-10-02 05:36:52,683 INFO iter=163800 epoch=24 lr=1.67e-04 G=4.648 advA2B=0.665 advB2A=0.856 cycA=0.098 cycB=0.116 idtA=0.093 idtB=0.104 D_A=0.032 D_B=0.089 D_A(real)=0.95 D_A(fake)=0.05 gnG=27.15 gnD=7.54 it_per_s=10.58
2026-10-02 05:37:02,153 INFO iter=163900 epoch=24 lr=1.67e-04 G=4.655 advA2B=0.668 advB2A=0.855 cycA=0.098 cycB=0.116 idtA=0.093 idtB=0.104 D_A=0.033 D_B=0.088 D_A(real)=0.95 D_A(fake)=0.05 gnG=27.37 gnD=7.53 it_per_s=10.58
2026-10-02 05:37:11,545 INFO iter=164000 epoch=24 lr=1.67e-04 G=4.658 advA2B=0.671 advB2A=0.854 cycA=0.099 cycB=0.116 idtA=0.093 idtB=0.104 D_A=0.032 D_B=0.088 D_A(real)=0.95 D_A(fake)=0.05 gnG=27.48 gnD=7.52 it_per_s=10.58
2026-10-02 05:37:20,937 INFO iter=164100 epoch=24 lr=1.67e-04 G=4.665 advA2B=0.672 advB2A=0.855 cycA=0.099 cycB=0.117 idtA=0.093 idtB=0.104 D_A=0.032 D_B=0.088 D_A(real)=0.95 D_A(fake)=0.05 gnG=27.46 gnD=7.49 it_per_s=10.58
2026-10-02 05:37:30,310 INFO iter=164200 epoch=24 lr=1.67e-04 G=4.662 advA2B=0.671 advB2A=0.854 cycA=0.099 cycB=0.116 idtA=0.093 idtB=0.104 D_A=0.032 D_B=0.088 D_A(real)=0.95 D_A(fake)=0.05 gnG=27.43 gnD=7.50 it_per_s=10.59
2026-10-02 05:37:39,669 INFO iter=164300 epoch=24 lr=1.67e-04 G=4.663 advA2B=0.671 advB2A=0.855 cycA=0.099 cycB=0.116 idtA=0.093 idtB=0.104 D_A=0.032 D_B=0.088 D_A(real)=0.95 D_A(fake)=0.05 gnG=27.44 gnD=7.51 it_per_s=10.59
2026-10-02 05:37:49,085 INFO iter=164400 epoch=24 lr=1.66e-04 G=4.662 advA2B=0.671 advB2A=0.856 cycA=0.099 cycB=0.116 idtA=0.094 idtB=0.104 D_A=0.032 D_B=0.088 D_A(real)=0.95 D_A(fake)=0.05 gnG=27.49 gnD=7.49 it_per_s=10.59
2026-10-02 05:37:58,494 INFO iter=164500 epoch=24 lr=1.66e-04 G=4.665 advA2B=0.673 advB2A=0.857 cycA=0.099 cycB=0.116 idtA=0.093 idtB=0.104 D_A=0.032 D_B=0.088 D_A(real)=0.95 D_A(fake)=0.05 gnG=27.56 gnD=7.49 it_per_s=10.59
2026-10-02 05:38:07,897 INFO iter=164600 epoch=24 lr=1.66e-04 G=4.669 advA2B=0.673 advB2A=0.858 cycA=0.099 cycB=0.116 idtA=0.094 idtB=0.104 D_A=0.032 D_B=0.087 D_A(real)=0.95 D_A(fake)=0.05 gnG=27.61 gnD=7.49 it_per_s=10.59
2026-10-02 05:38:17,344 INFO iter=164700 epoch=24 lr=1.66e-04 G=4.669 advA2B=0.672 advB2A=0.859 cycA=0.099 cycB=0.116 idtA=0.094 idtB=0.104 D_A=0.032 D_B=0.088 D_A(real)=0.95 D_A(fake)=0.05 gnG=27.57 gnD=7.50 it_per_s=10.59
2026-10-02 05:38:26,760 INFO iter=164800 epoch=24 lr=1.66e-04 G=4.669 advA2B=0.672 advB2A=0.860 cycA=0.099 cycB=0.116 idtA=0.094 idtB=0.104 D_A=0.032 D_B=0.088 D_A(real)=0.95 D_A(fake)=0.05 gnG=27.60 gnD=7.52 it_per_s=10.59
2026-10-02 05:38:36,183 INFO iter=164900 epoch=24 lr=1.66e-04 G=4.673 advA2B=0.672 advB2A=0.860 cycA=0.099 cycB=0.116 idtA=0.094 idtB=0.104 D_A=0.032 D_B=0.088 D_A(real)=0.95 D_A(fake)=0.05 gnG=27.57 gnD=7.54 it_per_s=10.60
2026-10-02 05:38:45,444 INFO iter=165000 epoch=24 lr=1.66e-04 G=4.674 advA2B=0.672 advB2A=0.860 cycA=0.099 cycB=0.117 idtA=0.093 idtB=0.104 D_A=0.032 D_B=0.088 D_A(real)=0.95 D_A(fake)=0.05 gnG=27.49 gnD=7.54 it_per_s=10.60
2026-10-02 05:38:54,791 INFO iter=165100 epoch=24 lr=1.65e-04 G=4.674 advA2B=0.672 advB2A=0.859 cycA=0.099 cycB=0.117 idtA=0.093 idtB=0.104 D_A=0.032 D_B=0.088 D_A(real)=0.95 D_A(fake)=0.05 gnG=27.54 gnD=7.54 it_per_s=10.60
2026-10-02 05:39:04,196 INFO iter=165200 epoch=24 lr=1.65e-04 G=4.671 advA2B=0.672 advB2A=0.859 cycA=0.099 cycB=0.117 idtA=0.093 idtB=0.104 D_A=0.032 D_B=0.088 D_A(real)=0.95 D_A(fake)=0.05 gnG=27.53 gnD=7.53 it_per_s=10.61
2026-10-02 05:39:13,518 INFO iter=165300 epoch=24 lr=1.65e-04 G=4.667 advA2B=0.671 advB2A=0.858 cycA=0.099 cycB=0.117 idtA=0.093 idtB=0.104 D_A=0.032 D_B=0.088 D_A(real)=0.95 D_A(fake)=0.05 gnG=27.55 gnD=7.54 it_per_s=10.61
2026-10-02 05:39:22,802 INFO iter=165400 epoch=24 lr=1.65e-04 G=4.665 advA2B=0.671 advB2A=0.858 cycA=0.099 cycB=0.116 idtA=0.093 idtB=0.104 D_A=0.032 D_B=0.088 D_A(real)=0.95 D_A(fake)=0.05 gnG=27.51 gnD=7.54 it_per_s=10.61
2026-10-02 05:39:32,226 INFO iter=165500 epoch=24 lr=1.65e-04 G=4.661 advA2B=0.673 advB2A=0.858 cycA=0.098 cycB=0.116 idtA=0.093 idtB=0.104 D_A=0.032 D_B=0.088 D_A(real)=0.95 D_A(fake)=0.05 gnG=27.52 gnD=7.53 it_per_s=10.61
2026-10-02 05:39:41,500 INFO iter=165600 epoch=24 lr=1.65e-04 G=4.664 advA2B=0.674 advB2A=0.858 cycA=0.098 cycB=0.116 idtA=0.093 idtB=0.104 D_A=0.032 D_B=0.088 D_A(real)=0.95 D_A(fake)=0.05 gnG=27.52 gnD=7.54 it_per_s=10.62
2026-10-02 05:39:50,762 INFO iter=165700 epoch=24 lr=1.65e-04 G=4.662 advA2B=0.674 advB2A=0.858 cycA=0.098 cycB=0.116 idtA=0.093 idtB=0.104 D_A=0.032 D_B=0.088 D_A(real)=0.95 D_A(fake)=0.05 gnG=27.50 gnD=7.55 it_per_s=10.62
2026-10-02 05:40:00,341 INFO iter=165800 epoch=24 lr=1.64e-04 G=4.658 advA2B=0.673 advB2A=0.857 cycA=0.098 cycB=0.116 idtA=0.093 idtB=0.104 D_A=0.032 D_B=0.088 D_A(real)=0.95 D_A(fake)=0.05 gnG=27.47 gnD=7.56 it_per_s=10.62
2026-10-02 05:40:09,845 INFO iter=165900 epoch=24 lr=1.64e-04 G=4.654 advA2B=0.673 advB2A=0.856 cycA=0.098 cycB=0.116 idtA=0.093 idtB=0.104 D_A=0.032 D_B=0.089 D_A(real)=0.95 D_A(fake)=0.05 gnG=27.43 gnD=7.56 it_per_s=10.62
2026-10-02 05:40:19,355 INFO iter=166000 epoch=24 lr=1.64e-04 G=4.655 advA2B=0.673 advB2A=0.856 cycA=0.098 cycB=0.116 idtA=0.093 idtB=0.104 D_A=0.033 D_B=0.089 D_A(real)=0.95 D_A(fake)=0.05 gnG=27.40 gnD=7.57 it_per_s=10.61
2026-10-02 05:40:28,814 INFO iter=166100 epoch=24 lr=1.64e-04 G=4.654 advA2B=0.673 advB2A=0.856 cycA=0.098 cycB=0.116 idtA=0.093 idtB=0.104 D_A=0.032 D_B=0.089 D_A(real)=0.95 D_A(fake)=0.05 gnG=27.36 gnD=7.56 it_per_s=10.61
2026-10-02 05:40:38,285 INFO iter=166200 epoch=24 lr=1.64e-04 G=4.651 advA2B=0.673 advB2A=0.857 cycA=0.098 cycB=0.116 idtA=0.092 idtB=0.103 D_A=0.032 D_B=0.088 D_A(real)=0.95 D_A(fake)=0.05 gnG=27.36 gnD=7.56 it_per_s=10.61
2026-10-02 05:40:47,407 INFO iter=166300 epoch=24 lr=1.64e-04 G=4.649 advA2B=0.673 advB2A=0.856 cycA=0.098 cycB=0.116 idtA=0.092 idtB=0.103 D_A=0.032 D_B=0.089 D_A(real)=0.95 D_A(fake)=0.05 gnG=27.36 gnD=7.57 it_per_s=10.62
2026-10-02 05:40:56,834 INFO iter=166400 epoch=24 lr=1.64e-04 G=4.648 advA2B=0.673 advB2A=0.856 cycA=0.098 cycB=0.116 idtA=0.092 idtB=0.103 D_A=0.033 D_B=0.089 D_A(real)=0.95 D_A(fake)=0.05 gnG=27.39 gnD=7.56 it_per_s=10.62
2026-10-02 05:41:06,274 INFO iter=166500 epoch=24 lr=1.63e-04 G=4.649 advA2B=0.673 advB2A=0.855 cycA=0.098 cycB=0.116 idtA=0.092 idtB=0.103 D_A=0.033 D_B=0.088 D_A(real)=0.95 D_A(fake)=0.05 gnG=27.41 gnD=7.56 it_per_s=10.62
2026-10-02 05:41:15,687 INFO iter=166600 epoch=24 lr=1.63e-04 G=4.651 advA2B=0.674 advB2A=0.855 cycA=0.098 cycB=0.116 idtA=0.092 idtB=0.103 D_A=0.032 D_B=0.088 D_A(real)=0.95 D_A(fake)=0.05 gnG=27.44 gnD=7.55 it_per_s=10.62
2026-10-02 05:41:24,994 INFO iter=166700 epoch=24 lr=1.63e-04 G=4.654 advA2B=0.675 advB2A=0.856 cycA=0.098 cycB=0.116 idtA=0.093 idtB=0.103 D_A=0.032 D_B=0.088 D_A(real)=0.95 D_A(fake)=0.05 gnG=27.43 gnD=7.55 it_per_s=10.62
2026-10-02 05:41:34,444 INFO iter=166800 epoch=24 lr=1.63e-04 G=4.657 advA2B=0.675 advB2A=0.857 cycA=0.098 cycB=0.116 idtA=0.092 idtB=0.104 D_A=0.032 D_B=0.088 D_A(real)=0.95 D_A(fake)=0.05 gnG=27.48 gnD=7.53 it_per_s=10.62
2026-10-02 05:41:43,654 INFO iter=166900 epoch=24 lr=1.63e-04 G=4.653 advA2B=0.675 advB2A=0.858 cycA=0.098 cycB=0.116 idtA=0.092 idtB=0.103 D_A=0.032 D_B=0.088 D_A(real)=0.95 D_A(fake)=0.05 gnG=27.43 gnD=7.53 it_per_s=10.62
2026-10-02 05:41:52,873 INFO iter=167000 epoch=24 lr=1.63e-04 G=4.653 advA2B=0.675 advB2A=0.858 cycA=0.098 cycB=0.116 idtA=0.092 idtB=0.103 D_A=0.032 D_B=0.088 D_A(real)=0.95 D_A(fake)=0.05 gnG=27.46 gnD=7.54 it_per_s=10.63
2026-10-02 05:42:02,364 INFO iter=167100 epoch=24 lr=1.63e-04 G=4.652 advA2B=0.675 advB2A=0.859 cycA=0.098 cycB=0.116 idtA=0.092 idtB=0.103 D_A=0.032 D_B=0.088 D_A(real)=0.95 D_A(fake)=0.05 gnG=27.44 gnD=7.53 it_per_s=10.63
2026-10-02 05:42:11,801 INFO iter=167200 epoch=24 lr=1.62e-04 G=4.651 advA2B=0.675 advB2A=0.858 cycA=0.098 cycB=0.116 idtA=0.092 idtB=0.103 D_A=0.032 D_B=0.088 D_A(real)=0.95 D_A(fake)=0.05 gnG=27.47 gnD=7.52 it_per_s=10.63
2026-10-02 05:42:21,008 INFO iter=167300 epoch=24 lr=1.62e-04 G=4.650 advA2B=0.675 advB2A=0.858 cycA=0.098 cycB=0.116 idtA=0.092 idtB=0.103 D_A=0.032 D_B=0.088 D_A(real)=0.95 D_A(fake)=0.05 gnG=27.46 gnD=7.52 it_per_s=10.63
2026-10-02 05:42:30,412 INFO iter=167400 epoch=24 lr=1.62e-04 G=4.651 advA2B=0.676 advB2A=0.858 cycA=0.098 cycB=0.116 idtA=0.092 idtB=0.103 D_A=0.032 D_B=0.088 D_A(real)=0.95 D_A(fake)=0.05 gnG=27.53 gnD=7.52 it_per_s=10.63
2026-10-02 05:42:39,777 INFO iter=167500 epoch=24 lr=1.62e-04 G=4.649 advA2B=0.676 advB2A=0.858 cycA=0.098 cycB=0.116 idtA=0.092 idtB=0.103 D_A=0.032 D_B=0.088 D_A(real)=0.95 D_A(fake)=0.05 gnG=27.51 gnD=7.53 it_per_s=10.63
2026-10-02 05:42:48,806 INFO iter=167600 epoch=24 lr=1.62e-04 G=4.647 advA2B=0.676 advB2A=0.858 cycA=0.098 cycB=0.115 idtA=0.092 idtB=0.103 D_A=0.032 D_B=0.088 D_A(real)=0.95 D_A(fake)=0.05 gnG=27.51 gnD=7.53 it_per_s=10.64
2026-10-02 05:42:58,302 INFO iter=167700 epoch=24 lr=1.62e-04 G=4.645 advA2B=0.676 advB2A=0.858 cycA=0.098 cycB=0.115 idtA=0.092 idtB=0.103 D_A=0.032 D_B=0.088 D_A(real)=0.95 D_A(fake)=0.05 gnG=27.49 gnD=7.52 it_per_s=10.64
2026-10-02 05:43:07,737 INFO iter=167800 epoch=24 lr=1.62e-04 G=4.646 advA2B=0.677 advB2A=0.858 cycA=0.098 cycB=0.115 idtA=0.092 idtB=0.103 D_A=0.032 D_B=0.088 D_A(real)=0.95 D_A(fake)=0.05 gnG=27.57 gnD=7.52 it_per_s=10.64
2026-10-02 05:43:16,985 INFO iter=167900 epoch=24 lr=1.61e-04 G=4.645 advA2B=0.677 advB2A=0.858 cycA=0.098 cycB=0.115 idtA=0.092 idtB=0.103 D_A=0.032 D_B=0.088 D_A(real)=0.95 D_A(fake)=0.05 gnG=27.57 gnD=7.53 it_per_s=10.64
2026-10-02 05:43:26,318 INFO iter=168000 epoch=24 lr=1.61e-04 G=4.642 advA2B=0.677 advB2A=0.858 cycA=0.098 cycB=0.115 idtA=0.092 idtB=0.103 D_A=0.032 D_B=0.088 D_A(real)=0.95 D_A(fake)=0.05 gnG=27.56 gnD=7.53 it_per_s=10.64
2026-10-02 05:43:35,721 INFO iter=168100 epoch=24 lr=1.61e-04 G=4.641 advA2B=0.676 advB2A=0.858 cycA=0.098 cycB=0.115 idtA=0.092 idtB=0.103 D_A=0.032 D_B=0.088 D_A(real)=0.95 D_A(fake)=0.05 gnG=27.55 gnD=7.52 it_per_s=10.64
2026-10-02 05:43:44,896 INFO iter=168200 epoch=24 lr=1.61e-04 G=4.639 advA2B=0.676 advB2A=0.858 cycA=0.098 cycB=0.115 idtA=0.092 idtB=0.103 D_A=0.032 D_B=0.088 D_A(real)=0.95 D_A(fake)=0.05 gnG=27.55 gnD=7.51 it_per_s=10.64
2026-10-02 05:43:54,074 INFO iter=168300 epoch=24 lr=1.61e-04 G=4.640 advA2B=0.677 advB2A=0.858 cycA=0.098 cycB=0.115 idtA=0.092 idtB=0.103 D_A=0.032 D_B=0.088 D_A(real)=0.95 D_A(fake)=0.05 gnG=27.58 gnD=7.51 it_per_s=10.65
2026-10-02 05:44:03,477 INFO iter=168400 epoch=24 lr=1.61e-04 G=4.639 advA2B=0.677 advB2A=0.857 cycA=0.098 cycB=0.115 idtA=0.092 idtB=0.103 D_A=0.032 D_B=0.088 D_A(real)=0.95 D_A(fake)=0.05 gnG=27.57 gnD=7.52 it_per_s=10.65
2026-10-02 05:44:12,700 INFO iter=168500 epoch=24 lr=1.61e-04 G=4.639 advA2B=0.677 advB2A=0.857 cycA=0.098 cycB=0.115 idtA=0.092 idtB=0.103 D_A=0.032 D_B=0.088 D_A(real)=0.95 D_A(fake)=0.05 gnG=27.61 gnD=7.52 it_per_s=10.65
2026-10-02 05:44:21,776 INFO iter=168600 epoch=24 lr=1.60e-04 G=4.636 advA2B=0.677 advB2A=0.857 cycA=0.098 cycB=0.115 idtA=0.092 idtB=0.103 D_A=0.032 D_B=0.087 D_A(real)=0.95 D_A(fake)=0.05 gnG=27.57 gnD=7.52 it_per_s=10.66
2026-10-02 05:44:31,238 INFO iter=168700 epoch=24 lr=1.60e-04 G=4.633 advA2B=0.677 advB2A=0.857 cycA=0.098 cycB=0.115 idtA=0.092 idtB=0.102 D_A=0.032 D_B=0.087 D_A(real)=0.95 D_A(fake)=0.05 gnG=27.53 gnD=7.52 it_per_s=10.65
2026-10-02 05:44:40,594 INFO iter=168800 epoch=24 lr=1.60e-04 G=4.630 advA2B=0.677 advB2A=0.857 cycA=0.098 cycB=0.115 idtA=0.092 idtB=0.102 D_A=0.032 D_B=0.087 D_A(real)=0.95 D_A(fake)=0.05 gnG=27.51 gnD=7.52 it_per_s=10.66
2026-10-02 05:44:49,618 INFO iter=168900 epoch=24 lr=1.60e-04 G=4.630 advA2B=0.677 advB2A=0.857 cycA=0.098 cycB=0.115 idtA=0.092 idtB=0.102 D_A=0.032 D_B=0.087 D_A(real)=0.95 D_A(fake)=0.05 gnG=27.52 gnD=7.52 it_per_s=10.66
2026-10-02 05:44:50,703 INFO epoch=24 done time_s=660 it_per_s=10.66 G=4.629 cycA=0.098 cycB=0.115 idtA=0.092 idtB=0.102 D_A=0.032 D_B=0.087 D_A(real)=0.95 D_A(fake)=0.05 nan_count=0
2026-10-02 05:44:50,704 WARNING epoch=24 D_A (Monet) loss 0.0324 is near 0: possible discriminator overfitting
2026-10-02 05:44:59,590 INFO iter=169000 epoch=25 lr=1.60e-04 G=4.526 advA2B=0.701 advB2A=0.860 cycA=0.092 cycB=0.113 idtA=0.089 idtB=0.095 D_A=0.032 D_B=0.098 D_A(real)=0.95 D_A(fake)=0.05 gnG=26.38 gnD=8.18 it_per_s=10.55
2026-10-02 05:45:08,963 INFO iter=169100 epoch=25 lr=1.60e-04 G=4.573 advA2B=0.681 advB2A=0.863 cycA=0.095 cycB=0.112 idtA=0.091 idtB=0.100 D_A=0.032 D_B=0.090 D_A(real)=0.95 D_A(fake)=0.05 gnG=25.99 gnD=7.69 it_per_s=10.61
2026-10-02 05:45:18,094 INFO iter=169200 epoch=25 lr=1.60e-04 G=4.581 advA2B=0.687 advB2A=0.860 cycA=0.097 cycB=0.112 idtA=0.091 idtB=0.098 D_A=0.033 D_B=0.090 D_A(real)=0.95 D_A(fake)=0.05 gnG=26.35 gnD=7.66 it_per_s=10.73
2026-10-02 05:45:27,449 INFO iter=169300 epoch=25 lr=1.59e-04 G=4.569 advA2B=0.675 advB2A=0.865 cycA=0.096 cycB=0.113 idtA=0.091 idtB=0.098 D_A=0.034 D_B=0.091 D_A(real)=0.94 D_A(fake)=0.05 gnG=27.46 gnD=7.63 it_per_s=10.72
2026-10-02 05:45:36,881 INFO iter=169400 epoch=25 lr=1.59e-04 G=4.569 advA2B=0.678 advB2A=0.861 cycA=0.096 cycB=0.112 idtA=0.091 idtB=0.098 D_A=0.033 D_B=0.090 D_A(real)=0.95 D_A(fake)=0.05 gnG=27.12 gnD=7.52 it_per_s=10.69
2026-10-02 05:45:46,280 INFO iter=169500 epoch=25 lr=1.59e-04 G=4.558 advA2B=0.685 advB2A=0.862 cycA=0.096 cycB=0.111 idtA=0.091 idtB=0.098 D_A=0.032 D_B=0.089 D_A(real)=0.95 D_A(fake)=0.05 gnG=27.33 gnD=7.47 it_per_s=10.68
2026-10-02 05:45:55,693 INFO iter=169600 epoch=25 lr=1.59e-04 G=4.579 advA2B=0.684 advB2A=0.864 cycA=0.096 cycB=0.112 idtA=0.091 idtB=0.099 D_A=0.032 D_B=0.089 D_A(real)=0.95 D_A(fake)=0.05 gnG=27.34 gnD=7.55 it_per_s=10.68
2026-10-02 05:46:05,096 INFO iter=169700 epoch=25 lr=1.59e-04 G=4.569 advA2B=0.687 advB2A=0.864 cycA=0.096 cycB=0.112 idtA=0.090 idtB=0.099 D_A=0.031 D_B=0.088 D_A(real)=0.95 D_A(fake)=0.05 gnG=27.54 gnD=7.47 it_per_s=10.67
2026-10-02 05:46:14,504 INFO iter=169800 epoch=25 lr=1.59e-04 G=4.575 advA2B=0.687 advB2A=0.862 cycA=0.096 cycB=0.112 idtA=0.090 idtB=0.099 D_A=0.031 D_B=0.089 D_A(real)=0.95 D_A(fake)=0.05 gnG=27.57 gnD=7.55 it_per_s=10.67
2026-10-02 05:46:23,892 INFO iter=169900 epoch=25 lr=1.59e-04 G=4.572 advA2B=0.682 advB2A=0.859 cycA=0.096 cycB=0.112 idtA=0.090 idtB=0.099 D_A=0.031 D_B=0.091 D_A(real)=0.95 D_A(fake)=0.05 gnG=27.45 gnD=7.60 it_per_s=10.66
2026-10-02 05:46:33,306 INFO iter=170000 epoch=25 lr=1.58e-04 G=4.558 advA2B=0.678 advB2A=0.855 cycA=0.096 cycB=0.112 idtA=0.090 idtB=0.099 D_A=0.032 D_B=0.091 D_A(real)=0.95 D_A(fake)=0.05 gnG=27.37 gnD=7.61 it_per_s=10.66
2026-10-02 05:46:42,742 INFO iter=170100 epoch=25 lr=1.58e-04 G=4.555 advA2B=0.677 advB2A=0.856 cycA=0.096 cycB=0.112 idtA=0.090 idtB=0.099 D_A=0.031 D_B=0.090 D_A(real)=0.95 D_A(fake)=0.05 gnG=27.66 gnD=7.55 it_per_s=10.66
2026-10-02 05:46:52,184 INFO iter=170200 epoch=25 lr=1.58e-04 G=4.560 advA2B=0.680 advB2A=0.857 cycA=0.096 cycB=0.111 idtA=0.090 idtB=0.099 D_A=0.031 D_B=0.089 D_A(real)=0.95 D_A(fake)=0.05 gnG=27.61 gnD=7.49 it_per_s=10.65
2026-10-02 05:47:01,616 INFO iter=170300 epoch=25 lr=1.58e-04 G=4.568 advA2B=0.683 advB2A=0.858 cycA=0.097 cycB=0.111 idtA=0.090 idtB=0.099 D_A=0.031 D_B=0.088 D_A(real)=0.95 D_A(fake)=0.05 gnG=27.62 gnD=7.48 it_per_s=10.65
2026-10-02 05:47:11,000 INFO iter=170400 epoch=25 lr=1.58e-04 G=4.575 advA2B=0.682 advB2A=0.857 cycA=0.096 cycB=0.112 idtA=0.090 idtB=0.100 D_A=0.031 D_B=0.089 D_A(real)=0.95 D_A(fake)=0.05 gnG=27.70 gnD=7.51 it_per_s=10.65
2026-10-02 05:47:20,412 INFO iter=170500 epoch=25 lr=1.58e-04 G=4.588 advA2B=0.684 advB2A=0.855 cycA=0.097 cycB=0.113 idtA=0.090 idtB=0.100 D_A=0.031 D_B=0.089 D_A(real)=0.95 D_A(fake)=0.05 gnG=27.89 gnD=7.53 it_per_s=10.65
2026-10-02 05:47:29,784 INFO iter=170600 epoch=25 lr=1.58e-04 G=4.594 advA2B=0.685 advB2A=0.856 cycA=0.097 cycB=0.113 idtA=0.090 idtB=0.100 D_A=0.032 D_B=0.088 D_A(real)=0.95 D_A(fake)=0.05 gnG=27.93 gnD=7.51 it_per_s=10.65
2026-10-02 05:47:39,212 INFO iter=170700 epoch=25 lr=1.57e-04 G=4.587 advA2B=0.684 advB2A=0.856 cycA=0.097 cycB=0.113 idtA=0.090 idtB=0.100 D_A=0.032 D_B=0.088 D_A(real)=0.95 D_A(fake)=0.05 gnG=27.86 gnD=7.49 it_per_s=10.64
2026-10-02 05:47:48,642 INFO iter=170800 epoch=25 lr=1.57e-04 G=4.580 advA2B=0.685 advB2A=0.856 cycA=0.096 cycB=0.112 idtA=0.090 idtB=0.100 D_A=0.032 D_B=0.088 D_A(real)=0.95 D_A(fake)=0.05 gnG=27.80 gnD=7.55 it_per_s=10.64
2026-10-02 05:47:58,046 INFO iter=170900 epoch=25 lr=1.57e-04 G=4.585 advA2B=0.683 advB2A=0.857 cycA=0.097 cycB=0.113 idtA=0.090 idtB=0.100 D_A=0.032 D_B=0.089 D_A(real)=0.95 D_A(fake)=0.05 gnG=27.89 gnD=7.59 it_per_s=10.64
2026-10-02 05:48:07,487 INFO iter=171000 epoch=25 lr=1.57e-04 G=4.592 advA2B=0.683 advB2A=0.857 cycA=0.097 cycB=0.113 idtA=0.090 idtB=0.101 D_A=0.032 D_B=0.089 D_A(real)=0.95 D_A(fake)=0.05 gnG=27.88 gnD=7.55 it_per_s=10.64
2026-10-02 05:48:16,686 INFO iter=171100 epoch=25 lr=1.57e-04 G=4.589 advA2B=0.683 advB2A=0.859 cycA=0.096 cycB=0.113 idtA=0.090 idtB=0.100 D_A=0.032 D_B=0.088 D_A(real)=0.95 D_A(fake)=0.05 gnG=27.84 gnD=7.52 it_per_s=10.65
2026-10-02 05:48:25,848 INFO iter=171200 epoch=25 lr=1.57e-04 G=4.587 advA2B=0.683 advB2A=0.859 cycA=0.096 cycB=0.113 idtA=0.090 idtB=0.100 D_A=0.032 D_B=0.088 D_A(real)=0.95 D_A(fake)=0.05 gnG=27.77 gnD=7.54 it_per_s=10.66
2026-10-02 05:48:35,280 INFO iter=171300 epoch=25 lr=1.57e-04 G=4.586 advA2B=0.682 advB2A=0.860 cycA=0.096 cycB=0.113 idtA=0.090 idtB=0.100 D_A=0.032 D_B=0.088 D_A(real)=0.95 D_A(fake)=0.05 gnG=27.79 gnD=7.51 it_per_s=10.66
2026-10-02 05:48:44,522 INFO iter=171400 epoch=25 lr=1.56e-04 G=4.595 advA2B=0.683 advB2A=0.861 cycA=0.096 cycB=0.113 idtA=0.090 idtB=0.100 D_A=0.032 D_B=0.088 D_A(real)=0.95 D_A(fake)=0.05 gnG=28.00 gnD=7.50 it_per_s=10.67
2026-10-02 05:48:53,584 INFO iter=171500 epoch=25 lr=1.56e-04 G=4.590 advA2B=0.683 advB2A=0.861 cycA=0.097 cycB=0.113 idtA=0.090 idtB=0.100 D_A=0.032 D_B=0.088 D_A(real)=0.95 D_A(fake)=0.05 gnG=28.01 gnD=7.49 it_per_s=10.68
2026-10-02 05:49:03,004 INFO iter=171600 epoch=25 lr=1.56e-04 G=4.595 advA2B=0.684 advB2A=0.862 cycA=0.097 cycB=0.113 idtA=0.090 idtB=0.101 D_A=0.031 D_B=0.087 D_A(real)=0.95 D_A(fake)=0.05 gnG=28.03 gnD=7.49 it_per_s=10.68
2026-10-02 05:49:12,404 INFO iter=171700 epoch=25 lr=1.56e-04 G=4.597 advA2B=0.685 advB2A=0.862 cycA=0.097 cycB=0.113 idtA=0.090 idtB=0.101 D_A=0.031 D_B=0.087 D_A(real)=0.95 D_A(fake)=0.05 gnG=28.13 gnD=7.46 it_per_s=10.68
2026-10-02 05:49:21,493 INFO iter=171800 epoch=25 lr=1.56e-04 G=4.600 advA2B=0.685 advB2A=0.863 cycA=0.097 cycB=0.113 idtA=0.090 idtB=0.101 D_A=0.031 D_B=0.087 D_A(real)=0.95 D_A(fake)=0.05 gnG=28.10 gnD=7.45 it_per_s=10.69
2026-10-02 05:49:30,917 INFO iter=171900 epoch=25 lr=1.56e-04 G=4.596 advA2B=0.686 advB2A=0.864 cycA=0.097 cycB=0.113 idtA=0.090 idtB=0.100 D_A=0.031 D_B=0.086 D_A(real)=0.95 D_A(fake)=0.05 gnG=28.09 gnD=7.43 it_per_s=10.68
2026-10-02 05:49:40,317 INFO iter=172000 epoch=25 lr=1.56e-04 G=4.595 advA2B=0.686 advB2A=0.864 cycA=0.097 cycB=0.113 idtA=0.090 idtB=0.100 D_A=0.031 D_B=0.086 D_A(real)=0.95 D_A(fake)=0.05 gnG=28.08 gnD=7.42 it_per_s=10.68
2026-10-02 05:49:49,444 INFO iter=172100 epoch=25 lr=1.55e-04 G=4.597 advA2B=0.687 advB2A=0.865 cycA=0.097 cycB=0.113 idtA=0.090 idtB=0.100 D_A=0.031 D_B=0.086 D_A(real)=0.95 D_A(fake)=0.05 gnG=28.05 gnD=7.42 it_per_s=10.69
2026-10-02 05:49:58,793 INFO iter=172200 epoch=25 lr=1.55e-04 G=4.595 advA2B=0.687 advB2A=0.865 cycA=0.097 cycB=0.113 idtA=0.090 idtB=0.101 D_A=0.031 D_B=0.086 D_A(real)=0.95 D_A(fake)=0.05 gnG=28.04 gnD=7.43 it_per_s=10.69
2026-10-02 05:50:08,188 INFO iter=172300 epoch=25 lr=1.55e-04 G=4.594 advA2B=0.687 advB2A=0.865 cycA=0.096 cycB=0.113 idtA=0.090 idtB=0.101 D_A=0.031 D_B=0.086 D_A(real)=0.95 D_A(fake)=0.05 gnG=27.99 gnD=7.44 it_per_s=10.69
2026-10-02 05:50:17,429 INFO iter=172400 epoch=25 lr=1.55e-04 G=4.601 advA2B=0.686 advB2A=0.867 cycA=0.097 cycB=0.113 idtA=0.090 idtB=0.101 D_A=0.031 D_B=0.086 D_A(real)=0.95 D_A(fake)=0.05 gnG=28.01 gnD=7.44 it_per_s=10.69
2026-10-02 05:50:26,594 INFO iter=172500 epoch=25 lr=1.55e-04 G=4.601 advA2B=0.686 advB2A=0.866 cycA=0.097 cycB=0.113 idtA=0.090 idtB=0.101 D_A=0.031 D_B=0.086 D_A(real)=0.95 D_A(fake)=0.05 gnG=28.01 gnD=7.43 it_per_s=10.70
2026-10-02 05:50:36,004 INFO iter=172600 epoch=25 lr=1.55e-04 G=4.600 advA2B=0.686 advB2A=0.865 cycA=0.097 cycB=0.113 idtA=0.090 idtB=0.101 D_A=0.031 D_B=0.086 D_A(real)=0.95 D_A(fake)=0.05 gnG=28.04 gnD=7.45 it_per_s=10.70
2026-10-02 05:50:45,546 INFO iter=172700 epoch=25 lr=1.55e-04 G=4.602 advA2B=0.685 advB2A=0.865 cycA=0.097 cycB=0.113 idtA=0.090 idtB=0.101 D_A=0.031 D_B=0.086 D_A(real)=0.95 D_A(fake)=0.05 gnG=28.04 gnD=7.45 it_per_s=10.69
2026-10-02 05:50:55,026 INFO iter=172800 epoch=25 lr=1.54e-04 G=4.603 advA2B=0.686 advB2A=0.866 cycA=0.097 cycB=0.113 idtA=0.090 idtB=0.101 D_A=0.031 D_B=0.086 D_A(real)=0.95 D_A(fake)=0.05 gnG=28.00 gnD=7.44 it_per_s=10.69
2026-10-02 05:51:04,446 INFO iter=172900 epoch=25 lr=1.54e-04 G=4.604 advA2B=0.685 advB2A=0.865 cycA=0.097 cycB=0.113 idtA=0.090 idtB=0.101 D_A=0.031 D_B=0.086 D_A(real)=0.95 D_A(fake)=0.05 gnG=27.99 gnD=7.45 it_per_s=10.69
2026-10-02 05:51:13,842 INFO iter=173000 epoch=25 lr=1.54e-04 G=4.603 advA2B=0.684 advB2A=0.865 cycA=0.097 cycB=0.113 idtA=0.090 idtB=0.101 D_A=0.031 D_B=0.086 D_A(real)=0.95 D_A(fake)=0.05 gnG=28.12 gnD=7.45 it_per_s=10.68
2026-10-02 05:51:23,240 INFO iter=173100 epoch=25 lr=1.54e-04 G=4.611 advA2B=0.685 advB2A=0.865 cycA=0.097 cycB=0.113 idtA=0.090 idtB=0.101 D_A=0.030 D_B=0.086 D_A(real)=0.95 D_A(fake)=0.05 gnG=28.18 gnD=7.43 it_per_s=10.68
2026-10-02 05:51:32,675 INFO iter=173200 epoch=25 lr=1.54e-04 G=4.612 advA2B=0.686 advB2A=0.867 cycA=0.097 cycB=0.113 idtA=0.090 idtB=0.101 D_A=0.030 D_B=0.086 D_A(real)=0.95 D_A(fake)=0.05 gnG=28.23 gnD=7.41 it_per_s=10.68
2026-10-02 05:51:42,093 INFO iter=173300 epoch=25 lr=1.54e-04 G=4.611 advA2B=0.686 advB2A=0.866 cycA=0.097 cycB=0.113 idtA=0.090 idtB=0.101 D_A=0.030 D_B=0.086 D_A(real)=0.95 D_A(fake)=0.05 gnG=28.22 gnD=7.42 it_per_s=10.68
2026-10-02 05:51:51,504 INFO iter=173400 epoch=25 lr=1.54e-04 G=4.609 advA2B=0.686 advB2A=0.866 cycA=0.097 cycB=0.113 idtA=0.090 idtB=0.101 D_A=0.030 D_B=0.086 D_A(real)=0.95 D_A(fake)=0.05 gnG=28.26 gnD=7.41 it_per_s=10.68
2026-10-02 05:52:00,925 INFO iter=173500 epoch=25 lr=1.53e-04 G=4.611 advA2B=0.686 advB2A=0.866 cycA=0.097 cycB=0.113 idtA=0.090 idtB=0.101 D_A=0.030 D_B=0.086 D_A(real)=0.95 D_A(fake)=0.05 gnG=28.34 gnD=7.41 it_per_s=10.68
2026-10-02 05:52:10,319 INFO iter=173600 epoch=25 lr=1.53e-04 G=4.609 advA2B=0.686 advB2A=0.866 cycA=0.097 cycB=0.113 idtA=0.090 idtB=0.101 D_A=0.030 D_B=0.086 D_A(real)=0.95 D_A(fake)=0.05 gnG=28.42 gnD=7.42 it_per_s=10.68
2026-10-02 05:52:19,730 INFO iter=173700 epoch=25 lr=1.53e-04 G=4.608 advA2B=0.687 advB2A=0.865 cycA=0.097 cycB=0.113 idtA=0.090 idtB=0.101 D_A=0.030 D_B=0.086 D_A(real)=0.95 D_A(fake)=0.05 gnG=28.48 gnD=7.41 it_per_s=10.68
2026-10-02 05:52:29,110 INFO iter=173800 epoch=25 lr=1.53e-04 G=4.611 advA2B=0.687 advB2A=0.865 cycA=0.097 cycB=0.113 idtA=0.091 idtB=0.101 D_A=0.030 D_B=0.086 D_A(real)=0.95 D_A(fake)=0.05 gnG=28.46 gnD=7.42 it_per_s=10.68
2026-10-02 05:52:38,506 INFO iter=173900 epoch=25 lr=1.53e-04 G=4.611 advA2B=0.686 advB2A=0.864 cycA=0.097 cycB=0.113 idtA=0.091 idtB=0.101 D_A=0.030 D_B=0.086 D_A(real)=0.95 D_A(fake)=0.05 gnG=28.53 gnD=7.43 it_per_s=10.67
2026-10-02 05:52:47,946 INFO iter=174000 epoch=25 lr=1.53e-04 G=4.612 advA2B=0.687 advB2A=0.865 cycA=0.097 cycB=0.113 idtA=0.091 idtB=0.101 D_A=0.030 D_B=0.086 D_A(real)=0.95 D_A(fake)=0.05 gnG=28.59 gnD=7.42 it_per_s=10.67
2026-10-02 05:52:57,411 INFO iter=174100 epoch=25 lr=1.53e-04 G=4.610 advA2B=0.686 advB2A=0.865 cycA=0.097 cycB=0.113 idtA=0.091 idtB=0.101 D_A=0.030 D_B=0.086 D_A(real)=0.95 D_A(fake)=0.05 gnG=28.59 gnD=7.42 it_per_s=10.67
2026-10-02 05:53:06,838 INFO iter=174200 epoch=25 lr=1.52e-04 G=4.610 advA2B=0.686 advB2A=0.865 cycA=0.097 cycB=0.113 idtA=0.091 idtB=0.101 D_A=0.030 D_B=0.086 D_A(real)=0.95 D_A(fake)=0.05 gnG=28.62 gnD=7.44 it_per_s=10.67
2026-10-02 05:53:16,279 INFO iter=174300 epoch=25 lr=1.52e-04 G=4.608 advA2B=0.686 advB2A=0.865 cycA=0.097 cycB=0.113 idtA=0.091 idtB=0.100 D_A=0.030 D_B=0.086 D_A(real)=0.95 D_A(fake)=0.05 gnG=28.64 gnD=7.44 it_per_s=10.67
2026-10-02 05:53:25,754 INFO iter=174400 epoch=25 lr=1.52e-04 G=4.610 advA2B=0.686 advB2A=0.865 cycA=0.097 cycB=0.113 idtA=0.091 idtB=0.100 D_A=0.030 D_B=0.086 D_A(real)=0.95 D_A(fake)=0.05 gnG=28.63 gnD=7.43 it_per_s=10.67
2026-10-02 05:53:35,200 INFO iter=174500 epoch=25 lr=1.52e-04 G=4.607 advA2B=0.685 advB2A=0.865 cycA=0.097 cycB=0.113 idtA=0.091 idtB=0.100 D_A=0.030 D_B=0.086 D_A(real)=0.95 D_A(fake)=0.05 gnG=28.62 gnD=7.42 it_per_s=10.66
2026-10-02 05:53:44,617 INFO iter=174600 epoch=25 lr=1.52e-04 G=4.606 advA2B=0.686 advB2A=0.865 cycA=0.097 cycB=0.113 idtA=0.091 idtB=0.100 D_A=0.030 D_B=0.086 D_A(real)=0.95 D_A(fake)=0.05 gnG=28.60 gnD=7.42 it_per_s=10.66
2026-10-02 05:53:54,051 INFO iter=174700 epoch=25 lr=1.52e-04 G=4.610 advA2B=0.685 advB2A=0.866 cycA=0.097 cycB=0.113 idtA=0.091 idtB=0.100 D_A=0.030 D_B=0.086 D_A(real)=0.95 D_A(fake)=0.05 gnG=28.66 gnD=7.42 it_per_s=10.66
2026-10-02 05:54:03,470 INFO iter=174800 epoch=25 lr=1.52e-04 G=4.612 advA2B=0.685 advB2A=0.866 cycA=0.097 cycB=0.113 idtA=0.091 idtB=0.101 D_A=0.030 D_B=0.086 D_A(real)=0.95 D_A(fake)=0.05 gnG=28.70 gnD=7.43 it_per_s=10.66
2026-10-02 05:54:12,893 INFO iter=174900 epoch=25 lr=1.51e-04 G=4.612 advA2B=0.685 advB2A=0.865 cycA=0.097 cycB=0.114 idtA=0.091 idtB=0.101 D_A=0.030 D_B=0.086 D_A(real)=0.95 D_A(fake)=0.05 gnG=28.66 gnD=7.43 it_per_s=10.66
2026-10-02 05:54:22,326 INFO iter=175000 epoch=25 lr=1.51e-04 G=4.611 advA2B=0.684 advB2A=0.865 cycA=0.097 cycB=0.114 idtA=0.091 idtB=0.101 D_A=0.030 D_B=0.086 D_A(real)=0.95 D_A(fake)=0.05 gnG=28.63 gnD=7.43 it_per_s=10.66
2026-10-02 05:54:31,774 INFO iter=175100 epoch=25 lr=1.51e-04 G=4.608 advA2B=0.684 advB2A=0.865 cycA=0.097 cycB=0.113 idtA=0.091 idtB=0.101 D_A=0.030 D_B=0.086 D_A(real)=0.95 D_A(fake)=0.05 gnG=28.59 gnD=7.43 it_per_s=10.66
2026-10-02 05:54:41,281 INFO iter=175200 epoch=25 lr=1.51e-04 G=4.605 advA2B=0.684 advB2A=0.864 cycA=0.097 cycB=0.113 idtA=0.091 idtB=0.100 D_A=0.030 D_B=0.086 D_A(real)=0.95 D_A(fake)=0.05 gnG=28.57 gnD=7.44 it_per_s=10.66
2026-10-02 05:54:50,776 INFO iter=175300 epoch=25 lr=1.51e-04 G=4.602 advA2B=0.684 advB2A=0.864 cycA=0.097 cycB=0.113 idtA=0.090 idtB=0.100 D_A=0.030 D_B=0.086 D_A(real)=0.95 D_A(fake)=0.05 gnG=28.54 gnD=7.44 it_per_s=10.65
2026-10-02 05:55:00,325 INFO iter=175400 epoch=25 lr=1.51e-04 G=4.600 advA2B=0.684 advB2A=0.863 cycA=0.097 cycB=0.113 idtA=0.090 idtB=0.100 D_A=0.031 D_B=0.086 D_A(real)=0.95 D_A(fake)=0.05 gnG=28.57 gnD=7.45 it_per_s=10.65
2026-10-02 05:55:09,790 INFO iter=175500 epoch=25 lr=1.51e-04 G=4.597 advA2B=0.684 advB2A=0.863 cycA=0.097 cycB=0.113 idtA=0.090 idtB=0.100 D_A=0.031 D_B=0.086 D_A(real)=0.95 D_A(fake)=0.05 gnG=28.61 gnD=7.46 it_per_s=10.65
2026-10-02 05:55:19,210 INFO iter=175600 epoch=25 lr=1.50e-04 G=4.599 advA2B=0.684 advB2A=0.862 cycA=0.097 cycB=0.113 idtA=0.090 idtB=0.100 D_A=0.031 D_B=0.086 D_A(real)=0.95 D_A(fake)=0.05 gnG=28.70 gnD=7.46 it_per_s=10.65
2026-10-02 05:55:28,691 INFO iter=175700 epoch=25 lr=1.50e-04 G=4.601 advA2B=0.684 advB2A=0.863 cycA=0.097 cycB=0.113 idtA=0.090 idtB=0.100 D_A=0.031 D_B=0.086 D_A(real)=0.95 D_A(fake)=0.05 gnG=28.71 gnD=7.46 it_per_s=10.65
2026-10-02 05:55:38,109 INFO iter=175800 epoch=25 lr=1.50e-04 G=4.601 advA2B=0.684 advB2A=0.863 cycA=0.097 cycB=0.113 idtA=0.090 idtB=0.100 D_A=0.031 D_B=0.086 D_A(real)=0.95 D_A(fake)=0.05 gnG=28.71 gnD=7.46 it_per_s=10.65
2026-10-02 05:55:47,546 INFO iter=175900 epoch=25 lr=1.50e-04 G=4.602 advA2B=0.684 advB2A=0.863 cycA=0.097 cycB=0.113 idtA=0.090 idtB=0.100 D_A=0.031 D_B=0.086 D_A(real)=0.95 D_A(fake)=0.05 gnG=28.75 gnD=7.46 it_per_s=10.65
2026-10-02 05:55:52,228 INFO epoch=25 done time_s=661 it_per_s=10.65 G=4.601 cycA=0.097 cycB=0.113 idtA=0.090 idtB=0.100 D_A=0.031 D_B=0.086 D_A(real)=0.95 D_A(fake)=0.05 nan_count=0
2026-10-02 05:55:52,229 WARNING epoch=25 D_A (Monet) loss 0.0310 is near 0: possible discriminator overfitting
2026-10-02 05:55:57,622 INFO iter=176000 epoch=26 lr=1.50e-04 G=4.494 advA2B=0.623 advB2A=0.844 cycA=0.094 cycB=0.113 idtA=0.089 idtB=0.101 D_A=0.044 D_B=0.083 D_A(real)=0.94 D_A(fake)=0.07 gnG=29.93 gnD=8.10 it_per_s=10.47
2026-10-02 05:56:07,056 INFO iter=176100 epoch=26 lr=1.50e-04 G=4.512 advA2B=0.679 advB2A=0.858 cycA=0.096 cycB=0.108 idtA=0.093 idtB=0.095 D_A=0.038 D_B=0.080 D_A(real)=0.94 D_A(fake)=0.06 gnG=27.67 gnD=7.55 it_per_s=10.56
2026-10-02 05:56:16,543 INFO iter=176200 epoch=26 lr=1.50e-04 G=4.506 advA2B=0.668 advB2A=0.864 cycA=0.095 cycB=0.109 idtA=0.091 idtB=0.096 D_A=0.037 D_B=0.083 D_A(real)=0.93 D_A(fake)=0.06 gnG=28.40 gnD=7.65 it_per_s=10.55
2026-10-02 05:56:25,923 INFO iter=176300 epoch=26 lr=1.50e-04 G=4.519 advA2B=0.675 advB2A=0.857 cycA=0.094 cycB=0.111 idtA=0.091 idtB=0.098 D_A=0.035 D_B=0.083 D_A(real)=0.94 D_A(fake)=0.06 gnG=28.24 gnD=7.47 it_per_s=10.58
2026-10-02 05:56:35,465 INFO iter=176400 epoch=26 lr=1.49e-04 G=4.494 advA2B=0.668 advB2A=0.840 cycA=0.094 cycB=0.110 idtA=0.091 idtB=0.097 D_A=0.035 D_B=0.088 D_A(real)=0.94 D_A(fake)=0.06 gnG=28.12 gnD=7.64 it_per_s=10.56
2026-10-02 05:56:44,957 INFO iter=176500 epoch=26 lr=1.49e-04 G=4.490 advA2B=0.669 advB2A=0.842 cycA=0.095 cycB=0.110 idtA=0.091 idtB=0.096 D_A=0.036 D_B=0.089 D_A(real)=0.94 D_A(fake)=0.06 gnG=28.50 gnD=7.70 it_per_s=10.55
2026-10-02 05:56:54,415 INFO iter=176600 epoch=26 lr=1.49e-04 G=4.480 advA2B=0.664 advB2A=0.839 cycA=0.094 cycB=0.110 idtA=0.091 idtB=0.096 D_A=0.035 D_B=0.087 D_A(real)=0.94 D_A(fake)=0.06 gnG=27.98 gnD=7.61 it_per_s=10.56
2026-10-02 05:57:03,917 INFO iter=176700 epoch=26 lr=1.49e-04 G=4.487 advA2B=0.666 advB2A=0.836 cycA=0.095 cycB=0.110 idtA=0.091 idtB=0.097 D_A=0.034 D_B=0.086 D_A(real)=0.94 D_A(fake)=0.06 gnG=28.19 gnD=7.48 it_per_s=10.55
2026-10-02 05:57:13,376 INFO iter=176800 epoch=26 lr=1.49e-04 G=4.515 advA2B=0.669 advB2A=0.847 cycA=0.095 cycB=0.111 idtA=0.091 idtB=0.098 D_A=0.033 D_B=0.086 D_A(real)=0.94 D_A(fake)=0.06 gnG=28.74 gnD=7.45 it_per_s=10.56
2026-10-02 05:57:22,829 INFO iter=176900 epoch=26 lr=1.49e-04 G=4.512 advA2B=0.672 advB2A=0.847 cycA=0.095 cycB=0.110 idtA=0.091 idtB=0.097 D_A=0.033 D_B=0.085 D_A(real)=0.94 D_A(fake)=0.06 gnG=28.47 gnD=7.42 it_per_s=10.56
2026-10-02 05:57:32,265 INFO iter=177000 epoch=26 lr=1.49e-04 G=4.513 advA2B=0.674 advB2A=0.847 cycA=0.095 cycB=0.110 idtA=0.090 idtB=0.098 D_A=0.032 D_B=0.084 D_A(real)=0.94 D_A(fake)=0.05 gnG=28.41 gnD=7.35 it_per_s=10.56
2026-10-02 05:57:41,746 INFO iter=177100 epoch=26 lr=1.48e-04 G=4.511 advA2B=0.672 advB2A=0.847 cycA=0.095 cycB=0.111 idtA=0.090 idtB=0.098 D_A=0.033 D_B=0.085 D_A(real)=0.94 D_A(fake)=0.06 gnG=28.36 gnD=7.36 it_per_s=10.56
2026-10-02 05:57:51,211 INFO iter=177200 epoch=26 lr=1.48e-04 G=4.525 advA2B=0.676 advB2A=0.850 cycA=0.095 cycB=0.111 idtA=0.090 idtB=0.098 D_A=0.032 D_B=0.085 D_A(real)=0.94 D_A(fake)=0.06 gnG=28.41 gnD=7.39 it_per_s=10.56
2026-10-02 05:58:00,670 INFO iter=177300 epoch=26 lr=1.48e-04 G=4.527 advA2B=0.676 advB2A=0.850 cycA=0.095 cycB=0.112 idtA=0.090 idtB=0.099 D_A=0.032 D_B=0.084 D_A(real)=0.94 D_A(fake)=0.06 gnG=28.45 gnD=7.38 it_per_s=10.56
2026-10-02 05:58:10,092 INFO iter=177400 epoch=26 lr=1.48e-04 G=4.535 advA2B=0.676 advB2A=0.850 cycA=0.095 cycB=0.112 idtA=0.089 idtB=0.099 D_A=0.032 D_B=0.085 D_A(real)=0.94 D_A(fake)=0.06 gnG=28.63 gnD=7.40 it_per_s=10.56
2026-10-02 05:58:19,525 INFO iter=177500 epoch=26 lr=1.48e-04 G=4.530 advA2B=0.675 advB2A=0.852 cycA=0.094 cycB=0.112 idtA=0.090 idtB=0.099 D_A=0.032 D_B=0.085 D_A(real)=0.94 D_A(fake)=0.06 gnG=28.54 gnD=7.42 it_per_s=10.57
2026-10-02 05:58:28,979 INFO iter=177600 epoch=26 lr=1.48e-04 G=4.533 advA2B=0.676 advB2A=0.851 cycA=0.095 cycB=0.112 idtA=0.090 idtB=0.099 D_A=0.032 D_B=0.085 D_A(real)=0.94 D_A(fake)=0.06 gnG=28.50 gnD=7.43 it_per_s=10.57
2026-10-02 05:58:38,442 INFO iter=177700 epoch=26 lr=1.48e-04 G=4.538 advA2B=0.676 advB2A=0.852 cycA=0.095 cycB=0.112 idtA=0.090 idtB=0.099 D_A=0.032 D_B=0.085 D_A(real)=0.94 D_A(fake)=0.06 gnG=28.62 gnD=7.45 it_per_s=10.57
2026-10-02 05:58:47,876 INFO iter=177800 epoch=26 lr=1.47e-04 G=4.545 advA2B=0.679 advB2A=0.853 cycA=0.095 cycB=0.112 idtA=0.090 idtB=0.099 D_A=0.032 D_B=0.085 D_A(real)=0.94 D_A(fake)=0.06 gnG=28.72 gnD=7.48 it_per_s=10.57
2026-10-02 05:58:57,335 INFO iter=177900 epoch=26 lr=1.47e-04 G=4.543 advA2B=0.678 advB2A=0.854 cycA=0.095 cycB=0.112 idtA=0.090 idtB=0.099 D_A=0.032 D_B=0.085 D_A(real)=0.94 D_A(fake)=0.06 gnG=28.81 gnD=7.46 it_per_s=10.57
2026-10-02 05:59:06,750 INFO iter=178000 epoch=26 lr=1.47e-04 G=4.538 advA2B=0.677 advB2A=0.853 cycA=0.095 cycB=0.112 idtA=0.090 idtB=0.099 D_A=0.032 D_B=0.085 D_A(real)=0.94 D_A(fake)=0.06 gnG=28.67 gnD=7.45 it_per_s=10.57
2026-10-02 05:59:16,228 INFO iter=178100 epoch=26 lr=1.47e-04 G=4.546 advA2B=0.679 advB2A=0.851 cycA=0.095 cycB=0.112 idtA=0.090 idtB=0.099 D_A=0.032 D_B=0.085 D_A(real)=0.94 D_A(fake)=0.06 gnG=28.70 gnD=7.46 it_per_s=10.57
2026-10-02 05:59:25,669 INFO iter=178200 epoch=26 lr=1.47e-04 G=4.549 advA2B=0.679 advB2A=0.850 cycA=0.095 cycB=0.112 idtA=0.090 idtB=0.099 D_A=0.032 D_B=0.085 D_A(real)=0.94 D_A(fake)=0.06 gnG=28.58 gnD=7.45 it_per_s=10.57
2026-10-02 05:59:35,103 INFO iter=178300 epoch=26 lr=1.47e-04 G=4.549 advA2B=0.680 advB2A=0.851 cycA=0.095 cycB=0.112 idtA=0.090 idtB=0.099 D_A=0.032 D_B=0.085 D_A(real)=0.94 D_A(fake)=0.06 gnG=28.58 gnD=7.45 it_per_s=10.57
2026-10-02 05:59:44,541 INFO iter=178400 epoch=26 lr=1.47e-04 G=4.545 advA2B=0.680 advB2A=0.852 cycA=0.095 cycB=0.112 idtA=0.090 idtB=0.099 D_A=0.033 D_B=0.085 D_A(real)=0.94 D_A(fake)=0.06 gnG=28.50 gnD=7.49 it_per_s=10.57
2026-10-02 05:59:54,001 INFO iter=178500 epoch=26 lr=1.46e-04 G=4.546 advA2B=0.679 advB2A=0.851 cycA=0.095 cycB=0.112 idtA=0.090 idtB=0.099 D_A=0.032 D_B=0.085 D_A(real)=0.94 D_A(fake)=0.06 gnG=28.55 gnD=7.50 it_per_s=10.57
2026-10-02 06:00:03,485 INFO iter=178600 epoch=26 lr=1.46e-04 G=4.542 advA2B=0.679 advB2A=0.850 cycA=0.095 cycB=0.111 idtA=0.090 idtB=0.099 D_A=0.033 D_B=0.086 D_A(real)=0.94 D_A(fake)=0.06 gnG=28.52 gnD=7.53 it_per_s=10.57
2026-10-02 06:00:12,934 INFO iter=178700 epoch=26 lr=1.46e-04 G=4.543 advA2B=0.680 advB2A=0.848 cycA=0.095 cycB=0.112 idtA=0.090 idtB=0.099 D_A=0.033 D_B=0.085 D_A(real)=0.94 D_A(fake)=0.06 gnG=28.61 gnD=7.52 it_per_s=10.57
2026-10-02 06:00:22,342 INFO iter=178800 epoch=26 lr=1.46e-04 G=4.545 advA2B=0.680 advB2A=0.847 cycA=0.096 cycB=0.112 idtA=0.090 idtB=0.099 D_A=0.033 D_B=0.085 D_A(real)=0.94 D_A(fake)=0.06 gnG=28.62 gnD=7.50 it_per_s=10.58
2026-10-02 06:00:31,784 INFO iter=178900 epoch=26 lr=1.46e-04 G=4.543 advA2B=0.680 advB2A=0.847 cycA=0.096 cycB=0.112 idtA=0.090 idtB=0.099 D_A=0.033 D_B=0.085 D_A(real)=0.94 D_A(fake)=0.06 gnG=28.59 gnD=7.51 it_per_s=10.58
2026-10-02 06:00:41,133 INFO iter=179000 epoch=26 lr=1.46e-04 G=4.540 advA2B=0.681 advB2A=0.848 cycA=0.095 cycB=0.112 idtA=0.090 idtB=0.099 D_A=0.033 D_B=0.085 D_A(real)=0.94 D_A(fake)=0.06 gnG=28.60 gnD=7.53 it_per_s=10.58
2026-10-02 06:00:50,159 INFO iter=179100 epoch=26 lr=1.46e-04 G=4.541 advA2B=0.682 advB2A=0.847 cycA=0.095 cycB=0.112 idtA=0.090 idtB=0.099 D_A=0.033 D_B=0.085 D_A(real)=0.94 D_A(fake)=0.06 gnG=28.55 gnD=7.52 it_per_s=10.59
2026-10-02 06:00:59,665 INFO iter=179200 epoch=26 lr=1.45e-04 G=4.539 advA2B=0.682 advB2A=0.846 cycA=0.095 cycB=0.112 idtA=0.089 idtB=0.099 D_A=0.033 D_B=0.085 D_A(real)=0.94 D_A(fake)=0.06 gnG=28.52 gnD=7.52 it_per_s=10.59
2026-10-02 06:01:09,130 INFO iter=179300 epoch=26 lr=1.45e-04 G=4.535 advA2B=0.682 advB2A=0.845 cycA=0.095 cycB=0.112 idtA=0.089 idtB=0.099 D_A=0.033 D_B=0.085 D_A(real)=0.94 D_A(fake)=0.06 gnG=28.54 gnD=7.54 it_per_s=10.59
2026-10-02 06:01:18,288 INFO iter=179400 epoch=26 lr=1.45e-04 G=4.535 advA2B=0.682 advB2A=0.845 cycA=0.095 cycB=0.112 idtA=0.089 idtB=0.099 D_A=0.033 D_B=0.085 D_A(real)=0.94 D_A(fake)=0.06 gnG=28.49 gnD=7.55 it_per_s=10.60
2026-10-02 06:01:27,600 INFO iter=179500 epoch=26 lr=1.45e-04 G=4.533 advA2B=0.682 advB2A=0.844 cycA=0.095 cycB=0.112 idtA=0.089 idtB=0.099 D_A=0.033 D_B=0.085 D_A(real)=0.94 D_A(fake)=0.06 gnG=28.46 gnD=7.55 it_per_s=10.60
2026-10-02 06:01:37,024 INFO iter=179600 epoch=26 lr=1.45e-04 G=4.532 advA2B=0.681 advB2A=0.843 cycA=0.095 cycB=0.112 idtA=0.089 idtB=0.099 D_A=0.034 D_B=0.085 D_A(real)=0.94 D_A(fake)=0.06 gnG=28.47 gnD=7.56 it_per_s=10.60
2026-10-02 06:01:46,237 INFO iter=179700 epoch=26 lr=1.45e-04 G=4.537 advA2B=0.682 advB2A=0.844 cycA=0.095 cycB=0.112 idtA=0.089 idtB=0.099 D_A=0.034 D_B=0.085 D_A(real)=0.94 D_A(fake)=0.06 gnG=28.56 gnD=7.56 it_per_s=10.61
2026-10-02 06:01:55,423 INFO iter=179800 epoch=26 lr=1.45e-04 G=4.536 advA2B=0.681 advB2A=0.844 cycA=0.095 cycB=0.112 idtA=0.089 idtB=0.099 D_A=0.034 D_B=0.085 D_A(real)=0.94 D_A(fake)=0.06 gnG=28.49 gnD=7.57 it_per_s=10.62
2026-10-02 06:02:04,856 INFO iter=179900 epoch=26 lr=1.44e-04 G=4.531 advA2B=0.681 advB2A=0.842 cycA=0.095 cycB=0.112 idtA=0.089 idtB=0.099 D_A=0.034 D_B=0.085 D_A(real)=0.94 D_A(fake)=0.06 gnG=28.48 gnD=7.58 it_per_s=10.62
2026-10-02 06:02:14,150 INFO iter=180000 epoch=26 lr=1.44e-04 G=4.530 advA2B=0.680 advB2A=0.842 cycA=0.095 cycB=0.112 idtA=0.089 idtB=0.099 D_A=0.034 D_B=0.085 D_A(real)=0.94 D_A(fake)=0.06 gnG=28.51 gnD=7.57 it_per_s=10.62
2026-10-02 06:02:23,235 INFO iter=180100 epoch=26 lr=1.44e-04 G=4.531 advA2B=0.681 advB2A=0.842 cycA=0.095 cycB=0.112 idtA=0.089 idtB=0.099 D_A=0.034 D_B=0.085 D_A(real)=0.94 D_A(fake)=0.06 gnG=28.49 gnD=7.57 it_per_s=10.63
2026-10-02 06:02:32,676 INFO iter=180200 epoch=26 lr=1.44e-04 G=4.528 advA2B=0.680 advB2A=0.842 cycA=0.095 cycB=0.112 idtA=0.089 idtB=0.099 D_A=0.034 D_B=0.085 D_A(real)=0.94 D_A(fake)=0.06 gnG=28.54 gnD=7.56 it_per_s=10.63
2026-10-02 06:02:42,051 INFO iter=180300 epoch=26 lr=1.44e-04 G=4.529 advA2B=0.680 advB2A=0.841 cycA=0.095 cycB=0.112 idtA=0.089 idtB=0.099 D_A=0.034 D_B=0.085 D_A(real)=0.94 D_A(fake)=0.06 gnG=28.54 gnD=7.57 it_per_s=10.63
2026-10-02 06:02:51,437 INFO iter=180400 epoch=26 lr=1.44e-04 G=4.526 advA2B=0.680 advB2A=0.841 cycA=0.095 cycB=0.112 idtA=0.089 idtB=0.099 D_A=0.034 D_B=0.085 D_A(real)=0.94 D_A(fake)=0.06 gnG=28.52 gnD=7.57 it_per_s=10.63
2026-10-02 06:03:00,993 INFO iter=180500 epoch=26 lr=1.44e-04 G=4.526 advA2B=0.680 advB2A=0.841 cycA=0.095 cycB=0.112 idtA=0.089 idtB=0.099 D_A=0.035 D_B=0.085 D_A(real)=0.94 D_A(fake)=0.06 gnG=28.51 gnD=7.59 it_per_s=10.63
2026-10-02 06:03:10,610 INFO iter=180600 epoch=26 lr=1.43e-04 G=4.524 advA2B=0.680 advB2A=0.840 cycA=0.095 cycB=0.112 idtA=0.089 idtB=0.099 D_A=0.035 D_B=0.085 D_A(real)=0.94 D_A(fake)=0.06 gnG=28.47 gnD=7.60 it_per_s=10.62
2026-10-02 06:03:20,935 INFO iter=180700 epoch=26 lr=1.43e-04 G=4.521 advA2B=0.680 advB2A=0.839 cycA=0.095 cycB=0.112 idtA=0.089 idtB=0.099 D_A=0.035 D_B=0.085 D_A(real)=0.94 D_A(fake)=0.06 gnG=28.44 gnD=7.61 it_per_s=10.60
2026-10-02 06:03:31,072 INFO iter=180800 epoch=26 lr=1.43e-04 G=4.520 advA2B=0.680 advB2A=0.837 cycA=0.095 cycB=0.112 idtA=0.089 idtB=0.099 D_A=0.035 D_B=0.085 D_A(real)=0.94 D_A(fake)=0.06 gnG=28.44 gnD=7.61 it_per_s=10.58
2026-10-02 06:03:41,114 INFO iter=180900 epoch=26 lr=1.43e-04 G=4.522 advA2B=0.681 advB2A=0.837 cycA=0.095 cycB=0.112 idtA=0.089 idtB=0.099 D_A=0.035 D_B=0.085 D_A(real)=0.94 D_A(fake)=0.06 gnG=28.47 gnD=7.61 it_per_s=10.57
2026-10-02 06:03:51,120 INFO iter=181000 epoch=26 lr=1.43e-04 G=4.520 advA2B=0.681 advB2A=0.837 cycA=0.095 cycB=0.112 idtA=0.089 idtB=0.099 D_A=0.035 D_B=0.085 D_A(real)=0.94 D_A(fake)=0.06 gnG=28.48 gnD=7.61 it_per_s=10.56
2026-10-02 06:04:00,992 INFO iter=181100 epoch=26 lr=1.43e-04 G=4.519 advA2B=0.682 advB2A=0.837 cycA=0.095 cycB=0.112 idtA=0.089 idtB=0.099 D_A=0.035 D_B=0.085 D_A(real)=0.94 D_A(fake)=0.06 gnG=28.49 gnD=7.61 it_per_s=10.55
2026-10-02 06:04:10,958 INFO iter=181200 epoch=26 lr=1.43e-04 G=4.520 advA2B=0.682 advB2A=0.837 cycA=0.095 cycB=0.112 idtA=0.089 idtB=0.099 D_A=0.035 D_B=0.085 D_A(real)=0.94 D_A(fake)=0.06 gnG=28.50 gnD=7.62 it_per_s=10.54
2026-10-02 06:04:20,664 INFO iter=181300 epoch=26 lr=1.42e-04 G=4.521 advA2B=0.681 advB2A=0.836 cycA=0.095 cycB=0.112 idtA=0.089 idtB=0.099 D_A=0.035 D_B=0.085 D_A(real)=0.94 D_A(fake)=0.06 gnG=28.51 gnD=7.63 it_per_s=10.54
2026-10-02 06:04:30,422 INFO iter=181400 epoch=26 lr=1.42e-04 G=4.519 advA2B=0.682 advB2A=0.835 cycA=0.095 cycB=0.112 idtA=0.089 idtB=0.099 D_A=0.036 D_B=0.085 D_A(real)=0.94 D_A(fake)=0.06 gnG=28.50 gnD=7.63 it_per_s=10.53
2026-10-02 06:04:40,201 INFO iter=181500 epoch=26 lr=1.42e-04 G=4.520 advA2B=0.681 advB2A=0.835 cycA=0.095 cycB=0.112 idtA=0.089 idtB=0.099 D_A=0.036 D_B=0.085 D_A(real)=0.94 D_A(fake)=0.06 gnG=28.48 gnD=7.64 it_per_s=10.52
2026-10-02 06:04:49,847 INFO iter=181600 epoch=26 lr=1.42e-04 G=4.519 advA2B=0.681 advB2A=0.834 cycA=0.095 cycB=0.112 idtA=0.089 idtB=0.099 D_A=0.036 D_B=0.085 D_A(real)=0.94 D_A(fake)=0.06 gnG=28.48 gnD=7.64 it_per_s=10.52
2026-10-02 06:04:59,762 INFO iter=181700 epoch=26 lr=1.42e-04 G=4.516 advA2B=0.681 advB2A=0.834 cycA=0.095 cycB=0.112 idtA=0.089 idtB=0.099 D_A=0.036 D_B=0.085 D_A(real)=0.94 D_A(fake)=0.06 gnG=28.47 gnD=7.64 it_per_s=10.51
2026-10-02 06:05:09,487 INFO iter=181800 epoch=26 lr=1.42e-04 G=4.517 advA2B=0.681 advB2A=0.835 cycA=0.095 cycB=0.112 idtA=0.089 idtB=0.099 D_A=0.036 D_B=0.085 D_A(real)=0.94 D_A(fake)=0.06 gnG=28.51 gnD=7.63 it_per_s=10.51
2026-10-02 06:05:19,059 INFO iter=181900 epoch=26 lr=1.42e-04 G=4.515 advA2B=0.681 advB2A=0.834 cycA=0.095 cycB=0.112 idtA=0.089 idtB=0.099 D_A=0.036 D_B=0.085 D_A(real)=0.94 D_A(fake)=0.06 gnG=28.54 gnD=7.64 it_per_s=10.51
2026-10-02 06:05:28,612 INFO iter=182000 epoch=26 lr=1.41e-04 G=4.515 advA2B=0.682 advB2A=0.834 cycA=0.094 cycB=0.112 idtA=0.088 idtB=0.099 D_A=0.036 D_B=0.085 D_A(real)=0.94 D_A(fake)=0.06 gnG=28.54 gnD=7.64 it_per_s=10.51
2026-10-02 06:05:38,055 INFO iter=182100 epoch=26 lr=1.41e-04 G=4.514 advA2B=0.682 advB2A=0.834 cycA=0.094 cycB=0.112 idtA=0.088 idtB=0.099 D_A=0.036 D_B=0.085 D_A(real)=0.94 D_A(fake)=0.06 gnG=28.53 gnD=7.64 it_per_s=10.51
2026-10-02 06:05:47,599 INFO iter=182200 epoch=26 lr=1.41e-04 G=4.514 advA2B=0.683 advB2A=0.833 cycA=0.095 cycB=0.112 idtA=0.088 idtB=0.099 D_A=0.036 D_B=0.085 D_A(real)=0.94 D_A(fake)=0.06 gnG=28.53 gnD=7.64 it_per_s=10.51
2026-10-02 06:05:57,039 INFO iter=182300 epoch=26 lr=1.41e-04 G=4.513 advA2B=0.682 advB2A=0.833 cycA=0.095 cycB=0.112 idtA=0.088 idtB=0.099 D_A=0.036 D_B=0.085 D_A(real)=0.94 D_A(fake)=0.06 gnG=28.57 gnD=7.64 it_per_s=10.51
2026-10-02 06:06:06,442 INFO iter=182400 epoch=26 lr=1.41e-04 G=4.512 advA2B=0.682 advB2A=0.833 cycA=0.094 cycB=0.112 idtA=0.088 idtB=0.099 D_A=0.036 D_B=0.085 D_A(real)=0.94 D_A(fake)=0.06 gnG=28.57 gnD=7.64 it_per_s=10.51
2026-10-02 06:06:15,852 INFO iter=182500 epoch=26 lr=1.41e-04 G=4.513 advA2B=0.682 advB2A=0.833 cycA=0.094 cycB=0.112 idtA=0.088 idtB=0.099 D_A=0.036 D_B=0.085 D_A(real)=0.94 D_A(fake)=0.06 gnG=28.54 gnD=7.67 it_per_s=10.51
2026-10-02 06:06:25,340 INFO iter=182600 epoch=26 lr=1.41e-04 G=4.512 advA2B=0.682 advB2A=0.833 cycA=0.094 cycB=0.112 idtA=0.088 idtB=0.099 D_A=0.036 D_B=0.085 D_A(real)=0.94 D_A(fake)=0.06 gnG=28.54 gnD=7.66 it_per_s=10.51
2026-10-02 06:06:34,807 INFO iter=182700 epoch=26 lr=1.40e-04 G=4.514 advA2B=0.683 advB2A=0.833 cycA=0.094 cycB=0.112 idtA=0.088 idtB=0.099 D_A=0.037 D_B=0.085 D_A(real)=0.93 D_A(fake)=0.07 gnG=28.59 gnD=7.67 it_per_s=10.51
2026-10-02 06:06:44,208 INFO iter=182800 epoch=26 lr=1.40e-04 G=4.513 advA2B=0.683 advB2A=0.833 cycA=0.094 cycB=0.112 idtA=0.088 idtB=0.099 D_A=0.037 D_B=0.085 D_A(real)=0.93 D_A(fake)=0.07 gnG=28.57 gnD=7.66 it_per_s=10.52
2026-10-02 06:06:53,644 INFO iter=182900 epoch=26 lr=1.40e-04 G=4.513 advA2B=0.683 advB2A=0.832 cycA=0.094 cycB=0.112 idtA=0.088 idtB=0.099 D_A=0.037 D_B=0.085 D_A(real)=0.93 D_A(fake)=0.07 gnG=28.61 gnD=7.66 it_per_s=10.52
2026-10-02 06:07:01,941 INFO epoch=26 done time_s=669 it_per_s=10.52 G=4.513 cycA=0.094 cycB=0.112 idtA=0.088 idtB=0.099 D_A=0.037 D_B=0.085 D_A(real)=0.93 D_A(fake)=0.07 nan_count=0
2026-10-02 06:07:01,942 WARNING epoch=26 D_A (Monet) loss 0.0367 is near 0: possible discriminator overfitting
2026-10-02 06:07:03,660 INFO iter=183000 epoch=27 lr=1.40e-04 G=4.455 advA2B=0.667 advB2A=0.803 cycA=0.096 cycB=0.108 idtA=0.098 idtB=0.091 D_A=0.031 D_B=0.060 D_A(real)=0.98 D_A(fake)=0.03 gnG=26.00 gnD=6.19 it_per_s=10.42
2026-10-02 06:07:13,065 INFO iter=183100 epoch=27 lr=1.40e-04 G=4.438 advA2B=0.704 advB2A=0.792 cycA=0.092 cycB=0.109 idtA=0.087 idtB=0.099 D_A=0.038 D_B=0.076 D_A(real)=0.93 D_A(fake)=0.07 gnG=27.64 gnD=6.98 it_per_s=10.61
2026-10-02 06:07:22,474 INFO iter=183200 epoch=27 lr=1.40e-04 G=4.498 advA2B=0.710 advB2A=0.787 cycA=0.093 cycB=0.112 idtA=0.088 idtB=0.101 D_A=0.043 D_B=0.079 D_A(real)=0.92 D_A(fake)=0.08 gnG=28.47 gnD=7.49 it_per_s=10.62
2026-10-02 06:07:32,044 INFO iter=183300 epoch=27 lr=1.40e-04 G=4.456 advA2B=0.697 advB2A=0.800 cycA=0.093 cycB=0.110 idtA=0.087 idtB=0.099 D_A=0.043 D_B=0.078 D_A(real)=0.91 D_A(fake)=0.08 gnG=28.15 gnD=7.35 it_per_s=10.56
2026-10-02 06:07:41,466 INFO iter=183400 epoch=27 lr=1.39e-04 G=4.480 advA2B=0.705 advB2A=0.806 cycA=0.093 cycB=0.111 idtA=0.088 idtB=0.098 D_A=0.044 D_B=0.076 D_A(real)=0.92 D_A(fake)=0.08 gnG=28.75 gnD=7.35 it_per_s=10.58
2026-10-02 06:07:50,893 INFO iter=183500 epoch=27 lr=1.39e-04 G=4.486 advA2B=0.701 advB2A=0.798 cycA=0.093 cycB=0.113 idtA=0.087 idtB=0.099 D_A=0.044 D_B=0.079 D_A(real)=0.92 D_A(fake)=0.08 gnG=29.05 gnD=7.51 it_per_s=10.58
2026-10-02 06:08:00,324 INFO iter=183600 epoch=27 lr=1.39e-04 G=4.504 advA2B=0.692 advB2A=0.800 cycA=0.092 cycB=0.115 idtA=0.086 idtB=0.101 D_A=0.044 D_B=0.080 D_A(real)=0.92 D_A(fake)=0.08 gnG=29.19 gnD=7.61 it_per_s=10.59
2026-10-02 06:08:09,736 INFO iter=183700 epoch=27 lr=1.39e-04 G=4.507 advA2B=0.692 advB2A=0.805 cycA=0.093 cycB=0.114 idtA=0.087 idtB=0.101 D_A=0.043 D_B=0.080 D_A(real)=0.92 D_A(fake)=0.08 gnG=29.36 gnD=7.58 it_per_s=10.59
2026-10-02 06:08:19,127 INFO iter=183800 epoch=27 lr=1.39e-04 G=4.483 advA2B=0.690 advB2A=0.801 cycA=0.093 cycB=0.113 idtA=0.086 idtB=0.100 D_A=0.043 D_B=0.080 D_A(real)=0.92 D_A(fake)=0.08 gnG=29.13 gnD=7.61 it_per_s=10.60
2026-10-02 06:08:28,624 INFO iter=183900 epoch=27 lr=1.39e-04 G=4.495 advA2B=0.697 advB2A=0.802 cycA=0.093 cycB=0.113 idtA=0.087 idtB=0.100 D_A=0.043 D_B=0.079 D_A(real)=0.92 D_A(fake)=0.08 gnG=29.28 gnD=7.59 it_per_s=10.59
2026-10-02 06:08:38,056 INFO iter=184000 epoch=27 lr=1.39e-04 G=4.489 advA2B=0.698 advB2A=0.807 cycA=0.093 cycB=0.113 idtA=0.086 idtB=0.099 D_A=0.043 D_B=0.079 D_A(real)=0.92 D_A(fake)=0.08 gnG=29.05 gnD=7.65 it_per_s=10.59
2026-10-02 06:08:47,419 INFO iter=184100 epoch=27 lr=1.38e-04 G=4.484 advA2B=0.700 advB2A=0.808 cycA=0.093 cycB=0.112 idtA=0.086 idtB=0.099 D_A=0.042 D_B=0.078 D_A(real)=0.92 D_A(fake)=0.08 gnG=29.12 gnD=7.58 it_per_s=10.60
2026-10-02 06:08:56,860 INFO iter=184200 epoch=27 lr=1.38e-04 G=4.475 advA2B=0.702 advB2A=0.808 cycA=0.093 cycB=0.111 idtA=0.086 idtB=0.098 D_A=0.042 D_B=0.079 D_A(real)=0.92 D_A(fake)=0.08 gnG=29.17 gnD=7.65 it_per_s=10.60
2026-10-02 06:09:06,292 INFO iter=184300 epoch=27 lr=1.38e-04 G=4.472 advA2B=0.700 advB2A=0.807 cycA=0.093 cycB=0.111 idtA=0.086 idtB=0.098 D_A=0.042 D_B=0.080 D_A(real)=0.92 D_A(fake)=0.08 gnG=29.27 gnD=7.68 it_per_s=10.60
2026-10-02 06:09:15,717 INFO iter=184400 epoch=27 lr=1.38e-04 G=4.468 advA2B=0.699 advB2A=0.806 cycA=0.093 cycB=0.111 idtA=0.086 idtB=0.099 D_A=0.043 D_B=0.080 D_A(real)=0.92 D_A(fake)=0.08 gnG=29.12 gnD=7.69 it_per_s=10.60
2026-10-02 06:09:25,124 INFO iter=184500 epoch=27 lr=1.38e-04 G=4.476 advA2B=0.698 advB2A=0.805 cycA=0.093 cycB=0.112 idtA=0.086 idtB=0.099 D_A=0.043 D_B=0.081 D_A(real)=0.92 D_A(fake)=0.08 gnG=29.20 gnD=7.75 it_per_s=10.60
2026-10-02 06:09:34,535 INFO iter=184600 epoch=27 lr=1.38e-04 G=4.470 advA2B=0.698 advB2A=0.804 cycA=0.093 cycB=0.111 idtA=0.086 idtB=0.098 D_A=0.043 D_B=0.081 D_A(real)=0.92 D_A(fake)=0.08 gnG=29.18 gnD=7.73 it_per_s=10.60
2026-10-02 06:09:43,942 INFO iter=184700 epoch=27 lr=1.38e-04 G=4.468 advA2B=0.696 advB2A=0.804 cycA=0.093 cycB=0.111 idtA=0.086 idtB=0.098 D_A=0.043 D_B=0.081 D_A(real)=0.92 D_A(fake)=0.08 gnG=29.27 gnD=7.77 it_per_s=10.60
2026-10-02 06:09:53,364 INFO iter=184800 epoch=27 lr=1.37e-04 G=4.472 advA2B=0.697 advB2A=0.806 cycA=0.093 cycB=0.111 idtA=0.086 idtB=0.098 D_A=0.043 D_B=0.081 D_A(real)=0.92 D_A(fake)=0.08 gnG=29.35 gnD=7.77 it_per_s=10.61
2026-10-02 06:10:02,803 INFO iter=184900 epoch=27 lr=1.37e-04 G=4.471 advA2B=0.696 advB2A=0.806 cycA=0.093 cycB=0.111 idtA=0.086 idtB=0.099 D_A=0.043 D_B=0.081 D_A(real)=0.92 D_A(fake)=0.08 gnG=29.35 gnD=7.75 it_per_s=10.60
2026-10-02 06:10:12,303 INFO iter=185000 epoch=27 lr=1.37e-04 G=4.467 advA2B=0.695 advB2A=0.806 cycA=0.093 cycB=0.111 idtA=0.086 idtB=0.099 D_A=0.043 D_B=0.082 D_A(real)=0.92 D_A(fake)=0.08 gnG=29.38 gnD=7.77 it_per_s=10.60
2026-10-02 06:10:21,507 INFO iter=185100 epoch=27 lr=1.37e-04 G=4.476 advA2B=0.696 advB2A=0.807 cycA=0.093 cycB=0.112 idtA=0.086 idtB=0.099 D_A=0.043 D_B=0.082 D_A(real)=0.92 D_A(fake)=0.08 gnG=29.46 gnD=7.79 it_per_s=10.61
2026-10-02 06:10:30,741 INFO iter=185200 epoch=27 lr=1.37e-04 G=4.471 advA2B=0.694 advB2A=0.806 cycA=0.093 cycB=0.112 idtA=0.086 idtB=0.099 D_A=0.043 D_B=0.082 D_A(real)=0.92 D_A(fake)=0.08 gnG=29.48 gnD=7.79 it_per_s=10.62
2026-10-02 06:10:40,154 INFO iter=185300 epoch=27 lr=1.37e-04 G=4.473 advA2B=0.693 advB2A=0.807 cycA=0.093 cycB=0.112 idtA=0.086 idtB=0.099 D_A=0.043 D_B=0.083 D_A(real)=0.92 D_A(fake)=0.08 gnG=29.48 gnD=7.83 it_per_s=10.62
2026-10-02 06:10:49,358 INFO iter=185400 epoch=27 lr=1.37e-04 G=4.472 advA2B=0.693 advB2A=0.807 cycA=0.093 cycB=0.112 idtA=0.086 idtB=0.099 D_A=0.043 D_B=0.083 D_A(real)=0.92 D_A(fake)=0.08 gnG=29.52 gnD=7.82 it_per_s=10.63
2026-10-02 06:10:58,498 INFO iter=185500 epoch=27 lr=1.36e-04 G=4.466 advA2B=0.692 advB2A=0.805 cycA=0.093 cycB=0.111 idtA=0.086 idtB=0.099 D_A=0.043 D_B=0.083 D_A(real)=0.92 D_A(fake)=0.08 gnG=29.44 gnD=7.84 it_per_s=10.64
2026-10-02 06:11:07,927 INFO iter=185600 epoch=27 lr=1.36e-04 G=4.474 advA2B=0.692 advB2A=0.806 cycA=0.093 cycB=0.112 idtA=0.086 idtB=0.099 D_A=0.043 D_B=0.083 D_A(real)=0.92 D_A(fake)=0.08 gnG=29.51 gnD=7.84 it_per_s=10.64
2026-10-02 06:11:17,334 INFO iter=185700 epoch=27 lr=1.36e-04 G=4.470 advA2B=0.692 advB2A=0.806 cycA=0.093 cycB=0.112 idtA=0.086 idtB=0.099 D_A=0.043 D_B=0.083 D_A(real)=0.92 D_A(fake)=0.08 gnG=29.46 gnD=7.85 it_per_s=10.64
2026-10-02 06:11:26,491 INFO iter=185800 epoch=27 lr=1.36e-04 G=4.467 advA2B=0.692 advB2A=0.806 cycA=0.093 cycB=0.111 idtA=0.086 idtB=0.099 D_A=0.043 D_B=0.083 D_A(real)=0.92 D_A(fake)=0.08 gnG=29.47 gnD=7.85 it_per_s=10.65
2026-10-02 06:11:35,904 INFO iter=185900 epoch=27 lr=1.36e-04 G=4.468 advA2B=0.692 advB2A=0.805 cycA=0.093 cycB=0.111 idtA=0.086 idtB=0.099 D_A=0.043 D_B=0.083 D_A(real)=0.92 D_A(fake)=0.08 gnG=29.56 gnD=7.84 it_per_s=10.65
2026-10-02 06:11:45,325 INFO iter=186000 epoch=27 lr=1.36e-04 G=4.464 advA2B=0.692 advB2A=0.805 cycA=0.093 cycB=0.111 idtA=0.086 idtB=0.099 D_A=0.043 D_B=0.083 D_A(real)=0.92 D_A(fake)=0.08 gnG=29.50 gnD=7.84 it_per_s=10.65
2026-10-02 06:11:54,369 INFO iter=186100 epoch=27 lr=1.36e-04 G=4.463 advA2B=0.691 advB2A=0.805 cycA=0.093 cycB=0.111 idtA=0.086 idtB=0.099 D_A=0.043 D_B=0.083 D_A(real)=0.92 D_A(fake)=0.08 gnG=29.45 gnD=7.87 it_per_s=10.66
2026-10-02 06:12:03,700 INFO iter=186200 epoch=27 lr=1.35e-04 G=4.460 advA2B=0.691 advB2A=0.805 cycA=0.093 cycB=0.111 idtA=0.086 idtB=0.098 D_A=0.043 D_B=0.083 D_A(real)=0.92 D_A(fake)=0.08 gnG=29.40 gnD=7.88 it_per_s=10.66
2026-10-02 06:12:13,092 INFO iter=186300 epoch=27 lr=1.35e-04 G=4.466 advA2B=0.692 advB2A=0.806 cycA=0.093 cycB=0.111 idtA=0.086 idtB=0.099 D_A=0.043 D_B=0.083 D_A(real)=0.92 D_A(fake)=0.08 gnG=29.49 gnD=7.87 it_per_s=10.66
2026-10-02 06:12:22,450 INFO iter=186400 epoch=27 lr=1.35e-04 G=4.464 advA2B=0.691 advB2A=0.806 cycA=0.093 cycB=0.111 idtA=0.086 idtB=0.098 D_A=0.043 D_B=0.083 D_A(real)=0.92 D_A(fake)=0.08 gnG=29.52 gnD=7.87 it_per_s=10.66
2026-10-02 06:12:31,788 INFO iter=186500 epoch=27 lr=1.35e-04 G=4.462 advA2B=0.690 advB2A=0.807 cycA=0.093 cycB=0.111 idtA=0.086 idtB=0.098 D_A=0.043 D_B=0.083 D_A(real)=0.92 D_A(fake)=0.08 gnG=29.55 gnD=7.86 it_per_s=10.67
2026-10-02 06:12:41,222 INFO iter=186600 epoch=27 lr=1.35e-04 G=4.464 advA2B=0.690 advB2A=0.807 cycA=0.093 cycB=0.111 idtA=0.086 idtB=0.099 D_A=0.043 D_B=0.083 D_A(real)=0.92 D_A(fake)=0.08 gnG=29.57 gnD=7.85 it_per_s=10.66
2026-10-02 06:12:50,538 INFO iter=186700 epoch=27 lr=1.35e-04 G=4.463 advA2B=0.689 advB2A=0.807 cycA=0.093 cycB=0.111 idtA=0.086 idtB=0.098 D_A=0.043 D_B=0.083 D_A(real)=0.92 D_A(fake)=0.08 gnG=29.56 gnD=7.87 it_per_s=10.67
2026-10-02 06:12:59,706 INFO iter=186800 epoch=27 lr=1.35e-04 G=4.458 advA2B=0.689 advB2A=0.807 cycA=0.093 cycB=0.111 idtA=0.086 idtB=0.098 D_A=0.043 D_B=0.083 D_A(real)=0.92 D_A(fake)=0.08 gnG=29.57 gnD=7.88 it_per_s=10.67
2026-10-02 06:13:09,216 INFO iter=186900 epoch=27 lr=1.34e-04 G=4.456 advA2B=0.689 advB2A=0.807 cycA=0.093 cycB=0.111 idtA=0.086 idtB=0.098 D_A=0.044 D_B=0.083 D_A(real)=0.92 D_A(fake)=0.08 gnG=29.63 gnD=7.89 it_per_s=10.67
2026-10-02 06:13:18,601 INFO iter=187000 epoch=27 lr=1.34e-04 G=4.457 advA2B=0.689 advB2A=0.806 cycA=0.093 cycB=0.111 idtA=0.086 idtB=0.098 D_A=0.044 D_B=0.083 D_A(real)=0.92 D_A(fake)=0.08 gnG=29.69 gnD=7.89 it_per_s=10.67
2026-10-02 06:13:27,771 INFO iter=187100 epoch=27 lr=1.34e-04 G=4.456 advA2B=0.689 advB2A=0.805 cycA=0.093 cycB=0.111 idtA=0.086 idtB=0.098 D_A=0.044 D_B=0.083 D_A(real)=0.92 D_A(fake)=0.08 gnG=29.70 gnD=7.88 it_per_s=10.67
2026-10-02 06:13:37,216 INFO iter=187200 epoch=27 lr=1.34e-04 G=4.455 advA2B=0.689 advB2A=0.805 cycA=0.093 cycB=0.111 idtA=0.086 idtB=0.098 D_A=0.044 D_B=0.083 D_A(real)=0.92 D_A(fake)=0.08 gnG=29.72 gnD=7.89 it_per_s=10.67
2026-10-02 06:13:46,601 INFO iter=187300 epoch=27 lr=1.34e-04 G=4.455 advA2B=0.689 advB2A=0.806 cycA=0.093 cycB=0.111 idtA=0.086 idtB=0.098 D_A=0.044 D_B=0.083 D_A(real)=0.92 D_A(fake)=0.08 gnG=29.74 gnD=7.91 it_per_s=10.67
2026-10-02 06:13:55,660 INFO iter=187400 epoch=27 lr=1.34e-04 G=4.464 advA2B=0.690 advB2A=0.807 cycA=0.093 cycB=0.111 idtA=0.087 idtB=0.098 D_A=0.044 D_B=0.083 D_A(real)=0.92 D_A(fake)=0.08 gnG=29.86 gnD=7.91 it_per_s=10.68
2026-10-02 06:14:05,037 INFO iter=187500 epoch=27 lr=1.34e-04 G=4.467 advA2B=0.691 advB2A=0.808 cycA=0.093 cycB=0.111 idtA=0.087 idtB=0.098 D_A=0.044 D_B=0.083 D_A(real)=0.92 D_A(fake)=0.08 gnG=29.90 gnD=7.91 it_per_s=10.68
2026-10-02 06:14:14,439 INFO iter=187600 epoch=27 lr=1.33e-04 G=4.466 advA2B=0.690 advB2A=0.808 cycA=0.093 cycB=0.111 idtA=0.087 idtB=0.098 D_A=0.044 D_B=0.083 D_A(real)=0.92 D_A(fake)=0.08 gnG=29.90 gnD=7.90 it_per_s=10.68
2026-10-02 06:14:23,544 INFO iter=187700 epoch=27 lr=1.33e-04 G=4.465 advA2B=0.691 advB2A=0.807 cycA=0.093 cycB=0.111 idtA=0.087 idtB=0.098 D_A=0.044 D_B=0.083 D_A(real)=0.92 D_A(fake)=0.08 gnG=29.85 gnD=7.91 it_per_s=10.68
2026-10-02 06:14:32,808 INFO iter=187800 epoch=27 lr=1.33e-04 G=4.464 advA2B=0.691 advB2A=0.807 cycA=0.093 cycB=0.111 idtA=0.087 idtB=0.098 D_A=0.044 D_B=0.083 D_A(real)=0.92 D_A(fake)=0.08 gnG=29.85 gnD=7.90 it_per_s=10.69
2026-10-02 06:14:42,235 INFO iter=187900 epoch=27 lr=1.33e-04 G=4.463 advA2B=0.690 advB2A=0.807 cycA=0.093 cycB=0.111 idtA=0.087 idtB=0.098 D_A=0.044 D_B=0.083 D_A(real)=0.92 D_A(fake)=0.08 gnG=29.90 gnD=7.91 it_per_s=10.68
2026-10-02 06:14:51,539 INFO iter=188000 epoch=27 lr=1.33e-04 G=4.465 advA2B=0.691 advB2A=0.808 cycA=0.093 cycB=0.111 idtA=0.087 idtB=0.098 D_A=0.044 D_B=0.083 D_A(real)=0.92 D_A(fake)=0.08 gnG=29.86 gnD=7.91 it_per_s=10.69
2026-10-02 06:15:00,724 INFO iter=188100 epoch=27 lr=1.33e-04 G=4.464 advA2B=0.691 advB2A=0.809 cycA=0.093 cycB=0.111 idtA=0.087 idtB=0.098 D_A=0.044 D_B=0.083 D_A(real)=0.92 D_A(fake)=0.08 gnG=29.83 gnD=7.90 it_per_s=10.69
2026-10-02 06:15:10,221 INFO iter=188200 epoch=27 lr=1.33e-04 G=4.465 advA2B=0.691 advB2A=0.808 cycA=0.093 cycB=0.111 idtA=0.087 idtB=0.098 D_A=0.044 D_B=0.083 D_A(real)=0.92 D_A(fake)=0.08 gnG=29.83 gnD=7.90 it_per_s=10.69
2026-10-02 06:15:19,579 INFO iter=188300 epoch=27 lr=1.32e-04 G=4.465 advA2B=0.691 advB2A=0.808 cycA=0.093 cycB=0.111 idtA=0.087 idtB=0.098 D_A=0.044 D_B=0.083 D_A(real)=0.92 D_A(fake)=0.08 gnG=29.84 gnD=7.90 it_per_s=10.69
2026-10-02 06:15:28,618 INFO iter=188400 epoch=27 lr=1.32e-04 G=4.466 advA2B=0.692 advB2A=0.808 cycA=0.093 cycB=0.111 idtA=0.087 idtB=0.098 D_A=0.044 D_B=0.082 D_A(real)=0.92 D_A(fake)=0.08 gnG=29.84 gnD=7.89 it_per_s=10.69
2026-10-02 06:15:38,041 INFO iter=188500 epoch=27 lr=1.32e-04 G=4.464 advA2B=0.691 advB2A=0.808 cycA=0.093 cycB=0.111 idtA=0.087 idtB=0.098 D_A=0.044 D_B=0.082 D_A(real)=0.92 D_A(fake)=0.08 gnG=29.84 gnD=7.90 it_per_s=10.69
2026-10-02 06:15:47,460 INFO iter=188600 epoch=27 lr=1.32e-04 G=4.463 advA2B=0.691 advB2A=0.808 cycA=0.093 cycB=0.111 idtA=0.086 idtB=0.098 D_A=0.044 D_B=0.082 D_A(real)=0.92 D_A(fake)=0.08 gnG=29.83 gnD=7.90 it_per_s=10.69
2026-10-02 06:15:56,487 INFO iter=188700 epoch=27 lr=1.32e-04 G=4.466 advA2B=0.691 advB2A=0.808 cycA=0.093 cycB=0.111 idtA=0.087 idtB=0.098 D_A=0.044 D_B=0.082 D_A(real)=0.92 D_A(fake)=0.08 gnG=29.87 gnD=7.90 it_per_s=10.70
2026-10-02 06:16:05,909 INFO iter=188800 epoch=27 lr=1.32e-04 G=4.465 advA2B=0.692 advB2A=0.808 cycA=0.093 cycB=0.111 idtA=0.087 idtB=0.098 D_A=0.044 D_B=0.082 D_A(real)=0.92 D_A(fake)=0.08 gnG=29.90 gnD=7.89 it_per_s=10.70
2026-10-02 06:16:15,383 INFO iter=188900 epoch=27 lr=1.32e-04 G=4.464 advA2B=0.692 advB2A=0.807 cycA=0.093 cycB=0.111 idtA=0.087 idtB=0.098 D_A=0.044 D_B=0.082 D_A(real)=0.92 D_A(fake)=0.08 gnG=29.95 gnD=7.89 it_per_s=10.69
2026-10-02 06:16:24,634 INFO iter=189000 epoch=27 lr=1.31e-04 G=4.462 advA2B=0.692 advB2A=0.807 cycA=0.093 cycB=0.111 idtA=0.087 idtB=0.098 D_A=0.044 D_B=0.082 D_A(real)=0.92 D_A(fake)=0.08 gnG=29.92 gnD=7.89 it_per_s=10.70
2026-10-02 06:16:33,932 INFO iter=189100 epoch=27 lr=1.31e-04 G=4.462 advA2B=0.692 advB2A=0.807 cycA=0.093 cycB=0.111 idtA=0.087 idtB=0.098 D_A=0.044 D_B=0.082 D_A(real)=0.92 D_A(fake)=0.08 gnG=29.93 gnD=7.90 it_per_s=10.70
2026-10-02 06:16:43,391 INFO iter=189200 epoch=27 lr=1.31e-04 G=4.461 advA2B=0.692 advB2A=0.807 cycA=0.093 cycB=0.111 idtA=0.087 idtB=0.098 D_A=0.044 D_B=0.083 D_A(real)=0.92 D_A(fake)=0.08 gnG=29.93 gnD=7.92 it_per_s=10.69
2026-10-02 06:16:52,619 INFO iter=189300 epoch=27 lr=1.31e-04 G=4.461 advA2B=0.692 advB2A=0.807 cycA=0.093 cycB=0.111 idtA=0.087 idtB=0.098 D_A=0.044 D_B=0.083 D_A(real)=0.92 D_A(fake)=0.08 gnG=29.96 gnD=7.93 it_per_s=10.70
2026-10-02 06:17:01,850 INFO iter=189400 epoch=27 lr=1.31e-04 G=4.460 advA2B=0.691 advB2A=0.806 cycA=0.093 cycB=0.111 idtA=0.087 idtB=0.098 D_A=0.044 D_B=0.083 D_A(real)=0.92 D_A(fake)=0.08 gnG=29.96 gnD=7.92 it_per_s=10.70
2026-10-02 06:17:11,396 INFO iter=189500 epoch=27 lr=1.31e-04 G=4.458 advA2B=0.691 advB2A=0.806 cycA=0.093 cycB=0.111 idtA=0.087 idtB=0.098 D_A=0.044 D_B=0.083 D_A(real)=0.92 D_A(fake)=0.08 gnG=29.96 gnD=7.93 it_per_s=10.69
2026-10-02 06:17:20,865 INFO iter=189600 epoch=27 lr=1.31e-04 G=4.456 advA2B=0.691 advB2A=0.806 cycA=0.093 cycB=0.111 idtA=0.087 idtB=0.098 D_A=0.044 D_B=0.083 D_A(real)=0.92 D_A(fake)=0.08 gnG=29.96 gnD=7.93 it_per_s=10.69
2026-10-02 06:17:30,212 INFO iter=189700 epoch=27 lr=1.30e-04 G=4.455 advA2B=0.690 advB2A=0.806 cycA=0.093 cycB=0.111 idtA=0.086 idtB=0.098 D_A=0.044 D_B=0.083 D_A(real)=0.92 D_A(fake)=0.08 gnG=29.95 gnD=7.94 it_per_s=10.69
2026-10-02 06:17:39,724 INFO iter=189800 epoch=27 lr=1.30e-04 G=4.453 advA2B=0.690 advB2A=0.806 cycA=0.093 cycB=0.111 idtA=0.086 idtB=0.098 D_A=0.044 D_B=0.083 D_A(real)=0.92 D_A(fake)=0.08 gnG=29.91 gnD=7.94 it_per_s=10.69
2026-10-02 06:17:49,226 INFO iter=189900 epoch=27 lr=1.30e-04 G=4.454 advA2B=0.690 advB2A=0.805 cycA=0.093 cycB=0.111 idtA=0.086 idtB=0.098 D_A=0.045 D_B=0.083 D_A(real)=0.92 D_A(fake)=0.08 gnG=29.94 gnD=7.95 it_per_s=10.69
2026-10-02 06:17:58,463 INFO iter=190000 epoch=27 lr=1.30e-04 G=4.456 advA2B=0.689 advB2A=0.805 cycA=0.093 cycB=0.111 idtA=0.086 idtB=0.098 D_A=0.045 D_B=0.083 D_A(real)=0.92 D_A(fake)=0.08 gnG=29.94 gnD=7.94 it_per_s=10.69
2026-10-02 06:18:00,909 INFO epoch=27 done time_s=658 it_per_s=10.69 G=4.455 cycA=0.093 cycB=0.111 idtA=0.086 idtB=0.098 D_A=0.045 D_B=0.083 D_A(real)=0.92 D_A(fake)=0.08 nan_count=0
2026-10-02 06:18:00,910 WARNING epoch=27 D_A (Monet) loss 0.0446 is near 0: possible discriminator overfitting
2026-10-02 06:18:08,529 INFO iter=190100 epoch=28 lr=1.30e-04 G=4.541 advA2B=0.670 advB2A=0.784 cycA=0.093 cycB=0.119 idtA=0.090 idtB=0.101 D_A=0.048 D_B=0.085 D_A(real)=0.90 D_A(fake)=0.10 gnG=30.50 gnD=8.31 it_per_s=10.48
2026-10-02 06:18:17,990 INFO iter=190200 epoch=28 lr=1.30e-04 G=4.428 advA2B=0.675 advB2A=0.785 cycA=0.093 cycB=0.113 idtA=0.087 idtB=0.094 D_A=0.047 D_B=0.086 D_A(real)=0.91 D_A(fake)=0.09 gnG=29.97 gnD=8.09 it_per_s=10.53
2026-10-02 06:18:27,235 INFO iter=190300 epoch=28 lr=1.30e-04 G=4.410 advA2B=0.692 advB2A=0.794 cycA=0.093 cycB=0.110 idtA=0.086 idtB=0.092 D_A=0.047 D_B=0.082 D_A(real)=0.91 D_A(fake)=0.09 gnG=30.23 gnD=7.96 it_per_s=10.63
2026-10-02 06:18:36,617 INFO iter=190400 epoch=28 lr=1.29e-04 G=4.434 advA2B=0.692 advB2A=0.799 cycA=0.094 cycB=0.111 idtA=0.086 idtB=0.094 D_A=0.047 D_B=0.083 D_A(real)=0.91 D_A(fake)=0.09 gnG=30.61 gnD=8.14 it_per_s=10.64
2026-10-02 06:18:46,068 INFO iter=190500 epoch=28 lr=1.29e-04 G=4.434 advA2B=0.697 advB2A=0.794 cycA=0.093 cycB=0.111 idtA=0.085 idtB=0.096 D_A=0.047 D_B=0.085 D_A(real)=0.91 D_A(fake)=0.09 gnG=30.34 gnD=8.25 it_per_s=10.63
2026-10-02 06:18:55,528 INFO iter=190600 epoch=28 lr=1.29e-04 G=4.409 advA2B=0.696 advB2A=0.787 cycA=0.093 cycB=0.109 idtA=0.085 idtB=0.095 D_A=0.047 D_B=0.084 D_A(real)=0.91 D_A(fake)=0.09 gnG=30.25 gnD=8.21 it_per_s=10.62
2026-10-02 06:19:04,990 INFO iter=190700 epoch=28 lr=1.29e-04 G=4.410 advA2B=0.697 advB2A=0.791 cycA=0.092 cycB=0.109 idtA=0.085 idtB=0.096 D_A=0.047 D_B=0.083 D_A(real)=0.91 D_A(fake)=0.09 gnG=30.14 gnD=8.09 it_per_s=10.61
2026-10-02 06:19:14,392 INFO iter=190800 epoch=28 lr=1.29e-04 G=4.396 advA2B=0.693 advB2A=0.786 cycA=0.092 cycB=0.109 idtA=0.085 idtB=0.096 D_A=0.048 D_B=0.084 D_A(real)=0.91 D_A(fake)=0.09 gnG=30.10 gnD=8.19 it_per_s=10.61
2026-10-02 06:19:23,818 INFO iter=190900 epoch=28 lr=1.29e-04 G=4.390 advA2B=0.694 advB2A=0.787 cycA=0.092 cycB=0.109 idtA=0.085 idtB=0.095 D_A=0.048 D_B=0.084 D_A(real)=0.91 D_A(fake)=0.09 gnG=30.62 gnD=8.21 it_per_s=10.61
2026-10-02 06:19:33,236 INFO iter=191000 epoch=28 lr=1.29e-04 G=4.376 advA2B=0.693 advB2A=0.785 cycA=0.092 cycB=0.108 idtA=0.085 idtB=0.094 D_A=0.048 D_B=0.085 D_A(real)=0.91 D_A(fake)=0.09 gnG=30.46 gnD=8.21 it_per_s=10.61
2026-10-02 06:19:42,635 INFO iter=191100 epoch=28 lr=1.28e-04 G=4.385 advA2B=0.696 advB2A=0.789 cycA=0.092 cycB=0.108 idtA=0.085 idtB=0.095 D_A=0.047 D_B=0.084 D_A(real)=0.91 D_A(fake)=0.09 gnG=30.49 gnD=8.12 it_per_s=10.62
2026-10-02 06:19:52,045 INFO iter=191200 epoch=28 lr=1.28e-04 G=4.389 advA2B=0.693 advB2A=0.793 cycA=0.092 cycB=0.109 idtA=0.085 idtB=0.095 D_A=0.047 D_B=0.084 D_A(real)=0.91 D_A(fake)=0.09 gnG=30.73 gnD=8.13 it_per_s=10.62
2026-10-02 06:20:01,488 INFO iter=191300 epoch=28 lr=1.28e-04 G=4.388 advA2B=0.693 advB2A=0.789 cycA=0.092 cycB=0.109 idtA=0.085 idtB=0.095 D_A=0.047 D_B=0.083 D_A(real)=0.91 D_A(fake)=0.09 gnG=30.72 gnD=8.09 it_per_s=10.61
2026-10-02 06:20:10,883 INFO iter=191400 epoch=28 lr=1.28e-04 G=4.389 advA2B=0.695 advB2A=0.786 cycA=0.092 cycB=0.109 idtA=0.085 idtB=0.095 D_A=0.047 D_B=0.083 D_A(real)=0.91 D_A(fake)=0.09 gnG=30.52 gnD=8.05 it_per_s=10.62
2026-10-02 06:20:20,337 INFO iter=191500 epoch=28 lr=1.28e-04 G=4.385 advA2B=0.695 advB2A=0.787 cycA=0.092 cycB=0.109 idtA=0.085 idtB=0.095 D_A=0.047 D_B=0.082 D_A(real)=0.91 D_A(fake)=0.09 gnG=30.33 gnD=8.06 it_per_s=10.61
2026-10-02 06:20:29,730 INFO iter=191600 epoch=28 lr=1.28e-04 G=4.379 advA2B=0.691 advB2A=0.788 cycA=0.092 cycB=0.108 idtA=0.085 idtB=0.095 D_A=0.047 D_B=0.082 D_A(real)=0.91 D_A(fake)=0.09 gnG=30.24 gnD=8.06 it_per_s=10.62
2026-10-02 06:20:39,136 INFO iter=191700 epoch=28 lr=1.28e-04 G=4.383 advA2B=0.691 advB2A=0.786 cycA=0.091 cycB=0.109 idtA=0.085 idtB=0.096 D_A=0.047 D_B=0.083 D_A(real)=0.91 D_A(fake)=0.09 gnG=30.37 gnD=8.06 it_per_s=10.62
2026-10-02 06:20:48,633 INFO iter=191800 epoch=28 lr=1.27e-04 G=4.393 advA2B=0.693 advB2A=0.788 cycA=0.091 cycB=0.109 idtA=0.085 idtB=0.096 D_A=0.047 D_B=0.083 D_A(real)=0.91 D_A(fake)=0.09 gnG=30.38 gnD=8.12 it_per_s=10.61
2026-10-02 06:20:58,087 INFO iter=191900 epoch=28 lr=1.27e-04 G=4.391 advA2B=0.692 advB2A=0.790 cycA=0.091 cycB=0.109 idtA=0.085 idtB=0.096 D_A=0.047 D_B=0.083 D_A(real)=0.91 D_A(fake)=0.09 gnG=30.37 gnD=8.12 it_per_s=10.61
2026-10-02 06:21:07,537 INFO iter=192000 epoch=28 lr=1.27e-04 G=4.390 advA2B=0.693 advB2A=0.790 cycA=0.091 cycB=0.109 idtA=0.085 idtB=0.096 D_A=0.047 D_B=0.083 D_A(real)=0.91 D_A(fake)=0.09 gnG=30.47 gnD=8.12 it_per_s=10.61
2026-10-02 06:21:17,057 INFO iter=192100 epoch=28 lr=1.27e-04 G=4.396 advA2B=0.696 advB2A=0.791 cycA=0.092 cycB=0.109 idtA=0.085 idtB=0.096 D_A=0.048 D_B=0.083 D_A(real)=0.91 D_A(fake)=0.09 gnG=30.39 gnD=8.12 it_per_s=10.60
2026-10-02 06:21:26,429 INFO iter=192200 epoch=28 lr=1.27e-04 G=4.390 advA2B=0.693 advB2A=0.791 cycA=0.092 cycB=0.109 idtA=0.085 idtB=0.095 D_A=0.047 D_B=0.083 D_A(real)=0.91 D_A(fake)=0.09 gnG=30.25 gnD=8.12 it_per_s=10.61
2026-10-02 06:21:35,838 INFO iter=192300 epoch=28 lr=1.27e-04 G=4.395 advA2B=0.693 advB2A=0.793 cycA=0.092 cycB=0.109 idtA=0.085 idtB=0.095 D_A=0.047 D_B=0.083 D_A(real)=0.91 D_A(fake)=0.09 gnG=30.31 gnD=8.12 it_per_s=10.61
2026-10-02 06:21:45,213 INFO iter=192400 epoch=28 lr=1.27e-04 G=4.404 advA2B=0.692 advB2A=0.793 cycA=0.092 cycB=0.109 idtA=0.085 idtB=0.096 D_A=0.047 D_B=0.083 D_A(real)=0.91 D_A(fake)=0.09 gnG=30.26 gnD=8.14 it_per_s=10.61
2026-10-02 06:21:54,631 INFO iter=192500 epoch=28 lr=1.26e-04 G=4.406 advA2B=0.693 advB2A=0.793 cycA=0.092 cycB=0.109 idtA=0.085 idtB=0.096 D_A=0.047 D_B=0.083 D_A(real)=0.91 D_A(fake)=0.09 gnG=30.35 gnD=8.13 it_per_s=10.61
2026-10-02 06:22:04,058 INFO iter=192600 epoch=28 lr=1.26e-04 G=4.414 advA2B=0.692 advB2A=0.794 cycA=0.092 cycB=0.110 idtA=0.085 idtB=0.096 D_A=0.047 D_B=0.083 D_A(real)=0.91 D_A(fake)=0.09 gnG=30.51 gnD=8.11 it_per_s=10.61
2026-10-02 06:22:13,442 INFO iter=192700 epoch=28 lr=1.26e-04 G=4.419 advA2B=0.693 advB2A=0.795 cycA=0.092 cycB=0.110 idtA=0.085 idtB=0.096 D_A=0.047 D_B=0.083 D_A(real)=0.91 D_A(fake)=0.09 gnG=30.59 gnD=8.11 it_per_s=10.61
2026-10-02 06:22:22,852 INFO iter=192800 epoch=28 lr=1.26e-04 G=4.420 advA2B=0.693 advB2A=0.796 cycA=0.092 cycB=0.110 idtA=0.085 idtB=0.096 D_A=0.047 D_B=0.083 D_A(real)=0.91 D_A(fake)=0.09 gnG=30.68 gnD=8.11 it_per_s=10.61
2026-10-02 06:22:32,253 INFO iter=192900 epoch=28 lr=1.26e-04 G=4.435 advA2B=0.694 advB2A=0.797 cycA=0.093 cycB=0.111 idtA=0.086 idtB=0.096 D_A=0.047 D_B=0.083 D_A(real)=0.91 D_A(fake)=0.09 gnG=30.78 gnD=8.10 it_per_s=10.61
2026-10-02 06:22:41,701 INFO iter=193000 epoch=28 lr=1.26e-04 G=4.439 advA2B=0.694 advB2A=0.798 cycA=0.093 cycB=0.111 idtA=0.086 idtB=0.096 D_A=0.047 D_B=0.083 D_A(real)=0.91 D_A(fake)=0.09 gnG=30.78 gnD=8.09 it_per_s=10.61
2026-10-02 06:22:51,122 INFO iter=193100 epoch=28 lr=1.26e-04 G=4.435 advA2B=0.694 advB2A=0.797 cycA=0.093 cycB=0.110 idtA=0.086 idtB=0.096 D_A=0.047 D_B=0.082 D_A(real)=0.91 D_A(fake)=0.09 gnG=30.78 gnD=8.08 it_per_s=10.61
2026-10-02 06:23:00,620 INFO iter=193200 epoch=28 lr=1.25e-04 G=4.432 advA2B=0.694 advB2A=0.796 cycA=0.093 cycB=0.110 idtA=0.086 idtB=0.096 D_A=0.047 D_B=0.082 D_A(real)=0.91 D_A(fake)=0.09 gnG=30.72 gnD=8.07 it_per_s=10.61
2026-10-02 06:23:10,073 INFO iter=193300 epoch=28 lr=1.25e-04 G=4.429 advA2B=0.694 advB2A=0.796 cycA=0.092 cycB=0.110 idtA=0.086 idtB=0.096 D_A=0.047 D_B=0.082 D_A(real)=0.91 D_A(fake)=0.09 gnG=30.71 gnD=8.07 it_per_s=10.61
2026-10-02 06:23:19,464 INFO iter=193400 epoch=28 lr=1.25e-04 G=4.424 advA2B=0.694 advB2A=0.796 cycA=0.092 cycB=0.110 idtA=0.086 idtB=0.096 D_A=0.047 D_B=0.082 D_A(real)=0.91 D_A(fake)=0.09 gnG=30.71 gnD=8.07 it_per_s=10.61
2026-10-02 06:23:28,861 INFO iter=193500 epoch=28 lr=1.25e-04 G=4.421 advA2B=0.694 advB2A=0.795 cycA=0.092 cycB=0.110 idtA=0.086 idtB=0.096 D_A=0.047 D_B=0.082 D_A(real)=0.91 D_A(fake)=0.09 gnG=30.67 gnD=8.07 it_per_s=10.61
2026-10-02 06:23:38,256 INFO iter=193600 epoch=28 lr=1.25e-04 G=4.420 advA2B=0.693 advB2A=0.793 cycA=0.092 cycB=0.110 idtA=0.086 idtB=0.096 D_A=0.047 D_B=0.082 D_A(real)=0.91 D_A(fake)=0.09 gnG=30.70 gnD=8.07 it_per_s=10.61
2026-10-02 06:23:47,655 INFO iter=193700 epoch=28 lr=1.25e-04 G=4.423 advA2B=0.694 advB2A=0.794 cycA=0.092 cycB=0.110 idtA=0.086 idtB=0.096 D_A=0.047 D_B=0.082 D_A(real)=0.91 D_A(fake)=0.09 gnG=30.72 gnD=8.05 it_per_s=10.61
2026-10-02 06:23:57,078 INFO iter=193800 epoch=28 lr=1.25e-04 G=4.424 advA2B=0.695 advB2A=0.793 cycA=0.092 cycB=0.110 idtA=0.086 idtB=0.096 D_A=0.047 D_B=0.082 D_A(real)=0.91 D_A(fake)=0.09 gnG=30.74 gnD=8.05 it_per_s=10.61
2026-10-02 06:24:06,539 INFO iter=193900 epoch=28 lr=1.24e-04 G=4.427 advA2B=0.696 advB2A=0.794 cycA=0.092 cycB=0.110 idtA=0.086 idtB=0.096 D_A=0.047 D_B=0.082 D_A(real)=0.91 D_A(fake)=0.09 gnG=30.91 gnD=8.04 it_per_s=10.61
2026-10-02 06:24:15,945 INFO iter=194000 epoch=28 lr=1.24e-04 G=4.428 advA2B=0.696 advB2A=0.794 cycA=0.092 cycB=0.110 idtA=0.086 idtB=0.096 D_A=0.047 D_B=0.082 D_A(real)=0.91 D_A(fake)=0.09 gnG=30.89 gnD=8.05 it_per_s=10.61
2026-10-02 06:24:25,361 INFO iter=194100 epoch=28 lr=1.24e-04 G=4.426 advA2B=0.696 advB2A=0.793 cycA=0.092 cycB=0.110 idtA=0.086 idtB=0.096 D_A=0.047 D_B=0.082 D_A(real)=0.91 D_A(fake)=0.09 gnG=30.91 gnD=8.05 it_per_s=10.61
2026-10-02 06:24:34,756 INFO iter=194200 epoch=28 lr=1.24e-04 G=4.423 advA2B=0.696 advB2A=0.793 cycA=0.092 cycB=0.110 idtA=0.086 idtB=0.096 D_A=0.047 D_B=0.082 D_A(real)=0.91 D_A(fake)=0.09 gnG=30.93 gnD=8.08 it_per_s=10.61
2026-10-02 06:24:44,163 INFO iter=194300 epoch=28 lr=1.24e-04 G=4.425 advA2B=0.696 advB2A=0.794 cycA=0.092 cycB=0.110 idtA=0.086 idtB=0.096 D_A=0.047 D_B=0.082 D_A(real)=0.91 D_A(fake)=0.09 gnG=30.96 gnD=8.08 it_per_s=10.61
2026-10-02 06:24:53,521 INFO iter=194400 epoch=28 lr=1.24e-04 G=4.422 advA2B=0.695 advB2A=0.793 cycA=0.092 cycB=0.110 idtA=0.086 idtB=0.096 D_A=0.047 D_B=0.082 D_A(real)=0.91 D_A(fake)=0.09 gnG=31.01 gnD=8.09 it_per_s=10.61
2026-10-02 06:25:02,927 INFO iter=194500 epoch=28 lr=1.24e-04 G=4.420 advA2B=0.694 advB2A=0.793 cycA=0.092 cycB=0.110 idtA=0.086 idtB=0.096 D_A=0.047 D_B=0.082 D_A(real)=0.91 D_A(fake)=0.09 gnG=30.97 gnD=8.09 it_per_s=10.62
2026-10-02 06:25:12,285 INFO iter=194600 epoch=28 lr=1.24e-04 G=4.418 advA2B=0.694 advB2A=0.793 cycA=0.092 cycB=0.110 idtA=0.086 idtB=0.096 D_A=0.047 D_B=0.082 D_A(real)=0.91 D_A(fake)=0.09 gnG=30.96 gnD=8.08 it_per_s=10.62
2026-10-02 06:25:21,433 INFO iter=194700 epoch=28 lr=1.23e-04 G=4.420 advA2B=0.695 advB2A=0.793 cycA=0.092 cycB=0.110 idtA=0.086 idtB=0.096 D_A=0.047 D_B=0.082 D_A(real)=0.91 D_A(fake)=0.09 gnG=30.97 gnD=8.07 it_per_s=10.62
2026-10-02 06:25:30,662 INFO iter=194800 epoch=28 lr=1.23e-04 G=4.422 advA2B=0.695 advB2A=0.793 cycA=0.092 cycB=0.110 idtA=0.086 idtB=0.096 D_A=0.047 D_B=0.082 D_A(real)=0.91 D_A(fake)=0.09 gnG=30.94 gnD=8.08 it_per_s=10.63
2026-10-02 06:25:40,089 INFO iter=194900 epoch=28 lr=1.23e-04 G=4.421 advA2B=0.694 advB2A=0.793 cycA=0.092 cycB=0.110 idtA=0.086 idtB=0.096 D_A=0.047 D_B=0.082 D_A(real)=0.91 D_A(fake)=0.09 gnG=30.95 gnD=8.09 it_per_s=10.63
2026-10-02 06:25:49,492 INFO iter=195000 epoch=28 lr=1.23e-04 G=4.420 advA2B=0.694 advB2A=0.793 cycA=0.092 cycB=0.110 idtA=0.086 idtB=0.096 D_A=0.047 D_B=0.082 D_A(real)=0.91 D_A(fake)=0.09 gnG=30.93 gnD=8.07 it_per_s=10.63
2026-10-02 06:25:58,782 INFO iter=195100 epoch=28 lr=1.23e-04 G=4.423 advA2B=0.695 advB2A=0.793 cycA=0.092 cycB=0.110 idtA=0.086 idtB=0.096 D_A=0.047 D_B=0.082 D_A(real)=0.91 D_A(fake)=0.09 gnG=30.98 gnD=8.07 it_per_s=10.63
2026-10-02 06:26:08,197 INFO iter=195200 epoch=28 lr=1.23e-04 G=4.424 advA2B=0.696 advB2A=0.793 cycA=0.092 cycB=0.110 idtA=0.086 idtB=0.097 D_A=0.047 D_B=0.082 D_A(real)=0.91 D_A(fake)=0.09 gnG=31.01 gnD=8.06 it_per_s=10.63
2026-10-02 06:26:17,599 INFO iter=195300 epoch=28 lr=1.23e-04 G=4.423 advA2B=0.696 advB2A=0.793 cycA=0.092 cycB=0.110 idtA=0.086 idtB=0.097 D_A=0.047 D_B=0.082 D_A(real)=0.91 D_A(fake)=0.09 gnG=31.02 gnD=8.07 it_per_s=10.63
2026-10-02 06:26:27,000 INFO iter=195400 epoch=28 lr=1.22e-04 G=4.424 advA2B=0.696 advB2A=0.793 cycA=0.092 cycB=0.110 idtA=0.086 idtB=0.097 D_A=0.047 D_B=0.082 D_A(real)=0.91 D_A(fake)=0.09 gnG=31.05 gnD=8.08 it_per_s=10.63
2026-10-02 06:26:36,408 INFO iter=195500 epoch=28 lr=1.22e-04 G=4.425 advA2B=0.697 advB2A=0.793 cycA=0.092 cycB=0.110 idtA=0.086 idtB=0.097 D_A=0.047 D_B=0.082 D_A(real)=0.91 D_A(fake)=0.09 gnG=31.07 gnD=8.07 it_per_s=10.63
2026-10-02 06:26:45,862 INFO iter=195600 epoch=28 lr=1.22e-04 G=4.426 advA2B=0.697 advB2A=0.793 cycA=0.092 cycB=0.110 idtA=0.086 idtB=0.097 D_A=0.047 D_B=0.082 D_A(real)=0.91 D_A(fake)=0.09 gnG=31.08 gnD=8.07 it_per_s=10.63
2026-10-02 06:26:55,286 INFO iter=195700 epoch=28 lr=1.22e-04 G=4.425 advA2B=0.697 advB2A=0.793 cycA=0.092 cycB=0.110 idtA=0.086 idtB=0.097 D_A=0.047 D_B=0.082 D_A(real)=0.91 D_A(fake)=0.09 gnG=31.11 gnD=8.06 it_per_s=10.63
2026-10-02 06:27:04,689 INFO iter=195800 epoch=28 lr=1.22e-04 G=4.423 advA2B=0.696 advB2A=0.794 cycA=0.092 cycB=0.110 idtA=0.086 idtB=0.096 D_A=0.047 D_B=0.082 D_A(real)=0.91 D_A(fake)=0.09 gnG=31.11 gnD=8.07 it_per_s=10.63
2026-10-02 06:27:14,136 INFO iter=195900 epoch=28 lr=1.22e-04 G=4.422 advA2B=0.696 advB2A=0.794 cycA=0.092 cycB=0.110 idtA=0.086 idtB=0.097 D_A=0.047 D_B=0.082 D_A(real)=0.91 D_A(fake)=0.09 gnG=31.10 gnD=8.08 it_per_s=10.63
2026-10-02 06:27:23,515 INFO iter=196000 epoch=28 lr=1.22e-04 G=4.421 advA2B=0.697 advB2A=0.793 cycA=0.092 cycB=0.110 idtA=0.086 idtB=0.097 D_A=0.047 D_B=0.082 D_A(real)=0.91 D_A(fake)=0.09 gnG=31.11 gnD=8.09 it_per_s=10.63
2026-10-02 06:27:32,992 INFO iter=196100 epoch=28 lr=1.21e-04 G=4.421 advA2B=0.696 advB2A=0.794 cycA=0.092 cycB=0.110 idtA=0.086 idtB=0.096 D_A=0.048 D_B=0.082 D_A(real)=0.91 D_A(fake)=0.09 gnG=31.14 gnD=8.09 it_per_s=10.63
2026-10-02 06:27:42,412 INFO iter=196200 epoch=28 lr=1.21e-04 G=4.428 advA2B=0.697 advB2A=0.796 cycA=0.092 cycB=0.110 idtA=0.086 idtB=0.096 D_A=0.048 D_B=0.082 D_A(real)=0.91 D_A(fake)=0.09 gnG=31.29 gnD=8.10 it_per_s=10.63
2026-10-02 06:27:51,755 INFO iter=196300 epoch=28 lr=1.21e-04 G=4.431 advA2B=0.697 advB2A=0.796 cycA=0.093 cycB=0.110 idtA=0.086 idtB=0.096 D_A=0.048 D_B=0.082 D_A(real)=0.91 D_A(fake)=0.09 gnG=31.27 gnD=8.10 it_per_s=10.63
2026-10-02 06:28:00,964 INFO iter=196400 epoch=28 lr=1.21e-04 G=4.432 advA2B=0.697 advB2A=0.797 cycA=0.093 cycB=0.110 idtA=0.086 idtB=0.096 D_A=0.047 D_B=0.082 D_A(real)=0.91 D_A(fake)=0.09 gnG=31.28 gnD=8.09 it_per_s=10.63
2026-10-02 06:28:10,421 INFO iter=196500 epoch=28 lr=1.21e-04 G=4.432 advA2B=0.697 advB2A=0.797 cycA=0.093 cycB=0.110 idtA=0.086 idtB=0.096 D_A=0.047 D_B=0.081 D_A(real)=0.91 D_A(fake)=0.09 gnG=31.21 gnD=8.08 it_per_s=10.63
2026-10-02 06:28:19,844 INFO iter=196600 epoch=28 lr=1.21e-04 G=4.434 advA2B=0.698 advB2A=0.797 cycA=0.093 cycB=0.110 idtA=0.086 idtB=0.096 D_A=0.047 D_B=0.081 D_A(real)=0.91 D_A(fake)=0.09 gnG=31.23 gnD=8.08 it_per_s=10.63
2026-10-02 06:28:29,126 INFO iter=196700 epoch=28 lr=1.21e-04 G=4.433 advA2B=0.698 advB2A=0.797 cycA=0.093 cycB=0.110 idtA=0.086 idtB=0.096 D_A=0.047 D_B=0.081 D_A(real)=0.91 D_A(fake)=0.09 gnG=31.22 gnD=8.07 it_per_s=10.63
2026-10-02 06:28:38,523 INFO iter=196800 epoch=28 lr=1.20e-04 G=4.432 advA2B=0.697 advB2A=0.797 cycA=0.093 cycB=0.110 idtA=0.086 idtB=0.096 D_A=0.047 D_B=0.081 D_A(real)=0.91 D_A(fake)=0.09 gnG=31.19 gnD=8.07 it_per_s=10.63
2026-10-02 06:28:47,847 INFO iter=196900 epoch=28 lr=1.20e-04 G=4.430 advA2B=0.697 advB2A=0.797 cycA=0.092 cycB=0.110 idtA=0.086 idtB=0.096 D_A=0.047 D_B=0.081 D_A(real)=0.91 D_A(fake)=0.09 gnG=31.16 gnD=8.07 it_per_s=10.63
2026-10-02 06:28:56,820 INFO iter=197000 epoch=28 lr=1.20e-04 G=4.432 advA2B=0.697 advB2A=0.797 cycA=0.092 cycB=0.110 idtA=0.086 idtB=0.096 D_A=0.047 D_B=0.081 D_A(real)=0.91 D_A(fake)=0.09 gnG=31.14 gnD=8.06 it_per_s=10.64
2026-10-02 06:29:02,865 INFO epoch=28 done time_s=661 it_per_s=10.64 G=4.431 cycA=0.092 cycB=0.110 idtA=0.086 idtB=0.096 D_A=0.047 D_B=0.081 D_A(real)=0.91 D_A(fake)=0.09 nan_count=0
2026-10-02 06:29:02,866 WARNING epoch=28 D_A (Monet) loss 0.0472 is near 0: possible discriminator overfitting
2026-10-02 06:29:06,809 INFO iter=197100 epoch=29 lr=1.20e-04 G=4.325 advA2B=0.704 advB2A=0.778 cycA=0.089 cycB=0.107 idtA=0.080 idtB=0.096 D_A=0.042 D_B=0.085 D_A(real)=0.91 D_A(fake)=0.08 gnG=26.92 gnD=8.25 it_per_s=10.61
2026-10-02 06:29:16,227 INFO iter=197200 epoch=29 lr=1.20e-04 G=4.327 advA2B=0.668 advB2A=0.783 cycA=0.089 cycB=0.108 idtA=0.083 idtB=0.097 D_A=0.049 D_B=0.080 D_A(real)=0.90 D_A(fake)=0.09 gnG=30.83 gnD=8.06 it_per_s=10.62
2026-10-02 06:29:25,358 INFO iter=197300 epoch=29 lr=1.20e-04 G=4.333 advA2B=0.672 advB2A=0.768 cycA=0.090 cycB=0.109 idtA=0.084 idtB=0.098 D_A=0.050 D_B=0.083 D_A(real)=0.90 D_A(fake)=0.10 gnG=29.92 gnD=8.25 it_per_s=10.76
2026-10-02 06:29:34,768 INFO iter=197400 epoch=29 lr=1.20e-04 G=4.302 advA2B=0.686 advB2A=0.776 cycA=0.089 cycB=0.106 idtA=0.083 idtB=0.094 D_A=0.051 D_B=0.083 D_A(real)=0.90 D_A(fake)=0.10 gnG=29.60 gnD=8.44 it_per_s=10.72
2026-10-02 06:29:44,173 INFO iter=197500 epoch=29 lr=1.19e-04 G=4.290 advA2B=0.686 advB2A=0.781 cycA=0.089 cycB=0.105 idtA=0.083 idtB=0.093 D_A=0.051 D_B=0.082 D_A(real)=0.90 D_A(fake)=0.10 gnG=30.09 gnD=8.42 it_per_s=10.70
2026-10-02 06:29:53,600 INFO iter=197600 epoch=29 lr=1.19e-04 G=4.300 advA2B=0.697 advB2A=0.775 cycA=0.090 cycB=0.105 idtA=0.083 idtB=0.092 D_A=0.052 D_B=0.081 D_A(real)=0.90 D_A(fake)=0.10 gnG=30.32 gnD=8.47 it_per_s=10.68
2026-10-02 06:30:03,002 INFO iter=197700 epoch=29 lr=1.19e-04 G=4.291 advA2B=0.696 advB2A=0.774 cycA=0.089 cycB=0.105 idtA=0.083 idtB=0.092 D_A=0.051 D_B=0.080 D_A(real)=0.90 D_A(fake)=0.10 gnG=30.22 gnD=8.29 it_per_s=10.67
2026-10-02 06:30:12,410 INFO iter=197800 epoch=29 lr=1.19e-04 G=4.349 advA2B=0.696 advB2A=0.788 cycA=0.091 cycB=0.107 idtA=0.085 idtB=0.094 D_A=0.051 D_B=0.080 D_A(real)=0.90 D_A(fake)=0.10 gnG=30.98 gnD=8.30 it_per_s=10.67
2026-10-02 06:30:21,835 INFO iter=197900 epoch=29 lr=1.19e-04 G=4.367 advA2B=0.699 advB2A=0.788 cycA=0.091 cycB=0.108 idtA=0.084 idtB=0.094 D_A=0.050 D_B=0.080 D_A(real)=0.91 D_A(fake)=0.09 gnG=31.21 gnD=8.29 it_per_s=10.66
2026-10-02 06:30:31,258 INFO iter=198000 epoch=29 lr=1.19e-04 G=4.381 advA2B=0.700 advB2A=0.792 cycA=0.091 cycB=0.108 idtA=0.085 idtB=0.094 D_A=0.049 D_B=0.080 D_A(real)=0.91 D_A(fake)=0.09 gnG=31.62 gnD=8.32 it_per_s=10.66
2026-10-02 06:30:40,633 INFO iter=198100 epoch=29 lr=1.19e-04 G=4.384 advA2B=0.701 advB2A=0.794 cycA=0.091 cycB=0.108 idtA=0.085 idtB=0.094 D_A=0.049 D_B=0.080 D_A(real)=0.91 D_A(fake)=0.09 gnG=31.32 gnD=8.30 it_per_s=10.66
2026-10-02 06:30:50,056 INFO iter=198200 epoch=29 lr=1.18e-04 G=4.390 advA2B=0.703 advB2A=0.792 cycA=0.091 cycB=0.109 idtA=0.085 idtB=0.095 D_A=0.049 D_B=0.079 D_A(real)=0.91 D_A(fake)=0.09 gnG=31.45 gnD=8.24 it_per_s=10.65
2026-10-02 06:30:59,445 INFO iter=198300 epoch=29 lr=1.18e-04 G=4.406 advA2B=0.707 advB2A=0.791 cycA=0.092 cycB=0.109 idtA=0.085 idtB=0.095 D_A=0.049 D_B=0.078 D_A(real)=0.91 D_A(fake)=0.09 gnG=31.96 gnD=8.23 it_per_s=10.65
2026-10-02 06:31:08,925 INFO iter=198400 epoch=29 lr=1.18e-04 G=4.428 advA2B=0.710 advB2A=0.792 cycA=0.092 cycB=0.110 idtA=0.085 idtB=0.096 D_A=0.049 D_B=0.078 D_A(real)=0.91 D_A(fake)=0.09 gnG=32.25 gnD=8.24 it_per_s=10.64
2026-10-02 06:31:18,354 INFO iter=198500 epoch=29 lr=1.18e-04 G=4.430 advA2B=0.709 advB2A=0.792 cycA=0.092 cycB=0.111 idtA=0.085 idtB=0.096 D_A=0.049 D_B=0.079 D_A(real)=0.91 D_A(fake)=0.09 gnG=32.04 gnD=8.25 it_per_s=10.64
2026-10-02 06:31:27,750 INFO iter=198600 epoch=29 lr=1.18e-04 G=4.425 advA2B=0.708 advB2A=0.795 cycA=0.092 cycB=0.110 idtA=0.085 idtB=0.096 D_A=0.049 D_B=0.079 D_A(real)=0.91 D_A(fake)=0.09 gnG=32.00 gnD=8.27 it_per_s=10.64
2026-10-02 06:31:37,175 INFO iter=198700 epoch=29 lr=1.18e-04 G=4.419 advA2B=0.707 advB2A=0.796 cycA=0.092 cycB=0.110 idtA=0.085 idtB=0.095 D_A=0.049 D_B=0.079 D_A(real)=0.91 D_A(fake)=0.09 gnG=31.81 gnD=8.31 it_per_s=10.64
2026-10-02 06:31:46,586 INFO iter=198800 epoch=29 lr=1.18e-04 G=4.427 advA2B=0.706 advB2A=0.797 cycA=0.092 cycB=0.111 idtA=0.085 idtB=0.096 D_A=0.049 D_B=0.079 D_A(real)=0.91 D_A(fake)=0.09 gnG=31.73 gnD=8.28 it_per_s=10.64
2026-10-02 06:31:56,031 INFO iter=198900 epoch=29 lr=1.17e-04 G=4.421 advA2B=0.706 advB2A=0.797 cycA=0.092 cycB=0.110 idtA=0.085 idtB=0.095 D_A=0.048 D_B=0.079 D_A(real)=0.91 D_A(fake)=0.09 gnG=31.70 gnD=8.24 it_per_s=10.64
2026-10-02 06:32:05,427 INFO iter=199000 epoch=29 lr=1.17e-04 G=4.425 advA2B=0.707 advB2A=0.796 cycA=0.091 cycB=0.111 idtA=0.085 idtB=0.096 D_A=0.048 D_B=0.079 D_A(real)=0.91 D_A(fake)=0.09 gnG=31.75 gnD=8.23 it_per_s=10.64
2026-10-02 06:32:14,873 INFO iter=199100 epoch=29 lr=1.17e-04 G=4.420 advA2B=0.708 advB2A=0.796 cycA=0.091 cycB=0.110 idtA=0.084 idtB=0.095 D_A=0.048 D_B=0.079 D_A(real)=0.91 D_A(fake)=0.09 gnG=31.68 gnD=8.19 it_per_s=10.63
2026-10-02 06:32:24,290 INFO iter=199200 epoch=29 lr=1.17e-04 G=4.437 advA2B=0.708 advB2A=0.799 cycA=0.091 cycB=0.111 idtA=0.085 idtB=0.096 D_A=0.048 D_B=0.078 D_A(real)=0.91 D_A(fake)=0.09 gnG=31.94 gnD=8.20 it_per_s=10.63
2026-10-02 06:32:33,704 INFO iter=199300 epoch=29 lr=1.17e-04 G=4.442 advA2B=0.708 advB2A=0.804 cycA=0.091 cycB=0.111 idtA=0.085 idtB=0.096 D_A=0.048 D_B=0.079 D_A(real)=0.91 D_A(fake)=0.09 gnG=31.94 gnD=8.18 it_per_s=10.63
2026-10-02 06:32:43,146 INFO iter=199400 epoch=29 lr=1.17e-04 G=4.440 advA2B=0.710 advB2A=0.805 cycA=0.091 cycB=0.111 idtA=0.085 idtB=0.095 D_A=0.048 D_B=0.078 D_A(real)=0.91 D_A(fake)=0.09 gnG=31.90 gnD=8.18 it_per_s=10.63
2026-10-02 06:32:52,556 INFO iter=199500 epoch=29 lr=1.17e-04 G=4.445 advA2B=0.710 advB2A=0.805 cycA=0.091 cycB=0.111 idtA=0.085 idtB=0.096 D_A=0.047 D_B=0.078 D_A(real)=0.91 D_A(fake)=0.09 gnG=31.79 gnD=8.16 it_per_s=10.63
2026-10-02 06:33:01,995 INFO iter=199600 epoch=29 lr=1.16e-04 G=4.441 advA2B=0.709 advB2A=0.805 cycA=0.091 cycB=0.111 idtA=0.085 idtB=0.096 D_A=0.047 D_B=0.078 D_A(real)=0.91 D_A(fake)=0.09 gnG=31.75 gnD=8.12 it_per_s=10.63
2026-10-02 06:33:11,525 INFO iter=199700 epoch=29 lr=1.16e-04 G=4.440 advA2B=0.709 advB2A=0.804 cycA=0.091 cycB=0.111 idtA=0.085 idtB=0.096 D_A=0.047 D_B=0.078 D_A(real)=0.91 D_A(fake)=0.09 gnG=31.76 gnD=8.10 it_per_s=10.62
2026-10-02 06:33:21,118 INFO iter=199800 epoch=29 lr=1.16e-04 G=4.444 advA2B=0.710 advB2A=0.804 cycA=0.091 cycB=0.111 idtA=0.085 idtB=0.096 D_A=0.047 D_B=0.078 D_A(real)=0.91 D_A(fake)=0.09 gnG=31.71 gnD=8.11 it_per_s=10.62
2026-10-02 06:33:30,557 INFO iter=199900 epoch=29 lr=1.16e-04 G=4.439 advA2B=0.709 advB2A=0.804 cycA=0.091 cycB=0.111 idtA=0.085 idtB=0.096 D_A=0.047 D_B=0.078 D_A(real)=0.91 D_A(fake)=0.09 gnG=31.57 gnD=8.13 it_per_s=10.62
2026-10-02 06:33:39,985 INFO iter=200000 epoch=29 lr=1.16e-04 G=4.435 advA2B=0.709 advB2A=0.802 cycA=0.091 cycB=0.111 idtA=0.085 idtB=0.096 D_A=0.047 D_B=0.078 D_A(real)=0.91 D_A(fake)=0.09 gnG=31.60 gnD=8.14 it_per_s=10.62
2026-10-02 06:33:49,378 INFO iter=200100 epoch=29 lr=1.16e-04 G=4.434 advA2B=0.709 advB2A=0.803 cycA=0.091 cycB=0.111 idtA=0.085 idtB=0.096 D_A=0.047 D_B=0.079 D_A(real)=0.91 D_A(fake)=0.09 gnG=31.56 gnD=8.18 it_per_s=10.62
2026-10-02 06:33:58,542 INFO iter=200200 epoch=29 lr=1.16e-04 G=4.429 advA2B=0.708 advB2A=0.803 cycA=0.091 cycB=0.111 idtA=0.084 idtB=0.096 D_A=0.047 D_B=0.079 D_A(real)=0.91 D_A(fake)=0.09 gnG=31.50 gnD=8.18 it_per_s=10.63
2026-10-02 06:34:07,931 INFO iter=200300 epoch=29 lr=1.15e-04 G=4.427 advA2B=0.706 advB2A=0.802 cycA=0.091 cycB=0.111 idtA=0.084 idtB=0.096 D_A=0.047 D_B=0.079 D_A(real)=0.91 D_A(fake)=0.09 gnG=31.47 gnD=8.19 it_per_s=10.63
2026-10-02 06:34:17,424 INFO iter=200400 epoch=29 lr=1.15e-04 G=4.428 advA2B=0.707 advB2A=0.802 cycA=0.091 cycB=0.111 idtA=0.084 idtB=0.096 D_A=0.047 D_B=0.079 D_A(real)=0.91 D_A(fake)=0.09 gnG=31.43 gnD=8.19 it_per_s=10.62
2026-10-02 06:34:26,524 INFO iter=200500 epoch=29 lr=1.15e-04 G=4.425 advA2B=0.706 advB2A=0.802 cycA=0.091 cycB=0.110 idtA=0.084 idtB=0.096 D_A=0.047 D_B=0.079 D_A(real)=0.91 D_A(fake)=0.09 gnG=31.45 gnD=8.21 it_per_s=10.63
2026-10-02 06:34:35,789 INFO iter=200600 epoch=29 lr=1.15e-04 G=4.422 advA2B=0.706 advB2A=0.802 cycA=0.091 cycB=0.110 idtA=0.084 idtB=0.096 D_A=0.047 D_B=0.079 D_A(real)=0.91 D_A(fake)=0.09 gnG=31.57 gnD=8.22 it_per_s=10.64
2026-10-02 06:34:45,200 INFO iter=200700 epoch=29 lr=1.15e-04 G=4.417 advA2B=0.707 advB2A=0.802 cycA=0.091 cycB=0.110 idtA=0.084 idtB=0.096 D_A=0.047 D_B=0.079 D_A(real)=0.91 D_A(fake)=0.09 gnG=31.55 gnD=8.21 it_per_s=10.64
2026-10-02 06:34:54,368 INFO iter=200800 epoch=29 lr=1.15e-04 G=4.416 advA2B=0.707 advB2A=0.801 cycA=0.091 cycB=0.110 idtA=0.084 idtB=0.096 D_A=0.048 D_B=0.079 D_A(real)=0.91 D_A(fake)=0.09 gnG=31.53 gnD=8.23 it_per_s=10.65
2026-10-02 06:35:03,573 INFO iter=200900 epoch=29 lr=1.15e-04 G=4.417 advA2B=0.707 advB2A=0.801 cycA=0.091 cycB=0.110 idtA=0.084 idtB=0.096 D_A=0.048 D_B=0.079 D_A(real)=0.91 D_A(fake)=0.09 gnG=31.49 gnD=8.24 it_per_s=10.65
2026-10-02 06:35:12,985 INFO iter=201000 epoch=29 lr=1.14e-04 G=4.416 advA2B=0.706 advB2A=0.800 cycA=0.091 cycB=0.110 idtA=0.084 idtB=0.096 D_A=0.048 D_B=0.079 D_A(real)=0.91 D_A(fake)=0.09 gnG=31.48 gnD=8.24 it_per_s=10.65
2026-10-02 06:35:22,396 INFO iter=201100 epoch=29 lr=1.14e-04 G=4.414 advA2B=0.705 advB2A=0.800 cycA=0.091 cycB=0.110 idtA=0.084 idtB=0.095 D_A=0.048 D_B=0.079 D_A(real)=0.91 D_A(fake)=0.09 gnG=31.45 gnD=8.25 it_per_s=10.65
2026-10-02 06:35:31,635 INFO iter=201200 epoch=29 lr=1.14e-04 G=4.413 advA2B=0.706 advB2A=0.801 cycA=0.091 cycB=0.110 idtA=0.084 idtB=0.095 D_A=0.048 D_B=0.079 D_A(real)=0.91 D_A(fake)=0.09 gnG=31.43 gnD=8.23 it_per_s=10.65
2026-10-02 06:35:41,109 INFO iter=201300 epoch=29 lr=1.14e-04 G=4.413 advA2B=0.705 advB2A=0.800 cycA=0.091 cycB=0.110 idtA=0.084 idtB=0.096 D_A=0.048 D_B=0.079 D_A(real)=0.91 D_A(fake)=0.09 gnG=31.39 gnD=8.25 it_per_s=10.65
2026-10-02 06:35:50,457 INFO iter=201400 epoch=29 lr=1.14e-04 G=4.412 advA2B=0.705 advB2A=0.799 cycA=0.091 cycB=0.110 idtA=0.084 idtB=0.096 D_A=0.048 D_B=0.079 D_A(real)=0.91 D_A(fake)=0.09 gnG=31.36 gnD=8.25 it_per_s=10.65
2026-10-02 06:35:59,496 INFO iter=201500 epoch=29 lr=1.14e-04 G=4.408 advA2B=0.704 advB2A=0.798 cycA=0.091 cycB=0.110 idtA=0.084 idtB=0.096 D_A=0.048 D_B=0.080 D_A(real)=0.91 D_A(fake)=0.09 gnG=31.34 gnD=8.27 it_per_s=10.66
2026-10-02 06:36:08,870 INFO iter=201600 epoch=29 lr=1.14e-04 G=4.405 advA2B=0.704 advB2A=0.798 cycA=0.091 cycB=0.110 idtA=0.084 idtB=0.096 D_A=0.048 D_B=0.080 D_A(real)=0.91 D_A(fake)=0.09 gnG=31.34 gnD=8.25 it_per_s=10.66
2026-10-02 06:36:18,293 INFO iter=201700 epoch=29 lr=1.13e-04 G=4.401 advA2B=0.703 advB2A=0.797 cycA=0.091 cycB=0.109 idtA=0.084 idtB=0.095 D_A=0.048 D_B=0.080 D_A(real)=0.91 D_A(fake)=0.09 gnG=31.31 gnD=8.25 it_per_s=10.66
2026-10-02 06:36:27,456 INFO iter=201800 epoch=29 lr=1.13e-04 G=4.401 advA2B=0.703 advB2A=0.798 cycA=0.091 cycB=0.109 idtA=0.084 idtB=0.095 D_A=0.048 D_B=0.080 D_A(real)=0.91 D_A(fake)=0.09 gnG=31.31 gnD=8.25 it_per_s=10.67
2026-10-02 06:36:36,728 INFO iter=201900 epoch=29 lr=1.13e-04 G=4.399 advA2B=0.704 advB2A=0.798 cycA=0.091 cycB=0.109 idtA=0.084 idtB=0.095 D_A=0.048 D_B=0.080 D_A(real)=0.91 D_A(fake)=0.09 gnG=31.33 gnD=8.24 it_per_s=10.67
2026-10-02 06:36:46,174 INFO iter=202000 epoch=29 lr=1.13e-04 G=4.398 advA2B=0.704 advB2A=0.797 cycA=0.091 cycB=0.109 idtA=0.084 idtB=0.095 D_A=0.048 D_B=0.079 D_A(real)=0.91 D_A(fake)=0.09 gnG=31.36 gnD=8.22 it_per_s=10.67
2026-10-02 06:36:55,394 INFO iter=202100 epoch=29 lr=1.13e-04 G=4.399 advA2B=0.703 advB2A=0.797 cycA=0.091 cycB=0.109 idtA=0.084 idtB=0.095 D_A=0.048 D_B=0.079 D_A(real)=0.91 D_A(fake)=0.09 gnG=31.35 gnD=8.22 it_per_s=10.67
2026-10-02 06:37:04,602 INFO iter=202200 epoch=29 lr=1.13e-04 G=4.397 advA2B=0.703 advB2A=0.796 cycA=0.091 cycB=0.109 idtA=0.084 idtB=0.095 D_A=0.048 D_B=0.079 D_A(real)=0.91 D_A(fake)=0.09 gnG=31.31 gnD=8.22 it_per_s=10.67
2026-10-02 06:37:14,039 INFO iter=202300 epoch=29 lr=1.13e-04 G=4.398 advA2B=0.704 advB2A=0.796 cycA=0.091 cycB=0.109 idtA=0.084 idtB=0.095 D_A=0.048 D_B=0.079 D_A(real)=0.91 D_A(fake)=0.09 gnG=31.28 gnD=8.22 it_per_s=10.67
2026-10-02 06:37:23,476 INFO iter=202400 epoch=29 lr=1.12e-04 G=4.400 advA2B=0.703 advB2A=0.796 cycA=0.091 cycB=0.109 idtA=0.084 idtB=0.095 D_A=0.048 D_B=0.079 D_A(real)=0.91 D_A(fake)=0.09 gnG=31.32 gnD=8.22 it_per_s=10.67
2026-10-02 06:37:32,693 INFO iter=202500 epoch=29 lr=1.12e-04 G=4.396 advA2B=0.703 advB2A=0.796 cycA=0.091 cycB=0.109 idtA=0.084 idtB=0.095 D_A=0.048 D_B=0.079 D_A(real)=0.91 D_A(fake)=0.09 gnG=31.36 gnD=8.22 it_per_s=10.67
2026-10-02 06:37:42,125 INFO iter=202600 epoch=29 lr=1.12e-04 G=4.398 advA2B=0.703 advB2A=0.797 cycA=0.091 cycB=0.109 idtA=0.084 idtB=0.095 D_A=0.048 D_B=0.079 D_A(real)=0.91 D_A(fake)=0.09 gnG=31.44 gnD=8.22 it_per_s=10.67
2026-10-02 06:37:51,530 INFO iter=202700 epoch=29 lr=1.12e-04 G=4.400 advA2B=0.703 advB2A=0.798 cycA=0.091 cycB=0.109 idtA=0.084 idtB=0.095 D_A=0.048 D_B=0.079 D_A(real)=0.91 D_A(fake)=0.09 gnG=31.39 gnD=8.22 it_per_s=10.67
2026-10-02 06:38:00,800 INFO iter=202800 epoch=29 lr=1.12e-04 G=4.400 advA2B=0.704 advB2A=0.798 cycA=0.091 cycB=0.109 idtA=0.084 idtB=0.095 D_A=0.048 D_B=0.079 D_A(real)=0.91 D_A(fake)=0.09 gnG=31.44 gnD=8.21 it_per_s=10.67
2026-10-02 06:38:10,259 INFO iter=202900 epoch=29 lr=1.12e-04 G=4.399 advA2B=0.704 advB2A=0.797 cycA=0.091 cycB=0.109 idtA=0.084 idtB=0.095 D_A=0.048 D_B=0.079 D_A(real)=0.91 D_A(fake)=0.09 gnG=31.46 gnD=8.22 it_per_s=10.67
2026-10-02 06:38:19,695 INFO iter=203000 epoch=29 lr=1.12e-04 G=4.401 advA2B=0.704 advB2A=0.797 cycA=0.091 cycB=0.109 idtA=0.084 idtB=0.095 D_A=0.048 D_B=0.079 D_A(real)=0.91 D_A(fake)=0.09 gnG=31.44 gnD=8.20 it_per_s=10.67
2026-10-02 06:38:28,898 INFO iter=203100 epoch=29 lr=1.11e-04 G=4.400 advA2B=0.704 advB2A=0.798 cycA=0.091 cycB=0.109 idtA=0.084 idtB=0.095 D_A=0.048 D_B=0.079 D_A(real)=0.91 D_A(fake)=0.09 gnG=31.45 gnD=8.19 it_per_s=10.67
2026-10-02 06:38:38,348 INFO iter=203200 epoch=29 lr=1.11e-04 G=4.399 advA2B=0.704 advB2A=0.797 cycA=0.091 cycB=0.109 idtA=0.084 idtB=0.095 D_A=0.048 D_B=0.079 D_A(real)=0.91 D_A(fake)=0.09 gnG=31.42 gnD=8.20 it_per_s=10.67
2026-10-02 06:38:47,769 INFO iter=203300 epoch=29 lr=1.11e-04 G=4.399 advA2B=0.703 advB2A=0.798 cycA=0.091 cycB=0.109 idtA=0.084 idtB=0.095 D_A=0.048 D_B=0.079 D_A(real)=0.91 D_A(fake)=0.09 gnG=31.39 gnD=8.20 it_per_s=10.67
2026-10-02 06:38:57,073 INFO iter=203400 epoch=29 lr=1.11e-04 G=4.399 advA2B=0.703 advB2A=0.797 cycA=0.091 cycB=0.109 idtA=0.084 idtB=0.095 D_A=0.048 D_B=0.079 D_A(real)=0.91 D_A(fake)=0.09 gnG=31.37 gnD=8.20 it_per_s=10.67
2026-10-02 06:39:06,386 INFO iter=203500 epoch=29 lr=1.11e-04 G=4.399 advA2B=0.703 advB2A=0.797 cycA=0.091 cycB=0.109 idtA=0.084 idtB=0.095 D_A=0.048 D_B=0.079 D_A(real)=0.91 D_A(fake)=0.09 gnG=31.37 gnD=8.20 it_per_s=10.67
2026-10-02 06:39:15,810 INFO iter=203600 epoch=29 lr=1.11e-04 G=4.398 advA2B=0.703 advB2A=0.797 cycA=0.091 cycB=0.109 idtA=0.084 idtB=0.095 D_A=0.048 D_B=0.079 D_A(real)=0.91 D_A(fake)=0.09 gnG=31.36 gnD=8.20 it_per_s=10.67
2026-10-02 06:39:25,226 INFO iter=203700 epoch=29 lr=1.11e-04 G=4.397 advA2B=0.703 advB2A=0.796 cycA=0.091 cycB=0.109 idtA=0.084 idtB=0.095 D_A=0.048 D_B=0.079 D_A(real)=0.91 D_A(fake)=0.09 gnG=31.39 gnD=8.21 it_per_s=10.67
2026-10-02 06:39:34,557 INFO iter=203800 epoch=29 lr=1.10e-04 G=4.396 advA2B=0.703 advB2A=0.796 cycA=0.091 cycB=0.109 idtA=0.084 idtB=0.095 D_A=0.048 D_B=0.079 D_A(real)=0.91 D_A(fake)=0.09 gnG=31.39 gnD=8.20 it_per_s=10.67
2026-10-02 06:39:43,953 INFO iter=203900 epoch=29 lr=1.10e-04 G=4.394 advA2B=0.703 advB2A=0.796 cycA=0.091 cycB=0.109 idtA=0.084 idtB=0.095 D_A=0.048 D_B=0.079 D_A(real)=0.91 D_A(fake)=0.09 gnG=31.40 gnD=8.20 it_per_s=10.67
2026-10-02 06:39:53,400 INFO iter=204000 epoch=29 lr=1.10e-04 G=4.397 advA2B=0.703 advB2A=0.797 cycA=0.091 cycB=0.109 idtA=0.084 idtB=0.095 D_A=0.048 D_B=0.079 D_A(real)=0.91 D_A(fake)=0.09 gnG=31.43 gnD=8.21 it_per_s=10.67
2026-10-02 06:40:02,528 INFO iter=204100 epoch=29 lr=1.10e-04 G=4.397 advA2B=0.704 advB2A=0.797 cycA=0.091 cycB=0.109 idtA=0.084 idtB=0.095 D_A=0.048 D_B=0.079 D_A(real)=0.91 D_A(fake)=0.09 gnG=31.42 gnD=8.20 it_per_s=10.67
2026-10-02 06:40:02,715 INFO epoch=29 done time_s=659 it_per_s=10.67 G=4.397 cycA=0.091 cycB=0.109 idtA=0.084 idtB=0.095 D_A=0.048 D_B=0.079 D_A(real)=0.91 D_A(fake)=0.09 nan_count=0
2026-10-02 06:40:02,716 WARNING epoch=29 D_A (Monet) loss 0.0480 is near 0: possible discriminator overfitting
2026-10-02 06:40:12,520 INFO iter=204200 epoch=30 lr=1.10e-04 G=4.355 advA2B=0.669 advB2A=0.790 cycA=0.090 cycB=0.110 idtA=0.081 idtB=0.098 D_A=0.041 D_B=0.079 D_A(real)=0.93 D_A(fake)=0.08 gnG=30.99 gnD=8.12 it_per_s=10.60
2026-10-02 06:40:21,949 INFO iter=204300 epoch=30 lr=1.10e-04 G=4.363 advA2B=0.677 advB2A=0.794 cycA=0.090 cycB=0.110 idtA=0.081 idtB=0.097 D_A=0.046 D_B=0.082 D_A(real)=0.91 D_A(fake)=0.09 gnG=32.54 gnD=8.29 it_per_s=10.60
2026-10-02 06:40:31,294 INFO iter=204400 epoch=30 lr=1.10e-04 G=4.335 advA2B=0.692 advB2A=0.781 cycA=0.090 cycB=0.108 idtA=0.082 idtB=0.096 D_A=0.046 D_B=0.078 D_A(real)=0.91 D_A(fake)=0.09 gnG=32.12 gnD=8.11 it_per_s=10.64
2026-10-02 06:40:40,715 INFO iter=204500 epoch=30 lr=1.09e-04 G=4.349 advA2B=0.701 advB2A=0.795 cycA=0.090 cycB=0.107 idtA=0.082 idtB=0.095 D_A=0.046 D_B=0.077 D_A(real)=0.91 D_A(fake)=0.09 gnG=32.75 gnD=7.95 it_per_s=10.63
2026-10-02 06:40:50,145 INFO iter=204600 epoch=30 lr=1.09e-04 G=4.342 advA2B=0.700 advB2A=0.798 cycA=0.090 cycB=0.106 idtA=0.083 idtB=0.093 D_A=0.047 D_B=0.077 D_A(real)=0.91 D_A(fake)=0.09 gnG=32.88 gnD=8.02 it_per_s=10.63
2026-10-02 06:40:59,571 INFO iter=204700 epoch=30 lr=1.09e-04 G=4.377 advA2B=0.700 advB2A=0.802 cycA=0.090 cycB=0.108 idtA=0.083 idtB=0.095 D_A=0.047 D_B=0.078 D_A(real)=0.91 D_A(fake)=0.09 gnG=32.80 gnD=8.10 it_per_s=10.62
2026-10-02 06:41:09,008 INFO iter=204800 epoch=30 lr=1.09e-04 G=4.368 advA2B=0.701 advB2A=0.801 cycA=0.090 cycB=0.108 idtA=0.083 idtB=0.094 D_A=0.046 D_B=0.079 D_A(real)=0.91 D_A(fake)=0.09 gnG=32.55 gnD=8.09 it_per_s=10.62
2026-10-02 06:41:18,451 INFO iter=204900 epoch=30 lr=1.09e-04 G=4.359 advA2B=0.705 advB2A=0.809 cycA=0.090 cycB=0.107 idtA=0.083 idtB=0.093 D_A=0.046 D_B=0.078 D_A(real)=0.91 D_A(fake)=0.09 gnG=32.52 gnD=8.08 it_per_s=10.62
2026-10-02 06:41:27,927 INFO iter=205000 epoch=30 lr=1.09e-04 G=4.350 advA2B=0.698 advB2A=0.807 cycA=0.090 cycB=0.107 idtA=0.083 idtB=0.093 D_A=0.046 D_B=0.079 D_A(real)=0.91 D_A(fake)=0.09 gnG=32.37 gnD=8.10 it_per_s=10.61
2026-10-02 06:41:37,336 INFO iter=205100 epoch=30 lr=1.09e-04 G=4.349 advA2B=0.701 advB2A=0.803 cycA=0.090 cycB=0.107 idtA=0.083 idtB=0.093 D_A=0.046 D_B=0.078 D_A(real)=0.91 D_A(fake)=0.09 gnG=32.29 gnD=8.06 it_per_s=10.61
2026-10-02 06:41:46,755 INFO iter=205200 epoch=30 lr=1.08e-04 G=4.339 advA2B=0.701 advB2A=0.802 cycA=0.090 cycB=0.106 idtA=0.082 idtB=0.093 D_A=0.046 D_B=0.079 D_A(real)=0.91 D_A(fake)=0.09 gnG=32.31 gnD=8.11 it_per_s=10.61
2026-10-02 06:41:56,178 INFO iter=205300 epoch=30 lr=1.08e-04 G=4.341 advA2B=0.699 advB2A=0.803 cycA=0.090 cycB=0.106 idtA=0.082 idtB=0.093 D_A=0.047 D_B=0.079 D_A(real)=0.91 D_A(fake)=0.09 gnG=32.41 gnD=8.15 it_per_s=10.61
2026-10-02 06:42:05,591 INFO iter=205400 epoch=30 lr=1.08e-04 G=4.343 advA2B=0.700 advB2A=0.803 cycA=0.090 cycB=0.106 idtA=0.082 idtB=0.093 D_A=0.047 D_B=0.079 D_A(real)=0.91 D_A(fake)=0.09 gnG=32.19 gnD=8.10 it_per_s=10.61
2026-10-02 06:42:15,013 INFO iter=205500 epoch=30 lr=1.08e-04 G=4.332 advA2B=0.701 advB2A=0.800 cycA=0.090 cycB=0.106 idtA=0.082 idtB=0.093 D_A=0.047 D_B=0.078 D_A(real)=0.91 D_A(fake)=0.09 gnG=32.09 gnD=8.06 it_per_s=10.61
2026-10-02 06:42:24,362 INFO iter=205600 epoch=30 lr=1.08e-04 G=4.315 advA2B=0.700 advB2A=0.797 cycA=0.090 cycB=0.105 idtA=0.082 idtB=0.092 D_A=0.047 D_B=0.079 D_A(real)=0.91 D_A(fake)=0.09 gnG=31.94 gnD=8.06 it_per_s=10.62
2026-10-02 06:42:33,761 INFO iter=205700 epoch=30 lr=1.08e-04 G=4.316 advA2B=0.701 advB2A=0.795 cycA=0.090 cycB=0.105 idtA=0.081 idtB=0.093 D_A=0.048 D_B=0.079 D_A(real)=0.91 D_A(fake)=0.09 gnG=31.76 gnD=8.11 it_per_s=10.62
2026-10-02 06:42:43,185 INFO iter=205800 epoch=30 lr=1.08e-04 G=4.318 advA2B=0.701 advB2A=0.793 cycA=0.090 cycB=0.106 idtA=0.082 idtB=0.093 D_A=0.048 D_B=0.078 D_A(real)=0.91 D_A(fake)=0.09 gnG=31.72 gnD=8.14 it_per_s=10.62
2026-10-02 06:42:52,607 INFO iter=205900 epoch=30 lr=1.07e-04 G=4.321 advA2B=0.701 advB2A=0.794 cycA=0.090 cycB=0.106 idtA=0.082 idtB=0.093 D_A=0.048 D_B=0.078 D_A(real)=0.91 D_A(fake)=0.09 gnG=31.81 gnD=8.16 it_per_s=10.62
2026-10-02 06:43:02,040 INFO iter=206000 epoch=30 lr=1.07e-04 G=4.323 advA2B=0.700 advB2A=0.794 cycA=0.090 cycB=0.106 idtA=0.082 idtB=0.093 D_A=0.048 D_B=0.079 D_A(real)=0.91 D_A(fake)=0.09 gnG=31.84 gnD=8.17 it_per_s=10.62
2026-10-02 06:43:11,461 INFO iter=206100 epoch=30 lr=1.07e-04 G=4.322 advA2B=0.699 advB2A=0.795 cycA=0.090 cycB=0.106 idtA=0.082 idtB=0.093 D_A=0.048 D_B=0.079 D_A(real)=0.91 D_A(fake)=0.09 gnG=31.83 gnD=8.16 it_per_s=10.62
2026-10-02 06:43:20,890 INFO iter=206200 epoch=30 lr=1.07e-04 G=4.320 advA2B=0.700 advB2A=0.795 cycA=0.090 cycB=0.106 idtA=0.082 idtB=0.093 D_A=0.048 D_B=0.078 D_A(real)=0.91 D_A(fake)=0.09 gnG=31.81 gnD=8.15 it_per_s=10.62
2026-10-02 06:43:30,219 INFO iter=206300 epoch=30 lr=1.07e-04 G=4.321 advA2B=0.699 advB2A=0.796 cycA=0.089 cycB=0.106 idtA=0.082 idtB=0.093 D_A=0.048 D_B=0.079 D_A(real)=0.91 D_A(fake)=0.09 gnG=31.78 gnD=8.17 it_per_s=10.62
2026-10-02 06:43:39,474 INFO iter=206400 epoch=30 lr=1.07e-04 G=4.332 advA2B=0.702 advB2A=0.797 cycA=0.090 cycB=0.106 idtA=0.082 idtB=0.093 D_A=0.048 D_B=0.078 D_A(real)=0.91 D_A(fake)=0.09 gnG=31.84 gnD=8.16 it_per_s=10.63
2026-10-02 06:43:48,940 INFO iter=206500 epoch=30 lr=1.07e-04 G=4.339 advA2B=0.702 advB2A=0.797 cycA=0.090 cycB=0.107 idtA=0.082 idtB=0.093 D_A=0.048 D_B=0.078 D_A(real)=0.91 D_A(fake)=0.09 gnG=31.77 gnD=8.13 it_per_s=10.63
2026-10-02 06:43:58,286 INFO iter=206600 epoch=30 lr=1.06e-04 G=4.347 advA2B=0.702 advB2A=0.798 cycA=0.090 cycB=0.107 idtA=0.082 idtB=0.094 D_A=0.047 D_B=0.078 D_A(real)=0.91 D_A(fake)=0.09 gnG=31.88 gnD=8.12 it_per_s=10.63
2026-10-02 06:44:07,501 INFO iter=206700 epoch=30 lr=1.06e-04 G=4.354 advA2B=0.703 advB2A=0.798 cycA=0.090 cycB=0.108 idtA=0.082 idtB=0.094 D_A=0.048 D_B=0.078 D_A(real)=0.91 D_A(fake)=0.09 gnG=31.91 gnD=8.12 it_per_s=10.64
2026-10-02 06:44:16,940 INFO iter=206800 epoch=30 lr=1.06e-04 G=4.354 advA2B=0.703 advB2A=0.798 cycA=0.090 cycB=0.108 idtA=0.083 idtB=0.093 D_A=0.047 D_B=0.078 D_A(real)=0.91 D_A(fake)=0.09 gnG=31.97 gnD=8.12 it_per_s=10.64
2026-10-02 06:44:26,211 INFO iter=206900 epoch=30 lr=1.06e-04 G=4.356 advA2B=0.703 advB2A=0.800 cycA=0.090 cycB=0.107 idtA=0.083 idtB=0.093 D_A=0.047 D_B=0.078 D_A(real)=0.91 D_A(fake)=0.09 gnG=31.93 gnD=8.12 it_per_s=10.64
2026-10-02 06:44:35,263 INFO iter=207000 epoch=30 lr=1.06e-04 G=4.359 advA2B=0.703 advB2A=0.801 cycA=0.090 cycB=0.108 idtA=0.083 idtB=0.094 D_A=0.047 D_B=0.078 D_A(real)=0.91 D_A(fake)=0.09 gnG=32.06 gnD=8.13 it_per_s=10.65
2026-10-02 06:44:44,696 INFO iter=207100 epoch=30 lr=1.06e-04 G=4.361 advA2B=0.703 advB2A=0.800 cycA=0.090 cycB=0.108 idtA=0.083 idtB=0.094 D_A=0.047 D_B=0.078 D_A(real)=0.91 D_A(fake)=0.09 gnG=32.12 gnD=8.14 it_per_s=10.65
2026-10-02 06:44:54,111 INFO iter=207200 epoch=30 lr=1.06e-04 G=4.364 advA2B=0.705 advB2A=0.800 cycA=0.090 cycB=0.108 idtA=0.083 idtB=0.094 D_A=0.047 D_B=0.078 D_A(real)=0.91 D_A(fake)=0.09 gnG=32.06 gnD=8.15 it_per_s=10.65
2026-10-02 06:45:03,159 INFO iter=207300 epoch=30 lr=1.05e-04 G=4.368 advA2B=0.705 advB2A=0.802 cycA=0.090 cycB=0.108 idtA=0.083 idtB=0.094 D_A=0.047 D_B=0.078 D_A(real)=0.91 D_A(fake)=0.09 gnG=32.18 gnD=8.15 it_per_s=10.66
2026-10-02 06:45:12,531 INFO iter=207400 epoch=30 lr=1.05e-04 G=4.372 advA2B=0.705 advB2A=0.802 cycA=0.090 cycB=0.108 idtA=0.083 idtB=0.094 D_A=0.047 D_B=0.078 D_A(real)=0.91 D_A(fake)=0.09 gnG=32.16 gnD=8.16 it_per_s=10.66
2026-10-02 06:45:21,974 INFO iter=207500 epoch=30 lr=1.05e-04 G=4.372 advA2B=0.705 advB2A=0.801 cycA=0.090 cycB=0.108 idtA=0.083 idtB=0.094 D_A=0.047 D_B=0.078 D_A(real)=0.91 D_A(fake)=0.09 gnG=32.20 gnD=8.17 it_per_s=10.66
2026-10-02 06:45:31,079 INFO iter=207600 epoch=30 lr=1.05e-04 G=4.369 advA2B=0.705 advB2A=0.800 cycA=0.090 cycB=0.108 idtA=0.083 idtB=0.094 D_A=0.047 D_B=0.078 D_A(real)=0.91 D_A(fake)=0.09 gnG=32.21 gnD=8.17 it_per_s=10.67
2026-10-02 06:45:40,344 INFO iter=207700 epoch=30 lr=1.05e-04 G=4.365 advA2B=0.704 advB2A=0.800 cycA=0.090 cycB=0.108 idtA=0.083 idtB=0.094 D_A=0.047 D_B=0.078 D_A(real)=0.91 D_A(fake)=0.09 gnG=32.15 gnD=8.16 it_per_s=10.67
2026-10-02 06:45:49,765 INFO iter=207800 epoch=30 lr=1.05e-04 G=4.366 advA2B=0.704 advB2A=0.801 cycA=0.090 cycB=0.108 idtA=0.083 idtB=0.094 D_A=0.047 D_B=0.078 D_A(real)=0.91 D_A(fake)=0.09 gnG=32.19 gnD=8.16 it_per_s=10.67
2026-10-02 06:45:58,995 INFO iter=207900 epoch=30 lr=1.05e-04 G=4.366 advA2B=0.703 advB2A=0.801 cycA=0.090 cycB=0.108 idtA=0.083 idtB=0.094 D_A=0.047 D_B=0.078 D_A(real)=0.91 D_A(fake)=0.09 gnG=32.16 gnD=8.16 it_per_s=10.68
2026-10-02 06:46:08,174 INFO iter=208000 epoch=30 lr=1.04e-04 G=4.371 advA2B=0.705 advB2A=0.802 cycA=0.090 cycB=0.108 idtA=0.083 idtB=0.094 D_A=0.047 D_B=0.078 D_A(real)=0.91 D_A(fake)=0.09 gnG=32.34 gnD=8.15 it_per_s=10.68
2026-10-02 06:46:17,643 INFO iter=208100 epoch=30 lr=1.04e-04 G=4.371 advA2B=0.705 advB2A=0.802 cycA=0.090 cycB=0.108 idtA=0.083 idtB=0.094 D_A=0.047 D_B=0.078 D_A(real)=0.91 D_A(fake)=0.09 gnG=32.30 gnD=8.15 it_per_s=10.68
2026-10-02 06:46:27,066 INFO iter=208200 epoch=30 lr=1.04e-04 G=4.375 advA2B=0.704 advB2A=0.802 cycA=0.090 cycB=0.108 idtA=0.083 idtB=0.094 D_A=0.047 D_B=0.078 D_A(real)=0.91 D_A(fake)=0.09 gnG=32.32 gnD=8.15 it_per_s=10.68
2026-10-02 06:46:36,330 INFO iter=208300 epoch=30 lr=1.04e-04 G=4.373 advA2B=0.703 advB2A=0.802 cycA=0.090 cycB=0.108 idtA=0.083 idtB=0.094 D_A=0.047 D_B=0.078 D_A(real)=0.91 D_A(fake)=0.09 gnG=32.27 gnD=8.15 it_per_s=10.68
2026-10-02 06:46:45,790 INFO iter=208400 epoch=30 lr=1.04e-04 G=4.372 advA2B=0.703 advB2A=0.801 cycA=0.090 cycB=0.108 idtA=0.083 idtB=0.094 D_A=0.047 D_B=0.078 D_A(real)=0.91 D_A(fake)=0.09 gnG=32.22 gnD=8.15 it_per_s=10.68
2026-10-02 06:46:55,224 INFO iter=208500 epoch=30 lr=1.04e-04 G=4.369 advA2B=0.703 advB2A=0.802 cycA=0.090 cycB=0.108 idtA=0.083 idtB=0.094 D_A=0.047 D_B=0.078 D_A(real)=0.91 D_A(fake)=0.09 gnG=32.19 gnD=8.17 it_per_s=10.68
2026-10-02 06:47:04,462 INFO iter=208600 epoch=30 lr=1.04e-04 G=4.367 advA2B=0.703 advB2A=0.801 cycA=0.090 cycB=0.108 idtA=0.083 idtB=0.094 D_A=0.047 D_B=0.078 D_A(real)=0.91 D_A(fake)=0.09 gnG=32.22 gnD=8.17 it_per_s=10.68
2026-10-02 06:47:13,912 INFO iter=208700 epoch=30 lr=1.03e-04 G=4.366 advA2B=0.703 advB2A=0.802 cycA=0.090 cycB=0.108 idtA=0.083 idtB=0.094 D_A=0.047 D_B=0.078 D_A(real)=0.91 D_A(fake)=0.09 gnG=32.25 gnD=8.18 it_per_s=10.68
2026-10-02 06:47:23,362 INFO iter=208800 epoch=30 lr=1.03e-04 G=4.365 advA2B=0.703 advB2A=0.803 cycA=0.090 cycB=0.108 idtA=0.083 idtB=0.094 D_A=0.047 D_B=0.078 D_A(real)=0.91 D_A(fake)=0.09 gnG=32.26 gnD=8.17 it_per_s=10.68
2026-10-02 06:47:32,650 INFO iter=208900 epoch=30 lr=1.03e-04 G=4.364 advA2B=0.704 advB2A=0.803 cycA=0.090 cycB=0.108 idtA=0.083 idtB=0.094 D_A=0.047 D_B=0.078 D_A(real)=0.91 D_A(fake)=0.09 gnG=32.28 gnD=8.18 it_per_s=10.68
2026-10-02 06:47:41,915 INFO iter=209000 epoch=30 lr=1.03e-04 G=4.363 advA2B=0.703 advB2A=0.802 cycA=0.090 cycB=0.108 idtA=0.083 idtB=0.093 D_A=0.047 D_B=0.078 D_A(real)=0.91 D_A(fake)=0.09 gnG=32.23 gnD=8.17 it_per_s=10.68
2026-10-02 06:47:51,295 INFO iter=209100 epoch=30 lr=1.03e-04 G=4.361 advA2B=0.703 advB2A=0.802 cycA=0.090 cycB=0.108 idtA=0.083 idtB=0.093 D_A=0.047 D_B=0.079 D_A(real)=0.91 D_A(fake)=0.09 gnG=32.21 gnD=8.20 it_per_s=10.68
2026-10-02 06:48:00,482 INFO iter=209200 epoch=30 lr=1.03e-04 G=4.359 advA2B=0.703 advB2A=0.802 cycA=0.090 cycB=0.108 idtA=0.083 idtB=0.093 D_A=0.047 D_B=0.079 D_A(real)=0.91 D_A(fake)=0.09 gnG=32.20 gnD=8.21 it_per_s=10.68
2026-10-02 06:48:09,633 INFO iter=209300 epoch=30 lr=1.03e-04 G=4.361 advA2B=0.704 advB2A=0.801 cycA=0.090 cycB=0.108 idtA=0.083 idtB=0.094 D_A=0.047 D_B=0.079 D_A(real)=0.91 D_A(fake)=0.09 gnG=32.19 gnD=8.20 it_per_s=10.69
2026-10-02 06:48:19,083 INFO iter=209400 epoch=30 lr=1.02e-04 G=4.362 advA2B=0.704 advB2A=0.802 cycA=0.090 cycB=0.108 idtA=0.082 idtB=0.094 D_A=0.047 D_B=0.079 D_A(real)=0.91 D_A(fake)=0.09 gnG=32.20 gnD=8.20 it_per_s=10.69
2026-10-02 06:48:28,354 INFO iter=209500 epoch=30 lr=1.02e-04 G=4.363 advA2B=0.704 advB2A=0.803 cycA=0.090 cycB=0.108 idtA=0.083 idtB=0.094 D_A=0.047 D_B=0.078 D_A(real)=0.91 D_A(fake)=0.09 gnG=32.16 gnD=8.20 it_per_s=10.69
2026-10-02 06:48:37,411 INFO iter=209600 epoch=30 lr=1.02e-04 G=4.360 advA2B=0.705 advB2A=0.802 cycA=0.090 cycB=0.108 idtA=0.082 idtB=0.093 D_A=0.047 D_B=0.078 D_A(real)=0.91 D_A(fake)=0.09 gnG=32.19 gnD=8.19 it_per_s=10.69
2026-10-02 06:48:46,810 INFO iter=209700 epoch=30 lr=1.02e-04 G=4.360 advA2B=0.705 advB2A=0.802 cycA=0.090 cycB=0.108 idtA=0.082 idtB=0.093 D_A=0.047 D_B=0.078 D_A(real)=0.91 D_A(fake)=0.09 gnG=32.19 gnD=8.19 it_per_s=10.69
2026-10-02 06:48:56,216 INFO iter=209800 epoch=30 lr=1.02e-04 G=4.358 advA2B=0.704 advB2A=0.802 cycA=0.090 cycB=0.108 idtA=0.082 idtB=0.093 D_A=0.047 D_B=0.078 D_A(real)=0.91 D_A(fake)=0.09 gnG=32.13 gnD=8.20 it_per_s=10.69
2026-10-02 06:49:05,220 INFO iter=209900 epoch=30 lr=1.02e-04 G=4.356 advA2B=0.704 advB2A=0.802 cycA=0.090 cycB=0.107 idtA=0.082 idtB=0.093 D_A=0.047 D_B=0.078 D_A(real)=0.91 D_A(fake)=0.09 gnG=32.15 gnD=8.20 it_per_s=10.70
2026-10-02 06:49:14,564 INFO iter=210000 epoch=30 lr=1.02e-04 G=4.355 advA2B=0.704 advB2A=0.802 cycA=0.090 cycB=0.107 idtA=0.082 idtB=0.093 D_A=0.047 D_B=0.078 D_A(real)=0.91 D_A(fake)=0.09 gnG=32.16 gnD=8.20 it_per_s=10.70
2026-10-02 06:49:23,964 INFO iter=210100 epoch=30 lr=1.01e-04 G=4.354 advA2B=0.704 advB2A=0.802 cycA=0.090 cycB=0.107 idtA=0.082 idtB=0.093 D_A=0.047 D_B=0.078 D_A(real)=0.91 D_A(fake)=0.09 gnG=32.18 gnD=8.20 it_per_s=10.70
2026-10-02 06:49:33,056 INFO iter=210200 epoch=30 lr=1.01e-04 G=4.352 advA2B=0.704 advB2A=0.802 cycA=0.090 cycB=0.107 idtA=0.082 idtB=0.093 D_A=0.047 D_B=0.078 D_A(real)=0.91 D_A(fake)=0.09 gnG=32.31 gnD=8.19 it_per_s=10.70
2026-10-02 06:49:42,274 INFO iter=210300 epoch=30 lr=1.01e-04 G=4.355 advA2B=0.704 advB2A=0.803 cycA=0.090 cycB=0.107 idtA=0.082 idtB=0.093 D_A=0.047 D_B=0.078 D_A(real)=0.91 D_A(fake)=0.09 gnG=32.29 gnD=8.19 it_per_s=10.70
2026-10-02 06:49:51,687 INFO iter=210400 epoch=30 lr=1.01e-04 G=4.355 advA2B=0.704 advB2A=0.804 cycA=0.090 cycB=0.107 idtA=0.082 idtB=0.093 D_A=0.047 D_B=0.078 D_A(real)=0.91 D_A(fake)=0.09 gnG=32.24 gnD=8.18 it_per_s=10.70
2026-10-02 06:50:00,875 INFO iter=210500 epoch=30 lr=1.01e-04 G=4.357 advA2B=0.704 advB2A=0.804 cycA=0.090 cycB=0.107 idtA=0.082 idtB=0.093 D_A=0.047 D_B=0.078 D_A(real)=0.91 D_A(fake)=0.09 gnG=32.25 gnD=8.18 it_per_s=10.71
2026-10-02 06:50:10,039 INFO iter=210600 epoch=30 lr=1.01e-04 G=4.356 advA2B=0.703 advB2A=0.804 cycA=0.090 cycB=0.108 idtA=0.082 idtB=0.093 D_A=0.047 D_B=0.078 D_A(real)=0.91 D_A(fake)=0.09 gnG=32.28 gnD=8.18 it_per_s=10.71
2026-10-02 06:50:19,547 INFO iter=210700 epoch=30 lr=1.01e-04 G=4.357 advA2B=0.703 advB2A=0.804 cycA=0.090 cycB=0.108 idtA=0.082 idtB=0.093 D_A=0.047 D_B=0.078 D_A(real)=0.91 D_A(fake)=0.09 gnG=32.29 gnD=8.18 it_per_s=10.71
2026-10-02 06:50:28,863 INFO iter=210800 epoch=30 lr=1.00e-04 G=4.357 advA2B=0.703 advB2A=0.804 cycA=0.090 cycB=0.108 idtA=0.082 idtB=0.093 D_A=0.047 D_B=0.078 D_A(real)=0.91 D_A(fake)=0.09 gnG=32.33 gnD=8.18 it_per_s=10.71
2026-10-02 06:50:37,859 INFO iter=210900 epoch=30 lr=1.00e-04 G=4.356 advA2B=0.703 advB2A=0.804 cycA=0.090 cycB=0.108 idtA=0.082 idtB=0.093 D_A=0.047 D_B=0.078 D_A(real)=0.91 D_A(fake)=0.09 gnG=32.32 gnD=8.18 it_per_s=10.71
2026-10-02 06:50:47,314 INFO iter=211000 epoch=30 lr=1.00e-04 G=4.359 advA2B=0.704 advB2A=0.804 cycA=0.090 cycB=0.108 idtA=0.082 idtB=0.093 D_A=0.047 D_B=0.078 D_A(real)=0.91 D_A(fake)=0.09 gnG=32.39 gnD=8.18 it_per_s=10.71
2026-10-02 06:50:56,747 INFO iter=211100 epoch=30 lr=1.00e-04 G=4.362 advA2B=0.703 advB2A=0.805 cycA=0.090 cycB=0.108 idtA=0.082 idtB=0.093 D_A=0.047 D_B=0.078 D_A(real)=0.91 D_A(fake)=0.09 gnG=32.45 gnD=8.18 it_per_s=10.71
2026-10-02 06:51:00,507 INFO epoch=30 done time_s=657 it_per_s=10.71 G=4.362 cycA=0.090 cycB=0.108 idtA=0.082 idtB=0.093 D_A=0.047 D_B=0.078 D_A(real)=0.91 D_A(fake)=0.09 nan_count=0
2026-10-02 06:51:00,508 WARNING epoch=30 D_A (Monet) loss 0.0469 is near 0: possible discriminator overfitting
2026-10-02 06:51:06,872 INFO iter=211200 epoch=31 lr=9.99e-05 G=4.323 advA2B=0.728 advB2A=0.813 cycA=0.090 cycB=0.102 idtA=0.086 idtB=0.087 D_A=0.048 D_B=0.070 D_A(real)=0.93 D_A(fake)=0.07 gnG=34.26 gnD=8.05 it_per_s=10.51
2026-10-02 06:51:16,303 INFO iter=211300 epoch=31 lr=9.98e-05 G=4.419 advA2B=0.737 advB2A=0.809 cycA=0.089 cycB=0.109 idtA=0.083 idtB=0.097 D_A=0.043 D_B=0.069 D_A(real)=0.93 D_A(fake)=0.08 gnG=34.40 gnD=7.58 it_per_s=10.57
2026-10-02 06:51:25,732 INFO iter=211400 epoch=31 lr=9.96e-05 G=4.395 advA2B=0.749 advB2A=0.811 cycA=0.089 cycB=0.107 idtA=0.082 idtB=0.093 D_A=0.043 D_B=0.068 D_A(real)=0.92 D_A(fake)=0.08 gnG=33.60 gnD=7.53 it_per_s=10.58
2026-10-02 06:51:35,164 INFO iter=211500 epoch=31 lr=9.95e-05 G=4.394 advA2B=0.749 advB2A=0.806 cycA=0.090 cycB=0.107 idtA=0.081 idtB=0.093 D_A=0.045 D_B=0.071 D_A(real)=0.92 D_A(fake)=0.08 gnG=33.63 gnD=7.81 it_per_s=10.59
2026-10-02 06:51:44,599 INFO iter=211600 epoch=31 lr=9.93e-05 G=4.339 advA2B=0.739 advB2A=0.802 cycA=0.089 cycB=0.105 idtA=0.080 idtB=0.091 D_A=0.045 D_B=0.072 D_A(real)=0.92 D_A(fake)=0.08 gnG=32.83 gnD=8.00 it_per_s=10.59
2026-10-02 06:51:54,006 INFO iter=211700 epoch=31 lr=9.92e-05 G=4.340 advA2B=0.737 advB2A=0.796 cycA=0.089 cycB=0.106 idtA=0.080 idtB=0.092 D_A=0.045 D_B=0.073 D_A(real)=0.92 D_A(fake)=0.08 gnG=32.75 gnD=7.97 it_per_s=10.60
2026-10-02 06:52:03,448 INFO iter=211800 epoch=31 lr=9.91e-05 G=4.351 advA2B=0.730 advB2A=0.796 cycA=0.089 cycB=0.107 idtA=0.080 idtB=0.093 D_A=0.044 D_B=0.073 D_A(real)=0.92 D_A(fake)=0.08 gnG=32.48 gnD=7.90 it_per_s=10.60
2026-10-02 06:52:12,874 INFO iter=211900 epoch=31 lr=9.89e-05 G=4.361 advA2B=0.734 advB2A=0.800 cycA=0.089 cycB=0.107 idtA=0.080 idtB=0.093 D_A=0.044 D_B=0.073 D_A(real)=0.92 D_A(fake)=0.08 gnG=32.77 gnD=7.99 it_per_s=10.60
2026-10-02 06:52:22,350 INFO iter=212000 epoch=31 lr=9.88e-05 G=4.348 advA2B=0.731 advB2A=0.799 cycA=0.089 cycB=0.106 idtA=0.080 idtB=0.093 D_A=0.044 D_B=0.073 D_A(real)=0.92 D_A(fake)=0.08 gnG=32.73 gnD=7.96 it_per_s=10.59
2026-10-02 06:52:31,873 INFO iter=212100 epoch=31 lr=9.86e-05 G=4.333 advA2B=0.727 advB2A=0.801 cycA=0.089 cycB=0.105 idtA=0.080 idtB=0.093 D_A=0.044 D_B=0.073 D_A(real)=0.92 D_A(fake)=0.08 gnG=32.57 gnD=7.94 it_per_s=10.58
2026-10-02 06:52:41,412 INFO iter=212200 epoch=31 lr=9.85e-05 G=4.346 advA2B=0.724 advB2A=0.802 cycA=0.089 cycB=0.106 idtA=0.080 idtB=0.093 D_A=0.044 D_B=0.074 D_A(real)=0.92 D_A(fake)=0.08 gnG=32.71 gnD=7.96 it_per_s=10.57
2026-10-02 06:52:50,923 INFO iter=212300 epoch=31 lr=9.84e-05 G=4.346 advA2B=0.722 advB2A=0.805 cycA=0.089 cycB=0.106 idtA=0.080 idtB=0.094 D_A=0.044 D_B=0.075 D_A(real)=0.92 D_A(fake)=0.08 gnG=32.94 gnD=7.98 it_per_s=10.57
2026-10-02 06:53:00,542 INFO iter=212400 epoch=31 lr=9.82e-05 G=4.337 advA2B=0.721 advB2A=0.806 cycA=0.089 cycB=0.106 idtA=0.080 idtB=0.093 D_A=0.045 D_B=0.075 D_A(real)=0.92 D_A(fake)=0.08 gnG=32.91 gnD=8.06 it_per_s=10.55
2026-10-02 06:53:10,092 INFO iter=212500 epoch=31 lr=9.81e-05 G=4.334 advA2B=0.719 advB2A=0.807 cycA=0.089 cycB=0.106 idtA=0.080 idtB=0.093 D_A=0.044 D_B=0.075 D_A(real)=0.92 D_A(fake)=0.08 gnG=32.96 gnD=8.03 it_per_s=10.55
2026-10-02 06:53:19,768 INFO iter=212600 epoch=31 lr=9.79e-05 G=4.338 advA2B=0.718 advB2A=0.807 cycA=0.089 cycB=0.106 idtA=0.080 idtB=0.093 D_A=0.045 D_B=0.075 D_A(real)=0.92 D_A(fake)=0.08 gnG=33.03 gnD=8.04 it_per_s=10.53
2026-10-02 06:53:29,769 INFO iter=212700 epoch=31 lr=9.78e-05 G=4.339 advA2B=0.720 advB2A=0.805 cycA=0.089 cycB=0.106 idtA=0.080 idtB=0.093 D_A=0.045 D_B=0.075 D_A(real)=0.92 D_A(fake)=0.08 gnG=33.14 gnD=8.06 it_per_s=10.50
2026-10-02 06:53:39,396 INFO iter=212800 epoch=31 lr=9.76e-05 G=4.333 advA2B=0.717 advB2A=0.804 cycA=0.089 cycB=0.106 idtA=0.080 idtB=0.093 D_A=0.045 D_B=0.076 D_A(real)=0.92 D_A(fake)=0.08 gnG=33.08 gnD=8.12 it_per_s=10.49
2026-10-02 06:53:49,030 INFO iter=212900 epoch=31 lr=9.75e-05 G=4.330 advA2B=0.718 advB2A=0.804 cycA=0.089 cycB=0.106 idtA=0.080 idtB=0.093 D_A=0.045 D_B=0.076 D_A(real)=0.92 D_A(fake)=0.08 gnG=33.12 gnD=8.12 it_per_s=10.48
2026-10-02 06:53:58,815 INFO iter=213000 epoch=31 lr=9.74e-05 G=4.329 advA2B=0.716 advB2A=0.806 cycA=0.089 cycB=0.106 idtA=0.080 idtB=0.093 D_A=0.045 D_B=0.076 D_A(real)=0.92 D_A(fake)=0.08 gnG=33.20 gnD=8.13 it_per_s=10.47
2026-10-02 06:54:08,724 INFO iter=213100 epoch=31 lr=9.72e-05 G=4.332 advA2B=0.717 advB2A=0.806 cycA=0.089 cycB=0.106 idtA=0.080 idtB=0.093 D_A=0.045 D_B=0.076 D_A(real)=0.92 D_A(fake)=0.08 gnG=33.06 gnD=8.13 it_per_s=10.45
2026-10-02 06:54:18,693 INFO iter=213200 epoch=31 lr=9.71e-05 G=4.331 advA2B=0.715 advB2A=0.806 cycA=0.089 cycB=0.106 idtA=0.080 idtB=0.093 D_A=0.045 D_B=0.076 D_A(real)=0.92 D_A(fake)=0.08 gnG=32.87 gnD=8.11 it_per_s=10.43
2026-10-02 06:54:28,385 INFO iter=213300 epoch=31 lr=9.69e-05 G=4.326 advA2B=0.713 advB2A=0.806 cycA=0.089 cycB=0.106 idtA=0.080 idtB=0.093 D_A=0.045 D_B=0.076 D_A(real)=0.92 D_A(fake)=0.09 gnG=32.84 gnD=8.12 it_per_s=10.42
2026-10-02 06:54:38,041 INFO iter=213400 epoch=31 lr=9.68e-05 G=4.323 advA2B=0.712 advB2A=0.808 cycA=0.089 cycB=0.106 idtA=0.080 idtB=0.092 D_A=0.045 D_B=0.076 D_A(real)=0.92 D_A(fake)=0.08 gnG=32.75 gnD=8.13 it_per_s=10.42
2026-10-02 06:54:47,590 INFO iter=213500 epoch=31 lr=9.66e-05 G=4.319 advA2B=0.712 advB2A=0.809 cycA=0.089 cycB=0.105 idtA=0.080 idtB=0.092 D_A=0.045 D_B=0.076 D_A(real)=0.92 D_A(fake)=0.08 gnG=32.78 gnD=8.14 it_per_s=10.42
2026-10-02 06:54:57,194 INFO iter=213600 epoch=31 lr=9.65e-05 G=4.319 advA2B=0.711 advB2A=0.809 cycA=0.089 cycB=0.105 idtA=0.080 idtB=0.092 D_A=0.045 D_B=0.077 D_A(real)=0.92 D_A(fake)=0.09 gnG=32.84 gnD=8.18 it_per_s=10.42
2026-10-02 06:55:06,624 INFO iter=213700 epoch=31 lr=9.64e-05 G=4.323 advA2B=0.712 advB2A=0.810 cycA=0.089 cycB=0.106 idtA=0.080 idtB=0.092 D_A=0.045 D_B=0.076 D_A(real)=0.92 D_A(fake)=0.08 gnG=32.96 gnD=8.15 it_per_s=10.43
2026-10-02 06:55:16,158 INFO iter=213800 epoch=31 lr=9.62e-05 G=4.319 advA2B=0.711 advB2A=0.808 cycA=0.089 cycB=0.105 idtA=0.080 idtB=0.092 D_A=0.045 D_B=0.077 D_A(real)=0.91 D_A(fake)=0.09 gnG=32.94 gnD=8.16 it_per_s=10.43
2026-10-02 06:55:25,588 INFO iter=213900 epoch=31 lr=9.61e-05 G=4.316 advA2B=0.711 advB2A=0.808 cycA=0.089 cycB=0.105 idtA=0.080 idtB=0.092 D_A=0.045 D_B=0.077 D_A(real)=0.91 D_A(fake)=0.09 gnG=32.94 gnD=8.15 it_per_s=10.44
2026-10-02 06:55:35,020 INFO iter=214000 epoch=31 lr=9.59e-05 G=4.321 advA2B=0.711 advB2A=0.809 cycA=0.089 cycB=0.106 idtA=0.080 idtB=0.092 D_A=0.045 D_B=0.077 D_A(real)=0.91 D_A(fake)=0.09 gnG=32.92 gnD=8.14 it_per_s=10.44
2026-10-02 06:55:44,430 INFO iter=214100 epoch=31 lr=9.58e-05 G=4.325 advA2B=0.711 advB2A=0.810 cycA=0.089 cycB=0.106 idtA=0.080 idtB=0.092 D_A=0.045 D_B=0.077 D_A(real)=0.91 D_A(fake)=0.09 gnG=32.87 gnD=8.18 it_per_s=10.45
2026-10-02 06:55:53,908 INFO iter=214200 epoch=31 lr=9.57e-05 G=4.322 advA2B=0.710 advB2A=0.810 cycA=0.089 cycB=0.106 idtA=0.080 idtB=0.092 D_A=0.045 D_B=0.077 D_A(real)=0.91 D_A(fake)=0.09 gnG=32.86 gnD=8.17 it_per_s=10.45
2026-10-02 06:56:03,391 INFO iter=214300 epoch=31 lr=9.55e-05 G=4.323 advA2B=0.711 advB2A=0.809 cycA=0.089 cycB=0.106 idtA=0.080 idtB=0.092 D_A=0.045 D_B=0.077 D_A(real)=0.92 D_A(fake)=0.08 gnG=32.88 gnD=8.16 it_per_s=10.46
2026-10-02 06:56:12,795 INFO iter=214400 epoch=31 lr=9.54e-05 G=4.326 advA2B=0.711 advB2A=0.810 cycA=0.089 cycB=0.106 idtA=0.080 idtB=0.092 D_A=0.045 D_B=0.077 D_A(real)=0.92 D_A(fake)=0.08 gnG=32.89 gnD=8.17 it_per_s=10.46
2026-10-02 06:56:22,210 INFO iter=214500 epoch=31 lr=9.52e-05 G=4.331 advA2B=0.711 advB2A=0.810 cycA=0.089 cycB=0.106 idtA=0.080 idtB=0.092 D_A=0.045 D_B=0.077 D_A(real)=0.92 D_A(fake)=0.08 gnG=32.88 gnD=8.18 it_per_s=10.47
2026-10-02 06:56:31,635 INFO iter=214600 epoch=31 lr=9.51e-05 G=4.330 advA2B=0.711 advB2A=0.810 cycA=0.089 cycB=0.106 idtA=0.080 idtB=0.092 D_A=0.045 D_B=0.077 D_A(real)=0.92 D_A(fake)=0.08 gnG=32.85 gnD=8.17 it_per_s=10.47
2026-10-02 06:56:41,236 INFO iter=214700 epoch=31 lr=9.49e-05 G=4.332 advA2B=0.712 advB2A=0.811 cycA=0.089 cycB=0.106 idtA=0.080 idtB=0.092 D_A=0.045 D_B=0.077 D_A(real)=0.92 D_A(fake)=0.08 gnG=32.91 gnD=8.17 it_per_s=10.47
2026-10-02 06:56:50,618 INFO iter=214800 epoch=31 lr=9.48e-05 G=4.331 advA2B=0.712 advB2A=0.811 cycA=0.089 cycB=0.106 idtA=0.080 idtB=0.092 D_A=0.045 D_B=0.077 D_A(real)=0.92 D_A(fake)=0.08 gnG=32.86 gnD=8.16 it_per_s=10.47
2026-10-02 06:57:00,020 INFO iter=214900 epoch=31 lr=9.47e-05 G=4.330 advA2B=0.713 advB2A=0.810 cycA=0.089 cycB=0.106 idtA=0.080 idtB=0.092 D_A=0.045 D_B=0.077 D_A(real)=0.92 D_A(fake)=0.08 gnG=32.88 gnD=8.14 it_per_s=10.48
2026-10-02 06:57:09,512 INFO iter=215000 epoch=31 lr=9.45e-05 G=4.333 advA2B=0.713 advB2A=0.811 cycA=0.089 cycB=0.106 idtA=0.080 idtB=0.092 D_A=0.045 D_B=0.077 D_A(real)=0.92 D_A(fake)=0.08 gnG=32.99 gnD=8.16 it_per_s=10.48
2026-10-02 06:57:18,912 INFO iter=215100 epoch=31 lr=9.44e-05 G=4.332 advA2B=0.713 advB2A=0.811 cycA=0.089 cycB=0.106 idtA=0.080 idtB=0.092 D_A=0.045 D_B=0.077 D_A(real)=0.92 D_A(fake)=0.08 gnG=33.00 gnD=8.16 it_per_s=10.48
2026-10-02 06:57:28,356 INFO iter=215200 epoch=31 lr=9.42e-05 G=4.335 advA2B=0.713 advB2A=0.813 cycA=0.089 cycB=0.106 idtA=0.080 idtB=0.092 D_A=0.045 D_B=0.077 D_A(real)=0.92 D_A(fake)=0.08 gnG=33.03 gnD=8.18 it_per_s=10.49
2026-10-02 06:57:37,771 INFO iter=215300 epoch=31 lr=9.41e-05 G=4.336 advA2B=0.713 advB2A=0.812 cycA=0.089 cycB=0.106 idtA=0.080 idtB=0.092 D_A=0.045 D_B=0.077 D_A(real)=0.92 D_A(fake)=0.08 gnG=33.05 gnD=8.19 it_per_s=10.49
2026-10-02 06:57:47,148 INFO iter=215400 epoch=31 lr=9.39e-05 G=4.336 advA2B=0.712 advB2A=0.811 cycA=0.089 cycB=0.106 idtA=0.080 idtB=0.092 D_A=0.045 D_B=0.077 D_A(real)=0.92 D_A(fake)=0.08 gnG=33.02 gnD=8.20 it_per_s=10.49
2026-10-02 06:57:56,589 INFO iter=215500 epoch=31 lr=9.38e-05 G=4.338 advA2B=0.712 advB2A=0.812 cycA=0.089 cycB=0.106 idtA=0.080 idtB=0.092 D_A=0.045 D_B=0.077 D_A(real)=0.92 D_A(fake)=0.08 gnG=33.02 gnD=8.20 it_per_s=10.50
2026-10-02 06:58:06,016 INFO iter=215600 epoch=31 lr=9.37e-05 G=4.339 advA2B=0.713 advB2A=0.812 cycA=0.089 cycB=0.106 idtA=0.080 idtB=0.092 D_A=0.045 D_B=0.077 D_A(real)=0.92 D_A(fake)=0.08 gnG=33.10 gnD=8.20 it_per_s=10.50
2026-10-02 06:58:15,453 INFO iter=215700 epoch=31 lr=9.35e-05 G=4.338 advA2B=0.712 advB2A=0.812 cycA=0.089 cycB=0.106 idtA=0.080 idtB=0.092 D_A=0.045 D_B=0.077 D_A(real)=0.92 D_A(fake)=0.08 gnG=33.17 gnD=8.22 it_per_s=10.50
2026-10-02 06:58:24,816 INFO iter=215800 epoch=31 lr=9.34e-05 G=4.344 advA2B=0.712 advB2A=0.813 cycA=0.089 cycB=0.107 idtA=0.080 idtB=0.093 D_A=0.045 D_B=0.077 D_A(real)=0.92 D_A(fake)=0.08 gnG=33.23 gnD=8.21 it_per_s=10.50
2026-10-02 06:58:34,243 INFO iter=215900 epoch=31 lr=9.32e-05 G=4.346 advA2B=0.712 advB2A=0.813 cycA=0.089 cycB=0.107 idtA=0.081 idtB=0.093 D_A=0.045 D_B=0.077 D_A(real)=0.92 D_A(fake)=0.08 gnG=33.20 gnD=8.20 it_per_s=10.51
2026-10-02 06:58:43,750 INFO iter=216000 epoch=31 lr=9.31e-05 G=4.346 advA2B=0.712 advB2A=0.813 cycA=0.089 cycB=0.107 idtA=0.081 idtB=0.093 D_A=0.045 D_B=0.077 D_A(real)=0.92 D_A(fake)=0.08 gnG=33.17 gnD=8.21 it_per_s=10.51
2026-10-02 06:58:53,174 INFO iter=216100 epoch=31 lr=9.30e-05 G=4.346 advA2B=0.712 advB2A=0.812 cycA=0.089 cycB=0.107 idtA=0.081 idtB=0.093 D_A=0.045 D_B=0.077 D_A(real)=0.92 D_A(fake)=0.08 gnG=33.13 gnD=8.20 it_per_s=10.51
2026-10-02 06:59:02,611 INFO iter=216200 epoch=31 lr=9.28e-05 G=4.344 advA2B=0.711 advB2A=0.813 cycA=0.089 cycB=0.107 idtA=0.081 idtB=0.093 D_A=0.045 D_B=0.077 D_A(real)=0.92 D_A(fake)=0.08 gnG=33.10 gnD=8.20 it_per_s=10.51
2026-10-02 06:59:12,026 INFO iter=216300 epoch=31 lr=9.27e-05 G=4.342 advA2B=0.711 advB2A=0.812 cycA=0.089 cycB=0.107 idtA=0.081 idtB=0.092 D_A=0.045 D_B=0.077 D_A(real)=0.92 D_A(fake)=0.08 gnG=33.08 gnD=8.21 it_per_s=10.51
2026-10-02 06:59:21,443 INFO iter=216400 epoch=31 lr=9.25e-05 G=4.341 advA2B=0.711 advB2A=0.812 cycA=0.089 cycB=0.107 idtA=0.080 idtB=0.092 D_A=0.045 D_B=0.077 D_A(real)=0.92 D_A(fake)=0.08 gnG=33.08 gnD=8.23 it_per_s=10.51
2026-10-02 06:59:30,838 INFO iter=216500 epoch=31 lr=9.24e-05 G=4.340 advA2B=0.711 advB2A=0.812 cycA=0.089 cycB=0.107 idtA=0.080 idtB=0.092 D_A=0.045 D_B=0.077 D_A(real)=0.92 D_A(fake)=0.08 gnG=33.07 gnD=8.23 it_per_s=10.52
2026-10-02 06:59:40,256 INFO iter=216600 epoch=31 lr=9.22e-05 G=4.339 advA2B=0.711 advB2A=0.812 cycA=0.089 cycB=0.107 idtA=0.080 idtB=0.092 D_A=0.045 D_B=0.077 D_A(real)=0.92 D_A(fake)=0.08 gnG=33.13 gnD=8.24 it_per_s=10.52
2026-10-02 06:59:49,642 INFO iter=216700 epoch=31 lr=9.21e-05 G=4.339 advA2B=0.710 advB2A=0.812 cycA=0.089 cycB=0.107 idtA=0.080 idtB=0.092 D_A=0.045 D_B=0.077 D_A(real)=0.92 D_A(fake)=0.08 gnG=33.14 gnD=8.23 it_per_s=10.52
2026-10-02 06:59:58,970 INFO iter=216800 epoch=31 lr=9.20e-05 G=4.338 advA2B=0.711 advB2A=0.812 cycA=0.089 cycB=0.106 idtA=0.080 idtB=0.092 D_A=0.045 D_B=0.077 D_A(real)=0.92 D_A(fake)=0.09 gnG=33.13 gnD=8.24 it_per_s=10.52
2026-10-02 07:00:08,224 INFO iter=216900 epoch=31 lr=9.18e-05 G=4.337 advA2B=0.710 advB2A=0.812 cycA=0.089 cycB=0.107 idtA=0.080 idtB=0.092 D_A=0.045 D_B=0.077 D_A(real)=0.92 D_A(fake)=0.09 gnG=33.07 gnD=8.24 it_per_s=10.53
2026-10-02 07:00:17,653 INFO iter=217000 epoch=31 lr=9.17e-05 G=4.336 advA2B=0.710 advB2A=0.812 cycA=0.088 cycB=0.107 idtA=0.080 idtB=0.092 D_A=0.045 D_B=0.077 D_A(real)=0.92 D_A(fake)=0.09 gnG=33.05 gnD=8.24 it_per_s=10.53
2026-10-02 07:00:26,977 INFO iter=217100 epoch=31 lr=9.15e-05 G=4.335 advA2B=0.711 advB2A=0.811 cycA=0.088 cycB=0.107 idtA=0.080 idtB=0.092 D_A=0.045 D_B=0.077 D_A(real)=0.91 D_A(fake)=0.09 gnG=33.03 gnD=8.24 it_per_s=10.53
2026-10-02 07:00:36,011 INFO iter=217200 epoch=31 lr=9.14e-05 G=4.335 advA2B=0.711 advB2A=0.812 cycA=0.088 cycB=0.106 idtA=0.080 idtB=0.092 D_A=0.045 D_B=0.077 D_A(real)=0.91 D_A(fake)=0.09 gnG=33.00 gnD=8.25 it_per_s=10.54
2026-10-02 07:00:45,415 INFO iter=217300 epoch=31 lr=9.12e-05 G=4.335 advA2B=0.710 advB2A=0.812 cycA=0.089 cycB=0.106 idtA=0.080 idtB=0.092 D_A=0.045 D_B=0.077 D_A(real)=0.92 D_A(fake)=0.09 gnG=32.98 gnD=8.25 it_per_s=10.54
2026-10-02 07:00:54,827 INFO iter=217400 epoch=31 lr=9.11e-05 G=4.333 advA2B=0.710 advB2A=0.811 cycA=0.088 cycB=0.106 idtA=0.080 idtB=0.092 D_A=0.045 D_B=0.077 D_A(real)=0.91 D_A(fake)=0.09 gnG=32.98 gnD=8.25 it_per_s=10.54
2026-10-02 07:01:03,829 INFO iter=217500 epoch=31 lr=9.10e-05 G=4.333 advA2B=0.710 advB2A=0.812 cycA=0.088 cycB=0.106 idtA=0.080 idtB=0.092 D_A=0.045 D_B=0.077 D_A(real)=0.91 D_A(fake)=0.09 gnG=32.99 gnD=8.25 it_per_s=10.55
2026-10-02 07:01:13,213 INFO iter=217600 epoch=31 lr=9.08e-05 G=4.333 advA2B=0.710 advB2A=0.812 cycA=0.088 cycB=0.106 idtA=0.080 idtB=0.092 D_A=0.045 D_B=0.077 D_A(real)=0.92 D_A(fake)=0.08 gnG=32.99 gnD=8.25 it_per_s=10.55
2026-10-02 07:01:22,751 INFO iter=217700 epoch=31 lr=9.07e-05 G=4.335 advA2B=0.710 advB2A=0.811 cycA=0.088 cycB=0.107 idtA=0.080 idtB=0.092 D_A=0.045 D_B=0.077 D_A(real)=0.92 D_A(fake)=0.09 gnG=33.03 gnD=8.25 it_per_s=10.55
2026-10-02 07:01:32,063 INFO iter=217800 epoch=31 lr=9.05e-05 G=4.335 advA2B=0.710 advB2A=0.811 cycA=0.088 cycB=0.107 idtA=0.080 idtB=0.092 D_A=0.045 D_B=0.077 D_A(real)=0.92 D_A(fake)=0.09 gnG=33.04 gnD=8.25 it_per_s=10.56
2026-10-02 07:01:41,326 INFO iter=217900 epoch=31 lr=9.04e-05 G=4.335 advA2B=0.710 advB2A=0.812 cycA=0.088 cycB=0.107 idtA=0.080 idtB=0.092 D_A=0.045 D_B=0.077 D_A(real)=0.92 D_A(fake)=0.09 gnG=33.05 gnD=8.25 it_per_s=10.56
2026-10-02 07:01:50,765 INFO iter=218000 epoch=31 lr=9.03e-05 G=4.333 advA2B=0.710 advB2A=0.812 cycA=0.088 cycB=0.107 idtA=0.080 idtB=0.092 D_A=0.045 D_B=0.077 D_A(real)=0.91 D_A(fake)=0.09 gnG=33.07 gnD=8.25 it_per_s=10.56
2026-10-02 07:01:59,954 INFO iter=218100 epoch=31 lr=9.01e-05 G=4.332 advA2B=0.710 advB2A=0.812 cycA=0.088 cycB=0.107 idtA=0.080 idtB=0.092 D_A=0.045 D_B=0.077 D_A(real)=0.91 D_A(fake)=0.09 gnG=33.08 gnD=8.26 it_per_s=10.56
2026-10-02 07:02:07,014 INFO epoch=31 done time_s=666 it_per_s=10.57 G=4.334 cycA=0.088 cycB=0.107 idtA=0.080 idtB=0.092 D_A=0.045 D_B=0.077 D_A(real)=0.91 D_A(fake)=0.09 nan_count=0
2026-10-02 07:02:07,016 WARNING epoch=31 D_A (Monet) loss 0.0448 is near 0: possible discriminator overfitting
2026-10-02 07:02:09,681 INFO iter=218200 epoch=32 lr=9.00e-05 G=4.316 advA2B=0.747 advB2A=0.776 cycA=0.091 cycB=0.101 idtA=0.084 idtB=0.089 D_A=0.040 D_B=0.080 D_A(real)=0.91 D_A(fake)=0.08 gnG=35.40 gnD=8.03 it_per_s=10.47
2026-10-02 07:02:19,108 INFO iter=218300 epoch=32 lr=8.98e-05 G=4.203 advA2B=0.713 advB2A=0.797 cycA=0.089 cycB=0.098 idtA=0.081 idtB=0.083 D_A=0.049 D_B=0.076 D_A(real)=0.92 D_A(fake)=0.08 gnG=33.07 gnD=8.96 it_per_s=10.58
2026-10-02 07:02:28,536 INFO iter=218400 epoch=32 lr=8.97e-05 G=4.206 advA2B=0.715 advB2A=0.797 cycA=0.088 cycB=0.099 idtA=0.079 idtB=0.084 D_A=0.047 D_B=0.071 D_A(real)=0.92 D_A(fake)=0.08 gnG=31.13 gnD=8.31 it_per_s=10.59
2026-10-02 07:02:37,671 INFO iter=218500 epoch=32 lr=8.95e-05 G=4.188 advA2B=0.711 advB2A=0.805 cycA=0.087 cycB=0.098 idtA=0.079 idtB=0.084 D_A=0.044 D_B=0.073 D_A(real)=0.92 D_A(fake)=0.08 gnG=31.90 gnD=8.27 it_per_s=10.70
2026-10-02 07:02:47,198 INFO iter=218600 epoch=32 lr=8.94e-05 G=4.200 advA2B=0.719 advB2A=0.805 cycA=0.087 cycB=0.099 idtA=0.079 idtB=0.084 D_A=0.047 D_B=0.074 D_A(real)=0.91 D_A(fake)=0.09 gnG=32.13 gnD=8.49 it_per_s=10.65
2026-10-02 07:02:56,620 INFO iter=218700 epoch=32 lr=8.93e-05 G=4.221 advA2B=0.717 advB2A=0.802 cycA=0.088 cycB=0.099 idtA=0.079 idtB=0.086 D_A=0.047 D_B=0.074 D_A(real)=0.91 D_A(fake)=0.09 gnG=32.54 gnD=8.39 it_per_s=10.64
2026-10-02 07:03:06,005 INFO iter=218800 epoch=32 lr=8.91e-05 G=4.235 advA2B=0.719 advB2A=0.810 cycA=0.088 cycB=0.100 idtA=0.079 idtB=0.086 D_A=0.047 D_B=0.073 D_A(real)=0.91 D_A(fake)=0.09 gnG=32.69 gnD=8.29 it_per_s=10.65
2026-10-02 07:03:15,434 INFO iter=218900 epoch=32 lr=8.90e-05 G=4.253 advA2B=0.726 advB2A=0.815 cycA=0.088 cycB=0.101 idtA=0.079 idtB=0.086 D_A=0.046 D_B=0.073 D_A(real)=0.92 D_A(fake)=0.08 gnG=33.05 gnD=8.29 it_per_s=10.64
2026-10-02 07:03:24,824 INFO iter=219000 epoch=32 lr=8.88e-05 G=4.242 advA2B=0.723 advB2A=0.814 cycA=0.087 cycB=0.101 idtA=0.079 idtB=0.086 D_A=0.045 D_B=0.073 D_A(real)=0.92 D_A(fake)=0.08 gnG=32.91 gnD=8.24 it_per_s=10.64
2026-10-02 07:03:34,239 INFO iter=219100 epoch=32 lr=8.87e-05 G=4.236 advA2B=0.719 advB2A=0.813 cycA=0.087 cycB=0.101 idtA=0.079 idtB=0.086 D_A=0.045 D_B=0.074 D_A(real)=0.91 D_A(fake)=0.08 gnG=33.15 gnD=8.22 it_per_s=10.64
2026-10-02 07:03:43,658 INFO iter=219200 epoch=32 lr=8.85e-05 G=4.232 advA2B=0.716 advB2A=0.808 cycA=0.087 cycB=0.101 idtA=0.079 idtB=0.086 D_A=0.046 D_B=0.074 D_A(real)=0.91 D_A(fake)=0.09 gnG=32.85 gnD=8.21 it_per_s=10.64
2026-10-02 07:03:53,088 INFO iter=219300 epoch=32 lr=8.84e-05 G=4.234 advA2B=0.714 advB2A=0.809 cycA=0.087 cycB=0.101 idtA=0.078 idtB=0.087 D_A=0.046 D_B=0.076 D_A(real)=0.91 D_A(fake)=0.09 gnG=32.72 gnD=8.31 it_per_s=10.63
2026-10-02 07:04:02,494 INFO iter=219400 epoch=32 lr=8.83e-05 G=4.265 advA2B=0.714 advB2A=0.811 cycA=0.088 cycB=0.102 idtA=0.079 idtB=0.089 D_A=0.046 D_B=0.076 D_A(real)=0.91 D_A(fake)=0.09 gnG=32.78 gnD=8.29 it_per_s=10.63
2026-10-02 07:04:11,893 INFO iter=219500 epoch=32 lr=8.81e-05 G=4.271 advA2B=0.712 advB2A=0.810 cycA=0.088 cycB=0.103 idtA=0.079 idtB=0.089 D_A=0.046 D_B=0.076 D_A(real)=0.91 D_A(fake)=0.09 gnG=32.75 gnD=8.26 it_per_s=10.63
2026-10-02 07:04:21,318 INFO iter=219600 epoch=32 lr=8.80e-05 G=4.274 advA2B=0.710 advB2A=0.809 cycA=0.088 cycB=0.103 idtA=0.080 idtB=0.089 D_A=0.046 D_B=0.077 D_A(real)=0.91 D_A(fake)=0.09 gnG=32.82 gnD=8.33 it_per_s=10.63
2026-10-02 07:04:30,772 INFO iter=219700 epoch=32 lr=8.78e-05 G=4.279 advA2B=0.709 advB2A=0.810 cycA=0.088 cycB=0.103 idtA=0.080 idtB=0.089 D_A=0.046 D_B=0.077 D_A(real)=0.91 D_A(fake)=0.09 gnG=33.03 gnD=8.34 it_per_s=10.63
2026-10-02 07:04:40,200 INFO iter=219800 epoch=32 lr=8.77e-05 G=4.287 advA2B=0.709 advB2A=0.813 cycA=0.088 cycB=0.104 idtA=0.080 idtB=0.090 D_A=0.045 D_B=0.077 D_A(real)=0.91 D_A(fake)=0.09 gnG=33.00 gnD=8.31 it_per_s=10.63
2026-10-02 07:04:49,625 INFO iter=219900 epoch=32 lr=8.76e-05 G=4.298 advA2B=0.710 advB2A=0.813 cycA=0.088 cycB=0.105 idtA=0.080 idtB=0.090 D_A=0.045 D_B=0.076 D_A(real)=0.91 D_A(fake)=0.09 gnG=33.16 gnD=8.28 it_per_s=10.63
2026-10-02 07:04:59,062 INFO iter=220000 epoch=32 lr=8.74e-05 G=4.293 advA2B=0.710 advB2A=0.814 cycA=0.088 cycB=0.104 idtA=0.080 idtB=0.090 D_A=0.045 D_B=0.076 D_A(real)=0.91 D_A(fake)=0.09 gnG=33.28 gnD=8.26 it_per_s=10.62
2026-10-02 07:05:08,523 INFO iter=220100 epoch=32 lr=8.73e-05 G=4.296 advA2B=0.710 advB2A=0.813 cycA=0.088 cycB=0.104 idtA=0.080 idtB=0.090 D_A=0.045 D_B=0.076 D_A(real)=0.91 D_A(fake)=0.09 gnG=33.40 gnD=8.27 it_per_s=10.62
2026-10-02 07:05:17,933 INFO iter=220200 epoch=32 lr=8.71e-05 G=4.301 advA2B=0.712 advB2A=0.812 cycA=0.088 cycB=0.105 idtA=0.080 idtB=0.090 D_A=0.045 D_B=0.076 D_A(real)=0.91 D_A(fake)=0.09 gnG=33.39 gnD=8.27 it_per_s=10.62
2026-10-02 07:05:27,342 INFO iter=220300 epoch=32 lr=8.70e-05 G=4.308 advA2B=0.714 advB2A=0.813 cycA=0.088 cycB=0.105 idtA=0.080 idtB=0.091 D_A=0.045 D_B=0.076 D_A(real)=0.91 D_A(fake)=0.09 gnG=33.42 gnD=8.27 it_per_s=10.62
2026-10-02 07:05:36,421 INFO iter=220400 epoch=32 lr=8.68e-05 G=4.305 advA2B=0.712 advB2A=0.814 cycA=0.088 cycB=0.105 idtA=0.080 idtB=0.091 D_A=0.045 D_B=0.076 D_A(real)=0.91 D_A(fake)=0.09 gnG=33.31 gnD=8.30 it_per_s=10.64
2026-10-02 07:05:45,750 INFO iter=220500 epoch=32 lr=8.67e-05 G=4.306 advA2B=0.714 advB2A=0.814 cycA=0.088 cycB=0.105 idtA=0.079 idtB=0.091 D_A=0.045 D_B=0.076 D_A(real)=0.91 D_A(fake)=0.09 gnG=33.37 gnD=8.29 it_per_s=10.64
2026-10-02 07:05:55,128 INFO iter=220600 epoch=32 lr=8.66e-05 G=4.304 advA2B=0.715 advB2A=0.814 cycA=0.088 cycB=0.105 idtA=0.080 idtB=0.091 D_A=0.045 D_B=0.076 D_A(real)=0.91 D_A(fake)=0.09 gnG=33.27 gnD=8.29 it_per_s=10.64
2026-10-02 07:06:04,227 INFO iter=220700 epoch=32 lr=8.64e-05 G=4.305 advA2B=0.714 advB2A=0.815 cycA=0.088 cycB=0.105 idtA=0.079 idtB=0.091 D_A=0.045 D_B=0.076 D_A(real)=0.91 D_A(fake)=0.09 gnG=33.25 gnD=8.28 it_per_s=10.66
2026-10-02 07:06:13,459 INFO iter=220800 epoch=32 lr=8.63e-05 G=4.305 advA2B=0.713 advB2A=0.815 cycA=0.088 cycB=0.105 idtA=0.079 idtB=0.091 D_A=0.045 D_B=0.076 D_A(real)=0.91 D_A(fake)=0.09 gnG=33.10 gnD=8.30 it_per_s=10.66
2026-10-02 07:06:22,879 INFO iter=220900 epoch=32 lr=8.61e-05 G=4.314 advA2B=0.714 advB2A=0.815 cycA=0.088 cycB=0.105 idtA=0.080 idtB=0.091 D_A=0.045 D_B=0.076 D_A(real)=0.91 D_A(fake)=0.09 gnG=33.10 gnD=8.31 it_per_s=10.66
2026-10-02 07:06:32,203 INFO iter=221000 epoch=32 lr=8.60e-05 G=4.313 advA2B=0.713 advB2A=0.815 cycA=0.088 cycB=0.105 idtA=0.080 idtB=0.091 D_A=0.045 D_B=0.076 D_A(real)=0.91 D_A(fake)=0.09 gnG=33.14 gnD=8.30 it_per_s=10.66
2026-10-02 07:06:41,324 INFO iter=221100 epoch=32 lr=8.58e-05 G=4.310 advA2B=0.713 advB2A=0.814 cycA=0.088 cycB=0.105 idtA=0.080 idtB=0.091 D_A=0.045 D_B=0.076 D_A(real)=0.91 D_A(fake)=0.09 gnG=33.23 gnD=8.29 it_per_s=10.67
2026-10-02 07:06:50,757 INFO iter=221200 epoch=32 lr=8.57e-05 G=4.313 advA2B=0.713 advB2A=0.815 cycA=0.088 cycB=0.105 idtA=0.080 idtB=0.091 D_A=0.045 D_B=0.077 D_A(real)=0.91 D_A(fake)=0.09 gnG=33.22 gnD=8.30 it_per_s=10.67
2026-10-02 07:07:00,185 INFO iter=221300 epoch=32 lr=8.56e-05 G=4.310 advA2B=0.712 advB2A=0.814 cycA=0.088 cycB=0.105 idtA=0.080 idtB=0.091 D_A=0.045 D_B=0.077 D_A(real)=0.91 D_A(fake)=0.09 gnG=33.18 gnD=8.31 it_per_s=10.67
2026-10-02 07:07:09,466 INFO iter=221400 epoch=32 lr=8.54e-05 G=4.308 advA2B=0.712 advB2A=0.815 cycA=0.088 cycB=0.105 idtA=0.080 idtB=0.091 D_A=0.045 D_B=0.077 D_A(real)=0.91 D_A(fake)=0.09 gnG=33.17 gnD=8.29 it_per_s=10.67
2026-10-02 07:07:18,885 INFO iter=221500 epoch=32 lr=8.53e-05 G=4.312 advA2B=0.713 advB2A=0.816 cycA=0.088 cycB=0.105 idtA=0.080 idtB=0.091 D_A=0.045 D_B=0.076 D_A(real)=0.91 D_A(fake)=0.09 gnG=33.12 gnD=8.26 it_per_s=10.67
2026-10-02 07:07:28,311 INFO iter=221600 epoch=32 lr=8.51e-05 G=4.311 advA2B=0.714 advB2A=0.815 cycA=0.088 cycB=0.105 idtA=0.080 idtB=0.091 D_A=0.045 D_B=0.076 D_A(real)=0.92 D_A(fake)=0.09 gnG=33.16 gnD=8.26 it_per_s=10.67
2026-10-02 07:07:37,391 INFO iter=221700 epoch=32 lr=8.50e-05 G=4.309 advA2B=0.714 advB2A=0.816 cycA=0.088 cycB=0.105 idtA=0.080 idtB=0.091 D_A=0.044 D_B=0.076 D_A(real)=0.91 D_A(fake)=0.09 gnG=33.18 gnD=8.25 it_per_s=10.68
2026-10-02 07:07:46,727 INFO iter=221800 epoch=32 lr=8.49e-05 G=4.313 advA2B=0.714 advB2A=0.815 cycA=0.088 cycB=0.105 idtA=0.080 idtB=0.091 D_A=0.045 D_B=0.076 D_A(real)=0.91 D_A(fake)=0.09 gnG=33.20 gnD=8.25 it_per_s=10.68
2026-10-02 07:07:56,158 INFO iter=221900 epoch=32 lr=8.47e-05 G=4.311 advA2B=0.714 advB2A=0.816 cycA=0.088 cycB=0.105 idtA=0.080 idtB=0.091 D_A=0.044 D_B=0.076 D_A(real)=0.91 D_A(fake)=0.09 gnG=33.23 gnD=8.25 it_per_s=10.68
2026-10-02 07:08:05,457 INFO iter=222000 epoch=32 lr=8.46e-05 G=4.312 advA2B=0.714 advB2A=0.815 cycA=0.088 cycB=0.105 idtA=0.080 idtB=0.091 D_A=0.045 D_B=0.077 D_A(real)=0.91 D_A(fake)=0.09 gnG=33.29 gnD=8.27 it_per_s=10.68
2026-10-02 07:08:14,742 INFO iter=222100 epoch=32 lr=8.44e-05 G=4.309 advA2B=0.713 advB2A=0.814 cycA=0.088 cycB=0.105 idtA=0.080 idtB=0.091 D_A=0.045 D_B=0.077 D_A(real)=0.91 D_A(fake)=0.09 gnG=33.28 gnD=8.28 it_per_s=10.68
2026-10-02 07:08:24,163 INFO iter=222200 epoch=32 lr=8.43e-05 G=4.309 advA2B=0.714 advB2A=0.814 cycA=0.088 cycB=0.105 idtA=0.079 idtB=0.091 D_A=0.045 D_B=0.076 D_A(real)=0.91 D_A(fake)=0.09 gnG=33.27 gnD=8.28 it_per_s=10.68
2026-10-02 07:08:33,412 INFO iter=222300 epoch=32 lr=8.41e-05 G=4.310 advA2B=0.715 advB2A=0.814 cycA=0.088 cycB=0.105 idtA=0.079 idtB=0.091 D_A=0.045 D_B=0.076 D_A(real)=0.91 D_A(fake)=0.09 gnG=33.40 gnD=8.30 it_per_s=10.68
2026-10-02 07:08:42,544 INFO iter=222400 epoch=32 lr=8.40e-05 G=4.310 advA2B=0.715 advB2A=0.815 cycA=0.088 cycB=0.105 idtA=0.079 idtB=0.091 D_A=0.045 D_B=0.076 D_A(real)=0.91 D_A(fake)=0.09 gnG=33.41 gnD=8.31 it_per_s=10.69
2026-10-02 07:08:51,970 INFO iter=222500 epoch=32 lr=8.39e-05 G=4.309 advA2B=0.714 advB2A=0.815 cycA=0.088 cycB=0.105 idtA=0.079 idtB=0.091 D_A=0.045 D_B=0.077 D_A(real)=0.91 D_A(fake)=0.09 gnG=33.42 gnD=8.32 it_per_s=10.69
2026-10-02 07:09:01,280 INFO iter=222600 epoch=32 lr=8.37e-05 G=4.310 advA2B=0.713 advB2A=0.816 cycA=0.088 cycB=0.105 idtA=0.079 idtB=0.091 D_A=0.045 D_B=0.077 D_A(real)=0.91 D_A(fake)=0.09 gnG=33.45 gnD=8.32 it_per_s=10.69
2026-10-02 07:09:10,571 INFO iter=222700 epoch=32 lr=8.36e-05 G=4.309 advA2B=0.713 advB2A=0.816 cycA=0.088 cycB=0.105 idtA=0.079 idtB=0.091 D_A=0.045 D_B=0.077 D_A(real)=0.91 D_A(fake)=0.09 gnG=33.42 gnD=8.32 it_per_s=10.69
2026-10-02 07:09:19,989 INFO iter=222800 epoch=32 lr=8.34e-05 G=4.307 advA2B=0.714 advB2A=0.816 cycA=0.088 cycB=0.105 idtA=0.079 idtB=0.091 D_A=0.045 D_B=0.077 D_A(real)=0.91 D_A(fake)=0.09 gnG=33.39 gnD=8.31 it_per_s=10.69
2026-10-02 07:09:29,368 INFO iter=222900 epoch=32 lr=8.33e-05 G=4.304 advA2B=0.714 advB2A=0.816 cycA=0.088 cycB=0.105 idtA=0.079 idtB=0.091 D_A=0.045 D_B=0.076 D_A(real)=0.91 D_A(fake)=0.09 gnG=33.40 gnD=8.31 it_per_s=10.69
2026-10-02 07:09:38,365 INFO iter=223000 epoch=32 lr=8.32e-05 G=4.306 advA2B=0.713 advB2A=0.815 cycA=0.088 cycB=0.105 idtA=0.079 idtB=0.091 D_A=0.045 D_B=0.076 D_A(real)=0.91 D_A(fake)=0.09 gnG=33.43 gnD=8.30 it_per_s=10.70
2026-10-02 07:09:47,710 INFO iter=223100 epoch=32 lr=8.30e-05 G=4.307 advA2B=0.714 advB2A=0.816 cycA=0.088 cycB=0.105 idtA=0.079 idtB=0.091 D_A=0.045 D_B=0.076 D_A(real)=0.91 D_A(fake)=0.09 gnG=33.45 gnD=8.29 it_per_s=10.70
2026-10-02 07:09:57,227 INFO iter=223200 epoch=32 lr=8.29e-05 G=4.307 advA2B=0.714 advB2A=0.816 cycA=0.088 cycB=0.105 idtA=0.079 idtB=0.091 D_A=0.045 D_B=0.076 D_A(real)=0.91 D_A(fake)=0.09 gnG=33.45 gnD=8.29 it_per_s=10.69
2026-10-02 07:10:06,356 INFO iter=223300 epoch=32 lr=8.27e-05 G=4.306 advA2B=0.715 advB2A=0.816 cycA=0.088 cycB=0.105 idtA=0.079 idtB=0.091 D_A=0.045 D_B=0.076 D_A(real)=0.91 D_A(fake)=0.09 gnG=33.44 gnD=8.29 it_per_s=10.70
2026-10-02 07:10:15,781 INFO iter=223400 epoch=32 lr=8.26e-05 G=4.305 advA2B=0.714 advB2A=0.817 cycA=0.087 cycB=0.105 idtA=0.079 idtB=0.091 D_A=0.045 D_B=0.076 D_A(real)=0.91 D_A(fake)=0.09 gnG=33.45 gnD=8.30 it_per_s=10.70
2026-10-02 07:10:25,151 INFO iter=223500 epoch=32 lr=8.24e-05 G=4.305 advA2B=0.714 advB2A=0.816 cycA=0.087 cycB=0.105 idtA=0.079 idtB=0.091 D_A=0.045 D_B=0.076 D_A(real)=0.91 D_A(fake)=0.09 gnG=33.49 gnD=8.32 it_per_s=10.70
2026-10-02 07:10:34,307 INFO iter=223600 epoch=32 lr=8.23e-05 G=4.305 advA2B=0.713 advB2A=0.817 cycA=0.087 cycB=0.105 idtA=0.079 idtB=0.091 D_A=0.045 D_B=0.077 D_A(real)=0.91 D_A(fake)=0.09 gnG=33.50 gnD=8.33 it_per_s=10.70
2026-10-02 07:10:43,446 INFO iter=223700 epoch=32 lr=8.22e-05 G=4.304 advA2B=0.713 advB2A=0.817 cycA=0.087 cycB=0.105 idtA=0.079 idtB=0.091 D_A=0.045 D_B=0.076 D_A(real)=0.91 D_A(fake)=0.09 gnG=33.49 gnD=8.32 it_per_s=10.70
2026-10-02 07:10:52,814 INFO iter=223800 epoch=32 lr=8.20e-05 G=4.302 advA2B=0.713 advB2A=0.817 cycA=0.087 cycB=0.105 idtA=0.079 idtB=0.091 D_A=0.045 D_B=0.076 D_A(real)=0.91 D_A(fake)=0.09 gnG=33.48 gnD=8.32 it_per_s=10.70
2026-10-02 07:11:02,118 INFO iter=223900 epoch=32 lr=8.19e-05 G=4.304 advA2B=0.713 advB2A=0.817 cycA=0.087 cycB=0.105 idtA=0.079 idtB=0.091 D_A=0.045 D_B=0.076 D_A(real)=0.91 D_A(fake)=0.09 gnG=33.41 gnD=8.32 it_per_s=10.70
2026-10-02 07:11:11,299 INFO iter=224000 epoch=32 lr=8.17e-05 G=4.303 advA2B=0.713 advB2A=0.817 cycA=0.087 cycB=0.105 idtA=0.079 idtB=0.091 D_A=0.045 D_B=0.076 D_A(real)=0.91 D_A(fake)=0.09 gnG=33.40 gnD=8.32 it_per_s=10.71
2026-10-02 07:11:20,700 INFO iter=224100 epoch=32 lr=8.16e-05 G=4.303 advA2B=0.713 advB2A=0.817 cycA=0.087 cycB=0.105 idtA=0.079 idtB=0.091 D_A=0.045 D_B=0.076 D_A(real)=0.91 D_A(fake)=0.09 gnG=33.40 gnD=8.32 it_per_s=10.71
2026-10-02 07:11:30,071 INFO iter=224200 epoch=32 lr=8.14e-05 G=4.302 advA2B=0.713 advB2A=0.817 cycA=0.087 cycB=0.105 idtA=0.079 idtB=0.091 D_A=0.045 D_B=0.077 D_A(real)=0.91 D_A(fake)=0.09 gnG=33.41 gnD=8.34 it_per_s=10.71
2026-10-02 07:11:39,047 INFO iter=224300 epoch=32 lr=8.13e-05 G=4.302 advA2B=0.714 advB2A=0.816 cycA=0.087 cycB=0.105 idtA=0.079 idtB=0.091 D_A=0.045 D_B=0.077 D_A(real)=0.91 D_A(fake)=0.09 gnG=33.44 gnD=8.35 it_per_s=10.71
2026-10-02 07:11:48,403 INFO iter=224400 epoch=32 lr=8.12e-05 G=4.301 advA2B=0.714 advB2A=0.817 cycA=0.087 cycB=0.105 idtA=0.079 idtB=0.091 D_A=0.045 D_B=0.076 D_A(real)=0.91 D_A(fake)=0.09 gnG=33.44 gnD=8.34 it_per_s=10.71
2026-10-02 07:11:57,889 INFO iter=224500 epoch=32 lr=8.10e-05 G=4.301 advA2B=0.713 advB2A=0.816 cycA=0.087 cycB=0.105 idtA=0.079 idtB=0.091 D_A=0.045 D_B=0.076 D_A(real)=0.91 D_A(fake)=0.09 gnG=33.41 gnD=8.34 it_per_s=10.71
2026-10-02 07:12:07,285 INFO iter=224600 epoch=32 lr=8.09e-05 G=4.299 advA2B=0.713 advB2A=0.816 cycA=0.087 cycB=0.105 idtA=0.079 idtB=0.091 D_A=0.045 D_B=0.076 D_A(real)=0.91 D_A(fake)=0.09 gnG=33.47 gnD=8.35 it_per_s=10.71
2026-10-02 07:12:16,646 INFO iter=224700 epoch=32 lr=8.07e-05 G=4.298 advA2B=0.713 advB2A=0.816 cycA=0.087 cycB=0.105 idtA=0.079 idtB=0.091 D_A=0.045 D_B=0.077 D_A(real)=0.91 D_A(fake)=0.09 gnG=33.48 gnD=8.35 it_per_s=10.71
2026-10-02 07:12:26,139 INFO iter=224800 epoch=32 lr=8.06e-05 G=4.297 advA2B=0.713 advB2A=0.815 cycA=0.087 cycB=0.105 idtA=0.079 idtB=0.091 D_A=0.045 D_B=0.077 D_A(real)=0.91 D_A(fake)=0.09 gnG=33.48 gnD=8.35 it_per_s=10.71
2026-10-02 07:12:35,376 INFO iter=224900 epoch=32 lr=8.05e-05 G=4.297 advA2B=0.713 advB2A=0.816 cycA=0.087 cycB=0.105 idtA=0.079 idtB=0.091 D_A=0.045 D_B=0.077 D_A(real)=0.91 D_A(fake)=0.09 gnG=33.49 gnD=8.35 it_per_s=10.71
2026-10-02 07:12:44,757 INFO iter=225000 epoch=32 lr=8.03e-05 G=4.296 advA2B=0.713 advB2A=0.816 cycA=0.087 cycB=0.105 idtA=0.079 idtB=0.091 D_A=0.045 D_B=0.077 D_A(real)=0.91 D_A(fake)=0.09 gnG=33.46 gnD=8.35 it_per_s=10.71
2026-10-02 07:12:54,165 INFO iter=225100 epoch=32 lr=8.02e-05 G=4.297 advA2B=0.713 advB2A=0.815 cycA=0.087 cycB=0.105 idtA=0.079 idtB=0.091 D_A=0.045 D_B=0.076 D_A(real)=0.91 D_A(fake)=0.09 gnG=33.40 gnD=8.34 it_per_s=10.71
2026-10-02 07:13:03,555 INFO iter=225200 epoch=32 lr=8.00e-05 G=4.297 advA2B=0.713 advB2A=0.816 cycA=0.087 cycB=0.105 idtA=0.079 idtB=0.091 D_A=0.045 D_B=0.076 D_A(real)=0.91 D_A(fake)=0.09 gnG=33.44 gnD=8.35 it_per_s=10.70
2026-10-02 07:13:05,045 INFO epoch=32 done time_s=657 it_per_s=10.70 G=4.297 cycA=0.087 cycB=0.105 idtA=0.079 idtB=0.091 D_A=0.045 D_B=0.076 D_A(real)=0.91 D_A(fake)=0.09 nan_count=0
2026-10-02 07:13:05,046 WARNING epoch=32 D_A (Monet) loss 0.0448 is near 0: possible discriminator overfitting
2026-10-02 07:13:13,561 INFO iter=225300 epoch=33 lr=7.99e-05 G=4.462 advA2B=0.735 advB2A=0.806 cycA=0.092 cycB=0.110 idtA=0.081 idtB=0.099 D_A=0.044 D_B=0.074 D_A(real)=0.91 D_A(fake)=0.09 gnG=32.29 gnD=8.57 it_per_s=10.55
2026-10-02 07:13:23,093 INFO iter=225400 epoch=33 lr=7.97e-05 G=4.408 advA2B=0.731 advB2A=0.828 cycA=0.091 cycB=0.106 idtA=0.082 idtB=0.093 D_A=0.045 D_B=0.076 D_A(real)=0.91 D_A(fake)=0.08 gnG=32.22 gnD=8.43 it_per_s=10.52
2026-10-02 07:13:32,498 INFO iter=225500 epoch=33 lr=7.96e-05 G=4.386 advA2B=0.726 advB2A=0.819 cycA=0.090 cycB=0.106 idtA=0.082 idtB=0.094 D_A=0.042 D_B=0.076 D_A(real)=0.92 D_A(fake)=0.08 gnG=31.86 gnD=8.34 it_per_s=10.56
2026-10-02 07:13:41,913 INFO iter=225600 epoch=33 lr=7.95e-05 G=4.362 advA2B=0.724 advB2A=0.821 cycA=0.089 cycB=0.106 idtA=0.081 idtB=0.093 D_A=0.043 D_B=0.075 D_A(real)=0.91 D_A(fake)=0.09 gnG=32.00 gnD=8.34 it_per_s=10.57
2026-10-02 07:13:51,298 INFO iter=225700 epoch=33 lr=7.93e-05 G=4.364 advA2B=0.727 advB2A=0.816 cycA=0.089 cycB=0.106 idtA=0.081 idtB=0.093 D_A=0.043 D_B=0.075 D_A(real)=0.92 D_A(fake)=0.08 gnG=31.82 gnD=8.34 it_per_s=10.59
2026-10-02 07:14:00,702 INFO iter=225800 epoch=33 lr=7.92e-05 G=4.356 advA2B=0.724 advB2A=0.820 cycA=0.089 cycB=0.106 idtA=0.081 idtB=0.093 D_A=0.043 D_B=0.076 D_A(real)=0.92 D_A(fake)=0.08 gnG=32.38 gnD=8.37 it_per_s=10.60
2026-10-02 07:14:10,069 INFO iter=225900 epoch=33 lr=7.90e-05 G=4.347 advA2B=0.719 advB2A=0.816 cycA=0.089 cycB=0.106 idtA=0.081 idtB=0.093 D_A=0.043 D_B=0.077 D_A(real)=0.91 D_A(fake)=0.09 gnG=32.34 gnD=8.43 it_per_s=10.61
2026-10-02 07:14:19,466 INFO iter=226000 epoch=33 lr=7.89e-05 G=4.341 advA2B=0.720 advB2A=0.818 cycA=0.088 cycB=0.105 idtA=0.080 idtB=0.092 D_A=0.043 D_B=0.076 D_A(real)=0.91 D_A(fake)=0.09 gnG=32.37 gnD=8.41 it_per_s=10.61
2026-10-02 07:14:28,938 INFO iter=226100 epoch=33 lr=7.87e-05 G=4.329 advA2B=0.719 advB2A=0.821 cycA=0.088 cycB=0.105 idtA=0.080 idtB=0.092 D_A=0.043 D_B=0.076 D_A(real)=0.92 D_A(fake)=0.09 gnG=32.31 gnD=8.37 it_per_s=10.61
2026-10-02 07:14:38,352 INFO iter=226200 epoch=33 lr=7.86e-05 G=4.308 advA2B=0.723 advB2A=0.822 cycA=0.088 cycB=0.104 idtA=0.079 idtB=0.091 D_A=0.043 D_B=0.075 D_A(real)=0.92 D_A(fake)=0.08 gnG=32.65 gnD=8.30 it_per_s=10.61
2026-10-02 07:14:47,781 INFO iter=226300 epoch=33 lr=7.85e-05 G=4.307 advA2B=0.722 advB2A=0.823 cycA=0.088 cycB=0.104 idtA=0.079 idtB=0.091 D_A=0.043 D_B=0.075 D_A(real)=0.92 D_A(fake)=0.08 gnG=33.41 gnD=8.28 it_per_s=10.61
2026-10-02 07:14:57,193 INFO iter=226400 epoch=33 lr=7.83e-05 G=4.315 advA2B=0.721 advB2A=0.828 cycA=0.088 cycB=0.104 idtA=0.080 idtB=0.091 D_A=0.043 D_B=0.075 D_A(real)=0.92 D_A(fake)=0.08 gnG=33.54 gnD=8.23 it_per_s=10.61
2026-10-02 07:15:06,612 INFO iter=226500 epoch=33 lr=7.82e-05 G=4.308 advA2B=0.721 advB2A=0.829 cycA=0.088 cycB=0.103 idtA=0.079 idtB=0.090 D_A=0.042 D_B=0.075 D_A(real)=0.92 D_A(fake)=0.08 gnG=33.61 gnD=8.23 it_per_s=10.61
2026-10-02 07:15:16,028 INFO iter=226600 epoch=33 lr=7.80e-05 G=4.326 advA2B=0.723 advB2A=0.830 cycA=0.088 cycB=0.104 idtA=0.080 idtB=0.091 D_A=0.042 D_B=0.075 D_A(real)=0.92 D_A(fake)=0.08 gnG=33.56 gnD=8.18 it_per_s=10.61
2026-10-02 07:15:25,461 INFO iter=226700 epoch=33 lr=7.79e-05 G=4.330 advA2B=0.724 advB2A=0.834 cycA=0.088 cycB=0.104 idtA=0.079 idtB=0.091 D_A=0.042 D_B=0.075 D_A(real)=0.92 D_A(fake)=0.08 gnG=33.71 gnD=8.20 it_per_s=10.61
2026-10-02 07:15:34,839 INFO iter=226800 epoch=33 lr=7.78e-05 G=4.328 advA2B=0.723 advB2A=0.835 cycA=0.088 cycB=0.104 idtA=0.079 idtB=0.091 D_A=0.042 D_B=0.075 D_A(real)=0.92 D_A(fake)=0.08 gnG=33.72 gnD=8.20 it_per_s=10.61
2026-10-02 07:15:44,031 INFO iter=226900 epoch=33 lr=7.76e-05 G=4.325 advA2B=0.724 advB2A=0.833 cycA=0.087 cycB=0.104 idtA=0.079 idtB=0.091 D_A=0.042 D_B=0.075 D_A(real)=0.92 D_A(fake)=0.08 gnG=33.62 gnD=8.22 it_per_s=10.63
2026-10-02 07:15:53,434 INFO iter=227000 epoch=33 lr=7.75e-05 G=4.323 advA2B=0.724 advB2A=0.836 cycA=0.087 cycB=0.104 idtA=0.079 idtB=0.091 D_A=0.042 D_B=0.075 D_A(real)=0.92 D_A(fake)=0.08 gnG=33.68 gnD=8.24 it_per_s=10.63
2026-10-02 07:16:02,824 INFO iter=227100 epoch=33 lr=7.73e-05 G=4.324 advA2B=0.723 advB2A=0.833 cycA=0.087 cycB=0.104 idtA=0.079 idtB=0.091 D_A=0.042 D_B=0.075 D_A(real)=0.92 D_A(fake)=0.08 gnG=33.79 gnD=8.25 it_per_s=10.63
2026-10-02 07:16:11,864 INFO iter=227200 epoch=33 lr=7.72e-05 G=4.319 advA2B=0.723 advB2A=0.833 cycA=0.087 cycB=0.104 idtA=0.079 idtB=0.091 D_A=0.042 D_B=0.075 D_A(real)=0.92 D_A(fake)=0.08 gnG=33.87 gnD=8.24 it_per_s=10.65
2026-10-02 07:16:21,263 INFO iter=227300 epoch=33 lr=7.70e-05 G=4.313 advA2B=0.724 advB2A=0.831 cycA=0.087 cycB=0.104 idtA=0.079 idtB=0.090 D_A=0.042 D_B=0.075 D_A(real)=0.92 D_A(fake)=0.08 gnG=33.88 gnD=8.25 it_per_s=10.65
2026-10-02 07:16:30,677 INFO iter=227400 epoch=33 lr=7.69e-05 G=4.307 advA2B=0.723 advB2A=0.830 cycA=0.087 cycB=0.104 idtA=0.079 idtB=0.090 D_A=0.042 D_B=0.075 D_A(real)=0.92 D_A(fake)=0.08 gnG=33.97 gnD=8.26 it_per_s=10.65
2026-10-02 07:16:39,742 INFO iter=227500 epoch=33 lr=7.68e-05 G=4.307 advA2B=0.724 advB2A=0.830 cycA=0.087 cycB=0.104 idtA=0.079 idtB=0.090 D_A=0.042 D_B=0.075 D_A(real)=0.92 D_A(fake)=0.08 gnG=34.05 gnD=8.27 it_per_s=10.67
2026-10-02 07:16:49,018 INFO iter=227600 epoch=33 lr=7.66e-05 G=4.300 advA2B=0.724 advB2A=0.829 cycA=0.087 cycB=0.103 idtA=0.078 idtB=0.090 D_A=0.042 D_B=0.075 D_A(real)=0.92 D_A(fake)=0.08 gnG=34.01 gnD=8.29 it_per_s=10.67
2026-10-02 07:16:58,416 INFO iter=227700 epoch=33 lr=7.65e-05 G=4.306 advA2B=0.722 advB2A=0.830 cycA=0.087 cycB=0.104 idtA=0.079 idtB=0.090 D_A=0.042 D_B=0.075 D_A(real)=0.92 D_A(fake)=0.08 gnG=34.09 gnD=8.31 it_per_s=10.67
2026-10-02 07:17:07,868 INFO iter=227800 epoch=33 lr=7.63e-05 G=4.307 advA2B=0.723 advB2A=0.829 cycA=0.087 cycB=0.104 idtA=0.078 idtB=0.090 D_A=0.042 D_B=0.075 D_A(real)=0.92 D_A(fake)=0.08 gnG=34.07 gnD=8.33 it_per_s=10.67
2026-10-02 07:17:17,262 INFO iter=227900 epoch=33 lr=7.62e-05 G=4.308 advA2B=0.724 advB2A=0.829 cycA=0.087 cycB=0.104 idtA=0.078 idtB=0.090 D_A=0.042 D_B=0.075 D_A(real)=0.92 D_A(fake)=0.08 gnG=34.06 gnD=8.31 it_per_s=10.66
2026-10-02 07:17:26,642 INFO iter=228000 epoch=33 lr=7.60e-05 G=4.308 advA2B=0.723 advB2A=0.829 cycA=0.087 cycB=0.104 idtA=0.078 idtB=0.090 D_A=0.042 D_B=0.075 D_A(real)=0.92 D_A(fake)=0.08 gnG=34.09 gnD=8.29 it_per_s=10.66
2026-10-02 07:17:35,883 INFO iter=228100 epoch=33 lr=7.59e-05 G=4.306 advA2B=0.723 advB2A=0.828 cycA=0.087 cycB=0.104 idtA=0.078 idtB=0.090 D_A=0.042 D_B=0.075 D_A(real)=0.92 D_A(fake)=0.08 gnG=34.14 gnD=8.31 it_per_s=10.67
2026-10-02 07:17:44,920 INFO iter=228200 epoch=33 lr=7.58e-05 G=4.303 advA2B=0.723 advB2A=0.828 cycA=0.087 cycB=0.104 idtA=0.078 idtB=0.090 D_A=0.042 D_B=0.075 D_A(real)=0.92 D_A(fake)=0.08 gnG=34.15 gnD=8.33 it_per_s=10.68
2026-10-02 07:17:54,310 INFO iter=228300 epoch=33 lr=7.56e-05 G=4.303 advA2B=0.723 advB2A=0.827 cycA=0.087 cycB=0.104 idtA=0.078 idtB=0.090 D_A=0.042 D_B=0.075 D_A(real)=0.92 D_A(fake)=0.08 gnG=34.14 gnD=8.33 it_per_s=10.68
2026-10-02 07:18:03,647 INFO iter=228400 epoch=33 lr=7.55e-05 G=4.304 advA2B=0.723 advB2A=0.828 cycA=0.087 cycB=0.104 idtA=0.078 idtB=0.090 D_A=0.042 D_B=0.076 D_A(real)=0.92 D_A(fake)=0.08 gnG=34.14 gnD=8.34 it_per_s=10.68
2026-10-02 07:18:12,650 INFO iter=228500 epoch=33 lr=7.53e-05 G=4.305 advA2B=0.723 advB2A=0.829 cycA=0.087 cycB=0.104 idtA=0.078 idtB=0.090 D_A=0.042 D_B=0.075 D_A(real)=0.92 D_A(fake)=0.08 gnG=34.15 gnD=8.31 it_per_s=10.70
2026-10-02 07:18:22,102 INFO iter=228600 epoch=33 lr=7.52e-05 G=4.303 advA2B=0.722 advB2A=0.829 cycA=0.087 cycB=0.104 idtA=0.078 idtB=0.090 D_A=0.042 D_B=0.075 D_A(real)=0.92 D_A(fake)=0.08 gnG=34.15 gnD=8.31 it_per_s=10.69
2026-10-02 07:18:31,535 INFO iter=228700 epoch=33 lr=7.51e-05 G=4.301 advA2B=0.722 advB2A=0.828 cycA=0.087 cycB=0.104 idtA=0.078 idtB=0.090 D_A=0.042 D_B=0.075 D_A(real)=0.92 D_A(fake)=0.08 gnG=34.03 gnD=8.28 it_per_s=10.69
2026-10-02 07:18:40,949 INFO iter=228800 epoch=33 lr=7.49e-05 G=4.301 advA2B=0.722 advB2A=0.828 cycA=0.087 cycB=0.104 idtA=0.078 idtB=0.090 D_A=0.042 D_B=0.075 D_A(real)=0.92 D_A(fake)=0.08 gnG=33.99 gnD=8.28 it_per_s=10.69
2026-10-02 07:18:50,382 INFO iter=228900 epoch=33 lr=7.48e-05 G=4.298 advA2B=0.721 advB2A=0.828 cycA=0.087 cycB=0.104 idtA=0.078 idtB=0.090 D_A=0.042 D_B=0.075 D_A(real)=0.92 D_A(fake)=0.08 gnG=33.98 gnD=8.28 it_per_s=10.68
2026-10-02 07:18:59,774 INFO iter=229000 epoch=33 lr=7.46e-05 G=4.294 advA2B=0.721 advB2A=0.827 cycA=0.086 cycB=0.104 idtA=0.078 idtB=0.090 D_A=0.042 D_B=0.075 D_A(real)=0.92 D_A(fake)=0.08 gnG=33.96 gnD=8.30 it_per_s=10.68
2026-10-02 07:19:09,155 INFO iter=229100 epoch=33 lr=7.45e-05 G=4.292 advA2B=0.721 advB2A=0.827 cycA=0.086 cycB=0.104 idtA=0.078 idtB=0.090 D_A=0.042 D_B=0.075 D_A(real)=0.92 D_A(fake)=0.08 gnG=33.95 gnD=8.32 it_per_s=10.68
2026-10-02 07:19:18,525 INFO iter=229200 epoch=33 lr=7.43e-05 G=4.293 advA2B=0.721 advB2A=0.827 cycA=0.086 cycB=0.104 idtA=0.078 idtB=0.090 D_A=0.042 D_B=0.075 D_A(real)=0.92 D_A(fake)=0.08 gnG=33.96 gnD=8.33 it_per_s=10.68
2026-10-02 07:19:27,949 INFO iter=229300 epoch=33 lr=7.42e-05 G=4.292 advA2B=0.721 advB2A=0.827 cycA=0.086 cycB=0.104 idtA=0.078 idtB=0.090 D_A=0.042 D_B=0.075 D_A(real)=0.92 D_A(fake)=0.08 gnG=34.00 gnD=8.35 it_per_s=10.68
2026-10-02 07:19:37,282 INFO iter=229400 epoch=33 lr=7.41e-05 G=4.289 advA2B=0.721 advB2A=0.827 cycA=0.086 cycB=0.104 idtA=0.078 idtB=0.090 D_A=0.042 D_B=0.075 D_A(real)=0.92 D_A(fake)=0.08 gnG=34.01 gnD=8.34 it_per_s=10.68
2026-10-02 07:19:46,399 INFO iter=229500 epoch=33 lr=7.39e-05 G=4.290 advA2B=0.721 advB2A=0.827 cycA=0.086 cycB=0.104 idtA=0.078 idtB=0.090 D_A=0.042 D_B=0.075 D_A(real)=0.92 D_A(fake)=0.08 gnG=33.99 gnD=8.34 it_per_s=10.69
2026-10-02 07:19:55,801 INFO iter=229600 epoch=33 lr=7.38e-05 G=4.289 advA2B=0.721 advB2A=0.827 cycA=0.086 cycB=0.104 idtA=0.078 idtB=0.090 D_A=0.042 D_B=0.075 D_A(real)=0.92 D_A(fake)=0.08 gnG=33.98 gnD=8.34 it_per_s=10.69
2026-10-02 07:20:05,178 INFO iter=229700 epoch=33 lr=7.36e-05 G=4.289 advA2B=0.720 advB2A=0.827 cycA=0.086 cycB=0.104 idtA=0.078 idtB=0.090 D_A=0.042 D_B=0.075 D_A(real)=0.92 D_A(fake)=0.08 gnG=33.96 gnD=8.34 it_per_s=10.69
2026-10-02 07:20:14,279 INFO iter=229800 epoch=33 lr=7.35e-05 G=4.288 advA2B=0.720 advB2A=0.826 cycA=0.086 cycB=0.104 idtA=0.078 idtB=0.090 D_A=0.042 D_B=0.076 D_A(real)=0.92 D_A(fake)=0.08 gnG=33.96 gnD=8.35 it_per_s=10.69
2026-10-02 07:20:23,808 INFO iter=229900 epoch=33 lr=7.33e-05 G=4.286 advA2B=0.721 advB2A=0.826 cycA=0.086 cycB=0.104 idtA=0.078 idtB=0.090 D_A=0.042 D_B=0.075 D_A(real)=0.92 D_A(fake)=0.08 gnG=33.92 gnD=8.33 it_per_s=10.69
2026-10-02 07:20:33,256 INFO iter=230000 epoch=33 lr=7.32e-05 G=4.283 advA2B=0.721 advB2A=0.825 cycA=0.086 cycB=0.104 idtA=0.077 idtB=0.090 D_A=0.042 D_B=0.075 D_A(real)=0.92 D_A(fake)=0.08 gnG=33.91 gnD=8.35 it_per_s=10.69
2026-10-02 07:20:42,340 INFO iter=230100 epoch=33 lr=7.31e-05 G=4.281 advA2B=0.721 advB2A=0.825 cycA=0.086 cycB=0.104 idtA=0.077 idtB=0.090 D_A=0.042 D_B=0.075 D_A(real)=0.92 D_A(fake)=0.08 gnG=33.88 gnD=8.34 it_per_s=10.69
2026-10-02 07:20:51,689 INFO iter=230200 epoch=33 lr=7.29e-05 G=4.282 advA2B=0.721 advB2A=0.825 cycA=0.086 cycB=0.104 idtA=0.077 idtB=0.090 D_A=0.042 D_B=0.075 D_A(real)=0.92 D_A(fake)=0.08 gnG=33.86 gnD=8.34 it_per_s=10.69
2026-10-02 07:21:01,180 INFO iter=230300 epoch=33 lr=7.28e-05 G=4.280 advA2B=0.721 advB2A=0.825 cycA=0.086 cycB=0.104 idtA=0.077 idtB=0.090 D_A=0.042 D_B=0.075 D_A(real)=0.92 D_A(fake)=0.08 gnG=33.85 gnD=8.35 it_per_s=10.69
2026-10-02 07:21:10,661 INFO iter=230400 epoch=33 lr=7.26e-05 G=4.282 advA2B=0.721 advB2A=0.825 cycA=0.086 cycB=0.104 idtA=0.077 idtB=0.090 D_A=0.042 D_B=0.075 D_A(real)=0.92 D_A(fake)=0.08 gnG=33.89 gnD=8.35 it_per_s=10.69
2026-10-02 07:21:20,208 INFO iter=230500 epoch=33 lr=7.25e-05 G=4.281 advA2B=0.720 advB2A=0.826 cycA=0.086 cycB=0.104 idtA=0.077 idtB=0.090 D_A=0.042 D_B=0.075 D_A(real)=0.92 D_A(fake)=0.08 gnG=33.82 gnD=8.34 it_per_s=10.68
2026-10-02 07:21:29,671 INFO iter=230600 epoch=33 lr=7.24e-05 G=4.281 advA2B=0.721 advB2A=0.826 cycA=0.086 cycB=0.104 idtA=0.077 idtB=0.090 D_A=0.042 D_B=0.075 D_A(real)=0.92 D_A(fake)=0.08 gnG=33.80 gnD=8.34 it_per_s=10.68
2026-10-02 07:21:39,129 INFO iter=230700 epoch=33 lr=7.22e-05 G=4.279 advA2B=0.721 advB2A=0.827 cycA=0.086 cycB=0.104 idtA=0.077 idtB=0.090 D_A=0.042 D_B=0.075 D_A(real)=0.92 D_A(fake)=0.08 gnG=33.82 gnD=8.35 it_per_s=10.68
2026-10-02 07:21:48,560 INFO iter=230800 epoch=33 lr=7.21e-05 G=4.278 advA2B=0.720 advB2A=0.826 cycA=0.086 cycB=0.104 idtA=0.077 idtB=0.090 D_A=0.042 D_B=0.075 D_A(real)=0.92 D_A(fake)=0.08 gnG=33.83 gnD=8.35 it_per_s=10.68
2026-10-02 07:21:58,054 INFO iter=230900 epoch=33 lr=7.19e-05 G=4.277 advA2B=0.721 advB2A=0.825 cycA=0.086 cycB=0.104 idtA=0.077 idtB=0.090 D_A=0.042 D_B=0.075 D_A(real)=0.92 D_A(fake)=0.08 gnG=33.79 gnD=8.34 it_per_s=10.67
2026-10-02 07:22:07,498 INFO iter=231000 epoch=33 lr=7.18e-05 G=4.278 advA2B=0.721 advB2A=0.826 cycA=0.086 cycB=0.104 idtA=0.077 idtB=0.090 D_A=0.042 D_B=0.075 D_A(real)=0.92 D_A(fake)=0.08 gnG=33.79 gnD=8.34 it_per_s=10.67
2026-10-02 07:22:16,927 INFO iter=231100 epoch=33 lr=7.16e-05 G=4.278 advA2B=0.720 advB2A=0.826 cycA=0.086 cycB=0.104 idtA=0.077 idtB=0.090 D_A=0.042 D_B=0.076 D_A(real)=0.92 D_A(fake)=0.08 gnG=33.78 gnD=8.35 it_per_s=10.67
2026-10-02 07:22:26,373 INFO iter=231200 epoch=33 lr=7.15e-05 G=4.279 advA2B=0.720 advB2A=0.825 cycA=0.086 cycB=0.104 idtA=0.077 idtB=0.090 D_A=0.042 D_B=0.076 D_A(real)=0.92 D_A(fake)=0.08 gnG=33.77 gnD=8.36 it_per_s=10.67
2026-10-02 07:22:35,785 INFO iter=231300 epoch=33 lr=7.14e-05 G=4.277 advA2B=0.720 advB2A=0.826 cycA=0.086 cycB=0.104 idtA=0.077 idtB=0.090 D_A=0.042 D_B=0.076 D_A(real)=0.92 D_A(fake)=0.08 gnG=33.73 gnD=8.36 it_per_s=10.67
2026-10-02 07:22:45,200 INFO iter=231400 epoch=33 lr=7.12e-05 G=4.276 advA2B=0.720 advB2A=0.826 cycA=0.086 cycB=0.104 idtA=0.077 idtB=0.090 D_A=0.042 D_B=0.076 D_A(real)=0.92 D_A(fake)=0.08 gnG=33.81 gnD=8.36 it_per_s=10.67
2026-10-02 07:22:54,699 INFO iter=231500 epoch=33 lr=7.11e-05 G=4.279 advA2B=0.721 advB2A=0.826 cycA=0.086 cycB=0.104 idtA=0.077 idtB=0.090 D_A=0.042 D_B=0.075 D_A(real)=0.92 D_A(fake)=0.08 gnG=33.82 gnD=8.35 it_per_s=10.67
2026-10-02 07:23:04,147 INFO iter=231600 epoch=33 lr=7.09e-05 G=4.279 advA2B=0.721 advB2A=0.826 cycA=0.086 cycB=0.104 idtA=0.077 idtB=0.090 D_A=0.042 D_B=0.075 D_A(real)=0.92 D_A(fake)=0.08 gnG=33.77 gnD=8.35 it_per_s=10.67
2026-10-02 07:23:13,581 INFO iter=231700 epoch=33 lr=7.08e-05 G=4.279 advA2B=0.721 advB2A=0.825 cycA=0.086 cycB=0.104 idtA=0.077 idtB=0.090 D_A=0.042 D_B=0.075 D_A(real)=0.92 D_A(fake)=0.08 gnG=33.75 gnD=8.35 it_per_s=10.66
2026-10-02 07:23:23,015 INFO iter=231800 epoch=33 lr=7.06e-05 G=4.276 advA2B=0.721 advB2A=0.825 cycA=0.086 cycB=0.104 idtA=0.077 idtB=0.090 D_A=0.043 D_B=0.075 D_A(real)=0.92 D_A(fake)=0.08 gnG=33.72 gnD=8.35 it_per_s=10.66
2026-10-02 07:23:32,457 INFO iter=231900 epoch=33 lr=7.05e-05 G=4.276 advA2B=0.722 advB2A=0.824 cycA=0.086 cycB=0.104 idtA=0.077 idtB=0.090 D_A=0.043 D_B=0.075 D_A(real)=0.92 D_A(fake)=0.08 gnG=33.75 gnD=8.35 it_per_s=10.66
2026-10-02 07:23:41,918 INFO iter=232000 epoch=33 lr=7.04e-05 G=4.274 advA2B=0.722 advB2A=0.824 cycA=0.086 cycB=0.104 idtA=0.077 idtB=0.090 D_A=0.043 D_B=0.075 D_A(real)=0.92 D_A(fake)=0.08 gnG=33.74 gnD=8.34 it_per_s=10.66
2026-10-02 07:23:51,397 INFO iter=232100 epoch=33 lr=7.02e-05 G=4.274 advA2B=0.722 advB2A=0.825 cycA=0.086 cycB=0.104 idtA=0.077 idtB=0.090 D_A=0.042 D_B=0.075 D_A(real)=0.92 D_A(fake)=0.08 gnG=33.71 gnD=8.34 it_per_s=10.66
2026-10-02 07:24:00,860 INFO iter=232200 epoch=33 lr=7.01e-05 G=4.273 advA2B=0.722 advB2A=0.825 cycA=0.086 cycB=0.104 idtA=0.077 idtB=0.090 D_A=0.042 D_B=0.075 D_A(real)=0.92 D_A(fake)=0.08 gnG=33.72 gnD=8.34 it_per_s=10.66
2026-10-02 07:24:05,902 INFO epoch=33 done time_s=660 it_per_s=10.66 G=4.273 cycA=0.086 cycB=0.104 idtA=0.077 idtB=0.090 D_A=0.042 D_B=0.075 D_A(real)=0.92 D_A(fake)=0.08 nan_count=0
2026-10-02 07:24:05,903 WARNING epoch=33 D_A (Monet) loss 0.0423 is near 0: possible discriminator overfitting
2026-10-02 07:24:10,823 INFO iter=232300 epoch=34 lr=6.99e-05 G=4.366 advA2B=0.736 advB2A=0.834 cycA=0.081 cycB=0.112 idtA=0.074 idtB=0.097 D_A=0.044 D_B=0.069 D_A(real)=0.91 D_A(fake)=0.09 gnG=34.73 gnD=8.17 it_per_s=10.57
2026-10-02 07:24:20,305 INFO iter=232400 epoch=34 lr=6.98e-05 G=4.270 advA2B=0.722 advB2A=0.832 cycA=0.085 cycB=0.104 idtA=0.074 idtB=0.092 D_A=0.043 D_B=0.077 D_A(real)=0.92 D_A(fake)=0.08 gnG=34.01 gnD=8.75 it_per_s=10.55
2026-10-02 07:24:29,736 INFO iter=232500 epoch=34 lr=6.97e-05 G=4.290 advA2B=0.716 advB2A=0.845 cycA=0.085 cycB=0.105 idtA=0.075 idtB=0.091 D_A=0.043 D_B=0.077 D_A(real)=0.92 D_A(fake)=0.08 gnG=34.14 gnD=8.65 it_per_s=10.57
2026-10-02 07:24:39,124 INFO iter=232600 epoch=34 lr=6.95e-05 G=4.255 advA2B=0.717 advB2A=0.838 cycA=0.085 cycB=0.102 idtA=0.076 idtB=0.089 D_A=0.044 D_B=0.077 D_A(real)=0.92 D_A(fake)=0.08 gnG=33.85 gnD=8.63 it_per_s=10.60
2026-10-02 07:24:48,557 INFO iter=232700 epoch=34 lr=6.94e-05 G=4.239 advA2B=0.716 advB2A=0.835 cycA=0.085 cycB=0.102 idtA=0.076 idtB=0.089 D_A=0.043 D_B=0.075 D_A(real)=0.92 D_A(fake)=0.08 gnG=33.81 gnD=8.51 it_per_s=10.60
2026-10-02 07:24:58,011 INFO iter=232800 epoch=34 lr=6.92e-05 G=4.242 advA2B=0.720 advB2A=0.829 cycA=0.085 cycB=0.102 idtA=0.076 idtB=0.089 D_A=0.042 D_B=0.076 D_A(real)=0.92 D_A(fake)=0.08 gnG=33.60 gnD=8.46 it_per_s=10.59
2026-10-02 07:25:07,447 INFO iter=232900 epoch=34 lr=6.91e-05 G=4.235 advA2B=0.720 advB2A=0.830 cycA=0.085 cycB=0.101 idtA=0.076 idtB=0.088 D_A=0.042 D_B=0.076 D_A(real)=0.92 D_A(fake)=0.08 gnG=33.43 gnD=8.41 it_per_s=10.59
2026-10-02 07:25:16,882 INFO iter=233000 epoch=34 lr=6.89e-05 G=4.237 advA2B=0.718 advB2A=0.832 cycA=0.085 cycB=0.102 idtA=0.076 idtB=0.089 D_A=0.042 D_B=0.076 D_A(real)=0.92 D_A(fake)=0.08 gnG=33.64 gnD=8.45 it_per_s=10.59
2026-10-02 07:25:26,334 INFO iter=233100 epoch=34 lr=6.88e-05 G=4.242 advA2B=0.717 advB2A=0.831 cycA=0.085 cycB=0.102 idtA=0.075 idtB=0.090 D_A=0.042 D_B=0.076 D_A(real)=0.92 D_A(fake)=0.08 gnG=34.10 gnD=8.44 it_per_s=10.59
2026-10-02 07:25:35,744 INFO iter=233200 epoch=34 lr=6.87e-05 G=4.234 advA2B=0.715 advB2A=0.829 cycA=0.085 cycB=0.101 idtA=0.076 idtB=0.089 D_A=0.042 D_B=0.076 D_A(real)=0.92 D_A(fake)=0.08 gnG=34.24 gnD=8.37 it_per_s=10.60
2026-10-02 07:25:45,180 INFO iter=233300 epoch=34 lr=6.85e-05 G=4.239 advA2B=0.718 advB2A=0.829 cycA=0.085 cycB=0.102 idtA=0.076 idtB=0.089 D_A=0.042 D_B=0.075 D_A(real)=0.92 D_A(fake)=0.08 gnG=34.31 gnD=8.36 it_per_s=10.60
2026-10-02 07:25:54,644 INFO iter=233400 epoch=34 lr=6.84e-05 G=4.256 advA2B=0.719 advB2A=0.830 cycA=0.086 cycB=0.102 idtA=0.076 idtB=0.089 D_A=0.042 D_B=0.075 D_A(real)=0.92 D_A(fake)=0.08 gnG=34.15 gnD=8.30 it_per_s=10.59
2026-10-02 07:26:04,077 INFO iter=233500 epoch=34 lr=6.82e-05 G=4.251 advA2B=0.719 advB2A=0.831 cycA=0.086 cycB=0.102 idtA=0.077 idtB=0.089 D_A=0.041 D_B=0.075 D_A(real)=0.92 D_A(fake)=0.08 gnG=34.39 gnD=8.29 it_per_s=10.59
2026-10-02 07:26:13,472 INFO iter=233600 epoch=34 lr=6.81e-05 G=4.267 advA2B=0.719 advB2A=0.832 cycA=0.086 cycB=0.103 idtA=0.077 idtB=0.090 D_A=0.041 D_B=0.075 D_A(real)=0.92 D_A(fake)=0.08 gnG=34.36 gnD=8.29 it_per_s=10.60
2026-10-02 07:26:22,889 INFO iter=233700 epoch=34 lr=6.79e-05 G=4.260 advA2B=0.717 advB2A=0.833 cycA=0.086 cycB=0.102 idtA=0.077 idtB=0.089 D_A=0.041 D_B=0.076 D_A(real)=0.92 D_A(fake)=0.08 gnG=34.22 gnD=8.32 it_per_s=10.60
2026-10-02 07:26:32,322 INFO iter=233800 epoch=34 lr=6.78e-05 G=4.266 advA2B=0.715 advB2A=0.834 cycA=0.086 cycB=0.103 idtA=0.077 idtB=0.089 D_A=0.041 D_B=0.076 D_A(real)=0.92 D_A(fake)=0.08 gnG=34.21 gnD=8.32 it_per_s=10.60
2026-10-02 07:26:41,809 INFO iter=233900 epoch=34 lr=6.77e-05 G=4.262 advA2B=0.715 advB2A=0.833 cycA=0.086 cycB=0.102 idtA=0.077 idtB=0.089 D_A=0.041 D_B=0.076 D_A(real)=0.92 D_A(fake)=0.08 gnG=34.29 gnD=8.34 it_per_s=10.60
2026-10-02 07:26:51,238 INFO iter=234000 epoch=34 lr=6.75e-05 G=4.260 advA2B=0.716 advB2A=0.832 cycA=0.086 cycB=0.102 idtA=0.077 idtB=0.089 D_A=0.041 D_B=0.076 D_A(real)=0.92 D_A(fake)=0.08 gnG=34.32 gnD=8.33 it_per_s=10.60
2026-10-02 07:27:00,669 INFO iter=234100 epoch=34 lr=6.74e-05 G=4.264 advA2B=0.717 advB2A=0.833 cycA=0.086 cycB=0.102 idtA=0.077 idtB=0.089 D_A=0.041 D_B=0.076 D_A(real)=0.92 D_A(fake)=0.08 gnG=34.47 gnD=8.34 it_per_s=10.60
2026-10-02 07:27:10,081 INFO iter=234200 epoch=34 lr=6.72e-05 G=4.268 advA2B=0.718 advB2A=0.832 cycA=0.086 cycB=0.102 idtA=0.077 idtB=0.089 D_A=0.041 D_B=0.075 D_A(real)=0.92 D_A(fake)=0.08 gnG=34.41 gnD=8.32 it_per_s=10.60
2026-10-02 07:27:19,483 INFO iter=234300 epoch=34 lr=6.71e-05 G=4.271 advA2B=0.720 advB2A=0.833 cycA=0.086 cycB=0.103 idtA=0.077 idtB=0.089 D_A=0.041 D_B=0.075 D_A(real)=0.92 D_A(fake)=0.08 gnG=34.35 gnD=8.29 it_per_s=10.60
2026-10-02 07:27:28,922 INFO iter=234400 epoch=34 lr=6.70e-05 G=4.269 advA2B=0.720 advB2A=0.832 cycA=0.086 cycB=0.103 idtA=0.077 idtB=0.089 D_A=0.041 D_B=0.075 D_A(real)=0.92 D_A(fake)=0.08 gnG=34.31 gnD=8.28 it_per_s=10.60
2026-10-02 07:27:38,327 INFO iter=234500 epoch=34 lr=6.68e-05 G=4.268 advA2B=0.720 advB2A=0.832 cycA=0.086 cycB=0.103 idtA=0.077 idtB=0.089 D_A=0.041 D_B=0.075 D_A(real)=0.92 D_A(fake)=0.08 gnG=34.33 gnD=8.29 it_per_s=10.60
2026-10-02 07:27:47,753 INFO iter=234600 epoch=34 lr=6.67e-05 G=4.267 advA2B=0.720 advB2A=0.831 cycA=0.086 cycB=0.103 idtA=0.077 idtB=0.089 D_A=0.041 D_B=0.074 D_A(real)=0.92 D_A(fake)=0.08 gnG=34.29 gnD=8.28 it_per_s=10.60
2026-10-02 07:27:57,164 INFO iter=234700 epoch=34 lr=6.65e-05 G=4.263 advA2B=0.720 advB2A=0.830 cycA=0.086 cycB=0.103 idtA=0.077 idtB=0.089 D_A=0.041 D_B=0.074 D_A(real)=0.92 D_A(fake)=0.08 gnG=34.32 gnD=8.27 it_per_s=10.60
2026-10-02 07:28:06,591 INFO iter=234800 epoch=34 lr=6.64e-05 G=4.266 advA2B=0.720 advB2A=0.831 cycA=0.086 cycB=0.103 idtA=0.077 idtB=0.089 D_A=0.041 D_B=0.074 D_A(real)=0.92 D_A(fake)=0.08 gnG=34.21 gnD=8.26 it_per_s=10.60
2026-10-02 07:28:16,038 INFO iter=234900 epoch=34 lr=6.62e-05 G=4.267 advA2B=0.720 advB2A=0.832 cycA=0.086 cycB=0.103 idtA=0.077 idtB=0.089 D_A=0.041 D_B=0.074 D_A(real)=0.92 D_A(fake)=0.08 gnG=34.18 gnD=8.24 it_per_s=10.60
2026-10-02 07:28:25,456 INFO iter=235000 epoch=34 lr=6.61e-05 G=4.263 advA2B=0.719 advB2A=0.832 cycA=0.086 cycB=0.102 idtA=0.077 idtB=0.089 D_A=0.041 D_B=0.074 D_A(real)=0.92 D_A(fake)=0.08 gnG=34.20 gnD=8.26 it_per_s=10.60
2026-10-02 07:28:34,862 INFO iter=235100 epoch=34 lr=6.60e-05 G=4.262 advA2B=0.720 advB2A=0.832 cycA=0.086 cycB=0.102 idtA=0.077 idtB=0.089 D_A=0.041 D_B=0.074 D_A(real)=0.92 D_A(fake)=0.08 gnG=34.30 gnD=8.27 it_per_s=10.60
2026-10-02 07:28:43,948 INFO iter=235200 epoch=34 lr=6.58e-05 G=4.262 advA2B=0.721 advB2A=0.832 cycA=0.086 cycB=0.102 idtA=0.077 idtB=0.089 D_A=0.041 D_B=0.074 D_A(real)=0.92 D_A(fake)=0.08 gnG=34.25 gnD=8.29 it_per_s=10.62
2026-10-02 07:28:53,422 INFO iter=235300 epoch=34 lr=6.57e-05 G=4.261 advA2B=0.721 advB2A=0.833 cycA=0.086 cycB=0.102 idtA=0.077 idtB=0.089 D_A=0.041 D_B=0.074 D_A(real)=0.92 D_A(fake)=0.08 gnG=34.19 gnD=8.29 it_per_s=10.61
2026-10-02 07:29:02,886 INFO iter=235400 epoch=34 lr=6.55e-05 G=4.259 advA2B=0.723 advB2A=0.831 cycA=0.086 cycB=0.102 idtA=0.077 idtB=0.089 D_A=0.041 D_B=0.074 D_A(real)=0.92 D_A(fake)=0.08 gnG=34.15 gnD=8.30 it_per_s=10.61
2026-10-02 07:29:11,971 INFO iter=235500 epoch=34 lr=6.54e-05 G=4.260 advA2B=0.723 advB2A=0.832 cycA=0.086 cycB=0.102 idtA=0.077 idtB=0.089 D_A=0.041 D_B=0.074 D_A(real)=0.92 D_A(fake)=0.08 gnG=34.07 gnD=8.29 it_per_s=10.63
2026-10-02 07:29:21,364 INFO iter=235600 epoch=34 lr=6.52e-05 G=4.259 advA2B=0.724 advB2A=0.833 cycA=0.086 cycB=0.102 idtA=0.077 idtB=0.088 D_A=0.041 D_B=0.074 D_A(real)=0.92 D_A(fake)=0.08 gnG=34.16 gnD=8.30 it_per_s=10.63
2026-10-02 07:29:30,785 INFO iter=235700 epoch=34 lr=6.51e-05 G=4.258 advA2B=0.723 advB2A=0.834 cycA=0.086 cycB=0.102 idtA=0.077 idtB=0.088 D_A=0.041 D_B=0.074 D_A(real)=0.92 D_A(fake)=0.08 gnG=34.13 gnD=8.28 it_per_s=10.63
2026-10-02 07:29:39,974 INFO iter=235800 epoch=34 lr=6.50e-05 G=4.257 advA2B=0.724 advB2A=0.834 cycA=0.086 cycB=0.102 idtA=0.077 idtB=0.088 D_A=0.041 D_B=0.074 D_A(real)=0.92 D_A(fake)=0.08 gnG=34.06 gnD=8.28 it_per_s=10.63
2026-10-02 07:29:49,250 INFO iter=235900 epoch=34 lr=6.48e-05 G=4.256 advA2B=0.723 advB2A=0.834 cycA=0.086 cycB=0.102 idtA=0.077 idtB=0.088 D_A=0.041 D_B=0.074 D_A(real)=0.92 D_A(fake)=0.08 gnG=34.00 gnD=8.29 it_per_s=10.64
2026-10-02 07:29:58,683 INFO iter=236000 epoch=34 lr=6.47e-05 G=4.255 advA2B=0.724 advB2A=0.834 cycA=0.086 cycB=0.102 idtA=0.077 idtB=0.088 D_A=0.041 D_B=0.074 D_A(real)=0.92 D_A(fake)=0.08 gnG=34.02 gnD=8.29 it_per_s=10.64
2026-10-02 07:30:07,878 INFO iter=236100 epoch=34 lr=6.45e-05 G=4.255 advA2B=0.724 advB2A=0.835 cycA=0.086 cycB=0.102 idtA=0.077 idtB=0.088 D_A=0.041 D_B=0.074 D_A(real)=0.92 D_A(fake)=0.08 gnG=34.10 gnD=8.29 it_per_s=10.64
2026-10-02 07:30:17,013 INFO iter=236200 epoch=34 lr=6.44e-05 G=4.254 advA2B=0.724 advB2A=0.835 cycA=0.086 cycB=0.101 idtA=0.077 idtB=0.088 D_A=0.041 D_B=0.074 D_A(real)=0.92 D_A(fake)=0.08 gnG=34.11 gnD=8.29 it_per_s=10.65
2026-10-02 07:30:26,447 INFO iter=236300 epoch=34 lr=6.43e-05 G=4.257 advA2B=0.724 advB2A=0.835 cycA=0.086 cycB=0.102 idtA=0.077 idtB=0.088 D_A=0.041 D_B=0.074 D_A(real)=0.92 D_A(fake)=0.08 gnG=34.20 gnD=8.28 it_per_s=10.65
2026-10-02 07:30:35,747 INFO iter=236400 epoch=34 lr=6.41e-05 G=4.258 advA2B=0.725 advB2A=0.836 cycA=0.086 cycB=0.102 idtA=0.077 idtB=0.088 D_A=0.041 D_B=0.074 D_A(real)=0.92 D_A(fake)=0.08 gnG=34.17 gnD=8.28 it_per_s=10.65
2026-10-02 07:30:44,870 INFO iter=236500 epoch=34 lr=6.40e-05 G=4.258 advA2B=0.725 advB2A=0.836 cycA=0.086 cycB=0.102 idtA=0.077 idtB=0.088 D_A=0.041 D_B=0.074 D_A(real)=0.92 D_A(fake)=0.08 gnG=34.08 gnD=8.28 it_per_s=10.66
2026-10-02 07:30:54,286 INFO iter=236600 epoch=34 lr=6.38e-05 G=4.255 advA2B=0.726 advB2A=0.835 cycA=0.086 cycB=0.101 idtA=0.077 idtB=0.088 D_A=0.041 D_B=0.073 D_A(real)=0.92 D_A(fake)=0.08 gnG=34.08 gnD=8.27 it_per_s=10.66
2026-10-02 07:31:03,674 INFO iter=236700 epoch=34 lr=6.37e-05 G=4.256 advA2B=0.727 advB2A=0.835 cycA=0.086 cycB=0.101 idtA=0.077 idtB=0.088 D_A=0.041 D_B=0.073 D_A(real)=0.92 D_A(fake)=0.08 gnG=34.16 gnD=8.27 it_per_s=10.66
2026-10-02 07:31:12,679 INFO iter=236800 epoch=34 lr=6.35e-05 G=4.258 advA2B=0.727 advB2A=0.835 cycA=0.086 cycB=0.101 idtA=0.077 idtB=0.088 D_A=0.041 D_B=0.073 D_A(real)=0.92 D_A(fake)=0.08 gnG=34.19 gnD=8.28 it_per_s=10.67
2026-10-02 07:31:22,013 INFO iter=236900 epoch=34 lr=6.34e-05 G=4.256 advA2B=0.727 advB2A=0.835 cycA=0.086 cycB=0.101 idtA=0.077 idtB=0.088 D_A=0.041 D_B=0.073 D_A(real)=0.92 D_A(fake)=0.08 gnG=34.19 gnD=8.29 it_per_s=10.67
2026-10-02 07:31:31,455 INFO iter=237000 epoch=34 lr=6.33e-05 G=4.258 advA2B=0.727 advB2A=0.836 cycA=0.086 cycB=0.101 idtA=0.077 idtB=0.088 D_A=0.041 D_B=0.073 D_A(real)=0.92 D_A(fake)=0.08 gnG=34.15 gnD=8.29 it_per_s=10.67
2026-10-02 07:31:40,544 INFO iter=237100 epoch=34 lr=6.31e-05 G=4.258 advA2B=0.727 advB2A=0.835 cycA=0.086 cycB=0.101 idtA=0.077 idtB=0.088 D_A=0.041 D_B=0.073 D_A(real)=0.92 D_A(fake)=0.08 gnG=34.15 gnD=8.29 it_per_s=10.67
2026-10-02 07:31:49,771 INFO iter=237200 epoch=34 lr=6.30e-05 G=4.258 advA2B=0.728 advB2A=0.834 cycA=0.086 cycB=0.101 idtA=0.077 idtB=0.088 D_A=0.041 D_B=0.073 D_A(real)=0.92 D_A(fake)=0.08 gnG=34.15 gnD=8.28 it_per_s=10.68
2026-10-02 07:31:59,182 INFO iter=237300 epoch=34 lr=6.28e-05 G=4.256 advA2B=0.727 advB2A=0.835 cycA=0.086 cycB=0.101 idtA=0.076 idtB=0.088 D_A=0.041 D_B=0.073 D_A(real)=0.92 D_A(fake)=0.08 gnG=34.15 gnD=8.28 it_per_s=10.67
2026-10-02 07:32:08,603 INFO iter=237400 epoch=34 lr=6.27e-05 G=4.255 advA2B=0.727 advB2A=0.835 cycA=0.086 cycB=0.101 idtA=0.076 idtB=0.088 D_A=0.041 D_B=0.073 D_A(real)=0.92 D_A(fake)=0.08 gnG=34.14 gnD=8.28 it_per_s=10.67
2026-10-02 07:32:17,730 INFO iter=237500 epoch=34 lr=6.25e-05 G=4.254 advA2B=0.727 advB2A=0.835 cycA=0.086 cycB=0.101 idtA=0.076 idtB=0.088 D_A=0.041 D_B=0.073 D_A(real)=0.92 D_A(fake)=0.08 gnG=34.13 gnD=8.28 it_per_s=10.68
2026-10-02 07:32:27,274 INFO iter=237600 epoch=34 lr=6.24e-05 G=4.255 advA2B=0.728 advB2A=0.835 cycA=0.086 cycB=0.101 idtA=0.076 idtB=0.088 D_A=0.041 D_B=0.073 D_A(real)=0.92 D_A(fake)=0.08 gnG=34.20 gnD=8.29 it_per_s=10.67
2026-10-02 07:32:36,673 INFO iter=237700 epoch=34 lr=6.23e-05 G=4.255 advA2B=0.728 advB2A=0.836 cycA=0.086 cycB=0.101 idtA=0.076 idtB=0.088 D_A=0.040 D_B=0.073 D_A(real)=0.92 D_A(fake)=0.08 gnG=34.23 gnD=8.29 it_per_s=10.67
2026-10-02 07:32:45,734 INFO iter=237800 epoch=34 lr=6.21e-05 G=4.258 advA2B=0.728 advB2A=0.836 cycA=0.086 cycB=0.102 idtA=0.076 idtB=0.088 D_A=0.040 D_B=0.073 D_A(real)=0.92 D_A(fake)=0.08 gnG=34.22 gnD=8.29 it_per_s=10.68
2026-10-02 07:32:55,191 INFO iter=237900 epoch=34 lr=6.20e-05 G=4.260 advA2B=0.728 advB2A=0.837 cycA=0.086 cycB=0.102 idtA=0.076 idtB=0.088 D_A=0.041 D_B=0.073 D_A(real)=0.92 D_A(fake)=0.08 gnG=34.25 gnD=8.29 it_per_s=10.68
2026-10-02 07:33:04,618 INFO iter=238000 epoch=34 lr=6.18e-05 G=4.261 advA2B=0.728 advB2A=0.836 cycA=0.086 cycB=0.102 idtA=0.076 idtB=0.088 D_A=0.040 D_B=0.073 D_A(real)=0.92 D_A(fake)=0.08 gnG=34.26 gnD=8.29 it_per_s=10.68
2026-10-02 07:33:14,042 INFO iter=238100 epoch=34 lr=6.17e-05 G=4.262 advA2B=0.728 advB2A=0.837 cycA=0.086 cycB=0.102 idtA=0.076 idtB=0.088 D_A=0.041 D_B=0.073 D_A(real)=0.92 D_A(fake)=0.08 gnG=34.23 gnD=8.29 it_per_s=10.68
2026-10-02 07:33:23,544 INFO iter=238200 epoch=34 lr=6.16e-05 G=4.261 advA2B=0.728 advB2A=0.836 cycA=0.086 cycB=0.102 idtA=0.076 idtB=0.088 D_A=0.041 D_B=0.073 D_A(real)=0.92 D_A(fake)=0.08 gnG=34.19 gnD=8.28 it_per_s=10.67
2026-10-02 07:33:32,977 INFO iter=238300 epoch=34 lr=6.14e-05 G=4.259 advA2B=0.729 advB2A=0.837 cycA=0.086 cycB=0.102 idtA=0.076 idtB=0.088 D_A=0.041 D_B=0.073 D_A(real)=0.92 D_A(fake)=0.08 gnG=34.20 gnD=8.28 it_per_s=10.67
2026-10-02 07:33:42,174 INFO iter=238400 epoch=34 lr=6.13e-05 G=4.258 advA2B=0.728 advB2A=0.837 cycA=0.086 cycB=0.102 idtA=0.076 idtB=0.088 D_A=0.041 D_B=0.073 D_A(real)=0.92 D_A(fake)=0.08 gnG=34.20 gnD=8.29 it_per_s=10.68
2026-10-02 07:33:51,448 INFO iter=238500 epoch=34 lr=6.11e-05 G=4.258 advA2B=0.728 advB2A=0.837 cycA=0.086 cycB=0.102 idtA=0.076 idtB=0.088 D_A=0.040 D_B=0.073 D_A(real)=0.92 D_A(fake)=0.08 gnG=34.21 gnD=8.29 it_per_s=10.68
2026-10-02 07:34:00,877 INFO iter=238600 epoch=34 lr=6.10e-05 G=4.261 advA2B=0.728 advB2A=0.837 cycA=0.086 cycB=0.102 idtA=0.076 idtB=0.088 D_A=0.040 D_B=0.073 D_A(real)=0.92 D_A(fake)=0.08 gnG=34.26 gnD=8.29 it_per_s=10.68
2026-10-02 07:34:10,364 INFO iter=238700 epoch=34 lr=6.08e-05 G=4.261 advA2B=0.728 advB2A=0.837 cycA=0.086 cycB=0.102 idtA=0.076 idtB=0.088 D_A=0.040 D_B=0.073 D_A(real)=0.92 D_A(fake)=0.08 gnG=34.26 gnD=8.29 it_per_s=10.67
2026-10-02 07:34:19,705 INFO iter=238800 epoch=34 lr=6.07e-05 G=4.261 advA2B=0.728 advB2A=0.838 cycA=0.086 cycB=0.102 idtA=0.076 idtB=0.088 D_A=0.040 D_B=0.073 D_A(real)=0.92 D_A(fake)=0.08 gnG=34.25 gnD=8.30 it_per_s=10.67
2026-10-02 07:34:29,239 INFO iter=238900 epoch=34 lr=6.06e-05 G=4.262 advA2B=0.729 advB2A=0.838 cycA=0.086 cycB=0.102 idtA=0.076 idtB=0.088 D_A=0.040 D_B=0.073 D_A(real)=0.92 D_A(fake)=0.08 gnG=34.30 gnD=8.31 it_per_s=10.67
2026-10-02 07:34:38,625 INFO iter=239000 epoch=34 lr=6.04e-05 G=4.262 advA2B=0.729 advB2A=0.838 cycA=0.086 cycB=0.102 idtA=0.076 idtB=0.088 D_A=0.040 D_B=0.073 D_A(real)=0.92 D_A(fake)=0.08 gnG=34.34 gnD=8.31 it_per_s=10.67
2026-10-02 07:34:47,703 INFO iter=239100 epoch=34 lr=6.03e-05 G=4.263 advA2B=0.729 advB2A=0.838 cycA=0.086 cycB=0.102 idtA=0.076 idtB=0.089 D_A=0.040 D_B=0.073 D_A(real)=0.92 D_A(fake)=0.08 gnG=34.31 gnD=8.31 it_per_s=10.68
2026-10-02 07:34:57,151 INFO iter=239200 epoch=34 lr=6.01e-05 G=4.264 advA2B=0.728 advB2A=0.838 cycA=0.086 cycB=0.102 idtA=0.076 idtB=0.089 D_A=0.041 D_B=0.073 D_A(real)=0.92 D_A(fake)=0.08 gnG=34.32 gnD=8.31 it_per_s=10.67
2026-10-02 07:35:05,782 INFO epoch=34 done time_s=659 it_per_s=10.67 G=4.264 cycA=0.086 cycB=0.102 idtA=0.076 idtB=0.089 D_A=0.041 D_B=0.073 D_A(real)=0.92 D_A(fake)=0.08 nan_count=0
2026-10-02 07:35:05,783 WARNING epoch=34 D_A (Monet) loss 0.0405 is near 0: possible discriminator overfitting
2026-10-02 07:35:07,056 INFO iter=239300 epoch=35 lr=6.00e-05 G=4.637 advA2B=0.892 advB2A=0.863 cycA=0.089 cycB=0.106 idtA=0.075 idtB=0.112 D_A=0.046 D_B=0.055 D_A(real)=0.91 D_A(fake)=0.11 gnG=33.07 gnD=6.73 it_per_s=10.71
2026-10-02 07:35:16,231 INFO iter=239400 epoch=35 lr=5.98e-05 G=4.131 advA2B=0.742 advB2A=0.848 cycA=0.081 cycB=0.093 idtA=0.073 idtB=0.086 D_A=0.040 D_B=0.072 D_A(real)=0.93 D_A(fake)=0.07 gnG=32.05 gnD=8.23 it_per_s=10.89
2026-10-02 07:35:25,703 INFO iter=239500 epoch=35 lr=5.97e-05 G=4.186 advA2B=0.736 advB2A=0.851 cycA=0.082 cycB=0.097 idtA=0.073 idtB=0.088 D_A=0.040 D_B=0.068 D_A(real)=0.92 D_A(fake)=0.08 gnG=32.11 gnD=7.89 it_per_s=10.73
2026-10-02 07:35:35,148 INFO iter=239600 epoch=35 lr=5.96e-05 G=4.173 advA2B=0.732 advB2A=0.834 cycA=0.084 cycB=0.096 idtA=0.075 idtB=0.086 D_A=0.041 D_B=0.070 D_A(real)=0.92 D_A(fake)=0.08 gnG=32.82 gnD=8.10 it_per_s=10.68
2026-10-02 07:35:44,576 INFO iter=239700 epoch=35 lr=5.94e-05 G=4.174 advA2B=0.733 advB2A=0.826 cycA=0.084 cycB=0.098 idtA=0.074 idtB=0.086 D_A=0.041 D_B=0.071 D_A(real)=0.92 D_A(fake)=0.08 gnG=34.01 gnD=8.25 it_per_s=10.66
2026-10-02 07:35:54,018 INFO iter=239800 epoch=35 lr=5.93e-05 G=4.203 advA2B=0.731 advB2A=0.830 cycA=0.084 cycB=0.100 idtA=0.074 idtB=0.087 D_A=0.042 D_B=0.072 D_A(real)=0.92 D_A(fake)=0.08 gnG=34.26 gnD=8.37 it_per_s=10.65
2026-10-02 07:36:03,460 INFO iter=239900 epoch=35 lr=5.91e-05 G=4.202 advA2B=0.730 advB2A=0.832 cycA=0.084 cycB=0.100 idtA=0.074 idtB=0.087 D_A=0.041 D_B=0.072 D_A(real)=0.91 D_A(fake)=0.09 gnG=34.59 gnD=8.31 it_per_s=10.64
2026-10-02 07:36:12,903 INFO iter=240000 epoch=35 lr=5.90e-05 G=4.204 advA2B=0.727 advB2A=0.831 cycA=0.083 cycB=0.101 idtA=0.074 idtB=0.088 D_A=0.042 D_B=0.072 D_A(real)=0.91 D_A(fake)=0.09 gnG=34.47 gnD=8.32 it_per_s=10.63
2026-10-02 07:36:22,331 INFO iter=240100 epoch=35 lr=5.89e-05 G=4.209 advA2B=0.732 advB2A=0.836 cycA=0.083 cycB=0.100 idtA=0.074 idtB=0.088 D_A=0.041 D_B=0.072 D_A(real)=0.92 D_A(fake)=0.08 gnG=34.60 gnD=8.33 it_per_s=10.63
2026-10-02 07:36:31,763 INFO iter=240200 epoch=35 lr=5.87e-05 G=4.213 advA2B=0.733 advB2A=0.839 cycA=0.083 cycB=0.100 idtA=0.074 idtB=0.088 D_A=0.041 D_B=0.072 D_A(real)=0.92 D_A(fake)=0.08 gnG=34.44 gnD=8.31 it_per_s=10.63
2026-10-02 07:36:41,164 INFO iter=240300 epoch=35 lr=5.86e-05 G=4.205 advA2B=0.732 advB2A=0.840 cycA=0.083 cycB=0.100 idtA=0.074 idtB=0.087 D_A=0.041 D_B=0.072 D_A(real)=0.92 D_A(fake)=0.08 gnG=34.40 gnD=8.37 it_per_s=10.63
2026-10-02 07:36:50,557 INFO iter=240400 epoch=35 lr=5.84e-05 G=4.209 advA2B=0.733 advB2A=0.838 cycA=0.083 cycB=0.100 idtA=0.074 idtB=0.087 D_A=0.041 D_B=0.073 D_A(real)=0.92 D_A(fake)=0.08 gnG=34.27 gnD=8.42 it_per_s=10.63
2026-10-02 07:36:59,997 INFO iter=240500 epoch=35 lr=5.83e-05 G=4.210 advA2B=0.730 advB2A=0.837 cycA=0.084 cycB=0.100 idtA=0.074 idtB=0.087 D_A=0.041 D_B=0.073 D_A(real)=0.92 D_A(fake)=0.08 gnG=34.13 gnD=8.39 it_per_s=10.63
2026-10-02 07:37:09,462 INFO iter=240600 epoch=35 lr=5.81e-05 G=4.206 advA2B=0.728 advB2A=0.839 cycA=0.084 cycB=0.100 idtA=0.075 idtB=0.087 D_A=0.041 D_B=0.073 D_A(real)=0.92 D_A(fake)=0.08 gnG=34.15 gnD=8.43 it_per_s=10.62
2026-10-02 07:37:18,845 INFO iter=240700 epoch=35 lr=5.80e-05 G=4.200 advA2B=0.727 advB2A=0.840 cycA=0.084 cycB=0.099 idtA=0.075 idtB=0.086 D_A=0.041 D_B=0.073 D_A(real)=0.92 D_A(fake)=0.08 gnG=34.19 gnD=8.43 it_per_s=10.62
2026-10-02 07:37:28,255 INFO iter=240800 epoch=35 lr=5.79e-05 G=4.195 advA2B=0.727 advB2A=0.839 cycA=0.084 cycB=0.099 idtA=0.074 idtB=0.086 D_A=0.041 D_B=0.073 D_A(real)=0.92 D_A(fake)=0.08 gnG=34.13 gnD=8.46 it_per_s=10.62
2026-10-02 07:37:37,652 INFO iter=240900 epoch=35 lr=5.77e-05 G=4.195 advA2B=0.727 advB2A=0.838 cycA=0.084 cycB=0.099 idtA=0.074 idtB=0.086 D_A=0.041 D_B=0.073 D_A(real)=0.92 D_A(fake)=0.08 gnG=34.23 gnD=8.45 it_per_s=10.62
2026-10-02 07:37:47,065 INFO iter=241000 epoch=35 lr=5.76e-05 G=4.194 advA2B=0.728 advB2A=0.836 cycA=0.084 cycB=0.099 idtA=0.074 idtB=0.086 D_A=0.041 D_B=0.073 D_A(real)=0.92 D_A(fake)=0.08 gnG=34.20 gnD=8.43 it_per_s=10.62
2026-10-02 07:37:56,543 INFO iter=241100 epoch=35 lr=5.74e-05 G=4.192 advA2B=0.728 advB2A=0.835 cycA=0.084 cycB=0.099 idtA=0.074 idtB=0.086 D_A=0.041 D_B=0.073 D_A(real)=0.92 D_A(fake)=0.08 gnG=34.21 gnD=8.45 it_per_s=10.62
2026-10-02 07:38:05,980 INFO iter=241200 epoch=35 lr=5.73e-05 G=4.192 advA2B=0.730 advB2A=0.836 cycA=0.084 cycB=0.099 idtA=0.074 idtB=0.086 D_A=0.041 D_B=0.073 D_A(real)=0.92 D_A(fake)=0.08 gnG=34.33 gnD=8.44 it_per_s=10.62
2026-10-02 07:38:15,049 INFO iter=241300 epoch=35 lr=5.71e-05 G=4.189 advA2B=0.728 advB2A=0.835 cycA=0.084 cycB=0.099 idtA=0.074 idtB=0.086 D_A=0.041 D_B=0.073 D_A(real)=0.92 D_A(fake)=0.08 gnG=34.29 gnD=8.45 it_per_s=10.64
2026-10-02 07:38:24,327 INFO iter=241400 epoch=35 lr=5.70e-05 G=4.193 advA2B=0.729 advB2A=0.836 cycA=0.084 cycB=0.099 idtA=0.074 idtB=0.086 D_A=0.041 D_B=0.073 D_A(real)=0.92 D_A(fake)=0.08 gnG=34.21 gnD=8.46 it_per_s=10.65
2026-10-02 07:38:33,773 INFO iter=241500 epoch=35 lr=5.69e-05 G=4.200 advA2B=0.730 advB2A=0.837 cycA=0.084 cycB=0.099 idtA=0.074 idtB=0.086 D_A=0.042 D_B=0.073 D_A(real)=0.92 D_A(fake)=0.08 gnG=34.17 gnD=8.46 it_per_s=10.64
2026-10-02 07:38:42,941 INFO iter=241600 epoch=35 lr=5.67e-05 G=4.199 advA2B=0.730 advB2A=0.836 cycA=0.084 cycB=0.099 idtA=0.074 idtB=0.087 D_A=0.042 D_B=0.073 D_A(real)=0.92 D_A(fake)=0.08 gnG=34.05 gnD=8.47 it_per_s=10.65
2026-10-02 07:38:52,084 INFO iter=241700 epoch=35 lr=5.66e-05 G=4.203 advA2B=0.729 advB2A=0.835 cycA=0.084 cycB=0.100 idtA=0.074 idtB=0.087 D_A=0.041 D_B=0.073 D_A(real)=0.92 D_A(fake)=0.08 gnG=34.06 gnD=8.46 it_per_s=10.67
2026-10-02 07:39:01,506 INFO iter=241800 epoch=35 lr=5.64e-05 G=4.201 advA2B=0.729 advB2A=0.834 cycA=0.084 cycB=0.100 idtA=0.074 idtB=0.087 D_A=0.041 D_B=0.073 D_A(real)=0.92 D_A(fake)=0.08 gnG=34.16 gnD=8.48 it_per_s=10.66
2026-10-02 07:39:10,945 INFO iter=241900 epoch=35 lr=5.63e-05 G=4.199 advA2B=0.729 advB2A=0.834 cycA=0.084 cycB=0.099 idtA=0.075 idtB=0.087 D_A=0.041 D_B=0.073 D_A(real)=0.92 D_A(fake)=0.08 gnG=34.16 gnD=8.46 it_per_s=10.66
2026-10-02 07:39:20,254 INFO iter=242000 epoch=35 lr=5.62e-05 G=4.202 advA2B=0.729 advB2A=0.834 cycA=0.084 cycB=0.100 idtA=0.075 idtB=0.087 D_A=0.041 D_B=0.073 D_A(real)=0.92 D_A(fake)=0.08 gnG=34.28 gnD=8.46 it_per_s=10.66
2026-10-02 07:39:29,728 INFO iter=242100 epoch=35 lr=5.60e-05 G=4.200 advA2B=0.728 advB2A=0.833 cycA=0.084 cycB=0.100 idtA=0.075 idtB=0.087 D_A=0.041 D_B=0.073 D_A(real)=0.92 D_A(fake)=0.08 gnG=34.23 gnD=8.45 it_per_s=10.66
2026-10-02 07:39:39,165 INFO iter=242200 epoch=35 lr=5.59e-05 G=4.197 advA2B=0.728 advB2A=0.834 cycA=0.084 cycB=0.099 idtA=0.074 idtB=0.087 D_A=0.041 D_B=0.073 D_A(real)=0.92 D_A(fake)=0.08 gnG=34.16 gnD=8.45 it_per_s=10.66
2026-10-02 07:39:48,203 INFO iter=242300 epoch=35 lr=5.57e-05 G=4.199 advA2B=0.728 advB2A=0.834 cycA=0.084 cycB=0.099 idtA=0.075 idtB=0.087 D_A=0.041 D_B=0.073 D_A(real)=0.92 D_A(fake)=0.08 gnG=34.15 gnD=8.46 it_per_s=10.67
2026-10-02 07:39:57,627 INFO iter=242400 epoch=35 lr=5.56e-05 G=4.202 advA2B=0.728 advB2A=0.834 cycA=0.084 cycB=0.099 idtA=0.075 idtB=0.087 D_A=0.041 D_B=0.073 D_A(real)=0.92 D_A(fake)=0.08 gnG=34.29 gnD=8.45 it_per_s=10.67
2026-10-02 07:40:07,029 INFO iter=242500 epoch=35 lr=5.54e-05 G=4.205 advA2B=0.728 advB2A=0.834 cycA=0.084 cycB=0.100 idtA=0.075 idtB=0.087 D_A=0.041 D_B=0.073 D_A(real)=0.92 D_A(fake)=0.08 gnG=34.26 gnD=8.45 it_per_s=10.67
2026-10-02 07:40:16,175 INFO iter=242600 epoch=35 lr=5.53e-05 G=4.204 advA2B=0.729 advB2A=0.834 cycA=0.084 cycB=0.099 idtA=0.075 idtB=0.087 D_A=0.041 D_B=0.073 D_A(real)=0.92 D_A(fake)=0.08 gnG=34.25 gnD=8.44 it_per_s=10.68
2026-10-02 07:40:25,544 INFO iter=242700 epoch=35 lr=5.52e-05 G=4.209 advA2B=0.731 advB2A=0.835 cycA=0.084 cycB=0.100 idtA=0.075 idtB=0.087 D_A=0.041 D_B=0.073 D_A(real)=0.92 D_A(fake)=0.08 gnG=34.39 gnD=8.42 it_per_s=10.68
2026-10-02 07:40:34,956 INFO iter=242800 epoch=35 lr=5.50e-05 G=4.208 advA2B=0.731 advB2A=0.835 cycA=0.084 cycB=0.100 idtA=0.075 idtB=0.087 D_A=0.041 D_B=0.073 D_A(real)=0.92 D_A(fake)=0.08 gnG=34.37 gnD=8.42 it_per_s=10.67
2026-10-02 07:40:44,118 INFO iter=242900 epoch=35 lr=5.49e-05 G=4.210 advA2B=0.732 advB2A=0.836 cycA=0.084 cycB=0.099 idtA=0.075 idtB=0.087 D_A=0.041 D_B=0.073 D_A(real)=0.92 D_A(fake)=0.08 gnG=34.43 gnD=8.41 it_per_s=10.68
2026-10-02 07:40:53,316 INFO iter=243000 epoch=35 lr=5.47e-05 G=4.211 advA2B=0.732 advB2A=0.837 cycA=0.084 cycB=0.099 idtA=0.075 idtB=0.087 D_A=0.041 D_B=0.073 D_A(real)=0.92 D_A(fake)=0.08 gnG=34.39 gnD=8.41 it_per_s=10.69
2026-10-02 07:41:02,725 INFO iter=243100 epoch=35 lr=5.46e-05 G=4.211 advA2B=0.734 advB2A=0.837 cycA=0.084 cycB=0.099 idtA=0.075 idtB=0.087 D_A=0.041 D_B=0.073 D_A(real)=0.92 D_A(fake)=0.08 gnG=34.33 gnD=8.41 it_per_s=10.68
2026-10-02 07:41:12,225 INFO iter=243200 epoch=35 lr=5.44e-05 G=4.213 advA2B=0.734 advB2A=0.837 cycA=0.084 cycB=0.099 idtA=0.075 idtB=0.087 D_A=0.041 D_B=0.072 D_A(real)=0.92 D_A(fake)=0.08 gnG=34.32 gnD=8.40 it_per_s=10.68
2026-10-02 07:41:21,460 INFO iter=243300 epoch=35 lr=5.43e-05 G=4.213 advA2B=0.735 advB2A=0.837 cycA=0.084 cycB=0.099 idtA=0.075 idtB=0.087 D_A=0.041 D_B=0.072 D_A(real)=0.92 D_A(fake)=0.08 gnG=34.38 gnD=8.40 it_per_s=10.68
2026-10-02 07:41:30,879 INFO iter=243400 epoch=35 lr=5.42e-05 G=4.218 advA2B=0.735 advB2A=0.838 cycA=0.084 cycB=0.099 idtA=0.075 idtB=0.087 D_A=0.040 D_B=0.072 D_A(real)=0.92 D_A(fake)=0.08 gnG=34.45 gnD=8.40 it_per_s=10.68
2026-10-02 07:41:40,219 INFO iter=243500 epoch=35 lr=5.40e-05 G=4.217 advA2B=0.735 advB2A=0.838 cycA=0.084 cycB=0.099 idtA=0.075 idtB=0.087 D_A=0.041 D_B=0.072 D_A(real)=0.92 D_A(fake)=0.08 gnG=34.42 gnD=8.39 it_per_s=10.68
2026-10-02 07:41:49,226 INFO iter=243600 epoch=35 lr=5.39e-05 G=4.215 advA2B=0.736 advB2A=0.838 cycA=0.084 cycB=0.099 idtA=0.075 idtB=0.087 D_A=0.040 D_B=0.072 D_A(real)=0.92 D_A(fake)=0.08 gnG=34.44 gnD=8.38 it_per_s=10.69
2026-10-02 07:41:58,681 INFO iter=243700 epoch=35 lr=5.37e-05 G=4.214 advA2B=0.735 advB2A=0.838 cycA=0.084 cycB=0.099 idtA=0.075 idtB=0.087 D_A=0.040 D_B=0.072 D_A(real)=0.92 D_A(fake)=0.08 gnG=34.42 gnD=8.39 it_per_s=10.69
2026-10-02 07:42:08,122 INFO iter=243800 epoch=35 lr=5.36e-05 G=4.214 advA2B=0.736 advB2A=0.838 cycA=0.084 cycB=0.099 idtA=0.075 idtB=0.087 D_A=0.040 D_B=0.072 D_A(real)=0.92 D_A(fake)=0.08 gnG=34.37 gnD=8.38 it_per_s=10.69
2026-10-02 07:42:17,374 INFO iter=243900 epoch=35 lr=5.35e-05 G=4.212 advA2B=0.736 advB2A=0.838 cycA=0.084 cycB=0.099 idtA=0.075 idtB=0.087 D_A=0.040 D_B=0.072 D_A(real)=0.92 D_A(fake)=0.08 gnG=34.33 gnD=8.38 it_per_s=10.69
2026-10-02 07:42:26,698 INFO iter=244000 epoch=35 lr=5.33e-05 G=4.214 advA2B=0.736 advB2A=0.838 cycA=0.084 cycB=0.099 idtA=0.075 idtB=0.087 D_A=0.040 D_B=0.072 D_A(real)=0.92 D_A(fake)=0.08 gnG=34.32 gnD=8.37 it_per_s=10.69
2026-10-02 07:42:36,133 INFO iter=244100 epoch=35 lr=5.32e-05 G=4.215 advA2B=0.737 advB2A=0.838 cycA=0.084 cycB=0.099 idtA=0.075 idtB=0.087 D_A=0.040 D_B=0.072 D_A(real)=0.92 D_A(fake)=0.08 gnG=34.30 gnD=8.37 it_per_s=10.69
2026-10-02 07:42:45,263 INFO iter=244200 epoch=35 lr=5.30e-05 G=4.214 advA2B=0.737 advB2A=0.838 cycA=0.084 cycB=0.099 idtA=0.075 idtB=0.087 D_A=0.040 D_B=0.072 D_A(real)=0.92 D_A(fake)=0.08 gnG=34.27 gnD=8.38 it_per_s=10.69
2026-10-02 07:42:54,499 INFO iter=244300 epoch=35 lr=5.29e-05 G=4.215 advA2B=0.737 advB2A=0.838 cycA=0.084 cycB=0.099 idtA=0.075 idtB=0.087 D_A=0.040 D_B=0.072 D_A(real)=0.92 D_A(fake)=0.08 gnG=34.27 gnD=8.38 it_per_s=10.70
2026-10-02 07:43:03,929 INFO iter=244400 epoch=35 lr=5.27e-05 G=4.217 advA2B=0.737 advB2A=0.838 cycA=0.084 cycB=0.099 idtA=0.075 idtB=0.087 D_A=0.040 D_B=0.072 D_A(real)=0.92 D_A(fake)=0.08 gnG=34.33 gnD=8.38 it_per_s=10.69
2026-10-02 07:43:13,365 INFO iter=244500 epoch=35 lr=5.26e-05 G=4.219 advA2B=0.738 advB2A=0.839 cycA=0.084 cycB=0.099 idtA=0.075 idtB=0.087 D_A=0.040 D_B=0.072 D_A(real)=0.92 D_A(fake)=0.08 gnG=34.44 gnD=8.38 it_per_s=10.69
2026-10-02 07:43:22,544 INFO iter=244600 epoch=35 lr=5.25e-05 G=4.224 advA2B=0.738 advB2A=0.839 cycA=0.084 cycB=0.100 idtA=0.075 idtB=0.087 D_A=0.040 D_B=0.072 D_A(real)=0.92 D_A(fake)=0.08 gnG=34.45 gnD=8.37 it_per_s=10.70
2026-10-02 07:43:31,995 INFO iter=244700 epoch=35 lr=5.23e-05 G=4.223 advA2B=0.737 advB2A=0.839 cycA=0.084 cycB=0.100 idtA=0.075 idtB=0.087 D_A=0.040 D_B=0.072 D_A(real)=0.92 D_A(fake)=0.08 gnG=34.43 gnD=8.37 it_per_s=10.69
2026-10-02 07:43:41,385 INFO iter=244800 epoch=35 lr=5.22e-05 G=4.225 advA2B=0.737 advB2A=0.840 cycA=0.084 cycB=0.100 idtA=0.075 idtB=0.087 D_A=0.040 D_B=0.072 D_A(real)=0.92 D_A(fake)=0.08 gnG=34.46 gnD=8.37 it_per_s=10.69
2026-10-02 07:43:50,415 INFO iter=244900 epoch=35 lr=5.20e-05 G=4.223 advA2B=0.737 advB2A=0.839 cycA=0.084 cycB=0.100 idtA=0.075 idtB=0.087 D_A=0.040 D_B=0.072 D_A(real)=0.92 D_A(fake)=0.08 gnG=34.47 gnD=8.37 it_per_s=10.70
2026-10-02 07:43:59,826 INFO iter=245000 epoch=35 lr=5.19e-05 G=4.224 advA2B=0.738 advB2A=0.839 cycA=0.084 cycB=0.100 idtA=0.075 idtB=0.087 D_A=0.040 D_B=0.072 D_A(real)=0.92 D_A(fake)=0.08 gnG=34.50 gnD=8.36 it_per_s=10.70
2026-10-02 07:44:09,246 INFO iter=245100 epoch=35 lr=5.17e-05 G=4.225 advA2B=0.738 advB2A=0.840 cycA=0.084 cycB=0.100 idtA=0.075 idtB=0.087 D_A=0.040 D_B=0.072 D_A(real)=0.92 D_A(fake)=0.08 gnG=34.49 gnD=8.35 it_per_s=10.70
2026-10-02 07:44:18,489 INFO iter=245200 epoch=35 lr=5.16e-05 G=4.225 advA2B=0.738 advB2A=0.841 cycA=0.084 cycB=0.099 idtA=0.075 idtB=0.087 D_A=0.040 D_B=0.072 D_A(real)=0.92 D_A(fake)=0.08 gnG=34.45 gnD=8.35 it_per_s=10.70
2026-10-02 07:44:27,851 INFO iter=245300 epoch=35 lr=5.15e-05 G=4.226 advA2B=0.737 advB2A=0.841 cycA=0.084 cycB=0.100 idtA=0.075 idtB=0.087 D_A=0.040 D_B=0.072 D_A(real)=0.92 D_A(fake)=0.08 gnG=34.40 gnD=8.35 it_per_s=10.70
2026-10-02 07:44:37,299 INFO iter=245400 epoch=35 lr=5.13e-05 G=4.226 advA2B=0.737 advB2A=0.841 cycA=0.084 cycB=0.100 idtA=0.075 idtB=0.087 D_A=0.040 D_B=0.072 D_A(real)=0.92 D_A(fake)=0.08 gnG=34.39 gnD=8.34 it_per_s=10.70
2026-10-02 07:44:46,578 INFO iter=245500 epoch=35 lr=5.12e-05 G=4.225 advA2B=0.737 advB2A=0.841 cycA=0.084 cycB=0.100 idtA=0.075 idtB=0.087 D_A=0.040 D_B=0.072 D_A(real)=0.92 D_A(fake)=0.08 gnG=34.42 gnD=8.34 it_per_s=10.70
2026-10-02 07:44:55,784 INFO iter=245600 epoch=35 lr=5.10e-05 G=4.223 advA2B=0.737 advB2A=0.841 cycA=0.084 cycB=0.099 idtA=0.075 idtB=0.087 D_A=0.040 D_B=0.072 D_A(real)=0.92 D_A(fake)=0.08 gnG=34.41 gnD=8.35 it_per_s=10.70
2026-10-02 07:45:05,204 INFO iter=245700 epoch=35 lr=5.09e-05 G=4.224 advA2B=0.737 advB2A=0.842 cycA=0.084 cycB=0.099 idtA=0.075 idtB=0.087 D_A=0.040 D_B=0.072 D_A(real)=0.92 D_A(fake)=0.08 gnG=34.40 gnD=8.34 it_per_s=10.70
2026-10-02 07:45:14,436 INFO iter=245800 epoch=35 lr=5.08e-05 G=4.221 advA2B=0.737 advB2A=0.841 cycA=0.084 cycB=0.099 idtA=0.075 idtB=0.087 D_A=0.040 D_B=0.072 D_A(real)=0.92 D_A(fake)=0.08 gnG=34.40 gnD=8.35 it_per_s=10.70
2026-10-02 07:45:23,536 INFO iter=245900 epoch=35 lr=5.06e-05 G=4.221 advA2B=0.737 advB2A=0.842 cycA=0.084 cycB=0.099 idtA=0.075 idtB=0.087 D_A=0.040 D_B=0.072 D_A(real)=0.92 D_A(fake)=0.08 gnG=34.39 gnD=8.35 it_per_s=10.71
2026-10-02 07:45:32,957 INFO iter=246000 epoch=35 lr=5.05e-05 G=4.222 advA2B=0.737 advB2A=0.842 cycA=0.084 cycB=0.099 idtA=0.075 idtB=0.087 D_A=0.040 D_B=0.072 D_A(real)=0.92 D_A(fake)=0.08 gnG=34.38 gnD=8.36 it_per_s=10.70
2026-10-02 07:45:42,262 INFO iter=246100 epoch=35 lr=5.03e-05 G=4.220 advA2B=0.737 advB2A=0.842 cycA=0.084 cycB=0.099 idtA=0.074 idtB=0.087 D_A=0.040 D_B=0.072 D_A(real)=0.92 D_A(fake)=0.08 gnG=34.39 gnD=8.36 it_per_s=10.71
2026-10-02 07:45:51,220 INFO iter=246200 epoch=35 lr=5.02e-05 G=4.222 advA2B=0.737 advB2A=0.842 cycA=0.084 cycB=0.099 idtA=0.074 idtB=0.087 D_A=0.040 D_B=0.072 D_A(real)=0.92 D_A(fake)=0.08 gnG=34.38 gnD=8.36 it_per_s=10.71
2026-10-02 07:46:00,608 INFO iter=246300 epoch=35 lr=5.00e-05 G=4.222 advA2B=0.738 advB2A=0.842 cycA=0.084 cycB=0.099 idtA=0.074 idtB=0.087 D_A=0.040 D_B=0.072 D_A(real)=0.92 D_A(fake)=0.08 gnG=34.38 gnD=8.35 it_per_s=10.71
2026-10-02 07:46:03,422 INFO epoch=35 done time_s=657 it_per_s=10.71 G=4.222 cycA=0.084 cycB=0.099 idtA=0.074 idtB=0.087 D_A=0.040 D_B=0.072 D_A(real)=0.92 D_A(fake)=0.08 nan_count=0
2026-10-02 07:46:03,423 WARNING epoch=35 D_A (Monet) loss 0.0397 is near 0: possible discriminator overfitting
2026-10-02 07:46:10,680 INFO iter=246400 epoch=36 lr=4.99e-05 G=4.167 advA2B=0.747 advB2A=0.858 cycA=0.083 cycB=0.096 idtA=0.071 idtB=0.085 D_A=0.043 D_B=0.077 D_A(real)=0.92 D_A(fake)=0.09 gnG=36.79 gnD=8.74 it_per_s=10.57
2026-10-02 07:46:19,923 INFO iter=246500 epoch=36 lr=4.98e-05 G=4.146 advA2B=0.758 advB2A=0.849 cycA=0.080 cycB=0.096 idtA=0.069 idtB=0.086 D_A=0.039 D_B=0.072 D_A(real)=0.92 D_A(fake)=0.08 gnG=34.75 gnD=8.39 it_per_s=10.72
2026-10-02 07:46:29,265 INFO iter=246600 epoch=36 lr=4.96e-05 G=4.202 advA2B=0.754 advB2A=0.852 cycA=0.083 cycB=0.097 idtA=0.072 idtB=0.087 D_A=0.038 D_B=0.070 D_A(real)=0.92 D_A(fake)=0.08 gnG=35.11 gnD=8.41 it_per_s=10.71
2026-10-02 07:46:38,683 INFO iter=246700 epoch=36 lr=4.95e-05 G=4.199 advA2B=0.747 advB2A=0.846 cycA=0.083 cycB=0.098 idtA=0.073 idtB=0.086 D_A=0.039 D_B=0.070 D_A(real)=0.92 D_A(fake)=0.08 gnG=34.40 gnD=8.36 it_per_s=10.69
2026-10-02 07:46:48,097 INFO iter=246800 epoch=36 lr=4.93e-05 G=4.205 advA2B=0.745 advB2A=0.849 cycA=0.083 cycB=0.099 idtA=0.073 idtB=0.087 D_A=0.039 D_B=0.071 D_A(real)=0.92 D_A(fake)=0.08 gnG=34.83 gnD=8.36 it_per_s=10.67
2026-10-02 07:46:57,491 INFO iter=246900 epoch=36 lr=4.92e-05 G=4.213 advA2B=0.743 advB2A=0.849 cycA=0.083 cycB=0.099 idtA=0.073 idtB=0.088 D_A=0.039 D_B=0.071 D_A(real)=0.92 D_A(fake)=0.08 gnG=35.67 gnD=8.44 it_per_s=10.67
2026-10-02 07:47:06,860 INFO iter=247000 epoch=36 lr=4.90e-05 G=4.206 advA2B=0.742 advB2A=0.847 cycA=0.083 cycB=0.099 idtA=0.073 idtB=0.087 D_A=0.039 D_B=0.072 D_A(real)=0.92 D_A(fake)=0.08 gnG=35.57 gnD=8.42 it_per_s=10.67
2026-10-02 07:47:16,240 INFO iter=247100 epoch=36 lr=4.89e-05 G=4.196 advA2B=0.743 advB2A=0.848 cycA=0.082 cycB=0.098 idtA=0.073 idtB=0.087 D_A=0.038 D_B=0.071 D_A(real)=0.92 D_A(fake)=0.08 gnG=35.34 gnD=8.33 it_per_s=10.67
2026-10-02 07:47:25,627 INFO iter=247200 epoch=36 lr=4.88e-05 G=4.205 advA2B=0.745 advB2A=0.849 cycA=0.082 cycB=0.099 idtA=0.073 idtB=0.087 D_A=0.038 D_B=0.070 D_A(real)=0.92 D_A(fake)=0.08 gnG=35.36 gnD=8.29 it_per_s=10.67
2026-10-02 07:47:35,016 INFO iter=247300 epoch=36 lr=4.86e-05 G=4.200 advA2B=0.744 advB2A=0.847 cycA=0.083 cycB=0.098 idtA=0.073 idtB=0.087 D_A=0.039 D_B=0.070 D_A(real)=0.92 D_A(fake)=0.08 gnG=35.35 gnD=8.29 it_per_s=10.66
2026-10-02 07:47:44,430 INFO iter=247400 epoch=36 lr=4.85e-05 G=4.218 advA2B=0.745 advB2A=0.849 cycA=0.083 cycB=0.099 idtA=0.074 idtB=0.087 D_A=0.039 D_B=0.071 D_A(real)=0.92 D_A(fake)=0.08 gnG=36.04 gnD=8.31 it_per_s=10.66
2026-10-02 07:47:53,830 INFO iter=247500 epoch=36 lr=4.83e-05 G=4.211 advA2B=0.744 advB2A=0.850 cycA=0.083 cycB=0.099 idtA=0.074 idtB=0.087 D_A=0.038 D_B=0.071 D_A(real)=0.92 D_A(fake)=0.08 gnG=35.69 gnD=8.36 it_per_s=10.66
2026-10-02 07:48:03,225 INFO iter=247600 epoch=36 lr=4.82e-05 G=4.209 advA2B=0.746 advB2A=0.851 cycA=0.083 cycB=0.099 idtA=0.074 idtB=0.087 D_A=0.038 D_B=0.071 D_A(real)=0.92 D_A(fake)=0.08 gnG=35.98 gnD=8.37 it_per_s=10.66
2026-10-02 07:48:12,640 INFO iter=247700 epoch=36 lr=4.81e-05 G=4.213 advA2B=0.745 advB2A=0.853 cycA=0.083 cycB=0.099 idtA=0.074 idtB=0.087 D_A=0.038 D_B=0.071 D_A(real)=0.92 D_A(fake)=0.08 gnG=35.81 gnD=8.31 it_per_s=10.65
2026-10-02 07:48:22,046 INFO iter=247800 epoch=36 lr=4.79e-05 G=4.212 advA2B=0.743 advB2A=0.852 cycA=0.083 cycB=0.099 idtA=0.074 idtB=0.087 D_A=0.038 D_B=0.071 D_A(real)=0.92 D_A(fake)=0.08 gnG=35.51 gnD=8.33 it_per_s=10.65
2026-10-02 07:48:31,568 INFO iter=247900 epoch=36 lr=4.78e-05 G=4.215 advA2B=0.742 advB2A=0.853 cycA=0.083 cycB=0.099 idtA=0.074 idtB=0.087 D_A=0.038 D_B=0.071 D_A(real)=0.92 D_A(fake)=0.08 gnG=35.63 gnD=8.33 it_per_s=10.64
2026-10-02 07:48:40,939 INFO iter=248000 epoch=36 lr=4.76e-05 G=4.212 advA2B=0.744 advB2A=0.852 cycA=0.083 cycB=0.098 idtA=0.074 idtB=0.086 D_A=0.038 D_B=0.071 D_A(real)=0.92 D_A(fake)=0.08 gnG=35.74 gnD=8.35 it_per_s=10.64
2026-10-02 07:48:50,293 INFO iter=248100 epoch=36 lr=4.75e-05 G=4.214 advA2B=0.745 advB2A=0.851 cycA=0.083 cycB=0.099 idtA=0.074 idtB=0.087 D_A=0.038 D_B=0.071 D_A(real)=0.92 D_A(fake)=0.08 gnG=35.51 gnD=8.34 it_per_s=10.65
2026-10-02 07:48:59,734 INFO iter=248200 epoch=36 lr=4.73e-05 G=4.208 advA2B=0.744 advB2A=0.850 cycA=0.083 cycB=0.099 idtA=0.074 idtB=0.086 D_A=0.038 D_B=0.071 D_A(real)=0.92 D_A(fake)=0.08 gnG=35.47 gnD=8.32 it_per_s=10.64
2026-10-02 07:49:09,121 INFO iter=248300 epoch=36 lr=4.72e-05 G=4.209 advA2B=0.746 advB2A=0.852 cycA=0.083 cycB=0.098 idtA=0.074 idtB=0.086 D_A=0.038 D_B=0.071 D_A(real)=0.92 D_A(fake)=0.08 gnG=35.29 gnD=8.33 it_per_s=10.64
2026-10-02 07:49:18,512 INFO iter=248400 epoch=36 lr=4.71e-05 G=4.211 advA2B=0.747 advB2A=0.854 cycA=0.083 cycB=0.098 idtA=0.074 idtB=0.086 D_A=0.038 D_B=0.070 D_A(real)=0.92 D_A(fake)=0.08 gnG=35.23 gnD=8.34 it_per_s=10.65
2026-10-02 07:49:27,881 INFO iter=248500 epoch=36 lr=4.69e-05 G=4.211 advA2B=0.747 advB2A=0.853 cycA=0.083 cycB=0.098 idtA=0.073 idtB=0.086 D_A=0.038 D_B=0.071 D_A(real)=0.92 D_A(fake)=0.08 gnG=35.28 gnD=8.35 it_per_s=10.65
2026-10-02 07:49:37,324 INFO iter=248600 epoch=36 lr=4.68e-05 G=4.207 advA2B=0.746 advB2A=0.853 cycA=0.083 cycB=0.098 idtA=0.074 idtB=0.086 D_A=0.038 D_B=0.071 D_A(real)=0.92 D_A(fake)=0.08 gnG=35.34 gnD=8.35 it_per_s=10.64
2026-10-02 07:49:46,650 INFO iter=248700 epoch=36 lr=4.66e-05 G=4.204 advA2B=0.746 advB2A=0.853 cycA=0.083 cycB=0.098 idtA=0.073 idtB=0.086 D_A=0.038 D_B=0.071 D_A(real)=0.92 D_A(fake)=0.08 gnG=35.17 gnD=8.37 it_per_s=10.65
2026-10-02 07:49:55,755 INFO iter=248800 epoch=36 lr=4.65e-05 G=4.201 advA2B=0.744 advB2A=0.853 cycA=0.083 cycB=0.098 idtA=0.073 idtB=0.086 D_A=0.038 D_B=0.071 D_A(real)=0.92 D_A(fake)=0.08 gnG=35.18 gnD=8.37 it_per_s=10.66
2026-10-02 07:50:05,170 INFO iter=248900 epoch=36 lr=4.63e-05 G=4.200 advA2B=0.744 advB2A=0.853 cycA=0.083 cycB=0.098 idtA=0.073 idtB=0.086 D_A=0.038 D_B=0.071 D_A(real)=0.92 D_A(fake)=0.08 gnG=35.07 gnD=8.37 it_per_s=10.66
2026-10-02 07:50:14,505 INFO iter=249000 epoch=36 lr=4.62e-05 G=4.205 advA2B=0.744 advB2A=0.852 cycA=0.083 cycB=0.098 idtA=0.073 idtB=0.086 D_A=0.038 D_B=0.071 D_A(real)=0.92 D_A(fake)=0.08 gnG=35.01 gnD=8.37 it_per_s=10.66
2026-10-02 07:50:23,485 INFO iter=249100 epoch=36 lr=4.61e-05 G=4.209 advA2B=0.743 advB2A=0.852 cycA=0.083 cycB=0.099 idtA=0.073 idtB=0.086 D_A=0.038 D_B=0.071 D_A(real)=0.92 D_A(fake)=0.08 gnG=35.29 gnD=8.35 it_per_s=10.68
2026-10-02 07:50:32,877 INFO iter=249200 epoch=36 lr=4.59e-05 G=4.209 advA2B=0.743 advB2A=0.851 cycA=0.083 cycB=0.099 idtA=0.073 idtB=0.086 D_A=0.038 D_B=0.071 D_A(real)=0.92 D_A(fake)=0.08 gnG=35.21 gnD=8.36 it_per_s=10.68
2026-10-02 07:50:42,318 INFO iter=249300 epoch=36 lr=4.58e-05 G=4.209 advA2B=0.744 advB2A=0.851 cycA=0.083 cycB=0.098 idtA=0.073 idtB=0.086 D_A=0.038 D_B=0.071 D_A(real)=0.92 D_A(fake)=0.08 gnG=35.22 gnD=8.36 it_per_s=10.67
2026-10-02 07:50:51,335 INFO iter=249400 epoch=36 lr=4.56e-05 G=4.209 advA2B=0.743 advB2A=0.851 cycA=0.083 cycB=0.099 idtA=0.073 idtB=0.086 D_A=0.038 D_B=0.071 D_A(real)=0.92 D_A(fake)=0.08 gnG=35.24 gnD=8.36 it_per_s=10.69
2026-10-02 07:51:00,633 INFO iter=249500 epoch=36 lr=4.55e-05 G=4.207 advA2B=0.743 advB2A=0.851 cycA=0.083 cycB=0.098 idtA=0.073 idtB=0.086 D_A=0.038 D_B=0.071 D_A(real)=0.92 D_A(fake)=0.08 gnG=35.18 gnD=8.37 it_per_s=10.69
2026-10-02 07:51:10,116 INFO iter=249600 epoch=36 lr=4.54e-05 G=4.205 advA2B=0.743 advB2A=0.850 cycA=0.083 cycB=0.098 idtA=0.073 idtB=0.086 D_A=0.038 D_B=0.071 D_A(real)=0.92 D_A(fake)=0.08 gnG=35.07 gnD=8.37 it_per_s=10.68
2026-10-02 07:51:19,557 INFO iter=249700 epoch=36 lr=4.52e-05 G=4.204 advA2B=0.743 advB2A=0.850 cycA=0.083 cycB=0.098 idtA=0.073 idtB=0.086 D_A=0.038 D_B=0.071 D_A(real)=0.92 D_A(fake)=0.08 gnG=34.99 gnD=8.38 it_per_s=10.68
2026-10-02 07:51:29,018 INFO iter=249800 epoch=36 lr=4.51e-05 G=4.201 advA2B=0.742 advB2A=0.850 cycA=0.083 cycB=0.098 idtA=0.073 idtB=0.086 D_A=0.038 D_B=0.071 D_A(real)=0.92 D_A(fake)=0.08 gnG=34.92 gnD=8.41 it_per_s=10.68
2026-10-02 07:51:38,493 INFO iter=249900 epoch=36 lr=4.49e-05 G=4.201 advA2B=0.742 advB2A=0.850 cycA=0.083 cycB=0.098 idtA=0.073 idtB=0.086 D_A=0.038 D_B=0.071 D_A(real)=0.92 D_A(fake)=0.08 gnG=34.98 gnD=8.42 it_per_s=10.67
2026-10-02 07:51:47,889 INFO iter=250000 epoch=36 lr=4.48e-05 G=4.201 advA2B=0.743 advB2A=0.850 cycA=0.083 cycB=0.098 idtA=0.073 idtB=0.086 D_A=0.038 D_B=0.071 D_A(real)=0.92 D_A(fake)=0.08 gnG=35.07 gnD=8.41 it_per_s=10.67
2026-10-02 07:51:57,293 INFO iter=250100 epoch=36 lr=4.46e-05 G=4.202 advA2B=0.744 advB2A=0.851 cycA=0.083 cycB=0.098 idtA=0.073 idtB=0.086 D_A=0.038 D_B=0.071 D_A(real)=0.92 D_A(fake)=0.08 gnG=35.04 gnD=8.42 it_per_s=10.67
2026-10-02 07:52:06,695 INFO iter=250200 epoch=36 lr=4.45e-05 G=4.199 advA2B=0.744 advB2A=0.850 cycA=0.083 cycB=0.098 idtA=0.073 idtB=0.086 D_A=0.038 D_B=0.071 D_A(real)=0.92 D_A(fake)=0.08 gnG=35.01 gnD=8.42 it_per_s=10.67
2026-10-02 07:52:16,121 INFO iter=250300 epoch=36 lr=4.44e-05 G=4.199 advA2B=0.744 advB2A=0.851 cycA=0.083 cycB=0.098 idtA=0.073 idtB=0.086 D_A=0.038 D_B=0.071 D_A(real)=0.92 D_A(fake)=0.08 gnG=35.05 gnD=8.41 it_per_s=10.67
2026-10-02 07:52:25,603 INFO iter=250400 epoch=36 lr=4.42e-05 G=4.199 advA2B=0.744 advB2A=0.851 cycA=0.083 cycB=0.098 idtA=0.073 idtB=0.086 D_A=0.038 D_B=0.071 D_A(real)=0.92 D_A(fake)=0.08 gnG=35.12 gnD=8.41 it_per_s=10.67
2026-10-02 07:52:35,009 INFO iter=250500 epoch=36 lr=4.41e-05 G=4.198 advA2B=0.744 advB2A=0.850 cycA=0.083 cycB=0.098 idtA=0.073 idtB=0.086 D_A=0.038 D_B=0.071 D_A(real)=0.92 D_A(fake)=0.08 gnG=35.17 gnD=8.41 it_per_s=10.67
2026-10-02 07:52:44,403 INFO iter=250600 epoch=36 lr=4.39e-05 G=4.197 advA2B=0.744 advB2A=0.850 cycA=0.083 cycB=0.098 idtA=0.073 idtB=0.086 D_A=0.038 D_B=0.071 D_A(real)=0.92 D_A(fake)=0.08 gnG=35.28 gnD=8.42 it_per_s=10.67
2026-10-02 07:52:53,816 INFO iter=250700 epoch=36 lr=4.38e-05 G=4.198 advA2B=0.744 advB2A=0.851 cycA=0.083 cycB=0.098 idtA=0.073 idtB=0.086 D_A=0.038 D_B=0.071 D_A(real)=0.92 D_A(fake)=0.08 gnG=35.31 gnD=8.42 it_per_s=10.66
2026-10-02 07:53:03,208 INFO iter=250800 epoch=36 lr=4.37e-05 G=4.200 advA2B=0.744 advB2A=0.851 cycA=0.083 cycB=0.098 idtA=0.073 idtB=0.086 D_A=0.038 D_B=0.071 D_A(real)=0.92 D_A(fake)=0.08 gnG=35.38 gnD=8.42 it_per_s=10.66
2026-10-02 07:53:12,596 INFO iter=250900 epoch=36 lr=4.35e-05 G=4.201 advA2B=0.744 advB2A=0.852 cycA=0.083 cycB=0.098 idtA=0.073 idtB=0.086 D_A=0.038 D_B=0.071 D_A(real)=0.92 D_A(fake)=0.08 gnG=35.41 gnD=8.43 it_per_s=10.66
2026-10-02 07:53:21,971 INFO iter=251000 epoch=36 lr=4.34e-05 G=4.203 advA2B=0.745 advB2A=0.853 cycA=0.083 cycB=0.098 idtA=0.073 idtB=0.086 D_A=0.038 D_B=0.071 D_A(real)=0.92 D_A(fake)=0.08 gnG=35.58 gnD=8.42 it_per_s=10.66
2026-10-02 07:53:31,397 INFO iter=251100 epoch=36 lr=4.32e-05 G=4.205 advA2B=0.744 advB2A=0.852 cycA=0.083 cycB=0.098 idtA=0.073 idtB=0.086 D_A=0.038 D_B=0.071 D_A(real)=0.92 D_A(fake)=0.08 gnG=35.56 gnD=8.42 it_per_s=10.66
2026-10-02 07:53:40,781 INFO iter=251200 epoch=36 lr=4.31e-05 G=4.202 advA2B=0.744 advB2A=0.852 cycA=0.083 cycB=0.098 idtA=0.073 idtB=0.086 D_A=0.038 D_B=0.071 D_A(real)=0.92 D_A(fake)=0.08 gnG=35.53 gnD=8.41 it_per_s=10.66
2026-10-02 07:53:50,141 INFO iter=251300 epoch=36 lr=4.29e-05 G=4.203 advA2B=0.744 advB2A=0.852 cycA=0.083 cycB=0.098 idtA=0.073 idtB=0.086 D_A=0.038 D_B=0.071 D_A(real)=0.92 D_A(fake)=0.08 gnG=35.54 gnD=8.41 it_per_s=10.66
2026-10-02 07:53:59,575 INFO iter=251400 epoch=36 lr=4.28e-05 G=4.202 advA2B=0.745 advB2A=0.851 cycA=0.083 cycB=0.098 idtA=0.073 idtB=0.086 D_A=0.038 D_B=0.071 D_A(real)=0.92 D_A(fake)=0.08 gnG=35.53 gnD=8.40 it_per_s=10.66
2026-10-02 07:54:08,979 INFO iter=251500 epoch=36 lr=4.27e-05 G=4.202 advA2B=0.745 advB2A=0.852 cycA=0.083 cycB=0.098 idtA=0.073 idtB=0.086 D_A=0.038 D_B=0.071 D_A(real)=0.92 D_A(fake)=0.08 gnG=35.52 gnD=8.40 it_per_s=10.66
2026-10-02 07:54:18,345 INFO iter=251600 epoch=36 lr=4.25e-05 G=4.202 advA2B=0.745 advB2A=0.852 cycA=0.083 cycB=0.098 idtA=0.073 idtB=0.086 D_A=0.038 D_B=0.071 D_A(real)=0.92 D_A(fake)=0.08 gnG=35.49 gnD=8.39 it_per_s=10.66
2026-10-02 07:54:27,700 INFO iter=251700 epoch=36 lr=4.24e-05 G=4.202 advA2B=0.745 advB2A=0.852 cycA=0.083 cycB=0.098 idtA=0.073 idtB=0.086 D_A=0.038 D_B=0.071 D_A(real)=0.92 D_A(fake)=0.08 gnG=35.47 gnD=8.39 it_per_s=10.66
2026-10-02 07:54:37,086 INFO iter=251800 epoch=36 lr=4.22e-05 G=4.201 advA2B=0.746 advB2A=0.852 cycA=0.083 cycB=0.098 idtA=0.073 idtB=0.086 D_A=0.038 D_B=0.071 D_A(real)=0.92 D_A(fake)=0.08 gnG=35.47 gnD=8.39 it_per_s=10.66
2026-10-02 07:54:46,514 INFO iter=251900 epoch=36 lr=4.21e-05 G=4.202 advA2B=0.746 advB2A=0.852 cycA=0.083 cycB=0.098 idtA=0.073 idtB=0.086 D_A=0.038 D_B=0.071 D_A(real)=0.92 D_A(fake)=0.08 gnG=35.41 gnD=8.39 it_per_s=10.66
2026-10-02 07:54:56,009 INFO iter=252000 epoch=36 lr=4.19e-05 G=4.201 advA2B=0.746 advB2A=0.851 cycA=0.083 cycB=0.098 idtA=0.073 idtB=0.086 D_A=0.038 D_B=0.071 D_A(real)=0.92 D_A(fake)=0.08 gnG=35.41 gnD=8.39 it_per_s=10.66
2026-10-02 07:55:05,458 INFO iter=252100 epoch=36 lr=4.18e-05 G=4.203 advA2B=0.745 advB2A=0.853 cycA=0.083 cycB=0.098 idtA=0.073 idtB=0.086 D_A=0.038 D_B=0.071 D_A(real)=0.92 D_A(fake)=0.08 gnG=35.58 gnD=8.39 it_per_s=10.66
2026-10-02 07:55:14,846 INFO iter=252200 epoch=36 lr=4.17e-05 G=4.205 advA2B=0.746 advB2A=0.854 cycA=0.083 cycB=0.098 idtA=0.073 idtB=0.086 D_A=0.038 D_B=0.071 D_A(real)=0.92 D_A(fake)=0.08 gnG=35.58 gnD=8.38 it_per_s=10.66
2026-10-02 07:55:24,264 INFO iter=252300 epoch=36 lr=4.15e-05 G=4.205 advA2B=0.746 advB2A=0.854 cycA=0.083 cycB=0.098 idtA=0.073 idtB=0.086 D_A=0.038 D_B=0.071 D_A(real)=0.92 D_A(fake)=0.08 gnG=35.58 gnD=8.39 it_per_s=10.66
2026-10-02 07:55:33,640 INFO iter=252400 epoch=36 lr=4.14e-05 G=4.206 advA2B=0.746 advB2A=0.854 cycA=0.083 cycB=0.098 idtA=0.073 idtB=0.086 D_A=0.038 D_B=0.071 D_A(real)=0.92 D_A(fake)=0.08 gnG=35.57 gnD=8.40 it_per_s=10.66
2026-10-02 07:55:43,049 INFO iter=252500 epoch=36 lr=4.12e-05 G=4.206 advA2B=0.746 advB2A=0.853 cycA=0.083 cycB=0.098 idtA=0.073 idtB=0.086 D_A=0.038 D_B=0.071 D_A(real)=0.92 D_A(fake)=0.08 gnG=35.53 gnD=8.40 it_per_s=10.66
2026-10-02 07:55:52,459 INFO iter=252600 epoch=36 lr=4.11e-05 G=4.206 advA2B=0.745 advB2A=0.854 cycA=0.083 cycB=0.098 idtA=0.073 idtB=0.086 D_A=0.038 D_B=0.071 D_A(real)=0.92 D_A(fake)=0.08 gnG=35.47 gnD=8.40 it_per_s=10.66
2026-10-02 07:56:01,845 INFO iter=252700 epoch=36 lr=4.10e-05 G=4.206 advA2B=0.745 advB2A=0.854 cycA=0.083 cycB=0.098 idtA=0.073 idtB=0.086 D_A=0.038 D_B=0.071 D_A(real)=0.92 D_A(fake)=0.08 gnG=35.43 gnD=8.39 it_per_s=10.66
2026-10-02 07:56:11,229 INFO iter=252800 epoch=36 lr=4.08e-05 G=4.205 advA2B=0.745 advB2A=0.854 cycA=0.083 cycB=0.098 idtA=0.073 idtB=0.086 D_A=0.038 D_B=0.071 D_A(real)=0.92 D_A(fake)=0.08 gnG=35.41 gnD=8.39 it_per_s=10.66
2026-10-02 07:56:20,461 INFO iter=252900 epoch=36 lr=4.07e-05 G=4.206 advA2B=0.745 advB2A=0.855 cycA=0.083 cycB=0.098 idtA=0.073 idtB=0.086 D_A=0.038 D_B=0.071 D_A(real)=0.92 D_A(fake)=0.08 gnG=35.42 gnD=8.40 it_per_s=10.66
2026-10-02 07:56:29,851 INFO iter=253000 epoch=36 lr=4.05e-05 G=4.206 advA2B=0.745 advB2A=0.855 cycA=0.083 cycB=0.098 idtA=0.073 idtB=0.086 D_A=0.038 D_B=0.071 D_A(real)=0.92 D_A(fake)=0.08 gnG=35.40 gnD=8.40 it_per_s=10.66
2026-10-02 07:56:39,374 INFO iter=253100 epoch=36 lr=4.04e-05 G=4.207 advA2B=0.745 advB2A=0.855 cycA=0.083 cycB=0.098 idtA=0.073 idtB=0.086 D_A=0.038 D_B=0.071 D_A(real)=0.92 D_A(fake)=0.08 gnG=35.41 gnD=8.41 it_per_s=10.66
2026-10-02 07:56:48,785 INFO iter=253200 epoch=36 lr=4.02e-05 G=4.209 advA2B=0.745 advB2A=0.855 cycA=0.083 cycB=0.098 idtA=0.073 idtB=0.086 D_A=0.038 D_B=0.071 D_A(real)=0.92 D_A(fake)=0.08 gnG=35.38 gnD=8.40 it_per_s=10.66
2026-10-02 07:56:58,199 INFO iter=253300 epoch=36 lr=4.01e-05 G=4.208 advA2B=0.745 advB2A=0.856 cycA=0.083 cycB=0.098 idtA=0.073 idtB=0.086 D_A=0.038 D_B=0.071 D_A(real)=0.92 D_A(fake)=0.08 gnG=35.37 gnD=8.40 it_per_s=10.66
2026-10-02 07:57:04,569 INFO epoch=36 done time_s=661 it_per_s=10.66 G=4.207 cycA=0.083 cycB=0.098 idtA=0.073 idtB=0.086 D_A=0.038 D_B=0.071 D_A(real)=0.92 D_A(fake)=0.08 nan_count=0
2026-10-02 07:57:04,570 WARNING epoch=36 D_A (Monet) loss 0.0378 is near 0: possible discriminator overfitting
2026-10-02 07:57:08,153 INFO iter=253400 epoch=37 lr=4.00e-05 G=4.222 advA2B=0.777 advB2A=0.935 cycA=0.081 cycB=0.092 idtA=0.071 idtB=0.083 D_A=0.037 D_B=0.064 D_A(real)=0.91 D_A(fake)=0.10 gnG=32.02 gnD=8.52 it_per_s=10.59
2026-10-02 07:57:17,607 INFO iter=253500 epoch=37 lr=3.98e-05 G=4.127 advA2B=0.756 advB2A=0.858 cycA=0.080 cycB=0.093 idtA=0.071 idtB=0.084 D_A=0.037 D_B=0.069 D_A(real)=0.93 D_A(fake)=0.07 gnG=34.10 gnD=8.36 it_per_s=10.58
2026-10-02 07:57:27,132 INFO iter=253600 epoch=37 lr=3.97e-05 G=4.179 advA2B=0.765 advB2A=0.871 cycA=0.082 cycB=0.094 idtA=0.073 idtB=0.084 D_A=0.038 D_B=0.069 D_A(real)=0.92 D_A(fake)=0.08 gnG=34.19 gnD=8.43 it_per_s=10.54
2026-10-02 07:57:36,619 INFO iter=253700 epoch=37 lr=3.95e-05 G=4.185 advA2B=0.761 advB2A=0.874 cycA=0.082 cycB=0.095 idtA=0.073 idtB=0.084 D_A=0.036 D_B=0.070 D_A(real)=0.93 D_A(fake)=0.07 gnG=34.71 gnD=8.48 it_per_s=10.54
2026-10-02 07:57:46,043 INFO iter=253800 epoch=37 lr=3.94e-05 G=4.177 advA2B=0.757 advB2A=0.870 cycA=0.082 cycB=0.094 idtA=0.073 idtB=0.084 D_A=0.036 D_B=0.069 D_A(real)=0.92 D_A(fake)=0.07 gnG=34.48 gnD=8.40 it_per_s=10.56
2026-10-02 07:57:55,505 INFO iter=253900 epoch=37 lr=3.92e-05 G=4.180 advA2B=0.758 advB2A=0.873 cycA=0.082 cycB=0.095 idtA=0.073 idtB=0.085 D_A=0.036 D_B=0.069 D_A(real)=0.92 D_A(fake)=0.08 gnG=34.47 gnD=8.39 it_per_s=10.56
2026-10-02 07:58:05,099 INFO iter=254000 epoch=37 lr=3.91e-05 G=4.178 advA2B=0.760 advB2A=0.870 cycA=0.082 cycB=0.095 idtA=0.073 idtB=0.084 D_A=0.036 D_B=0.069 D_A(real)=0.93 D_A(fake)=0.08 gnG=34.42 gnD=8.36 it_per_s=10.54
2026-10-02 07:58:14,466 INFO iter=254100 epoch=37 lr=3.90e-05 G=4.166 advA2B=0.752 advB2A=0.864 cycA=0.082 cycB=0.095 idtA=0.073 idtB=0.084 D_A=0.036 D_B=0.070 D_A(real)=0.92 D_A(fake)=0.08 gnG=34.38 gnD=8.42 it_per_s=10.56
2026-10-02 07:58:23,866 INFO iter=254200 epoch=37 lr=3.88e-05 G=4.162 advA2B=0.750 advB2A=0.863 cycA=0.082 cycB=0.095 idtA=0.072 idtB=0.084 D_A=0.036 D_B=0.069 D_A(real)=0.92 D_A(fake)=0.08 gnG=34.15 gnD=8.39 it_per_s=10.57
2026-10-02 07:58:33,259 INFO iter=254300 epoch=37 lr=3.87e-05 G=4.161 advA2B=0.750 advB2A=0.863 cycA=0.082 cycB=0.095 idtA=0.072 idtB=0.084 D_A=0.036 D_B=0.070 D_A(real)=0.92 D_A(fake)=0.08 gnG=33.96 gnD=8.39 it_per_s=10.58
2026-10-02 07:58:42,677 INFO iter=254400 epoch=37 lr=3.85e-05 G=4.163 advA2B=0.748 advB2A=0.862 cycA=0.082 cycB=0.095 idtA=0.072 idtB=0.084 D_A=0.036 D_B=0.070 D_A(real)=0.92 D_A(fake)=0.08 gnG=34.12 gnD=8.36 it_per_s=10.58
2026-10-02 07:58:52,089 INFO iter=254500 epoch=37 lr=3.84e-05 G=4.165 advA2B=0.748 advB2A=0.864 cycA=0.082 cycB=0.095 idtA=0.072 idtB=0.084 D_A=0.036 D_B=0.070 D_A(real)=0.92 D_A(fake)=0.08 gnG=34.14 gnD=8.35 it_per_s=10.58
2026-10-02 07:59:01,525 INFO iter=254600 epoch=37 lr=3.83e-05 G=4.164 advA2B=0.750 advB2A=0.862 cycA=0.082 cycB=0.095 idtA=0.072 idtB=0.085 D_A=0.037 D_B=0.071 D_A(real)=0.92 D_A(fake)=0.08 gnG=34.36 gnD=8.41 it_per_s=10.58
2026-10-02 07:59:10,928 INFO iter=254700 epoch=37 lr=3.81e-05 G=4.169 advA2B=0.749 advB2A=0.863 cycA=0.082 cycB=0.095 idtA=0.072 idtB=0.085 D_A=0.037 D_B=0.070 D_A(real)=0.92 D_A(fake)=0.08 gnG=34.45 gnD=8.38 it_per_s=10.59
2026-10-02 07:59:20,351 INFO iter=254800 epoch=37 lr=3.80e-05 G=4.167 advA2B=0.749 advB2A=0.862 cycA=0.082 cycB=0.095 idtA=0.072 idtB=0.085 D_A=0.036 D_B=0.070 D_A(real)=0.92 D_A(fake)=0.08 gnG=34.59 gnD=8.41 it_per_s=10.59
2026-10-02 07:59:29,753 INFO iter=254900 epoch=37 lr=3.78e-05 G=4.172 advA2B=0.750 advB2A=0.865 cycA=0.082 cycB=0.095 idtA=0.072 idtB=0.085 D_A=0.036 D_B=0.070 D_A(real)=0.92 D_A(fake)=0.08 gnG=34.74 gnD=8.40 it_per_s=10.59
2026-10-02 07:59:39,162 INFO iter=255000 epoch=37 lr=3.77e-05 G=4.179 advA2B=0.749 advB2A=0.865 cycA=0.082 cycB=0.096 idtA=0.072 idtB=0.085 D_A=0.036 D_B=0.070 D_A(real)=0.93 D_A(fake)=0.08 gnG=34.97 gnD=8.39 it_per_s=10.60
2026-10-02 07:59:48,533 INFO iter=255100 epoch=37 lr=3.75e-05 G=4.181 advA2B=0.750 advB2A=0.867 cycA=0.082 cycB=0.096 idtA=0.072 idtB=0.085 D_A=0.036 D_B=0.070 D_A(real)=0.93 D_A(fake)=0.07 gnG=35.09 gnD=8.41 it_per_s=10.60
2026-10-02 07:59:57,926 INFO iter=255200 epoch=37 lr=3.74e-05 G=4.184 advA2B=0.749 advB2A=0.868 cycA=0.082 cycB=0.096 idtA=0.072 idtB=0.085 D_A=0.036 D_B=0.070 D_A(real)=0.93 D_A(fake)=0.07 gnG=35.08 gnD=8.39 it_per_s=10.60
2026-10-02 08:00:07,359 INFO iter=255300 epoch=37 lr=3.73e-05 G=4.186 advA2B=0.750 advB2A=0.868 cycA=0.082 cycB=0.096 idtA=0.073 idtB=0.085 D_A=0.036 D_B=0.070 D_A(real)=0.93 D_A(fake)=0.07 gnG=35.07 gnD=8.41 it_per_s=10.60
2026-10-02 08:00:16,762 INFO iter=255400 epoch=37 lr=3.71e-05 G=4.187 advA2B=0.750 advB2A=0.868 cycA=0.082 cycB=0.096 idtA=0.073 idtB=0.085 D_A=0.036 D_B=0.070 D_A(real)=0.93 D_A(fake)=0.07 gnG=35.20 gnD=8.38 it_per_s=10.60
2026-10-02 08:00:26,154 INFO iter=255500 epoch=37 lr=3.70e-05 G=4.192 advA2B=0.750 advB2A=0.867 cycA=0.082 cycB=0.096 idtA=0.072 idtB=0.085 D_A=0.036 D_B=0.069 D_A(real)=0.93 D_A(fake)=0.07 gnG=35.31 gnD=8.37 it_per_s=10.61
2026-10-02 08:00:35,525 INFO iter=255600 epoch=37 lr=3.68e-05 G=4.192 advA2B=0.748 advB2A=0.866 cycA=0.082 cycB=0.096 idtA=0.072 idtB=0.085 D_A=0.036 D_B=0.070 D_A(real)=0.93 D_A(fake)=0.07 gnG=35.35 gnD=8.39 it_per_s=10.61
2026-10-02 08:00:44,792 INFO iter=255700 epoch=37 lr=3.67e-05 G=4.194 advA2B=0.751 advB2A=0.867 cycA=0.082 cycB=0.096 idtA=0.072 idtB=0.085 D_A=0.036 D_B=0.069 D_A(real)=0.93 D_A(fake)=0.07 gnG=35.27 gnD=8.37 it_per_s=10.62
2026-10-02 08:00:53,960 INFO iter=255800 epoch=37 lr=3.65e-05 G=4.191 advA2B=0.750 advB2A=0.867 cycA=0.082 cycB=0.096 idtA=0.072 idtB=0.085 D_A=0.036 D_B=0.069 D_A(real)=0.93 D_A(fake)=0.07 gnG=35.21 gnD=8.40 it_per_s=10.63
2026-10-02 08:01:03,369 INFO iter=255900 epoch=37 lr=3.64e-05 G=4.188 advA2B=0.750 advB2A=0.866 cycA=0.082 cycB=0.096 idtA=0.072 idtB=0.085 D_A=0.036 D_B=0.069 D_A(real)=0.93 D_A(fake)=0.07 gnG=35.18 gnD=8.41 it_per_s=10.63
2026-10-02 08:01:12,755 INFO iter=256000 epoch=37 lr=3.63e-05 G=4.185 advA2B=0.749 advB2A=0.866 cycA=0.082 cycB=0.096 idtA=0.072 idtB=0.085 D_A=0.036 D_B=0.069 D_A(real)=0.93 D_A(fake)=0.07 gnG=35.28 gnD=8.41 it_per_s=10.63
2026-10-02 08:01:22,226 INFO iter=256100 epoch=37 lr=3.61e-05 G=4.188 advA2B=0.749 advB2A=0.867 cycA=0.082 cycB=0.096 idtA=0.072 idtB=0.085 D_A=0.036 D_B=0.070 D_A(real)=0.93 D_A(fake)=0.07 gnG=35.26 gnD=8.41 it_per_s=10.63
2026-10-02 08:01:31,649 INFO iter=256200 epoch=37 lr=3.60e-05 G=4.188 advA2B=0.750 advB2A=0.867 cycA=0.082 cycB=0.096 idtA=0.072 idtB=0.085 D_A=0.036 D_B=0.069 D_A(real)=0.93 D_A(fake)=0.07 gnG=35.19 gnD=8.41 it_per_s=10.63
2026-10-02 08:01:41,154 INFO iter=256300 epoch=37 lr=3.58e-05 G=4.193 advA2B=0.749 advB2A=0.868 cycA=0.082 cycB=0.097 idtA=0.072 idtB=0.085 D_A=0.036 D_B=0.070 D_A(real)=0.93 D_A(fake)=0.07 gnG=35.26 gnD=8.42 it_per_s=10.62
2026-10-02 08:01:50,459 INFO iter=256400 epoch=37 lr=3.57e-05 G=4.192 advA2B=0.749 advB2A=0.868 cycA=0.082 cycB=0.096 idtA=0.072 idtB=0.085 D_A=0.036 D_B=0.070 D_A(real)=0.93 D_A(fake)=0.07 gnG=35.18 gnD=8.41 it_per_s=10.63
2026-10-02 08:01:59,877 INFO iter=256500 epoch=37 lr=3.56e-05 G=4.192 advA2B=0.749 advB2A=0.867 cycA=0.082 cycB=0.097 idtA=0.072 idtB=0.085 D_A=0.036 D_B=0.069 D_A(real)=0.93 D_A(fake)=0.07 gnG=35.31 gnD=8.42 it_per_s=10.63
2026-10-02 08:02:09,350 INFO iter=256600 epoch=37 lr=3.54e-05 G=4.193 advA2B=0.749 advB2A=0.868 cycA=0.082 cycB=0.097 idtA=0.072 idtB=0.085 D_A=0.036 D_B=0.070 D_A(real)=0.93 D_A(fake)=0.07 gnG=35.32 gnD=8.43 it_per_s=10.62
2026-10-02 08:02:18,631 INFO iter=256700 epoch=37 lr=3.53e-05 G=4.193 advA2B=0.749 advB2A=0.867 cycA=0.082 cycB=0.097 idtA=0.072 idtB=0.085 D_A=0.036 D_B=0.070 D_A(real)=0.93 D_A(fake)=0.07 gnG=35.40 gnD=8.43 it_per_s=10.63
2026-10-02 08:02:27,867 INFO iter=256800 epoch=37 lr=3.51e-05 G=4.192 advA2B=0.749 advB2A=0.866 cycA=0.082 cycB=0.097 idtA=0.072 idtB=0.085 D_A=0.036 D_B=0.070 D_A(real)=0.93 D_A(fake)=0.07 gnG=35.37 gnD=8.42 it_per_s=10.63
2026-10-02 08:02:37,277 INFO iter=256900 epoch=37 lr=3.50e-05 G=4.192 advA2B=0.749 advB2A=0.867 cycA=0.082 cycB=0.097 idtA=0.072 idtB=0.085 D_A=0.036 D_B=0.070 D_A(real)=0.93 D_A(fake)=0.07 gnG=35.39 gnD=8.42 it_per_s=10.63
2026-10-02 08:02:46,495 INFO iter=257000 epoch=37 lr=3.48e-05 G=4.191 advA2B=0.749 advB2A=0.866 cycA=0.082 cycB=0.097 idtA=0.072 idtB=0.085 D_A=0.036 D_B=0.070 D_A(real)=0.93 D_A(fake)=0.07 gnG=35.34 gnD=8.42 it_per_s=10.64
2026-10-02 08:02:55,671 INFO iter=257100 epoch=37 lr=3.47e-05 G=4.191 advA2B=0.749 advB2A=0.866 cycA=0.082 cycB=0.097 idtA=0.072 idtB=0.085 D_A=0.036 D_B=0.070 D_A(real)=0.93 D_A(fake)=0.07 gnG=35.34 gnD=8.43 it_per_s=10.65
2026-10-02 08:03:05,061 INFO iter=257200 epoch=37 lr=3.46e-05 G=4.188 advA2B=0.749 advB2A=0.866 cycA=0.082 cycB=0.097 idtA=0.072 idtB=0.085 D_A=0.036 D_B=0.070 D_A(real)=0.93 D_A(fake)=0.07 gnG=35.32 gnD=8.43 it_per_s=10.65
2026-10-02 08:03:14,354 INFO iter=257300 epoch=37 lr=3.44e-05 G=4.186 advA2B=0.749 advB2A=0.866 cycA=0.082 cycB=0.096 idtA=0.072 idtB=0.085 D_A=0.036 D_B=0.070 D_A(real)=0.93 D_A(fake)=0.07 gnG=35.30 gnD=8.42 it_per_s=10.65
2026-10-02 08:03:23,384 INFO iter=257400 epoch=37 lr=3.43e-05 G=4.185 advA2B=0.750 advB2A=0.865 cycA=0.082 cycB=0.096 idtA=0.072 idtB=0.085 D_A=0.036 D_B=0.069 D_A(real)=0.93 D_A(fake)=0.07 gnG=35.23 gnD=8.42 it_per_s=10.66
2026-10-02 08:03:32,787 INFO iter=257500 epoch=37 lr=3.41e-05 G=4.185 advA2B=0.751 advB2A=0.865 cycA=0.082 cycB=0.096 idtA=0.072 idtB=0.085 D_A=0.036 D_B=0.069 D_A(real)=0.93 D_A(fake)=0.07 gnG=35.17 gnD=8.42 it_per_s=10.66
2026-10-02 08:03:42,228 INFO iter=257600 epoch=37 lr=3.40e-05 G=4.182 advA2B=0.750 advB2A=0.865 cycA=0.082 cycB=0.096 idtA=0.072 idtB=0.085 D_A=0.036 D_B=0.069 D_A(real)=0.93 D_A(fake)=0.07 gnG=35.08 gnD=8.43 it_per_s=10.66
2026-10-02 08:03:51,243 INFO iter=257700 epoch=37 lr=3.38e-05 G=4.182 advA2B=0.750 advB2A=0.865 cycA=0.082 cycB=0.096 idtA=0.072 idtB=0.085 D_A=0.036 D_B=0.070 D_A(real)=0.93 D_A(fake)=0.07 gnG=35.10 gnD=8.44 it_per_s=10.67
2026-10-02 08:04:00,634 INFO iter=257800 epoch=37 lr=3.37e-05 G=4.183 advA2B=0.750 advB2A=0.865 cycA=0.082 cycB=0.096 idtA=0.072 idtB=0.085 D_A=0.036 D_B=0.069 D_A(real)=0.93 D_A(fake)=0.07 gnG=35.06 gnD=8.43 it_per_s=10.67
2026-10-02 08:04:10,058 INFO iter=257900 epoch=37 lr=3.36e-05 G=4.182 advA2B=0.750 advB2A=0.865 cycA=0.082 cycB=0.096 idtA=0.072 idtB=0.085 D_A=0.036 D_B=0.069 D_A(real)=0.93 D_A(fake)=0.07 gnG=35.03 gnD=8.42 it_per_s=10.67
2026-10-02 08:04:19,204 INFO iter=258000 epoch=37 lr=3.34e-05 G=4.180 advA2B=0.751 advB2A=0.865 cycA=0.082 cycB=0.096 idtA=0.072 idtB=0.085 D_A=0.036 D_B=0.069 D_A(real)=0.93 D_A(fake)=0.07 gnG=34.98 gnD=8.42 it_per_s=10.67
2026-10-02 08:04:28,462 INFO iter=258100 epoch=37 lr=3.33e-05 G=4.180 advA2B=0.750 advB2A=0.865 cycA=0.082 cycB=0.096 idtA=0.072 idtB=0.085 D_A=0.036 D_B=0.069 D_A(real)=0.93 D_A(fake)=0.07 gnG=35.04 gnD=8.42 it_per_s=10.67
2026-10-02 08:04:37,827 INFO iter=258200 epoch=37 lr=3.31e-05 G=4.179 advA2B=0.750 advB2A=0.864 cycA=0.082 cycB=0.096 idtA=0.072 idtB=0.085 D_A=0.036 D_B=0.069 D_A(real)=0.93 D_A(fake)=0.07 gnG=34.99 gnD=8.43 it_per_s=10.67
2026-10-02 08:04:47,021 INFO iter=258300 epoch=37 lr=3.30e-05 G=4.178 advA2B=0.750 advB2A=0.865 cycA=0.082 cycB=0.096 idtA=0.072 idtB=0.085 D_A=0.036 D_B=0.069 D_A(real)=0.93 D_A(fake)=0.07 gnG=34.98 gnD=8.44 it_per_s=10.68
2026-10-02 08:04:56,145 INFO iter=258400 epoch=37 lr=3.29e-05 G=4.181 advA2B=0.749 advB2A=0.865 cycA=0.082 cycB=0.096 idtA=0.072 idtB=0.085 D_A=0.036 D_B=0.069 D_A(real)=0.93 D_A(fake)=0.07 gnG=35.03 gnD=8.44 it_per_s=10.68
2026-10-02 08:05:05,551 INFO iter=258500 epoch=37 lr=3.27e-05 G=4.180 advA2B=0.749 advB2A=0.865 cycA=0.082 cycB=0.096 idtA=0.072 idtB=0.085 D_A=0.036 D_B=0.069 D_A(real)=0.93 D_A(fake)=0.07 gnG=35.04 gnD=8.44 it_per_s=10.68
2026-10-02 08:05:14,969 INFO iter=258600 epoch=37 lr=3.26e-05 G=4.181 advA2B=0.750 advB2A=0.865 cycA=0.082 cycB=0.096 idtA=0.072 idtB=0.085 D_A=0.036 D_B=0.069 D_A(real)=0.93 D_A(fake)=0.07 gnG=35.07 gnD=8.44 it_per_s=10.68
2026-10-02 08:05:23,998 INFO iter=258700 epoch=37 lr=3.24e-05 G=4.182 advA2B=0.750 advB2A=0.866 cycA=0.082 cycB=0.096 idtA=0.072 idtB=0.085 D_A=0.036 D_B=0.069 D_A(real)=0.93 D_A(fake)=0.07 gnG=35.36 gnD=8.43 it_per_s=10.69
2026-10-02 08:05:33,406 INFO iter=258800 epoch=37 lr=3.23e-05 G=4.182 advA2B=0.750 advB2A=0.866 cycA=0.082 cycB=0.096 idtA=0.072 idtB=0.085 D_A=0.036 D_B=0.069 D_A(real)=0.93 D_A(fake)=0.07 gnG=35.38 gnD=8.42 it_per_s=10.69
2026-10-02 08:05:42,828 INFO iter=258900 epoch=37 lr=3.21e-05 G=4.184 advA2B=0.751 advB2A=0.866 cycA=0.082 cycB=0.096 idtA=0.072 idtB=0.085 D_A=0.036 D_B=0.069 D_A(real)=0.93 D_A(fake)=0.07 gnG=35.40 gnD=8.42 it_per_s=10.69
2026-10-02 08:05:51,851 INFO iter=259000 epoch=37 lr=3.20e-05 G=4.184 advA2B=0.751 advB2A=0.866 cycA=0.082 cycB=0.096 idtA=0.072 idtB=0.085 D_A=0.036 D_B=0.069 D_A(real)=0.93 D_A(fake)=0.07 gnG=35.39 gnD=8.42 it_per_s=10.69
2026-10-02 08:06:01,195 INFO iter=259100 epoch=37 lr=3.19e-05 G=4.185 advA2B=0.751 advB2A=0.866 cycA=0.082 cycB=0.096 idtA=0.072 idtB=0.085 D_A=0.036 D_B=0.069 D_A(real)=0.93 D_A(fake)=0.07 gnG=35.35 gnD=8.42 it_per_s=10.69
2026-10-02 08:06:10,611 INFO iter=259200 epoch=37 lr=3.17e-05 G=4.184 advA2B=0.751 advB2A=0.866 cycA=0.082 cycB=0.096 idtA=0.072 idtB=0.085 D_A=0.036 D_B=0.069 D_A(real)=0.93 D_A(fake)=0.07 gnG=35.34 gnD=8.42 it_per_s=10.69
2026-10-02 08:06:19,840 INFO iter=259300 epoch=37 lr=3.16e-05 G=4.183 advA2B=0.751 advB2A=0.867 cycA=0.082 cycB=0.096 idtA=0.072 idtB=0.085 D_A=0.036 D_B=0.069 D_A(real)=0.93 D_A(fake)=0.07 gnG=35.32 gnD=8.41 it_per_s=10.69
2026-10-02 08:06:29,072 INFO iter=259400 epoch=37 lr=3.14e-05 G=4.185 advA2B=0.751 advB2A=0.867 cycA=0.082 cycB=0.096 idtA=0.072 idtB=0.085 D_A=0.036 D_B=0.069 D_A(real)=0.93 D_A(fake)=0.07 gnG=35.29 gnD=8.41 it_per_s=10.70
2026-10-02 08:06:38,432 INFO iter=259500 epoch=37 lr=3.13e-05 G=4.185 advA2B=0.751 advB2A=0.867 cycA=0.082 cycB=0.096 idtA=0.072 idtB=0.085 D_A=0.036 D_B=0.069 D_A(real)=0.93 D_A(fake)=0.07 gnG=35.30 gnD=8.42 it_per_s=10.70
2026-10-02 08:06:47,732 INFO iter=259600 epoch=37 lr=3.11e-05 G=4.182 advA2B=0.751 advB2A=0.867 cycA=0.082 cycB=0.096 idtA=0.072 idtB=0.085 D_A=0.036 D_B=0.069 D_A(real)=0.93 D_A(fake)=0.07 gnG=35.31 gnD=8.41 it_per_s=10.70
2026-10-02 08:06:56,895 INFO iter=259700 epoch=37 lr=3.10e-05 G=4.182 advA2B=0.751 advB2A=0.867 cycA=0.082 cycB=0.096 idtA=0.072 idtB=0.085 D_A=0.036 D_B=0.069 D_A(real)=0.93 D_A(fake)=0.07 gnG=35.32 gnD=8.41 it_per_s=10.70
2026-10-02 08:07:06,313 INFO iter=259800 epoch=37 lr=3.09e-05 G=4.181 advA2B=0.752 advB2A=0.867 cycA=0.082 cycB=0.096 idtA=0.072 idtB=0.085 D_A=0.036 D_B=0.069 D_A(real)=0.93 D_A(fake)=0.07 gnG=35.30 gnD=8.39 it_per_s=10.70
2026-10-02 08:07:15,711 INFO iter=259900 epoch=37 lr=3.07e-05 G=4.181 advA2B=0.752 advB2A=0.867 cycA=0.082 cycB=0.096 idtA=0.072 idtB=0.085 D_A=0.036 D_B=0.069 D_A(real)=0.93 D_A(fake)=0.07 gnG=35.33 gnD=8.39 it_per_s=10.70
2026-10-02 08:07:25,105 INFO iter=260000 epoch=37 lr=3.06e-05 G=4.182 advA2B=0.752 advB2A=0.867 cycA=0.082 cycB=0.096 idtA=0.072 idtB=0.085 D_A=0.036 D_B=0.069 D_A(real)=0.93 D_A(fake)=0.07 gnG=35.34 gnD=8.38 it_per_s=10.70
2026-10-02 08:07:34,494 INFO iter=260100 epoch=37 lr=3.04e-05 G=4.181 advA2B=0.752 advB2A=0.867 cycA=0.082 cycB=0.096 idtA=0.072 idtB=0.085 D_A=0.036 D_B=0.069 D_A(real)=0.93 D_A(fake)=0.07 gnG=35.34 gnD=8.39 it_per_s=10.70
2026-10-02 08:07:43,902 INFO iter=260200 epoch=37 lr=3.03e-05 G=4.181 advA2B=0.752 advB2A=0.867 cycA=0.082 cycB=0.096 idtA=0.072 idtB=0.085 D_A=0.036 D_B=0.069 D_A(real)=0.93 D_A(fake)=0.07 gnG=35.32 gnD=8.38 it_per_s=10.70
2026-10-02 08:07:52,933 INFO iter=260300 epoch=37 lr=3.02e-05 G=4.181 advA2B=0.752 advB2A=0.868 cycA=0.082 cycB=0.096 idtA=0.072 idtB=0.085 D_A=0.036 D_B=0.069 D_A(real)=0.93 D_A(fake)=0.07 gnG=35.33 gnD=8.38 it_per_s=10.70
2026-10-02 08:08:02,252 INFO iter=260400 epoch=37 lr=3.00e-05 G=4.182 advA2B=0.752 advB2A=0.868 cycA=0.082 cycB=0.096 idtA=0.072 idtB=0.085 D_A=0.036 D_B=0.069 D_A(real)=0.93 D_A(fake)=0.07 gnG=35.30 gnD=8.38 it_per_s=10.70
2026-10-02 08:08:02,822 INFO epoch=37 done time_s=658 it_per_s=10.70 G=4.182 cycA=0.082 cycB=0.096 idtA=0.072 idtB=0.085 D_A=0.036 D_B=0.069 D_A(real)=0.93 D_A(fake)=0.07 nan_count=0
2026-10-02 08:08:02,822 WARNING epoch=37 D_A (Monet) loss 0.0356 is near 0: possible discriminator overfitting
2026-10-02 08:08:12,262 INFO iter=260500 epoch=38 lr=2.99e-05 G=4.233 advA2B=0.783 advB2A=0.864 cycA=0.082 cycB=0.098 idtA=0.071 idtB=0.085 D_A=0.039 D_B=0.064 D_A(real)=0.93 D_A(fake)=0.07 gnG=35.91 gnD=8.34 it_per_s=10.60
2026-10-02 08:08:21,513 INFO iter=260600 epoch=38 lr=2.97e-05 G=4.162 advA2B=0.776 advB2A=0.868 cycA=0.082 cycB=0.094 idtA=0.071 idtB=0.081 D_A=0.036 D_B=0.064 D_A(real)=0.93 D_A(fake)=0.06 gnG=34.27 gnD=8.36 it_per_s=10.71
2026-10-02 08:08:30,769 INFO iter=260700 epoch=38 lr=2.96e-05 G=4.122 advA2B=0.767 advB2A=0.858 cycA=0.081 cycB=0.093 idtA=0.070 idtB=0.081 D_A=0.037 D_B=0.066 D_A(real)=0.93 D_A(fake)=0.07 gnG=34.16 gnD=8.33 it_per_s=10.74
2026-10-02 08:08:40,198 INFO iter=260800 epoch=38 lr=2.94e-05 G=4.157 advA2B=0.764 advB2A=0.866 cycA=0.081 cycB=0.095 idtA=0.070 idtB=0.084 D_A=0.036 D_B=0.066 D_A(real)=0.93 D_A(fake)=0.07 gnG=35.07 gnD=8.22 it_per_s=10.71
2026-10-02 08:08:49,591 INFO iter=260900 epoch=38 lr=2.93e-05 G=4.161 advA2B=0.759 advB2A=0.865 cycA=0.081 cycB=0.095 idtA=0.070 idtB=0.084 D_A=0.036 D_B=0.068 D_A(real)=0.93 D_A(fake)=0.07 gnG=35.03 gnD=8.31 it_per_s=10.69
2026-10-02 08:08:59,012 INFO iter=261000 epoch=38 lr=2.92e-05 G=4.166 advA2B=0.765 advB2A=0.866 cycA=0.081 cycB=0.095 idtA=0.070 idtB=0.084 D_A=0.036 D_B=0.067 D_A(real)=0.93 D_A(fake)=0.07 gnG=34.86 gnD=8.31 it_per_s=10.68
2026-10-02 08:09:08,402 INFO iter=261100 epoch=38 lr=2.90e-05 G=4.171 advA2B=0.762 advB2A=0.867 cycA=0.081 cycB=0.095 idtA=0.070 idtB=0.085 D_A=0.035 D_B=0.067 D_A(real)=0.93 D_A(fake)=0.07 gnG=34.55 gnD=8.33 it_per_s=10.68
2026-10-02 08:09:17,801 INFO iter=261200 epoch=38 lr=2.89e-05 G=4.155 advA2B=0.759 advB2A=0.865 cycA=0.081 cycB=0.095 idtA=0.070 idtB=0.085 D_A=0.035 D_B=0.068 D_A(real)=0.93 D_A(fake)=0.07 gnG=34.61 gnD=8.40 it_per_s=10.67
2026-10-02 08:09:27,207 INFO iter=261300 epoch=38 lr=2.87e-05 G=4.156 advA2B=0.759 advB2A=0.865 cycA=0.081 cycB=0.095 idtA=0.070 idtB=0.084 D_A=0.035 D_B=0.068 D_A(real)=0.93 D_A(fake)=0.07 gnG=34.66 gnD=8.42 it_per_s=10.67
2026-10-02 08:09:36,631 INFO iter=261400 epoch=38 lr=2.86e-05 G=4.155 advA2B=0.763 advB2A=0.867 cycA=0.081 cycB=0.094 idtA=0.070 idtB=0.084 D_A=0.035 D_B=0.068 D_A(real)=0.93 D_A(fake)=0.07 gnG=34.67 gnD=8.41 it_per_s=10.66
2026-10-02 08:09:46,051 INFO iter=261500 epoch=38 lr=2.84e-05 G=4.165 advA2B=0.763 advB2A=0.866 cycA=0.081 cycB=0.095 idtA=0.070 idtB=0.085 D_A=0.035 D_B=0.067 D_A(real)=0.93 D_A(fake)=0.07 gnG=34.61 gnD=8.40 it_per_s=10.66
2026-10-02 08:09:55,474 INFO iter=261600 epoch=38 lr=2.83e-05 G=4.159 advA2B=0.763 advB2A=0.866 cycA=0.081 cycB=0.095 idtA=0.070 idtB=0.085 D_A=0.035 D_B=0.067 D_A(real)=0.93 D_A(fake)=0.07 gnG=34.50 gnD=8.37 it_per_s=10.65
2026-10-02 08:10:04,887 INFO iter=261700 epoch=38 lr=2.82e-05 G=4.145 advA2B=0.762 advB2A=0.864 cycA=0.081 cycB=0.094 idtA=0.070 idtB=0.084 D_A=0.035 D_B=0.068 D_A(real)=0.93 D_A(fake)=0.07 gnG=34.61 gnD=8.44 it_per_s=10.65
2026-10-02 08:10:14,271 INFO iter=261800 epoch=38 lr=2.80e-05 G=4.146 advA2B=0.761 advB2A=0.865 cycA=0.081 cycB=0.094 idtA=0.070 idtB=0.084 D_A=0.035 D_B=0.067 D_A(real)=0.93 D_A(fake)=0.07 gnG=34.54 gnD=8.44 it_per_s=10.65
2026-10-02 08:10:23,661 INFO iter=261900 epoch=38 lr=2.79e-05 G=4.150 advA2B=0.759 advB2A=0.866 cycA=0.081 cycB=0.094 idtA=0.070 idtB=0.084 D_A=0.035 D_B=0.068 D_A(real)=0.93 D_A(fake)=0.07 gnG=34.63 gnD=8.45 it_per_s=10.65
2026-10-02 08:10:33,079 INFO iter=262000 epoch=38 lr=2.77e-05 G=4.151 advA2B=0.759 advB2A=0.865 cycA=0.081 cycB=0.095 idtA=0.070 idtB=0.084 D_A=0.035 D_B=0.068 D_A(real)=0.93 D_A(fake)=0.07 gnG=34.78 gnD=8.45 it_per_s=10.65
2026-10-02 08:10:42,471 INFO iter=262100 epoch=38 lr=2.76e-05 G=4.147 advA2B=0.760 advB2A=0.865 cycA=0.081 cycB=0.094 idtA=0.070 idtB=0.084 D_A=0.035 D_B=0.068 D_A(real)=0.92 D_A(fake)=0.08 gnG=34.86 gnD=8.45 it_per_s=10.65
2026-10-02 08:10:51,751 INFO iter=262200 epoch=38 lr=2.75e-05 G=4.152 advA2B=0.760 advB2A=0.865 cycA=0.081 cycB=0.094 idtA=0.070 idtB=0.084 D_A=0.036 D_B=0.067 D_A(real)=0.93 D_A(fake)=0.07 gnG=34.91 gnD=8.44 it_per_s=10.66
2026-10-02 08:11:01,226 INFO iter=262300 epoch=38 lr=2.73e-05 G=4.151 advA2B=0.760 advB2A=0.864 cycA=0.081 cycB=0.094 idtA=0.070 idtB=0.084 D_A=0.036 D_B=0.067 D_A(real)=0.93 D_A(fake)=0.08 gnG=34.77 gnD=8.44 it_per_s=10.65
2026-10-02 08:11:10,617 INFO iter=262400 epoch=38 lr=2.72e-05 G=4.152 advA2B=0.761 advB2A=0.863 cycA=0.081 cycB=0.095 idtA=0.070 idtB=0.084 D_A=0.036 D_B=0.067 D_A(real)=0.92 D_A(fake)=0.08 gnG=34.76 gnD=8.42 it_per_s=10.65
2026-10-02 08:11:20,013 INFO iter=262500 epoch=38 lr=2.70e-05 G=4.156 advA2B=0.760 advB2A=0.863 cycA=0.081 cycB=0.095 idtA=0.070 idtB=0.085 D_A=0.036 D_B=0.067 D_A(real)=0.92 D_A(fake)=0.08 gnG=34.71 gnD=8.43 it_per_s=10.65
2026-10-02 08:11:29,175 INFO iter=262600 epoch=38 lr=2.69e-05 G=4.158 advA2B=0.760 advB2A=0.863 cycA=0.081 cycB=0.095 idtA=0.070 idtB=0.085 D_A=0.036 D_B=0.067 D_A(real)=0.92 D_A(fake)=0.08 gnG=34.81 gnD=8.40 it_per_s=10.66
2026-10-02 08:11:38,617 INFO iter=262700 epoch=38 lr=2.67e-05 G=4.157 advA2B=0.759 advB2A=0.864 cycA=0.081 cycB=0.095 idtA=0.070 idtB=0.085 D_A=0.036 D_B=0.067 D_A(real)=0.92 D_A(fake)=0.08 gnG=34.73 gnD=8.40 it_per_s=10.66
2026-10-02 08:11:47,970 INFO iter=262800 epoch=38 lr=2.66e-05 G=4.160 advA2B=0.758 advB2A=0.865 cycA=0.081 cycB=0.095 idtA=0.070 idtB=0.085 D_A=0.035 D_B=0.068 D_A(real)=0.92 D_A(fake)=0.08 gnG=34.68 gnD=8.41 it_per_s=10.66
2026-10-02 08:11:56,978 INFO iter=262900 epoch=38 lr=2.65e-05 G=4.152 advA2B=0.757 advB2A=0.864 cycA=0.081 cycB=0.095 idtA=0.070 idtB=0.084 D_A=0.035 D_B=0.068 D_A(real)=0.92 D_A(fake)=0.08 gnG=34.69 gnD=8.40 it_per_s=10.68
2026-10-02 08:12:06,360 INFO iter=263000 epoch=38 lr=2.63e-05 G=4.164 advA2B=0.758 advB2A=0.865 cycA=0.081 cycB=0.095 idtA=0.070 idtB=0.085 D_A=0.035 D_B=0.067 D_A(real)=0.92 D_A(fake)=0.08 gnG=34.94 gnD=8.38 it_per_s=10.68
2026-10-02 08:12:15,765 INFO iter=263100 epoch=38 lr=2.62e-05 G=4.162 advA2B=0.759 advB2A=0.864 cycA=0.081 cycB=0.095 idtA=0.070 idtB=0.085 D_A=0.035 D_B=0.067 D_A(real)=0.92 D_A(fake)=0.08 gnG=34.98 gnD=8.37 it_per_s=10.67
2026-10-02 08:12:25,171 INFO iter=263200 epoch=38 lr=2.60e-05 G=4.167 advA2B=0.760 advB2A=0.864 cycA=0.081 cycB=0.096 idtA=0.070 idtB=0.085 D_A=0.035 D_B=0.068 D_A(real)=0.92 D_A(fake)=0.08 gnG=35.02 gnD=8.39 it_per_s=10.67
2026-10-02 08:12:34,591 INFO iter=263300 epoch=38 lr=2.59e-05 G=4.166 advA2B=0.759 advB2A=0.865 cycA=0.081 cycB=0.096 idtA=0.070 idtB=0.085 D_A=0.035 D_B=0.068 D_A(real)=0.92 D_A(fake)=0.08 gnG=34.98 gnD=8.40 it_per_s=10.67
2026-10-02 08:12:43,962 INFO iter=263400 epoch=38 lr=2.57e-05 G=4.167 advA2B=0.759 advB2A=0.864 cycA=0.081 cycB=0.096 idtA=0.070 idtB=0.085 D_A=0.035 D_B=0.068 D_A(real)=0.92 D_A(fake)=0.08 gnG=34.93 gnD=8.40 it_per_s=10.67
2026-10-02 08:12:53,163 INFO iter=263500 epoch=38 lr=2.56e-05 G=4.166 advA2B=0.759 advB2A=0.865 cycA=0.081 cycB=0.096 idtA=0.070 idtB=0.085 D_A=0.035 D_B=0.068 D_A(real)=0.92 D_A(fake)=0.08 gnG=34.95 gnD=8.40 it_per_s=10.68
2026-10-02 08:13:02,411 INFO iter=263600 epoch=38 lr=2.55e-05 G=4.164 advA2B=0.758 advB2A=0.865 cycA=0.081 cycB=0.095 idtA=0.070 idtB=0.085 D_A=0.035 D_B=0.068 D_A(real)=0.92 D_A(fake)=0.08 gnG=34.94 gnD=8.41 it_per_s=10.68
2026-10-02 08:13:11,792 INFO iter=263700 epoch=38 lr=2.53e-05 G=4.160 advA2B=0.758 advB2A=0.865 cycA=0.081 cycB=0.095 idtA=0.070 idtB=0.085 D_A=0.035 D_B=0.068 D_A(real)=0.92 D_A(fake)=0.08 gnG=34.89 gnD=8.40 it_per_s=10.68
2026-10-02 08:13:21,146 INFO iter=263800 epoch=38 lr=2.52e-05 G=4.162 advA2B=0.758 advB2A=0.866 cycA=0.081 cycB=0.095 idtA=0.070 idtB=0.085 D_A=0.035 D_B=0.068 D_A(real)=0.92 D_A(fake)=0.08 gnG=34.85 gnD=8.39 it_per_s=10.68
2026-10-02 08:13:30,296 INFO iter=263900 epoch=38 lr=2.50e-05 G=4.164 advA2B=0.757 advB2A=0.865 cycA=0.081 cycB=0.095 idtA=0.070 idtB=0.085 D_A=0.035 D_B=0.068 D_A(real)=0.92 D_A(fake)=0.08 gnG=34.80 gnD=8.38 it_per_s=10.69
2026-10-02 08:13:39,692 INFO iter=264000 epoch=38 lr=2.49e-05 G=4.166 advA2B=0.757 advB2A=0.865 cycA=0.081 cycB=0.095 idtA=0.070 idtB=0.085 D_A=0.035 D_B=0.068 D_A(real)=0.92 D_A(fake)=0.08 gnG=34.78 gnD=8.38 it_per_s=10.69
2026-10-02 08:13:49,014 INFO iter=264100 epoch=38 lr=2.48e-05 G=4.167 advA2B=0.757 advB2A=0.865 cycA=0.081 cycB=0.095 idtA=0.070 idtB=0.085 D_A=0.035 D_B=0.068 D_A(real)=0.92 D_A(fake)=0.08 gnG=34.84 gnD=8.37 it_per_s=10.69
2026-10-02 08:13:58,047 INFO iter=264200 epoch=38 lr=2.46e-05 G=4.171 advA2B=0.758 advB2A=0.866 cycA=0.081 cycB=0.096 idtA=0.071 idtB=0.085 D_A=0.035 D_B=0.068 D_A(real)=0.92 D_A(fake)=0.08 gnG=34.92 gnD=8.37 it_per_s=10.70
2026-10-02 08:14:07,444 INFO iter=264300 epoch=38 lr=2.45e-05 G=4.170 advA2B=0.757 advB2A=0.866 cycA=0.081 cycB=0.096 idtA=0.071 idtB=0.085 D_A=0.035 D_B=0.068 D_A(real)=0.92 D_A(fake)=0.08 gnG=34.93 gnD=8.38 it_per_s=10.70
2026-10-02 08:14:16,844 INFO iter=264400 epoch=38 lr=2.43e-05 G=4.168 advA2B=0.758 advB2A=0.867 cycA=0.081 cycB=0.096 idtA=0.070 idtB=0.085 D_A=0.035 D_B=0.068 D_A(real)=0.92 D_A(fake)=0.08 gnG=34.91 gnD=8.37 it_per_s=10.69
2026-10-02 08:14:25,849 INFO iter=264500 epoch=38 lr=2.42e-05 G=4.168 advA2B=0.758 advB2A=0.867 cycA=0.081 cycB=0.095 idtA=0.070 idtB=0.085 D_A=0.035 D_B=0.067 D_A(real)=0.92 D_A(fake)=0.08 gnG=34.90 gnD=8.38 it_per_s=10.70
2026-10-02 08:14:35,164 INFO iter=264600 epoch=38 lr=2.40e-05 G=4.168 advA2B=0.758 advB2A=0.867 cycA=0.081 cycB=0.095 idtA=0.070 idtB=0.085 D_A=0.035 D_B=0.068 D_A(real)=0.92 D_A(fake)=0.08 gnG=34.87 gnD=8.38 it_per_s=10.71
2026-10-02 08:14:44,592 INFO iter=264700 epoch=38 lr=2.39e-05 G=4.168 advA2B=0.758 advB2A=0.866 cycA=0.081 cycB=0.096 idtA=0.071 idtB=0.085 D_A=0.035 D_B=0.067 D_A(real)=0.92 D_A(fake)=0.08 gnG=34.90 gnD=8.39 it_per_s=10.70
2026-10-02 08:14:53,839 INFO iter=264800 epoch=38 lr=2.38e-05 G=4.168 advA2B=0.759 advB2A=0.867 cycA=0.081 cycB=0.096 idtA=0.070 idtB=0.085 D_A=0.035 D_B=0.067 D_A(real)=0.92 D_A(fake)=0.08 gnG=34.88 gnD=8.38 it_per_s=10.71
2026-10-02 08:15:03,087 INFO iter=264900 epoch=38 lr=2.36e-05 G=4.168 advA2B=0.758 advB2A=0.866 cycA=0.081 cycB=0.096 idtA=0.070 idtB=0.085 D_A=0.035 D_B=0.067 D_A(real)=0.92 D_A(fake)=0.08 gnG=34.85 gnD=8.40 it_per_s=10.71
2026-10-02 08:15:12,476 INFO iter=265000 epoch=38 lr=2.35e-05 G=4.169 advA2B=0.758 advB2A=0.866 cycA=0.081 cycB=0.096 idtA=0.070 idtB=0.085 D_A=0.035 D_B=0.068 D_A(real)=0.92 D_A(fake)=0.08 gnG=34.87 gnD=8.40 it_per_s=10.71
2026-10-02 08:15:21,823 INFO iter=265100 epoch=38 lr=2.33e-05 G=4.170 advA2B=0.757 advB2A=0.867 cycA=0.081 cycB=0.096 idtA=0.071 idtB=0.085 D_A=0.035 D_B=0.068 D_A(real)=0.92 D_A(fake)=0.08 gnG=34.93 gnD=8.39 it_per_s=10.71
2026-10-02 08:15:30,878 INFO iter=265200 epoch=38 lr=2.32e-05 G=4.169 advA2B=0.757 advB2A=0.867 cycA=0.081 cycB=0.096 idtA=0.070 idtB=0.085 D_A=0.035 D_B=0.068 D_A(real)=0.92 D_A(fake)=0.08 gnG=34.94 gnD=8.39 it_per_s=10.71
2026-10-02 08:15:40,274 INFO iter=265300 epoch=38 lr=2.30e-05 G=4.168 advA2B=0.758 advB2A=0.867 cycA=0.081 cycB=0.096 idtA=0.070 idtB=0.085 D_A=0.035 D_B=0.068 D_A(real)=0.92 D_A(fake)=0.08 gnG=34.91 gnD=8.39 it_per_s=10.71
2026-10-02 08:15:49,610 INFO iter=265400 epoch=38 lr=2.29e-05 G=4.166 advA2B=0.757 advB2A=0.867 cycA=0.081 cycB=0.096 idtA=0.070 idtB=0.085 D_A=0.035 D_B=0.068 D_A(real)=0.92 D_A(fake)=0.08 gnG=34.86 gnD=8.39 it_per_s=10.71
2026-10-02 08:15:58,592 INFO iter=265500 epoch=38 lr=2.28e-05 G=4.167 advA2B=0.757 advB2A=0.868 cycA=0.081 cycB=0.096 idtA=0.070 idtB=0.085 D_A=0.035 D_B=0.068 D_A(real)=0.92 D_A(fake)=0.08 gnG=34.95 gnD=8.38 it_per_s=10.72
2026-10-02 08:16:07,995 INFO iter=265600 epoch=38 lr=2.26e-05 G=4.167 advA2B=0.757 advB2A=0.868 cycA=0.081 cycB=0.096 idtA=0.070 idtB=0.085 D_A=0.035 D_B=0.068 D_A(real)=0.92 D_A(fake)=0.08 gnG=34.91 gnD=8.38 it_per_s=10.72
2026-10-02 08:16:17,382 INFO iter=265700 epoch=38 lr=2.25e-05 G=4.165 advA2B=0.757 advB2A=0.868 cycA=0.081 cycB=0.095 idtA=0.070 idtB=0.085 D_A=0.035 D_B=0.068 D_A(real)=0.92 D_A(fake)=0.08 gnG=34.92 gnD=8.39 it_per_s=10.72
2026-10-02 08:16:26,469 INFO iter=265800 epoch=38 lr=2.23e-05 G=4.164 advA2B=0.757 advB2A=0.869 cycA=0.081 cycB=0.095 idtA=0.070 idtB=0.085 D_A=0.035 D_B=0.068 D_A(real)=0.92 D_A(fake)=0.08 gnG=34.85 gnD=8.38 it_per_s=10.72
2026-10-02 08:16:35,779 INFO iter=265900 epoch=38 lr=2.22e-05 G=4.165 advA2B=0.757 advB2A=0.869 cycA=0.081 cycB=0.095 idtA=0.070 idtB=0.085 D_A=0.035 D_B=0.068 D_A(real)=0.92 D_A(fake)=0.08 gnG=34.81 gnD=8.38 it_per_s=10.72
2026-10-02 08:16:45,192 INFO iter=266000 epoch=38 lr=2.21e-05 G=4.166 advA2B=0.759 advB2A=0.869 cycA=0.081 cycB=0.095 idtA=0.070 idtB=0.085 D_A=0.035 D_B=0.067 D_A(real)=0.93 D_A(fake)=0.07 gnG=34.83 gnD=8.37 it_per_s=10.72
2026-10-02 08:16:54,446 INFO iter=266100 epoch=38 lr=2.19e-05 G=4.164 advA2B=0.759 advB2A=0.868 cycA=0.081 cycB=0.095 idtA=0.070 idtB=0.085 D_A=0.035 D_B=0.067 D_A(real)=0.92 D_A(fake)=0.08 gnG=34.90 gnD=8.37 it_per_s=10.72
2026-10-02 08:17:03,659 INFO iter=266200 epoch=38 lr=2.18e-05 G=4.164 advA2B=0.759 advB2A=0.869 cycA=0.081 cycB=0.095 idtA=0.070 idtB=0.085 D_A=0.035 D_B=0.067 D_A(real)=0.92 D_A(fake)=0.08 gnG=34.93 gnD=8.37 it_per_s=10.72
2026-10-02 08:17:13,044 INFO iter=266300 epoch=38 lr=2.16e-05 G=4.164 advA2B=0.759 advB2A=0.869 cycA=0.081 cycB=0.095 idtA=0.070 idtB=0.085 D_A=0.035 D_B=0.067 D_A(real)=0.92 D_A(fake)=0.08 gnG=34.91 gnD=8.37 it_per_s=10.72
2026-10-02 08:17:22,516 INFO iter=266400 epoch=38 lr=2.15e-05 G=4.164 advA2B=0.759 advB2A=0.869 cycA=0.081 cycB=0.095 idtA=0.070 idtB=0.084 D_A=0.035 D_B=0.067 D_A(real)=0.92 D_A(fake)=0.08 gnG=34.90 gnD=8.37 it_per_s=10.72
2026-10-02 08:17:31,904 INFO iter=266500 epoch=38 lr=2.13e-05 G=4.163 advA2B=0.759 advB2A=0.869 cycA=0.081 cycB=0.095 idtA=0.070 idtB=0.084 D_A=0.035 D_B=0.067 D_A(real)=0.92 D_A(fake)=0.08 gnG=34.89 gnD=8.38 it_per_s=10.72
2026-10-02 08:17:41,315 INFO iter=266600 epoch=38 lr=2.12e-05 G=4.164 advA2B=0.759 advB2A=0.869 cycA=0.081 cycB=0.095 idtA=0.070 idtB=0.085 D_A=0.035 D_B=0.067 D_A(real)=0.92 D_A(fake)=0.08 gnG=34.90 gnD=8.38 it_per_s=10.72
2026-10-02 08:17:50,689 INFO iter=266700 epoch=38 lr=2.11e-05 G=4.163 advA2B=0.759 advB2A=0.870 cycA=0.081 cycB=0.095 idtA=0.070 idtB=0.084 D_A=0.035 D_B=0.067 D_A(real)=0.92 D_A(fake)=0.08 gnG=34.89 gnD=8.37 it_per_s=10.72
2026-10-02 08:17:59,715 INFO iter=266800 epoch=38 lr=2.09e-05 G=4.163 advA2B=0.759 advB2A=0.870 cycA=0.081 cycB=0.095 idtA=0.070 idtB=0.084 D_A=0.035 D_B=0.067 D_A(real)=0.93 D_A(fake)=0.08 gnG=34.89 gnD=8.38 it_per_s=10.72
2026-10-02 08:18:09,109 INFO iter=266900 epoch=38 lr=2.08e-05 G=4.162 advA2B=0.759 advB2A=0.870 cycA=0.081 cycB=0.095 idtA=0.070 idtB=0.084 D_A=0.035 D_B=0.067 D_A(real)=0.93 D_A(fake)=0.07 gnG=34.85 gnD=8.38 it_per_s=10.72
2026-10-02 08:18:18,485 INFO iter=267000 epoch=38 lr=2.06e-05 G=4.162 advA2B=0.759 advB2A=0.871 cycA=0.081 cycB=0.095 idtA=0.070 idtB=0.084 D_A=0.035 D_B=0.067 D_A(real)=0.93 D_A(fake)=0.07 gnG=34.88 gnD=8.39 it_per_s=10.72
2026-10-02 08:18:27,524 INFO iter=267100 epoch=38 lr=2.05e-05 G=4.162 advA2B=0.759 advB2A=0.871 cycA=0.081 cycB=0.095 idtA=0.070 idtB=0.084 D_A=0.035 D_B=0.067 D_A(real)=0.93 D_A(fake)=0.07 gnG=34.85 gnD=8.39 it_per_s=10.73
2026-10-02 08:18:36,794 INFO iter=267200 epoch=38 lr=2.03e-05 G=4.161 advA2B=0.759 advB2A=0.871 cycA=0.081 cycB=0.095 idtA=0.070 idtB=0.084 D_A=0.035 D_B=0.067 D_A(real)=0.93 D_A(fake)=0.07 gnG=34.90 gnD=8.40 it_per_s=10.73
2026-10-02 08:18:46,193 INFO iter=267300 epoch=38 lr=2.02e-05 G=4.162 advA2B=0.759 advB2A=0.871 cycA=0.081 cycB=0.095 idtA=0.070 idtB=0.084 D_A=0.035 D_B=0.067 D_A(real)=0.93 D_A(fake)=0.07 gnG=34.88 gnD=8.39 it_per_s=10.72
2026-10-02 08:18:55,339 INFO iter=267400 epoch=38 lr=2.01e-05 G=4.160 advA2B=0.760 advB2A=0.871 cycA=0.081 cycB=0.095 idtA=0.070 idtB=0.084 D_A=0.035 D_B=0.067 D_A(real)=0.93 D_A(fake)=0.07 gnG=34.86 gnD=8.39 it_per_s=10.73
2026-10-02 08:18:59,273 INFO epoch=38 done time_s=656 it_per_s=10.73 G=4.160 cycA=0.081 cycB=0.095 idtA=0.070 idtB=0.084 D_A=0.035 D_B=0.067 D_A(real)=0.93 D_A(fake)=0.07 nan_count=0
2026-10-02 08:18:59,275 WARNING epoch=38 D_A (Monet) loss 0.0347 is near 0: possible discriminator overfitting
2026-10-02 08:19:05,189 INFO iter=267500 epoch=39 lr=1.99e-05 G=4.170 advA2B=0.773 advB2A=0.880 cycA=0.079 cycB=0.095 idtA=0.068 idtB=0.089 D_A=0.037 D_B=0.060 D_A(real)=0.93 D_A(fake)=0.07 gnG=35.78 gnD=8.09 it_per_s=10.41
2026-10-02 08:19:14,638 INFO iter=267600 epoch=39 lr=1.98e-05 G=4.079 advA2B=0.764 advB2A=0.876 cycA=0.078 cycB=0.091 idtA=0.068 idtB=0.083 D_A=0.035 D_B=0.064 D_A(real)=0.93 D_A(fake)=0.08 gnG=33.18 gnD=8.16 it_per_s=10.52
2026-10-02 08:19:24,071 INFO iter=267700 epoch=39 lr=1.96e-05 G=4.102 advA2B=0.764 advB2A=0.868 cycA=0.079 cycB=0.092 idtA=0.069 idtB=0.083 D_A=0.037 D_B=0.065 D_A(real)=0.92 D_A(fake)=0.08 gnG=33.40 gnD=8.32 it_per_s=10.55
2026-10-02 08:19:33,483 INFO iter=267800 epoch=39 lr=1.95e-05 G=4.132 advA2B=0.766 advB2A=0.862 cycA=0.080 cycB=0.094 idtA=0.069 idtB=0.085 D_A=0.035 D_B=0.064 D_A(real)=0.92 D_A(fake)=0.08 gnG=33.46 gnD=8.05 it_per_s=10.57
2026-10-02 08:19:42,955 INFO iter=267900 epoch=39 lr=1.94e-05 G=4.162 advA2B=0.766 advB2A=0.866 cycA=0.081 cycB=0.095 idtA=0.070 idtB=0.084 D_A=0.036 D_B=0.065 D_A(real)=0.92 D_A(fake)=0.08 gnG=34.53 gnD=8.22 it_per_s=10.57
2026-10-02 08:19:52,391 INFO iter=268000 epoch=39 lr=1.92e-05 G=4.191 advA2B=0.769 advB2A=0.869 cycA=0.081 cycB=0.096 idtA=0.071 idtB=0.085 D_A=0.036 D_B=0.064 D_A(real)=0.92 D_A(fake)=0.08 gnG=34.42 gnD=8.23 it_per_s=10.57
2026-10-02 08:20:01,825 INFO iter=268100 epoch=39 lr=1.91e-05 G=4.184 advA2B=0.771 advB2A=0.870 cycA=0.081 cycB=0.096 idtA=0.071 idtB=0.084 D_A=0.035 D_B=0.065 D_A(real)=0.92 D_A(fake)=0.08 gnG=34.32 gnD=8.25 it_per_s=10.58
2026-10-02 08:20:11,193 INFO iter=268200 epoch=39 lr=1.89e-05 G=4.185 advA2B=0.773 advB2A=0.874 cycA=0.081 cycB=0.095 idtA=0.071 idtB=0.084 D_A=0.035 D_B=0.064 D_A(real)=0.92 D_A(fake)=0.08 gnG=34.18 gnD=8.24 it_per_s=10.59
2026-10-02 08:20:20,581 INFO iter=268300 epoch=39 lr=1.88e-05 G=4.187 advA2B=0.771 advB2A=0.876 cycA=0.082 cycB=0.095 idtA=0.071 idtB=0.084 D_A=0.035 D_B=0.065 D_A(real)=0.92 D_A(fake)=0.08 gnG=34.09 gnD=8.21 it_per_s=10.60
2026-10-02 08:20:29,991 INFO iter=268400 epoch=39 lr=1.86e-05 G=4.189 advA2B=0.775 advB2A=0.876 cycA=0.081 cycB=0.095 idtA=0.071 idtB=0.084 D_A=0.035 D_B=0.064 D_A(real)=0.92 D_A(fake)=0.08 gnG=34.07 gnD=8.21 it_per_s=10.60
2026-10-02 08:20:39,377 INFO iter=268500 epoch=39 lr=1.85e-05 G=4.184 advA2B=0.777 advB2A=0.878 cycA=0.081 cycB=0.095 idtA=0.070 idtB=0.084 D_A=0.035 D_B=0.064 D_A(real)=0.92 D_A(fake)=0.08 gnG=34.32 gnD=8.20 it_per_s=10.61
2026-10-02 08:20:48,771 INFO iter=268600 epoch=39 lr=1.84e-05 G=4.172 advA2B=0.775 advB2A=0.878 cycA=0.081 cycB=0.094 idtA=0.070 idtB=0.083 D_A=0.035 D_B=0.064 D_A(real)=0.93 D_A(fake)=0.08 gnG=34.20 gnD=8.18 it_per_s=10.61
2026-10-02 08:20:58,174 INFO iter=268700 epoch=39 lr=1.82e-05 G=4.173 advA2B=0.773 advB2A=0.878 cycA=0.081 cycB=0.094 idtA=0.070 idtB=0.084 D_A=0.035 D_B=0.064 D_A(real)=0.92 D_A(fake)=0.08 gnG=34.18 gnD=8.17 it_per_s=10.61
2026-10-02 08:21:07,574 INFO iter=268800 epoch=39 lr=1.81e-05 G=4.169 advA2B=0.774 advB2A=0.877 cycA=0.081 cycB=0.094 idtA=0.070 idtB=0.083 D_A=0.035 D_B=0.064 D_A(real)=0.92 D_A(fake)=0.08 gnG=34.31 gnD=8.17 it_per_s=10.61
2026-10-02 08:21:16,997 INFO iter=268900 epoch=39 lr=1.79e-05 G=4.166 advA2B=0.776 advB2A=0.880 cycA=0.081 cycB=0.094 idtA=0.070 idtB=0.083 D_A=0.035 D_B=0.064 D_A(real)=0.93 D_A(fake)=0.08 gnG=34.34 gnD=8.25 it_per_s=10.61
2026-10-02 08:21:26,479 INFO iter=269000 epoch=39 lr=1.78e-05 G=4.159 advA2B=0.772 advB2A=0.878 cycA=0.081 cycB=0.094 idtA=0.070 idtB=0.083 D_A=0.035 D_B=0.065 D_A(real)=0.93 D_A(fake)=0.08 gnG=34.40 gnD=8.25 it_per_s=10.61
2026-10-02 08:21:35,911 INFO iter=269100 epoch=39 lr=1.76e-05 G=4.162 advA2B=0.773 advB2A=0.878 cycA=0.081 cycB=0.094 idtA=0.070 idtB=0.083 D_A=0.034 D_B=0.065 D_A(real)=0.93 D_A(fake)=0.07 gnG=34.42 gnD=8.26 it_per_s=10.61
2026-10-02 08:21:45,325 INFO iter=269200 epoch=39 lr=1.75e-05 G=4.153 advA2B=0.771 advB2A=0.877 cycA=0.081 cycB=0.093 idtA=0.070 idtB=0.083 D_A=0.035 D_B=0.065 D_A(real)=0.92 D_A(fake)=0.08 gnG=34.36 gnD=8.30 it_per_s=10.61
2026-10-02 08:21:54,710 INFO iter=269300 epoch=39 lr=1.74e-05 G=4.152 advA2B=0.770 advB2A=0.877 cycA=0.081 cycB=0.093 idtA=0.070 idtB=0.083 D_A=0.035 D_B=0.065 D_A(real)=0.93 D_A(fake)=0.08 gnG=34.31 gnD=8.31 it_per_s=10.61
2026-10-02 08:22:04,183 INFO iter=269400 epoch=39 lr=1.72e-05 G=4.151 advA2B=0.770 advB2A=0.878 cycA=0.081 cycB=0.093 idtA=0.070 idtB=0.083 D_A=0.035 D_B=0.065 D_A(real)=0.92 D_A(fake)=0.08 gnG=34.20 gnD=8.32 it_per_s=10.61
2026-10-02 08:22:13,582 INFO iter=269500 epoch=39 lr=1.71e-05 G=4.149 advA2B=0.769 advB2A=0.878 cycA=0.081 cycB=0.093 idtA=0.070 idtB=0.083 D_A=0.035 D_B=0.065 D_A(real)=0.92 D_A(fake)=0.08 gnG=34.13 gnD=8.32 it_per_s=10.61
2026-10-02 08:22:22,963 INFO iter=269600 epoch=39 lr=1.69e-05 G=4.153 advA2B=0.769 advB2A=0.877 cycA=0.081 cycB=0.093 idtA=0.070 idtB=0.083 D_A=0.034 D_B=0.065 D_A(real)=0.92 D_A(fake)=0.08 gnG=34.15 gnD=8.30 it_per_s=10.61
2026-10-02 08:22:32,406 INFO iter=269700 epoch=39 lr=1.68e-05 G=4.149 advA2B=0.769 advB2A=0.877 cycA=0.081 cycB=0.093 idtA=0.070 idtB=0.083 D_A=0.034 D_B=0.065 D_A(real)=0.92 D_A(fake)=0.08 gnG=34.08 gnD=8.27 it_per_s=10.61
2026-10-02 08:22:41,818 INFO iter=269800 epoch=39 lr=1.67e-05 G=4.151 advA2B=0.770 advB2A=0.877 cycA=0.081 cycB=0.093 idtA=0.070 idtB=0.083 D_A=0.034 D_B=0.065 D_A(real)=0.92 D_A(fake)=0.08 gnG=34.10 gnD=8.26 it_per_s=10.61
2026-10-02 08:22:51,228 INFO iter=269900 epoch=39 lr=1.65e-05 G=4.154 advA2B=0.770 advB2A=0.878 cycA=0.081 cycB=0.093 idtA=0.070 idtB=0.083 D_A=0.034 D_B=0.065 D_A(real)=0.92 D_A(fake)=0.08 gnG=34.05 gnD=8.28 it_per_s=10.61
2026-10-02 08:23:00,683 INFO iter=270000 epoch=39 lr=1.64e-05 G=4.151 advA2B=0.769 advB2A=0.877 cycA=0.081 cycB=0.093 idtA=0.070 idtB=0.083 D_A=0.034 D_B=0.065 D_A(real)=0.92 D_A(fake)=0.08 gnG=34.12 gnD=8.30 it_per_s=10.61
2026-10-02 08:23:10,053 INFO iter=270100 epoch=39 lr=1.62e-05 G=4.152 advA2B=0.770 advB2A=0.878 cycA=0.081 cycB=0.093 idtA=0.070 idtB=0.083 D_A=0.034 D_B=0.065 D_A(real)=0.92 D_A(fake)=0.08 gnG=34.19 gnD=8.29 it_per_s=10.61
2026-10-02 08:23:19,423 INFO iter=270200 epoch=39 lr=1.61e-05 G=4.149 advA2B=0.770 advB2A=0.877 cycA=0.081 cycB=0.093 idtA=0.070 idtB=0.083 D_A=0.034 D_B=0.065 D_A(real)=0.92 D_A(fake)=0.08 gnG=34.21 gnD=8.28 it_per_s=10.62
2026-10-02 08:23:28,848 INFO iter=270300 epoch=39 lr=1.59e-05 G=4.152 advA2B=0.770 advB2A=0.876 cycA=0.081 cycB=0.093 idtA=0.070 idtB=0.083 D_A=0.034 D_B=0.065 D_A(real)=0.92 D_A(fake)=0.08 gnG=34.20 gnD=8.26 it_per_s=10.62
2026-10-02 08:23:38,280 INFO iter=270400 epoch=39 lr=1.58e-05 G=4.154 advA2B=0.770 advB2A=0.878 cycA=0.081 cycB=0.093 idtA=0.070 idtB=0.083 D_A=0.034 D_B=0.065 D_A(real)=0.92 D_A(fake)=0.08 gnG=34.27 gnD=8.28 it_per_s=10.61
2026-10-02 08:23:47,649 INFO iter=270500 epoch=39 lr=1.57e-05 G=4.157 advA2B=0.770 advB2A=0.878 cycA=0.081 cycB=0.093 idtA=0.070 idtB=0.083 D_A=0.034 D_B=0.065 D_A(real)=0.92 D_A(fake)=0.08 gnG=34.25 gnD=8.26 it_per_s=10.62
2026-10-02 08:23:57,074 INFO iter=270600 epoch=39 lr=1.55e-05 G=4.155 advA2B=0.770 advB2A=0.878 cycA=0.081 cycB=0.093 idtA=0.070 idtB=0.083 D_A=0.034 D_B=0.065 D_A(real)=0.93 D_A(fake)=0.08 gnG=34.33 gnD=8.28 it_per_s=10.62
2026-10-02 08:24:06,481 INFO iter=270700 epoch=39 lr=1.54e-05 G=4.156 advA2B=0.769 advB2A=0.878 cycA=0.081 cycB=0.094 idtA=0.070 idtB=0.083 D_A=0.034 D_B=0.065 D_A(real)=0.93 D_A(fake)=0.07 gnG=34.31 gnD=8.27 it_per_s=10.62
2026-10-02 08:24:15,904 INFO iter=270800 epoch=39 lr=1.52e-05 G=4.158 advA2B=0.770 advB2A=0.879 cycA=0.081 cycB=0.093 idtA=0.070 idtB=0.083 D_A=0.034 D_B=0.065 D_A(real)=0.93 D_A(fake)=0.07 gnG=34.27 gnD=8.26 it_per_s=10.62
2026-10-02 08:24:25,365 INFO iter=270900 epoch=39 lr=1.51e-05 G=4.159 advA2B=0.769 advB2A=0.879 cycA=0.081 cycB=0.093 idtA=0.070 idtB=0.083 D_A=0.034 D_B=0.065 D_A(real)=0.93 D_A(fake)=0.07 gnG=34.22 gnD=8.26 it_per_s=10.62
2026-10-02 08:24:34,827 INFO iter=271000 epoch=39 lr=1.49e-05 G=4.159 advA2B=0.769 advB2A=0.879 cycA=0.081 cycB=0.094 idtA=0.070 idtB=0.083 D_A=0.034 D_B=0.065 D_A(real)=0.93 D_A(fake)=0.07 gnG=34.19 gnD=8.24 it_per_s=10.61
2026-10-02 08:24:44,229 INFO iter=271100 epoch=39 lr=1.48e-05 G=4.156 advA2B=0.769 advB2A=0.880 cycA=0.081 cycB=0.093 idtA=0.070 idtB=0.083 D_A=0.034 D_B=0.065 D_A(real)=0.93 D_A(fake)=0.07 gnG=34.19 gnD=8.26 it_per_s=10.61
2026-10-02 08:24:53,489 INFO iter=271200 epoch=39 lr=1.47e-05 G=4.158 advA2B=0.768 advB2A=0.879 cycA=0.081 cycB=0.093 idtA=0.070 idtB=0.083 D_A=0.034 D_B=0.065 D_A(real)=0.93 D_A(fake)=0.07 gnG=34.14 gnD=8.26 it_per_s=10.62
2026-10-02 08:25:02,851 INFO iter=271300 epoch=39 lr=1.45e-05 G=4.160 advA2B=0.768 advB2A=0.879 cycA=0.081 cycB=0.094 idtA=0.070 idtB=0.084 D_A=0.034 D_B=0.065 D_A(real)=0.93 D_A(fake)=0.07 gnG=34.18 gnD=8.26 it_per_s=10.62
2026-10-02 08:25:12,341 INFO iter=271400 epoch=39 lr=1.44e-05 G=4.159 advA2B=0.768 advB2A=0.879 cycA=0.081 cycB=0.094 idtA=0.070 idtB=0.083 D_A=0.034 D_B=0.065 D_A(real)=0.93 D_A(fake)=0.07 gnG=34.25 gnD=8.26 it_per_s=10.62
2026-10-02 08:25:21,586 INFO iter=271500 epoch=39 lr=1.42e-05 G=4.161 advA2B=0.768 advB2A=0.879 cycA=0.081 cycB=0.094 idtA=0.070 idtB=0.084 D_A=0.034 D_B=0.065 D_A(real)=0.93 D_A(fake)=0.07 gnG=34.32 gnD=8.26 it_per_s=10.62
2026-10-02 08:25:30,915 INFO iter=271600 epoch=39 lr=1.41e-05 G=4.160 advA2B=0.768 advB2A=0.878 cycA=0.081 cycB=0.094 idtA=0.070 idtB=0.084 D_A=0.034 D_B=0.066 D_A(real)=0.93 D_A(fake)=0.07 gnG=34.33 gnD=8.27 it_per_s=10.63
2026-10-02 08:25:40,412 INFO iter=271700 epoch=39 lr=1.40e-05 G=4.157 advA2B=0.768 advB2A=0.879 cycA=0.081 cycB=0.094 idtA=0.070 idtB=0.083 D_A=0.034 D_B=0.066 D_A(real)=0.93 D_A(fake)=0.07 gnG=34.32 gnD=8.27 it_per_s=10.62
2026-10-02 08:25:49,634 INFO iter=271800 epoch=39 lr=1.38e-05 G=4.159 advA2B=0.769 advB2A=0.880 cycA=0.081 cycB=0.093 idtA=0.070 idtB=0.083 D_A=0.034 D_B=0.065 D_A(real)=0.93 D_A(fake)=0.07 gnG=34.35 gnD=8.27 it_per_s=10.63
2026-10-02 08:25:58,829 INFO iter=271900 epoch=39 lr=1.37e-05 G=4.157 advA2B=0.768 advB2A=0.880 cycA=0.081 cycB=0.094 idtA=0.070 idtB=0.083 D_A=0.034 D_B=0.065 D_A(real)=0.93 D_A(fake)=0.07 gnG=34.41 gnD=8.26 it_per_s=10.63
2026-10-02 08:26:08,348 INFO iter=272000 epoch=39 lr=1.35e-05 G=4.156 advA2B=0.768 advB2A=0.879 cycA=0.081 cycB=0.093 idtA=0.070 idtB=0.083 D_A=0.034 D_B=0.065 D_A(real)=0.93 D_A(fake)=0.07 gnG=34.36 gnD=8.27 it_per_s=10.63
2026-10-02 08:26:17,783 INFO iter=272100 epoch=39 lr=1.34e-05 G=4.156 advA2B=0.767 advB2A=0.880 cycA=0.081 cycB=0.093 idtA=0.070 idtB=0.083 D_A=0.034 D_B=0.065 D_A(real)=0.93 D_A(fake)=0.07 gnG=34.41 gnD=8.27 it_per_s=10.63
2026-10-02 08:26:27,224 INFO iter=272200 epoch=39 lr=1.32e-05 G=4.153 advA2B=0.767 advB2A=0.880 cycA=0.081 cycB=0.093 idtA=0.070 idtB=0.083 D_A=0.034 D_B=0.066 D_A(real)=0.93 D_A(fake)=0.07 gnG=34.38 gnD=8.28 it_per_s=10.63
2026-10-02 08:26:36,816 INFO iter=272300 epoch=39 lr=1.31e-05 G=4.153 advA2B=0.768 advB2A=0.879 cycA=0.081 cycB=0.093 idtA=0.070 idtB=0.083 D_A=0.034 D_B=0.066 D_A(real)=0.93 D_A(fake)=0.07 gnG=34.40 gnD=8.28 it_per_s=10.63
2026-10-02 08:26:46,341 INFO iter=272400 epoch=39 lr=1.30e-05 G=4.154 advA2B=0.768 advB2A=0.880 cycA=0.081 cycB=0.093 idtA=0.070 idtB=0.083 D_A=0.034 D_B=0.065 D_A(real)=0.93 D_A(fake)=0.07 gnG=34.43 gnD=8.28 it_per_s=10.62
2026-10-02 08:26:55,630 INFO iter=272500 epoch=39 lr=1.28e-05 G=4.153 advA2B=0.768 advB2A=0.879 cycA=0.081 cycB=0.093 idtA=0.070 idtB=0.083 D_A=0.034 D_B=0.066 D_A(real)=0.93 D_A(fake)=0.07 gnG=34.45 gnD=8.28 it_per_s=10.63
2026-10-02 08:27:05,115 INFO iter=272600 epoch=39 lr=1.27e-05 G=4.152 advA2B=0.768 advB2A=0.880 cycA=0.081 cycB=0.093 idtA=0.070 idtB=0.083 D_A=0.034 D_B=0.066 D_A(real)=0.93 D_A(fake)=0.07 gnG=34.44 gnD=8.29 it_per_s=10.62
2026-10-02 08:27:14,595 INFO iter=272700 epoch=39 lr=1.25e-05 G=4.150 advA2B=0.768 advB2A=0.880 cycA=0.081 cycB=0.093 idtA=0.070 idtB=0.083 D_A=0.034 D_B=0.066 D_A(real)=0.93 D_A(fake)=0.07 gnG=34.40 gnD=8.29 it_per_s=10.62
2026-10-02 08:27:23,919 INFO iter=272800 epoch=39 lr=1.24e-05 G=4.150 advA2B=0.767 advB2A=0.880 cycA=0.080 cycB=0.093 idtA=0.070 idtB=0.083 D_A=0.034 D_B=0.065 D_A(real)=0.93 D_A(fake)=0.07 gnG=34.38 gnD=8.28 it_per_s=10.62
2026-10-02 08:27:33,335 INFO iter=272900 epoch=39 lr=1.22e-05 G=4.150 advA2B=0.768 advB2A=0.880 cycA=0.080 cycB=0.093 idtA=0.070 idtB=0.083 D_A=0.034 D_B=0.065 D_A(real)=0.93 D_A(fake)=0.07 gnG=34.40 gnD=8.28 it_per_s=10.62
2026-10-02 08:27:43,071 INFO iter=273000 epoch=39 lr=1.21e-05 G=4.149 advA2B=0.768 advB2A=0.880 cycA=0.080 cycB=0.093 idtA=0.070 idtB=0.083 D_A=0.034 D_B=0.065 D_A(real)=0.93 D_A(fake)=0.07 gnG=34.37 gnD=8.28 it_per_s=10.62
2026-10-02 08:27:52,719 INFO iter=273100 epoch=39 lr=1.20e-05 G=4.147 advA2B=0.768 advB2A=0.880 cycA=0.080 cycB=0.093 idtA=0.070 idtB=0.083 D_A=0.034 D_B=0.065 D_A(real)=0.93 D_A(fake)=0.07 gnG=34.40 gnD=8.29 it_per_s=10.61
2026-10-02 08:28:02,336 INFO iter=273200 epoch=39 lr=1.18e-05 G=4.147 advA2B=0.768 advB2A=0.880 cycA=0.080 cycB=0.093 idtA=0.070 idtB=0.083 D_A=0.034 D_B=0.065 D_A(real)=0.93 D_A(fake)=0.07 gnG=34.40 gnD=8.28 it_per_s=10.61
2026-10-02 08:28:11,902 INFO iter=273300 epoch=39 lr=1.17e-05 G=4.147 advA2B=0.768 advB2A=0.880 cycA=0.080 cycB=0.093 idtA=0.070 idtB=0.083 D_A=0.034 D_B=0.065 D_A(real)=0.93 D_A(fake)=0.07 gnG=34.39 gnD=8.28 it_per_s=10.61
2026-10-02 08:28:21,536 INFO iter=273400 epoch=39 lr=1.15e-05 G=4.146 advA2B=0.768 advB2A=0.880 cycA=0.080 cycB=0.093 idtA=0.070 idtB=0.083 D_A=0.034 D_B=0.065 D_A(real)=0.93 D_A(fake)=0.07 gnG=34.37 gnD=8.27 it_per_s=10.60
2026-10-02 08:28:31,281 INFO iter=273500 epoch=39 lr=1.14e-05 G=4.147 advA2B=0.768 advB2A=0.880 cycA=0.080 cycB=0.093 idtA=0.070 idtB=0.083 D_A=0.034 D_B=0.065 D_A(real)=0.93 D_A(fake)=0.07 gnG=34.41 gnD=8.28 it_per_s=10.60
2026-10-02 08:28:41,015 INFO iter=273600 epoch=39 lr=1.13e-05 G=4.146 advA2B=0.767 advB2A=0.880 cycA=0.080 cycB=0.093 idtA=0.070 idtB=0.083 D_A=0.034 D_B=0.065 D_A(real)=0.93 D_A(fake)=0.07 gnG=34.42 gnD=8.27 it_per_s=10.59
2026-10-02 08:28:50,839 INFO iter=273700 epoch=39 lr=1.11e-05 G=4.146 advA2B=0.768 advB2A=0.880 cycA=0.080 cycB=0.093 idtA=0.070 idtB=0.083 D_A=0.034 D_B=0.065 D_A(real)=0.93 D_A(fake)=0.07 gnG=34.39 gnD=8.28 it_per_s=10.58
2026-10-02 08:29:00,612 INFO iter=273800 epoch=39 lr=1.10e-05 G=4.145 advA2B=0.767 advB2A=0.880 cycA=0.080 cycB=0.093 idtA=0.070 idtB=0.083 D_A=0.034 D_B=0.065 D_A(real)=0.93 D_A(fake)=0.07 gnG=34.45 gnD=8.27 it_per_s=10.58
2026-10-02 08:29:10,150 INFO iter=273900 epoch=39 lr=1.08e-05 G=4.144 advA2B=0.768 advB2A=0.880 cycA=0.080 cycB=0.093 idtA=0.070 idtB=0.083 D_A=0.034 D_B=0.065 D_A(real)=0.93 D_A(fake)=0.07 gnG=34.48 gnD=8.27 it_per_s=10.58
2026-10-02 08:29:20,137 INFO iter=274000 epoch=39 lr=1.07e-05 G=4.145 advA2B=0.768 advB2A=0.880 cycA=0.080 cycB=0.093 idtA=0.069 idtB=0.083 D_A=0.034 D_B=0.065 D_A(real)=0.93 D_A(fake)=0.07 gnG=34.44 gnD=8.27 it_per_s=10.57
2026-10-02 08:29:29,564 INFO iter=274100 epoch=39 lr=1.05e-05 G=4.145 advA2B=0.768 advB2A=0.880 cycA=0.080 cycB=0.093 idtA=0.070 idtB=0.083 D_A=0.034 D_B=0.065 D_A(real)=0.93 D_A(fake)=0.07 gnG=34.49 gnD=8.27 it_per_s=10.57
2026-10-02 08:29:39,052 INFO iter=274200 epoch=39 lr=1.04e-05 G=4.145 advA2B=0.769 advB2A=0.880 cycA=0.080 cycB=0.093 idtA=0.070 idtB=0.083 D_A=0.034 D_B=0.065 D_A(real)=0.93 D_A(fake)=0.07 gnG=34.49 gnD=8.26 it_per_s=10.57
2026-10-02 08:29:48,435 INFO iter=274300 epoch=39 lr=1.03e-05 G=4.144 advA2B=0.768 advB2A=0.881 cycA=0.080 cycB=0.093 idtA=0.070 idtB=0.083 D_A=0.034 D_B=0.065 D_A(real)=0.93 D_A(fake)=0.07 gnG=34.48 gnD=8.27 it_per_s=10.57
2026-10-02 08:29:57,950 INFO iter=274400 epoch=39 lr=1.01e-05 G=4.143 advA2B=0.768 advB2A=0.880 cycA=0.080 cycB=0.093 idtA=0.070 idtB=0.083 D_A=0.034 D_B=0.065 D_A(real)=0.93 D_A(fake)=0.07 gnG=34.45 gnD=8.27 it_per_s=10.57
2026-10-02 08:30:05,676 INFO epoch=39 done time_s=666 it_per_s=10.57 G=4.144 cycA=0.080 cycB=0.093 idtA=0.070 idtB=0.083 D_A=0.034 D_B=0.065 D_A(real)=0.93 D_A(fake)=0.07 nan_count=0
2026-10-02 08:30:05,677 WARNING epoch=39 D_A (Monet) loss 0.0336 is near 0: possible discriminator overfitting
2026-10-02 08:30:07,962 INFO iter=274500 epoch=40 lr=9.98e-06 G=4.218 advA2B=0.732 advB2A=0.890 cycA=0.082 cycB=0.094 idtA=0.072 idtB=0.095 D_A=0.033 D_B=0.072 D_A(real)=0.93 D_A(fake)=0.05 gnG=31.56 gnD=9.08 it_per_s=10.51
2026-10-02 08:30:17,379 INFO iter=274600 epoch=40 lr=9.83e-06 G=4.094 advA2B=0.762 advB2A=0.887 cycA=0.079 cycB=0.089 idtA=0.068 idtB=0.084 D_A=0.031 D_B=0.065 D_A(real)=0.94 D_A(fake)=0.06 gnG=32.41 gnD=8.27 it_per_s=10.60
2026-10-02 08:30:26,784 INFO iter=274700 epoch=40 lr=9.69e-06 G=4.117 advA2B=0.763 advB2A=0.871 cycA=0.079 cycB=0.093 idtA=0.068 idtB=0.085 D_A=0.033 D_B=0.063 D_A(real)=0.92 D_A(fake)=0.08 gnG=32.46 gnD=8.12 it_per_s=10.62
2026-10-02 08:30:36,255 INFO iter=274800 epoch=40 lr=9.55e-06 G=4.106 advA2B=0.771 advB2A=0.873 cycA=0.079 cycB=0.092 idtA=0.068 idtB=0.084 D_A=0.034 D_B=0.062 D_A(real)=0.92 D_A(fake)=0.08 gnG=32.30 gnD=8.16 it_per_s=10.60
2026-10-02 08:30:45,650 INFO iter=274900 epoch=40 lr=9.41e-06 G=4.096 advA2B=0.769 advB2A=0.875 cycA=0.078 cycB=0.092 idtA=0.067 idtB=0.083 D_A=0.034 D_B=0.063 D_A(real)=0.92 D_A(fake)=0.08 gnG=33.09 gnD=8.29 it_per_s=10.61
2026-10-02 08:30:55,050 INFO iter=275000 epoch=40 lr=9.27e-06 G=4.111 advA2B=0.774 advB2A=0.877 cycA=0.078 cycB=0.092 idtA=0.067 idtB=0.084 D_A=0.033 D_B=0.062 D_A(real)=0.92 D_A(fake)=0.08 gnG=33.09 gnD=8.18 it_per_s=10.61
2026-10-02 08:31:04,483 INFO iter=275100 epoch=40 lr=9.12e-06 G=4.131 advA2B=0.771 advB2A=0.876 cycA=0.079 cycB=0.093 idtA=0.068 idtB=0.085 D_A=0.033 D_B=0.063 D_A(real)=0.92 D_A(fake)=0.08 gnG=33.43 gnD=8.17 it_per_s=10.61
2026-10-02 08:31:13,908 INFO iter=275200 epoch=40 lr=8.98e-06 G=4.131 advA2B=0.769 advB2A=0.875 cycA=0.079 cycB=0.093 idtA=0.068 idtB=0.085 D_A=0.033 D_B=0.063 D_A(real)=0.92 D_A(fake)=0.08 gnG=33.68 gnD=8.08 it_per_s=10.61
2026-10-02 08:31:23,326 INFO iter=275300 epoch=40 lr=8.84e-06 G=4.126 advA2B=0.771 advB2A=0.874 cycA=0.079 cycB=0.093 idtA=0.068 idtB=0.085 D_A=0.033 D_B=0.063 D_A(real)=0.92 D_A(fake)=0.08 gnG=33.72 gnD=8.13 it_per_s=10.61
2026-10-02 08:31:32,703 INFO iter=275400 epoch=40 lr=8.70e-06 G=4.123 advA2B=0.772 advB2A=0.875 cycA=0.079 cycB=0.093 idtA=0.068 idtB=0.085 D_A=0.033 D_B=0.063 D_A(real)=0.92 D_A(fake)=0.08 gnG=33.78 gnD=8.10 it_per_s=10.62
2026-10-02 08:31:42,249 INFO iter=275500 epoch=40 lr=8.55e-06 G=4.130 advA2B=0.771 advB2A=0.878 cycA=0.079 cycB=0.093 idtA=0.068 idtB=0.085 D_A=0.033 D_B=0.064 D_A(real)=0.92 D_A(fake)=0.08 gnG=33.78 gnD=8.13 it_per_s=10.60
2026-10-02 08:31:51,720 INFO iter=275600 epoch=40 lr=8.41e-06 G=4.134 advA2B=0.771 advB2A=0.882 cycA=0.079 cycB=0.093 idtA=0.068 idtB=0.084 D_A=0.032 D_B=0.064 D_A(real)=0.93 D_A(fake)=0.08 gnG=34.09 gnD=8.12 it_per_s=10.60
2026-10-02 08:32:01,257 INFO iter=275700 epoch=40 lr=8.27e-06 G=4.126 advA2B=0.771 advB2A=0.880 cycA=0.079 cycB=0.092 idtA=0.068 idtB=0.084 D_A=0.032 D_B=0.064 D_A(real)=0.93 D_A(fake)=0.07 gnG=34.03 gnD=8.11 it_per_s=10.59
2026-10-02 08:32:10,670 INFO iter=275800 epoch=40 lr=8.13e-06 G=4.125 advA2B=0.770 advB2A=0.882 cycA=0.079 cycB=0.092 idtA=0.068 idtB=0.084 D_A=0.032 D_B=0.064 D_A(real)=0.93 D_A(fake)=0.07 gnG=33.95 gnD=8.13 it_per_s=10.59
2026-10-02 08:32:20,098 INFO iter=275900 epoch=40 lr=7.99e-06 G=4.127 advA2B=0.771 advB2A=0.882 cycA=0.079 cycB=0.092 idtA=0.068 idtB=0.084 D_A=0.032 D_B=0.064 D_A(real)=0.93 D_A(fake)=0.07 gnG=34.02 gnD=8.16 it_per_s=10.59
2026-10-02 08:32:29,493 INFO iter=276000 epoch=40 lr=7.84e-06 G=4.125 advA2B=0.771 advB2A=0.884 cycA=0.079 cycB=0.092 idtA=0.068 idtB=0.084 D_A=0.032 D_B=0.064 D_A(real)=0.93 D_A(fake)=0.07 gnG=34.02 gnD=8.17 it_per_s=10.60
2026-10-02 08:32:38,865 INFO iter=276100 epoch=40 lr=7.70e-06 G=4.123 advA2B=0.771 advB2A=0.885 cycA=0.079 cycB=0.092 idtA=0.068 idtB=0.083 D_A=0.032 D_B=0.064 D_A(real)=0.93 D_A(fake)=0.07 gnG=33.96 gnD=8.17 it_per_s=10.60
2026-10-02 08:32:48,270 INFO iter=276200 epoch=40 lr=7.56e-06 G=4.127 advA2B=0.771 advB2A=0.886 cycA=0.079 cycB=0.092 idtA=0.068 idtB=0.083 D_A=0.032 D_B=0.064 D_A(real)=0.93 D_A(fake)=0.07 gnG=33.93 gnD=8.17 it_per_s=10.60
2026-10-02 08:32:57,559 INFO iter=276300 epoch=40 lr=7.42e-06 G=4.127 advA2B=0.772 advB2A=0.885 cycA=0.079 cycB=0.092 idtA=0.068 idtB=0.083 D_A=0.032 D_B=0.064 D_A(real)=0.93 D_A(fake)=0.07 gnG=33.90 gnD=8.14 it_per_s=10.61
2026-10-02 08:33:06,933 INFO iter=276400 epoch=40 lr=7.28e-06 G=4.124 advA2B=0.771 advB2A=0.885 cycA=0.079 cycB=0.092 idtA=0.068 idtB=0.083 D_A=0.032 D_B=0.064 D_A(real)=0.93 D_A(fake)=0.07 gnG=33.95 gnD=8.14 it_per_s=10.62
2026-10-02 08:33:16,372 INFO iter=276500 epoch=40 lr=7.13e-06 G=4.127 advA2B=0.770 advB2A=0.883 cycA=0.079 cycB=0.092 idtA=0.068 idtB=0.083 D_A=0.032 D_B=0.064 D_A(real)=0.93 D_A(fake)=0.07 gnG=33.98 gnD=8.13 it_per_s=10.61
2026-10-02 08:33:25,684 INFO iter=276600 epoch=40 lr=6.99e-06 G=4.126 advA2B=0.770 advB2A=0.885 cycA=0.079 cycB=0.092 idtA=0.068 idtB=0.083 D_A=0.032 D_B=0.064 D_A(real)=0.93 D_A(fake)=0.07 gnG=34.00 gnD=8.16 it_per_s=10.62
2026-10-02 08:33:34,925 INFO iter=276700 epoch=40 lr=6.85e-06 G=4.128 advA2B=0.771 advB2A=0.885 cycA=0.079 cycB=0.092 idtA=0.068 idtB=0.083 D_A=0.032 D_B=0.064 D_A(real)=0.93 D_A(fake)=0.07 gnG=34.01 gnD=8.14 it_per_s=10.63
2026-10-02 08:33:44,398 INFO iter=276800 epoch=40 lr=6.71e-06 G=4.123 advA2B=0.771 advB2A=0.885 cycA=0.079 cycB=0.092 idtA=0.068 idtB=0.083 D_A=0.032 D_B=0.064 D_A(real)=0.93 D_A(fake)=0.07 gnG=34.00 gnD=8.14 it_per_s=10.63
2026-10-02 08:33:53,676 INFO iter=276900 epoch=40 lr=6.57e-06 G=4.123 advA2B=0.771 advB2A=0.885 cycA=0.079 cycB=0.092 idtA=0.068 idtB=0.083 D_A=0.032 D_B=0.064 D_A(real)=0.93 D_A(fake)=0.07 gnG=34.05 gnD=8.10 it_per_s=10.63
2026-10-02 08:34:02,861 INFO iter=277000 epoch=40 lr=6.42e-06 G=4.120 advA2B=0.770 advB2A=0.885 cycA=0.079 cycB=0.092 idtA=0.068 idtB=0.083 D_A=0.032 D_B=0.064 D_A(real)=0.93 D_A(fake)=0.07 gnG=34.00 gnD=8.11 it_per_s=10.64
2026-10-02 08:34:12,247 INFO iter=277100 epoch=40 lr=6.28e-06 G=4.119 advA2B=0.772 advB2A=0.885 cycA=0.079 cycB=0.092 idtA=0.068 idtB=0.083 D_A=0.032 D_B=0.064 D_A(real)=0.93 D_A(fake)=0.07 gnG=33.97 gnD=8.09 it_per_s=10.64
2026-10-02 08:34:21,574 INFO iter=277200 epoch=40 lr=6.14e-06 G=4.116 advA2B=0.771 advB2A=0.884 cycA=0.079 cycB=0.092 idtA=0.068 idtB=0.083 D_A=0.032 D_B=0.064 D_A(real)=0.93 D_A(fake)=0.07 gnG=33.94 gnD=8.09 it_per_s=10.65
2026-10-02 08:34:30,626 INFO iter=277300 epoch=40 lr=6.00e-06 G=4.116 advA2B=0.771 advB2A=0.885 cycA=0.079 cycB=0.092 idtA=0.068 idtB=0.082 D_A=0.032 D_B=0.064 D_A(real)=0.93 D_A(fake)=0.07 gnG=33.98 gnD=8.10 it_per_s=10.66
2026-10-02 08:34:40,065 INFO iter=277400 epoch=40 lr=5.86e-06 G=4.114 advA2B=0.771 advB2A=0.885 cycA=0.079 cycB=0.091 idtA=0.068 idtB=0.082 D_A=0.032 D_B=0.064 D_A(real)=0.93 D_A(fake)=0.07 gnG=33.93 gnD=8.09 it_per_s=10.66
2026-10-02 08:34:49,479 INFO iter=277500 epoch=40 lr=5.71e-06 G=4.115 advA2B=0.771 advB2A=0.884 cycA=0.079 cycB=0.091 idtA=0.068 idtB=0.082 D_A=0.032 D_B=0.064 D_A(real)=0.93 D_A(fake)=0.07 gnG=33.94 gnD=8.10 it_per_s=10.66
2026-10-02 08:34:58,528 INFO iter=277600 epoch=40 lr=5.57e-06 G=4.114 advA2B=0.770 advB2A=0.884 cycA=0.079 cycB=0.091 idtA=0.068 idtB=0.082 D_A=0.032 D_B=0.064 D_A(real)=0.93 D_A(fake)=0.07 gnG=33.91 gnD=8.11 it_per_s=10.67
2026-10-02 08:35:08,006 INFO iter=277700 epoch=40 lr=5.43e-06 G=4.114 advA2B=0.769 advB2A=0.884 cycA=0.079 cycB=0.091 idtA=0.068 idtB=0.082 D_A=0.032 D_B=0.064 D_A(real)=0.93 D_A(fake)=0.07 gnG=33.88 gnD=8.12 it_per_s=10.66
2026-10-02 08:35:17,423 INFO iter=277800 epoch=40 lr=5.29e-06 G=4.119 advA2B=0.769 advB2A=0.885 cycA=0.079 cycB=0.092 idtA=0.068 idtB=0.083 D_A=0.032 D_B=0.064 D_A(real)=0.93 D_A(fake)=0.07 gnG=33.93 gnD=8.13 it_per_s=10.66
2026-10-02 08:35:26,484 INFO iter=277900 epoch=40 lr=5.14e-06 G=4.119 advA2B=0.769 advB2A=0.885 cycA=0.079 cycB=0.092 idtA=0.068 idtB=0.083 D_A=0.032 D_B=0.064 D_A(real)=0.93 D_A(fake)=0.07 gnG=33.92 gnD=8.14 it_per_s=10.67
2026-10-02 08:35:35,737 INFO iter=278000 epoch=40 lr=5.00e-06 G=4.119 advA2B=0.769 advB2A=0.886 cycA=0.079 cycB=0.092 idtA=0.068 idtB=0.082 D_A=0.032 D_B=0.064 D_A(real)=0.93 D_A(fake)=0.07 gnG=33.89 gnD=8.14 it_per_s=10.68
2026-10-02 08:35:45,154 INFO iter=278100 epoch=40 lr=4.86e-06 G=4.118 advA2B=0.769 advB2A=0.886 cycA=0.079 cycB=0.092 idtA=0.068 idtB=0.082 D_A=0.032 D_B=0.064 D_A(real)=0.93 D_A(fake)=0.07 gnG=33.90 gnD=8.13 it_per_s=10.68
2026-10-02 08:35:54,353 INFO iter=278200 epoch=40 lr=4.72e-06 G=4.117 advA2B=0.769 advB2A=0.885 cycA=0.079 cycB=0.092 idtA=0.068 idtB=0.082 D_A=0.032 D_B=0.064 D_A(real)=0.93 D_A(fake)=0.07 gnG=33.91 gnD=8.14 it_per_s=10.68
2026-10-02 08:36:03,563 INFO iter=278300 epoch=40 lr=4.58e-06 G=4.117 advA2B=0.770 advB2A=0.886 cycA=0.079 cycB=0.092 idtA=0.068 idtB=0.082 D_A=0.032 D_B=0.064 D_A(real)=0.93 D_A(fake)=0.07 gnG=33.98 gnD=8.12 it_per_s=10.69
2026-10-02 08:36:12,995 INFO iter=278400 epoch=40 lr=4.43e-06 G=4.116 advA2B=0.769 advB2A=0.886 cycA=0.079 cycB=0.092 idtA=0.068 idtB=0.082 D_A=0.032 D_B=0.064 D_A(real)=0.93 D_A(fake)=0.07 gnG=33.96 gnD=8.13 it_per_s=10.68
2026-10-02 08:36:22,402 INFO iter=278500 epoch=40 lr=4.29e-06 G=4.115 advA2B=0.770 advB2A=0.885 cycA=0.079 cycB=0.091 idtA=0.068 idtB=0.082 D_A=0.032 D_B=0.064 D_A(real)=0.93 D_A(fake)=0.07 gnG=33.96 gnD=8.12 it_per_s=10.68
2026-10-02 08:36:31,835 INFO iter=278600 epoch=40 lr=4.15e-06 G=4.114 advA2B=0.769 advB2A=0.885 cycA=0.079 cycB=0.091 idtA=0.068 idtB=0.082 D_A=0.032 D_B=0.064 D_A(real)=0.93 D_A(fake)=0.07 gnG=33.97 gnD=8.14 it_per_s=10.68
2026-10-02 08:36:41,246 INFO iter=278700 epoch=40 lr=4.01e-06 G=4.114 advA2B=0.769 advB2A=0.886 cycA=0.079 cycB=0.092 idtA=0.068 idtB=0.082 D_A=0.032 D_B=0.064 D_A(real)=0.93 D_A(fake)=0.07 gnG=33.94 gnD=8.15 it_per_s=10.68
2026-10-02 08:36:50,646 INFO iter=278800 epoch=40 lr=3.87e-06 G=4.115 advA2B=0.769 advB2A=0.886 cycA=0.079 cycB=0.091 idtA=0.068 idtB=0.082 D_A=0.032 D_B=0.064 D_A(real)=0.93 D_A(fake)=0.07 gnG=33.92 gnD=8.14 it_per_s=10.68
2026-10-02 08:37:00,067 INFO iter=278900 epoch=40 lr=3.72e-06 G=4.116 advA2B=0.770 advB2A=0.886 cycA=0.079 cycB=0.091 idtA=0.068 idtB=0.082 D_A=0.032 D_B=0.064 D_A(real)=0.93 D_A(fake)=0.07 gnG=33.94 gnD=8.12 it_per_s=10.68
2026-10-02 08:37:09,580 INFO iter=279000 epoch=40 lr=3.58e-06 G=4.115 advA2B=0.770 advB2A=0.886 cycA=0.079 cycB=0.091 idtA=0.068 idtB=0.082 D_A=0.032 D_B=0.064 D_A(real)=0.93 D_A(fake)=0.07 gnG=33.95 gnD=8.11 it_per_s=10.67
2026-10-02 08:37:19,021 INFO iter=279100 epoch=40 lr=3.44e-06 G=4.115 advA2B=0.770 advB2A=0.886 cycA=0.079 cycB=0.091 idtA=0.068 idtB=0.082 D_A=0.032 D_B=0.064 D_A(real)=0.93 D_A(fake)=0.07 gnG=33.90 gnD=8.10 it_per_s=10.67
2026-10-02 08:37:28,531 INFO iter=279200 epoch=40 lr=3.30e-06 G=4.115 advA2B=0.769 advB2A=0.886 cycA=0.079 cycB=0.091 idtA=0.068 idtB=0.082 D_A=0.032 D_B=0.064 D_A(real)=0.93 D_A(fake)=0.07 gnG=33.87 gnD=8.09 it_per_s=10.67
2026-10-02 08:37:37,949 INFO iter=279300 epoch=40 lr=3.16e-06 G=4.114 advA2B=0.769 advB2A=0.886 cycA=0.080 cycB=0.091 idtA=0.068 idtB=0.082 D_A=0.032 D_B=0.064 D_A(real)=0.93 D_A(fake)=0.07 gnG=33.87 gnD=8.08 it_per_s=10.67
2026-10-02 08:37:47,400 INFO iter=279400 epoch=40 lr=3.01e-06 G=4.116 advA2B=0.770 advB2A=0.887 cycA=0.080 cycB=0.091 idtA=0.068 idtB=0.082 D_A=0.032 D_B=0.064 D_A(real)=0.93 D_A(fake)=0.07 gnG=33.84 gnD=8.08 it_per_s=10.66
2026-10-02 08:37:56,829 INFO iter=279500 epoch=40 lr=2.87e-06 G=4.118 advA2B=0.770 advB2A=0.887 cycA=0.080 cycB=0.091 idtA=0.068 idtB=0.082 D_A=0.032 D_B=0.064 D_A(real)=0.93 D_A(fake)=0.07 gnG=33.84 gnD=8.07 it_per_s=10.66
2026-10-02 08:38:06,246 INFO iter=279600 epoch=40 lr=2.73e-06 G=4.117 advA2B=0.770 advB2A=0.886 cycA=0.080 cycB=0.091 idtA=0.068 idtB=0.082 D_A=0.032 D_B=0.064 D_A(real)=0.93 D_A(fake)=0.07 gnG=33.84 gnD=8.07 it_per_s=10.66
2026-10-02 08:38:15,738 INFO iter=279700 epoch=40 lr=2.59e-06 G=4.117 advA2B=0.770 advB2A=0.886 cycA=0.080 cycB=0.091 idtA=0.068 idtB=0.082 D_A=0.032 D_B=0.064 D_A(real)=0.93 D_A(fake)=0.07 gnG=33.80 gnD=8.06 it_per_s=10.66
2026-10-02 08:38:25,204 INFO iter=279800 epoch=40 lr=2.45e-06 G=4.118 advA2B=0.770 advB2A=0.886 cycA=0.080 cycB=0.091 idtA=0.069 idtB=0.082 D_A=0.032 D_B=0.064 D_A(real)=0.93 D_A(fake)=0.07 gnG=33.81 gnD=8.06 it_per_s=10.66
2026-10-02 08:38:34,601 INFO iter=279900 epoch=40 lr=2.30e-06 G=4.116 advA2B=0.769 advB2A=0.886 cycA=0.080 cycB=0.091 idtA=0.068 idtB=0.082 D_A=0.032 D_B=0.064 D_A(real)=0.93 D_A(fake)=0.07 gnG=33.80 gnD=8.06 it_per_s=10.66
2026-10-02 08:38:44,039 INFO iter=280000 epoch=40 lr=2.16e-06 G=4.117 advA2B=0.769 advB2A=0.886 cycA=0.080 cycB=0.091 idtA=0.068 idtB=0.082 D_A=0.032 D_B=0.064 D_A(real)=0.93 D_A(fake)=0.07 gnG=33.80 gnD=8.07 it_per_s=10.66
2026-10-02 08:38:53,499 INFO iter=280100 epoch=40 lr=2.02e-06 G=4.116 advA2B=0.769 advB2A=0.886 cycA=0.080 cycB=0.091 idtA=0.068 idtB=0.082 D_A=0.032 D_B=0.064 D_A(real)=0.93 D_A(fake)=0.07 gnG=33.77 gnD=8.07 it_per_s=10.66
2026-10-02 08:39:02,944 INFO iter=280200 epoch=40 lr=1.88e-06 G=4.117 advA2B=0.769 advB2A=0.886 cycA=0.080 cycB=0.091 idtA=0.068 idtB=0.082 D_A=0.032 D_B=0.064 D_A(real)=0.93 D_A(fake)=0.07 gnG=33.74 gnD=8.06 it_per_s=10.65
2026-10-02 08:39:12,398 INFO iter=280300 epoch=40 lr=1.73e-06 G=4.119 advA2B=0.769 advB2A=0.887 cycA=0.080 cycB=0.091 idtA=0.068 idtB=0.082 D_A=0.032 D_B=0.064 D_A(real)=0.93 D_A(fake)=0.07 gnG=33.72 gnD=8.06 it_per_s=10.65
2026-10-02 08:39:21,841 INFO iter=280400 epoch=40 lr=1.59e-06 G=4.119 advA2B=0.769 advB2A=0.887 cycA=0.080 cycB=0.091 idtA=0.068 idtB=0.082 D_A=0.032 D_B=0.064 D_A(real)=0.93 D_A(fake)=0.07 gnG=33.69 gnD=8.07 it_per_s=10.65
2026-10-02 08:39:31,271 INFO iter=280500 epoch=40 lr=1.45e-06 G=4.119 advA2B=0.769 advB2A=0.887 cycA=0.080 cycB=0.092 idtA=0.068 idtB=0.082 D_A=0.032 D_B=0.064 D_A(real)=0.93 D_A(fake)=0.07 gnG=33.69 gnD=8.08 it_per_s=10.65
2026-10-02 08:39:40,724 INFO iter=280600 epoch=40 lr=1.31e-06 G=4.120 advA2B=0.768 advB2A=0.887 cycA=0.080 cycB=0.092 idtA=0.068 idtB=0.082 D_A=0.032 D_B=0.064 D_A(real)=0.93 D_A(fake)=0.07 gnG=33.68 gnD=8.08 it_per_s=10.65
2026-10-02 08:39:50,135 INFO iter=280700 epoch=40 lr=1.17e-06 G=4.118 advA2B=0.768 advB2A=0.887 cycA=0.080 cycB=0.091 idtA=0.068 idtB=0.082 D_A=0.032 D_B=0.064 D_A(real)=0.93 D_A(fake)=0.07 gnG=33.65 gnD=8.08 it_per_s=10.65
2026-10-02 08:39:59,660 INFO iter=280800 epoch=40 lr=1.02e-06 G=4.118 advA2B=0.768 advB2A=0.888 cycA=0.080 cycB=0.091 idtA=0.068 idtB=0.082 D_A=0.032 D_B=0.064 D_A(real)=0.93 D_A(fake)=0.07 gnG=33.68 gnD=8.07 it_per_s=10.65
2026-10-02 08:40:09,156 INFO iter=280900 epoch=40 lr=8.82e-07 G=4.118 advA2B=0.768 advB2A=0.888 cycA=0.079 cycB=0.091 idtA=0.068 idtB=0.082 D_A=0.032 D_B=0.064 D_A(real)=0.93 D_A(fake)=0.07 gnG=33.65 gnD=8.07 it_per_s=10.64
2026-10-02 08:40:18,640 INFO iter=281000 epoch=40 lr=7.40e-07 G=4.118 advA2B=0.768 advB2A=0.888 cycA=0.079 cycB=0.091 idtA=0.068 idtB=0.082 D_A=0.032 D_B=0.064 D_A(real)=0.93 D_A(fake)=0.07 gnG=33.69 gnD=8.06 it_per_s=10.64
2026-10-02 08:40:28,092 INFO iter=281100 epoch=40 lr=5.98e-07 G=4.118 advA2B=0.768 advB2A=0.888 cycA=0.079 cycB=0.091 idtA=0.068 idtB=0.082 D_A=0.032 D_B=0.064 D_A(real)=0.93 D_A(fake)=0.07 gnG=33.76 gnD=8.07 it_per_s=10.64
2026-10-02 08:40:37,573 INFO iter=281200 epoch=40 lr=4.56e-07 G=4.119 advA2B=0.769 advB2A=0.888 cycA=0.079 cycB=0.091 idtA=0.068 idtB=0.082 D_A=0.032 D_B=0.064 D_A(real)=0.93 D_A(fake)=0.07 gnG=33.77 gnD=8.06 it_per_s=10.64
2026-10-02 08:40:47,059 INFO iter=281300 epoch=40 lr=3.14e-07 G=4.119 advA2B=0.769 advB2A=0.889 cycA=0.079 cycB=0.091 idtA=0.068 idtB=0.082 D_A=0.032 D_B=0.063 D_A(real)=0.93 D_A(fake)=0.07 gnG=33.82 gnD=8.06 it_per_s=10.64
2026-10-02 08:40:56,487 INFO iter=281400 epoch=40 lr=1.72e-07 G=4.118 advA2B=0.769 advB2A=0.889 cycA=0.079 cycB=0.091 idtA=0.068 idtB=0.082 D_A=0.032 D_B=0.063 D_A(real)=0.93 D_A(fake)=0.07 gnG=33.81 gnD=8.05 it_per_s=10.64
2026-10-02 08:41:05,790 INFO iter=281500 epoch=40 lr=2.98e-08 G=4.119 advA2B=0.769 advB2A=0.889 cycA=0.079 cycB=0.092 idtA=0.068 idtB=0.082 D_A=0.032 D_B=0.063 D_A(real)=0.93 D_A(fake)=0.07 gnG=33.79 gnD=8.06 it_per_s=10.64
2026-10-02 08:41:07,664 INFO epoch=40 done time_s=661 it_per_s=10.64 G=4.119 cycA=0.079 cycB=0.092 idtA=0.068 idtB=0.082 D_A=0.032 D_B=0.063 D_A(real)=0.93 D_A(fake)=0.07 nan_count=0
2026-10-02 08:41:07,665 WARNING epoch=40 D_A (Monet) loss 0.0319 is near 0: possible discriminator overfitting
2026-10-02 08:41:08,404 INFO done summary={"run_id": "full_run01", "params": {"G_A2B": 11378179, "G_B2A": 11378179, "D_A": 2764737, "D_B": 2764737}, "param_count_total": 28285832, "param_count_generators": 22756358, "photos": 7038, "monets": 300, "iters": 281520, "train_time_s": 26494.39539309987, "train_iters_per_sec": 10.625643492635364, "train_images_per_sec": 21.251286985270728, "peak_memory_mb": 19153.6875, "max_grad_norm_G": 1561.698486328125, "max_grad_norm_D": 482.8687438964844, "nan_count": 0, "final_epoch": {"epoch": 40, "iters": 7038, "epoch_time_s": 661.4247580999509, "iters_per_s": 10.640666098163287, "loss_G": 4.119121187246127, "adv_A2B": 0.7685113842978875, "adv_B2A": 0.8887122239780955, "cycle_A": 0.07938517779789381, "cycle_B": 0.0915254073317551, "identity_A": 0.0682486098955202, "identity_B": 0.08230973529076543, "loss_D_A": 0.031897994536672525, "loss_D_B": 0.06349888278987088, "D_A_real_mean": 0.9273496993938336, "D_A_fake_mean": 0.07294329954462292, "grad_norm_G": 33.785440146973876, "grad_norm_D": 8.05696135344374}, "hardware": "GPU: NVIDIA GeForce RTX 4090; CPU: AMD64 Family 25 Model 97 Stepping 2, AuthenticAMD"}
