2026-10-04 12:27:01,785 INFO resumed from C:\Users\chaitanya\Documents\GEN_AI_LAB1\task3_gan\member_chaitanya\checkpoints\full_run14\latest.pt at epoch 40 iter 281520
2026-10-04 12:27:01,790 INFO resumed EMA weights from C:\Users\chaitanya\Documents\GEN_AI_LAB1\task3_gan\member_chaitanya\checkpoints\full_run14\latest.pt
2026-10-04 12:27:01,791 INFO generator EMA enabled, decay=0.9999
2026-10-04 12:27:01,791 INFO run_id=full_run14 config=task3_gan/member_chaitanya/configs/full_run14.yaml
2026-10-04 12:27:01,791 INFO config={"run_id": "full_run14", "seed": 1337, "data": {"monet_dir": "task3_gan/data/monet_jpg", "photo_dir": "task3_gan/data/photo_jpg", "load_size": 256, "crop_size": 256, "hflip": true, "num_workers": 4}, "model": {"ngf": 64, "n_res_blocks": 9, "n_downsampling": 2, "upsampling": "nearest_conv", "ndf": 64, "d_scales": 2, "norm": "instance", "init_std": 0.02}, "loss": {"adversarial": "lsgan", "lambda_cycle": 2.0, "lambda_identity": 0.0, "d_loss_scale": 0.5}, "training": {"batch_size": 1, "epochs": 48, "constant_lr_epochs": 40, "lr_g": 5e-05, "lr_d": 5e-05, "betas": [0.5, 0.999], "pool_size": 50, "precision": "fp32", "cudnn_benchmark": true, "diffaugment_monet_d": true, "diffaugment_photo_d": true, "ema_decay": 0.9999, "log_every_iters": 100, "grid_every_epochs": 1, "checkpoint_every_epochs": 2, "num_fixed_samples": 4}}
2026-10-04 12:27:01,819 INFO hardware=GPU: NVIDIA GeForce RTX 4090; CPU: AMD64 Family 25 Model 97 Stepping 2, AuthenticAMD torch=2.11.0+cu128
2026-10-04 12:27:01,820 INFO photos=7038 monets=300 iters_per_epoch=7038 total_iters=337824 params={"G_A2B": 11378179, "G_B2A": 11378179, "D_A": 5529474, "D_B": 5529474}
2026-10-04 12:27:48,246 INFO iter=281600 epoch=41 lr=4.99e-05 G=1.495 advA2B=0.430 advB2A=0.642 cycA=0.097 cycB=0.115 idtA=0.173 idtB=0.110 D_A=0.196 D_B=0.206 D_A(real)=0.64 D_A(fake)=0.36 gnG=19.88 gnD=21.91 it_per_s=1.72
2026-10-04 12:28:03,230 INFO iter=281700 epoch=41 lr=4.98e-05 G=1.572 advA2B=0.439 advB2A=0.685 cycA=0.104 cycB=0.120 idtA=0.185 idtB=0.117 D_A=0.158 D_B=0.197 D_A(real)=0.72 D_A(fake)=0.27 gnG=20.58 gnD=19.20 it_per_s=2.93
2026-10-04 12:28:18,465 INFO iter=281800 epoch=41 lr=4.98e-05 G=1.627 advA2B=0.456 advB2A=0.716 cycA=0.106 cycB=0.122 idtA=0.184 idtB=0.120 D_A=0.138 D_B=0.194 D_A(real)=0.77 D_A(fake)=0.22 gnG=21.81 gnD=18.56 it_per_s=3.65
2026-10-04 12:28:33,744 INFO iter=281900 epoch=41 lr=4.97e-05 G=1.631 advA2B=0.463 advB2A=0.710 cycA=0.106 cycB=0.123 idtA=0.185 idtB=0.121 D_A=0.127 D_B=0.187 D_A(real)=0.79 D_A(fake)=0.21 gnG=22.03 gnD=17.81 it_per_s=4.13
2026-10-04 12:28:47,681 INFO iter=282000 epoch=41 lr=4.96e-05 G=1.651 advA2B=0.466 advB2A=0.718 cycA=0.108 cycB=0.126 idtA=0.188 idtB=0.125 D_A=0.121 D_B=0.183 D_A(real)=0.79 D_A(fake)=0.20 gnG=21.92 gnD=17.26 it_per_s=4.53
2026-10-04 12:29:03,601 INFO iter=282100 epoch=41 lr=4.95e-05 G=1.658 advA2B=0.466 advB2A=0.721 cycA=0.109 cycB=0.126 idtA=0.191 idtB=0.125 D_A=0.117 D_B=0.182 D_A(real)=0.80 D_A(fake)=0.20 gnG=21.92 gnD=16.76 it_per_s=4.76
2026-10-04 12:29:17,357 INFO iter=282200 epoch=41 lr=4.94e-05 G=1.661 advA2B=0.476 advB2A=0.714 cycA=0.109 cycB=0.126 idtA=0.192 idtB=0.125 D_A=0.113 D_B=0.181 D_A(real)=0.81 D_A(fake)=0.19 gnG=21.84 gnD=16.65 it_per_s=5.02
2026-10-04 12:29:33,596 INFO iter=282300 epoch=41 lr=4.93e-05 G=1.666 advA2B=0.481 advB2A=0.716 cycA=0.108 cycB=0.126 idtA=0.191 idtB=0.124 D_A=0.111 D_B=0.180 D_A(real)=0.81 D_A(fake)=0.19 gnG=22.17 gnD=16.46 it_per_s=5.14
2026-10-04 12:29:48,465 INFO iter=282400 epoch=41 lr=4.92e-05 G=1.657 advA2B=0.478 advB2A=0.714 cycA=0.107 cycB=0.125 idtA=0.191 idtB=0.124 D_A=0.109 D_B=0.181 D_A(real)=0.81 D_A(fake)=0.19 gnG=21.99 gnD=16.25 it_per_s=5.28
2026-10-04 12:30:03,161 INFO iter=282500 epoch=41 lr=4.91e-05 G=1.659 advA2B=0.479 advB2A=0.714 cycA=0.107 cycB=0.126 idtA=0.191 idtB=0.125 D_A=0.107 D_B=0.180 D_A(real)=0.81 D_A(fake)=0.18 gnG=22.22 gnD=16.14 it_per_s=5.40
2026-10-04 12:30:18,652 INFO iter=282600 epoch=41 lr=4.90e-05 G=1.658 advA2B=0.483 advB2A=0.709 cycA=0.107 cycB=0.126 idtA=0.191 idtB=0.125 D_A=0.106 D_B=0.179 D_A(real)=0.81 D_A(fake)=0.18 gnG=22.37 gnD=15.87 it_per_s=5.49
2026-10-04 12:30:32,426 INFO iter=282700 epoch=41 lr=4.90e-05 G=1.655 advA2B=0.483 advB2A=0.705 cycA=0.107 cycB=0.126 idtA=0.193 idtB=0.126 D_A=0.105 D_B=0.179 D_A(real)=0.81 D_A(fake)=0.19 gnG=22.09 gnD=15.73 it_per_s=5.60
2026-10-04 12:30:48,305 INFO iter=282800 epoch=41 lr=4.89e-05 G=1.661 advA2B=0.485 advB2A=0.708 cycA=0.107 cycB=0.127 idtA=0.193 idtB=0.126 D_A=0.104 D_B=0.177 D_A(real)=0.82 D_A(fake)=0.18 gnG=22.30 gnD=15.52 it_per_s=5.65
2026-10-04 12:31:01,584 INFO iter=282900 epoch=41 lr=4.88e-05 G=1.660 advA2B=0.484 advB2A=0.708 cycA=0.107 cycB=0.127 idtA=0.193 idtB=0.126 D_A=0.103 D_B=0.177 D_A(real)=0.82 D_A(fake)=0.18 gnG=22.31 gnD=15.36 it_per_s=5.76
2026-10-04 12:31:17,360 INFO iter=283000 epoch=41 lr=4.87e-05 G=1.662 advA2B=0.485 advB2A=0.709 cycA=0.108 cycB=0.127 idtA=0.194 idtB=0.126 D_A=0.103 D_B=0.176 D_A(real)=0.82 D_A(fake)=0.18 gnG=22.23 gnD=15.33 it_per_s=5.79
2026-10-04 12:31:31,739 INFO iter=283100 epoch=41 lr=4.86e-05 G=1.662 advA2B=0.486 advB2A=0.708 cycA=0.108 cycB=0.126 idtA=0.195 idtB=0.126 D_A=0.102 D_B=0.175 D_A(real)=0.82 D_A(fake)=0.18 gnG=22.17 gnD=15.24 it_per_s=5.85
2026-10-04 12:31:46,804 INFO iter=283200 epoch=41 lr=4.85e-05 G=1.663 advA2B=0.487 advB2A=0.708 cycA=0.107 cycB=0.126 idtA=0.195 idtB=0.125 D_A=0.101 D_B=0.175 D_A(real)=0.82 D_A(fake)=0.18 gnG=22.18 gnD=15.21 it_per_s=5.90
2026-10-04 12:32:02,325 INFO iter=283300 epoch=41 lr=4.84e-05 G=1.662 advA2B=0.486 advB2A=0.708 cycA=0.108 cycB=0.126 idtA=0.195 idtB=0.125 D_A=0.101 D_B=0.175 D_A(real)=0.82 D_A(fake)=0.18 gnG=22.16 gnD=15.14 it_per_s=5.92
2026-10-04 12:32:16,197 INFO iter=283400 epoch=41 lr=4.83e-05 G=1.664 advA2B=0.485 advB2A=0.710 cycA=0.108 cycB=0.126 idtA=0.196 idtB=0.125 D_A=0.101 D_B=0.175 D_A(real)=0.82 D_A(fake)=0.18 gnG=22.29 gnD=15.07 it_per_s=5.98
2026-10-04 12:32:31,967 INFO iter=283500 epoch=41 lr=4.82e-05 G=1.663 advA2B=0.483 advB2A=0.710 cycA=0.108 cycB=0.126 idtA=0.197 idtB=0.125 D_A=0.101 D_B=0.175 D_A(real)=0.82 D_A(fake)=0.18 gnG=22.18 gnD=15.06 it_per_s=6.00
2026-10-04 12:32:45,129 INFO iter=283600 epoch=41 lr=4.82e-05 G=1.662 advA2B=0.484 advB2A=0.709 cycA=0.108 cycB=0.127 idtA=0.197 idtB=0.125 D_A=0.101 D_B=0.174 D_A(real)=0.82 D_A(fake)=0.18 gnG=22.07 gnD=15.01 it_per_s=6.06
2026-10-04 12:33:01,132 INFO iter=283700 epoch=41 lr=4.81e-05 G=1.664 advA2B=0.484 advB2A=0.709 cycA=0.108 cycB=0.127 idtA=0.197 idtB=0.126 D_A=0.100 D_B=0.175 D_A(real)=0.82 D_A(fake)=0.18 gnG=22.20 gnD=14.97 it_per_s=6.07
2026-10-04 12:33:15,841 INFO iter=283800 epoch=41 lr=4.80e-05 G=1.665 advA2B=0.485 advB2A=0.709 cycA=0.108 cycB=0.127 idtA=0.197 idtB=0.127 D_A=0.100 D_B=0.174 D_A(real)=0.81 D_A(fake)=0.18 gnG=22.32 gnD=14.93 it_per_s=6.10
2026-10-04 12:33:30,227 INFO iter=283900 epoch=41 lr=4.79e-05 G=1.667 advA2B=0.486 advB2A=0.710 cycA=0.108 cycB=0.127 idtA=0.197 idtB=0.127 D_A=0.100 D_B=0.174 D_A(real)=0.82 D_A(fake)=0.18 gnG=22.33 gnD=14.96 it_per_s=6.13
2026-10-04 12:33:45,669 INFO iter=284000 epoch=41 lr=4.78e-05 G=1.664 advA2B=0.485 advB2A=0.708 cycA=0.108 cycB=0.127 idtA=0.197 idtB=0.127 D_A=0.099 D_B=0.175 D_A(real)=0.81 D_A(fake)=0.18 gnG=22.17 gnD=15.00 it_per_s=6.14
2026-10-04 12:33:59,316 INFO iter=284100 epoch=41 lr=4.77e-05 G=1.664 advA2B=0.485 advB2A=0.707 cycA=0.109 cycB=0.127 idtA=0.198 idtB=0.127 D_A=0.099 D_B=0.175 D_A(real)=0.81 D_A(fake)=0.18 gnG=22.06 gnD=14.98 it_per_s=6.18
2026-10-04 12:34:12,082 INFO iter=284200 epoch=41 lr=4.76e-05 G=1.666 advA2B=0.485 advB2A=0.710 cycA=0.109 cycB=0.127 idtA=0.198 idtB=0.128 D_A=0.099 D_B=0.175 D_A(real)=0.81 D_A(fake)=0.18 gnG=22.09 gnD=14.92 it_per_s=6.23
2026-10-04 12:34:25,009 INFO iter=284300 epoch=41 lr=4.75e-05 G=1.666 advA2B=0.484 advB2A=0.710 cycA=0.109 cycB=0.127 idtA=0.198 idtB=0.128 D_A=0.098 D_B=0.174 D_A(real)=0.81 D_A(fake)=0.19 gnG=22.14 gnD=14.89 it_per_s=6.27
2026-10-04 12:34:40,255 INFO iter=284400 epoch=41 lr=4.74e-05 G=1.667 advA2B=0.486 advB2A=0.709 cycA=0.109 cycB=0.127 idtA=0.198 idtB=0.128 D_A=0.098 D_B=0.174 D_A(real)=0.81 D_A(fake)=0.19 gnG=22.13 gnD=14.81 it_per_s=6.28
2026-10-04 12:34:55,167 INFO iter=284500 epoch=41 lr=4.74e-05 G=1.671 advA2B=0.488 advB2A=0.711 cycA=0.109 cycB=0.127 idtA=0.199 idtB=0.128 D_A=0.098 D_B=0.173 D_A(real)=0.81 D_A(fake)=0.19 gnG=22.18 gnD=14.82 it_per_s=6.30
2026-10-04 12:35:09,525 INFO iter=284600 epoch=41 lr=4.73e-05 G=1.670 advA2B=0.487 advB2A=0.711 cycA=0.109 cycB=0.127 idtA=0.199 idtB=0.128 D_A=0.098 D_B=0.173 D_A(real)=0.81 D_A(fake)=0.19 gnG=22.21 gnD=14.84 it_per_s=6.32
2026-10-04 12:35:25,083 INFO iter=284700 epoch=41 lr=4.72e-05 G=1.670 advA2B=0.487 advB2A=0.710 cycA=0.109 cycB=0.127 idtA=0.199 idtB=0.128 D_A=0.098 D_B=0.173 D_A(real)=0.81 D_A(fake)=0.18 gnG=22.19 gnD=14.83 it_per_s=6.32
2026-10-04 12:35:38,697 INFO iter=284800 epoch=41 lr=4.71e-05 G=1.669 advA2B=0.486 advB2A=0.710 cycA=0.109 cycB=0.127 idtA=0.200 idtB=0.128 D_A=0.098 D_B=0.173 D_A(real)=0.81 D_A(fake)=0.18 gnG=22.11 gnD=14.85 it_per_s=6.35
2026-10-04 12:35:54,519 INFO iter=284900 epoch=41 lr=4.70e-05 G=1.668 advA2B=0.486 advB2A=0.710 cycA=0.109 cycB=0.127 idtA=0.200 idtB=0.128 D_A=0.098 D_B=0.173 D_A(real)=0.81 D_A(fake)=0.18 gnG=22.07 gnD=14.83 it_per_s=6.34
2026-10-04 12:36:07,733 INFO iter=285000 epoch=41 lr=4.69e-05 G=1.669 advA2B=0.486 advB2A=0.709 cycA=0.109 cycB=0.127 idtA=0.200 idtB=0.128 D_A=0.098 D_B=0.172 D_A(real)=0.81 D_A(fake)=0.18 gnG=22.02 gnD=14.85 it_per_s=6.37
2026-10-04 12:36:23,535 INFO iter=285100 epoch=41 lr=4.68e-05 G=1.669 advA2B=0.487 advB2A=0.709 cycA=0.109 cycB=0.127 idtA=0.200 idtB=0.128 D_A=0.097 D_B=0.172 D_A(real)=0.81 D_A(fake)=0.18 gnG=22.01 gnD=14.82 it_per_s=6.37
2026-10-04 12:36:38,070 INFO iter=285200 epoch=41 lr=4.67e-05 G=1.669 advA2B=0.487 advB2A=0.708 cycA=0.110 cycB=0.127 idtA=0.200 idtB=0.128 D_A=0.097 D_B=0.172 D_A(real)=0.81 D_A(fake)=0.18 gnG=21.98 gnD=14.84 it_per_s=6.39
2026-10-04 12:36:52,818 INFO iter=285300 epoch=41 lr=4.66e-05 G=1.669 advA2B=0.488 advB2A=0.708 cycA=0.110 cycB=0.127 idtA=0.201 idtB=0.128 D_A=0.097 D_B=0.172 D_A(real)=0.81 D_A(fake)=0.19 gnG=22.00 gnD=14.83 it_per_s=6.40
2026-10-04 12:37:08,372 INFO iter=285400 epoch=41 lr=4.66e-05 G=1.670 advA2B=0.487 advB2A=0.709 cycA=0.109 cycB=0.127 idtA=0.201 idtB=0.128 D_A=0.096 D_B=0.172 D_A(real)=0.81 D_A(fake)=0.19 gnG=22.03 gnD=14.85 it_per_s=6.40
2026-10-04 12:37:22,355 INFO iter=285500 epoch=41 lr=4.65e-05 G=1.670 advA2B=0.487 advB2A=0.709 cycA=0.109 cycB=0.127 idtA=0.201 idtB=0.128 D_A=0.096 D_B=0.172 D_A(real)=0.81 D_A(fake)=0.18 gnG=22.06 gnD=14.85 it_per_s=6.41
2026-10-04 12:37:38,056 INFO iter=285600 epoch=41 lr=4.64e-05 G=1.670 advA2B=0.488 advB2A=0.708 cycA=0.109 cycB=0.127 idtA=0.201 idtB=0.128 D_A=0.096 D_B=0.172 D_A(real)=0.81 D_A(fake)=0.18 gnG=22.05 gnD=14.84 it_per_s=6.41
2026-10-04 12:37:51,232 INFO iter=285700 epoch=41 lr=4.63e-05 G=1.671 advA2B=0.488 advB2A=0.709 cycA=0.109 cycB=0.127 idtA=0.202 idtB=0.127 D_A=0.096 D_B=0.172 D_A(real)=0.81 D_A(fake)=0.18 gnG=22.11 gnD=14.82 it_per_s=6.44
2026-10-04 12:38:07,009 INFO iter=285800 epoch=41 lr=4.62e-05 G=1.671 advA2B=0.488 advB2A=0.710 cycA=0.109 cycB=0.127 idtA=0.202 idtB=0.127 D_A=0.096 D_B=0.172 D_A(real)=0.81 D_A(fake)=0.18 gnG=22.14 gnD=14.82 it_per_s=6.43
2026-10-04 12:38:21,596 INFO iter=285900 epoch=41 lr=4.61e-05 G=1.671 advA2B=0.487 advB2A=0.710 cycA=0.109 cycB=0.127 idtA=0.202 idtB=0.127 D_A=0.096 D_B=0.172 D_A(real)=0.81 D_A(fake)=0.18 gnG=22.15 gnD=14.80 it_per_s=6.44
2026-10-04 12:38:36,637 INFO iter=286000 epoch=41 lr=4.60e-05 G=1.672 advA2B=0.487 advB2A=0.712 cycA=0.109 cycB=0.127 idtA=0.202 idtB=0.127 D_A=0.095 D_B=0.172 D_A(real)=0.82 D_A(fake)=0.18 gnG=22.15 gnD=14.75 it_per_s=6.45
2026-10-04 12:38:52,079 INFO iter=286100 epoch=41 lr=4.59e-05 G=1.672 advA2B=0.487 advB2A=0.711 cycA=0.110 cycB=0.127 idtA=0.202 idtB=0.127 D_A=0.095 D_B=0.172 D_A(real)=0.82 D_A(fake)=0.18 gnG=22.10 gnD=14.76 it_per_s=6.45
2026-10-04 12:39:05,786 INFO iter=286200 epoch=41 lr=4.58e-05 G=1.672 advA2B=0.487 advB2A=0.711 cycA=0.110 cycB=0.127 idtA=0.203 idtB=0.127 D_A=0.095 D_B=0.172 D_A(real)=0.81 D_A(fake)=0.18 gnG=22.04 gnD=14.76 it_per_s=6.46
2026-10-04 12:39:21,676 INFO iter=286300 epoch=41 lr=4.58e-05 G=1.673 advA2B=0.487 advB2A=0.712 cycA=0.110 cycB=0.127 idtA=0.203 idtB=0.127 D_A=0.095 D_B=0.172 D_A(real)=0.81 D_A(fake)=0.18 gnG=22.07 gnD=14.73 it_per_s=6.46
2026-10-04 12:39:34,761 INFO iter=286400 epoch=41 lr=4.57e-05 G=1.673 advA2B=0.487 advB2A=0.712 cycA=0.110 cycB=0.127 idtA=0.202 idtB=0.127 D_A=0.095 D_B=0.172 D_A(real)=0.81 D_A(fake)=0.18 gnG=22.10 gnD=14.70 it_per_s=6.48
2026-10-04 12:39:50,653 INFO iter=286500 epoch=41 lr=4.56e-05 G=1.673 advA2B=0.487 advB2A=0.712 cycA=0.110 cycB=0.128 idtA=0.202 idtB=0.128 D_A=0.095 D_B=0.172 D_A(real)=0.81 D_A(fake)=0.18 gnG=22.11 gnD=14.70 it_per_s=6.48
2026-10-04 12:40:05,005 INFO iter=286600 epoch=41 lr=4.55e-05 G=1.674 advA2B=0.487 advB2A=0.713 cycA=0.110 cycB=0.127 idtA=0.202 idtB=0.127 D_A=0.095 D_B=0.172 D_A(real)=0.81 D_A(fake)=0.18 gnG=22.08 gnD=14.70 it_per_s=6.49
2026-10-04 12:40:19,923 INFO iter=286700 epoch=41 lr=4.54e-05 G=1.673 advA2B=0.487 advB2A=0.712 cycA=0.110 cycB=0.128 idtA=0.202 idtB=0.128 D_A=0.095 D_B=0.172 D_A(real)=0.81 D_A(fake)=0.18 gnG=22.07 gnD=14.67 it_per_s=6.49
2026-10-04 12:40:35,505 INFO iter=286800 epoch=41 lr=4.53e-05 G=1.673 advA2B=0.487 advB2A=0.712 cycA=0.110 cycB=0.128 idtA=0.203 idtB=0.128 D_A=0.095 D_B=0.172 D_A(real)=0.81 D_A(fake)=0.18 gnG=22.08 gnD=14.64 it_per_s=6.49
2026-10-04 12:40:49,313 INFO iter=286900 epoch=41 lr=4.52e-05 G=1.672 advA2B=0.487 advB2A=0.711 cycA=0.110 cycB=0.128 idtA=0.203 idtB=0.128 D_A=0.095 D_B=0.172 D_A(real)=0.81 D_A(fake)=0.18 gnG=22.07 gnD=14.62 it_per_s=6.50
2026-10-04 12:41:05,121 INFO iter=287000 epoch=41 lr=4.51e-05 G=1.673 advA2B=0.487 advB2A=0.711 cycA=0.110 cycB=0.128 idtA=0.203 idtB=0.128 D_A=0.094 D_B=0.172 D_A(real)=0.81 D_A(fake)=0.18 gnG=22.05 gnD=14.62 it_per_s=6.50
2026-10-04 12:41:18,406 INFO iter=287100 epoch=41 lr=4.50e-05 G=1.674 advA2B=0.487 advB2A=0.712 cycA=0.110 cycB=0.128 idtA=0.203 idtB=0.128 D_A=0.094 D_B=0.172 D_A(real)=0.81 D_A(fake)=0.18 gnG=22.03 gnD=14.61 it_per_s=6.51
2026-10-04 12:41:34,150 INFO iter=287200 epoch=41 lr=4.50e-05 G=1.674 advA2B=0.487 advB2A=0.712 cycA=0.110 cycB=0.128 idtA=0.203 idtB=0.128 D_A=0.094 D_B=0.172 D_A(real)=0.81 D_A(fake)=0.18 gnG=22.03 gnD=14.61 it_per_s=6.51
2026-10-04 12:41:48,120 INFO iter=287300 epoch=41 lr=4.49e-05 G=1.675 advA2B=0.487 advB2A=0.713 cycA=0.110 cycB=0.128 idtA=0.203 idtB=0.128 D_A=0.094 D_B=0.171 D_A(real)=0.81 D_A(fake)=0.18 gnG=22.00 gnD=14.59 it_per_s=6.52
2026-10-04 12:42:03,301 INFO iter=287400 epoch=41 lr=4.48e-05 G=1.674 advA2B=0.487 advB2A=0.713 cycA=0.110 cycB=0.128 idtA=0.203 idtB=0.128 D_A=0.094 D_B=0.171 D_A(real)=0.81 D_A(fake)=0.18 gnG=22.00 gnD=14.57 it_per_s=6.52
2026-10-04 12:42:18,653 INFO iter=287500 epoch=41 lr=4.47e-05 G=1.674 advA2B=0.486 advB2A=0.713 cycA=0.110 cycB=0.128 idtA=0.203 idtB=0.128 D_A=0.094 D_B=0.171 D_A(real)=0.81 D_A(fake)=0.18 gnG=21.99 gnD=14.56 it_per_s=6.52
2026-10-04 12:42:32,985 INFO iter=287600 epoch=41 lr=4.46e-05 G=1.675 advA2B=0.486 advB2A=0.714 cycA=0.110 cycB=0.128 idtA=0.204 idtB=0.128 D_A=0.094 D_B=0.171 D_A(real)=0.82 D_A(fake)=0.18 gnG=22.02 gnD=14.55 it_per_s=6.53
2026-10-04 12:42:48,801 INFO iter=287700 epoch=41 lr=4.45e-05 G=1.676 advA2B=0.486 advB2A=0.714 cycA=0.110 cycB=0.128 idtA=0.204 idtB=0.128 D_A=0.093 D_B=0.171 D_A(real)=0.82 D_A(fake)=0.18 gnG=22.05 gnD=14.53 it_per_s=6.53
2026-10-04 12:43:02,679 INFO iter=287800 epoch=41 lr=4.44e-05 G=1.676 advA2B=0.487 advB2A=0.714 cycA=0.110 cycB=0.128 idtA=0.203 idtB=0.128 D_A=0.093 D_B=0.172 D_A(real)=0.82 D_A(fake)=0.18 gnG=22.07 gnD=14.53 it_per_s=6.54
2026-10-04 12:43:18,620 INFO iter=287900 epoch=41 lr=4.43e-05 G=1.677 advA2B=0.487 advB2A=0.714 cycA=0.110 cycB=0.128 idtA=0.204 idtB=0.128 D_A=0.093 D_B=0.172 D_A(real)=0.82 D_A(fake)=0.18 gnG=22.04 gnD=14.50 it_per_s=6.53
2026-10-04 12:43:32,387 INFO iter=288000 epoch=41 lr=4.42e-05 G=1.677 advA2B=0.487 advB2A=0.714 cycA=0.110 cycB=0.128 idtA=0.204 idtB=0.128 D_A=0.093 D_B=0.172 D_A(real)=0.82 D_A(fake)=0.18 gnG=22.03 gnD=14.50 it_per_s=6.54
2026-10-04 12:43:44,841 INFO iter=288100 epoch=41 lr=4.42e-05 G=1.678 advA2B=0.487 advB2A=0.715 cycA=0.110 cycB=0.128 idtA=0.204 idtB=0.129 D_A=0.093 D_B=0.172 D_A(real)=0.82 D_A(fake)=0.18 gnG=22.01 gnD=14.51 it_per_s=6.56
2026-10-04 12:43:57,191 INFO iter=288200 epoch=41 lr=4.41e-05 G=1.679 advA2B=0.487 advB2A=0.716 cycA=0.110 cycB=0.128 idtA=0.204 idtB=0.129 D_A=0.093 D_B=0.171 D_A(real)=0.82 D_A(fake)=0.18 gnG=21.99 gnD=14.49 it_per_s=6.58
2026-10-04 12:44:09,600 INFO iter=288300 epoch=41 lr=4.40e-05 G=1.679 advA2B=0.488 advB2A=0.715 cycA=0.110 cycB=0.128 idtA=0.204 idtB=0.129 D_A=0.093 D_B=0.171 D_A(real)=0.82 D_A(fake)=0.18 gnG=22.00 gnD=14.49 it_per_s=6.60
2026-10-04 12:44:22,289 INFO iter=288400 epoch=41 lr=4.39e-05 G=1.680 advA2B=0.488 advB2A=0.716 cycA=0.110 cycB=0.128 idtA=0.204 idtB=0.129 D_A=0.093 D_B=0.171 D_A(real)=0.82 D_A(fake)=0.18 gnG=22.01 gnD=14.50 it_per_s=6.61
2026-10-04 12:44:35,363 INFO iter=288500 epoch=41 lr=4.38e-05 G=1.680 advA2B=0.487 advB2A=0.716 cycA=0.110 cycB=0.128 idtA=0.205 idtB=0.129 D_A=0.093 D_B=0.171 D_A(real)=0.82 D_A(fake)=0.18 gnG=22.01 gnD=14.53 it_per_s=6.63
2026-10-04 12:44:42,400 INFO epoch=41 done time_s=1061 it_per_s=6.64 G=1.680 cycA=0.110 cycB=0.128 idtA=0.205 idtB=0.129 D_A=0.093 D_B=0.171 D_A(real)=0.82 D_A(fake)=0.18 nan_count=0
2026-10-04 12:44:53,238 INFO iter=288600 epoch=42 lr=4.37e-05 G=1.641 advA2B=0.488 advB2A=0.664 cycA=0.111 cycB=0.134 idtA=0.211 idtB=0.137 D_A=0.078 D_B=0.163 D_A(real)=0.84 D_A(fake)=0.17 gnG=21.61 gnD=12.53 it_per_s=8.20
2026-10-04 12:45:05,477 INFO iter=288700 epoch=42 lr=4.36e-05 G=1.654 advA2B=0.454 advB2A=0.720 cycA=0.111 cycB=0.129 idtA=0.219 idtB=0.132 D_A=0.080 D_B=0.167 D_A(real)=0.84 D_A(fake)=0.16 gnG=20.96 gnD=13.66 it_per_s=8.18
2026-10-04 12:45:17,678 INFO iter=288800 epoch=42 lr=4.35e-05 G=1.673 advA2B=0.460 advB2A=0.734 cycA=0.109 cycB=0.131 idtA=0.214 idtB=0.135 D_A=0.083 D_B=0.171 D_A(real)=0.83 D_A(fake)=0.17 gnG=21.21 gnD=14.19 it_per_s=8.19
2026-10-04 12:45:29,828 INFO iter=288900 epoch=42 lr=4.34e-05 G=1.665 advA2B=0.463 advB2A=0.724 cycA=0.109 cycB=0.130 idtA=0.211 idtB=0.131 D_A=0.085 D_B=0.171 D_A(real)=0.83 D_A(fake)=0.17 gnG=21.39 gnD=14.45 it_per_s=8.20
2026-10-04 12:45:41,968 INFO iter=289000 epoch=42 lr=4.34e-05 G=1.671 advA2B=0.472 advB2A=0.726 cycA=0.109 cycB=0.128 idtA=0.209 idtB=0.129 D_A=0.085 D_B=0.170 D_A(real)=0.82 D_A(fake)=0.18 gnG=22.08 gnD=14.86 it_per_s=8.21
2026-10-04 12:45:54,126 INFO iter=289100 epoch=42 lr=4.33e-05 G=1.681 advA2B=0.478 advB2A=0.726 cycA=0.109 cycB=0.129 idtA=0.216 idtB=0.130 D_A=0.087 D_B=0.167 D_A(real)=0.82 D_A(fake)=0.18 gnG=21.84 gnD=14.67 it_per_s=8.21
2026-10-04 12:46:06,296 INFO iter=289200 epoch=42 lr=4.32e-05 G=1.696 advA2B=0.484 advB2A=0.731 cycA=0.111 cycB=0.129 idtA=0.220 idtB=0.129 D_A=0.086 D_B=0.166 D_A(real)=0.82 D_A(fake)=0.18 gnG=21.80 gnD=14.59 it_per_s=8.21
2026-10-04 12:46:18,449 INFO iter=289300 epoch=42 lr=4.31e-05 G=1.693 advA2B=0.485 advB2A=0.727 cycA=0.111 cycB=0.129 idtA=0.219 idtB=0.130 D_A=0.087 D_B=0.167 D_A(real)=0.82 D_A(fake)=0.18 gnG=21.79 gnD=14.65 it_per_s=8.21
2026-10-04 12:46:30,550 INFO iter=289400 epoch=42 lr=4.30e-05 G=1.694 advA2B=0.484 advB2A=0.728 cycA=0.111 cycB=0.130 idtA=0.217 idtB=0.130 D_A=0.086 D_B=0.167 D_A(real)=0.82 D_A(fake)=0.18 gnG=22.20 gnD=14.79 it_per_s=8.22
2026-10-04 12:46:42,750 INFO iter=289500 epoch=42 lr=4.29e-05 G=1.690 advA2B=0.483 advB2A=0.728 cycA=0.111 cycB=0.129 idtA=0.215 idtB=0.128 D_A=0.086 D_B=0.168 D_A(real)=0.82 D_A(fake)=0.18 gnG=22.12 gnD=14.77 it_per_s=8.22
2026-10-04 12:46:54,848 INFO iter=289600 epoch=42 lr=4.28e-05 G=1.687 advA2B=0.481 advB2A=0.726 cycA=0.111 cycB=0.129 idtA=0.217 idtB=0.128 D_A=0.087 D_B=0.168 D_A(real)=0.82 D_A(fake)=0.18 gnG=21.98 gnD=14.60 it_per_s=8.22
2026-10-04 12:47:06,981 INFO iter=289700 epoch=42 lr=4.27e-05 G=1.688 advA2B=0.482 advB2A=0.727 cycA=0.111 cycB=0.128 idtA=0.217 idtB=0.127 D_A=0.088 D_B=0.169 D_A(real)=0.82 D_A(fake)=0.18 gnG=21.89 gnD=14.66 it_per_s=8.22
2026-10-04 12:47:19,083 INFO iter=289800 epoch=42 lr=4.26e-05 G=1.689 advA2B=0.484 advB2A=0.727 cycA=0.111 cycB=0.129 idtA=0.219 idtB=0.128 D_A=0.087 D_B=0.168 D_A(real)=0.82 D_A(fake)=0.18 gnG=21.84 gnD=14.60 it_per_s=8.23
2026-10-04 12:47:31,226 INFO iter=289900 epoch=42 lr=4.26e-05 G=1.688 advA2B=0.482 advB2A=0.726 cycA=0.110 cycB=0.129 idtA=0.218 idtB=0.129 D_A=0.087 D_B=0.167 D_A(real)=0.82 D_A(fake)=0.18 gnG=22.01 gnD=14.54 it_per_s=8.23
2026-10-04 12:47:43,460 INFO iter=290000 epoch=42 lr=4.25e-05 G=1.688 advA2B=0.483 advB2A=0.725 cycA=0.110 cycB=0.129 idtA=0.216 idtB=0.129 D_A=0.087 D_B=0.167 D_A(real)=0.82 D_A(fake)=0.18 gnG=22.32 gnD=14.48 it_per_s=8.22
2026-10-04 12:47:55,556 INFO iter=290100 epoch=42 lr=4.24e-05 G=1.690 advA2B=0.483 advB2A=0.729 cycA=0.110 cycB=0.129 idtA=0.215 idtB=0.129 D_A=0.087 D_B=0.167 D_A(real)=0.82 D_A(fake)=0.18 gnG=22.45 gnD=14.48 it_per_s=8.23
2026-10-04 12:48:07,593 INFO iter=290200 epoch=42 lr=4.23e-05 G=1.690 advA2B=0.483 advB2A=0.729 cycA=0.110 cycB=0.129 idtA=0.216 idtB=0.129 D_A=0.086 D_B=0.167 D_A(real)=0.82 D_A(fake)=0.18 gnG=22.42 gnD=14.56 it_per_s=8.23
2026-10-04 12:48:19,659 INFO iter=290300 epoch=42 lr=4.22e-05 G=1.692 advA2B=0.485 advB2A=0.729 cycA=0.110 cycB=0.128 idtA=0.215 idtB=0.129 D_A=0.086 D_B=0.167 D_A(real)=0.82 D_A(fake)=0.17 gnG=22.36 gnD=14.55 it_per_s=8.23
2026-10-04 12:48:31,792 INFO iter=290400 epoch=42 lr=4.21e-05 G=1.692 advA2B=0.485 advB2A=0.730 cycA=0.111 cycB=0.128 idtA=0.215 idtB=0.129 D_A=0.086 D_B=0.167 D_A(real)=0.82 D_A(fake)=0.17 gnG=22.28 gnD=14.49 it_per_s=8.24
2026-10-04 12:48:43,917 INFO iter=290500 epoch=42 lr=4.20e-05 G=1.694 advA2B=0.485 advB2A=0.732 cycA=0.110 cycB=0.128 idtA=0.214 idtB=0.130 D_A=0.086 D_B=0.168 D_A(real)=0.82 D_A(fake)=0.18 gnG=22.28 gnD=14.53 it_per_s=8.24
2026-10-04 12:48:56,156 INFO iter=290600 epoch=42 lr=4.19e-05 G=1.695 advA2B=0.485 advB2A=0.732 cycA=0.110 cycB=0.129 idtA=0.214 idtB=0.132 D_A=0.085 D_B=0.168 D_A(real)=0.82 D_A(fake)=0.18 gnG=22.26 gnD=14.52 it_per_s=8.23
2026-10-04 12:49:08,260 INFO iter=290700 epoch=42 lr=4.18e-05 G=1.696 advA2B=0.486 advB2A=0.733 cycA=0.110 cycB=0.129 idtA=0.214 idtB=0.132 D_A=0.085 D_B=0.168 D_A(real)=0.82 D_A(fake)=0.18 gnG=22.34 gnD=14.53 it_per_s=8.23
2026-10-04 12:49:20,361 INFO iter=290800 epoch=42 lr=4.18e-05 G=1.698 advA2B=0.486 advB2A=0.735 cycA=0.110 cycB=0.129 idtA=0.214 idtB=0.132 D_A=0.085 D_B=0.167 D_A(real)=0.82 D_A(fake)=0.18 gnG=22.29 gnD=14.52 it_per_s=8.24
2026-10-04 12:49:32,482 INFO iter=290900 epoch=42 lr=4.17e-05 G=1.700 advA2B=0.486 advB2A=0.735 cycA=0.110 cycB=0.129 idtA=0.214 idtB=0.132 D_A=0.085 D_B=0.167 D_A(real)=0.82 D_A(fake)=0.18 gnG=22.27 gnD=14.53 it_per_s=8.24
2026-10-04 12:49:44,691 INFO iter=291000 epoch=42 lr=4.16e-05 G=1.701 advA2B=0.487 advB2A=0.736 cycA=0.110 cycB=0.129 idtA=0.214 idtB=0.132 D_A=0.085 D_B=0.167 D_A(real)=0.83 D_A(fake)=0.17 gnG=22.28 gnD=14.51 it_per_s=8.23
2026-10-04 12:49:56,789 INFO iter=291100 epoch=42 lr=4.15e-05 G=1.702 advA2B=0.487 advB2A=0.736 cycA=0.110 cycB=0.129 idtA=0.214 idtB=0.132 D_A=0.085 D_B=0.167 D_A(real)=0.82 D_A(fake)=0.18 gnG=22.35 gnD=14.55 it_per_s=8.24
2026-10-04 12:50:08,914 INFO iter=291200 epoch=42 lr=4.14e-05 G=1.700 advA2B=0.486 advB2A=0.735 cycA=0.110 cycB=0.129 idtA=0.214 idtB=0.132 D_A=0.086 D_B=0.168 D_A(real)=0.82 D_A(fake)=0.18 gnG=22.35 gnD=14.61 it_per_s=8.24
2026-10-04 12:50:21,015 INFO iter=291300 epoch=42 lr=4.13e-05 G=1.701 advA2B=0.487 advB2A=0.736 cycA=0.110 cycB=0.129 idtA=0.213 idtB=0.131 D_A=0.085 D_B=0.168 D_A(real)=0.82 D_A(fake)=0.18 gnG=22.43 gnD=14.67 it_per_s=8.24
2026-10-04 12:50:32,875 INFO iter=291400 epoch=42 lr=4.12e-05 G=1.702 advA2B=0.487 advB2A=0.737 cycA=0.110 cycB=0.129 idtA=0.213 idtB=0.131 D_A=0.085 D_B=0.168 D_A(real)=0.83 D_A(fake)=0.17 gnG=22.41 gnD=14.71 it_per_s=8.24
2026-10-04 12:50:44,983 INFO iter=291500 epoch=42 lr=4.11e-05 G=1.703 advA2B=0.487 advB2A=0.737 cycA=0.110 cycB=0.130 idtA=0.213 idtB=0.132 D_A=0.085 D_B=0.168 D_A(real)=0.83 D_A(fake)=0.17 gnG=22.34 gnD=14.73 it_per_s=8.24
2026-10-04 12:50:57,035 INFO iter=291600 epoch=42 lr=4.10e-05 G=1.704 advA2B=0.488 advB2A=0.736 cycA=0.110 cycB=0.130 idtA=0.213 idtB=0.132 D_A=0.085 D_B=0.168 D_A(real)=0.82 D_A(fake)=0.17 gnG=22.46 gnD=14.70 it_per_s=8.25
2026-10-04 12:51:08,873 INFO iter=291700 epoch=42 lr=4.10e-05 G=1.703 advA2B=0.487 advB2A=0.737 cycA=0.110 cycB=0.130 idtA=0.213 idtB=0.132 D_A=0.085 D_B=0.168 D_A(real)=0.83 D_A(fake)=0.17 gnG=22.41 gnD=14.68 it_per_s=8.25
2026-10-04 12:51:20,997 INFO iter=291800 epoch=42 lr=4.09e-05 G=1.702 advA2B=0.487 advB2A=0.736 cycA=0.110 cycB=0.129 idtA=0.213 idtB=0.132 D_A=0.085 D_B=0.168 D_A(real)=0.83 D_A(fake)=0.17 gnG=22.43 gnD=14.67 it_per_s=8.25
2026-10-04 12:51:32,641 INFO iter=291900 epoch=42 lr=4.08e-05 G=1.704 advA2B=0.488 advB2A=0.737 cycA=0.110 cycB=0.129 idtA=0.213 idtB=0.132 D_A=0.085 D_B=0.168 D_A(real)=0.83 D_A(fake)=0.17 gnG=22.50 gnD=14.68 it_per_s=8.26
2026-10-04 12:51:44,729 INFO iter=292000 epoch=42 lr=4.07e-05 G=1.703 advA2B=0.487 advB2A=0.737 cycA=0.110 cycB=0.129 idtA=0.213 idtB=0.131 D_A=0.085 D_B=0.168 D_A(real)=0.83 D_A(fake)=0.17 gnG=22.61 gnD=14.70 it_per_s=8.26
2026-10-04 12:51:57,031 INFO iter=292100 epoch=42 lr=4.06e-05 G=1.704 advA2B=0.487 advB2A=0.738 cycA=0.110 cycB=0.129 idtA=0.213 idtB=0.132 D_A=0.085 D_B=0.168 D_A(real)=0.83 D_A(fake)=0.17 gnG=22.67 gnD=14.67 it_per_s=8.26
2026-10-04 12:52:09,280 INFO iter=292200 epoch=42 lr=4.05e-05 G=1.704 advA2B=0.487 advB2A=0.737 cycA=0.110 cycB=0.129 idtA=0.213 idtB=0.132 D_A=0.085 D_B=0.168 D_A(real)=0.83 D_A(fake)=0.17 gnG=22.58 gnD=14.65 it_per_s=8.26
2026-10-04 12:52:21,426 INFO iter=292300 epoch=42 lr=4.04e-05 G=1.703 advA2B=0.487 advB2A=0.736 cycA=0.110 cycB=0.129 idtA=0.213 idtB=0.132 D_A=0.085 D_B=0.167 D_A(real)=0.83 D_A(fake)=0.17 gnG=22.58 gnD=14.67 it_per_s=8.25
2026-10-04 12:52:33,497 INFO iter=292400 epoch=42 lr=4.03e-05 G=1.702 advA2B=0.488 advB2A=0.736 cycA=0.110 cycB=0.129 idtA=0.213 idtB=0.132 D_A=0.085 D_B=0.168 D_A(real)=0.83 D_A(fake)=0.17 gnG=22.55 gnD=14.68 it_per_s=8.26
2026-10-04 12:52:45,684 INFO iter=292500 epoch=42 lr=4.03e-05 G=1.701 advA2B=0.487 advB2A=0.735 cycA=0.110 cycB=0.129 idtA=0.213 idtB=0.132 D_A=0.085 D_B=0.168 D_A(real)=0.83 D_A(fake)=0.17 gnG=22.53 gnD=14.66 it_per_s=8.25
2026-10-04 12:52:57,858 INFO iter=292600 epoch=42 lr=4.02e-05 G=1.702 advA2B=0.488 advB2A=0.736 cycA=0.110 cycB=0.129 idtA=0.213 idtB=0.132 D_A=0.084 D_B=0.168 D_A(real)=0.83 D_A(fake)=0.17 gnG=22.56 gnD=14.68 it_per_s=8.25
2026-10-04 12:53:10,011 INFO iter=292700 epoch=42 lr=4.01e-05 G=1.703 advA2B=0.488 advB2A=0.736 cycA=0.110 cycB=0.129 idtA=0.214 idtB=0.132 D_A=0.085 D_B=0.168 D_A(real)=0.83 D_A(fake)=0.17 gnG=22.54 gnD=14.65 it_per_s=8.25
2026-10-04 12:53:22,121 INFO iter=292800 epoch=42 lr=4.00e-05 G=1.702 advA2B=0.488 advB2A=0.736 cycA=0.110 cycB=0.129 idtA=0.213 idtB=0.132 D_A=0.085 D_B=0.168 D_A(real)=0.83 D_A(fake)=0.17 gnG=22.60 gnD=14.67 it_per_s=8.25
2026-10-04 12:53:34,277 INFO iter=292900 epoch=42 lr=3.99e-05 G=1.701 advA2B=0.488 advB2A=0.735 cycA=0.110 cycB=0.129 idtA=0.213 idtB=0.132 D_A=0.085 D_B=0.168 D_A(real)=0.82 D_A(fake)=0.17 gnG=22.64 gnD=14.71 it_per_s=8.25
2026-10-04 12:53:46,382 INFO iter=293000 epoch=42 lr=3.98e-05 G=1.699 advA2B=0.487 advB2A=0.735 cycA=0.110 cycB=0.129 idtA=0.213 idtB=0.133 D_A=0.085 D_B=0.168 D_A(real)=0.82 D_A(fake)=0.17 gnG=22.65 gnD=14.74 it_per_s=8.25
2026-10-04 12:53:58,451 INFO iter=293100 epoch=42 lr=3.97e-05 G=1.699 advA2B=0.486 advB2A=0.735 cycA=0.110 cycB=0.129 idtA=0.213 idtB=0.133 D_A=0.085 D_B=0.168 D_A(real)=0.82 D_A(fake)=0.18 gnG=22.63 gnD=14.74 it_per_s=8.25
2026-10-04 12:54:10,532 INFO iter=293200 epoch=42 lr=3.96e-05 G=1.700 advA2B=0.486 advB2A=0.736 cycA=0.110 cycB=0.129 idtA=0.214 idtB=0.133 D_A=0.085 D_B=0.168 D_A(real)=0.83 D_A(fake)=0.17 gnG=22.58 gnD=14.77 it_per_s=8.25
2026-10-04 12:54:22,618 INFO iter=293300 epoch=42 lr=3.95e-05 G=1.699 advA2B=0.486 advB2A=0.735 cycA=0.110 cycB=0.129 idtA=0.214 idtB=0.133 D_A=0.085 D_B=0.168 D_A(real)=0.83 D_A(fake)=0.17 gnG=22.54 gnD=14.80 it_per_s=8.25
2026-10-04 12:54:34,691 INFO iter=293400 epoch=42 lr=3.95e-05 G=1.698 advA2B=0.485 advB2A=0.736 cycA=0.110 cycB=0.129 idtA=0.214 idtB=0.133 D_A=0.085 D_B=0.168 D_A(real)=0.83 D_A(fake)=0.17 gnG=22.59 gnD=14.78 it_per_s=8.25
2026-10-04 12:54:46,840 INFO iter=293500 epoch=42 lr=3.94e-05 G=1.699 advA2B=0.485 advB2A=0.736 cycA=0.110 cycB=0.129 idtA=0.214 idtB=0.133 D_A=0.085 D_B=0.168 D_A(real)=0.83 D_A(fake)=0.17 gnG=22.63 gnD=14.78 it_per_s=8.25
2026-10-04 12:54:58,740 INFO iter=293600 epoch=42 lr=3.93e-05 G=1.700 advA2B=0.485 advB2A=0.737 cycA=0.110 cycB=0.129 idtA=0.214 idtB=0.133 D_A=0.085 D_B=0.168 D_A(real)=0.83 D_A(fake)=0.17 gnG=22.65 gnD=14.78 it_per_s=8.26
2026-10-04 12:55:10,541 INFO iter=293700 epoch=42 lr=3.92e-05 G=1.699 advA2B=0.485 advB2A=0.736 cycA=0.110 cycB=0.129 idtA=0.214 idtB=0.133 D_A=0.085 D_B=0.168 D_A(real)=0.83 D_A(fake)=0.17 gnG=22.63 gnD=14.79 it_per_s=8.26
2026-10-04 12:55:22,623 INFO iter=293800 epoch=42 lr=3.91e-05 G=1.699 advA2B=0.485 advB2A=0.737 cycA=0.110 cycB=0.129 idtA=0.214 idtB=0.133 D_A=0.085 D_B=0.168 D_A(real)=0.83 D_A(fake)=0.17 gnG=22.60 gnD=14.84 it_per_s=8.26
2026-10-04 12:55:34,227 INFO iter=293900 epoch=42 lr=3.90e-05 G=1.700 advA2B=0.485 advB2A=0.737 cycA=0.110 cycB=0.129 idtA=0.215 idtB=0.133 D_A=0.084 D_B=0.168 D_A(real)=0.83 D_A(fake)=0.17 gnG=22.62 gnD=14.86 it_per_s=8.27
2026-10-04 12:55:46,357 INFO iter=294000 epoch=42 lr=3.89e-05 G=1.699 advA2B=0.484 advB2A=0.737 cycA=0.110 cycB=0.129 idtA=0.215 idtB=0.133 D_A=0.084 D_B=0.168 D_A(real)=0.83 D_A(fake)=0.17 gnG=22.58 gnD=14.86 it_per_s=8.27
2026-10-04 12:55:58,162 INFO iter=294100 epoch=42 lr=3.88e-05 G=1.699 advA2B=0.484 advB2A=0.737 cycA=0.110 cycB=0.129 idtA=0.215 idtB=0.133 D_A=0.084 D_B=0.168 D_A(real)=0.83 D_A(fake)=0.17 gnG=22.62 gnD=14.87 it_per_s=8.27
2026-10-04 12:56:10,123 INFO iter=294200 epoch=42 lr=3.87e-05 G=1.700 advA2B=0.484 advB2A=0.738 cycA=0.110 cycB=0.129 idtA=0.215 idtB=0.133 D_A=0.084 D_B=0.168 D_A(real)=0.83 D_A(fake)=0.17 gnG=22.61 gnD=14.87 it_per_s=8.27
2026-10-04 12:56:22,245 INFO iter=294300 epoch=42 lr=3.87e-05 G=1.700 advA2B=0.484 advB2A=0.737 cycA=0.110 cycB=0.129 idtA=0.215 idtB=0.133 D_A=0.084 D_B=0.168 D_A(real)=0.83 D_A(fake)=0.17 gnG=22.60 gnD=14.90 it_per_s=8.27
2026-10-04 12:56:34,189 INFO iter=294400 epoch=42 lr=3.86e-05 G=1.700 advA2B=0.484 advB2A=0.738 cycA=0.110 cycB=0.129 idtA=0.214 idtB=0.133 D_A=0.084 D_B=0.168 D_A(real)=0.83 D_A(fake)=0.17 gnG=22.62 gnD=14.88 it_per_s=8.27
2026-10-04 12:56:46,268 INFO iter=294500 epoch=42 lr=3.85e-05 G=1.700 advA2B=0.484 advB2A=0.738 cycA=0.110 cycB=0.129 idtA=0.214 idtB=0.133 D_A=0.084 D_B=0.168 D_A(real)=0.83 D_A(fake)=0.17 gnG=22.68 gnD=14.92 it_per_s=8.27
2026-10-04 12:56:58,144 INFO iter=294600 epoch=42 lr=3.84e-05 G=1.700 advA2B=0.483 advB2A=0.738 cycA=0.110 cycB=0.129 idtA=0.214 idtB=0.133 D_A=0.084 D_B=0.169 D_A(real)=0.83 D_A(fake)=0.17 gnG=22.69 gnD=14.93 it_per_s=8.28
2026-10-04 12:57:10,150 INFO iter=294700 epoch=42 lr=3.83e-05 G=1.699 advA2B=0.483 advB2A=0.738 cycA=0.110 cycB=0.129 idtA=0.214 idtB=0.133 D_A=0.084 D_B=0.169 D_A(real)=0.83 D_A(fake)=0.17 gnG=22.68 gnD=14.96 it_per_s=8.28
2026-10-04 12:57:22,327 INFO iter=294800 epoch=42 lr=3.82e-05 G=1.698 advA2B=0.483 advB2A=0.738 cycA=0.110 cycB=0.129 idtA=0.214 idtB=0.133 D_A=0.084 D_B=0.169 D_A(real)=0.83 D_A(fake)=0.17 gnG=22.69 gnD=14.95 it_per_s=8.28
2026-10-04 12:57:34,512 INFO iter=294900 epoch=42 lr=3.81e-05 G=1.700 advA2B=0.483 advB2A=0.738 cycA=0.110 cycB=0.129 idtA=0.214 idtB=0.133 D_A=0.084 D_B=0.169 D_A(real)=0.83 D_A(fake)=0.17 gnG=22.71 gnD=14.93 it_per_s=8.27
2026-10-04 12:57:46,631 INFO iter=295000 epoch=42 lr=3.80e-05 G=1.701 advA2B=0.484 advB2A=0.739 cycA=0.110 cycB=0.129 idtA=0.214 idtB=0.133 D_A=0.084 D_B=0.169 D_A(real)=0.83 D_A(fake)=0.17 gnG=22.73 gnD=14.91 it_per_s=8.27
2026-10-04 12:57:58,772 INFO iter=295100 epoch=42 lr=3.79e-05 G=1.701 advA2B=0.483 advB2A=0.739 cycA=0.110 cycB=0.129 idtA=0.214 idtB=0.133 D_A=0.083 D_B=0.169 D_A(real)=0.83 D_A(fake)=0.17 gnG=22.76 gnD=14.92 it_per_s=8.27
2026-10-04 12:58:10,893 INFO iter=295200 epoch=42 lr=3.79e-05 G=1.700 advA2B=0.483 advB2A=0.739 cycA=0.110 cycB=0.129 idtA=0.214 idtB=0.133 D_A=0.084 D_B=0.169 D_A(real)=0.83 D_A(fake)=0.17 gnG=22.74 gnD=14.94 it_per_s=8.27
2026-10-04 12:58:22,925 INFO iter=295300 epoch=42 lr=3.78e-05 G=1.699 advA2B=0.482 advB2A=0.739 cycA=0.110 cycB=0.129 idtA=0.214 idtB=0.133 D_A=0.083 D_B=0.169 D_A(real)=0.83 D_A(fake)=0.17 gnG=22.71 gnD=14.92 it_per_s=8.27
2026-10-04 12:58:34,999 INFO iter=295400 epoch=42 lr=3.77e-05 G=1.699 advA2B=0.482 advB2A=0.739 cycA=0.110 cycB=0.129 idtA=0.215 idtB=0.133 D_A=0.083 D_B=0.168 D_A(real)=0.83 D_A(fake)=0.17 gnG=22.72 gnD=14.91 it_per_s=8.27
2026-10-04 12:58:47,150 INFO iter=295500 epoch=42 lr=3.76e-05 G=1.699 advA2B=0.482 advB2A=0.739 cycA=0.110 cycB=0.129 idtA=0.215 idtB=0.133 D_A=0.083 D_B=0.168 D_A(real)=0.83 D_A(fake)=0.17 gnG=22.70 gnD=14.92 it_per_s=8.27
2026-10-04 12:58:58,724 INFO epoch=42 done time_s=851 it_per_s=8.27 G=1.700 cycA=0.110 cycB=0.129 idtA=0.215 idtB=0.134 D_A=0.083 D_B=0.168 D_A(real)=0.83 D_A(fake)=0.17 nan_count=0
2026-10-04 12:59:00,079 INFO iter=295600 epoch=43 lr=3.75e-05 G=1.764 advA2B=0.632 advB2A=0.680 cycA=0.102 cycB=0.125 idtA=0.277 idtB=0.134 D_A=0.090 D_B=0.158 D_A(real)=0.72 D_A(fake)=0.27 gnG=41.32 gnD=20.05 it_per_s=7.96
2026-10-04 12:59:12,255 INFO iter=295700 epoch=43 lr=3.74e-05 G=1.699 advA2B=0.451 advB2A=0.779 cycA=0.108 cycB=0.127 idtA=0.223 idtB=0.134 D_A=0.078 D_B=0.171 D_A(real)=0.85 D_A(fake)=0.15 gnG=21.55 gnD=14.12 it_per_s=8.20
2026-10-04 12:59:24,515 INFO iter=295800 epoch=43 lr=3.73e-05 G=1.717 advA2B=0.467 advB2A=0.774 cycA=0.109 cycB=0.128 idtA=0.227 idtB=0.138 D_A=0.078 D_B=0.171 D_A(real)=0.84 D_A(fake)=0.16 gnG=21.68 gnD=14.50 it_per_s=8.18
2026-10-04 12:59:39,443 INFO iter=295900 epoch=43 lr=3.72e-05 G=1.703 advA2B=0.470 advB2A=0.757 cycA=0.109 cycB=0.130 idtA=0.219 idtB=0.137 D_A=0.079 D_B=0.173 D_A(real)=0.84 D_A(fake)=0.16 gnG=22.05 gnD=14.61 it_per_s=7.63
2026-10-04 12:59:53,131 INFO iter=296000 epoch=43 lr=3.71e-05 G=1.702 advA2B=0.477 advB2A=0.748 cycA=0.109 cycB=0.129 idtA=0.218 idtB=0.137 D_A=0.081 D_B=0.173 D_A(real)=0.83 D_A(fake)=0.17 gnG=22.21 gnD=14.90 it_per_s=7.54
2026-10-04 13:00:08,584 INFO iter=296100 epoch=43 lr=3.71e-05 G=1.707 advA2B=0.476 advB2A=0.753 cycA=0.111 cycB=0.129 idtA=0.219 idtB=0.136 D_A=0.081 D_B=0.172 D_A(real)=0.84 D_A(fake)=0.16 gnG=22.50 gnD=15.35 it_per_s=7.30
2026-10-04 13:00:21,873 INFO iter=296200 epoch=43 lr=3.70e-05 G=1.721 advA2B=0.481 advB2A=0.761 cycA=0.111 cycB=0.129 idtA=0.218 idtB=0.136 D_A=0.081 D_B=0.169 D_A(real)=0.83 D_A(fake)=0.17 gnG=22.60 gnD=15.20 it_per_s=7.34
2026-10-04 13:00:34,279 INFO iter=296300 epoch=43 lr=3.69e-05 G=1.723 advA2B=0.482 advB2A=0.761 cycA=0.111 cycB=0.129 idtA=0.217 idtB=0.134 D_A=0.080 D_B=0.168 D_A(real)=0.83 D_A(fake)=0.17 gnG=22.60 gnD=15.12 it_per_s=7.43
2026-10-04 13:00:46,488 INFO iter=296400 epoch=43 lr=3.68e-05 G=1.725 advA2B=0.483 advB2A=0.763 cycA=0.111 cycB=0.129 idtA=0.216 idtB=0.133 D_A=0.080 D_B=0.166 D_A(real)=0.83 D_A(fake)=0.16 gnG=22.47 gnD=14.93 it_per_s=7.52
2026-10-04 13:00:58,665 INFO iter=296500 epoch=43 lr=3.67e-05 G=1.724 advA2B=0.483 advB2A=0.761 cycA=0.111 cycB=0.129 idtA=0.215 idtB=0.133 D_A=0.079 D_B=0.167 D_A(real)=0.84 D_A(fake)=0.16 gnG=22.40 gnD=14.98 it_per_s=7.59
2026-10-04 13:01:10,826 INFO iter=296600 epoch=43 lr=3.66e-05 G=1.727 advA2B=0.487 advB2A=0.760 cycA=0.111 cycB=0.129 idtA=0.216 idtB=0.134 D_A=0.079 D_B=0.167 D_A(real)=0.84 D_A(fake)=0.16 gnG=22.64 gnD=15.13 it_per_s=7.65
2026-10-04 13:01:22,997 INFO iter=296700 epoch=43 lr=3.65e-05 G=1.726 advA2B=0.485 advB2A=0.761 cycA=0.111 cycB=0.129 idtA=0.217 idtB=0.133 D_A=0.079 D_B=0.166 D_A(real)=0.84 D_A(fake)=0.16 gnG=22.73 gnD=15.07 it_per_s=7.70
2026-10-04 13:01:35,182 INFO iter=296800 epoch=43 lr=3.64e-05 G=1.723 advA2B=0.483 advB2A=0.760 cycA=0.111 cycB=0.129 idtA=0.215 idtB=0.134 D_A=0.078 D_B=0.166 D_A(real)=0.84 D_A(fake)=0.16 gnG=23.01 gnD=14.99 it_per_s=7.74
2026-10-04 13:01:47,332 INFO iter=296900 epoch=43 lr=3.63e-05 G=1.723 advA2B=0.484 advB2A=0.759 cycA=0.111 cycB=0.129 idtA=0.214 idtB=0.136 D_A=0.079 D_B=0.166 D_A(real)=0.84 D_A(fake)=0.16 gnG=23.15 gnD=15.05 it_per_s=7.77
2026-10-04 13:01:59,548 INFO iter=297000 epoch=43 lr=3.63e-05 G=1.721 advA2B=0.485 advB2A=0.756 cycA=0.111 cycB=0.129 idtA=0.214 idtB=0.136 D_A=0.079 D_B=0.166 D_A(real)=0.84 D_A(fake)=0.16 gnG=23.05 gnD=15.10 it_per_s=7.80
2026-10-04 13:02:11,666 INFO iter=297100 epoch=43 lr=3.62e-05 G=1.721 advA2B=0.484 advB2A=0.756 cycA=0.111 cycB=0.129 idtA=0.216 idtB=0.136 D_A=0.079 D_B=0.166 D_A(real)=0.84 D_A(fake)=0.16 gnG=22.93 gnD=15.15 it_per_s=7.83
2026-10-04 13:02:23,769 INFO iter=297200 epoch=43 lr=3.61e-05 G=1.723 advA2B=0.486 advB2A=0.757 cycA=0.111 cycB=0.129 idtA=0.216 idtB=0.136 D_A=0.079 D_B=0.167 D_A(real)=0.84 D_A(fake)=0.16 gnG=22.99 gnD=15.21 it_per_s=7.86
2026-10-04 13:02:35,996 INFO iter=297300 epoch=43 lr=3.60e-05 G=1.721 advA2B=0.485 advB2A=0.756 cycA=0.111 cycB=0.129 idtA=0.216 idtB=0.136 D_A=0.079 D_B=0.167 D_A(real)=0.84 D_A(fake)=0.16 gnG=22.92 gnD=15.27 it_per_s=7.87
2026-10-04 13:02:48,032 INFO iter=297400 epoch=43 lr=3.59e-05 G=1.718 advA2B=0.484 advB2A=0.756 cycA=0.110 cycB=0.129 idtA=0.214 idtB=0.136 D_A=0.079 D_B=0.167 D_A(real)=0.84 D_A(fake)=0.16 gnG=22.90 gnD=15.22 it_per_s=7.90
2026-10-04 13:02:59,995 INFO iter=297500 epoch=43 lr=3.58e-05 G=1.716 advA2B=0.483 advB2A=0.754 cycA=0.111 cycB=0.129 idtA=0.214 idtB=0.135 D_A=0.079 D_B=0.167 D_A(real)=0.84 D_A(fake)=0.16 gnG=22.96 gnD=15.28 it_per_s=7.92
2026-10-04 13:03:11,994 INFO iter=297600 epoch=43 lr=3.57e-05 G=1.718 advA2B=0.485 advB2A=0.754 cycA=0.111 cycB=0.129 idtA=0.215 idtB=0.135 D_A=0.079 D_B=0.167 D_A(real)=0.84 D_A(fake)=0.16 gnG=23.07 gnD=15.28 it_per_s=7.94
2026-10-04 13:03:24,154 INFO iter=297700 epoch=43 lr=3.56e-05 G=1.716 advA2B=0.484 advB2A=0.753 cycA=0.111 cycB=0.129 idtA=0.216 idtB=0.135 D_A=0.079 D_B=0.167 D_A(real)=0.84 D_A(fake)=0.16 gnG=22.92 gnD=15.30 it_per_s=7.95
2026-10-04 13:03:36,345 INFO iter=297800 epoch=43 lr=3.55e-05 G=1.714 advA2B=0.483 advB2A=0.753 cycA=0.111 cycB=0.129 idtA=0.216 idtB=0.135 D_A=0.079 D_B=0.167 D_A(real)=0.84 D_A(fake)=0.16 gnG=22.83 gnD=15.35 it_per_s=7.96
2026-10-04 13:03:48,492 INFO iter=297900 epoch=43 lr=3.55e-05 G=1.719 advA2B=0.484 advB2A=0.755 cycA=0.111 cycB=0.129 idtA=0.216 idtB=0.135 D_A=0.079 D_B=0.167 D_A(real)=0.84 D_A(fake)=0.16 gnG=23.00 gnD=15.38 it_per_s=7.97
2026-10-04 13:04:00,638 INFO iter=298000 epoch=43 lr=3.54e-05 G=1.716 advA2B=0.483 advB2A=0.754 cycA=0.111 cycB=0.129 idtA=0.216 idtB=0.135 D_A=0.079 D_B=0.167 D_A(real)=0.84 D_A(fake)=0.16 gnG=23.07 gnD=15.37 it_per_s=7.99
2026-10-04 13:04:12,655 INFO iter=298100 epoch=43 lr=3.53e-05 G=1.718 advA2B=0.484 advB2A=0.755 cycA=0.111 cycB=0.129 idtA=0.215 idtB=0.135 D_A=0.079 D_B=0.167 D_A(real)=0.84 D_A(fake)=0.16 gnG=23.17 gnD=15.38 it_per_s=8.00
2026-10-04 13:04:24,842 INFO iter=298200 epoch=43 lr=3.52e-05 G=1.716 advA2B=0.482 advB2A=0.755 cycA=0.111 cycB=0.129 idtA=0.215 idtB=0.135 D_A=0.079 D_B=0.167 D_A(real)=0.84 D_A(fake)=0.16 gnG=23.16 gnD=15.41 it_per_s=8.01
2026-10-04 13:04:36,549 INFO iter=298300 epoch=43 lr=3.51e-05 G=1.717 advA2B=0.483 advB2A=0.754 cycA=0.111 cycB=0.129 idtA=0.216 idtB=0.135 D_A=0.079 D_B=0.167 D_A(real)=0.84 D_A(fake)=0.16 gnG=23.12 gnD=15.43 it_per_s=8.02
2026-10-04 13:04:48,625 INFO iter=298400 epoch=43 lr=3.50e-05 G=1.713 advA2B=0.481 advB2A=0.753 cycA=0.111 cycB=0.129 idtA=0.215 idtB=0.135 D_A=0.079 D_B=0.167 D_A(real)=0.84 D_A(fake)=0.16 gnG=23.08 gnD=15.45 it_per_s=8.03
2026-10-04 13:05:00,716 INFO iter=298500 epoch=43 lr=3.49e-05 G=1.711 advA2B=0.481 advB2A=0.751 cycA=0.111 cycB=0.129 idtA=0.215 idtB=0.135 D_A=0.079 D_B=0.167 D_A(real)=0.84 D_A(fake)=0.16 gnG=23.08 gnD=15.43 it_per_s=8.04
2026-10-04 13:05:12,708 INFO iter=298600 epoch=43 lr=3.48e-05 G=1.711 advA2B=0.481 advB2A=0.751 cycA=0.111 cycB=0.129 idtA=0.215 idtB=0.135 D_A=0.079 D_B=0.167 D_A(real)=0.84 D_A(fake)=0.16 gnG=23.18 gnD=15.44 it_per_s=8.05
2026-10-04 13:05:24,833 INFO iter=298700 epoch=43 lr=3.47e-05 G=1.711 advA2B=0.482 advB2A=0.750 cycA=0.111 cycB=0.129 idtA=0.215 idtB=0.135 D_A=0.079 D_B=0.168 D_A(real)=0.84 D_A(fake)=0.16 gnG=23.19 gnD=15.40 it_per_s=8.06
2026-10-04 13:05:36,526 INFO iter=298800 epoch=43 lr=3.47e-05 G=1.713 advA2B=0.482 advB2A=0.752 cycA=0.110 cycB=0.129 idtA=0.215 idtB=0.135 D_A=0.079 D_B=0.168 D_A(real)=0.84 D_A(fake)=0.16 gnG=23.14 gnD=15.40 it_per_s=8.07
2026-10-04 13:05:48,581 INFO iter=298900 epoch=43 lr=3.46e-05 G=1.715 advA2B=0.483 advB2A=0.753 cycA=0.111 cycB=0.129 idtA=0.216 idtB=0.135 D_A=0.079 D_B=0.168 D_A(real)=0.84 D_A(fake)=0.16 gnG=23.10 gnD=15.38 it_per_s=8.08
2026-10-04 13:06:00,523 INFO iter=299000 epoch=43 lr=3.45e-05 G=1.715 advA2B=0.482 advB2A=0.753 cycA=0.111 cycB=0.129 idtA=0.216 idtB=0.135 D_A=0.079 D_B=0.168 D_A(real)=0.84 D_A(fake)=0.16 gnG=23.10 gnD=15.40 it_per_s=8.09
2026-10-04 13:06:12,289 INFO iter=299100 epoch=43 lr=3.44e-05 G=1.714 advA2B=0.482 advB2A=0.753 cycA=0.111 cycB=0.129 idtA=0.216 idtB=0.134 D_A=0.079 D_B=0.168 D_A(real)=0.84 D_A(fake)=0.16 gnG=23.12 gnD=15.39 it_per_s=8.10
2026-10-04 13:06:24,507 INFO iter=299200 epoch=43 lr=3.43e-05 G=1.714 advA2B=0.482 advB2A=0.753 cycA=0.111 cycB=0.129 idtA=0.217 idtB=0.134 D_A=0.079 D_B=0.168 D_A(real)=0.84 D_A(fake)=0.16 gnG=23.15 gnD=15.40 it_per_s=8.10
2026-10-04 13:06:36,818 INFO iter=299300 epoch=43 lr=3.42e-05 G=1.715 advA2B=0.482 advB2A=0.753 cycA=0.111 cycB=0.129 idtA=0.217 idtB=0.134 D_A=0.079 D_B=0.168 D_A(real)=0.84 D_A(fake)=0.16 gnG=23.21 gnD=15.37 it_per_s=8.10
2026-10-04 13:06:48,933 INFO iter=299400 epoch=43 lr=3.41e-05 G=1.715 advA2B=0.482 advB2A=0.754 cycA=0.111 cycB=0.129 idtA=0.217 idtB=0.134 D_A=0.079 D_B=0.168 D_A(real)=0.84 D_A(fake)=0.16 gnG=23.24 gnD=15.40 it_per_s=8.10
2026-10-04 13:07:00,909 INFO iter=299500 epoch=43 lr=3.40e-05 G=1.715 advA2B=0.482 advB2A=0.755 cycA=0.111 cycB=0.129 idtA=0.217 idtB=0.134 D_A=0.078 D_B=0.168 D_A(real)=0.84 D_A(fake)=0.16 gnG=23.23 gnD=15.40 it_per_s=8.11
2026-10-04 13:07:12,820 INFO iter=299600 epoch=43 lr=3.39e-05 G=1.715 advA2B=0.482 advB2A=0.755 cycA=0.111 cycB=0.129 idtA=0.216 idtB=0.134 D_A=0.078 D_B=0.168 D_A(real)=0.84 D_A(fake)=0.16 gnG=23.26 gnD=15.42 it_per_s=8.12
2026-10-04 13:07:24,972 INFO iter=299700 epoch=43 lr=3.39e-05 G=1.715 advA2B=0.482 advB2A=0.754 cycA=0.111 cycB=0.129 idtA=0.217 idtB=0.134 D_A=0.078 D_B=0.168 D_A(real)=0.84 D_A(fake)=0.16 gnG=23.18 gnD=15.39 it_per_s=8.12
2026-10-04 13:07:36,790 INFO iter=299800 epoch=43 lr=3.38e-05 G=1.715 advA2B=0.482 advB2A=0.754 cycA=0.111 cycB=0.129 idtA=0.217 idtB=0.134 D_A=0.078 D_B=0.168 D_A(real)=0.84 D_A(fake)=0.16 gnG=23.15 gnD=15.40 it_per_s=8.13
2026-10-04 13:07:48,942 INFO iter=299900 epoch=43 lr=3.37e-05 G=1.716 advA2B=0.482 advB2A=0.755 cycA=0.111 cycB=0.129 idtA=0.217 idtB=0.134 D_A=0.078 D_B=0.168 D_A(real)=0.84 D_A(fake)=0.16 gnG=23.12 gnD=15.44 it_per_s=8.13
2026-10-04 13:08:01,082 INFO iter=300000 epoch=43 lr=3.36e-05 G=1.715 advA2B=0.481 advB2A=0.755 cycA=0.111 cycB=0.129 idtA=0.217 idtB=0.134 D_A=0.078 D_B=0.168 D_A(real)=0.84 D_A(fake)=0.16 gnG=23.13 gnD=15.44 it_per_s=8.13
2026-10-04 13:08:13,066 INFO iter=300100 epoch=43 lr=3.35e-05 G=1.716 advA2B=0.481 advB2A=0.756 cycA=0.111 cycB=0.129 idtA=0.217 idtB=0.133 D_A=0.078 D_B=0.168 D_A(real)=0.84 D_A(fake)=0.16 gnG=23.18 gnD=15.44 it_per_s=8.14
2026-10-04 13:08:25,228 INFO iter=300200 epoch=43 lr=3.34e-05 G=1.715 advA2B=0.480 advB2A=0.756 cycA=0.111 cycB=0.129 idtA=0.217 idtB=0.133 D_A=0.078 D_B=0.168 D_A(real)=0.84 D_A(fake)=0.16 gnG=23.23 gnD=15.47 it_per_s=8.14
2026-10-04 13:08:36,922 INFO iter=300300 epoch=43 lr=3.33e-05 G=1.716 advA2B=0.480 advB2A=0.757 cycA=0.111 cycB=0.129 idtA=0.217 idtB=0.134 D_A=0.078 D_B=0.168 D_A(real)=0.84 D_A(fake)=0.16 gnG=23.25 gnD=15.50 it_per_s=8.15
2026-10-04 13:08:48,942 INFO iter=300400 epoch=43 lr=3.32e-05 G=1.716 advA2B=0.481 advB2A=0.756 cycA=0.111 cycB=0.129 idtA=0.217 idtB=0.134 D_A=0.078 D_B=0.168 D_A(real)=0.84 D_A(fake)=0.16 gnG=23.29 gnD=15.50 it_per_s=8.15
2026-10-04 13:09:00,968 INFO iter=300500 epoch=43 lr=3.31e-05 G=1.715 advA2B=0.480 advB2A=0.755 cycA=0.111 cycB=0.129 idtA=0.217 idtB=0.134 D_A=0.078 D_B=0.168 D_A(real)=0.84 D_A(fake)=0.16 gnG=23.30 gnD=15.48 it_per_s=8.15
2026-10-04 13:09:12,758 INFO iter=300600 epoch=43 lr=3.31e-05 G=1.715 advA2B=0.480 advB2A=0.755 cycA=0.111 cycB=0.129 idtA=0.216 idtB=0.134 D_A=0.078 D_B=0.168 D_A(real)=0.84 D_A(fake)=0.16 gnG=23.33 gnD=15.49 it_per_s=8.16
2026-10-04 13:09:24,947 INFO iter=300700 epoch=43 lr=3.30e-05 G=1.715 advA2B=0.481 advB2A=0.755 cycA=0.111 cycB=0.129 idtA=0.216 idtB=0.134 D_A=0.078 D_B=0.168 D_A(real)=0.84 D_A(fake)=0.16 gnG=23.41 gnD=15.57 it_per_s=8.16
2026-10-04 13:09:36,778 INFO iter=300800 epoch=43 lr=3.29e-05 G=1.714 advA2B=0.481 advB2A=0.754 cycA=0.111 cycB=0.129 idtA=0.216 idtB=0.134 D_A=0.078 D_B=0.168 D_A(real)=0.84 D_A(fake)=0.16 gnG=23.45 gnD=15.55 it_per_s=8.17
2026-10-04 13:09:48,836 INFO iter=300900 epoch=43 lr=3.28e-05 G=1.714 advA2B=0.481 advB2A=0.755 cycA=0.111 cycB=0.129 idtA=0.216 idtB=0.134 D_A=0.078 D_B=0.168 D_A(real)=0.84 D_A(fake)=0.16 gnG=23.44 gnD=15.56 it_per_s=8.17
2026-10-04 13:10:00,791 INFO iter=301000 epoch=43 lr=3.27e-05 G=1.714 advA2B=0.481 advB2A=0.754 cycA=0.111 cycB=0.129 idtA=0.216 idtB=0.134 D_A=0.078 D_B=0.168 D_A(real)=0.84 D_A(fake)=0.16 gnG=23.44 gnD=15.60 it_per_s=8.17
2026-10-04 13:10:12,550 INFO iter=301100 epoch=43 lr=3.26e-05 G=1.715 advA2B=0.481 advB2A=0.754 cycA=0.111 cycB=0.129 idtA=0.217 idtB=0.134 D_A=0.078 D_B=0.168 D_A(real)=0.84 D_A(fake)=0.16 gnG=23.43 gnD=15.61 it_per_s=8.18
2026-10-04 13:10:24,743 INFO iter=301200 epoch=43 lr=3.25e-05 G=1.715 advA2B=0.481 advB2A=0.755 cycA=0.111 cycB=0.129 idtA=0.217 idtB=0.134 D_A=0.077 D_B=0.168 D_A(real)=0.84 D_A(fake)=0.16 gnG=23.45 gnD=15.64 it_per_s=8.18
2026-10-04 13:10:36,520 INFO iter=301300 epoch=43 lr=3.24e-05 G=1.715 advA2B=0.481 advB2A=0.755 cycA=0.111 cycB=0.129 idtA=0.217 idtB=0.134 D_A=0.078 D_B=0.169 D_A(real)=0.84 D_A(fake)=0.16 gnG=23.44 gnD=15.68 it_per_s=8.18
2026-10-04 13:10:48,651 INFO iter=301400 epoch=43 lr=3.23e-05 G=1.716 advA2B=0.481 advB2A=0.756 cycA=0.111 cycB=0.129 idtA=0.217 idtB=0.134 D_A=0.078 D_B=0.169 D_A(real)=0.84 D_A(fake)=0.16 gnG=23.47 gnD=15.67 it_per_s=8.19
2026-10-04 13:11:00,598 INFO iter=301500 epoch=43 lr=3.23e-05 G=1.715 advA2B=0.481 advB2A=0.755 cycA=0.111 cycB=0.129 idtA=0.217 idtB=0.134 D_A=0.078 D_B=0.169 D_A(real)=0.84 D_A(fake)=0.16 gnG=23.44 gnD=15.65 it_per_s=8.19
2026-10-04 13:11:12,719 INFO iter=301600 epoch=43 lr=3.22e-05 G=1.715 advA2B=0.480 advB2A=0.755 cycA=0.111 cycB=0.129 idtA=0.216 idtB=0.134 D_A=0.078 D_B=0.169 D_A(real)=0.84 D_A(fake)=0.16 gnG=23.47 gnD=15.67 it_per_s=8.19
2026-10-04 13:11:24,861 INFO iter=301700 epoch=43 lr=3.21e-05 G=1.715 advA2B=0.480 advB2A=0.755 cycA=0.111 cycB=0.129 idtA=0.217 idtB=0.134 D_A=0.078 D_B=0.169 D_A(real)=0.84 D_A(fake)=0.16 gnG=23.47 gnD=15.67 it_per_s=8.19
2026-10-04 13:11:37,057 INFO iter=301800 epoch=43 lr=3.20e-05 G=1.716 advA2B=0.481 advB2A=0.756 cycA=0.111 cycB=0.129 idtA=0.217 idtB=0.134 D_A=0.078 D_B=0.169 D_A(real)=0.84 D_A(fake)=0.16 gnG=23.45 gnD=15.68 it_per_s=8.19
2026-10-04 13:11:49,203 INFO iter=301900 epoch=43 lr=3.19e-05 G=1.716 advA2B=0.481 advB2A=0.756 cycA=0.111 cycB=0.129 idtA=0.217 idtB=0.134 D_A=0.078 D_B=0.169 D_A(real)=0.84 D_A(fake)=0.16 gnG=23.46 gnD=15.71 it_per_s=8.19
2026-10-04 13:12:01,357 INFO iter=302000 epoch=43 lr=3.18e-05 G=1.716 advA2B=0.480 advB2A=0.756 cycA=0.111 cycB=0.129 idtA=0.217 idtB=0.134 D_A=0.078 D_B=0.169 D_A(real)=0.84 D_A(fake)=0.16 gnG=23.49 gnD=15.74 it_per_s=8.19
2026-10-04 13:12:13,528 INFO iter=302100 epoch=43 lr=3.17e-05 G=1.716 advA2B=0.480 advB2A=0.756 cycA=0.111 cycB=0.129 idtA=0.217 idtB=0.134 D_A=0.078 D_B=0.169 D_A(real)=0.84 D_A(fake)=0.16 gnG=23.52 gnD=15.76 it_per_s=8.19
2026-10-04 13:12:25,669 INFO iter=302200 epoch=43 lr=3.16e-05 G=1.715 advA2B=0.480 advB2A=0.756 cycA=0.111 cycB=0.129 idtA=0.217 idtB=0.134 D_A=0.078 D_B=0.169 D_A(real)=0.84 D_A(fake)=0.16 gnG=23.52 gnD=15.73 it_per_s=8.19
2026-10-04 13:12:37,828 INFO iter=302300 epoch=43 lr=3.15e-05 G=1.715 advA2B=0.480 advB2A=0.756 cycA=0.111 cycB=0.129 idtA=0.217 idtB=0.134 D_A=0.078 D_B=0.169 D_A(real)=0.84 D_A(fake)=0.16 gnG=23.51 gnD=15.78 it_per_s=8.19
2026-10-04 13:12:50,089 INFO iter=302400 epoch=43 lr=3.15e-05 G=1.714 advA2B=0.480 advB2A=0.755 cycA=0.111 cycB=0.129 idtA=0.217 idtB=0.134 D_A=0.078 D_B=0.169 D_A(real)=0.84 D_A(fake)=0.16 gnG=23.51 gnD=15.78 it_per_s=8.19
2026-10-04 13:13:02,338 INFO iter=302500 epoch=43 lr=3.14e-05 G=1.714 advA2B=0.479 advB2A=0.755 cycA=0.111 cycB=0.129 idtA=0.217 idtB=0.134 D_A=0.078 D_B=0.169 D_A(real)=0.84 D_A(fake)=0.16 gnG=23.49 gnD=15.79 it_per_s=8.19
2026-10-04 13:13:14,278 INFO iter=302600 epoch=43 lr=3.13e-05 G=1.713 advA2B=0.478 advB2A=0.756 cycA=0.111 cycB=0.129 idtA=0.217 idtB=0.134 D_A=0.078 D_B=0.169 D_A(real)=0.84 D_A(fake)=0.16 gnG=23.50 gnD=15.78 it_per_s=8.19
2026-10-04 13:13:18,407 INFO epoch=43 done time_s=859 it_per_s=8.19 G=1.713 cycA=0.111 cycB=0.129 idtA=0.217 idtB=0.134 D_A=0.078 D_B=0.169 D_A(real)=0.84 D_A(fake)=0.16 nan_count=0
2026-10-04 13:13:27,163 INFO iter=302700 epoch=44 lr=3.12e-05 G=1.675 advA2B=0.477 advB2A=0.712 cycA=0.110 cycB=0.133 idtA=0.215 idtB=0.133 D_A=0.071 D_B=0.181 D_A(real)=0.84 D_A(fake)=0.17 gnG=25.72 gnD=16.13 it_per_s=8.22
2026-10-04 13:13:39,220 INFO iter=302800 epoch=44 lr=3.11e-05 G=1.683 advA2B=0.467 advB2A=0.735 cycA=0.107 cycB=0.133 idtA=0.216 idtB=0.137 D_A=0.077 D_B=0.176 D_A(real)=0.83 D_A(fake)=0.17 gnG=24.03 gnD=15.09 it_per_s=8.26
2026-10-04 13:13:51,402 INFO iter=302900 epoch=44 lr=3.10e-05 G=1.704 advA2B=0.472 advB2A=0.751 cycA=0.109 cycB=0.131 idtA=0.221 idtB=0.137 D_A=0.077 D_B=0.168 D_A(real)=0.84 D_A(fake)=0.16 gnG=24.22 gnD=14.86 it_per_s=8.24
2026-10-04 13:14:03,583 INFO iter=303000 epoch=44 lr=3.09e-05 G=1.711 advA2B=0.481 advB2A=0.755 cycA=0.108 cycB=0.130 idtA=0.221 idtB=0.137 D_A=0.076 D_B=0.167 D_A(real)=0.84 D_A(fake)=0.16 gnG=24.73 gnD=14.81 it_per_s=8.23
2026-10-04 13:14:15,821 INFO iter=303100 epoch=44 lr=3.08e-05 G=1.714 advA2B=0.480 advB2A=0.756 cycA=0.109 cycB=0.130 idtA=0.219 idtB=0.139 D_A=0.076 D_B=0.168 D_A(real)=0.84 D_A(fake)=0.16 gnG=25.23 gnD=14.83 it_per_s=8.22
2026-10-04 13:14:28,129 INFO iter=303200 epoch=44 lr=3.07e-05 G=1.701 advA2B=0.473 advB2A=0.750 cycA=0.109 cycB=0.130 idtA=0.217 idtB=0.137 D_A=0.077 D_B=0.167 D_A(real)=0.84 D_A(fake)=0.17 gnG=24.77 gnD=14.83 it_per_s=8.20
2026-10-04 13:14:40,313 INFO iter=303300 epoch=44 lr=3.07e-05 G=1.702 advA2B=0.473 advB2A=0.751 cycA=0.108 cycB=0.131 idtA=0.216 idtB=0.136 D_A=0.077 D_B=0.167 D_A(real)=0.84 D_A(fake)=0.16 gnG=24.77 gnD=14.99 it_per_s=8.20
2026-10-04 13:14:52,501 INFO iter=303400 epoch=44 lr=3.06e-05 G=1.706 advA2B=0.471 advB2A=0.757 cycA=0.108 cycB=0.130 idtA=0.215 idtB=0.136 D_A=0.076 D_B=0.167 D_A(real)=0.84 D_A(fake)=0.16 gnG=24.72 gnD=15.00 it_per_s=8.20
2026-10-04 13:15:04,699 INFO iter=303500 epoch=44 lr=3.05e-05 G=1.713 advA2B=0.476 advB2A=0.759 cycA=0.109 cycB=0.131 idtA=0.216 idtB=0.136 D_A=0.077 D_B=0.167 D_A(real)=0.84 D_A(fake)=0.16 gnG=24.91 gnD=15.24 it_per_s=8.20
2026-10-04 13:15:17,004 INFO iter=303600 epoch=44 lr=3.04e-05 G=1.714 advA2B=0.475 advB2A=0.760 cycA=0.109 cycB=0.131 idtA=0.216 idtB=0.135 D_A=0.077 D_B=0.167 D_A(real)=0.84 D_A(fake)=0.16 gnG=24.60 gnD=15.36 it_per_s=8.20
2026-10-04 13:15:29,632 INFO iter=303700 epoch=44 lr=3.03e-05 G=1.707 advA2B=0.471 advB2A=0.759 cycA=0.109 cycB=0.130 idtA=0.217 idtB=0.135 D_A=0.077 D_B=0.168 D_A(real)=0.84 D_A(fake)=0.16 gnG=24.34 gnD=15.36 it_per_s=8.17
2026-10-04 13:15:41,843 INFO iter=303800 epoch=44 lr=3.02e-05 G=1.705 advA2B=0.470 advB2A=0.759 cycA=0.109 cycB=0.129 idtA=0.217 idtB=0.134 D_A=0.078 D_B=0.168 D_A(real)=0.84 D_A(fake)=0.16 gnG=24.34 gnD=15.55 it_per_s=8.17
2026-10-04 13:15:54,074 INFO iter=303900 epoch=44 lr=3.01e-05 G=1.709 advA2B=0.474 advB2A=0.758 cycA=0.109 cycB=0.129 idtA=0.217 idtB=0.134 D_A=0.078 D_B=0.168 D_A(real)=0.84 D_A(fake)=0.16 gnG=24.61 gnD=15.58 it_per_s=8.17
2026-10-04 13:16:06,419 INFO iter=304000 epoch=44 lr=3.00e-05 G=1.708 advA2B=0.472 advB2A=0.758 cycA=0.109 cycB=0.130 idtA=0.218 idtB=0.135 D_A=0.078 D_B=0.169 D_A(real)=0.84 D_A(fake)=0.16 gnG=24.66 gnD=15.62 it_per_s=8.17
2026-10-04 13:16:18,667 INFO iter=304100 epoch=44 lr=2.99e-05 G=1.709 advA2B=0.474 advB2A=0.756 cycA=0.110 cycB=0.130 idtA=0.218 idtB=0.135 D_A=0.077 D_B=0.169 D_A(real)=0.84 D_A(fake)=0.16 gnG=24.58 gnD=15.63 it_per_s=8.17
2026-10-04 13:16:30,889 INFO iter=304200 epoch=44 lr=2.99e-05 G=1.712 advA2B=0.476 advB2A=0.757 cycA=0.109 cycB=0.130 idtA=0.218 idtB=0.136 D_A=0.078 D_B=0.169 D_A(real)=0.84 D_A(fake)=0.16 gnG=24.59 gnD=15.68 it_per_s=8.17
2026-10-04 13:16:43,081 INFO iter=304300 epoch=44 lr=2.98e-05 G=1.713 advA2B=0.476 advB2A=0.758 cycA=0.109 cycB=0.129 idtA=0.218 idtB=0.135 D_A=0.078 D_B=0.169 D_A(real)=0.84 D_A(fake)=0.16 gnG=24.55 gnD=15.71 it_per_s=8.17
2026-10-04 13:16:55,281 INFO iter=304400 epoch=44 lr=2.97e-05 G=1.710 advA2B=0.476 advB2A=0.756 cycA=0.109 cycB=0.130 idtA=0.218 idtB=0.135 D_A=0.078 D_B=0.169 D_A(real)=0.84 D_A(fake)=0.16 gnG=24.54 gnD=15.80 it_per_s=8.17
2026-10-04 13:17:07,470 INFO iter=304500 epoch=44 lr=2.96e-05 G=1.712 advA2B=0.478 advB2A=0.756 cycA=0.109 cycB=0.130 idtA=0.218 idtB=0.135 D_A=0.078 D_B=0.170 D_A(real)=0.84 D_A(fake)=0.16 gnG=24.50 gnD=15.86 it_per_s=8.17
2026-10-04 13:17:19,699 INFO iter=304600 epoch=44 lr=2.95e-05 G=1.710 advA2B=0.477 advB2A=0.755 cycA=0.109 cycB=0.130 idtA=0.218 idtB=0.135 D_A=0.078 D_B=0.169 D_A(real)=0.84 D_A(fake)=0.16 gnG=24.50 gnD=15.84 it_per_s=8.17
2026-10-04 13:17:31,924 INFO iter=304700 epoch=44 lr=2.94e-05 G=1.713 advA2B=0.477 advB2A=0.757 cycA=0.109 cycB=0.130 idtA=0.217 idtB=0.135 D_A=0.078 D_B=0.169 D_A(real)=0.85 D_A(fake)=0.16 gnG=24.54 gnD=15.75 it_per_s=8.17
2026-10-04 13:17:44,167 INFO iter=304800 epoch=44 lr=2.93e-05 G=1.717 advA2B=0.479 advB2A=0.759 cycA=0.110 cycB=0.130 idtA=0.217 idtB=0.135 D_A=0.077 D_B=0.169 D_A(real)=0.85 D_A(fake)=0.15 gnG=24.60 gnD=15.73 it_per_s=8.17
2026-10-04 13:17:56,441 INFO iter=304900 epoch=44 lr=2.92e-05 G=1.716 advA2B=0.478 advB2A=0.759 cycA=0.109 cycB=0.130 idtA=0.217 idtB=0.135 D_A=0.077 D_B=0.169 D_A(real)=0.85 D_A(fake)=0.15 gnG=24.63 gnD=15.75 it_per_s=8.17
2026-10-04 13:18:08,817 INFO iter=305000 epoch=44 lr=2.91e-05 G=1.716 advA2B=0.478 advB2A=0.759 cycA=0.109 cycB=0.130 idtA=0.217 idtB=0.136 D_A=0.077 D_B=0.170 D_A(real)=0.85 D_A(fake)=0.15 gnG=24.66 gnD=15.89 it_per_s=8.17
2026-10-04 13:18:21,036 INFO iter=305100 epoch=44 lr=2.91e-05 G=1.715 advA2B=0.478 advB2A=0.759 cycA=0.109 cycB=0.130 idtA=0.217 idtB=0.135 D_A=0.076 D_B=0.170 D_A(real)=0.85 D_A(fake)=0.15 gnG=24.51 gnD=15.95 it_per_s=8.17
2026-10-04 13:18:33,334 INFO iter=305200 epoch=44 lr=2.90e-05 G=1.715 advA2B=0.478 advB2A=0.759 cycA=0.109 cycB=0.130 idtA=0.218 idtB=0.135 D_A=0.076 D_B=0.170 D_A(real)=0.85 D_A(fake)=0.15 gnG=24.50 gnD=15.99 it_per_s=8.17
2026-10-04 13:18:45,521 INFO iter=305300 epoch=44 lr=2.89e-05 G=1.716 advA2B=0.478 advB2A=0.760 cycA=0.109 cycB=0.130 idtA=0.218 idtB=0.135 D_A=0.076 D_B=0.170 D_A(real)=0.85 D_A(fake)=0.15 gnG=24.55 gnD=15.98 it_per_s=8.17
2026-10-04 13:18:57,710 INFO iter=305400 epoch=44 lr=2.88e-05 G=1.715 advA2B=0.477 advB2A=0.760 cycA=0.110 cycB=0.129 idtA=0.219 idtB=0.135 D_A=0.077 D_B=0.169 D_A(real)=0.85 D_A(fake)=0.15 gnG=24.53 gnD=16.00 it_per_s=8.17
2026-10-04 13:19:09,900 INFO iter=305500 epoch=44 lr=2.87e-05 G=1.717 advA2B=0.478 advB2A=0.761 cycA=0.110 cycB=0.129 idtA=0.219 idtB=0.135 D_A=0.076 D_B=0.170 D_A(real)=0.85 D_A(fake)=0.15 gnG=24.58 gnD=15.99 it_per_s=8.17
2026-10-04 13:19:22,223 INFO iter=305600 epoch=44 lr=2.86e-05 G=1.715 advA2B=0.476 advB2A=0.761 cycA=0.110 cycB=0.129 idtA=0.219 idtB=0.134 D_A=0.076 D_B=0.170 D_A(real)=0.85 D_A(fake)=0.15 gnG=24.55 gnD=15.99 it_per_s=8.17
2026-10-04 13:19:34,487 INFO iter=305700 epoch=44 lr=2.85e-05 G=1.714 advA2B=0.478 advB2A=0.759 cycA=0.110 cycB=0.129 idtA=0.218 idtB=0.134 D_A=0.076 D_B=0.170 D_A(real)=0.85 D_A(fake)=0.15 gnG=24.61 gnD=16.03 it_per_s=8.17
2026-10-04 13:19:46,656 INFO iter=305800 epoch=44 lr=2.84e-05 G=1.715 advA2B=0.478 advB2A=0.760 cycA=0.110 cycB=0.129 idtA=0.218 idtB=0.134 D_A=0.076 D_B=0.170 D_A(real)=0.85 D_A(fake)=0.15 gnG=24.67 gnD=16.06 it_per_s=8.17
2026-10-04 13:19:58,906 INFO iter=305900 epoch=44 lr=2.84e-05 G=1.715 advA2B=0.477 advB2A=0.760 cycA=0.110 cycB=0.129 idtA=0.218 idtB=0.134 D_A=0.076 D_B=0.170 D_A(real)=0.85 D_A(fake)=0.15 gnG=24.62 gnD=16.05 it_per_s=8.17
2026-10-04 13:20:11,169 INFO iter=306000 epoch=44 lr=2.83e-05 G=1.715 advA2B=0.476 advB2A=0.761 cycA=0.110 cycB=0.129 idtA=0.218 idtB=0.134 D_A=0.076 D_B=0.170 D_A(real)=0.85 D_A(fake)=0.15 gnG=24.59 gnD=16.02 it_per_s=8.17
2026-10-04 13:20:23,394 INFO iter=306100 epoch=44 lr=2.82e-05 G=1.716 advA2B=0.477 advB2A=0.762 cycA=0.110 cycB=0.129 idtA=0.219 idtB=0.134 D_A=0.076 D_B=0.170 D_A(real)=0.85 D_A(fake)=0.15 gnG=24.62 gnD=16.04 it_per_s=8.17
2026-10-04 13:20:35,603 INFO iter=306200 epoch=44 lr=2.81e-05 G=1.716 advA2B=0.477 advB2A=0.762 cycA=0.110 cycB=0.129 idtA=0.219 idtB=0.134 D_A=0.076 D_B=0.170 D_A(real)=0.85 D_A(fake)=0.15 gnG=24.61 gnD=16.08 it_per_s=8.17
2026-10-04 13:20:47,775 INFO iter=306300 epoch=44 lr=2.80e-05 G=1.715 advA2B=0.477 advB2A=0.761 cycA=0.110 cycB=0.129 idtA=0.219 idtB=0.134 D_A=0.076 D_B=0.170 D_A(real)=0.85 D_A(fake)=0.15 gnG=24.64 gnD=16.12 it_per_s=8.17
2026-10-04 13:21:00,004 INFO iter=306400 epoch=44 lr=2.79e-05 G=1.715 advA2B=0.477 advB2A=0.761 cycA=0.109 cycB=0.129 idtA=0.219 idtB=0.134 D_A=0.076 D_B=0.170 D_A(real)=0.85 D_A(fake)=0.15 gnG=24.68 gnD=16.12 it_per_s=8.17
2026-10-04 13:21:12,212 INFO iter=306500 epoch=44 lr=2.78e-05 G=1.715 advA2B=0.477 advB2A=0.761 cycA=0.109 cycB=0.129 idtA=0.219 idtB=0.134 D_A=0.076 D_B=0.170 D_A(real)=0.85 D_A(fake)=0.15 gnG=24.67 gnD=16.11 it_per_s=8.17
2026-10-04 13:21:24,479 INFO iter=306600 epoch=44 lr=2.77e-05 G=1.715 advA2B=0.478 advB2A=0.762 cycA=0.109 cycB=0.129 idtA=0.219 idtB=0.134 D_A=0.076 D_B=0.170 D_A(real)=0.85 D_A(fake)=0.15 gnG=24.65 gnD=16.10 it_per_s=8.17
2026-10-04 13:21:36,832 INFO iter=306700 epoch=44 lr=2.76e-05 G=1.715 advA2B=0.477 advB2A=0.762 cycA=0.109 cycB=0.129 idtA=0.219 idtB=0.134 D_A=0.076 D_B=0.170 D_A(real)=0.85 D_A(fake)=0.15 gnG=24.66 gnD=16.09 it_per_s=8.17
2026-10-04 13:21:49,078 INFO iter=306800 epoch=44 lr=2.76e-05 G=1.714 advA2B=0.477 advB2A=0.761 cycA=0.109 cycB=0.129 idtA=0.219 idtB=0.134 D_A=0.076 D_B=0.170 D_A(real)=0.85 D_A(fake)=0.15 gnG=24.67 gnD=16.10 it_per_s=8.17
2026-10-04 13:22:01,301 INFO iter=306900 epoch=44 lr=2.75e-05 G=1.714 advA2B=0.477 advB2A=0.761 cycA=0.109 cycB=0.129 idtA=0.219 idtB=0.134 D_A=0.076 D_B=0.170 D_A(real)=0.85 D_A(fake)=0.15 gnG=24.68 gnD=16.11 it_per_s=8.17
2026-10-04 13:22:13,552 INFO iter=307000 epoch=44 lr=2.74e-05 G=1.714 advA2B=0.476 advB2A=0.761 cycA=0.109 cycB=0.129 idtA=0.219 idtB=0.134 D_A=0.076 D_B=0.170 D_A(real)=0.85 D_A(fake)=0.15 gnG=24.67 gnD=16.11 it_per_s=8.17
2026-10-04 13:22:25,765 INFO iter=307100 epoch=44 lr=2.73e-05 G=1.715 advA2B=0.477 advB2A=0.762 cycA=0.110 cycB=0.129 idtA=0.219 idtB=0.134 D_A=0.076 D_B=0.170 D_A(real)=0.85 D_A(fake)=0.15 gnG=24.65 gnD=16.11 it_per_s=8.17
2026-10-04 13:22:38,009 INFO iter=307200 epoch=44 lr=2.72e-05 G=1.715 advA2B=0.476 advB2A=0.762 cycA=0.110 cycB=0.129 idtA=0.219 idtB=0.134 D_A=0.076 D_B=0.170 D_A(real)=0.85 D_A(fake)=0.15 gnG=24.66 gnD=16.17 it_per_s=8.17
2026-10-04 13:22:50,285 INFO iter=307300 epoch=44 lr=2.71e-05 G=1.714 advA2B=0.476 advB2A=0.762 cycA=0.110 cycB=0.129 idtA=0.219 idtB=0.134 D_A=0.076 D_B=0.170 D_A(real)=0.85 D_A(fake)=0.15 gnG=24.66 gnD=16.21 it_per_s=8.17
2026-10-04 13:23:02,441 INFO iter=307400 epoch=44 lr=2.70e-05 G=1.714 advA2B=0.476 advB2A=0.762 cycA=0.110 cycB=0.129 idtA=0.219 idtB=0.134 D_A=0.076 D_B=0.170 D_A(real)=0.85 D_A(fake)=0.15 gnG=24.65 gnD=16.23 it_per_s=8.17
2026-10-04 13:23:14,756 INFO iter=307500 epoch=44 lr=2.69e-05 G=1.716 advA2B=0.476 advB2A=0.763 cycA=0.110 cycB=0.129 idtA=0.219 idtB=0.133 D_A=0.076 D_B=0.170 D_A(real)=0.85 D_A(fake)=0.15 gnG=24.70 gnD=16.26 it_per_s=8.17
2026-10-04 13:23:27,008 INFO iter=307600 epoch=44 lr=2.68e-05 G=1.716 advA2B=0.476 advB2A=0.763 cycA=0.110 cycB=0.129 idtA=0.219 idtB=0.133 D_A=0.076 D_B=0.170 D_A(real)=0.85 D_A(fake)=0.15 gnG=24.72 gnD=16.28 it_per_s=8.17
2026-10-04 13:23:39,266 INFO iter=307700 epoch=44 lr=2.68e-05 G=1.716 advA2B=0.475 advB2A=0.764 cycA=0.110 cycB=0.129 idtA=0.219 idtB=0.133 D_A=0.076 D_B=0.170 D_A(real)=0.85 D_A(fake)=0.15 gnG=24.72 gnD=16.31 it_per_s=8.17
2026-10-04 13:23:51,491 INFO iter=307800 epoch=44 lr=2.67e-05 G=1.717 advA2B=0.476 advB2A=0.764 cycA=0.110 cycB=0.129 idtA=0.219 idtB=0.133 D_A=0.076 D_B=0.170 D_A(real)=0.85 D_A(fake)=0.15 gnG=24.76 gnD=16.31 it_per_s=8.17
2026-10-04 13:24:03,684 INFO iter=307900 epoch=44 lr=2.66e-05 G=1.716 advA2B=0.476 advB2A=0.763 cycA=0.110 cycB=0.129 idtA=0.219 idtB=0.133 D_A=0.076 D_B=0.170 D_A(real)=0.85 D_A(fake)=0.15 gnG=24.78 gnD=16.36 it_per_s=8.17
2026-10-04 13:24:15,887 INFO iter=308000 epoch=44 lr=2.65e-05 G=1.716 advA2B=0.476 advB2A=0.763 cycA=0.110 cycB=0.129 idtA=0.219 idtB=0.133 D_A=0.076 D_B=0.170 D_A(real)=0.85 D_A(fake)=0.15 gnG=24.72 gnD=16.36 it_per_s=8.17
2026-10-04 13:24:28,071 INFO iter=308100 epoch=44 lr=2.64e-05 G=1.716 advA2B=0.475 advB2A=0.764 cycA=0.110 cycB=0.129 idtA=0.219 idtB=0.133 D_A=0.076 D_B=0.170 D_A(real)=0.85 D_A(fake)=0.15 gnG=24.70 gnD=16.40 it_per_s=8.17
2026-10-04 13:24:40,200 INFO iter=308200 epoch=44 lr=2.63e-05 G=1.716 advA2B=0.475 advB2A=0.763 cycA=0.110 cycB=0.129 idtA=0.219 idtB=0.133 D_A=0.076 D_B=0.170 D_A(real)=0.85 D_A(fake)=0.15 gnG=24.76 gnD=16.43 it_per_s=8.17
2026-10-04 13:24:52,399 INFO iter=308300 epoch=44 lr=2.62e-05 G=1.716 advA2B=0.476 advB2A=0.763 cycA=0.110 cycB=0.129 idtA=0.219 idtB=0.133 D_A=0.076 D_B=0.170 D_A(real)=0.85 D_A(fake)=0.15 gnG=24.80 gnD=16.42 it_per_s=8.17
2026-10-04 13:25:04,614 INFO iter=308400 epoch=44 lr=2.61e-05 G=1.717 advA2B=0.476 advB2A=0.764 cycA=0.110 cycB=0.129 idtA=0.219 idtB=0.133 D_A=0.076 D_B=0.170 D_A(real)=0.85 D_A(fake)=0.15 gnG=24.86 gnD=16.44 it_per_s=8.17
2026-10-04 13:25:16,748 INFO iter=308500 epoch=44 lr=2.60e-05 G=1.717 advA2B=0.476 advB2A=0.765 cycA=0.110 cycB=0.129 idtA=0.219 idtB=0.133 D_A=0.076 D_B=0.170 D_A(real)=0.85 D_A(fake)=0.15 gnG=24.87 gnD=16.48 it_per_s=8.17
2026-10-04 13:25:28,988 INFO iter=308600 epoch=44 lr=2.60e-05 G=1.718 advA2B=0.476 advB2A=0.765 cycA=0.110 cycB=0.129 idtA=0.219 idtB=0.133 D_A=0.076 D_B=0.170 D_A(real)=0.85 D_A(fake)=0.15 gnG=24.85 gnD=16.47 it_per_s=8.17
2026-10-04 13:25:41,168 INFO iter=308700 epoch=44 lr=2.59e-05 G=1.718 advA2B=0.476 advB2A=0.765 cycA=0.110 cycB=0.129 idtA=0.219 idtB=0.133 D_A=0.075 D_B=0.170 D_A(real)=0.85 D_A(fake)=0.15 gnG=24.90 gnD=16.48 it_per_s=8.17
2026-10-04 13:25:53,454 INFO iter=308800 epoch=44 lr=2.58e-05 G=1.719 advA2B=0.476 advB2A=0.765 cycA=0.110 cycB=0.129 idtA=0.219 idtB=0.133 D_A=0.075 D_B=0.170 D_A(real)=0.85 D_A(fake)=0.15 gnG=24.90 gnD=16.49 it_per_s=8.17
2026-10-04 13:26:05,646 INFO iter=308900 epoch=44 lr=2.57e-05 G=1.718 advA2B=0.476 advB2A=0.765 cycA=0.110 cycB=0.129 idtA=0.219 idtB=0.133 D_A=0.075 D_B=0.170 D_A(real)=0.85 D_A(fake)=0.15 gnG=24.90 gnD=16.49 it_per_s=8.17
2026-10-04 13:26:17,877 INFO iter=309000 epoch=44 lr=2.56e-05 G=1.718 advA2B=0.476 advB2A=0.765 cycA=0.110 cycB=0.129 idtA=0.219 idtB=0.133 D_A=0.075 D_B=0.170 D_A(real)=0.85 D_A(fake)=0.15 gnG=24.92 gnD=16.49 it_per_s=8.17
2026-10-04 13:26:30,069 INFO iter=309100 epoch=44 lr=2.55e-05 G=1.718 advA2B=0.475 advB2A=0.765 cycA=0.110 cycB=0.129 idtA=0.219 idtB=0.133 D_A=0.075 D_B=0.170 D_A(real)=0.85 D_A(fake)=0.15 gnG=24.92 gnD=16.51 it_per_s=8.17
2026-10-04 13:26:42,286 INFO iter=309200 epoch=44 lr=2.54e-05 G=1.718 advA2B=0.475 advB2A=0.766 cycA=0.110 cycB=0.129 idtA=0.219 idtB=0.133 D_A=0.075 D_B=0.170 D_A(real)=0.85 D_A(fake)=0.15 gnG=24.90 gnD=16.51 it_per_s=8.18
2026-10-04 13:26:54,478 INFO iter=309300 epoch=44 lr=2.53e-05 G=1.718 advA2B=0.475 advB2A=0.766 cycA=0.110 cycB=0.129 idtA=0.219 idtB=0.133 D_A=0.075 D_B=0.170 D_A(real)=0.85 D_A(fake)=0.15 gnG=24.94 gnD=16.51 it_per_s=8.18
2026-10-04 13:27:06,631 INFO iter=309400 epoch=44 lr=2.52e-05 G=1.718 advA2B=0.475 advB2A=0.766 cycA=0.110 cycB=0.129 idtA=0.219 idtB=0.133 D_A=0.075 D_B=0.170 D_A(real)=0.85 D_A(fake)=0.15 gnG=24.97 gnD=16.52 it_per_s=8.18
2026-10-04 13:27:18,814 INFO iter=309500 epoch=44 lr=2.52e-05 G=1.719 advA2B=0.475 advB2A=0.767 cycA=0.110 cycB=0.129 idtA=0.219 idtB=0.133 D_A=0.075 D_B=0.170 D_A(real)=0.85 D_A(fake)=0.15 gnG=24.92 gnD=16.55 it_per_s=8.18
2026-10-04 13:27:31,077 INFO iter=309600 epoch=44 lr=2.51e-05 G=1.719 advA2B=0.474 advB2A=0.767 cycA=0.110 cycB=0.129 idtA=0.220 idtB=0.133 D_A=0.075 D_B=0.170 D_A(real)=0.85 D_A(fake)=0.15 gnG=24.90 gnD=16.55 it_per_s=8.18
2026-10-04 13:27:39,828 INFO epoch=44 done time_s=861 it_per_s=8.18 G=1.718 cycA=0.110 cycB=0.129 idtA=0.220 idtB=0.133 D_A=0.075 D_B=0.170 D_A(real)=0.85 D_A(fake)=0.15 nan_count=0
2026-10-04 13:27:44,125 INFO iter=309700 epoch=45 lr=2.50e-05 G=1.701 advA2B=0.515 advB2A=0.719 cycA=0.115 cycB=0.119 idtA=0.225 idtB=0.127 D_A=0.076 D_B=0.147 D_A(real)=0.82 D_A(fake)=0.19 gnG=29.22 gnD=15.53 it_per_s=8.08
2026-10-04 13:27:56,351 INFO iter=309800 epoch=45 lr=2.49e-05 G=1.711 advA2B=0.488 advB2A=0.737 cycA=0.111 cycB=0.132 idtA=0.222 idtB=0.141 D_A=0.075 D_B=0.170 D_A(real)=0.83 D_A(fake)=0.16 gnG=26.27 gnD=18.25 it_per_s=8.16
2026-10-04 13:28:08,591 INFO iter=309900 epoch=45 lr=2.48e-05 G=1.692 advA2B=0.470 advB2A=0.739 cycA=0.110 cycB=0.132 idtA=0.220 idtB=0.142 D_A=0.072 D_B=0.175 D_A(real)=0.84 D_A(fake)=0.16 gnG=26.24 gnD=18.08 it_per_s=8.16
2026-10-04 13:28:20,806 INFO iter=310000 epoch=45 lr=2.47e-05 G=1.694 advA2B=0.468 advB2A=0.749 cycA=0.108 cycB=0.130 idtA=0.221 idtB=0.142 D_A=0.072 D_B=0.176 D_A(real)=0.85 D_A(fake)=0.15 gnG=26.18 gnD=17.56 it_per_s=8.17
2026-10-04 13:28:33,236 INFO iter=310100 epoch=45 lr=2.46e-05 G=1.704 advA2B=0.470 advB2A=0.757 cycA=0.108 cycB=0.130 idtA=0.222 idtB=0.142 D_A=0.073 D_B=0.173 D_A(real)=0.85 D_A(fake)=0.15 gnG=26.07 gnD=17.41 it_per_s=8.14
2026-10-04 13:28:45,486 INFO iter=310200 epoch=45 lr=2.45e-05 G=1.700 advA2B=0.465 advB2A=0.762 cycA=0.108 cycB=0.128 idtA=0.226 idtB=0.140 D_A=0.072 D_B=0.172 D_A(real)=0.86 D_A(fake)=0.14 gnG=25.62 gnD=17.10 it_per_s=8.14
2026-10-04 13:28:57,786 INFO iter=310300 epoch=45 lr=2.44e-05 G=1.692 advA2B=0.459 advB2A=0.759 cycA=0.108 cycB=0.128 idtA=0.227 idtB=0.139 D_A=0.072 D_B=0.172 D_A(real)=0.86 D_A(fake)=0.14 gnG=25.26 gnD=17.07 it_per_s=8.14
2026-10-04 13:29:10,027 INFO iter=310400 epoch=45 lr=2.44e-05 G=1.698 advA2B=0.461 advB2A=0.766 cycA=0.109 cycB=0.127 idtA=0.226 idtB=0.136 D_A=0.072 D_B=0.172 D_A(real)=0.85 D_A(fake)=0.14 gnG=25.56 gnD=17.22 it_per_s=8.15
2026-10-04 13:29:22,281 INFO iter=310500 epoch=45 lr=2.43e-05 G=1.702 advA2B=0.463 advB2A=0.766 cycA=0.109 cycB=0.127 idtA=0.227 idtB=0.136 D_A=0.072 D_B=0.173 D_A(real)=0.85 D_A(fake)=0.14 gnG=25.80 gnD=17.33 it_per_s=8.15
2026-10-04 13:29:34,505 INFO iter=310600 epoch=45 lr=2.42e-05 G=1.701 advA2B=0.464 advB2A=0.765 cycA=0.109 cycB=0.127 idtA=0.227 idtB=0.136 D_A=0.072 D_B=0.172 D_A(real)=0.86 D_A(fake)=0.14 gnG=25.95 gnD=17.10 it_per_s=8.15
2026-10-04 13:29:46,736 INFO iter=310700 epoch=45 lr=2.41e-05 G=1.705 advA2B=0.466 advB2A=0.765 cycA=0.110 cycB=0.127 idtA=0.226 idtB=0.136 D_A=0.072 D_B=0.171 D_A(real)=0.85 D_A(fake)=0.14 gnG=26.07 gnD=16.98 it_per_s=8.15
2026-10-04 13:29:58,934 INFO iter=310800 epoch=45 lr=2.40e-05 G=1.710 advA2B=0.469 advB2A=0.768 cycA=0.109 cycB=0.127 idtA=0.225 idtB=0.135 D_A=0.072 D_B=0.171 D_A(real)=0.85 D_A(fake)=0.15 gnG=26.11 gnD=16.97 it_per_s=8.16
2026-10-04 13:30:11,172 INFO iter=310900 epoch=45 lr=2.39e-05 G=1.708 advA2B=0.470 advB2A=0.765 cycA=0.109 cycB=0.127 idtA=0.224 idtB=0.136 D_A=0.072 D_B=0.170 D_A(real)=0.85 D_A(fake)=0.15 gnG=26.06 gnD=16.88 it_per_s=8.16
2026-10-04 13:30:23,390 INFO iter=311000 epoch=45 lr=2.38e-05 G=1.707 advA2B=0.470 advB2A=0.764 cycA=0.109 cycB=0.127 idtA=0.224 idtB=0.135 D_A=0.073 D_B=0.170 D_A(real)=0.85 D_A(fake)=0.15 gnG=25.97 gnD=17.00 it_per_s=8.16
2026-10-04 13:30:35,651 INFO iter=311100 epoch=45 lr=2.37e-05 G=1.708 advA2B=0.469 advB2A=0.765 cycA=0.109 cycB=0.128 idtA=0.224 idtB=0.135 D_A=0.073 D_B=0.171 D_A(real)=0.85 D_A(fake)=0.14 gnG=25.86 gnD=16.98 it_per_s=8.16
2026-10-04 13:30:47,832 INFO iter=311200 epoch=45 lr=2.36e-05 G=1.709 advA2B=0.469 advB2A=0.766 cycA=0.110 cycB=0.128 idtA=0.224 idtB=0.136 D_A=0.073 D_B=0.171 D_A(real)=0.85 D_A(fake)=0.15 gnG=25.99 gnD=16.98 it_per_s=8.16
2026-10-04 13:31:00,021 INFO iter=311300 epoch=45 lr=2.36e-05 G=1.712 advA2B=0.470 advB2A=0.767 cycA=0.110 cycB=0.127 idtA=0.224 idtB=0.135 D_A=0.073 D_B=0.170 D_A(real)=0.86 D_A(fake)=0.14 gnG=26.14 gnD=17.07 it_per_s=8.17
2026-10-04 13:31:12,193 INFO iter=311400 epoch=45 lr=2.35e-05 G=1.711 advA2B=0.471 advB2A=0.766 cycA=0.110 cycB=0.127 idtA=0.224 idtB=0.135 D_A=0.073 D_B=0.170 D_A(real)=0.85 D_A(fake)=0.15 gnG=26.21 gnD=17.02 it_per_s=8.17
2026-10-04 13:31:24,403 INFO iter=311500 epoch=45 lr=2.34e-05 G=1.713 advA2B=0.470 advB2A=0.768 cycA=0.110 cycB=0.128 idtA=0.224 idtB=0.135 D_A=0.073 D_B=0.170 D_A(real)=0.85 D_A(fake)=0.15 gnG=26.23 gnD=16.98 it_per_s=8.17
2026-10-04 13:31:36,617 INFO iter=311600 epoch=45 lr=2.33e-05 G=1.714 advA2B=0.472 advB2A=0.768 cycA=0.110 cycB=0.128 idtA=0.224 idtB=0.136 D_A=0.073 D_B=0.170 D_A(real)=0.85 D_A(fake)=0.15 gnG=26.33 gnD=17.05 it_per_s=8.17
2026-10-04 13:31:48,756 INFO iter=311700 epoch=45 lr=2.32e-05 G=1.715 advA2B=0.472 advB2A=0.769 cycA=0.110 cycB=0.128 idtA=0.224 idtB=0.136 D_A=0.073 D_B=0.169 D_A(real)=0.85 D_A(fake)=0.14 gnG=26.21 gnD=17.06 it_per_s=8.17
2026-10-04 13:32:00,948 INFO iter=311800 epoch=45 lr=2.31e-05 G=1.715 advA2B=0.472 advB2A=0.768 cycA=0.109 cycB=0.128 idtA=0.223 idtB=0.136 D_A=0.073 D_B=0.169 D_A(real)=0.85 D_A(fake)=0.15 gnG=26.18 gnD=17.10 it_per_s=8.18
2026-10-04 13:32:13,126 INFO iter=311900 epoch=45 lr=2.30e-05 G=1.714 advA2B=0.471 advB2A=0.767 cycA=0.110 cycB=0.128 idtA=0.223 idtB=0.136 D_A=0.073 D_B=0.170 D_A(real)=0.85 D_A(fake)=0.15 gnG=26.04 gnD=17.12 it_per_s=8.18
2026-10-04 13:32:25,257 INFO iter=312000 epoch=45 lr=2.29e-05 G=1.714 advA2B=0.471 advB2A=0.767 cycA=0.110 cycB=0.128 idtA=0.223 idtB=0.136 D_A=0.073 D_B=0.170 D_A(real)=0.85 D_A(fake)=0.15 gnG=25.96 gnD=17.08 it_per_s=8.18
2026-10-04 13:32:37,417 INFO iter=312100 epoch=45 lr=2.28e-05 G=1.714 advA2B=0.471 advB2A=0.767 cycA=0.110 cycB=0.128 idtA=0.223 idtB=0.136 D_A=0.073 D_B=0.170 D_A(real)=0.85 D_A(fake)=0.15 gnG=26.01 gnD=17.12 it_per_s=8.18
2026-10-04 13:32:49,563 INFO iter=312200 epoch=45 lr=2.28e-05 G=1.715 advA2B=0.472 advB2A=0.767 cycA=0.110 cycB=0.128 idtA=0.224 idtB=0.136 D_A=0.073 D_B=0.170 D_A(real)=0.85 D_A(fake)=0.15 gnG=26.06 gnD=17.14 it_per_s=8.18
2026-10-04 13:33:01,770 INFO iter=312300 epoch=45 lr=2.27e-05 G=1.717 advA2B=0.473 advB2A=0.767 cycA=0.110 cycB=0.128 idtA=0.224 idtB=0.136 D_A=0.073 D_B=0.170 D_A(real)=0.85 D_A(fake)=0.15 gnG=26.00 gnD=17.13 it_per_s=8.18
2026-10-04 13:33:13,928 INFO iter=312400 epoch=45 lr=2.26e-05 G=1.716 advA2B=0.474 advB2A=0.766 cycA=0.110 cycB=0.128 idtA=0.224 idtB=0.136 D_A=0.073 D_B=0.170 D_A(real)=0.85 D_A(fake)=0.15 gnG=26.18 gnD=17.09 it_per_s=8.19
2026-10-04 13:33:26,102 INFO iter=312500 epoch=45 lr=2.25e-05 G=1.716 advA2B=0.474 advB2A=0.766 cycA=0.110 cycB=0.128 idtA=0.224 idtB=0.137 D_A=0.073 D_B=0.170 D_A(real)=0.85 D_A(fake)=0.15 gnG=26.22 gnD=17.12 it_per_s=8.19
2026-10-04 13:33:38,391 INFO iter=312600 epoch=45 lr=2.24e-05 G=1.715 advA2B=0.473 advB2A=0.765 cycA=0.110 cycB=0.128 idtA=0.224 idtB=0.137 D_A=0.073 D_B=0.170 D_A(real)=0.85 D_A(fake)=0.15 gnG=26.38 gnD=17.14 it_per_s=8.18
2026-10-04 13:33:50,711 INFO iter=312700 epoch=45 lr=2.23e-05 G=1.715 advA2B=0.473 advB2A=0.766 cycA=0.110 cycB=0.128 idtA=0.223 idtB=0.137 D_A=0.073 D_B=0.170 D_A(real)=0.85 D_A(fake)=0.15 gnG=26.35 gnD=17.12 it_per_s=8.18
2026-10-04 13:34:03,279 INFO iter=312800 epoch=45 lr=2.22e-05 G=1.716 advA2B=0.473 advB2A=0.766 cycA=0.110 cycB=0.128 idtA=0.224 idtB=0.137 D_A=0.073 D_B=0.169 D_A(real)=0.85 D_A(fake)=0.15 gnG=26.32 gnD=17.13 it_per_s=8.18
2026-10-04 13:34:15,971 INFO iter=312900 epoch=45 lr=2.21e-05 G=1.716 advA2B=0.473 advB2A=0.766 cycA=0.110 cycB=0.128 idtA=0.224 idtB=0.136 D_A=0.073 D_B=0.170 D_A(real)=0.85 D_A(fake)=0.15 gnG=26.22 gnD=17.17 it_per_s=8.17
2026-10-04 13:34:28,270 INFO iter=313000 epoch=45 lr=2.20e-05 G=1.717 advA2B=0.474 advB2A=0.767 cycA=0.110 cycB=0.128 idtA=0.225 idtB=0.136 D_A=0.073 D_B=0.170 D_A(real)=0.85 D_A(fake)=0.15 gnG=26.29 gnD=17.25 it_per_s=8.16
2026-10-04 13:34:40,472 INFO iter=313100 epoch=45 lr=2.20e-05 G=1.716 advA2B=0.474 advB2A=0.766 cycA=0.110 cycB=0.128 idtA=0.224 idtB=0.136 D_A=0.073 D_B=0.170 D_A(real)=0.85 D_A(fake)=0.15 gnG=26.25 gnD=17.34 it_per_s=8.17
2026-10-04 13:34:52,676 INFO iter=313200 epoch=45 lr=2.19e-05 G=1.718 advA2B=0.474 advB2A=0.767 cycA=0.110 cycB=0.128 idtA=0.224 idtB=0.136 D_A=0.073 D_B=0.170 D_A(real)=0.85 D_A(fake)=0.15 gnG=26.22 gnD=17.38 it_per_s=8.17
2026-10-04 13:35:04,860 INFO iter=313300 epoch=45 lr=2.18e-05 G=1.718 advA2B=0.474 advB2A=0.767 cycA=0.110 cycB=0.128 idtA=0.224 idtB=0.136 D_A=0.073 D_B=0.170 D_A(real)=0.85 D_A(fake)=0.15 gnG=26.18 gnD=17.38 it_per_s=8.17
2026-10-04 13:35:17,013 INFO iter=313400 epoch=45 lr=2.17e-05 G=1.718 advA2B=0.474 advB2A=0.767 cycA=0.110 cycB=0.129 idtA=0.224 idtB=0.136 D_A=0.073 D_B=0.170 D_A(real)=0.85 D_A(fake)=0.15 gnG=26.18 gnD=17.46 it_per_s=8.17
2026-10-04 13:35:29,226 INFO iter=313500 epoch=45 lr=2.16e-05 G=1.719 advA2B=0.474 advB2A=0.767 cycA=0.110 cycB=0.129 idtA=0.224 idtB=0.136 D_A=0.073 D_B=0.170 D_A(real)=0.85 D_A(fake)=0.15 gnG=26.19 gnD=17.45 it_per_s=8.17
2026-10-04 13:35:41,439 INFO iter=313600 epoch=45 lr=2.15e-05 G=1.719 advA2B=0.474 advB2A=0.767 cycA=0.110 cycB=0.129 idtA=0.224 idtB=0.136 D_A=0.073 D_B=0.170 D_A(real)=0.85 D_A(fake)=0.15 gnG=26.23 gnD=17.43 it_per_s=8.17
2026-10-04 13:35:53,590 INFO iter=313700 epoch=45 lr=2.14e-05 G=1.717 advA2B=0.474 advB2A=0.766 cycA=0.110 cycB=0.129 idtA=0.224 idtB=0.136 D_A=0.073 D_B=0.170 D_A(real)=0.85 D_A(fake)=0.14 gnG=26.23 gnD=17.46 it_per_s=8.17
2026-10-04 13:36:05,802 INFO iter=313800 epoch=45 lr=2.13e-05 G=1.717 advA2B=0.474 advB2A=0.767 cycA=0.110 cycB=0.129 idtA=0.224 idtB=0.136 D_A=0.073 D_B=0.170 D_A(real)=0.85 D_A(fake)=0.15 gnG=26.29 gnD=17.50 it_per_s=8.17
2026-10-04 13:36:17,957 INFO iter=313900 epoch=45 lr=2.12e-05 G=1.717 advA2B=0.473 advB2A=0.767 cycA=0.110 cycB=0.129 idtA=0.224 idtB=0.136 D_A=0.073 D_B=0.170 D_A(real)=0.85 D_A(fake)=0.15 gnG=26.23 gnD=17.55 it_per_s=8.17
2026-10-04 13:36:30,124 INFO iter=314000 epoch=45 lr=2.12e-05 G=1.717 advA2B=0.474 advB2A=0.766 cycA=0.110 cycB=0.129 idtA=0.224 idtB=0.136 D_A=0.073 D_B=0.170 D_A(real)=0.85 D_A(fake)=0.15 gnG=26.28 gnD=17.55 it_per_s=8.17
2026-10-04 13:36:42,335 INFO iter=314100 epoch=45 lr=2.11e-05 G=1.718 advA2B=0.474 advB2A=0.767 cycA=0.110 cycB=0.129 idtA=0.224 idtB=0.136 D_A=0.073 D_B=0.170 D_A(real)=0.85 D_A(fake)=0.15 gnG=26.31 gnD=17.60 it_per_s=8.17
2026-10-04 13:36:54,535 INFO iter=314200 epoch=45 lr=2.10e-05 G=1.719 advA2B=0.475 advB2A=0.767 cycA=0.110 cycB=0.129 idtA=0.224 idtB=0.136 D_A=0.073 D_B=0.170 D_A(real)=0.85 D_A(fake)=0.15 gnG=26.27 gnD=17.65 it_per_s=8.18
2026-10-04 13:37:06,732 INFO iter=314300 epoch=45 lr=2.09e-05 G=1.719 advA2B=0.475 advB2A=0.767 cycA=0.110 cycB=0.129 idtA=0.224 idtB=0.136 D_A=0.073 D_B=0.170 D_A(real)=0.85 D_A(fake)=0.15 gnG=26.27 gnD=17.69 it_per_s=8.18
2026-10-04 13:37:18,941 INFO iter=314400 epoch=45 lr=2.08e-05 G=1.720 advA2B=0.475 advB2A=0.768 cycA=0.110 cycB=0.129 idtA=0.224 idtB=0.136 D_A=0.073 D_B=0.170 D_A(real)=0.85 D_A(fake)=0.15 gnG=26.29 gnD=17.73 it_per_s=8.18
2026-10-04 13:37:31,135 INFO iter=314500 epoch=45 lr=2.07e-05 G=1.720 advA2B=0.475 advB2A=0.768 cycA=0.110 cycB=0.129 idtA=0.224 idtB=0.136 D_A=0.073 D_B=0.170 D_A(real)=0.85 D_A(fake)=0.15 gnG=26.36 gnD=17.75 it_per_s=8.18
2026-10-04 13:37:43,290 INFO iter=314600 epoch=45 lr=2.06e-05 G=1.720 advA2B=0.475 advB2A=0.768 cycA=0.110 cycB=0.129 idtA=0.224 idtB=0.136 D_A=0.073 D_B=0.170 D_A(real)=0.85 D_A(fake)=0.14 gnG=26.36 gnD=17.73 it_per_s=8.18
2026-10-04 13:37:55,476 INFO iter=314700 epoch=45 lr=2.05e-05 G=1.720 advA2B=0.475 advB2A=0.768 cycA=0.110 cycB=0.129 idtA=0.224 idtB=0.136 D_A=0.073 D_B=0.170 D_A(real)=0.86 D_A(fake)=0.14 gnG=26.42 gnD=17.75 it_per_s=8.18
2026-10-04 13:38:07,639 INFO iter=314800 epoch=45 lr=2.04e-05 G=1.719 advA2B=0.474 advB2A=0.767 cycA=0.110 cycB=0.129 idtA=0.224 idtB=0.136 D_A=0.073 D_B=0.170 D_A(real)=0.86 D_A(fake)=0.14 gnG=26.39 gnD=17.76 it_per_s=8.18
2026-10-04 13:38:19,853 INFO iter=314900 epoch=45 lr=2.04e-05 G=1.720 advA2B=0.474 advB2A=0.768 cycA=0.110 cycB=0.129 idtA=0.224 idtB=0.136 D_A=0.073 D_B=0.170 D_A(real)=0.85 D_A(fake)=0.14 gnG=26.38 gnD=17.75 it_per_s=8.18
2026-10-04 13:38:32,095 INFO iter=315000 epoch=45 lr=2.03e-05 G=1.719 advA2B=0.474 advB2A=0.768 cycA=0.110 cycB=0.129 idtA=0.224 idtB=0.136 D_A=0.073 D_B=0.170 D_A(real)=0.85 D_A(fake)=0.15 gnG=26.32 gnD=17.78 it_per_s=8.18
2026-10-04 13:38:44,224 INFO iter=315100 epoch=45 lr=2.02e-05 G=1.718 advA2B=0.474 advB2A=0.767 cycA=0.110 cycB=0.129 idtA=0.224 idtB=0.136 D_A=0.073 D_B=0.170 D_A(real)=0.85 D_A(fake)=0.15 gnG=26.28 gnD=17.78 it_per_s=8.18
2026-10-04 13:38:56,446 INFO iter=315200 epoch=45 lr=2.01e-05 G=1.717 advA2B=0.473 advB2A=0.767 cycA=0.110 cycB=0.129 idtA=0.224 idtB=0.136 D_A=0.073 D_B=0.170 D_A(real)=0.85 D_A(fake)=0.15 gnG=26.19 gnD=17.81 it_per_s=8.18
2026-10-04 13:39:08,659 INFO iter=315300 epoch=45 lr=2.00e-05 G=1.717 advA2B=0.473 advB2A=0.767 cycA=0.110 cycB=0.129 idtA=0.224 idtB=0.136 D_A=0.073 D_B=0.170 D_A(real)=0.85 D_A(fake)=0.14 gnG=26.22 gnD=17.83 it_per_s=8.18
2026-10-04 13:39:20,856 INFO iter=315400 epoch=45 lr=1.99e-05 G=1.718 advA2B=0.473 advB2A=0.767 cycA=0.110 cycB=0.129 idtA=0.224 idtB=0.136 D_A=0.072 D_B=0.170 D_A(real)=0.86 D_A(fake)=0.14 gnG=26.20 gnD=17.81 it_per_s=8.18
2026-10-04 13:39:33,012 INFO iter=315500 epoch=45 lr=1.98e-05 G=1.718 advA2B=0.474 advB2A=0.768 cycA=0.110 cycB=0.129 idtA=0.223 idtB=0.136 D_A=0.072 D_B=0.170 D_A(real)=0.86 D_A(fake)=0.14 gnG=26.26 gnD=17.81 it_per_s=8.18
2026-10-04 13:39:45,082 INFO iter=315600 epoch=45 lr=1.97e-05 G=1.719 advA2B=0.474 advB2A=0.768 cycA=0.110 cycB=0.129 idtA=0.223 idtB=0.136 D_A=0.072 D_B=0.170 D_A(real)=0.86 D_A(fake)=0.14 gnG=26.31 gnD=17.78 it_per_s=8.18
2026-10-04 13:39:57,283 INFO iter=315700 epoch=45 lr=1.96e-05 G=1.719 advA2B=0.474 advB2A=0.768 cycA=0.110 cycB=0.129 idtA=0.223 idtB=0.136 D_A=0.072 D_B=0.170 D_A(real)=0.86 D_A(fake)=0.14 gnG=26.35 gnD=17.76 it_per_s=8.18
2026-10-04 13:40:09,421 INFO iter=315800 epoch=45 lr=1.96e-05 G=1.720 advA2B=0.474 advB2A=0.769 cycA=0.110 cycB=0.129 idtA=0.224 idtB=0.136 D_A=0.072 D_B=0.170 D_A(real)=0.86 D_A(fake)=0.14 gnG=26.36 gnD=17.78 it_per_s=8.18
2026-10-04 13:40:21,635 INFO iter=315900 epoch=45 lr=1.95e-05 G=1.719 advA2B=0.474 advB2A=0.768 cycA=0.110 cycB=0.129 idtA=0.224 idtB=0.136 D_A=0.072 D_B=0.170 D_A(real)=0.86 D_A(fake)=0.14 gnG=26.35 gnD=17.79 it_per_s=8.18
2026-10-04 13:40:33,911 INFO iter=316000 epoch=45 lr=1.94e-05 G=1.720 advA2B=0.475 advB2A=0.769 cycA=0.110 cycB=0.129 idtA=0.224 idtB=0.136 D_A=0.072 D_B=0.169 D_A(real)=0.86 D_A(fake)=0.14 gnG=26.39 gnD=17.78 it_per_s=8.18
2026-10-04 13:40:46,115 INFO iter=316100 epoch=45 lr=1.93e-05 G=1.720 advA2B=0.475 advB2A=0.769 cycA=0.110 cycB=0.129 idtA=0.224 idtB=0.136 D_A=0.072 D_B=0.169 D_A(real)=0.86 D_A(fake)=0.14 gnG=26.36 gnD=17.79 it_per_s=8.18
2026-10-04 13:40:58,436 INFO iter=316200 epoch=45 lr=1.92e-05 G=1.720 advA2B=0.475 advB2A=0.769 cycA=0.110 cycB=0.129 idtA=0.224 idtB=0.136 D_A=0.072 D_B=0.169 D_A(real)=0.86 D_A(fake)=0.14 gnG=26.32 gnD=17.78 it_per_s=8.18
2026-10-04 13:41:10,631 INFO iter=316300 epoch=45 lr=1.91e-05 G=1.721 advA2B=0.475 advB2A=0.768 cycA=0.110 cycB=0.129 idtA=0.224 idtB=0.136 D_A=0.072 D_B=0.169 D_A(real)=0.86 D_A(fake)=0.14 gnG=26.31 gnD=17.82 it_per_s=8.18
2026-10-04 13:41:22,825 INFO iter=316400 epoch=45 lr=1.90e-05 G=1.721 advA2B=0.476 advB2A=0.769 cycA=0.110 cycB=0.129 idtA=0.224 idtB=0.136 D_A=0.072 D_B=0.169 D_A(real)=0.86 D_A(fake)=0.14 gnG=26.31 gnD=17.80 it_per_s=8.18
2026-10-04 13:41:35,081 INFO iter=316500 epoch=45 lr=1.89e-05 G=1.722 advA2B=0.476 advB2A=0.770 cycA=0.110 cycB=0.129 idtA=0.224 idtB=0.136 D_A=0.072 D_B=0.169 D_A(real)=0.86 D_A(fake)=0.14 gnG=26.32 gnD=17.80 it_per_s=8.18
2026-10-04 13:41:47,275 INFO iter=316600 epoch=45 lr=1.88e-05 G=1.722 advA2B=0.476 advB2A=0.769 cycA=0.110 cycB=0.129 idtA=0.224 idtB=0.136 D_A=0.072 D_B=0.169 D_A(real)=0.86 D_A(fake)=0.14 gnG=26.31 gnD=17.79 it_per_s=8.18
2026-10-04 13:41:59,440 INFO iter=316700 epoch=45 lr=1.88e-05 G=1.722 advA2B=0.476 advB2A=0.769 cycA=0.110 cycB=0.129 idtA=0.223 idtB=0.136 D_A=0.072 D_B=0.169 D_A(real)=0.86 D_A(fake)=0.14 gnG=26.36 gnD=17.82 it_per_s=8.18
2026-10-04 13:42:00,638 INFO epoch=45 done time_s=860 it_per_s=8.18 G=1.722 cycA=0.110 cycB=0.129 idtA=0.223 idtB=0.136 D_A=0.072 D_B=0.169 D_A(real)=0.86 D_A(fake)=0.14 nan_count=0
2026-10-04 13:42:12,438 INFO iter=316800 epoch=46 lr=1.87e-05 G=1.795 advA2B=0.528 advB2A=0.785 cycA=0.113 cycB=0.128 idtA=0.224 idtB=0.138 D_A=0.074 D_B=0.165 D_A(real)=0.85 D_A(fake)=0.14 gnG=27.94 gnD=19.32 it_per_s=8.14
2026-10-04 13:42:24,699 INFO iter=316900 epoch=46 lr=1.86e-05 G=1.740 advA2B=0.498 advB2A=0.769 cycA=0.108 cycB=0.129 idtA=0.221 idtB=0.134 D_A=0.072 D_B=0.160 D_A(real)=0.85 D_A(fake)=0.15 gnG=27.72 gnD=18.18 it_per_s=8.15
2026-10-04 13:42:36,940 INFO iter=317000 epoch=46 lr=1.85e-05 G=1.733 advA2B=0.498 advB2A=0.761 cycA=0.108 cycB=0.129 idtA=0.221 idtB=0.133 D_A=0.073 D_B=0.160 D_A(real)=0.85 D_A(fake)=0.15 gnG=26.71 gnD=18.83 it_per_s=8.16
2026-10-04 13:42:49,121 INFO iter=317100 epoch=46 lr=1.84e-05 G=1.728 advA2B=0.492 advB2A=0.759 cycA=0.108 cycB=0.130 idtA=0.221 idtB=0.134 D_A=0.071 D_B=0.164 D_A(real)=0.86 D_A(fake)=0.14 gnG=26.37 gnD=18.90 it_per_s=8.17
2026-10-04 13:43:01,335 INFO iter=317200 epoch=46 lr=1.83e-05 G=1.727 advA2B=0.492 advB2A=0.758 cycA=0.109 cycB=0.130 idtA=0.219 idtB=0.134 D_A=0.072 D_B=0.165 D_A(real)=0.86 D_A(fake)=0.15 gnG=26.76 gnD=18.68 it_per_s=8.17
2026-10-04 13:43:13,604 INFO iter=317300 epoch=46 lr=1.82e-05 G=1.731 advA2B=0.489 advB2A=0.764 cycA=0.109 cycB=0.130 idtA=0.220 idtB=0.136 D_A=0.072 D_B=0.165 D_A(real)=0.86 D_A(fake)=0.14 gnG=26.90 gnD=18.69 it_per_s=8.17
2026-10-04 13:43:25,779 INFO iter=317400 epoch=46 lr=1.81e-05 G=1.729 advA2B=0.485 advB2A=0.764 cycA=0.109 cycB=0.131 idtA=0.220 idtB=0.138 D_A=0.071 D_B=0.164 D_A(real)=0.86 D_A(fake)=0.14 gnG=26.25 gnD=18.53 it_per_s=8.18
2026-10-04 13:43:38,005 INFO iter=317500 epoch=46 lr=1.80e-05 G=1.731 advA2B=0.482 advB2A=0.769 cycA=0.109 cycB=0.131 idtA=0.219 idtB=0.138 D_A=0.071 D_B=0.166 D_A(real)=0.86 D_A(fake)=0.14 gnG=26.20 gnD=18.58 it_per_s=8.18
2026-10-04 13:43:50,235 INFO iter=317600 epoch=46 lr=1.80e-05 G=1.728 advA2B=0.480 advB2A=0.768 cycA=0.109 cycB=0.131 idtA=0.219 idtB=0.137 D_A=0.071 D_B=0.167 D_A(real)=0.86 D_A(fake)=0.15 gnG=26.14 gnD=18.66 it_per_s=8.18
2026-10-04 13:44:02,405 INFO iter=317700 epoch=46 lr=1.79e-05 G=1.726 advA2B=0.480 advB2A=0.769 cycA=0.108 cycB=0.130 idtA=0.219 idtB=0.137 D_A=0.071 D_B=0.167 D_A(real)=0.86 D_A(fake)=0.14 gnG=26.14 gnD=18.55 it_per_s=8.18
2026-10-04 13:44:14,746 INFO iter=317800 epoch=46 lr=1.78e-05 G=1.727 advA2B=0.478 advB2A=0.773 cycA=0.109 cycB=0.130 idtA=0.219 idtB=0.138 D_A=0.071 D_B=0.168 D_A(real)=0.86 D_A(fake)=0.14 gnG=26.36 gnD=18.69 it_per_s=8.17
2026-10-04 13:44:27,001 INFO iter=317900 epoch=46 lr=1.77e-05 G=1.727 advA2B=0.479 advB2A=0.772 cycA=0.109 cycB=0.129 idtA=0.219 idtB=0.137 D_A=0.071 D_B=0.167 D_A(real)=0.86 D_A(fake)=0.14 gnG=26.48 gnD=18.50 it_per_s=8.17
2026-10-04 13:44:39,233 INFO iter=318000 epoch=46 lr=1.76e-05 G=1.731 advA2B=0.481 advB2A=0.772 cycA=0.109 cycB=0.130 idtA=0.220 idtB=0.137 D_A=0.071 D_B=0.167 D_A(real)=0.86 D_A(fake)=0.14 gnG=26.44 gnD=18.51 it_per_s=8.17
2026-10-04 13:44:51,426 INFO iter=318100 epoch=46 lr=1.75e-05 G=1.730 advA2B=0.483 advB2A=0.772 cycA=0.109 cycB=0.129 idtA=0.220 idtB=0.136 D_A=0.071 D_B=0.166 D_A(real)=0.86 D_A(fake)=0.14 gnG=26.73 gnD=18.40 it_per_s=8.17
2026-10-04 13:45:03,646 INFO iter=318200 epoch=46 lr=1.74e-05 G=1.731 advA2B=0.482 advB2A=0.774 cycA=0.109 cycB=0.129 idtA=0.220 idtB=0.136 D_A=0.071 D_B=0.166 D_A(real)=0.86 D_A(fake)=0.14 gnG=26.83 gnD=18.44 it_per_s=8.17
2026-10-04 13:45:15,840 INFO iter=318300 epoch=46 lr=1.73e-05 G=1.727 advA2B=0.480 advB2A=0.773 cycA=0.109 cycB=0.128 idtA=0.220 idtB=0.136 D_A=0.071 D_B=0.167 D_A(real)=0.86 D_A(fake)=0.14 gnG=26.79 gnD=18.55 it_per_s=8.18
2026-10-04 13:45:28,014 INFO iter=318400 epoch=46 lr=1.73e-05 G=1.723 advA2B=0.478 advB2A=0.770 cycA=0.109 cycB=0.129 idtA=0.220 idtB=0.136 D_A=0.071 D_B=0.167 D_A(real)=0.86 D_A(fake)=0.15 gnG=26.82 gnD=18.59 it_per_s=8.18
2026-10-04 13:45:40,233 INFO iter=318500 epoch=46 lr=1.72e-05 G=1.725 advA2B=0.478 advB2A=0.772 cycA=0.109 cycB=0.129 idtA=0.220 idtB=0.136 D_A=0.071 D_B=0.168 D_A(real)=0.86 D_A(fake)=0.15 gnG=26.72 gnD=18.68 it_per_s=8.18
2026-10-04 13:45:52,441 INFO iter=318600 epoch=46 lr=1.71e-05 G=1.726 advA2B=0.478 advB2A=0.773 cycA=0.109 cycB=0.129 idtA=0.219 idtB=0.136 D_A=0.071 D_B=0.169 D_A(real)=0.86 D_A(fake)=0.15 gnG=26.90 gnD=18.71 it_per_s=8.18
2026-10-04 13:46:04,635 INFO iter=318700 epoch=46 lr=1.70e-05 G=1.724 advA2B=0.477 advB2A=0.773 cycA=0.109 cycB=0.129 idtA=0.219 idtB=0.135 D_A=0.071 D_B=0.170 D_A(real)=0.86 D_A(fake)=0.15 gnG=26.86 gnD=18.75 it_per_s=8.18
2026-10-04 13:46:16,835 INFO iter=318800 epoch=46 lr=1.69e-05 G=1.725 advA2B=0.477 advB2A=0.774 cycA=0.109 cycB=0.128 idtA=0.219 idtB=0.135 D_A=0.071 D_B=0.169 D_A(real)=0.85 D_A(fake)=0.15 gnG=26.90 gnD=18.80 it_per_s=8.18
2026-10-04 13:46:28,991 INFO iter=318900 epoch=46 lr=1.68e-05 G=1.724 advA2B=0.477 advB2A=0.774 cycA=0.109 cycB=0.128 idtA=0.219 idtB=0.135 D_A=0.071 D_B=0.169 D_A(real)=0.86 D_A(fake)=0.15 gnG=26.98 gnD=18.77 it_per_s=8.18
2026-10-04 13:46:41,288 INFO iter=319000 epoch=46 lr=1.67e-05 G=1.722 advA2B=0.476 advB2A=0.772 cycA=0.109 cycB=0.128 idtA=0.219 idtB=0.135 D_A=0.071 D_B=0.169 D_A(real)=0.85 D_A(fake)=0.15 gnG=26.89 gnD=18.74 it_per_s=8.18
2026-10-04 13:46:53,504 INFO iter=319100 epoch=46 lr=1.66e-05 G=1.722 advA2B=0.476 advB2A=0.772 cycA=0.109 cycB=0.128 idtA=0.219 idtB=0.135 D_A=0.071 D_B=0.169 D_A(real)=0.85 D_A(fake)=0.15 gnG=26.89 gnD=18.71 it_per_s=8.18
2026-10-04 13:47:05,737 INFO iter=319200 epoch=46 lr=1.65e-05 G=1.723 advA2B=0.476 advB2A=0.773 cycA=0.108 cycB=0.128 idtA=0.219 idtB=0.135 D_A=0.071 D_B=0.169 D_A(real)=0.85 D_A(fake)=0.15 gnG=26.94 gnD=18.73 it_per_s=8.18
2026-10-04 13:47:17,968 INFO iter=319300 epoch=46 lr=1.65e-05 G=1.723 advA2B=0.476 advB2A=0.773 cycA=0.108 cycB=0.128 idtA=0.219 idtB=0.135 D_A=0.071 D_B=0.169 D_A(real)=0.85 D_A(fake)=0.15 gnG=26.85 gnD=18.67 it_per_s=8.18
2026-10-04 13:47:30,163 INFO iter=319400 epoch=46 lr=1.64e-05 G=1.724 advA2B=0.476 advB2A=0.774 cycA=0.109 cycB=0.128 idtA=0.220 idtB=0.135 D_A=0.071 D_B=0.168 D_A(real)=0.86 D_A(fake)=0.15 gnG=26.79 gnD=18.73 it_per_s=8.18
2026-10-04 13:47:42,379 INFO iter=319500 epoch=46 lr=1.63e-05 G=1.725 advA2B=0.477 advB2A=0.774 cycA=0.109 cycB=0.128 idtA=0.220 idtB=0.136 D_A=0.071 D_B=0.168 D_A(real)=0.86 D_A(fake)=0.14 gnG=26.82 gnD=18.70 it_per_s=8.18
2026-10-04 13:47:54,640 INFO iter=319600 epoch=46 lr=1.62e-05 G=1.724 advA2B=0.476 advB2A=0.774 cycA=0.109 cycB=0.129 idtA=0.220 idtB=0.136 D_A=0.071 D_B=0.168 D_A(real)=0.86 D_A(fake)=0.14 gnG=26.72 gnD=18.65 it_per_s=8.18
2026-10-04 13:48:06,883 INFO iter=319700 epoch=46 lr=1.61e-05 G=1.725 advA2B=0.476 advB2A=0.774 cycA=0.109 cycB=0.129 idtA=0.221 idtB=0.136 D_A=0.071 D_B=0.168 D_A(real)=0.86 D_A(fake)=0.14 gnG=26.76 gnD=18.59 it_per_s=8.18
2026-10-04 13:48:19,131 INFO iter=319800 epoch=46 lr=1.60e-05 G=1.726 advA2B=0.476 advB2A=0.774 cycA=0.109 cycB=0.129 idtA=0.221 idtB=0.136 D_A=0.071 D_B=0.168 D_A(real)=0.86 D_A(fake)=0.14 gnG=26.71 gnD=18.59 it_per_s=8.18
2026-10-04 13:48:31,362 INFO iter=319900 epoch=46 lr=1.59e-05 G=1.724 advA2B=0.476 advB2A=0.773 cycA=0.109 cycB=0.129 idtA=0.221 idtB=0.136 D_A=0.071 D_B=0.168 D_A(real)=0.86 D_A(fake)=0.14 gnG=26.63 gnD=18.67 it_per_s=8.18
2026-10-04 13:48:43,532 INFO iter=320000 epoch=46 lr=1.58e-05 G=1.724 advA2B=0.476 advB2A=0.773 cycA=0.109 cycB=0.129 idtA=0.222 idtB=0.136 D_A=0.071 D_B=0.168 D_A(real)=0.86 D_A(fake)=0.14 gnG=26.64 gnD=18.70 it_per_s=8.18
2026-10-04 13:48:55,734 INFO iter=320100 epoch=46 lr=1.57e-05 G=1.724 advA2B=0.476 advB2A=0.773 cycA=0.109 cycB=0.128 idtA=0.222 idtB=0.136 D_A=0.071 D_B=0.168 D_A(real)=0.86 D_A(fake)=0.14 gnG=26.69 gnD=18.65 it_per_s=8.18
2026-10-04 13:49:08,023 INFO iter=320200 epoch=46 lr=1.57e-05 G=1.724 advA2B=0.476 advB2A=0.773 cycA=0.109 cycB=0.129 idtA=0.222 idtB=0.136 D_A=0.071 D_B=0.168 D_A(real)=0.86 D_A(fake)=0.14 gnG=26.71 gnD=18.63 it_per_s=8.18
2026-10-04 13:49:20,255 INFO iter=320300 epoch=46 lr=1.56e-05 G=1.723 advA2B=0.477 advB2A=0.772 cycA=0.109 cycB=0.128 idtA=0.222 idtB=0.136 D_A=0.071 D_B=0.168 D_A(real)=0.86 D_A(fake)=0.14 gnG=26.78 gnD=18.64 it_per_s=8.18
2026-10-04 13:49:32,520 INFO iter=320400 epoch=46 lr=1.55e-05 G=1.724 advA2B=0.477 advB2A=0.772 cycA=0.109 cycB=0.128 idtA=0.222 idtB=0.136 D_A=0.070 D_B=0.168 D_A(real)=0.86 D_A(fake)=0.14 gnG=26.79 gnD=18.65 it_per_s=8.18
2026-10-04 13:49:44,731 INFO iter=320500 epoch=46 lr=1.54e-05 G=1.725 advA2B=0.477 advB2A=0.773 cycA=0.109 cycB=0.128 idtA=0.222 idtB=0.136 D_A=0.070 D_B=0.168 D_A(real)=0.86 D_A(fake)=0.14 gnG=26.83 gnD=18.67 it_per_s=8.18
2026-10-04 13:49:56,955 INFO iter=320600 epoch=46 lr=1.53e-05 G=1.723 advA2B=0.476 advB2A=0.773 cycA=0.109 cycB=0.128 idtA=0.222 idtB=0.136 D_A=0.070 D_B=0.168 D_A(real)=0.86 D_A(fake)=0.14 gnG=26.81 gnD=18.71 it_per_s=8.18
2026-10-04 13:50:09,244 INFO iter=320700 epoch=46 lr=1.52e-05 G=1.723 advA2B=0.476 advB2A=0.773 cycA=0.109 cycB=0.129 idtA=0.221 idtB=0.136 D_A=0.070 D_B=0.169 D_A(real)=0.86 D_A(fake)=0.14 gnG=26.83 gnD=18.72 it_per_s=8.18
2026-10-04 13:50:21,471 INFO iter=320800 epoch=46 lr=1.51e-05 G=1.724 advA2B=0.476 advB2A=0.773 cycA=0.109 cycB=0.128 idtA=0.221 idtB=0.136 D_A=0.070 D_B=0.168 D_A(real)=0.86 D_A(fake)=0.14 gnG=26.86 gnD=18.71 it_per_s=8.18
2026-10-04 13:50:33,615 INFO iter=320900 epoch=46 lr=1.50e-05 G=1.723 advA2B=0.477 advB2A=0.773 cycA=0.109 cycB=0.128 idtA=0.221 idtB=0.136 D_A=0.070 D_B=0.168 D_A(real)=0.86 D_A(fake)=0.14 gnG=26.83 gnD=18.67 it_per_s=8.18
2026-10-04 13:50:45,836 INFO iter=321000 epoch=46 lr=1.49e-05 G=1.724 advA2B=0.477 advB2A=0.773 cycA=0.109 cycB=0.128 idtA=0.221 idtB=0.136 D_A=0.070 D_B=0.169 D_A(real)=0.86 D_A(fake)=0.14 gnG=26.81 gnD=18.65 it_per_s=8.18
2026-10-04 13:50:58,113 INFO iter=321100 epoch=46 lr=1.49e-05 G=1.724 advA2B=0.477 advB2A=0.773 cycA=0.109 cycB=0.128 idtA=0.221 idtB=0.136 D_A=0.070 D_B=0.169 D_A(real)=0.86 D_A(fake)=0.14 gnG=26.80 gnD=18.65 it_per_s=8.18
2026-10-04 13:51:10,292 INFO iter=321200 epoch=46 lr=1.48e-05 G=1.725 advA2B=0.477 advB2A=0.773 cycA=0.109 cycB=0.128 idtA=0.221 idtB=0.136 D_A=0.070 D_B=0.169 D_A(real)=0.86 D_A(fake)=0.14 gnG=26.80 gnD=18.62 it_per_s=8.18
2026-10-04 13:51:22,447 INFO iter=321300 epoch=46 lr=1.47e-05 G=1.724 advA2B=0.476 advB2A=0.773 cycA=0.109 cycB=0.128 idtA=0.221 idtB=0.136 D_A=0.070 D_B=0.169 D_A(real)=0.86 D_A(fake)=0.14 gnG=26.76 gnD=18.64 it_per_s=8.18
2026-10-04 13:51:34,736 INFO iter=321400 epoch=46 lr=1.46e-05 G=1.724 advA2B=0.477 advB2A=0.772 cycA=0.109 cycB=0.128 idtA=0.221 idtB=0.136 D_A=0.070 D_B=0.168 D_A(real)=0.86 D_A(fake)=0.14 gnG=26.78 gnD=18.64 it_per_s=8.18
2026-10-04 13:51:46,962 INFO iter=321500 epoch=46 lr=1.45e-05 G=1.724 advA2B=0.477 advB2A=0.773 cycA=0.109 cycB=0.128 idtA=0.221 idtB=0.136 D_A=0.070 D_B=0.168 D_A(real)=0.86 D_A(fake)=0.14 gnG=26.78 gnD=18.66 it_per_s=8.18
2026-10-04 13:51:59,158 INFO iter=321600 epoch=46 lr=1.44e-05 G=1.724 advA2B=0.477 advB2A=0.773 cycA=0.109 cycB=0.128 idtA=0.221 idtB=0.136 D_A=0.070 D_B=0.169 D_A(real)=0.86 D_A(fake)=0.14 gnG=26.77 gnD=18.66 it_per_s=8.18
2026-10-04 13:52:11,364 INFO iter=321700 epoch=46 lr=1.43e-05 G=1.724 advA2B=0.477 advB2A=0.773 cycA=0.109 cycB=0.128 idtA=0.221 idtB=0.136 D_A=0.070 D_B=0.169 D_A(real)=0.86 D_A(fake)=0.14 gnG=26.78 gnD=18.70 it_per_s=8.18
2026-10-04 13:52:23,534 INFO iter=321800 epoch=46 lr=1.42e-05 G=1.722 advA2B=0.476 advB2A=0.773 cycA=0.109 cycB=0.128 idtA=0.221 idtB=0.136 D_A=0.070 D_B=0.169 D_A(real)=0.86 D_A(fake)=0.14 gnG=26.77 gnD=18.72 it_per_s=8.18
2026-10-04 13:52:35,785 INFO iter=321900 epoch=46 lr=1.41e-05 G=1.722 advA2B=0.476 advB2A=0.773 cycA=0.109 cycB=0.128 idtA=0.221 idtB=0.136 D_A=0.070 D_B=0.169 D_A(real)=0.86 D_A(fake)=0.14 gnG=26.81 gnD=18.75 it_per_s=8.18
2026-10-04 13:52:47,963 INFO iter=322000 epoch=46 lr=1.41e-05 G=1.722 advA2B=0.476 advB2A=0.772 cycA=0.108 cycB=0.128 idtA=0.221 idtB=0.136 D_A=0.070 D_B=0.169 D_A(real)=0.86 D_A(fake)=0.14 gnG=26.88 gnD=18.74 it_per_s=8.18
2026-10-04 13:53:00,202 INFO iter=322100 epoch=46 lr=1.40e-05 G=1.722 advA2B=0.476 advB2A=0.773 cycA=0.108 cycB=0.128 idtA=0.221 idtB=0.136 D_A=0.070 D_B=0.169 D_A(real)=0.86 D_A(fake)=0.14 gnG=26.87 gnD=18.72 it_per_s=8.18
2026-10-04 13:53:12,419 INFO iter=322200 epoch=46 lr=1.39e-05 G=1.721 advA2B=0.476 advB2A=0.773 cycA=0.108 cycB=0.128 idtA=0.221 idtB=0.135 D_A=0.070 D_B=0.169 D_A(real)=0.86 D_A(fake)=0.14 gnG=26.92 gnD=18.73 it_per_s=8.18
2026-10-04 13:53:24,618 INFO iter=322300 epoch=46 lr=1.38e-05 G=1.722 advA2B=0.476 advB2A=0.773 cycA=0.108 cycB=0.128 idtA=0.221 idtB=0.135 D_A=0.070 D_B=0.168 D_A(real)=0.86 D_A(fake)=0.14 gnG=26.94 gnD=18.75 it_per_s=8.18
2026-10-04 13:53:36,865 INFO iter=322400 epoch=46 lr=1.37e-05 G=1.722 advA2B=0.476 advB2A=0.774 cycA=0.108 cycB=0.128 idtA=0.221 idtB=0.135 D_A=0.070 D_B=0.168 D_A(real)=0.86 D_A(fake)=0.14 gnG=26.91 gnD=18.74 it_per_s=8.18
2026-10-04 13:53:49,122 INFO iter=322500 epoch=46 lr=1.36e-05 G=1.722 advA2B=0.476 advB2A=0.774 cycA=0.109 cycB=0.128 idtA=0.221 idtB=0.135 D_A=0.070 D_B=0.168 D_A(real)=0.86 D_A(fake)=0.14 gnG=26.93 gnD=18.75 it_per_s=8.18
2026-10-04 13:54:01,300 INFO iter=322600 epoch=46 lr=1.35e-05 G=1.722 advA2B=0.475 advB2A=0.774 cycA=0.108 cycB=0.128 idtA=0.221 idtB=0.135 D_A=0.070 D_B=0.168 D_A(real)=0.86 D_A(fake)=0.14 gnG=26.94 gnD=18.76 it_per_s=8.18
2026-10-04 13:54:13,484 INFO iter=322700 epoch=46 lr=1.34e-05 G=1.722 advA2B=0.476 advB2A=0.774 cycA=0.109 cycB=0.128 idtA=0.221 idtB=0.135 D_A=0.070 D_B=0.168 D_A(real)=0.86 D_A(fake)=0.14 gnG=26.93 gnD=18.81 it_per_s=8.18
2026-10-04 13:54:25,701 INFO iter=322800 epoch=46 lr=1.33e-05 G=1.722 advA2B=0.476 advB2A=0.774 cycA=0.109 cycB=0.128 idtA=0.221 idtB=0.136 D_A=0.070 D_B=0.169 D_A(real)=0.86 D_A(fake)=0.14 gnG=26.89 gnD=18.86 it_per_s=8.18
2026-10-04 13:54:37,972 INFO iter=322900 epoch=46 lr=1.33e-05 G=1.723 advA2B=0.475 advB2A=0.775 cycA=0.108 cycB=0.128 idtA=0.221 idtB=0.136 D_A=0.070 D_B=0.169 D_A(real)=0.86 D_A(fake)=0.14 gnG=26.92 gnD=18.87 it_per_s=8.18
2026-10-04 13:54:50,192 INFO iter=323000 epoch=46 lr=1.32e-05 G=1.723 advA2B=0.475 advB2A=0.775 cycA=0.108 cycB=0.128 idtA=0.221 idtB=0.136 D_A=0.070 D_B=0.169 D_A(real)=0.86 D_A(fake)=0.14 gnG=26.95 gnD=18.87 it_per_s=8.18
2026-10-04 13:55:02,480 INFO iter=323100 epoch=46 lr=1.31e-05 G=1.723 advA2B=0.475 advB2A=0.775 cycA=0.109 cycB=0.128 idtA=0.221 idtB=0.136 D_A=0.070 D_B=0.169 D_A(real)=0.86 D_A(fake)=0.14 gnG=26.95 gnD=18.91 it_per_s=8.18
2026-10-04 13:55:14,639 INFO iter=323200 epoch=46 lr=1.30e-05 G=1.723 advA2B=0.475 advB2A=0.775 cycA=0.109 cycB=0.128 idtA=0.221 idtB=0.136 D_A=0.070 D_B=0.169 D_A(real)=0.86 D_A(fake)=0.14 gnG=26.97 gnD=18.92 it_per_s=8.18
2026-10-04 13:55:26,849 INFO iter=323300 epoch=46 lr=1.29e-05 G=1.723 advA2B=0.475 advB2A=0.775 cycA=0.109 cycB=0.128 idtA=0.221 idtB=0.136 D_A=0.070 D_B=0.169 D_A(real)=0.86 D_A(fake)=0.14 gnG=26.96 gnD=18.96 it_per_s=8.18
2026-10-04 13:55:39,079 INFO iter=323400 epoch=46 lr=1.28e-05 G=1.724 advA2B=0.476 advB2A=0.775 cycA=0.109 cycB=0.128 idtA=0.222 idtB=0.136 D_A=0.070 D_B=0.169 D_A(real)=0.86 D_A(fake)=0.14 gnG=26.94 gnD=18.94 it_per_s=8.18
2026-10-04 13:55:51,245 INFO iter=323500 epoch=46 lr=1.27e-05 G=1.724 advA2B=0.476 advB2A=0.775 cycA=0.109 cycB=0.128 idtA=0.222 idtB=0.136 D_A=0.070 D_B=0.169 D_A(real)=0.86 D_A(fake)=0.14 gnG=26.94 gnD=18.94 it_per_s=8.18
2026-10-04 13:56:03,461 INFO iter=323600 epoch=46 lr=1.26e-05 G=1.724 advA2B=0.476 advB2A=0.775 cycA=0.109 cycB=0.128 idtA=0.222 idtB=0.136 D_A=0.070 D_B=0.169 D_A(real)=0.86 D_A(fake)=0.14 gnG=26.92 gnD=18.98 it_per_s=8.18
2026-10-04 13:56:15,609 INFO iter=323700 epoch=46 lr=1.25e-05 G=1.724 advA2B=0.476 advB2A=0.775 cycA=0.109 cycB=0.128 idtA=0.221 idtB=0.136 D_A=0.070 D_B=0.169 D_A(real)=0.86 D_A(fake)=0.14 gnG=26.91 gnD=18.99 it_per_s=8.18
2026-10-04 13:56:21,465 INFO epoch=46 done time_s=860 it_per_s=8.18 G=1.724 cycA=0.109 cycB=0.128 idtA=0.221 idtB=0.136 D_A=0.070 D_B=0.169 D_A(real)=0.86 D_A(fake)=0.14 nan_count=0
2026-10-04 13:56:28,722 INFO iter=323800 epoch=47 lr=1.25e-05 G=1.758 advA2B=0.480 advB2A=0.780 cycA=0.112 cycB=0.138 idtA=0.223 idtB=0.157 D_A=0.069 D_B=0.170 D_A(real)=0.86 D_A(fake)=0.15 gnG=26.44 gnD=21.26 it_per_s=8.14
2026-10-04 13:56:41,313 INFO iter=323900 epoch=47 lr=1.24e-05 G=1.797 advA2B=0.513 advB2A=0.791 cycA=0.113 cycB=0.133 idtA=0.225 idtB=0.151 D_A=0.068 D_B=0.159 D_A(real)=0.86 D_A(fake)=0.13 gnG=26.68 gnD=20.65 it_per_s=8.01
2026-10-04 13:56:53,559 INFO iter=324000 epoch=47 lr=1.23e-05 G=1.761 advA2B=0.495 advB2A=0.779 cycA=0.112 cycB=0.131 idtA=0.225 idtB=0.143 D_A=0.068 D_B=0.162 D_A(real)=0.86 D_A(fake)=0.14 gnG=26.63 gnD=20.49 it_per_s=8.07
2026-10-04 13:57:05,803 INFO iter=324100 epoch=47 lr=1.22e-05 G=1.743 advA2B=0.486 advB2A=0.775 cycA=0.110 cycB=0.131 idtA=0.225 idtB=0.141 D_A=0.068 D_B=0.161 D_A(real)=0.86 D_A(fake)=0.14 gnG=26.68 gnD=19.93 it_per_s=8.10
2026-10-04 13:57:17,980 INFO iter=324200 epoch=47 lr=1.21e-05 G=1.733 advA2B=0.481 advB2A=0.771 cycA=0.109 cycB=0.131 idtA=0.224 idtB=0.140 D_A=0.069 D_B=0.163 D_A(real)=0.86 D_A(fake)=0.14 gnG=26.55 gnD=19.97 it_per_s=8.12
2026-10-04 13:57:30,268 INFO iter=324300 epoch=47 lr=1.20e-05 G=1.728 advA2B=0.477 advB2A=0.769 cycA=0.110 cycB=0.132 idtA=0.226 idtB=0.140 D_A=0.069 D_B=0.163 D_A(real)=0.86 D_A(fake)=0.14 gnG=26.67 gnD=19.78 it_per_s=8.13
2026-10-04 13:57:42,490 INFO iter=324400 epoch=47 lr=1.19e-05 G=1.725 advA2B=0.477 advB2A=0.769 cycA=0.109 cycB=0.131 idtA=0.225 idtB=0.140 D_A=0.069 D_B=0.164 D_A(real)=0.86 D_A(fake)=0.14 gnG=26.88 gnD=19.80 it_per_s=8.13
2026-10-04 13:57:54,700 INFO iter=324500 epoch=47 lr=1.18e-05 G=1.723 advA2B=0.476 advB2A=0.767 cycA=0.109 cycB=0.131 idtA=0.225 idtB=0.140 D_A=0.070 D_B=0.165 D_A(real)=0.86 D_A(fake)=0.14 gnG=26.83 gnD=19.78 it_per_s=8.14
2026-10-04 13:58:06,894 INFO iter=324600 epoch=47 lr=1.17e-05 G=1.722 advA2B=0.471 advB2A=0.770 cycA=0.109 cycB=0.131 idtA=0.225 idtB=0.141 D_A=0.070 D_B=0.167 D_A(real)=0.86 D_A(fake)=0.14 gnG=26.84 gnD=20.05 it_per_s=8.15
2026-10-04 13:58:19,110 INFO iter=324700 epoch=47 lr=1.17e-05 G=1.723 advA2B=0.470 advB2A=0.772 cycA=0.109 cycB=0.131 idtA=0.224 idtB=0.142 D_A=0.069 D_B=0.167 D_A(real)=0.86 D_A(fake)=0.14 gnG=26.78 gnD=20.01 it_per_s=8.15
2026-10-04 13:58:31,359 INFO iter=324800 epoch=47 lr=1.16e-05 G=1.720 advA2B=0.470 advB2A=0.770 cycA=0.109 cycB=0.131 idtA=0.225 idtB=0.142 D_A=0.069 D_B=0.167 D_A(real)=0.86 D_A(fake)=0.14 gnG=26.87 gnD=19.90 it_per_s=8.15
2026-10-04 13:58:43,722 INFO iter=324900 epoch=47 lr=1.15e-05 G=1.720 advA2B=0.469 advB2A=0.774 cycA=0.109 cycB=0.130 idtA=0.224 idtB=0.141 D_A=0.069 D_B=0.168 D_A(real)=0.86 D_A(fake)=0.14 gnG=26.92 gnD=19.91 it_per_s=8.15
2026-10-04 13:58:55,975 INFO iter=325000 epoch=47 lr=1.14e-05 G=1.721 advA2B=0.472 advB2A=0.773 cycA=0.109 cycB=0.129 idtA=0.224 idtB=0.140 D_A=0.069 D_B=0.168 D_A(real)=0.86 D_A(fake)=0.14 gnG=26.97 gnD=19.92 it_per_s=8.15
2026-10-04 13:59:08,202 INFO iter=325100 epoch=47 lr=1.13e-05 G=1.722 advA2B=0.473 advB2A=0.772 cycA=0.109 cycB=0.129 idtA=0.224 idtB=0.140 D_A=0.069 D_B=0.168 D_A(real)=0.86 D_A(fake)=0.14 gnG=26.89 gnD=19.86 it_per_s=8.15
2026-10-04 13:59:20,413 INFO iter=325200 epoch=47 lr=1.12e-05 G=1.720 advA2B=0.472 advB2A=0.771 cycA=0.109 cycB=0.129 idtA=0.224 idtB=0.140 D_A=0.069 D_B=0.168 D_A(real)=0.86 D_A(fake)=0.14 gnG=26.83 gnD=19.92 it_per_s=8.15
2026-10-04 13:59:32,661 INFO iter=325300 epoch=47 lr=1.11e-05 G=1.724 advA2B=0.475 advB2A=0.772 cycA=0.109 cycB=0.129 idtA=0.224 idtB=0.139 D_A=0.068 D_B=0.169 D_A(real)=0.86 D_A(fake)=0.14 gnG=27.12 gnD=19.77 it_per_s=8.15
2026-10-04 13:59:44,883 INFO iter=325400 epoch=47 lr=1.10e-05 G=1.727 advA2B=0.475 advB2A=0.775 cycA=0.109 cycB=0.129 idtA=0.224 idtB=0.140 D_A=0.068 D_B=0.169 D_A(real)=0.86 D_A(fake)=0.14 gnG=27.03 gnD=19.74 it_per_s=8.16
2026-10-04 13:59:57,097 INFO iter=325500 epoch=47 lr=1.09e-05 G=1.728 advA2B=0.475 advB2A=0.775 cycA=0.109 cycB=0.129 idtA=0.223 idtB=0.140 D_A=0.068 D_B=0.168 D_A(real)=0.86 D_A(fake)=0.14 gnG=27.10 gnD=19.54 it_per_s=8.16
2026-10-04 14:00:09,259 INFO iter=325600 epoch=47 lr=1.09e-05 G=1.729 advA2B=0.477 advB2A=0.777 cycA=0.109 cycB=0.129 idtA=0.223 idtB=0.140 D_A=0.068 D_B=0.168 D_A(real)=0.86 D_A(fake)=0.14 gnG=27.29 gnD=19.62 it_per_s=8.16
2026-10-04 14:00:21,423 INFO iter=325700 epoch=47 lr=1.08e-05 G=1.730 advA2B=0.476 advB2A=0.778 cycA=0.109 cycB=0.129 idtA=0.223 idtB=0.139 D_A=0.069 D_B=0.168 D_A(real)=0.86 D_A(fake)=0.14 gnG=27.41 gnD=19.62 it_per_s=8.16
2026-10-04 14:00:33,596 INFO iter=325800 epoch=47 lr=1.07e-05 G=1.730 advA2B=0.478 advB2A=0.777 cycA=0.109 cycB=0.129 idtA=0.223 idtB=0.139 D_A=0.069 D_B=0.168 D_A(real)=0.86 D_A(fake)=0.14 gnG=27.36 gnD=19.64 it_per_s=8.17
2026-10-04 14:00:45,811 INFO iter=325900 epoch=47 lr=1.06e-05 G=1.731 advA2B=0.477 advB2A=0.779 cycA=0.109 cycB=0.129 idtA=0.223 idtB=0.139 D_A=0.069 D_B=0.168 D_A(real)=0.86 D_A(fake)=0.14 gnG=27.32 gnD=19.59 it_per_s=8.17
2026-10-04 14:00:57,984 INFO iter=326000 epoch=47 lr=1.05e-05 G=1.731 advA2B=0.477 advB2A=0.779 cycA=0.109 cycB=0.129 idtA=0.223 idtB=0.139 D_A=0.069 D_B=0.168 D_A(real)=0.86 D_A(fake)=0.14 gnG=27.29 gnD=19.59 it_per_s=8.17
2026-10-04 14:01:10,210 INFO iter=326100 epoch=47 lr=1.04e-05 G=1.731 advA2B=0.476 advB2A=0.780 cycA=0.109 cycB=0.129 idtA=0.224 idtB=0.139 D_A=0.069 D_B=0.168 D_A(real)=0.86 D_A(fake)=0.14 gnG=27.18 gnD=19.61 it_per_s=8.17
2026-10-04 14:01:22,428 INFO iter=326200 epoch=47 lr=1.03e-05 G=1.729 advA2B=0.475 advB2A=0.779 cycA=0.109 cycB=0.129 idtA=0.224 idtB=0.139 D_A=0.068 D_B=0.168 D_A(real)=0.86 D_A(fake)=0.14 gnG=27.08 gnD=19.57 it_per_s=8.17
2026-10-04 14:01:34,617 INFO iter=326300 epoch=47 lr=1.02e-05 G=1.731 advA2B=0.476 advB2A=0.780 cycA=0.109 cycB=0.128 idtA=0.224 idtB=0.138 D_A=0.068 D_B=0.168 D_A(real)=0.86 D_A(fake)=0.14 gnG=27.08 gnD=19.55 it_per_s=8.17
2026-10-04 14:01:46,789 INFO iter=326400 epoch=47 lr=1.01e-05 G=1.733 advA2B=0.476 advB2A=0.782 cycA=0.109 cycB=0.128 idtA=0.224 idtB=0.138 D_A=0.068 D_B=0.167 D_A(real)=0.86 D_A(fake)=0.14 gnG=27.03 gnD=19.51 it_per_s=8.17
2026-10-04 14:01:58,962 INFO iter=326500 epoch=47 lr=1.01e-05 G=1.733 advA2B=0.477 advB2A=0.782 cycA=0.109 cycB=0.128 idtA=0.224 idtB=0.138 D_A=0.068 D_B=0.167 D_A(real)=0.86 D_A(fake)=0.14 gnG=26.97 gnD=19.59 it_per_s=8.18
2026-10-04 14:02:11,155 INFO iter=326600 epoch=47 lr=9.97e-06 G=1.732 advA2B=0.478 advB2A=0.780 cycA=0.109 cycB=0.128 idtA=0.224 idtB=0.138 D_A=0.068 D_B=0.167 D_A(real)=0.86 D_A(fake)=0.14 gnG=27.04 gnD=19.56 it_per_s=8.18
2026-10-04 14:02:23,315 INFO iter=326700 epoch=47 lr=9.88e-06 G=1.731 advA2B=0.477 advB2A=0.780 cycA=0.109 cycB=0.128 idtA=0.224 idtB=0.138 D_A=0.068 D_B=0.167 D_A(real)=0.86 D_A(fake)=0.14 gnG=27.01 gnD=19.66 it_per_s=8.18
2026-10-04 14:02:35,502 INFO iter=326800 epoch=47 lr=9.79e-06 G=1.729 advA2B=0.476 advB2A=0.779 cycA=0.109 cycB=0.128 idtA=0.224 idtB=0.138 D_A=0.068 D_B=0.168 D_A(real)=0.86 D_A(fake)=0.14 gnG=26.97 gnD=19.85 it_per_s=8.18
2026-10-04 14:02:47,671 INFO iter=326900 epoch=47 lr=9.70e-06 G=1.729 advA2B=0.476 advB2A=0.779 cycA=0.109 cycB=0.128 idtA=0.224 idtB=0.138 D_A=0.068 D_B=0.167 D_A(real)=0.86 D_A(fake)=0.14 gnG=26.98 gnD=19.80 it_per_s=8.18
2026-10-04 14:02:59,855 INFO iter=327000 epoch=47 lr=9.61e-06 G=1.730 advA2B=0.476 advB2A=0.780 cycA=0.109 cycB=0.128 idtA=0.224 idtB=0.138 D_A=0.068 D_B=0.168 D_A(real)=0.86 D_A(fake)=0.14 gnG=27.07 gnD=19.82 it_per_s=8.18
2026-10-04 14:03:12,061 INFO iter=327100 epoch=47 lr=9.52e-06 G=1.731 advA2B=0.476 advB2A=0.781 cycA=0.109 cycB=0.128 idtA=0.224 idtB=0.138 D_A=0.068 D_B=0.168 D_A(real)=0.86 D_A(fake)=0.14 gnG=27.18 gnD=19.85 it_per_s=8.18
2026-10-04 14:03:24,298 INFO iter=327200 epoch=47 lr=9.44e-06 G=1.731 advA2B=0.477 advB2A=0.781 cycA=0.109 cycB=0.128 idtA=0.223 idtB=0.138 D_A=0.068 D_B=0.167 D_A(real)=0.86 D_A(fake)=0.14 gnG=27.21 gnD=19.77 it_per_s=8.18
2026-10-04 14:03:36,501 INFO iter=327300 epoch=47 lr=9.35e-06 G=1.732 advA2B=0.478 advB2A=0.781 cycA=0.109 cycB=0.128 idtA=0.223 idtB=0.138 D_A=0.068 D_B=0.167 D_A(real)=0.86 D_A(fake)=0.14 gnG=27.30 gnD=19.78 it_per_s=8.18
2026-10-04 14:03:48,802 INFO iter=327400 epoch=47 lr=9.26e-06 G=1.732 advA2B=0.479 advB2A=0.781 cycA=0.109 cycB=0.128 idtA=0.223 idtB=0.138 D_A=0.068 D_B=0.167 D_A(real)=0.86 D_A(fake)=0.14 gnG=27.31 gnD=19.74 it_per_s=8.18
2026-10-04 14:04:00,887 INFO iter=327500 epoch=47 lr=9.17e-06 G=1.733 advA2B=0.479 advB2A=0.781 cycA=0.109 cycB=0.128 idtA=0.223 idtB=0.138 D_A=0.068 D_B=0.167 D_A(real)=0.86 D_A(fake)=0.14 gnG=27.41 gnD=19.70 it_per_s=8.18
2026-10-04 14:04:13,049 INFO iter=327600 epoch=47 lr=9.08e-06 G=1.733 advA2B=0.479 advB2A=0.781 cycA=0.109 cycB=0.128 idtA=0.223 idtB=0.138 D_A=0.068 D_B=0.167 D_A(real)=0.86 D_A(fake)=0.14 gnG=27.38 gnD=19.66 it_per_s=8.18
2026-10-04 14:04:25,298 INFO iter=327700 epoch=47 lr=8.99e-06 G=1.733 advA2B=0.479 advB2A=0.781 cycA=0.109 cycB=0.128 idtA=0.223 idtB=0.138 D_A=0.068 D_B=0.167 D_A(real)=0.86 D_A(fake)=0.14 gnG=27.39 gnD=19.64 it_per_s=8.18
2026-10-04 14:04:37,463 INFO iter=327800 epoch=47 lr=8.90e-06 G=1.733 advA2B=0.479 advB2A=0.781 cycA=0.109 cycB=0.128 idtA=0.223 idtB=0.138 D_A=0.069 D_B=0.167 D_A(real)=0.86 D_A(fake)=0.14 gnG=27.46 gnD=19.71 it_per_s=8.18
2026-10-04 14:04:49,696 INFO iter=327900 epoch=47 lr=8.81e-06 G=1.732 advA2B=0.478 advB2A=0.781 cycA=0.109 cycB=0.128 idtA=0.223 idtB=0.138 D_A=0.068 D_B=0.167 D_A(real)=0.86 D_A(fake)=0.14 gnG=27.49 gnD=19.72 it_per_s=8.18
2026-10-04 14:05:01,888 INFO iter=328000 epoch=47 lr=8.72e-06 G=1.731 advA2B=0.477 advB2A=0.781 cycA=0.109 cycB=0.128 idtA=0.223 idtB=0.138 D_A=0.069 D_B=0.167 D_A(real)=0.86 D_A(fake)=0.14 gnG=27.46 gnD=19.75 it_per_s=8.18
2026-10-04 14:05:14,086 INFO iter=328100 epoch=47 lr=8.64e-06 G=1.731 advA2B=0.478 advB2A=0.781 cycA=0.109 cycB=0.128 idtA=0.223 idtB=0.138 D_A=0.069 D_B=0.167 D_A(real)=0.86 D_A(fake)=0.14 gnG=27.45 gnD=19.74 it_per_s=8.18
2026-10-04 14:05:26,284 INFO iter=328200 epoch=47 lr=8.55e-06 G=1.732 advA2B=0.478 advB2A=0.781 cycA=0.109 cycB=0.128 idtA=0.223 idtB=0.138 D_A=0.069 D_B=0.167 D_A(real)=0.86 D_A(fake)=0.14 gnG=27.45 gnD=19.77 it_per_s=8.18
2026-10-04 14:05:38,481 INFO iter=328300 epoch=47 lr=8.46e-06 G=1.732 advA2B=0.478 advB2A=0.781 cycA=0.109 cycB=0.127 idtA=0.224 idtB=0.137 D_A=0.069 D_B=0.167 D_A(real)=0.86 D_A(fake)=0.14 gnG=27.37 gnD=19.81 it_per_s=8.18
2026-10-04 14:05:50,633 INFO iter=328400 epoch=47 lr=8.37e-06 G=1.732 advA2B=0.478 advB2A=0.781 cycA=0.109 cycB=0.127 idtA=0.224 idtB=0.137 D_A=0.069 D_B=0.167 D_A(real)=0.86 D_A(fake)=0.14 gnG=27.35 gnD=19.83 it_per_s=8.19
2026-10-04 14:06:02,851 INFO iter=328500 epoch=47 lr=8.28e-06 G=1.732 advA2B=0.478 advB2A=0.781 cycA=0.109 cycB=0.128 idtA=0.223 idtB=0.138 D_A=0.069 D_B=0.167 D_A(real)=0.86 D_A(fake)=0.14 gnG=27.40 gnD=19.87 it_per_s=8.19
2026-10-04 14:06:15,080 INFO iter=328600 epoch=47 lr=8.19e-06 G=1.732 advA2B=0.479 advB2A=0.780 cycA=0.109 cycB=0.128 idtA=0.224 idtB=0.138 D_A=0.069 D_B=0.167 D_A(real)=0.86 D_A(fake)=0.14 gnG=27.35 gnD=19.84 it_per_s=8.19
2026-10-04 14:06:27,245 INFO iter=328700 epoch=47 lr=8.10e-06 G=1.732 advA2B=0.479 advB2A=0.780 cycA=0.109 cycB=0.128 idtA=0.224 idtB=0.138 D_A=0.069 D_B=0.167 D_A(real)=0.86 D_A(fake)=0.14 gnG=27.40 gnD=19.88 it_per_s=8.19
2026-10-04 14:06:39,378 INFO iter=328800 epoch=47 lr=8.01e-06 G=1.732 advA2B=0.479 advB2A=0.780 cycA=0.109 cycB=0.128 idtA=0.224 idtB=0.138 D_A=0.069 D_B=0.167 D_A(real)=0.86 D_A(fake)=0.14 gnG=27.43 gnD=19.89 it_per_s=8.19
2026-10-04 14:06:51,528 INFO iter=328900 epoch=47 lr=7.93e-06 G=1.733 advA2B=0.479 advB2A=0.781 cycA=0.109 cycB=0.127 idtA=0.224 idtB=0.138 D_A=0.069 D_B=0.167 D_A(real)=0.86 D_A(fake)=0.14 gnG=27.47 gnD=19.87 it_per_s=8.19
2026-10-04 14:07:03,739 INFO iter=329000 epoch=47 lr=7.84e-06 G=1.733 advA2B=0.480 advB2A=0.780 cycA=0.109 cycB=0.127 idtA=0.223 idtB=0.138 D_A=0.069 D_B=0.167 D_A(real)=0.86 D_A(fake)=0.14 gnG=27.45 gnD=19.86 it_per_s=8.19
2026-10-04 14:07:15,925 INFO iter=329100 epoch=47 lr=7.75e-06 G=1.732 advA2B=0.479 advB2A=0.780 cycA=0.109 cycB=0.127 idtA=0.223 idtB=0.138 D_A=0.069 D_B=0.167 D_A(real)=0.86 D_A(fake)=0.14 gnG=27.46 gnD=19.84 it_per_s=8.19
2026-10-04 14:07:28,052 INFO iter=329200 epoch=47 lr=7.66e-06 G=1.732 advA2B=0.479 advB2A=0.780 cycA=0.109 cycB=0.128 idtA=0.223 idtB=0.138 D_A=0.068 D_B=0.167 D_A(real)=0.86 D_A(fake)=0.14 gnG=27.47 gnD=19.83 it_per_s=8.19
2026-10-04 14:07:40,337 INFO iter=329300 epoch=47 lr=7.57e-06 G=1.731 advA2B=0.479 advB2A=0.780 cycA=0.109 cycB=0.127 idtA=0.223 idtB=0.137 D_A=0.069 D_B=0.167 D_A(real)=0.86 D_A(fake)=0.14 gnG=27.45 gnD=19.87 it_per_s=8.19
2026-10-04 14:07:52,591 INFO iter=329400 epoch=47 lr=7.48e-06 G=1.731 advA2B=0.479 advB2A=0.780 cycA=0.109 cycB=0.127 idtA=0.223 idtB=0.137 D_A=0.068 D_B=0.167 D_A(real)=0.86 D_A(fake)=0.14 gnG=27.50 gnD=19.91 it_per_s=8.19
2026-10-04 14:08:05,291 INFO iter=329500 epoch=47 lr=7.39e-06 G=1.731 advA2B=0.479 advB2A=0.780 cycA=0.109 cycB=0.127 idtA=0.223 idtB=0.137 D_A=0.068 D_B=0.167 D_A(real)=0.86 D_A(fake)=0.14 gnG=27.50 gnD=19.89 it_per_s=8.18
2026-10-04 14:08:17,507 INFO iter=329600 epoch=47 lr=7.30e-06 G=1.731 advA2B=0.479 advB2A=0.779 cycA=0.109 cycB=0.128 idtA=0.223 idtB=0.137 D_A=0.068 D_B=0.167 D_A(real)=0.86 D_A(fake)=0.14 gnG=27.46 gnD=19.90 it_per_s=8.18
2026-10-04 14:08:30,069 INFO iter=329700 epoch=47 lr=7.22e-06 G=1.731 advA2B=0.479 advB2A=0.779 cycA=0.109 cycB=0.127 idtA=0.223 idtB=0.137 D_A=0.068 D_B=0.167 D_A(real)=0.86 D_A(fake)=0.14 gnG=27.45 gnD=19.86 it_per_s=8.18
2026-10-04 14:08:42,342 INFO iter=329800 epoch=47 lr=7.13e-06 G=1.731 advA2B=0.479 advB2A=0.779 cycA=0.109 cycB=0.127 idtA=0.223 idtB=0.137 D_A=0.068 D_B=0.167 D_A(real)=0.86 D_A(fake)=0.14 gnG=27.45 gnD=19.84 it_per_s=8.18
2026-10-04 14:08:54,987 INFO iter=329900 epoch=47 lr=7.04e-06 G=1.729 advA2B=0.479 advB2A=0.778 cycA=0.109 cycB=0.127 idtA=0.223 idtB=0.137 D_A=0.068 D_B=0.167 D_A(real)=0.86 D_A(fake)=0.14 gnG=27.44 gnD=19.83 it_per_s=8.17
2026-10-04 14:09:07,752 INFO iter=330000 epoch=47 lr=6.95e-06 G=1.730 advA2B=0.479 advB2A=0.778 cycA=0.109 cycB=0.127 idtA=0.223 idtB=0.137 D_A=0.068 D_B=0.167 D_A(real)=0.86 D_A(fake)=0.14 gnG=27.45 gnD=19.84 it_per_s=8.17
2026-10-04 14:09:20,176 INFO iter=330100 epoch=47 lr=6.86e-06 G=1.730 advA2B=0.479 advB2A=0.779 cycA=0.109 cycB=0.127 idtA=0.223 idtB=0.137 D_A=0.068 D_B=0.167 D_A(real)=0.86 D_A(fake)=0.14 gnG=27.44 gnD=19.87 it_per_s=8.17
2026-10-04 14:09:32,769 INFO iter=330200 epoch=47 lr=6.77e-06 G=1.730 advA2B=0.478 advB2A=0.779 cycA=0.109 cycB=0.127 idtA=0.223 idtB=0.137 D_A=0.068 D_B=0.167 D_A(real)=0.86 D_A(fake)=0.14 gnG=27.43 gnD=19.90 it_per_s=8.16
2026-10-04 14:09:45,211 INFO iter=330300 epoch=47 lr=6.68e-06 G=1.729 advA2B=0.478 advB2A=0.778 cycA=0.109 cycB=0.127 idtA=0.223 idtB=0.137 D_A=0.068 D_B=0.167 D_A(real)=0.86 D_A(fake)=0.14 gnG=27.42 gnD=19.92 it_per_s=8.16
2026-10-04 14:09:57,825 INFO iter=330400 epoch=47 lr=6.59e-06 G=1.729 advA2B=0.478 advB2A=0.779 cycA=0.109 cycB=0.127 idtA=0.223 idtB=0.137 D_A=0.068 D_B=0.167 D_A(real)=0.86 D_A(fake)=0.14 gnG=27.42 gnD=19.95 it_per_s=8.16
2026-10-04 14:10:10,347 INFO iter=330500 epoch=47 lr=6.50e-06 G=1.729 advA2B=0.478 advB2A=0.778 cycA=0.109 cycB=0.127 idtA=0.223 idtB=0.137 D_A=0.068 D_B=0.167 D_A(real)=0.86 D_A(fake)=0.14 gnG=27.41 gnD=19.96 it_per_s=8.15
2026-10-04 14:10:22,773 INFO iter=330600 epoch=47 lr=6.42e-06 G=1.729 advA2B=0.478 advB2A=0.778 cycA=0.109 cycB=0.127 idtA=0.223 idtB=0.137 D_A=0.068 D_B=0.167 D_A(real)=0.86 D_A(fake)=0.14 gnG=27.48 gnD=20.00 it_per_s=8.15
2026-10-04 14:10:35,156 INFO iter=330700 epoch=47 lr=6.33e-06 G=1.729 advA2B=0.478 advB2A=0.778 cycA=0.109 cycB=0.127 idtA=0.224 idtB=0.137 D_A=0.068 D_B=0.168 D_A(real)=0.86 D_A(fake)=0.14 gnG=27.55 gnD=20.02 it_per_s=8.15
2026-10-04 14:10:45,960 INFO epoch=47 done time_s=864 it_per_s=8.15 G=1.730 cycA=0.109 cycB=0.127 idtA=0.224 idtB=0.137 D_A=0.068 D_B=0.167 D_A(real)=0.86 D_A(fake)=0.14 nan_count=0
2026-10-04 14:10:48,587 INFO iter=330800 epoch=48 lr=6.24e-06 G=1.644 advA2B=0.437 advB2A=0.748 cycA=0.111 cycB=0.119 idtA=0.226 idtB=0.131 D_A=0.069 D_B=0.153 D_A(real)=0.80 D_A(fake)=0.17 gnG=23.67 gnD=14.98 it_per_s=7.72
2026-10-04 14:11:01,174 INFO iter=330900 epoch=48 lr=6.15e-06 G=1.719 advA2B=0.467 advB2A=0.779 cycA=0.110 cycB=0.127 idtA=0.223 idtB=0.136 D_A=0.071 D_B=0.165 D_A(real)=0.84 D_A(fake)=0.15 gnG=25.86 gnD=18.43 it_per_s=7.92
2026-10-04 14:11:13,636 INFO iter=331000 epoch=48 lr=6.06e-06 G=1.712 advA2B=0.464 advB2A=0.778 cycA=0.109 cycB=0.126 idtA=0.221 idtB=0.135 D_A=0.069 D_B=0.162 D_A(real)=0.86 D_A(fake)=0.14 gnG=25.17 gnD=19.50 it_per_s=7.97
2026-10-04 14:11:26,412 INFO iter=331100 epoch=48 lr=5.97e-06 G=1.713 advA2B=0.472 advB2A=0.773 cycA=0.109 cycB=0.125 idtA=0.223 idtB=0.136 D_A=0.068 D_B=0.163 D_A(real)=0.87 D_A(fake)=0.13 gnG=25.69 gnD=19.92 it_per_s=7.92
2026-10-04 14:11:39,160 INFO iter=331200 epoch=48 lr=5.88e-06 G=1.716 advA2B=0.483 advB2A=0.766 cycA=0.109 cycB=0.125 idtA=0.222 idtB=0.136 D_A=0.068 D_B=0.164 D_A(real)=0.87 D_A(fake)=0.13 gnG=26.69 gnD=20.05 it_per_s=7.90
2026-10-04 14:11:51,730 INFO iter=331300 epoch=48 lr=5.79e-06 G=1.726 advA2B=0.486 advB2A=0.775 cycA=0.109 cycB=0.124 idtA=0.221 idtB=0.135 D_A=0.068 D_B=0.163 D_A(real)=0.87 D_A(fake)=0.13 gnG=27.09 gnD=19.87 it_per_s=7.91
2026-10-04 14:12:03,970 INFO iter=331400 epoch=48 lr=5.71e-06 G=1.740 advA2B=0.488 advB2A=0.784 cycA=0.108 cycB=0.125 idtA=0.221 idtB=0.135 D_A=0.067 D_B=0.163 D_A(real)=0.87 D_A(fake)=0.13 gnG=27.54 gnD=19.84 it_per_s=7.95
2026-10-04 14:12:16,453 INFO iter=331500 epoch=48 lr=5.62e-06 G=1.734 advA2B=0.485 advB2A=0.784 cycA=0.108 cycB=0.125 idtA=0.219 idtB=0.135 D_A=0.066 D_B=0.164 D_A(real)=0.87 D_A(fake)=0.13 gnG=27.82 gnD=19.88 it_per_s=7.96
2026-10-04 14:12:28,818 INFO iter=331600 epoch=48 lr=5.53e-06 G=1.733 advA2B=0.482 advB2A=0.786 cycA=0.108 cycB=0.124 idtA=0.221 idtB=0.134 D_A=0.066 D_B=0.164 D_A(real)=0.87 D_A(fake)=0.13 gnG=27.76 gnD=19.70 it_per_s=7.98
2026-10-04 14:12:41,137 INFO iter=331700 epoch=48 lr=5.44e-06 G=1.730 advA2B=0.477 advB2A=0.787 cycA=0.108 cycB=0.125 idtA=0.221 idtB=0.135 D_A=0.066 D_B=0.165 D_A(real)=0.87 D_A(fake)=0.13 gnG=27.70 gnD=19.68 it_per_s=7.99
2026-10-04 14:12:53,585 INFO iter=331800 epoch=48 lr=5.35e-06 G=1.725 advA2B=0.474 advB2A=0.784 cycA=0.108 cycB=0.125 idtA=0.222 idtB=0.135 D_A=0.066 D_B=0.164 D_A(real)=0.87 D_A(fake)=0.13 gnG=27.40 gnD=19.62 it_per_s=8.00
2026-10-04 14:13:05,817 INFO iter=331900 epoch=48 lr=5.26e-06 G=1.724 advA2B=0.473 advB2A=0.783 cycA=0.109 cycB=0.125 idtA=0.223 idtB=0.135 D_A=0.066 D_B=0.165 D_A(real)=0.87 D_A(fake)=0.13 gnG=27.67 gnD=19.72 it_per_s=8.01
2026-10-04 14:13:18,299 INFO iter=332000 epoch=48 lr=5.17e-06 G=1.726 advA2B=0.474 advB2A=0.784 cycA=0.108 cycB=0.126 idtA=0.223 idtB=0.136 D_A=0.066 D_B=0.165 D_A(real)=0.87 D_A(fake)=0.13 gnG=27.78 gnD=19.76 it_per_s=8.01
2026-10-04 14:13:30,841 INFO iter=332100 epoch=48 lr=5.08e-06 G=1.725 advA2B=0.474 advB2A=0.782 cycA=0.108 cycB=0.126 idtA=0.223 idtB=0.137 D_A=0.066 D_B=0.166 D_A(real)=0.87 D_A(fake)=0.13 gnG=27.84 gnD=20.05 it_per_s=8.01
2026-10-04 14:13:43,409 INFO iter=332200 epoch=48 lr=5.00e-06 G=1.726 advA2B=0.474 advB2A=0.782 cycA=0.108 cycB=0.127 idtA=0.223 idtB=0.137 D_A=0.066 D_B=0.167 D_A(real)=0.87 D_A(fake)=0.13 gnG=27.71 gnD=20.12 it_per_s=8.01
2026-10-04 14:13:56,054 INFO iter=332300 epoch=48 lr=4.91e-06 G=1.724 advA2B=0.472 advB2A=0.783 cycA=0.108 cycB=0.126 idtA=0.223 idtB=0.137 D_A=0.066 D_B=0.167 D_A(real)=0.87 D_A(fake)=0.13 gnG=27.66 gnD=20.12 it_per_s=8.00
2026-10-04 14:14:08,343 INFO iter=332400 epoch=48 lr=4.82e-06 G=1.724 advA2B=0.472 advB2A=0.783 cycA=0.108 cycB=0.127 idtA=0.223 idtB=0.138 D_A=0.066 D_B=0.167 D_A(real)=0.87 D_A(fake)=0.13 gnG=27.62 gnD=20.03 it_per_s=8.01
2026-10-04 14:14:20,874 INFO iter=332500 epoch=48 lr=4.73e-06 G=1.725 advA2B=0.471 advB2A=0.785 cycA=0.108 cycB=0.127 idtA=0.222 idtB=0.138 D_A=0.066 D_B=0.167 D_A(real)=0.87 D_A(fake)=0.13 gnG=27.64 gnD=20.04 it_per_s=8.01
2026-10-04 14:14:33,256 INFO iter=332600 epoch=48 lr=4.64e-06 G=1.724 advA2B=0.471 advB2A=0.784 cycA=0.108 cycB=0.127 idtA=0.222 idtB=0.137 D_A=0.067 D_B=0.167 D_A(real)=0.87 D_A(fake)=0.13 gnG=27.83 gnD=20.10 it_per_s=8.01
2026-10-04 14:14:45,690 INFO iter=332700 epoch=48 lr=4.55e-06 G=1.724 advA2B=0.471 advB2A=0.782 cycA=0.108 cycB=0.127 idtA=0.222 idtB=0.138 D_A=0.067 D_B=0.167 D_A(real)=0.87 D_A(fake)=0.13 gnG=27.66 gnD=20.05 it_per_s=8.01
2026-10-04 14:14:58,222 INFO iter=332800 epoch=48 lr=4.46e-06 G=1.727 advA2B=0.474 advB2A=0.783 cycA=0.108 cycB=0.127 idtA=0.221 idtB=0.137 D_A=0.067 D_B=0.167 D_A(real)=0.87 D_A(fake)=0.13 gnG=27.67 gnD=20.08 it_per_s=8.01
2026-10-04 14:15:10,536 INFO iter=332900 epoch=48 lr=4.37e-06 G=1.728 advA2B=0.475 advB2A=0.784 cycA=0.108 cycB=0.127 idtA=0.221 idtB=0.138 D_A=0.067 D_B=0.167 D_A(real)=0.87 D_A(fake)=0.13 gnG=27.63 gnD=20.07 it_per_s=8.01
2026-10-04 14:15:23,145 INFO iter=333000 epoch=48 lr=4.28e-06 G=1.730 advA2B=0.475 advB2A=0.784 cycA=0.108 cycB=0.127 idtA=0.221 idtB=0.138 D_A=0.067 D_B=0.167 D_A(real)=0.87 D_A(fake)=0.13 gnG=27.87 gnD=20.09 it_per_s=8.01
2026-10-04 14:15:35,491 INFO iter=333100 epoch=48 lr=4.20e-06 G=1.729 advA2B=0.475 advB2A=0.784 cycA=0.108 cycB=0.127 idtA=0.221 idtB=0.138 D_A=0.067 D_B=0.167 D_A(real)=0.87 D_A(fake)=0.13 gnG=27.78 gnD=20.10 it_per_s=8.01
2026-10-04 14:15:47,926 INFO iter=333200 epoch=48 lr=4.11e-06 G=1.729 advA2B=0.474 advB2A=0.785 cycA=0.108 cycB=0.127 idtA=0.221 idtB=0.138 D_A=0.067 D_B=0.167 D_A(real)=0.87 D_A(fake)=0.13 gnG=27.86 gnD=20.24 it_per_s=8.02
2026-10-04 14:16:00,479 INFO iter=333300 epoch=48 lr=4.02e-06 G=1.728 advA2B=0.474 advB2A=0.784 cycA=0.108 cycB=0.127 idtA=0.221 idtB=0.138 D_A=0.067 D_B=0.167 D_A(real)=0.87 D_A(fake)=0.13 gnG=27.83 gnD=20.19 it_per_s=8.01
2026-10-04 14:16:12,791 INFO iter=333400 epoch=48 lr=3.93e-06 G=1.729 advA2B=0.474 advB2A=0.785 cycA=0.108 cycB=0.127 idtA=0.221 idtB=0.138 D_A=0.067 D_B=0.168 D_A(real)=0.87 D_A(fake)=0.13 gnG=27.89 gnD=20.25 it_per_s=8.02
2026-10-04 14:16:25,402 INFO iter=333500 epoch=48 lr=3.84e-06 G=1.731 advA2B=0.474 advB2A=0.786 cycA=0.108 cycB=0.128 idtA=0.221 idtB=0.138 D_A=0.067 D_B=0.168 D_A(real)=0.87 D_A(fake)=0.13 gnG=27.89 gnD=20.30 it_per_s=8.01
2026-10-04 14:16:37,732 INFO iter=333600 epoch=48 lr=3.75e-06 G=1.731 advA2B=0.473 advB2A=0.787 cycA=0.108 cycB=0.127 idtA=0.221 idtB=0.138 D_A=0.067 D_B=0.168 D_A(real)=0.87 D_A(fake)=0.13 gnG=27.84 gnD=20.35 it_per_s=8.02
2026-10-04 14:16:50,265 INFO iter=333700 epoch=48 lr=3.66e-06 G=1.731 advA2B=0.473 advB2A=0.787 cycA=0.108 cycB=0.127 idtA=0.221 idtB=0.138 D_A=0.067 D_B=0.168 D_A(real)=0.87 D_A(fake)=0.13 gnG=27.78 gnD=20.36 it_per_s=8.02
2026-10-04 14:17:02,727 INFO iter=333800 epoch=48 lr=3.57e-06 G=1.730 advA2B=0.473 advB2A=0.786 cycA=0.108 cycB=0.127 idtA=0.221 idtB=0.138 D_A=0.067 D_B=0.168 D_A(real)=0.86 D_A(fake)=0.13 gnG=27.80 gnD=20.34 it_per_s=8.02
2026-10-04 14:17:15,060 INFO iter=333900 epoch=48 lr=3.49e-06 G=1.730 advA2B=0.473 advB2A=0.786 cycA=0.108 cycB=0.127 idtA=0.222 idtB=0.137 D_A=0.066 D_B=0.168 D_A(real)=0.87 D_A(fake)=0.13 gnG=27.72 gnD=20.37 it_per_s=8.02
2026-10-04 14:17:27,274 INFO iter=334000 epoch=48 lr=3.40e-06 G=1.730 advA2B=0.473 advB2A=0.786 cycA=0.108 cycB=0.127 idtA=0.221 idtB=0.137 D_A=0.066 D_B=0.168 D_A(real)=0.87 D_A(fake)=0.13 gnG=27.73 gnD=20.40 it_per_s=8.02
2026-10-04 14:17:40,053 INFO iter=334100 epoch=48 lr=3.31e-06 G=1.732 advA2B=0.473 advB2A=0.787 cycA=0.108 cycB=0.127 idtA=0.221 idtB=0.137 D_A=0.066 D_B=0.167 D_A(real)=0.87 D_A(fake)=0.13 gnG=27.76 gnD=20.45 it_per_s=8.02
2026-10-04 14:17:52,712 INFO iter=334200 epoch=48 lr=3.22e-06 G=1.733 advA2B=0.474 advB2A=0.788 cycA=0.108 cycB=0.127 idtA=0.221 idtB=0.137 D_A=0.067 D_B=0.167 D_A(real)=0.87 D_A(fake)=0.13 gnG=27.77 gnD=20.43 it_per_s=8.02
2026-10-04 14:18:05,771 INFO iter=334300 epoch=48 lr=3.13e-06 G=1.732 advA2B=0.473 advB2A=0.787 cycA=0.108 cycB=0.127 idtA=0.221 idtB=0.137 D_A=0.066 D_B=0.167 D_A(real)=0.87 D_A(fake)=0.13 gnG=27.81 gnD=20.45 it_per_s=8.00
2026-10-04 14:18:18,344 INFO iter=334400 epoch=48 lr=3.04e-06 G=1.734 advA2B=0.474 advB2A=0.789 cycA=0.108 cycB=0.127 idtA=0.221 idtB=0.137 D_A=0.066 D_B=0.167 D_A(real)=0.87 D_A(fake)=0.13 gnG=27.84 gnD=20.50 it_per_s=8.00
2026-10-04 14:18:31,270 INFO iter=334500 epoch=48 lr=2.95e-06 G=1.733 advA2B=0.474 advB2A=0.789 cycA=0.108 cycB=0.127 idtA=0.221 idtB=0.137 D_A=0.066 D_B=0.167 D_A(real)=0.87 D_A(fake)=0.13 gnG=27.80 gnD=20.45 it_per_s=8.00
2026-10-04 14:18:44,798 INFO iter=334600 epoch=48 lr=2.86e-06 G=1.734 advA2B=0.475 advB2A=0.788 cycA=0.108 cycB=0.127 idtA=0.221 idtB=0.137 D_A=0.066 D_B=0.167 D_A(real)=0.87 D_A(fake)=0.13 gnG=27.88 gnD=20.42 it_per_s=7.98
2026-10-04 14:18:58,002 INFO iter=334700 epoch=48 lr=2.78e-06 G=1.733 advA2B=0.474 advB2A=0.789 cycA=0.108 cycB=0.127 idtA=0.221 idtB=0.137 D_A=0.066 D_B=0.167 D_A(real)=0.87 D_A(fake)=0.13 gnG=27.82 gnD=20.42 it_per_s=7.97
2026-10-04 14:19:10,919 INFO iter=334800 epoch=48 lr=2.69e-06 G=1.733 advA2B=0.474 advB2A=0.789 cycA=0.108 cycB=0.127 idtA=0.221 idtB=0.136 D_A=0.066 D_B=0.167 D_A(real)=0.87 D_A(fake)=0.13 gnG=27.74 gnD=20.48 it_per_s=7.96
2026-10-04 14:19:24,759 INFO iter=334900 epoch=48 lr=2.60e-06 G=1.734 advA2B=0.474 advB2A=0.790 cycA=0.108 cycB=0.127 idtA=0.221 idtB=0.136 D_A=0.066 D_B=0.167 D_A(real)=0.87 D_A(fake)=0.13 gnG=27.75 gnD=20.44 it_per_s=7.94
2026-10-04 14:19:37,846 INFO iter=335000 epoch=48 lr=2.51e-06 G=1.734 advA2B=0.475 advB2A=0.790 cycA=0.108 cycB=0.127 idtA=0.221 idtB=0.136 D_A=0.066 D_B=0.167 D_A(real)=0.87 D_A(fake)=0.13 gnG=27.86 gnD=20.44 it_per_s=7.93
2026-10-04 14:19:50,582 INFO iter=335100 epoch=48 lr=2.42e-06 G=1.735 advA2B=0.476 advB2A=0.790 cycA=0.108 cycB=0.127 idtA=0.220 idtB=0.136 D_A=0.066 D_B=0.167 D_A(real)=0.87 D_A(fake)=0.13 gnG=27.91 gnD=20.44 it_per_s=7.93
2026-10-04 14:20:02,964 INFO iter=335200 epoch=48 lr=2.33e-06 G=1.735 advA2B=0.475 advB2A=0.789 cycA=0.108 cycB=0.127 idtA=0.220 idtB=0.136 D_A=0.066 D_B=0.167 D_A(real)=0.86 D_A(fake)=0.13 gnG=27.95 gnD=20.46 it_per_s=7.94
2026-10-04 14:20:15,472 INFO iter=335300 epoch=48 lr=2.24e-06 G=1.735 advA2B=0.475 advB2A=0.790 cycA=0.108 cycB=0.126 idtA=0.220 idtB=0.136 D_A=0.066 D_B=0.167 D_A(real)=0.87 D_A(fake)=0.13 gnG=27.93 gnD=20.52 it_per_s=7.94
2026-10-04 14:20:27,829 INFO iter=335400 epoch=48 lr=2.15e-06 G=1.735 advA2B=0.475 advB2A=0.790 cycA=0.109 cycB=0.126 idtA=0.221 idtB=0.136 D_A=0.066 D_B=0.167 D_A(real)=0.87 D_A(fake)=0.13 gnG=27.90 gnD=20.56 it_per_s=7.94
2026-10-04 14:20:40,262 INFO iter=335500 epoch=48 lr=2.06e-06 G=1.735 advA2B=0.474 advB2A=0.791 cycA=0.109 cycB=0.126 idtA=0.220 idtB=0.136 D_A=0.066 D_B=0.167 D_A(real)=0.87 D_A(fake)=0.13 gnG=27.89 gnD=20.62 it_per_s=7.94
2026-10-04 14:20:52,608 INFO iter=335600 epoch=48 lr=1.98e-06 G=1.735 advA2B=0.474 advB2A=0.791 cycA=0.109 cycB=0.126 idtA=0.221 idtB=0.136 D_A=0.066 D_B=0.167 D_A(real)=0.87 D_A(fake)=0.13 gnG=27.84 gnD=20.61 it_per_s=7.95
2026-10-04 14:21:05,332 INFO iter=335700 epoch=48 lr=1.89e-06 G=1.735 advA2B=0.474 advB2A=0.791 cycA=0.109 cycB=0.126 idtA=0.221 idtB=0.136 D_A=0.066 D_B=0.167 D_A(real)=0.87 D_A(fake)=0.13 gnG=27.85 gnD=20.61 it_per_s=7.94
2026-10-04 14:21:17,620 INFO iter=335800 epoch=48 lr=1.80e-06 G=1.734 advA2B=0.474 advB2A=0.790 cycA=0.109 cycB=0.126 idtA=0.221 idtB=0.136 D_A=0.066 D_B=0.167 D_A(real)=0.87 D_A(fake)=0.13 gnG=27.85 gnD=20.63 it_per_s=7.95
2026-10-04 14:21:30,064 INFO iter=335900 epoch=48 lr=1.71e-06 G=1.734 advA2B=0.474 advB2A=0.790 cycA=0.109 cycB=0.126 idtA=0.221 idtB=0.136 D_A=0.066 D_B=0.167 D_A(real)=0.87 D_A(fake)=0.13 gnG=27.87 gnD=20.63 it_per_s=7.95
2026-10-04 14:21:42,878 INFO iter=336000 epoch=48 lr=1.62e-06 G=1.734 advA2B=0.475 advB2A=0.790 cycA=0.109 cycB=0.126 idtA=0.221 idtB=0.136 D_A=0.066 D_B=0.167 D_A(real)=0.87 D_A(fake)=0.13 gnG=27.91 gnD=20.67 it_per_s=7.95
2026-10-04 14:21:55,177 INFO iter=336100 epoch=48 lr=1.53e-06 G=1.735 advA2B=0.475 advB2A=0.790 cycA=0.109 cycB=0.126 idtA=0.221 idtB=0.136 D_A=0.066 D_B=0.167 D_A(real)=0.87 D_A(fake)=0.13 gnG=27.94 gnD=20.71 it_per_s=7.95
2026-10-04 14:22:07,615 INFO iter=336200 epoch=48 lr=1.44e-06 G=1.735 advA2B=0.475 advB2A=0.790 cycA=0.109 cycB=0.126 idtA=0.221 idtB=0.136 D_A=0.066 D_B=0.167 D_A(real)=0.87 D_A(fake)=0.13 gnG=27.97 gnD=20.75 it_per_s=7.95
2026-10-04 14:22:20,106 INFO iter=336300 epoch=48 lr=1.35e-06 G=1.735 advA2B=0.475 advB2A=0.790 cycA=0.109 cycB=0.126 idtA=0.221 idtB=0.136 D_A=0.066 D_B=0.167 D_A(real)=0.87 D_A(fake)=0.13 gnG=27.96 gnD=20.81 it_per_s=7.95
2026-10-04 14:22:32,308 INFO iter=336400 epoch=48 lr=1.27e-06 G=1.734 advA2B=0.475 advB2A=0.790 cycA=0.108 cycB=0.126 idtA=0.220 idtB=0.136 D_A=0.066 D_B=0.167 D_A(real)=0.87 D_A(fake)=0.13 gnG=27.96 gnD=20.86 it_per_s=7.96
2026-10-04 14:22:44,764 INFO iter=336500 epoch=48 lr=1.18e-06 G=1.735 advA2B=0.475 advB2A=0.791 cycA=0.108 cycB=0.126 idtA=0.220 idtB=0.136 D_A=0.066 D_B=0.167 D_A(real)=0.87 D_A(fake)=0.13 gnG=28.01 gnD=20.86 it_per_s=7.96
2026-10-04 14:22:57,077 INFO iter=336600 epoch=48 lr=1.09e-06 G=1.735 advA2B=0.475 advB2A=0.791 cycA=0.108 cycB=0.126 idtA=0.220 idtB=0.136 D_A=0.066 D_B=0.167 D_A(real)=0.87 D_A(fake)=0.13 gnG=27.98 gnD=20.83 it_per_s=7.96
2026-10-04 14:23:09,562 INFO iter=336700 epoch=48 lr=9.99e-07 G=1.734 advA2B=0.475 advB2A=0.790 cycA=0.108 cycB=0.126 idtA=0.220 idtB=0.136 D_A=0.066 D_B=0.167 D_A(real)=0.87 D_A(fake)=0.13 gnG=27.97 gnD=20.87 it_per_s=7.96
2026-10-04 14:23:21,792 INFO iter=336800 epoch=48 lr=9.10e-07 G=1.735 advA2B=0.475 advB2A=0.790 cycA=0.108 cycB=0.126 idtA=0.220 idtB=0.136 D_A=0.066 D_B=0.167 D_A(real)=0.87 D_A(fake)=0.13 gnG=27.95 gnD=20.91 it_per_s=7.97
2026-10-04 14:23:34,465 INFO iter=336900 epoch=48 lr=8.21e-07 G=1.733 advA2B=0.474 advB2A=0.790 cycA=0.108 cycB=0.126 idtA=0.220 idtB=0.136 D_A=0.066 D_B=0.167 D_A(real)=0.87 D_A(fake)=0.13 gnG=27.93 gnD=20.95 it_per_s=7.96
2026-10-04 14:23:46,949 INFO iter=337000 epoch=48 lr=7.33e-07 G=1.734 advA2B=0.474 advB2A=0.790 cycA=0.108 cycB=0.126 idtA=0.220 idtB=0.136 D_A=0.066 D_B=0.167 D_A(real)=0.87 D_A(fake)=0.13 gnG=27.87 gnD=20.98 it_per_s=7.96
2026-10-04 14:23:59,564 INFO iter=337100 epoch=48 lr=6.44e-07 G=1.734 advA2B=0.474 advB2A=0.790 cycA=0.108 cycB=0.126 idtA=0.220 idtB=0.136 D_A=0.066 D_B=0.167 D_A(real)=0.87 D_A(fake)=0.13 gnG=27.88 gnD=21.02 it_per_s=7.96
2026-10-04 14:24:12,196 INFO iter=337200 epoch=48 lr=5.55e-07 G=1.734 advA2B=0.475 advB2A=0.790 cycA=0.108 cycB=0.126 idtA=0.220 idtB=0.136 D_A=0.066 D_B=0.167 D_A(real)=0.87 D_A(fake)=0.13 gnG=27.89 gnD=21.04 it_per_s=7.96
2026-10-04 14:24:24,563 INFO iter=337300 epoch=48 lr=4.66e-07 G=1.733 advA2B=0.474 advB2A=0.790 cycA=0.108 cycB=0.126 idtA=0.220 idtB=0.136 D_A=0.066 D_B=0.167 D_A(real)=0.87 D_A(fake)=0.13 gnG=27.89 gnD=21.04 it_per_s=7.97
2026-10-04 14:24:36,948 INFO iter=337400 epoch=48 lr=3.77e-07 G=1.734 advA2B=0.475 advB2A=0.790 cycA=0.108 cycB=0.126 idtA=0.220 idtB=0.136 D_A=0.066 D_B=0.167 D_A(real)=0.87 D_A(fake)=0.13 gnG=27.91 gnD=21.03 it_per_s=7.97
2026-10-04 14:24:49,518 INFO iter=337500 epoch=48 lr=2.89e-07 G=1.734 advA2B=0.474 advB2A=0.790 cycA=0.108 cycB=0.126 idtA=0.220 idtB=0.136 D_A=0.066 D_B=0.167 D_A(real)=0.87 D_A(fake)=0.13 gnG=27.91 gnD=21.02 it_per_s=7.97
2026-10-04 14:25:01,794 INFO iter=337600 epoch=48 lr=2.00e-07 G=1.734 advA2B=0.474 advB2A=0.790 cycA=0.108 cycB=0.126 idtA=0.220 idtB=0.136 D_A=0.066 D_B=0.167 D_A(real)=0.87 D_A(fake)=0.13 gnG=27.92 gnD=21.01 it_per_s=7.97
2026-10-04 14:25:14,311 INFO iter=337700 epoch=48 lr=1.11e-07 G=1.733 advA2B=0.475 advB2A=0.789 cycA=0.108 cycB=0.126 idtA=0.220 idtB=0.136 D_A=0.066 D_B=0.167 D_A(real)=0.87 D_A(fake)=0.13 gnG=27.94 gnD=21.01 it_per_s=7.97
2026-10-04 14:25:26,515 INFO iter=337800 epoch=48 lr=2.22e-08 G=1.733 advA2B=0.475 advB2A=0.789 cycA=0.108 cycB=0.126 idtA=0.220 idtB=0.136 D_A=0.066 D_B=0.167 D_A(real)=0.87 D_A(fake)=0.13 gnG=27.90 gnD=21.03 it_per_s=7.97
2026-10-04 14:25:29,420 INFO epoch=48 done time_s=883 it_per_s=7.97 G=1.733 cycA=0.108 cycB=0.126 idtA=0.220 idtB=0.136 D_A=0.066 D_B=0.167 D_A(real)=0.87 D_A(fake)=0.13 nan_count=0
2026-10-04 14:25:30,380 INFO done summary={"run_id": "full_run14", "params": {"G_A2B": 11378179, "G_B2A": 11378179, "D_A": 5529474, "D_B": 5529474}, "param_count_total": 33815306, "param_count_generators": 22756358, "photos": 7038, "monets": 300, "iters": 337824, "train_time_s": 49975.32189740008, "train_iters_per_sec": 6.759816388848012, "train_images_per_sec": 13.519632777696025, "peak_memory_mb": 19662.40673828125, "max_grad_norm_G": 636.0940551757812, "max_grad_norm_D": 130.91087341308594, "nan_count": 0, "final_epoch": {"epoch": 48, "iters": 7038, "epoch_time_s": 882.6563808000647, "iters_per_s": 7.973657873090498, "loss_G": 1.7328516013515913, "adv_A2B": 0.47497170077836387, "adv_B2A": 0.7886345774722933, "cycle_A": 0.10820646901197073, "cycle_B": 0.12641725055058256, "identity_A": 0.22012968244929312, "identity_B": 0.13593158900788577, "loss_D_A": 0.06577470350685564, "loss_D_B": 0.1669207109785717, "D_A_real_mean": 0.8660102967817562, "D_A_fake_mean": 0.13336928319646474, "grad_norm_G": 27.917428157857344, "grad_norm_D": 21.038898213270816}, "hardware": "GPU: NVIDIA GeForce RTX 4090; CPU: AMD64 Family 25 Model 97 Stepping 2, AuthenticAMD"}
