2026-10-03 10:14:23,161 INFO run_id=full_run04 config=task3_gan/member_chaitanya/configs/full_run04.yaml
2026-10-03 10:14:23,161 INFO config={"run_id": "full_run04", "seed": 1337, "data": {"monet_dir": "task3_gan/data/monet_jpg", "photo_dir": "task3_gan/data/photo_jpg", "load_size": 286, "crop_size": 256, "hflip": true, "num_workers": 4}, "model": {"ngf": 64, "n_res_blocks": 9, "n_downsampling": 2, "upsampling": "nearest_conv", "ndf": 64, "norm": "instance", "init_std": 0.02, "g_attention": true, "d_attention": true, "spectral_norm_g": true, "spectral_norm_d": true}, "loss": {"adversarial": "lsgan", "lambda_cycle": 10.0, "lambda_identity": 5.0, "d_loss_scale": 0.5}, "training": {"batch_size": 1, "epochs": 40, "constant_lr_epochs": 20, "lr_g": 0.0002, "lr_d": 0.0002, "betas": [0.5, 0.999], "pool_size": 50, "precision": "fp32", "cudnn_benchmark": true, "diffaugment_monet_d": true, "diffaugment_photo_d": true, "log_every_iters": 100, "grid_every_epochs": 1, "checkpoint_every_epochs": 5, "num_fixed_samples": 4}}
2026-10-03 10:14:23,185 INFO hardware=GPU: NVIDIA GeForce RTX 4090; CPU: AMD64 Family 25 Model 97 Stepping 2, AuthenticAMD torch=2.11.0+cu128
2026-10-03 10:14:23,185 INFO photos=7038 monets=300 iters_per_epoch=7038 total_iters=281520 params={"G_A2B": 11460420, "G_B2A": 11460420, "D_A": 2785378, "D_B": 2785378}
2026-10-03 10:15:11,636 INFO iter=100 epoch=1 lr=2.00e-04 G=11.722 advA2B=0.500 advB2A=0.448 cycA=0.349 cycB=0.387 idtA=0.327 idtB=0.357 D_A=0.408 D_B=0.420 D_A(real)=0.53 D_A(fake)=0.46 gnG=91.20 gnD=13.94 it_per_s=2.06
2026-10-03 10:15:34,095 INFO iter=200 epoch=1 lr=2.00e-04 G=10.659 advA2B=0.410 advB2A=0.402 cycA=0.324 cycB=0.348 idtA=0.305 idtB=0.320 D_A=0.323 D_B=0.335 D_A(real)=0.56 D_A(fake)=0.44 gnG=85.16 gnD=11.04 it_per_s=2.82
2026-10-03 10:15:56,466 INFO iter=300 epoch=1 lr=2.00e-04 G=10.273 advA2B=0.381 advB2A=0.394 cycA=0.316 cycB=0.331 idtA=0.296 idtB=0.308 D_A=0.295 D_B=0.310 D_A(real)=0.57 D_A(fake)=0.43 gnG=80.94 gnD=10.43 it_per_s=3.22
2026-10-03 10:16:18,928 INFO iter=400 epoch=1 lr=2.00e-04 G=10.120 advA2B=0.368 advB2A=0.406 cycA=0.310 cycB=0.327 idtA=0.289 idtB=0.305 D_A=0.273 D_B=0.294 D_A(real)=0.58 D_A(fake)=0.42 gnG=78.08 gnD=9.96 it_per_s=3.46
2026-10-03 10:16:41,291 INFO iter=500 epoch=1 lr=2.00e-04 G=9.971 advA2B=0.364 advB2A=0.435 cycA=0.305 cycB=0.321 idtA=0.285 idtB=0.298 D_A=0.258 D_B=0.283 D_A(real)=0.60 D_A(fake)=0.41 gnG=74.21 gnD=9.90 it_per_s=3.62
2026-10-03 10:17:03,732 INFO iter=600 epoch=1 lr=2.00e-04 G=9.743 advA2B=0.363 advB2A=0.432 cycA=0.297 cycB=0.314 idtA=0.278 idtB=0.289 D_A=0.248 D_B=0.277 D_A(real)=0.61 D_A(fake)=0.40 gnG=71.60 gnD=9.87 it_per_s=3.74
2026-10-03 10:17:26,130 INFO iter=700 epoch=1 lr=2.00e-04 G=9.561 advA2B=0.361 advB2A=0.444 cycA=0.292 cycB=0.306 idtA=0.273 idtB=0.281 D_A=0.237 D_B=0.270 D_A(real)=0.62 D_A(fake)=0.39 gnG=69.05 gnD=9.80 it_per_s=3.83
2026-10-03 10:17:48,661 INFO iter=800 epoch=1 lr=2.00e-04 G=9.448 advA2B=0.376 advB2A=0.450 cycA=0.286 cycB=0.303 idtA=0.266 idtB=0.279 D_A=0.230 D_B=0.264 D_A(real)=0.63 D_A(fake)=0.38 gnG=66.92 gnD=9.97 it_per_s=3.89
2026-10-03 10:18:11,160 INFO iter=900 epoch=1 lr=2.00e-04 G=9.414 advA2B=0.374 advB2A=0.444 cycA=0.285 cycB=0.303 idtA=0.266 idtB=0.276 D_A=0.227 D_B=0.258 D_A(real)=0.63 D_A(fake)=0.38 gnG=67.41 gnD=10.05 it_per_s=3.95
2026-10-03 10:18:33,711 INFO iter=1000 epoch=1 lr=2.00e-04 G=9.321 advA2B=0.378 advB2A=0.460 cycA=0.282 cycB=0.299 idtA=0.264 idtB=0.271 D_A=0.220 D_B=0.254 D_A(real)=0.64 D_A(fake)=0.37 gnG=66.22 gnD=10.14 it_per_s=3.99
2026-10-03 10:18:56,112 INFO iter=1100 epoch=1 lr=2.00e-04 G=9.292 advA2B=0.378 advB2A=0.480 cycA=0.281 cycB=0.296 idtA=0.264 idtB=0.268 D_A=0.210 D_B=0.250 D_A(real)=0.65 D_A(fake)=0.35 gnG=65.46 gnD=10.18 it_per_s=4.03
2026-10-03 10:19:18,812 INFO iter=1200 epoch=1 lr=2.00e-04 G=9.207 advA2B=0.380 advB2A=0.486 cycA=0.279 cycB=0.292 idtA=0.262 idtB=0.264 D_A=0.206 D_B=0.247 D_A(real)=0.66 D_A(fake)=0.35 gnG=64.34 gnD=10.31 it_per_s=4.06
2026-10-03 10:19:41,293 INFO iter=1300 epoch=1 lr=2.00e-04 G=9.151 advA2B=0.388 advB2A=0.496 cycA=0.277 cycB=0.290 idtA=0.259 idtB=0.261 D_A=0.201 D_B=0.242 D_A(real)=0.67 D_A(fake)=0.34 gnG=62.96 gnD=10.42 it_per_s=4.09
2026-10-03 10:20:03,803 INFO iter=1400 epoch=1 lr=2.00e-04 G=9.085 advA2B=0.394 advB2A=0.505 cycA=0.274 cycB=0.287 idtA=0.257 idtB=0.258 D_A=0.197 D_B=0.238 D_A(real)=0.67 D_A(fake)=0.33 gnG=61.82 gnD=10.53 it_per_s=4.11
2026-10-03 10:20:26,313 INFO iter=1500 epoch=1 lr=2.00e-04 G=9.064 advA2B=0.400 advB2A=0.512 cycA=0.272 cycB=0.286 idtA=0.256 idtB=0.256 D_A=0.193 D_B=0.235 D_A(real)=0.68 D_A(fake)=0.33 gnG=61.76 gnD=10.61 it_per_s=4.13
2026-10-03 10:20:48,773 INFO iter=1600 epoch=1 lr=2.00e-04 G=9.049 advA2B=0.404 advB2A=0.519 cycA=0.272 cycB=0.285 idtA=0.256 idtB=0.254 D_A=0.189 D_B=0.231 D_A(real)=0.68 D_A(fake)=0.32 gnG=61.31 gnD=10.61 it_per_s=4.15
2026-10-03 10:21:11,203 INFO iter=1700 epoch=1 lr=2.00e-04 G=9.004 advA2B=0.409 advB2A=0.524 cycA=0.271 cycB=0.283 idtA=0.255 idtB=0.252 D_A=0.186 D_B=0.228 D_A(real)=0.69 D_A(fake)=0.32 gnG=60.57 gnD=10.65 it_per_s=4.17
2026-10-03 10:21:33,595 INFO iter=1800 epoch=1 lr=2.00e-04 G=8.970 advA2B=0.408 advB2A=0.540 cycA=0.269 cycB=0.281 idtA=0.254 idtB=0.250 D_A=0.180 D_B=0.227 D_A(real)=0.70 D_A(fake)=0.31 gnG=59.70 gnD=10.66 it_per_s=4.18
2026-10-03 10:21:55,970 INFO iter=1900 epoch=1 lr=2.00e-04 G=8.972 advA2B=0.407 advB2A=0.541 cycA=0.269 cycB=0.282 idtA=0.254 idtB=0.250 D_A=0.177 D_B=0.225 D_A(real)=0.70 D_A(fake)=0.30 gnG=59.47 gnD=10.64 it_per_s=4.20
2026-10-03 10:22:18,459 INFO iter=2000 epoch=1 lr=2.00e-04 G=8.972 advA2B=0.409 advB2A=0.542 cycA=0.269 cycB=0.281 idtA=0.255 idtB=0.249 D_A=0.176 D_B=0.223 D_A(real)=0.71 D_A(fake)=0.30 gnG=59.31 gnD=10.68 it_per_s=4.21
2026-10-03 10:22:40,960 INFO iter=2100 epoch=1 lr=2.00e-04 G=9.003 advA2B=0.420 advB2A=0.543 cycA=0.270 cycB=0.282 idtA=0.255 idtB=0.249 D_A=0.175 D_B=0.219 D_A(real)=0.71 D_A(fake)=0.30 gnG=59.04 gnD=10.77 it_per_s=4.22
2026-10-03 10:23:03,553 INFO iter=2200 epoch=1 lr=2.00e-04 G=9.034 advA2B=0.429 advB2A=0.545 cycA=0.270 cycB=0.283 idtA=0.255 idtB=0.251 D_A=0.174 D_B=0.215 D_A(real)=0.71 D_A(fake)=0.30 gnG=58.69 gnD=10.74 it_per_s=4.23
2026-10-03 10:23:26,063 INFO iter=2300 epoch=1 lr=2.00e-04 G=9.028 advA2B=0.433 advB2A=0.550 cycA=0.269 cycB=0.283 idtA=0.254 idtB=0.250 D_A=0.172 D_B=0.212 D_A(real)=0.71 D_A(fake)=0.29 gnG=58.29 gnD=10.80 it_per_s=4.24
2026-10-03 10:23:48,545 INFO iter=2400 epoch=1 lr=2.00e-04 G=8.999 advA2B=0.433 advB2A=0.550 cycA=0.269 cycB=0.281 idtA=0.254 idtB=0.249 D_A=0.171 D_B=0.210 D_A(real)=0.71 D_A(fake)=0.29 gnG=57.84 gnD=10.84 it_per_s=4.25
2026-10-03 10:24:10,945 INFO iter=2500 epoch=1 lr=2.00e-04 G=8.949 advA2B=0.432 advB2A=0.554 cycA=0.267 cycB=0.279 idtA=0.253 idtB=0.247 D_A=0.168 D_B=0.209 D_A(real)=0.72 D_A(fake)=0.29 gnG=57.33 gnD=10.85 it_per_s=4.25
2026-10-03 10:24:33,423 INFO iter=2600 epoch=1 lr=2.00e-04 G=8.917 advA2B=0.432 advB2A=0.559 cycA=0.266 cycB=0.278 idtA=0.252 idtB=0.246 D_A=0.168 D_B=0.208 D_A(real)=0.72 D_A(fake)=0.28 gnG=56.91 gnD=10.89 it_per_s=4.26
2026-10-03 10:24:55,852 INFO iter=2700 epoch=1 lr=2.00e-04 G=8.884 advA2B=0.429 advB2A=0.560 cycA=0.264 cycB=0.277 idtA=0.251 idtB=0.245 D_A=0.167 D_B=0.208 D_A(real)=0.72 D_A(fake)=0.28 gnG=56.42 gnD=10.88 it_per_s=4.27
2026-10-03 10:25:18,358 INFO iter=2800 epoch=1 lr=2.00e-04 G=8.865 advA2B=0.428 advB2A=0.562 cycA=0.264 cycB=0.276 idtA=0.250 idtB=0.245 D_A=0.166 D_B=0.207 D_A(real)=0.72 D_A(fake)=0.28 gnG=56.19 gnD=10.90 it_per_s=4.27
2026-10-03 10:25:40,778 INFO iter=2900 epoch=1 lr=2.00e-04 G=8.843 advA2B=0.432 advB2A=0.564 cycA=0.263 cycB=0.275 idtA=0.249 idtB=0.244 D_A=0.165 D_B=0.205 D_A(real)=0.72 D_A(fake)=0.28 gnG=55.84 gnD=10.92 it_per_s=4.28
2026-10-03 10:26:03,120 INFO iter=3000 epoch=1 lr=2.00e-04 G=8.830 advA2B=0.433 advB2A=0.566 cycA=0.262 cycB=0.275 idtA=0.249 idtB=0.243 D_A=0.164 D_B=0.205 D_A(real)=0.72 D_A(fake)=0.28 gnG=55.64 gnD=10.93 it_per_s=4.29
2026-10-03 10:26:25,643 INFO iter=3100 epoch=1 lr=2.00e-04 G=8.806 advA2B=0.430 advB2A=0.568 cycA=0.261 cycB=0.274 idtA=0.249 idtB=0.242 D_A=0.163 D_B=0.205 D_A(real)=0.73 D_A(fake)=0.28 gnG=55.22 gnD=10.94 it_per_s=4.29
2026-10-03 10:26:47,949 INFO iter=3200 epoch=1 lr=2.00e-04 G=8.782 advA2B=0.432 advB2A=0.565 cycA=0.260 cycB=0.274 idtA=0.248 idtB=0.242 D_A=0.163 D_B=0.205 D_A(real)=0.73 D_A(fake)=0.28 gnG=54.88 gnD=10.96 it_per_s=4.30
2026-10-03 10:27:10,235 INFO iter=3300 epoch=1 lr=2.00e-04 G=8.760 advA2B=0.433 advB2A=0.564 cycA=0.259 cycB=0.273 idtA=0.247 idtB=0.241 D_A=0.162 D_B=0.204 D_A(real)=0.73 D_A(fake)=0.28 gnG=54.46 gnD=10.98 it_per_s=4.30
2026-10-03 10:27:32,589 INFO iter=3400 epoch=1 lr=2.00e-04 G=8.739 advA2B=0.434 advB2A=0.564 cycA=0.259 cycB=0.272 idtA=0.246 idtB=0.241 D_A=0.162 D_B=0.203 D_A(real)=0.73 D_A(fake)=0.28 gnG=54.05 gnD=10.97 it_per_s=4.31
2026-10-03 10:27:55,049 INFO iter=3500 epoch=1 lr=2.00e-04 G=8.717 advA2B=0.436 advB2A=0.562 cycA=0.258 cycB=0.271 idtA=0.245 idtB=0.241 D_A=0.162 D_B=0.203 D_A(real)=0.73 D_A(fake)=0.28 gnG=53.75 gnD=10.96 it_per_s=4.31
2026-10-03 10:28:17,528 INFO iter=3600 epoch=1 lr=2.00e-04 G=8.691 advA2B=0.435 advB2A=0.560 cycA=0.257 cycB=0.271 idtA=0.244 idtB=0.240 D_A=0.161 D_B=0.203 D_A(real)=0.73 D_A(fake)=0.28 gnG=53.41 gnD=10.94 it_per_s=4.31
2026-10-03 10:28:40,012 INFO iter=3700 epoch=1 lr=2.00e-04 G=8.654 advA2B=0.435 advB2A=0.558 cycA=0.256 cycB=0.269 idtA=0.243 idtB=0.239 D_A=0.162 D_B=0.202 D_A(real)=0.72 D_A(fake)=0.28 gnG=53.06 gnD=10.95 it_per_s=4.32
2026-10-03 10:29:02,500 INFO iter=3800 epoch=1 lr=2.00e-04 G=8.633 advA2B=0.436 advB2A=0.557 cycA=0.255 cycB=0.269 idtA=0.243 idtB=0.239 D_A=0.162 D_B=0.201 D_A(real)=0.72 D_A(fake)=0.28 gnG=52.81 gnD=10.95 it_per_s=4.32
2026-10-03 10:29:25,061 INFO iter=3900 epoch=1 lr=2.00e-04 G=8.609 advA2B=0.435 advB2A=0.558 cycA=0.254 cycB=0.268 idtA=0.242 idtB=0.238 D_A=0.162 D_B=0.201 D_A(real)=0.72 D_A(fake)=0.28 gnG=52.67 gnD=10.96 it_per_s=4.32
2026-10-03 10:29:47,485 INFO iter=4000 epoch=1 lr=2.00e-04 G=8.584 advA2B=0.438 advB2A=0.556 cycA=0.253 cycB=0.267 idtA=0.241 idtB=0.237 D_A=0.162 D_B=0.200 D_A(real)=0.72 D_A(fake)=0.28 gnG=52.31 gnD=10.95 it_per_s=4.33
2026-10-03 10:30:09,954 INFO iter=4100 epoch=1 lr=2.00e-04 G=8.555 advA2B=0.438 advB2A=0.557 cycA=0.252 cycB=0.266 idtA=0.240 idtB=0.236 D_A=0.162 D_B=0.200 D_A(real)=0.72 D_A(fake)=0.28 gnG=52.02 gnD=10.95 it_per_s=4.33
2026-10-03 10:30:32,332 INFO iter=4200 epoch=1 lr=2.00e-04 G=8.531 advA2B=0.439 advB2A=0.557 cycA=0.251 cycB=0.265 idtA=0.240 idtB=0.236 D_A=0.162 D_B=0.199 D_A(real)=0.72 D_A(fake)=0.28 gnG=51.82 gnD=10.94 it_per_s=4.33
2026-10-03 10:30:54,585 INFO iter=4300 epoch=1 lr=2.00e-04 G=8.519 advA2B=0.441 advB2A=0.557 cycA=0.251 cycB=0.264 idtA=0.239 idtB=0.235 D_A=0.162 D_B=0.199 D_A(real)=0.72 D_A(fake)=0.28 gnG=51.58 gnD=10.95 it_per_s=4.34
2026-10-03 10:31:16,966 INFO iter=4400 epoch=1 lr=2.00e-04 G=8.504 advA2B=0.442 advB2A=0.559 cycA=0.250 cycB=0.264 idtA=0.238 idtB=0.235 D_A=0.162 D_B=0.198 D_A(real)=0.72 D_A(fake)=0.28 gnG=51.37 gnD=10.95 it_per_s=4.34
2026-10-03 10:31:39,337 INFO iter=4500 epoch=1 lr=2.00e-04 G=8.493 advA2B=0.443 advB2A=0.559 cycA=0.250 cycB=0.263 idtA=0.238 idtB=0.235 D_A=0.161 D_B=0.198 D_A(real)=0.72 D_A(fake)=0.28 gnG=51.11 gnD=10.97 it_per_s=4.34
2026-10-03 10:32:01,617 INFO iter=4600 epoch=1 lr=2.00e-04 G=8.475 advA2B=0.444 advB2A=0.559 cycA=0.249 cycB=0.263 idtA=0.237 idtB=0.234 D_A=0.161 D_B=0.197 D_A(real)=0.72 D_A(fake)=0.28 gnG=50.85 gnD=10.96 it_per_s=4.35
2026-10-03 10:32:24,067 INFO iter=4700 epoch=1 lr=2.00e-04 G=8.457 advA2B=0.447 advB2A=0.559 cycA=0.248 cycB=0.262 idtA=0.237 idtB=0.233 D_A=0.161 D_B=0.196 D_A(real)=0.72 D_A(fake)=0.28 gnG=50.56 gnD=10.97 it_per_s=4.35
2026-10-03 10:32:46,433 INFO iter=4800 epoch=1 lr=2.00e-04 G=8.438 advA2B=0.448 advB2A=0.560 cycA=0.247 cycB=0.261 idtA=0.236 idtB=0.233 D_A=0.161 D_B=0.195 D_A(real)=0.73 D_A(fake)=0.28 gnG=50.32 gnD=10.98 it_per_s=4.35
2026-10-03 10:33:08,822 INFO iter=4900 epoch=1 lr=2.00e-04 G=8.422 advA2B=0.453 advB2A=0.560 cycA=0.247 cycB=0.260 idtA=0.236 idtB=0.232 D_A=0.161 D_B=0.194 D_A(real)=0.73 D_A(fake)=0.28 gnG=50.07 gnD=10.98 it_per_s=4.35
2026-10-03 10:33:31,115 INFO iter=5000 epoch=1 lr=2.00e-04 G=8.397 advA2B=0.452 advB2A=0.561 cycA=0.246 cycB=0.259 idtA=0.235 idtB=0.232 D_A=0.160 D_B=0.194 D_A(real)=0.73 D_A(fake)=0.28 gnG=49.86 gnD=10.97 it_per_s=4.36
2026-10-03 10:33:53,790 INFO iter=5100 epoch=1 lr=2.00e-04 G=8.379 advA2B=0.453 advB2A=0.561 cycA=0.245 cycB=0.259 idtA=0.234 idtB=0.231 D_A=0.160 D_B=0.193 D_A(real)=0.73 D_A(fake)=0.28 gnG=49.70 gnD=10.97 it_per_s=4.36
2026-10-03 10:34:16,152 INFO iter=5200 epoch=1 lr=2.00e-04 G=8.361 advA2B=0.453 advB2A=0.560 cycA=0.245 cycB=0.258 idtA=0.234 idtB=0.230 D_A=0.160 D_B=0.193 D_A(real)=0.73 D_A(fake)=0.28 gnG=49.46 gnD=10.97 it_per_s=4.36
2026-10-03 10:34:38,472 INFO iter=5300 epoch=1 lr=2.00e-04 G=8.337 advA2B=0.453 advB2A=0.560 cycA=0.244 cycB=0.257 idtA=0.233 idtB=0.230 D_A=0.160 D_B=0.193 D_A(real)=0.73 D_A(fake)=0.28 gnG=49.16 gnD=10.96 it_per_s=4.36
2026-10-03 10:35:00,902 INFO iter=5400 epoch=1 lr=2.00e-04 G=8.321 advA2B=0.454 advB2A=0.560 cycA=0.243 cycB=0.257 idtA=0.233 idtB=0.229 D_A=0.160 D_B=0.193 D_A(real)=0.73 D_A(fake)=0.28 gnG=48.88 gnD=10.96 it_per_s=4.36
2026-10-03 10:35:23,287 INFO iter=5500 epoch=1 lr=2.00e-04 G=8.301 advA2B=0.455 advB2A=0.559 cycA=0.242 cycB=0.256 idtA=0.232 idtB=0.229 D_A=0.160 D_B=0.192 D_A(real)=0.73 D_A(fake)=0.28 gnG=48.67 gnD=10.96 it_per_s=4.36
2026-10-03 10:35:45,713 INFO iter=5600 epoch=1 lr=2.00e-04 G=8.288 advA2B=0.455 advB2A=0.560 cycA=0.242 cycB=0.256 idtA=0.232 idtB=0.229 D_A=0.160 D_B=0.192 D_A(real)=0.73 D_A(fake)=0.28 gnG=48.40 gnD=10.96 it_per_s=4.37
2026-10-03 10:36:08,131 INFO iter=5700 epoch=1 lr=2.00e-04 G=8.273 advA2B=0.456 advB2A=0.559 cycA=0.241 cycB=0.255 idtA=0.231 idtB=0.228 D_A=0.160 D_B=0.192 D_A(real)=0.73 D_A(fake)=0.28 gnG=48.16 gnD=10.96 it_per_s=4.37
2026-10-03 10:36:30,849 INFO iter=5800 epoch=1 lr=2.00e-04 G=8.256 advA2B=0.457 advB2A=0.560 cycA=0.241 cycB=0.254 idtA=0.231 idtB=0.228 D_A=0.160 D_B=0.191 D_A(real)=0.73 D_A(fake)=0.28 gnG=47.99 gnD=10.95 it_per_s=4.37
2026-10-03 10:36:53,309 INFO iter=5900 epoch=1 lr=2.00e-04 G=8.234 advA2B=0.457 advB2A=0.560 cycA=0.240 cycB=0.253 idtA=0.230 idtB=0.227 D_A=0.160 D_B=0.191 D_A(real)=0.73 D_A(fake)=0.28 gnG=47.71 gnD=10.95 it_per_s=4.37
2026-10-03 10:37:15,816 INFO iter=6000 epoch=1 lr=2.00e-04 G=8.217 advA2B=0.457 advB2A=0.561 cycA=0.239 cycB=0.253 idtA=0.229 idtB=0.227 D_A=0.160 D_B=0.191 D_A(real)=0.73 D_A(fake)=0.28 gnG=47.51 gnD=10.96 it_per_s=4.37
2026-10-03 10:37:38,237 INFO iter=6100 epoch=1 lr=2.00e-04 G=8.197 advA2B=0.457 advB2A=0.562 cycA=0.238 cycB=0.252 idtA=0.229 idtB=0.226 D_A=0.159 D_B=0.190 D_A(real)=0.73 D_A(fake)=0.28 gnG=47.29 gnD=10.95 it_per_s=4.37
2026-10-03 10:38:00,509 INFO iter=6200 epoch=1 lr=2.00e-04 G=8.183 advA2B=0.457 advB2A=0.563 cycA=0.238 cycB=0.251 idtA=0.229 idtB=0.225 D_A=0.159 D_B=0.190 D_A(real)=0.73 D_A(fake)=0.27 gnG=47.08 gnD=10.94 it_per_s=4.37
2026-10-03 10:38:22,937 INFO iter=6300 epoch=1 lr=2.00e-04 G=8.176 advA2B=0.457 advB2A=0.566 cycA=0.238 cycB=0.251 idtA=0.229 idtB=0.225 D_A=0.158 D_B=0.190 D_A(real)=0.73 D_A(fake)=0.27 gnG=46.93 gnD=10.91 it_per_s=4.38
2026-10-03 10:38:45,471 INFO iter=6400 epoch=1 lr=2.00e-04 G=8.168 advA2B=0.456 advB2A=0.571 cycA=0.238 cycB=0.250 idtA=0.228 idtB=0.224 D_A=0.157 D_B=0.190 D_A(real)=0.73 D_A(fake)=0.27 gnG=46.77 gnD=10.90 it_per_s=4.38
2026-10-03 10:39:07,910 INFO iter=6500 epoch=1 lr=2.00e-04 G=8.158 advA2B=0.456 advB2A=0.575 cycA=0.237 cycB=0.250 idtA=0.228 idtB=0.224 D_A=0.156 D_B=0.190 D_A(real)=0.73 D_A(fake)=0.27 gnG=46.56 gnD=10.86 it_per_s=4.38
2026-10-03 10:39:30,431 INFO iter=6600 epoch=1 lr=2.00e-04 G=8.151 advA2B=0.456 advB2A=0.578 cycA=0.236 cycB=0.250 idtA=0.227 idtB=0.224 D_A=0.154 D_B=0.189 D_A(real)=0.73 D_A(fake)=0.27 gnG=46.41 gnD=10.82 it_per_s=4.38
2026-10-03 10:39:52,940 INFO iter=6700 epoch=1 lr=2.00e-04 G=8.148 advA2B=0.456 advB2A=0.584 cycA=0.236 cycB=0.249 idtA=0.227 idtB=0.224 D_A=0.152 D_B=0.189 D_A(real)=0.74 D_A(fake)=0.26 gnG=46.25 gnD=10.76 it_per_s=4.38
2026-10-03 10:40:15,327 INFO iter=6800 epoch=1 lr=2.00e-04 G=8.136 advA2B=0.456 advB2A=0.586 cycA=0.236 cycB=0.249 idtA=0.227 idtB=0.223 D_A=0.151 D_B=0.189 D_A(real)=0.74 D_A(fake)=0.26 gnG=46.13 gnD=10.73 it_per_s=4.38
2026-10-03 10:40:37,729 INFO iter=6900 epoch=1 lr=2.00e-04 G=8.125 advA2B=0.458 advB2A=0.585 cycA=0.235 cycB=0.248 idtA=0.226 idtB=0.223 D_A=0.151 D_B=0.189 D_A(real)=0.74 D_A(fake)=0.26 gnG=45.95 gnD=10.72 it_per_s=4.38
2026-10-03 10:41:00,154 INFO iter=7000 epoch=1 lr=2.00e-04 G=8.119 advA2B=0.459 advB2A=0.585 cycA=0.235 cycB=0.248 idtA=0.226 idtB=0.223 D_A=0.151 D_B=0.188 D_A(real)=0.74 D_A(fake)=0.26 gnG=45.77 gnD=10.71 it_per_s=4.38
2026-10-03 10:41:08,703 INFO epoch=1 done time_s=1606 it_per_s=4.38 G=8.112 cycA=0.235 cycB=0.248 idtA=0.226 idtB=0.223 D_A=0.151 D_B=0.188 D_A(real)=0.74 D_A(fake)=0.26 nan_count=0
2026-10-03 10:41:29,177 INFO iter=7100 epoch=2 lr=2.00e-04 G=7.085 advA2B=0.483 advB2A=0.551 cycA=0.200 cycB=0.210 idtA=0.193 idtB=0.196 D_A=0.173 D_B=0.157 D_A(real)=0.70 D_A(fake)=0.30 gnG=31.22 gnD=10.61 it_per_s=4.43
2026-10-03 10:41:51,586 INFO iter=7200 epoch=2 lr=2.00e-04 G=7.123 advA2B=0.495 advB2A=0.574 cycA=0.205 cycB=0.206 idtA=0.199 idtB=0.190 D_A=0.163 D_B=0.162 D_A(real)=0.73 D_A(fake)=0.28 gnG=32.14 gnD=10.70 it_per_s=4.45
2026-10-03 10:42:14,193 INFO iter=7300 epoch=2 lr=2.00e-04 G=7.179 advA2B=0.490 advB2A=0.575 cycA=0.207 cycB=0.207 idtA=0.202 idtB=0.192 D_A=0.152 D_B=0.170 D_A(real)=0.74 D_A(fake)=0.26 gnG=32.06 gnD=10.27 it_per_s=4.44
2026-10-03 10:42:36,630 INFO iter=7400 epoch=2 lr=2.00e-04 G=7.141 advA2B=0.487 advB2A=0.562 cycA=0.205 cycB=0.207 idtA=0.199 idtB=0.194 D_A=0.155 D_B=0.170 D_A(real)=0.73 D_A(fake)=0.27 gnG=32.44 gnD=10.12 it_per_s=4.44
2026-10-03 10:42:59,152 INFO iter=7500 epoch=2 lr=2.00e-04 G=7.168 advA2B=0.497 advB2A=0.571 cycA=0.205 cycB=0.208 idtA=0.199 idtB=0.195 D_A=0.155 D_B=0.172 D_A(real)=0.73 D_A(fake)=0.27 gnG=32.72 gnD=10.31 it_per_s=4.44
2026-10-03 10:43:21,929 INFO iter=7600 epoch=2 lr=2.00e-04 G=7.163 advA2B=0.498 advB2A=0.579 cycA=0.205 cycB=0.207 idtA=0.199 idtB=0.195 D_A=0.156 D_B=0.172 D_A(real)=0.73 D_A(fake)=0.27 gnG=32.70 gnD=10.20 it_per_s=4.43
2026-10-03 10:43:44,382 INFO iter=7700 epoch=2 lr=2.00e-04 G=7.135 advA2B=0.493 advB2A=0.586 cycA=0.204 cycB=0.206 idtA=0.197 idtB=0.194 D_A=0.158 D_B=0.172 D_A(real)=0.73 D_A(fake)=0.27 gnG=32.77 gnD=10.18 it_per_s=4.44
2026-10-03 10:44:06,757 INFO iter=7800 epoch=2 lr=2.00e-04 G=7.129 advA2B=0.497 advB2A=0.575 cycA=0.203 cycB=0.207 idtA=0.197 idtB=0.194 D_A=0.159 D_B=0.172 D_A(real)=0.72 D_A(fake)=0.28 gnG=32.86 gnD=10.13 it_per_s=4.44
2026-10-03 10:44:29,325 INFO iter=7900 epoch=2 lr=2.00e-04 G=7.120 advA2B=0.494 advB2A=0.581 cycA=0.203 cycB=0.207 idtA=0.196 idtB=0.194 D_A=0.158 D_B=0.172 D_A(real)=0.73 D_A(fake)=0.27 gnG=32.60 gnD=10.08 it_per_s=4.44
2026-10-03 10:44:51,734 INFO iter=8000 epoch=2 lr=2.00e-04 G=7.101 advA2B=0.492 advB2A=0.579 cycA=0.202 cycB=0.206 idtA=0.196 idtB=0.193 D_A=0.159 D_B=0.174 D_A(real)=0.72 D_A(fake)=0.28 gnG=32.43 gnD=10.06 it_per_s=4.44
2026-10-03 10:45:14,261 INFO iter=8100 epoch=2 lr=2.00e-04 G=7.103 advA2B=0.491 advB2A=0.578 cycA=0.202 cycB=0.207 idtA=0.196 idtB=0.193 D_A=0.157 D_B=0.175 D_A(real)=0.73 D_A(fake)=0.27 gnG=32.40 gnD=9.95 it_per_s=4.44
2026-10-03 10:45:36,721 INFO iter=8200 epoch=2 lr=2.00e-04 G=7.096 advA2B=0.494 advB2A=0.581 cycA=0.201 cycB=0.206 idtA=0.196 idtB=0.193 D_A=0.155 D_B=0.174 D_A(real)=0.73 D_A(fake)=0.27 gnG=32.67 gnD=9.90 it_per_s=4.44
2026-10-03 10:45:59,149 INFO iter=8300 epoch=2 lr=2.00e-04 G=7.090 advA2B=0.498 advB2A=0.575 cycA=0.202 cycB=0.205 idtA=0.196 idtB=0.193 D_A=0.155 D_B=0.174 D_A(real)=0.73 D_A(fake)=0.27 gnG=32.60 gnD=9.91 it_per_s=4.44
2026-10-03 10:46:21,432 INFO iter=8400 epoch=2 lr=2.00e-04 G=7.070 advA2B=0.490 advB2A=0.574 cycA=0.201 cycB=0.205 idtA=0.196 idtB=0.193 D_A=0.155 D_B=0.176 D_A(real)=0.73 D_A(fake)=0.27 gnG=32.53 gnD=9.85 it_per_s=4.45
2026-10-03 10:46:43,798 INFO iter=8500 epoch=2 lr=2.00e-04 G=7.090 advA2B=0.488 advB2A=0.572 cycA=0.202 cycB=0.206 idtA=0.196 idtB=0.193 D_A=0.154 D_B=0.175 D_A(real)=0.73 D_A(fake)=0.27 gnG=32.93 gnD=9.87 it_per_s=4.45
2026-10-03 10:47:06,304 INFO iter=8600 epoch=2 lr=2.00e-04 G=7.110 advA2B=0.488 advB2A=0.577 cycA=0.202 cycB=0.207 idtA=0.196 idtB=0.194 D_A=0.153 D_B=0.175 D_A(real)=0.73 D_A(fake)=0.27 gnG=33.02 gnD=9.86 it_per_s=4.45
2026-10-03 10:47:28,870 INFO iter=8700 epoch=2 lr=2.00e-04 G=7.112 advA2B=0.490 advB2A=0.584 cycA=0.202 cycB=0.207 idtA=0.196 idtB=0.194 D_A=0.151 D_B=0.174 D_A(real)=0.74 D_A(fake)=0.26 gnG=32.95 gnD=9.80 it_per_s=4.45
2026-10-03 10:47:51,169 INFO iter=8800 epoch=2 lr=2.00e-04 G=7.105 advA2B=0.487 advB2A=0.586 cycA=0.202 cycB=0.207 idtA=0.196 idtB=0.193 D_A=0.151 D_B=0.174 D_A(real)=0.74 D_A(fake)=0.26 gnG=32.90 gnD=9.85 it_per_s=4.45
2026-10-03 10:48:13,393 INFO iter=8900 epoch=2 lr=2.00e-04 G=7.103 advA2B=0.491 advB2A=0.588 cycA=0.201 cycB=0.207 idtA=0.196 idtB=0.193 D_A=0.151 D_B=0.174 D_A(real)=0.74 D_A(fake)=0.26 gnG=33.02 gnD=9.88 it_per_s=4.45
2026-10-03 10:48:35,584 INFO iter=9000 epoch=2 lr=2.00e-04 G=7.089 advA2B=0.492 advB2A=0.586 cycA=0.201 cycB=0.206 idtA=0.196 idtB=0.193 D_A=0.152 D_B=0.173 D_A(real)=0.73 D_A(fake)=0.26 gnG=32.79 gnD=9.86 it_per_s=4.45
2026-10-03 10:48:57,683 INFO iter=9100 epoch=2 lr=2.00e-04 G=7.085 advA2B=0.491 advB2A=0.586 cycA=0.200 cycB=0.206 idtA=0.195 idtB=0.193 D_A=0.152 D_B=0.172 D_A(real)=0.73 D_A(fake)=0.27 gnG=32.70 gnD=9.84 it_per_s=4.46
2026-10-03 10:49:19,331 INFO iter=9200 epoch=2 lr=2.00e-04 G=7.104 advA2B=0.492 advB2A=0.586 cycA=0.201 cycB=0.206 idtA=0.196 idtB=0.194 D_A=0.153 D_B=0.172 D_A(real)=0.73 D_A(fake)=0.27 gnG=32.80 gnD=9.83 it_per_s=4.47
2026-10-03 10:49:41,121 INFO iter=9300 epoch=2 lr=2.00e-04 G=7.106 advA2B=0.494 advB2A=0.587 cycA=0.201 cycB=0.207 idtA=0.196 idtB=0.194 D_A=0.153 D_B=0.173 D_A(real)=0.73 D_A(fake)=0.27 gnG=32.79 gnD=9.81 it_per_s=4.47
2026-10-03 10:50:03,389 INFO iter=9400 epoch=2 lr=2.00e-04 G=7.083 advA2B=0.492 advB2A=0.585 cycA=0.200 cycB=0.206 idtA=0.195 idtB=0.194 D_A=0.152 D_B=0.173 D_A(real)=0.73 D_A(fake)=0.27 gnG=32.63 gnD=9.84 it_per_s=4.47
2026-10-03 10:50:25,225 INFO iter=9500 epoch=2 lr=2.00e-04 G=7.079 advA2B=0.496 advB2A=0.586 cycA=0.200 cycB=0.206 idtA=0.195 idtB=0.193 D_A=0.152 D_B=0.173 D_A(real)=0.73 D_A(fake)=0.27 gnG=32.58 gnD=9.87 it_per_s=4.48
2026-10-03 10:50:47,266 INFO iter=9600 epoch=2 lr=2.00e-04 G=7.068 advA2B=0.497 advB2A=0.585 cycA=0.199 cycB=0.206 idtA=0.194 idtB=0.193 D_A=0.152 D_B=0.172 D_A(real)=0.73 D_A(fake)=0.27 gnG=32.42 gnD=9.86 it_per_s=4.48
2026-10-03 10:51:09,748 INFO iter=9700 epoch=2 lr=2.00e-04 G=7.062 advA2B=0.497 advB2A=0.585 cycA=0.198 cycB=0.206 idtA=0.194 idtB=0.193 D_A=0.151 D_B=0.172 D_A(real)=0.73 D_A(fake)=0.26 gnG=32.42 gnD=9.85 it_per_s=4.48
2026-10-03 10:51:32,395 INFO iter=9800 epoch=2 lr=2.00e-04 G=7.065 advA2B=0.497 advB2A=0.589 cycA=0.198 cycB=0.206 idtA=0.194 idtB=0.193 D_A=0.151 D_B=0.172 D_A(real)=0.74 D_A(fake)=0.26 gnG=32.39 gnD=9.86 it_per_s=4.47
2026-10-03 10:51:54,448 INFO iter=9900 epoch=2 lr=2.00e-04 G=7.061 advA2B=0.499 advB2A=0.590 cycA=0.198 cycB=0.206 idtA=0.194 idtB=0.193 D_A=0.149 D_B=0.172 D_A(real)=0.74 D_A(fake)=0.26 gnG=32.25 gnD=9.86 it_per_s=4.48
2026-10-03 10:52:16,214 INFO iter=10000 epoch=2 lr=2.00e-04 G=7.056 advA2B=0.500 advB2A=0.592 cycA=0.198 cycB=0.205 idtA=0.194 idtB=0.193 D_A=0.148 D_B=0.172 D_A(real)=0.74 D_A(fake)=0.26 gnG=32.13 gnD=9.85 it_per_s=4.48
2026-10-03 10:52:38,138 INFO iter=10100 epoch=2 lr=2.00e-04 G=7.051 advA2B=0.503 advB2A=0.592 cycA=0.198 cycB=0.205 idtA=0.194 idtB=0.193 D_A=0.149 D_B=0.171 D_A(real)=0.74 D_A(fake)=0.26 gnG=32.07 gnD=9.89 it_per_s=4.48
2026-10-03 10:53:00,374 INFO iter=10200 epoch=2 lr=2.00e-04 G=7.050 advA2B=0.503 advB2A=0.590 cycA=0.197 cycB=0.205 idtA=0.194 idtB=0.193 D_A=0.149 D_B=0.171 D_A(real)=0.74 D_A(fake)=0.26 gnG=32.00 gnD=9.89 it_per_s=4.48
2026-10-03 10:53:22,965 INFO iter=10300 epoch=2 lr=2.00e-04 G=7.039 advA2B=0.506 advB2A=0.593 cycA=0.197 cycB=0.204 idtA=0.193 idtB=0.192 D_A=0.148 D_B=0.170 D_A(real)=0.74 D_A(fake)=0.26 gnG=31.90 gnD=9.90 it_per_s=4.48
2026-10-03 10:53:45,583 INFO iter=10400 epoch=2 lr=2.00e-04 G=7.045 advA2B=0.509 advB2A=0.595 cycA=0.197 cycB=0.205 idtA=0.193 idtB=0.193 D_A=0.148 D_B=0.169 D_A(real)=0.74 D_A(fake)=0.26 gnG=31.85 gnD=9.90 it_per_s=4.48
2026-10-03 10:54:08,222 INFO iter=10500 epoch=2 lr=2.00e-04 G=7.036 advA2B=0.507 advB2A=0.597 cycA=0.196 cycB=0.204 idtA=0.192 idtB=0.193 D_A=0.148 D_B=0.169 D_A(real)=0.74 D_A(fake)=0.26 gnG=31.78 gnD=9.89 it_per_s=4.48
2026-10-03 10:54:30,762 INFO iter=10600 epoch=2 lr=2.00e-04 G=7.032 advA2B=0.507 advB2A=0.596 cycA=0.196 cycB=0.204 idtA=0.192 idtB=0.193 D_A=0.148 D_B=0.169 D_A(real)=0.74 D_A(fake)=0.26 gnG=31.73 gnD=9.86 it_per_s=4.48
2026-10-03 10:54:53,281 INFO iter=10700 epoch=2 lr=2.00e-04 G=7.034 advA2B=0.508 advB2A=0.597 cycA=0.196 cycB=0.205 idtA=0.192 idtB=0.193 D_A=0.147 D_B=0.169 D_A(real)=0.74 D_A(fake)=0.26 gnG=31.72 gnD=9.83 it_per_s=4.48
2026-10-03 10:55:15,771 INFO iter=10800 epoch=2 lr=2.00e-04 G=7.032 advA2B=0.508 advB2A=0.599 cycA=0.196 cycB=0.204 idtA=0.192 idtB=0.192 D_A=0.146 D_B=0.168 D_A(real)=0.74 D_A(fake)=0.26 gnG=31.74 gnD=9.80 it_per_s=4.48
2026-10-03 10:55:37,840 INFO iter=10900 epoch=2 lr=2.00e-04 G=7.041 advA2B=0.511 advB2A=0.599 cycA=0.196 cycB=0.204 idtA=0.192 idtB=0.192 D_A=0.146 D_B=0.168 D_A(real)=0.74 D_A(fake)=0.26 gnG=31.81 gnD=9.79 it_per_s=4.48
2026-10-03 10:55:59,984 INFO iter=11000 epoch=2 lr=2.00e-04 G=7.071 advA2B=0.516 advB2A=0.599 cycA=0.197 cycB=0.206 idtA=0.193 idtB=0.193 D_A=0.146 D_B=0.166 D_A(real)=0.74 D_A(fake)=0.26 gnG=31.93 gnD=9.79 it_per_s=4.48
2026-10-03 10:56:22,521 INFO iter=11100 epoch=2 lr=2.00e-04 G=7.095 advA2B=0.518 advB2A=0.600 cycA=0.197 cycB=0.207 idtA=0.193 idtB=0.195 D_A=0.145 D_B=0.166 D_A(real)=0.74 D_A(fake)=0.25 gnG=31.99 gnD=9.77 it_per_s=4.48
2026-10-03 10:56:44,834 INFO iter=11200 epoch=2 lr=2.00e-04 G=7.106 advA2B=0.517 advB2A=0.604 cycA=0.198 cycB=0.207 idtA=0.193 idtB=0.195 D_A=0.144 D_B=0.165 D_A(real)=0.75 D_A(fake)=0.25 gnG=31.98 gnD=9.74 it_per_s=4.48
2026-10-03 10:57:07,389 INFO iter=11300 epoch=2 lr=2.00e-04 G=7.107 advA2B=0.518 advB2A=0.605 cycA=0.198 cycB=0.207 idtA=0.193 idtB=0.194 D_A=0.144 D_B=0.165 D_A(real)=0.75 D_A(fake)=0.25 gnG=32.01 gnD=9.71 it_per_s=4.48
2026-10-03 10:57:29,862 INFO iter=11400 epoch=2 lr=2.00e-04 G=7.115 advA2B=0.518 advB2A=0.605 cycA=0.198 cycB=0.208 idtA=0.193 idtB=0.195 D_A=0.143 D_B=0.165 D_A(real)=0.75 D_A(fake)=0.25 gnG=32.14 gnD=9.70 it_per_s=4.48
2026-10-03 10:57:52,140 INFO iter=11500 epoch=2 lr=2.00e-04 G=7.122 advA2B=0.519 advB2A=0.605 cycA=0.198 cycB=0.208 idtA=0.193 idtB=0.195 D_A=0.143 D_B=0.164 D_A(real)=0.75 D_A(fake)=0.25 gnG=32.20 gnD=9.67 it_per_s=4.48
2026-10-03 10:58:14,666 INFO iter=11600 epoch=2 lr=2.00e-04 G=7.134 advA2B=0.519 advB2A=0.606 cycA=0.199 cycB=0.208 idtA=0.193 idtB=0.195 D_A=0.143 D_B=0.164 D_A(real)=0.75 D_A(fake)=0.25 gnG=32.22 gnD=9.65 it_per_s=4.47
2026-10-03 10:58:37,208 INFO iter=11700 epoch=2 lr=2.00e-04 G=7.136 advA2B=0.520 advB2A=0.605 cycA=0.199 cycB=0.208 idtA=0.193 idtB=0.195 D_A=0.143 D_B=0.164 D_A(real)=0.75 D_A(fake)=0.25 gnG=32.25 gnD=9.63 it_per_s=4.47
2026-10-03 10:58:59,828 INFO iter=11800 epoch=2 lr=2.00e-04 G=7.134 advA2B=0.520 advB2A=0.607 cycA=0.199 cycB=0.208 idtA=0.193 idtB=0.195 D_A=0.143 D_B=0.164 D_A(real)=0.75 D_A(fake)=0.25 gnG=32.22 gnD=9.61 it_per_s=4.47
2026-10-03 10:59:22,321 INFO iter=11900 epoch=2 lr=2.00e-04 G=7.142 advA2B=0.522 advB2A=0.607 cycA=0.199 cycB=0.208 idtA=0.193 idtB=0.195 D_A=0.143 D_B=0.163 D_A(real)=0.75 D_A(fake)=0.25 gnG=32.38 gnD=9.59 it_per_s=4.47
2026-10-03 10:59:44,842 INFO iter=12000 epoch=2 lr=2.00e-04 G=7.140 advA2B=0.522 advB2A=0.610 cycA=0.199 cycB=0.208 idtA=0.193 idtB=0.195 D_A=0.142 D_B=0.163 D_A(real)=0.75 D_A(fake)=0.25 gnG=32.36 gnD=9.57 it_per_s=4.47
2026-10-03 11:00:07,341 INFO iter=12100 epoch=2 lr=2.00e-04 G=7.138 advA2B=0.520 advB2A=0.610 cycA=0.198 cycB=0.208 idtA=0.193 idtB=0.195 D_A=0.142 D_B=0.163 D_A(real)=0.75 D_A(fake)=0.25 gnG=32.33 gnD=9.55 it_per_s=4.47
2026-10-03 11:00:29,951 INFO iter=12200 epoch=2 lr=2.00e-04 G=7.140 advA2B=0.520 advB2A=0.610 cycA=0.199 cycB=0.209 idtA=0.193 idtB=0.195 D_A=0.142 D_B=0.163 D_A(real)=0.75 D_A(fake)=0.25 gnG=32.36 gnD=9.53 it_per_s=4.47
2026-10-03 11:00:51,847 INFO iter=12300 epoch=2 lr=2.00e-04 G=7.151 advA2B=0.523 advB2A=0.612 cycA=0.199 cycB=0.209 idtA=0.193 idtB=0.195 D_A=0.141 D_B=0.163 D_A(real)=0.75 D_A(fake)=0.25 gnG=32.46 gnD=9.49 it_per_s=4.47
2026-10-03 11:01:13,735 INFO iter=12400 epoch=2 lr=2.00e-04 G=7.151 advA2B=0.522 advB2A=0.616 cycA=0.199 cycB=0.209 idtA=0.193 idtB=0.195 D_A=0.140 D_B=0.163 D_A(real)=0.75 D_A(fake)=0.25 gnG=32.43 gnD=9.47 it_per_s=4.47
2026-10-03 11:01:36,146 INFO iter=12500 epoch=2 lr=2.00e-04 G=7.160 advA2B=0.521 advB2A=0.616 cycA=0.199 cycB=0.209 idtA=0.193 idtB=0.195 D_A=0.140 D_B=0.163 D_A(real)=0.75 D_A(fake)=0.25 gnG=32.49 gnD=9.46 it_per_s=4.47
2026-10-03 11:01:57,988 INFO iter=12600 epoch=2 lr=2.00e-04 G=7.165 advA2B=0.521 advB2A=0.616 cycA=0.200 cycB=0.209 idtA=0.193 idtB=0.195 D_A=0.140 D_B=0.163 D_A(real)=0.75 D_A(fake)=0.25 gnG=32.52 gnD=9.46 it_per_s=4.48
2026-10-03 11:02:19,793 INFO iter=12700 epoch=2 lr=2.00e-04 G=7.158 advA2B=0.521 advB2A=0.616 cycA=0.199 cycB=0.209 idtA=0.193 idtB=0.195 D_A=0.140 D_B=0.163 D_A(real)=0.75 D_A(fake)=0.24 gnG=32.51 gnD=9.44 it_per_s=4.48
2026-10-03 11:02:41,971 INFO iter=12800 epoch=2 lr=2.00e-04 G=7.161 advA2B=0.523 advB2A=0.616 cycA=0.199 cycB=0.209 idtA=0.193 idtB=0.195 D_A=0.140 D_B=0.163 D_A(real)=0.75 D_A(fake)=0.24 gnG=32.55 gnD=9.42 it_per_s=4.48
2026-10-03 11:03:04,128 INFO iter=12900 epoch=2 lr=2.00e-04 G=7.151 advA2B=0.521 advB2A=0.615 cycA=0.199 cycB=0.209 idtA=0.193 idtB=0.195 D_A=0.139 D_B=0.163 D_A(real)=0.76 D_A(fake)=0.24 gnG=32.46 gnD=9.42 it_per_s=4.48
2026-10-03 11:03:26,274 INFO iter=13000 epoch=2 lr=2.00e-04 G=7.145 advA2B=0.522 advB2A=0.617 cycA=0.199 cycB=0.208 idtA=0.192 idtB=0.195 D_A=0.139 D_B=0.163 D_A(real)=0.76 D_A(fake)=0.24 gnG=32.44 gnD=9.42 it_per_s=4.48
2026-10-03 11:03:48,170 INFO iter=13100 epoch=2 lr=2.00e-04 G=7.149 advA2B=0.521 advB2A=0.619 cycA=0.199 cycB=0.208 idtA=0.193 idtB=0.195 D_A=0.139 D_B=0.163 D_A(real)=0.76 D_A(fake)=0.24 gnG=32.40 gnD=9.42 it_per_s=4.48
2026-10-03 11:04:10,643 INFO iter=13200 epoch=2 lr=2.00e-04 G=7.144 advA2B=0.520 advB2A=0.619 cycA=0.199 cycB=0.208 idtA=0.193 idtB=0.195 D_A=0.139 D_B=0.164 D_A(real)=0.76 D_A(fake)=0.24 gnG=32.34 gnD=9.41 it_per_s=4.48
2026-10-03 11:04:32,722 INFO iter=13300 epoch=2 lr=2.00e-04 G=7.132 advA2B=0.520 advB2A=0.620 cycA=0.198 cycB=0.208 idtA=0.192 idtB=0.194 D_A=0.139 D_B=0.164 D_A(real)=0.76 D_A(fake)=0.24 gnG=32.26 gnD=9.40 it_per_s=4.48
2026-10-03 11:04:54,304 INFO iter=13400 epoch=2 lr=2.00e-04 G=7.127 advA2B=0.520 advB2A=0.620 cycA=0.198 cycB=0.207 idtA=0.192 idtB=0.194 D_A=0.139 D_B=0.164 D_A(real)=0.76 D_A(fake)=0.24 gnG=32.22 gnD=9.40 it_per_s=4.48
2026-10-03 11:05:16,125 INFO iter=13500 epoch=2 lr=2.00e-04 G=7.122 advA2B=0.521 advB2A=0.618 cycA=0.198 cycB=0.207 idtA=0.192 idtB=0.194 D_A=0.139 D_B=0.163 D_A(real)=0.76 D_A(fake)=0.24 gnG=32.16 gnD=9.39 it_per_s=4.48
2026-10-03 11:05:38,423 INFO iter=13600 epoch=2 lr=2.00e-04 G=7.114 advA2B=0.521 advB2A=0.618 cycA=0.198 cycB=0.207 idtA=0.192 idtB=0.194 D_A=0.139 D_B=0.163 D_A(real)=0.76 D_A(fake)=0.24 gnG=32.08 gnD=9.39 it_per_s=4.48
2026-10-03 11:06:00,174 INFO iter=13700 epoch=2 lr=2.00e-04 G=7.108 advA2B=0.522 advB2A=0.617 cycA=0.198 cycB=0.207 idtA=0.192 idtB=0.193 D_A=0.139 D_B=0.163 D_A(real)=0.76 D_A(fake)=0.24 gnG=32.01 gnD=9.38 it_per_s=4.49
2026-10-03 11:06:22,120 INFO iter=13800 epoch=2 lr=2.00e-04 G=7.100 advA2B=0.523 advB2A=0.616 cycA=0.197 cycB=0.206 idtA=0.192 idtB=0.193 D_A=0.139 D_B=0.163 D_A(real)=0.76 D_A(fake)=0.24 gnG=31.98 gnD=9.38 it_per_s=4.49
2026-10-03 11:06:44,005 INFO iter=13900 epoch=2 lr=2.00e-04 G=7.094 advA2B=0.523 advB2A=0.615 cycA=0.197 cycB=0.206 idtA=0.192 idtB=0.193 D_A=0.139 D_B=0.163 D_A(real)=0.76 D_A(fake)=0.24 gnG=31.92 gnD=9.38 it_per_s=4.49
2026-10-03 11:07:06,083 INFO iter=14000 epoch=2 lr=2.00e-04 G=7.089 advA2B=0.523 advB2A=0.614 cycA=0.197 cycB=0.206 idtA=0.191 idtB=0.193 D_A=0.139 D_B=0.163 D_A(real)=0.75 D_A(fake)=0.24 gnG=31.88 gnD=9.36 it_per_s=4.49
2026-10-03 11:07:22,505 INFO epoch=2 done time_s=1567 it_per_s=4.49 G=7.088 cycA=0.197 cycB=0.206 idtA=0.191 idtB=0.193 D_A=0.139 D_B=0.163 D_A(real)=0.75 D_A(fake)=0.24 nan_count=0
2026-10-03 11:07:28,498 INFO iter=14100 epoch=3 lr=2.00e-04 G=6.835 advA2B=0.559 advB2A=0.529 cycA=0.179 cycB=0.211 idtA=0.174 idtB=0.196 D_A=0.129 D_B=0.176 D_A(real)=0.77 D_A(fake)=0.24 gnG=31.08 gnD=8.84 it_per_s=4.41
2026-10-03 11:07:50,390 INFO iter=14200 epoch=3 lr=2.00e-04 G=6.543 advA2B=0.522 advB2A=0.591 cycA=0.178 cycB=0.188 idtA=0.176 idtB=0.177 D_A=0.133 D_B=0.145 D_A(real)=0.76 D_A(fake)=0.24 gnG=28.12 gnD=8.42 it_per_s=4.54
2026-10-03 11:08:13,005 INFO iter=14300 epoch=3 lr=2.00e-04 G=6.577 advA2B=0.516 advB2A=0.574 cycA=0.183 cycB=0.187 idtA=0.179 idtB=0.179 D_A=0.144 D_B=0.158 D_A(real)=0.74 D_A(fake)=0.26 gnG=26.94 gnD=8.92 it_per_s=4.48
2026-10-03 11:08:35,724 INFO iter=14400 epoch=3 lr=2.00e-04 G=6.715 advA2B=0.530 advB2A=0.594 cycA=0.185 cycB=0.193 idtA=0.181 idtB=0.181 D_A=0.142 D_B=0.161 D_A(real)=0.75 D_A(fake)=0.25 gnG=29.01 gnD=9.00 it_per_s=4.46
2026-10-03 11:08:58,301 INFO iter=14500 epoch=3 lr=2.00e-04 G=6.722 advA2B=0.544 advB2A=0.613 cycA=0.184 cycB=0.193 idtA=0.179 idtB=0.180 D_A=0.142 D_B=0.157 D_A(real)=0.75 D_A(fake)=0.25 gnG=29.00 gnD=9.13 it_per_s=4.45
2026-10-03 11:09:20,866 INFO iter=14600 epoch=3 lr=2.00e-04 G=6.721 advA2B=0.543 advB2A=0.601 cycA=0.185 cycB=0.192 idtA=0.182 idtB=0.179 D_A=0.143 D_B=0.154 D_A(real)=0.74 D_A(fake)=0.26 gnG=29.23 gnD=9.04 it_per_s=4.45
2026-10-03 11:09:43,346 INFO iter=14700 epoch=3 lr=2.00e-04 G=6.721 advA2B=0.553 advB2A=0.604 cycA=0.184 cycB=0.192 idtA=0.182 idtB=0.179 D_A=0.146 D_B=0.153 D_A(real)=0.74 D_A(fake)=0.26 gnG=29.01 gnD=9.11 it_per_s=4.45
2026-10-03 11:10:05,841 INFO iter=14800 epoch=3 lr=2.00e-04 G=6.706 advA2B=0.553 advB2A=0.602 cycA=0.185 cycB=0.191 idtA=0.182 idtB=0.177 D_A=0.145 D_B=0.154 D_A(real)=0.74 D_A(fake)=0.26 gnG=29.08 gnD=9.04 it_per_s=4.45
2026-10-03 11:10:28,385 INFO iter=14900 epoch=3 lr=2.00e-04 G=6.781 advA2B=0.544 advB2A=0.614 cycA=0.188 cycB=0.192 idtA=0.184 idtB=0.179 D_A=0.145 D_B=0.156 D_A(real)=0.74 D_A(fake)=0.26 gnG=30.11 gnD=8.99 it_per_s=4.45
2026-10-03 11:10:50,698 INFO iter=15000 epoch=3 lr=2.00e-04 G=6.784 advA2B=0.536 advB2A=0.605 cycA=0.188 cycB=0.194 idtA=0.184 idtB=0.181 D_A=0.146 D_B=0.155 D_A(real)=0.74 D_A(fake)=0.26 gnG=29.61 gnD=8.85 it_per_s=4.45
2026-10-03 11:11:13,269 INFO iter=15100 epoch=3 lr=2.00e-04 G=6.774 advA2B=0.532 advB2A=0.607 cycA=0.188 cycB=0.193 idtA=0.185 idtB=0.181 D_A=0.145 D_B=0.156 D_A(real)=0.74 D_A(fake)=0.26 gnG=29.30 gnD=8.82 it_per_s=4.45
2026-10-03 11:11:35,329 INFO iter=15200 epoch=3 lr=2.00e-04 G=6.775 advA2B=0.530 advB2A=0.604 cycA=0.189 cycB=0.192 idtA=0.185 idtB=0.181 D_A=0.144 D_B=0.156 D_A(real)=0.74 D_A(fake)=0.26 gnG=29.19 gnD=8.73 it_per_s=4.46
2026-10-03 11:11:57,101 INFO iter=15300 epoch=3 lr=2.00e-04 G=6.775 advA2B=0.535 advB2A=0.602 cycA=0.189 cycB=0.192 idtA=0.185 idtB=0.181 D_A=0.144 D_B=0.155 D_A(real)=0.74 D_A(fake)=0.26 gnG=29.14 gnD=8.67 it_per_s=4.47
2026-10-03 11:12:19,298 INFO iter=15400 epoch=3 lr=2.00e-04 G=6.767 advA2B=0.547 advB2A=0.604 cycA=0.188 cycB=0.192 idtA=0.184 idtB=0.181 D_A=0.145 D_B=0.155 D_A(real)=0.74 D_A(fake)=0.26 gnG=29.00 gnD=8.63 it_per_s=4.47
2026-10-03 11:12:41,592 INFO iter=15500 epoch=3 lr=2.00e-04 G=6.753 advA2B=0.544 advB2A=0.599 cycA=0.188 cycB=0.191 idtA=0.184 idtB=0.181 D_A=0.144 D_B=0.156 D_A(real)=0.74 D_A(fake)=0.26 gnG=28.75 gnD=8.63 it_per_s=4.47
2026-10-03 11:13:03,412 INFO iter=15600 epoch=3 lr=2.00e-04 G=6.741 advA2B=0.539 advB2A=0.600 cycA=0.187 cycB=0.191 idtA=0.184 idtB=0.181 D_A=0.145 D_B=0.157 D_A(real)=0.74 D_A(fake)=0.26 gnG=28.65 gnD=8.62 it_per_s=4.48
2026-10-03 11:13:25,708 INFO iter=15700 epoch=3 lr=2.00e-04 G=6.724 advA2B=0.540 advB2A=0.601 cycA=0.187 cycB=0.190 idtA=0.183 idtB=0.180 D_A=0.144 D_B=0.158 D_A(real)=0.74 D_A(fake)=0.26 gnG=28.37 gnD=8.65 it_per_s=4.48
2026-10-03 11:13:48,395 INFO iter=15800 epoch=3 lr=2.00e-04 G=6.718 advA2B=0.542 advB2A=0.601 cycA=0.186 cycB=0.190 idtA=0.183 idtB=0.180 D_A=0.144 D_B=0.157 D_A(real)=0.74 D_A(fake)=0.26 gnG=28.09 gnD=8.70 it_per_s=4.47
2026-10-03 11:14:10,764 INFO iter=15900 epoch=3 lr=2.00e-04 G=6.693 advA2B=0.538 advB2A=0.596 cycA=0.186 cycB=0.189 idtA=0.183 idtB=0.180 D_A=0.144 D_B=0.157 D_A(real)=0.74 D_A(fake)=0.26 gnG=27.96 gnD=8.69 it_per_s=4.47
2026-10-03 11:14:32,798 INFO iter=16000 epoch=3 lr=2.00e-04 G=6.677 advA2B=0.537 advB2A=0.592 cycA=0.185 cycB=0.189 idtA=0.182 idtB=0.179 D_A=0.146 D_B=0.157 D_A(real)=0.74 D_A(fake)=0.26 gnG=27.85 gnD=8.68 it_per_s=4.48
2026-10-03 11:14:55,424 INFO iter=16100 epoch=3 lr=2.00e-04 G=6.667 advA2B=0.533 advB2A=0.597 cycA=0.185 cycB=0.189 idtA=0.182 idtB=0.179 D_A=0.145 D_B=0.158 D_A(real)=0.74 D_A(fake)=0.26 gnG=27.79 gnD=8.61 it_per_s=4.47
2026-10-03 11:15:17,935 INFO iter=16200 epoch=3 lr=2.00e-04 G=6.651 advA2B=0.531 advB2A=0.599 cycA=0.184 cycB=0.188 idtA=0.181 idtB=0.179 D_A=0.145 D_B=0.159 D_A(real)=0.74 D_A(fake)=0.26 gnG=27.68 gnD=8.61 it_per_s=4.47
2026-10-03 11:15:40,276 INFO iter=16300 epoch=3 lr=2.00e-04 G=6.640 advA2B=0.528 advB2A=0.600 cycA=0.184 cycB=0.188 idtA=0.181 idtB=0.178 D_A=0.145 D_B=0.159 D_A(real)=0.74 D_A(fake)=0.26 gnG=27.57 gnD=8.58 it_per_s=4.47
2026-10-03 11:16:02,920 INFO iter=16400 epoch=3 lr=2.00e-04 G=6.640 advA2B=0.528 advB2A=0.603 cycA=0.184 cycB=0.188 idtA=0.181 idtB=0.178 D_A=0.144 D_B=0.160 D_A(real)=0.74 D_A(fake)=0.26 gnG=27.47 gnD=8.56 it_per_s=4.47
2026-10-03 11:16:25,550 INFO iter=16500 epoch=3 lr=2.00e-04 G=6.631 advA2B=0.526 advB2A=0.601 cycA=0.183 cycB=0.188 idtA=0.181 idtB=0.178 D_A=0.145 D_B=0.161 D_A(real)=0.74 D_A(fake)=0.26 gnG=27.45 gnD=8.56 it_per_s=4.47
2026-10-03 11:16:48,322 INFO iter=16600 epoch=3 lr=2.00e-04 G=6.620 advA2B=0.523 advB2A=0.603 cycA=0.183 cycB=0.188 idtA=0.180 idtB=0.178 D_A=0.145 D_B=0.162 D_A(real)=0.74 D_A(fake)=0.26 gnG=27.35 gnD=8.57 it_per_s=4.47
2026-10-03 11:17:10,849 INFO iter=16700 epoch=3 lr=2.00e-04 G=6.601 advA2B=0.520 advB2A=0.600 cycA=0.182 cycB=0.187 idtA=0.180 idtB=0.177 D_A=0.146 D_B=0.163 D_A(real)=0.74 D_A(fake)=0.26 gnG=27.23 gnD=8.56 it_per_s=4.46
2026-10-03 11:17:33,387 INFO iter=16800 epoch=3 lr=2.00e-04 G=6.580 advA2B=0.519 advB2A=0.599 cycA=0.182 cycB=0.186 idtA=0.180 idtB=0.176 D_A=0.145 D_B=0.163 D_A(real)=0.74 D_A(fake)=0.26 gnG=27.17 gnD=8.55 it_per_s=4.46
2026-10-03 11:17:55,649 INFO iter=16900 epoch=3 lr=2.00e-04 G=6.570 advA2B=0.517 advB2A=0.599 cycA=0.182 cycB=0.186 idtA=0.179 idtB=0.176 D_A=0.147 D_B=0.163 D_A(real)=0.74 D_A(fake)=0.26 gnG=27.05 gnD=8.55 it_per_s=4.46
2026-10-03 11:18:17,915 INFO iter=17000 epoch=3 lr=2.00e-04 G=6.571 advA2B=0.515 advB2A=0.601 cycA=0.181 cycB=0.186 idtA=0.179 idtB=0.176 D_A=0.146 D_B=0.164 D_A(real)=0.74 D_A(fake)=0.26 gnG=27.22 gnD=8.55 it_per_s=4.47
2026-10-03 11:18:40,139 INFO iter=17100 epoch=3 lr=2.00e-04 G=6.562 advA2B=0.513 advB2A=0.598 cycA=0.181 cycB=0.186 idtA=0.179 idtB=0.176 D_A=0.146 D_B=0.164 D_A(real)=0.74 D_A(fake)=0.26 gnG=27.17 gnD=8.54 it_per_s=4.47
2026-10-03 11:19:02,697 INFO iter=17200 epoch=3 lr=2.00e-04 G=6.552 advA2B=0.513 advB2A=0.599 cycA=0.181 cycB=0.186 idtA=0.179 idtB=0.176 D_A=0.146 D_B=0.164 D_A(real)=0.74 D_A(fake)=0.26 gnG=27.10 gnD=8.53 it_per_s=4.47
2026-10-03 11:19:25,311 INFO iter=17300 epoch=3 lr=2.00e-04 G=6.560 advA2B=0.513 advB2A=0.600 cycA=0.181 cycB=0.186 idtA=0.179 idtB=0.176 D_A=0.146 D_B=0.163 D_A(real)=0.74 D_A(fake)=0.26 gnG=27.11 gnD=8.53 it_per_s=4.46
2026-10-03 11:19:47,745 INFO iter=17400 epoch=3 lr=2.00e-04 G=6.554 advA2B=0.513 advB2A=0.598 cycA=0.181 cycB=0.186 idtA=0.179 idtB=0.176 D_A=0.146 D_B=0.163 D_A(real)=0.74 D_A(fake)=0.26 gnG=27.10 gnD=8.54 it_per_s=4.46
2026-10-03 11:20:10,016 INFO iter=17500 epoch=3 lr=2.00e-04 G=6.552 advA2B=0.512 advB2A=0.600 cycA=0.181 cycB=0.186 idtA=0.179 idtB=0.176 D_A=0.145 D_B=0.163 D_A(real)=0.74 D_A(fake)=0.26 gnG=27.10 gnD=8.55 it_per_s=4.46
2026-10-03 11:20:31,909 INFO iter=17600 epoch=3 lr=2.00e-04 G=6.549 advA2B=0.511 advB2A=0.600 cycA=0.181 cycB=0.186 idtA=0.178 idtB=0.175 D_A=0.145 D_B=0.163 D_A(real)=0.74 D_A(fake)=0.26 gnG=27.10 gnD=8.52 it_per_s=4.47
2026-10-03 11:20:53,727 INFO iter=17700 epoch=3 lr=2.00e-04 G=6.547 advA2B=0.510 advB2A=0.601 cycA=0.181 cycB=0.186 idtA=0.178 idtB=0.175 D_A=0.145 D_B=0.164 D_A(real)=0.74 D_A(fake)=0.26 gnG=27.09 gnD=8.50 it_per_s=4.47
2026-10-03 11:21:16,024 INFO iter=17800 epoch=3 lr=2.00e-04 G=6.546 advA2B=0.509 advB2A=0.601 cycA=0.181 cycB=0.186 idtA=0.178 idtB=0.175 D_A=0.145 D_B=0.164 D_A(real)=0.74 D_A(fake)=0.26 gnG=27.06 gnD=8.48 it_per_s=4.47
2026-10-03 11:21:38,011 INFO iter=17900 epoch=3 lr=2.00e-04 G=6.541 advA2B=0.510 advB2A=0.599 cycA=0.181 cycB=0.186 idtA=0.178 idtB=0.175 D_A=0.145 D_B=0.164 D_A(real)=0.74 D_A(fake)=0.26 gnG=27.13 gnD=8.47 it_per_s=4.47
2026-10-03 11:21:59,683 INFO iter=18000 epoch=3 lr=2.00e-04 G=6.536 advA2B=0.508 advB2A=0.600 cycA=0.181 cycB=0.185 idtA=0.178 idtB=0.175 D_A=0.145 D_B=0.165 D_A(real)=0.74 D_A(fake)=0.26 gnG=27.10 gnD=8.44 it_per_s=4.48
2026-10-03 11:22:21,568 INFO iter=18100 epoch=3 lr=2.00e-04 G=6.528 advA2B=0.508 advB2A=0.600 cycA=0.181 cycB=0.185 idtA=0.178 idtB=0.174 D_A=0.144 D_B=0.165 D_A(real)=0.74 D_A(fake)=0.26 gnG=27.09 gnD=8.42 it_per_s=4.48
2026-10-03 11:22:44,196 INFO iter=18200 epoch=3 lr=2.00e-04 G=6.522 advA2B=0.508 advB2A=0.601 cycA=0.181 cycB=0.185 idtA=0.178 idtB=0.174 D_A=0.144 D_B=0.165 D_A(real)=0.74 D_A(fake)=0.26 gnG=27.00 gnD=8.40 it_per_s=4.48
2026-10-03 11:23:06,933 INFO iter=18300 epoch=3 lr=2.00e-04 G=6.520 advA2B=0.507 advB2A=0.602 cycA=0.181 cycB=0.185 idtA=0.178 idtB=0.174 D_A=0.144 D_B=0.165 D_A(real)=0.74 D_A(fake)=0.26 gnG=26.93 gnD=8.39 it_per_s=4.48
2026-10-03 11:23:30,070 INFO iter=18400 epoch=3 lr=2.00e-04 G=6.511 advA2B=0.507 advB2A=0.602 cycA=0.180 cycB=0.184 idtA=0.178 idtB=0.174 D_A=0.144 D_B=0.165 D_A(real)=0.74 D_A(fake)=0.26 gnG=26.93 gnD=8.37 it_per_s=4.47
2026-10-03 11:23:53,351 INFO iter=18500 epoch=3 lr=2.00e-04 G=6.506 advA2B=0.506 advB2A=0.601 cycA=0.180 cycB=0.184 idtA=0.178 idtB=0.174 D_A=0.144 D_B=0.166 D_A(real)=0.74 D_A(fake)=0.26 gnG=26.87 gnD=8.35 it_per_s=4.47
2026-10-03 11:24:16,735 INFO iter=18600 epoch=3 lr=2.00e-04 G=6.507 advA2B=0.506 advB2A=0.602 cycA=0.180 cycB=0.184 idtA=0.178 idtB=0.174 D_A=0.143 D_B=0.166 D_A(real)=0.74 D_A(fake)=0.26 gnG=26.85 gnD=8.33 it_per_s=4.46
2026-10-03 11:24:40,058 INFO iter=18700 epoch=3 lr=2.00e-04 G=6.504 advA2B=0.506 advB2A=0.604 cycA=0.180 cycB=0.184 idtA=0.178 idtB=0.173 D_A=0.143 D_B=0.165 D_A(real)=0.74 D_A(fake)=0.26 gnG=26.83 gnD=8.34 it_per_s=4.46
2026-10-03 11:25:02,748 INFO iter=18800 epoch=3 lr=2.00e-04 G=6.503 advA2B=0.506 advB2A=0.604 cycA=0.180 cycB=0.184 idtA=0.178 idtB=0.174 D_A=0.143 D_B=0.165 D_A(real)=0.74 D_A(fake)=0.26 gnG=26.81 gnD=8.36 it_per_s=4.46
2026-10-03 11:25:25,322 INFO iter=18900 epoch=3 lr=2.00e-04 G=6.501 advA2B=0.506 advB2A=0.605 cycA=0.180 cycB=0.184 idtA=0.177 idtB=0.174 D_A=0.142 D_B=0.166 D_A(real)=0.74 D_A(fake)=0.26 gnG=26.76 gnD=8.35 it_per_s=4.46
2026-10-03 11:25:47,906 INFO iter=19000 epoch=3 lr=2.00e-04 G=6.497 advA2B=0.509 advB2A=0.605 cycA=0.180 cycB=0.184 idtA=0.177 idtB=0.173 D_A=0.143 D_B=0.165 D_A(real)=0.74 D_A(fake)=0.26 gnG=26.73 gnD=8.37 it_per_s=4.46
2026-10-03 11:26:10,465 INFO iter=19100 epoch=3 lr=2.00e-04 G=6.493 advA2B=0.510 advB2A=0.604 cycA=0.179 cycB=0.184 idtA=0.177 idtB=0.173 D_A=0.143 D_B=0.165 D_A(real)=0.74 D_A(fake)=0.26 gnG=26.70 gnD=8.37 it_per_s=4.46
2026-10-03 11:26:33,022 INFO iter=19200 epoch=3 lr=2.00e-04 G=6.486 advA2B=0.510 advB2A=0.604 cycA=0.179 cycB=0.183 idtA=0.177 idtB=0.173 D_A=0.143 D_B=0.165 D_A(real)=0.74 D_A(fake)=0.26 gnG=26.69 gnD=8.38 it_per_s=4.46
2026-10-03 11:26:55,554 INFO iter=19300 epoch=3 lr=2.00e-04 G=6.481 advA2B=0.509 advB2A=0.604 cycA=0.179 cycB=0.183 idtA=0.177 idtB=0.173 D_A=0.143 D_B=0.165 D_A(real)=0.74 D_A(fake)=0.26 gnG=26.66 gnD=8.37 it_per_s=4.46
2026-10-03 11:27:18,058 INFO iter=19400 epoch=3 lr=2.00e-04 G=6.475 advA2B=0.509 advB2A=0.603 cycA=0.179 cycB=0.183 idtA=0.177 idtB=0.173 D_A=0.143 D_B=0.166 D_A(real)=0.74 D_A(fake)=0.26 gnG=26.60 gnD=8.38 it_per_s=4.46
2026-10-03 11:27:40,504 INFO iter=19500 epoch=3 lr=2.00e-04 G=6.470 advA2B=0.509 advB2A=0.602 cycA=0.179 cycB=0.183 idtA=0.176 idtB=0.173 D_A=0.143 D_B=0.166 D_A(real)=0.74 D_A(fake)=0.26 gnG=26.59 gnD=8.36 it_per_s=4.46
2026-10-03 11:28:03,074 INFO iter=19600 epoch=3 lr=2.00e-04 G=6.469 advA2B=0.509 advB2A=0.600 cycA=0.179 cycB=0.183 idtA=0.177 idtB=0.173 D_A=0.143 D_B=0.166 D_A(real)=0.74 D_A(fake)=0.26 gnG=26.57 gnD=8.36 it_per_s=4.45
2026-10-03 11:28:25,646 INFO iter=19700 epoch=3 lr=2.00e-04 G=6.468 advA2B=0.510 advB2A=0.600 cycA=0.179 cycB=0.182 idtA=0.177 idtB=0.173 D_A=0.143 D_B=0.166 D_A(real)=0.74 D_A(fake)=0.26 gnG=26.56 gnD=8.36 it_per_s=4.45
2026-10-03 11:28:47,989 INFO iter=19800 epoch=3 lr=2.00e-04 G=6.462 advA2B=0.510 advB2A=0.599 cycA=0.178 cycB=0.182 idtA=0.176 idtB=0.173 D_A=0.143 D_B=0.166 D_A(real)=0.74 D_A(fake)=0.26 gnG=26.53 gnD=8.35 it_per_s=4.45
2026-10-03 11:29:09,937 INFO iter=19900 epoch=3 lr=2.00e-04 G=6.463 advA2B=0.510 advB2A=0.600 cycA=0.178 cycB=0.182 idtA=0.176 idtB=0.172 D_A=0.144 D_B=0.166 D_A(real)=0.74 D_A(fake)=0.26 gnG=26.54 gnD=8.35 it_per_s=4.46
2026-10-03 11:29:31,999 INFO iter=20000 epoch=3 lr=2.00e-04 G=6.459 advA2B=0.509 advB2A=0.600 cycA=0.178 cycB=0.182 idtA=0.176 idtB=0.172 D_A=0.143 D_B=0.166 D_A(real)=0.74 D_A(fake)=0.26 gnG=26.56 gnD=8.33 it_per_s=4.46
2026-10-03 11:29:54,020 INFO iter=20100 epoch=3 lr=2.00e-04 G=6.462 advA2B=0.509 advB2A=0.600 cycA=0.178 cycB=0.182 idtA=0.176 idtB=0.172 D_A=0.143 D_B=0.167 D_A(real)=0.74 D_A(fake)=0.26 gnG=26.61 gnD=8.31 it_per_s=4.46
2026-10-03 11:30:16,419 INFO iter=20200 epoch=3 lr=2.00e-04 G=6.460 advA2B=0.510 advB2A=0.601 cycA=0.178 cycB=0.182 idtA=0.176 idtB=0.172 D_A=0.143 D_B=0.166 D_A(real)=0.74 D_A(fake)=0.26 gnG=26.63 gnD=8.31 it_per_s=4.46
2026-10-03 11:30:38,648 INFO iter=20300 epoch=3 lr=2.00e-04 G=6.458 advA2B=0.510 advB2A=0.601 cycA=0.178 cycB=0.182 idtA=0.176 idtB=0.172 D_A=0.143 D_B=0.166 D_A(real)=0.74 D_A(fake)=0.26 gnG=26.61 gnD=8.29 it_per_s=4.46
2026-10-03 11:31:00,444 INFO iter=20400 epoch=3 lr=2.00e-04 G=6.449 advA2B=0.509 advB2A=0.600 cycA=0.178 cycB=0.182 idtA=0.176 idtB=0.172 D_A=0.143 D_B=0.166 D_A(real)=0.74 D_A(fake)=0.26 gnG=26.56 gnD=8.28 it_per_s=4.46
2026-10-03 11:31:22,443 INFO iter=20500 epoch=3 lr=2.00e-04 G=6.441 advA2B=0.510 advB2A=0.599 cycA=0.178 cycB=0.182 idtA=0.176 idtB=0.172 D_A=0.143 D_B=0.166 D_A(real)=0.74 D_A(fake)=0.26 gnG=26.49 gnD=8.28 it_per_s=4.46
2026-10-03 11:31:44,745 INFO iter=20600 epoch=3 lr=2.00e-04 G=6.434 advA2B=0.509 advB2A=0.599 cycA=0.177 cycB=0.182 idtA=0.175 idtB=0.172 D_A=0.143 D_B=0.166 D_A(real)=0.74 D_A(fake)=0.26 gnG=26.45 gnD=8.27 it_per_s=4.46
2026-10-03 11:32:06,799 INFO iter=20700 epoch=3 lr=2.00e-04 G=6.442 advA2B=0.509 advB2A=0.599 cycA=0.177 cycB=0.182 idtA=0.175 idtB=0.172 D_A=0.143 D_B=0.166 D_A(real)=0.74 D_A(fake)=0.26 gnG=26.54 gnD=8.27 it_per_s=4.46
2026-10-03 11:32:28,661 INFO iter=20800 epoch=3 lr=2.00e-04 G=6.445 advA2B=0.509 advB2A=0.601 cycA=0.178 cycB=0.182 idtA=0.176 idtB=0.172 D_A=0.143 D_B=0.166 D_A(real)=0.74 D_A(fake)=0.26 gnG=26.53 gnD=8.28 it_per_s=4.47
2026-10-03 11:32:50,747 INFO iter=20900 epoch=3 lr=2.00e-04 G=6.443 advA2B=0.509 advB2A=0.601 cycA=0.178 cycB=0.182 idtA=0.175 idtB=0.172 D_A=0.143 D_B=0.166 D_A(real)=0.74 D_A(fake)=0.26 gnG=26.52 gnD=8.28 it_per_s=4.47
2026-10-03 11:33:12,850 INFO iter=21000 epoch=3 lr=2.00e-04 G=6.442 advA2B=0.509 advB2A=0.601 cycA=0.178 cycB=0.182 idtA=0.175 idtB=0.172 D_A=0.143 D_B=0.166 D_A(real)=0.74 D_A(fake)=0.26 gnG=26.51 gnD=8.29 it_per_s=4.47
2026-10-03 11:33:35,042 INFO iter=21100 epoch=3 lr=2.00e-04 G=6.442 advA2B=0.509 advB2A=0.601 cycA=0.178 cycB=0.182 idtA=0.175 idtB=0.172 D_A=0.142 D_B=0.166 D_A(real)=0.74 D_A(fake)=0.26 gnG=26.57 gnD=8.27 it_per_s=4.47
2026-10-03 11:33:38,177 INFO epoch=3 done time_s=1575 it_per_s=4.47 G=6.441 cycA=0.178 cycB=0.182 idtA=0.175 idtB=0.172 D_A=0.142 D_B=0.166 D_A(real)=0.74 D_A(fake)=0.26 nan_count=0
2026-10-03 11:33:58,260 INFO iter=21200 epoch=4 lr=2.00e-04 G=6.416 advA2B=0.542 advB2A=0.524 cycA=0.170 cycB=0.190 idtA=0.175 idtB=0.177 D_A=0.153 D_B=0.171 D_A(real)=0.70 D_A(fake)=0.30 gnG=24.70 gnD=8.23 it_per_s=4.40
2026-10-03 11:34:20,963 INFO iter=21300 epoch=4 lr=2.00e-04 G=6.270 advA2B=0.492 advB2A=0.607 cycA=0.165 cycB=0.183 idtA=0.168 idtB=0.172 D_A=0.138 D_B=0.173 D_A(real)=0.74 D_A(fake)=0.26 gnG=24.44 gnD=8.01 it_per_s=4.40
2026-10-03 11:34:43,436 INFO iter=21400 epoch=4 lr=2.00e-04 G=6.158 advA2B=0.507 advB2A=0.619 cycA=0.162 cycB=0.176 idtA=0.164 idtB=0.166 D_A=0.135 D_B=0.170 D_A(real)=0.75 D_A(fake)=0.25 gnG=24.24 gnD=8.05 it_per_s=4.42
2026-10-03 11:35:05,899 INFO iter=21500 epoch=4 lr=2.00e-04 G=6.259 advA2B=0.502 advB2A=0.614 cycA=0.168 cycB=0.178 idtA=0.168 idtB=0.169 D_A=0.137 D_B=0.165 D_A(real)=0.75 D_A(fake)=0.25 gnG=24.96 gnD=7.87 it_per_s=4.43
2026-10-03 11:35:28,303 INFO iter=21600 epoch=4 lr=2.00e-04 G=6.252 advA2B=0.513 advB2A=0.611 cycA=0.167 cycB=0.177 idtA=0.169 idtB=0.168 D_A=0.138 D_B=0.163 D_A(real)=0.75 D_A(fake)=0.25 gnG=25.11 gnD=7.77 it_per_s=4.44
2026-10-03 11:35:50,821 INFO iter=21700 epoch=4 lr=2.00e-04 G=6.234 advA2B=0.515 advB2A=0.615 cycA=0.166 cycB=0.177 idtA=0.167 idtB=0.167 D_A=0.137 D_B=0.162 D_A(real)=0.75 D_A(fake)=0.25 gnG=25.02 gnD=7.77 it_per_s=4.44
2026-10-03 11:36:13,370 INFO iter=21800 epoch=4 lr=2.00e-04 G=6.224 advA2B=0.514 advB2A=0.611 cycA=0.167 cycB=0.176 idtA=0.168 idtB=0.167 D_A=0.137 D_B=0.161 D_A(real)=0.75 D_A(fake)=0.25 gnG=25.55 gnD=7.74 it_per_s=4.44
2026-10-03 11:36:36,112 INFO iter=21900 epoch=4 lr=2.00e-04 G=6.235 advA2B=0.511 advB2A=0.615 cycA=0.168 cycB=0.175 idtA=0.169 idtB=0.166 D_A=0.138 D_B=0.163 D_A(real)=0.75 D_A(fake)=0.25 gnG=25.74 gnD=7.66 it_per_s=4.43
2026-10-03 11:36:58,679 INFO iter=22000 epoch=4 lr=2.00e-04 G=6.243 advA2B=0.522 advB2A=0.613 cycA=0.168 cycB=0.176 idtA=0.169 idtB=0.166 D_A=0.138 D_B=0.161 D_A(real)=0.75 D_A(fake)=0.25 gnG=25.83 gnD=7.64 it_per_s=4.43
2026-10-03 11:37:21,113 INFO iter=22100 epoch=4 lr=2.00e-04 G=6.251 advA2B=0.526 advB2A=0.604 cycA=0.168 cycB=0.176 idtA=0.169 idtB=0.166 D_A=0.138 D_B=0.161 D_A(real)=0.75 D_A(fake)=0.25 gnG=25.87 gnD=7.71 it_per_s=4.43
2026-10-03 11:37:43,684 INFO iter=22200 epoch=4 lr=2.00e-04 G=6.238 advA2B=0.520 advB2A=0.607 cycA=0.168 cycB=0.175 idtA=0.169 idtB=0.166 D_A=0.139 D_B=0.161 D_A(real)=0.75 D_A(fake)=0.25 gnG=25.71 gnD=7.74 it_per_s=4.43
2026-10-03 11:38:06,355 INFO iter=22300 epoch=4 lr=2.00e-04 G=6.233 advA2B=0.521 advB2A=0.602 cycA=0.168 cycB=0.175 idtA=0.169 idtB=0.166 D_A=0.141 D_B=0.160 D_A(real)=0.74 D_A(fake)=0.26 gnG=25.68 gnD=7.75 it_per_s=4.43
2026-10-03 11:38:28,804 INFO iter=22400 epoch=4 lr=2.00e-04 G=6.238 advA2B=0.525 advB2A=0.605 cycA=0.168 cycB=0.175 idtA=0.169 idtB=0.166 D_A=0.141 D_B=0.158 D_A(real)=0.74 D_A(fake)=0.26 gnG=25.85 gnD=7.74 it_per_s=4.43
2026-10-03 11:38:51,323 INFO iter=22500 epoch=4 lr=2.00e-04 G=6.236 advA2B=0.527 advB2A=0.605 cycA=0.168 cycB=0.175 idtA=0.168 idtB=0.167 D_A=0.143 D_B=0.158 D_A(real)=0.74 D_A(fake)=0.26 gnG=25.71 gnD=7.79 it_per_s=4.43
2026-10-03 11:39:13,922 INFO iter=22600 epoch=4 lr=2.00e-04 G=6.233 advA2B=0.526 advB2A=0.599 cycA=0.168 cycB=0.175 idtA=0.168 idtB=0.167 D_A=0.143 D_B=0.159 D_A(real)=0.74 D_A(fake)=0.26 gnG=25.79 gnD=7.78 it_per_s=4.43
2026-10-03 11:39:36,181 INFO iter=22700 epoch=4 lr=2.00e-04 G=6.230 advA2B=0.526 advB2A=0.599 cycA=0.169 cycB=0.174 idtA=0.168 idtB=0.167 D_A=0.144 D_B=0.159 D_A(real)=0.74 D_A(fake)=0.26 gnG=25.70 gnD=7.82 it_per_s=4.44
2026-10-03 11:39:58,460 INFO iter=22800 epoch=4 lr=2.00e-04 G=6.225 advA2B=0.528 advB2A=0.603 cycA=0.168 cycB=0.174 idtA=0.168 idtB=0.166 D_A=0.143 D_B=0.159 D_A(real)=0.74 D_A(fake)=0.26 gnG=25.66 gnD=7.83 it_per_s=4.44
2026-10-03 11:40:20,772 INFO iter=22900 epoch=4 lr=2.00e-04 G=6.223 advA2B=0.527 advB2A=0.603 cycA=0.169 cycB=0.174 idtA=0.168 idtB=0.166 D_A=0.141 D_B=0.160 D_A(real)=0.74 D_A(fake)=0.26 gnG=25.53 gnD=7.83 it_per_s=4.44
2026-10-03 11:40:42,559 INFO iter=23000 epoch=4 lr=2.00e-04 G=6.221 advA2B=0.528 advB2A=0.605 cycA=0.169 cycB=0.173 idtA=0.168 idtB=0.166 D_A=0.139 D_B=0.160 D_A(real)=0.74 D_A(fake)=0.26 gnG=25.51 gnD=7.83 it_per_s=4.45
2026-10-03 11:41:04,652 INFO iter=23100 epoch=4 lr=2.00e-04 G=6.225 advA2B=0.531 advB2A=0.608 cycA=0.169 cycB=0.173 idtA=0.168 idtB=0.165 D_A=0.139 D_B=0.160 D_A(real)=0.75 D_A(fake)=0.25 gnG=25.58 gnD=7.83 it_per_s=4.45
2026-10-03 11:41:26,865 INFO iter=23200 epoch=4 lr=2.00e-04 G=6.236 advA2B=0.532 advB2A=0.608 cycA=0.169 cycB=0.174 idtA=0.168 idtB=0.165 D_A=0.138 D_B=0.159 D_A(real)=0.75 D_A(fake)=0.25 gnG=25.55 gnD=7.82 it_per_s=4.46
2026-10-03 11:41:49,134 INFO iter=23300 epoch=4 lr=2.00e-04 G=6.249 advA2B=0.531 advB2A=0.609 cycA=0.170 cycB=0.174 idtA=0.169 idtB=0.165 D_A=0.138 D_B=0.159 D_A(real)=0.75 D_A(fake)=0.25 gnG=25.86 gnD=7.84 it_per_s=4.46
2026-10-03 11:42:10,908 INFO iter=23400 epoch=4 lr=2.00e-04 G=6.258 advA2B=0.531 advB2A=0.611 cycA=0.170 cycB=0.175 idtA=0.169 idtB=0.165 D_A=0.138 D_B=0.158 D_A(real)=0.75 D_A(fake)=0.25 gnG=25.89 gnD=7.87 it_per_s=4.46
2026-10-03 11:42:33,018 INFO iter=23500 epoch=4 lr=2.00e-04 G=6.267 advA2B=0.529 advB2A=0.611 cycA=0.170 cycB=0.175 idtA=0.169 idtB=0.166 D_A=0.139 D_B=0.159 D_A(real)=0.75 D_A(fake)=0.25 gnG=26.02 gnD=7.88 it_per_s=4.47
2026-10-03 11:42:55,208 INFO iter=23600 epoch=4 lr=2.00e-04 G=6.269 advA2B=0.532 advB2A=0.608 cycA=0.170 cycB=0.176 idtA=0.169 idtB=0.165 D_A=0.139 D_B=0.159 D_A(real)=0.75 D_A(fake)=0.25 gnG=26.12 gnD=7.86 it_per_s=4.47
2026-10-03 11:43:17,170 INFO iter=23700 epoch=4 lr=2.00e-04 G=6.264 advA2B=0.532 advB2A=0.606 cycA=0.170 cycB=0.175 idtA=0.169 idtB=0.165 D_A=0.139 D_B=0.158 D_A(real)=0.75 D_A(fake)=0.25 gnG=26.03 gnD=7.86 it_per_s=4.47
2026-10-03 11:43:39,252 INFO iter=23800 epoch=4 lr=2.00e-04 G=6.270 advA2B=0.531 advB2A=0.606 cycA=0.171 cycB=0.176 idtA=0.169 idtB=0.165 D_A=0.139 D_B=0.159 D_A(real)=0.74 D_A(fake)=0.25 gnG=26.11 gnD=7.83 it_per_s=4.47
2026-10-03 11:44:01,334 INFO iter=23900 epoch=4 lr=2.00e-04 G=6.264 advA2B=0.531 advB2A=0.604 cycA=0.170 cycB=0.175 idtA=0.169 idtB=0.165 D_A=0.140 D_B=0.159 D_A(real)=0.74 D_A(fake)=0.26 gnG=26.12 gnD=7.80 it_per_s=4.47
2026-10-03 11:44:23,691 INFO iter=24000 epoch=4 lr=2.00e-04 G=6.248 advA2B=0.529 advB2A=0.601 cycA=0.170 cycB=0.175 idtA=0.169 idtB=0.165 D_A=0.141 D_B=0.159 D_A(real)=0.74 D_A(fake)=0.26 gnG=26.03 gnD=7.76 it_per_s=4.47
2026-10-03 11:44:45,616 INFO iter=24100 epoch=4 lr=2.00e-04 G=6.236 advA2B=0.528 advB2A=0.600 cycA=0.170 cycB=0.174 idtA=0.169 idtB=0.164 D_A=0.141 D_B=0.160 D_A(real)=0.74 D_A(fake)=0.26 gnG=26.01 gnD=7.75 it_per_s=4.48
2026-10-03 11:45:08,137 INFO iter=24200 epoch=4 lr=2.00e-04 G=6.224 advA2B=0.524 advB2A=0.598 cycA=0.170 cycB=0.174 idtA=0.169 idtB=0.164 D_A=0.142 D_B=0.159 D_A(real)=0.74 D_A(fake)=0.26 gnG=26.02 gnD=7.71 it_per_s=4.48
2026-10-03 11:45:30,710 INFO iter=24300 epoch=4 lr=2.00e-04 G=6.222 advA2B=0.522 advB2A=0.598 cycA=0.170 cycB=0.174 idtA=0.169 idtB=0.164 D_A=0.142 D_B=0.160 D_A(real)=0.74 D_A(fake)=0.26 gnG=26.04 gnD=7.69 it_per_s=4.47
2026-10-03 11:45:53,176 INFO iter=24400 epoch=4 lr=2.00e-04 G=6.220 advA2B=0.524 advB2A=0.600 cycA=0.170 cycB=0.174 idtA=0.169 idtB=0.164 D_A=0.142 D_B=0.159 D_A(real)=0.74 D_A(fake)=0.26 gnG=25.99 gnD=7.67 it_per_s=4.47
2026-10-03 11:46:15,621 INFO iter=24500 epoch=4 lr=2.00e-04 G=6.216 advA2B=0.523 advB2A=0.602 cycA=0.170 cycB=0.173 idtA=0.169 idtB=0.164 D_A=0.141 D_B=0.159 D_A(real)=0.74 D_A(fake)=0.26 gnG=25.89 gnD=7.64 it_per_s=4.47
2026-10-03 11:46:38,302 INFO iter=24600 epoch=4 lr=2.00e-04 G=6.212 advA2B=0.525 advB2A=0.600 cycA=0.169 cycB=0.173 idtA=0.168 idtB=0.164 D_A=0.142 D_B=0.159 D_A(real)=0.74 D_A(fake)=0.26 gnG=25.80 gnD=7.62 it_per_s=4.47
2026-10-03 11:47:00,886 INFO iter=24700 epoch=4 lr=2.00e-04 G=6.204 advA2B=0.525 advB2A=0.599 cycA=0.169 cycB=0.173 idtA=0.168 idtB=0.163 D_A=0.142 D_B=0.159 D_A(real)=0.74 D_A(fake)=0.26 gnG=25.72 gnD=7.60 it_per_s=4.47
2026-10-03 11:47:23,374 INFO iter=24800 epoch=4 lr=2.00e-04 G=6.199 advA2B=0.524 advB2A=0.596 cycA=0.169 cycB=0.173 idtA=0.168 idtB=0.164 D_A=0.143 D_B=0.159 D_A(real)=0.74 D_A(fake)=0.26 gnG=25.70 gnD=7.59 it_per_s=4.47
2026-10-03 11:47:45,885 INFO iter=24900 epoch=4 lr=2.00e-04 G=6.191 advA2B=0.526 advB2A=0.597 cycA=0.169 cycB=0.173 idtA=0.168 idtB=0.163 D_A=0.142 D_B=0.159 D_A(real)=0.74 D_A(fake)=0.26 gnG=25.63 gnD=7.57 it_per_s=4.47
2026-10-03 11:48:08,297 INFO iter=25000 epoch=4 lr=2.00e-04 G=6.192 advA2B=0.526 advB2A=0.597 cycA=0.169 cycB=0.173 idtA=0.168 idtB=0.163 D_A=0.142 D_B=0.159 D_A(real)=0.74 D_A(fake)=0.26 gnG=25.60 gnD=7.56 it_per_s=4.47
2026-10-03 11:48:30,905 INFO iter=25100 epoch=4 lr=2.00e-04 G=6.186 advA2B=0.526 advB2A=0.596 cycA=0.169 cycB=0.172 idtA=0.168 idtB=0.163 D_A=0.141 D_B=0.159 D_A(real)=0.74 D_A(fake)=0.26 gnG=25.57 gnD=7.55 it_per_s=4.47
2026-10-03 11:48:53,574 INFO iter=25200 epoch=4 lr=2.00e-04 G=6.183 advA2B=0.525 advB2A=0.597 cycA=0.168 cycB=0.172 idtA=0.168 idtB=0.163 D_A=0.141 D_B=0.159 D_A(real)=0.74 D_A(fake)=0.26 gnG=25.54 gnD=7.54 it_per_s=4.47
2026-10-03 11:49:15,666 INFO iter=25300 epoch=4 lr=2.00e-04 G=6.174 advA2B=0.525 advB2A=0.596 cycA=0.168 cycB=0.172 idtA=0.168 idtB=0.163 D_A=0.142 D_B=0.159 D_A(real)=0.74 D_A(fake)=0.26 gnG=25.51 gnD=7.52 it_per_s=4.47
2026-10-03 11:49:37,518 INFO iter=25400 epoch=4 lr=2.00e-04 G=6.167 advA2B=0.523 advB2A=0.595 cycA=0.168 cycB=0.172 idtA=0.167 idtB=0.163 D_A=0.142 D_B=0.160 D_A(real)=0.74 D_A(fake)=0.26 gnG=25.46 gnD=7.50 it_per_s=4.47
2026-10-03 11:49:59,510 INFO iter=25500 epoch=4 lr=2.00e-04 G=6.162 advA2B=0.523 advB2A=0.595 cycA=0.168 cycB=0.172 idtA=0.167 idtB=0.163 D_A=0.142 D_B=0.160 D_A(real)=0.74 D_A(fake)=0.26 gnG=25.47 gnD=7.49 it_per_s=4.47
2026-10-03 11:50:21,797 INFO iter=25600 epoch=4 lr=2.00e-04 G=6.160 advA2B=0.523 advB2A=0.595 cycA=0.167 cycB=0.172 idtA=0.167 idtB=0.162 D_A=0.142 D_B=0.160 D_A(real)=0.74 D_A(fake)=0.26 gnG=25.55 gnD=7.46 it_per_s=4.47
2026-10-03 11:50:43,580 INFO iter=25700 epoch=4 lr=2.00e-04 G=6.166 advA2B=0.525 advB2A=0.594 cycA=0.167 cycB=0.172 idtA=0.167 idtB=0.163 D_A=0.142 D_B=0.160 D_A(real)=0.74 D_A(fake)=0.26 gnG=25.52 gnD=7.47 it_per_s=4.47
2026-10-03 11:51:05,259 INFO iter=25800 epoch=4 lr=2.00e-04 G=6.161 advA2B=0.525 advB2A=0.594 cycA=0.167 cycB=0.172 idtA=0.167 idtB=0.162 D_A=0.142 D_B=0.160 D_A(real)=0.74 D_A(fake)=0.26 gnG=25.46 gnD=7.45 it_per_s=4.48
2026-10-03 11:51:27,283 INFO iter=25900 epoch=4 lr=2.00e-04 G=6.160 advA2B=0.526 advB2A=0.594 cycA=0.167 cycB=0.172 idtA=0.167 idtB=0.162 D_A=0.142 D_B=0.160 D_A(real)=0.74 D_A(fake)=0.26 gnG=25.46 gnD=7.45 it_per_s=4.48
2026-10-03 11:51:49,417 INFO iter=26000 epoch=4 lr=2.00e-04 G=6.153 advA2B=0.525 advB2A=0.594 cycA=0.167 cycB=0.172 idtA=0.167 idtB=0.162 D_A=0.142 D_B=0.160 D_A(real)=0.74 D_A(fake)=0.26 gnG=25.44 gnD=7.45 it_per_s=4.48
2026-10-03 11:52:11,164 INFO iter=26100 epoch=4 lr=2.00e-04 G=6.150 advA2B=0.523 advB2A=0.594 cycA=0.167 cycB=0.172 idtA=0.167 idtB=0.162 D_A=0.142 D_B=0.160 D_A(real)=0.74 D_A(fake)=0.26 gnG=25.41 gnD=7.45 it_per_s=4.48
2026-10-03 11:52:32,853 INFO iter=26200 epoch=4 lr=2.00e-04 G=6.153 advA2B=0.523 advB2A=0.594 cycA=0.167 cycB=0.172 idtA=0.167 idtB=0.162 D_A=0.141 D_B=0.160 D_A(real)=0.74 D_A(fake)=0.26 gnG=25.39 gnD=7.43 it_per_s=4.48
2026-10-03 11:52:55,380 INFO iter=26300 epoch=4 lr=2.00e-04 G=6.149 advA2B=0.522 advB2A=0.594 cycA=0.167 cycB=0.172 idtA=0.167 idtB=0.162 D_A=0.142 D_B=0.160 D_A(real)=0.74 D_A(fake)=0.26 gnG=25.41 gnD=7.43 it_per_s=4.48
2026-10-03 11:53:17,851 INFO iter=26400 epoch=4 lr=2.00e-04 G=6.148 advA2B=0.522 advB2A=0.596 cycA=0.167 cycB=0.172 idtA=0.167 idtB=0.162 D_A=0.141 D_B=0.160 D_A(real)=0.74 D_A(fake)=0.26 gnG=25.40 gnD=7.42 it_per_s=4.48
2026-10-03 11:53:40,611 INFO iter=26500 epoch=4 lr=2.00e-04 G=6.143 advA2B=0.523 advB2A=0.596 cycA=0.166 cycB=0.172 idtA=0.166 idtB=0.162 D_A=0.142 D_B=0.160 D_A(real)=0.74 D_A(fake)=0.26 gnG=25.39 gnD=7.42 it_per_s=4.48
2026-10-03 11:54:03,278 INFO iter=26600 epoch=4 lr=2.00e-04 G=6.140 advA2B=0.523 advB2A=0.596 cycA=0.166 cycB=0.172 idtA=0.166 idtB=0.162 D_A=0.141 D_B=0.160 D_A(real)=0.74 D_A(fake)=0.26 gnG=25.39 gnD=7.41 it_per_s=4.48
2026-10-03 11:54:25,960 INFO iter=26700 epoch=4 lr=2.00e-04 G=6.140 advA2B=0.523 advB2A=0.595 cycA=0.166 cycB=0.172 idtA=0.166 idtB=0.162 D_A=0.141 D_B=0.161 D_A(real)=0.74 D_A(fake)=0.26 gnG=25.39 gnD=7.40 it_per_s=4.48
2026-10-03 11:54:48,392 INFO iter=26800 epoch=4 lr=2.00e-04 G=6.138 advA2B=0.524 advB2A=0.595 cycA=0.166 cycB=0.172 idtA=0.166 idtB=0.162 D_A=0.141 D_B=0.160 D_A(real)=0.74 D_A(fake)=0.26 gnG=25.36 gnD=7.39 it_per_s=4.48
2026-10-03 11:55:10,989 INFO iter=26900 epoch=4 lr=2.00e-04 G=6.131 advA2B=0.523 advB2A=0.597 cycA=0.166 cycB=0.171 idtA=0.166 idtB=0.162 D_A=0.141 D_B=0.161 D_A(real)=0.74 D_A(fake)=0.26 gnG=25.31 gnD=7.38 it_per_s=4.48
2026-10-03 11:55:33,658 INFO iter=27000 epoch=4 lr=2.00e-04 G=6.127 advA2B=0.523 advB2A=0.597 cycA=0.166 cycB=0.171 idtA=0.166 idtB=0.162 D_A=0.141 D_B=0.160 D_A(real)=0.74 D_A(fake)=0.26 gnG=25.28 gnD=7.38 it_per_s=4.48
2026-10-03 11:55:56,006 INFO iter=27100 epoch=4 lr=2.00e-04 G=6.122 advA2B=0.523 advB2A=0.598 cycA=0.166 cycB=0.171 idtA=0.166 idtB=0.162 D_A=0.141 D_B=0.160 D_A(real)=0.74 D_A(fake)=0.26 gnG=25.25 gnD=7.37 it_per_s=4.48
2026-10-03 11:56:18,197 INFO iter=27200 epoch=4 lr=2.00e-04 G=6.122 advA2B=0.522 advB2A=0.599 cycA=0.166 cycB=0.171 idtA=0.166 idtB=0.162 D_A=0.141 D_B=0.160 D_A(real)=0.74 D_A(fake)=0.26 gnG=25.21 gnD=7.36 it_per_s=4.48
2026-10-03 11:56:40,564 INFO iter=27300 epoch=4 lr=2.00e-04 G=6.121 advA2B=0.522 advB2A=0.599 cycA=0.165 cycB=0.171 idtA=0.165 idtB=0.162 D_A=0.141 D_B=0.160 D_A(real)=0.74 D_A(fake)=0.26 gnG=25.20 gnD=7.36 it_per_s=4.48
2026-10-03 11:57:02,909 INFO iter=27400 epoch=4 lr=2.00e-04 G=6.118 advA2B=0.523 advB2A=0.599 cycA=0.165 cycB=0.171 idtA=0.165 idtB=0.162 D_A=0.141 D_B=0.160 D_A(real)=0.74 D_A(fake)=0.26 gnG=25.15 gnD=7.35 it_per_s=4.48
2026-10-03 11:57:25,461 INFO iter=27500 epoch=4 lr=2.00e-04 G=6.114 advA2B=0.523 advB2A=0.599 cycA=0.165 cycB=0.171 idtA=0.165 idtB=0.162 D_A=0.141 D_B=0.160 D_A(real)=0.74 D_A(fake)=0.26 gnG=25.12 gnD=7.35 it_per_s=4.48
2026-10-03 11:57:48,046 INFO iter=27600 epoch=4 lr=2.00e-04 G=6.113 advA2B=0.523 advB2A=0.599 cycA=0.165 cycB=0.171 idtA=0.165 idtB=0.161 D_A=0.141 D_B=0.161 D_A(real)=0.74 D_A(fake)=0.26 gnG=25.08 gnD=7.34 it_per_s=4.48
2026-10-03 11:58:10,585 INFO iter=27700 epoch=4 lr=2.00e-04 G=6.108 advA2B=0.523 advB2A=0.599 cycA=0.165 cycB=0.171 idtA=0.165 idtB=0.161 D_A=0.140 D_B=0.160 D_A(real)=0.74 D_A(fake)=0.26 gnG=25.10 gnD=7.33 it_per_s=4.47
2026-10-03 11:58:32,988 INFO iter=27800 epoch=4 lr=2.00e-04 G=6.108 advA2B=0.523 advB2A=0.600 cycA=0.165 cycB=0.171 idtA=0.165 idtB=0.161 D_A=0.140 D_B=0.160 D_A(real)=0.74 D_A(fake)=0.26 gnG=25.09 gnD=7.32 it_per_s=4.47
2026-10-03 11:58:55,582 INFO iter=27900 epoch=4 lr=2.00e-04 G=6.104 advA2B=0.523 advB2A=0.601 cycA=0.165 cycB=0.170 idtA=0.165 idtB=0.161 D_A=0.140 D_B=0.161 D_A(real)=0.74 D_A(fake)=0.26 gnG=25.07 gnD=7.31 it_per_s=4.47
2026-10-03 11:59:18,160 INFO iter=28000 epoch=4 lr=2.00e-04 G=6.100 advA2B=0.523 advB2A=0.600 cycA=0.165 cycB=0.170 idtA=0.165 idtB=0.161 D_A=0.140 D_B=0.161 D_A(real)=0.74 D_A(fake)=0.26 gnG=25.03 gnD=7.32 it_per_s=4.47
2026-10-03 11:59:40,872 INFO iter=28100 epoch=4 lr=2.00e-04 G=6.096 advA2B=0.524 advB2A=0.600 cycA=0.164 cycB=0.170 idtA=0.165 idtB=0.161 D_A=0.140 D_B=0.161 D_A(real)=0.74 D_A(fake)=0.26 gnG=25.00 gnD=7.31 it_per_s=4.47
2026-10-03 11:59:52,511 INFO epoch=4 done time_s=1574 it_per_s=4.47 G=6.096 cycA=0.164 cycB=0.170 idtA=0.165 idtB=0.161 D_A=0.140 D_B=0.161 D_A(real)=0.74 D_A(fake)=0.26 nan_count=0
2026-10-03 12:00:03,904 INFO iter=28200 epoch=5 lr=2.00e-04 G=6.234 advA2B=0.564 advB2A=0.650 cycA=0.169 cycB=0.171 idtA=0.164 idtB=0.161 D_A=0.141 D_B=0.162 D_A(real)=0.75 D_A(fake)=0.25 gnG=25.56 gnD=7.02 it_per_s=4.44
2026-10-03 12:00:26,462 INFO iter=28300 epoch=5 lr=2.00e-04 G=6.139 advA2B=0.521 advB2A=0.651 cycA=0.168 cycB=0.170 idtA=0.164 idtB=0.155 D_A=0.140 D_B=0.165 D_A(real)=0.75 D_A(fake)=0.26 gnG=24.24 gnD=6.80 it_per_s=4.43
2026-10-03 12:00:49,274 INFO iter=28400 epoch=5 lr=2.00e-04 G=6.150 advA2B=0.524 advB2A=0.629 cycA=0.167 cycB=0.171 idtA=0.164 idtB=0.159 D_A=0.131 D_B=0.163 D_A(real)=0.76 D_A(fake)=0.24 gnG=24.18 gnD=6.85 it_per_s=4.41
2026-10-03 12:01:11,888 INFO iter=28500 epoch=5 lr=2.00e-04 G=6.133 advA2B=0.531 advB2A=0.618 cycA=0.164 cycB=0.172 idtA=0.164 idtB=0.161 D_A=0.135 D_B=0.159 D_A(real)=0.75 D_A(fake)=0.25 gnG=23.81 gnD=6.84 it_per_s=4.42
2026-10-03 12:01:34,561 INFO iter=28600 epoch=5 lr=2.00e-04 G=6.117 advA2B=0.534 advB2A=0.611 cycA=0.164 cycB=0.170 idtA=0.166 idtB=0.161 D_A=0.134 D_B=0.158 D_A(real)=0.75 D_A(fake)=0.25 gnG=23.64 gnD=6.77 it_per_s=4.41
2026-10-03 12:01:57,184 INFO iter=28700 epoch=5 lr=2.00e-04 G=6.179 advA2B=0.555 advB2A=0.618 cycA=0.166 cycB=0.171 idtA=0.166 idtB=0.161 D_A=0.135 D_B=0.156 D_A(real)=0.75 D_A(fake)=0.25 gnG=24.72 gnD=6.83 it_per_s=4.42
2026-10-03 12:02:19,872 INFO iter=28800 epoch=5 lr=2.00e-04 G=6.138 advA2B=0.571 advB2A=0.614 cycA=0.164 cycB=0.169 idtA=0.166 idtB=0.159 D_A=0.132 D_B=0.153 D_A(real)=0.75 D_A(fake)=0.25 gnG=24.27 gnD=6.83 it_per_s=4.41
2026-10-03 12:02:42,623 INFO iter=28900 epoch=5 lr=2.00e-04 G=6.135 advA2B=0.581 advB2A=0.619 cycA=0.164 cycB=0.168 idtA=0.166 idtB=0.157 D_A=0.130 D_B=0.151 D_A(real)=0.76 D_A(fake)=0.24 gnG=24.41 gnD=6.87 it_per_s=4.41
2026-10-03 12:03:04,845 INFO iter=29000 epoch=5 lr=2.00e-04 G=6.134 advA2B=0.580 advB2A=0.635 cycA=0.163 cycB=0.168 idtA=0.164 idtB=0.157 D_A=0.130 D_B=0.148 D_A(real)=0.76 D_A(fake)=0.24 gnG=24.44 gnD=6.80 it_per_s=4.42
2026-10-03 12:03:27,513 INFO iter=29100 epoch=5 lr=2.00e-04 G=6.175 advA2B=0.585 advB2A=0.645 cycA=0.164 cycB=0.170 idtA=0.164 idtB=0.158 D_A=0.131 D_B=0.146 D_A(real)=0.76 D_A(fake)=0.24 gnG=24.99 gnD=6.85 it_per_s=4.42
2026-10-03 12:03:49,562 INFO iter=29200 epoch=5 lr=2.00e-04 G=6.149 advA2B=0.587 advB2A=0.646 cycA=0.163 cycB=0.168 idtA=0.164 idtB=0.157 D_A=0.128 D_B=0.145 D_A(real)=0.76 D_A(fake)=0.24 gnG=24.90 gnD=6.79 it_per_s=4.43
2026-10-03 12:04:12,407 INFO iter=29300 epoch=5 lr=2.00e-04 G=6.111 advA2B=0.575 advB2A=0.634 cycA=0.162 cycB=0.168 idtA=0.164 idtB=0.157 D_A=0.129 D_B=0.147 D_A(real)=0.76 D_A(fake)=0.24 gnG=24.82 gnD=6.80 it_per_s=4.43
2026-10-03 12:04:35,247 INFO iter=29400 epoch=5 lr=2.00e-04 G=6.094 advA2B=0.574 advB2A=0.637 cycA=0.161 cycB=0.167 idtA=0.163 idtB=0.156 D_A=0.129 D_B=0.148 D_A(real)=0.76 D_A(fake)=0.24 gnG=24.66 gnD=6.80 it_per_s=4.42
2026-10-03 12:04:57,954 INFO iter=29500 epoch=5 lr=2.00e-04 G=6.046 advA2B=0.572 advB2A=0.632 cycA=0.160 cycB=0.166 idtA=0.162 idtB=0.155 D_A=0.130 D_B=0.147 D_A(real)=0.76 D_A(fake)=0.24 gnG=24.40 gnD=6.77 it_per_s=4.42
2026-10-03 12:05:20,669 INFO iter=29600 epoch=5 lr=2.00e-04 G=6.031 advA2B=0.569 advB2A=0.632 cycA=0.160 cycB=0.165 idtA=0.161 idtB=0.155 D_A=0.128 D_B=0.148 D_A(real)=0.76 D_A(fake)=0.24 gnG=24.34 gnD=6.74 it_per_s=4.42
2026-10-03 12:05:43,470 INFO iter=29700 epoch=5 lr=2.00e-04 G=6.038 advA2B=0.570 advB2A=0.640 cycA=0.159 cycB=0.165 idtA=0.161 idtB=0.155 D_A=0.128 D_B=0.149 D_A(real)=0.76 D_A(fake)=0.24 gnG=24.64 gnD=6.73 it_per_s=4.42
2026-10-03 12:06:06,105 INFO iter=29800 epoch=5 lr=2.00e-04 G=6.043 advA2B=0.568 advB2A=0.638 cycA=0.160 cycB=0.166 idtA=0.162 idtB=0.155 D_A=0.127 D_B=0.150 D_A(real)=0.76 D_A(fake)=0.24 gnG=24.52 gnD=6.74 it_per_s=4.42
2026-10-03 12:06:29,081 INFO iter=29900 epoch=5 lr=2.00e-04 G=6.026 advA2B=0.565 advB2A=0.636 cycA=0.159 cycB=0.165 idtA=0.162 idtB=0.154 D_A=0.128 D_B=0.149 D_A(real)=0.76 D_A(fake)=0.24 gnG=24.37 gnD=6.74 it_per_s=4.41
2026-10-03 12:06:52,008 INFO iter=30000 epoch=5 lr=2.00e-04 G=6.013 advA2B=0.566 advB2A=0.635 cycA=0.159 cycB=0.165 idtA=0.161 idtB=0.154 D_A=0.128 D_B=0.149 D_A(real)=0.76 D_A(fake)=0.24 gnG=24.28 gnD=6.75 it_per_s=4.41
2026-10-03 12:07:14,248 INFO iter=30100 epoch=5 lr=2.00e-04 G=6.012 advA2B=0.565 advB2A=0.631 cycA=0.159 cycB=0.165 idtA=0.161 idtB=0.154 D_A=0.130 D_B=0.150 D_A(real)=0.76 D_A(fake)=0.24 gnG=24.21 gnD=6.75 it_per_s=4.42
2026-10-03 12:07:36,528 INFO iter=30200 epoch=5 lr=2.00e-04 G=5.994 advA2B=0.563 advB2A=0.631 cycA=0.158 cycB=0.165 idtA=0.160 idtB=0.154 D_A=0.130 D_B=0.150 D_A(real)=0.76 D_A(fake)=0.24 gnG=23.96 gnD=6.75 it_per_s=4.42
2026-10-03 12:07:59,106 INFO iter=30300 epoch=5 lr=2.00e-04 G=5.986 advA2B=0.562 advB2A=0.630 cycA=0.159 cycB=0.164 idtA=0.160 idtB=0.153 D_A=0.130 D_B=0.151 D_A(real)=0.76 D_A(fake)=0.24 gnG=23.92 gnD=6.75 it_per_s=4.42
2026-10-03 12:08:21,831 INFO iter=30400 epoch=5 lr=2.00e-04 G=5.978 advA2B=0.560 advB2A=0.626 cycA=0.159 cycB=0.164 idtA=0.161 idtB=0.153 D_A=0.131 D_B=0.149 D_A(real)=0.76 D_A(fake)=0.24 gnG=23.77 gnD=6.73 it_per_s=4.42
2026-10-03 12:08:44,072 INFO iter=30500 epoch=5 lr=2.00e-04 G=5.980 advA2B=0.559 advB2A=0.623 cycA=0.159 cycB=0.164 idtA=0.161 idtB=0.154 D_A=0.131 D_B=0.148 D_A(real)=0.76 D_A(fake)=0.24 gnG=23.88 gnD=6.72 it_per_s=4.42
2026-10-03 12:09:06,215 INFO iter=30600 epoch=5 lr=2.00e-04 G=5.988 advA2B=0.561 advB2A=0.623 cycA=0.159 cycB=0.164 idtA=0.161 idtB=0.154 D_A=0.132 D_B=0.148 D_A(real)=0.76 D_A(fake)=0.24 gnG=23.98 gnD=6.71 it_per_s=4.43
2026-10-03 12:09:28,818 INFO iter=30700 epoch=5 lr=2.00e-04 G=5.988 advA2B=0.560 advB2A=0.625 cycA=0.159 cycB=0.164 idtA=0.160 idtB=0.154 D_A=0.132 D_B=0.148 D_A(real)=0.76 D_A(fake)=0.24 gnG=23.98 gnD=6.69 it_per_s=4.43
2026-10-03 12:09:50,902 INFO iter=30800 epoch=5 lr=2.00e-04 G=5.985 advA2B=0.563 advB2A=0.623 cycA=0.159 cycB=0.164 idtA=0.160 idtB=0.154 D_A=0.132 D_B=0.148 D_A(real)=0.76 D_A(fake)=0.24 gnG=24.08 gnD=6.71 it_per_s=4.43
2026-10-03 12:10:13,413 INFO iter=30900 epoch=5 lr=2.00e-04 G=5.991 advA2B=0.569 advB2A=0.620 cycA=0.158 cycB=0.165 idtA=0.160 idtB=0.155 D_A=0.132 D_B=0.147 D_A(real)=0.76 D_A(fake)=0.24 gnG=24.23 gnD=6.70 it_per_s=4.43
2026-10-03 12:10:35,660 INFO iter=31000 epoch=5 lr=2.00e-04 G=5.992 advA2B=0.568 advB2A=0.620 cycA=0.158 cycB=0.165 idtA=0.160 idtB=0.155 D_A=0.132 D_B=0.146 D_A(real)=0.76 D_A(fake)=0.24 gnG=24.26 gnD=6.71 it_per_s=4.43
2026-10-03 12:10:57,972 INFO iter=31100 epoch=5 lr=2.00e-04 G=5.979 advA2B=0.568 advB2A=0.617 cycA=0.158 cycB=0.164 idtA=0.159 idtB=0.155 D_A=0.132 D_B=0.146 D_A(real)=0.76 D_A(fake)=0.24 gnG=24.19 gnD=6.72 it_per_s=4.43
2026-10-03 12:11:20,197 INFO iter=31200 epoch=5 lr=2.00e-04 G=5.978 advA2B=0.565 advB2A=0.617 cycA=0.158 cycB=0.164 idtA=0.159 idtB=0.155 D_A=0.133 D_B=0.146 D_A(real)=0.75 D_A(fake)=0.25 gnG=24.17 gnD=6.73 it_per_s=4.44
2026-10-03 12:11:42,168 INFO iter=31300 epoch=5 lr=2.00e-04 G=5.973 advA2B=0.565 advB2A=0.614 cycA=0.158 cycB=0.164 idtA=0.160 idtB=0.155 D_A=0.133 D_B=0.147 D_A(real)=0.75 D_A(fake)=0.25 gnG=24.13 gnD=6.76 it_per_s=4.44
2026-10-03 12:12:04,789 INFO iter=31400 epoch=5 lr=2.00e-04 G=5.958 advA2B=0.564 advB2A=0.613 cycA=0.158 cycB=0.164 idtA=0.160 idtB=0.154 D_A=0.133 D_B=0.147 D_A(real)=0.75 D_A(fake)=0.25 gnG=24.11 gnD=6.76 it_per_s=4.44
2026-10-03 12:12:27,198 INFO iter=31500 epoch=5 lr=2.00e-04 G=5.959 advA2B=0.564 advB2A=0.612 cycA=0.158 cycB=0.164 idtA=0.160 idtB=0.154 D_A=0.133 D_B=0.147 D_A(real)=0.75 D_A(fake)=0.25 gnG=24.18 gnD=6.77 it_per_s=4.44
2026-10-03 12:12:49,168 INFO iter=31600 epoch=5 lr=2.00e-04 G=5.957 advA2B=0.564 advB2A=0.613 cycA=0.158 cycB=0.164 idtA=0.159 idtB=0.154 D_A=0.134 D_B=0.147 D_A(real)=0.75 D_A(fake)=0.25 gnG=24.12 gnD=6.78 it_per_s=4.44
2026-10-03 12:13:11,919 INFO iter=31700 epoch=5 lr=2.00e-04 G=5.948 advA2B=0.564 advB2A=0.613 cycA=0.157 cycB=0.163 idtA=0.159 idtB=0.154 D_A=0.133 D_B=0.146 D_A(real)=0.75 D_A(fake)=0.25 gnG=24.03 gnD=6.78 it_per_s=4.44
2026-10-03 12:13:34,418 INFO iter=31800 epoch=5 lr=2.00e-04 G=5.946 advA2B=0.564 advB2A=0.615 cycA=0.157 cycB=0.163 idtA=0.159 idtB=0.154 D_A=0.134 D_B=0.147 D_A(real)=0.75 D_A(fake)=0.25 gnG=24.01 gnD=6.80 it_per_s=4.44
2026-10-03 12:13:56,765 INFO iter=31900 epoch=5 lr=2.00e-04 G=5.948 advA2B=0.565 advB2A=0.614 cycA=0.157 cycB=0.163 idtA=0.159 idtB=0.154 D_A=0.134 D_B=0.147 D_A(real)=0.75 D_A(fake)=0.25 gnG=23.98 gnD=6.79 it_per_s=4.44
2026-10-03 12:14:18,904 INFO iter=32000 epoch=5 lr=2.00e-04 G=5.934 advA2B=0.564 advB2A=0.613 cycA=0.157 cycB=0.163 idtA=0.159 idtB=0.153 D_A=0.135 D_B=0.146 D_A(real)=0.75 D_A(fake)=0.25 gnG=23.92 gnD=6.80 it_per_s=4.44
2026-10-03 12:14:41,609 INFO iter=32100 epoch=5 lr=2.00e-04 G=5.924 advA2B=0.565 advB2A=0.612 cycA=0.156 cycB=0.163 idtA=0.158 idtB=0.153 D_A=0.134 D_B=0.146 D_A(real)=0.75 D_A(fake)=0.25 gnG=23.85 gnD=6.79 it_per_s=4.44
2026-10-03 12:15:04,430 INFO iter=32200 epoch=5 lr=2.00e-04 G=5.918 advA2B=0.563 advB2A=0.612 cycA=0.156 cycB=0.163 idtA=0.158 idtB=0.153 D_A=0.135 D_B=0.147 D_A(real)=0.75 D_A(fake)=0.25 gnG=23.80 gnD=6.78 it_per_s=4.44
2026-10-03 12:15:27,208 INFO iter=32300 epoch=5 lr=2.00e-04 G=5.913 advA2B=0.564 advB2A=0.612 cycA=0.156 cycB=0.162 idtA=0.158 idtB=0.153 D_A=0.135 D_B=0.147 D_A(real)=0.75 D_A(fake)=0.25 gnG=23.79 gnD=6.76 it_per_s=4.44
2026-10-03 12:15:49,910 INFO iter=32400 epoch=5 lr=2.00e-04 G=5.906 advA2B=0.561 advB2A=0.612 cycA=0.156 cycB=0.162 idtA=0.158 idtB=0.153 D_A=0.135 D_B=0.147 D_A(real)=0.75 D_A(fake)=0.25 gnG=23.69 gnD=6.76 it_per_s=4.44
2026-10-03 12:16:12,593 INFO iter=32500 epoch=5 lr=2.00e-04 G=5.904 advA2B=0.560 advB2A=0.612 cycA=0.156 cycB=0.162 idtA=0.158 idtB=0.153 D_A=0.135 D_B=0.147 D_A(real)=0.75 D_A(fake)=0.25 gnG=23.67 gnD=6.74 it_per_s=4.44
2026-10-03 12:16:35,474 INFO iter=32600 epoch=5 lr=2.00e-04 G=5.899 advA2B=0.560 advB2A=0.611 cycA=0.155 cycB=0.162 idtA=0.158 idtB=0.152 D_A=0.135 D_B=0.148 D_A(real)=0.75 D_A(fake)=0.25 gnG=23.64 gnD=6.73 it_per_s=4.44
2026-10-03 12:16:58,300 INFO iter=32700 epoch=5 lr=2.00e-04 G=5.903 advA2B=0.560 advB2A=0.611 cycA=0.155 cycB=0.162 idtA=0.158 idtB=0.153 D_A=0.135 D_B=0.148 D_A(real)=0.75 D_A(fake)=0.25 gnG=23.64 gnD=6.74 it_per_s=4.44
2026-10-03 12:17:20,949 INFO iter=32800 epoch=5 lr=2.00e-04 G=5.901 advA2B=0.559 advB2A=0.611 cycA=0.155 cycB=0.162 idtA=0.158 idtB=0.153 D_A=0.135 D_B=0.148 D_A(real)=0.75 D_A(fake)=0.25 gnG=23.61 gnD=6.74 it_per_s=4.44
2026-10-03 12:17:43,642 INFO iter=32900 epoch=5 lr=2.00e-04 G=5.901 advA2B=0.559 advB2A=0.611 cycA=0.155 cycB=0.163 idtA=0.158 idtB=0.153 D_A=0.135 D_B=0.148 D_A(real)=0.75 D_A(fake)=0.25 gnG=23.61 gnD=6.73 it_per_s=4.44
2026-10-03 12:18:06,269 INFO iter=33000 epoch=5 lr=2.00e-04 G=5.898 advA2B=0.558 advB2A=0.611 cycA=0.155 cycB=0.163 idtA=0.158 idtB=0.153 D_A=0.134 D_B=0.149 D_A(real)=0.75 D_A(fake)=0.25 gnG=23.62 gnD=6.75 it_per_s=4.43
2026-10-03 12:18:29,159 INFO iter=33100 epoch=5 lr=2.00e-04 G=5.905 advA2B=0.558 advB2A=0.612 cycA=0.155 cycB=0.163 idtA=0.158 idtB=0.153 D_A=0.134 D_B=0.149 D_A(real)=0.75 D_A(fake)=0.25 gnG=23.65 gnD=6.75 it_per_s=4.43
2026-10-03 12:18:51,731 INFO iter=33200 epoch=5 lr=2.00e-04 G=5.899 advA2B=0.557 advB2A=0.611 cycA=0.155 cycB=0.163 idtA=0.158 idtB=0.153 D_A=0.134 D_B=0.149 D_A(real)=0.75 D_A(fake)=0.25 gnG=23.61 gnD=6.75 it_per_s=4.43
2026-10-03 12:19:14,055 INFO iter=33300 epoch=5 lr=2.00e-04 G=5.894 advA2B=0.557 advB2A=0.613 cycA=0.155 cycB=0.163 idtA=0.157 idtB=0.153 D_A=0.134 D_B=0.149 D_A(real)=0.75 D_A(fake)=0.25 gnG=23.56 gnD=6.76 it_per_s=4.43
2026-10-03 12:19:36,830 INFO iter=33400 epoch=5 lr=2.00e-04 G=5.886 advA2B=0.556 advB2A=0.613 cycA=0.155 cycB=0.162 idtA=0.157 idtB=0.152 D_A=0.134 D_B=0.150 D_A(real)=0.75 D_A(fake)=0.25 gnG=23.51 gnD=6.78 it_per_s=4.43
2026-10-03 12:19:59,343 INFO iter=33500 epoch=5 lr=2.00e-04 G=5.885 advA2B=0.556 advB2A=0.613 cycA=0.155 cycB=0.162 idtA=0.157 idtB=0.152 D_A=0.135 D_B=0.150 D_A(real)=0.75 D_A(fake)=0.25 gnG=23.50 gnD=6.81 it_per_s=4.43
2026-10-03 12:20:21,359 INFO iter=33600 epoch=5 lr=2.00e-04 G=5.884 advA2B=0.556 advB2A=0.613 cycA=0.155 cycB=0.162 idtA=0.157 idtB=0.152 D_A=0.134 D_B=0.150 D_A(real)=0.75 D_A(fake)=0.25 gnG=23.50 gnD=6.82 it_per_s=4.44
2026-10-03 12:20:43,400 INFO iter=33700 epoch=5 lr=2.00e-04 G=5.883 advA2B=0.557 advB2A=0.613 cycA=0.155 cycB=0.162 idtA=0.157 idtB=0.152 D_A=0.135 D_B=0.150 D_A(real)=0.75 D_A(fake)=0.25 gnG=23.50 gnD=6.84 it_per_s=4.44
2026-10-03 12:21:06,070 INFO iter=33800 epoch=5 lr=2.00e-04 G=5.880 advA2B=0.556 advB2A=0.614 cycA=0.155 cycB=0.162 idtA=0.157 idtB=0.152 D_A=0.134 D_B=0.150 D_A(real)=0.75 D_A(fake)=0.25 gnG=23.51 gnD=6.84 it_per_s=4.44
2026-10-03 12:21:28,509 INFO iter=33900 epoch=5 lr=2.00e-04 G=5.876 advA2B=0.555 advB2A=0.613 cycA=0.154 cycB=0.162 idtA=0.157 idtB=0.152 D_A=0.135 D_B=0.150 D_A(real)=0.75 D_A(fake)=0.25 gnG=23.51 gnD=6.86 it_per_s=4.44
2026-10-03 12:21:50,708 INFO iter=34000 epoch=5 lr=2.00e-04 G=5.872 advA2B=0.554 advB2A=0.614 cycA=0.154 cycB=0.162 idtA=0.157 idtB=0.152 D_A=0.135 D_B=0.150 D_A(real)=0.75 D_A(fake)=0.25 gnG=23.50 gnD=6.87 it_per_s=4.44
2026-10-03 12:22:12,822 INFO iter=34100 epoch=5 lr=2.00e-04 G=5.875 advA2B=0.554 advB2A=0.614 cycA=0.154 cycB=0.162 idtA=0.157 idtB=0.152 D_A=0.134 D_B=0.150 D_A(real)=0.75 D_A(fake)=0.25 gnG=23.52 gnD=6.88 it_per_s=4.44
2026-10-03 12:22:35,203 INFO iter=34200 epoch=5 lr=2.00e-04 G=5.872 advA2B=0.554 advB2A=0.614 cycA=0.154 cycB=0.162 idtA=0.157 idtB=0.152 D_A=0.135 D_B=0.151 D_A(real)=0.75 D_A(fake)=0.25 gnG=23.49 gnD=6.88 it_per_s=4.44
2026-10-03 12:22:57,491 INFO iter=34300 epoch=5 lr=2.00e-04 G=5.869 advA2B=0.553 advB2A=0.614 cycA=0.154 cycB=0.162 idtA=0.157 idtB=0.152 D_A=0.134 D_B=0.151 D_A(real)=0.75 D_A(fake)=0.25 gnG=23.48 gnD=6.87 it_per_s=4.44
2026-10-03 12:23:20,401 INFO iter=34400 epoch=5 lr=2.00e-04 G=5.865 advA2B=0.552 advB2A=0.613 cycA=0.154 cycB=0.162 idtA=0.157 idtB=0.152 D_A=0.134 D_B=0.151 D_A(real)=0.75 D_A(fake)=0.25 gnG=23.48 gnD=6.89 it_per_s=4.44
2026-10-03 12:23:43,062 INFO iter=34500 epoch=5 lr=2.00e-04 G=5.859 advA2B=0.551 advB2A=0.612 cycA=0.154 cycB=0.161 idtA=0.157 idtB=0.152 D_A=0.135 D_B=0.151 D_A(real)=0.75 D_A(fake)=0.25 gnG=23.45 gnD=6.89 it_per_s=4.44
2026-10-03 12:24:05,715 INFO iter=34600 epoch=5 lr=2.00e-04 G=5.861 advA2B=0.551 advB2A=0.613 cycA=0.154 cycB=0.162 idtA=0.157 idtB=0.152 D_A=0.134 D_B=0.151 D_A(real)=0.75 D_A(fake)=0.25 gnG=23.47 gnD=6.88 it_per_s=4.44
2026-10-03 12:24:27,960 INFO iter=34700 epoch=5 lr=2.00e-04 G=5.858 advA2B=0.551 advB2A=0.613 cycA=0.154 cycB=0.162 idtA=0.156 idtB=0.152 D_A=0.135 D_B=0.151 D_A(real)=0.75 D_A(fake)=0.25 gnG=23.45 gnD=6.88 it_per_s=4.44
2026-10-03 12:24:50,051 INFO iter=34800 epoch=5 lr=2.00e-04 G=5.853 advA2B=0.550 advB2A=0.614 cycA=0.153 cycB=0.161 idtA=0.156 idtB=0.152 D_A=0.135 D_B=0.152 D_A(real)=0.75 D_A(fake)=0.25 gnG=23.40 gnD=6.88 it_per_s=4.44
2026-10-03 12:25:12,110 INFO iter=34900 epoch=5 lr=2.00e-04 G=5.851 advA2B=0.549 advB2A=0.614 cycA=0.153 cycB=0.161 idtA=0.156 idtB=0.152 D_A=0.135 D_B=0.152 D_A(real)=0.75 D_A(fake)=0.25 gnG=23.40 gnD=6.88 it_per_s=4.44
2026-10-03 12:25:34,653 INFO iter=35000 epoch=5 lr=2.00e-04 G=5.848 advA2B=0.549 advB2A=0.614 cycA=0.153 cycB=0.161 idtA=0.156 idtB=0.152 D_A=0.134 D_B=0.152 D_A(real)=0.75 D_A(fake)=0.25 gnG=23.41 gnD=6.90 it_per_s=4.44
2026-10-03 12:25:56,650 INFO iter=35100 epoch=5 lr=2.00e-04 G=5.847 advA2B=0.548 advB2A=0.614 cycA=0.153 cycB=0.161 idtA=0.156 idtB=0.152 D_A=0.134 D_B=0.152 D_A(real)=0.75 D_A(fake)=0.25 gnG=23.42 gnD=6.91 it_per_s=4.44
2026-10-03 12:26:17,099 INFO epoch=5 done time_s=1584 it_per_s=4.44 G=5.847 cycA=0.153 cycB=0.161 idtA=0.156 idtB=0.152 D_A=0.134 D_B=0.153 D_A(real)=0.75 D_A(fake)=0.25 nan_count=0
2026-10-03 12:26:19,978 INFO iter=35200 epoch=6 lr=2.00e-04 G=4.960 advA2B=0.542 advB2A=0.475 cycA=0.137 cycB=0.129 idtA=0.133 idtB=0.125 D_A=0.132 D_B=0.152 D_A(real)=0.84 D_A(fake)=0.27 gnG=18.66 gnD=5.69 it_per_s=4.41
2026-10-03 12:26:42,701 INFO iter=35300 epoch=6 lr=2.00e-04 G=5.671 advA2B=0.568 advB2A=0.581 cycA=0.143 cycB=0.160 idtA=0.148 idtB=0.151 D_A=0.127 D_B=0.134 D_A(real)=0.76 D_A(fake)=0.24 gnG=23.83 gnD=6.17 it_per_s=4.40
2026-10-03 12:27:07,978 INFO iter=35400 epoch=6 lr=2.00e-04 G=5.668 advA2B=0.548 advB2A=0.613 cycA=0.146 cycB=0.156 idtA=0.150 idtB=0.147 D_A=0.133 D_B=0.155 D_A(real)=0.76 D_A(fake)=0.25 gnG=22.93 gnD=6.60 it_per_s=4.18
2026-10-03 12:27:33,511 INFO iter=35500 epoch=6 lr=2.00e-04 G=5.687 advA2B=0.533 advB2A=0.627 cycA=0.147 cycB=0.155 idtA=0.153 idtB=0.147 D_A=0.136 D_B=0.160 D_A(real)=0.75 D_A(fake)=0.25 gnG=22.76 gnD=6.58 it_per_s=4.09
2026-10-03 12:27:56,502 INFO iter=35600 epoch=6 lr=2.00e-04 G=5.713 advA2B=0.540 advB2A=0.618 cycA=0.149 cycB=0.155 idtA=0.154 idtB=0.147 D_A=0.134 D_B=0.156 D_A(real)=0.75 D_A(fake)=0.25 gnG=23.00 gnD=6.57 it_per_s=4.15
2026-10-03 12:28:19,223 INFO iter=35700 epoch=6 lr=2.00e-04 G=5.673 advA2B=0.539 advB2A=0.598 cycA=0.150 cycB=0.153 idtA=0.155 idtB=0.146 D_A=0.136 D_B=0.158 D_A(real)=0.75 D_A(fake)=0.26 gnG=22.67 gnD=6.68 it_per_s=4.20
2026-10-03 12:28:41,986 INFO iter=35800 epoch=6 lr=2.00e-04 G=5.727 advA2B=0.548 advB2A=0.613 cycA=0.150 cycB=0.155 idtA=0.156 idtB=0.147 D_A=0.136 D_B=0.158 D_A(real)=0.75 D_A(fake)=0.25 gnG=22.90 gnD=6.78 it_per_s=4.23
2026-10-03 12:29:04,719 INFO iter=35900 epoch=6 lr=2.00e-04 G=5.725 advA2B=0.542 advB2A=0.613 cycA=0.150 cycB=0.156 idtA=0.155 idtB=0.148 D_A=0.133 D_B=0.159 D_A(real)=0.75 D_A(fake)=0.25 gnG=22.56 gnD=6.72 it_per_s=4.25
2026-10-03 12:29:27,398 INFO iter=36000 epoch=6 lr=2.00e-04 G=5.724 advA2B=0.540 advB2A=0.626 cycA=0.148 cycB=0.157 idtA=0.153 idtB=0.149 D_A=0.135 D_B=0.158 D_A(real)=0.75 D_A(fake)=0.25 gnG=22.39 gnD=6.75 it_per_s=4.27
2026-10-03 12:29:50,114 INFO iter=36100 epoch=6 lr=2.00e-04 G=5.689 advA2B=0.538 advB2A=0.626 cycA=0.147 cycB=0.156 idtA=0.152 idtB=0.147 D_A=0.135 D_B=0.160 D_A(real)=0.75 D_A(fake)=0.25 gnG=22.27 gnD=6.72 it_per_s=4.28
2026-10-03 12:30:12,796 INFO iter=36200 epoch=6 lr=2.00e-04 G=5.677 advA2B=0.537 advB2A=0.622 cycA=0.147 cycB=0.155 idtA=0.152 idtB=0.147 D_A=0.133 D_B=0.159 D_A(real)=0.75 D_A(fake)=0.25 gnG=22.37 gnD=6.72 it_per_s=4.30
2026-10-03 12:30:35,557 INFO iter=36300 epoch=6 lr=2.00e-04 G=5.702 advA2B=0.534 advB2A=0.626 cycA=0.148 cycB=0.157 idtA=0.152 idtB=0.148 D_A=0.133 D_B=0.159 D_A(real)=0.75 D_A(fake)=0.25 gnG=22.52 gnD=6.74 it_per_s=4.30
2026-10-03 12:30:57,643 INFO iter=36400 epoch=6 lr=2.00e-04 G=5.706 advA2B=0.528 advB2A=0.627 cycA=0.148 cycB=0.157 idtA=0.153 idtB=0.148 D_A=0.131 D_B=0.159 D_A(real)=0.76 D_A(fake)=0.24 gnG=22.64 gnD=6.74 it_per_s=4.32
2026-10-03 12:31:19,753 INFO iter=36500 epoch=6 lr=2.00e-04 G=5.705 advA2B=0.528 advB2A=0.628 cycA=0.148 cycB=0.156 idtA=0.152 idtB=0.148 D_A=0.130 D_B=0.157 D_A(real)=0.76 D_A(fake)=0.24 gnG=22.67 gnD=6.75 it_per_s=4.34
2026-10-03 12:31:42,136 INFO iter=36600 epoch=6 lr=2.00e-04 G=5.706 advA2B=0.528 advB2A=0.628 cycA=0.148 cycB=0.156 idtA=0.153 idtB=0.148 D_A=0.129 D_B=0.158 D_A(real)=0.76 D_A(fake)=0.24 gnG=22.63 gnD=6.77 it_per_s=4.35
2026-10-03 12:32:04,592 INFO iter=36700 epoch=6 lr=2.00e-04 G=5.702 advA2B=0.530 advB2A=0.629 cycA=0.148 cycB=0.156 idtA=0.153 idtB=0.148 D_A=0.130 D_B=0.159 D_A(real)=0.76 D_A(fake)=0.24 gnG=22.64 gnD=6.83 it_per_s=4.35
2026-10-03 12:32:26,824 INFO iter=36800 epoch=6 lr=2.00e-04 G=5.691 advA2B=0.532 advB2A=0.629 cycA=0.148 cycB=0.156 idtA=0.152 idtB=0.147 D_A=0.130 D_B=0.158 D_A(real)=0.76 D_A(fake)=0.24 gnG=22.64 gnD=6.87 it_per_s=4.36
2026-10-03 12:32:49,310 INFO iter=36900 epoch=6 lr=2.00e-04 G=5.699 advA2B=0.533 advB2A=0.634 cycA=0.148 cycB=0.156 idtA=0.152 idtB=0.148 D_A=0.130 D_B=0.158 D_A(real)=0.76 D_A(fake)=0.24 gnG=22.64 gnD=6.90 it_per_s=4.37
2026-10-03 12:33:11,878 INFO iter=37000 epoch=6 lr=2.00e-04 G=5.709 advA2B=0.534 advB2A=0.626 cycA=0.148 cycB=0.157 idtA=0.152 idtB=0.149 D_A=0.132 D_B=0.156 D_A(real)=0.75 D_A(fake)=0.25 gnG=23.07 gnD=6.93 it_per_s=4.37
2026-10-03 12:33:34,198 INFO iter=37100 epoch=6 lr=2.00e-04 G=5.714 advA2B=0.538 advB2A=0.625 cycA=0.148 cycB=0.157 idtA=0.151 idtB=0.150 D_A=0.133 D_B=0.155 D_A(real)=0.75 D_A(fake)=0.25 gnG=23.09 gnD=6.91 it_per_s=4.38
2026-10-03 12:33:56,238 INFO iter=37200 epoch=6 lr=2.00e-04 G=5.705 advA2B=0.539 advB2A=0.625 cycA=0.148 cycB=0.156 idtA=0.151 idtB=0.149 D_A=0.132 D_B=0.155 D_A(real)=0.75 D_A(fake)=0.25 gnG=23.05 gnD=6.89 it_per_s=4.38
2026-10-03 12:34:18,431 INFO iter=37300 epoch=6 lr=2.00e-04 G=5.709 advA2B=0.542 advB2A=0.624 cycA=0.148 cycB=0.156 idtA=0.151 idtB=0.150 D_A=0.133 D_B=0.153 D_A(real)=0.75 D_A(fake)=0.25 gnG=23.04 gnD=6.88 it_per_s=4.39
2026-10-03 12:34:41,215 INFO iter=37400 epoch=6 lr=2.00e-04 G=5.707 advA2B=0.541 advB2A=0.625 cycA=0.148 cycB=0.156 idtA=0.152 idtB=0.149 D_A=0.133 D_B=0.153 D_A(real)=0.75 D_A(fake)=0.25 gnG=22.98 gnD=6.87 it_per_s=4.39
2026-10-03 12:35:03,643 INFO iter=37500 epoch=6 lr=2.00e-04 G=5.705 advA2B=0.541 advB2A=0.624 cycA=0.148 cycB=0.155 idtA=0.152 idtB=0.149 D_A=0.134 D_B=0.153 D_A(real)=0.75 D_A(fake)=0.25 gnG=23.02 gnD=6.84 it_per_s=4.39
2026-10-03 12:35:25,525 INFO iter=37600 epoch=6 lr=2.00e-04 G=5.697 advA2B=0.542 advB2A=0.620 cycA=0.148 cycB=0.155 idtA=0.152 idtB=0.149 D_A=0.134 D_B=0.153 D_A(real)=0.75 D_A(fake)=0.25 gnG=23.03 gnD=6.82 it_per_s=4.40
2026-10-03 12:35:47,504 INFO iter=37700 epoch=6 lr=2.00e-04 G=5.695 advA2B=0.540 advB2A=0.617 cycA=0.148 cycB=0.156 idtA=0.151 idtB=0.149 D_A=0.134 D_B=0.153 D_A(real)=0.75 D_A(fake)=0.25 gnG=22.94 gnD=6.80 it_per_s=4.41
2026-10-03 12:36:10,896 INFO iter=37800 epoch=6 lr=2.00e-04 G=5.704 advA2B=0.542 advB2A=0.619 cycA=0.148 cycB=0.156 idtA=0.152 idtB=0.149 D_A=0.134 D_B=0.153 D_A(real)=0.75 D_A(fake)=0.25 gnG=23.03 gnD=6.79 it_per_s=4.40
2026-10-03 12:36:34,100 INFO iter=37900 epoch=6 lr=2.00e-04 G=5.707 advA2B=0.543 advB2A=0.620 cycA=0.148 cycB=0.156 idtA=0.152 idtB=0.149 D_A=0.134 D_B=0.153 D_A(real)=0.75 D_A(fake)=0.25 gnG=23.13 gnD=6.79 it_per_s=4.40
2026-10-03 12:36:57,136 INFO iter=38000 epoch=6 lr=2.00e-04 G=5.708 advA2B=0.542 advB2A=0.620 cycA=0.148 cycB=0.156 idtA=0.151 idtB=0.149 D_A=0.134 D_B=0.153 D_A(real)=0.75 D_A(fake)=0.25 gnG=23.16 gnD=6.80 it_per_s=4.39
2026-10-03 12:37:19,984 INFO iter=38100 epoch=6 lr=2.00e-04 G=5.705 advA2B=0.541 advB2A=0.620 cycA=0.148 cycB=0.156 idtA=0.152 idtB=0.150 D_A=0.134 D_B=0.153 D_A(real)=0.75 D_A(fake)=0.25 gnG=23.08 gnD=6.80 it_per_s=4.39
2026-10-03 12:37:42,788 INFO iter=38200 epoch=6 lr=2.00e-04 G=5.709 advA2B=0.540 advB2A=0.619 cycA=0.148 cycB=0.157 idtA=0.152 idtB=0.150 D_A=0.134 D_B=0.153 D_A(real)=0.75 D_A(fake)=0.25 gnG=23.20 gnD=6.82 it_per_s=4.39
2026-10-03 12:38:05,571 INFO iter=38300 epoch=6 lr=2.00e-04 G=5.712 advA2B=0.541 advB2A=0.621 cycA=0.148 cycB=0.156 idtA=0.152 idtB=0.150 D_A=0.134 D_B=0.153 D_A(real)=0.75 D_A(fake)=0.25 gnG=23.17 gnD=6.77 it_per_s=4.39
2026-10-03 12:38:28,434 INFO iter=38400 epoch=6 lr=2.00e-04 G=5.709 advA2B=0.541 advB2A=0.620 cycA=0.148 cycB=0.156 idtA=0.152 idtB=0.150 D_A=0.134 D_B=0.152 D_A(real)=0.75 D_A(fake)=0.25 gnG=23.23 gnD=6.74 it_per_s=4.39
2026-10-03 12:38:51,097 INFO iter=38500 epoch=6 lr=2.00e-04 G=5.715 advA2B=0.538 advB2A=0.622 cycA=0.148 cycB=0.157 idtA=0.151 idtB=0.150 D_A=0.134 D_B=0.153 D_A(real)=0.75 D_A(fake)=0.25 gnG=23.35 gnD=6.71 it_per_s=4.39
2026-10-03 12:39:13,838 INFO iter=38600 epoch=6 lr=2.00e-04 G=5.706 advA2B=0.537 advB2A=0.621 cycA=0.148 cycB=0.157 idtA=0.151 idtB=0.150 D_A=0.134 D_B=0.152 D_A(real)=0.75 D_A(fake)=0.25 gnG=23.32 gnD=6.69 it_per_s=4.39
2026-10-03 12:39:36,627 INFO iter=38700 epoch=6 lr=2.00e-04 G=5.707 advA2B=0.538 advB2A=0.622 cycA=0.148 cycB=0.157 idtA=0.151 idtB=0.150 D_A=0.134 D_B=0.152 D_A(real)=0.75 D_A(fake)=0.25 gnG=23.38 gnD=6.66 it_per_s=4.39
2026-10-03 12:39:59,297 INFO iter=38800 epoch=6 lr=2.00e-04 G=5.706 advA2B=0.539 advB2A=0.621 cycA=0.148 cycB=0.157 idtA=0.151 idtB=0.149 D_A=0.134 D_B=0.152 D_A(real)=0.75 D_A(fake)=0.25 gnG=23.42 gnD=6.63 it_per_s=4.39
2026-10-03 12:40:21,701 INFO iter=38900 epoch=6 lr=2.00e-04 G=5.707 advA2B=0.539 advB2A=0.620 cycA=0.148 cycB=0.157 idtA=0.151 idtB=0.149 D_A=0.135 D_B=0.152 D_A(real)=0.75 D_A(fake)=0.25 gnG=23.39 gnD=6.64 it_per_s=4.40
2026-10-03 12:40:44,144 INFO iter=39000 epoch=6 lr=2.00e-04 G=5.704 advA2B=0.541 advB2A=0.618 cycA=0.148 cycB=0.156 idtA=0.151 idtB=0.149 D_A=0.135 D_B=0.151 D_A(real)=0.75 D_A(fake)=0.25 gnG=23.47 gnD=6.60 it_per_s=4.40
2026-10-03 12:41:06,358 INFO iter=39100 epoch=6 lr=2.00e-04 G=5.707 advA2B=0.544 advB2A=0.618 cycA=0.148 cycB=0.156 idtA=0.151 idtB=0.149 D_A=0.135 D_B=0.151 D_A(real)=0.75 D_A(fake)=0.25 gnG=23.50 gnD=6.60 it_per_s=4.40
2026-10-03 12:41:29,013 INFO iter=39200 epoch=6 lr=2.00e-04 G=5.705 advA2B=0.542 advB2A=0.617 cycA=0.148 cycB=0.157 idtA=0.151 idtB=0.149 D_A=0.135 D_B=0.150 D_A(real)=0.75 D_A(fake)=0.25 gnG=23.55 gnD=6.60 it_per_s=4.40
2026-10-03 12:41:51,017 INFO iter=39300 epoch=6 lr=2.00e-04 G=5.704 advA2B=0.542 advB2A=0.617 cycA=0.148 cycB=0.156 idtA=0.151 idtB=0.149 D_A=0.135 D_B=0.150 D_A(real)=0.75 D_A(fake)=0.25 gnG=23.67 gnD=6.57 it_per_s=4.40
2026-10-03 12:42:13,881 INFO iter=39400 epoch=6 lr=2.00e-04 G=5.703 advA2B=0.542 advB2A=0.616 cycA=0.148 cycB=0.156 idtA=0.151 idtB=0.149 D_A=0.135 D_B=0.150 D_A(real)=0.75 D_A(fake)=0.25 gnG=23.73 gnD=6.57 it_per_s=4.40
2026-10-03 12:42:36,559 INFO iter=39500 epoch=6 lr=2.00e-04 G=5.701 advA2B=0.543 advB2A=0.615 cycA=0.148 cycB=0.156 idtA=0.152 idtB=0.149 D_A=0.135 D_B=0.150 D_A(real)=0.75 D_A(fake)=0.25 gnG=23.73 gnD=6.55 it_per_s=4.40
2026-10-03 12:42:59,214 INFO iter=39600 epoch=6 lr=2.00e-04 G=5.702 advA2B=0.543 advB2A=0.616 cycA=0.148 cycB=0.156 idtA=0.152 idtB=0.149 D_A=0.135 D_B=0.150 D_A(real)=0.75 D_A(fake)=0.25 gnG=23.74 gnD=6.52 it_per_s=4.40
2026-10-03 12:43:21,871 INFO iter=39700 epoch=6 lr=2.00e-04 G=5.696 advA2B=0.544 advB2A=0.615 cycA=0.148 cycB=0.156 idtA=0.151 idtB=0.149 D_A=0.135 D_B=0.150 D_A(real)=0.75 D_A(fake)=0.25 gnG=23.75 gnD=6.51 it_per_s=4.40
2026-10-03 12:43:44,490 INFO iter=39800 epoch=6 lr=2.00e-04 G=5.692 advA2B=0.543 advB2A=0.615 cycA=0.148 cycB=0.156 idtA=0.151 idtB=0.148 D_A=0.135 D_B=0.150 D_A(real)=0.75 D_A(fake)=0.25 gnG=23.76 gnD=6.49 it_per_s=4.40
2026-10-03 12:44:06,916 INFO iter=39900 epoch=6 lr=2.00e-04 G=5.693 advA2B=0.543 advB2A=0.617 cycA=0.147 cycB=0.156 idtA=0.151 idtB=0.148 D_A=0.135 D_B=0.150 D_A(real)=0.75 D_A(fake)=0.25 gnG=23.74 gnD=6.47 it_per_s=4.41
2026-10-03 12:44:28,944 INFO iter=40000 epoch=6 lr=2.00e-04 G=5.690 advA2B=0.542 advB2A=0.617 cycA=0.147 cycB=0.156 idtA=0.151 idtB=0.148 D_A=0.135 D_B=0.150 D_A(real)=0.75 D_A(fake)=0.25 gnG=23.70 gnD=6.46 it_per_s=4.41
2026-10-03 12:44:50,766 INFO iter=40100 epoch=6 lr=2.00e-04 G=5.687 advA2B=0.544 advB2A=0.618 cycA=0.147 cycB=0.156 idtA=0.151 idtB=0.148 D_A=0.135 D_B=0.150 D_A(real)=0.75 D_A(fake)=0.25 gnG=23.67 gnD=6.46 it_per_s=4.41
2026-10-03 12:45:13,172 INFO iter=40200 epoch=6 lr=2.00e-04 G=5.691 advA2B=0.546 advB2A=0.618 cycA=0.147 cycB=0.156 idtA=0.151 idtB=0.148 D_A=0.135 D_B=0.150 D_A(real)=0.75 D_A(fake)=0.25 gnG=23.72 gnD=6.44 it_per_s=4.41
2026-10-03 12:45:35,824 INFO iter=40300 epoch=6 lr=2.00e-04 G=5.685 advA2B=0.544 advB2A=0.617 cycA=0.147 cycB=0.156 idtA=0.151 idtB=0.148 D_A=0.135 D_B=0.150 D_A(real)=0.75 D_A(fake)=0.25 gnG=23.68 gnD=6.43 it_per_s=4.41
2026-10-03 12:45:58,661 INFO iter=40400 epoch=6 lr=2.00e-04 G=5.674 advA2B=0.544 advB2A=0.617 cycA=0.147 cycB=0.155 idtA=0.151 idtB=0.148 D_A=0.135 D_B=0.151 D_A(real)=0.75 D_A(fake)=0.25 gnG=23.63 gnD=6.43 it_per_s=4.41
2026-10-03 12:46:21,315 INFO iter=40500 epoch=6 lr=2.00e-04 G=5.672 advA2B=0.544 advB2A=0.616 cycA=0.147 cycB=0.155 idtA=0.151 idtB=0.148 D_A=0.135 D_B=0.150 D_A(real)=0.75 D_A(fake)=0.25 gnG=23.60 gnD=6.42 it_per_s=4.41
2026-10-03 12:46:43,935 INFO iter=40600 epoch=6 lr=2.00e-04 G=5.671 advA2B=0.544 advB2A=0.618 cycA=0.147 cycB=0.155 idtA=0.151 idtB=0.148 D_A=0.135 D_B=0.151 D_A(real)=0.75 D_A(fake)=0.25 gnG=23.61 gnD=6.41 it_per_s=4.41
2026-10-03 12:47:06,668 INFO iter=40700 epoch=6 lr=2.00e-04 G=5.664 advA2B=0.543 advB2A=0.617 cycA=0.146 cycB=0.155 idtA=0.151 idtB=0.147 D_A=0.135 D_B=0.151 D_A(real)=0.75 D_A(fake)=0.25 gnG=23.63 gnD=6.40 it_per_s=4.41
2026-10-03 12:47:29,379 INFO iter=40800 epoch=6 lr=2.00e-04 G=5.662 advA2B=0.542 advB2A=0.617 cycA=0.146 cycB=0.155 idtA=0.150 idtB=0.147 D_A=0.135 D_B=0.150 D_A(real)=0.75 D_A(fake)=0.25 gnG=23.62 gnD=6.40 it_per_s=4.41
2026-10-03 12:47:52,146 INFO iter=40900 epoch=6 lr=2.00e-04 G=5.662 advA2B=0.543 advB2A=0.616 cycA=0.146 cycB=0.155 idtA=0.151 idtB=0.147 D_A=0.135 D_B=0.151 D_A(real)=0.75 D_A(fake)=0.25 gnG=23.60 gnD=6.40 it_per_s=4.41
2026-10-03 12:48:14,699 INFO iter=41000 epoch=6 lr=2.00e-04 G=5.661 advA2B=0.543 advB2A=0.616 cycA=0.146 cycB=0.155 idtA=0.150 idtB=0.147 D_A=0.135 D_B=0.151 D_A(real)=0.75 D_A(fake)=0.25 gnG=23.60 gnD=6.39 it_per_s=4.41
2026-10-03 12:48:37,317 INFO iter=41100 epoch=6 lr=2.00e-04 G=5.655 advA2B=0.543 advB2A=0.616 cycA=0.146 cycB=0.155 idtA=0.150 idtB=0.147 D_A=0.135 D_B=0.150 D_A(real)=0.75 D_A(fake)=0.25 gnG=23.56 gnD=6.37 it_per_s=4.41
2026-10-03 12:49:00,160 INFO iter=41200 epoch=6 lr=2.00e-04 G=5.655 advA2B=0.542 advB2A=0.614 cycA=0.146 cycB=0.155 idtA=0.150 idtB=0.147 D_A=0.135 D_B=0.150 D_A(real)=0.74 D_A(fake)=0.25 gnG=23.53 gnD=6.36 it_per_s=4.41
2026-10-03 12:49:22,865 INFO iter=41300 epoch=6 lr=2.00e-04 G=5.654 advA2B=0.541 advB2A=0.614 cycA=0.146 cycB=0.155 idtA=0.150 idtB=0.147 D_A=0.135 D_B=0.151 D_A(real)=0.74 D_A(fake)=0.26 gnG=23.50 gnD=6.35 it_per_s=4.41
2026-10-03 12:49:45,645 INFO iter=41400 epoch=6 lr=2.00e-04 G=5.656 advA2B=0.540 advB2A=0.614 cycA=0.146 cycB=0.155 idtA=0.150 idtB=0.147 D_A=0.135 D_B=0.151 D_A(real)=0.74 D_A(fake)=0.26 gnG=23.45 gnD=6.34 it_per_s=4.41
2026-10-03 12:50:08,099 INFO iter=41500 epoch=6 lr=2.00e-04 G=5.653 advA2B=0.540 advB2A=0.613 cycA=0.146 cycB=0.155 idtA=0.150 idtB=0.147 D_A=0.135 D_B=0.151 D_A(real)=0.74 D_A(fake)=0.26 gnG=23.43 gnD=6.35 it_per_s=4.41
2026-10-03 12:50:30,710 INFO iter=41600 epoch=6 lr=2.00e-04 G=5.654 advA2B=0.540 advB2A=0.614 cycA=0.146 cycB=0.155 idtA=0.150 idtB=0.147 D_A=0.135 D_B=0.152 D_A(real)=0.74 D_A(fake)=0.26 gnG=23.43 gnD=6.34 it_per_s=4.41
2026-10-03 12:50:52,627 INFO iter=41700 epoch=6 lr=2.00e-04 G=5.656 advA2B=0.540 advB2A=0.615 cycA=0.146 cycB=0.155 idtA=0.150 idtB=0.147 D_A=0.135 D_B=0.151 D_A(real)=0.75 D_A(fake)=0.25 gnG=23.42 gnD=6.33 it_per_s=4.41
2026-10-03 12:51:15,221 INFO iter=41800 epoch=6 lr=2.00e-04 G=5.658 advA2B=0.540 advB2A=0.614 cycA=0.146 cycB=0.155 idtA=0.150 idtB=0.147 D_A=0.135 D_B=0.151 D_A(real)=0.75 D_A(fake)=0.25 gnG=23.45 gnD=6.33 it_per_s=4.41
2026-10-03 12:51:37,687 INFO iter=41900 epoch=6 lr=2.00e-04 G=5.661 advA2B=0.541 advB2A=0.615 cycA=0.146 cycB=0.155 idtA=0.150 idtB=0.147 D_A=0.135 D_B=0.151 D_A(real)=0.75 D_A(fake)=0.25 gnG=23.44 gnD=6.32 it_per_s=4.41
2026-10-03 12:52:00,572 INFO iter=42000 epoch=6 lr=2.00e-04 G=5.658 advA2B=0.541 advB2A=0.616 cycA=0.146 cycB=0.155 idtA=0.150 idtB=0.147 D_A=0.135 D_B=0.151 D_A(real)=0.75 D_A(fake)=0.25 gnG=23.43 gnD=6.32 it_per_s=4.41
2026-10-03 12:52:23,137 INFO iter=42100 epoch=6 lr=2.00e-04 G=5.657 advA2B=0.541 advB2A=0.616 cycA=0.146 cycB=0.155 idtA=0.150 idtB=0.147 D_A=0.134 D_B=0.151 D_A(real)=0.75 D_A(fake)=0.25 gnG=23.39 gnD=6.32 it_per_s=4.41
2026-10-03 12:52:45,805 INFO iter=42200 epoch=6 lr=2.00e-04 G=5.654 advA2B=0.542 advB2A=0.616 cycA=0.146 cycB=0.155 idtA=0.150 idtB=0.147 D_A=0.135 D_B=0.151 D_A(real)=0.75 D_A(fake)=0.25 gnG=23.38 gnD=6.31 it_per_s=4.41
2026-10-03 12:52:52,127 INFO epoch=6 done time_s=1594 it_per_s=4.41 G=5.652 cycA=0.146 cycB=0.155 idtA=0.150 idtB=0.147 D_A=0.135 D_B=0.151 D_A(real)=0.75 D_A(fake)=0.25 nan_count=0
2026-10-03 12:53:08,836 INFO iter=42300 epoch=7 lr=2.00e-04 G=5.521 advA2B=0.532 advB2A=0.693 cycA=0.138 cycB=0.148 idtA=0.140 idtB=0.147 D_A=0.114 D_B=0.135 D_A(real)=0.77 D_A(fake)=0.22 gnG=20.03 gnD=6.59 it_per_s=4.46
2026-10-03 12:53:31,571 INFO iter=42400 epoch=7 lr=2.00e-04 G=5.558 advA2B=0.506 advB2A=0.637 cycA=0.142 cycB=0.154 idtA=0.144 idtB=0.148 D_A=0.131 D_B=0.147 D_A(real)=0.76 D_A(fake)=0.24 gnG=24.65 gnD=6.42 it_per_s=4.42
2026-10-03 12:53:54,191 INFO iter=42500 epoch=7 lr=2.00e-04 G=5.578 advA2B=0.498 advB2A=0.620 cycA=0.144 cycB=0.156 idtA=0.145 idtB=0.149 D_A=0.126 D_B=0.138 D_A(real)=0.75 D_A(fake)=0.24 gnG=24.07 gnD=6.05 it_per_s=4.42
2026-10-03 12:54:17,026 INFO iter=42600 epoch=7 lr=2.00e-04 G=5.585 advA2B=0.527 advB2A=0.641 cycA=0.143 cycB=0.153 idtA=0.146 idtB=0.147 D_A=0.129 D_B=0.144 D_A(real)=0.76 D_A(fake)=0.24 gnG=23.45 gnD=6.04 it_per_s=4.41
2026-10-03 12:54:39,631 INFO iter=42700 epoch=7 lr=2.00e-04 G=5.539 advA2B=0.520 advB2A=0.627 cycA=0.141 cycB=0.152 idtA=0.147 idtB=0.145 D_A=0.129 D_B=0.144 D_A(real)=0.75 D_A(fake)=0.25 gnG=22.89 gnD=5.96 it_per_s=4.41
2026-10-03 12:55:02,225 INFO iter=42800 epoch=7 lr=2.00e-04 G=5.491 advA2B=0.509 advB2A=0.631 cycA=0.140 cycB=0.151 idtA=0.145 idtB=0.144 D_A=0.126 D_B=0.144 D_A(real)=0.76 D_A(fake)=0.24 gnG=22.71 gnD=5.84 it_per_s=4.42
2026-10-03 12:55:24,798 INFO iter=42900 epoch=7 lr=2.00e-04 G=5.484 advA2B=0.503 advB2A=0.624 cycA=0.140 cycB=0.151 idtA=0.146 idtB=0.144 D_A=0.126 D_B=0.145 D_A(real)=0.76 D_A(fake)=0.24 gnG=22.72 gnD=5.78 it_per_s=4.42
2026-10-03 12:55:47,549 INFO iter=43000 epoch=7 lr=2.00e-04 G=5.467 advA2B=0.497 advB2A=0.606 cycA=0.141 cycB=0.150 idtA=0.147 idtB=0.144 D_A=0.128 D_B=0.146 D_A(real)=0.75 D_A(fake)=0.25 gnG=22.87 gnD=5.77 it_per_s=4.41
2026-10-03 12:56:10,310 INFO iter=43100 epoch=7 lr=2.00e-04 G=5.494 advA2B=0.505 advB2A=0.597 cycA=0.142 cycB=0.151 idtA=0.148 idtB=0.144 D_A=0.130 D_B=0.147 D_A(real)=0.75 D_A(fake)=0.25 gnG=22.95 gnD=5.82 it_per_s=4.41
2026-10-03 12:56:32,909 INFO iter=43200 epoch=7 lr=2.00e-04 G=5.514 advA2B=0.509 advB2A=0.596 cycA=0.142 cycB=0.152 idtA=0.149 idtB=0.145 D_A=0.133 D_B=0.147 D_A(real)=0.75 D_A(fake)=0.25 gnG=22.96 gnD=5.93 it_per_s=4.41
2026-10-03 12:56:55,593 INFO iter=43300 epoch=7 lr=2.00e-04 G=5.514 advA2B=0.513 advB2A=0.593 cycA=0.142 cycB=0.152 idtA=0.149 idtB=0.144 D_A=0.132 D_B=0.146 D_A(real)=0.75 D_A(fake)=0.25 gnG=22.74 gnD=5.95 it_per_s=4.41
2026-10-03 12:57:18,463 INFO iter=43400 epoch=7 lr=2.00e-04 G=5.507 advA2B=0.513 advB2A=0.593 cycA=0.143 cycB=0.151 idtA=0.149 idtB=0.143 D_A=0.133 D_B=0.148 D_A(real)=0.75 D_A(fake)=0.25 gnG=22.72 gnD=5.97 it_per_s=4.41
2026-10-03 12:57:41,247 INFO iter=43500 epoch=7 lr=2.00e-04 G=5.539 advA2B=0.517 advB2A=0.598 cycA=0.143 cycB=0.152 idtA=0.150 idtB=0.144 D_A=0.133 D_B=0.147 D_A(real)=0.75 D_A(fake)=0.25 gnG=23.19 gnD=5.95 it_per_s=4.41
2026-10-03 12:58:04,515 INFO iter=43600 epoch=7 lr=2.00e-04 G=5.544 advA2B=0.521 advB2A=0.596 cycA=0.143 cycB=0.152 idtA=0.149 idtB=0.145 D_A=0.133 D_B=0.147 D_A(real)=0.75 D_A(fake)=0.25 gnG=23.04 gnD=5.95 it_per_s=4.40
2026-10-03 12:58:27,551 INFO iter=43700 epoch=7 lr=2.00e-04 G=5.547 advA2B=0.520 advB2A=0.595 cycA=0.143 cycB=0.152 idtA=0.149 idtB=0.146 D_A=0.135 D_B=0.146 D_A(real)=0.74 D_A(fake)=0.26 gnG=22.90 gnD=5.96 it_per_s=4.40
2026-10-03 12:58:50,786 INFO iter=43800 epoch=7 lr=2.00e-04 G=5.551 advA2B=0.524 advB2A=0.593 cycA=0.143 cycB=0.152 idtA=0.149 idtB=0.146 D_A=0.136 D_B=0.146 D_A(real)=0.74 D_A(fake)=0.26 gnG=22.78 gnD=5.98 it_per_s=4.39
2026-10-03 12:59:13,738 INFO iter=43900 epoch=7 lr=2.00e-04 G=5.542 advA2B=0.524 advB2A=0.596 cycA=0.143 cycB=0.152 idtA=0.149 idtB=0.146 D_A=0.135 D_B=0.146 D_A(real)=0.74 D_A(fake)=0.26 gnG=22.58 gnD=6.00 it_per_s=4.39
2026-10-03 12:59:37,028 INFO iter=44000 epoch=7 lr=2.00e-04 G=5.550 advA2B=0.526 advB2A=0.599 cycA=0.143 cycB=0.152 idtA=0.149 idtB=0.146 D_A=0.134 D_B=0.146 D_A(real)=0.74 D_A(fake)=0.26 gnG=22.75 gnD=5.99 it_per_s=4.38
2026-10-03 13:00:00,072 INFO iter=44100 epoch=7 lr=2.00e-04 G=5.544 advA2B=0.526 advB2A=0.602 cycA=0.143 cycB=0.151 idtA=0.149 idtB=0.146 D_A=0.132 D_B=0.147 D_A(real)=0.75 D_A(fake)=0.25 gnG=22.63 gnD=6.01 it_per_s=4.38
2026-10-03 13:00:23,527 INFO iter=44200 epoch=7 lr=2.00e-04 G=5.541 advA2B=0.527 advB2A=0.603 cycA=0.143 cycB=0.151 idtA=0.149 idtB=0.146 D_A=0.134 D_B=0.147 D_A(real)=0.75 D_A(fake)=0.25 gnG=22.52 gnD=6.04 it_per_s=4.37
2026-10-03 13:00:46,595 INFO iter=44300 epoch=7 lr=2.00e-04 G=5.542 advA2B=0.527 advB2A=0.603 cycA=0.143 cycB=0.151 idtA=0.149 idtB=0.146 D_A=0.133 D_B=0.147 D_A(real)=0.75 D_A(fake)=0.25 gnG=22.47 gnD=6.05 it_per_s=4.37
2026-10-03 13:01:09,430 INFO iter=44400 epoch=7 lr=2.00e-04 G=5.548 advA2B=0.530 advB2A=0.601 cycA=0.143 cycB=0.152 idtA=0.149 idtB=0.146 D_A=0.132 D_B=0.146 D_A(real)=0.75 D_A(fake)=0.25 gnG=22.64 gnD=6.05 it_per_s=4.37
2026-10-03 13:01:32,366 INFO iter=44500 epoch=7 lr=2.00e-04 G=5.542 advA2B=0.530 advB2A=0.605 cycA=0.143 cycB=0.151 idtA=0.148 idtB=0.146 D_A=0.132 D_B=0.146 D_A(real)=0.75 D_A(fake)=0.25 gnG=22.61 gnD=6.07 it_per_s=4.37
2026-10-03 13:01:54,960 INFO iter=44600 epoch=7 lr=2.00e-04 G=5.540 advA2B=0.531 advB2A=0.601 cycA=0.142 cycB=0.151 idtA=0.148 idtB=0.145 D_A=0.132 D_B=0.146 D_A(real)=0.75 D_A(fake)=0.25 gnG=22.53 gnD=6.06 it_per_s=4.37
2026-10-03 13:02:17,499 INFO iter=44700 epoch=7 lr=2.00e-04 G=5.542 advA2B=0.531 advB2A=0.599 cycA=0.142 cycB=0.152 idtA=0.149 idtB=0.146 D_A=0.132 D_B=0.146 D_A(real)=0.75 D_A(fake)=0.25 gnG=22.62 gnD=6.05 it_per_s=4.38
2026-10-03 13:02:40,199 INFO iter=44800 epoch=7 lr=2.00e-04 G=5.542 advA2B=0.531 advB2A=0.602 cycA=0.143 cycB=0.151 idtA=0.149 idtB=0.146 D_A=0.133 D_B=0.146 D_A(real)=0.75 D_A(fake)=0.25 gnG=22.61 gnD=6.06 it_per_s=4.38
2026-10-03 13:03:03,151 INFO iter=44900 epoch=7 lr=2.00e-04 G=5.541 advA2B=0.533 advB2A=0.604 cycA=0.143 cycB=0.151 idtA=0.148 idtB=0.145 D_A=0.132 D_B=0.146 D_A(real)=0.75 D_A(fake)=0.25 gnG=22.58 gnD=6.06 it_per_s=4.38
2026-10-03 13:03:25,998 INFO iter=45000 epoch=7 lr=2.00e-04 G=5.538 advA2B=0.535 advB2A=0.605 cycA=0.142 cycB=0.151 idtA=0.148 idtB=0.145 D_A=0.132 D_B=0.145 D_A(real)=0.75 D_A(fake)=0.25 gnG=22.55 gnD=6.08 it_per_s=4.38
2026-10-03 13:03:48,738 INFO iter=45100 epoch=7 lr=2.00e-04 G=5.529 advA2B=0.535 advB2A=0.604 cycA=0.142 cycB=0.150 idtA=0.148 idtB=0.145 D_A=0.132 D_B=0.145 D_A(real)=0.75 D_A(fake)=0.25 gnG=22.51 gnD=6.11 it_per_s=4.38
2026-10-03 13:04:11,347 INFO iter=45200 epoch=7 lr=2.00e-04 G=5.533 advA2B=0.536 advB2A=0.603 cycA=0.142 cycB=0.151 idtA=0.148 idtB=0.145 D_A=0.133 D_B=0.146 D_A(real)=0.75 D_A(fake)=0.25 gnG=22.55 gnD=6.10 it_per_s=4.38
2026-10-03 13:04:34,574 INFO iter=45300 epoch=7 lr=2.00e-04 G=5.528 advA2B=0.537 advB2A=0.605 cycA=0.142 cycB=0.150 idtA=0.148 idtB=0.145 D_A=0.132 D_B=0.145 D_A(real)=0.75 D_A(fake)=0.25 gnG=22.49 gnD=6.12 it_per_s=4.38
2026-10-03 13:04:58,361 INFO iter=45400 epoch=7 lr=2.00e-04 G=5.518 advA2B=0.536 advB2A=0.604 cycA=0.142 cycB=0.150 idtA=0.147 idtB=0.145 D_A=0.132 D_B=0.146 D_A(real)=0.75 D_A(fake)=0.25 gnG=22.46 gnD=6.15 it_per_s=4.37
2026-10-03 13:05:22,045 INFO iter=45500 epoch=7 lr=2.00e-04 G=5.511 advA2B=0.535 advB2A=0.604 cycA=0.142 cycB=0.150 idtA=0.147 idtB=0.144 D_A=0.133 D_B=0.146 D_A(real)=0.75 D_A(fake)=0.25 gnG=22.38 gnD=6.17 it_per_s=4.37
2026-10-03 13:05:45,579 INFO iter=45600 epoch=7 lr=2.00e-04 G=5.511 advA2B=0.535 advB2A=0.602 cycA=0.142 cycB=0.150 idtA=0.147 idtB=0.144 D_A=0.133 D_B=0.147 D_A(real)=0.75 D_A(fake)=0.25 gnG=22.39 gnD=6.17 it_per_s=4.36
2026-10-03 13:06:09,573 INFO iter=45700 epoch=7 lr=2.00e-04 G=5.508 advA2B=0.536 advB2A=0.602 cycA=0.142 cycB=0.150 idtA=0.147 idtB=0.144 D_A=0.133 D_B=0.147 D_A(real)=0.75 D_A(fake)=0.25 gnG=22.35 gnD=6.17 it_per_s=4.36
2026-10-03 13:06:33,596 INFO iter=45800 epoch=7 lr=2.00e-04 G=5.506 advA2B=0.536 advB2A=0.601 cycA=0.142 cycB=0.150 idtA=0.147 idtB=0.144 D_A=0.133 D_B=0.147 D_A(real)=0.75 D_A(fake)=0.25 gnG=22.32 gnD=6.18 it_per_s=4.35
2026-10-03 13:06:57,096 INFO iter=45900 epoch=7 lr=2.00e-04 G=5.504 advA2B=0.538 advB2A=0.600 cycA=0.141 cycB=0.149 idtA=0.147 idtB=0.144 D_A=0.134 D_B=0.147 D_A(real)=0.75 D_A(fake)=0.25 gnG=22.33 gnD=6.18 it_per_s=4.35
2026-10-03 13:07:20,532 INFO iter=46000 epoch=7 lr=2.00e-04 G=5.509 advA2B=0.537 advB2A=0.602 cycA=0.141 cycB=0.150 idtA=0.147 idtB=0.145 D_A=0.134 D_B=0.147 D_A(real)=0.75 D_A(fake)=0.26 gnG=22.35 gnD=6.18 it_per_s=4.35
2026-10-03 13:07:44,138 INFO iter=46100 epoch=7 lr=2.00e-04 G=5.509 advA2B=0.538 advB2A=0.603 cycA=0.142 cycB=0.150 idtA=0.147 idtB=0.145 D_A=0.134 D_B=0.147 D_A(real)=0.75 D_A(fake)=0.25 gnG=22.33 gnD=6.18 it_per_s=4.34
2026-10-03 13:08:07,392 INFO iter=46200 epoch=7 lr=2.00e-04 G=5.507 advA2B=0.537 advB2A=0.603 cycA=0.141 cycB=0.149 idtA=0.147 idtB=0.145 D_A=0.134 D_B=0.147 D_A(real)=0.75 D_A(fake)=0.25 gnG=22.31 gnD=6.19 it_per_s=4.34
2026-10-03 13:08:30,527 INFO iter=46300 epoch=7 lr=2.00e-04 G=5.508 advA2B=0.539 advB2A=0.604 cycA=0.141 cycB=0.149 idtA=0.147 idtB=0.145 D_A=0.133 D_B=0.147 D_A(real)=0.75 D_A(fake)=0.25 gnG=22.33 gnD=6.20 it_per_s=4.34
2026-10-03 13:08:53,018 INFO iter=46400 epoch=7 lr=2.00e-04 G=5.507 advA2B=0.539 advB2A=0.603 cycA=0.141 cycB=0.149 idtA=0.147 idtB=0.145 D_A=0.133 D_B=0.147 D_A(real)=0.75 D_A(fake)=0.25 gnG=22.34 gnD=6.21 it_per_s=4.34
2026-10-03 13:09:15,795 INFO iter=46500 epoch=7 lr=2.00e-04 G=5.503 advA2B=0.539 advB2A=0.603 cycA=0.141 cycB=0.149 idtA=0.146 idtB=0.145 D_A=0.133 D_B=0.147 D_A(real)=0.75 D_A(fake)=0.25 gnG=22.32 gnD=6.22 it_per_s=4.35
2026-10-03 13:09:38,604 INFO iter=46600 epoch=7 lr=2.00e-04 G=5.504 advA2B=0.541 advB2A=0.602 cycA=0.141 cycB=0.149 idtA=0.147 idtB=0.145 D_A=0.133 D_B=0.147 D_A(real)=0.75 D_A(fake)=0.25 gnG=22.31 gnD=6.23 it_per_s=4.35
2026-10-03 13:10:01,418 INFO iter=46700 epoch=7 lr=2.00e-04 G=5.508 advA2B=0.541 advB2A=0.603 cycA=0.141 cycB=0.149 idtA=0.147 idtB=0.145 D_A=0.133 D_B=0.147 D_A(real)=0.75 D_A(fake)=0.25 gnG=22.29 gnD=6.24 it_per_s=4.35
2026-10-03 13:10:24,367 INFO iter=46800 epoch=7 lr=2.00e-04 G=5.501 advA2B=0.540 advB2A=0.603 cycA=0.141 cycB=0.149 idtA=0.147 idtB=0.144 D_A=0.133 D_B=0.147 D_A(real)=0.75 D_A(fake)=0.25 gnG=22.29 gnD=6.25 it_per_s=4.35
2026-10-03 13:10:47,072 INFO iter=46900 epoch=7 lr=2.00e-04 G=5.502 advA2B=0.540 advB2A=0.604 cycA=0.141 cycB=0.149 idtA=0.147 idtB=0.144 D_A=0.134 D_B=0.147 D_A(real)=0.75 D_A(fake)=0.25 gnG=22.32 gnD=6.26 it_per_s=4.35
2026-10-03 13:11:09,764 INFO iter=47000 epoch=7 lr=2.00e-04 G=5.500 advA2B=0.541 advB2A=0.604 cycA=0.141 cycB=0.149 idtA=0.147 idtB=0.144 D_A=0.133 D_B=0.147 D_A(real)=0.75 D_A(fake)=0.25 gnG=22.31 gnD=6.27 it_per_s=4.35
2026-10-03 13:11:32,622 INFO iter=47100 epoch=7 lr=2.00e-04 G=5.502 advA2B=0.541 advB2A=0.603 cycA=0.141 cycB=0.149 idtA=0.147 idtB=0.145 D_A=0.133 D_B=0.147 D_A(real)=0.75 D_A(fake)=0.25 gnG=22.32 gnD=6.27 it_per_s=4.35
2026-10-03 13:11:55,473 INFO iter=47200 epoch=7 lr=2.00e-04 G=5.500 advA2B=0.541 advB2A=0.604 cycA=0.141 cycB=0.149 idtA=0.147 idtB=0.144 D_A=0.133 D_B=0.147 D_A(real)=0.75 D_A(fake)=0.25 gnG=22.30 gnD=6.28 it_per_s=4.35
2026-10-03 13:12:18,246 INFO iter=47300 epoch=7 lr=2.00e-04 G=5.495 advA2B=0.541 advB2A=0.603 cycA=0.141 cycB=0.149 idtA=0.147 idtB=0.144 D_A=0.134 D_B=0.147 D_A(real)=0.74 D_A(fake)=0.26 gnG=22.25 gnD=6.29 it_per_s=4.35
2026-10-03 13:12:40,900 INFO iter=47400 epoch=7 lr=2.00e-04 G=5.489 advA2B=0.539 advB2A=0.602 cycA=0.141 cycB=0.149 idtA=0.147 idtB=0.144 D_A=0.134 D_B=0.147 D_A(real)=0.74 D_A(fake)=0.26 gnG=22.19 gnD=6.29 it_per_s=4.35
2026-10-03 13:13:03,664 INFO iter=47500 epoch=7 lr=2.00e-04 G=5.485 advA2B=0.538 advB2A=0.601 cycA=0.141 cycB=0.149 idtA=0.147 idtB=0.144 D_A=0.134 D_B=0.148 D_A(real)=0.74 D_A(fake)=0.26 gnG=22.16 gnD=6.31 it_per_s=4.35
2026-10-03 13:13:26,408 INFO iter=47600 epoch=7 lr=2.00e-04 G=5.492 advA2B=0.539 advB2A=0.600 cycA=0.141 cycB=0.149 idtA=0.147 idtB=0.144 D_A=0.134 D_B=0.147 D_A(real)=0.74 D_A(fake)=0.26 gnG=22.27 gnD=6.31 it_per_s=4.35
2026-10-03 13:13:48,952 INFO iter=47700 epoch=7 lr=2.00e-04 G=5.494 advA2B=0.540 advB2A=0.601 cycA=0.141 cycB=0.149 idtA=0.147 idtB=0.144 D_A=0.134 D_B=0.147 D_A(real)=0.74 D_A(fake)=0.26 gnG=22.26 gnD=6.29 it_per_s=4.36
2026-10-03 13:14:11,452 INFO iter=47800 epoch=7 lr=2.00e-04 G=5.497 advA2B=0.539 advB2A=0.602 cycA=0.141 cycB=0.149 idtA=0.147 idtB=0.144 D_A=0.134 D_B=0.147 D_A(real)=0.74 D_A(fake)=0.26 gnG=22.34 gnD=6.27 it_per_s=4.36
2026-10-03 13:14:33,384 INFO iter=47900 epoch=7 lr=2.00e-04 G=5.502 advA2B=0.537 advB2A=0.603 cycA=0.141 cycB=0.149 idtA=0.147 idtB=0.144 D_A=0.134 D_B=0.147 D_A(real)=0.74 D_A(fake)=0.26 gnG=22.34 gnD=6.26 it_per_s=4.36
2026-10-03 13:14:55,675 INFO iter=48000 epoch=7 lr=2.00e-04 G=5.505 advA2B=0.536 advB2A=0.605 cycA=0.141 cycB=0.149 idtA=0.147 idtB=0.144 D_A=0.133 D_B=0.147 D_A(real)=0.75 D_A(fake)=0.25 gnG=22.33 gnD=6.24 it_per_s=4.36
2026-10-03 13:15:17,869 INFO iter=48100 epoch=7 lr=2.00e-04 G=5.505 advA2B=0.536 advB2A=0.605 cycA=0.141 cycB=0.150 idtA=0.147 idtB=0.144 D_A=0.133 D_B=0.148 D_A(real)=0.75 D_A(fake)=0.25 gnG=22.33 gnD=6.22 it_per_s=4.37
2026-10-03 13:15:40,895 INFO iter=48200 epoch=7 lr=2.00e-04 G=5.509 advA2B=0.535 advB2A=0.606 cycA=0.142 cycB=0.150 idtA=0.147 idtB=0.144 D_A=0.133 D_B=0.148 D_A(real)=0.75 D_A(fake)=0.25 gnG=22.32 gnD=6.20 it_per_s=4.36
2026-10-03 13:16:03,800 INFO iter=48300 epoch=7 lr=2.00e-04 G=5.510 advA2B=0.535 advB2A=0.605 cycA=0.142 cycB=0.150 idtA=0.147 idtB=0.144 D_A=0.133 D_B=0.148 D_A(real)=0.75 D_A(fake)=0.25 gnG=22.32 gnD=6.18 it_per_s=4.36
2026-10-03 13:16:26,573 INFO iter=48400 epoch=7 lr=2.00e-04 G=5.508 advA2B=0.533 advB2A=0.604 cycA=0.142 cycB=0.150 idtA=0.147 idtB=0.145 D_A=0.133 D_B=0.148 D_A(real)=0.75 D_A(fake)=0.25 gnG=22.30 gnD=6.17 it_per_s=4.37
2026-10-03 13:16:49,509 INFO iter=48500 epoch=7 lr=2.00e-04 G=5.508 advA2B=0.533 advB2A=0.604 cycA=0.142 cycB=0.150 idtA=0.147 idtB=0.144 D_A=0.134 D_B=0.148 D_A(real)=0.75 D_A(fake)=0.25 gnG=22.30 gnD=6.15 it_per_s=4.37
2026-10-03 13:17:12,239 INFO iter=48600 epoch=7 lr=2.00e-04 G=5.505 advA2B=0.532 advB2A=0.603 cycA=0.141 cycB=0.150 idtA=0.147 idtB=0.144 D_A=0.133 D_B=0.148 D_A(real)=0.75 D_A(fake)=0.25 gnG=22.27 gnD=6.14 it_per_s=4.37
2026-10-03 13:17:34,990 INFO iter=48700 epoch=7 lr=2.00e-04 G=5.503 advA2B=0.531 advB2A=0.603 cycA=0.141 cycB=0.150 idtA=0.147 idtB=0.144 D_A=0.133 D_B=0.148 D_A(real)=0.75 D_A(fake)=0.25 gnG=22.25 gnD=6.13 it_per_s=4.37
2026-10-03 13:17:57,775 INFO iter=48800 epoch=7 lr=2.00e-04 G=5.503 advA2B=0.532 advB2A=0.604 cycA=0.141 cycB=0.150 idtA=0.147 idtB=0.144 D_A=0.133 D_B=0.148 D_A(real)=0.75 D_A(fake)=0.25 gnG=22.28 gnD=6.11 it_per_s=4.37
2026-10-03 13:18:20,436 INFO iter=48900 epoch=7 lr=2.00e-04 G=5.505 advA2B=0.533 advB2A=0.605 cycA=0.141 cycB=0.150 idtA=0.147 idtB=0.144 D_A=0.133 D_B=0.148 D_A(real)=0.75 D_A(fake)=0.25 gnG=22.29 gnD=6.10 it_per_s=4.37
2026-10-03 13:18:43,073 INFO iter=49000 epoch=7 lr=2.00e-04 G=5.504 advA2B=0.532 advB2A=0.606 cycA=0.141 cycB=0.150 idtA=0.147 idtB=0.144 D_A=0.133 D_B=0.148 D_A(real)=0.75 D_A(fake)=0.25 gnG=22.27 gnD=6.09 it_per_s=4.37
2026-10-03 13:19:05,820 INFO iter=49100 epoch=7 lr=2.00e-04 G=5.503 advA2B=0.532 advB2A=0.607 cycA=0.141 cycB=0.150 idtA=0.147 idtB=0.144 D_A=0.133 D_B=0.148 D_A(real)=0.75 D_A(fake)=0.25 gnG=22.26 gnD=6.10 it_per_s=4.37
2026-10-03 13:19:28,851 INFO iter=49200 epoch=7 lr=2.00e-04 G=5.503 advA2B=0.532 advB2A=0.606 cycA=0.141 cycB=0.150 idtA=0.147 idtB=0.144 D_A=0.133 D_B=0.148 D_A(real)=0.75 D_A(fake)=0.25 gnG=22.28 gnD=6.09 it_per_s=4.37
2026-10-03 13:19:44,053 INFO epoch=7 done time_s=1611 it_per_s=4.37 G=5.501 cycA=0.141 cycB=0.150 idtA=0.146 idtB=0.144 D_A=0.132 D_B=0.148 D_A(real)=0.75 D_A(fake)=0.25 nan_count=0
2026-10-03 13:19:52,366 INFO iter=49300 epoch=8 lr=2.00e-04 G=5.492 advA2B=0.611 advB2A=0.576 cycA=0.150 cycB=0.139 idtA=0.154 idtB=0.130 D_A=0.156 D_B=0.166 D_A(real)=0.72 D_A(fake)=0.30 gnG=21.22 gnD=6.02 it_per_s=4.39
2026-10-03 13:20:15,081 INFO iter=49400 epoch=8 lr=2.00e-04 G=5.615 advA2B=0.590 advB2A=0.624 cycA=0.146 cycB=0.148 idtA=0.155 idtB=0.136 D_A=0.139 D_B=0.151 D_A(real)=0.72 D_A(fake)=0.28 gnG=21.46 gnD=5.80 it_per_s=4.40
2026-10-03 13:20:37,795 INFO iter=49500 epoch=8 lr=2.00e-04 G=5.459 advA2B=0.568 advB2A=0.595 cycA=0.142 cycB=0.146 idtA=0.150 idtB=0.134 D_A=0.138 D_B=0.149 D_A(real)=0.73 D_A(fake)=0.27 gnG=20.83 gnD=5.77 it_per_s=4.40
2026-10-03 13:21:00,647 INFO iter=49600 epoch=8 lr=2.00e-04 G=5.406 advA2B=0.533 advB2A=0.604 cycA=0.140 cycB=0.145 idtA=0.147 idtB=0.137 D_A=0.140 D_B=0.149 D_A(real)=0.72 D_A(fake)=0.28 gnG=20.64 gnD=5.75 it_per_s=4.39
2026-10-03 13:21:23,415 INFO iter=49700 epoch=8 lr=2.00e-04 G=5.454 advA2B=0.533 advB2A=0.615 cycA=0.140 cycB=0.147 idtA=0.148 idtB=0.140 D_A=0.134 D_B=0.150 D_A(real)=0.73 D_A(fake)=0.27 gnG=21.31 gnD=5.72 it_per_s=4.39
2026-10-03 13:21:46,163 INFO iter=49800 epoch=8 lr=2.00e-04 G=5.478 advA2B=0.544 advB2A=0.614 cycA=0.141 cycB=0.147 idtA=0.149 idtB=0.139 D_A=0.134 D_B=0.147 D_A(real)=0.73 D_A(fake)=0.26 gnG=21.63 gnD=5.82 it_per_s=4.39
2026-10-03 13:22:08,834 INFO iter=49900 epoch=8 lr=2.00e-04 G=5.516 advA2B=0.559 advB2A=0.608 cycA=0.142 cycB=0.148 idtA=0.150 idtB=0.140 D_A=0.133 D_B=0.147 D_A(real)=0.74 D_A(fake)=0.26 gnG=21.79 gnD=5.95 it_per_s=4.40
2026-10-03 13:22:31,448 INFO iter=50000 epoch=8 lr=2.00e-04 G=5.496 advA2B=0.563 advB2A=0.607 cycA=0.141 cycB=0.147 idtA=0.149 idtB=0.139 D_A=0.132 D_B=0.147 D_A(real)=0.74 D_A(fake)=0.26 gnG=21.84 gnD=5.97 it_per_s=4.40
2026-10-03 13:22:54,203 INFO iter=50100 epoch=8 lr=2.00e-04 G=5.478 advA2B=0.562 advB2A=0.605 cycA=0.141 cycB=0.146 idtA=0.149 idtB=0.139 D_A=0.133 D_B=0.144 D_A(real)=0.74 D_A(fake)=0.26 gnG=21.85 gnD=5.98 it_per_s=4.40
2026-10-03 13:23:16,920 INFO iter=50200 epoch=8 lr=2.00e-04 G=5.491 advA2B=0.563 advB2A=0.602 cycA=0.142 cycB=0.146 idtA=0.149 idtB=0.140 D_A=0.133 D_B=0.141 D_A(real)=0.74 D_A(fake)=0.26 gnG=21.98 gnD=6.00 it_per_s=4.40
2026-10-03 13:23:39,623 INFO iter=50300 epoch=8 lr=2.00e-04 G=5.487 advA2B=0.566 advB2A=0.599 cycA=0.142 cycB=0.146 idtA=0.149 idtB=0.140 D_A=0.135 D_B=0.142 D_A(real)=0.74 D_A(fake)=0.26 gnG=21.75 gnD=6.04 it_per_s=4.40
2026-10-03 13:24:02,327 INFO iter=50400 epoch=8 lr=2.00e-04 G=5.462 advA2B=0.564 advB2A=0.591 cycA=0.141 cycB=0.146 idtA=0.149 idtB=0.139 D_A=0.137 D_B=0.143 D_A(real)=0.73 D_A(fake)=0.27 gnG=21.80 gnD=6.10 it_per_s=4.40
2026-10-03 13:24:25,031 INFO iter=50500 epoch=8 lr=2.00e-04 G=5.469 advA2B=0.566 advB2A=0.591 cycA=0.141 cycB=0.146 idtA=0.149 idtB=0.140 D_A=0.136 D_B=0.142 D_A(real)=0.73 D_A(fake)=0.27 gnG=21.91 gnD=6.11 it_per_s=4.40
2026-10-03 13:24:47,776 INFO iter=50600 epoch=8 lr=2.00e-04 G=5.481 advA2B=0.564 advB2A=0.591 cycA=0.141 cycB=0.147 idtA=0.149 idtB=0.141 D_A=0.137 D_B=0.141 D_A(real)=0.73 D_A(fake)=0.27 gnG=21.83 gnD=6.14 it_per_s=4.40
2026-10-03 13:25:10,439 INFO iter=50700 epoch=8 lr=2.00e-04 G=5.471 advA2B=0.566 advB2A=0.590 cycA=0.141 cycB=0.146 idtA=0.148 idtB=0.141 D_A=0.138 D_B=0.142 D_A(real)=0.73 D_A(fake)=0.27 gnG=21.74 gnD=6.17 it_per_s=4.40
2026-10-03 13:25:33,224 INFO iter=50800 epoch=8 lr=2.00e-04 G=5.451 advA2B=0.565 advB2A=0.591 cycA=0.140 cycB=0.146 idtA=0.148 idtB=0.140 D_A=0.139 D_B=0.144 D_A(real)=0.73 D_A(fake)=0.27 gnG=21.58 gnD=6.13 it_per_s=4.40
2026-10-03 13:25:56,038 INFO iter=50900 epoch=8 lr=2.00e-04 G=5.455 advA2B=0.565 advB2A=0.594 cycA=0.140 cycB=0.145 idtA=0.148 idtB=0.140 D_A=0.139 D_B=0.144 D_A(real)=0.73 D_A(fake)=0.27 gnG=21.56 gnD=6.11 it_per_s=4.40
2026-10-03 13:26:19,041 INFO iter=51000 epoch=8 lr=2.00e-04 G=5.444 advA2B=0.564 advB2A=0.595 cycA=0.140 cycB=0.146 idtA=0.147 idtB=0.140 D_A=0.138 D_B=0.144 D_A(real)=0.73 D_A(fake)=0.27 gnG=21.45 gnD=6.08 it_per_s=4.40
2026-10-03 13:26:41,837 INFO iter=51100 epoch=8 lr=2.00e-04 G=5.441 advA2B=0.566 advB2A=0.594 cycA=0.139 cycB=0.146 idtA=0.146 idtB=0.140 D_A=0.138 D_B=0.144 D_A(real)=0.73 D_A(fake)=0.27 gnG=21.53 gnD=6.10 it_per_s=4.40
2026-10-03 13:27:04,569 INFO iter=51200 epoch=8 lr=2.00e-04 G=5.441 advA2B=0.565 advB2A=0.590 cycA=0.139 cycB=0.146 idtA=0.147 idtB=0.140 D_A=0.138 D_B=0.144 D_A(real)=0.73 D_A(fake)=0.27 gnG=21.48 gnD=6.07 it_per_s=4.40
2026-10-03 13:27:27,200 INFO iter=51300 epoch=8 lr=2.00e-04 G=5.441 advA2B=0.569 advB2A=0.593 cycA=0.139 cycB=0.146 idtA=0.146 idtB=0.140 D_A=0.137 D_B=0.143 D_A(real)=0.73 D_A(fake)=0.27 gnG=21.41 gnD=6.04 it_per_s=4.40
2026-10-03 13:27:49,797 INFO iter=51400 epoch=8 lr=2.00e-04 G=5.446 advA2B=0.567 advB2A=0.593 cycA=0.139 cycB=0.146 idtA=0.146 idtB=0.141 D_A=0.137 D_B=0.143 D_A(real)=0.73 D_A(fake)=0.27 gnG=21.39 gnD=6.00 it_per_s=4.40
2026-10-03 13:28:12,557 INFO iter=51500 epoch=8 lr=2.00e-04 G=5.444 advA2B=0.563 advB2A=0.595 cycA=0.139 cycB=0.146 idtA=0.146 idtB=0.141 D_A=0.138 D_B=0.144 D_A(real)=0.73 D_A(fake)=0.27 gnG=21.41 gnD=5.99 it_per_s=4.40
2026-10-03 13:28:35,301 INFO iter=51600 epoch=8 lr=2.00e-04 G=5.433 advA2B=0.557 advB2A=0.592 cycA=0.139 cycB=0.146 idtA=0.145 idtB=0.141 D_A=0.138 D_B=0.145 D_A(real)=0.73 D_A(fake)=0.27 gnG=21.38 gnD=5.99 it_per_s=4.40
2026-10-03 13:28:57,913 INFO iter=51700 epoch=8 lr=2.00e-04 G=5.426 advA2B=0.553 advB2A=0.589 cycA=0.139 cycB=0.146 idtA=0.145 idtB=0.141 D_A=0.138 D_B=0.146 D_A(real)=0.73 D_A(fake)=0.27 gnG=21.36 gnD=5.95 it_per_s=4.40
2026-10-03 13:29:20,496 INFO iter=51800 epoch=8 lr=2.00e-04 G=5.417 advA2B=0.549 advB2A=0.586 cycA=0.139 cycB=0.147 idtA=0.145 idtB=0.141 D_A=0.137 D_B=0.146 D_A(real)=0.73 D_A(fake)=0.27 gnG=21.23 gnD=5.91 it_per_s=4.40
2026-10-03 13:29:42,595 INFO iter=51900 epoch=8 lr=2.00e-04 G=5.411 advA2B=0.548 advB2A=0.584 cycA=0.139 cycB=0.147 idtA=0.145 idtB=0.141 D_A=0.138 D_B=0.146 D_A(real)=0.73 D_A(fake)=0.27 gnG=21.19 gnD=5.91 it_per_s=4.40
2026-10-03 13:30:05,145 INFO iter=52000 epoch=8 lr=2.00e-04 G=5.413 advA2B=0.548 advB2A=0.584 cycA=0.139 cycB=0.147 idtA=0.145 idtB=0.141 D_A=0.138 D_B=0.146 D_A(real)=0.73 D_A(fake)=0.27 gnG=21.23 gnD=5.88 it_per_s=4.41
2026-10-03 13:30:27,636 INFO iter=52100 epoch=8 lr=2.00e-04 G=5.415 advA2B=0.550 advB2A=0.584 cycA=0.139 cycB=0.147 idtA=0.145 idtB=0.141 D_A=0.138 D_B=0.146 D_A(real)=0.73 D_A(fake)=0.27 gnG=21.29 gnD=5.88 it_per_s=4.41
2026-10-03 13:30:49,759 INFO iter=52200 epoch=8 lr=2.00e-04 G=5.419 advA2B=0.552 advB2A=0.582 cycA=0.139 cycB=0.147 idtA=0.145 idtB=0.141 D_A=0.138 D_B=0.146 D_A(real)=0.73 D_A(fake)=0.27 gnG=21.35 gnD=5.89 it_per_s=4.41
2026-10-03 13:31:11,827 INFO iter=52300 epoch=8 lr=2.00e-04 G=5.414 advA2B=0.552 advB2A=0.582 cycA=0.138 cycB=0.147 idtA=0.145 idtB=0.141 D_A=0.137 D_B=0.145 D_A(real)=0.73 D_A(fake)=0.26 gnG=21.33 gnD=5.87 it_per_s=4.41
2026-10-03 13:31:33,883 INFO iter=52400 epoch=8 lr=2.00e-04 G=5.408 advA2B=0.552 advB2A=0.583 cycA=0.138 cycB=0.147 idtA=0.144 idtB=0.141 D_A=0.137 D_B=0.145 D_A(real)=0.73 D_A(fake)=0.27 gnG=21.26 gnD=5.86 it_per_s=4.42
2026-10-03 13:31:56,427 INFO iter=52500 epoch=8 lr=2.00e-04 G=5.402 advA2B=0.549 advB2A=0.581 cycA=0.138 cycB=0.147 idtA=0.144 idtB=0.141 D_A=0.137 D_B=0.145 D_A(real)=0.74 D_A(fake)=0.26 gnG=21.24 gnD=5.85 it_per_s=4.42
2026-10-03 13:32:18,888 INFO iter=52600 epoch=8 lr=2.00e-04 G=5.398 advA2B=0.549 advB2A=0.582 cycA=0.138 cycB=0.147 idtA=0.144 idtB=0.141 D_A=0.137 D_B=0.145 D_A(real)=0.74 D_A(fake)=0.27 gnG=21.21 gnD=5.87 it_per_s=4.42
2026-10-03 13:32:40,839 INFO iter=52700 epoch=8 lr=2.00e-04 G=5.400 advA2B=0.550 advB2A=0.582 cycA=0.138 cycB=0.147 idtA=0.144 idtB=0.141 D_A=0.137 D_B=0.145 D_A(real)=0.74 D_A(fake)=0.27 gnG=21.18 gnD=5.87 it_per_s=4.42
2026-10-03 13:33:03,062 INFO iter=52800 epoch=8 lr=2.00e-04 G=5.397 advA2B=0.551 advB2A=0.582 cycA=0.137 cycB=0.147 idtA=0.144 idtB=0.141 D_A=0.137 D_B=0.145 D_A(real)=0.74 D_A(fake)=0.26 gnG=21.16 gnD=5.88 it_per_s=4.43
2026-10-03 13:33:25,434 INFO iter=52900 epoch=8 lr=2.00e-04 G=5.396 advA2B=0.552 advB2A=0.583 cycA=0.137 cycB=0.147 idtA=0.143 idtB=0.141 D_A=0.136 D_B=0.145 D_A(real)=0.74 D_A(fake)=0.26 gnG=21.19 gnD=5.87 it_per_s=4.43
2026-10-03 13:33:47,416 INFO iter=53000 epoch=8 lr=2.00e-04 G=5.395 advA2B=0.553 advB2A=0.583 cycA=0.137 cycB=0.146 idtA=0.144 idtB=0.141 D_A=0.137 D_B=0.144 D_A(real)=0.74 D_A(fake)=0.26 gnG=21.23 gnD=5.87 it_per_s=4.43
2026-10-03 13:34:09,873 INFO iter=53100 epoch=8 lr=2.00e-04 G=5.393 advA2B=0.553 advB2A=0.584 cycA=0.137 cycB=0.146 idtA=0.144 idtB=0.141 D_A=0.136 D_B=0.145 D_A(real)=0.74 D_A(fake)=0.26 gnG=21.25 gnD=5.87 it_per_s=4.43
2026-10-03 13:34:32,152 INFO iter=53200 epoch=8 lr=2.00e-04 G=5.390 advA2B=0.552 advB2A=0.584 cycA=0.137 cycB=0.146 idtA=0.144 idtB=0.140 D_A=0.136 D_B=0.144 D_A(real)=0.74 D_A(fake)=0.26 gnG=21.30 gnD=5.87 it_per_s=4.43
2026-10-03 13:34:54,500 INFO iter=53300 epoch=8 lr=2.00e-04 G=5.393 advA2B=0.554 advB2A=0.585 cycA=0.137 cycB=0.146 idtA=0.144 idtB=0.140 D_A=0.137 D_B=0.144 D_A(real)=0.74 D_A(fake)=0.26 gnG=21.35 gnD=5.89 it_per_s=4.43
2026-10-03 13:35:16,375 INFO iter=53400 epoch=8 lr=2.00e-04 G=5.394 advA2B=0.556 advB2A=0.585 cycA=0.137 cycB=0.146 idtA=0.144 idtB=0.140 D_A=0.136 D_B=0.143 D_A(real)=0.74 D_A(fake)=0.26 gnG=21.34 gnD=5.88 it_per_s=4.44
2026-10-03 13:35:38,350 INFO iter=53500 epoch=8 lr=2.00e-04 G=5.396 advA2B=0.562 advB2A=0.585 cycA=0.137 cycB=0.146 idtA=0.143 idtB=0.140 D_A=0.136 D_B=0.142 D_A(real)=0.74 D_A(fake)=0.26 gnG=21.41 gnD=5.86 it_per_s=4.44
2026-10-03 13:36:00,929 INFO iter=53600 epoch=8 lr=2.00e-04 G=5.391 advA2B=0.562 advB2A=0.583 cycA=0.137 cycB=0.146 idtA=0.143 idtB=0.140 D_A=0.137 D_B=0.142 D_A(real)=0.74 D_A(fake)=0.27 gnG=21.46 gnD=5.86 it_per_s=4.44
2026-10-03 13:36:23,606 INFO iter=53700 epoch=8 lr=2.00e-04 G=5.390 advA2B=0.561 advB2A=0.583 cycA=0.137 cycB=0.146 idtA=0.143 idtB=0.140 D_A=0.137 D_B=0.143 D_A(real)=0.73 D_A(fake)=0.27 gnG=21.49 gnD=5.86 it_per_s=4.44
2026-10-03 13:36:46,191 INFO iter=53800 epoch=8 lr=2.00e-04 G=5.382 advA2B=0.561 advB2A=0.581 cycA=0.137 cycB=0.145 idtA=0.143 idtB=0.140 D_A=0.138 D_B=0.143 D_A(real)=0.73 D_A(fake)=0.27 gnG=21.50 gnD=5.86 it_per_s=4.44
2026-10-03 13:37:09,019 INFO iter=53900 epoch=8 lr=2.00e-04 G=5.382 advA2B=0.561 advB2A=0.580 cycA=0.137 cycB=0.145 idtA=0.143 idtB=0.140 D_A=0.138 D_B=0.143 D_A(real)=0.73 D_A(fake)=0.27 gnG=21.49 gnD=5.86 it_per_s=4.44
2026-10-03 13:37:31,655 INFO iter=54000 epoch=8 lr=2.00e-04 G=5.378 advA2B=0.559 advB2A=0.579 cycA=0.137 cycB=0.145 idtA=0.144 idtB=0.140 D_A=0.139 D_B=0.143 D_A(real)=0.73 D_A(fake)=0.27 gnG=21.56 gnD=5.86 it_per_s=4.44
2026-10-03 13:37:54,285 INFO iter=54100 epoch=8 lr=2.00e-04 G=5.383 advA2B=0.561 advB2A=0.579 cycA=0.137 cycB=0.145 idtA=0.143 idtB=0.140 D_A=0.139 D_B=0.143 D_A(real)=0.73 D_A(fake)=0.27 gnG=21.52 gnD=5.86 it_per_s=4.44
2026-10-03 13:38:16,870 INFO iter=54200 epoch=8 lr=2.00e-04 G=5.375 advA2B=0.560 advB2A=0.579 cycA=0.137 cycB=0.145 idtA=0.143 idtB=0.140 D_A=0.139 D_B=0.142 D_A(real)=0.73 D_A(fake)=0.27 gnG=21.46 gnD=5.85 it_per_s=4.44
2026-10-03 13:38:39,436 INFO iter=54300 epoch=8 lr=2.00e-04 G=5.374 advA2B=0.561 advB2A=0.577 cycA=0.137 cycB=0.145 idtA=0.143 idtB=0.140 D_A=0.139 D_B=0.143 D_A(real)=0.73 D_A(fake)=0.27 gnG=21.43 gnD=5.86 it_per_s=4.44
2026-10-03 13:39:02,079 INFO iter=54400 epoch=8 lr=2.00e-04 G=5.370 advA2B=0.561 advB2A=0.575 cycA=0.137 cycB=0.145 idtA=0.143 idtB=0.140 D_A=0.140 D_B=0.143 D_A(real)=0.73 D_A(fake)=0.27 gnG=21.42 gnD=5.86 it_per_s=4.44
2026-10-03 13:39:24,169 INFO iter=54500 epoch=8 lr=2.00e-04 G=5.366 advA2B=0.559 advB2A=0.575 cycA=0.137 cycB=0.145 idtA=0.143 idtB=0.140 D_A=0.140 D_B=0.143 D_A(real)=0.73 D_A(fake)=0.27 gnG=21.43 gnD=5.86 it_per_s=4.44
2026-10-03 13:39:46,262 INFO iter=54600 epoch=8 lr=2.00e-04 G=5.365 advA2B=0.558 advB2A=0.574 cycA=0.137 cycB=0.145 idtA=0.143 idtB=0.140 D_A=0.141 D_B=0.143 D_A(real)=0.73 D_A(fake)=0.27 gnG=21.44 gnD=5.85 it_per_s=4.44
2026-10-03 13:40:08,746 INFO iter=54700 epoch=8 lr=2.00e-04 G=5.359 advA2B=0.556 advB2A=0.572 cycA=0.137 cycB=0.145 idtA=0.143 idtB=0.140 D_A=0.141 D_B=0.143 D_A(real)=0.73 D_A(fake)=0.27 gnG=21.44 gnD=5.84 it_per_s=4.44
2026-10-03 13:40:31,116 INFO iter=54800 epoch=8 lr=2.00e-04 G=5.354 advA2B=0.554 advB2A=0.569 cycA=0.137 cycB=0.145 idtA=0.143 idtB=0.140 D_A=0.142 D_B=0.143 D_A(real)=0.72 D_A(fake)=0.28 gnG=21.44 gnD=5.83 it_per_s=4.44
2026-10-03 13:40:52,965 INFO iter=54900 epoch=8 lr=2.00e-04 G=5.351 advA2B=0.554 advB2A=0.567 cycA=0.137 cycB=0.145 idtA=0.143 idtB=0.140 D_A=0.142 D_B=0.144 D_A(real)=0.72 D_A(fake)=0.28 gnG=21.45 gnD=5.83 it_per_s=4.44
2026-10-03 13:41:15,462 INFO iter=55000 epoch=8 lr=2.00e-04 G=5.351 advA2B=0.553 advB2A=0.566 cycA=0.137 cycB=0.145 idtA=0.143 idtB=0.140 D_A=0.143 D_B=0.144 D_A(real)=0.72 D_A(fake)=0.28 gnG=21.42 gnD=5.83 it_per_s=4.44
2026-10-03 13:41:38,124 INFO iter=55100 epoch=8 lr=2.00e-04 G=5.354 advA2B=0.553 advB2A=0.564 cycA=0.137 cycB=0.146 idtA=0.143 idtB=0.140 D_A=0.143 D_B=0.144 D_A(real)=0.72 D_A(fake)=0.28 gnG=21.45 gnD=5.81 it_per_s=4.44
2026-10-03 13:42:00,657 INFO iter=55200 epoch=8 lr=2.00e-04 G=5.353 advA2B=0.552 advB2A=0.562 cycA=0.137 cycB=0.146 idtA=0.143 idtB=0.140 D_A=0.144 D_B=0.144 D_A(real)=0.72 D_A(fake)=0.28 gnG=21.44 gnD=5.80 it_per_s=4.44
2026-10-03 13:42:23,163 INFO iter=55300 epoch=8 lr=2.00e-04 G=5.350 advA2B=0.551 advB2A=0.560 cycA=0.137 cycB=0.146 idtA=0.143 idtB=0.140 D_A=0.144 D_B=0.144 D_A(real)=0.72 D_A(fake)=0.28 gnG=21.43 gnD=5.79 it_per_s=4.44
2026-10-03 13:42:45,125 INFO iter=55400 epoch=8 lr=2.00e-04 G=5.350 advA2B=0.551 advB2A=0.560 cycA=0.137 cycB=0.146 idtA=0.143 idtB=0.140 D_A=0.145 D_B=0.144 D_A(real)=0.72 D_A(fake)=0.28 gnG=21.52 gnD=5.78 it_per_s=4.44
2026-10-03 13:43:07,582 INFO iter=55500 epoch=8 lr=2.00e-04 G=5.349 advA2B=0.550 advB2A=0.558 cycA=0.137 cycB=0.146 idtA=0.143 idtB=0.140 D_A=0.145 D_B=0.144 D_A(real)=0.72 D_A(fake)=0.28 gnG=21.53 gnD=5.78 it_per_s=4.44
2026-10-03 13:43:30,052 INFO iter=55600 epoch=8 lr=2.00e-04 G=5.349 advA2B=0.550 advB2A=0.556 cycA=0.137 cycB=0.146 idtA=0.143 idtB=0.140 D_A=0.146 D_B=0.144 D_A(real)=0.72 D_A(fake)=0.28 gnG=21.51 gnD=5.77 it_per_s=4.44
2026-10-03 13:43:52,020 INFO iter=55700 epoch=8 lr=2.00e-04 G=5.349 advA2B=0.550 advB2A=0.555 cycA=0.137 cycB=0.146 idtA=0.143 idtB=0.140 D_A=0.146 D_B=0.144 D_A(real)=0.72 D_A(fake)=0.28 gnG=21.55 gnD=5.77 it_per_s=4.45
2026-10-03 13:44:13,972 INFO iter=55800 epoch=8 lr=2.00e-04 G=5.350 advA2B=0.549 advB2A=0.554 cycA=0.137 cycB=0.146 idtA=0.143 idtB=0.141 D_A=0.147 D_B=0.144 D_A(real)=0.71 D_A(fake)=0.29 gnG=21.57 gnD=5.76 it_per_s=4.45
2026-10-03 13:44:36,412 INFO iter=55900 epoch=8 lr=2.00e-04 G=5.347 advA2B=0.549 advB2A=0.552 cycA=0.137 cycB=0.146 idtA=0.143 idtB=0.140 D_A=0.147 D_B=0.144 D_A(real)=0.71 D_A(fake)=0.29 gnG=21.54 gnD=5.75 it_per_s=4.45
2026-10-03 13:44:58,612 INFO iter=56000 epoch=8 lr=2.00e-04 G=5.343 advA2B=0.549 advB2A=0.552 cycA=0.136 cycB=0.146 idtA=0.143 idtB=0.141 D_A=0.147 D_B=0.144 D_A(real)=0.71 D_A(fake)=0.29 gnG=21.50 gnD=5.75 it_per_s=4.45
2026-10-03 13:45:20,753 INFO iter=56100 epoch=8 lr=2.00e-04 G=5.343 advA2B=0.549 advB2A=0.552 cycA=0.137 cycB=0.146 idtA=0.143 idtB=0.140 D_A=0.148 D_B=0.144 D_A(real)=0.71 D_A(fake)=0.29 gnG=21.53 gnD=5.73 it_per_s=4.45
2026-10-03 13:45:43,924 INFO iter=56200 epoch=8 lr=2.00e-04 G=5.343 advA2B=0.549 advB2A=0.551 cycA=0.137 cycB=0.146 idtA=0.143 idtB=0.140 D_A=0.147 D_B=0.144 D_A(real)=0.71 D_A(fake)=0.29 gnG=21.53 gnD=5.72 it_per_s=4.45
2026-10-03 13:46:06,634 INFO iter=56300 epoch=8 lr=2.00e-04 G=5.341 advA2B=0.549 advB2A=0.551 cycA=0.136 cycB=0.146 idtA=0.143 idtB=0.140 D_A=0.148 D_B=0.144 D_A(real)=0.71 D_A(fake)=0.29 gnG=21.56 gnD=5.73 it_per_s=4.45
2026-10-03 13:46:07,536 INFO epoch=8 done time_s=1583 it_per_s=4.45 G=5.342 cycA=0.136 cycB=0.146 idtA=0.143 idtB=0.140 D_A=0.148 D_B=0.144 D_A(real)=0.71 D_A(fake)=0.29 nan_count=0
2026-10-03 13:46:30,241 INFO iter=56400 epoch=9 lr=2.00e-04 G=5.232 advA2B=0.576 advB2A=0.472 cycA=0.136 cycB=0.146 idtA=0.142 idtB=0.133 D_A=0.178 D_B=0.141 D_A(real)=0.65 D_A(fake)=0.34 gnG=22.26 gnD=5.20 it_per_s=4.34
2026-10-03 13:46:53,121 INFO iter=56500 epoch=9 lr=2.00e-04 G=5.157 advA2B=0.579 advB2A=0.468 cycA=0.132 cycB=0.144 idtA=0.137 idtB=0.134 D_A=0.170 D_B=0.137 D_A(real)=0.67 D_A(fake)=0.34 gnG=21.79 gnD=5.04 it_per_s=4.35
2026-10-03 13:47:15,853 INFO iter=56600 epoch=9 lr=2.00e-04 G=5.223 advA2B=0.569 advB2A=0.483 cycA=0.132 cycB=0.147 idtA=0.139 idtB=0.137 D_A=0.173 D_B=0.136 D_A(real)=0.67 D_A(fake)=0.33 gnG=22.84 gnD=5.03 it_per_s=4.37
2026-10-03 13:47:38,545 INFO iter=56700 epoch=9 lr=2.00e-04 G=5.205 advA2B=0.554 advB2A=0.477 cycA=0.131 cycB=0.147 idtA=0.138 idtB=0.139 D_A=0.170 D_B=0.140 D_A(real)=0.67 D_A(fake)=0.33 gnG=22.41 gnD=5.11 it_per_s=4.38
2026-10-03 13:48:01,291 INFO iter=56800 epoch=9 lr=2.00e-04 G=5.232 advA2B=0.555 advB2A=0.472 cycA=0.132 cycB=0.149 idtA=0.139 idtB=0.141 D_A=0.170 D_B=0.141 D_A(real)=0.67 D_A(fake)=0.33 gnG=21.91 gnD=5.15 it_per_s=4.38
2026-10-03 13:48:23,831 INFO iter=56900 epoch=9 lr=2.00e-04 G=5.239 advA2B=0.581 advB2A=0.471 cycA=0.131 cycB=0.148 idtA=0.139 idtB=0.141 D_A=0.172 D_B=0.139 D_A(real)=0.66 D_A(fake)=0.34 gnG=22.34 gnD=5.18 it_per_s=4.39
2026-10-03 13:48:46,319 INFO iter=57000 epoch=9 lr=2.00e-04 G=5.232 advA2B=0.591 advB2A=0.472 cycA=0.131 cycB=0.147 idtA=0.139 idtB=0.139 D_A=0.171 D_B=0.135 D_A(real)=0.66 D_A(fake)=0.34 gnG=22.29 gnD=5.20 it_per_s=4.40
2026-10-03 13:49:08,929 INFO iter=57100 epoch=9 lr=2.00e-04 G=5.211 advA2B=0.584 advB2A=0.467 cycA=0.131 cycB=0.146 idtA=0.140 idtB=0.139 D_A=0.171 D_B=0.136 D_A(real)=0.66 D_A(fake)=0.33 gnG=22.06 gnD=5.17 it_per_s=4.40
2026-10-03 13:49:31,549 INFO iter=57200 epoch=9 lr=2.00e-04 G=5.227 advA2B=0.585 advB2A=0.473 cycA=0.131 cycB=0.147 idtA=0.139 idtB=0.140 D_A=0.169 D_B=0.136 D_A(real)=0.67 D_A(fake)=0.33 gnG=21.94 gnD=5.20 it_per_s=4.40
2026-10-03 13:49:54,081 INFO iter=57300 epoch=9 lr=2.00e-04 G=5.241 advA2B=0.583 advB2A=0.473 cycA=0.132 cycB=0.147 idtA=0.140 idtB=0.139 D_A=0.168 D_B=0.136 D_A(real)=0.67 D_A(fake)=0.33 gnG=22.03 gnD=5.19 it_per_s=4.41
2026-10-03 13:50:15,999 INFO iter=57400 epoch=9 lr=2.00e-04 G=5.247 advA2B=0.580 advB2A=0.479 cycA=0.132 cycB=0.147 idtA=0.141 idtB=0.139 D_A=0.166 D_B=0.138 D_A(real)=0.67 D_A(fake)=0.33 gnG=22.14 gnD=5.20 it_per_s=4.42
2026-10-03 13:50:38,092 INFO iter=57500 epoch=9 lr=2.00e-04 G=5.243 advA2B=0.582 advB2A=0.482 cycA=0.132 cycB=0.146 idtA=0.140 idtB=0.139 D_A=0.167 D_B=0.139 D_A(real)=0.67 D_A(fake)=0.33 gnG=22.18 gnD=5.19 it_per_s=4.43
2026-10-03 13:51:00,642 INFO iter=57600 epoch=9 lr=2.00e-04 G=5.245 advA2B=0.579 advB2A=0.481 cycA=0.132 cycB=0.147 idtA=0.140 idtB=0.139 D_A=0.166 D_B=0.139 D_A(real)=0.67 D_A(fake)=0.33 gnG=22.18 gnD=5.19 it_per_s=4.43
2026-10-03 13:51:23,282 INFO iter=57700 epoch=9 lr=2.00e-04 G=5.241 advA2B=0.580 advB2A=0.481 cycA=0.132 cycB=0.147 idtA=0.140 idtB=0.139 D_A=0.165 D_B=0.140 D_A(real)=0.67 D_A(fake)=0.33 gnG=22.07 gnD=5.19 it_per_s=4.43
2026-10-03 13:51:45,857 INFO iter=57800 epoch=9 lr=2.00e-04 G=5.244 advA2B=0.584 advB2A=0.485 cycA=0.132 cycB=0.146 idtA=0.140 idtB=0.138 D_A=0.165 D_B=0.139 D_A(real)=0.67 D_A(fake)=0.33 gnG=22.01 gnD=5.18 it_per_s=4.43
2026-10-03 13:52:08,438 INFO iter=57900 epoch=9 lr=2.00e-04 G=5.252 advA2B=0.581 advB2A=0.482 cycA=0.132 cycB=0.147 idtA=0.140 idtB=0.139 D_A=0.166 D_B=0.139 D_A(real)=0.67 D_A(fake)=0.33 gnG=22.04 gnD=5.19 it_per_s=4.43
2026-10-03 13:52:31,015 INFO iter=58000 epoch=9 lr=2.00e-04 G=5.262 advA2B=0.578 advB2A=0.482 cycA=0.133 cycB=0.147 idtA=0.141 idtB=0.139 D_A=0.166 D_B=0.139 D_A(real)=0.67 D_A(fake)=0.33 gnG=22.07 gnD=5.18 it_per_s=4.43
2026-10-03 13:52:52,969 INFO iter=58100 epoch=9 lr=2.00e-04 G=5.239 advA2B=0.575 advB2A=0.478 cycA=0.132 cycB=0.147 idtA=0.140 idtB=0.138 D_A=0.166 D_B=0.138 D_A(real)=0.67 D_A(fake)=0.33 gnG=21.97 gnD=5.18 it_per_s=4.44
2026-10-03 13:53:15,592 INFO iter=58200 epoch=9 lr=2.00e-04 G=5.241 advA2B=0.575 advB2A=0.480 cycA=0.132 cycB=0.147 idtA=0.140 idtB=0.139 D_A=0.166 D_B=0.139 D_A(real)=0.67 D_A(fake)=0.33 gnG=21.83 gnD=5.17 it_per_s=4.44
2026-10-03 13:53:38,400 INFO iter=58300 epoch=9 lr=2.00e-04 G=5.242 advA2B=0.575 advB2A=0.481 cycA=0.132 cycB=0.147 idtA=0.141 idtB=0.139 D_A=0.166 D_B=0.138 D_A(real)=0.67 D_A(fake)=0.33 gnG=21.73 gnD=5.15 it_per_s=4.43
2026-10-03 13:54:01,094 INFO iter=58400 epoch=9 lr=2.00e-04 G=5.235 advA2B=0.575 advB2A=0.481 cycA=0.132 cycB=0.146 idtA=0.140 idtB=0.139 D_A=0.165 D_B=0.138 D_A(real)=0.68 D_A(fake)=0.33 gnG=21.68 gnD=5.15 it_per_s=4.43
2026-10-03 13:54:23,915 INFO iter=58500 epoch=9 lr=2.00e-04 G=5.240 advA2B=0.575 advB2A=0.481 cycA=0.132 cycB=0.147 idtA=0.140 idtB=0.140 D_A=0.166 D_B=0.137 D_A(real)=0.67 D_A(fake)=0.33 gnG=21.66 gnD=5.15 it_per_s=4.43
2026-10-03 13:54:46,665 INFO iter=58600 epoch=9 lr=2.00e-04 G=5.237 advA2B=0.576 advB2A=0.481 cycA=0.132 cycB=0.147 idtA=0.140 idtB=0.140 D_A=0.166 D_B=0.138 D_A(real)=0.67 D_A(fake)=0.33 gnG=21.47 gnD=5.16 it_per_s=4.43
2026-10-03 13:55:09,296 INFO iter=58700 epoch=9 lr=2.00e-04 G=5.231 advA2B=0.573 advB2A=0.480 cycA=0.132 cycB=0.146 idtA=0.140 idtB=0.139 D_A=0.166 D_B=0.138 D_A(real)=0.67 D_A(fake)=0.33 gnG=21.29 gnD=5.17 it_per_s=4.43
2026-10-03 13:55:31,735 INFO iter=58800 epoch=9 lr=2.00e-04 G=5.228 advA2B=0.574 advB2A=0.478 cycA=0.132 cycB=0.146 idtA=0.140 idtB=0.139 D_A=0.167 D_B=0.138 D_A(real)=0.67 D_A(fake)=0.33 gnG=21.26 gnD=5.17 it_per_s=4.43
2026-10-03 13:55:53,667 INFO iter=58900 epoch=9 lr=2.00e-04 G=5.220 advA2B=0.572 advB2A=0.479 cycA=0.132 cycB=0.146 idtA=0.140 idtB=0.139 D_A=0.167 D_B=0.138 D_A(real)=0.67 D_A(fake)=0.33 gnG=21.12 gnD=5.17 it_per_s=4.43
2026-10-03 13:56:15,848 INFO iter=59000 epoch=9 lr=2.00e-04 G=5.210 advA2B=0.574 advB2A=0.478 cycA=0.131 cycB=0.145 idtA=0.140 idtB=0.139 D_A=0.167 D_B=0.137 D_A(real)=0.67 D_A(fake)=0.33 gnG=21.00 gnD=5.17 it_per_s=4.44
2026-10-03 13:56:38,511 INFO iter=59100 epoch=9 lr=2.00e-04 G=5.208 advA2B=0.573 advB2A=0.481 cycA=0.131 cycB=0.145 idtA=0.139 idtB=0.138 D_A=0.167 D_B=0.138 D_A(real)=0.67 D_A(fake)=0.33 gnG=21.03 gnD=5.18 it_per_s=4.44
2026-10-03 13:57:00,929 INFO iter=59200 epoch=9 lr=2.00e-04 G=5.201 advA2B=0.573 advB2A=0.479 cycA=0.131 cycB=0.145 idtA=0.139 idtB=0.138 D_A=0.167 D_B=0.138 D_A(real)=0.67 D_A(fake)=0.33 gnG=21.00 gnD=5.19 it_per_s=4.44
2026-10-03 13:57:23,689 INFO iter=59300 epoch=9 lr=2.00e-04 G=5.190 advA2B=0.570 advB2A=0.478 cycA=0.131 cycB=0.145 idtA=0.139 idtB=0.138 D_A=0.167 D_B=0.139 D_A(real)=0.67 D_A(fake)=0.33 gnG=20.98 gnD=5.21 it_per_s=4.43
2026-10-03 13:57:46,328 INFO iter=59400 epoch=9 lr=2.00e-04 G=5.188 advA2B=0.569 advB2A=0.477 cycA=0.131 cycB=0.145 idtA=0.139 idtB=0.138 D_A=0.167 D_B=0.138 D_A(real)=0.67 D_A(fake)=0.33 gnG=20.95 gnD=5.22 it_per_s=4.43
2026-10-03 13:58:09,099 INFO iter=59500 epoch=9 lr=2.00e-04 G=5.188 advA2B=0.569 advB2A=0.476 cycA=0.131 cycB=0.145 idtA=0.139 idtB=0.138 D_A=0.167 D_B=0.139 D_A(real)=0.67 D_A(fake)=0.33 gnG=20.89 gnD=5.23 it_per_s=4.43
2026-10-03 13:58:31,834 INFO iter=59600 epoch=9 lr=2.00e-04 G=5.183 advA2B=0.572 advB2A=0.475 cycA=0.131 cycB=0.145 idtA=0.139 idtB=0.138 D_A=0.167 D_B=0.139 D_A(real)=0.67 D_A(fake)=0.33 gnG=20.86 gnD=5.24 it_per_s=4.43
2026-10-03 13:58:54,470 INFO iter=59700 epoch=9 lr=2.00e-04 G=5.187 advA2B=0.570 advB2A=0.475 cycA=0.131 cycB=0.145 idtA=0.139 idtB=0.138 D_A=0.167 D_B=0.139 D_A(real)=0.67 D_A(fake)=0.33 gnG=20.86 gnD=5.25 it_per_s=4.43
2026-10-03 13:59:17,012 INFO iter=59800 epoch=9 lr=2.00e-04 G=5.181 advA2B=0.568 advB2A=0.475 cycA=0.131 cycB=0.145 idtA=0.139 idtB=0.138 D_A=0.167 D_B=0.139 D_A(real)=0.67 D_A(fake)=0.33 gnG=20.93 gnD=5.25 it_per_s=4.43
2026-10-03 13:59:39,517 INFO iter=59900 epoch=9 lr=2.00e-04 G=5.181 advA2B=0.569 advB2A=0.474 cycA=0.131 cycB=0.144 idtA=0.139 idtB=0.138 D_A=0.166 D_B=0.139 D_A(real)=0.67 D_A(fake)=0.33 gnG=20.89 gnD=5.26 it_per_s=4.43
2026-10-03 14:00:02,051 INFO iter=60000 epoch=9 lr=2.00e-04 G=5.179 advA2B=0.569 advB2A=0.475 cycA=0.131 cycB=0.144 idtA=0.139 idtB=0.138 D_A=0.165 D_B=0.140 D_A(real)=0.67 D_A(fake)=0.33 gnG=20.85 gnD=5.26 it_per_s=4.43
2026-10-03 14:00:24,604 INFO iter=60100 epoch=9 lr=2.00e-04 G=5.177 advA2B=0.569 advB2A=0.477 cycA=0.131 cycB=0.144 idtA=0.139 idtB=0.137 D_A=0.165 D_B=0.140 D_A(real)=0.67 D_A(fake)=0.33 gnG=20.90 gnD=5.26 it_per_s=4.43
2026-10-03 14:00:46,634 INFO iter=60200 epoch=9 lr=2.00e-04 G=5.178 advA2B=0.569 advB2A=0.476 cycA=0.131 cycB=0.144 idtA=0.139 idtB=0.137 D_A=0.165 D_B=0.140 D_A(real)=0.67 D_A(fake)=0.33 gnG=20.91 gnD=5.26 it_per_s=4.43
2026-10-03 14:01:09,012 INFO iter=60300 epoch=9 lr=2.00e-04 G=5.175 advA2B=0.568 advB2A=0.477 cycA=0.131 cycB=0.144 idtA=0.139 idtB=0.137 D_A=0.165 D_B=0.140 D_A(real)=0.67 D_A(fake)=0.33 gnG=20.84 gnD=5.26 it_per_s=4.44
2026-10-03 14:01:31,258 INFO iter=60400 epoch=9 lr=2.00e-04 G=5.170 advA2B=0.567 advB2A=0.477 cycA=0.131 cycB=0.144 idtA=0.139 idtB=0.137 D_A=0.165 D_B=0.141 D_A(real)=0.67 D_A(fake)=0.33 gnG=20.76 gnD=5.27 it_per_s=4.44
2026-10-03 14:01:53,492 INFO iter=60500 epoch=9 lr=2.00e-04 G=5.171 advA2B=0.566 advB2A=0.479 cycA=0.131 cycB=0.144 idtA=0.139 idtB=0.137 D_A=0.165 D_B=0.141 D_A(real)=0.68 D_A(fake)=0.33 gnG=20.74 gnD=5.26 it_per_s=4.44
2026-10-03 14:02:15,606 INFO iter=60600 epoch=9 lr=2.00e-04 G=5.173 advA2B=0.568 advB2A=0.479 cycA=0.131 cycB=0.144 idtA=0.139 idtB=0.137 D_A=0.165 D_B=0.141 D_A(real)=0.68 D_A(fake)=0.33 gnG=20.70 gnD=5.25 it_per_s=4.44
2026-10-03 14:02:38,022 INFO iter=60700 epoch=9 lr=2.00e-04 G=5.170 advA2B=0.569 advB2A=0.479 cycA=0.131 cycB=0.144 idtA=0.139 idtB=0.137 D_A=0.165 D_B=0.141 D_A(real)=0.68 D_A(fake)=0.33 gnG=20.72 gnD=5.25 it_per_s=4.44
2026-10-03 14:03:00,192 INFO iter=60800 epoch=9 lr=2.00e-04 G=5.170 advA2B=0.569 advB2A=0.479 cycA=0.131 cycB=0.144 idtA=0.139 idtB=0.137 D_A=0.165 D_B=0.141 D_A(real)=0.68 D_A(fake)=0.32 gnG=20.69 gnD=5.25 it_per_s=4.44
2026-10-03 14:03:22,390 INFO iter=60900 epoch=9 lr=2.00e-04 G=5.171 advA2B=0.569 advB2A=0.480 cycA=0.131 cycB=0.144 idtA=0.139 idtB=0.137 D_A=0.164 D_B=0.141 D_A(real)=0.68 D_A(fake)=0.32 gnG=20.67 gnD=5.25 it_per_s=4.44
2026-10-03 14:03:44,880 INFO iter=61000 epoch=9 lr=2.00e-04 G=5.172 advA2B=0.571 advB2A=0.480 cycA=0.131 cycB=0.144 idtA=0.139 idtB=0.137 D_A=0.164 D_B=0.141 D_A(real)=0.68 D_A(fake)=0.32 gnG=20.65 gnD=5.25 it_per_s=4.44
2026-10-03 14:04:07,478 INFO iter=61100 epoch=9 lr=2.00e-04 G=5.170 advA2B=0.570 advB2A=0.480 cycA=0.131 cycB=0.144 idtA=0.139 idtB=0.137 D_A=0.164 D_B=0.141 D_A(real)=0.68 D_A(fake)=0.32 gnG=20.64 gnD=5.25 it_per_s=4.44
2026-10-03 14:04:29,622 INFO iter=61200 epoch=9 lr=2.00e-04 G=5.164 advA2B=0.568 advB2A=0.479 cycA=0.131 cycB=0.143 idtA=0.139 idtB=0.137 D_A=0.164 D_B=0.141 D_A(real)=0.68 D_A(fake)=0.32 gnG=20.57 gnD=5.26 it_per_s=4.44
2026-10-03 14:04:51,714 INFO iter=61300 epoch=9 lr=2.00e-04 G=5.162 advA2B=0.568 advB2A=0.479 cycA=0.131 cycB=0.143 idtA=0.139 idtB=0.137 D_A=0.164 D_B=0.141 D_A(real)=0.68 D_A(fake)=0.32 gnG=20.52 gnD=5.27 it_per_s=4.45
2026-10-03 14:05:13,867 INFO iter=61400 epoch=9 lr=2.00e-04 G=5.161 advA2B=0.567 advB2A=0.479 cycA=0.130 cycB=0.143 idtA=0.138 idtB=0.137 D_A=0.165 D_B=0.141 D_A(real)=0.68 D_A(fake)=0.32 gnG=20.50 gnD=5.28 it_per_s=4.45
2026-10-03 14:05:36,619 INFO iter=61500 epoch=9 lr=2.00e-04 G=5.158 advA2B=0.567 advB2A=0.478 cycA=0.130 cycB=0.143 idtA=0.138 idtB=0.137 D_A=0.165 D_B=0.141 D_A(real)=0.68 D_A(fake)=0.32 gnG=20.45 gnD=5.28 it_per_s=4.45
2026-10-03 14:05:59,146 INFO iter=61600 epoch=9 lr=2.00e-04 G=5.159 advA2B=0.567 advB2A=0.478 cycA=0.131 cycB=0.143 idtA=0.139 idtB=0.137 D_A=0.165 D_B=0.141 D_A(real)=0.68 D_A(fake)=0.32 gnG=20.41 gnD=5.28 it_per_s=4.45
2026-10-03 14:06:21,361 INFO iter=61700 epoch=9 lr=2.00e-04 G=5.155 advA2B=0.566 advB2A=0.478 cycA=0.131 cycB=0.143 idtA=0.139 idtB=0.137 D_A=0.165 D_B=0.141 D_A(real)=0.68 D_A(fake)=0.32 gnG=20.39 gnD=5.29 it_per_s=4.45
2026-10-03 14:06:43,440 INFO iter=61800 epoch=9 lr=2.00e-04 G=5.152 advA2B=0.565 advB2A=0.478 cycA=0.130 cycB=0.143 idtA=0.138 idtB=0.137 D_A=0.165 D_B=0.141 D_A(real)=0.68 D_A(fake)=0.32 gnG=20.32 gnD=5.30 it_per_s=4.45
2026-10-03 14:07:05,903 INFO iter=61900 epoch=9 lr=2.00e-04 G=5.154 advA2B=0.565 advB2A=0.479 cycA=0.130 cycB=0.143 idtA=0.138 idtB=0.137 D_A=0.164 D_B=0.141 D_A(real)=0.68 D_A(fake)=0.32 gnG=20.32 gnD=5.31 it_per_s=4.45
2026-10-03 14:07:28,128 INFO iter=62000 epoch=9 lr=2.00e-04 G=5.156 advA2B=0.565 advB2A=0.479 cycA=0.130 cycB=0.143 idtA=0.138 idtB=0.137 D_A=0.165 D_B=0.141 D_A(real)=0.68 D_A(fake)=0.32 gnG=20.33 gnD=5.31 it_per_s=4.45
2026-10-03 14:07:50,148 INFO iter=62100 epoch=9 lr=2.00e-04 G=5.155 advA2B=0.564 advB2A=0.480 cycA=0.131 cycB=0.143 idtA=0.138 idtB=0.137 D_A=0.164 D_B=0.141 D_A(real)=0.68 D_A(fake)=0.32 gnG=20.29 gnD=5.31 it_per_s=4.45
2026-10-03 14:08:12,848 INFO iter=62200 epoch=9 lr=2.00e-04 G=5.157 advA2B=0.565 advB2A=0.480 cycA=0.131 cycB=0.143 idtA=0.138 idtB=0.137 D_A=0.164 D_B=0.141 D_A(real)=0.68 D_A(fake)=0.32 gnG=20.31 gnD=5.31 it_per_s=4.45
2026-10-03 14:08:35,342 INFO iter=62300 epoch=9 lr=2.00e-04 G=5.159 advA2B=0.564 advB2A=0.481 cycA=0.131 cycB=0.143 idtA=0.139 idtB=0.137 D_A=0.164 D_B=0.141 D_A(real)=0.68 D_A(fake)=0.32 gnG=20.33 gnD=5.30 it_per_s=4.45
2026-10-03 14:08:57,169 INFO iter=62400 epoch=9 lr=2.00e-04 G=5.163 advA2B=0.566 advB2A=0.481 cycA=0.131 cycB=0.143 idtA=0.138 idtB=0.137 D_A=0.164 D_B=0.141 D_A(real)=0.68 D_A(fake)=0.32 gnG=20.37 gnD=5.30 it_per_s=4.45
2026-10-03 14:09:19,152 INFO iter=62500 epoch=9 lr=2.00e-04 G=5.163 advA2B=0.565 advB2A=0.481 cycA=0.131 cycB=0.143 idtA=0.139 idtB=0.137 D_A=0.164 D_B=0.141 D_A(real)=0.68 D_A(fake)=0.32 gnG=20.33 gnD=5.31 it_per_s=4.45
2026-10-03 14:09:41,547 INFO iter=62600 epoch=9 lr=2.00e-04 G=5.162 advA2B=0.566 advB2A=0.481 cycA=0.131 cycB=0.143 idtA=0.139 idtB=0.137 D_A=0.164 D_B=0.141 D_A(real)=0.68 D_A(fake)=0.32 gnG=20.32 gnD=5.31 it_per_s=4.45
2026-10-03 14:10:03,657 INFO iter=62700 epoch=9 lr=2.00e-04 G=5.158 advA2B=0.565 advB2A=0.481 cycA=0.131 cycB=0.143 idtA=0.138 idtB=0.137 D_A=0.164 D_B=0.141 D_A(real)=0.68 D_A(fake)=0.32 gnG=20.27 gnD=5.32 it_per_s=4.46
2026-10-03 14:10:25,952 INFO iter=62800 epoch=9 lr=2.00e-04 G=5.156 advA2B=0.564 advB2A=0.482 cycA=0.131 cycB=0.143 idtA=0.139 idtB=0.137 D_A=0.164 D_B=0.141 D_A(real)=0.68 D_A(fake)=0.32 gnG=20.25 gnD=5.32 it_per_s=4.46
2026-10-03 14:10:47,955 INFO iter=62900 epoch=9 lr=2.00e-04 G=5.156 advA2B=0.563 advB2A=0.483 cycA=0.131 cycB=0.143 idtA=0.139 idtB=0.137 D_A=0.164 D_B=0.141 D_A(real)=0.68 D_A(fake)=0.32 gnG=20.23 gnD=5.32 it_per_s=4.46
2026-10-03 14:11:10,605 INFO iter=63000 epoch=9 lr=2.00e-04 G=5.155 advA2B=0.562 advB2A=0.483 cycA=0.131 cycB=0.143 idtA=0.139 idtB=0.137 D_A=0.164 D_B=0.141 D_A(real)=0.68 D_A(fake)=0.32 gnG=20.18 gnD=5.33 it_per_s=4.46
2026-10-03 14:11:32,901 INFO iter=63100 epoch=9 lr=2.00e-04 G=5.155 advA2B=0.563 advB2A=0.482 cycA=0.131 cycB=0.143 idtA=0.139 idtB=0.137 D_A=0.164 D_B=0.141 D_A(real)=0.68 D_A(fake)=0.32 gnG=20.15 gnD=5.33 it_per_s=4.46
2026-10-03 14:11:54,813 INFO iter=63200 epoch=9 lr=2.00e-04 G=5.158 advA2B=0.563 advB2A=0.484 cycA=0.131 cycB=0.143 idtA=0.138 idtB=0.137 D_A=0.164 D_B=0.141 D_A(real)=0.68 D_A(fake)=0.32 gnG=20.13 gnD=5.32 it_per_s=4.46
2026-10-03 14:12:17,407 INFO iter=63300 epoch=9 lr=2.00e-04 G=5.155 advA2B=0.563 advB2A=0.484 cycA=0.131 cycB=0.143 idtA=0.138 idtB=0.137 D_A=0.164 D_B=0.141 D_A(real)=0.68 D_A(fake)=0.32 gnG=20.07 gnD=5.33 it_per_s=4.46
2026-10-03 14:12:26,895 INFO epoch=9 done time_s=1579 it_per_s=4.46 G=5.154 cycA=0.130 cycB=0.143 idtA=0.138 idtB=0.137 D_A=0.164 D_B=0.141 D_A(real)=0.68 D_A(fake)=0.32 nan_count=0
2026-10-03 14:12:40,655 INFO iter=63400 epoch=10 lr=2.00e-04 G=5.070 advA2B=0.597 advB2A=0.523 cycA=0.121 cycB=0.141 idtA=0.134 idtB=0.130 D_A=0.158 D_B=0.119 D_A(real)=0.69 D_A(fake)=0.30 gnG=16.05 gnD=5.87 it_per_s=4.39
2026-10-03 14:13:03,169 INFO iter=63500 epoch=10 lr=2.00e-04 G=4.936 advA2B=0.574 advB2A=0.508 cycA=0.121 cycB=0.136 idtA=0.129 idtB=0.128 D_A=0.156 D_B=0.127 D_A(real)=0.69 D_A(fake)=0.31 gnG=16.08 gnD=5.46 it_per_s=4.42
2026-10-03 14:13:25,912 INFO iter=63600 epoch=10 lr=2.00e-04 G=4.997 advA2B=0.565 advB2A=0.507 cycA=0.122 cycB=0.140 idtA=0.130 idtB=0.132 D_A=0.161 D_B=0.134 D_A(real)=0.69 D_A(fake)=0.31 gnG=18.01 gnD=5.56 it_per_s=4.41
2026-10-03 14:13:48,469 INFO iter=63700 epoch=10 lr=2.00e-04 G=5.119 advA2B=0.572 advB2A=0.528 cycA=0.126 cycB=0.143 idtA=0.133 idtB=0.134 D_A=0.149 D_B=0.136 D_A(real)=0.71 D_A(fake)=0.29 gnG=18.01 gnD=5.54 it_per_s=4.42
2026-10-03 14:14:11,118 INFO iter=63800 epoch=10 lr=2.00e-04 G=5.150 advA2B=0.556 advB2A=0.526 cycA=0.128 cycB=0.144 idtA=0.135 idtB=0.134 D_A=0.147 D_B=0.139 D_A(real)=0.71 D_A(fake)=0.29 gnG=18.47 gnD=5.53 it_per_s=4.42
2026-10-03 14:14:33,895 INFO iter=63900 epoch=10 lr=2.00e-04 G=5.121 advA2B=0.562 advB2A=0.530 cycA=0.127 cycB=0.142 idtA=0.135 idtB=0.132 D_A=0.145 D_B=0.141 D_A(real)=0.71 D_A(fake)=0.29 gnG=18.76 gnD=5.51 it_per_s=4.41
2026-10-03 14:14:57,155 INFO iter=64000 epoch=10 lr=2.00e-04 G=5.127 advA2B=0.554 advB2A=0.523 cycA=0.128 cycB=0.143 idtA=0.135 idtB=0.133 D_A=0.149 D_B=0.142 D_A(real)=0.71 D_A(fake)=0.29 gnG=18.74 gnD=5.51 it_per_s=4.40
2026-10-03 14:15:20,366 INFO iter=64100 epoch=10 lr=2.00e-04 G=5.107 advA2B=0.553 advB2A=0.524 cycA=0.128 cycB=0.142 idtA=0.135 idtB=0.132 D_A=0.150 D_B=0.142 D_A(real)=0.71 D_A(fake)=0.29 gnG=18.63 gnD=5.50 it_per_s=4.38
2026-10-03 14:15:43,769 INFO iter=64200 epoch=10 lr=2.00e-04 G=5.107 advA2B=0.552 advB2A=0.522 cycA=0.127 cycB=0.142 idtA=0.135 idtB=0.133 D_A=0.148 D_B=0.144 D_A(real)=0.71 D_A(fake)=0.29 gnG=18.72 gnD=5.49 it_per_s=4.37
2026-10-03 14:16:07,345 INFO iter=64300 epoch=10 lr=2.00e-04 G=5.090 advA2B=0.553 advB2A=0.524 cycA=0.127 cycB=0.142 idtA=0.134 idtB=0.132 D_A=0.148 D_B=0.143 D_A(real)=0.71 D_A(fake)=0.29 gnG=18.54 gnD=5.48 it_per_s=4.36
2026-10-03 14:16:31,259 INFO iter=64400 epoch=10 lr=2.00e-04 G=5.088 advA2B=0.549 advB2A=0.515 cycA=0.127 cycB=0.142 idtA=0.135 idtB=0.132 D_A=0.150 D_B=0.144 D_A(real)=0.70 D_A(fake)=0.29 gnG=18.59 gnD=5.50 it_per_s=4.34
2026-10-03 14:16:54,570 INFO iter=64500 epoch=10 lr=2.00e-04 G=5.095 advA2B=0.551 advB2A=0.512 cycA=0.127 cycB=0.143 idtA=0.135 idtB=0.133 D_A=0.152 D_B=0.143 D_A(real)=0.70 D_A(fake)=0.30 gnG=18.71 gnD=5.50 it_per_s=4.33
2026-10-03 14:17:18,126 INFO iter=64600 epoch=10 lr=2.00e-04 G=5.086 advA2B=0.548 advB2A=0.509 cycA=0.127 cycB=0.142 idtA=0.135 idtB=0.133 D_A=0.153 D_B=0.144 D_A(real)=0.70 D_A(fake)=0.30 gnG=18.74 gnD=5.50 it_per_s=4.33
2026-10-03 14:17:41,608 INFO iter=64700 epoch=10 lr=2.00e-04 G=5.073 advA2B=0.551 advB2A=0.510 cycA=0.126 cycB=0.141 idtA=0.135 idtB=0.132 D_A=0.153 D_B=0.143 D_A(real)=0.70 D_A(fake)=0.30 gnG=18.76 gnD=5.51 it_per_s=4.32
2026-10-03 14:18:05,262 INFO iter=64800 epoch=10 lr=2.00e-04 G=5.068 advA2B=0.550 advB2A=0.508 cycA=0.127 cycB=0.141 idtA=0.136 idtB=0.132 D_A=0.154 D_B=0.143 D_A(real)=0.70 D_A(fake)=0.30 gnG=18.75 gnD=5.50 it_per_s=4.32
2026-10-03 14:18:28,515 INFO iter=64900 epoch=10 lr=2.00e-04 G=5.056 advA2B=0.550 advB2A=0.507 cycA=0.126 cycB=0.140 idtA=0.136 idtB=0.131 D_A=0.155 D_B=0.143 D_A(real)=0.70 D_A(fake)=0.30 gnG=18.69 gnD=5.50 it_per_s=4.31
2026-10-03 14:18:51,734 INFO iter=65000 epoch=10 lr=2.00e-04 G=5.060 advA2B=0.553 advB2A=0.510 cycA=0.127 cycB=0.139 idtA=0.136 idtB=0.131 D_A=0.153 D_B=0.142 D_A(real)=0.70 D_A(fake)=0.30 gnG=18.74 gnD=5.49 it_per_s=4.31
2026-10-03 14:19:15,081 INFO iter=65100 epoch=10 lr=2.00e-04 G=5.057 advA2B=0.556 advB2A=0.508 cycA=0.126 cycB=0.139 idtA=0.136 idtB=0.131 D_A=0.153 D_B=0.142 D_A(real)=0.70 D_A(fake)=0.30 gnG=18.72 gnD=5.50 it_per_s=4.31
2026-10-03 14:19:38,724 INFO iter=65200 epoch=10 lr=2.00e-04 G=5.060 advA2B=0.556 advB2A=0.508 cycA=0.127 cycB=0.139 idtA=0.136 idtB=0.131 D_A=0.154 D_B=0.141 D_A(real)=0.70 D_A(fake)=0.30 gnG=18.70 gnD=5.50 it_per_s=4.31
2026-10-03 14:20:02,108 INFO iter=65300 epoch=10 lr=2.00e-04 G=5.057 advA2B=0.558 advB2A=0.508 cycA=0.127 cycB=0.139 idtA=0.136 idtB=0.131 D_A=0.154 D_B=0.140 D_A(real)=0.70 D_A(fake)=0.30 gnG=18.76 gnD=5.51 it_per_s=4.31
2026-10-03 14:20:25,457 INFO iter=65400 epoch=10 lr=2.00e-04 G=5.064 advA2B=0.557 advB2A=0.503 cycA=0.127 cycB=0.139 idtA=0.137 idtB=0.131 D_A=0.155 D_B=0.140 D_A(real)=0.70 D_A(fake)=0.31 gnG=18.79 gnD=5.51 it_per_s=4.31
2026-10-03 14:20:48,827 INFO iter=65500 epoch=10 lr=2.00e-04 G=5.061 advA2B=0.557 advB2A=0.501 cycA=0.127 cycB=0.139 idtA=0.136 idtB=0.132 D_A=0.156 D_B=0.140 D_A(real)=0.69 D_A(fake)=0.31 gnG=18.76 gnD=5.51 it_per_s=4.30
2026-10-03 14:21:12,131 INFO iter=65600 epoch=10 lr=2.00e-04 G=5.065 advA2B=0.558 advB2A=0.500 cycA=0.127 cycB=0.139 idtA=0.137 idtB=0.132 D_A=0.156 D_B=0.140 D_A(real)=0.69 D_A(fake)=0.31 gnG=18.74 gnD=5.52 it_per_s=4.30
2026-10-03 14:21:35,605 INFO iter=65700 epoch=10 lr=2.00e-04 G=5.066 advA2B=0.558 advB2A=0.500 cycA=0.128 cycB=0.139 idtA=0.136 idtB=0.132 D_A=0.156 D_B=0.140 D_A(real)=0.69 D_A(fake)=0.31 gnG=18.68 gnD=5.51 it_per_s=4.30
2026-10-03 14:21:59,209 INFO iter=65800 epoch=10 lr=2.00e-04 G=5.076 advA2B=0.558 advB2A=0.500 cycA=0.128 cycB=0.139 idtA=0.137 idtB=0.132 D_A=0.156 D_B=0.139 D_A(real)=0.69 D_A(fake)=0.31 gnG=18.67 gnD=5.53 it_per_s=4.30
2026-10-03 14:22:22,640 INFO iter=65900 epoch=10 lr=2.00e-04 G=5.087 advA2B=0.557 advB2A=0.501 cycA=0.128 cycB=0.140 idtA=0.137 idtB=0.133 D_A=0.157 D_B=0.139 D_A(real)=0.69 D_A(fake)=0.31 gnG=18.70 gnD=5.56 it_per_s=4.30
2026-10-03 14:22:45,986 INFO iter=66000 epoch=10 lr=2.00e-04 G=5.088 advA2B=0.558 advB2A=0.501 cycA=0.128 cycB=0.140 idtA=0.137 idtB=0.133 D_A=0.157 D_B=0.139 D_A(real)=0.69 D_A(fake)=0.31 gnG=18.69 gnD=5.56 it_per_s=4.30
2026-10-03 14:23:09,500 INFO iter=66100 epoch=10 lr=2.00e-04 G=5.084 advA2B=0.558 advB2A=0.502 cycA=0.128 cycB=0.140 idtA=0.137 idtB=0.133 D_A=0.157 D_B=0.139 D_A(real)=0.69 D_A(fake)=0.31 gnG=18.61 gnD=5.56 it_per_s=4.30
2026-10-03 14:23:33,042 INFO iter=66200 epoch=10 lr=2.00e-04 G=5.080 advA2B=0.560 advB2A=0.504 cycA=0.128 cycB=0.139 idtA=0.137 idtB=0.133 D_A=0.157 D_B=0.139 D_A(real)=0.69 D_A(fake)=0.31 gnG=18.56 gnD=5.57 it_per_s=4.29
2026-10-03 14:23:56,290 INFO iter=66300 epoch=10 lr=2.00e-04 G=5.085 advA2B=0.559 advB2A=0.503 cycA=0.128 cycB=0.139 idtA=0.136 idtB=0.134 D_A=0.157 D_B=0.139 D_A(real)=0.69 D_A(fake)=0.31 gnG=18.52 gnD=5.58 it_per_s=4.29
2026-10-03 14:24:19,561 INFO iter=66400 epoch=10 lr=2.00e-04 G=5.086 advA2B=0.559 advB2A=0.505 cycA=0.128 cycB=0.140 idtA=0.136 idtB=0.134 D_A=0.156 D_B=0.140 D_A(real)=0.69 D_A(fake)=0.31 gnG=18.61 gnD=5.58 it_per_s=4.29
2026-10-03 14:24:42,767 INFO iter=66500 epoch=10 lr=2.00e-04 G=5.091 advA2B=0.560 advB2A=0.506 cycA=0.128 cycB=0.140 idtA=0.136 idtB=0.134 D_A=0.155 D_B=0.140 D_A(real)=0.69 D_A(fake)=0.31 gnG=18.70 gnD=5.58 it_per_s=4.29
2026-10-03 14:25:05,939 INFO iter=66600 epoch=10 lr=2.00e-04 G=5.094 advA2B=0.560 advB2A=0.507 cycA=0.128 cycB=0.140 idtA=0.136 idtB=0.134 D_A=0.155 D_B=0.139 D_A(real)=0.69 D_A(fake)=0.31 gnG=18.71 gnD=5.58 it_per_s=4.30
2026-10-03 14:25:29,031 INFO iter=66700 epoch=10 lr=2.00e-04 G=5.100 advA2B=0.562 advB2A=0.508 cycA=0.128 cycB=0.140 idtA=0.136 idtB=0.134 D_A=0.155 D_B=0.139 D_A(real)=0.69 D_A(fake)=0.31 gnG=18.78 gnD=5.61 it_per_s=4.30
2026-10-03 14:25:52,609 INFO iter=66800 epoch=10 lr=2.00e-04 G=5.108 advA2B=0.565 advB2A=0.509 cycA=0.128 cycB=0.140 idtA=0.136 idtB=0.134 D_A=0.155 D_B=0.139 D_A(real)=0.69 D_A(fake)=0.31 gnG=18.86 gnD=5.62 it_per_s=4.29
2026-10-03 14:26:15,808 INFO iter=66900 epoch=10 lr=2.00e-04 G=5.113 advA2B=0.566 advB2A=0.508 cycA=0.128 cycB=0.141 idtA=0.137 idtB=0.134 D_A=0.155 D_B=0.139 D_A(real)=0.69 D_A(fake)=0.31 gnG=18.94 gnD=5.63 it_per_s=4.30
2026-10-03 14:26:39,458 INFO iter=67000 epoch=10 lr=2.00e-04 G=5.113 advA2B=0.567 advB2A=0.508 cycA=0.128 cycB=0.141 idtA=0.137 idtB=0.134 D_A=0.156 D_B=0.139 D_A(real)=0.69 D_A(fake)=0.31 gnG=18.96 gnD=5.66 it_per_s=4.29
2026-10-03 14:27:02,676 INFO iter=67100 epoch=10 lr=2.00e-04 G=5.111 advA2B=0.567 advB2A=0.507 cycA=0.128 cycB=0.141 idtA=0.136 idtB=0.134 D_A=0.156 D_B=0.139 D_A(real)=0.69 D_A(fake)=0.31 gnG=18.96 gnD=5.69 it_per_s=4.29
2026-10-03 14:27:26,102 INFO iter=67200 epoch=10 lr=2.00e-04 G=5.117 advA2B=0.568 advB2A=0.509 cycA=0.128 cycB=0.141 idtA=0.137 idtB=0.134 D_A=0.156 D_B=0.139 D_A(real)=0.69 D_A(fake)=0.31 gnG=18.99 gnD=5.68 it_per_s=4.29
2026-10-03 14:27:49,445 INFO iter=67300 epoch=10 lr=2.00e-04 G=5.122 advA2B=0.569 advB2A=0.509 cycA=0.128 cycB=0.141 idtA=0.137 idtB=0.134 D_A=0.155 D_B=0.138 D_A(real)=0.69 D_A(fake)=0.31 gnG=18.96 gnD=5.70 it_per_s=4.29
2026-10-03 14:28:13,087 INFO iter=67400 epoch=10 lr=2.00e-04 G=5.123 advA2B=0.569 advB2A=0.509 cycA=0.128 cycB=0.141 idtA=0.137 idtB=0.134 D_A=0.155 D_B=0.138 D_A(real)=0.69 D_A(fake)=0.31 gnG=18.97 gnD=5.71 it_per_s=4.29
2026-10-03 14:28:36,351 INFO iter=67500 epoch=10 lr=2.00e-04 G=5.122 advA2B=0.570 advB2A=0.509 cycA=0.128 cycB=0.141 idtA=0.137 idtB=0.134 D_A=0.155 D_B=0.138 D_A(real)=0.69 D_A(fake)=0.31 gnG=18.95 gnD=5.72 it_per_s=4.29
2026-10-03 14:28:59,581 INFO iter=67600 epoch=10 lr=2.00e-04 G=5.123 advA2B=0.571 advB2A=0.509 cycA=0.128 cycB=0.141 idtA=0.137 idtB=0.135 D_A=0.155 D_B=0.138 D_A(real)=0.69 D_A(fake)=0.31 gnG=18.96 gnD=5.73 it_per_s=4.29
2026-10-03 14:29:22,818 INFO iter=67700 epoch=10 lr=2.00e-04 G=5.123 advA2B=0.572 advB2A=0.509 cycA=0.127 cycB=0.141 idtA=0.136 idtB=0.135 D_A=0.155 D_B=0.138 D_A(real)=0.69 D_A(fake)=0.31 gnG=18.93 gnD=5.75 it_per_s=4.29
2026-10-03 14:29:46,497 INFO iter=67800 epoch=10 lr=2.00e-04 G=5.122 advA2B=0.572 advB2A=0.509 cycA=0.127 cycB=0.141 idtA=0.136 idtB=0.135 D_A=0.155 D_B=0.138 D_A(real)=0.69 D_A(fake)=0.31 gnG=18.90 gnD=5.76 it_per_s=4.29
2026-10-03 14:30:09,555 INFO iter=67900 epoch=10 lr=2.00e-04 G=5.118 advA2B=0.572 advB2A=0.509 cycA=0.127 cycB=0.141 idtA=0.136 idtB=0.134 D_A=0.155 D_B=0.138 D_A(real)=0.69 D_A(fake)=0.31 gnG=18.90 gnD=5.77 it_per_s=4.29
2026-10-03 14:30:32,594 INFO iter=68000 epoch=10 lr=2.00e-04 G=5.119 advA2B=0.572 advB2A=0.509 cycA=0.127 cycB=0.141 idtA=0.136 idtB=0.135 D_A=0.155 D_B=0.138 D_A(real)=0.69 D_A(fake)=0.31 gnG=18.89 gnD=5.78 it_per_s=4.29
2026-10-03 14:30:55,972 INFO iter=68100 epoch=10 lr=2.00e-04 G=5.115 advA2B=0.571 advB2A=0.508 cycA=0.127 cycB=0.141 idtA=0.136 idtB=0.135 D_A=0.155 D_B=0.138 D_A(real)=0.69 D_A(fake)=0.31 gnG=18.87 gnD=5.79 it_per_s=4.29
2026-10-03 14:31:19,267 INFO iter=68200 epoch=10 lr=2.00e-04 G=5.110 advA2B=0.572 advB2A=0.508 cycA=0.127 cycB=0.141 idtA=0.136 idtB=0.135 D_A=0.155 D_B=0.139 D_A(real)=0.69 D_A(fake)=0.31 gnG=18.83 gnD=5.80 it_per_s=4.29
2026-10-03 14:31:42,590 INFO iter=68300 epoch=10 lr=2.00e-04 G=5.112 advA2B=0.572 advB2A=0.509 cycA=0.127 cycB=0.141 idtA=0.136 idtB=0.135 D_A=0.155 D_B=0.139 D_A(real)=0.70 D_A(fake)=0.31 gnG=18.84 gnD=5.81 it_per_s=4.29
2026-10-03 14:32:05,617 INFO iter=68400 epoch=10 lr=2.00e-04 G=5.115 advA2B=0.570 advB2A=0.510 cycA=0.127 cycB=0.141 idtA=0.136 idtB=0.135 D_A=0.155 D_B=0.139 D_A(real)=0.70 D_A(fake)=0.30 gnG=18.86 gnD=5.80 it_per_s=4.29
2026-10-03 14:32:28,697 INFO iter=68500 epoch=10 lr=2.00e-04 G=5.112 advA2B=0.570 advB2A=0.509 cycA=0.127 cycB=0.141 idtA=0.136 idtB=0.135 D_A=0.155 D_B=0.139 D_A(real)=0.70 D_A(fake)=0.31 gnG=18.84 gnD=5.80 it_per_s=4.29
2026-10-03 14:32:52,123 INFO iter=68600 epoch=10 lr=2.00e-04 G=5.106 advA2B=0.571 advB2A=0.508 cycA=0.127 cycB=0.141 idtA=0.136 idtB=0.135 D_A=0.155 D_B=0.139 D_A(real)=0.69 D_A(fake)=0.31 gnG=18.79 gnD=5.80 it_per_s=4.29
2026-10-03 14:33:15,389 INFO iter=68700 epoch=10 lr=2.00e-04 G=5.104 advA2B=0.569 advB2A=0.508 cycA=0.127 cycB=0.141 idtA=0.136 idtB=0.135 D_A=0.155 D_B=0.139 D_A(real)=0.70 D_A(fake)=0.31 gnG=18.77 gnD=5.81 it_per_s=4.29
2026-10-03 14:33:39,196 INFO iter=68800 epoch=10 lr=2.00e-04 G=5.102 advA2B=0.569 advB2A=0.509 cycA=0.127 cycB=0.141 idtA=0.136 idtB=0.135 D_A=0.154 D_B=0.139 D_A(real)=0.70 D_A(fake)=0.31 gnG=18.76 gnD=5.80 it_per_s=4.29
2026-10-03 14:34:02,993 INFO iter=68900 epoch=10 lr=2.00e-04 G=5.100 advA2B=0.570 advB2A=0.508 cycA=0.127 cycB=0.141 idtA=0.136 idtB=0.135 D_A=0.154 D_B=0.139 D_A(real)=0.70 D_A(fake)=0.30 gnG=18.71 gnD=5.81 it_per_s=4.29
2026-10-03 14:34:26,834 INFO iter=69000 epoch=10 lr=2.00e-04 G=5.100 advA2B=0.569 advB2A=0.509 cycA=0.126 cycB=0.141 idtA=0.135 idtB=0.135 D_A=0.155 D_B=0.139 D_A(real)=0.70 D_A(fake)=0.31 gnG=18.68 gnD=5.82 it_per_s=4.29
2026-10-03 14:34:50,503 INFO iter=69100 epoch=10 lr=2.00e-04 G=5.098 advA2B=0.570 advB2A=0.508 cycA=0.126 cycB=0.141 idtA=0.135 idtB=0.135 D_A=0.154 D_B=0.139 D_A(real)=0.69 D_A(fake)=0.31 gnG=18.66 gnD=5.82 it_per_s=4.29
2026-10-03 14:35:14,473 INFO iter=69200 epoch=10 lr=2.00e-04 G=5.094 advA2B=0.569 advB2A=0.508 cycA=0.126 cycB=0.140 idtA=0.135 idtB=0.135 D_A=0.155 D_B=0.139 D_A(real)=0.70 D_A(fake)=0.31 gnG=18.60 gnD=5.82 it_per_s=4.29
2026-10-03 14:35:38,439 INFO iter=69300 epoch=10 lr=2.00e-04 G=5.094 advA2B=0.570 advB2A=0.507 cycA=0.126 cycB=0.140 idtA=0.135 idtB=0.135 D_A=0.155 D_B=0.139 D_A(real)=0.69 D_A(fake)=0.31 gnG=18.59 gnD=5.83 it_per_s=4.28
2026-10-03 14:36:02,168 INFO iter=69400 epoch=10 lr=2.00e-04 G=5.092 advA2B=0.569 advB2A=0.507 cycA=0.126 cycB=0.141 idtA=0.135 idtB=0.135 D_A=0.155 D_B=0.139 D_A(real)=0.69 D_A(fake)=0.31 gnG=18.58 gnD=5.83 it_per_s=4.28
2026-10-03 14:36:26,035 INFO iter=69500 epoch=10 lr=2.00e-04 G=5.095 advA2B=0.569 advB2A=0.508 cycA=0.126 cycB=0.141 idtA=0.135 idtB=0.135 D_A=0.155 D_B=0.139 D_A(real)=0.69 D_A(fake)=0.31 gnG=18.58 gnD=5.83 it_per_s=4.28
2026-10-03 14:36:49,800 INFO iter=69600 epoch=10 lr=2.00e-04 G=5.094 advA2B=0.569 advB2A=0.508 cycA=0.126 cycB=0.141 idtA=0.135 idtB=0.135 D_A=0.155 D_B=0.139 D_A(real)=0.69 D_A(fake)=0.31 gnG=18.58 gnD=5.83 it_per_s=4.28
2026-10-03 14:37:13,418 INFO iter=69700 epoch=10 lr=2.00e-04 G=5.092 advA2B=0.568 advB2A=0.508 cycA=0.126 cycB=0.141 idtA=0.135 idtB=0.135 D_A=0.154 D_B=0.139 D_A(real)=0.70 D_A(fake)=0.31 gnG=18.57 gnD=5.82 it_per_s=4.28
2026-10-03 14:37:36,945 INFO iter=69800 epoch=10 lr=2.00e-04 G=5.092 advA2B=0.568 advB2A=0.508 cycA=0.126 cycB=0.140 idtA=0.135 idtB=0.135 D_A=0.155 D_B=0.139 D_A(real)=0.69 D_A(fake)=0.31 gnG=18.56 gnD=5.82 it_per_s=4.28
2026-10-03 14:38:00,427 INFO iter=69900 epoch=10 lr=2.00e-04 G=5.089 advA2B=0.566 advB2A=0.508 cycA=0.126 cycB=0.140 idtA=0.135 idtB=0.135 D_A=0.155 D_B=0.139 D_A(real)=0.69 D_A(fake)=0.31 gnG=18.57 gnD=5.83 it_per_s=4.28
2026-10-03 14:38:23,790 INFO iter=70000 epoch=10 lr=2.00e-04 G=5.088 advA2B=0.566 advB2A=0.508 cycA=0.126 cycB=0.140 idtA=0.135 idtB=0.135 D_A=0.155 D_B=0.139 D_A(real)=0.69 D_A(fake)=0.31 gnG=18.55 gnD=5.83 it_per_s=4.28
2026-10-03 14:38:47,046 INFO iter=70100 epoch=10 lr=2.00e-04 G=5.086 advA2B=0.566 advB2A=0.507 cycA=0.126 cycB=0.140 idtA=0.135 idtB=0.135 D_A=0.155 D_B=0.139 D_A(real)=0.69 D_A(fake)=0.31 gnG=18.55 gnD=5.85 it_per_s=4.28
2026-10-03 14:39:10,439 INFO iter=70200 epoch=10 lr=2.00e-04 G=5.083 advA2B=0.566 advB2A=0.508 cycA=0.126 cycB=0.140 idtA=0.135 idtB=0.134 D_A=0.155 D_B=0.139 D_A(real)=0.69 D_A(fake)=0.31 gnG=18.52 gnD=5.85 it_per_s=4.28
2026-10-03 14:39:33,811 INFO iter=70300 epoch=10 lr=2.00e-04 G=5.080 advA2B=0.565 advB2A=0.508 cycA=0.126 cycB=0.140 idtA=0.135 idtB=0.134 D_A=0.155 D_B=0.139 D_A(real)=0.69 D_A(fake)=0.31 gnG=18.51 gnD=5.85 it_per_s=4.28
2026-10-03 14:39:52,642 INFO epoch=10 done time_s=1645 it_per_s=4.28 G=5.080 cycA=0.126 cycB=0.140 idtA=0.135 idtB=0.134 D_A=0.155 D_B=0.139 D_A(real)=0.69 D_A(fake)=0.31 nan_count=0
2026-10-03 14:39:58,005 INFO iter=70400 epoch=11 lr=2.00e-04 G=5.337 advA2B=0.563 advB2A=0.659 cycA=0.131 cycB=0.138 idtA=0.149 idtB=0.135 D_A=0.157 D_B=0.123 D_A(real)=0.70 D_A(fake)=0.29 gnG=19.41 gnD=5.91 it_per_s=4.27
2026-10-03 14:40:25,490 INFO iter=70500 epoch=11 lr=2.00e-04 G=5.218 advA2B=0.620 advB2A=0.487 cycA=0.128 cycB=0.144 idtA=0.137 idtB=0.141 D_A=0.154 D_B=0.124 D_A(real)=0.70 D_A(fake)=0.29 gnG=20.74 gnD=5.90 it_per_s=3.73
2026-10-03 14:40:54,218 INFO iter=70600 epoch=11 lr=2.00e-04 G=5.196 advA2B=0.628 advB2A=0.504 cycA=0.126 cycB=0.143 idtA=0.136 idtB=0.140 D_A=0.161 D_B=0.135 D_A(real)=0.69 D_A(fake)=0.31 gnG=20.05 gnD=6.14 it_per_s=3.61
2026-10-03 14:41:19,504 INFO iter=70700 epoch=11 lr=2.00e-04 G=5.160 advA2B=0.585 advB2A=0.506 cycA=0.126 cycB=0.143 idtA=0.135 idtB=0.141 D_A=0.157 D_B=0.131 D_A(real)=0.69 D_A(fake)=0.31 gnG=19.96 gnD=5.86 it_per_s=3.71
2026-10-03 14:41:43,252 INFO iter=70800 epoch=11 lr=2.00e-04 G=5.222 advA2B=0.601 advB2A=0.524 cycA=0.129 cycB=0.142 idtA=0.134 idtB=0.144 D_A=0.154 D_B=0.127 D_A(real)=0.70 D_A(fake)=0.30 gnG=20.62 gnD=5.87 it_per_s=3.82
2026-10-03 14:42:07,047 INFO iter=70900 epoch=11 lr=2.00e-04 G=5.250 advA2B=0.612 advB2A=0.522 cycA=0.129 cycB=0.144 idtA=0.134 idtB=0.143 D_A=0.155 D_B=0.127 D_A(real)=0.70 D_A(fake)=0.30 gnG=20.59 gnD=5.87 it_per_s=3.89
2026-10-03 14:42:30,831 INFO iter=71000 epoch=11 lr=2.00e-04 G=5.195 advA2B=0.603 advB2A=0.518 cycA=0.129 cycB=0.141 idtA=0.134 idtB=0.140 D_A=0.156 D_B=0.130 D_A(real)=0.69 D_A(fake)=0.30 gnG=20.23 gnD=5.99 it_per_s=3.94
2026-10-03 14:42:54,253 INFO iter=71100 epoch=11 lr=2.00e-04 G=5.187 advA2B=0.601 advB2A=0.510 cycA=0.128 cycB=0.142 idtA=0.134 idtB=0.141 D_A=0.159 D_B=0.129 D_A(real)=0.69 D_A(fake)=0.31 gnG=20.03 gnD=5.97 it_per_s=3.98
2026-10-03 14:43:17,908 INFO iter=71200 epoch=11 lr=2.00e-04 G=5.165 advA2B=0.599 advB2A=0.510 cycA=0.127 cycB=0.142 idtA=0.133 idtB=0.141 D_A=0.159 D_B=0.130 D_A(real)=0.69 D_A(fake)=0.31 gnG=19.86 gnD=6.03 it_per_s=4.01
2026-10-03 14:43:41,474 INFO iter=71300 epoch=11 lr=2.00e-04 G=5.149 advA2B=0.590 advB2A=0.510 cycA=0.126 cycB=0.142 idtA=0.134 idtB=0.140 D_A=0.156 D_B=0.131 D_A(real)=0.69 D_A(fake)=0.31 gnG=19.81 gnD=6.06 it_per_s=4.03
2026-10-03 14:44:05,044 INFO iter=71400 epoch=11 lr=2.00e-04 G=5.144 advA2B=0.585 advB2A=0.510 cycA=0.126 cycB=0.142 idtA=0.133 idtB=0.140 D_A=0.157 D_B=0.132 D_A(real)=0.69 D_A(fake)=0.31 gnG=19.74 gnD=6.11 it_per_s=4.05
2026-10-03 14:44:28,631 INFO iter=71500 epoch=11 lr=2.00e-04 G=5.137 advA2B=0.585 advB2A=0.508 cycA=0.126 cycB=0.142 idtA=0.133 idtB=0.140 D_A=0.156 D_B=0.132 D_A(real)=0.69 D_A(fake)=0.31 gnG=19.81 gnD=6.11 it_per_s=4.07
2026-10-03 14:44:52,288 INFO iter=71600 epoch=11 lr=2.00e-04 G=5.104 advA2B=0.580 advB2A=0.506 cycA=0.125 cycB=0.141 idtA=0.133 idtB=0.138 D_A=0.155 D_B=0.134 D_A(real)=0.69 D_A(fake)=0.31 gnG=19.87 gnD=6.11 it_per_s=4.08
2026-10-03 14:45:16,099 INFO iter=71700 epoch=11 lr=2.00e-04 G=5.108 advA2B=0.582 advB2A=0.512 cycA=0.125 cycB=0.141 idtA=0.133 idtB=0.138 D_A=0.155 D_B=0.134 D_A(real)=0.70 D_A(fake)=0.30 gnG=19.96 gnD=6.14 it_per_s=4.09
2026-10-03 14:45:39,604 INFO iter=71800 epoch=11 lr=2.00e-04 G=5.103 advA2B=0.580 advB2A=0.512 cycA=0.125 cycB=0.141 idtA=0.133 idtB=0.138 D_A=0.155 D_B=0.133 D_A(real)=0.69 D_A(fake)=0.30 gnG=19.92 gnD=6.11 it_per_s=4.10
2026-10-03 14:46:03,400 INFO iter=71900 epoch=11 lr=2.00e-04 G=5.109 advA2B=0.581 advB2A=0.510 cycA=0.125 cycB=0.141 idtA=0.133 idtB=0.137 D_A=0.154 D_B=0.132 D_A(real)=0.70 D_A(fake)=0.30 gnG=19.86 gnD=6.11 it_per_s=4.11
2026-10-03 14:46:27,014 INFO iter=72000 epoch=11 lr=2.00e-04 G=5.114 advA2B=0.585 advB2A=0.509 cycA=0.125 cycB=0.142 idtA=0.133 idtB=0.138 D_A=0.154 D_B=0.131 D_A(real)=0.70 D_A(fake)=0.30 gnG=19.86 gnD=6.08 it_per_s=4.11
2026-10-03 14:46:50,709 INFO iter=72100 epoch=11 lr=2.00e-04 G=5.112 advA2B=0.586 advB2A=0.509 cycA=0.125 cycB=0.141 idtA=0.133 idtB=0.138 D_A=0.154 D_B=0.132 D_A(real)=0.70 D_A(fake)=0.30 gnG=19.73 gnD=6.09 it_per_s=4.12
2026-10-03 14:47:14,719 INFO iter=72200 epoch=11 lr=2.00e-04 G=5.098 advA2B=0.584 advB2A=0.508 cycA=0.125 cycB=0.141 idtA=0.133 idtB=0.137 D_A=0.153 D_B=0.133 D_A(real)=0.70 D_A(fake)=0.30 gnG=19.61 gnD=6.08 it_per_s=4.12
2026-10-03 14:47:38,415 INFO iter=72300 epoch=11 lr=2.00e-04 G=5.099 advA2B=0.584 advB2A=0.510 cycA=0.125 cycB=0.140 idtA=0.133 idtB=0.137 D_A=0.153 D_B=0.132 D_A(real)=0.70 D_A(fake)=0.30 gnG=19.55 gnD=6.05 it_per_s=4.13
2026-10-03 14:48:02,347 INFO iter=72400 epoch=11 lr=2.00e-04 G=5.099 advA2B=0.582 advB2A=0.512 cycA=0.125 cycB=0.141 idtA=0.133 idtB=0.137 D_A=0.154 D_B=0.132 D_A(real)=0.70 D_A(fake)=0.30 gnG=19.52 gnD=6.07 it_per_s=4.13
2026-10-03 14:48:25,968 INFO iter=72500 epoch=11 lr=2.00e-04 G=5.102 advA2B=0.584 advB2A=0.511 cycA=0.125 cycB=0.141 idtA=0.133 idtB=0.137 D_A=0.154 D_B=0.132 D_A(real)=0.70 D_A(fake)=0.30 gnG=19.52 gnD=6.07 it_per_s=4.14
2026-10-03 14:48:49,692 INFO iter=72600 epoch=11 lr=2.00e-04 G=5.093 advA2B=0.586 advB2A=0.511 cycA=0.125 cycB=0.140 idtA=0.133 idtB=0.137 D_A=0.153 D_B=0.132 D_A(real)=0.70 D_A(fake)=0.30 gnG=19.39 gnD=6.04 it_per_s=4.14
2026-10-03 14:49:13,374 INFO iter=72700 epoch=11 lr=2.00e-04 G=5.092 advA2B=0.588 advB2A=0.509 cycA=0.125 cycB=0.140 idtA=0.133 idtB=0.137 D_A=0.153 D_B=0.132 D_A(real)=0.70 D_A(fake)=0.30 gnG=19.34 gnD=6.03 it_per_s=4.14
2026-10-03 14:49:37,280 INFO iter=72800 epoch=11 lr=2.00e-04 G=5.087 advA2B=0.587 advB2A=0.506 cycA=0.125 cycB=0.140 idtA=0.133 idtB=0.136 D_A=0.154 D_B=0.131 D_A(real)=0.70 D_A(fake)=0.30 gnG=19.33 gnD=6.03 it_per_s=4.14
2026-10-03 14:50:01,191 INFO iter=72900 epoch=11 lr=2.00e-04 G=5.076 advA2B=0.585 advB2A=0.506 cycA=0.125 cycB=0.139 idtA=0.133 idtB=0.136 D_A=0.154 D_B=0.131 D_A(real)=0.70 D_A(fake)=0.30 gnG=19.24 gnD=6.00 it_per_s=4.15
2026-10-03 14:50:24,927 INFO iter=73000 epoch=11 lr=2.00e-04 G=5.080 advA2B=0.588 advB2A=0.506 cycA=0.125 cycB=0.139 idtA=0.133 idtB=0.136 D_A=0.154 D_B=0.131 D_A(real)=0.70 D_A(fake)=0.30 gnG=19.18 gnD=5.98 it_per_s=4.15
2026-10-03 14:50:48,729 INFO iter=73100 epoch=11 lr=2.00e-04 G=5.077 advA2B=0.589 advB2A=0.505 cycA=0.125 cycB=0.139 idtA=0.133 idtB=0.135 D_A=0.155 D_B=0.131 D_A(real)=0.69 D_A(fake)=0.30 gnG=19.15 gnD=5.97 it_per_s=4.15
2026-10-03 14:51:13,038 INFO iter=73200 epoch=11 lr=2.00e-04 G=5.068 advA2B=0.586 advB2A=0.504 cycA=0.125 cycB=0.139 idtA=0.133 idtB=0.135 D_A=0.155 D_B=0.132 D_A(real)=0.69 D_A(fake)=0.31 gnG=19.13 gnD=5.94 it_per_s=4.15
2026-10-03 14:51:37,468 INFO iter=73300 epoch=11 lr=2.00e-04 G=5.066 advA2B=0.586 advB2A=0.503 cycA=0.124 cycB=0.139 idtA=0.133 idtB=0.135 D_A=0.156 D_B=0.132 D_A(real)=0.69 D_A(fake)=0.31 gnG=19.07 gnD=5.94 it_per_s=4.15
2026-10-03 14:52:02,987 INFO iter=73400 epoch=11 lr=2.00e-04 G=5.057 advA2B=0.583 advB2A=0.501 cycA=0.124 cycB=0.139 idtA=0.133 idtB=0.135 D_A=0.156 D_B=0.132 D_A(real)=0.69 D_A(fake)=0.31 gnG=19.00 gnD=5.93 it_per_s=4.14
2026-10-03 14:52:26,191 INFO iter=73500 epoch=11 lr=2.00e-04 G=5.066 advA2B=0.582 advB2A=0.501 cycA=0.125 cycB=0.139 idtA=0.133 idtB=0.136 D_A=0.156 D_B=0.131 D_A(real)=0.69 D_A(fake)=0.31 gnG=19.01 gnD=5.91 it_per_s=4.14
2026-10-03 14:52:49,081 INFO iter=73600 epoch=11 lr=2.00e-04 G=5.058 advA2B=0.581 advB2A=0.502 cycA=0.124 cycB=0.139 idtA=0.133 idtB=0.135 D_A=0.156 D_B=0.131 D_A(real)=0.69 D_A(fake)=0.31 gnG=18.96 gnD=5.90 it_per_s=4.15
2026-10-03 14:53:11,742 INFO iter=73700 epoch=11 lr=2.00e-04 G=5.047 advA2B=0.579 advB2A=0.502 cycA=0.124 cycB=0.139 idtA=0.132 idtB=0.135 D_A=0.156 D_B=0.132 D_A(real)=0.69 D_A(fake)=0.31 gnG=18.89 gnD=5.89 it_per_s=4.16
2026-10-03 14:53:34,508 INFO iter=73800 epoch=11 lr=2.00e-04 G=5.041 advA2B=0.578 advB2A=0.502 cycA=0.124 cycB=0.139 idtA=0.132 idtB=0.135 D_A=0.156 D_B=0.132 D_A(real)=0.69 D_A(fake)=0.31 gnG=18.84 gnD=5.88 it_per_s=4.16
2026-10-03 14:53:57,226 INFO iter=73900 epoch=11 lr=2.00e-04 G=5.041 advA2B=0.577 advB2A=0.502 cycA=0.124 cycB=0.139 idtA=0.132 idtB=0.135 D_A=0.156 D_B=0.132 D_A(real)=0.69 D_A(fake)=0.31 gnG=18.85 gnD=5.88 it_per_s=4.17
2026-10-03 14:54:19,928 INFO iter=74000 epoch=11 lr=2.00e-04 G=5.044 advA2B=0.577 advB2A=0.502 cycA=0.124 cycB=0.139 idtA=0.133 idtB=0.135 D_A=0.157 D_B=0.132 D_A(real)=0.69 D_A(fake)=0.31 gnG=18.87 gnD=5.88 it_per_s=4.18
2026-10-03 14:54:42,830 INFO iter=74100 epoch=11 lr=2.00e-04 G=5.038 advA2B=0.577 advB2A=0.503 cycA=0.124 cycB=0.139 idtA=0.132 idtB=0.134 D_A=0.156 D_B=0.132 D_A(real)=0.69 D_A(fake)=0.31 gnG=18.84 gnD=5.86 it_per_s=4.18
2026-10-03 14:55:05,438 INFO iter=74200 epoch=11 lr=2.00e-04 G=5.033 advA2B=0.578 advB2A=0.502 cycA=0.124 cycB=0.139 idtA=0.132 idtB=0.134 D_A=0.157 D_B=0.132 D_A(real)=0.69 D_A(fake)=0.31 gnG=18.79 gnD=5.85 it_per_s=4.19
2026-10-03 14:55:28,015 INFO iter=74300 epoch=11 lr=2.00e-04 G=5.026 advA2B=0.576 advB2A=0.502 cycA=0.123 cycB=0.138 idtA=0.132 idtB=0.134 D_A=0.157 D_B=0.132 D_A(real)=0.69 D_A(fake)=0.31 gnG=18.79 gnD=5.85 it_per_s=4.19
2026-10-03 14:55:50,527 INFO iter=74400 epoch=11 lr=2.00e-04 G=5.024 advA2B=0.577 advB2A=0.501 cycA=0.123 cycB=0.138 idtA=0.132 idtB=0.134 D_A=0.157 D_B=0.132 D_A(real)=0.69 D_A(fake)=0.31 gnG=18.77 gnD=5.85 it_per_s=4.20
2026-10-03 14:56:13,279 INFO iter=74500 epoch=11 lr=2.00e-04 G=5.022 advA2B=0.578 advB2A=0.502 cycA=0.123 cycB=0.138 idtA=0.132 idtB=0.134 D_A=0.157 D_B=0.132 D_A(real)=0.69 D_A(fake)=0.31 gnG=18.79 gnD=5.84 it_per_s=4.20
2026-10-03 14:56:36,130 INFO iter=74600 epoch=11 lr=2.00e-04 G=5.018 advA2B=0.576 advB2A=0.501 cycA=0.123 cycB=0.138 idtA=0.132 idtB=0.134 D_A=0.157 D_B=0.133 D_A(real)=0.69 D_A(fake)=0.31 gnG=18.77 gnD=5.84 it_per_s=4.21
2026-10-03 14:56:58,875 INFO iter=74700 epoch=11 lr=2.00e-04 G=5.017 advA2B=0.576 advB2A=0.501 cycA=0.123 cycB=0.138 idtA=0.132 idtB=0.133 D_A=0.157 D_B=0.133 D_A(real)=0.69 D_A(fake)=0.31 gnG=18.79 gnD=5.84 it_per_s=4.21
2026-10-03 14:57:21,709 INFO iter=74800 epoch=11 lr=2.00e-04 G=5.016 advA2B=0.575 advB2A=0.501 cycA=0.123 cycB=0.138 idtA=0.132 idtB=0.133 D_A=0.157 D_B=0.133 D_A(real)=0.69 D_A(fake)=0.31 gnG=18.76 gnD=5.83 it_per_s=4.22
2026-10-03 14:57:45,935 INFO iter=74900 epoch=11 lr=2.00e-04 G=5.013 advA2B=0.574 advB2A=0.500 cycA=0.123 cycB=0.138 idtA=0.132 idtB=0.133 D_A=0.157 D_B=0.133 D_A(real)=0.69 D_A(fake)=0.31 gnG=18.72 gnD=5.83 it_per_s=4.21
2026-10-03 14:58:08,579 INFO iter=75000 epoch=11 lr=2.00e-04 G=5.013 advA2B=0.574 advB2A=0.500 cycA=0.123 cycB=0.138 idtA=0.132 idtB=0.133 D_A=0.158 D_B=0.133 D_A(real)=0.69 D_A(fake)=0.31 gnG=18.71 gnD=5.83 it_per_s=4.22
2026-10-03 14:58:31,297 INFO iter=75100 epoch=11 lr=2.00e-04 G=5.009 advA2B=0.573 advB2A=0.500 cycA=0.123 cycB=0.138 idtA=0.132 idtB=0.133 D_A=0.157 D_B=0.134 D_A(real)=0.69 D_A(fake)=0.31 gnG=18.69 gnD=5.82 it_per_s=4.22
2026-10-03 14:58:53,861 INFO iter=75200 epoch=11 lr=2.00e-04 G=5.009 advA2B=0.573 advB2A=0.500 cycA=0.123 cycB=0.138 idtA=0.132 idtB=0.133 D_A=0.157 D_B=0.134 D_A(real)=0.69 D_A(fake)=0.31 gnG=18.70 gnD=5.81 it_per_s=4.23
2026-10-03 14:59:16,465 INFO iter=75300 epoch=11 lr=2.00e-04 G=5.010 advA2B=0.575 advB2A=0.501 cycA=0.123 cycB=0.138 idtA=0.132 idtB=0.133 D_A=0.157 D_B=0.134 D_A(real)=0.69 D_A(fake)=0.31 gnG=18.74 gnD=5.80 it_per_s=4.23
2026-10-03 14:59:39,128 INFO iter=75400 epoch=11 lr=2.00e-04 G=5.007 advA2B=0.575 advB2A=0.501 cycA=0.123 cycB=0.138 idtA=0.132 idtB=0.133 D_A=0.157 D_B=0.134 D_A(real)=0.69 D_A(fake)=0.31 gnG=18.77 gnD=5.79 it_per_s=4.23
2026-10-03 15:00:01,681 INFO iter=75500 epoch=11 lr=2.00e-04 G=5.008 advA2B=0.575 advB2A=0.502 cycA=0.123 cycB=0.138 idtA=0.132 idtB=0.133 D_A=0.157 D_B=0.133 D_A(real)=0.69 D_A(fake)=0.31 gnG=18.79 gnD=5.78 it_per_s=4.24
2026-10-03 15:00:24,221 INFO iter=75600 epoch=11 lr=2.00e-04 G=5.011 advA2B=0.576 advB2A=0.502 cycA=0.123 cycB=0.138 idtA=0.132 idtB=0.133 D_A=0.157 D_B=0.134 D_A(real)=0.69 D_A(fake)=0.31 gnG=18.82 gnD=5.77 it_per_s=4.24
2026-10-03 15:00:46,919 INFO iter=75700 epoch=11 lr=2.00e-04 G=5.008 advA2B=0.574 advB2A=0.502 cycA=0.123 cycB=0.138 idtA=0.132 idtB=0.133 D_A=0.157 D_B=0.134 D_A(real)=0.69 D_A(fake)=0.31 gnG=18.81 gnD=5.76 it_per_s=4.24
2026-10-03 15:01:09,576 INFO iter=75800 epoch=11 lr=2.00e-04 G=5.007 advA2B=0.573 advB2A=0.502 cycA=0.123 cycB=0.138 idtA=0.132 idtB=0.133 D_A=0.157 D_B=0.134 D_A(real)=0.69 D_A(fake)=0.31 gnG=18.78 gnD=5.75 it_per_s=4.25
2026-10-03 15:01:31,869 INFO iter=75900 epoch=11 lr=2.00e-04 G=5.006 advA2B=0.572 advB2A=0.503 cycA=0.123 cycB=0.138 idtA=0.131 idtB=0.133 D_A=0.157 D_B=0.134 D_A(real)=0.69 D_A(fake)=0.31 gnG=18.77 gnD=5.74 it_per_s=4.25
2026-10-03 15:01:54,171 INFO iter=76000 epoch=11 lr=2.00e-04 G=5.008 advA2B=0.573 advB2A=0.503 cycA=0.123 cycB=0.138 idtA=0.131 idtB=0.133 D_A=0.156 D_B=0.134 D_A(real)=0.69 D_A(fake)=0.31 gnG=18.80 gnD=5.74 it_per_s=4.25
2026-10-03 15:02:16,334 INFO iter=76100 epoch=11 lr=2.00e-04 G=5.009 advA2B=0.574 advB2A=0.503 cycA=0.123 cycB=0.138 idtA=0.131 idtB=0.133 D_A=0.156 D_B=0.134 D_A(real)=0.69 D_A(fake)=0.31 gnG=18.80 gnD=5.73 it_per_s=4.26
2026-10-03 15:02:38,688 INFO iter=76200 epoch=11 lr=2.00e-04 G=5.008 advA2B=0.573 advB2A=0.503 cycA=0.123 cycB=0.138 idtA=0.131 idtB=0.133 D_A=0.157 D_B=0.134 D_A(real)=0.69 D_A(fake)=0.31 gnG=18.78 gnD=5.72 it_per_s=4.26
2026-10-03 15:03:00,794 INFO iter=76300 epoch=11 lr=2.00e-04 G=5.002 advA2B=0.572 advB2A=0.503 cycA=0.123 cycB=0.138 idtA=0.131 idtB=0.133 D_A=0.157 D_B=0.134 D_A(real)=0.69 D_A(fake)=0.31 gnG=18.75 gnD=5.71 it_per_s=4.27
2026-10-03 15:03:23,329 INFO iter=76400 epoch=11 lr=2.00e-04 G=5.004 advA2B=0.572 advB2A=0.503 cycA=0.123 cycB=0.138 idtA=0.131 idtB=0.133 D_A=0.157 D_B=0.134 D_A(real)=0.69 D_A(fake)=0.31 gnG=18.79 gnD=5.71 it_per_s=4.27
2026-10-03 15:03:45,334 INFO iter=76500 epoch=11 lr=2.00e-04 G=5.009 advA2B=0.573 advB2A=0.503 cycA=0.123 cycB=0.138 idtA=0.131 idtB=0.133 D_A=0.157 D_B=0.134 D_A(real)=0.69 D_A(fake)=0.31 gnG=18.84 gnD=5.70 it_per_s=4.27
2026-10-03 15:04:07,441 INFO iter=76600 epoch=11 lr=2.00e-04 G=5.010 advA2B=0.573 advB2A=0.503 cycA=0.123 cycB=0.138 idtA=0.131 idtB=0.134 D_A=0.157 D_B=0.134 D_A(real)=0.69 D_A(fake)=0.31 gnG=18.82 gnD=5.69 it_per_s=4.28
2026-10-03 15:04:29,390 INFO iter=76700 epoch=11 lr=2.00e-04 G=5.012 advA2B=0.574 advB2A=0.502 cycA=0.123 cycB=0.138 idtA=0.131 idtB=0.134 D_A=0.157 D_B=0.133 D_A(real)=0.69 D_A(fake)=0.31 gnG=18.82 gnD=5.69 it_per_s=4.28
2026-10-03 15:04:51,745 INFO iter=76800 epoch=11 lr=2.00e-04 G=5.013 advA2B=0.574 advB2A=0.503 cycA=0.123 cycB=0.138 idtA=0.131 idtB=0.134 D_A=0.156 D_B=0.133 D_A(real)=0.69 D_A(fake)=0.31 gnG=18.80 gnD=5.68 it_per_s=4.28
2026-10-03 15:05:13,945 INFO iter=76900 epoch=11 lr=2.00e-04 G=5.012 advA2B=0.574 advB2A=0.503 cycA=0.123 cycB=0.138 idtA=0.131 idtB=0.134 D_A=0.156 D_B=0.133 D_A(real)=0.69 D_A(fake)=0.31 gnG=18.83 gnD=5.68 it_per_s=4.29
2026-10-03 15:05:36,164 INFO iter=77000 epoch=11 lr=2.00e-04 G=5.013 advA2B=0.575 advB2A=0.503 cycA=0.123 cycB=0.138 idtA=0.131 idtB=0.134 D_A=0.156 D_B=0.133 D_A(real)=0.69 D_A(fake)=0.31 gnG=18.82 gnD=5.68 it_per_s=4.29
2026-10-03 15:05:58,553 INFO iter=77100 epoch=11 lr=2.00e-04 G=5.014 advA2B=0.574 advB2A=0.503 cycA=0.123 cycB=0.138 idtA=0.131 idtB=0.134 D_A=0.157 D_B=0.133 D_A(real)=0.69 D_A(fake)=0.31 gnG=18.81 gnD=5.69 it_per_s=4.29
2026-10-03 15:06:21,104 INFO iter=77200 epoch=11 lr=2.00e-04 G=5.011 advA2B=0.575 advB2A=0.503 cycA=0.123 cycB=0.138 idtA=0.131 idtB=0.134 D_A=0.156 D_B=0.133 D_A(real)=0.69 D_A(fake)=0.31 gnG=18.79 gnD=5.69 it_per_s=4.30
2026-10-03 15:06:43,965 INFO iter=77300 epoch=11 lr=2.00e-04 G=5.009 advA2B=0.575 advB2A=0.503 cycA=0.123 cycB=0.138 idtA=0.131 idtB=0.134 D_A=0.156 D_B=0.133 D_A(real)=0.69 D_A(fake)=0.31 gnG=18.77 gnD=5.69 it_per_s=4.30
2026-10-03 15:07:06,261 INFO iter=77400 epoch=11 lr=2.00e-04 G=5.012 advA2B=0.576 advB2A=0.503 cycA=0.123 cycB=0.138 idtA=0.131 idtB=0.134 D_A=0.156 D_B=0.133 D_A(real)=0.69 D_A(fake)=0.31 gnG=18.81 gnD=5.68 it_per_s=4.30
2026-10-03 15:07:10,295 INFO epoch=11 done time_s=1637 it_per_s=4.30 G=5.012 cycA=0.123 cycB=0.138 idtA=0.131 idtB=0.134 D_A=0.156 D_B=0.133 D_A(real)=0.69 D_A(fake)=0.31 nan_count=0
2026-10-03 15:07:29,454 INFO iter=77500 epoch=12 lr=2.00e-04 G=4.891 advA2B=0.530 advB2A=0.504 cycA=0.127 cycB=0.129 idtA=0.138 idtB=0.122 D_A=0.150 D_B=0.145 D_A(real)=0.72 D_A(fake)=0.29 gnG=17.62 gnD=5.83 it_per_s=4.41
2026-10-03 15:07:52,138 INFO iter=77600 epoch=12 lr=2.00e-04 G=4.940 advA2B=0.532 advB2A=0.509 cycA=0.124 cycB=0.136 idtA=0.131 idtB=0.129 D_A=0.158 D_B=0.140 D_A(real)=0.70 D_A(fake)=0.30 gnG=18.43 gnD=5.60 it_per_s=4.41
2026-10-03 15:08:14,937 INFO iter=77700 epoch=12 lr=2.00e-04 G=4.903 advA2B=0.543 advB2A=0.487 cycA=0.123 cycB=0.135 idtA=0.131 idtB=0.127 D_A=0.161 D_B=0.138 D_A(real)=0.69 D_A(fake)=0.32 gnG=18.46 gnD=5.48 it_per_s=4.40
2026-10-03 15:08:37,753 INFO iter=77800 epoch=12 lr=2.00e-04 G=4.908 advA2B=0.548 advB2A=0.488 cycA=0.122 cycB=0.136 idtA=0.130 idtB=0.129 D_A=0.163 D_B=0.141 D_A(real)=0.68 D_A(fake)=0.32 gnG=18.25 gnD=5.50 it_per_s=4.40
2026-10-03 15:09:00,318 INFO iter=77900 epoch=12 lr=2.00e-04 G=4.887 advA2B=0.549 advB2A=0.490 cycA=0.120 cycB=0.136 idtA=0.128 idtB=0.129 D_A=0.163 D_B=0.139 D_A(real)=0.68 D_A(fake)=0.32 gnG=18.17 gnD=5.50 it_per_s=4.40
2026-10-03 15:09:22,981 INFO iter=78000 epoch=12 lr=2.00e-04 G=4.869 advA2B=0.554 advB2A=0.489 cycA=0.120 cycB=0.136 idtA=0.127 idtB=0.128 D_A=0.161 D_B=0.138 D_A(real)=0.68 D_A(fake)=0.32 gnG=18.11 gnD=5.44 it_per_s=4.41
2026-10-03 15:09:45,801 INFO iter=78100 epoch=12 lr=2.00e-04 G=4.844 advA2B=0.551 advB2A=0.486 cycA=0.119 cycB=0.135 idtA=0.126 idtB=0.128 D_A=0.162 D_B=0.137 D_A(real)=0.68 D_A(fake)=0.32 gnG=17.88 gnD=5.44 it_per_s=4.40
2026-10-03 15:10:08,486 INFO iter=78200 epoch=12 lr=2.00e-04 G=4.844 advA2B=0.554 advB2A=0.481 cycA=0.118 cycB=0.136 idtA=0.126 idtB=0.129 D_A=0.163 D_B=0.137 D_A(real)=0.68 D_A(fake)=0.32 gnG=17.79 gnD=5.47 it_per_s=4.40
2026-10-03 15:10:30,978 INFO iter=78300 epoch=12 lr=2.00e-04 G=4.840 advA2B=0.559 advB2A=0.478 cycA=0.118 cycB=0.135 idtA=0.126 idtB=0.129 D_A=0.163 D_B=0.139 D_A(real)=0.68 D_A(fake)=0.32 gnG=17.81 gnD=5.52 it_per_s=4.41
2026-10-03 15:10:53,397 INFO iter=78400 epoch=12 lr=2.00e-04 G=4.848 advA2B=0.560 advB2A=0.480 cycA=0.118 cycB=0.135 idtA=0.126 idtB=0.129 D_A=0.164 D_B=0.139 D_A(real)=0.68 D_A(fake)=0.32 gnG=17.68 gnD=5.55 it_per_s=4.41
2026-10-03 15:11:15,666 INFO iter=78500 epoch=12 lr=2.00e-04 G=4.860 advA2B=0.556 advB2A=0.477 cycA=0.119 cycB=0.136 idtA=0.127 idtB=0.130 D_A=0.164 D_B=0.139 D_A(real)=0.68 D_A(fake)=0.32 gnG=17.71 gnD=5.57 it_per_s=4.42
2026-10-03 15:11:37,797 INFO iter=78600 epoch=12 lr=2.00e-04 G=4.863 advA2B=0.551 advB2A=0.477 cycA=0.119 cycB=0.135 idtA=0.128 idtB=0.130 D_A=0.164 D_B=0.140 D_A(real)=0.68 D_A(fake)=0.32 gnG=17.65 gnD=5.57 it_per_s=4.43
2026-10-03 15:12:00,140 INFO iter=78700 epoch=12 lr=2.00e-04 G=4.873 advA2B=0.554 advB2A=0.476 cycA=0.120 cycB=0.135 idtA=0.128 idtB=0.130 D_A=0.163 D_B=0.140 D_A(real)=0.68 D_A(fake)=0.32 gnG=17.57 gnD=5.55 it_per_s=4.43
2026-10-03 15:12:22,740 INFO iter=78800 epoch=12 lr=2.00e-04 G=4.874 advA2B=0.556 advB2A=0.477 cycA=0.120 cycB=0.135 idtA=0.129 idtB=0.130 D_A=0.162 D_B=0.139 D_A(real)=0.68 D_A(fake)=0.32 gnG=17.51 gnD=5.56 it_per_s=4.43
2026-10-03 15:12:45,175 INFO iter=78900 epoch=12 lr=2.00e-04 G=4.887 advA2B=0.559 advB2A=0.481 cycA=0.120 cycB=0.135 idtA=0.128 idtB=0.131 D_A=0.163 D_B=0.140 D_A(real)=0.68 D_A(fake)=0.32 gnG=17.63 gnD=5.60 it_per_s=4.43
2026-10-03 15:13:07,699 INFO iter=79000 epoch=12 lr=2.00e-04 G=4.886 advA2B=0.557 advB2A=0.486 cycA=0.120 cycB=0.135 idtA=0.128 idtB=0.131 D_A=0.162 D_B=0.138 D_A(real)=0.68 D_A(fake)=0.32 gnG=17.75 gnD=5.63 it_per_s=4.43
2026-10-03 15:13:30,197 INFO iter=79100 epoch=12 lr=2.00e-04 G=4.891 advA2B=0.559 advB2A=0.487 cycA=0.120 cycB=0.135 idtA=0.128 idtB=0.130 D_A=0.161 D_B=0.138 D_A(real)=0.68 D_A(fake)=0.32 gnG=17.72 gnD=5.62 it_per_s=4.43
2026-10-03 15:13:52,689 INFO iter=79200 epoch=12 lr=2.00e-04 G=4.904 advA2B=0.560 advB2A=0.489 cycA=0.121 cycB=0.135 idtA=0.129 idtB=0.130 D_A=0.160 D_B=0.137 D_A(real)=0.68 D_A(fake)=0.32 gnG=17.89 gnD=5.63 it_per_s=4.43
2026-10-03 15:14:15,152 INFO iter=79300 epoch=12 lr=2.00e-04 G=4.919 advA2B=0.565 advB2A=0.490 cycA=0.121 cycB=0.135 idtA=0.129 idtB=0.130 D_A=0.159 D_B=0.137 D_A(real)=0.69 D_A(fake)=0.32 gnG=17.83 gnD=5.60 it_per_s=4.44
2026-10-03 15:14:37,254 INFO iter=79400 epoch=12 lr=2.00e-04 G=4.926 advA2B=0.566 advB2A=0.490 cycA=0.122 cycB=0.136 idtA=0.129 idtB=0.131 D_A=0.159 D_B=0.136 D_A(real)=0.69 D_A(fake)=0.32 gnG=17.80 gnD=5.57 it_per_s=4.44
2026-10-03 15:14:59,803 INFO iter=79500 epoch=12 lr=2.00e-04 G=4.937 advA2B=0.568 advB2A=0.492 cycA=0.122 cycB=0.136 idtA=0.129 idtB=0.131 D_A=0.159 D_B=0.137 D_A(real)=0.69 D_A(fake)=0.32 gnG=17.85 gnD=5.56 it_per_s=4.44
2026-10-03 15:15:22,247 INFO iter=79600 epoch=12 lr=2.00e-04 G=4.949 advA2B=0.568 advB2A=0.493 cycA=0.122 cycB=0.136 idtA=0.129 idtB=0.132 D_A=0.159 D_B=0.136 D_A(real)=0.69 D_A(fake)=0.32 gnG=17.96 gnD=5.54 it_per_s=4.44
2026-10-03 15:15:44,351 INFO iter=79700 epoch=12 lr=2.00e-04 G=4.958 advA2B=0.573 advB2A=0.494 cycA=0.122 cycB=0.136 idtA=0.129 idtB=0.132 D_A=0.158 D_B=0.136 D_A(real)=0.69 D_A(fake)=0.31 gnG=18.13 gnD=5.54 it_per_s=4.44
2026-10-03 15:16:07,201 INFO iter=79800 epoch=12 lr=2.00e-04 G=4.961 advA2B=0.571 advB2A=0.495 cycA=0.123 cycB=0.137 idtA=0.129 idtB=0.132 D_A=0.157 D_B=0.136 D_A(real)=0.69 D_A(fake)=0.31 gnG=18.11 gnD=5.52 it_per_s=4.44
2026-10-03 15:16:29,953 INFO iter=79900 epoch=12 lr=2.00e-04 G=4.955 advA2B=0.570 advB2A=0.494 cycA=0.122 cycB=0.136 idtA=0.129 idtB=0.132 D_A=0.157 D_B=0.136 D_A(real)=0.69 D_A(fake)=0.31 gnG=18.09 gnD=5.51 it_per_s=4.44
2026-10-03 15:16:52,782 INFO iter=80000 epoch=12 lr=2.00e-04 G=4.951 advA2B=0.570 advB2A=0.494 cycA=0.122 cycB=0.136 idtA=0.129 idtB=0.132 D_A=0.158 D_B=0.136 D_A(real)=0.69 D_A(fake)=0.31 gnG=18.10 gnD=5.50 it_per_s=4.44
2026-10-03 15:17:15,422 INFO iter=80100 epoch=12 lr=2.00e-04 G=4.949 advA2B=0.570 advB2A=0.497 cycA=0.122 cycB=0.136 idtA=0.129 idtB=0.131 D_A=0.158 D_B=0.136 D_A(real)=0.69 D_A(fake)=0.31 gnG=18.12 gnD=5.49 it_per_s=4.44
2026-10-03 15:17:38,234 INFO iter=80200 epoch=12 lr=2.00e-04 G=4.942 advA2B=0.566 advB2A=0.499 cycA=0.122 cycB=0.135 idtA=0.129 idtB=0.131 D_A=0.157 D_B=0.136 D_A(real)=0.69 D_A(fake)=0.31 gnG=18.16 gnD=5.48 it_per_s=4.43
2026-10-03 15:18:00,995 INFO iter=80300 epoch=12 lr=2.00e-04 G=4.949 advA2B=0.568 advB2A=0.500 cycA=0.122 cycB=0.136 idtA=0.129 idtB=0.132 D_A=0.157 D_B=0.136 D_A(real)=0.69 D_A(fake)=0.31 gnG=18.22 gnD=5.46 it_per_s=4.43
2026-10-03 15:18:23,853 INFO iter=80400 epoch=12 lr=2.00e-04 G=4.945 advA2B=0.566 advB2A=0.499 cycA=0.122 cycB=0.136 idtA=0.129 idtB=0.131 D_A=0.156 D_B=0.136 D_A(real)=0.69 D_A(fake)=0.31 gnG=18.19 gnD=5.43 it_per_s=4.43
2026-10-03 15:18:46,887 INFO iter=80500 epoch=12 lr=2.00e-04 G=4.946 advA2B=0.564 advB2A=0.499 cycA=0.122 cycB=0.136 idtA=0.129 idtB=0.131 D_A=0.156 D_B=0.136 D_A(real)=0.69 D_A(fake)=0.31 gnG=18.24 gnD=5.42 it_per_s=4.43
2026-10-03 15:19:09,410 INFO iter=80600 epoch=12 lr=2.00e-04 G=4.949 advA2B=0.566 advB2A=0.500 cycA=0.122 cycB=0.136 idtA=0.129 idtB=0.131 D_A=0.155 D_B=0.136 D_A(real)=0.69 D_A(fake)=0.31 gnG=18.27 gnD=5.40 it_per_s=4.43
2026-10-03 15:19:31,831 INFO iter=80700 epoch=12 lr=2.00e-04 G=4.953 advA2B=0.566 advB2A=0.500 cycA=0.122 cycB=0.136 idtA=0.129 idtB=0.132 D_A=0.156 D_B=0.136 D_A(real)=0.69 D_A(fake)=0.31 gnG=18.31 gnD=5.40 it_per_s=4.43
2026-10-03 15:19:54,523 INFO iter=80800 epoch=12 lr=2.00e-04 G=4.955 advA2B=0.567 advB2A=0.501 cycA=0.122 cycB=0.136 idtA=0.129 idtB=0.132 D_A=0.155 D_B=0.136 D_A(real)=0.69 D_A(fake)=0.31 gnG=18.28 gnD=5.40 it_per_s=4.43
2026-10-03 15:20:16,681 INFO iter=80900 epoch=12 lr=2.00e-04 G=4.948 advA2B=0.567 advB2A=0.501 cycA=0.122 cycB=0.136 idtA=0.129 idtB=0.131 D_A=0.155 D_B=0.135 D_A(real)=0.69 D_A(fake)=0.31 gnG=18.21 gnD=5.39 it_per_s=4.43
2026-10-03 15:20:38,927 INFO iter=81000 epoch=12 lr=2.00e-04 G=4.945 advA2B=0.566 advB2A=0.501 cycA=0.122 cycB=0.136 idtA=0.129 idtB=0.131 D_A=0.155 D_B=0.135 D_A(real)=0.69 D_A(fake)=0.31 gnG=18.16 gnD=5.39 it_per_s=4.43
2026-10-03 15:21:01,193 INFO iter=81100 epoch=12 lr=2.00e-04 G=4.940 advA2B=0.566 advB2A=0.502 cycA=0.122 cycB=0.136 idtA=0.129 idtB=0.131 D_A=0.154 D_B=0.135 D_A(real)=0.69 D_A(fake)=0.31 gnG=18.14 gnD=5.37 it_per_s=4.43
2026-10-03 15:21:23,987 INFO iter=81200 epoch=12 lr=2.00e-04 G=4.937 advA2B=0.565 advB2A=0.502 cycA=0.122 cycB=0.136 idtA=0.129 idtB=0.131 D_A=0.154 D_B=0.135 D_A(real)=0.69 D_A(fake)=0.31 gnG=18.15 gnD=5.37 it_per_s=4.43
2026-10-03 15:21:46,730 INFO iter=81300 epoch=12 lr=2.00e-04 G=4.938 advA2B=0.564 advB2A=0.504 cycA=0.122 cycB=0.136 idtA=0.129 idtB=0.131 D_A=0.153 D_B=0.135 D_A(real)=0.70 D_A(fake)=0.31 gnG=18.13 gnD=5.38 it_per_s=4.43
2026-10-03 15:22:09,492 INFO iter=81400 epoch=12 lr=2.00e-04 G=4.939 advA2B=0.565 advB2A=0.505 cycA=0.122 cycB=0.135 idtA=0.129 idtB=0.131 D_A=0.153 D_B=0.135 D_A(real)=0.70 D_A(fake)=0.30 gnG=18.19 gnD=5.37 it_per_s=4.43
2026-10-03 15:22:32,345 INFO iter=81500 epoch=12 lr=2.00e-04 G=4.942 advA2B=0.567 advB2A=0.505 cycA=0.122 cycB=0.136 idtA=0.129 idtB=0.131 D_A=0.153 D_B=0.134 D_A(real)=0.70 D_A(fake)=0.30 gnG=18.23 gnD=5.36 it_per_s=4.43
2026-10-03 15:22:55,008 INFO iter=81600 epoch=12 lr=2.00e-04 G=4.947 advA2B=0.567 advB2A=0.505 cycA=0.122 cycB=0.136 idtA=0.129 idtB=0.131 D_A=0.153 D_B=0.134 D_A(real)=0.70 D_A(fake)=0.30 gnG=18.24 gnD=5.34 it_per_s=4.43
2026-10-03 15:23:17,726 INFO iter=81700 epoch=12 lr=2.00e-04 G=4.945 advA2B=0.568 advB2A=0.505 cycA=0.122 cycB=0.136 idtA=0.129 idtB=0.131 D_A=0.153 D_B=0.134 D_A(real)=0.70 D_A(fake)=0.30 gnG=18.25 gnD=5.33 it_per_s=4.43
2026-10-03 15:23:40,445 INFO iter=81800 epoch=12 lr=2.00e-04 G=4.948 advA2B=0.569 advB2A=0.504 cycA=0.122 cycB=0.136 idtA=0.129 idtB=0.131 D_A=0.153 D_B=0.134 D_A(real)=0.70 D_A(fake)=0.30 gnG=18.27 gnD=5.33 it_per_s=4.43
2026-10-03 15:24:02,851 INFO iter=81900 epoch=12 lr=2.00e-04 G=4.949 advA2B=0.570 advB2A=0.505 cycA=0.122 cycB=0.136 idtA=0.129 idtB=0.131 D_A=0.153 D_B=0.134 D_A(real)=0.70 D_A(fake)=0.30 gnG=18.29 gnD=5.32 it_per_s=4.43
2026-10-03 15:24:25,390 INFO iter=82000 epoch=12 lr=2.00e-04 G=4.948 advA2B=0.569 advB2A=0.507 cycA=0.121 cycB=0.136 idtA=0.129 idtB=0.131 D_A=0.153 D_B=0.134 D_A(real)=0.70 D_A(fake)=0.30 gnG=18.26 gnD=5.33 it_per_s=4.43
2026-10-03 15:24:47,616 INFO iter=82100 epoch=12 lr=2.00e-04 G=4.948 advA2B=0.569 advB2A=0.508 cycA=0.121 cycB=0.136 idtA=0.129 idtB=0.131 D_A=0.153 D_B=0.134 D_A(real)=0.70 D_A(fake)=0.30 gnG=18.26 gnD=5.33 it_per_s=4.43
2026-10-03 15:25:10,514 INFO iter=82200 epoch=12 lr=2.00e-04 G=4.942 advA2B=0.569 advB2A=0.507 cycA=0.121 cycB=0.136 idtA=0.129 idtB=0.131 D_A=0.154 D_B=0.133 D_A(real)=0.70 D_A(fake)=0.30 gnG=18.26 gnD=5.32 it_per_s=4.43
2026-10-03 15:25:33,371 INFO iter=82300 epoch=12 lr=2.00e-04 G=4.948 advA2B=0.571 advB2A=0.507 cycA=0.121 cycB=0.136 idtA=0.129 idtB=0.131 D_A=0.154 D_B=0.133 D_A(real)=0.70 D_A(fake)=0.30 gnG=18.28 gnD=5.32 it_per_s=4.43
2026-10-03 15:25:55,945 INFO iter=82400 epoch=12 lr=2.00e-04 G=4.950 advA2B=0.571 advB2A=0.507 cycA=0.121 cycB=0.136 idtA=0.129 idtB=0.131 D_A=0.154 D_B=0.133 D_A(real)=0.70 D_A(fake)=0.30 gnG=18.27 gnD=5.32 it_per_s=4.43
2026-10-03 15:26:18,578 INFO iter=82500 epoch=12 lr=2.00e-04 G=4.951 advA2B=0.572 advB2A=0.507 cycA=0.121 cycB=0.136 idtA=0.129 idtB=0.131 D_A=0.153 D_B=0.133 D_A(real)=0.70 D_A(fake)=0.30 gnG=18.27 gnD=5.31 it_per_s=4.43
2026-10-03 15:26:41,061 INFO iter=82600 epoch=12 lr=2.00e-04 G=4.953 advA2B=0.573 advB2A=0.507 cycA=0.121 cycB=0.136 idtA=0.129 idtB=0.131 D_A=0.154 D_B=0.133 D_A(real)=0.70 D_A(fake)=0.30 gnG=18.27 gnD=5.31 it_per_s=4.43
2026-10-03 15:27:03,731 INFO iter=82700 epoch=12 lr=2.00e-04 G=4.957 advA2B=0.574 advB2A=0.508 cycA=0.121 cycB=0.137 idtA=0.129 idtB=0.131 D_A=0.154 D_B=0.133 D_A(real)=0.70 D_A(fake)=0.30 gnG=18.28 gnD=5.30 it_per_s=4.43
2026-10-03 15:27:26,368 INFO iter=82800 epoch=12 lr=2.00e-04 G=4.952 advA2B=0.572 advB2A=0.507 cycA=0.121 cycB=0.136 idtA=0.128 idtB=0.131 D_A=0.153 D_B=0.133 D_A(real)=0.70 D_A(fake)=0.30 gnG=18.27 gnD=5.29 it_per_s=4.43
2026-10-03 15:27:48,962 INFO iter=82900 epoch=12 lr=2.00e-04 G=4.952 advA2B=0.573 advB2A=0.507 cycA=0.121 cycB=0.136 idtA=0.128 idtB=0.131 D_A=0.153 D_B=0.132 D_A(real)=0.70 D_A(fake)=0.30 gnG=18.31 gnD=5.28 it_per_s=4.43
2026-10-03 15:28:11,387 INFO iter=83000 epoch=12 lr=2.00e-04 G=4.954 advA2B=0.575 advB2A=0.508 cycA=0.121 cycB=0.136 idtA=0.128 idtB=0.131 D_A=0.153 D_B=0.133 D_A(real)=0.70 D_A(fake)=0.30 gnG=18.30 gnD=5.28 it_per_s=4.43
2026-10-03 15:28:33,689 INFO iter=83100 epoch=12 lr=2.00e-04 G=4.954 advA2B=0.575 advB2A=0.508 cycA=0.121 cycB=0.136 idtA=0.128 idtB=0.131 D_A=0.153 D_B=0.132 D_A(real)=0.70 D_A(fake)=0.30 gnG=18.31 gnD=5.28 it_per_s=4.43
2026-10-03 15:28:56,274 INFO iter=83200 epoch=12 lr=2.00e-04 G=4.950 advA2B=0.575 advB2A=0.508 cycA=0.121 cycB=0.136 idtA=0.128 idtB=0.131 D_A=0.154 D_B=0.133 D_A(real)=0.70 D_A(fake)=0.30 gnG=18.29 gnD=5.28 it_per_s=4.43
2026-10-03 15:29:18,389 INFO iter=83300 epoch=12 lr=2.00e-04 G=4.950 advA2B=0.575 advB2A=0.508 cycA=0.121 cycB=0.136 idtA=0.128 idtB=0.131 D_A=0.153 D_B=0.133 D_A(real)=0.70 D_A(fake)=0.30 gnG=18.31 gnD=5.28 it_per_s=4.43
2026-10-03 15:29:40,550 INFO iter=83400 epoch=12 lr=2.00e-04 G=4.947 advA2B=0.575 advB2A=0.508 cycA=0.121 cycB=0.136 idtA=0.128 idtB=0.131 D_A=0.153 D_B=0.133 D_A(real)=0.70 D_A(fake)=0.30 gnG=18.29 gnD=5.28 it_per_s=4.43
2026-10-03 15:30:03,394 INFO iter=83500 epoch=12 lr=2.00e-04 G=4.947 advA2B=0.575 advB2A=0.508 cycA=0.121 cycB=0.136 idtA=0.128 idtB=0.131 D_A=0.153 D_B=0.133 D_A(real)=0.70 D_A(fake)=0.30 gnG=18.27 gnD=5.27 it_per_s=4.43
2026-10-03 15:30:26,252 INFO iter=83600 epoch=12 lr=2.00e-04 G=4.945 advA2B=0.575 advB2A=0.508 cycA=0.121 cycB=0.136 idtA=0.128 idtB=0.131 D_A=0.153 D_B=0.133 D_A(real)=0.70 D_A(fake)=0.30 gnG=18.26 gnD=5.27 it_per_s=4.43
2026-10-03 15:30:48,897 INFO iter=83700 epoch=12 lr=2.00e-04 G=4.942 advA2B=0.575 advB2A=0.508 cycA=0.121 cycB=0.136 idtA=0.128 idtB=0.131 D_A=0.153 D_B=0.133 D_A(real)=0.70 D_A(fake)=0.30 gnG=18.26 gnD=5.28 it_per_s=4.43
2026-10-03 15:31:11,784 INFO iter=83800 epoch=12 lr=2.00e-04 G=4.939 advA2B=0.576 advB2A=0.508 cycA=0.121 cycB=0.136 idtA=0.128 idtB=0.130 D_A=0.153 D_B=0.133 D_A(real)=0.70 D_A(fake)=0.30 gnG=18.24 gnD=5.28 it_per_s=4.43
2026-10-03 15:31:34,441 INFO iter=83900 epoch=12 lr=2.00e-04 G=4.936 advA2B=0.576 advB2A=0.508 cycA=0.120 cycB=0.136 idtA=0.128 idtB=0.130 D_A=0.153 D_B=0.133 D_A(real)=0.70 D_A(fake)=0.30 gnG=18.22 gnD=5.27 it_per_s=4.43
2026-10-03 15:31:57,257 INFO iter=84000 epoch=12 lr=2.00e-04 G=4.936 advA2B=0.577 advB2A=0.508 cycA=0.120 cycB=0.136 idtA=0.128 idtB=0.130 D_A=0.153 D_B=0.133 D_A(real)=0.70 D_A(fake)=0.30 gnG=18.20 gnD=5.27 it_per_s=4.43
2026-10-03 15:32:19,607 INFO iter=84100 epoch=12 lr=2.00e-04 G=4.933 advA2B=0.576 advB2A=0.508 cycA=0.120 cycB=0.136 idtA=0.127 idtB=0.130 D_A=0.152 D_B=0.133 D_A(real)=0.70 D_A(fake)=0.30 gnG=18.18 gnD=5.27 it_per_s=4.43
2026-10-03 15:32:41,620 INFO iter=84200 epoch=12 lr=2.00e-04 G=4.928 advA2B=0.574 advB2A=0.507 cycA=0.120 cycB=0.136 idtA=0.127 idtB=0.130 D_A=0.152 D_B=0.133 D_A(real)=0.70 D_A(fake)=0.30 gnG=18.15 gnD=5.28 it_per_s=4.43
2026-10-03 15:33:04,260 INFO iter=84300 epoch=12 lr=2.00e-04 G=4.925 advA2B=0.574 advB2A=0.507 cycA=0.120 cycB=0.136 idtA=0.127 idtB=0.130 D_A=0.153 D_B=0.133 D_A(real)=0.70 D_A(fake)=0.30 gnG=18.13 gnD=5.28 it_per_s=4.43
2026-10-03 15:33:26,622 INFO iter=84400 epoch=12 lr=2.00e-04 G=4.927 advA2B=0.574 advB2A=0.508 cycA=0.120 cycB=0.136 idtA=0.127 idtB=0.130 D_A=0.153 D_B=0.133 D_A(real)=0.70 D_A(fake)=0.30 gnG=18.15 gnD=5.28 it_per_s=4.43
2026-10-03 15:33:38,832 INFO epoch=12 done time_s=1588 it_per_s=4.43 G=4.928 cycA=0.120 cycB=0.136 idtA=0.127 idtB=0.130 D_A=0.153 D_B=0.133 D_A(real)=0.70 D_A(fake)=0.30 nan_count=0
2026-10-03 15:33:49,447 INFO iter=84500 epoch=13 lr=2.00e-04 G=5.122 advA2B=0.623 advB2A=0.475 cycA=0.125 cycB=0.138 idtA=0.134 idtB=0.145 D_A=0.167 D_B=0.148 D_A(real)=0.69 D_A(fake)=0.35 gnG=17.56 gnD=5.45 it_per_s=4.37
2026-10-03 15:34:12,146 INFO iter=84600 epoch=13 lr=2.00e-04 G=4.881 advA2B=0.620 advB2A=0.482 cycA=0.117 cycB=0.133 idtA=0.126 idtB=0.130 D_A=0.169 D_B=0.132 D_A(real)=0.67 D_A(fake)=0.33 gnG=17.33 gnD=5.52 it_per_s=4.39
2026-10-03 15:34:34,845 INFO iter=84700 epoch=13 lr=2.00e-04 G=4.773 advA2B=0.603 advB2A=0.493 cycA=0.115 cycB=0.128 idtA=0.125 idtB=0.124 D_A=0.161 D_B=0.125 D_A(real)=0.68 D_A(fake)=0.32 gnG=17.75 gnD=5.43 it_per_s=4.40
2026-10-03 15:34:57,815 INFO iter=84800 epoch=13 lr=2.00e-04 G=4.805 advA2B=0.588 advB2A=0.507 cycA=0.115 cycB=0.130 idtA=0.125 idtB=0.126 D_A=0.156 D_B=0.129 D_A(real)=0.69 D_A(fake)=0.32 gnG=17.40 gnD=5.42 it_per_s=4.39
2026-10-03 15:35:20,623 INFO iter=84900 epoch=13 lr=2.00e-04 G=4.822 advA2B=0.594 advB2A=0.516 cycA=0.115 cycB=0.131 idtA=0.125 idtB=0.125 D_A=0.156 D_B=0.122 D_A(real)=0.69 D_A(fake)=0.31 gnG=17.66 gnD=5.47 it_per_s=4.39
2026-10-03 15:35:43,405 INFO iter=85000 epoch=13 lr=2.00e-04 G=4.827 advA2B=0.589 advB2A=0.518 cycA=0.115 cycB=0.132 idtA=0.124 idtB=0.127 D_A=0.159 D_B=0.127 D_A(real)=0.68 D_A(fake)=0.32 gnG=17.38 gnD=5.58 it_per_s=4.39
2026-10-03 15:36:06,235 INFO iter=85100 epoch=13 lr=2.00e-04 G=4.791 advA2B=0.582 advB2A=0.512 cycA=0.114 cycB=0.131 idtA=0.123 idtB=0.126 D_A=0.162 D_B=0.130 D_A(real)=0.68 D_A(fake)=0.32 gnG=17.01 gnD=5.62 it_per_s=4.39
2026-10-03 15:36:28,920 INFO iter=85200 epoch=13 lr=2.00e-04 G=4.799 advA2B=0.583 advB2A=0.506 cycA=0.115 cycB=0.132 idtA=0.124 idtB=0.126 D_A=0.160 D_B=0.130 D_A(real)=0.68 D_A(fake)=0.32 gnG=16.99 gnD=5.60 it_per_s=4.39
2026-10-03 15:36:51,673 INFO iter=85300 epoch=13 lr=2.00e-04 G=4.796 advA2B=0.576 advB2A=0.502 cycA=0.115 cycB=0.132 idtA=0.124 idtB=0.126 D_A=0.160 D_B=0.131 D_A(real)=0.68 D_A(fake)=0.32 gnG=16.93 gnD=5.59 it_per_s=4.39
2026-10-03 15:37:14,305 INFO iter=85400 epoch=13 lr=2.00e-04 G=4.850 advA2B=0.587 advB2A=0.502 cycA=0.116 cycB=0.134 idtA=0.124 idtB=0.128 D_A=0.160 D_B=0.130 D_A(real)=0.68 D_A(fake)=0.32 gnG=17.37 gnD=5.55 it_per_s=4.39
2026-10-03 15:37:36,791 INFO iter=85500 epoch=13 lr=2.00e-04 G=4.854 advA2B=0.586 advB2A=0.502 cycA=0.116 cycB=0.135 idtA=0.124 idtB=0.128 D_A=0.160 D_B=0.131 D_A(real)=0.68 D_A(fake)=0.32 gnG=17.36 gnD=5.60 it_per_s=4.40
2026-10-03 15:37:59,349 INFO iter=85600 epoch=13 lr=2.00e-04 G=4.874 advA2B=0.586 advB2A=0.504 cycA=0.117 cycB=0.135 idtA=0.124 idtB=0.129 D_A=0.159 D_B=0.130 D_A(real)=0.68 D_A(fake)=0.32 gnG=17.40 gnD=5.58 it_per_s=4.40
2026-10-03 15:38:21,751 INFO iter=85700 epoch=13 lr=2.00e-04 G=4.865 advA2B=0.587 advB2A=0.503 cycA=0.116 cycB=0.135 idtA=0.124 idtB=0.129 D_A=0.159 D_B=0.130 D_A(real)=0.68 D_A(fake)=0.32 gnG=17.40 gnD=5.57 it_per_s=4.41
2026-10-03 15:38:43,785 INFO iter=85800 epoch=13 lr=2.00e-04 G=4.866 advA2B=0.585 advB2A=0.502 cycA=0.117 cycB=0.135 idtA=0.124 idtB=0.129 D_A=0.159 D_B=0.130 D_A(real)=0.68 D_A(fake)=0.32 gnG=17.52 gnD=5.54 it_per_s=4.42
2026-10-03 15:39:06,278 INFO iter=85900 epoch=13 lr=2.00e-04 G=4.863 advA2B=0.584 advB2A=0.502 cycA=0.117 cycB=0.134 idtA=0.124 idtB=0.129 D_A=0.158 D_B=0.131 D_A(real)=0.69 D_A(fake)=0.32 gnG=17.47 gnD=5.51 it_per_s=4.42
2026-10-03 15:39:28,518 INFO iter=86000 epoch=13 lr=2.00e-04 G=4.873 advA2B=0.583 advB2A=0.502 cycA=0.117 cycB=0.135 idtA=0.124 idtB=0.129 D_A=0.158 D_B=0.131 D_A(real)=0.68 D_A(fake)=0.32 gnG=17.50 gnD=5.49 it_per_s=4.42
2026-10-03 15:39:50,852 INFO iter=86100 epoch=13 lr=2.00e-04 G=4.877 advA2B=0.587 advB2A=0.502 cycA=0.118 cycB=0.135 idtA=0.124 idtB=0.129 D_A=0.157 D_B=0.130 D_A(real)=0.69 D_A(fake)=0.32 gnG=17.48 gnD=5.48 it_per_s=4.43
2026-10-03 15:40:13,463 INFO iter=86200 epoch=13 lr=2.00e-04 G=4.885 advA2B=0.594 advB2A=0.502 cycA=0.118 cycB=0.135 idtA=0.124 idtB=0.129 D_A=0.156 D_B=0.130 D_A(real)=0.69 D_A(fake)=0.31 gnG=17.53 gnD=5.45 it_per_s=4.43
2026-10-03 15:40:36,054 INFO iter=86300 epoch=13 lr=2.00e-04 G=4.874 advA2B=0.591 advB2A=0.501 cycA=0.118 cycB=0.134 idtA=0.124 idtB=0.129 D_A=0.156 D_B=0.129 D_A(real)=0.69 D_A(fake)=0.31 gnG=17.52 gnD=5.44 it_per_s=4.43
2026-10-03 15:40:58,277 INFO iter=86400 epoch=13 lr=2.00e-04 G=4.869 advA2B=0.592 advB2A=0.499 cycA=0.118 cycB=0.134 idtA=0.124 idtB=0.128 D_A=0.156 D_B=0.129 D_A(real)=0.69 D_A(fake)=0.31 gnG=17.66 gnD=5.43 it_per_s=4.43
2026-10-03 15:41:20,734 INFO iter=86500 epoch=13 lr=2.00e-04 G=4.873 advA2B=0.595 advB2A=0.499 cycA=0.117 cycB=0.134 idtA=0.124 idtB=0.128 D_A=0.155 D_B=0.129 D_A(real)=0.69 D_A(fake)=0.31 gnG=17.60 gnD=5.44 it_per_s=4.43
2026-10-03 15:41:42,840 INFO iter=86600 epoch=13 lr=2.00e-04 G=4.869 advA2B=0.593 advB2A=0.499 cycA=0.117 cycB=0.134 idtA=0.124 idtB=0.128 D_A=0.154 D_B=0.129 D_A(real)=0.69 D_A(fake)=0.31 gnG=17.59 gnD=5.44 it_per_s=4.43
2026-10-03 15:42:05,557 INFO iter=86700 epoch=13 lr=2.00e-04 G=4.868 advA2B=0.592 advB2A=0.497 cycA=0.117 cycB=0.134 idtA=0.124 idtB=0.128 D_A=0.156 D_B=0.130 D_A(real)=0.69 D_A(fake)=0.31 gnG=17.51 gnD=5.45 it_per_s=4.43
2026-10-03 15:42:28,143 INFO iter=86800 epoch=13 lr=2.00e-04 G=4.861 advA2B=0.591 advB2A=0.497 cycA=0.117 cycB=0.134 idtA=0.124 idtB=0.128 D_A=0.155 D_B=0.130 D_A(real)=0.69 D_A(fake)=0.31 gnG=17.47 gnD=5.46 it_per_s=4.43
2026-10-03 15:42:50,506 INFO iter=86900 epoch=13 lr=2.00e-04 G=4.866 advA2B=0.590 advB2A=0.497 cycA=0.117 cycB=0.134 idtA=0.124 idtB=0.128 D_A=0.155 D_B=0.130 D_A(real)=0.69 D_A(fake)=0.31 gnG=17.58 gnD=5.45 it_per_s=4.43
2026-10-03 15:43:12,920 INFO iter=87000 epoch=13 lr=2.00e-04 G=4.864 advA2B=0.587 advB2A=0.498 cycA=0.117 cycB=0.134 idtA=0.125 idtB=0.128 D_A=0.156 D_B=0.130 D_A(real)=0.69 D_A(fake)=0.31 gnG=17.56 gnD=5.47 it_per_s=4.44
2026-10-03 15:43:35,372 INFO iter=87100 epoch=13 lr=2.00e-04 G=4.867 advA2B=0.588 advB2A=0.497 cycA=0.117 cycB=0.135 idtA=0.125 idtB=0.128 D_A=0.156 D_B=0.130 D_A(real)=0.69 D_A(fake)=0.31 gnG=17.56 gnD=5.47 it_per_s=4.44
2026-10-03 15:43:57,431 INFO iter=87200 epoch=13 lr=2.00e-04 G=4.870 advA2B=0.588 advB2A=0.499 cycA=0.117 cycB=0.134 idtA=0.125 idtB=0.128 D_A=0.155 D_B=0.130 D_A(real)=0.69 D_A(fake)=0.31 gnG=17.61 gnD=5.45 it_per_s=4.44
2026-10-03 15:44:19,695 INFO iter=87300 epoch=13 lr=2.00e-04 G=4.870 advA2B=0.588 advB2A=0.502 cycA=0.117 cycB=0.134 idtA=0.125 idtB=0.128 D_A=0.155 D_B=0.129 D_A(real)=0.69 D_A(fake)=0.31 gnG=17.66 gnD=5.45 it_per_s=4.44
2026-10-03 15:44:41,916 INFO iter=87400 epoch=13 lr=2.00e-04 G=4.867 advA2B=0.586 advB2A=0.501 cycA=0.117 cycB=0.134 idtA=0.125 idtB=0.128 D_A=0.155 D_B=0.130 D_A(real)=0.69 D_A(fake)=0.31 gnG=17.59 gnD=5.45 it_per_s=4.44
2026-10-03 15:45:04,336 INFO iter=87500 epoch=13 lr=2.00e-04 G=4.862 advA2B=0.583 advB2A=0.501 cycA=0.117 cycB=0.134 idtA=0.125 idtB=0.128 D_A=0.154 D_B=0.130 D_A(real)=0.69 D_A(fake)=0.31 gnG=17.54 gnD=5.44 it_per_s=4.44
2026-10-03 15:45:26,748 INFO iter=87600 epoch=13 lr=2.00e-04 G=4.860 advA2B=0.581 advB2A=0.501 cycA=0.117 cycB=0.134 idtA=0.125 idtB=0.128 D_A=0.154 D_B=0.130 D_A(real)=0.69 D_A(fake)=0.31 gnG=17.57 gnD=5.45 it_per_s=4.44
2026-10-03 15:45:48,780 INFO iter=87700 epoch=13 lr=2.00e-04 G=4.861 advA2B=0.584 advB2A=0.502 cycA=0.118 cycB=0.134 idtA=0.125 idtB=0.127 D_A=0.154 D_B=0.130 D_A(real)=0.69 D_A(fake)=0.31 gnG=17.60 gnD=5.45 it_per_s=4.45
2026-10-03 15:46:11,491 INFO iter=87800 epoch=13 lr=2.00e-04 G=4.858 advA2B=0.584 advB2A=0.503 cycA=0.117 cycB=0.134 idtA=0.125 idtB=0.127 D_A=0.153 D_B=0.130 D_A(real)=0.70 D_A(fake)=0.31 gnG=17.56 gnD=5.45 it_per_s=4.45
2026-10-03 15:46:34,205 INFO iter=87900 epoch=13 lr=2.00e-04 G=4.853 advA2B=0.581 advB2A=0.503 cycA=0.117 cycB=0.134 idtA=0.125 idtB=0.127 D_A=0.153 D_B=0.131 D_A(real)=0.70 D_A(fake)=0.30 gnG=17.58 gnD=5.44 it_per_s=4.44
2026-10-03 15:46:56,940 INFO iter=88000 epoch=13 lr=2.00e-04 G=4.853 advA2B=0.579 advB2A=0.504 cycA=0.117 cycB=0.134 idtA=0.125 idtB=0.127 D_A=0.152 D_B=0.131 D_A(real)=0.70 D_A(fake)=0.30 gnG=17.55 gnD=5.43 it_per_s=4.44
2026-10-03 15:47:19,711 INFO iter=88100 epoch=13 lr=2.00e-04 G=4.859 advA2B=0.581 advB2A=0.507 cycA=0.117 cycB=0.134 idtA=0.125 idtB=0.127 D_A=0.152 D_B=0.130 D_A(real)=0.70 D_A(fake)=0.30 gnG=17.63 gnD=5.43 it_per_s=4.44
2026-10-03 15:47:42,420 INFO iter=88200 epoch=13 lr=2.00e-04 G=4.860 advA2B=0.581 advB2A=0.508 cycA=0.117 cycB=0.134 idtA=0.125 idtB=0.127 D_A=0.151 D_B=0.130 D_A(real)=0.70 D_A(fake)=0.30 gnG=17.64 gnD=5.42 it_per_s=4.44
2026-10-03 15:48:05,087 INFO iter=88300 epoch=13 lr=2.00e-04 G=4.864 advA2B=0.582 advB2A=0.508 cycA=0.117 cycB=0.134 idtA=0.125 idtB=0.127 D_A=0.151 D_B=0.130 D_A(real)=0.70 D_A(fake)=0.30 gnG=17.70 gnD=5.42 it_per_s=4.44
2026-10-03 15:48:27,825 INFO iter=88400 epoch=13 lr=2.00e-04 G=4.863 advA2B=0.580 advB2A=0.508 cycA=0.117 cycB=0.134 idtA=0.124 idtB=0.128 D_A=0.151 D_B=0.130 D_A(real)=0.70 D_A(fake)=0.30 gnG=17.72 gnD=5.43 it_per_s=4.44
2026-10-03 15:48:50,496 INFO iter=88500 epoch=13 lr=2.00e-04 G=4.858 advA2B=0.580 advB2A=0.509 cycA=0.117 cycB=0.134 idtA=0.124 idtB=0.128 D_A=0.151 D_B=0.130 D_A(real)=0.70 D_A(fake)=0.30 gnG=17.74 gnD=5.43 it_per_s=4.44
2026-10-03 15:49:13,072 INFO iter=88600 epoch=13 lr=2.00e-04 G=4.855 advA2B=0.579 advB2A=0.509 cycA=0.117 cycB=0.134 idtA=0.124 idtB=0.127 D_A=0.151 D_B=0.130 D_A(real)=0.70 D_A(fake)=0.30 gnG=17.74 gnD=5.44 it_per_s=4.44
2026-10-03 15:49:35,832 INFO iter=88700 epoch=13 lr=2.00e-04 G=4.855 advA2B=0.582 advB2A=0.509 cycA=0.117 cycB=0.134 idtA=0.124 idtB=0.127 D_A=0.151 D_B=0.130 D_A(real)=0.70 D_A(fake)=0.30 gnG=17.69 gnD=5.43 it_per_s=4.44
2026-10-03 15:49:58,342 INFO iter=88800 epoch=13 lr=2.00e-04 G=4.854 advA2B=0.582 advB2A=0.510 cycA=0.117 cycB=0.134 idtA=0.124 idtB=0.127 D_A=0.151 D_B=0.130 D_A(real)=0.70 D_A(fake)=0.30 gnG=17.65 gnD=5.43 it_per_s=4.44
2026-10-03 15:50:21,073 INFO iter=88900 epoch=13 lr=2.00e-04 G=4.854 advA2B=0.581 advB2A=0.510 cycA=0.117 cycB=0.134 idtA=0.124 idtB=0.127 D_A=0.151 D_B=0.130 D_A(real)=0.70 D_A(fake)=0.30 gnG=17.63 gnD=5.43 it_per_s=4.44
2026-10-03 15:50:42,940 INFO iter=89000 epoch=13 lr=2.00e-04 G=4.851 advA2B=0.581 advB2A=0.510 cycA=0.117 cycB=0.133 idtA=0.124 idtB=0.127 D_A=0.151 D_B=0.130 D_A(real)=0.70 D_A(fake)=0.30 gnG=17.64 gnD=5.42 it_per_s=4.44
2026-10-03 15:51:05,501 INFO iter=89100 epoch=13 lr=2.00e-04 G=4.851 advA2B=0.582 advB2A=0.512 cycA=0.117 cycB=0.133 idtA=0.124 idtB=0.127 D_A=0.151 D_B=0.130 D_A(real)=0.70 D_A(fake)=0.30 gnG=17.65 gnD=5.42 it_per_s=4.44
2026-10-03 15:51:27,588 INFO iter=89200 epoch=13 lr=2.00e-04 G=4.853 advA2B=0.582 advB2A=0.513 cycA=0.117 cycB=0.133 idtA=0.124 idtB=0.127 D_A=0.151 D_B=0.130 D_A(real)=0.70 D_A(fake)=0.30 gnG=17.62 gnD=5.42 it_per_s=4.44
2026-10-03 15:51:49,590 INFO iter=89300 epoch=13 lr=2.00e-04 G=4.853 advA2B=0.585 advB2A=0.511 cycA=0.117 cycB=0.133 idtA=0.124 idtB=0.127 D_A=0.151 D_B=0.130 D_A(real)=0.70 D_A(fake)=0.30 gnG=17.66 gnD=5.43 it_per_s=4.44
2026-10-03 15:52:11,801 INFO iter=89400 epoch=13 lr=2.00e-04 G=4.851 advA2B=0.586 advB2A=0.511 cycA=0.117 cycB=0.133 idtA=0.124 idtB=0.127 D_A=0.151 D_B=0.129 D_A(real)=0.70 D_A(fake)=0.30 gnG=17.60 gnD=5.41 it_per_s=4.44
2026-10-03 15:52:34,367 INFO iter=89500 epoch=13 lr=2.00e-04 G=4.853 advA2B=0.588 advB2A=0.511 cycA=0.117 cycB=0.133 idtA=0.124 idtB=0.127 D_A=0.151 D_B=0.129 D_A(real)=0.70 D_A(fake)=0.30 gnG=17.56 gnD=5.41 it_per_s=4.44
2026-10-03 15:52:56,442 INFO iter=89600 epoch=13 lr=2.00e-04 G=4.855 advA2B=0.589 advB2A=0.512 cycA=0.117 cycB=0.133 idtA=0.124 idtB=0.127 D_A=0.151 D_B=0.128 D_A(real)=0.70 D_A(fake)=0.30 gnG=17.54 gnD=5.40 it_per_s=4.45
2026-10-03 15:53:19,323 INFO iter=89700 epoch=13 lr=2.00e-04 G=4.857 advA2B=0.590 advB2A=0.513 cycA=0.117 cycB=0.133 idtA=0.124 idtB=0.127 D_A=0.151 D_B=0.128 D_A(real)=0.70 D_A(fake)=0.30 gnG=17.52 gnD=5.39 it_per_s=4.44
2026-10-03 15:53:42,047 INFO iter=89800 epoch=13 lr=2.00e-04 G=4.855 advA2B=0.590 advB2A=0.513 cycA=0.117 cycB=0.133 idtA=0.124 idtB=0.127 D_A=0.151 D_B=0.128 D_A(real)=0.70 D_A(fake)=0.30 gnG=17.51 gnD=5.38 it_per_s=4.44
2026-10-03 15:54:04,826 INFO iter=89900 epoch=13 lr=2.00e-04 G=4.854 advA2B=0.589 advB2A=0.514 cycA=0.117 cycB=0.133 idtA=0.124 idtB=0.127 D_A=0.151 D_B=0.128 D_A(real)=0.70 D_A(fake)=0.30 gnG=17.48 gnD=5.37 it_per_s=4.44
2026-10-03 15:54:27,576 INFO iter=90000 epoch=13 lr=2.00e-04 G=4.854 advA2B=0.590 advB2A=0.515 cycA=0.116 cycB=0.133 idtA=0.124 idtB=0.127 D_A=0.150 D_B=0.128 D_A(real)=0.70 D_A(fake)=0.30 gnG=17.49 gnD=5.37 it_per_s=4.44
2026-10-03 15:54:50,271 INFO iter=90100 epoch=13 lr=2.00e-04 G=4.854 advA2B=0.588 advB2A=0.515 cycA=0.117 cycB=0.133 idtA=0.124 idtB=0.127 D_A=0.150 D_B=0.128 D_A(real)=0.70 D_A(fake)=0.30 gnG=17.50 gnD=5.37 it_per_s=4.44
2026-10-03 15:55:12,836 INFO iter=90200 epoch=13 lr=2.00e-04 G=4.853 advA2B=0.589 advB2A=0.514 cycA=0.116 cycB=0.133 idtA=0.124 idtB=0.127 D_A=0.151 D_B=0.128 D_A(real)=0.70 D_A(fake)=0.30 gnG=17.54 gnD=5.37 it_per_s=4.44
2026-10-03 15:55:35,377 INFO iter=90300 epoch=13 lr=2.00e-04 G=4.858 advA2B=0.589 advB2A=0.515 cycA=0.117 cycB=0.134 idtA=0.124 idtB=0.127 D_A=0.151 D_B=0.128 D_A(real)=0.70 D_A(fake)=0.30 gnG=17.58 gnD=5.37 it_per_s=4.44
2026-10-03 15:55:57,563 INFO iter=90400 epoch=13 lr=2.00e-04 G=4.860 advA2B=0.590 advB2A=0.515 cycA=0.117 cycB=0.134 idtA=0.124 idtB=0.127 D_A=0.151 D_B=0.128 D_A(real)=0.70 D_A(fake)=0.30 gnG=17.58 gnD=5.37 it_per_s=4.44
2026-10-03 15:56:19,991 INFO iter=90500 epoch=13 lr=2.00e-04 G=4.859 advA2B=0.591 advB2A=0.515 cycA=0.116 cycB=0.134 idtA=0.124 idtB=0.127 D_A=0.151 D_B=0.127 D_A(real)=0.70 D_A(fake)=0.30 gnG=17.54 gnD=5.38 it_per_s=4.44
2026-10-03 15:56:42,379 INFO iter=90600 epoch=13 lr=2.00e-04 G=4.857 advA2B=0.591 advB2A=0.515 cycA=0.116 cycB=0.134 idtA=0.123 idtB=0.127 D_A=0.151 D_B=0.127 D_A(real)=0.70 D_A(fake)=0.30 gnG=17.53 gnD=5.38 it_per_s=4.44
2026-10-03 15:57:04,853 INFO iter=90700 epoch=13 lr=2.00e-04 G=4.857 advA2B=0.591 advB2A=0.515 cycA=0.116 cycB=0.134 idtA=0.123 idtB=0.127 D_A=0.151 D_B=0.127 D_A(real)=0.70 D_A(fake)=0.30 gnG=17.54 gnD=5.39 it_per_s=4.44
2026-10-03 15:57:27,708 INFO iter=90800 epoch=13 lr=2.00e-04 G=4.856 advA2B=0.592 advB2A=0.515 cycA=0.116 cycB=0.133 idtA=0.123 idtB=0.127 D_A=0.151 D_B=0.127 D_A(real)=0.70 D_A(fake)=0.30 gnG=17.52 gnD=5.39 it_per_s=4.44
2026-10-03 15:57:50,191 INFO iter=90900 epoch=13 lr=2.00e-04 G=4.856 advA2B=0.591 advB2A=0.515 cycA=0.116 cycB=0.133 idtA=0.123 idtB=0.127 D_A=0.151 D_B=0.127 D_A(real)=0.70 D_A(fake)=0.30 gnG=17.50 gnD=5.39 it_per_s=4.44
2026-10-03 15:58:12,746 INFO iter=91000 epoch=13 lr=2.00e-04 G=4.855 advA2B=0.591 advB2A=0.515 cycA=0.116 cycB=0.133 idtA=0.123 idtB=0.127 D_A=0.151 D_B=0.127 D_A(real)=0.70 D_A(fake)=0.30 gnG=17.47 gnD=5.39 it_per_s=4.44
2026-10-03 15:58:35,422 INFO iter=91100 epoch=13 lr=2.00e-04 G=4.855 advA2B=0.591 advB2A=0.515 cycA=0.116 cycB=0.134 idtA=0.123 idtB=0.127 D_A=0.151 D_B=0.127 D_A(real)=0.70 D_A(fake)=0.30 gnG=17.46 gnD=5.39 it_per_s=4.44
2026-10-03 15:58:58,100 INFO iter=91200 epoch=13 lr=2.00e-04 G=4.858 advA2B=0.592 advB2A=0.514 cycA=0.116 cycB=0.134 idtA=0.123 idtB=0.127 D_A=0.151 D_B=0.127 D_A(real)=0.70 D_A(fake)=0.30 gnG=17.49 gnD=5.39 it_per_s=4.44
2026-10-03 15:59:20,744 INFO iter=91300 epoch=13 lr=2.00e-04 G=4.858 advA2B=0.592 advB2A=0.515 cycA=0.116 cycB=0.134 idtA=0.123 idtB=0.127 D_A=0.151 D_B=0.127 D_A(real)=0.70 D_A(fake)=0.30 gnG=17.49 gnD=5.39 it_per_s=4.44
2026-10-03 15:59:43,403 INFO iter=91400 epoch=13 lr=2.00e-04 G=4.859 advA2B=0.592 advB2A=0.515 cycA=0.116 cycB=0.134 idtA=0.123 idtB=0.127 D_A=0.151 D_B=0.127 D_A(real)=0.70 D_A(fake)=0.30 gnG=17.51 gnD=5.39 it_per_s=4.44
2026-10-03 16:00:04,659 INFO epoch=13 done time_s=1585 it_per_s=4.44 G=4.858 cycA=0.117 cycB=0.134 idtA=0.123 idtB=0.127 D_A=0.151 D_B=0.127 D_A(real)=0.70 D_A(fake)=0.30 nan_count=0
2026-10-03 16:00:06,616 INFO iter=91500 epoch=14 lr=2.00e-04 G=4.714 advA2B=0.617 advB2A=0.691 cycA=0.118 cycB=0.108 idtA=0.107 idtB=0.122 D_A=0.116 D_B=0.123 D_A(real)=0.69 D_A(fake)=0.23 gnG=18.75 gnD=5.87 it_per_s=4.33
2026-10-03 16:00:29,354 INFO iter=91600 epoch=14 lr=2.00e-04 G=4.911 advA2B=0.618 advB2A=0.566 cycA=0.119 cycB=0.128 idtA=0.124 idtB=0.127 D_A=0.142 D_B=0.120 D_A(real)=0.72 D_A(fake)=0.29 gnG=18.62 gnD=5.25 it_per_s=4.39
2026-10-03 16:00:52,085 INFO iter=91700 epoch=14 lr=2.00e-04 G=4.797 advA2B=0.638 advB2A=0.499 cycA=0.117 cycB=0.125 idtA=0.125 idtB=0.124 D_A=0.145 D_B=0.116 D_A(real)=0.71 D_A(fake)=0.29 gnG=18.19 gnD=5.10 it_per_s=4.40
2026-10-03 16:01:14,977 INFO iter=91800 epoch=14 lr=2.00e-04 G=4.803 advA2B=0.637 advB2A=0.519 cycA=0.116 cycB=0.125 idtA=0.122 idtB=0.125 D_A=0.142 D_B=0.120 D_A(real)=0.71 D_A(fake)=0.29 gnG=18.45 gnD=5.20 it_per_s=4.39
2026-10-03 16:01:37,694 INFO iter=91900 epoch=14 lr=2.00e-04 G=4.829 advA2B=0.625 advB2A=0.530 cycA=0.117 cycB=0.127 idtA=0.123 idtB=0.125 D_A=0.146 D_B=0.119 D_A(real)=0.71 D_A(fake)=0.29 gnG=18.30 gnD=5.29 it_per_s=4.39
2026-10-03 16:02:00,386 INFO iter=92000 epoch=14 lr=2.00e-04 G=4.865 advA2B=0.633 advB2A=0.523 cycA=0.117 cycB=0.130 idtA=0.122 idtB=0.126 D_A=0.144 D_B=0.116 D_A(real)=0.71 D_A(fake)=0.29 gnG=18.55 gnD=5.22 it_per_s=4.39
2026-10-03 16:02:23,119 INFO iter=92100 epoch=14 lr=2.00e-04 G=4.896 advA2B=0.627 advB2A=0.529 cycA=0.117 cycB=0.132 idtA=0.122 idtB=0.128 D_A=0.143 D_B=0.118 D_A(real)=0.72 D_A(fake)=0.28 gnG=18.44 gnD=5.24 it_per_s=4.39
2026-10-03 16:02:45,833 INFO iter=92200 epoch=14 lr=2.00e-04 G=4.864 advA2B=0.620 advB2A=0.516 cycA=0.116 cycB=0.132 idtA=0.122 idtB=0.127 D_A=0.148 D_B=0.120 D_A(real)=0.71 D_A(fake)=0.29 gnG=18.35 gnD=5.34 it_per_s=4.40
2026-10-03 16:03:08,562 INFO iter=92300 epoch=14 lr=2.00e-04 G=4.847 advA2B=0.613 advB2A=0.513 cycA=0.116 cycB=0.132 idtA=0.121 idtB=0.127 D_A=0.147 D_B=0.119 D_A(real)=0.71 D_A(fake)=0.29 gnG=18.00 gnD=5.34 it_per_s=4.40
2026-10-03 16:03:31,365 INFO iter=92400 epoch=14 lr=2.00e-04 G=4.841 advA2B=0.606 advB2A=0.510 cycA=0.115 cycB=0.133 idtA=0.121 idtB=0.128 D_A=0.148 D_B=0.122 D_A(real)=0.71 D_A(fake)=0.29 gnG=17.92 gnD=5.43 it_per_s=4.40
2026-10-03 16:03:54,395 INFO iter=92500 epoch=14 lr=2.00e-04 G=4.822 advA2B=0.603 advB2A=0.507 cycA=0.115 cycB=0.132 idtA=0.121 idtB=0.127 D_A=0.148 D_B=0.124 D_A(real)=0.71 D_A(fake)=0.29 gnG=17.71 gnD=5.44 it_per_s=4.39
2026-10-03 16:04:17,092 INFO iter=92600 epoch=14 lr=2.00e-04 G=4.807 advA2B=0.605 advB2A=0.503 cycA=0.115 cycB=0.132 idtA=0.121 idtB=0.127 D_A=0.149 D_B=0.123 D_A(real)=0.71 D_A(fake)=0.29 gnG=17.54 gnD=5.42 it_per_s=4.39
2026-10-03 16:04:39,767 INFO iter=92700 epoch=14 lr=2.00e-04 G=4.823 advA2B=0.609 advB2A=0.509 cycA=0.115 cycB=0.132 idtA=0.121 idtB=0.127 D_A=0.148 D_B=0.123 D_A(real)=0.71 D_A(fake)=0.29 gnG=17.51 gnD=5.40 it_per_s=4.39
