2026-10-03 04:10:46,284 INFO run_id=full_run03 config=task3_gan/member_chaitanya/configs/full_run03.yaml
2026-10-03 04:10:46,284 INFO config={"run_id": "full_run03", "seed": 1337, "data": {"monet_dir": "task3_gan/data/monet_jpg", "photo_dir": "task3_gan/data/photo_jpg", "load_size": 286, "crop_size": 256, "hflip": true, "num_workers": 4}, "model": {"ngf": 64, "n_res_blocks": 9, "n_downsampling": 2, "upsampling": "nearest_conv", "ndf": 64, "norm": "instance", "init_std": 0.02, "g_attention": true, "d_attention": true, "spectral_norm_g": false, "spectral_norm_d": true}, "loss": {"adversarial": "lsgan", "lambda_cycle": 10.0, "lambda_identity": 5.0, "d_loss_scale": 0.5}, "training": {"batch_size": 1, "epochs": 40, "constant_lr_epochs": 20, "lr_g": 0.0002, "lr_d": 0.0002, "betas": [0.5, 0.999], "pool_size": 50, "precision": "fp32", "cudnn_benchmark": true, "diffaugment_monet_d": true, "diffaugment_photo_d": true, "log_every_iters": 100, "grid_every_epochs": 1, "checkpoint_every_epochs": 5, "num_fixed_samples": 4}}
2026-10-03 04:10:46,307 INFO hardware=GPU: NVIDIA GeForce RTX 4090; CPU: AMD64 Family 25 Model 97 Stepping 2, AuthenticAMD torch=2.11.0+cu128
2026-10-03 04:10:46,307 INFO photos=7038 monets=300 iters_per_epoch=7038 total_iters=281520 params={"G_A2B": 11460420, "G_B2A": 11460420, "D_A": 2785378, "D_B": 2785378}
2026-10-03 04:11:26,874 INFO iter=100 epoch=1 lr=2.00e-04 G=11.844 advA2B=0.429 advB2A=0.454 cycA=0.352 cycB=0.395 idtA=0.333 idtB=0.364 D_A=0.381 D_B=0.385 D_A(real)=0.53 D_A(fake)=0.46 gnG=91.58 gnD=13.06 it_per_s=2.47
2026-10-03 04:11:41,082 INFO iter=200 epoch=1 lr=2.00e-04 G=10.878 advA2B=0.370 advB2A=0.422 cycA=0.335 cycB=0.353 idtA=0.316 idtB=0.327 D_A=0.315 D_B=0.320 D_A(real)=0.56 D_A(fake)=0.44 gnG=80.75 gnD=11.03 it_per_s=3.65
2026-10-03 04:11:55,317 INFO iter=300 epoch=1 lr=2.00e-04 G=10.671 advA2B=0.374 advB2A=0.413 cycA=0.330 cycB=0.343 idtA=0.310 idtB=0.320 D_A=0.283 D_B=0.296 D_A(real)=0.58 D_A(fake)=0.43 gnG=80.25 gnD=10.65 it_per_s=4.35
2026-10-03 04:12:09,563 INFO iter=400 epoch=1 lr=2.00e-04 G=10.526 advA2B=0.367 advB2A=0.428 cycA=0.323 cycB=0.339 idtA=0.305 idtB=0.317 D_A=0.260 D_B=0.286 D_A(real)=0.60 D_A(fake)=0.41 gnG=76.19 gnD=10.48 it_per_s=4.80
2026-10-03 04:12:25,005 INFO iter=500 epoch=1 lr=2.00e-04 G=10.313 advA2B=0.358 advB2A=0.432 cycA=0.315 cycB=0.333 idtA=0.298 idtB=0.310 D_A=0.244 D_B=0.276 D_A(real)=0.61 D_A(fake)=0.39 gnG=72.38 gnD=10.22 it_per_s=5.07
2026-10-03 04:12:40,481 INFO iter=600 epoch=1 lr=2.00e-04 G=10.064 advA2B=0.353 advB2A=0.427 cycA=0.309 cycB=0.324 idtA=0.290 idtB=0.301 D_A=0.239 D_B=0.269 D_A(real)=0.62 D_A(fake)=0.39 gnG=70.06 gnD=10.12 it_per_s=5.26
2026-10-03 04:12:55,723 INFO iter=700 epoch=1 lr=2.00e-04 G=9.939 advA2B=0.350 advB2A=0.451 cycA=0.306 cycB=0.317 idtA=0.289 idtB=0.292 D_A=0.230 D_B=0.263 D_A(real)=0.63 D_A(fake)=0.38 gnG=68.46 gnD=10.03 it_per_s=5.41
2026-10-03 04:13:10,965 INFO iter=800 epoch=1 lr=2.00e-04 G=9.804 advA2B=0.351 advB2A=0.476 cycA=0.300 cycB=0.313 idtA=0.282 idtB=0.288 D_A=0.220 D_B=0.259 D_A(real)=0.64 D_A(fake)=0.37 gnG=65.98 gnD=10.02 it_per_s=5.53
2026-10-03 04:13:26,327 INFO iter=900 epoch=1 lr=2.00e-04 G=9.667 advA2B=0.353 advB2A=0.473 cycA=0.295 cycB=0.309 idtA=0.278 idtB=0.284 D_A=0.214 D_B=0.256 D_A(real)=0.65 D_A(fake)=0.36 gnG=64.15 gnD=10.04 it_per_s=5.62
2026-10-03 04:13:41,034 INFO iter=1000 epoch=1 lr=2.00e-04 G=9.701 advA2B=0.379 advB2A=0.488 cycA=0.295 cycB=0.308 idtA=0.276 idtB=0.285 D_A=0.208 D_B=0.250 D_A(real)=0.66 D_A(fake)=0.35 gnG=63.54 gnD=10.14 it_per_s=5.72
2026-10-03 04:13:55,328 INFO iter=1100 epoch=1 lr=2.00e-04 G=9.751 advA2B=0.387 advB2A=0.502 cycA=0.297 cycB=0.308 idtA=0.278 idtB=0.285 D_A=0.201 D_B=0.243 D_A(real)=0.67 D_A(fake)=0.34 gnG=63.34 gnD=10.14 it_per_s=5.82
2026-10-03 04:14:09,607 INFO iter=1200 epoch=1 lr=2.00e-04 G=9.882 advA2B=0.393 advB2A=0.518 cycA=0.302 cycB=0.311 idtA=0.282 idtB=0.287 D_A=0.193 D_B=0.240 D_A(real)=0.68 D_A(fake)=0.33 gnG=64.12 gnD=10.17 it_per_s=5.90
2026-10-03 04:14:23,865 INFO iter=1300 epoch=1 lr=2.00e-04 G=10.005 advA2B=0.413 advB2A=0.544 cycA=0.305 cycB=0.313 idtA=0.285 idtB=0.289 D_A=0.185 D_B=0.234 D_A(real)=0.69 D_A(fake)=0.31 gnG=64.62 gnD=10.21 it_per_s=5.98
2026-10-03 04:14:38,060 INFO iter=1400 epoch=1 lr=2.00e-04 G=10.013 advA2B=0.418 advB2A=0.564 cycA=0.305 cycB=0.312 idtA=0.286 idtB=0.288 D_A=0.179 D_B=0.229 D_A(real)=0.70 D_A(fake)=0.30 gnG=64.55 gnD=10.25 it_per_s=6.04
2026-10-03 04:14:52,263 INFO iter=1500 epoch=1 lr=2.00e-04 G=10.006 advA2B=0.423 advB2A=0.570 cycA=0.303 cycB=0.312 idtA=0.284 idtB=0.288 D_A=0.173 D_B=0.225 D_A(real)=0.71 D_A(fake)=0.29 gnG=64.61 gnD=10.25 it_per_s=6.10
2026-10-03 04:15:06,508 INFO iter=1600 epoch=1 lr=2.00e-04 G=10.027 advA2B=0.432 advB2A=0.577 cycA=0.303 cycB=0.313 idtA=0.284 idtB=0.288 D_A=0.168 D_B=0.220 D_A(real)=0.72 D_A(fake)=0.29 gnG=64.82 gnD=10.25 it_per_s=6.15
2026-10-03 04:15:20,713 INFO iter=1700 epoch=1 lr=2.00e-04 G=10.066 advA2B=0.445 advB2A=0.592 cycA=0.304 cycB=0.313 idtA=0.285 idtB=0.288 D_A=0.162 D_B=0.215 D_A(real)=0.73 D_A(fake)=0.28 gnG=64.53 gnD=10.22 it_per_s=6.20
2026-10-03 04:15:34,959 INFO iter=1800 epoch=1 lr=2.00e-04 G=10.081 advA2B=0.455 advB2A=0.601 cycA=0.303 cycB=0.313 idtA=0.285 idtB=0.288 D_A=0.158 D_B=0.209 D_A(real)=0.74 D_A(fake)=0.27 gnG=64.73 gnD=10.23 it_per_s=6.24
2026-10-03 04:15:49,244 INFO iter=1900 epoch=1 lr=2.00e-04 G=10.084 advA2B=0.455 advB2A=0.608 cycA=0.302 cycB=0.313 idtA=0.285 idtB=0.288 D_A=0.157 D_B=0.207 D_A(real)=0.74 D_A(fake)=0.27 gnG=64.67 gnD=10.28 it_per_s=6.27
2026-10-03 04:16:03,600 INFO iter=2000 epoch=1 lr=2.00e-04 G=10.067 advA2B=0.462 advB2A=0.614 cycA=0.302 cycB=0.312 idtA=0.285 idtB=0.287 D_A=0.153 D_B=0.203 D_A(real)=0.75 D_A(fake)=0.26 gnG=64.55 gnD=10.26 it_per_s=6.30
2026-10-03 04:16:17,846 INFO iter=2100 epoch=1 lr=2.00e-04 G=10.060 advA2B=0.470 advB2A=0.618 cycA=0.301 cycB=0.311 idtA=0.284 idtB=0.286 D_A=0.150 D_B=0.199 D_A(real)=0.75 D_A(fake)=0.26 gnG=64.79 gnD=10.25 it_per_s=6.33
2026-10-03 04:16:32,095 INFO iter=2200 epoch=1 lr=2.00e-04 G=10.081 advA2B=0.480 advB2A=0.616 cycA=0.302 cycB=0.311 idtA=0.285 idtB=0.286 D_A=0.150 D_B=0.195 D_A(real)=0.75 D_A(fake)=0.26 gnG=64.85 gnD=10.28 it_per_s=6.36
2026-10-03 04:16:46,388 INFO iter=2300 epoch=1 lr=2.00e-04 G=10.122 advA2B=0.493 advB2A=0.612 cycA=0.302 cycB=0.312 idtA=0.286 idtB=0.288 D_A=0.150 D_B=0.190 D_A(real)=0.75 D_A(fake)=0.26 gnG=65.18 gnD=10.30 it_per_s=6.39
2026-10-03 04:17:00,587 INFO iter=2400 epoch=1 lr=2.00e-04 G=10.184 advA2B=0.509 advB2A=0.615 cycA=0.303 cycB=0.315 idtA=0.286 idtB=0.291 D_A=0.148 D_B=0.185 D_A(real)=0.75 D_A(fake)=0.25 gnG=65.85 gnD=10.24 it_per_s=6.41
2026-10-03 04:17:14,908 INFO iter=2500 epoch=1 lr=2.00e-04 G=10.207 advA2B=0.522 advB2A=0.617 cycA=0.304 cycB=0.315 idtA=0.287 idtB=0.290 D_A=0.146 D_B=0.180 D_A(real)=0.76 D_A(fake)=0.25 gnG=66.16 gnD=10.17 it_per_s=6.43
2026-10-03 04:17:29,130 INFO iter=2600 epoch=1 lr=2.00e-04 G=10.273 advA2B=0.532 advB2A=0.619 cycA=0.306 cycB=0.316 idtA=0.289 idtB=0.291 D_A=0.145 D_B=0.176 D_A(real)=0.76 D_A(fake)=0.25 gnG=68.07 gnD=10.16 it_per_s=6.45
2026-10-03 04:17:43,276 INFO iter=2700 epoch=1 lr=2.00e-04 G=10.325 advA2B=0.543 advB2A=0.629 cycA=0.307 cycB=0.317 idtA=0.291 idtB=0.291 D_A=0.142 D_B=0.171 D_A(real)=0.76 D_A(fake)=0.24 gnG=68.08 gnD=10.08 it_per_s=6.48
2026-10-03 04:17:57,526 INFO iter=2800 epoch=1 lr=2.00e-04 G=10.412 advA2B=0.553 advB2A=0.638 cycA=0.309 cycB=0.320 idtA=0.293 idtB=0.294 D_A=0.139 D_B=0.168 D_A(real)=0.77 D_A(fake)=0.24 gnG=68.34 gnD=10.04 it_per_s=6.49
2026-10-03 04:18:11,963 INFO iter=2900 epoch=1 lr=2.00e-04 G=10.426 advA2B=0.561 advB2A=0.645 cycA=0.309 cycB=0.319 idtA=0.293 idtB=0.294 D_A=0.136 D_B=0.165 D_A(real)=0.77 D_A(fake)=0.23 gnG=68.24 gnD=9.99 it_per_s=6.51
2026-10-03 04:18:26,154 INFO iter=3000 epoch=1 lr=2.00e-04 G=10.434 advA2B=0.567 advB2A=0.649 cycA=0.309 cycB=0.320 idtA=0.294 idtB=0.293 D_A=0.135 D_B=0.162 D_A(real)=0.78 D_A(fake)=0.23 gnG=68.43 gnD=9.98 it_per_s=6.52
2026-10-03 04:18:40,322 INFO iter=3100 epoch=1 lr=2.00e-04 G=10.452 advA2B=0.570 advB2A=0.655 cycA=0.309 cycB=0.320 idtA=0.294 idtB=0.293 D_A=0.132 D_B=0.160 D_A(real)=0.78 D_A(fake)=0.23 gnG=68.99 gnD=9.95 it_per_s=6.54
2026-10-03 04:18:54,557 INFO iter=3200 epoch=1 lr=2.00e-04 G=10.466 advA2B=0.568 advB2A=0.661 cycA=0.309 cycB=0.321 idtA=0.294 idtB=0.293 D_A=0.130 D_B=0.159 D_A(real)=0.79 D_A(fake)=0.22 gnG=69.48 gnD=9.92 it_per_s=6.55
2026-10-03 04:19:08,794 INFO iter=3300 epoch=1 lr=2.00e-04 G=10.469 advA2B=0.563 advB2A=0.664 cycA=0.309 cycB=0.321 idtA=0.294 idtB=0.294 D_A=0.128 D_B=0.159 D_A(real)=0.79 D_A(fake)=0.22 gnG=70.03 gnD=9.94 it_per_s=6.57
2026-10-03 04:19:23,026 INFO iter=3400 epoch=1 lr=2.00e-04 G=10.467 advA2B=0.562 advB2A=0.672 cycA=0.308 cycB=0.321 idtA=0.294 idtB=0.293 D_A=0.127 D_B=0.158 D_A(real)=0.79 D_A(fake)=0.21 gnG=69.67 gnD=9.92 it_per_s=6.58
2026-10-03 04:19:37,278 INFO iter=3500 epoch=1 lr=2.00e-04 G=10.461 advA2B=0.562 advB2A=0.679 cycA=0.308 cycB=0.321 idtA=0.294 idtB=0.293 D_A=0.124 D_B=0.159 D_A(real)=0.80 D_A(fake)=0.21 gnG=69.28 gnD=9.90 it_per_s=6.59
2026-10-03 04:19:51,378 INFO iter=3600 epoch=1 lr=2.00e-04 G=10.436 advA2B=0.561 advB2A=0.685 cycA=0.307 cycB=0.319 idtA=0.293 idtB=0.292 D_A=0.122 D_B=0.158 D_A(real)=0.80 D_A(fake)=0.21 gnG=69.00 gnD=9.84 it_per_s=6.60
2026-10-03 04:20:05,436 INFO iter=3700 epoch=1 lr=2.00e-04 G=10.399 advA2B=0.559 advB2A=0.691 cycA=0.306 cycB=0.318 idtA=0.292 idtB=0.290 D_A=0.119 D_B=0.158 D_A(real)=0.80 D_A(fake)=0.20 gnG=68.72 gnD=9.81 it_per_s=6.62
2026-10-03 04:20:19,503 INFO iter=3800 epoch=1 lr=2.00e-04 G=10.419 advA2B=0.563 advB2A=0.696 cycA=0.306 cycB=0.318 idtA=0.293 idtB=0.290 D_A=0.117 D_B=0.157 D_A(real)=0.81 D_A(fake)=0.20 gnG=68.86 gnD=9.80 it_per_s=6.63
2026-10-03 04:20:33,516 INFO iter=3900 epoch=1 lr=2.00e-04 G=10.420 advA2B=0.567 advB2A=0.701 cycA=0.306 cycB=0.318 idtA=0.292 idtB=0.290 D_A=0.116 D_B=0.156 D_A(real)=0.81 D_A(fake)=0.19 gnG=68.74 gnD=9.76 it_per_s=6.64
2026-10-03 04:20:47,569 INFO iter=4000 epoch=1 lr=2.00e-04 G=10.427 advA2B=0.576 advB2A=0.707 cycA=0.306 cycB=0.318 idtA=0.292 idtB=0.290 D_A=0.114 D_B=0.154 D_A(real)=0.81 D_A(fake)=0.19 gnG=68.50 gnD=9.70 it_per_s=6.65
2026-10-03 04:21:01,388 INFO iter=4100 epoch=1 lr=2.00e-04 G=10.407 advA2B=0.579 advB2A=0.714 cycA=0.305 cycB=0.317 idtA=0.291 idtB=0.289 D_A=0.112 D_B=0.152 D_A(real)=0.82 D_A(fake)=0.19 gnG=68.09 gnD=9.63 it_per_s=6.67
2026-10-03 04:21:15,586 INFO iter=4200 epoch=1 lr=2.00e-04 G=10.377 advA2B=0.576 advB2A=0.717 cycA=0.304 cycB=0.315 idtA=0.291 idtB=0.287 D_A=0.110 D_B=0.153 D_A(real)=0.82 D_A(fake)=0.18 gnG=67.98 gnD=9.62 it_per_s=6.67
2026-10-03 04:21:29,364 INFO iter=4300 epoch=1 lr=2.00e-04 G=10.356 advA2B=0.571 advB2A=0.720 cycA=0.304 cycB=0.314 idtA=0.291 idtB=0.286 D_A=0.109 D_B=0.154 D_A(real)=0.82 D_A(fake)=0.18 gnG=67.76 gnD=9.60 it_per_s=6.69
2026-10-03 04:21:43,662 INFO iter=4400 epoch=1 lr=2.00e-04 G=10.335 advA2B=0.570 advB2A=0.724 cycA=0.303 cycB=0.313 idtA=0.290 idtB=0.285 D_A=0.107 D_B=0.154 D_A(real)=0.83 D_A(fake)=0.18 gnG=67.51 gnD=9.56 it_per_s=6.69
2026-10-03 04:21:57,439 INFO iter=4500 epoch=1 lr=2.00e-04 G=10.318 advA2B=0.571 advB2A=0.730 cycA=0.302 cycB=0.312 idtA=0.290 idtB=0.285 D_A=0.105 D_B=0.153 D_A(real)=0.83 D_A(fake)=0.18 gnG=67.22 gnD=9.53 it_per_s=6.71
2026-10-03 04:22:11,713 INFO iter=4600 epoch=1 lr=2.00e-04 G=10.292 advA2B=0.569 advB2A=0.736 cycA=0.301 cycB=0.311 idtA=0.289 idtB=0.284 D_A=0.104 D_B=0.154 D_A(real)=0.83 D_A(fake)=0.17 gnG=66.98 gnD=9.51 it_per_s=6.71
2026-10-03 04:22:25,435 INFO iter=4700 epoch=1 lr=2.00e-04 G=10.255 advA2B=0.568 advB2A=0.739 cycA=0.300 cycB=0.310 idtA=0.288 idtB=0.282 D_A=0.102 D_B=0.154 D_A(real)=0.83 D_A(fake)=0.17 gnG=66.77 gnD=9.48 it_per_s=6.72
2026-10-03 04:22:39,595 INFO iter=4800 epoch=1 lr=2.00e-04 G=10.230 advA2B=0.563 advB2A=0.742 cycA=0.300 cycB=0.309 idtA=0.288 idtB=0.281 D_A=0.101 D_B=0.155 D_A(real)=0.84 D_A(fake)=0.17 gnG=66.77 gnD=9.47 it_per_s=6.73
2026-10-03 04:22:53,789 INFO iter=4900 epoch=1 lr=2.00e-04 G=10.204 advA2B=0.562 advB2A=0.745 cycA=0.299 cycB=0.308 idtA=0.287 idtB=0.280 D_A=0.100 D_B=0.156 D_A(real)=0.84 D_A(fake)=0.17 gnG=66.53 gnD=9.44 it_per_s=6.74
2026-10-03 04:23:08,126 INFO iter=5000 epoch=1 lr=2.00e-04 G=10.174 advA2B=0.560 advB2A=0.748 cycA=0.298 cycB=0.306 idtA=0.286 idtB=0.279 D_A=0.099 D_B=0.156 D_A(real)=0.84 D_A(fake)=0.16 gnG=66.32 gnD=9.43 it_per_s=6.74
2026-10-03 04:23:22,321 INFO iter=5100 epoch=1 lr=2.00e-04 G=10.142 advA2B=0.558 advB2A=0.751 cycA=0.297 cycB=0.305 idtA=0.285 idtB=0.278 D_A=0.098 D_B=0.156 D_A(real)=0.84 D_A(fake)=0.16 gnG=66.03 gnD=9.41 it_per_s=6.75
2026-10-03 04:23:36,497 INFO iter=5200 epoch=1 lr=2.00e-04 G=10.112 advA2B=0.557 advB2A=0.753 cycA=0.296 cycB=0.304 idtA=0.284 idtB=0.277 D_A=0.097 D_B=0.156 D_A(real)=0.84 D_A(fake)=0.16 gnG=65.89 gnD=9.40 it_per_s=6.75
2026-10-03 04:23:50,483 INFO iter=5300 epoch=1 lr=2.00e-04 G=10.076 advA2B=0.554 advB2A=0.753 cycA=0.295 cycB=0.303 idtA=0.283 idtB=0.276 D_A=0.097 D_B=0.157 D_A(real)=0.84 D_A(fake)=0.16 gnG=65.65 gnD=9.40 it_per_s=6.76
2026-10-03 04:24:04,431 INFO iter=5400 epoch=1 lr=2.00e-04 G=10.056 advA2B=0.553 advB2A=0.756 cycA=0.294 cycB=0.302 idtA=0.282 idtB=0.275 D_A=0.096 D_B=0.158 D_A(real)=0.85 D_A(fake)=0.16 gnG=65.54 gnD=9.38 it_per_s=6.77
2026-10-03 04:24:18,530 INFO iter=5500 epoch=1 lr=2.00e-04 G=10.032 advA2B=0.552 advB2A=0.758 cycA=0.293 cycB=0.301 idtA=0.282 idtB=0.274 D_A=0.095 D_B=0.158 D_A(real)=0.85 D_A(fake)=0.16 gnG=65.34 gnD=9.36 it_per_s=6.77
2026-10-03 04:24:32,416 INFO iter=5600 epoch=1 lr=2.00e-04 G=10.015 advA2B=0.552 advB2A=0.761 cycA=0.292 cycB=0.301 idtA=0.281 idtB=0.274 D_A=0.094 D_B=0.158 D_A(real)=0.85 D_A(fake)=0.16 gnG=65.32 gnD=9.34 it_per_s=6.78
2026-10-03 04:24:46,736 INFO iter=5700 epoch=1 lr=2.00e-04 G=10.029 advA2B=0.551 advB2A=0.764 cycA=0.292 cycB=0.301 idtA=0.281 idtB=0.274 D_A=0.093 D_B=0.158 D_A(real)=0.85 D_A(fake)=0.15 gnG=65.42 gnD=9.31 it_per_s=6.78
2026-10-03 04:25:00,642 INFO iter=5800 epoch=1 lr=2.00e-04 G=10.032 advA2B=0.550 advB2A=0.768 cycA=0.293 cycB=0.301 idtA=0.282 idtB=0.274 D_A=0.092 D_B=0.158 D_A(real)=0.85 D_A(fake)=0.15 gnG=65.18 gnD=9.28 it_per_s=6.79
2026-10-03 04:25:14,869 INFO iter=5900 epoch=1 lr=2.00e-04 G=10.031 advA2B=0.549 advB2A=0.772 cycA=0.293 cycB=0.301 idtA=0.282 idtB=0.273 D_A=0.091 D_B=0.158 D_A(real)=0.85 D_A(fake)=0.15 gnG=64.98 gnD=9.24 it_per_s=6.79
2026-10-03 04:25:28,678 INFO iter=6000 epoch=1 lr=2.00e-04 G=10.024 advA2B=0.548 advB2A=0.774 cycA=0.292 cycB=0.301 idtA=0.282 idtB=0.273 D_A=0.090 D_B=0.158 D_A(real)=0.86 D_A(fake)=0.15 gnG=64.82 gnD=9.23 it_per_s=6.80
2026-10-03 04:25:42,892 INFO iter=6100 epoch=1 lr=2.00e-04 G=10.000 advA2B=0.548 advB2A=0.777 cycA=0.291 cycB=0.300 idtA=0.281 idtB=0.272 D_A=0.089 D_B=0.158 D_A(real)=0.86 D_A(fake)=0.15 gnG=64.56 gnD=9.20 it_per_s=6.80
2026-10-03 04:25:56,673 INFO iter=6200 epoch=1 lr=2.00e-04 G=9.984 advA2B=0.547 advB2A=0.779 cycA=0.291 cycB=0.299 idtA=0.280 idtB=0.271 D_A=0.088 D_B=0.159 D_A(real)=0.86 D_A(fake)=0.14 gnG=64.41 gnD=9.18 it_per_s=6.81
2026-10-03 04:26:10,789 INFO iter=6300 epoch=1 lr=2.00e-04 G=9.965 advA2B=0.546 advB2A=0.781 cycA=0.290 cycB=0.299 idtA=0.280 idtB=0.270 D_A=0.087 D_B=0.159 D_A(real)=0.86 D_A(fake)=0.14 gnG=64.16 gnD=9.15 it_per_s=6.81
2026-10-03 04:26:25,055 INFO iter=6400 epoch=1 lr=2.00e-04 G=9.943 advA2B=0.546 advB2A=0.782 cycA=0.290 cycB=0.297 idtA=0.279 idtB=0.269 D_A=0.086 D_B=0.159 D_A(real)=0.86 D_A(fake)=0.14 gnG=64.08 gnD=9.15 it_per_s=6.82
2026-10-03 04:26:39,470 INFO iter=6500 epoch=1 lr=2.00e-04 G=9.924 advA2B=0.546 advB2A=0.783 cycA=0.289 cycB=0.297 idtA=0.279 idtB=0.269 D_A=0.086 D_B=0.159 D_A(real)=0.86 D_A(fake)=0.14 gnG=63.98 gnD=9.13 it_per_s=6.82
2026-10-03 04:26:53,382 INFO iter=6600 epoch=1 lr=2.00e-04 G=9.916 advA2B=0.545 advB2A=0.785 cycA=0.289 cycB=0.297 idtA=0.278 idtB=0.268 D_A=0.085 D_B=0.159 D_A(real)=0.86 D_A(fake)=0.14 gnG=64.10 gnD=9.12 it_per_s=6.82
2026-10-03 04:27:07,365 INFO iter=6700 epoch=1 lr=2.00e-04 G=9.904 advA2B=0.545 advB2A=0.788 cycA=0.288 cycB=0.296 idtA=0.278 idtB=0.268 D_A=0.084 D_B=0.159 D_A(real)=0.87 D_A(fake)=0.14 gnG=64.04 gnD=9.10 it_per_s=6.83
2026-10-03 04:27:21,499 INFO iter=6800 epoch=1 lr=2.00e-04 G=9.893 advA2B=0.544 advB2A=0.790 cycA=0.288 cycB=0.295 idtA=0.278 idtB=0.267 D_A=0.084 D_B=0.159 D_A(real)=0.87 D_A(fake)=0.14 gnG=63.98 gnD=9.08 it_per_s=6.83
2026-10-03 04:27:35,532 INFO iter=6900 epoch=1 lr=2.00e-04 G=9.878 advA2B=0.544 advB2A=0.792 cycA=0.288 cycB=0.295 idtA=0.278 idtB=0.266 D_A=0.083 D_B=0.159 D_A(real)=0.87 D_A(fake)=0.13 gnG=63.90 gnD=9.08 it_per_s=6.84
2026-10-03 04:27:49,730 INFO iter=7000 epoch=1 lr=2.00e-04 G=9.862 advA2B=0.544 advB2A=0.792 cycA=0.287 cycB=0.294 idtA=0.277 idtB=0.266 D_A=0.083 D_B=0.159 D_A(real)=0.87 D_A(fake)=0.13 gnG=63.79 gnD=9.08 it_per_s=6.84
2026-10-03 04:27:55,104 INFO epoch=1 done time_s=1029 it_per_s=6.84 G=9.854 cycA=0.287 cycB=0.294 idtA=0.277 idtB=0.265 D_A=0.083 D_B=0.159 D_A(real)=0.87 D_A(fake)=0.13 nan_count=0
2026-10-03 04:28:10,882 INFO iter=7100 epoch=2 lr=2.00e-04 G=8.737 advA2B=0.477 advB2A=0.850 cycA=0.251 cycB=0.253 idtA=0.242 idtB=0.231 D_A=0.062 D_B=0.184 D_A(real)=0.91 D_A(fake)=0.09 gnG=58.58 gnD=8.81 it_per_s=6.95
2026-10-03 04:28:25,145 INFO iter=7200 epoch=2 lr=2.00e-04 G=8.610 advA2B=0.485 advB2A=0.890 cycA=0.249 cycB=0.244 idtA=0.238 idtB=0.223 D_A=0.061 D_B=0.167 D_A(real)=0.91 D_A(fake)=0.09 gnG=56.65 gnD=8.92 it_per_s=6.99
2026-10-03 04:28:39,334 INFO iter=7300 epoch=2 lr=2.00e-04 G=8.908 advA2B=0.529 advB2A=0.884 cycA=0.258 cycB=0.254 idtA=0.248 idtB=0.229 D_A=0.059 D_B=0.158 D_A(real)=0.91 D_A(fake)=0.09 gnG=58.42 gnD=8.83 it_per_s=7.01
2026-10-03 04:28:53,636 INFO iter=7400 epoch=2 lr=2.00e-04 G=8.953 advA2B=0.530 advB2A=0.872 cycA=0.259 cycB=0.257 idtA=0.248 idtB=0.231 D_A=0.056 D_B=0.157 D_A(real)=0.92 D_A(fake)=0.08 gnG=57.78 gnD=8.71 it_per_s=7.00
2026-10-03 04:29:07,865 INFO iter=7500 epoch=2 lr=2.00e-04 G=8.950 advA2B=0.531 advB2A=0.872 cycA=0.258 cycB=0.256 idtA=0.249 idtB=0.231 D_A=0.056 D_B=0.159 D_A(real)=0.92 D_A(fake)=0.08 gnG=55.58 gnD=8.87 it_per_s=7.01
2026-10-03 04:29:22,032 INFO iter=7600 epoch=2 lr=2.00e-04 G=8.904 advA2B=0.538 advB2A=0.872 cycA=0.257 cycB=0.254 idtA=0.249 idtB=0.229 D_A=0.055 D_B=0.157 D_A(real)=0.92 D_A(fake)=0.08 gnG=54.97 gnD=8.83 it_per_s=7.02
2026-10-03 04:29:36,186 INFO iter=7700 epoch=2 lr=2.00e-04 G=8.845 advA2B=0.538 advB2A=0.850 cycA=0.255 cycB=0.252 idtA=0.248 idtB=0.228 D_A=0.058 D_B=0.153 D_A(real)=0.92 D_A(fake)=0.08 gnG=54.87 gnD=8.82 it_per_s=7.03
2026-10-03 04:29:50,358 INFO iter=7800 epoch=2 lr=2.00e-04 G=8.859 advA2B=0.545 advB2A=0.864 cycA=0.254 cycB=0.253 idtA=0.247 idtB=0.229 D_A=0.055 D_B=0.152 D_A(real)=0.92 D_A(fake)=0.08 gnG=54.65 gnD=8.76 it_per_s=7.03
2026-10-03 04:30:04,600 INFO iter=7900 epoch=2 lr=2.00e-04 G=8.816 advA2B=0.538 advB2A=0.877 cycA=0.252 cycB=0.252 idtA=0.245 idtB=0.228 D_A=0.052 D_B=0.153 D_A(real)=0.93 D_A(fake)=0.07 gnG=54.36 gnD=8.68 it_per_s=7.03
2026-10-03 04:30:18,902 INFO iter=8000 epoch=2 lr=2.00e-04 G=8.775 advA2B=0.538 advB2A=0.882 cycA=0.250 cycB=0.251 idtA=0.243 idtB=0.226 D_A=0.052 D_B=0.155 D_A(real)=0.93 D_A(fake)=0.07 gnG=54.15 gnD=8.65 it_per_s=7.02
2026-10-03 04:30:33,231 INFO iter=8100 epoch=2 lr=2.00e-04 G=8.782 advA2B=0.539 advB2A=0.869 cycA=0.251 cycB=0.251 idtA=0.245 idtB=0.226 D_A=0.055 D_B=0.156 D_A(real)=0.92 D_A(fake)=0.08 gnG=54.61 gnD=8.76 it_per_s=7.02
2026-10-03 04:30:47,484 INFO iter=8200 epoch=2 lr=2.00e-04 G=8.769 advA2B=0.539 advB2A=0.871 cycA=0.250 cycB=0.251 idtA=0.245 idtB=0.225 D_A=0.054 D_B=0.156 D_A(real)=0.92 D_A(fake)=0.08 gnG=54.92 gnD=8.74 it_per_s=7.02
2026-10-03 04:31:01,758 INFO iter=8300 epoch=2 lr=2.00e-04 G=8.776 advA2B=0.542 advB2A=0.866 cycA=0.250 cycB=0.252 idtA=0.244 idtB=0.226 D_A=0.056 D_B=0.153 D_A(real)=0.92 D_A(fake)=0.08 gnG=54.93 gnD=8.81 it_per_s=7.02
2026-10-03 04:31:15,968 INFO iter=8400 epoch=2 lr=2.00e-04 G=8.755 advA2B=0.542 advB2A=0.866 cycA=0.249 cycB=0.251 idtA=0.243 idtB=0.226 D_A=0.056 D_B=0.153 D_A(real)=0.92 D_A(fake)=0.08 gnG=54.61 gnD=8.81 it_per_s=7.02
2026-10-03 04:31:29,870 INFO iter=8500 epoch=2 lr=2.00e-04 G=8.759 advA2B=0.547 advB2A=0.870 cycA=0.248 cycB=0.251 idtA=0.242 idtB=0.227 D_A=0.055 D_B=0.152 D_A(real)=0.92 D_A(fake)=0.08 gnG=54.54 gnD=8.76 it_per_s=7.03
2026-10-03 04:31:44,001 INFO iter=8600 epoch=2 lr=2.00e-04 G=8.724 advA2B=0.547 advB2A=0.874 cycA=0.247 cycB=0.250 idtA=0.241 idtB=0.226 D_A=0.053 D_B=0.153 D_A(real)=0.92 D_A(fake)=0.08 gnG=54.12 gnD=8.69 it_per_s=7.03
2026-10-03 04:31:57,811 INFO iter=8700 epoch=2 lr=2.00e-04 G=8.701 advA2B=0.548 advB2A=0.874 cycA=0.246 cycB=0.250 idtA=0.239 idtB=0.226 D_A=0.054 D_B=0.152 D_A(real)=0.92 D_A(fake)=0.08 gnG=54.07 gnD=8.70 it_per_s=7.05
2026-10-03 04:32:12,036 INFO iter=8800 epoch=2 lr=2.00e-04 G=8.701 advA2B=0.547 advB2A=0.871 cycA=0.245 cycB=0.250 idtA=0.239 idtB=0.226 D_A=0.054 D_B=0.152 D_A(real)=0.92 D_A(fake)=0.08 gnG=53.94 gnD=8.68 it_per_s=7.05
2026-10-03 04:32:25,886 INFO iter=8900 epoch=2 lr=2.00e-04 G=8.677 advA2B=0.549 advB2A=0.869 cycA=0.244 cycB=0.250 idtA=0.237 idtB=0.226 D_A=0.054 D_B=0.150 D_A(real)=0.92 D_A(fake)=0.08 gnG=54.60 gnD=8.68 it_per_s=7.05
2026-10-03 04:32:39,877 INFO iter=9000 epoch=2 lr=2.00e-04 G=8.678 advA2B=0.556 advB2A=0.873 cycA=0.243 cycB=0.250 idtA=0.236 idtB=0.226 D_A=0.053 D_B=0.149 D_A(real)=0.92 D_A(fake)=0.08 gnG=54.43 gnD=8.64 it_per_s=7.06
2026-10-03 04:32:54,156 INFO iter=9100 epoch=2 lr=2.00e-04 G=8.705 advA2B=0.555 advB2A=0.866 cycA=0.244 cycB=0.252 idtA=0.236 idtB=0.229 D_A=0.054 D_B=0.149 D_A(real)=0.92 D_A(fake)=0.08 gnG=54.71 gnD=8.65 it_per_s=7.06
2026-10-03 04:33:08,454 INFO iter=9200 epoch=2 lr=2.00e-04 G=8.746 advA2B=0.554 advB2A=0.866 cycA=0.246 cycB=0.253 idtA=0.237 idtB=0.231 D_A=0.054 D_B=0.150 D_A(real)=0.92 D_A(fake)=0.08 gnG=54.75 gnD=8.66 it_per_s=7.05
2026-10-03 04:33:22,682 INFO iter=9300 epoch=2 lr=2.00e-04 G=8.751 advA2B=0.555 advB2A=0.866 cycA=0.246 cycB=0.254 idtA=0.236 idtB=0.231 D_A=0.055 D_B=0.149 D_A(real)=0.92 D_A(fake)=0.08 gnG=54.80 gnD=8.69 it_per_s=7.05
2026-10-03 04:33:36,947 INFO iter=9400 epoch=2 lr=2.00e-04 G=8.738 advA2B=0.558 advB2A=0.862 cycA=0.245 cycB=0.254 idtA=0.235 idtB=0.231 D_A=0.056 D_B=0.148 D_A(real)=0.92 D_A(fake)=0.08 gnG=54.67 gnD=8.75 it_per_s=7.05
2026-10-03 04:33:51,194 INFO iter=9500 epoch=2 lr=2.00e-04 G=8.743 advA2B=0.562 advB2A=0.866 cycA=0.244 cycB=0.254 idtA=0.235 idtB=0.232 D_A=0.056 D_B=0.147 D_A(real)=0.92 D_A(fake)=0.08 gnG=54.49 gnD=8.73 it_per_s=7.05
2026-10-03 04:34:05,458 INFO iter=9600 epoch=2 lr=2.00e-04 G=8.738 advA2B=0.566 advB2A=0.866 cycA=0.243 cycB=0.254 idtA=0.234 idtB=0.232 D_A=0.056 D_B=0.146 D_A(real)=0.92 D_A(fake)=0.08 gnG=54.42 gnD=8.73 it_per_s=7.05
2026-10-03 04:34:19,939 INFO iter=9700 epoch=2 lr=2.00e-04 G=8.721 advA2B=0.568 advB2A=0.868 cycA=0.243 cycB=0.253 idtA=0.234 idtB=0.232 D_A=0.056 D_B=0.146 D_A(real)=0.92 D_A(fake)=0.08 gnG=54.21 gnD=8.73 it_per_s=7.04
2026-10-03 04:34:34,153 INFO iter=9800 epoch=2 lr=2.00e-04 G=8.704 advA2B=0.567 advB2A=0.870 cycA=0.242 cycB=0.253 idtA=0.233 idtB=0.231 D_A=0.055 D_B=0.146 D_A(real)=0.92 D_A(fake)=0.08 gnG=54.17 gnD=8.71 it_per_s=7.04
2026-10-03 04:34:48,393 INFO iter=9900 epoch=2 lr=2.00e-04 G=8.692 advA2B=0.569 advB2A=0.873 cycA=0.242 cycB=0.252 idtA=0.233 idtB=0.231 D_A=0.054 D_B=0.146 D_A(real)=0.92 D_A(fake)=0.08 gnG=53.98 gnD=8.71 it_per_s=7.04
2026-10-03 04:35:02,276 INFO iter=10000 epoch=2 lr=2.00e-04 G=8.676 advA2B=0.570 advB2A=0.872 cycA=0.241 cycB=0.251 idtA=0.233 idtB=0.230 D_A=0.054 D_B=0.145 D_A(real)=0.92 D_A(fake)=0.08 gnG=53.90 gnD=8.74 it_per_s=7.05
2026-10-03 04:35:16,543 INFO iter=10100 epoch=2 lr=2.00e-04 G=8.659 advA2B=0.569 advB2A=0.875 cycA=0.240 cycB=0.251 idtA=0.232 idtB=0.229 D_A=0.054 D_B=0.146 D_A(real)=0.92 D_A(fake)=0.08 gnG=53.72 gnD=8.74 it_per_s=7.05
2026-10-03 04:35:30,454 INFO iter=10200 epoch=2 lr=2.00e-04 G=8.654 advA2B=0.569 advB2A=0.875 cycA=0.240 cycB=0.251 idtA=0.231 idtB=0.229 D_A=0.054 D_B=0.145 D_A(real)=0.92 D_A(fake)=0.08 gnG=53.69 gnD=8.71 it_per_s=7.05
2026-10-03 04:35:44,692 INFO iter=10300 epoch=2 lr=2.00e-04 G=8.635 advA2B=0.566 advB2A=0.877 cycA=0.239 cycB=0.250 idtA=0.230 idtB=0.229 D_A=0.054 D_B=0.145 D_A(real)=0.92 D_A(fake)=0.08 gnG=53.60 gnD=8.69 it_per_s=7.05
2026-10-03 04:35:58,593 INFO iter=10400 epoch=2 lr=2.00e-04 G=8.623 advA2B=0.568 advB2A=0.877 cycA=0.239 cycB=0.250 idtA=0.230 idtB=0.229 D_A=0.053 D_B=0.145 D_A(real)=0.92 D_A(fake)=0.08 gnG=53.54 gnD=8.70 it_per_s=7.05
2026-10-03 04:36:12,759 INFO iter=10500 epoch=2 lr=2.00e-04 G=8.613 advA2B=0.567 advB2A=0.876 cycA=0.239 cycB=0.249 idtA=0.229 idtB=0.229 D_A=0.054 D_B=0.145 D_A(real)=0.92 D_A(fake)=0.08 gnG=53.65 gnD=8.73 it_per_s=7.05
2026-10-03 04:36:26,914 INFO iter=10600 epoch=2 lr=2.00e-04 G=8.601 advA2B=0.567 advB2A=0.877 cycA=0.238 cycB=0.249 idtA=0.229 idtB=0.228 D_A=0.054 D_B=0.145 D_A(real)=0.92 D_A(fake)=0.08 gnG=53.67 gnD=8.71 it_per_s=7.05
2026-10-03 04:36:40,921 INFO iter=10700 epoch=2 lr=2.00e-04 G=8.592 advA2B=0.565 advB2A=0.876 cycA=0.238 cycB=0.249 idtA=0.229 idtB=0.228 D_A=0.054 D_B=0.145 D_A(real)=0.92 D_A(fake)=0.08 gnG=53.75 gnD=8.70 it_per_s=7.06
2026-10-03 04:36:55,049 INFO iter=10800 epoch=2 lr=2.00e-04 G=8.578 advA2B=0.567 advB2A=0.877 cycA=0.237 cycB=0.248 idtA=0.228 idtB=0.228 D_A=0.054 D_B=0.144 D_A(real)=0.92 D_A(fake)=0.08 gnG=53.72 gnD=8.69 it_per_s=7.06
2026-10-03 04:37:09,018 INFO iter=10900 epoch=2 lr=2.00e-04 G=8.590 advA2B=0.569 advB2A=0.880 cycA=0.238 cycB=0.249 idtA=0.228 idtB=0.228 D_A=0.054 D_B=0.144 D_A(real)=0.92 D_A(fake)=0.08 gnG=53.92 gnD=8.68 it_per_s=7.06
2026-10-03 04:37:23,176 INFO iter=11000 epoch=2 lr=2.00e-04 G=8.575 advA2B=0.568 advB2A=0.879 cycA=0.237 cycB=0.248 idtA=0.227 idtB=0.228 D_A=0.053 D_B=0.144 D_A(real)=0.92 D_A(fake)=0.08 gnG=53.92 gnD=8.65 it_per_s=7.06
2026-10-03 04:37:37,075 INFO iter=11100 epoch=2 lr=2.00e-04 G=8.564 advA2B=0.569 advB2A=0.879 cycA=0.236 cycB=0.248 idtA=0.226 idtB=0.228 D_A=0.053 D_B=0.144 D_A(real)=0.92 D_A(fake)=0.08 gnG=54.07 gnD=8.64 it_per_s=7.06
2026-10-03 04:37:51,285 INFO iter=11200 epoch=2 lr=2.00e-04 G=8.548 advA2B=0.568 advB2A=0.880 cycA=0.236 cycB=0.247 idtA=0.226 idtB=0.228 D_A=0.053 D_B=0.144 D_A(real)=0.92 D_A(fake)=0.08 gnG=54.35 gnD=8.63 it_per_s=7.06
2026-10-03 04:38:05,297 INFO iter=11300 epoch=2 lr=2.00e-04 G=8.524 advA2B=0.567 advB2A=0.880 cycA=0.235 cycB=0.247 idtA=0.225 idtB=0.227 D_A=0.053 D_B=0.144 D_A(real)=0.92 D_A(fake)=0.08 gnG=54.43 gnD=8.61 it_per_s=7.06
2026-10-03 04:38:19,614 INFO iter=11400 epoch=2 lr=2.00e-04 G=8.509 advA2B=0.566 advB2A=0.881 cycA=0.235 cycB=0.246 idtA=0.225 idtB=0.226 D_A=0.053 D_B=0.144 D_A(real)=0.92 D_A(fake)=0.08 gnG=54.41 gnD=8.61 it_per_s=7.06
2026-10-03 04:38:33,796 INFO iter=11500 epoch=2 lr=2.00e-04 G=8.499 advA2B=0.567 advB2A=0.881 cycA=0.234 cycB=0.246 idtA=0.224 idtB=0.226 D_A=0.052 D_B=0.144 D_A(real)=0.92 D_A(fake)=0.08 gnG=54.34 gnD=8.58 it_per_s=7.06
2026-10-03 04:38:48,055 INFO iter=11600 epoch=2 lr=2.00e-04 G=8.490 advA2B=0.567 advB2A=0.881 cycA=0.234 cycB=0.245 idtA=0.224 idtB=0.226 D_A=0.052 D_B=0.144 D_A(real)=0.92 D_A(fake)=0.07 gnG=54.27 gnD=8.55 it_per_s=7.06
2026-10-03 04:39:01,911 INFO iter=11700 epoch=2 lr=2.00e-04 G=8.476 advA2B=0.566 advB2A=0.883 cycA=0.233 cycB=0.245 idtA=0.223 idtB=0.225 D_A=0.051 D_B=0.145 D_A(real)=0.92 D_A(fake)=0.07 gnG=54.18 gnD=8.51 it_per_s=7.06
2026-10-03 04:39:16,192 INFO iter=11800 epoch=2 lr=2.00e-04 G=8.460 advA2B=0.570 advB2A=0.884 cycA=0.233 cycB=0.244 idtA=0.223 idtB=0.225 D_A=0.051 D_B=0.145 D_A(real)=0.93 D_A(fake)=0.07 gnG=54.11 gnD=8.50 it_per_s=7.06
2026-10-03 04:39:30,038 INFO iter=11900 epoch=2 lr=2.00e-04 G=8.447 advA2B=0.570 advB2A=0.881 cycA=0.233 cycB=0.244 idtA=0.223 idtB=0.224 D_A=0.051 D_B=0.145 D_A(real)=0.92 D_A(fake)=0.07 gnG=54.18 gnD=8.48 it_per_s=7.07
2026-10-03 04:39:44,230 INFO iter=12000 epoch=2 lr=2.00e-04 G=8.432 advA2B=0.571 advB2A=0.882 cycA=0.232 cycB=0.243 idtA=0.222 idtB=0.223 D_A=0.051 D_B=0.144 D_A(real)=0.92 D_A(fake)=0.07 gnG=54.05 gnD=8.48 it_per_s=7.07
2026-10-03 04:39:58,378 INFO iter=12100 epoch=2 lr=2.00e-04 G=8.427 advA2B=0.572 advB2A=0.882 cycA=0.232 cycB=0.243 idtA=0.222 idtB=0.224 D_A=0.051 D_B=0.144 D_A(real)=0.92 D_A(fake)=0.07 gnG=54.13 gnD=8.49 it_per_s=7.07
2026-10-03 04:40:12,540 INFO iter=12200 epoch=2 lr=2.00e-04 G=8.420 advA2B=0.571 advB2A=0.883 cycA=0.232 cycB=0.243 idtA=0.222 idtB=0.223 D_A=0.051 D_B=0.144 D_A(real)=0.92 D_A(fake)=0.07 gnG=54.06 gnD=8.47 it_per_s=7.07
2026-10-03 04:40:26,680 INFO iter=12300 epoch=2 lr=2.00e-04 G=8.435 advA2B=0.573 advB2A=0.879 cycA=0.232 cycB=0.243 idtA=0.222 idtB=0.224 D_A=0.052 D_B=0.144 D_A(real)=0.92 D_A(fake)=0.08 gnG=54.45 gnD=8.47 it_per_s=7.07
2026-10-03 04:40:40,771 INFO iter=12400 epoch=2 lr=2.00e-04 G=8.454 advA2B=0.577 advB2A=0.874 cycA=0.233 cycB=0.244 idtA=0.223 idtB=0.225 D_A=0.054 D_B=0.143 D_A(real)=0.92 D_A(fake)=0.08 gnG=54.43 gnD=8.47 it_per_s=7.07
2026-10-03 04:40:55,002 INFO iter=12500 epoch=2 lr=2.00e-04 G=8.471 advA2B=0.578 advB2A=0.867 cycA=0.233 cycB=0.245 idtA=0.223 idtB=0.226 D_A=0.056 D_B=0.143 D_A(real)=0.92 D_A(fake)=0.08 gnG=54.40 gnD=8.48 it_per_s=7.07
2026-10-03 04:41:09,037 INFO iter=12600 epoch=2 lr=2.00e-04 G=8.532 advA2B=0.580 advB2A=0.864 cycA=0.235 cycB=0.247 idtA=0.224 idtB=0.229 D_A=0.056 D_B=0.142 D_A(real)=0.91 D_A(fake)=0.08 gnG=55.06 gnD=8.47 it_per_s=7.07
2026-10-03 04:41:23,293 INFO iter=12700 epoch=2 lr=2.00e-04 G=8.569 advA2B=0.585 advB2A=0.865 cycA=0.235 cycB=0.249 idtA=0.224 idtB=0.232 D_A=0.057 D_B=0.141 D_A(real)=0.91 D_A(fake)=0.08 gnG=55.11 gnD=8.44 it_per_s=7.07
2026-10-03 04:41:37,280 INFO iter=12800 epoch=2 lr=2.00e-04 G=8.588 advA2B=0.591 advB2A=0.865 cycA=0.235 cycB=0.250 idtA=0.224 idtB=0.233 D_A=0.057 D_B=0.139 D_A(real)=0.91 D_A(fake)=0.09 gnG=55.12 gnD=8.40 it_per_s=7.07
2026-10-03 04:41:51,588 INFO iter=12900 epoch=2 lr=2.00e-04 G=8.588 advA2B=0.591 advB2A=0.865 cycA=0.235 cycB=0.250 idtA=0.224 idtB=0.233 D_A=0.057 D_B=0.138 D_A(real)=0.91 D_A(fake)=0.09 gnG=55.10 gnD=8.39 it_per_s=7.07
2026-10-03 04:42:05,623 INFO iter=13000 epoch=2 lr=2.00e-04 G=8.600 advA2B=0.592 advB2A=0.865 cycA=0.235 cycB=0.250 idtA=0.224 idtB=0.234 D_A=0.057 D_B=0.137 D_A(real)=0.91 D_A(fake)=0.09 gnG=55.22 gnD=8.36 it_per_s=7.07
2026-10-03 04:42:19,864 INFO iter=13100 epoch=2 lr=2.00e-04 G=8.607 advA2B=0.594 advB2A=0.864 cycA=0.235 cycB=0.250 idtA=0.224 idtB=0.234 D_A=0.057 D_B=0.137 D_A(real)=0.91 D_A(fake)=0.09 gnG=55.33 gnD=8.36 it_per_s=7.07
2026-10-03 04:42:33,861 INFO iter=13200 epoch=2 lr=2.00e-04 G=8.612 advA2B=0.594 advB2A=0.865 cycA=0.236 cycB=0.251 idtA=0.224 idtB=0.235 D_A=0.057 D_B=0.136 D_A(real)=0.91 D_A(fake)=0.09 gnG=55.35 gnD=8.34 it_per_s=7.07
2026-10-03 04:42:48,103 INFO iter=13300 epoch=2 lr=2.00e-04 G=8.616 advA2B=0.596 advB2A=0.866 cycA=0.235 cycB=0.251 idtA=0.224 idtB=0.235 D_A=0.057 D_B=0.135 D_A(real)=0.91 D_A(fake)=0.09 gnG=55.62 gnD=8.32 it_per_s=7.07
2026-10-03 04:43:02,243 INFO iter=13400 epoch=2 lr=2.00e-04 G=8.655 advA2B=0.603 advB2A=0.867 cycA=0.236 cycB=0.252 idtA=0.224 idtB=0.238 D_A=0.057 D_B=0.134 D_A(real)=0.91 D_A(fake)=0.09 gnG=55.44 gnD=8.28 it_per_s=7.07
2026-10-03 04:43:16,511 INFO iter=13500 epoch=2 lr=2.00e-04 G=8.669 advA2B=0.609 advB2A=0.865 cycA=0.237 cycB=0.252 idtA=0.223 idtB=0.238 D_A=0.057 D_B=0.132 D_A(real)=0.91 D_A(fake)=0.09 gnG=55.25 gnD=8.24 it_per_s=7.07
2026-10-03 04:43:30,671 INFO iter=13600 epoch=2 lr=2.00e-04 G=8.680 advA2B=0.614 advB2A=0.865 cycA=0.237 cycB=0.252 idtA=0.223 idtB=0.239 D_A=0.058 D_B=0.131 D_A(real)=0.91 D_A(fake)=0.09 gnG=55.37 gnD=8.20 it_per_s=7.07
2026-10-03 04:43:44,801 INFO iter=13700 epoch=2 lr=2.00e-04 G=8.689 advA2B=0.615 advB2A=0.864 cycA=0.237 cycB=0.253 idtA=0.223 idtB=0.239 D_A=0.058 D_B=0.130 D_A(real)=0.91 D_A(fake)=0.09 gnG=55.39 gnD=8.18 it_per_s=7.07
2026-10-03 04:43:59,144 INFO iter=13800 epoch=2 lr=2.00e-04 G=8.689 advA2B=0.616 advB2A=0.865 cycA=0.237 cycB=0.253 idtA=0.223 idtB=0.240 D_A=0.058 D_B=0.129 D_A(real)=0.91 D_A(fake)=0.09 gnG=55.27 gnD=8.17 it_per_s=7.06
2026-10-03 04:44:13,523 INFO iter=13900 epoch=2 lr=2.00e-04 G=8.688 advA2B=0.616 advB2A=0.866 cycA=0.237 cycB=0.253 idtA=0.223 idtB=0.240 D_A=0.057 D_B=0.129 D_A(real)=0.91 D_A(fake)=0.09 gnG=55.17 gnD=8.14 it_per_s=7.06
2026-10-03 04:44:27,844 INFO iter=14000 epoch=2 lr=2.00e-04 G=8.692 advA2B=0.617 advB2A=0.866 cycA=0.237 cycB=0.253 idtA=0.222 idtB=0.240 D_A=0.057 D_B=0.129 D_A(real)=0.91 D_A(fake)=0.09 gnG=55.12 gnD=8.14 it_per_s=7.06
2026-10-03 04:44:38,702 INFO epoch=2 done time_s=997 it_per_s=7.06 G=8.698 cycA=0.237 cycB=0.253 idtA=0.222 idtB=0.241 D_A=0.057 D_B=0.129 D_A(real)=0.91 D_A(fake)=0.09 nan_count=0
2026-10-03 04:44:42,660 INFO iter=14100 epoch=3 lr=2.00e-04 G=9.303 advA2B=0.782 advB2A=0.836 cycA=0.234 cycB=0.293 idtA=0.210 idtB=0.274 D_A=0.020 D_B=0.054 D_A(real)=0.97 D_A(fake)=0.01 gnG=45.07 gnD=5.23 it_per_s=6.97
2026-10-03 04:44:56,954 INFO iter=14200 epoch=3 lr=2.00e-04 G=9.086 advA2B=0.916 advB2A=0.803 cycA=0.234 cycB=0.265 idtA=0.213 idtB=0.262 D_A=0.065 D_B=0.062 D_A(real)=0.90 D_A(fake)=0.10 gnG=46.76 gnD=6.98 it_per_s=6.99
2026-10-03 04:45:11,249 INFO iter=14300 epoch=3 lr=2.00e-04 G=8.948 advA2B=0.936 advB2A=0.799 cycA=0.235 cycB=0.251 idtA=0.216 idtB=0.254 D_A=0.068 D_B=0.061 D_A(real)=0.89 D_A(fake)=0.11 gnG=43.97 gnD=6.71 it_per_s=6.99
2026-10-03 04:45:25,464 INFO iter=14400 epoch=3 lr=2.00e-04 G=8.863 advA2B=0.957 advB2A=0.810 cycA=0.232 cycB=0.246 idtA=0.215 idtB=0.249 D_A=0.065 D_B=0.053 D_A(real)=0.90 D_A(fake)=0.10 gnG=43.78 gnD=6.40 it_per_s=7.01
2026-10-03 04:45:39,698 INFO iter=14500 epoch=3 lr=2.00e-04 G=8.794 advA2B=0.954 advB2A=0.810 cycA=0.230 cycB=0.244 idtA=0.213 idtB=0.245 D_A=0.066 D_B=0.049 D_A(real)=0.89 D_A(fake)=0.10 gnG=44.18 gnD=6.22 it_per_s=7.01
2026-10-03 04:45:53,946 INFO iter=14600 epoch=3 lr=2.00e-04 G=8.786 advA2B=0.940 advB2A=0.819 cycA=0.230 cycB=0.244 idtA=0.213 idtB=0.244 D_A=0.069 D_B=0.046 D_A(real)=0.89 D_A(fake)=0.11 gnG=45.84 gnD=6.15 it_per_s=7.01
2026-10-03 04:46:08,219 INFO iter=14700 epoch=3 lr=2.00e-04 G=8.768 advA2B=0.943 advB2A=0.802 cycA=0.230 cycB=0.245 idtA=0.213 idtB=0.243 D_A=0.070 D_B=0.043 D_A(real)=0.89 D_A(fake)=0.11 gnG=46.60 gnD=6.04 it_per_s=7.01
2026-10-03 04:46:22,392 INFO iter=14800 epoch=3 lr=2.00e-04 G=8.774 advA2B=0.943 advB2A=0.799 cycA=0.231 cycB=0.244 idtA=0.213 idtB=0.242 D_A=0.074 D_B=0.039 D_A(real)=0.88 D_A(fake)=0.12 gnG=47.34 gnD=6.00 it_per_s=7.02
2026-10-03 04:46:36,798 INFO iter=14900 epoch=3 lr=2.00e-04 G=8.717 advA2B=0.941 advB2A=0.805 cycA=0.230 cycB=0.241 idtA=0.213 idtB=0.238 D_A=0.075 D_B=0.040 D_A(real)=0.88 D_A(fake)=0.12 gnG=46.84 gnD=6.01 it_per_s=7.01
2026-10-03 04:46:51,100 INFO iter=15000 epoch=3 lr=2.00e-04 G=8.666 advA2B=0.941 advB2A=0.800 cycA=0.228 cycB=0.240 idtA=0.212 idtB=0.237 D_A=0.077 D_B=0.037 D_A(real)=0.88 D_A(fake)=0.12 gnG=46.50 gnD=6.04 it_per_s=7.01
2026-10-03 04:47:05,349 INFO iter=15100 epoch=3 lr=2.00e-04 G=8.650 advA2B=0.936 advB2A=0.808 cycA=0.228 cycB=0.240 idtA=0.211 idtB=0.235 D_A=0.074 D_B=0.036 D_A(real)=0.88 D_A(fake)=0.12 gnG=46.77 gnD=5.98 it_per_s=7.01
2026-10-03 04:47:19,600 INFO iter=15200 epoch=3 lr=2.00e-04 G=8.660 advA2B=0.935 advB2A=0.820 cycA=0.228 cycB=0.240 idtA=0.211 idtB=0.233 D_A=0.070 D_B=0.035 D_A(real)=0.89 D_A(fake)=0.11 gnG=46.33 gnD=5.87 it_per_s=7.01
2026-10-03 04:47:33,915 INFO iter=15300 epoch=3 lr=2.00e-04 G=8.657 advA2B=0.939 advB2A=0.831 cycA=0.227 cycB=0.240 idtA=0.211 idtB=0.232 D_A=0.068 D_B=0.035 D_A(real)=0.89 D_A(fake)=0.11 gnG=46.34 gnD=5.71 it_per_s=7.01
2026-10-03 04:47:48,177 INFO iter=15400 epoch=3 lr=2.00e-04 G=8.619 advA2B=0.938 advB2A=0.837 cycA=0.225 cycB=0.239 idtA=0.209 idtB=0.230 D_A=0.065 D_B=0.035 D_A(real)=0.90 D_A(fake)=0.10 gnG=46.17 gnD=5.62 it_per_s=7.01
2026-10-03 04:48:02,587 INFO iter=15500 epoch=3 lr=2.00e-04 G=8.608 advA2B=0.936 advB2A=0.809 cycA=0.226 cycB=0.241 idtA=0.210 idtB=0.229 D_A=0.072 D_B=0.036 D_A(real)=0.88 D_A(fake)=0.12 gnG=46.39 gnD=5.71 it_per_s=7.00
2026-10-03 04:48:16,861 INFO iter=15600 epoch=3 lr=2.00e-04 G=8.626 advA2B=0.926 advB2A=0.807 cycA=0.227 cycB=0.242 idtA=0.211 idtB=0.229 D_A=0.072 D_B=0.037 D_A(real)=0.88 D_A(fake)=0.12 gnG=46.56 gnD=5.71 it_per_s=7.00
2026-10-03 04:48:31,146 INFO iter=15700 epoch=3 lr=2.00e-04 G=8.609 advA2B=0.898 advB2A=0.817 cycA=0.228 cycB=0.242 idtA=0.212 idtB=0.228 D_A=0.070 D_B=0.046 D_A(real)=0.89 D_A(fake)=0.11 gnG=46.63 gnD=5.75 it_per_s=7.00
2026-10-03 04:48:45,465 INFO iter=15800 epoch=3 lr=2.00e-04 G=8.602 advA2B=0.876 advB2A=0.823 cycA=0.228 cycB=0.242 idtA=0.213 idtB=0.227 D_A=0.068 D_B=0.050 D_A(real)=0.89 D_A(fake)=0.11 gnG=46.82 gnD=5.75 it_per_s=7.00
2026-10-03 04:48:59,737 INFO iter=15900 epoch=3 lr=2.00e-04 G=8.587 advA2B=0.859 advB2A=0.816 cycA=0.228 cycB=0.243 idtA=0.215 idtB=0.226 D_A=0.069 D_B=0.055 D_A(real)=0.89 D_A(fake)=0.11 gnG=47.24 gnD=5.83 it_per_s=7.00
2026-10-03 04:49:14,037 INFO iter=16000 epoch=3 lr=2.00e-04 G=8.570 advA2B=0.841 advB2A=0.826 cycA=0.227 cycB=0.243 idtA=0.214 idtB=0.226 D_A=0.066 D_B=0.059 D_A(real)=0.89 D_A(fake)=0.11 gnG=47.03 gnD=5.82 it_per_s=7.00
2026-10-03 04:49:28,286 INFO iter=16100 epoch=3 lr=2.00e-04 G=8.546 advA2B=0.826 advB2A=0.832 cycA=0.227 cycB=0.242 idtA=0.214 idtB=0.225 D_A=0.065 D_B=0.064 D_A(real)=0.90 D_A(fake)=0.10 gnG=47.00 gnD=5.84 it_per_s=7.00
2026-10-03 04:49:42,478 INFO iter=16200 epoch=3 lr=2.00e-04 G=8.527 advA2B=0.816 advB2A=0.833 cycA=0.227 cycB=0.241 idtA=0.214 idtB=0.224 D_A=0.064 D_B=0.068 D_A(real)=0.90 D_A(fake)=0.10 gnG=47.05 gnD=5.91 it_per_s=7.00
2026-10-03 04:49:56,926 INFO iter=16300 epoch=3 lr=2.00e-04 G=8.504 advA2B=0.805 advB2A=0.835 cycA=0.227 cycB=0.240 idtA=0.214 idtB=0.224 D_A=0.064 D_B=0.071 D_A(real)=0.90 D_A(fake)=0.10 gnG=46.88 gnD=5.93 it_per_s=7.00
2026-10-03 04:50:11,210 INFO iter=16400 epoch=3 lr=2.00e-04 G=8.490 advA2B=0.796 advB2A=0.841 cycA=0.226 cycB=0.240 idtA=0.214 idtB=0.224 D_A=0.063 D_B=0.073 D_A(real)=0.90 D_A(fake)=0.10 gnG=46.84 gnD=5.94 it_per_s=7.00
2026-10-03 04:50:25,473 INFO iter=16500 epoch=3 lr=2.00e-04 G=8.466 advA2B=0.787 advB2A=0.844 cycA=0.226 cycB=0.239 idtA=0.213 idtB=0.224 D_A=0.062 D_B=0.075 D_A(real)=0.90 D_A(fake)=0.10 gnG=46.74 gnD=5.94 it_per_s=7.00
2026-10-03 04:50:39,424 INFO iter=16600 epoch=3 lr=2.00e-04 G=8.474 advA2B=0.788 advB2A=0.847 cycA=0.226 cycB=0.240 idtA=0.213 idtB=0.224 D_A=0.061 D_B=0.077 D_A(real)=0.90 D_A(fake)=0.10 gnG=46.99 gnD=5.95 it_per_s=7.01
2026-10-03 04:50:53,716 INFO iter=16700 epoch=3 lr=2.00e-04 G=8.464 advA2B=0.794 advB2A=0.851 cycA=0.225 cycB=0.239 idtA=0.212 idtB=0.224 D_A=0.061 D_B=0.076 D_A(real)=0.90 D_A(fake)=0.10 gnG=46.80 gnD=5.92 it_per_s=7.01
2026-10-03 04:51:07,622 INFO iter=16800 epoch=3 lr=2.00e-04 G=8.468 advA2B=0.795 advB2A=0.846 cycA=0.226 cycB=0.239 idtA=0.213 idtB=0.224 D_A=0.061 D_B=0.076 D_A(real)=0.90 D_A(fake)=0.10 gnG=47.89 gnD=5.98 it_per_s=7.01
2026-10-03 04:51:21,893 INFO iter=16900 epoch=3 lr=2.00e-04 G=8.466 advA2B=0.794 advB2A=0.846 cycA=0.226 cycB=0.239 idtA=0.212 idtB=0.224 D_A=0.062 D_B=0.076 D_A(real)=0.90 D_A(fake)=0.10 gnG=47.96 gnD=5.99 it_per_s=7.01
2026-10-03 04:51:35,897 INFO iter=17000 epoch=3 lr=2.00e-04 G=8.467 advA2B=0.790 advB2A=0.848 cycA=0.226 cycB=0.239 idtA=0.212 idtB=0.225 D_A=0.062 D_B=0.077 D_A(real)=0.90 D_A(fake)=0.10 gnG=48.04 gnD=6.01 it_per_s=7.02
2026-10-03 04:51:50,264 INFO iter=17100 epoch=3 lr=2.00e-04 G=8.455 advA2B=0.784 advB2A=0.851 cycA=0.225 cycB=0.239 idtA=0.212 idtB=0.225 D_A=0.062 D_B=0.078 D_A(real)=0.90 D_A(fake)=0.10 gnG=47.91 gnD=6.05 it_per_s=7.02
2026-10-03 04:52:04,270 INFO iter=17200 epoch=3 lr=2.00e-04 G=8.434 advA2B=0.781 advB2A=0.850 cycA=0.224 cycB=0.238 idtA=0.211 idtB=0.224 D_A=0.062 D_B=0.080 D_A(real)=0.90 D_A(fake)=0.10 gnG=47.74 gnD=6.08 it_per_s=7.02
2026-10-03 04:52:18,480 INFO iter=17300 epoch=3 lr=2.00e-04 G=8.425 advA2B=0.778 advB2A=0.850 cycA=0.224 cycB=0.238 idtA=0.212 idtB=0.223 D_A=0.062 D_B=0.081 D_A(real)=0.90 D_A(fake)=0.10 gnG=47.75 gnD=6.12 it_per_s=7.02
2026-10-03 04:52:32,342 INFO iter=17400 epoch=3 lr=2.00e-04 G=8.411 advA2B=0.773 advB2A=0.852 cycA=0.224 cycB=0.237 idtA=0.212 idtB=0.223 D_A=0.062 D_B=0.082 D_A(real)=0.90 D_A(fake)=0.10 gnG=47.53 gnD=6.15 it_per_s=7.03
2026-10-03 04:52:46,570 INFO iter=17500 epoch=3 lr=2.00e-04 G=8.400 advA2B=0.768 advB2A=0.854 cycA=0.224 cycB=0.237 idtA=0.212 idtB=0.222 D_A=0.061 D_B=0.084 D_A(real)=0.90 D_A(fake)=0.10 gnG=47.32 gnD=6.19 it_per_s=7.03
2026-10-03 04:53:00,829 INFO iter=17600 epoch=3 lr=2.00e-04 G=8.391 advA2B=0.765 advB2A=0.857 cycA=0.223 cycB=0.237 idtA=0.211 idtB=0.222 D_A=0.061 D_B=0.085 D_A(real)=0.90 D_A(fake)=0.10 gnG=47.27 gnD=6.21 it_per_s=7.03
2026-10-03 04:53:15,137 INFO iter=17700 epoch=3 lr=2.00e-04 G=8.383 advA2B=0.761 advB2A=0.858 cycA=0.223 cycB=0.237 idtA=0.211 idtB=0.222 D_A=0.061 D_B=0.087 D_A(real)=0.90 D_A(fake)=0.10 gnG=47.13 gnD=6.23 it_per_s=7.02
2026-10-03 04:53:29,458 INFO iter=17800 epoch=3 lr=2.00e-04 G=8.378 advA2B=0.760 advB2A=0.859 cycA=0.223 cycB=0.237 idtA=0.211 idtB=0.222 D_A=0.060 D_B=0.087 D_A(real)=0.90 D_A(fake)=0.10 gnG=47.16 gnD=6.24 it_per_s=7.02
2026-10-03 04:53:43,844 INFO iter=17900 epoch=3 lr=2.00e-04 G=8.360 advA2B=0.754 advB2A=0.859 cycA=0.222 cycB=0.236 idtA=0.211 idtB=0.222 D_A=0.060 D_B=0.088 D_A(real)=0.90 D_A(fake)=0.09 gnG=47.01 gnD=6.27 it_per_s=7.02
2026-10-03 04:53:58,127 INFO iter=18000 epoch=3 lr=2.00e-04 G=8.350 advA2B=0.749 advB2A=0.861 cycA=0.222 cycB=0.236 idtA=0.210 idtB=0.222 D_A=0.059 D_B=0.090 D_A(real)=0.91 D_A(fake)=0.09 gnG=46.93 gnD=6.26 it_per_s=7.02
2026-10-03 04:54:12,435 INFO iter=18100 epoch=3 lr=2.00e-04 G=8.331 advA2B=0.745 advB2A=0.858 cycA=0.222 cycB=0.235 idtA=0.210 idtB=0.221 D_A=0.059 D_B=0.091 D_A(real)=0.91 D_A(fake)=0.09 gnG=46.79 gnD=6.28 it_per_s=7.02
2026-10-03 04:54:26,641 INFO iter=18200 epoch=3 lr=2.00e-04 G=8.318 advA2B=0.742 advB2A=0.858 cycA=0.222 cycB=0.234 idtA=0.210 idtB=0.221 D_A=0.059 D_B=0.092 D_A(real)=0.91 D_A(fake)=0.09 gnG=46.72 gnD=6.30 it_per_s=7.02
2026-10-03 04:54:40,882 INFO iter=18300 epoch=3 lr=2.00e-04 G=8.306 advA2B=0.739 advB2A=0.861 cycA=0.221 cycB=0.234 idtA=0.210 idtB=0.221 D_A=0.059 D_B=0.093 D_A(real)=0.91 D_A(fake)=0.09 gnG=46.64 gnD=6.32 it_per_s=7.02
2026-10-03 04:54:55,219 INFO iter=18400 epoch=3 lr=2.00e-04 G=8.292 advA2B=0.734 advB2A=0.860 cycA=0.221 cycB=0.233 idtA=0.210 idtB=0.220 D_A=0.059 D_B=0.094 D_A(real)=0.91 D_A(fake)=0.09 gnG=46.53 gnD=6.34 it_per_s=7.02
2026-10-03 04:55:09,460 INFO iter=18500 epoch=3 lr=2.00e-04 G=8.278 advA2B=0.732 advB2A=0.861 cycA=0.221 cycB=0.233 idtA=0.210 idtB=0.220 D_A=0.059 D_B=0.095 D_A(real)=0.91 D_A(fake)=0.09 gnG=46.42 gnD=6.36 it_per_s=7.02
2026-10-03 04:55:23,757 INFO iter=18600 epoch=3 lr=2.00e-04 G=8.270 advA2B=0.728 advB2A=0.860 cycA=0.221 cycB=0.233 idtA=0.210 idtB=0.219 D_A=0.059 D_B=0.096 D_A(real)=0.91 D_A(fake)=0.09 gnG=46.46 gnD=6.36 it_per_s=7.02
2026-10-03 04:55:37,648 INFO iter=18700 epoch=3 lr=2.00e-04 G=8.269 advA2B=0.727 advB2A=0.860 cycA=0.221 cycB=0.233 idtA=0.210 idtB=0.219 D_A=0.059 D_B=0.097 D_A(real)=0.91 D_A(fake)=0.09 gnG=46.42 gnD=6.37 it_per_s=7.02
2026-10-03 04:55:51,877 INFO iter=18800 epoch=3 lr=2.00e-04 G=8.257 advA2B=0.724 advB2A=0.860 cycA=0.221 cycB=0.232 idtA=0.210 idtB=0.219 D_A=0.059 D_B=0.097 D_A(real)=0.90 D_A(fake)=0.09 gnG=46.28 gnD=6.38 it_per_s=7.02
2026-10-03 04:56:06,056 INFO iter=18900 epoch=3 lr=2.00e-04 G=8.250 advA2B=0.722 advB2A=0.860 cycA=0.221 cycB=0.232 idtA=0.209 idtB=0.219 D_A=0.059 D_B=0.098 D_A(real)=0.90 D_A(fake)=0.09 gnG=46.26 gnD=6.37 it_per_s=7.02
2026-10-03 04:56:20,352 INFO iter=19000 epoch=3 lr=2.00e-04 G=8.250 advA2B=0.722 advB2A=0.860 cycA=0.221 cycB=0.232 idtA=0.209 idtB=0.219 D_A=0.059 D_B=0.098 D_A(real)=0.91 D_A(fake)=0.09 gnG=46.30 gnD=6.37 it_per_s=7.02
2026-10-03 04:56:34,498 INFO iter=19100 epoch=3 lr=2.00e-04 G=8.250 advA2B=0.724 advB2A=0.861 cycA=0.220 cycB=0.232 idtA=0.209 idtB=0.220 D_A=0.058 D_B=0.098 D_A(real)=0.91 D_A(fake)=0.09 gnG=46.37 gnD=6.36 it_per_s=7.02
2026-10-03 04:56:48,755 INFO iter=19200 epoch=3 lr=2.00e-04 G=8.273 advA2B=0.724 advB2A=0.862 cycA=0.221 cycB=0.233 idtA=0.209 idtB=0.221 D_A=0.058 D_B=0.098 D_A(real)=0.91 D_A(fake)=0.09 gnG=46.89 gnD=6.34 it_per_s=7.02
2026-10-03 04:57:03,110 INFO iter=19300 epoch=3 lr=2.00e-04 G=8.308 advA2B=0.728 advB2A=0.862 cycA=0.222 cycB=0.234 idtA=0.209 idtB=0.223 D_A=0.058 D_B=0.098 D_A(real)=0.91 D_A(fake)=0.09 gnG=47.31 gnD=6.31 it_per_s=7.02
2026-10-03 04:57:17,403 INFO iter=19400 epoch=3 lr=2.00e-04 G=8.332 advA2B=0.733 advB2A=0.861 cycA=0.223 cycB=0.234 idtA=0.209 idtB=0.224 D_A=0.058 D_B=0.096 D_A(real)=0.91 D_A(fake)=0.09 gnG=47.22 gnD=6.28 it_per_s=7.02
2026-10-03 04:57:31,594 INFO iter=19500 epoch=3 lr=2.00e-04 G=8.342 advA2B=0.737 advB2A=0.862 cycA=0.223 cycB=0.235 idtA=0.209 idtB=0.224 D_A=0.057 D_B=0.095 D_A(real)=0.91 D_A(fake)=0.09 gnG=47.23 gnD=6.26 it_per_s=7.02
2026-10-03 04:57:45,851 INFO iter=19600 epoch=3 lr=2.00e-04 G=8.355 advA2B=0.740 advB2A=0.862 cycA=0.223 cycB=0.235 idtA=0.210 idtB=0.224 D_A=0.057 D_B=0.094 D_A(real)=0.91 D_A(fake)=0.09 gnG=47.24 gnD=6.22 it_per_s=7.02
2026-10-03 04:58:00,137 INFO iter=19700 epoch=3 lr=2.00e-04 G=8.362 advA2B=0.743 advB2A=0.862 cycA=0.224 cycB=0.235 idtA=0.210 idtB=0.224 D_A=0.057 D_B=0.093 D_A(real)=0.91 D_A(fake)=0.09 gnG=47.26 gnD=6.22 it_per_s=7.02
2026-10-03 04:58:14,451 INFO iter=19800 epoch=3 lr=2.00e-04 G=8.367 advA2B=0.746 advB2A=0.863 cycA=0.224 cycB=0.235 idtA=0.210 idtB=0.224 D_A=0.057 D_B=0.092 D_A(real)=0.91 D_A(fake)=0.09 gnG=47.31 gnD=6.18 it_per_s=7.02
2026-10-03 04:58:28,897 INFO iter=19900 epoch=3 lr=2.00e-04 G=8.360 advA2B=0.748 advB2A=0.861 cycA=0.223 cycB=0.235 idtA=0.210 idtB=0.224 D_A=0.057 D_B=0.091 D_A(real)=0.91 D_A(fake)=0.09 gnG=47.19 gnD=6.15 it_per_s=7.02
2026-10-03 04:58:43,204 INFO iter=20000 epoch=3 lr=2.00e-04 G=8.373 advA2B=0.750 advB2A=0.862 cycA=0.224 cycB=0.235 idtA=0.210 idtB=0.224 D_A=0.056 D_B=0.090 D_A(real)=0.91 D_A(fake)=0.09 gnG=47.55 gnD=6.13 it_per_s=7.02
2026-10-03 04:58:57,578 INFO iter=20100 epoch=3 lr=2.00e-04 G=8.379 advA2B=0.752 advB2A=0.864 cycA=0.224 cycB=0.235 idtA=0.210 idtB=0.224 D_A=0.056 D_B=0.090 D_A(real)=0.91 D_A(fake)=0.09 gnG=47.50 gnD=6.10 it_per_s=7.02
2026-10-03 04:59:11,829 INFO iter=20200 epoch=3 lr=2.00e-04 G=8.380 advA2B=0.753 advB2A=0.865 cycA=0.224 cycB=0.235 idtA=0.210 idtB=0.224 D_A=0.056 D_B=0.089 D_A(real)=0.91 D_A(fake)=0.09 gnG=47.49 gnD=6.09 it_per_s=7.02
2026-10-03 04:59:26,062 INFO iter=20300 epoch=3 lr=2.00e-04 G=8.384 advA2B=0.753 advB2A=0.864 cycA=0.224 cycB=0.235 idtA=0.210 idtB=0.224 D_A=0.055 D_B=0.089 D_A(real)=0.91 D_A(fake)=0.09 gnG=47.61 gnD=6.09 it_per_s=7.02
2026-10-03 04:59:40,379 INFO iter=20400 epoch=3 lr=2.00e-04 G=8.380 advA2B=0.749 advB2A=0.866 cycA=0.224 cycB=0.236 idtA=0.209 idtB=0.224 D_A=0.055 D_B=0.090 D_A(real)=0.91 D_A(fake)=0.09 gnG=47.53 gnD=6.09 it_per_s=7.02
2026-10-03 04:59:54,661 INFO iter=20500 epoch=3 lr=2.00e-04 G=8.374 advA2B=0.746 advB2A=0.867 cycA=0.224 cycB=0.235 idtA=0.209 idtB=0.224 D_A=0.055 D_B=0.090 D_A(real)=0.91 D_A(fake)=0.09 gnG=47.41 gnD=6.08 it_per_s=7.02
2026-10-03 05:00:08,721 INFO iter=20600 epoch=3 lr=2.00e-04 G=8.372 advA2B=0.744 advB2A=0.869 cycA=0.224 cycB=0.236 idtA=0.209 idtB=0.224 D_A=0.054 D_B=0.090 D_A(real)=0.91 D_A(fake)=0.09 gnG=47.43 gnD=6.06 it_per_s=7.02
2026-10-03 05:00:22,970 INFO iter=20700 epoch=3 lr=2.00e-04 G=8.372 advA2B=0.742 advB2A=0.870 cycA=0.223 cycB=0.236 idtA=0.208 idtB=0.225 D_A=0.054 D_B=0.091 D_A(real)=0.91 D_A(fake)=0.09 gnG=47.40 gnD=6.05 it_per_s=7.02
2026-10-03 05:00:36,807 INFO iter=20800 epoch=3 lr=2.00e-04 G=8.366 advA2B=0.739 advB2A=0.871 cycA=0.223 cycB=0.236 idtA=0.208 idtB=0.225 D_A=0.053 D_B=0.091 D_A(real)=0.91 D_A(fake)=0.08 gnG=47.32 gnD=6.04 it_per_s=7.02
2026-10-03 05:00:51,123 INFO iter=20900 epoch=3 lr=2.00e-04 G=8.360 advA2B=0.737 advB2A=0.872 cycA=0.223 cycB=0.235 idtA=0.208 idtB=0.225 D_A=0.053 D_B=0.092 D_A(real)=0.91 D_A(fake)=0.08 gnG=47.23 gnD=6.04 it_per_s=7.02
2026-10-03 05:01:05,061 INFO iter=21000 epoch=3 lr=2.00e-04 G=8.359 advA2B=0.735 advB2A=0.870 cycA=0.223 cycB=0.235 idtA=0.208 idtB=0.224 D_A=0.053 D_B=0.093 D_A(real)=0.91 D_A(fake)=0.08 gnG=47.22 gnD=6.06 it_per_s=7.02
2026-10-03 05:01:19,396 INFO iter=21100 epoch=3 lr=2.00e-04 G=8.355 advA2B=0.733 advB2A=0.870 cycA=0.224 cycB=0.235 idtA=0.209 idtB=0.224 D_A=0.053 D_B=0.093 D_A(real)=0.91 D_A(fake)=0.08 gnG=47.14 gnD=6.07 it_per_s=7.02
2026-10-03 05:01:21,361 INFO epoch=3 done time_s=1002 it_per_s=7.02 G=8.353 cycA=0.224 cycB=0.235 idtA=0.209 idtB=0.224 D_A=0.053 D_B=0.093 D_A(real)=0.91 D_A(fake)=0.08 nan_count=0
2026-10-03 05:01:34,040 INFO iter=21200 epoch=4 lr=2.00e-04 G=8.111 advA2B=0.685 advB2A=0.945 cycA=0.211 cycB=0.227 idtA=0.197 idtB=0.222 D_A=0.043 D_B=0.128 D_A(real)=0.93 D_A(fake)=0.07 gnG=45.87 gnD=6.61 it_per_s=7.07
2026-10-03 05:01:48,262 INFO iter=21300 epoch=4 lr=2.00e-04 G=7.940 advA2B=0.634 advB2A=0.925 cycA=0.209 cycB=0.224 idtA=0.195 idtB=0.216 D_A=0.058 D_B=0.120 D_A(real)=0.91 D_A(fake)=0.09 gnG=42.83 gnD=6.61 it_per_s=7.05
2026-10-03 05:02:02,585 INFO iter=21400 epoch=4 lr=2.00e-04 G=7.746 advA2B=0.640 advB2A=0.903 cycA=0.206 cycB=0.215 idtA=0.191 idtB=0.208 D_A=0.052 D_B=0.123 D_A(real)=0.92 D_A(fake)=0.08 gnG=42.29 gnD=6.60 it_per_s=7.02
2026-10-03 05:02:16,945 INFO iter=21500 epoch=4 lr=2.00e-04 G=7.808 advA2B=0.619 advB2A=0.915 cycA=0.208 cycB=0.218 idtA=0.193 idtB=0.209 D_A=0.051 D_B=0.118 D_A(real)=0.92 D_A(fake)=0.08 gnG=44.52 gnD=6.50 it_per_s=7.01
2026-10-03 05:02:31,249 INFO iter=21600 epoch=4 lr=2.00e-04 G=7.906 advA2B=0.611 advB2A=0.931 cycA=0.212 cycB=0.221 idtA=0.198 idtB=0.208 D_A=0.048 D_B=0.121 D_A(real)=0.93 D_A(fake)=0.07 gnG=44.23 gnD=6.46 it_per_s=7.01
2026-10-03 05:02:45,799 INFO iter=21700 epoch=4 lr=2.00e-04 G=8.093 advA2B=0.617 advB2A=0.928 cycA=0.218 cycB=0.229 idtA=0.202 idtB=0.215 D_A=0.045 D_B=0.122 D_A(real)=0.93 D_A(fake)=0.07 gnG=45.83 gnD=6.39 it_per_s=6.98
2026-10-03 05:03:00,305 INFO iter=21800 epoch=4 lr=2.00e-04 G=8.132 advA2B=0.625 advB2A=0.932 cycA=0.218 cycB=0.230 idtA=0.201 idtB=0.217 D_A=0.044 D_B=0.119 D_A(real)=0.93 D_A(fake)=0.07 gnG=45.70 gnD=6.32 it_per_s=6.97
2026-10-03 05:03:14,886 INFO iter=21900 epoch=4 lr=2.00e-04 G=8.123 advA2B=0.627 advB2A=0.933 cycA=0.218 cycB=0.229 idtA=0.202 idtB=0.216 D_A=0.044 D_B=0.120 D_A(real)=0.93 D_A(fake)=0.07 gnG=45.16 gnD=6.30 it_per_s=6.95
2026-10-03 05:03:29,446 INFO iter=22000 epoch=4 lr=2.00e-04 G=8.114 advA2B=0.633 advB2A=0.929 cycA=0.217 cycB=0.229 idtA=0.202 idtB=0.215 D_A=0.043 D_B=0.119 D_A(real)=0.93 D_A(fake)=0.07 gnG=45.05 gnD=6.32 it_per_s=6.94
2026-10-03 05:03:44,198 INFO iter=22100 epoch=4 lr=2.00e-04 G=8.149 advA2B=0.667 advB2A=0.933 cycA=0.217 cycB=0.229 idtA=0.201 idtB=0.216 D_A=0.042 D_B=0.113 D_A(real)=0.93 D_A(fake)=0.07 gnG=44.75 gnD=6.21 it_per_s=6.93
2026-10-03 05:03:58,740 INFO iter=22200 epoch=4 lr=2.00e-04 G=8.123 advA2B=0.674 advB2A=0.934 cycA=0.216 cycB=0.228 idtA=0.201 idtB=0.214 D_A=0.041 D_B=0.110 D_A(real)=0.94 D_A(fake)=0.06 gnG=44.70 gnD=6.07 it_per_s=6.92
2026-10-03 05:04:13,413 INFO iter=22300 epoch=4 lr=2.00e-04 G=8.089 advA2B=0.665 advB2A=0.933 cycA=0.216 cycB=0.227 idtA=0.201 idtB=0.213 D_A=0.040 D_B=0.110 D_A(real)=0.94 D_A(fake)=0.06 gnG=44.77 gnD=6.03 it_per_s=6.91
2026-10-03 05:04:28,223 INFO iter=22400 epoch=4 lr=2.00e-04 G=8.083 advA2B=0.667 advB2A=0.927 cycA=0.215 cycB=0.227 idtA=0.200 idtB=0.213 D_A=0.040 D_B=0.110 D_A(real)=0.94 D_A(fake)=0.06 gnG=44.90 gnD=6.05 it_per_s=6.90
2026-10-03 05:04:42,435 INFO iter=22500 epoch=4 lr=2.00e-04 G=8.055 advA2B=0.661 advB2A=0.918 cycA=0.215 cycB=0.227 idtA=0.200 idtB=0.212 D_A=0.040 D_B=0.112 D_A(real)=0.94 D_A(fake)=0.06 gnG=45.04 gnD=6.12 it_per_s=6.91
2026-10-03 05:04:56,578 INFO iter=22600 epoch=4 lr=2.00e-04 G=8.029 advA2B=0.658 advB2A=0.919 cycA=0.214 cycB=0.225 idtA=0.200 idtB=0.211 D_A=0.042 D_B=0.113 D_A(real)=0.94 D_A(fake)=0.06 gnG=45.00 gnD=6.14 it_per_s=6.92
2026-10-03 05:05:10,973 INFO iter=22700 epoch=4 lr=2.00e-04 G=8.005 advA2B=0.658 advB2A=0.923 cycA=0.213 cycB=0.224 idtA=0.199 idtB=0.210 D_A=0.042 D_B=0.113 D_A(real)=0.93 D_A(fake)=0.06 gnG=45.03 gnD=6.18 it_per_s=6.92
2026-10-03 05:05:25,249 INFO iter=22800 epoch=4 lr=2.00e-04 G=7.979 advA2B=0.658 advB2A=0.920 cycA=0.213 cycB=0.223 idtA=0.199 idtB=0.209 D_A=0.042 D_B=0.114 D_A(real)=0.93 D_A(fake)=0.06 gnG=45.78 gnD=6.22 it_per_s=6.93
2026-10-03 05:05:39,588 INFO iter=22900 epoch=4 lr=2.00e-04 G=7.979 advA2B=0.659 advB2A=0.916 cycA=0.213 cycB=0.223 idtA=0.199 idtB=0.209 D_A=0.042 D_B=0.114 D_A(real)=0.93 D_A(fake)=0.07 gnG=46.14 gnD=6.32 it_per_s=6.93
2026-10-03 05:05:53,841 INFO iter=23000 epoch=4 lr=2.00e-04 G=7.975 advA2B=0.654 advB2A=0.909 cycA=0.214 cycB=0.223 idtA=0.200 idtB=0.208 D_A=0.043 D_B=0.115 D_A(real)=0.93 D_A(fake)=0.07 gnG=46.62 gnD=6.41 it_per_s=6.93
2026-10-03 05:06:08,130 INFO iter=23100 epoch=4 lr=2.00e-04 G=7.945 advA2B=0.653 advB2A=0.912 cycA=0.213 cycB=0.221 idtA=0.200 idtB=0.207 D_A=0.042 D_B=0.115 D_A(real)=0.93 D_A(fake)=0.07 gnG=46.65 gnD=6.43 it_per_s=6.94
2026-10-03 05:06:22,449 INFO iter=23200 epoch=4 lr=2.00e-04 G=7.927 advA2B=0.649 advB2A=0.912 cycA=0.213 cycB=0.221 idtA=0.199 idtB=0.207 D_A=0.043 D_B=0.116 D_A(real)=0.93 D_A(fake)=0.07 gnG=47.16 gnD=6.48 it_per_s=6.94
2026-10-03 05:06:36,746 INFO iter=23300 epoch=4 lr=2.00e-04 G=7.920 advA2B=0.645 advB2A=0.912 cycA=0.213 cycB=0.221 idtA=0.199 idtB=0.207 D_A=0.042 D_B=0.117 D_A(real)=0.93 D_A(fake)=0.07 gnG=47.59 gnD=6.49 it_per_s=6.94
2026-10-03 05:06:51,059 INFO iter=23400 epoch=4 lr=2.00e-04 G=7.907 advA2B=0.642 advB2A=0.913 cycA=0.212 cycB=0.220 idtA=0.199 idtB=0.206 D_A=0.042 D_B=0.118 D_A(real)=0.93 D_A(fake)=0.07 gnG=47.91 gnD=6.52 it_per_s=6.94
2026-10-03 05:07:05,368 INFO iter=23500 epoch=4 lr=2.00e-04 G=7.889 advA2B=0.639 advB2A=0.913 cycA=0.212 cycB=0.220 idtA=0.198 idtB=0.206 D_A=0.043 D_B=0.119 D_A(real)=0.93 D_A(fake)=0.07 gnG=48.15 gnD=6.55 it_per_s=6.95
2026-10-03 05:07:19,716 INFO iter=23600 epoch=4 lr=2.00e-04 G=7.872 advA2B=0.637 advB2A=0.908 cycA=0.211 cycB=0.219 idtA=0.198 idtB=0.206 D_A=0.043 D_B=0.119 D_A(real)=0.93 D_A(fake)=0.07 gnG=48.29 gnD=6.53 it_per_s=6.95
2026-10-03 05:07:33,905 INFO iter=23700 epoch=4 lr=2.00e-04 G=7.937 advA2B=0.643 advB2A=0.903 cycA=0.213 cycB=0.222 idtA=0.199 idtB=0.209 D_A=0.044 D_B=0.119 D_A(real)=0.93 D_A(fake)=0.07 gnG=49.37 gnD=6.54 it_per_s=6.95
2026-10-03 05:07:48,049 INFO iter=23800 epoch=4 lr=2.00e-04 G=8.020 advA2B=0.658 advB2A=0.907 cycA=0.214 cycB=0.225 idtA=0.199 idtB=0.214 D_A=0.044 D_B=0.117 D_A(real)=0.93 D_A(fake)=0.07 gnG=49.32 gnD=6.49 it_per_s=6.96
2026-10-03 05:08:02,484 INFO iter=23900 epoch=4 lr=2.00e-04 G=8.028 advA2B=0.662 advB2A=0.906 cycA=0.214 cycB=0.225 idtA=0.198 idtB=0.214 D_A=0.044 D_B=0.115 D_A(real)=0.93 D_A(fake)=0.07 gnG=49.11 gnD=6.43 it_per_s=6.95
2026-10-03 05:08:16,755 INFO iter=24000 epoch=4 lr=2.00e-04 G=8.027 advA2B=0.662 advB2A=0.906 cycA=0.214 cycB=0.225 idtA=0.198 idtB=0.215 D_A=0.044 D_B=0.114 D_A(real)=0.93 D_A(fake)=0.07 gnG=48.99 gnD=6.38 it_per_s=6.96
2026-10-03 05:08:30,920 INFO iter=24100 epoch=4 lr=2.00e-04 G=8.032 advA2B=0.661 advB2A=0.907 cycA=0.215 cycB=0.225 idtA=0.198 idtB=0.215 D_A=0.044 D_B=0.113 D_A(real)=0.93 D_A(fake)=0.07 gnG=49.18 gnD=6.35 it_per_s=6.96
2026-10-03 05:08:45,144 INFO iter=24200 epoch=4 lr=2.00e-04 G=8.035 advA2B=0.660 advB2A=0.905 cycA=0.215 cycB=0.226 idtA=0.198 idtB=0.216 D_A=0.044 D_B=0.113 D_A(real)=0.93 D_A(fake)=0.07 gnG=49.17 gnD=6.32 it_per_s=6.96
2026-10-03 05:08:59,567 INFO iter=24300 epoch=4 lr=2.00e-04 G=8.026 advA2B=0.660 advB2A=0.906 cycA=0.214 cycB=0.225 idtA=0.197 idtB=0.216 D_A=0.044 D_B=0.113 D_A(real)=0.93 D_A(fake)=0.07 gnG=48.95 gnD=6.32 it_per_s=6.96
2026-10-03 05:09:13,707 INFO iter=24400 epoch=4 lr=2.00e-04 G=8.039 advA2B=0.661 advB2A=0.907 cycA=0.214 cycB=0.226 idtA=0.198 idtB=0.216 D_A=0.043 D_B=0.112 D_A(real)=0.93 D_A(fake)=0.07 gnG=48.82 gnD=6.33 it_per_s=6.96
2026-10-03 05:09:27,966 INFO iter=24500 epoch=4 lr=2.00e-04 G=8.027 advA2B=0.660 advB2A=0.908 cycA=0.214 cycB=0.225 idtA=0.197 idtB=0.216 D_A=0.043 D_B=0.111 D_A(real)=0.93 D_A(fake)=0.07 gnG=48.55 gnD=6.34 it_per_s=6.97
2026-10-03 05:09:41,805 INFO iter=24600 epoch=4 lr=2.00e-04 G=8.013 advA2B=0.658 advB2A=0.906 cycA=0.214 cycB=0.225 idtA=0.197 idtB=0.216 D_A=0.043 D_B=0.112 D_A(real)=0.93 D_A(fake)=0.07 gnG=48.76 gnD=6.35 it_per_s=6.97
2026-10-03 05:09:56,094 INFO iter=24700 epoch=4 lr=2.00e-04 G=8.002 advA2B=0.657 advB2A=0.904 cycA=0.214 cycB=0.224 idtA=0.197 idtB=0.215 D_A=0.044 D_B=0.112 D_A(real)=0.93 D_A(fake)=0.07 gnG=48.85 gnD=6.38 it_per_s=6.97
2026-10-03 05:10:10,120 INFO iter=24800 epoch=4 lr=2.00e-04 G=7.990 advA2B=0.656 advB2A=0.903 cycA=0.213 cycB=0.224 idtA=0.196 idtB=0.215 D_A=0.044 D_B=0.112 D_A(real)=0.93 D_A(fake)=0.07 gnG=48.84 gnD=6.40 it_per_s=6.98
2026-10-03 05:10:24,361 INFO iter=24900 epoch=4 lr=2.00e-04 G=7.974 advA2B=0.656 advB2A=0.902 cycA=0.213 cycB=0.223 idtA=0.196 idtB=0.214 D_A=0.044 D_B=0.113 D_A(real)=0.93 D_A(fake)=0.07 gnG=48.91 gnD=6.40 it_per_s=6.98
2026-10-03 05:10:38,257 INFO iter=25000 epoch=4 lr=2.00e-04 G=7.964 advA2B=0.655 advB2A=0.900 cycA=0.213 cycB=0.223 idtA=0.196 idtB=0.214 D_A=0.045 D_B=0.113 D_A(real)=0.93 D_A(fake)=0.07 gnG=48.82 gnD=6.41 it_per_s=6.98
2026-10-03 05:10:52,396 INFO iter=25100 epoch=4 lr=2.00e-04 G=7.945 advA2B=0.655 advB2A=0.899 cycA=0.212 cycB=0.222 idtA=0.196 idtB=0.213 D_A=0.045 D_B=0.113 D_A(real)=0.93 D_A(fake)=0.07 gnG=48.61 gnD=6.40 it_per_s=6.99
2026-10-03 05:11:06,631 INFO iter=25200 epoch=4 lr=2.00e-04 G=7.929 advA2B=0.653 advB2A=0.898 cycA=0.212 cycB=0.222 idtA=0.195 idtB=0.213 D_A=0.045 D_B=0.113 D_A(real)=0.93 D_A(fake)=0.07 gnG=48.54 gnD=6.41 it_per_s=6.99
2026-10-03 05:11:20,671 INFO iter=25300 epoch=4 lr=2.00e-04 G=7.915 advA2B=0.652 advB2A=0.895 cycA=0.212 cycB=0.221 idtA=0.195 idtB=0.212 D_A=0.045 D_B=0.114 D_A(real)=0.93 D_A(fake)=0.07 gnG=48.67 gnD=6.42 it_per_s=6.99
2026-10-03 05:11:34,883 INFO iter=25400 epoch=4 lr=2.00e-04 G=7.918 advA2B=0.655 advB2A=0.894 cycA=0.212 cycB=0.221 idtA=0.195 idtB=0.212 D_A=0.046 D_B=0.113 D_A(real)=0.93 D_A(fake)=0.07 gnG=48.95 gnD=6.41 it_per_s=6.99
2026-10-03 05:11:48,866 INFO iter=25500 epoch=4 lr=2.00e-04 G=7.915 advA2B=0.657 advB2A=0.894 cycA=0.212 cycB=0.221 idtA=0.195 idtB=0.212 D_A=0.046 D_B=0.112 D_A(real)=0.92 D_A(fake)=0.07 gnG=49.11 gnD=6.40 it_per_s=7.00
2026-10-03 05:12:03,098 INFO iter=25600 epoch=4 lr=2.00e-04 G=7.913 advA2B=0.660 advB2A=0.894 cycA=0.211 cycB=0.221 idtA=0.195 idtB=0.212 D_A=0.046 D_B=0.112 D_A(real)=0.92 D_A(fake)=0.07 gnG=49.04 gnD=6.38 it_per_s=7.00
2026-10-03 05:12:17,132 INFO iter=25700 epoch=4 lr=2.00e-04 G=7.908 advA2B=0.660 advB2A=0.894 cycA=0.211 cycB=0.221 idtA=0.195 idtB=0.212 D_A=0.046 D_B=0.112 D_A(real)=0.93 D_A(fake)=0.07 gnG=49.11 gnD=6.38 it_per_s=7.00
2026-10-03 05:12:31,416 INFO iter=25800 epoch=4 lr=2.00e-04 G=7.895 advA2B=0.658 advB2A=0.893 cycA=0.211 cycB=0.221 idtA=0.195 idtB=0.212 D_A=0.046 D_B=0.112 D_A(real)=0.92 D_A(fake)=0.07 gnG=49.10 gnD=6.38 it_per_s=7.00
2026-10-03 05:12:45,362 INFO iter=25900 epoch=4 lr=2.00e-04 G=7.888 advA2B=0.657 advB2A=0.894 cycA=0.211 cycB=0.220 idtA=0.194 idtB=0.211 D_A=0.046 D_B=0.112 D_A(real)=0.92 D_A(fake)=0.07 gnG=49.25 gnD=6.37 it_per_s=7.00
2026-10-03 05:12:59,567 INFO iter=26000 epoch=4 lr=2.00e-04 G=7.893 advA2B=0.660 advB2A=0.894 cycA=0.211 cycB=0.220 idtA=0.194 idtB=0.211 D_A=0.046 D_B=0.112 D_A(real)=0.92 D_A(fake)=0.07 gnG=49.44 gnD=6.36 it_per_s=7.00
2026-10-03 05:13:13,939 INFO iter=26100 epoch=4 lr=2.00e-04 G=7.891 advA2B=0.659 advB2A=0.892 cycA=0.211 cycB=0.220 idtA=0.194 idtB=0.211 D_A=0.047 D_B=0.112 D_A(real)=0.92 D_A(fake)=0.08 gnG=49.55 gnD=6.36 it_per_s=7.00
2026-10-03 05:13:28,208 INFO iter=26200 epoch=4 lr=2.00e-04 G=7.890 advA2B=0.658 advB2A=0.891 cycA=0.211 cycB=0.220 idtA=0.195 idtB=0.211 D_A=0.047 D_B=0.112 D_A(real)=0.92 D_A(fake)=0.08 gnG=49.54 gnD=6.37 it_per_s=7.00
2026-10-03 05:13:42,061 INFO iter=26300 epoch=4 lr=2.00e-04 G=7.884 advA2B=0.657 advB2A=0.890 cycA=0.211 cycB=0.220 idtA=0.195 idtB=0.211 D_A=0.047 D_B=0.112 D_A(real)=0.92 D_A(fake)=0.08 gnG=49.52 gnD=6.39 it_per_s=7.01
2026-10-03 05:13:56,378 INFO iter=26400 epoch=4 lr=2.00e-04 G=7.879 advA2B=0.656 advB2A=0.890 cycA=0.211 cycB=0.220 idtA=0.194 idtB=0.211 D_A=0.048 D_B=0.112 D_A(real)=0.92 D_A(fake)=0.08 gnG=49.53 gnD=6.41 it_per_s=7.01
2026-10-03 05:14:10,902 INFO iter=26500 epoch=4 lr=2.00e-04 G=7.874 advA2B=0.657 advB2A=0.890 cycA=0.211 cycB=0.220 idtA=0.194 idtB=0.211 D_A=0.048 D_B=0.112 D_A(real)=0.92 D_A(fake)=0.08 gnG=49.65 gnD=6.41 it_per_s=7.00
2026-10-03 05:14:25,315 INFO iter=26600 epoch=4 lr=2.00e-04 G=7.866 advA2B=0.656 advB2A=0.891 cycA=0.210 cycB=0.219 idtA=0.194 idtB=0.210 D_A=0.048 D_B=0.112 D_A(real)=0.92 D_A(fake)=0.08 gnG=49.59 gnD=6.43 it_per_s=7.00
2026-10-03 05:14:39,679 INFO iter=26700 epoch=4 lr=2.00e-04 G=7.859 advA2B=0.655 advB2A=0.890 cycA=0.210 cycB=0.219 idtA=0.194 idtB=0.210 D_A=0.048 D_B=0.113 D_A(real)=0.92 D_A(fake)=0.08 gnG=49.62 gnD=6.43 it_per_s=7.00
2026-10-03 05:14:53,960 INFO iter=26800 epoch=4 lr=2.00e-04 G=7.854 advA2B=0.655 advB2A=0.889 cycA=0.210 cycB=0.219 idtA=0.194 idtB=0.210 D_A=0.048 D_B=0.113 D_A(real)=0.92 D_A(fake)=0.08 gnG=49.65 gnD=6.45 it_per_s=7.00
2026-10-03 05:15:08,191 INFO iter=26900 epoch=4 lr=2.00e-04 G=7.844 advA2B=0.653 advB2A=0.889 cycA=0.210 cycB=0.219 idtA=0.194 idtB=0.210 D_A=0.048 D_B=0.113 D_A(real)=0.92 D_A(fake)=0.08 gnG=49.60 gnD=6.45 it_per_s=7.00
2026-10-03 05:15:22,472 INFO iter=27000 epoch=4 lr=2.00e-04 G=7.836 advA2B=0.653 advB2A=0.891 cycA=0.210 cycB=0.218 idtA=0.194 idtB=0.209 D_A=0.048 D_B=0.114 D_A(real)=0.92 D_A(fake)=0.08 gnG=49.54 gnD=6.43 it_per_s=7.00
2026-10-03 05:15:36,786 INFO iter=27100 epoch=4 lr=2.00e-04 G=7.825 advA2B=0.652 advB2A=0.892 cycA=0.209 cycB=0.218 idtA=0.193 idtB=0.209 D_A=0.047 D_B=0.114 D_A(real)=0.92 D_A(fake)=0.08 gnG=49.40 gnD=6.41 it_per_s=7.00
2026-10-03 05:15:51,091 INFO iter=27200 epoch=4 lr=2.00e-04 G=7.822 advA2B=0.654 advB2A=0.893 cycA=0.209 cycB=0.218 idtA=0.193 idtB=0.209 D_A=0.047 D_B=0.113 D_A(real)=0.92 D_A(fake)=0.08 gnG=49.39 gnD=6.40 it_per_s=7.00
2026-10-03 05:16:05,408 INFO iter=27300 epoch=4 lr=2.00e-04 G=7.815 advA2B=0.652 advB2A=0.893 cycA=0.209 cycB=0.217 idtA=0.193 idtB=0.209 D_A=0.047 D_B=0.114 D_A(real)=0.92 D_A(fake)=0.08 gnG=49.32 gnD=6.41 it_per_s=7.00
2026-10-03 05:16:19,712 INFO iter=27400 epoch=4 lr=2.00e-04 G=7.810 advA2B=0.650 advB2A=0.891 cycA=0.209 cycB=0.217 idtA=0.193 idtB=0.209 D_A=0.047 D_B=0.114 D_A(real)=0.92 D_A(fake)=0.08 gnG=49.28 gnD=6.41 it_per_s=7.00
2026-10-03 05:16:33,956 INFO iter=27500 epoch=4 lr=2.00e-04 G=7.807 advA2B=0.650 advB2A=0.891 cycA=0.209 cycB=0.217 idtA=0.193 idtB=0.208 D_A=0.047 D_B=0.115 D_A(real)=0.92 D_A(fake)=0.08 gnG=49.25 gnD=6.42 it_per_s=7.00
2026-10-03 05:16:48,296 INFO iter=27600 epoch=4 lr=2.00e-04 G=7.816 advA2B=0.652 advB2A=0.890 cycA=0.209 cycB=0.217 idtA=0.193 idtB=0.209 D_A=0.047 D_B=0.114 D_A(real)=0.92 D_A(fake)=0.08 gnG=50.26 gnD=6.41 it_per_s=7.00
2026-10-03 05:17:02,640 INFO iter=27700 epoch=4 lr=2.00e-04 G=7.839 advA2B=0.655 advB2A=0.890 cycA=0.210 cycB=0.218 idtA=0.193 idtB=0.210 D_A=0.047 D_B=0.114 D_A(real)=0.92 D_A(fake)=0.08 gnG=50.54 gnD=6.41 it_per_s=7.00
2026-10-03 05:17:16,919 INFO iter=27800 epoch=4 lr=2.00e-04 G=7.849 advA2B=0.656 advB2A=0.891 cycA=0.210 cycB=0.219 idtA=0.193 idtB=0.210 D_A=0.047 D_B=0.113 D_A(real)=0.92 D_A(fake)=0.08 gnG=50.45 gnD=6.41 it_per_s=7.00
2026-10-03 05:17:31,141 INFO iter=27900 epoch=4 lr=2.00e-04 G=7.851 advA2B=0.655 advB2A=0.892 cycA=0.210 cycB=0.219 idtA=0.193 idtB=0.210 D_A=0.046 D_B=0.113 D_A(real)=0.92 D_A(fake)=0.07 gnG=50.34 gnD=6.40 it_per_s=7.00
2026-10-03 05:17:45,436 INFO iter=28000 epoch=4 lr=2.00e-04 G=7.850 advA2B=0.656 advB2A=0.892 cycA=0.210 cycB=0.219 idtA=0.193 idtB=0.210 D_A=0.046 D_B=0.113 D_A(real)=0.92 D_A(fake)=0.07 gnG=50.29 gnD=6.40 it_per_s=7.00
2026-10-03 05:17:59,642 INFO iter=28100 epoch=4 lr=2.00e-04 G=7.845 advA2B=0.656 advB2A=0.892 cycA=0.210 cycB=0.218 idtA=0.193 idtB=0.210 D_A=0.046 D_B=0.113 D_A(real)=0.92 D_A(fake)=0.07 gnG=50.27 gnD=6.40 it_per_s=7.00
2026-10-03 05:18:07,030 INFO epoch=4 done time_s=1005 it_per_s=7.00 G=7.842 cycA=0.209 cycB=0.218 idtA=0.193 idtB=0.210 D_A=0.046 D_B=0.113 D_A(real)=0.92 D_A(fake)=0.07 nan_count=0
2026-10-03 05:18:07,030 WARNING epoch=4 D_A (Monet) loss 0.0459 is near 0: possible discriminator overfitting
2026-10-03 05:18:14,500 INFO iter=28200 epoch=5 lr=2.00e-04 G=8.449 advA2B=0.800 advB2A=0.927 cycA=0.220 cycB=0.238 idtA=0.191 idtB=0.238 D_A=0.026 D_B=0.094 D_A(real)=0.96 D_A(fake)=0.04 gnG=91.81 gnD=7.32 it_per_s=6.92
2026-10-03 05:18:28,806 INFO iter=28300 epoch=5 lr=2.00e-04 G=8.264 advA2B=0.844 advB2A=0.923 cycA=0.213 cycB=0.231 idtA=0.182 idtB=0.230 D_A=0.042 D_B=0.079 D_A(real)=0.93 D_A(fake)=0.07 gnG=65.91 gnD=6.31 it_per_s=6.97
2026-10-03 05:18:43,149 INFO iter=28400 epoch=5 lr=2.00e-04 G=8.327 advA2B=0.868 advB2A=0.928 cycA=0.214 cycB=0.231 idtA=0.186 idtB=0.231 D_A=0.046 D_B=0.067 D_A(real)=0.93 D_A(fake)=0.07 gnG=56.47 gnD=5.94 it_per_s=6.97
2026-10-03 05:18:57,365 INFO iter=28500 epoch=5 lr=2.00e-04 G=8.242 advA2B=0.818 advB2A=0.905 cycA=0.213 cycB=0.232 idtA=0.185 idtB=0.231 D_A=0.050 D_B=0.072 D_A(real)=0.92 D_A(fake)=0.08 gnG=54.34 gnD=6.40 it_per_s=6.99
2026-10-03 05:19:11,612 INFO iter=28600 epoch=5 lr=2.00e-04 G=8.207 advA2B=0.792 advB2A=0.917 cycA=0.214 cycB=0.229 idtA=0.187 idtB=0.228 D_A=0.042 D_B=0.073 D_A(real)=0.93 D_A(fake)=0.07 gnG=52.86 gnD=6.13 it_per_s=6.99
2026-10-03 05:19:25,999 INFO iter=28700 epoch=5 lr=2.00e-04 G=8.145 advA2B=0.782 advB2A=0.922 cycA=0.213 cycB=0.226 idtA=0.186 idtB=0.225 D_A=0.040 D_B=0.074 D_A(real)=0.93 D_A(fake)=0.07 gnG=52.10 gnD=6.12 it_per_s=6.99
2026-10-03 05:19:40,296 INFO iter=28800 epoch=5 lr=2.00e-04 G=8.061 advA2B=0.780 advB2A=0.920 cycA=0.211 cycB=0.222 idtA=0.185 idtB=0.221 D_A=0.038 D_B=0.074 D_A(real)=0.94 D_A(fake)=0.06 gnG=51.04 gnD=6.12 it_per_s=6.99
2026-10-03 05:19:54,550 INFO iter=28900 epoch=5 lr=2.00e-04 G=7.997 advA2B=0.786 advB2A=0.921 cycA=0.210 cycB=0.218 idtA=0.184 idtB=0.217 D_A=0.040 D_B=0.075 D_A(real)=0.94 D_A(fake)=0.06 gnG=50.39 gnD=6.14 it_per_s=6.99
2026-10-03 05:20:08,825 INFO iter=29000 epoch=5 lr=2.00e-04 G=7.997 advA2B=0.770 advB2A=0.911 cycA=0.210 cycB=0.220 idtA=0.185 idtB=0.219 D_A=0.041 D_B=0.079 D_A(real)=0.93 D_A(fake)=0.07 gnG=51.67 gnD=6.22 it_per_s=6.99
2026-10-03 05:20:23,156 INFO iter=29100 epoch=5 lr=2.00e-04 G=8.038 advA2B=0.780 advB2A=0.909 cycA=0.210 cycB=0.221 idtA=0.186 idtB=0.221 D_A=0.043 D_B=0.078 D_A(real)=0.93 D_A(fake)=0.07 gnG=51.10 gnD=6.16 it_per_s=6.99
2026-10-03 05:20:37,423 INFO iter=29200 epoch=5 lr=2.00e-04 G=8.073 advA2B=0.774 advB2A=0.898 cycA=0.211 cycB=0.223 idtA=0.188 idtB=0.223 D_A=0.044 D_B=0.080 D_A(real)=0.93 D_A(fake)=0.07 gnG=52.58 gnD=6.19 it_per_s=6.99
2026-10-03 05:20:51,557 INFO iter=29300 epoch=5 lr=2.00e-04 G=8.061 advA2B=0.766 advB2A=0.901 cycA=0.211 cycB=0.223 idtA=0.188 idtB=0.223 D_A=0.042 D_B=0.081 D_A(real)=0.93 D_A(fake)=0.07 gnG=51.89 gnD=6.15 it_per_s=7.00
2026-10-03 05:21:05,874 INFO iter=29400 epoch=5 lr=2.00e-04 G=8.057 advA2B=0.768 advB2A=0.907 cycA=0.210 cycB=0.223 idtA=0.189 idtB=0.222 D_A=0.040 D_B=0.081 D_A(real)=0.93 D_A(fake)=0.07 gnG=51.74 gnD=6.19 it_per_s=7.00
2026-10-03 05:21:19,876 INFO iter=29500 epoch=5 lr=2.00e-04 G=8.054 advA2B=0.769 advB2A=0.913 cycA=0.210 cycB=0.222 idtA=0.189 idtB=0.221 D_A=0.038 D_B=0.081 D_A(real)=0.94 D_A(fake)=0.06 gnG=51.75 gnD=6.16 it_per_s=7.01
2026-10-03 05:21:34,387 INFO iter=29600 epoch=5 lr=2.00e-04 G=8.047 advA2B=0.770 advB2A=0.906 cycA=0.211 cycB=0.221 idtA=0.190 idtB=0.221 D_A=0.039 D_B=0.080 D_A(real)=0.94 D_A(fake)=0.06 gnG=51.89 gnD=6.20 it_per_s=7.00
2026-10-03 05:21:48,357 INFO iter=29700 epoch=5 lr=2.00e-04 G=8.037 advA2B=0.771 advB2A=0.908 cycA=0.210 cycB=0.221 idtA=0.189 idtB=0.220 D_A=0.039 D_B=0.079 D_A(real)=0.94 D_A(fake)=0.06 gnG=51.72 gnD=6.17 it_per_s=7.01
2026-10-03 05:22:02,707 INFO iter=29800 epoch=5 lr=2.00e-04 G=8.016 advA2B=0.768 advB2A=0.906 cycA=0.210 cycB=0.220 idtA=0.190 idtB=0.219 D_A=0.038 D_B=0.080 D_A(real)=0.94 D_A(fake)=0.06 gnG=51.51 gnD=6.18 it_per_s=7.01
2026-10-03 05:22:16,680 INFO iter=29900 epoch=5 lr=2.00e-04 G=7.993 advA2B=0.759 advB2A=0.906 cycA=0.210 cycB=0.219 idtA=0.190 idtB=0.218 D_A=0.040 D_B=0.081 D_A(real)=0.93 D_A(fake)=0.07 gnG=51.30 gnD=6.22 it_per_s=7.02
2026-10-03 05:22:30,913 INFO iter=30000 epoch=5 lr=2.00e-04 G=8.007 advA2B=0.762 advB2A=0.908 cycA=0.209 cycB=0.220 idtA=0.189 idtB=0.219 D_A=0.039 D_B=0.081 D_A(real)=0.94 D_A(fake)=0.06 gnG=52.62 gnD=6.20 it_per_s=7.02
2026-10-03 05:22:44,730 INFO iter=30100 epoch=5 lr=2.00e-04 G=8.005 advA2B=0.766 advB2A=0.906 cycA=0.209 cycB=0.220 idtA=0.189 idtB=0.219 D_A=0.039 D_B=0.080 D_A(real)=0.94 D_A(fake)=0.06 gnG=52.51 gnD=6.14 it_per_s=7.03
2026-10-03 05:22:59,008 INFO iter=30200 epoch=5 lr=2.00e-04 G=7.991 advA2B=0.763 advB2A=0.903 cycA=0.209 cycB=0.220 idtA=0.189 idtB=0.218 D_A=0.039 D_B=0.080 D_A(real)=0.93 D_A(fake)=0.06 gnG=52.60 gnD=6.13 it_per_s=7.03
2026-10-03 05:23:13,330 INFO iter=30300 epoch=5 lr=2.00e-04 G=7.978 advA2B=0.759 advB2A=0.905 cycA=0.209 cycB=0.219 idtA=0.188 idtB=0.218 D_A=0.039 D_B=0.081 D_A(real)=0.94 D_A(fake)=0.06 gnG=52.98 gnD=6.11 it_per_s=7.02
2026-10-03 05:23:27,652 INFO iter=30400 epoch=5 lr=2.00e-04 G=7.993 advA2B=0.761 advB2A=0.897 cycA=0.210 cycB=0.219 idtA=0.190 idtB=0.218 D_A=0.041 D_B=0.081 D_A(real)=0.93 D_A(fake)=0.07 gnG=53.34 gnD=6.16 it_per_s=7.02
2026-10-03 05:23:41,891 INFO iter=30500 epoch=5 lr=2.00e-04 G=7.992 advA2B=0.762 advB2A=0.896 cycA=0.210 cycB=0.220 idtA=0.190 idtB=0.218 D_A=0.042 D_B=0.080 D_A(real)=0.93 D_A(fake)=0.07 gnG=53.19 gnD=6.17 it_per_s=7.02
2026-10-03 05:23:56,114 INFO iter=30600 epoch=5 lr=2.00e-04 G=7.980 advA2B=0.758 advB2A=0.897 cycA=0.210 cycB=0.219 idtA=0.189 idtB=0.217 D_A=0.042 D_B=0.080 D_A(real)=0.93 D_A(fake)=0.07 gnG=52.87 gnD=6.16 it_per_s=7.02
2026-10-03 05:24:10,125 INFO iter=30700 epoch=5 lr=2.00e-04 G=7.955 advA2B=0.759 advB2A=0.896 cycA=0.209 cycB=0.219 idtA=0.189 idtB=0.216 D_A=0.042 D_B=0.081 D_A(real)=0.93 D_A(fake)=0.07 gnG=52.54 gnD=6.14 it_per_s=7.03
2026-10-03 05:24:24,204 INFO iter=30800 epoch=5 lr=2.00e-04 G=7.933 advA2B=0.759 advB2A=0.898 cycA=0.208 cycB=0.218 idtA=0.188 idtB=0.215 D_A=0.042 D_B=0.081 D_A(real)=0.93 D_A(fake)=0.07 gnG=52.32 gnD=6.16 it_per_s=7.03
2026-10-03 05:24:38,382 INFO iter=30900 epoch=5 lr=2.00e-04 G=7.922 advA2B=0.758 advB2A=0.895 cycA=0.208 cycB=0.218 idtA=0.188 idtB=0.215 D_A=0.043 D_B=0.081 D_A(real)=0.93 D_A(fake)=0.07 gnG=52.25 gnD=6.15 it_per_s=7.03
2026-10-03 05:24:52,503 INFO iter=31000 epoch=5 lr=2.00e-04 G=7.912 advA2B=0.755 advB2A=0.894 cycA=0.207 cycB=0.218 idtA=0.188 idtB=0.215 D_A=0.043 D_B=0.082 D_A(real)=0.93 D_A(fake)=0.07 gnG=52.16 gnD=6.16 it_per_s=7.03
2026-10-03 05:25:06,828 INFO iter=31100 epoch=5 lr=2.00e-04 G=7.896 advA2B=0.756 advB2A=0.892 cycA=0.207 cycB=0.217 idtA=0.187 idtB=0.214 D_A=0.043 D_B=0.082 D_A(real)=0.93 D_A(fake)=0.07 gnG=52.07 gnD=6.19 it_per_s=7.03
2026-10-03 05:25:20,903 INFO iter=31200 epoch=5 lr=2.00e-04 G=7.886 advA2B=0.753 advB2A=0.891 cycA=0.207 cycB=0.217 idtA=0.188 idtB=0.214 D_A=0.043 D_B=0.083 D_A(real)=0.93 D_A(fake)=0.07 gnG=51.93 gnD=6.22 it_per_s=7.03
2026-10-03 05:25:35,213 INFO iter=31300 epoch=5 lr=2.00e-04 G=7.889 advA2B=0.754 advB2A=0.890 cycA=0.207 cycB=0.217 idtA=0.188 idtB=0.214 D_A=0.044 D_B=0.083 D_A(real)=0.93 D_A(fake)=0.07 gnG=51.92 gnD=6.25 it_per_s=7.03
2026-10-03 05:25:49,151 INFO iter=31400 epoch=5 lr=2.00e-04 G=7.872 advA2B=0.753 advB2A=0.892 cycA=0.207 cycB=0.216 idtA=0.188 idtB=0.213 D_A=0.044 D_B=0.083 D_A(real)=0.93 D_A(fake)=0.07 gnG=51.71 gnD=6.24 it_per_s=7.04
2026-10-03 05:26:03,445 INFO iter=31500 epoch=5 lr=2.00e-04 G=7.865 advA2B=0.750 advB2A=0.892 cycA=0.207 cycB=0.216 idtA=0.188 idtB=0.212 D_A=0.044 D_B=0.083 D_A(real)=0.93 D_A(fake)=0.07 gnG=51.70 gnD=6.26 it_per_s=7.04
2026-10-03 05:26:17,755 INFO iter=31600 epoch=5 lr=2.00e-04 G=7.853 advA2B=0.746 advB2A=0.892 cycA=0.206 cycB=0.216 idtA=0.188 idtB=0.212 D_A=0.043 D_B=0.084 D_A(real)=0.93 D_A(fake)=0.07 gnG=51.53 gnD=6.27 it_per_s=7.03
2026-10-03 05:26:32,100 INFO iter=31700 epoch=5 lr=2.00e-04 G=7.832 advA2B=0.744 advB2A=0.891 cycA=0.206 cycB=0.215 idtA=0.187 idtB=0.211 D_A=0.044 D_B=0.085 D_A(real)=0.93 D_A(fake)=0.07 gnG=51.13 gnD=6.29 it_per_s=7.03
2026-10-03 05:26:46,115 INFO iter=31800 epoch=5 lr=2.00e-04 G=7.828 advA2B=0.744 advB2A=0.889 cycA=0.206 cycB=0.215 idtA=0.187 idtB=0.211 D_A=0.044 D_B=0.086 D_A(real)=0.93 D_A(fake)=0.07 gnG=50.88 gnD=6.35 it_per_s=7.03
2026-10-03 05:27:00,294 INFO iter=31900 epoch=5 lr=2.00e-04 G=7.827 advA2B=0.744 advB2A=0.890 cycA=0.206 cycB=0.214 idtA=0.188 idtB=0.211 D_A=0.044 D_B=0.086 D_A(real)=0.93 D_A(fake)=0.07 gnG=51.00 gnD=6.38 it_per_s=7.04
2026-10-03 05:27:14,305 INFO iter=32000 epoch=5 lr=2.00e-04 G=7.808 advA2B=0.744 advB2A=0.889 cycA=0.205 cycB=0.214 idtA=0.187 idtB=0.210 D_A=0.044 D_B=0.086 D_A(real)=0.93 D_A(fake)=0.07 gnG=50.76 gnD=6.39 it_per_s=7.04
2026-10-03 05:27:28,548 INFO iter=32100 epoch=5 lr=2.00e-04 G=7.787 advA2B=0.742 advB2A=0.889 cycA=0.204 cycB=0.213 idtA=0.187 idtB=0.209 D_A=0.044 D_B=0.087 D_A(real)=0.93 D_A(fake)=0.07 gnG=50.63 gnD=6.42 it_per_s=7.04
2026-10-03 05:27:42,417 INFO iter=32200 epoch=5 lr=2.00e-04 G=7.789 advA2B=0.741 advB2A=0.888 cycA=0.205 cycB=0.213 idtA=0.187 idtB=0.209 D_A=0.044 D_B=0.087 D_A(real)=0.93 D_A(fake)=0.07 gnG=51.16 gnD=6.44 it_per_s=7.04
2026-10-03 05:27:56,556 INFO iter=32300 epoch=5 lr=2.00e-04 G=7.779 advA2B=0.740 advB2A=0.888 cycA=0.204 cycB=0.213 idtA=0.187 idtB=0.209 D_A=0.045 D_B=0.088 D_A(real)=0.92 D_A(fake)=0.07 gnG=51.06 gnD=6.47 it_per_s=7.04
2026-10-03 05:28:10,881 INFO iter=32400 epoch=5 lr=2.00e-04 G=7.771 advA2B=0.739 advB2A=0.887 cycA=0.204 cycB=0.213 idtA=0.187 idtB=0.208 D_A=0.046 D_B=0.088 D_A(real)=0.92 D_A(fake)=0.08 gnG=51.07 gnD=6.47 it_per_s=7.04
2026-10-03 05:28:25,053 INFO iter=32500 epoch=5 lr=2.00e-04 G=7.772 advA2B=0.739 advB2A=0.888 cycA=0.204 cycB=0.213 idtA=0.187 idtB=0.208 D_A=0.045 D_B=0.088 D_A(real)=0.92 D_A(fake)=0.08 gnG=51.06 gnD=6.43 it_per_s=7.04
2026-10-03 05:28:39,248 INFO iter=32600 epoch=5 lr=2.00e-04 G=7.767 advA2B=0.739 advB2A=0.888 cycA=0.204 cycB=0.213 idtA=0.187 idtB=0.208 D_A=0.045 D_B=0.088 D_A(real)=0.92 D_A(fake)=0.08 gnG=51.38 gnD=6.43 it_per_s=7.04
2026-10-03 05:28:53,238 INFO iter=32700 epoch=5 lr=2.00e-04 G=7.781 advA2B=0.739 advB2A=0.888 cycA=0.204 cycB=0.213 idtA=0.187 idtB=0.209 D_A=0.045 D_B=0.088 D_A(real)=0.92 D_A(fake)=0.08 gnG=51.78 gnD=6.42 it_per_s=7.04
2026-10-03 05:29:07,497 INFO iter=32800 epoch=5 lr=2.00e-04 G=7.779 advA2B=0.738 advB2A=0.886 cycA=0.204 cycB=0.214 idtA=0.187 idtB=0.209 D_A=0.045 D_B=0.088 D_A(real)=0.92 D_A(fake)=0.07 gnG=52.21 gnD=6.40 it_per_s=7.04
2026-10-03 05:29:21,474 INFO iter=32900 epoch=5 lr=2.00e-04 G=7.779 advA2B=0.738 advB2A=0.886 cycA=0.204 cycB=0.214 idtA=0.186 idtB=0.209 D_A=0.045 D_B=0.088 D_A(real)=0.92 D_A(fake)=0.08 gnG=52.15 gnD=6.39 it_per_s=7.05
2026-10-03 05:29:35,682 INFO iter=33000 epoch=5 lr=2.00e-04 G=7.777 advA2B=0.737 advB2A=0.885 cycA=0.204 cycB=0.214 idtA=0.187 idtB=0.209 D_A=0.045 D_B=0.089 D_A(real)=0.92 D_A(fake)=0.08 gnG=52.16 gnD=6.39 it_per_s=7.05
2026-10-03 05:29:49,520 INFO iter=33100 epoch=5 lr=2.00e-04 G=7.787 advA2B=0.739 advB2A=0.886 cycA=0.204 cycB=0.214 idtA=0.187 idtB=0.209 D_A=0.045 D_B=0.088 D_A(real)=0.92 D_A(fake)=0.08 gnG=52.28 gnD=6.35 it_per_s=7.05
2026-10-03 05:30:03,745 INFO iter=33200 epoch=5 lr=2.00e-04 G=7.781 advA2B=0.737 advB2A=0.885 cycA=0.204 cycB=0.214 idtA=0.187 idtB=0.209 D_A=0.045 D_B=0.088 D_A(real)=0.92 D_A(fake)=0.08 gnG=52.14 gnD=6.35 it_per_s=7.05
2026-10-03 05:30:17,553 INFO iter=33300 epoch=5 lr=2.00e-04 G=7.773 advA2B=0.736 advB2A=0.883 cycA=0.204 cycB=0.214 idtA=0.187 idtB=0.209 D_A=0.045 D_B=0.089 D_A(real)=0.92 D_A(fake)=0.08 gnG=51.99 gnD=6.38 it_per_s=7.05
2026-10-03 05:30:31,764 INFO iter=33400 epoch=5 lr=2.00e-04 G=7.765 advA2B=0.733 advB2A=0.881 cycA=0.204 cycB=0.213 idtA=0.187 idtB=0.208 D_A=0.046 D_B=0.089 D_A(real)=0.92 D_A(fake)=0.08 gnG=51.89 gnD=6.39 it_per_s=7.05
2026-10-03 05:30:45,618 INFO iter=33500 epoch=5 lr=2.00e-04 G=7.774 advA2B=0.733 advB2A=0.881 cycA=0.204 cycB=0.214 idtA=0.187 idtB=0.209 D_A=0.046 D_B=0.089 D_A(real)=0.92 D_A(fake)=0.08 gnG=52.00 gnD=6.39 it_per_s=7.05
2026-10-03 05:30:59,766 INFO iter=33600 epoch=5 lr=2.00e-04 G=7.774 advA2B=0.733 advB2A=0.880 cycA=0.204 cycB=0.214 idtA=0.187 idtB=0.209 D_A=0.046 D_B=0.089 D_A(real)=0.92 D_A(fake)=0.08 gnG=52.04 gnD=6.39 it_per_s=7.06
2026-10-03 05:31:13,773 INFO iter=33700 epoch=5 lr=2.00e-04 G=7.771 advA2B=0.733 advB2A=0.880 cycA=0.204 cycB=0.214 idtA=0.187 idtB=0.209 D_A=0.046 D_B=0.089 D_A(real)=0.92 D_A(fake)=0.08 gnG=52.01 gnD=6.38 it_per_s=7.06
2026-10-03 05:31:27,884 INFO iter=33800 epoch=5 lr=2.00e-04 G=7.766 advA2B=0.732 advB2A=0.879 cycA=0.204 cycB=0.213 idtA=0.187 idtB=0.209 D_A=0.047 D_B=0.089 D_A(real)=0.92 D_A(fake)=0.08 gnG=51.97 gnD=6.38 it_per_s=7.06
2026-10-03 05:31:41,984 INFO iter=33900 epoch=5 lr=2.00e-04 G=7.758 advA2B=0.732 advB2A=0.879 cycA=0.204 cycB=0.213 idtA=0.187 idtB=0.208 D_A=0.047 D_B=0.089 D_A(real)=0.92 D_A(fake)=0.08 gnG=51.86 gnD=6.38 it_per_s=7.06
2026-10-03 05:31:56,047 INFO iter=34000 epoch=5 lr=2.00e-04 G=7.753 advA2B=0.732 advB2A=0.877 cycA=0.204 cycB=0.213 idtA=0.187 idtB=0.208 D_A=0.047 D_B=0.089 D_A(real)=0.92 D_A(fake)=0.08 gnG=51.78 gnD=6.37 it_per_s=7.06
2026-10-03 05:32:10,152 INFO iter=34100 epoch=5 lr=2.00e-04 G=7.760 advA2B=0.731 advB2A=0.876 cycA=0.204 cycB=0.213 idtA=0.187 idtB=0.208 D_A=0.047 D_B=0.089 D_A(real)=0.92 D_A(fake)=0.08 gnG=52.20 gnD=6.37 it_per_s=7.06
2026-10-03 05:32:24,122 INFO iter=34200 epoch=5 lr=2.00e-04 G=7.756 advA2B=0.732 advB2A=0.876 cycA=0.204 cycB=0.213 idtA=0.187 idtB=0.208 D_A=0.047 D_B=0.089 D_A(real)=0.92 D_A(fake)=0.08 gnG=52.23 gnD=6.37 it_per_s=7.06
2026-10-03 05:32:38,354 INFO iter=34300 epoch=5 lr=2.00e-04 G=7.751 advA2B=0.732 advB2A=0.876 cycA=0.204 cycB=0.213 idtA=0.187 idtB=0.208 D_A=0.047 D_B=0.089 D_A(real)=0.92 D_A(fake)=0.08 gnG=52.05 gnD=6.37 it_per_s=7.06
2026-10-03 05:32:52,348 INFO iter=34400 epoch=5 lr=2.00e-04 G=7.740 advA2B=0.731 advB2A=0.875 cycA=0.204 cycB=0.213 idtA=0.187 idtB=0.207 D_A=0.047 D_B=0.090 D_A(real)=0.92 D_A(fake)=0.08 gnG=51.95 gnD=6.36 it_per_s=7.06
2026-10-03 05:33:06,731 INFO iter=34500 epoch=5 lr=2.00e-04 G=7.735 advA2B=0.729 advB2A=0.875 cycA=0.204 cycB=0.212 idtA=0.187 idtB=0.207 D_A=0.047 D_B=0.090 D_A(real)=0.92 D_A(fake)=0.08 gnG=51.94 gnD=6.36 it_per_s=7.06
2026-10-03 05:33:20,711 INFO iter=34600 epoch=5 lr=2.00e-04 G=7.730 advA2B=0.727 advB2A=0.875 cycA=0.203 cycB=0.212 idtA=0.187 idtB=0.207 D_A=0.047 D_B=0.090 D_A(real)=0.92 D_A(fake)=0.08 gnG=51.77 gnD=6.35 it_per_s=7.06
2026-10-03 05:33:34,974 INFO iter=34700 epoch=5 lr=2.00e-04 G=7.725 advA2B=0.727 advB2A=0.876 cycA=0.203 cycB=0.212 idtA=0.186 idtB=0.207 D_A=0.047 D_B=0.090 D_A(real)=0.92 D_A(fake)=0.08 gnG=51.78 gnD=6.34 it_per_s=7.06
2026-10-03 05:33:48,985 INFO iter=34800 epoch=5 lr=2.00e-04 G=7.718 advA2B=0.728 advB2A=0.877 cycA=0.203 cycB=0.212 idtA=0.186 idtB=0.207 D_A=0.047 D_B=0.091 D_A(real)=0.92 D_A(fake)=0.08 gnG=51.61 gnD=6.34 it_per_s=7.06
2026-10-03 05:34:03,314 INFO iter=34900 epoch=5 lr=2.00e-04 G=7.715 advA2B=0.728 advB2A=0.877 cycA=0.203 cycB=0.212 idtA=0.186 idtB=0.207 D_A=0.047 D_B=0.091 D_A(real)=0.92 D_A(fake)=0.08 gnG=51.50 gnD=6.34 it_per_s=7.06
2026-10-03 05:34:17,396 INFO iter=35000 epoch=5 lr=2.00e-04 G=7.743 advA2B=0.727 advB2A=0.878 cycA=0.203 cycB=0.213 idtA=0.186 idtB=0.208 D_A=0.047 D_B=0.091 D_A(real)=0.92 D_A(fake)=0.08 gnG=59.22 gnD=6.34 it_per_s=7.06
2026-10-03 05:34:31,695 INFO iter=35100 epoch=5 lr=2.00e-04 G=7.777 advA2B=0.728 advB2A=0.877 cycA=0.204 cycB=0.215 idtA=0.186 idtB=0.210 D_A=0.047 D_B=0.091 D_A(real)=0.92 D_A(fake)=0.08 gnG=59.40 gnD=6.33 it_per_s=7.06
2026-10-03 05:34:44,353 INFO epoch=5 done time_s=997 it_per_s=7.06 G=7.789 cycA=0.204 cycB=0.215 idtA=0.186 idtB=0.211 D_A=0.047 D_B=0.090 D_A(real)=0.92 D_A(fake)=0.08 nan_count=0
2026-10-03 05:34:44,354 WARNING epoch=5 D_A (Monet) loss 0.0467 is near 0: possible discriminator overfitting
2026-10-03 05:34:46,407 INFO iter=35200 epoch=6 lr=2.00e-04 G=8.301 advA2B=1.023 advB2A=0.975 cycA=0.213 cycB=0.212 idtA=0.182 idtB=0.229 D_A=0.044 D_B=0.043 D_A(real)=0.93 D_A(fake)=0.10 gnG=40.04 gnD=3.61 it_per_s=6.84
2026-10-03 05:35:01,228 INFO iter=35300 epoch=6 lr=2.00e-04 G=8.541 advA2B=0.943 advB2A=0.906 cycA=0.213 cycB=0.240 idtA=0.188 idtB=0.245 D_A=0.028 D_B=0.050 D_A(real)=0.95 D_A(fake)=0.06 gnG=49.76 gnD=4.90 it_per_s=6.76
2026-10-03 05:35:19,788 INFO iter=35400 epoch=6 lr=2.00e-04 G=8.324 advA2B=0.947 advB2A=0.837 cycA=0.214 cycB=0.230 idtA=0.189 idtB=0.230 D_A=0.038 D_B=0.040 D_A(real)=0.93 D_A(fake)=0.07 gnG=46.70 gnD=4.93 it_per_s=6.03
2026-10-03 05:35:34,833 INFO iter=35500 epoch=6 lr=2.00e-04 G=8.156 advA2B=0.922 advB2A=0.865 cycA=0.209 cycB=0.223 idtA=0.187 idtB=0.223 D_A=0.040 D_B=0.040 D_A(real)=0.93 D_A(fake)=0.07 gnG=46.10 gnD=4.85 it_per_s=6.21
2026-10-03 05:35:49,220 INFO iter=35600 epoch=6 lr=2.00e-04 G=8.082 advA2B=0.904 advB2A=0.861 cycA=0.207 cycB=0.221 idtA=0.187 idtB=0.221 D_A=0.041 D_B=0.040 D_A(real)=0.93 D_A(fake)=0.07 gnG=45.51 gnD=4.84 it_per_s=6.38
2026-10-03 05:36:03,556 INFO iter=35700 epoch=6 lr=2.00e-04 G=8.099 advA2B=0.905 advB2A=0.855 cycA=0.209 cycB=0.220 idtA=0.191 idtB=0.218 D_A=0.046 D_B=0.040 D_A(real)=0.92 D_A(fake)=0.08 gnG=45.80 gnD=4.88 it_per_s=6.49
2026-10-03 05:36:17,909 INFO iter=35800 epoch=6 lr=2.00e-04 G=8.094 advA2B=0.914 advB2A=0.877 cycA=0.207 cycB=0.219 idtA=0.191 idtB=0.217 D_A=0.043 D_B=0.039 D_A(real)=0.92 D_A(fake)=0.08 gnG=45.40 gnD=4.70 it_per_s=6.56
2026-10-03 05:36:32,260 INFO iter=35900 epoch=6 lr=2.00e-04 G=8.062 advA2B=0.911 advB2A=0.877 cycA=0.206 cycB=0.218 idtA=0.191 idtB=0.216 D_A=0.044 D_B=0.037 D_A(real)=0.92 D_A(fake)=0.08 gnG=44.91 gnD=4.53 it_per_s=6.62
2026-10-03 05:36:46,556 INFO iter=36000 epoch=6 lr=2.00e-04 G=8.017 advA2B=0.908 advB2A=0.871 cycA=0.205 cycB=0.217 idtA=0.190 idtB=0.214 D_A=0.048 D_B=0.038 D_A(real)=0.92 D_A(fake)=0.08 gnG=44.73 gnD=4.67 it_per_s=6.66
2026-10-03 05:37:00,852 INFO iter=36100 epoch=6 lr=2.00e-04 G=7.982 advA2B=0.903 advB2A=0.872 cycA=0.204 cycB=0.216 idtA=0.189 idtB=0.213 D_A=0.049 D_B=0.039 D_A(real)=0.91 D_A(fake)=0.09 gnG=44.80 gnD=4.74 it_per_s=6.70
2026-10-03 05:37:15,086 INFO iter=36200 epoch=6 lr=2.00e-04 G=7.968 advA2B=0.891 advB2A=0.875 cycA=0.204 cycB=0.215 idtA=0.188 idtB=0.213 D_A=0.049 D_B=0.041 D_A(real)=0.91 D_A(fake)=0.08 gnG=45.75 gnD=4.79 it_per_s=6.73
2026-10-03 05:37:29,370 INFO iter=36300 epoch=6 lr=2.00e-04 G=8.027 advA2B=0.878 advB2A=0.875 cycA=0.206 cycB=0.218 idtA=0.190 idtB=0.216 D_A=0.048 D_B=0.044 D_A(real)=0.92 D_A(fake)=0.08 gnG=48.44 gnD=4.75 it_per_s=6.75
2026-10-03 05:37:43,705 INFO iter=36400 epoch=6 lr=2.00e-04 G=8.104 advA2B=0.874 advB2A=0.880 cycA=0.209 cycB=0.221 idtA=0.191 idtB=0.221 D_A=0.049 D_B=0.046 D_A(real)=0.91 D_A(fake)=0.09 gnG=49.06 gnD=4.72 it_per_s=6.77
2026-10-03 05:37:57,961 INFO iter=36500 epoch=6 lr=2.00e-04 G=8.281 advA2B=0.864 advB2A=0.881 cycA=0.214 cycB=0.229 idtA=0.192 idtB=0.231 D_A=0.047 D_B=0.047 D_A(real)=0.92 D_A(fake)=0.08 gnG=64.77 gnD=4.70 it_per_s=6.79
2026-10-03 05:38:12,277 INFO iter=36600 epoch=6 lr=2.00e-04 G=8.504 advA2B=0.874 advB2A=0.883 cycA=0.218 cycB=0.238 idtA=0.194 idtB=0.244 D_A=0.046 D_B=0.047 D_A(real)=0.92 D_A(fake)=0.08 gnG=64.16 gnD=4.61 it_per_s=6.80
2026-10-03 05:38:26,621 INFO iter=36700 epoch=6 lr=2.00e-04 G=8.624 advA2B=0.882 advB2A=0.885 cycA=0.220 cycB=0.242 idtA=0.195 idtB=0.251 D_A=0.045 D_B=0.046 D_A(real)=0.92 D_A(fake)=0.08 gnG=63.70 gnD=4.48 it_per_s=6.81
2026-10-03 05:38:40,832 INFO iter=36800 epoch=6 lr=2.00e-04 G=8.693 advA2B=0.888 advB2A=0.891 cycA=0.221 cycB=0.244 idtA=0.195 idtB=0.257 D_A=0.043 D_B=0.044 D_A(real)=0.92 D_A(fake)=0.08 gnG=63.12 gnD=4.34 it_per_s=6.83
2026-10-03 05:38:55,202 INFO iter=36900 epoch=6 lr=2.00e-04 G=8.759 advA2B=0.896 advB2A=0.896 cycA=0.221 cycB=0.247 idtA=0.194 idtB=0.262 D_A=0.042 D_B=0.042 D_A(real)=0.93 D_A(fake)=0.07 gnG=63.09 gnD=4.17 it_per_s=6.83
2026-10-03 05:39:09,493 INFO iter=37000 epoch=6 lr=2.00e-04 G=8.814 advA2B=0.900 advB2A=0.897 cycA=0.223 cycB=0.249 idtA=0.194 idtB=0.265 D_A=0.041 D_B=0.041 D_A(real)=0.93 D_A(fake)=0.07 gnG=66.08 gnD=4.03 it_per_s=6.84
2026-10-03 05:39:23,768 INFO iter=37100 epoch=6 lr=2.00e-04 G=8.855 advA2B=0.906 advB2A=0.899 cycA=0.223 cycB=0.251 idtA=0.194 idtB=0.268 D_A=0.041 D_B=0.039 D_A(real)=0.93 D_A(fake)=0.07 gnG=65.48 gnD=3.92 it_per_s=6.85
2026-10-03 05:39:38,054 INFO iter=37200 epoch=6 lr=2.00e-04 G=8.880 advA2B=0.910 advB2A=0.902 cycA=0.223 cycB=0.252 idtA=0.194 idtB=0.269 D_A=0.040 D_B=0.038 D_A(real)=0.93 D_A(fake)=0.07 gnG=64.79 gnD=3.82 it_per_s=6.86
2026-10-03 05:39:52,368 INFO iter=37300 epoch=6 lr=2.00e-04 G=8.891 advA2B=0.914 advB2A=0.902 cycA=0.223 cycB=0.252 idtA=0.194 idtB=0.270 D_A=0.040 D_B=0.036 D_A(real)=0.93 D_A(fake)=0.07 gnG=64.11 gnD=3.73 it_per_s=6.86
2026-10-03 05:40:06,699 INFO iter=37400 epoch=6 lr=2.00e-04 G=8.910 advA2B=0.912 advB2A=0.903 cycA=0.224 cycB=0.252 idtA=0.195 idtB=0.272 D_A=0.039 D_B=0.035 D_A(real)=0.93 D_A(fake)=0.07 gnG=63.58 gnD=3.65 it_per_s=6.87
2026-10-03 05:40:20,985 INFO iter=37500 epoch=6 lr=2.00e-04 G=8.943 advA2B=0.911 advB2A=0.892 cycA=0.226 cycB=0.253 idtA=0.195 idtB=0.274 D_A=0.041 D_B=0.035 D_A(real)=0.93 D_A(fake)=0.07 gnG=63.41 gnD=3.67 it_per_s=6.87
2026-10-03 05:40:35,233 INFO iter=37600 epoch=6 lr=2.00e-04 G=8.994 advA2B=0.909 advB2A=0.891 cycA=0.228 cycB=0.255 idtA=0.196 idtB=0.276 D_A=0.042 D_B=0.035 D_A(real)=0.93 D_A(fake)=0.07 gnG=65.20 gnD=3.67 it_per_s=6.88
2026-10-03 05:40:49,133 INFO iter=37700 epoch=6 lr=2.00e-04 G=9.065 advA2B=0.910 advB2A=0.894 cycA=0.231 cycB=0.258 idtA=0.196 idtB=0.279 D_A=0.041 D_B=0.035 D_A(real)=0.93 D_A(fake)=0.07 gnG=64.90 gnD=3.66 it_per_s=6.89
2026-10-03 05:41:03,523 INFO iter=37800 epoch=6 lr=2.00e-04 G=9.102 advA2B=0.910 advB2A=0.896 cycA=0.232 cycB=0.259 idtA=0.196 idtB=0.281 D_A=0.041 D_B=0.034 D_A(real)=0.93 D_A(fake)=0.07 gnG=65.07 gnD=3.65 it_per_s=6.89
2026-10-03 05:41:17,858 INFO iter=37900 epoch=6 lr=2.00e-04 G=9.136 advA2B=0.913 advB2A=0.900 cycA=0.233 cycB=0.260 idtA=0.196 idtB=0.283 D_A=0.040 D_B=0.034 D_A(real)=0.93 D_A(fake)=0.07 gnG=64.80 gnD=3.61 it_per_s=6.90
2026-10-03 05:41:32,082 INFO iter=38000 epoch=6 lr=2.00e-04 G=9.139 advA2B=0.916 advB2A=0.902 cycA=0.233 cycB=0.260 idtA=0.196 idtB=0.284 D_A=0.039 D_B=0.033 D_A(real)=0.93 D_A(fake)=0.07 gnG=64.28 gnD=3.56 it_per_s=6.90
2026-10-03 05:41:46,382 INFO iter=38100 epoch=6 lr=2.00e-04 G=9.128 advA2B=0.920 advB2A=0.902 cycA=0.232 cycB=0.259 idtA=0.196 idtB=0.284 D_A=0.039 D_B=0.032 D_A(real)=0.93 D_A(fake)=0.07 gnG=63.76 gnD=3.52 it_per_s=6.90
2026-10-03 05:42:00,591 INFO iter=38200 epoch=6 lr=2.00e-04 G=9.123 advA2B=0.922 advB2A=0.902 cycA=0.232 cycB=0.259 idtA=0.196 idtB=0.283 D_A=0.038 D_B=0.032 D_A(real)=0.93 D_A(fake)=0.07 gnG=63.22 gnD=3.48 it_per_s=6.91
2026-10-03 05:42:14,943 INFO iter=38300 epoch=6 lr=2.00e-04 G=9.119 advA2B=0.924 advB2A=0.902 cycA=0.232 cycB=0.258 idtA=0.196 idtB=0.282 D_A=0.039 D_B=0.031 D_A(real)=0.93 D_A(fake)=0.07 gnG=63.86 gnD=3.46 it_per_s=6.91
2026-10-03 05:42:29,288 INFO iter=38400 epoch=6 lr=2.00e-04 G=9.126 advA2B=0.927 advB2A=0.902 cycA=0.232 cycB=0.258 idtA=0.197 idtB=0.282 D_A=0.039 D_B=0.030 D_A(real)=0.93 D_A(fake)=0.07 gnG=64.35 gnD=3.44 it_per_s=6.91
2026-10-03 05:42:43,573 INFO iter=38500 epoch=6 lr=2.00e-04 G=9.140 advA2B=0.928 advB2A=0.903 cycA=0.232 cycB=0.259 idtA=0.198 idtB=0.282 D_A=0.038 D_B=0.030 D_A(real)=0.93 D_A(fake)=0.07 gnG=64.13 gnD=3.38 it_per_s=6.92
2026-10-03 05:42:57,866 INFO iter=38600 epoch=6 lr=2.00e-04 G=9.129 advA2B=0.929 advB2A=0.906 cycA=0.231 cycB=0.258 idtA=0.199 idtB=0.281 D_A=0.037 D_B=0.029 D_A(real)=0.93 D_A(fake)=0.06 gnG=63.66 gnD=3.33 it_per_s=6.92
2026-10-03 05:43:12,158 INFO iter=38700 epoch=6 lr=2.00e-04 G=9.118 advA2B=0.931 advB2A=0.905 cycA=0.231 cycB=0.258 idtA=0.199 idtB=0.280 D_A=0.037 D_B=0.029 D_A(real)=0.93 D_A(fake)=0.06 gnG=63.41 gnD=3.30 it_per_s=6.92
2026-10-03 05:43:26,521 INFO iter=38800 epoch=6 lr=2.00e-04 G=9.108 advA2B=0.933 advB2A=0.907 cycA=0.230 cycB=0.257 idtA=0.199 idtB=0.279 D_A=0.037 D_B=0.029 D_A(real)=0.94 D_A(fake)=0.06 gnG=63.28 gnD=3.26 it_per_s=6.92
2026-10-03 05:43:40,875 INFO iter=38900 epoch=6 lr=2.00e-04 G=9.091 advA2B=0.934 advB2A=0.908 cycA=0.230 cycB=0.257 idtA=0.199 idtB=0.278 D_A=0.036 D_B=0.028 D_A(real)=0.94 D_A(fake)=0.06 gnG=62.76 gnD=3.21 it_per_s=6.92
2026-10-03 05:43:55,004 INFO iter=39000 epoch=6 lr=2.00e-04 G=9.078 advA2B=0.933 advB2A=0.908 cycA=0.229 cycB=0.256 idtA=0.200 idtB=0.277 D_A=0.037 D_B=0.028 D_A(real)=0.94 D_A(fake)=0.06 gnG=62.40 gnD=3.21 it_per_s=6.93
2026-10-03 05:44:09,329 INFO iter=39100 epoch=6 lr=2.00e-04 G=9.063 advA2B=0.934 advB2A=0.909 cycA=0.229 cycB=0.255 idtA=0.200 idtB=0.276 D_A=0.037 D_B=0.027 D_A(real)=0.94 D_A(fake)=0.06 gnG=62.01 gnD=3.18 it_per_s=6.93
2026-10-03 05:44:23,656 INFO iter=39200 epoch=6 lr=2.00e-04 G=9.046 advA2B=0.934 advB2A=0.906 cycA=0.229 cycB=0.254 idtA=0.200 idtB=0.275 D_A=0.037 D_B=0.027 D_A(real)=0.93 D_A(fake)=0.06 gnG=61.69 gnD=3.18 it_per_s=6.93
2026-10-03 05:44:37,764 INFO iter=39300 epoch=6 lr=2.00e-04 G=9.030 advA2B=0.935 advB2A=0.903 cycA=0.228 cycB=0.254 idtA=0.201 idtB=0.274 D_A=0.037 D_B=0.027 D_A(real)=0.93 D_A(fake)=0.06 gnG=61.58 gnD=3.16 it_per_s=6.93
2026-10-03 05:44:51,575 INFO iter=39400 epoch=6 lr=2.00e-04 G=9.018 advA2B=0.936 advB2A=0.902 cycA=0.228 cycB=0.253 idtA=0.201 idtB=0.273 D_A=0.038 D_B=0.027 D_A(real)=0.93 D_A(fake)=0.06 gnG=61.57 gnD=3.17 it_per_s=6.94
2026-10-03 05:45:05,358 INFO iter=39500 epoch=6 lr=2.00e-04 G=9.007 advA2B=0.937 advB2A=0.904 cycA=0.227 cycB=0.253 idtA=0.200 idtB=0.273 D_A=0.038 D_B=0.027 D_A(real)=0.93 D_A(fake)=0.06 gnG=61.25 gnD=3.16 it_per_s=6.95
2026-10-03 05:45:19,115 INFO iter=39600 epoch=6 lr=2.00e-04 G=8.989 advA2B=0.938 advB2A=0.904 cycA=0.227 cycB=0.252 idtA=0.200 idtB=0.271 D_A=0.037 D_B=0.026 D_A(real)=0.93 D_A(fake)=0.06 gnG=61.02 gnD=3.14 it_per_s=6.95
2026-10-03 05:45:32,867 INFO iter=39700 epoch=6 lr=2.00e-04 G=8.972 advA2B=0.939 advB2A=0.905 cycA=0.226 cycB=0.252 idtA=0.200 idtB=0.271 D_A=0.037 D_B=0.026 D_A(real)=0.94 D_A(fake)=0.06 gnG=60.87 gnD=3.12 it_per_s=6.96
2026-10-03 05:45:46,509 INFO iter=39800 epoch=6 lr=2.00e-04 G=8.954 advA2B=0.938 advB2A=0.906 cycA=0.225 cycB=0.251 idtA=0.200 idtB=0.270 D_A=0.037 D_B=0.026 D_A(real)=0.94 D_A(fake)=0.06 gnG=60.71 gnD=3.10 it_per_s=6.97
2026-10-03 05:46:00,137 INFO iter=39900 epoch=6 lr=2.00e-04 G=8.939 advA2B=0.939 advB2A=0.905 cycA=0.225 cycB=0.250 idtA=0.200 idtB=0.269 D_A=0.037 D_B=0.026 D_A(real)=0.93 D_A(fake)=0.06 gnG=60.62 gnD=3.10 it_per_s=6.98
2026-10-03 05:46:13,782 INFO iter=40000 epoch=6 lr=2.00e-04 G=8.921 advA2B=0.938 advB2A=0.906 cycA=0.224 cycB=0.250 idtA=0.199 idtB=0.268 D_A=0.038 D_B=0.027 D_A(real)=0.93 D_A(fake)=0.06 gnG=60.74 gnD=3.11 it_per_s=6.98
2026-10-03 05:46:27,435 INFO iter=40100 epoch=6 lr=2.00e-04 G=8.902 advA2B=0.938 advB2A=0.906 cycA=0.224 cycB=0.249 idtA=0.199 idtB=0.267 D_A=0.038 D_B=0.027 D_A(real)=0.93 D_A(fake)=0.07 gnG=60.39 gnD=3.11 it_per_s=6.99
2026-10-03 05:46:41,036 INFO iter=40200 epoch=6 lr=2.00e-04 G=8.890 advA2B=0.939 advB2A=0.907 cycA=0.224 cycB=0.248 idtA=0.199 idtB=0.266 D_A=0.038 D_B=0.026 D_A(real)=0.93 D_A(fake)=0.07 gnG=60.05 gnD=3.10 it_per_s=7.00
2026-10-03 05:46:54,605 INFO iter=40300 epoch=6 lr=2.00e-04 G=8.874 advA2B=0.939 advB2A=0.908 cycA=0.223 cycB=0.248 idtA=0.199 idtB=0.265 D_A=0.038 D_B=0.026 D_A(real)=0.93 D_A(fake)=0.07 gnG=59.67 gnD=3.09 it_per_s=7.00
2026-10-03 05:47:08,656 INFO iter=40400 epoch=6 lr=2.00e-04 G=8.849 advA2B=0.938 advB2A=0.906 cycA=0.222 cycB=0.247 idtA=0.199 idtB=0.263 D_A=0.039 D_B=0.026 D_A(real)=0.93 D_A(fake)=0.07 gnG=59.34 gnD=3.11 it_per_s=7.01
2026-10-03 05:47:22,251 INFO iter=40500 epoch=6 lr=2.00e-04 G=8.841 advA2B=0.938 advB2A=0.906 cycA=0.222 cycB=0.247 idtA=0.199 idtB=0.262 D_A=0.039 D_B=0.026 D_A(real)=0.93 D_A(fake)=0.07 gnG=59.14 gnD=3.11 it_per_s=7.01
2026-10-03 05:47:35,808 INFO iter=40600 epoch=6 lr=2.00e-04 G=8.829 advA2B=0.937 advB2A=0.907 cycA=0.222 cycB=0.246 idtA=0.199 idtB=0.261 D_A=0.039 D_B=0.027 D_A(real)=0.93 D_A(fake)=0.07 gnG=58.91 gnD=3.09 it_per_s=7.02
2026-10-03 05:47:49,354 INFO iter=40700 epoch=6 lr=2.00e-04 G=8.814 advA2B=0.937 advB2A=0.908 cycA=0.221 cycB=0.246 idtA=0.199 idtB=0.260 D_A=0.038 D_B=0.027 D_A(real)=0.93 D_A(fake)=0.07 gnG=58.59 gnD=3.08 it_per_s=7.02
2026-10-03 05:48:03,022 INFO iter=40800 epoch=6 lr=2.00e-04 G=8.807 advA2B=0.938 advB2A=0.909 cycA=0.221 cycB=0.246 idtA=0.199 idtB=0.260 D_A=0.038 D_B=0.027 D_A(real)=0.93 D_A(fake)=0.07 gnG=58.48 gnD=3.07 it_per_s=7.03
2026-10-03 05:48:16,771 INFO iter=40900 epoch=6 lr=2.00e-04 G=8.804 advA2B=0.938 advB2A=0.909 cycA=0.221 cycB=0.246 idtA=0.199 idtB=0.259 D_A=0.038 D_B=0.027 D_A(real)=0.93 D_A(fake)=0.06 gnG=58.30 gnD=3.06 it_per_s=7.03
2026-10-03 05:48:30,666 INFO iter=41000 epoch=6 lr=2.00e-04 G=8.795 advA2B=0.936 advB2A=0.909 cycA=0.221 cycB=0.245 idtA=0.199 idtB=0.259 D_A=0.038 D_B=0.027 D_A(real)=0.93 D_A(fake)=0.07 gnG=58.29 gnD=3.05 it_per_s=7.04
2026-10-03 05:48:44,411 INFO iter=41100 epoch=6 lr=2.00e-04 G=8.778 advA2B=0.935 advB2A=0.909 cycA=0.221 cycB=0.245 idtA=0.199 idtB=0.258 D_A=0.038 D_B=0.027 D_A(real)=0.93 D_A(fake)=0.07 gnG=58.00 gnD=3.05 it_per_s=7.04
2026-10-03 05:48:57,971 INFO iter=41200 epoch=6 lr=2.00e-04 G=8.766 advA2B=0.935 advB2A=0.908 cycA=0.220 cycB=0.244 idtA=0.198 idtB=0.257 D_A=0.038 D_B=0.028 D_A(real)=0.93 D_A(fake)=0.07 gnG=57.92 gnD=3.04 it_per_s=7.05
2026-10-03 05:49:11,558 INFO iter=41300 epoch=6 lr=2.00e-04 G=8.754 advA2B=0.935 advB2A=0.908 cycA=0.220 cycB=0.244 idtA=0.198 idtB=0.257 D_A=0.038 D_B=0.028 D_A(real)=0.93 D_A(fake)=0.07 gnG=57.68 gnD=3.04 it_per_s=7.05
2026-10-03 05:49:25,129 INFO iter=41400 epoch=6 lr=2.00e-04 G=8.748 advA2B=0.934 advB2A=0.907 cycA=0.220 cycB=0.244 idtA=0.198 idtB=0.256 D_A=0.039 D_B=0.028 D_A(real)=0.93 D_A(fake)=0.07 gnG=57.45 gnD=3.04 it_per_s=7.06
2026-10-03 05:49:38,697 INFO iter=41500 epoch=6 lr=2.00e-04 G=8.737 advA2B=0.935 advB2A=0.907 cycA=0.219 cycB=0.243 idtA=0.198 idtB=0.255 D_A=0.039 D_B=0.028 D_A(real)=0.93 D_A(fake)=0.07 gnG=57.14 gnD=3.05 it_per_s=7.06
2026-10-03 05:49:52,255 INFO iter=41600 epoch=6 lr=2.00e-04 G=8.723 advA2B=0.934 advB2A=0.906 cycA=0.219 cycB=0.243 idtA=0.198 idtB=0.255 D_A=0.039 D_B=0.028 D_A(real)=0.93 D_A(fake)=0.07 gnG=56.88 gnD=3.05 it_per_s=7.06
2026-10-03 05:50:05,893 INFO iter=41700 epoch=6 lr=2.00e-04 G=8.717 advA2B=0.935 advB2A=0.906 cycA=0.219 cycB=0.243 idtA=0.198 idtB=0.254 D_A=0.039 D_B=0.028 D_A(real)=0.93 D_A(fake)=0.07 gnG=56.75 gnD=3.05 it_per_s=7.07
2026-10-03 05:50:19,530 INFO iter=41800 epoch=6 lr=2.00e-04 G=8.710 advA2B=0.935 advB2A=0.907 cycA=0.218 cycB=0.242 idtA=0.198 idtB=0.254 D_A=0.039 D_B=0.028 D_A(real)=0.93 D_A(fake)=0.07 gnG=56.47 gnD=3.04 it_per_s=7.07
2026-10-03 05:50:33,221 INFO iter=41900 epoch=6 lr=2.00e-04 G=8.702 advA2B=0.935 advB2A=0.908 cycA=0.218 cycB=0.242 idtA=0.198 idtB=0.254 D_A=0.038 D_B=0.028 D_A(real)=0.93 D_A(fake)=0.07 gnG=56.18 gnD=3.02 it_per_s=7.08
2026-10-03 05:50:46,918 INFO iter=42000 epoch=6 lr=2.00e-04 G=8.686 advA2B=0.935 advB2A=0.908 cycA=0.218 cycB=0.241 idtA=0.198 idtB=0.253 D_A=0.038 D_B=0.028 D_A(real)=0.93 D_A(fake)=0.07 gnG=55.86 gnD=3.01 it_per_s=7.08
2026-10-03 05:51:00,637 INFO iter=42100 epoch=6 lr=2.00e-04 G=8.673 advA2B=0.935 advB2A=0.909 cycA=0.217 cycB=0.241 idtA=0.197 idtB=0.252 D_A=0.038 D_B=0.028 D_A(real)=0.93 D_A(fake)=0.07 gnG=55.56 gnD=2.99 it_per_s=7.08
2026-10-03 05:51:14,496 INFO iter=42200 epoch=6 lr=2.00e-04 G=8.656 advA2B=0.935 advB2A=0.910 cycA=0.217 cycB=0.240 idtA=0.197 idtB=0.251 D_A=0.038 D_B=0.028 D_A(real)=0.93 D_A(fake)=0.07 gnG=55.42 gnD=2.98 it_per_s=7.08
2026-10-03 05:51:18,273 INFO epoch=6 done time_s=993 it_per_s=7.09 G=8.653 cycA=0.217 cycB=0.240 idtA=0.197 idtB=0.251 D_A=0.038 D_B=0.028 D_A(real)=0.93 D_A(fake)=0.06 nan_count=0
2026-10-03 05:51:18,274 WARNING epoch=6 D_A (Monet) loss 0.0376 is near 0: possible discriminator overfitting
2026-10-03 05:51:28,901 INFO iter=42300 epoch=7 lr=2.00e-04 G=8.471 advA2B=0.941 advB2A=0.751 cycA=0.219 cycB=0.237 idtA=0.205 idtB=0.238 D_A=0.059 D_B=0.019 D_A(real)=0.89 D_A(fake)=0.10 gnG=56.17 gnD=3.10 it_per_s=7.12
2026-10-03 05:51:42,781 INFO iter=42400 epoch=7 lr=2.00e-04 G=8.581 advA2B=0.972 advB2A=0.861 cycA=0.213 cycB=0.241 idtA=0.199 idtB=0.242 D_A=0.047 D_B=0.020 D_A(real)=0.91 D_A(fake)=0.09 gnG=47.71 gnD=2.91 it_per_s=7.17
2026-10-03 05:51:56,475 INFO iter=42500 epoch=7 lr=2.00e-04 G=8.512 advA2B=0.951 advB2A=0.897 cycA=0.209 cycB=0.240 idtA=0.195 idtB=0.240 D_A=0.044 D_B=0.021 D_A(real)=0.92 D_A(fake)=0.08 gnG=51.34 gnD=2.87 it_per_s=7.22
2026-10-03 05:52:10,236 INFO iter=42600 epoch=7 lr=2.00e-04 G=8.435 advA2B=0.832 advB2A=0.906 cycA=0.211 cycB=0.240 idtA=0.195 idtB=0.243 D_A=0.038 D_B=0.046 D_A(real)=0.93 D_A(fake)=0.07 gnG=51.79 gnD=3.10 it_per_s=7.23
2026-10-03 05:52:23,810 INFO iter=42700 epoch=7 lr=2.00e-04 G=8.325 advA2B=0.756 advB2A=0.912 cycA=0.211 cycB=0.238 idtA=0.192 idtB=0.241 D_A=0.034 D_B=0.065 D_A(real)=0.94 D_A(fake)=0.06 gnG=50.08 gnD=3.23 it_per_s=7.26
2026-10-03 05:52:37,479 INFO iter=42800 epoch=7 lr=2.00e-04 G=8.215 advA2B=0.713 advB2A=0.921 cycA=0.210 cycB=0.234 idtA=0.191 idtB=0.237 D_A=0.032 D_B=0.075 D_A(real)=0.94 D_A(fake)=0.06 gnG=48.75 gnD=3.29 it_per_s=7.27
2026-10-03 05:52:51,416 INFO iter=42900 epoch=7 lr=2.00e-04 G=8.757 advA2B=0.709 advB2A=0.926 cycA=0.226 cycB=0.257 idtA=0.200 idtB=0.259 D_A=0.030 D_B=0.079 D_A(real)=0.95 D_A(fake)=0.05 gnG=57.03 gnD=3.35 it_per_s=7.25
2026-10-03 05:53:05,544 INFO iter=43000 epoch=7 lr=2.00e-04 G=9.269 advA2B=0.737 advB2A=0.933 cycA=0.240 cycB=0.277 idtA=0.206 idtB=0.280 D_A=0.028 D_B=0.079 D_A(real)=0.95 D_A(fake)=0.05 gnG=57.15 gnD=3.29 it_per_s=7.23
2026-10-03 05:53:19,385 INFO iter=43100 epoch=7 lr=2.00e-04 G=9.385 advA2B=0.751 advB2A=0.940 cycA=0.244 cycB=0.279 idtA=0.210 idtB=0.282 D_A=0.025 D_B=0.075 D_A(real)=0.96 D_A(fake)=0.04 gnG=56.86 gnD=3.12 it_per_s=7.23
2026-10-03 05:53:33,379 INFO iter=43200 epoch=7 lr=2.00e-04 G=9.439 advA2B=0.766 advB2A=0.945 cycA=0.245 cycB=0.281 idtA=0.212 idtB=0.283 D_A=0.023 D_B=0.071 D_A(real)=0.96 D_A(fake)=0.04 gnG=56.95 gnD=2.99 it_per_s=7.22
2026-10-03 05:53:47,594 INFO iter=43300 epoch=7 lr=2.00e-04 G=9.438 advA2B=0.772 advB2A=0.951 cycA=0.245 cycB=0.280 idtA=0.212 idtB=0.282 D_A=0.021 D_B=0.068 D_A(real)=0.96 D_A(fake)=0.04 gnG=57.84 gnD=2.87 it_per_s=7.20
2026-10-03 05:54:01,460 INFO iter=43400 epoch=7 lr=2.00e-04 G=9.437 advA2B=0.780 advB2A=0.955 cycA=0.246 cycB=0.278 idtA=0.212 idtB=0.281 D_A=0.019 D_B=0.067 D_A(real)=0.97 D_A(fake)=0.03 gnG=60.51 gnD=2.81 it_per_s=7.20
2026-10-03 05:54:15,063 INFO iter=43500 epoch=7 lr=2.00e-04 G=9.433 advA2B=0.785 advB2A=0.958 cycA=0.246 cycB=0.277 idtA=0.213 idtB=0.279 D_A=0.018 D_B=0.065 D_A(real)=0.97 D_A(fake)=0.03 gnG=61.71 gnD=2.76 it_per_s=7.22
2026-10-03 05:54:28,704 INFO iter=43600 epoch=7 lr=2.00e-04 G=9.400 advA2B=0.792 advB2A=0.960 cycA=0.245 cycB=0.276 idtA=0.212 idtB=0.277 D_A=0.017 D_B=0.063 D_A(real)=0.97 D_A(fake)=0.03 gnG=61.13 gnD=2.71 it_per_s=7.22
2026-10-03 05:54:42,347 INFO iter=43700 epoch=7 lr=2.00e-04 G=9.361 advA2B=0.793 advB2A=0.962 cycA=0.243 cycB=0.274 idtA=0.211 idtB=0.276 D_A=0.016 D_B=0.062 D_A(real)=0.97 D_A(fake)=0.03 gnG=61.65 gnD=2.69 it_per_s=7.23
2026-10-03 05:54:56,105 INFO iter=43800 epoch=7 lr=2.00e-04 G=9.333 advA2B=0.799 advB2A=0.964 cycA=0.242 cycB=0.272 idtA=0.210 idtB=0.275 D_A=0.015 D_B=0.061 D_A(real)=0.97 D_A(fake)=0.02 gnG=61.49 gnD=2.68 it_per_s=7.23
2026-10-03 05:55:09,727 INFO iter=43900 epoch=7 lr=2.00e-04 G=9.275 advA2B=0.798 advB2A=0.967 cycA=0.240 cycB=0.270 idtA=0.208 idtB=0.274 D_A=0.014 D_B=0.061 D_A(real)=0.98 D_A(fake)=0.02 gnG=62.46 gnD=2.70 it_per_s=7.24
2026-10-03 05:55:23,585 INFO iter=44000 epoch=7 lr=2.00e-04 G=9.220 advA2B=0.791 advB2A=0.968 cycA=0.239 cycB=0.267 idtA=0.208 idtB=0.272 D_A=0.013 D_B=0.062 D_A(real)=0.98 D_A(fake)=0.02 gnG=61.86 gnD=2.69 it_per_s=7.24
2026-10-03 05:55:37,295 INFO iter=44100 epoch=7 lr=2.00e-04 G=9.176 advA2B=0.788 advB2A=0.970 cycA=0.237 cycB=0.266 idtA=0.207 idtB=0.270 D_A=0.013 D_B=0.062 D_A(real)=0.98 D_A(fake)=0.02 gnG=62.03 gnD=2.70 it_per_s=7.24
2026-10-03 05:55:51,109 INFO iter=44200 epoch=7 lr=2.00e-04 G=9.155 advA2B=0.791 advB2A=0.970 cycA=0.237 cycB=0.264 idtA=0.207 idtB=0.269 D_A=0.012 D_B=0.063 D_A(real)=0.98 D_A(fake)=0.02 gnG=62.36 gnD=2.72 it_per_s=7.24
2026-10-03 05:56:04,985 INFO iter=44300 epoch=7 lr=2.00e-04 G=9.115 advA2B=0.791 advB2A=0.969 cycA=0.236 cycB=0.262 idtA=0.206 idtB=0.268 D_A=0.013 D_B=0.062 D_A(real)=0.98 D_A(fake)=0.02 gnG=62.33 gnD=2.73 it_per_s=7.24
2026-10-03 05:56:18,799 INFO iter=44400 epoch=7 lr=2.00e-04 G=9.089 advA2B=0.792 advB2A=0.969 cycA=0.235 cycB=0.261 idtA=0.205 idtB=0.267 D_A=0.013 D_B=0.063 D_A(real)=0.98 D_A(fake)=0.02 gnG=61.63 gnD=2.75 it_per_s=7.24
2026-10-03 05:56:32,498 INFO iter=44500 epoch=7 lr=2.00e-04 G=9.045 advA2B=0.789 advB2A=0.962 cycA=0.234 cycB=0.260 idtA=0.205 idtB=0.266 D_A=0.014 D_B=0.063 D_A(real)=0.98 D_A(fake)=0.02 gnG=61.35 gnD=2.82 it_per_s=7.24
2026-10-03 05:56:46,080 INFO iter=44600 epoch=7 lr=2.00e-04 G=9.007 advA2B=0.789 advB2A=0.958 cycA=0.233 cycB=0.259 idtA=0.204 idtB=0.264 D_A=0.015 D_B=0.063 D_A(real)=0.97 D_A(fake)=0.03 gnG=60.83 gnD=2.87 it_per_s=7.25
2026-10-03 05:57:00,180 INFO iter=44700 epoch=7 lr=2.00e-04 G=9.013 advA2B=0.791 advB2A=0.959 cycA=0.234 cycB=0.258 idtA=0.204 idtB=0.264 D_A=0.015 D_B=0.063 D_A(real)=0.97 D_A(fake)=0.03 gnG=60.96 gnD=2.89 it_per_s=7.24
2026-10-03 05:57:14,401 INFO iter=44800 epoch=7 lr=2.00e-04 G=8.979 advA2B=0.789 advB2A=0.960 cycA=0.232 cycB=0.257 idtA=0.204 idtB=0.263 D_A=0.015 D_B=0.062 D_A(real)=0.97 D_A(fake)=0.02 gnG=60.53 gnD=2.89 it_per_s=7.23
2026-10-03 05:57:28,690 INFO iter=44900 epoch=7 lr=2.00e-04 G=8.968 advA2B=0.791 advB2A=0.962 cycA=0.232 cycB=0.257 idtA=0.203 idtB=0.263 D_A=0.015 D_B=0.062 D_A(real)=0.97 D_A(fake)=0.03 gnG=61.12 gnD=2.89 it_per_s=7.22
2026-10-03 05:57:42,979 INFO iter=45000 epoch=7 lr=2.00e-04 G=8.953 advA2B=0.796 advB2A=0.962 cycA=0.232 cycB=0.256 idtA=0.203 idtB=0.262 D_A=0.015 D_B=0.061 D_A(real)=0.97 D_A(fake)=0.03 gnG=60.87 gnD=2.88 it_per_s=7.22
2026-10-03 05:57:57,334 INFO iter=45100 epoch=7 lr=2.00e-04 G=8.939 advA2B=0.801 advB2A=0.962 cycA=0.231 cycB=0.255 idtA=0.202 idtB=0.261 D_A=0.016 D_B=0.060 D_A(real)=0.97 D_A(fake)=0.03 gnG=60.31 gnD=2.87 it_per_s=7.21
2026-10-03 05:58:11,296 INFO iter=45200 epoch=7 lr=2.00e-04 G=8.923 advA2B=0.807 advB2A=0.962 cycA=0.231 cycB=0.253 idtA=0.202 idtB=0.260 D_A=0.016 D_B=0.059 D_A(real)=0.97 D_A(fake)=0.03 gnG=59.90 gnD=2.84 it_per_s=7.20
2026-10-03 05:58:24,893 INFO iter=45300 epoch=7 lr=2.00e-04 G=8.895 advA2B=0.812 advB2A=0.961 cycA=0.230 cycB=0.252 idtA=0.201 idtB=0.258 D_A=0.016 D_B=0.058 D_A(real)=0.97 D_A(fake)=0.03 gnG=59.43 gnD=2.79 it_per_s=7.21
2026-10-03 05:58:38,753 INFO iter=45400 epoch=7 lr=2.00e-04 G=8.857 advA2B=0.815 advB2A=0.959 cycA=0.229 cycB=0.251 idtA=0.201 idtB=0.257 D_A=0.016 D_B=0.057 D_A(real)=0.97 D_A(fake)=0.03 gnG=58.89 gnD=2.79 it_per_s=7.21
2026-10-03 05:58:52,585 INFO iter=45500 epoch=7 lr=2.00e-04 G=8.847 advA2B=0.820 advB2A=0.957 cycA=0.229 cycB=0.250 idtA=0.200 idtB=0.256 D_A=0.016 D_B=0.056 D_A(real)=0.97 D_A(fake)=0.03 gnG=58.91 gnD=2.76 it_per_s=7.21
2026-10-03 05:59:06,221 INFO iter=45600 epoch=7 lr=2.00e-04 G=8.836 advA2B=0.825 advB2A=0.957 cycA=0.229 cycB=0.249 idtA=0.200 idtB=0.255 D_A=0.017 D_B=0.055 D_A(real)=0.97 D_A(fake)=0.03 gnG=58.53 gnD=2.74 it_per_s=7.21
2026-10-03 05:59:20,028 INFO iter=45700 epoch=7 lr=2.00e-04 G=8.818 advA2B=0.830 advB2A=0.954 cycA=0.228 cycB=0.249 idtA=0.200 idtB=0.254 D_A=0.017 D_B=0.054 D_A(real)=0.97 D_A(fake)=0.03 gnG=58.05 gnD=2.73 it_per_s=7.21
2026-10-03 05:59:33,625 INFO iter=45800 epoch=7 lr=2.00e-04 G=8.787 advA2B=0.834 advB2A=0.954 cycA=0.227 cycB=0.247 idtA=0.199 idtB=0.252 D_A=0.018 D_B=0.053 D_A(real)=0.97 D_A(fake)=0.03 gnG=57.66 gnD=2.72 it_per_s=7.22
2026-10-03 05:59:47,235 INFO iter=45900 epoch=7 lr=2.00e-04 G=8.765 advA2B=0.837 advB2A=0.954 cycA=0.226 cycB=0.246 idtA=0.199 idtB=0.251 D_A=0.019 D_B=0.051 D_A(real)=0.97 D_A(fake)=0.03 gnG=57.30 gnD=2.71 it_per_s=7.22
2026-10-03 06:00:00,871 INFO iter=46000 epoch=7 lr=2.00e-04 G=8.748 advA2B=0.841 advB2A=0.954 cycA=0.225 cycB=0.246 idtA=0.198 idtB=0.250 D_A=0.018 D_B=0.051 D_A(real)=0.97 D_A(fake)=0.03 gnG=56.96 gnD=2.68 it_per_s=7.22
2026-10-03 06:00:14,804 INFO iter=46100 epoch=7 lr=2.00e-04 G=8.728 advA2B=0.844 advB2A=0.953 cycA=0.225 cycB=0.245 idtA=0.198 idtB=0.249 D_A=0.019 D_B=0.050 D_A(real)=0.97 D_A(fake)=0.03 gnG=56.68 gnD=2.67 it_per_s=7.22
2026-10-03 06:00:28,401 INFO iter=46200 epoch=7 lr=2.00e-04 G=8.712 advA2B=0.845 advB2A=0.953 cycA=0.224 cycB=0.244 idtA=0.198 idtB=0.248 D_A=0.019 D_B=0.049 D_A(real)=0.97 D_A(fake)=0.03 gnG=56.32 gnD=2.64 it_per_s=7.23
2026-10-03 06:00:42,008 INFO iter=46300 epoch=7 lr=2.00e-04 G=8.698 advA2B=0.841 advB2A=0.948 cycA=0.224 cycB=0.244 idtA=0.198 idtB=0.247 D_A=0.020 D_B=0.049 D_A(real)=0.97 D_A(fake)=0.03 gnG=56.35 gnD=2.67 it_per_s=7.23
2026-10-03 06:00:55,619 INFO iter=46400 epoch=7 lr=2.00e-04 G=8.688 advA2B=0.838 advB2A=0.938 cycA=0.224 cycB=0.244 idtA=0.199 idtB=0.246 D_A=0.023 D_B=0.050 D_A(real)=0.96 D_A(fake)=0.04 gnG=56.40 gnD=2.73 it_per_s=7.23
2026-10-03 06:01:09,377 INFO iter=46500 epoch=7 lr=2.00e-04 G=8.668 advA2B=0.834 advB2A=0.939 cycA=0.224 cycB=0.244 idtA=0.198 idtB=0.245 D_A=0.024 D_B=0.051 D_A(real)=0.96 D_A(fake)=0.04 gnG=56.17 gnD=2.76 it_per_s=7.23
2026-10-03 06:01:22,977 INFO iter=46600 epoch=7 lr=2.00e-04 G=8.653 advA2B=0.835 advB2A=0.939 cycA=0.223 cycB=0.243 idtA=0.198 idtB=0.245 D_A=0.024 D_B=0.052 D_A(real)=0.96 D_A(fake)=0.04 gnG=56.02 gnD=2.76 it_per_s=7.24
2026-10-03 06:01:36,574 INFO iter=46700 epoch=7 lr=2.00e-04 G=8.634 advA2B=0.835 advB2A=0.939 cycA=0.223 cycB=0.242 idtA=0.198 idtB=0.243 D_A=0.024 D_B=0.052 D_A(real)=0.96 D_A(fake)=0.04 gnG=55.85 gnD=2.77 it_per_s=7.24
2026-10-03 06:01:50,426 INFO iter=46800 epoch=7 lr=2.00e-04 G=8.621 advA2B=0.834 advB2A=0.938 cycA=0.223 cycB=0.242 idtA=0.198 idtB=0.243 D_A=0.025 D_B=0.052 D_A(real)=0.96 D_A(fake)=0.04 gnG=55.92 gnD=2.80 it_per_s=7.24
2026-10-03 06:02:04,157 INFO iter=46900 epoch=7 lr=2.00e-04 G=8.602 advA2B=0.833 advB2A=0.938 cycA=0.223 cycB=0.241 idtA=0.198 idtB=0.241 D_A=0.025 D_B=0.053 D_A(real)=0.96 D_A(fake)=0.04 gnG=55.90 gnD=2.81 it_per_s=7.24
2026-10-03 06:02:17,777 INFO iter=47000 epoch=7 lr=2.00e-04 G=8.581 advA2B=0.831 advB2A=0.936 cycA=0.222 cycB=0.240 idtA=0.198 idtB=0.241 D_A=0.025 D_B=0.053 D_A(real)=0.96 D_A(fake)=0.04 gnG=56.27 gnD=2.82 it_per_s=7.24
2026-10-03 06:02:31,386 INFO iter=47100 epoch=7 lr=2.00e-04 G=8.578 advA2B=0.830 advB2A=0.935 cycA=0.222 cycB=0.240 idtA=0.198 idtB=0.241 D_A=0.025 D_B=0.054 D_A(real)=0.96 D_A(fake)=0.04 gnG=56.24 gnD=2.84 it_per_s=7.24
2026-10-03 06:02:45,043 INFO iter=47200 epoch=7 lr=2.00e-04 G=8.572 advA2B=0.829 advB2A=0.935 cycA=0.222 cycB=0.240 idtA=0.198 idtB=0.240 D_A=0.025 D_B=0.054 D_A(real)=0.96 D_A(fake)=0.04 gnG=56.38 gnD=2.85 it_per_s=7.25
2026-10-03 06:02:59,019 INFO iter=47300 epoch=7 lr=2.00e-04 G=8.560 advA2B=0.830 advB2A=0.933 cycA=0.222 cycB=0.239 idtA=0.197 idtB=0.240 D_A=0.025 D_B=0.053 D_A(real)=0.96 D_A(fake)=0.04 gnG=56.31 gnD=2.85 it_per_s=7.24
2026-10-03 06:03:12,851 INFO iter=47400 epoch=7 lr=2.00e-04 G=8.555 advA2B=0.830 advB2A=0.933 cycA=0.222 cycB=0.239 idtA=0.197 idtB=0.240 D_A=0.026 D_B=0.054 D_A(real)=0.95 D_A(fake)=0.04 gnG=56.27 gnD=2.87 it_per_s=7.24
2026-10-03 06:03:26,492 INFO iter=47500 epoch=7 lr=2.00e-04 G=8.565 advA2B=0.832 advB2A=0.931 cycA=0.222 cycB=0.239 idtA=0.198 idtB=0.240 D_A=0.026 D_B=0.053 D_A(real)=0.95 D_A(fake)=0.05 gnG=56.61 gnD=2.88 it_per_s=7.24
2026-10-03 06:03:40,302 INFO iter=47600 epoch=7 lr=2.00e-04 G=8.561 advA2B=0.834 advB2A=0.931 cycA=0.222 cycB=0.239 idtA=0.198 idtB=0.239 D_A=0.026 D_B=0.053 D_A(real)=0.95 D_A(fake)=0.05 gnG=56.46 gnD=2.87 it_per_s=7.24
2026-10-03 06:03:54,343 INFO iter=47700 epoch=7 lr=2.00e-04 G=8.558 advA2B=0.835 advB2A=0.931 cycA=0.222 cycB=0.239 idtA=0.199 idtB=0.239 D_A=0.026 D_B=0.053 D_A(real)=0.95 D_A(fake)=0.05 gnG=57.58 gnD=2.88 it_per_s=7.24
2026-10-03 06:04:07,968 INFO iter=47800 epoch=7 lr=2.00e-04 G=8.558 advA2B=0.837 advB2A=0.930 cycA=0.222 cycB=0.238 idtA=0.199 idtB=0.239 D_A=0.027 D_B=0.052 D_A(real)=0.95 D_A(fake)=0.05 gnG=57.32 gnD=2.88 it_per_s=7.24
2026-10-03 06:04:21,565 INFO iter=47900 epoch=7 lr=2.00e-04 G=8.554 advA2B=0.840 advB2A=0.929 cycA=0.222 cycB=0.238 idtA=0.199 idtB=0.239 D_A=0.027 D_B=0.051 D_A(real)=0.95 D_A(fake)=0.05 gnG=57.04 gnD=2.86 it_per_s=7.25
2026-10-03 06:04:35,296 INFO iter=48000 epoch=7 lr=2.00e-04 G=8.545 advA2B=0.842 advB2A=0.928 cycA=0.221 cycB=0.238 idtA=0.198 idtB=0.239 D_A=0.027 D_B=0.050 D_A(real)=0.95 D_A(fake)=0.05 gnG=56.83 gnD=2.86 it_per_s=7.25
2026-10-03 06:04:48,987 INFO iter=48100 epoch=7 lr=2.00e-04 G=8.536 advA2B=0.844 advB2A=0.926 cycA=0.221 cycB=0.237 idtA=0.198 idtB=0.239 D_A=0.028 D_B=0.050 D_A(real)=0.95 D_A(fake)=0.05 gnG=56.68 gnD=2.88 it_per_s=7.25
2026-10-03 06:05:02,677 INFO iter=48200 epoch=7 lr=2.00e-04 G=8.525 advA2B=0.845 advB2A=0.925 cycA=0.220 cycB=0.237 idtA=0.198 idtB=0.238 D_A=0.028 D_B=0.049 D_A(real)=0.95 D_A(fake)=0.05 gnG=56.44 gnD=2.87 it_per_s=7.25
2026-10-03 06:05:16,410 INFO iter=48300 epoch=7 lr=2.00e-04 G=8.511 advA2B=0.847 advB2A=0.925 cycA=0.220 cycB=0.236 idtA=0.198 idtB=0.237 D_A=0.028 D_B=0.049 D_A(real)=0.95 D_A(fake)=0.05 gnG=56.22 gnD=2.85 it_per_s=7.25
2026-10-03 06:05:29,978 INFO iter=48400 epoch=7 lr=2.00e-04 G=8.496 advA2B=0.848 advB2A=0.925 cycA=0.219 cycB=0.236 idtA=0.197 idtB=0.237 D_A=0.028 D_B=0.048 D_A(real)=0.95 D_A(fake)=0.05 gnG=55.94 gnD=2.83 it_per_s=7.25
2026-10-03 06:05:43,578 INFO iter=48500 epoch=7 lr=2.00e-04 G=8.483 advA2B=0.849 advB2A=0.925 cycA=0.219 cycB=0.235 idtA=0.197 idtB=0.236 D_A=0.027 D_B=0.048 D_A(real)=0.95 D_A(fake)=0.05 gnG=55.77 gnD=2.82 it_per_s=7.25
2026-10-03 06:05:57,178 INFO iter=48600 epoch=7 lr=2.00e-04 G=8.469 advA2B=0.851 advB2A=0.924 cycA=0.218 cycB=0.235 idtA=0.197 idtB=0.236 D_A=0.027 D_B=0.048 D_A(real)=0.95 D_A(fake)=0.05 gnG=55.56 gnD=2.81 it_per_s=7.25
2026-10-03 06:06:10,797 INFO iter=48700 epoch=7 lr=2.00e-04 G=8.455 advA2B=0.852 advB2A=0.923 cycA=0.218 cycB=0.234 idtA=0.197 idtB=0.235 D_A=0.028 D_B=0.047 D_A(real)=0.95 D_A(fake)=0.05 gnG=55.40 gnD=2.81 it_per_s=7.26
2026-10-03 06:06:24,785 INFO iter=48800 epoch=7 lr=2.00e-04 G=8.441 advA2B=0.854 advB2A=0.922 cycA=0.218 cycB=0.233 idtA=0.197 idtB=0.234 D_A=0.028 D_B=0.047 D_A(real)=0.95 D_A(fake)=0.05 gnG=55.22 gnD=2.81 it_per_s=7.25
2026-10-03 06:06:38,522 INFO iter=48900 epoch=7 lr=2.00e-04 G=8.429 advA2B=0.855 advB2A=0.921 cycA=0.217 cycB=0.233 idtA=0.197 idtB=0.233 D_A=0.028 D_B=0.047 D_A(real)=0.95 D_A(fake)=0.05 gnG=55.12 gnD=2.82 it_per_s=7.25
2026-10-03 06:06:52,119 INFO iter=49000 epoch=7 lr=2.00e-04 G=8.419 advA2B=0.856 advB2A=0.921 cycA=0.217 cycB=0.232 idtA=0.197 idtB=0.233 D_A=0.028 D_B=0.047 D_A(real)=0.95 D_A(fake)=0.05 gnG=55.03 gnD=2.82 it_per_s=7.26
2026-10-03 06:07:05,743 INFO iter=49100 epoch=7 lr=2.00e-04 G=8.405 advA2B=0.854 advB2A=0.921 cycA=0.217 cycB=0.232 idtA=0.196 idtB=0.232 D_A=0.028 D_B=0.047 D_A(real)=0.95 D_A(fake)=0.05 gnG=54.79 gnD=2.84 it_per_s=7.26
2026-10-03 06:07:19,345 INFO iter=49200 epoch=7 lr=2.00e-04 G=8.390 advA2B=0.850 advB2A=0.922 cycA=0.216 cycB=0.232 idtA=0.196 idtB=0.232 D_A=0.028 D_B=0.048 D_A(real)=0.95 D_A(fake)=0.05 gnG=54.67 gnD=2.86 it_per_s=7.26
2026-10-03 06:07:28,353 INFO epoch=7 done time_s=970 it_per_s=7.26 G=8.377 cycA=0.216 cycB=0.231 idtA=0.196 idtB=0.231 D_A=0.028 D_B=0.048 D_A(real)=0.95 D_A(fake)=0.05 nan_count=0
2026-10-03 06:07:28,353 WARNING epoch=7 D_A (Monet) loss 0.0285 is near 0: possible discriminator overfitting
2026-10-03 06:07:33,634 INFO iter=49300 epoch=8 lr=2.00e-04 G=7.286 advA2B=0.687 advB2A=0.903 cycA=0.193 cycB=0.186 idtA=0.189 idtB=0.193 D_A=0.016 D_B=0.096 D_A(real)=0.97 D_A(fake)=0.03 gnG=47.38 gnD=3.31 it_per_s=7.14
2026-10-03 06:07:47,206 INFO iter=49400 epoch=8 lr=2.00e-04 G=7.373 advA2B=0.695 advB2A=0.895 cycA=0.196 cycB=0.190 idtA=0.190 idtB=0.193 D_A=0.020 D_B=0.095 D_A(real)=0.96 D_A(fake)=0.03 gnG=54.67 gnD=3.60 it_per_s=7.31
2026-10-03 06:08:00,984 INFO iter=49500 epoch=8 lr=2.00e-04 G=7.327 advA2B=0.698 advB2A=0.903 cycA=0.192 cycB=0.192 idtA=0.184 idtB=0.193 D_A=0.024 D_B=0.091 D_A(real)=0.95 D_A(fake)=0.04 gnG=51.10 gnD=3.51 it_per_s=7.29
2026-10-03 06:08:15,193 INFO iter=49600 epoch=8 lr=2.00e-04 G=7.302 advA2B=0.718 advB2A=0.917 cycA=0.190 cycB=0.190 idtA=0.182 idtB=0.191 D_A=0.026 D_B=0.089 D_A(real)=0.95 D_A(fake)=0.05 gnG=48.96 gnD=3.60 it_per_s=7.21
2026-10-03 06:08:29,131 INFO iter=49700 epoch=8 lr=2.00e-04 G=7.395 advA2B=0.738 advB2A=0.921 cycA=0.191 cycB=0.195 idtA=0.182 idtB=0.194 D_A=0.025 D_B=0.084 D_A(real)=0.95 D_A(fake)=0.04 gnG=50.02 gnD=3.59 it_per_s=7.20
2026-10-03 06:08:42,700 INFO iter=49800 epoch=8 lr=2.00e-04 G=7.444 advA2B=0.736 advB2A=0.916 cycA=0.194 cycB=0.197 idtA=0.184 idtB=0.195 D_A=0.025 D_B=0.081 D_A(real)=0.95 D_A(fake)=0.05 gnG=50.52 gnD=3.57 it_per_s=7.23
2026-10-03 06:08:56,462 INFO iter=49900 epoch=8 lr=2.00e-04 G=7.483 advA2B=0.737 advB2A=0.925 cycA=0.195 cycB=0.197 idtA=0.183 idtB=0.198 D_A=0.023 D_B=0.079 D_A(real)=0.96 D_A(fake)=0.04 gnG=48.80 gnD=3.55 it_per_s=7.24
2026-10-03 06:09:10,270 INFO iter=50000 epoch=8 lr=2.00e-04 G=7.608 advA2B=0.731 advB2A=0.930 cycA=0.198 cycB=0.202 idtA=0.184 idtB=0.207 D_A=0.022 D_B=0.078 D_A(real)=0.96 D_A(fake)=0.04 gnG=52.48 gnD=3.56 it_per_s=7.24
2026-10-03 06:09:23,854 INFO iter=50100 epoch=8 lr=2.00e-04 G=7.688 advA2B=0.744 advB2A=0.931 cycA=0.200 cycB=0.203 idtA=0.185 idtB=0.211 D_A=0.022 D_B=0.076 D_A(real)=0.96 D_A(fake)=0.04 gnG=55.31 gnD=3.64 it_per_s=7.25
2026-10-03 06:09:37,356 INFO iter=50200 epoch=8 lr=2.00e-04 G=7.698 advA2B=0.757 advB2A=0.936 cycA=0.200 cycB=0.203 idtA=0.185 idtB=0.210 D_A=0.022 D_B=0.073 D_A(real)=0.96 D_A(fake)=0.04 gnG=54.63 gnD=3.61 it_per_s=7.27
2026-10-03 06:09:51,106 INFO iter=50300 epoch=8 lr=2.00e-04 G=7.654 advA2B=0.751 advB2A=0.938 cycA=0.199 cycB=0.202 idtA=0.183 idtB=0.209 D_A=0.023 D_B=0.074 D_A(real)=0.96 D_A(fake)=0.04 gnG=54.09 gnD=3.69 it_per_s=7.27
2026-10-03 06:10:04,647 INFO iter=50400 epoch=8 lr=2.00e-04 G=7.608 advA2B=0.745 advB2A=0.936 cycA=0.197 cycB=0.201 idtA=0.183 idtB=0.206 D_A=0.024 D_B=0.074 D_A(real)=0.96 D_A(fake)=0.04 gnG=53.41 gnD=3.72 it_per_s=7.28
2026-10-03 06:10:18,184 INFO iter=50500 epoch=8 lr=2.00e-04 G=7.618 advA2B=0.744 advB2A=0.935 cycA=0.198 cycB=0.201 idtA=0.182 idtB=0.207 D_A=0.023 D_B=0.074 D_A(real)=0.96 D_A(fake)=0.04 gnG=53.88 gnD=3.67 it_per_s=7.29
2026-10-03 06:10:31,702 INFO iter=50600 epoch=8 lr=2.00e-04 G=7.649 advA2B=0.747 advB2A=0.938 cycA=0.198 cycB=0.202 idtA=0.182 idtB=0.209 D_A=0.023 D_B=0.074 D_A(real)=0.96 D_A(fake)=0.04 gnG=53.83 gnD=3.68 it_per_s=7.30
2026-10-03 06:10:45,251 INFO iter=50700 epoch=8 lr=2.00e-04 G=7.640 advA2B=0.752 advB2A=0.937 cycA=0.198 cycB=0.202 idtA=0.182 idtB=0.208 D_A=0.023 D_B=0.072 D_A(real)=0.96 D_A(fake)=0.04 gnG=54.02 gnD=3.63 it_per_s=7.30
2026-10-03 06:10:58,828 INFO iter=50800 epoch=8 lr=2.00e-04 G=7.620 advA2B=0.746 advB2A=0.938 cycA=0.198 cycB=0.201 idtA=0.182 idtB=0.208 D_A=0.024 D_B=0.073 D_A(real)=0.96 D_A(fake)=0.04 gnG=53.64 gnD=3.69 it_per_s=7.31
2026-10-03 06:11:12,568 INFO iter=50900 epoch=8 lr=2.00e-04 G=7.606 advA2B=0.748 advB2A=0.934 cycA=0.197 cycB=0.201 idtA=0.182 idtB=0.207 D_A=0.023 D_B=0.072 D_A(real)=0.96 D_A(fake)=0.04 gnG=53.49 gnD=3.72 it_per_s=7.30
2026-10-03 06:11:26,114 INFO iter=51000 epoch=8 lr=2.00e-04 G=7.591 advA2B=0.749 advB2A=0.929 cycA=0.197 cycB=0.200 idtA=0.182 idtB=0.207 D_A=0.025 D_B=0.073 D_A(real)=0.96 D_A(fake)=0.04 gnG=53.24 gnD=3.74 it_per_s=7.31
2026-10-03 06:11:39,663 INFO iter=51100 epoch=8 lr=2.00e-04 G=7.589 advA2B=0.754 advB2A=0.925 cycA=0.197 cycB=0.200 idtA=0.182 idtB=0.206 D_A=0.025 D_B=0.073 D_A(real)=0.95 D_A(fake)=0.04 gnG=53.85 gnD=3.75 it_per_s=7.31
2026-10-03 06:11:53,203 INFO iter=51200 epoch=8 lr=2.00e-04 G=7.581 advA2B=0.752 advB2A=0.928 cycA=0.197 cycB=0.200 idtA=0.182 idtB=0.206 D_A=0.025 D_B=0.073 D_A(real)=0.96 D_A(fake)=0.04 gnG=54.55 gnD=3.74 it_per_s=7.32
2026-10-03 06:12:06,969 INFO iter=51300 epoch=8 lr=2.00e-04 G=7.576 advA2B=0.756 advB2A=0.931 cycA=0.196 cycB=0.200 idtA=0.181 idtB=0.205 D_A=0.025 D_B=0.072 D_A(real)=0.96 D_A(fake)=0.04 gnG=54.38 gnD=3.69 it_per_s=7.31
2026-10-03 06:12:20,784 INFO iter=51400 epoch=8 lr=2.00e-04 G=7.565 advA2B=0.755 advB2A=0.933 cycA=0.196 cycB=0.199 idtA=0.181 idtB=0.204 D_A=0.024 D_B=0.072 D_A(real)=0.96 D_A(fake)=0.04 gnG=54.51 gnD=3.64 it_per_s=7.31
2026-10-03 06:12:34,717 INFO iter=51500 epoch=8 lr=2.00e-04 G=7.561 advA2B=0.754 advB2A=0.934 cycA=0.196 cycB=0.199 idtA=0.181 idtB=0.204 D_A=0.023 D_B=0.073 D_A(real)=0.96 D_A(fake)=0.04 gnG=54.27 gnD=3.65 it_per_s=7.30
2026-10-03 06:12:48,320 INFO iter=51600 epoch=8 lr=2.00e-04 G=7.547 advA2B=0.751 advB2A=0.937 cycA=0.195 cycB=0.199 idtA=0.181 idtB=0.203 D_A=0.022 D_B=0.074 D_A(real)=0.96 D_A(fake)=0.04 gnG=53.93 gnD=3.64 it_per_s=7.31
2026-10-03 06:13:02,165 INFO iter=51700 epoch=8 lr=2.00e-04 G=7.525 advA2B=0.747 advB2A=0.937 cycA=0.194 cycB=0.199 idtA=0.180 idtB=0.202 D_A=0.022 D_B=0.075 D_A(real)=0.96 D_A(fake)=0.04 gnG=53.43 gnD=3.65 it_per_s=7.30
2026-10-03 06:13:16,016 INFO iter=51800 epoch=8 lr=2.00e-04 G=7.521 advA2B=0.746 advB2A=0.934 cycA=0.194 cycB=0.199 idtA=0.180 idtB=0.202 D_A=0.023 D_B=0.075 D_A(real)=0.96 D_A(fake)=0.04 gnG=54.06 gnD=3.69 it_per_s=7.30
2026-10-03 06:13:29,847 INFO iter=51900 epoch=8 lr=2.00e-04 G=7.520 advA2B=0.749 advB2A=0.936 cycA=0.194 cycB=0.199 idtA=0.180 idtB=0.202 D_A=0.023 D_B=0.075 D_A(real)=0.96 D_A(fake)=0.04 gnG=54.02 gnD=3.72 it_per_s=7.30
2026-10-03 06:13:43,557 INFO iter=52000 epoch=8 lr=2.00e-04 G=7.515 advA2B=0.749 advB2A=0.936 cycA=0.194 cycB=0.198 idtA=0.180 idtB=0.201 D_A=0.023 D_B=0.075 D_A(real)=0.96 D_A(fake)=0.04 gnG=53.96 gnD=3.73 it_per_s=7.30
2026-10-03 06:13:57,181 INFO iter=52100 epoch=8 lr=2.00e-04 G=7.497 advA2B=0.752 advB2A=0.934 cycA=0.193 cycB=0.198 idtA=0.180 idtB=0.200 D_A=0.024 D_B=0.074 D_A(real)=0.96 D_A(fake)=0.04 gnG=53.88 gnD=3.74 it_per_s=7.30
2026-10-03 06:14:10,807 INFO iter=52200 epoch=8 lr=2.00e-04 G=7.489 advA2B=0.751 advB2A=0.933 cycA=0.193 cycB=0.198 idtA=0.180 idtB=0.200 D_A=0.024 D_B=0.074 D_A(real)=0.96 D_A(fake)=0.04 gnG=53.79 gnD=3.76 it_per_s=7.30
2026-10-03 06:14:24,431 INFO iter=52300 epoch=8 lr=2.00e-04 G=7.469 advA2B=0.752 advB2A=0.930 cycA=0.193 cycB=0.197 idtA=0.179 idtB=0.199 D_A=0.025 D_B=0.074 D_A(real)=0.96 D_A(fake)=0.04 gnG=53.84 gnD=3.77 it_per_s=7.30
2026-10-03 06:14:37,971 INFO iter=52400 epoch=8 lr=2.00e-04 G=7.457 advA2B=0.755 advB2A=0.931 cycA=0.192 cycB=0.196 idtA=0.179 idtB=0.198 D_A=0.025 D_B=0.074 D_A(real)=0.96 D_A(fake)=0.04 gnG=53.72 gnD=3.78 it_per_s=7.30
2026-10-03 06:14:51,484 INFO iter=52500 epoch=8 lr=2.00e-04 G=7.450 advA2B=0.752 advB2A=0.930 cycA=0.192 cycB=0.196 idtA=0.179 idtB=0.198 D_A=0.025 D_B=0.075 D_A(real)=0.96 D_A(fake)=0.04 gnG=53.69 gnD=3.82 it_per_s=7.31
2026-10-03 06:15:05,003 INFO iter=52600 epoch=8 lr=2.00e-04 G=7.445 advA2B=0.752 advB2A=0.930 cycA=0.192 cycB=0.196 idtA=0.179 idtB=0.198 D_A=0.025 D_B=0.075 D_A(real)=0.95 D_A(fake)=0.04 gnG=53.39 gnD=3.84 it_per_s=7.31
2026-10-03 06:15:18,547 INFO iter=52700 epoch=8 lr=2.00e-04 G=7.440 advA2B=0.750 advB2A=0.930 cycA=0.192 cycB=0.196 idtA=0.178 idtB=0.198 D_A=0.025 D_B=0.076 D_A(real)=0.95 D_A(fake)=0.05 gnG=53.10 gnD=3.85 it_per_s=7.31
2026-10-03 06:15:32,079 INFO iter=52800 epoch=8 lr=2.00e-04 G=7.445 advA2B=0.749 advB2A=0.931 cycA=0.192 cycB=0.197 idtA=0.179 idtB=0.198 D_A=0.026 D_B=0.076 D_A(real)=0.95 D_A(fake)=0.05 gnG=53.33 gnD=3.85 it_per_s=7.31
2026-10-03 06:15:45,623 INFO iter=52900 epoch=8 lr=2.00e-04 G=7.448 advA2B=0.752 advB2A=0.931 cycA=0.192 cycB=0.197 idtA=0.179 idtB=0.198 D_A=0.026 D_B=0.076 D_A(real)=0.95 D_A(fake)=0.05 gnG=53.69 gnD=3.84 it_per_s=7.32
2026-10-03 06:15:59,152 INFO iter=53000 epoch=8 lr=2.00e-04 G=7.458 advA2B=0.754 advB2A=0.932 cycA=0.192 cycB=0.197 idtA=0.179 idtB=0.197 D_A=0.026 D_B=0.075 D_A(real)=0.95 D_A(fake)=0.05 gnG=53.60 gnD=3.83 it_per_s=7.32
2026-10-03 06:16:12,707 INFO iter=53100 epoch=8 lr=2.00e-04 G=7.460 advA2B=0.758 advB2A=0.932 cycA=0.192 cycB=0.196 idtA=0.179 idtB=0.197 D_A=0.026 D_B=0.075 D_A(real)=0.95 D_A(fake)=0.05 gnG=53.37 gnD=3.80 it_per_s=7.32
2026-10-03 06:16:26,348 INFO iter=53200 epoch=8 lr=2.00e-04 G=7.466 advA2B=0.762 advB2A=0.931 cycA=0.193 cycB=0.196 idtA=0.180 idtB=0.196 D_A=0.026 D_B=0.074 D_A(real)=0.95 D_A(fake)=0.05 gnG=53.34 gnD=3.76 it_per_s=7.32
2026-10-03 06:16:39,872 INFO iter=53300 epoch=8 lr=2.00e-04 G=7.467 advA2B=0.767 advB2A=0.927 cycA=0.193 cycB=0.196 idtA=0.180 idtB=0.196 D_A=0.026 D_B=0.073 D_A(real)=0.95 D_A(fake)=0.05 gnG=53.09 gnD=3.75 it_per_s=7.32
2026-10-03 06:16:53,408 INFO iter=53400 epoch=8 lr=2.00e-04 G=7.470 advA2B=0.771 advB2A=0.925 cycA=0.193 cycB=0.196 idtA=0.181 idtB=0.196 D_A=0.027 D_B=0.072 D_A(real)=0.95 D_A(fake)=0.05 gnG=52.78 gnD=3.74 it_per_s=7.32
2026-10-03 06:17:07,311 INFO iter=53500 epoch=8 lr=2.00e-04 G=7.467 advA2B=0.776 advB2A=0.924 cycA=0.192 cycB=0.196 idtA=0.181 idtB=0.195 D_A=0.028 D_B=0.071 D_A(real)=0.95 D_A(fake)=0.05 gnG=52.64 gnD=3.72 it_per_s=7.32
2026-10-03 06:17:20,868 INFO iter=53600 epoch=8 lr=2.00e-04 G=7.471 advA2B=0.780 advB2A=0.922 cycA=0.193 cycB=0.196 idtA=0.182 idtB=0.195 D_A=0.029 D_B=0.070 D_A(real)=0.95 D_A(fake)=0.05 gnG=52.40 gnD=3.70 it_per_s=7.32
2026-10-03 06:17:34,422 INFO iter=53700 epoch=8 lr=2.00e-04 G=7.475 advA2B=0.784 advB2A=0.922 cycA=0.193 cycB=0.196 idtA=0.182 idtB=0.194 D_A=0.029 D_B=0.069 D_A(real)=0.95 D_A(fake)=0.05 gnG=52.13 gnD=3.68 it_per_s=7.32
2026-10-03 06:17:47,981 INFO iter=53800 epoch=8 lr=2.00e-04 G=7.468 advA2B=0.787 advB2A=0.920 cycA=0.192 cycB=0.196 idtA=0.182 idtB=0.194 D_A=0.029 D_B=0.068 D_A(real)=0.95 D_A(fake)=0.05 gnG=51.83 gnD=3.65 it_per_s=7.32
2026-10-03 06:18:01,896 INFO iter=53900 epoch=8 lr=2.00e-04 G=7.470 advA2B=0.787 advB2A=0.916 cycA=0.192 cycB=0.196 idtA=0.183 idtB=0.194 D_A=0.030 D_B=0.068 D_A(real)=0.95 D_A(fake)=0.05 gnG=51.72 gnD=3.65 it_per_s=7.32
2026-10-03 06:18:15,456 INFO iter=54000 epoch=8 lr=2.00e-04 G=7.468 advA2B=0.783 advB2A=0.915 cycA=0.192 cycB=0.196 idtA=0.183 idtB=0.194 D_A=0.030 D_B=0.068 D_A(real)=0.95 D_A(fake)=0.05 gnG=51.70 gnD=3.66 it_per_s=7.32
2026-10-03 06:18:29,257 INFO iter=54100 epoch=8 lr=2.00e-04 G=7.465 advA2B=0.782 advB2A=0.915 cycA=0.192 cycB=0.196 idtA=0.182 idtB=0.194 D_A=0.030 D_B=0.069 D_A(real)=0.95 D_A(fake)=0.05 gnG=51.48 gnD=3.67 it_per_s=7.32
2026-10-03 06:18:43,108 INFO iter=54200 epoch=8 lr=2.00e-04 G=7.464 advA2B=0.782 advB2A=0.916 cycA=0.192 cycB=0.196 idtA=0.182 idtB=0.193 D_A=0.030 D_B=0.069 D_A(real)=0.95 D_A(fake)=0.05 gnG=51.24 gnD=3.69 it_per_s=7.32
2026-10-03 06:18:57,018 INFO iter=54300 epoch=8 lr=2.00e-04 G=7.463 advA2B=0.782 advB2A=0.914 cycA=0.192 cycB=0.196 idtA=0.182 idtB=0.193 D_A=0.030 D_B=0.069 D_A(real)=0.95 D_A(fake)=0.05 gnG=51.01 gnD=3.70 it_per_s=7.32
2026-10-03 06:19:10,573 INFO iter=54400 epoch=8 lr=2.00e-04 G=7.459 advA2B=0.783 advB2A=0.914 cycA=0.192 cycB=0.196 idtA=0.182 idtB=0.193 D_A=0.030 D_B=0.069 D_A(real)=0.95 D_A(fake)=0.05 gnG=50.72 gnD=3.69 it_per_s=7.32
2026-10-03 06:19:24,106 INFO iter=54500 epoch=8 lr=2.00e-04 G=7.452 advA2B=0.785 advB2A=0.913 cycA=0.192 cycB=0.196 idtA=0.182 idtB=0.193 D_A=0.031 D_B=0.068 D_A(real)=0.94 D_A(fake)=0.05 gnG=50.43 gnD=3.69 it_per_s=7.32
2026-10-03 06:19:37,635 INFO iter=54600 epoch=8 lr=2.00e-04 G=7.443 advA2B=0.786 advB2A=0.912 cycA=0.192 cycB=0.196 idtA=0.182 idtB=0.193 D_A=0.031 D_B=0.068 D_A(real)=0.94 D_A(fake)=0.06 gnG=50.17 gnD=3.70 it_per_s=7.32
2026-10-03 06:19:51,170 INFO iter=54700 epoch=8 lr=2.00e-04 G=7.437 advA2B=0.784 advB2A=0.912 cycA=0.191 cycB=0.196 idtA=0.182 idtB=0.192 D_A=0.031 D_B=0.068 D_A(real)=0.94 D_A(fake)=0.06 gnG=50.01 gnD=3.71 it_per_s=7.32
2026-10-03 06:20:05,009 INFO iter=54800 epoch=8 lr=2.00e-04 G=7.434 advA2B=0.783 advB2A=0.912 cycA=0.191 cycB=0.195 idtA=0.182 idtB=0.192 D_A=0.031 D_B=0.069 D_A(real)=0.94 D_A(fake)=0.06 gnG=50.04 gnD=3.73 it_per_s=7.32
2026-10-03 06:20:18,527 INFO iter=54900 epoch=8 lr=2.00e-04 G=7.430 advA2B=0.785 advB2A=0.913 cycA=0.191 cycB=0.195 idtA=0.181 idtB=0.192 D_A=0.031 D_B=0.069 D_A(real)=0.94 D_A(fake)=0.06 gnG=50.08 gnD=3.73 it_per_s=7.32
2026-10-03 06:20:32,042 INFO iter=55000 epoch=8 lr=2.00e-04 G=7.428 advA2B=0.782 advB2A=0.912 cycA=0.191 cycB=0.195 idtA=0.181 idtB=0.192 D_A=0.031 D_B=0.069 D_A(real)=0.94 D_A(fake)=0.06 gnG=50.40 gnD=3.74 it_per_s=7.32
2026-10-03 06:20:45,602 INFO iter=55100 epoch=8 lr=2.00e-04 G=7.427 advA2B=0.782 advB2A=0.913 cycA=0.191 cycB=0.195 idtA=0.181 idtB=0.192 D_A=0.032 D_B=0.069 D_A(real)=0.94 D_A(fake)=0.06 gnG=50.35 gnD=3.75 it_per_s=7.32
2026-10-03 06:20:59,190 INFO iter=55200 epoch=8 lr=2.00e-04 G=7.430 advA2B=0.781 advB2A=0.912 cycA=0.191 cycB=0.195 idtA=0.181 idtB=0.192 D_A=0.032 D_B=0.069 D_A(real)=0.94 D_A(fake)=0.06 gnG=50.22 gnD=3.74 it_per_s=7.32
2026-10-03 06:21:12,947 INFO iter=55300 epoch=8 lr=2.00e-04 G=7.428 advA2B=0.780 advB2A=0.912 cycA=0.191 cycB=0.195 idtA=0.181 idtB=0.192 D_A=0.032 D_B=0.069 D_A(real)=0.94 D_A(fake)=0.06 gnG=50.30 gnD=3.75 it_per_s=7.32
2026-10-03 06:21:26,499 INFO iter=55400 epoch=8 lr=2.00e-04 G=7.426 advA2B=0.777 advB2A=0.911 cycA=0.191 cycB=0.195 idtA=0.181 idtB=0.193 D_A=0.032 D_B=0.070 D_A(real)=0.94 D_A(fake)=0.06 gnG=50.44 gnD=3.75 it_per_s=7.32
2026-10-03 06:21:40,106 INFO iter=55500 epoch=8 lr=2.00e-04 G=7.422 advA2B=0.777 advB2A=0.912 cycA=0.191 cycB=0.195 idtA=0.181 idtB=0.193 D_A=0.032 D_B=0.070 D_A(real)=0.94 D_A(fake)=0.06 gnG=50.47 gnD=3.76 it_per_s=7.32
2026-10-03 06:21:53,909 INFO iter=55600 epoch=8 lr=2.00e-04 G=7.423 advA2B=0.778 advB2A=0.913 cycA=0.191 cycB=0.195 idtA=0.181 idtB=0.193 D_A=0.031 D_B=0.070 D_A(real)=0.94 D_A(fake)=0.06 gnG=50.43 gnD=3.75 it_per_s=7.32
2026-10-03 06:22:07,565 INFO iter=55700 epoch=8 lr=2.00e-04 G=7.425 advA2B=0.778 advB2A=0.914 cycA=0.191 cycB=0.195 idtA=0.181 idtB=0.193 D_A=0.031 D_B=0.070 D_A(real)=0.94 D_A(fake)=0.06 gnG=50.37 gnD=3.75 it_per_s=7.32
2026-10-03 06:22:21,238 INFO iter=55800 epoch=8 lr=2.00e-04 G=7.425 advA2B=0.779 advB2A=0.913 cycA=0.191 cycB=0.195 idtA=0.181 idtB=0.193 D_A=0.032 D_B=0.070 D_A(real)=0.94 D_A(fake)=0.06 gnG=50.23 gnD=3.77 it_per_s=7.32
2026-10-03 06:22:34,951 INFO iter=55900 epoch=8 lr=2.00e-04 G=7.433 advA2B=0.779 advB2A=0.911 cycA=0.191 cycB=0.196 idtA=0.181 idtB=0.193 D_A=0.032 D_B=0.070 D_A(real)=0.94 D_A(fake)=0.06 gnG=50.47 gnD=3.78 it_per_s=7.32
2026-10-03 06:22:48,634 INFO iter=56000 epoch=8 lr=2.00e-04 G=7.439 advA2B=0.779 advB2A=0.911 cycA=0.191 cycB=0.196 idtA=0.181 idtB=0.193 D_A=0.032 D_B=0.070 D_A(real)=0.94 D_A(fake)=0.06 gnG=50.38 gnD=3.79 it_per_s=7.32
2026-10-03 06:23:02,529 INFO iter=56100 epoch=8 lr=2.00e-04 G=7.440 advA2B=0.779 advB2A=0.911 cycA=0.191 cycB=0.196 idtA=0.181 idtB=0.193 D_A=0.032 D_B=0.070 D_A(real)=0.94 D_A(fake)=0.06 gnG=50.32 gnD=3.79 it_per_s=7.32
2026-10-03 06:23:16,464 INFO iter=56200 epoch=8 lr=2.00e-04 G=7.441 advA2B=0.781 advB2A=0.911 cycA=0.191 cycB=0.196 idtA=0.181 idtB=0.193 D_A=0.032 D_B=0.069 D_A(real)=0.94 D_A(fake)=0.06 gnG=50.28 gnD=3.78 it_per_s=7.32
2026-10-03 06:23:30,143 INFO iter=56300 epoch=8 lr=2.00e-04 G=7.435 advA2B=0.780 advB2A=0.911 cycA=0.191 cycB=0.196 idtA=0.181 idtB=0.193 D_A=0.032 D_B=0.070 D_A(real)=0.94 D_A(fake)=0.06 gnG=50.07 gnD=3.79 it_per_s=7.32
2026-10-03 06:23:30,673 INFO epoch=8 done time_s=962 it_per_s=7.32 G=7.435 cycA=0.191 cycB=0.196 idtA=0.181 idtB=0.193 D_A=0.032 D_B=0.070 D_A(real)=0.94 D_A(fake)=0.06 nan_count=0
2026-10-03 06:23:30,673 WARNING epoch=8 D_A (Monet) loss 0.0319 is near 0: possible discriminator overfitting
2026-10-03 06:23:44,777 INFO iter=56400 epoch=9 lr=2.00e-04 G=7.207 advA2B=0.796 advB2A=0.919 cycA=0.180 cycB=0.191 idtA=0.165 idtB=0.192 D_A=0.039 D_B=0.077 D_A(real)=0.93 D_A(fake)=0.07 gnG=46.94 gnD=4.01 it_per_s=7.07
2026-10-03 06:23:58,466 INFO iter=56500 epoch=9 lr=2.00e-04 G=7.517 advA2B=0.744 advB2A=0.908 cycA=0.190 cycB=0.208 idtA=0.170 idtB=0.208 D_A=0.036 D_B=0.084 D_A(real)=0.93 D_A(fake)=0.06 gnG=44.55 gnD=4.00 it_per_s=7.19
2026-10-03 06:24:12,029 INFO iter=56600 epoch=9 lr=2.00e-04 G=7.766 advA2B=0.779 advB2A=0.913 cycA=0.196 cycB=0.215 idtA=0.174 idtB=0.218 D_A=0.035 D_B=0.079 D_A(real)=0.93 D_A(fake)=0.06 gnG=49.84 gnD=4.06 it_per_s=7.25
2026-10-03 06:24:25,590 INFO iter=56700 epoch=9 lr=2.00e-04 G=7.733 advA2B=0.781 advB2A=0.927 cycA=0.196 cycB=0.212 idtA=0.175 idtB=0.213 D_A=0.032 D_B=0.074 D_A(real)=0.94 D_A(fake)=0.06 gnG=47.69 gnD=3.78 it_per_s=7.28
2026-10-03 06:24:39,144 INFO iter=56800 epoch=9 lr=2.00e-04 G=8.147 advA2B=0.799 advB2A=0.942 cycA=0.205 cycB=0.229 idtA=0.180 idtB=0.235 D_A=0.028 D_B=0.069 D_A(real)=0.95 D_A(fake)=0.05 gnG=50.94 gnD=3.53 it_per_s=7.30
2026-10-03 06:24:52,710 INFO iter=56900 epoch=9 lr=2.00e-04 G=8.143 advA2B=0.806 advB2A=0.947 cycA=0.204 cycB=0.228 idtA=0.178 idtB=0.236 D_A=0.026 D_B=0.064 D_A(real)=0.95 D_A(fake)=0.04 gnG=49.20 gnD=3.37 it_per_s=7.31
2026-10-03 06:25:06,507 INFO iter=57000 epoch=9 lr=2.00e-04 G=8.082 advA2B=0.814 advB2A=0.938 cycA=0.204 cycB=0.224 idtA=0.178 idtB=0.232 D_A=0.028 D_B=0.060 D_A(real)=0.95 D_A(fake)=0.05 gnG=48.28 gnD=3.41 it_per_s=7.30
2026-10-03 06:25:20,144 INFO iter=57100 epoch=9 lr=2.00e-04 G=8.013 advA2B=0.828 advB2A=0.934 cycA=0.202 cycB=0.221 idtA=0.177 idtB=0.228 D_A=0.028 D_B=0.059 D_A(real)=0.95 D_A(fake)=0.05 gnG=48.71 gnD=3.44 it_per_s=7.31
2026-10-03 06:25:33,788 INFO iter=57200 epoch=9 lr=2.00e-04 G=7.983 advA2B=0.834 advB2A=0.937 cycA=0.201 cycB=0.219 idtA=0.177 idtB=0.225 D_A=0.028 D_B=0.056 D_A(real)=0.95 D_A(fake)=0.05 gnG=47.77 gnD=3.45 it_per_s=7.31
2026-10-03 06:25:47,743 INFO iter=57300 epoch=9 lr=2.00e-04 G=7.952 advA2B=0.836 advB2A=0.938 cycA=0.200 cycB=0.217 idtA=0.178 idtB=0.222 D_A=0.027 D_B=0.056 D_A(real)=0.95 D_A(fake)=0.05 gnG=47.02 gnD=3.46 it_per_s=7.29
2026-10-03 06:26:01,577 INFO iter=57400 epoch=9 lr=2.00e-04 G=7.903 advA2B=0.839 advB2A=0.927 cycA=0.201 cycB=0.215 idtA=0.178 idtB=0.219 D_A=0.028 D_B=0.055 D_A(real)=0.95 D_A(fake)=0.05 gnG=46.62 gnD=3.42 it_per_s=7.29
2026-10-03 06:26:15,509 INFO iter=57500 epoch=9 lr=2.00e-04 G=7.865 advA2B=0.840 advB2A=0.931 cycA=0.199 cycB=0.213 idtA=0.177 idtB=0.217 D_A=0.027 D_B=0.056 D_A(real)=0.95 D_A(fake)=0.05 gnG=45.56 gnD=3.40 it_per_s=7.28
2026-10-03 06:26:29,460 INFO iter=57600 epoch=9 lr=2.00e-04 G=7.823 advA2B=0.839 advB2A=0.930 cycA=0.197 cycB=0.212 idtA=0.177 idtB=0.215 D_A=0.027 D_B=0.055 D_A(real)=0.95 D_A(fake)=0.05 gnG=44.80 gnD=3.42 it_per_s=7.27
2026-10-03 06:26:43,396 INFO iter=57700 epoch=9 lr=2.00e-04 G=7.773 advA2B=0.834 advB2A=0.934 cycA=0.196 cycB=0.210 idtA=0.176 idtB=0.213 D_A=0.027 D_B=0.056 D_A(real)=0.95 D_A(fake)=0.05 gnG=44.24 gnD=3.46 it_per_s=7.26
2026-10-03 06:26:57,248 INFO iter=57800 epoch=9 lr=2.00e-04 G=7.749 advA2B=0.833 advB2A=0.937 cycA=0.195 cycB=0.209 idtA=0.176 idtB=0.212 D_A=0.027 D_B=0.056 D_A(real)=0.95 D_A(fake)=0.05 gnG=43.68 gnD=3.46 it_per_s=7.26
2026-10-03 06:27:11,173 INFO iter=57900 epoch=9 lr=2.00e-04 G=7.724 advA2B=0.830 advB2A=0.933 cycA=0.195 cycB=0.208 idtA=0.176 idtB=0.211 D_A=0.026 D_B=0.057 D_A(real)=0.95 D_A(fake)=0.05 gnG=43.67 gnD=3.49 it_per_s=7.26
2026-10-03 06:27:24,850 INFO iter=58000 epoch=9 lr=2.00e-04 G=7.713 advA2B=0.832 advB2A=0.935 cycA=0.195 cycB=0.207 idtA=0.175 idtB=0.211 D_A=0.026 D_B=0.057 D_A(real)=0.95 D_A(fake)=0.05 gnG=43.35 gnD=3.49 it_per_s=7.26
2026-10-03 06:27:38,414 INFO iter=58100 epoch=9 lr=2.00e-04 G=7.684 advA2B=0.833 advB2A=0.934 cycA=0.194 cycB=0.206 idtA=0.175 idtB=0.209 D_A=0.026 D_B=0.056 D_A(real)=0.95 D_A(fake)=0.05 gnG=43.23 gnD=3.49 it_per_s=7.26
2026-10-03 06:27:52,115 INFO iter=58200 epoch=9 lr=2.00e-04 G=7.713 advA2B=0.828 advB2A=0.935 cycA=0.195 cycB=0.207 idtA=0.175 idtB=0.211 D_A=0.026 D_B=0.057 D_A(real)=0.95 D_A(fake)=0.05 gnG=43.33 gnD=3.54 it_per_s=7.27
2026-10-03 06:28:05,989 INFO iter=58300 epoch=9 lr=2.00e-04 G=7.695 advA2B=0.824 advB2A=0.937 cycA=0.195 cycB=0.206 idtA=0.175 idtB=0.209 D_A=0.026 D_B=0.058 D_A(real)=0.95 D_A(fake)=0.05 gnG=42.99 gnD=3.53 it_per_s=7.26
2026-10-03 06:28:19,600 INFO iter=58400 epoch=9 lr=2.00e-04 G=7.670 advA2B=0.822 advB2A=0.938 cycA=0.194 cycB=0.205 idtA=0.175 idtB=0.208 D_A=0.025 D_B=0.059 D_A(real)=0.95 D_A(fake)=0.05 gnG=42.65 gnD=3.54 it_per_s=7.27
2026-10-03 06:28:33,532 INFO iter=58500 epoch=9 lr=2.00e-04 G=7.649 advA2B=0.823 advB2A=0.936 cycA=0.194 cycB=0.204 idtA=0.175 idtB=0.207 D_A=0.026 D_B=0.059 D_A(real)=0.95 D_A(fake)=0.05 gnG=42.37 gnD=3.53 it_per_s=7.26
2026-10-03 06:28:47,181 INFO iter=58600 epoch=9 lr=2.00e-04 G=7.633 advA2B=0.820 advB2A=0.935 cycA=0.194 cycB=0.204 idtA=0.175 idtB=0.206 D_A=0.026 D_B=0.060 D_A(real)=0.95 D_A(fake)=0.05 gnG=42.16 gnD=3.56 it_per_s=7.27
2026-10-03 06:29:01,023 INFO iter=58700 epoch=9 lr=2.00e-04 G=7.621 advA2B=0.817 advB2A=0.934 cycA=0.193 cycB=0.204 idtA=0.174 idtB=0.206 D_A=0.026 D_B=0.061 D_A(real)=0.95 D_A(fake)=0.05 gnG=41.99 gnD=3.59 it_per_s=7.26
2026-10-03 06:29:14,764 INFO iter=58800 epoch=9 lr=2.00e-04 G=7.632 advA2B=0.816 advB2A=0.935 cycA=0.194 cycB=0.204 idtA=0.175 idtB=0.206 D_A=0.026 D_B=0.061 D_A(real)=0.95 D_A(fake)=0.05 gnG=42.17 gnD=3.60 it_per_s=7.26
2026-10-03 06:29:28,428 INFO iter=58900 epoch=9 lr=2.00e-04 G=7.614 advA2B=0.815 advB2A=0.934 cycA=0.193 cycB=0.204 idtA=0.174 idtB=0.205 D_A=0.026 D_B=0.061 D_A(real)=0.95 D_A(fake)=0.05 gnG=42.22 gnD=3.61 it_per_s=7.27
2026-10-03 06:29:42,084 INFO iter=59000 epoch=9 lr=2.00e-04 G=7.593 advA2B=0.817 advB2A=0.932 cycA=0.193 cycB=0.203 idtA=0.174 idtB=0.204 D_A=0.027 D_B=0.061 D_A(real)=0.95 D_A(fake)=0.05 gnG=41.95 gnD=3.62 it_per_s=7.27
2026-10-03 06:29:55,734 INFO iter=59100 epoch=9 lr=2.00e-04 G=7.586 advA2B=0.815 advB2A=0.933 cycA=0.193 cycB=0.202 idtA=0.174 idtB=0.203 D_A=0.028 D_B=0.061 D_A(real)=0.95 D_A(fake)=0.05 gnG=42.01 gnD=3.66 it_per_s=7.27
2026-10-03 06:30:09,358 INFO iter=59200 epoch=9 lr=2.00e-04 G=7.571 advA2B=0.813 advB2A=0.932 cycA=0.192 cycB=0.202 idtA=0.174 idtB=0.203 D_A=0.028 D_B=0.062 D_A(real)=0.95 D_A(fake)=0.05 gnG=41.74 gnD=3.68 it_per_s=7.27
2026-10-03 06:30:23,028 INFO iter=59300 epoch=9 lr=2.00e-04 G=7.550 advA2B=0.811 advB2A=0.932 cycA=0.192 cycB=0.201 idtA=0.174 idtB=0.202 D_A=0.028 D_B=0.062 D_A(real)=0.95 D_A(fake)=0.05 gnG=41.57 gnD=3.69 it_per_s=7.27
2026-10-03 06:30:36,687 INFO iter=59400 epoch=9 lr=2.00e-04 G=7.540 advA2B=0.811 advB2A=0.929 cycA=0.191 cycB=0.201 idtA=0.174 idtB=0.202 D_A=0.028 D_B=0.062 D_A(real)=0.95 D_A(fake)=0.05 gnG=41.44 gnD=3.71 it_per_s=7.28
2026-10-03 06:30:50,233 INFO iter=59500 epoch=9 lr=2.00e-04 G=7.542 advA2B=0.807 advB2A=0.931 cycA=0.191 cycB=0.201 idtA=0.174 idtB=0.203 D_A=0.028 D_B=0.062 D_A(real)=0.95 D_A(fake)=0.05 gnG=41.42 gnD=3.70 it_per_s=7.28
2026-10-03 06:31:03,817 INFO iter=59600 epoch=9 lr=2.00e-04 G=7.527 advA2B=0.804 advB2A=0.931 cycA=0.191 cycB=0.200 idtA=0.174 idtB=0.202 D_A=0.028 D_B=0.062 D_A(real)=0.95 D_A(fake)=0.05 gnG=41.20 gnD=3.69 it_per_s=7.28
2026-10-03 06:31:17,434 INFO iter=59700 epoch=9 lr=2.00e-04 G=7.526 advA2B=0.803 advB2A=0.930 cycA=0.191 cycB=0.200 idtA=0.174 idtB=0.202 D_A=0.027 D_B=0.063 D_A(real)=0.95 D_A(fake)=0.05 gnG=41.20 gnD=3.68 it_per_s=7.28
2026-10-03 06:31:31,064 INFO iter=59800 epoch=9 lr=2.00e-04 G=7.523 advA2B=0.805 advB2A=0.930 cycA=0.191 cycB=0.200 idtA=0.174 idtB=0.202 D_A=0.028 D_B=0.062 D_A(real)=0.95 D_A(fake)=0.05 gnG=41.13 gnD=3.67 it_per_s=7.29
2026-10-03 06:31:44,714 INFO iter=59900 epoch=9 lr=2.00e-04 G=7.522 advA2B=0.808 advB2A=0.931 cycA=0.191 cycB=0.200 idtA=0.174 idtB=0.202 D_A=0.028 D_B=0.062 D_A(real)=0.95 D_A(fake)=0.05 gnG=41.16 gnD=3.64 it_per_s=7.29
2026-10-03 06:31:58,505 INFO iter=60000 epoch=9 lr=2.00e-04 G=7.520 advA2B=0.807 advB2A=0.930 cycA=0.191 cycB=0.200 idtA=0.174 idtB=0.201 D_A=0.027 D_B=0.062 D_A(real)=0.95 D_A(fake)=0.05 gnG=41.23 gnD=3.61 it_per_s=7.29
2026-10-03 06:32:12,174 INFO iter=60100 epoch=9 lr=2.00e-04 G=7.519 advA2B=0.805 advB2A=0.931 cycA=0.191 cycB=0.200 idtA=0.174 idtB=0.201 D_A=0.027 D_B=0.062 D_A(real)=0.95 D_A(fake)=0.05 gnG=41.14 gnD=3.60 it_per_s=7.29
2026-10-03 06:32:25,830 INFO iter=60200 epoch=9 lr=2.00e-04 G=7.534 advA2B=0.801 advB2A=0.932 cycA=0.192 cycB=0.201 idtA=0.174 idtB=0.202 D_A=0.027 D_B=0.063 D_A(real)=0.95 D_A(fake)=0.05 gnG=41.43 gnD=3.60 it_per_s=7.29
2026-10-03 06:32:39,498 INFO iter=60300 epoch=9 lr=2.00e-04 G=7.529 advA2B=0.801 advB2A=0.934 cycA=0.192 cycB=0.201 idtA=0.174 idtB=0.201 D_A=0.027 D_B=0.064 D_A(real)=0.95 D_A(fake)=0.05 gnG=41.28 gnD=3.59 it_per_s=7.29
2026-10-03 06:32:53,002 INFO iter=60400 epoch=9 lr=2.00e-04 G=7.522 advA2B=0.800 advB2A=0.934 cycA=0.191 cycB=0.200 idtA=0.174 idtB=0.201 D_A=0.026 D_B=0.064 D_A(real)=0.95 D_A(fake)=0.05 gnG=41.22 gnD=3.57 it_per_s=7.29
2026-10-03 06:33:06,542 INFO iter=60500 epoch=9 lr=2.00e-04 G=7.511 advA2B=0.800 advB2A=0.931 cycA=0.191 cycB=0.200 idtA=0.174 idtB=0.200 D_A=0.027 D_B=0.064 D_A(real)=0.95 D_A(fake)=0.05 gnG=41.13 gnD=3.56 it_per_s=7.29
2026-10-03 06:33:20,207 INFO iter=60600 epoch=9 lr=2.00e-04 G=7.508 advA2B=0.797 advB2A=0.930 cycA=0.191 cycB=0.200 idtA=0.174 idtB=0.200 D_A=0.027 D_B=0.064 D_A(real)=0.95 D_A(fake)=0.05 gnG=41.14 gnD=3.56 it_per_s=7.29
2026-10-03 06:33:33,708 INFO iter=60700 epoch=9 lr=2.00e-04 G=7.496 advA2B=0.795 advB2A=0.930 cycA=0.191 cycB=0.199 idtA=0.174 idtB=0.200 D_A=0.027 D_B=0.064 D_A(real)=0.95 D_A(fake)=0.05 gnG=41.04 gnD=3.56 it_per_s=7.30
2026-10-03 06:33:47,668 INFO iter=60800 epoch=9 lr=2.00e-04 G=7.482 advA2B=0.795 advB2A=0.929 cycA=0.191 cycB=0.199 idtA=0.173 idtB=0.199 D_A=0.027 D_B=0.064 D_A(real)=0.95 D_A(fake)=0.05 gnG=41.17 gnD=3.55 it_per_s=7.29
2026-10-03 06:34:01,174 INFO iter=60900 epoch=9 lr=2.00e-04 G=7.478 advA2B=0.794 advB2A=0.929 cycA=0.191 cycB=0.198 idtA=0.173 idtB=0.199 D_A=0.027 D_B=0.064 D_A(real)=0.95 D_A(fake)=0.05 gnG=41.15 gnD=3.55 it_per_s=7.30
2026-10-03 06:34:14,931 INFO iter=61000 epoch=9 lr=2.00e-04 G=7.472 advA2B=0.792 advB2A=0.930 cycA=0.191 cycB=0.198 idtA=0.173 idtB=0.199 D_A=0.027 D_B=0.065 D_A(real)=0.95 D_A(fake)=0.05 gnG=41.04 gnD=3.55 it_per_s=7.29
2026-10-03 06:34:28,716 INFO iter=61100 epoch=9 lr=2.00e-04 G=7.474 advA2B=0.792 advB2A=0.928 cycA=0.191 cycB=0.198 idtA=0.173 idtB=0.199 D_A=0.027 D_B=0.065 D_A(real)=0.95 D_A(fake)=0.05 gnG=41.03 gnD=3.55 it_per_s=7.29
2026-10-03 06:34:42,205 INFO iter=61200 epoch=9 lr=2.00e-04 G=7.469 advA2B=0.792 advB2A=0.928 cycA=0.191 cycB=0.198 idtA=0.173 idtB=0.199 D_A=0.028 D_B=0.065 D_A(real)=0.95 D_A(fake)=0.05 gnG=40.87 gnD=3.55 it_per_s=7.30
2026-10-03 06:34:55,710 INFO iter=61300 epoch=9 lr=2.00e-04 G=7.466 advA2B=0.791 advB2A=0.928 cycA=0.191 cycB=0.198 idtA=0.173 idtB=0.199 D_A=0.028 D_B=0.064 D_A(real)=0.95 D_A(fake)=0.05 gnG=40.81 gnD=3.54 it_per_s=7.30
2026-10-03 06:35:09,394 INFO iter=61400 epoch=9 lr=2.00e-04 G=7.465 advA2B=0.792 advB2A=0.928 cycA=0.190 cycB=0.198 idtA=0.173 idtB=0.199 D_A=0.028 D_B=0.064 D_A(real)=0.95 D_A(fake)=0.05 gnG=40.84 gnD=3.53 it_per_s=7.30
2026-10-03 06:35:23,049 INFO iter=61500 epoch=9 lr=2.00e-04 G=7.461 advA2B=0.791 advB2A=0.926 cycA=0.190 cycB=0.198 idtA=0.173 idtB=0.199 D_A=0.028 D_B=0.065 D_A(real)=0.95 D_A(fake)=0.05 gnG=40.89 gnD=3.54 it_per_s=7.30
2026-10-03 06:35:36,547 INFO iter=61600 epoch=9 lr=2.00e-04 G=7.458 advA2B=0.791 advB2A=0.926 cycA=0.190 cycB=0.198 idtA=0.173 idtB=0.199 D_A=0.028 D_B=0.065 D_A(real)=0.95 D_A(fake)=0.05 gnG=40.80 gnD=3.55 it_per_s=7.30
2026-10-03 06:35:50,042 INFO iter=61700 epoch=9 lr=2.00e-04 G=7.449 advA2B=0.791 advB2A=0.925 cycA=0.190 cycB=0.198 idtA=0.172 idtB=0.198 D_A=0.028 D_B=0.065 D_A(real)=0.95 D_A(fake)=0.05 gnG=40.72 gnD=3.55 it_per_s=7.30
2026-10-03 06:36:03,591 INFO iter=61800 epoch=9 lr=2.00e-04 G=7.441 advA2B=0.790 advB2A=0.925 cycA=0.190 cycB=0.197 idtA=0.172 idtB=0.198 D_A=0.029 D_B=0.065 D_A(real)=0.95 D_A(fake)=0.05 gnG=40.63 gnD=3.55 it_per_s=7.30
2026-10-03 06:36:17,848 INFO iter=61900 epoch=9 lr=2.00e-04 G=7.437 advA2B=0.790 advB2A=0.926 cycA=0.190 cycB=0.197 idtA=0.172 idtB=0.198 D_A=0.028 D_B=0.065 D_A(real)=0.95 D_A(fake)=0.05 gnG=40.57 gnD=3.55 it_per_s=7.30
2026-10-03 06:36:31,846 INFO iter=62000 epoch=9 lr=2.00e-04 G=7.434 advA2B=0.790 advB2A=0.925 cycA=0.190 cycB=0.197 idtA=0.172 idtB=0.198 D_A=0.029 D_B=0.065 D_A(real)=0.95 D_A(fake)=0.05 gnG=40.60 gnD=3.55 it_per_s=7.30
2026-10-03 06:36:45,561 INFO iter=62100 epoch=9 lr=2.00e-04 G=7.432 advA2B=0.790 advB2A=0.925 cycA=0.190 cycB=0.197 idtA=0.172 idtB=0.198 D_A=0.029 D_B=0.065 D_A(real)=0.95 D_A(fake)=0.05 gnG=40.56 gnD=3.55 it_per_s=7.30
2026-10-03 06:36:59,221 INFO iter=62200 epoch=9 lr=2.00e-04 G=7.427 advA2B=0.788 advB2A=0.924 cycA=0.190 cycB=0.197 idtA=0.172 idtB=0.198 D_A=0.029 D_B=0.065 D_A(real)=0.95 D_A(fake)=0.05 gnG=40.55 gnD=3.56 it_per_s=7.30
2026-10-03 06:37:13,270 INFO iter=62300 epoch=9 lr=2.00e-04 G=7.423 advA2B=0.788 advB2A=0.923 cycA=0.190 cycB=0.197 idtA=0.172 idtB=0.198 D_A=0.029 D_B=0.065 D_A(real)=0.95 D_A(fake)=0.05 gnG=40.54 gnD=3.57 it_per_s=7.29
2026-10-03 06:37:27,062 INFO iter=62400 epoch=9 lr=2.00e-04 G=7.420 advA2B=0.789 advB2A=0.921 cycA=0.190 cycB=0.196 idtA=0.172 idtB=0.197 D_A=0.029 D_B=0.065 D_A(real)=0.95 D_A(fake)=0.05 gnG=40.41 gnD=3.58 it_per_s=7.29
2026-10-03 06:37:41,102 INFO iter=62500 epoch=9 lr=2.00e-04 G=7.415 advA2B=0.788 advB2A=0.921 cycA=0.190 cycB=0.196 idtA=0.172 idtB=0.197 D_A=0.029 D_B=0.066 D_A(real)=0.95 D_A(fake)=0.05 gnG=40.42 gnD=3.58 it_per_s=7.29
2026-10-03 06:37:55,488 INFO iter=62600 epoch=9 lr=2.00e-04 G=7.413 advA2B=0.787 advB2A=0.922 cycA=0.190 cycB=0.196 idtA=0.172 idtB=0.197 D_A=0.029 D_B=0.066 D_A(real)=0.95 D_A(fake)=0.05 gnG=40.40 gnD=3.58 it_per_s=7.28
2026-10-03 06:38:09,905 INFO iter=62700 epoch=9 lr=2.00e-04 G=7.410 advA2B=0.787 advB2A=0.922 cycA=0.190 cycB=0.196 idtA=0.172 idtB=0.197 D_A=0.029 D_B=0.066 D_A(real)=0.95 D_A(fake)=0.05 gnG=40.43 gnD=3.58 it_per_s=7.28
2026-10-03 06:38:24,609 INFO iter=62800 epoch=9 lr=2.00e-04 G=7.405 advA2B=0.787 advB2A=0.923 cycA=0.190 cycB=0.196 idtA=0.172 idtB=0.197 D_A=0.029 D_B=0.065 D_A(real)=0.95 D_A(fake)=0.05 gnG=40.40 gnD=3.57 it_per_s=7.27
2026-10-03 06:38:39,988 INFO iter=62900 epoch=9 lr=2.00e-04 G=7.398 advA2B=0.786 advB2A=0.924 cycA=0.189 cycB=0.195 idtA=0.172 idtB=0.197 D_A=0.029 D_B=0.065 D_A(real)=0.95 D_A(fake)=0.05 gnG=40.28 gnD=3.57 it_per_s=7.26
2026-10-03 06:38:54,860 INFO iter=63000 epoch=9 lr=2.00e-04 G=7.390 advA2B=0.785 advB2A=0.924 cycA=0.189 cycB=0.195 idtA=0.172 idtB=0.197 D_A=0.029 D_B=0.065 D_A(real)=0.95 D_A(fake)=0.05 gnG=40.19 gnD=3.57 it_per_s=7.25
2026-10-03 06:39:10,018 INFO iter=63100 epoch=9 lr=2.00e-04 G=7.384 advA2B=0.784 advB2A=0.925 cycA=0.189 cycB=0.195 idtA=0.172 idtB=0.196 D_A=0.029 D_B=0.065 D_A(real)=0.95 D_A(fake)=0.05 gnG=40.12 gnD=3.58 it_per_s=7.24
2026-10-03 06:39:26,350 INFO iter=63200 epoch=9 lr=2.00e-04 G=7.381 advA2B=0.784 advB2A=0.924 cycA=0.189 cycB=0.195 idtA=0.172 idtB=0.196 D_A=0.029 D_B=0.065 D_A(real)=0.95 D_A(fake)=0.05 gnG=40.11 gnD=3.59 it_per_s=7.22
2026-10-03 06:39:40,827 INFO iter=63300 epoch=9 lr=2.00e-04 G=7.374 advA2B=0.784 advB2A=0.924 cycA=0.189 cycB=0.194 idtA=0.172 idtB=0.196 D_A=0.029 D_B=0.066 D_A(real)=0.95 D_A(fake)=0.05 gnG=40.02 gnD=3.62 it_per_s=7.22
2026-10-03 06:39:46,794 INFO epoch=9 done time_s=976 it_per_s=7.21 G=7.372 cycA=0.189 cycB=0.194 idtA=0.172 idtB=0.196 D_A=0.029 D_B=0.066 D_A(real)=0.95 D_A(fake)=0.05 nan_count=0
2026-10-03 06:39:46,794 WARNING epoch=9 D_A (Monet) loss 0.0294 is near 0: possible discriminator overfitting
2026-10-03 06:39:55,712 INFO iter=63400 epoch=10 lr=2.00e-04 G=6.717 advA2B=0.768 advB2A=0.895 cycA=0.168 cycB=0.172 idtA=0.157 idtB=0.174 D_A=0.043 D_B=0.074 D_A(real)=0.91 D_A(fake)=0.08 gnG=35.26 gnD=3.71 it_per_s=6.94
2026-10-03 06:40:10,370 INFO iter=63500 epoch=10 lr=2.00e-04 G=6.893 advA2B=0.742 advB2A=0.889 cycA=0.176 cycB=0.178 idtA=0.163 idtB=0.180 D_A=0.033 D_B=0.084 D_A(real)=0.94 D_A(fake)=0.06 gnG=40.45 gnD=4.05 it_per_s=6.87
2026-10-03 06:40:24,575 INFO iter=63600 epoch=10 lr=2.00e-04 G=7.064 advA2B=0.763 advB2A=0.879 cycA=0.182 cycB=0.185 idtA=0.165 idtB=0.186 D_A=0.035 D_B=0.079 D_A(real)=0.94 D_A(fake)=0.06 gnG=43.76 gnD=4.06 it_per_s=6.93
2026-10-03 06:40:38,624 INFO iter=63700 epoch=10 lr=2.00e-04 G=7.176 advA2B=0.792 advB2A=0.898 cycA=0.184 cycB=0.187 idtA=0.167 idtB=0.188 D_A=0.039 D_B=0.074 D_A(real)=0.93 D_A(fake)=0.07 gnG=43.26 gnD=3.88 it_per_s=6.98
2026-10-03 06:40:52,273 INFO iter=63800 epoch=10 lr=2.00e-04 G=7.719 advA2B=0.813 advB2A=0.900 cycA=0.201 cycB=0.206 idtA=0.182 idtB=0.206 D_A=0.036 D_B=0.069 D_A(real)=0.93 D_A(fake)=0.07 gnG=49.70 gnD=3.70 it_per_s=7.06
2026-10-03 06:41:06,307 INFO iter=63900 epoch=10 lr=2.00e-04 G=7.859 advA2B=0.840 advB2A=0.918 cycA=0.205 cycB=0.209 idtA=0.185 idtB=0.206 D_A=0.031 D_B=0.063 D_A(real)=0.94 D_A(fake)=0.06 gnG=50.15 gnD=3.33 it_per_s=7.07
2026-10-03 06:41:20,046 INFO iter=64000 epoch=10 lr=2.00e-04 G=7.885 advA2B=0.843 advB2A=0.922 cycA=0.207 cycB=0.209 idtA=0.187 idtB=0.205 D_A=0.029 D_B=0.059 D_A(real)=0.95 D_A(fake)=0.05 gnG=49.23 gnD=3.16 it_per_s=7.10
2026-10-03 06:41:33,583 INFO iter=64100 epoch=10 lr=2.00e-04 G=7.867 advA2B=0.855 advB2A=0.931 cycA=0.206 cycB=0.207 idtA=0.187 idtB=0.203 D_A=0.025 D_B=0.056 D_A(real)=0.95 D_A(fake)=0.04 gnG=48.04 gnD=2.97 it_per_s=7.14
2026-10-03 06:41:47,117 INFO iter=64200 epoch=10 lr=2.00e-04 G=7.848 advA2B=0.853 advB2A=0.939 cycA=0.205 cycB=0.207 idtA=0.187 idtB=0.202 D_A=0.023 D_B=0.054 D_A(real)=0.96 D_A(fake)=0.04 gnG=47.11 gnD=2.89 it_per_s=7.16
2026-10-03 06:42:00,655 INFO iter=64300 epoch=10 lr=2.00e-04 G=7.792 advA2B=0.854 advB2A=0.945 cycA=0.202 cycB=0.205 idtA=0.185 idtB=0.199 D_A=0.022 D_B=0.051 D_A(real)=0.96 D_A(fake)=0.04 gnG=46.44 gnD=2.79 it_per_s=7.19
2026-10-03 06:42:14,626 INFO iter=64400 epoch=10 lr=2.00e-04 G=7.760 advA2B=0.846 advB2A=0.948 cycA=0.201 cycB=0.204 idtA=0.184 idtB=0.199 D_A=0.020 D_B=0.050 D_A(real)=0.96 D_A(fake)=0.04 gnG=45.80 gnD=2.73 it_per_s=7.18
2026-10-03 06:42:28,255 INFO iter=64500 epoch=10 lr=2.00e-04 G=7.731 advA2B=0.845 advB2A=0.951 cycA=0.200 cycB=0.203 idtA=0.182 idtB=0.199 D_A=0.019 D_B=0.051 D_A(real)=0.97 D_A(fake)=0.03 gnG=45.15 gnD=2.72 it_per_s=7.20
2026-10-03 06:42:42,058 INFO iter=64600 epoch=10 lr=2.00e-04 G=7.696 advA2B=0.839 advB2A=0.953 cycA=0.198 cycB=0.203 idtA=0.181 idtB=0.198 D_A=0.019 D_B=0.053 D_A(real)=0.97 D_A(fake)=0.03 gnG=44.64 gnD=2.82 it_per_s=7.20
2026-10-03 06:42:56,216 INFO iter=64700 epoch=10 lr=2.00e-04 G=7.668 advA2B=0.837 advB2A=0.956 cycA=0.197 cycB=0.201 idtA=0.180 idtB=0.198 D_A=0.018 D_B=0.054 D_A(real)=0.97 D_A(fake)=0.03 gnG=44.52 gnD=2.82 it_per_s=7.19
2026-10-03 06:43:10,117 INFO iter=64800 epoch=10 lr=2.00e-04 G=7.710 advA2B=0.835 advB2A=0.959 cycA=0.198 cycB=0.203 idtA=0.180 idtB=0.201 D_A=0.017 D_B=0.055 D_A(real)=0.97 D_A(fake)=0.03 gnG=54.61 gnD=2.82 it_per_s=7.19
2026-10-03 06:43:23,786 INFO iter=64900 epoch=10 lr=2.00e-04 G=7.924 advA2B=0.842 advB2A=0.957 cycA=0.202 cycB=0.213 idtA=0.181 idtB=0.214 D_A=0.017 D_B=0.055 D_A(real)=0.97 D_A(fake)=0.03 gnG=55.72 gnD=2.78 it_per_s=7.20
2026-10-03 06:43:37,317 INFO iter=65000 epoch=10 lr=2.00e-04 G=8.008 advA2B=0.849 advB2A=0.956 cycA=0.204 cycB=0.216 idtA=0.182 idtB=0.219 D_A=0.017 D_B=0.054 D_A(real)=0.97 D_A(fake)=0.03 gnG=54.39 gnD=2.76 it_per_s=7.21
2026-10-03 06:43:50,867 INFO iter=65100 epoch=10 lr=2.00e-04 G=8.064 advA2B=0.854 advB2A=0.948 cycA=0.206 cycB=0.218 idtA=0.184 idtB=0.221 D_A=0.017 D_B=0.052 D_A(real)=0.97 D_A(fake)=0.03 gnG=53.48 gnD=2.71 it_per_s=7.22
2026-10-03 06:44:04,380 INFO iter=65200 epoch=10 lr=2.00e-04 G=8.104 advA2B=0.862 advB2A=0.945 cycA=0.206 cycB=0.219 idtA=0.184 idtB=0.224 D_A=0.018 D_B=0.050 D_A(real)=0.97 D_A(fake)=0.03 gnG=52.95 gnD=2.68 it_per_s=7.23
2026-10-03 06:44:17,891 INFO iter=65300 epoch=10 lr=2.00e-04 G=8.125 advA2B=0.867 advB2A=0.947 cycA=0.207 cycB=0.220 idtA=0.185 idtB=0.224 D_A=0.017 D_B=0.048 D_A(real)=0.97 D_A(fake)=0.03 gnG=51.97 gnD=2.59 it_per_s=7.24
2026-10-03 06:44:31,392 INFO iter=65400 epoch=10 lr=2.00e-04 G=8.133 advA2B=0.872 advB2A=0.950 cycA=0.207 cycB=0.220 idtA=0.185 idtB=0.224 D_A=0.018 D_B=0.046 D_A(real)=0.97 D_A(fake)=0.03 gnG=51.14 gnD=2.57 it_per_s=7.25
2026-10-03 06:44:44,921 INFO iter=65500 epoch=10 lr=2.00e-04 G=8.155 advA2B=0.875 advB2A=0.951 cycA=0.208 cycB=0.220 idtA=0.185 idtB=0.225 D_A=0.017 D_B=0.045 D_A(real)=0.97 D_A(fake)=0.03 gnG=51.89 gnD=2.52 it_per_s=7.25
2026-10-03 06:44:58,436 INFO iter=65600 epoch=10 lr=2.00e-04 G=8.178 advA2B=0.879 advB2A=0.953 cycA=0.208 cycB=0.221 idtA=0.185 idtB=0.226 D_A=0.017 D_B=0.044 D_A(real)=0.97 D_A(fake)=0.03 gnG=51.33 gnD=2.47 it_per_s=7.26
2026-10-03 06:45:11,999 INFO iter=65700 epoch=10 lr=2.00e-04 G=8.176 advA2B=0.878 advB2A=0.955 cycA=0.208 cycB=0.221 idtA=0.185 idtB=0.225 D_A=0.016 D_B=0.043 D_A(real)=0.97 D_A(fake)=0.03 gnG=50.92 gnD=2.43 it_per_s=7.26
2026-10-03 06:45:25,559 INFO iter=65800 epoch=10 lr=2.00e-04 G=8.183 advA2B=0.879 advB2A=0.957 cycA=0.208 cycB=0.221 idtA=0.185 idtB=0.225 D_A=0.016 D_B=0.042 D_A(real)=0.97 D_A(fake)=0.03 gnG=50.55 gnD=2.41 it_per_s=7.27
2026-10-03 06:45:39,077 INFO iter=65900 epoch=10 lr=2.00e-04 G=8.191 advA2B=0.879 advB2A=0.957 cycA=0.209 cycB=0.222 idtA=0.185 idtB=0.225 D_A=0.016 D_B=0.042 D_A(real)=0.97 D_A(fake)=0.03 gnG=50.15 gnD=2.38 it_per_s=7.27
2026-10-03 06:45:52,629 INFO iter=66000 epoch=10 lr=2.00e-04 G=8.199 advA2B=0.879 advB2A=0.958 cycA=0.208 cycB=0.222 idtA=0.185 idtB=0.226 D_A=0.015 D_B=0.042 D_A(real)=0.97 D_A(fake)=0.03 gnG=49.99 gnD=2.36 it_per_s=7.28
2026-10-03 06:46:06,280 INFO iter=66100 epoch=10 lr=2.00e-04 G=8.190 advA2B=0.878 advB2A=0.960 cycA=0.208 cycB=0.222 idtA=0.185 idtB=0.226 D_A=0.015 D_B=0.041 D_A(real)=0.97 D_A(fake)=0.03 gnG=49.79 gnD=2.35 it_per_s=7.28
2026-10-03 06:46:20,091 INFO iter=66200 epoch=10 lr=2.00e-04 G=8.176 advA2B=0.875 advB2A=0.961 cycA=0.208 cycB=0.221 idtA=0.184 idtB=0.226 D_A=0.015 D_B=0.041 D_A(real)=0.97 D_A(fake)=0.03 gnG=49.38 gnD=2.35 it_per_s=7.28
2026-10-03 06:46:33,748 INFO iter=66300 epoch=10 lr=2.00e-04 G=8.178 advA2B=0.875 advB2A=0.961 cycA=0.208 cycB=0.221 idtA=0.184 idtB=0.226 D_A=0.015 D_B=0.041 D_A(real)=0.97 D_A(fake)=0.03 gnG=49.11 gnD=2.36 it_per_s=7.28
2026-10-03 06:46:47,419 INFO iter=66400 epoch=10 lr=2.00e-04 G=8.173 advA2B=0.875 advB2A=0.963 cycA=0.207 cycB=0.221 idtA=0.184 idtB=0.226 D_A=0.014 D_B=0.041 D_A(real)=0.97 D_A(fake)=0.02 gnG=49.04 gnD=2.34 it_per_s=7.28
2026-10-03 06:47:01,153 INFO iter=66500 epoch=10 lr=2.00e-04 G=8.177 advA2B=0.877 advB2A=0.963 cycA=0.208 cycB=0.221 idtA=0.184 idtB=0.226 D_A=0.014 D_B=0.041 D_A(real)=0.98 D_A(fake)=0.02 gnG=48.96 gnD=2.32 it_per_s=7.28
2026-10-03 06:47:14,974 INFO iter=66600 epoch=10 lr=2.00e-04 G=8.169 advA2B=0.877 advB2A=0.964 cycA=0.207 cycB=0.221 idtA=0.184 idtB=0.225 D_A=0.014 D_B=0.040 D_A(real)=0.98 D_A(fake)=0.02 gnG=48.71 gnD=2.30 it_per_s=7.28
2026-10-03 06:47:28,519 INFO iter=66700 epoch=10 lr=2.00e-04 G=8.161 advA2B=0.879 advB2A=0.961 cycA=0.207 cycB=0.221 idtA=0.183 idtB=0.225 D_A=0.014 D_B=0.040 D_A(real)=0.97 D_A(fake)=0.02 gnG=48.46 gnD=2.31 it_per_s=7.28
2026-10-03 06:47:42,060 INFO iter=66800 epoch=10 lr=2.00e-04 G=8.157 advA2B=0.879 advB2A=0.958 cycA=0.207 cycB=0.221 idtA=0.183 idtB=0.225 D_A=0.015 D_B=0.040 D_A(real)=0.97 D_A(fake)=0.03 gnG=48.31 gnD=2.34 it_per_s=7.28
2026-10-03 06:47:55,599 INFO iter=66900 epoch=10 lr=2.00e-04 G=8.140 advA2B=0.880 advB2A=0.957 cycA=0.207 cycB=0.220 idtA=0.183 idtB=0.225 D_A=0.015 D_B=0.040 D_A(real)=0.97 D_A(fake)=0.03 gnG=47.99 gnD=2.37 it_per_s=7.29
2026-10-03 06:48:09,363 INFO iter=67000 epoch=10 lr=2.00e-04 G=8.124 advA2B=0.875 advB2A=0.956 cycA=0.206 cycB=0.220 idtA=0.183 idtB=0.225 D_A=0.015 D_B=0.040 D_A(real)=0.97 D_A(fake)=0.03 gnG=47.76 gnD=2.38 it_per_s=7.29
2026-10-03 06:48:23,132 INFO iter=67100 epoch=10 lr=2.00e-04 G=8.111 advA2B=0.873 advB2A=0.957 cycA=0.206 cycB=0.219 idtA=0.182 idtB=0.224 D_A=0.016 D_B=0.041 D_A(real)=0.97 D_A(fake)=0.03 gnG=47.54 gnD=2.41 it_per_s=7.29
2026-10-03 06:48:36,805 INFO iter=67200 epoch=10 lr=2.00e-04 G=8.099 advA2B=0.874 advB2A=0.956 cycA=0.205 cycB=0.218 idtA=0.182 idtB=0.224 D_A=0.016 D_B=0.041 D_A(real)=0.97 D_A(fake)=0.03 gnG=47.24 gnD=2.40 it_per_s=7.29
2026-10-03 06:48:50,502 INFO iter=67300 epoch=10 lr=2.00e-04 G=8.087 advA2B=0.875 advB2A=0.954 cycA=0.205 cycB=0.218 idtA=0.182 idtB=0.223 D_A=0.016 D_B=0.041 D_A(real)=0.97 D_A(fake)=0.03 gnG=47.15 gnD=2.42 it_per_s=7.29
2026-10-03 06:49:04,190 INFO iter=67400 epoch=10 lr=2.00e-04 G=8.073 advA2B=0.875 advB2A=0.954 cycA=0.205 cycB=0.217 idtA=0.182 idtB=0.223 D_A=0.016 D_B=0.041 D_A(real)=0.97 D_A(fake)=0.03 gnG=47.01 gnD=2.43 it_per_s=7.29
2026-10-03 06:49:18,134 INFO iter=67500 epoch=10 lr=2.00e-04 G=8.064 advA2B=0.877 advB2A=0.955 cycA=0.204 cycB=0.217 idtA=0.182 idtB=0.222 D_A=0.016 D_B=0.041 D_A(real)=0.97 D_A(fake)=0.03 gnG=46.79 gnD=2.42 it_per_s=7.28
2026-10-03 06:49:31,870 INFO iter=67600 epoch=10 lr=2.00e-04 G=8.047 advA2B=0.877 advB2A=0.953 cycA=0.204 cycB=0.216 idtA=0.182 idtB=0.221 D_A=0.017 D_B=0.040 D_A(real)=0.97 D_A(fake)=0.03 gnG=46.64 gnD=2.42 it_per_s=7.28
2026-10-03 06:49:45,705 INFO iter=67700 epoch=10 lr=2.00e-04 G=8.033 advA2B=0.878 advB2A=0.952 cycA=0.203 cycB=0.216 idtA=0.181 idtB=0.221 D_A=0.017 D_B=0.040 D_A(real)=0.97 D_A(fake)=0.03 gnG=46.47 gnD=2.42 it_per_s=7.28
2026-10-03 06:49:59,385 INFO iter=67800 epoch=10 lr=2.00e-04 G=8.016 advA2B=0.878 advB2A=0.951 cycA=0.203 cycB=0.215 idtA=0.181 idtB=0.220 D_A=0.017 D_B=0.040 D_A(real)=0.97 D_A(fake)=0.03 gnG=46.28 gnD=2.43 it_per_s=7.28
2026-10-03 06:50:13,028 INFO iter=67900 epoch=10 lr=2.00e-04 G=7.999 advA2B=0.879 advB2A=0.949 cycA=0.202 cycB=0.214 idtA=0.181 idtB=0.219 D_A=0.018 D_B=0.040 D_A(real)=0.97 D_A(fake)=0.03 gnG=46.12 gnD=2.43 it_per_s=7.28
2026-10-03 06:50:26,522 INFO iter=68000 epoch=10 lr=2.00e-04 G=7.986 advA2B=0.877 advB2A=0.946 cycA=0.202 cycB=0.214 idtA=0.181 idtB=0.219 D_A=0.018 D_B=0.040 D_A(real)=0.97 D_A(fake)=0.03 gnG=46.00 gnD=2.44 it_per_s=7.29
2026-10-03 06:50:40,180 INFO iter=68100 epoch=10 lr=2.00e-04 G=7.975 advA2B=0.877 advB2A=0.945 cycA=0.202 cycB=0.214 idtA=0.181 idtB=0.218 D_A=0.019 D_B=0.040 D_A(real)=0.97 D_A(fake)=0.03 gnG=45.96 gnD=2.45 it_per_s=7.29
2026-10-03 06:50:53,849 INFO iter=68200 epoch=10 lr=2.00e-04 G=7.964 advA2B=0.875 advB2A=0.944 cycA=0.202 cycB=0.213 idtA=0.181 idtB=0.218 D_A=0.019 D_B=0.041 D_A(real)=0.97 D_A(fake)=0.03 gnG=45.87 gnD=2.46 it_per_s=7.29
2026-10-03 06:51:07,389 INFO iter=68300 epoch=10 lr=2.00e-04 G=7.955 advA2B=0.875 advB2A=0.945 cycA=0.202 cycB=0.213 idtA=0.181 idtB=0.218 D_A=0.019 D_B=0.041 D_A(real)=0.97 D_A(fake)=0.03 gnG=45.88 gnD=2.47 it_per_s=7.29
2026-10-03 06:51:21,042 INFO iter=68400 epoch=10 lr=2.00e-04 G=7.968 advA2B=0.876 advB2A=0.946 cycA=0.202 cycB=0.213 idtA=0.181 idtB=0.218 D_A=0.019 D_B=0.041 D_A(real)=0.97 D_A(fake)=0.03 gnG=46.37 gnD=2.48 it_per_s=7.29
2026-10-03 06:51:35,234 INFO iter=68500 epoch=10 lr=2.00e-04 G=7.977 advA2B=0.876 advB2A=0.946 cycA=0.202 cycB=0.214 idtA=0.181 idtB=0.219 D_A=0.019 D_B=0.041 D_A(real)=0.97 D_A(fake)=0.03 gnG=46.34 gnD=2.47 it_per_s=7.29
2026-10-03 06:51:48,758 INFO iter=68600 epoch=10 lr=2.00e-04 G=7.980 advA2B=0.877 advB2A=0.946 cycA=0.202 cycB=0.214 idtA=0.181 idtB=0.219 D_A=0.019 D_B=0.041 D_A(real)=0.97 D_A(fake)=0.03 gnG=46.41 gnD=2.47 it_per_s=7.29
2026-10-03 06:52:02,502 INFO iter=68700 epoch=10 lr=2.00e-04 G=7.977 advA2B=0.877 advB2A=0.946 cycA=0.202 cycB=0.213 idtA=0.181 idtB=0.219 D_A=0.019 D_B=0.041 D_A(real)=0.97 D_A(fake)=0.03 gnG=46.38 gnD=2.46 it_per_s=7.29
2026-10-03 06:52:16,085 INFO iter=68800 epoch=10 lr=2.00e-04 G=7.966 advA2B=0.877 advB2A=0.945 cycA=0.202 cycB=0.213 idtA=0.180 idtB=0.218 D_A=0.019 D_B=0.040 D_A(real)=0.97 D_A(fake)=0.03 gnG=46.36 gnD=2.45 it_per_s=7.29
2026-10-03 06:52:29,771 INFO iter=68900 epoch=10 lr=2.00e-04 G=7.959 advA2B=0.876 advB2A=0.944 cycA=0.202 cycB=0.213 idtA=0.180 idtB=0.218 D_A=0.019 D_B=0.040 D_A(real)=0.96 D_A(fake)=0.03 gnG=46.40 gnD=2.46 it_per_s=7.29
2026-10-03 06:52:43,442 INFO iter=69000 epoch=10 lr=2.00e-04 G=7.951 advA2B=0.876 advB2A=0.945 cycA=0.202 cycB=0.213 idtA=0.180 idtB=0.217 D_A=0.019 D_B=0.040 D_A(real)=0.96 D_A(fake)=0.03 gnG=46.29 gnD=2.45 it_per_s=7.29
2026-10-03 06:52:57,481 INFO iter=69100 epoch=10 lr=2.00e-04 G=7.941 advA2B=0.877 advB2A=0.944 cycA=0.201 cycB=0.212 idtA=0.180 idtB=0.217 D_A=0.020 D_B=0.040 D_A(real)=0.96 D_A(fake)=0.03 gnG=46.17 gnD=2.45 it_per_s=7.29
2026-10-03 06:53:11,680 INFO iter=69200 epoch=10 lr=2.00e-04 G=7.929 advA2B=0.876 advB2A=0.943 cycA=0.201 cycB=0.212 idtA=0.180 idtB=0.216 D_A=0.020 D_B=0.040 D_A(real)=0.96 D_A(fake)=0.04 gnG=46.14 gnD=2.45 it_per_s=7.28
2026-10-03 06:53:25,602 INFO iter=69300 epoch=10 lr=2.00e-04 G=7.922 advA2B=0.875 advB2A=0.943 cycA=0.201 cycB=0.212 idtA=0.180 idtB=0.216 D_A=0.020 D_B=0.040 D_A(real)=0.96 D_A(fake)=0.04 gnG=46.06 gnD=2.45 it_per_s=7.28
2026-10-03 06:53:39,746 INFO iter=69400 epoch=10 lr=2.00e-04 G=7.914 advA2B=0.876 advB2A=0.943 cycA=0.201 cycB=0.211 idtA=0.180 idtB=0.215 D_A=0.020 D_B=0.040 D_A(real)=0.96 D_A(fake)=0.04 gnG=45.89 gnD=2.46 it_per_s=7.28
2026-10-03 06:53:53,504 INFO iter=69500 epoch=10 lr=2.00e-04 G=7.906 advA2B=0.874 advB2A=0.943 cycA=0.200 cycB=0.211 idtA=0.180 idtB=0.215 D_A=0.020 D_B=0.041 D_A(real)=0.96 D_A(fake)=0.04 gnG=45.79 gnD=2.47 it_per_s=7.28
2026-10-03 06:54:07,147 INFO iter=69600 epoch=10 lr=2.00e-04 G=7.898 advA2B=0.874 advB2A=0.943 cycA=0.200 cycB=0.211 idtA=0.180 idtB=0.214 D_A=0.020 D_B=0.040 D_A(real)=0.96 D_A(fake)=0.04 gnG=45.67 gnD=2.47 it_per_s=7.28
2026-10-03 06:54:20,783 INFO iter=69700 epoch=10 lr=2.00e-04 G=7.885 advA2B=0.873 advB2A=0.943 cycA=0.200 cycB=0.210 idtA=0.179 idtB=0.214 D_A=0.020 D_B=0.041 D_A(real)=0.96 D_A(fake)=0.04 gnG=45.46 gnD=2.48 it_per_s=7.28
2026-10-03 06:54:34,582 INFO iter=69800 epoch=10 lr=2.00e-04 G=7.879 advA2B=0.872 advB2A=0.941 cycA=0.200 cycB=0.210 idtA=0.179 idtB=0.214 D_A=0.021 D_B=0.041 D_A(real)=0.96 D_A(fake)=0.04 gnG=45.42 gnD=2.51 it_per_s=7.28
2026-10-03 06:54:48,181 INFO iter=69900 epoch=10 lr=2.00e-04 G=7.868 advA2B=0.871 advB2A=0.941 cycA=0.200 cycB=0.210 idtA=0.179 idtB=0.213 D_A=0.021 D_B=0.041 D_A(real)=0.96 D_A(fake)=0.04 gnG=45.45 gnD=2.52 it_per_s=7.28
2026-10-03 06:55:01,793 INFO iter=70000 epoch=10 lr=2.00e-04 G=7.858 advA2B=0.869 advB2A=0.940 cycA=0.200 cycB=0.209 idtA=0.179 idtB=0.213 D_A=0.021 D_B=0.042 D_A(real)=0.96 D_A(fake)=0.04 gnG=45.37 gnD=2.52 it_per_s=7.28
2026-10-03 06:55:15,339 INFO iter=70100 epoch=10 lr=2.00e-04 G=7.846 advA2B=0.869 advB2A=0.940 cycA=0.199 cycB=0.209 idtA=0.179 idtB=0.212 D_A=0.021 D_B=0.042 D_A(real)=0.96 D_A(fake)=0.04 gnG=45.30 gnD=2.52 it_per_s=7.28
2026-10-03 06:55:28,848 INFO iter=70200 epoch=10 lr=2.00e-04 G=7.833 advA2B=0.868 advB2A=0.940 cycA=0.199 cycB=0.208 idtA=0.178 idtB=0.212 D_A=0.021 D_B=0.042 D_A(real)=0.96 D_A(fake)=0.04 gnG=45.16 gnD=2.53 it_per_s=7.28
2026-10-03 06:55:42,380 INFO iter=70300 epoch=10 lr=2.00e-04 G=7.825 advA2B=0.868 advB2A=0.940 cycA=0.199 cycB=0.208 idtA=0.178 idtB=0.211 D_A=0.021 D_B=0.042 D_A(real)=0.96 D_A(fake)=0.04 gnG=45.06 gnD=2.54 it_per_s=7.29
2026-10-03 06:55:53,180 INFO epoch=10 done time_s=966 it_per_s=7.29 G=7.815 cycA=0.199 cycB=0.208 idtA=0.178 idtB=0.211 D_A=0.021 D_B=0.042 D_A(real)=0.96 D_A(fake)=0.04 nan_count=0
2026-10-03 06:55:53,180 WARNING epoch=10 D_A (Monet) loss 0.0214 is near 0: possible discriminator overfitting
2026-10-03 06:55:56,737 INFO iter=70400 epoch=11 lr=2.00e-04 G=6.980 advA2B=0.810 advB2A=0.967 cycA=0.171 cycB=0.176 idtA=0.155 idtB=0.192 D_A=0.005 D_B=0.085 D_A(real)=0.99 D_A(fake)=0.01 gnG=31.83 gnD=3.77 it_per_s=6.86
2026-10-03 06:56:10,629 INFO iter=70500 epoch=11 lr=2.00e-04 G=6.873 advA2B=0.716 advB2A=0.917 cycA=0.174 cycB=0.177 idtA=0.161 idtB=0.186 D_A=0.030 D_B=0.058 D_A(real)=0.95 D_A(fake)=0.05 gnG=31.45 gnD=3.44 it_per_s=7.14
2026-10-03 06:56:24,233 INFO iter=70600 epoch=11 lr=2.00e-04 G=7.000 advA2B=0.729 advB2A=0.934 cycA=0.175 cycB=0.185 idtA=0.162 idtB=0.186 D_A=0.024 D_B=0.066 D_A(real)=0.96 D_A(fake)=0.04 gnG=33.25 gnD=3.63 it_per_s=7.23
2026-10-03 06:56:38,377 INFO iter=70700 epoch=11 lr=2.00e-04 G=7.056 advA2B=0.743 advB2A=0.936 cycA=0.177 cycB=0.187 idtA=0.161 idtB=0.188 D_A=0.024 D_B=0.063 D_A(real)=0.96 D_A(fake)=0.04 gnG=33.45 gnD=3.39 it_per_s=7.18
2026-10-03 06:56:51,971 INFO iter=70800 epoch=11 lr=2.00e-04 G=7.243 advA2B=0.776 advB2A=0.933 cycA=0.181 cycB=0.194 idtA=0.162 idtB=0.195 D_A=0.025 D_B=0.062 D_A(real)=0.95 D_A(fake)=0.04 gnG=38.32 gnD=3.33 it_per_s=7.22
2026-10-03 06:57:06,210 INFO iter=70900 epoch=11 lr=2.00e-04 G=7.888 advA2B=0.809 advB2A=0.932 cycA=0.195 cycB=0.222 idtA=0.168 idtB=0.228 D_A=0.026 D_B=0.058 D_A(real)=0.95 D_A(fake)=0.05 gnG=56.90 gnD=3.34 it_per_s=7.18
2026-10-03 06:57:20,431 INFO iter=71000 epoch=11 lr=2.00e-04 G=7.980 advA2B=0.830 advB2A=0.934 cycA=0.197 cycB=0.223 idtA=0.169 idtB=0.233 D_A=0.026 D_B=0.056 D_A(real)=0.95 D_A(fake)=0.05 gnG=54.64 gnD=3.26 it_per_s=7.16
2026-10-03 06:57:34,583 INFO iter=71100 epoch=11 lr=2.00e-04 G=7.966 advA2B=0.845 advB2A=0.926 cycA=0.197 cycB=0.221 idtA=0.169 idtB=0.232 D_A=0.027 D_B=0.052 D_A(real)=0.95 D_A(fake)=0.05 gnG=52.81 gnD=3.14 it_per_s=7.15
2026-10-03 06:57:48,769 INFO iter=71200 epoch=11 lr=2.00e-04 G=7.917 advA2B=0.849 advB2A=0.921 cycA=0.197 cycB=0.218 idtA=0.169 idtB=0.230 D_A=0.028 D_B=0.048 D_A(real)=0.95 D_A(fake)=0.05 gnG=50.88 gnD=3.04 it_per_s=7.13
2026-10-03 06:58:02,850 INFO iter=71300 epoch=11 lr=2.00e-04 G=7.862 advA2B=0.852 advB2A=0.916 cycA=0.196 cycB=0.215 idtA=0.169 idtB=0.227 D_A=0.029 D_B=0.047 D_A(real)=0.95 D_A(fake)=0.05 gnG=49.37 gnD=3.01 it_per_s=7.13
2026-10-03 06:58:16,883 INFO iter=71400 epoch=11 lr=2.00e-04 G=7.829 advA2B=0.851 advB2A=0.913 cycA=0.195 cycB=0.214 idtA=0.169 idtB=0.225 D_A=0.030 D_B=0.047 D_A(real)=0.94 D_A(fake)=0.06 gnG=48.77 gnD=3.05 it_per_s=7.13
2026-10-03 06:58:30,537 INFO iter=71500 epoch=11 lr=2.00e-04 G=7.765 advA2B=0.857 advB2A=0.911 cycA=0.194 cycB=0.211 idtA=0.168 idtB=0.221 D_A=0.029 D_B=0.045 D_A(real)=0.95 D_A(fake)=0.06 gnG=47.99 gnD=3.00 it_per_s=7.15
2026-10-03 06:58:44,473 INFO iter=71600 epoch=11 lr=2.00e-04 G=7.711 advA2B=0.858 advB2A=0.913 cycA=0.193 cycB=0.208 idtA=0.167 idtB=0.219 D_A=0.029 D_B=0.044 D_A(real)=0.94 D_A(fake)=0.05 gnG=47.70 gnD=2.93 it_per_s=7.15
2026-10-03 06:58:58,153 INFO iter=71700 epoch=11 lr=2.00e-04 G=7.659 advA2B=0.859 advB2A=0.913 cycA=0.191 cycB=0.206 idtA=0.166 idtB=0.216 D_A=0.030 D_B=0.044 D_A(real)=0.94 D_A(fake)=0.06 gnG=46.81 gnD=2.92 it_per_s=7.16
2026-10-03 06:59:11,910 INFO iter=71800 epoch=11 lr=2.00e-04 G=7.621 advA2B=0.860 advB2A=0.907 cycA=0.190 cycB=0.205 idtA=0.166 idtB=0.215 D_A=0.032 D_B=0.043 D_A(real)=0.94 D_A(fake)=0.06 gnG=46.12 gnD=2.94 it_per_s=7.17
2026-10-03 06:59:25,497 INFO iter=71900 epoch=11 lr=2.00e-04 G=7.609 advA2B=0.862 advB2A=0.899 cycA=0.191 cycB=0.204 idtA=0.167 idtB=0.213 D_A=0.032 D_B=0.043 D_A(real)=0.94 D_A(fake)=0.06 gnG=46.09 gnD=2.96 it_per_s=7.18
2026-10-03 06:59:39,055 INFO iter=72000 epoch=11 lr=2.00e-04 G=7.582 advA2B=0.863 advB2A=0.895 cycA=0.190 cycB=0.203 idtA=0.167 idtB=0.212 D_A=0.033 D_B=0.042 D_A(real)=0.94 D_A(fake)=0.06 gnG=45.44 gnD=2.96 it_per_s=7.19
2026-10-03 06:59:52,683 INFO iter=72100 epoch=11 lr=2.00e-04 G=7.551 advA2B=0.864 advB2A=0.894 cycA=0.189 cycB=0.202 idtA=0.167 idtB=0.210 D_A=0.034 D_B=0.042 D_A(real)=0.94 D_A(fake)=0.06 gnG=44.91 gnD=2.98 it_per_s=7.20
2026-10-03 07:00:06,451 INFO iter=72200 epoch=11 lr=2.00e-04 G=7.535 advA2B=0.865 advB2A=0.896 cycA=0.189 cycB=0.201 idtA=0.167 idtB=0.209 D_A=0.033 D_B=0.042 D_A(real)=0.94 D_A(fake)=0.06 gnG=44.51 gnD=2.94 it_per_s=7.20
2026-10-03 07:00:20,282 INFO iter=72300 epoch=11 lr=2.00e-04 G=7.513 advA2B=0.860 advB2A=0.899 cycA=0.188 cycB=0.200 idtA=0.167 idtB=0.208 D_A=0.032 D_B=0.043 D_A(real)=0.94 D_A(fake)=0.06 gnG=44.13 gnD=2.93 it_per_s=7.21
2026-10-03 07:00:33,967 INFO iter=72400 epoch=11 lr=2.00e-04 G=7.488 advA2B=0.859 advB2A=0.899 cycA=0.187 cycB=0.199 idtA=0.166 idtB=0.207 D_A=0.032 D_B=0.043 D_A(real)=0.94 D_A(fake)=0.06 gnG=43.67 gnD=2.96 it_per_s=7.21
2026-10-03 07:00:47,637 INFO iter=72500 epoch=11 lr=2.00e-04 G=7.466 advA2B=0.856 advB2A=0.899 cycA=0.187 cycB=0.198 idtA=0.167 idtB=0.206 D_A=0.032 D_B=0.043 D_A(real)=0.94 D_A(fake)=0.06 gnG=43.15 gnD=2.99 it_per_s=7.22
2026-10-03 07:01:01,151 INFO iter=72600 epoch=11 lr=2.00e-04 G=7.476 advA2B=0.854 advB2A=0.899 cycA=0.187 cycB=0.199 idtA=0.167 idtB=0.206 D_A=0.032 D_B=0.043 D_A(real)=0.94 D_A(fake)=0.06 gnG=43.87 gnD=3.00 it_per_s=7.22
2026-10-03 07:01:14,699 INFO iter=72700 epoch=11 lr=2.00e-04 G=7.477 advA2B=0.851 advB2A=0.900 cycA=0.187 cycB=0.199 idtA=0.167 idtB=0.207 D_A=0.032 D_B=0.044 D_A(real)=0.94 D_A(fake)=0.06 gnG=43.62 gnD=3.02 it_per_s=7.23
2026-10-03 07:01:28,243 INFO iter=72800 epoch=11 lr=2.00e-04 G=7.457 advA2B=0.847 advB2A=0.899 cycA=0.187 cycB=0.198 idtA=0.166 idtB=0.206 D_A=0.032 D_B=0.045 D_A(real)=0.94 D_A(fake)=0.06 gnG=43.30 gnD=3.03 it_per_s=7.24
2026-10-03 07:01:42,057 INFO iter=72900 epoch=11 lr=2.00e-04 G=7.433 advA2B=0.844 advB2A=0.898 cycA=0.187 cycB=0.197 idtA=0.166 idtB=0.204 D_A=0.032 D_B=0.046 D_A(real)=0.94 D_A(fake)=0.06 gnG=43.16 gnD=3.03 it_per_s=7.24
2026-10-03 07:01:55,619 INFO iter=73000 epoch=11 lr=2.00e-04 G=7.446 advA2B=0.843 advB2A=0.899 cycA=0.187 cycB=0.197 idtA=0.167 idtB=0.205 D_A=0.033 D_B=0.046 D_A(real)=0.94 D_A(fake)=0.06 gnG=42.85 gnD=3.06 it_per_s=7.24
2026-10-03 07:02:09,212 INFO iter=73100 epoch=11 lr=2.00e-04 G=7.453 advA2B=0.840 advB2A=0.895 cycA=0.188 cycB=0.198 idtA=0.168 idtB=0.204 D_A=0.033 D_B=0.047 D_A(real)=0.94 D_A(fake)=0.06 gnG=43.02 gnD=3.07 it_per_s=7.25
2026-10-03 07:02:22,929 INFO iter=73200 epoch=11 lr=2.00e-04 G=7.460 advA2B=0.838 advB2A=0.892 cycA=0.189 cycB=0.198 idtA=0.168 idtB=0.204 D_A=0.034 D_B=0.048 D_A(real)=0.94 D_A(fake)=0.06 gnG=43.36 gnD=3.10 it_per_s=7.25
2026-10-03 07:02:36,504 INFO iter=73300 epoch=11 lr=2.00e-04 G=7.472 advA2B=0.838 advB2A=0.895 cycA=0.189 cycB=0.198 idtA=0.168 idtB=0.204 D_A=0.033 D_B=0.048 D_A(real)=0.94 D_A(fake)=0.06 gnG=43.44 gnD=3.09 it_per_s=7.25
2026-10-03 07:02:50,162 INFO iter=73400 epoch=11 lr=2.00e-04 G=7.462 advA2B=0.839 advB2A=0.897 cycA=0.189 cycB=0.198 idtA=0.168 idtB=0.204 D_A=0.032 D_B=0.047 D_A(real)=0.94 D_A(fake)=0.06 gnG=43.23 gnD=3.08 it_per_s=7.25
2026-10-03 07:03:04,104 INFO iter=73500 epoch=11 lr=2.00e-04 G=7.476 advA2B=0.837 advB2A=0.897 cycA=0.189 cycB=0.199 idtA=0.169 idtB=0.204 D_A=0.033 D_B=0.048 D_A(real)=0.94 D_A(fake)=0.06 gnG=43.18 gnD=3.10 it_per_s=7.25
2026-10-03 07:03:17,770 INFO iter=73600 epoch=11 lr=2.00e-04 G=7.474 advA2B=0.836 advB2A=0.899 cycA=0.189 cycB=0.198 idtA=0.169 idtB=0.204 D_A=0.032 D_B=0.048 D_A(real)=0.94 D_A(fake)=0.06 gnG=43.19 gnD=3.10 it_per_s=7.25
2026-10-03 07:03:31,305 INFO iter=73700 epoch=11 lr=2.00e-04 G=7.463 advA2B=0.835 advB2A=0.901 cycA=0.189 cycB=0.198 idtA=0.169 idtB=0.204 D_A=0.032 D_B=0.048 D_A(real)=0.94 D_A(fake)=0.06 gnG=42.96 gnD=3.08 it_per_s=7.26
2026-10-03 07:03:44,958 INFO iter=73800 epoch=11 lr=2.00e-04 G=7.450 advA2B=0.835 advB2A=0.900 cycA=0.189 cycB=0.197 idtA=0.168 idtB=0.203 D_A=0.032 D_B=0.048 D_A(real)=0.94 D_A(fake)=0.06 gnG=42.74 gnD=3.07 it_per_s=7.26
2026-10-03 07:03:58,635 INFO iter=73900 epoch=11 lr=2.00e-04 G=7.447 advA2B=0.834 advB2A=0.900 cycA=0.189 cycB=0.197 idtA=0.168 idtB=0.203 D_A=0.032 D_B=0.048 D_A(real)=0.94 D_A(fake)=0.06 gnG=43.11 gnD=3.07 it_per_s=7.26
2026-10-03 07:04:12,365 INFO iter=74000 epoch=11 lr=2.00e-04 G=7.456 advA2B=0.832 advB2A=0.898 cycA=0.189 cycB=0.197 idtA=0.169 idtB=0.204 D_A=0.033 D_B=0.048 D_A(real)=0.94 D_A(fake)=0.06 gnG=42.97 gnD=3.08 it_per_s=7.26
2026-10-03 07:04:26,022 INFO iter=74100 epoch=11 lr=2.00e-04 G=7.473 advA2B=0.831 advB2A=0.900 cycA=0.189 cycB=0.198 idtA=0.169 idtB=0.205 D_A=0.033 D_B=0.048 D_A(real)=0.94 D_A(fake)=0.06 gnG=43.30 gnD=3.08 it_per_s=7.26
2026-10-03 07:04:39,831 INFO iter=74200 epoch=11 lr=2.00e-04 G=7.560 advA2B=0.833 advB2A=0.901 cycA=0.191 cycB=0.202 idtA=0.169 idtB=0.210 D_A=0.033 D_B=0.048 D_A(real)=0.94 D_A(fake)=0.06 gnG=46.47 gnD=3.07 it_per_s=7.26
2026-10-03 07:04:53,440 INFO iter=74300 epoch=11 lr=2.00e-04 G=7.591 advA2B=0.836 advB2A=0.901 cycA=0.192 cycB=0.202 idtA=0.170 idtB=0.212 D_A=0.033 D_B=0.048 D_A(real)=0.94 D_A(fake)=0.06 gnG=46.29 gnD=3.05 it_per_s=7.26
2026-10-03 07:05:07,015 INFO iter=74400 epoch=11 lr=2.00e-04 G=7.605 advA2B=0.839 advB2A=0.902 cycA=0.192 cycB=0.203 idtA=0.170 idtB=0.212 D_A=0.033 D_B=0.047 D_A(real)=0.94 D_A(fake)=0.06 gnG=45.99 gnD=3.03 it_per_s=7.27
2026-10-03 07:05:20,670 INFO iter=74500 epoch=11 lr=2.00e-04 G=7.616 advA2B=0.841 advB2A=0.903 cycA=0.192 cycB=0.203 idtA=0.170 idtB=0.213 D_A=0.032 D_B=0.046 D_A(real)=0.94 D_A(fake)=0.06 gnG=45.80 gnD=3.00 it_per_s=7.27
2026-10-03 07:05:34,228 INFO iter=74600 epoch=11 lr=2.00e-04 G=7.625 advA2B=0.844 advB2A=0.905 cycA=0.193 cycB=0.203 idtA=0.170 idtB=0.213 D_A=0.032 D_B=0.046 D_A(real)=0.94 D_A(fake)=0.06 gnG=45.66 gnD=2.97 it_per_s=7.27
2026-10-03 07:05:47,831 INFO iter=74700 epoch=11 lr=2.00e-04 G=7.638 advA2B=0.846 advB2A=0.906 cycA=0.193 cycB=0.204 idtA=0.171 idtB=0.213 D_A=0.032 D_B=0.045 D_A(real)=0.94 D_A(fake)=0.06 gnG=46.03 gnD=2.94 it_per_s=7.27
2026-10-03 07:06:01,345 INFO iter=74800 epoch=11 lr=2.00e-04 G=7.658 advA2B=0.849 advB2A=0.907 cycA=0.194 cycB=0.204 idtA=0.171 idtB=0.214 D_A=0.032 D_B=0.044 D_A(real)=0.94 D_A(fake)=0.06 gnG=46.08 gnD=2.90 it_per_s=7.28
2026-10-03 07:06:15,151 INFO iter=74900 epoch=11 lr=2.00e-04 G=7.660 advA2B=0.850 advB2A=0.908 cycA=0.194 cycB=0.204 idtA=0.171 idtB=0.213 D_A=0.031 D_B=0.044 D_A(real)=0.94 D_A(fake)=0.06 gnG=45.86 gnD=2.87 it_per_s=7.27
2026-10-03 07:06:29,158 INFO iter=75000 epoch=11 lr=2.00e-04 G=7.697 advA2B=0.852 advB2A=0.909 cycA=0.195 cycB=0.205 idtA=0.172 idtB=0.215 D_A=0.031 D_B=0.044 D_A(real)=0.94 D_A(fake)=0.06 gnG=46.92 gnD=2.84 it_per_s=7.27
2026-10-03 07:06:42,840 INFO iter=75100 epoch=11 lr=2.00e-04 G=7.723 advA2B=0.855 advB2A=0.910 cycA=0.195 cycB=0.206 idtA=0.172 idtB=0.217 D_A=0.031 D_B=0.043 D_A(real)=0.94 D_A(fake)=0.06 gnG=46.73 gnD=2.82 it_per_s=7.27
2026-10-03 07:06:56,567 INFO iter=75200 epoch=11 lr=2.00e-04 G=7.735 advA2B=0.858 advB2A=0.911 cycA=0.196 cycB=0.206 idtA=0.172 idtB=0.217 D_A=0.031 D_B=0.042 D_A(real)=0.94 D_A(fake)=0.06 gnG=46.50 gnD=2.78 it_per_s=7.27
2026-10-03 07:07:10,288 INFO iter=75300 epoch=11 lr=2.00e-04 G=7.739 advA2B=0.860 advB2A=0.913 cycA=0.196 cycB=0.206 idtA=0.172 idtB=0.218 D_A=0.030 D_B=0.042 D_A(real)=0.94 D_A(fake)=0.06 gnG=46.45 gnD=2.74 it_per_s=7.27
2026-10-03 07:07:23,993 INFO iter=75400 epoch=11 lr=2.00e-04 G=7.741 advA2B=0.862 advB2A=0.914 cycA=0.195 cycB=0.206 idtA=0.172 idtB=0.218 D_A=0.030 D_B=0.041 D_A(real)=0.94 D_A(fake)=0.06 gnG=46.31 gnD=2.70 it_per_s=7.27
2026-10-03 07:07:37,680 INFO iter=75500 epoch=11 lr=2.00e-04 G=7.742 advA2B=0.865 advB2A=0.914 cycA=0.195 cycB=0.206 idtA=0.172 idtB=0.218 D_A=0.030 D_B=0.040 D_A(real)=0.94 D_A(fake)=0.06 gnG=46.27 gnD=2.68 it_per_s=7.27
2026-10-03 07:07:51,353 INFO iter=75600 epoch=11 lr=2.00e-04 G=7.745 advA2B=0.867 advB2A=0.913 cycA=0.195 cycB=0.206 idtA=0.172 idtB=0.219 D_A=0.030 D_B=0.040 D_A(real)=0.94 D_A(fake)=0.06 gnG=46.39 gnD=2.66 it_per_s=7.27
2026-10-03 07:08:05,174 INFO iter=75700 epoch=11 lr=2.00e-04 G=7.745 advA2B=0.869 advB2A=0.913 cycA=0.195 cycB=0.206 idtA=0.172 idtB=0.219 D_A=0.030 D_B=0.039 D_A(real)=0.94 D_A(fake)=0.06 gnG=46.39 gnD=2.64 it_per_s=7.27
2026-10-03 07:08:19,273 INFO iter=75800 epoch=11 lr=2.00e-04 G=7.745 advA2B=0.871 advB2A=0.913 cycA=0.195 cycB=0.206 idtA=0.172 idtB=0.219 D_A=0.030 D_B=0.039 D_A(real)=0.94 D_A(fake)=0.06 gnG=46.31 gnD=2.63 it_per_s=7.27
2026-10-03 07:08:33,084 INFO iter=75900 epoch=11 lr=2.00e-04 G=7.751 advA2B=0.873 advB2A=0.913 cycA=0.195 cycB=0.206 idtA=0.172 idtB=0.219 D_A=0.030 D_B=0.038 D_A(real)=0.94 D_A(fake)=0.06 gnG=46.60 gnD=2.60 it_per_s=7.27
2026-10-03 07:08:46,916 INFO iter=76000 epoch=11 lr=2.00e-04 G=7.761 advA2B=0.874 advB2A=0.914 cycA=0.196 cycB=0.206 idtA=0.172 idtB=0.219 D_A=0.030 D_B=0.038 D_A(real)=0.94 D_A(fake)=0.06 gnG=46.62 gnD=2.58 it_per_s=7.27
2026-10-03 07:09:00,574 INFO iter=76100 epoch=11 lr=2.00e-04 G=7.763 advA2B=0.876 advB2A=0.915 cycA=0.196 cycB=0.206 idtA=0.172 idtB=0.219 D_A=0.030 D_B=0.037 D_A(real)=0.94 D_A(fake)=0.06 gnG=46.68 gnD=2.56 it_per_s=7.27
2026-10-03 07:09:14,379 INFO iter=76200 epoch=11 lr=2.00e-04 G=7.759 advA2B=0.878 advB2A=0.915 cycA=0.196 cycB=0.206 idtA=0.172 idtB=0.219 D_A=0.030 D_B=0.037 D_A(real)=0.94 D_A(fake)=0.06 gnG=46.68 gnD=2.54 it_per_s=7.27
2026-10-03 07:09:28,106 INFO iter=76300 epoch=11 lr=2.00e-04 G=7.754 advA2B=0.880 advB2A=0.915 cycA=0.195 cycB=0.205 idtA=0.172 idtB=0.219 D_A=0.030 D_B=0.037 D_A(real)=0.94 D_A(fake)=0.06 gnG=46.62 gnD=2.52 it_per_s=7.27
2026-10-03 07:09:41,677 INFO iter=76400 epoch=11 lr=2.00e-04 G=7.753 advA2B=0.882 advB2A=0.915 cycA=0.195 cycB=0.205 idtA=0.172 idtB=0.219 D_A=0.030 D_B=0.036 D_A(real)=0.94 D_A(fake)=0.06 gnG=46.61 gnD=2.50 it_per_s=7.27
2026-10-03 07:09:55,238 INFO iter=76500 epoch=11 lr=2.00e-04 G=7.754 advA2B=0.883 advB2A=0.916 cycA=0.195 cycB=0.205 idtA=0.172 idtB=0.219 D_A=0.030 D_B=0.036 D_A(real)=0.94 D_A(fake)=0.06 gnG=46.58 gnD=2.49 it_per_s=7.27
2026-10-03 07:10:08,874 INFO iter=76600 epoch=11 lr=2.00e-04 G=7.757 advA2B=0.885 advB2A=0.916 cycA=0.195 cycB=0.205 idtA=0.172 idtB=0.219 D_A=0.030 D_B=0.035 D_A(real)=0.94 D_A(fake)=0.06 gnG=46.65 gnD=2.47 it_per_s=7.27
2026-10-03 07:10:22,444 INFO iter=76700 epoch=11 lr=2.00e-04 G=7.759 advA2B=0.886 advB2A=0.917 cycA=0.195 cycB=0.205 idtA=0.172 idtB=0.219 D_A=0.030 D_B=0.035 D_A(real)=0.94 D_A(fake)=0.06 gnG=46.61 gnD=2.46 it_per_s=7.28
2026-10-03 07:10:36,012 INFO iter=76800 epoch=11 lr=2.00e-04 G=7.753 advA2B=0.887 advB2A=0.918 cycA=0.195 cycB=0.205 idtA=0.172 idtB=0.218 D_A=0.029 D_B=0.035 D_A(real)=0.94 D_A(fake)=0.06 gnG=46.47 gnD=2.45 it_per_s=7.28
2026-10-03 07:10:49,557 INFO iter=76900 epoch=11 lr=2.00e-04 G=7.747 advA2B=0.888 advB2A=0.918 cycA=0.195 cycB=0.205 idtA=0.172 idtB=0.218 D_A=0.030 D_B=0.035 D_A(real)=0.94 D_A(fake)=0.06 gnG=46.45 gnD=2.43 it_per_s=7.28
2026-10-03 07:11:03,164 INFO iter=77000 epoch=11 lr=2.00e-04 G=7.747 advA2B=0.890 advB2A=0.917 cycA=0.194 cycB=0.205 idtA=0.172 idtB=0.218 D_A=0.030 D_B=0.034 D_A(real)=0.94 D_A(fake)=0.06 gnG=46.32 gnD=2.42 it_per_s=7.28
2026-10-03 07:11:16,873 INFO iter=77100 epoch=11 lr=2.00e-04 G=7.744 advA2B=0.891 advB2A=0.916 cycA=0.194 cycB=0.205 idtA=0.172 idtB=0.218 D_A=0.030 D_B=0.034 D_A(real)=0.94 D_A(fake)=0.06 gnG=46.18 gnD=2.41 it_per_s=7.28
2026-10-03 07:11:30,413 INFO iter=77200 epoch=11 lr=2.00e-04 G=7.740 advA2B=0.892 advB2A=0.915 cycA=0.194 cycB=0.204 idtA=0.172 idtB=0.217 D_A=0.030 D_B=0.033 D_A(real)=0.94 D_A(fake)=0.06 gnG=46.06 gnD=2.40 it_per_s=7.28
2026-10-03 07:11:43,950 INFO iter=77300 epoch=11 lr=2.00e-04 G=7.735 advA2B=0.894 advB2A=0.915 cycA=0.194 cycB=0.204 idtA=0.172 idtB=0.217 D_A=0.030 D_B=0.033 D_A(real)=0.94 D_A(fake)=0.06 gnG=46.05 gnD=2.39 it_per_s=7.28
2026-10-03 07:11:57,500 INFO iter=77400 epoch=11 lr=2.00e-04 G=7.726 advA2B=0.895 advB2A=0.914 cycA=0.194 cycB=0.204 idtA=0.172 idtB=0.216 D_A=0.030 D_B=0.033 D_A(real)=0.94 D_A(fake)=0.06 gnG=45.93 gnD=2.38 it_per_s=7.28
2026-10-03 07:11:59,927 INFO epoch=11 done time_s=966 it_per_s=7.28 G=7.725 cycA=0.194 cycB=0.204 idtA=0.172 idtB=0.216 D_A=0.030 D_B=0.033 D_A(real)=0.94 D_A(fake)=0.06 nan_count=0
2026-10-03 07:11:59,927 WARNING epoch=11 D_A (Monet) loss 0.0303 is near 0: possible discriminator overfitting
2026-10-03 07:12:11,987 INFO iter=77500 epoch=12 lr=2.00e-04 G=7.141 advA2B=0.966 advB2A=0.922 cycA=0.175 cycB=0.177 idtA=0.164 idtB=0.182 D_A=0.031 D_B=0.007 D_A(real)=0.94 D_A(fake)=0.06 gnG=34.45 gnD=1.35 it_per_s=7.11
2026-10-03 07:12:25,667 INFO iter=77600 epoch=12 lr=2.00e-04 G=7.306 advA2B=0.965 advB2A=0.918 cycA=0.177 cycB=0.189 idtA=0.166 idtB=0.188 D_A=0.028 D_B=0.009 D_A(real)=0.94 D_A(fake)=0.06 gnG=37.01 gnD=1.33 it_per_s=7.22
2026-10-03 07:12:39,353 INFO iter=77700 epoch=12 lr=2.00e-04 G=7.271 advA2B=0.967 advB2A=0.895 cycA=0.179 cycB=0.185 idtA=0.167 idtB=0.187 D_A=0.035 D_B=0.009 D_A(real)=0.93 D_A(fake)=0.07 gnG=35.91 gnD=1.42 it_per_s=7.25
2026-10-03 07:12:53,053 INFO iter=77800 epoch=12 lr=2.00e-04 G=7.314 advA2B=0.960 advB2A=0.895 cycA=0.181 cycB=0.187 idtA=0.169 idtB=0.187 D_A=0.035 D_B=0.010 D_A(real)=0.93 D_A(fake)=0.07 gnG=36.70 gnD=1.50 it_per_s=7.26
2026-10-03 07:13:06,879 INFO iter=77900 epoch=12 lr=2.00e-04 G=7.348 advA2B=0.957 advB2A=0.892 cycA=0.182 cycB=0.189 idtA=0.171 idtB=0.187 D_A=0.034 D_B=0.012 D_A(real)=0.94 D_A(fake)=0.06 gnG=37.05 gnD=1.59 it_per_s=7.26
2026-10-03 07:13:20,962 INFO iter=78000 epoch=12 lr=2.00e-04 G=7.303 advA2B=0.949 advB2A=0.896 cycA=0.181 cycB=0.187 idtA=0.170 idtB=0.185 D_A=0.035 D_B=0.013 D_A(real)=0.93 D_A(fake)=0.07 gnG=36.38 gnD=1.66 it_per_s=7.23
2026-10-03 07:13:34,823 INFO iter=78100 epoch=12 lr=2.00e-04 G=7.288 advA2B=0.943 advB2A=0.893 cycA=0.181 cycB=0.187 idtA=0.169 idtB=0.185 D_A=0.033 D_B=0.015 D_A(real)=0.94 D_A(fake)=0.06 gnG=36.02 gnD=1.63 it_per_s=7.23
2026-10-03 07:13:48,445 INFO iter=78200 epoch=12 lr=2.00e-04 G=7.283 advA2B=0.944 advB2A=0.896 cycA=0.180 cycB=0.188 idtA=0.169 idtB=0.184 D_A=0.031 D_B=0.018 D_A(real)=0.94 D_A(fake)=0.06 gnG=35.75 gnD=1.65 it_per_s=7.24
2026-10-03 07:14:02,119 INFO iter=78300 epoch=12 lr=2.00e-04 G=7.316 advA2B=0.939 advB2A=0.898 cycA=0.181 cycB=0.189 idtA=0.169 idtB=0.186 D_A=0.033 D_B=0.019 D_A(real)=0.94 D_A(fake)=0.06 gnG=36.99 gnD=1.75 it_per_s=7.25
2026-10-03 07:14:15,813 INFO iter=78400 epoch=12 lr=2.00e-04 G=7.304 advA2B=0.920 advB2A=0.895 cycA=0.181 cycB=0.190 idtA=0.168 idtB=0.188 D_A=0.033 D_B=0.025 D_A(real)=0.94 D_A(fake)=0.06 gnG=37.07 gnD=1.87 it_per_s=7.25
2026-10-03 07:14:29,406 INFO iter=78500 epoch=12 lr=2.00e-04 G=7.309 advA2B=0.911 advB2A=0.902 cycA=0.182 cycB=0.190 idtA=0.168 idtB=0.187 D_A=0.033 D_B=0.028 D_A(real)=0.94 D_A(fake)=0.06 gnG=37.39 gnD=1.93 it_per_s=7.26
2026-10-03 07:14:43,089 INFO iter=78600 epoch=12 lr=2.00e-04 G=7.298 advA2B=0.907 advB2A=0.907 cycA=0.182 cycB=0.189 idtA=0.168 idtB=0.187 D_A=0.033 D_B=0.030 D_A(real)=0.94 D_A(fake)=0.06 gnG=37.91 gnD=1.99 it_per_s=7.27
2026-10-03 07:14:56,845 INFO iter=78700 epoch=12 lr=2.00e-04 G=7.307 advA2B=0.909 advB2A=0.909 cycA=0.183 cycB=0.188 idtA=0.168 idtB=0.187 D_A=0.031 D_B=0.030 D_A(real)=0.94 D_A(fake)=0.06 gnG=37.66 gnD=1.98 it_per_s=7.27
2026-10-03 07:15:10,561 INFO iter=78800 epoch=12 lr=2.00e-04 G=7.299 advA2B=0.907 advB2A=0.907 cycA=0.184 cycB=0.188 idtA=0.168 idtB=0.186 D_A=0.032 D_B=0.031 D_A(real)=0.94 D_A(fake)=0.06 gnG=37.48 gnD=2.04 it_per_s=7.27
2026-10-03 07:15:24,250 INFO iter=78900 epoch=12 lr=2.00e-04 G=7.277 advA2B=0.904 advB2A=0.909 cycA=0.183 cycB=0.187 idtA=0.168 idtB=0.186 D_A=0.031 D_B=0.031 D_A(real)=0.94 D_A(fake)=0.06 gnG=37.25 gnD=2.06 it_per_s=7.27
2026-10-03 07:15:37,875 INFO iter=79000 epoch=12 lr=2.00e-04 G=7.286 advA2B=0.901 advB2A=0.910 cycA=0.183 cycB=0.187 idtA=0.167 idtB=0.187 D_A=0.031 D_B=0.033 D_A(real)=0.94 D_A(fake)=0.06 gnG=37.67 gnD=2.07 it_per_s=7.28
2026-10-03 07:15:51,555 INFO iter=79100 epoch=12 lr=2.00e-04 G=7.282 advA2B=0.897 advB2A=0.908 cycA=0.183 cycB=0.188 idtA=0.167 idtB=0.187 D_A=0.032 D_B=0.033 D_A(real)=0.94 D_A(fake)=0.06 gnG=37.60 gnD=2.10 it_per_s=7.28
2026-10-03 07:16:05,146 INFO iter=79200 epoch=12 lr=2.00e-04 G=7.277 advA2B=0.890 advB2A=0.908 cycA=0.183 cycB=0.187 idtA=0.167 idtB=0.187 D_A=0.031 D_B=0.035 D_A(real)=0.94 D_A(fake)=0.06 gnG=37.82 gnD=2.14 it_per_s=7.28
2026-10-03 07:16:18,770 INFO iter=79300 epoch=12 lr=2.00e-04 G=7.264 advA2B=0.883 advB2A=0.908 cycA=0.183 cycB=0.187 idtA=0.167 idtB=0.187 D_A=0.031 D_B=0.037 D_A(real)=0.94 D_A(fake)=0.06 gnG=37.52 gnD=2.16 it_per_s=7.29
2026-10-03 07:16:32,282 INFO iter=79400 epoch=12 lr=2.00e-04 G=7.262 advA2B=0.881 advB2A=0.909 cycA=0.183 cycB=0.187 idtA=0.167 idtB=0.187 D_A=0.031 D_B=0.037 D_A(real)=0.94 D_A(fake)=0.06 gnG=37.42 gnD=2.20 it_per_s=7.29
2026-10-03 07:16:45,830 INFO iter=79500 epoch=12 lr=2.00e-04 G=7.251 advA2B=0.879 advB2A=0.910 cycA=0.183 cycB=0.186 idtA=0.167 idtB=0.187 D_A=0.031 D_B=0.038 D_A(real)=0.94 D_A(fake)=0.06 gnG=37.60 gnD=2.24 it_per_s=7.30
2026-10-03 07:16:59,372 INFO iter=79600 epoch=12 lr=2.00e-04 G=7.254 advA2B=0.877 advB2A=0.908 cycA=0.183 cycB=0.186 idtA=0.168 idtB=0.187 D_A=0.032 D_B=0.038 D_A(real)=0.94 D_A(fake)=0.06 gnG=37.57 gnD=2.30 it_per_s=7.30
2026-10-03 07:17:13,356 INFO iter=79700 epoch=12 lr=2.00e-04 G=7.249 advA2B=0.873 advB2A=0.909 cycA=0.183 cycB=0.186 idtA=0.167 idtB=0.187 D_A=0.032 D_B=0.039 D_A(real)=0.94 D_A(fake)=0.06 gnG=37.67 gnD=2.36 it_per_s=7.29
2026-10-03 07:17:26,968 INFO iter=79800 epoch=12 lr=2.00e-04 G=7.272 advA2B=0.873 advB2A=0.910 cycA=0.184 cycB=0.187 idtA=0.168 idtB=0.188 D_A=0.032 D_B=0.041 D_A(real)=0.94 D_A(fake)=0.06 gnG=38.08 gnD=2.38 it_per_s=7.30
2026-10-03 07:17:40,591 INFO iter=79900 epoch=12 lr=2.00e-04 G=7.282 advA2B=0.873 advB2A=0.912 cycA=0.184 cycB=0.188 idtA=0.168 idtB=0.188 D_A=0.031 D_B=0.041 D_A(real)=0.94 D_A(fake)=0.06 gnG=38.10 gnD=2.37 it_per_s=7.30
2026-10-03 07:17:54,249 INFO iter=80000 epoch=12 lr=2.00e-04 G=7.284 advA2B=0.874 advB2A=0.914 cycA=0.184 cycB=0.188 idtA=0.168 idtB=0.188 D_A=0.031 D_B=0.041 D_A(real)=0.94 D_A(fake)=0.06 gnG=38.03 gnD=2.37 it_per_s=7.30
2026-10-03 07:18:07,755 INFO iter=80100 epoch=12 lr=2.00e-04 G=7.289 advA2B=0.876 advB2A=0.916 cycA=0.184 cycB=0.187 idtA=0.169 idtB=0.188 D_A=0.031 D_B=0.041 D_A(real)=0.94 D_A(fake)=0.06 gnG=38.03 gnD=2.36 it_per_s=7.30
2026-10-03 07:18:21,453 INFO iter=80200 epoch=12 lr=2.00e-04 G=7.287 advA2B=0.875 advB2A=0.918 cycA=0.184 cycB=0.187 idtA=0.168 idtB=0.188 D_A=0.031 D_B=0.041 D_A(real)=0.94 D_A(fake)=0.06 gnG=38.23 gnD=2.37 it_per_s=7.30
2026-10-03 07:18:35,388 INFO iter=80300 epoch=12 lr=2.00e-04 G=7.289 advA2B=0.875 advB2A=0.917 cycA=0.184 cycB=0.187 idtA=0.168 idtB=0.188 D_A=0.031 D_B=0.041 D_A(real)=0.94 D_A(fake)=0.06 gnG=38.33 gnD=2.36 it_per_s=7.30
2026-10-03 07:18:49,214 INFO iter=80400 epoch=12 lr=2.00e-04 G=7.284 advA2B=0.872 advB2A=0.915 cycA=0.184 cycB=0.187 idtA=0.169 idtB=0.188 D_A=0.032 D_B=0.042 D_A(real)=0.94 D_A(fake)=0.06 gnG=38.34 gnD=2.37 it_per_s=7.30
2026-10-03 07:19:02,877 INFO iter=80500 epoch=12 lr=2.00e-04 G=7.276 advA2B=0.871 advB2A=0.912 cycA=0.184 cycB=0.187 idtA=0.168 idtB=0.188 D_A=0.032 D_B=0.042 D_A(real)=0.94 D_A(fake)=0.06 gnG=38.23 gnD=2.37 it_per_s=7.30
2026-10-03 07:19:16,579 INFO iter=80600 epoch=12 lr=2.00e-04 G=7.281 advA2B=0.870 advB2A=0.912 cycA=0.184 cycB=0.188 idtA=0.169 idtB=0.188 D_A=0.032 D_B=0.042 D_A(real)=0.94 D_A(fake)=0.06 gnG=38.26 gnD=2.37 it_per_s=7.30
2026-10-03 07:19:30,212 INFO iter=80700 epoch=12 lr=2.00e-04 G=7.291 advA2B=0.871 advB2A=0.911 cycA=0.184 cycB=0.188 idtA=0.169 idtB=0.188 D_A=0.032 D_B=0.042 D_A(real)=0.94 D_A(fake)=0.06 gnG=38.37 gnD=2.37 it_per_s=7.30
2026-10-03 07:19:43,869 INFO iter=80800 epoch=12 lr=2.00e-04 G=7.294 advA2B=0.870 advB2A=0.912 cycA=0.184 cycB=0.188 idtA=0.169 idtB=0.188 D_A=0.032 D_B=0.042 D_A(real)=0.94 D_A(fake)=0.06 gnG=38.39 gnD=2.36 it_per_s=7.30
2026-10-03 07:19:57,555 INFO iter=80900 epoch=12 lr=2.00e-04 G=7.293 advA2B=0.868 advB2A=0.911 cycA=0.184 cycB=0.188 idtA=0.169 idtB=0.188 D_A=0.032 D_B=0.042 D_A(real)=0.94 D_A(fake)=0.06 gnG=38.53 gnD=2.36 it_per_s=7.30
2026-10-03 07:20:11,271 INFO iter=81000 epoch=12 lr=2.00e-04 G=7.299 advA2B=0.870 advB2A=0.913 cycA=0.185 cycB=0.188 idtA=0.169 idtB=0.189 D_A=0.032 D_B=0.042 D_A(real)=0.94 D_A(fake)=0.06 gnG=38.53 gnD=2.34 it_per_s=7.30
2026-10-03 07:20:25,098 INFO iter=81100 epoch=12 lr=2.00e-04 G=7.305 advA2B=0.872 advB2A=0.913 cycA=0.185 cycB=0.188 idtA=0.169 idtB=0.189 D_A=0.032 D_B=0.042 D_A(real)=0.94 D_A(fake)=0.06 gnG=38.51 gnD=2.34 it_per_s=7.30
2026-10-03 07:20:38,683 INFO iter=81200 epoch=12 lr=2.00e-04 G=7.298 advA2B=0.875 advB2A=0.911 cycA=0.185 cycB=0.188 idtA=0.169 idtB=0.188 D_A=0.032 D_B=0.041 D_A(real)=0.94 D_A(fake)=0.06 gnG=38.50 gnD=2.33 it_per_s=7.30
2026-10-03 07:20:52,182 INFO iter=81300 epoch=12 lr=2.00e-04 G=7.379 advA2B=0.877 advB2A=0.912 cycA=0.187 cycB=0.191 idtA=0.169 idtB=0.193 D_A=0.031 D_B=0.041 D_A(real)=0.94 D_A(fake)=0.06 gnG=41.28 gnD=2.31 it_per_s=7.30
2026-10-03 07:21:05,847 INFO iter=81400 epoch=12 lr=2.00e-04 G=7.442 advA2B=0.879 advB2A=0.913 cycA=0.188 cycB=0.193 idtA=0.170 idtB=0.196 D_A=0.031 D_B=0.040 D_A(real)=0.94 D_A(fake)=0.06 gnG=41.38 gnD=2.29 it_per_s=7.30
2026-10-03 07:21:19,812 INFO iter=81500 epoch=12 lr=2.00e-04 G=7.473 advA2B=0.878 advB2A=0.914 cycA=0.189 cycB=0.195 idtA=0.170 idtB=0.199 D_A=0.031 D_B=0.040 D_A(real)=0.94 D_A(fake)=0.06 gnG=41.95 gnD=2.27 it_per_s=7.30
2026-10-03 07:21:33,478 INFO iter=81600 epoch=12 lr=2.00e-04 G=7.492 advA2B=0.880 advB2A=0.915 cycA=0.190 cycB=0.195 idtA=0.170 idtB=0.200 D_A=0.031 D_B=0.039 D_A(real)=0.94 D_A(fake)=0.06 gnG=42.03 gnD=2.26 it_per_s=7.30
2026-10-03 07:21:47,284 INFO iter=81700 epoch=12 lr=2.00e-04 G=7.495 advA2B=0.881 advB2A=0.916 cycA=0.190 cycB=0.195 idtA=0.170 idtB=0.200 D_A=0.030 D_B=0.039 D_A(real)=0.94 D_A(fake)=0.06 gnG=42.29 gnD=2.25 it_per_s=7.30
2026-10-03 07:22:00,864 INFO iter=81800 epoch=12 lr=2.00e-04 G=7.498 advA2B=0.883 advB2A=0.917 cycA=0.190 cycB=0.195 idtA=0.170 idtB=0.201 D_A=0.030 D_B=0.038 D_A(real)=0.94 D_A(fake)=0.06 gnG=42.48 gnD=2.23 it_per_s=7.30
2026-10-03 07:22:14,582 INFO iter=81900 epoch=12 lr=2.00e-04 G=7.503 advA2B=0.884 advB2A=0.918 cycA=0.189 cycB=0.195 idtA=0.170 idtB=0.201 D_A=0.030 D_B=0.038 D_A(real)=0.94 D_A(fake)=0.06 gnG=42.82 gnD=2.22 it_per_s=7.30
2026-10-03 07:22:28,143 INFO iter=82000 epoch=12 lr=2.00e-04 G=7.501 advA2B=0.883 advB2A=0.918 cycA=0.189 cycB=0.195 idtA=0.170 idtB=0.201 D_A=0.030 D_B=0.038 D_A(real)=0.94 D_A(fake)=0.06 gnG=42.92 gnD=2.22 it_per_s=7.30
2026-10-03 07:22:41,785 INFO iter=82100 epoch=12 lr=2.00e-04 G=7.495 advA2B=0.881 advB2A=0.918 cycA=0.189 cycB=0.195 idtA=0.169 idtB=0.201 D_A=0.030 D_B=0.038 D_A(real)=0.94 D_A(fake)=0.06 gnG=43.10 gnD=2.23 it_per_s=7.30
2026-10-03 07:22:55,769 INFO iter=82200 epoch=12 lr=2.00e-04 G=7.487 advA2B=0.880 advB2A=0.919 cycA=0.189 cycB=0.195 idtA=0.169 idtB=0.201 D_A=0.030 D_B=0.038 D_A(real)=0.94 D_A(fake)=0.06 gnG=43.24 gnD=2.23 it_per_s=7.30
2026-10-03 07:23:09,869 INFO iter=82300 epoch=12 lr=2.00e-04 G=7.482 advA2B=0.879 advB2A=0.919 cycA=0.189 cycB=0.195 idtA=0.169 idtB=0.201 D_A=0.029 D_B=0.038 D_A(real)=0.94 D_A(fake)=0.06 gnG=43.24 gnD=2.23 it_per_s=7.29
2026-10-03 07:23:23,562 INFO iter=82400 epoch=12 lr=2.00e-04 G=7.476 advA2B=0.878 advB2A=0.919 cycA=0.188 cycB=0.194 idtA=0.169 idtB=0.201 D_A=0.029 D_B=0.039 D_A(real)=0.94 D_A(fake)=0.06 gnG=43.86 gnD=2.24 it_per_s=7.29
2026-10-03 07:23:37,222 INFO iter=82500 epoch=12 lr=2.00e-04 G=7.474 advA2B=0.877 advB2A=0.919 cycA=0.189 cycB=0.194 idtA=0.169 idtB=0.201 D_A=0.029 D_B=0.039 D_A(real)=0.95 D_A(fake)=0.05 gnG=43.96 gnD=2.23 it_per_s=7.29
2026-10-03 07:23:51,042 INFO iter=82600 epoch=12 lr=2.00e-04 G=7.471 advA2B=0.877 advB2A=0.920 cycA=0.188 cycB=0.194 idtA=0.169 idtB=0.201 D_A=0.029 D_B=0.039 D_A(real)=0.95 D_A(fake)=0.05 gnG=44.11 gnD=2.24 it_per_s=7.29
2026-10-03 07:24:04,764 INFO iter=82700 epoch=12 lr=2.00e-04 G=7.466 advA2B=0.876 advB2A=0.921 cycA=0.188 cycB=0.194 idtA=0.169 idtB=0.201 D_A=0.028 D_B=0.039 D_A(real)=0.95 D_A(fake)=0.05 gnG=44.24 gnD=2.25 it_per_s=7.29
2026-10-03 07:24:18,483 INFO iter=82800 epoch=12 lr=2.00e-04 G=7.462 advA2B=0.874 advB2A=0.921 cycA=0.188 cycB=0.194 idtA=0.169 idtB=0.201 D_A=0.028 D_B=0.039 D_A(real)=0.95 D_A(fake)=0.05 gnG=44.73 gnD=2.25 it_per_s=7.29
2026-10-03 07:24:32,138 INFO iter=82900 epoch=12 lr=2.00e-04 G=7.458 advA2B=0.874 advB2A=0.921 cycA=0.188 cycB=0.194 idtA=0.169 idtB=0.201 D_A=0.028 D_B=0.039 D_A(real)=0.95 D_A(fake)=0.05 gnG=45.14 gnD=2.25 it_per_s=7.29
2026-10-03 07:24:45,817 INFO iter=83000 epoch=12 lr=2.00e-04 G=7.455 advA2B=0.875 advB2A=0.921 cycA=0.188 cycB=0.193 idtA=0.168 idtB=0.201 D_A=0.029 D_B=0.039 D_A(real)=0.95 D_A(fake)=0.05 gnG=45.44 gnD=2.26 it_per_s=7.29
2026-10-03 07:24:59,470 INFO iter=83100 epoch=12 lr=2.00e-04 G=7.452 advA2B=0.875 advB2A=0.921 cycA=0.188 cycB=0.193 idtA=0.168 idtB=0.201 D_A=0.029 D_B=0.040 D_A(real)=0.95 D_A(fake)=0.05 gnG=45.71 gnD=2.27 it_per_s=7.29
2026-10-03 07:25:13,154 INFO iter=83200 epoch=12 lr=2.00e-04 G=7.445 advA2B=0.874 advB2A=0.920 cycA=0.188 cycB=0.193 idtA=0.168 idtB=0.200 D_A=0.029 D_B=0.040 D_A(real)=0.95 D_A(fake)=0.05 gnG=45.67 gnD=2.28 it_per_s=7.29
2026-10-03 07:25:26,867 INFO iter=83300 epoch=12 lr=2.00e-04 G=7.443 advA2B=0.873 advB2A=0.921 cycA=0.188 cycB=0.193 idtA=0.168 idtB=0.200 D_A=0.029 D_B=0.039 D_A(real)=0.95 D_A(fake)=0.05 gnG=46.00 gnD=2.28 it_per_s=7.29
2026-10-03 07:25:40,518 INFO iter=83400 epoch=12 lr=2.00e-04 G=7.435 advA2B=0.873 advB2A=0.920 cycA=0.188 cycB=0.193 idtA=0.168 idtB=0.200 D_A=0.029 D_B=0.040 D_A(real)=0.94 D_A(fake)=0.05 gnG=46.21 gnD=2.29 it_per_s=7.29
2026-10-03 07:25:54,201 INFO iter=83500 epoch=12 lr=2.00e-04 G=7.432 advA2B=0.874 advB2A=0.919 cycA=0.187 cycB=0.193 idtA=0.168 idtB=0.200 D_A=0.029 D_B=0.040 D_A(real)=0.95 D_A(fake)=0.05 gnG=46.26 gnD=2.29 it_per_s=7.29
2026-10-03 07:26:08,036 INFO iter=83600 epoch=12 lr=2.00e-04 G=7.427 advA2B=0.873 advB2A=0.920 cycA=0.187 cycB=0.192 idtA=0.168 idtB=0.199 D_A=0.029 D_B=0.040 D_A(real)=0.95 D_A(fake)=0.05 gnG=46.33 gnD=2.29 it_per_s=7.29
2026-10-03 07:26:22,039 INFO iter=83700 epoch=12 lr=2.00e-04 G=7.419 advA2B=0.872 advB2A=0.920 cycA=0.187 cycB=0.192 idtA=0.168 idtB=0.199 D_A=0.029 D_B=0.040 D_A(real)=0.95 D_A(fake)=0.05 gnG=46.31 gnD=2.30 it_per_s=7.29
2026-10-03 07:26:35,764 INFO iter=83800 epoch=12 lr=2.00e-04 G=7.407 advA2B=0.870 advB2A=0.921 cycA=0.187 cycB=0.192 idtA=0.168 idtB=0.199 D_A=0.029 D_B=0.040 D_A(real)=0.95 D_A(fake)=0.05 gnG=46.27 gnD=2.30 it_per_s=7.29
2026-10-03 07:26:49,453 INFO iter=83900 epoch=12 lr=2.00e-04 G=7.399 advA2B=0.870 advB2A=0.920 cycA=0.187 cycB=0.191 idtA=0.167 idtB=0.198 D_A=0.029 D_B=0.040 D_A(real)=0.95 D_A(fake)=0.05 gnG=46.27 gnD=2.30 it_per_s=7.29
2026-10-03 07:27:03,167 INFO iter=84000 epoch=12 lr=2.00e-04 G=7.396 advA2B=0.870 advB2A=0.920 cycA=0.186 cycB=0.191 idtA=0.167 idtB=0.198 D_A=0.029 D_B=0.041 D_A(real)=0.95 D_A(fake)=0.05 gnG=46.49 gnD=2.31 it_per_s=7.29
2026-10-03 07:27:17,007 INFO iter=84100 epoch=12 lr=2.00e-04 G=7.396 advA2B=0.869 advB2A=0.920 cycA=0.186 cycB=0.191 idtA=0.167 idtB=0.198 D_A=0.029 D_B=0.041 D_A(real)=0.95 D_A(fake)=0.05 gnG=46.53 gnD=2.31 it_per_s=7.29
2026-10-03 07:27:30,684 INFO iter=84200 epoch=12 lr=2.00e-04 G=7.392 advA2B=0.869 advB2A=0.921 cycA=0.186 cycB=0.191 idtA=0.167 idtB=0.198 D_A=0.029 D_B=0.041 D_A(real)=0.95 D_A(fake)=0.05 gnG=46.48 gnD=2.32 it_per_s=7.29
2026-10-03 07:27:44,316 INFO iter=84300 epoch=12 lr=2.00e-04 G=7.393 advA2B=0.869 advB2A=0.920 cycA=0.186 cycB=0.191 idtA=0.167 idtB=0.198 D_A=0.029 D_B=0.041 D_A(real)=0.95 D_A(fake)=0.05 gnG=47.22 gnD=2.34 it_per_s=7.29
2026-10-03 07:27:58,151 INFO iter=84400 epoch=12 lr=2.00e-04 G=7.391 advA2B=0.870 advB2A=0.920 cycA=0.186 cycB=0.191 idtA=0.168 idtB=0.198 D_A=0.029 D_B=0.041 D_A(real)=0.95 D_A(fake)=0.05 gnG=47.25 gnD=2.34 it_per_s=7.29
2026-10-03 07:28:05,968 INFO epoch=12 done time_s=966 it_per_s=7.29 G=7.389 cycA=0.186 cycB=0.191 idtA=0.167 idtB=0.198 D_A=0.029 D_B=0.041 D_A(real)=0.95 D_A(fake)=0.05 nan_count=0
2026-10-03 07:28:05,968 WARNING epoch=12 D_A (Monet) loss 0.0288 is near 0: possible discriminator overfitting
2026-10-03 07:28:12,711 INFO iter=84500 epoch=13 lr=2.00e-04 G=6.947 advA2B=0.764 advB2A=0.941 cycA=0.172 cycB=0.182 idtA=0.156 idtB=0.184 D_A=0.040 D_B=0.067 D_A(real)=0.93 D_A(fake)=0.08 gnG=47.42 gnD=3.65 it_per_s=7.10
2026-10-03 07:28:26,386 INFO iter=84600 epoch=13 lr=2.00e-04 G=6.873 advA2B=0.740 advB2A=0.930 cycA=0.174 cycB=0.176 idtA=0.161 idtB=0.180 D_A=0.045 D_B=0.052 D_A(real)=0.91 D_A(fake)=0.08 gnG=47.26 gnD=3.67 it_per_s=7.25
2026-10-03 07:28:40,059 INFO iter=84700 epoch=13 lr=2.00e-04 G=6.813 advA2B=0.752 advB2A=0.928 cycA=0.175 cycB=0.171 idtA=0.161 idtB=0.175 D_A=0.044 D_B=0.061 D_A(real)=0.92 D_A(fake)=0.08 gnG=45.65 gnD=3.65 it_per_s=7.27
2026-10-03 07:28:54,210 INFO iter=84800 epoch=13 lr=2.00e-04 G=6.781 advA2B=0.765 advB2A=0.927 cycA=0.172 cycB=0.171 idtA=0.158 idtB=0.174 D_A=0.038 D_B=0.055 D_A(real)=0.93 D_A(fake)=0.07 gnG=44.71 gnD=3.44 it_per_s=7.21
2026-10-03 07:29:07,998 INFO iter=84900 epoch=13 lr=2.00e-04 G=6.855 advA2B=0.780 advB2A=0.918 cycA=0.175 cycB=0.172 idtA=0.161 idtB=0.176 D_A=0.036 D_B=0.054 D_A(real)=0.93 D_A(fake)=0.07 gnG=45.78 gnD=3.32 it_per_s=7.22
2026-10-03 07:29:21,746 INFO iter=85000 epoch=13 lr=2.00e-04 G=6.798 advA2B=0.782 advB2A=0.920 cycA=0.173 cycB=0.170 idtA=0.159 idtB=0.173 D_A=0.035 D_B=0.056 D_A(real)=0.93 D_A(fake)=0.07 gnG=45.42 gnD=3.28 it_per_s=7.23
2026-10-03 07:29:35,331 INFO iter=85100 epoch=13 lr=2.00e-04 G=6.784 advA2B=0.776 advB2A=0.920 cycA=0.173 cycB=0.170 idtA=0.158 idtB=0.173 D_A=0.033 D_B=0.059 D_A(real)=0.94 D_A(fake)=0.06 gnG=45.00 gnD=3.30 it_per_s=7.25
2026-10-03 07:29:48,885 INFO iter=85200 epoch=13 lr=2.00e-04 G=6.829 advA2B=0.795 advB2A=0.911 cycA=0.174 cycB=0.171 idtA=0.160 idtB=0.174 D_A=0.033 D_B=0.056 D_A(real)=0.94 D_A(fake)=0.06 gnG=47.35 gnD=3.23 it_per_s=7.27
2026-10-03 07:30:02,446 INFO iter=85300 epoch=13 lr=2.00e-04 G=6.824 advA2B=0.792 advB2A=0.910 cycA=0.174 cycB=0.172 idtA=0.160 idtB=0.174 D_A=0.033 D_B=0.056 D_A(real)=0.94 D_A(fake)=0.06 gnG=46.17 gnD=3.23 it_per_s=7.28
2026-10-03 07:30:16,009 INFO iter=85400 epoch=13 lr=2.00e-04 G=6.898 advA2B=0.784 advB2A=0.910 cycA=0.175 cycB=0.176 idtA=0.160 idtB=0.180 D_A=0.034 D_B=0.057 D_A(real)=0.94 D_A(fake)=0.06 gnG=47.28 gnD=3.22 it_per_s=7.29
2026-10-03 07:30:29,578 INFO iter=85500 epoch=13 lr=2.00e-04 G=6.909 advA2B=0.788 advB2A=0.910 cycA=0.174 cycB=0.176 idtA=0.160 idtB=0.182 D_A=0.034 D_B=0.058 D_A(real)=0.93 D_A(fake)=0.06 gnG=46.17 gnD=3.29 it_per_s=7.30
2026-10-03 07:30:43,165 INFO iter=85600 epoch=13 lr=2.00e-04 G=6.952 advA2B=0.797 advB2A=0.913 cycA=0.175 cycB=0.177 idtA=0.160 idtB=0.185 D_A=0.033 D_B=0.055 D_A(real)=0.94 D_A(fake)=0.06 gnG=46.10 gnD=3.22 it_per_s=7.30
2026-10-03 07:30:56,826 INFO iter=85700 epoch=13 lr=2.00e-04 G=6.951 advA2B=0.804 advB2A=0.918 cycA=0.174 cycB=0.177 idtA=0.159 idtB=0.185 D_A=0.033 D_B=0.054 D_A(real)=0.94 D_A(fake)=0.06 gnG=45.53 gnD=3.23 it_per_s=7.30
2026-10-03 07:31:10,525 INFO iter=85800 epoch=13 lr=2.00e-04 G=6.962 advA2B=0.810 advB2A=0.920 cycA=0.175 cycB=0.176 idtA=0.160 idtB=0.185 D_A=0.032 D_B=0.054 D_A(real)=0.94 D_A(fake)=0.06 gnG=45.21 gnD=3.20 it_per_s=7.30
2026-10-03 07:31:24,214 INFO iter=85900 epoch=13 lr=2.00e-04 G=6.971 advA2B=0.818 advB2A=0.920 cycA=0.175 cycB=0.176 idtA=0.160 idtB=0.185 D_A=0.032 D_B=0.052 D_A(real)=0.94 D_A(fake)=0.06 gnG=45.00 gnD=3.13 it_per_s=7.30
2026-10-03 07:31:37,881 INFO iter=86000 epoch=13 lr=2.00e-04 G=6.977 advA2B=0.813 advB2A=0.923 cycA=0.175 cycB=0.176 idtA=0.160 idtB=0.186 D_A=0.034 D_B=0.053 D_A(real)=0.94 D_A(fake)=0.06 gnG=44.80 gnD=3.18 it_per_s=7.30
2026-10-03 07:31:51,453 INFO iter=86100 epoch=13 lr=2.00e-04 G=6.972 advA2B=0.818 advB2A=0.922 cycA=0.175 cycB=0.176 idtA=0.160 idtB=0.185 D_A=0.034 D_B=0.052 D_A(real)=0.94 D_A(fake)=0.06 gnG=45.43 gnD=3.16 it_per_s=7.31
2026-10-03 07:32:05,025 INFO iter=86200 epoch=13 lr=2.00e-04 G=6.992 advA2B=0.823 advB2A=0.923 cycA=0.175 cycB=0.176 idtA=0.160 idtB=0.186 D_A=0.034 D_B=0.051 D_A(real)=0.94 D_A(fake)=0.06 gnG=46.76 gnD=3.11 it_per_s=7.31
2026-10-03 07:32:18,596 INFO iter=86300 epoch=13 lr=2.00e-04 G=6.985 advA2B=0.827 advB2A=0.923 cycA=0.175 cycB=0.176 idtA=0.160 idtB=0.185 D_A=0.033 D_B=0.051 D_A(real)=0.94 D_A(fake)=0.06 gnG=47.04 gnD=3.07 it_per_s=7.31
2026-10-03 07:32:32,170 INFO iter=86400 epoch=13 lr=2.00e-04 G=6.980 advA2B=0.827 advB2A=0.925 cycA=0.175 cycB=0.176 idtA=0.159 idtB=0.185 D_A=0.033 D_B=0.050 D_A(real)=0.94 D_A(fake)=0.06 gnG=47.28 gnD=3.04 it_per_s=7.32
2026-10-03 07:32:45,729 INFO iter=86500 epoch=13 lr=2.00e-04 G=6.985 advA2B=0.826 advB2A=0.922 cycA=0.175 cycB=0.176 idtA=0.160 idtB=0.185 D_A=0.032 D_B=0.050 D_A(real)=0.94 D_A(fake)=0.06 gnG=47.57 gnD=3.02 it_per_s=7.32
2026-10-03 07:32:59,580 INFO iter=86600 epoch=13 lr=2.00e-04 G=6.995 advA2B=0.826 advB2A=0.923 cycA=0.176 cycB=0.177 idtA=0.160 idtB=0.185 D_A=0.033 D_B=0.050 D_A(real)=0.94 D_A(fake)=0.06 gnG=48.73 gnD=3.02 it_per_s=7.32
2026-10-03 07:33:13,791 INFO iter=86700 epoch=13 lr=2.00e-04 G=7.010 advA2B=0.826 advB2A=0.924 cycA=0.176 cycB=0.177 idtA=0.160 idtB=0.186 D_A=0.032 D_B=0.050 D_A(real)=0.94 D_A(fake)=0.06 gnG=49.10 gnD=3.00 it_per_s=7.30
2026-10-03 07:33:27,546 INFO iter=86800 epoch=13 lr=2.00e-04 G=7.015 advA2B=0.825 advB2A=0.925 cycA=0.176 cycB=0.177 idtA=0.160 idtB=0.186 D_A=0.032 D_B=0.050 D_A(real)=0.94 D_A(fake)=0.06 gnG=48.81 gnD=3.00 it_per_s=7.30
2026-10-03 07:33:41,430 INFO iter=86900 epoch=13 lr=2.00e-04 G=7.037 advA2B=0.827 advB2A=0.922 cycA=0.177 cycB=0.178 idtA=0.160 idtB=0.187 D_A=0.032 D_B=0.050 D_A(real)=0.94 D_A(fake)=0.06 gnG=49.76 gnD=2.99 it_per_s=7.30
2026-10-03 07:33:55,471 INFO iter=87000 epoch=13 lr=2.00e-04 G=7.081 advA2B=0.831 advB2A=0.923 cycA=0.178 cycB=0.180 idtA=0.161 idtB=0.189 D_A=0.032 D_B=0.050 D_A(real)=0.94 D_A(fake)=0.06 gnG=50.50 gnD=2.98 it_per_s=7.29
2026-10-03 07:34:09,394 INFO iter=87100 epoch=13 lr=2.00e-04 G=7.092 advA2B=0.831 advB2A=0.925 cycA=0.178 cycB=0.181 idtA=0.161 idtB=0.189 D_A=0.031 D_B=0.049 D_A(real)=0.94 D_A(fake)=0.06 gnG=50.17 gnD=2.95 it_per_s=7.29
2026-10-03 07:34:23,096 INFO iter=87200 epoch=13 lr=2.00e-04 G=7.094 advA2B=0.830 advB2A=0.926 cycA=0.178 cycB=0.181 idtA=0.161 idtB=0.189 D_A=0.031 D_B=0.049 D_A(real)=0.94 D_A(fake)=0.06 gnG=49.87 gnD=2.91 it_per_s=7.29
2026-10-03 07:34:36,814 INFO iter=87300 epoch=13 lr=2.00e-04 G=7.091 advA2B=0.832 advB2A=0.926 cycA=0.178 cycB=0.181 idtA=0.161 idtB=0.189 D_A=0.031 D_B=0.048 D_A(real)=0.94 D_A(fake)=0.06 gnG=49.38 gnD=2.89 it_per_s=7.29
2026-10-03 07:34:50,452 INFO iter=87400 epoch=13 lr=2.00e-04 G=7.085 advA2B=0.834 advB2A=0.927 cycA=0.177 cycB=0.181 idtA=0.160 idtB=0.188 D_A=0.030 D_B=0.047 D_A(real)=0.94 D_A(fake)=0.06 gnG=48.91 gnD=2.87 it_per_s=7.29
2026-10-03 07:35:04,115 INFO iter=87500 epoch=13 lr=2.00e-04 G=7.080 advA2B=0.836 advB2A=0.927 cycA=0.177 cycB=0.181 idtA=0.160 idtB=0.188 D_A=0.030 D_B=0.047 D_A(real)=0.94 D_A(fake)=0.06 gnG=48.55 gnD=2.85 it_per_s=7.29
2026-10-03 07:35:17,768 INFO iter=87600 epoch=13 lr=2.00e-04 G=7.078 advA2B=0.835 advB2A=0.927 cycA=0.177 cycB=0.180 idtA=0.160 idtB=0.188 D_A=0.030 D_B=0.047 D_A(real)=0.94 D_A(fake)=0.06 gnG=48.39 gnD=2.84 it_per_s=7.29
2026-10-03 07:35:31,418 INFO iter=87700 epoch=13 lr=2.00e-04 G=7.080 advA2B=0.837 advB2A=0.927 cycA=0.178 cycB=0.180 idtA=0.160 idtB=0.188 D_A=0.030 D_B=0.046 D_A(real)=0.94 D_A(fake)=0.06 gnG=48.13 gnD=2.82 it_per_s=7.29
2026-10-03 07:35:45,111 INFO iter=87800 epoch=13 lr=2.00e-04 G=7.077 advA2B=0.837 advB2A=0.926 cycA=0.178 cycB=0.180 idtA=0.160 idtB=0.187 D_A=0.030 D_B=0.047 D_A(real)=0.94 D_A(fake)=0.06 gnG=47.82 gnD=2.82 it_per_s=7.29
2026-10-03 07:35:58,720 INFO iter=87900 epoch=13 lr=2.00e-04 G=7.072 advA2B=0.839 advB2A=0.926 cycA=0.178 cycB=0.180 idtA=0.160 idtB=0.187 D_A=0.030 D_B=0.046 D_A(real)=0.94 D_A(fake)=0.06 gnG=47.56 gnD=2.82 it_per_s=7.29
2026-10-03 07:36:12,733 INFO iter=88000 epoch=13 lr=2.00e-04 G=7.075 advA2B=0.841 advB2A=0.926 cycA=0.178 cycB=0.180 idtA=0.160 idtB=0.187 D_A=0.030 D_B=0.046 D_A(real)=0.94 D_A(fake)=0.06 gnG=47.30 gnD=2.81 it_per_s=7.29
2026-10-03 07:36:26,376 INFO iter=88100 epoch=13 lr=2.00e-04 G=7.079 advA2B=0.842 advB2A=0.926 cycA=0.178 cycB=0.180 idtA=0.160 idtB=0.187 D_A=0.030 D_B=0.046 D_A(real)=0.94 D_A(fake)=0.06 gnG=47.18 gnD=2.82 it_per_s=7.29
2026-10-03 07:36:40,033 INFO iter=88200 epoch=13 lr=2.00e-04 G=7.076 advA2B=0.842 advB2A=0.925 cycA=0.178 cycB=0.180 idtA=0.160 idtB=0.187 D_A=0.029 D_B=0.047 D_A(real)=0.94 D_A(fake)=0.06 gnG=46.92 gnD=2.84 it_per_s=7.29
2026-10-03 07:36:53,653 INFO iter=88300 epoch=13 lr=2.00e-04 G=7.081 advA2B=0.842 advB2A=0.926 cycA=0.178 cycB=0.180 idtA=0.160 idtB=0.187 D_A=0.029 D_B=0.047 D_A(real)=0.94 D_A(fake)=0.06 gnG=46.83 gnD=2.85 it_per_s=7.29
2026-10-03 07:37:07,382 INFO iter=88400 epoch=13 lr=2.00e-04 G=7.093 advA2B=0.841 advB2A=0.922 cycA=0.178 cycB=0.181 idtA=0.160 idtB=0.188 D_A=0.030 D_B=0.047 D_A(real)=0.94 D_A(fake)=0.06 gnG=47.55 gnD=2.89 it_per_s=7.29
2026-10-03 07:37:21,023 INFO iter=88500 epoch=13 lr=2.00e-04 G=7.123 advA2B=0.842 advB2A=0.920 cycA=0.179 cycB=0.182 idtA=0.161 idtB=0.189 D_A=0.031 D_B=0.047 D_A(real)=0.94 D_A(fake)=0.06 gnG=47.52 gnD=2.88 it_per_s=7.29
2026-10-03 07:37:34,664 INFO iter=88600 epoch=13 lr=2.00e-04 G=7.160 advA2B=0.844 advB2A=0.920 cycA=0.180 cycB=0.184 idtA=0.162 idtB=0.191 D_A=0.031 D_B=0.047 D_A(real)=0.94 D_A(fake)=0.06 gnG=47.68 gnD=2.89 it_per_s=7.29
2026-10-03 07:37:48,257 INFO iter=88700 epoch=13 lr=2.00e-04 G=7.178 advA2B=0.845 advB2A=0.920 cycA=0.180 cycB=0.184 idtA=0.162 idtB=0.191 D_A=0.031 D_B=0.046 D_A(real)=0.94 D_A(fake)=0.06 gnG=47.50 gnD=2.87 it_per_s=7.30
2026-10-03 07:38:02,181 INFO iter=88800 epoch=13 lr=2.00e-04 G=7.192 advA2B=0.846 advB2A=0.920 cycA=0.180 cycB=0.185 idtA=0.162 idtB=0.192 D_A=0.031 D_B=0.046 D_A(real)=0.94 D_A(fake)=0.06 gnG=47.59 gnD=2.85 it_per_s=7.29
2026-10-03 07:38:16,141 INFO iter=88900 epoch=13 lr=2.00e-04 G=7.208 advA2B=0.848 advB2A=0.919 cycA=0.181 cycB=0.186 idtA=0.163 idtB=0.192 D_A=0.031 D_B=0.045 D_A(real)=0.94 D_A(fake)=0.06 gnG=47.64 gnD=2.82 it_per_s=7.29
2026-10-03 07:38:29,983 INFO iter=89000 epoch=13 lr=2.00e-04 G=7.239 advA2B=0.848 advB2A=0.920 cycA=0.182 cycB=0.187 idtA=0.163 idtB=0.194 D_A=0.031 D_B=0.045 D_A(real)=0.94 D_A(fake)=0.06 gnG=47.91 gnD=2.80 it_per_s=7.29
2026-10-03 07:38:43,706 INFO iter=89100 epoch=13 lr=2.00e-04 G=7.254 advA2B=0.849 advB2A=0.921 cycA=0.182 cycB=0.188 idtA=0.163 idtB=0.194 D_A=0.031 D_B=0.045 D_A(real)=0.94 D_A(fake)=0.06 gnG=47.89 gnD=2.78 it_per_s=7.29
2026-10-03 07:38:57,405 INFO iter=89200 epoch=13 lr=2.00e-04 G=7.260 advA2B=0.850 advB2A=0.921 cycA=0.182 cycB=0.188 idtA=0.164 idtB=0.194 D_A=0.031 D_B=0.045 D_A(real)=0.94 D_A(fake)=0.06 gnG=47.72 gnD=2.76 it_per_s=7.29
2026-10-03 07:39:11,001 INFO iter=89300 epoch=13 lr=2.00e-04 G=7.261 advA2B=0.849 advB2A=0.920 cycA=0.182 cycB=0.188 idtA=0.164 idtB=0.195 D_A=0.031 D_B=0.044 D_A(real)=0.94 D_A(fake)=0.06 gnG=47.55 gnD=2.75 it_per_s=7.29
2026-10-03 07:39:24,540 INFO iter=89400 epoch=13 lr=2.00e-04 G=7.266 advA2B=0.849 advB2A=0.919 cycA=0.182 cycB=0.188 idtA=0.164 idtB=0.194 D_A=0.031 D_B=0.044 D_A(real)=0.94 D_A(fake)=0.06 gnG=47.50 gnD=2.74 it_per_s=7.29
2026-10-03 07:39:38,123 INFO iter=89500 epoch=13 lr=2.00e-04 G=7.266 advA2B=0.849 advB2A=0.919 cycA=0.182 cycB=0.188 idtA=0.164 idtB=0.194 D_A=0.031 D_B=0.044 D_A(real)=0.94 D_A(fake)=0.06 gnG=47.38 gnD=2.73 it_per_s=7.29
2026-10-03 07:39:51,774 INFO iter=89600 epoch=13 lr=2.00e-04 G=7.268 advA2B=0.850 advB2A=0.920 cycA=0.182 cycB=0.188 idtA=0.164 idtB=0.194 D_A=0.031 D_B=0.044 D_A(real)=0.94 D_A(fake)=0.06 gnG=47.43 gnD=2.74 it_per_s=7.29
2026-10-03 07:40:05,498 INFO iter=89700 epoch=13 lr=2.00e-04 G=7.269 advA2B=0.850 advB2A=0.919 cycA=0.182 cycB=0.189 idtA=0.164 idtB=0.194 D_A=0.031 D_B=0.044 D_A(real)=0.94 D_A(fake)=0.06 gnG=47.30 gnD=2.73 it_per_s=7.29
2026-10-03 07:40:19,166 INFO iter=89800 epoch=13 lr=2.00e-04 G=7.276 advA2B=0.852 advB2A=0.919 cycA=0.182 cycB=0.189 idtA=0.165 idtB=0.194 D_A=0.031 D_B=0.044 D_A(real)=0.94 D_A(fake)=0.06 gnG=47.50 gnD=2.72 it_per_s=7.29
2026-10-03 07:40:32,743 INFO iter=89900 epoch=13 lr=2.00e-04 G=7.297 advA2B=0.851 advB2A=0.919 cycA=0.183 cycB=0.190 idtA=0.165 idtB=0.196 D_A=0.031 D_B=0.044 D_A(real)=0.94 D_A(fake)=0.06 gnG=48.60 gnD=2.72 it_per_s=7.30
2026-10-03 07:40:46,346 INFO iter=90000 epoch=13 lr=2.00e-04 G=7.331 advA2B=0.853 advB2A=0.919 cycA=0.183 cycB=0.192 idtA=0.165 idtB=0.197 D_A=0.031 D_B=0.044 D_A(real)=0.94 D_A(fake)=0.06 gnG=48.61 gnD=2.71 it_per_s=7.30
2026-10-03 07:41:00,292 INFO iter=90100 epoch=13 lr=2.00e-04 G=7.345 advA2B=0.852 advB2A=0.919 cycA=0.183 cycB=0.192 idtA=0.165 idtB=0.198 D_A=0.031 D_B=0.044 D_A(real)=0.94 D_A(fake)=0.06 gnG=48.52 gnD=2.71 it_per_s=7.29
2026-10-03 07:41:14,241 INFO iter=90200 epoch=13 lr=2.00e-04 G=7.351 advA2B=0.851 advB2A=0.920 cycA=0.184 cycB=0.192 idtA=0.165 idtB=0.199 D_A=0.030 D_B=0.044 D_A(real)=0.94 D_A(fake)=0.06 gnG=48.38 gnD=2.71 it_per_s=7.29
2026-10-03 07:41:27,860 INFO iter=90300 epoch=13 lr=2.00e-04 G=7.371 advA2B=0.851 advB2A=0.920 cycA=0.184 cycB=0.193 idtA=0.165 idtB=0.200 D_A=0.030 D_B=0.044 D_A(real)=0.94 D_A(fake)=0.06 gnG=48.51 gnD=2.71 it_per_s=7.29
2026-10-03 07:41:41,641 INFO iter=90400 epoch=13 lr=2.00e-04 G=7.381 advA2B=0.852 advB2A=0.920 cycA=0.185 cycB=0.194 idtA=0.165 idtB=0.200 D_A=0.030 D_B=0.044 D_A(real)=0.94 D_A(fake)=0.06 gnG=48.49 gnD=2.70 it_per_s=7.29
2026-10-03 07:41:55,327 INFO iter=90500 epoch=13 lr=2.00e-04 G=7.385 advA2B=0.854 advB2A=0.920 cycA=0.185 cycB=0.194 idtA=0.166 idtB=0.200 D_A=0.031 D_B=0.044 D_A(real)=0.94 D_A(fake)=0.06 gnG=48.40 gnD=2.70 it_per_s=7.29
2026-10-03 07:42:09,203 INFO iter=90600 epoch=13 lr=2.00e-04 G=7.384 advA2B=0.855 advB2A=0.921 cycA=0.184 cycB=0.194 idtA=0.166 idtB=0.200 D_A=0.031 D_B=0.044 D_A(real)=0.94 D_A(fake)=0.06 gnG=48.27 gnD=2.69 it_per_s=7.29
2026-10-03 07:42:22,756 INFO iter=90700 epoch=13 lr=2.00e-04 G=7.382 advA2B=0.856 advB2A=0.921 cycA=0.184 cycB=0.194 idtA=0.166 idtB=0.200 D_A=0.030 D_B=0.043 D_A(real)=0.94 D_A(fake)=0.06 gnG=48.10 gnD=2.67 it_per_s=7.29
2026-10-03 07:42:36,374 INFO iter=90800 epoch=13 lr=2.00e-04 G=7.382 advA2B=0.858 advB2A=0.921 cycA=0.184 cycB=0.194 idtA=0.166 idtB=0.200 D_A=0.030 D_B=0.043 D_A(real)=0.94 D_A(fake)=0.06 gnG=47.99 gnD=2.66 it_per_s=7.29
2026-10-03 07:42:50,051 INFO iter=90900 epoch=13 lr=2.00e-04 G=7.383 advA2B=0.860 advB2A=0.921 cycA=0.184 cycB=0.193 idtA=0.166 idtB=0.199 D_A=0.030 D_B=0.043 D_A(real)=0.94 D_A(fake)=0.06 gnG=47.81 gnD=2.65 it_per_s=7.29
2026-10-03 07:43:03,934 INFO iter=91000 epoch=13 lr=2.00e-04 G=7.379 advA2B=0.860 advB2A=0.921 cycA=0.184 cycB=0.193 idtA=0.166 idtB=0.199 D_A=0.030 D_B=0.042 D_A(real)=0.94 D_A(fake)=0.06 gnG=47.72 gnD=2.63 it_per_s=7.29
2026-10-03 07:43:17,875 INFO iter=91100 epoch=13 lr=2.00e-04 G=7.376 advA2B=0.861 advB2A=0.922 cycA=0.184 cycB=0.193 idtA=0.166 idtB=0.199 D_A=0.030 D_B=0.042 D_A(real)=0.94 D_A(fake)=0.06 gnG=47.63 gnD=2.61 it_per_s=7.29
2026-10-03 07:43:31,574 INFO iter=91200 epoch=13 lr=2.00e-04 G=7.374 advA2B=0.861 advB2A=0.922 cycA=0.184 cycB=0.193 idtA=0.166 idtB=0.199 D_A=0.030 D_B=0.042 D_A(real)=0.94 D_A(fake)=0.06 gnG=47.48 gnD=2.60 it_per_s=7.29
2026-10-03 07:43:45,193 INFO iter=91300 epoch=13 lr=2.00e-04 G=7.369 advA2B=0.861 advB2A=0.922 cycA=0.184 cycB=0.193 idtA=0.166 idtB=0.199 D_A=0.030 D_B=0.042 D_A(real)=0.94 D_A(fake)=0.06 gnG=47.36 gnD=2.60 it_per_s=7.29
2026-10-03 07:43:58,774 INFO iter=91400 epoch=13 lr=2.00e-04 G=7.366 advA2B=0.862 advB2A=0.922 cycA=0.184 cycB=0.193 idtA=0.166 idtB=0.198 D_A=0.030 D_B=0.042 D_A(real)=0.94 D_A(fake)=0.06 gnG=47.25 gnD=2.59 it_per_s=7.29
2026-10-03 07:44:11,551 INFO epoch=13 done time_s=965 it_per_s=7.29 G=7.359 cycA=0.184 cycB=0.192 idtA=0.166 idtB=0.198 D_A=0.030 D_B=0.042 D_A(real)=0.94 D_A(fake)=0.06 nan_count=0
2026-10-03 07:44:11,551 WARNING epoch=13 D_A (Monet) loss 0.0300 is near 0: possible discriminator overfitting
2026-10-03 07:44:12,953 INFO iter=91500 epoch=14 lr=2.00e-04 G=6.973 advA2B=0.702 advB2A=0.992 cycA=0.206 cycB=0.153 idtA=0.183 idtB=0.153 D_A=0.014 D_B=0.011 D_A(real)=0.96 D_A(fake)=0.06 gnG=40.79 gnD=2.55 it_per_s=6.88
2026-10-03 07:44:26,781 INFO iter=91600 epoch=14 lr=2.00e-04 G=8.432 advA2B=0.825 advB2A=0.941 cycA=0.211 cycB=0.236 idtA=0.172 idtB=0.266 D_A=0.020 D_B=0.040 D_A(real)=0.96 D_A(fake)=0.04 gnG=62.33 gnD=1.95 it_per_s=7.21
2026-10-03 07:44:40,375 INFO iter=91700 epoch=14 lr=2.00e-04 G=8.148 advA2B=0.834 advB2A=0.957 cycA=0.204 cycB=0.224 idtA=0.168 idtB=0.248 D_A=0.017 D_B=0.039 D_A(real)=0.96 D_A(fake)=0.04 gnG=51.62 gnD=1.88 it_per_s=7.28
2026-10-03 07:44:53,970 INFO iter=91800 epoch=14 lr=2.00e-04 G=7.977 advA2B=0.852 advB2A=0.963 cycA=0.203 cycB=0.213 idtA=0.168 idtB=0.233 D_A=0.016 D_B=0.041 D_A(real)=0.97 D_A(fake)=0.03 gnG=51.55 gnD=1.93 it_per_s=7.30
2026-10-03 07:45:07,548 INFO iter=91900 epoch=14 lr=2.00e-04 G=7.900 advA2B=0.850 advB2A=0.958 cycA=0.203 cycB=0.209 idtA=0.167 idtB=0.227 D_A=0.015 D_B=0.044 D_A(real)=0.97 D_A(fake)=0.03 gnG=50.56 gnD=1.97 it_per_s=7.32
2026-10-03 07:45:21,127 INFO iter=92000 epoch=14 lr=2.00e-04 G=7.847 advA2B=0.869 advB2A=0.963 cycA=0.201 cycB=0.206 idtA=0.166 idtB=0.223 D_A=0.016 D_B=0.043 D_A(real)=0.97 D_A(fake)=0.03 gnG=48.06 gnD=1.95 it_per_s=7.33
2026-10-03 07:45:34,696 INFO iter=92100 epoch=14 lr=2.00e-04 G=7.775 advA2B=0.872 advB2A=0.959 cycA=0.199 cycB=0.203 idtA=0.166 idtB=0.219 D_A=0.016 D_B=0.042 D_A(real)=0.97 D_A(fake)=0.03 gnG=46.56 gnD=1.92 it_per_s=7.34
2026-10-03 07:45:48,277 INFO iter=92200 epoch=14 lr=2.00e-04 G=7.653 advA2B=0.875 advB2A=0.940 cycA=0.196 cycB=0.199 idtA=0.166 idtB=0.212 D_A=0.018 D_B=0.041 D_A(real)=0.97 D_A(fake)=0.03 gnG=44.97 gnD=1.99 it_per_s=7.34
2026-10-03 07:46:02,070 INFO iter=92300 epoch=14 lr=2.00e-04 G=7.610 advA2B=0.883 advB2A=0.936 cycA=0.194 cycB=0.198 idtA=0.167 idtB=0.209 D_A=0.020 D_B=0.040 D_A(real)=0.96 D_A(fake)=0.04 gnG=44.50 gnD=2.02 it_per_s=7.33
2026-10-03 07:46:15,890 INFO iter=92400 epoch=14 lr=2.00e-04 G=7.574 advA2B=0.885 advB2A=0.933 cycA=0.193 cycB=0.196 idtA=0.167 idtB=0.206 D_A=0.021 D_B=0.039 D_A(real)=0.96 D_A(fake)=0.04 gnG=44.27 gnD=2.00 it_per_s=7.32
2026-10-03 07:46:29,502 INFO iter=92500 epoch=14 lr=2.00e-04 G=7.532 advA2B=0.887 advB2A=0.930 cycA=0.192 cycB=0.194 idtA=0.167 idtB=0.203 D_A=0.021 D_B=0.038 D_A(real)=0.96 D_A(fake)=0.04 gnG=43.67 gnD=1.99 it_per_s=7.32
2026-10-03 07:46:43,070 INFO iter=92600 epoch=14 lr=2.00e-04 G=7.498 advA2B=0.891 advB2A=0.934 cycA=0.191 cycB=0.193 idtA=0.166 idtB=0.201 D_A=0.021 D_B=0.036 D_A(real)=0.96 D_A(fake)=0.04 gnG=43.53 gnD=1.93 it_per_s=7.32
2026-10-03 07:46:56,710 INFO iter=92700 epoch=14 lr=2.00e-04 G=7.480 advA2B=0.898 advB2A=0.932 cycA=0.190 cycB=0.193 idtA=0.165 idtB=0.200 D_A=0.023 D_B=0.035 D_A(real)=0.96 D_A(fake)=0.04 gnG=46.51 gnD=1.96 it_per_s=7.33
2026-10-03 07:47:10,887 INFO iter=92800 epoch=14 lr=2.00e-04 G=7.451 advA2B=0.900 advB2A=0.928 cycA=0.188 cycB=0.192 idtA=0.165 idtB=0.199 D_A=0.023 D_B=0.034 D_A(real)=0.96 D_A(fake)=0.04 gnG=46.32 gnD=1.93 it_per_s=7.30
2026-10-03 07:47:24,439 INFO iter=92900 epoch=14 lr=2.00e-04 G=7.430 advA2B=0.902 advB2A=0.926 cycA=0.188 cycB=0.191 idtA=0.165 idtB=0.198 D_A=0.026 D_B=0.033 D_A(real)=0.95 D_A(fake)=0.05 gnG=46.57 gnD=1.95 it_per_s=7.31
2026-10-03 07:47:38,039 INFO iter=93000 epoch=14 lr=2.00e-04 G=7.392 advA2B=0.901 advB2A=0.925 cycA=0.186 cycB=0.190 idtA=0.165 idtB=0.197 D_A=0.027 D_B=0.033 D_A(real)=0.95 D_A(fake)=0.05 gnG=45.78 gnD=1.95 it_per_s=7.31
2026-10-03 07:47:51,731 INFO iter=93100 epoch=14 lr=2.00e-04 G=7.366 advA2B=0.903 advB2A=0.923 cycA=0.185 cycB=0.189 idtA=0.165 idtB=0.195 D_A=0.026 D_B=0.032 D_A(real)=0.95 D_A(fake)=0.05 gnG=44.97 gnD=1.95 it_per_s=7.31
2026-10-03 07:48:05,756 INFO iter=93200 epoch=14 lr=2.00e-04 G=7.348 advA2B=0.906 advB2A=0.920 cycA=0.185 cycB=0.188 idtA=0.165 idtB=0.194 D_A=0.027 D_B=0.032 D_A(real)=0.95 D_A(fake)=0.05 gnG=44.37 gnD=1.97 it_per_s=7.30
2026-10-03 07:48:19,419 INFO iter=93300 epoch=14 lr=2.00e-04 G=7.317 advA2B=0.903 advB2A=0.920 cycA=0.184 cycB=0.187 idtA=0.164 idtB=0.192 D_A=0.028 D_B=0.033 D_A(real)=0.95 D_A(fake)=0.05 gnG=43.86 gnD=2.02 it_per_s=7.30
2026-10-03 07:48:33,001 INFO iter=93400 epoch=14 lr=2.00e-04 G=7.292 advA2B=0.902 advB2A=0.918 cycA=0.183 cycB=0.187 idtA=0.164 idtB=0.191 D_A=0.028 D_B=0.033 D_A(real)=0.95 D_A(fake)=0.05 gnG=43.15 gnD=2.01 it_per_s=7.30
2026-10-03 07:48:46,660 INFO iter=93500 epoch=14 lr=2.00e-04 G=7.274 advA2B=0.903 advB2A=0.920 cycA=0.182 cycB=0.186 idtA=0.164 idtB=0.190 D_A=0.028 D_B=0.033 D_A(real)=0.95 D_A(fake)=0.05 gnG=42.64 gnD=2.01 it_per_s=7.31
2026-10-03 07:49:00,333 INFO iter=93600 epoch=14 lr=2.00e-04 G=7.247 advA2B=0.901 advB2A=0.917 cycA=0.182 cycB=0.185 idtA=0.164 idtB=0.189 D_A=0.029 D_B=0.034 D_A(real)=0.95 D_A(fake)=0.05 gnG=42.17 gnD=2.02 it_per_s=7.31
2026-10-03 07:49:13,892 INFO iter=93700 epoch=14 lr=2.00e-04 G=7.233 advA2B=0.901 advB2A=0.915 cycA=0.181 cycB=0.185 idtA=0.164 idtB=0.188 D_A=0.029 D_B=0.034 D_A(real)=0.94 D_A(fake)=0.06 gnG=41.86 gnD=2.04 it_per_s=7.31
2026-10-03 07:49:27,500 INFO iter=93800 epoch=14 lr=2.00e-04 G=7.236 advA2B=0.900 advB2A=0.914 cycA=0.181 cycB=0.185 idtA=0.164 idtB=0.188 D_A=0.031 D_B=0.034 D_A(real)=0.94 D_A(fake)=0.06 gnG=41.65 gnD=2.08 it_per_s=7.31
2026-10-03 07:49:41,057 INFO iter=93900 epoch=14 lr=2.00e-04 G=7.226 advA2B=0.900 advB2A=0.913 cycA=0.181 cycB=0.185 idtA=0.164 idtB=0.188 D_A=0.031 D_B=0.035 D_A(real)=0.94 D_A(fake)=0.06 gnG=41.41 gnD=2.08 it_per_s=7.31
2026-10-03 07:49:54,618 INFO iter=94000 epoch=14 lr=2.00e-04 G=7.227 advA2B=0.899 advB2A=0.912 cycA=0.181 cycB=0.185 idtA=0.164 idtB=0.188 D_A=0.030 D_B=0.035 D_A(real)=0.94 D_A(fake)=0.06 gnG=41.42 gnD=2.07 it_per_s=7.32
2026-10-03 07:50:08,215 INFO iter=94100 epoch=14 lr=2.00e-04 G=7.209 advA2B=0.899 advB2A=0.911 cycA=0.180 cycB=0.185 idtA=0.164 idtB=0.187 D_A=0.030 D_B=0.034 D_A(real)=0.94 D_A(fake)=0.06 gnG=41.04 gnD=2.08 it_per_s=7.32
2026-10-03 07:50:21,780 INFO iter=94200 epoch=14 lr=2.00e-04 G=7.197 advA2B=0.898 advB2A=0.911 cycA=0.179 cycB=0.184 idtA=0.164 idtB=0.187 D_A=0.030 D_B=0.035 D_A(real)=0.94 D_A(fake)=0.06 gnG=40.85 gnD=2.10 it_per_s=7.32
2026-10-03 07:50:35,345 INFO iter=94300 epoch=14 lr=2.00e-04 G=7.193 advA2B=0.898 advB2A=0.910 cycA=0.179 cycB=0.184 idtA=0.163 idtB=0.186 D_A=0.031 D_B=0.035 D_A(real)=0.94 D_A(fake)=0.06 gnG=40.83 gnD=2.12 it_per_s=7.32
2026-10-03 07:50:48,918 INFO iter=94400 epoch=14 lr=2.00e-04 G=7.178 advA2B=0.894 advB2A=0.911 cycA=0.179 cycB=0.184 idtA=0.163 idtB=0.186 D_A=0.031 D_B=0.036 D_A(real)=0.94 D_A(fake)=0.06 gnG=40.60 gnD=2.17 it_per_s=7.32
2026-10-03 07:51:02,481 INFO iter=94500 epoch=14 lr=2.00e-04 G=7.169 advA2B=0.892 advB2A=0.910 cycA=0.179 cycB=0.184 idtA=0.163 idtB=0.186 D_A=0.031 D_B=0.036 D_A(real)=0.94 D_A(fake)=0.06 gnG=40.62 gnD=2.19 it_per_s=7.32
2026-10-03 07:51:16,801 INFO iter=94600 epoch=14 lr=2.00e-04 G=7.188 advA2B=0.890 advB2A=0.912 cycA=0.179 cycB=0.184 idtA=0.163 idtB=0.187 D_A=0.031 D_B=0.037 D_A(real)=0.94 D_A(fake)=0.06 gnG=40.85 gnD=2.19 it_per_s=7.31
2026-10-03 07:51:30,770 INFO iter=94700 epoch=14 lr=2.00e-04 G=7.183 advA2B=0.888 advB2A=0.913 cycA=0.179 cycB=0.184 idtA=0.163 idtB=0.186 D_A=0.031 D_B=0.037 D_A(real)=0.94 D_A(fake)=0.06 gnG=40.81 gnD=2.21 it_per_s=7.31
2026-10-03 07:51:44,579 INFO iter=94800 epoch=14 lr=2.00e-04 G=7.174 advA2B=0.888 advB2A=0.914 cycA=0.179 cycB=0.183 idtA=0.163 idtB=0.186 D_A=0.030 D_B=0.038 D_A(real)=0.94 D_A(fake)=0.06 gnG=40.69 gnD=2.23 it_per_s=7.31
2026-10-03 07:51:58,183 INFO iter=94900 epoch=14 lr=2.00e-04 G=7.169 advA2B=0.885 advB2A=0.915 cycA=0.179 cycB=0.183 idtA=0.163 idtB=0.186 D_A=0.030 D_B=0.038 D_A(real)=0.94 D_A(fake)=0.06 gnG=40.74 gnD=2.24 it_per_s=7.31
2026-10-03 07:52:11,885 INFO iter=95000 epoch=14 lr=2.00e-04 G=7.157 advA2B=0.884 advB2A=0.916 cycA=0.179 cycB=0.183 idtA=0.163 idtB=0.185 D_A=0.030 D_B=0.038 D_A(real)=0.94 D_A(fake)=0.06 gnG=40.76 gnD=2.25 it_per_s=7.31
2026-10-03 07:52:25,478 INFO iter=95100 epoch=14 lr=2.00e-04 G=7.170 advA2B=0.883 advB2A=0.918 cycA=0.179 cycB=0.183 idtA=0.163 idtB=0.186 D_A=0.029 D_B=0.038 D_A(real)=0.94 D_A(fake)=0.06 gnG=40.77 gnD=2.26 it_per_s=7.31
2026-10-03 07:52:39,176 INFO iter=95200 epoch=14 lr=2.00e-04 G=7.174 advA2B=0.884 advB2A=0.918 cycA=0.179 cycB=0.183 idtA=0.163 idtB=0.186 D_A=0.029 D_B=0.038 D_A(real)=0.94 D_A(fake)=0.06 gnG=40.60 gnD=2.27 it_per_s=7.31
2026-10-03 07:52:53,139 INFO iter=95300 epoch=14 lr=2.00e-04 G=7.177 advA2B=0.885 advB2A=0.919 cycA=0.179 cycB=0.183 idtA=0.164 idtB=0.186 D_A=0.029 D_B=0.038 D_A(real)=0.94 D_A(fake)=0.06 gnG=40.66 gnD=2.27 it_per_s=7.30
2026-10-03 07:53:07,191 INFO iter=95400 epoch=14 lr=2.00e-04 G=7.182 advA2B=0.879 advB2A=0.919 cycA=0.180 cycB=0.183 idtA=0.164 idtB=0.187 D_A=0.029 D_B=0.039 D_A(real)=0.94 D_A(fake)=0.05 gnG=40.74 gnD=2.27 it_per_s=7.30
2026-10-03 07:53:21,260 INFO iter=95500 epoch=14 lr=2.00e-04 G=7.171 advA2B=0.877 advB2A=0.919 cycA=0.179 cycB=0.183 idtA=0.164 idtB=0.186 D_A=0.029 D_B=0.039 D_A(real)=0.95 D_A(fake)=0.05 gnG=40.76 gnD=2.28 it_per_s=7.29
2026-10-03 07:53:35,405 INFO iter=95600 epoch=14 lr=2.00e-04 G=7.162 advA2B=0.876 advB2A=0.920 cycA=0.179 cycB=0.183 idtA=0.164 idtB=0.186 D_A=0.029 D_B=0.039 D_A(real)=0.95 D_A(fake)=0.05 gnG=40.65 gnD=2.29 it_per_s=7.29
2026-10-03 07:53:49,485 INFO iter=95700 epoch=14 lr=2.00e-04 G=7.152 advA2B=0.876 advB2A=0.919 cycA=0.179 cycB=0.182 idtA=0.163 idtB=0.186 D_A=0.028 D_B=0.040 D_A(real)=0.95 D_A(fake)=0.05 gnG=40.78 gnD=2.30 it_per_s=7.28
2026-10-03 07:54:03,215 INFO iter=95800 epoch=14 lr=2.00e-04 G=7.147 advA2B=0.874 advB2A=0.919 cycA=0.179 cycB=0.182 idtA=0.163 idtB=0.186 D_A=0.029 D_B=0.040 D_A(real)=0.94 D_A(fake)=0.05 gnG=40.92 gnD=2.34 it_per_s=7.28
2026-10-03 07:54:16,812 INFO iter=95900 epoch=14 lr=2.00e-04 G=7.149 advA2B=0.874 advB2A=0.919 cycA=0.179 cycB=0.182 idtA=0.163 idtB=0.186 D_A=0.029 D_B=0.040 D_A(real)=0.94 D_A(fake)=0.05 gnG=41.07 gnD=2.35 it_per_s=7.29
2026-10-03 07:54:30,497 INFO iter=96000 epoch=14 lr=2.00e-04 G=7.157 advA2B=0.875 advB2A=0.920 cycA=0.179 cycB=0.183 idtA=0.163 idtB=0.187 D_A=0.029 D_B=0.041 D_A(real)=0.94 D_A(fake)=0.05 gnG=41.34 gnD=2.36 it_per_s=7.29
2026-10-03 07:54:44,164 INFO iter=96100 epoch=14 lr=2.00e-04 G=7.157 advA2B=0.876 advB2A=0.920 cycA=0.179 cycB=0.182 idtA=0.163 idtB=0.187 D_A=0.029 D_B=0.040 D_A(real)=0.94 D_A(fake)=0.05 gnG=41.23 gnD=2.35 it_per_s=7.29
2026-10-03 07:54:57,868 INFO iter=96200 epoch=14 lr=2.00e-04 G=7.153 advA2B=0.876 advB2A=0.921 cycA=0.179 cycB=0.182 idtA=0.163 idtB=0.186 D_A=0.029 D_B=0.040 D_A(real)=0.95 D_A(fake)=0.05 gnG=41.06 gnD=2.33 it_per_s=7.29
2026-10-03 07:55:11,505 INFO iter=96300 epoch=14 lr=2.00e-04 G=7.158 advA2B=0.876 advB2A=0.921 cycA=0.179 cycB=0.182 idtA=0.163 idtB=0.187 D_A=0.029 D_B=0.040 D_A(real)=0.95 D_A(fake)=0.05 gnG=41.12 gnD=2.32 it_per_s=7.29
2026-10-03 07:55:25,077 INFO iter=96400 epoch=14 lr=2.00e-04 G=7.155 advA2B=0.877 advB2A=0.922 cycA=0.179 cycB=0.182 idtA=0.163 idtB=0.187 D_A=0.029 D_B=0.039 D_A(real)=0.95 D_A(fake)=0.05 gnG=40.99 gnD=2.31 it_per_s=7.29
2026-10-03 07:55:38,648 INFO iter=96500 epoch=14 lr=2.00e-04 G=7.154 advA2B=0.877 advB2A=0.922 cycA=0.179 cycB=0.182 idtA=0.163 idtB=0.187 D_A=0.028 D_B=0.039 D_A(real)=0.95 D_A(fake)=0.05 gnG=40.99 gnD=2.30 it_per_s=7.29
2026-10-03 07:55:52,215 INFO iter=96600 epoch=14 lr=2.00e-04 G=7.151 advA2B=0.876 advB2A=0.922 cycA=0.179 cycB=0.182 idtA=0.163 idtB=0.187 D_A=0.028 D_B=0.039 D_A(real)=0.95 D_A(fake)=0.05 gnG=40.86 gnD=2.31 it_per_s=7.29
2026-10-03 07:56:05,941 INFO iter=96700 epoch=14 lr=2.00e-04 G=7.149 advA2B=0.876 advB2A=0.922 cycA=0.179 cycB=0.182 idtA=0.163 idtB=0.187 D_A=0.028 D_B=0.040 D_A(real)=0.95 D_A(fake)=0.05 gnG=40.98 gnD=2.31 it_per_s=7.29
2026-10-03 07:56:20,079 INFO iter=96800 epoch=14 lr=2.00e-04 G=7.145 advA2B=0.876 advB2A=0.922 cycA=0.178 cycB=0.182 idtA=0.163 idtB=0.186 D_A=0.028 D_B=0.039 D_A(real)=0.95 D_A(fake)=0.05 gnG=41.10 gnD=2.31 it_per_s=7.29
2026-10-03 07:56:34,340 INFO iter=96900 epoch=14 lr=2.00e-04 G=7.144 advA2B=0.876 advB2A=0.922 cycA=0.178 cycB=0.182 idtA=0.163 idtB=0.186 D_A=0.028 D_B=0.039 D_A(real)=0.95 D_A(fake)=0.05 gnG=41.20 gnD=2.32 it_per_s=7.28
2026-10-03 07:56:48,025 INFO iter=97000 epoch=14 lr=2.00e-04 G=7.145 advA2B=0.874 advB2A=0.923 cycA=0.178 cycB=0.182 idtA=0.163 idtB=0.187 D_A=0.028 D_B=0.039 D_A(real)=0.95 D_A(fake)=0.05 gnG=41.13 gnD=2.32 it_per_s=7.28
2026-10-03 07:57:02,168 INFO iter=97100 epoch=14 lr=2.00e-04 G=7.151 advA2B=0.872 advB2A=0.923 cycA=0.178 cycB=0.182 idtA=0.163 idtB=0.187 D_A=0.028 D_B=0.040 D_A(real)=0.95 D_A(fake)=0.05 gnG=42.05 gnD=2.33 it_per_s=7.28
2026-10-03 07:57:16,370 INFO iter=97200 epoch=14 lr=2.00e-04 G=7.157 advA2B=0.873 advB2A=0.923 cycA=0.178 cycB=0.183 idtA=0.163 idtB=0.188 D_A=0.028 D_B=0.040 D_A(real)=0.95 D_A(fake)=0.05 gnG=42.06 gnD=2.33 it_per_s=7.28
2026-10-03 07:57:30,476 INFO iter=97300 epoch=14 lr=2.00e-04 G=7.157 advA2B=0.874 advB2A=0.923 cycA=0.178 cycB=0.183 idtA=0.162 idtB=0.188 D_A=0.028 D_B=0.040 D_A(real)=0.95 D_A(fake)=0.05 gnG=42.17 gnD=2.32 it_per_s=7.27
2026-10-03 07:57:44,607 INFO iter=97400 epoch=14 lr=2.00e-04 G=7.168 advA2B=0.875 advB2A=0.923 cycA=0.179 cycB=0.183 idtA=0.163 idtB=0.188 D_A=0.028 D_B=0.040 D_A(real)=0.95 D_A(fake)=0.05 gnG=42.56 gnD=2.32 it_per_s=7.27
2026-10-03 07:57:58,660 INFO iter=97500 epoch=14 lr=2.00e-04 G=7.174 advA2B=0.872 advB2A=0.922 cycA=0.179 cycB=0.183 idtA=0.163 idtB=0.189 D_A=0.028 D_B=0.040 D_A(real)=0.95 D_A(fake)=0.05 gnG=42.94 gnD=2.32 it_per_s=7.27
2026-10-03 07:58:12,433 INFO iter=97600 epoch=14 lr=2.00e-04 G=7.180 advA2B=0.873 advB2A=0.922 cycA=0.179 cycB=0.184 idtA=0.163 idtB=0.189 D_A=0.028 D_B=0.040 D_A(real)=0.95 D_A(fake)=0.05 gnG=43.23 gnD=2.32 it_per_s=7.27
2026-10-03 07:58:26,308 INFO iter=97700 epoch=14 lr=2.00e-04 G=7.178 advA2B=0.873 advB2A=0.922 cycA=0.179 cycB=0.184 idtA=0.163 idtB=0.189 D_A=0.028 D_B=0.040 D_A(real)=0.95 D_A(fake)=0.05 gnG=43.90 gnD=2.32 it_per_s=7.26
2026-10-03 07:58:40,577 INFO iter=97800 epoch=14 lr=2.00e-04 G=7.204 advA2B=0.875 advB2A=0.922 cycA=0.180 cycB=0.185 idtA=0.163 idtB=0.190 D_A=0.028 D_B=0.039 D_A(real)=0.95 D_A(fake)=0.05 gnG=43.90 gnD=2.31 it_per_s=7.26
2026-10-03 07:58:54,401 INFO iter=97900 epoch=14 lr=2.00e-04 G=7.226 advA2B=0.876 advB2A=0.923 cycA=0.180 cycB=0.186 idtA=0.163 idtB=0.191 D_A=0.028 D_B=0.039 D_A(real)=0.95 D_A(fake)=0.05 gnG=43.95 gnD=2.31 it_per_s=7.26
2026-10-03 07:59:08,139 INFO iter=98000 epoch=14 lr=2.00e-04 G=7.231 advA2B=0.877 advB2A=0.922 cycA=0.180 cycB=0.186 idtA=0.163 idtB=0.192 D_A=0.028 D_B=0.039 D_A(real)=0.95 D_A(fake)=0.05 gnG=43.99 gnD=2.31 it_per_s=7.26
2026-10-03 07:59:21,776 INFO iter=98100 epoch=14 lr=2.00e-04 G=7.235 advA2B=0.876 advB2A=0.923 cycA=0.180 cycB=0.186 idtA=0.163 idtB=0.192 D_A=0.028 D_B=0.039 D_A(real)=0.95 D_A(fake)=0.05 gnG=44.01 gnD=2.31 it_per_s=7.26
2026-10-03 07:59:35,348 INFO iter=98200 epoch=14 lr=2.00e-04 G=7.245 advA2B=0.877 advB2A=0.922 cycA=0.181 cycB=0.186 idtA=0.163 idtB=0.192 D_A=0.028 D_B=0.039 D_A(real)=0.95 D_A(fake)=0.05 gnG=44.29 gnD=2.32 it_per_s=7.26
2026-10-03 07:59:48,860 INFO iter=98300 epoch=14 lr=2.00e-04 G=7.275 advA2B=0.877 advB2A=0.923 cycA=0.181 cycB=0.187 idtA=0.163 idtB=0.194 D_A=0.028 D_B=0.039 D_A(real)=0.95 D_A(fake)=0.05 gnG=44.32 gnD=2.31 it_per_s=7.27
2026-10-03 08:00:02,503 INFO iter=98400 epoch=14 lr=2.00e-04 G=7.295 advA2B=0.876 advB2A=0.924 cycA=0.182 cycB=0.188 idtA=0.163 idtB=0.196 D_A=0.028 D_B=0.039 D_A(real)=0.95 D_A(fake)=0.05 gnG=44.24 gnD=2.31 it_per_s=7.27
2026-10-03 08:00:16,103 INFO iter=98500 epoch=14 lr=2.00e-04 G=7.317 advA2B=0.875 advB2A=0.924 cycA=0.182 cycB=0.189 idtA=0.164 idtB=0.197 D_A=0.028 D_B=0.039 D_A(real)=0.95 D_A(fake)=0.05 gnG=44.37 gnD=2.31 it_per_s=7.27
2026-10-03 08:00:20,425 INFO epoch=14 done time_s=968 it_per_s=7.27 G=7.323 cycA=0.182 cycB=0.189 idtA=0.164 idtB=0.198 D_A=0.027 D_B=0.039 D_A(real)=0.95 D_A(fake)=0.05 nan_count=0
2026-10-03 08:00:20,425 WARNING epoch=14 D_A (Monet) loss 0.0274 is near 0: possible discriminator overfitting
2026-10-03 08:00:30,409 INFO iter=98600 epoch=15 lr=2.00e-04 G=7.869 advA2B=0.944 advB2A=0.947 cycA=0.197 cycB=0.202 idtA=0.166 idtB=0.230 D_A=0.018 D_B=0.028 D_A(real)=0.97 D_A(fake)=0.03 gnG=35.59 gnD=1.72 it_per_s=7.21
2026-10-03 08:00:44,271 INFO iter=98700 epoch=15 lr=2.00e-04 G=7.818 advA2B=0.916 advB2A=0.943 cycA=0.203 cycB=0.196 idtA=0.171 idtB=0.222 D_A=0.016 D_B=0.027 D_A(real)=0.97 D_A(fake)=0.03 gnG=55.78 gnD=1.86 it_per_s=7.21
2026-10-03 08:00:57,956 INFO iter=98800 epoch=15 lr=2.00e-04 G=7.985 advA2B=0.923 advB2A=0.931 cycA=0.206 cycB=0.204 idtA=0.171 idtB=0.235 D_A=0.026 D_B=0.028 D_A(real)=0.95 D_A(fake)=0.05 gnG=48.89 gnD=2.02 it_per_s=7.25
2026-10-03 08:01:11,628 INFO iter=98900 epoch=15 lr=2.00e-04 G=7.947 advA2B=0.939 advB2A=0.920 cycA=0.203 cycB=0.204 idtA=0.170 idtB=0.234 D_A=0.028 D_B=0.025 D_A(real)=0.95 D_A(fake)=0.05 gnG=46.02 gnD=1.89 it_per_s=7.27
2026-10-03 08:01:25,302 INFO iter=99000 epoch=15 lr=2.00e-04 G=7.870 advA2B=0.941 advB2A=0.930 cycA=0.200 cycB=0.201 idtA=0.168 idtB=0.229 D_A=0.025 D_B=0.022 D_A(real)=0.95 D_A(fake)=0.05 gnG=47.04 gnD=1.74 it_per_s=7.28
2026-10-03 08:01:39,035 INFO iter=99100 epoch=15 lr=2.00e-04 G=7.827 advA2B=0.934 advB2A=0.923 cycA=0.197 cycB=0.202 idtA=0.168 idtB=0.228 D_A=0.027 D_B=0.024 D_A(real)=0.95 D_A(fake)=0.05 gnG=46.17 gnD=1.81 it_per_s=7.28
2026-10-03 08:01:52,710 INFO iter=99200 epoch=15 lr=2.00e-04 G=7.690 advA2B=0.929 advB2A=0.902 cycA=0.194 cycB=0.198 idtA=0.167 idtB=0.221 D_A=0.030 D_B=0.023 D_A(real)=0.94 D_A(fake)=0.06 gnG=45.34 gnD=1.87 it_per_s=7.28
2026-10-03 08:02:06,374 INFO iter=99300 epoch=15 lr=2.00e-04 G=7.636 advA2B=0.926 advB2A=0.897 cycA=0.192 cycB=0.197 idtA=0.166 idtB=0.219 D_A=0.030 D_B=0.023 D_A(real)=0.94 D_A(fake)=0.06 gnG=43.47 gnD=1.87 it_per_s=7.29
2026-10-03 08:02:19,989 INFO iter=99400 epoch=15 lr=2.00e-04 G=7.590 advA2B=0.928 advB2A=0.891 cycA=0.190 cycB=0.196 idtA=0.166 idtB=0.216 D_A=0.031 D_B=0.023 D_A(real)=0.94 D_A(fake)=0.06 gnG=42.82 gnD=1.91 it_per_s=7.29
2026-10-03 08:02:33,653 INFO iter=99500 epoch=15 lr=2.00e-04 G=7.549 advA2B=0.921 advB2A=0.895 cycA=0.188 cycB=0.196 idtA=0.165 idtB=0.215 D_A=0.033 D_B=0.024 D_A(real)=0.94 D_A(fake)=0.06 gnG=41.96 gnD=2.00 it_per_s=7.30
2026-10-03 08:02:47,454 INFO iter=99600 epoch=15 lr=2.00e-04 G=7.572 advA2B=0.920 advB2A=0.899 cycA=0.189 cycB=0.196 idtA=0.166 idtB=0.215 D_A=0.036 D_B=0.024 D_A(real)=0.93 D_A(fake)=0.07 gnG=43.50 gnD=2.05 it_per_s=7.29
2026-10-03 08:03:01,236 INFO iter=99700 epoch=15 lr=2.00e-04 G=7.563 advA2B=0.917 advB2A=0.900 cycA=0.189 cycB=0.196 idtA=0.166 idtB=0.214 D_A=0.035 D_B=0.024 D_A(real)=0.93 D_A(fake)=0.07 gnG=42.78 gnD=2.05 it_per_s=7.29
2026-10-03 08:03:14,870 INFO iter=99800 epoch=15 lr=2.00e-04 G=7.530 advA2B=0.916 advB2A=0.900 cycA=0.188 cycB=0.195 idtA=0.165 idtB=0.213 D_A=0.035 D_B=0.025 D_A(real)=0.93 D_A(fake)=0.07 gnG=41.81 gnD=2.06 it_per_s=7.29
2026-10-03 08:03:28,830 INFO iter=99900 epoch=15 lr=2.00e-04 G=7.503 advA2B=0.920 advB2A=0.901 cycA=0.186 cycB=0.194 idtA=0.165 idtB=0.211 D_A=0.034 D_B=0.025 D_A(real)=0.93 D_A(fake)=0.06 gnG=41.18 gnD=2.03 it_per_s=7.28
2026-10-03 08:03:42,700 INFO iter=100000 epoch=15 lr=2.00e-04 G=7.481 advA2B=0.915 advB2A=0.902 cycA=0.186 cycB=0.193 idtA=0.164 idtB=0.210 D_A=0.035 D_B=0.025 D_A(real)=0.93 D_A(fake)=0.07 gnG=40.66 gnD=2.06 it_per_s=7.28
2026-10-03 08:03:56,422 INFO iter=100100 epoch=15 lr=2.00e-04 G=7.445 advA2B=0.913 advB2A=0.902 cycA=0.185 cycB=0.192 idtA=0.164 idtB=0.209 D_A=0.034 D_B=0.026 D_A(real)=0.93 D_A(fake)=0.06 gnG=40.92 gnD=2.05 it_per_s=7.28
2026-10-03 08:04:10,086 INFO iter=100200 epoch=15 lr=2.00e-04 G=7.433 advA2B=0.911 advB2A=0.902 cycA=0.184 cycB=0.192 idtA=0.164 idtB=0.208 D_A=0.033 D_B=0.026 D_A(real)=0.94 D_A(fake)=0.06 gnG=40.29 gnD=2.05 it_per_s=7.28
2026-10-03 08:04:23,765 INFO iter=100300 epoch=15 lr=2.00e-04 G=7.408 advA2B=0.908 advB2A=0.901 cycA=0.183 cycB=0.191 idtA=0.164 idtB=0.206 D_A=0.033 D_B=0.026 D_A(real)=0.94 D_A(fake)=0.06 gnG=40.14 gnD=2.07 it_per_s=7.28
2026-10-03 08:04:37,483 INFO iter=100400 epoch=15 lr=2.00e-04 G=7.397 advA2B=0.906 advB2A=0.906 cycA=0.183 cycB=0.191 idtA=0.164 idtB=0.206 D_A=0.033 D_B=0.027 D_A(real)=0.94 D_A(fake)=0.06 gnG=39.80 gnD=2.09 it_per_s=7.28
2026-10-03 08:04:51,105 INFO iter=100500 epoch=15 lr=2.00e-04 G=7.376 advA2B=0.905 advB2A=0.906 cycA=0.182 cycB=0.190 idtA=0.163 idtB=0.205 D_A=0.033 D_B=0.028 D_A(real)=0.94 D_A(fake)=0.06 gnG=39.73 gnD=2.10 it_per_s=7.29
2026-10-03 08:05:04,691 INFO iter=100600 epoch=15 lr=2.00e-04 G=7.357 advA2B=0.908 advB2A=0.906 cycA=0.182 cycB=0.189 idtA=0.163 idtB=0.203 D_A=0.032 D_B=0.028 D_A(real)=0.94 D_A(fake)=0.06 gnG=39.67 gnD=2.10 it_per_s=7.29
2026-10-03 08:05:18,272 INFO iter=100700 epoch=15 lr=2.00e-04 G=7.340 advA2B=0.909 advB2A=0.904 cycA=0.181 cycB=0.189 idtA=0.163 idtB=0.202 D_A=0.033 D_B=0.028 D_A(real)=0.94 D_A(fake)=0.06 gnG=39.36 gnD=2.09 it_per_s=7.29
2026-10-03 08:05:31,800 INFO iter=100800 epoch=15 lr=2.00e-04 G=7.372 advA2B=0.908 advB2A=0.904 cycA=0.182 cycB=0.191 idtA=0.163 idtB=0.204 D_A=0.032 D_B=0.028 D_A(real)=0.94 D_A(fake)=0.06 gnG=42.61 gnD=2.12 it_per_s=7.30
2026-10-03 08:05:45,353 INFO iter=100900 epoch=15 lr=2.00e-04 G=7.404 advA2B=0.907 advB2A=0.902 cycA=0.183 cycB=0.192 idtA=0.164 idtB=0.206 D_A=0.033 D_B=0.029 D_A(real)=0.94 D_A(fake)=0.06 gnG=42.92 gnD=2.14 it_per_s=7.30
2026-10-03 08:05:58,910 INFO iter=101000 epoch=15 lr=2.00e-04 G=7.410 advA2B=0.906 advB2A=0.902 cycA=0.184 cycB=0.192 idtA=0.164 idtB=0.205 D_A=0.033 D_B=0.029 D_A(real)=0.94 D_A(fake)=0.06 gnG=42.77 gnD=2.16 it_per_s=7.30
2026-10-03 08:06:12,467 INFO iter=101100 epoch=15 lr=2.00e-04 G=7.461 advA2B=0.905 advB2A=0.899 cycA=0.185 cycB=0.194 idtA=0.165 idtB=0.209 D_A=0.033 D_B=0.030 D_A(real)=0.94 D_A(fake)=0.06 gnG=44.79 gnD=2.16 it_per_s=7.31
2026-10-03 08:06:26,092 INFO iter=101200 epoch=15 lr=2.00e-04 G=7.469 advA2B=0.904 advB2A=0.900 cycA=0.186 cycB=0.194 idtA=0.165 idtB=0.210 D_A=0.033 D_B=0.030 D_A(real)=0.94 D_A(fake)=0.06 gnG=45.13 gnD=2.16 it_per_s=7.31
2026-10-03 08:06:40,101 INFO iter=101300 epoch=15 lr=2.00e-04 G=7.474 advA2B=0.906 advB2A=0.900 cycA=0.186 cycB=0.194 idtA=0.165 idtB=0.210 D_A=0.033 D_B=0.029 D_A(real)=0.94 D_A(fake)=0.06 gnG=45.12 gnD=2.14 it_per_s=7.30
2026-10-03 08:06:53,811 INFO iter=101400 epoch=15 lr=2.00e-04 G=7.467 advA2B=0.908 advB2A=0.901 cycA=0.185 cycB=0.194 idtA=0.165 idtB=0.210 D_A=0.033 D_B=0.029 D_A(real)=0.94 D_A(fake)=0.06 gnG=44.80 gnD=2.12 it_per_s=7.30
2026-10-03 08:07:07,381 INFO iter=101500 epoch=15 lr=2.00e-04 G=7.459 advA2B=0.909 advB2A=0.900 cycA=0.185 cycB=0.193 idtA=0.165 idtB=0.209 D_A=0.032 D_B=0.029 D_A(real)=0.94 D_A(fake)=0.06 gnG=44.42 gnD=2.11 it_per_s=7.30
2026-10-03 08:07:21,029 INFO iter=101600 epoch=15 lr=2.00e-04 G=7.444 advA2B=0.909 advB2A=0.898 cycA=0.184 cycB=0.193 idtA=0.164 idtB=0.209 D_A=0.033 D_B=0.028 D_A(real)=0.94 D_A(fake)=0.06 gnG=44.24 gnD=2.11 it_per_s=7.30
2026-10-03 08:07:34,738 INFO iter=101700 epoch=15 lr=2.00e-04 G=7.494 advA2B=0.910 advB2A=0.899 cycA=0.185 cycB=0.195 idtA=0.165 idtB=0.212 D_A=0.032 D_B=0.028 D_A(real)=0.94 D_A(fake)=0.06 gnG=45.26 gnD=2.10 it_per_s=7.30
2026-10-03 08:07:48,367 INFO iter=101800 epoch=15 lr=2.00e-04 G=7.506 advA2B=0.912 advB2A=0.900 cycA=0.185 cycB=0.196 idtA=0.165 idtB=0.213 D_A=0.032 D_B=0.028 D_A(real)=0.94 D_A(fake)=0.06 gnG=45.15 gnD=2.09 it_per_s=7.30
2026-10-03 08:08:01,956 INFO iter=101900 epoch=15 lr=2.00e-04 G=7.501 advA2B=0.913 advB2A=0.900 cycA=0.185 cycB=0.195 idtA=0.165 idtB=0.213 D_A=0.032 D_B=0.027 D_A(real)=0.94 D_A(fake)=0.06 gnG=45.12 gnD=2.09 it_per_s=7.31
2026-10-03 08:08:15,991 INFO iter=102000 epoch=15 lr=2.00e-04 G=7.496 advA2B=0.915 advB2A=0.899 cycA=0.184 cycB=0.195 idtA=0.165 idtB=0.213 D_A=0.033 D_B=0.027 D_A(real)=0.94 D_A(fake)=0.06 gnG=44.81 gnD=2.08 it_per_s=7.30
2026-10-03 08:08:29,560 INFO iter=102100 epoch=15 lr=2.00e-04 G=7.485 advA2B=0.916 advB2A=0.898 cycA=0.184 cycB=0.195 idtA=0.165 idtB=0.212 D_A=0.033 D_B=0.027 D_A(real)=0.94 D_A(fake)=0.06 gnG=44.52 gnD=2.08 it_per_s=7.30
2026-10-03 08:08:43,113 INFO iter=102200 epoch=15 lr=2.00e-04 G=7.475 advA2B=0.917 advB2A=0.897 cycA=0.184 cycB=0.194 idtA=0.164 idtB=0.211 D_A=0.033 D_B=0.026 D_A(real)=0.94 D_A(fake)=0.06 gnG=44.19 gnD=2.08 it_per_s=7.30
2026-10-03 08:08:56,837 INFO iter=102300 epoch=15 lr=2.00e-04 G=7.468 advA2B=0.919 advB2A=0.898 cycA=0.184 cycB=0.194 idtA=0.164 idtB=0.211 D_A=0.034 D_B=0.026 D_A(real)=0.94 D_A(fake)=0.06 gnG=44.18 gnD=2.08 it_per_s=7.30
2026-10-03 08:09:10,569 INFO iter=102400 epoch=15 lr=2.00e-04 G=7.464 advA2B=0.919 advB2A=0.899 cycA=0.183 cycB=0.194 idtA=0.164 idtB=0.210 D_A=0.033 D_B=0.026 D_A(real)=0.94 D_A(fake)=0.06 gnG=43.89 gnD=2.07 it_per_s=7.30
2026-10-03 08:09:24,273 INFO iter=102500 epoch=15 lr=2.00e-04 G=7.449 advA2B=0.920 advB2A=0.900 cycA=0.183 cycB=0.193 idtA=0.164 idtB=0.210 D_A=0.033 D_B=0.026 D_A(real)=0.94 D_A(fake)=0.06 gnG=43.58 gnD=2.05 it_per_s=7.30
2026-10-03 08:09:37,829 INFO iter=102600 epoch=15 lr=2.00e-04 G=7.442 advA2B=0.921 advB2A=0.900 cycA=0.183 cycB=0.193 idtA=0.164 idtB=0.209 D_A=0.033 D_B=0.026 D_A(real)=0.94 D_A(fake)=0.06 gnG=43.43 gnD=2.04 it_per_s=7.31
2026-10-03 08:09:51,367 INFO iter=102700 epoch=15 lr=2.00e-04 G=7.432 advA2B=0.920 advB2A=0.900 cycA=0.182 cycB=0.193 idtA=0.164 idtB=0.208 D_A=0.033 D_B=0.026 D_A(real)=0.94 D_A(fake)=0.06 gnG=43.26 gnD=2.05 it_per_s=7.31
2026-10-03 08:10:04,917 INFO iter=102800 epoch=15 lr=2.00e-04 G=7.423 advA2B=0.920 advB2A=0.900 cycA=0.182 cycB=0.193 idtA=0.164 idtB=0.208 D_A=0.033 D_B=0.026 D_A(real)=0.94 D_A(fake)=0.06 gnG=43.31 gnD=2.06 it_per_s=7.31
2026-10-03 08:10:18,457 INFO iter=102900 epoch=15 lr=2.00e-04 G=7.412 advA2B=0.918 advB2A=0.899 cycA=0.182 cycB=0.192 idtA=0.164 idtB=0.208 D_A=0.033 D_B=0.026 D_A(real)=0.94 D_A(fake)=0.06 gnG=43.08 gnD=2.07 it_per_s=7.31
2026-10-03 08:10:32,009 INFO iter=103000 epoch=15 lr=2.00e-04 G=7.403 advA2B=0.917 advB2A=0.899 cycA=0.181 cycB=0.192 idtA=0.164 idtB=0.207 D_A=0.033 D_B=0.027 D_A(real)=0.94 D_A(fake)=0.06 gnG=42.89 gnD=2.08 it_per_s=7.31
2026-10-03 08:10:45,614 INFO iter=103100 epoch=15 lr=2.00e-04 G=7.390 advA2B=0.915 advB2A=0.898 cycA=0.181 cycB=0.192 idtA=0.163 idtB=0.207 D_A=0.034 D_B=0.027 D_A(real)=0.93 D_A(fake)=0.06 gnG=42.70 gnD=2.09 it_per_s=7.31
2026-10-03 08:10:59,288 INFO iter=103200 epoch=15 lr=2.00e-04 G=7.380 advA2B=0.913 advB2A=0.898 cycA=0.181 cycB=0.192 idtA=0.163 idtB=0.206 D_A=0.033 D_B=0.027 D_A(real)=0.94 D_A(fake)=0.06 gnG=42.69 gnD=2.09 it_per_s=7.31
2026-10-03 08:11:13,002 INFO iter=103300 epoch=15 lr=2.00e-04 G=7.370 advA2B=0.910 advB2A=0.899 cycA=0.180 cycB=0.191 idtA=0.163 idtB=0.206 D_A=0.033 D_B=0.028 D_A(real)=0.94 D_A(fake)=0.06 gnG=42.55 gnD=2.10 it_per_s=7.31
2026-10-03 08:11:26,536 INFO iter=103400 epoch=15 lr=2.00e-04 G=7.355 advA2B=0.909 advB2A=0.898 cycA=0.180 cycB=0.191 idtA=0.163 idtB=0.205 D_A=0.033 D_B=0.029 D_A(real)=0.94 D_A(fake)=0.06 gnG=42.31 gnD=2.11 it_per_s=7.31
2026-10-03 08:11:40,352 INFO iter=103500 epoch=15 lr=2.00e-04 G=7.353 advA2B=0.909 advB2A=0.897 cycA=0.180 cycB=0.191 idtA=0.163 idtB=0.205 D_A=0.033 D_B=0.029 D_A(real)=0.94 D_A(fake)=0.06 gnG=42.54 gnD=2.12 it_per_s=7.31
2026-10-03 08:11:53,904 INFO iter=103600 epoch=15 lr=2.00e-04 G=7.349 advA2B=0.910 advB2A=0.897 cycA=0.180 cycB=0.191 idtA=0.163 idtB=0.204 D_A=0.033 D_B=0.029 D_A(real)=0.94 D_A(fake)=0.06 gnG=42.62 gnD=2.14 it_per_s=7.31
2026-10-03 08:12:07,666 INFO iter=103700 epoch=15 lr=2.00e-04 G=7.342 advA2B=0.911 advB2A=0.896 cycA=0.180 cycB=0.190 idtA=0.163 idtB=0.204 D_A=0.033 D_B=0.029 D_A(real)=0.94 D_A(fake)=0.06 gnG=42.45 gnD=2.14 it_per_s=7.31
2026-10-03 08:12:21,205 INFO iter=103800 epoch=15 lr=2.00e-04 G=7.334 advA2B=0.911 advB2A=0.896 cycA=0.180 cycB=0.190 idtA=0.163 idtB=0.203 D_A=0.033 D_B=0.029 D_A(real)=0.94 D_A(fake)=0.06 gnG=42.39 gnD=2.13 it_per_s=7.31
2026-10-03 08:12:35,059 INFO iter=103900 epoch=15 lr=2.00e-04 G=7.321 advA2B=0.912 advB2A=0.896 cycA=0.179 cycB=0.189 idtA=0.163 idtB=0.202 D_A=0.033 D_B=0.029 D_A(real)=0.94 D_A(fake)=0.06 gnG=42.20 gnD=2.13 it_per_s=7.31
2026-10-03 08:12:49,376 INFO iter=104000 epoch=15 lr=2.00e-04 G=7.311 advA2B=0.909 advB2A=0.896 cycA=0.179 cycB=0.189 idtA=0.163 idtB=0.202 D_A=0.033 D_B=0.029 D_A(real)=0.94 D_A(fake)=0.06 gnG=42.09 gnD=2.13 it_per_s=7.31
2026-10-03 08:13:03,816 INFO iter=104100 epoch=15 lr=2.00e-04 G=7.301 advA2B=0.907 advB2A=0.896 cycA=0.179 cycB=0.189 idtA=0.163 idtB=0.201 D_A=0.033 D_B=0.030 D_A(real)=0.94 D_A(fake)=0.06 gnG=41.93 gnD=2.13 it_per_s=7.30
2026-10-03 08:13:18,218 INFO iter=104200 epoch=15 lr=2.00e-04 G=7.291 advA2B=0.908 advB2A=0.897 cycA=0.179 cycB=0.188 idtA=0.162 idtB=0.200 D_A=0.033 D_B=0.030 D_A(real)=0.94 D_A(fake)=0.06 gnG=41.72 gnD=2.13 it_per_s=7.29
2026-10-03 08:13:33,532 INFO iter=104300 epoch=15 lr=2.00e-04 G=7.285 advA2B=0.908 advB2A=0.898 cycA=0.179 cycB=0.188 idtA=0.162 idtB=0.200 D_A=0.033 D_B=0.030 D_A(real)=0.94 D_A(fake)=0.06 gnG=42.00 gnD=2.13 it_per_s=7.28
2026-10-03 08:13:48,655 INFO iter=104400 epoch=15 lr=2.00e-04 G=7.281 advA2B=0.907 advB2A=0.898 cycA=0.179 cycB=0.188 idtA=0.162 idtB=0.200 D_A=0.033 D_B=0.030 D_A(real)=0.94 D_A(fake)=0.06 gnG=41.97 gnD=2.13 it_per_s=7.27
2026-10-03 08:14:03,771 INFO iter=104500 epoch=15 lr=2.00e-04 G=7.276 advA2B=0.906 advB2A=0.898 cycA=0.179 cycB=0.188 idtA=0.162 idtB=0.199 D_A=0.033 D_B=0.030 D_A(real)=0.94 D_A(fake)=0.06 gnG=41.85 gnD=2.14 it_per_s=7.25
2026-10-03 08:14:19,274 INFO iter=104600 epoch=15 lr=2.00e-04 G=7.310 advA2B=0.905 advB2A=0.898 cycA=0.179 cycB=0.190 idtA=0.163 idtB=0.201 D_A=0.033 D_B=0.030 D_A(real)=0.94 D_A(fake)=0.06 gnG=50.19 gnD=2.15 it_per_s=7.24
2026-10-03 08:14:34,875 INFO iter=104700 epoch=15 lr=2.00e-04 G=7.367 advA2B=0.905 advB2A=0.899 cycA=0.181 cycB=0.192 idtA=0.163 idtB=0.204 D_A=0.033 D_B=0.030 D_A(real)=0.94 D_A(fake)=0.06 gnG=50.60 gnD=2.15 it_per_s=7.22
2026-10-03 08:14:49,137 INFO iter=104800 epoch=15 lr=2.00e-04 G=7.417 advA2B=0.906 advB2A=0.899 cycA=0.182 cycB=0.194 idtA=0.164 idtB=0.206 D_A=0.033 D_B=0.030 D_A(real)=0.94 D_A(fake)=0.06 gnG=51.36 gnD=2.15 it_per_s=7.22
2026-10-03 08:15:03,381 INFO iter=104900 epoch=15 lr=2.00e-04 G=7.461 advA2B=0.907 advB2A=0.899 cycA=0.183 cycB=0.196 idtA=0.165 idtB=0.208 D_A=0.033 D_B=0.030 D_A(real)=0.94 D_A(fake)=0.06 gnG=52.08 gnD=2.14 it_per_s=7.22
2026-10-03 08:15:17,720 INFO iter=105000 epoch=15 lr=2.00e-04 G=7.495 advA2B=0.909 advB2A=0.900 cycA=0.184 cycB=0.198 idtA=0.165 idtB=0.209 D_A=0.033 D_B=0.030 D_A(real)=0.94 D_A(fake)=0.06 gnG=52.05 gnD=2.13 it_per_s=7.21
2026-10-03 08:15:31,874 INFO iter=105100 epoch=15 lr=2.00e-04 G=7.523 advA2B=0.910 advB2A=0.899 cycA=0.184 cycB=0.199 idtA=0.166 idtB=0.210 D_A=0.033 D_B=0.029 D_A(real)=0.94 D_A(fake)=0.06 gnG=52.40 gnD=2.11 it_per_s=7.21
2026-10-03 08:15:45,620 INFO iter=105200 epoch=15 lr=2.00e-04 G=7.554 advA2B=0.911 advB2A=0.898 cycA=0.185 cycB=0.201 idtA=0.166 idtB=0.211 D_A=0.033 D_B=0.029 D_A(real)=0.94 D_A(fake)=0.06 gnG=52.74 gnD=2.10 it_per_s=7.21
2026-10-03 08:15:59,243 INFO iter=105300 epoch=15 lr=2.00e-04 G=7.575 advA2B=0.912 advB2A=0.893 cycA=0.186 cycB=0.202 idtA=0.167 idtB=0.212 D_A=0.034 D_B=0.029 D_A(real)=0.93 D_A(fake)=0.07 gnG=52.70 gnD=2.11 it_per_s=7.21
2026-10-03 08:16:13,107 INFO iter=105400 epoch=15 lr=2.00e-04 G=7.596 advA2B=0.912 advB2A=0.890 cycA=0.187 cycB=0.203 idtA=0.168 idtB=0.212 D_A=0.035 D_B=0.028 D_A(real)=0.93 D_A(fake)=0.07 gnG=53.07 gnD=2.11 it_per_s=7.21
2026-10-03 08:16:26,828 INFO iter=105500 epoch=15 lr=2.00e-04 G=7.619 advA2B=0.913 advB2A=0.887 cycA=0.187 cycB=0.204 idtA=0.168 idtB=0.213 D_A=0.036 D_B=0.028 D_A(real)=0.93 D_A(fake)=0.07 gnG=53.46 gnD=2.12 it_per_s=7.21
2026-10-03 08:16:36,311 INFO epoch=15 done time_s=975 it_per_s=7.22 G=7.629 cycA=0.188 cycB=0.204 idtA=0.169 idtB=0.213 D_A=0.036 D_B=0.028 D_A(real)=0.93 D_A(fake)=0.07 nan_count=0
2026-10-03 08:16:36,311 WARNING epoch=15 D_A (Monet) loss 0.0362 is near 0: possible discriminator overfitting
2026-10-03 08:16:41,162 INFO iter=105600 epoch=16 lr=2.00e-04 G=9.114 advA2B=0.929 advB2A=0.545 cycA=0.243 cycB=0.276 idtA=0.206 idtB=0.285 D_A=0.128 D_B=0.014 D_A(real)=0.75 D_A(fake)=0.26 gnG=74.44 gnD=2.94 it_per_s=7.07
2026-10-03 08:16:54,814 INFO iter=105700 epoch=16 lr=2.00e-04 G=8.723 advA2B=0.985 advB2A=0.629 cycA=0.235 cycB=0.249 idtA=0.210 idtB=0.244 D_A=0.096 D_B=0.009 D_A(real)=0.81 D_A(fake)=0.21 gnG=71.37 gnD=2.37 it_per_s=7.26
2026-10-03 08:17:08,793 INFO iter=105800 epoch=16 lr=2.00e-04 G=8.819 advA2B=0.976 advB2A=0.702 cycA=0.236 cycB=0.249 idtA=0.213 idtB=0.244 D_A=0.081 D_B=0.009 D_A(real)=0.84 D_A(fake)=0.17 gnG=75.49 gnD=2.27 it_per_s=7.22
2026-10-03 08:17:22,471 INFO iter=105900 epoch=16 lr=2.00e-04 G=8.856 advA2B=0.979 advB2A=0.693 cycA=0.239 cycB=0.249 idtA=0.217 idtB=0.245 D_A=0.086 D_B=0.008 D_A(real)=0.83 D_A(fake)=0.18 gnG=72.58 gnD=2.30 it_per_s=7.24
2026-10-03 08:17:36,188 INFO iter=106000 epoch=16 lr=2.00e-04 G=8.695 advA2B=0.975 advB2A=0.710 cycA=0.235 cycB=0.241 idtA=0.214 idtB=0.235 D_A=0.085 D_B=0.008 D_A(real)=0.83 D_A(fake)=0.17 gnG=67.54 gnD=2.25 it_per_s=7.25
2026-10-03 08:17:49,932 INFO iter=106100 epoch=16 lr=2.00e-04 G=8.551 advA2B=0.969 advB2A=0.712 cycA=0.231 cycB=0.236 idtA=0.211 idtB=0.228 D_A=0.081 D_B=0.008 D_A(real)=0.84 D_A(fake)=0.17 gnG=65.11 gnD=2.25 it_per_s=7.26
2026-10-03 08:18:03,643 INFO iter=106200 epoch=16 lr=2.00e-04 G=8.516 advA2B=0.967 advB2A=0.707 cycA=0.230 cycB=0.236 idtA=0.210 idtB=0.226 D_A=0.081 D_B=0.010 D_A(real)=0.84 D_A(fake)=0.16 gnG=64.52 gnD=2.32 it_per_s=7.26
2026-10-03 08:18:17,186 INFO iter=106300 epoch=16 lr=2.00e-04 G=8.428 advA2B=0.966 advB2A=0.705 cycA=0.227 cycB=0.234 idtA=0.207 idtB=0.222 D_A=0.080 D_B=0.011 D_A(real)=0.84 D_A(fake)=0.16 gnG=62.03 gnD=2.36 it_per_s=7.28
2026-10-03 08:18:30,775 INFO iter=106400 epoch=16 lr=2.00e-04 G=8.368 advA2B=0.968 advB2A=0.690 cycA=0.227 cycB=0.232 idtA=0.205 idtB=0.220 D_A=0.083 D_B=0.011 D_A(real)=0.83 D_A(fake)=0.17 gnG=64.04 gnD=2.40 it_per_s=7.29
2026-10-03 08:18:44,639 INFO iter=106500 epoch=16 lr=2.00e-04 G=8.427 advA2B=0.972 advB2A=0.691 cycA=0.227 cycB=0.234 idtA=0.206 idtB=0.224 D_A=0.084 D_B=0.010 D_A(real)=0.83 D_A(fake)=0.17 gnG=69.80 gnD=2.43 it_per_s=7.28
2026-10-03 08:18:58,396 INFO iter=106600 epoch=16 lr=2.00e-04 G=8.412 advA2B=0.974 advB2A=0.693 cycA=0.226 cycB=0.234 idtA=0.205 idtB=0.225 D_A=0.084 D_B=0.010 D_A(real)=0.83 D_A(fake)=0.17 gnG=68.27 gnD=2.44 it_per_s=7.28
2026-10-03 08:19:12,097 INFO iter=106700 epoch=16 lr=2.00e-04 G=8.405 advA2B=0.976 advB2A=0.703 cycA=0.224 cycB=0.234 idtA=0.204 idtB=0.225 D_A=0.083 D_B=0.010 D_A(real)=0.84 D_A(fake)=0.17 gnG=68.74 gnD=2.45 it_per_s=7.28
2026-10-03 08:19:25,747 INFO iter=106800 epoch=16 lr=2.00e-04 G=8.350 advA2B=0.974 advB2A=0.714 cycA=0.222 cycB=0.232 idtA=0.202 idtB=0.223 D_A=0.080 D_B=0.010 D_A(real)=0.84 D_A(fake)=0.16 gnG=67.66 gnD=2.43 it_per_s=7.29
2026-10-03 08:19:39,440 INFO iter=106900 epoch=16 lr=2.00e-04 G=8.335 advA2B=0.967 advB2A=0.717 cycA=0.221 cycB=0.232 idtA=0.202 idtB=0.222 D_A=0.081 D_B=0.011 D_A(real)=0.84 D_A(fake)=0.16 gnG=67.00 gnD=2.49 it_per_s=7.29
2026-10-03 08:19:53,295 INFO iter=107000 epoch=16 lr=2.00e-04 G=8.292 advA2B=0.968 advB2A=0.718 cycA=0.220 cycB=0.230 idtA=0.202 idtB=0.220 D_A=0.081 D_B=0.011 D_A(real)=0.84 D_A(fake)=0.16 gnG=66.83 gnD=2.51 it_per_s=7.28
2026-10-03 08:20:07,465 INFO iter=107100 epoch=16 lr=2.00e-04 G=8.260 advA2B=0.967 advB2A=0.720 cycA=0.218 cycB=0.229 idtA=0.201 idtB=0.219 D_A=0.081 D_B=0.012 D_A(real)=0.84 D_A(fake)=0.16 gnG=67.09 gnD=2.51 it_per_s=7.27
2026-10-03 08:20:21,178 INFO iter=107200 epoch=16 lr=2.00e-04 G=8.275 advA2B=0.962 advB2A=0.721 cycA=0.217 cycB=0.231 idtA=0.200 idtB=0.221 D_A=0.081 D_B=0.012 D_A(real)=0.84 D_A(fake)=0.16 gnG=66.71 gnD=2.50 it_per_s=7.27
2026-10-03 08:20:35,059 INFO iter=107300 epoch=16 lr=2.00e-04 G=8.271 advA2B=0.961 advB2A=0.723 cycA=0.217 cycB=0.231 idtA=0.199 idtB=0.221 D_A=0.081 D_B=0.013 D_A(real)=0.84 D_A(fake)=0.16 gnG=66.30 gnD=2.51 it_per_s=7.26
2026-10-03 08:20:48,840 INFO iter=107400 epoch=16 lr=2.00e-04 G=8.266 advA2B=0.960 advB2A=0.721 cycA=0.217 cycB=0.231 idtA=0.199 idtB=0.222 D_A=0.081 D_B=0.012 D_A(real)=0.84 D_A(fake)=0.16 gnG=65.37 gnD=2.52 it_per_s=7.26
2026-10-03 08:21:02,724 INFO iter=107500 epoch=16 lr=2.00e-04 G=8.236 advA2B=0.955 advB2A=0.720 cycA=0.217 cycB=0.230 idtA=0.199 idtB=0.220 D_A=0.081 D_B=0.014 D_A(real)=0.84 D_A(fake)=0.16 gnG=65.20 gnD=2.55 it_per_s=7.26
2026-10-03 08:21:16,609 INFO iter=107600 epoch=16 lr=2.00e-04 G=8.224 advA2B=0.957 advB2A=0.722 cycA=0.216 cycB=0.229 idtA=0.198 idtB=0.220 D_A=0.081 D_B=0.014 D_A(real)=0.84 D_A(fake)=0.16 gnG=64.65 gnD=2.55 it_per_s=7.26
2026-10-03 08:21:30,674 INFO iter=107700 epoch=16 lr=2.00e-04 G=8.224 advA2B=0.957 advB2A=0.724 cycA=0.216 cycB=0.229 idtA=0.198 idtB=0.221 D_A=0.081 D_B=0.014 D_A(real)=0.84 D_A(fake)=0.16 gnG=64.36 gnD=2.55 it_per_s=7.25
2026-10-03 08:21:44,381 INFO iter=107800 epoch=16 lr=2.00e-04 G=8.217 advA2B=0.955 advB2A=0.732 cycA=0.215 cycB=0.229 idtA=0.197 idtB=0.221 D_A=0.080 D_B=0.015 D_A(real)=0.84 D_A(fake)=0.16 gnG=63.34 gnD=2.52 it_per_s=7.25
2026-10-03 08:21:58,034 INFO iter=107900 epoch=16 lr=2.00e-04 G=8.205 advA2B=0.956 advB2A=0.741 cycA=0.214 cycB=0.229 idtA=0.197 idtB=0.220 D_A=0.078 D_B=0.015 D_A(real)=0.84 D_A(fake)=0.16 gnG=62.61 gnD=2.48 it_per_s=7.26
2026-10-03 08:22:11,673 INFO iter=108000 epoch=16 lr=2.00e-04 G=8.198 advA2B=0.956 advB2A=0.749 cycA=0.214 cycB=0.228 idtA=0.196 idtB=0.219 D_A=0.076 D_B=0.015 D_A(real)=0.85 D_A(fake)=0.15 gnG=62.99 gnD=2.44 it_per_s=7.26
2026-10-03 08:22:25,366 INFO iter=108100 epoch=16 lr=2.00e-04 G=8.177 advA2B=0.953 advB2A=0.756 cycA=0.213 cycB=0.227 idtA=0.196 idtB=0.218 D_A=0.074 D_B=0.015 D_A(real)=0.85 D_A(fake)=0.15 gnG=62.27 gnD=2.41 it_per_s=7.26
2026-10-03 08:22:39,050 INFO iter=108200 epoch=16 lr=2.00e-04 G=8.162 advA2B=0.953 advB2A=0.766 cycA=0.213 cycB=0.226 idtA=0.195 idtB=0.217 D_A=0.072 D_B=0.015 D_A(real)=0.86 D_A(fake)=0.14 gnG=61.47 gnD=2.37 it_per_s=7.26
2026-10-03 08:22:53,043 INFO iter=108300 epoch=16 lr=2.00e-04 G=8.135 advA2B=0.951 advB2A=0.773 cycA=0.211 cycB=0.225 idtA=0.193 idtB=0.217 D_A=0.070 D_B=0.016 D_A(real)=0.86 D_A(fake)=0.14 gnG=60.73 gnD=2.33 it_per_s=7.26
2026-10-03 08:23:07,084 INFO iter=108400 epoch=16 lr=2.00e-04 G=8.117 advA2B=0.949 advB2A=0.781 cycA=0.210 cycB=0.224 idtA=0.192 idtB=0.216 D_A=0.068 D_B=0.016 D_A(real)=0.86 D_A(fake)=0.14 gnG=60.30 gnD=2.31 it_per_s=7.25
2026-10-03 08:23:21,022 INFO iter=108500 epoch=16 lr=2.00e-04 G=8.092 advA2B=0.947 advB2A=0.784 cycA=0.210 cycB=0.223 idtA=0.191 idtB=0.216 D_A=0.067 D_B=0.017 D_A(real)=0.87 D_A(fake)=0.13 gnG=59.61 gnD=2.31 it_per_s=7.25
2026-10-03 08:23:34,839 INFO iter=108600 epoch=16 lr=2.00e-04 G=8.061 advA2B=0.940 advB2A=0.789 cycA=0.209 cycB=0.222 idtA=0.190 idtB=0.215 D_A=0.065 D_B=0.018 D_A(real)=0.87 D_A(fake)=0.13 gnG=59.07 gnD=2.32 it_per_s=7.25
2026-10-03 08:23:48,581 INFO iter=108700 epoch=16 lr=2.00e-04 G=8.037 advA2B=0.938 advB2A=0.793 cycA=0.207 cycB=0.221 idtA=0.189 idtB=0.215 D_A=0.064 D_B=0.020 D_A(real)=0.87 D_A(fake)=0.13 gnG=58.53 gnD=2.33 it_per_s=7.25
2026-10-03 08:24:02,134 INFO iter=108800 epoch=16 lr=2.00e-04 G=8.017 advA2B=0.935 advB2A=0.799 cycA=0.207 cycB=0.220 idtA=0.189 idtB=0.214 D_A=0.063 D_B=0.020 D_A(real)=0.87 D_A(fake)=0.13 gnG=57.89 gnD=2.32 it_per_s=7.25
2026-10-03 08:24:15,692 INFO iter=108900 epoch=16 lr=2.00e-04 G=7.989 advA2B=0.934 advB2A=0.803 cycA=0.206 cycB=0.219 idtA=0.188 idtB=0.213 D_A=0.062 D_B=0.020 D_A(real)=0.88 D_A(fake)=0.12 gnG=57.26 gnD=2.31 it_per_s=7.26
2026-10-03 08:24:29,279 INFO iter=109000 epoch=16 lr=2.00e-04 G=7.964 advA2B=0.931 advB2A=0.807 cycA=0.205 cycB=0.218 idtA=0.187 idtB=0.212 D_A=0.061 D_B=0.021 D_A(real)=0.88 D_A(fake)=0.12 gnG=59.29 gnD=2.31 it_per_s=7.26
2026-10-03 08:24:42,827 INFO iter=109100 epoch=16 lr=2.00e-04 G=7.987 advA2B=0.929 advB2A=0.810 cycA=0.205 cycB=0.219 idtA=0.187 idtB=0.215 D_A=0.060 D_B=0.022 D_A(real)=0.88 D_A(fake)=0.12 gnG=59.46 gnD=2.31 it_per_s=7.26
2026-10-03 08:24:56,432 INFO iter=109200 epoch=16 lr=2.00e-04 G=7.995 advA2B=0.929 advB2A=0.813 cycA=0.205 cycB=0.219 idtA=0.187 idtB=0.217 D_A=0.059 D_B=0.022 D_A(real)=0.88 D_A(fake)=0.12 gnG=58.76 gnD=2.29 it_per_s=7.27
2026-10-03 08:25:10,047 INFO iter=109300 epoch=16 lr=2.00e-04 G=7.988 advA2B=0.929 advB2A=0.816 cycA=0.204 cycB=0.219 idtA=0.186 idtB=0.217 D_A=0.059 D_B=0.022 D_A(real)=0.88 D_A(fake)=0.12 gnG=58.18 gnD=2.29 it_per_s=7.27
2026-10-03 08:25:23,683 INFO iter=109400 epoch=16 lr=2.00e-04 G=7.974 advA2B=0.928 advB2A=0.819 cycA=0.204 cycB=0.218 idtA=0.186 idtB=0.217 D_A=0.058 D_B=0.022 D_A(real)=0.89 D_A(fake)=0.11 gnG=57.56 gnD=2.28 it_per_s=7.27
2026-10-03 08:25:37,360 INFO iter=109500 epoch=16 lr=2.00e-04 G=7.970 advA2B=0.929 advB2A=0.823 cycA=0.203 cycB=0.217 idtA=0.185 idtB=0.217 D_A=0.057 D_B=0.022 D_A(real)=0.89 D_A(fake)=0.11 gnG=57.45 gnD=2.27 it_per_s=7.27
2026-10-03 08:25:51,052 INFO iter=109600 epoch=16 lr=2.00e-04 G=7.960 advA2B=0.931 advB2A=0.827 cycA=0.203 cycB=0.217 idtA=0.185 idtB=0.216 D_A=0.056 D_B=0.022 D_A(real)=0.89 D_A(fake)=0.11 gnG=57.03 gnD=2.25 it_per_s=7.27
2026-10-03 08:26:04,760 INFO iter=109700 epoch=16 lr=2.00e-04 G=7.935 advA2B=0.930 advB2A=0.828 cycA=0.202 cycB=0.216 idtA=0.184 idtB=0.215 D_A=0.056 D_B=0.022 D_A(real)=0.89 D_A(fake)=0.11 gnG=56.62 gnD=2.25 it_per_s=7.27
2026-10-03 08:26:18,918 INFO iter=109800 epoch=16 lr=2.00e-04 G=7.919 advA2B=0.927 advB2A=0.830 cycA=0.202 cycB=0.215 idtA=0.184 idtB=0.215 D_A=0.055 D_B=0.022 D_A(real)=0.89 D_A(fake)=0.11 gnG=56.28 gnD=2.27 it_per_s=7.27
2026-10-03 08:26:32,552 INFO iter=109900 epoch=16 lr=2.00e-04 G=7.936 advA2B=0.925 advB2A=0.830 cycA=0.202 cycB=0.216 idtA=0.184 idtB=0.216 D_A=0.055 D_B=0.023 D_A(real)=0.89 D_A(fake)=0.11 gnG=60.40 gnD=2.27 it_per_s=7.27
2026-10-03 08:26:46,381 INFO iter=110000 epoch=16 lr=2.00e-04 G=7.974 advA2B=0.926 advB2A=0.833 cycA=0.203 cycB=0.218 idtA=0.183 idtB=0.219 D_A=0.054 D_B=0.023 D_A(real)=0.89 D_A(fake)=0.11 gnG=60.66 gnD=2.26 it_per_s=7.27
2026-10-03 08:26:59,953 INFO iter=110100 epoch=16 lr=2.00e-04 G=7.988 advA2B=0.927 advB2A=0.836 cycA=0.203 cycB=0.218 idtA=0.183 idtB=0.220 D_A=0.054 D_B=0.023 D_A(real)=0.89 D_A(fake)=0.11 gnG=60.35 gnD=2.24 it_per_s=7.27
2026-10-03 08:27:13,810 INFO iter=110200 epoch=16 lr=2.00e-04 G=7.987 advA2B=0.927 advB2A=0.837 cycA=0.203 cycB=0.218 idtA=0.183 idtB=0.220 D_A=0.053 D_B=0.023 D_A(real)=0.89 D_A(fake)=0.11 gnG=60.06 gnD=2.23 it_per_s=7.27
2026-10-03 08:27:27,518 INFO iter=110300 epoch=16 lr=2.00e-04 G=7.992 advA2B=0.927 advB2A=0.839 cycA=0.203 cycB=0.218 idtA=0.183 idtB=0.220 D_A=0.053 D_B=0.023 D_A(real)=0.90 D_A(fake)=0.10 gnG=59.89 gnD=2.21 it_per_s=7.27
2026-10-03 08:27:41,146 INFO iter=110400 epoch=16 lr=2.00e-04 G=7.988 advA2B=0.928 advB2A=0.840 cycA=0.203 cycB=0.218 idtA=0.183 idtB=0.220 D_A=0.052 D_B=0.022 D_A(real)=0.90 D_A(fake)=0.10 gnG=59.51 gnD=2.20 it_per_s=7.27
2026-10-03 08:27:54,847 INFO iter=110500 epoch=16 lr=2.00e-04 G=7.980 advA2B=0.928 advB2A=0.840 cycA=0.202 cycB=0.218 idtA=0.182 idtB=0.220 D_A=0.052 D_B=0.022 D_A(real)=0.90 D_A(fake)=0.10 gnG=59.32 gnD=2.18 it_per_s=7.27
2026-10-03 08:28:08,663 INFO iter=110600 epoch=16 lr=2.00e-04 G=7.979 advA2B=0.928 advB2A=0.842 cycA=0.202 cycB=0.218 idtA=0.182 idtB=0.220 D_A=0.052 D_B=0.022 D_A(real)=0.90 D_A(fake)=0.10 gnG=59.26 gnD=2.17 it_per_s=7.27
2026-10-03 08:28:22,462 INFO iter=110700 epoch=16 lr=2.00e-04 G=7.977 advA2B=0.928 advB2A=0.843 cycA=0.202 cycB=0.217 idtA=0.182 idtB=0.220 D_A=0.051 D_B=0.022 D_A(real)=0.90 D_A(fake)=0.10 gnG=58.96 gnD=2.16 it_per_s=7.27
2026-10-03 08:28:36,167 INFO iter=110800 epoch=16 lr=2.00e-04 G=7.967 advA2B=0.928 advB2A=0.843 cycA=0.202 cycB=0.217 idtA=0.182 idtB=0.220 D_A=0.051 D_B=0.022 D_A(real)=0.90 D_A(fake)=0.10 gnG=58.70 gnD=2.16 it_per_s=7.27
2026-10-03 08:28:49,799 INFO iter=110900 epoch=16 lr=2.00e-04 G=7.952 advA2B=0.927 advB2A=0.842 cycA=0.201 cycB=0.217 idtA=0.181 idtB=0.219 D_A=0.051 D_B=0.023 D_A(real)=0.90 D_A(fake)=0.10 gnG=58.55 gnD=2.16 it_per_s=7.27
2026-10-03 08:29:03,580 INFO iter=111000 epoch=16 lr=2.00e-04 G=7.939 advA2B=0.928 advB2A=0.844 cycA=0.201 cycB=0.216 idtA=0.181 idtB=0.219 D_A=0.051 D_B=0.022 D_A(real)=0.90 D_A(fake)=0.10 gnG=58.29 gnD=2.16 it_per_s=7.27
2026-10-03 08:29:17,261 INFO iter=111100 epoch=16 lr=2.00e-04 G=7.921 advA2B=0.928 advB2A=0.844 cycA=0.200 cycB=0.215 idtA=0.181 idtB=0.218 D_A=0.051 D_B=0.022 D_A(real)=0.90 D_A(fake)=0.10 gnG=58.00 gnD=2.15 it_per_s=7.27
2026-10-03 08:29:30,926 INFO iter=111200 epoch=16 lr=2.00e-04 G=7.948 advA2B=0.929 advB2A=0.844 cycA=0.200 cycB=0.217 idtA=0.181 idtB=0.220 D_A=0.051 D_B=0.022 D_A(real)=0.90 D_A(fake)=0.10 gnG=58.76 gnD=2.15 it_per_s=7.27
2026-10-03 08:29:44,575 INFO iter=111300 epoch=16 lr=2.00e-04 G=7.958 advA2B=0.930 advB2A=0.847 cycA=0.200 cycB=0.217 idtA=0.180 idtB=0.221 D_A=0.051 D_B=0.022 D_A(real)=0.90 D_A(fake)=0.10 gnG=58.46 gnD=2.14 it_per_s=7.27
2026-10-03 08:29:58,269 INFO iter=111400 epoch=16 lr=2.00e-04 G=7.957 advA2B=0.931 advB2A=0.847 cycA=0.200 cycB=0.217 idtA=0.180 idtB=0.221 D_A=0.050 D_B=0.022 D_A(real)=0.90 D_A(fake)=0.10 gnG=58.12 gnD=2.12 it_per_s=7.28
2026-10-03 08:30:11,935 INFO iter=111500 epoch=16 lr=2.00e-04 G=7.957 advA2B=0.931 advB2A=0.848 cycA=0.200 cycB=0.217 idtA=0.180 idtB=0.221 D_A=0.050 D_B=0.021 D_A(real)=0.90 D_A(fake)=0.10 gnG=57.92 gnD=2.11 it_per_s=7.28
2026-10-03 08:30:25,538 INFO iter=111600 epoch=16 lr=2.00e-04 G=7.958 advA2B=0.931 advB2A=0.849 cycA=0.200 cycB=0.217 idtA=0.180 idtB=0.221 D_A=0.050 D_B=0.021 D_A(real)=0.90 D_A(fake)=0.10 gnG=57.95 gnD=2.11 it_per_s=7.28
2026-10-03 08:30:39,198 INFO iter=111700 epoch=16 lr=2.00e-04 G=7.960 advA2B=0.931 advB2A=0.850 cycA=0.200 cycB=0.217 idtA=0.180 idtB=0.221 D_A=0.050 D_B=0.021 D_A(real)=0.90 D_A(fake)=0.10 gnG=57.74 gnD=2.10 it_per_s=7.28
2026-10-03 08:30:52,919 INFO iter=111800 epoch=16 lr=2.00e-04 G=7.959 advA2B=0.932 advB2A=0.851 cycA=0.200 cycB=0.217 idtA=0.180 idtB=0.221 D_A=0.049 D_B=0.021 D_A(real)=0.90 D_A(fake)=0.10 gnG=57.85 gnD=2.09 it_per_s=7.28
2026-10-03 08:31:06,556 INFO iter=111900 epoch=16 lr=2.00e-04 G=7.949 advA2B=0.932 advB2A=0.851 cycA=0.200 cycB=0.216 idtA=0.180 idtB=0.221 D_A=0.049 D_B=0.021 D_A(real)=0.90 D_A(fake)=0.10 gnG=57.56 gnD=2.09 it_per_s=7.28
2026-10-03 08:31:20,740 INFO iter=112000 epoch=16 lr=2.00e-04 G=7.937 advA2B=0.932 advB2A=0.851 cycA=0.199 cycB=0.216 idtA=0.179 idtB=0.221 D_A=0.049 D_B=0.021 D_A(real)=0.90 D_A(fake)=0.10 gnG=57.33 gnD=2.08 it_per_s=7.28
2026-10-03 08:31:34,922 INFO iter=112100 epoch=16 lr=2.00e-04 G=7.930 advA2B=0.933 advB2A=0.853 cycA=0.199 cycB=0.216 idtA=0.179 idtB=0.220 D_A=0.049 D_B=0.021 D_A(real)=0.90 D_A(fake)=0.10 gnG=57.16 gnD=2.08 it_per_s=7.27
2026-10-03 08:31:48,961 INFO iter=112200 epoch=16 lr=2.00e-04 G=7.926 advA2B=0.933 advB2A=0.854 cycA=0.199 cycB=0.216 idtA=0.179 idtB=0.220 D_A=0.048 D_B=0.021 D_A(real)=0.90 D_A(fake)=0.10 gnG=57.03 gnD=2.07 it_per_s=7.27
2026-10-03 08:32:02,582 INFO iter=112300 epoch=16 lr=2.00e-04 G=7.919 advA2B=0.933 advB2A=0.852 cycA=0.199 cycB=0.215 idtA=0.179 idtB=0.220 D_A=0.048 D_B=0.021 D_A(real)=0.91 D_A(fake)=0.09 gnG=56.90 gnD=2.07 it_per_s=7.27
2026-10-03 08:32:16,547 INFO iter=112400 epoch=16 lr=2.00e-04 G=7.913 advA2B=0.934 advB2A=0.853 cycA=0.199 cycB=0.215 idtA=0.178 idtB=0.220 D_A=0.048 D_B=0.021 D_A(real)=0.90 D_A(fake)=0.10 gnG=56.70 gnD=2.07 it_per_s=7.27
2026-10-03 08:32:30,513 INFO iter=112500 epoch=16 lr=2.00e-04 G=7.908 advA2B=0.934 advB2A=0.854 cycA=0.198 cycB=0.215 idtA=0.178 idtB=0.220 D_A=0.048 D_B=0.020 D_A(real)=0.90 D_A(fake)=0.10 gnG=56.68 gnD=2.07 it_per_s=7.27
2026-10-03 08:32:44,165 INFO iter=112600 epoch=16 lr=2.00e-04 G=7.902 advA2B=0.935 advB2A=0.855 cycA=0.198 cycB=0.214 idtA=0.178 idtB=0.219 D_A=0.048 D_B=0.020 D_A(real)=0.91 D_A(fake)=0.09 gnG=56.62 gnD=2.06 it_per_s=7.27
2026-10-03 08:32:45,232 INFO epoch=16 done time_s=968 it_per_s=7.27 G=7.901 cycA=0.198 cycB=0.214 idtA=0.178 idtB=0.219 D_A=0.048 D_B=0.020 D_A(real)=0.91 D_A(fake)=0.09 nan_count=0
2026-10-03 08:32:45,232 WARNING epoch=16 D_A (Monet) loss 0.0482 is near 0: possible discriminator overfitting
2026-10-03 08:32:58,554 INFO iter=112700 epoch=17 lr=2.00e-04 G=7.308 advA2B=0.995 advB2A=0.909 cycA=0.174 cycB=0.188 idtA=0.152 idtB=0.206 D_A=0.040 D_B=0.003 D_A(real)=0.91 D_A(fake)=0.08 gnG=43.50 gnD=1.42 it_per_s=7.19
2026-10-03 08:33:12,281 INFO iter=112800 epoch=17 lr=2.00e-04 G=7.441 advA2B=0.977 advB2A=0.868 cycA=0.182 cycB=0.191 idtA=0.158 idtB=0.215 D_A=0.042 D_B=0.012 D_A(real)=0.91 D_A(fake)=0.08 gnG=73.88 gnD=1.80 it_per_s=7.24
2026-10-03 08:33:25,855 INFO iter=112900 epoch=17 lr=2.00e-04 G=7.413 advA2B=0.977 advB2A=0.873 cycA=0.180 cycB=0.190 idtA=0.159 idtB=0.213 D_A=0.044 D_B=0.013 D_A(real)=0.91 D_A(fake)=0.09 gnG=62.47 gnD=1.82 it_per_s=7.28
2026-10-03 08:33:39,485 INFO iter=113000 epoch=17 lr=2.00e-04 G=7.439 advA2B=0.964 advB2A=0.883 cycA=0.181 cycB=0.192 idtA=0.160 idtB=0.213 D_A=0.041 D_B=0.013 D_A(real)=0.92 D_A(fake)=0.08 gnG=61.46 gnD=1.75 it_per_s=7.30
2026-10-03 08:33:53,509 INFO iter=113100 epoch=17 lr=2.00e-04 G=7.440 advA2B=0.961 advB2A=0.906 cycA=0.181 cycB=0.192 idtA=0.160 idtB=0.210 D_A=0.038 D_B=0.013 D_A(real)=0.92 D_A(fake)=0.07 gnG=57.17 gnD=1.67 it_per_s=7.26
2026-10-03 08:34:07,120 INFO iter=113200 epoch=17 lr=2.00e-04 G=7.403 advA2B=0.941 advB2A=0.919 cycA=0.180 cycB=0.191 idtA=0.161 idtB=0.207 D_A=0.036 D_B=0.016 D_A(real)=0.93 D_A(fake)=0.07 gnG=55.11 gnD=1.75 it_per_s=7.28
2026-10-03 08:34:20,691 INFO iter=113300 epoch=17 lr=2.00e-04 G=7.389 advA2B=0.940 advB2A=0.925 cycA=0.180 cycB=0.190 idtA=0.161 idtB=0.205 D_A=0.034 D_B=0.018 D_A(real)=0.93 D_A(fake)=0.07 gnG=52.50 gnD=1.81 it_per_s=7.29
2026-10-03 08:34:34,255 INFO iter=113400 epoch=17 lr=2.00e-04 G=7.404 advA2B=0.940 advB2A=0.921 cycA=0.180 cycB=0.191 idtA=0.161 idtB=0.207 D_A=0.033 D_B=0.018 D_A(real)=0.93 D_A(fake)=0.06 gnG=52.55 gnD=1.77 it_per_s=7.30
2026-10-03 08:34:47,816 INFO iter=113500 epoch=17 lr=2.00e-04 G=7.476 advA2B=0.935 advB2A=0.923 cycA=0.182 cycB=0.194 idtA=0.161 idtB=0.211 D_A=0.033 D_B=0.019 D_A(real)=0.93 D_A(fake)=0.06 gnG=51.94 gnD=1.79 it_per_s=7.31
2026-10-03 08:35:01,575 INFO iter=113600 epoch=17 lr=2.00e-04 G=7.476 advA2B=0.938 advB2A=0.918 cycA=0.183 cycB=0.193 idtA=0.161 idtB=0.210 D_A=0.033 D_B=0.019 D_A(real)=0.93 D_A(fake)=0.07 gnG=50.92 gnD=1.78 it_per_s=7.30
2026-10-03 08:35:15,135 INFO iter=113700 epoch=17 lr=2.00e-04 G=7.455 advA2B=0.940 advB2A=0.921 cycA=0.182 cycB=0.192 idtA=0.161 idtB=0.208 D_A=0.033 D_B=0.019 D_A(real)=0.93 D_A(fake)=0.07 gnG=49.60 gnD=1.83 it_per_s=7.31
2026-10-03 08:35:28,676 INFO iter=113800 epoch=17 lr=2.00e-04 G=7.476 advA2B=0.938 advB2A=0.920 cycA=0.183 cycB=0.193 idtA=0.161 idtB=0.210 D_A=0.033 D_B=0.019 D_A(real)=0.93 D_A(fake)=0.07 gnG=49.11 gnD=1.82 it_per_s=7.32
2026-10-03 08:35:42,231 INFO iter=113900 epoch=17 lr=2.00e-04 G=7.485 advA2B=0.938 advB2A=0.919 cycA=0.184 cycB=0.193 idtA=0.161 idtB=0.211 D_A=0.033 D_B=0.019 D_A(real)=0.93 D_A(fake)=0.06 gnG=48.19 gnD=1.81 it_per_s=7.32
2026-10-03 08:35:55,792 INFO iter=114000 epoch=17 lr=2.00e-04 G=7.454 advA2B=0.932 advB2A=0.920 cycA=0.184 cycB=0.192 idtA=0.161 idtB=0.209 D_A=0.032 D_B=0.021 D_A(real)=0.94 D_A(fake)=0.06 gnG=47.65 gnD=1.80 it_per_s=7.33
2026-10-03 08:36:09,418 INFO iter=114100 epoch=17 lr=2.00e-04 G=7.451 advA2B=0.931 advB2A=0.922 cycA=0.183 cycB=0.192 idtA=0.161 idtB=0.209 D_A=0.032 D_B=0.022 D_A(real)=0.94 D_A(fake)=0.06 gnG=47.10 gnD=1.82 it_per_s=7.33
2026-10-03 08:36:23,175 INFO iter=114200 epoch=17 lr=2.00e-04 G=7.449 advA2B=0.927 advB2A=0.924 cycA=0.183 cycB=0.192 idtA=0.160 idtB=0.208 D_A=0.032 D_B=0.021 D_A(real)=0.94 D_A(fake)=0.06 gnG=47.00 gnD=1.82 it_per_s=7.32
2026-10-03 08:36:36,869 INFO iter=114300 epoch=17 lr=2.00e-04 G=7.443 advA2B=0.928 advB2A=0.924 cycA=0.182 cycB=0.193 idtA=0.160 idtB=0.208 D_A=0.032 D_B=0.022 D_A(real)=0.94 D_A(fake)=0.06 gnG=46.49 gnD=1.85 it_per_s=7.32
2026-10-03 08:36:50,505 INFO iter=114400 epoch=17 lr=2.00e-04 G=7.421 advA2B=0.926 advB2A=0.919 cycA=0.182 cycB=0.192 idtA=0.160 idtB=0.208 D_A=0.032 D_B=0.022 D_A(real)=0.94 D_A(fake)=0.06 gnG=45.97 gnD=1.87 it_per_s=7.32
2026-10-03 08:37:04,185 INFO iter=114500 epoch=17 lr=2.00e-04 G=7.424 advA2B=0.923 advB2A=0.920 cycA=0.182 cycB=0.192 idtA=0.160 idtB=0.208 D_A=0.032 D_B=0.023 D_A(real)=0.94 D_A(fake)=0.06 gnG=46.34 gnD=1.90 it_per_s=7.32
2026-10-03 08:37:17,868 INFO iter=114600 epoch=17 lr=2.00e-04 G=7.441 advA2B=0.925 advB2A=0.919 cycA=0.183 cycB=0.192 idtA=0.161 idtB=0.209 D_A=0.033 D_B=0.023 D_A(real)=0.94 D_A(fake)=0.06 gnG=46.35 gnD=1.88 it_per_s=7.32
2026-10-03 08:37:31,557 INFO iter=114700 epoch=17 lr=2.00e-04 G=7.456 advA2B=0.927 advB2A=0.918 cycA=0.184 cycB=0.192 idtA=0.161 idtB=0.210 D_A=0.033 D_B=0.023 D_A(real)=0.94 D_A(fake)=0.06 gnG=46.33 gnD=1.88 it_per_s=7.32
2026-10-03 08:37:45,251 INFO iter=114800 epoch=17 lr=2.00e-04 G=7.475 advA2B=0.925 advB2A=0.919 cycA=0.184 cycB=0.193 idtA=0.161 idtB=0.212 D_A=0.033 D_B=0.022 D_A(real)=0.94 D_A(fake)=0.06 gnG=47.02 gnD=1.87 it_per_s=7.32
2026-10-03 08:37:59,009 INFO iter=114900 epoch=17 lr=2.00e-04 G=7.493 advA2B=0.927 advB2A=0.921 cycA=0.185 cycB=0.193 idtA=0.161 idtB=0.212 D_A=0.032 D_B=0.022 D_A(real)=0.94 D_A(fake)=0.06 gnG=47.13 gnD=1.83 it_per_s=7.32
2026-10-03 08:38:13,304 INFO iter=115000 epoch=17 lr=2.00e-04 G=7.475 advA2B=0.927 advB2A=0.922 cycA=0.184 cycB=0.192 idtA=0.161 idtB=0.211 D_A=0.032 D_B=0.022 D_A(real)=0.94 D_A(fake)=0.06 gnG=46.68 gnD=1.84 it_per_s=7.30
2026-10-03 08:38:27,053 INFO iter=115100 epoch=17 lr=2.00e-04 G=7.455 advA2B=0.925 advB2A=0.921 cycA=0.184 cycB=0.191 idtA=0.161 idtB=0.210 D_A=0.032 D_B=0.022 D_A(real)=0.94 D_A(fake)=0.06 gnG=46.40 gnD=1.82 it_per_s=7.30
2026-10-03 08:38:40,815 INFO iter=115200 epoch=17 lr=2.00e-04 G=7.446 advA2B=0.925 advB2A=0.921 cycA=0.184 cycB=0.191 idtA=0.161 idtB=0.209 D_A=0.032 D_B=0.022 D_A(real)=0.94 D_A(fake)=0.06 gnG=46.29 gnD=1.83 it_per_s=7.30
2026-10-03 08:38:54,692 INFO iter=115300 epoch=17 lr=2.00e-04 G=7.428 advA2B=0.923 advB2A=0.920 cycA=0.184 cycB=0.190 idtA=0.161 idtB=0.209 D_A=0.032 D_B=0.022 D_A(real)=0.94 D_A(fake)=0.06 gnG=45.95 gnD=1.82 it_per_s=7.30
2026-10-03 08:39:08,259 INFO iter=115400 epoch=17 lr=2.00e-04 G=7.450 advA2B=0.923 advB2A=0.919 cycA=0.184 cycB=0.191 idtA=0.161 idtB=0.210 D_A=0.032 D_B=0.023 D_A(real)=0.94 D_A(fake)=0.06 gnG=46.33 gnD=1.84 it_per_s=7.30
2026-10-03 08:39:21,832 INFO iter=115500 epoch=17 lr=2.00e-04 G=7.449 advA2B=0.922 advB2A=0.921 cycA=0.184 cycB=0.191 idtA=0.161 idtB=0.210 D_A=0.032 D_B=0.023 D_A(real)=0.94 D_A(fake)=0.06 gnG=46.13 gnD=1.84 it_per_s=7.30
2026-10-03 08:39:35,418 INFO iter=115600 epoch=17 lr=2.00e-04 G=7.445 advA2B=0.923 advB2A=0.921 cycA=0.184 cycB=0.191 idtA=0.161 idtB=0.210 D_A=0.032 D_B=0.023 D_A(real)=0.94 D_A(fake)=0.06 gnG=45.91 gnD=1.85 it_per_s=7.30
2026-10-03 08:39:48,971 INFO iter=115700 epoch=17 lr=2.00e-04 G=7.435 advA2B=0.920 advB2A=0.920 cycA=0.184 cycB=0.191 idtA=0.161 idtB=0.209 D_A=0.032 D_B=0.023 D_A(real)=0.94 D_A(fake)=0.06 gnG=45.59 gnD=1.85 it_per_s=7.31
2026-10-03 08:40:02,638 INFO iter=115800 epoch=17 lr=2.00e-04 G=7.425 advA2B=0.921 advB2A=0.920 cycA=0.183 cycB=0.191 idtA=0.160 idtB=0.208 D_A=0.032 D_B=0.023 D_A(real)=0.94 D_A(fake)=0.06 gnG=45.59 gnD=1.86 it_per_s=7.31
2026-10-03 08:40:16,405 INFO iter=115900 epoch=17 lr=2.00e-04 G=7.446 advA2B=0.919 advB2A=0.920 cycA=0.184 cycB=0.192 idtA=0.161 idtB=0.209 D_A=0.032 D_B=0.023 D_A(real)=0.94 D_A(fake)=0.06 gnG=45.83 gnD=1.87 it_per_s=7.31
2026-10-03 08:40:30,638 INFO iter=116000 epoch=17 lr=2.00e-04 G=7.446 advA2B=0.917 advB2A=0.921 cycA=0.184 cycB=0.192 idtA=0.161 idtB=0.209 D_A=0.032 D_B=0.024 D_A(real)=0.94 D_A(fake)=0.06 gnG=45.42 gnD=1.90 it_per_s=7.30
2026-10-03 08:40:44,805 INFO iter=116100 epoch=17 lr=2.00e-04 G=7.432 advA2B=0.912 advB2A=0.919 cycA=0.184 cycB=0.191 idtA=0.161 idtB=0.208 D_A=0.032 D_B=0.025 D_A(real)=0.94 D_A(fake)=0.06 gnG=45.17 gnD=1.91 it_per_s=7.29
2026-10-03 08:40:58,779 INFO iter=116200 epoch=17 lr=2.00e-04 G=7.423 advA2B=0.912 advB2A=0.919 cycA=0.184 cycB=0.191 idtA=0.161 idtB=0.208 D_A=0.032 D_B=0.025 D_A(real)=0.94 D_A(fake)=0.06 gnG=44.98 gnD=1.90 it_per_s=7.29
2026-10-03 08:41:12,757 INFO iter=116300 epoch=17 lr=2.00e-04 G=7.415 advA2B=0.914 advB2A=0.917 cycA=0.184 cycB=0.191 idtA=0.161 idtB=0.207 D_A=0.032 D_B=0.025 D_A(real)=0.94 D_A(fake)=0.06 gnG=44.70 gnD=1.91 it_per_s=7.28
2026-10-03 08:41:26,419 INFO iter=116400 epoch=17 lr=2.00e-04 G=7.403 advA2B=0.912 advB2A=0.917 cycA=0.184 cycB=0.190 idtA=0.161 idtB=0.206 D_A=0.033 D_B=0.025 D_A(real)=0.94 D_A(fake)=0.06 gnG=44.42 gnD=1.93 it_per_s=7.28
2026-10-03 08:41:40,106 INFO iter=116500 epoch=17 lr=2.00e-04 G=7.393 advA2B=0.910 advB2A=0.917 cycA=0.183 cycB=0.190 idtA=0.161 idtB=0.205 D_A=0.033 D_B=0.025 D_A(real)=0.94 D_A(fake)=0.06 gnG=44.14 gnD=1.93 it_per_s=7.28
2026-10-03 08:41:53,825 INFO iter=116600 epoch=17 lr=2.00e-04 G=7.385 advA2B=0.910 advB2A=0.917 cycA=0.183 cycB=0.190 idtA=0.161 idtB=0.205 D_A=0.032 D_B=0.026 D_A(real)=0.94 D_A(fake)=0.06 gnG=43.95 gnD=1.92 it_per_s=7.28
2026-10-03 08:42:07,618 INFO iter=116700 epoch=17 lr=2.00e-04 G=7.382 advA2B=0.910 advB2A=0.917 cycA=0.183 cycB=0.190 idtA=0.161 idtB=0.204 D_A=0.032 D_B=0.026 D_A(real)=0.94 D_A(fake)=0.06 gnG=44.00 gnD=1.91 it_per_s=7.28
2026-10-03 08:42:21,220 INFO iter=116800 epoch=17 lr=2.00e-04 G=7.374 advA2B=0.910 advB2A=0.918 cycA=0.183 cycB=0.189 idtA=0.161 idtB=0.204 D_A=0.032 D_B=0.026 D_A(real)=0.94 D_A(fake)=0.06 gnG=43.84 gnD=1.91 it_per_s=7.28
2026-10-03 08:42:34,818 INFO iter=116900 epoch=17 lr=2.00e-04 G=7.361 advA2B=0.908 advB2A=0.918 cycA=0.183 cycB=0.189 idtA=0.161 idtB=0.203 D_A=0.032 D_B=0.026 D_A(real)=0.94 D_A(fake)=0.06 gnG=43.73 gnD=1.93 it_per_s=7.29
2026-10-03 08:42:48,415 INFO iter=117000 epoch=17 lr=2.00e-04 G=7.351 advA2B=0.906 advB2A=0.917 cycA=0.182 cycB=0.189 idtA=0.161 idtB=0.202 D_A=0.032 D_B=0.027 D_A(real)=0.94 D_A(fake)=0.06 gnG=43.51 gnD=1.94 it_per_s=7.29
2026-10-03 08:43:02,001 INFO iter=117100 epoch=17 lr=2.00e-04 G=7.342 advA2B=0.906 advB2A=0.918 cycA=0.182 cycB=0.188 idtA=0.161 idtB=0.202 D_A=0.032 D_B=0.028 D_A(real)=0.94 D_A(fake)=0.06 gnG=43.28 gnD=1.95 it_per_s=7.29
2026-10-03 08:43:15,990 INFO iter=117200 epoch=17 lr=2.00e-04 G=7.333 advA2B=0.905 advB2A=0.918 cycA=0.182 cycB=0.188 idtA=0.161 idtB=0.201 D_A=0.032 D_B=0.028 D_A(real)=0.94 D_A(fake)=0.06 gnG=43.26 gnD=1.95 it_per_s=7.29
2026-10-03 08:43:29,668 INFO iter=117300 epoch=17 lr=2.00e-04 G=7.337 advA2B=0.904 advB2A=0.918 cycA=0.182 cycB=0.188 idtA=0.160 idtB=0.201 D_A=0.032 D_B=0.028 D_A(real)=0.94 D_A(fake)=0.06 gnG=43.92 gnD=1.95 it_per_s=7.29
2026-10-03 08:43:43,716 INFO iter=117400 epoch=17 lr=2.00e-04 G=7.355 advA2B=0.905 advB2A=0.918 cycA=0.183 cycB=0.189 idtA=0.161 idtB=0.202 D_A=0.032 D_B=0.028 D_A(real)=0.94 D_A(fake)=0.06 gnG=44.17 gnD=1.95 it_per_s=7.28
2026-10-03 08:43:57,388 INFO iter=117500 epoch=17 lr=2.00e-04 G=7.361 advA2B=0.906 advB2A=0.916 cycA=0.183 cycB=0.189 idtA=0.161 idtB=0.202 D_A=0.032 D_B=0.028 D_A(real)=0.94 D_A(fake)=0.06 gnG=44.58 gnD=1.95 it_per_s=7.28
2026-10-03 08:44:10,991 INFO iter=117600 epoch=17 lr=2.00e-04 G=7.371 advA2B=0.906 advB2A=0.915 cycA=0.184 cycB=0.190 idtA=0.161 idtB=0.203 D_A=0.033 D_B=0.028 D_A(real)=0.94 D_A(fake)=0.06 gnG=45.22 gnD=1.95 it_per_s=7.29
2026-10-03 08:44:24,651 INFO iter=117700 epoch=17 lr=2.00e-04 G=7.379 advA2B=0.907 advB2A=0.915 cycA=0.184 cycB=0.190 idtA=0.161 idtB=0.203 D_A=0.033 D_B=0.028 D_A(real)=0.94 D_A(fake)=0.06 gnG=45.74 gnD=1.94 it_per_s=7.29
2026-10-03 08:44:38,333 INFO iter=117800 epoch=17 lr=2.00e-04 G=7.376 advA2B=0.908 advB2A=0.916 cycA=0.184 cycB=0.190 idtA=0.161 idtB=0.203 D_A=0.033 D_B=0.028 D_A(real)=0.94 D_A(fake)=0.06 gnG=45.99 gnD=1.94 it_per_s=7.29
2026-10-03 08:44:51,979 INFO iter=117900 epoch=17 lr=2.00e-04 G=7.370 advA2B=0.909 advB2A=0.915 cycA=0.183 cycB=0.190 idtA=0.161 idtB=0.203 D_A=0.033 D_B=0.028 D_A(real)=0.94 D_A(fake)=0.06 gnG=46.27 gnD=1.94 it_per_s=7.29
2026-10-03 08:45:05,653 INFO iter=118000 epoch=17 lr=2.00e-04 G=7.367 advA2B=0.910 advB2A=0.914 cycA=0.183 cycB=0.190 idtA=0.161 idtB=0.202 D_A=0.033 D_B=0.027 D_A(real)=0.94 D_A(fake)=0.06 gnG=46.55 gnD=1.94 it_per_s=7.29
2026-10-03 08:45:19,310 INFO iter=118100 epoch=17 lr=2.00e-04 G=7.359 advA2B=0.911 advB2A=0.912 cycA=0.183 cycB=0.189 idtA=0.161 idtB=0.202 D_A=0.033 D_B=0.027 D_A(real)=0.94 D_A(fake)=0.06 gnG=46.75 gnD=1.94 it_per_s=7.29
2026-10-03 08:45:32,976 INFO iter=118200 epoch=17 lr=2.00e-04 G=7.351 advA2B=0.911 advB2A=0.910 cycA=0.183 cycB=0.189 idtA=0.161 idtB=0.202 D_A=0.034 D_B=0.027 D_A(real)=0.94 D_A(fake)=0.06 gnG=46.93 gnD=1.95 it_per_s=7.29
2026-10-03 08:45:46,694 INFO iter=118300 epoch=17 lr=2.00e-04 G=7.350 advA2B=0.911 advB2A=0.910 cycA=0.183 cycB=0.189 idtA=0.161 idtB=0.202 D_A=0.034 D_B=0.027 D_A(real)=0.94 D_A(fake)=0.06 gnG=47.50 gnD=1.95 it_per_s=7.29
2026-10-03 08:46:00,395 INFO iter=118400 epoch=17 lr=2.00e-04 G=7.347 advA2B=0.911 advB2A=0.910 cycA=0.183 cycB=0.189 idtA=0.161 idtB=0.202 D_A=0.034 D_B=0.027 D_A(real)=0.93 D_A(fake)=0.07 gnG=48.00 gnD=1.95 it_per_s=7.29
2026-10-03 08:46:14,096 INFO iter=118500 epoch=17 lr=2.00e-04 G=7.341 advA2B=0.911 advB2A=0.910 cycA=0.183 cycB=0.189 idtA=0.161 idtB=0.201 D_A=0.034 D_B=0.027 D_A(real)=0.93 D_A(fake)=0.07 gnG=48.10 gnD=1.95 it_per_s=7.29
2026-10-03 08:46:27,671 INFO iter=118600 epoch=17 lr=2.00e-04 G=7.336 advA2B=0.911 advB2A=0.911 cycA=0.182 cycB=0.188 idtA=0.160 idtB=0.201 D_A=0.034 D_B=0.027 D_A(real)=0.93 D_A(fake)=0.06 gnG=48.20 gnD=1.94 it_per_s=7.29
2026-10-03 08:46:41,232 INFO iter=118700 epoch=17 lr=2.00e-04 G=7.328 advA2B=0.910 advB2A=0.911 cycA=0.182 cycB=0.188 idtA=0.160 idtB=0.201 D_A=0.033 D_B=0.027 D_A(real)=0.94 D_A(fake)=0.06 gnG=48.29 gnD=1.94 it_per_s=7.29
2026-10-03 08:46:55,002 INFO iter=118800 epoch=17 lr=2.00e-04 G=7.318 advA2B=0.909 advB2A=0.911 cycA=0.182 cycB=0.188 idtA=0.160 idtB=0.200 D_A=0.033 D_B=0.027 D_A(real)=0.94 D_A(fake)=0.06 gnG=48.36 gnD=1.94 it_per_s=7.29
2026-10-03 08:47:08,911 INFO iter=118900 epoch=17 lr=2.00e-04 G=7.316 advA2B=0.909 advB2A=0.911 cycA=0.182 cycB=0.188 idtA=0.160 idtB=0.200 D_A=0.033 D_B=0.027 D_A(real)=0.94 D_A(fake)=0.06 gnG=48.42 gnD=1.93 it_per_s=7.29
2026-10-03 08:47:22,466 INFO iter=119000 epoch=17 lr=2.00e-04 G=7.312 advA2B=0.909 advB2A=0.910 cycA=0.182 cycB=0.188 idtA=0.160 idtB=0.200 D_A=0.033 D_B=0.027 D_A(real)=0.94 D_A(fake)=0.06 gnG=48.57 gnD=1.93 it_per_s=7.29
2026-10-03 08:47:36,021 INFO iter=119100 epoch=17 lr=2.00e-04 G=7.307 advA2B=0.907 advB2A=0.910 cycA=0.182 cycB=0.187 idtA=0.160 idtB=0.200 D_A=0.033 D_B=0.027 D_A(real)=0.94 D_A(fake)=0.06 gnG=48.71 gnD=1.93 it_per_s=7.29
2026-10-03 08:47:49,603 INFO iter=119200 epoch=17 lr=2.00e-04 G=7.302 advA2B=0.907 advB2A=0.911 cycA=0.181 cycB=0.187 idtA=0.160 idtB=0.200 D_A=0.033 D_B=0.028 D_A(real)=0.94 D_A(fake)=0.06 gnG=48.68 gnD=1.93 it_per_s=7.29
2026-10-03 08:48:03,133 INFO iter=119300 epoch=17 lr=2.00e-04 G=7.304 advA2B=0.906 advB2A=0.911 cycA=0.181 cycB=0.187 idtA=0.160 idtB=0.200 D_A=0.033 D_B=0.028 D_A(real)=0.94 D_A(fake)=0.06 gnG=49.07 gnD=1.93 it_per_s=7.29
2026-10-03 08:48:16,790 INFO iter=119400 epoch=17 lr=2.00e-04 G=7.303 advA2B=0.907 advB2A=0.911 cycA=0.181 cycB=0.187 idtA=0.160 idtB=0.200 D_A=0.033 D_B=0.028 D_A(real)=0.94 D_A(fake)=0.06 gnG=49.14 gnD=1.93 it_per_s=7.30
2026-10-03 08:48:30,692 INFO iter=119500 epoch=17 lr=2.00e-04 G=7.298 advA2B=0.905 advB2A=0.912 cycA=0.181 cycB=0.187 idtA=0.160 idtB=0.200 D_A=0.033 D_B=0.028 D_A(real)=0.94 D_A(fake)=0.06 gnG=48.99 gnD=1.94 it_per_s=7.29
2026-10-03 08:48:44,485 INFO iter=119600 epoch=17 lr=2.00e-04 G=7.291 advA2B=0.905 advB2A=0.911 cycA=0.181 cycB=0.187 idtA=0.160 idtB=0.200 D_A=0.033 D_B=0.029 D_A(real)=0.94 D_A(fake)=0.06 gnG=48.98 gnD=1.94 it_per_s=7.29
2026-10-03 08:48:50,785 INFO epoch=17 done time_s=965 it_per_s=7.29 G=7.291 cycA=0.181 cycB=0.187 idtA=0.160 idtB=0.200 D_A=0.033 D_B=0.029 D_A(real)=0.94 D_A(fake)=0.06 nan_count=0
2026-10-03 08:48:50,785 WARNING epoch=17 D_A (Monet) loss 0.0332 is near 0: possible discriminator overfitting
2026-10-03 08:48:58,899 INFO iter=119700 epoch=18 lr=2.00e-04 G=7.253 advA2B=0.985 advB2A=0.933 cycA=0.174 cycB=0.181 idtA=0.157 idtB=0.200 D_A=0.035 D_B=0.032 D_A(real)=0.92 D_A(fake)=0.07 gnG=42.97 gnD=2.03 it_per_s=7.15
2026-10-03 08:49:12,436 INFO iter=119800 epoch=18 lr=2.00e-04 G=7.176 advA2B=0.930 advB2A=0.908 cycA=0.170 cycB=0.186 idtA=0.151 idtB=0.204 D_A=0.033 D_B=0.038 D_A(real)=0.93 D_A(fake)=0.07 gnG=46.98 gnD=1.86 it_per_s=7.30
2026-10-03 08:49:26,143 INFO iter=119900 epoch=18 lr=2.00e-04 G=7.184 advA2B=0.928 advB2A=0.903 cycA=0.174 cycB=0.183 idtA=0.156 idtB=0.200 D_A=0.031 D_B=0.029 D_A(real)=0.94 D_A(fake)=0.06 gnG=47.11 gnD=1.78 it_per_s=7.30
2026-10-03 08:49:39,798 INFO iter=120000 epoch=18 lr=2.00e-04 G=7.136 advA2B=0.925 advB2A=0.898 cycA=0.176 cycB=0.178 idtA=0.158 idtB=0.197 D_A=0.033 D_B=0.028 D_A(real)=0.93 D_A(fake)=0.06 gnG=49.27 gnD=1.79 it_per_s=7.31
2026-10-03 08:49:53,448 INFO iter=120100 epoch=18 lr=2.00e-04 G=7.120 advA2B=0.927 advB2A=0.901 cycA=0.175 cycB=0.178 idtA=0.157 idtB=0.195 D_A=0.034 D_B=0.024 D_A(real)=0.93 D_A(fake)=0.07 gnG=49.14 gnD=1.81 it_per_s=7.31
2026-10-03 08:50:07,080 INFO iter=120200 epoch=18 lr=2.00e-04 G=7.094 advA2B=0.930 advB2A=0.907 cycA=0.173 cycB=0.178 idtA=0.156 idtB=0.192 D_A=0.033 D_B=0.025 D_A(real)=0.93 D_A(fake)=0.06 gnG=48.00 gnD=1.83 it_per_s=7.31
2026-10-03 08:50:20,580 INFO iter=120300 epoch=18 lr=2.00e-04 G=7.073 advA2B=0.939 advB2A=0.913 cycA=0.173 cycB=0.176 idtA=0.155 idtB=0.190 D_A=0.031 D_B=0.023 D_A(real)=0.94 D_A(fake)=0.06 gnG=47.17 gnD=1.71 it_per_s=7.33
2026-10-03 08:50:34,150 INFO iter=120400 epoch=18 lr=2.00e-04 G=7.088 advA2B=0.945 advB2A=0.916 cycA=0.174 cycB=0.177 idtA=0.155 idtB=0.188 D_A=0.031 D_B=0.022 D_A(real)=0.94 D_A(fake)=0.06 gnG=46.87 gnD=1.63 it_per_s=7.33
2026-10-03 08:50:47,717 INFO iter=120500 epoch=18 lr=2.00e-04 G=7.074 advA2B=0.939 advB2A=0.913 cycA=0.173 cycB=0.177 idtA=0.155 idtB=0.188 D_A=0.030 D_B=0.020 D_A(real)=0.94 D_A(fake)=0.06 gnG=46.79 gnD=1.60 it_per_s=7.34
2026-10-03 08:51:01,367 INFO iter=120600 epoch=18 lr=2.00e-04 G=7.043 advA2B=0.940 advB2A=0.916 cycA=0.172 cycB=0.176 idtA=0.154 idtB=0.187 D_A=0.030 D_B=0.020 D_A(real)=0.94 D_A(fake)=0.06 gnG=47.29 gnD=1.60 it_per_s=7.34
2026-10-03 08:51:15,326 INFO iter=120700 epoch=18 lr=2.00e-04 G=7.047 advA2B=0.942 advB2A=0.915 cycA=0.172 cycB=0.176 idtA=0.154 idtB=0.187 D_A=0.031 D_B=0.020 D_A(real)=0.94 D_A(fake)=0.06 gnG=47.01 gnD=1.63 it_per_s=7.32
2026-10-03 08:51:29,092 INFO iter=120800 epoch=18 lr=2.00e-04 G=7.047 advA2B=0.941 advB2A=0.913 cycA=0.172 cycB=0.176 idtA=0.155 idtB=0.186 D_A=0.032 D_B=0.020 D_A(real)=0.94 D_A(fake)=0.06 gnG=46.36 gnD=1.65 it_per_s=7.32
2026-10-03 08:51:42,926 INFO iter=120900 epoch=18 lr=2.00e-04 G=7.036 advA2B=0.938 advB2A=0.912 cycA=0.173 cycB=0.176 idtA=0.155 idtB=0.185 D_A=0.032 D_B=0.020 D_A(real)=0.94 D_A(fake)=0.06 gnG=45.90 gnD=1.67 it_per_s=7.31
2026-10-03 08:51:56,616 INFO iter=121000 epoch=18 lr=2.00e-04 G=7.027 advA2B=0.934 advB2A=0.912 cycA=0.172 cycB=0.176 idtA=0.155 idtB=0.185 D_A=0.032 D_B=0.021 D_A(real)=0.94 D_A(fake)=0.06 gnG=45.53 gnD=1.71 it_per_s=7.31
2026-10-03 08:52:10,265 INFO iter=121100 epoch=18 lr=2.00e-04 G=7.020 advA2B=0.933 advB2A=0.914 cycA=0.172 cycB=0.176 idtA=0.155 idtB=0.185 D_A=0.033 D_B=0.022 D_A(real)=0.94 D_A(fake)=0.06 gnG=45.10 gnD=1.74 it_per_s=7.31
2026-10-03 08:52:23,829 INFO iter=121200 epoch=18 lr=2.00e-04 G=7.039 advA2B=0.932 advB2A=0.913 cycA=0.173 cycB=0.176 idtA=0.155 idtB=0.186 D_A=0.032 D_B=0.022 D_A(real)=0.94 D_A(fake)=0.06 gnG=45.66 gnD=1.73 it_per_s=7.31
2026-10-03 08:52:37,444 INFO iter=121300 epoch=18 lr=2.00e-04 G=7.050 advA2B=0.932 advB2A=0.912 cycA=0.173 cycB=0.177 idtA=0.156 idtB=0.186 D_A=0.033 D_B=0.022 D_A(real)=0.94 D_A(fake)=0.06 gnG=45.17 gnD=1.75 it_per_s=7.32
2026-10-03 08:52:51,307 INFO iter=121400 epoch=18 lr=2.00e-04 G=7.039 advA2B=0.929 advB2A=0.910 cycA=0.173 cycB=0.177 idtA=0.156 idtB=0.185 D_A=0.034 D_B=0.022 D_A(real)=0.93 D_A(fake)=0.07 gnG=44.88 gnD=1.77 it_per_s=7.31
2026-10-03 08:53:05,371 INFO iter=121500 epoch=18 lr=2.00e-04 G=7.020 advA2B=0.927 advB2A=0.910 cycA=0.172 cycB=0.176 idtA=0.156 idtB=0.184 D_A=0.034 D_B=0.024 D_A(real)=0.93 D_A(fake)=0.07 gnG=44.29 gnD=1.78 it_per_s=7.30
2026-10-03 08:53:19,205 INFO iter=121600 epoch=18 lr=2.00e-04 G=7.023 advA2B=0.926 advB2A=0.906 cycA=0.173 cycB=0.176 idtA=0.156 idtB=0.184 D_A=0.035 D_B=0.024 D_A(real)=0.93 D_A(fake)=0.07 gnG=44.77 gnD=1.81 it_per_s=7.29
2026-10-03 08:53:33,131 INFO iter=121700 epoch=18 lr=2.00e-04 G=7.060 advA2B=0.925 advB2A=0.904 cycA=0.173 cycB=0.179 idtA=0.157 idtB=0.186 D_A=0.036 D_B=0.024 D_A(real)=0.93 D_A(fake)=0.07 gnG=44.34 gnD=1.80 it_per_s=7.29
2026-10-03 08:53:47,419 INFO iter=121800 epoch=18 lr=2.00e-04 G=7.075 advA2B=0.926 advB2A=0.903 cycA=0.173 cycB=0.180 idtA=0.157 idtB=0.187 D_A=0.036 D_B=0.024 D_A(real)=0.93 D_A(fake)=0.07 gnG=44.04 gnD=1.79 it_per_s=7.28
2026-10-03 08:54:01,415 INFO iter=121900 epoch=18 lr=2.00e-04 G=7.071 advA2B=0.922 advB2A=0.902 cycA=0.173 cycB=0.180 idtA=0.157 idtB=0.187 D_A=0.035 D_B=0.025 D_A(real)=0.93 D_A(fake)=0.07 gnG=43.63 gnD=1.78 it_per_s=7.27
2026-10-03 08:54:15,069 INFO iter=122000 epoch=18 lr=2.00e-04 G=7.056 advA2B=0.922 advB2A=0.900 cycA=0.172 cycB=0.179 idtA=0.157 idtB=0.187 D_A=0.035 D_B=0.026 D_A(real)=0.93 D_A(fake)=0.07 gnG=43.12 gnD=1.80 it_per_s=7.27
2026-10-03 08:54:28,853 INFO iter=122100 epoch=18 lr=2.00e-04 G=7.050 advA2B=0.920 advB2A=0.900 cycA=0.172 cycB=0.179 idtA=0.157 idtB=0.187 D_A=0.035 D_B=0.026 D_A(real)=0.93 D_A(fake)=0.07 gnG=42.70 gnD=1.81 it_per_s=7.27
2026-10-03 08:54:42,538 INFO iter=122200 epoch=18 lr=2.00e-04 G=7.052 advA2B=0.920 advB2A=0.901 cycA=0.172 cycB=0.179 idtA=0.156 idtB=0.187 D_A=0.035 D_B=0.026 D_A(real)=0.93 D_A(fake)=0.07 gnG=42.72 gnD=1.82 it_per_s=7.27
2026-10-03 08:54:56,174 INFO iter=122300 epoch=18 lr=2.00e-04 G=7.046 advA2B=0.917 advB2A=0.902 cycA=0.172 cycB=0.179 idtA=0.156 idtB=0.187 D_A=0.035 D_B=0.027 D_A(real)=0.93 D_A(fake)=0.07 gnG=42.96 gnD=1.82 it_per_s=7.27
2026-10-03 08:55:09,789 INFO iter=122400 epoch=18 lr=2.00e-04 G=7.043 advA2B=0.917 advB2A=0.901 cycA=0.172 cycB=0.179 idtA=0.157 idtB=0.187 D_A=0.035 D_B=0.027 D_A(real)=0.93 D_A(fake)=0.07 gnG=43.42 gnD=1.82 it_per_s=7.28
2026-10-03 08:55:23,347 INFO iter=122500 epoch=18 lr=2.00e-04 G=7.043 advA2B=0.916 advB2A=0.902 cycA=0.172 cycB=0.179 idtA=0.157 idtB=0.187 D_A=0.035 D_B=0.027 D_A(real)=0.93 D_A(fake)=0.07 gnG=43.38 gnD=1.80 it_per_s=7.28
2026-10-03 08:55:36,893 INFO iter=122600 epoch=18 lr=2.00e-04 G=7.043 advA2B=0.915 advB2A=0.901 cycA=0.172 cycB=0.179 idtA=0.157 idtB=0.187 D_A=0.035 D_B=0.027 D_A(real)=0.93 D_A(fake)=0.07 gnG=43.18 gnD=1.82 it_per_s=7.28
2026-10-03 08:55:50,434 INFO iter=122700 epoch=18 lr=2.00e-04 G=7.125 advA2B=0.915 advB2A=0.901 cycA=0.174 cycB=0.182 idtA=0.157 idtB=0.192 D_A=0.035 D_B=0.027 D_A(real)=0.93 D_A(fake)=0.07 gnG=46.29 gnD=1.81 it_per_s=7.29
2026-10-03 08:56:04,115 INFO iter=122800 epoch=18 lr=2.00e-04 G=7.182 advA2B=0.916 advB2A=0.900 cycA=0.176 cycB=0.185 idtA=0.158 idtB=0.195 D_A=0.035 D_B=0.027 D_A(real)=0.93 D_A(fake)=0.07 gnG=50.24 gnD=1.81 it_per_s=7.29
2026-10-03 08:56:17,817 INFO iter=122900 epoch=18 lr=2.00e-04 G=7.268 advA2B=0.918 advB2A=0.900 cycA=0.178 cycB=0.188 idtA=0.159 idtB=0.200 D_A=0.035 D_B=0.027 D_A(real)=0.93 D_A(fake)=0.07 gnG=54.58 gnD=1.79 it_per_s=7.29
2026-10-03 08:56:31,512 INFO iter=123000 epoch=18 lr=2.00e-04 G=7.299 advA2B=0.920 advB2A=0.902 cycA=0.178 cycB=0.189 idtA=0.159 idtB=0.202 D_A=0.034 D_B=0.026 D_A(real)=0.93 D_A(fake)=0.07 gnG=54.09 gnD=1.76 it_per_s=7.29
2026-10-03 08:56:45,050 INFO iter=123100 epoch=18 lr=2.00e-04 G=7.318 advA2B=0.922 advB2A=0.901 cycA=0.178 cycB=0.190 idtA=0.159 idtB=0.203 D_A=0.035 D_B=0.026 D_A(real)=0.93 D_A(fake)=0.07 gnG=53.69 gnD=1.74 it_per_s=7.29
2026-10-03 08:56:58,812 INFO iter=123200 epoch=18 lr=2.00e-04 G=7.333 advA2B=0.924 advB2A=0.901 cycA=0.179 cycB=0.190 idtA=0.159 idtB=0.204 D_A=0.035 D_B=0.025 D_A(real)=0.93 D_A(fake)=0.07 gnG=53.65 gnD=1.72 it_per_s=7.29
2026-10-03 08:57:13,081 INFO iter=123300 epoch=18 lr=2.00e-04 G=7.335 advA2B=0.926 advB2A=0.901 cycA=0.179 cycB=0.190 idtA=0.160 idtB=0.204 D_A=0.034 D_B=0.025 D_A(real)=0.93 D_A(fake)=0.07 gnG=53.21 gnD=1.71 it_per_s=7.28
2026-10-03 08:57:27,286 INFO iter=123400 epoch=18 lr=2.00e-04 G=7.347 advA2B=0.928 advB2A=0.901 cycA=0.179 cycB=0.191 idtA=0.160 idtB=0.205 D_A=0.035 D_B=0.024 D_A(real)=0.93 D_A(fake)=0.07 gnG=52.98 gnD=1.70 it_per_s=7.28
2026-10-03 08:57:41,495 INFO iter=123500 epoch=18 lr=2.00e-04 G=7.344 advA2B=0.929 advB2A=0.901 cycA=0.179 cycB=0.190 idtA=0.160 idtB=0.205 D_A=0.035 D_B=0.024 D_A(real)=0.93 D_A(fake)=0.07 gnG=52.67 gnD=1.69 it_per_s=7.27
2026-10-03 08:57:55,762 INFO iter=123600 epoch=18 lr=2.00e-04 G=7.338 advA2B=0.931 advB2A=0.901 cycA=0.179 cycB=0.190 idtA=0.159 idtB=0.205 D_A=0.035 D_B=0.023 D_A(real)=0.93 D_A(fake)=0.07 gnG=52.42 gnD=1.68 it_per_s=7.26
2026-10-03 08:58:09,928 INFO iter=123700 epoch=18 lr=2.00e-04 G=7.329 advA2B=0.932 advB2A=0.900 cycA=0.178 cycB=0.190 idtA=0.159 idtB=0.204 D_A=0.035 D_B=0.023 D_A(real)=0.93 D_A(fake)=0.07 gnG=52.19 gnD=1.66 it_per_s=7.26
2026-10-03 08:58:23,653 INFO iter=123800 epoch=18 lr=2.00e-04 G=7.326 advA2B=0.933 advB2A=0.900 cycA=0.178 cycB=0.189 idtA=0.159 idtB=0.204 D_A=0.036 D_B=0.022 D_A(real)=0.93 D_A(fake)=0.07 gnG=52.02 gnD=1.66 it_per_s=7.26
2026-10-03 08:58:37,379 INFO iter=123900 epoch=18 lr=2.00e-04 G=7.321 advA2B=0.934 advB2A=0.900 cycA=0.178 cycB=0.189 idtA=0.160 idtB=0.204 D_A=0.036 D_B=0.022 D_A(real)=0.93 D_A(fake)=0.07 gnG=52.01 gnD=1.66 it_per_s=7.26
2026-10-03 08:58:51,262 INFO iter=124000 epoch=18 lr=2.00e-04 G=7.317 advA2B=0.935 advB2A=0.901 cycA=0.178 cycB=0.189 idtA=0.159 idtB=0.203 D_A=0.036 D_B=0.022 D_A(real)=0.93 D_A(fake)=0.07 gnG=51.87 gnD=1.66 it_per_s=7.26
2026-10-03 08:59:05,073 INFO iter=124100 epoch=18 lr=2.00e-04 G=7.307 advA2B=0.936 advB2A=0.899 cycA=0.178 cycB=0.188 idtA=0.160 idtB=0.203 D_A=0.036 D_B=0.021 D_A(real)=0.93 D_A(fake)=0.07 gnG=51.75 gnD=1.65 it_per_s=7.26
2026-10-03 08:59:18,858 INFO iter=124200 epoch=18 lr=2.00e-04 G=7.300 advA2B=0.937 advB2A=0.899 cycA=0.178 cycB=0.188 idtA=0.160 idtB=0.202 D_A=0.036 D_B=0.021 D_A(real)=0.93 D_A(fake)=0.07 gnG=51.63 gnD=1.65 it_per_s=7.26
2026-10-03 08:59:32,528 INFO iter=124300 epoch=18 lr=2.00e-04 G=7.299 advA2B=0.938 advB2A=0.900 cycA=0.178 cycB=0.188 idtA=0.160 idtB=0.202 D_A=0.037 D_B=0.021 D_A(real)=0.93 D_A(fake)=0.07 gnG=51.68 gnD=1.64 it_per_s=7.26
2026-10-03 08:59:46,355 INFO iter=124400 epoch=18 lr=2.00e-04 G=7.293 advA2B=0.939 advB2A=0.901 cycA=0.177 cycB=0.187 idtA=0.160 idtB=0.202 D_A=0.037 D_B=0.020 D_A(real)=0.93 D_A(fake)=0.07 gnG=51.53 gnD=1.63 it_per_s=7.26
2026-10-03 09:00:00,200 INFO iter=124500 epoch=18 lr=2.00e-04 G=7.289 advA2B=0.940 advB2A=0.901 cycA=0.177 cycB=0.187 idtA=0.160 idtB=0.201 D_A=0.037 D_B=0.020 D_A(real)=0.93 D_A(fake)=0.07 gnG=51.66 gnD=1.62 it_per_s=7.26
2026-10-03 09:00:14,030 INFO iter=124600 epoch=18 lr=2.00e-04 G=7.283 advA2B=0.941 advB2A=0.900 cycA=0.177 cycB=0.187 idtA=0.159 idtB=0.201 D_A=0.037 D_B=0.020 D_A(real)=0.93 D_A(fake)=0.07 gnG=51.58 gnD=1.61 it_per_s=7.26
2026-10-03 09:00:27,686 INFO iter=124700 epoch=18 lr=2.00e-04 G=7.279 advA2B=0.942 advB2A=0.900 cycA=0.177 cycB=0.186 idtA=0.159 idtB=0.201 D_A=0.037 D_B=0.019 D_A(real)=0.93 D_A(fake)=0.07 gnG=51.52 gnD=1.61 it_per_s=7.26
2026-10-03 09:00:41,332 INFO iter=124800 epoch=18 lr=2.00e-04 G=7.270 advA2B=0.943 advB2A=0.900 cycA=0.177 cycB=0.186 idtA=0.159 idtB=0.200 D_A=0.037 D_B=0.019 D_A(real)=0.93 D_A(fake)=0.07 gnG=51.42 gnD=1.60 it_per_s=7.26
2026-10-03 09:00:55,021 INFO iter=124900 epoch=18 lr=2.00e-04 G=7.262 advA2B=0.945 advB2A=0.900 cycA=0.176 cycB=0.186 idtA=0.159 idtB=0.200 D_A=0.037 D_B=0.019 D_A(real)=0.93 D_A(fake)=0.07 gnG=51.23 gnD=1.59 it_per_s=7.26
2026-10-03 09:01:08,547 INFO iter=125000 epoch=18 lr=2.00e-04 G=7.255 advA2B=0.945 advB2A=0.899 cycA=0.176 cycB=0.185 idtA=0.159 idtB=0.199 D_A=0.037 D_B=0.019 D_A(real)=0.93 D_A(fake)=0.07 gnG=51.30 gnD=1.59 it_per_s=7.26
2026-10-03 09:01:22,082 INFO iter=125100 epoch=18 lr=2.00e-04 G=7.245 advA2B=0.946 advB2A=0.897 cycA=0.176 cycB=0.185 idtA=0.159 idtB=0.199 D_A=0.037 D_B=0.018 D_A(real)=0.93 D_A(fake)=0.07 gnG=51.19 gnD=1.59 it_per_s=7.26
2026-10-03 09:01:35,578 INFO iter=125200 epoch=18 lr=2.00e-04 G=7.239 advA2B=0.947 advB2A=0.898 cycA=0.176 cycB=0.185 idtA=0.159 idtB=0.199 D_A=0.037 D_B=0.018 D_A(real)=0.93 D_A(fake)=0.07 gnG=51.10 gnD=1.59 it_per_s=7.27
2026-10-03 09:01:49,068 INFO iter=125300 epoch=18 lr=2.00e-04 G=7.231 advA2B=0.947 advB2A=0.896 cycA=0.176 cycB=0.185 idtA=0.159 idtB=0.198 D_A=0.037 D_B=0.018 D_A(real)=0.93 D_A(fake)=0.07 gnG=51.09 gnD=1.58 it_per_s=7.27
2026-10-03 09:02:02,633 INFO iter=125400 epoch=18 lr=2.00e-04 G=7.226 advA2B=0.948 advB2A=0.896 cycA=0.175 cycB=0.184 idtA=0.159 idtB=0.198 D_A=0.038 D_B=0.018 D_A(real)=0.93 D_A(fake)=0.07 gnG=51.02 gnD=1.58 it_per_s=7.27
2026-10-03 09:02:16,191 INFO iter=125500 epoch=18 lr=2.00e-04 G=7.217 advA2B=0.949 advB2A=0.896 cycA=0.175 cycB=0.184 idtA=0.159 idtB=0.197 D_A=0.038 D_B=0.018 D_A(real)=0.93 D_A(fake)=0.07 gnG=50.83 gnD=1.57 it_per_s=7.27
2026-10-03 09:02:29,701 INFO iter=125600 epoch=18 lr=2.00e-04 G=7.212 advA2B=0.949 advB2A=0.895 cycA=0.175 cycB=0.184 idtA=0.159 idtB=0.197 D_A=0.038 D_B=0.018 D_A(real)=0.93 D_A(fake)=0.07 gnG=50.65 gnD=1.58 it_per_s=7.28
2026-10-03 09:02:43,196 INFO iter=125700 epoch=18 lr=2.00e-04 G=7.209 advA2B=0.950 advB2A=0.894 cycA=0.175 cycB=0.184 idtA=0.159 idtB=0.197 D_A=0.038 D_B=0.017 D_A(real)=0.93 D_A(fake)=0.07 gnG=50.73 gnD=1.58 it_per_s=7.28
2026-10-03 09:02:56,787 INFO iter=125800 epoch=18 lr=2.00e-04 G=7.205 advA2B=0.950 advB2A=0.894 cycA=0.175 cycB=0.184 idtA=0.159 idtB=0.197 D_A=0.038 D_B=0.017 D_A(real)=0.92 D_A(fake)=0.07 gnG=50.59 gnD=1.57 it_per_s=7.28
2026-10-03 09:03:10,626 INFO iter=125900 epoch=18 lr=2.00e-04 G=7.202 advA2B=0.950 advB2A=0.893 cycA=0.175 cycB=0.183 idtA=0.159 idtB=0.197 D_A=0.038 D_B=0.017 D_A(real)=0.92 D_A(fake)=0.07 gnG=50.47 gnD=1.57 it_per_s=7.28
2026-10-03 09:03:24,305 INFO iter=126000 epoch=18 lr=2.00e-04 G=7.197 advA2B=0.950 advB2A=0.894 cycA=0.174 cycB=0.183 idtA=0.159 idtB=0.196 D_A=0.038 D_B=0.017 D_A(real)=0.92 D_A(fake)=0.07 gnG=50.38 gnD=1.57 it_per_s=7.28
2026-10-03 09:03:37,970 INFO iter=126100 epoch=18 lr=2.00e-04 G=7.193 advA2B=0.950 advB2A=0.895 cycA=0.174 cycB=0.183 idtA=0.159 idtB=0.196 D_A=0.038 D_B=0.017 D_A(real)=0.92 D_A(fake)=0.07 gnG=50.31 gnD=1.56 it_per_s=7.28
2026-10-03 09:03:51,689 INFO iter=126200 epoch=18 lr=2.00e-04 G=7.188 advA2B=0.951 advB2A=0.895 cycA=0.174 cycB=0.183 idtA=0.159 idtB=0.196 D_A=0.038 D_B=0.017 D_A(real)=0.93 D_A(fake)=0.07 gnG=50.21 gnD=1.56 it_per_s=7.28
2026-10-03 09:04:05,503 INFO iter=126300 epoch=18 lr=2.00e-04 G=7.181 advA2B=0.951 advB2A=0.895 cycA=0.174 cycB=0.183 idtA=0.159 idtB=0.195 D_A=0.038 D_B=0.017 D_A(real)=0.93 D_A(fake)=0.07 gnG=50.04 gnD=1.55 it_per_s=7.28
2026-10-03 09:04:19,157 INFO iter=126400 epoch=18 lr=2.00e-04 G=7.175 advA2B=0.951 advB2A=0.895 cycA=0.174 cycB=0.183 idtA=0.159 idtB=0.195 D_A=0.038 D_B=0.017 D_A(real)=0.93 D_A(fake)=0.07 gnG=49.94 gnD=1.55 it_per_s=7.28
2026-10-03 09:04:32,763 INFO iter=126500 epoch=18 lr=2.00e-04 G=7.170 advA2B=0.949 advB2A=0.895 cycA=0.173 cycB=0.182 idtA=0.159 idtB=0.195 D_A=0.038 D_B=0.017 D_A(real)=0.93 D_A(fake)=0.07 gnG=49.88 gnD=1.55 it_per_s=7.28
2026-10-03 09:04:46,397 INFO iter=126600 epoch=18 lr=2.00e-04 G=7.166 advA2B=0.948 advB2A=0.895 cycA=0.173 cycB=0.182 idtA=0.159 idtB=0.195 D_A=0.038 D_B=0.018 D_A(real)=0.93 D_A(fake)=0.07 gnG=49.82 gnD=1.56 it_per_s=7.28
2026-10-03 09:04:57,839 INFO epoch=18 done time_s=967 it_per_s=7.28 G=7.159 cycA=0.173 cycB=0.182 idtA=0.159 idtB=0.194 D_A=0.038 D_B=0.018 D_A(real)=0.93 D_A(fake)=0.07 nan_count=0
2026-10-03 09:04:57,839 WARNING epoch=18 D_A (Monet) loss 0.0381 is near 0: possible discriminator overfitting
2026-10-03 09:05:00,657 INFO iter=126700 epoch=19 lr=2.00e-04 G=6.556 advA2B=0.899 advB2A=0.804 cycA=0.142 cycB=0.180 idtA=0.150 idtB=0.176 D_A=0.038 D_B=0.015 D_A(real)=0.92 D_A(fake)=0.09 gnG=35.86 gnD=1.56 it_per_s=7.00
2026-10-03 09:05:14,253 INFO iter=126800 epoch=19 lr=2.00e-04 G=6.870 advA2B=0.912 advB2A=0.869 cycA=0.163 cycB=0.177 idtA=0.162 idtB=0.176 D_A=0.032 D_B=0.027 D_A(real)=0.93 D_A(fake)=0.06 gnG=41.88 gnD=1.63 it_per_s=7.30
2026-10-03 09:05:27,758 INFO iter=126900 epoch=19 lr=2.00e-04 G=6.890 advA2B=0.938 advB2A=0.899 cycA=0.163 cycB=0.173 idtA=0.161 idtB=0.177 D_A=0.033 D_B=0.028 D_A(real)=0.93 D_A(fake)=0.06 gnG=41.27 gnD=1.61 it_per_s=7.35
2026-10-03 09:05:41,253 INFO iter=127000 epoch=19 lr=2.00e-04 G=6.980 advA2B=0.948 advB2A=0.899 cycA=0.166 cycB=0.176 idtA=0.160 idtB=0.182 D_A=0.034 D_B=0.022 D_A(real)=0.93 D_A(fake)=0.07 gnG=40.88 gnD=1.48 it_per_s=7.37
2026-10-03 09:05:54,817 INFO iter=127100 epoch=19 lr=2.00e-04 G=6.940 advA2B=0.950 advB2A=0.883 cycA=0.167 cycB=0.173 idtA=0.161 idtB=0.180 D_A=0.032 D_B=0.022 D_A(real)=0.94 D_A(fake)=0.06 gnG=42.96 gnD=1.53 it_per_s=7.37
2026-10-03 09:06:08,530 INFO iter=127200 epoch=19 lr=2.00e-04 G=6.960 advA2B=0.949 advB2A=0.876 cycA=0.167 cycB=0.175 idtA=0.162 idtB=0.182 D_A=0.034 D_B=0.022 D_A(real)=0.93 D_A(fake)=0.07 gnG=42.44 gnD=1.54 it_per_s=7.35
2026-10-03 09:06:22,357 INFO iter=127300 epoch=19 lr=2.00e-04 G=7.016 advA2B=0.956 advB2A=0.875 cycA=0.169 cycB=0.177 idtA=0.162 idtB=0.184 D_A=0.035 D_B=0.022 D_A(real)=0.93 D_A(fake)=0.07 gnG=42.65 gnD=1.57 it_per_s=7.33
2026-10-03 09:06:36,026 INFO iter=127400 epoch=19 lr=2.00e-04 G=7.004 advA2B=0.960 advB2A=0.875 cycA=0.168 cycB=0.176 idtA=0.161 idtB=0.184 D_A=0.037 D_B=0.020 D_A(real)=0.93 D_A(fake)=0.07 gnG=42.62 gnD=1.57 it_per_s=7.33
2026-10-03 09:06:49,541 INFO iter=127500 epoch=19 lr=2.00e-04 G=7.041 advA2B=0.960 advB2A=0.877 cycA=0.170 cycB=0.177 idtA=0.160 idtB=0.186 D_A=0.037 D_B=0.019 D_A(real)=0.93 D_A(fake)=0.07 gnG=42.35 gnD=1.56 it_per_s=7.34
2026-10-03 09:07:03,064 INFO iter=127600 epoch=19 lr=2.00e-04 G=7.086 advA2B=0.959 advB2A=0.878 cycA=0.172 cycB=0.178 idtA=0.161 idtB=0.189 D_A=0.037 D_B=0.019 D_A(real)=0.93 D_A(fake)=0.07 gnG=44.92 gnD=1.55 it_per_s=7.35
2026-10-03 09:07:16,584 INFO iter=127700 epoch=19 lr=2.00e-04 G=7.165 advA2B=0.954 advB2A=0.878 cycA=0.174 cycB=0.182 idtA=0.161 idtB=0.194 D_A=0.037 D_B=0.019 D_A(real)=0.93 D_A(fake)=0.07 gnG=44.53 gnD=1.56 it_per_s=7.35
2026-10-03 09:07:30,079 INFO iter=127800 epoch=19 lr=2.00e-04 G=7.259 advA2B=0.956 advB2A=0.878 cycA=0.178 cycB=0.185 idtA=0.162 idtB=0.198 D_A=0.036 D_B=0.018 D_A(real)=0.93 D_A(fake)=0.07 gnG=46.14 gnD=1.54 it_per_s=7.36
2026-10-03 09:07:43,617 INFO iter=127900 epoch=19 lr=2.00e-04 G=7.312 advA2B=0.958 advB2A=0.881 cycA=0.180 cycB=0.186 idtA=0.162 idtB=0.201 D_A=0.036 D_B=0.017 D_A(real)=0.93 D_A(fake)=0.07 gnG=45.58 gnD=1.53 it_per_s=7.36
2026-10-03 09:07:57,234 INFO iter=128000 epoch=19 lr=2.00e-04 G=7.329 advA2B=0.961 advB2A=0.880 cycA=0.180 cycB=0.186 idtA=0.162 idtB=0.202 D_A=0.037 D_B=0.017 D_A(real)=0.93 D_A(fake)=0.07 gnG=46.21 gnD=1.53 it_per_s=7.36
2026-10-03 09:08:11,329 INFO iter=128100 epoch=19 lr=2.00e-04 G=7.321 advA2B=0.963 advB2A=0.882 cycA=0.179 cycB=0.187 idtA=0.161 idtB=0.202 D_A=0.036 D_B=0.016 D_A(real)=0.93 D_A(fake)=0.07 gnG=45.53 gnD=1.50 it_per_s=7.34
2026-10-03 09:08:24,931 INFO iter=128200 epoch=19 lr=2.00e-04 G=7.315 advA2B=0.965 advB2A=0.880 cycA=0.179 cycB=0.187 idtA=0.161 idtB=0.202 D_A=0.038 D_B=0.015 D_A(real)=0.93 D_A(fake)=0.07 gnG=45.77 gnD=1.51 it_per_s=7.34
2026-10-03 09:08:39,062 INFO iter=128300 epoch=19 lr=2.00e-04 G=7.292 advA2B=0.964 advB2A=0.879 cycA=0.178 cycB=0.186 idtA=0.161 idtB=0.201 D_A=0.037 D_B=0.014 D_A(real)=0.93 D_A(fake)=0.07 gnG=45.31 gnD=1.50 it_per_s=7.32
2026-10-03 09:08:52,673 INFO iter=128400 epoch=19 lr=2.00e-04 G=7.279 advA2B=0.965 advB2A=0.881 cycA=0.178 cycB=0.185 idtA=0.161 idtB=0.200 D_A=0.037 D_B=0.014 D_A(real)=0.93 D_A(fake)=0.07 gnG=45.52 gnD=1.48 it_per_s=7.32
2026-10-03 09:09:06,521 INFO iter=128500 epoch=19 lr=2.00e-04 G=7.262 advA2B=0.966 advB2A=0.883 cycA=0.177 cycB=0.184 idtA=0.161 idtB=0.200 D_A=0.037 D_B=0.014 D_A(real)=0.93 D_A(fake)=0.07 gnG=45.40 gnD=1.45 it_per_s=7.32
2026-10-03 09:09:20,402 INFO iter=128600 epoch=19 lr=2.00e-04 G=7.257 advA2B=0.967 advB2A=0.886 cycA=0.177 cycB=0.184 idtA=0.162 idtB=0.199 D_A=0.036 D_B=0.013 D_A(real)=0.93 D_A(fake)=0.07 gnG=45.08 gnD=1.44 it_per_s=7.31
2026-10-03 09:09:34,066 INFO iter=128700 epoch=19 lr=2.00e-04 G=7.277 advA2B=0.968 advB2A=0.887 cycA=0.177 cycB=0.185 idtA=0.162 idtB=0.199 D_A=0.036 D_B=0.013 D_A(real)=0.93 D_A(fake)=0.07 gnG=44.95 gnD=1.44 it_per_s=7.31
2026-10-03 09:09:47,733 INFO iter=128800 epoch=19 lr=2.00e-04 G=7.276 advA2B=0.969 advB2A=0.887 cycA=0.176 cycB=0.185 idtA=0.163 idtB=0.199 D_A=0.037 D_B=0.013 D_A(real)=0.93 D_A(fake)=0.07 gnG=44.97 gnD=1.44 it_per_s=7.31
2026-10-03 09:10:01,425 INFO iter=128900 epoch=19 lr=2.00e-04 G=7.258 advA2B=0.970 advB2A=0.888 cycA=0.176 cycB=0.184 idtA=0.162 idtB=0.198 D_A=0.037 D_B=0.012 D_A(real)=0.93 D_A(fake)=0.07 gnG=44.63 gnD=1.44 it_per_s=7.31
2026-10-03 09:10:15,115 INFO iter=129000 epoch=19 lr=2.00e-04 G=7.242 advA2B=0.971 advB2A=0.887 cycA=0.175 cycB=0.184 idtA=0.162 idtB=0.198 D_A=0.038 D_B=0.012 D_A(real)=0.93 D_A(fake)=0.07 gnG=44.19 gnD=1.44 it_per_s=7.31
2026-10-03 09:10:28,746 INFO iter=129100 epoch=19 lr=2.00e-04 G=7.239 advA2B=0.971 advB2A=0.888 cycA=0.175 cycB=0.184 idtA=0.162 idtB=0.198 D_A=0.038 D_B=0.012 D_A(real)=0.93 D_A(fake)=0.07 gnG=44.47 gnD=1.45 it_per_s=7.31
2026-10-03 09:10:42,387 INFO iter=129200 epoch=19 lr=2.00e-04 G=7.224 advA2B=0.972 advB2A=0.885 cycA=0.174 cycB=0.183 idtA=0.162 idtB=0.197 D_A=0.038 D_B=0.012 D_A(real)=0.92 D_A(fake)=0.07 gnG=44.08 gnD=1.44 it_per_s=7.31
2026-10-03 09:10:56,075 INFO iter=129300 epoch=19 lr=2.00e-04 G=7.229 advA2B=0.972 advB2A=0.886 cycA=0.174 cycB=0.184 idtA=0.162 idtB=0.197 D_A=0.038 D_B=0.011 D_A(real)=0.92 D_A(fake)=0.07 gnG=43.71 gnD=1.44 it_per_s=7.31
2026-10-03 09:11:09,854 INFO iter=129400 epoch=19 lr=2.00e-04 G=7.210 advA2B=0.971 advB2A=0.882 cycA=0.174 cycB=0.183 idtA=0.162 idtB=0.196 D_A=0.039 D_B=0.011 D_A(real)=0.92 D_A(fake)=0.08 gnG=43.21 gnD=1.44 it_per_s=7.31
2026-10-03 09:11:23,374 INFO iter=129500 epoch=19 lr=2.00e-04 G=7.184 advA2B=0.969 advB2A=0.883 cycA=0.173 cycB=0.182 idtA=0.161 idtB=0.195 D_A=0.039 D_B=0.012 D_A(real)=0.92 D_A(fake)=0.08 gnG=42.74 gnD=1.46 it_per_s=7.31
2026-10-03 09:11:36,927 INFO iter=129600 epoch=19 lr=2.00e-04 G=7.168 advA2B=0.966 advB2A=0.882 cycA=0.172 cycB=0.182 idtA=0.161 idtB=0.195 D_A=0.039 D_B=0.012 D_A(real)=0.92 D_A(fake)=0.08 gnG=42.38 gnD=1.46 it_per_s=7.32
2026-10-03 09:11:50,446 INFO iter=129700 epoch=19 lr=2.00e-04 G=7.162 advA2B=0.964 advB2A=0.881 cycA=0.172 cycB=0.182 idtA=0.161 idtB=0.194 D_A=0.039 D_B=0.013 D_A(real)=0.92 D_A(fake)=0.08 gnG=42.29 gnD=1.47 it_per_s=7.32
2026-10-03 09:12:04,154 INFO iter=129800 epoch=19 lr=2.00e-04 G=7.152 advA2B=0.962 advB2A=0.880 cycA=0.172 cycB=0.182 idtA=0.161 idtB=0.194 D_A=0.039 D_B=0.014 D_A(real)=0.92 D_A(fake)=0.08 gnG=42.04 gnD=1.47 it_per_s=7.32
2026-10-03 09:12:17,785 INFO iter=129900 epoch=19 lr=2.00e-04 G=7.143 advA2B=0.960 advB2A=0.878 cycA=0.172 cycB=0.181 idtA=0.161 idtB=0.194 D_A=0.040 D_B=0.015 D_A(real)=0.92 D_A(fake)=0.08 gnG=41.69 gnD=1.49 it_per_s=7.32
2026-10-03 09:12:31,343 INFO iter=130000 epoch=19 lr=2.00e-04 G=7.130 advA2B=0.960 advB2A=0.878 cycA=0.171 cycB=0.181 idtA=0.161 idtB=0.193 D_A=0.040 D_B=0.015 D_A(real)=0.92 D_A(fake)=0.08 gnG=41.30 gnD=1.50 it_per_s=7.32
2026-10-03 09:12:44,885 INFO iter=130100 epoch=19 lr=2.00e-04 G=7.170 advA2B=0.961 advB2A=0.879 cycA=0.172 cycB=0.183 idtA=0.161 idtB=0.196 D_A=0.041 D_B=0.015 D_A(real)=0.92 D_A(fake)=0.08 gnG=42.89 gnD=1.49 it_per_s=7.32
2026-10-03 09:12:58,421 INFO iter=130200 epoch=19 lr=2.00e-04 G=7.184 advA2B=0.961 advB2A=0.875 cycA=0.173 cycB=0.183 idtA=0.162 idtB=0.196 D_A=0.041 D_B=0.015 D_A(real)=0.92 D_A(fake)=0.08 gnG=43.28 gnD=1.50 it_per_s=7.32
2026-10-03 09:13:12,199 INFO iter=130300 epoch=19 lr=2.00e-04 G=7.190 advA2B=0.961 advB2A=0.875 cycA=0.173 cycB=0.184 idtA=0.162 idtB=0.197 D_A=0.041 D_B=0.015 D_A(real)=0.92 D_A(fake)=0.08 gnG=43.45 gnD=1.51 it_per_s=7.32
2026-10-03 09:13:26,260 INFO iter=130400 epoch=19 lr=2.00e-04 G=7.187 advA2B=0.961 advB2A=0.875 cycA=0.172 cycB=0.184 idtA=0.162 idtB=0.197 D_A=0.041 D_B=0.015 D_A(real)=0.92 D_A(fake)=0.08 gnG=43.34 gnD=1.51 it_per_s=7.32
2026-10-03 09:13:39,986 INFO iter=130500 epoch=19 lr=2.00e-04 G=7.184 advA2B=0.960 advB2A=0.876 cycA=0.172 cycB=0.183 idtA=0.162 idtB=0.196 D_A=0.042 D_B=0.015 D_A(real)=0.92 D_A(fake)=0.08 gnG=43.33 gnD=1.51 it_per_s=7.32
2026-10-03 09:13:53,703 INFO iter=130600 epoch=19 lr=2.00e-04 G=7.175 advA2B=0.960 advB2A=0.877 cycA=0.172 cycB=0.183 idtA=0.162 idtB=0.196 D_A=0.041 D_B=0.015 D_A(real)=0.92 D_A(fake)=0.08 gnG=43.13 gnD=1.51 it_per_s=7.31
2026-10-03 09:14:07,411 INFO iter=130700 epoch=19 lr=2.00e-04 G=7.167 advA2B=0.960 advB2A=0.878 cycA=0.171 cycB=0.183 idtA=0.162 idtB=0.195 D_A=0.041 D_B=0.015 D_A(real)=0.92 D_A(fake)=0.08 gnG=42.98 gnD=1.51 it_per_s=7.31
2026-10-03 09:14:21,210 INFO iter=130800 epoch=19 lr=2.00e-04 G=7.159 advA2B=0.959 advB2A=0.879 cycA=0.171 cycB=0.183 idtA=0.161 idtB=0.195 D_A=0.041 D_B=0.015 D_A(real)=0.92 D_A(fake)=0.08 gnG=42.84 gnD=1.52 it_per_s=7.31
2026-10-03 09:14:35,004 INFO iter=130900 epoch=19 lr=2.00e-04 G=7.146 advA2B=0.959 advB2A=0.879 cycA=0.171 cycB=0.182 idtA=0.161 idtB=0.194 D_A=0.041 D_B=0.015 D_A(real)=0.92 D_A(fake)=0.08 gnG=42.62 gnD=1.52 it_per_s=7.31
2026-10-03 09:14:48,697 INFO iter=131000 epoch=19 lr=2.00e-04 G=7.135 advA2B=0.959 advB2A=0.880 cycA=0.170 cycB=0.182 idtA=0.161 idtB=0.194 D_A=0.042 D_B=0.014 D_A(real)=0.92 D_A(fake)=0.08 gnG=42.34 gnD=1.52 it_per_s=7.31
2026-10-03 09:15:02,359 INFO iter=131100 epoch=19 lr=2.00e-04 G=7.122 advA2B=0.959 advB2A=0.879 cycA=0.170 cycB=0.181 idtA=0.161 idtB=0.193 D_A=0.042 D_B=0.015 D_A(real)=0.92 D_A(fake)=0.08 gnG=42.17 gnD=1.52 it_per_s=7.31
2026-10-03 09:15:16,048 INFO iter=131200 epoch=19 lr=2.00e-04 G=7.116 advA2B=0.959 advB2A=0.879 cycA=0.170 cycB=0.181 idtA=0.161 idtB=0.193 D_A=0.042 D_B=0.014 D_A(real)=0.92 D_A(fake)=0.08 gnG=42.03 gnD=1.52 it_per_s=7.31
2026-10-03 09:15:29,625 INFO iter=131300 epoch=19 lr=2.00e-04 G=7.111 advA2B=0.958 advB2A=0.880 cycA=0.170 cycB=0.181 idtA=0.161 idtB=0.192 D_A=0.041 D_B=0.015 D_A(real)=0.92 D_A(fake)=0.08 gnG=42.00 gnD=1.52 it_per_s=7.31
2026-10-03 09:15:43,169 INFO iter=131400 epoch=19 lr=2.00e-04 G=7.103 advA2B=0.958 advB2A=0.880 cycA=0.169 cycB=0.181 idtA=0.160 idtB=0.192 D_A=0.041 D_B=0.015 D_A(real)=0.92 D_A(fake)=0.08 gnG=41.88 gnD=1.52 it_per_s=7.31
2026-10-03 09:15:56,716 INFO iter=131500 epoch=19 lr=2.00e-04 G=7.096 advA2B=0.958 advB2A=0.881 cycA=0.169 cycB=0.181 idtA=0.160 idtB=0.192 D_A=0.041 D_B=0.015 D_A(real)=0.92 D_A(fake)=0.08 gnG=41.69 gnD=1.52 it_per_s=7.32
2026-10-03 09:16:10,322 INFO iter=131600 epoch=19 lr=2.00e-04 G=7.092 advA2B=0.958 advB2A=0.882 cycA=0.169 cycB=0.181 idtA=0.160 idtB=0.191 D_A=0.041 D_B=0.015 D_A(real)=0.92 D_A(fake)=0.08 gnG=41.47 gnD=1.52 it_per_s=7.32
2026-10-03 09:16:23,963 INFO iter=131700 epoch=19 lr=2.00e-04 G=7.084 advA2B=0.958 advB2A=0.882 cycA=0.168 cycB=0.180 idtA=0.160 idtB=0.191 D_A=0.040 D_B=0.015 D_A(real)=0.92 D_A(fake)=0.08 gnG=41.33 gnD=1.51 it_per_s=7.32
2026-10-03 09:16:37,546 INFO iter=131800 epoch=19 lr=2.00e-04 G=7.082 advA2B=0.957 advB2A=0.882 cycA=0.168 cycB=0.180 idtA=0.160 idtB=0.191 D_A=0.040 D_B=0.015 D_A(real)=0.92 D_A(fake)=0.08 gnG=41.42 gnD=1.52 it_per_s=7.32
2026-10-03 09:16:51,124 INFO iter=131900 epoch=19 lr=2.00e-04 G=7.080 advA2B=0.957 advB2A=0.882 cycA=0.168 cycB=0.180 idtA=0.160 idtB=0.190 D_A=0.041 D_B=0.015 D_A(real)=0.92 D_A(fake)=0.08 gnG=41.48 gnD=1.52 it_per_s=7.32
2026-10-03 09:17:05,013 INFO iter=132000 epoch=19 lr=2.00e-04 G=7.079 advA2B=0.957 advB2A=0.881 cycA=0.168 cycB=0.180 idtA=0.161 idtB=0.190 D_A=0.041 D_B=0.015 D_A(real)=0.92 D_A(fake)=0.08 gnG=41.45 gnD=1.53 it_per_s=7.32
2026-10-03 09:17:18,804 INFO iter=132100 epoch=19 lr=2.00e-04 G=7.080 advA2B=0.957 advB2A=0.881 cycA=0.168 cycB=0.181 idtA=0.161 idtB=0.190 D_A=0.041 D_B=0.015 D_A(real)=0.92 D_A(fake)=0.08 gnG=41.40 gnD=1.53 it_per_s=7.31
2026-10-03 09:17:32,348 INFO iter=132200 epoch=19 lr=2.00e-04 G=7.081 advA2B=0.957 advB2A=0.880 cycA=0.168 cycB=0.181 idtA=0.161 idtB=0.190 D_A=0.041 D_B=0.015 D_A(real)=0.92 D_A(fake)=0.08 gnG=41.21 gnD=1.53 it_per_s=7.32
2026-10-03 09:17:45,937 INFO iter=132300 epoch=19 lr=2.00e-04 G=7.083 advA2B=0.956 advB2A=0.880 cycA=0.168 cycB=0.181 idtA=0.161 idtB=0.190 D_A=0.040 D_B=0.015 D_A(real)=0.92 D_A(fake)=0.08 gnG=41.26 gnD=1.53 it_per_s=7.32
2026-10-03 09:17:59,627 INFO iter=132400 epoch=19 lr=2.00e-04 G=7.079 advA2B=0.956 advB2A=0.880 cycA=0.168 cycB=0.181 idtA=0.161 idtB=0.190 D_A=0.041 D_B=0.015 D_A(real)=0.92 D_A(fake)=0.08 gnG=41.03 gnD=1.53 it_per_s=7.32
2026-10-03 09:18:13,440 INFO iter=132500 epoch=19 lr=2.00e-04 G=7.075 advA2B=0.955 advB2A=0.880 cycA=0.168 cycB=0.181 idtA=0.161 idtB=0.189 D_A=0.041 D_B=0.015 D_A(real)=0.92 D_A(fake)=0.08 gnG=41.07 gnD=1.54 it_per_s=7.31
2026-10-03 09:18:27,168 INFO iter=132600 epoch=19 lr=2.00e-04 G=7.075 advA2B=0.955 advB2A=0.879 cycA=0.168 cycB=0.181 idtA=0.161 idtB=0.189 D_A=0.040 D_B=0.015 D_A(real)=0.92 D_A(fake)=0.08 gnG=40.97 gnD=1.54 it_per_s=7.31
2026-10-03 09:18:41,098 INFO iter=132700 epoch=19 lr=2.00e-04 G=7.071 advA2B=0.954 advB2A=0.879 cycA=0.168 cycB=0.181 idtA=0.161 idtB=0.189 D_A=0.041 D_B=0.016 D_A(real)=0.92 D_A(fake)=0.08 gnG=40.81 gnD=1.55 it_per_s=7.31
2026-10-03 09:18:54,820 INFO iter=132800 epoch=19 lr=2.00e-04 G=7.075 advA2B=0.954 advB2A=0.878 cycA=0.168 cycB=0.181 idtA=0.162 idtB=0.189 D_A=0.041 D_B=0.015 D_A(real)=0.92 D_A(fake)=0.08 gnG=40.91 gnD=1.56 it_per_s=7.31
2026-10-03 09:19:08,792 INFO iter=132900 epoch=19 lr=2.00e-04 G=7.082 advA2B=0.954 advB2A=0.877 cycA=0.168 cycB=0.181 idtA=0.162 idtB=0.189 D_A=0.041 D_B=0.016 D_A(real)=0.92 D_A(fake)=0.08 gnG=40.83 gnD=1.57 it_per_s=7.31
2026-10-03 09:19:22,474 INFO iter=133000 epoch=19 lr=2.00e-04 G=7.083 advA2B=0.955 advB2A=0.876 cycA=0.168 cycB=0.182 idtA=0.162 idtB=0.188 D_A=0.041 D_B=0.016 D_A(real)=0.92 D_A(fake)=0.08 gnG=40.75 gnD=1.57 it_per_s=7.31
2026-10-03 09:19:36,267 INFO iter=133100 epoch=19 lr=2.00e-04 G=7.078 advA2B=0.954 advB2A=0.877 cycA=0.168 cycB=0.181 idtA=0.162 idtB=0.188 D_A=0.041 D_B=0.016 D_A(real)=0.92 D_A(fake)=0.08 gnG=40.68 gnD=1.57 it_per_s=7.31
2026-10-03 09:19:49,999 INFO iter=133200 epoch=19 lr=2.00e-04 G=7.074 advA2B=0.954 advB2A=0.877 cycA=0.168 cycB=0.181 idtA=0.162 idtB=0.188 D_A=0.041 D_B=0.016 D_A(real)=0.92 D_A(fake)=0.08 gnG=40.59 gnD=1.57 it_per_s=7.31
2026-10-03 09:20:03,788 INFO iter=133300 epoch=19 lr=2.00e-04 G=7.073 advA2B=0.954 advB2A=0.876 cycA=0.168 cycB=0.181 idtA=0.162 idtB=0.187 D_A=0.041 D_B=0.016 D_A(real)=0.92 D_A(fake)=0.08 gnG=40.46 gnD=1.57 it_per_s=7.31
2026-10-03 09:20:17,442 INFO iter=133400 epoch=19 lr=2.00e-04 G=7.074 advA2B=0.954 advB2A=0.877 cycA=0.168 cycB=0.182 idtA=0.162 idtB=0.187 D_A=0.041 D_B=0.016 D_A(real)=0.92 D_A(fake)=0.08 gnG=40.37 gnD=1.58 it_per_s=7.31
2026-10-03 09:20:30,985 INFO iter=133500 epoch=19 lr=2.00e-04 G=7.090 advA2B=0.954 advB2A=0.876 cycA=0.169 cycB=0.182 idtA=0.162 idtB=0.188 D_A=0.041 D_B=0.016 D_A(real)=0.92 D_A(fake)=0.08 gnG=40.63 gnD=1.58 it_per_s=7.31
2026-10-03 09:20:44,525 INFO iter=133600 epoch=19 lr=2.00e-04 G=7.107 advA2B=0.954 advB2A=0.876 cycA=0.169 cycB=0.183 idtA=0.163 idtB=0.189 D_A=0.041 D_B=0.016 D_A(real)=0.92 D_A(fake)=0.08 gnG=40.69 gnD=1.58 it_per_s=7.31
2026-10-03 09:20:58,041 INFO iter=133700 epoch=19 lr=2.00e-04 G=7.112 advA2B=0.954 advB2A=0.877 cycA=0.170 cycB=0.183 idtA=0.163 idtB=0.189 D_A=0.041 D_B=0.016 D_A(real)=0.92 D_A(fake)=0.08 gnG=40.70 gnD=1.57 it_per_s=7.31
2026-10-03 09:21:00,999 INFO epoch=19 done time_s=963 it_per_s=7.31 G=7.120 cycA=0.170 cycB=0.183 idtA=0.163 idtB=0.189 D_A=0.041 D_B=0.016 D_A(real)=0.92 D_A(fake)=0.08 nan_count=0
2026-10-03 09:21:00,999 WARNING epoch=19 D_A (Monet) loss 0.0410 is near 0: possible discriminator overfitting
2026-10-03 09:21:12,390 INFO iter=133800 epoch=20 lr=2.00e-04 G=7.908 advA2B=0.970 advB2A=0.891 cycA=0.197 cycB=0.213 idtA=0.161 idtB=0.229 D_A=0.046 D_B=0.004 D_A(real)=0.91 D_A(fake)=0.09 gnG=55.91 gnD=0.99 it_per_s=7.21
2026-10-03 09:21:25,940 INFO iter=133900 epoch=20 lr=2.00e-04 G=7.923 advA2B=0.983 advB2A=0.907 cycA=0.199 cycB=0.208 idtA=0.170 idtB=0.224 D_A=0.042 D_B=0.006 D_A(real)=0.92 D_A(fake)=0.08 gnG=48.43 gnD=1.17 it_per_s=7.31
2026-10-03 09:21:39,468 INFO iter=134000 epoch=20 lr=2.00e-04 G=7.922 advA2B=0.981 advB2A=0.902 cycA=0.198 cycB=0.210 idtA=0.170 idtB=0.221 D_A=0.042 D_B=0.006 D_A(real)=0.91 D_A(fake)=0.09 gnG=51.75 gnD=1.25 it_per_s=7.34
2026-10-03 09:21:53,016 INFO iter=134100 epoch=20 lr=2.00e-04 G=7.807 advA2B=0.987 advB2A=0.890 cycA=0.193 cycB=0.207 idtA=0.168 idtB=0.218 D_A=0.041 D_B=0.005 D_A(real)=0.92 D_A(fake)=0.08 gnG=50.35 gnD=1.21 it_per_s=7.35
2026-10-03 09:22:06,578 INFO iter=134200 epoch=20 lr=2.00e-04 G=7.746 advA2B=0.989 advB2A=0.887 cycA=0.192 cycB=0.204 idtA=0.166 idtB=0.216 D_A=0.041 D_B=0.004 D_A(real)=0.92 D_A(fake)=0.08 gnG=47.40 gnD=1.17 it_per_s=7.35
2026-10-03 09:22:20,354 INFO iter=134300 epoch=20 lr=2.00e-04 G=7.710 advA2B=0.992 advB2A=0.891 cycA=0.191 cycB=0.202 idtA=0.165 idtB=0.215 D_A=0.042 D_B=0.004 D_A(real)=0.92 D_A(fake)=0.08 gnG=49.56 gnD=1.21 it_per_s=7.34
2026-10-03 09:22:34,060 INFO iter=134400 epoch=20 lr=2.00e-04 G=8.172 advA2B=0.995 advB2A=0.890 cycA=0.199 cycB=0.224 idtA=0.168 idtB=0.243 D_A=0.041 D_B=0.004 D_A(real)=0.92 D_A(fake)=0.08 gnG=52.71 gnD=1.17 it_per_s=7.33
2026-10-03 09:22:47,791 INFO iter=134500 epoch=20 lr=2.00e-04 G=8.261 advA2B=0.996 advB2A=0.883 cycA=0.201 cycB=0.228 idtA=0.169 idtB=0.248 D_A=0.040 D_B=0.003 D_A(real)=0.92 D_A(fake)=0.08 gnG=50.57 gnD=1.16 it_per_s=7.32
2026-10-03 09:23:01,654 INFO iter=134600 epoch=20 lr=2.00e-04 G=8.246 advA2B=0.996 advB2A=0.886 cycA=0.202 cycB=0.227 idtA=0.170 idtB=0.246 D_A=0.040 D_B=0.003 D_A(real)=0.92 D_A(fake)=0.08 gnG=50.80 gnD=1.14 it_per_s=7.31
2026-10-03 09:23:15,550 INFO iter=134700 epoch=20 lr=2.00e-04 G=8.176 advA2B=0.996 advB2A=0.888 cycA=0.201 cycB=0.223 idtA=0.170 idtB=0.242 D_A=0.038 D_B=0.003 D_A(real)=0.93 D_A(fake)=0.07 gnG=49.33 gnD=1.09 it_per_s=7.30
2026-10-03 09:23:29,081 INFO iter=134800 epoch=20 lr=2.00e-04 G=8.149 advA2B=0.996 advB2A=0.888 cycA=0.200 cycB=0.221 idtA=0.169 idtB=0.241 D_A=0.036 D_B=0.003 D_A(real)=0.93 D_A(fake)=0.07 gnG=49.38 gnD=1.06 it_per_s=7.31
2026-10-03 09:23:42,646 INFO iter=134900 epoch=20 lr=2.00e-04 G=8.104 advA2B=0.996 advB2A=0.895 cycA=0.199 cycB=0.219 idtA=0.168 idtB=0.238 D_A=0.036 D_B=0.003 D_A(real)=0.93 D_A(fake)=0.07 gnG=48.19 gnD=1.08 it_per_s=7.31
2026-10-03 09:23:56,335 INFO iter=135000 epoch=20 lr=2.00e-04 G=8.047 advA2B=0.995 advB2A=0.894 cycA=0.198 cycB=0.217 idtA=0.168 idtB=0.234 D_A=0.036 D_B=0.003 D_A(real)=0.93 D_A(fake)=0.07 gnG=47.18 gnD=1.08 it_per_s=7.31
2026-10-03 09:24:09,868 INFO iter=135100 epoch=20 lr=2.00e-04 G=8.007 advA2B=0.995 advB2A=0.889 cycA=0.197 cycB=0.215 idtA=0.168 idtB=0.233 D_A=0.036 D_B=0.003 D_A(real)=0.93 D_A(fake)=0.07 gnG=46.47 gnD=1.09 it_per_s=7.32
2026-10-03 09:24:23,381 INFO iter=135200 epoch=20 lr=2.00e-04 G=7.976 advA2B=0.995 advB2A=0.888 cycA=0.197 cycB=0.213 idtA=0.168 idtB=0.231 D_A=0.036 D_B=0.003 D_A(real)=0.93 D_A(fake)=0.07 gnG=46.36 gnD=1.07 it_per_s=7.32
2026-10-03 09:24:37,095 INFO iter=135300 epoch=20 lr=2.00e-04 G=7.917 advA2B=0.993 advB2A=0.886 cycA=0.195 cycB=0.211 idtA=0.167 idtB=0.227 D_A=0.036 D_B=0.004 D_A(real)=0.93 D_A(fake)=0.07 gnG=45.61 gnD=1.08 it_per_s=7.32
2026-10-03 09:24:50,866 INFO iter=135400 epoch=20 lr=2.00e-04 G=7.870 advA2B=0.991 advB2A=0.887 cycA=0.194 cycB=0.210 idtA=0.166 idtB=0.225 D_A=0.036 D_B=0.005 D_A(real)=0.93 D_A(fake)=0.07 gnG=44.88 gnD=1.09 it_per_s=7.32
2026-10-03 09:25:04,670 INFO iter=135500 epoch=20 lr=2.00e-04 G=7.830 advA2B=0.991 advB2A=0.887 cycA=0.193 cycB=0.208 idtA=0.166 idtB=0.223 D_A=0.036 D_B=0.005 D_A(real)=0.93 D_A(fake)=0.07 gnG=44.19 gnD=1.09 it_per_s=7.31
2026-10-03 09:25:18,297 INFO iter=135600 epoch=20 lr=2.00e-04 G=7.806 advA2B=0.991 advB2A=0.887 cycA=0.192 cycB=0.207 idtA=0.165 idtB=0.222 D_A=0.036 D_B=0.005 D_A(real)=0.93 D_A(fake)=0.07 gnG=43.68 gnD=1.10 it_per_s=7.32
2026-10-03 09:25:31,912 INFO iter=135700 epoch=20 lr=2.00e-04 G=7.767 advA2B=0.992 advB2A=0.889 cycA=0.192 cycB=0.205 idtA=0.165 idtB=0.219 D_A=0.036 D_B=0.005 D_A(real)=0.93 D_A(fake)=0.07 gnG=43.03 gnD=1.10 it_per_s=7.32
2026-10-03 09:25:45,493 INFO iter=135800 epoch=20 lr=2.00e-04 G=7.733 advA2B=0.992 advB2A=0.890 cycA=0.191 cycB=0.204 idtA=0.164 idtB=0.218 D_A=0.036 D_B=0.005 D_A(real)=0.93 D_A(fake)=0.07 gnG=42.75 gnD=1.11 it_per_s=7.32
2026-10-03 09:25:59,132 INFO iter=135900 epoch=20 lr=2.00e-04 G=7.723 advA2B=0.992 advB2A=0.891 cycA=0.191 cycB=0.203 idtA=0.164 idtB=0.217 D_A=0.036 D_B=0.005 D_A(real)=0.93 D_A(fake)=0.07 gnG=42.73 gnD=1.12 it_per_s=7.32
2026-10-03 09:26:12,972 INFO iter=136000 epoch=20 lr=2.00e-04 G=7.715 advA2B=0.992 advB2A=0.891 cycA=0.191 cycB=0.202 idtA=0.164 idtB=0.217 D_A=0.037 D_B=0.005 D_A(real)=0.93 D_A(fake)=0.07 gnG=42.29 gnD=1.14 it_per_s=7.32
2026-10-03 09:26:26,811 INFO iter=136100 epoch=20 lr=2.00e-04 G=7.687 advA2B=0.992 advB2A=0.893 cycA=0.190 cycB=0.201 idtA=0.164 idtB=0.215 D_A=0.037 D_B=0.005 D_A(real)=0.93 D_A(fake)=0.07 gnG=41.80 gnD=1.15 it_per_s=7.31
2026-10-03 09:26:40,609 INFO iter=136200 epoch=20 lr=2.00e-04 G=7.652 advA2B=0.993 advB2A=0.892 cycA=0.189 cycB=0.199 idtA=0.164 idtB=0.213 D_A=0.037 D_B=0.005 D_A(real)=0.93 D_A(fake)=0.07 gnG=41.35 gnD=1.15 it_per_s=7.31
2026-10-03 09:26:54,497 INFO iter=136300 epoch=20 lr=2.00e-04 G=7.637 advA2B=0.992 advB2A=0.893 cycA=0.189 cycB=0.198 idtA=0.164 idtB=0.212 D_A=0.036 D_B=0.005 D_A(real)=0.93 D_A(fake)=0.07 gnG=41.57 gnD=1.15 it_per_s=7.30
2026-10-03 09:27:08,362 INFO iter=136400 epoch=20 lr=2.00e-04 G=7.628 advA2B=0.992 advB2A=0.895 cycA=0.189 cycB=0.198 idtA=0.163 idtB=0.211 D_A=0.036 D_B=0.005 D_A(real)=0.93 D_A(fake)=0.07 gnG=41.38 gnD=1.14 it_per_s=7.30
2026-10-03 09:27:22,139 INFO iter=136500 epoch=20 lr=2.00e-04 G=7.609 advA2B=0.992 advB2A=0.895 cycA=0.188 cycB=0.197 idtA=0.163 idtB=0.210 D_A=0.035 D_B=0.005 D_A(real)=0.93 D_A(fake)=0.07 gnG=41.26 gnD=1.12 it_per_s=7.30
2026-10-03 09:27:35,723 INFO iter=136600 epoch=20 lr=2.00e-04 G=7.601 advA2B=0.992 advB2A=0.896 cycA=0.188 cycB=0.197 idtA=0.163 idtB=0.210 D_A=0.035 D_B=0.005 D_A(real)=0.93 D_A(fake)=0.07 gnG=41.50 gnD=1.11 it_per_s=7.30
2026-10-03 09:27:49,333 INFO iter=136700 epoch=20 lr=2.00e-04 G=7.589 advA2B=0.992 advB2A=0.896 cycA=0.187 cycB=0.197 idtA=0.163 idtB=0.209 D_A=0.035 D_B=0.005 D_A(real)=0.93 D_A(fake)=0.07 gnG=41.45 gnD=1.11 it_per_s=7.30
2026-10-03 09:28:03,025 INFO iter=136800 epoch=20 lr=2.00e-04 G=7.577 advA2B=0.992 advB2A=0.897 cycA=0.187 cycB=0.196 idtA=0.163 idtB=0.209 D_A=0.034 D_B=0.005 D_A(real)=0.93 D_A(fake)=0.07 gnG=41.23 gnD=1.11 it_per_s=7.30
2026-10-03 09:28:16,820 INFO iter=136900 epoch=20 lr=2.00e-04 G=7.560 advA2B=0.992 advB2A=0.897 cycA=0.186 cycB=0.195 idtA=0.163 idtB=0.208 D_A=0.034 D_B=0.004 D_A(real)=0.93 D_A(fake)=0.07 gnG=41.11 gnD=1.10 it_per_s=7.30
2026-10-03 09:28:30,428 INFO iter=137000 epoch=20 lr=2.00e-04 G=7.549 advA2B=0.991 advB2A=0.898 cycA=0.186 cycB=0.195 idtA=0.163 idtB=0.207 D_A=0.034 D_B=0.005 D_A(real)=0.93 D_A(fake)=0.07 gnG=40.82 gnD=1.11 it_per_s=7.30
2026-10-03 09:28:44,220 INFO iter=137100 epoch=20 lr=2.00e-04 G=7.532 advA2B=0.991 advB2A=0.899 cycA=0.186 cycB=0.194 idtA=0.163 idtB=0.206 D_A=0.034 D_B=0.005 D_A(real)=0.93 D_A(fake)=0.07 gnG=40.67 gnD=1.11 it_per_s=7.30
2026-10-03 09:28:57,903 INFO iter=137200 epoch=20 lr=2.00e-04 G=7.512 advA2B=0.991 advB2A=0.900 cycA=0.185 cycB=0.194 idtA=0.162 idtB=0.205 D_A=0.033 D_B=0.005 D_A(real)=0.94 D_A(fake)=0.06 gnG=40.45 gnD=1.11 it_per_s=7.30
2026-10-03 09:29:11,670 INFO iter=137300 epoch=20 lr=2.00e-04 G=7.494 advA2B=0.990 advB2A=0.903 cycA=0.184 cycB=0.193 idtA=0.162 idtB=0.204 D_A=0.033 D_B=0.005 D_A(real)=0.94 D_A(fake)=0.06 gnG=40.19 gnD=1.11 it_per_s=7.30
2026-10-03 09:29:25,272 INFO iter=137400 epoch=20 lr=2.00e-04 G=7.480 advA2B=0.988 advB2A=0.904 cycA=0.184 cycB=0.192 idtA=0.161 idtB=0.203 D_A=0.032 D_B=0.006 D_A(real)=0.94 D_A(fake)=0.06 gnG=39.88 gnD=1.11 it_per_s=7.30
2026-10-03 09:29:38,770 INFO iter=137500 epoch=20 lr=2.00e-04 G=7.464 advA2B=0.986 advB2A=0.905 cycA=0.184 cycB=0.192 idtA=0.161 idtB=0.202 D_A=0.032 D_B=0.006 D_A(real)=0.94 D_A(fake)=0.06 gnG=39.71 gnD=1.11 it_per_s=7.30
2026-10-03 09:29:52,437 INFO iter=137600 epoch=20 lr=2.00e-04 G=7.453 advA2B=0.985 advB2A=0.906 cycA=0.183 cycB=0.192 idtA=0.161 idtB=0.202 D_A=0.032 D_B=0.006 D_A(real)=0.94 D_A(fake)=0.06 gnG=39.75 gnD=1.10 it_per_s=7.31
2026-10-03 09:30:06,090 INFO iter=137700 epoch=20 lr=2.00e-04 G=7.447 advA2B=0.982 advB2A=0.906 cycA=0.183 cycB=0.191 idtA=0.161 idtB=0.201 D_A=0.032 D_B=0.007 D_A(real)=0.94 D_A(fake)=0.06 gnG=39.85 gnD=1.11 it_per_s=7.31
2026-10-03 09:30:19,785 INFO iter=137800 epoch=20 lr=2.00e-04 G=7.457 advA2B=0.982 advB2A=0.906 cycA=0.183 cycB=0.192 idtA=0.161 idtB=0.202 D_A=0.031 D_B=0.008 D_A(real)=0.94 D_A(fake)=0.06 gnG=40.02 gnD=1.13 it_per_s=7.31
2026-10-03 09:30:33,285 INFO iter=137900 epoch=20 lr=2.00e-04 G=7.456 advA2B=0.981 advB2A=0.906 cycA=0.184 cycB=0.192 idtA=0.162 idtB=0.201 D_A=0.031 D_B=0.008 D_A(real)=0.94 D_A(fake)=0.06 gnG=39.89 gnD=1.15 it_per_s=7.31
2026-10-03 09:30:46,819 INFO iter=138000 epoch=20 lr=2.00e-04 G=7.445 advA2B=0.979 advB2A=0.907 cycA=0.183 cycB=0.191 idtA=0.162 idtB=0.201 D_A=0.032 D_B=0.009 D_A(real)=0.94 D_A(fake)=0.06 gnG=39.65 gnD=1.17 it_per_s=7.31
2026-10-03 09:31:00,321 INFO iter=138100 epoch=20 lr=2.00e-04 G=7.442 advA2B=0.975 advB2A=0.908 cycA=0.183 cycB=0.191 idtA=0.161 idtB=0.201 D_A=0.031 D_B=0.009 D_A(real)=0.94 D_A(fake)=0.06 gnG=39.82 gnD=1.18 it_per_s=7.31
2026-10-03 09:31:13,893 INFO iter=138200 epoch=20 lr=2.00e-04 G=7.437 advA2B=0.974 advB2A=0.909 cycA=0.183 cycB=0.191 idtA=0.161 idtB=0.201 D_A=0.031 D_B=0.010 D_A(real)=0.94 D_A(fake)=0.06 gnG=39.73 gnD=1.17 it_per_s=7.31
2026-10-03 09:31:27,426 INFO iter=138300 epoch=20 lr=2.00e-04 G=7.427 advA2B=0.973 advB2A=0.910 cycA=0.183 cycB=0.191 idtA=0.161 idtB=0.200 D_A=0.031 D_B=0.010 D_A(real)=0.94 D_A(fake)=0.06 gnG=39.77 gnD=1.18 it_per_s=7.31
2026-10-03 09:31:40,939 INFO iter=138400 epoch=20 lr=2.00e-04 G=7.411 advA2B=0.971 advB2A=0.910 cycA=0.182 cycB=0.191 idtA=0.161 idtB=0.200 D_A=0.030 D_B=0.011 D_A(real)=0.94 D_A(fake)=0.06 gnG=39.60 gnD=1.19 it_per_s=7.32
2026-10-03 09:31:54,499 INFO iter=138500 epoch=20 lr=2.00e-04 G=7.401 advA2B=0.968 advB2A=0.911 cycA=0.182 cycB=0.190 idtA=0.161 idtB=0.199 D_A=0.030 D_B=0.011 D_A(real)=0.94 D_A(fake)=0.06 gnG=39.45 gnD=1.19 it_per_s=7.32
2026-10-03 09:32:08,039 INFO iter=138600 epoch=20 lr=2.00e-04 G=7.390 advA2B=0.967 advB2A=0.911 cycA=0.182 cycB=0.190 idtA=0.160 idtB=0.199 D_A=0.030 D_B=0.011 D_A(real)=0.94 D_A(fake)=0.06 gnG=39.48 gnD=1.19 it_per_s=7.32
2026-10-03 09:32:21,580 INFO iter=138700 epoch=20 lr=2.00e-04 G=7.383 advA2B=0.966 advB2A=0.912 cycA=0.181 cycB=0.190 idtA=0.160 idtB=0.198 D_A=0.030 D_B=0.012 D_A(real)=0.94 D_A(fake)=0.06 gnG=39.31 gnD=1.20 it_per_s=7.32
2026-10-03 09:32:35,119 INFO iter=138800 epoch=20 lr=2.00e-04 G=7.373 advA2B=0.966 advB2A=0.912 cycA=0.181 cycB=0.190 idtA=0.160 idtB=0.198 D_A=0.030 D_B=0.012 D_A(real)=0.94 D_A(fake)=0.06 gnG=39.17 gnD=1.21 it_per_s=7.32
2026-10-03 09:32:48,781 INFO iter=138900 epoch=20 lr=2.00e-04 G=7.361 advA2B=0.965 advB2A=0.912 cycA=0.181 cycB=0.189 idtA=0.160 idtB=0.197 D_A=0.030 D_B=0.012 D_A(real)=0.94 D_A(fake)=0.06 gnG=39.03 gnD=1.23 it_per_s=7.32
2026-10-03 09:33:02,363 INFO iter=139000 epoch=20 lr=2.00e-04 G=7.351 advA2B=0.964 advB2A=0.912 cycA=0.180 cycB=0.189 idtA=0.160 idtB=0.197 D_A=0.030 D_B=0.013 D_A(real)=0.94 D_A(fake)=0.06 gnG=38.85 gnD=1.24 it_per_s=7.32
2026-10-03 09:33:15,988 INFO iter=139100 epoch=20 lr=2.00e-04 G=7.337 advA2B=0.964 advB2A=0.912 cycA=0.180 cycB=0.188 idtA=0.160 idtB=0.196 D_A=0.030 D_B=0.013 D_A(real)=0.94 D_A(fake)=0.06 gnG=38.71 gnD=1.25 it_per_s=7.32
2026-10-03 09:33:29,739 INFO iter=139200 epoch=20 lr=2.00e-04 G=7.347 advA2B=0.962 advB2A=0.911 cycA=0.180 cycB=0.189 idtA=0.160 idtB=0.197 D_A=0.030 D_B=0.014 D_A(real)=0.94 D_A(fake)=0.06 gnG=38.90 gnD=1.25 it_per_s=7.32
2026-10-03 09:33:43,287 INFO iter=139300 epoch=20 lr=2.00e-04 G=7.341 advA2B=0.961 advB2A=0.912 cycA=0.180 cycB=0.189 idtA=0.160 idtB=0.197 D_A=0.030 D_B=0.014 D_A(real)=0.94 D_A(fake)=0.06 gnG=38.76 gnD=1.26 it_per_s=7.32
2026-10-03 09:33:57,123 INFO iter=139400 epoch=20 lr=2.00e-04 G=7.333 advA2B=0.961 advB2A=0.912 cycA=0.180 cycB=0.188 idtA=0.159 idtB=0.197 D_A=0.030 D_B=0.014 D_A(real)=0.94 D_A(fake)=0.06 gnG=38.56 gnD=1.27 it_per_s=7.32
2026-10-03 09:34:10,624 INFO iter=139500 epoch=20 lr=2.00e-04 G=7.333 advA2B=0.960 advB2A=0.912 cycA=0.180 cycB=0.188 idtA=0.160 idtB=0.197 D_A=0.030 D_B=0.014 D_A(real)=0.94 D_A(fake)=0.06 gnG=38.62 gnD=1.27 it_per_s=7.32
2026-10-03 09:34:24,167 INFO iter=139600 epoch=20 lr=2.00e-04 G=7.334 advA2B=0.961 advB2A=0.912 cycA=0.180 cycB=0.188 idtA=0.160 idtB=0.197 D_A=0.030 D_B=0.014 D_A(real)=0.94 D_A(fake)=0.06 gnG=38.59 gnD=1.28 it_per_s=7.32
2026-10-03 09:34:37,688 INFO iter=139700 epoch=20 lr=2.00e-04 G=7.328 advA2B=0.961 advB2A=0.912 cycA=0.180 cycB=0.188 idtA=0.159 idtB=0.196 D_A=0.030 D_B=0.014 D_A(real)=0.94 D_A(fake)=0.06 gnG=38.68 gnD=1.28 it_per_s=7.32
2026-10-03 09:34:51,204 INFO iter=139800 epoch=20 lr=2.00e-04 G=7.324 advA2B=0.960 advB2A=0.912 cycA=0.180 cycB=0.188 idtA=0.159 idtB=0.196 D_A=0.030 D_B=0.014 D_A(real)=0.94 D_A(fake)=0.06 gnG=38.53 gnD=1.28 it_per_s=7.33
2026-10-03 09:35:04,874 INFO iter=139900 epoch=20 lr=2.00e-04 G=7.324 advA2B=0.959 advB2A=0.912 cycA=0.180 cycB=0.188 idtA=0.159 idtB=0.196 D_A=0.030 D_B=0.014 D_A(real)=0.94 D_A(fake)=0.06 gnG=38.54 gnD=1.28 it_per_s=7.33
2026-10-03 09:35:18,539 INFO iter=140000 epoch=20 lr=2.00e-04 G=7.322 advA2B=0.960 advB2A=0.912 cycA=0.179 cycB=0.188 idtA=0.159 idtB=0.197 D_A=0.030 D_B=0.014 D_A(real)=0.94 D_A(fake)=0.06 gnG=38.52 gnD=1.29 it_per_s=7.33
2026-10-03 09:35:32,267 INFO iter=140100 epoch=20 lr=2.00e-04 G=7.320 advA2B=0.959 advB2A=0.913 cycA=0.179 cycB=0.188 idtA=0.159 idtB=0.197 D_A=0.030 D_B=0.014 D_A(real)=0.94 D_A(fake)=0.06 gnG=38.60 gnD=1.29 it_per_s=7.33
2026-10-03 09:35:45,935 INFO iter=140200 epoch=20 lr=2.00e-04 G=7.315 advA2B=0.959 advB2A=0.914 cycA=0.179 cycB=0.188 idtA=0.159 idtB=0.197 D_A=0.030 D_B=0.014 D_A(real)=0.94 D_A(fake)=0.06 gnG=38.50 gnD=1.28 it_per_s=7.32
2026-10-03 09:35:59,625 INFO iter=140300 epoch=20 lr=2.00e-04 G=7.313 advA2B=0.958 advB2A=0.914 cycA=0.179 cycB=0.188 idtA=0.159 idtB=0.197 D_A=0.029 D_B=0.014 D_A(real)=0.94 D_A(fake)=0.06 gnG=38.53 gnD=1.29 it_per_s=7.32
2026-10-03 09:36:13,722 INFO iter=140400 epoch=20 lr=2.00e-04 G=7.308 advA2B=0.957 advB2A=0.915 cycA=0.179 cycB=0.187 idtA=0.158 idtB=0.197 D_A=0.030 D_B=0.015 D_A(real)=0.94 D_A(fake)=0.06 gnG=38.40 gnD=1.30 it_per_s=7.32
2026-10-03 09:36:27,542 INFO iter=140500 epoch=20 lr=2.00e-04 G=7.299 advA2B=0.957 advB2A=0.915 cycA=0.178 cycB=0.187 idtA=0.158 idtB=0.196 D_A=0.030 D_B=0.015 D_A(real)=0.94 D_A(fake)=0.06 gnG=38.39 gnD=1.30 it_per_s=7.32
2026-10-03 09:36:41,309 INFO iter=140600 epoch=20 lr=2.00e-04 G=7.293 advA2B=0.956 advB2A=0.915 cycA=0.178 cycB=0.187 idtA=0.158 idtB=0.196 D_A=0.030 D_B=0.015 D_A(real)=0.94 D_A(fake)=0.06 gnG=38.26 gnD=1.31 it_per_s=7.32
2026-10-03 09:36:54,976 INFO iter=140700 epoch=20 lr=2.00e-04 G=7.287 advA2B=0.956 advB2A=0.915 cycA=0.178 cycB=0.186 idtA=0.158 idtB=0.195 D_A=0.030 D_B=0.015 D_A(real)=0.94 D_A(fake)=0.06 gnG=38.29 gnD=1.31 it_per_s=7.32
2026-10-03 09:37:03,186 INFO epoch=20 done time_s=962 it_per_s=7.32 G=7.287 cycA=0.178 cycB=0.187 idtA=0.158 idtB=0.196 D_A=0.030 D_B=0.015 D_A(real)=0.94 D_A(fake)=0.06 nan_count=0
2026-10-03 09:37:03,187 WARNING epoch=20 D_A (Monet) loss 0.0296 is near 0: possible discriminator overfitting
2026-10-03 09:37:09,557 INFO iter=140800 epoch=21 lr=2.00e-04 G=6.645 advA2B=0.919 advB2A=0.895 cycA=0.170 cycB=0.148 idtA=0.154 idtB=0.176 D_A=0.041 D_B=0.011 D_A(real)=0.92 D_A(fake)=0.06 gnG=25.88 gnD=1.42 it_per_s=6.96
2026-10-03 09:37:23,316 INFO iter=140900 epoch=21 lr=2.00e-04 G=6.755 advA2B=0.915 advB2A=0.869 cycA=0.168 cycB=0.163 idtA=0.153 idtB=0.178 D_A=0.044 D_B=0.022 D_A(real)=0.91 D_A(fake)=0.08 gnG=28.79 gnD=1.72 it_per_s=7.18
2026-10-03 09:37:36,986 INFO iter=141000 epoch=21 lr=2.00e-04 G=6.716 advA2B=0.911 advB2A=0.888 cycA=0.164 cycB=0.165 idtA=0.150 idtB=0.175 D_A=0.040 D_B=0.022 D_A(real)=0.92 D_A(fake)=0.07 gnG=29.87 gnD=1.68 it_per_s=7.23
2026-10-03 09:37:50,522 INFO iter=141100 epoch=21 lr=2.00e-04 G=6.738 advA2B=0.918 advB2A=0.897 cycA=0.166 cycB=0.163 idtA=0.153 idtB=0.172 D_A=0.038 D_B=0.024 D_A(real)=0.93 D_A(fake)=0.07 gnG=32.33 gnD=1.64 it_per_s=7.28
2026-10-03 09:38:04,209 INFO iter=141200 epoch=21 lr=1.99e-04 G=6.751 advA2B=0.919 advB2A=0.880 cycA=0.167 cycB=0.164 idtA=0.155 idtB=0.174 D_A=0.037 D_B=0.023 D_A(real)=0.93 D_A(fake)=0.07 gnG=32.63 gnD=1.62 it_per_s=7.28
2026-10-03 09:38:18,194 INFO iter=141300 epoch=21 lr=1.99e-04 G=6.726 advA2B=0.916 advB2A=0.887 cycA=0.166 cycB=0.164 idtA=0.154 idtB=0.172 D_A=0.039 D_B=0.023 D_A(real)=0.93 D_A(fake)=0.07 gnG=32.54 gnD=1.68 it_per_s=7.26
2026-10-03 09:38:31,854 INFO iter=141400 epoch=21 lr=1.99e-04 G=6.717 advA2B=0.894 advB2A=0.896 cycA=0.165 cycB=0.164 idtA=0.154 idtB=0.172 D_A=0.036 D_B=0.028 D_A(real)=0.93 D_A(fake)=0.07 gnG=36.17 gnD=1.75 it_per_s=7.27
2026-10-03 09:38:45,579 INFO iter=141500 epoch=21 lr=1.99e-04 G=6.732 advA2B=0.874 advB2A=0.896 cycA=0.166 cycB=0.166 idtA=0.155 idtB=0.173 D_A=0.035 D_B=0.032 D_A(real)=0.93 D_A(fake)=0.07 gnG=35.93 gnD=1.82 it_per_s=7.27
2026-10-03 09:38:59,269 INFO iter=141600 epoch=21 lr=1.99e-04 G=6.836 advA2B=0.865 advB2A=0.901 cycA=0.167 cycB=0.172 idtA=0.156 idtB=0.179 D_A=0.033 D_B=0.036 D_A(real)=0.94 D_A(fake)=0.06 gnG=38.75 gnD=1.86 it_per_s=7.28
2026-10-03 09:39:12,931 INFO iter=141700 epoch=21 lr=1.99e-04 G=6.855 advA2B=0.864 advB2A=0.904 cycA=0.168 cycB=0.172 idtA=0.156 idtB=0.181 D_A=0.030 D_B=0.036 D_A(real)=0.94 D_A(fake)=0.06 gnG=39.41 gnD=1.85 it_per_s=7.28
2026-10-03 09:39:26,502 INFO iter=141800 epoch=21 lr=1.99e-04 G=6.881 advA2B=0.866 advB2A=0.908 cycA=0.168 cycB=0.173 idtA=0.155 idtB=0.184 D_A=0.029 D_B=0.038 D_A(real)=0.94 D_A(fake)=0.06 gnG=38.68 gnD=1.88 it_per_s=7.29
2026-10-03 09:39:40,048 INFO iter=141900 epoch=21 lr=1.98e-04 G=6.882 advA2B=0.870 advB2A=0.911 cycA=0.168 cycB=0.173 idtA=0.155 idtB=0.184 D_A=0.029 D_B=0.037 D_A(real)=0.94 D_A(fake)=0.06 gnG=38.25 gnD=1.89 it_per_s=7.30
2026-10-03 09:39:53,930 INFO iter=142000 epoch=21 lr=1.98e-04 G=6.919 advA2B=0.874 advB2A=0.916 cycA=0.168 cycB=0.174 idtA=0.155 idtB=0.187 D_A=0.028 D_B=0.036 D_A(real)=0.95 D_A(fake)=0.05 gnG=38.32 gnD=1.84 it_per_s=7.29
2026-10-03 09:40:08,182 INFO iter=142100 epoch=21 lr=1.98e-04 G=6.924 advA2B=0.877 advB2A=0.920 cycA=0.169 cycB=0.173 idtA=0.154 idtB=0.187 D_A=0.027 D_B=0.035 D_A(real)=0.95 D_A(fake)=0.05 gnG=38.18 gnD=1.82 it_per_s=7.27
2026-10-03 09:40:22,350 INFO iter=142200 epoch=21 lr=1.98e-04 G=6.936 advA2B=0.881 advB2A=0.924 cycA=0.169 cycB=0.173 idtA=0.155 idtB=0.187 D_A=0.027 D_B=0.035 D_A(real)=0.95 D_A(fake)=0.05 gnG=37.85 gnD=1.80 it_per_s=7.25
2026-10-03 09:40:36,314 INFO iter=142300 epoch=21 lr=1.98e-04 G=6.934 advA2B=0.884 advB2A=0.925 cycA=0.169 cycB=0.173 idtA=0.155 idtB=0.186 D_A=0.026 D_B=0.034 D_A(real)=0.95 D_A(fake)=0.05 gnG=38.15 gnD=1.77 it_per_s=7.25
2026-10-03 09:40:50,039 INFO iter=142400 epoch=21 lr=1.98e-04 G=6.924 advA2B=0.882 advB2A=0.927 cycA=0.169 cycB=0.173 idtA=0.154 idtB=0.185 D_A=0.026 D_B=0.033 D_A(real)=0.95 D_A(fake)=0.05 gnG=37.99 gnD=1.78 it_per_s=7.25
2026-10-03 09:41:04,319 INFO iter=142500 epoch=21 lr=1.98e-04 G=6.918 advA2B=0.882 advB2A=0.928 cycA=0.168 cycB=0.173 idtA=0.154 idtB=0.185 D_A=0.026 D_B=0.033 D_A(real)=0.95 D_A(fake)=0.05 gnG=37.65 gnD=1.78 it_per_s=7.23
2026-10-03 09:41:18,560 INFO iter=142600 epoch=21 lr=1.97e-04 G=6.913 advA2B=0.882 advB2A=0.924 cycA=0.169 cycB=0.173 idtA=0.154 idtB=0.185 D_A=0.026 D_B=0.033 D_A(real)=0.95 D_A(fake)=0.05 gnG=38.05 gnD=1.80 it_per_s=7.22
2026-10-03 09:41:32,606 INFO iter=142700 epoch=21 lr=1.97e-04 G=6.912 advA2B=0.882 advB2A=0.924 cycA=0.168 cycB=0.173 idtA=0.154 idtB=0.185 D_A=0.026 D_B=0.034 D_A(real)=0.95 D_A(fake)=0.05 gnG=37.52 gnD=1.82 it_per_s=7.22
2026-10-03 09:41:46,735 INFO iter=142800 epoch=21 lr=1.97e-04 G=6.887 advA2B=0.878 advB2A=0.923 cycA=0.168 cycB=0.172 idtA=0.154 idtB=0.184 D_A=0.026 D_B=0.034 D_A(real)=0.95 D_A(fake)=0.05 gnG=37.12 gnD=1.82 it_per_s=7.21
2026-10-03 09:42:00,877 INFO iter=142900 epoch=21 lr=1.97e-04 G=6.888 advA2B=0.874 advB2A=0.925 cycA=0.168 cycB=0.172 idtA=0.154 idtB=0.184 D_A=0.027 D_B=0.035 D_A(real)=0.95 D_A(fake)=0.05 gnG=38.41 gnD=1.84 it_per_s=7.20
2026-10-03 09:42:15,067 INFO iter=143000 epoch=21 lr=1.97e-04 G=6.885 advA2B=0.874 advB2A=0.925 cycA=0.167 cycB=0.172 idtA=0.153 idtB=0.185 D_A=0.026 D_B=0.035 D_A(real)=0.95 D_A(fake)=0.05 gnG=38.50 gnD=1.86 it_per_s=7.20
2026-10-03 09:42:29,153 INFO iter=143100 epoch=21 lr=1.97e-04 G=6.880 advA2B=0.872 advB2A=0.925 cycA=0.167 cycB=0.172 idtA=0.153 idtB=0.185 D_A=0.026 D_B=0.036 D_A(real)=0.95 D_A(fake)=0.05 gnG=38.16 gnD=1.87 it_per_s=7.19
2026-10-03 09:42:43,284 INFO iter=143200 epoch=21 lr=1.97e-04 G=6.874 advA2B=0.874 advB2A=0.924 cycA=0.166 cycB=0.172 idtA=0.152 idtB=0.185 D_A=0.026 D_B=0.036 D_A(real)=0.95 D_A(fake)=0.05 gnG=37.72 gnD=1.88 it_per_s=7.19
2026-10-03 09:42:57,512 INFO iter=143300 epoch=21 lr=1.96e-04 G=6.869 advA2B=0.875 advB2A=0.923 cycA=0.166 cycB=0.172 idtA=0.152 idtB=0.184 D_A=0.026 D_B=0.036 D_A(real)=0.95 D_A(fake)=0.05 gnG=37.68 gnD=1.88 it_per_s=7.18
2026-10-03 09:43:11,879 INFO iter=143400 epoch=21 lr=1.96e-04 G=6.865 advA2B=0.877 advB2A=0.923 cycA=0.167 cycB=0.172 idtA=0.152 idtB=0.184 D_A=0.026 D_B=0.035 D_A(real)=0.95 D_A(fake)=0.05 gnG=37.53 gnD=1.87 it_per_s=7.17
2026-10-03 09:43:26,021 INFO iter=143500 epoch=21 lr=1.96e-04 G=6.848 advA2B=0.874 advB2A=0.924 cycA=0.166 cycB=0.171 idtA=0.152 idtB=0.183 D_A=0.026 D_B=0.036 D_A(real)=0.95 D_A(fake)=0.05 gnG=37.11 gnD=1.87 it_per_s=7.17
2026-10-03 09:43:40,072 INFO iter=143600 epoch=21 lr=1.96e-04 G=6.844 advA2B=0.873 advB2A=0.925 cycA=0.166 cycB=0.171 idtA=0.152 idtB=0.183 D_A=0.026 D_B=0.036 D_A(real)=0.95 D_A(fake)=0.05 gnG=36.86 gnD=1.87 it_per_s=7.17
2026-10-03 09:43:54,225 INFO iter=143700 epoch=21 lr=1.96e-04 G=6.833 advA2B=0.872 advB2A=0.922 cycA=0.166 cycB=0.171 idtA=0.152 idtB=0.182 D_A=0.025 D_B=0.036 D_A(real)=0.95 D_A(fake)=0.05 gnG=36.64 gnD=1.87 it_per_s=7.16
2026-10-03 09:44:08,463 INFO iter=143800 epoch=21 lr=1.96e-04 G=6.835 advA2B=0.872 advB2A=0.918 cycA=0.166 cycB=0.171 idtA=0.152 idtB=0.182 D_A=0.026 D_B=0.036 D_A(real)=0.95 D_A(fake)=0.05 gnG=36.83 gnD=1.89 it_per_s=7.16
2026-10-03 09:44:22,840 INFO iter=143900 epoch=21 lr=1.96e-04 G=6.840 advA2B=0.873 advB2A=0.919 cycA=0.166 cycB=0.171 idtA=0.152 idtB=0.182 D_A=0.027 D_B=0.036 D_A(real)=0.95 D_A(fake)=0.05 gnG=36.77 gnD=1.91 it_per_s=7.15
2026-10-03 09:44:36,980 INFO iter=144000 epoch=21 lr=1.95e-04 G=6.839 advA2B=0.877 advB2A=0.920 cycA=0.166 cycB=0.171 idtA=0.152 idtB=0.182 D_A=0.027 D_B=0.035 D_A(real)=0.95 D_A(fake)=0.05 gnG=36.62 gnD=1.90 it_per_s=7.15
2026-10-03 09:44:51,028 INFO iter=144100 epoch=21 lr=1.95e-04 G=6.841 advA2B=0.878 advB2A=0.920 cycA=0.167 cycB=0.171 idtA=0.152 idtB=0.182 D_A=0.027 D_B=0.035 D_A(real)=0.95 D_A(fake)=0.05 gnG=36.58 gnD=1.90 it_per_s=7.15
2026-10-03 09:45:05,071 INFO iter=144200 epoch=21 lr=1.95e-04 G=6.833 advA2B=0.879 advB2A=0.919 cycA=0.166 cycB=0.171 idtA=0.152 idtB=0.181 D_A=0.027 D_B=0.035 D_A(real)=0.95 D_A(fake)=0.05 gnG=36.38 gnD=1.89 it_per_s=7.15
2026-10-03 09:45:19,228 INFO iter=144300 epoch=21 lr=1.95e-04 G=6.829 advA2B=0.879 advB2A=0.919 cycA=0.166 cycB=0.171 idtA=0.152 idtB=0.181 D_A=0.027 D_B=0.035 D_A(real)=0.95 D_A(fake)=0.05 gnG=36.32 gnD=1.89 it_per_s=7.15
2026-10-03 09:45:33,495 INFO iter=144400 epoch=21 lr=1.95e-04 G=6.855 advA2B=0.876 advB2A=0.920 cycA=0.166 cycB=0.172 idtA=0.152 idtB=0.183 D_A=0.027 D_B=0.035 D_A(real)=0.95 D_A(fake)=0.05 gnG=40.84 gnD=1.89 it_per_s=7.14
2026-10-03 09:45:47,662 INFO iter=144500 epoch=21 lr=1.95e-04 G=6.867 advA2B=0.877 advB2A=0.920 cycA=0.167 cycB=0.172 idtA=0.152 idtB=0.184 D_A=0.026 D_B=0.035 D_A(real)=0.95 D_A(fake)=0.05 gnG=40.58 gnD=1.90 it_per_s=7.14
2026-10-03 09:46:01,807 INFO iter=144600 epoch=21 lr=1.95e-04 G=6.868 advA2B=0.877 advB2A=0.920 cycA=0.167 cycB=0.172 idtA=0.152 idtB=0.184 D_A=0.027 D_B=0.035 D_A(real)=0.95 D_A(fake)=0.05 gnG=40.34 gnD=1.90 it_per_s=7.14
2026-10-03 09:46:16,232 INFO iter=144700 epoch=21 lr=1.94e-04 G=6.869 advA2B=0.878 advB2A=0.920 cycA=0.167 cycB=0.172 idtA=0.152 idtB=0.184 D_A=0.027 D_B=0.035 D_A(real)=0.95 D_A(fake)=0.05 gnG=40.46 gnD=1.90 it_per_s=7.13
2026-10-03 09:46:30,407 INFO iter=144800 epoch=21 lr=1.94e-04 G=6.869 advA2B=0.878 advB2A=0.919 cycA=0.167 cycB=0.172 idtA=0.152 idtB=0.185 D_A=0.027 D_B=0.035 D_A(real)=0.95 D_A(fake)=0.05 gnG=40.26 gnD=1.89 it_per_s=7.13
2026-10-03 09:46:44,503 INFO iter=144900 epoch=21 lr=1.94e-04 G=6.866 advA2B=0.878 advB2A=0.917 cycA=0.167 cycB=0.171 idtA=0.152 idtB=0.185 D_A=0.027 D_B=0.035 D_A(real)=0.95 D_A(fake)=0.05 gnG=40.08 gnD=1.90 it_per_s=7.13
2026-10-03 09:46:58,743 INFO iter=145000 epoch=21 lr=1.94e-04 G=6.857 advA2B=0.879 advB2A=0.918 cycA=0.167 cycB=0.171 idtA=0.152 idtB=0.184 D_A=0.027 D_B=0.035 D_A(real)=0.95 D_A(fake)=0.05 gnG=39.83 gnD=1.90 it_per_s=7.13
2026-10-03 09:47:13,215 INFO iter=145100 epoch=21 lr=1.94e-04 G=6.855 advA2B=0.880 advB2A=0.917 cycA=0.167 cycB=0.171 idtA=0.152 idtB=0.184 D_A=0.027 D_B=0.035 D_A(real)=0.95 D_A(fake)=0.05 gnG=39.69 gnD=1.90 it_per_s=7.12
2026-10-03 09:47:27,338 INFO iter=145200 epoch=21 lr=1.94e-04 G=6.848 advA2B=0.881 advB2A=0.915 cycA=0.167 cycB=0.171 idtA=0.152 idtB=0.184 D_A=0.027 D_B=0.035 D_A(real)=0.95 D_A(fake)=0.05 gnG=39.74 gnD=1.91 it_per_s=7.12
2026-10-03 09:47:41,704 INFO iter=145300 epoch=21 lr=1.94e-04 G=6.842 advA2B=0.881 advB2A=0.915 cycA=0.166 cycB=0.171 idtA=0.152 idtB=0.184 D_A=0.027 D_B=0.035 D_A(real)=0.95 D_A(fake)=0.05 gnG=39.62 gnD=1.92 it_per_s=7.12
2026-10-03 09:47:56,237 INFO iter=145400 epoch=21 lr=1.93e-04 G=6.837 advA2B=0.881 advB2A=0.915 cycA=0.166 cycB=0.171 idtA=0.152 idtB=0.183 D_A=0.027 D_B=0.035 D_A(real)=0.95 D_A(fake)=0.05 gnG=39.56 gnD=1.91 it_per_s=7.11
2026-10-03 09:48:10,704 INFO iter=145500 epoch=21 lr=1.93e-04 G=6.837 advA2B=0.880 advB2A=0.916 cycA=0.166 cycB=0.171 idtA=0.152 idtB=0.183 D_A=0.027 D_B=0.035 D_A(real)=0.95 D_A(fake)=0.05 gnG=39.44 gnD=1.91 it_per_s=7.11
2026-10-03 09:48:25,495 INFO iter=145600 epoch=21 lr=1.93e-04 G=6.836 advA2B=0.879 advB2A=0.916 cycA=0.166 cycB=0.170 idtA=0.152 idtB=0.183 D_A=0.027 D_B=0.035 D_A(real)=0.95 D_A(fake)=0.05 gnG=39.31 gnD=1.91 it_per_s=7.10
2026-10-03 09:48:41,064 INFO iter=145700 epoch=21 lr=1.93e-04 G=6.835 advA2B=0.878 advB2A=0.917 cycA=0.166 cycB=0.170 idtA=0.152 idtB=0.183 D_A=0.027 D_B=0.035 D_A(real)=0.95 D_A(fake)=0.05 gnG=39.15 gnD=1.92 it_per_s=7.08
2026-10-03 09:48:56,095 INFO iter=145800 epoch=21 lr=1.93e-04 G=6.841 advA2B=0.880 advB2A=0.916 cycA=0.166 cycB=0.171 idtA=0.152 idtB=0.183 D_A=0.027 D_B=0.035 D_A(real)=0.95 D_A(fake)=0.05 gnG=39.20 gnD=1.92 it_per_s=7.08
2026-10-03 09:49:11,374 INFO iter=145900 epoch=21 lr=1.93e-04 G=6.839 advA2B=0.880 advB2A=0.917 cycA=0.166 cycB=0.171 idtA=0.151 idtB=0.183 D_A=0.027 D_B=0.035 D_A(real)=0.95 D_A(fake)=0.05 gnG=39.00 gnD=1.92 it_per_s=7.06
2026-10-03 09:49:27,650 INFO iter=146000 epoch=21 lr=1.93e-04 G=6.835 advA2B=0.879 advB2A=0.918 cycA=0.166 cycB=0.171 idtA=0.151 idtB=0.183 D_A=0.027 D_B=0.035 D_A(real)=0.95 D_A(fake)=0.05 gnG=38.83 gnD=1.92 it_per_s=7.04
2026-10-03 09:49:42,454 INFO iter=146100 epoch=21 lr=1.92e-04 G=6.836 advA2B=0.879 advB2A=0.917 cycA=0.166 cycB=0.171 idtA=0.151 idtB=0.183 D_A=0.027 D_B=0.035 D_A(real)=0.95 D_A(fake)=0.05 gnG=38.65 gnD=1.92 it_per_s=7.04
2026-10-03 09:49:56,923 INFO iter=146200 epoch=21 lr=1.92e-04 G=6.828 advA2B=0.880 advB2A=0.917 cycA=0.165 cycB=0.171 idtA=0.151 idtB=0.183 D_A=0.026 D_B=0.035 D_A(real)=0.95 D_A(fake)=0.05 gnG=38.44 gnD=1.91 it_per_s=7.04
2026-10-03 09:50:11,456 INFO iter=146300 epoch=21 lr=1.92e-04 G=6.828 advA2B=0.881 advB2A=0.916 cycA=0.165 cycB=0.171 idtA=0.151 idtB=0.183 D_A=0.027 D_B=0.035 D_A(real)=0.95 D_A(fake)=0.05 gnG=38.29 gnD=1.92 it_per_s=7.03
2026-10-03 09:50:25,937 INFO iter=146400 epoch=21 lr=1.92e-04 G=6.821 advA2B=0.879 advB2A=0.916 cycA=0.165 cycB=0.170 idtA=0.151 idtB=0.182 D_A=0.027 D_B=0.035 D_A(real)=0.95 D_A(fake)=0.05 gnG=38.13 gnD=1.94 it_per_s=7.03
2026-10-03 09:50:40,101 INFO iter=146500 epoch=21 lr=1.92e-04 G=6.817 advA2B=0.879 advB2A=0.916 cycA=0.165 cycB=0.170 idtA=0.151 idtB=0.182 D_A=0.027 D_B=0.035 D_A(real)=0.95 D_A(fake)=0.05 gnG=38.06 gnD=1.93 it_per_s=7.03
2026-10-03 09:50:54,233 INFO iter=146600 epoch=21 lr=1.92e-04 G=6.812 advA2B=0.880 advB2A=0.917 cycA=0.165 cycB=0.170 idtA=0.151 idtB=0.182 D_A=0.027 D_B=0.035 D_A(real)=0.95 D_A(fake)=0.05 gnG=37.87 gnD=1.93 it_per_s=7.03
2026-10-03 09:51:08,610 INFO iter=146700 epoch=21 lr=1.92e-04 G=6.808 advA2B=0.881 advB2A=0.918 cycA=0.165 cycB=0.170 idtA=0.151 idtB=0.181 D_A=0.026 D_B=0.035 D_A(real)=0.95 D_A(fake)=0.05 gnG=37.88 gnD=1.93 it_per_s=7.03
2026-10-03 09:51:22,847 INFO iter=146800 epoch=21 lr=1.91e-04 G=6.802 advA2B=0.881 advB2A=0.918 cycA=0.165 cycB=0.170 idtA=0.151 idtB=0.181 D_A=0.026 D_B=0.035 D_A(real)=0.95 D_A(fake)=0.05 gnG=37.73 gnD=1.93 it_per_s=7.03
2026-10-03 09:51:36,992 INFO iter=146900 epoch=21 lr=1.91e-04 G=6.798 advA2B=0.879 advB2A=0.918 cycA=0.164 cycB=0.170 idtA=0.151 idtB=0.181 D_A=0.026 D_B=0.035 D_A(real)=0.95 D_A(fake)=0.05 gnG=37.64 gnD=1.94 it_per_s=7.03
2026-10-03 09:51:51,136 INFO iter=147000 epoch=21 lr=1.91e-04 G=6.792 advA2B=0.879 advB2A=0.918 cycA=0.164 cycB=0.170 idtA=0.150 idtB=0.181 D_A=0.026 D_B=0.035 D_A(real)=0.95 D_A(fake)=0.05 gnG=37.56 gnD=1.94 it_per_s=7.03
2026-10-03 09:52:05,328 INFO iter=147100 epoch=21 lr=1.91e-04 G=6.788 advA2B=0.879 advB2A=0.918 cycA=0.164 cycB=0.170 idtA=0.150 idtB=0.180 D_A=0.026 D_B=0.035 D_A(real)=0.95 D_A(fake)=0.05 gnG=37.40 gnD=1.94 it_per_s=7.03
2026-10-03 09:52:19,490 INFO iter=147200 epoch=21 lr=1.91e-04 G=6.786 advA2B=0.879 advB2A=0.919 cycA=0.164 cycB=0.170 idtA=0.150 idtB=0.180 D_A=0.026 D_B=0.035 D_A(real)=0.95 D_A(fake)=0.05 gnG=37.32 gnD=1.94 it_per_s=7.03
2026-10-03 09:52:33,585 INFO iter=147300 epoch=21 lr=1.91e-04 G=6.783 advA2B=0.879 advB2A=0.919 cycA=0.164 cycB=0.170 idtA=0.150 idtB=0.180 D_A=0.026 D_B=0.035 D_A(real)=0.95 D_A(fake)=0.05 gnG=37.22 gnD=1.94 it_per_s=7.03
2026-10-03 09:52:47,737 INFO iter=147400 epoch=21 lr=1.91e-04 G=6.779 advA2B=0.878 advB2A=0.920 cycA=0.164 cycB=0.170 idtA=0.150 idtB=0.179 D_A=0.026 D_B=0.035 D_A(real)=0.95 D_A(fake)=0.05 gnG=37.36 gnD=1.94 it_per_s=7.03
2026-10-03 09:53:02,254 INFO iter=147500 epoch=21 lr=1.90e-04 G=6.780 advA2B=0.879 advB2A=0.920 cycA=0.164 cycB=0.170 idtA=0.150 idtB=0.180 D_A=0.026 D_B=0.035 D_A(real)=0.95 D_A(fake)=0.05 gnG=37.26 gnD=1.94 it_per_s=7.03
2026-10-03 09:53:16,654 INFO iter=147600 epoch=21 lr=1.90e-04 G=6.779 advA2B=0.879 advB2A=0.920 cycA=0.164 cycB=0.170 idtA=0.150 idtB=0.179 D_A=0.026 D_B=0.036 D_A(real)=0.95 D_A(fake)=0.05 gnG=37.18 gnD=1.94 it_per_s=7.03
2026-10-03 09:53:30,863 INFO iter=147700 epoch=21 lr=1.90e-04 G=6.778 advA2B=0.879 advB2A=0.920 cycA=0.164 cycB=0.170 idtA=0.150 idtB=0.179 D_A=0.026 D_B=0.036 D_A(real)=0.95 D_A(fake)=0.05 gnG=37.29 gnD=1.94 it_per_s=7.03
2026-10-03 09:53:44,946 INFO epoch=21 done time_s=1001 it_per_s=7.03 G=6.779 cycA=0.164 cycB=0.170 idtA=0.150 idtB=0.179 D_A=0.026 D_B=0.035 D_A(real)=0.95 D_A(fake)=0.05 nan_count=0
2026-10-03 09:53:44,946 WARNING epoch=21 D_A (Monet) loss 0.0260 is near 0: possible discriminator overfitting
2026-10-03 09:53:45,830 INFO iter=147800 epoch=22 lr=1.90e-04 G=7.102 advA2B=1.036 advB2A=0.971 cycA=0.152 cycB=0.179 idtA=0.153 idtB=0.205 D_A=0.002 D_B=0.003 D_A(real)=0.98 D_A(fake)=-0.01 gnG=36.14 gnD=0.17 it_per_s=6.74
2026-10-03 09:54:00,169 INFO iter=147900 epoch=22 lr=1.90e-04 G=6.603 advA2B=0.961 advB2A=0.946 cycA=0.161 cycB=0.158 idtA=0.144 idtB=0.158 D_A=0.024 D_B=0.023 D_A(real)=0.95 D_A(fake)=0.05 gnG=41.33 gnD=1.19 it_per_s=6.97
2026-10-03 09:54:14,351 INFO iter=148000 epoch=22 lr=1.90e-04 G=6.609 advA2B=0.955 advB2A=0.947 cycA=0.160 cycB=0.158 idtA=0.141 idtB=0.164 D_A=0.022 D_B=0.019 D_A(real)=0.95 D_A(fake)=0.04 gnG=35.50 gnD=1.11 it_per_s=7.01
2026-10-03 09:54:28,477 INFO iter=148100 epoch=22 lr=1.90e-04 G=6.609 advA2B=0.945 advB2A=0.947 cycA=0.157 cycB=0.160 idtA=0.142 idtB=0.167 D_A=0.020 D_B=0.018 D_A(real)=0.96 D_A(fake)=0.04 gnG=34.36 gnD=1.16 it_per_s=7.03
2026-10-03 09:54:42,566 INFO iter=148200 epoch=22 lr=1.89e-04 G=6.600 advA2B=0.926 advB2A=0.914 cycA=0.157 cycB=0.162 idtA=0.143 idtB=0.170 D_A=0.025 D_B=0.021 D_A(real)=0.95 D_A(fake)=0.05 gnG=36.15 gnD=1.53 it_per_s=7.05
2026-10-03 09:54:56,713 INFO iter=148300 epoch=22 lr=1.89e-04 G=6.588 advA2B=0.930 advB2A=0.926 cycA=0.158 cycB=0.160 idtA=0.143 idtB=0.168 D_A=0.023 D_B=0.020 D_A(real)=0.95 D_A(fake)=0.04 gnG=35.99 gnD=1.52 it_per_s=7.05
2026-10-03 09:55:10,989 INFO iter=148400 epoch=22 lr=1.89e-04 G=6.589 advA2B=0.922 advB2A=0.927 cycA=0.156 cycB=0.162 idtA=0.142 idtB=0.169 D_A=0.023 D_B=0.022 D_A(real)=0.95 D_A(fake)=0.04 gnG=35.27 gnD=1.59 it_per_s=7.04
2026-10-03 09:55:25,074 INFO iter=148500 epoch=22 lr=1.89e-04 G=6.620 advA2B=0.911 advB2A=0.934 cycA=0.157 cycB=0.164 idtA=0.143 idtB=0.170 D_A=0.023 D_B=0.026 D_A(real)=0.95 D_A(fake)=0.05 gnG=35.66 gnD=1.70 it_per_s=7.05
2026-10-03 09:55:39,348 INFO iter=148600 epoch=22 lr=1.89e-04 G=6.597 advA2B=0.905 advB2A=0.936 cycA=0.156 cycB=0.164 idtA=0.143 idtB=0.170 D_A=0.023 D_B=0.029 D_A(real)=0.95 D_A(fake)=0.05 gnG=36.68 gnD=1.75 it_per_s=7.05
2026-10-03 09:55:53,389 INFO iter=148700 epoch=22 lr=1.89e-04 G=6.580 advA2B=0.906 advB2A=0.935 cycA=0.156 cycB=0.162 idtA=0.143 idtB=0.169 D_A=0.024 D_B=0.030 D_A(real)=0.95 D_A(fake)=0.05 gnG=36.17 gnD=1.80 it_per_s=7.05
2026-10-03 09:56:07,565 INFO iter=148800 epoch=22 lr=1.89e-04 G=6.583 advA2B=0.903 advB2A=0.934 cycA=0.156 cycB=0.163 idtA=0.143 idtB=0.169 D_A=0.024 D_B=0.030 D_A(real)=0.95 D_A(fake)=0.05 gnG=35.96 gnD=1.83 it_per_s=7.05
2026-10-03 09:56:21,805 INFO iter=148900 epoch=22 lr=1.88e-04 G=6.567 advA2B=0.902 advB2A=0.931 cycA=0.155 cycB=0.162 idtA=0.144 idtB=0.168 D_A=0.025 D_B=0.030 D_A(real)=0.95 D_A(fake)=0.05 gnG=35.57 gnD=1.85 it_per_s=7.05
2026-10-03 09:56:36,201 INFO iter=149000 epoch=22 lr=1.88e-04 G=6.561 advA2B=0.899 advB2A=0.930 cycA=0.156 cycB=0.162 idtA=0.145 idtB=0.167 D_A=0.026 D_B=0.031 D_A(real)=0.95 D_A(fake)=0.05 gnG=35.84 gnD=1.85 it_per_s=7.04
2026-10-03 09:56:50,201 INFO iter=149100 epoch=22 lr=1.88e-04 G=6.570 advA2B=0.900 advB2A=0.929 cycA=0.156 cycB=0.162 idtA=0.145 idtB=0.167 D_A=0.026 D_B=0.030 D_A(real)=0.95 D_A(fake)=0.05 gnG=35.90 gnD=1.81 it_per_s=7.05
2026-10-03 09:57:04,590 INFO iter=149200 epoch=22 lr=1.88e-04 G=6.593 advA2B=0.903 advB2A=0.931 cycA=0.156 cycB=0.163 idtA=0.146 idtB=0.168 D_A=0.025 D_B=0.030 D_A(real)=0.95 D_A(fake)=0.05 gnG=40.27 gnD=1.83 it_per_s=7.04
2026-10-03 09:57:19,183 INFO iter=149300 epoch=22 lr=1.88e-04 G=6.598 advA2B=0.904 advB2A=0.930 cycA=0.157 cycB=0.163 idtA=0.146 idtB=0.168 D_A=0.025 D_B=0.030 D_A(real)=0.95 D_A(fake)=0.05 gnG=39.66 gnD=1.83 it_per_s=7.03
2026-10-03 09:57:33,655 INFO iter=149400 epoch=22 lr=1.88e-04 G=6.581 advA2B=0.899 advB2A=0.931 cycA=0.156 cycB=0.162 idtA=0.146 idtB=0.168 D_A=0.025 D_B=0.031 D_A(real)=0.95 D_A(fake)=0.05 gnG=39.14 gnD=1.85 it_per_s=7.02
2026-10-03 09:57:48,044 INFO iter=149500 epoch=22 lr=1.88e-04 G=6.579 advA2B=0.900 advB2A=0.932 cycA=0.156 cycB=0.162 idtA=0.146 idtB=0.168 D_A=0.026 D_B=0.030 D_A(real)=0.95 D_A(fake)=0.05 gnG=38.73 gnD=1.84 it_per_s=7.02
2026-10-03 09:58:02,465 INFO iter=149600 epoch=22 lr=1.87e-04 G=6.566 advA2B=0.899 advB2A=0.933 cycA=0.156 cycB=0.162 idtA=0.145 idtB=0.167 D_A=0.025 D_B=0.031 D_A(real)=0.95 D_A(fake)=0.05 gnG=38.14 gnD=1.85 it_per_s=7.01
2026-10-03 09:58:16,921 INFO iter=149700 epoch=22 lr=1.87e-04 G=6.566 advA2B=0.899 advB2A=0.931 cycA=0.156 cycB=0.162 idtA=0.145 idtB=0.167 D_A=0.026 D_B=0.030 D_A(real)=0.95 D_A(fake)=0.05 gnG=37.93 gnD=1.83 it_per_s=7.01
2026-10-03 09:58:31,237 INFO iter=149800 epoch=22 lr=1.87e-04 G=6.563 advA2B=0.896 advB2A=0.929 cycA=0.156 cycB=0.162 idtA=0.145 idtB=0.167 D_A=0.026 D_B=0.031 D_A(real)=0.95 D_A(fake)=0.05 gnG=37.69 gnD=1.84 it_per_s=7.01
2026-10-03 09:58:45,498 INFO iter=149900 epoch=22 lr=1.87e-04 G=6.562 advA2B=0.891 advB2A=0.930 cycA=0.156 cycB=0.162 idtA=0.145 idtB=0.168 D_A=0.026 D_B=0.032 D_A(real)=0.95 D_A(fake)=0.05 gnG=37.74 gnD=1.87 it_per_s=7.01
2026-10-03 09:58:59,752 INFO iter=150000 epoch=22 lr=1.87e-04 G=6.626 advA2B=0.891 advB2A=0.929 cycA=0.157 cycB=0.165 idtA=0.146 idtB=0.171 D_A=0.026 D_B=0.032 D_A(real)=0.95 D_A(fake)=0.05 gnG=39.49 gnD=1.86 it_per_s=7.01
2026-10-03 09:59:13,957 INFO iter=150100 epoch=22 lr=1.87e-04 G=6.673 advA2B=0.893 advB2A=0.928 cycA=0.159 cycB=0.166 idtA=0.147 idtB=0.173 D_A=0.026 D_B=0.032 D_A(real)=0.95 D_A(fake)=0.05 gnG=39.82 gnD=1.85 it_per_s=7.01
2026-10-03 09:59:28,072 INFO iter=150200 epoch=22 lr=1.87e-04 G=6.708 advA2B=0.894 advB2A=0.928 cycA=0.160 cycB=0.167 idtA=0.148 idtB=0.176 D_A=0.026 D_B=0.031 D_A(real)=0.95 D_A(fake)=0.05 gnG=39.64 gnD=1.84 it_per_s=7.01
2026-10-03 09:59:42,173 INFO iter=150300 epoch=22 lr=1.86e-04 G=6.733 advA2B=0.896 advB2A=0.928 cycA=0.161 cycB=0.167 idtA=0.148 idtB=0.177 D_A=0.026 D_B=0.031 D_A(real)=0.95 D_A(fake)=0.05 gnG=39.46 gnD=1.83 it_per_s=7.02
2026-10-03 09:59:56,284 INFO iter=150400 epoch=22 lr=1.86e-04 G=6.753 advA2B=0.896 advB2A=0.929 cycA=0.162 cycB=0.168 idtA=0.148 idtB=0.178 D_A=0.026 D_B=0.031 D_A(real)=0.95 D_A(fake)=0.05 gnG=39.25 gnD=1.84 it_per_s=7.02
2026-10-03 10:00:10,344 INFO iter=150500 epoch=22 lr=1.86e-04 G=6.769 advA2B=0.898 advB2A=0.927 cycA=0.162 cycB=0.168 idtA=0.149 idtB=0.179 D_A=0.026 D_B=0.031 D_A(real)=0.95 D_A(fake)=0.05 gnG=38.96 gnD=1.82 it_per_s=7.02
2026-10-03 10:00:24,480 INFO iter=150600 epoch=22 lr=1.86e-04 G=6.782 advA2B=0.900 advB2A=0.928 cycA=0.163 cycB=0.168 idtA=0.149 idtB=0.180 D_A=0.026 D_B=0.030 D_A(real)=0.95 D_A(fake)=0.05 gnG=38.71 gnD=1.80 it_per_s=7.02
2026-10-03 10:00:38,600 INFO iter=150700 epoch=22 lr=1.86e-04 G=6.795 advA2B=0.900 advB2A=0.930 cycA=0.163 cycB=0.169 idtA=0.149 idtB=0.181 D_A=0.026 D_B=0.030 D_A(real)=0.95 D_A(fake)=0.05 gnG=38.45 gnD=1.77 it_per_s=7.03
2026-10-03 10:00:52,718 INFO iter=150800 epoch=22 lr=1.86e-04 G=6.805 advA2B=0.901 advB2A=0.929 cycA=0.163 cycB=0.169 idtA=0.149 idtB=0.181 D_A=0.026 D_B=0.029 D_A(real)=0.95 D_A(fake)=0.05 gnG=38.48 gnD=1.75 it_per_s=7.03
2026-10-03 10:01:06,823 INFO iter=150900 epoch=22 lr=1.86e-04 G=6.810 advA2B=0.903 advB2A=0.927 cycA=0.163 cycB=0.169 idtA=0.149 idtB=0.182 D_A=0.026 D_B=0.028 D_A(real)=0.95 D_A(fake)=0.05 gnG=38.29 gnD=1.75 it_per_s=7.03
2026-10-03 10:01:20,975 INFO iter=151000 epoch=22 lr=1.85e-04 G=6.813 advA2B=0.903 advB2A=0.927 cycA=0.164 cycB=0.169 idtA=0.150 idtB=0.181 D_A=0.027 D_B=0.028 D_A(real)=0.95 D_A(fake)=0.05 gnG=38.01 gnD=1.75 it_per_s=7.03
2026-10-03 10:01:35,037 INFO iter=151100 epoch=22 lr=1.85e-04 G=6.811 advA2B=0.903 advB2A=0.925 cycA=0.164 cycB=0.169 idtA=0.150 idtB=0.181 D_A=0.026 D_B=0.028 D_A(real)=0.95 D_A(fake)=0.05 gnG=37.78 gnD=1.73 it_per_s=7.03
2026-10-03 10:01:49,083 INFO iter=151200 epoch=22 lr=1.85e-04 G=6.817 advA2B=0.904 advB2A=0.926 cycA=0.164 cycB=0.169 idtA=0.149 idtB=0.182 D_A=0.026 D_B=0.027 D_A(real)=0.95 D_A(fake)=0.05 gnG=38.54 gnD=1.72 it_per_s=7.04
2026-10-03 10:02:03,225 INFO iter=151300 epoch=22 lr=1.85e-04 G=6.858 advA2B=0.907 advB2A=0.927 cycA=0.165 cycB=0.170 idtA=0.150 idtB=0.184 D_A=0.026 D_B=0.027 D_A(real)=0.95 D_A(fake)=0.05 gnG=39.86 gnD=1.70 it_per_s=7.04
2026-10-03 10:02:17,322 INFO iter=151400 epoch=22 lr=1.85e-04 G=6.878 advA2B=0.908 advB2A=0.925 cycA=0.166 cycB=0.171 idtA=0.150 idtB=0.186 D_A=0.026 D_B=0.027 D_A(real)=0.95 D_A(fake)=0.05 gnG=40.05 gnD=1.69 it_per_s=7.04
2026-10-03 10:02:31,269 INFO iter=151500 epoch=22 lr=1.85e-04 G=6.892 advA2B=0.911 advB2A=0.926 cycA=0.166 cycB=0.171 idtA=0.150 idtB=0.186 D_A=0.026 D_B=0.026 D_A(real)=0.95 D_A(fake)=0.05 gnG=40.18 gnD=1.66 it_per_s=7.04
2026-10-03 10:02:45,326 INFO iter=151600 epoch=22 lr=1.85e-04 G=6.909 advA2B=0.913 advB2A=0.926 cycA=0.166 cycB=0.172 idtA=0.150 idtB=0.187 D_A=0.025 D_B=0.026 D_A(real)=0.95 D_A(fake)=0.05 gnG=40.64 gnD=1.64 it_per_s=7.04
2026-10-03 10:02:59,441 INFO iter=151700 epoch=22 lr=1.84e-04 G=6.923 advA2B=0.915 advB2A=0.927 cycA=0.167 cycB=0.172 idtA=0.151 idtB=0.188 D_A=0.025 D_B=0.025 D_A(real)=0.95 D_A(fake)=0.05 gnG=40.63 gnD=1.62 it_per_s=7.04
2026-10-03 10:03:13,733 INFO iter=151800 epoch=22 lr=1.84e-04 G=6.945 advA2B=0.916 advB2A=0.927 cycA=0.167 cycB=0.173 idtA=0.151 idtB=0.189 D_A=0.025 D_B=0.025 D_A(real)=0.95 D_A(fake)=0.05 gnG=42.17 gnD=1.60 it_per_s=7.04
2026-10-03 10:03:27,890 INFO iter=151900 epoch=22 lr=1.84e-04 G=6.969 advA2B=0.918 advB2A=0.928 cycA=0.168 cycB=0.173 idtA=0.151 idtB=0.191 D_A=0.025 D_B=0.024 D_A(real)=0.95 D_A(fake)=0.05 gnG=42.21 gnD=1.58 it_per_s=7.04
2026-10-03 10:03:42,024 INFO iter=152000 epoch=22 lr=1.84e-04 G=6.984 advA2B=0.920 advB2A=0.928 cycA=0.168 cycB=0.174 idtA=0.151 idtB=0.192 D_A=0.025 D_B=0.024 D_A(real)=0.95 D_A(fake)=0.05 gnG=42.59 gnD=1.57 it_per_s=7.04
2026-10-03 10:03:56,159 INFO iter=152100 epoch=22 lr=1.84e-04 G=6.994 advA2B=0.922 advB2A=0.928 cycA=0.169 cycB=0.174 idtA=0.151 idtB=0.193 D_A=0.025 D_B=0.023 D_A(real)=0.95 D_A(fake)=0.05 gnG=42.79 gnD=1.56 it_per_s=7.05
2026-10-03 10:04:10,208 INFO iter=152200 epoch=22 lr=1.84e-04 G=6.995 advA2B=0.924 advB2A=0.927 cycA=0.169 cycB=0.174 idtA=0.151 idtB=0.193 D_A=0.025 D_B=0.023 D_A(real)=0.95 D_A(fake)=0.05 gnG=42.61 gnD=1.55 it_per_s=7.05
2026-10-03 10:04:24,190 INFO iter=152300 epoch=22 lr=1.84e-04 G=7.004 advA2B=0.925 advB2A=0.928 cycA=0.169 cycB=0.174 idtA=0.151 idtB=0.194 D_A=0.025 D_B=0.023 D_A(real)=0.95 D_A(fake)=0.05 gnG=42.88 gnD=1.54 it_per_s=7.05
2026-10-03 10:04:38,176 INFO iter=152400 epoch=22 lr=1.83e-04 G=7.021 advA2B=0.927 advB2A=0.929 cycA=0.169 cycB=0.174 idtA=0.151 idtB=0.195 D_A=0.026 D_B=0.022 D_A(real)=0.95 D_A(fake)=0.05 gnG=43.24 gnD=1.54 it_per_s=7.05
2026-10-03 10:04:52,110 INFO iter=152500 epoch=22 lr=1.83e-04 G=7.031 advA2B=0.928 advB2A=0.927 cycA=0.169 cycB=0.174 idtA=0.151 idtB=0.196 D_A=0.025 D_B=0.022 D_A(real)=0.95 D_A(fake)=0.05 gnG=43.04 gnD=1.53 it_per_s=7.05
2026-10-03 10:05:07,066 INFO iter=152600 epoch=22 lr=1.83e-04 G=7.038 advA2B=0.929 advB2A=0.928 cycA=0.170 cycB=0.174 idtA=0.151 idtB=0.197 D_A=0.025 D_B=0.022 D_A(real)=0.95 D_A(fake)=0.05 gnG=42.98 gnD=1.52 it_per_s=7.05
2026-10-03 10:05:22,116 INFO iter=152700 epoch=22 lr=1.83e-04 G=7.047 advA2B=0.930 advB2A=0.928 cycA=0.170 cycB=0.174 idtA=0.151 idtB=0.198 D_A=0.025 D_B=0.021 D_A(real)=0.95 D_A(fake)=0.05 gnG=42.89 gnD=1.51 it_per_s=7.04
2026-10-03 10:05:36,477 INFO iter=152800 epoch=22 lr=1.83e-04 G=7.056 advA2B=0.931 advB2A=0.927 cycA=0.170 cycB=0.175 idtA=0.151 idtB=0.199 D_A=0.025 D_B=0.021 D_A(real)=0.95 D_A(fake)=0.05 gnG=42.83 gnD=1.50 it_per_s=7.04
2026-10-03 10:05:51,235 INFO iter=152900 epoch=22 lr=1.83e-04 G=7.060 advA2B=0.933 advB2A=0.927 cycA=0.170 cycB=0.175 idtA=0.151 idtB=0.199 D_A=0.026 D_B=0.021 D_A(real)=0.95 D_A(fake)=0.05 gnG=42.70 gnD=1.49 it_per_s=7.03
2026-10-03 10:06:05,979 INFO iter=153000 epoch=22 lr=1.83e-04 G=7.060 advA2B=0.934 advB2A=0.926 cycA=0.170 cycB=0.175 idtA=0.151 idtB=0.199 D_A=0.026 D_B=0.020 D_A(real)=0.95 D_A(fake)=0.05 gnG=42.50 gnD=1.49 it_per_s=7.03
2026-10-03 10:06:20,697 INFO iter=153100 epoch=22 lr=1.82e-04 G=7.059 advA2B=0.935 advB2A=0.927 cycA=0.170 cycB=0.175 idtA=0.151 idtB=0.199 D_A=0.026 D_B=0.020 D_A(real)=0.95 D_A(fake)=0.05 gnG=42.36 gnD=1.49 it_per_s=7.02
2026-10-03 10:06:35,414 INFO iter=153200 epoch=22 lr=1.82e-04 G=7.060 advA2B=0.936 advB2A=0.926 cycA=0.170 cycB=0.175 idtA=0.151 idtB=0.199 D_A=0.026 D_B=0.020 D_A(real)=0.95 D_A(fake)=0.05 gnG=42.35 gnD=1.48 it_per_s=7.02
2026-10-03 10:06:50,321 INFO iter=153300 epoch=22 lr=1.82e-04 G=7.061 advA2B=0.936 advB2A=0.926 cycA=0.170 cycB=0.175 idtA=0.151 idtB=0.199 D_A=0.026 D_B=0.020 D_A(real)=0.95 D_A(fake)=0.05 gnG=42.36 gnD=1.47 it_per_s=7.01
2026-10-03 10:07:05,234 INFO iter=153400 epoch=22 lr=1.82e-04 G=7.067 advA2B=0.934 advB2A=0.926 cycA=0.170 cycB=0.175 idtA=0.152 idtB=0.199 D_A=0.026 D_B=0.020 D_A(real)=0.95 D_A(fake)=0.05 gnG=42.31 gnD=1.48 it_per_s=7.01
2026-10-03 10:07:19,750 INFO iter=153500 epoch=22 lr=1.82e-04 G=7.079 advA2B=0.935 advB2A=0.925 cycA=0.171 cycB=0.175 idtA=0.152 idtB=0.200 D_A=0.027 D_B=0.020 D_A(real)=0.95 D_A(fake)=0.05 gnG=42.23 gnD=1.48 it_per_s=7.00
2026-10-03 10:07:34,328 INFO iter=153600 epoch=22 lr=1.82e-04 G=7.079 advA2B=0.935 advB2A=0.925 cycA=0.171 cycB=0.175 idtA=0.152 idtB=0.200 D_A=0.027 D_B=0.020 D_A(real)=0.95 D_A(fake)=0.05 gnG=42.43 gnD=1.49 it_per_s=7.00
2026-10-03 10:07:48,829 INFO iter=153700 epoch=22 lr=1.82e-04 G=7.077 advA2B=0.935 advB2A=0.925 cycA=0.171 cycB=0.175 idtA=0.152 idtB=0.200 D_A=0.027 D_B=0.020 D_A(real)=0.95 D_A(fake)=0.05 gnG=42.26 gnD=1.49 it_per_s=7.00
2026-10-03 10:08:03,436 INFO iter=153800 epoch=22 lr=1.81e-04 G=7.072 advA2B=0.935 advB2A=0.924 cycA=0.171 cycB=0.175 idtA=0.152 idtB=0.200 D_A=0.027 D_B=0.020 D_A(real)=0.95 D_A(fake)=0.05 gnG=42.01 gnD=1.50 it_per_s=7.00
2026-10-03 10:08:17,914 INFO iter=153900 epoch=22 lr=1.81e-04 G=7.065 advA2B=0.934 advB2A=0.924 cycA=0.170 cycB=0.175 idtA=0.152 idtB=0.200 D_A=0.027 D_B=0.020 D_A(real)=0.95 D_A(fake)=0.05 gnG=42.59 gnD=1.50 it_per_s=6.99
2026-10-03 10:08:32,440 INFO iter=154000 epoch=22 lr=1.81e-04 G=7.065 advA2B=0.934 advB2A=0.922 cycA=0.170 cycB=0.175 idtA=0.152 idtB=0.199 D_A=0.027 D_B=0.020 D_A(real)=0.95 D_A(fake)=0.05 gnG=42.45 gnD=1.50 it_per_s=6.99
2026-10-03 10:08:47,057 INFO iter=154100 epoch=22 lr=1.81e-04 G=7.072 advA2B=0.934 advB2A=0.920 cycA=0.171 cycB=0.175 idtA=0.152 idtB=0.200 D_A=0.028 D_B=0.020 D_A(real)=0.95 D_A(fake)=0.05 gnG=42.60 gnD=1.50 it_per_s=6.99
2026-10-03 10:09:01,698 INFO iter=154200 epoch=22 lr=1.81e-04 G=7.069 advA2B=0.934 advB2A=0.920 cycA=0.171 cycB=0.175 idtA=0.152 idtB=0.199 D_A=0.028 D_B=0.020 D_A(real)=0.95 D_A(fake)=0.05 gnG=42.74 gnD=1.49 it_per_s=6.99
2026-10-03 10:09:16,169 INFO iter=154300 epoch=22 lr=1.81e-04 G=7.065 advA2B=0.934 advB2A=0.921 cycA=0.171 cycB=0.175 idtA=0.152 idtB=0.199 D_A=0.028 D_B=0.020 D_A(real)=0.95 D_A(fake)=0.05 gnG=42.80 gnD=1.49 it_per_s=6.99
2026-10-03 10:09:30,627 INFO iter=154400 epoch=22 lr=1.81e-04 G=7.058 advA2B=0.933 advB2A=0.921 cycA=0.170 cycB=0.175 idtA=0.151 idtB=0.199 D_A=0.028 D_B=0.020 D_A(real)=0.95 D_A(fake)=0.05 gnG=42.94 gnD=1.49 it_per_s=6.99
2026-10-03 10:09:45,282 INFO iter=154500 epoch=22 lr=1.80e-04 G=7.054 advA2B=0.933 advB2A=0.921 cycA=0.170 cycB=0.175 idtA=0.151 idtB=0.198 D_A=0.028 D_B=0.020 D_A(real)=0.95 D_A(fake)=0.05 gnG=43.02 gnD=1.50 it_per_s=6.98
2026-10-03 10:09:59,838 INFO iter=154600 epoch=22 lr=1.80e-04 G=7.048 advA2B=0.933 advB2A=0.922 cycA=0.170 cycB=0.175 idtA=0.151 idtB=0.198 D_A=0.028 D_B=0.020 D_A(real)=0.95 D_A(fake)=0.05 gnG=43.08 gnD=1.50 it_per_s=6.98
2026-10-03 10:10:14,291 INFO iter=154700 epoch=22 lr=1.80e-04 G=7.044 advA2B=0.934 advB2A=0.921 cycA=0.170 cycB=0.175 idtA=0.151 idtB=0.197 D_A=0.028 D_B=0.020 D_A(real)=0.95 D_A(fake)=0.05 gnG=43.30 gnD=1.50 it_per_s=6.98
2026-10-03 10:10:28,757 INFO iter=154800 epoch=22 lr=1.80e-04 G=7.041 advA2B=0.934 advB2A=0.920 cycA=0.170 cycB=0.174 idtA=0.151 idtB=0.197 D_A=0.028 D_B=0.020 D_A(real)=0.95 D_A(fake)=0.05 gnG=43.45 gnD=1.49 it_per_s=6.98
2026-10-03 10:10:33,945 INFO epoch=22 done time_s=1008 it_per_s=6.98 G=7.041 cycA=0.170 cycB=0.174 idtA=0.151 idtB=0.197 D_A=0.028 D_B=0.020 D_A(real)=0.95 D_A(fake)=0.05 nan_count=0
2026-10-03 10:10:33,945 WARNING epoch=22 D_A (Monet) loss 0.0278 is near 0: possible discriminator overfitting
2026-10-03 10:10:43,903 INFO iter=154900 epoch=23 lr=1.80e-04 G=7.096 advA2B=0.943 advB2A=0.794 cycA=0.175 cycB=0.183 idtA=0.157 idtB=0.200 D_A=0.038 D_B=0.028 D_A(real)=0.93 D_A(fake)=0.08 gnG=116.28 gnD=2.11 it_per_s=6.82
2026-10-03 10:10:58,461 INFO iter=155000 epoch=23 lr=1.80e-04 G=7.589 advA2B=0.918 advB2A=0.872 cycA=0.188 cycB=0.198 idtA=0.158 idtB=0.228 D_A=0.032 D_B=0.026 D_A(real)=0.94 D_A(fake)=0.06 gnG=112.67 gnD=1.83 it_per_s=6.85
2026-10-03 10:11:16,673 INFO iter=155100 epoch=23 lr=1.80e-04 G=7.472 advA2B=0.951 advB2A=0.886 cycA=0.184 cycB=0.190 idtA=0.155 idtB=0.225 D_A=0.030 D_B=0.022 D_A(real)=0.94 D_A(fake)=0.06 gnG=88.75 gnD=1.70 it_per_s=6.26
2026-10-03 10:11:32,918 INFO iter=155200 epoch=23 lr=1.79e-04 G=7.415 advA2B=0.960 advB2A=0.871 cycA=0.185 cycB=0.185 idtA=0.157 idtB=0.220 D_A=0.031 D_B=0.017 D_A(real)=0.94 D_A(fake)=0.06 gnG=82.29 gnD=1.52 it_per_s=6.23
2026-10-03 10:11:52,150 INFO iter=155300 epoch=23 lr=1.79e-04 G=7.355 advA2B=0.967 advB2A=0.880 cycA=0.183 cycB=0.182 idtA=0.156 idtB=0.216 D_A=0.031 D_B=0.015 D_A(real)=0.94 D_A(fake)=0.06 gnG=77.40 gnD=1.46 it_per_s=5.98
2026-10-03 10:12:11,230 INFO iter=155400 epoch=23 lr=1.79e-04 G=7.270 advA2B=0.955 advB2A=0.882 cycA=0.180 cycB=0.181 idtA=0.154 idtB=0.212 D_A=0.032 D_B=0.016 D_A(real)=0.94 D_A(fake)=0.06 gnG=73.78 gnD=1.52 it_per_s=5.83
2026-10-03 10:12:27,559 INFO iter=155500 epoch=23 lr=1.79e-04 G=7.219 advA2B=0.946 advB2A=0.887 cycA=0.179 cycB=0.179 idtA=0.153 idtB=0.210 D_A=0.032 D_B=0.018 D_A(real)=0.93 D_A(fake)=0.06 gnG=70.78 gnD=1.60 it_per_s=5.87
2026-10-03 10:12:46,571 INFO iter=155600 epoch=23 lr=1.79e-04 G=7.240 advA2B=0.934 advB2A=0.895 cycA=0.181 cycB=0.178 idtA=0.153 idtB=0.212 D_A=0.031 D_B=0.018 D_A(real)=0.94 D_A(fake)=0.06 gnG=69.58 gnD=1.62 it_per_s=5.79
2026-10-03 10:13:01,843 INFO iter=155700 epoch=23 lr=1.79e-04 G=7.203 advA2B=0.927 advB2A=0.892 cycA=0.181 cycB=0.175 idtA=0.153 idtB=0.211 D_A=0.032 D_B=0.020 D_A(real)=0.94 D_A(fake)=0.06 gnG=67.72 gnD=1.67 it_per_s=5.86
2026-10-03 10:13:16,096 INFO iter=155800 epoch=23 lr=1.79e-04 G=7.157 advA2B=0.922 advB2A=0.897 cycA=0.179 cycB=0.175 idtA=0.152 idtB=0.209 D_A=0.031 D_B=0.021 D_A(real)=0.94 D_A(fake)=0.06 gnG=68.14 gnD=1.66 it_per_s=5.97
2026-10-03 10:13:30,433 INFO iter=155900 epoch=23 lr=1.78e-04 G=7.119 advA2B=0.922 advB2A=0.902 cycA=0.177 cycB=0.174 idtA=0.151 idtB=0.205 D_A=0.030 D_B=0.021 D_A(real)=0.94 D_A(fake)=0.06 gnG=66.07 gnD=1.67 it_per_s=6.05
2026-10-03 10:13:44,768 INFO iter=156000 epoch=23 lr=1.78e-04 G=7.096 advA2B=0.923 advB2A=0.902 cycA=0.177 cycB=0.173 idtA=0.151 idtB=0.204 D_A=0.030 D_B=0.021 D_A(real)=0.94 D_A(fake)=0.06 gnG=68.73 gnD=1.65 it_per_s=6.12
2026-10-03 10:13:59,144 INFO iter=156100 epoch=23 lr=1.78e-04 G=7.069 advA2B=0.924 advB2A=0.902 cycA=0.176 cycB=0.172 idtA=0.150 idtB=0.201 D_A=0.030 D_B=0.021 D_A(real)=0.94 D_A(fake)=0.06 gnG=66.40 gnD=1.65 it_per_s=6.18
