2026-10-02 10:56:37,513 INFO run_id=full_run02 config=task3_gan/member_chaitanya/configs/full_run02.yaml
2026-10-02 10:56:37,515 INFO config={"run_id": "full_run02", "seed": 1337, "data": {"monet_dir": "task3_gan/data/monet_jpg", "photo_dir": "task3_gan/data/photo_jpg", "load_size": 286, "crop_size": 256, "hflip": true, "num_workers": 4}, "model": {"ngf": 64, "n_res_blocks": 9, "n_downsampling": 2, "upsampling": "nearest_conv", "ndf": 64, "norm": "instance", "init_std": 0.02}, "loss": {"adversarial": "lsgan", "lambda_cycle": 10.0, "lambda_identity": 5.0, "d_loss_scale": 0.5}, "training": {"batch_size": 1, "epochs": 40, "constant_lr_epochs": 20, "lr_g": 0.0002, "lr_d": 0.0002, "betas": [0.5, 0.999], "pool_size": 50, "precision": "fp32", "cudnn_benchmark": true, "diffaugment_monet_d": true, "diffaugment_photo_d": true, "log_every_iters": 100, "grid_every_epochs": 1, "checkpoint_every_epochs": 5, "num_fixed_samples": 4}}
2026-10-02 10:56:37,525 INFO hardware=GPU: NVIDIA GeForce RTX 4090; CPU: AMD64 Family 25 Model 97 Stepping 2, AuthenticAMD torch=2.11.0+cu128
2026-10-02 10:56:37,526 INFO photos=7038 monets=300 iters_per_epoch=7038 total_iters=281520 params={"G_A2B": 11378179, "G_B2A": 11378179, "D_A": 2764737, "D_B": 2764737}
2026-10-02 10:57:11,569 INFO iter=100 epoch=1 lr=2.00e-04 G=12.331 advA2B=0.656 advB2A=0.738 cycA=0.358 cycB=0.388 idtA=0.338 idtB=0.359 D_A=0.836 D_B=0.649 D_A(real)=0.54 D_A(fake)=0.47 gnG=98.99 gnD=38.47 it_per_s=2.94
2026-10-02 10:57:21,302 INFO iter=200 epoch=1 lr=2.00e-04 G=10.960 advA2B=0.508 advB2A=0.566 cycA=0.328 cycB=0.346 idtA=0.309 idtB=0.321 D_A=0.581 D_B=0.468 D_A(real)=0.55 D_A(fake)=0.46 gnG=87.11 gnD=29.71 it_per_s=4.57
2026-10-02 10:57:31,021 INFO iter=300 epoch=1 lr=2.00e-04 G=10.400 advA2B=0.456 advB2A=0.513 cycA=0.317 cycB=0.326 idtA=0.297 idtB=0.303 D_A=0.485 D_B=0.410 D_A(real)=0.55 D_A(fake)=0.45 gnG=81.98 gnD=27.77 it_per_s=5.61
2026-10-02 10:57:40,750 INFO iter=400 epoch=1 lr=2.00e-04 G=10.256 advA2B=0.432 advB2A=0.478 cycA=0.312 cycB=0.325 idtA=0.293 idtB=0.302 D_A=0.439 D_B=0.374 D_A(real)=0.55 D_A(fake)=0.45 gnG=79.35 gnD=26.22 it_per_s=6.33
2026-10-02 10:57:50,504 INFO iter=500 epoch=1 lr=2.00e-04 G=10.093 advA2B=0.420 advB2A=0.479 cycA=0.308 cycB=0.319 idtA=0.290 idtB=0.295 D_A=0.400 D_B=0.356 D_A(real)=0.57 D_A(fake)=0.43 gnG=75.14 gnD=25.95 it_per_s=6.85
2026-10-02 10:58:00,256 INFO iter=600 epoch=1 lr=2.00e-04 G=9.833 advA2B=0.408 advB2A=0.466 cycA=0.300 cycB=0.312 idtA=0.282 idtB=0.287 D_A=0.375 D_B=0.340 D_A(real)=0.58 D_A(fake)=0.43 gnG=71.71 gnD=25.16 it_per_s=7.25
2026-10-02 10:58:10,003 INFO iter=700 epoch=1 lr=2.00e-04 G=9.635 advA2B=0.400 advB2A=0.458 cycA=0.295 cycB=0.304 idtA=0.277 idtB=0.280 D_A=0.355 D_B=0.331 D_A(real)=0.58 D_A(fake)=0.42 gnG=69.28 gnD=24.62 it_per_s=7.57
2026-10-02 10:58:19,752 INFO iter=800 epoch=1 lr=2.00e-04 G=9.440 advA2B=0.394 advB2A=0.452 cycA=0.287 cycB=0.300 idtA=0.270 idtB=0.275 D_A=0.342 D_B=0.323 D_A(real)=0.58 D_A(fake)=0.42 gnG=67.18 gnD=24.27 it_per_s=7.83
2026-10-02 10:58:29,499 INFO iter=900 epoch=1 lr=2.00e-04 G=9.296 advA2B=0.391 advB2A=0.445 cycA=0.282 cycB=0.296 idtA=0.264 idtB=0.271 D_A=0.329 D_B=0.318 D_A(real)=0.59 D_A(fake)=0.42 gnG=65.31 gnD=23.94 it_per_s=8.04
2026-10-02 10:58:39,247 INFO iter=1000 epoch=1 lr=2.00e-04 G=9.168 advA2B=0.388 advB2A=0.444 cycA=0.278 cycB=0.292 idtA=0.259 idtB=0.267 D_A=0.321 D_B=0.310 D_A(real)=0.59 D_A(fake)=0.42 gnG=64.03 gnD=23.54 it_per_s=8.22
2026-10-02 10:58:49,057 INFO iter=1100 epoch=1 lr=2.00e-04 G=9.154 advA2B=0.392 advB2A=0.450 cycA=0.277 cycB=0.291 idtA=0.258 idtB=0.267 D_A=0.314 D_B=0.307 D_A(real)=0.59 D_A(fake)=0.41 gnG=63.16 gnD=23.86 it_per_s=8.36
2026-10-02 10:58:58,844 INFO iter=1200 epoch=1 lr=2.00e-04 G=9.059 advA2B=0.391 advB2A=0.446 cycA=0.275 cycB=0.288 idtA=0.256 idtB=0.263 D_A=0.307 D_B=0.302 D_A(real)=0.59 D_A(fake)=0.41 gnG=61.99 gnD=23.78 it_per_s=8.49
2026-10-02 10:59:08,587 INFO iter=1300 epoch=1 lr=2.00e-04 G=9.007 advA2B=0.391 advB2A=0.451 cycA=0.273 cycB=0.286 idtA=0.254 idtB=0.261 D_A=0.300 D_B=0.298 D_A(real)=0.60 D_A(fake)=0.41 gnG=61.05 gnD=23.65 it_per_s=8.61
2026-10-02 10:59:18,375 INFO iter=1400 epoch=1 lr=2.00e-04 G=8.918 advA2B=0.392 advB2A=0.451 cycA=0.270 cycB=0.283 idtA=0.252 idtB=0.257 D_A=0.295 D_B=0.293 D_A(real)=0.60 D_A(fake)=0.41 gnG=60.09 gnD=23.52 it_per_s=8.70
2026-10-02 10:59:28,132 INFO iter=1500 epoch=1 lr=2.00e-04 G=8.850 advA2B=0.394 advB2A=0.453 cycA=0.268 cycB=0.281 idtA=0.249 idtB=0.255 D_A=0.290 D_B=0.291 D_A(real)=0.60 D_A(fake)=0.40 gnG=59.17 gnD=23.63 it_per_s=8.79
2026-10-02 10:59:37,876 INFO iter=1600 epoch=1 lr=2.00e-04 G=8.808 advA2B=0.395 advB2A=0.458 cycA=0.266 cycB=0.279 idtA=0.248 idtB=0.253 D_A=0.288 D_B=0.287 D_A(real)=0.60 D_A(fake)=0.40 gnG=58.58 gnD=23.73 it_per_s=8.87
2026-10-02 10:59:47,631 INFO iter=1700 epoch=1 lr=2.00e-04 G=8.797 advA2B=0.397 advB2A=0.471 cycA=0.266 cycB=0.277 idtA=0.248 idtB=0.251 D_A=0.282 D_B=0.284 D_A(real)=0.61 D_A(fake)=0.40 gnG=58.07 gnD=23.69 it_per_s=8.94
2026-10-02 10:59:57,438 INFO iter=1800 epoch=1 lr=2.00e-04 G=8.790 advA2B=0.399 advB2A=0.485 cycA=0.265 cycB=0.277 idtA=0.247 idtB=0.250 D_A=0.274 D_B=0.280 D_A(real)=0.62 D_A(fake)=0.38 gnG=57.33 gnD=23.58 it_per_s=9.00
2026-10-02 11:00:07,254 INFO iter=1900 epoch=1 lr=2.00e-04 G=8.775 advA2B=0.402 advB2A=0.492 cycA=0.263 cycB=0.277 idtA=0.246 idtB=0.250 D_A=0.266 D_B=0.278 D_A(real)=0.63 D_A(fake)=0.38 gnG=56.82 gnD=23.60 it_per_s=9.06
2026-10-02 11:00:17,026 INFO iter=2000 epoch=1 lr=2.00e-04 G=8.720 advA2B=0.403 advB2A=0.494 cycA=0.262 cycB=0.275 idtA=0.244 idtB=0.247 D_A=0.262 D_B=0.275 D_A(real)=0.64 D_A(fake)=0.37 gnG=56.20 gnD=23.57 it_per_s=9.11
2026-10-02 11:00:26,831 INFO iter=2100 epoch=1 lr=2.00e-04 G=8.678 advA2B=0.404 advB2A=0.496 cycA=0.260 cycB=0.274 idtA=0.242 idtB=0.246 D_A=0.260 D_B=0.273 D_A(real)=0.64 D_A(fake)=0.37 gnG=55.76 gnD=23.67 it_per_s=9.16
2026-10-02 11:00:36,612 INFO iter=2200 epoch=1 lr=2.00e-04 G=8.650 advA2B=0.408 advB2A=0.495 cycA=0.259 cycB=0.272 idtA=0.242 idtB=0.245 D_A=0.257 D_B=0.272 D_A(real)=0.64 D_A(fake)=0.37 gnG=55.27 gnD=23.58 it_per_s=9.20
2026-10-02 11:00:46,400 INFO iter=2300 epoch=1 lr=2.00e-04 G=8.613 advA2B=0.408 advB2A=0.497 cycA=0.257 cycB=0.272 idtA=0.240 idtB=0.244 D_A=0.254 D_B=0.271 D_A(real)=0.64 D_A(fake)=0.36 gnG=54.81 gnD=23.58 it_per_s=9.24
2026-10-02 11:00:56,191 INFO iter=2400 epoch=1 lr=2.00e-04 G=8.567 advA2B=0.406 advB2A=0.500 cycA=0.256 cycB=0.270 idtA=0.239 idtB=0.243 D_A=0.251 D_B=0.269 D_A(real)=0.65 D_A(fake)=0.36 gnG=54.39 gnD=23.42 it_per_s=9.28
2026-10-02 11:01:05,993 INFO iter=2500 epoch=1 lr=2.00e-04 G=8.526 advA2B=0.406 advB2A=0.501 cycA=0.254 cycB=0.268 idtA=0.238 idtB=0.241 D_A=0.248 D_B=0.267 D_A(real)=0.65 D_A(fake)=0.36 gnG=53.98 gnD=23.32 it_per_s=9.31
2026-10-02 11:01:15,646 INFO iter=2600 epoch=1 lr=2.00e-04 G=8.487 advA2B=0.404 advB2A=0.502 cycA=0.253 cycB=0.267 idtA=0.237 idtB=0.240 D_A=0.245 D_B=0.266 D_A(real)=0.65 D_A(fake)=0.36 gnG=53.56 gnD=23.25 it_per_s=9.35
2026-10-02 11:01:25,378 INFO iter=2700 epoch=1 lr=2.00e-04 G=8.456 advA2B=0.405 advB2A=0.504 cycA=0.252 cycB=0.266 idtA=0.236 idtB=0.239 D_A=0.242 D_B=0.265 D_A(real)=0.65 D_A(fake)=0.35 gnG=53.10 gnD=23.22 it_per_s=9.38
2026-10-02 11:01:35,343 INFO iter=2800 epoch=1 lr=2.00e-04 G=8.417 advA2B=0.403 advB2A=0.504 cycA=0.250 cycB=0.265 idtA=0.235 idtB=0.237 D_A=0.240 D_B=0.264 D_A(real)=0.66 D_A(fake)=0.35 gnG=52.71 gnD=23.16 it_per_s=9.40
2026-10-02 11:01:44,849 INFO iter=2900 epoch=1 lr=2.00e-04 G=8.391 advA2B=0.403 advB2A=0.503 cycA=0.249 cycB=0.264 idtA=0.234 idtB=0.237 D_A=0.240 D_B=0.263 D_A(real)=0.66 D_A(fake)=0.35 gnG=52.43 gnD=23.18 it_per_s=9.44
2026-10-02 11:01:54,666 INFO iter=3000 epoch=1 lr=2.00e-04 G=8.356 advA2B=0.404 advB2A=0.500 cycA=0.248 cycB=0.263 idtA=0.233 idtB=0.236 D_A=0.239 D_B=0.262 D_A(real)=0.66 D_A(fake)=0.35 gnG=52.09 gnD=23.08 it_per_s=9.46
2026-10-02 11:02:04,412 INFO iter=3100 epoch=1 lr=2.00e-04 G=8.331 advA2B=0.403 advB2A=0.500 cycA=0.248 cycB=0.262 idtA=0.232 idtB=0.235 D_A=0.237 D_B=0.261 D_A(real)=0.66 D_A(fake)=0.35 gnG=51.78 gnD=23.11 it_per_s=9.48
2026-10-02 11:02:13,905 INFO iter=3200 epoch=1 lr=2.00e-04 G=8.311 advA2B=0.405 advB2A=0.503 cycA=0.246 cycB=0.261 idtA=0.231 idtB=0.235 D_A=0.235 D_B=0.261 D_A(real)=0.66 D_A(fake)=0.35 gnG=51.52 gnD=23.07 it_per_s=9.51
2026-10-02 11:02:23,840 INFO iter=3300 epoch=1 lr=2.00e-04 G=8.280 advA2B=0.406 advB2A=0.501 cycA=0.245 cycB=0.260 idtA=0.230 idtB=0.234 D_A=0.235 D_B=0.261 D_A(real)=0.66 D_A(fake)=0.35 gnG=51.19 gnD=23.08 it_per_s=9.53
2026-10-02 11:02:33,610 INFO iter=3400 epoch=1 lr=2.00e-04 G=8.241 advA2B=0.404 advB2A=0.498 cycA=0.244 cycB=0.259 idtA=0.229 idtB=0.233 D_A=0.235 D_B=0.260 D_A(real)=0.66 D_A(fake)=0.35 gnG=50.85 gnD=22.96 it_per_s=9.55
2026-10-02 11:02:43,359 INFO iter=3500 epoch=1 lr=2.00e-04 G=8.209 advA2B=0.403 advB2A=0.495 cycA=0.243 cycB=0.258 idtA=0.228 idtB=0.233 D_A=0.234 D_B=0.260 D_A(real)=0.66 D_A(fake)=0.35 gnG=50.54 gnD=22.87 it_per_s=9.57
2026-10-02 11:02:53,195 INFO iter=3600 epoch=1 lr=2.00e-04 G=8.175 advA2B=0.402 advB2A=0.495 cycA=0.241 cycB=0.257 idtA=0.227 idtB=0.232 D_A=0.233 D_B=0.260 D_A(real)=0.66 D_A(fake)=0.35 gnG=50.25 gnD=22.78 it_per_s=9.58
2026-10-02 11:03:03,016 INFO iter=3700 epoch=1 lr=2.00e-04 G=8.136 advA2B=0.400 advB2A=0.495 cycA=0.240 cycB=0.256 idtA=0.226 idtB=0.230 D_A=0.233 D_B=0.259 D_A(real)=0.66 D_A(fake)=0.35 gnG=49.95 gnD=22.71 it_per_s=9.60
2026-10-02 11:03:12,890 INFO iter=3800 epoch=1 lr=2.00e-04 G=8.122 advA2B=0.400 advB2A=0.496 cycA=0.240 cycB=0.255 idtA=0.226 idtB=0.230 D_A=0.232 D_B=0.259 D_A(real)=0.66 D_A(fake)=0.35 gnG=49.82 gnD=22.71 it_per_s=9.61
2026-10-02 11:03:22,700 INFO iter=3900 epoch=1 lr=2.00e-04 G=8.101 advA2B=0.399 advB2A=0.496 cycA=0.239 cycB=0.255 idtA=0.225 idtB=0.229 D_A=0.231 D_B=0.259 D_A(real)=0.66 D_A(fake)=0.35 gnG=49.68 gnD=22.62 it_per_s=9.63
2026-10-02 11:03:32,588 INFO iter=4000 epoch=1 lr=2.00e-04 G=8.086 advA2B=0.399 advB2A=0.497 cycA=0.238 cycB=0.254 idtA=0.225 idtB=0.229 D_A=0.231 D_B=0.258 D_A(real)=0.66 D_A(fake)=0.35 gnG=49.48 gnD=22.58 it_per_s=9.64
2026-10-02 11:03:42,385 INFO iter=4100 epoch=1 lr=2.00e-04 G=8.061 advA2B=0.399 advB2A=0.498 cycA=0.237 cycB=0.253 idtA=0.224 idtB=0.228 D_A=0.230 D_B=0.259 D_A(real)=0.66 D_A(fake)=0.35 gnG=49.27 gnD=22.60 it_per_s=9.65
2026-10-02 11:03:52,232 INFO iter=4200 epoch=1 lr=2.00e-04 G=8.030 advA2B=0.399 advB2A=0.497 cycA=0.237 cycB=0.252 idtA=0.223 idtB=0.227 D_A=0.230 D_B=0.258 D_A(real)=0.66 D_A(fake)=0.35 gnG=49.07 gnD=22.54 it_per_s=9.66
2026-10-02 11:04:02,111 INFO iter=4300 epoch=1 lr=2.00e-04 G=8.014 advA2B=0.399 advB2A=0.496 cycA=0.236 cycB=0.251 idtA=0.223 idtB=0.226 D_A=0.230 D_B=0.257 D_A(real)=0.66 D_A(fake)=0.35 gnG=48.92 gnD=22.50 it_per_s=9.67
2026-10-02 11:04:11,874 INFO iter=4400 epoch=1 lr=2.00e-04 G=7.995 advA2B=0.399 advB2A=0.496 cycA=0.235 cycB=0.251 idtA=0.222 idtB=0.225 D_A=0.229 D_B=0.256 D_A(real)=0.66 D_A(fake)=0.35 gnG=48.80 gnD=22.45 it_per_s=9.68
2026-10-02 11:04:21,698 INFO iter=4500 epoch=1 lr=2.00e-04 G=7.983 advA2B=0.400 advB2A=0.496 cycA=0.235 cycB=0.250 idtA=0.221 idtB=0.225 D_A=0.229 D_B=0.255 D_A(real)=0.66 D_A(fake)=0.35 gnG=48.61 gnD=22.42 it_per_s=9.69
2026-10-02 11:04:31,498 INFO iter=4600 epoch=1 lr=2.00e-04 G=7.965 advA2B=0.401 advB2A=0.496 cycA=0.234 cycB=0.250 idtA=0.221 idtB=0.225 D_A=0.228 D_B=0.254 D_A(real)=0.66 D_A(fake)=0.35 gnG=48.48 gnD=22.42 it_per_s=9.71
2026-10-02 11:04:41,276 INFO iter=4700 epoch=1 lr=2.00e-04 G=7.952 advA2B=0.401 advB2A=0.495 cycA=0.234 cycB=0.249 idtA=0.221 idtB=0.224 D_A=0.228 D_B=0.254 D_A(real)=0.66 D_A(fake)=0.35 gnG=48.35 gnD=22.42 it_per_s=9.72
2026-10-02 11:04:51,149 INFO iter=4800 epoch=1 lr=2.00e-04 G=7.937 advA2B=0.402 advB2A=0.497 cycA=0.233 cycB=0.249 idtA=0.220 idtB=0.224 D_A=0.227 D_B=0.254 D_A(real)=0.66 D_A(fake)=0.35 gnG=48.27 gnD=22.40 it_per_s=9.72
2026-10-02 11:05:00,913 INFO iter=4900 epoch=1 lr=2.00e-04 G=7.920 advA2B=0.403 advB2A=0.497 cycA=0.233 cycB=0.248 idtA=0.220 idtB=0.223 D_A=0.227 D_B=0.253 D_A(real)=0.66 D_A(fake)=0.35 gnG=48.06 gnD=22.38 it_per_s=9.73
2026-10-02 11:05:10,694 INFO iter=5000 epoch=1 lr=2.00e-04 G=7.900 advA2B=0.403 advB2A=0.498 cycA=0.232 cycB=0.247 idtA=0.219 idtB=0.223 D_A=0.226 D_B=0.253 D_A(real)=0.66 D_A(fake)=0.35 gnG=47.87 gnD=22.35 it_per_s=9.74
2026-10-02 11:05:20,466 INFO iter=5100 epoch=1 lr=2.00e-04 G=7.875 advA2B=0.404 advB2A=0.497 cycA=0.231 cycB=0.246 idtA=0.218 idtB=0.222 D_A=0.226 D_B=0.252 D_A(real)=0.66 D_A(fake)=0.35 gnG=47.68 gnD=22.37 it_per_s=9.75
2026-10-02 11:05:30,406 INFO iter=5200 epoch=1 lr=2.00e-04 G=7.861 advA2B=0.404 advB2A=0.497 cycA=0.231 cycB=0.246 idtA=0.218 idtB=0.221 D_A=0.225 D_B=0.251 D_A(real)=0.66 D_A(fake)=0.35 gnG=47.57 gnD=22.30 it_per_s=9.76
2026-10-02 11:05:40,251 INFO iter=5300 epoch=1 lr=2.00e-04 G=7.841 advA2B=0.405 advB2A=0.496 cycA=0.230 cycB=0.245 idtA=0.217 idtB=0.221 D_A=0.225 D_B=0.251 D_A(real)=0.66 D_A(fake)=0.35 gnG=47.37 gnD=22.32 it_per_s=9.77
2026-10-02 11:05:50,103 INFO iter=5400 epoch=1 lr=2.00e-04 G=7.829 advA2B=0.406 advB2A=0.495 cycA=0.229 cycB=0.245 idtA=0.217 idtB=0.220 D_A=0.224 D_B=0.250 D_A(real)=0.66 D_A(fake)=0.34 gnG=47.21 gnD=22.30 it_per_s=9.77
2026-10-02 11:05:59,876 INFO iter=5500 epoch=1 lr=2.00e-04 G=7.827 advA2B=0.408 advB2A=0.496 cycA=0.229 cycB=0.245 idtA=0.217 idtB=0.220 D_A=0.224 D_B=0.250 D_A(real)=0.66 D_A(fake)=0.34 gnG=47.16 gnD=22.32 it_per_s=9.78
2026-10-02 11:06:09,697 INFO iter=5600 epoch=1 lr=2.00e-04 G=7.826 advA2B=0.409 advB2A=0.498 cycA=0.229 cycB=0.245 idtA=0.216 idtB=0.220 D_A=0.223 D_B=0.249 D_A(real)=0.66 D_A(fake)=0.34 gnG=47.11 gnD=22.29 it_per_s=9.79
2026-10-02 11:06:19,528 INFO iter=5700 epoch=1 lr=2.00e-04 G=7.830 advA2B=0.409 advB2A=0.500 cycA=0.229 cycB=0.245 idtA=0.217 idtB=0.220 D_A=0.223 D_B=0.249 D_A(real)=0.66 D_A(fake)=0.34 gnG=47.05 gnD=22.27 it_per_s=9.79
2026-10-02 11:06:29,322 INFO iter=5800 epoch=1 lr=2.00e-04 G=7.824 advA2B=0.410 advB2A=0.501 cycA=0.229 cycB=0.244 idtA=0.216 idtB=0.219 D_A=0.221 D_B=0.248 D_A(real)=0.66 D_A(fake)=0.34 gnG=46.96 gnD=22.26 it_per_s=9.80
2026-10-02 11:06:39,102 INFO iter=5900 epoch=1 lr=2.00e-04 G=7.807 advA2B=0.411 advB2A=0.501 cycA=0.228 cycB=0.244 idtA=0.216 idtB=0.219 D_A=0.221 D_B=0.248 D_A(real)=0.66 D_A(fake)=0.34 gnG=46.86 gnD=22.26 it_per_s=9.81
2026-10-02 11:06:48,684 INFO iter=6000 epoch=1 lr=2.00e-04 G=7.793 advA2B=0.411 advB2A=0.501 cycA=0.228 cycB=0.243 idtA=0.215 idtB=0.219 D_A=0.221 D_B=0.248 D_A(real)=0.66 D_A(fake)=0.34 gnG=46.77 gnD=22.26 it_per_s=9.82
2026-10-02 11:06:58,503 INFO iter=6100 epoch=1 lr=2.00e-04 G=7.780 advA2B=0.414 advB2A=0.502 cycA=0.227 cycB=0.243 idtA=0.215 idtB=0.218 D_A=0.220 D_B=0.249 D_A(real)=0.67 D_A(fake)=0.34 gnG=46.72 gnD=22.30 it_per_s=9.82
2026-10-02 11:07:08,307 INFO iter=6200 epoch=1 lr=2.00e-04 G=7.764 advA2B=0.412 advB2A=0.503 cycA=0.227 cycB=0.242 idtA=0.215 idtB=0.217 D_A=0.220 D_B=0.250 D_A(real)=0.67 D_A(fake)=0.34 gnG=46.61 gnD=22.27 it_per_s=9.83
2026-10-02 11:07:18,166 INFO iter=6300 epoch=1 lr=2.00e-04 G=7.746 advA2B=0.410 advB2A=0.504 cycA=0.226 cycB=0.241 idtA=0.214 idtB=0.217 D_A=0.219 D_B=0.251 D_A(real)=0.67 D_A(fake)=0.34 gnG=46.49 gnD=22.18 it_per_s=9.83
2026-10-02 11:07:28,037 INFO iter=6400 epoch=1 lr=2.00e-04 G=7.728 advA2B=0.409 advB2A=0.505 cycA=0.226 cycB=0.241 idtA=0.214 idtB=0.216 D_A=0.219 D_B=0.251 D_A(real)=0.67 D_A(fake)=0.34 gnG=46.43 gnD=22.12 it_per_s=9.84
2026-10-02 11:07:37,825 INFO iter=6500 epoch=1 lr=2.00e-04 G=7.721 advA2B=0.407 advB2A=0.510 cycA=0.225 cycB=0.240 idtA=0.214 idtB=0.216 D_A=0.218 D_B=0.251 D_A(real)=0.67 D_A(fake)=0.34 gnG=46.31 gnD=22.04 it_per_s=9.84
2026-10-02 11:07:47,655 INFO iter=6600 epoch=1 lr=2.00e-04 G=7.712 advA2B=0.405 advB2A=0.513 cycA=0.225 cycB=0.240 idtA=0.214 idtB=0.215 D_A=0.217 D_B=0.251 D_A(real)=0.67 D_A(fake)=0.34 gnG=46.15 gnD=21.95 it_per_s=9.85
2026-10-02 11:07:57,471 INFO iter=6700 epoch=1 lr=2.00e-04 G=7.703 advA2B=0.404 advB2A=0.516 cycA=0.225 cycB=0.240 idtA=0.213 idtB=0.215 D_A=0.216 D_B=0.251 D_A(real)=0.67 D_A(fake)=0.33 gnG=46.03 gnD=21.87 it_per_s=9.85
2026-10-02 11:08:07,265 INFO iter=6800 epoch=1 lr=2.00e-04 G=7.689 advA2B=0.402 advB2A=0.517 cycA=0.224 cycB=0.239 idtA=0.213 idtB=0.214 D_A=0.215 D_B=0.251 D_A(real)=0.67 D_A(fake)=0.33 gnG=45.91 gnD=21.82 it_per_s=9.86
2026-10-02 11:08:17,077 INFO iter=6900 epoch=1 lr=2.00e-04 G=7.676 advA2B=0.402 advB2A=0.517 cycA=0.224 cycB=0.239 idtA=0.213 idtB=0.214 D_A=0.215 D_B=0.251 D_A(real)=0.67 D_A(fake)=0.33 gnG=45.78 gnD=21.79 it_per_s=9.86
2026-10-02 11:08:26,849 INFO iter=7000 epoch=1 lr=2.00e-04 G=7.667 advA2B=0.401 advB2A=0.518 cycA=0.224 cycB=0.238 idtA=0.212 idtB=0.213 D_A=0.214 D_B=0.251 D_A(real)=0.67 D_A(fake)=0.33 gnG=45.68 gnD=21.74 it_per_s=9.87
2026-10-02 11:08:30,558 INFO epoch=1 done time_s=713 it_per_s=9.87 G=7.664 cycA=0.224 cycB=0.238 idtA=0.212 idtB=0.213 D_A=0.214 D_B=0.251 D_A(real)=0.67 D_A(fake)=0.33 nan_count=0
2026-10-02 11:08:42,182 INFO iter=7100 epoch=2 lr=2.00e-04 G=6.773 advA2B=0.381 advB2A=0.494 cycA=0.195 cycB=0.209 idtA=0.184 idtB=0.186 D_A=0.217 D_B=0.231 D_A(real)=0.65 D_A(fake)=0.35 gnG=35.90 gnD=17.66 it_per_s=10.16
2026-10-02 11:08:52,055 INFO iter=7200 epoch=2 lr=2.00e-04 G=6.971 advA2B=0.412 advB2A=0.514 cycA=0.206 cycB=0.209 idtA=0.193 idtB=0.185 D_A=0.203 D_B=0.231 D_A(real)=0.66 D_A(fake)=0.34 gnG=40.13 gnD=19.51 it_per_s=10.14
2026-10-02 11:09:01,893 INFO iter=7300 epoch=2 lr=2.00e-04 G=7.088 advA2B=0.420 advB2A=0.523 cycA=0.208 cycB=0.213 idtA=0.195 idtB=0.191 D_A=0.194 D_B=0.233 D_A(real)=0.68 D_A(fake)=0.33 gnG=39.98 gnD=19.79 it_per_s=10.15
2026-10-02 11:09:11,699 INFO iter=7400 epoch=2 lr=2.00e-04 G=7.104 advA2B=0.418 advB2A=0.513 cycA=0.208 cycB=0.217 idtA=0.194 idtB=0.192 D_A=0.193 D_B=0.232 D_A(real)=0.68 D_A(fake)=0.33 gnG=40.38 gnD=19.70 it_per_s=10.16
2026-10-02 11:09:21,567 INFO iter=7500 epoch=2 lr=2.00e-04 G=7.064 advA2B=0.427 advB2A=0.517 cycA=0.205 cycB=0.215 idtA=0.193 idtB=0.190 D_A=0.190 D_B=0.230 D_A(real)=0.69 D_A(fake)=0.32 gnG=40.10 gnD=19.76 it_per_s=10.16
2026-10-02 11:09:31,386 INFO iter=7600 epoch=2 lr=2.00e-04 G=6.988 advA2B=0.427 advB2A=0.507 cycA=0.203 cycB=0.213 idtA=0.191 idtB=0.188 D_A=0.198 D_B=0.232 D_A(real)=0.68 D_A(fake)=0.33 gnG=39.80 gnD=19.88 it_per_s=10.16
2026-10-02 11:09:41,277 INFO iter=7700 epoch=2 lr=2.00e-04 G=6.913 advA2B=0.426 advB2A=0.496 cycA=0.200 cycB=0.211 idtA=0.188 idtB=0.187 D_A=0.200 D_B=0.232 D_A(real)=0.67 D_A(fake)=0.33 gnG=39.92 gnD=19.87 it_per_s=10.15
2026-10-02 11:09:51,069 INFO iter=7800 epoch=2 lr=2.00e-04 G=6.883 advA2B=0.425 advB2A=0.491 cycA=0.198 cycB=0.211 idtA=0.188 idtB=0.188 D_A=0.200 D_B=0.231 D_A(real)=0.67 D_A(fake)=0.33 gnG=39.73 gnD=19.82 it_per_s=10.16
2026-10-02 11:10:00,901 INFO iter=7900 epoch=2 lr=2.00e-04 G=6.862 advA2B=0.422 advB2A=0.484 cycA=0.198 cycB=0.210 idtA=0.187 idtB=0.188 D_A=0.202 D_B=0.233 D_A(real)=0.67 D_A(fake)=0.33 gnG=39.59 gnD=19.83 it_per_s=10.16
2026-10-02 11:10:10,719 INFO iter=8000 epoch=2 lr=2.00e-04 G=6.837 advA2B=0.419 advB2A=0.483 cycA=0.198 cycB=0.209 idtA=0.187 idtB=0.187 D_A=0.203 D_B=0.233 D_A(real)=0.66 D_A(fake)=0.34 gnG=39.50 gnD=19.60 it_per_s=10.16
2026-10-02 11:10:20,563 INFO iter=8100 epoch=2 lr=2.00e-04 G=6.848 advA2B=0.420 advB2A=0.483 cycA=0.198 cycB=0.210 idtA=0.187 idtB=0.188 D_A=0.204 D_B=0.234 D_A(real)=0.66 D_A(fake)=0.34 gnG=39.26 gnD=19.57 it_per_s=10.16
2026-10-02 11:10:30,360 INFO iter=8200 epoch=2 lr=2.00e-04 G=6.825 advA2B=0.421 advB2A=0.481 cycA=0.196 cycB=0.209 idtA=0.186 idtB=0.188 D_A=0.204 D_B=0.233 D_A(real)=0.66 D_A(fake)=0.34 gnG=39.11 gnD=19.44 it_per_s=10.17
2026-10-02 11:10:40,210 INFO iter=8300 epoch=2 lr=2.00e-04 G=6.798 advA2B=0.417 advB2A=0.478 cycA=0.196 cycB=0.208 idtA=0.186 idtB=0.187 D_A=0.204 D_B=0.232 D_A(real)=0.66 D_A(fake)=0.34 gnG=38.84 gnD=19.29 it_per_s=10.17
2026-10-02 11:10:49,997 INFO iter=8400 epoch=2 lr=2.00e-04 G=6.771 advA2B=0.418 advB2A=0.477 cycA=0.195 cycB=0.207 idtA=0.185 idtB=0.187 D_A=0.205 D_B=0.233 D_A(real)=0.66 D_A(fake)=0.34 gnG=38.74 gnD=19.31 it_per_s=10.17
2026-10-02 11:10:59,825 INFO iter=8500 epoch=2 lr=2.00e-04 G=6.755 advA2B=0.417 advB2A=0.474 cycA=0.194 cycB=0.207 idtA=0.184 idtB=0.187 D_A=0.207 D_B=0.234 D_A(real)=0.66 D_A(fake)=0.34 gnG=38.68 gnD=19.29 it_per_s=10.17
2026-10-02 11:11:09,661 INFO iter=8600 epoch=2 lr=2.00e-04 G=6.738 advA2B=0.416 advB2A=0.474 cycA=0.194 cycB=0.206 idtA=0.184 idtB=0.186 D_A=0.207 D_B=0.234 D_A(real)=0.66 D_A(fake)=0.34 gnG=38.67 gnD=19.27 it_per_s=10.17
2026-10-02 11:11:19,487 INFO iter=8700 epoch=2 lr=2.00e-04 G=6.715 advA2B=0.416 advB2A=0.475 cycA=0.193 cycB=0.205 idtA=0.183 idtB=0.186 D_A=0.206 D_B=0.235 D_A(real)=0.66 D_A(fake)=0.34 gnG=38.67 gnD=19.24 it_per_s=10.17
2026-10-02 11:11:29,283 INFO iter=8800 epoch=2 lr=2.00e-04 G=6.703 advA2B=0.413 advB2A=0.477 cycA=0.193 cycB=0.205 idtA=0.184 idtB=0.185 D_A=0.206 D_B=0.235 D_A(real)=0.66 D_A(fake)=0.35 gnG=38.66 gnD=19.16 it_per_s=10.17
2026-10-02 11:11:39,120 INFO iter=8900 epoch=2 lr=2.00e-04 G=6.682 advA2B=0.415 advB2A=0.478 cycA=0.191 cycB=0.204 idtA=0.182 idtB=0.185 D_A=0.205 D_B=0.234 D_A(real)=0.66 D_A(fake)=0.34 gnG=38.50 gnD=19.14 it_per_s=10.17
2026-10-02 11:11:48,933 INFO iter=9000 epoch=2 lr=2.00e-04 G=6.663 advA2B=0.414 advB2A=0.478 cycA=0.191 cycB=0.203 idtA=0.182 idtB=0.184 D_A=0.205 D_B=0.234 D_A(real)=0.66 D_A(fake)=0.34 gnG=38.33 gnD=19.07 it_per_s=10.17
2026-10-02 11:11:58,777 INFO iter=9100 epoch=2 lr=2.00e-04 G=6.649 advA2B=0.412 advB2A=0.478 cycA=0.190 cycB=0.203 idtA=0.182 idtB=0.184 D_A=0.206 D_B=0.234 D_A(real)=0.66 D_A(fake)=0.35 gnG=38.13 gnD=19.03 it_per_s=10.17
2026-10-02 11:12:08,655 INFO iter=9200 epoch=2 lr=2.00e-04 G=6.653 advA2B=0.413 advB2A=0.479 cycA=0.191 cycB=0.202 idtA=0.182 idtB=0.184 D_A=0.206 D_B=0.234 D_A(real)=0.66 D_A(fake)=0.35 gnG=38.03 gnD=19.04 it_per_s=10.17
2026-10-02 11:12:18,469 INFO iter=9300 epoch=2 lr=2.00e-04 G=6.635 advA2B=0.413 advB2A=0.480 cycA=0.190 cycB=0.202 idtA=0.182 idtB=0.183 D_A=0.206 D_B=0.235 D_A(real)=0.66 D_A(fake)=0.34 gnG=37.94 gnD=18.93 it_per_s=10.17
2026-10-02 11:12:28,293 INFO iter=9400 epoch=2 lr=2.00e-04 G=6.612 advA2B=0.412 advB2A=0.480 cycA=0.189 cycB=0.201 idtA=0.181 idtB=0.183 D_A=0.206 D_B=0.234 D_A(real)=0.66 D_A(fake)=0.35 gnG=37.96 gnD=18.83 it_per_s=10.17
2026-10-02 11:12:38,224 INFO iter=9500 epoch=2 lr=2.00e-04 G=6.608 advA2B=0.413 advB2A=0.485 cycA=0.189 cycB=0.201 idtA=0.181 idtB=0.183 D_A=0.204 D_B=0.234 D_A(real)=0.66 D_A(fake)=0.34 gnG=38.06 gnD=18.77 it_per_s=10.17
2026-10-02 11:12:48,090 INFO iter=9600 epoch=2 lr=2.00e-04 G=6.607 advA2B=0.415 advB2A=0.486 cycA=0.188 cycB=0.201 idtA=0.180 idtB=0.183 D_A=0.205 D_B=0.234 D_A(real)=0.66 D_A(fake)=0.34 gnG=38.09 gnD=18.84 it_per_s=10.17
2026-10-02 11:12:57,914 INFO iter=9700 epoch=2 lr=2.00e-04 G=6.607 advA2B=0.415 advB2A=0.487 cycA=0.188 cycB=0.201 idtA=0.180 idtB=0.183 D_A=0.205 D_B=0.233 D_A(real)=0.66 D_A(fake)=0.34 gnG=38.17 gnD=18.81 it_per_s=10.17
2026-10-02 11:13:07,760 INFO iter=9800 epoch=2 lr=2.00e-04 G=6.598 advA2B=0.414 advB2A=0.487 cycA=0.188 cycB=0.201 idtA=0.180 idtB=0.183 D_A=0.205 D_B=0.234 D_A(real)=0.66 D_A(fake)=0.34 gnG=38.15 gnD=18.81 it_per_s=10.17
2026-10-02 11:13:17,463 INFO iter=9900 epoch=2 lr=2.00e-04 G=6.589 advA2B=0.415 advB2A=0.488 cycA=0.187 cycB=0.200 idtA=0.180 idtB=0.182 D_A=0.205 D_B=0.234 D_A(real)=0.66 D_A(fake)=0.34 gnG=38.07 gnD=18.84 it_per_s=10.17
2026-10-02 11:13:27,188 INFO iter=10000 epoch=2 lr=2.00e-04 G=6.586 advA2B=0.414 advB2A=0.489 cycA=0.187 cycB=0.200 idtA=0.180 idtB=0.182 D_A=0.204 D_B=0.234 D_A(real)=0.66 D_A(fake)=0.34 gnG=38.01 gnD=18.84 it_per_s=10.17
2026-10-02 11:13:36,976 INFO iter=10100 epoch=2 lr=2.00e-04 G=6.578 advA2B=0.413 advB2A=0.488 cycA=0.187 cycB=0.200 idtA=0.180 idtB=0.182 D_A=0.205 D_B=0.234 D_A(real)=0.66 D_A(fake)=0.34 gnG=37.98 gnD=18.80 it_per_s=10.18
2026-10-02 11:13:46,424 INFO iter=10200 epoch=2 lr=2.00e-04 G=6.581 advA2B=0.414 advB2A=0.490 cycA=0.187 cycB=0.200 idtA=0.180 idtB=0.182 D_A=0.205 D_B=0.233 D_A(real)=0.66 D_A(fake)=0.34 gnG=38.03 gnD=18.78 it_per_s=10.19
2026-10-02 11:13:56,090 INFO iter=10300 epoch=2 lr=2.00e-04 G=6.568 advA2B=0.414 advB2A=0.492 cycA=0.186 cycB=0.199 idtA=0.179 idtB=0.182 D_A=0.204 D_B=0.233 D_A(real)=0.66 D_A(fake)=0.34 gnG=37.96 gnD=18.74 it_per_s=10.19
2026-10-02 11:14:05,886 INFO iter=10400 epoch=2 lr=2.00e-04 G=6.559 advA2B=0.415 advB2A=0.492 cycA=0.186 cycB=0.199 idtA=0.179 idtB=0.182 D_A=0.204 D_B=0.233 D_A(real)=0.66 D_A(fake)=0.34 gnG=37.84 gnD=18.71 it_per_s=10.19
2026-10-02 11:14:15,689 INFO iter=10500 epoch=2 lr=2.00e-04 G=6.552 advA2B=0.416 advB2A=0.495 cycA=0.186 cycB=0.199 idtA=0.179 idtB=0.181 D_A=0.204 D_B=0.233 D_A(real)=0.66 D_A(fake)=0.34 gnG=37.78 gnD=18.68 it_per_s=10.19
2026-10-02 11:14:25,462 INFO iter=10600 epoch=2 lr=2.00e-04 G=6.541 advA2B=0.415 advB2A=0.494 cycA=0.185 cycB=0.199 idtA=0.178 idtB=0.181 D_A=0.204 D_B=0.233 D_A(real)=0.66 D_A(fake)=0.34 gnG=37.77 gnD=18.68 it_per_s=10.19
2026-10-02 11:14:35,279 INFO iter=10700 epoch=2 lr=2.00e-04 G=6.535 advA2B=0.416 advB2A=0.494 cycA=0.185 cycB=0.198 idtA=0.178 idtB=0.181 D_A=0.203 D_B=0.233 D_A(real)=0.66 D_A(fake)=0.34 gnG=37.74 gnD=18.69 it_per_s=10.19
2026-10-02 11:14:44,945 INFO iter=10800 epoch=2 lr=2.00e-04 G=6.526 advA2B=0.416 advB2A=0.495 cycA=0.184 cycB=0.198 idtA=0.178 idtB=0.181 D_A=0.204 D_B=0.233 D_A(real)=0.66 D_A(fake)=0.34 gnG=37.67 gnD=18.66 it_per_s=10.20
2026-10-02 11:14:54,565 INFO iter=10900 epoch=2 lr=2.00e-04 G=6.520 advA2B=0.416 advB2A=0.495 cycA=0.184 cycB=0.198 idtA=0.178 idtB=0.180 D_A=0.204 D_B=0.233 D_A(real)=0.66 D_A(fake)=0.34 gnG=37.66 gnD=18.66 it_per_s=10.20
2026-10-02 11:15:04,387 INFO iter=11000 epoch=2 lr=2.00e-04 G=6.512 advA2B=0.416 advB2A=0.496 cycA=0.184 cycB=0.197 idtA=0.177 idtB=0.180 D_A=0.204 D_B=0.233 D_A(real)=0.66 D_A(fake)=0.34 gnG=37.59 gnD=18.63 it_per_s=10.20
2026-10-02 11:15:14,048 INFO iter=11100 epoch=2 lr=2.00e-04 G=6.506 advA2B=0.416 advB2A=0.496 cycA=0.184 cycB=0.197 idtA=0.177 idtB=0.180 D_A=0.203 D_B=0.233 D_A(real)=0.66 D_A(fake)=0.34 gnG=37.53 gnD=18.63 it_per_s=10.21
2026-10-02 11:15:23,574 INFO iter=11200 epoch=2 lr=2.00e-04 G=6.503 advA2B=0.417 advB2A=0.497 cycA=0.184 cycB=0.197 idtA=0.177 idtB=0.180 D_A=0.203 D_B=0.233 D_A(real)=0.66 D_A(fake)=0.34 gnG=37.50 gnD=18.61 it_per_s=10.21
2026-10-02 11:15:33,355 INFO iter=11300 epoch=2 lr=2.00e-04 G=6.495 advA2B=0.417 advB2A=0.498 cycA=0.183 cycB=0.197 idtA=0.177 idtB=0.179 D_A=0.203 D_B=0.232 D_A(real)=0.66 D_A(fake)=0.34 gnG=37.52 gnD=18.59 it_per_s=10.21
2026-10-02 11:15:43,019 INFO iter=11400 epoch=2 lr=2.00e-04 G=6.512 advA2B=0.418 advB2A=0.500 cycA=0.184 cycB=0.197 idtA=0.177 idtB=0.179 D_A=0.202 D_B=0.232 D_A(real)=0.67 D_A(fake)=0.34 gnG=37.60 gnD=18.56 it_per_s=10.22
2026-10-02 11:15:52,450 INFO iter=11500 epoch=2 lr=2.00e-04 G=6.516 advA2B=0.419 advB2A=0.500 cycA=0.184 cycB=0.197 idtA=0.177 idtB=0.179 D_A=0.201 D_B=0.231 D_A(real)=0.67 D_A(fake)=0.34 gnG=37.62 gnD=18.55 it_per_s=10.23
2026-10-02 11:16:02,285 INFO iter=11600 epoch=2 lr=2.00e-04 G=6.524 advA2B=0.419 advB2A=0.501 cycA=0.184 cycB=0.198 idtA=0.178 idtB=0.179 D_A=0.201 D_B=0.231 D_A(real)=0.67 D_A(fake)=0.33 gnG=37.72 gnD=18.55 it_per_s=10.22
2026-10-02 11:16:12,084 INFO iter=11700 epoch=2 lr=2.00e-04 G=6.518 advA2B=0.421 advB2A=0.501 cycA=0.184 cycB=0.197 idtA=0.177 idtB=0.179 D_A=0.201 D_B=0.231 D_A(real)=0.67 D_A(fake)=0.33 gnG=37.66 gnD=18.53 it_per_s=10.22
2026-10-02 11:16:21,692 INFO iter=11800 epoch=2 lr=2.00e-04 G=6.512 advA2B=0.421 advB2A=0.501 cycA=0.184 cycB=0.197 idtA=0.177 idtB=0.179 D_A=0.201 D_B=0.230 D_A(real)=0.67 D_A(fake)=0.34 gnG=37.67 gnD=18.50 it_per_s=10.23
2026-10-02 11:16:31,542 INFO iter=11900 epoch=2 lr=2.00e-04 G=6.507 advA2B=0.422 advB2A=0.502 cycA=0.184 cycB=0.197 idtA=0.177 idtB=0.178 D_A=0.201 D_B=0.230 D_A(real)=0.67 D_A(fake)=0.33 gnG=37.65 gnD=18.52 it_per_s=10.23
2026-10-02 11:16:41,297 INFO iter=12000 epoch=2 lr=2.00e-04 G=6.501 advA2B=0.423 advB2A=0.503 cycA=0.183 cycB=0.197 idtA=0.177 idtB=0.178 D_A=0.200 D_B=0.229 D_A(real)=0.67 D_A(fake)=0.33 gnG=37.62 gnD=18.50 it_per_s=10.23
2026-10-02 11:16:50,690 INFO iter=12100 epoch=2 lr=2.00e-04 G=6.495 advA2B=0.423 advB2A=0.504 cycA=0.183 cycB=0.196 idtA=0.177 idtB=0.178 D_A=0.200 D_B=0.229 D_A(real)=0.67 D_A(fake)=0.33 gnG=37.59 gnD=18.48 it_per_s=10.23
2026-10-02 11:17:00,500 INFO iter=12200 epoch=2 lr=2.00e-04 G=6.487 advA2B=0.423 advB2A=0.503 cycA=0.183 cycB=0.196 idtA=0.177 idtB=0.178 D_A=0.200 D_B=0.229 D_A(real)=0.67 D_A(fake)=0.33 gnG=37.50 gnD=18.46 it_per_s=10.23
2026-10-02 11:17:10,297 INFO iter=12300 epoch=2 lr=2.00e-04 G=6.478 advA2B=0.423 advB2A=0.504 cycA=0.183 cycB=0.196 idtA=0.177 idtB=0.177 D_A=0.199 D_B=0.229 D_A(real)=0.67 D_A(fake)=0.33 gnG=37.50 gnD=18.45 it_per_s=10.23
2026-10-02 11:17:20,103 INFO iter=12400 epoch=2 lr=2.00e-04 G=6.478 advA2B=0.424 advB2A=0.506 cycA=0.182 cycB=0.195 idtA=0.177 idtB=0.177 D_A=0.199 D_B=0.229 D_A(real)=0.67 D_A(fake)=0.33 gnG=37.51 gnD=18.43 it_per_s=10.23
2026-10-02 11:17:29,838 INFO iter=12500 epoch=2 lr=2.00e-04 G=6.486 advA2B=0.425 advB2A=0.509 cycA=0.183 cycB=0.196 idtA=0.177 idtB=0.177 D_A=0.198 D_B=0.229 D_A(real)=0.67 D_A(fake)=0.33 gnG=37.56 gnD=18.42 it_per_s=10.23
2026-10-02 11:17:39,634 INFO iter=12600 epoch=2 lr=2.00e-04 G=6.497 advA2B=0.425 advB2A=0.510 cycA=0.183 cycB=0.196 idtA=0.177 idtB=0.178 D_A=0.197 D_B=0.228 D_A(real)=0.67 D_A(fake)=0.33 gnG=37.64 gnD=18.40 it_per_s=10.23
2026-10-02 11:17:49,068 INFO iter=12700 epoch=2 lr=2.00e-04 G=6.492 advA2B=0.426 advB2A=0.509 cycA=0.183 cycB=0.196 idtA=0.177 idtB=0.178 D_A=0.197 D_B=0.228 D_A(real)=0.67 D_A(fake)=0.33 gnG=37.66 gnD=18.39 it_per_s=10.24
2026-10-02 11:17:58,758 INFO iter=12800 epoch=2 lr=2.00e-04 G=6.491 advA2B=0.428 advB2A=0.509 cycA=0.183 cycB=0.196 idtA=0.177 idtB=0.178 D_A=0.197 D_B=0.227 D_A(real)=0.67 D_A(fake)=0.33 gnG=37.66 gnD=18.39 it_per_s=10.24
2026-10-02 11:18:08,689 INFO iter=12900 epoch=2 lr=2.00e-04 G=6.480 advA2B=0.427 advB2A=0.508 cycA=0.182 cycB=0.195 idtA=0.176 idtB=0.177 D_A=0.197 D_B=0.228 D_A(real)=0.67 D_A(fake)=0.33 gnG=37.60 gnD=18.37 it_per_s=10.24
2026-10-02 11:18:18,310 INFO iter=13000 epoch=2 lr=2.00e-04 G=6.469 advA2B=0.427 advB2A=0.508 cycA=0.182 cycB=0.195 idtA=0.176 idtB=0.177 D_A=0.197 D_B=0.228 D_A(real)=0.67 D_A(fake)=0.33 gnG=37.57 gnD=18.36 it_per_s=10.24
2026-10-02 11:18:27,926 INFO iter=13100 epoch=2 lr=2.00e-04 G=6.464 advA2B=0.426 advB2A=0.507 cycA=0.182 cycB=0.195 idtA=0.176 idtB=0.177 D_A=0.197 D_B=0.228 D_A(real)=0.67 D_A(fake)=0.33 gnG=37.56 gnD=18.36 it_per_s=10.24
2026-10-02 11:18:37,714 INFO iter=13200 epoch=2 lr=2.00e-04 G=6.461 advA2B=0.426 advB2A=0.508 cycA=0.182 cycB=0.195 idtA=0.176 idtB=0.177 D_A=0.197 D_B=0.227 D_A(real)=0.67 D_A(fake)=0.33 gnG=37.59 gnD=18.36 it_per_s=10.24
2026-10-02 11:18:47,258 INFO iter=13300 epoch=2 lr=2.00e-04 G=6.452 advA2B=0.426 advB2A=0.508 cycA=0.181 cycB=0.194 idtA=0.175 idtB=0.177 D_A=0.197 D_B=0.227 D_A(real)=0.67 D_A(fake)=0.33 gnG=37.55 gnD=18.35 it_per_s=10.25
2026-10-02 11:18:56,835 INFO iter=13400 epoch=2 lr=2.00e-04 G=6.450 advA2B=0.427 advB2A=0.510 cycA=0.181 cycB=0.194 idtA=0.175 idtB=0.177 D_A=0.197 D_B=0.227 D_A(real)=0.67 D_A(fake)=0.33 gnG=37.53 gnD=18.33 it_per_s=10.25
2026-10-02 11:19:06,653 INFO iter=13500 epoch=2 lr=2.00e-04 G=6.446 advA2B=0.427 advB2A=0.509 cycA=0.181 cycB=0.194 idtA=0.175 idtB=0.176 D_A=0.197 D_B=0.226 D_A(real)=0.67 D_A(fake)=0.33 gnG=37.50 gnD=18.32 it_per_s=10.25
2026-10-02 11:19:16,292 INFO iter=13600 epoch=2 lr=2.00e-04 G=6.443 advA2B=0.427 advB2A=0.509 cycA=0.181 cycB=0.194 idtA=0.175 idtB=0.176 D_A=0.197 D_B=0.226 D_A(real)=0.67 D_A(fake)=0.33 gnG=37.48 gnD=18.33 it_per_s=10.25
2026-10-02 11:19:25,773 INFO iter=13700 epoch=2 lr=2.00e-04 G=6.443 advA2B=0.428 advB2A=0.511 cycA=0.181 cycB=0.194 idtA=0.175 idtB=0.176 D_A=0.196 D_B=0.226 D_A(real)=0.68 D_A(fake)=0.33 gnG=37.51 gnD=18.31 it_per_s=10.25
2026-10-02 11:19:35,556 INFO iter=13800 epoch=2 lr=2.00e-04 G=6.438 advA2B=0.429 advB2A=0.511 cycA=0.181 cycB=0.194 idtA=0.175 idtB=0.176 D_A=0.196 D_B=0.226 D_A(real)=0.68 D_A(fake)=0.33 gnG=37.55 gnD=18.31 it_per_s=10.25
2026-10-02 11:19:45,260 INFO iter=13900 epoch=2 lr=2.00e-04 G=6.433 advA2B=0.429 advB2A=0.511 cycA=0.180 cycB=0.193 idtA=0.175 idtB=0.176 D_A=0.196 D_B=0.225 D_A(real)=0.68 D_A(fake)=0.33 gnG=37.54 gnD=18.29 it_per_s=10.25
2026-10-02 11:19:54,717 INFO iter=14000 epoch=2 lr=2.00e-04 G=6.427 advA2B=0.428 advB2A=0.510 cycA=0.180 cycB=0.193 idtA=0.175 idtB=0.176 D_A=0.196 D_B=0.226 D_A(real)=0.68 D_A(fake)=0.33 gnG=37.53 gnD=18.29 it_per_s=10.26
2026-10-02 11:20:02,199 INFO epoch=2 done time_s=686 it_per_s=10.26 G=6.424 cycA=0.180 cycB=0.193 idtA=0.175 idtB=0.176 D_A=0.196 D_B=0.226 D_A(real)=0.68 D_A(fake)=0.33 nan_count=0
2026-10-02 11:20:05,121 INFO iter=14100 epoch=3 lr=2.00e-04 G=6.331 advA2B=0.387 advB2A=0.547 cycA=0.165 cycB=0.203 idtA=0.163 idtB=0.181 D_A=0.173 D_B=0.191 D_A(real)=0.72 D_A(fake)=0.27 gnG=53.36 gnD=14.78 it_per_s=9.97
2026-10-02 11:20:14,887 INFO iter=14200 epoch=3 lr=2.00e-04 G=6.107 advA2B=0.436 advB2A=0.524 cycA=0.165 cycB=0.183 idtA=0.166 idtB=0.168 D_A=0.175 D_B=0.202 D_A(real)=0.70 D_A(fake)=0.29 gnG=38.83 gnD=16.00 it_per_s=10.19
2026-10-02 11:20:24,409 INFO iter=14300 epoch=3 lr=2.00e-04 G=6.108 advA2B=0.448 advB2A=0.515 cycA=0.169 cycB=0.178 idtA=0.169 idtB=0.165 D_A=0.178 D_B=0.208 D_A(real)=0.70 D_A(fake)=0.30 gnG=36.92 gnD=15.93 it_per_s=10.32
2026-10-02 11:20:34,320 INFO iter=14400 epoch=3 lr=2.00e-04 G=6.177 advA2B=0.450 advB2A=0.512 cycA=0.172 cycB=0.181 idtA=0.171 idtB=0.166 D_A=0.185 D_B=0.219 D_A(real)=0.69 D_A(fake)=0.31 gnG=37.23 gnD=16.83 it_per_s=10.25
2026-10-02 11:20:44,087 INFO iter=14500 epoch=3 lr=2.00e-04 G=6.110 advA2B=0.440 advB2A=0.525 cycA=0.170 cycB=0.179 idtA=0.168 idtB=0.164 D_A=0.187 D_B=0.219 D_A(real)=0.69 D_A(fake)=0.31 gnG=36.97 gnD=16.66 it_per_s=10.25
2026-10-02 11:20:53,927 INFO iter=14600 epoch=3 lr=2.00e-04 G=6.133 advA2B=0.441 advB2A=0.522 cycA=0.171 cycB=0.180 idtA=0.169 idtB=0.164 D_A=0.185 D_B=0.219 D_A(real)=0.69 D_A(fake)=0.31 gnG=37.45 gnD=16.93 it_per_s=10.23
2026-10-02 11:21:03,752 INFO iter=14700 epoch=3 lr=2.00e-04 G=6.155 advA2B=0.450 advB2A=0.519 cycA=0.170 cycB=0.182 idtA=0.168 idtB=0.165 D_A=0.186 D_B=0.215 D_A(real)=0.69 D_A(fake)=0.31 gnG=37.46 gnD=17.10 it_per_s=10.22
2026-10-02 11:21:13,569 INFO iter=14800 epoch=3 lr=2.00e-04 G=6.130 advA2B=0.449 advB2A=0.520 cycA=0.170 cycB=0.180 idtA=0.168 idtB=0.163 D_A=0.187 D_B=0.215 D_A(real)=0.69 D_A(fake)=0.31 gnG=37.42 gnD=17.18 it_per_s=10.22
2026-10-02 11:21:23,350 INFO iter=14900 epoch=3 lr=2.00e-04 G=6.131 advA2B=0.449 advB2A=0.515 cycA=0.171 cycB=0.179 idtA=0.169 idtB=0.163 D_A=0.185 D_B=0.213 D_A(real)=0.69 D_A(fake)=0.31 gnG=37.61 gnD=17.06 it_per_s=10.22
2026-10-02 11:21:33,168 INFO iter=15000 epoch=3 lr=2.00e-04 G=6.136 advA2B=0.447 advB2A=0.516 cycA=0.171 cycB=0.180 idtA=0.169 idtB=0.163 D_A=0.186 D_B=0.213 D_A(real)=0.69 D_A(fake)=0.31 gnG=37.60 gnD=17.17 it_per_s=10.21
2026-10-02 11:21:42,944 INFO iter=15100 epoch=3 lr=2.00e-04 G=6.136 advA2B=0.448 advB2A=0.520 cycA=0.171 cycB=0.180 idtA=0.169 idtB=0.163 D_A=0.186 D_B=0.214 D_A(real)=0.69 D_A(fake)=0.31 gnG=37.58 gnD=17.14 it_per_s=10.22
2026-10-02 11:21:52,721 INFO iter=15200 epoch=3 lr=2.00e-04 G=6.202 advA2B=0.452 advB2A=0.524 cycA=0.174 cycB=0.181 idtA=0.170 idtB=0.166 D_A=0.185 D_B=0.212 D_A(real)=0.69 D_A(fake)=0.31 gnG=38.14 gnD=17.16 it_per_s=10.22
2026-10-02 11:22:02,539 INFO iter=15300 epoch=3 lr=2.00e-04 G=6.228 advA2B=0.455 advB2A=0.525 cycA=0.174 cycB=0.182 idtA=0.170 idtB=0.168 D_A=0.186 D_B=0.210 D_A(real)=0.69 D_A(fake)=0.31 gnG=38.10 gnD=17.31 it_per_s=10.21
2026-10-02 11:22:12,338 INFO iter=15400 epoch=3 lr=2.00e-04 G=6.203 advA2B=0.455 advB2A=0.522 cycA=0.173 cycB=0.182 idtA=0.169 idtB=0.167 D_A=0.185 D_B=0.208 D_A(real)=0.69 D_A(fake)=0.31 gnG=38.01 gnD=17.29 it_per_s=10.21
2026-10-02 11:22:22,137 INFO iter=15500 epoch=3 lr=2.00e-04 G=6.215 advA2B=0.453 advB2A=0.526 cycA=0.173 cycB=0.181 idtA=0.170 idtB=0.168 D_A=0.185 D_B=0.211 D_A(real)=0.69 D_A(fake)=0.31 gnG=37.97 gnD=17.32 it_per_s=10.21
2026-10-02 11:22:32,024 INFO iter=15600 epoch=3 lr=2.00e-04 G=6.201 advA2B=0.450 advB2A=0.527 cycA=0.173 cycB=0.181 idtA=0.169 idtB=0.168 D_A=0.184 D_B=0.210 D_A(real)=0.69 D_A(fake)=0.31 gnG=37.70 gnD=17.28 it_per_s=10.21
2026-10-02 11:22:41,834 INFO iter=15700 epoch=3 lr=2.00e-04 G=6.181 advA2B=0.450 advB2A=0.525 cycA=0.173 cycB=0.180 idtA=0.169 idtB=0.167 D_A=0.184 D_B=0.211 D_A(real)=0.69 D_A(fake)=0.31 gnG=37.51 gnD=17.26 it_per_s=10.21
2026-10-02 11:22:51,625 INFO iter=15800 epoch=3 lr=2.00e-04 G=6.166 advA2B=0.448 advB2A=0.521 cycA=0.172 cycB=0.180 idtA=0.169 idtB=0.167 D_A=0.185 D_B=0.211 D_A(real)=0.69 D_A(fake)=0.31 gnG=37.34 gnD=17.20 it_per_s=10.21
2026-10-02 11:23:01,486 INFO iter=15900 epoch=3 lr=2.00e-04 G=6.146 advA2B=0.446 advB2A=0.522 cycA=0.172 cycB=0.179 idtA=0.168 idtB=0.166 D_A=0.186 D_B=0.211 D_A(real)=0.69 D_A(fake)=0.31 gnG=37.20 gnD=17.22 it_per_s=10.20
2026-10-02 11:23:11,265 INFO iter=16000 epoch=3 lr=2.00e-04 G=6.126 advA2B=0.446 advB2A=0.523 cycA=0.171 cycB=0.179 idtA=0.167 idtB=0.166 D_A=0.187 D_B=0.211 D_A(real)=0.69 D_A(fake)=0.31 gnG=37.01 gnD=17.17 it_per_s=10.20
2026-10-02 11:23:21,068 INFO iter=16100 epoch=3 lr=2.00e-04 G=6.121 advA2B=0.445 advB2A=0.525 cycA=0.170 cycB=0.178 idtA=0.167 idtB=0.166 D_A=0.187 D_B=0.212 D_A(real)=0.69 D_A(fake)=0.31 gnG=36.92 gnD=17.19 it_per_s=10.20
2026-10-02 11:23:30,865 INFO iter=16200 epoch=3 lr=2.00e-04 G=6.111 advA2B=0.445 advB2A=0.526 cycA=0.170 cycB=0.178 idtA=0.167 idtB=0.165 D_A=0.187 D_B=0.211 D_A(real)=0.69 D_A(fake)=0.31 gnG=36.80 gnD=17.18 it_per_s=10.20
2026-10-02 11:23:40,666 INFO iter=16300 epoch=3 lr=2.00e-04 G=6.098 advA2B=0.446 advB2A=0.528 cycA=0.169 cycB=0.177 idtA=0.166 idtB=0.165 D_A=0.186 D_B=0.210 D_A(real)=0.69 D_A(fake)=0.31 gnG=36.68 gnD=17.18 it_per_s=10.20
2026-10-02 11:23:50,495 INFO iter=16400 epoch=3 lr=2.00e-04 G=6.102 advA2B=0.447 advB2A=0.530 cycA=0.169 cycB=0.177 idtA=0.166 idtB=0.165 D_A=0.186 D_B=0.210 D_A(real)=0.69 D_A(fake)=0.31 gnG=36.62 gnD=17.16 it_per_s=10.20
2026-10-02 11:24:00,296 INFO iter=16500 epoch=3 lr=2.00e-04 G=6.098 advA2B=0.446 advB2A=0.530 cycA=0.169 cycB=0.178 idtA=0.166 idtB=0.165 D_A=0.186 D_B=0.211 D_A(real)=0.69 D_A(fake)=0.31 gnG=36.62 gnD=17.17 it_per_s=10.20
2026-10-02 11:24:10,095 INFO iter=16600 epoch=3 lr=2.00e-04 G=6.089 advA2B=0.446 advB2A=0.530 cycA=0.169 cycB=0.177 idtA=0.166 idtB=0.165 D_A=0.186 D_B=0.212 D_A(real)=0.69 D_A(fake)=0.31 gnG=36.59 gnD=17.15 it_per_s=10.20
2026-10-02 11:24:19,966 INFO iter=16700 epoch=3 lr=2.00e-04 G=6.076 advA2B=0.445 advB2A=0.529 cycA=0.168 cycB=0.177 idtA=0.166 idtB=0.164 D_A=0.187 D_B=0.211 D_A(real)=0.69 D_A(fake)=0.32 gnG=36.53 gnD=17.14 it_per_s=10.20
2026-10-02 11:24:29,765 INFO iter=16800 epoch=3 lr=2.00e-04 G=6.062 advA2B=0.444 advB2A=0.531 cycA=0.168 cycB=0.176 idtA=0.165 idtB=0.164 D_A=0.186 D_B=0.211 D_A(real)=0.69 D_A(fake)=0.31 gnG=36.55 gnD=17.10 it_per_s=10.20
2026-10-02 11:24:39,631 INFO iter=16900 epoch=3 lr=2.00e-04 G=6.053 advA2B=0.445 advB2A=0.531 cycA=0.168 cycB=0.176 idtA=0.165 idtB=0.164 D_A=0.186 D_B=0.211 D_A(real)=0.69 D_A(fake)=0.31 gnG=36.40 gnD=17.10 it_per_s=10.20
2026-10-02 11:24:49,358 INFO iter=17000 epoch=3 lr=2.00e-04 G=6.061 advA2B=0.445 advB2A=0.534 cycA=0.167 cycB=0.176 idtA=0.165 idtB=0.164 D_A=0.185 D_B=0.211 D_A(real)=0.69 D_A(fake)=0.31 gnG=36.41 gnD=17.11 it_per_s=10.20
2026-10-02 11:24:59,018 INFO iter=17100 epoch=3 lr=2.00e-04 G=6.080 advA2B=0.447 advB2A=0.539 cycA=0.168 cycB=0.177 idtA=0.166 idtB=0.164 D_A=0.184 D_B=0.211 D_A(real)=0.69 D_A(fake)=0.31 gnG=36.55 gnD=17.16 it_per_s=10.21
2026-10-02 11:25:08,869 INFO iter=17200 epoch=3 lr=2.00e-04 G=6.075 advA2B=0.448 advB2A=0.539 cycA=0.167 cycB=0.177 idtA=0.166 idtB=0.164 D_A=0.184 D_B=0.211 D_A(real)=0.69 D_A(fake)=0.31 gnG=36.46 gnD=17.22 it_per_s=10.20
2026-10-02 11:25:18,503 INFO iter=17300 epoch=3 lr=2.00e-04 G=6.080 advA2B=0.449 advB2A=0.541 cycA=0.167 cycB=0.177 idtA=0.166 idtB=0.164 D_A=0.183 D_B=0.211 D_A(real)=0.69 D_A(fake)=0.31 gnG=36.44 gnD=17.24 it_per_s=10.21
2026-10-02 11:25:27,968 INFO iter=17400 epoch=3 lr=2.00e-04 G=6.066 advA2B=0.450 advB2A=0.542 cycA=0.167 cycB=0.176 idtA=0.165 idtB=0.163 D_A=0.182 D_B=0.211 D_A(real)=0.70 D_A(fake)=0.31 gnG=36.38 gnD=17.29 it_per_s=10.22
2026-10-02 11:25:37,813 INFO iter=17500 epoch=3 lr=2.00e-04 G=6.062 advA2B=0.450 advB2A=0.543 cycA=0.167 cycB=0.176 idtA=0.165 idtB=0.163 D_A=0.181 D_B=0.211 D_A(real)=0.70 D_A(fake)=0.31 gnG=36.29 gnD=17.27 it_per_s=10.22
2026-10-02 11:25:47,548 INFO iter=17600 epoch=3 lr=2.00e-04 G=6.052 advA2B=0.449 advB2A=0.544 cycA=0.166 cycB=0.176 idtA=0.165 idtB=0.163 D_A=0.181 D_B=0.211 D_A(real)=0.70 D_A(fake)=0.30 gnG=36.32 gnD=17.26 it_per_s=10.22
2026-10-02 11:25:56,964 INFO iter=17700 epoch=3 lr=2.00e-04 G=6.049 advA2B=0.448 advB2A=0.545 cycA=0.166 cycB=0.176 idtA=0.165 idtB=0.162 D_A=0.181 D_B=0.211 D_A(real)=0.70 D_A(fake)=0.30 gnG=36.27 gnD=17.28 it_per_s=10.23
2026-10-02 11:26:06,798 INFO iter=17800 epoch=3 lr=2.00e-04 G=6.052 advA2B=0.448 advB2A=0.547 cycA=0.166 cycB=0.176 idtA=0.165 idtB=0.163 D_A=0.181 D_B=0.211 D_A(real)=0.70 D_A(fake)=0.30 gnG=36.29 gnD=17.26 it_per_s=10.23
2026-10-02 11:26:16,619 INFO iter=17900 epoch=3 lr=2.00e-04 G=6.047 advA2B=0.448 advB2A=0.547 cycA=0.166 cycB=0.176 idtA=0.165 idtB=0.162 D_A=0.181 D_B=0.211 D_A(real)=0.70 D_A(fake)=0.30 gnG=36.31 gnD=17.31 it_per_s=10.23
2026-10-02 11:26:26,444 INFO iter=18000 epoch=3 lr=2.00e-04 G=6.041 advA2B=0.448 advB2A=0.546 cycA=0.166 cycB=0.175 idtA=0.165 idtB=0.162 D_A=0.181 D_B=0.211 D_A(real)=0.70 D_A(fake)=0.30 gnG=36.25 gnD=17.30 it_per_s=10.23
2026-10-02 11:26:36,247 INFO iter=18100 epoch=3 lr=2.00e-04 G=6.042 advA2B=0.449 advB2A=0.547 cycA=0.166 cycB=0.175 idtA=0.165 idtB=0.162 D_A=0.180 D_B=0.210 D_A(real)=0.70 D_A(fake)=0.30 gnG=36.40 gnD=17.27 it_per_s=10.23
2026-10-02 11:26:46,131 INFO iter=18200 epoch=3 lr=2.00e-04 G=6.041 advA2B=0.450 advB2A=0.548 cycA=0.166 cycB=0.175 idtA=0.165 idtB=0.162 D_A=0.180 D_B=0.210 D_A(real)=0.70 D_A(fake)=0.30 gnG=36.43 gnD=17.27 it_per_s=10.22
2026-10-02 11:26:56,057 INFO iter=18300 epoch=3 lr=2.00e-04 G=6.041 advA2B=0.450 advB2A=0.548 cycA=0.166 cycB=0.175 idtA=0.165 idtB=0.162 D_A=0.181 D_B=0.210 D_A(real)=0.70 D_A(fake)=0.30 gnG=36.40 gnD=17.29 it_per_s=10.22
2026-10-02 11:27:05,907 INFO iter=18400 epoch=3 lr=2.00e-04 G=6.046 advA2B=0.450 advB2A=0.551 cycA=0.166 cycB=0.175 idtA=0.165 idtB=0.161 D_A=0.180 D_B=0.210 D_A(real)=0.70 D_A(fake)=0.30 gnG=36.44 gnD=17.25 it_per_s=10.22
2026-10-02 11:27:15,750 INFO iter=18500 epoch=3 lr=2.00e-04 G=6.044 advA2B=0.451 advB2A=0.552 cycA=0.166 cycB=0.175 idtA=0.165 idtB=0.161 D_A=0.179 D_B=0.210 D_A(real)=0.70 D_A(fake)=0.30 gnG=36.43 gnD=17.25 it_per_s=10.22
2026-10-02 11:27:25,571 INFO iter=18600 epoch=3 lr=2.00e-04 G=6.044 advA2B=0.451 advB2A=0.552 cycA=0.166 cycB=0.175 idtA=0.165 idtB=0.161 D_A=0.179 D_B=0.210 D_A(real)=0.70 D_A(fake)=0.30 gnG=36.42 gnD=17.26 it_per_s=10.22
2026-10-02 11:27:35,395 INFO iter=18700 epoch=3 lr=2.00e-04 G=6.041 advA2B=0.451 advB2A=0.554 cycA=0.166 cycB=0.175 idtA=0.165 idtB=0.161 D_A=0.179 D_B=0.210 D_A(real)=0.70 D_A(fake)=0.30 gnG=36.42 gnD=17.27 it_per_s=10.21
2026-10-02 11:27:45,203 INFO iter=18800 epoch=3 lr=2.00e-04 G=6.038 advA2B=0.451 advB2A=0.552 cycA=0.166 cycB=0.175 idtA=0.165 idtB=0.161 D_A=0.180 D_B=0.210 D_A(real)=0.70 D_A(fake)=0.30 gnG=36.40 gnD=17.26 it_per_s=10.21
2026-10-02 11:27:55,040 INFO iter=18900 epoch=3 lr=2.00e-04 G=6.035 advA2B=0.451 advB2A=0.551 cycA=0.166 cycB=0.175 idtA=0.165 idtB=0.161 D_A=0.180 D_B=0.210 D_A(real)=0.70 D_A(fake)=0.30 gnG=36.44 gnD=17.26 it_per_s=10.21
2026-10-02 11:28:04,883 INFO iter=19000 epoch=3 lr=2.00e-04 G=6.031 advA2B=0.452 advB2A=0.550 cycA=0.166 cycB=0.174 idtA=0.165 idtB=0.161 D_A=0.180 D_B=0.210 D_A(real)=0.70 D_A(fake)=0.30 gnG=36.42 gnD=17.25 it_per_s=10.21
2026-10-02 11:28:14,696 INFO iter=19100 epoch=3 lr=2.00e-04 G=6.031 advA2B=0.453 advB2A=0.550 cycA=0.165 cycB=0.175 idtA=0.164 idtB=0.161 D_A=0.180 D_B=0.210 D_A(real)=0.70 D_A(fake)=0.30 gnG=36.41 gnD=17.24 it_per_s=10.21
2026-10-02 11:28:24,509 INFO iter=19200 epoch=3 lr=2.00e-04 G=6.024 advA2B=0.453 advB2A=0.550 cycA=0.165 cycB=0.174 idtA=0.164 idtB=0.161 D_A=0.181 D_B=0.210 D_A(real)=0.70 D_A(fake)=0.30 gnG=36.41 gnD=17.22 it_per_s=10.21
2026-10-02 11:28:34,292 INFO iter=19300 epoch=3 lr=2.00e-04 G=6.021 advA2B=0.453 advB2A=0.550 cycA=0.165 cycB=0.174 idtA=0.164 idtB=0.161 D_A=0.180 D_B=0.210 D_A(real)=0.70 D_A(fake)=0.30 gnG=36.40 gnD=17.21 it_per_s=10.21
2026-10-02 11:28:44,105 INFO iter=19400 epoch=3 lr=2.00e-04 G=6.018 advA2B=0.454 advB2A=0.550 cycA=0.165 cycB=0.174 idtA=0.164 idtB=0.161 D_A=0.181 D_B=0.210 D_A(real)=0.70 D_A(fake)=0.30 gnG=36.42 gnD=17.22 it_per_s=10.21
2026-10-02 11:28:53,958 INFO iter=19500 epoch=3 lr=2.00e-04 G=6.014 advA2B=0.454 advB2A=0.550 cycA=0.165 cycB=0.174 idtA=0.164 idtB=0.161 D_A=0.180 D_B=0.210 D_A(real)=0.70 D_A(fake)=0.30 gnG=36.43 gnD=17.22 it_per_s=10.21
2026-10-02 11:29:03,812 INFO iter=19600 epoch=3 lr=2.00e-04 G=6.015 advA2B=0.455 advB2A=0.549 cycA=0.165 cycB=0.174 idtA=0.164 idtB=0.161 D_A=0.181 D_B=0.210 D_A(real)=0.70 D_A(fake)=0.30 gnG=36.43 gnD=17.21 it_per_s=10.21
2026-10-02 11:29:13,640 INFO iter=19700 epoch=3 lr=2.00e-04 G=6.019 advA2B=0.456 advB2A=0.549 cycA=0.165 cycB=0.174 idtA=0.164 idtB=0.161 D_A=0.180 D_B=0.209 D_A(real)=0.70 D_A(fake)=0.30 gnG=36.46 gnD=17.20 it_per_s=10.21
2026-10-02 11:29:23,435 INFO iter=19800 epoch=3 lr=2.00e-04 G=6.015 advA2B=0.456 advB2A=0.549 cycA=0.165 cycB=0.174 idtA=0.164 idtB=0.161 D_A=0.180 D_B=0.209 D_A(real)=0.70 D_A(fake)=0.30 gnG=36.42 gnD=17.17 it_per_s=10.21
2026-10-02 11:29:33,189 INFO iter=19900 epoch=3 lr=2.00e-04 G=6.013 advA2B=0.456 advB2A=0.548 cycA=0.165 cycB=0.174 idtA=0.164 idtB=0.161 D_A=0.180 D_B=0.209 D_A(real)=0.70 D_A(fake)=0.30 gnG=36.39 gnD=17.17 it_per_s=10.21
2026-10-02 11:29:43,097 INFO iter=20000 epoch=3 lr=2.00e-04 G=6.010 advA2B=0.456 advB2A=0.549 cycA=0.165 cycB=0.174 idtA=0.164 idtB=0.160 D_A=0.180 D_B=0.209 D_A(real)=0.70 D_A(fake)=0.30 gnG=36.42 gnD=17.15 it_per_s=10.21
2026-10-02 11:29:52,692 INFO iter=20100 epoch=3 lr=2.00e-04 G=6.006 advA2B=0.455 advB2A=0.549 cycA=0.165 cycB=0.174 idtA=0.164 idtB=0.160 D_A=0.181 D_B=0.210 D_A(real)=0.70 D_A(fake)=0.30 gnG=36.39 gnD=17.13 it_per_s=10.21
2026-10-02 11:30:02,550 INFO iter=20200 epoch=3 lr=2.00e-04 G=6.001 advA2B=0.455 advB2A=0.548 cycA=0.164 cycB=0.173 idtA=0.164 idtB=0.160 D_A=0.181 D_B=0.210 D_A(real)=0.70 D_A(fake)=0.30 gnG=36.35 gnD=17.11 it_per_s=10.21
2026-10-02 11:30:12,384 INFO iter=20300 epoch=3 lr=2.00e-04 G=5.998 advA2B=0.454 advB2A=0.548 cycA=0.164 cycB=0.173 idtA=0.164 idtB=0.160 D_A=0.181 D_B=0.210 D_A(real)=0.70 D_A(fake)=0.30 gnG=36.35 gnD=17.08 it_per_s=10.21
2026-10-02 11:30:22,090 INFO iter=20400 epoch=3 lr=2.00e-04 G=5.990 advA2B=0.454 advB2A=0.549 cycA=0.164 cycB=0.173 idtA=0.163 idtB=0.160 D_A=0.181 D_B=0.210 D_A(real)=0.70 D_A(fake)=0.30 gnG=36.32 gnD=17.07 it_per_s=10.21
2026-10-02 11:30:31,959 INFO iter=20500 epoch=3 lr=2.00e-04 G=5.984 advA2B=0.454 advB2A=0.549 cycA=0.164 cycB=0.173 idtA=0.163 idtB=0.160 D_A=0.181 D_B=0.210 D_A(real)=0.70 D_A(fake)=0.30 gnG=36.26 gnD=17.06 it_per_s=10.21
2026-10-02 11:30:41,744 INFO iter=20600 epoch=3 lr=2.00e-04 G=5.985 advA2B=0.454 advB2A=0.550 cycA=0.164 cycB=0.173 idtA=0.163 idtB=0.160 D_A=0.181 D_B=0.210 D_A(real)=0.70 D_A(fake)=0.30 gnG=36.30 gnD=17.05 it_per_s=10.21
2026-10-02 11:30:51,135 INFO iter=20700 epoch=3 lr=2.00e-04 G=5.983 advA2B=0.453 advB2A=0.550 cycA=0.164 cycB=0.173 idtA=0.163 idtB=0.160 D_A=0.181 D_B=0.210 D_A(real)=0.70 D_A(fake)=0.30 gnG=36.26 gnD=17.01 it_per_s=10.22
2026-10-02 11:31:00,972 INFO iter=20800 epoch=3 lr=2.00e-04 G=5.982 advA2B=0.453 advB2A=0.551 cycA=0.164 cycB=0.173 idtA=0.163 idtB=0.160 D_A=0.181 D_B=0.210 D_A(real)=0.70 D_A(fake)=0.30 gnG=36.24 gnD=17.00 it_per_s=10.21
2026-10-02 11:31:10,806 INFO iter=20900 epoch=3 lr=2.00e-04 G=5.977 advA2B=0.453 advB2A=0.551 cycA=0.163 cycB=0.173 idtA=0.163 idtB=0.159 D_A=0.181 D_B=0.210 D_A(real)=0.70 D_A(fake)=0.30 gnG=36.21 gnD=16.98 it_per_s=10.21
2026-10-02 11:31:20,179 INFO iter=21000 epoch=3 lr=2.00e-04 G=5.976 advA2B=0.453 advB2A=0.551 cycA=0.163 cycB=0.173 idtA=0.163 idtB=0.159 D_A=0.181 D_B=0.210 D_A(real)=0.70 D_A(fake)=0.30 gnG=36.21 gnD=16.98 it_per_s=10.22
2026-10-02 11:31:29,966 INFO iter=21100 epoch=3 lr=2.00e-04 G=5.974 advA2B=0.453 advB2A=0.551 cycA=0.163 cycB=0.172 idtA=0.163 idtB=0.159 D_A=0.181 D_B=0.210 D_A(real)=0.70 D_A(fake)=0.30 gnG=36.24 gnD=16.96 it_per_s=10.22
2026-10-02 11:31:31,327 INFO epoch=3 done time_s=689 it_per_s=10.22 G=5.973 cycA=0.163 cycB=0.172 idtA=0.163 idtB=0.159 D_A=0.180 D_B=0.210 D_A(real)=0.70 D_A(fake)=0.30 nan_count=0
2026-10-02 11:31:40,312 INFO iter=21200 epoch=4 lr=2.00e-04 G=6.257 advA2B=0.501 advB2A=0.563 cycA=0.163 cycB=0.188 idtA=0.169 idtB=0.166 D_A=0.177 D_B=0.198 D_A(real)=0.72 D_A(fake)=0.29 gnG=56.10 gnD=15.70 it_per_s=10.16
2026-10-02 11:31:50,033 INFO iter=21300 epoch=4 lr=2.00e-04 G=6.100 advA2B=0.470 advB2A=0.572 cycA=0.160 cycB=0.180 idtA=0.167 idtB=0.164 D_A=0.174 D_B=0.198 D_A(real)=0.71 D_A(fake)=0.29 gnG=45.45 gnD=15.75 it_per_s=10.23
2026-10-02 11:31:59,911 INFO iter=21400 epoch=4 lr=2.00e-04 G=5.990 advA2B=0.476 advB2A=0.558 cycA=0.159 cycB=0.175 idtA=0.164 idtB=0.160 D_A=0.179 D_B=0.207 D_A(real)=0.71 D_A(fake)=0.29 gnG=42.44 gnD=16.34 it_per_s=10.19
2026-10-02 11:32:09,747 INFO iter=21500 epoch=4 lr=2.00e-04 G=6.127 advA2B=0.481 advB2A=0.563 cycA=0.164 cycB=0.179 idtA=0.166 idtB=0.165 D_A=0.175 D_B=0.200 D_A(real)=0.71 D_A(fake)=0.29 gnG=42.12 gnD=16.28 it_per_s=10.18
2026-10-02 11:32:19,574 INFO iter=21600 epoch=4 lr=2.00e-04 G=6.118 advA2B=0.483 advB2A=0.558 cycA=0.164 cycB=0.179 idtA=0.166 idtB=0.164 D_A=0.172 D_B=0.196 D_A(real)=0.71 D_A(fake)=0.29 gnG=41.66 gnD=16.17 it_per_s=10.18
2026-10-02 11:32:29,394 INFO iter=21700 epoch=4 lr=2.00e-04 G=6.137 advA2B=0.491 advB2A=0.560 cycA=0.164 cycB=0.180 idtA=0.166 idtB=0.163 D_A=0.171 D_B=0.197 D_A(real)=0.72 D_A(fake)=0.29 gnG=42.29 gnD=16.39 it_per_s=10.18
2026-10-02 11:32:39,198 INFO iter=21800 epoch=4 lr=2.00e-04 G=6.130 advA2B=0.492 advB2A=0.554 cycA=0.163 cycB=0.180 idtA=0.166 idtB=0.164 D_A=0.171 D_B=0.196 D_A(real)=0.72 D_A(fake)=0.29 gnG=41.24 gnD=16.36 it_per_s=10.19
2026-10-02 11:32:49,031 INFO iter=21900 epoch=4 lr=2.00e-04 G=6.093 advA2B=0.484 advB2A=0.550 cycA=0.163 cycB=0.178 idtA=0.166 idtB=0.162 D_A=0.174 D_B=0.199 D_A(real)=0.71 D_A(fake)=0.29 gnG=40.68 gnD=16.34 it_per_s=10.18
2026-10-02 11:32:58,878 INFO iter=22000 epoch=4 lr=2.00e-04 G=6.074 advA2B=0.489 advB2A=0.545 cycA=0.163 cycB=0.178 idtA=0.166 idtB=0.161 D_A=0.175 D_B=0.197 D_A(real)=0.71 D_A(fake)=0.30 gnG=40.05 gnD=16.18 it_per_s=10.18
2026-10-02 11:33:08,696 INFO iter=22100 epoch=4 lr=2.00e-04 G=6.071 advA2B=0.490 advB2A=0.545 cycA=0.163 cycB=0.177 idtA=0.166 idtB=0.161 D_A=0.177 D_B=0.197 D_A(real)=0.70 D_A(fake)=0.30 gnG=39.71 gnD=16.17 it_per_s=10.18
2026-10-02 11:33:18,511 INFO iter=22200 epoch=4 lr=2.00e-04 G=6.054 advA2B=0.488 advB2A=0.549 cycA=0.163 cycB=0.176 idtA=0.166 idtB=0.160 D_A=0.174 D_B=0.196 D_A(real)=0.71 D_A(fake)=0.30 gnG=39.28 gnD=16.11 it_per_s=10.18
2026-10-02 11:33:28,427 INFO iter=22300 epoch=4 lr=2.00e-04 G=6.056 advA2B=0.488 advB2A=0.556 cycA=0.163 cycB=0.175 idtA=0.166 idtB=0.160 D_A=0.176 D_B=0.198 D_A(real)=0.70 D_A(fake)=0.30 gnG=39.33 gnD=16.19 it_per_s=10.17
2026-10-02 11:33:38,298 INFO iter=22400 epoch=4 lr=2.00e-04 G=6.029 advA2B=0.486 advB2A=0.553 cycA=0.162 cycB=0.175 idtA=0.165 idtB=0.160 D_A=0.176 D_B=0.198 D_A(real)=0.70 D_A(fake)=0.30 gnG=38.90 gnD=16.10 it_per_s=10.17
2026-10-02 11:33:48,159 INFO iter=22500 epoch=4 lr=2.00e-04 G=6.000 advA2B=0.484 advB2A=0.555 cycA=0.161 cycB=0.174 idtA=0.164 idtB=0.159 D_A=0.178 D_B=0.199 D_A(real)=0.70 D_A(fake)=0.30 gnG=38.49 gnD=16.15 it_per_s=10.17
2026-10-02 11:33:57,994 INFO iter=22600 epoch=4 lr=2.00e-04 G=5.972 advA2B=0.482 advB2A=0.551 cycA=0.160 cycB=0.173 idtA=0.163 idtB=0.159 D_A=0.176 D_B=0.200 D_A(real)=0.70 D_A(fake)=0.30 gnG=38.20 gnD=16.08 it_per_s=10.17
2026-10-02 11:34:07,798 INFO iter=22700 epoch=4 lr=2.00e-04 G=5.954 advA2B=0.480 advB2A=0.552 cycA=0.160 cycB=0.172 idtA=0.163 idtB=0.158 D_A=0.176 D_B=0.200 D_A(real)=0.70 D_A(fake)=0.30 gnG=37.94 gnD=16.08 it_per_s=10.17
2026-10-02 11:34:17,609 INFO iter=22800 epoch=4 lr=2.00e-04 G=5.940 advA2B=0.484 advB2A=0.551 cycA=0.160 cycB=0.171 idtA=0.162 idtB=0.157 D_A=0.176 D_B=0.201 D_A(real)=0.70 D_A(fake)=0.30 gnG=37.94 gnD=16.15 it_per_s=10.17
2026-10-02 11:34:27,269 INFO iter=22900 epoch=4 lr=2.00e-04 G=5.928 advA2B=0.483 advB2A=0.550 cycA=0.160 cycB=0.170 idtA=0.162 idtB=0.157 D_A=0.176 D_B=0.203 D_A(real)=0.70 D_A(fake)=0.30 gnG=37.77 gnD=16.17 it_per_s=10.18
2026-10-02 11:34:37,113 INFO iter=23000 epoch=4 lr=2.00e-04 G=5.921 advA2B=0.485 advB2A=0.550 cycA=0.160 cycB=0.170 idtA=0.162 idtB=0.156 D_A=0.176 D_B=0.202 D_A(real)=0.70 D_A(fake)=0.30 gnG=37.67 gnD=16.12 it_per_s=10.18
2026-10-02 11:34:46,815 INFO iter=23100 epoch=4 lr=2.00e-04 G=5.902 advA2B=0.485 advB2A=0.551 cycA=0.159 cycB=0.169 idtA=0.161 idtB=0.156 D_A=0.176 D_B=0.202 D_A(real)=0.70 D_A(fake)=0.30 gnG=37.54 gnD=16.11 it_per_s=10.19
2026-10-02 11:34:56,478 INFO iter=23200 epoch=4 lr=2.00e-04 G=5.926 advA2B=0.488 advB2A=0.556 cycA=0.160 cycB=0.169 idtA=0.162 idtB=0.156 D_A=0.176 D_B=0.201 D_A(real)=0.70 D_A(fake)=0.30 gnG=37.60 gnD=16.06 it_per_s=10.19
2026-10-02 11:35:06,423 INFO iter=23300 epoch=4 lr=2.00e-04 G=5.929 advA2B=0.487 advB2A=0.556 cycA=0.160 cycB=0.169 idtA=0.162 idtB=0.156 D_A=0.175 D_B=0.200 D_A(real)=0.71 D_A(fake)=0.30 gnG=37.55 gnD=16.07 it_per_s=10.19
2026-10-02 11:35:16,222 INFO iter=23400 epoch=4 lr=2.00e-04 G=5.926 advA2B=0.489 advB2A=0.558 cycA=0.160 cycB=0.169 idtA=0.162 idtB=0.156 D_A=0.175 D_B=0.200 D_A(real)=0.71 D_A(fake)=0.29 gnG=37.37 gnD=16.09 it_per_s=10.19
2026-10-02 11:35:25,683 INFO iter=23500 epoch=4 lr=2.00e-04 G=5.919 advA2B=0.490 advB2A=0.554 cycA=0.160 cycB=0.169 idtA=0.161 idtB=0.156 D_A=0.175 D_B=0.200 D_A(real)=0.71 D_A(fake)=0.30 gnG=37.31 gnD=16.06 it_per_s=10.20
2026-10-02 11:35:35,486 INFO iter=23600 epoch=4 lr=2.00e-04 G=5.925 advA2B=0.492 advB2A=0.554 cycA=0.160 cycB=0.170 idtA=0.161 idtB=0.156 D_A=0.176 D_B=0.200 D_A(real)=0.71 D_A(fake)=0.30 gnG=37.25 gnD=16.07 it_per_s=10.20
2026-10-02 11:35:45,246 INFO iter=23700 epoch=4 lr=2.00e-04 G=5.916 advA2B=0.491 advB2A=0.556 cycA=0.160 cycB=0.169 idtA=0.161 idtB=0.156 D_A=0.175 D_B=0.200 D_A(real)=0.70 D_A(fake)=0.30 gnG=37.17 gnD=16.01 it_per_s=10.21
2026-10-02 11:35:54,678 INFO iter=23800 epoch=4 lr=2.00e-04 G=5.917 advA2B=0.492 advB2A=0.556 cycA=0.160 cycB=0.169 idtA=0.161 idtB=0.156 D_A=0.175 D_B=0.199 D_A(real)=0.71 D_A(fake)=0.30 gnG=37.13 gnD=16.01 it_per_s=10.22
2026-10-02 11:36:04,580 INFO iter=23900 epoch=4 lr=2.00e-04 G=5.911 advA2B=0.493 advB2A=0.558 cycA=0.159 cycB=0.168 idtA=0.161 idtB=0.155 D_A=0.175 D_B=0.200 D_A(real)=0.71 D_A(fake)=0.30 gnG=37.08 gnD=16.00 it_per_s=10.21
2026-10-02 11:36:14,394 INFO iter=24000 epoch=4 lr=2.00e-04 G=5.902 advA2B=0.491 advB2A=0.559 cycA=0.159 cycB=0.168 idtA=0.161 idtB=0.155 D_A=0.175 D_B=0.199 D_A(real)=0.71 D_A(fake)=0.30 gnG=37.04 gnD=15.98 it_per_s=10.21
2026-10-02 11:36:24,303 INFO iter=24100 epoch=4 lr=2.00e-04 G=5.896 advA2B=0.490 advB2A=0.558 cycA=0.159 cycB=0.168 idtA=0.161 idtB=0.155 D_A=0.175 D_B=0.200 D_A(real)=0.71 D_A(fake)=0.30 gnG=36.93 gnD=15.95 it_per_s=10.21
2026-10-02 11:36:34,186 INFO iter=24200 epoch=4 lr=2.00e-04 G=5.892 advA2B=0.489 advB2A=0.557 cycA=0.159 cycB=0.168 idtA=0.161 idtB=0.155 D_A=0.175 D_B=0.200 D_A(real)=0.71 D_A(fake)=0.30 gnG=36.99 gnD=15.91 it_per_s=10.21
2026-10-02 11:36:44,006 INFO iter=24300 epoch=4 lr=2.00e-04 G=5.890 advA2B=0.488 advB2A=0.556 cycA=0.159 cycB=0.168 idtA=0.161 idtB=0.155 D_A=0.175 D_B=0.200 D_A(real)=0.71 D_A(fake)=0.30 gnG=36.93 gnD=15.92 it_per_s=10.21
2026-10-02 11:36:53,805 INFO iter=24400 epoch=4 lr=2.00e-04 G=5.885 advA2B=0.487 advB2A=0.557 cycA=0.159 cycB=0.167 idtA=0.161 idtB=0.155 D_A=0.175 D_B=0.199 D_A(real)=0.70 D_A(fake)=0.30 gnG=36.92 gnD=15.87 it_per_s=10.21
2026-10-02 11:37:03,630 INFO iter=24500 epoch=4 lr=2.00e-04 G=5.886 advA2B=0.488 advB2A=0.556 cycA=0.159 cycB=0.167 idtA=0.161 idtB=0.155 D_A=0.175 D_B=0.199 D_A(real)=0.70 D_A(fake)=0.30 gnG=36.86 gnD=15.88 it_per_s=10.21
2026-10-02 11:37:13,458 INFO iter=24600 epoch=4 lr=2.00e-04 G=5.882 advA2B=0.488 advB2A=0.555 cycA=0.159 cycB=0.167 idtA=0.161 idtB=0.155 D_A=0.176 D_B=0.199 D_A(real)=0.70 D_A(fake)=0.30 gnG=36.78 gnD=15.89 it_per_s=10.20
2026-10-02 11:37:23,273 INFO iter=24700 epoch=4 lr=2.00e-04 G=5.874 advA2B=0.487 advB2A=0.554 cycA=0.159 cycB=0.167 idtA=0.160 idtB=0.155 D_A=0.176 D_B=0.199 D_A(real)=0.70 D_A(fake)=0.30 gnG=36.67 gnD=15.89 it_per_s=10.20
2026-10-02 11:37:33,217 INFO iter=24800 epoch=4 lr=2.00e-04 G=5.868 advA2B=0.488 advB2A=0.552 cycA=0.159 cycB=0.167 idtA=0.160 idtB=0.155 D_A=0.176 D_B=0.199 D_A(real)=0.70 D_A(fake)=0.30 gnG=36.61 gnD=15.89 it_per_s=10.20
2026-10-02 11:37:43,302 INFO iter=24900 epoch=4 lr=2.00e-04 G=5.857 advA2B=0.488 advB2A=0.551 cycA=0.159 cycB=0.166 idtA=0.160 idtB=0.154 D_A=0.177 D_B=0.198 D_A(real)=0.70 D_A(fake)=0.30 gnG=36.53 gnD=15.86 it_per_s=10.19
2026-10-02 11:37:53,336 INFO iter=25000 epoch=4 lr=2.00e-04 G=5.859 advA2B=0.489 advB2A=0.551 cycA=0.159 cycB=0.166 idtA=0.160 idtB=0.154 D_A=0.176 D_B=0.198 D_A(real)=0.70 D_A(fake)=0.30 gnG=36.53 gnD=15.84 it_per_s=10.19
2026-10-02 11:38:03,381 INFO iter=25100 epoch=4 lr=2.00e-04 G=5.858 advA2B=0.489 advB2A=0.552 cycA=0.159 cycB=0.166 idtA=0.160 idtB=0.154 D_A=0.176 D_B=0.198 D_A(real)=0.70 D_A(fake)=0.30 gnG=36.55 gnD=15.81 it_per_s=10.18
2026-10-02 11:38:13,410 INFO iter=25200 epoch=4 lr=2.00e-04 G=5.854 advA2B=0.490 advB2A=0.551 cycA=0.158 cycB=0.166 idtA=0.159 idtB=0.154 D_A=0.177 D_B=0.198 D_A(real)=0.70 D_A(fake)=0.30 gnG=36.53 gnD=15.82 it_per_s=10.18
2026-10-02 11:38:23,407 INFO iter=25300 epoch=4 lr=2.00e-04 G=5.846 advA2B=0.489 advB2A=0.551 cycA=0.158 cycB=0.166 idtA=0.159 idtB=0.154 D_A=0.176 D_B=0.198 D_A(real)=0.70 D_A(fake)=0.30 gnG=36.51 gnD=15.82 it_per_s=10.17
2026-10-02 11:38:33,598 INFO iter=25400 epoch=4 lr=2.00e-04 G=5.839 advA2B=0.488 advB2A=0.550 cycA=0.158 cycB=0.166 idtA=0.159 idtB=0.154 D_A=0.176 D_B=0.198 D_A(real)=0.70 D_A(fake)=0.30 gnG=36.46 gnD=15.80 it_per_s=10.16
2026-10-02 11:38:43,622 INFO iter=25500 epoch=4 lr=2.00e-04 G=5.835 advA2B=0.488 advB2A=0.549 cycA=0.158 cycB=0.166 idtA=0.159 idtB=0.154 D_A=0.177 D_B=0.198 D_A(real)=0.70 D_A(fake)=0.30 gnG=36.43 gnD=15.80 it_per_s=10.16
2026-10-02 11:38:53,771 INFO iter=25600 epoch=4 lr=2.00e-04 G=5.834 advA2B=0.488 advB2A=0.548 cycA=0.158 cycB=0.166 idtA=0.159 idtB=0.154 D_A=0.177 D_B=0.198 D_A(real)=0.70 D_A(fake)=0.30 gnG=36.45 gnD=15.78 it_per_s=10.15
2026-10-02 11:39:03,986 INFO iter=25700 epoch=4 lr=2.00e-04 G=5.842 advA2B=0.490 advB2A=0.548 cycA=0.158 cycB=0.166 idtA=0.159 idtB=0.154 D_A=0.177 D_B=0.197 D_A(real)=0.70 D_A(fake)=0.30 gnG=36.39 gnD=15.79 it_per_s=10.14
2026-10-02 11:39:14,201 INFO iter=25800 epoch=4 lr=2.00e-04 G=5.837 advA2B=0.490 advB2A=0.547 cycA=0.157 cycB=0.166 idtA=0.159 idtB=0.154 D_A=0.177 D_B=0.197 D_A(real)=0.70 D_A(fake)=0.30 gnG=36.32 gnD=15.78 it_per_s=10.13
2026-10-02 11:39:24,427 INFO iter=25900 epoch=4 lr=2.00e-04 G=5.833 advA2B=0.491 advB2A=0.548 cycA=0.157 cycB=0.166 idtA=0.159 idtB=0.154 D_A=0.177 D_B=0.197 D_A(real)=0.70 D_A(fake)=0.30 gnG=36.27 gnD=15.77 it_per_s=10.13
2026-10-02 11:39:34,527 INFO iter=26000 epoch=4 lr=2.00e-04 G=5.827 advA2B=0.490 advB2A=0.548 cycA=0.157 cycB=0.166 idtA=0.159 idtB=0.154 D_A=0.177 D_B=0.198 D_A(real)=0.70 D_A(fake)=0.30 gnG=36.24 gnD=15.77 it_per_s=10.12
2026-10-02 11:39:44,556 INFO iter=26100 epoch=4 lr=2.00e-04 G=5.825 advA2B=0.489 advB2A=0.548 cycA=0.157 cycB=0.166 idtA=0.158 idtB=0.154 D_A=0.177 D_B=0.197 D_A(real)=0.70 D_A(fake)=0.30 gnG=36.22 gnD=15.75 it_per_s=10.12
2026-10-02 11:39:54,395 INFO iter=26200 epoch=4 lr=2.00e-04 G=5.828 advA2B=0.488 advB2A=0.549 cycA=0.157 cycB=0.166 idtA=0.159 idtB=0.154 D_A=0.177 D_B=0.197 D_A(real)=0.70 D_A(fake)=0.30 gnG=36.23 gnD=15.74 it_per_s=10.12
2026-10-02 11:40:04,364 INFO iter=26300 epoch=4 lr=2.00e-04 G=5.823 advA2B=0.487 advB2A=0.548 cycA=0.157 cycB=0.166 idtA=0.159 idtB=0.153 D_A=0.177 D_B=0.198 D_A(real)=0.70 D_A(fake)=0.30 gnG=36.22 gnD=15.74 it_per_s=10.12
2026-10-02 11:40:14,411 INFO iter=26400 epoch=4 lr=2.00e-04 G=5.822 advA2B=0.487 advB2A=0.548 cycA=0.157 cycB=0.166 idtA=0.158 idtB=0.153 D_A=0.177 D_B=0.197 D_A(real)=0.70 D_A(fake)=0.30 gnG=36.23 gnD=15.75 it_per_s=10.12
2026-10-02 11:40:24,461 INFO iter=26500 epoch=4 lr=2.00e-04 G=5.822 advA2B=0.487 advB2A=0.548 cycA=0.157 cycB=0.166 idtA=0.158 idtB=0.153 D_A=0.177 D_B=0.197 D_A(real)=0.70 D_A(fake)=0.30 gnG=36.36 gnD=15.73 it_per_s=10.11
2026-10-02 11:40:34,316 INFO iter=26600 epoch=4 lr=2.00e-04 G=5.833 advA2B=0.486 advB2A=0.549 cycA=0.158 cycB=0.166 idtA=0.159 idtB=0.153 D_A=0.177 D_B=0.198 D_A(real)=0.70 D_A(fake)=0.30 gnG=36.45 gnD=15.72 it_per_s=10.11
2026-10-02 11:40:44,176 INFO iter=26700 epoch=4 lr=2.00e-04 G=5.839 advA2B=0.486 advB2A=0.548 cycA=0.158 cycB=0.166 idtA=0.159 idtB=0.153 D_A=0.177 D_B=0.198 D_A(real)=0.70 D_A(fake)=0.30 gnG=36.48 gnD=15.69 it_per_s=10.11
2026-10-02 11:40:54,015 INFO iter=26800 epoch=4 lr=2.00e-04 G=5.846 advA2B=0.487 advB2A=0.549 cycA=0.158 cycB=0.166 idtA=0.159 idtB=0.153 D_A=0.177 D_B=0.198 D_A(real)=0.70 D_A(fake)=0.30 gnG=36.49 gnD=15.70 it_per_s=10.11
2026-10-02 11:41:03,871 INFO iter=26900 epoch=4 lr=2.00e-04 G=5.843 advA2B=0.487 advB2A=0.548 cycA=0.158 cycB=0.166 idtA=0.159 idtB=0.153 D_A=0.177 D_B=0.198 D_A(real)=0.70 D_A(fake)=0.30 gnG=36.47 gnD=15.68 it_per_s=10.11
2026-10-02 11:41:13,753 INFO iter=27000 epoch=4 lr=2.00e-04 G=5.843 advA2B=0.486 advB2A=0.548 cycA=0.158 cycB=0.166 idtA=0.159 idtB=0.153 D_A=0.177 D_B=0.198 D_A(real)=0.70 D_A(fake)=0.30 gnG=36.50 gnD=15.67 it_per_s=10.11
2026-10-02 11:41:23,607 INFO iter=27100 epoch=4 lr=2.00e-04 G=5.840 advA2B=0.486 advB2A=0.547 cycA=0.158 cycB=0.166 idtA=0.159 idtB=0.153 D_A=0.177 D_B=0.198 D_A(real)=0.70 D_A(fake)=0.30 gnG=36.45 gnD=15.65 it_per_s=10.12
2026-10-02 11:41:33,500 INFO iter=27200 epoch=4 lr=2.00e-04 G=5.841 advA2B=0.486 advB2A=0.546 cycA=0.158 cycB=0.166 idtA=0.160 idtB=0.153 D_A=0.177 D_B=0.198 D_A(real)=0.70 D_A(fake)=0.30 gnG=36.44 gnD=15.63 it_per_s=10.12
2026-10-02 11:41:43,380 INFO iter=27300 epoch=4 lr=2.00e-04 G=5.841 advA2B=0.486 advB2A=0.546 cycA=0.158 cycB=0.167 idtA=0.160 idtB=0.153 D_A=0.177 D_B=0.198 D_A(real)=0.70 D_A(fake)=0.30 gnG=36.44 gnD=15.62 it_per_s=10.12
2026-10-02 11:41:53,205 INFO iter=27400 epoch=4 lr=2.00e-04 G=5.841 advA2B=0.487 advB2A=0.546 cycA=0.158 cycB=0.167 idtA=0.159 idtB=0.153 D_A=0.177 D_B=0.198 D_A(real)=0.70 D_A(fake)=0.30 gnG=36.45 gnD=15.59 it_per_s=10.12
2026-10-02 11:42:03,056 INFO iter=27500 epoch=4 lr=2.00e-04 G=5.838 advA2B=0.486 advB2A=0.546 cycA=0.158 cycB=0.167 idtA=0.159 idtB=0.153 D_A=0.177 D_B=0.198 D_A(real)=0.70 D_A(fake)=0.30 gnG=36.42 gnD=15.57 it_per_s=10.12
2026-10-02 11:42:12,954 INFO iter=27600 epoch=4 lr=2.00e-04 G=5.837 advA2B=0.485 advB2A=0.545 cycA=0.158 cycB=0.167 idtA=0.159 idtB=0.153 D_A=0.178 D_B=0.198 D_A(real)=0.70 D_A(fake)=0.30 gnG=36.41 gnD=15.56 it_per_s=10.12
2026-10-02 11:42:22,707 INFO iter=27700 epoch=4 lr=2.00e-04 G=5.831 advA2B=0.485 advB2A=0.544 cycA=0.158 cycB=0.166 idtA=0.159 idtB=0.153 D_A=0.178 D_B=0.198 D_A(real)=0.70 D_A(fake)=0.30 gnG=36.38 gnD=15.53 it_per_s=10.12
2026-10-02 11:42:32,456 INFO iter=27800 epoch=4 lr=2.00e-04 G=5.831 advA2B=0.485 advB2A=0.544 cycA=0.158 cycB=0.166 idtA=0.159 idtB=0.152 D_A=0.178 D_B=0.198 D_A(real)=0.70 D_A(fake)=0.30 gnG=36.40 gnD=15.51 it_per_s=10.12
2026-10-02 11:42:42,337 INFO iter=27900 epoch=4 lr=2.00e-04 G=5.826 advA2B=0.485 advB2A=0.543 cycA=0.158 cycB=0.166 idtA=0.159 idtB=0.152 D_A=0.179 D_B=0.198 D_A(real)=0.70 D_A(fake)=0.30 gnG=36.38 gnD=15.50 it_per_s=10.12
2026-10-02 11:42:51,933 INFO iter=28000 epoch=4 lr=2.00e-04 G=5.824 advA2B=0.485 advB2A=0.542 cycA=0.158 cycB=0.166 idtA=0.159 idtB=0.152 D_A=0.179 D_B=0.198 D_A(real)=0.70 D_A(fake)=0.30 gnG=36.38 gnD=15.49 it_per_s=10.13
2026-10-02 11:43:01,555 INFO iter=28100 epoch=4 lr=2.00e-04 G=5.818 advA2B=0.485 advB2A=0.541 cycA=0.158 cycB=0.166 idtA=0.159 idtB=0.152 D_A=0.179 D_B=0.198 D_A(real)=0.70 D_A(fake)=0.31 gnG=36.34 gnD=15.48 it_per_s=10.13
2026-10-02 11:43:06,672 INFO epoch=4 done time_s=695 it_per_s=10.13 G=5.816 cycA=0.158 cycB=0.166 idtA=0.159 idtB=0.152 D_A=0.179 D_B=0.198 D_A(real)=0.70 D_A(fake)=0.30 nan_count=0
2026-10-02 11:43:11,923 INFO iter=28200 epoch=5 lr=2.00e-04 G=5.912 advA2B=0.487 advB2A=0.483 cycA=0.162 cycB=0.173 idtA=0.166 idtB=0.153 D_A=0.183 D_B=0.190 D_A(real)=0.68 D_A(fake)=0.32 gnG=37.43 gnD=14.87 it_per_s=10.15
2026-10-02 11:43:21,760 INFO iter=28300 epoch=5 lr=2.00e-04 G=5.620 advA2B=0.444 advB2A=0.506 cycA=0.153 cycB=0.162 idtA=0.156 idtB=0.147 D_A=0.197 D_B=0.197 D_A(real)=0.66 D_A(fake)=0.34 gnG=34.42 gnD=14.44 it_per_s=10.16
2026-10-02 11:43:31,535 INFO iter=28400 epoch=5 lr=2.00e-04 G=5.603 advA2B=0.456 advB2A=0.499 cycA=0.152 cycB=0.161 idtA=0.154 idtB=0.148 D_A=0.197 D_B=0.199 D_A(real)=0.66 D_A(fake)=0.34 gnG=35.09 gnD=14.63 it_per_s=10.19
2026-10-02 11:43:41,442 INFO iter=28500 epoch=5 lr=2.00e-04 G=5.633 advA2B=0.473 advB2A=0.496 cycA=0.153 cycB=0.162 idtA=0.153 idtB=0.150 D_A=0.200 D_B=0.200 D_A(real)=0.65 D_A(fake)=0.34 gnG=35.56 gnD=14.53 it_per_s=10.16
2026-10-02 11:43:51,252 INFO iter=28600 epoch=5 lr=2.00e-04 G=5.665 advA2B=0.472 advB2A=0.498 cycA=0.155 cycB=0.161 idtA=0.157 idtB=0.148 D_A=0.193 D_B=0.200 D_A(real)=0.66 D_A(fake)=0.34 gnG=35.70 gnD=14.32 it_per_s=10.17
2026-10-02 11:44:01,126 INFO iter=28700 epoch=5 lr=2.00e-04 G=5.678 advA2B=0.473 advB2A=0.501 cycA=0.156 cycB=0.161 idtA=0.158 idtB=0.148 D_A=0.190 D_B=0.199 D_A(real)=0.67 D_A(fake)=0.33 gnG=36.17 gnD=14.38 it_per_s=10.16
2026-10-02 11:44:10,967 INFO iter=28800 epoch=5 lr=2.00e-04 G=5.634 advA2B=0.470 advB2A=0.504 cycA=0.155 cycB=0.159 idtA=0.157 idtB=0.145 D_A=0.189 D_B=0.198 D_A(real)=0.67 D_A(fake)=0.33 gnG=35.87 gnD=14.28 it_per_s=10.16
2026-10-02 11:44:20,775 INFO iter=28900 epoch=5 lr=2.00e-04 G=5.589 advA2B=0.468 advB2A=0.504 cycA=0.154 cycB=0.157 idtA=0.157 idtB=0.144 D_A=0.188 D_B=0.200 D_A(real)=0.67 D_A(fake)=0.33 gnG=35.64 gnD=14.32 it_per_s=10.17
2026-10-02 11:44:30,594 INFO iter=29000 epoch=5 lr=2.00e-04 G=5.573 advA2B=0.464 advB2A=0.509 cycA=0.153 cycB=0.157 idtA=0.156 idtB=0.143 D_A=0.186 D_B=0.201 D_A(real)=0.67 D_A(fake)=0.33 gnG=35.53 gnD=14.19 it_per_s=10.17
2026-10-02 11:44:40,444 INFO iter=29100 epoch=5 lr=2.00e-04 G=5.582 advA2B=0.462 advB2A=0.510 cycA=0.153 cycB=0.159 idtA=0.156 idtB=0.143 D_A=0.186 D_B=0.201 D_A(real)=0.67 D_A(fake)=0.33 gnG=35.75 gnD=14.21 it_per_s=10.17
2026-10-02 11:44:50,289 INFO iter=29200 epoch=5 lr=2.00e-04 G=5.571 advA2B=0.462 advB2A=0.512 cycA=0.153 cycB=0.158 idtA=0.156 idtB=0.143 D_A=0.184 D_B=0.202 D_A(real)=0.68 D_A(fake)=0.32 gnG=35.81 gnD=14.19 it_per_s=10.17
2026-10-02 11:45:00,232 INFO iter=29300 epoch=5 lr=2.00e-04 G=5.558 advA2B=0.462 advB2A=0.508 cycA=0.153 cycB=0.157 idtA=0.155 idtB=0.142 D_A=0.186 D_B=0.201 D_A(real)=0.68 D_A(fake)=0.32 gnG=35.73 gnD=14.21 it_per_s=10.16
2026-10-02 11:45:10,088 INFO iter=29400 epoch=5 lr=2.00e-04 G=5.555 advA2B=0.462 advB2A=0.510 cycA=0.152 cycB=0.157 idtA=0.155 idtB=0.143 D_A=0.185 D_B=0.200 D_A(real)=0.68 D_A(fake)=0.32 gnG=35.46 gnD=14.15 it_per_s=10.15
2026-10-02 11:45:19,989 INFO iter=29500 epoch=5 lr=2.00e-04 G=5.534 advA2B=0.461 advB2A=0.511 cycA=0.152 cycB=0.157 idtA=0.154 idtB=0.142 D_A=0.184 D_B=0.200 D_A(real)=0.68 D_A(fake)=0.32 gnG=35.47 gnD=14.10 it_per_s=10.15
2026-10-02 11:45:29,872 INFO iter=29600 epoch=5 lr=2.00e-04 G=5.529 advA2B=0.462 advB2A=0.516 cycA=0.151 cycB=0.156 idtA=0.154 idtB=0.142 D_A=0.183 D_B=0.201 D_A(real)=0.68 D_A(fake)=0.32 gnG=35.22 gnD=14.11 it_per_s=10.15
2026-10-02 11:45:39,725 INFO iter=29700 epoch=5 lr=2.00e-04 G=5.545 advA2B=0.466 advB2A=0.522 cycA=0.151 cycB=0.156 idtA=0.154 idtB=0.142 D_A=0.182 D_B=0.200 D_A(real)=0.68 D_A(fake)=0.32 gnG=35.14 gnD=14.14 it_per_s=10.15
2026-10-02 11:45:49,547 INFO iter=29800 epoch=5 lr=2.00e-04 G=5.543 advA2B=0.466 advB2A=0.521 cycA=0.151 cycB=0.157 idtA=0.154 idtB=0.142 D_A=0.181 D_B=0.199 D_A(real)=0.69 D_A(fake)=0.31 gnG=35.11 gnD=14.09 it_per_s=10.15
2026-10-02 11:45:59,264 INFO iter=29900 epoch=5 lr=2.00e-04 G=5.545 advA2B=0.467 advB2A=0.524 cycA=0.151 cycB=0.157 idtA=0.154 idtB=0.142 D_A=0.181 D_B=0.199 D_A(real)=0.69 D_A(fake)=0.31 gnG=35.05 gnD=14.08 it_per_s=10.16
2026-10-02 11:46:09,088 INFO iter=30000 epoch=5 lr=2.00e-04 G=5.537 advA2B=0.467 advB2A=0.522 cycA=0.150 cycB=0.157 idtA=0.153 idtB=0.142 D_A=0.180 D_B=0.199 D_A(real)=0.69 D_A(fake)=0.31 gnG=35.05 gnD=14.06 it_per_s=10.16
2026-10-02 11:46:18,942 INFO iter=30100 epoch=5 lr=2.00e-04 G=5.542 advA2B=0.467 advB2A=0.521 cycA=0.151 cycB=0.157 idtA=0.153 idtB=0.142 D_A=0.181 D_B=0.200 D_A(real)=0.68 D_A(fake)=0.32 gnG=35.19 gnD=14.07 it_per_s=10.16
2026-10-02 11:46:28,402 INFO iter=30200 epoch=5 lr=2.00e-04 G=5.531 advA2B=0.466 advB2A=0.519 cycA=0.150 cycB=0.157 idtA=0.153 idtB=0.142 D_A=0.182 D_B=0.198 D_A(real)=0.68 D_A(fake)=0.32 gnG=35.11 gnD=14.07 it_per_s=10.18
2026-10-02 11:46:38,211 INFO iter=30300 epoch=5 lr=2.00e-04 G=5.529 advA2B=0.467 advB2A=0.518 cycA=0.151 cycB=0.156 idtA=0.153 idtB=0.141 D_A=0.182 D_B=0.198 D_A(real)=0.68 D_A(fake)=0.32 gnG=35.06 gnD=14.09 it_per_s=10.18
2026-10-02 11:46:48,018 INFO iter=30400 epoch=5 lr=2.00e-04 G=5.538 advA2B=0.466 advB2A=0.518 cycA=0.151 cycB=0.157 idtA=0.154 idtB=0.142 D_A=0.182 D_B=0.199 D_A(real)=0.68 D_A(fake)=0.32 gnG=35.04 gnD=14.12 it_per_s=10.18
2026-10-02 11:46:57,446 INFO iter=30500 epoch=5 lr=2.00e-04 G=5.538 advA2B=0.468 advB2A=0.517 cycA=0.151 cycB=0.157 idtA=0.153 idtB=0.142 D_A=0.182 D_B=0.199 D_A(real)=0.68 D_A(fake)=0.32 gnG=34.98 gnD=14.13 it_per_s=10.20
2026-10-02 11:47:07,233 INFO iter=30600 epoch=5 lr=2.00e-04 G=5.551 advA2B=0.469 advB2A=0.517 cycA=0.151 cycB=0.157 idtA=0.154 idtB=0.142 D_A=0.182 D_B=0.199 D_A(real)=0.68 D_A(fake)=0.32 gnG=35.11 gnD=14.14 it_per_s=10.20
2026-10-02 11:47:17,102 INFO iter=30700 epoch=5 lr=2.00e-04 G=5.542 advA2B=0.469 advB2A=0.516 cycA=0.151 cycB=0.157 idtA=0.153 idtB=0.142 D_A=0.182 D_B=0.199 D_A(real)=0.68 D_A(fake)=0.32 gnG=35.05 gnD=14.13 it_per_s=10.20
2026-10-02 11:47:26,950 INFO iter=30800 epoch=5 lr=2.00e-04 G=5.531 advA2B=0.467 advB2A=0.512 cycA=0.151 cycB=0.157 idtA=0.153 idtB=0.142 D_A=0.183 D_B=0.199 D_A(real)=0.68 D_A(fake)=0.32 gnG=35.00 gnD=14.12 it_per_s=10.19
2026-10-02 11:47:36,753 INFO iter=30900 epoch=5 lr=2.00e-04 G=5.530 advA2B=0.467 advB2A=0.512 cycA=0.151 cycB=0.157 idtA=0.153 idtB=0.142 D_A=0.183 D_B=0.199 D_A(real)=0.68 D_A(fake)=0.32 gnG=35.05 gnD=14.10 it_per_s=10.19
2026-10-02 11:47:46,599 INFO iter=31000 epoch=5 lr=2.00e-04 G=5.540 advA2B=0.467 advB2A=0.514 cycA=0.151 cycB=0.158 idtA=0.153 idtB=0.142 D_A=0.182 D_B=0.199 D_A(real)=0.68 D_A(fake)=0.32 gnG=35.08 gnD=14.10 it_per_s=10.19
2026-10-02 11:47:56,105 INFO iter=31100 epoch=5 lr=2.00e-04 G=5.538 advA2B=0.466 advB2A=0.514 cycA=0.151 cycB=0.158 idtA=0.153 idtB=0.142 D_A=0.182 D_B=0.199 D_A(real)=0.68 D_A(fake)=0.32 gnG=35.00 gnD=14.09 it_per_s=10.20
2026-10-02 11:48:05,823 INFO iter=31200 epoch=5 lr=2.00e-04 G=5.539 advA2B=0.467 advB2A=0.513 cycA=0.151 cycB=0.157 idtA=0.153 idtB=0.142 D_A=0.183 D_B=0.198 D_A(real)=0.68 D_A(fake)=0.32 gnG=34.91 gnD=14.05 it_per_s=10.21
2026-10-02 11:48:15,702 INFO iter=31300 epoch=5 lr=2.00e-04 G=5.538 advA2B=0.466 advB2A=0.512 cycA=0.151 cycB=0.157 idtA=0.153 idtB=0.142 D_A=0.183 D_B=0.199 D_A(real)=0.68 D_A(fake)=0.32 gnG=34.94 gnD=14.04 it_per_s=10.20
2026-10-02 11:48:25,257 INFO iter=31400 epoch=5 lr=2.00e-04 G=5.532 advA2B=0.466 advB2A=0.511 cycA=0.151 cycB=0.157 idtA=0.153 idtB=0.142 D_A=0.184 D_B=0.198 D_A(real)=0.68 D_A(fake)=0.32 gnG=34.94 gnD=14.03 it_per_s=10.21
2026-10-02 11:48:34,889 INFO iter=31500 epoch=5 lr=2.00e-04 G=5.534 advA2B=0.467 advB2A=0.512 cycA=0.151 cycB=0.157 idtA=0.154 idtB=0.142 D_A=0.183 D_B=0.198 D_A(real)=0.68 D_A(fake)=0.32 gnG=34.96 gnD=14.02 it_per_s=10.22
2026-10-02 11:48:44,722 INFO iter=31600 epoch=5 lr=2.00e-04 G=5.532 advA2B=0.466 advB2A=0.512 cycA=0.151 cycB=0.157 idtA=0.153 idtB=0.142 D_A=0.184 D_B=0.199 D_A(real)=0.68 D_A(fake)=0.32 gnG=34.84 gnD=14.02 it_per_s=10.22
2026-10-02 11:48:54,332 INFO iter=31700 epoch=5 lr=2.00e-04 G=5.526 advA2B=0.465 advB2A=0.512 cycA=0.151 cycB=0.157 idtA=0.153 idtB=0.142 D_A=0.184 D_B=0.199 D_A(real)=0.68 D_A(fake)=0.32 gnG=34.71 gnD=13.99 it_per_s=10.22
2026-10-02 11:49:03,888 INFO iter=31800 epoch=5 lr=2.00e-04 G=5.525 advA2B=0.465 advB2A=0.511 cycA=0.151 cycB=0.157 idtA=0.153 idtB=0.142 D_A=0.184 D_B=0.199 D_A(real)=0.68 D_A(fake)=0.32 gnG=34.59 gnD=13.97 it_per_s=10.23
2026-10-02 11:49:13,688 INFO iter=31900 epoch=5 lr=2.00e-04 G=5.526 advA2B=0.465 advB2A=0.511 cycA=0.151 cycB=0.157 idtA=0.153 idtB=0.142 D_A=0.184 D_B=0.199 D_A(real)=0.68 D_A(fake)=0.32 gnG=34.49 gnD=13.96 it_per_s=10.23
2026-10-02 11:49:23,367 INFO iter=32000 epoch=5 lr=2.00e-04 G=5.517 advA2B=0.465 advB2A=0.510 cycA=0.150 cycB=0.157 idtA=0.153 idtB=0.142 D_A=0.185 D_B=0.199 D_A(real)=0.68 D_A(fake)=0.32 gnG=34.39 gnD=13.96 it_per_s=10.23
2026-10-02 11:49:32,916 INFO iter=32100 epoch=5 lr=2.00e-04 G=5.508 advA2B=0.464 advB2A=0.509 cycA=0.150 cycB=0.156 idtA=0.153 idtB=0.141 D_A=0.184 D_B=0.199 D_A(real)=0.68 D_A(fake)=0.32 gnG=34.37 gnD=13.94 it_per_s=10.24
2026-10-02 11:49:42,743 INFO iter=32200 epoch=5 lr=2.00e-04 G=5.518 advA2B=0.465 advB2A=0.508 cycA=0.150 cycB=0.157 idtA=0.153 idtB=0.141 D_A=0.185 D_B=0.199 D_A(real)=0.68 D_A(fake)=0.32 gnG=34.43 gnD=13.92 it_per_s=10.23
2026-10-02 11:49:52,528 INFO iter=32300 epoch=5 lr=2.00e-04 G=5.523 advA2B=0.466 advB2A=0.506 cycA=0.151 cycB=0.157 idtA=0.153 idtB=0.142 D_A=0.185 D_B=0.198 D_A(real)=0.68 D_A(fake)=0.32 gnG=34.38 gnD=13.92 it_per_s=10.23
2026-10-02 11:50:02,012 INFO iter=32400 epoch=5 lr=2.00e-04 G=5.519 advA2B=0.466 advB2A=0.506 cycA=0.150 cycB=0.157 idtA=0.153 idtB=0.142 D_A=0.185 D_B=0.198 D_A(real)=0.68 D_A(fake)=0.32 gnG=34.29 gnD=13.91 it_per_s=10.24
2026-10-02 11:50:11,863 INFO iter=32500 epoch=5 lr=2.00e-04 G=5.520 advA2B=0.467 advB2A=0.506 cycA=0.150 cycB=0.157 idtA=0.153 idtB=0.142 D_A=0.185 D_B=0.198 D_A(real)=0.68 D_A(fake)=0.32 gnG=34.25 gnD=13.91 it_per_s=10.24
2026-10-02 11:50:21,642 INFO iter=32600 epoch=5 lr=2.00e-04 G=5.516 advA2B=0.468 advB2A=0.506 cycA=0.150 cycB=0.157 idtA=0.153 idtB=0.142 D_A=0.185 D_B=0.198 D_A(real)=0.68 D_A(fake)=0.32 gnG=34.18 gnD=13.90 it_per_s=10.24
2026-10-02 11:50:31,153 INFO iter=32700 epoch=5 lr=2.00e-04 G=5.518 advA2B=0.467 advB2A=0.505 cycA=0.150 cycB=0.157 idtA=0.153 idtB=0.142 D_A=0.185 D_B=0.198 D_A(real)=0.68 D_A(fake)=0.32 gnG=34.19 gnD=13.91 it_per_s=10.24
2026-10-02 11:50:41,089 INFO iter=32800 epoch=5 lr=2.00e-04 G=5.522 advA2B=0.468 advB2A=0.506 cycA=0.150 cycB=0.157 idtA=0.153 idtB=0.142 D_A=0.185 D_B=0.199 D_A(real)=0.68 D_A(fake)=0.32 gnG=34.20 gnD=13.91 it_per_s=10.24
2026-10-02 11:50:50,941 INFO iter=32900 epoch=5 lr=2.00e-04 G=5.525 advA2B=0.469 advB2A=0.506 cycA=0.150 cycB=0.158 idtA=0.153 idtB=0.142 D_A=0.185 D_B=0.198 D_A(real)=0.68 D_A(fake)=0.32 gnG=34.21 gnD=13.89 it_per_s=10.24
2026-10-02 11:51:00,402 INFO iter=33000 epoch=5 lr=2.00e-04 G=5.525 advA2B=0.469 advB2A=0.504 cycA=0.150 cycB=0.157 idtA=0.153 idtB=0.142 D_A=0.185 D_B=0.198 D_A(real)=0.68 D_A(fake)=0.32 gnG=34.19 gnD=13.88 it_per_s=10.24
2026-10-02 11:51:10,217 INFO iter=33100 epoch=5 lr=2.00e-04 G=5.531 advA2B=0.469 advB2A=0.505 cycA=0.150 cycB=0.158 idtA=0.153 idtB=0.142 D_A=0.185 D_B=0.198 D_A(real)=0.68 D_A(fake)=0.32 gnG=34.23 gnD=13.88 it_per_s=10.24
2026-10-02 11:51:20,068 INFO iter=33200 epoch=5 lr=2.00e-04 G=5.531 advA2B=0.469 advB2A=0.505 cycA=0.150 cycB=0.158 idtA=0.153 idtB=0.142 D_A=0.185 D_B=0.199 D_A(real)=0.68 D_A(fake)=0.32 gnG=34.19 gnD=13.86 it_per_s=10.24
2026-10-02 11:51:29,876 INFO iter=33300 epoch=5 lr=2.00e-04 G=5.526 advA2B=0.468 advB2A=0.505 cycA=0.150 cycB=0.158 idtA=0.153 idtB=0.142 D_A=0.185 D_B=0.199 D_A(real)=0.68 D_A(fake)=0.32 gnG=34.15 gnD=13.86 it_per_s=10.24
2026-10-02 11:51:39,629 INFO iter=33400 epoch=5 lr=2.00e-04 G=5.519 advA2B=0.468 advB2A=0.505 cycA=0.150 cycB=0.158 idtA=0.153 idtB=0.142 D_A=0.185 D_B=0.199 D_A(real)=0.68 D_A(fake)=0.32 gnG=34.14 gnD=13.88 it_per_s=10.24
2026-10-02 11:51:49,486 INFO iter=33500 epoch=5 lr=2.00e-04 G=5.516 advA2B=0.467 advB2A=0.505 cycA=0.150 cycB=0.157 idtA=0.153 idtB=0.142 D_A=0.186 D_B=0.199 D_A(real)=0.68 D_A(fake)=0.32 gnG=34.13 gnD=13.86 it_per_s=10.24
2026-10-02 11:51:59,161 INFO iter=33600 epoch=5 lr=2.00e-04 G=5.516 advA2B=0.467 advB2A=0.504 cycA=0.150 cycB=0.157 idtA=0.153 idtB=0.142 D_A=0.186 D_B=0.199 D_A(real)=0.68 D_A(fake)=0.32 gnG=34.11 gnD=13.84 it_per_s=10.24
2026-10-02 11:52:08,886 INFO iter=33700 epoch=5 lr=2.00e-04 G=5.514 advA2B=0.468 advB2A=0.505 cycA=0.150 cycB=0.157 idtA=0.153 idtB=0.141 D_A=0.186 D_B=0.199 D_A(real)=0.68 D_A(fake)=0.32 gnG=34.09 gnD=13.84 it_per_s=10.24
2026-10-02 11:52:18,714 INFO iter=33800 epoch=5 lr=2.00e-04 G=5.524 advA2B=0.469 advB2A=0.506 cycA=0.150 cycB=0.158 idtA=0.153 idtB=0.142 D_A=0.185 D_B=0.199 D_A(real)=0.68 D_A(fake)=0.32 gnG=34.18 gnD=13.83 it_per_s=10.24
2026-10-02 11:52:28,442 INFO iter=33900 epoch=5 lr=2.00e-04 G=5.525 advA2B=0.469 advB2A=0.507 cycA=0.150 cycB=0.158 idtA=0.153 idtB=0.142 D_A=0.186 D_B=0.199 D_A(real)=0.68 D_A(fake)=0.32 gnG=34.14 gnD=13.83 it_per_s=10.24
2026-10-02 11:52:38,083 INFO iter=34000 epoch=5 lr=2.00e-04 G=5.527 advA2B=0.469 advB2A=0.507 cycA=0.150 cycB=0.158 idtA=0.153 idtB=0.142 D_A=0.185 D_B=0.198 D_A(real)=0.68 D_A(fake)=0.32 gnG=34.16 gnD=13.83 it_per_s=10.24
2026-10-02 11:52:47,918 INFO iter=34100 epoch=5 lr=2.00e-04 G=5.531 advA2B=0.469 advB2A=0.506 cycA=0.150 cycB=0.158 idtA=0.153 idtB=0.142 D_A=0.186 D_B=0.198 D_A(real)=0.68 D_A(fake)=0.32 gnG=34.20 gnD=13.83 it_per_s=10.24
2026-10-02 11:52:57,723 INFO iter=34200 epoch=5 lr=2.00e-04 G=5.532 advA2B=0.470 advB2A=0.506 cycA=0.150 cycB=0.158 idtA=0.153 idtB=0.142 D_A=0.186 D_B=0.198 D_A(real)=0.68 D_A(fake)=0.32 gnG=34.20 gnD=13.83 it_per_s=10.24
2026-10-02 11:53:07,591 INFO iter=34300 epoch=5 lr=2.00e-04 G=5.532 advA2B=0.471 advB2A=0.506 cycA=0.150 cycB=0.158 idtA=0.153 idtB=0.142 D_A=0.186 D_B=0.198 D_A(real)=0.68 D_A(fake)=0.32 gnG=34.22 gnD=13.82 it_per_s=10.24
2026-10-02 11:53:17,447 INFO iter=34400 epoch=5 lr=2.00e-04 G=5.529 advA2B=0.470 advB2A=0.505 cycA=0.150 cycB=0.158 idtA=0.153 idtB=0.142 D_A=0.186 D_B=0.198 D_A(real)=0.68 D_A(fake)=0.32 gnG=34.24 gnD=13.82 it_per_s=10.24
2026-10-02 11:53:27,145 INFO iter=34500 epoch=5 lr=2.00e-04 G=5.525 advA2B=0.470 advB2A=0.504 cycA=0.150 cycB=0.158 idtA=0.153 idtB=0.142 D_A=0.186 D_B=0.198 D_A(real)=0.68 D_A(fake)=0.33 gnG=34.22 gnD=13.83 it_per_s=10.24
2026-10-02 11:53:37,005 INFO iter=34600 epoch=5 lr=2.00e-04 G=5.524 advA2B=0.471 advB2A=0.504 cycA=0.150 cycB=0.158 idtA=0.152 idtB=0.142 D_A=0.186 D_B=0.198 D_A(real)=0.68 D_A(fake)=0.33 gnG=34.20 gnD=13.82 it_per_s=10.24
2026-10-02 11:53:46,868 INFO iter=34700 epoch=5 lr=2.00e-04 G=5.522 advA2B=0.471 advB2A=0.503 cycA=0.149 cycB=0.158 idtA=0.152 idtB=0.142 D_A=0.186 D_B=0.198 D_A(real)=0.67 D_A(fake)=0.33 gnG=34.21 gnD=13.82 it_per_s=10.24
2026-10-02 11:53:56,734 INFO iter=34800 epoch=5 lr=2.00e-04 G=5.516 advA2B=0.471 advB2A=0.502 cycA=0.149 cycB=0.158 idtA=0.152 idtB=0.142 D_A=0.186 D_B=0.197 D_A(real)=0.67 D_A(fake)=0.33 gnG=34.14 gnD=13.81 it_per_s=10.23
2026-10-02 11:54:06,581 INFO iter=34900 epoch=5 lr=2.00e-04 G=5.515 advA2B=0.471 advB2A=0.502 cycA=0.149 cycB=0.158 idtA=0.152 idtB=0.142 D_A=0.186 D_B=0.198 D_A(real)=0.67 D_A(fake)=0.33 gnG=34.16 gnD=13.82 it_per_s=10.23
2026-10-02 11:54:16,427 INFO iter=35000 epoch=5 lr=2.00e-04 G=5.511 advA2B=0.470 advB2A=0.502 cycA=0.149 cycB=0.158 idtA=0.152 idtB=0.142 D_A=0.186 D_B=0.198 D_A(real)=0.67 D_A(fake)=0.33 gnG=34.12 gnD=13.81 it_per_s=10.23
2026-10-02 11:54:26,253 INFO iter=35100 epoch=5 lr=2.00e-04 G=5.506 advA2B=0.470 advB2A=0.500 cycA=0.149 cycB=0.158 idtA=0.152 idtB=0.142 D_A=0.186 D_B=0.198 D_A(real)=0.67 D_A(fake)=0.33 gnG=34.11 gnD=13.80 it_per_s=10.23
2026-10-02 11:54:35,195 INFO epoch=5 done time_s=688 it_per_s=10.23 G=5.506 cycA=0.149 cycB=0.158 idtA=0.152 idtB=0.142 D_A=0.186 D_B=0.198 D_A(real)=0.67 D_A(fake)=0.33 nan_count=0
2026-10-02 11:54:36,788 INFO iter=35200 epoch=6 lr=2.00e-04 G=5.154 advA2B=0.667 advB2A=0.469 cycA=0.137 cycB=0.139 idtA=0.132 idtB=0.120 D_A=0.207 D_B=0.172 D_A(real)=0.69 D_A(fake)=0.40 gnG=32.51 gnD=13.56 it_per_s=9.84
2026-10-02 11:54:46,623 INFO iter=35300 epoch=6 lr=2.00e-04 G=5.425 advA2B=0.500 advB2A=0.500 cycA=0.140 cycB=0.159 idtA=0.144 idtB=0.143 D_A=0.199 D_B=0.174 D_A(real)=0.66 D_A(fake)=0.34 gnG=34.65 gnD=12.84 it_per_s=10.14
2026-10-02 11:54:56,476 INFO iter=35400 epoch=6 lr=2.00e-04 G=5.355 advA2B=0.482 advB2A=0.471 cycA=0.142 cycB=0.155 idtA=0.148 idtB=0.138 D_A=0.193 D_B=0.192 D_A(real)=0.66 D_A(fake)=0.34 gnG=33.89 gnD=12.87 it_per_s=10.14
2026-10-02 11:55:06,147 INFO iter=35500 epoch=6 lr=2.00e-04 G=5.321 advA2B=0.482 advB2A=0.480 cycA=0.141 cycB=0.152 idtA=0.147 idtB=0.138 D_A=0.193 D_B=0.192 D_A(real)=0.66 D_A(fake)=0.34 gnG=33.33 gnD=12.82 it_per_s=10.21
2026-10-02 11:55:16,265 INFO iter=35600 epoch=6 lr=2.00e-04 G=5.309 advA2B=0.486 advB2A=0.470 cycA=0.142 cycB=0.151 idtA=0.148 idtB=0.138 D_A=0.192 D_B=0.196 D_A(real)=0.66 D_A(fake)=0.35 gnG=32.57 gnD=13.10 it_per_s=10.13
2026-10-02 11:55:30,353 INFO iter=35700 epoch=6 lr=2.00e-04 G=5.295 advA2B=0.488 advB2A=0.481 cycA=0.142 cycB=0.149 idtA=0.148 idtB=0.135 D_A=0.194 D_B=0.196 D_A(real)=0.66 D_A(fake)=0.35 gnG=32.87 gnD=13.30 it_per_s=9.34
2026-10-02 11:55:41,520 INFO iter=35800 epoch=6 lr=2.00e-04 G=5.336 advA2B=0.480 advB2A=0.492 cycA=0.143 cycB=0.151 idtA=0.149 idtB=0.137 D_A=0.193 D_B=0.197 D_A(real)=0.66 D_A(fake)=0.34 gnG=32.72 gnD=13.37 it_per_s=9.28
2026-10-02 11:55:52,237 INFO iter=35900 epoch=6 lr=2.00e-04 G=5.354 advA2B=0.476 advB2A=0.489 cycA=0.143 cycB=0.152 idtA=0.150 idtB=0.138 D_A=0.193 D_B=0.198 D_A(real)=0.66 D_A(fake)=0.34 gnG=32.74 gnD=13.34 it_per_s=9.29
2026-10-02 11:56:02,211 INFO iter=36000 epoch=6 lr=2.00e-04 G=5.341 advA2B=0.474 advB2A=0.483 cycA=0.142 cycB=0.153 idtA=0.148 idtB=0.139 D_A=0.194 D_B=0.198 D_A(real)=0.66 D_A(fake)=0.34 gnG=32.51 gnD=13.31 it_per_s=9.37
2026-10-02 11:56:12,064 INFO iter=36100 epoch=6 lr=2.00e-04 G=5.305 advA2B=0.473 advB2A=0.478 cycA=0.141 cycB=0.152 idtA=0.146 idtB=0.138 D_A=0.194 D_B=0.200 D_A(real)=0.66 D_A(fake)=0.35 gnG=32.73 gnD=13.30 it_per_s=9.45
2026-10-02 11:56:21,936 INFO iter=36200 epoch=6 lr=2.00e-04 G=5.289 advA2B=0.473 advB2A=0.475 cycA=0.140 cycB=0.152 idtA=0.146 idtB=0.138 D_A=0.192 D_B=0.199 D_A(real)=0.66 D_A(fake)=0.34 gnG=32.38 gnD=13.18 it_per_s=9.51
2026-10-02 11:56:32,133 INFO iter=36300 epoch=6 lr=2.00e-04 G=5.324 advA2B=0.473 advB2A=0.479 cycA=0.141 cycB=0.153 idtA=0.147 idtB=0.139 D_A=0.192 D_B=0.198 D_A(real)=0.66 D_A(fake)=0.34 gnG=32.63 gnD=13.15 it_per_s=9.54
2026-10-02 11:56:42,238 INFO iter=36400 epoch=6 lr=2.00e-04 G=5.337 advA2B=0.471 advB2A=0.480 cycA=0.142 cycB=0.153 idtA=0.147 idtB=0.139 D_A=0.193 D_B=0.197 D_A(real)=0.66 D_A(fake)=0.34 gnG=32.80 gnD=13.29 it_per_s=9.57
2026-10-02 11:56:52,210 INFO iter=36500 epoch=6 lr=2.00e-04 G=5.328 advA2B=0.473 advB2A=0.476 cycA=0.142 cycB=0.153 idtA=0.147 idtB=0.139 D_A=0.192 D_B=0.197 D_A(real)=0.66 D_A(fake)=0.34 gnG=32.77 gnD=13.21 it_per_s=9.60
2026-10-02 11:57:02,211 INFO iter=36600 epoch=6 lr=2.00e-04 G=5.338 advA2B=0.473 advB2A=0.477 cycA=0.142 cycB=0.154 idtA=0.147 idtB=0.139 D_A=0.192 D_B=0.196 D_A(real)=0.66 D_A(fake)=0.34 gnG=32.82 gnD=13.21 it_per_s=9.63
2026-10-02 11:57:12,059 INFO iter=36700 epoch=6 lr=2.00e-04 G=5.321 advA2B=0.472 advB2A=0.477 cycA=0.142 cycB=0.153 idtA=0.147 idtB=0.138 D_A=0.192 D_B=0.196 D_A(real)=0.66 D_A(fake)=0.34 gnG=32.86 gnD=13.18 it_per_s=9.66
2026-10-02 11:57:21,871 INFO iter=36800 epoch=6 lr=2.00e-04 G=5.314 advA2B=0.471 advB2A=0.477 cycA=0.141 cycB=0.153 idtA=0.147 idtB=0.138 D_A=0.192 D_B=0.196 D_A(real)=0.66 D_A(fake)=0.34 gnG=32.92 gnD=13.19 it_per_s=9.69
2026-10-02 11:57:31,770 INFO iter=36900 epoch=6 lr=2.00e-04 G=5.310 advA2B=0.473 advB2A=0.476 cycA=0.141 cycB=0.153 idtA=0.147 idtB=0.138 D_A=0.191 D_B=0.196 D_A(real)=0.66 D_A(fake)=0.34 gnG=32.96 gnD=13.22 it_per_s=9.72
2026-10-02 11:57:41,638 INFO iter=37000 epoch=6 lr=2.00e-04 G=5.301 advA2B=0.472 advB2A=0.474 cycA=0.140 cycB=0.153 idtA=0.146 idtB=0.138 D_A=0.193 D_B=0.195 D_A(real)=0.66 D_A(fake)=0.34 gnG=32.93 gnD=13.23 it_per_s=9.74
2026-10-02 11:57:51,506 INFO iter=37100 epoch=6 lr=2.00e-04 G=5.300 advA2B=0.472 advB2A=0.475 cycA=0.140 cycB=0.153 idtA=0.146 idtB=0.139 D_A=0.192 D_B=0.194 D_A(real)=0.66 D_A(fake)=0.34 gnG=32.93 gnD=13.23 it_per_s=9.76
2026-10-02 11:58:01,386 INFO iter=37200 epoch=6 lr=2.00e-04 G=5.291 advA2B=0.472 advB2A=0.474 cycA=0.140 cycB=0.153 idtA=0.146 idtB=0.138 D_A=0.192 D_B=0.195 D_A(real)=0.66 D_A(fake)=0.34 gnG=32.89 gnD=13.21 it_per_s=9.78
2026-10-02 11:58:11,218 INFO iter=37300 epoch=6 lr=2.00e-04 G=5.293 advA2B=0.473 advB2A=0.472 cycA=0.140 cycB=0.153 idtA=0.146 idtB=0.138 D_A=0.192 D_B=0.195 D_A(real)=0.66 D_A(fake)=0.34 gnG=32.90 gnD=13.23 it_per_s=9.79
2026-10-02 11:58:21,085 INFO iter=37400 epoch=6 lr=2.00e-04 G=5.293 advA2B=0.472 advB2A=0.473 cycA=0.140 cycB=0.153 idtA=0.146 idtB=0.138 D_A=0.192 D_B=0.195 D_A(real)=0.66 D_A(fake)=0.34 gnG=32.96 gnD=13.20 it_per_s=9.81
2026-10-02 11:58:30,928 INFO iter=37500 epoch=6 lr=2.00e-04 G=5.291 advA2B=0.474 advB2A=0.473 cycA=0.140 cycB=0.152 idtA=0.146 idtB=0.138 D_A=0.193 D_B=0.195 D_A(real)=0.66 D_A(fake)=0.34 gnG=32.92 gnD=13.19 it_per_s=9.82
2026-10-02 11:58:40,786 INFO iter=37600 epoch=6 lr=2.00e-04 G=5.291 advA2B=0.475 advB2A=0.475 cycA=0.140 cycB=0.152 idtA=0.146 idtB=0.138 D_A=0.192 D_B=0.194 D_A(real)=0.66 D_A(fake)=0.34 gnG=32.94 gnD=13.15 it_per_s=9.84
2026-10-02 11:58:50,574 INFO iter=37700 epoch=6 lr=2.00e-04 G=5.292 advA2B=0.477 advB2A=0.474 cycA=0.140 cycB=0.153 idtA=0.146 idtB=0.138 D_A=0.192 D_B=0.194 D_A(real)=0.66 D_A(fake)=0.34 gnG=32.91 gnD=13.12 it_per_s=9.85
2026-10-02 11:59:00,453 INFO iter=37800 epoch=6 lr=2.00e-04 G=5.300 advA2B=0.478 advB2A=0.474 cycA=0.140 cycB=0.153 idtA=0.146 idtB=0.139 D_A=0.192 D_B=0.193 D_A(real)=0.66 D_A(fake)=0.34 gnG=33.07 gnD=13.11 it_per_s=9.86
2026-10-02 11:59:10,277 INFO iter=37900 epoch=6 lr=2.00e-04 G=5.301 advA2B=0.480 advB2A=0.473 cycA=0.140 cycB=0.153 idtA=0.145 idtB=0.139 D_A=0.193 D_B=0.193 D_A(real)=0.66 D_A(fake)=0.34 gnG=33.10 gnD=13.15 it_per_s=9.87
2026-10-02 11:59:20,134 INFO iter=38000 epoch=6 lr=2.00e-04 G=5.301 advA2B=0.480 advB2A=0.472 cycA=0.140 cycB=0.153 idtA=0.145 idtB=0.139 D_A=0.193 D_B=0.193 D_A(real)=0.66 D_A(fake)=0.34 gnG=33.07 gnD=13.14 it_per_s=9.88
2026-10-02 11:59:30,013 INFO iter=38100 epoch=6 lr=2.00e-04 G=5.299 advA2B=0.479 advB2A=0.473 cycA=0.139 cycB=0.153 idtA=0.145 idtB=0.139 D_A=0.193 D_B=0.193 D_A(real)=0.66 D_A(fake)=0.34 gnG=32.96 gnD=13.13 it_per_s=9.89
2026-10-02 11:59:39,795 INFO iter=38200 epoch=6 lr=2.00e-04 G=5.293 advA2B=0.477 advB2A=0.472 cycA=0.139 cycB=0.153 idtA=0.145 idtB=0.139 D_A=0.194 D_B=0.194 D_A(real)=0.66 D_A(fake)=0.34 gnG=32.82 gnD=13.12 it_per_s=9.90
2026-10-02 11:59:49,617 INFO iter=38300 epoch=6 lr=2.00e-04 G=5.283 advA2B=0.477 advB2A=0.473 cycA=0.139 cycB=0.153 idtA=0.145 idtB=0.139 D_A=0.193 D_B=0.195 D_A(real)=0.66 D_A(fake)=0.34 gnG=32.81 gnD=13.08 it_per_s=9.91
2026-10-02 11:59:59,277 INFO iter=38400 epoch=6 lr=2.00e-04 G=5.272 advA2B=0.477 advB2A=0.474 cycA=0.139 cycB=0.152 idtA=0.144 idtB=0.138 D_A=0.193 D_B=0.195 D_A(real)=0.66 D_A(fake)=0.34 gnG=32.78 gnD=13.07 it_per_s=9.92
2026-10-02 12:00:09,123 INFO iter=38500 epoch=6 lr=2.00e-04 G=5.270 advA2B=0.477 advB2A=0.473 cycA=0.139 cycB=0.152 idtA=0.144 idtB=0.138 D_A=0.193 D_B=0.195 D_A(real)=0.66 D_A(fake)=0.34 gnG=32.80 gnD=13.06 it_per_s=9.93
2026-10-02 12:00:18,921 INFO iter=38600 epoch=6 lr=2.00e-04 G=5.262 advA2B=0.477 advB2A=0.473 cycA=0.138 cycB=0.152 idtA=0.144 idtB=0.138 D_A=0.193 D_B=0.194 D_A(real)=0.66 D_A(fake)=0.34 gnG=32.77 gnD=13.04 it_per_s=9.94
2026-10-02 12:00:28,855 INFO iter=38700 epoch=6 lr=2.00e-04 G=5.258 advA2B=0.478 advB2A=0.473 cycA=0.138 cycB=0.152 idtA=0.143 idtB=0.138 D_A=0.193 D_B=0.194 D_A(real)=0.66 D_A(fake)=0.34 gnG=32.80 gnD=13.04 it_per_s=9.94
2026-10-02 12:00:38,702 INFO iter=38800 epoch=6 lr=2.00e-04 G=5.258 advA2B=0.477 advB2A=0.472 cycA=0.138 cycB=0.152 idtA=0.143 idtB=0.138 D_A=0.194 D_B=0.194 D_A(real)=0.66 D_A(fake)=0.34 gnG=32.88 gnD=13.05 it_per_s=9.95
2026-10-02 12:00:48,547 INFO iter=38900 epoch=6 lr=2.00e-04 G=5.258 advA2B=0.475 advB2A=0.471 cycA=0.138 cycB=0.152 idtA=0.144 idtB=0.138 D_A=0.194 D_B=0.195 D_A(real)=0.66 D_A(fake)=0.34 gnG=32.82 gnD=13.04 it_per_s=9.95
2026-10-02 12:00:58,284 INFO iter=39000 epoch=6 lr=2.00e-04 G=5.256 advA2B=0.475 advB2A=0.471 cycA=0.138 cycB=0.152 idtA=0.144 idtB=0.138 D_A=0.194 D_B=0.194 D_A(real)=0.66 D_A(fake)=0.35 gnG=32.90 gnD=13.00 it_per_s=9.96
2026-10-02 12:01:08,105 INFO iter=39100 epoch=6 lr=2.00e-04 G=5.257 advA2B=0.475 advB2A=0.471 cycA=0.138 cycB=0.152 idtA=0.144 idtB=0.138 D_A=0.194 D_B=0.194 D_A(real)=0.66 D_A(fake)=0.35 gnG=32.92 gnD=12.99 it_per_s=9.97
2026-10-02 12:01:17,957 INFO iter=39200 epoch=6 lr=2.00e-04 G=5.256 advA2B=0.475 advB2A=0.470 cycA=0.138 cycB=0.152 idtA=0.144 idtB=0.138 D_A=0.194 D_B=0.194 D_A(real)=0.65 D_A(fake)=0.35 gnG=32.88 gnD=12.99 it_per_s=9.97
2026-10-02 12:01:27,569 INFO iter=39300 epoch=6 lr=2.00e-04 G=5.254 advA2B=0.475 advB2A=0.471 cycA=0.138 cycB=0.152 idtA=0.143 idtB=0.138 D_A=0.194 D_B=0.194 D_A(real)=0.65 D_A(fake)=0.35 gnG=32.93 gnD=12.98 it_per_s=9.98
2026-10-02 12:01:37,395 INFO iter=39400 epoch=6 lr=2.00e-04 G=5.256 advA2B=0.475 advB2A=0.471 cycA=0.138 cycB=0.152 idtA=0.144 idtB=0.138 D_A=0.194 D_B=0.194 D_A(real)=0.65 D_A(fake)=0.35 gnG=32.92 gnD=12.99 it_per_s=9.99
2026-10-02 12:01:47,258 INFO iter=39500 epoch=6 lr=2.00e-04 G=5.256 advA2B=0.475 advB2A=0.470 cycA=0.138 cycB=0.152 idtA=0.143 idtB=0.138 D_A=0.194 D_B=0.194 D_A(real)=0.65 D_A(fake)=0.35 gnG=32.90 gnD=13.00 it_per_s=9.99
2026-10-02 12:01:56,824 INFO iter=39600 epoch=6 lr=2.00e-04 G=5.255 advA2B=0.475 advB2A=0.470 cycA=0.138 cycB=0.152 idtA=0.143 idtB=0.138 D_A=0.194 D_B=0.194 D_A(real)=0.65 D_A(fake)=0.35 gnG=32.89 gnD=12.98 it_per_s=10.00
2026-10-02 12:02:06,607 INFO iter=39700 epoch=6 lr=2.00e-04 G=5.249 advA2B=0.475 advB2A=0.469 cycA=0.138 cycB=0.152 idtA=0.143 idtB=0.138 D_A=0.194 D_B=0.194 D_A(real)=0.65 D_A(fake)=0.35 gnG=32.79 gnD=12.99 it_per_s=10.00
2026-10-02 12:02:16,463 INFO iter=39800 epoch=6 lr=2.00e-04 G=5.245 advA2B=0.474 advB2A=0.470 cycA=0.138 cycB=0.152 idtA=0.143 idtB=0.138 D_A=0.194 D_B=0.194 D_A(real)=0.66 D_A(fake)=0.35 gnG=32.79 gnD=12.96 it_per_s=10.01
2026-10-02 12:02:25,904 INFO iter=39900 epoch=6 lr=2.00e-04 G=5.243 advA2B=0.475 advB2A=0.470 cycA=0.138 cycB=0.152 idtA=0.143 idtB=0.138 D_A=0.194 D_B=0.194 D_A(real)=0.65 D_A(fake)=0.35 gnG=32.78 gnD=12.96 it_per_s=10.02
2026-10-02 12:02:35,552 INFO iter=40000 epoch=6 lr=2.00e-04 G=5.239 advA2B=0.474 advB2A=0.470 cycA=0.138 cycB=0.151 idtA=0.143 idtB=0.138 D_A=0.194 D_B=0.195 D_A(real)=0.65 D_A(fake)=0.35 gnG=32.70 gnD=12.97 it_per_s=10.03
2026-10-02 12:02:45,450 INFO iter=40100 epoch=6 lr=2.00e-04 G=5.234 advA2B=0.474 advB2A=0.471 cycA=0.137 cycB=0.151 idtA=0.143 idtB=0.138 D_A=0.194 D_B=0.195 D_A(real)=0.65 D_A(fake)=0.35 gnG=32.70 gnD=12.96 it_per_s=10.03
2026-10-02 12:02:54,962 INFO iter=40200 epoch=6 lr=2.00e-04 G=5.236 advA2B=0.474 advB2A=0.472 cycA=0.137 cycB=0.151 idtA=0.143 idtB=0.138 D_A=0.194 D_B=0.195 D_A(real)=0.66 D_A(fake)=0.34 gnG=32.71 gnD=12.96 it_per_s=10.04
2026-10-02 12:03:04,594 INFO iter=40300 epoch=6 lr=2.00e-04 G=5.236 advA2B=0.474 advB2A=0.474 cycA=0.137 cycB=0.151 idtA=0.143 idtB=0.137 D_A=0.193 D_B=0.195 D_A(real)=0.66 D_A(fake)=0.34 gnG=32.74 gnD=12.95 it_per_s=10.04
2026-10-02 12:03:14,430 INFO iter=40400 epoch=6 lr=2.00e-04 G=5.227 advA2B=0.474 advB2A=0.474 cycA=0.137 cycB=0.151 idtA=0.143 idtB=0.137 D_A=0.193 D_B=0.195 D_A(real)=0.66 D_A(fake)=0.34 gnG=32.69 gnD=12.95 it_per_s=10.04
2026-10-02 12:03:24,206 INFO iter=40500 epoch=6 lr=2.00e-04 G=5.227 advA2B=0.474 advB2A=0.473 cycA=0.137 cycB=0.151 idtA=0.143 idtB=0.137 D_A=0.193 D_B=0.195 D_A(real)=0.66 D_A(fake)=0.34 gnG=32.67 gnD=12.95 it_per_s=10.05
2026-10-02 12:03:33,838 INFO iter=40600 epoch=6 lr=2.00e-04 G=5.225 advA2B=0.473 advB2A=0.473 cycA=0.137 cycB=0.151 idtA=0.143 idtB=0.137 D_A=0.193 D_B=0.195 D_A(real)=0.66 D_A(fake)=0.34 gnG=32.69 gnD=12.94 it_per_s=10.05
2026-10-02 12:03:43,787 INFO iter=40700 epoch=6 lr=2.00e-04 G=5.223 advA2B=0.473 advB2A=0.474 cycA=0.137 cycB=0.151 idtA=0.143 idtB=0.137 D_A=0.193 D_B=0.195 D_A(real)=0.66 D_A(fake)=0.34 gnG=32.69 gnD=12.95 it_per_s=10.05
2026-10-02 12:03:53,589 INFO iter=40800 epoch=6 lr=2.00e-04 G=5.223 advA2B=0.473 advB2A=0.474 cycA=0.137 cycB=0.151 idtA=0.142 idtB=0.137 D_A=0.193 D_B=0.195 D_A(real)=0.66 D_A(fake)=0.34 gnG=32.72 gnD=12.93 it_per_s=10.06
2026-10-02 12:04:03,164 INFO iter=40900 epoch=6 lr=2.00e-04 G=5.226 advA2B=0.474 advB2A=0.475 cycA=0.137 cycB=0.151 idtA=0.143 idtB=0.137 D_A=0.193 D_B=0.195 D_A(real)=0.66 D_A(fake)=0.34 gnG=32.76 gnD=12.93 it_per_s=10.06
2026-10-02 12:04:13,104 INFO iter=41000 epoch=6 lr=2.00e-04 G=5.228 advA2B=0.473 advB2A=0.475 cycA=0.137 cycB=0.151 idtA=0.143 idtB=0.137 D_A=0.193 D_B=0.195 D_A(real)=0.66 D_A(fake)=0.34 gnG=32.75 gnD=12.94 it_per_s=10.06
2026-10-02 12:04:22,794 INFO iter=41100 epoch=6 lr=2.00e-04 G=5.222 advA2B=0.473 advB2A=0.475 cycA=0.137 cycB=0.151 idtA=0.142 idtB=0.137 D_A=0.193 D_B=0.194 D_A(real)=0.66 D_A(fake)=0.34 gnG=32.76 gnD=12.92 it_per_s=10.07
2026-10-02 12:04:32,298 INFO iter=41200 epoch=6 lr=2.00e-04 G=5.224 advA2B=0.474 advB2A=0.475 cycA=0.137 cycB=0.151 idtA=0.142 idtB=0.137 D_A=0.193 D_B=0.194 D_A(real)=0.66 D_A(fake)=0.34 gnG=32.78 gnD=12.92 it_per_s=10.07
2026-10-02 12:04:42,146 INFO iter=41300 epoch=6 lr=2.00e-04 G=5.225 advA2B=0.473 advB2A=0.475 cycA=0.137 cycB=0.151 idtA=0.142 idtB=0.137 D_A=0.193 D_B=0.194 D_A(real)=0.66 D_A(fake)=0.34 gnG=32.80 gnD=12.91 it_per_s=10.08
2026-10-02 12:04:51,917 INFO iter=41400 epoch=6 lr=2.00e-04 G=5.231 advA2B=0.473 advB2A=0.475 cycA=0.137 cycB=0.151 idtA=0.142 idtB=0.137 D_A=0.193 D_B=0.195 D_A(real)=0.66 D_A(fake)=0.34 gnG=32.82 gnD=12.91 it_per_s=10.08
2026-10-02 12:05:01,346 INFO iter=41500 epoch=6 lr=2.00e-04 G=5.231 advA2B=0.473 advB2A=0.475 cycA=0.137 cycB=0.151 idtA=0.142 idtB=0.138 D_A=0.193 D_B=0.195 D_A(real)=0.66 D_A(fake)=0.34 gnG=32.83 gnD=12.89 it_per_s=10.09
2026-10-02 12:05:11,188 INFO iter=41600 epoch=6 lr=2.00e-04 G=5.230 advA2B=0.473 advB2A=0.475 cycA=0.137 cycB=0.151 idtA=0.142 idtB=0.137 D_A=0.193 D_B=0.195 D_A(real)=0.66 D_A(fake)=0.34 gnG=32.83 gnD=12.88 it_per_s=10.09
2026-10-02 12:05:21,009 INFO iter=41700 epoch=6 lr=2.00e-04 G=5.232 advA2B=0.473 advB2A=0.475 cycA=0.137 cycB=0.151 idtA=0.142 idtB=0.138 D_A=0.192 D_B=0.195 D_A(real)=0.66 D_A(fake)=0.34 gnG=32.82 gnD=12.87 it_per_s=10.09
2026-10-02 12:05:30,362 INFO iter=41800 epoch=6 lr=2.00e-04 G=5.231 advA2B=0.473 advB2A=0.476 cycA=0.137 cycB=0.151 idtA=0.142 idtB=0.138 D_A=0.192 D_B=0.195 D_A(real)=0.66 D_A(fake)=0.34 gnG=32.81 gnD=12.87 it_per_s=10.10
2026-10-02 12:05:40,195 INFO iter=41900 epoch=6 lr=2.00e-04 G=5.231 advA2B=0.473 advB2A=0.476 cycA=0.137 cycB=0.151 idtA=0.142 idtB=0.138 D_A=0.192 D_B=0.194 D_A(real)=0.66 D_A(fake)=0.34 gnG=32.81 gnD=12.86 it_per_s=10.10
2026-10-02 12:05:50,078 INFO iter=42000 epoch=6 lr=2.00e-04 G=5.229 advA2B=0.474 advB2A=0.477 cycA=0.137 cycB=0.151 idtA=0.142 idtB=0.137 D_A=0.192 D_B=0.194 D_A(real)=0.66 D_A(fake)=0.34 gnG=32.83 gnD=12.85 it_per_s=10.10
2026-10-02 12:05:59,645 INFO iter=42100 epoch=6 lr=2.00e-04 G=5.228 advA2B=0.473 advB2A=0.477 cycA=0.137 cycB=0.151 idtA=0.142 idtB=0.137 D_A=0.192 D_B=0.194 D_A(real)=0.66 D_A(fake)=0.34 gnG=32.82 gnD=12.84 it_per_s=10.10
2026-10-02 12:06:09,549 INFO iter=42200 epoch=6 lr=2.00e-04 G=5.224 advA2B=0.473 advB2A=0.477 cycA=0.137 cycB=0.151 idtA=0.142 idtB=0.137 D_A=0.192 D_B=0.194 D_A(real)=0.66 D_A(fake)=0.34 gnG=32.81 gnD=12.83 it_per_s=10.10
2026-10-02 12:06:12,312 INFO epoch=6 done time_s=697 it_per_s=10.10 G=5.222 cycA=0.137 cycB=0.151 idtA=0.142 idtB=0.137 D_A=0.192 D_B=0.194 D_A(real)=0.66 D_A(fake)=0.34 nan_count=0
2026-10-02 12:06:20,012 INFO iter=42300 epoch=7 lr=2.00e-04 G=5.104 advA2B=0.502 advB2A=0.445 cycA=0.128 cycB=0.149 idtA=0.136 idtB=0.142 D_A=0.183 D_B=0.165 D_A(real)=0.67 D_A(fake)=0.34 gnG=31.94 gnD=12.80 it_per_s=10.02
2026-10-02 12:06:30,238 INFO iter=42400 epoch=7 lr=2.00e-04 G=5.112 advA2B=0.505 advB2A=0.470 cycA=0.129 cycB=0.148 idtA=0.136 idtB=0.138 D_A=0.186 D_B=0.175 D_A(real)=0.66 D_A(fake)=0.34 gnG=33.13 gnD=12.66 it_per_s=9.88
2026-10-02 12:06:40,239 INFO iter=42500 epoch=7 lr=2.00e-04 G=5.128 advA2B=0.491 advB2A=0.492 cycA=0.128 cycB=0.149 idtA=0.136 idtB=0.138 D_A=0.190 D_B=0.177 D_A(real)=0.66 D_A(fake)=0.34 gnG=33.48 gnD=12.62 it_per_s=9.92
2026-10-02 12:06:50,045 INFO iter=42600 epoch=7 lr=2.00e-04 G=5.125 advA2B=0.491 advB2A=0.490 cycA=0.129 cycB=0.148 idtA=0.136 idtB=0.137 D_A=0.189 D_B=0.178 D_A(real)=0.66 D_A(fake)=0.34 gnG=33.38 gnD=12.46 it_per_s=10.00
2026-10-02 12:06:59,882 INFO iter=42700 epoch=7 lr=2.00e-04 G=5.088 advA2B=0.488 advB2A=0.489 cycA=0.128 cycB=0.148 idtA=0.134 idtB=0.137 D_A=0.183 D_B=0.182 D_A(real)=0.67 D_A(fake)=0.33 gnG=32.68 gnD=12.33 it_per_s=10.03
2026-10-02 12:07:09,705 INFO iter=42800 epoch=7 lr=2.00e-04 G=5.088 advA2B=0.480 advB2A=0.488 cycA=0.128 cycB=0.148 idtA=0.135 idtB=0.136 D_A=0.186 D_B=0.182 D_A(real)=0.67 D_A(fake)=0.33 gnG=33.34 gnD=12.31 it_per_s=10.06
2026-10-02 12:07:19,528 INFO iter=42900 epoch=7 lr=2.00e-04 G=5.136 advA2B=0.478 advB2A=0.498 cycA=0.130 cycB=0.149 idtA=0.137 idtB=0.136 D_A=0.186 D_B=0.185 D_A(real)=0.67 D_A(fake)=0.33 gnG=33.02 gnD=12.41 it_per_s=10.07
2026-10-02 12:07:29,317 INFO iter=43000 epoch=7 lr=2.00e-04 G=5.133 advA2B=0.476 advB2A=0.490 cycA=0.131 cycB=0.149 idtA=0.138 idtB=0.136 D_A=0.188 D_B=0.189 D_A(real)=0.66 D_A(fake)=0.34 gnG=33.02 gnD=12.51 it_per_s=10.09
2026-10-02 12:07:39,154 INFO iter=43100 epoch=7 lr=2.00e-04 G=5.129 advA2B=0.473 advB2A=0.487 cycA=0.131 cycB=0.149 idtA=0.138 idtB=0.136 D_A=0.187 D_B=0.187 D_A(real)=0.66 D_A(fake)=0.34 gnG=32.83 gnD=12.42 it_per_s=10.10
2026-10-02 12:07:49,003 INFO iter=43200 epoch=7 lr=2.00e-04 G=5.136 advA2B=0.475 advB2A=0.491 cycA=0.131 cycB=0.149 idtA=0.138 idtB=0.137 D_A=0.187 D_B=0.187 D_A(real)=0.67 D_A(fake)=0.33 gnG=32.65 gnD=12.44 it_per_s=10.11
2026-10-02 12:07:58,864 INFO iter=43300 epoch=7 lr=2.00e-04 G=5.136 advA2B=0.474 advB2A=0.493 cycA=0.131 cycB=0.149 idtA=0.138 idtB=0.136 D_A=0.187 D_B=0.187 D_A(real)=0.67 D_A(fake)=0.33 gnG=32.59 gnD=12.49 it_per_s=10.11
2026-10-02 12:08:08,681 INFO iter=43400 epoch=7 lr=2.00e-04 G=5.133 advA2B=0.473 advB2A=0.492 cycA=0.131 cycB=0.149 idtA=0.138 idtB=0.136 D_A=0.187 D_B=0.188 D_A(real)=0.67 D_A(fake)=0.33 gnG=32.98 gnD=12.54 it_per_s=10.12
2026-10-02 12:08:18,502 INFO iter=43500 epoch=7 lr=2.00e-04 G=5.134 advA2B=0.471 advB2A=0.493 cycA=0.131 cycB=0.149 idtA=0.139 idtB=0.135 D_A=0.188 D_B=0.187 D_A(real)=0.67 D_A(fake)=0.33 gnG=32.91 gnD=12.50 it_per_s=10.12
2026-10-02 12:08:28,326 INFO iter=43600 epoch=7 lr=2.00e-04 G=5.137 advA2B=0.474 advB2A=0.496 cycA=0.131 cycB=0.149 idtA=0.139 idtB=0.135 D_A=0.186 D_B=0.187 D_A(real)=0.67 D_A(fake)=0.33 gnG=32.93 gnD=12.49 it_per_s=10.13
2026-10-02 12:08:38,116 INFO iter=43700 epoch=7 lr=2.00e-04 G=5.138 advA2B=0.476 advB2A=0.495 cycA=0.131 cycB=0.149 idtA=0.139 idtB=0.136 D_A=0.185 D_B=0.188 D_A(real)=0.67 D_A(fake)=0.33 gnG=32.83 gnD=12.50 it_per_s=10.13
2026-10-02 12:08:47,924 INFO iter=43800 epoch=7 lr=2.00e-04 G=5.141 advA2B=0.477 advB2A=0.491 cycA=0.131 cycB=0.149 idtA=0.139 idtB=0.136 D_A=0.185 D_B=0.187 D_A(real)=0.67 D_A(fake)=0.33 gnG=32.81 gnD=12.43 it_per_s=10.14
2026-10-02 12:08:57,879 INFO iter=43900 epoch=7 lr=2.00e-04 G=5.140 advA2B=0.479 advB2A=0.493 cycA=0.131 cycB=0.148 idtA=0.139 idtB=0.136 D_A=0.185 D_B=0.187 D_A(real)=0.67 D_A(fake)=0.33 gnG=32.72 gnD=12.37 it_per_s=10.13
2026-10-02 12:09:07,803 INFO iter=44000 epoch=7 lr=2.00e-04 G=5.141 advA2B=0.478 advB2A=0.494 cycA=0.131 cycB=0.148 idtA=0.139 idtB=0.136 D_A=0.185 D_B=0.187 D_A(real)=0.67 D_A(fake)=0.33 gnG=32.80 gnD=12.38 it_per_s=10.13
2026-10-02 12:09:17,627 INFO iter=44100 epoch=7 lr=2.00e-04 G=5.131 advA2B=0.477 advB2A=0.494 cycA=0.131 cycB=0.148 idtA=0.139 idtB=0.136 D_A=0.186 D_B=0.187 D_A(real)=0.67 D_A(fake)=0.33 gnG=32.79 gnD=12.36 it_per_s=10.13
2026-10-02 12:09:27,493 INFO iter=44200 epoch=7 lr=2.00e-04 G=5.122 advA2B=0.478 advB2A=0.495 cycA=0.131 cycB=0.147 idtA=0.139 idtB=0.135 D_A=0.185 D_B=0.188 D_A(real)=0.67 D_A(fake)=0.33 gnG=32.71 gnD=12.35 it_per_s=10.13
2026-10-02 12:09:37,338 INFO iter=44300 epoch=7 lr=2.00e-04 G=5.120 advA2B=0.476 advB2A=0.495 cycA=0.130 cycB=0.147 idtA=0.139 idtB=0.136 D_A=0.186 D_B=0.188 D_A(real)=0.67 D_A(fake)=0.33 gnG=32.57 gnD=12.36 it_per_s=10.13
2026-10-02 12:09:47,165 INFO iter=44400 epoch=7 lr=2.00e-04 G=5.120 advA2B=0.476 advB2A=0.495 cycA=0.130 cycB=0.148 idtA=0.138 idtB=0.136 D_A=0.186 D_B=0.188 D_A(real)=0.67 D_A(fake)=0.33 gnG=32.58 gnD=12.36 it_per_s=10.13
2026-10-02 12:09:57,017 INFO iter=44500 epoch=7 lr=2.00e-04 G=5.109 advA2B=0.474 advB2A=0.495 cycA=0.130 cycB=0.147 idtA=0.138 idtB=0.135 D_A=0.186 D_B=0.189 D_A(real)=0.67 D_A(fake)=0.33 gnG=32.64 gnD=12.37 it_per_s=10.13
2026-10-02 12:10:06,878 INFO iter=44600 epoch=7 lr=2.00e-04 G=5.108 advA2B=0.475 advB2A=0.492 cycA=0.130 cycB=0.147 idtA=0.138 idtB=0.136 D_A=0.186 D_B=0.189 D_A(real)=0.67 D_A(fake)=0.33 gnG=32.62 gnD=12.36 it_per_s=10.13
2026-10-02 12:10:16,710 INFO iter=44700 epoch=7 lr=2.00e-04 G=5.112 advA2B=0.476 advB2A=0.493 cycA=0.130 cycB=0.147 idtA=0.138 idtB=0.136 D_A=0.187 D_B=0.188 D_A(real)=0.67 D_A(fake)=0.33 gnG=32.57 gnD=12.37 it_per_s=10.14
2026-10-02 12:10:26,373 INFO iter=44800 epoch=7 lr=2.00e-04 G=5.108 advA2B=0.476 advB2A=0.493 cycA=0.130 cycB=0.147 idtA=0.138 idtB=0.136 D_A=0.186 D_B=0.189 D_A(real)=0.67 D_A(fake)=0.33 gnG=32.58 gnD=12.36 it_per_s=10.14
2026-10-02 12:10:35,913 INFO iter=44900 epoch=7 lr=2.00e-04 G=5.104 advA2B=0.475 advB2A=0.493 cycA=0.130 cycB=0.147 idtA=0.138 idtB=0.135 D_A=0.186 D_B=0.189 D_A(real)=0.67 D_A(fake)=0.33 gnG=32.58 gnD=12.36 it_per_s=10.16
2026-10-02 12:10:45,722 INFO iter=45000 epoch=7 lr=2.00e-04 G=5.096 advA2B=0.476 advB2A=0.493 cycA=0.130 cycB=0.146 idtA=0.137 idtB=0.135 D_A=0.187 D_B=0.188 D_A(real)=0.67 D_A(fake)=0.33 gnG=32.49 gnD=12.35 it_per_s=10.16
2026-10-02 12:10:55,354 INFO iter=45100 epoch=7 lr=2.00e-04 G=5.088 advA2B=0.477 advB2A=0.492 cycA=0.130 cycB=0.146 idtA=0.137 idtB=0.135 D_A=0.188 D_B=0.189 D_A(real)=0.67 D_A(fake)=0.33 gnG=32.43 gnD=12.34 it_per_s=10.17
2026-10-02 12:11:04,850 INFO iter=45200 epoch=7 lr=2.00e-04 G=5.091 advA2B=0.476 advB2A=0.491 cycA=0.130 cycB=0.146 idtA=0.137 idtB=0.135 D_A=0.188 D_B=0.189 D_A(real)=0.66 D_A(fake)=0.34 gnG=32.44 gnD=12.31 it_per_s=10.18
2026-10-02 12:11:14,718 INFO iter=45300 epoch=7 lr=2.00e-04 G=5.081 advA2B=0.475 advB2A=0.492 cycA=0.130 cycB=0.146 idtA=0.137 idtB=0.135 D_A=0.188 D_B=0.190 D_A(real)=0.66 D_A(fake)=0.34 gnG=32.40 gnD=12.33 it_per_s=10.18
2026-10-02 12:11:24,584 INFO iter=45400 epoch=7 lr=2.00e-04 G=5.073 advA2B=0.473 advB2A=0.491 cycA=0.129 cycB=0.146 idtA=0.136 idtB=0.135 D_A=0.188 D_B=0.190 D_A(real)=0.66 D_A(fake)=0.34 gnG=32.38 gnD=12.33 it_per_s=10.17
2026-10-02 12:11:34,096 INFO iter=45500 epoch=7 lr=2.00e-04 G=5.069 advA2B=0.472 advB2A=0.491 cycA=0.129 cycB=0.146 idtA=0.136 idtB=0.135 D_A=0.189 D_B=0.191 D_A(real)=0.66 D_A(fake)=0.34 gnG=32.32 gnD=12.33 it_per_s=10.18
2026-10-02 12:11:43,923 INFO iter=45600 epoch=7 lr=2.00e-04 G=5.067 advA2B=0.472 advB2A=0.490 cycA=0.129 cycB=0.146 idtA=0.136 idtB=0.135 D_A=0.189 D_B=0.191 D_A(real)=0.66 D_A(fake)=0.34 gnG=32.37 gnD=12.29 it_per_s=10.18
2026-10-02 12:11:53,694 INFO iter=45700 epoch=7 lr=2.00e-04 G=5.061 advA2B=0.472 advB2A=0.489 cycA=0.129 cycB=0.146 idtA=0.136 idtB=0.134 D_A=0.190 D_B=0.191 D_A(real)=0.66 D_A(fake)=0.34 gnG=32.29 gnD=12.28 it_per_s=10.19
2026-10-02 12:12:03,107 INFO iter=45800 epoch=7 lr=2.00e-04 G=5.057 advA2B=0.471 advB2A=0.489 cycA=0.129 cycB=0.146 idtA=0.136 idtB=0.134 D_A=0.190 D_B=0.191 D_A(real)=0.66 D_A(fake)=0.34 gnG=32.24 gnD=12.24 it_per_s=10.20
2026-10-02 12:12:12,977 INFO iter=45900 epoch=7 lr=2.00e-04 G=5.062 advA2B=0.473 advB2A=0.490 cycA=0.129 cycB=0.146 idtA=0.136 idtB=0.134 D_A=0.190 D_B=0.191 D_A(real)=0.66 D_A(fake)=0.34 gnG=32.23 gnD=12.22 it_per_s=10.20
2026-10-02 12:12:22,898 INFO iter=46000 epoch=7 lr=2.00e-04 G=5.067 advA2B=0.473 advB2A=0.491 cycA=0.129 cycB=0.146 idtA=0.136 idtB=0.135 D_A=0.190 D_B=0.191 D_A(real)=0.66 D_A(fake)=0.34 gnG=32.26 gnD=12.24 it_per_s=10.19
2026-10-02 12:12:32,442 INFO iter=46100 epoch=7 lr=2.00e-04 G=5.070 advA2B=0.473 advB2A=0.493 cycA=0.129 cycB=0.146 idtA=0.136 idtB=0.134 D_A=0.189 D_B=0.191 D_A(real)=0.66 D_A(fake)=0.34 gnG=32.24 gnD=12.24 it_per_s=10.20
2026-10-02 12:12:42,238 INFO iter=46200 epoch=7 lr=2.00e-04 G=5.068 advA2B=0.473 advB2A=0.491 cycA=0.129 cycB=0.146 idtA=0.136 idtB=0.134 D_A=0.189 D_B=0.191 D_A(real)=0.66 D_A(fake)=0.34 gnG=32.24 gnD=12.24 it_per_s=10.20
2026-10-02 12:12:52,065 INFO iter=46300 epoch=7 lr=2.00e-04 G=5.066 advA2B=0.473 advB2A=0.491 cycA=0.129 cycB=0.146 idtA=0.136 idtB=0.135 D_A=0.189 D_B=0.191 D_A(real)=0.66 D_A(fake)=0.34 gnG=32.23 gnD=12.23 it_per_s=10.20
2026-10-02 12:13:01,927 INFO iter=46400 epoch=7 lr=2.00e-04 G=5.064 advA2B=0.473 advB2A=0.490 cycA=0.129 cycB=0.146 idtA=0.136 idtB=0.134 D_A=0.189 D_B=0.192 D_A(real)=0.66 D_A(fake)=0.34 gnG=32.16 gnD=12.23 it_per_s=10.20
2026-10-02 12:13:11,765 INFO iter=46500 epoch=7 lr=2.00e-04 G=5.060 advA2B=0.473 advB2A=0.491 cycA=0.129 cycB=0.146 idtA=0.136 idtB=0.134 D_A=0.189 D_B=0.191 D_A(real)=0.66 D_A(fake)=0.34 gnG=32.16 gnD=12.22 it_per_s=10.20
2026-10-02 12:13:21,604 INFO iter=46600 epoch=7 lr=2.00e-04 G=5.059 advA2B=0.473 advB2A=0.491 cycA=0.129 cycB=0.146 idtA=0.136 idtB=0.134 D_A=0.189 D_B=0.192 D_A(real)=0.66 D_A(fake)=0.34 gnG=32.14 gnD=12.23 it_per_s=10.20
2026-10-02 12:13:31,329 INFO iter=46700 epoch=7 lr=2.00e-04 G=5.055 advA2B=0.472 advB2A=0.491 cycA=0.129 cycB=0.145 idtA=0.136 idtB=0.134 D_A=0.189 D_B=0.192 D_A(real)=0.66 D_A(fake)=0.34 gnG=32.12 gnD=12.23 it_per_s=10.20
2026-10-02 12:13:41,021 INFO iter=46800 epoch=7 lr=2.00e-04 G=5.049 advA2B=0.472 advB2A=0.491 cycA=0.129 cycB=0.145 idtA=0.135 idtB=0.134 D_A=0.189 D_B=0.192 D_A(real)=0.66 D_A(fake)=0.34 gnG=32.11 gnD=12.24 it_per_s=10.20
2026-10-02 12:13:50,944 INFO iter=46900 epoch=7 lr=2.00e-04 G=5.052 advA2B=0.472 advB2A=0.491 cycA=0.129 cycB=0.145 idtA=0.135 idtB=0.134 D_A=0.190 D_B=0.192 D_A(real)=0.66 D_A(fake)=0.34 gnG=32.15 gnD=12.23 it_per_s=10.20
2026-10-02 12:14:00,485 INFO iter=47000 epoch=7 lr=2.00e-04 G=5.053 advA2B=0.472 advB2A=0.490 cycA=0.129 cycB=0.146 idtA=0.135 idtB=0.134 D_A=0.189 D_B=0.191 D_A(real)=0.66 D_A(fake)=0.34 gnG=32.13 gnD=12.23 it_per_s=10.20
2026-10-02 12:14:10,202 INFO iter=47100 epoch=7 lr=2.00e-04 G=5.058 advA2B=0.473 advB2A=0.489 cycA=0.129 cycB=0.146 idtA=0.135 idtB=0.134 D_A=0.189 D_B=0.191 D_A(real)=0.66 D_A(fake)=0.34 gnG=32.18 gnD=12.24 it_per_s=10.21
2026-10-02 12:14:20,076 INFO iter=47200 epoch=7 lr=2.00e-04 G=5.056 advA2B=0.474 advB2A=0.490 cycA=0.129 cycB=0.146 idtA=0.135 idtB=0.134 D_A=0.189 D_B=0.191 D_A(real)=0.66 D_A(fake)=0.34 gnG=32.17 gnD=12.24 it_per_s=10.20
2026-10-02 12:14:29,760 INFO iter=47300 epoch=7 lr=2.00e-04 G=5.056 advA2B=0.474 advB2A=0.489 cycA=0.129 cycB=0.146 idtA=0.135 idtB=0.134 D_A=0.189 D_B=0.191 D_A(real)=0.66 D_A(fake)=0.34 gnG=32.14 gnD=12.25 it_per_s=10.21
2026-10-02 12:14:39,321 INFO iter=47400 epoch=7 lr=2.00e-04 G=5.054 advA2B=0.473 advB2A=0.489 cycA=0.129 cycB=0.146 idtA=0.135 idtB=0.134 D_A=0.189 D_B=0.191 D_A(real)=0.66 D_A(fake)=0.34 gnG=32.12 gnD=12.24 it_per_s=10.21
2026-10-02 12:14:49,154 INFO iter=47500 epoch=7 lr=2.00e-04 G=5.051 advA2B=0.473 advB2A=0.488 cycA=0.129 cycB=0.145 idtA=0.135 idtB=0.134 D_A=0.189 D_B=0.191 D_A(real)=0.66 D_A(fake)=0.34 gnG=32.16 gnD=12.25 it_per_s=10.21
2026-10-02 12:14:58,731 INFO iter=47600 epoch=7 lr=2.00e-04 G=5.054 advA2B=0.473 advB2A=0.488 cycA=0.129 cycB=0.146 idtA=0.135 idtB=0.134 D_A=0.189 D_B=0.191 D_A(real)=0.66 D_A(fake)=0.34 gnG=32.23 gnD=12.26 it_per_s=10.21
2026-10-02 12:15:08,252 INFO iter=47700 epoch=7 lr=2.00e-04 G=5.051 advA2B=0.473 advB2A=0.487 cycA=0.129 cycB=0.146 idtA=0.135 idtB=0.134 D_A=0.189 D_B=0.191 D_A(real)=0.66 D_A(fake)=0.34 gnG=32.27 gnD=12.25 it_per_s=10.22
2026-10-02 12:15:18,052 INFO iter=47800 epoch=7 lr=2.00e-04 G=5.050 advA2B=0.474 advB2A=0.488 cycA=0.129 cycB=0.146 idtA=0.135 idtB=0.134 D_A=0.189 D_B=0.191 D_A(real)=0.66 D_A(fake)=0.34 gnG=32.28 gnD=12.26 it_per_s=10.22
2026-10-02 12:15:27,827 INFO iter=47900 epoch=7 lr=2.00e-04 G=5.054 advA2B=0.475 advB2A=0.489 cycA=0.129 cycB=0.146 idtA=0.135 idtB=0.134 D_A=0.189 D_B=0.190 D_A(real)=0.66 D_A(fake)=0.34 gnG=32.31 gnD=12.25 it_per_s=10.22
2026-10-02 12:15:37,286 INFO iter=48000 epoch=7 lr=2.00e-04 G=5.055 advA2B=0.475 advB2A=0.490 cycA=0.129 cycB=0.146 idtA=0.135 idtB=0.134 D_A=0.189 D_B=0.190 D_A(real)=0.66 D_A(fake)=0.34 gnG=32.27 gnD=12.26 it_per_s=10.23
2026-10-02 12:15:47,147 INFO iter=48100 epoch=7 lr=2.00e-04 G=5.056 advA2B=0.474 advB2A=0.490 cycA=0.129 cycB=0.146 idtA=0.135 idtB=0.134 D_A=0.189 D_B=0.190 D_A(real)=0.66 D_A(fake)=0.34 gnG=32.27 gnD=12.25 it_per_s=10.22
2026-10-02 12:15:56,931 INFO iter=48200 epoch=7 lr=2.00e-04 G=5.055 advA2B=0.474 advB2A=0.491 cycA=0.129 cycB=0.146 idtA=0.135 idtB=0.134 D_A=0.189 D_B=0.190 D_A(real)=0.66 D_A(fake)=0.34 gnG=32.29 gnD=12.25 it_per_s=10.22
2026-10-02 12:16:06,377 INFO iter=48300 epoch=7 lr=2.00e-04 G=5.056 advA2B=0.475 advB2A=0.491 cycA=0.129 cycB=0.145 idtA=0.135 idtB=0.134 D_A=0.189 D_B=0.190 D_A(real)=0.66 D_A(fake)=0.34 gnG=32.26 gnD=12.22 it_per_s=10.23
2026-10-02 12:16:16,227 INFO iter=48400 epoch=7 lr=2.00e-04 G=5.055 advA2B=0.475 advB2A=0.491 cycA=0.129 cycB=0.146 idtA=0.135 idtB=0.134 D_A=0.189 D_B=0.190 D_A(real)=0.66 D_A(fake)=0.34 gnG=32.26 gnD=12.21 it_per_s=10.23
2026-10-02 12:16:26,066 INFO iter=48500 epoch=7 lr=2.00e-04 G=5.053 advA2B=0.475 advB2A=0.491 cycA=0.129 cycB=0.145 idtA=0.135 idtB=0.134 D_A=0.188 D_B=0.190 D_A(real)=0.66 D_A(fake)=0.34 gnG=32.25 gnD=12.20 it_per_s=10.23
2026-10-02 12:16:35,779 INFO iter=48600 epoch=7 lr=2.00e-04 G=5.049 advA2B=0.475 advB2A=0.491 cycA=0.129 cycB=0.145 idtA=0.135 idtB=0.134 D_A=0.188 D_B=0.190 D_A(real)=0.66 D_A(fake)=0.34 gnG=32.29 gnD=12.19 it_per_s=10.23
2026-10-02 12:16:45,637 INFO iter=48700 epoch=7 lr=2.00e-04 G=5.045 advA2B=0.474 advB2A=0.491 cycA=0.129 cycB=0.145 idtA=0.135 idtB=0.134 D_A=0.188 D_B=0.190 D_A(real)=0.66 D_A(fake)=0.34 gnG=32.26 gnD=12.19 it_per_s=10.23
2026-10-02 12:16:55,457 INFO iter=48800 epoch=7 lr=2.00e-04 G=5.042 advA2B=0.474 advB2A=0.491 cycA=0.129 cycB=0.145 idtA=0.135 idtB=0.133 D_A=0.188 D_B=0.190 D_A(real)=0.66 D_A(fake)=0.34 gnG=32.26 gnD=12.18 it_per_s=10.23
2026-10-02 12:17:05,105 INFO iter=48900 epoch=7 lr=2.00e-04 G=5.051 advA2B=0.476 advB2A=0.490 cycA=0.129 cycB=0.145 idtA=0.135 idtB=0.134 D_A=0.188 D_B=0.190 D_A(real)=0.66 D_A(fake)=0.34 gnG=32.40 gnD=12.18 it_per_s=10.23
2026-10-02 12:17:14,967 INFO iter=49000 epoch=7 lr=2.00e-04 G=5.051 advA2B=0.476 advB2A=0.490 cycA=0.129 cycB=0.145 idtA=0.135 idtB=0.134 D_A=0.188 D_B=0.190 D_A(real)=0.66 D_A(fake)=0.34 gnG=32.41 gnD=12.17 it_per_s=10.23
2026-10-02 12:17:24,808 INFO iter=49100 epoch=7 lr=2.00e-04 G=5.053 advA2B=0.476 advB2A=0.490 cycA=0.129 cycB=0.145 idtA=0.134 idtB=0.134 D_A=0.188 D_B=0.190 D_A(real)=0.66 D_A(fake)=0.34 gnG=32.40 gnD=12.19 it_per_s=10.23
2026-10-02 12:17:34,452 INFO iter=49200 epoch=7 lr=2.00e-04 G=5.056 advA2B=0.476 advB2A=0.490 cycA=0.129 cycB=0.145 idtA=0.134 idtB=0.134 D_A=0.188 D_B=0.190 D_A(real)=0.66 D_A(fake)=0.34 gnG=32.45 gnD=12.19 it_per_s=10.23
2026-10-02 12:17:40,921 INFO epoch=7 done time_s=688 it_per_s=10.23 G=5.054 cycA=0.129 cycB=0.145 idtA=0.134 idtB=0.134 D_A=0.188 D_B=0.190 D_A(real)=0.66 D_A(fake)=0.34 nan_count=0
2026-10-02 12:17:44,883 INFO iter=49300 epoch=8 lr=2.00e-04 G=4.862 advA2B=0.450 advB2A=0.512 cycA=0.133 cycB=0.125 idtA=0.143 idtB=0.121 D_A=0.164 D_B=0.181 D_A(real)=0.71 D_A(fake)=0.30 gnG=33.08 gnD=12.09 it_per_s=9.89
2026-10-02 12:17:54,711 INFO iter=49400 epoch=8 lr=2.00e-04 G=5.003 advA2B=0.486 advB2A=0.468 cycA=0.131 cycB=0.139 idtA=0.138 idtB=0.131 D_A=0.185 D_B=0.178 D_A(real)=0.68 D_A(fake)=0.32 gnG=32.86 gnD=12.26 it_per_s=10.10
2026-10-02 12:18:04,527 INFO iter=49500 epoch=8 lr=2.00e-04 G=4.895 advA2B=0.492 advB2A=0.471 cycA=0.126 cycB=0.137 idtA=0.131 idtB=0.129 D_A=0.184 D_B=0.187 D_A(real)=0.68 D_A(fake)=0.32 gnG=30.79 gnD=11.87 it_per_s=10.14
2026-10-02 12:18:14,448 INFO iter=49600 epoch=8 lr=2.00e-04 G=4.872 advA2B=0.485 advB2A=0.478 cycA=0.125 cycB=0.137 idtA=0.130 idtB=0.128 D_A=0.187 D_B=0.189 D_A(real)=0.67 D_A(fake)=0.33 gnG=31.38 gnD=11.99 it_per_s=10.12
2026-10-02 12:18:24,314 INFO iter=49700 epoch=8 lr=2.00e-04 G=4.921 advA2B=0.487 advB2A=0.480 cycA=0.126 cycB=0.139 idtA=0.131 idtB=0.131 D_A=0.183 D_B=0.191 D_A(real)=0.68 D_A(fake)=0.33 gnG=31.53 gnD=12.07 it_per_s=10.12
2026-10-02 12:18:34,143 INFO iter=49800 epoch=8 lr=2.00e-04 G=4.988 advA2B=0.497 advB2A=0.492 cycA=0.127 cycB=0.141 idtA=0.132 idtB=0.131 D_A=0.180 D_B=0.188 D_A(real)=0.68 D_A(fake)=0.32 gnG=31.84 gnD=12.13 it_per_s=10.13
2026-10-02 12:18:43,978 INFO iter=49900 epoch=8 lr=2.00e-04 G=4.997 advA2B=0.485 advB2A=0.491 cycA=0.128 cycB=0.142 idtA=0.133 idtB=0.131 D_A=0.184 D_B=0.189 D_A(real)=0.68 D_A(fake)=0.32 gnG=31.87 gnD=12.19 it_per_s=10.14
2026-10-02 12:18:53,812 INFO iter=50000 epoch=8 lr=2.00e-04 G=4.992 advA2B=0.487 advB2A=0.493 cycA=0.128 cycB=0.142 idtA=0.133 idtB=0.130 D_A=0.182 D_B=0.189 D_A(real)=0.68 D_A(fake)=0.32 gnG=32.55 gnD=12.20 it_per_s=10.14
2026-10-02 12:19:03,643 INFO iter=50100 epoch=8 lr=2.00e-04 G=4.955 advA2B=0.482 advB2A=0.493 cycA=0.128 cycB=0.140 idtA=0.132 idtB=0.129 D_A=0.183 D_B=0.188 D_A(real)=0.68 D_A(fake)=0.32 gnG=32.19 gnD=12.20 it_per_s=10.15
2026-10-02 12:19:13,479 INFO iter=50200 epoch=8 lr=2.00e-04 G=4.950 advA2B=0.486 advB2A=0.490 cycA=0.127 cycB=0.140 idtA=0.132 idtB=0.129 D_A=0.185 D_B=0.188 D_A(real)=0.68 D_A(fake)=0.33 gnG=32.08 gnD=12.19 it_per_s=10.15
2026-10-02 12:19:23,345 INFO iter=50300 epoch=8 lr=2.00e-04 G=4.953 advA2B=0.484 advB2A=0.493 cycA=0.127 cycB=0.141 idtA=0.132 idtB=0.129 D_A=0.186 D_B=0.187 D_A(real)=0.67 D_A(fake)=0.33 gnG=32.26 gnD=12.18 it_per_s=10.15
2026-10-02 12:19:33,357 INFO iter=50400 epoch=8 lr=2.00e-04 G=4.940 advA2B=0.485 advB2A=0.490 cycA=0.126 cycB=0.140 idtA=0.132 idtB=0.128 D_A=0.185 D_B=0.188 D_A(real)=0.67 D_A(fake)=0.33 gnG=32.01 gnD=12.21 it_per_s=10.13
2026-10-02 12:19:43,189 INFO iter=50500 epoch=8 lr=2.00e-04 G=4.945 advA2B=0.484 advB2A=0.488 cycA=0.126 cycB=0.141 idtA=0.132 idtB=0.130 D_A=0.186 D_B=0.189 D_A(real)=0.67 D_A(fake)=0.33 gnG=32.07 gnD=12.15 it_per_s=10.14
2026-10-02 12:19:53,040 INFO iter=50600 epoch=8 lr=2.00e-04 G=4.962 advA2B=0.481 advB2A=0.491 cycA=0.126 cycB=0.142 idtA=0.132 idtB=0.130 D_A=0.185 D_B=0.186 D_A(real)=0.67 D_A(fake)=0.33 gnG=32.05 gnD=12.08 it_per_s=10.14
2026-10-02 12:20:02,907 INFO iter=50700 epoch=8 lr=2.00e-04 G=4.951 advA2B=0.480 advB2A=0.486 cycA=0.126 cycB=0.141 idtA=0.132 idtB=0.131 D_A=0.186 D_B=0.187 D_A(real)=0.67 D_A(fake)=0.33 gnG=31.96 gnD=12.07 it_per_s=10.14
2026-10-02 12:20:12,791 INFO iter=50800 epoch=8 lr=2.00e-04 G=4.934 advA2B=0.476 advB2A=0.486 cycA=0.126 cycB=0.141 idtA=0.131 idtB=0.130 D_A=0.186 D_B=0.188 D_A(real)=0.67 D_A(fake)=0.33 gnG=31.73 gnD=12.06 it_per_s=10.14
2026-10-02 12:20:22,778 INFO iter=50900 epoch=8 lr=2.00e-04 G=4.938 advA2B=0.476 advB2A=0.486 cycA=0.126 cycB=0.141 idtA=0.132 idtB=0.130 D_A=0.187 D_B=0.188 D_A(real)=0.67 D_A(fake)=0.33 gnG=31.64 gnD=12.04 it_per_s=10.13
2026-10-02 12:20:32,605 INFO iter=51000 epoch=8 lr=2.00e-04 G=4.930 advA2B=0.474 advB2A=0.483 cycA=0.126 cycB=0.141 idtA=0.131 idtB=0.130 D_A=0.186 D_B=0.188 D_A(real)=0.67 D_A(fake)=0.33 gnG=31.68 gnD=11.98 it_per_s=10.13
2026-10-02 12:20:42,478 INFO iter=51100 epoch=8 lr=2.00e-04 G=4.932 advA2B=0.475 advB2A=0.486 cycA=0.126 cycB=0.141 idtA=0.131 idtB=0.130 D_A=0.186 D_B=0.189 D_A(real)=0.67 D_A(fake)=0.33 gnG=31.68 gnD=11.99 it_per_s=10.13
2026-10-02 12:20:52,323 INFO iter=51200 epoch=8 lr=2.00e-04 G=4.938 advA2B=0.474 advB2A=0.487 cycA=0.126 cycB=0.141 idtA=0.131 idtB=0.131 D_A=0.186 D_B=0.188 D_A(real)=0.67 D_A(fake)=0.33 gnG=31.78 gnD=11.99 it_per_s=10.13
2026-10-02 12:21:02,140 INFO iter=51300 epoch=8 lr=2.00e-04 G=4.947 advA2B=0.476 advB2A=0.489 cycA=0.126 cycB=0.141 idtA=0.131 idtB=0.131 D_A=0.185 D_B=0.188 D_A(real)=0.67 D_A(fake)=0.33 gnG=31.84 gnD=11.97 it_per_s=10.13
2026-10-02 12:21:12,003 INFO iter=51400 epoch=8 lr=2.00e-04 G=4.962 advA2B=0.477 advB2A=0.491 cycA=0.126 cycB=0.142 idtA=0.131 idtB=0.131 D_A=0.185 D_B=0.188 D_A(real)=0.67 D_A(fake)=0.33 gnG=31.91 gnD=11.93 it_per_s=10.13
2026-10-02 12:21:21,857 INFO iter=51500 epoch=8 lr=2.00e-04 G=4.966 advA2B=0.476 advB2A=0.491 cycA=0.126 cycB=0.142 idtA=0.132 idtB=0.131 D_A=0.185 D_B=0.188 D_A(real)=0.67 D_A(fake)=0.33 gnG=31.95 gnD=11.93 it_per_s=10.14
2026-10-02 12:21:31,714 INFO iter=51600 epoch=8 lr=2.00e-04 G=4.957 advA2B=0.475 advB2A=0.489 cycA=0.126 cycB=0.142 idtA=0.131 idtB=0.131 D_A=0.185 D_B=0.189 D_A(real)=0.67 D_A(fake)=0.33 gnG=31.95 gnD=11.97 it_per_s=10.14
2026-10-02 12:21:41,531 INFO iter=51700 epoch=8 lr=2.00e-04 G=4.956 advA2B=0.475 advB2A=0.489 cycA=0.126 cycB=0.142 idtA=0.131 idtB=0.131 D_A=0.185 D_B=0.188 D_A(real)=0.67 D_A(fake)=0.33 gnG=31.97 gnD=11.98 it_per_s=10.14
2026-10-02 12:21:51,416 INFO iter=51800 epoch=8 lr=2.00e-04 G=4.952 advA2B=0.474 advB2A=0.487 cycA=0.126 cycB=0.142 idtA=0.131 idtB=0.131 D_A=0.184 D_B=0.189 D_A(real)=0.67 D_A(fake)=0.33 gnG=31.97 gnD=11.97 it_per_s=10.14
2026-10-02 12:22:01,239 INFO iter=51900 epoch=8 lr=2.00e-04 G=4.950 advA2B=0.474 advB2A=0.486 cycA=0.126 cycB=0.142 idtA=0.131 idtB=0.131 D_A=0.184 D_B=0.189 D_A(real)=0.67 D_A(fake)=0.33 gnG=31.99 gnD=11.98 it_per_s=10.14
2026-10-02 12:22:11,075 INFO iter=52000 epoch=8 lr=2.00e-04 G=4.949 advA2B=0.474 advB2A=0.485 cycA=0.126 cycB=0.142 idtA=0.131 idtB=0.131 D_A=0.184 D_B=0.189 D_A(real)=0.67 D_A(fake)=0.33 gnG=31.97 gnD=12.00 it_per_s=10.14
2026-10-02 12:22:20,921 INFO iter=52100 epoch=8 lr=2.00e-04 G=4.944 advA2B=0.475 advB2A=0.484 cycA=0.126 cycB=0.142 idtA=0.131 idtB=0.131 D_A=0.184 D_B=0.188 D_A(real)=0.67 D_A(fake)=0.33 gnG=31.94 gnD=11.98 it_per_s=10.14
2026-10-02 12:22:30,774 INFO iter=52200 epoch=8 lr=2.00e-04 G=4.950 advA2B=0.475 advB2A=0.484 cycA=0.126 cycB=0.142 idtA=0.131 idtB=0.132 D_A=0.185 D_B=0.188 D_A(real)=0.67 D_A(fake)=0.33 gnG=31.92 gnD=11.99 it_per_s=10.14
2026-10-02 12:22:40,673 INFO iter=52300 epoch=8 lr=2.00e-04 G=4.949 advA2B=0.476 advB2A=0.486 cycA=0.125 cycB=0.142 idtA=0.131 idtB=0.131 D_A=0.184 D_B=0.188 D_A(real)=0.67 D_A(fake)=0.33 gnG=31.99 gnD=11.98 it_per_s=10.14
2026-10-02 12:22:50,538 INFO iter=52400 epoch=8 lr=2.00e-04 G=4.944 advA2B=0.476 advB2A=0.486 cycA=0.125 cycB=0.142 idtA=0.131 idtB=0.132 D_A=0.184 D_B=0.188 D_A(real)=0.67 D_A(fake)=0.33 gnG=31.94 gnD=11.96 it_per_s=10.14
2026-10-02 12:23:00,395 INFO iter=52500 epoch=8 lr=2.00e-04 G=4.938 advA2B=0.475 advB2A=0.485 cycA=0.125 cycB=0.142 idtA=0.130 idtB=0.132 D_A=0.184 D_B=0.188 D_A(real)=0.67 D_A(fake)=0.33 gnG=31.84 gnD=11.93 it_per_s=10.14
2026-10-02 12:23:10,411 INFO iter=52600 epoch=8 lr=2.00e-04 G=4.936 advA2B=0.475 advB2A=0.486 cycA=0.125 cycB=0.142 idtA=0.130 idtB=0.132 D_A=0.183 D_B=0.188 D_A(real)=0.67 D_A(fake)=0.33 gnG=31.85 gnD=11.92 it_per_s=10.13
2026-10-02 12:23:20,245 INFO iter=52700 epoch=8 lr=2.00e-04 G=4.935 advA2B=0.474 advB2A=0.484 cycA=0.125 cycB=0.142 idtA=0.130 idtB=0.132 D_A=0.183 D_B=0.188 D_A(real)=0.67 D_A(fake)=0.33 gnG=31.87 gnD=11.93 it_per_s=10.14
2026-10-02 12:23:30,109 INFO iter=52800 epoch=8 lr=2.00e-04 G=4.932 advA2B=0.475 advB2A=0.484 cycA=0.125 cycB=0.142 idtA=0.130 idtB=0.132 D_A=0.183 D_B=0.188 D_A(real)=0.67 D_A(fake)=0.33 gnG=31.89 gnD=11.92 it_per_s=10.14
2026-10-02 12:23:39,926 INFO iter=52900 epoch=8 lr=2.00e-04 G=4.930 advA2B=0.475 advB2A=0.484 cycA=0.125 cycB=0.142 idtA=0.130 idtB=0.132 D_A=0.184 D_B=0.188 D_A(real)=0.67 D_A(fake)=0.33 gnG=31.89 gnD=11.91 it_per_s=10.14
2026-10-02 12:23:49,793 INFO iter=53000 epoch=8 lr=2.00e-04 G=4.924 advA2B=0.476 advB2A=0.484 cycA=0.124 cycB=0.142 idtA=0.130 idtB=0.131 D_A=0.183 D_B=0.188 D_A(real)=0.67 D_A(fake)=0.33 gnG=31.84 gnD=11.90 it_per_s=10.14
2026-10-02 12:23:59,629 INFO iter=53100 epoch=8 lr=2.00e-04 G=4.921 advA2B=0.477 advB2A=0.485 cycA=0.124 cycB=0.141 idtA=0.130 idtB=0.131 D_A=0.184 D_B=0.188 D_A(real)=0.67 D_A(fake)=0.33 gnG=31.79 gnD=11.89 it_per_s=10.14
2026-10-02 12:24:09,447 INFO iter=53200 epoch=8 lr=2.00e-04 G=4.915 advA2B=0.476 advB2A=0.484 cycA=0.124 cycB=0.141 idtA=0.129 idtB=0.131 D_A=0.184 D_B=0.188 D_A(real)=0.67 D_A(fake)=0.33 gnG=31.78 gnD=11.89 it_per_s=10.14
2026-10-02 12:24:19,319 INFO iter=53300 epoch=8 lr=2.00e-04 G=4.911 advA2B=0.477 advB2A=0.484 cycA=0.124 cycB=0.141 idtA=0.129 idtB=0.131 D_A=0.184 D_B=0.188 D_A(real)=0.67 D_A(fake)=0.33 gnG=31.81 gnD=11.88 it_per_s=10.14
2026-10-02 12:24:29,152 INFO iter=53400 epoch=8 lr=2.00e-04 G=4.907 advA2B=0.476 advB2A=0.483 cycA=0.124 cycB=0.141 idtA=0.129 idtB=0.130 D_A=0.184 D_B=0.188 D_A(real)=0.67 D_A(fake)=0.33 gnG=31.77 gnD=11.86 it_per_s=10.14
2026-10-02 12:24:39,073 INFO iter=53500 epoch=8 lr=2.00e-04 G=4.904 advA2B=0.476 advB2A=0.485 cycA=0.124 cycB=0.141 idtA=0.129 idtB=0.130 D_A=0.183 D_B=0.188 D_A(real)=0.67 D_A(fake)=0.33 gnG=31.71 gnD=11.84 it_per_s=10.14
2026-10-02 12:24:48,882 INFO iter=53600 epoch=8 lr=2.00e-04 G=4.903 advA2B=0.476 advB2A=0.484 cycA=0.124 cycB=0.141 idtA=0.129 idtB=0.131 D_A=0.184 D_B=0.188 D_A(real)=0.67 D_A(fake)=0.33 gnG=31.79 gnD=11.84 it_per_s=10.14
2026-10-02 12:24:58,722 INFO iter=53700 epoch=8 lr=2.00e-04 G=4.902 advA2B=0.477 advB2A=0.484 cycA=0.124 cycB=0.141 idtA=0.129 idtB=0.131 D_A=0.184 D_B=0.188 D_A(real)=0.67 D_A(fake)=0.33 gnG=31.85 gnD=11.82 it_per_s=10.14
2026-10-02 12:25:08,553 INFO iter=53800 epoch=8 lr=2.00e-04 G=4.902 advA2B=0.476 advB2A=0.484 cycA=0.124 cycB=0.141 idtA=0.129 idtB=0.130 D_A=0.184 D_B=0.188 D_A(real)=0.67 D_A(fake)=0.33 gnG=31.80 gnD=11.82 it_per_s=10.14
2026-10-02 12:25:18,367 INFO iter=53900 epoch=8 lr=2.00e-04 G=4.902 advA2B=0.475 advB2A=0.485 cycA=0.124 cycB=0.141 idtA=0.129 idtB=0.130 D_A=0.184 D_B=0.188 D_A(real)=0.67 D_A(fake)=0.33 gnG=31.81 gnD=11.80 it_per_s=10.14
2026-10-02 12:25:28,171 INFO iter=54000 epoch=8 lr=2.00e-04 G=4.903 advA2B=0.475 advB2A=0.486 cycA=0.124 cycB=0.141 idtA=0.129 idtB=0.130 D_A=0.184 D_B=0.188 D_A(real)=0.67 D_A(fake)=0.33 gnG=31.79 gnD=11.80 it_per_s=10.14
2026-10-02 12:25:38,005 INFO iter=54100 epoch=8 lr=2.00e-04 G=4.903 advA2B=0.475 advB2A=0.487 cycA=0.124 cycB=0.141 idtA=0.129 idtB=0.130 D_A=0.183 D_B=0.188 D_A(real)=0.67 D_A(fake)=0.33 gnG=31.74 gnD=11.79 it_per_s=10.14
2026-10-02 12:25:47,813 INFO iter=54200 epoch=8 lr=2.00e-04 G=4.898 advA2B=0.475 advB2A=0.488 cycA=0.124 cycB=0.140 idtA=0.129 idtB=0.130 D_A=0.183 D_B=0.188 D_A(real)=0.67 D_A(fake)=0.33 gnG=31.68 gnD=11.79 it_per_s=10.14
2026-10-02 12:25:57,743 INFO iter=54300 epoch=8 lr=2.00e-04 G=4.896 advA2B=0.475 advB2A=0.488 cycA=0.124 cycB=0.140 idtA=0.129 idtB=0.130 D_A=0.183 D_B=0.188 D_A(real)=0.67 D_A(fake)=0.33 gnG=31.68 gnD=11.77 it_per_s=10.14
2026-10-02 12:26:07,710 INFO iter=54400 epoch=8 lr=2.00e-04 G=4.893 advA2B=0.475 advB2A=0.490 cycA=0.124 cycB=0.140 idtA=0.128 idtB=0.130 D_A=0.183 D_B=0.188 D_A(real)=0.67 D_A(fake)=0.33 gnG=31.63 gnD=11.77 it_per_s=10.14
2026-10-02 12:26:17,567 INFO iter=54500 epoch=8 lr=2.00e-04 G=4.892 advA2B=0.475 advB2A=0.490 cycA=0.124 cycB=0.140 idtA=0.128 idtB=0.130 D_A=0.183 D_B=0.188 D_A(real)=0.67 D_A(fake)=0.33 gnG=31.61 gnD=11.77 it_per_s=10.14
2026-10-02 12:26:27,395 INFO iter=54600 epoch=8 lr=2.00e-04 G=4.890 advA2B=0.474 advB2A=0.490 cycA=0.124 cycB=0.140 idtA=0.128 idtB=0.130 D_A=0.183 D_B=0.188 D_A(real)=0.67 D_A(fake)=0.33 gnG=31.60 gnD=11.78 it_per_s=10.14
2026-10-02 12:26:37,238 INFO iter=54700 epoch=8 lr=2.00e-04 G=4.885 advA2B=0.474 advB2A=0.491 cycA=0.123 cycB=0.140 idtA=0.128 idtB=0.130 D_A=0.183 D_B=0.188 D_A(real)=0.67 D_A(fake)=0.33 gnG=31.59 gnD=11.77 it_per_s=10.14
2026-10-02 12:26:47,097 INFO iter=54800 epoch=8 lr=2.00e-04 G=4.879 advA2B=0.474 advB2A=0.489 cycA=0.123 cycB=0.140 idtA=0.128 idtB=0.130 D_A=0.183 D_B=0.188 D_A(real)=0.67 D_A(fake)=0.33 gnG=31.55 gnD=11.77 it_per_s=10.14
2026-10-02 12:26:57,055 INFO iter=54900 epoch=8 lr=2.00e-04 G=4.878 advA2B=0.474 advB2A=0.490 cycA=0.123 cycB=0.139 idtA=0.128 idtB=0.130 D_A=0.183 D_B=0.189 D_A(real)=0.67 D_A(fake)=0.33 gnG=31.58 gnD=11.77 it_per_s=10.14
2026-10-02 12:27:07,030 INFO iter=55000 epoch=8 lr=2.00e-04 G=4.878 advA2B=0.474 advB2A=0.490 cycA=0.123 cycB=0.140 idtA=0.128 idtB=0.130 D_A=0.183 D_B=0.189 D_A(real)=0.67 D_A(fake)=0.33 gnG=31.56 gnD=11.78 it_per_s=10.14
2026-10-02 12:27:16,901 INFO iter=55100 epoch=8 lr=2.00e-04 G=4.881 advA2B=0.474 advB2A=0.490 cycA=0.123 cycB=0.140 idtA=0.128 idtB=0.130 D_A=0.182 D_B=0.188 D_A(real)=0.67 D_A(fake)=0.33 gnG=31.57 gnD=11.76 it_per_s=10.14
2026-10-02 12:27:26,755 INFO iter=55200 epoch=8 lr=2.00e-04 G=4.880 advA2B=0.473 advB2A=0.491 cycA=0.123 cycB=0.140 idtA=0.128 idtB=0.130 D_A=0.183 D_B=0.188 D_A(real)=0.67 D_A(fake)=0.33 gnG=31.57 gnD=11.78 it_per_s=10.14
2026-10-02 12:27:36,638 INFO iter=55300 epoch=8 lr=2.00e-04 G=4.877 advA2B=0.473 advB2A=0.490 cycA=0.123 cycB=0.140 idtA=0.127 idtB=0.130 D_A=0.183 D_B=0.188 D_A(real)=0.67 D_A(fake)=0.33 gnG=31.58 gnD=11.77 it_per_s=10.14
2026-10-02 12:27:46,486 INFO iter=55400 epoch=8 lr=2.00e-04 G=4.880 advA2B=0.474 advB2A=0.491 cycA=0.123 cycB=0.140 idtA=0.127 idtB=0.130 D_A=0.183 D_B=0.188 D_A(real)=0.67 D_A(fake)=0.33 gnG=31.64 gnD=11.78 it_per_s=10.14
2026-10-02 12:27:56,363 INFO iter=55500 epoch=8 lr=2.00e-04 G=4.888 advA2B=0.475 advB2A=0.491 cycA=0.123 cycB=0.140 idtA=0.128 idtB=0.130 D_A=0.183 D_B=0.188 D_A(real)=0.67 D_A(fake)=0.33 gnG=31.65 gnD=11.78 it_per_s=10.14
2026-10-02 12:28:06,224 INFO iter=55600 epoch=8 lr=2.00e-04 G=4.890 advA2B=0.474 advB2A=0.491 cycA=0.123 cycB=0.140 idtA=0.128 idtB=0.130 D_A=0.183 D_B=0.188 D_A(real)=0.67 D_A(fake)=0.33 gnG=31.66 gnD=11.78 it_per_s=10.14
2026-10-02 12:28:16,073 INFO iter=55700 epoch=8 lr=2.00e-04 G=4.889 advA2B=0.475 advB2A=0.490 cycA=0.123 cycB=0.140 idtA=0.128 idtB=0.130 D_A=0.183 D_B=0.188 D_A(real)=0.67 D_A(fake)=0.33 gnG=31.68 gnD=11.77 it_per_s=10.14
2026-10-02 12:28:25,916 INFO iter=55800 epoch=8 lr=2.00e-04 G=4.891 advA2B=0.475 advB2A=0.490 cycA=0.123 cycB=0.140 idtA=0.128 idtB=0.130 D_A=0.182 D_B=0.188 D_A(real)=0.67 D_A(fake)=0.33 gnG=31.68 gnD=11.77 it_per_s=10.14
2026-10-02 12:28:35,797 INFO iter=55900 epoch=8 lr=2.00e-04 G=4.889 advA2B=0.475 advB2A=0.490 cycA=0.123 cycB=0.140 idtA=0.128 idtB=0.130 D_A=0.183 D_B=0.188 D_A(real)=0.67 D_A(fake)=0.33 gnG=31.66 gnD=11.77 it_per_s=10.14
2026-10-02 12:28:45,612 INFO iter=56000 epoch=8 lr=2.00e-04 G=4.886 advA2B=0.475 advB2A=0.491 cycA=0.123 cycB=0.140 idtA=0.127 idtB=0.130 D_A=0.183 D_B=0.188 D_A(real)=0.67 D_A(fake)=0.33 gnG=31.66 gnD=11.76 it_per_s=10.14
2026-10-02 12:28:55,518 INFO iter=56100 epoch=8 lr=2.00e-04 G=4.884 advA2B=0.476 advB2A=0.491 cycA=0.123 cycB=0.140 idtA=0.127 idtB=0.130 D_A=0.183 D_B=0.188 D_A(real)=0.67 D_A(fake)=0.33 gnG=31.65 gnD=11.75 it_per_s=10.14
2026-10-02 12:29:05,445 INFO iter=56200 epoch=8 lr=2.00e-04 G=4.883 advA2B=0.475 advB2A=0.490 cycA=0.123 cycB=0.140 idtA=0.127 idtB=0.130 D_A=0.183 D_B=0.188 D_A(real)=0.67 D_A(fake)=0.33 gnG=31.67 gnD=11.75 it_per_s=10.14
2026-10-02 12:29:15,278 INFO iter=56300 epoch=8 lr=2.00e-04 G=4.882 advA2B=0.475 advB2A=0.490 cycA=0.123 cycB=0.140 idtA=0.127 idtB=0.130 D_A=0.183 D_B=0.188 D_A(real)=0.67 D_A(fake)=0.33 gnG=31.66 gnD=11.74 it_per_s=10.14
2026-10-02 12:29:15,664 INFO epoch=8 done time_s=694 it_per_s=10.14 G=4.882 cycA=0.123 cycB=0.140 idtA=0.127 idtB=0.130 D_A=0.183 D_B=0.188 D_A(real)=0.67 D_A(fake)=0.33 nan_count=0
2026-10-02 12:29:25,655 INFO iter=56400 epoch=9 lr=2.00e-04 G=4.839 advA2B=0.524 advB2A=0.494 cycA=0.122 cycB=0.133 idtA=0.124 idtB=0.128 D_A=0.185 D_B=0.172 D_A(real)=0.67 D_A(fake)=0.34 gnG=31.85 gnD=11.30 it_per_s=10.12
2026-10-02 12:29:35,563 INFO iter=56500 epoch=9 lr=2.00e-04 G=4.794 advA2B=0.518 advB2A=0.488 cycA=0.120 cycB=0.135 idtA=0.121 idtB=0.127 D_A=0.180 D_B=0.176 D_A(real)=0.67 D_A(fake)=0.34 gnG=31.39 gnD=11.54 it_per_s=10.11
2026-10-02 12:29:45,459 INFO iter=56600 epoch=9 lr=2.00e-04 G=4.820 advA2B=0.503 advB2A=0.490 cycA=0.120 cycB=0.138 idtA=0.122 idtB=0.129 D_A=0.178 D_B=0.180 D_A(real)=0.67 D_A(fake)=0.33 gnG=30.96 gnD=11.48 it_per_s=10.11
2026-10-02 12:29:55,286 INFO iter=56700 epoch=9 lr=2.00e-04 G=4.807 advA2B=0.488 advB2A=0.486 cycA=0.119 cycB=0.138 idtA=0.123 idtB=0.129 D_A=0.183 D_B=0.184 D_A(real)=0.67 D_A(fake)=0.33 gnG=31.32 gnD=11.64 it_per_s=10.12
2026-10-02 12:30:05,133 INFO iter=56800 epoch=9 lr=2.00e-04 G=4.860 advA2B=0.492 advB2A=0.490 cycA=0.120 cycB=0.141 idtA=0.124 idtB=0.131 D_A=0.187 D_B=0.185 D_A(real)=0.66 D_A(fake)=0.34 gnG=31.52 gnD=11.64 it_per_s=10.13
2026-10-02 12:30:14,977 INFO iter=56900 epoch=9 lr=2.00e-04 G=4.837 advA2B=0.487 advB2A=0.490 cycA=0.119 cycB=0.140 idtA=0.123 idtB=0.131 D_A=0.189 D_B=0.183 D_A(real)=0.66 D_A(fake)=0.34 gnG=31.53 gnD=11.59 it_per_s=10.14
2026-10-02 12:30:24,849 INFO iter=57000 epoch=9 lr=2.00e-04 G=4.793 advA2B=0.485 advB2A=0.486 cycA=0.118 cycB=0.139 idtA=0.122 idtB=0.129 D_A=0.185 D_B=0.183 D_A(real)=0.66 D_A(fake)=0.34 gnG=31.45 gnD=11.52 it_per_s=10.13
2026-10-02 12:30:34,697 INFO iter=57100 epoch=9 lr=2.00e-04 G=4.778 advA2B=0.486 advB2A=0.491 cycA=0.117 cycB=0.138 idtA=0.121 idtB=0.128 D_A=0.185 D_B=0.185 D_A(real)=0.66 D_A(fake)=0.34 gnG=31.61 gnD=11.52 it_per_s=10.14
2026-10-02 12:30:44,535 INFO iter=57200 epoch=9 lr=2.00e-04 G=4.778 advA2B=0.482 advB2A=0.494 cycA=0.117 cycB=0.138 idtA=0.121 idtB=0.129 D_A=0.184 D_B=0.188 D_A(real)=0.66 D_A(fake)=0.34 gnG=31.62 gnD=11.54 it_per_s=10.14
2026-10-02 12:30:54,413 INFO iter=57300 epoch=9 lr=2.00e-04 G=4.792 advA2B=0.480 advB2A=0.494 cycA=0.118 cycB=0.138 idtA=0.122 idtB=0.129 D_A=0.183 D_B=0.189 D_A(real)=0.66 D_A(fake)=0.34 gnG=31.69 gnD=11.58 it_per_s=10.14
2026-10-02 12:31:04,297 INFO iter=57400 epoch=9 lr=2.00e-04 G=4.785 advA2B=0.480 advB2A=0.497 cycA=0.118 cycB=0.138 idtA=0.122 idtB=0.129 D_A=0.181 D_B=0.189 D_A(real)=0.67 D_A(fake)=0.33 gnG=31.76 gnD=11.50 it_per_s=10.14
2026-10-02 12:31:14,171 INFO iter=57500 epoch=9 lr=2.00e-04 G=4.782 advA2B=0.477 advB2A=0.494 cycA=0.118 cycB=0.138 idtA=0.122 idtB=0.129 D_A=0.183 D_B=0.189 D_A(real)=0.67 D_A(fake)=0.33 gnG=31.72 gnD=11.45 it_per_s=10.14
2026-10-02 12:31:24,010 INFO iter=57600 epoch=9 lr=2.00e-04 G=4.785 advA2B=0.477 advB2A=0.489 cycA=0.118 cycB=0.139 idtA=0.122 idtB=0.129 D_A=0.182 D_B=0.189 D_A(real)=0.67 D_A(fake)=0.33 gnG=31.76 gnD=11.43 it_per_s=10.14
2026-10-02 12:31:33,849 INFO iter=57700 epoch=9 lr=2.00e-04 G=4.784 advA2B=0.476 advB2A=0.492 cycA=0.118 cycB=0.139 idtA=0.122 idtB=0.129 D_A=0.183 D_B=0.190 D_A(real)=0.67 D_A(fake)=0.33 gnG=31.74 gnD=11.45 it_per_s=10.14
2026-10-02 12:31:43,674 INFO iter=57800 epoch=9 lr=2.00e-04 G=4.787 advA2B=0.476 advB2A=0.498 cycA=0.118 cycB=0.138 idtA=0.122 idtB=0.128 D_A=0.182 D_B=0.190 D_A(real)=0.67 D_A(fake)=0.33 gnG=31.69 gnD=11.44 it_per_s=10.14
2026-10-02 12:31:53,506 INFO iter=57900 epoch=9 lr=2.00e-04 G=4.794 advA2B=0.478 advB2A=0.497 cycA=0.118 cycB=0.139 idtA=0.122 idtB=0.129 D_A=0.184 D_B=0.190 D_A(real)=0.67 D_A(fake)=0.33 gnG=31.77 gnD=11.48 it_per_s=10.14
2026-10-02 12:32:03,360 INFO iter=58000 epoch=9 lr=2.00e-04 G=4.805 advA2B=0.477 advB2A=0.498 cycA=0.118 cycB=0.139 idtA=0.123 idtB=0.129 D_A=0.183 D_B=0.189 D_A(real)=0.67 D_A(fake)=0.33 gnG=31.98 gnD=11.45 it_per_s=10.14
2026-10-02 12:32:13,224 INFO iter=58100 epoch=9 lr=2.00e-04 G=4.787 advA2B=0.476 advB2A=0.495 cycA=0.118 cycB=0.138 idtA=0.122 idtB=0.128 D_A=0.184 D_B=0.188 D_A(real)=0.67 D_A(fake)=0.33 gnG=31.94 gnD=11.47 it_per_s=10.14
2026-10-02 12:32:23,045 INFO iter=58200 epoch=9 lr=2.00e-04 G=4.798 advA2B=0.477 advB2A=0.496 cycA=0.118 cycB=0.139 idtA=0.122 idtB=0.129 D_A=0.183 D_B=0.189 D_A(real)=0.67 D_A(fake)=0.33 gnG=32.01 gnD=11.53 it_per_s=10.15
2026-10-02 12:32:32,843 INFO iter=58300 epoch=9 lr=2.00e-04 G=4.798 advA2B=0.478 advB2A=0.497 cycA=0.118 cycB=0.139 idtA=0.122 idtB=0.128 D_A=0.183 D_B=0.188 D_A(real)=0.67 D_A(fake)=0.33 gnG=31.91 gnD=11.50 it_per_s=10.15
2026-10-02 12:32:42,687 INFO iter=58400 epoch=9 lr=2.00e-04 G=4.792 advA2B=0.478 advB2A=0.496 cycA=0.118 cycB=0.138 idtA=0.122 idtB=0.128 D_A=0.182 D_B=0.188 D_A(real)=0.67 D_A(fake)=0.33 gnG=31.82 gnD=11.49 it_per_s=10.15
2026-10-02 12:32:52,523 INFO iter=58500 epoch=9 lr=2.00e-04 G=4.795 advA2B=0.479 advB2A=0.496 cycA=0.118 cycB=0.138 idtA=0.122 idtB=0.129 D_A=0.182 D_B=0.188 D_A(real)=0.67 D_A(fake)=0.33 gnG=31.81 gnD=11.48 it_per_s=10.15
2026-10-02 12:33:02,400 INFO iter=58600 epoch=9 lr=2.00e-04 G=4.797 advA2B=0.479 advB2A=0.497 cycA=0.118 cycB=0.138 idtA=0.122 idtB=0.129 D_A=0.182 D_B=0.188 D_A(real)=0.67 D_A(fake)=0.33 gnG=31.80 gnD=11.53 it_per_s=10.15
2026-10-02 12:33:12,265 INFO iter=58700 epoch=9 lr=2.00e-04 G=4.793 advA2B=0.479 advB2A=0.497 cycA=0.118 cycB=0.138 idtA=0.122 idtB=0.129 D_A=0.182 D_B=0.188 D_A(real)=0.67 D_A(fake)=0.33 gnG=31.78 gnD=11.50 it_per_s=10.15
2026-10-02 12:33:22,088 INFO iter=58800 epoch=9 lr=2.00e-04 G=4.790 advA2B=0.477 advB2A=0.497 cycA=0.118 cycB=0.138 idtA=0.122 idtB=0.129 D_A=0.182 D_B=0.188 D_A(real)=0.67 D_A(fake)=0.33 gnG=31.79 gnD=11.46 it_per_s=10.15
2026-10-02 12:33:32,003 INFO iter=58900 epoch=9 lr=2.00e-04 G=4.785 advA2B=0.477 advB2A=0.498 cycA=0.118 cycB=0.138 idtA=0.122 idtB=0.129 D_A=0.181 D_B=0.188 D_A(real)=0.67 D_A(fake)=0.33 gnG=31.75 gnD=11.47 it_per_s=10.15
2026-10-02 12:33:41,963 INFO iter=59000 epoch=9 lr=2.00e-04 G=4.783 advA2B=0.478 advB2A=0.497 cycA=0.118 cycB=0.138 idtA=0.122 idtB=0.128 D_A=0.181 D_B=0.187 D_A(real)=0.67 D_A(fake)=0.33 gnG=31.74 gnD=11.48 it_per_s=10.14
2026-10-02 12:33:51,951 INFO iter=59100 epoch=9 lr=2.00e-04 G=4.782 advA2B=0.477 advB2A=0.498 cycA=0.118 cycB=0.138 idtA=0.122 idtB=0.128 D_A=0.180 D_B=0.188 D_A(real)=0.67 D_A(fake)=0.33 gnG=31.76 gnD=11.48 it_per_s=10.14
2026-10-02 12:34:01,803 INFO iter=59200 epoch=9 lr=2.00e-04 G=4.779 advA2B=0.477 advB2A=0.499 cycA=0.118 cycB=0.138 idtA=0.122 idtB=0.128 D_A=0.181 D_B=0.188 D_A(real)=0.67 D_A(fake)=0.33 gnG=31.71 gnD=11.48 it_per_s=10.14
2026-10-02 12:34:12,391 INFO iter=59300 epoch=9 lr=2.00e-04 G=4.773 advA2B=0.476 advB2A=0.499 cycA=0.118 cycB=0.137 idtA=0.122 idtB=0.128 D_A=0.181 D_B=0.189 D_A(real)=0.67 D_A(fake)=0.33 gnG=31.69 gnD=11.49 it_per_s=10.11
2026-10-02 12:34:22,312 INFO iter=59400 epoch=9 lr=2.00e-04 G=4.772 advA2B=0.476 advB2A=0.499 cycA=0.118 cycB=0.137 idtA=0.122 idtB=0.128 D_A=0.181 D_B=0.189 D_A(real)=0.67 D_A(fake)=0.33 gnG=31.68 gnD=11.47 it_per_s=10.11
2026-10-02 12:34:32,222 INFO iter=59500 epoch=9 lr=2.00e-04 G=4.777 advA2B=0.478 advB2A=0.500 cycA=0.118 cycB=0.137 idtA=0.122 idtB=0.128 D_A=0.181 D_B=0.188 D_A(real)=0.67 D_A(fake)=0.33 gnG=31.67 gnD=11.46 it_per_s=10.11
2026-10-02 12:34:42,182 INFO iter=59600 epoch=9 lr=2.00e-04 G=4.772 advA2B=0.476 advB2A=0.501 cycA=0.117 cycB=0.137 idtA=0.122 idtB=0.128 D_A=0.180 D_B=0.188 D_A(real)=0.67 D_A(fake)=0.33 gnG=31.66 gnD=11.46 it_per_s=10.11
2026-10-02 12:34:52,078 INFO iter=59700 epoch=9 lr=2.00e-04 G=4.780 advA2B=0.476 advB2A=0.501 cycA=0.117 cycB=0.138 idtA=0.122 idtB=0.128 D_A=0.180 D_B=0.188 D_A(real)=0.67 D_A(fake)=0.33 gnG=31.79 gnD=11.46 it_per_s=10.11
2026-10-02 12:35:01,971 INFO iter=59800 epoch=9 lr=2.00e-04 G=4.775 advA2B=0.475 advB2A=0.500 cycA=0.117 cycB=0.138 idtA=0.122 idtB=0.128 D_A=0.180 D_B=0.189 D_A(real)=0.67 D_A(fake)=0.33 gnG=31.84 gnD=11.45 it_per_s=10.11
2026-10-02 12:35:11,842 INFO iter=59900 epoch=9 lr=2.00e-04 G=4.779 advA2B=0.476 advB2A=0.501 cycA=0.118 cycB=0.138 idtA=0.122 idtB=0.128 D_A=0.180 D_B=0.189 D_A(real)=0.67 D_A(fake)=0.33 gnG=31.87 gnD=11.46 it_per_s=10.11
2026-10-02 12:35:21,719 INFO iter=60000 epoch=9 lr=2.00e-04 G=4.785 advA2B=0.476 advB2A=0.504 cycA=0.118 cycB=0.138 idtA=0.122 idtB=0.128 D_A=0.180 D_B=0.189 D_A(real)=0.67 D_A(fake)=0.33 gnG=31.89 gnD=11.46 it_per_s=10.11
2026-10-02 12:35:31,528 INFO iter=60100 epoch=9 lr=2.00e-04 G=4.784 advA2B=0.476 advB2A=0.504 cycA=0.118 cycB=0.138 idtA=0.122 idtB=0.128 D_A=0.179 D_B=0.188 D_A(real)=0.67 D_A(fake)=0.33 gnG=31.94 gnD=11.45 it_per_s=10.11
2026-10-02 12:35:41,384 INFO iter=60200 epoch=9 lr=2.00e-04 G=4.786 advA2B=0.477 advB2A=0.504 cycA=0.118 cycB=0.138 idtA=0.122 idtB=0.128 D_A=0.179 D_B=0.189 D_A(real)=0.68 D_A(fake)=0.32 gnG=31.96 gnD=11.46 it_per_s=10.11
2026-10-02 12:35:51,231 INFO iter=60300 epoch=9 lr=2.00e-04 G=4.785 advA2B=0.476 advB2A=0.505 cycA=0.118 cycB=0.138 idtA=0.122 idtB=0.128 D_A=0.179 D_B=0.188 D_A(real)=0.68 D_A(fake)=0.32 gnG=31.99 gnD=11.43 it_per_s=10.11
2026-10-02 12:36:01,103 INFO iter=60400 epoch=9 lr=2.00e-04 G=4.784 advA2B=0.476 advB2A=0.506 cycA=0.118 cycB=0.138 idtA=0.122 idtB=0.128 D_A=0.179 D_B=0.188 D_A(real)=0.68 D_A(fake)=0.32 gnG=31.99 gnD=11.41 it_per_s=10.12
2026-10-02 12:36:10,937 INFO iter=60500 epoch=9 lr=2.00e-04 G=4.782 advA2B=0.476 advB2A=0.506 cycA=0.118 cycB=0.138 idtA=0.122 idtB=0.128 D_A=0.179 D_B=0.188 D_A(real)=0.68 D_A(fake)=0.32 gnG=31.98 gnD=11.42 it_per_s=10.12
2026-10-02 12:36:20,730 INFO iter=60600 epoch=9 lr=2.00e-04 G=4.780 advA2B=0.476 advB2A=0.506 cycA=0.118 cycB=0.138 idtA=0.122 idtB=0.128 D_A=0.178 D_B=0.188 D_A(real)=0.68 D_A(fake)=0.32 gnG=32.00 gnD=11.42 it_per_s=10.12
2026-10-02 12:36:30,588 INFO iter=60700 epoch=9 lr=2.00e-04 G=4.778 advA2B=0.477 advB2A=0.505 cycA=0.117 cycB=0.138 idtA=0.122 idtB=0.128 D_A=0.178 D_B=0.188 D_A(real)=0.68 D_A(fake)=0.32 gnG=32.04 gnD=11.43 it_per_s=10.12
2026-10-02 12:36:40,418 INFO iter=60800 epoch=9 lr=2.00e-04 G=4.779 advA2B=0.478 advB2A=0.505 cycA=0.117 cycB=0.138 idtA=0.122 idtB=0.128 D_A=0.178 D_B=0.188 D_A(real)=0.68 D_A(fake)=0.32 gnG=32.00 gnD=11.43 it_per_s=10.12
2026-10-02 12:36:50,254 INFO iter=60900 epoch=9 lr=2.00e-04 G=4.777 advA2B=0.478 advB2A=0.506 cycA=0.117 cycB=0.137 idtA=0.122 idtB=0.128 D_A=0.178 D_B=0.188 D_A(real)=0.68 D_A(fake)=0.32 gnG=31.98 gnD=11.43 it_per_s=10.12
2026-10-02 12:37:00,133 INFO iter=61000 epoch=9 lr=2.00e-04 G=4.776 advA2B=0.478 advB2A=0.506 cycA=0.117 cycB=0.137 idtA=0.121 idtB=0.128 D_A=0.177 D_B=0.188 D_A(real)=0.68 D_A(fake)=0.32 gnG=32.00 gnD=11.43 it_per_s=10.12
2026-10-02 12:37:09,986 INFO iter=61100 epoch=9 lr=2.00e-04 G=4.777 advA2B=0.478 advB2A=0.505 cycA=0.117 cycB=0.137 idtA=0.121 idtB=0.128 D_A=0.178 D_B=0.188 D_A(real)=0.68 D_A(fake)=0.32 gnG=32.02 gnD=11.44 it_per_s=10.12
2026-10-02 12:37:19,816 INFO iter=61200 epoch=9 lr=2.00e-04 G=4.773 advA2B=0.478 advB2A=0.506 cycA=0.117 cycB=0.137 idtA=0.121 idtB=0.127 D_A=0.178 D_B=0.187 D_A(real)=0.68 D_A(fake)=0.32 gnG=31.97 gnD=11.45 it_per_s=10.12
2026-10-02 12:37:29,636 INFO iter=61300 epoch=9 lr=2.00e-04 G=4.771 advA2B=0.478 advB2A=0.505 cycA=0.117 cycB=0.137 idtA=0.121 idtB=0.127 D_A=0.177 D_B=0.188 D_A(real)=0.68 D_A(fake)=0.32 gnG=31.96 gnD=11.46 it_per_s=10.12
2026-10-02 12:37:39,482 INFO iter=61400 epoch=9 lr=2.00e-04 G=4.775 advA2B=0.478 advB2A=0.505 cycA=0.117 cycB=0.137 idtA=0.121 idtB=0.128 D_A=0.178 D_B=0.187 D_A(real)=0.68 D_A(fake)=0.32 gnG=32.00 gnD=11.45 it_per_s=10.12
2026-10-02 12:37:49,308 INFO iter=61500 epoch=9 lr=2.00e-04 G=4.774 advA2B=0.478 advB2A=0.506 cycA=0.117 cycB=0.137 idtA=0.121 idtB=0.128 D_A=0.177 D_B=0.187 D_A(real)=0.68 D_A(fake)=0.32 gnG=31.98 gnD=11.44 it_per_s=10.13
2026-10-02 12:37:59,178 INFO iter=61600 epoch=9 lr=2.00e-04 G=4.779 advA2B=0.478 advB2A=0.508 cycA=0.117 cycB=0.137 idtA=0.121 idtB=0.128 D_A=0.177 D_B=0.187 D_A(real)=0.68 D_A(fake)=0.32 gnG=31.98 gnD=11.44 it_per_s=10.13
2026-10-02 12:38:09,052 INFO iter=61700 epoch=9 lr=2.00e-04 G=4.777 advA2B=0.477 advB2A=0.509 cycA=0.117 cycB=0.137 idtA=0.121 idtB=0.128 D_A=0.176 D_B=0.187 D_A(real)=0.68 D_A(fake)=0.32 gnG=31.94 gnD=11.44 it_per_s=10.13
2026-10-02 12:38:18,900 INFO iter=61800 epoch=9 lr=2.00e-04 G=4.774 advA2B=0.477 advB2A=0.509 cycA=0.117 cycB=0.137 idtA=0.121 idtB=0.128 D_A=0.176 D_B=0.187 D_A(real)=0.68 D_A(fake)=0.32 gnG=31.87 gnD=11.44 it_per_s=10.13
2026-10-02 12:38:28,808 INFO iter=61900 epoch=9 lr=2.00e-04 G=4.776 advA2B=0.478 advB2A=0.508 cycA=0.117 cycB=0.137 idtA=0.121 idtB=0.128 D_A=0.176 D_B=0.187 D_A(real)=0.68 D_A(fake)=0.32 gnG=31.85 gnD=11.45 it_per_s=10.13
2026-10-02 12:38:38,716 INFO iter=62000 epoch=9 lr=2.00e-04 G=4.779 advA2B=0.477 advB2A=0.510 cycA=0.117 cycB=0.137 idtA=0.122 idtB=0.128 D_A=0.176 D_B=0.187 D_A(real)=0.68 D_A(fake)=0.32 gnG=31.85 gnD=11.45 it_per_s=10.13
2026-10-02 12:38:48,498 INFO iter=62100 epoch=9 lr=2.00e-04 G=4.776 advA2B=0.477 advB2A=0.511 cycA=0.117 cycB=0.137 idtA=0.122 idtB=0.127 D_A=0.176 D_B=0.187 D_A(real)=0.68 D_A(fake)=0.32 gnG=31.83 gnD=11.44 it_per_s=10.13
2026-10-02 12:38:58,391 INFO iter=62200 epoch=9 lr=2.00e-04 G=4.773 advA2B=0.477 advB2A=0.510 cycA=0.117 cycB=0.137 idtA=0.122 idtB=0.127 D_A=0.176 D_B=0.187 D_A(real)=0.68 D_A(fake)=0.32 gnG=31.84 gnD=11.43 it_per_s=10.13
2026-10-02 12:39:08,225 INFO iter=62300 epoch=9 lr=2.00e-04 G=4.776 advA2B=0.477 advB2A=0.512 cycA=0.117 cycB=0.137 idtA=0.122 idtB=0.127 D_A=0.175 D_B=0.187 D_A(real)=0.68 D_A(fake)=0.32 gnG=31.86 gnD=11.43 it_per_s=10.13
2026-10-02 12:39:18,058 INFO iter=62400 epoch=9 lr=2.00e-04 G=4.780 advA2B=0.478 advB2A=0.512 cycA=0.117 cycB=0.137 idtA=0.122 idtB=0.128 D_A=0.175 D_B=0.186 D_A(real)=0.68 D_A(fake)=0.32 gnG=31.88 gnD=11.43 it_per_s=10.13
2026-10-02 12:39:27,892 INFO iter=62500 epoch=9 lr=2.00e-04 G=4.781 advA2B=0.478 advB2A=0.512 cycA=0.117 cycB=0.137 idtA=0.122 idtB=0.128 D_A=0.175 D_B=0.187 D_A(real)=0.68 D_A(fake)=0.32 gnG=31.86 gnD=11.43 it_per_s=10.13
2026-10-02 12:39:37,757 INFO iter=62600 epoch=9 lr=2.00e-04 G=4.780 advA2B=0.477 advB2A=0.513 cycA=0.117 cycB=0.137 idtA=0.122 idtB=0.128 D_A=0.175 D_B=0.187 D_A(real)=0.68 D_A(fake)=0.32 gnG=31.84 gnD=11.42 it_per_s=10.13
2026-10-02 12:39:47,598 INFO iter=62700 epoch=9 lr=2.00e-04 G=4.777 advA2B=0.476 advB2A=0.513 cycA=0.117 cycB=0.137 idtA=0.121 idtB=0.127 D_A=0.175 D_B=0.187 D_A(real)=0.68 D_A(fake)=0.32 gnG=31.85 gnD=11.42 it_per_s=10.13
2026-10-02 12:39:57,470 INFO iter=62800 epoch=9 lr=2.00e-04 G=4.778 advA2B=0.477 advB2A=0.514 cycA=0.117 cycB=0.137 idtA=0.122 idtB=0.127 D_A=0.174 D_B=0.187 D_A(real)=0.68 D_A(fake)=0.32 gnG=31.86 gnD=11.41 it_per_s=10.13
2026-10-02 12:40:07,349 INFO iter=62900 epoch=9 lr=2.00e-04 G=4.777 advA2B=0.476 advB2A=0.514 cycA=0.117 cycB=0.137 idtA=0.122 idtB=0.127 D_A=0.174 D_B=0.187 D_A(real)=0.68 D_A(fake)=0.32 gnG=31.84 gnD=11.41 it_per_s=10.13
2026-10-02 12:40:17,127 INFO iter=63000 epoch=9 lr=2.00e-04 G=4.775 advA2B=0.476 advB2A=0.515 cycA=0.117 cycB=0.137 idtA=0.121 idtB=0.127 D_A=0.174 D_B=0.187 D_A(real)=0.69 D_A(fake)=0.31 gnG=31.84 gnD=11.39 it_per_s=10.13
2026-10-02 12:40:26,973 INFO iter=63100 epoch=9 lr=2.00e-04 G=4.777 advA2B=0.476 advB2A=0.515 cycA=0.117 cycB=0.137 idtA=0.121 idtB=0.127 D_A=0.174 D_B=0.187 D_A(real)=0.69 D_A(fake)=0.31 gnG=31.84 gnD=11.39 it_per_s=10.13
2026-10-02 12:40:36,766 INFO iter=63200 epoch=9 lr=2.00e-04 G=4.780 advA2B=0.476 advB2A=0.516 cycA=0.117 cycB=0.137 idtA=0.121 idtB=0.128 D_A=0.174 D_B=0.187 D_A(real)=0.69 D_A(fake)=0.31 gnG=31.83 gnD=11.39 it_per_s=10.13
2026-10-02 12:40:46,634 INFO iter=63300 epoch=9 lr=2.00e-04 G=4.777 advA2B=0.476 advB2A=0.516 cycA=0.117 cycB=0.137 idtA=0.121 idtB=0.127 D_A=0.174 D_B=0.187 D_A(real)=0.69 D_A(fake)=0.31 gnG=31.79 gnD=11.38 it_per_s=10.13
2026-10-02 12:40:50,751 INFO epoch=9 done time_s=695 it_per_s=10.13 G=4.777 cycA=0.117 cycB=0.137 idtA=0.121 idtB=0.127 D_A=0.174 D_B=0.187 D_A(real)=0.69 D_A(fake)=0.31 nan_count=0
2026-10-02 12:40:56,941 INFO iter=63400 epoch=10 lr=2.00e-04 G=4.600 advA2B=0.513 advB2A=0.541 cycA=0.109 cycB=0.127 idtA=0.114 idtB=0.123 D_A=0.182 D_B=0.179 D_A(real)=0.68 D_A(fake)=0.33 gnG=28.14 gnD=11.12 it_per_s=10.24
2026-10-02 12:41:06,963 INFO iter=63500 epoch=10 lr=2.00e-04 G=4.631 advA2B=0.496 advB2A=0.540 cycA=0.114 cycB=0.128 idtA=0.114 idtB=0.121 D_A=0.162 D_B=0.180 D_A(real)=0.71 D_A(fake)=0.29 gnG=29.83 gnD=10.69 it_per_s=10.07
2026-10-02 12:41:16,854 INFO iter=63600 epoch=10 lr=2.00e-04 G=4.707 advA2B=0.495 advB2A=0.536 cycA=0.114 cycB=0.134 idtA=0.116 idtB=0.125 D_A=0.160 D_B=0.188 D_A(real)=0.71 D_A(fake)=0.29 gnG=29.86 gnD=10.83 it_per_s=10.09
2026-10-02 12:41:26,659 INFO iter=63700 epoch=10 lr=2.00e-04 G=4.762 advA2B=0.493 advB2A=0.561 cycA=0.115 cycB=0.135 idtA=0.117 idtB=0.125 D_A=0.160 D_B=0.185 D_A(real)=0.71 D_A(fake)=0.28 gnG=30.70 gnD=10.80 it_per_s=10.12
2026-10-02 12:41:36,497 INFO iter=63800 epoch=10 lr=2.00e-04 G=4.801 advA2B=0.486 advB2A=0.560 cycA=0.116 cycB=0.137 idtA=0.119 idtB=0.127 D_A=0.157 D_B=0.185 D_A(real)=0.72 D_A(fake)=0.28 gnG=31.67 gnD=10.76 it_per_s=10.13
2026-10-02 12:41:46,297 INFO iter=63900 epoch=10 lr=2.00e-04 G=4.774 advA2B=0.484 advB2A=0.561 cycA=0.116 cycB=0.136 idtA=0.118 idtB=0.126 D_A=0.153 D_B=0.184 D_A(real)=0.72 D_A(fake)=0.28 gnG=32.20 gnD=10.69 it_per_s=10.14
2026-10-02 12:41:56,088 INFO iter=64000 epoch=10 lr=2.00e-04 G=4.792 advA2B=0.482 advB2A=0.562 cycA=0.116 cycB=0.136 idtA=0.119 idtB=0.126 D_A=0.152 D_B=0.185 D_A(real)=0.72 D_A(fake)=0.28 gnG=32.36 gnD=10.67 it_per_s=10.15
2026-10-02 12:42:05,962 INFO iter=64100 epoch=10 lr=2.00e-04 G=4.770 advA2B=0.480 advB2A=0.559 cycA=0.116 cycB=0.135 idtA=0.119 idtB=0.124 D_A=0.153 D_B=0.185 D_A(real)=0.72 D_A(fake)=0.28 gnG=32.18 gnD=10.74 it_per_s=10.15
2026-10-02 12:42:15,816 INFO iter=64200 epoch=10 lr=2.00e-04 G=4.774 advA2B=0.477 advB2A=0.558 cycA=0.116 cycB=0.136 idtA=0.119 idtB=0.125 D_A=0.151 D_B=0.187 D_A(real)=0.72 D_A(fake)=0.28 gnG=32.34 gnD=10.73 it_per_s=10.15
2026-10-02 12:42:25,658 INFO iter=64300 epoch=10 lr=2.00e-04 G=4.757 advA2B=0.476 advB2A=0.562 cycA=0.116 cycB=0.135 idtA=0.118 idtB=0.124 D_A=0.152 D_B=0.186 D_A(real)=0.72 D_A(fake)=0.28 gnG=32.11 gnD=10.82 it_per_s=10.15
2026-10-02 12:42:35,516 INFO iter=64400 epoch=10 lr=2.00e-04 G=4.774 advA2B=0.473 advB2A=0.560 cycA=0.116 cycB=0.136 idtA=0.119 idtB=0.126 D_A=0.152 D_B=0.186 D_A(real)=0.72 D_A(fake)=0.28 gnG=32.13 gnD=10.81 it_per_s=10.15
2026-10-02 12:42:45,383 INFO iter=64500 epoch=10 lr=2.00e-04 G=4.788 advA2B=0.477 advB2A=0.560 cycA=0.116 cycB=0.137 idtA=0.119 idtB=0.126 D_A=0.153 D_B=0.185 D_A(real)=0.72 D_A(fake)=0.28 gnG=32.19 gnD=10.82 it_per_s=10.15
2026-10-02 12:42:55,219 INFO iter=64600 epoch=10 lr=2.00e-04 G=4.786 advA2B=0.479 advB2A=0.561 cycA=0.116 cycB=0.136 idtA=0.119 idtB=0.126 D_A=0.152 D_B=0.184 D_A(real)=0.72 D_A(fake)=0.28 gnG=32.19 gnD=10.84 it_per_s=10.15
2026-10-02 12:43:05,080 INFO iter=64700 epoch=10 lr=2.00e-04 G=4.771 advA2B=0.479 advB2A=0.563 cycA=0.116 cycB=0.136 idtA=0.119 idtB=0.125 D_A=0.152 D_B=0.184 D_A(real)=0.72 D_A(fake)=0.28 gnG=32.14 gnD=10.86 it_per_s=10.15
2026-10-02 12:43:14,916 INFO iter=64800 epoch=10 lr=2.00e-04 G=4.773 advA2B=0.477 advB2A=0.566 cycA=0.116 cycB=0.135 idtA=0.119 idtB=0.124 D_A=0.152 D_B=0.184 D_A(real)=0.72 D_A(fake)=0.28 gnG=32.22 gnD=10.87 it_per_s=10.15
2026-10-02 12:43:24,729 INFO iter=64900 epoch=10 lr=2.00e-04 G=4.763 advA2B=0.478 advB2A=0.566 cycA=0.116 cycB=0.135 idtA=0.119 idtB=0.124 D_A=0.152 D_B=0.183 D_A(real)=0.72 D_A(fake)=0.28 gnG=32.10 gnD=10.87 it_per_s=10.15
2026-10-02 12:43:34,547 INFO iter=65000 epoch=10 lr=2.00e-04 G=4.760 advA2B=0.480 advB2A=0.567 cycA=0.116 cycB=0.134 idtA=0.119 idtB=0.123 D_A=0.150 D_B=0.182 D_A(real)=0.73 D_A(fake)=0.27 gnG=32.15 gnD=10.84 it_per_s=10.16
2026-10-02 12:43:44,397 INFO iter=65100 epoch=10 lr=2.00e-04 G=4.773 advA2B=0.480 advB2A=0.570 cycA=0.116 cycB=0.135 idtA=0.120 idtB=0.123 D_A=0.149 D_B=0.182 D_A(real)=0.73 D_A(fake)=0.27 gnG=32.17 gnD=10.86 it_per_s=10.15
2026-10-02 12:43:54,216 INFO iter=65200 epoch=10 lr=2.00e-04 G=4.801 advA2B=0.480 advB2A=0.575 cycA=0.116 cycB=0.136 idtA=0.120 idtB=0.124 D_A=0.149 D_B=0.182 D_A(real)=0.73 D_A(fake)=0.27 gnG=32.34 gnD=10.90 it_per_s=10.16
2026-10-02 12:44:04,104 INFO iter=65300 epoch=10 lr=2.00e-04 G=4.800 advA2B=0.479 advB2A=0.582 cycA=0.116 cycB=0.135 idtA=0.121 idtB=0.124 D_A=0.149 D_B=0.183 D_A(real)=0.73 D_A(fake)=0.27 gnG=32.32 gnD=10.92 it_per_s=10.15
2026-10-02 12:44:13,993 INFO iter=65400 epoch=10 lr=2.00e-04 G=4.794 advA2B=0.477 advB2A=0.582 cycA=0.116 cycB=0.135 idtA=0.121 idtB=0.123 D_A=0.150 D_B=0.183 D_A(real)=0.73 D_A(fake)=0.27 gnG=32.28 gnD=10.95 it_per_s=10.15
2026-10-02 12:44:23,922 INFO iter=65500 epoch=10 lr=2.00e-04 G=4.789 advA2B=0.475 advB2A=0.581 cycA=0.116 cycB=0.135 idtA=0.121 idtB=0.123 D_A=0.149 D_B=0.183 D_A(real)=0.73 D_A(fake)=0.27 gnG=32.21 gnD=10.93 it_per_s=10.15
2026-10-02 12:44:33,767 INFO iter=65600 epoch=10 lr=2.00e-04 G=4.792 advA2B=0.475 advB2A=0.584 cycA=0.116 cycB=0.135 idtA=0.121 idtB=0.123 D_A=0.148 D_B=0.183 D_A(real)=0.73 D_A(fake)=0.27 gnG=32.14 gnD=10.89 it_per_s=10.15
2026-10-02 12:44:43,576 INFO iter=65700 epoch=10 lr=2.00e-04 G=4.787 advA2B=0.474 advB2A=0.583 cycA=0.116 cycB=0.135 idtA=0.121 idtB=0.123 D_A=0.147 D_B=0.183 D_A(real)=0.73 D_A(fake)=0.27 gnG=32.06 gnD=10.89 it_per_s=10.15
2026-10-02 12:44:53,419 INFO iter=65800 epoch=10 lr=2.00e-04 G=4.797 advA2B=0.475 advB2A=0.586 cycA=0.116 cycB=0.135 idtA=0.121 idtB=0.124 D_A=0.148 D_B=0.184 D_A(real)=0.73 D_A(fake)=0.27 gnG=32.13 gnD=10.93 it_per_s=10.15
2026-10-02 12:45:03,239 INFO iter=65900 epoch=10 lr=2.00e-04 G=4.806 advA2B=0.474 advB2A=0.586 cycA=0.116 cycB=0.136 idtA=0.121 idtB=0.124 D_A=0.148 D_B=0.183 D_A(real)=0.73 D_A(fake)=0.27 gnG=32.26 gnD=10.96 it_per_s=10.15
2026-10-02 12:45:12,988 INFO iter=66000 epoch=10 lr=2.00e-04 G=4.801 advA2B=0.474 advB2A=0.585 cycA=0.116 cycB=0.136 idtA=0.121 idtB=0.124 D_A=0.148 D_B=0.183 D_A(real)=0.73 D_A(fake)=0.27 gnG=32.18 gnD=10.98 it_per_s=10.16
2026-10-02 12:45:22,812 INFO iter=66100 epoch=10 lr=2.00e-04 G=4.794 advA2B=0.474 advB2A=0.584 cycA=0.116 cycB=0.135 idtA=0.121 idtB=0.124 D_A=0.148 D_B=0.183 D_A(real)=0.73 D_A(fake)=0.27 gnG=32.12 gnD=10.98 it_per_s=10.16
2026-10-02 12:45:32,617 INFO iter=66200 epoch=10 lr=2.00e-04 G=4.786 advA2B=0.475 advB2A=0.583 cycA=0.116 cycB=0.135 idtA=0.121 idtB=0.124 D_A=0.148 D_B=0.183 D_A(real)=0.73 D_A(fake)=0.27 gnG=32.05 gnD=10.96 it_per_s=10.16
2026-10-02 12:45:42,422 INFO iter=66300 epoch=10 lr=2.00e-04 G=4.791 advA2B=0.475 advB2A=0.583 cycA=0.116 cycB=0.135 idtA=0.120 idtB=0.124 D_A=0.148 D_B=0.183 D_A(real)=0.73 D_A(fake)=0.27 gnG=32.00 gnD=10.99 it_per_s=10.16
2026-10-02 12:45:52,230 INFO iter=66400 epoch=10 lr=2.00e-04 G=4.792 advA2B=0.477 advB2A=0.583 cycA=0.116 cycB=0.135 idtA=0.120 idtB=0.124 D_A=0.147 D_B=0.182 D_A(real)=0.73 D_A(fake)=0.27 gnG=32.03 gnD=11.00 it_per_s=10.16
2026-10-02 12:46:02,056 INFO iter=66500 epoch=10 lr=2.00e-04 G=4.794 advA2B=0.476 advB2A=0.583 cycA=0.116 cycB=0.135 idtA=0.120 idtB=0.124 D_A=0.147 D_B=0.182 D_A(real)=0.73 D_A(fake)=0.27 gnG=32.05 gnD=10.99 it_per_s=10.16
2026-10-02 12:46:11,898 INFO iter=66600 epoch=10 lr=2.00e-04 G=4.796 advA2B=0.477 advB2A=0.583 cycA=0.116 cycB=0.136 idtA=0.120 idtB=0.124 D_A=0.147 D_B=0.182 D_A(real)=0.73 D_A(fake)=0.27 gnG=32.12 gnD=10.99 it_per_s=10.16
2026-10-02 12:46:21,730 INFO iter=66700 epoch=10 lr=2.00e-04 G=4.796 advA2B=0.478 advB2A=0.585 cycA=0.116 cycB=0.135 idtA=0.120 idtB=0.125 D_A=0.147 D_B=0.182 D_A(real)=0.73 D_A(fake)=0.27 gnG=32.08 gnD=10.99 it_per_s=10.16
2026-10-02 12:46:31,536 INFO iter=66800 epoch=10 lr=2.00e-04 G=4.796 advA2B=0.479 advB2A=0.585 cycA=0.116 cycB=0.135 idtA=0.120 idtB=0.124 D_A=0.147 D_B=0.181 D_A(real)=0.73 D_A(fake)=0.27 gnG=32.11 gnD=11.01 it_per_s=10.16
2026-10-02 12:46:41,363 INFO iter=66900 epoch=10 lr=2.00e-04 G=4.795 advA2B=0.479 advB2A=0.585 cycA=0.116 cycB=0.135 idtA=0.120 idtB=0.124 D_A=0.147 D_B=0.182 D_A(real)=0.73 D_A(fake)=0.27 gnG=32.15 gnD=11.02 it_per_s=10.16
2026-10-02 12:46:51,176 INFO iter=67000 epoch=10 lr=2.00e-04 G=4.798 advA2B=0.480 advB2A=0.586 cycA=0.116 cycB=0.135 idtA=0.120 idtB=0.124 D_A=0.147 D_B=0.182 D_A(real)=0.73 D_A(fake)=0.27 gnG=32.18 gnD=11.03 it_per_s=10.16
2026-10-02 12:47:00,978 INFO iter=67100 epoch=10 lr=2.00e-04 G=4.795 advA2B=0.479 advB2A=0.586 cycA=0.115 cycB=0.135 idtA=0.120 idtB=0.124 D_A=0.148 D_B=0.182 D_A(real)=0.73 D_A(fake)=0.27 gnG=32.17 gnD=11.04 it_per_s=10.16
2026-10-02 12:47:10,792 INFO iter=67200 epoch=10 lr=2.00e-04 G=4.800 advA2B=0.482 advB2A=0.587 cycA=0.116 cycB=0.135 idtA=0.120 idtB=0.125 D_A=0.147 D_B=0.181 D_A(real)=0.73 D_A(fake)=0.27 gnG=32.20 gnD=11.04 it_per_s=10.17
2026-10-02 12:47:20,706 INFO iter=67300 epoch=10 lr=2.00e-04 G=4.803 advA2B=0.481 advB2A=0.588 cycA=0.116 cycB=0.136 idtA=0.120 idtB=0.125 D_A=0.147 D_B=0.181 D_A(real)=0.73 D_A(fake)=0.27 gnG=32.16 gnD=11.04 it_per_s=10.16
2026-10-02 12:47:30,572 INFO iter=67400 epoch=10 lr=2.00e-04 G=4.802 advA2B=0.481 advB2A=0.586 cycA=0.115 cycB=0.136 idtA=0.120 idtB=0.125 D_A=0.147 D_B=0.181 D_A(real)=0.73 D_A(fake)=0.27 gnG=32.15 gnD=11.03 it_per_s=10.16
2026-10-02 12:47:40,393 INFO iter=67500 epoch=10 lr=2.00e-04 G=4.800 advA2B=0.480 advB2A=0.587 cycA=0.115 cycB=0.136 idtA=0.120 idtB=0.125 D_A=0.147 D_B=0.180 D_A(real)=0.73 D_A(fake)=0.27 gnG=32.13 gnD=11.02 it_per_s=10.16
2026-10-02 12:47:50,260 INFO iter=67600 epoch=10 lr=2.00e-04 G=4.801 advA2B=0.481 advB2A=0.588 cycA=0.115 cycB=0.136 idtA=0.120 idtB=0.125 D_A=0.147 D_B=0.180 D_A(real)=0.73 D_A(fake)=0.27 gnG=32.16 gnD=11.02 it_per_s=10.16
2026-10-02 12:48:00,102 INFO iter=67700 epoch=10 lr=2.00e-04 G=4.800 advA2B=0.482 advB2A=0.589 cycA=0.115 cycB=0.136 idtA=0.119 idtB=0.125 D_A=0.146 D_B=0.180 D_A(real)=0.74 D_A(fake)=0.27 gnG=32.14 gnD=11.02 it_per_s=10.16
2026-10-02 12:48:09,966 INFO iter=67800 epoch=10 lr=2.00e-04 G=4.802 advA2B=0.482 advB2A=0.591 cycA=0.115 cycB=0.135 idtA=0.119 idtB=0.125 D_A=0.146 D_B=0.180 D_A(real)=0.74 D_A(fake)=0.27 gnG=32.11 gnD=11.03 it_per_s=10.16
2026-10-02 12:48:19,791 INFO iter=67900 epoch=10 lr=2.00e-04 G=4.798 advA2B=0.483 advB2A=0.591 cycA=0.115 cycB=0.135 idtA=0.119 idtB=0.125 D_A=0.146 D_B=0.180 D_A(real)=0.74 D_A(fake)=0.27 gnG=32.10 gnD=11.03 it_per_s=10.16
2026-10-02 12:48:29,601 INFO iter=68000 epoch=10 lr=2.00e-04 G=4.798 advA2B=0.484 advB2A=0.589 cycA=0.115 cycB=0.135 idtA=0.119 idtB=0.125 D_A=0.146 D_B=0.180 D_A(real)=0.73 D_A(fake)=0.27 gnG=32.11 gnD=11.04 it_per_s=10.16
2026-10-02 12:48:39,382 INFO iter=68100 epoch=10 lr=2.00e-04 G=4.799 advA2B=0.485 advB2A=0.590 cycA=0.115 cycB=0.135 idtA=0.119 idtB=0.125 D_A=0.146 D_B=0.180 D_A(real)=0.73 D_A(fake)=0.27 gnG=32.09 gnD=11.04 it_per_s=10.16
2026-10-02 12:48:49,242 INFO iter=68200 epoch=10 lr=2.00e-04 G=4.795 advA2B=0.485 advB2A=0.590 cycA=0.115 cycB=0.135 idtA=0.119 idtB=0.125 D_A=0.146 D_B=0.180 D_A(real)=0.74 D_A(fake)=0.27 gnG=32.05 gnD=11.05 it_per_s=10.16
2026-10-02 12:48:59,068 INFO iter=68300 epoch=10 lr=2.00e-04 G=4.794 advA2B=0.486 advB2A=0.589 cycA=0.115 cycB=0.135 idtA=0.119 idtB=0.125 D_A=0.146 D_B=0.180 D_A(real)=0.74 D_A(fake)=0.27 gnG=32.06 gnD=11.04 it_per_s=10.16
2026-10-02 12:49:08,908 INFO iter=68400 epoch=10 lr=2.00e-04 G=4.795 advA2B=0.486 advB2A=0.589 cycA=0.115 cycB=0.135 idtA=0.119 idtB=0.125 D_A=0.146 D_B=0.179 D_A(real)=0.74 D_A(fake)=0.27 gnG=32.08 gnD=11.02 it_per_s=10.16
2026-10-02 12:49:18,841 INFO iter=68500 epoch=10 lr=2.00e-04 G=4.796 advA2B=0.487 advB2A=0.589 cycA=0.115 cycB=0.135 idtA=0.119 idtB=0.125 D_A=0.146 D_B=0.179 D_A(real)=0.74 D_A(fake)=0.27 gnG=32.09 gnD=11.03 it_per_s=10.16
2026-10-02 12:49:28,750 INFO iter=68600 epoch=10 lr=2.00e-04 G=4.789 advA2B=0.487 advB2A=0.589 cycA=0.115 cycB=0.135 idtA=0.119 idtB=0.125 D_A=0.145 D_B=0.179 D_A(real)=0.74 D_A(fake)=0.26 gnG=32.05 gnD=11.02 it_per_s=10.16
2026-10-02 12:49:38,574 INFO iter=68700 epoch=10 lr=2.00e-04 G=4.789 advA2B=0.487 advB2A=0.589 cycA=0.114 cycB=0.135 idtA=0.118 idtB=0.125 D_A=0.145 D_B=0.179 D_A(real)=0.74 D_A(fake)=0.26 gnG=32.04 gnD=11.01 it_per_s=10.16
2026-10-02 12:49:48,402 INFO iter=68800 epoch=10 lr=2.00e-04 G=4.790 advA2B=0.488 advB2A=0.590 cycA=0.115 cycB=0.135 idtA=0.118 idtB=0.125 D_A=0.145 D_B=0.179 D_A(real)=0.74 D_A(fake)=0.26 gnG=32.05 gnD=11.00 it_per_s=10.16
2026-10-02 12:49:58,230 INFO iter=68900 epoch=10 lr=2.00e-04 G=4.789 advA2B=0.487 advB2A=0.590 cycA=0.114 cycB=0.135 idtA=0.118 idtB=0.125 D_A=0.145 D_B=0.180 D_A(real)=0.74 D_A(fake)=0.26 gnG=32.00 gnD=11.00 it_per_s=10.16
2026-10-02 12:50:08,030 INFO iter=69000 epoch=10 lr=2.00e-04 G=4.788 advA2B=0.487 advB2A=0.589 cycA=0.114 cycB=0.135 idtA=0.118 idtB=0.125 D_A=0.145 D_B=0.179 D_A(real)=0.74 D_A(fake)=0.26 gnG=31.95 gnD=11.00 it_per_s=10.16
2026-10-02 12:50:17,972 INFO iter=69100 epoch=10 lr=2.00e-04 G=4.786 advA2B=0.488 advB2A=0.589 cycA=0.114 cycB=0.135 idtA=0.118 idtB=0.125 D_A=0.145 D_B=0.179 D_A(real)=0.74 D_A(fake)=0.26 gnG=31.88 gnD=11.00 it_per_s=10.16
2026-10-02 12:50:27,753 INFO iter=69200 epoch=10 lr=2.00e-04 G=4.783 advA2B=0.488 advB2A=0.589 cycA=0.114 cycB=0.135 idtA=0.118 idtB=0.125 D_A=0.145 D_B=0.179 D_A(real)=0.74 D_A(fake)=0.26 gnG=31.84 gnD=11.01 it_per_s=10.16
2026-10-02 12:50:37,594 INFO iter=69300 epoch=10 lr=2.00e-04 G=4.783 advA2B=0.489 advB2A=0.589 cycA=0.114 cycB=0.135 idtA=0.118 idtB=0.125 D_A=0.145 D_B=0.179 D_A(real)=0.74 D_A(fake)=0.26 gnG=31.83 gnD=11.01 it_per_s=10.16
2026-10-02 12:50:47,379 INFO iter=69400 epoch=10 lr=2.00e-04 G=4.783 advA2B=0.489 advB2A=0.588 cycA=0.114 cycB=0.135 idtA=0.118 idtB=0.125 D_A=0.145 D_B=0.179 D_A(real)=0.74 D_A(fake)=0.26 gnG=31.81 gnD=11.01 it_per_s=10.16
2026-10-02 12:50:57,163 INFO iter=69500 epoch=10 lr=2.00e-04 G=4.788 advA2B=0.490 advB2A=0.588 cycA=0.114 cycB=0.135 idtA=0.118 idtB=0.125 D_A=0.145 D_B=0.179 D_A(real)=0.74 D_A(fake)=0.26 gnG=31.84 gnD=11.01 it_per_s=10.16
2026-10-02 12:51:06,991 INFO iter=69600 epoch=10 lr=2.00e-04 G=4.789 advA2B=0.490 advB2A=0.589 cycA=0.114 cycB=0.135 idtA=0.118 idtB=0.125 D_A=0.145 D_B=0.179 D_A(real)=0.74 D_A(fake)=0.26 gnG=31.84 gnD=11.01 it_per_s=10.16
2026-10-02 12:51:16,781 INFO iter=69700 epoch=10 lr=2.00e-04 G=4.789 advA2B=0.491 advB2A=0.589 cycA=0.114 cycB=0.135 idtA=0.118 idtB=0.125 D_A=0.144 D_B=0.179 D_A(real)=0.74 D_A(fake)=0.26 gnG=31.84 gnD=11.00 it_per_s=10.16
2026-10-02 12:51:26,605 INFO iter=69800 epoch=10 lr=2.00e-04 G=4.788 advA2B=0.491 advB2A=0.589 cycA=0.114 cycB=0.135 idtA=0.118 idtB=0.125 D_A=0.145 D_B=0.179 D_A(real)=0.74 D_A(fake)=0.26 gnG=31.80 gnD=11.01 it_per_s=10.16
2026-10-02 12:51:36,444 INFO iter=69900 epoch=10 lr=2.00e-04 G=4.787 advA2B=0.491 advB2A=0.588 cycA=0.114 cycB=0.135 idtA=0.118 idtB=0.125 D_A=0.144 D_B=0.179 D_A(real)=0.74 D_A(fake)=0.26 gnG=31.85 gnD=11.02 it_per_s=10.16
2026-10-02 12:51:46,273 INFO iter=70000 epoch=10 lr=2.00e-04 G=4.787 advA2B=0.490 advB2A=0.589 cycA=0.114 cycB=0.135 idtA=0.118 idtB=0.125 D_A=0.144 D_B=0.179 D_A(real)=0.74 D_A(fake)=0.26 gnG=31.83 gnD=11.01 it_per_s=10.16
2026-10-02 12:51:56,125 INFO iter=70100 epoch=10 lr=2.00e-04 G=4.783 advA2B=0.490 advB2A=0.588 cycA=0.114 cycB=0.135 idtA=0.118 idtB=0.125 D_A=0.144 D_B=0.179 D_A(real)=0.74 D_A(fake)=0.26 gnG=31.83 gnD=11.00 it_per_s=10.16
2026-10-02 12:52:05,954 INFO iter=70200 epoch=10 lr=2.00e-04 G=4.781 advA2B=0.490 advB2A=0.590 cycA=0.114 cycB=0.135 idtA=0.117 idtB=0.125 D_A=0.145 D_B=0.179 D_A(real)=0.74 D_A(fake)=0.26 gnG=31.88 gnD=11.01 it_per_s=10.16
2026-10-02 12:52:15,776 INFO iter=70300 epoch=10 lr=2.00e-04 G=4.779 advA2B=0.489 advB2A=0.590 cycA=0.114 cycB=0.135 idtA=0.117 idtB=0.125 D_A=0.145 D_B=0.179 D_A(real)=0.74 D_A(fake)=0.26 gnG=31.88 gnD=11.01 it_per_s=10.17
2026-10-02 12:52:23,595 INFO epoch=10 done time_s=692 it_per_s=10.17 G=4.778 cycA=0.114 cycB=0.134 idtA=0.117 idtB=0.125 D_A=0.145 D_B=0.179 D_A(real)=0.74 D_A(fake)=0.26 nan_count=0
2026-10-02 12:52:26,181 INFO iter=70400 epoch=11 lr=2.00e-04 G=4.706 advA2B=0.536 advB2A=0.597 cycA=0.112 cycB=0.129 idtA=0.113 idtB=0.120 D_A=0.109 D_B=0.175 D_A(real)=0.79 D_A(fake)=0.21 gnG=28.02 gnD=10.05 it_per_s=10.03
2026-10-02 12:52:36,002 INFO iter=70500 epoch=11 lr=2.00e-04 G=4.784 advA2B=0.556 advB2A=0.578 cycA=0.111 cycB=0.134 idtA=0.111 idtB=0.129 D_A=0.133 D_B=0.172 D_A(real)=0.75 D_A(fake)=0.25 gnG=30.39 gnD=10.81 it_per_s=10.16
2026-10-02 12:52:45,892 INFO iter=70600 epoch=11 lr=2.00e-04 G=4.800 advA2B=0.535 advB2A=0.598 cycA=0.111 cycB=0.135 idtA=0.113 idtB=0.128 D_A=0.138 D_B=0.172 D_A(real)=0.75 D_A(fake)=0.25 gnG=29.82 gnD=10.93 it_per_s=10.14
2026-10-02 12:52:55,855 INFO iter=70700 epoch=11 lr=2.00e-04 G=4.810 advA2B=0.528 advB2A=0.603 cycA=0.112 cycB=0.135 idtA=0.114 idtB=0.128 D_A=0.141 D_B=0.173 D_A(real)=0.74 D_A(fake)=0.26 gnG=30.31 gnD=10.91 it_per_s=10.10
2026-10-02 12:53:09,971 INFO iter=70800 epoch=11 lr=2.00e-04 G=4.764 advA2B=0.528 advB2A=0.612 cycA=0.111 cycB=0.132 idtA=0.114 idtB=0.125 D_A=0.140 D_B=0.176 D_A(real)=0.74 D_A(fake)=0.26 gnG=30.15 gnD=11.03 it_per_s=9.17
2026-10-02 12:53:21,049 INFO iter=70900 epoch=11 lr=2.00e-04 G=4.755 advA2B=0.517 advB2A=0.609 cycA=0.111 cycB=0.132 idtA=0.114 idtB=0.125 D_A=0.141 D_B=0.174 D_A(real)=0.74 D_A(fake)=0.26 gnG=30.03 gnD=10.92 it_per_s=9.14
2026-10-02 12:53:35,316 INFO iter=71000 epoch=11 lr=2.00e-04 G=4.715 advA2B=0.512 advB2A=0.607 cycA=0.111 cycB=0.130 idtA=0.114 idtB=0.123 D_A=0.141 D_B=0.176 D_A(real)=0.74 D_A(fake)=0.26 gnG=29.81 gnD=10.96 it_per_s=8.72
2026-10-02 12:53:46,271 INFO iter=71100 epoch=11 lr=2.00e-04 G=4.718 advA2B=0.512 advB2A=0.600 cycA=0.111 cycB=0.131 idtA=0.114 idtB=0.123 D_A=0.141 D_B=0.174 D_A(real)=0.74 D_A(fake)=0.26 gnG=29.79 gnD=10.86 it_per_s=8.77
2026-10-02 12:53:56,334 INFO iter=71200 epoch=11 lr=2.00e-04 G=4.723 advA2B=0.514 advB2A=0.600 cycA=0.111 cycB=0.131 idtA=0.114 idtB=0.124 D_A=0.141 D_B=0.174 D_A(real)=0.74 D_A(fake)=0.26 gnG=29.64 gnD=10.85 it_per_s=8.90
2026-10-02 12:54:06,249 INFO iter=71300 epoch=11 lr=2.00e-04 G=4.702 advA2B=0.511 advB2A=0.594 cycA=0.110 cycB=0.131 idtA=0.113 idtB=0.124 D_A=0.139 D_B=0.173 D_A(real)=0.74 D_A(fake)=0.26 gnG=29.90 gnD=10.84 it_per_s=9.01
2026-10-02 12:54:16,048 INFO iter=71400 epoch=11 lr=2.00e-04 G=4.708 advA2B=0.512 advB2A=0.587 cycA=0.110 cycB=0.132 idtA=0.113 idtB=0.124 D_A=0.140 D_B=0.173 D_A(real)=0.74 D_A(fake)=0.26 gnG=30.11 gnD=10.86 it_per_s=9.12
2026-10-02 12:54:25,853 INFO iter=71500 epoch=11 lr=2.00e-04 G=4.706 advA2B=0.509 advB2A=0.587 cycA=0.111 cycB=0.132 idtA=0.113 idtB=0.124 D_A=0.140 D_B=0.175 D_A(real)=0.74 D_A(fake)=0.26 gnG=30.09 gnD=10.92 it_per_s=9.21
2026-10-02 12:54:35,754 INFO iter=71600 epoch=11 lr=2.00e-04 G=4.681 advA2B=0.508 advB2A=0.584 cycA=0.110 cycB=0.131 idtA=0.112 idtB=0.123 D_A=0.142 D_B=0.176 D_A(real)=0.74 D_A(fake)=0.26 gnG=29.95 gnD=10.98 it_per_s=9.27
2026-10-02 12:54:45,644 INFO iter=71700 epoch=11 lr=2.00e-04 G=4.679 advA2B=0.509 advB2A=0.585 cycA=0.110 cycB=0.131 idtA=0.112 idtB=0.123 D_A=0.142 D_B=0.176 D_A(real)=0.74 D_A(fake)=0.26 gnG=29.97 gnD=10.98 it_per_s=9.33
2026-10-02 12:54:55,505 INFO iter=71800 epoch=11 lr=2.00e-04 G=4.677 advA2B=0.507 advB2A=0.586 cycA=0.110 cycB=0.131 idtA=0.112 idtB=0.123 D_A=0.143 D_B=0.175 D_A(real)=0.74 D_A(fake)=0.26 gnG=29.94 gnD=10.98 it_per_s=9.38
2026-10-02 12:55:05,318 INFO iter=71900 epoch=11 lr=2.00e-04 G=4.690 advA2B=0.509 advB2A=0.585 cycA=0.111 cycB=0.131 idtA=0.112 idtB=0.123 D_A=0.143 D_B=0.174 D_A(real)=0.74 D_A(fake)=0.26 gnG=30.14 gnD=10.96 it_per_s=9.43
2026-10-02 12:55:15,132 INFO iter=72000 epoch=11 lr=2.00e-04 G=4.701 advA2B=0.513 advB2A=0.583 cycA=0.111 cycB=0.132 idtA=0.112 idtB=0.124 D_A=0.144 D_B=0.173 D_A(real)=0.74 D_A(fake)=0.26 gnG=30.27 gnD=10.97 it_per_s=9.48
2026-10-02 12:55:24,981 INFO iter=72100 epoch=11 lr=2.00e-04 G=4.704 advA2B=0.518 advB2A=0.584 cycA=0.111 cycB=0.132 idtA=0.112 idtB=0.123 D_A=0.144 D_B=0.172 D_A(real)=0.74 D_A(fake)=0.26 gnG=30.38 gnD=10.96 it_per_s=9.51
2026-10-02 12:55:34,796 INFO iter=72200 epoch=11 lr=2.00e-04 G=4.691 advA2B=0.518 advB2A=0.582 cycA=0.111 cycB=0.131 idtA=0.112 idtB=0.123 D_A=0.144 D_B=0.172 D_A(real)=0.74 D_A(fake)=0.26 gnG=30.37 gnD=10.98 it_per_s=9.55
2026-10-02 12:55:44,634 INFO iter=72300 epoch=11 lr=2.00e-04 G=4.692 advA2B=0.518 advB2A=0.583 cycA=0.110 cycB=0.131 idtA=0.112 idtB=0.123 D_A=0.144 D_B=0.172 D_A(real)=0.74 D_A(fake)=0.26 gnG=30.35 gnD=10.95 it_per_s=9.58
2026-10-02 12:55:54,495 INFO iter=72400 epoch=11 lr=2.00e-04 G=4.697 advA2B=0.518 advB2A=0.586 cycA=0.111 cycB=0.131 idtA=0.112 idtB=0.123 D_A=0.144 D_B=0.171 D_A(real)=0.74 D_A(fake)=0.26 gnG=30.55 gnD=10.98 it_per_s=9.60
2026-10-02 12:56:04,478 INFO iter=72500 epoch=11 lr=2.00e-04 G=4.705 advA2B=0.518 advB2A=0.586 cycA=0.111 cycB=0.132 idtA=0.112 idtB=0.123 D_A=0.144 D_B=0.171 D_A(real)=0.74 D_A(fake)=0.26 gnG=30.68 gnD=11.00 it_per_s=9.62
2026-10-02 12:56:14,367 INFO iter=72600 epoch=11 lr=2.00e-04 G=4.703 advA2B=0.518 advB2A=0.585 cycA=0.111 cycB=0.132 idtA=0.112 idtB=0.123 D_A=0.144 D_B=0.171 D_A(real)=0.74 D_A(fake)=0.26 gnG=30.61 gnD=10.98 it_per_s=9.64
2026-10-02 12:56:24,214 INFO iter=72700 epoch=11 lr=2.00e-04 G=4.702 advA2B=0.519 advB2A=0.584 cycA=0.111 cycB=0.132 idtA=0.112 idtB=0.123 D_A=0.144 D_B=0.171 D_A(real)=0.74 D_A(fake)=0.26 gnG=30.64 gnD=10.98 it_per_s=9.67
2026-10-02 12:56:34,387 INFO iter=72800 epoch=11 lr=2.00e-04 G=4.698 advA2B=0.520 advB2A=0.580 cycA=0.111 cycB=0.131 idtA=0.112 idtB=0.123 D_A=0.145 D_B=0.171 D_A(real)=0.74 D_A(fake)=0.26 gnG=30.68 gnD=10.97 it_per_s=9.67
2026-10-02 12:56:44,323 INFO iter=72900 epoch=11 lr=2.00e-04 G=4.693 advA2B=0.519 advB2A=0.582 cycA=0.111 cycB=0.131 idtA=0.113 idtB=0.122 D_A=0.145 D_B=0.170 D_A(real)=0.74 D_A(fake)=0.26 gnG=30.64 gnD=10.93 it_per_s=9.69
2026-10-02 12:56:54,282 INFO iter=73000 epoch=11 lr=2.00e-04 G=4.696 advA2B=0.519 advB2A=0.582 cycA=0.111 cycB=0.131 idtA=0.113 idtB=0.122 D_A=0.145 D_B=0.170 D_A(real)=0.74 D_A(fake)=0.26 gnG=30.59 gnD=10.94 it_per_s=9.70
2026-10-02 12:57:04,273 INFO iter=73100 epoch=11 lr=2.00e-04 G=4.690 advA2B=0.518 advB2A=0.583 cycA=0.111 cycB=0.131 idtA=0.112 idtB=0.122 D_A=0.145 D_B=0.171 D_A(real)=0.74 D_A(fake)=0.26 gnG=30.60 gnD=10.93 it_per_s=9.71
2026-10-02 12:57:14,308 INFO iter=73200 epoch=11 lr=2.00e-04 G=4.689 advA2B=0.517 advB2A=0.583 cycA=0.111 cycB=0.131 idtA=0.112 idtB=0.122 D_A=0.146 D_B=0.171 D_A(real)=0.74 D_A(fake)=0.26 gnG=30.74 gnD=10.94 it_per_s=9.72
2026-10-02 12:57:24,170 INFO iter=73300 epoch=11 lr=2.00e-04 G=4.691 advA2B=0.516 advB2A=0.583 cycA=0.111 cycB=0.131 idtA=0.112 idtB=0.122 D_A=0.145 D_B=0.171 D_A(real)=0.74 D_A(fake)=0.26 gnG=30.76 gnD=10.94 it_per_s=9.73
2026-10-02 12:57:34,033 INFO iter=73400 epoch=11 lr=2.00e-04 G=4.688 advA2B=0.516 advB2A=0.582 cycA=0.111 cycB=0.131 idtA=0.112 idtB=0.122 D_A=0.146 D_B=0.171 D_A(real)=0.74 D_A(fake)=0.26 gnG=30.66 gnD=10.94 it_per_s=9.75
2026-10-02 12:57:43,896 INFO iter=73500 epoch=11 lr=2.00e-04 G=4.690 advA2B=0.515 advB2A=0.582 cycA=0.111 cycB=0.131 idtA=0.112 idtB=0.123 D_A=0.146 D_B=0.171 D_A(real)=0.74 D_A(fake)=0.26 gnG=30.68 gnD=10.96 it_per_s=9.76
2026-10-02 12:57:53,819 INFO iter=73600 epoch=11 lr=2.00e-04 G=4.687 advA2B=0.514 advB2A=0.583 cycA=0.111 cycB=0.131 idtA=0.112 idtB=0.122 D_A=0.146 D_B=0.170 D_A(real)=0.74 D_A(fake)=0.26 gnG=30.75 gnD=10.93 it_per_s=9.77
2026-10-02 12:58:03,781 INFO iter=73700 epoch=11 lr=2.00e-04 G=4.687 advA2B=0.514 advB2A=0.583 cycA=0.111 cycB=0.131 idtA=0.112 idtB=0.122 D_A=0.146 D_B=0.170 D_A(real)=0.74 D_A(fake)=0.26 gnG=30.75 gnD=10.94 it_per_s=9.78
2026-10-02 12:58:13,641 INFO iter=73800 epoch=11 lr=2.00e-04 G=4.685 advA2B=0.515 advB2A=0.583 cycA=0.111 cycB=0.131 idtA=0.112 idtB=0.122 D_A=0.146 D_B=0.170 D_A(real)=0.74 D_A(fake)=0.26 gnG=30.75 gnD=10.93 it_per_s=9.79
2026-10-02 12:58:23,488 INFO iter=73900 epoch=11 lr=2.00e-04 G=4.685 advA2B=0.514 advB2A=0.581 cycA=0.111 cycB=0.131 idtA=0.112 idtB=0.122 D_A=0.147 D_B=0.170 D_A(real)=0.74 D_A(fake)=0.26 gnG=30.71 gnD=10.94 it_per_s=9.80
2026-10-02 12:58:33,356 INFO iter=74000 epoch=11 lr=2.00e-04 G=4.689 advA2B=0.514 advB2A=0.581 cycA=0.111 cycB=0.131 idtA=0.112 idtB=0.122 D_A=0.147 D_B=0.170 D_A(real)=0.74 D_A(fake)=0.27 gnG=30.72 gnD=10.95 it_per_s=9.81
2026-10-02 12:58:43,251 INFO iter=74100 epoch=11 lr=2.00e-04 G=4.685 advA2B=0.514 advB2A=0.580 cycA=0.111 cycB=0.131 idtA=0.112 idtB=0.122 D_A=0.147 D_B=0.170 D_A(real)=0.73 D_A(fake)=0.27 gnG=30.80 gnD=10.95 it_per_s=9.81
2026-10-02 12:58:53,103 INFO iter=74200 epoch=11 lr=2.00e-04 G=4.683 advA2B=0.516 advB2A=0.580 cycA=0.111 cycB=0.131 idtA=0.112 idtB=0.122 D_A=0.147 D_B=0.169 D_A(real)=0.73 D_A(fake)=0.27 gnG=30.77 gnD=10.95 it_per_s=9.82
2026-10-02 12:59:02,970 INFO iter=74300 epoch=11 lr=2.00e-04 G=4.679 advA2B=0.515 advB2A=0.580 cycA=0.111 cycB=0.131 idtA=0.112 idtB=0.122 D_A=0.148 D_B=0.169 D_A(real)=0.73 D_A(fake)=0.27 gnG=30.74 gnD=10.94 it_per_s=9.83
2026-10-02 12:59:12,806 INFO iter=74400 epoch=11 lr=2.00e-04 G=4.682 advA2B=0.516 advB2A=0.581 cycA=0.111 cycB=0.131 idtA=0.112 idtB=0.122 D_A=0.148 D_B=0.169 D_A(real)=0.73 D_A(fake)=0.27 gnG=30.80 gnD=10.96 it_per_s=9.84
2026-10-02 12:59:22,615 INFO iter=74500 epoch=11 lr=2.00e-04 G=4.687 advA2B=0.516 advB2A=0.581 cycA=0.111 cycB=0.131 idtA=0.112 idtB=0.122 D_A=0.147 D_B=0.169 D_A(real)=0.73 D_A(fake)=0.27 gnG=30.89 gnD=10.95 it_per_s=9.85
2026-10-02 12:59:32,428 INFO iter=74600 epoch=11 lr=2.00e-04 G=4.690 advA2B=0.516 advB2A=0.582 cycA=0.111 cycB=0.131 idtA=0.112 idtB=0.122 D_A=0.147 D_B=0.169 D_A(real)=0.73 D_A(fake)=0.27 gnG=30.88 gnD=10.96 it_per_s=9.85
2026-10-02 12:59:42,256 INFO iter=74700 epoch=11 lr=2.00e-04 G=4.694 advA2B=0.516 advB2A=0.582 cycA=0.111 cycB=0.131 idtA=0.112 idtB=0.122 D_A=0.147 D_B=0.168 D_A(real)=0.73 D_A(fake)=0.27 gnG=30.89 gnD=10.97 it_per_s=9.86
2026-10-02 12:59:52,170 INFO iter=74800 epoch=11 lr=2.00e-04 G=4.692 advA2B=0.516 advB2A=0.583 cycA=0.111 cycB=0.131 idtA=0.112 idtB=0.122 D_A=0.147 D_B=0.168 D_A(real)=0.74 D_A(fake)=0.27 gnG=30.85 gnD=10.97 it_per_s=9.87
2026-10-02 13:00:02,051 INFO iter=74900 epoch=11 lr=2.00e-04 G=4.690 advA2B=0.516 advB2A=0.582 cycA=0.111 cycB=0.131 idtA=0.112 idtB=0.122 D_A=0.147 D_B=0.168 D_A(real)=0.74 D_A(fake)=0.27 gnG=30.80 gnD=10.96 it_per_s=9.87
2026-10-02 13:00:11,927 INFO iter=75000 epoch=11 lr=2.00e-04 G=4.692 advA2B=0.517 advB2A=0.580 cycA=0.111 cycB=0.131 idtA=0.112 idtB=0.122 D_A=0.147 D_B=0.168 D_A(real)=0.74 D_A(fake)=0.27 gnG=30.83 gnD=10.96 it_per_s=9.88
2026-10-02 13:00:21,698 INFO iter=75100 epoch=11 lr=2.00e-04 G=4.690 advA2B=0.518 advB2A=0.580 cycA=0.111 cycB=0.131 idtA=0.112 idtB=0.122 D_A=0.148 D_B=0.168 D_A(real)=0.73 D_A(fake)=0.27 gnG=30.83 gnD=10.99 it_per_s=9.88
2026-10-02 13:00:31,551 INFO iter=75200 epoch=11 lr=2.00e-04 G=4.692 advA2B=0.518 advB2A=0.581 cycA=0.111 cycB=0.131 idtA=0.112 idtB=0.122 D_A=0.148 D_B=0.167 D_A(real)=0.73 D_A(fake)=0.27 gnG=30.80 gnD=10.99 it_per_s=9.89
2026-10-02 13:00:41,372 INFO iter=75300 epoch=11 lr=2.00e-04 G=4.689 advA2B=0.518 advB2A=0.581 cycA=0.111 cycB=0.131 idtA=0.112 idtB=0.122 D_A=0.148 D_B=0.167 D_A(real)=0.73 D_A(fake)=0.27 gnG=30.80 gnD=10.98 it_per_s=9.90
2026-10-02 13:00:51,167 INFO iter=75400 epoch=11 lr=2.00e-04 G=4.688 advA2B=0.519 advB2A=0.581 cycA=0.111 cycB=0.131 idtA=0.112 idtB=0.122 D_A=0.148 D_B=0.167 D_A(real)=0.73 D_A(fake)=0.27 gnG=30.81 gnD=10.99 it_per_s=9.90
2026-10-02 13:01:01,047 INFO iter=75500 epoch=11 lr=2.00e-04 G=4.689 advA2B=0.518 advB2A=0.580 cycA=0.111 cycB=0.131 idtA=0.112 idtB=0.122 D_A=0.148 D_B=0.167 D_A(real)=0.73 D_A(fake)=0.27 gnG=30.84 gnD=11.00 it_per_s=9.91
2026-10-02 13:01:10,903 INFO iter=75600 epoch=11 lr=2.00e-04 G=4.687 advA2B=0.519 advB2A=0.580 cycA=0.111 cycB=0.131 idtA=0.112 idtB=0.122 D_A=0.148 D_B=0.167 D_A(real)=0.73 D_A(fake)=0.27 gnG=30.83 gnD=10.99 it_per_s=9.91
2026-10-02 13:01:20,816 INFO iter=75700 epoch=11 lr=2.00e-04 G=4.687 advA2B=0.519 advB2A=0.581 cycA=0.111 cycB=0.131 idtA=0.112 idtB=0.122 D_A=0.148 D_B=0.167 D_A(real)=0.73 D_A(fake)=0.27 gnG=30.83 gnD=10.99 it_per_s=9.91
2026-10-02 13:01:30,659 INFO iter=75800 epoch=11 lr=2.00e-04 G=4.684 advA2B=0.518 advB2A=0.580 cycA=0.111 cycB=0.131 idtA=0.112 idtB=0.122 D_A=0.147 D_B=0.167 D_A(real)=0.73 D_A(fake)=0.27 gnG=30.82 gnD=11.00 it_per_s=9.92
2026-10-02 13:01:40,504 INFO iter=75900 epoch=11 lr=2.00e-04 G=4.683 advA2B=0.518 advB2A=0.580 cycA=0.111 cycB=0.131 idtA=0.112 idtB=0.122 D_A=0.147 D_B=0.167 D_A(real)=0.73 D_A(fake)=0.27 gnG=30.82 gnD=11.01 it_per_s=9.92
2026-10-02 13:01:50,384 INFO iter=76000 epoch=11 lr=2.00e-04 G=4.684 advA2B=0.518 advB2A=0.580 cycA=0.111 cycB=0.131 idtA=0.112 idtB=0.122 D_A=0.148 D_B=0.167 D_A(real)=0.73 D_A(fake)=0.27 gnG=30.83 gnD=11.01 it_per_s=9.93
2026-10-02 13:02:00,356 INFO iter=76100 epoch=11 lr=2.00e-04 G=4.684 advA2B=0.519 advB2A=0.579 cycA=0.111 cycB=0.131 idtA=0.112 idtB=0.122 D_A=0.147 D_B=0.167 D_A(real)=0.73 D_A(fake)=0.27 gnG=30.82 gnD=11.01 it_per_s=9.93
2026-10-02 13:02:10,411 INFO iter=76200 epoch=11 lr=2.00e-04 G=4.684 advA2B=0.520 advB2A=0.580 cycA=0.111 cycB=0.131 idtA=0.112 idtB=0.122 D_A=0.148 D_B=0.167 D_A(real)=0.73 D_A(fake)=0.27 gnG=30.81 gnD=11.02 it_per_s=9.93
2026-10-02 13:02:20,258 INFO iter=76300 epoch=11 lr=2.00e-04 G=4.682 advA2B=0.521 advB2A=0.580 cycA=0.111 cycB=0.130 idtA=0.112 idtB=0.122 D_A=0.148 D_B=0.167 D_A(real)=0.73 D_A(fake)=0.27 gnG=30.79 gnD=11.03 it_per_s=9.93
2026-10-02 13:02:30,188 INFO iter=76400 epoch=11 lr=2.00e-04 G=4.682 advA2B=0.521 advB2A=0.580 cycA=0.111 cycB=0.131 idtA=0.112 idtB=0.122 D_A=0.148 D_B=0.167 D_A(real)=0.73 D_A(fake)=0.27 gnG=30.77 gnD=11.05 it_per_s=9.93
2026-10-02 13:02:40,160 INFO iter=76500 epoch=11 lr=2.00e-04 G=4.685 advA2B=0.521 advB2A=0.580 cycA=0.111 cycB=0.131 idtA=0.112 idtB=0.122 D_A=0.148 D_B=0.166 D_A(real)=0.73 D_A(fake)=0.27 gnG=30.80 gnD=11.05 it_per_s=9.94
2026-10-02 13:02:50,013 INFO iter=76600 epoch=11 lr=2.00e-04 G=4.687 advA2B=0.521 advB2A=0.579 cycA=0.111 cycB=0.131 idtA=0.112 idtB=0.122 D_A=0.148 D_B=0.166 D_A(real)=0.73 D_A(fake)=0.27 gnG=30.79 gnD=11.04 it_per_s=9.94
2026-10-02 13:02:59,844 INFO iter=76700 epoch=11 lr=2.00e-04 G=4.690 advA2B=0.522 advB2A=0.579 cycA=0.111 cycB=0.131 idtA=0.112 idtB=0.122 D_A=0.148 D_B=0.166 D_A(real)=0.73 D_A(fake)=0.27 gnG=30.79 gnD=11.05 it_per_s=9.94
2026-10-02 13:03:09,676 INFO iter=76800 epoch=11 lr=2.00e-04 G=4.688 advA2B=0.522 advB2A=0.579 cycA=0.111 cycB=0.131 idtA=0.112 idtB=0.122 D_A=0.148 D_B=0.166 D_A(real)=0.73 D_A(fake)=0.27 gnG=30.75 gnD=11.04 it_per_s=9.95
2026-10-02 13:03:19,559 INFO iter=76900 epoch=11 lr=2.00e-04 G=4.687 advA2B=0.522 advB2A=0.579 cycA=0.111 cycB=0.131 idtA=0.111 idtB=0.122 D_A=0.148 D_B=0.166 D_A(real)=0.73 D_A(fake)=0.27 gnG=30.74 gnD=11.04 it_per_s=9.95
2026-10-02 13:03:29,524 INFO iter=77000 epoch=11 lr=2.00e-04 G=4.687 advA2B=0.522 advB2A=0.579 cycA=0.111 cycB=0.131 idtA=0.111 idtB=0.122 D_A=0.148 D_B=0.166 D_A(real)=0.73 D_A(fake)=0.27 gnG=30.71 gnD=11.06 it_per_s=9.95
2026-10-02 13:03:39,457 INFO iter=77100 epoch=11 lr=2.00e-04 G=4.688 advA2B=0.522 advB2A=0.579 cycA=0.111 cycB=0.131 idtA=0.111 idtB=0.122 D_A=0.148 D_B=0.166 D_A(real)=0.73 D_A(fake)=0.27 gnG=30.72 gnD=11.06 it_per_s=9.95
2026-10-02 13:03:49,318 INFO iter=77200 epoch=11 lr=2.00e-04 G=4.685 advA2B=0.522 advB2A=0.580 cycA=0.111 cycB=0.131 idtA=0.111 idtB=0.122 D_A=0.148 D_B=0.166 D_A(real)=0.73 D_A(fake)=0.27 gnG=30.71 gnD=11.06 it_per_s=9.95
2026-10-02 13:03:59,222 INFO iter=77300 epoch=11 lr=2.00e-04 G=4.684 advA2B=0.522 advB2A=0.580 cycA=0.111 cycB=0.131 idtA=0.111 idtB=0.122 D_A=0.148 D_B=0.166 D_A(real)=0.73 D_A(fake)=0.27 gnG=30.70 gnD=11.05 it_per_s=9.96
2026-10-02 13:04:09,078 INFO iter=77400 epoch=11 lr=2.00e-04 G=4.682 advA2B=0.521 advB2A=0.580 cycA=0.111 cycB=0.131 idtA=0.111 idtB=0.122 D_A=0.148 D_B=0.166 D_A(real)=0.73 D_A(fake)=0.27 gnG=30.69 gnD=11.05 it_per_s=9.96
2026-10-02 13:04:10,819 INFO epoch=11 done time_s=707 it_per_s=9.96 G=4.682 cycA=0.111 cycB=0.131 idtA=0.111 idtB=0.122 D_A=0.148 D_B=0.166 D_A(real)=0.73 D_A(fake)=0.27 nan_count=0
2026-10-02 13:04:19,506 INFO iter=77500 epoch=12 lr=2.00e-04 G=4.652 advA2B=0.514 advB2A=0.597 cycA=0.113 cycB=0.125 idtA=0.116 idtB=0.116 D_A=0.153 D_B=0.175 D_A(real)=0.74 D_A(fake)=0.26 gnG=32.14 gnD=11.45 it_per_s=10.05
2026-10-02 13:04:29,399 INFO iter=77600 epoch=12 lr=2.00e-04 G=4.575 advA2B=0.518 advB2A=0.561 cycA=0.109 cycB=0.126 idtA=0.110 idtB=0.119 D_A=0.150 D_B=0.163 D_A(real)=0.73 D_A(fake)=0.27 gnG=29.54 gnD=10.95 it_per_s=10.08
2026-10-02 13:04:39,250 INFO iter=77700 epoch=12 lr=2.00e-04 G=4.575 advA2B=0.535 advB2A=0.561 cycA=0.108 cycB=0.126 idtA=0.110 idtB=0.119 D_A=0.149 D_B=0.160 D_A(real)=0.73 D_A(fake)=0.27 gnG=29.35 gnD=10.81 it_per_s=10.11
2026-10-02 13:04:49,147 INFO iter=77800 epoch=12 lr=2.00e-04 G=4.581 advA2B=0.515 advB2A=0.567 cycA=0.108 cycB=0.127 idtA=0.108 idtB=0.121 D_A=0.147 D_B=0.166 D_A(real)=0.73 D_A(fake)=0.27 gnG=29.65 gnD=10.89 it_per_s=10.11
2026-10-02 13:04:59,056 INFO iter=77900 epoch=12 lr=2.00e-04 G=4.572 advA2B=0.518 advB2A=0.567 cycA=0.106 cycB=0.128 idtA=0.107 idtB=0.121 D_A=0.152 D_B=0.166 D_A(real)=0.73 D_A(fake)=0.27 gnG=29.35 gnD=11.11 it_per_s=10.10
2026-10-02 13:05:08,933 INFO iter=78000 epoch=12 lr=2.00e-04 G=4.565 advA2B=0.523 advB2A=0.560 cycA=0.106 cycB=0.128 idtA=0.106 idtB=0.121 D_A=0.151 D_B=0.165 D_A(real)=0.73 D_A(fake)=0.27 gnG=29.52 gnD=11.07 it_per_s=10.11
2026-10-02 13:05:18,803 INFO iter=78100 epoch=12 lr=2.00e-04 G=4.599 advA2B=0.540 advB2A=0.566 cycA=0.107 cycB=0.128 idtA=0.107 idtB=0.121 D_A=0.152 D_B=0.164 D_A(real)=0.73 D_A(fake)=0.27 gnG=29.68 gnD=11.10 it_per_s=10.11
2026-10-02 13:05:28,669 INFO iter=78200 epoch=12 lr=2.00e-04 G=4.656 advA2B=0.558 advB2A=0.564 cycA=0.109 cycB=0.129 idtA=0.107 idtB=0.124 D_A=0.155 D_B=0.161 D_A(real)=0.72 D_A(fake)=0.28 gnG=29.98 gnD=11.20 it_per_s=10.11
2026-10-02 13:05:38,482 INFO iter=78300 epoch=12 lr=2.00e-04 G=4.689 advA2B=0.566 advB2A=0.573 cycA=0.109 cycB=0.129 idtA=0.107 idtB=0.125 D_A=0.155 D_B=0.155 D_A(real)=0.72 D_A(fake)=0.28 gnG=30.17 gnD=11.02 it_per_s=10.12
2026-10-02 13:05:48,344 INFO iter=78400 epoch=12 lr=2.00e-04 G=4.713 advA2B=0.572 advB2A=0.574 cycA=0.110 cycB=0.130 idtA=0.107 idtB=0.126 D_A=0.154 D_B=0.153 D_A(real)=0.72 D_A(fake)=0.28 gnG=30.40 gnD=10.99 it_per_s=10.12
2026-10-02 13:05:58,256 INFO iter=78500 epoch=12 lr=2.00e-04 G=4.741 advA2B=0.579 advB2A=0.568 cycA=0.111 cycB=0.131 idtA=0.108 idtB=0.127 D_A=0.153 D_B=0.151 D_A(real)=0.73 D_A(fake)=0.27 gnG=30.70 gnD=10.97 it_per_s=10.12
2026-10-02 13:06:08,140 INFO iter=78600 epoch=12 lr=2.00e-04 G=4.752 advA2B=0.576 advB2A=0.573 cycA=0.112 cycB=0.131 idtA=0.109 idtB=0.127 D_A=0.153 D_B=0.150 D_A(real)=0.73 D_A(fake)=0.27 gnG=30.85 gnD=10.91 it_per_s=10.12
2026-10-02 13:06:18,006 INFO iter=78700 epoch=12 lr=2.00e-04 G=4.758 advA2B=0.576 advB2A=0.574 cycA=0.112 cycB=0.131 idtA=0.109 idtB=0.127 D_A=0.152 D_B=0.150 D_A(real)=0.73 D_A(fake)=0.27 gnG=31.08 gnD=10.90 it_per_s=10.12
2026-10-02 13:06:27,907 INFO iter=78800 epoch=12 lr=2.00e-04 G=4.748 advA2B=0.574 advB2A=0.576 cycA=0.112 cycB=0.130 idtA=0.109 idtB=0.126 D_A=0.152 D_B=0.151 D_A(real)=0.73 D_A(fake)=0.27 gnG=30.99 gnD=10.92 it_per_s=10.12
2026-10-02 13:06:37,702 INFO iter=78900 epoch=12 lr=2.00e-04 G=4.742 advA2B=0.573 advB2A=0.575 cycA=0.112 cycB=0.130 idtA=0.109 idtB=0.126 D_A=0.153 D_B=0.151 D_A(real)=0.73 D_A(fake)=0.27 gnG=31.12 gnD=10.94 it_per_s=10.13
2026-10-02 13:06:47,553 INFO iter=79000 epoch=12 lr=2.00e-04 G=4.728 advA2B=0.568 advB2A=0.575 cycA=0.112 cycB=0.130 idtA=0.108 idtB=0.125 D_A=0.153 D_B=0.151 D_A(real)=0.73 D_A(fake)=0.27 gnG=31.30 gnD=10.94 it_per_s=10.13
2026-10-02 13:06:57,382 INFO iter=79100 epoch=12 lr=2.00e-04 G=4.720 advA2B=0.567 advB2A=0.576 cycA=0.112 cycB=0.129 idtA=0.108 idtB=0.125 D_A=0.152 D_B=0.151 D_A(real)=0.73 D_A(fake)=0.27 gnG=31.32 gnD=10.94 it_per_s=10.13
2026-10-02 13:07:07,265 INFO iter=79200 epoch=12 lr=2.00e-04 G=4.715 advA2B=0.568 advB2A=0.578 cycA=0.112 cycB=0.129 idtA=0.108 idtB=0.124 D_A=0.151 D_B=0.151 D_A(real)=0.73 D_A(fake)=0.27 gnG=31.22 gnD=10.97 it_per_s=10.13
2026-10-02 13:07:17,089 INFO iter=79300 epoch=12 lr=2.00e-04 G=4.704 advA2B=0.563 advB2A=0.579 cycA=0.112 cycB=0.129 idtA=0.108 idtB=0.124 D_A=0.151 D_B=0.152 D_A(real)=0.73 D_A(fake)=0.27 gnG=31.12 gnD=10.94 it_per_s=10.13
2026-10-02 13:07:27,045 INFO iter=79400 epoch=12 lr=2.00e-04 G=4.706 advA2B=0.559 advB2A=0.581 cycA=0.112 cycB=0.129 idtA=0.108 idtB=0.124 D_A=0.150 D_B=0.153 D_A(real)=0.73 D_A(fake)=0.27 gnG=31.08 gnD=10.94 it_per_s=10.13
2026-10-02 13:07:36,863 INFO iter=79500 epoch=12 lr=2.00e-04 G=4.708 advA2B=0.556 advB2A=0.584 cycA=0.111 cycB=0.129 idtA=0.108 idtB=0.124 D_A=0.150 D_B=0.154 D_A(real)=0.73 D_A(fake)=0.27 gnG=31.00 gnD=10.94 it_per_s=10.13
2026-10-02 13:07:46,779 INFO iter=79600 epoch=12 lr=2.00e-04 G=4.708 advA2B=0.554 advB2A=0.585 cycA=0.111 cycB=0.129 idtA=0.108 idtB=0.124 D_A=0.150 D_B=0.155 D_A(real)=0.73 D_A(fake)=0.27 gnG=31.08 gnD=10.94 it_per_s=10.13
2026-10-02 13:07:56,623 INFO iter=79700 epoch=12 lr=2.00e-04 G=4.708 advA2B=0.553 advB2A=0.588 cycA=0.111 cycB=0.129 idtA=0.109 idtB=0.123 D_A=0.150 D_B=0.156 D_A(real)=0.73 D_A(fake)=0.27 gnG=31.08 gnD=10.93 it_per_s=10.13
2026-10-02 13:08:06,514 INFO iter=79800 epoch=12 lr=2.00e-04 G=4.708 advA2B=0.551 advB2A=0.588 cycA=0.111 cycB=0.130 idtA=0.108 idtB=0.123 D_A=0.149 D_B=0.156 D_A(real)=0.73 D_A(fake)=0.27 gnG=30.93 gnD=10.90 it_per_s=10.13
2026-10-02 13:08:16,479 INFO iter=79900 epoch=12 lr=2.00e-04 G=4.699 advA2B=0.550 advB2A=0.585 cycA=0.111 cycB=0.130 idtA=0.108 idtB=0.123 D_A=0.149 D_B=0.156 D_A(real)=0.73 D_A(fake)=0.27 gnG=30.96 gnD=10.89 it_per_s=10.13
2026-10-02 13:08:26,378 INFO iter=80000 epoch=12 lr=2.00e-04 G=4.697 advA2B=0.550 advB2A=0.585 cycA=0.111 cycB=0.130 idtA=0.108 idtB=0.123 D_A=0.149 D_B=0.156 D_A(real)=0.73 D_A(fake)=0.27 gnG=30.93 gnD=10.89 it_per_s=10.12
2026-10-02 13:08:36,218 INFO iter=80100 epoch=12 lr=2.00e-04 G=4.687 advA2B=0.550 advB2A=0.585 cycA=0.111 cycB=0.129 idtA=0.109 idtB=0.122 D_A=0.150 D_B=0.157 D_A(real)=0.73 D_A(fake)=0.27 gnG=30.90 gnD=10.91 it_per_s=10.13
2026-10-02 13:08:46,045 INFO iter=80200 epoch=12 lr=2.00e-04 G=4.682 advA2B=0.547 advB2A=0.586 cycA=0.110 cycB=0.129 idtA=0.108 idtB=0.122 D_A=0.149 D_B=0.157 D_A(real)=0.73 D_A(fake)=0.27 gnG=30.91 gnD=10.90 it_per_s=10.13
2026-10-02 13:08:55,946 INFO iter=80300 epoch=12 lr=2.00e-04 G=4.683 advA2B=0.546 advB2A=0.587 cycA=0.110 cycB=0.129 idtA=0.108 idtB=0.122 D_A=0.149 D_B=0.157 D_A(real)=0.73 D_A(fake)=0.27 gnG=30.97 gnD=10.92 it_per_s=10.13
2026-10-02 13:09:05,865 INFO iter=80400 epoch=12 lr=2.00e-04 G=4.681 advA2B=0.545 advB2A=0.587 cycA=0.110 cycB=0.129 idtA=0.108 idtB=0.122 D_A=0.149 D_B=0.158 D_A(real)=0.73 D_A(fake)=0.27 gnG=30.95 gnD=10.90 it_per_s=10.12
2026-10-02 13:09:15,711 INFO iter=80500 epoch=12 lr=2.00e-04 G=4.684 advA2B=0.545 advB2A=0.590 cycA=0.110 cycB=0.129 idtA=0.109 idtB=0.122 D_A=0.148 D_B=0.158 D_A(real)=0.73 D_A(fake)=0.27 gnG=30.94 gnD=10.90 it_per_s=10.13
2026-10-02 13:09:25,626 INFO iter=80600 epoch=12 lr=2.00e-04 G=4.682 advA2B=0.544 advB2A=0.590 cycA=0.110 cycB=0.129 idtA=0.109 idtB=0.122 D_A=0.148 D_B=0.159 D_A(real)=0.73 D_A(fake)=0.27 gnG=30.87 gnD=10.92 it_per_s=10.12
2026-10-02 13:09:35,455 INFO iter=80700 epoch=12 lr=2.00e-04 G=4.684 advA2B=0.544 advB2A=0.590 cycA=0.110 cycB=0.130 idtA=0.108 idtB=0.122 D_A=0.149 D_B=0.159 D_A(real)=0.73 D_A(fake)=0.27 gnG=30.85 gnD=10.94 it_per_s=10.13
2026-10-02 13:09:45,301 INFO iter=80800 epoch=12 lr=2.00e-04 G=4.683 advA2B=0.543 advB2A=0.591 cycA=0.110 cycB=0.130 idtA=0.108 idtB=0.122 D_A=0.149 D_B=0.159 D_A(real)=0.73 D_A(fake)=0.27 gnG=30.79 gnD=10.94 it_per_s=10.13
2026-10-02 13:09:55,160 INFO iter=80900 epoch=12 lr=2.00e-04 G=4.678 advA2B=0.542 advB2A=0.592 cycA=0.110 cycB=0.129 idtA=0.108 idtB=0.122 D_A=0.149 D_B=0.159 D_A(real)=0.73 D_A(fake)=0.27 gnG=30.74 gnD=10.93 it_per_s=10.13
2026-10-02 13:10:05,060 INFO iter=81000 epoch=12 lr=2.00e-04 G=4.680 advA2B=0.541 advB2A=0.593 cycA=0.110 cycB=0.130 idtA=0.108 idtB=0.122 D_A=0.148 D_B=0.159 D_A(real)=0.74 D_A(fake)=0.26 gnG=30.79 gnD=10.92 it_per_s=10.13
2026-10-02 13:10:14,923 INFO iter=81100 epoch=12 lr=2.00e-04 G=4.681 advA2B=0.542 advB2A=0.593 cycA=0.110 cycB=0.129 idtA=0.109 idtB=0.122 D_A=0.148 D_B=0.159 D_A(real)=0.74 D_A(fake)=0.26 gnG=30.85 gnD=10.95 it_per_s=10.13
2026-10-02 13:10:24,733 INFO iter=81200 epoch=12 lr=2.00e-04 G=4.681 advA2B=0.543 advB2A=0.594 cycA=0.110 cycB=0.129 idtA=0.109 idtB=0.122 D_A=0.148 D_B=0.159 D_A(real)=0.74 D_A(fake)=0.26 gnG=30.81 gnD=10.94 it_per_s=10.13
2026-10-02 13:10:34,637 INFO iter=81300 epoch=12 lr=2.00e-04 G=4.685 advA2B=0.544 advB2A=0.595 cycA=0.110 cycB=0.130 idtA=0.109 idtB=0.122 D_A=0.148 D_B=0.159 D_A(real)=0.74 D_A(fake)=0.26 gnG=30.81 gnD=10.96 it_per_s=10.13
2026-10-02 13:10:44,515 INFO iter=81400 epoch=12 lr=2.00e-04 G=4.683 advA2B=0.543 advB2A=0.595 cycA=0.110 cycB=0.129 idtA=0.108 idtB=0.122 D_A=0.147 D_B=0.159 D_A(real)=0.74 D_A(fake)=0.26 gnG=30.80 gnD=10.97 it_per_s=10.13
2026-10-02 13:10:54,424 INFO iter=81500 epoch=12 lr=2.00e-04 G=4.687 advA2B=0.544 advB2A=0.594 cycA=0.110 cycB=0.130 idtA=0.109 idtB=0.122 D_A=0.148 D_B=0.158 D_A(real)=0.74 D_A(fake)=0.26 gnG=30.79 gnD=10.98 it_per_s=10.13
2026-10-02 13:11:04,257 INFO iter=81600 epoch=12 lr=2.00e-04 G=4.688 advA2B=0.544 advB2A=0.595 cycA=0.110 cycB=0.129 idtA=0.109 idtB=0.122 D_A=0.148 D_B=0.158 D_A(real)=0.74 D_A(fake)=0.26 gnG=30.74 gnD=10.98 it_per_s=10.13
2026-10-02 13:11:14,227 INFO iter=81700 epoch=12 lr=2.00e-04 G=4.683 advA2B=0.543 advB2A=0.594 cycA=0.110 cycB=0.129 idtA=0.108 idtB=0.122 D_A=0.148 D_B=0.158 D_A(real)=0.74 D_A(fake)=0.26 gnG=30.68 gnD=10.97 it_per_s=10.13
2026-10-02 13:11:24,052 INFO iter=81800 epoch=12 lr=2.00e-04 G=4.684 advA2B=0.543 advB2A=0.594 cycA=0.110 cycB=0.130 idtA=0.108 idtB=0.122 D_A=0.148 D_B=0.158 D_A(real)=0.74 D_A(fake)=0.26 gnG=30.73 gnD=10.96 it_per_s=10.13
2026-10-02 13:11:33,894 INFO iter=81900 epoch=12 lr=2.00e-04 G=4.682 advA2B=0.542 advB2A=0.593 cycA=0.110 cycB=0.130 idtA=0.108 idtB=0.122 D_A=0.148 D_B=0.158 D_A(real)=0.74 D_A(fake)=0.26 gnG=30.78 gnD=10.97 it_per_s=10.13
2026-10-02 13:11:43,724 INFO iter=82000 epoch=12 lr=2.00e-04 G=4.679 advA2B=0.543 advB2A=0.592 cycA=0.110 cycB=0.130 idtA=0.108 idtB=0.122 D_A=0.148 D_B=0.159 D_A(real)=0.74 D_A(fake)=0.26 gnG=30.83 gnD=10.99 it_per_s=10.13
2026-10-02 13:11:53,571 INFO iter=82100 epoch=12 lr=2.00e-04 G=4.676 advA2B=0.543 advB2A=0.593 cycA=0.110 cycB=0.129 idtA=0.108 idtB=0.122 D_A=0.147 D_B=0.159 D_A(real)=0.74 D_A(fake)=0.26 gnG=30.83 gnD=10.98 it_per_s=10.13
2026-10-02 13:12:03,396 INFO iter=82200 epoch=12 lr=2.00e-04 G=4.669 advA2B=0.542 advB2A=0.592 cycA=0.109 cycB=0.129 idtA=0.108 idtB=0.122 D_A=0.147 D_B=0.159 D_A(real)=0.74 D_A(fake)=0.26 gnG=30.77 gnD=10.97 it_per_s=10.13
2026-10-02 13:12:13,431 INFO iter=82300 epoch=12 lr=2.00e-04 G=4.673 advA2B=0.540 advB2A=0.592 cycA=0.110 cycB=0.129 idtA=0.108 idtB=0.122 D_A=0.147 D_B=0.159 D_A(real)=0.74 D_A(fake)=0.26 gnG=30.81 gnD=10.97 it_per_s=10.13
2026-10-02 13:12:23,404 INFO iter=82400 epoch=12 lr=2.00e-04 G=4.674 advA2B=0.540 advB2A=0.592 cycA=0.110 cycB=0.130 idtA=0.108 idtB=0.122 D_A=0.147 D_B=0.159 D_A(real)=0.74 D_A(fake)=0.26 gnG=30.86 gnD=10.98 it_per_s=10.12
2026-10-02 13:12:33,362 INFO iter=82500 epoch=12 lr=2.00e-04 G=4.674 advA2B=0.539 advB2A=0.592 cycA=0.110 cycB=0.130 idtA=0.108 idtB=0.122 D_A=0.148 D_B=0.159 D_A(real)=0.74 D_A(fake)=0.26 gnG=30.95 gnD=11.00 it_per_s=10.12
2026-10-02 13:12:43,311 INFO iter=82600 epoch=12 lr=2.00e-04 G=4.675 advA2B=0.539 advB2A=0.593 cycA=0.110 cycB=0.130 idtA=0.108 idtB=0.122 D_A=0.148 D_B=0.160 D_A(real)=0.74 D_A(fake)=0.26 gnG=30.93 gnD=11.01 it_per_s=10.12
2026-10-02 13:12:53,393 INFO iter=82700 epoch=12 lr=2.00e-04 G=4.680 advA2B=0.540 advB2A=0.594 cycA=0.110 cycB=0.130 idtA=0.108 idtB=0.122 D_A=0.148 D_B=0.159 D_A(real)=0.74 D_A(fake)=0.26 gnG=30.99 gnD=11.01 it_per_s=10.12
2026-10-02 13:13:03,467 INFO iter=82800 epoch=12 lr=2.00e-04 G=4.677 advA2B=0.539 advB2A=0.592 cycA=0.110 cycB=0.130 idtA=0.108 idtB=0.122 D_A=0.148 D_B=0.160 D_A(real)=0.74 D_A(fake)=0.26 gnG=30.99 gnD=11.00 it_per_s=10.11
2026-10-02 13:13:13,499 INFO iter=82900 epoch=12 lr=2.00e-04 G=4.675 advA2B=0.539 advB2A=0.592 cycA=0.110 cycB=0.130 idtA=0.108 idtB=0.122 D_A=0.148 D_B=0.159 D_A(real)=0.74 D_A(fake)=0.26 gnG=30.97 gnD=11.00 it_per_s=10.11
2026-10-02 13:13:23,584 INFO iter=83000 epoch=12 lr=2.00e-04 G=4.674 advA2B=0.540 advB2A=0.592 cycA=0.110 cycB=0.130 idtA=0.108 idtB=0.122 D_A=0.148 D_B=0.159 D_A(real)=0.74 D_A(fake)=0.26 gnG=30.94 gnD=11.00 it_per_s=10.11
2026-10-02 13:13:33,661 INFO iter=83100 epoch=12 lr=2.00e-04 G=4.675 advA2B=0.540 advB2A=0.592 cycA=0.110 cycB=0.130 idtA=0.108 idtB=0.122 D_A=0.148 D_B=0.160 D_A(real)=0.74 D_A(fake)=0.26 gnG=30.96 gnD=11.00 it_per_s=10.10
2026-10-02 13:13:43,870 INFO iter=83200 epoch=12 lr=2.00e-04 G=4.672 advA2B=0.539 advB2A=0.592 cycA=0.109 cycB=0.130 idtA=0.108 idtB=0.122 D_A=0.148 D_B=0.160 D_A(real)=0.74 D_A(fake)=0.26 gnG=30.99 gnD=11.02 it_per_s=10.10
2026-10-02 13:13:53,947 INFO iter=83300 epoch=12 lr=2.00e-04 G=4.671 advA2B=0.540 advB2A=0.591 cycA=0.109 cycB=0.130 idtA=0.108 idtB=0.122 D_A=0.148 D_B=0.160 D_A(real)=0.74 D_A(fake)=0.26 gnG=30.98 gnD=11.01 it_per_s=10.10
2026-10-02 13:14:04,163 INFO iter=83400 epoch=12 lr=2.00e-04 G=4.669 advA2B=0.540 advB2A=0.590 cycA=0.109 cycB=0.130 idtA=0.107 idtB=0.122 D_A=0.148 D_B=0.160 D_A(real)=0.74 D_A(fake)=0.26 gnG=30.95 gnD=11.01 it_per_s=10.09
2026-10-02 13:14:14,314 INFO iter=83500 epoch=12 lr=2.00e-04 G=4.668 advA2B=0.540 advB2A=0.590 cycA=0.109 cycB=0.130 idtA=0.107 idtB=0.122 D_A=0.148 D_B=0.160 D_A(real)=0.74 D_A(fake)=0.26 gnG=30.98 gnD=11.01 it_per_s=10.09
2026-10-02 13:14:24,650 INFO iter=83600 epoch=12 lr=2.00e-04 G=4.665 advA2B=0.540 advB2A=0.589 cycA=0.109 cycB=0.130 idtA=0.107 idtB=0.122 D_A=0.148 D_B=0.160 D_A(real)=0.74 D_A(fake)=0.26 gnG=30.99 gnD=11.02 it_per_s=10.08
2026-10-02 13:14:34,712 INFO iter=83700 epoch=12 lr=2.00e-04 G=4.662 advA2B=0.540 advB2A=0.589 cycA=0.109 cycB=0.129 idtA=0.107 idtB=0.122 D_A=0.148 D_B=0.160 D_A(real)=0.74 D_A(fake)=0.26 gnG=30.95 gnD=11.02 it_per_s=10.08
2026-10-02 13:14:44,797 INFO iter=83800 epoch=12 lr=2.00e-04 G=4.657 advA2B=0.539 advB2A=0.588 cycA=0.109 cycB=0.129 idtA=0.107 idtB=0.122 D_A=0.147 D_B=0.160 D_A(real)=0.74 D_A(fake)=0.26 gnG=30.94 gnD=11.02 it_per_s=10.07
2026-10-02 13:14:54,863 INFO iter=83900 epoch=12 lr=2.00e-04 G=4.654 advA2B=0.538 advB2A=0.588 cycA=0.109 cycB=0.129 idtA=0.107 idtB=0.122 D_A=0.148 D_B=0.160 D_A(real)=0.74 D_A(fake)=0.26 gnG=30.91 gnD=11.01 it_per_s=10.07
2026-10-02 13:15:04,835 INFO iter=84000 epoch=12 lr=2.00e-04 G=4.655 advA2B=0.539 advB2A=0.587 cycA=0.109 cycB=0.129 idtA=0.107 idtB=0.122 D_A=0.148 D_B=0.160 D_A(real)=0.74 D_A(fake)=0.26 gnG=30.92 gnD=11.01 it_per_s=10.07
2026-10-02 13:15:14,750 INFO iter=84100 epoch=12 lr=2.00e-04 G=4.652 advA2B=0.538 advB2A=0.587 cycA=0.109 cycB=0.129 idtA=0.107 idtB=0.122 D_A=0.148 D_B=0.160 D_A(real)=0.74 D_A(fake)=0.26 gnG=30.92 gnD=11.01 it_per_s=10.07
2026-10-02 13:15:24,617 INFO iter=84200 epoch=12 lr=2.00e-04 G=4.648 advA2B=0.537 advB2A=0.586 cycA=0.109 cycB=0.129 idtA=0.107 idtB=0.121 D_A=0.148 D_B=0.161 D_A(real)=0.74 D_A(fake)=0.26 gnG=30.90 gnD=11.01 it_per_s=10.07
2026-10-02 13:15:34,471 INFO iter=84300 epoch=12 lr=2.00e-04 G=4.646 advA2B=0.538 advB2A=0.585 cycA=0.109 cycB=0.129 idtA=0.107 idtB=0.121 D_A=0.148 D_B=0.160 D_A(real)=0.74 D_A(fake)=0.26 gnG=30.92 gnD=11.01 it_per_s=10.07
2026-10-02 13:15:44,341 INFO iter=84400 epoch=12 lr=2.00e-04 G=4.644 advA2B=0.538 advB2A=0.586 cycA=0.109 cycB=0.129 idtA=0.107 idtB=0.121 D_A=0.148 D_B=0.161 D_A(real)=0.73 D_A(fake)=0.27 gnG=30.91 gnD=11.01 it_per_s=10.07
2026-10-02 13:15:49,827 INFO epoch=12 done time_s=698 it_per_s=10.08 G=4.644 cycA=0.109 cycB=0.129 idtA=0.107 idtB=0.121 D_A=0.148 D_B=0.161 D_A(real)=0.74 D_A(fake)=0.27 nan_count=0
2026-10-02 13:15:54,732 INFO iter=84500 epoch=13 lr=2.00e-04 G=4.623 advA2B=0.440 advB2A=0.597 cycA=0.104 cycB=0.136 idtA=0.109 idtB=0.130 D_A=0.126 D_B=0.178 D_A(real)=0.76 D_A(fake)=0.25 gnG=32.35 gnD=11.23 it_per_s=10.07
2026-10-02 13:16:04,554 INFO iter=84600 epoch=13 lr=2.00e-04 G=4.543 advA2B=0.484 advB2A=0.587 cycA=0.106 cycB=0.128 idtA=0.105 idtB=0.121 D_A=0.145 D_B=0.173 D_A(real)=0.72 D_A(fake)=0.27 gnG=31.33 gnD=11.21 it_per_s=10.15
2026-10-02 13:16:14,398 INFO iter=84700 epoch=13 lr=2.00e-04 G=4.477 advA2B=0.502 advB2A=0.566 cycA=0.105 cycB=0.124 idtA=0.106 idtB=0.117 D_A=0.154 D_B=0.175 D_A(real)=0.72 D_A(fake)=0.28 gnG=30.56 gnD=11.39 it_per_s=10.15
2026-10-02 13:16:24,268 INFO iter=84800 epoch=13 lr=2.00e-04 G=4.477 advA2B=0.496 advB2A=0.577 cycA=0.106 cycB=0.125 idtA=0.104 idtB=0.117 D_A=0.151 D_B=0.175 D_A(real)=0.72 D_A(fake)=0.28 gnG=30.16 gnD=11.17 it_per_s=10.15
2026-10-02 13:16:34,160 INFO iter=84900 epoch=13 lr=2.00e-04 G=4.492 advA2B=0.492 advB2A=0.576 cycA=0.106 cycB=0.126 idtA=0.104 idtB=0.117 D_A=0.147 D_B=0.172 D_A(real)=0.73 D_A(fake)=0.27 gnG=31.14 gnD=11.04 it_per_s=10.14
2026-10-02 13:16:44,083 INFO iter=85000 epoch=13 lr=2.00e-04 G=4.486 advA2B=0.499 advB2A=0.580 cycA=0.105 cycB=0.126 idtA=0.103 idtB=0.117 D_A=0.149 D_B=0.173 D_A(real)=0.72 D_A(fake)=0.28 gnG=30.50 gnD=11.06 it_per_s=10.13
2026-10-02 13:16:53,999 INFO iter=85100 epoch=13 lr=2.00e-04 G=4.477 advA2B=0.499 advB2A=0.582 cycA=0.105 cycB=0.125 idtA=0.103 idtB=0.117 D_A=0.147 D_B=0.171 D_A(real)=0.73 D_A(fake)=0.27 gnG=30.30 gnD=10.98 it_per_s=10.12
2026-10-02 13:17:03,924 INFO iter=85200 epoch=13 lr=2.00e-04 G=4.481 advA2B=0.499 advB2A=0.576 cycA=0.105 cycB=0.125 idtA=0.104 idtB=0.117 D_A=0.146 D_B=0.171 D_A(real)=0.73 D_A(fake)=0.27 gnG=30.08 gnD=10.98 it_per_s=10.11
2026-10-02 13:17:13,773 INFO iter=85300 epoch=13 lr=2.00e-04 G=4.484 advA2B=0.498 advB2A=0.574 cycA=0.105 cycB=0.126 idtA=0.104 idtB=0.117 D_A=0.145 D_B=0.171 D_A(real)=0.73 D_A(fake)=0.27 gnG=29.77 gnD=10.98 it_per_s=10.12
2026-10-02 13:17:23,603 INFO iter=85400 epoch=13 lr=2.00e-04 G=4.538 advA2B=0.503 advB2A=0.576 cycA=0.106 cycB=0.127 idtA=0.107 idtB=0.119 D_A=0.145 D_B=0.171 D_A(real)=0.73 D_A(fake)=0.27 gnG=29.82 gnD=11.00 it_per_s=10.12
2026-10-02 13:17:33,501 INFO iter=85500 epoch=13 lr=2.00e-04 G=4.547 advA2B=0.504 advB2A=0.580 cycA=0.106 cycB=0.127 idtA=0.107 idtB=0.119 D_A=0.144 D_B=0.171 D_A(real)=0.74 D_A(fake)=0.26 gnG=30.07 gnD=10.99 it_per_s=10.12
2026-10-02 13:17:43,433 INFO iter=85600 epoch=13 lr=2.00e-04 G=4.573 advA2B=0.510 advB2A=0.581 cycA=0.106 cycB=0.129 idtA=0.107 idtB=0.120 D_A=0.144 D_B=0.169 D_A(real)=0.74 D_A(fake)=0.26 gnG=30.32 gnD=11.06 it_per_s=10.12
2026-10-02 13:17:53,306 INFO iter=85700 epoch=13 lr=2.00e-04 G=4.568 advA2B=0.514 advB2A=0.580 cycA=0.106 cycB=0.128 idtA=0.106 idtB=0.119 D_A=0.145 D_B=0.169 D_A(real)=0.74 D_A(fake)=0.26 gnG=30.45 gnD=11.12 it_per_s=10.12
2026-10-02 13:18:03,172 INFO iter=85800 epoch=13 lr=2.00e-04 G=4.570 advA2B=0.515 advB2A=0.584 cycA=0.106 cycB=0.128 idtA=0.106 idtB=0.119 D_A=0.147 D_B=0.168 D_A(real)=0.74 D_A(fake)=0.26 gnG=30.77 gnD=11.21 it_per_s=10.12
2026-10-02 13:18:13,072 INFO iter=85900 epoch=13 lr=2.00e-04 G=4.574 advA2B=0.516 advB2A=0.589 cycA=0.106 cycB=0.128 idtA=0.106 idtB=0.119 D_A=0.146 D_B=0.168 D_A(real)=0.74 D_A(fake)=0.26 gnG=30.72 gnD=11.17 it_per_s=10.12
2026-10-02 13:18:22,947 INFO iter=86000 epoch=13 lr=2.00e-04 G=4.576 advA2B=0.518 advB2A=0.589 cycA=0.106 cycB=0.128 idtA=0.106 idtB=0.119 D_A=0.146 D_B=0.167 D_A(real)=0.74 D_A(fake)=0.26 gnG=30.51 gnD=11.14 it_per_s=10.12
2026-10-02 13:18:32,774 INFO iter=86100 epoch=13 lr=2.00e-04 G=4.578 advA2B=0.521 advB2A=0.588 cycA=0.106 cycB=0.128 idtA=0.106 idtB=0.119 D_A=0.146 D_B=0.166 D_A(real)=0.74 D_A(fake)=0.26 gnG=30.47 gnD=11.14 it_per_s=10.12
2026-10-02 13:18:42,623 INFO iter=86200 epoch=13 lr=2.00e-04 G=4.577 advA2B=0.520 advB2A=0.585 cycA=0.106 cycB=0.128 idtA=0.106 idtB=0.120 D_A=0.145 D_B=0.166 D_A(real)=0.74 D_A(fake)=0.26 gnG=30.48 gnD=11.08 it_per_s=10.12
2026-10-02 13:18:52,483 INFO iter=86300 epoch=13 lr=2.00e-04 G=4.568 advA2B=0.520 advB2A=0.585 cycA=0.106 cycB=0.128 idtA=0.106 idtB=0.120 D_A=0.146 D_B=0.166 D_A(real)=0.74 D_A(fake)=0.26 gnG=30.37 gnD=11.09 it_per_s=10.12
2026-10-02 13:19:02,303 INFO iter=86400 epoch=13 lr=2.00e-04 G=4.559 advA2B=0.520 advB2A=0.585 cycA=0.106 cycB=0.127 idtA=0.106 idtB=0.119 D_A=0.146 D_B=0.166 D_A(real)=0.73 D_A(fake)=0.27 gnG=30.36 gnD=11.10 it_per_s=10.13
2026-10-02 13:19:12,173 INFO iter=86500 epoch=13 lr=2.00e-04 G=4.562 advA2B=0.521 advB2A=0.586 cycA=0.106 cycB=0.127 idtA=0.105 idtB=0.120 D_A=0.146 D_B=0.167 D_A(real)=0.74 D_A(fake)=0.26 gnG=30.41 gnD=11.13 it_per_s=10.13
2026-10-02 13:19:21,997 INFO iter=86600 epoch=13 lr=2.00e-04 G=4.558 advA2B=0.517 advB2A=0.585 cycA=0.106 cycB=0.127 idtA=0.105 idtB=0.120 D_A=0.146 D_B=0.167 D_A(real)=0.74 D_A(fake)=0.26 gnG=30.39 gnD=11.11 it_per_s=10.13
2026-10-02 13:19:31,841 INFO iter=86700 epoch=13 lr=2.00e-04 G=4.558 advA2B=0.517 advB2A=0.586 cycA=0.106 cycB=0.127 idtA=0.105 idtB=0.120 D_A=0.147 D_B=0.166 D_A(real)=0.73 D_A(fake)=0.27 gnG=30.37 gnD=11.08 it_per_s=10.13
2026-10-02 13:19:41,671 INFO iter=86800 epoch=13 lr=2.00e-04 G=4.555 advA2B=0.517 advB2A=0.587 cycA=0.106 cycB=0.127 idtA=0.105 idtB=0.120 D_A=0.146 D_B=0.166 D_A(real)=0.73 D_A(fake)=0.27 gnG=30.38 gnD=11.06 it_per_s=10.13
2026-10-02 13:19:51,532 INFO iter=86900 epoch=13 lr=2.00e-04 G=4.560 advA2B=0.516 advB2A=0.590 cycA=0.106 cycB=0.127 idtA=0.105 idtB=0.120 D_A=0.146 D_B=0.167 D_A(real)=0.73 D_A(fake)=0.27 gnG=30.45 gnD=11.09 it_per_s=10.13
2026-10-02 13:20:01,362 INFO iter=87000 epoch=13 lr=2.00e-04 G=4.557 advA2B=0.517 advB2A=0.591 cycA=0.106 cycB=0.127 idtA=0.105 idtB=0.119 D_A=0.147 D_B=0.166 D_A(real)=0.73 D_A(fake)=0.27 gnG=30.49 gnD=11.08 it_per_s=10.14
2026-10-02 13:20:11,192 INFO iter=87100 epoch=13 lr=2.00e-04 G=4.556 advA2B=0.517 advB2A=0.589 cycA=0.106 cycB=0.127 idtA=0.105 idtB=0.119 D_A=0.146 D_B=0.166 D_A(real)=0.74 D_A(fake)=0.26 gnG=30.54 gnD=11.06 it_per_s=10.14
2026-10-02 13:20:21,138 INFO iter=87200 epoch=13 lr=2.00e-04 G=4.557 advA2B=0.517 advB2A=0.590 cycA=0.106 cycB=0.127 idtA=0.105 idtB=0.119 D_A=0.146 D_B=0.165 D_A(real)=0.74 D_A(fake)=0.26 gnG=30.64 gnD=11.05 it_per_s=10.13
2026-10-02 13:20:30,989 INFO iter=87300 epoch=13 lr=2.00e-04 G=4.560 advA2B=0.519 advB2A=0.590 cycA=0.106 cycB=0.127 idtA=0.105 idtB=0.119 D_A=0.146 D_B=0.165 D_A(real)=0.74 D_A(fake)=0.26 gnG=30.66 gnD=11.06 it_per_s=10.13
2026-10-02 13:20:40,857 INFO iter=87400 epoch=13 lr=2.00e-04 G=4.558 advA2B=0.519 advB2A=0.592 cycA=0.106 cycB=0.127 idtA=0.105 idtB=0.119 D_A=0.146 D_B=0.166 D_A(real)=0.74 D_A(fake)=0.26 gnG=30.61 gnD=11.07 it_per_s=10.13
2026-10-02 13:20:50,689 INFO iter=87500 epoch=13 lr=2.00e-04 G=4.554 advA2B=0.518 advB2A=0.593 cycA=0.106 cycB=0.127 idtA=0.105 idtB=0.119 D_A=0.146 D_B=0.166 D_A(real)=0.74 D_A(fake)=0.26 gnG=30.65 gnD=11.06 it_per_s=10.14
2026-10-02 13:21:00,531 INFO iter=87600 epoch=13 lr=2.00e-04 G=4.550 advA2B=0.517 advB2A=0.592 cycA=0.106 cycB=0.127 idtA=0.105 idtB=0.119 D_A=0.146 D_B=0.166 D_A(real)=0.74 D_A(fake)=0.26 gnG=30.60 gnD=11.07 it_per_s=10.14
2026-10-02 13:21:10,362 INFO iter=87700 epoch=13 lr=2.00e-04 G=4.551 advA2B=0.519 advB2A=0.593 cycA=0.106 cycB=0.127 idtA=0.105 idtB=0.119 D_A=0.145 D_B=0.166 D_A(real)=0.74 D_A(fake)=0.26 gnG=30.80 gnD=11.06 it_per_s=10.14
2026-10-02 13:21:20,371 INFO iter=87800 epoch=13 lr=2.00e-04 G=4.550 advA2B=0.517 advB2A=0.594 cycA=0.106 cycB=0.126 idtA=0.105 idtB=0.119 D_A=0.145 D_B=0.167 D_A(real)=0.74 D_A(fake)=0.26 gnG=30.74 gnD=11.08 it_per_s=10.13
2026-10-02 13:21:30,246 INFO iter=87900 epoch=13 lr=2.00e-04 G=4.547 advA2B=0.518 advB2A=0.594 cycA=0.106 cycB=0.126 idtA=0.105 idtB=0.118 D_A=0.145 D_B=0.166 D_A(real)=0.74 D_A(fake)=0.26 gnG=30.69 gnD=11.05 it_per_s=10.13
2026-10-02 13:21:40,100 INFO iter=88000 epoch=13 lr=2.00e-04 G=4.546 advA2B=0.518 advB2A=0.592 cycA=0.106 cycB=0.126 idtA=0.105 idtB=0.119 D_A=0.145 D_B=0.166 D_A(real)=0.74 D_A(fake)=0.26 gnG=30.67 gnD=11.05 it_per_s=10.13
2026-10-02 13:21:49,936 INFO iter=88100 epoch=13 lr=2.00e-04 G=4.549 advA2B=0.519 advB2A=0.594 cycA=0.106 cycB=0.127 idtA=0.104 idtB=0.119 D_A=0.145 D_B=0.166 D_A(real)=0.74 D_A(fake)=0.26 gnG=30.64 gnD=11.04 it_per_s=10.13
2026-10-02 13:21:59,770 INFO iter=88200 epoch=13 lr=2.00e-04 G=4.548 advA2B=0.518 advB2A=0.593 cycA=0.106 cycB=0.127 idtA=0.104 idtB=0.119 D_A=0.145 D_B=0.166 D_A(real)=0.74 D_A(fake)=0.26 gnG=30.60 gnD=11.04 it_per_s=10.13
2026-10-02 13:22:09,623 INFO iter=88300 epoch=13 lr=2.00e-04 G=4.549 advA2B=0.518 advB2A=0.593 cycA=0.106 cycB=0.127 idtA=0.104 idtB=0.119 D_A=0.145 D_B=0.166 D_A(real)=0.74 D_A(fake)=0.26 gnG=30.57 gnD=11.04 it_per_s=10.14
2026-10-02 13:22:19,478 INFO iter=88400 epoch=13 lr=2.00e-04 G=4.545 advA2B=0.518 advB2A=0.592 cycA=0.105 cycB=0.127 idtA=0.104 idtB=0.119 D_A=0.145 D_B=0.166 D_A(real)=0.74 D_A(fake)=0.26 gnG=30.53 gnD=11.05 it_per_s=10.14
2026-10-02 13:22:29,318 INFO iter=88500 epoch=13 lr=2.00e-04 G=4.541 advA2B=0.518 advB2A=0.593 cycA=0.105 cycB=0.126 idtA=0.104 idtB=0.119 D_A=0.145 D_B=0.167 D_A(real)=0.74 D_A(fake)=0.26 gnG=30.49 gnD=11.07 it_per_s=10.14
2026-10-02 13:22:39,081 INFO iter=88600 epoch=13 lr=2.00e-04 G=4.541 advA2B=0.518 advB2A=0.594 cycA=0.105 cycB=0.126 idtA=0.104 idtB=0.118 D_A=0.145 D_B=0.166 D_A(real)=0.74 D_A(fake)=0.26 gnG=30.61 gnD=11.06 it_per_s=10.14
2026-10-02 13:22:49,023 INFO iter=88700 epoch=13 lr=2.00e-04 G=4.538 advA2B=0.518 advB2A=0.594 cycA=0.105 cycB=0.126 idtA=0.104 idtB=0.118 D_A=0.145 D_B=0.166 D_A(real)=0.74 D_A(fake)=0.26 gnG=30.54 gnD=11.05 it_per_s=10.14
2026-10-02 13:22:58,877 INFO iter=88800 epoch=13 lr=2.00e-04 G=4.538 advA2B=0.518 advB2A=0.594 cycA=0.105 cycB=0.126 idtA=0.104 idtB=0.118 D_A=0.144 D_B=0.166 D_A(real)=0.74 D_A(fake)=0.26 gnG=30.58 gnD=11.05 it_per_s=10.14
2026-10-02 13:23:08,686 INFO iter=88900 epoch=13 lr=2.00e-04 G=4.536 advA2B=0.518 advB2A=0.593 cycA=0.105 cycB=0.126 idtA=0.104 idtB=0.118 D_A=0.144 D_B=0.167 D_A(real)=0.74 D_A(fake)=0.26 gnG=30.55 gnD=11.05 it_per_s=10.14
2026-10-02 13:23:18,468 INFO iter=89000 epoch=13 lr=2.00e-04 G=4.532 advA2B=0.518 advB2A=0.593 cycA=0.105 cycB=0.126 idtA=0.104 idtB=0.118 D_A=0.144 D_B=0.167 D_A(real)=0.74 D_A(fake)=0.26 gnG=30.56 gnD=11.05 it_per_s=10.14
2026-10-02 13:23:28,276 INFO iter=89100 epoch=13 lr=2.00e-04 G=4.529 advA2B=0.518 advB2A=0.594 cycA=0.105 cycB=0.126 idtA=0.104 idtB=0.118 D_A=0.144 D_B=0.166 D_A(real)=0.74 D_A(fake)=0.26 gnG=30.55 gnD=11.04 it_per_s=10.14
2026-10-02 13:23:38,082 INFO iter=89200 epoch=13 lr=2.00e-04 G=4.532 advA2B=0.519 advB2A=0.594 cycA=0.105 cycB=0.126 idtA=0.104 idtB=0.118 D_A=0.144 D_B=0.166 D_A(real)=0.74 D_A(fake)=0.26 gnG=30.50 gnD=11.05 it_per_s=10.14
2026-10-02 13:23:47,885 INFO iter=89300 epoch=13 lr=2.00e-04 G=4.531 advA2B=0.519 advB2A=0.592 cycA=0.105 cycB=0.126 idtA=0.104 idtB=0.118 D_A=0.144 D_B=0.166 D_A(real)=0.74 D_A(fake)=0.26 gnG=30.48 gnD=11.04 it_per_s=10.14
2026-10-02 13:23:57,728 INFO iter=89400 epoch=13 lr=2.00e-04 G=4.531 advA2B=0.517 advB2A=0.592 cycA=0.105 cycB=0.126 idtA=0.104 idtB=0.118 D_A=0.144 D_B=0.166 D_A(real)=0.74 D_A(fake)=0.26 gnG=30.46 gnD=11.04 it_per_s=10.14
2026-10-02 13:24:07,719 INFO iter=89500 epoch=13 lr=2.00e-04 G=4.530 advA2B=0.517 advB2A=0.593 cycA=0.105 cycB=0.126 idtA=0.104 idtB=0.118 D_A=0.144 D_B=0.166 D_A(real)=0.74 D_A(fake)=0.26 gnG=30.43 gnD=11.05 it_per_s=10.14
2026-10-02 13:24:17,505 INFO iter=89600 epoch=13 lr=2.00e-04 G=4.532 advA2B=0.517 advB2A=0.595 cycA=0.105 cycB=0.126 idtA=0.104 idtB=0.118 D_A=0.144 D_B=0.166 D_A(real)=0.74 D_A(fake)=0.26 gnG=30.39 gnD=11.04 it_per_s=10.14
2026-10-02 13:24:27,342 INFO iter=89700 epoch=13 lr=2.00e-04 G=4.532 advA2B=0.517 advB2A=0.595 cycA=0.105 cycB=0.126 idtA=0.104 idtB=0.118 D_A=0.144 D_B=0.166 D_A(real)=0.74 D_A(fake)=0.26 gnG=30.35 gnD=11.03 it_per_s=10.14
2026-10-02 13:24:37,154 INFO iter=89800 epoch=13 lr=2.00e-04 G=4.529 advA2B=0.517 advB2A=0.595 cycA=0.105 cycB=0.126 idtA=0.104 idtB=0.118 D_A=0.144 D_B=0.166 D_A(real)=0.74 D_A(fake)=0.26 gnG=30.32 gnD=11.03 it_per_s=10.14
2026-10-02 13:24:46,956 INFO iter=89900 epoch=13 lr=2.00e-04 G=4.528 advA2B=0.518 advB2A=0.595 cycA=0.105 cycB=0.126 idtA=0.104 idtB=0.118 D_A=0.144 D_B=0.166 D_A(real)=0.74 D_A(fake)=0.26 gnG=30.31 gnD=11.03 it_per_s=10.15
2026-10-02 13:24:56,822 INFO iter=90000 epoch=13 lr=2.00e-04 G=4.530 advA2B=0.518 advB2A=0.595 cycA=0.105 cycB=0.126 idtA=0.104 idtB=0.118 D_A=0.144 D_B=0.166 D_A(real)=0.74 D_A(fake)=0.26 gnG=30.35 gnD=11.03 it_per_s=10.15
2026-10-02 13:25:06,656 INFO iter=90100 epoch=13 lr=2.00e-04 G=4.531 advA2B=0.518 advB2A=0.594 cycA=0.105 cycB=0.126 idtA=0.104 idtB=0.118 D_A=0.144 D_B=0.166 D_A(real)=0.74 D_A(fake)=0.26 gnG=30.40 gnD=11.04 it_per_s=10.15
2026-10-02 13:25:16,486 INFO iter=90200 epoch=13 lr=2.00e-04 G=4.529 advA2B=0.518 advB2A=0.594 cycA=0.105 cycB=0.126 idtA=0.104 idtB=0.118 D_A=0.144 D_B=0.166 D_A(real)=0.74 D_A(fake)=0.26 gnG=30.44 gnD=11.04 it_per_s=10.15
2026-10-02 13:25:26,315 INFO iter=90300 epoch=13 lr=2.00e-04 G=4.530 advA2B=0.518 advB2A=0.593 cycA=0.105 cycB=0.126 idtA=0.104 idtB=0.118 D_A=0.144 D_B=0.166 D_A(real)=0.74 D_A(fake)=0.26 gnG=30.45 gnD=11.03 it_per_s=10.15
2026-10-02 13:25:36,129 INFO iter=90400 epoch=13 lr=2.00e-04 G=4.528 advA2B=0.518 advB2A=0.592 cycA=0.105 cycB=0.126 idtA=0.104 idtB=0.118 D_A=0.144 D_B=0.167 D_A(real)=0.74 D_A(fake)=0.26 gnG=30.45 gnD=11.03 it_per_s=10.15
2026-10-02 13:25:45,906 INFO iter=90500 epoch=13 lr=2.00e-04 G=4.527 advA2B=0.517 advB2A=0.593 cycA=0.105 cycB=0.126 idtA=0.103 idtB=0.118 D_A=0.144 D_B=0.167 D_A(real)=0.74 D_A(fake)=0.26 gnG=30.47 gnD=11.04 it_per_s=10.15
2026-10-02 13:25:55,790 INFO iter=90600 epoch=13 lr=2.00e-04 G=4.523 advA2B=0.517 advB2A=0.592 cycA=0.105 cycB=0.126 idtA=0.103 idtB=0.118 D_A=0.144 D_B=0.167 D_A(real)=0.74 D_A(fake)=0.26 gnG=30.45 gnD=11.04 it_per_s=10.15
2026-10-02 13:26:05,603 INFO iter=90700 epoch=13 lr=2.00e-04 G=4.522 advA2B=0.517 advB2A=0.592 cycA=0.105 cycB=0.126 idtA=0.103 idtB=0.118 D_A=0.144 D_B=0.167 D_A(real)=0.74 D_A(fake)=0.26 gnG=30.42 gnD=11.04 it_per_s=10.15
2026-10-02 13:26:15,470 INFO iter=90800 epoch=13 lr=2.00e-04 G=4.521 advA2B=0.517 advB2A=0.592 cycA=0.105 cycB=0.126 idtA=0.103 idtB=0.118 D_A=0.144 D_B=0.167 D_A(real)=0.74 D_A(fake)=0.26 gnG=30.44 gnD=11.03 it_per_s=10.15
2026-10-02 13:26:25,293 INFO iter=90900 epoch=13 lr=2.00e-04 G=4.522 advA2B=0.517 advB2A=0.591 cycA=0.105 cycB=0.126 idtA=0.103 idtB=0.118 D_A=0.144 D_B=0.167 D_A(real)=0.74 D_A(fake)=0.26 gnG=30.50 gnD=11.03 it_per_s=10.15
2026-10-02 13:26:35,128 INFO iter=91000 epoch=13 lr=2.00e-04 G=4.522 advA2B=0.518 advB2A=0.592 cycA=0.105 cycB=0.126 idtA=0.103 idtB=0.118 D_A=0.144 D_B=0.167 D_A(real)=0.74 D_A(fake)=0.26 gnG=30.50 gnD=11.02 it_per_s=10.15
2026-10-02 13:26:44,938 INFO iter=91100 epoch=13 lr=2.00e-04 G=4.521 advA2B=0.517 advB2A=0.592 cycA=0.105 cycB=0.126 idtA=0.103 idtB=0.118 D_A=0.144 D_B=0.166 D_A(real)=0.74 D_A(fake)=0.26 gnG=30.45 gnD=11.02 it_per_s=10.15
2026-10-02 13:26:54,818 INFO iter=91200 epoch=13 lr=2.00e-04 G=4.522 advA2B=0.517 advB2A=0.592 cycA=0.105 cycB=0.126 idtA=0.103 idtB=0.118 D_A=0.144 D_B=0.166 D_A(real)=0.74 D_A(fake)=0.26 gnG=30.44 gnD=11.02 it_per_s=10.15
2026-10-02 13:27:04,620 INFO iter=91300 epoch=13 lr=2.00e-04 G=4.520 advA2B=0.517 advB2A=0.592 cycA=0.105 cycB=0.126 idtA=0.103 idtB=0.118 D_A=0.144 D_B=0.166 D_A(real)=0.74 D_A(fake)=0.26 gnG=30.41 gnD=11.03 it_per_s=10.15
2026-10-02 13:27:14,531 INFO iter=91400 epoch=13 lr=2.00e-04 G=4.519 advA2B=0.517 advB2A=0.591 cycA=0.105 cycB=0.126 idtA=0.103 idtB=0.118 D_A=0.144 D_B=0.166 D_A(real)=0.74 D_A(fake)=0.26 gnG=30.38 gnD=11.02 it_per_s=10.15
2026-10-02 13:27:23,782 INFO epoch=13 done time_s=693 it_per_s=10.15 G=4.519 cycA=0.105 cycB=0.126 idtA=0.103 idtB=0.118 D_A=0.144 D_B=0.166 D_A(real)=0.74 D_A(fake)=0.26 nan_count=0
2026-10-02 13:27:24,943 INFO iter=91500 epoch=14 lr=2.00e-04 G=4.269 advA2B=0.735 advB2A=0.475 cycA=0.110 cycB=0.090 idtA=0.104 idtB=0.107 D_A=0.159 D_B=0.142 D_A(real)=0.71 D_A(fake)=0.29 gnG=34.24 gnD=10.77 it_per_s=9.82
2026-10-02 13:27:34,904 INFO iter=91600 epoch=14 lr=2.00e-04 G=4.618 advA2B=0.565 advB2A=0.578 cycA=0.114 cycB=0.121 idtA=0.103 idtB=0.122 D_A=0.146 D_B=0.158 D_A(real)=0.73 D_A(fake)=0.27 gnG=32.92 gnD=10.52 it_per_s=10.03
2026-10-02 13:27:44,715 INFO iter=91700 epoch=14 lr=2.00e-04 G=4.483 advA2B=0.544 advB2A=0.592 cycA=0.109 cycB=0.117 idtA=0.101 idtB=0.116 D_A=0.144 D_B=0.164 D_A(real)=0.74 D_A(fake)=0.26 gnG=30.70 gnD=10.97 it_per_s=10.11
2026-10-02 13:27:54,589 INFO iter=91800 epoch=14 lr=2.00e-04 G=4.496 advA2B=0.556 advB2A=0.592 cycA=0.108 cycB=0.117 idtA=0.101 idtB=0.118 D_A=0.146 D_B=0.164 D_A(real)=0.74 D_A(fake)=0.26 gnG=29.99 gnD=11.06 it_per_s=10.11
2026-10-02 13:28:04,438 INFO iter=91900 epoch=14 lr=2.00e-04 G=4.483 advA2B=0.558 advB2A=0.593 cycA=0.108 cycB=0.117 idtA=0.101 idtB=0.116 D_A=0.147 D_B=0.160 D_A(real)=0.73 D_A(fake)=0.27 gnG=29.84 gnD=11.13 it_per_s=10.12
2026-10-02 13:28:14,225 INFO iter=92000 epoch=14 lr=2.00e-04 G=4.521 advA2B=0.551 advB2A=0.604 cycA=0.108 cycB=0.120 idtA=0.101 idtB=0.117 D_A=0.143 D_B=0.157 D_A(real)=0.74 D_A(fake)=0.26 gnG=30.81 gnD=11.13 it_per_s=10.14
2026-10-02 13:28:24,043 INFO iter=92100 epoch=14 lr=2.00e-04 G=4.543 advA2B=0.541 advB2A=0.612 cycA=0.107 cycB=0.122 idtA=0.101 idtB=0.118 D_A=0.141 D_B=0.162 D_A(real)=0.75 D_A(fake)=0.25 gnG=30.76 gnD=11.18 it_per_s=10.15
2026-10-02 13:28:33,879 INFO iter=92200 epoch=14 lr=2.00e-04 G=4.515 advA2B=0.535 advB2A=0.605 cycA=0.106 cycB=0.122 idtA=0.101 idtB=0.117 D_A=0.142 D_B=0.162 D_A(real)=0.75 D_A(fake)=0.25 gnG=30.62 gnD=11.14 it_per_s=10.15
2026-10-02 13:28:43,706 INFO iter=92300 epoch=14 lr=2.00e-04 G=4.504 advA2B=0.530 advB2A=0.601 cycA=0.106 cycB=0.122 idtA=0.100 idtB=0.118 D_A=0.143 D_B=0.164 D_A(real)=0.75 D_A(fake)=0.25 gnG=30.52 gnD=11.09 it_per_s=10.15
2026-10-02 13:28:53,532 INFO iter=92400 epoch=14 lr=2.00e-04 G=4.502 advA2B=0.524 advB2A=0.599 cycA=0.105 cycB=0.124 idtA=0.100 idtB=0.118 D_A=0.144 D_B=0.165 D_A(real)=0.74 D_A(fake)=0.25 gnG=30.79 gnD=11.12 it_per_s=10.16
2026-10-02 13:29:03,354 INFO iter=92500 epoch=14 lr=2.00e-04 G=4.480 advA2B=0.520 advB2A=0.598 cycA=0.105 cycB=0.123 idtA=0.100 idtB=0.117 D_A=0.143 D_B=0.166 D_A(real)=0.74 D_A(fake)=0.26 gnG=30.73 gnD=11.04 it_per_s=10.16
2026-10-02 13:29:13,152 INFO iter=92600 epoch=14 lr=2.00e-04 G=4.467 advA2B=0.519 advB2A=0.596 cycA=0.105 cycB=0.122 idtA=0.100 idtB=0.116 D_A=0.143 D_B=0.166 D_A(real)=0.74 D_A(fake)=0.26 gnG=30.64 gnD=11.00 it_per_s=10.16
2026-10-02 13:29:23,001 INFO iter=92700 epoch=14 lr=2.00e-04 G=4.469 advA2B=0.517 advB2A=0.596 cycA=0.105 cycB=0.123 idtA=0.100 idtB=0.116 D_A=0.143 D_B=0.166 D_A(real)=0.74 D_A(fake)=0.26 gnG=30.44 gnD=10.95 it_per_s=10.16
2026-10-02 13:29:32,811 INFO iter=92800 epoch=14 lr=2.00e-04 G=4.460 advA2B=0.516 advB2A=0.595 cycA=0.105 cycB=0.122 idtA=0.100 idtB=0.116 D_A=0.141 D_B=0.166 D_A(real)=0.74 D_A(fake)=0.25 gnG=30.52 gnD=10.90 it_per_s=10.16
2026-10-02 13:29:42,644 INFO iter=92900 epoch=14 lr=2.00e-04 G=4.471 advA2B=0.516 advB2A=0.600 cycA=0.105 cycB=0.122 idtA=0.100 idtB=0.116 D_A=0.142 D_B=0.165 D_A(real)=0.75 D_A(fake)=0.25 gnG=30.49 gnD=10.92 it_per_s=10.17
2026-10-02 13:29:52,461 INFO iter=93000 epoch=14 lr=2.00e-04 G=4.470 advA2B=0.516 advB2A=0.601 cycA=0.105 cycB=0.122 idtA=0.101 idtB=0.116 D_A=0.141 D_B=0.165 D_A(real)=0.75 D_A(fake)=0.25 gnG=30.40 gnD=10.93 it_per_s=10.17
2026-10-02 13:30:02,239 INFO iter=93100 epoch=14 lr=2.00e-04 G=4.470 advA2B=0.517 advB2A=0.597 cycA=0.105 cycB=0.123 idtA=0.101 idtB=0.116 D_A=0.142 D_B=0.166 D_A(real)=0.75 D_A(fake)=0.25 gnG=30.50 gnD=10.95 it_per_s=10.17
2026-10-02 13:30:12,125 INFO iter=93200 epoch=14 lr=2.00e-04 G=4.471 advA2B=0.518 advB2A=0.596 cycA=0.105 cycB=0.123 idtA=0.101 idtB=0.116 D_A=0.142 D_B=0.166 D_A(real)=0.75 D_A(fake)=0.25 gnG=30.36 gnD=10.93 it_per_s=10.17
2026-10-02 13:30:21,957 INFO iter=93300 epoch=14 lr=2.00e-04 G=4.473 advA2B=0.517 advB2A=0.597 cycA=0.105 cycB=0.123 idtA=0.101 idtB=0.116 D_A=0.142 D_B=0.167 D_A(real)=0.75 D_A(fake)=0.25 gnG=30.26 gnD=10.92 it_per_s=10.17
2026-10-02 13:30:31,809 INFO iter=93400 epoch=14 lr=2.00e-04 G=4.471 advA2B=0.517 advB2A=0.598 cycA=0.105 cycB=0.122 idtA=0.101 idtB=0.116 D_A=0.142 D_B=0.168 D_A(real)=0.74 D_A(fake)=0.26 gnG=30.16 gnD=10.95 it_per_s=10.17
2026-10-02 13:30:41,793 INFO iter=93500 epoch=14 lr=2.00e-04 G=4.470 advA2B=0.517 advB2A=0.599 cycA=0.105 cycB=0.122 idtA=0.101 idtB=0.116 D_A=0.142 D_B=0.168 D_A(real)=0.75 D_A(fake)=0.25 gnG=30.14 gnD=10.92 it_per_s=10.16
2026-10-02 13:30:51,603 INFO iter=93600 epoch=14 lr=2.00e-04 G=4.461 advA2B=0.517 advB2A=0.597 cycA=0.105 cycB=0.122 idtA=0.101 idtB=0.115 D_A=0.142 D_B=0.168 D_A(real)=0.74 D_A(fake)=0.26 gnG=30.06 gnD=10.94 it_per_s=10.16
2026-10-02 13:31:01,409 INFO iter=93700 epoch=14 lr=2.00e-04 G=4.461 advA2B=0.515 advB2A=0.601 cycA=0.104 cycB=0.122 idtA=0.101 idtB=0.115 D_A=0.142 D_B=0.169 D_A(real)=0.75 D_A(fake)=0.25 gnG=30.10 gnD=10.96 it_per_s=10.16
2026-10-02 13:31:11,205 INFO iter=93800 epoch=14 lr=2.00e-04 G=4.458 advA2B=0.513 advB2A=0.599 cycA=0.104 cycB=0.122 idtA=0.101 idtB=0.115 D_A=0.142 D_B=0.169 D_A(real)=0.74 D_A(fake)=0.26 gnG=30.04 gnD=10.93 it_per_s=10.16
2026-10-02 13:31:21,040 INFO iter=93900 epoch=14 lr=2.00e-04 G=4.459 advA2B=0.515 advB2A=0.600 cycA=0.104 cycB=0.122 idtA=0.100 idtB=0.115 D_A=0.142 D_B=0.169 D_A(real)=0.74 D_A(fake)=0.26 gnG=30.01 gnD=10.93 it_per_s=10.16
2026-10-02 13:31:30,869 INFO iter=94000 epoch=14 lr=2.00e-04 G=4.458 advA2B=0.513 advB2A=0.602 cycA=0.104 cycB=0.122 idtA=0.100 idtB=0.115 D_A=0.142 D_B=0.169 D_A(real)=0.74 D_A(fake)=0.26 gnG=30.01 gnD=10.93 it_per_s=10.16
2026-10-02 13:31:40,709 INFO iter=94100 epoch=14 lr=2.00e-04 G=4.454 advA2B=0.513 advB2A=0.600 cycA=0.104 cycB=0.122 idtA=0.101 idtB=0.115 D_A=0.142 D_B=0.169 D_A(real)=0.74 D_A(fake)=0.26 gnG=29.93 gnD=10.92 it_per_s=10.16
2026-10-02 13:31:50,534 INFO iter=94200 epoch=14 lr=2.00e-04 G=4.447 advA2B=0.512 advB2A=0.600 cycA=0.104 cycB=0.122 idtA=0.100 idtB=0.115 D_A=0.142 D_B=0.169 D_A(real)=0.74 D_A(fake)=0.26 gnG=29.83 gnD=10.91 it_per_s=10.17
2026-10-02 13:32:00,409 INFO iter=94300 epoch=14 lr=2.00e-04 G=4.443 advA2B=0.512 advB2A=0.597 cycA=0.104 cycB=0.122 idtA=0.100 idtB=0.115 D_A=0.142 D_B=0.169 D_A(real)=0.74 D_A(fake)=0.26 gnG=29.80 gnD=10.93 it_per_s=10.16
2026-10-02 13:32:10,284 INFO iter=94400 epoch=14 lr=2.00e-04 G=4.441 advA2B=0.512 advB2A=0.598 cycA=0.104 cycB=0.122 idtA=0.100 idtB=0.115 D_A=0.142 D_B=0.169 D_A(real)=0.75 D_A(fake)=0.25 gnG=29.74 gnD=10.94 it_per_s=10.16
2026-10-02 13:32:20,118 INFO iter=94500 epoch=14 lr=2.00e-04 G=4.443 advA2B=0.511 advB2A=0.597 cycA=0.104 cycB=0.122 idtA=0.100 idtB=0.115 D_A=0.141 D_B=0.169 D_A(real)=0.75 D_A(fake)=0.25 gnG=29.76 gnD=10.93 it_per_s=10.16
2026-10-02 13:32:30,013 INFO iter=94600 epoch=14 lr=2.00e-04 G=4.436 advA2B=0.511 advB2A=0.596 cycA=0.104 cycB=0.122 idtA=0.100 idtB=0.115 D_A=0.141 D_B=0.169 D_A(real)=0.75 D_A(fake)=0.25 gnG=29.68 gnD=10.92 it_per_s=10.16
2026-10-02 13:32:39,886 INFO iter=94700 epoch=14 lr=2.00e-04 G=4.432 advA2B=0.512 advB2A=0.596 cycA=0.104 cycB=0.121 idtA=0.100 idtB=0.114 D_A=0.141 D_B=0.168 D_A(real)=0.75 D_A(fake)=0.25 gnG=29.67 gnD=10.91 it_per_s=10.16
2026-10-02 13:32:49,678 INFO iter=94800 epoch=14 lr=2.00e-04 G=4.426 advA2B=0.512 advB2A=0.596 cycA=0.104 cycB=0.121 idtA=0.100 idtB=0.114 D_A=0.141 D_B=0.169 D_A(real)=0.75 D_A(fake)=0.25 gnG=29.69 gnD=10.93 it_per_s=10.16
2026-10-02 13:32:59,540 INFO iter=94900 epoch=14 lr=2.00e-04 G=4.420 advA2B=0.513 advB2A=0.595 cycA=0.104 cycB=0.121 idtA=0.100 idtB=0.114 D_A=0.141 D_B=0.168 D_A(real)=0.75 D_A(fake)=0.25 gnG=29.65 gnD=10.94 it_per_s=10.16
2026-10-02 13:33:09,319 INFO iter=95000 epoch=14 lr=2.00e-04 G=4.420 advA2B=0.514 advB2A=0.596 cycA=0.104 cycB=0.121 idtA=0.100 idtB=0.114 D_A=0.142 D_B=0.168 D_A(real)=0.75 D_A(fake)=0.25 gnG=29.71 gnD=10.94 it_per_s=10.16
2026-10-02 13:33:19,159 INFO iter=95100 epoch=14 lr=2.00e-04 G=4.421 advA2B=0.513 advB2A=0.596 cycA=0.103 cycB=0.121 idtA=0.100 idtB=0.114 D_A=0.142 D_B=0.168 D_A(real)=0.74 D_A(fake)=0.26 gnG=29.72 gnD=10.95 it_per_s=10.16
2026-10-02 13:33:28,935 INFO iter=95200 epoch=14 lr=2.00e-04 G=4.422 advA2B=0.512 advB2A=0.595 cycA=0.103 cycB=0.121 idtA=0.100 idtB=0.114 D_A=0.142 D_B=0.168 D_A(real)=0.75 D_A(fake)=0.26 gnG=29.74 gnD=10.94 it_per_s=10.16
2026-10-02 13:33:38,861 INFO iter=95300 epoch=14 lr=2.00e-04 G=4.428 advA2B=0.512 advB2A=0.594 cycA=0.104 cycB=0.121 idtA=0.100 idtB=0.115 D_A=0.142 D_B=0.168 D_A(real)=0.74 D_A(fake)=0.26 gnG=29.77 gnD=10.92 it_per_s=10.16
2026-10-02 13:33:48,859 INFO iter=95400 epoch=14 lr=2.00e-04 G=4.433 advA2B=0.514 advB2A=0.595 cycA=0.104 cycB=0.121 idtA=0.100 idtB=0.115 D_A=0.142 D_B=0.168 D_A(real)=0.74 D_A(fake)=0.26 gnG=29.82 gnD=10.92 it_per_s=10.16
2026-10-02 13:33:58,705 INFO iter=95500 epoch=14 lr=2.00e-04 G=4.426 advA2B=0.513 advB2A=0.594 cycA=0.104 cycB=0.121 idtA=0.100 idtB=0.115 D_A=0.143 D_B=0.168 D_A(real)=0.74 D_A(fake)=0.26 gnG=29.74 gnD=10.94 it_per_s=10.16
2026-10-02 13:34:08,530 INFO iter=95600 epoch=14 lr=2.00e-04 G=4.423 advA2B=0.513 advB2A=0.593 cycA=0.103 cycB=0.121 idtA=0.099 idtB=0.115 D_A=0.143 D_B=0.168 D_A(real)=0.74 D_A(fake)=0.26 gnG=29.67 gnD=10.94 it_per_s=10.16
2026-10-02 13:34:18,434 INFO iter=95700 epoch=14 lr=2.00e-04 G=4.421 advA2B=0.513 advB2A=0.592 cycA=0.103 cycB=0.121 idtA=0.099 idtB=0.114 D_A=0.143 D_B=0.167 D_A(real)=0.74 D_A(fake)=0.26 gnG=29.70 gnD=10.94 it_per_s=10.16
2026-10-02 13:34:28,382 INFO iter=95800 epoch=14 lr=2.00e-04 G=4.422 advA2B=0.513 advB2A=0.592 cycA=0.103 cycB=0.121 idtA=0.099 idtB=0.115 D_A=0.142 D_B=0.167 D_A(real)=0.74 D_A(fake)=0.26 gnG=29.68 gnD=10.92 it_per_s=10.15
2026-10-02 13:34:38,197 INFO iter=95900 epoch=14 lr=2.00e-04 G=4.425 advA2B=0.517 advB2A=0.592 cycA=0.103 cycB=0.121 idtA=0.099 idtB=0.115 D_A=0.143 D_B=0.166 D_A(real)=0.74 D_A(fake)=0.26 gnG=29.74 gnD=10.93 it_per_s=10.16
2026-10-02 13:34:48,060 INFO iter=96000 epoch=14 lr=2.00e-04 G=4.433 advA2B=0.519 advB2A=0.592 cycA=0.104 cycB=0.122 idtA=0.099 idtB=0.115 D_A=0.142 D_B=0.166 D_A(real)=0.74 D_A(fake)=0.26 gnG=29.78 gnD=10.92 it_per_s=10.15
2026-10-02 13:34:57,925 INFO iter=96100 epoch=14 lr=2.00e-04 G=4.439 advA2B=0.520 advB2A=0.592 cycA=0.104 cycB=0.122 idtA=0.099 idtB=0.115 D_A=0.143 D_B=0.166 D_A(real)=0.74 D_A(fake)=0.26 gnG=29.81 gnD=10.92 it_per_s=10.15
2026-10-02 13:35:07,739 INFO iter=96200 epoch=14 lr=2.00e-04 G=4.444 advA2B=0.521 advB2A=0.594 cycA=0.104 cycB=0.122 idtA=0.099 idtB=0.115 D_A=0.143 D_B=0.165 D_A(real)=0.74 D_A(fake)=0.26 gnG=29.88 gnD=10.91 it_per_s=10.16
2026-10-02 13:35:17,645 INFO iter=96300 epoch=14 lr=2.00e-04 G=4.449 advA2B=0.522 advB2A=0.595 cycA=0.104 cycB=0.122 idtA=0.099 idtB=0.116 D_A=0.143 D_B=0.165 D_A(real)=0.74 D_A(fake)=0.26 gnG=29.93 gnD=10.92 it_per_s=10.15
2026-10-02 13:35:27,453 INFO iter=96400 epoch=14 lr=2.00e-04 G=4.450 advA2B=0.522 advB2A=0.593 cycA=0.104 cycB=0.122 idtA=0.099 idtB=0.116 D_A=0.143 D_B=0.165 D_A(real)=0.75 D_A(fake)=0.26 gnG=29.96 gnD=10.91 it_per_s=10.15
2026-10-02 13:35:37,247 INFO iter=96500 epoch=14 lr=2.00e-04 G=4.454 advA2B=0.522 advB2A=0.593 cycA=0.104 cycB=0.122 idtA=0.099 idtB=0.116 D_A=0.143 D_B=0.164 D_A(real)=0.74 D_A(fake)=0.26 gnG=29.99 gnD=10.90 it_per_s=10.16
2026-10-02 13:35:47,134 INFO iter=96600 epoch=14 lr=2.00e-04 G=4.456 advA2B=0.521 advB2A=0.593 cycA=0.104 cycB=0.122 idtA=0.099 idtB=0.116 D_A=0.143 D_B=0.164 D_A(real)=0.74 D_A(fake)=0.26 gnG=29.99 gnD=10.91 it_per_s=10.16
2026-10-02 13:35:56,954 INFO iter=96700 epoch=14 lr=2.00e-04 G=4.456 advA2B=0.522 advB2A=0.592 cycA=0.104 cycB=0.122 idtA=0.099 idtB=0.116 D_A=0.143 D_B=0.164 D_A(real)=0.74 D_A(fake)=0.26 gnG=30.01 gnD=10.90 it_per_s=10.16
2026-10-02 13:36:06,872 INFO iter=96800 epoch=14 lr=2.00e-04 G=4.459 advA2B=0.522 advB2A=0.592 cycA=0.104 cycB=0.123 idtA=0.099 idtB=0.116 D_A=0.143 D_B=0.164 D_A(real)=0.74 D_A(fake)=0.26 gnG=30.02 gnD=10.89 it_per_s=10.15
2026-10-02 13:36:17,157 INFO iter=96900 epoch=14 lr=2.00e-04 G=4.461 advA2B=0.523 advB2A=0.592 cycA=0.104 cycB=0.123 idtA=0.099 idtB=0.116 D_A=0.143 D_B=0.164 D_A(real)=0.74 D_A(fake)=0.26 gnG=30.05 gnD=10.87 it_per_s=10.15
2026-10-02 13:36:26,972 INFO iter=97000 epoch=14 lr=2.00e-04 G=4.460 advA2B=0.522 advB2A=0.591 cycA=0.104 cycB=0.123 idtA=0.099 idtB=0.116 D_A=0.143 D_B=0.164 D_A(real)=0.74 D_A(fake)=0.26 gnG=30.05 gnD=10.86 it_per_s=10.15
2026-10-02 13:36:36,777 INFO iter=97100 epoch=14 lr=2.00e-04 G=4.464 advA2B=0.522 advB2A=0.591 cycA=0.104 cycB=0.123 idtA=0.099 idtB=0.117 D_A=0.143 D_B=0.164 D_A(real)=0.74 D_A(fake)=0.26 gnG=30.05 gnD=10.85 it_per_s=10.15
2026-10-02 13:36:46,587 INFO iter=97200 epoch=14 lr=2.00e-04 G=4.465 advA2B=0.524 advB2A=0.591 cycA=0.104 cycB=0.123 idtA=0.099 idtB=0.117 D_A=0.143 D_B=0.164 D_A(real)=0.74 D_A(fake)=0.26 gnG=30.05 gnD=10.85 it_per_s=10.15
2026-10-02 13:36:56,432 INFO iter=97300 epoch=14 lr=2.00e-04 G=4.463 advA2B=0.523 advB2A=0.592 cycA=0.104 cycB=0.123 idtA=0.099 idtB=0.117 D_A=0.143 D_B=0.164 D_A(real)=0.74 D_A(fake)=0.26 gnG=30.05 gnD=10.85 it_per_s=10.15
2026-10-02 13:37:06,332 INFO iter=97400 epoch=14 lr=2.00e-04 G=4.460 advA2B=0.523 advB2A=0.590 cycA=0.104 cycB=0.123 idtA=0.099 idtB=0.117 D_A=0.143 D_B=0.164 D_A(real)=0.74 D_A(fake)=0.26 gnG=30.03 gnD=10.85 it_per_s=10.15
2026-10-02 13:37:16,291 INFO iter=97500 epoch=14 lr=2.00e-04 G=4.457 advA2B=0.523 advB2A=0.590 cycA=0.104 cycB=0.123 idtA=0.099 idtB=0.116 D_A=0.143 D_B=0.164 D_A(real)=0.74 D_A(fake)=0.26 gnG=30.00 gnD=10.85 it_per_s=10.15
2026-10-02 13:37:26,178 INFO iter=97600 epoch=14 lr=2.00e-04 G=4.459 advA2B=0.525 advB2A=0.590 cycA=0.104 cycB=0.123 idtA=0.099 idtB=0.117 D_A=0.143 D_B=0.164 D_A(real)=0.74 D_A(fake)=0.26 gnG=30.03 gnD=10.84 it_per_s=10.15
2026-10-02 13:37:36,016 INFO iter=97700 epoch=14 lr=2.00e-04 G=4.459 advA2B=0.526 advB2A=0.589 cycA=0.104 cycB=0.123 idtA=0.099 idtB=0.117 D_A=0.143 D_B=0.164 D_A(real)=0.74 D_A(fake)=0.26 gnG=30.00 gnD=10.84 it_per_s=10.15
2026-10-02 13:37:45,851 INFO iter=97800 epoch=14 lr=2.00e-04 G=4.462 advA2B=0.526 advB2A=0.589 cycA=0.104 cycB=0.123 idtA=0.099 idtB=0.117 D_A=0.143 D_B=0.164 D_A(real)=0.74 D_A(fake)=0.26 gnG=29.99 gnD=10.83 it_per_s=10.15
2026-10-02 13:37:55,681 INFO iter=97900 epoch=14 lr=2.00e-04 G=4.462 advA2B=0.526 advB2A=0.589 cycA=0.104 cycB=0.123 idtA=0.099 idtB=0.117 D_A=0.143 D_B=0.164 D_A(real)=0.74 D_A(fake)=0.26 gnG=30.03 gnD=10.82 it_per_s=10.15
2026-10-02 13:38:05,530 INFO iter=98000 epoch=14 lr=2.00e-04 G=4.464 advA2B=0.526 advB2A=0.589 cycA=0.104 cycB=0.123 idtA=0.099 idtB=0.117 D_A=0.143 D_B=0.164 D_A(real)=0.74 D_A(fake)=0.26 gnG=30.05 gnD=10.82 it_per_s=10.15
2026-10-02 13:38:15,344 INFO iter=98100 epoch=14 lr=2.00e-04 G=4.465 advA2B=0.527 advB2A=0.589 cycA=0.104 cycB=0.123 idtA=0.099 idtB=0.117 D_A=0.143 D_B=0.163 D_A(real)=0.74 D_A(fake)=0.26 gnG=30.09 gnD=10.82 it_per_s=10.15
2026-10-02 13:38:25,113 INFO iter=98200 epoch=14 lr=2.00e-04 G=4.465 advA2B=0.529 advB2A=0.589 cycA=0.104 cycB=0.123 idtA=0.099 idtB=0.117 D_A=0.143 D_B=0.163 D_A(real)=0.74 D_A(fake)=0.26 gnG=30.10 gnD=10.82 it_per_s=10.15
2026-10-02 13:38:34,968 INFO iter=98300 epoch=14 lr=2.00e-04 G=4.463 advA2B=0.528 advB2A=0.588 cycA=0.104 cycB=0.123 idtA=0.099 idtB=0.117 D_A=0.143 D_B=0.163 D_A(real)=0.74 D_A(fake)=0.26 gnG=30.09 gnD=10.82 it_per_s=10.15
2026-10-02 13:38:44,750 INFO iter=98400 epoch=14 lr=2.00e-04 G=4.464 advA2B=0.528 advB2A=0.588 cycA=0.104 cycB=0.123 idtA=0.099 idtB=0.117 D_A=0.143 D_B=0.163 D_A(real)=0.74 D_A(fake)=0.26 gnG=30.07 gnD=10.82 it_per_s=10.15
2026-10-02 13:38:54,553 INFO iter=98500 epoch=14 lr=2.00e-04 G=4.465 advA2B=0.528 advB2A=0.588 cycA=0.104 cycB=0.123 idtA=0.099 idtB=0.117 D_A=0.143 D_B=0.163 D_A(real)=0.74 D_A(fake)=0.26 gnG=30.09 gnD=10.82 it_per_s=10.15
2026-10-02 13:38:57,713 INFO epoch=14 done time_s=693 it_per_s=10.15 G=4.466 cycA=0.104 cycB=0.123 idtA=0.099 idtB=0.117 D_A=0.143 D_B=0.163 D_A(real)=0.74 D_A(fake)=0.26 nan_count=0
2026-10-02 13:39:05,004 INFO iter=98600 epoch=15 lr=2.00e-04 G=4.420 advA2B=0.561 advB2A=0.518 cycA=0.107 cycB=0.121 idtA=0.097 idtB=0.115 D_A=0.146 D_B=0.162 D_A(real)=0.76 D_A(fake)=0.24 gnG=28.77 gnD=12.00 it_per_s=10.07
2026-10-02 13:39:14,833 INFO iter=98700 epoch=15 lr=2.00e-04 G=4.353 advA2B=0.521 advB2A=0.609 cycA=0.102 cycB=0.117 idtA=0.095 idtB=0.110 D_A=0.151 D_B=0.165 D_A(real)=0.74 D_A(fake)=0.26 gnG=31.10 gnD=11.01 it_per_s=10.13
2026-10-02 13:39:24,748 INFO iter=98800 epoch=15 lr=2.00e-04 G=4.315 advA2B=0.513 advB2A=0.582 cycA=0.102 cycB=0.117 idtA=0.094 idtB=0.110 D_A=0.152 D_B=0.176 D_A(real)=0.73 D_A(fake)=0.27 gnG=31.55 gnD=10.86 it_per_s=10.11
2026-10-02 13:39:34,640 INFO iter=98900 epoch=15 lr=2.00e-04 G=4.369 advA2B=0.539 advB2A=0.604 cycA=0.103 cycB=0.118 idtA=0.093 idtB=0.111 D_A=0.149 D_B=0.172 D_A(real)=0.73 D_A(fake)=0.26 gnG=31.59 gnD=10.85 it_per_s=10.11
2026-10-02 13:39:44,494 INFO iter=99000 epoch=15 lr=2.00e-04 G=4.426 advA2B=0.556 advB2A=0.600 cycA=0.104 cycB=0.119 idtA=0.094 idtB=0.113 D_A=0.149 D_B=0.166 D_A(real)=0.74 D_A(fake)=0.26 gnG=32.28 gnD=10.79 it_per_s=10.12
2026-10-02 13:39:54,326 INFO iter=99100 epoch=15 lr=2.00e-04 G=4.444 advA2B=0.549 advB2A=0.591 cycA=0.104 cycB=0.122 idtA=0.095 idtB=0.116 D_A=0.150 D_B=0.164 D_A(real)=0.73 D_A(fake)=0.27 gnG=31.73 gnD=10.66 it_per_s=10.13
2026-10-02 13:40:04,192 INFO iter=99200 epoch=15 lr=2.00e-04 G=4.438 advA2B=0.556 advB2A=0.589 cycA=0.104 cycB=0.121 idtA=0.095 idtB=0.115 D_A=0.150 D_B=0.163 D_A(real)=0.73 D_A(fake)=0.27 gnG=31.43 gnD=10.58 it_per_s=10.13
2026-10-02 13:40:13,966 INFO iter=99300 epoch=15 lr=2.00e-04 G=4.464 advA2B=0.558 advB2A=0.586 cycA=0.104 cycB=0.122 idtA=0.095 idtB=0.117 D_A=0.152 D_B=0.160 D_A(real)=0.73 D_A(fake)=0.27 gnG=31.42 gnD=10.57 it_per_s=10.14
2026-10-02 13:40:23,818 INFO iter=99400 epoch=15 lr=2.00e-04 G=4.475 advA2B=0.564 advB2A=0.584 cycA=0.104 cycB=0.122 idtA=0.095 idtB=0.118 D_A=0.151 D_B=0.158 D_A(real)=0.73 D_A(fake)=0.27 gnG=31.41 gnD=10.58 it_per_s=10.14
2026-10-02 13:40:33,728 INFO iter=99500 epoch=15 lr=2.00e-04 G=4.476 advA2B=0.563 advB2A=0.582 cycA=0.104 cycB=0.123 idtA=0.095 idtB=0.118 D_A=0.151 D_B=0.157 D_A(real)=0.73 D_A(fake)=0.27 gnG=31.15 gnD=10.49 it_per_s=10.14
2026-10-02 13:40:43,562 INFO iter=99600 epoch=15 lr=2.00e-04 G=4.479 advA2B=0.563 advB2A=0.582 cycA=0.104 cycB=0.123 idtA=0.095 idtB=0.118 D_A=0.150 D_B=0.156 D_A(real)=0.73 D_A(fake)=0.27 gnG=31.10 gnD=10.45 it_per_s=10.14
2026-10-02 13:40:53,468 INFO iter=99700 epoch=15 lr=2.00e-04 G=4.474 advA2B=0.556 advB2A=0.587 cycA=0.104 cycB=0.123 idtA=0.095 idtB=0.117 D_A=0.149 D_B=0.157 D_A(real)=0.73 D_A(fake)=0.27 gnG=31.17 gnD=10.50 it_per_s=10.14
2026-10-02 13:41:03,345 INFO iter=99800 epoch=15 lr=2.00e-04 G=4.469 advA2B=0.556 advB2A=0.591 cycA=0.104 cycB=0.122 idtA=0.095 idtB=0.117 D_A=0.146 D_B=0.157 D_A(real)=0.73 D_A(fake)=0.26 gnG=30.85 gnD=10.45 it_per_s=10.14
2026-10-02 13:41:13,199 INFO iter=99900 epoch=15 lr=2.00e-04 G=4.460 advA2B=0.553 advB2A=0.596 cycA=0.104 cycB=0.122 idtA=0.095 idtB=0.116 D_A=0.145 D_B=0.157 D_A(real)=0.74 D_A(fake)=0.26 gnG=30.63 gnD=10.44 it_per_s=10.14
2026-10-02 13:41:23,070 INFO iter=100000 epoch=15 lr=2.00e-04 G=4.463 advA2B=0.549 advB2A=0.598 cycA=0.103 cycB=0.122 idtA=0.095 idtB=0.116 D_A=0.145 D_B=0.158 D_A(real)=0.74 D_A(fake)=0.26 gnG=30.69 gnD=10.50 it_per_s=10.14
2026-10-02 13:41:32,885 INFO iter=100100 epoch=15 lr=2.00e-04 G=4.451 advA2B=0.548 advB2A=0.598 cycA=0.103 cycB=0.122 idtA=0.096 idtB=0.116 D_A=0.143 D_B=0.159 D_A(real)=0.74 D_A(fake)=0.26 gnG=30.53 gnD=10.48 it_per_s=10.14
2026-10-02 13:41:42,747 INFO iter=100200 epoch=15 lr=2.00e-04 G=4.450 advA2B=0.546 advB2A=0.597 cycA=0.103 cycB=0.122 idtA=0.095 idtB=0.116 D_A=0.142 D_B=0.160 D_A(real)=0.74 D_A(fake)=0.26 gnG=30.77 gnD=10.49 it_per_s=10.14
2026-10-02 13:41:52,606 INFO iter=100300 epoch=15 lr=2.00e-04 G=4.448 advA2B=0.543 advB2A=0.598 cycA=0.103 cycB=0.122 idtA=0.096 idtB=0.116 D_A=0.141 D_B=0.161 D_A(real)=0.74 D_A(fake)=0.26 gnG=30.61 gnD=10.49 it_per_s=10.14
2026-10-02 13:42:02,605 INFO iter=100400 epoch=15 lr=2.00e-04 G=4.455 advA2B=0.543 advB2A=0.600 cycA=0.103 cycB=0.123 idtA=0.096 idtB=0.116 D_A=0.141 D_B=0.161 D_A(real)=0.74 D_A(fake)=0.26 gnG=30.67 gnD=10.48 it_per_s=10.13
2026-10-02 13:42:12,546 INFO iter=100500 epoch=15 lr=2.00e-04 G=4.450 advA2B=0.541 advB2A=0.598 cycA=0.103 cycB=0.123 idtA=0.096 idtB=0.116 D_A=0.141 D_B=0.161 D_A(real)=0.74 D_A(fake)=0.26 gnG=30.73 gnD=10.48 it_per_s=10.13
2026-10-02 13:42:22,390 INFO iter=100600 epoch=15 lr=2.00e-04 G=4.448 advA2B=0.539 advB2A=0.598 cycA=0.103 cycB=0.123 idtA=0.096 idtB=0.116 D_A=0.141 D_B=0.161 D_A(real)=0.74 D_A(fake)=0.26 gnG=30.71 gnD=10.52 it_per_s=10.13
2026-10-02 13:42:32,227 INFO iter=100700 epoch=15 lr=2.00e-04 G=4.446 advA2B=0.539 advB2A=0.597 cycA=0.103 cycB=0.122 idtA=0.096 idtB=0.116 D_A=0.142 D_B=0.162 D_A(real)=0.74 D_A(fake)=0.26 gnG=30.59 gnD=10.54 it_per_s=10.13
2026-10-02 13:42:42,142 INFO iter=100800 epoch=15 lr=2.00e-04 G=4.449 advA2B=0.539 advB2A=0.598 cycA=0.103 cycB=0.123 idtA=0.096 idtB=0.116 D_A=0.142 D_B=0.161 D_A(real)=0.74 D_A(fake)=0.26 gnG=30.62 gnD=10.54 it_per_s=10.13
2026-10-02 13:42:51,988 INFO iter=100900 epoch=15 lr=2.00e-04 G=4.449 advA2B=0.538 advB2A=0.600 cycA=0.102 cycB=0.123 idtA=0.096 idtB=0.116 D_A=0.141 D_B=0.161 D_A(real)=0.74 D_A(fake)=0.26 gnG=30.53 gnD=10.53 it_per_s=10.13
2026-10-02 13:43:01,925 INFO iter=101000 epoch=15 lr=2.00e-04 G=4.438 advA2B=0.535 advB2A=0.597 cycA=0.102 cycB=0.122 idtA=0.096 idtB=0.116 D_A=0.140 D_B=0.162 D_A(real)=0.75 D_A(fake)=0.25 gnG=30.39 gnD=10.54 it_per_s=10.13
2026-10-02 13:43:11,735 INFO iter=101100 epoch=15 lr=2.00e-04 G=4.434 advA2B=0.533 advB2A=0.599 cycA=0.102 cycB=0.122 idtA=0.096 idtB=0.116 D_A=0.141 D_B=0.162 D_A(real)=0.75 D_A(fake)=0.25 gnG=30.32 gnD=10.56 it_per_s=10.13
2026-10-02 13:43:21,551 INFO iter=101200 epoch=15 lr=2.00e-04 G=4.424 advA2B=0.530 advB2A=0.598 cycA=0.103 cycB=0.122 idtA=0.096 idtB=0.115 D_A=0.141 D_B=0.163 D_A(real)=0.75 D_A(fake)=0.25 gnG=30.26 gnD=10.59 it_per_s=10.13
2026-10-02 13:43:31,416 INFO iter=101300 epoch=15 lr=2.00e-04 G=4.420 advA2B=0.528 advB2A=0.599 cycA=0.102 cycB=0.122 idtA=0.096 idtB=0.115 D_A=0.141 D_B=0.163 D_A(real)=0.75 D_A(fake)=0.25 gnG=30.20 gnD=10.58 it_per_s=10.13
2026-10-02 13:43:41,224 INFO iter=101400 epoch=15 lr=2.00e-04 G=4.420 advA2B=0.529 advB2A=0.601 cycA=0.102 cycB=0.122 idtA=0.096 idtB=0.115 D_A=0.140 D_B=0.163 D_A(real)=0.75 D_A(fake)=0.25 gnG=30.21 gnD=10.59 it_per_s=10.14
2026-10-02 13:43:51,048 INFO iter=101500 epoch=15 lr=2.00e-04 G=4.425 advA2B=0.530 advB2A=0.602 cycA=0.102 cycB=0.122 idtA=0.096 idtB=0.115 D_A=0.140 D_B=0.164 D_A(real)=0.75 D_A(fake)=0.25 gnG=30.21 gnD=10.62 it_per_s=10.14
2026-10-02 13:44:00,890 INFO iter=101600 epoch=15 lr=2.00e-04 G=4.427 advA2B=0.529 advB2A=0.603 cycA=0.102 cycB=0.122 idtA=0.096 idtB=0.115 D_A=0.140 D_B=0.163 D_A(real)=0.75 D_A(fake)=0.25 gnG=30.19 gnD=10.61 it_per_s=10.14
2026-10-02 13:44:10,710 INFO iter=101700 epoch=15 lr=2.00e-04 G=4.421 advA2B=0.526 advB2A=0.603 cycA=0.102 cycB=0.122 idtA=0.096 idtB=0.115 D_A=0.140 D_B=0.164 D_A(real)=0.75 D_A(fake)=0.25 gnG=30.18 gnD=10.61 it_per_s=10.14
2026-10-02 13:44:20,532 INFO iter=101800 epoch=15 lr=2.00e-04 G=4.419 advA2B=0.525 advB2A=0.604 cycA=0.102 cycB=0.122 idtA=0.096 idtB=0.115 D_A=0.140 D_B=0.164 D_A(real)=0.75 D_A(fake)=0.25 gnG=30.16 gnD=10.63 it_per_s=10.14
2026-10-02 13:44:30,321 INFO iter=101900 epoch=15 lr=2.00e-04 G=4.410 advA2B=0.523 advB2A=0.602 cycA=0.102 cycB=0.121 idtA=0.096 idtB=0.114 D_A=0.140 D_B=0.164 D_A(real)=0.75 D_A(fake)=0.25 gnG=30.06 gnD=10.63 it_per_s=10.14
2026-10-02 13:44:40,132 INFO iter=102000 epoch=15 lr=2.00e-04 G=4.407 advA2B=0.523 advB2A=0.602 cycA=0.102 cycB=0.121 idtA=0.096 idtB=0.114 D_A=0.141 D_B=0.165 D_A(real)=0.75 D_A(fake)=0.25 gnG=30.07 gnD=10.65 it_per_s=10.14
2026-10-02 13:44:49,966 INFO iter=102100 epoch=15 lr=2.00e-04 G=4.405 advA2B=0.523 advB2A=0.602 cycA=0.102 cycB=0.121 idtA=0.096 idtB=0.114 D_A=0.141 D_B=0.165 D_A(real)=0.75 D_A(fake)=0.26 gnG=30.01 gnD=10.67 it_per_s=10.14
2026-10-02 13:44:59,807 INFO iter=102200 epoch=15 lr=2.00e-04 G=4.398 advA2B=0.520 advB2A=0.602 cycA=0.102 cycB=0.121 idtA=0.096 idtB=0.114 D_A=0.141 D_B=0.166 D_A(real)=0.75 D_A(fake)=0.25 gnG=29.96 gnD=10.68 it_per_s=10.14
2026-10-02 13:45:09,610 INFO iter=102300 epoch=15 lr=2.00e-04 G=4.401 advA2B=0.521 advB2A=0.603 cycA=0.102 cycB=0.121 idtA=0.096 idtB=0.114 D_A=0.140 D_B=0.166 D_A(real)=0.75 D_A(fake)=0.25 gnG=29.94 gnD=10.69 it_per_s=10.15
2026-10-02 13:45:19,465 INFO iter=102400 epoch=15 lr=2.00e-04 G=4.407 advA2B=0.521 advB2A=0.603 cycA=0.102 cycB=0.121 idtA=0.096 idtB=0.114 D_A=0.141 D_B=0.166 D_A(real)=0.75 D_A(fake)=0.25 gnG=29.98 gnD=10.72 it_per_s=10.15
2026-10-02 13:45:29,246 INFO iter=102500 epoch=15 lr=2.00e-04 G=4.407 advA2B=0.520 advB2A=0.603 cycA=0.102 cycB=0.122 idtA=0.096 idtB=0.114 D_A=0.140 D_B=0.167 D_A(real)=0.75 D_A(fake)=0.25 gnG=30.02 gnD=10.71 it_per_s=10.15
2026-10-02 13:45:39,111 INFO iter=102600 epoch=15 lr=2.00e-04 G=4.413 advA2B=0.519 advB2A=0.605 cycA=0.102 cycB=0.122 idtA=0.096 idtB=0.115 D_A=0.140 D_B=0.167 D_A(real)=0.75 D_A(fake)=0.25 gnG=30.05 gnD=10.69 it_per_s=10.15
2026-10-02 13:45:48,941 INFO iter=102700 epoch=15 lr=2.00e-04 G=4.418 advA2B=0.519 advB2A=0.606 cycA=0.102 cycB=0.122 idtA=0.096 idtB=0.115 D_A=0.140 D_B=0.167 D_A(real)=0.75 D_A(fake)=0.25 gnG=30.13 gnD=10.70 it_per_s=10.15
2026-10-02 13:45:58,715 INFO iter=102800 epoch=15 lr=2.00e-04 G=4.416 advA2B=0.517 advB2A=0.606 cycA=0.102 cycB=0.122 idtA=0.096 idtB=0.115 D_A=0.140 D_B=0.167 D_A(real)=0.75 D_A(fake)=0.25 gnG=30.14 gnD=10.70 it_per_s=10.15
2026-10-02 13:46:08,561 INFO iter=102900 epoch=15 lr=2.00e-04 G=4.423 advA2B=0.518 advB2A=0.608 cycA=0.102 cycB=0.122 idtA=0.096 idtB=0.115 D_A=0.139 D_B=0.167 D_A(real)=0.75 D_A(fake)=0.25 gnG=30.09 gnD=10.68 it_per_s=10.15
2026-10-02 13:46:18,341 INFO iter=103000 epoch=15 lr=2.00e-04 G=4.424 advA2B=0.519 advB2A=0.609 cycA=0.102 cycB=0.122 idtA=0.096 idtB=0.115 D_A=0.139 D_B=0.166 D_A(real)=0.75 D_A(fake)=0.25 gnG=30.13 gnD=10.67 it_per_s=10.15
2026-10-02 13:46:28,426 INFO iter=103100 epoch=15 lr=2.00e-04 G=4.420 advA2B=0.517 advB2A=0.609 cycA=0.102 cycB=0.122 idtA=0.096 idtB=0.115 D_A=0.139 D_B=0.167 D_A(real)=0.75 D_A(fake)=0.25 gnG=30.12 gnD=10.68 it_per_s=10.15
2026-10-02 13:46:38,248 INFO iter=103200 epoch=15 lr=2.00e-04 G=4.419 advA2B=0.516 advB2A=0.608 cycA=0.101 cycB=0.123 idtA=0.096 idtB=0.115 D_A=0.139 D_B=0.166 D_A(real)=0.75 D_A(fake)=0.25 gnG=30.10 gnD=10.69 it_per_s=10.15
2026-10-02 13:46:48,072 INFO iter=103300 epoch=15 lr=2.00e-04 G=4.420 advA2B=0.517 advB2A=0.608 cycA=0.101 cycB=0.123 idtA=0.096 idtB=0.115 D_A=0.139 D_B=0.167 D_A(real)=0.75 D_A(fake)=0.25 gnG=30.12 gnD=10.69 it_per_s=10.15
2026-10-02 13:46:57,884 INFO iter=103400 epoch=15 lr=2.00e-04 G=4.420 advA2B=0.516 advB2A=0.609 cycA=0.101 cycB=0.123 idtA=0.096 idtB=0.115 D_A=0.139 D_B=0.167 D_A(real)=0.75 D_A(fake)=0.25 gnG=30.10 gnD=10.69 it_per_s=10.15
2026-10-02 13:47:07,704 INFO iter=103500 epoch=15 lr=2.00e-04 G=4.414 advA2B=0.515 advB2A=0.608 cycA=0.101 cycB=0.122 idtA=0.096 idtB=0.115 D_A=0.139 D_B=0.166 D_A(real)=0.75 D_A(fake)=0.25 gnG=30.06 gnD=10.69 it_per_s=10.15
2026-10-02 13:47:17,545 INFO iter=103600 epoch=15 lr=2.00e-04 G=4.414 advA2B=0.515 advB2A=0.608 cycA=0.101 cycB=0.122 idtA=0.096 idtB=0.115 D_A=0.139 D_B=0.166 D_A(real)=0.75 D_A(fake)=0.25 gnG=30.01 gnD=10.70 it_per_s=10.15
2026-10-02 13:47:27,350 INFO iter=103700 epoch=15 lr=2.00e-04 G=4.414 advA2B=0.515 advB2A=0.609 cycA=0.101 cycB=0.122 idtA=0.096 idtB=0.115 D_A=0.139 D_B=0.166 D_A(real)=0.75 D_A(fake)=0.25 gnG=29.99 gnD=10.70 it_per_s=10.15
2026-10-02 13:47:37,180 INFO iter=103800 epoch=15 lr=2.00e-04 G=4.415 advA2B=0.516 advB2A=0.609 cycA=0.101 cycB=0.122 idtA=0.096 idtB=0.115 D_A=0.139 D_B=0.167 D_A(real)=0.75 D_A(fake)=0.25 gnG=29.98 gnD=10.71 it_per_s=10.15
2026-10-02 13:47:47,085 INFO iter=103900 epoch=15 lr=2.00e-04 G=4.411 advA2B=0.515 advB2A=0.609 cycA=0.101 cycB=0.122 idtA=0.096 idtB=0.114 D_A=0.139 D_B=0.167 D_A(real)=0.75 D_A(fake)=0.25 gnG=29.94 gnD=10.72 it_per_s=10.15
2026-10-02 13:47:57,019 INFO iter=104000 epoch=15 lr=2.00e-04 G=4.405 advA2B=0.514 advB2A=0.607 cycA=0.101 cycB=0.122 idtA=0.096 idtB=0.114 D_A=0.139 D_B=0.167 D_A(real)=0.75 D_A(fake)=0.25 gnG=29.88 gnD=10.72 it_per_s=10.15
2026-10-02 13:48:06,881 INFO iter=104100 epoch=15 lr=2.00e-04 G=4.399 advA2B=0.513 advB2A=0.606 cycA=0.101 cycB=0.122 idtA=0.096 idtB=0.114 D_A=0.139 D_B=0.167 D_A(real)=0.75 D_A(fake)=0.25 gnG=29.87 gnD=10.72 it_per_s=10.15
2026-10-02 13:48:16,683 INFO iter=104200 epoch=15 lr=2.00e-04 G=4.397 advA2B=0.512 advB2A=0.606 cycA=0.101 cycB=0.122 idtA=0.096 idtB=0.114 D_A=0.140 D_B=0.167 D_A(real)=0.75 D_A(fake)=0.25 gnG=29.88 gnD=10.73 it_per_s=10.15
2026-10-02 13:48:26,485 INFO iter=104300 epoch=15 lr=2.00e-04 G=4.395 advA2B=0.512 advB2A=0.606 cycA=0.101 cycB=0.122 idtA=0.096 idtB=0.114 D_A=0.140 D_B=0.167 D_A(real)=0.75 D_A(fake)=0.25 gnG=29.90 gnD=10.72 it_per_s=10.15
2026-10-02 13:48:36,312 INFO iter=104400 epoch=15 lr=2.00e-04 G=4.395 advA2B=0.511 advB2A=0.605 cycA=0.101 cycB=0.122 idtA=0.096 idtB=0.114 D_A=0.140 D_B=0.168 D_A(real)=0.75 D_A(fake)=0.25 gnG=29.91 gnD=10.71 it_per_s=10.15
2026-10-02 13:48:46,141 INFO iter=104500 epoch=15 lr=2.00e-04 G=4.391 advA2B=0.511 advB2A=0.605 cycA=0.101 cycB=0.122 idtA=0.096 idtB=0.114 D_A=0.140 D_B=0.168 D_A(real)=0.75 D_A(fake)=0.25 gnG=29.88 gnD=10.72 it_per_s=10.15
2026-10-02 13:48:55,983 INFO iter=104600 epoch=15 lr=2.00e-04 G=4.391 advA2B=0.511 advB2A=0.605 cycA=0.101 cycB=0.122 idtA=0.096 idtB=0.114 D_A=0.140 D_B=0.168 D_A(real)=0.75 D_A(fake)=0.25 gnG=29.87 gnD=10.72 it_per_s=10.15
2026-10-02 13:49:05,817 INFO iter=104700 epoch=15 lr=2.00e-04 G=4.389 advA2B=0.512 advB2A=0.605 cycA=0.101 cycB=0.122 idtA=0.096 idtB=0.114 D_A=0.139 D_B=0.167 D_A(real)=0.75 D_A(fake)=0.25 gnG=29.90 gnD=10.72 it_per_s=10.15
2026-10-02 13:49:15,619 INFO iter=104800 epoch=15 lr=2.00e-04 G=4.393 advA2B=0.512 advB2A=0.606 cycA=0.101 cycB=0.122 idtA=0.096 idtB=0.114 D_A=0.140 D_B=0.167 D_A(real)=0.75 D_A(fake)=0.25 gnG=29.88 gnD=10.73 it_per_s=10.15
2026-10-02 13:49:25,433 INFO iter=104900 epoch=15 lr=2.00e-04 G=4.396 advA2B=0.512 advB2A=0.606 cycA=0.101 cycB=0.122 idtA=0.096 idtB=0.114 D_A=0.140 D_B=0.167 D_A(real)=0.75 D_A(fake)=0.25 gnG=29.88 gnD=10.73 it_per_s=10.15
2026-10-02 13:49:35,250 INFO iter=105000 epoch=15 lr=2.00e-04 G=4.393 advA2B=0.512 advB2A=0.606 cycA=0.101 cycB=0.122 idtA=0.096 idtB=0.114 D_A=0.140 D_B=0.167 D_A(real)=0.75 D_A(fake)=0.25 gnG=29.88 gnD=10.72 it_per_s=10.15
2026-10-02 13:49:45,069 INFO iter=105100 epoch=15 lr=2.00e-04 G=4.393 advA2B=0.512 advB2A=0.606 cycA=0.101 cycB=0.122 idtA=0.096 idtB=0.114 D_A=0.140 D_B=0.167 D_A(real)=0.75 D_A(fake)=0.25 gnG=29.87 gnD=10.73 it_per_s=10.15
2026-10-02 13:49:54,845 INFO iter=105200 epoch=15 lr=2.00e-04 G=4.394 advA2B=0.512 advB2A=0.607 cycA=0.101 cycB=0.122 idtA=0.096 idtB=0.114 D_A=0.139 D_B=0.167 D_A(real)=0.75 D_A(fake)=0.25 gnG=29.87 gnD=10.73 it_per_s=10.16
2026-10-02 13:50:04,745 INFO iter=105300 epoch=15 lr=2.00e-04 G=4.393 advA2B=0.512 advB2A=0.607 cycA=0.101 cycB=0.122 idtA=0.096 idtB=0.114 D_A=0.140 D_B=0.167 D_A(real)=0.75 D_A(fake)=0.25 gnG=29.87 gnD=10.73 it_per_s=10.15
2026-10-02 13:50:14,606 INFO iter=105400 epoch=15 lr=2.00e-04 G=4.396 advA2B=0.513 advB2A=0.608 cycA=0.101 cycB=0.122 idtA=0.096 idtB=0.114 D_A=0.140 D_B=0.167 D_A(real)=0.75 D_A(fake)=0.25 gnG=29.89 gnD=10.73 it_per_s=10.15
2026-10-02 13:50:24,423 INFO iter=105500 epoch=15 lr=2.00e-04 G=4.400 advA2B=0.514 advB2A=0.608 cycA=0.101 cycB=0.122 idtA=0.095 idtB=0.114 D_A=0.140 D_B=0.167 D_A(real)=0.75 D_A(fake)=0.25 gnG=29.92 gnD=10.73 it_per_s=10.15
2026-10-02 13:50:31,388 INFO epoch=15 done time_s=693 it_per_s=10.15 G=4.401 cycA=0.101 cycB=0.122 idtA=0.095 idtB=0.114 D_A=0.140 D_B=0.167 D_A(real)=0.75 D_A(fake)=0.25 nan_count=0
2026-10-02 13:50:35,020 INFO iter=105600 epoch=16 lr=2.00e-04 G=4.521 advA2B=0.510 advB2A=0.642 cycA=0.103 cycB=0.124 idtA=0.096 idtB=0.124 D_A=0.131 D_B=0.170 D_A(real)=0.76 D_A(fake)=0.26 gnG=32.39 gnD=10.48 it_per_s=9.95
2026-10-02 13:50:44,974 INFO iter=105700 epoch=16 lr=2.00e-04 G=4.278 advA2B=0.501 advB2A=0.559 cycA=0.100 cycB=0.117 idtA=0.094 idtB=0.117 D_A=0.139 D_B=0.178 D_A(real)=0.74 D_A(fake)=0.26 gnG=31.73 gnD=10.65 it_per_s=10.02
2026-10-02 13:50:55,080 INFO iter=105800 epoch=16 lr=2.00e-04 G=4.487 advA2B=0.573 advB2A=0.593 cycA=0.106 cycB=0.118 idtA=0.097 idtB=0.120 D_A=0.131 D_B=0.152 D_A(real)=0.76 D_A(fake)=0.25 gnG=30.88 gnD=10.25 it_per_s=9.97
2026-10-02 13:51:09,104 INFO iter=105900 epoch=16 lr=2.00e-04 G=4.677 advA2B=0.626 advB2A=0.606 cycA=0.111 cycB=0.122 idtA=0.097 idtB=0.126 D_A=0.134 D_B=0.141 D_A(real)=0.76 D_A(fake)=0.24 gnG=30.26 gnD=10.43 it_per_s=8.89
2026-10-02 13:51:20,562 INFO iter=106000 epoch=16 lr=2.00e-04 G=4.689 advA2B=0.655 advB2A=0.617 cycA=0.109 cycB=0.122 idtA=0.097 idtB=0.124 D_A=0.135 D_B=0.136 D_A(real)=0.76 D_A(fake)=0.24 gnG=30.19 gnD=10.48 it_per_s=8.86
2026-10-02 13:51:34,189 INFO iter=106100 epoch=16 lr=2.00e-04 G=4.673 advA2B=0.650 advB2A=0.620 cycA=0.109 cycB=0.122 idtA=0.096 idtB=0.123 D_A=0.133 D_B=0.138 D_A(real)=0.76 D_A(fake)=0.24 gnG=30.66 gnD=10.43 it_per_s=8.52
2026-10-02 13:51:45,410 INFO iter=106200 epoch=16 lr=2.00e-04 G=4.690 advA2B=0.642 advB2A=0.620 cycA=0.109 cycB=0.124 idtA=0.097 idtB=0.124 D_A=0.135 D_B=0.139 D_A(real)=0.76 D_A(fake)=0.24 gnG=31.05 gnD=10.43 it_per_s=8.58
2026-10-02 13:51:57,606 INFO iter=106300 epoch=16 lr=2.00e-04 G=4.653 advA2B=0.631 advB2A=0.613 cycA=0.108 cycB=0.123 idtA=0.097 idtB=0.123 D_A=0.136 D_B=0.139 D_A(real)=0.76 D_A(fake)=0.24 gnG=31.05 gnD=10.46 it_per_s=8.53
2026-10-02 13:52:10,225 INFO iter=106400 epoch=16 lr=2.00e-04 G=4.629 advA2B=0.623 advB2A=0.611 cycA=0.108 cycB=0.123 idtA=0.097 idtB=0.122 D_A=0.136 D_B=0.137 D_A(real)=0.76 D_A(fake)=0.24 gnG=30.91 gnD=10.35 it_per_s=8.45
2026-10-02 13:52:21,478 INFO iter=106500 epoch=16 lr=2.00e-04 G=4.616 advA2B=0.618 advB2A=0.605 cycA=0.107 cycB=0.123 idtA=0.096 idtB=0.121 D_A=0.137 D_B=0.139 D_A(real)=0.76 D_A(fake)=0.24 gnG=31.01 gnD=10.34 it_per_s=8.50
2026-10-02 13:52:31,457 INFO iter=106600 epoch=16 lr=2.00e-04 G=4.609 advA2B=0.614 advB2A=0.610 cycA=0.106 cycB=0.124 idtA=0.096 idtB=0.121 D_A=0.136 D_B=0.140 D_A(real)=0.76 D_A(fake)=0.24 gnG=31.04 gnD=10.29 it_per_s=8.62
2026-10-02 13:52:41,353 INFO iter=106700 epoch=16 lr=2.00e-04 G=4.578 advA2B=0.604 advB2A=0.608 cycA=0.105 cycB=0.123 idtA=0.095 idtB=0.120 D_A=0.135 D_B=0.140 D_A(real)=0.76 D_A(fake)=0.24 gnG=30.80 gnD=10.28 it_per_s=8.74
2026-10-02 13:52:51,165 INFO iter=106800 epoch=16 lr=2.00e-04 G=4.544 advA2B=0.595 advB2A=0.603 cycA=0.105 cycB=0.123 idtA=0.095 idtB=0.119 D_A=0.137 D_B=0.143 D_A(real)=0.76 D_A(fake)=0.25 gnG=30.54 gnD=10.36 it_per_s=8.84
2026-10-02 13:53:01,056 INFO iter=106900 epoch=16 lr=2.00e-04 G=4.534 advA2B=0.587 advB2A=0.603 cycA=0.104 cycB=0.123 idtA=0.095 idtB=0.119 D_A=0.136 D_B=0.145 D_A(real)=0.76 D_A(fake)=0.25 gnG=30.48 gnD=10.34 it_per_s=8.92
2026-10-02 13:53:10,967 INFO iter=107000 epoch=16 lr=2.00e-04 G=4.520 advA2B=0.580 advB2A=0.604 cycA=0.104 cycB=0.123 idtA=0.095 idtB=0.119 D_A=0.136 D_B=0.146 D_A(real)=0.76 D_A(fake)=0.25 gnG=30.39 gnD=10.36 it_per_s=9.00
2026-10-02 13:53:20,799 INFO iter=107100 epoch=16 lr=2.00e-04 G=4.502 advA2B=0.575 advB2A=0.606 cycA=0.104 cycB=0.122 idtA=0.095 idtB=0.118 D_A=0.138 D_B=0.146 D_A(real)=0.75 D_A(fake)=0.25 gnG=30.33 gnD=10.41 it_per_s=9.06
2026-10-02 13:53:30,632 INFO iter=107200 epoch=16 lr=2.00e-04 G=4.499 advA2B=0.575 advB2A=0.606 cycA=0.103 cycB=0.122 idtA=0.094 idtB=0.118 D_A=0.138 D_B=0.147 D_A(real)=0.75 D_A(fake)=0.25 gnG=30.24 gnD=10.44 it_per_s=9.13
2026-10-02 13:53:40,520 INFO iter=107300 epoch=16 lr=2.00e-04 G=4.478 advA2B=0.571 advB2A=0.605 cycA=0.103 cycB=0.122 idtA=0.094 idtB=0.117 D_A=0.139 D_B=0.149 D_A(real)=0.75 D_A(fake)=0.25 gnG=30.04 gnD=10.48 it_per_s=9.18
2026-10-02 13:53:50,348 INFO iter=107400 epoch=16 lr=2.00e-04 G=4.464 advA2B=0.565 advB2A=0.603 cycA=0.103 cycB=0.122 idtA=0.094 idtB=0.117 D_A=0.140 D_B=0.150 D_A(real)=0.75 D_A(fake)=0.25 gnG=29.96 gnD=10.51 it_per_s=9.23
2026-10-02 13:54:00,194 INFO iter=107500 epoch=16 lr=2.00e-04 G=4.446 advA2B=0.560 advB2A=0.601 cycA=0.102 cycB=0.121 idtA=0.094 idtB=0.116 D_A=0.139 D_B=0.151 D_A(real)=0.75 D_A(fake)=0.25 gnG=29.82 gnD=10.48 it_per_s=9.27
2026-10-02 13:54:10,034 INFO iter=107600 epoch=16 lr=2.00e-04 G=4.448 advA2B=0.557 advB2A=0.601 cycA=0.102 cycB=0.122 idtA=0.094 idtB=0.116 D_A=0.140 D_B=0.152 D_A(real)=0.75 D_A(fake)=0.25 gnG=29.86 gnD=10.49 it_per_s=9.31
2026-10-02 13:54:19,898 INFO iter=107700 epoch=16 lr=2.00e-04 G=4.439 advA2B=0.554 advB2A=0.601 cycA=0.102 cycB=0.121 idtA=0.094 idtB=0.116 D_A=0.140 D_B=0.153 D_A(real)=0.75 D_A(fake)=0.25 gnG=29.92 gnD=10.51 it_per_s=9.35
2026-10-02 13:54:29,768 INFO iter=107800 epoch=16 lr=2.00e-04 G=4.430 advA2B=0.552 advB2A=0.600 cycA=0.102 cycB=0.121 idtA=0.094 idtB=0.116 D_A=0.140 D_B=0.153 D_A(real)=0.75 D_A(fake)=0.25 gnG=29.92 gnD=10.50 it_per_s=9.38
2026-10-02 13:54:39,640 INFO iter=107900 epoch=16 lr=2.00e-04 G=4.427 advA2B=0.549 advB2A=0.600 cycA=0.102 cycB=0.121 idtA=0.094 idtB=0.116 D_A=0.139 D_B=0.154 D_A(real)=0.75 D_A(fake)=0.25 gnG=29.91 gnD=10.49 it_per_s=9.41
2026-10-02 13:54:49,437 INFO iter=108000 epoch=16 lr=2.00e-04 G=4.421 advA2B=0.547 advB2A=0.600 cycA=0.102 cycB=0.121 idtA=0.094 idtB=0.116 D_A=0.139 D_B=0.154 D_A(real)=0.75 D_A(fake)=0.25 gnG=29.80 gnD=10.50 it_per_s=9.44
2026-10-02 13:54:59,483 INFO iter=108100 epoch=16 lr=2.00e-04 G=4.415 advA2B=0.544 advB2A=0.598 cycA=0.102 cycB=0.121 idtA=0.094 idtB=0.116 D_A=0.138 D_B=0.155 D_A(real)=0.75 D_A(fake)=0.25 gnG=29.82 gnD=10.52 it_per_s=9.46
2026-10-02 13:55:09,388 INFO iter=108200 epoch=16 lr=2.00e-04 G=4.412 advA2B=0.543 advB2A=0.599 cycA=0.101 cycB=0.121 idtA=0.094 idtB=0.115 D_A=0.138 D_B=0.156 D_A(real)=0.75 D_A(fake)=0.25 gnG=29.83 gnD=10.56 it_per_s=9.48
2026-10-02 13:55:19,260 INFO iter=108300 epoch=16 lr=2.00e-04 G=4.410 advA2B=0.541 advB2A=0.601 cycA=0.101 cycB=0.121 idtA=0.094 idtB=0.115 D_A=0.139 D_B=0.157 D_A(real)=0.75 D_A(fake)=0.25 gnG=29.86 gnD=10.58 it_per_s=9.50
2026-10-02 13:55:29,075 INFO iter=108400 epoch=16 lr=2.00e-04 G=4.405 advA2B=0.540 advB2A=0.600 cycA=0.101 cycB=0.121 idtA=0.093 idtB=0.115 D_A=0.138 D_B=0.157 D_A(real)=0.75 D_A(fake)=0.25 gnG=29.84 gnD=10.59 it_per_s=9.53
2026-10-02 13:55:38,983 INFO iter=108500 epoch=16 lr=2.00e-04 G=4.400 advA2B=0.538 advB2A=0.599 cycA=0.101 cycB=0.121 idtA=0.093 idtB=0.115 D_A=0.138 D_B=0.158 D_A(real)=0.75 D_A(fake)=0.25 gnG=29.80 gnD=10.59 it_per_s=9.54
2026-10-02 13:55:48,767 INFO iter=108600 epoch=16 lr=2.00e-04 G=4.393 advA2B=0.537 advB2A=0.600 cycA=0.101 cycB=0.121 idtA=0.093 idtB=0.115 D_A=0.138 D_B=0.159 D_A(real)=0.75 D_A(fake)=0.25 gnG=29.77 gnD=10.62 it_per_s=9.57
2026-10-02 13:55:58,581 INFO iter=108700 epoch=16 lr=2.00e-04 G=4.391 advA2B=0.535 advB2A=0.601 cycA=0.101 cycB=0.121 idtA=0.093 idtB=0.115 D_A=0.138 D_B=0.159 D_A(real)=0.75 D_A(fake)=0.25 gnG=29.76 gnD=10.63 it_per_s=9.58
2026-10-02 13:56:08,398 INFO iter=108800 epoch=16 lr=2.00e-04 G=4.393 advA2B=0.534 advB2A=0.602 cycA=0.101 cycB=0.121 idtA=0.093 idtB=0.115 D_A=0.138 D_B=0.159 D_A(real)=0.75 D_A(fake)=0.25 gnG=29.78 gnD=10.63 it_per_s=9.60
2026-10-02 13:56:18,244 INFO iter=108900 epoch=16 lr=2.00e-04 G=4.391 advA2B=0.534 advB2A=0.603 cycA=0.101 cycB=0.121 idtA=0.093 idtB=0.114 D_A=0.138 D_B=0.160 D_A(real)=0.75 D_A(fake)=0.25 gnG=29.78 gnD=10.64 it_per_s=9.62
2026-10-02 13:56:28,071 INFO iter=109000 epoch=16 lr=2.00e-04 G=4.391 advA2B=0.534 advB2A=0.603 cycA=0.101 cycB=0.121 idtA=0.093 idtB=0.115 D_A=0.137 D_B=0.160 D_A(real)=0.75 D_A(fake)=0.25 gnG=29.78 gnD=10.64 it_per_s=9.63
2026-10-02 13:56:37,990 INFO iter=109100 epoch=16 lr=2.00e-04 G=4.392 advA2B=0.534 advB2A=0.603 cycA=0.100 cycB=0.121 idtA=0.093 idtB=0.115 D_A=0.138 D_B=0.160 D_A(real)=0.75 D_A(fake)=0.25 gnG=29.80 gnD=10.66 it_per_s=9.65
2026-10-02 13:56:47,962 INFO iter=109200 epoch=16 lr=2.00e-04 G=4.390 advA2B=0.534 advB2A=0.605 cycA=0.100 cycB=0.121 idtA=0.093 idtB=0.115 D_A=0.138 D_B=0.160 D_A(real)=0.75 D_A(fake)=0.25 gnG=29.81 gnD=10.66 it_per_s=9.66
2026-10-02 13:56:57,822 INFO iter=109300 epoch=16 lr=2.00e-04 G=4.390 advA2B=0.533 advB2A=0.606 cycA=0.100 cycB=0.121 idtA=0.093 idtB=0.114 D_A=0.137 D_B=0.160 D_A(real)=0.75 D_A(fake)=0.25 gnG=29.89 gnD=10.65 it_per_s=9.67
2026-10-02 13:57:07,649 INFO iter=109400 epoch=16 lr=2.00e-04 G=4.392 advA2B=0.531 advB2A=0.608 cycA=0.100 cycB=0.121 idtA=0.093 idtB=0.115 D_A=0.138 D_B=0.161 D_A(real)=0.75 D_A(fake)=0.25 gnG=29.92 gnD=10.66 it_per_s=9.68
2026-10-02 13:57:17,577 INFO iter=109500 epoch=16 lr=2.00e-04 G=4.393 advA2B=0.531 advB2A=0.608 cycA=0.100 cycB=0.121 idtA=0.093 idtB=0.115 D_A=0.138 D_B=0.161 D_A(real)=0.75 D_A(fake)=0.25 gnG=29.96 gnD=10.66 it_per_s=9.69
2026-10-02 13:57:27,488 INFO iter=109600 epoch=16 lr=2.00e-04 G=4.388 advA2B=0.530 advB2A=0.607 cycA=0.100 cycB=0.121 idtA=0.093 idtB=0.114 D_A=0.137 D_B=0.161 D_A(real)=0.75 D_A(fake)=0.25 gnG=30.00 gnD=10.65 it_per_s=9.70
2026-10-02 13:57:37,386 INFO iter=109700 epoch=16 lr=2.00e-04 G=4.384 advA2B=0.529 advB2A=0.607 cycA=0.100 cycB=0.121 idtA=0.093 idtB=0.114 D_A=0.137 D_B=0.162 D_A(real)=0.75 D_A(fake)=0.25 gnG=29.94 gnD=10.66 it_per_s=9.71
2026-10-02 13:57:47,208 INFO iter=109800 epoch=16 lr=2.00e-04 G=4.386 advA2B=0.528 advB2A=0.610 cycA=0.100 cycB=0.121 idtA=0.093 idtB=0.114 D_A=0.137 D_B=0.162 D_A(real)=0.75 D_A(fake)=0.25 gnG=29.91 gnD=10.66 it_per_s=9.72
2026-10-02 13:57:56,983 INFO iter=109900 epoch=16 lr=2.00e-04 G=4.385 advA2B=0.527 advB2A=0.610 cycA=0.100 cycB=0.121 idtA=0.093 idtB=0.114 D_A=0.137 D_B=0.163 D_A(real)=0.75 D_A(fake)=0.25 gnG=29.95 gnD=10.67 it_per_s=9.73
2026-10-02 13:58:06,859 INFO iter=110000 epoch=16 lr=2.00e-04 G=4.386 advA2B=0.527 advB2A=0.612 cycA=0.100 cycB=0.121 idtA=0.093 idtB=0.114 D_A=0.137 D_B=0.163 D_A(real)=0.76 D_A(fake)=0.25 gnG=29.99 gnD=10.66 it_per_s=9.74
2026-10-02 13:58:16,722 INFO iter=110100 epoch=16 lr=2.00e-04 G=4.387 advA2B=0.527 advB2A=0.612 cycA=0.100 cycB=0.121 idtA=0.093 idtB=0.114 D_A=0.137 D_B=0.163 D_A(real)=0.76 D_A(fake)=0.24 gnG=29.97 gnD=10.67 it_per_s=9.75
2026-10-02 13:58:26,507 INFO iter=110200 epoch=16 lr=2.00e-04 G=4.384 advA2B=0.526 advB2A=0.613 cycA=0.100 cycB=0.121 idtA=0.093 idtB=0.114 D_A=0.136 D_B=0.163 D_A(real)=0.76 D_A(fake)=0.24 gnG=29.94 gnD=10.67 it_per_s=9.76
2026-10-02 13:58:36,418 INFO iter=110300 epoch=16 lr=2.00e-04 G=4.384 advA2B=0.524 advB2A=0.614 cycA=0.100 cycB=0.121 idtA=0.093 idtB=0.114 D_A=0.136 D_B=0.163 D_A(real)=0.76 D_A(fake)=0.24 gnG=29.91 gnD=10.68 it_per_s=9.76
2026-10-02 13:58:46,247 INFO iter=110400 epoch=16 lr=2.00e-04 G=4.380 advA2B=0.524 advB2A=0.614 cycA=0.100 cycB=0.121 idtA=0.093 idtB=0.113 D_A=0.136 D_B=0.163 D_A(real)=0.76 D_A(fake)=0.24 gnG=29.88 gnD=10.68 it_per_s=9.77
2026-10-02 13:58:56,037 INFO iter=110500 epoch=16 lr=2.00e-04 G=4.380 advA2B=0.525 advB2A=0.615 cycA=0.100 cycB=0.121 idtA=0.093 idtB=0.113 D_A=0.136 D_B=0.163 D_A(real)=0.76 D_A(fake)=0.24 gnG=29.88 gnD=10.68 it_per_s=9.78
2026-10-02 13:59:05,848 INFO iter=110600 epoch=16 lr=2.00e-04 G=4.381 advA2B=0.525 advB2A=0.616 cycA=0.100 cycB=0.121 idtA=0.093 idtB=0.113 D_A=0.136 D_B=0.163 D_A(real)=0.76 D_A(fake)=0.24 gnG=29.84 gnD=10.69 it_per_s=9.79
2026-10-02 13:59:15,645 INFO iter=110700 epoch=16 lr=2.00e-04 G=4.385 advA2B=0.524 advB2A=0.617 cycA=0.100 cycB=0.121 idtA=0.093 idtB=0.113 D_A=0.136 D_B=0.163 D_A(real)=0.76 D_A(fake)=0.24 gnG=29.88 gnD=10.70 it_per_s=9.80
2026-10-02 13:59:25,471 INFO iter=110800 epoch=16 lr=2.00e-04 G=4.385 advA2B=0.523 advB2A=0.619 cycA=0.100 cycB=0.121 idtA=0.093 idtB=0.113 D_A=0.136 D_B=0.164 D_A(real)=0.76 D_A(fake)=0.24 gnG=29.92 gnD=10.71 it_per_s=9.80
2026-10-02 13:59:35,297 INFO iter=110900 epoch=16 lr=2.00e-04 G=4.381 advA2B=0.522 advB2A=0.619 cycA=0.100 cycB=0.121 idtA=0.093 idtB=0.113 D_A=0.136 D_B=0.164 D_A(real)=0.76 D_A(fake)=0.24 gnG=29.89 gnD=10.72 it_per_s=9.81
2026-10-02 13:59:45,130 INFO iter=111000 epoch=16 lr=2.00e-04 G=4.379 advA2B=0.521 advB2A=0.619 cycA=0.100 cycB=0.121 idtA=0.093 idtB=0.113 D_A=0.136 D_B=0.164 D_A(real)=0.76 D_A(fake)=0.24 gnG=29.86 gnD=10.72 it_per_s=9.82
2026-10-02 13:59:54,945 INFO iter=111100 epoch=16 lr=2.00e-04 G=4.374 advA2B=0.520 advB2A=0.619 cycA=0.100 cycB=0.120 idtA=0.093 idtB=0.113 D_A=0.136 D_B=0.165 D_A(real)=0.76 D_A(fake)=0.24 gnG=29.81 gnD=10.73 it_per_s=9.82
2026-10-02 14:00:04,811 INFO iter=111200 epoch=16 lr=2.00e-04 G=4.373 advA2B=0.520 advB2A=0.619 cycA=0.100 cycB=0.120 idtA=0.093 idtB=0.113 D_A=0.136 D_B=0.165 D_A(real)=0.76 D_A(fake)=0.24 gnG=29.83 gnD=10.74 it_per_s=9.83
2026-10-02 14:00:14,627 INFO iter=111300 epoch=16 lr=2.00e-04 G=4.372 advA2B=0.519 advB2A=0.620 cycA=0.100 cycB=0.120 idtA=0.093 idtB=0.113 D_A=0.136 D_B=0.165 D_A(real)=0.76 D_A(fake)=0.24 gnG=29.81 gnD=10.75 it_per_s=9.83
2026-10-02 14:00:24,454 INFO iter=111400 epoch=16 lr=2.00e-04 G=4.368 advA2B=0.519 advB2A=0.620 cycA=0.100 cycB=0.120 idtA=0.093 idtB=0.113 D_A=0.136 D_B=0.165 D_A(real)=0.76 D_A(fake)=0.24 gnG=29.79 gnD=10.75 it_per_s=9.84
2026-10-02 14:00:34,270 INFO iter=111500 epoch=16 lr=2.00e-04 G=4.369 advA2B=0.519 advB2A=0.620 cycA=0.100 cycB=0.120 idtA=0.093 idtB=0.113 D_A=0.136 D_B=0.165 D_A(real)=0.76 D_A(fake)=0.24 gnG=29.79 gnD=10.74 it_per_s=9.85
2026-10-02 14:00:44,073 INFO iter=111600 epoch=16 lr=2.00e-04 G=4.366 advA2B=0.519 advB2A=0.619 cycA=0.100 cycB=0.120 idtA=0.093 idtB=0.113 D_A=0.136 D_B=0.165 D_A(real)=0.76 D_A(fake)=0.24 gnG=29.79 gnD=10.75 it_per_s=9.85
2026-10-02 14:00:53,899 INFO iter=111700 epoch=16 lr=2.00e-04 G=4.363 advA2B=0.518 advB2A=0.619 cycA=0.100 cycB=0.120 idtA=0.093 idtB=0.112 D_A=0.136 D_B=0.166 D_A(real)=0.76 D_A(fake)=0.24 gnG=29.80 gnD=10.76 it_per_s=9.86
2026-10-02 14:01:03,778 INFO iter=111800 epoch=16 lr=2.00e-04 G=4.364 advA2B=0.518 advB2A=0.621 cycA=0.100 cycB=0.120 idtA=0.093 idtB=0.112 D_A=0.136 D_B=0.166 D_A(real)=0.76 D_A(fake)=0.24 gnG=29.81 gnD=10.76 it_per_s=9.86
2026-10-02 14:01:13,669 INFO iter=111900 epoch=16 lr=2.00e-04 G=4.360 advA2B=0.517 advB2A=0.621 cycA=0.100 cycB=0.120 idtA=0.093 idtB=0.112 D_A=0.136 D_B=0.166 D_A(real)=0.76 D_A(fake)=0.24 gnG=29.82 gnD=10.75 it_per_s=9.86
2026-10-02 14:01:23,627 INFO iter=112000 epoch=16 lr=2.00e-04 G=4.358 advA2B=0.517 advB2A=0.621 cycA=0.099 cycB=0.120 idtA=0.093 idtB=0.112 D_A=0.136 D_B=0.166 D_A(real)=0.76 D_A(fake)=0.24 gnG=29.82 gnD=10.75 it_per_s=9.87
2026-10-02 14:01:33,827 INFO iter=112100 epoch=16 lr=2.00e-04 G=4.358 advA2B=0.517 advB2A=0.621 cycA=0.099 cycB=0.120 idtA=0.093 idtB=0.112 D_A=0.136 D_B=0.166 D_A(real)=0.76 D_A(fake)=0.24 gnG=29.82 gnD=10.75 it_per_s=9.87
2026-10-02 14:01:43,619 INFO iter=112200 epoch=16 lr=2.00e-04 G=4.362 advA2B=0.518 advB2A=0.621 cycA=0.099 cycB=0.120 idtA=0.093 idtB=0.112 D_A=0.136 D_B=0.166 D_A(real)=0.76 D_A(fake)=0.24 gnG=29.85 gnD=10.75 it_per_s=9.87
2026-10-02 14:01:53,465 INFO iter=112300 epoch=16 lr=2.00e-04 G=4.365 advA2B=0.520 advB2A=0.622 cycA=0.100 cycB=0.120 idtA=0.093 idtB=0.112 D_A=0.136 D_B=0.165 D_A(real)=0.76 D_A(fake)=0.24 gnG=29.85 gnD=10.73 it_per_s=9.88
2026-10-02 14:02:03,341 INFO iter=112400 epoch=16 lr=2.00e-04 G=4.370 advA2B=0.521 advB2A=0.622 cycA=0.100 cycB=0.120 idtA=0.093 idtB=0.113 D_A=0.136 D_B=0.165 D_A(real)=0.76 D_A(fake)=0.24 gnG=29.92 gnD=10.74 it_per_s=9.88
2026-10-02 14:02:13,234 INFO iter=112500 epoch=16 lr=2.00e-04 G=4.371 advA2B=0.521 advB2A=0.623 cycA=0.100 cycB=0.120 idtA=0.093 idtB=0.113 D_A=0.136 D_B=0.165 D_A(real)=0.76 D_A(fake)=0.24 gnG=29.96 gnD=10.73 it_per_s=9.88
2026-10-02 14:02:23,074 INFO iter=112600 epoch=16 lr=2.00e-04 G=4.373 advA2B=0.522 advB2A=0.624 cycA=0.100 cycB=0.120 idtA=0.093 idtB=0.113 D_A=0.136 D_B=0.165 D_A(real)=0.76 D_A(fake)=0.24 gnG=30.03 gnD=10.74 it_per_s=9.89
2026-10-02 14:02:23,858 INFO epoch=16 done time_s=712 it_per_s=9.89 G=4.372 cycA=0.100 cycB=0.120 idtA=0.093 idtB=0.113 D_A=0.136 D_B=0.165 D_A(real)=0.76 D_A(fake)=0.24 nan_count=0
2026-10-02 14:02:33,462 INFO iter=112700 epoch=17 lr=2.00e-04 G=4.376 advA2B=0.501 advB2A=0.609 cycA=0.094 cycB=0.130 idtA=0.089 idtB=0.117 D_A=0.123 D_B=0.165 D_A(real)=0.77 D_A(fake)=0.23 gnG=32.93 gnD=10.62 it_per_s=10.14
2026-10-02 14:02:43,428 INFO iter=112800 epoch=17 lr=2.00e-04 G=4.279 advA2B=0.492 advB2A=0.643 cycA=0.097 cycB=0.117 idtA=0.091 idtB=0.108 D_A=0.131 D_B=0.171 D_A(real)=0.77 D_A(fake)=0.23 gnG=30.22 gnD=10.89 it_per_s=10.09
2026-10-02 14:02:53,234 INFO iter=112900 epoch=17 lr=2.00e-04 G=4.272 advA2B=0.493 advB2A=0.625 cycA=0.097 cycB=0.119 idtA=0.091 idtB=0.109 D_A=0.136 D_B=0.174 D_A(real)=0.76 D_A(fake)=0.24 gnG=30.80 gnD=10.97 it_per_s=10.12
2026-10-02 14:03:03,095 INFO iter=113000 epoch=17 lr=2.00e-04 G=4.273 advA2B=0.483 advB2A=0.631 cycA=0.097 cycB=0.119 idtA=0.090 idtB=0.110 D_A=0.134 D_B=0.176 D_A(real)=0.77 D_A(fake)=0.23 gnG=30.03 gnD=10.85 it_per_s=10.13
2026-10-02 14:03:12,912 INFO iter=113100 epoch=17 lr=2.00e-04 G=4.308 advA2B=0.487 advB2A=0.647 cycA=0.097 cycB=0.120 idtA=0.090 idtB=0.111 D_A=0.133 D_B=0.173 D_A(real)=0.76 D_A(fake)=0.24 gnG=29.84 gnD=10.79 it_per_s=10.14
2026-10-02 14:03:22,828 INFO iter=113200 epoch=17 lr=2.00e-04 G=4.290 advA2B=0.480 advB2A=0.647 cycA=0.097 cycB=0.119 idtA=0.091 idtB=0.110 D_A=0.133 D_B=0.175 D_A(real)=0.77 D_A(fake)=0.23 gnG=29.55 gnD=10.75 it_per_s=10.13
2026-10-02 14:03:32,635 INFO iter=113300 epoch=17 lr=2.00e-04 G=4.284 advA2B=0.479 advB2A=0.647 cycA=0.097 cycB=0.119 idtA=0.091 idtB=0.109 D_A=0.133 D_B=0.173 D_A(real)=0.76 D_A(fake)=0.24 gnG=29.55 gnD=10.66 it_per_s=10.14
2026-10-02 14:03:42,421 INFO iter=113400 epoch=17 lr=2.00e-04 G=4.268 advA2B=0.478 advB2A=0.642 cycA=0.096 cycB=0.119 idtA=0.090 idtB=0.110 D_A=0.131 D_B=0.174 D_A(real)=0.77 D_A(fake)=0.24 gnG=29.12 gnD=10.62 it_per_s=10.15
2026-10-02 14:03:52,226 INFO iter=113500 epoch=17 lr=2.00e-04 G=4.249 advA2B=0.478 advB2A=0.632 cycA=0.096 cycB=0.118 idtA=0.090 idtB=0.109 D_A=0.134 D_B=0.171 D_A(real)=0.76 D_A(fake)=0.24 gnG=28.99 gnD=10.63 it_per_s=10.16
2026-10-02 14:04:02,095 INFO iter=113600 epoch=17 lr=2.00e-04 G=4.270 advA2B=0.480 advB2A=0.637 cycA=0.096 cycB=0.119 idtA=0.090 idtB=0.110 D_A=0.134 D_B=0.172 D_A(real)=0.76 D_A(fake)=0.24 gnG=29.23 gnD=10.60 it_per_s=10.15
2026-10-02 14:04:11,890 INFO iter=113700 epoch=17 lr=2.00e-04 G=4.268 advA2B=0.478 advB2A=0.633 cycA=0.097 cycB=0.119 idtA=0.090 idtB=0.110 D_A=0.136 D_B=0.172 D_A(real)=0.76 D_A(fake)=0.24 gnG=29.04 gnD=10.57 it_per_s=10.16
2026-10-02 14:04:21,746 INFO iter=113800 epoch=17 lr=2.00e-04 G=4.271 advA2B=0.480 advB2A=0.632 cycA=0.097 cycB=0.119 idtA=0.091 idtB=0.110 D_A=0.136 D_B=0.173 D_A(real)=0.76 D_A(fake)=0.24 gnG=29.07 gnD=10.61 it_per_s=10.16
2026-10-02 14:04:31,676 INFO iter=113900 epoch=17 lr=2.00e-04 G=4.275 advA2B=0.478 advB2A=0.632 cycA=0.097 cycB=0.119 idtA=0.091 idtB=0.110 D_A=0.136 D_B=0.175 D_A(real)=0.76 D_A(fake)=0.24 gnG=29.18 gnD=10.65 it_per_s=10.15
2026-10-02 14:04:41,512 INFO iter=114000 epoch=17 lr=2.00e-04 G=4.273 advA2B=0.478 advB2A=0.634 cycA=0.097 cycB=0.119 idtA=0.091 idtB=0.110 D_A=0.135 D_B=0.174 D_A(real)=0.76 D_A(fake)=0.24 gnG=29.22 gnD=10.60 it_per_s=10.15
2026-10-02 14:04:51,329 INFO iter=114100 epoch=17 lr=2.00e-04 G=4.270 advA2B=0.479 advB2A=0.632 cycA=0.097 cycB=0.119 idtA=0.091 idtB=0.110 D_A=0.134 D_B=0.174 D_A(real)=0.76 D_A(fake)=0.24 gnG=29.26 gnD=10.61 it_per_s=10.15
2026-10-02 14:05:01,204 INFO iter=114200 epoch=17 lr=2.00e-04 G=4.275 advA2B=0.479 advB2A=0.631 cycA=0.097 cycB=0.120 idtA=0.091 idtB=0.110 D_A=0.135 D_B=0.174 D_A(real)=0.76 D_A(fake)=0.24 gnG=29.26 gnD=10.61 it_per_s=10.15
2026-10-02 14:05:11,027 INFO iter=114300 epoch=17 lr=2.00e-04 G=4.286 advA2B=0.480 advB2A=0.631 cycA=0.097 cycB=0.120 idtA=0.090 idtB=0.111 D_A=0.135 D_B=0.173 D_A(real)=0.76 D_A(fake)=0.24 gnG=29.23 gnD=10.60 it_per_s=10.15
2026-10-02 14:05:20,854 INFO iter=114400 epoch=17 lr=2.00e-04 G=4.280 advA2B=0.484 advB2A=0.628 cycA=0.096 cycB=0.120 idtA=0.090 idtB=0.111 D_A=0.135 D_B=0.173 D_A(real)=0.76 D_A(fake)=0.24 gnG=29.23 gnD=10.63 it_per_s=10.16
2026-10-02 14:05:30,627 INFO iter=114500 epoch=17 lr=2.00e-04 G=4.277 advA2B=0.483 advB2A=0.628 cycA=0.096 cycB=0.120 idtA=0.090 idtB=0.110 D_A=0.135 D_B=0.173 D_A(real)=0.76 D_A(fake)=0.24 gnG=29.28 gnD=10.65 it_per_s=10.16
2026-10-02 14:05:40,424 INFO iter=114600 epoch=17 lr=2.00e-04 G=4.277 advA2B=0.485 advB2A=0.626 cycA=0.097 cycB=0.120 idtA=0.090 idtB=0.110 D_A=0.135 D_B=0.173 D_A(real)=0.76 D_A(fake)=0.24 gnG=29.55 gnD=10.63 it_per_s=10.16
2026-10-02 14:05:50,349 INFO iter=114700 epoch=17 lr=2.00e-04 G=4.284 advA2B=0.487 advB2A=0.625 cycA=0.097 cycB=0.120 idtA=0.091 idtB=0.110 D_A=0.135 D_B=0.173 D_A(real)=0.76 D_A(fake)=0.24 gnG=29.62 gnD=10.65 it_per_s=10.16
2026-10-02 14:06:00,151 INFO iter=114800 epoch=17 lr=2.00e-04 G=4.289 advA2B=0.486 advB2A=0.624 cycA=0.097 cycB=0.120 idtA=0.091 idtB=0.111 D_A=0.135 D_B=0.174 D_A(real)=0.76 D_A(fake)=0.24 gnG=29.75 gnD=10.67 it_per_s=10.16
2026-10-02 14:06:10,046 INFO iter=114900 epoch=17 lr=2.00e-04 G=4.294 advA2B=0.486 advB2A=0.623 cycA=0.097 cycB=0.120 idtA=0.091 idtB=0.111 D_A=0.135 D_B=0.174 D_A(real)=0.76 D_A(fake)=0.24 gnG=29.79 gnD=10.66 it_per_s=10.16
2026-10-02 14:06:19,970 INFO iter=115000 epoch=17 lr=2.00e-04 G=4.291 advA2B=0.486 advB2A=0.622 cycA=0.097 cycB=0.120 idtA=0.091 idtB=0.111 D_A=0.135 D_B=0.174 D_A(real)=0.76 D_A(fake)=0.24 gnG=29.75 gnD=10.67 it_per_s=10.15
2026-10-02 14:06:29,798 INFO iter=115100 epoch=17 lr=2.00e-04 G=4.282 advA2B=0.486 advB2A=0.620 cycA=0.097 cycB=0.120 idtA=0.090 idtB=0.111 D_A=0.135 D_B=0.174 D_A(real)=0.76 D_A(fake)=0.24 gnG=29.70 gnD=10.68 it_per_s=10.15
2026-10-02 14:06:39,617 INFO iter=115200 epoch=17 lr=2.00e-04 G=4.275 advA2B=0.486 advB2A=0.621 cycA=0.097 cycB=0.120 idtA=0.090 idtB=0.111 D_A=0.134 D_B=0.173 D_A(real)=0.76 D_A(fake)=0.24 gnG=29.78 gnD=10.66 it_per_s=10.16
2026-10-02 14:06:49,448 INFO iter=115300 epoch=17 lr=2.00e-04 G=4.269 advA2B=0.485 advB2A=0.619 cycA=0.097 cycB=0.120 idtA=0.090 idtB=0.111 D_A=0.135 D_B=0.174 D_A(real)=0.76 D_A(fake)=0.24 gnG=29.83 gnD=10.68 it_per_s=10.16
2026-10-02 14:06:59,255 INFO iter=115400 epoch=17 lr=2.00e-04 G=4.268 advA2B=0.487 advB2A=0.617 cycA=0.097 cycB=0.120 idtA=0.090 idtB=0.111 D_A=0.136 D_B=0.174 D_A(real)=0.76 D_A(fake)=0.24 gnG=29.87 gnD=10.71 it_per_s=10.16
2026-10-02 14:07:09,285 INFO iter=115500 epoch=17 lr=2.00e-04 G=4.264 advA2B=0.486 advB2A=0.616 cycA=0.097 cycB=0.119 idtA=0.090 idtB=0.110 D_A=0.136 D_B=0.175 D_A(real)=0.76 D_A(fake)=0.24 gnG=29.85 gnD=10.72 it_per_s=10.15
2026-10-02 14:07:19,111 INFO iter=115600 epoch=17 lr=2.00e-04 G=4.270 advA2B=0.488 advB2A=0.619 cycA=0.097 cycB=0.120 idtA=0.090 idtB=0.110 D_A=0.136 D_B=0.174 D_A(real)=0.76 D_A(fake)=0.24 gnG=29.93 gnD=10.69 it_per_s=10.15
2026-10-02 14:07:28,863 INFO iter=115700 epoch=17 lr=2.00e-04 G=4.271 advA2B=0.487 advB2A=0.618 cycA=0.097 cycB=0.120 idtA=0.090 idtB=0.111 D_A=0.136 D_B=0.174 D_A(real)=0.76 D_A(fake)=0.24 gnG=29.88 gnD=10.69 it_per_s=10.16
2026-10-02 14:07:38,730 INFO iter=115800 epoch=17 lr=2.00e-04 G=4.270 advA2B=0.489 advB2A=0.616 cycA=0.097 cycB=0.120 idtA=0.090 idtB=0.111 D_A=0.136 D_B=0.174 D_A(real)=0.76 D_A(fake)=0.24 gnG=29.89 gnD=10.70 it_per_s=10.15
2026-10-02 14:07:48,602 INFO iter=115900 epoch=17 lr=2.00e-04 G=4.269 advA2B=0.489 advB2A=0.617 cycA=0.097 cycB=0.119 idtA=0.090 idtB=0.110 D_A=0.135 D_B=0.175 D_A(real)=0.76 D_A(fake)=0.24 gnG=29.89 gnD=10.70 it_per_s=10.15
2026-10-02 14:07:58,441 INFO iter=116000 epoch=17 lr=2.00e-04 G=4.268 advA2B=0.489 advB2A=0.616 cycA=0.097 cycB=0.119 idtA=0.090 idtB=0.110 D_A=0.135 D_B=0.175 D_A(real)=0.76 D_A(fake)=0.24 gnG=29.87 gnD=10.69 it_per_s=10.15
2026-10-02 14:08:08,335 INFO iter=116100 epoch=17 lr=2.00e-04 G=4.263 advA2B=0.489 advB2A=0.616 cycA=0.097 cycB=0.119 idtA=0.090 idtB=0.110 D_A=0.135 D_B=0.175 D_A(real)=0.76 D_A(fake)=0.24 gnG=29.88 gnD=10.68 it_per_s=10.15
2026-10-02 14:08:18,155 INFO iter=116200 epoch=17 lr=2.00e-04 G=4.262 advA2B=0.489 advB2A=0.617 cycA=0.097 cycB=0.119 idtA=0.090 idtB=0.110 D_A=0.135 D_B=0.174 D_A(real)=0.76 D_A(fake)=0.24 gnG=29.81 gnD=10.68 it_per_s=10.15
2026-10-02 14:08:27,988 INFO iter=116300 epoch=17 lr=2.00e-04 G=4.258 advA2B=0.489 advB2A=0.616 cycA=0.097 cycB=0.119 idtA=0.090 idtB=0.110 D_A=0.135 D_B=0.174 D_A(real)=0.76 D_A(fake)=0.24 gnG=29.77 gnD=10.70 it_per_s=10.15
2026-10-02 14:08:37,763 INFO iter=116400 epoch=17 lr=2.00e-04 G=4.255 advA2B=0.489 advB2A=0.617 cycA=0.097 cycB=0.118 idtA=0.090 idtB=0.110 D_A=0.135 D_B=0.174 D_A(real)=0.76 D_A(fake)=0.24 gnG=29.79 gnD=10.69 it_per_s=10.16
2026-10-02 14:08:47,600 INFO iter=116500 epoch=17 lr=2.00e-04 G=4.255 advA2B=0.489 advB2A=0.618 cycA=0.097 cycB=0.118 idtA=0.090 idtB=0.110 D_A=0.135 D_B=0.174 D_A(real)=0.76 D_A(fake)=0.24 gnG=29.88 gnD=10.69 it_per_s=10.16
2026-10-02 14:08:57,397 INFO iter=116600 epoch=17 lr=2.00e-04 G=4.251 advA2B=0.488 advB2A=0.618 cycA=0.097 cycB=0.118 idtA=0.090 idtB=0.109 D_A=0.135 D_B=0.174 D_A(real)=0.76 D_A(fake)=0.24 gnG=29.86 gnD=10.72 it_per_s=10.16
2026-10-02 14:09:07,225 INFO iter=116700 epoch=17 lr=2.00e-04 G=4.254 advA2B=0.488 advB2A=0.618 cycA=0.097 cycB=0.118 idtA=0.090 idtB=0.109 D_A=0.135 D_B=0.173 D_A(real)=0.76 D_A(fake)=0.24 gnG=29.94 gnD=10.72 it_per_s=10.16
2026-10-02 14:09:17,092 INFO iter=116800 epoch=17 lr=2.00e-04 G=4.253 advA2B=0.488 advB2A=0.618 cycA=0.097 cycB=0.118 idtA=0.090 idtB=0.109 D_A=0.136 D_B=0.174 D_A(real)=0.76 D_A(fake)=0.24 gnG=29.96 gnD=10.73 it_per_s=10.16
2026-10-02 14:09:26,896 INFO iter=116900 epoch=17 lr=2.00e-04 G=4.255 advA2B=0.489 advB2A=0.621 cycA=0.097 cycB=0.118 idtA=0.090 idtB=0.109 D_A=0.135 D_B=0.173 D_A(real)=0.76 D_A(fake)=0.24 gnG=29.95 gnD=10.73 it_per_s=10.16
2026-10-02 14:09:36,666 INFO iter=117000 epoch=17 lr=2.00e-04 G=4.252 advA2B=0.488 advB2A=0.621 cycA=0.097 cycB=0.118 idtA=0.090 idtB=0.109 D_A=0.135 D_B=0.173 D_A(real)=0.76 D_A(fake)=0.24 gnG=29.95 gnD=10.72 it_per_s=10.16
2026-10-02 14:09:46,475 INFO iter=117100 epoch=17 lr=2.00e-04 G=4.250 advA2B=0.488 advB2A=0.620 cycA=0.097 cycB=0.118 idtA=0.090 idtB=0.109 D_A=0.136 D_B=0.173 D_A(real)=0.76 D_A(fake)=0.24 gnG=29.95 gnD=10.75 it_per_s=10.16
2026-10-02 14:09:56,270 INFO iter=117200 epoch=17 lr=2.00e-04 G=4.254 advA2B=0.489 advB2A=0.621 cycA=0.097 cycB=0.118 idtA=0.090 idtB=0.109 D_A=0.136 D_B=0.173 D_A(real)=0.76 D_A(fake)=0.24 gnG=29.99 gnD=10.75 it_per_s=10.16
2026-10-02 14:10:06,109 INFO iter=117300 epoch=17 lr=2.00e-04 G=4.256 advA2B=0.489 advB2A=0.621 cycA=0.097 cycB=0.118 idtA=0.090 idtB=0.109 D_A=0.136 D_B=0.173 D_A(real)=0.76 D_A(fake)=0.24 gnG=30.05 gnD=10.77 it_per_s=10.16
2026-10-02 14:10:15,923 INFO iter=117400 epoch=17 lr=2.00e-04 G=4.254 advA2B=0.488 advB2A=0.621 cycA=0.097 cycB=0.118 idtA=0.090 idtB=0.109 D_A=0.136 D_B=0.174 D_A(real)=0.76 D_A(fake)=0.24 gnG=30.03 gnD=10.76 it_per_s=10.16
2026-10-02 14:10:25,728 INFO iter=117500 epoch=17 lr=2.00e-04 G=4.254 advA2B=0.489 advB2A=0.620 cycA=0.097 cycB=0.118 idtA=0.090 idtB=0.109 D_A=0.136 D_B=0.174 D_A(real)=0.76 D_A(fake)=0.24 gnG=30.03 gnD=10.74 it_per_s=10.16
2026-10-02 14:10:35,508 INFO iter=117600 epoch=17 lr=2.00e-04 G=4.257 advA2B=0.492 advB2A=0.620 cycA=0.097 cycB=0.118 idtA=0.090 idtB=0.109 D_A=0.136 D_B=0.173 D_A(real)=0.76 D_A(fake)=0.24 gnG=30.04 gnD=10.74 it_per_s=10.16
2026-10-02 14:10:45,305 INFO iter=117700 epoch=17 lr=2.00e-04 G=4.257 advA2B=0.491 advB2A=0.620 cycA=0.097 cycB=0.118 idtA=0.090 idtB=0.109 D_A=0.136 D_B=0.173 D_A(real)=0.76 D_A(fake)=0.24 gnG=30.03 gnD=10.75 it_per_s=10.17
2026-10-02 14:10:55,113 INFO iter=117800 epoch=17 lr=2.00e-04 G=4.258 advA2B=0.492 advB2A=0.619 cycA=0.097 cycB=0.118 idtA=0.090 idtB=0.109 D_A=0.136 D_B=0.173 D_A(real)=0.76 D_A(fake)=0.24 gnG=30.05 gnD=10.76 it_per_s=10.17
2026-10-02 14:11:04,916 INFO iter=117900 epoch=17 lr=2.00e-04 G=4.255 advA2B=0.492 advB2A=0.619 cycA=0.097 cycB=0.118 idtA=0.090 idtB=0.109 D_A=0.136 D_B=0.173 D_A(real)=0.76 D_A(fake)=0.24 gnG=30.07 gnD=10.75 it_per_s=10.17
2026-10-02 14:11:14,727 INFO iter=118000 epoch=17 lr=2.00e-04 G=4.256 advA2B=0.492 advB2A=0.618 cycA=0.097 cycB=0.118 idtA=0.090 idtB=0.109 D_A=0.136 D_B=0.173 D_A(real)=0.76 D_A(fake)=0.24 gnG=30.06 gnD=10.75 it_per_s=10.17
2026-10-02 14:11:24,545 INFO iter=118100 epoch=17 lr=2.00e-04 G=4.255 advA2B=0.492 advB2A=0.619 cycA=0.097 cycB=0.118 idtA=0.090 idtB=0.109 D_A=0.136 D_B=0.173 D_A(real)=0.76 D_A(fake)=0.24 gnG=30.03 gnD=10.76 it_per_s=10.17
2026-10-02 14:11:34,481 INFO iter=118200 epoch=17 lr=2.00e-04 G=4.256 advA2B=0.492 advB2A=0.619 cycA=0.097 cycB=0.118 idtA=0.090 idtB=0.109 D_A=0.136 D_B=0.173 D_A(real)=0.76 D_A(fake)=0.24 gnG=30.00 gnD=10.75 it_per_s=10.17
2026-10-02 14:11:44,283 INFO iter=118300 epoch=17 lr=2.00e-04 G=4.256 advA2B=0.492 advB2A=0.618 cycA=0.097 cycB=0.118 idtA=0.090 idtB=0.109 D_A=0.136 D_B=0.173 D_A(real)=0.76 D_A(fake)=0.24 gnG=29.92 gnD=10.74 it_per_s=10.17
2026-10-02 14:11:54,104 INFO iter=118400 epoch=17 lr=2.00e-04 G=4.254 advA2B=0.492 advB2A=0.619 cycA=0.097 cycB=0.118 idtA=0.090 idtB=0.109 D_A=0.136 D_B=0.173 D_A(real)=0.76 D_A(fake)=0.24 gnG=29.89 gnD=10.74 it_per_s=10.17
2026-10-02 14:12:03,916 INFO iter=118500 epoch=17 lr=2.00e-04 G=4.255 advA2B=0.492 advB2A=0.619 cycA=0.097 cycB=0.118 idtA=0.090 idtB=0.109 D_A=0.136 D_B=0.173 D_A(real)=0.76 D_A(fake)=0.24 gnG=29.92 gnD=10.73 it_per_s=10.17
2026-10-02 14:12:13,731 INFO iter=118600 epoch=17 lr=2.00e-04 G=4.255 advA2B=0.492 advB2A=0.618 cycA=0.097 cycB=0.118 idtA=0.090 idtB=0.109 D_A=0.135 D_B=0.173 D_A(real)=0.76 D_A(fake)=0.24 gnG=29.99 gnD=10.72 it_per_s=10.17
2026-10-02 14:12:23,498 INFO iter=118700 epoch=17 lr=2.00e-04 G=4.254 advA2B=0.492 advB2A=0.618 cycA=0.097 cycB=0.118 idtA=0.090 idtB=0.109 D_A=0.135 D_B=0.173 D_A(real)=0.76 D_A(fake)=0.24 gnG=29.97 gnD=10.72 it_per_s=10.17
2026-10-02 14:12:33,293 INFO iter=118800 epoch=17 lr=2.00e-04 G=4.253 advA2B=0.492 advB2A=0.619 cycA=0.097 cycB=0.118 idtA=0.090 idtB=0.109 D_A=0.135 D_B=0.173 D_A(real)=0.76 D_A(fake)=0.24 gnG=29.98 gnD=10.71 it_per_s=10.17
2026-10-02 14:12:43,210 INFO iter=118900 epoch=17 lr=2.00e-04 G=4.256 advA2B=0.492 advB2A=0.620 cycA=0.097 cycB=0.118 idtA=0.090 idtB=0.109 D_A=0.136 D_B=0.173 D_A(real)=0.76 D_A(fake)=0.24 gnG=30.00 gnD=10.72 it_per_s=10.17
2026-10-02 14:12:52,982 INFO iter=119000 epoch=17 lr=2.00e-04 G=4.259 advA2B=0.492 advB2A=0.621 cycA=0.097 cycB=0.118 idtA=0.090 idtB=0.109 D_A=0.135 D_B=0.173 D_A(real)=0.76 D_A(fake)=0.24 gnG=30.03 gnD=10.72 it_per_s=10.17
2026-10-02 14:13:02,801 INFO iter=119100 epoch=17 lr=2.00e-04 G=4.259 advA2B=0.493 advB2A=0.621 cycA=0.097 cycB=0.118 idtA=0.090 idtB=0.109 D_A=0.135 D_B=0.172 D_A(real)=0.76 D_A(fake)=0.24 gnG=30.02 gnD=10.72 it_per_s=10.17
2026-10-02 14:13:12,658 INFO iter=119200 epoch=17 lr=2.00e-04 G=4.261 advA2B=0.492 advB2A=0.622 cycA=0.097 cycB=0.118 idtA=0.090 idtB=0.109 D_A=0.135 D_B=0.172 D_A(real)=0.76 D_A(fake)=0.24 gnG=30.03 gnD=10.72 it_per_s=10.17
2026-10-02 14:13:22,443 INFO iter=119300 epoch=17 lr=2.00e-04 G=4.262 advA2B=0.493 advB2A=0.621 cycA=0.097 cycB=0.118 idtA=0.090 idtB=0.109 D_A=0.135 D_B=0.172 D_A(real)=0.76 D_A(fake)=0.24 gnG=30.06 gnD=10.72 it_per_s=10.17
2026-10-02 14:13:32,249 INFO iter=119400 epoch=17 lr=2.00e-04 G=4.264 advA2B=0.494 advB2A=0.622 cycA=0.097 cycB=0.118 idtA=0.090 idtB=0.109 D_A=0.135 D_B=0.172 D_A(real)=0.76 D_A(fake)=0.24 gnG=30.07 gnD=10.72 it_per_s=10.17
2026-10-02 14:13:42,041 INFO iter=119500 epoch=17 lr=2.00e-04 G=4.264 advA2B=0.494 advB2A=0.622 cycA=0.097 cycB=0.118 idtA=0.090 idtB=0.109 D_A=0.135 D_B=0.172 D_A(real)=0.76 D_A(fake)=0.24 gnG=30.05 gnD=10.72 it_per_s=10.17
2026-10-02 14:13:51,835 INFO iter=119600 epoch=17 lr=2.00e-04 G=4.262 advA2B=0.493 advB2A=0.621 cycA=0.097 cycB=0.118 idtA=0.090 idtB=0.109 D_A=0.135 D_B=0.172 D_A(real)=0.76 D_A(fake)=0.24 gnG=30.05 gnD=10.72 it_per_s=10.17
2026-10-02 14:13:56,347 INFO epoch=17 done time_s=692 it_per_s=10.17 G=4.262 cycA=0.097 cycB=0.118 idtA=0.090 idtB=0.109 D_A=0.135 D_B=0.172 D_A(real)=0.76 D_A(fake)=0.24 nan_count=0
2026-10-02 14:14:02,226 INFO iter=119700 epoch=18 lr=2.00e-04 G=4.221 advA2B=0.476 advB2A=0.641 cycA=0.100 cycB=0.112 idtA=0.093 idtB=0.104 D_A=0.136 D_B=0.177 D_A(real)=0.75 D_A(fake)=0.25 gnG=30.24 gnD=10.81 it_per_s=10.13
2026-10-02 14:14:12,079 INFO iter=119800 epoch=18 lr=2.00e-04 G=4.217 advA2B=0.472 advB2A=0.613 cycA=0.096 cycB=0.118 idtA=0.088 idtB=0.111 D_A=0.141 D_B=0.178 D_A(real)=0.74 D_A(fake)=0.25 gnG=30.88 gnD=10.82 it_per_s=10.14
2026-10-02 14:14:21,913 INFO iter=119900 epoch=18 lr=2.00e-04 G=4.195 advA2B=0.473 advB2A=0.607 cycA=0.095 cycB=0.118 idtA=0.088 idtB=0.110 D_A=0.142 D_B=0.177 D_A(real)=0.74 D_A(fake)=0.26 gnG=29.84 gnD=10.80 it_per_s=10.15
2026-10-02 14:14:31,734 INFO iter=120000 epoch=18 lr=2.00e-04 G=4.134 advA2B=0.470 advB2A=0.605 cycA=0.095 cycB=0.113 idtA=0.089 idtB=0.105 D_A=0.136 D_B=0.175 D_A(real)=0.75 D_A(fake)=0.25 gnG=30.03 gnD=10.67 it_per_s=10.16
2026-10-02 14:14:41,632 INFO iter=120100 epoch=18 lr=2.00e-04 G=4.113 advA2B=0.474 advB2A=0.604 cycA=0.095 cycB=0.113 idtA=0.089 idtB=0.103 D_A=0.140 D_B=0.176 D_A(real)=0.75 D_A(fake)=0.25 gnG=29.98 gnD=10.76 it_per_s=10.15
2026-10-02 14:14:51,466 INFO iter=120200 epoch=18 lr=2.00e-04 G=4.124 advA2B=0.482 advB2A=0.609 cycA=0.094 cycB=0.114 idtA=0.088 idtB=0.103 D_A=0.141 D_B=0.173 D_A(real)=0.75 D_A(fake)=0.25 gnG=29.81 gnD=10.82 it_per_s=10.15
2026-10-02 14:15:01,410 INFO iter=120300 epoch=18 lr=2.00e-04 G=4.140 advA2B=0.486 advB2A=0.610 cycA=0.094 cycB=0.114 idtA=0.088 idtB=0.104 D_A=0.138 D_B=0.170 D_A(real)=0.75 D_A(fake)=0.25 gnG=29.38 gnD=10.65 it_per_s=10.14
2026-10-02 14:15:11,265 INFO iter=120400 epoch=18 lr=2.00e-04 G=4.187 advA2B=0.488 advB2A=0.616 cycA=0.095 cycB=0.116 idtA=0.088 idtB=0.106 D_A=0.136 D_B=0.172 D_A(real)=0.75 D_A(fake)=0.25 gnG=29.71 gnD=10.62 it_per_s=10.14
2026-10-02 14:15:21,074 INFO iter=120500 epoch=18 lr=2.00e-04 G=4.190 advA2B=0.492 advB2A=0.619 cycA=0.095 cycB=0.116 idtA=0.088 idtB=0.106 D_A=0.136 D_B=0.170 D_A(real)=0.75 D_A(fake)=0.25 gnG=29.71 gnD=10.58 it_per_s=10.14
2026-10-02 14:15:30,874 INFO iter=120600 epoch=18 lr=2.00e-04 G=4.186 advA2B=0.493 advB2A=0.617 cycA=0.095 cycB=0.116 idtA=0.087 idtB=0.106 D_A=0.135 D_B=0.168 D_A(real)=0.76 D_A(fake)=0.24 gnG=29.63 gnD=10.57 it_per_s=10.15
2026-10-02 14:15:40,710 INFO iter=120700 epoch=18 lr=2.00e-04 G=4.204 advA2B=0.495 advB2A=0.623 cycA=0.095 cycB=0.116 idtA=0.088 idtB=0.106 D_A=0.134 D_B=0.166 D_A(real)=0.76 D_A(fake)=0.24 gnG=29.71 gnD=10.53 it_per_s=10.15
2026-10-02 14:15:50,646 INFO iter=120800 epoch=18 lr=2.00e-04 G=4.235 advA2B=0.504 advB2A=0.623 cycA=0.096 cycB=0.117 idtA=0.088 idtB=0.108 D_A=0.133 D_B=0.166 D_A(real)=0.76 D_A(fake)=0.24 gnG=29.85 gnD=10.49 it_per_s=10.14
2026-10-02 14:16:00,450 INFO iter=120900 epoch=18 lr=2.00e-04 G=4.277 advA2B=0.518 advB2A=0.624 cycA=0.097 cycB=0.118 idtA=0.088 idtB=0.109 D_A=0.133 D_B=0.164 D_A(real)=0.76 D_A(fake)=0.24 gnG=30.50 gnD=10.57 it_per_s=10.15
2026-10-02 14:16:10,272 INFO iter=121000 epoch=18 lr=2.00e-04 G=4.305 advA2B=0.527 advB2A=0.624 cycA=0.098 cycB=0.119 idtA=0.089 idtB=0.110 D_A=0.133 D_B=0.161 D_A(real)=0.76 D_A(fake)=0.24 gnG=30.76 gnD=10.56 it_per_s=10.15
2026-10-02 14:16:20,074 INFO iter=121100 epoch=18 lr=2.00e-04 G=4.314 advA2B=0.530 advB2A=0.622 cycA=0.098 cycB=0.119 idtA=0.089 idtB=0.111 D_A=0.134 D_B=0.159 D_A(real)=0.76 D_A(fake)=0.24 gnG=30.65 gnD=10.57 it_per_s=10.15
2026-10-02 14:16:29,899 INFO iter=121200 epoch=18 lr=2.00e-04 G=4.315 advA2B=0.532 advB2A=0.620 cycA=0.097 cycB=0.119 idtA=0.088 idtB=0.111 D_A=0.134 D_B=0.159 D_A(real)=0.76 D_A(fake)=0.24 gnG=30.44 gnD=10.60 it_per_s=10.16
2026-10-02 14:16:39,751 INFO iter=121300 epoch=18 lr=2.00e-04 G=4.315 advA2B=0.533 advB2A=0.619 cycA=0.097 cycB=0.119 idtA=0.088 idtB=0.111 D_A=0.135 D_B=0.159 D_A(real)=0.76 D_A(fake)=0.24 gnG=30.40 gnD=10.65 it_per_s=10.16
2026-10-02 14:16:49,593 INFO iter=121400 epoch=18 lr=2.00e-04 G=4.307 advA2B=0.531 advB2A=0.619 cycA=0.097 cycB=0.119 idtA=0.088 idtB=0.111 D_A=0.134 D_B=0.159 D_A(real)=0.76 D_A(fake)=0.24 gnG=30.19 gnD=10.63 it_per_s=10.16
2026-10-02 14:16:59,415 INFO iter=121500 epoch=18 lr=2.00e-04 G=4.308 advA2B=0.532 advB2A=0.619 cycA=0.097 cycB=0.119 idtA=0.088 idtB=0.111 D_A=0.135 D_B=0.160 D_A(real)=0.76 D_A(fake)=0.24 gnG=30.22 gnD=10.61 it_per_s=10.16
2026-10-02 14:17:09,240 INFO iter=121600 epoch=18 lr=2.00e-04 G=4.306 advA2B=0.532 advB2A=0.621 cycA=0.097 cycB=0.119 idtA=0.088 idtB=0.111 D_A=0.135 D_B=0.159 D_A(real)=0.76 D_A(fake)=0.24 gnG=30.22 gnD=10.59 it_per_s=10.16
2026-10-02 14:17:19,056 INFO iter=121700 epoch=18 lr=2.00e-04 G=4.316 advA2B=0.533 advB2A=0.619 cycA=0.097 cycB=0.120 idtA=0.088 idtB=0.112 D_A=0.135 D_B=0.159 D_A(real)=0.76 D_A(fake)=0.24 gnG=30.32 gnD=10.57 it_per_s=10.16
2026-10-02 14:17:28,939 INFO iter=121800 epoch=18 lr=2.00e-04 G=4.307 advA2B=0.532 advB2A=0.618 cycA=0.097 cycB=0.119 idtA=0.088 idtB=0.112 D_A=0.134 D_B=0.159 D_A(real)=0.76 D_A(fake)=0.24 gnG=30.23 gnD=10.52 it_per_s=10.16
2026-10-02 14:17:38,733 INFO iter=121900 epoch=18 lr=2.00e-04 G=4.309 advA2B=0.532 advB2A=0.619 cycA=0.097 cycB=0.119 idtA=0.088 idtB=0.112 D_A=0.134 D_B=0.160 D_A(real)=0.76 D_A(fake)=0.24 gnG=30.11 gnD=10.56 it_per_s=10.16
2026-10-02 14:17:48,547 INFO iter=122000 epoch=18 lr=2.00e-04 G=4.304 advA2B=0.532 advB2A=0.620 cycA=0.097 cycB=0.119 idtA=0.088 idtB=0.111 D_A=0.135 D_B=0.160 D_A(real)=0.76 D_A(fake)=0.24 gnG=30.06 gnD=10.57 it_per_s=10.16
2026-10-02 14:17:58,360 INFO iter=122100 epoch=18 lr=2.00e-04 G=4.298 advA2B=0.532 advB2A=0.621 cycA=0.097 cycB=0.118 idtA=0.088 idtB=0.111 D_A=0.134 D_B=0.160 D_A(real)=0.76 D_A(fake)=0.24 gnG=30.01 gnD=10.57 it_per_s=10.16
2026-10-02 14:18:08,201 INFO iter=122200 epoch=18 lr=2.00e-04 G=4.297 advA2B=0.533 advB2A=0.622 cycA=0.097 cycB=0.118 idtA=0.088 idtB=0.111 D_A=0.134 D_B=0.161 D_A(real)=0.76 D_A(fake)=0.24 gnG=30.09 gnD=10.59 it_per_s=10.16
2026-10-02 14:18:18,017 INFO iter=122300 epoch=18 lr=2.00e-04 G=4.292 advA2B=0.531 advB2A=0.624 cycA=0.097 cycB=0.118 idtA=0.088 idtB=0.111 D_A=0.134 D_B=0.161 D_A(real)=0.76 D_A(fake)=0.24 gnG=30.10 gnD=10.58 it_per_s=10.16
2026-10-02 14:18:27,804 INFO iter=122400 epoch=18 lr=2.00e-04 G=4.285 advA2B=0.530 advB2A=0.622 cycA=0.096 cycB=0.118 idtA=0.088 idtB=0.110 D_A=0.134 D_B=0.162 D_A(real)=0.76 D_A(fake)=0.24 gnG=30.02 gnD=10.60 it_per_s=10.17
2026-10-02 14:18:37,631 INFO iter=122500 epoch=18 lr=2.00e-04 G=4.283 advA2B=0.530 advB2A=0.622 cycA=0.096 cycB=0.118 idtA=0.088 idtB=0.110 D_A=0.134 D_B=0.162 D_A(real)=0.76 D_A(fake)=0.24 gnG=29.94 gnD=10.59 it_per_s=10.17
2026-10-02 14:18:47,477 INFO iter=122600 epoch=18 lr=2.00e-04 G=4.287 advA2B=0.530 advB2A=0.622 cycA=0.096 cycB=0.118 idtA=0.088 idtB=0.111 D_A=0.135 D_B=0.163 D_A(real)=0.76 D_A(fake)=0.24 gnG=30.01 gnD=10.59 it_per_s=10.17
2026-10-02 14:18:57,282 INFO iter=122700 epoch=18 lr=2.00e-04 G=4.290 advA2B=0.529 advB2A=0.624 cycA=0.096 cycB=0.118 idtA=0.088 idtB=0.111 D_A=0.135 D_B=0.163 D_A(real)=0.76 D_A(fake)=0.24 gnG=30.12 gnD=10.59 it_per_s=10.17
2026-10-02 14:19:07,044 INFO iter=122800 epoch=18 lr=2.00e-04 G=4.289 advA2B=0.528 advB2A=0.626 cycA=0.096 cycB=0.118 idtA=0.088 idtB=0.111 D_A=0.134 D_B=0.163 D_A(real)=0.76 D_A(fake)=0.24 gnG=30.06 gnD=10.57 it_per_s=10.17
2026-10-02 14:19:16,888 INFO iter=122900 epoch=18 lr=2.00e-04 G=4.283 advA2B=0.527 advB2A=0.627 cycA=0.096 cycB=0.118 idtA=0.087 idtB=0.110 D_A=0.135 D_B=0.163 D_A(real)=0.76 D_A(fake)=0.24 gnG=29.96 gnD=10.58 it_per_s=10.17
2026-10-02 14:19:26,675 INFO iter=123000 epoch=18 lr=2.00e-04 G=4.284 advA2B=0.526 advB2A=0.627 cycA=0.096 cycB=0.118 idtA=0.087 idtB=0.111 D_A=0.134 D_B=0.163 D_A(real)=0.76 D_A(fake)=0.24 gnG=30.04 gnD=10.58 it_per_s=10.17
2026-10-02 14:19:36,493 INFO iter=123100 epoch=18 lr=2.00e-04 G=4.284 advA2B=0.526 advB2A=0.629 cycA=0.096 cycB=0.118 idtA=0.087 idtB=0.110 D_A=0.134 D_B=0.164 D_A(real)=0.76 D_A(fake)=0.24 gnG=30.06 gnD=10.57 it_per_s=10.17
2026-10-02 14:19:46,297 INFO iter=123200 epoch=18 lr=2.00e-04 G=4.286 advA2B=0.527 advB2A=0.629 cycA=0.096 cycB=0.118 idtA=0.087 idtB=0.110 D_A=0.134 D_B=0.164 D_A(real)=0.76 D_A(fake)=0.24 gnG=30.12 gnD=10.57 it_per_s=10.17
2026-10-02 14:19:56,121 INFO iter=123300 epoch=18 lr=2.00e-04 G=4.283 advA2B=0.527 advB2A=0.629 cycA=0.096 cycB=0.118 idtA=0.087 idtB=0.110 D_A=0.134 D_B=0.164 D_A(real)=0.76 D_A(fake)=0.24 gnG=30.08 gnD=10.57 it_per_s=10.17
2026-10-02 14:20:05,956 INFO iter=123400 epoch=18 lr=2.00e-04 G=4.286 advA2B=0.527 advB2A=0.628 cycA=0.096 cycB=0.118 idtA=0.088 idtB=0.110 D_A=0.134 D_B=0.164 D_A(real)=0.76 D_A(fake)=0.24 gnG=30.14 gnD=10.57 it_per_s=10.17
2026-10-02 14:20:15,793 INFO iter=123500 epoch=18 lr=2.00e-04 G=4.283 advA2B=0.526 advB2A=0.627 cycA=0.096 cycB=0.118 idtA=0.087 idtB=0.110 D_A=0.134 D_B=0.164 D_A(real)=0.76 D_A(fake)=0.24 gnG=30.14 gnD=10.57 it_per_s=10.17
2026-10-02 14:20:25,610 INFO iter=123600 epoch=18 lr=2.00e-04 G=4.280 advA2B=0.526 advB2A=0.628 cycA=0.096 cycB=0.118 idtA=0.087 idtB=0.110 D_A=0.134 D_B=0.164 D_A(real)=0.76 D_A(fake)=0.24 gnG=30.17 gnD=10.58 it_per_s=10.17
2026-10-02 14:20:35,506 INFO iter=123700 epoch=18 lr=2.00e-04 G=4.276 advA2B=0.525 advB2A=0.627 cycA=0.096 cycB=0.118 idtA=0.087 idtB=0.110 D_A=0.133 D_B=0.164 D_A(real)=0.76 D_A(fake)=0.24 gnG=30.11 gnD=10.58 it_per_s=10.17
2026-10-02 14:20:45,461 INFO iter=123800 epoch=18 lr=2.00e-04 G=4.276 advA2B=0.523 advB2A=0.627 cycA=0.096 cycB=0.118 idtA=0.087 idtB=0.110 D_A=0.133 D_B=0.164 D_A(real)=0.76 D_A(fake)=0.24 gnG=30.15 gnD=10.59 it_per_s=10.17
2026-10-02 14:20:55,287 INFO iter=123900 epoch=18 lr=2.00e-04 G=4.274 advA2B=0.522 advB2A=0.628 cycA=0.096 cycB=0.118 idtA=0.087 idtB=0.110 D_A=0.133 D_B=0.164 D_A(real)=0.76 D_A(fake)=0.24 gnG=30.19 gnD=10.58 it_per_s=10.17
2026-10-02 14:21:05,168 INFO iter=124000 epoch=18 lr=2.00e-04 G=4.279 advA2B=0.524 advB2A=0.630 cycA=0.096 cycB=0.118 idtA=0.087 idtB=0.110 D_A=0.133 D_B=0.164 D_A(real)=0.76 D_A(fake)=0.24 gnG=30.27 gnD=10.60 it_per_s=10.17
2026-10-02 14:21:15,018 INFO iter=124100 epoch=18 lr=2.00e-04 G=4.277 advA2B=0.524 advB2A=0.631 cycA=0.096 cycB=0.118 idtA=0.087 idtB=0.110 D_A=0.134 D_B=0.164 D_A(real)=0.76 D_A(fake)=0.24 gnG=30.31 gnD=10.61 it_per_s=10.17
2026-10-02 14:21:24,869 INFO iter=124200 epoch=18 lr=2.00e-04 G=4.275 advA2B=0.524 advB2A=0.630 cycA=0.096 cycB=0.117 idtA=0.088 idtB=0.110 D_A=0.133 D_B=0.164 D_A(real)=0.76 D_A(fake)=0.24 gnG=30.28 gnD=10.61 it_per_s=10.17
2026-10-02 14:21:34,621 INFO iter=124300 epoch=18 lr=2.00e-04 G=4.275 advA2B=0.523 advB2A=0.631 cycA=0.096 cycB=0.117 idtA=0.088 idtB=0.110 D_A=0.133 D_B=0.164 D_A(real)=0.76 D_A(fake)=0.24 gnG=30.28 gnD=10.61 it_per_s=10.17
2026-10-02 14:21:44,450 INFO iter=124400 epoch=18 lr=2.00e-04 G=4.274 advA2B=0.522 advB2A=0.632 cycA=0.096 cycB=0.117 idtA=0.088 idtB=0.110 D_A=0.133 D_B=0.164 D_A(real)=0.76 D_A(fake)=0.24 gnG=30.25 gnD=10.60 it_per_s=10.17
2026-10-02 14:21:54,351 INFO iter=124500 epoch=18 lr=2.00e-04 G=4.277 advA2B=0.524 advB2A=0.633 cycA=0.096 cycB=0.117 idtA=0.087 idtB=0.110 D_A=0.133 D_B=0.164 D_A(real)=0.76 D_A(fake)=0.24 gnG=30.26 gnD=10.60 it_per_s=10.17
2026-10-02 14:22:04,275 INFO iter=124600 epoch=18 lr=2.00e-04 G=4.284 advA2B=0.527 advB2A=0.633 cycA=0.096 cycB=0.117 idtA=0.087 idtB=0.110 D_A=0.133 D_B=0.164 D_A(real)=0.76 D_A(fake)=0.24 gnG=30.32 gnD=10.61 it_per_s=10.16
2026-10-02 14:22:14,227 INFO iter=124700 epoch=18 lr=2.00e-04 G=4.290 advA2B=0.531 advB2A=0.632 cycA=0.096 cycB=0.117 idtA=0.087 idtB=0.110 D_A=0.133 D_B=0.163 D_A(real)=0.76 D_A(fake)=0.24 gnG=30.46 gnD=10.61 it_per_s=10.16
2026-10-02 14:22:24,075 INFO iter=124800 epoch=18 lr=2.00e-04 G=4.295 advA2B=0.532 advB2A=0.632 cycA=0.097 cycB=0.117 idtA=0.087 idtB=0.110 D_A=0.133 D_B=0.162 D_A(real)=0.76 D_A(fake)=0.24 gnG=30.55 gnD=10.60 it_per_s=10.16
2026-10-02 14:22:33,888 INFO iter=124900 epoch=18 lr=2.00e-04 G=4.297 advA2B=0.534 advB2A=0.632 cycA=0.097 cycB=0.118 idtA=0.088 idtB=0.111 D_A=0.132 D_B=0.162 D_A(real)=0.76 D_A(fake)=0.24 gnG=30.64 gnD=10.59 it_per_s=10.16
2026-10-02 14:22:43,698 INFO iter=125000 epoch=18 lr=2.00e-04 G=4.302 advA2B=0.537 advB2A=0.631 cycA=0.097 cycB=0.118 idtA=0.088 idtB=0.111 D_A=0.132 D_B=0.161 D_A(real)=0.76 D_A(fake)=0.24 gnG=30.70 gnD=10.56 it_per_s=10.16
2026-10-02 14:22:53,476 INFO iter=125100 epoch=18 lr=2.00e-04 G=4.306 advA2B=0.540 advB2A=0.630 cycA=0.097 cycB=0.118 idtA=0.088 idtB=0.111 D_A=0.132 D_B=0.160 D_A(real)=0.76 D_A(fake)=0.24 gnG=30.69 gnD=10.54 it_per_s=10.16
2026-10-02 14:23:03,343 INFO iter=125200 epoch=18 lr=2.00e-04 G=4.309 advA2B=0.541 advB2A=0.630 cycA=0.097 cycB=0.118 idtA=0.088 idtB=0.111 D_A=0.132 D_B=0.160 D_A(real)=0.76 D_A(fake)=0.24 gnG=30.70 gnD=10.53 it_per_s=10.16
2026-10-02 14:23:13,117 INFO iter=125300 epoch=18 lr=2.00e-04 G=4.311 advA2B=0.542 advB2A=0.629 cycA=0.097 cycB=0.118 idtA=0.088 idtB=0.111 D_A=0.132 D_B=0.159 D_A(real)=0.76 D_A(fake)=0.24 gnG=30.72 gnD=10.53 it_per_s=10.16
2026-10-02 14:23:22,924 INFO iter=125400 epoch=18 lr=2.00e-04 G=4.314 advA2B=0.545 advB2A=0.629 cycA=0.097 cycB=0.118 idtA=0.088 idtB=0.111 D_A=0.132 D_B=0.159 D_A(real)=0.76 D_A(fake)=0.24 gnG=30.74 gnD=10.52 it_per_s=10.17
2026-10-02 14:23:32,757 INFO iter=125500 epoch=18 lr=2.00e-04 G=4.316 advA2B=0.547 advB2A=0.628 cycA=0.097 cycB=0.118 idtA=0.088 idtB=0.111 D_A=0.132 D_B=0.159 D_A(real)=0.76 D_A(fake)=0.24 gnG=30.77 gnD=10.52 it_per_s=10.17
2026-10-02 14:23:42,561 INFO iter=125600 epoch=18 lr=2.00e-04 G=4.319 advA2B=0.549 advB2A=0.627 cycA=0.097 cycB=0.118 idtA=0.088 idtB=0.111 D_A=0.132 D_B=0.158 D_A(real)=0.76 D_A(fake)=0.24 gnG=30.81 gnD=10.52 it_per_s=10.17
2026-10-02 14:23:52,348 INFO iter=125700 epoch=18 lr=2.00e-04 G=4.321 advA2B=0.551 advB2A=0.626 cycA=0.097 cycB=0.118 idtA=0.088 idtB=0.111 D_A=0.132 D_B=0.158 D_A(real)=0.76 D_A(fake)=0.24 gnG=30.85 gnD=10.52 it_per_s=10.17
2026-10-02 14:24:02,151 INFO iter=125800 epoch=18 lr=2.00e-04 G=4.325 advA2B=0.554 advB2A=0.626 cycA=0.097 cycB=0.118 idtA=0.088 idtB=0.112 D_A=0.132 D_B=0.157 D_A(real)=0.76 D_A(fake)=0.24 gnG=30.90 gnD=10.51 it_per_s=10.17
2026-10-02 14:24:11,946 INFO iter=125900 epoch=18 lr=2.00e-04 G=4.327 advA2B=0.555 advB2A=0.626 cycA=0.097 cycB=0.118 idtA=0.088 idtB=0.112 D_A=0.132 D_B=0.157 D_A(real)=0.76 D_A(fake)=0.24 gnG=30.88 gnD=10.50 it_per_s=10.17
2026-10-02 14:24:21,723 INFO iter=126000 epoch=18 lr=2.00e-04 G=4.329 advA2B=0.556 advB2A=0.628 cycA=0.097 cycB=0.118 idtA=0.088 idtB=0.112 D_A=0.132 D_B=0.157 D_A(real)=0.76 D_A(fake)=0.24 gnG=30.87 gnD=10.49 it_per_s=10.17
2026-10-02 14:24:31,561 INFO iter=126100 epoch=18 lr=2.00e-04 G=4.330 advA2B=0.556 advB2A=0.628 cycA=0.097 cycB=0.118 idtA=0.087 idtB=0.112 D_A=0.132 D_B=0.156 D_A(real)=0.76 D_A(fake)=0.24 gnG=30.89 gnD=10.47 it_per_s=10.17
2026-10-02 14:24:41,380 INFO iter=126200 epoch=18 lr=2.00e-04 G=4.331 advA2B=0.557 advB2A=0.627 cycA=0.097 cycB=0.118 idtA=0.087 idtB=0.112 D_A=0.132 D_B=0.156 D_A(real)=0.76 D_A(fake)=0.24 gnG=30.88 gnD=10.46 it_per_s=10.17
2026-10-02 14:24:51,162 INFO iter=126300 epoch=18 lr=2.00e-04 G=4.333 advA2B=0.559 advB2A=0.627 cycA=0.097 cycB=0.118 idtA=0.087 idtB=0.112 D_A=0.132 D_B=0.156 D_A(real)=0.76 D_A(fake)=0.24 gnG=30.95 gnD=10.46 it_per_s=10.17
2026-10-02 14:25:00,994 INFO iter=126400 epoch=18 lr=2.00e-04 G=4.338 advA2B=0.561 advB2A=0.626 cycA=0.097 cycB=0.118 idtA=0.087 idtB=0.112 D_A=0.132 D_B=0.155 D_A(real)=0.76 D_A(fake)=0.24 gnG=31.00 gnD=10.44 it_per_s=10.17
2026-10-02 14:25:10,799 INFO iter=126500 epoch=18 lr=2.00e-04 G=4.340 advA2B=0.563 advB2A=0.626 cycA=0.097 cycB=0.118 idtA=0.088 idtB=0.112 D_A=0.132 D_B=0.155 D_A(real)=0.76 D_A(fake)=0.24 gnG=31.05 gnD=10.44 it_per_s=10.17
2026-10-02 14:25:20,628 INFO iter=126600 epoch=18 lr=2.00e-04 G=4.343 advA2B=0.564 advB2A=0.627 cycA=0.097 cycB=0.118 idtA=0.088 idtB=0.112 D_A=0.132 D_B=0.154 D_A(real)=0.76 D_A(fake)=0.24 gnG=31.01 gnD=10.43 it_per_s=10.17
2026-10-02 14:25:28,838 INFO epoch=18 done time_s=692 it_per_s=10.17 G=4.341 cycA=0.097 cycB=0.118 idtA=0.088 idtB=0.112 D_A=0.132 D_B=0.154 D_A(real)=0.76 D_A(fake)=0.24 nan_count=0
2026-10-02 14:25:30,969 INFO iter=126700 epoch=19 lr=2.00e-04 G=4.138 advA2B=0.521 advB2A=0.544 cycA=0.090 cycB=0.117 idtA=0.079 idtB=0.123 D_A=0.112 D_B=0.126 D_A(real)=0.82 D_A(fake)=0.19 gnG=28.89 gnD=9.18 it_per_s=10.03
2026-10-02 14:25:40,750 INFO iter=126800 epoch=19 lr=2.00e-04 G=4.342 advA2B=0.630 advB2A=0.636 cycA=0.096 cycB=0.114 idtA=0.086 idtB=0.110 D_A=0.128 D_B=0.125 D_A(real)=0.77 D_A(fake)=0.23 gnG=30.06 gnD=9.69 it_per_s=10.20
2026-10-02 14:25:50,628 INFO iter=126900 epoch=19 lr=2.00e-04 G=4.364 advA2B=0.629 advB2A=0.651 cycA=0.095 cycB=0.116 idtA=0.086 idtB=0.110 D_A=0.129 D_B=0.132 D_A(real)=0.77 D_A(fake)=0.23 gnG=30.50 gnD=9.84 it_per_s=10.16
2026-10-02 14:26:00,481 INFO iter=127000 epoch=19 lr=2.00e-04 G=4.405 advA2B=0.634 advB2A=0.668 cycA=0.095 cycB=0.117 idtA=0.086 idtB=0.112 D_A=0.132 D_B=0.139 D_A(real)=0.77 D_A(fake)=0.23 gnG=29.70 gnD=10.20 it_per_s=10.16
2026-10-02 14:26:10,295 INFO iter=127100 epoch=19 lr=2.00e-04 G=4.376 advA2B=0.634 advB2A=0.653 cycA=0.095 cycB=0.116 idtA=0.085 idtB=0.111 D_A=0.129 D_B=0.131 D_A(real)=0.77 D_A(fake)=0.23 gnG=29.50 gnD=9.87 it_per_s=10.17
2026-10-02 14:26:20,131 INFO iter=127200 epoch=19 lr=2.00e-04 G=4.355 advA2B=0.632 advB2A=0.638 cycA=0.095 cycB=0.115 idtA=0.085 idtB=0.111 D_A=0.128 D_B=0.132 D_A(real)=0.77 D_A(fake)=0.23 gnG=29.42 gnD=9.88 it_per_s=10.17
2026-10-02 14:26:29,979 INFO iter=127300 epoch=19 lr=2.00e-04 G=4.375 advA2B=0.635 advB2A=0.631 cycA=0.096 cycB=0.117 idtA=0.085 idtB=0.112 D_A=0.134 D_B=0.132 D_A(real)=0.76 D_A(fake)=0.24 gnG=30.35 gnD=10.06 it_per_s=10.16
2026-10-02 14:26:39,777 INFO iter=127400 epoch=19 lr=2.00e-04 G=4.353 advA2B=0.623 advB2A=0.620 cycA=0.096 cycB=0.116 idtA=0.085 idtB=0.112 D_A=0.134 D_B=0.134 D_A(real)=0.76 D_A(fake)=0.24 gnG=29.95 gnD=10.09 it_per_s=10.17
2026-10-02 14:26:49,641 INFO iter=127500 epoch=19 lr=2.00e-04 G=4.337 advA2B=0.611 advB2A=0.617 cycA=0.096 cycB=0.116 idtA=0.085 idtB=0.112 D_A=0.134 D_B=0.135 D_A(real)=0.76 D_A(fake)=0.24 gnG=29.94 gnD=10.07 it_per_s=10.17
2026-10-02 14:26:59,476 INFO iter=127600 epoch=19 lr=2.00e-04 G=4.326 advA2B=0.600 advB2A=0.617 cycA=0.096 cycB=0.116 idtA=0.086 idtB=0.111 D_A=0.134 D_B=0.137 D_A(real)=0.76 D_A(fake)=0.25 gnG=30.29 gnD=10.13 it_per_s=10.17
2026-10-02 14:27:09,302 INFO iter=127700 epoch=19 lr=2.00e-04 G=4.324 advA2B=0.594 advB2A=0.618 cycA=0.096 cycB=0.116 idtA=0.086 idtB=0.112 D_A=0.132 D_B=0.139 D_A(real)=0.76 D_A(fake)=0.24 gnG=30.14 gnD=10.13 it_per_s=10.17
2026-10-02 14:27:19,157 INFO iter=127800 epoch=19 lr=2.00e-04 G=4.307 advA2B=0.587 advB2A=0.620 cycA=0.096 cycB=0.116 idtA=0.086 idtB=0.111 D_A=0.131 D_B=0.140 D_A(real)=0.76 D_A(fake)=0.24 gnG=29.96 gnD=10.07 it_per_s=10.17
2026-10-02 14:27:29,093 INFO iter=127900 epoch=19 lr=2.00e-04 G=4.294 advA2B=0.586 advB2A=0.621 cycA=0.096 cycB=0.115 idtA=0.085 idtB=0.111 D_A=0.130 D_B=0.141 D_A(real)=0.76 D_A(fake)=0.24 gnG=29.96 gnD=10.09 it_per_s=10.16
2026-10-02 14:27:39,009 INFO iter=128000 epoch=19 lr=2.00e-04 G=4.284 advA2B=0.581 advB2A=0.620 cycA=0.096 cycB=0.115 idtA=0.085 idtB=0.110 D_A=0.131 D_B=0.143 D_A(real)=0.76 D_A(fake)=0.24 gnG=29.97 gnD=10.16 it_per_s=10.15
2026-10-02 14:27:48,836 INFO iter=128100 epoch=19 lr=2.00e-04 G=4.282 advA2B=0.574 advB2A=0.622 cycA=0.096 cycB=0.115 idtA=0.085 idtB=0.110 D_A=0.132 D_B=0.146 D_A(real)=0.76 D_A(fake)=0.24 gnG=30.11 gnD=10.20 it_per_s=10.15
2026-10-02 14:27:58,660 INFO iter=128200 epoch=19 lr=2.00e-04 G=4.276 advA2B=0.571 advB2A=0.628 cycA=0.096 cycB=0.115 idtA=0.085 idtB=0.110 D_A=0.132 D_B=0.147 D_A(real)=0.76 D_A(fake)=0.24 gnG=30.15 gnD=10.21 it_per_s=10.15
2026-10-02 14:28:08,515 INFO iter=128300 epoch=19 lr=2.00e-04 G=4.274 advA2B=0.567 advB2A=0.629 cycA=0.096 cycB=0.115 idtA=0.085 idtB=0.109 D_A=0.131 D_B=0.149 D_A(real)=0.76 D_A(fake)=0.24 gnG=29.96 gnD=10.22 it_per_s=10.15
2026-10-02 14:28:18,286 INFO iter=128400 epoch=19 lr=2.00e-04 G=4.276 advA2B=0.564 advB2A=0.631 cycA=0.096 cycB=0.115 idtA=0.086 idtB=0.109 D_A=0.131 D_B=0.149 D_A(real)=0.76 D_A(fake)=0.24 gnG=29.88 gnD=10.22 it_per_s=10.16
2026-10-02 14:28:28,100 INFO iter=128500 epoch=19 lr=2.00e-04 G=4.270 advA2B=0.562 advB2A=0.630 cycA=0.096 cycB=0.115 idtA=0.086 idtB=0.109 D_A=0.130 D_B=0.149 D_A(real)=0.76 D_A(fake)=0.24 gnG=30.02 gnD=10.19 it_per_s=10.16
2026-10-02 14:28:37,915 INFO iter=128600 epoch=19 lr=2.00e-04 G=4.260 advA2B=0.561 advB2A=0.629 cycA=0.096 cycB=0.114 idtA=0.086 idtB=0.109 D_A=0.130 D_B=0.150 D_A(real)=0.76 D_A(fake)=0.24 gnG=30.05 gnD=10.21 it_per_s=10.16
2026-10-02 14:28:47,769 INFO iter=128700 epoch=19 lr=2.00e-04 G=4.267 advA2B=0.558 advB2A=0.631 cycA=0.096 cycB=0.115 idtA=0.086 idtB=0.109 D_A=0.130 D_B=0.150 D_A(real)=0.76 D_A(fake)=0.24 gnG=30.00 gnD=10.22 it_per_s=10.16
2026-10-02 14:28:57,570 INFO iter=128800 epoch=19 lr=2.00e-04 G=4.262 advA2B=0.556 advB2A=0.631 cycA=0.095 cycB=0.115 idtA=0.086 idtB=0.109 D_A=0.130 D_B=0.152 D_A(real)=0.76 D_A(fake)=0.24 gnG=29.90 gnD=10.26 it_per_s=10.16
2026-10-02 14:29:07,433 INFO iter=128900 epoch=19 lr=2.00e-04 G=4.261 advA2B=0.556 advB2A=0.633 cycA=0.095 cycB=0.115 idtA=0.086 idtB=0.109 D_A=0.130 D_B=0.152 D_A(real)=0.76 D_A(fake)=0.24 gnG=30.00 gnD=10.30 it_per_s=10.16
2026-10-02 14:29:17,237 INFO iter=129000 epoch=19 lr=2.00e-04 G=4.257 advA2B=0.553 advB2A=0.632 cycA=0.095 cycB=0.115 idtA=0.086 idtB=0.109 D_A=0.130 D_B=0.153 D_A(real)=0.76 D_A(fake)=0.24 gnG=30.15 gnD=10.33 it_per_s=10.16
2026-10-02 14:29:27,077 INFO iter=129100 epoch=19 lr=2.00e-04 G=4.262 advA2B=0.552 advB2A=0.632 cycA=0.095 cycB=0.115 idtA=0.086 idtB=0.109 D_A=0.130 D_B=0.153 D_A(real)=0.76 D_A(fake)=0.24 gnG=30.20 gnD=10.33 it_per_s=10.16
2026-10-02 14:29:37,066 INFO iter=129200 epoch=19 lr=2.00e-04 G=4.260 advA2B=0.549 advB2A=0.635 cycA=0.095 cycB=0.115 idtA=0.086 idtB=0.109 D_A=0.131 D_B=0.153 D_A(real)=0.76 D_A(fake)=0.24 gnG=30.24 gnD=10.32 it_per_s=10.16
2026-10-02 14:29:46,893 INFO iter=129300 epoch=19 lr=2.00e-04 G=4.262 advA2B=0.547 advB2A=0.635 cycA=0.095 cycB=0.115 idtA=0.086 idtB=0.109 D_A=0.130 D_B=0.155 D_A(real)=0.76 D_A(fake)=0.24 gnG=30.30 gnD=10.33 it_per_s=10.16
2026-10-02 14:29:56,751 INFO iter=129400 epoch=19 lr=2.00e-04 G=4.252 advA2B=0.546 advB2A=0.634 cycA=0.095 cycB=0.115 idtA=0.086 idtB=0.109 D_A=0.130 D_B=0.155 D_A(real)=0.76 D_A(fake)=0.24 gnG=30.33 gnD=10.35 it_per_s=10.16
2026-10-02 14:30:06,658 INFO iter=129500 epoch=19 lr=2.00e-04 G=4.248 advA2B=0.544 advB2A=0.635 cycA=0.095 cycB=0.115 idtA=0.086 idtB=0.108 D_A=0.131 D_B=0.156 D_A(real)=0.76 D_A(fake)=0.24 gnG=30.25 gnD=10.36 it_per_s=10.16
2026-10-02 14:30:16,475 INFO iter=129600 epoch=19 lr=2.00e-04 G=4.248 advA2B=0.541 advB2A=0.636 cycA=0.095 cycB=0.115 idtA=0.086 idtB=0.108 D_A=0.131 D_B=0.156 D_A(real)=0.76 D_A(fake)=0.24 gnG=30.26 gnD=10.39 it_per_s=10.16
2026-10-02 14:30:26,311 INFO iter=129700 epoch=19 lr=2.00e-04 G=4.242 advA2B=0.539 advB2A=0.634 cycA=0.095 cycB=0.115 idtA=0.086 idtB=0.108 D_A=0.131 D_B=0.156 D_A(real)=0.76 D_A(fake)=0.24 gnG=30.24 gnD=10.39 it_per_s=10.16
2026-10-02 14:30:36,131 INFO iter=129800 epoch=19 lr=2.00e-04 G=4.241 advA2B=0.539 advB2A=0.632 cycA=0.095 cycB=0.115 idtA=0.086 idtB=0.108 D_A=0.130 D_B=0.157 D_A(real)=0.76 D_A(fake)=0.24 gnG=30.22 gnD=10.38 it_per_s=10.16
2026-10-02 14:30:46,043 INFO iter=129900 epoch=19 lr=2.00e-04 G=4.238 advA2B=0.538 advB2A=0.631 cycA=0.095 cycB=0.115 idtA=0.086 idtB=0.108 D_A=0.131 D_B=0.157 D_A(real)=0.76 D_A(fake)=0.24 gnG=30.16 gnD=10.39 it_per_s=10.16
2026-10-02 14:30:55,869 INFO iter=130000 epoch=19 lr=2.00e-04 G=4.237 advA2B=0.537 advB2A=0.629 cycA=0.095 cycB=0.115 idtA=0.086 idtB=0.108 D_A=0.131 D_B=0.158 D_A(real)=0.76 D_A(fake)=0.24 gnG=30.11 gnD=10.40 it_per_s=10.16
2026-10-02 14:31:05,836 INFO iter=130100 epoch=19 lr=2.00e-04 G=4.235 advA2B=0.538 advB2A=0.629 cycA=0.095 cycB=0.115 idtA=0.086 idtB=0.108 D_A=0.131 D_B=0.158 D_A(real)=0.76 D_A(fake)=0.24 gnG=30.11 gnD=10.40 it_per_s=10.15
2026-10-02 14:31:15,669 INFO iter=130200 epoch=19 lr=2.00e-04 G=4.233 advA2B=0.537 advB2A=0.629 cycA=0.095 cycB=0.115 idtA=0.086 idtB=0.108 D_A=0.132 D_B=0.158 D_A(real)=0.76 D_A(fake)=0.24 gnG=30.14 gnD=10.40 it_per_s=10.15
2026-10-02 14:31:25,546 INFO iter=130300 epoch=19 lr=2.00e-04 G=4.235 advA2B=0.537 advB2A=0.631 cycA=0.095 cycB=0.115 idtA=0.085 idtB=0.108 D_A=0.132 D_B=0.157 D_A(real)=0.76 D_A(fake)=0.24 gnG=30.19 gnD=10.42 it_per_s=10.15
2026-10-02 14:31:35,366 INFO iter=130400 epoch=19 lr=2.00e-04 G=4.237 advA2B=0.538 advB2A=0.631 cycA=0.095 cycB=0.115 idtA=0.085 idtB=0.109 D_A=0.131 D_B=0.157 D_A(real)=0.76 D_A(fake)=0.24 gnG=30.23 gnD=10.42 it_per_s=10.15
2026-10-02 14:31:45,184 INFO iter=130500 epoch=19 lr=2.00e-04 G=4.237 advA2B=0.539 advB2A=0.631 cycA=0.095 cycB=0.115 idtA=0.085 idtB=0.108 D_A=0.132 D_B=0.158 D_A(real)=0.76 D_A(fake)=0.24 gnG=30.21 gnD=10.44 it_per_s=10.15
2026-10-02 14:31:55,088 INFO iter=130600 epoch=19 lr=2.00e-04 G=4.237 advA2B=0.537 advB2A=0.631 cycA=0.095 cycB=0.115 idtA=0.085 idtB=0.108 D_A=0.132 D_B=0.158 D_A(real)=0.76 D_A(fake)=0.24 gnG=30.13 gnD=10.44 it_per_s=10.15
2026-10-02 14:32:04,903 INFO iter=130700 epoch=19 lr=2.00e-04 G=4.236 advA2B=0.537 advB2A=0.631 cycA=0.095 cycB=0.115 idtA=0.085 idtB=0.109 D_A=0.131 D_B=0.157 D_A(real)=0.76 D_A(fake)=0.24 gnG=30.09 gnD=10.42 it_per_s=10.15
2026-10-02 14:32:14,735 INFO iter=130800 epoch=19 lr=2.00e-04 G=4.237 advA2B=0.537 advB2A=0.631 cycA=0.095 cycB=0.115 idtA=0.085 idtB=0.109 D_A=0.131 D_B=0.158 D_A(real)=0.76 D_A(fake)=0.24 gnG=30.13 gnD=10.41 it_per_s=10.15
2026-10-02 14:32:24,565 INFO iter=130900 epoch=19 lr=2.00e-04 G=4.234 advA2B=0.537 advB2A=0.631 cycA=0.095 cycB=0.115 idtA=0.085 idtB=0.108 D_A=0.131 D_B=0.158 D_A(real)=0.76 D_A(fake)=0.24 gnG=30.10 gnD=10.43 it_per_s=10.15
2026-10-02 14:32:34,412 INFO iter=131000 epoch=19 lr=2.00e-04 G=4.231 advA2B=0.536 advB2A=0.629 cycA=0.094 cycB=0.115 idtA=0.085 idtB=0.108 D_A=0.131 D_B=0.158 D_A(real)=0.76 D_A(fake)=0.24 gnG=30.12 gnD=10.43 it_per_s=10.15
2026-10-02 14:32:44,336 INFO iter=131100 epoch=19 lr=2.00e-04 G=4.229 advA2B=0.536 advB2A=0.628 cycA=0.094 cycB=0.115 idtA=0.085 idtB=0.108 D_A=0.131 D_B=0.158 D_A(real)=0.76 D_A(fake)=0.24 gnG=30.04 gnD=10.44 it_per_s=10.15
2026-10-02 14:32:54,242 INFO iter=131200 epoch=19 lr=2.00e-04 G=4.228 advA2B=0.536 advB2A=0.628 cycA=0.094 cycB=0.115 idtA=0.085 idtB=0.108 D_A=0.131 D_B=0.158 D_A(real)=0.76 D_A(fake)=0.24 gnG=30.02 gnD=10.43 it_per_s=10.15
2026-10-02 14:33:04,057 INFO iter=131300 epoch=19 lr=2.00e-04 G=4.230 advA2B=0.536 advB2A=0.629 cycA=0.094 cycB=0.115 idtA=0.085 idtB=0.108 D_A=0.131 D_B=0.159 D_A(real)=0.76 D_A(fake)=0.24 gnG=29.99 gnD=10.42 it_per_s=10.15
2026-10-02 14:33:13,849 INFO iter=131400 epoch=19 lr=2.00e-04 G=4.230 advA2B=0.536 advB2A=0.628 cycA=0.094 cycB=0.115 idtA=0.085 idtB=0.108 D_A=0.131 D_B=0.158 D_A(real)=0.76 D_A(fake)=0.24 gnG=29.91 gnD=10.43 it_per_s=10.15
2026-10-02 14:33:23,704 INFO iter=131500 epoch=19 lr=2.00e-04 G=4.231 advA2B=0.537 advB2A=0.629 cycA=0.094 cycB=0.115 idtA=0.085 idtB=0.108 D_A=0.131 D_B=0.158 D_A(real)=0.76 D_A(fake)=0.24 gnG=29.91 gnD=10.43 it_per_s=10.15
2026-10-02 14:33:33,574 INFO iter=131600 epoch=19 lr=2.00e-04 G=4.237 advA2B=0.536 advB2A=0.629 cycA=0.094 cycB=0.116 idtA=0.085 idtB=0.108 D_A=0.131 D_B=0.159 D_A(real)=0.76 D_A(fake)=0.24 gnG=29.94 gnD=10.43 it_per_s=10.15
2026-10-02 14:33:43,499 INFO iter=131700 epoch=19 lr=2.00e-04 G=4.241 advA2B=0.537 advB2A=0.630 cycA=0.095 cycB=0.116 idtA=0.085 idtB=0.109 D_A=0.130 D_B=0.158 D_A(real)=0.76 D_A(fake)=0.24 gnG=29.93 gnD=10.42 it_per_s=10.15
2026-10-02 14:33:53,422 INFO iter=131800 epoch=19 lr=2.00e-04 G=4.238 advA2B=0.536 advB2A=0.630 cycA=0.095 cycB=0.116 idtA=0.085 idtB=0.108 D_A=0.130 D_B=0.158 D_A(real)=0.76 D_A(fake)=0.24 gnG=29.93 gnD=10.43 it_per_s=10.15
2026-10-02 14:34:03,310 INFO iter=131900 epoch=19 lr=2.00e-04 G=4.236 advA2B=0.536 advB2A=0.630 cycA=0.094 cycB=0.116 idtA=0.085 idtB=0.109 D_A=0.130 D_B=0.159 D_A(real)=0.76 D_A(fake)=0.24 gnG=29.95 gnD=10.42 it_per_s=10.15
2026-10-02 14:34:13,201 INFO iter=132000 epoch=19 lr=2.00e-04 G=4.234 advA2B=0.535 advB2A=0.630 cycA=0.094 cycB=0.116 idtA=0.085 idtB=0.108 D_A=0.130 D_B=0.159 D_A(real)=0.76 D_A(fake)=0.24 gnG=29.90 gnD=10.42 it_per_s=10.15
2026-10-02 14:34:23,024 INFO iter=132100 epoch=19 lr=2.00e-04 G=4.231 advA2B=0.534 advB2A=0.629 cycA=0.094 cycB=0.116 idtA=0.085 idtB=0.108 D_A=0.130 D_B=0.159 D_A(real)=0.76 D_A(fake)=0.24 gnG=29.87 gnD=10.44 it_per_s=10.15
2026-10-02 14:34:32,861 INFO iter=132200 epoch=19 lr=2.00e-04 G=4.230 advA2B=0.534 advB2A=0.629 cycA=0.094 cycB=0.116 idtA=0.085 idtB=0.108 D_A=0.130 D_B=0.159 D_A(real)=0.76 D_A(fake)=0.24 gnG=29.84 gnD=10.43 it_per_s=10.15
2026-10-02 14:34:42,691 INFO iter=132300 epoch=19 lr=2.00e-04 G=4.230 advA2B=0.534 advB2A=0.628 cycA=0.094 cycB=0.116 idtA=0.085 idtB=0.108 D_A=0.130 D_B=0.159 D_A(real)=0.76 D_A(fake)=0.24 gnG=29.85 gnD=10.44 it_per_s=10.15
2026-10-02 14:34:52,557 INFO iter=132400 epoch=19 lr=2.00e-04 G=4.227 advA2B=0.534 advB2A=0.629 cycA=0.094 cycB=0.115 idtA=0.085 idtB=0.108 D_A=0.130 D_B=0.160 D_A(real)=0.76 D_A(fake)=0.24 gnG=29.79 gnD=10.44 it_per_s=10.15
2026-10-02 14:35:02,531 INFO iter=132500 epoch=19 lr=2.00e-04 G=4.228 advA2B=0.534 advB2A=0.629 cycA=0.094 cycB=0.115 idtA=0.085 idtB=0.108 D_A=0.130 D_B=0.159 D_A(real)=0.77 D_A(fake)=0.24 gnG=29.82 gnD=10.43 it_per_s=10.15
2026-10-02 14:35:12,384 INFO iter=132600 epoch=19 lr=2.00e-04 G=4.230 advA2B=0.534 advB2A=0.629 cycA=0.094 cycB=0.115 idtA=0.085 idtB=0.108 D_A=0.130 D_B=0.159 D_A(real)=0.77 D_A(fake)=0.24 gnG=29.84 gnD=10.44 it_per_s=10.15
2026-10-02 14:35:22,259 INFO iter=132700 epoch=19 lr=2.00e-04 G=4.229 advA2B=0.535 advB2A=0.630 cycA=0.094 cycB=0.115 idtA=0.085 idtB=0.108 D_A=0.130 D_B=0.159 D_A(real)=0.77 D_A(fake)=0.24 gnG=29.80 gnD=10.44 it_per_s=10.15
2026-10-02 14:35:32,097 INFO iter=132800 epoch=19 lr=2.00e-04 G=4.231 advA2B=0.535 advB2A=0.629 cycA=0.094 cycB=0.115 idtA=0.085 idtB=0.108 D_A=0.130 D_B=0.159 D_A(real)=0.77 D_A(fake)=0.24 gnG=29.82 gnD=10.45 it_per_s=10.15
2026-10-02 14:35:41,952 INFO iter=132900 epoch=19 lr=2.00e-04 G=4.228 advA2B=0.535 advB2A=0.628 cycA=0.094 cycB=0.115 idtA=0.085 idtB=0.108 D_A=0.130 D_B=0.159 D_A(real)=0.77 D_A(fake)=0.24 gnG=29.80 gnD=10.46 it_per_s=10.15
2026-10-02 14:35:51,774 INFO iter=133000 epoch=19 lr=2.00e-04 G=4.225 advA2B=0.534 advB2A=0.628 cycA=0.094 cycB=0.115 idtA=0.085 idtB=0.108 D_A=0.130 D_B=0.159 D_A(real)=0.77 D_A(fake)=0.24 gnG=29.80 gnD=10.46 it_per_s=10.15
2026-10-02 14:36:01,608 INFO iter=133100 epoch=19 lr=2.00e-04 G=4.223 advA2B=0.533 advB2A=0.629 cycA=0.094 cycB=0.115 idtA=0.085 idtB=0.108 D_A=0.130 D_B=0.159 D_A(real)=0.77 D_A(fake)=0.24 gnG=29.77 gnD=10.45 it_per_s=10.15
2026-10-02 14:36:11,477 INFO iter=133200 epoch=19 lr=2.00e-04 G=4.224 advA2B=0.534 advB2A=0.629 cycA=0.094 cycB=0.115 idtA=0.085 idtB=0.108 D_A=0.130 D_B=0.159 D_A(real)=0.77 D_A(fake)=0.24 gnG=29.79 gnD=10.46 it_per_s=10.15
2026-10-02 14:36:21,309 INFO iter=133300 epoch=19 lr=2.00e-04 G=4.227 advA2B=0.534 advB2A=0.629 cycA=0.094 cycB=0.115 idtA=0.085 idtB=0.108 D_A=0.130 D_B=0.159 D_A(real)=0.77 D_A(fake)=0.23 gnG=29.79 gnD=10.46 it_per_s=10.15
2026-10-02 14:36:31,136 INFO iter=133400 epoch=19 lr=2.00e-04 G=4.229 advA2B=0.534 advB2A=0.629 cycA=0.094 cycB=0.115 idtA=0.085 idtB=0.108 D_A=0.130 D_B=0.159 D_A(real)=0.77 D_A(fake)=0.23 gnG=29.80 gnD=10.46 it_per_s=10.15
2026-10-02 14:36:40,931 INFO iter=133500 epoch=19 lr=2.00e-04 G=4.229 advA2B=0.534 advB2A=0.630 cycA=0.094 cycB=0.115 idtA=0.085 idtB=0.108 D_A=0.130 D_B=0.159 D_A(real)=0.77 D_A(fake)=0.23 gnG=29.79 gnD=10.46 it_per_s=10.15
2026-10-02 14:36:50,760 INFO iter=133600 epoch=19 lr=2.00e-04 G=4.228 advA2B=0.534 advB2A=0.630 cycA=0.094 cycB=0.115 idtA=0.085 idtB=0.108 D_A=0.130 D_B=0.159 D_A(real)=0.77 D_A(fake)=0.23 gnG=29.81 gnD=10.46 it_per_s=10.15
2026-10-02 14:37:00,677 INFO iter=133700 epoch=19 lr=2.00e-04 G=4.228 advA2B=0.534 advB2A=0.629 cycA=0.094 cycB=0.115 idtA=0.085 idtB=0.108 D_A=0.130 D_B=0.159 D_A(real)=0.77 D_A(fake)=0.23 gnG=29.78 gnD=10.46 it_per_s=10.15
2026-10-02 14:37:02,835 INFO epoch=19 done time_s=693 it_per_s=10.15 G=4.228 cycA=0.094 cycB=0.115 idtA=0.085 idtB=0.108 D_A=0.130 D_B=0.159 D_A(real)=0.77 D_A(fake)=0.23 nan_count=0
2026-10-02 14:37:11,137 INFO iter=133800 epoch=20 lr=2.00e-04 G=4.315 advA2B=0.556 advB2A=0.599 cycA=0.094 cycB=0.123 idtA=0.083 idtB=0.115 D_A=0.123 D_B=0.139 D_A(real)=0.78 D_A(fake)=0.23 gnG=28.05 gnD=10.57 it_per_s=10.05
2026-10-02 14:37:21,031 INFO iter=133900 epoch=20 lr=2.00e-04 G=4.174 advA2B=0.526 advB2A=0.610 cycA=0.093 cycB=0.115 idtA=0.083 idtB=0.107 D_A=0.125 D_B=0.147 D_A(real)=0.77 D_A(fake)=0.24 gnG=29.20 gnD=10.48 it_per_s=10.08
2026-10-02 14:37:30,945 INFO iter=134000 epoch=20 lr=2.00e-04 G=4.184 advA2B=0.540 advB2A=0.603 cycA=0.094 cycB=0.114 idtA=0.083 idtB=0.107 D_A=0.126 D_B=0.154 D_A(real)=0.76 D_A(fake)=0.24 gnG=29.51 gnD=10.66 it_per_s=10.08
2026-10-02 14:37:40,865 INFO iter=134100 epoch=20 lr=2.00e-04 G=4.181 advA2B=0.533 advB2A=0.599 cycA=0.093 cycB=0.116 idtA=0.083 idtB=0.109 D_A=0.128 D_B=0.161 D_A(real)=0.77 D_A(fake)=0.23 gnG=29.47 gnD=10.82 it_per_s=10.08
2026-10-02 14:37:50,761 INFO iter=134200 epoch=20 lr=2.00e-04 G=4.173 advA2B=0.526 advB2A=0.608 cycA=0.093 cycB=0.116 idtA=0.082 idtB=0.108 D_A=0.125 D_B=0.161 D_A(real)=0.77 D_A(fake)=0.23 gnG=29.23 gnD=10.53 it_per_s=10.09
2026-10-02 14:38:00,656 INFO iter=134300 epoch=20 lr=2.00e-04 G=4.182 advA2B=0.526 advB2A=0.622 cycA=0.093 cycB=0.116 idtA=0.082 idtB=0.108 D_A=0.129 D_B=0.160 D_A(real)=0.77 D_A(fake)=0.23 gnG=29.15 gnD=10.60 it_per_s=10.09
2026-10-02 14:38:10,499 INFO iter=134400 epoch=20 lr=2.00e-04 G=4.180 advA2B=0.524 advB2A=0.622 cycA=0.093 cycB=0.115 idtA=0.083 idtB=0.108 D_A=0.129 D_B=0.160 D_A(real)=0.77 D_A(fake)=0.23 gnG=29.18 gnD=10.57 it_per_s=10.10
2026-10-02 14:38:20,318 INFO iter=134500 epoch=20 lr=2.00e-04 G=4.186 advA2B=0.523 advB2A=0.629 cycA=0.094 cycB=0.114 idtA=0.083 idtB=0.107 D_A=0.129 D_B=0.159 D_A(real)=0.77 D_A(fake)=0.23 gnG=29.36 gnD=10.55 it_per_s=10.11
2026-10-02 14:38:30,137 INFO iter=134600 epoch=20 lr=2.00e-04 G=4.202 advA2B=0.528 advB2A=0.634 cycA=0.095 cycB=0.114 idtA=0.084 idtB=0.107 D_A=0.128 D_B=0.157 D_A(real)=0.77 D_A(fake)=0.23 gnG=29.37 gnD=10.55 it_per_s=10.12
2026-10-02 14:38:39,963 INFO iter=134700 epoch=20 lr=2.00e-04 G=4.201 advA2B=0.531 advB2A=0.634 cycA=0.094 cycB=0.114 idtA=0.084 idtB=0.107 D_A=0.130 D_B=0.159 D_A(real)=0.77 D_A(fake)=0.23 gnG=29.36 gnD=10.57 it_per_s=10.13
2026-10-02 14:38:49,798 INFO iter=134800 epoch=20 lr=2.00e-04 G=4.215 advA2B=0.535 advB2A=0.635 cycA=0.095 cycB=0.115 idtA=0.084 idtB=0.107 D_A=0.129 D_B=0.159 D_A(real)=0.77 D_A(fake)=0.23 gnG=29.49 gnD=10.57 it_per_s=10.13
2026-10-02 14:38:59,618 INFO iter=134900 epoch=20 lr=2.00e-04 G=4.218 advA2B=0.536 advB2A=0.638 cycA=0.095 cycB=0.115 idtA=0.084 idtB=0.107 D_A=0.129 D_B=0.158 D_A(real)=0.77 D_A(fake)=0.23 gnG=29.55 gnD=10.59 it_per_s=10.13
2026-10-02 14:39:09,449 INFO iter=135000 epoch=20 lr=2.00e-04 G=4.222 advA2B=0.538 advB2A=0.641 cycA=0.095 cycB=0.115 idtA=0.084 idtB=0.107 D_A=0.128 D_B=0.159 D_A(real)=0.77 D_A(fake)=0.23 gnG=29.56 gnD=10.60 it_per_s=10.14
2026-10-02 14:39:19,274 INFO iter=135100 epoch=20 lr=2.00e-04 G=4.231 advA2B=0.538 advB2A=0.643 cycA=0.095 cycB=0.115 idtA=0.084 idtB=0.107 D_A=0.127 D_B=0.159 D_A(real)=0.77 D_A(fake)=0.23 gnG=29.62 gnD=10.57 it_per_s=10.14
2026-10-02 14:39:29,123 INFO iter=135200 epoch=20 lr=2.00e-04 G=4.236 advA2B=0.540 advB2A=0.644 cycA=0.094 cycB=0.115 idtA=0.084 idtB=0.107 D_A=0.127 D_B=0.158 D_A(real)=0.77 D_A(fake)=0.23 gnG=29.77 gnD=10.57 it_per_s=10.14
2026-10-02 14:39:38,994 INFO iter=135300 epoch=20 lr=2.00e-04 G=4.238 advA2B=0.540 advB2A=0.644 cycA=0.094 cycB=0.115 idtA=0.084 idtB=0.107 D_A=0.126 D_B=0.158 D_A(real)=0.78 D_A(fake)=0.23 gnG=29.84 gnD=10.52 it_per_s=10.14
2026-10-02 14:39:48,840 INFO iter=135400 epoch=20 lr=2.00e-04 G=4.238 advA2B=0.542 advB2A=0.643 cycA=0.094 cycB=0.115 idtA=0.084 idtB=0.107 D_A=0.126 D_B=0.158 D_A(real)=0.78 D_A(fake)=0.22 gnG=29.71 gnD=10.54 it_per_s=10.14
2026-10-02 14:39:58,729 INFO iter=135500 epoch=20 lr=2.00e-04 G=4.235 advA2B=0.539 advB2A=0.646 cycA=0.094 cycB=0.115 idtA=0.084 idtB=0.107 D_A=0.125 D_B=0.158 D_A(real)=0.78 D_A(fake)=0.22 gnG=29.71 gnD=10.53 it_per_s=10.14
2026-10-02 14:40:08,561 INFO iter=135600 epoch=20 lr=2.00e-04 G=4.234 advA2B=0.536 advB2A=0.649 cycA=0.094 cycB=0.115 idtA=0.084 idtB=0.107 D_A=0.125 D_B=0.159 D_A(real)=0.78 D_A(fake)=0.22 gnG=29.49 gnD=10.54 it_per_s=10.14
2026-10-02 14:40:18,369 INFO iter=135700 epoch=20 lr=2.00e-04 G=4.228 advA2B=0.532 advB2A=0.651 cycA=0.094 cycB=0.115 idtA=0.083 idtB=0.107 D_A=0.125 D_B=0.160 D_A(real)=0.78 D_A(fake)=0.22 gnG=29.46 gnD=10.54 it_per_s=10.14
2026-10-02 14:40:28,172 INFO iter=135800 epoch=20 lr=2.00e-04 G=4.227 advA2B=0.531 advB2A=0.652 cycA=0.094 cycB=0.115 idtA=0.083 idtB=0.107 D_A=0.125 D_B=0.160 D_A(real)=0.78 D_A(fake)=0.22 gnG=29.59 gnD=10.53 it_per_s=10.15
2026-10-02 14:40:38,084 INFO iter=135900 epoch=20 lr=2.00e-04 G=4.225 advA2B=0.530 advB2A=0.651 cycA=0.094 cycB=0.115 idtA=0.084 idtB=0.107 D_A=0.125 D_B=0.160 D_A(real)=0.78 D_A(fake)=0.22 gnG=29.55 gnD=10.54 it_per_s=10.14
2026-10-02 14:40:47,939 INFO iter=136000 epoch=20 lr=2.00e-04 G=4.226 advA2B=0.533 advB2A=0.651 cycA=0.094 cycB=0.115 idtA=0.083 idtB=0.107 D_A=0.125 D_B=0.160 D_A(real)=0.78 D_A(fake)=0.22 gnG=29.57 gnD=10.56 it_per_s=10.14
2026-10-02 14:40:57,775 INFO iter=136100 epoch=20 lr=2.00e-04 G=4.226 advA2B=0.533 advB2A=0.652 cycA=0.094 cycB=0.115 idtA=0.083 idtB=0.107 D_A=0.125 D_B=0.160 D_A(real)=0.78 D_A(fake)=0.22 gnG=29.56 gnD=10.55 it_per_s=10.14
2026-10-02 14:41:07,698 INFO iter=136200 epoch=20 lr=2.00e-04 G=4.229 advA2B=0.534 advB2A=0.653 cycA=0.094 cycB=0.115 idtA=0.083 idtB=0.107 D_A=0.125 D_B=0.160 D_A(real)=0.78 D_A(fake)=0.22 gnG=29.62 gnD=10.52 it_per_s=10.14
2026-10-02 14:41:17,631 INFO iter=136300 epoch=20 lr=2.00e-04 G=4.230 advA2B=0.532 advB2A=0.653 cycA=0.094 cycB=0.115 idtA=0.084 idtB=0.107 D_A=0.125 D_B=0.159 D_A(real)=0.78 D_A(fake)=0.22 gnG=29.58 gnD=10.56 it_per_s=10.14
2026-10-02 14:41:27,494 INFO iter=136400 epoch=20 lr=2.00e-04 G=4.228 advA2B=0.532 advB2A=0.653 cycA=0.094 cycB=0.115 idtA=0.084 idtB=0.107 D_A=0.125 D_B=0.159 D_A(real)=0.78 D_A(fake)=0.22 gnG=29.58 gnD=10.55 it_per_s=10.14
2026-10-02 14:41:37,335 INFO iter=136500 epoch=20 lr=2.00e-04 G=4.232 advA2B=0.533 advB2A=0.654 cycA=0.094 cycB=0.115 idtA=0.084 idtB=0.107 D_A=0.125 D_B=0.158 D_A(real)=0.78 D_A(fake)=0.22 gnG=29.51 gnD=10.54 it_per_s=10.14
2026-10-02 14:41:47,174 INFO iter=136600 epoch=20 lr=2.00e-04 G=4.241 advA2B=0.536 advB2A=0.656 cycA=0.094 cycB=0.115 idtA=0.084 idtB=0.108 D_A=0.125 D_B=0.158 D_A(real)=0.78 D_A(fake)=0.22 gnG=29.62 gnD=10.55 it_per_s=10.14
2026-10-02 14:41:57,007 INFO iter=136700 epoch=20 lr=2.00e-04 G=4.239 advA2B=0.535 advB2A=0.655 cycA=0.094 cycB=0.115 idtA=0.084 idtB=0.108 D_A=0.125 D_B=0.158 D_A(real)=0.78 D_A(fake)=0.22 gnG=29.65 gnD=10.55 it_per_s=10.14
2026-10-02 14:42:06,854 INFO iter=136800 epoch=20 lr=2.00e-04 G=4.237 advA2B=0.535 advB2A=0.653 cycA=0.094 cycB=0.115 idtA=0.084 idtB=0.108 D_A=0.124 D_B=0.157 D_A(real)=0.78 D_A(fake)=0.22 gnG=29.61 gnD=10.52 it_per_s=10.14
2026-10-02 14:42:16,739 INFO iter=136900 epoch=20 lr=2.00e-04 G=4.239 advA2B=0.536 advB2A=0.655 cycA=0.094 cycB=0.115 idtA=0.084 idtB=0.108 D_A=0.125 D_B=0.157 D_A(real)=0.78 D_A(fake)=0.22 gnG=29.61 gnD=10.53 it_per_s=10.14
2026-10-02 14:42:26,629 INFO iter=137000 epoch=20 lr=2.00e-04 G=4.240 advA2B=0.538 advB2A=0.652 cycA=0.094 cycB=0.115 idtA=0.084 idtB=0.108 D_A=0.124 D_B=0.157 D_A(real)=0.78 D_A(fake)=0.22 gnG=29.60 gnD=10.50 it_per_s=10.14
2026-10-02 14:42:36,481 INFO iter=137100 epoch=20 lr=2.00e-04 G=4.242 advA2B=0.540 advB2A=0.650 cycA=0.094 cycB=0.115 idtA=0.084 idtB=0.108 D_A=0.125 D_B=0.157 D_A(real)=0.78 D_A(fake)=0.22 gnG=29.61 gnD=10.51 it_per_s=10.14
2026-10-02 14:42:46,303 INFO iter=137200 epoch=20 lr=2.00e-04 G=4.243 advA2B=0.540 advB2A=0.651 cycA=0.094 cycB=0.115 idtA=0.084 idtB=0.108 D_A=0.125 D_B=0.157 D_A(real)=0.78 D_A(fake)=0.22 gnG=29.57 gnD=10.54 it_per_s=10.14
2026-10-02 14:42:56,180 INFO iter=137300 epoch=20 lr=2.00e-04 G=4.236 advA2B=0.538 advB2A=0.649 cycA=0.094 cycB=0.115 idtA=0.084 idtB=0.108 D_A=0.125 D_B=0.157 D_A(real)=0.78 D_A(fake)=0.22 gnG=29.53 gnD=10.53 it_per_s=10.14
2026-10-02 14:43:06,104 INFO iter=137400 epoch=20 lr=2.00e-04 G=4.235 advA2B=0.537 advB2A=0.650 cycA=0.094 cycB=0.115 idtA=0.084 idtB=0.108 D_A=0.125 D_B=0.157 D_A(real)=0.78 D_A(fake)=0.22 gnG=29.49 gnD=10.55 it_per_s=10.14
2026-10-02 14:43:15,958 INFO iter=137500 epoch=20 lr=2.00e-04 G=4.233 advA2B=0.536 advB2A=0.651 cycA=0.094 cycB=0.115 idtA=0.084 idtB=0.108 D_A=0.125 D_B=0.157 D_A(real)=0.78 D_A(fake)=0.22 gnG=29.51 gnD=10.55 it_per_s=10.14
2026-10-02 14:43:25,816 INFO iter=137600 epoch=20 lr=2.00e-04 G=4.232 advA2B=0.536 advB2A=0.650 cycA=0.094 cycB=0.115 idtA=0.084 idtB=0.108 D_A=0.125 D_B=0.157 D_A(real)=0.78 D_A(fake)=0.22 gnG=29.68 gnD=10.54 it_per_s=10.14
2026-10-02 14:43:35,639 INFO iter=137700 epoch=20 lr=2.00e-04 G=4.235 advA2B=0.537 advB2A=0.652 cycA=0.094 cycB=0.115 idtA=0.084 idtB=0.108 D_A=0.125 D_B=0.157 D_A(real)=0.78 D_A(fake)=0.22 gnG=29.68 gnD=10.54 it_per_s=10.14
2026-10-02 14:43:45,483 INFO iter=137800 epoch=20 lr=2.00e-04 G=4.234 advA2B=0.537 advB2A=0.652 cycA=0.094 cycB=0.115 idtA=0.084 idtB=0.108 D_A=0.125 D_B=0.156 D_A(real)=0.78 D_A(fake)=0.22 gnG=29.70 gnD=10.52 it_per_s=10.14
2026-10-02 14:43:55,332 INFO iter=137900 epoch=20 lr=2.00e-04 G=4.231 advA2B=0.539 advB2A=0.651 cycA=0.094 cycB=0.115 idtA=0.084 idtB=0.108 D_A=0.125 D_B=0.156 D_A(real)=0.78 D_A(fake)=0.22 gnG=29.70 gnD=10.52 it_per_s=10.14
2026-10-02 14:44:05,203 INFO iter=138000 epoch=20 lr=2.00e-04 G=4.228 advA2B=0.539 advB2A=0.650 cycA=0.094 cycB=0.115 idtA=0.084 idtB=0.107 D_A=0.125 D_B=0.156 D_A(real)=0.78 D_A(fake)=0.22 gnG=29.70 gnD=10.52 it_per_s=10.14
2026-10-02 14:44:15,029 INFO iter=138100 epoch=20 lr=2.00e-04 G=4.229 advA2B=0.539 advB2A=0.650 cycA=0.094 cycB=0.115 idtA=0.084 idtB=0.108 D_A=0.125 D_B=0.156 D_A(real)=0.78 D_A(fake)=0.22 gnG=29.73 gnD=10.53 it_per_s=10.14
2026-10-02 14:44:24,876 INFO iter=138200 epoch=20 lr=2.00e-04 G=4.229 advA2B=0.540 advB2A=0.649 cycA=0.094 cycB=0.115 idtA=0.083 idtB=0.108 D_A=0.125 D_B=0.156 D_A(real)=0.78 D_A(fake)=0.22 gnG=29.71 gnD=10.53 it_per_s=10.14
2026-10-02 14:44:34,679 INFO iter=138300 epoch=20 lr=2.00e-04 G=4.229 advA2B=0.541 advB2A=0.650 cycA=0.094 cycB=0.115 idtA=0.083 idtB=0.107 D_A=0.125 D_B=0.156 D_A(real)=0.78 D_A(fake)=0.22 gnG=29.69 gnD=10.54 it_per_s=10.14
2026-10-02 14:44:44,502 INFO iter=138400 epoch=20 lr=2.00e-04 G=4.226 advA2B=0.541 advB2A=0.649 cycA=0.094 cycB=0.114 idtA=0.083 idtB=0.107 D_A=0.125 D_B=0.156 D_A(real)=0.78 D_A(fake)=0.22 gnG=29.64 gnD=10.54 it_per_s=10.14
2026-10-02 14:44:54,309 INFO iter=138500 epoch=20 lr=2.00e-04 G=4.224 advA2B=0.542 advB2A=0.648 cycA=0.094 cycB=0.114 idtA=0.083 idtB=0.107 D_A=0.125 D_B=0.156 D_A(real)=0.78 D_A(fake)=0.22 gnG=29.66 gnD=10.55 it_per_s=10.15
2026-10-02 14:45:04,097 INFO iter=138600 epoch=20 lr=2.00e-04 G=4.222 advA2B=0.542 advB2A=0.648 cycA=0.094 cycB=0.114 idtA=0.083 idtB=0.107 D_A=0.125 D_B=0.156 D_A(real)=0.78 D_A(fake)=0.22 gnG=29.65 gnD=10.54 it_per_s=10.15
2026-10-02 14:45:13,905 INFO iter=138700 epoch=20 lr=2.00e-04 G=4.228 advA2B=0.542 advB2A=0.648 cycA=0.094 cycB=0.115 idtA=0.083 idtB=0.107 D_A=0.125 D_B=0.156 D_A(real)=0.78 D_A(fake)=0.22 gnG=29.66 gnD=10.55 it_per_s=10.15
2026-10-02 14:45:23,704 INFO iter=138800 epoch=20 lr=2.00e-04 G=4.227 advA2B=0.542 advB2A=0.649 cycA=0.094 cycB=0.115 idtA=0.083 idtB=0.107 D_A=0.125 D_B=0.155 D_A(real)=0.78 D_A(fake)=0.22 gnG=29.67 gnD=10.55 it_per_s=10.15
2026-10-02 14:45:33,469 INFO iter=138900 epoch=20 lr=2.00e-04 G=4.227 advA2B=0.542 advB2A=0.648 cycA=0.094 cycB=0.115 idtA=0.083 idtB=0.108 D_A=0.125 D_B=0.155 D_A(real)=0.78 D_A(fake)=0.22 gnG=29.65 gnD=10.55 it_per_s=10.15
2026-10-02 14:45:43,372 INFO iter=139000 epoch=20 lr=2.00e-04 G=4.227 advA2B=0.543 advB2A=0.648 cycA=0.094 cycB=0.115 idtA=0.083 idtB=0.107 D_A=0.125 D_B=0.155 D_A(real)=0.78 D_A(fake)=0.22 gnG=29.66 gnD=10.55 it_per_s=10.15
2026-10-02 14:45:53,225 INFO iter=139100 epoch=20 lr=2.00e-04 G=4.227 advA2B=0.544 advB2A=0.648 cycA=0.094 cycB=0.114 idtA=0.083 idtB=0.107 D_A=0.125 D_B=0.155 D_A(real)=0.78 D_A(fake)=0.22 gnG=29.66 gnD=10.53 it_per_s=10.15
2026-10-02 14:46:02,996 INFO iter=139200 epoch=20 lr=2.00e-04 G=4.227 advA2B=0.545 advB2A=0.648 cycA=0.094 cycB=0.114 idtA=0.083 idtB=0.107 D_A=0.125 D_B=0.155 D_A(real)=0.78 D_A(fake)=0.22 gnG=29.67 gnD=10.54 it_per_s=10.15
2026-10-02 14:46:12,802 INFO iter=139300 epoch=20 lr=2.00e-04 G=4.226 advA2B=0.544 advB2A=0.647 cycA=0.094 cycB=0.114 idtA=0.083 idtB=0.107 D_A=0.126 D_B=0.155 D_A(real)=0.78 D_A(fake)=0.22 gnG=29.63 gnD=10.55 it_per_s=10.15
2026-10-02 14:46:22,614 INFO iter=139400 epoch=20 lr=2.00e-04 G=4.226 advA2B=0.545 advB2A=0.647 cycA=0.094 cycB=0.114 idtA=0.083 idtB=0.107 D_A=0.126 D_B=0.155 D_A(real)=0.78 D_A(fake)=0.22 gnG=29.59 gnD=10.54 it_per_s=10.15
2026-10-02 14:46:32,405 INFO iter=139500 epoch=20 lr=2.00e-04 G=4.227 advA2B=0.545 advB2A=0.647 cycA=0.094 cycB=0.114 idtA=0.083 idtB=0.107 D_A=0.126 D_B=0.154 D_A(real)=0.78 D_A(fake)=0.22 gnG=29.59 gnD=10.53 it_per_s=10.15
2026-10-02 14:46:42,202 INFO iter=139600 epoch=20 lr=2.00e-04 G=4.227 advA2B=0.545 advB2A=0.647 cycA=0.094 cycB=0.114 idtA=0.083 idtB=0.107 D_A=0.126 D_B=0.154 D_A(real)=0.78 D_A(fake)=0.22 gnG=29.56 gnD=10.54 it_per_s=10.15
2026-10-02 14:46:52,039 INFO iter=139700 epoch=20 lr=2.00e-04 G=4.228 advA2B=0.546 advB2A=0.648 cycA=0.094 cycB=0.114 idtA=0.083 idtB=0.107 D_A=0.125 D_B=0.154 D_A(real)=0.78 D_A(fake)=0.22 gnG=29.53 gnD=10.53 it_per_s=10.16
2026-10-02 14:47:01,842 INFO iter=139800 epoch=20 lr=2.00e-04 G=4.230 advA2B=0.546 advB2A=0.648 cycA=0.094 cycB=0.114 idtA=0.083 idtB=0.107 D_A=0.125 D_B=0.154 D_A(real)=0.78 D_A(fake)=0.22 gnG=29.53 gnD=10.53 it_per_s=10.16
2026-10-02 14:47:11,673 INFO iter=139900 epoch=20 lr=2.00e-04 G=4.229 advA2B=0.546 advB2A=0.648 cycA=0.094 cycB=0.114 idtA=0.083 idtB=0.107 D_A=0.125 D_B=0.154 D_A(real)=0.78 D_A(fake)=0.22 gnG=29.54 gnD=10.52 it_per_s=10.16
2026-10-02 14:47:21,496 INFO iter=140000 epoch=20 lr=2.00e-04 G=4.231 advA2B=0.547 advB2A=0.648 cycA=0.094 cycB=0.115 idtA=0.083 idtB=0.107 D_A=0.125 D_B=0.154 D_A(real)=0.78 D_A(fake)=0.22 gnG=29.55 gnD=10.51 it_per_s=10.16
2026-10-02 14:47:31,330 INFO iter=140100 epoch=20 lr=2.00e-04 G=4.231 advA2B=0.547 advB2A=0.648 cycA=0.094 cycB=0.115 idtA=0.083 idtB=0.107 D_A=0.125 D_B=0.153 D_A(real)=0.78 D_A(fake)=0.22 gnG=29.59 gnD=10.51 it_per_s=10.16
2026-10-02 14:47:41,291 INFO iter=140200 epoch=20 lr=2.00e-04 G=4.231 advA2B=0.548 advB2A=0.648 cycA=0.094 cycB=0.115 idtA=0.083 idtB=0.107 D_A=0.125 D_B=0.153 D_A(real)=0.78 D_A(fake)=0.22 gnG=29.65 gnD=10.50 it_per_s=10.15
2026-10-02 14:47:51,428 INFO iter=140300 epoch=20 lr=2.00e-04 G=4.232 advA2B=0.549 advB2A=0.648 cycA=0.094 cycB=0.115 idtA=0.083 idtB=0.107 D_A=0.125 D_B=0.153 D_A(real)=0.78 D_A(fake)=0.22 gnG=29.63 gnD=10.51 it_per_s=10.15
2026-10-02 14:48:01,400 INFO iter=140400 epoch=20 lr=2.00e-04 G=4.234 advA2B=0.549 advB2A=0.648 cycA=0.094 cycB=0.115 idtA=0.083 idtB=0.107 D_A=0.125 D_B=0.153 D_A(real)=0.78 D_A(fake)=0.22 gnG=29.63 gnD=10.51 it_per_s=10.15
2026-10-02 14:48:11,354 INFO iter=140500 epoch=20 lr=2.00e-04 G=4.233 advA2B=0.549 advB2A=0.648 cycA=0.094 cycB=0.115 idtA=0.083 idtB=0.107 D_A=0.125 D_B=0.153 D_A(real)=0.78 D_A(fake)=0.22 gnG=29.66 gnD=10.51 it_per_s=10.15
2026-10-02 14:48:21,553 INFO iter=140600 epoch=20 lr=2.00e-04 G=4.232 advA2B=0.549 advB2A=0.648 cycA=0.094 cycB=0.114 idtA=0.083 idtB=0.107 D_A=0.125 D_B=0.153 D_A(real)=0.78 D_A(fake)=0.22 gnG=29.65 gnD=10.51 it_per_s=10.14
2026-10-02 14:48:31,844 INFO iter=140700 epoch=20 lr=2.00e-04 G=4.231 advA2B=0.549 advB2A=0.648 cycA=0.094 cycB=0.114 idtA=0.083 idtB=0.107 D_A=0.125 D_B=0.153 D_A(real)=0.78 D_A(fake)=0.22 gnG=29.68 gnD=10.51 it_per_s=10.14
2026-10-02 14:48:37,833 INFO epoch=20 done time_s=694 it_per_s=10.13 G=4.230 cycA=0.094 cycB=0.114 idtA=0.083 idtB=0.107 D_A=0.125 D_B=0.153 D_A(real)=0.78 D_A(fake)=0.22 nan_count=0
2026-10-02 14:48:42,468 INFO iter=140800 epoch=21 lr=2.00e-04 G=3.887 advA2B=0.502 advB2A=0.632 cycA=0.091 cycB=0.098 idtA=0.082 idtB=0.091 D_A=0.146 D_B=0.156 D_A(real)=0.75 D_A(fake)=0.25 gnG=28.15 gnD=10.51 it_per_s=9.95
2026-10-02 14:48:52,586 INFO iter=140900 epoch=21 lr=2.00e-04 G=4.011 advA2B=0.501 advB2A=0.660 cycA=0.089 cycB=0.106 idtA=0.080 idtB=0.100 D_A=0.133 D_B=0.149 D_A(real)=0.76 D_A(fake)=0.23 gnG=27.82 gnD=10.43 it_per_s=9.90
2026-10-02 14:49:06,662 INFO iter=141000 epoch=21 lr=2.00e-04 G=4.100 advA2B=0.511 advB2A=0.655 cycA=0.091 cycB=0.111 idtA=0.080 idtB=0.103 D_A=0.129 D_B=0.146 D_A(real)=0.78 D_A(fake)=0.23 gnG=28.80 gnD=10.71 it_per_s=8.51
2026-10-02 14:49:18,502 INFO iter=141100 epoch=21 lr=2.00e-04 G=4.114 advA2B=0.530 advB2A=0.652 cycA=0.092 cycB=0.110 idtA=0.081 idtB=0.103 D_A=0.126 D_B=0.145 D_A(real)=0.78 D_A(fake)=0.22 gnG=29.27 gnD=10.63 it_per_s=8.49
2026-10-02 14:49:32,508 INFO iter=141200 epoch=21 lr=1.99e-04 G=4.155 advA2B=0.529 advB2A=0.662 cycA=0.092 cycB=0.112 idtA=0.081 idtB=0.104 D_A=0.128 D_B=0.145 D_A(real)=0.78 D_A(fake)=0.22 gnG=30.12 gnD=10.73 it_per_s=8.14
2026-10-02 14:49:43,992 INFO iter=141300 epoch=21 lr=1.99e-04 G=4.141 advA2B=0.528 advB2A=0.655 cycA=0.092 cycB=0.111 idtA=0.081 idtB=0.104 D_A=0.125 D_B=0.147 D_A(real)=0.78 D_A(fake)=0.22 gnG=30.08 gnD=10.68 it_per_s=8.24
2026-10-02 14:49:57,349 INFO iter=141400 epoch=21 lr=1.99e-04 G=4.136 advA2B=0.534 advB2A=0.656 cycA=0.091 cycB=0.111 idtA=0.081 idtB=0.104 D_A=0.125 D_B=0.149 D_A(real)=0.78 D_A(fake)=0.22 gnG=29.66 gnD=10.61 it_per_s=8.11
2026-10-02 14:50:09,310 INFO iter=141500 epoch=21 lr=1.99e-04 G=4.156 advA2B=0.544 advB2A=0.657 cycA=0.092 cycB=0.112 idtA=0.081 idtB=0.104 D_A=0.128 D_B=0.148 D_A(real)=0.78 D_A(fake)=0.22 gnG=29.59 gnD=10.64 it_per_s=8.14
2026-10-02 14:50:21,700 INFO iter=141600 epoch=21 lr=1.99e-04 G=4.181 advA2B=0.546 advB2A=0.658 cycA=0.092 cycB=0.113 idtA=0.081 idtB=0.106 D_A=0.126 D_B=0.147 D_A(real)=0.78 D_A(fake)=0.22 gnG=29.61 gnD=10.56 it_per_s=8.14
2026-10-02 14:50:34,495 INFO iter=141700 epoch=21 lr=1.99e-04 G=4.185 advA2B=0.548 advB2A=0.656 cycA=0.092 cycB=0.112 idtA=0.082 idtB=0.105 D_A=0.126 D_B=0.147 D_A(real)=0.78 D_A(fake)=0.22 gnG=29.87 gnD=10.56 it_per_s=8.10
2026-10-02 14:50:45,437 INFO iter=141800 epoch=21 lr=1.99e-04 G=4.173 advA2B=0.548 advB2A=0.651 cycA=0.092 cycB=0.112 idtA=0.082 idtB=0.105 D_A=0.125 D_B=0.147 D_A(real)=0.78 D_A(fake)=0.22 gnG=30.07 gnD=10.56 it_per_s=8.19
2026-10-02 14:50:55,386 INFO iter=141900 epoch=21 lr=1.98e-04 G=4.184 advA2B=0.551 advB2A=0.654 cycA=0.092 cycB=0.112 idtA=0.082 idtB=0.105 D_A=0.124 D_B=0.147 D_A(real)=0.78 D_A(fake)=0.22 gnG=30.00 gnD=10.50 it_per_s=8.32
2026-10-02 14:51:05,393 INFO iter=142000 epoch=21 lr=1.98e-04 G=4.180 advA2B=0.552 advB2A=0.650 cycA=0.092 cycB=0.112 idtA=0.082 idtB=0.105 D_A=0.125 D_B=0.147 D_A(real)=0.78 D_A(fake)=0.22 gnG=30.20 gnD=10.49 it_per_s=8.44
2026-10-02 14:51:15,220 INFO iter=142100 epoch=21 lr=1.98e-04 G=4.175 advA2B=0.550 advB2A=0.651 cycA=0.092 cycB=0.112 idtA=0.082 idtB=0.105 D_A=0.125 D_B=0.147 D_A(real)=0.78 D_A(fake)=0.22 gnG=29.99 gnD=10.49 it_per_s=8.55
2026-10-02 14:51:25,054 INFO iter=142200 epoch=21 lr=1.98e-04 G=4.165 advA2B=0.547 advB2A=0.648 cycA=0.092 cycB=0.112 idtA=0.082 idtB=0.104 D_A=0.125 D_B=0.148 D_A(real)=0.78 D_A(fake)=0.22 gnG=29.74 gnD=10.50 it_per_s=8.64
2026-10-02 14:51:34,853 INFO iter=142300 epoch=21 lr=1.98e-04 G=4.169 advA2B=0.550 advB2A=0.648 cycA=0.092 cycB=0.112 idtA=0.082 idtB=0.104 D_A=0.124 D_B=0.147 D_A(real)=0.78 D_A(fake)=0.22 gnG=29.82 gnD=10.47 it_per_s=8.73
2026-10-02 14:51:44,705 INFO iter=142400 epoch=21 lr=1.98e-04 G=4.165 advA2B=0.551 advB2A=0.646 cycA=0.092 cycB=0.112 idtA=0.082 idtB=0.104 D_A=0.125 D_B=0.148 D_A(real)=0.78 D_A(fake)=0.22 gnG=29.82 gnD=10.48 it_per_s=8.80
2026-10-02 14:51:54,564 INFO iter=142500 epoch=21 lr=1.98e-04 G=4.165 advA2B=0.550 advB2A=0.647 cycA=0.092 cycB=0.112 idtA=0.082 idtB=0.104 D_A=0.125 D_B=0.148 D_A(real)=0.78 D_A(fake)=0.22 gnG=29.76 gnD=10.48 it_per_s=8.87
2026-10-02 14:52:04,409 INFO iter=142600 epoch=21 lr=1.97e-04 G=4.160 advA2B=0.551 advB2A=0.642 cycA=0.092 cycB=0.112 idtA=0.082 idtB=0.104 D_A=0.125 D_B=0.149 D_A(real)=0.78 D_A(fake)=0.22 gnG=29.53 gnD=10.51 it_per_s=8.93
2026-10-02 14:52:14,250 INFO iter=142700 epoch=21 lr=1.97e-04 G=4.164 advA2B=0.551 advB2A=0.643 cycA=0.092 cycB=0.112 idtA=0.082 idtB=0.104 D_A=0.125 D_B=0.149 D_A(real)=0.78 D_A(fake)=0.22 gnG=29.57 gnD=10.51 it_per_s=8.99
2026-10-02 14:52:24,070 INFO iter=142800 epoch=21 lr=1.97e-04 G=4.165 advA2B=0.552 advB2A=0.643 cycA=0.092 cycB=0.112 idtA=0.082 idtB=0.104 D_A=0.124 D_B=0.148 D_A(real)=0.78 D_A(fake)=0.22 gnG=29.70 gnD=10.49 it_per_s=9.04
2026-10-02 14:52:33,953 INFO iter=142900 epoch=21 lr=1.97e-04 G=4.173 advA2B=0.557 advB2A=0.645 cycA=0.092 cycB=0.112 idtA=0.082 idtB=0.104 D_A=0.125 D_B=0.147 D_A(real)=0.78 D_A(fake)=0.22 gnG=29.63 gnD=10.49 it_per_s=9.09
2026-10-02 14:52:43,832 INFO iter=143000 epoch=21 lr=1.97e-04 G=4.169 advA2B=0.558 advB2A=0.646 cycA=0.092 cycB=0.111 idtA=0.082 idtB=0.104 D_A=0.125 D_B=0.146 D_A(real)=0.78 D_A(fake)=0.22 gnG=29.62 gnD=10.50 it_per_s=9.13
2026-10-02 14:52:53,691 INFO iter=143100 epoch=21 lr=1.97e-04 G=4.173 advA2B=0.558 advB2A=0.645 cycA=0.092 cycB=0.112 idtA=0.082 idtB=0.104 D_A=0.125 D_B=0.146 D_A(real)=0.78 D_A(fake)=0.22 gnG=29.63 gnD=10.50 it_per_s=9.17
2026-10-02 14:53:03,667 INFO iter=143200 epoch=21 lr=1.97e-04 G=4.176 advA2B=0.559 advB2A=0.644 cycA=0.092 cycB=0.112 idtA=0.082 idtB=0.105 D_A=0.124 D_B=0.146 D_A(real)=0.78 D_A(fake)=0.22 gnG=29.62 gnD=10.46 it_per_s=9.20
2026-10-02 14:53:13,535 INFO iter=143300 epoch=21 lr=1.96e-04 G=4.182 advA2B=0.560 advB2A=0.643 cycA=0.092 cycB=0.112 idtA=0.082 idtB=0.105 D_A=0.124 D_B=0.146 D_A(real)=0.78 D_A(fake)=0.22 gnG=29.52 gnD=10.49 it_per_s=9.23
2026-10-02 14:53:23,362 INFO iter=143400 epoch=21 lr=1.96e-04 G=4.179 advA2B=0.559 advB2A=0.641 cycA=0.092 cycB=0.112 idtA=0.082 idtB=0.105 D_A=0.124 D_B=0.146 D_A(real)=0.78 D_A(fake)=0.22 gnG=29.44 gnD=10.51 it_per_s=9.27
2026-10-02 14:53:33,234 INFO iter=143500 epoch=21 lr=1.96e-04 G=4.180 advA2B=0.561 advB2A=0.642 cycA=0.092 cycB=0.112 idtA=0.081 idtB=0.105 D_A=0.124 D_B=0.146 D_A(real)=0.78 D_A(fake)=0.22 gnG=29.40 gnD=10.50 it_per_s=9.29
2026-10-02 14:53:43,003 INFO iter=143600 epoch=21 lr=1.96e-04 G=4.188 advA2B=0.564 advB2A=0.642 cycA=0.092 cycB=0.113 idtA=0.081 idtB=0.105 D_A=0.124 D_B=0.146 D_A(real)=0.78 D_A(fake)=0.22 gnG=29.45 gnD=10.49 it_per_s=9.32
2026-10-02 14:53:52,842 INFO iter=143700 epoch=21 lr=1.96e-04 G=4.182 advA2B=0.562 advB2A=0.643 cycA=0.092 cycB=0.112 idtA=0.081 idtB=0.105 D_A=0.124 D_B=0.146 D_A(real)=0.78 D_A(fake)=0.22 gnG=29.38 gnD=10.49 it_per_s=9.35
2026-10-02 14:54:02,702 INFO iter=143800 epoch=21 lr=1.96e-04 G=4.181 advA2B=0.562 advB2A=0.641 cycA=0.092 cycB=0.112 idtA=0.081 idtB=0.105 D_A=0.124 D_B=0.146 D_A(real)=0.78 D_A(fake)=0.22 gnG=29.42 gnD=10.49 it_per_s=9.38
2026-10-02 14:54:12,569 INFO iter=143900 epoch=21 lr=1.96e-04 G=4.179 advA2B=0.561 advB2A=0.640 cycA=0.092 cycB=0.112 idtA=0.081 idtB=0.105 D_A=0.124 D_B=0.147 D_A(real)=0.78 D_A(fake)=0.22 gnG=29.41 gnD=10.49 it_per_s=9.40
2026-10-02 14:54:22,390 INFO iter=144000 epoch=21 lr=1.95e-04 G=4.177 advA2B=0.561 advB2A=0.641 cycA=0.092 cycB=0.112 idtA=0.081 idtB=0.105 D_A=0.123 D_B=0.147 D_A(real)=0.78 D_A(fake)=0.22 gnG=29.34 gnD=10.49 it_per_s=9.42
2026-10-02 14:54:32,251 INFO iter=144100 epoch=21 lr=1.95e-04 G=4.176 advA2B=0.561 advB2A=0.642 cycA=0.092 cycB=0.112 idtA=0.081 idtB=0.105 D_A=0.123 D_B=0.147 D_A(real)=0.78 D_A(fake)=0.22 gnG=29.35 gnD=10.48 it_per_s=9.44
2026-10-02 14:54:42,078 INFO iter=144200 epoch=21 lr=1.95e-04 G=4.177 advA2B=0.559 advB2A=0.644 cycA=0.092 cycB=0.112 idtA=0.081 idtB=0.105 D_A=0.123 D_B=0.147 D_A(real)=0.78 D_A(fake)=0.22 gnG=29.31 gnD=10.50 it_per_s=9.46
2026-10-02 14:54:51,888 INFO iter=144300 epoch=21 lr=1.95e-04 G=4.178 advA2B=0.559 advB2A=0.645 cycA=0.092 cycB=0.112 idtA=0.081 idtB=0.105 D_A=0.123 D_B=0.147 D_A(real)=0.78 D_A(fake)=0.22 gnG=29.33 gnD=10.50 it_per_s=9.48
2026-10-02 14:55:01,781 INFO iter=144400 epoch=21 lr=1.95e-04 G=4.172 advA2B=0.558 advB2A=0.643 cycA=0.092 cycB=0.112 idtA=0.081 idtB=0.105 D_A=0.123 D_B=0.147 D_A(real)=0.78 D_A(fake)=0.22 gnG=29.49 gnD=10.50 it_per_s=9.50
2026-10-02 14:55:11,596 INFO iter=144500 epoch=21 lr=1.95e-04 G=4.174 advA2B=0.559 advB2A=0.642 cycA=0.092 cycB=0.112 idtA=0.081 idtB=0.105 D_A=0.123 D_B=0.147 D_A(real)=0.78 D_A(fake)=0.22 gnG=29.52 gnD=10.50 it_per_s=9.51
2026-10-02 14:55:21,482 INFO iter=144600 epoch=21 lr=1.95e-04 G=4.173 advA2B=0.559 advB2A=0.641 cycA=0.092 cycB=0.112 idtA=0.081 idtB=0.105 D_A=0.123 D_B=0.146 D_A(real)=0.78 D_A(fake)=0.22 gnG=29.52 gnD=10.47 it_per_s=9.53
2026-10-02 14:55:31,410 INFO iter=144700 epoch=21 lr=1.94e-04 G=4.172 advA2B=0.559 advB2A=0.642 cycA=0.092 cycB=0.112 idtA=0.081 idtB=0.105 D_A=0.124 D_B=0.147 D_A(real)=0.78 D_A(fake)=0.22 gnG=29.52 gnD=10.48 it_per_s=9.54
2026-10-02 14:55:41,244 INFO iter=144800 epoch=21 lr=1.94e-04 G=4.174 advA2B=0.559 advB2A=0.643 cycA=0.092 cycB=0.112 idtA=0.081 idtB=0.105 D_A=0.123 D_B=0.147 D_A(real)=0.78 D_A(fake)=0.22 gnG=29.45 gnD=10.48 it_per_s=9.56
2026-10-02 14:55:51,108 INFO iter=144900 epoch=21 lr=1.94e-04 G=4.175 advA2B=0.560 advB2A=0.644 cycA=0.092 cycB=0.112 idtA=0.081 idtB=0.105 D_A=0.123 D_B=0.146 D_A(real)=0.78 D_A(fake)=0.22 gnG=29.48 gnD=10.48 it_per_s=9.57
2026-10-02 14:56:00,933 INFO iter=145000 epoch=21 lr=1.94e-04 G=4.170 advA2B=0.560 advB2A=0.644 cycA=0.092 cycB=0.112 idtA=0.081 idtB=0.105 D_A=0.123 D_B=0.146 D_A(real)=0.78 D_A(fake)=0.22 gnG=29.51 gnD=10.47 it_per_s=9.58
2026-10-02 14:56:10,751 INFO iter=145100 epoch=21 lr=1.94e-04 G=4.173 advA2B=0.560 advB2A=0.645 cycA=0.092 cycB=0.112 idtA=0.081 idtB=0.105 D_A=0.123 D_B=0.146 D_A(real)=0.78 D_A(fake)=0.22 gnG=29.55 gnD=10.47 it_per_s=9.60
2026-10-02 14:56:20,566 INFO iter=145200 epoch=21 lr=1.94e-04 G=4.173 advA2B=0.561 advB2A=0.645 cycA=0.092 cycB=0.112 idtA=0.081 idtB=0.105 D_A=0.123 D_B=0.146 D_A(real)=0.78 D_A(fake)=0.22 gnG=29.55 gnD=10.48 it_per_s=9.61
2026-10-02 14:56:30,399 INFO iter=145300 epoch=21 lr=1.94e-04 G=4.178 advA2B=0.561 advB2A=0.647 cycA=0.092 cycB=0.112 idtA=0.081 idtB=0.105 D_A=0.123 D_B=0.146 D_A(real)=0.78 D_A(fake)=0.22 gnG=29.58 gnD=10.47 it_per_s=9.62
2026-10-02 14:56:40,305 INFO iter=145400 epoch=21 lr=1.93e-04 G=4.177 advA2B=0.560 advB2A=0.648 cycA=0.092 cycB=0.112 idtA=0.081 idtB=0.105 D_A=0.122 D_B=0.146 D_A(real)=0.78 D_A(fake)=0.22 gnG=29.54 gnD=10.48 it_per_s=9.63
2026-10-02 14:56:50,230 INFO iter=145500 epoch=21 lr=1.93e-04 G=4.179 advA2B=0.561 advB2A=0.647 cycA=0.092 cycB=0.112 idtA=0.081 idtB=0.105 D_A=0.122 D_B=0.146 D_A(real)=0.78 D_A(fake)=0.22 gnG=29.50 gnD=10.47 it_per_s=9.64
2026-10-02 14:57:00,075 INFO iter=145600 epoch=21 lr=1.93e-04 G=4.179 advA2B=0.562 advB2A=0.648 cycA=0.092 cycB=0.112 idtA=0.081 idtB=0.105 D_A=0.122 D_B=0.146 D_A(real)=0.78 D_A(fake)=0.22 gnG=29.47 gnD=10.47 it_per_s=9.65
2026-10-02 14:57:09,915 INFO iter=145700 epoch=21 lr=1.93e-04 G=4.192 advA2B=0.567 advB2A=0.648 cycA=0.092 cycB=0.112 idtA=0.081 idtB=0.105 D_A=0.122 D_B=0.146 D_A(real)=0.78 D_A(fake)=0.22 gnG=29.51 gnD=10.46 it_per_s=9.66
2026-10-02 14:57:19,743 INFO iter=145800 epoch=21 lr=1.93e-04 G=4.203 advA2B=0.572 advB2A=0.648 cycA=0.092 cycB=0.112 idtA=0.081 idtB=0.106 D_A=0.122 D_B=0.144 D_A(real)=0.78 D_A(fake)=0.22 gnG=29.51 gnD=10.44 it_per_s=9.67
2026-10-02 14:57:29,582 INFO iter=145900 epoch=21 lr=1.93e-04 G=4.213 advA2B=0.577 advB2A=0.648 cycA=0.093 cycB=0.113 idtA=0.081 idtB=0.106 D_A=0.122 D_B=0.144 D_A(real)=0.78 D_A(fake)=0.22 gnG=29.53 gnD=10.42 it_per_s=9.68
2026-10-02 14:57:39,460 INFO iter=146000 epoch=21 lr=1.93e-04 G=4.218 advA2B=0.580 advB2A=0.648 cycA=0.093 cycB=0.113 idtA=0.081 idtB=0.106 D_A=0.122 D_B=0.143 D_A(real)=0.78 D_A(fake)=0.22 gnG=29.61 gnD=10.42 it_per_s=9.69
2026-10-02 14:57:49,357 INFO iter=146100 epoch=21 lr=1.92e-04 G=4.227 advA2B=0.582 advB2A=0.648 cycA=0.093 cycB=0.113 idtA=0.081 idtB=0.106 D_A=0.122 D_B=0.142 D_A(real)=0.78 D_A(fake)=0.22 gnG=29.69 gnD=10.40 it_per_s=9.69
2026-10-02 14:57:59,175 INFO iter=146200 epoch=21 lr=1.92e-04 G=4.234 advA2B=0.586 advB2A=0.648 cycA=0.093 cycB=0.113 idtA=0.081 idtB=0.107 D_A=0.121 D_B=0.141 D_A(real)=0.78 D_A(fake)=0.22 gnG=29.80 gnD=10.39 it_per_s=9.70
2026-10-02 14:58:08,990 INFO iter=146300 epoch=21 lr=1.92e-04 G=4.237 advA2B=0.588 advB2A=0.646 cycA=0.093 cycB=0.113 idtA=0.081 idtB=0.107 D_A=0.122 D_B=0.141 D_A(real)=0.78 D_A(fake)=0.22 gnG=29.87 gnD=10.37 it_per_s=9.71
2026-10-02 14:58:18,822 INFO iter=146400 epoch=21 lr=1.92e-04 G=4.241 advA2B=0.591 advB2A=0.647 cycA=0.093 cycB=0.113 idtA=0.081 idtB=0.107 D_A=0.122 D_B=0.140 D_A(real)=0.78 D_A(fake)=0.22 gnG=29.93 gnD=10.37 it_per_s=9.72
2026-10-02 14:58:28,633 INFO iter=146500 epoch=21 lr=1.92e-04 G=4.248 advA2B=0.594 advB2A=0.646 cycA=0.093 cycB=0.113 idtA=0.081 idtB=0.107 D_A=0.122 D_B=0.140 D_A(real)=0.78 D_A(fake)=0.22 gnG=30.09 gnD=10.36 it_per_s=9.73
2026-10-02 14:58:38,473 INFO iter=146600 epoch=21 lr=1.92e-04 G=4.254 advA2B=0.597 advB2A=0.647 cycA=0.093 cycB=0.113 idtA=0.081 idtB=0.108 D_A=0.122 D_B=0.139 D_A(real)=0.78 D_A(fake)=0.22 gnG=30.16 gnD=10.33 it_per_s=9.73
2026-10-02 14:58:48,310 INFO iter=146700 epoch=21 lr=1.92e-04 G=4.255 advA2B=0.598 advB2A=0.647 cycA=0.093 cycB=0.113 idtA=0.081 idtB=0.108 D_A=0.122 D_B=0.138 D_A(real)=0.78 D_A(fake)=0.22 gnG=30.14 gnD=10.32 it_per_s=9.74
2026-10-02 14:58:58,275 INFO iter=146800 epoch=21 lr=1.91e-04 G=4.258 advA2B=0.600 advB2A=0.648 cycA=0.093 cycB=0.113 idtA=0.081 idtB=0.108 D_A=0.122 D_B=0.137 D_A(real)=0.78 D_A(fake)=0.22 gnG=30.09 gnD=10.30 it_per_s=9.74
2026-10-02 14:59:08,462 INFO iter=146900 epoch=21 lr=1.91e-04 G=4.265 advA2B=0.604 advB2A=0.648 cycA=0.093 cycB=0.114 idtA=0.081 idtB=0.108 D_A=0.121 D_B=0.136 D_A(real)=0.78 D_A(fake)=0.22 gnG=30.17 gnD=10.28 it_per_s=9.75
2026-10-02 14:59:18,638 INFO iter=147000 epoch=21 lr=1.91e-04 G=4.269 advA2B=0.605 advB2A=0.648 cycA=0.093 cycB=0.114 idtA=0.081 idtB=0.108 D_A=0.121 D_B=0.136 D_A(real)=0.78 D_A(fake)=0.22 gnG=30.18 gnD=10.27 it_per_s=9.75
2026-10-02 14:59:28,598 INFO iter=147100 epoch=21 lr=1.91e-04 G=4.270 advA2B=0.605 advB2A=0.648 cycA=0.093 cycB=0.114 idtA=0.081 idtB=0.108 D_A=0.121 D_B=0.136 D_A(real)=0.78 D_A(fake)=0.22 gnG=30.17 gnD=10.27 it_per_s=9.75
2026-10-02 14:59:38,493 INFO iter=147200 epoch=21 lr=1.91e-04 G=4.270 advA2B=0.604 advB2A=0.648 cycA=0.093 cycB=0.114 idtA=0.081 idtB=0.108 D_A=0.121 D_B=0.135 D_A(real)=0.78 D_A(fake)=0.22 gnG=30.14 gnD=10.28 it_per_s=9.76
2026-10-02 14:59:48,476 INFO iter=147300 epoch=21 lr=1.91e-04 G=4.271 advA2B=0.604 advB2A=0.648 cycA=0.093 cycB=0.114 idtA=0.081 idtB=0.109 D_A=0.121 D_B=0.136 D_A(real)=0.78 D_A(fake)=0.22 gnG=30.12 gnD=10.28 it_per_s=9.76
2026-10-02 14:59:58,323 INFO iter=147400 epoch=21 lr=1.91e-04 G=4.269 advA2B=0.603 advB2A=0.648 cycA=0.093 cycB=0.114 idtA=0.081 idtB=0.109 D_A=0.121 D_B=0.136 D_A(real)=0.78 D_A(fake)=0.22 gnG=30.07 gnD=10.27 it_per_s=9.77
2026-10-02 15:00:08,539 INFO iter=147500 epoch=21 lr=1.90e-04 G=4.269 advA2B=0.603 advB2A=0.647 cycA=0.093 cycB=0.114 idtA=0.081 idtB=0.109 D_A=0.121 D_B=0.136 D_A(real)=0.78 D_A(fake)=0.22 gnG=30.05 gnD=10.28 it_per_s=9.77
2026-10-02 15:00:18,437 INFO iter=147600 epoch=21 lr=1.90e-04 G=4.269 advA2B=0.603 advB2A=0.647 cycA=0.093 cycB=0.114 idtA=0.081 idtB=0.109 D_A=0.121 D_B=0.136 D_A(real)=0.78 D_A(fake)=0.22 gnG=30.04 gnD=10.28 it_per_s=9.77
2026-10-02 15:00:28,290 INFO iter=147700 epoch=21 lr=1.90e-04 G=4.265 advA2B=0.602 advB2A=0.647 cycA=0.093 cycB=0.114 idtA=0.081 idtB=0.109 D_A=0.121 D_B=0.136 D_A(real)=0.78 D_A(fake)=0.22 gnG=30.03 gnD=10.28 it_per_s=9.78
2026-10-02 15:00:38,012 INFO epoch=21 done time_s=720 it_per_s=9.78 G=4.264 cycA=0.093 cycB=0.114 idtA=0.081 idtB=0.109 D_A=0.121 D_B=0.136 D_A(real)=0.78 D_A(fake)=0.22 nan_count=0
2026-10-02 15:00:38,781 INFO iter=147800 epoch=22 lr=1.90e-04 G=3.983 advA2B=0.543 advB2A=0.751 cycA=0.110 cycB=0.080 idtA=0.090 idtB=0.068 D_A=0.126 D_B=0.137 D_A(real)=0.70 D_A(fake)=0.27 gnG=24.36 gnD=6.81 it_per_s=9.42
2026-10-02 15:00:51,724 INFO iter=147900 epoch=22 lr=1.90e-04 G=3.953 advA2B=0.554 advB2A=0.649 cycA=0.087 cycB=0.102 idtA=0.077 idtB=0.096 D_A=0.127 D_B=0.146 D_A(real)=0.77 D_A(fake)=0.22 gnG=26.38 gnD=10.45 it_per_s=7.75
2026-10-02 15:01:02,620 INFO iter=148000 epoch=22 lr=1.90e-04 G=3.977 advA2B=0.557 advB2A=0.645 cycA=0.088 cycB=0.102 idtA=0.078 idtB=0.098 D_A=0.125 D_B=0.145 D_A(real)=0.77 D_A(fake)=0.23 gnG=26.40 gnD=10.11 it_per_s=8.40
2026-10-02 15:01:12,984 INFO iter=148100 epoch=22 lr=1.90e-04 G=4.041 advA2B=0.557 advB2A=0.644 cycA=0.089 cycB=0.106 idtA=0.078 idtB=0.101 D_A=0.123 D_B=0.145 D_A(real)=0.78 D_A(fake)=0.23 gnG=28.20 gnD=10.35 it_per_s=8.78
2026-10-02 15:01:23,065 INFO iter=148200 epoch=22 lr=1.89e-04 G=4.115 advA2B=0.566 advB2A=0.649 cycA=0.090 cycB=0.108 idtA=0.079 idtB=0.105 D_A=0.119 D_B=0.144 D_A(real)=0.78 D_A(fake)=0.22 gnG=28.26 gnD=10.27 it_per_s=9.03
2026-10-02 15:01:33,007 INFO iter=148300 epoch=22 lr=1.89e-04 G=4.103 advA2B=0.562 advB2A=0.650 cycA=0.090 cycB=0.107 idtA=0.079 idtB=0.104 D_A=0.118 D_B=0.145 D_A(real)=0.78 D_A(fake)=0.22 gnG=28.32 gnD=10.27 it_per_s=9.22
2026-10-02 15:01:42,881 INFO iter=148400 epoch=22 lr=1.89e-04 G=4.121 advA2B=0.561 advB2A=0.645 cycA=0.090 cycB=0.109 idtA=0.079 idtB=0.106 D_A=0.118 D_B=0.144 D_A(real)=0.78 D_A(fake)=0.22 gnG=28.28 gnD=10.28 it_per_s=9.36
2026-10-02 15:01:52,750 INFO iter=148500 epoch=22 lr=1.89e-04 G=4.143 advA2B=0.561 advB2A=0.650 cycA=0.090 cycB=0.110 idtA=0.079 idtB=0.107 D_A=0.118 D_B=0.144 D_A(real)=0.78 D_A(fake)=0.22 gnG=28.42 gnD=10.36 it_per_s=9.46
2026-10-02 15:02:02,640 INFO iter=148600 epoch=22 lr=1.89e-04 G=4.139 advA2B=0.559 advB2A=0.650 cycA=0.090 cycB=0.110 idtA=0.079 idtB=0.106 D_A=0.118 D_B=0.144 D_A(real)=0.78 D_A(fake)=0.22 gnG=28.66 gnD=10.32 it_per_s=9.54
2026-10-02 15:02:12,698 INFO iter=148700 epoch=22 lr=1.89e-04 G=4.127 advA2B=0.556 advB2A=0.651 cycA=0.090 cycB=0.110 idtA=0.079 idtB=0.105 D_A=0.117 D_B=0.144 D_A(real)=0.79 D_A(fake)=0.21 gnG=28.87 gnD=10.34 it_per_s=9.58
2026-10-02 15:02:22,563 INFO iter=148800 epoch=22 lr=1.89e-04 G=4.131 advA2B=0.554 advB2A=0.650 cycA=0.090 cycB=0.110 idtA=0.079 idtB=0.106 D_A=0.117 D_B=0.144 D_A(real)=0.79 D_A(fake)=0.21 gnG=28.57 gnD=10.33 it_per_s=9.64
2026-10-02 15:02:32,508 INFO iter=148900 epoch=22 lr=1.88e-04 G=4.117 advA2B=0.552 advB2A=0.645 cycA=0.090 cycB=0.110 idtA=0.079 idtB=0.105 D_A=0.117 D_B=0.146 D_A(real)=0.79 D_A(fake)=0.21 gnG=28.80 gnD=10.34 it_per_s=9.67
2026-10-02 15:02:42,382 INFO iter=149000 epoch=22 lr=1.88e-04 G=4.115 advA2B=0.556 advB2A=0.642 cycA=0.090 cycB=0.110 idtA=0.079 idtB=0.105 D_A=0.117 D_B=0.145 D_A(real)=0.79 D_A(fake)=0.21 gnG=28.70 gnD=10.35 it_per_s=9.71
2026-10-02 15:02:52,196 INFO iter=149100 epoch=22 lr=1.88e-04 G=4.113 advA2B=0.554 advB2A=0.644 cycA=0.090 cycB=0.110 idtA=0.078 idtB=0.105 D_A=0.119 D_B=0.144 D_A(real)=0.79 D_A(fake)=0.21 gnG=28.49 gnD=10.42 it_per_s=9.74
2026-10-02 15:03:02,032 INFO iter=149200 epoch=22 lr=1.88e-04 G=4.110 advA2B=0.553 advB2A=0.649 cycA=0.090 cycB=0.110 idtA=0.078 idtB=0.104 D_A=0.119 D_B=0.144 D_A(real)=0.79 D_A(fake)=0.21 gnG=28.58 gnD=10.43 it_per_s=9.77
2026-10-02 15:03:11,882 INFO iter=149300 epoch=22 lr=1.88e-04 G=4.108 advA2B=0.553 advB2A=0.650 cycA=0.090 cycB=0.110 idtA=0.079 idtB=0.104 D_A=0.119 D_B=0.145 D_A(real)=0.79 D_A(fake)=0.21 gnG=28.58 gnD=10.41 it_per_s=9.80
2026-10-02 15:03:21,739 INFO iter=149400 epoch=22 lr=1.88e-04 G=4.106 advA2B=0.551 advB2A=0.652 cycA=0.089 cycB=0.110 idtA=0.078 idtB=0.104 D_A=0.119 D_B=0.145 D_A(real)=0.79 D_A(fake)=0.21 gnG=28.53 gnD=10.41 it_per_s=9.82
2026-10-02 15:03:31,602 INFO iter=149500 epoch=22 lr=1.88e-04 G=4.100 advA2B=0.552 advB2A=0.649 cycA=0.089 cycB=0.110 idtA=0.078 idtB=0.104 D_A=0.118 D_B=0.144 D_A(real)=0.79 D_A(fake)=0.21 gnG=28.65 gnD=10.42 it_per_s=9.84
2026-10-02 15:03:41,436 INFO iter=149600 epoch=22 lr=1.87e-04 G=4.096 advA2B=0.555 advB2A=0.649 cycA=0.089 cycB=0.109 idtA=0.078 idtB=0.104 D_A=0.119 D_B=0.145 D_A(real)=0.79 D_A(fake)=0.21 gnG=28.55 gnD=10.44 it_per_s=9.85
2026-10-02 15:03:51,320 INFO iter=149700 epoch=22 lr=1.87e-04 G=4.099 advA2B=0.557 advB2A=0.650 cycA=0.089 cycB=0.109 idtA=0.078 idtB=0.104 D_A=0.119 D_B=0.145 D_A(real)=0.78 D_A(fake)=0.22 gnG=28.63 gnD=10.44 it_per_s=9.87
2026-10-02 15:04:01,173 INFO iter=149800 epoch=22 lr=1.87e-04 G=4.097 advA2B=0.557 advB2A=0.646 cycA=0.089 cycB=0.109 idtA=0.078 idtB=0.104 D_A=0.119 D_B=0.145 D_A(real)=0.78 D_A(fake)=0.22 gnG=28.72 gnD=10.45 it_per_s=9.88
2026-10-02 15:04:11,019 INFO iter=149900 epoch=22 lr=1.87e-04 G=4.094 advA2B=0.557 advB2A=0.645 cycA=0.089 cycB=0.109 idtA=0.078 idtB=0.104 D_A=0.119 D_B=0.145 D_A(real)=0.79 D_A(fake)=0.21 gnG=28.77 gnD=10.45 it_per_s=9.89
2026-10-02 15:04:20,855 INFO iter=150000 epoch=22 lr=1.87e-04 G=4.099 advA2B=0.558 advB2A=0.644 cycA=0.089 cycB=0.110 idtA=0.078 idtB=0.104 D_A=0.118 D_B=0.145 D_A(real)=0.79 D_A(fake)=0.21 gnG=28.79 gnD=10.42 it_per_s=9.91
2026-10-02 15:04:30,676 INFO iter=150100 epoch=22 lr=1.87e-04 G=4.104 advA2B=0.559 advB2A=0.646 cycA=0.089 cycB=0.110 idtA=0.078 idtB=0.104 D_A=0.118 D_B=0.144 D_A(real)=0.79 D_A(fake)=0.21 gnG=28.74 gnD=10.42 it_per_s=9.92
2026-10-02 15:04:40,497 INFO iter=150200 epoch=22 lr=1.87e-04 G=4.101 advA2B=0.558 advB2A=0.648 cycA=0.089 cycB=0.110 idtA=0.078 idtB=0.103 D_A=0.117 D_B=0.144 D_A(real)=0.79 D_A(fake)=0.21 gnG=28.71 gnD=10.40 it_per_s=9.93
2026-10-02 15:04:50,283 INFO iter=150300 epoch=22 lr=1.86e-04 G=4.107 advA2B=0.559 advB2A=0.650 cycA=0.089 cycB=0.110 idtA=0.078 idtB=0.103 D_A=0.117 D_B=0.143 D_A(real)=0.79 D_A(fake)=0.21 gnG=28.75 gnD=10.36 it_per_s=9.94
2026-10-02 15:05:00,070 INFO iter=150400 epoch=22 lr=1.86e-04 G=4.109 advA2B=0.558 advB2A=0.650 cycA=0.089 cycB=0.110 idtA=0.078 idtB=0.104 D_A=0.117 D_B=0.144 D_A(real)=0.79 D_A(fake)=0.21 gnG=28.71 gnD=10.40 it_per_s=9.95
2026-10-02 15:05:09,903 INFO iter=150500 epoch=22 lr=1.86e-04 G=4.109 advA2B=0.557 advB2A=0.650 cycA=0.089 cycB=0.110 idtA=0.079 idtB=0.104 D_A=0.117 D_B=0.144 D_A(real)=0.79 D_A(fake)=0.21 gnG=28.63 gnD=10.41 it_per_s=9.96
2026-10-02 15:05:19,719 INFO iter=150600 epoch=22 lr=1.86e-04 G=4.113 advA2B=0.559 advB2A=0.649 cycA=0.089 cycB=0.110 idtA=0.079 idtB=0.104 D_A=0.117 D_B=0.144 D_A(real)=0.79 D_A(fake)=0.21 gnG=28.60 gnD=10.40 it_per_s=9.97
2026-10-02 15:05:29,582 INFO iter=150700 epoch=22 lr=1.86e-04 G=4.115 advA2B=0.559 advB2A=0.649 cycA=0.089 cycB=0.110 idtA=0.079 idtB=0.104 D_A=0.117 D_B=0.144 D_A(real)=0.79 D_A(fake)=0.21 gnG=28.60 gnD=10.40 it_per_s=9.97
2026-10-02 15:05:39,355 INFO iter=150800 epoch=22 lr=1.86e-04 G=4.115 advA2B=0.560 advB2A=0.648 cycA=0.089 cycB=0.110 idtA=0.078 idtB=0.104 D_A=0.117 D_B=0.144 D_A(real)=0.79 D_A(fake)=0.21 gnG=28.64 gnD=10.40 it_per_s=9.98
2026-10-02 15:05:49,194 INFO iter=150900 epoch=22 lr=1.86e-04 G=4.115 advA2B=0.560 advB2A=0.649 cycA=0.089 cycB=0.110 idtA=0.079 idtB=0.104 D_A=0.117 D_B=0.144 D_A(real)=0.79 D_A(fake)=0.21 gnG=28.61 gnD=10.39 it_per_s=9.99
2026-10-02 15:05:59,016 INFO iter=151000 epoch=22 lr=1.85e-04 G=4.116 advA2B=0.559 advB2A=0.650 cycA=0.089 cycB=0.110 idtA=0.078 idtB=0.104 D_A=0.117 D_B=0.144 D_A(real)=0.79 D_A(fake)=0.21 gnG=28.55 gnD=10.38 it_per_s=9.99
2026-10-02 15:06:08,849 INFO iter=151100 epoch=22 lr=1.85e-04 G=4.113 advA2B=0.559 advB2A=0.649 cycA=0.089 cycB=0.110 idtA=0.078 idtB=0.104 D_A=0.117 D_B=0.144 D_A(real)=0.79 D_A(fake)=0.21 gnG=28.50 gnD=10.38 it_per_s=10.00
2026-10-02 15:06:18,893 INFO iter=151200 epoch=22 lr=1.85e-04 G=4.114 advA2B=0.559 advB2A=0.650 cycA=0.089 cycB=0.110 idtA=0.079 idtB=0.104 D_A=0.117 D_B=0.144 D_A(real)=0.79 D_A(fake)=0.21 gnG=28.51 gnD=10.38 it_per_s=10.00
2026-10-02 15:06:28,828 INFO iter=151300 epoch=22 lr=1.85e-04 G=4.115 advA2B=0.559 advB2A=0.649 cycA=0.089 cycB=0.110 idtA=0.079 idtB=0.104 D_A=0.117 D_B=0.143 D_A(real)=0.79 D_A(fake)=0.21 gnG=28.51 gnD=10.36 it_per_s=10.00
2026-10-02 15:06:38,743 INFO iter=151400 epoch=22 lr=1.85e-04 G=4.117 advA2B=0.561 advB2A=0.650 cycA=0.089 cycB=0.110 idtA=0.078 idtB=0.104 D_A=0.117 D_B=0.143 D_A(real)=0.79 D_A(fake)=0.21 gnG=28.60 gnD=10.35 it_per_s=10.00
2026-10-02 15:06:48,532 INFO iter=151500 epoch=22 lr=1.85e-04 G=4.122 advA2B=0.563 advB2A=0.652 cycA=0.089 cycB=0.110 idtA=0.079 idtB=0.104 D_A=0.117 D_B=0.143 D_A(real)=0.79 D_A(fake)=0.21 gnG=28.61 gnD=10.37 it_per_s=10.01
2026-10-02 15:06:58,326 INFO iter=151600 epoch=22 lr=1.85e-04 G=4.122 advA2B=0.565 advB2A=0.651 cycA=0.089 cycB=0.110 idtA=0.078 idtB=0.104 D_A=0.118 D_B=0.143 D_A(real)=0.79 D_A(fake)=0.21 gnG=28.61 gnD=10.39 it_per_s=10.01
2026-10-02 15:07:08,139 INFO iter=151700 epoch=22 lr=1.84e-04 G=4.123 advA2B=0.565 advB2A=0.652 cycA=0.089 cycB=0.110 idtA=0.078 idtB=0.104 D_A=0.118 D_B=0.143 D_A(real)=0.79 D_A(fake)=0.21 gnG=28.53 gnD=10.38 it_per_s=10.02
2026-10-02 15:07:17,940 INFO iter=151800 epoch=22 lr=1.84e-04 G=4.123 advA2B=0.566 advB2A=0.652 cycA=0.089 cycB=0.110 idtA=0.078 idtB=0.104 D_A=0.117 D_B=0.142 D_A(real)=0.79 D_A(fake)=0.21 gnG=28.46 gnD=10.36 it_per_s=10.02
2026-10-02 15:07:27,762 INFO iter=151900 epoch=22 lr=1.84e-04 G=4.122 advA2B=0.566 advB2A=0.653 cycA=0.089 cycB=0.110 idtA=0.078 idtB=0.104 D_A=0.117 D_B=0.143 D_A(real)=0.79 D_A(fake)=0.21 gnG=28.40 gnD=10.36 it_per_s=10.02
2026-10-02 15:07:37,601 INFO iter=152000 epoch=22 lr=1.84e-04 G=4.120 advA2B=0.566 advB2A=0.653 cycA=0.089 cycB=0.110 idtA=0.078 idtB=0.104 D_A=0.117 D_B=0.143 D_A(real)=0.79 D_A(fake)=0.21 gnG=28.40 gnD=10.37 it_per_s=10.03
2026-10-02 15:07:47,397 INFO iter=152100 epoch=22 lr=1.84e-04 G=4.121 advA2B=0.566 advB2A=0.653 cycA=0.089 cycB=0.110 idtA=0.078 idtB=0.104 D_A=0.117 D_B=0.143 D_A(real)=0.79 D_A(fake)=0.21 gnG=28.39 gnD=10.37 it_per_s=10.03
2026-10-02 15:07:57,198 INFO iter=152200 epoch=22 lr=1.84e-04 G=4.125 advA2B=0.568 advB2A=0.655 cycA=0.089 cycB=0.110 idtA=0.078 idtB=0.104 D_A=0.117 D_B=0.143 D_A(real)=0.79 D_A(fake)=0.21 gnG=28.43 gnD=10.38 it_per_s=10.04
2026-10-02 15:08:07,025 INFO iter=152300 epoch=22 lr=1.84e-04 G=4.127 advA2B=0.566 advB2A=0.655 cycA=0.089 cycB=0.110 idtA=0.078 idtB=0.104 D_A=0.117 D_B=0.143 D_A(real)=0.79 D_A(fake)=0.21 gnG=28.40 gnD=10.39 it_per_s=10.04
2026-10-02 15:08:16,894 INFO iter=152400 epoch=22 lr=1.83e-04 G=4.128 advA2B=0.567 advB2A=0.654 cycA=0.089 cycB=0.110 idtA=0.078 idtB=0.104 D_A=0.117 D_B=0.143 D_A(real)=0.79 D_A(fake)=0.21 gnG=28.49 gnD=10.39 it_per_s=10.04
2026-10-02 15:08:26,727 INFO iter=152500 epoch=22 lr=1.83e-04 G=4.126 advA2B=0.568 advB2A=0.653 cycA=0.089 cycB=0.110 idtA=0.078 idtB=0.104 D_A=0.117 D_B=0.143 D_A(real)=0.79 D_A(fake)=0.21 gnG=28.47 gnD=10.39 it_per_s=10.04
2026-10-02 15:08:36,553 INFO iter=152600 epoch=22 lr=1.83e-04 G=4.123 advA2B=0.567 advB2A=0.654 cycA=0.089 cycB=0.110 idtA=0.078 idtB=0.104 D_A=0.117 D_B=0.143 D_A(real)=0.79 D_A(fake)=0.21 gnG=28.45 gnD=10.39 it_per_s=10.05
2026-10-02 15:08:46,418 INFO iter=152700 epoch=22 lr=1.83e-04 G=4.123 advA2B=0.568 advB2A=0.655 cycA=0.089 cycB=0.110 idtA=0.078 idtB=0.104 D_A=0.117 D_B=0.143 D_A(real)=0.79 D_A(fake)=0.21 gnG=28.52 gnD=10.38 it_per_s=10.05
2026-10-02 15:08:56,238 INFO iter=152800 epoch=22 lr=1.83e-04 G=4.126 advA2B=0.569 advB2A=0.654 cycA=0.089 cycB=0.110 idtA=0.078 idtB=0.104 D_A=0.117 D_B=0.143 D_A(real)=0.79 D_A(fake)=0.21 gnG=28.54 gnD=10.38 it_per_s=10.05
2026-10-02 15:09:06,096 INFO iter=152900 epoch=22 lr=1.83e-04 G=4.129 advA2B=0.570 advB2A=0.655 cycA=0.089 cycB=0.110 idtA=0.078 idtB=0.104 D_A=0.117 D_B=0.143 D_A(real)=0.79 D_A(fake)=0.21 gnG=28.57 gnD=10.38 it_per_s=10.05
2026-10-02 15:09:15,902 INFO iter=153000 epoch=22 lr=1.83e-04 G=4.130 advA2B=0.569 advB2A=0.656 cycA=0.089 cycB=0.110 idtA=0.078 idtB=0.104 D_A=0.117 D_B=0.143 D_A(real)=0.79 D_A(fake)=0.21 gnG=28.57 gnD=10.39 it_per_s=10.06
2026-10-02 15:09:25,744 INFO iter=153100 epoch=22 lr=1.82e-04 G=4.133 advA2B=0.569 advB2A=0.656 cycA=0.089 cycB=0.110 idtA=0.078 idtB=0.104 D_A=0.116 D_B=0.143 D_A(real)=0.79 D_A(fake)=0.21 gnG=28.59 gnD=10.38 it_per_s=10.06
2026-10-02 15:09:35,562 INFO iter=153200 epoch=22 lr=1.82e-04 G=4.135 advA2B=0.568 advB2A=0.657 cycA=0.089 cycB=0.111 idtA=0.078 idtB=0.104 D_A=0.117 D_B=0.143 D_A(real)=0.79 D_A(fake)=0.21 gnG=28.60 gnD=10.38 it_per_s=10.06
2026-10-02 15:09:45,423 INFO iter=153300 epoch=22 lr=1.82e-04 G=4.134 advA2B=0.569 advB2A=0.656 cycA=0.089 cycB=0.111 idtA=0.078 idtB=0.104 D_A=0.116 D_B=0.143 D_A(real)=0.79 D_A(fake)=0.21 gnG=28.62 gnD=10.38 it_per_s=10.06
2026-10-02 15:09:55,249 INFO iter=153400 epoch=22 lr=1.82e-04 G=4.137 advA2B=0.569 advB2A=0.657 cycA=0.089 cycB=0.111 idtA=0.078 idtB=0.104 D_A=0.116 D_B=0.142 D_A(real)=0.79 D_A(fake)=0.21 gnG=28.59 gnD=10.38 it_per_s=10.06
2026-10-02 15:10:05,067 INFO iter=153500 epoch=22 lr=1.82e-04 G=4.142 advA2B=0.570 advB2A=0.658 cycA=0.089 cycB=0.111 idtA=0.078 idtB=0.104 D_A=0.116 D_B=0.142 D_A(real)=0.79 D_A(fake)=0.21 gnG=28.59 gnD=10.38 it_per_s=10.07
2026-10-02 15:10:14,879 INFO iter=153600 epoch=22 lr=1.82e-04 G=4.138 advA2B=0.569 advB2A=0.657 cycA=0.089 cycB=0.111 idtA=0.078 idtB=0.104 D_A=0.116 D_B=0.142 D_A(real)=0.79 D_A(fake)=0.21 gnG=28.58 gnD=10.38 it_per_s=10.07
2026-10-02 15:10:24,708 INFO iter=153700 epoch=22 lr=1.82e-04 G=4.136 advA2B=0.569 advB2A=0.658 cycA=0.089 cycB=0.110 idtA=0.078 idtB=0.104 D_A=0.116 D_B=0.142 D_A(real)=0.79 D_A(fake)=0.21 gnG=28.54 gnD=10.38 it_per_s=10.07
2026-10-02 15:10:34,492 INFO iter=153800 epoch=22 lr=1.81e-04 G=4.135 advA2B=0.570 advB2A=0.658 cycA=0.089 cycB=0.110 idtA=0.078 idtB=0.104 D_A=0.116 D_B=0.142 D_A(real)=0.79 D_A(fake)=0.21 gnG=28.52 gnD=10.39 it_per_s=10.07
2026-10-02 15:10:44,317 INFO iter=153900 epoch=22 lr=1.81e-04 G=4.134 advA2B=0.569 advB2A=0.657 cycA=0.089 cycB=0.111 idtA=0.078 idtB=0.104 D_A=0.117 D_B=0.142 D_A(real)=0.79 D_A(fake)=0.21 gnG=28.53 gnD=10.39 it_per_s=10.07
2026-10-02 15:10:54,122 INFO iter=154000 epoch=22 lr=1.81e-04 G=4.137 advA2B=0.569 advB2A=0.657 cycA=0.089 cycB=0.111 idtA=0.078 idtB=0.104 D_A=0.116 D_B=0.142 D_A(real)=0.79 D_A(fake)=0.21 gnG=28.51 gnD=10.38 it_per_s=10.08
2026-10-02 15:11:03,957 INFO iter=154100 epoch=22 lr=1.81e-04 G=4.136 advA2B=0.570 advB2A=0.657 cycA=0.089 cycB=0.111 idtA=0.078 idtB=0.104 D_A=0.116 D_B=0.142 D_A(real)=0.79 D_A(fake)=0.21 gnG=28.52 gnD=10.37 it_per_s=10.08
2026-10-02 15:11:14,041 INFO iter=154200 epoch=22 lr=1.81e-04 G=4.134 advA2B=0.571 advB2A=0.657 cycA=0.089 cycB=0.110 idtA=0.078 idtB=0.104 D_A=0.116 D_B=0.142 D_A(real)=0.79 D_A(fake)=0.21 gnG=28.54 gnD=10.37 it_per_s=10.07
2026-10-02 15:11:23,940 INFO iter=154300 epoch=22 lr=1.81e-04 G=4.132 advA2B=0.570 advB2A=0.656 cycA=0.089 cycB=0.111 idtA=0.078 idtB=0.104 D_A=0.116 D_B=0.143 D_A(real)=0.79 D_A(fake)=0.21 gnG=28.57 gnD=10.37 it_per_s=10.07
2026-10-02 15:11:33,837 INFO iter=154400 epoch=22 lr=1.81e-04 G=4.132 advA2B=0.569 advB2A=0.656 cycA=0.089 cycB=0.111 idtA=0.078 idtB=0.104 D_A=0.116 D_B=0.143 D_A(real)=0.79 D_A(fake)=0.21 gnG=28.51 gnD=10.37 it_per_s=10.08
2026-10-02 15:11:43,686 INFO iter=154500 epoch=22 lr=1.80e-04 G=4.130 advA2B=0.569 advB2A=0.656 cycA=0.089 cycB=0.111 idtA=0.078 idtB=0.104 D_A=0.116 D_B=0.143 D_A(real)=0.79 D_A(fake)=0.21 gnG=28.50 gnD=10.36 it_per_s=10.08
2026-10-02 15:11:53,510 INFO iter=154600 epoch=22 lr=1.80e-04 G=4.130 advA2B=0.568 advB2A=0.657 cycA=0.089 cycB=0.111 idtA=0.078 idtB=0.104 D_A=0.116 D_B=0.143 D_A(real)=0.79 D_A(fake)=0.21 gnG=28.51 gnD=10.37 it_per_s=10.08
2026-10-02 15:12:03,321 INFO iter=154700 epoch=22 lr=1.80e-04 G=4.129 advA2B=0.568 advB2A=0.657 cycA=0.089 cycB=0.111 idtA=0.078 idtB=0.104 D_A=0.116 D_B=0.143 D_A(real)=0.79 D_A(fake)=0.21 gnG=28.50 gnD=10.37 it_per_s=10.08
2026-10-02 15:12:13,125 INFO iter=154800 epoch=22 lr=1.80e-04 G=4.127 advA2B=0.567 advB2A=0.657 cycA=0.089 cycB=0.111 idtA=0.078 idtB=0.104 D_A=0.116 D_B=0.143 D_A(real)=0.79 D_A(fake)=0.21 gnG=28.50 gnD=10.37 it_per_s=10.08
2026-10-02 15:12:16,667 INFO epoch=22 done time_s=698 it_per_s=10.08 G=4.128 cycA=0.089 cycB=0.111 idtA=0.078 idtB=0.104 D_A=0.116 D_B=0.143 D_A(real)=0.79 D_A(fake)=0.21 nan_count=0
2026-10-02 15:12:23,630 INFO iter=154900 epoch=23 lr=1.80e-04 G=4.107 advA2B=0.562 advB2A=0.610 cycA=0.091 cycB=0.110 idtA=0.078 idtB=0.108 D_A=0.109 D_B=0.143 D_A(real)=0.79 D_A(fake)=0.21 gnG=29.45 gnD=10.01 it_per_s=9.99
2026-10-02 15:12:33,525 INFO iter=155000 epoch=23 lr=1.80e-04 G=4.162 advA2B=0.589 advB2A=0.625 cycA=0.090 cycB=0.111 idtA=0.079 idtB=0.109 D_A=0.121 D_B=0.131 D_A(real)=0.79 D_A(fake)=0.21 gnG=28.31 gnD=10.37 it_per_s=10.06
2026-10-02 15:12:43,320 INFO iter=155100 epoch=23 lr=1.80e-04 G=4.064 advA2B=0.562 advB2A=0.635 cycA=0.089 cycB=0.107 idtA=0.077 idtB=0.104 D_A=0.120 D_B=0.139 D_A(real)=0.78 D_A(fake)=0.21 gnG=28.01 gnD=10.27 it_per_s=10.12
2026-10-02 15:12:53,144 INFO iter=155200 epoch=23 lr=1.79e-04 G=4.064 advA2B=0.566 advB2A=0.645 cycA=0.088 cycB=0.108 idtA=0.076 idtB=0.104 D_A=0.119 D_B=0.143 D_A(real)=0.79 D_A(fake)=0.21 gnG=28.07 gnD=10.44 it_per_s=10.13
2026-10-02 15:13:02,979 INFO iter=155300 epoch=23 lr=1.79e-04 G=4.066 advA2B=0.571 advB2A=0.649 cycA=0.087 cycB=0.108 idtA=0.076 idtB=0.103 D_A=0.115 D_B=0.141 D_A(real)=0.79 D_A(fake)=0.21 gnG=28.20 gnD=10.32 it_per_s=10.14
2026-10-02 15:13:12,913 INFO iter=155400 epoch=23 lr=1.79e-04 G=4.081 advA2B=0.569 advB2A=0.643 cycA=0.088 cycB=0.109 idtA=0.076 idtB=0.103 D_A=0.115 D_B=0.140 D_A(real)=0.79 D_A(fake)=0.21 gnG=28.06 gnD=10.32 it_per_s=10.13
2026-10-02 15:13:22,729 INFO iter=155500 epoch=23 lr=1.79e-04 G=4.064 advA2B=0.563 advB2A=0.639 cycA=0.088 cycB=0.109 idtA=0.076 idtB=0.104 D_A=0.115 D_B=0.142 D_A(real)=0.79 D_A(fake)=0.21 gnG=28.22 gnD=10.36 it_per_s=10.14
2026-10-02 15:13:32,552 INFO iter=155600 epoch=23 lr=1.79e-04 G=4.101 advA2B=0.567 advB2A=0.650 cycA=0.088 cycB=0.110 idtA=0.077 idtB=0.104 D_A=0.116 D_B=0.144 D_A(real)=0.79 D_A(fake)=0.21 gnG=28.41 gnD=10.44 it_per_s=10.14
2026-10-02 15:13:42,435 INFO iter=155700 epoch=23 lr=1.79e-04 G=4.094 advA2B=0.566 advB2A=0.649 cycA=0.089 cycB=0.109 idtA=0.077 idtB=0.104 D_A=0.115 D_B=0.143 D_A(real)=0.79 D_A(fake)=0.21 gnG=28.54 gnD=10.39 it_per_s=10.14
2026-10-02 15:13:52,307 INFO iter=155800 epoch=23 lr=1.79e-04 G=4.110 advA2B=0.565 advB2A=0.654 cycA=0.088 cycB=0.110 idtA=0.077 idtB=0.105 D_A=0.115 D_B=0.144 D_A(real)=0.79 D_A(fake)=0.21 gnG=28.59 gnD=10.40 it_per_s=10.14
2026-10-02 15:14:02,152 INFO iter=155900 epoch=23 lr=1.78e-04 G=4.104 advA2B=0.565 advB2A=0.656 cycA=0.088 cycB=0.110 idtA=0.077 idtB=0.104 D_A=0.116 D_B=0.143 D_A(real)=0.79 D_A(fake)=0.21 gnG=28.58 gnD=10.38 it_per_s=10.14
2026-10-02 15:14:11,973 INFO iter=156000 epoch=23 lr=1.78e-04 G=4.094 advA2B=0.566 advB2A=0.656 cycA=0.088 cycB=0.109 idtA=0.076 idtB=0.104 D_A=0.115 D_B=0.142 D_A(real)=0.79 D_A(fake)=0.21 gnG=28.35 gnD=10.38 it_per_s=10.14
2026-10-02 15:14:21,794 INFO iter=156100 epoch=23 lr=1.78e-04 G=4.083 advA2B=0.568 advB2A=0.655 cycA=0.088 cycB=0.109 idtA=0.076 idtB=0.103 D_A=0.115 D_B=0.141 D_A(real)=0.79 D_A(fake)=0.21 gnG=28.17 gnD=10.41 it_per_s=10.15
2026-10-02 15:14:31,635 INFO iter=156200 epoch=23 lr=1.78e-04 G=4.085 advA2B=0.569 advB2A=0.650 cycA=0.088 cycB=0.109 idtA=0.076 idtB=0.103 D_A=0.114 D_B=0.142 D_A(real)=0.79 D_A(fake)=0.21 gnG=28.08 gnD=10.43 it_per_s=10.15
2026-10-02 15:14:41,439 INFO iter=156300 epoch=23 lr=1.78e-04 G=4.085 advA2B=0.569 advB2A=0.651 cycA=0.088 cycB=0.109 idtA=0.076 idtB=0.103 D_A=0.113 D_B=0.143 D_A(real)=0.80 D_A(fake)=0.20 gnG=28.14 gnD=10.46 it_per_s=10.15
2026-10-02 15:14:51,237 INFO iter=156400 epoch=23 lr=1.78e-04 G=4.079 advA2B=0.567 advB2A=0.653 cycA=0.088 cycB=0.108 idtA=0.076 idtB=0.103 D_A=0.114 D_B=0.144 D_A(real)=0.80 D_A(fake)=0.20 gnG=28.17 gnD=10.51 it_per_s=10.15
2026-10-02 15:15:01,104 INFO iter=156500 epoch=23 lr=1.78e-04 G=4.074 advA2B=0.569 advB2A=0.653 cycA=0.088 cycB=0.108 idtA=0.076 idtB=0.102 D_A=0.114 D_B=0.143 D_A(real)=0.79 D_A(fake)=0.21 gnG=28.05 gnD=10.47 it_per_s=10.15
2026-10-02 15:15:10,923 INFO iter=156600 epoch=23 lr=1.77e-04 G=4.075 advA2B=0.569 advB2A=0.653 cycA=0.088 cycB=0.108 idtA=0.076 idtB=0.102 D_A=0.114 D_B=0.144 D_A(real)=0.79 D_A(fake)=0.21 gnG=27.95 gnD=10.48 it_per_s=10.16
2026-10-02 15:15:20,764 INFO iter=156700 epoch=23 lr=1.77e-04 G=4.073 advA2B=0.566 advB2A=0.654 cycA=0.088 cycB=0.108 idtA=0.076 idtB=0.102 D_A=0.114 D_B=0.143 D_A(real)=0.79 D_A(fake)=0.21 gnG=28.07 gnD=10.46 it_per_s=10.16
2026-10-02 15:15:30,587 INFO iter=156800 epoch=23 lr=1.77e-04 G=4.076 advA2B=0.566 advB2A=0.656 cycA=0.088 cycB=0.109 idtA=0.076 idtB=0.102 D_A=0.114 D_B=0.143 D_A(real)=0.79 D_A(fake)=0.21 gnG=28.20 gnD=10.47 it_per_s=10.16
2026-10-02 15:15:40,397 INFO iter=156900 epoch=23 lr=1.77e-04 G=4.071 advA2B=0.568 advB2A=0.655 cycA=0.088 cycB=0.108 idtA=0.076 idtB=0.102 D_A=0.114 D_B=0.143 D_A(real)=0.79 D_A(fake)=0.21 gnG=28.24 gnD=10.44 it_per_s=10.16
2026-10-02 15:15:50,202 INFO iter=157000 epoch=23 lr=1.77e-04 G=4.071 advA2B=0.569 advB2A=0.654 cycA=0.088 cycB=0.108 idtA=0.076 idtB=0.102 D_A=0.113 D_B=0.142 D_A(real)=0.80 D_A(fake)=0.20 gnG=28.23 gnD=10.43 it_per_s=10.16
2026-10-02 15:16:00,194 INFO iter=157100 epoch=23 lr=1.77e-04 G=4.078 advA2B=0.570 advB2A=0.658 cycA=0.088 cycB=0.108 idtA=0.076 idtB=0.102 D_A=0.113 D_B=0.143 D_A(real)=0.79 D_A(fake)=0.21 gnG=28.26 gnD=10.45 it_per_s=10.15
2026-10-02 15:16:10,028 INFO iter=157200 epoch=23 lr=1.77e-04 G=4.073 advA2B=0.569 advB2A=0.658 cycA=0.088 cycB=0.108 idtA=0.076 idtB=0.102 D_A=0.113 D_B=0.143 D_A(real)=0.79 D_A(fake)=0.20 gnG=28.23 gnD=10.44 it_per_s=10.15
2026-10-02 15:16:19,860 INFO iter=157300 epoch=23 lr=1.77e-04 G=4.078 advA2B=0.574 advB2A=0.660 cycA=0.088 cycB=0.108 idtA=0.076 idtB=0.102 D_A=0.113 D_B=0.143 D_A(real)=0.80 D_A(fake)=0.20 gnG=28.34 gnD=10.44 it_per_s=10.15
2026-10-02 15:16:30,009 INFO iter=157400 epoch=23 lr=1.76e-04 G=4.085 advA2B=0.576 advB2A=0.660 cycA=0.088 cycB=0.108 idtA=0.076 idtB=0.102 D_A=0.113 D_B=0.142 D_A(real)=0.80 D_A(fake)=0.20 gnG=28.42 gnD=10.43 it_per_s=10.14
2026-10-02 15:16:39,966 INFO iter=157500 epoch=23 lr=1.76e-04 G=4.086 advA2B=0.576 advB2A=0.660 cycA=0.088 cycB=0.108 idtA=0.076 idtB=0.102 D_A=0.113 D_B=0.142 D_A(real)=0.80 D_A(fake)=0.20 gnG=28.43 gnD=10.44 it_per_s=10.14
2026-10-02 15:16:49,835 INFO iter=157600 epoch=23 lr=1.76e-04 G=4.084 advA2B=0.576 advB2A=0.660 cycA=0.088 cycB=0.108 idtA=0.076 idtB=0.102 D_A=0.114 D_B=0.141 D_A(real)=0.79 D_A(fake)=0.21 gnG=28.37 gnD=10.44 it_per_s=10.14
2026-10-02 15:16:59,709 INFO iter=157700 epoch=23 lr=1.76e-04 G=4.089 advA2B=0.577 advB2A=0.658 cycA=0.088 cycB=0.108 idtA=0.076 idtB=0.102 D_A=0.113 D_B=0.141 D_A(real)=0.80 D_A(fake)=0.20 gnG=28.51 gnD=10.45 it_per_s=10.14
2026-10-02 15:17:09,528 INFO iter=157800 epoch=23 lr=1.76e-04 G=4.089 advA2B=0.579 advB2A=0.656 cycA=0.088 cycB=0.108 idtA=0.076 idtB=0.102 D_A=0.113 D_B=0.141 D_A(real)=0.80 D_A(fake)=0.20 gnG=28.54 gnD=10.45 it_per_s=10.14
2026-10-02 15:17:19,381 INFO iter=157900 epoch=23 lr=1.76e-04 G=4.089 advA2B=0.579 advB2A=0.656 cycA=0.088 cycB=0.108 idtA=0.076 idtB=0.102 D_A=0.113 D_B=0.141 D_A(real)=0.80 D_A(fake)=0.20 gnG=28.64 gnD=10.45 it_per_s=10.14
2026-10-02 15:17:29,239 INFO iter=158000 epoch=23 lr=1.76e-04 G=4.092 advA2B=0.578 advB2A=0.658 cycA=0.088 cycB=0.108 idtA=0.076 idtB=0.102 D_A=0.113 D_B=0.142 D_A(real)=0.80 D_A(fake)=0.20 gnG=28.74 gnD=10.47 it_per_s=10.14
2026-10-02 15:17:39,072 INFO iter=158100 epoch=23 lr=1.75e-04 G=4.092 advA2B=0.579 advB2A=0.660 cycA=0.088 cycB=0.108 idtA=0.076 idtB=0.102 D_A=0.113 D_B=0.141 D_A(real)=0.80 D_A(fake)=0.20 gnG=28.78 gnD=10.47 it_per_s=10.14
2026-10-02 15:17:48,913 INFO iter=158200 epoch=23 lr=1.75e-04 G=4.095 advA2B=0.579 advB2A=0.659 cycA=0.088 cycB=0.108 idtA=0.076 idtB=0.102 D_A=0.113 D_B=0.141 D_A(real)=0.80 D_A(fake)=0.20 gnG=28.76 gnD=10.49 it_per_s=10.14
2026-10-02 15:17:58,717 INFO iter=158300 epoch=23 lr=1.75e-04 G=4.097 advA2B=0.580 advB2A=0.659 cycA=0.088 cycB=0.108 idtA=0.076 idtB=0.102 D_A=0.113 D_B=0.141 D_A(real)=0.80 D_A(fake)=0.20 gnG=28.79 gnD=10.47 it_per_s=10.14
2026-10-02 15:18:08,583 INFO iter=158400 epoch=23 lr=1.75e-04 G=4.094 advA2B=0.579 advB2A=0.658 cycA=0.088 cycB=0.108 idtA=0.076 idtB=0.102 D_A=0.113 D_B=0.142 D_A(real)=0.80 D_A(fake)=0.20 gnG=28.83 gnD=10.49 it_per_s=10.14
2026-10-02 15:18:18,414 INFO iter=158500 epoch=23 lr=1.75e-04 G=4.092 advA2B=0.579 advB2A=0.658 cycA=0.088 cycB=0.108 idtA=0.076 idtB=0.102 D_A=0.113 D_B=0.142 D_A(real)=0.80 D_A(fake)=0.20 gnG=28.87 gnD=10.49 it_per_s=10.14
2026-10-02 15:18:28,266 INFO iter=158600 epoch=23 lr=1.75e-04 G=4.087 advA2B=0.579 advB2A=0.656 cycA=0.088 cycB=0.108 idtA=0.076 idtB=0.102 D_A=0.113 D_B=0.142 D_A(real)=0.80 D_A(fake)=0.20 gnG=28.91 gnD=10.50 it_per_s=10.14
2026-10-02 15:18:38,131 INFO iter=158700 epoch=23 lr=1.75e-04 G=4.085 advA2B=0.578 advB2A=0.655 cycA=0.088 cycB=0.108 idtA=0.076 idtB=0.102 D_A=0.113 D_B=0.142 D_A(real)=0.80 D_A(fake)=0.20 gnG=28.93 gnD=10.48 it_per_s=10.14
2026-10-02 15:18:47,979 INFO iter=158800 epoch=23 lr=1.74e-04 G=4.084 advA2B=0.579 advB2A=0.656 cycA=0.088 cycB=0.108 idtA=0.076 idtB=0.102 D_A=0.112 D_B=0.142 D_A(real)=0.80 D_A(fake)=0.20 gnG=28.89 gnD=10.47 it_per_s=10.14
2026-10-02 15:18:57,786 INFO iter=158900 epoch=23 lr=1.74e-04 G=4.087 advA2B=0.578 advB2A=0.658 cycA=0.088 cycB=0.108 idtA=0.076 idtB=0.102 D_A=0.112 D_B=0.142 D_A(real)=0.80 D_A(fake)=0.20 gnG=28.88 gnD=10.46 it_per_s=10.15
2026-10-02 15:19:07,680 INFO iter=159000 epoch=23 lr=1.74e-04 G=4.082 advA2B=0.577 advB2A=0.659 cycA=0.088 cycB=0.108 idtA=0.076 idtB=0.101 D_A=0.111 D_B=0.142 D_A(real)=0.80 D_A(fake)=0.20 gnG=28.90 gnD=10.46 it_per_s=10.14
2026-10-02 15:19:17,514 INFO iter=159100 epoch=23 lr=1.74e-04 G=4.088 advA2B=0.577 advB2A=0.660 cycA=0.088 cycB=0.108 idtA=0.076 idtB=0.102 D_A=0.111 D_B=0.142 D_A(real)=0.80 D_A(fake)=0.20 gnG=28.88 gnD=10.43 it_per_s=10.15
2026-10-02 15:19:27,428 INFO iter=159200 epoch=23 lr=1.74e-04 G=4.092 advA2B=0.579 advB2A=0.661 cycA=0.088 cycB=0.108 idtA=0.076 idtB=0.102 D_A=0.111 D_B=0.142 D_A(real)=0.80 D_A(fake)=0.20 gnG=28.87 gnD=10.43 it_per_s=10.14
2026-10-02 15:19:37,270 INFO iter=159300 epoch=23 lr=1.74e-04 G=4.092 advA2B=0.579 advB2A=0.660 cycA=0.088 cycB=0.108 idtA=0.076 idtB=0.102 D_A=0.111 D_B=0.142 D_A(real)=0.80 D_A(fake)=0.20 gnG=28.84 gnD=10.44 it_per_s=10.14
2026-10-02 15:19:47,102 INFO iter=159400 epoch=23 lr=1.74e-04 G=4.090 advA2B=0.578 advB2A=0.661 cycA=0.088 cycB=0.108 idtA=0.076 idtB=0.102 D_A=0.111 D_B=0.142 D_A(real)=0.80 D_A(fake)=0.20 gnG=28.82 gnD=10.42 it_per_s=10.14
2026-10-02 15:19:56,970 INFO iter=159500 epoch=23 lr=1.73e-04 G=4.088 advA2B=0.577 advB2A=0.662 cycA=0.088 cycB=0.108 idtA=0.076 idtB=0.102 D_A=0.112 D_B=0.142 D_A(real)=0.80 D_A(fake)=0.20 gnG=28.85 gnD=10.43 it_per_s=10.14
2026-10-02 15:20:06,764 INFO iter=159600 epoch=23 lr=1.73e-04 G=4.085 advA2B=0.577 advB2A=0.662 cycA=0.088 cycB=0.108 idtA=0.076 idtB=0.102 D_A=0.111 D_B=0.142 D_A(real)=0.80 D_A(fake)=0.20 gnG=28.80 gnD=10.43 it_per_s=10.15
2026-10-02 15:20:16,579 INFO iter=159700 epoch=23 lr=1.73e-04 G=4.082 advA2B=0.576 advB2A=0.663 cycA=0.088 cycB=0.108 idtA=0.076 idtB=0.102 D_A=0.111 D_B=0.142 D_A(real)=0.80 D_A(fake)=0.20 gnG=28.76 gnD=10.43 it_per_s=10.15
2026-10-02 15:20:26,359 INFO iter=159800 epoch=23 lr=1.73e-04 G=4.082 advA2B=0.577 advB2A=0.663 cycA=0.088 cycB=0.108 idtA=0.076 idtB=0.102 D_A=0.112 D_B=0.142 D_A(real)=0.80 D_A(fake)=0.20 gnG=28.79 gnD=10.44 it_per_s=10.15
2026-10-02 15:20:36,136 INFO iter=159900 epoch=23 lr=1.73e-04 G=4.084 advA2B=0.578 advB2A=0.661 cycA=0.088 cycB=0.108 idtA=0.076 idtB=0.102 D_A=0.112 D_B=0.141 D_A(real)=0.80 D_A(fake)=0.20 gnG=28.77 gnD=10.44 it_per_s=10.15
2026-10-02 15:20:45,975 INFO iter=160000 epoch=23 lr=1.73e-04 G=4.084 advA2B=0.577 advB2A=0.661 cycA=0.088 cycB=0.108 idtA=0.076 idtB=0.102 D_A=0.112 D_B=0.141 D_A(real)=0.80 D_A(fake)=0.20 gnG=28.79 gnD=10.45 it_per_s=10.15
2026-10-02 15:20:55,810 INFO iter=160100 epoch=23 lr=1.73e-04 G=4.086 advA2B=0.577 advB2A=0.662 cycA=0.088 cycB=0.108 idtA=0.076 idtB=0.102 D_A=0.111 D_B=0.141 D_A(real)=0.80 D_A(fake)=0.20 gnG=28.79 gnD=10.45 it_per_s=10.15
2026-10-02 15:21:05,691 INFO iter=160200 epoch=23 lr=1.72e-04 G=4.090 advA2B=0.579 advB2A=0.663 cycA=0.088 cycB=0.108 idtA=0.076 idtB=0.102 D_A=0.111 D_B=0.141 D_A(real)=0.80 D_A(fake)=0.20 gnG=28.87 gnD=10.45 it_per_s=10.15
2026-10-02 15:21:15,500 INFO iter=160300 epoch=23 lr=1.72e-04 G=4.093 advA2B=0.580 advB2A=0.663 cycA=0.088 cycB=0.108 idtA=0.076 idtB=0.102 D_A=0.111 D_B=0.141 D_A(real)=0.80 D_A(fake)=0.20 gnG=28.88 gnD=10.45 it_per_s=10.15
2026-10-02 15:21:25,319 INFO iter=160400 epoch=23 lr=1.72e-04 G=4.092 advA2B=0.580 advB2A=0.663 cycA=0.088 cycB=0.108 idtA=0.076 idtB=0.102 D_A=0.111 D_B=0.141 D_A(real)=0.80 D_A(fake)=0.20 gnG=28.91 gnD=10.44 it_per_s=10.15
2026-10-02 15:21:35,128 INFO iter=160500 epoch=23 lr=1.72e-04 G=4.093 advA2B=0.580 advB2A=0.663 cycA=0.088 cycB=0.108 idtA=0.076 idtB=0.102 D_A=0.111 D_B=0.141 D_A(real)=0.80 D_A(fake)=0.20 gnG=28.95 gnD=10.44 it_per_s=10.15
2026-10-02 15:21:45,067 INFO iter=160600 epoch=23 lr=1.72e-04 G=4.095 advA2B=0.580 advB2A=0.663 cycA=0.088 cycB=0.109 idtA=0.076 idtB=0.102 D_A=0.111 D_B=0.141 D_A(real)=0.80 D_A(fake)=0.20 gnG=28.95 gnD=10.44 it_per_s=10.15
2026-10-02 15:21:54,970 INFO iter=160700 epoch=23 lr=1.72e-04 G=4.097 advA2B=0.580 advB2A=0.664 cycA=0.088 cycB=0.109 idtA=0.076 idtB=0.102 D_A=0.111 D_B=0.141 D_A(real)=0.80 D_A(fake)=0.20 gnG=28.97 gnD=10.43 it_per_s=10.15
2026-10-02 15:22:04,812 INFO iter=160800 epoch=23 lr=1.72e-04 G=4.099 advA2B=0.580 advB2A=0.665 cycA=0.088 cycB=0.109 idtA=0.076 idtB=0.102 D_A=0.110 D_B=0.141 D_A(real)=0.80 D_A(fake)=0.20 gnG=29.04 gnD=10.42 it_per_s=10.15
2026-10-02 15:22:14,640 INFO iter=160900 epoch=23 lr=1.71e-04 G=4.103 advA2B=0.581 advB2A=0.665 cycA=0.088 cycB=0.109 idtA=0.076 idtB=0.102 D_A=0.110 D_B=0.141 D_A(real)=0.80 D_A(fake)=0.20 gnG=29.16 gnD=10.42 it_per_s=10.15
2026-10-02 15:22:24,455 INFO iter=161000 epoch=23 lr=1.71e-04 G=4.107 advA2B=0.583 advB2A=0.666 cycA=0.088 cycB=0.109 idtA=0.076 idtB=0.102 D_A=0.110 D_B=0.141 D_A(real)=0.80 D_A(fake)=0.20 gnG=29.17 gnD=10.42 it_per_s=10.15
2026-10-02 15:22:34,253 INFO iter=161100 epoch=23 lr=1.71e-04 G=4.108 advA2B=0.584 advB2A=0.668 cycA=0.088 cycB=0.109 idtA=0.076 idtB=0.102 D_A=0.110 D_B=0.141 D_A(real)=0.80 D_A(fake)=0.20 gnG=29.14 gnD=10.42 it_per_s=10.15
2026-10-02 15:22:44,084 INFO iter=161200 epoch=23 lr=1.71e-04 G=4.105 advA2B=0.584 advB2A=0.667 cycA=0.088 cycB=0.109 idtA=0.076 idtB=0.102 D_A=0.110 D_B=0.141 D_A(real)=0.80 D_A(fake)=0.20 gnG=29.13 gnD=10.42 it_per_s=10.15
2026-10-02 15:22:53,892 INFO iter=161300 epoch=23 lr=1.71e-04 G=4.103 advA2B=0.584 advB2A=0.667 cycA=0.088 cycB=0.109 idtA=0.075 idtB=0.102 D_A=0.110 D_B=0.141 D_A(real)=0.80 D_A(fake)=0.20 gnG=29.15 gnD=10.42 it_per_s=10.15
2026-10-02 15:23:03,722 INFO iter=161400 epoch=23 lr=1.71e-04 G=4.102 advA2B=0.583 advB2A=0.667 cycA=0.088 cycB=0.109 idtA=0.075 idtB=0.102 D_A=0.110 D_B=0.141 D_A(real)=0.80 D_A(fake)=0.20 gnG=29.14 gnD=10.41 it_per_s=10.15
2026-10-02 15:23:13,506 INFO iter=161500 epoch=23 lr=1.71e-04 G=4.103 advA2B=0.584 advB2A=0.667 cycA=0.088 cycB=0.109 idtA=0.075 idtB=0.102 D_A=0.110 D_B=0.141 D_A(real)=0.80 D_A(fake)=0.20 gnG=29.13 gnD=10.41 it_per_s=10.15
2026-10-02 15:23:23,306 INFO iter=161600 epoch=23 lr=1.70e-04 G=4.102 advA2B=0.583 advB2A=0.667 cycA=0.088 cycB=0.109 idtA=0.075 idtB=0.102 D_A=0.110 D_B=0.141 D_A(real)=0.80 D_A(fake)=0.20 gnG=29.13 gnD=10.42 it_per_s=10.15
2026-10-02 15:23:33,096 INFO iter=161700 epoch=23 lr=1.70e-04 G=4.099 advA2B=0.582 advB2A=0.667 cycA=0.088 cycB=0.108 idtA=0.075 idtB=0.102 D_A=0.110 D_B=0.141 D_A(real)=0.80 D_A(fake)=0.20 gnG=29.14 gnD=10.42 it_per_s=10.16
2026-10-02 15:23:42,924 INFO iter=161800 epoch=23 lr=1.70e-04 G=4.098 advA2B=0.582 advB2A=0.668 cycA=0.088 cycB=0.108 idtA=0.075 idtB=0.102 D_A=0.109 D_B=0.141 D_A(real)=0.80 D_A(fake)=0.20 gnG=29.17 gnD=10.41 it_per_s=10.16
2026-10-02 15:23:50,192 INFO epoch=23 done time_s=693 it_per_s=10.16 G=4.097 cycA=0.088 cycB=0.108 idtA=0.075 idtB=0.102 D_A=0.110 D_B=0.141 D_A(real)=0.80 D_A(fake)=0.20 nan_count=0
2026-10-02 15:23:53,335 INFO iter=161900 epoch=24 lr=1.70e-04 G=3.803 advA2B=0.571 advB2A=0.604 cycA=0.087 cycB=0.095 idtA=0.075 idtB=0.087 D_A=0.079 D_B=0.152 D_A(real)=0.85 D_A(fake)=0.15 gnG=28.61 gnD=10.86 it_per_s=10.09
2026-10-02 15:24:03,232 INFO iter=162000 epoch=24 lr=1.70e-04 G=3.869 advA2B=0.534 advB2A=0.648 cycA=0.085 cycB=0.101 idtA=0.072 idtB=0.094 D_A=0.097 D_B=0.144 D_A(real)=0.82 D_A(fake)=0.18 gnG=28.63 gnD=10.07 it_per_s=10.10
2026-10-02 15:24:13,050 INFO iter=162100 epoch=24 lr=1.70e-04 G=3.895 advA2B=0.530 advB2A=0.657 cycA=0.086 cycB=0.102 idtA=0.073 idtB=0.093 D_A=0.099 D_B=0.153 D_A(real)=0.82 D_A(fake)=0.19 gnG=28.07 gnD=10.21 it_per_s=10.14
2026-10-02 15:24:22,851 INFO iter=162200 epoch=24 lr=1.70e-04 G=3.945 advA2B=0.531 advB2A=0.669 cycA=0.085 cycB=0.105 idtA=0.073 idtB=0.096 D_A=0.102 D_B=0.151 D_A(real)=0.81 D_A(fake)=0.19 gnG=27.73 gnD=10.25 it_per_s=10.16
2026-10-02 15:24:32,682 INFO iter=162300 epoch=24 lr=1.69e-04 G=4.018 advA2B=0.546 advB2A=0.686 cycA=0.085 cycB=0.108 idtA=0.072 idtB=0.099 D_A=0.102 D_B=0.144 D_A(real)=0.81 D_A(fake)=0.19 gnG=27.17 gnD=10.24 it_per_s=10.16
2026-10-02 15:24:42,503 INFO iter=162400 epoch=24 lr=1.69e-04 G=4.006 advA2B=0.550 advB2A=0.678 cycA=0.086 cycB=0.107 idtA=0.073 idtB=0.098 D_A=0.101 D_B=0.140 D_A(real)=0.81 D_A(fake)=0.19 gnG=27.38 gnD=10.23 it_per_s=10.17
2026-10-02 15:24:52,318 INFO iter=162500 epoch=24 lr=1.69e-04 G=3.990 advA2B=0.549 advB2A=0.669 cycA=0.085 cycB=0.107 idtA=0.072 idtB=0.098 D_A=0.104 D_B=0.141 D_A(real)=0.81 D_A(fake)=0.19 gnG=27.75 gnD=10.37 it_per_s=10.17
2026-10-02 15:25:02,196 INFO iter=162600 epoch=24 lr=1.69e-04 G=3.996 advA2B=0.546 advB2A=0.660 cycA=0.085 cycB=0.108 idtA=0.073 idtB=0.099 D_A=0.104 D_B=0.141 D_A(real)=0.81 D_A(fake)=0.19 gnG=28.41 gnD=10.43 it_per_s=10.16
2026-10-02 15:25:11,996 INFO iter=162700 epoch=24 lr=1.69e-04 G=3.986 advA2B=0.544 advB2A=0.661 cycA=0.086 cycB=0.106 idtA=0.074 idtB=0.098 D_A=0.107 D_B=0.143 D_A(real)=0.80 D_A(fake)=0.20 gnG=28.21 gnD=10.48 it_per_s=10.17
2026-10-02 15:25:21,832 INFO iter=162800 epoch=24 lr=1.69e-04 G=3.980 advA2B=0.544 advB2A=0.659 cycA=0.086 cycB=0.106 idtA=0.074 idtB=0.098 D_A=0.106 D_B=0.141 D_A(real)=0.81 D_A(fake)=0.19 gnG=28.29 gnD=10.41 it_per_s=10.17
2026-10-02 15:25:31,707 INFO iter=162900 epoch=24 lr=1.69e-04 G=3.987 advA2B=0.546 advB2A=0.663 cycA=0.086 cycB=0.106 idtA=0.074 idtB=0.098 D_A=0.106 D_B=0.140 D_A(real)=0.81 D_A(fake)=0.19 gnG=28.25 gnD=10.36 it_per_s=10.16
2026-10-02 15:25:41,524 INFO iter=163000 epoch=24 lr=1.68e-04 G=4.014 advA2B=0.551 advB2A=0.670 cycA=0.086 cycB=0.106 idtA=0.074 idtB=0.099 D_A=0.105 D_B=0.140 D_A(real)=0.81 D_A(fake)=0.19 gnG=28.38 gnD=10.40 it_per_s=10.17
2026-10-02 15:25:51,319 INFO iter=163100 epoch=24 lr=1.68e-04 G=4.020 advA2B=0.553 advB2A=0.671 cycA=0.086 cycB=0.106 idtA=0.074 idtB=0.099 D_A=0.105 D_B=0.140 D_A(real)=0.81 D_A(fake)=0.19 gnG=28.39 gnD=10.43 it_per_s=10.17
2026-10-02 15:26:01,168 INFO iter=163200 epoch=24 lr=1.68e-04 G=4.023 advA2B=0.553 advB2A=0.673 cycA=0.086 cycB=0.107 idtA=0.074 idtB=0.099 D_A=0.106 D_B=0.140 D_A(real)=0.80 D_A(fake)=0.20 gnG=28.75 gnD=10.46 it_per_s=10.17
2026-10-02 15:26:10,998 INFO iter=163300 epoch=24 lr=1.68e-04 G=4.021 advA2B=0.553 advB2A=0.676 cycA=0.086 cycB=0.106 idtA=0.074 idtB=0.099 D_A=0.106 D_B=0.140 D_A(real)=0.80 D_A(fake)=0.20 gnG=28.70 gnD=10.46 it_per_s=10.17
2026-10-02 15:26:20,832 INFO iter=163400 epoch=24 lr=1.68e-04 G=4.034 advA2B=0.553 advB2A=0.674 cycA=0.086 cycB=0.107 idtA=0.074 idtB=0.100 D_A=0.106 D_B=0.141 D_A(real)=0.80 D_A(fake)=0.20 gnG=28.70 gnD=10.50 it_per_s=10.17
2026-10-02 15:26:30,634 INFO iter=163500 epoch=24 lr=1.68e-04 G=4.042 advA2B=0.556 advB2A=0.676 cycA=0.086 cycB=0.107 idtA=0.074 idtB=0.101 D_A=0.107 D_B=0.141 D_A(real)=0.80 D_A(fake)=0.20 gnG=28.57 gnD=10.52 it_per_s=10.17
2026-10-02 15:26:40,430 INFO iter=163600 epoch=24 lr=1.68e-04 G=4.039 advA2B=0.555 advB2A=0.678 cycA=0.086 cycB=0.107 idtA=0.074 idtB=0.101 D_A=0.107 D_B=0.142 D_A(real)=0.80 D_A(fake)=0.20 gnG=28.53 gnD=10.52 it_per_s=10.17
2026-10-02 15:26:50,242 INFO iter=163700 epoch=24 lr=1.67e-04 G=4.045 advA2B=0.555 advB2A=0.676 cycA=0.086 cycB=0.108 idtA=0.074 idtB=0.101 D_A=0.107 D_B=0.142 D_A(real)=0.80 D_A(fake)=0.20 gnG=28.73 gnD=10.51 it_per_s=10.17
2026-10-02 15:27:00,116 INFO iter=163800 epoch=24 lr=1.67e-04 G=4.056 advA2B=0.558 advB2A=0.677 cycA=0.086 cycB=0.108 idtA=0.074 idtB=0.102 D_A=0.107 D_B=0.142 D_A(real)=0.80 D_A(fake)=0.20 gnG=29.01 gnD=10.50 it_per_s=10.17
2026-10-02 15:27:09,998 INFO iter=163900 epoch=24 lr=1.67e-04 G=4.058 advA2B=0.561 advB2A=0.675 cycA=0.086 cycB=0.108 idtA=0.074 idtB=0.102 D_A=0.107 D_B=0.142 D_A(real)=0.80 D_A(fake)=0.20 gnG=29.14 gnD=10.50 it_per_s=10.17
2026-10-02 15:27:19,837 INFO iter=164000 epoch=24 lr=1.67e-04 G=4.062 advA2B=0.563 advB2A=0.676 cycA=0.086 cycB=0.108 idtA=0.074 idtB=0.102 D_A=0.106 D_B=0.142 D_A(real)=0.80 D_A(fake)=0.20 gnG=29.24 gnD=10.49 it_per_s=10.17
2026-10-02 15:27:29,638 INFO iter=164100 epoch=24 lr=1.67e-04 G=4.067 advA2B=0.564 advB2A=0.679 cycA=0.086 cycB=0.108 idtA=0.074 idtB=0.102 D_A=0.106 D_B=0.141 D_A(real)=0.80 D_A(fake)=0.20 gnG=29.13 gnD=10.48 it_per_s=10.17
2026-10-02 15:27:39,440 INFO iter=164200 epoch=24 lr=1.67e-04 G=4.061 advA2B=0.562 advB2A=0.679 cycA=0.086 cycB=0.108 idtA=0.074 idtB=0.102 D_A=0.106 D_B=0.143 D_A(real)=0.81 D_A(fake)=0.20 gnG=28.96 gnD=10.51 it_per_s=10.17
2026-10-02 15:27:49,340 INFO iter=164300 epoch=24 lr=1.67e-04 G=4.061 advA2B=0.564 advB2A=0.679 cycA=0.086 cycB=0.108 idtA=0.074 idtB=0.102 D_A=0.106 D_B=0.143 D_A(real)=0.80 D_A(fake)=0.20 gnG=28.89 gnD=10.51 it_per_s=10.17
2026-10-02 15:27:59,252 INFO iter=164400 epoch=24 lr=1.66e-04 G=4.062 advA2B=0.565 advB2A=0.681 cycA=0.086 cycB=0.108 idtA=0.074 idtB=0.101 D_A=0.106 D_B=0.143 D_A(real)=0.80 D_A(fake)=0.20 gnG=28.94 gnD=10.51 it_per_s=10.17
2026-10-02 15:28:09,066 INFO iter=164500 epoch=24 lr=1.66e-04 G=4.065 advA2B=0.566 advB2A=0.682 cycA=0.086 cycB=0.108 idtA=0.074 idtB=0.101 D_A=0.106 D_B=0.142 D_A(real)=0.80 D_A(fake)=0.19 gnG=29.00 gnD=10.50 it_per_s=10.17
2026-10-02 15:28:18,856 INFO iter=164600 epoch=24 lr=1.66e-04 G=4.066 advA2B=0.568 advB2A=0.681 cycA=0.086 cycB=0.108 idtA=0.074 idtB=0.101 D_A=0.106 D_B=0.142 D_A(real)=0.81 D_A(fake)=0.20 gnG=29.12 gnD=10.51 it_per_s=10.17
2026-10-02 15:28:28,680 INFO iter=164700 epoch=24 lr=1.66e-04 G=4.071 advA2B=0.569 advB2A=0.683 cycA=0.087 cycB=0.108 idtA=0.074 idtB=0.101 D_A=0.106 D_B=0.142 D_A(real)=0.80 D_A(fake)=0.20 gnG=29.09 gnD=10.52 it_per_s=10.17
2026-10-02 15:28:38,491 INFO iter=164800 epoch=24 lr=1.66e-04 G=4.068 advA2B=0.568 advB2A=0.681 cycA=0.087 cycB=0.108 idtA=0.074 idtB=0.101 D_A=0.106 D_B=0.142 D_A(real)=0.80 D_A(fake)=0.20 gnG=29.01 gnD=10.52 it_per_s=10.17
2026-10-02 15:28:48,348 INFO iter=164900 epoch=24 lr=1.66e-04 G=4.072 advA2B=0.569 advB2A=0.682 cycA=0.087 cycB=0.108 idtA=0.074 idtB=0.101 D_A=0.106 D_B=0.142 D_A(real)=0.80 D_A(fake)=0.20 gnG=28.99 gnD=10.52 it_per_s=10.17
2026-10-02 15:28:58,174 INFO iter=165000 epoch=24 lr=1.66e-04 G=4.074 advA2B=0.569 advB2A=0.682 cycA=0.087 cycB=0.108 idtA=0.074 idtB=0.101 D_A=0.106 D_B=0.142 D_A(real)=0.81 D_A(fake)=0.19 gnG=28.94 gnD=10.52 it_per_s=10.17
2026-10-02 15:29:07,979 INFO iter=165100 epoch=24 lr=1.65e-04 G=4.074 advA2B=0.569 advB2A=0.680 cycA=0.086 cycB=0.108 idtA=0.074 idtB=0.102 D_A=0.106 D_B=0.142 D_A(real)=0.81 D_A(fake)=0.20 gnG=28.94 gnD=10.53 it_per_s=10.17
2026-10-02 15:29:17,781 INFO iter=165200 epoch=24 lr=1.65e-04 G=4.073 advA2B=0.569 advB2A=0.680 cycA=0.086 cycB=0.108 idtA=0.074 idtB=0.102 D_A=0.106 D_B=0.142 D_A(real)=0.81 D_A(fake)=0.20 gnG=29.00 gnD=10.53 it_per_s=10.17
2026-10-02 15:29:27,602 INFO iter=165300 epoch=24 lr=1.65e-04 G=4.067 advA2B=0.567 advB2A=0.679 cycA=0.086 cycB=0.108 idtA=0.074 idtB=0.101 D_A=0.106 D_B=0.142 D_A(real)=0.81 D_A(fake)=0.19 gnG=28.99 gnD=10.54 it_per_s=10.17
2026-10-02 15:29:37,402 INFO iter=165400 epoch=24 lr=1.65e-04 G=4.062 advA2B=0.566 advB2A=0.679 cycA=0.086 cycB=0.108 idtA=0.074 idtB=0.101 D_A=0.106 D_B=0.143 D_A(real)=0.80 D_A(fake)=0.20 gnG=28.95 gnD=10.55 it_per_s=10.17
2026-10-02 15:29:47,262 INFO iter=165500 epoch=24 lr=1.65e-04 G=4.059 advA2B=0.566 advB2A=0.678 cycA=0.086 cycB=0.108 idtA=0.074 idtB=0.101 D_A=0.106 D_B=0.143 D_A(real)=0.80 D_A(fake)=0.20 gnG=28.90 gnD=10.56 it_per_s=10.17
2026-10-02 15:29:57,061 INFO iter=165600 epoch=24 lr=1.65e-04 G=4.060 advA2B=0.566 advB2A=0.677 cycA=0.086 cycB=0.108 idtA=0.074 idtB=0.101 D_A=0.106 D_B=0.144 D_A(real)=0.80 D_A(fake)=0.20 gnG=28.90 gnD=10.56 it_per_s=10.17
2026-10-02 15:30:06,895 INFO iter=165700 epoch=24 lr=1.65e-04 G=4.059 advA2B=0.567 advB2A=0.677 cycA=0.086 cycB=0.108 idtA=0.074 idtB=0.101 D_A=0.106 D_B=0.143 D_A(real)=0.80 D_A(fake)=0.20 gnG=28.93 gnD=10.56 it_per_s=10.17
2026-10-02 15:30:16,727 INFO iter=165800 epoch=24 lr=1.64e-04 G=4.060 advA2B=0.567 advB2A=0.678 cycA=0.086 cycB=0.108 idtA=0.074 idtB=0.101 D_A=0.106 D_B=0.143 D_A(real)=0.80 D_A(fake)=0.20 gnG=28.92 gnD=10.57 it_per_s=10.17
2026-10-02 15:30:26,579 INFO iter=165900 epoch=24 lr=1.64e-04 G=4.059 advA2B=0.568 advB2A=0.679 cycA=0.086 cycB=0.108 idtA=0.073 idtB=0.101 D_A=0.106 D_B=0.143 D_A(real)=0.80 D_A(fake)=0.20 gnG=28.90 gnD=10.57 it_per_s=10.17
2026-10-02 15:30:36,371 INFO iter=166000 epoch=24 lr=1.64e-04 G=4.062 advA2B=0.568 advB2A=0.679 cycA=0.086 cycB=0.108 idtA=0.073 idtB=0.101 D_A=0.106 D_B=0.143 D_A(real)=0.80 D_A(fake)=0.20 gnG=28.94 gnD=10.56 it_per_s=10.17
2026-10-02 15:30:46,220 INFO iter=166100 epoch=24 lr=1.64e-04 G=4.062 advA2B=0.569 advB2A=0.679 cycA=0.086 cycB=0.108 idtA=0.073 idtB=0.101 D_A=0.106 D_B=0.143 D_A(real)=0.80 D_A(fake)=0.20 gnG=28.93 gnD=10.56 it_per_s=10.17
2026-10-02 15:30:56,072 INFO iter=166200 epoch=24 lr=1.64e-04 G=4.060 advA2B=0.569 advB2A=0.679 cycA=0.086 cycB=0.108 idtA=0.073 idtB=0.101 D_A=0.106 D_B=0.143 D_A(real)=0.80 D_A(fake)=0.20 gnG=28.93 gnD=10.56 it_per_s=10.17
2026-10-02 15:31:05,887 INFO iter=166300 epoch=24 lr=1.64e-04 G=4.059 advA2B=0.569 advB2A=0.680 cycA=0.086 cycB=0.108 idtA=0.073 idtB=0.101 D_A=0.106 D_B=0.143 D_A(real)=0.80 D_A(fake)=0.20 gnG=28.87 gnD=10.56 it_per_s=10.17
2026-10-02 15:31:15,746 INFO iter=166400 epoch=24 lr=1.64e-04 G=4.061 advA2B=0.570 advB2A=0.682 cycA=0.086 cycB=0.108 idtA=0.073 idtB=0.101 D_A=0.106 D_B=0.143 D_A(real)=0.81 D_A(fake)=0.20 gnG=28.96 gnD=10.56 it_per_s=10.17
2026-10-02 15:31:25,628 INFO iter=166500 epoch=24 lr=1.63e-04 G=4.066 advA2B=0.571 advB2A=0.683 cycA=0.086 cycB=0.108 idtA=0.073 idtB=0.101 D_A=0.106 D_B=0.143 D_A(real)=0.81 D_A(fake)=0.19 gnG=28.94 gnD=10.55 it_per_s=10.17
2026-10-02 15:31:35,443 INFO iter=166600 epoch=24 lr=1.63e-04 G=4.066 advA2B=0.572 advB2A=0.684 cycA=0.086 cycB=0.108 idtA=0.073 idtB=0.101 D_A=0.106 D_B=0.143 D_A(real)=0.81 D_A(fake)=0.19 gnG=28.97 gnD=10.54 it_per_s=10.17
2026-10-02 15:31:45,288 INFO iter=166700 epoch=24 lr=1.63e-04 G=4.069 advA2B=0.572 advB2A=0.683 cycA=0.086 cycB=0.108 idtA=0.073 idtB=0.101 D_A=0.105 D_B=0.143 D_A(real)=0.81 D_A(fake)=0.19 gnG=28.94 gnD=10.53 it_per_s=10.17
2026-10-02 15:31:55,146 INFO iter=166800 epoch=24 lr=1.63e-04 G=4.071 advA2B=0.572 advB2A=0.684 cycA=0.086 cycB=0.108 idtA=0.073 idtB=0.101 D_A=0.105 D_B=0.142 D_A(real)=0.81 D_A(fake)=0.19 gnG=28.94 gnD=10.53 it_per_s=10.17
2026-10-02 15:32:04,966 INFO iter=166900 epoch=24 lr=1.63e-04 G=4.065 advA2B=0.571 advB2A=0.684 cycA=0.086 cycB=0.108 idtA=0.073 idtB=0.100 D_A=0.105 D_B=0.142 D_A(real)=0.81 D_A(fake)=0.19 gnG=28.89 gnD=10.54 it_per_s=10.17
2026-10-02 15:32:14,757 INFO iter=167000 epoch=24 lr=1.63e-04 G=4.062 advA2B=0.570 advB2A=0.684 cycA=0.086 cycB=0.108 idtA=0.073 idtB=0.100 D_A=0.105 D_B=0.142 D_A(real)=0.81 D_A(fake)=0.19 gnG=28.91 gnD=10.53 it_per_s=10.17
2026-10-02 15:32:24,624 INFO iter=167100 epoch=24 lr=1.63e-04 G=4.059 advA2B=0.570 advB2A=0.683 cycA=0.086 cycB=0.108 idtA=0.073 idtB=0.100 D_A=0.105 D_B=0.142 D_A(real)=0.81 D_A(fake)=0.19 gnG=28.92 gnD=10.52 it_per_s=10.17
2026-10-02 15:32:34,515 INFO iter=167200 epoch=24 lr=1.62e-04 G=4.058 advA2B=0.570 advB2A=0.683 cycA=0.086 cycB=0.108 idtA=0.073 idtB=0.100 D_A=0.105 D_B=0.142 D_A(real)=0.81 D_A(fake)=0.19 gnG=28.97 gnD=10.53 it_per_s=10.17
2026-10-02 15:32:44,348 INFO iter=167300 epoch=24 lr=1.62e-04 G=4.059 advA2B=0.570 advB2A=0.683 cycA=0.086 cycB=0.108 idtA=0.073 idtB=0.100 D_A=0.105 D_B=0.142 D_A(real)=0.81 D_A(fake)=0.19 gnG=28.98 gnD=10.52 it_per_s=10.17
2026-10-02 15:32:54,179 INFO iter=167400 epoch=24 lr=1.62e-04 G=4.058 advA2B=0.570 advB2A=0.683 cycA=0.086 cycB=0.108 idtA=0.073 idtB=0.100 D_A=0.104 D_B=0.143 D_A(real)=0.81 D_A(fake)=0.19 gnG=28.97 gnD=10.51 it_per_s=10.17
2026-10-02 15:33:04,038 INFO iter=167500 epoch=24 lr=1.62e-04 G=4.057 advA2B=0.570 advB2A=0.682 cycA=0.086 cycB=0.108 idtA=0.073 idtB=0.100 D_A=0.104 D_B=0.143 D_A(real)=0.81 D_A(fake)=0.19 gnG=28.98 gnD=10.50 it_per_s=10.17
2026-10-02 15:33:13,813 INFO iter=167600 epoch=24 lr=1.62e-04 G=4.054 advA2B=0.570 advB2A=0.681 cycA=0.086 cycB=0.108 idtA=0.073 idtB=0.100 D_A=0.104 D_B=0.143 D_A(real)=0.81 D_A(fake)=0.19 gnG=28.99 gnD=10.51 it_per_s=10.17
2026-10-02 15:33:23,705 INFO iter=167700 epoch=24 lr=1.62e-04 G=4.055 advA2B=0.570 advB2A=0.682 cycA=0.086 cycB=0.108 idtA=0.074 idtB=0.100 D_A=0.104 D_B=0.143 D_A(real)=0.81 D_A(fake)=0.19 gnG=29.01 gnD=10.51 it_per_s=10.17
2026-10-02 15:33:33,499 INFO iter=167800 epoch=24 lr=1.62e-04 G=4.054 advA2B=0.570 advB2A=0.682 cycA=0.086 cycB=0.108 idtA=0.074 idtB=0.100 D_A=0.104 D_B=0.143 D_A(real)=0.81 D_A(fake)=0.19 gnG=28.99 gnD=10.51 it_per_s=10.17
2026-10-02 15:33:43,379 INFO iter=167900 epoch=24 lr=1.61e-04 G=4.053 advA2B=0.569 advB2A=0.682 cycA=0.086 cycB=0.108 idtA=0.073 idtB=0.100 D_A=0.104 D_B=0.143 D_A(real)=0.81 D_A(fake)=0.19 gnG=28.94 gnD=10.49 it_per_s=10.17
2026-10-02 15:33:53,193 INFO iter=168000 epoch=24 lr=1.61e-04 G=4.050 advA2B=0.569 advB2A=0.682 cycA=0.086 cycB=0.107 idtA=0.073 idtB=0.100 D_A=0.104 D_B=0.143 D_A(real)=0.81 D_A(fake)=0.19 gnG=28.97 gnD=10.50 it_per_s=10.17
2026-10-02 15:34:03,065 INFO iter=168100 epoch=24 lr=1.61e-04 G=4.050 advA2B=0.568 advB2A=0.683 cycA=0.086 cycB=0.107 idtA=0.073 idtB=0.100 D_A=0.104 D_B=0.143 D_A(real)=0.81 D_A(fake)=0.19 gnG=28.96 gnD=10.50 it_per_s=10.17
2026-10-02 15:34:12,887 INFO iter=168200 epoch=24 lr=1.61e-04 G=4.051 advA2B=0.569 advB2A=0.684 cycA=0.086 cycB=0.107 idtA=0.073 idtB=0.100 D_A=0.104 D_B=0.143 D_A(real)=0.81 D_A(fake)=0.19 gnG=28.98 gnD=10.50 it_per_s=10.17
2026-10-02 15:34:22,719 INFO iter=168300 epoch=24 lr=1.61e-04 G=4.050 advA2B=0.568 advB2A=0.684 cycA=0.086 cycB=0.107 idtA=0.073 idtB=0.100 D_A=0.104 D_B=0.143 D_A(real)=0.81 D_A(fake)=0.19 gnG=28.96 gnD=10.50 it_per_s=10.17
2026-10-02 15:34:32,570 INFO iter=168400 epoch=24 lr=1.61e-04 G=4.051 advA2B=0.568 advB2A=0.684 cycA=0.086 cycB=0.107 idtA=0.073 idtB=0.100 D_A=0.104 D_B=0.143 D_A(real)=0.81 D_A(fake)=0.19 gnG=28.97 gnD=10.50 it_per_s=10.17
2026-10-02 15:34:42,367 INFO iter=168500 epoch=24 lr=1.61e-04 G=4.050 advA2B=0.568 advB2A=0.685 cycA=0.086 cycB=0.107 idtA=0.073 idtB=0.100 D_A=0.104 D_B=0.143 D_A(real)=0.81 D_A(fake)=0.19 gnG=28.98 gnD=10.51 it_per_s=10.17
2026-10-02 15:34:52,211 INFO iter=168600 epoch=24 lr=1.60e-04 G=4.050 advA2B=0.568 advB2A=0.685 cycA=0.086 cycB=0.107 idtA=0.073 idtB=0.100 D_A=0.104 D_B=0.143 D_A(real)=0.81 D_A(fake)=0.19 gnG=28.95 gnD=10.51 it_per_s=10.17
2026-10-02 15:35:02,042 INFO iter=168700 epoch=24 lr=1.60e-04 G=4.046 advA2B=0.568 advB2A=0.684 cycA=0.086 cycB=0.107 idtA=0.073 idtB=0.099 D_A=0.104 D_B=0.143 D_A(real)=0.81 D_A(fake)=0.19 gnG=28.90 gnD=10.51 it_per_s=10.17
2026-10-02 15:35:11,835 INFO iter=168800 epoch=24 lr=1.60e-04 G=4.044 advA2B=0.567 advB2A=0.685 cycA=0.086 cycB=0.107 idtA=0.073 idtB=0.099 D_A=0.104 D_B=0.143 D_A(real)=0.81 D_A(fake)=0.19 gnG=28.90 gnD=10.52 it_per_s=10.17
2026-10-02 15:35:21,645 INFO iter=168900 epoch=24 lr=1.60e-04 G=4.044 advA2B=0.567 advB2A=0.684 cycA=0.086 cycB=0.107 idtA=0.073 idtB=0.099 D_A=0.104 D_B=0.143 D_A(real)=0.81 D_A(fake)=0.19 gnG=28.93 gnD=10.52 it_per_s=10.17
2026-10-02 15:35:22,825 INFO epoch=24 done time_s=692 it_per_s=10.17 G=4.044 cycA=0.086 cycB=0.107 idtA=0.073 idtB=0.099 D_A=0.104 D_B=0.143 D_A(real)=0.81 D_A(fake)=0.19 nan_count=0
2026-10-02 15:35:32,156 INFO iter=169000 epoch=25 lr=1.60e-04 G=4.018 advA2B=0.595 advB2A=0.681 cycA=0.086 cycB=0.107 idtA=0.070 idtB=0.093 D_A=0.111 D_B=0.146 D_A(real)=0.81 D_A(fake)=0.19 gnG=27.74 gnD=11.10 it_per_s=10.05
2026-10-02 15:35:42,039 INFO iter=169100 epoch=25 lr=1.60e-04 G=4.065 advA2B=0.621 advB2A=0.685 cycA=0.086 cycB=0.106 idtA=0.071 idtB=0.096 D_A=0.111 D_B=0.149 D_A(real)=0.81 D_A(fake)=0.20 gnG=27.06 gnD=11.19 it_per_s=10.08
2026-10-02 15:35:51,848 INFO iter=169200 epoch=25 lr=1.60e-04 G=4.075 advA2B=0.607 advB2A=0.713 cycA=0.087 cycB=0.105 idtA=0.073 idtB=0.094 D_A=0.106 D_B=0.144 D_A(real)=0.81 D_A(fake)=0.19 gnG=27.04 gnD=10.86 it_per_s=10.12
2026-10-02 15:36:01,728 INFO iter=169300 epoch=25 lr=1.59e-04 G=4.031 advA2B=0.586 advB2A=0.699 cycA=0.086 cycB=0.104 idtA=0.072 idtB=0.096 D_A=0.103 D_B=0.144 D_A(real)=0.81 D_A(fake)=0.19 gnG=27.06 gnD=10.62 it_per_s=10.12
2026-10-02 15:36:11,621 INFO iter=169400 epoch=25 lr=1.59e-04 G=4.026 advA2B=0.582 advB2A=0.687 cycA=0.086 cycB=0.105 idtA=0.073 idtB=0.097 D_A=0.102 D_B=0.144 D_A(real)=0.81 D_A(fake)=0.19 gnG=27.36 gnD=10.48 it_per_s=10.12
2026-10-02 15:36:21,419 INFO iter=169500 epoch=25 lr=1.59e-04 G=4.006 advA2B=0.575 advB2A=0.695 cycA=0.085 cycB=0.104 idtA=0.073 idtB=0.096 D_A=0.100 D_B=0.143 D_A(real)=0.82 D_A(fake)=0.18 gnG=27.86 gnD=10.44 it_per_s=10.13
2026-10-02 15:36:31,238 INFO iter=169600 epoch=25 lr=1.59e-04 G=4.017 advA2B=0.577 advB2A=0.696 cycA=0.085 cycB=0.104 idtA=0.073 idtB=0.096 D_A=0.099 D_B=0.142 D_A(real)=0.82 D_A(fake)=0.18 gnG=28.00 gnD=10.40 it_per_s=10.14
2026-10-02 15:36:41,051 INFO iter=169700 epoch=25 lr=1.59e-04 G=3.991 advA2B=0.577 advB2A=0.691 cycA=0.085 cycB=0.104 idtA=0.072 idtB=0.096 D_A=0.101 D_B=0.143 D_A(real)=0.82 D_A(fake)=0.18 gnG=27.86 gnD=10.45 it_per_s=10.15
2026-10-02 15:36:50,965 INFO iter=169800 epoch=25 lr=1.59e-04 G=3.999 advA2B=0.581 advB2A=0.692 cycA=0.085 cycB=0.104 idtA=0.072 idtB=0.096 D_A=0.101 D_B=0.142 D_A(real)=0.82 D_A(fake)=0.18 gnG=28.14 gnD=10.48 it_per_s=10.14
2026-10-02 15:37:00,822 INFO iter=169900 epoch=25 lr=1.59e-04 G=3.993 advA2B=0.576 advB2A=0.691 cycA=0.085 cycB=0.104 idtA=0.072 idtB=0.096 D_A=0.101 D_B=0.143 D_A(real)=0.82 D_A(fake)=0.19 gnG=27.94 gnD=10.47 it_per_s=10.14
2026-10-02 15:37:10,635 INFO iter=170000 epoch=25 lr=1.58e-04 G=3.988 advA2B=0.573 advB2A=0.693 cycA=0.084 cycB=0.104 idtA=0.072 idtB=0.096 D_A=0.101 D_B=0.144 D_A(real)=0.81 D_A(fake)=0.19 gnG=27.97 gnD=10.47 it_per_s=10.15
2026-10-02 15:37:20,478 INFO iter=170100 epoch=25 lr=1.58e-04 G=3.985 advA2B=0.572 advB2A=0.695 cycA=0.084 cycB=0.104 idtA=0.072 idtB=0.096 D_A=0.102 D_B=0.144 D_A(real)=0.81 D_A(fake)=0.19 gnG=28.11 gnD=10.49 it_per_s=10.15
2026-10-02 15:37:30,308 INFO iter=170200 epoch=25 lr=1.58e-04 G=3.987 advA2B=0.572 advB2A=0.701 cycA=0.084 cycB=0.103 idtA=0.072 idtB=0.095 D_A=0.102 D_B=0.143 D_A(real)=0.81 D_A(fake)=0.19 gnG=28.14 gnD=10.48 it_per_s=10.15
2026-10-02 15:37:40,121 INFO iter=170300 epoch=25 lr=1.58e-04 G=3.991 advA2B=0.573 advB2A=0.701 cycA=0.085 cycB=0.103 idtA=0.072 idtB=0.096 D_A=0.101 D_B=0.143 D_A(real)=0.81 D_A(fake)=0.19 gnG=28.29 gnD=10.51 it_per_s=10.15
2026-10-02 15:37:49,967 INFO iter=170400 epoch=25 lr=1.58e-04 G=3.994 advA2B=0.573 advB2A=0.699 cycA=0.084 cycB=0.104 idtA=0.072 idtB=0.096 D_A=0.101 D_B=0.143 D_A(real)=0.81 D_A(fake)=0.19 gnG=28.46 gnD=10.51 it_per_s=10.15
2026-10-02 15:37:59,788 INFO iter=170500 epoch=25 lr=1.58e-04 G=4.001 advA2B=0.573 advB2A=0.698 cycA=0.084 cycB=0.104 idtA=0.072 idtB=0.097 D_A=0.101 D_B=0.143 D_A(real)=0.81 D_A(fake)=0.19 gnG=28.61 gnD=10.46 it_per_s=10.15
2026-10-02 15:38:09,644 INFO iter=170600 epoch=25 lr=1.58e-04 G=4.003 advA2B=0.569 advB2A=0.697 cycA=0.085 cycB=0.105 idtA=0.072 idtB=0.097 D_A=0.101 D_B=0.143 D_A(real)=0.81 D_A(fake)=0.19 gnG=28.72 gnD=10.49 it_per_s=10.15
2026-10-02 15:38:19,492 INFO iter=170700 epoch=25 lr=1.57e-04 G=3.999 advA2B=0.566 advB2A=0.697 cycA=0.084 cycB=0.105 idtA=0.072 idtB=0.097 D_A=0.102 D_B=0.143 D_A(real)=0.81 D_A(fake)=0.19 gnG=28.84 gnD=10.53 it_per_s=10.15
2026-10-02 15:38:29,323 INFO iter=170800 epoch=25 lr=1.57e-04 G=3.993 advA2B=0.567 advB2A=0.696 cycA=0.084 cycB=0.105 idtA=0.072 idtB=0.097 D_A=0.102 D_B=0.143 D_A(real)=0.81 D_A(fake)=0.19 gnG=28.80 gnD=10.51 it_per_s=10.15
2026-10-02 15:38:39,133 INFO iter=170900 epoch=25 lr=1.57e-04 G=3.990 advA2B=0.566 advB2A=0.695 cycA=0.084 cycB=0.104 idtA=0.072 idtB=0.097 D_A=0.102 D_B=0.143 D_A(real)=0.81 D_A(fake)=0.19 gnG=28.73 gnD=10.55 it_per_s=10.16
2026-10-02 15:38:48,949 INFO iter=171000 epoch=25 lr=1.57e-04 G=3.990 advA2B=0.565 advB2A=0.692 cycA=0.084 cycB=0.105 idtA=0.072 idtB=0.097 D_A=0.102 D_B=0.144 D_A(real)=0.81 D_A(fake)=0.19 gnG=28.83 gnD=10.55 it_per_s=10.16
2026-10-02 15:38:58,773 INFO iter=171100 epoch=25 lr=1.57e-04 G=3.988 advA2B=0.565 advB2A=0.695 cycA=0.084 cycB=0.104 idtA=0.072 idtB=0.097 D_A=0.102 D_B=0.144 D_A(real)=0.81 D_A(fake)=0.19 gnG=29.00 gnD=10.56 it_per_s=10.16
2026-10-02 15:39:08,641 INFO iter=171200 epoch=25 lr=1.57e-04 G=3.986 advA2B=0.565 advB2A=0.696 cycA=0.084 cycB=0.104 idtA=0.071 idtB=0.097 D_A=0.102 D_B=0.143 D_A(real)=0.81 D_A(fake)=0.19 gnG=28.94 gnD=10.53 it_per_s=10.16
2026-10-02 15:39:18,466 INFO iter=171300 epoch=25 lr=1.57e-04 G=3.986 advA2B=0.565 advB2A=0.698 cycA=0.084 cycB=0.104 idtA=0.071 idtB=0.097 D_A=0.102 D_B=0.143 D_A(real)=0.81 D_A(fake)=0.19 gnG=28.91 gnD=10.51 it_per_s=10.16
2026-10-02 15:39:28,284 INFO iter=171400 epoch=25 lr=1.56e-04 G=3.987 advA2B=0.565 advB2A=0.696 cycA=0.084 cycB=0.104 idtA=0.071 idtB=0.097 D_A=0.102 D_B=0.142 D_A(real)=0.81 D_A(fake)=0.19 gnG=28.90 gnD=10.52 it_per_s=10.16
2026-10-02 15:39:38,122 INFO iter=171500 epoch=25 lr=1.56e-04 G=3.983 advA2B=0.564 advB2A=0.695 cycA=0.084 cycB=0.104 idtA=0.071 idtB=0.097 D_A=0.102 D_B=0.142 D_A(real)=0.81 D_A(fake)=0.19 gnG=28.89 gnD=10.53 it_per_s=10.16
2026-10-02 15:39:47,940 INFO iter=171600 epoch=25 lr=1.56e-04 G=3.990 advA2B=0.566 advB2A=0.696 cycA=0.084 cycB=0.104 idtA=0.071 idtB=0.097 D_A=0.102 D_B=0.142 D_A(real)=0.81 D_A(fake)=0.19 gnG=28.89 gnD=10.52 it_per_s=10.16
2026-10-02 15:39:57,794 INFO iter=171700 epoch=25 lr=1.56e-04 G=3.989 advA2B=0.567 advB2A=0.695 cycA=0.084 cycB=0.104 idtA=0.071 idtB=0.097 D_A=0.102 D_B=0.142 D_A(real)=0.81 D_A(fake)=0.19 gnG=28.90 gnD=10.52 it_per_s=10.16
2026-10-02 15:40:07,629 INFO iter=171800 epoch=25 lr=1.56e-04 G=3.996 advA2B=0.568 advB2A=0.697 cycA=0.084 cycB=0.104 idtA=0.072 idtB=0.098 D_A=0.102 D_B=0.142 D_A(real)=0.81 D_A(fake)=0.19 gnG=28.90 gnD=10.51 it_per_s=10.16
2026-10-02 15:40:17,469 INFO iter=171900 epoch=25 lr=1.56e-04 G=3.995 advA2B=0.568 advB2A=0.698 cycA=0.084 cycB=0.104 idtA=0.071 idtB=0.098 D_A=0.102 D_B=0.142 D_A(real)=0.81 D_A(fake)=0.19 gnG=28.93 gnD=10.52 it_per_s=10.16
2026-10-02 15:40:27,361 INFO iter=172000 epoch=25 lr=1.56e-04 G=3.997 advA2B=0.570 advB2A=0.698 cycA=0.084 cycB=0.104 idtA=0.071 idtB=0.097 D_A=0.102 D_B=0.141 D_A(real)=0.81 D_A(fake)=0.19 gnG=28.93 gnD=10.51 it_per_s=10.16
2026-10-02 15:40:37,264 INFO iter=172100 epoch=25 lr=1.55e-04 G=3.998 advA2B=0.570 advB2A=0.698 cycA=0.084 cycB=0.104 idtA=0.072 idtB=0.098 D_A=0.102 D_B=0.141 D_A(real)=0.81 D_A(fake)=0.19 gnG=28.94 gnD=10.50 it_per_s=10.16
2026-10-02 15:40:47,111 INFO iter=172200 epoch=25 lr=1.55e-04 G=4.000 advA2B=0.569 advB2A=0.698 cycA=0.084 cycB=0.104 idtA=0.072 idtB=0.098 D_A=0.102 D_B=0.142 D_A(real)=0.81 D_A(fake)=0.19 gnG=29.01 gnD=10.54 it_per_s=10.16
2026-10-02 15:40:56,969 INFO iter=172300 epoch=25 lr=1.55e-04 G=3.999 advA2B=0.569 advB2A=0.697 cycA=0.084 cycB=0.105 idtA=0.071 idtB=0.098 D_A=0.102 D_B=0.142 D_A(real)=0.81 D_A(fake)=0.19 gnG=29.06 gnD=10.56 it_per_s=10.16
2026-10-02 15:41:06,814 INFO iter=172400 epoch=25 lr=1.55e-04 G=3.999 advA2B=0.570 advB2A=0.696 cycA=0.084 cycB=0.104 idtA=0.071 idtB=0.098 D_A=0.102 D_B=0.142 D_A(real)=0.81 D_A(fake)=0.19 gnG=29.06 gnD=10.56 it_per_s=10.16
2026-10-02 15:41:16,626 INFO iter=172500 epoch=25 lr=1.55e-04 G=4.001 advA2B=0.571 advB2A=0.696 cycA=0.084 cycB=0.105 idtA=0.071 idtB=0.098 D_A=0.102 D_B=0.142 D_A(real)=0.81 D_A(fake)=0.19 gnG=29.11 gnD=10.55 it_per_s=10.16
2026-10-02 15:41:26,455 INFO iter=172600 epoch=25 lr=1.55e-04 G=4.003 advA2B=0.571 advB2A=0.696 cycA=0.084 cycB=0.105 idtA=0.072 idtB=0.098 D_A=0.102 D_B=0.142 D_A(real)=0.81 D_A(fake)=0.19 gnG=29.09 gnD=10.53 it_per_s=10.16
2026-10-02 15:41:36,594 INFO iter=172700 epoch=25 lr=1.55e-04 G=4.006 advA2B=0.571 advB2A=0.697 cycA=0.084 cycB=0.105 idtA=0.072 idtB=0.098 D_A=0.102 D_B=0.142 D_A(real)=0.81 D_A(fake)=0.19 gnG=29.16 gnD=10.53 it_per_s=10.15
2026-10-02 15:41:46,429 INFO iter=172800 epoch=25 lr=1.54e-04 G=4.008 advA2B=0.571 advB2A=0.698 cycA=0.084 cycB=0.105 idtA=0.072 idtB=0.098 D_A=0.101 D_B=0.142 D_A(real)=0.81 D_A(fake)=0.19 gnG=29.19 gnD=10.55 it_per_s=10.15
2026-10-02 15:41:56,267 INFO iter=172900 epoch=25 lr=1.54e-04 G=4.011 advA2B=0.570 advB2A=0.698 cycA=0.084 cycB=0.105 idtA=0.072 idtB=0.098 D_A=0.102 D_B=0.142 D_A(real)=0.81 D_A(fake)=0.19 gnG=29.20 gnD=10.56 it_per_s=10.15
2026-10-02 15:42:06,091 INFO iter=173000 epoch=25 lr=1.54e-04 G=4.010 advA2B=0.571 advB2A=0.697 cycA=0.084 cycB=0.105 idtA=0.072 idtB=0.098 D_A=0.102 D_B=0.142 D_A(real)=0.81 D_A(fake)=0.19 gnG=29.15 gnD=10.56 it_per_s=10.15
2026-10-02 15:42:15,916 INFO iter=173100 epoch=25 lr=1.54e-04 G=4.009 advA2B=0.571 advB2A=0.697 cycA=0.084 cycB=0.105 idtA=0.072 idtB=0.098 D_A=0.101 D_B=0.142 D_A(real)=0.81 D_A(fake)=0.19 gnG=29.14 gnD=10.55 it_per_s=10.15
2026-10-02 15:42:25,724 INFO iter=173200 epoch=25 lr=1.54e-04 G=4.007 advA2B=0.570 advB2A=0.696 cycA=0.084 cycB=0.105 idtA=0.072 idtB=0.098 D_A=0.101 D_B=0.143 D_A(real)=0.81 D_A(fake)=0.19 gnG=29.15 gnD=10.54 it_per_s=10.15
2026-10-02 15:42:35,590 INFO iter=173300 epoch=25 lr=1.54e-04 G=4.005 advA2B=0.570 advB2A=0.695 cycA=0.084 cycB=0.105 idtA=0.072 idtB=0.098 D_A=0.101 D_B=0.143 D_A(real)=0.82 D_A(fake)=0.19 gnG=29.12 gnD=10.55 it_per_s=10.15
2026-10-02 15:42:45,420 INFO iter=173400 epoch=25 lr=1.54e-04 G=4.004 advA2B=0.570 advB2A=0.696 cycA=0.084 cycB=0.105 idtA=0.072 idtB=0.098 D_A=0.101 D_B=0.143 D_A(real)=0.82 D_A(fake)=0.18 gnG=29.09 gnD=10.54 it_per_s=10.15
2026-10-02 15:42:55,250 INFO iter=173500 epoch=25 lr=1.53e-04 G=4.005 advA2B=0.570 advB2A=0.696 cycA=0.084 cycB=0.105 idtA=0.072 idtB=0.098 D_A=0.101 D_B=0.143 D_A(real)=0.82 D_A(fake)=0.18 gnG=29.17 gnD=10.56 it_per_s=10.15
2026-10-02 15:43:05,100 INFO iter=173600 epoch=25 lr=1.53e-04 G=4.011 advA2B=0.573 advB2A=0.696 cycA=0.084 cycB=0.105 idtA=0.072 idtB=0.098 D_A=0.100 D_B=0.143 D_A(real)=0.82 D_A(fake)=0.18 gnG=29.21 gnD=10.56 it_per_s=10.15
2026-10-02 15:43:14,970 INFO iter=173700 epoch=25 lr=1.53e-04 G=4.024 advA2B=0.579 advB2A=0.695 cycA=0.085 cycB=0.105 idtA=0.071 idtB=0.099 D_A=0.100 D_B=0.142 D_A(real)=0.82 D_A(fake)=0.18 gnG=29.30 gnD=10.56 it_per_s=10.15
2026-10-02 15:43:24,808 INFO iter=173800 epoch=25 lr=1.53e-04 G=4.034 advA2B=0.584 advB2A=0.695 cycA=0.085 cycB=0.105 idtA=0.072 idtB=0.099 D_A=0.101 D_B=0.141 D_A(real)=0.82 D_A(fake)=0.18 gnG=29.26 gnD=10.54 it_per_s=10.15
2026-10-02 15:43:34,669 INFO iter=173900 epoch=25 lr=1.53e-04 G=4.041 advA2B=0.589 advB2A=0.696 cycA=0.085 cycB=0.105 idtA=0.072 idtB=0.100 D_A=0.100 D_B=0.140 D_A(real)=0.82 D_A(fake)=0.18 gnG=29.31 gnD=10.51 it_per_s=10.15
2026-10-02 15:43:44,462 INFO iter=174000 epoch=25 lr=1.53e-04 G=4.047 advA2B=0.592 advB2A=0.695 cycA=0.085 cycB=0.105 idtA=0.072 idtB=0.100 D_A=0.100 D_B=0.139 D_A(real)=0.82 D_A(fake)=0.18 gnG=29.36 gnD=10.48 it_per_s=10.15
2026-10-02 15:43:54,263 INFO iter=174100 epoch=25 lr=1.53e-04 G=4.051 advA2B=0.595 advB2A=0.696 cycA=0.085 cycB=0.105 idtA=0.072 idtB=0.100 D_A=0.100 D_B=0.139 D_A(real)=0.82 D_A(fake)=0.18 gnG=29.42 gnD=10.46 it_per_s=10.16
2026-10-02 15:44:04,083 INFO iter=174200 epoch=25 lr=1.52e-04 G=4.058 advA2B=0.598 advB2A=0.696 cycA=0.085 cycB=0.105 idtA=0.072 idtB=0.100 D_A=0.100 D_B=0.138 D_A(real)=0.82 D_A(fake)=0.18 gnG=29.55 gnD=10.44 it_per_s=10.16
2026-10-02 15:44:13,870 INFO iter=174300 epoch=25 lr=1.52e-04 G=4.060 advA2B=0.600 advB2A=0.696 cycA=0.085 cycB=0.105 idtA=0.072 idtB=0.100 D_A=0.100 D_B=0.137 D_A(real)=0.82 D_A(fake)=0.18 gnG=29.63 gnD=10.42 it_per_s=10.16
2026-10-02 15:44:23,666 INFO iter=174400 epoch=25 lr=1.52e-04 G=4.061 advA2B=0.600 advB2A=0.696 cycA=0.085 cycB=0.105 idtA=0.072 idtB=0.100 D_A=0.100 D_B=0.137 D_A(real)=0.82 D_A(fake)=0.18 gnG=29.62 gnD=10.41 it_per_s=10.16
2026-10-02 15:44:33,509 INFO iter=174500 epoch=25 lr=1.52e-04 G=4.060 advA2B=0.599 advB2A=0.696 cycA=0.085 cycB=0.105 idtA=0.072 idtB=0.100 D_A=0.099 D_B=0.137 D_A(real)=0.82 D_A(fake)=0.18 gnG=29.62 gnD=10.41 it_per_s=10.16
2026-10-02 15:44:43,287 INFO iter=174600 epoch=25 lr=1.52e-04 G=4.058 advA2B=0.599 advB2A=0.697 cycA=0.085 cycB=0.105 idtA=0.072 idtB=0.100 D_A=0.099 D_B=0.136 D_A(real)=0.82 D_A(fake)=0.18 gnG=29.60 gnD=10.40 it_per_s=10.16
2026-10-02 15:44:53,111 INFO iter=174700 epoch=25 lr=1.52e-04 G=4.058 advA2B=0.598 advB2A=0.697 cycA=0.085 cycB=0.105 idtA=0.072 idtB=0.100 D_A=0.099 D_B=0.136 D_A(real)=0.82 D_A(fake)=0.18 gnG=29.54 gnD=10.39 it_per_s=10.16
2026-10-02 15:45:02,934 INFO iter=174800 epoch=25 lr=1.52e-04 G=4.057 advA2B=0.597 advB2A=0.697 cycA=0.085 cycB=0.105 idtA=0.072 idtB=0.100 D_A=0.099 D_B=0.136 D_A(real)=0.82 D_A(fake)=0.18 gnG=29.52 gnD=10.40 it_per_s=10.16
2026-10-02 15:45:12,756 INFO iter=174900 epoch=25 lr=1.51e-04 G=4.058 advA2B=0.596 advB2A=0.699 cycA=0.085 cycB=0.105 idtA=0.072 idtB=0.100 D_A=0.099 D_B=0.136 D_A(real)=0.82 D_A(fake)=0.18 gnG=29.45 gnD=10.39 it_per_s=10.16
2026-10-02 15:45:22,602 INFO iter=175000 epoch=25 lr=1.51e-04 G=4.057 advA2B=0.595 advB2A=0.698 cycA=0.085 cycB=0.105 idtA=0.072 idtB=0.100 D_A=0.099 D_B=0.136 D_A(real)=0.82 D_A(fake)=0.18 gnG=29.41 gnD=10.39 it_per_s=10.16
2026-10-02 15:45:32,398 INFO iter=175100 epoch=25 lr=1.51e-04 G=4.056 advA2B=0.595 advB2A=0.698 cycA=0.085 cycB=0.105 idtA=0.072 idtB=0.100 D_A=0.099 D_B=0.136 D_A(real)=0.82 D_A(fake)=0.18 gnG=29.37 gnD=10.40 it_per_s=10.16
2026-10-02 15:45:42,318 INFO iter=175200 epoch=25 lr=1.51e-04 G=4.054 advA2B=0.595 advB2A=0.699 cycA=0.085 cycB=0.105 idtA=0.072 idtB=0.100 D_A=0.099 D_B=0.136 D_A(real)=0.82 D_A(fake)=0.18 gnG=29.36 gnD=10.41 it_per_s=10.16
2026-10-02 15:45:52,252 INFO iter=175300 epoch=25 lr=1.51e-04 G=4.052 advA2B=0.594 advB2A=0.699 cycA=0.085 cycB=0.105 idtA=0.072 idtB=0.100 D_A=0.099 D_B=0.136 D_A(real)=0.82 D_A(fake)=0.18 gnG=29.41 gnD=10.41 it_per_s=10.16
2026-10-02 15:46:02,096 INFO iter=175400 epoch=25 lr=1.51e-04 G=4.050 advA2B=0.593 advB2A=0.699 cycA=0.085 cycB=0.105 idtA=0.071 idtB=0.100 D_A=0.099 D_B=0.137 D_A(real)=0.82 D_A(fake)=0.18 gnG=29.44 gnD=10.43 it_per_s=10.16
2026-10-02 15:46:11,940 INFO iter=175500 epoch=25 lr=1.51e-04 G=4.047 advA2B=0.593 advB2A=0.698 cycA=0.085 cycB=0.105 idtA=0.071 idtB=0.100 D_A=0.099 D_B=0.137 D_A(real)=0.82 D_A(fake)=0.18 gnG=29.42 gnD=10.43 it_per_s=10.16
2026-10-02 15:46:21,729 INFO iter=175600 epoch=25 lr=1.50e-04 G=4.048 advA2B=0.592 advB2A=0.697 cycA=0.085 cycB=0.105 idtA=0.071 idtB=0.100 D_A=0.099 D_B=0.137 D_A(real)=0.82 D_A(fake)=0.18 gnG=29.39 gnD=10.43 it_per_s=10.16
2026-10-02 15:46:31,546 INFO iter=175700 epoch=25 lr=1.50e-04 G=4.047 advA2B=0.592 advB2A=0.698 cycA=0.085 cycB=0.105 idtA=0.071 idtB=0.100 D_A=0.099 D_B=0.137 D_A(real)=0.82 D_A(fake)=0.18 gnG=29.38 gnD=10.44 it_per_s=10.16
2026-10-02 15:46:41,379 INFO iter=175800 epoch=25 lr=1.50e-04 G=4.047 advA2B=0.591 advB2A=0.697 cycA=0.085 cycB=0.105 idtA=0.071 idtB=0.100 D_A=0.099 D_B=0.137 D_A(real)=0.82 D_A(fake)=0.18 gnG=29.41 gnD=10.44 it_per_s=10.16
2026-10-02 15:46:51,156 INFO iter=175900 epoch=25 lr=1.50e-04 G=4.044 advA2B=0.590 advB2A=0.698 cycA=0.085 cycB=0.105 idtA=0.071 idtB=0.100 D_A=0.099 D_B=0.137 D_A(real)=0.82 D_A(fake)=0.18 gnG=29.42 gnD=10.45 it_per_s=10.16
2026-10-02 15:46:56,059 INFO epoch=25 done time_s=693 it_per_s=10.16 G=4.043 cycA=0.085 cycB=0.105 idtA=0.071 idtB=0.100 D_A=0.099 D_B=0.137 D_A(real)=0.82 D_A(fake)=0.18 nan_count=0
2026-10-02 15:47:01,707 INFO iter=176000 epoch=26 lr=1.50e-04 G=3.942 advA2B=0.571 advB2A=0.660 cycA=0.079 cycB=0.107 idtA=0.069 idtB=0.099 D_A=0.093 D_B=0.156 D_A(real)=0.83 D_A(fake)=0.17 gnG=28.62 gnD=10.32 it_per_s=9.99
2026-10-02 15:47:13,861 INFO iter=176100 epoch=26 lr=1.50e-04 G=3.937 advA2B=0.572 advB2A=0.686 cycA=0.083 cycB=0.102 idtA=0.072 idtB=0.093 D_A=0.096 D_B=0.144 D_A(real)=0.83 D_A(fake)=0.17 gnG=27.10 gnD=10.70 it_per_s=8.74
2026-10-02 15:47:25,993 INFO iter=176200 epoch=26 lr=1.50e-04 G=3.940 advA2B=0.569 advB2A=0.680 cycA=0.082 cycB=0.103 idtA=0.071 idtB=0.095 D_A=0.094 D_B=0.142 D_A(real)=0.83 D_A(fake)=0.17 gnG=27.17 gnD=10.52 it_per_s=8.54
2026-10-02 15:47:37,700 INFO iter=176300 epoch=26 lr=1.50e-04 G=3.943 advA2B=0.560 advB2A=0.684 cycA=0.082 cycB=0.104 idtA=0.071 idtB=0.097 D_A=0.093 D_B=0.141 D_A(real)=0.83 D_A(fake)=0.17 gnG=27.76 gnD=10.55 it_per_s=8.54
2026-10-02 15:47:51,177 INFO iter=176400 epoch=26 lr=1.49e-04 G=3.940 advA2B=0.571 advB2A=0.679 cycA=0.082 cycB=0.104 idtA=0.070 idtB=0.096 D_A=0.094 D_B=0.146 D_A(real)=0.83 D_A(fake)=0.17 gnG=27.44 gnD=10.71 it_per_s=8.26
2026-10-02 15:48:02,563 INFO iter=176500 epoch=26 lr=1.49e-04 G=3.936 advA2B=0.569 advB2A=0.685 cycA=0.082 cycB=0.103 idtA=0.071 idtB=0.095 D_A=0.096 D_B=0.144 D_A(real)=0.82 D_A(fake)=0.18 gnG=28.03 gnD=10.59 it_per_s=8.35
2026-10-02 15:48:16,656 INFO iter=176600 epoch=26 lr=1.49e-04 G=3.939 advA2B=0.570 advB2A=0.686 cycA=0.082 cycB=0.103 idtA=0.070 idtB=0.096 D_A=0.096 D_B=0.143 D_A(real)=0.82 D_A(fake)=0.18 gnG=28.53 gnD=10.57 it_per_s=8.13
2026-10-02 15:48:27,942 INFO iter=176700 epoch=26 lr=1.49e-04 G=3.953 advA2B=0.568 advB2A=0.687 cycA=0.083 cycB=0.103 idtA=0.072 idtB=0.096 D_A=0.096 D_B=0.141 D_A(real)=0.83 D_A(fake)=0.17 gnG=28.69 gnD=10.46 it_per_s=8.22
2026-10-02 15:48:41,947 INFO iter=176800 epoch=26 lr=1.49e-04 G=3.957 advA2B=0.567 advB2A=0.693 cycA=0.082 cycB=0.104 idtA=0.071 idtB=0.096 D_A=0.096 D_B=0.142 D_A(real)=0.82 D_A(fake)=0.17 gnG=28.57 gnD=10.53 it_per_s=8.08
2026-10-02 15:48:52,976 INFO iter=176900 epoch=26 lr=1.49e-04 G=3.944 advA2B=0.563 advB2A=0.687 cycA=0.082 cycB=0.103 idtA=0.071 idtB=0.096 D_A=0.097 D_B=0.143 D_A(real)=0.82 D_A(fake)=0.18 gnG=28.38 gnD=10.57 it_per_s=8.17
2026-10-02 15:49:07,234 INFO iter=177000 epoch=26 lr=1.49e-04 G=3.947 advA2B=0.563 advB2A=0.683 cycA=0.082 cycB=0.104 idtA=0.071 idtB=0.097 D_A=0.098 D_B=0.143 D_A(real)=0.82 D_A(fake)=0.18 gnG=28.35 gnD=10.63 it_per_s=8.04
2026-10-02 15:49:17,945 INFO iter=177100 epoch=26 lr=1.48e-04 G=3.941 advA2B=0.563 advB2A=0.680 cycA=0.082 cycB=0.104 idtA=0.070 idtB=0.097 D_A=0.097 D_B=0.144 D_A(real)=0.82 D_A(fake)=0.18 gnG=28.46 gnD=10.60 it_per_s=8.14
2026-10-02 15:49:28,028 INFO iter=177200 epoch=26 lr=1.48e-04 G=3.951 advA2B=0.564 advB2A=0.683 cycA=0.082 cycB=0.104 idtA=0.070 idtB=0.097 D_A=0.097 D_B=0.143 D_A(real)=0.82 D_A(fake)=0.18 gnG=28.69 gnD=10.66 it_per_s=8.26
2026-10-02 15:49:37,936 INFO iter=177300 epoch=26 lr=1.48e-04 G=3.949 advA2B=0.561 advB2A=0.683 cycA=0.082 cycB=0.104 idtA=0.070 idtB=0.097 D_A=0.096 D_B=0.143 D_A(real)=0.82 D_A(fake)=0.18 gnG=28.86 gnD=10.66 it_per_s=8.37
2026-10-02 15:49:47,752 INFO iter=177400 epoch=26 lr=1.48e-04 G=3.954 advA2B=0.563 advB2A=0.682 cycA=0.082 cycB=0.105 idtA=0.070 idtB=0.098 D_A=0.096 D_B=0.143 D_A(real)=0.82 D_A(fake)=0.18 gnG=28.82 gnD=10.71 it_per_s=8.48
2026-10-02 15:49:57,594 INFO iter=177500 epoch=26 lr=1.48e-04 G=3.940 advA2B=0.560 advB2A=0.682 cycA=0.082 cycB=0.104 idtA=0.070 idtB=0.097 D_A=0.097 D_B=0.142 D_A(real)=0.82 D_A(fake)=0.18 gnG=28.83 gnD=10.71 it_per_s=8.57
2026-10-02 15:50:07,446 INFO iter=177600 epoch=26 lr=1.48e-04 G=3.944 advA2B=0.559 advB2A=0.683 cycA=0.082 cycB=0.104 idtA=0.070 idtB=0.097 D_A=0.098 D_B=0.141 D_A(real)=0.82 D_A(fake)=0.18 gnG=28.79 gnD=10.73 it_per_s=8.65
2026-10-02 15:50:17,289 INFO iter=177700 epoch=26 lr=1.48e-04 G=3.953 advA2B=0.562 advB2A=0.684 cycA=0.083 cycB=0.104 idtA=0.070 idtB=0.097 D_A=0.097 D_B=0.140 D_A(real)=0.82 D_A(fake)=0.18 gnG=28.93 gnD=10.66 it_per_s=8.72
2026-10-02 15:50:27,161 INFO iter=177800 epoch=26 lr=1.47e-04 G=3.955 advA2B=0.561 advB2A=0.683 cycA=0.083 cycB=0.105 idtA=0.070 idtB=0.097 D_A=0.097 D_B=0.140 D_A(real)=0.82 D_A(fake)=0.18 gnG=29.14 gnD=10.68 it_per_s=8.79
2026-10-02 15:50:37,022 INFO iter=177900 epoch=26 lr=1.47e-04 G=3.951 advA2B=0.562 advB2A=0.686 cycA=0.083 cycB=0.104 idtA=0.070 idtB=0.097 D_A=0.096 D_B=0.140 D_A(real)=0.82 D_A(fake)=0.18 gnG=29.22 gnD=10.67 it_per_s=8.85
2026-10-02 15:50:46,869 INFO iter=178000 epoch=26 lr=1.47e-04 G=3.950 advA2B=0.561 advB2A=0.690 cycA=0.083 cycB=0.104 idtA=0.070 idtB=0.097 D_A=0.096 D_B=0.141 D_A(real)=0.82 D_A(fake)=0.18 gnG=29.26 gnD=10.68 it_per_s=8.91
2026-10-02 15:50:56,703 INFO iter=178100 epoch=26 lr=1.47e-04 G=3.958 advA2B=0.564 advB2A=0.693 cycA=0.083 cycB=0.104 idtA=0.070 idtB=0.097 D_A=0.095 D_B=0.140 D_A(real)=0.83 D_A(fake)=0.17 gnG=29.33 gnD=10.65 it_per_s=8.96
2026-10-02 15:51:06,750 INFO iter=178200 epoch=26 lr=1.47e-04 G=3.971 advA2B=0.566 advB2A=0.697 cycA=0.083 cycB=0.104 idtA=0.070 idtB=0.097 D_A=0.095 D_B=0.140 D_A(real)=0.83 D_A(fake)=0.17 gnG=29.34 gnD=10.62 it_per_s=9.00
2026-10-02 15:51:16,599 INFO iter=178300 epoch=26 lr=1.47e-04 G=3.974 advA2B=0.565 advB2A=0.700 cycA=0.083 cycB=0.104 idtA=0.070 idtB=0.097 D_A=0.095 D_B=0.140 D_A(real)=0.83 D_A(fake)=0.17 gnG=29.39 gnD=10.63 it_per_s=9.04
2026-10-02 15:51:26,461 INFO iter=178400 epoch=26 lr=1.47e-04 G=3.970 advA2B=0.566 advB2A=0.701 cycA=0.083 cycB=0.104 idtA=0.070 idtB=0.097 D_A=0.095 D_B=0.140 D_A(real)=0.83 D_A(fake)=0.17 gnG=29.28 gnD=10.63 it_per_s=9.08
2026-10-02 15:51:36,308 INFO iter=178500 epoch=26 lr=1.46e-04 G=3.977 advA2B=0.565 advB2A=0.701 cycA=0.083 cycB=0.104 idtA=0.070 idtB=0.097 D_A=0.095 D_B=0.140 D_A(real)=0.83 D_A(fake)=0.17 gnG=29.33 gnD=10.60 it_per_s=9.12
2026-10-02 15:51:46,149 INFO iter=178600 epoch=26 lr=1.46e-04 G=3.981 advA2B=0.566 advB2A=0.701 cycA=0.083 cycB=0.104 idtA=0.071 idtB=0.097 D_A=0.095 D_B=0.139 D_A(real)=0.83 D_A(fake)=0.17 gnG=29.31 gnD=10.58 it_per_s=9.16
2026-10-02 15:51:56,021 INFO iter=178700 epoch=26 lr=1.46e-04 G=3.982 advA2B=0.567 advB2A=0.702 cycA=0.084 cycB=0.104 idtA=0.071 idtB=0.097 D_A=0.095 D_B=0.139 D_A(real)=0.83 D_A(fake)=0.17 gnG=29.35 gnD=10.59 it_per_s=9.19
2026-10-02 15:52:05,863 INFO iter=178800 epoch=26 lr=1.46e-04 G=3.984 advA2B=0.566 advB2A=0.701 cycA=0.084 cycB=0.104 idtA=0.071 idtB=0.097 D_A=0.095 D_B=0.139 D_A(real)=0.83 D_A(fake)=0.17 gnG=29.29 gnD=10.62 it_per_s=9.22
2026-10-02 15:52:15,677 INFO iter=178900 epoch=26 lr=1.46e-04 G=3.984 advA2B=0.567 advB2A=0.703 cycA=0.084 cycB=0.104 idtA=0.071 idtB=0.097 D_A=0.095 D_B=0.140 D_A(real)=0.83 D_A(fake)=0.17 gnG=29.28 gnD=10.65 it_per_s=9.25
2026-10-02 15:52:25,534 INFO iter=179000 epoch=26 lr=1.46e-04 G=3.978 advA2B=0.567 advB2A=0.701 cycA=0.084 cycB=0.104 idtA=0.071 idtB=0.097 D_A=0.095 D_B=0.140 D_A(real)=0.83 D_A(fake)=0.17 gnG=29.22 gnD=10.65 it_per_s=9.28
2026-10-02 15:52:35,469 INFO iter=179100 epoch=26 lr=1.46e-04 G=3.980 advA2B=0.569 advB2A=0.699 cycA=0.084 cycB=0.104 idtA=0.071 idtB=0.097 D_A=0.095 D_B=0.140 D_A(real)=0.83 D_A(fake)=0.17 gnG=29.34 gnD=10.67 it_per_s=9.30
2026-10-02 15:52:45,296 INFO iter=179200 epoch=26 lr=1.45e-04 G=3.981 advA2B=0.568 advB2A=0.702 cycA=0.084 cycB=0.104 idtA=0.071 idtB=0.097 D_A=0.095 D_B=0.140 D_A(real)=0.83 D_A(fake)=0.17 gnG=29.25 gnD=10.67 it_per_s=9.32
2026-10-02 15:52:55,134 INFO iter=179300 epoch=26 lr=1.45e-04 G=3.979 advA2B=0.568 advB2A=0.703 cycA=0.084 cycB=0.104 idtA=0.071 idtB=0.097 D_A=0.095 D_B=0.140 D_A(real)=0.83 D_A(fake)=0.17 gnG=29.26 gnD=10.66 it_per_s=9.35
2026-10-02 15:53:05,013 INFO iter=179400 epoch=26 lr=1.45e-04 G=3.977 advA2B=0.567 advB2A=0.703 cycA=0.084 cycB=0.104 idtA=0.071 idtB=0.097 D_A=0.095 D_B=0.140 D_A(real)=0.83 D_A(fake)=0.17 gnG=29.24 gnD=10.68 it_per_s=9.37
2026-10-02 15:53:14,837 INFO iter=179500 epoch=26 lr=1.45e-04 G=3.975 advA2B=0.567 advB2A=0.703 cycA=0.083 cycB=0.104 idtA=0.070 idtB=0.096 D_A=0.095 D_B=0.140 D_A(real)=0.83 D_A(fake)=0.17 gnG=29.20 gnD=10.68 it_per_s=9.39
2026-10-02 15:53:24,680 INFO iter=179600 epoch=26 lr=1.45e-04 G=3.974 advA2B=0.565 advB2A=0.703 cycA=0.083 cycB=0.104 idtA=0.070 idtB=0.097 D_A=0.095 D_B=0.140 D_A(real)=0.83 D_A(fake)=0.17 gnG=29.16 gnD=10.66 it_per_s=9.41
2026-10-02 15:53:34,572 INFO iter=179700 epoch=26 lr=1.45e-04 G=3.975 advA2B=0.567 advB2A=0.703 cycA=0.083 cycB=0.104 idtA=0.070 idtB=0.097 D_A=0.095 D_B=0.140 D_A(real)=0.83 D_A(fake)=0.17 gnG=29.11 gnD=10.67 it_per_s=9.43
2026-10-02 15:53:44,381 INFO iter=179800 epoch=26 lr=1.45e-04 G=3.975 advA2B=0.566 advB2A=0.703 cycA=0.083 cycB=0.104 idtA=0.070 idtB=0.097 D_A=0.095 D_B=0.140 D_A(real)=0.83 D_A(fake)=0.17 gnG=29.05 gnD=10.67 it_per_s=9.44
2026-10-02 15:53:54,306 INFO iter=179900 epoch=26 lr=1.44e-04 G=3.975 advA2B=0.567 advB2A=0.703 cycA=0.083 cycB=0.104 idtA=0.070 idtB=0.097 D_A=0.095 D_B=0.140 D_A(real)=0.83 D_A(fake)=0.17 gnG=29.05 gnD=10.66 it_per_s=9.46
2026-10-02 15:54:04,196 INFO iter=180000 epoch=26 lr=1.44e-04 G=3.975 advA2B=0.567 advB2A=0.704 cycA=0.083 cycB=0.104 idtA=0.070 idtB=0.097 D_A=0.095 D_B=0.140 D_A(real)=0.83 D_A(fake)=0.17 gnG=29.08 gnD=10.67 it_per_s=9.47
2026-10-02 15:54:14,099 INFO iter=180100 epoch=26 lr=1.44e-04 G=3.975 advA2B=0.567 advB2A=0.703 cycA=0.083 cycB=0.104 idtA=0.070 idtB=0.097 D_A=0.095 D_B=0.140 D_A(real)=0.83 D_A(fake)=0.17 gnG=29.09 gnD=10.68 it_per_s=9.49
2026-10-02 15:54:24,012 INFO iter=180200 epoch=26 lr=1.44e-04 G=3.973 advA2B=0.567 advB2A=0.704 cycA=0.083 cycB=0.103 idtA=0.070 idtB=0.096 D_A=0.095 D_B=0.140 D_A(real)=0.83 D_A(fake)=0.17 gnG=29.09 gnD=10.66 it_per_s=9.50
2026-10-02 15:54:33,870 INFO iter=180300 epoch=26 lr=1.44e-04 G=3.975 advA2B=0.568 advB2A=0.703 cycA=0.083 cycB=0.104 idtA=0.070 idtB=0.096 D_A=0.095 D_B=0.140 D_A(real)=0.83 D_A(fake)=0.17 gnG=29.04 gnD=10.68 it_per_s=9.51
2026-10-02 15:54:43,728 INFO iter=180400 epoch=26 lr=1.44e-04 G=3.971 advA2B=0.567 advB2A=0.704 cycA=0.083 cycB=0.103 idtA=0.070 idtB=0.096 D_A=0.095 D_B=0.140 D_A(real)=0.83 D_A(fake)=0.17 gnG=28.97 gnD=10.68 it_per_s=9.53
2026-10-02 15:54:53,633 INFO iter=180500 epoch=26 lr=1.44e-04 G=3.971 advA2B=0.566 advB2A=0.703 cycA=0.083 cycB=0.104 idtA=0.070 idtB=0.096 D_A=0.095 D_B=0.140 D_A(real)=0.83 D_A(fake)=0.17 gnG=28.94 gnD=10.69 it_per_s=9.54
2026-10-02 15:55:03,561 INFO iter=180600 epoch=26 lr=1.43e-04 G=3.970 advA2B=0.566 advB2A=0.703 cycA=0.083 cycB=0.103 idtA=0.070 idtB=0.096 D_A=0.095 D_B=0.141 D_A(real)=0.83 D_A(fake)=0.17 gnG=29.03 gnD=10.71 it_per_s=9.55
2026-10-02 15:55:13,432 INFO iter=180700 epoch=26 lr=1.43e-04 G=3.968 advA2B=0.566 advB2A=0.702 cycA=0.083 cycB=0.103 idtA=0.070 idtB=0.096 D_A=0.095 D_B=0.141 D_A(real)=0.83 D_A(fake)=0.17 gnG=29.03 gnD=10.71 it_per_s=9.56
2026-10-02 15:55:23,356 INFO iter=180800 epoch=26 lr=1.43e-04 G=3.968 advA2B=0.566 advB2A=0.703 cycA=0.083 cycB=0.103 idtA=0.070 idtB=0.096 D_A=0.095 D_B=0.141 D_A(real)=0.83 D_A(fake)=0.18 gnG=29.00 gnD=10.71 it_per_s=9.57
2026-10-02 15:55:33,213 INFO iter=180900 epoch=26 lr=1.43e-04 G=3.973 advA2B=0.566 advB2A=0.704 cycA=0.083 cycB=0.104 idtA=0.070 idtB=0.096 D_A=0.095 D_B=0.142 D_A(real)=0.83 D_A(fake)=0.17 gnG=28.99 gnD=10.70 it_per_s=9.58
2026-10-02 15:55:43,015 INFO iter=181000 epoch=26 lr=1.43e-04 G=3.973 advA2B=0.566 advB2A=0.705 cycA=0.083 cycB=0.104 idtA=0.070 idtB=0.096 D_A=0.095 D_B=0.142 D_A(real)=0.83 D_A(fake)=0.17 gnG=29.01 gnD=10.69 it_per_s=9.59
2026-10-02 15:55:52,854 INFO iter=181100 epoch=26 lr=1.43e-04 G=3.972 advA2B=0.566 advB2A=0.706 cycA=0.083 cycB=0.104 idtA=0.070 idtB=0.096 D_A=0.095 D_B=0.142 D_A(real)=0.83 D_A(fake)=0.17 gnG=29.02 gnD=10.69 it_per_s=9.61
2026-10-02 15:56:02,734 INFO iter=181200 epoch=26 lr=1.43e-04 G=3.976 advA2B=0.566 advB2A=0.706 cycA=0.083 cycB=0.104 idtA=0.070 idtB=0.096 D_A=0.095 D_B=0.142 D_A(real)=0.83 D_A(fake)=0.17 gnG=29.08 gnD=10.69 it_per_s=9.61
2026-10-02 15:56:12,629 INFO iter=181300 epoch=26 lr=1.42e-04 G=3.977 advA2B=0.566 advB2A=0.706 cycA=0.083 cycB=0.104 idtA=0.070 idtB=0.097 D_A=0.095 D_B=0.141 D_A(real)=0.83 D_A(fake)=0.17 gnG=29.10 gnD=10.69 it_per_s=9.62
2026-10-02 15:56:22,532 INFO iter=181400 epoch=26 lr=1.42e-04 G=3.975 advA2B=0.566 advB2A=0.705 cycA=0.083 cycB=0.104 idtA=0.070 idtB=0.096 D_A=0.095 D_B=0.142 D_A(real)=0.83 D_A(fake)=0.17 gnG=29.07 gnD=10.70 it_per_s=9.63
2026-10-02 15:56:32,725 INFO iter=181500 epoch=26 lr=1.42e-04 G=3.977 advA2B=0.566 advB2A=0.706 cycA=0.083 cycB=0.104 idtA=0.070 idtB=0.097 D_A=0.095 D_B=0.142 D_A(real)=0.83 D_A(fake)=0.17 gnG=29.06 gnD=10.71 it_per_s=9.63
2026-10-02 15:56:42,583 INFO iter=181600 epoch=26 lr=1.42e-04 G=3.977 advA2B=0.566 advB2A=0.706 cycA=0.083 cycB=0.104 idtA=0.070 idtB=0.097 D_A=0.094 D_B=0.142 D_A(real)=0.83 D_A(fake)=0.17 gnG=29.04 gnD=10.70 it_per_s=9.64
2026-10-02 15:56:52,550 INFO iter=181700 epoch=26 lr=1.42e-04 G=3.974 advA2B=0.565 advB2A=0.706 cycA=0.083 cycB=0.104 idtA=0.070 idtB=0.096 D_A=0.094 D_B=0.142 D_A(real)=0.83 D_A(fake)=0.17 gnG=29.01 gnD=10.69 it_per_s=9.65
2026-10-02 15:57:02,417 INFO iter=181800 epoch=26 lr=1.42e-04 G=3.974 advA2B=0.565 advB2A=0.708 cycA=0.083 cycB=0.104 idtA=0.070 idtB=0.096 D_A=0.094 D_B=0.142 D_A(real)=0.83 D_A(fake)=0.17 gnG=29.02 gnD=10.68 it_per_s=9.66
2026-10-02 15:57:12,285 INFO iter=181900 epoch=26 lr=1.42e-04 G=3.974 advA2B=0.565 advB2A=0.709 cycA=0.083 cycB=0.104 idtA=0.070 idtB=0.096 D_A=0.094 D_B=0.142 D_A(real)=0.83 D_A(fake)=0.17 gnG=29.03 gnD=10.69 it_per_s=9.67
2026-10-02 15:57:22,128 INFO iter=182000 epoch=26 lr=1.41e-04 G=3.974 advA2B=0.566 advB2A=0.709 cycA=0.083 cycB=0.104 idtA=0.070 idtB=0.096 D_A=0.094 D_B=0.141 D_A(real)=0.83 D_A(fake)=0.17 gnG=29.02 gnD=10.69 it_per_s=9.67
2026-10-02 15:57:31,975 INFO iter=182100 epoch=26 lr=1.41e-04 G=3.971 advA2B=0.567 advB2A=0.709 cycA=0.083 cycB=0.104 idtA=0.070 idtB=0.096 D_A=0.094 D_B=0.142 D_A(real)=0.83 D_A(fake)=0.17 gnG=29.02 gnD=10.69 it_per_s=9.68
2026-10-02 15:57:41,818 INFO iter=182200 epoch=26 lr=1.41e-04 G=3.971 advA2B=0.566 advB2A=0.710 cycA=0.083 cycB=0.104 idtA=0.070 idtB=0.096 D_A=0.094 D_B=0.141 D_A(real)=0.83 D_A(fake)=0.17 gnG=28.98 gnD=10.69 it_per_s=9.69
2026-10-02 15:57:51,772 INFO iter=182300 epoch=26 lr=1.41e-04 G=3.971 advA2B=0.567 advB2A=0.710 cycA=0.083 cycB=0.104 idtA=0.070 idtB=0.096 D_A=0.094 D_B=0.141 D_A(real)=0.83 D_A(fake)=0.17 gnG=29.03 gnD=10.68 it_per_s=9.69
2026-10-02 15:58:01,702 INFO iter=182400 epoch=26 lr=1.41e-04 G=3.971 advA2B=0.568 advB2A=0.710 cycA=0.083 cycB=0.103 idtA=0.070 idtB=0.096 D_A=0.094 D_B=0.141 D_A(real)=0.83 D_A(fake)=0.17 gnG=29.01 gnD=10.67 it_per_s=9.70
2026-10-02 15:58:11,523 INFO iter=182500 epoch=26 lr=1.41e-04 G=3.972 advA2B=0.567 advB2A=0.710 cycA=0.083 cycB=0.104 idtA=0.070 idtB=0.096 D_A=0.094 D_B=0.141 D_A(real)=0.83 D_A(fake)=0.17 gnG=28.97 gnD=10.68 it_per_s=9.71
2026-10-02 15:58:21,342 INFO iter=182600 epoch=26 lr=1.41e-04 G=3.971 advA2B=0.568 advB2A=0.709 cycA=0.083 cycB=0.104 idtA=0.070 idtB=0.096 D_A=0.094 D_B=0.141 D_A(real)=0.83 D_A(fake)=0.17 gnG=28.99 gnD=10.68 it_per_s=9.71
2026-10-02 15:58:31,171 INFO iter=182700 epoch=26 lr=1.40e-04 G=3.974 advA2B=0.568 advB2A=0.710 cycA=0.083 cycB=0.104 idtA=0.070 idtB=0.096 D_A=0.094 D_B=0.141 D_A(real)=0.83 D_A(fake)=0.17 gnG=29.02 gnD=10.67 it_per_s=9.72
2026-10-02 15:58:40,987 INFO iter=182800 epoch=26 lr=1.40e-04 G=3.974 advA2B=0.568 advB2A=0.711 cycA=0.083 cycB=0.104 idtA=0.070 idtB=0.096 D_A=0.094 D_B=0.141 D_A(real)=0.83 D_A(fake)=0.17 gnG=28.99 gnD=10.66 it_per_s=9.73
2026-10-02 15:58:50,837 INFO iter=182900 epoch=26 lr=1.40e-04 G=3.974 advA2B=0.568 advB2A=0.711 cycA=0.083 cycB=0.104 idtA=0.070 idtB=0.096 D_A=0.094 D_B=0.141 D_A(real)=0.83 D_A(fake)=0.17 gnG=28.99 gnD=10.65 it_per_s=9.73
2026-10-02 15:58:59,488 INFO epoch=26 done time_s=723 it_per_s=9.74 G=3.973 cycA=0.083 cycB=0.104 idtA=0.070 idtB=0.096 D_A=0.094 D_B=0.141 D_A(real)=0.83 D_A(fake)=0.17 nan_count=0
2026-10-02 15:59:01,275 INFO iter=183000 epoch=27 lr=1.40e-04 G=4.221 advA2B=0.625 advB2A=0.835 cycA=0.086 cycB=0.097 idtA=0.099 idtB=0.088 D_A=0.071 D_B=0.105 D_A(real)=0.86 D_A(fake)=0.15 gnG=27.02 gnD=8.83 it_per_s=9.79
2026-10-02 15:59:11,070 INFO iter=183100 epoch=27 lr=1.40e-04 G=3.935 advA2B=0.585 advB2A=0.693 cycA=0.081 cycB=0.104 idtA=0.070 idtB=0.092 D_A=0.091 D_B=0.125 D_A(real)=0.82 D_A(fake)=0.18 gnG=27.19 gnD=10.19 it_per_s=10.16
2026-10-02 15:59:20,913 INFO iter=183200 epoch=27 lr=1.40e-04 G=3.946 advA2B=0.556 advB2A=0.718 cycA=0.080 cycB=0.105 idtA=0.069 idtB=0.095 D_A=0.103 D_B=0.134 D_A(real)=0.81 D_A(fake)=0.19 gnG=27.67 gnD=11.09 it_per_s=10.16
2026-10-02 15:59:30,761 INFO iter=183300 epoch=27 lr=1.40e-04 G=3.895 advA2B=0.542 advB2A=0.712 cycA=0.080 cycB=0.103 idtA=0.068 idtB=0.094 D_A=0.100 D_B=0.137 D_A(real)=0.81 D_A(fake)=0.19 gnG=28.16 gnD=10.79 it_per_s=10.16
2026-10-02 15:59:40,611 INFO iter=183400 epoch=27 lr=1.39e-04 G=3.916 advA2B=0.547 advB2A=0.733 cycA=0.080 cycB=0.103 idtA=0.068 idtB=0.093 D_A=0.097 D_B=0.137 D_A(real)=0.82 D_A(fake)=0.18 gnG=28.74 gnD=10.75 it_per_s=10.16
2026-10-02 15:59:50,480 INFO iter=183500 epoch=27 lr=1.39e-04 G=3.958 advA2B=0.552 advB2A=0.746 cycA=0.081 cycB=0.104 idtA=0.068 idtB=0.094 D_A=0.098 D_B=0.137 D_A(real)=0.82 D_A(fake)=0.18 gnG=29.54 gnD=10.81 it_per_s=10.15
2026-10-02 16:00:00,277 INFO iter=183600 epoch=27 lr=1.39e-04 G=3.972 advA2B=0.556 advB2A=0.744 cycA=0.080 cycB=0.106 idtA=0.067 idtB=0.095 D_A=0.096 D_B=0.138 D_A(real)=0.82 D_A(fake)=0.18 gnG=29.38 gnD=10.80 it_per_s=10.16
2026-10-02 16:00:10,197 INFO iter=183700 epoch=27 lr=1.39e-04 G=3.975 advA2B=0.566 advB2A=0.741 cycA=0.080 cycB=0.105 idtA=0.067 idtB=0.095 D_A=0.096 D_B=0.138 D_A(real)=0.83 D_A(fake)=0.17 gnG=29.29 gnD=10.79 it_per_s=10.15
2026-10-02 16:00:20,033 INFO iter=183800 epoch=27 lr=1.39e-04 G=3.956 advA2B=0.562 advB2A=0.738 cycA=0.080 cycB=0.104 idtA=0.067 idtB=0.095 D_A=0.097 D_B=0.138 D_A(real)=0.83 D_A(fake)=0.17 gnG=29.19 gnD=10.75 it_per_s=10.15
2026-10-02 16:00:29,883 INFO iter=183900 epoch=27 lr=1.39e-04 G=3.949 advA2B=0.563 advB2A=0.734 cycA=0.080 cycB=0.104 idtA=0.067 idtB=0.095 D_A=0.096 D_B=0.138 D_A(real)=0.83 D_A(fake)=0.17 gnG=28.95 gnD=10.74 it_per_s=10.15
2026-10-02 16:00:39,738 INFO iter=184000 epoch=27 lr=1.39e-04 G=3.936 advA2B=0.561 advB2A=0.731 cycA=0.080 cycB=0.104 idtA=0.067 idtB=0.094 D_A=0.095 D_B=0.138 D_A(real)=0.83 D_A(fake)=0.17 gnG=28.77 gnD=10.72 it_per_s=10.15
2026-10-02 16:00:49,580 INFO iter=184100 epoch=27 lr=1.38e-04 G=3.939 advA2B=0.563 advB2A=0.726 cycA=0.081 cycB=0.104 idtA=0.067 idtB=0.094 D_A=0.094 D_B=0.137 D_A(real)=0.83 D_A(fake)=0.17 gnG=28.72 gnD=10.67 it_per_s=10.15
2026-10-02 16:00:59,427 INFO iter=184200 epoch=27 lr=1.38e-04 G=3.927 advA2B=0.563 advB2A=0.727 cycA=0.081 cycB=0.103 idtA=0.067 idtB=0.094 D_A=0.093 D_B=0.136 D_A(real)=0.83 D_A(fake)=0.17 gnG=28.60 gnD=10.64 it_per_s=10.15
2026-10-02 16:01:09,281 INFO iter=184300 epoch=27 lr=1.38e-04 G=3.933 advA2B=0.567 advB2A=0.725 cycA=0.081 cycB=0.103 idtA=0.067 idtB=0.094 D_A=0.094 D_B=0.137 D_A(real)=0.83 D_A(fake)=0.17 gnG=28.83 gnD=10.71 it_per_s=10.15
2026-10-02 16:01:19,092 INFO iter=184400 epoch=27 lr=1.38e-04 G=3.934 advA2B=0.568 advB2A=0.724 cycA=0.081 cycB=0.103 idtA=0.067 idtB=0.094 D_A=0.094 D_B=0.138 D_A(real)=0.83 D_A(fake)=0.17 gnG=28.79 gnD=10.79 it_per_s=10.16
2026-10-02 16:01:28,993 INFO iter=184500 epoch=27 lr=1.38e-04 G=3.947 advA2B=0.568 advB2A=0.728 cycA=0.081 cycB=0.103 idtA=0.068 idtB=0.094 D_A=0.094 D_B=0.138 D_A(real)=0.83 D_A(fake)=0.17 gnG=28.88 gnD=10.78 it_per_s=10.15
2026-10-02 16:01:38,904 INFO iter=184600 epoch=27 lr=1.38e-04 G=3.942 advA2B=0.568 advB2A=0.726 cycA=0.081 cycB=0.103 idtA=0.068 idtB=0.094 D_A=0.093 D_B=0.137 D_A(real)=0.83 D_A(fake)=0.17 gnG=28.86 gnD=10.73 it_per_s=10.15
2026-10-02 16:01:48,753 INFO iter=184700 epoch=27 lr=1.38e-04 G=3.943 advA2B=0.567 advB2A=0.726 cycA=0.081 cycB=0.103 idtA=0.068 idtB=0.094 D_A=0.094 D_B=0.137 D_A(real)=0.83 D_A(fake)=0.17 gnG=28.89 gnD=10.79 it_per_s=10.15
2026-10-02 16:01:58,587 INFO iter=184800 epoch=27 lr=1.37e-04 G=3.946 advA2B=0.568 advB2A=0.727 cycA=0.081 cycB=0.103 idtA=0.068 idtB=0.094 D_A=0.094 D_B=0.136 D_A(real)=0.83 D_A(fake)=0.17 gnG=29.07 gnD=10.75 it_per_s=10.15
2026-10-02 16:02:08,425 INFO iter=184900 epoch=27 lr=1.37e-04 G=3.950 advA2B=0.570 advB2A=0.726 cycA=0.081 cycB=0.103 idtA=0.068 idtB=0.094 D_A=0.094 D_B=0.136 D_A(real)=0.83 D_A(fake)=0.17 gnG=29.04 gnD=10.75 it_per_s=10.15
2026-10-02 16:02:18,273 INFO iter=185000 epoch=27 lr=1.37e-04 G=3.949 advA2B=0.571 advB2A=0.725 cycA=0.081 cycB=0.103 idtA=0.068 idtB=0.094 D_A=0.093 D_B=0.136 D_A(real)=0.83 D_A(fake)=0.17 gnG=28.95 gnD=10.74 it_per_s=10.15
2026-10-02 16:02:28,106 INFO iter=185100 epoch=27 lr=1.37e-04 G=3.958 advA2B=0.572 advB2A=0.725 cycA=0.082 cycB=0.103 idtA=0.068 idtB=0.095 D_A=0.093 D_B=0.137 D_A(real)=0.83 D_A(fake)=0.17 gnG=29.10 gnD=10.76 it_per_s=10.15
2026-10-02 16:02:38,035 INFO iter=185200 epoch=27 lr=1.37e-04 G=3.957 advA2B=0.572 advB2A=0.723 cycA=0.082 cycB=0.103 idtA=0.067 idtB=0.095 D_A=0.093 D_B=0.137 D_A(real)=0.83 D_A(fake)=0.17 gnG=29.10 gnD=10.78 it_per_s=10.15
2026-10-02 16:02:47,917 INFO iter=185300 epoch=27 lr=1.37e-04 G=3.952 advA2B=0.571 advB2A=0.722 cycA=0.082 cycB=0.103 idtA=0.067 idtB=0.095 D_A=0.092 D_B=0.137 D_A(real)=0.83 D_A(fake)=0.17 gnG=29.00 gnD=10.79 it_per_s=10.15
2026-10-02 16:02:57,788 INFO iter=185400 epoch=27 lr=1.37e-04 G=3.947 advA2B=0.569 advB2A=0.722 cycA=0.081 cycB=0.103 idtA=0.067 idtB=0.095 D_A=0.093 D_B=0.137 D_A(real)=0.83 D_A(fake)=0.17 gnG=28.90 gnD=10.79 it_per_s=10.15
2026-10-02 16:03:07,630 INFO iter=185500 epoch=27 lr=1.36e-04 G=3.944 advA2B=0.568 advB2A=0.721 cycA=0.081 cycB=0.103 idtA=0.067 idtB=0.094 D_A=0.092 D_B=0.138 D_A(real)=0.83 D_A(fake)=0.17 gnG=28.87 gnD=10.80 it_per_s=10.15
2026-10-02 16:03:17,472 INFO iter=185600 epoch=27 lr=1.36e-04 G=3.952 advA2B=0.567 advB2A=0.724 cycA=0.082 cycB=0.103 idtA=0.067 idtB=0.095 D_A=0.092 D_B=0.138 D_A(real)=0.83 D_A(fake)=0.17 gnG=28.94 gnD=10.81 it_per_s=10.15
2026-10-02 16:03:27,314 INFO iter=185700 epoch=27 lr=1.36e-04 G=3.947 advA2B=0.566 advB2A=0.721 cycA=0.082 cycB=0.103 idtA=0.067 idtB=0.095 D_A=0.093 D_B=0.138 D_A(real)=0.83 D_A(fake)=0.17 gnG=28.92 gnD=10.82 it_per_s=10.15
2026-10-02 16:03:37,226 INFO iter=185800 epoch=27 lr=1.36e-04 G=3.944 advA2B=0.565 advB2A=0.720 cycA=0.082 cycB=0.103 idtA=0.067 idtB=0.095 D_A=0.093 D_B=0.138 D_A(real)=0.83 D_A(fake)=0.17 gnG=28.89 gnD=10.81 it_per_s=10.15
2026-10-02 16:03:47,076 INFO iter=185900 epoch=27 lr=1.36e-04 G=3.945 advA2B=0.566 advB2A=0.719 cycA=0.081 cycB=0.103 idtA=0.067 idtB=0.095 D_A=0.092 D_B=0.138 D_A(real)=0.83 D_A(fake)=0.17 gnG=28.83 gnD=10.81 it_per_s=10.15
2026-10-02 16:03:57,006 INFO iter=186000 epoch=27 lr=1.36e-04 G=3.942 advA2B=0.564 advB2A=0.721 cycA=0.081 cycB=0.103 idtA=0.067 idtB=0.095 D_A=0.092 D_B=0.138 D_A(real)=0.83 D_A(fake)=0.17 gnG=28.91 gnD=10.80 it_per_s=10.14
2026-10-02 16:04:06,850 INFO iter=186100 epoch=27 lr=1.36e-04 G=3.942 advA2B=0.564 advB2A=0.722 cycA=0.081 cycB=0.103 idtA=0.067 idtB=0.095 D_A=0.092 D_B=0.139 D_A(real)=0.83 D_A(fake)=0.17 gnG=28.94 gnD=10.79 it_per_s=10.14
2026-10-02 16:04:16,653 INFO iter=186200 epoch=27 lr=1.35e-04 G=3.939 advA2B=0.564 advB2A=0.722 cycA=0.081 cycB=0.103 idtA=0.068 idtB=0.094 D_A=0.092 D_B=0.139 D_A(real)=0.83 D_A(fake)=0.17 gnG=28.89 gnD=10.80 it_per_s=10.15
2026-10-02 16:04:26,465 INFO iter=186300 epoch=27 lr=1.35e-04 G=3.942 advA2B=0.564 advB2A=0.722 cycA=0.082 cycB=0.103 idtA=0.068 idtB=0.095 D_A=0.092 D_B=0.139 D_A(real)=0.83 D_A(fake)=0.17 gnG=28.97 gnD=10.77 it_per_s=10.15
2026-10-02 16:04:36,301 INFO iter=186400 epoch=27 lr=1.35e-04 G=3.943 advA2B=0.565 advB2A=0.722 cycA=0.082 cycB=0.103 idtA=0.068 idtB=0.095 D_A=0.092 D_B=0.139 D_A(real)=0.83 D_A(fake)=0.17 gnG=29.04 gnD=10.76 it_per_s=10.15
2026-10-02 16:04:46,147 INFO iter=186500 epoch=27 lr=1.35e-04 G=3.942 advA2B=0.565 advB2A=0.723 cycA=0.082 cycB=0.103 idtA=0.068 idtB=0.095 D_A=0.092 D_B=0.139 D_A(real)=0.83 D_A(fake)=0.17 gnG=29.03 gnD=10.76 it_per_s=10.15
2026-10-02 16:04:56,047 INFO iter=186600 epoch=27 lr=1.35e-04 G=3.942 advA2B=0.564 advB2A=0.724 cycA=0.081 cycB=0.103 idtA=0.068 idtB=0.095 D_A=0.092 D_B=0.138 D_A(real)=0.83 D_A(fake)=0.17 gnG=28.99 gnD=10.76 it_per_s=10.15
2026-10-02 16:05:05,893 INFO iter=186700 epoch=27 lr=1.35e-04 G=3.941 advA2B=0.566 advB2A=0.724 cycA=0.081 cycB=0.103 idtA=0.068 idtB=0.095 D_A=0.092 D_B=0.139 D_A(real)=0.83 D_A(fake)=0.17 gnG=29.01 gnD=10.77 it_per_s=10.15
2026-10-02 16:05:15,751 INFO iter=186800 epoch=27 lr=1.35e-04 G=3.939 advA2B=0.566 advB2A=0.722 cycA=0.081 cycB=0.103 idtA=0.067 idtB=0.094 D_A=0.092 D_B=0.138 D_A(real)=0.83 D_A(fake)=0.17 gnG=29.03 gnD=10.77 it_per_s=10.15
2026-10-02 16:05:25,578 INFO iter=186900 epoch=27 lr=1.34e-04 G=3.940 advA2B=0.567 advB2A=0.722 cycA=0.081 cycB=0.103 idtA=0.068 idtB=0.095 D_A=0.092 D_B=0.138 D_A(real)=0.83 D_A(fake)=0.17 gnG=29.02 gnD=10.77 it_per_s=10.15
2026-10-02 16:05:35,433 INFO iter=187000 epoch=27 lr=1.34e-04 G=3.945 advA2B=0.568 advB2A=0.721 cycA=0.082 cycB=0.103 idtA=0.068 idtB=0.095 D_A=0.092 D_B=0.138 D_A(real)=0.83 D_A(fake)=0.17 gnG=29.19 gnD=10.77 it_per_s=10.15
2026-10-02 16:05:45,330 INFO iter=187100 epoch=27 lr=1.34e-04 G=3.968 advA2B=0.575 advB2A=0.722 cycA=0.082 cycB=0.103 idtA=0.068 idtB=0.096 D_A=0.092 D_B=0.138 D_A(real)=0.83 D_A(fake)=0.17 gnG=29.52 gnD=10.78 it_per_s=10.15
2026-10-02 16:05:55,180 INFO iter=187200 epoch=27 lr=1.34e-04 G=3.982 advA2B=0.579 advB2A=0.721 cycA=0.083 cycB=0.103 idtA=0.068 idtB=0.097 D_A=0.092 D_B=0.137 D_A(real)=0.83 D_A(fake)=0.17 gnG=29.55 gnD=10.77 it_per_s=10.15
2026-10-02 16:06:05,024 INFO iter=187300 epoch=27 lr=1.34e-04 G=3.988 advA2B=0.581 advB2A=0.720 cycA=0.083 cycB=0.103 idtA=0.068 idtB=0.097 D_A=0.092 D_B=0.136 D_A(real)=0.83 D_A(fake)=0.17 gnG=29.63 gnD=10.75 it_per_s=10.15
2026-10-02 16:06:14,834 INFO iter=187400 epoch=27 lr=1.34e-04 G=3.991 advA2B=0.582 advB2A=0.721 cycA=0.083 cycB=0.103 idtA=0.068 idtB=0.097 D_A=0.092 D_B=0.135 D_A(real)=0.83 D_A(fake)=0.17 gnG=29.64 gnD=10.74 it_per_s=10.15
2026-10-02 16:06:24,662 INFO iter=187500 epoch=27 lr=1.34e-04 G=3.994 advA2B=0.584 advB2A=0.720 cycA=0.083 cycB=0.103 idtA=0.068 idtB=0.097 D_A=0.092 D_B=0.135 D_A(real)=0.83 D_A(fake)=0.17 gnG=29.71 gnD=10.73 it_per_s=10.15
2026-10-02 16:06:34,572 INFO iter=187600 epoch=27 lr=1.33e-04 G=3.998 advA2B=0.586 advB2A=0.721 cycA=0.083 cycB=0.103 idtA=0.068 idtB=0.097 D_A=0.092 D_B=0.135 D_A(real)=0.83 D_A(fake)=0.17 gnG=29.72 gnD=10.73 it_per_s=10.15
2026-10-02 16:06:44,467 INFO iter=187700 epoch=27 lr=1.33e-04 G=3.999 advA2B=0.586 advB2A=0.721 cycA=0.083 cycB=0.103 idtA=0.068 idtB=0.097 D_A=0.092 D_B=0.134 D_A(real)=0.83 D_A(fake)=0.17 gnG=29.68 gnD=10.71 it_per_s=10.15
2026-10-02 16:06:54,348 INFO iter=187800 epoch=27 lr=1.33e-04 G=3.997 advA2B=0.586 advB2A=0.720 cycA=0.083 cycB=0.103 idtA=0.068 idtB=0.098 D_A=0.092 D_B=0.134 D_A(real)=0.83 D_A(fake)=0.17 gnG=29.67 gnD=10.69 it_per_s=10.15
2026-10-02 16:07:04,206 INFO iter=187900 epoch=27 lr=1.33e-04 G=4.000 advA2B=0.587 advB2A=0.720 cycA=0.083 cycB=0.103 idtA=0.068 idtB=0.098 D_A=0.092 D_B=0.133 D_A(real)=0.83 D_A(fake)=0.17 gnG=29.76 gnD=10.69 it_per_s=10.15
2026-10-02 16:07:14,065 INFO iter=188000 epoch=27 lr=1.33e-04 G=4.000 advA2B=0.588 advB2A=0.721 cycA=0.083 cycB=0.103 idtA=0.068 idtB=0.098 D_A=0.092 D_B=0.133 D_A(real)=0.83 D_A(fake)=0.17 gnG=29.72 gnD=10.68 it_per_s=10.15
2026-10-02 16:07:23,892 INFO iter=188100 epoch=27 lr=1.33e-04 G=4.001 advA2B=0.589 advB2A=0.721 cycA=0.083 cycB=0.103 idtA=0.068 idtB=0.098 D_A=0.092 D_B=0.133 D_A(real)=0.83 D_A(fake)=0.17 gnG=29.77 gnD=10.66 it_per_s=10.15
2026-10-02 16:07:33,735 INFO iter=188200 epoch=27 lr=1.33e-04 G=4.002 advA2B=0.589 advB2A=0.721 cycA=0.083 cycB=0.103 idtA=0.067 idtB=0.098 D_A=0.092 D_B=0.133 D_A(real)=0.83 D_A(fake)=0.17 gnG=29.78 gnD=10.65 it_per_s=10.15
2026-10-02 16:07:43,548 INFO iter=188300 epoch=27 lr=1.32e-04 G=4.002 advA2B=0.588 advB2A=0.721 cycA=0.083 cycB=0.103 idtA=0.067 idtB=0.098 D_A=0.091 D_B=0.133 D_A(real)=0.83 D_A(fake)=0.17 gnG=29.81 gnD=10.65 it_per_s=10.15
2026-10-02 16:07:53,399 INFO iter=188400 epoch=27 lr=1.32e-04 G=4.003 advA2B=0.588 advB2A=0.721 cycA=0.083 cycB=0.103 idtA=0.067 idtB=0.098 D_A=0.091 D_B=0.132 D_A(real)=0.83 D_A(fake)=0.17 gnG=29.80 gnD=10.65 it_per_s=10.15
2026-10-02 16:08:03,276 INFO iter=188500 epoch=27 lr=1.32e-04 G=4.003 advA2B=0.589 advB2A=0.720 cycA=0.083 cycB=0.103 idtA=0.067 idtB=0.098 D_A=0.091 D_B=0.132 D_A(real)=0.83 D_A(fake)=0.17 gnG=29.84 gnD=10.65 it_per_s=10.15
2026-10-02 16:08:13,118 INFO iter=188600 epoch=27 lr=1.32e-04 G=4.004 advA2B=0.589 advB2A=0.720 cycA=0.083 cycB=0.103 idtA=0.067 idtB=0.098 D_A=0.091 D_B=0.132 D_A(real)=0.83 D_A(fake)=0.17 gnG=30.09 gnD=10.64 it_per_s=10.15
2026-10-02 16:08:22,952 INFO iter=188700 epoch=27 lr=1.32e-04 G=4.009 advA2B=0.592 advB2A=0.720 cycA=0.083 cycB=0.103 idtA=0.068 idtB=0.098 D_A=0.091 D_B=0.132 D_A(real)=0.83 D_A(fake)=0.17 gnG=30.28 gnD=10.63 it_per_s=10.15
2026-10-02 16:08:32,783 INFO iter=188800 epoch=27 lr=1.32e-04 G=4.007 advA2B=0.593 advB2A=0.720 cycA=0.083 cycB=0.103 idtA=0.068 idtB=0.098 D_A=0.091 D_B=0.132 D_A(real)=0.83 D_A(fake)=0.17 gnG=30.25 gnD=10.62 it_per_s=10.15
2026-10-02 16:08:42,599 INFO iter=188900 epoch=27 lr=1.32e-04 G=4.006 advA2B=0.592 advB2A=0.720 cycA=0.083 cycB=0.103 idtA=0.068 idtB=0.098 D_A=0.091 D_B=0.132 D_A(real)=0.83 D_A(fake)=0.17 gnG=30.23 gnD=10.62 it_per_s=10.15
2026-10-02 16:08:52,400 INFO iter=189000 epoch=27 lr=1.31e-04 G=4.004 advA2B=0.592 advB2A=0.720 cycA=0.083 cycB=0.103 idtA=0.067 idtB=0.098 D_A=0.091 D_B=0.132 D_A(real)=0.83 D_A(fake)=0.17 gnG=30.19 gnD=10.61 it_per_s=10.15
2026-10-02 16:09:02,249 INFO iter=189100 epoch=27 lr=1.31e-04 G=4.003 advA2B=0.591 advB2A=0.720 cycA=0.083 cycB=0.103 idtA=0.067 idtB=0.098 D_A=0.091 D_B=0.132 D_A(real)=0.83 D_A(fake)=0.17 gnG=30.16 gnD=10.60 it_per_s=10.15
2026-10-02 16:09:12,156 INFO iter=189200 epoch=27 lr=1.31e-04 G=4.001 advA2B=0.590 advB2A=0.720 cycA=0.083 cycB=0.103 idtA=0.067 idtB=0.098 D_A=0.091 D_B=0.132 D_A(real)=0.83 D_A(fake)=0.17 gnG=30.14 gnD=10.60 it_per_s=10.15
2026-10-02 16:09:22,009 INFO iter=189300 epoch=27 lr=1.31e-04 G=4.001 advA2B=0.591 advB2A=0.720 cycA=0.083 cycB=0.103 idtA=0.067 idtB=0.098 D_A=0.091 D_B=0.132 D_A(real)=0.83 D_A(fake)=0.17 gnG=30.14 gnD=10.61 it_per_s=10.15
2026-10-02 16:09:31,835 INFO iter=189400 epoch=27 lr=1.31e-04 G=4.001 advA2B=0.591 advB2A=0.722 cycA=0.083 cycB=0.103 idtA=0.068 idtB=0.098 D_A=0.090 D_B=0.132 D_A(real)=0.83 D_A(fake)=0.17 gnG=30.14 gnD=10.60 it_per_s=10.15
2026-10-02 16:09:41,764 INFO iter=189500 epoch=27 lr=1.31e-04 G=4.000 advA2B=0.591 advB2A=0.722 cycA=0.083 cycB=0.103 idtA=0.068 idtB=0.098 D_A=0.090 D_B=0.132 D_A(real)=0.83 D_A(fake)=0.17 gnG=30.12 gnD=10.60 it_per_s=10.15
2026-10-02 16:09:51,598 INFO iter=189600 epoch=27 lr=1.31e-04 G=3.998 advA2B=0.590 advB2A=0.722 cycA=0.083 cycB=0.103 idtA=0.068 idtB=0.098 D_A=0.090 D_B=0.131 D_A(real)=0.83 D_A(fake)=0.17 gnG=30.09 gnD=10.60 it_per_s=10.15
2026-10-02 16:10:01,445 INFO iter=189700 epoch=27 lr=1.30e-04 G=3.997 advA2B=0.589 advB2A=0.723 cycA=0.083 cycB=0.103 idtA=0.068 idtB=0.098 D_A=0.090 D_B=0.131 D_A(real)=0.83 D_A(fake)=0.17 gnG=30.07 gnD=10.59 it_per_s=10.15
2026-10-02 16:10:11,271 INFO iter=189800 epoch=27 lr=1.30e-04 G=3.996 advA2B=0.589 advB2A=0.723 cycA=0.083 cycB=0.103 idtA=0.068 idtB=0.098 D_A=0.090 D_B=0.131 D_A(real)=0.83 D_A(fake)=0.17 gnG=30.02 gnD=10.60 it_per_s=10.15
2026-10-02 16:10:21,126 INFO iter=189900 epoch=27 lr=1.30e-04 G=3.996 advA2B=0.589 advB2A=0.723 cycA=0.083 cycB=0.103 idtA=0.068 idtB=0.098 D_A=0.090 D_B=0.132 D_A(real)=0.83 D_A(fake)=0.17 gnG=30.03 gnD=10.60 it_per_s=10.15
2026-10-02 16:10:30,978 INFO iter=190000 epoch=27 lr=1.30e-04 G=3.997 advA2B=0.589 advB2A=0.723 cycA=0.083 cycB=0.103 idtA=0.068 idtB=0.098 D_A=0.090 D_B=0.132 D_A(real)=0.83 D_A(fake)=0.17 gnG=30.08 gnD=10.60 it_per_s=10.15
2026-10-02 16:10:33,551 INFO epoch=27 done time_s=694 it_per_s=10.15 G=3.997 cycA=0.083 cycB=0.103 idtA=0.068 idtB=0.098 D_A=0.090 D_B=0.132 D_A(real)=0.83 D_A(fake)=0.17 nan_count=0
2026-10-02 16:10:41,393 INFO iter=190100 epoch=28 lr=1.30e-04 G=3.931 advA2B=0.555 advB2A=0.686 cycA=0.083 cycB=0.103 idtA=0.067 idtB=0.100 D_A=0.082 D_B=0.150 D_A(real)=0.84 D_A(fake)=0.16 gnG=29.26 gnD=10.71 it_per_s=10.16
2026-10-02 16:10:51,224 INFO iter=190200 epoch=28 lr=1.30e-04 G=3.885 advA2B=0.576 advB2A=0.691 cycA=0.082 cycB=0.100 idtA=0.066 idtB=0.093 D_A=0.087 D_B=0.135 D_A(real)=0.84 D_A(fake)=0.16 gnG=28.92 gnD=10.65 it_per_s=10.17
2026-10-02 16:11:01,075 INFO iter=190300 epoch=28 lr=1.30e-04 G=3.826 advA2B=0.578 advB2A=0.693 cycA=0.081 cycB=0.097 idtA=0.066 idtB=0.090 D_A=0.089 D_B=0.142 D_A(real)=0.84 D_A(fake)=0.17 gnG=28.34 gnD=10.99 it_per_s=10.16
2026-10-02 16:11:10,966 INFO iter=190400 epoch=28 lr=1.29e-04 G=3.853 advA2B=0.577 advB2A=0.696 cycA=0.081 cycB=0.098 idtA=0.066 idtB=0.092 D_A=0.088 D_B=0.140 D_A(real)=0.84 D_A(fake)=0.16 gnG=28.05 gnD=10.88 it_per_s=10.15
2026-10-02 16:11:20,828 INFO iter=190500 epoch=28 lr=1.29e-04 G=3.876 advA2B=0.583 advB2A=0.707 cycA=0.081 cycB=0.099 idtA=0.066 idtB=0.092 D_A=0.088 D_B=0.142 D_A(real)=0.83 D_A(fake)=0.17 gnG=28.45 gnD=10.90 it_per_s=10.15
2026-10-02 16:11:30,979 INFO iter=190600 epoch=28 lr=1.29e-04 G=3.873 advA2B=0.583 advB2A=0.714 cycA=0.080 cycB=0.098 idtA=0.066 idtB=0.092 D_A=0.087 D_B=0.137 D_A(real)=0.84 D_A(fake)=0.16 gnG=28.96 gnD=10.77 it_per_s=10.09
2026-10-02 16:11:40,821 INFO iter=190700 epoch=28 lr=1.29e-04 G=3.871 advA2B=0.584 advB2A=0.715 cycA=0.080 cycB=0.098 idtA=0.066 idtB=0.092 D_A=0.087 D_B=0.135 D_A(real)=0.84 D_A(fake)=0.17 gnG=28.98 gnD=10.68 it_per_s=10.10
2026-10-02 16:11:50,717 INFO iter=190800 epoch=28 lr=1.29e-04 G=3.875 advA2B=0.585 advB2A=0.720 cycA=0.080 cycB=0.098 idtA=0.066 idtB=0.092 D_A=0.087 D_B=0.136 D_A(real)=0.83 D_A(fake)=0.17 gnG=28.82 gnD=10.60 it_per_s=10.10
2026-10-02 16:12:00,645 INFO iter=190900 epoch=28 lr=1.29e-04 G=3.877 advA2B=0.583 advB2A=0.726 cycA=0.080 cycB=0.098 idtA=0.066 idtB=0.091 D_A=0.087 D_B=0.138 D_A(real)=0.84 D_A(fake)=0.16 gnG=28.91 gnD=10.67 it_per_s=10.10
2026-10-02 16:12:10,536 INFO iter=191000 epoch=28 lr=1.29e-04 G=3.865 advA2B=0.579 advB2A=0.728 cycA=0.080 cycB=0.098 idtA=0.066 idtB=0.091 D_A=0.088 D_B=0.139 D_A(real)=0.83 D_A(fake)=0.17 gnG=28.78 gnD=10.71 it_per_s=10.10
2026-10-02 16:12:20,327 INFO iter=191100 epoch=28 lr=1.28e-04 G=3.863 advA2B=0.575 advB2A=0.731 cycA=0.080 cycB=0.098 idtA=0.066 idtB=0.091 D_A=0.088 D_B=0.139 D_A(real)=0.83 D_A(fake)=0.17 gnG=28.73 gnD=10.70 it_per_s=10.11
2026-10-02 16:12:30,168 INFO iter=191200 epoch=28 lr=1.28e-04 G=3.869 advA2B=0.577 advB2A=0.729 cycA=0.080 cycB=0.098 idtA=0.066 idtB=0.091 D_A=0.088 D_B=0.139 D_A(real)=0.83 D_A(fake)=0.17 gnG=29.14 gnD=10.65 it_per_s=10.12
2026-10-02 16:12:39,987 INFO iter=191300 epoch=28 lr=1.28e-04 G=3.863 advA2B=0.576 advB2A=0.725 cycA=0.080 cycB=0.098 idtA=0.066 idtB=0.091 D_A=0.088 D_B=0.137 D_A(real)=0.83 D_A(fake)=0.17 gnG=28.99 gnD=10.61 it_per_s=10.12
2026-10-02 16:12:49,809 INFO iter=191400 epoch=28 lr=1.28e-04 G=3.859 advA2B=0.575 advB2A=0.726 cycA=0.080 cycB=0.098 idtA=0.066 idtB=0.091 D_A=0.087 D_B=0.137 D_A(real)=0.84 D_A(fake)=0.16 gnG=28.85 gnD=10.59 it_per_s=10.13
2026-10-02 16:12:59,659 INFO iter=191500 epoch=28 lr=1.28e-04 G=3.862 advA2B=0.577 advB2A=0.728 cycA=0.080 cycB=0.098 idtA=0.065 idtB=0.091 D_A=0.088 D_B=0.137 D_A(real)=0.84 D_A(fake)=0.16 gnG=28.88 gnD=10.61 it_per_s=10.13
2026-10-02 16:13:09,493 INFO iter=191600 epoch=28 lr=1.28e-04 G=3.861 advA2B=0.573 advB2A=0.729 cycA=0.080 cycB=0.098 idtA=0.065 idtB=0.091 D_A=0.088 D_B=0.138 D_A(real)=0.84 D_A(fake)=0.16 gnG=28.84 gnD=10.62 it_per_s=10.13
2026-10-02 16:13:19,312 INFO iter=191700 epoch=28 lr=1.28e-04 G=3.873 advA2B=0.577 advB2A=0.728 cycA=0.080 cycB=0.098 idtA=0.065 idtB=0.092 D_A=0.087 D_B=0.138 D_A(real)=0.84 D_A(fake)=0.16 gnG=29.03 gnD=10.61 it_per_s=10.13
2026-10-02 16:13:29,110 INFO iter=191800 epoch=28 lr=1.27e-04 G=3.878 advA2B=0.578 advB2A=0.728 cycA=0.080 cycB=0.099 idtA=0.065 idtB=0.092 D_A=0.087 D_B=0.137 D_A(real)=0.84 D_A(fake)=0.16 gnG=29.07 gnD=10.65 it_per_s=10.14
2026-10-02 16:13:38,950 INFO iter=191900 epoch=28 lr=1.27e-04 G=3.871 advA2B=0.576 advB2A=0.729 cycA=0.079 cycB=0.099 idtA=0.065 idtB=0.092 D_A=0.087 D_B=0.138 D_A(real)=0.84 D_A(fake)=0.16 gnG=28.93 gnD=10.68 it_per_s=10.14
2026-10-02 16:13:48,765 INFO iter=192000 epoch=28 lr=1.27e-04 G=3.866 advA2B=0.573 advB2A=0.727 cycA=0.079 cycB=0.099 idtA=0.065 idtB=0.092 D_A=0.087 D_B=0.138 D_A(real)=0.84 D_A(fake)=0.16 gnG=28.85 gnD=10.70 it_per_s=10.14
2026-10-02 16:13:58,561 INFO iter=192100 epoch=28 lr=1.27e-04 G=3.873 advA2B=0.576 advB2A=0.728 cycA=0.080 cycB=0.099 idtA=0.065 idtB=0.092 D_A=0.087 D_B=0.138 D_A(real)=0.84 D_A(fake)=0.16 gnG=29.03 gnD=10.69 it_per_s=10.14
2026-10-02 16:14:08,401 INFO iter=192200 epoch=28 lr=1.27e-04 G=3.887 advA2B=0.584 advB2A=0.732 cycA=0.080 cycB=0.099 idtA=0.065 idtB=0.092 D_A=0.086 D_B=0.138 D_A(real)=0.84 D_A(fake)=0.16 gnG=29.21 gnD=10.69 it_per_s=10.15
2026-10-02 16:14:18,226 INFO iter=192300 epoch=28 lr=1.27e-04 G=3.895 advA2B=0.587 advB2A=0.731 cycA=0.080 cycB=0.099 idtA=0.066 idtB=0.092 D_A=0.086 D_B=0.137 D_A(real)=0.84 D_A(fake)=0.16 gnG=29.29 gnD=10.67 it_per_s=10.15
2026-10-02 16:14:28,020 INFO iter=192400 epoch=28 lr=1.27e-04 G=3.904 advA2B=0.588 advB2A=0.734 cycA=0.080 cycB=0.099 idtA=0.066 idtB=0.092 D_A=0.086 D_B=0.137 D_A(real)=0.84 D_A(fake)=0.16 gnG=29.39 gnD=10.66 it_per_s=10.15
2026-10-02 16:14:37,791 INFO iter=192500 epoch=28 lr=1.26e-04 G=3.910 advA2B=0.592 advB2A=0.735 cycA=0.080 cycB=0.099 idtA=0.066 idtB=0.092 D_A=0.087 D_B=0.135 D_A(real)=0.84 D_A(fake)=0.16 gnG=29.60 gnD=10.64 it_per_s=10.15
2026-10-02 16:14:47,609 INFO iter=192600 epoch=28 lr=1.26e-04 G=3.917 advA2B=0.594 advB2A=0.734 cycA=0.080 cycB=0.099 idtA=0.066 idtB=0.093 D_A=0.086 D_B=0.135 D_A(real)=0.84 D_A(fake)=0.16 gnG=29.73 gnD=10.63 it_per_s=10.15
2026-10-02 16:14:57,427 INFO iter=192700 epoch=28 lr=1.26e-04 G=3.920 advA2B=0.595 advB2A=0.733 cycA=0.081 cycB=0.099 idtA=0.066 idtB=0.093 D_A=0.086 D_B=0.135 D_A(real)=0.84 D_A(fake)=0.16 gnG=29.83 gnD=10.62 it_per_s=10.15
2026-10-02 16:15:07,284 INFO iter=192800 epoch=28 lr=1.26e-04 G=3.921 advA2B=0.597 advB2A=0.732 cycA=0.081 cycB=0.099 idtA=0.066 idtB=0.093 D_A=0.087 D_B=0.134 D_A(real)=0.84 D_A(fake)=0.16 gnG=29.85 gnD=10.62 it_per_s=10.15
2026-10-02 16:15:17,087 INFO iter=192900 epoch=28 lr=1.26e-04 G=3.926 advA2B=0.598 advB2A=0.732 cycA=0.081 cycB=0.100 idtA=0.066 idtB=0.093 D_A=0.086 D_B=0.134 D_A(real)=0.84 D_A(fake)=0.16 gnG=29.87 gnD=10.60 it_per_s=10.16
2026-10-02 16:15:26,952 INFO iter=193000 epoch=28 lr=1.26e-04 G=3.929 advA2B=0.597 advB2A=0.731 cycA=0.081 cycB=0.100 idtA=0.066 idtB=0.093 D_A=0.086 D_B=0.133 D_A(real)=0.84 D_A(fake)=0.16 gnG=29.84 gnD=10.57 it_per_s=10.16
2026-10-02 16:15:36,782 INFO iter=193100 epoch=28 lr=1.26e-04 G=3.919 advA2B=0.594 advB2A=0.728 cycA=0.081 cycB=0.100 idtA=0.066 idtB=0.093 D_A=0.086 D_B=0.134 D_A(real)=0.84 D_A(fake)=0.16 gnG=29.84 gnD=10.56 it_per_s=10.16
2026-10-02 16:15:46,601 INFO iter=193200 epoch=28 lr=1.25e-04 G=3.914 advA2B=0.592 advB2A=0.728 cycA=0.081 cycB=0.100 idtA=0.066 idtB=0.093 D_A=0.086 D_B=0.134 D_A(real)=0.84 D_A(fake)=0.16 gnG=29.78 gnD=10.54 it_per_s=10.16
2026-10-02 16:15:56,422 INFO iter=193300 epoch=28 lr=1.25e-04 G=3.914 advA2B=0.591 advB2A=0.730 cycA=0.081 cycB=0.099 idtA=0.066 idtB=0.093 D_A=0.086 D_B=0.134 D_A(real)=0.84 D_A(fake)=0.16 gnG=29.76 gnD=10.56 it_per_s=10.16
2026-10-02 16:16:06,339 INFO iter=193400 epoch=28 lr=1.25e-04 G=3.912 advA2B=0.590 advB2A=0.730 cycA=0.081 cycB=0.099 idtA=0.066 idtB=0.093 D_A=0.086 D_B=0.134 D_A(real)=0.84 D_A(fake)=0.16 gnG=29.72 gnD=10.56 it_per_s=10.16
2026-10-02 16:16:16,173 INFO iter=193500 epoch=28 lr=1.25e-04 G=3.909 advA2B=0.588 advB2A=0.730 cycA=0.081 cycB=0.099 idtA=0.066 idtB=0.093 D_A=0.086 D_B=0.134 D_A(real)=0.84 D_A(fake)=0.16 gnG=29.67 gnD=10.57 it_per_s=10.16
2026-10-02 16:16:25,993 INFO iter=193600 epoch=28 lr=1.25e-04 G=3.910 advA2B=0.587 advB2A=0.729 cycA=0.080 cycB=0.100 idtA=0.066 idtB=0.093 D_A=0.086 D_B=0.135 D_A(real)=0.84 D_A(fake)=0.16 gnG=29.66 gnD=10.58 it_per_s=10.16
2026-10-02 16:16:35,811 INFO iter=193700 epoch=28 lr=1.25e-04 G=3.915 advA2B=0.588 advB2A=0.730 cycA=0.080 cycB=0.100 idtA=0.066 idtB=0.093 D_A=0.086 D_B=0.135 D_A(real)=0.84 D_A(fake)=0.16 gnG=29.68 gnD=10.58 it_per_s=10.16
2026-10-02 16:16:45,736 INFO iter=193800 epoch=28 lr=1.25e-04 G=3.917 advA2B=0.589 advB2A=0.730 cycA=0.080 cycB=0.100 idtA=0.066 idtB=0.093 D_A=0.086 D_B=0.135 D_A(real)=0.84 D_A(fake)=0.16 gnG=29.65 gnD=10.58 it_per_s=10.16
2026-10-02 16:16:55,547 INFO iter=193900 epoch=28 lr=1.24e-04 G=3.919 advA2B=0.590 advB2A=0.731 cycA=0.080 cycB=0.100 idtA=0.066 idtB=0.093 D_A=0.086 D_B=0.135 D_A(real)=0.84 D_A(fake)=0.16 gnG=29.63 gnD=10.60 it_per_s=10.16
2026-10-02 16:17:05,540 INFO iter=194000 epoch=28 lr=1.24e-04 G=3.920 advA2B=0.589 advB2A=0.732 cycA=0.080 cycB=0.100 idtA=0.066 idtB=0.093 D_A=0.086 D_B=0.135 D_A(real)=0.84 D_A(fake)=0.16 gnG=29.62 gnD=10.59 it_per_s=10.15
2026-10-02 16:17:15,403 INFO iter=194100 epoch=28 lr=1.24e-04 G=3.919 advA2B=0.589 advB2A=0.732 cycA=0.080 cycB=0.100 idtA=0.066 idtB=0.093 D_A=0.086 D_B=0.134 D_A(real)=0.84 D_A(fake)=0.16 gnG=29.62 gnD=10.60 it_per_s=10.15
2026-10-02 16:17:25,226 INFO iter=194200 epoch=28 lr=1.24e-04 G=3.917 advA2B=0.589 advB2A=0.732 cycA=0.080 cycB=0.100 idtA=0.066 idtB=0.093 D_A=0.086 D_B=0.134 D_A(real)=0.84 D_A(fake)=0.16 gnG=29.60 gnD=10.60 it_per_s=10.15
2026-10-02 16:17:35,086 INFO iter=194300 epoch=28 lr=1.24e-04 G=3.920 advA2B=0.587 advB2A=0.734 cycA=0.080 cycB=0.100 idtA=0.066 idtB=0.093 D_A=0.086 D_B=0.134 D_A(real)=0.84 D_A(fake)=0.16 gnG=29.67 gnD=10.61 it_per_s=10.15
2026-10-02 16:17:44,987 INFO iter=194400 epoch=28 lr=1.24e-04 G=3.917 advA2B=0.587 advB2A=0.733 cycA=0.080 cycB=0.100 idtA=0.066 idtB=0.093 D_A=0.086 D_B=0.135 D_A(real)=0.84 D_A(fake)=0.16 gnG=29.70 gnD=10.63 it_per_s=10.15
2026-10-02 16:17:54,818 INFO iter=194500 epoch=28 lr=1.24e-04 G=3.915 advA2B=0.585 advB2A=0.733 cycA=0.080 cycB=0.100 idtA=0.066 idtB=0.093 D_A=0.086 D_B=0.135 D_A(real)=0.84 D_A(fake)=0.16 gnG=29.64 gnD=10.64 it_per_s=10.15
2026-10-02 16:18:04,688 INFO iter=194600 epoch=28 lr=1.24e-04 G=3.914 advA2B=0.585 advB2A=0.733 cycA=0.080 cycB=0.100 idtA=0.066 idtB=0.093 D_A=0.086 D_B=0.135 D_A(real)=0.84 D_A(fake)=0.16 gnG=29.67 gnD=10.65 it_per_s=10.15
2026-10-02 16:18:14,529 INFO iter=194700 epoch=28 lr=1.23e-04 G=3.917 advA2B=0.587 advB2A=0.734 cycA=0.080 cycB=0.100 idtA=0.066 idtB=0.093 D_A=0.086 D_B=0.135 D_A(real)=0.84 D_A(fake)=0.16 gnG=29.63 gnD=10.63 it_per_s=10.15
2026-10-02 16:18:24,364 INFO iter=194800 epoch=28 lr=1.23e-04 G=3.920 advA2B=0.587 advB2A=0.734 cycA=0.080 cycB=0.100 idtA=0.066 idtB=0.093 D_A=0.086 D_B=0.135 D_A(real)=0.84 D_A(fake)=0.16 gnG=29.59 gnD=10.64 it_per_s=10.15
2026-10-02 16:18:34,184 INFO iter=194900 epoch=28 lr=1.23e-04 G=3.920 advA2B=0.586 advB2A=0.735 cycA=0.080 cycB=0.100 idtA=0.066 idtB=0.093 D_A=0.086 D_B=0.135 D_A(real)=0.84 D_A(fake)=0.16 gnG=29.62 gnD=10.63 it_per_s=10.15
2026-10-02 16:18:44,019 INFO iter=195000 epoch=28 lr=1.23e-04 G=3.919 advA2B=0.585 advB2A=0.735 cycA=0.080 cycB=0.100 idtA=0.066 idtB=0.093 D_A=0.086 D_B=0.135 D_A(real)=0.84 D_A(fake)=0.16 gnG=29.59 gnD=10.64 it_per_s=10.15
2026-10-02 16:18:53,827 INFO iter=195100 epoch=28 lr=1.23e-04 G=3.920 advA2B=0.585 advB2A=0.735 cycA=0.080 cycB=0.100 idtA=0.066 idtB=0.093 D_A=0.086 D_B=0.136 D_A(real)=0.84 D_A(fake)=0.16 gnG=29.60 gnD=10.64 it_per_s=10.15
2026-10-02 16:19:03,690 INFO iter=195200 epoch=28 lr=1.23e-04 G=3.922 advA2B=0.584 advB2A=0.736 cycA=0.080 cycB=0.100 idtA=0.066 idtB=0.093 D_A=0.086 D_B=0.135 D_A(real)=0.84 D_A(fake)=0.16 gnG=29.61 gnD=10.63 it_per_s=10.15
2026-10-02 16:19:13,819 INFO iter=195300 epoch=28 lr=1.23e-04 G=3.922 advA2B=0.584 advB2A=0.736 cycA=0.080 cycB=0.100 idtA=0.066 idtB=0.093 D_A=0.086 D_B=0.136 D_A(real)=0.84 D_A(fake)=0.16 gnG=29.60 gnD=10.65 it_per_s=10.15
2026-10-02 16:19:24,082 INFO iter=195400 epoch=28 lr=1.22e-04 G=3.920 advA2B=0.583 advB2A=0.736 cycA=0.080 cycB=0.100 idtA=0.066 idtB=0.093 D_A=0.086 D_B=0.136 D_A(real)=0.84 D_A(fake)=0.16 gnG=29.59 gnD=10.66 it_per_s=10.14
2026-10-02 16:19:34,053 INFO iter=195500 epoch=28 lr=1.22e-04 G=3.919 advA2B=0.583 advB2A=0.736 cycA=0.080 cycB=0.100 idtA=0.066 idtB=0.093 D_A=0.086 D_B=0.136 D_A(real)=0.84 D_A(fake)=0.16 gnG=29.55 gnD=10.66 it_per_s=10.14
2026-10-02 16:19:43,853 INFO iter=195600 epoch=28 lr=1.22e-04 G=3.925 advA2B=0.585 advB2A=0.735 cycA=0.081 cycB=0.100 idtA=0.066 idtB=0.094 D_A=0.085 D_B=0.136 D_A(real)=0.84 D_A(fake)=0.16 gnG=29.57 gnD=10.66 it_per_s=10.14
2026-10-02 16:19:53,675 INFO iter=195700 epoch=28 lr=1.22e-04 G=3.930 advA2B=0.586 advB2A=0.737 cycA=0.081 cycB=0.100 idtA=0.066 idtB=0.094 D_A=0.085 D_B=0.136 D_A(real)=0.84 D_A(fake)=0.16 gnG=29.62 gnD=10.67 it_per_s=10.14
2026-10-02 16:20:03,511 INFO iter=195800 epoch=28 lr=1.22e-04 G=3.930 advA2B=0.586 advB2A=0.737 cycA=0.081 cycB=0.100 idtA=0.066 idtB=0.094 D_A=0.085 D_B=0.135 D_A(real)=0.84 D_A(fake)=0.16 gnG=29.61 gnD=10.66 it_per_s=10.14
2026-10-02 16:20:13,385 INFO iter=195900 epoch=28 lr=1.22e-04 G=3.931 advA2B=0.586 advB2A=0.737 cycA=0.081 cycB=0.100 idtA=0.066 idtB=0.094 D_A=0.085 D_B=0.135 D_A(real)=0.84 D_A(fake)=0.16 gnG=29.66 gnD=10.65 it_per_s=10.14
2026-10-02 16:20:23,189 INFO iter=196000 epoch=28 lr=1.22e-04 G=3.929 advA2B=0.585 advB2A=0.737 cycA=0.081 cycB=0.100 idtA=0.066 idtB=0.094 D_A=0.085 D_B=0.135 D_A(real)=0.84 D_A(fake)=0.16 gnG=29.66 gnD=10.65 it_per_s=10.14
2026-10-02 16:20:32,996 INFO iter=196100 epoch=28 lr=1.21e-04 G=3.929 advA2B=0.585 advB2A=0.737 cycA=0.081 cycB=0.100 idtA=0.066 idtB=0.094 D_A=0.085 D_B=0.135 D_A(real)=0.84 D_A(fake)=0.16 gnG=29.66 gnD=10.65 it_per_s=10.14
2026-10-02 16:20:42,820 INFO iter=196200 epoch=28 lr=1.21e-04 G=3.926 advA2B=0.584 advB2A=0.736 cycA=0.081 cycB=0.100 idtA=0.066 idtB=0.094 D_A=0.085 D_B=0.136 D_A(real)=0.84 D_A(fake)=0.16 gnG=29.64 gnD=10.66 it_per_s=10.14
2026-10-02 16:20:52,691 INFO iter=196300 epoch=28 lr=1.21e-04 G=3.924 advA2B=0.584 advB2A=0.737 cycA=0.081 cycB=0.100 idtA=0.066 idtB=0.093 D_A=0.085 D_B=0.136 D_A(real)=0.84 D_A(fake)=0.16 gnG=29.60 gnD=10.66 it_per_s=10.14
2026-10-02 16:21:02,597 INFO iter=196400 epoch=28 lr=1.21e-04 G=3.923 advA2B=0.583 advB2A=0.737 cycA=0.081 cycB=0.100 idtA=0.066 idtB=0.094 D_A=0.085 D_B=0.136 D_A(real)=0.84 D_A(fake)=0.16 gnG=29.57 gnD=10.67 it_per_s=10.14
2026-10-02 16:21:12,522 INFO iter=196500 epoch=28 lr=1.21e-04 G=3.923 advA2B=0.583 advB2A=0.738 cycA=0.081 cycB=0.100 idtA=0.066 idtB=0.093 D_A=0.085 D_B=0.135 D_A(real)=0.84 D_A(fake)=0.16 gnG=29.58 gnD=10.67 it_per_s=10.14
2026-10-02 16:21:22,375 INFO iter=196600 epoch=28 lr=1.21e-04 G=3.925 advA2B=0.583 advB2A=0.738 cycA=0.081 cycB=0.100 idtA=0.066 idtB=0.094 D_A=0.085 D_B=0.135 D_A(real)=0.84 D_A(fake)=0.16 gnG=29.58 gnD=10.67 it_per_s=10.14
2026-10-02 16:21:32,179 INFO iter=196700 epoch=28 lr=1.21e-04 G=3.924 advA2B=0.583 advB2A=0.738 cycA=0.081 cycB=0.100 idtA=0.066 idtB=0.093 D_A=0.085 D_B=0.135 D_A(real)=0.84 D_A(fake)=0.16 gnG=29.57 gnD=10.67 it_per_s=10.14
2026-10-02 16:21:41,988 INFO iter=196800 epoch=28 lr=1.20e-04 G=3.923 advA2B=0.582 advB2A=0.738 cycA=0.081 cycB=0.100 idtA=0.066 idtB=0.094 D_A=0.086 D_B=0.135 D_A(real)=0.84 D_A(fake)=0.16 gnG=29.57 gnD=10.67 it_per_s=10.14
2026-10-02 16:21:51,792 INFO iter=196900 epoch=28 lr=1.20e-04 G=3.922 advA2B=0.582 advB2A=0.739 cycA=0.080 cycB=0.100 idtA=0.066 idtB=0.093 D_A=0.085 D_B=0.136 D_A(real)=0.84 D_A(fake)=0.16 gnG=29.54 gnD=10.67 it_per_s=10.14
2026-10-02 16:22:01,619 INFO iter=197000 epoch=28 lr=1.20e-04 G=3.922 advA2B=0.582 advB2A=0.738 cycA=0.080 cycB=0.100 idtA=0.066 idtB=0.094 D_A=0.085 D_B=0.135 D_A(real)=0.84 D_A(fake)=0.16 gnG=29.57 gnD=10.67 it_per_s=10.14
2026-10-02 16:22:07,890 INFO epoch=28 done time_s=694 it_per_s=10.14 G=3.922 cycA=0.080 cycB=0.100 idtA=0.066 idtB=0.094 D_A=0.085 D_B=0.136 D_A(real)=0.84 D_A(fake)=0.16 nan_count=0
2026-10-02 16:22:12,025 INFO iter=197100 epoch=29 lr=1.20e-04 G=3.961 advA2B=0.691 advB2A=0.739 cycA=0.080 cycB=0.096 idtA=0.063 idtB=0.091 D_A=0.093 D_B=0.126 D_A(real)=0.82 D_A(fake)=0.16 gnG=25.76 gnD=11.12 it_per_s=10.09
2026-10-02 16:22:21,913 INFO iter=197200 epoch=29 lr=1.20e-04 G=3.895 advA2B=0.579 advB2A=0.743 cycA=0.080 cycB=0.100 idtA=0.064 idtB=0.092 D_A=0.081 D_B=0.134 D_A(real)=0.84 D_A(fake)=0.16 gnG=28.82 gnD=10.51 it_per_s=10.11
2026-10-02 16:22:31,754 INFO iter=197300 epoch=29 lr=1.20e-04 G=3.881 advA2B=0.569 advB2A=0.722 cycA=0.079 cycB=0.101 idtA=0.064 idtB=0.093 D_A=0.082 D_B=0.136 D_A(real)=0.84 D_A(fake)=0.16 gnG=30.04 gnD=10.55 it_per_s=10.13
2026-10-02 16:22:41,783 INFO iter=197400 epoch=29 lr=1.20e-04 G=3.847 advA2B=0.580 advB2A=0.729 cycA=0.079 cycB=0.098 idtA=0.064 idtB=0.090 D_A=0.086 D_B=0.138 D_A(real)=0.84 D_A(fake)=0.16 gnG=29.22 gnD=10.75 it_per_s=10.08
2026-10-02 16:22:51,777 INFO iter=197500 epoch=29 lr=1.19e-04 G=3.822 advA2B=0.562 advB2A=0.728 cycA=0.079 cycB=0.097 idtA=0.064 idtB=0.090 D_A=0.087 D_B=0.137 D_A(real)=0.84 D_A(fake)=0.16 gnG=28.79 gnD=10.93 it_per_s=10.06
2026-10-02 16:23:01,813 INFO iter=197600 epoch=29 lr=1.19e-04 G=3.810 advA2B=0.563 advB2A=0.730 cycA=0.078 cycB=0.097 idtA=0.063 idtB=0.089 D_A=0.085 D_B=0.138 D_A(real)=0.84 D_A(fake)=0.16 gnG=28.66 gnD=10.90 it_per_s=10.05
2026-10-02 16:23:11,861 INFO iter=197700 epoch=29 lr=1.19e-04 G=3.797 advA2B=0.562 advB2A=0.729 cycA=0.078 cycB=0.097 idtA=0.063 idtB=0.089 D_A=0.084 D_B=0.138 D_A(real)=0.84 D_A(fake)=0.16 gnG=28.51 gnD=10.89 it_per_s=10.03
2026-10-02 16:23:21,876 INFO iter=197800 epoch=29 lr=1.19e-04 G=3.820 advA2B=0.561 advB2A=0.735 cycA=0.078 cycB=0.098 idtA=0.063 idtB=0.089 D_A=0.083 D_B=0.138 D_A(real)=0.84 D_A(fake)=0.16 gnG=28.72 gnD=10.83 it_per_s=10.02
2026-10-02 16:23:32,068 INFO iter=197900 epoch=29 lr=1.19e-04 G=3.831 advA2B=0.565 advB2A=0.737 cycA=0.078 cycB=0.098 idtA=0.063 idtB=0.090 D_A=0.084 D_B=0.136 D_A(real)=0.84 D_A(fake)=0.16 gnG=28.96 gnD=10.88 it_per_s=10.00
2026-10-02 16:23:42,048 INFO iter=198000 epoch=29 lr=1.19e-04 G=3.828 advA2B=0.566 advB2A=0.734 cycA=0.078 cycB=0.098 idtA=0.063 idtB=0.090 D_A=0.083 D_B=0.135 D_A(real)=0.84 D_A(fake)=0.16 gnG=29.02 gnD=10.81 it_per_s=10.00
2026-10-02 16:23:52,232 INFO iter=198100 epoch=29 lr=1.19e-04 G=3.840 advA2B=0.578 advB2A=0.734 cycA=0.078 cycB=0.098 idtA=0.063 idtB=0.090 D_A=0.084 D_B=0.134 D_A(real)=0.84 D_A(fake)=0.16 gnG=29.17 gnD=10.85 it_per_s=9.98
2026-10-02 16:24:02,505 INFO iter=198200 epoch=29 lr=1.18e-04 G=3.846 advA2B=0.584 advB2A=0.731 cycA=0.078 cycB=0.098 idtA=0.063 idtB=0.090 D_A=0.084 D_B=0.134 D_A(real)=0.84 D_A(fake)=0.16 gnG=29.27 gnD=10.82 it_per_s=9.96
2026-10-02 16:24:13,000 INFO iter=198300 epoch=29 lr=1.18e-04 G=3.856 advA2B=0.585 advB2A=0.735 cycA=0.078 cycB=0.098 idtA=0.063 idtB=0.090 D_A=0.083 D_B=0.135 D_A(real)=0.84 D_A(fake)=0.16 gnG=29.41 gnD=10.85 it_per_s=9.92
2026-10-02 16:24:23,433 INFO iter=198400 epoch=29 lr=1.18e-04 G=3.863 advA2B=0.586 advB2A=0.731 cycA=0.078 cycB=0.099 idtA=0.063 idtB=0.091 D_A=0.084 D_B=0.134 D_A(real)=0.84 D_A(fake)=0.16 gnG=29.39 gnD=10.87 it_per_s=9.90
2026-10-02 16:24:33,467 INFO iter=198500 epoch=29 lr=1.18e-04 G=3.874 advA2B=0.590 advB2A=0.731 cycA=0.078 cycB=0.099 idtA=0.063 idtB=0.092 D_A=0.084 D_B=0.134 D_A(real)=0.84 D_A(fake)=0.16 gnG=29.62 gnD=10.90 it_per_s=9.90
2026-10-02 16:24:43,563 INFO iter=198600 epoch=29 lr=1.18e-04 G=3.880 advA2B=0.599 advB2A=0.735 cycA=0.078 cycB=0.099 idtA=0.063 idtB=0.092 D_A=0.084 D_B=0.133 D_A(real)=0.84 D_A(fake)=0.16 gnG=30.23 gnD=10.87 it_per_s=9.90
2026-10-02 16:24:53,596 INFO iter=198700 epoch=29 lr=1.18e-04 G=3.887 advA2B=0.603 advB2A=0.736 cycA=0.079 cycB=0.098 idtA=0.063 idtB=0.092 D_A=0.083 D_B=0.132 D_A(real)=0.84 D_A(fake)=0.16 gnG=30.33 gnD=10.82 it_per_s=9.91
2026-10-02 16:25:03,681 INFO iter=198800 epoch=29 lr=1.18e-04 G=3.905 advA2B=0.606 advB2A=0.740 cycA=0.079 cycB=0.099 idtA=0.064 idtB=0.093 D_A=0.083 D_B=0.131 D_A(real)=0.84 D_A(fake)=0.16 gnG=30.66 gnD=10.79 it_per_s=9.91
2026-10-02 16:25:13,509 INFO iter=198900 epoch=29 lr=1.17e-04 G=3.904 advA2B=0.606 advB2A=0.741 cycA=0.079 cycB=0.098 idtA=0.064 idtB=0.092 D_A=0.082 D_B=0.130 D_A(real)=0.84 D_A(fake)=0.16 gnG=30.66 gnD=10.75 it_per_s=9.92
2026-10-02 16:25:23,377 INFO iter=199000 epoch=29 lr=1.17e-04 G=3.908 advA2B=0.608 advB2A=0.743 cycA=0.079 cycB=0.099 idtA=0.064 idtB=0.093 D_A=0.082 D_B=0.130 D_A(real)=0.84 D_A(fake)=0.15 gnG=30.94 gnD=10.72 it_per_s=9.93
2026-10-02 16:25:33,245 INFO iter=199100 epoch=29 lr=1.17e-04 G=3.906 advA2B=0.609 advB2A=0.744 cycA=0.079 cycB=0.098 idtA=0.063 idtB=0.093 D_A=0.082 D_B=0.129 D_A(real)=0.85 D_A(fake)=0.15 gnG=30.79 gnD=10.70 it_per_s=9.94
2026-10-02 16:25:43,099 INFO iter=199200 epoch=29 lr=1.17e-04 G=3.909 advA2B=0.609 advB2A=0.745 cycA=0.079 cycB=0.099 idtA=0.063 idtB=0.093 D_A=0.082 D_B=0.129 D_A(real)=0.84 D_A(fake)=0.16 gnG=30.79 gnD=10.68 it_per_s=9.95
2026-10-02 16:25:52,943 INFO iter=199300 epoch=29 lr=1.17e-04 G=3.906 advA2B=0.608 advB2A=0.745 cycA=0.079 cycB=0.099 idtA=0.063 idtB=0.093 D_A=0.082 D_B=0.129 D_A(real)=0.85 D_A(fake)=0.15 gnG=30.68 gnD=10.67 it_per_s=9.96
2026-10-02 16:26:02,811 INFO iter=199400 epoch=29 lr=1.17e-04 G=3.901 advA2B=0.605 advB2A=0.747 cycA=0.079 cycB=0.098 idtA=0.063 idtB=0.092 D_A=0.082 D_B=0.129 D_A(real)=0.85 D_A(fake)=0.15 gnG=30.59 gnD=10.68 it_per_s=9.97
2026-10-02 16:26:12,657 INFO iter=199500 epoch=29 lr=1.17e-04 G=3.909 advA2B=0.606 advB2A=0.747 cycA=0.079 cycB=0.099 idtA=0.063 idtB=0.093 D_A=0.082 D_B=0.129 D_A(real)=0.85 D_A(fake)=0.15 gnG=30.60 gnD=10.72 it_per_s=9.98
2026-10-02 16:26:22,705 INFO iter=199600 epoch=29 lr=1.16e-04 G=3.908 advA2B=0.607 advB2A=0.748 cycA=0.079 cycB=0.099 idtA=0.063 idtB=0.093 D_A=0.082 D_B=0.129 D_A(real)=0.85 D_A(fake)=0.15 gnG=30.56 gnD=10.73 it_per_s=9.97
2026-10-02 16:26:32,576 INFO iter=199700 epoch=29 lr=1.16e-04 G=3.914 advA2B=0.606 advB2A=0.751 cycA=0.079 cycB=0.099 idtA=0.064 idtB=0.093 D_A=0.082 D_B=0.129 D_A(real)=0.85 D_A(fake)=0.15 gnG=30.65 gnD=10.74 it_per_s=9.98
2026-10-02 16:26:42,414 INFO iter=199800 epoch=29 lr=1.16e-04 G=3.918 advA2B=0.605 advB2A=0.749 cycA=0.079 cycB=0.099 idtA=0.064 idtB=0.093 D_A=0.082 D_B=0.129 D_A(real)=0.84 D_A(fake)=0.16 gnG=30.66 gnD=10.74 it_per_s=9.99
2026-10-02 16:26:52,267 INFO iter=199900 epoch=29 lr=1.16e-04 G=3.914 advA2B=0.602 advB2A=0.751 cycA=0.079 cycB=0.099 idtA=0.064 idtB=0.093 D_A=0.082 D_B=0.129 D_A(real)=0.84 D_A(fake)=0.16 gnG=30.55 gnD=10.77 it_per_s=9.99
2026-10-02 16:27:02,143 INFO iter=200000 epoch=29 lr=1.16e-04 G=3.911 advA2B=0.600 advB2A=0.750 cycA=0.079 cycB=0.099 idtA=0.064 idtB=0.093 D_A=0.082 D_B=0.130 D_A(real)=0.84 D_A(fake)=0.15 gnG=30.50 gnD=10.77 it_per_s=10.00
2026-10-02 16:27:11,967 INFO iter=200100 epoch=29 lr=1.16e-04 G=3.911 advA2B=0.598 advB2A=0.752 cycA=0.079 cycB=0.099 idtA=0.064 idtB=0.093 D_A=0.082 D_B=0.131 D_A(real)=0.84 D_A(fake)=0.16 gnG=30.42 gnD=10.79 it_per_s=10.00
2026-10-02 16:27:21,773 INFO iter=200200 epoch=29 lr=1.16e-04 G=3.908 advA2B=0.597 advB2A=0.753 cycA=0.079 cycB=0.099 idtA=0.063 idtB=0.093 D_A=0.082 D_B=0.131 D_A(real)=0.84 D_A(fake)=0.16 gnG=30.37 gnD=10.79 it_per_s=10.01
2026-10-02 16:27:31,650 INFO iter=200300 epoch=29 lr=1.15e-04 G=3.907 advA2B=0.596 advB2A=0.751 cycA=0.079 cycB=0.099 idtA=0.064 idtB=0.093 D_A=0.082 D_B=0.131 D_A(real)=0.85 D_A(fake)=0.15 gnG=30.34 gnD=10.79 it_per_s=10.01
2026-10-02 16:27:41,576 INFO iter=200400 epoch=29 lr=1.15e-04 G=3.911 advA2B=0.597 advB2A=0.752 cycA=0.079 cycB=0.099 idtA=0.064 idtB=0.093 D_A=0.082 D_B=0.131 D_A(real)=0.84 D_A(fake)=0.16 gnG=30.35 gnD=10.77 it_per_s=10.01
2026-10-02 16:27:51,424 INFO iter=200500 epoch=29 lr=1.15e-04 G=3.909 advA2B=0.596 advB2A=0.752 cycA=0.079 cycB=0.099 idtA=0.064 idtB=0.093 D_A=0.082 D_B=0.131 D_A(real)=0.84 D_A(fake)=0.16 gnG=30.30 gnD=10.77 it_per_s=10.02
2026-10-02 16:28:01,333 INFO iter=200600 epoch=29 lr=1.15e-04 G=3.905 advA2B=0.596 advB2A=0.751 cycA=0.079 cycB=0.099 idtA=0.064 idtB=0.093 D_A=0.082 D_B=0.132 D_A(real)=0.84 D_A(fake)=0.16 gnG=30.24 gnD=10.77 it_per_s=10.02
2026-10-02 16:28:11,255 INFO iter=200700 epoch=29 lr=1.15e-04 G=3.901 advA2B=0.595 advB2A=0.751 cycA=0.079 cycB=0.099 idtA=0.064 idtB=0.093 D_A=0.082 D_B=0.132 D_A(real)=0.84 D_A(fake)=0.16 gnG=30.24 gnD=10.77 it_per_s=10.02
2026-10-02 16:28:21,074 INFO iter=200800 epoch=29 lr=1.15e-04 G=3.899 advA2B=0.593 advB2A=0.751 cycA=0.079 cycB=0.099 idtA=0.064 idtB=0.092 D_A=0.082 D_B=0.132 D_A(real)=0.84 D_A(fake)=0.16 gnG=30.15 gnD=10.76 it_per_s=10.03
2026-10-02 16:28:30,901 INFO iter=200900 epoch=29 lr=1.15e-04 G=3.898 advA2B=0.592 advB2A=0.752 cycA=0.079 cycB=0.099 idtA=0.064 idtB=0.092 D_A=0.082 D_B=0.132 D_A(real)=0.84 D_A(fake)=0.16 gnG=30.10 gnD=10.78 it_per_s=10.03
2026-10-02 16:28:40,703 INFO iter=201000 epoch=29 lr=1.14e-04 G=3.900 advA2B=0.592 advB2A=0.752 cycA=0.079 cycB=0.099 idtA=0.064 idtB=0.092 D_A=0.082 D_B=0.132 D_A(real)=0.85 D_A(fake)=0.15 gnG=30.04 gnD=10.78 it_per_s=10.03
2026-10-02 16:28:50,555 INFO iter=201100 epoch=29 lr=1.14e-04 G=3.896 advA2B=0.591 advB2A=0.751 cycA=0.079 cycB=0.099 idtA=0.064 idtB=0.092 D_A=0.081 D_B=0.132 D_A(real)=0.85 D_A(fake)=0.15 gnG=29.97 gnD=10.76 it_per_s=10.04
2026-10-02 16:29:00,387 INFO iter=201200 epoch=29 lr=1.14e-04 G=3.895 advA2B=0.591 advB2A=0.751 cycA=0.079 cycB=0.098 idtA=0.064 idtB=0.092 D_A=0.082 D_B=0.133 D_A(real)=0.85 D_A(fake)=0.15 gnG=29.95 gnD=10.79 it_per_s=10.04
2026-10-02 16:29:10,225 INFO iter=201300 epoch=29 lr=1.14e-04 G=3.895 advA2B=0.591 advB2A=0.750 cycA=0.079 cycB=0.099 idtA=0.064 idtB=0.092 D_A=0.082 D_B=0.133 D_A(real)=0.85 D_A(fake)=0.15 gnG=29.92 gnD=10.80 it_per_s=10.04
2026-10-02 16:29:20,089 INFO iter=201400 epoch=29 lr=1.14e-04 G=3.895 advA2B=0.590 advB2A=0.751 cycA=0.079 cycB=0.099 idtA=0.064 idtB=0.092 D_A=0.081 D_B=0.133 D_A(real)=0.85 D_A(fake)=0.15 gnG=29.88 gnD=10.79 it_per_s=10.05
2026-10-02 16:29:29,875 INFO iter=201500 epoch=29 lr=1.14e-04 G=3.895 advA2B=0.590 advB2A=0.750 cycA=0.079 cycB=0.099 idtA=0.064 idtB=0.092 D_A=0.081 D_B=0.133 D_A(real)=0.85 D_A(fake)=0.15 gnG=29.89 gnD=10.80 it_per_s=10.05
2026-10-02 16:29:39,728 INFO iter=201600 epoch=29 lr=1.14e-04 G=3.895 advA2B=0.590 advB2A=0.750 cycA=0.079 cycB=0.099 idtA=0.064 idtB=0.092 D_A=0.081 D_B=0.133 D_A(real)=0.85 D_A(fake)=0.15 gnG=29.88 gnD=10.81 it_per_s=10.05
2026-10-02 16:29:49,615 INFO iter=201700 epoch=29 lr=1.13e-04 G=3.891 advA2B=0.589 advB2A=0.750 cycA=0.079 cycB=0.098 idtA=0.064 idtB=0.092 D_A=0.081 D_B=0.134 D_A(real)=0.85 D_A(fake)=0.15 gnG=29.82 gnD=10.82 it_per_s=10.05
2026-10-02 16:29:59,533 INFO iter=201800 epoch=29 lr=1.13e-04 G=3.894 advA2B=0.590 advB2A=0.751 cycA=0.079 cycB=0.098 idtA=0.064 idtB=0.092 D_A=0.081 D_B=0.134 D_A(real)=0.85 D_A(fake)=0.15 gnG=29.82 gnD=10.82 it_per_s=10.05
2026-10-02 16:30:09,459 INFO iter=201900 epoch=29 lr=1.13e-04 G=3.893 advA2B=0.590 advB2A=0.751 cycA=0.079 cycB=0.098 idtA=0.064 idtB=0.092 D_A=0.081 D_B=0.134 D_A(real)=0.85 D_A(fake)=0.15 gnG=29.82 gnD=10.82 it_per_s=10.05
2026-10-02 16:30:19,283 INFO iter=202000 epoch=29 lr=1.13e-04 G=3.891 advA2B=0.590 advB2A=0.751 cycA=0.079 cycB=0.098 idtA=0.064 idtB=0.092 D_A=0.081 D_B=0.134 D_A(real)=0.85 D_A(fake)=0.15 gnG=29.81 gnD=10.83 it_per_s=10.06
2026-10-02 16:30:29,123 INFO iter=202100 epoch=29 lr=1.13e-04 G=3.891 advA2B=0.590 advB2A=0.750 cycA=0.079 cycB=0.098 idtA=0.064 idtB=0.092 D_A=0.082 D_B=0.134 D_A(real)=0.85 D_A(fake)=0.15 gnG=29.76 gnD=10.83 it_per_s=10.06
2026-10-02 16:30:38,944 INFO iter=202200 epoch=29 lr=1.13e-04 G=3.888 advA2B=0.589 advB2A=0.750 cycA=0.079 cycB=0.098 idtA=0.064 idtB=0.092 D_A=0.082 D_B=0.134 D_A(real)=0.85 D_A(fake)=0.15 gnG=29.75 gnD=10.84 it_per_s=10.06
2026-10-02 16:30:48,763 INFO iter=202300 epoch=29 lr=1.13e-04 G=3.890 advA2B=0.589 advB2A=0.750 cycA=0.079 cycB=0.098 idtA=0.064 idtB=0.092 D_A=0.082 D_B=0.134 D_A(real)=0.85 D_A(fake)=0.15 gnG=29.73 gnD=10.86 it_per_s=10.06
2026-10-02 16:30:58,619 INFO iter=202400 epoch=29 lr=1.12e-04 G=3.892 advA2B=0.588 advB2A=0.750 cycA=0.079 cycB=0.099 idtA=0.064 idtB=0.092 D_A=0.082 D_B=0.134 D_A(real)=0.85 D_A(fake)=0.15 gnG=29.71 gnD=10.86 it_per_s=10.06
2026-10-02 16:31:08,533 INFO iter=202500 epoch=29 lr=1.12e-04 G=3.889 advA2B=0.588 advB2A=0.749 cycA=0.079 cycB=0.098 idtA=0.064 idtB=0.092 D_A=0.082 D_B=0.134 D_A(real)=0.85 D_A(fake)=0.15 gnG=29.77 gnD=10.86 it_per_s=10.07
2026-10-02 16:31:18,359 INFO iter=202600 epoch=29 lr=1.12e-04 G=3.890 advA2B=0.588 advB2A=0.749 cycA=0.079 cycB=0.098 idtA=0.064 idtB=0.092 D_A=0.082 D_B=0.134 D_A(real)=0.85 D_A(fake)=0.15 gnG=29.89 gnD=10.85 it_per_s=10.07
2026-10-02 16:31:28,170 INFO iter=202700 epoch=29 lr=1.12e-04 G=3.888 advA2B=0.588 advB2A=0.748 cycA=0.079 cycB=0.098 idtA=0.064 idtB=0.092 D_A=0.082 D_B=0.134 D_A(real)=0.85 D_A(fake)=0.15 gnG=29.84 gnD=10.86 it_per_s=10.07
2026-10-02 16:31:38,068 INFO iter=202800 epoch=29 lr=1.12e-04 G=3.886 advA2B=0.588 advB2A=0.748 cycA=0.079 cycB=0.098 idtA=0.064 idtB=0.092 D_A=0.082 D_B=0.134 D_A(real)=0.85 D_A(fake)=0.15 gnG=29.81 gnD=10.86 it_per_s=10.07
2026-10-02 16:31:47,876 INFO iter=202900 epoch=29 lr=1.12e-04 G=3.884 advA2B=0.587 advB2A=0.747 cycA=0.079 cycB=0.098 idtA=0.064 idtB=0.092 D_A=0.082 D_B=0.134 D_A(real)=0.85 D_A(fake)=0.15 gnG=29.79 gnD=10.86 it_per_s=10.07
2026-10-02 16:31:57,748 INFO iter=203000 epoch=29 lr=1.12e-04 G=3.886 advA2B=0.587 advB2A=0.747 cycA=0.079 cycB=0.098 idtA=0.064 idtB=0.092 D_A=0.082 D_B=0.134 D_A(real)=0.85 D_A(fake)=0.15 gnG=29.81 gnD=10.87 it_per_s=10.07
2026-10-02 16:32:07,564 INFO iter=203100 epoch=29 lr=1.11e-04 G=3.884 advA2B=0.588 advB2A=0.746 cycA=0.079 cycB=0.098 idtA=0.064 idtB=0.092 D_A=0.082 D_B=0.134 D_A(real)=0.85 D_A(fake)=0.15 gnG=29.83 gnD=10.88 it_per_s=10.07
2026-10-02 16:32:17,405 INFO iter=203200 epoch=29 lr=1.11e-04 G=3.884 advA2B=0.587 advB2A=0.747 cycA=0.079 cycB=0.098 idtA=0.063 idtB=0.092 D_A=0.082 D_B=0.134 D_A(real)=0.85 D_A(fake)=0.15 gnG=29.81 gnD=10.90 it_per_s=10.08
2026-10-02 16:32:27,231 INFO iter=203300 epoch=29 lr=1.11e-04 G=3.884 advA2B=0.587 advB2A=0.746 cycA=0.079 cycB=0.099 idtA=0.063 idtB=0.092 D_A=0.082 D_B=0.135 D_A(real)=0.85 D_A(fake)=0.15 gnG=29.76 gnD=10.92 it_per_s=10.08
2026-10-02 16:32:37,096 INFO iter=203400 epoch=29 lr=1.11e-04 G=3.884 advA2B=0.587 advB2A=0.746 cycA=0.079 cycB=0.099 idtA=0.064 idtB=0.092 D_A=0.082 D_B=0.135 D_A(real)=0.85 D_A(fake)=0.15 gnG=29.73 gnD=10.93 it_per_s=10.08
2026-10-02 16:32:46,952 INFO iter=203500 epoch=29 lr=1.11e-04 G=3.884 advA2B=0.587 advB2A=0.746 cycA=0.079 cycB=0.099 idtA=0.063 idtB=0.092 D_A=0.082 D_B=0.134 D_A(real)=0.85 D_A(fake)=0.15 gnG=29.72 gnD=10.93 it_per_s=10.08
2026-10-02 16:32:56,767 INFO iter=203600 epoch=29 lr=1.11e-04 G=3.884 advA2B=0.587 advB2A=0.744 cycA=0.079 cycB=0.099 idtA=0.064 idtB=0.092 D_A=0.082 D_B=0.135 D_A(real)=0.85 D_A(fake)=0.15 gnG=29.75 gnD=10.93 it_per_s=10.08
2026-10-02 16:33:06,615 INFO iter=203700 epoch=29 lr=1.11e-04 G=3.882 advA2B=0.586 advB2A=0.743 cycA=0.079 cycB=0.099 idtA=0.064 idtB=0.092 D_A=0.082 D_B=0.135 D_A(real)=0.85 D_A(fake)=0.15 gnG=29.76 gnD=10.93 it_per_s=10.08
2026-10-02 16:33:16,491 INFO iter=203800 epoch=29 lr=1.10e-04 G=3.881 advA2B=0.586 advB2A=0.743 cycA=0.079 cycB=0.099 idtA=0.064 idtB=0.092 D_A=0.083 D_B=0.135 D_A(real)=0.85 D_A(fake)=0.15 gnG=29.77 gnD=10.92 it_per_s=10.08
2026-10-02 16:33:26,332 INFO iter=203900 epoch=29 lr=1.10e-04 G=3.879 advA2B=0.586 advB2A=0.742 cycA=0.079 cycB=0.099 idtA=0.064 idtB=0.092 D_A=0.083 D_B=0.135 D_A(real)=0.84 D_A(fake)=0.16 gnG=29.75 gnD=10.92 it_per_s=10.08
2026-10-02 16:33:36,182 INFO iter=204000 epoch=29 lr=1.10e-04 G=3.878 advA2B=0.586 advB2A=0.741 cycA=0.079 cycB=0.098 idtA=0.064 idtB=0.092 D_A=0.083 D_B=0.134 D_A(real)=0.84 D_A(fake)=0.16 gnG=29.73 gnD=10.93 it_per_s=10.09
2026-10-02 16:33:46,068 INFO iter=204100 epoch=29 lr=1.10e-04 G=3.878 advA2B=0.586 advB2A=0.741 cycA=0.079 cycB=0.098 idtA=0.064 idtB=0.092 D_A=0.083 D_B=0.135 D_A(real)=0.84 D_A(fake)=0.16 gnG=29.75 gnD=10.93 it_per_s=10.09
2026-10-02 16:33:46,261 INFO epoch=29 done time_s=698 it_per_s=10.09 G=3.878 cycA=0.079 cycB=0.099 idtA=0.064 idtB=0.092 D_A=0.083 D_B=0.135 D_A(real)=0.84 D_A(fake)=0.16 nan_count=0
2026-10-02 16:33:56,528 INFO iter=204200 epoch=30 lr=1.10e-04 G=3.909 advA2B=0.581 advB2A=0.752 cycA=0.078 cycB=0.101 idtA=0.063 idtB=0.094 D_A=0.090 D_B=0.126 D_A(real)=0.83 D_A(fake)=0.17 gnG=28.86 gnD=11.10 it_per_s=10.09
2026-10-02 16:34:06,365 INFO iter=204300 epoch=30 lr=1.10e-04 G=3.862 advA2B=0.569 advB2A=0.734 cycA=0.078 cycB=0.099 idtA=0.064 idtB=0.094 D_A=0.093 D_B=0.136 D_A(real)=0.82 D_A(fake)=0.18 gnG=30.66 gnD=11.50 it_per_s=10.13
2026-10-02 16:34:16,317 INFO iter=204400 epoch=30 lr=1.10e-04 G=3.847 advA2B=0.584 advB2A=0.733 cycA=0.078 cycB=0.097 idtA=0.064 idtB=0.092 D_A=0.094 D_B=0.133 D_A(real)=0.82 D_A(fake)=0.18 gnG=30.06 gnD=11.38 it_per_s=10.10
2026-10-02 16:34:26,180 INFO iter=204500 epoch=30 lr=1.09e-04 G=3.809 advA2B=0.571 advB2A=0.714 cycA=0.078 cycB=0.097 idtA=0.063 idtB=0.091 D_A=0.094 D_B=0.136 D_A(real)=0.83 D_A(fake)=0.17 gnG=29.51 gnD=11.45 it_per_s=10.11
2026-10-02 16:34:36,115 INFO iter=204600 epoch=30 lr=1.09e-04 G=3.800 advA2B=0.569 advB2A=0.720 cycA=0.079 cycB=0.096 idtA=0.064 idtB=0.089 D_A=0.093 D_B=0.137 D_A(real)=0.83 D_A(fake)=0.17 gnG=29.44 gnD=11.44 it_per_s=10.10
2026-10-02 16:34:45,959 INFO iter=204700 epoch=30 lr=1.09e-04 G=3.813 advA2B=0.564 advB2A=0.712 cycA=0.079 cycB=0.098 idtA=0.064 idtB=0.091 D_A=0.093 D_B=0.137 D_A(real)=0.83 D_A(fake)=0.17 gnG=29.54 gnD=11.48 it_per_s=10.11
2026-10-02 16:34:55,930 INFO iter=204800 epoch=30 lr=1.09e-04 G=3.825 advA2B=0.564 advB2A=0.725 cycA=0.079 cycB=0.098 idtA=0.064 idtB=0.091 D_A=0.092 D_B=0.137 D_A(real)=0.83 D_A(fake)=0.17 gnG=29.65 gnD=11.54 it_per_s=10.10
2026-10-02 16:35:05,787 INFO iter=204900 epoch=30 lr=1.09e-04 G=3.805 advA2B=0.561 advB2A=0.725 cycA=0.078 cycB=0.097 idtA=0.063 idtB=0.090 D_A=0.093 D_B=0.137 D_A(real)=0.83 D_A(fake)=0.17 gnG=29.62 gnD=11.59 it_per_s=10.10
2026-10-02 16:35:15,745 INFO iter=205000 epoch=30 lr=1.09e-04 G=3.801 advA2B=0.563 advB2A=0.723 cycA=0.079 cycB=0.096 idtA=0.063 idtB=0.090 D_A=0.092 D_B=0.137 D_A(real)=0.83 D_A(fake)=0.17 gnG=29.30 gnD=11.55 it_per_s=10.10
2026-10-02 16:35:25,616 INFO iter=205100 epoch=30 lr=1.09e-04 G=3.792 advA2B=0.564 advB2A=0.717 cycA=0.079 cycB=0.096 idtA=0.063 idtB=0.090 D_A=0.092 D_B=0.136 D_A(real)=0.83 D_A(fake)=0.17 gnG=29.20 gnD=11.52 it_per_s=10.10
2026-10-02 16:35:35,390 INFO iter=205200 epoch=30 lr=1.08e-04 G=3.784 advA2B=0.565 advB2A=0.719 cycA=0.079 cycB=0.096 idtA=0.063 idtB=0.089 D_A=0.092 D_B=0.138 D_A(real)=0.83 D_A(fake)=0.17 gnG=29.14 gnD=11.55 it_per_s=10.11
2026-10-02 16:35:45,277 INFO iter=205300 epoch=30 lr=1.08e-04 G=3.782 advA2B=0.561 advB2A=0.721 cycA=0.078 cycB=0.095 idtA=0.063 idtB=0.089 D_A=0.092 D_B=0.138 D_A(real)=0.83 D_A(fake)=0.17 gnG=29.26 gnD=11.54 it_per_s=10.11
2026-10-02 16:35:55,185 INFO iter=205400 epoch=30 lr=1.08e-04 G=3.788 advA2B=0.559 advB2A=0.724 cycA=0.078 cycB=0.096 idtA=0.063 idtB=0.089 D_A=0.092 D_B=0.138 D_A(real)=0.83 D_A(fake)=0.17 gnG=29.43 gnD=11.49 it_per_s=10.11
2026-10-02 16:36:05,029 INFO iter=205500 epoch=30 lr=1.08e-04 G=3.784 advA2B=0.559 advB2A=0.724 cycA=0.078 cycB=0.096 idtA=0.063 idtB=0.089 D_A=0.091 D_B=0.138 D_A(real)=0.83 D_A(fake)=0.17 gnG=29.48 gnD=11.47 it_per_s=10.11
2026-10-02 16:36:14,867 INFO iter=205600 epoch=30 lr=1.08e-04 G=3.771 advA2B=0.555 advB2A=0.722 cycA=0.078 cycB=0.096 idtA=0.063 idtB=0.089 D_A=0.092 D_B=0.139 D_A(real)=0.83 D_A(fake)=0.17 gnG=29.40 gnD=11.50 it_per_s=10.12
2026-10-02 16:36:24,691 INFO iter=205700 epoch=30 lr=1.08e-04 G=3.770 advA2B=0.554 advB2A=0.721 cycA=0.078 cycB=0.096 idtA=0.063 idtB=0.089 D_A=0.092 D_B=0.139 D_A(real)=0.83 D_A(fake)=0.17 gnG=29.42 gnD=11.51 it_per_s=10.12
2026-10-02 16:36:34,468 INFO iter=205800 epoch=30 lr=1.08e-04 G=3.770 advA2B=0.554 advB2A=0.717 cycA=0.078 cycB=0.096 idtA=0.063 idtB=0.089 D_A=0.091 D_B=0.140 D_A(real)=0.83 D_A(fake)=0.17 gnG=29.45 gnD=11.50 it_per_s=10.13
2026-10-02 16:36:44,291 INFO iter=205900 epoch=30 lr=1.07e-04 G=3.766 advA2B=0.553 advB2A=0.716 cycA=0.078 cycB=0.096 idtA=0.063 idtB=0.089 D_A=0.091 D_B=0.139 D_A(real)=0.83 D_A(fake)=0.17 gnG=29.34 gnD=11.47 it_per_s=10.13
2026-10-02 16:36:54,099 INFO iter=206000 epoch=30 lr=1.07e-04 G=3.769 advA2B=0.556 advB2A=0.716 cycA=0.078 cycB=0.096 idtA=0.063 idtB=0.089 D_A=0.091 D_B=0.139 D_A(real)=0.83 D_A(fake)=0.17 gnG=29.41 gnD=11.45 it_per_s=10.13
2026-10-02 16:37:03,955 INFO iter=206100 epoch=30 lr=1.07e-04 G=3.770 advA2B=0.555 advB2A=0.716 cycA=0.078 cycB=0.096 idtA=0.063 idtB=0.089 D_A=0.092 D_B=0.138 D_A(real)=0.83 D_A(fake)=0.17 gnG=29.35 gnD=11.46 it_per_s=10.13
2026-10-02 16:37:13,795 INFO iter=206200 epoch=30 lr=1.07e-04 G=3.767 advA2B=0.556 advB2A=0.717 cycA=0.078 cycB=0.096 idtA=0.063 idtB=0.089 D_A=0.092 D_B=0.137 D_A(real)=0.83 D_A(fake)=0.17 gnG=29.33 gnD=11.45 it_per_s=10.14
2026-10-02 16:37:23,641 INFO iter=206300 epoch=30 lr=1.07e-04 G=3.763 advA2B=0.557 advB2A=0.713 cycA=0.078 cycB=0.096 idtA=0.063 idtB=0.089 D_A=0.092 D_B=0.137 D_A(real)=0.83 D_A(fake)=0.17 gnG=29.43 gnD=11.46 it_per_s=10.14
2026-10-02 16:37:33,467 INFO iter=206400 epoch=30 lr=1.07e-04 G=3.765 advA2B=0.556 advB2A=0.714 cycA=0.078 cycB=0.096 idtA=0.063 idtB=0.089 D_A=0.092 D_B=0.137 D_A(real)=0.83 D_A(fake)=0.17 gnG=29.36 gnD=11.46 it_per_s=10.14
2026-10-02 16:37:43,312 INFO iter=206500 epoch=30 lr=1.07e-04 G=3.770 advA2B=0.556 advB2A=0.715 cycA=0.078 cycB=0.096 idtA=0.063 idtB=0.089 D_A=0.092 D_B=0.138 D_A(real)=0.83 D_A(fake)=0.17 gnG=29.39 gnD=11.48 it_per_s=10.14
2026-10-02 16:37:53,078 INFO iter=206600 epoch=30 lr=1.06e-04 G=3.777 advA2B=0.558 advB2A=0.714 cycA=0.078 cycB=0.097 idtA=0.063 idtB=0.089 D_A=0.092 D_B=0.137 D_A(real)=0.83 D_A(fake)=0.17 gnG=29.41 gnD=11.44 it_per_s=10.14
2026-10-02 16:38:02,940 INFO iter=206700 epoch=30 lr=1.06e-04 G=3.780 advA2B=0.560 advB2A=0.714 cycA=0.078 cycB=0.097 idtA=0.063 idtB=0.089 D_A=0.092 D_B=0.137 D_A(real)=0.83 D_A(fake)=0.17 gnG=29.39 gnD=11.43 it_per_s=10.14
2026-10-02 16:38:12,758 INFO iter=206800 epoch=30 lr=1.06e-04 G=3.778 advA2B=0.563 advB2A=0.712 cycA=0.078 cycB=0.096 idtA=0.063 idtB=0.089 D_A=0.092 D_B=0.136 D_A(real)=0.83 D_A(fake)=0.17 gnG=29.43 gnD=11.43 it_per_s=10.14
2026-10-02 16:38:22,583 INFO iter=206900 epoch=30 lr=1.06e-04 G=3.781 advA2B=0.565 advB2A=0.711 cycA=0.078 cycB=0.096 idtA=0.063 idtB=0.089 D_A=0.092 D_B=0.136 D_A(real)=0.83 D_A(fake)=0.17 gnG=29.55 gnD=11.45 it_per_s=10.15
2026-10-02 16:38:32,403 INFO iter=207000 epoch=30 lr=1.06e-04 G=3.785 advA2B=0.567 advB2A=0.711 cycA=0.078 cycB=0.096 idtA=0.063 idtB=0.089 D_A=0.092 D_B=0.136 D_A(real)=0.83 D_A(fake)=0.17 gnG=29.59 gnD=11.45 it_per_s=10.15
2026-10-02 16:38:42,226 INFO iter=207100 epoch=30 lr=1.06e-04 G=3.787 advA2B=0.568 advB2A=0.710 cycA=0.078 cycB=0.096 idtA=0.063 idtB=0.089 D_A=0.092 D_B=0.135 D_A(real)=0.83 D_A(fake)=0.17 gnG=29.58 gnD=11.45 it_per_s=10.15
2026-10-02 16:38:52,055 INFO iter=207200 epoch=30 lr=1.06e-04 G=3.792 advA2B=0.570 advB2A=0.712 cycA=0.078 cycB=0.097 idtA=0.063 idtB=0.090 D_A=0.092 D_B=0.135 D_A(real)=0.83 D_A(fake)=0.17 gnG=29.66 gnD=11.46 it_per_s=10.15
2026-10-02 16:39:01,916 INFO iter=207300 epoch=30 lr=1.05e-04 G=3.793 advA2B=0.570 advB2A=0.712 cycA=0.078 cycB=0.097 idtA=0.063 idtB=0.090 D_A=0.092 D_B=0.135 D_A(real)=0.83 D_A(fake)=0.17 gnG=29.71 gnD=11.46 it_per_s=10.15
2026-10-02 16:39:11,724 INFO iter=207400 epoch=30 lr=1.05e-04 G=3.800 advA2B=0.572 advB2A=0.713 cycA=0.078 cycB=0.097 idtA=0.063 idtB=0.090 D_A=0.091 D_B=0.135 D_A(real)=0.83 D_A(fake)=0.17 gnG=29.78 gnD=11.46 it_per_s=10.15
2026-10-02 16:39:21,569 INFO iter=207500 epoch=30 lr=1.05e-04 G=3.802 advA2B=0.574 advB2A=0.714 cycA=0.078 cycB=0.097 idtA=0.063 idtB=0.090 D_A=0.092 D_B=0.135 D_A(real)=0.83 D_A(fake)=0.17 gnG=29.77 gnD=11.50 it_per_s=10.15
2026-10-02 16:39:31,404 INFO iter=207600 epoch=30 lr=1.05e-04 G=3.801 advA2B=0.575 advB2A=0.713 cycA=0.078 cycB=0.097 idtA=0.063 idtB=0.090 D_A=0.092 D_B=0.135 D_A(real)=0.83 D_A(fake)=0.17 gnG=29.72 gnD=11.50 it_per_s=10.15
2026-10-02 16:39:41,234 INFO iter=207700 epoch=30 lr=1.05e-04 G=3.799 advA2B=0.574 advB2A=0.714 cycA=0.078 cycB=0.097 idtA=0.063 idtB=0.089 D_A=0.092 D_B=0.135 D_A(real)=0.83 D_A(fake)=0.17 gnG=29.74 gnD=11.49 it_per_s=10.15
2026-10-02 16:39:51,083 INFO iter=207800 epoch=30 lr=1.05e-04 G=3.802 advA2B=0.573 advB2A=0.714 cycA=0.078 cycB=0.097 idtA=0.063 idtB=0.090 D_A=0.091 D_B=0.136 D_A(real)=0.83 D_A(fake)=0.17 gnG=29.77 gnD=11.47 it_per_s=10.15
2026-10-02 16:40:00,912 INFO iter=207900 epoch=30 lr=1.05e-04 G=3.807 advA2B=0.576 advB2A=0.715 cycA=0.078 cycB=0.097 idtA=0.063 idtB=0.090 D_A=0.091 D_B=0.136 D_A(real)=0.83 D_A(fake)=0.17 gnG=29.81 gnD=11.48 it_per_s=10.15
2026-10-02 16:40:10,757 INFO iter=208000 epoch=30 lr=1.04e-04 G=3.806 advA2B=0.576 advB2A=0.714 cycA=0.078 cycB=0.097 idtA=0.063 idtB=0.090 D_A=0.092 D_B=0.136 D_A(real)=0.83 D_A(fake)=0.17 gnG=29.84 gnD=11.47 it_per_s=10.15
2026-10-02 16:40:20,690 INFO iter=208100 epoch=30 lr=1.04e-04 G=3.807 advA2B=0.577 advB2A=0.713 cycA=0.078 cycB=0.097 idtA=0.063 idtB=0.090 D_A=0.092 D_B=0.136 D_A(real)=0.83 D_A(fake)=0.17 gnG=29.86 gnD=11.46 it_per_s=10.15
2026-10-02 16:40:30,637 INFO iter=208200 epoch=30 lr=1.04e-04 G=3.812 advA2B=0.578 advB2A=0.714 cycA=0.078 cycB=0.097 idtA=0.063 idtB=0.090 D_A=0.092 D_B=0.136 D_A(real)=0.83 D_A(fake)=0.17 gnG=29.88 gnD=11.45 it_per_s=10.15
2026-10-02 16:40:40,425 INFO iter=208300 epoch=30 lr=1.04e-04 G=3.812 advA2B=0.578 advB2A=0.714 cycA=0.078 cycB=0.097 idtA=0.063 idtB=0.090 D_A=0.092 D_B=0.136 D_A(real)=0.83 D_A(fake)=0.17 gnG=29.95 gnD=11.48 it_per_s=10.15
2026-10-02 16:40:50,279 INFO iter=208400 epoch=30 lr=1.04e-04 G=3.811 advA2B=0.578 advB2A=0.713 cycA=0.078 cycB=0.097 idtA=0.063 idtB=0.090 D_A=0.092 D_B=0.135 D_A(real)=0.83 D_A(fake)=0.17 gnG=29.95 gnD=11.48 it_per_s=10.15
2026-10-02 16:41:00,151 INFO iter=208500 epoch=30 lr=1.04e-04 G=3.808 advA2B=0.577 advB2A=0.713 cycA=0.078 cycB=0.097 idtA=0.063 idtB=0.090 D_A=0.092 D_B=0.135 D_A(real)=0.83 D_A(fake)=0.17 gnG=29.92 gnD=11.48 it_per_s=10.15
2026-10-02 16:41:09,960 INFO iter=208600 epoch=30 lr=1.04e-04 G=3.805 advA2B=0.578 advB2A=0.712 cycA=0.078 cycB=0.097 idtA=0.063 idtB=0.090 D_A=0.092 D_B=0.135 D_A(real)=0.83 D_A(fake)=0.17 gnG=29.93 gnD=11.50 it_per_s=10.15
2026-10-02 16:41:19,814 INFO iter=208700 epoch=30 lr=1.03e-04 G=3.805 advA2B=0.578 advB2A=0.713 cycA=0.078 cycB=0.097 idtA=0.063 idtB=0.090 D_A=0.092 D_B=0.135 D_A(real)=0.83 D_A(fake)=0.17 gnG=29.97 gnD=11.49 it_per_s=10.15
2026-10-02 16:41:29,682 INFO iter=208800 epoch=30 lr=1.03e-04 G=3.803 advA2B=0.577 advB2A=0.715 cycA=0.078 cycB=0.097 idtA=0.063 idtB=0.090 D_A=0.092 D_B=0.136 D_A(real)=0.83 D_A(fake)=0.17 gnG=29.97 gnD=11.49 it_per_s=10.15
2026-10-02 16:41:39,503 INFO iter=208900 epoch=30 lr=1.03e-04 G=3.802 advA2B=0.577 advB2A=0.715 cycA=0.078 cycB=0.097 idtA=0.063 idtB=0.089 D_A=0.092 D_B=0.135 D_A(real)=0.83 D_A(fake)=0.17 gnG=29.97 gnD=11.48 it_per_s=10.15
2026-10-02 16:41:49,324 INFO iter=209000 epoch=30 lr=1.03e-04 G=3.802 advA2B=0.578 advB2A=0.715 cycA=0.078 cycB=0.097 idtA=0.063 idtB=0.089 D_A=0.092 D_B=0.135 D_A(real)=0.83 D_A(fake)=0.17 gnG=29.96 gnD=11.49 it_per_s=10.15
2026-10-02 16:41:59,152 INFO iter=209100 epoch=30 lr=1.03e-04 G=3.801 advA2B=0.578 advB2A=0.714 cycA=0.078 cycB=0.097 idtA=0.063 idtB=0.089 D_A=0.092 D_B=0.136 D_A(real)=0.83 D_A(fake)=0.17 gnG=29.91 gnD=11.51 it_per_s=10.15
2026-10-02 16:42:09,019 INFO iter=209200 epoch=30 lr=1.03e-04 G=3.800 advA2B=0.578 advB2A=0.715 cycA=0.078 cycB=0.097 idtA=0.063 idtB=0.089 D_A=0.092 D_B=0.136 D_A(real)=0.83 D_A(fake)=0.17 gnG=29.91 gnD=11.50 it_per_s=10.15
2026-10-02 16:42:18,867 INFO iter=209300 epoch=30 lr=1.03e-04 G=3.801 advA2B=0.578 advB2A=0.715 cycA=0.078 cycB=0.097 idtA=0.063 idtB=0.089 D_A=0.092 D_B=0.136 D_A(real)=0.83 D_A(fake)=0.17 gnG=29.97 gnD=11.50 it_per_s=10.15
2026-10-02 16:42:28,705 INFO iter=209400 epoch=30 lr=1.02e-04 G=3.799 advA2B=0.578 advB2A=0.714 cycA=0.078 cycB=0.097 idtA=0.063 idtB=0.089 D_A=0.092 D_B=0.136 D_A(real)=0.83 D_A(fake)=0.17 gnG=29.93 gnD=11.50 it_per_s=10.15
2026-10-02 16:42:38,582 INFO iter=209500 epoch=30 lr=1.02e-04 G=3.801 advA2B=0.578 advB2A=0.714 cycA=0.078 cycB=0.097 idtA=0.063 idtB=0.089 D_A=0.092 D_B=0.136 D_A(real)=0.83 D_A(fake)=0.17 gnG=29.94 gnD=11.50 it_per_s=10.15
2026-10-02 16:42:48,424 INFO iter=209600 epoch=30 lr=1.02e-04 G=3.799 advA2B=0.579 advB2A=0.714 cycA=0.078 cycB=0.097 idtA=0.063 idtB=0.089 D_A=0.092 D_B=0.136 D_A(real)=0.83 D_A(fake)=0.17 gnG=29.96 gnD=11.51 it_per_s=10.15
2026-10-02 16:42:58,238 INFO iter=209700 epoch=30 lr=1.02e-04 G=3.801 advA2B=0.579 advB2A=0.714 cycA=0.078 cycB=0.097 idtA=0.063 idtB=0.089 D_A=0.092 D_B=0.136 D_A(real)=0.83 D_A(fake)=0.17 gnG=29.96 gnD=11.50 it_per_s=10.15
2026-10-02 16:43:08,081 INFO iter=209800 epoch=30 lr=1.02e-04 G=3.800 advA2B=0.579 advB2A=0.714 cycA=0.078 cycB=0.097 idtA=0.063 idtB=0.089 D_A=0.092 D_B=0.136 D_A(real)=0.83 D_A(fake)=0.17 gnG=29.95 gnD=11.49 it_per_s=10.15
2026-10-02 16:43:17,922 INFO iter=209900 epoch=30 lr=1.02e-04 G=3.798 advA2B=0.578 advB2A=0.714 cycA=0.078 cycB=0.097 idtA=0.063 idtB=0.089 D_A=0.092 D_B=0.135 D_A(real)=0.83 D_A(fake)=0.17 gnG=29.96 gnD=11.49 it_per_s=10.15
2026-10-02 16:43:27,757 INFO iter=210000 epoch=30 lr=1.02e-04 G=3.797 advA2B=0.578 advB2A=0.713 cycA=0.078 cycB=0.096 idtA=0.063 idtB=0.089 D_A=0.092 D_B=0.135 D_A(real)=0.83 D_A(fake)=0.17 gnG=29.95 gnD=11.49 it_per_s=10.15
2026-10-02 16:43:37,551 INFO iter=210100 epoch=30 lr=1.01e-04 G=3.795 advA2B=0.577 advB2A=0.713 cycA=0.078 cycB=0.096 idtA=0.063 idtB=0.089 D_A=0.092 D_B=0.136 D_A(real)=0.83 D_A(fake)=0.17 gnG=29.93 gnD=11.50 it_per_s=10.15
2026-10-02 16:43:47,452 INFO iter=210200 epoch=30 lr=1.01e-04 G=3.792 advA2B=0.577 advB2A=0.713 cycA=0.078 cycB=0.096 idtA=0.063 idtB=0.089 D_A=0.092 D_B=0.136 D_A(real)=0.83 D_A(fake)=0.17 gnG=29.89 gnD=11.52 it_per_s=10.15
2026-10-02 16:43:57,294 INFO iter=210300 epoch=30 lr=1.01e-04 G=3.795 advA2B=0.577 advB2A=0.713 cycA=0.078 cycB=0.096 idtA=0.063 idtB=0.089 D_A=0.092 D_B=0.136 D_A(real)=0.83 D_A(fake)=0.17 gnG=29.88 gnD=11.51 it_per_s=10.15
2026-10-02 16:44:07,137 INFO iter=210400 epoch=30 lr=1.01e-04 G=3.794 advA2B=0.578 advB2A=0.713 cycA=0.078 cycB=0.096 idtA=0.063 idtB=0.089 D_A=0.092 D_B=0.135 D_A(real)=0.83 D_A(fake)=0.17 gnG=29.82 gnD=11.50 it_per_s=10.15
2026-10-02 16:44:16,948 INFO iter=210500 epoch=30 lr=1.01e-04 G=3.798 advA2B=0.579 advB2A=0.713 cycA=0.078 cycB=0.097 idtA=0.063 idtB=0.089 D_A=0.092 D_B=0.135 D_A(real)=0.83 D_A(fake)=0.17 gnG=29.86 gnD=11.50 it_per_s=10.15
2026-10-02 16:44:26,742 INFO iter=210600 epoch=30 lr=1.01e-04 G=3.798 advA2B=0.579 advB2A=0.713 cycA=0.078 cycB=0.097 idtA=0.063 idtB=0.089 D_A=0.092 D_B=0.135 D_A(real)=0.83 D_A(fake)=0.17 gnG=29.82 gnD=11.48 it_per_s=10.15
2026-10-02 16:44:36,542 INFO iter=210700 epoch=30 lr=1.01e-04 G=3.799 advA2B=0.579 advB2A=0.713 cycA=0.078 cycB=0.097 idtA=0.063 idtB=0.089 D_A=0.092 D_B=0.135 D_A(real)=0.83 D_A(fake)=0.17 gnG=29.88 gnD=11.48 it_per_s=10.15
2026-10-02 16:44:46,410 INFO iter=210800 epoch=30 lr=1.00e-04 G=3.799 advA2B=0.579 advB2A=0.713 cycA=0.078 cycB=0.097 idtA=0.063 idtB=0.089 D_A=0.092 D_B=0.135 D_A(real)=0.83 D_A(fake)=0.17 gnG=29.88 gnD=11.48 it_per_s=10.15
2026-10-02 16:44:56,215 INFO iter=210900 epoch=30 lr=1.00e-04 G=3.798 advA2B=0.578 advB2A=0.713 cycA=0.078 cycB=0.097 idtA=0.063 idtB=0.089 D_A=0.092 D_B=0.135 D_A(real)=0.83 D_A(fake)=0.17 gnG=29.88 gnD=11.48 it_per_s=10.16
2026-10-02 16:45:06,096 INFO iter=211000 epoch=30 lr=1.00e-04 G=3.799 advA2B=0.578 advB2A=0.713 cycA=0.078 cycB=0.097 idtA=0.063 idtB=0.089 D_A=0.092 D_B=0.135 D_A(real)=0.83 D_A(fake)=0.17 gnG=29.90 gnD=11.49 it_per_s=10.15
2026-10-02 16:45:15,933 INFO iter=211100 epoch=30 lr=1.00e-04 G=3.798 advA2B=0.577 advB2A=0.713 cycA=0.078 cycB=0.097 idtA=0.063 idtB=0.089 D_A=0.092 D_B=0.135 D_A(real)=0.83 D_A(fake)=0.17 gnG=29.91 gnD=11.50 it_per_s=10.15
2026-10-02 16:45:19,850 INFO epoch=30 done time_s=693 it_per_s=10.16 G=3.799 cycA=0.078 cycB=0.097 idtA=0.063 idtB=0.089 D_A=0.092 D_B=0.135 D_A(real)=0.83 D_A(fake)=0.17 nan_count=0
2026-10-02 16:45:26,389 INFO iter=211200 epoch=31 lr=9.99e-05 G=3.719 advA2B=0.593 advB2A=0.712 cycA=0.079 cycB=0.088 idtA=0.064 idtB=0.085 D_A=0.095 D_B=0.149 D_A(real)=0.83 D_A(fake)=0.18 gnG=27.70 gnD=12.18 it_per_s=10.19
2026-10-02 16:45:36,194 INFO iter=211300 epoch=31 lr=9.98e-05 G=3.760 advA2B=0.582 advB2A=0.700 cycA=0.078 cycB=0.093 idtA=0.063 idtB=0.090 D_A=0.093 D_B=0.138 D_A(real)=0.82 D_A(fake)=0.19 gnG=28.63 gnD=11.51 it_per_s=10.19
2026-10-02 16:45:46,066 INFO iter=211400 epoch=31 lr=9.96e-05 G=3.746 advA2B=0.580 advB2A=0.728 cycA=0.078 cycB=0.091 idtA=0.064 idtB=0.086 D_A=0.092 D_B=0.133 D_A(real)=0.82 D_A(fake)=0.18 gnG=28.83 gnD=11.57 it_per_s=10.17
2026-10-02 16:45:58,967 INFO iter=211500 epoch=31 lr=9.95e-05 G=3.789 advA2B=0.592 advB2A=0.725 cycA=0.078 cycB=0.093 idtA=0.063 idtB=0.088 D_A=0.094 D_B=0.132 D_A(real)=0.82 D_A(fake)=0.18 gnG=29.62 gnD=11.74 it_per_s=9.36
2026-10-02 16:46:10,529 INFO iter=211600 epoch=31 lr=9.93e-05 G=3.735 advA2B=0.584 advB2A=0.701 cycA=0.078 cycB=0.093 idtA=0.062 idtB=0.087 D_A=0.096 D_B=0.135 D_A(real)=0.82 D_A(fake)=0.18 gnG=29.79 gnD=11.97 it_per_s=9.19
2026-10-02 16:46:22,833 INFO iter=211700 epoch=31 lr=9.92e-05 G=3.749 advA2B=0.584 advB2A=0.698 cycA=0.078 cycB=0.093 idtA=0.063 idtB=0.088 D_A=0.097 D_B=0.134 D_A(real)=0.82 D_A(fake)=0.18 gnG=30.26 gnD=11.99 it_per_s=8.98
2026-10-02 16:46:35,754 INFO iter=211800 epoch=31 lr=9.91e-05 G=3.759 advA2B=0.586 advB2A=0.700 cycA=0.078 cycB=0.094 idtA=0.063 idtB=0.088 D_A=0.098 D_B=0.134 D_A(real)=0.82 D_A(fake)=0.18 gnG=30.13 gnD=12.05 it_per_s=8.77
2026-10-02 16:46:47,311 INFO iter=211900 epoch=31 lr=9.89e-05 G=3.777 advA2B=0.591 advB2A=0.706 cycA=0.078 cycB=0.094 idtA=0.063 idtB=0.089 D_A=0.096 D_B=0.134 D_A(real)=0.82 D_A(fake)=0.18 gnG=29.90 gnD=12.03 it_per_s=8.75
2026-10-02 16:47:01,115 INFO iter=212000 epoch=31 lr=9.88e-05 G=3.777 advA2B=0.586 advB2A=0.705 cycA=0.078 cycB=0.094 idtA=0.063 idtB=0.089 D_A=0.096 D_B=0.134 D_A(real)=0.82 D_A(fake)=0.18 gnG=29.88 gnD=12.05 it_per_s=8.55
2026-10-02 16:47:11,994 INFO iter=212100 epoch=31 lr=9.86e-05 G=3.760 advA2B=0.578 advB2A=0.706 cycA=0.078 cycB=0.094 idtA=0.063 idtB=0.088 D_A=0.095 D_B=0.136 D_A(real)=0.82 D_A(fake)=0.18 gnG=29.64 gnD=12.02 it_per_s=8.61
2026-10-02 16:47:26,312 INFO iter=212200 epoch=31 lr=9.85e-05 G=3.778 advA2B=0.581 advB2A=0.707 cycA=0.078 cycB=0.095 idtA=0.063 idtB=0.089 D_A=0.093 D_B=0.134 D_A(real)=0.82 D_A(fake)=0.18 gnG=29.74 gnD=11.90 it_per_s=8.43
2026-10-02 16:47:37,620 INFO iter=212300 epoch=31 lr=9.84e-05 G=3.782 advA2B=0.582 advB2A=0.706 cycA=0.078 cycB=0.095 idtA=0.063 idtB=0.090 D_A=0.092 D_B=0.135 D_A(real)=0.83 D_A(fake)=0.17 gnG=29.87 gnD=11.83 it_per_s=8.46
2026-10-02 16:47:51,819 INFO iter=212400 epoch=31 lr=9.82e-05 G=3.781 advA2B=0.586 advB2A=0.711 cycA=0.078 cycB=0.095 idtA=0.062 idtB=0.089 D_A=0.092 D_B=0.135 D_A(real)=0.83 D_A(fake)=0.17 gnG=30.03 gnD=11.88 it_per_s=8.33
2026-10-02 16:48:02,610 INFO iter=212500 epoch=31 lr=9.81e-05 G=3.781 advA2B=0.586 advB2A=0.710 cycA=0.078 cycB=0.095 idtA=0.062 idtB=0.089 D_A=0.092 D_B=0.136 D_A(real)=0.83 D_A(fake)=0.18 gnG=30.09 gnD=11.90 it_per_s=8.39
2026-10-02 16:48:16,802 INFO iter=212600 epoch=31 lr=9.79e-05 G=3.793 advA2B=0.589 advB2A=0.707 cycA=0.078 cycB=0.095 idtA=0.062 idtB=0.090 D_A=0.092 D_B=0.135 D_A(real)=0.82 D_A(fake)=0.18 gnG=30.17 gnD=11.87 it_per_s=8.28
2026-10-02 16:48:28,019 INFO iter=212700 epoch=31 lr=9.78e-05 G=3.797 advA2B=0.590 advB2A=0.710 cycA=0.078 cycB=0.095 idtA=0.062 idtB=0.090 D_A=0.092 D_B=0.135 D_A(real)=0.82 D_A(fake)=0.18 gnG=30.15 gnD=11.85 it_per_s=8.32
2026-10-02 16:48:38,158 INFO iter=212800 epoch=31 lr=9.76e-05 G=3.796 advA2B=0.590 advB2A=0.709 cycA=0.078 cycB=0.095 idtA=0.062 idtB=0.090 D_A=0.093 D_B=0.135 D_A(real)=0.82 D_A(fake)=0.18 gnG=30.17 gnD=11.83 it_per_s=8.40
2026-10-02 16:48:48,153 INFO iter=212900 epoch=31 lr=9.75e-05 G=3.790 advA2B=0.592 advB2A=0.706 cycA=0.078 cycB=0.095 idtA=0.062 idtB=0.089 D_A=0.093 D_B=0.135 D_A(real)=0.82 D_A(fake)=0.18 gnG=30.22 gnD=11.85 it_per_s=8.48
2026-10-02 16:48:58,034 INFO iter=213000 epoch=31 lr=9.74e-05 G=3.781 advA2B=0.588 advB2A=0.703 cycA=0.078 cycB=0.095 idtA=0.062 idtB=0.089 D_A=0.094 D_B=0.135 D_A(real)=0.82 D_A(fake)=0.18 gnG=30.12 gnD=11.82 it_per_s=8.55
2026-10-02 16:49:07,893 INFO iter=213100 epoch=31 lr=9.72e-05 G=3.784 advA2B=0.590 advB2A=0.703 cycA=0.078 cycB=0.095 idtA=0.062 idtB=0.089 D_A=0.094 D_B=0.134 D_A(real)=0.82 D_A(fake)=0.18 gnG=30.15 gnD=11.81 it_per_s=8.62
2026-10-02 16:49:17,760 INFO iter=213200 epoch=31 lr=9.71e-05 G=3.784 advA2B=0.591 advB2A=0.702 cycA=0.078 cycB=0.095 idtA=0.062 idtB=0.089 D_A=0.093 D_B=0.134 D_A(real)=0.82 D_A(fake)=0.18 gnG=30.27 gnD=11.80 it_per_s=8.68
2026-10-02 16:49:27,589 INFO iter=213300 epoch=31 lr=9.69e-05 G=3.778 advA2B=0.588 advB2A=0.702 cycA=0.078 cycB=0.095 idtA=0.062 idtB=0.089 D_A=0.093 D_B=0.135 D_A(real)=0.82 D_A(fake)=0.18 gnG=30.26 gnD=11.82 it_per_s=8.74
2026-10-02 16:49:37,420 INFO iter=213400 epoch=31 lr=9.68e-05 G=3.774 advA2B=0.588 advB2A=0.701 cycA=0.078 cycB=0.095 idtA=0.062 idtB=0.088 D_A=0.093 D_B=0.135 D_A(real)=0.82 D_A(fake)=0.18 gnG=30.16 gnD=11.81 it_per_s=8.80
2026-10-02 16:49:47,261 INFO iter=213500 epoch=31 lr=9.66e-05 G=3.773 advA2B=0.589 advB2A=0.703 cycA=0.078 cycB=0.095 idtA=0.062 idtB=0.088 D_A=0.093 D_B=0.135 D_A(real)=0.82 D_A(fake)=0.18 gnG=30.24 gnD=11.84 it_per_s=8.85
2026-10-02 16:49:57,070 INFO iter=213600 epoch=31 lr=9.65e-05 G=3.777 advA2B=0.589 advB2A=0.704 cycA=0.078 cycB=0.095 idtA=0.062 idtB=0.088 D_A=0.094 D_B=0.135 D_A(real)=0.82 D_A(fake)=0.18 gnG=30.31 gnD=11.88 it_per_s=8.89
2026-10-02 16:50:06,933 INFO iter=213700 epoch=31 lr=9.64e-05 G=3.777 advA2B=0.588 advB2A=0.704 cycA=0.078 cycB=0.095 idtA=0.062 idtB=0.088 D_A=0.094 D_B=0.134 D_A(real)=0.82 D_A(fake)=0.18 gnG=30.32 gnD=11.87 it_per_s=8.94
2026-10-02 16:50:16,748 INFO iter=213800 epoch=31 lr=9.62e-05 G=3.779 advA2B=0.590 advB2A=0.706 cycA=0.078 cycB=0.095 idtA=0.062 idtB=0.088 D_A=0.094 D_B=0.134 D_A(real)=0.82 D_A(fake)=0.18 gnG=30.37 gnD=11.85 it_per_s=8.98
2026-10-02 16:50:26,614 INFO iter=213900 epoch=31 lr=9.61e-05 G=3.778 advA2B=0.588 advB2A=0.707 cycA=0.078 cycB=0.095 idtA=0.062 idtB=0.088 D_A=0.094 D_B=0.135 D_A(real)=0.82 D_A(fake)=0.18 gnG=30.36 gnD=11.87 it_per_s=9.02
2026-10-02 16:50:36,465 INFO iter=214000 epoch=31 lr=9.59e-05 G=3.780 advA2B=0.588 advB2A=0.706 cycA=0.078 cycB=0.095 idtA=0.062 idtB=0.088 D_A=0.094 D_B=0.134 D_A(real)=0.82 D_A(fake)=0.18 gnG=30.33 gnD=11.84 it_per_s=9.05
2026-10-02 16:50:46,334 INFO iter=214100 epoch=31 lr=9.58e-05 G=3.781 advA2B=0.586 advB2A=0.707 cycA=0.078 cycB=0.095 idtA=0.062 idtB=0.088 D_A=0.095 D_B=0.134 D_A(real)=0.82 D_A(fake)=0.18 gnG=30.36 gnD=11.90 it_per_s=9.08
2026-10-02 16:50:56,150 INFO iter=214200 epoch=31 lr=9.57e-05 G=3.779 advA2B=0.586 advB2A=0.707 cycA=0.078 cycB=0.095 idtA=0.062 idtB=0.088 D_A=0.095 D_B=0.134 D_A(real)=0.82 D_A(fake)=0.18 gnG=30.37 gnD=11.93 it_per_s=9.12
2026-10-02 16:51:06,047 INFO iter=214300 epoch=31 lr=9.55e-05 G=3.777 advA2B=0.585 advB2A=0.706 cycA=0.078 cycB=0.095 idtA=0.062 idtB=0.088 D_A=0.095 D_B=0.134 D_A(real)=0.82 D_A(fake)=0.18 gnG=30.40 gnD=11.94 it_per_s=9.14
2026-10-02 16:51:15,986 INFO iter=214400 epoch=31 lr=9.54e-05 G=3.778 advA2B=0.586 advB2A=0.707 cycA=0.078 cycB=0.095 idtA=0.062 idtB=0.088 D_A=0.095 D_B=0.134 D_A(real)=0.82 D_A(fake)=0.18 gnG=30.42 gnD=11.94 it_per_s=9.17
2026-10-02 16:51:25,917 INFO iter=214500 epoch=31 lr=9.52e-05 G=3.781 advA2B=0.586 advB2A=0.707 cycA=0.078 cycB=0.095 idtA=0.062 idtB=0.088 D_A=0.095 D_B=0.134 D_A(real)=0.82 D_A(fake)=0.18 gnG=30.38 gnD=11.93 it_per_s=9.19
2026-10-02 16:51:35,763 INFO iter=214600 epoch=31 lr=9.51e-05 G=3.778 advA2B=0.585 advB2A=0.706 cycA=0.078 cycB=0.095 idtA=0.062 idtB=0.088 D_A=0.095 D_B=0.134 D_A(real)=0.82 D_A(fake)=0.18 gnG=30.36 gnD=11.91 it_per_s=9.22
2026-10-02 16:51:45,619 INFO iter=214700 epoch=31 lr=9.49e-05 G=3.774 advA2B=0.583 advB2A=0.706 cycA=0.078 cycB=0.095 idtA=0.062 idtB=0.088 D_A=0.095 D_B=0.134 D_A(real)=0.82 D_A(fake)=0.18 gnG=30.37 gnD=11.93 it_per_s=9.24
2026-10-02 16:51:55,491 INFO iter=214800 epoch=31 lr=9.48e-05 G=3.770 advA2B=0.582 advB2A=0.705 cycA=0.078 cycB=0.095 idtA=0.062 idtB=0.088 D_A=0.095 D_B=0.134 D_A(real)=0.82 D_A(fake)=0.18 gnG=30.36 gnD=11.94 it_per_s=9.27
2026-10-02 16:52:05,343 INFO iter=214900 epoch=31 lr=9.47e-05 G=3.768 advA2B=0.581 advB2A=0.705 cycA=0.078 cycB=0.095 idtA=0.062 idtB=0.088 D_A=0.095 D_B=0.134 D_A(real)=0.82 D_A(fake)=0.18 gnG=30.29 gnD=11.95 it_per_s=9.29
2026-10-02 16:52:15,229 INFO iter=215000 epoch=31 lr=9.45e-05 G=3.767 advA2B=0.581 advB2A=0.704 cycA=0.078 cycB=0.095 idtA=0.062 idtB=0.088 D_A=0.095 D_B=0.135 D_A(real)=0.82 D_A(fake)=0.18 gnG=30.37 gnD=11.98 it_per_s=9.31
2026-10-02 16:52:25,054 INFO iter=215100 epoch=31 lr=9.44e-05 G=3.767 advA2B=0.581 advB2A=0.704 cycA=0.078 cycB=0.095 idtA=0.062 idtB=0.088 D_A=0.095 D_B=0.135 D_A(real)=0.82 D_A(fake)=0.18 gnG=30.38 gnD=11.98 it_per_s=9.33
2026-10-02 16:52:34,843 INFO iter=215200 epoch=31 lr=9.42e-05 G=3.765 advA2B=0.580 advB2A=0.703 cycA=0.078 cycB=0.095 idtA=0.062 idtB=0.088 D_A=0.095 D_B=0.134 D_A(real)=0.82 D_A(fake)=0.18 gnG=30.33 gnD=11.98 it_per_s=9.35
2026-10-02 16:52:44,689 INFO iter=215300 epoch=31 lr=9.41e-05 G=3.767 advA2B=0.579 advB2A=0.704 cycA=0.078 cycB=0.095 idtA=0.062 idtB=0.088 D_A=0.095 D_B=0.134 D_A(real)=0.82 D_A(fake)=0.18 gnG=30.31 gnD=12.00 it_per_s=9.37
2026-10-02 16:52:54,513 INFO iter=215400 epoch=31 lr=9.39e-05 G=3.768 advA2B=0.580 advB2A=0.704 cycA=0.078 cycB=0.096 idtA=0.062 idtB=0.089 D_A=0.095 D_B=0.134 D_A(real)=0.82 D_A(fake)=0.18 gnG=30.29 gnD=11.99 it_per_s=9.38
2026-10-02 16:53:04,375 INFO iter=215500 epoch=31 lr=9.38e-05 G=3.767 advA2B=0.580 advB2A=0.703 cycA=0.078 cycB=0.095 idtA=0.062 idtB=0.088 D_A=0.095 D_B=0.134 D_A(real)=0.82 D_A(fake)=0.18 gnG=30.28 gnD=11.98 it_per_s=9.40
2026-10-02 16:53:14,205 INFO iter=215600 epoch=31 lr=9.37e-05 G=3.768 advA2B=0.579 advB2A=0.704 cycA=0.078 cycB=0.095 idtA=0.062 idtB=0.088 D_A=0.095 D_B=0.134 D_A(real)=0.82 D_A(fake)=0.18 gnG=30.28 gnD=11.98 it_per_s=9.41
2026-10-02 16:53:24,145 INFO iter=215700 epoch=31 lr=9.35e-05 G=3.763 advA2B=0.579 advB2A=0.704 cycA=0.078 cycB=0.095 idtA=0.062 idtB=0.088 D_A=0.095 D_B=0.135 D_A(real)=0.82 D_A(fake)=0.18 gnG=30.30 gnD=12.02 it_per_s=9.43
2026-10-02 16:53:34,072 INFO iter=215800 epoch=31 lr=9.34e-05 G=3.766 advA2B=0.579 advB2A=0.703 cycA=0.078 cycB=0.096 idtA=0.062 idtB=0.089 D_A=0.095 D_B=0.135 D_A(real)=0.82 D_A(fake)=0.18 gnG=30.30 gnD=12.02 it_per_s=9.44
2026-10-02 16:53:43,964 INFO iter=215900 epoch=31 lr=9.32e-05 G=3.768 advA2B=0.579 advB2A=0.703 cycA=0.078 cycB=0.096 idtA=0.062 idtB=0.089 D_A=0.095 D_B=0.135 D_A(real)=0.82 D_A(fake)=0.18 gnG=30.29 gnD=12.04 it_per_s=9.45
2026-10-02 16:53:53,786 INFO iter=216000 epoch=31 lr=9.31e-05 G=3.767 advA2B=0.578 advB2A=0.702 cycA=0.078 cycB=0.096 idtA=0.062 idtB=0.089 D_A=0.095 D_B=0.135 D_A(real)=0.82 D_A(fake)=0.18 gnG=30.28 gnD=12.07 it_per_s=9.47
2026-10-02 16:54:03,604 INFO iter=216100 epoch=31 lr=9.30e-05 G=3.765 advA2B=0.578 advB2A=0.701 cycA=0.078 cycB=0.096 idtA=0.062 idtB=0.089 D_A=0.095 D_B=0.135 D_A(real)=0.82 D_A(fake)=0.18 gnG=30.30 gnD=12.07 it_per_s=9.48
2026-10-02 16:54:13,418 INFO iter=216200 epoch=31 lr=9.28e-05 G=3.766 advA2B=0.578 advB2A=0.703 cycA=0.078 cycB=0.096 idtA=0.062 idtB=0.089 D_A=0.095 D_B=0.135 D_A(real)=0.82 D_A(fake)=0.18 gnG=30.32 gnD=12.07 it_per_s=9.49
2026-10-02 16:54:23,281 INFO iter=216300 epoch=31 lr=9.27e-05 G=3.765 advA2B=0.577 advB2A=0.703 cycA=0.078 cycB=0.096 idtA=0.062 idtB=0.089 D_A=0.095 D_B=0.135 D_A(real)=0.82 D_A(fake)=0.18 gnG=30.30 gnD=12.08 it_per_s=9.51
2026-10-02 16:54:33,082 INFO iter=216400 epoch=31 lr=9.25e-05 G=3.764 advA2B=0.578 advB2A=0.703 cycA=0.078 cycB=0.096 idtA=0.062 idtB=0.089 D_A=0.095 D_B=0.135 D_A(real)=0.82 D_A(fake)=0.18 gnG=30.28 gnD=12.08 it_per_s=9.52
2026-10-02 16:54:42,911 INFO iter=216500 epoch=31 lr=9.24e-05 G=3.762 advA2B=0.578 advB2A=0.702 cycA=0.078 cycB=0.096 idtA=0.062 idtB=0.088 D_A=0.095 D_B=0.135 D_A(real)=0.82 D_A(fake)=0.18 gnG=30.29 gnD=12.07 it_per_s=9.53
2026-10-02 16:54:52,725 INFO iter=216600 epoch=31 lr=9.22e-05 G=3.757 advA2B=0.576 advB2A=0.701 cycA=0.078 cycB=0.096 idtA=0.062 idtB=0.088 D_A=0.095 D_B=0.135 D_A(real)=0.82 D_A(fake)=0.18 gnG=30.28 gnD=12.09 it_per_s=9.54
2026-10-02 16:55:02,579 INFO iter=216700 epoch=31 lr=9.21e-05 G=3.759 advA2B=0.577 advB2A=0.702 cycA=0.078 cycB=0.096 idtA=0.062 idtB=0.088 D_A=0.096 D_B=0.135 D_A(real)=0.82 D_A(fake)=0.18 gnG=30.36 gnD=12.10 it_per_s=9.55
2026-10-02 16:55:12,413 INFO iter=216800 epoch=31 lr=9.20e-05 G=3.760 advA2B=0.577 advB2A=0.702 cycA=0.078 cycB=0.096 idtA=0.062 idtB=0.088 D_A=0.096 D_B=0.135 D_A(real)=0.82 D_A(fake)=0.18 gnG=30.37 gnD=12.10 it_per_s=9.56
2026-10-02 16:55:22,274 INFO iter=216900 epoch=31 lr=9.18e-05 G=3.759 advA2B=0.577 advB2A=0.703 cycA=0.077 cycB=0.096 idtA=0.062 idtB=0.088 D_A=0.095 D_B=0.135 D_A(real)=0.82 D_A(fake)=0.18 gnG=30.34 gnD=12.10 it_per_s=9.57
2026-10-02 16:55:32,116 INFO iter=217000 epoch=31 lr=9.17e-05 G=3.759 advA2B=0.577 advB2A=0.702 cycA=0.077 cycB=0.096 idtA=0.062 idtB=0.088 D_A=0.095 D_B=0.135 D_A(real)=0.82 D_A(fake)=0.18 gnG=30.39 gnD=12.11 it_per_s=9.58
2026-10-02 16:55:41,907 INFO iter=217100 epoch=31 lr=9.15e-05 G=3.758 advA2B=0.577 advB2A=0.702 cycA=0.077 cycB=0.096 idtA=0.061 idtB=0.088 D_A=0.095 D_B=0.135 D_A(real)=0.82 D_A(fake)=0.18 gnG=30.38 gnD=12.12 it_per_s=9.59
2026-10-02 16:55:51,747 INFO iter=217200 epoch=31 lr=9.14e-05 G=3.759 advA2B=0.576 advB2A=0.704 cycA=0.077 cycB=0.096 idtA=0.061 idtB=0.088 D_A=0.095 D_B=0.135 D_A(real)=0.82 D_A(fake)=0.18 gnG=30.41 gnD=12.12 it_per_s=9.60
2026-10-02 16:56:01,636 INFO iter=217300 epoch=31 lr=9.12e-05 G=3.760 advA2B=0.577 advB2A=0.705 cycA=0.077 cycB=0.096 idtA=0.061 idtB=0.088 D_A=0.095 D_B=0.135 D_A(real)=0.82 D_A(fake)=0.18 gnG=30.44 gnD=12.13 it_per_s=9.61
2026-10-02 16:56:11,435 INFO iter=217400 epoch=31 lr=9.11e-05 G=3.759 advA2B=0.577 advB2A=0.705 cycA=0.077 cycB=0.096 idtA=0.061 idtB=0.088 D_A=0.095 D_B=0.135 D_A(real)=0.82 D_A(fake)=0.18 gnG=30.46 gnD=12.12 it_per_s=9.62
2026-10-02 16:56:21,241 INFO iter=217500 epoch=31 lr=9.10e-05 G=3.759 advA2B=0.577 advB2A=0.705 cycA=0.077 cycB=0.096 idtA=0.061 idtB=0.088 D_A=0.095 D_B=0.135 D_A(real)=0.82 D_A(fake)=0.18 gnG=30.47 gnD=12.13 it_per_s=9.63
2026-10-02 16:56:31,404 INFO iter=217600 epoch=31 lr=9.08e-05 G=3.758 advA2B=0.576 advB2A=0.704 cycA=0.077 cycB=0.096 idtA=0.061 idtB=0.088 D_A=0.095 D_B=0.135 D_A(real)=0.82 D_A(fake)=0.18 gnG=30.48 gnD=12.13 it_per_s=9.63
2026-10-02 16:56:41,303 INFO iter=217700 epoch=31 lr=9.07e-05 G=3.757 advA2B=0.575 advB2A=0.703 cycA=0.077 cycB=0.096 idtA=0.061 idtB=0.088 D_A=0.095 D_B=0.135 D_A(real)=0.82 D_A(fake)=0.18 gnG=30.47 gnD=12.13 it_per_s=9.64
2026-10-02 16:56:51,236 INFO iter=217800 epoch=31 lr=9.05e-05 G=3.757 advA2B=0.576 advB2A=0.703 cycA=0.077 cycB=0.096 idtA=0.061 idtB=0.088 D_A=0.095 D_B=0.135 D_A(real)=0.82 D_A(fake)=0.18 gnG=30.46 gnD=12.11 it_per_s=9.64
2026-10-02 16:57:01,070 INFO iter=217900 epoch=31 lr=9.04e-05 G=3.756 advA2B=0.576 advB2A=0.702 cycA=0.077 cycB=0.096 idtA=0.061 idtB=0.088 D_A=0.095 D_B=0.135 D_A(real)=0.82 D_A(fake)=0.18 gnG=30.44 gnD=12.12 it_per_s=9.65
2026-10-02 16:57:10,907 INFO iter=218000 epoch=31 lr=9.03e-05 G=3.755 advA2B=0.575 advB2A=0.703 cycA=0.077 cycB=0.096 idtA=0.061 idtB=0.088 D_A=0.095 D_B=0.135 D_A(real)=0.82 D_A(fake)=0.18 gnG=30.44 gnD=12.13 it_per_s=9.66
2026-10-02 16:57:20,730 INFO iter=218100 epoch=31 lr=9.01e-05 G=3.756 advA2B=0.575 advB2A=0.704 cycA=0.077 cycB=0.096 idtA=0.061 idtB=0.088 D_A=0.095 D_B=0.135 D_A(real)=0.82 D_A(fake)=0.18 gnG=30.51 gnD=12.13 it_per_s=9.66
2026-10-02 16:57:28,402 INFO epoch=31 done time_s=728 it_per_s=9.67 G=3.759 cycA=0.077 cycB=0.096 idtA=0.061 idtB=0.089 D_A=0.095 D_B=0.135 D_A(real)=0.82 D_A(fake)=0.18 nan_count=0
2026-10-02 16:57:31,138 INFO iter=218200 epoch=32 lr=9.00e-05 G=4.518 advA2B=0.920 advB2A=0.781 cycA=0.090 cycB=0.105 idtA=0.066 idtB=0.107 D_A=0.127 D_B=0.114 D_A(real)=0.79 D_A(fake)=0.23 gnG=54.92 gnD=12.76 it_per_s=10.15
2026-10-02 16:57:40,971 INFO iter=218300 epoch=32 lr=8.98e-05 G=4.240 advA2B=0.845 advB2A=0.707 cycA=0.091 cycB=0.095 idtA=0.064 idtB=0.102 D_A=0.101 D_B=0.099 D_A(real)=0.81 D_A(fake)=0.19 gnG=38.26 gnD=11.78 it_per_s=10.17
2026-10-02 16:57:50,806 INFO iter=218400 epoch=32 lr=8.97e-05 G=4.182 advA2B=0.809 advB2A=0.700 cycA=0.090 cycB=0.095 idtA=0.063 idtB=0.100 D_A=0.104 D_B=0.099 D_A(real)=0.80 D_A(fake)=0.20 gnG=37.42 gnD=11.78 it_per_s=10.17
2026-10-02 16:58:00,674 INFO iter=218500 epoch=32 lr=8.95e-05 G=4.108 advA2B=0.776 advB2A=0.712 cycA=0.087 cycB=0.094 idtA=0.063 idtB=0.098 D_A=0.103 D_B=0.099 D_A(real)=0.81 D_A(fake)=0.19 gnG=37.63 gnD=11.55 it_per_s=10.16
2026-10-02 16:58:10,543 INFO iter=218600 epoch=32 lr=8.94e-05 G=4.045 advA2B=0.744 advB2A=0.718 cycA=0.085 cycB=0.094 idtA=0.062 idtB=0.096 D_A=0.100 D_B=0.100 D_A(real)=0.81 D_A(fake)=0.19 gnG=36.24 gnD=11.30 it_per_s=10.15
2026-10-02 16:58:20,457 INFO iter=218700 epoch=32 lr=8.93e-05 G=4.011 advA2B=0.719 advB2A=0.725 cycA=0.084 cycB=0.094 idtA=0.062 idtB=0.095 D_A=0.097 D_B=0.103 D_A(real)=0.81 D_A(fake)=0.19 gnG=35.68 gnD=11.30 it_per_s=10.14
2026-10-02 16:58:30,310 INFO iter=218800 epoch=32 lr=8.91e-05 G=3.958 advA2B=0.699 advB2A=0.727 cycA=0.083 cycB=0.093 idtA=0.061 idtB=0.093 D_A=0.096 D_B=0.105 D_A(real)=0.82 D_A(fake)=0.18 gnG=35.18 gnD=11.38 it_per_s=10.14
2026-10-02 16:58:40,155 INFO iter=218900 epoch=32 lr=8.90e-05 G=3.946 advA2B=0.689 advB2A=0.735 cycA=0.082 cycB=0.093 idtA=0.061 idtB=0.092 D_A=0.096 D_B=0.106 D_A(real)=0.82 D_A(fake)=0.18 gnG=34.66 gnD=11.44 it_per_s=10.14
2026-10-02 16:58:50,032 INFO iter=219000 epoch=32 lr=8.88e-05 G=3.914 advA2B=0.683 advB2A=0.734 cycA=0.081 cycB=0.093 idtA=0.060 idtB=0.091 D_A=0.097 D_B=0.111 D_A(real)=0.82 D_A(fake)=0.18 gnG=34.31 gnD=11.56 it_per_s=10.14
2026-10-02 16:58:59,900 INFO iter=219100 epoch=32 lr=8.87e-05 G=3.881 advA2B=0.671 advB2A=0.729 cycA=0.081 cycB=0.092 idtA=0.060 idtB=0.090 D_A=0.096 D_B=0.113 D_A(real)=0.82 D_A(fake)=0.18 gnG=33.75 gnD=11.63 it_per_s=10.14
2026-10-02 16:59:09,687 INFO iter=219200 epoch=32 lr=8.85e-05 G=3.859 advA2B=0.662 advB2A=0.723 cycA=0.080 cycB=0.092 idtA=0.060 idtB=0.090 D_A=0.095 D_B=0.114 D_A(real)=0.82 D_A(fake)=0.18 gnG=33.46 gnD=11.64 it_per_s=10.15
2026-10-02 16:59:19,493 INFO iter=219300 epoch=32 lr=8.84e-05 G=3.851 advA2B=0.656 advB2A=0.720 cycA=0.080 cycB=0.092 idtA=0.060 idtB=0.090 D_A=0.094 D_B=0.116 D_A(real)=0.82 D_A(fake)=0.18 gnG=33.37 gnD=11.66 it_per_s=10.15
2026-10-02 16:59:29,285 INFO iter=219400 epoch=32 lr=8.83e-05 G=3.862 advA2B=0.651 advB2A=0.717 cycA=0.080 cycB=0.093 idtA=0.060 idtB=0.091 D_A=0.094 D_B=0.117 D_A(real)=0.82 D_A(fake)=0.18 gnG=33.33 gnD=11.65 it_per_s=10.16
2026-10-02 16:59:39,037 INFO iter=219500 epoch=32 lr=8.81e-05 G=3.854 advA2B=0.642 advB2A=0.714 cycA=0.080 cycB=0.094 idtA=0.060 idtB=0.091 D_A=0.095 D_B=0.118 D_A(real)=0.82 D_A(fake)=0.18 gnG=33.15 gnD=11.69 it_per_s=10.16
2026-10-02 16:59:48,857 INFO iter=219600 epoch=32 lr=8.80e-05 G=3.843 advA2B=0.636 advB2A=0.713 cycA=0.080 cycB=0.094 idtA=0.061 idtB=0.091 D_A=0.095 D_B=0.120 D_A(real)=0.82 D_A(fake)=0.18 gnG=33.00 gnD=11.70 it_per_s=10.17
2026-10-02 16:59:58,633 INFO iter=219700 epoch=32 lr=8.78e-05 G=3.837 advA2B=0.629 advB2A=0.714 cycA=0.080 cycB=0.094 idtA=0.061 idtB=0.091 D_A=0.095 D_B=0.121 D_A(real)=0.82 D_A(fake)=0.18 gnG=32.99 gnD=11.75 it_per_s=10.17
2026-10-02 17:00:08,432 INFO iter=219800 epoch=32 lr=8.77e-05 G=3.834 advA2B=0.626 advB2A=0.712 cycA=0.080 cycB=0.094 idtA=0.060 idtB=0.091 D_A=0.095 D_B=0.122 D_A(real)=0.82 D_A(fake)=0.18 gnG=32.89 gnD=11.79 it_per_s=10.17
2026-10-02 17:00:18,230 INFO iter=219900 epoch=32 lr=8.76e-05 G=3.830 advA2B=0.624 advB2A=0.712 cycA=0.079 cycB=0.094 idtA=0.060 idtB=0.091 D_A=0.094 D_B=0.122 D_A(real)=0.82 D_A(fake)=0.18 gnG=32.64 gnD=11.78 it_per_s=10.17
2026-10-02 17:00:28,043 INFO iter=220000 epoch=32 lr=8.74e-05 G=3.821 advA2B=0.622 advB2A=0.715 cycA=0.079 cycB=0.094 idtA=0.060 idtB=0.090 D_A=0.094 D_B=0.123 D_A(real)=0.82 D_A(fake)=0.18 gnG=32.56 gnD=11.79 it_per_s=10.17
2026-10-02 17:00:37,864 INFO iter=220100 epoch=32 lr=8.73e-05 G=3.821 advA2B=0.620 advB2A=0.717 cycA=0.079 cycB=0.094 idtA=0.060 idtB=0.090 D_A=0.094 D_B=0.124 D_A(real)=0.82 D_A(fake)=0.18 gnG=32.52 gnD=11.81 it_per_s=10.17
2026-10-02 17:00:47,629 INFO iter=220200 epoch=32 lr=8.71e-05 G=3.821 advA2B=0.619 advB2A=0.719 cycA=0.079 cycB=0.094 idtA=0.060 idtB=0.091 D_A=0.094 D_B=0.124 D_A(real)=0.82 D_A(fake)=0.18 gnG=32.34 gnD=11.82 it_per_s=10.18
2026-10-02 17:00:57,395 INFO iter=220300 epoch=32 lr=8.70e-05 G=3.826 advA2B=0.617 advB2A=0.720 cycA=0.079 cycB=0.094 idtA=0.060 idtB=0.091 D_A=0.094 D_B=0.125 D_A(real)=0.82 D_A(fake)=0.18 gnG=32.28 gnD=11.84 it_per_s=10.18
2026-10-02 17:01:07,225 INFO iter=220400 epoch=32 lr=8.68e-05 G=3.823 advA2B=0.616 advB2A=0.719 cycA=0.079 cycB=0.094 idtA=0.060 idtB=0.091 D_A=0.095 D_B=0.124 D_A(real)=0.82 D_A(fake)=0.18 gnG=32.33 gnD=11.88 it_per_s=10.18
2026-10-02 17:01:16,999 INFO iter=220500 epoch=32 lr=8.67e-05 G=3.820 advA2B=0.615 advB2A=0.719 cycA=0.079 cycB=0.095 idtA=0.060 idtB=0.091 D_A=0.095 D_B=0.125 D_A(real)=0.82 D_A(fake)=0.18 gnG=32.27 gnD=11.90 it_per_s=10.18
2026-10-02 17:01:26,817 INFO iter=220600 epoch=32 lr=8.66e-05 G=3.811 advA2B=0.614 advB2A=0.716 cycA=0.079 cycB=0.094 idtA=0.060 idtB=0.090 D_A=0.095 D_B=0.124 D_A(real)=0.82 D_A(fake)=0.18 gnG=32.21 gnD=11.92 it_per_s=10.18
2026-10-02 17:01:36,606 INFO iter=220700 epoch=32 lr=8.64e-05 G=3.809 advA2B=0.612 advB2A=0.716 cycA=0.079 cycB=0.094 idtA=0.060 idtB=0.090 D_A=0.095 D_B=0.125 D_A(real)=0.82 D_A(fake)=0.18 gnG=32.20 gnD=11.94 it_per_s=10.18
2026-10-02 17:01:46,459 INFO iter=220800 epoch=32 lr=8.63e-05 G=3.806 advA2B=0.609 advB2A=0.714 cycA=0.079 cycB=0.094 idtA=0.060 idtB=0.090 D_A=0.096 D_B=0.125 D_A(real)=0.82 D_A(fake)=0.18 gnG=32.07 gnD=11.97 it_per_s=10.18
2026-10-02 17:01:56,269 INFO iter=220900 epoch=32 lr=8.61e-05 G=3.807 advA2B=0.607 advB2A=0.712 cycA=0.079 cycB=0.095 idtA=0.060 idtB=0.091 D_A=0.095 D_B=0.126 D_A(real)=0.82 D_A(fake)=0.18 gnG=32.03 gnD=11.98 it_per_s=10.18
2026-10-02 17:02:06,135 INFO iter=221000 epoch=32 lr=8.60e-05 G=3.802 advA2B=0.607 advB2A=0.710 cycA=0.079 cycB=0.095 idtA=0.060 idtB=0.090 D_A=0.095 D_B=0.126 D_A(real)=0.82 D_A(fake)=0.18 gnG=31.88 gnD=12.01 it_per_s=10.18
2026-10-02 17:02:16,021 INFO iter=221100 epoch=32 lr=8.58e-05 G=3.797 advA2B=0.607 advB2A=0.708 cycA=0.079 cycB=0.094 idtA=0.060 idtB=0.090 D_A=0.096 D_B=0.126 D_A(real)=0.82 D_A(fake)=0.18 gnG=31.83 gnD=12.01 it_per_s=10.18
2026-10-02 17:02:25,841 INFO iter=221200 epoch=32 lr=8.57e-05 G=3.799 advA2B=0.609 advB2A=0.708 cycA=0.079 cycB=0.094 idtA=0.060 idtB=0.090 D_A=0.096 D_B=0.126 D_A(real)=0.82 D_A(fake)=0.18 gnG=31.91 gnD=12.01 it_per_s=10.18
2026-10-02 17:02:35,686 INFO iter=221300 epoch=32 lr=8.56e-05 G=3.800 advA2B=0.608 advB2A=0.711 cycA=0.078 cycB=0.095 idtA=0.060 idtB=0.090 D_A=0.096 D_B=0.127 D_A(real)=0.82 D_A(fake)=0.18 gnG=31.91 gnD=12.04 it_per_s=10.18
2026-10-02 17:02:45,516 INFO iter=221400 epoch=32 lr=8.54e-05 G=3.797 advA2B=0.606 advB2A=0.712 cycA=0.078 cycB=0.095 idtA=0.060 idtB=0.090 D_A=0.095 D_B=0.128 D_A(real)=0.82 D_A(fake)=0.18 gnG=31.86 gnD=12.05 it_per_s=10.18
2026-10-02 17:02:55,351 INFO iter=221500 epoch=32 lr=8.53e-05 G=3.797 advA2B=0.604 advB2A=0.712 cycA=0.078 cycB=0.095 idtA=0.060 idtB=0.090 D_A=0.095 D_B=0.127 D_A(real)=0.82 D_A(fake)=0.18 gnG=31.76 gnD=12.03 it_per_s=10.18
2026-10-02 17:03:05,267 INFO iter=221600 epoch=32 lr=8.51e-05 G=3.790 advA2B=0.602 advB2A=0.709 cycA=0.078 cycB=0.095 idtA=0.060 idtB=0.090 D_A=0.096 D_B=0.128 D_A(real)=0.82 D_A(fake)=0.18 gnG=31.67 gnD=12.05 it_per_s=10.18
2026-10-02 17:03:15,168 INFO iter=221700 epoch=32 lr=8.50e-05 G=3.786 advA2B=0.600 advB2A=0.708 cycA=0.078 cycB=0.095 idtA=0.060 idtB=0.089 D_A=0.096 D_B=0.128 D_A(real)=0.82 D_A(fake)=0.18 gnG=31.66 gnD=12.05 it_per_s=10.17
2026-10-02 17:03:25,203 INFO iter=221800 epoch=32 lr=8.49e-05 G=3.788 advA2B=0.599 advB2A=0.709 cycA=0.078 cycB=0.095 idtA=0.060 idtB=0.089 D_A=0.096 D_B=0.129 D_A(real)=0.82 D_A(fake)=0.18 gnG=31.70 gnD=12.06 it_per_s=10.17
2026-10-02 17:03:35,018 INFO iter=221900 epoch=32 lr=8.47e-05 G=3.786 advA2B=0.600 advB2A=0.709 cycA=0.078 cycB=0.095 idtA=0.060 idtB=0.089 D_A=0.096 D_B=0.129 D_A(real)=0.82 D_A(fake)=0.18 gnG=31.64 gnD=12.05 it_per_s=10.17
2026-10-02 17:03:44,876 INFO iter=222000 epoch=32 lr=8.46e-05 G=3.785 advA2B=0.598 advB2A=0.709 cycA=0.078 cycB=0.095 idtA=0.060 idtB=0.089 D_A=0.096 D_B=0.129 D_A(real)=0.82 D_A(fake)=0.18 gnG=31.62 gnD=12.06 it_per_s=10.17
2026-10-02 17:03:54,732 INFO iter=222100 epoch=32 lr=8.44e-05 G=3.783 advA2B=0.598 advB2A=0.709 cycA=0.078 cycB=0.095 idtA=0.060 idtB=0.089 D_A=0.096 D_B=0.129 D_A(real)=0.82 D_A(fake)=0.18 gnG=31.55 gnD=12.06 it_per_s=10.17
2026-10-02 17:04:04,618 INFO iter=222200 epoch=32 lr=8.43e-05 G=3.780 advA2B=0.596 advB2A=0.708 cycA=0.078 cycB=0.095 idtA=0.060 idtB=0.089 D_A=0.096 D_B=0.130 D_A(real)=0.82 D_A(fake)=0.18 gnG=31.56 gnD=12.09 it_per_s=10.17
2026-10-02 17:04:14,456 INFO iter=222300 epoch=32 lr=8.41e-05 G=3.776 advA2B=0.595 advB2A=0.707 cycA=0.078 cycB=0.095 idtA=0.060 idtB=0.089 D_A=0.096 D_B=0.130 D_A(real)=0.82 D_A(fake)=0.18 gnG=31.53 gnD=12.12 it_per_s=10.17
2026-10-02 17:04:24,310 INFO iter=222400 epoch=32 lr=8.40e-05 G=3.773 advA2B=0.595 advB2A=0.706 cycA=0.078 cycB=0.095 idtA=0.060 idtB=0.089 D_A=0.097 D_B=0.130 D_A(real)=0.82 D_A(fake)=0.18 gnG=31.53 gnD=12.15 it_per_s=10.17
2026-10-02 17:04:34,166 INFO iter=222500 epoch=32 lr=8.39e-05 G=3.771 advA2B=0.594 advB2A=0.705 cycA=0.078 cycB=0.095 idtA=0.060 idtB=0.089 D_A=0.097 D_B=0.131 D_A(real)=0.82 D_A(fake)=0.18 gnG=31.53 gnD=12.15 it_per_s=10.16
2026-10-02 17:04:43,987 INFO iter=222600 epoch=32 lr=8.37e-05 G=3.768 advA2B=0.594 advB2A=0.704 cycA=0.078 cycB=0.095 idtA=0.060 idtB=0.089 D_A=0.097 D_B=0.131 D_A(real)=0.82 D_A(fake)=0.18 gnG=31.47 gnD=12.16 it_per_s=10.16
2026-10-02 17:04:53,871 INFO iter=222700 epoch=32 lr=8.36e-05 G=3.766 advA2B=0.594 advB2A=0.704 cycA=0.078 cycB=0.095 idtA=0.060 idtB=0.089 D_A=0.097 D_B=0.131 D_A(real)=0.82 D_A(fake)=0.18 gnG=31.51 gnD=12.14 it_per_s=10.16
2026-10-02 17:05:03,709 INFO iter=222800 epoch=32 lr=8.34e-05 G=3.762 advA2B=0.593 advB2A=0.703 cycA=0.078 cycB=0.095 idtA=0.060 idtB=0.089 D_A=0.097 D_B=0.131 D_A(real)=0.82 D_A(fake)=0.18 gnG=31.46 gnD=12.15 it_per_s=10.16
2026-10-02 17:05:13,566 INFO iter=222900 epoch=32 lr=8.33e-05 G=3.761 advA2B=0.594 advB2A=0.703 cycA=0.078 cycB=0.095 idtA=0.060 idtB=0.089 D_A=0.097 D_B=0.131 D_A(real)=0.82 D_A(fake)=0.18 gnG=31.47 gnD=12.16 it_per_s=10.16
2026-10-02 17:05:23,528 INFO iter=223000 epoch=32 lr=8.32e-05 G=3.760 advA2B=0.592 advB2A=0.703 cycA=0.078 cycB=0.095 idtA=0.060 idtB=0.089 D_A=0.097 D_B=0.131 D_A(real)=0.82 D_A(fake)=0.18 gnG=31.47 gnD=12.16 it_per_s=10.16
2026-10-02 17:05:33,361 INFO iter=223100 epoch=32 lr=8.30e-05 G=3.761 advA2B=0.592 advB2A=0.703 cycA=0.078 cycB=0.095 idtA=0.060 idtB=0.089 D_A=0.097 D_B=0.131 D_A(real)=0.81 D_A(fake)=0.19 gnG=31.51 gnD=12.15 it_per_s=10.16
2026-10-02 17:05:43,196 INFO iter=223200 epoch=32 lr=8.29e-05 G=3.758 advA2B=0.591 advB2A=0.704 cycA=0.077 cycB=0.095 idtA=0.060 idtB=0.089 D_A=0.097 D_B=0.131 D_A(real)=0.82 D_A(fake)=0.18 gnG=31.48 gnD=12.15 it_per_s=10.16
2026-10-02 17:05:53,038 INFO iter=223300 epoch=32 lr=8.27e-05 G=3.755 advA2B=0.591 advB2A=0.703 cycA=0.077 cycB=0.095 idtA=0.060 idtB=0.088 D_A=0.097 D_B=0.131 D_A(real)=0.82 D_A(fake)=0.18 gnG=31.48 gnD=12.15 it_per_s=10.16
2026-10-02 17:06:02,877 INFO iter=223400 epoch=32 lr=8.26e-05 G=3.753 advA2B=0.591 advB2A=0.703 cycA=0.077 cycB=0.094 idtA=0.060 idtB=0.088 D_A=0.097 D_B=0.131 D_A(real)=0.82 D_A(fake)=0.18 gnG=31.53 gnD=12.15 it_per_s=10.16
2026-10-02 17:06:12,749 INFO iter=223500 epoch=32 lr=8.24e-05 G=3.752 advA2B=0.591 advB2A=0.703 cycA=0.077 cycB=0.095 idtA=0.060 idtB=0.088 D_A=0.097 D_B=0.131 D_A(real)=0.82 D_A(fake)=0.18 gnG=31.50 gnD=12.15 it_per_s=10.16
2026-10-02 17:06:22,576 INFO iter=223600 epoch=32 lr=8.23e-05 G=3.752 advA2B=0.592 advB2A=0.703 cycA=0.077 cycB=0.094 idtA=0.060 idtB=0.088 D_A=0.097 D_B=0.131 D_A(real)=0.82 D_A(fake)=0.18 gnG=31.44 gnD=12.17 it_per_s=10.16
2026-10-02 17:06:32,388 INFO iter=223700 epoch=32 lr=8.22e-05 G=3.751 advA2B=0.591 advB2A=0.703 cycA=0.077 cycB=0.095 idtA=0.060 idtB=0.088 D_A=0.097 D_B=0.131 D_A(real)=0.81 D_A(fake)=0.19 gnG=31.42 gnD=12.16 it_per_s=10.16
2026-10-02 17:06:42,245 INFO iter=223800 epoch=32 lr=8.20e-05 G=3.748 advA2B=0.590 advB2A=0.703 cycA=0.077 cycB=0.094 idtA=0.060 idtB=0.088 D_A=0.097 D_B=0.131 D_A(real)=0.82 D_A(fake)=0.18 gnG=31.39 gnD=12.16 it_per_s=10.16
2026-10-02 17:06:52,083 INFO iter=223900 epoch=32 lr=8.19e-05 G=3.752 advA2B=0.590 advB2A=0.705 cycA=0.077 cycB=0.094 idtA=0.060 idtB=0.088 D_A=0.097 D_B=0.131 D_A(real)=0.82 D_A(fake)=0.18 gnG=31.38 gnD=12.15 it_per_s=10.16
2026-10-02 17:07:01,926 INFO iter=224000 epoch=32 lr=8.17e-05 G=3.753 advA2B=0.590 advB2A=0.705 cycA=0.077 cycB=0.095 idtA=0.060 idtB=0.088 D_A=0.097 D_B=0.131 D_A(real)=0.82 D_A(fake)=0.18 gnG=31.39 gnD=12.17 it_per_s=10.16
2026-10-02 17:07:11,770 INFO iter=224100 epoch=32 lr=8.16e-05 G=3.754 advA2B=0.591 advB2A=0.705 cycA=0.077 cycB=0.095 idtA=0.060 idtB=0.088 D_A=0.097 D_B=0.131 D_A(real)=0.82 D_A(fake)=0.18 gnG=31.40 gnD=12.16 it_per_s=10.16
2026-10-02 17:07:21,597 INFO iter=224200 epoch=32 lr=8.14e-05 G=3.753 advA2B=0.590 advB2A=0.706 cycA=0.077 cycB=0.095 idtA=0.060 idtB=0.088 D_A=0.097 D_B=0.131 D_A(real)=0.82 D_A(fake)=0.18 gnG=31.42 gnD=12.17 it_per_s=10.16
2026-10-02 17:07:31,447 INFO iter=224300 epoch=32 lr=8.13e-05 G=3.751 advA2B=0.590 advB2A=0.705 cycA=0.077 cycB=0.094 idtA=0.060 idtB=0.088 D_A=0.097 D_B=0.131 D_A(real)=0.82 D_A(fake)=0.18 gnG=31.41 gnD=12.18 it_per_s=10.16
2026-10-02 17:07:41,304 INFO iter=224400 epoch=32 lr=8.12e-05 G=3.751 advA2B=0.590 advB2A=0.705 cycA=0.077 cycB=0.094 idtA=0.060 idtB=0.088 D_A=0.097 D_B=0.131 D_A(real)=0.82 D_A(fake)=0.18 gnG=31.41 gnD=12.19 it_per_s=10.16
2026-10-02 17:07:51,136 INFO iter=224500 epoch=32 lr=8.10e-05 G=3.747 advA2B=0.589 advB2A=0.704 cycA=0.077 cycB=0.094 idtA=0.060 idtB=0.088 D_A=0.097 D_B=0.131 D_A(real)=0.82 D_A(fake)=0.18 gnG=31.37 gnD=12.20 it_per_s=10.16
2026-10-02 17:08:00,944 INFO iter=224600 epoch=32 lr=8.09e-05 G=3.746 advA2B=0.588 advB2A=0.705 cycA=0.077 cycB=0.094 idtA=0.060 idtB=0.088 D_A=0.097 D_B=0.131 D_A(real)=0.82 D_A(fake)=0.18 gnG=31.39 gnD=12.21 it_per_s=10.16
2026-10-02 17:08:10,828 INFO iter=224700 epoch=32 lr=8.07e-05 G=3.745 advA2B=0.588 advB2A=0.705 cycA=0.077 cycB=0.094 idtA=0.060 idtB=0.088 D_A=0.097 D_B=0.131 D_A(real)=0.82 D_A(fake)=0.18 gnG=31.41 gnD=12.22 it_per_s=10.16
2026-10-02 17:08:20,698 INFO iter=224800 epoch=32 lr=8.06e-05 G=3.744 advA2B=0.588 advB2A=0.705 cycA=0.077 cycB=0.094 idtA=0.060 idtB=0.088 D_A=0.097 D_B=0.131 D_A(real)=0.82 D_A(fake)=0.18 gnG=31.39 gnD=12.23 it_per_s=10.16
2026-10-02 17:08:30,546 INFO iter=224900 epoch=32 lr=8.05e-05 G=3.745 advA2B=0.588 advB2A=0.705 cycA=0.077 cycB=0.094 idtA=0.060 idtB=0.088 D_A=0.097 D_B=0.131 D_A(real)=0.81 D_A(fake)=0.19 gnG=31.38 gnD=12.24 it_per_s=10.16
2026-10-02 17:08:40,361 INFO iter=225000 epoch=32 lr=8.03e-05 G=3.743 advA2B=0.588 advB2A=0.706 cycA=0.077 cycB=0.094 idtA=0.060 idtB=0.088 D_A=0.097 D_B=0.131 D_A(real)=0.82 D_A(fake)=0.18 gnG=31.38 gnD=12.24 it_per_s=10.16
2026-10-02 17:08:50,210 INFO iter=225100 epoch=32 lr=8.02e-05 G=3.744 advA2B=0.588 advB2A=0.706 cycA=0.077 cycB=0.094 idtA=0.060 idtB=0.088 D_A=0.097 D_B=0.131 D_A(real)=0.81 D_A(fake)=0.19 gnG=31.34 gnD=12.25 it_per_s=10.16
2026-10-02 17:09:00,067 INFO iter=225200 epoch=32 lr=8.00e-05 G=3.743 advA2B=0.587 advB2A=0.705 cycA=0.077 cycB=0.094 idtA=0.060 idtB=0.088 D_A=0.097 D_B=0.132 D_A(real)=0.81 D_A(fake)=0.19 gnG=31.36 gnD=12.27 it_per_s=10.16
2026-10-02 17:09:01,679 INFO epoch=32 done time_s=693 it_per_s=10.16 G=3.742 cycA=0.077 cycB=0.094 idtA=0.060 idtB=0.088 D_A=0.097 D_B=0.132 D_A(real)=0.81 D_A(fake)=0.19 nan_count=0
2026-10-02 17:09:10,538 INFO iter=225300 epoch=33 lr=7.99e-05 G=3.775 advA2B=0.580 advB2A=0.642 cycA=0.078 cycB=0.099 idtA=0.062 idtB=0.094 D_A=0.099 D_B=0.133 D_A(real)=0.80 D_A(fake)=0.20 gnG=29.47 gnD=12.72 it_per_s=10.15
2026-10-02 17:09:20,443 INFO iter=225400 epoch=33 lr=7.97e-05 G=3.777 advA2B=0.588 advB2A=0.693 cycA=0.079 cycB=0.095 idtA=0.062 idtB=0.089 D_A=0.100 D_B=0.140 D_A(real)=0.81 D_A(fake)=0.19 gnG=29.82 gnD=12.50 it_per_s=10.12
2026-10-02 17:09:30,352 INFO iter=225500 epoch=33 lr=7.96e-05 G=3.832 advA2B=0.594 advB2A=0.725 cycA=0.079 cycB=0.096 idtA=0.063 idtB=0.089 D_A=0.100 D_B=0.140 D_A(real)=0.81 D_A(fake)=0.20 gnG=30.65 gnD=12.69 it_per_s=10.11
2026-10-02 17:09:40,183 INFO iter=225600 epoch=33 lr=7.95e-05 G=3.796 advA2B=0.591 advB2A=0.716 cycA=0.079 cycB=0.095 idtA=0.062 idtB=0.089 D_A=0.101 D_B=0.141 D_A(real)=0.80 D_A(fake)=0.20 gnG=30.88 gnD=12.75 it_per_s=10.13
2026-10-02 17:09:50,037 INFO iter=225700 epoch=33 lr=7.93e-05 G=3.764 advA2B=0.580 advB2A=0.702 cycA=0.079 cycB=0.094 idtA=0.061 idtB=0.088 D_A=0.098 D_B=0.140 D_A(real)=0.81 D_A(fake)=0.19 gnG=30.36 gnD=12.58 it_per_s=10.13
2026-10-02 17:09:59,820 INFO iter=225800 epoch=33 lr=7.92e-05 G=3.761 advA2B=0.582 advB2A=0.706 cycA=0.079 cycB=0.094 idtA=0.061 idtB=0.088 D_A=0.096 D_B=0.141 D_A(real)=0.81 D_A(fake)=0.19 gnG=30.20 gnD=12.64 it_per_s=10.15
2026-10-02 17:10:09,697 INFO iter=225900 epoch=33 lr=7.90e-05 G=3.757 advA2B=0.580 advB2A=0.710 cycA=0.078 cycB=0.094 idtA=0.061 idtB=0.088 D_A=0.098 D_B=0.139 D_A(real)=0.80 D_A(fake)=0.20 gnG=30.21 gnD=12.58 it_per_s=10.14
2026-10-02 17:10:19,561 INFO iter=226000 epoch=33 lr=7.89e-05 G=3.740 advA2B=0.579 advB2A=0.705 cycA=0.078 cycB=0.094 idtA=0.061 idtB=0.088 D_A=0.100 D_B=0.138 D_A(real)=0.80 D_A(fake)=0.20 gnG=30.62 gnD=12.67 it_per_s=10.14
2026-10-02 17:10:29,363 INFO iter=226100 epoch=33 lr=7.87e-05 G=3.737 advA2B=0.584 advB2A=0.706 cycA=0.078 cycB=0.093 idtA=0.060 idtB=0.087 D_A=0.099 D_B=0.140 D_A(real)=0.81 D_A(fake)=0.19 gnG=30.56 gnD=12.70 it_per_s=10.15
2026-10-02 17:10:39,191 INFO iter=226200 epoch=33 lr=7.86e-05 G=3.716 advA2B=0.582 advB2A=0.712 cycA=0.077 cycB=0.092 idtA=0.060 idtB=0.086 D_A=0.097 D_B=0.139 D_A(real)=0.81 D_A(fake)=0.19 gnG=30.34 gnD=12.57 it_per_s=10.15
2026-10-02 17:10:49,054 INFO iter=226300 epoch=33 lr=7.85e-05 G=3.708 advA2B=0.577 advB2A=0.712 cycA=0.077 cycB=0.092 idtA=0.060 idtB=0.086 D_A=0.097 D_B=0.139 D_A(real)=0.81 D_A(fake)=0.19 gnG=30.22 gnD=12.51 it_per_s=10.15
2026-10-02 17:10:58,874 INFO iter=226400 epoch=33 lr=7.83e-05 G=3.714 advA2B=0.582 advB2A=0.711 cycA=0.077 cycB=0.093 idtA=0.060 idtB=0.086 D_A=0.097 D_B=0.138 D_A(real)=0.81 D_A(fake)=0.19 gnG=30.56 gnD=12.52 it_per_s=10.15
2026-10-02 17:11:08,743 INFO iter=226500 epoch=33 lr=7.82e-05 G=3.704 advA2B=0.580 advB2A=0.709 cycA=0.077 cycB=0.092 idtA=0.060 idtB=0.085 D_A=0.096 D_B=0.138 D_A(real)=0.81 D_A(fake)=0.19 gnG=30.73 gnD=12.44 it_per_s=10.15
2026-10-02 17:11:18,559 INFO iter=226600 epoch=33 lr=7.80e-05 G=3.711 advA2B=0.579 advB2A=0.709 cycA=0.077 cycB=0.093 idtA=0.060 idtB=0.086 D_A=0.097 D_B=0.138 D_A(real)=0.81 D_A(fake)=0.19 gnG=30.70 gnD=12.43 it_per_s=10.15
2026-10-02 17:11:28,421 INFO iter=226700 epoch=33 lr=7.79e-05 G=3.712 advA2B=0.577 advB2A=0.712 cycA=0.077 cycB=0.093 idtA=0.060 idtB=0.086 D_A=0.097 D_B=0.139 D_A(real)=0.81 D_A(fake)=0.19 gnG=30.70 gnD=12.45 it_per_s=10.15
2026-10-02 17:11:38,264 INFO iter=226800 epoch=33 lr=7.78e-05 G=3.707 advA2B=0.576 advB2A=0.707 cycA=0.077 cycB=0.093 idtA=0.060 idtB=0.086 D_A=0.097 D_B=0.139 D_A(real)=0.81 D_A(fake)=0.19 gnG=30.69 gnD=12.45 it_per_s=10.15
2026-10-02 17:11:48,104 INFO iter=226900 epoch=33 lr=7.76e-05 G=3.707 advA2B=0.579 advB2A=0.702 cycA=0.077 cycB=0.093 idtA=0.059 idtB=0.086 D_A=0.097 D_B=0.138 D_A(real)=0.81 D_A(fake)=0.19 gnG=30.58 gnD=12.45 it_per_s=10.15
2026-10-02 17:11:57,963 INFO iter=227000 epoch=33 lr=7.75e-05 G=3.708 advA2B=0.579 advB2A=0.704 cycA=0.077 cycB=0.093 idtA=0.060 idtB=0.086 D_A=0.097 D_B=0.137 D_A(real)=0.81 D_A(fake)=0.19 gnG=30.63 gnD=12.46 it_per_s=10.15
2026-10-02 17:12:07,773 INFO iter=227100 epoch=33 lr=7.73e-05 G=3.707 advA2B=0.580 advB2A=0.701 cycA=0.077 cycB=0.093 idtA=0.059 idtB=0.086 D_A=0.097 D_B=0.137 D_A(real)=0.81 D_A(fake)=0.19 gnG=30.74 gnD=12.50 it_per_s=10.16
2026-10-02 17:12:17,610 INFO iter=227200 epoch=33 lr=7.72e-05 G=3.709 advA2B=0.580 advB2A=0.704 cycA=0.077 cycB=0.093 idtA=0.059 idtB=0.086 D_A=0.097 D_B=0.137 D_A(real)=0.81 D_A(fake)=0.19 gnG=30.91 gnD=12.51 it_per_s=10.16
2026-10-02 17:12:27,493 INFO iter=227300 epoch=33 lr=7.70e-05 G=3.706 advA2B=0.580 advB2A=0.705 cycA=0.076 cycB=0.093 idtA=0.059 idtB=0.086 D_A=0.096 D_B=0.137 D_A(real)=0.81 D_A(fake)=0.19 gnG=30.90 gnD=12.53 it_per_s=10.15
2026-10-02 17:12:37,407 INFO iter=227400 epoch=33 lr=7.69e-05 G=3.707 advA2B=0.585 advB2A=0.704 cycA=0.076 cycB=0.093 idtA=0.059 idtB=0.086 D_A=0.096 D_B=0.137 D_A(real)=0.81 D_A(fake)=0.19 gnG=30.91 gnD=12.51 it_per_s=10.15
2026-10-02 17:12:47,248 INFO iter=227500 epoch=33 lr=7.68e-05 G=3.706 advA2B=0.584 advB2A=0.704 cycA=0.076 cycB=0.093 idtA=0.059 idtB=0.086 D_A=0.096 D_B=0.137 D_A(real)=0.81 D_A(fake)=0.19 gnG=30.90 gnD=12.50 it_per_s=10.15
2026-10-02 17:12:57,101 INFO iter=227600 epoch=33 lr=7.66e-05 G=3.698 advA2B=0.584 advB2A=0.702 cycA=0.076 cycB=0.093 idtA=0.059 idtB=0.086 D_A=0.096 D_B=0.137 D_A(real)=0.81 D_A(fake)=0.19 gnG=30.92 gnD=12.53 it_per_s=10.15
2026-10-02 17:13:06,930 INFO iter=227700 epoch=33 lr=7.65e-05 G=3.702 advA2B=0.584 advB2A=0.701 cycA=0.076 cycB=0.093 idtA=0.059 idtB=0.086 D_A=0.096 D_B=0.137 D_A(real)=0.81 D_A(fake)=0.19 gnG=31.01 gnD=12.56 it_per_s=10.15
2026-10-02 17:13:16,822 INFO iter=227800 epoch=33 lr=7.63e-05 G=3.702 advA2B=0.582 advB2A=0.701 cycA=0.076 cycB=0.093 idtA=0.059 idtB=0.086 D_A=0.097 D_B=0.137 D_A(real)=0.81 D_A(fake)=0.19 gnG=31.14 gnD=12.58 it_per_s=10.15
2026-10-02 17:13:26,720 INFO iter=227900 epoch=33 lr=7.62e-05 G=3.699 advA2B=0.582 advB2A=0.699 cycA=0.076 cycB=0.093 idtA=0.059 idtB=0.086 D_A=0.097 D_B=0.137 D_A(real)=0.81 D_A(fake)=0.19 gnG=31.12 gnD=12.58 it_per_s=10.15
2026-10-02 17:13:36,605 INFO iter=228000 epoch=33 lr=7.60e-05 G=3.700 advA2B=0.581 advB2A=0.700 cycA=0.076 cycB=0.093 idtA=0.059 idtB=0.086 D_A=0.097 D_B=0.137 D_A(real)=0.81 D_A(fake)=0.19 gnG=31.05 gnD=12.61 it_per_s=10.15
2026-10-02 17:13:46,436 INFO iter=228100 epoch=33 lr=7.59e-05 G=3.700 advA2B=0.580 advB2A=0.701 cycA=0.076 cycB=0.093 idtA=0.059 idtB=0.086 D_A=0.097 D_B=0.137 D_A(real)=0.81 D_A(fake)=0.19 gnG=31.00 gnD=12.64 it_per_s=10.15
2026-10-02 17:13:56,292 INFO iter=228200 epoch=33 lr=7.58e-05 G=3.698 advA2B=0.578 advB2A=0.700 cycA=0.076 cycB=0.093 idtA=0.059 idtB=0.086 D_A=0.097 D_B=0.137 D_A(real)=0.81 D_A(fake)=0.19 gnG=31.06 gnD=12.66 it_per_s=10.15
2026-10-02 17:14:06,113 INFO iter=228300 epoch=33 lr=7.56e-05 G=3.697 advA2B=0.577 advB2A=0.699 cycA=0.076 cycB=0.093 idtA=0.059 idtB=0.086 D_A=0.097 D_B=0.137 D_A(real)=0.81 D_A(fake)=0.19 gnG=31.13 gnD=12.67 it_per_s=10.15
2026-10-02 17:14:15,920 INFO iter=228400 epoch=33 lr=7.55e-05 G=3.696 advA2B=0.577 advB2A=0.698 cycA=0.076 cycB=0.093 idtA=0.059 idtB=0.086 D_A=0.097 D_B=0.137 D_A(real)=0.81 D_A(fake)=0.19 gnG=31.15 gnD=12.66 it_per_s=10.15
2026-10-02 17:14:25,732 INFO iter=228500 epoch=33 lr=7.53e-05 G=3.696 advA2B=0.577 advB2A=0.699 cycA=0.076 cycB=0.093 idtA=0.059 idtB=0.086 D_A=0.097 D_B=0.137 D_A(real)=0.81 D_A(fake)=0.19 gnG=31.19 gnD=12.65 it_per_s=10.15
2026-10-02 17:14:35,554 INFO iter=228600 epoch=33 lr=7.52e-05 G=3.695 advA2B=0.578 advB2A=0.699 cycA=0.076 cycB=0.093 idtA=0.059 idtB=0.086 D_A=0.096 D_B=0.137 D_A(real)=0.81 D_A(fake)=0.19 gnG=31.13 gnD=12.65 it_per_s=10.15
2026-10-02 17:14:45,349 INFO iter=228700 epoch=33 lr=7.51e-05 G=3.695 advA2B=0.578 advB2A=0.699 cycA=0.076 cycB=0.093 idtA=0.059 idtB=0.086 D_A=0.096 D_B=0.136 D_A(real)=0.81 D_A(fake)=0.19 gnG=31.09 gnD=12.64 it_per_s=10.15
2026-10-02 17:14:55,182 INFO iter=228800 epoch=33 lr=7.49e-05 G=3.691 advA2B=0.578 advB2A=0.698 cycA=0.076 cycB=0.093 idtA=0.059 idtB=0.086 D_A=0.096 D_B=0.136 D_A(real)=0.81 D_A(fake)=0.19 gnG=31.12 gnD=12.65 it_per_s=10.16
2026-10-02 17:15:04,990 INFO iter=228900 epoch=33 lr=7.48e-05 G=3.689 advA2B=0.577 advB2A=0.697 cycA=0.076 cycB=0.093 idtA=0.059 idtB=0.086 D_A=0.096 D_B=0.136 D_A(real)=0.81 D_A(fake)=0.19 gnG=31.23 gnD=12.65 it_per_s=10.16
2026-10-02 17:15:14,831 INFO iter=229000 epoch=33 lr=7.46e-05 G=3.688 advA2B=0.578 advB2A=0.699 cycA=0.076 cycB=0.093 idtA=0.059 idtB=0.086 D_A=0.097 D_B=0.136 D_A(real)=0.81 D_A(fake)=0.19 gnG=31.27 gnD=12.68 it_per_s=10.16
2026-10-02 17:15:24,662 INFO iter=229100 epoch=33 lr=7.45e-05 G=3.687 advA2B=0.578 advB2A=0.699 cycA=0.076 cycB=0.093 idtA=0.059 idtB=0.086 D_A=0.097 D_B=0.136 D_A(real)=0.81 D_A(fake)=0.19 gnG=31.27 gnD=12.72 it_per_s=10.16
2026-10-02 17:15:34,528 INFO iter=229200 epoch=33 lr=7.43e-05 G=3.687 advA2B=0.577 advB2A=0.698 cycA=0.076 cycB=0.093 idtA=0.059 idtB=0.086 D_A=0.097 D_B=0.136 D_A(real)=0.81 D_A(fake)=0.19 gnG=31.33 gnD=12.71 it_per_s=10.16
2026-10-02 17:15:44,353 INFO iter=229300 epoch=33 lr=7.42e-05 G=3.686 advA2B=0.578 advB2A=0.698 cycA=0.076 cycB=0.093 idtA=0.059 idtB=0.086 D_A=0.097 D_B=0.136 D_A(real)=0.81 D_A(fake)=0.19 gnG=31.38 gnD=12.72 it_per_s=10.16
2026-10-02 17:15:54,205 INFO iter=229400 epoch=33 lr=7.41e-05 G=3.686 advA2B=0.576 advB2A=0.699 cycA=0.076 cycB=0.093 idtA=0.059 idtB=0.086 D_A=0.097 D_B=0.136 D_A(real)=0.81 D_A(fake)=0.19 gnG=31.36 gnD=12.74 it_per_s=10.16
2026-10-02 17:16:04,056 INFO iter=229500 epoch=33 lr=7.39e-05 G=3.684 advA2B=0.576 advB2A=0.698 cycA=0.076 cycB=0.093 idtA=0.059 idtB=0.086 D_A=0.097 D_B=0.136 D_A(real)=0.81 D_A(fake)=0.19 gnG=31.33 gnD=12.72 it_per_s=10.16
2026-10-02 17:16:13,939 INFO iter=229600 epoch=33 lr=7.38e-05 G=3.683 advA2B=0.577 advB2A=0.696 cycA=0.076 cycB=0.093 idtA=0.059 idtB=0.086 D_A=0.097 D_B=0.136 D_A(real)=0.81 D_A(fake)=0.19 gnG=31.37 gnD=12.71 it_per_s=10.16
2026-10-02 17:16:23,806 INFO iter=229700 epoch=33 lr=7.36e-05 G=3.681 advA2B=0.575 advB2A=0.696 cycA=0.076 cycB=0.093 idtA=0.059 idtB=0.086 D_A=0.097 D_B=0.135 D_A(real)=0.81 D_A(fake)=0.19 gnG=31.35 gnD=12.70 it_per_s=10.16
2026-10-02 17:16:33,638 INFO iter=229800 epoch=33 lr=7.35e-05 G=3.682 advA2B=0.574 advB2A=0.696 cycA=0.076 cycB=0.093 idtA=0.059 idtB=0.086 D_A=0.097 D_B=0.136 D_A(real)=0.81 D_A(fake)=0.19 gnG=31.38 gnD=12.71 it_per_s=10.16
2026-10-02 17:16:43,488 INFO iter=229900 epoch=33 lr=7.33e-05 G=3.681 advA2B=0.574 advB2A=0.697 cycA=0.076 cycB=0.093 idtA=0.059 idtB=0.086 D_A=0.097 D_B=0.136 D_A(real)=0.81 D_A(fake)=0.19 gnG=31.37 gnD=12.69 it_per_s=10.16
2026-10-02 17:16:53,327 INFO iter=230000 epoch=33 lr=7.32e-05 G=3.680 advA2B=0.574 advB2A=0.698 cycA=0.076 cycB=0.093 idtA=0.059 idtB=0.086 D_A=0.097 D_B=0.136 D_A(real)=0.81 D_A(fake)=0.19 gnG=31.39 gnD=12.71 it_per_s=10.16
2026-10-02 17:17:03,150 INFO iter=230100 epoch=33 lr=7.31e-05 G=3.681 advA2B=0.574 advB2A=0.698 cycA=0.076 cycB=0.093 idtA=0.059 idtB=0.086 D_A=0.096 D_B=0.136 D_A(real)=0.81 D_A(fake)=0.19 gnG=31.46 gnD=12.72 it_per_s=10.16
2026-10-02 17:17:13,007 INFO iter=230200 epoch=33 lr=7.29e-05 G=3.681 advA2B=0.574 advB2A=0.698 cycA=0.076 cycB=0.093 idtA=0.059 idtB=0.086 D_A=0.097 D_B=0.136 D_A(real)=0.81 D_A(fake)=0.19 gnG=31.43 gnD=12.72 it_per_s=10.16
2026-10-02 17:17:23,178 INFO iter=230300 epoch=33 lr=7.28e-05 G=3.679 advA2B=0.573 advB2A=0.699 cycA=0.076 cycB=0.093 idtA=0.059 idtB=0.086 D_A=0.097 D_B=0.137 D_A(real)=0.81 D_A(fake)=0.19 gnG=31.43 gnD=12.74 it_per_s=10.15
2026-10-02 17:17:33,401 INFO iter=230400 epoch=33 lr=7.26e-05 G=3.681 advA2B=0.573 advB2A=0.698 cycA=0.076 cycB=0.093 idtA=0.059 idtB=0.086 D_A=0.096 D_B=0.137 D_A(real)=0.81 D_A(fake)=0.19 gnG=31.47 gnD=12.75 it_per_s=10.14
2026-10-02 17:17:43,564 INFO iter=230500 epoch=33 lr=7.25e-05 G=3.681 advA2B=0.573 advB2A=0.699 cycA=0.076 cycB=0.093 idtA=0.059 idtB=0.086 D_A=0.096 D_B=0.137 D_A(real)=0.81 D_A(fake)=0.19 gnG=31.45 gnD=12.75 it_per_s=10.14
2026-10-02 17:17:53,786 INFO iter=230600 epoch=33 lr=7.24e-05 G=3.680 advA2B=0.573 advB2A=0.699 cycA=0.076 cycB=0.093 idtA=0.059 idtB=0.086 D_A=0.096 D_B=0.136 D_A(real)=0.81 D_A(fake)=0.19 gnG=31.46 gnD=12.75 it_per_s=10.13
2026-10-02 17:18:03,952 INFO iter=230700 epoch=33 lr=7.22e-05 G=3.679 advA2B=0.573 advB2A=0.699 cycA=0.076 cycB=0.093 idtA=0.059 idtB=0.086 D_A=0.096 D_B=0.136 D_A(real)=0.81 D_A(fake)=0.19 gnG=31.45 gnD=12.74 it_per_s=10.12
2026-10-02 17:18:14,125 INFO iter=230800 epoch=33 lr=7.21e-05 G=3.679 advA2B=0.573 advB2A=0.699 cycA=0.076 cycB=0.093 idtA=0.059 idtB=0.086 D_A=0.096 D_B=0.136 D_A(real)=0.81 D_A(fake)=0.19 gnG=31.46 gnD=12.74 it_per_s=10.12
2026-10-02 17:18:24,271 INFO iter=230900 epoch=33 lr=7.19e-05 G=3.680 advA2B=0.573 advB2A=0.700 cycA=0.076 cycB=0.093 idtA=0.059 idtB=0.086 D_A=0.096 D_B=0.136 D_A(real)=0.81 D_A(fake)=0.19 gnG=31.42 gnD=12.74 it_per_s=10.11
2026-10-02 17:18:34,485 INFO iter=231000 epoch=33 lr=7.18e-05 G=3.681 advA2B=0.573 advB2A=0.700 cycA=0.076 cycB=0.093 idtA=0.059 idtB=0.086 D_A=0.096 D_B=0.136 D_A(real)=0.81 D_A(fake)=0.19 gnG=31.41 gnD=12.74 it_per_s=10.11
2026-10-02 17:18:44,749 INFO iter=231100 epoch=33 lr=7.16e-05 G=3.680 advA2B=0.572 advB2A=0.701 cycA=0.076 cycB=0.093 idtA=0.059 idtB=0.086 D_A=0.096 D_B=0.136 D_A(real)=0.81 D_A(fake)=0.19 gnG=31.42 gnD=12.74 it_per_s=10.10
2026-10-02 17:18:55,065 INFO iter=231200 epoch=33 lr=7.15e-05 G=3.681 advA2B=0.573 advB2A=0.700 cycA=0.076 cycB=0.093 idtA=0.059 idtB=0.086 D_A=0.096 D_B=0.136 D_A(real)=0.81 D_A(fake)=0.19 gnG=31.42 gnD=12.74 it_per_s=10.09
2026-10-02 17:19:05,335 INFO iter=231300 epoch=33 lr=7.14e-05 G=3.679 advA2B=0.572 advB2A=0.700 cycA=0.076 cycB=0.093 idtA=0.059 idtB=0.086 D_A=0.096 D_B=0.136 D_A(real)=0.81 D_A(fake)=0.19 gnG=31.42 gnD=12.74 it_per_s=10.09
2026-10-02 17:19:15,654 INFO iter=231400 epoch=33 lr=7.12e-05 G=3.678 advA2B=0.573 advB2A=0.700 cycA=0.076 cycB=0.093 idtA=0.059 idtB=0.086 D_A=0.096 D_B=0.136 D_A(real)=0.81 D_A(fake)=0.19 gnG=31.46 gnD=12.73 it_per_s=10.08
2026-10-02 17:19:26,001 INFO iter=231500 epoch=33 lr=7.11e-05 G=3.682 advA2B=0.573 advB2A=0.701 cycA=0.076 cycB=0.093 idtA=0.059 idtB=0.086 D_A=0.096 D_B=0.136 D_A(real)=0.81 D_A(fake)=0.19 gnG=31.50 gnD=12.73 it_per_s=10.07
2026-10-02 17:19:36,156 INFO iter=231600 epoch=33 lr=7.09e-05 G=3.682 advA2B=0.573 advB2A=0.701 cycA=0.076 cycB=0.093 idtA=0.059 idtB=0.086 D_A=0.096 D_B=0.136 D_A(real)=0.81 D_A(fake)=0.19 gnG=31.49 gnD=12.72 it_per_s=10.07
2026-10-02 17:19:46,639 INFO iter=231700 epoch=33 lr=7.08e-05 G=3.683 advA2B=0.573 advB2A=0.702 cycA=0.076 cycB=0.093 idtA=0.059 idtB=0.086 D_A=0.096 D_B=0.135 D_A(real)=0.81 D_A(fake)=0.19 gnG=31.53 gnD=12.71 it_per_s=10.06
2026-10-02 17:19:56,961 INFO iter=231800 epoch=33 lr=7.06e-05 G=3.682 advA2B=0.573 advB2A=0.702 cycA=0.075 cycB=0.093 idtA=0.059 idtB=0.086 D_A=0.096 D_B=0.135 D_A(real)=0.81 D_A(fake)=0.19 gnG=31.58 gnD=12.72 it_per_s=10.06
2026-10-02 17:20:07,266 INFO iter=231900 epoch=33 lr=7.05e-05 G=3.682 advA2B=0.573 advB2A=0.702 cycA=0.075 cycB=0.093 idtA=0.059 idtB=0.086 D_A=0.096 D_B=0.135 D_A(real)=0.81 D_A(fake)=0.19 gnG=31.62 gnD=12.72 it_per_s=10.05
2026-10-02 17:20:17,517 INFO iter=232000 epoch=33 lr=7.04e-05 G=3.681 advA2B=0.574 advB2A=0.701 cycA=0.075 cycB=0.093 idtA=0.058 idtB=0.086 D_A=0.096 D_B=0.135 D_A(real)=0.81 D_A(fake)=0.19 gnG=31.63 gnD=12.73 it_per_s=10.05
2026-10-02 17:20:27,726 INFO iter=232100 epoch=33 lr=7.02e-05 G=3.680 advA2B=0.573 advB2A=0.702 cycA=0.075 cycB=0.093 idtA=0.058 idtB=0.086 D_A=0.096 D_B=0.135 D_A(real)=0.81 D_A(fake)=0.19 gnG=31.59 gnD=12.74 it_per_s=10.04
2026-10-02 17:20:37,881 INFO iter=232200 epoch=33 lr=7.01e-05 G=3.681 advA2B=0.573 advB2A=0.703 cycA=0.075 cycB=0.093 idtA=0.058 idtB=0.086 D_A=0.096 D_B=0.135 D_A(real)=0.81 D_A(fake)=0.19 gnG=31.60 gnD=12.74 it_per_s=10.04
2026-10-02 17:20:43,333 INFO epoch=33 done time_s=701 it_per_s=10.04 G=3.681 cycA=0.075 cycB=0.093 idtA=0.058 idtB=0.086 D_A=0.096 D_B=0.135 D_A(real)=0.81 D_A(fake)=0.19 nan_count=0
2026-10-02 17:20:48,588 INFO iter=232300 epoch=34 lr=6.99e-05 G=3.626 advA2B=0.581 advB2A=0.592 cycA=0.072 cycB=0.097 idtA=0.055 idtB=0.097 D_A=0.099 D_B=0.106 D_A(real)=0.81 D_A(fake)=0.18 gnG=30.16 gnD=12.76 it_per_s=9.81
2026-10-02 17:20:58,837 INFO iter=232400 epoch=34 lr=6.98e-05 G=3.628 advA2B=0.582 advB2A=0.659 cycA=0.074 cycB=0.094 idtA=0.055 idtB=0.088 D_A=0.094 D_B=0.123 D_A(real)=0.82 D_A(fake)=0.18 gnG=31.75 gnD=12.90 it_per_s=9.77
2026-10-02 17:21:09,045 INFO iter=232500 epoch=34 lr=6.97e-05 G=3.658 advA2B=0.584 advB2A=0.692 cycA=0.074 cycB=0.092 idtA=0.057 idtB=0.086 D_A=0.094 D_B=0.128 D_A(real)=0.82 D_A(fake)=0.18 gnG=32.93 gnD=12.92 it_per_s=9.78
2026-10-02 17:21:19,251 INFO iter=232600 epoch=34 lr=6.95e-05 G=3.645 advA2B=0.574 advB2A=0.700 cycA=0.075 cycB=0.091 idtA=0.057 idtB=0.085 D_A=0.096 D_B=0.132 D_A(real)=0.82 D_A(fake)=0.18 gnG=32.18 gnD=13.01 it_per_s=9.79
2026-10-02 17:21:29,833 INFO iter=232700 epoch=34 lr=6.94e-05 G=3.633 advA2B=0.573 advB2A=0.698 cycA=0.074 cycB=0.091 idtA=0.057 idtB=0.084 D_A=0.096 D_B=0.133 D_A(real)=0.82 D_A(fake)=0.18 gnG=31.80 gnD=13.02 it_per_s=9.71
2026-10-02 17:21:40,098 INFO iter=232800 epoch=34 lr=6.92e-05 G=3.653 advA2B=0.587 advB2A=0.693 cycA=0.075 cycB=0.091 idtA=0.057 idtB=0.085 D_A=0.094 D_B=0.132 D_A(real)=0.82 D_A(fake)=0.18 gnG=31.91 gnD=12.95 it_per_s=9.72
2026-10-02 17:21:50,239 INFO iter=232900 epoch=34 lr=6.91e-05 G=3.648 advA2B=0.587 advB2A=0.693 cycA=0.075 cycB=0.091 idtA=0.058 idtB=0.084 D_A=0.094 D_B=0.130 D_A(real)=0.82 D_A(fake)=0.18 gnG=31.65 gnD=12.85 it_per_s=9.74
2026-10-02 17:22:00,435 INFO iter=233000 epoch=34 lr=6.89e-05 G=3.648 advA2B=0.584 advB2A=0.695 cycA=0.075 cycB=0.091 idtA=0.058 idtB=0.084 D_A=0.095 D_B=0.132 D_A(real)=0.82 D_A(fake)=0.18 gnG=31.81 gnD=12.94 it_per_s=9.75
2026-10-02 17:22:10,573 INFO iter=233100 epoch=34 lr=6.88e-05 G=3.654 advA2B=0.586 advB2A=0.690 cycA=0.075 cycB=0.092 idtA=0.058 idtB=0.085 D_A=0.094 D_B=0.132 D_A(real)=0.82 D_A(fake)=0.18 gnG=31.74 gnD=12.89 it_per_s=9.76
2026-10-02 17:22:20,746 INFO iter=233200 epoch=34 lr=6.87e-05 G=3.637 advA2B=0.583 advB2A=0.692 cycA=0.075 cycB=0.091 idtA=0.058 idtB=0.084 D_A=0.094 D_B=0.132 D_A(real)=0.82 D_A(fake)=0.18 gnG=31.72 gnD=12.85 it_per_s=9.77
2026-10-02 17:22:30,924 INFO iter=233300 epoch=34 lr=6.85e-05 G=3.632 advA2B=0.581 advB2A=0.690 cycA=0.075 cycB=0.091 idtA=0.058 idtB=0.084 D_A=0.094 D_B=0.132 D_A(real)=0.82 D_A(fake)=0.18 gnG=31.82 gnD=12.81 it_per_s=9.77
2026-10-02 17:22:41,111 INFO iter=233400 epoch=34 lr=6.84e-05 G=3.654 advA2B=0.581 advB2A=0.691 cycA=0.075 cycB=0.092 idtA=0.058 idtB=0.085 D_A=0.095 D_B=0.131 D_A(real)=0.82 D_A(fake)=0.18 gnG=31.95 gnD=12.83 it_per_s=9.78
2026-10-02 17:22:51,246 INFO iter=233500 epoch=34 lr=6.82e-05 G=3.649 advA2B=0.580 advB2A=0.693 cycA=0.075 cycB=0.091 idtA=0.058 idtB=0.084 D_A=0.095 D_B=0.132 D_A(real)=0.82 D_A(fake)=0.18 gnG=32.08 gnD=12.85 it_per_s=9.78
2026-10-02 17:23:01,503 INFO iter=233600 epoch=34 lr=6.81e-05 G=3.655 advA2B=0.580 advB2A=0.694 cycA=0.075 cycB=0.092 idtA=0.058 idtB=0.085 D_A=0.095 D_B=0.132 D_A(real)=0.82 D_A(fake)=0.18 gnG=32.02 gnD=12.85 it_per_s=9.78
2026-10-02 17:23:11,744 INFO iter=233700 epoch=34 lr=6.79e-05 G=3.649 advA2B=0.581 advB2A=0.694 cycA=0.075 cycB=0.091 idtA=0.058 idtB=0.084 D_A=0.096 D_B=0.133 D_A(real)=0.82 D_A(fake)=0.18 gnG=32.12 gnD=12.97 it_per_s=9.78
2026-10-02 17:23:21,940 INFO iter=233800 epoch=34 lr=6.78e-05 G=3.655 advA2B=0.582 advB2A=0.694 cycA=0.075 cycB=0.091 idtA=0.059 idtB=0.084 D_A=0.097 D_B=0.133 D_A(real)=0.81 D_A(fake)=0.19 gnG=32.18 gnD=12.97 it_per_s=9.78
2026-10-02 17:23:32,164 INFO iter=233900 epoch=34 lr=6.77e-05 G=3.654 advA2B=0.583 advB2A=0.694 cycA=0.075 cycB=0.091 idtA=0.059 idtB=0.084 D_A=0.096 D_B=0.132 D_A(real)=0.82 D_A(fake)=0.18 gnG=32.34 gnD=12.95 it_per_s=9.78
2026-10-02 17:23:42,314 INFO iter=234000 epoch=34 lr=6.75e-05 G=3.651 advA2B=0.583 advB2A=0.692 cycA=0.075 cycB=0.091 idtA=0.058 idtB=0.084 D_A=0.095 D_B=0.132 D_A(real)=0.82 D_A(fake)=0.18 gnG=32.22 gnD=12.91 it_per_s=9.79
2026-10-02 17:23:52,777 INFO iter=234100 epoch=34 lr=6.74e-05 G=3.654 advA2B=0.583 advB2A=0.694 cycA=0.075 cycB=0.091 idtA=0.058 idtB=0.084 D_A=0.095 D_B=0.131 D_A(real)=0.82 D_A(fake)=0.18 gnG=32.29 gnD=12.90 it_per_s=9.77
2026-10-02 17:24:03,003 INFO iter=234200 epoch=34 lr=6.72e-05 G=3.657 advA2B=0.583 advB2A=0.694 cycA=0.075 cycB=0.092 idtA=0.058 idtB=0.085 D_A=0.095 D_B=0.132 D_A(real)=0.82 D_A(fake)=0.18 gnG=32.33 gnD=12.93 it_per_s=9.77
2026-10-02 17:24:13,211 INFO iter=234300 epoch=34 lr=6.71e-05 G=3.659 advA2B=0.583 advB2A=0.694 cycA=0.075 cycB=0.092 idtA=0.058 idtB=0.085 D_A=0.096 D_B=0.131 D_A(real)=0.82 D_A(fake)=0.18 gnG=32.26 gnD=12.90 it_per_s=9.77
2026-10-02 17:24:23,403 INFO iter=234400 epoch=34 lr=6.70e-05 G=3.660 advA2B=0.583 advB2A=0.695 cycA=0.075 cycB=0.092 idtA=0.058 idtB=0.085 D_A=0.096 D_B=0.131 D_A(real)=0.82 D_A(fake)=0.18 gnG=32.15 gnD=12.89 it_per_s=9.78
2026-10-02 17:24:33,607 INFO iter=234500 epoch=34 lr=6.68e-05 G=3.659 advA2B=0.582 advB2A=0.695 cycA=0.075 cycB=0.092 idtA=0.058 idtB=0.085 D_A=0.096 D_B=0.132 D_A(real)=0.82 D_A(fake)=0.18 gnG=32.22 gnD=12.89 it_per_s=9.78
2026-10-02 17:24:43,767 INFO iter=234600 epoch=34 lr=6.67e-05 G=3.663 advA2B=0.583 advB2A=0.696 cycA=0.075 cycB=0.092 idtA=0.058 idtB=0.085 D_A=0.096 D_B=0.132 D_A(real)=0.82 D_A(fake)=0.18 gnG=32.29 gnD=12.87 it_per_s=9.78
2026-10-02 17:24:53,936 INFO iter=234700 epoch=34 lr=6.65e-05 G=3.660 advA2B=0.582 advB2A=0.696 cycA=0.075 cycB=0.092 idtA=0.058 idtB=0.085 D_A=0.096 D_B=0.132 D_A(real)=0.82 D_A(fake)=0.18 gnG=32.26 gnD=12.89 it_per_s=9.78
2026-10-02 17:25:04,140 INFO iter=234800 epoch=34 lr=6.64e-05 G=3.666 advA2B=0.586 advB2A=0.698 cycA=0.075 cycB=0.092 idtA=0.058 idtB=0.085 D_A=0.095 D_B=0.132 D_A(real)=0.82 D_A(fake)=0.18 gnG=32.38 gnD=12.89 it_per_s=9.78
2026-10-02 17:25:14,317 INFO iter=234900 epoch=34 lr=6.62e-05 G=3.666 advA2B=0.585 advB2A=0.699 cycA=0.075 cycB=0.092 idtA=0.058 idtB=0.085 D_A=0.095 D_B=0.132 D_A(real)=0.82 D_A(fake)=0.18 gnG=32.43 gnD=12.87 it_per_s=9.78
2026-10-02 17:25:24,437 INFO iter=235000 epoch=34 lr=6.61e-05 G=3.666 advA2B=0.584 advB2A=0.701 cycA=0.075 cycB=0.092 idtA=0.058 idtB=0.085 D_A=0.095 D_B=0.132 D_A(real)=0.82 D_A(fake)=0.18 gnG=32.48 gnD=12.87 it_per_s=9.79
2026-10-02 17:25:34,555 INFO iter=235100 epoch=34 lr=6.60e-05 G=3.664 advA2B=0.583 advB2A=0.702 cycA=0.075 cycB=0.091 idtA=0.058 idtB=0.084 D_A=0.094 D_B=0.132 D_A(real)=0.82 D_A(fake)=0.18 gnG=32.54 gnD=12.87 it_per_s=9.79
2026-10-02 17:25:44,676 INFO iter=235200 epoch=34 lr=6.58e-05 G=3.663 advA2B=0.583 advB2A=0.704 cycA=0.075 cycB=0.091 idtA=0.058 idtB=0.084 D_A=0.094 D_B=0.132 D_A(real)=0.82 D_A(fake)=0.18 gnG=32.51 gnD=12.88 it_per_s=9.79
2026-10-02 17:25:54,839 INFO iter=235300 epoch=34 lr=6.57e-05 G=3.662 advA2B=0.582 advB2A=0.704 cycA=0.075 cycB=0.091 idtA=0.058 idtB=0.084 D_A=0.094 D_B=0.132 D_A(real)=0.82 D_A(fake)=0.18 gnG=32.43 gnD=12.88 it_per_s=9.80
2026-10-02 17:26:05,048 INFO iter=235400 epoch=34 lr=6.55e-05 G=3.659 advA2B=0.582 advB2A=0.703 cycA=0.075 cycB=0.091 idtA=0.058 idtB=0.084 D_A=0.094 D_B=0.132 D_A(real)=0.82 D_A(fake)=0.18 gnG=32.40 gnD=12.89 it_per_s=9.80
2026-10-02 17:26:15,275 INFO iter=235500 epoch=34 lr=6.54e-05 G=3.658 advA2B=0.583 advB2A=0.702 cycA=0.075 cycB=0.091 idtA=0.058 idtB=0.084 D_A=0.094 D_B=0.132 D_A(real)=0.82 D_A(fake)=0.18 gnG=32.34 gnD=12.89 it_per_s=9.80
2026-10-02 17:26:25,411 INFO iter=235600 epoch=34 lr=6.52e-05 G=3.655 advA2B=0.582 advB2A=0.702 cycA=0.075 cycB=0.091 idtA=0.058 idtB=0.084 D_A=0.094 D_B=0.132 D_A(real)=0.82 D_A(fake)=0.18 gnG=32.28 gnD=12.87 it_per_s=9.80
2026-10-02 17:26:35,567 INFO iter=235700 epoch=34 lr=6.51e-05 G=3.655 advA2B=0.582 advB2A=0.703 cycA=0.075 cycB=0.091 idtA=0.058 idtB=0.084 D_A=0.094 D_B=0.133 D_A(real)=0.82 D_A(fake)=0.18 gnG=32.25 gnD=12.87 it_per_s=9.80
2026-10-02 17:26:45,749 INFO iter=235800 epoch=34 lr=6.50e-05 G=3.654 advA2B=0.582 advB2A=0.703 cycA=0.075 cycB=0.091 idtA=0.058 idtB=0.084 D_A=0.094 D_B=0.132 D_A(real)=0.82 D_A(fake)=0.18 gnG=32.23 gnD=12.86 it_per_s=9.80
2026-10-02 17:26:55,906 INFO iter=235900 epoch=34 lr=6.48e-05 G=3.652 advA2B=0.580 advB2A=0.702 cycA=0.075 cycB=0.091 idtA=0.058 idtB=0.084 D_A=0.094 D_B=0.133 D_A(real)=0.82 D_A(fake)=0.18 gnG=32.18 gnD=12.86 it_per_s=9.80
2026-10-02 17:27:06,046 INFO iter=236000 epoch=34 lr=6.47e-05 G=3.656 advA2B=0.581 advB2A=0.703 cycA=0.075 cycB=0.091 idtA=0.058 idtB=0.084 D_A=0.094 D_B=0.132 D_A(real)=0.82 D_A(fake)=0.18 gnG=32.34 gnD=12.86 it_per_s=9.80
2026-10-02 17:27:16,229 INFO iter=236100 epoch=34 lr=6.45e-05 G=3.654 advA2B=0.581 advB2A=0.703 cycA=0.075 cycB=0.091 idtA=0.058 idtB=0.084 D_A=0.094 D_B=0.133 D_A(real)=0.82 D_A(fake)=0.18 gnG=32.29 gnD=12.86 it_per_s=9.80
2026-10-02 17:27:26,375 INFO iter=236200 epoch=34 lr=6.44e-05 G=3.652 advA2B=0.580 advB2A=0.702 cycA=0.075 cycB=0.091 idtA=0.058 idtB=0.084 D_A=0.094 D_B=0.133 D_A(real)=0.82 D_A(fake)=0.18 gnG=32.21 gnD=12.86 it_per_s=9.80
2026-10-02 17:27:36,465 INFO iter=236300 epoch=34 lr=6.43e-05 G=3.651 advA2B=0.579 advB2A=0.702 cycA=0.075 cycB=0.091 idtA=0.058 idtB=0.084 D_A=0.094 D_B=0.133 D_A(real)=0.82 D_A(fake)=0.18 gnG=32.21 gnD=12.88 it_per_s=9.81
2026-10-02 17:27:46,616 INFO iter=236400 epoch=34 lr=6.41e-05 G=3.649 advA2B=0.580 advB2A=0.700 cycA=0.075 cycB=0.091 idtA=0.058 idtB=0.084 D_A=0.094 D_B=0.133 D_A(real)=0.82 D_A(fake)=0.18 gnG=32.19 gnD=12.88 it_per_s=9.81
2026-10-02 17:27:56,800 INFO iter=236500 epoch=34 lr=6.40e-05 G=3.650 advA2B=0.580 advB2A=0.701 cycA=0.075 cycB=0.091 idtA=0.058 idtB=0.083 D_A=0.093 D_B=0.133 D_A(real)=0.82 D_A(fake)=0.18 gnG=32.14 gnD=12.88 it_per_s=9.81
2026-10-02 17:28:06,942 INFO iter=236600 epoch=34 lr=6.38e-05 G=3.649 advA2B=0.579 advB2A=0.702 cycA=0.075 cycB=0.091 idtA=0.058 idtB=0.083 D_A=0.093 D_B=0.133 D_A(real)=0.82 D_A(fake)=0.18 gnG=32.14 gnD=12.88 it_per_s=9.81
2026-10-02 17:28:17,108 INFO iter=236700 epoch=34 lr=6.37e-05 G=3.648 advA2B=0.578 advB2A=0.702 cycA=0.075 cycB=0.091 idtA=0.058 idtB=0.083 D_A=0.093 D_B=0.133 D_A(real)=0.82 D_A(fake)=0.18 gnG=32.21 gnD=12.87 it_per_s=9.81
2026-10-02 17:28:27,268 INFO iter=236800 epoch=34 lr=6.35e-05 G=3.648 advA2B=0.578 advB2A=0.702 cycA=0.075 cycB=0.091 idtA=0.058 idtB=0.083 D_A=0.093 D_B=0.133 D_A(real)=0.82 D_A(fake)=0.18 gnG=32.24 gnD=12.87 it_per_s=9.81
2026-10-02 17:28:37,434 INFO iter=236900 epoch=34 lr=6.34e-05 G=3.645 advA2B=0.578 advB2A=0.702 cycA=0.075 cycB=0.091 idtA=0.058 idtB=0.083 D_A=0.093 D_B=0.133 D_A(real)=0.82 D_A(fake)=0.18 gnG=32.18 gnD=12.88 it_per_s=9.81
2026-10-02 17:28:47,617 INFO iter=237000 epoch=34 lr=6.33e-05 G=3.648 advA2B=0.578 advB2A=0.703 cycA=0.075 cycB=0.091 idtA=0.058 idtB=0.083 D_A=0.093 D_B=0.133 D_A(real)=0.82 D_A(fake)=0.18 gnG=32.15 gnD=12.89 it_per_s=9.81
2026-10-02 17:28:57,817 INFO iter=237100 epoch=34 lr=6.31e-05 G=3.648 advA2B=0.577 advB2A=0.704 cycA=0.075 cycB=0.091 idtA=0.058 idtB=0.083 D_A=0.093 D_B=0.133 D_A(real)=0.82 D_A(fake)=0.18 gnG=32.12 gnD=12.89 it_per_s=9.81
2026-10-02 17:29:08,171 INFO iter=237200 epoch=34 lr=6.30e-05 G=3.650 advA2B=0.578 advB2A=0.704 cycA=0.075 cycB=0.091 idtA=0.058 idtB=0.084 D_A=0.093 D_B=0.133 D_A(real)=0.82 D_A(fake)=0.18 gnG=32.17 gnD=12.89 it_per_s=9.81
2026-10-02 17:29:18,316 INFO iter=237300 epoch=34 lr=6.28e-05 G=3.648 advA2B=0.578 advB2A=0.704 cycA=0.075 cycB=0.091 idtA=0.058 idtB=0.083 D_A=0.093 D_B=0.133 D_A(real)=0.82 D_A(fake)=0.18 gnG=32.15 gnD=12.88 it_per_s=9.81
2026-10-02 17:29:28,503 INFO iter=237400 epoch=34 lr=6.27e-05 G=3.648 advA2B=0.578 advB2A=0.704 cycA=0.075 cycB=0.091 idtA=0.058 idtB=0.083 D_A=0.093 D_B=0.132 D_A(real)=0.82 D_A(fake)=0.18 gnG=32.15 gnD=12.87 it_per_s=9.81
2026-10-02 17:29:38,714 INFO iter=237500 epoch=34 lr=6.25e-05 G=3.651 advA2B=0.581 advB2A=0.705 cycA=0.075 cycB=0.091 idtA=0.058 idtB=0.084 D_A=0.093 D_B=0.132 D_A(real)=0.82 D_A(fake)=0.18 gnG=32.46 gnD=12.86 it_per_s=9.81
2026-10-02 17:29:48,848 INFO iter=237600 epoch=34 lr=6.24e-05 G=3.655 advA2B=0.584 advB2A=0.705 cycA=0.075 cycB=0.091 idtA=0.058 idtB=0.084 D_A=0.093 D_B=0.132 D_A(real)=0.82 D_A(fake)=0.18 gnG=32.60 gnD=12.86 it_per_s=9.81
2026-10-02 17:29:59,062 INFO iter=237700 epoch=34 lr=6.23e-05 G=3.658 advA2B=0.586 advB2A=0.706 cycA=0.075 cycB=0.091 idtA=0.058 idtB=0.084 D_A=0.093 D_B=0.132 D_A(real)=0.82 D_A(fake)=0.18 gnG=32.83 gnD=12.85 it_per_s=9.81
2026-10-02 17:30:09,251 INFO iter=237800 epoch=34 lr=6.21e-05 G=3.662 advA2B=0.586 advB2A=0.705 cycA=0.075 cycB=0.091 idtA=0.058 idtB=0.084 D_A=0.093 D_B=0.132 D_A(real)=0.82 D_A(fake)=0.18 gnG=32.80 gnD=12.83 it_per_s=9.81
2026-10-02 17:30:19,402 INFO iter=237900 epoch=34 lr=6.20e-05 G=3.666 advA2B=0.588 advB2A=0.706 cycA=0.075 cycB=0.091 idtA=0.058 idtB=0.084 D_A=0.093 D_B=0.131 D_A(real)=0.82 D_A(fake)=0.18 gnG=32.99 gnD=12.81 it_per_s=9.81
2026-10-02 17:30:29,552 INFO iter=238000 epoch=34 lr=6.18e-05 G=3.669 advA2B=0.589 advB2A=0.706 cycA=0.075 cycB=0.091 idtA=0.058 idtB=0.084 D_A=0.093 D_B=0.131 D_A(real)=0.82 D_A(fake)=0.18 gnG=33.22 gnD=12.80 it_per_s=9.81
2026-10-02 17:30:39,712 INFO iter=238100 epoch=34 lr=6.17e-05 G=3.672 advA2B=0.591 advB2A=0.706 cycA=0.075 cycB=0.091 idtA=0.058 idtB=0.084 D_A=0.093 D_B=0.131 D_A(real)=0.82 D_A(fake)=0.18 gnG=33.49 gnD=12.80 it_per_s=9.81
2026-10-02 17:30:49,811 INFO iter=238200 epoch=34 lr=6.16e-05 G=3.674 advA2B=0.593 advB2A=0.706 cycA=0.075 cycB=0.091 idtA=0.058 idtB=0.084 D_A=0.093 D_B=0.130 D_A(real)=0.82 D_A(fake)=0.18 gnG=33.54 gnD=12.77 it_per_s=9.81
2026-10-02 17:31:00,006 INFO iter=238300 epoch=34 lr=6.14e-05 G=3.676 advA2B=0.595 advB2A=0.707 cycA=0.075 cycB=0.091 idtA=0.058 idtB=0.084 D_A=0.093 D_B=0.130 D_A(real)=0.82 D_A(fake)=0.18 gnG=33.74 gnD=12.76 it_per_s=9.81
2026-10-02 17:31:10,122 INFO iter=238400 epoch=34 lr=6.13e-05 G=3.680 advA2B=0.597 advB2A=0.708 cycA=0.075 cycB=0.091 idtA=0.058 idtB=0.084 D_A=0.093 D_B=0.130 D_A(real)=0.82 D_A(fake)=0.18 gnG=34.09 gnD=12.75 it_per_s=9.81
2026-10-02 17:31:20,307 INFO iter=238500 epoch=34 lr=6.11e-05 G=3.680 advA2B=0.598 advB2A=0.707 cycA=0.075 cycB=0.091 idtA=0.058 idtB=0.084 D_A=0.093 D_B=0.130 D_A(real)=0.82 D_A(fake)=0.18 gnG=34.12 gnD=12.74 it_per_s=9.81
2026-10-02 17:31:30,412 INFO iter=238600 epoch=34 lr=6.10e-05 G=3.684 advA2B=0.599 advB2A=0.708 cycA=0.075 cycB=0.092 idtA=0.058 idtB=0.084 D_A=0.093 D_B=0.130 D_A(real)=0.82 D_A(fake)=0.18 gnG=34.20 gnD=12.71 it_per_s=9.82
2026-10-02 17:31:40,516 INFO iter=238700 epoch=34 lr=6.08e-05 G=3.686 advA2B=0.600 advB2A=0.708 cycA=0.075 cycB=0.091 idtA=0.058 idtB=0.084 D_A=0.093 D_B=0.129 D_A(real)=0.82 D_A(fake)=0.18 gnG=34.31 gnD=12.71 it_per_s=9.82
2026-10-02 17:31:50,666 INFO iter=238800 epoch=34 lr=6.07e-05 G=3.689 advA2B=0.602 advB2A=0.708 cycA=0.075 cycB=0.091 idtA=0.058 idtB=0.084 D_A=0.093 D_B=0.129 D_A(real)=0.82 D_A(fake)=0.18 gnG=34.39 gnD=12.70 it_per_s=9.82
2026-10-02 17:32:00,755 INFO iter=238900 epoch=34 lr=6.06e-05 G=3.690 advA2B=0.604 advB2A=0.708 cycA=0.075 cycB=0.092 idtA=0.058 idtB=0.084 D_A=0.093 D_B=0.129 D_A(real)=0.82 D_A(fake)=0.18 gnG=34.54 gnD=12.69 it_per_s=9.82
2026-10-02 17:32:10,893 INFO iter=239000 epoch=34 lr=6.04e-05 G=3.692 advA2B=0.605 advB2A=0.707 cycA=0.075 cycB=0.092 idtA=0.058 idtB=0.085 D_A=0.093 D_B=0.129 D_A(real)=0.82 D_A(fake)=0.18 gnG=34.62 gnD=12.68 it_per_s=9.82
2026-10-02 17:32:21,041 INFO iter=239100 epoch=34 lr=6.03e-05 G=3.695 advA2B=0.606 advB2A=0.708 cycA=0.075 cycB=0.092 idtA=0.058 idtB=0.085 D_A=0.093 D_B=0.129 D_A(real)=0.82 D_A(fake)=0.18 gnG=34.78 gnD=12.68 it_per_s=9.82
2026-10-02 17:32:31,188 INFO iter=239200 epoch=34 lr=6.01e-05 G=3.698 advA2B=0.608 advB2A=0.708 cycA=0.075 cycB=0.092 idtA=0.058 idtB=0.085 D_A=0.093 D_B=0.128 D_A(real)=0.82 D_A(fake)=0.18 gnG=35.00 gnD=12.67 it_per_s=9.82
2026-10-02 17:32:40,549 INFO epoch=34 done time_s=717 it_per_s=9.82 G=3.697 cycA=0.075 cycB=0.092 idtA=0.058 idtB=0.085 D_A=0.093 D_B=0.128 D_A(real)=0.82 D_A(fake)=0.18 nan_count=0
2026-10-02 17:32:41,970 INFO iter=239300 epoch=35 lr=6.00e-05 G=4.070 advA2B=0.794 advB2A=0.601 cycA=0.075 cycB=0.109 idtA=0.057 idtB=0.109 D_A=0.098 D_B=0.135 D_A(real)=0.83 D_A(fake)=0.24 gnG=30.51 gnD=12.76 it_per_s=9.58
2026-10-02 17:32:52,189 INFO iter=239400 epoch=35 lr=5.98e-05 G=3.631 advA2B=0.592 advB2A=0.766 cycA=0.071 cycB=0.088 idtA=0.055 idtB=0.081 D_A=0.080 D_B=0.130 D_A(real)=0.83 D_A(fake)=0.17 gnG=32.92 gnD=12.33 it_per_s=9.77
2026-10-02 17:33:02,452 INFO iter=239500 epoch=35 lr=5.97e-05 G=3.667 advA2B=0.568 advB2A=0.785 cycA=0.073 cycB=0.089 idtA=0.055 idtB=0.083 D_A=0.082 D_B=0.120 D_A(real)=0.83 D_A(fake)=0.17 gnG=33.12 gnD=12.08 it_per_s=9.76
2026-10-02 17:33:12,606 INFO iter=239600 epoch=35 lr=5.96e-05 G=3.640 advA2B=0.564 advB2A=0.753 cycA=0.074 cycB=0.089 idtA=0.057 idtB=0.082 D_A=0.086 D_B=0.123 D_A(real)=0.83 D_A(fake)=0.17 gnG=32.82 gnD=12.62 it_per_s=9.79
2026-10-02 17:33:22,890 INFO iter=239700 epoch=35 lr=5.94e-05 G=3.635 advA2B=0.568 advB2A=0.745 cycA=0.073 cycB=0.090 idtA=0.056 idtB=0.082 D_A=0.086 D_B=0.121 D_A(real)=0.83 D_A(fake)=0.17 gnG=32.81 gnD=12.44 it_per_s=9.77
2026-10-02 17:33:33,071 INFO iter=239800 epoch=35 lr=5.93e-05 G=3.647 advA2B=0.575 advB2A=0.735 cycA=0.073 cycB=0.091 idtA=0.056 idtB=0.083 D_A=0.088 D_B=0.122 D_A(real)=0.82 D_A(fake)=0.18 gnG=33.04 gnD=12.58 it_per_s=9.78
2026-10-02 17:33:43,255 INFO iter=239900 epoch=35 lr=5.91e-05 G=3.640 advA2B=0.581 advB2A=0.720 cycA=0.073 cycB=0.092 idtA=0.056 idtB=0.083 D_A=0.089 D_B=0.124 D_A(real)=0.82 D_A(fake)=0.18 gnG=33.52 gnD=12.67 it_per_s=9.79
2026-10-02 17:33:53,470 INFO iter=240000 epoch=35 lr=5.90e-05 G=3.636 advA2B=0.579 advB2A=0.718 cycA=0.072 cycB=0.092 idtA=0.056 idtB=0.084 D_A=0.091 D_B=0.126 D_A(real)=0.82 D_A(fake)=0.18 gnG=33.23 gnD=12.92 it_per_s=9.79
2026-10-02 17:34:03,657 INFO iter=240100 epoch=35 lr=5.89e-05 G=3.633 advA2B=0.583 advB2A=0.718 cycA=0.072 cycB=0.091 idtA=0.055 idtB=0.084 D_A=0.091 D_B=0.126 D_A(real)=0.82 D_A(fake)=0.18 gnG=32.96 gnD=12.88 it_per_s=9.79
2026-10-02 17:34:13,863 INFO iter=240200 epoch=35 lr=5.87e-05 G=3.629 advA2B=0.584 advB2A=0.717 cycA=0.072 cycB=0.091 idtA=0.056 idtB=0.084 D_A=0.090 D_B=0.127 D_A(real)=0.82 D_A(fake)=0.18 gnG=32.77 gnD=12.81 it_per_s=9.79
2026-10-02 17:34:24,137 INFO iter=240300 epoch=35 lr=5.86e-05 G=3.620 advA2B=0.579 advB2A=0.714 cycA=0.072 cycB=0.091 idtA=0.056 idtB=0.083 D_A=0.090 D_B=0.127 D_A(real)=0.82 D_A(fake)=0.18 gnG=32.46 gnD=12.79 it_per_s=9.79
2026-10-02 17:34:34,253 INFO iter=240400 epoch=35 lr=5.84e-05 G=3.622 advA2B=0.582 advB2A=0.714 cycA=0.073 cycB=0.091 idtA=0.056 idtB=0.083 D_A=0.090 D_B=0.127 D_A(real)=0.82 D_A(fake)=0.18 gnG=32.78 gnD=12.82 it_per_s=9.79
2026-10-02 17:34:44,398 INFO iter=240500 epoch=35 lr=5.83e-05 G=3.623 advA2B=0.581 advB2A=0.709 cycA=0.073 cycB=0.091 idtA=0.056 idtB=0.083 D_A=0.091 D_B=0.128 D_A(real)=0.82 D_A(fake)=0.18 gnG=32.81 gnD=12.85 it_per_s=9.80
2026-10-02 17:34:54,584 INFO iter=240600 epoch=35 lr=5.81e-05 G=3.626 advA2B=0.583 advB2A=0.711 cycA=0.073 cycB=0.091 idtA=0.056 idtB=0.083 D_A=0.091 D_B=0.128 D_A(real)=0.82 D_A(fake)=0.18 gnG=32.78 gnD=12.84 it_per_s=9.80
2026-10-02 17:35:04,766 INFO iter=240700 epoch=35 lr=5.80e-05 G=3.623 advA2B=0.583 advB2A=0.712 cycA=0.073 cycB=0.090 idtA=0.056 idtB=0.082 D_A=0.090 D_B=0.128 D_A(real)=0.82 D_A(fake)=0.18 gnG=32.82 gnD=12.88 it_per_s=9.80
2026-10-02 17:35:14,966 INFO iter=240800 epoch=35 lr=5.79e-05 G=3.618 advA2B=0.580 advB2A=0.713 cycA=0.073 cycB=0.090 idtA=0.056 idtB=0.082 D_A=0.090 D_B=0.129 D_A(real)=0.82 D_A(fake)=0.18 gnG=32.71 gnD=12.85 it_per_s=9.80
2026-10-02 17:35:25,160 INFO iter=240900 epoch=35 lr=5.77e-05 G=3.616 advA2B=0.582 advB2A=0.712 cycA=0.073 cycB=0.090 idtA=0.056 idtB=0.082 D_A=0.091 D_B=0.130 D_A(real)=0.82 D_A(fake)=0.18 gnG=32.71 gnD=12.88 it_per_s=9.80
2026-10-02 17:35:35,311 INFO iter=241000 epoch=35 lr=5.76e-05 G=3.622 advA2B=0.584 advB2A=0.714 cycA=0.073 cycB=0.090 idtA=0.056 idtB=0.082 D_A=0.091 D_B=0.129 D_A(real)=0.82 D_A(fake)=0.18 gnG=32.87 gnD=12.88 it_per_s=9.81
2026-10-02 17:35:45,460 INFO iter=241100 epoch=35 lr=5.74e-05 G=3.611 advA2B=0.580 advB2A=0.711 cycA=0.073 cycB=0.090 idtA=0.056 idtB=0.082 D_A=0.091 D_B=0.129 D_A(real)=0.82 D_A(fake)=0.18 gnG=32.82 gnD=12.88 it_per_s=9.81
2026-10-02 17:35:55,615 INFO iter=241200 epoch=35 lr=5.73e-05 G=3.610 advA2B=0.580 advB2A=0.714 cycA=0.073 cycB=0.090 idtA=0.056 idtB=0.082 D_A=0.092 D_B=0.130 D_A(real)=0.82 D_A(fake)=0.18 gnG=32.85 gnD=12.91 it_per_s=9.81
2026-10-02 17:36:05,822 INFO iter=241300 epoch=35 lr=5.71e-05 G=3.605 advA2B=0.577 advB2A=0.712 cycA=0.073 cycB=0.090 idtA=0.056 idtB=0.082 D_A=0.091 D_B=0.130 D_A(real)=0.82 D_A(fake)=0.18 gnG=32.80 gnD=12.93 it_per_s=9.81
2026-10-02 17:36:16,023 INFO iter=241400 epoch=35 lr=5.70e-05 G=3.614 advA2B=0.582 advB2A=0.712 cycA=0.073 cycB=0.090 idtA=0.056 idtB=0.082 D_A=0.091 D_B=0.131 D_A(real)=0.82 D_A(fake)=0.18 gnG=32.93 gnD=12.97 it_per_s=9.81
2026-10-02 17:36:26,191 INFO iter=241500 epoch=35 lr=5.69e-05 G=3.618 advA2B=0.583 advB2A=0.710 cycA=0.073 cycB=0.090 idtA=0.056 idtB=0.082 D_A=0.091 D_B=0.130 D_A(real)=0.82 D_A(fake)=0.18 gnG=33.01 gnD=12.98 it_per_s=9.81
2026-10-02 17:36:36,356 INFO iter=241600 epoch=35 lr=5.67e-05 G=3.617 advA2B=0.583 advB2A=0.709 cycA=0.073 cycB=0.090 idtA=0.056 idtB=0.082 D_A=0.091 D_B=0.131 D_A(real)=0.82 D_A(fake)=0.18 gnG=32.89 gnD=12.98 it_per_s=9.81
2026-10-02 17:36:46,580 INFO iter=241700 epoch=35 lr=5.66e-05 G=3.619 advA2B=0.583 advB2A=0.708 cycA=0.073 cycB=0.090 idtA=0.056 idtB=0.083 D_A=0.091 D_B=0.131 D_A(real)=0.82 D_A(fake)=0.18 gnG=32.88 gnD=12.95 it_per_s=9.81
2026-10-02 17:36:56,734 INFO iter=241800 epoch=35 lr=5.64e-05 G=3.618 advA2B=0.584 advB2A=0.706 cycA=0.073 cycB=0.090 idtA=0.056 idtB=0.083 D_A=0.092 D_B=0.131 D_A(real)=0.82 D_A(fake)=0.18 gnG=32.84 gnD=12.97 it_per_s=9.81
2026-10-02 17:37:06,872 INFO iter=241900 epoch=35 lr=5.63e-05 G=3.614 advA2B=0.583 advB2A=0.707 cycA=0.073 cycB=0.090 idtA=0.056 idtB=0.083 D_A=0.091 D_B=0.131 D_A(real)=0.82 D_A(fake)=0.18 gnG=32.92 gnD=12.96 it_per_s=9.81
2026-10-02 17:37:17,043 INFO iter=242000 epoch=35 lr=5.62e-05 G=3.615 advA2B=0.583 advB2A=0.706 cycA=0.073 cycB=0.090 idtA=0.056 idtB=0.083 D_A=0.091 D_B=0.131 D_A(real)=0.82 D_A(fake)=0.18 gnG=33.03 gnD=12.97 it_per_s=9.81
2026-10-02 17:37:27,223 INFO iter=242100 epoch=35 lr=5.60e-05 G=3.614 advA2B=0.582 advB2A=0.707 cycA=0.073 cycB=0.090 idtA=0.056 idtB=0.083 D_A=0.091 D_B=0.131 D_A(real)=0.82 D_A(fake)=0.18 gnG=32.99 gnD=12.97 it_per_s=9.82
2026-10-02 17:37:37,362 INFO iter=242200 epoch=35 lr=5.59e-05 G=3.611 advA2B=0.581 advB2A=0.708 cycA=0.073 cycB=0.090 idtA=0.056 idtB=0.083 D_A=0.091 D_B=0.131 D_A(real)=0.82 D_A(fake)=0.18 gnG=33.07 gnD=13.00 it_per_s=9.82
2026-10-02 17:37:47,510 INFO iter=242300 epoch=35 lr=5.57e-05 G=3.613 advA2B=0.580 advB2A=0.710 cycA=0.073 cycB=0.090 idtA=0.056 idtB=0.083 D_A=0.091 D_B=0.131 D_A(real)=0.82 D_A(fake)=0.18 gnG=32.98 gnD=13.02 it_per_s=9.82
2026-10-02 17:37:57,675 INFO iter=242400 epoch=35 lr=5.56e-05 G=3.616 advA2B=0.580 advB2A=0.710 cycA=0.073 cycB=0.090 idtA=0.056 idtB=0.083 D_A=0.091 D_B=0.131 D_A(real)=0.82 D_A(fake)=0.18 gnG=32.94 gnD=13.00 it_per_s=9.82
2026-10-02 17:38:07,843 INFO iter=242500 epoch=35 lr=5.54e-05 G=3.619 advA2B=0.580 advB2A=0.710 cycA=0.073 cycB=0.090 idtA=0.056 idtB=0.083 D_A=0.092 D_B=0.131 D_A(real)=0.82 D_A(fake)=0.18 gnG=32.98 gnD=13.04 it_per_s=9.82
2026-10-02 17:38:18,020 INFO iter=242600 epoch=35 lr=5.53e-05 G=3.616 advA2B=0.579 advB2A=0.710 cycA=0.073 cycB=0.090 idtA=0.056 idtB=0.083 D_A=0.092 D_B=0.131 D_A(real)=0.82 D_A(fake)=0.18 gnG=33.00 gnD=13.05 it_per_s=9.82
2026-10-02 17:38:28,200 INFO iter=242700 epoch=35 lr=5.52e-05 G=3.619 advA2B=0.580 advB2A=0.711 cycA=0.073 cycB=0.090 idtA=0.056 idtB=0.083 D_A=0.092 D_B=0.131 D_A(real)=0.82 D_A(fake)=0.18 gnG=33.08 gnD=13.03 it_per_s=9.82
2026-10-02 17:38:38,405 INFO iter=242800 epoch=35 lr=5.50e-05 G=3.616 advA2B=0.578 advB2A=0.711 cycA=0.073 cycB=0.090 idtA=0.056 idtB=0.083 D_A=0.091 D_B=0.132 D_A(real)=0.82 D_A(fake)=0.18 gnG=33.10 gnD=13.03 it_per_s=9.82
2026-10-02 17:38:48,637 INFO iter=242900 epoch=35 lr=5.49e-05 G=3.618 advA2B=0.579 advB2A=0.712 cycA=0.073 cycB=0.090 idtA=0.056 idtB=0.083 D_A=0.091 D_B=0.132 D_A(real)=0.82 D_A(fake)=0.18 gnG=33.11 gnD=13.02 it_per_s=9.82
2026-10-02 17:38:58,847 INFO iter=243000 epoch=35 lr=5.47e-05 G=3.621 advA2B=0.580 advB2A=0.714 cycA=0.074 cycB=0.090 idtA=0.056 idtB=0.083 D_A=0.091 D_B=0.131 D_A(real)=0.82 D_A(fake)=0.18 gnG=33.10 gnD=13.04 it_per_s=9.82
2026-10-02 17:39:09,060 INFO iter=243100 epoch=35 lr=5.46e-05 G=3.619 advA2B=0.580 advB2A=0.714 cycA=0.074 cycB=0.090 idtA=0.056 idtB=0.083 D_A=0.091 D_B=0.131 D_A(real)=0.82 D_A(fake)=0.18 gnG=33.06 gnD=13.03 it_per_s=9.82
2026-10-02 17:39:19,241 INFO iter=243200 epoch=35 lr=5.44e-05 G=3.621 advA2B=0.581 advB2A=0.714 cycA=0.074 cycB=0.090 idtA=0.056 idtB=0.083 D_A=0.091 D_B=0.131 D_A(real)=0.82 D_A(fake)=0.18 gnG=33.11 gnD=13.05 it_per_s=9.82
2026-10-02 17:39:29,422 INFO iter=243300 epoch=35 lr=5.43e-05 G=3.621 advA2B=0.581 advB2A=0.714 cycA=0.074 cycB=0.090 idtA=0.056 idtB=0.083 D_A=0.091 D_B=0.131 D_A(real)=0.82 D_A(fake)=0.18 gnG=33.12 gnD=13.07 it_per_s=9.82
2026-10-02 17:39:39,661 INFO iter=243400 epoch=35 lr=5.42e-05 G=3.624 advA2B=0.583 advB2A=0.714 cycA=0.074 cycB=0.090 idtA=0.056 idtB=0.083 D_A=0.091 D_B=0.131 D_A(real)=0.82 D_A(fake)=0.18 gnG=33.12 gnD=13.06 it_per_s=9.82
2026-10-02 17:39:49,825 INFO iter=243500 epoch=35 lr=5.40e-05 G=3.625 advA2B=0.582 advB2A=0.715 cycA=0.074 cycB=0.090 idtA=0.056 idtB=0.083 D_A=0.091 D_B=0.131 D_A(real)=0.82 D_A(fake)=0.18 gnG=33.19 gnD=13.06 it_per_s=9.82
2026-10-02 17:40:00,073 INFO iter=243600 epoch=35 lr=5.39e-05 G=3.622 advA2B=0.583 advB2A=0.715 cycA=0.074 cycB=0.089 idtA=0.056 idtB=0.082 D_A=0.091 D_B=0.131 D_A(real)=0.82 D_A(fake)=0.18 gnG=33.16 gnD=13.04 it_per_s=9.81
2026-10-02 17:40:10,233 INFO iter=243700 epoch=35 lr=5.37e-05 G=3.623 advA2B=0.582 advB2A=0.715 cycA=0.074 cycB=0.090 idtA=0.056 idtB=0.082 D_A=0.091 D_B=0.131 D_A(real)=0.82 D_A(fake)=0.18 gnG=33.20 gnD=13.04 it_per_s=9.82
2026-10-02 17:40:20,372 INFO iter=243800 epoch=35 lr=5.36e-05 G=3.624 advA2B=0.583 advB2A=0.716 cycA=0.074 cycB=0.090 idtA=0.056 idtB=0.082 D_A=0.091 D_B=0.131 D_A(real)=0.82 D_A(fake)=0.18 gnG=33.24 gnD=13.04 it_per_s=9.82
2026-10-02 17:40:30,603 INFO iter=243900 epoch=35 lr=5.35e-05 G=3.621 advA2B=0.583 advB2A=0.714 cycA=0.074 cycB=0.089 idtA=0.056 idtB=0.082 D_A=0.090 D_B=0.131 D_A(real)=0.82 D_A(fake)=0.18 gnG=33.22 gnD=13.02 it_per_s=9.82
2026-10-02 17:40:40,789 INFO iter=244000 epoch=35 lr=5.33e-05 G=3.625 advA2B=0.582 advB2A=0.716 cycA=0.074 cycB=0.090 idtA=0.056 idtB=0.082 D_A=0.090 D_B=0.131 D_A(real)=0.82 D_A(fake)=0.18 gnG=33.26 gnD=13.03 it_per_s=9.82
2026-10-02 17:40:50,940 INFO iter=244100 epoch=35 lr=5.32e-05 G=3.628 advA2B=0.583 advB2A=0.717 cycA=0.074 cycB=0.090 idtA=0.056 idtB=0.082 D_A=0.090 D_B=0.131 D_A(real)=0.82 D_A(fake)=0.18 gnG=33.32 gnD=13.03 it_per_s=9.82
2026-10-02 17:41:01,125 INFO iter=244200 epoch=35 lr=5.30e-05 G=3.627 advA2B=0.582 advB2A=0.717 cycA=0.074 cycB=0.090 idtA=0.056 idtB=0.082 D_A=0.090 D_B=0.131 D_A(real)=0.82 D_A(fake)=0.18 gnG=33.28 gnD=13.04 it_per_s=9.82
2026-10-02 17:41:11,297 INFO iter=244300 epoch=35 lr=5.29e-05 G=3.627 advA2B=0.582 advB2A=0.716 cycA=0.074 cycB=0.090 idtA=0.056 idtB=0.083 D_A=0.090 D_B=0.131 D_A(real)=0.82 D_A(fake)=0.18 gnG=33.26 gnD=13.04 it_per_s=9.82
2026-10-02 17:41:21,485 INFO iter=244400 epoch=35 lr=5.27e-05 G=3.630 advA2B=0.583 advB2A=0.717 cycA=0.074 cycB=0.090 idtA=0.056 idtB=0.083 D_A=0.090 D_B=0.131 D_A(real)=0.82 D_A(fake)=0.18 gnG=33.31 gnD=13.05 it_per_s=9.82
2026-10-02 17:41:31,933 INFO iter=244500 epoch=35 lr=5.26e-05 G=3.631 advA2B=0.583 advB2A=0.718 cycA=0.074 cycB=0.090 idtA=0.056 idtB=0.083 D_A=0.090 D_B=0.132 D_A(real)=0.82 D_A(fake)=0.18 gnG=33.31 gnD=13.07 it_per_s=9.81
2026-10-02 17:41:42,140 INFO iter=244600 epoch=35 lr=5.25e-05 G=3.633 advA2B=0.583 advB2A=0.718 cycA=0.074 cycB=0.090 idtA=0.056 idtB=0.083 D_A=0.090 D_B=0.132 D_A(real)=0.82 D_A(fake)=0.18 gnG=33.30 gnD=13.06 it_per_s=9.81
2026-10-02 17:41:52,288 INFO iter=244700 epoch=35 lr=5.23e-05 G=3.632 advA2B=0.583 advB2A=0.717 cycA=0.074 cycB=0.090 idtA=0.056 idtB=0.083 D_A=0.090 D_B=0.132 D_A(real)=0.82 D_A(fake)=0.18 gnG=33.25 gnD=13.05 it_per_s=9.81
2026-10-02 17:42:02,486 INFO iter=244800 epoch=35 lr=5.22e-05 G=3.634 advA2B=0.583 advB2A=0.717 cycA=0.074 cycB=0.090 idtA=0.056 idtB=0.083 D_A=0.090 D_B=0.132 D_A(real)=0.82 D_A(fake)=0.18 gnG=33.22 gnD=13.04 it_per_s=9.81
2026-10-02 17:42:12,758 INFO iter=244900 epoch=35 lr=5.20e-05 G=3.633 advA2B=0.584 advB2A=0.717 cycA=0.074 cycB=0.090 idtA=0.056 idtB=0.083 D_A=0.090 D_B=0.132 D_A(real)=0.82 D_A(fake)=0.18 gnG=33.28 gnD=13.06 it_per_s=9.81
2026-10-02 17:42:23,003 INFO iter=245000 epoch=35 lr=5.19e-05 G=3.634 advA2B=0.584 advB2A=0.717 cycA=0.074 cycB=0.090 idtA=0.056 idtB=0.083 D_A=0.090 D_B=0.132 D_A(real)=0.82 D_A(fake)=0.18 gnG=33.37 gnD=13.05 it_per_s=9.81
2026-10-02 17:42:33,179 INFO iter=245100 epoch=35 lr=5.17e-05 G=3.638 advA2B=0.584 advB2A=0.718 cycA=0.074 cycB=0.090 idtA=0.056 idtB=0.083 D_A=0.090 D_B=0.132 D_A(real)=0.82 D_A(fake)=0.18 gnG=33.39 gnD=13.06 it_per_s=9.81
2026-10-02 17:42:43,310 INFO iter=245200 epoch=35 lr=5.16e-05 G=3.638 advA2B=0.584 advB2A=0.718 cycA=0.074 cycB=0.090 idtA=0.056 idtB=0.083 D_A=0.090 D_B=0.132 D_A(real)=0.82 D_A(fake)=0.18 gnG=33.40 gnD=13.06 it_per_s=9.81
2026-10-02 17:42:53,490 INFO iter=245300 epoch=35 lr=5.15e-05 G=3.638 advA2B=0.584 advB2A=0.718 cycA=0.074 cycB=0.090 idtA=0.056 idtB=0.083 D_A=0.090 D_B=0.132 D_A(real)=0.82 D_A(fake)=0.18 gnG=33.40 gnD=13.06 it_per_s=9.81
2026-10-02 17:43:03,672 INFO iter=245400 epoch=35 lr=5.13e-05 G=3.640 advA2B=0.584 advB2A=0.719 cycA=0.074 cycB=0.090 idtA=0.056 idtB=0.083 D_A=0.090 D_B=0.132 D_A(real)=0.82 D_A(fake)=0.18 gnG=33.44 gnD=13.06 it_per_s=9.81
2026-10-02 17:43:13,862 INFO iter=245500 epoch=35 lr=5.12e-05 G=3.638 advA2B=0.583 advB2A=0.719 cycA=0.074 cycB=0.090 idtA=0.056 idtB=0.083 D_A=0.090 D_B=0.132 D_A(real)=0.82 D_A(fake)=0.18 gnG=33.44 gnD=13.05 it_per_s=9.81
2026-10-02 17:43:24,064 INFO iter=245600 epoch=35 lr=5.10e-05 G=3.635 advA2B=0.582 advB2A=0.719 cycA=0.074 cycB=0.090 idtA=0.056 idtB=0.083 D_A=0.090 D_B=0.132 D_A(real)=0.82 D_A(fake)=0.18 gnG=33.49 gnD=13.08 it_per_s=9.81
2026-10-02 17:43:34,317 INFO iter=245700 epoch=35 lr=5.09e-05 G=3.636 advA2B=0.581 advB2A=0.720 cycA=0.074 cycB=0.090 idtA=0.056 idtB=0.083 D_A=0.089 D_B=0.132 D_A(real)=0.82 D_A(fake)=0.18 gnG=33.46 gnD=13.09 it_per_s=9.81
2026-10-02 17:43:44,463 INFO iter=245800 epoch=35 lr=5.08e-05 G=3.636 advA2B=0.581 advB2A=0.721 cycA=0.074 cycB=0.090 idtA=0.056 idtB=0.083 D_A=0.090 D_B=0.132 D_A(real)=0.82 D_A(fake)=0.18 gnG=33.49 gnD=13.08 it_per_s=9.81
2026-10-02 17:43:54,614 INFO iter=245900 epoch=35 lr=5.06e-05 G=3.636 advA2B=0.581 advB2A=0.721 cycA=0.074 cycB=0.090 idtA=0.056 idtB=0.083 D_A=0.090 D_B=0.132 D_A(real)=0.82 D_A(fake)=0.18 gnG=33.47 gnD=13.10 it_per_s=9.81
2026-10-02 17:44:04,754 INFO iter=246000 epoch=35 lr=5.05e-05 G=3.637 advA2B=0.582 advB2A=0.720 cycA=0.074 cycB=0.090 idtA=0.056 idtB=0.083 D_A=0.090 D_B=0.132 D_A(real)=0.82 D_A(fake)=0.18 gnG=33.57 gnD=13.11 it_per_s=9.81
2026-10-02 17:44:14,935 INFO iter=246100 epoch=35 lr=5.03e-05 G=3.636 advA2B=0.583 advB2A=0.720 cycA=0.074 cycB=0.090 idtA=0.056 idtB=0.083 D_A=0.090 D_B=0.132 D_A(real)=0.82 D_A(fake)=0.18 gnG=33.60 gnD=13.11 it_per_s=9.81
2026-10-02 17:44:25,143 INFO iter=246200 epoch=35 lr=5.02e-05 G=3.637 advA2B=0.583 advB2A=0.721 cycA=0.074 cycB=0.090 idtA=0.056 idtB=0.083 D_A=0.090 D_B=0.132 D_A(real)=0.82 D_A(fake)=0.18 gnG=33.59 gnD=13.11 it_per_s=9.81
2026-10-02 17:44:35,271 INFO iter=246300 epoch=35 lr=5.00e-05 G=3.637 advA2B=0.583 advB2A=0.720 cycA=0.074 cycB=0.090 idtA=0.056 idtB=0.083 D_A=0.090 D_B=0.132 D_A(real)=0.82 D_A(fake)=0.18 gnG=33.60 gnD=13.12 it_per_s=9.81
2026-10-02 17:44:38,346 INFO epoch=35 done time_s=717 it_per_s=9.81 G=3.637 cycA=0.074 cycB=0.090 idtA=0.056 idtB=0.083 D_A=0.090 D_B=0.132 D_A(real)=0.82 D_A(fake)=0.18 nan_count=0
2026-10-02 17:44:46,200 INFO iter=246400 epoch=36 lr=4.99e-05 G=3.477 advA2B=0.566 advB2A=0.692 cycA=0.071 cycB=0.085 idtA=0.054 idtB=0.078 D_A=0.093 D_B=0.140 D_A(real)=0.82 D_A(fake)=0.17 gnG=32.19 gnD=13.37 it_per_s=9.71
2026-10-02 17:44:56,407 INFO iter=246500 epoch=36 lr=4.98e-05 G=3.565 advA2B=0.601 advB2A=0.729 cycA=0.070 cycB=0.087 idtA=0.053 idtB=0.080 D_A=0.095 D_B=0.125 D_A(real)=0.82 D_A(fake)=0.18 gnG=34.14 gnD=12.84 it_per_s=9.76
2026-10-02 17:45:06,637 INFO iter=246600 epoch=36 lr=4.96e-05 G=3.615 advA2B=0.614 advB2A=0.713 cycA=0.073 cycB=0.087 idtA=0.055 idtB=0.082 D_A=0.096 D_B=0.125 D_A(real)=0.82 D_A(fake)=0.19 gnG=35.19 gnD=12.97 it_per_s=9.77
2026-10-02 17:45:17,984 INFO iter=246700 epoch=36 lr=4.95e-05 G=3.616 advA2B=0.614 advB2A=0.707 cycA=0.073 cycB=0.088 idtA=0.055 idtB=0.082 D_A=0.092 D_B=0.129 D_A(real)=0.82 D_A(fake)=0.18 gnG=35.10 gnD=13.17 it_per_s=9.49
2026-10-02 17:45:31,618 INFO iter=246800 epoch=36 lr=4.93e-05 G=3.610 advA2B=0.613 advB2A=0.700 cycA=0.073 cycB=0.088 idtA=0.055 idtB=0.082 D_A=0.092 D_B=0.126 D_A(real)=0.82 D_A(fake)=0.18 gnG=35.65 gnD=13.00 it_per_s=8.93
2026-10-02 17:45:43,186 INFO iter=246900 epoch=36 lr=4.92e-05 G=3.609 advA2B=0.606 advB2A=0.694 cycA=0.073 cycB=0.088 idtA=0.055 idtB=0.084 D_A=0.091 D_B=0.129 D_A(real)=0.82 D_A(fake)=0.18 gnG=35.38 gnD=13.09 it_per_s=8.88
2026-10-02 17:45:57,086 INFO iter=247000 epoch=36 lr=4.90e-05 G=3.587 advA2B=0.598 advB2A=0.688 cycA=0.073 cycB=0.088 idtA=0.055 idtB=0.083 D_A=0.092 D_B=0.131 D_A(real)=0.82 D_A(fake)=0.18 gnG=35.13 gnD=13.13 it_per_s=8.58
2026-10-02 17:46:08,214 INFO iter=247100 epoch=36 lr=4.89e-05 G=3.585 advA2B=0.596 advB2A=0.695 cycA=0.073 cycB=0.088 idtA=0.055 idtB=0.083 D_A=0.092 D_B=0.130 D_A(real)=0.82 D_A(fake)=0.18 gnG=35.38 gnD=13.15 it_per_s=8.63
2026-10-02 17:46:22,398 INFO iter=247200 epoch=36 lr=4.88e-05 G=3.582 advA2B=0.594 advB2A=0.696 cycA=0.073 cycB=0.088 idtA=0.055 idtB=0.083 D_A=0.091 D_B=0.131 D_A(real)=0.82 D_A(fake)=0.18 gnG=35.26 gnD=13.20 it_per_s=8.41
2026-10-02 17:46:33,592 INFO iter=247300 epoch=36 lr=4.86e-05 G=3.583 advA2B=0.590 advB2A=0.700 cycA=0.073 cycB=0.088 idtA=0.055 idtB=0.082 D_A=0.091 D_B=0.131 D_A(real)=0.82 D_A(fake)=0.18 gnG=35.25 gnD=13.22 it_per_s=8.46
2026-10-02 17:46:47,895 INFO iter=247400 epoch=36 lr=4.85e-05 G=3.587 advA2B=0.588 advB2A=0.703 cycA=0.073 cycB=0.088 idtA=0.055 idtB=0.082 D_A=0.090 D_B=0.133 D_A(real)=0.82 D_A(fake)=0.18 gnG=35.35 gnD=13.31 it_per_s=8.30
2026-10-02 17:46:59,100 INFO iter=247500 epoch=36 lr=4.83e-05 G=3.581 advA2B=0.584 advB2A=0.704 cycA=0.073 cycB=0.088 idtA=0.055 idtB=0.082 D_A=0.090 D_B=0.133 D_A(real)=0.82 D_A(fake)=0.18 gnG=35.27 gnD=13.40 it_per_s=8.35
2026-10-02 17:47:13,353 INFO iter=247600 epoch=36 lr=4.82e-05 G=3.589 advA2B=0.587 advB2A=0.708 cycA=0.073 cycB=0.088 idtA=0.055 idtB=0.082 D_A=0.089 D_B=0.133 D_A(real)=0.82 D_A(fake)=0.18 gnG=35.22 gnD=13.38 it_per_s=8.23
2026-10-02 17:47:24,361 INFO iter=247700 epoch=36 lr=4.81e-05 G=3.598 advA2B=0.587 advB2A=0.714 cycA=0.073 cycB=0.088 idtA=0.055 idtB=0.082 D_A=0.089 D_B=0.132 D_A(real)=0.82 D_A(fake)=0.18 gnG=35.21 gnD=13.37 it_per_s=8.28
2026-10-02 17:47:38,465 INFO iter=247800 epoch=36 lr=4.79e-05 G=3.604 advA2B=0.588 advB2A=0.713 cycA=0.073 cycB=0.088 idtA=0.055 idtB=0.083 D_A=0.090 D_B=0.133 D_A(real)=0.82 D_A(fake)=0.18 gnG=35.30 gnD=13.43 it_per_s=8.19
2026-10-02 17:47:49,904 INFO iter=247900 epoch=36 lr=4.78e-05 G=3.606 advA2B=0.589 advB2A=0.712 cycA=0.073 cycB=0.089 idtA=0.055 idtB=0.083 D_A=0.090 D_B=0.134 D_A(real)=0.82 D_A(fake)=0.18 gnG=35.52 gnD=13.47 it_per_s=8.22
2026-10-02 17:48:03,775 INFO iter=248000 epoch=36 lr=4.76e-05 G=3.607 advA2B=0.588 advB2A=0.715 cycA=0.073 cycB=0.088 idtA=0.055 idtB=0.082 D_A=0.090 D_B=0.133 D_A(real)=0.82 D_A(fake)=0.18 gnG=35.62 gnD=13.44 it_per_s=8.15
2026-10-02 17:48:15,389 INFO iter=248100 epoch=36 lr=4.75e-05 G=3.612 advA2B=0.591 advB2A=0.716 cycA=0.073 cycB=0.089 idtA=0.055 idtB=0.083 D_A=0.089 D_B=0.133 D_A(real)=0.82 D_A(fake)=0.18 gnG=35.64 gnD=13.43 it_per_s=8.18
2026-10-02 17:48:25,915 INFO iter=248200 epoch=36 lr=4.73e-05 G=3.612 advA2B=0.591 advB2A=0.718 cycA=0.073 cycB=0.089 idtA=0.055 idtB=0.082 D_A=0.089 D_B=0.132 D_A(real)=0.82 D_A(fake)=0.18 gnG=35.78 gnD=13.39 it_per_s=8.24
2026-10-02 17:48:36,132 INFO iter=248300 epoch=36 lr=4.72e-05 G=3.611 advA2B=0.590 advB2A=0.716 cycA=0.073 cycB=0.089 idtA=0.055 idtB=0.082 D_A=0.089 D_B=0.131 D_A(real)=0.82 D_A(fake)=0.18 gnG=35.90 gnD=13.36 it_per_s=8.31
2026-10-02 17:48:46,346 INFO iter=248400 epoch=36 lr=4.71e-05 G=3.616 advA2B=0.590 advB2A=0.717 cycA=0.073 cycB=0.089 idtA=0.055 idtB=0.082 D_A=0.089 D_B=0.132 D_A(real)=0.82 D_A(fake)=0.18 gnG=35.85 gnD=13.40 it_per_s=8.37
2026-10-02 17:48:56,525 INFO iter=248500 epoch=36 lr=4.69e-05 G=3.613 advA2B=0.588 advB2A=0.716 cycA=0.073 cycB=0.089 idtA=0.055 idtB=0.082 D_A=0.090 D_B=0.131 D_A(real)=0.82 D_A(fake)=0.18 gnG=35.85 gnD=13.41 it_per_s=8.43
2026-10-02 17:49:06,704 INFO iter=248600 epoch=36 lr=4.68e-05 G=3.610 advA2B=0.589 advB2A=0.715 cycA=0.073 cycB=0.089 idtA=0.055 idtB=0.082 D_A=0.089 D_B=0.132 D_A(real)=0.82 D_A(fake)=0.18 gnG=35.84 gnD=13.40 it_per_s=8.48
2026-10-02 17:49:16,878 INFO iter=248700 epoch=36 lr=4.66e-05 G=3.606 advA2B=0.587 advB2A=0.716 cycA=0.073 cycB=0.089 idtA=0.055 idtB=0.082 D_A=0.089 D_B=0.131 D_A(real)=0.82 D_A(fake)=0.18 gnG=35.86 gnD=13.37 it_per_s=8.53
2026-10-02 17:49:27,056 INFO iter=248800 epoch=36 lr=4.65e-05 G=3.607 advA2B=0.587 advB2A=0.717 cycA=0.073 cycB=0.089 idtA=0.055 idtB=0.082 D_A=0.089 D_B=0.132 D_A(real)=0.82 D_A(fake)=0.18 gnG=35.78 gnD=13.35 it_per_s=8.57
2026-10-02 17:49:37,243 INFO iter=248900 epoch=36 lr=4.63e-05 G=3.603 advA2B=0.587 advB2A=0.716 cycA=0.073 cycB=0.088 idtA=0.055 idtB=0.082 D_A=0.089 D_B=0.131 D_A(real)=0.82 D_A(fake)=0.18 gnG=35.69 gnD=13.35 it_per_s=8.62
2026-10-02 17:49:47,420 INFO iter=249000 epoch=36 lr=4.62e-05 G=3.610 advA2B=0.587 advB2A=0.719 cycA=0.073 cycB=0.089 idtA=0.055 idtB=0.082 D_A=0.089 D_B=0.131 D_A(real)=0.82 D_A(fake)=0.18 gnG=35.68 gnD=13.36 it_per_s=8.66
2026-10-02 17:49:57,609 INFO iter=249100 epoch=36 lr=4.61e-05 G=3.613 advA2B=0.590 advB2A=0.717 cycA=0.073 cycB=0.089 idtA=0.055 idtB=0.082 D_A=0.088 D_B=0.131 D_A(real)=0.82 D_A(fake)=0.18 gnG=35.89 gnD=13.34 it_per_s=8.69
2026-10-02 17:50:07,734 INFO iter=249200 epoch=36 lr=4.59e-05 G=3.616 advA2B=0.590 advB2A=0.719 cycA=0.073 cycB=0.089 idtA=0.055 idtB=0.082 D_A=0.088 D_B=0.131 D_A(real)=0.82 D_A(fake)=0.18 gnG=35.86 gnD=13.34 it_per_s=8.73
2026-10-02 17:50:17,887 INFO iter=249300 epoch=36 lr=4.58e-05 G=3.618 advA2B=0.591 advB2A=0.719 cycA=0.073 cycB=0.089 idtA=0.055 idtB=0.082 D_A=0.088 D_B=0.130 D_A(real)=0.82 D_A(fake)=0.18 gnG=35.89 gnD=13.33 it_per_s=8.76
2026-10-02 17:50:28,104 INFO iter=249400 epoch=36 lr=4.56e-05 G=3.615 advA2B=0.590 advB2A=0.717 cycA=0.073 cycB=0.089 idtA=0.055 idtB=0.082 D_A=0.088 D_B=0.130 D_A(real)=0.82 D_A(fake)=0.18 gnG=35.75 gnD=13.30 it_per_s=8.79
2026-10-02 17:50:38,276 INFO iter=249500 epoch=36 lr=4.55e-05 G=3.613 advA2B=0.589 advB2A=0.717 cycA=0.073 cycB=0.089 idtA=0.055 idtB=0.082 D_A=0.088 D_B=0.130 D_A(real)=0.82 D_A(fake)=0.18 gnG=35.70 gnD=13.32 it_per_s=8.82
2026-10-02 17:50:48,478 INFO iter=249600 epoch=36 lr=4.54e-05 G=3.611 advA2B=0.588 advB2A=0.717 cycA=0.073 cycB=0.089 idtA=0.055 idtB=0.082 D_A=0.088 D_B=0.130 D_A(real)=0.82 D_A(fake)=0.18 gnG=35.60 gnD=13.31 it_per_s=8.85
2026-10-02 17:50:58,585 INFO iter=249700 epoch=36 lr=4.52e-05 G=3.612 advA2B=0.589 advB2A=0.718 cycA=0.073 cycB=0.089 idtA=0.055 idtB=0.082 D_A=0.088 D_B=0.130 D_A(real)=0.82 D_A(fake)=0.18 gnG=35.63 gnD=13.29 it_per_s=8.88
2026-10-02 17:51:08,785 INFO iter=249800 epoch=36 lr=4.51e-05 G=3.610 advA2B=0.588 advB2A=0.718 cycA=0.073 cycB=0.088 idtA=0.055 idtB=0.082 D_A=0.088 D_B=0.130 D_A(real)=0.82 D_A(fake)=0.18 gnG=35.66 gnD=13.30 it_per_s=8.90
2026-10-02 17:51:18,906 INFO iter=249900 epoch=36 lr=4.49e-05 G=3.609 advA2B=0.588 advB2A=0.717 cycA=0.073 cycB=0.088 idtA=0.055 idtB=0.082 D_A=0.088 D_B=0.130 D_A(real)=0.82 D_A(fake)=0.18 gnG=35.66 gnD=13.31 it_per_s=8.93
2026-10-02 17:51:29,092 INFO iter=250000 epoch=36 lr=4.48e-05 G=3.606 advA2B=0.588 advB2A=0.717 cycA=0.073 cycB=0.088 idtA=0.055 idtB=0.082 D_A=0.088 D_B=0.130 D_A(real)=0.82 D_A(fake)=0.18 gnG=35.87 gnD=13.31 it_per_s=8.95
2026-10-02 17:51:39,294 INFO iter=250100 epoch=36 lr=4.46e-05 G=3.607 advA2B=0.589 advB2A=0.717 cycA=0.073 cycB=0.088 idtA=0.055 idtB=0.082 D_A=0.088 D_B=0.130 D_A(real)=0.82 D_A(fake)=0.18 gnG=36.16 gnD=13.33 it_per_s=8.97
2026-10-02 17:51:49,472 INFO iter=250200 epoch=36 lr=4.45e-05 G=3.606 advA2B=0.589 advB2A=0.717 cycA=0.073 cycB=0.088 idtA=0.055 idtB=0.082 D_A=0.088 D_B=0.130 D_A(real)=0.82 D_A(fake)=0.18 gnG=36.28 gnD=13.35 it_per_s=8.99
2026-10-02 17:51:59,638 INFO iter=250300 epoch=36 lr=4.44e-05 G=3.606 advA2B=0.590 advB2A=0.718 cycA=0.073 cycB=0.088 idtA=0.055 idtB=0.082 D_A=0.088 D_B=0.130 D_A(real)=0.82 D_A(fake)=0.18 gnG=36.31 gnD=13.36 it_per_s=9.01
2026-10-02 17:52:09,861 INFO iter=250400 epoch=36 lr=4.42e-05 G=3.606 advA2B=0.591 advB2A=0.717 cycA=0.073 cycB=0.088 idtA=0.055 idtB=0.082 D_A=0.088 D_B=0.130 D_A(real)=0.82 D_A(fake)=0.18 gnG=36.35 gnD=13.36 it_per_s=9.03
2026-10-02 17:52:19,980 INFO iter=250500 epoch=36 lr=4.41e-05 G=3.604 advA2B=0.591 advB2A=0.716 cycA=0.073 cycB=0.088 idtA=0.055 idtB=0.082 D_A=0.088 D_B=0.130 D_A(real)=0.82 D_A(fake)=0.18 gnG=36.27 gnD=13.36 it_per_s=9.05
2026-10-02 17:52:30,316 INFO iter=250600 epoch=36 lr=4.39e-05 G=3.605 advA2B=0.590 advB2A=0.717 cycA=0.073 cycB=0.088 idtA=0.055 idtB=0.082 D_A=0.088 D_B=0.130 D_A(real)=0.82 D_A(fake)=0.18 gnG=36.29 gnD=13.39 it_per_s=9.06
2026-10-02 17:52:40,640 INFO iter=250700 epoch=36 lr=4.38e-05 G=3.603 advA2B=0.589 advB2A=0.717 cycA=0.073 cycB=0.088 idtA=0.055 idtB=0.082 D_A=0.088 D_B=0.130 D_A(real)=0.82 D_A(fake)=0.18 gnG=36.24 gnD=13.40 it_per_s=9.07
2026-10-02 17:52:50,858 INFO iter=250800 epoch=36 lr=4.37e-05 G=3.606 advA2B=0.589 advB2A=0.718 cycA=0.073 cycB=0.088 idtA=0.055 idtB=0.082 D_A=0.088 D_B=0.130 D_A(real)=0.82 D_A(fake)=0.18 gnG=36.24 gnD=13.41 it_per_s=9.09
2026-10-02 17:53:01,058 INFO iter=250900 epoch=36 lr=4.35e-05 G=3.606 advA2B=0.589 advB2A=0.717 cycA=0.073 cycB=0.088 idtA=0.055 idtB=0.082 D_A=0.088 D_B=0.130 D_A(real)=0.82 D_A(fake)=0.18 gnG=36.39 gnD=13.42 it_per_s=9.10
2026-10-02 17:53:11,259 INFO iter=251000 epoch=36 lr=4.34e-05 G=3.606 advA2B=0.589 advB2A=0.718 cycA=0.073 cycB=0.088 idtA=0.055 idtB=0.082 D_A=0.088 D_B=0.130 D_A(real)=0.82 D_A(fake)=0.18 gnG=36.32 gnD=13.42 it_per_s=9.12
2026-10-02 17:53:21,408 INFO iter=251100 epoch=36 lr=4.32e-05 G=3.607 advA2B=0.589 advB2A=0.719 cycA=0.073 cycB=0.088 idtA=0.055 idtB=0.082 D_A=0.088 D_B=0.130 D_A(real)=0.82 D_A(fake)=0.18 gnG=36.25 gnD=13.41 it_per_s=9.13
2026-10-02 17:53:31,577 INFO iter=251200 epoch=36 lr=4.31e-05 G=3.605 advA2B=0.588 advB2A=0.719 cycA=0.073 cycB=0.088 idtA=0.055 idtB=0.082 D_A=0.088 D_B=0.130 D_A(real)=0.82 D_A(fake)=0.18 gnG=36.22 gnD=13.43 it_per_s=9.14
2026-10-02 17:53:41,733 INFO iter=251300 epoch=36 lr=4.29e-05 G=3.605 advA2B=0.588 advB2A=0.719 cycA=0.073 cycB=0.088 idtA=0.055 idtB=0.082 D_A=0.088 D_B=0.130 D_A(real)=0.82 D_A(fake)=0.18 gnG=36.20 gnD=13.44 it_per_s=9.16
2026-10-02 17:53:51,916 INFO iter=251400 epoch=36 lr=4.28e-05 G=3.604 advA2B=0.588 advB2A=0.719 cycA=0.073 cycB=0.088 idtA=0.055 idtB=0.082 D_A=0.088 D_B=0.130 D_A(real)=0.82 D_A(fake)=0.18 gnG=36.19 gnD=13.44 it_per_s=9.17
2026-10-02 17:54:02,088 INFO iter=251500 epoch=36 lr=4.27e-05 G=3.605 advA2B=0.588 advB2A=0.720 cycA=0.073 cycB=0.088 idtA=0.055 idtB=0.082 D_A=0.088 D_B=0.130 D_A(real)=0.82 D_A(fake)=0.18 gnG=36.23 gnD=13.45 it_per_s=9.18
2026-10-02 17:54:12,166 INFO iter=251600 epoch=36 lr=4.25e-05 G=3.604 advA2B=0.588 advB2A=0.719 cycA=0.073 cycB=0.088 idtA=0.055 idtB=0.082 D_A=0.088 D_B=0.130 D_A(real)=0.83 D_A(fake)=0.17 gnG=36.30 gnD=13.45 it_per_s=9.19
2026-10-02 17:54:22,332 INFO iter=251700 epoch=36 lr=4.24e-05 G=3.602 advA2B=0.587 advB2A=0.719 cycA=0.073 cycB=0.088 idtA=0.055 idtB=0.082 D_A=0.087 D_B=0.130 D_A(real)=0.83 D_A(fake)=0.17 gnG=36.35 gnD=13.45 it_per_s=9.21
2026-10-02 17:54:32,495 INFO iter=251800 epoch=36 lr=4.22e-05 G=3.602 advA2B=0.587 advB2A=0.720 cycA=0.073 cycB=0.088 idtA=0.055 idtB=0.082 D_A=0.087 D_B=0.130 D_A(real)=0.83 D_A(fake)=0.17 gnG=36.35 gnD=13.46 it_per_s=9.22
2026-10-02 17:54:42,683 INFO iter=251900 epoch=36 lr=4.21e-05 G=3.602 advA2B=0.587 advB2A=0.720 cycA=0.073 cycB=0.088 idtA=0.055 idtB=0.082 D_A=0.087 D_B=0.130 D_A(real)=0.83 D_A(fake)=0.17 gnG=36.34 gnD=13.46 it_per_s=9.23
2026-10-02 17:54:52,889 INFO iter=252000 epoch=36 lr=4.19e-05 G=3.602 advA2B=0.586 advB2A=0.720 cycA=0.073 cycB=0.088 idtA=0.055 idtB=0.082 D_A=0.087 D_B=0.130 D_A(real)=0.83 D_A(fake)=0.17 gnG=36.39 gnD=13.46 it_per_s=9.24
2026-10-02 17:55:03,090 INFO iter=252100 epoch=36 lr=4.18e-05 G=3.601 advA2B=0.585 advB2A=0.721 cycA=0.073 cycB=0.088 idtA=0.055 idtB=0.082 D_A=0.087 D_B=0.130 D_A(real)=0.83 D_A(fake)=0.17 gnG=36.41 gnD=13.46 it_per_s=9.25
2026-10-02 17:55:13,241 INFO iter=252200 epoch=36 lr=4.17e-05 G=3.600 advA2B=0.585 advB2A=0.720 cycA=0.073 cycB=0.088 idtA=0.055 idtB=0.082 D_A=0.087 D_B=0.130 D_A(real)=0.83 D_A(fake)=0.17 gnG=36.43 gnD=13.46 it_per_s=9.25
2026-10-02 17:55:23,399 INFO iter=252300 epoch=36 lr=4.15e-05 G=3.600 advA2B=0.585 advB2A=0.720 cycA=0.073 cycB=0.088 idtA=0.055 idtB=0.082 D_A=0.087 D_B=0.130 D_A(real)=0.83 D_A(fake)=0.17 gnG=36.43 gnD=13.46 it_per_s=9.26
2026-10-02 17:55:33,548 INFO iter=252400 epoch=36 lr=4.14e-05 G=3.601 advA2B=0.586 advB2A=0.720 cycA=0.073 cycB=0.088 idtA=0.055 idtB=0.082 D_A=0.087 D_B=0.129 D_A(real)=0.83 D_A(fake)=0.17 gnG=36.50 gnD=13.45 it_per_s=9.27
2026-10-02 17:55:43,751 INFO iter=252500 epoch=36 lr=4.12e-05 G=3.602 advA2B=0.586 advB2A=0.720 cycA=0.073 cycB=0.088 idtA=0.055 idtB=0.082 D_A=0.087 D_B=0.129 D_A(real)=0.83 D_A(fake)=0.17 gnG=36.54 gnD=13.44 it_per_s=9.28
2026-10-02 17:55:53,923 INFO iter=252600 epoch=36 lr=4.11e-05 G=3.602 advA2B=0.585 advB2A=0.720 cycA=0.073 cycB=0.088 idtA=0.055 idtB=0.082 D_A=0.087 D_B=0.130 D_A(real)=0.83 D_A(fake)=0.17 gnG=36.57 gnD=13.46 it_per_s=9.29
2026-10-02 17:56:04,140 INFO iter=252700 epoch=36 lr=4.10e-05 G=3.601 advA2B=0.585 advB2A=0.720 cycA=0.073 cycB=0.088 idtA=0.055 idtB=0.082 D_A=0.087 D_B=0.130 D_A(real)=0.83 D_A(fake)=0.17 gnG=36.55 gnD=13.47 it_per_s=9.30
2026-10-02 17:56:14,292 INFO iter=252800 epoch=36 lr=4.08e-05 G=3.600 advA2B=0.585 advB2A=0.720 cycA=0.073 cycB=0.088 idtA=0.055 idtB=0.082 D_A=0.087 D_B=0.130 D_A(real)=0.83 D_A(fake)=0.17 gnG=36.62 gnD=13.47 it_per_s=9.31
2026-10-02 17:56:24,451 INFO iter=252900 epoch=36 lr=4.07e-05 G=3.601 advA2B=0.585 advB2A=0.720 cycA=0.073 cycB=0.088 idtA=0.055 idtB=0.082 D_A=0.087 D_B=0.130 D_A(real)=0.83 D_A(fake)=0.17 gnG=36.62 gnD=13.47 it_per_s=9.31
2026-10-02 17:56:34,933 INFO iter=253000 epoch=36 lr=4.05e-05 G=3.601 advA2B=0.585 advB2A=0.721 cycA=0.073 cycB=0.088 idtA=0.055 idtB=0.082 D_A=0.087 D_B=0.130 D_A(real)=0.83 D_A(fake)=0.17 gnG=36.71 gnD=13.48 it_per_s=9.32
2026-10-02 17:56:45,124 INFO iter=253100 epoch=36 lr=4.04e-05 G=3.604 advA2B=0.585 advB2A=0.722 cycA=0.073 cycB=0.088 idtA=0.055 idtB=0.082 D_A=0.087 D_B=0.130 D_A(real)=0.83 D_A(fake)=0.17 gnG=36.74 gnD=13.49 it_per_s=9.32
2026-10-02 17:56:55,365 INFO iter=253200 epoch=36 lr=4.02e-05 G=3.605 advA2B=0.586 advB2A=0.722 cycA=0.073 cycB=0.088 idtA=0.055 idtB=0.082 D_A=0.087 D_B=0.130 D_A(real)=0.83 D_A(fake)=0.17 gnG=36.77 gnD=13.48 it_per_s=9.33
2026-10-02 17:57:05,520 INFO iter=253300 epoch=36 lr=4.01e-05 G=3.604 advA2B=0.585 advB2A=0.722 cycA=0.073 cycB=0.088 idtA=0.055 idtB=0.082 D_A=0.087 D_B=0.130 D_A(real)=0.83 D_A(fake)=0.17 gnG=36.80 gnD=13.50 it_per_s=9.34
2026-10-02 17:57:12,456 INFO epoch=36 done time_s=753 it_per_s=9.34 G=3.603 cycA=0.073 cycB=0.088 idtA=0.055 idtB=0.082 D_A=0.087 D_B=0.130 D_A(real)=0.83 D_A(fake)=0.17 nan_count=0
2026-10-02 17:57:16,332 INFO iter=253400 epoch=37 lr=4.00e-05 G=3.484 advA2B=0.523 advB2A=0.714 cycA=0.072 cycB=0.086 idtA=0.053 idtB=0.080 D_A=0.109 D_B=0.101 D_A(real)=0.80 D_A(fake)=0.20 gnG=38.97 gnD=13.60 it_per_s=9.74
2026-10-02 17:57:26,512 INFO iter=253500 epoch=37 lr=3.98e-05 G=3.563 advA2B=0.580 advB2A=0.728 cycA=0.071 cycB=0.088 idtA=0.053 idtB=0.080 D_A=0.092 D_B=0.120 D_A(real)=0.83 D_A(fake)=0.17 gnG=40.89 gnD=13.72 it_per_s=9.80
2026-10-02 17:57:36,775 INFO iter=253600 epoch=37 lr=3.97e-05 G=3.598 advA2B=0.588 advB2A=0.725 cycA=0.073 cycB=0.088 idtA=0.055 idtB=0.079 D_A=0.086 D_B=0.122 D_A(real)=0.83 D_A(fake)=0.17 gnG=40.06 gnD=13.38 it_per_s=9.78
2026-10-02 17:57:47,365 INFO iter=253700 epoch=37 lr=3.95e-05 G=3.568 advA2B=0.583 advB2A=0.707 cycA=0.073 cycB=0.088 idtA=0.055 idtB=0.080 D_A=0.083 D_B=0.128 D_A(real)=0.84 D_A(fake)=0.16 gnG=39.51 gnD=13.70 it_per_s=9.67
2026-10-02 17:57:57,815 INFO iter=253800 epoch=37 lr=3.94e-05 G=3.575 advA2B=0.586 advB2A=0.706 cycA=0.073 cycB=0.087 idtA=0.055 idtB=0.081 D_A=0.085 D_B=0.128 D_A(real)=0.84 D_A(fake)=0.16 gnG=40.00 gnD=13.76 it_per_s=9.65
2026-10-02 17:58:08,147 INFO iter=253900 epoch=37 lr=3.92e-05 G=3.595 advA2B=0.586 advB2A=0.716 cycA=0.073 cycB=0.088 idtA=0.055 idtB=0.082 D_A=0.086 D_B=0.129 D_A(real)=0.83 D_A(fake)=0.17 gnG=41.08 gnD=13.73 it_per_s=9.66
2026-10-02 17:58:18,432 INFO iter=254000 epoch=37 lr=3.91e-05 G=3.589 advA2B=0.587 advB2A=0.719 cycA=0.073 cycB=0.087 idtA=0.055 idtB=0.081 D_A=0.086 D_B=0.127 D_A(real)=0.83 D_A(fake)=0.17 gnG=41.27 gnD=13.62 it_per_s=9.67
2026-10-02 17:58:28,877 INFO iter=254100 epoch=37 lr=3.90e-05 G=3.583 advA2B=0.581 advB2A=0.718 cycA=0.073 cycB=0.087 idtA=0.055 idtB=0.081 D_A=0.086 D_B=0.127 D_A(real)=0.83 D_A(fake)=0.17 gnG=40.93 gnD=13.62 it_per_s=9.65
2026-10-02 17:58:39,373 INFO iter=254200 epoch=37 lr=3.88e-05 G=3.581 advA2B=0.582 advB2A=0.718 cycA=0.073 cycB=0.087 idtA=0.055 idtB=0.081 D_A=0.086 D_B=0.126 D_A(real)=0.83 D_A(fake)=0.17 gnG=40.99 gnD=13.67 it_per_s=9.64
2026-10-02 17:58:49,557 INFO iter=254300 epoch=37 lr=3.87e-05 G=3.582 advA2B=0.582 advB2A=0.721 cycA=0.073 cycB=0.087 idtA=0.055 idtB=0.081 D_A=0.086 D_B=0.127 D_A(real)=0.83 D_A(fake)=0.17 gnG=41.66 gnD=13.58 it_per_s=9.66
2026-10-02 17:58:59,889 INFO iter=254400 epoch=37 lr=3.85e-05 G=3.591 advA2B=0.584 advB2A=0.725 cycA=0.073 cycB=0.087 idtA=0.055 idtB=0.081 D_A=0.085 D_B=0.127 D_A(real)=0.83 D_A(fake)=0.17 gnG=41.54 gnD=13.59 it_per_s=9.66
2026-10-02 17:59:10,170 INFO iter=254500 epoch=37 lr=3.84e-05 G=3.595 advA2B=0.585 advB2A=0.728 cycA=0.073 cycB=0.087 idtA=0.055 idtB=0.081 D_A=0.085 D_B=0.127 D_A(real)=0.83 D_A(fake)=0.17 gnG=41.58 gnD=13.59 it_per_s=9.66
2026-10-02 17:59:20,773 INFO iter=254600 epoch=37 lr=3.83e-05 G=3.595 advA2B=0.586 advB2A=0.725 cycA=0.073 cycB=0.088 idtA=0.055 idtB=0.081 D_A=0.085 D_B=0.127 D_A(real)=0.83 D_A(fake)=0.17 gnG=41.80 gnD=13.63 it_per_s=9.65
2026-10-02 17:59:31,191 INFO iter=254700 epoch=37 lr=3.81e-05 G=3.595 advA2B=0.587 advB2A=0.723 cycA=0.073 cycB=0.088 idtA=0.055 idtB=0.081 D_A=0.085 D_B=0.127 D_A(real)=0.83 D_A(fake)=0.17 gnG=41.84 gnD=13.59 it_per_s=9.64
2026-10-02 17:59:41,348 INFO iter=254800 epoch=37 lr=3.80e-05 G=3.594 advA2B=0.586 advB2A=0.725 cycA=0.073 cycB=0.088 idtA=0.055 idtB=0.081 D_A=0.084 D_B=0.127 D_A(real)=0.83 D_A(fake)=0.17 gnG=41.94 gnD=13.63 it_per_s=9.66
2026-10-02 17:59:51,472 INFO iter=254900 epoch=37 lr=3.78e-05 G=3.597 advA2B=0.588 advB2A=0.727 cycA=0.073 cycB=0.088 idtA=0.055 idtB=0.081 D_A=0.085 D_B=0.127 D_A(real)=0.83 D_A(fake)=0.17 gnG=42.12 gnD=13.60 it_per_s=9.67
2026-10-02 18:00:01,602 INFO iter=255000 epoch=37 lr=3.77e-05 G=3.595 advA2B=0.588 advB2A=0.723 cycA=0.073 cycB=0.088 idtA=0.055 idtB=0.081 D_A=0.085 D_B=0.127 D_A(real)=0.83 D_A(fake)=0.17 gnG=41.84 gnD=13.59 it_per_s=9.68
2026-10-02 18:00:11,886 INFO iter=255100 epoch=37 lr=3.75e-05 G=3.586 advA2B=0.584 advB2A=0.721 cycA=0.073 cycB=0.088 idtA=0.055 idtB=0.081 D_A=0.085 D_B=0.127 D_A(real)=0.83 D_A(fake)=0.17 gnG=41.82 gnD=13.61 it_per_s=9.68
2026-10-02 18:00:22,025 INFO iter=255200 epoch=37 lr=3.74e-05 G=3.591 advA2B=0.587 advB2A=0.722 cycA=0.073 cycB=0.087 idtA=0.055 idtB=0.081 D_A=0.085 D_B=0.127 D_A(real)=0.83 D_A(fake)=0.17 gnG=41.93 gnD=13.64 it_per_s=9.69
2026-10-02 18:00:32,225 INFO iter=255300 epoch=37 lr=3.73e-05 G=3.595 advA2B=0.590 advB2A=0.723 cycA=0.073 cycB=0.087 idtA=0.055 idtB=0.081 D_A=0.085 D_B=0.127 D_A(real)=0.83 D_A(fake)=0.17 gnG=42.27 gnD=13.66 it_per_s=9.70
2026-10-02 18:00:42,382 INFO iter=255400 epoch=37 lr=3.71e-05 G=3.593 advA2B=0.590 advB2A=0.721 cycA=0.073 cycB=0.087 idtA=0.055 idtB=0.081 D_A=0.085 D_B=0.127 D_A(real)=0.83 D_A(fake)=0.17 gnG=42.21 gnD=13.65 it_per_s=9.71
2026-10-02 18:00:52,532 INFO iter=255500 epoch=37 lr=3.70e-05 G=3.599 advA2B=0.591 advB2A=0.719 cycA=0.073 cycB=0.088 idtA=0.055 idtB=0.081 D_A=0.086 D_B=0.127 D_A(real)=0.83 D_A(fake)=0.17 gnG=42.37 gnD=13.66 it_per_s=9.71
2026-10-02 18:01:02,685 INFO iter=255600 epoch=37 lr=3.68e-05 G=3.602 advA2B=0.592 advB2A=0.718 cycA=0.073 cycB=0.088 idtA=0.055 idtB=0.082 D_A=0.086 D_B=0.127 D_A(real)=0.83 D_A(fake)=0.17 gnG=42.52 gnD=13.65 it_per_s=9.72
2026-10-02 18:01:12,863 INFO iter=255700 epoch=37 lr=3.67e-05 G=3.601 advA2B=0.594 advB2A=0.717 cycA=0.073 cycB=0.088 idtA=0.055 idtB=0.082 D_A=0.086 D_B=0.127 D_A(real)=0.83 D_A(fake)=0.17 gnG=42.52 gnD=13.63 it_per_s=9.72
2026-10-02 18:01:23,022 INFO iter=255800 epoch=37 lr=3.65e-05 G=3.597 advA2B=0.593 advB2A=0.716 cycA=0.073 cycB=0.088 idtA=0.055 idtB=0.081 D_A=0.086 D_B=0.127 D_A(real)=0.83 D_A(fake)=0.17 gnG=42.41 gnD=13.66 it_per_s=9.73
2026-10-02 18:01:33,129 INFO iter=255900 epoch=37 lr=3.64e-05 G=3.600 advA2B=0.595 advB2A=0.719 cycA=0.073 cycB=0.088 idtA=0.055 idtB=0.081 D_A=0.085 D_B=0.126 D_A(real)=0.83 D_A(fake)=0.17 gnG=42.60 gnD=13.64 it_per_s=9.74
2026-10-02 18:01:43,331 INFO iter=256000 epoch=37 lr=3.63e-05 G=3.599 advA2B=0.594 advB2A=0.722 cycA=0.073 cycB=0.088 idtA=0.055 idtB=0.081 D_A=0.086 D_B=0.127 D_A(real)=0.83 D_A(fake)=0.17 gnG=42.77 gnD=13.70 it_per_s=9.74
2026-10-02 18:01:53,486 INFO iter=256100 epoch=37 lr=3.61e-05 G=3.600 advA2B=0.594 advB2A=0.723 cycA=0.073 cycB=0.088 idtA=0.055 idtB=0.081 D_A=0.086 D_B=0.128 D_A(real)=0.83 D_A(fake)=0.17 gnG=42.73 gnD=13.73 it_per_s=9.74
2026-10-02 18:02:03,670 INFO iter=256200 epoch=37 lr=3.60e-05 G=3.596 advA2B=0.591 advB2A=0.723 cycA=0.073 cycB=0.088 idtA=0.055 idtB=0.081 D_A=0.086 D_B=0.127 D_A(real)=0.83 D_A(fake)=0.17 gnG=42.66 gnD=13.72 it_per_s=9.74
2026-10-02 18:02:13,819 INFO iter=256300 epoch=37 lr=3.58e-05 G=3.596 advA2B=0.590 advB2A=0.723 cycA=0.073 cycB=0.088 idtA=0.055 idtB=0.081 D_A=0.086 D_B=0.127 D_A(real)=0.83 D_A(fake)=0.17 gnG=42.88 gnD=13.71 it_per_s=9.75
2026-10-02 18:02:23,968 INFO iter=256400 epoch=37 lr=3.57e-05 G=3.597 advA2B=0.591 advB2A=0.724 cycA=0.073 cycB=0.088 idtA=0.055 idtB=0.081 D_A=0.086 D_B=0.127 D_A(real)=0.83 D_A(fake)=0.17 gnG=43.05 gnD=13.71 it_per_s=9.75
2026-10-02 18:02:34,153 INFO iter=256500 epoch=37 lr=3.56e-05 G=3.596 advA2B=0.590 advB2A=0.724 cycA=0.073 cycB=0.088 idtA=0.055 idtB=0.081 D_A=0.086 D_B=0.128 D_A(real)=0.83 D_A(fake)=0.17 gnG=43.19 gnD=13.73 it_per_s=9.75
2026-10-02 18:02:44,323 INFO iter=256600 epoch=37 lr=3.54e-05 G=3.599 advA2B=0.591 advB2A=0.725 cycA=0.073 cycB=0.088 idtA=0.055 idtB=0.081 D_A=0.086 D_B=0.128 D_A(real)=0.83 D_A(fake)=0.17 gnG=43.30 gnD=13.75 it_per_s=9.76
2026-10-02 18:02:54,507 INFO iter=256700 epoch=37 lr=3.53e-05 G=3.598 advA2B=0.591 advB2A=0.725 cycA=0.073 cycB=0.088 idtA=0.055 idtB=0.081 D_A=0.086 D_B=0.128 D_A(real)=0.83 D_A(fake)=0.17 gnG=43.20 gnD=13.78 it_per_s=9.76
2026-10-02 18:03:04,717 INFO iter=256800 epoch=37 lr=3.51e-05 G=3.598 advA2B=0.592 advB2A=0.725 cycA=0.073 cycB=0.088 idtA=0.055 idtB=0.081 D_A=0.086 D_B=0.128 D_A(real)=0.83 D_A(fake)=0.17 gnG=43.06 gnD=13.77 it_per_s=9.76
2026-10-02 18:03:15,028 INFO iter=256900 epoch=37 lr=3.50e-05 G=3.599 advA2B=0.593 advB2A=0.726 cycA=0.073 cycB=0.087 idtA=0.055 idtB=0.081 D_A=0.085 D_B=0.128 D_A(real)=0.83 D_A(fake)=0.17 gnG=43.08 gnD=13.78 it_per_s=9.76
2026-10-02 18:03:25,253 INFO iter=257000 epoch=37 lr=3.48e-05 G=3.598 advA2B=0.592 advB2A=0.725 cycA=0.073 cycB=0.087 idtA=0.055 idtB=0.081 D_A=0.085 D_B=0.128 D_A(real)=0.83 D_A(fake)=0.17 gnG=42.94 gnD=13.79 it_per_s=9.76
2026-10-02 18:03:35,482 INFO iter=257100 epoch=37 lr=3.47e-05 G=3.595 advA2B=0.591 advB2A=0.725 cycA=0.073 cycB=0.087 idtA=0.054 idtB=0.081 D_A=0.085 D_B=0.128 D_A(real)=0.83 D_A(fake)=0.17 gnG=42.97 gnD=13.80 it_per_s=9.76
2026-10-02 18:03:45,689 INFO iter=257200 epoch=37 lr=3.46e-05 G=3.592 advA2B=0.591 advB2A=0.725 cycA=0.073 cycB=0.087 idtA=0.054 idtB=0.081 D_A=0.085 D_B=0.129 D_A(real)=0.83 D_A(fake)=0.17 gnG=42.92 gnD=13.79 it_per_s=9.76
2026-10-02 18:03:55,873 INFO iter=257300 epoch=37 lr=3.44e-05 G=3.592 advA2B=0.591 advB2A=0.726 cycA=0.073 cycB=0.087 idtA=0.054 idtB=0.081 D_A=0.086 D_B=0.128 D_A(real)=0.83 D_A(fake)=0.17 gnG=43.08 gnD=13.80 it_per_s=9.76
2026-10-02 18:04:06,044 INFO iter=257400 epoch=37 lr=3.43e-05 G=3.589 advA2B=0.591 advB2A=0.724 cycA=0.073 cycB=0.087 idtA=0.054 idtB=0.081 D_A=0.086 D_B=0.128 D_A(real)=0.83 D_A(fake)=0.17 gnG=43.00 gnD=13.81 it_per_s=9.76
2026-10-02 18:04:16,252 INFO iter=257500 epoch=37 lr=3.41e-05 G=3.590 advA2B=0.591 advB2A=0.725 cycA=0.073 cycB=0.087 idtA=0.054 idtB=0.081 D_A=0.086 D_B=0.129 D_A(real)=0.83 D_A(fake)=0.17 gnG=42.94 gnD=13.81 it_per_s=9.76
2026-10-02 18:04:26,427 INFO iter=257600 epoch=37 lr=3.40e-05 G=3.588 advA2B=0.590 advB2A=0.726 cycA=0.072 cycB=0.087 idtA=0.054 idtB=0.081 D_A=0.086 D_B=0.128 D_A(real)=0.83 D_A(fake)=0.17 gnG=42.86 gnD=13.79 it_per_s=9.76
2026-10-02 18:04:36,603 INFO iter=257700 epoch=37 lr=3.38e-05 G=3.587 advA2B=0.591 advB2A=0.725 cycA=0.073 cycB=0.087 idtA=0.054 idtB=0.081 D_A=0.086 D_B=0.128 D_A(real)=0.83 D_A(fake)=0.17 gnG=42.95 gnD=13.79 it_per_s=9.77
2026-10-02 18:04:46,756 INFO iter=257800 epoch=37 lr=3.37e-05 G=3.589 advA2B=0.592 advB2A=0.725 cycA=0.073 cycB=0.087 idtA=0.054 idtB=0.081 D_A=0.086 D_B=0.128 D_A(real)=0.83 D_A(fake)=0.17 gnG=42.93 gnD=13.80 it_per_s=9.77
2026-10-02 18:04:56,968 INFO iter=257900 epoch=37 lr=3.36e-05 G=3.589 advA2B=0.592 advB2A=0.725 cycA=0.073 cycB=0.087 idtA=0.054 idtB=0.081 D_A=0.086 D_B=0.128 D_A(real)=0.83 D_A(fake)=0.17 gnG=42.97 gnD=13.81 it_per_s=9.77
2026-10-02 18:05:07,120 INFO iter=258000 epoch=37 lr=3.34e-05 G=3.586 advA2B=0.591 advB2A=0.723 cycA=0.073 cycB=0.087 idtA=0.054 idtB=0.081 D_A=0.086 D_B=0.129 D_A(real)=0.83 D_A(fake)=0.17 gnG=42.96 gnD=13.80 it_per_s=9.77
2026-10-02 18:05:17,272 INFO iter=258100 epoch=37 lr=3.33e-05 G=3.587 advA2B=0.591 advB2A=0.724 cycA=0.073 cycB=0.087 idtA=0.054 idtB=0.081 D_A=0.087 D_B=0.129 D_A(real)=0.83 D_A(fake)=0.17 gnG=43.02 gnD=13.80 it_per_s=9.77
2026-10-02 18:05:27,467 INFO iter=258200 epoch=37 lr=3.31e-05 G=3.588 advA2B=0.591 advB2A=0.725 cycA=0.073 cycB=0.087 idtA=0.054 idtB=0.081 D_A=0.086 D_B=0.128 D_A(real)=0.83 D_A(fake)=0.17 gnG=43.06 gnD=13.80 it_per_s=9.77
2026-10-02 18:05:37,652 INFO iter=258300 epoch=37 lr=3.30e-05 G=3.587 advA2B=0.591 advB2A=0.724 cycA=0.073 cycB=0.087 idtA=0.054 idtB=0.081 D_A=0.087 D_B=0.128 D_A(real)=0.83 D_A(fake)=0.17 gnG=43.07 gnD=13.81 it_per_s=9.77
2026-10-02 18:05:47,787 INFO iter=258400 epoch=37 lr=3.29e-05 G=3.587 advA2B=0.589 advB2A=0.723 cycA=0.073 cycB=0.087 idtA=0.054 idtB=0.081 D_A=0.087 D_B=0.128 D_A(real)=0.83 D_A(fake)=0.17 gnG=42.97 gnD=13.82 it_per_s=9.78
2026-10-02 18:05:57,916 INFO iter=258500 epoch=37 lr=3.27e-05 G=3.587 advA2B=0.590 advB2A=0.724 cycA=0.073 cycB=0.087 idtA=0.054 idtB=0.081 D_A=0.087 D_B=0.128 D_A(real)=0.83 D_A(fake)=0.17 gnG=43.02 gnD=13.81 it_per_s=9.78
2026-10-02 18:06:08,126 INFO iter=258600 epoch=37 lr=3.26e-05 G=3.588 advA2B=0.590 advB2A=0.725 cycA=0.073 cycB=0.087 idtA=0.054 idtB=0.081 D_A=0.087 D_B=0.128 D_A(real)=0.83 D_A(fake)=0.17 gnG=43.10 gnD=13.83 it_per_s=9.78
2026-10-02 18:06:18,267 INFO iter=258700 epoch=37 lr=3.24e-05 G=3.587 advA2B=0.590 advB2A=0.724 cycA=0.073 cycB=0.087 idtA=0.054 idtB=0.081 D_A=0.087 D_B=0.128 D_A(real)=0.83 D_A(fake)=0.17 gnG=43.20 gnD=13.82 it_per_s=9.78
2026-10-02 18:06:28,579 INFO iter=258800 epoch=37 lr=3.23e-05 G=3.585 advA2B=0.590 advB2A=0.724 cycA=0.073 cycB=0.087 idtA=0.054 idtB=0.081 D_A=0.087 D_B=0.128 D_A(real)=0.82 D_A(fake)=0.17 gnG=43.23 gnD=13.83 it_per_s=9.78
2026-10-02 18:06:38,923 INFO iter=258900 epoch=37 lr=3.21e-05 G=3.585 advA2B=0.590 advB2A=0.722 cycA=0.073 cycB=0.087 idtA=0.054 idtB=0.081 D_A=0.087 D_B=0.128 D_A(real)=0.82 D_A(fake)=0.18 gnG=43.22 gnD=13.83 it_per_s=9.78
2026-10-02 18:06:49,090 INFO iter=259000 epoch=37 lr=3.20e-05 G=3.585 advA2B=0.590 advB2A=0.723 cycA=0.073 cycB=0.087 idtA=0.054 idtB=0.081 D_A=0.087 D_B=0.128 D_A(real)=0.82 D_A(fake)=0.18 gnG=43.20 gnD=13.84 it_per_s=9.78
2026-10-02 18:06:59,269 INFO iter=259100 epoch=37 lr=3.19e-05 G=3.584 advA2B=0.590 advB2A=0.722 cycA=0.073 cycB=0.087 idtA=0.054 idtB=0.081 D_A=0.087 D_B=0.128 D_A(real)=0.82 D_A(fake)=0.17 gnG=43.26 gnD=13.85 it_per_s=9.78
2026-10-02 18:07:09,449 INFO iter=259200 epoch=37 lr=3.17e-05 G=3.585 advA2B=0.590 advB2A=0.723 cycA=0.073 cycB=0.087 idtA=0.054 idtB=0.081 D_A=0.087 D_B=0.128 D_A(real)=0.83 D_A(fake)=0.17 gnG=43.28 gnD=13.86 it_per_s=9.78
2026-10-02 18:07:19,597 INFO iter=259300 epoch=37 lr=3.16e-05 G=3.583 advA2B=0.589 advB2A=0.723 cycA=0.073 cycB=0.087 idtA=0.054 idtB=0.081 D_A=0.087 D_B=0.128 D_A(real)=0.83 D_A(fake)=0.17 gnG=43.35 gnD=13.86 it_per_s=9.78
2026-10-02 18:07:29,781 INFO iter=259400 epoch=37 lr=3.14e-05 G=3.584 advA2B=0.589 advB2A=0.723 cycA=0.073 cycB=0.087 idtA=0.054 idtB=0.081 D_A=0.087 D_B=0.128 D_A(real)=0.83 D_A(fake)=0.17 gnG=43.29 gnD=13.87 it_per_s=9.78
2026-10-02 18:07:39,931 INFO iter=259500 epoch=37 lr=3.13e-05 G=3.584 advA2B=0.590 advB2A=0.723 cycA=0.072 cycB=0.087 idtA=0.054 idtB=0.081 D_A=0.086 D_B=0.128 D_A(real)=0.83 D_A(fake)=0.17 gnG=43.32 gnD=13.87 it_per_s=9.78
2026-10-02 18:07:50,061 INFO iter=259600 epoch=37 lr=3.11e-05 G=3.581 advA2B=0.590 advB2A=0.721 cycA=0.072 cycB=0.087 idtA=0.054 idtB=0.081 D_A=0.086 D_B=0.128 D_A(real)=0.83 D_A(fake)=0.17 gnG=43.25 gnD=13.86 it_per_s=9.78
2026-10-02 18:08:00,132 INFO iter=259700 epoch=37 lr=3.10e-05 G=3.580 advA2B=0.589 advB2A=0.722 cycA=0.072 cycB=0.087 idtA=0.054 idtB=0.081 D_A=0.086 D_B=0.128 D_A(real)=0.83 D_A(fake)=0.17 gnG=43.29 gnD=13.86 it_per_s=9.79
2026-10-02 18:08:10,308 INFO iter=259800 epoch=37 lr=3.09e-05 G=3.579 advA2B=0.589 advB2A=0.721 cycA=0.072 cycB=0.087 idtA=0.054 idtB=0.081 D_A=0.086 D_B=0.128 D_A(real)=0.83 D_A(fake)=0.17 gnG=43.36 gnD=13.87 it_per_s=9.79
2026-10-02 18:08:20,502 INFO iter=259900 epoch=37 lr=3.07e-05 G=3.580 advA2B=0.589 advB2A=0.722 cycA=0.072 cycB=0.087 idtA=0.054 idtB=0.081 D_A=0.086 D_B=0.128 D_A(real)=0.83 D_A(fake)=0.17 gnG=43.41 gnD=13.86 it_per_s=9.79
2026-10-02 18:08:30,759 INFO iter=260000 epoch=37 lr=3.06e-05 G=3.579 advA2B=0.589 advB2A=0.721 cycA=0.072 cycB=0.087 idtA=0.054 idtB=0.081 D_A=0.086 D_B=0.128 D_A(real)=0.83 D_A(fake)=0.17 gnG=43.39 gnD=13.86 it_per_s=9.79
2026-10-02 18:08:40,962 INFO iter=260100 epoch=37 lr=3.04e-05 G=3.579 advA2B=0.589 advB2A=0.722 cycA=0.072 cycB=0.087 idtA=0.054 idtB=0.081 D_A=0.086 D_B=0.128 D_A(real)=0.83 D_A(fake)=0.17 gnG=43.54 gnD=13.86 it_per_s=9.79
2026-10-02 18:08:51,149 INFO iter=260200 epoch=37 lr=3.03e-05 G=3.578 advA2B=0.589 advB2A=0.722 cycA=0.072 cycB=0.087 idtA=0.054 idtB=0.081 D_A=0.086 D_B=0.128 D_A(real)=0.83 D_A(fake)=0.17 gnG=43.56 gnD=13.85 it_per_s=9.79
2026-10-02 18:09:01,322 INFO iter=260300 epoch=37 lr=3.02e-05 G=3.579 advA2B=0.589 advB2A=0.722 cycA=0.072 cycB=0.087 idtA=0.054 idtB=0.081 D_A=0.086 D_B=0.128 D_A(real)=0.83 D_A(fake)=0.17 gnG=43.66 gnD=13.87 it_per_s=9.79
2026-10-02 18:09:11,453 INFO iter=260400 epoch=37 lr=3.00e-05 G=3.580 advA2B=0.589 advB2A=0.723 cycA=0.072 cycB=0.087 idtA=0.054 idtB=0.081 D_A=0.086 D_B=0.128 D_A(real)=0.83 D_A(fake)=0.17 gnG=43.70 gnD=13.86 it_per_s=9.79
2026-10-02 18:09:12,050 INFO epoch=37 done time_s=719 it_per_s=9.79 G=3.580 cycA=0.072 cycB=0.087 idtA=0.054 idtB=0.081 D_A=0.086 D_B=0.128 D_A(real)=0.83 D_A(fake)=0.17 nan_count=0
2026-10-02 18:09:22,171 INFO iter=260500 epoch=38 lr=2.99e-05 G=3.473 advA2B=0.571 advB2A=0.627 cycA=0.072 cycB=0.087 idtA=0.053 idtB=0.083 D_A=0.087 D_B=0.119 D_A(real)=0.83 D_A(fake)=0.18 gnG=38.36 gnD=13.87 it_per_s=9.86
2026-10-02 18:09:32,302 INFO iter=260600 epoch=38 lr=2.97e-05 G=3.492 advA2B=0.574 advB2A=0.700 cycA=0.073 cycB=0.084 idtA=0.053 idtB=0.077 D_A=0.084 D_B=0.124 D_A(real)=0.83 D_A(fake)=0.18 gnG=39.20 gnD=14.29 it_per_s=9.86
2026-10-02 18:09:42,455 INFO iter=260700 epoch=38 lr=2.96e-05 G=3.480 advA2B=0.563 advB2A=0.713 cycA=0.071 cycB=0.084 idtA=0.053 idtB=0.077 D_A=0.083 D_B=0.130 D_A(real)=0.83 D_A(fake)=0.18 gnG=42.72 gnD=14.26 it_per_s=9.86
2026-10-02 18:09:52,671 INFO iter=260800 epoch=38 lr=2.94e-05 G=3.546 advA2B=0.583 advB2A=0.732 cycA=0.072 cycB=0.085 idtA=0.053 idtB=0.080 D_A=0.082 D_B=0.127 D_A(real)=0.83 D_A(fake)=0.17 gnG=43.57 gnD=14.11 it_per_s=9.84
2026-10-02 18:10:02,821 INFO iter=260900 epoch=38 lr=2.93e-05 G=3.556 advA2B=0.580 advB2A=0.741 cycA=0.072 cycB=0.086 idtA=0.053 idtB=0.080 D_A=0.081 D_B=0.126 D_A(real)=0.83 D_A(fake)=0.17 gnG=44.04 gnD=14.11 it_per_s=9.84
2026-10-02 18:10:12,973 INFO iter=261000 epoch=38 lr=2.92e-05 G=3.574 advA2B=0.586 advB2A=0.748 cycA=0.072 cycB=0.085 idtA=0.053 idtB=0.081 D_A=0.081 D_B=0.126 D_A(real)=0.83 D_A(fake)=0.17 gnG=45.27 gnD=14.08 it_per_s=9.84
2026-10-02 18:10:23,132 INFO iter=261100 epoch=38 lr=2.90e-05 G=3.584 advA2B=0.581 advB2A=0.756 cycA=0.072 cycB=0.086 idtA=0.053 idtB=0.081 D_A=0.081 D_B=0.127 D_A(real)=0.83 D_A(fake)=0.17 gnG=45.64 gnD=14.06 it_per_s=9.84
2026-10-02 18:10:33,264 INFO iter=261200 epoch=38 lr=2.89e-05 G=3.573 advA2B=0.583 advB2A=0.756 cycA=0.072 cycB=0.085 idtA=0.053 idtB=0.080 D_A=0.081 D_B=0.126 D_A(real)=0.83 D_A(fake)=0.17 gnG=45.69 gnD=14.06 it_per_s=9.85
2026-10-02 18:10:43,378 INFO iter=261300 epoch=38 lr=2.87e-05 G=3.581 advA2B=0.585 advB2A=0.758 cycA=0.072 cycB=0.085 idtA=0.053 idtB=0.081 D_A=0.081 D_B=0.126 D_A(real)=0.83 D_A(fake)=0.17 gnG=45.93 gnD=13.99 it_per_s=9.85
2026-10-02 18:10:53,538 INFO iter=261400 epoch=38 lr=2.86e-05 G=3.577 advA2B=0.586 advB2A=0.752 cycA=0.072 cycB=0.085 idtA=0.053 idtB=0.081 D_A=0.082 D_B=0.126 D_A(real)=0.83 D_A(fake)=0.17 gnG=45.94 gnD=14.01 it_per_s=9.85
2026-10-02 18:11:03,721 INFO iter=261500 epoch=38 lr=2.84e-05 G=3.589 advA2B=0.586 advB2A=0.753 cycA=0.072 cycB=0.086 idtA=0.054 idtB=0.081 D_A=0.082 D_B=0.127 D_A(real)=0.83 D_A(fake)=0.17 gnG=46.65 gnD=14.01 it_per_s=9.85
2026-10-02 18:11:13,894 INFO iter=261600 epoch=38 lr=2.83e-05 G=3.586 advA2B=0.587 advB2A=0.751 cycA=0.072 cycB=0.086 idtA=0.053 idtB=0.081 D_A=0.082 D_B=0.127 D_A(real)=0.83 D_A(fake)=0.17 gnG=46.95 gnD=13.99 it_per_s=9.85
2026-10-02 18:11:24,065 INFO iter=261700 epoch=38 lr=2.82e-05 G=3.576 advA2B=0.587 advB2A=0.750 cycA=0.072 cycB=0.085 idtA=0.053 idtB=0.080 D_A=0.082 D_B=0.127 D_A(real)=0.83 D_A(fake)=0.17 gnG=46.88 gnD=13.99 it_per_s=9.85
2026-10-02 18:11:34,200 INFO iter=261800 epoch=38 lr=2.80e-05 G=3.572 advA2B=0.586 advB2A=0.749 cycA=0.072 cycB=0.085 idtA=0.053 idtB=0.080 D_A=0.082 D_B=0.127 D_A(real)=0.83 D_A(fake)=0.17 gnG=46.91 gnD=14.01 it_per_s=9.85
2026-10-02 18:11:44,329 INFO iter=261900 epoch=38 lr=2.79e-05 G=3.573 advA2B=0.585 advB2A=0.746 cycA=0.072 cycB=0.085 idtA=0.053 idtB=0.080 D_A=0.082 D_B=0.127 D_A(real)=0.83 D_A(fake)=0.17 gnG=46.53 gnD=13.98 it_per_s=9.85
2026-10-02 18:11:54,478 INFO iter=262000 epoch=38 lr=2.77e-05 G=3.576 advA2B=0.586 advB2A=0.746 cycA=0.072 cycB=0.085 idtA=0.053 idtB=0.081 D_A=0.082 D_B=0.127 D_A(real)=0.83 D_A(fake)=0.17 gnG=46.54 gnD=13.99 it_per_s=9.85
2026-10-02 18:12:04,638 INFO iter=262100 epoch=38 lr=2.76e-05 G=3.573 advA2B=0.589 advB2A=0.744 cycA=0.072 cycB=0.085 idtA=0.054 idtB=0.080 D_A=0.083 D_B=0.127 D_A(real)=0.83 D_A(fake)=0.17 gnG=46.65 gnD=14.04 it_per_s=9.85
2026-10-02 18:12:14,817 INFO iter=262200 epoch=38 lr=2.75e-05 G=3.573 advA2B=0.586 advB2A=0.742 cycA=0.072 cycB=0.086 idtA=0.053 idtB=0.080 D_A=0.083 D_B=0.127 D_A(real)=0.83 D_A(fake)=0.17 gnG=46.61 gnD=14.06 it_per_s=9.85
2026-10-02 18:12:24,905 INFO iter=262300 epoch=38 lr=2.73e-05 G=3.573 advA2B=0.588 advB2A=0.740 cycA=0.072 cycB=0.086 idtA=0.054 idtB=0.080 D_A=0.083 D_B=0.127 D_A(real)=0.83 D_A(fake)=0.17 gnG=46.81 gnD=14.07 it_per_s=9.85
2026-10-02 18:12:35,055 INFO iter=262400 epoch=38 lr=2.72e-05 G=3.572 advA2B=0.587 advB2A=0.740 cycA=0.072 cycB=0.086 idtA=0.054 idtB=0.081 D_A=0.083 D_B=0.126 D_A(real)=0.83 D_A(fake)=0.17 gnG=46.89 gnD=14.06 it_per_s=9.85
2026-10-02 18:12:45,199 INFO iter=262500 epoch=38 lr=2.70e-05 G=3.576 advA2B=0.586 advB2A=0.738 cycA=0.072 cycB=0.086 idtA=0.054 idtB=0.081 D_A=0.083 D_B=0.127 D_A(real)=0.83 D_A(fake)=0.17 gnG=46.74 gnD=14.06 it_per_s=9.85
2026-10-02 18:12:55,334 INFO iter=262600 epoch=38 lr=2.69e-05 G=3.579 advA2B=0.587 advB2A=0.738 cycA=0.072 cycB=0.086 idtA=0.054 idtB=0.081 D_A=0.083 D_B=0.127 D_A(real)=0.83 D_A(fake)=0.17 gnG=46.76 gnD=14.07 it_per_s=9.85
2026-10-02 18:13:05,453 INFO iter=262700 epoch=38 lr=2.67e-05 G=3.574 advA2B=0.587 advB2A=0.736 cycA=0.072 cycB=0.086 idtA=0.054 idtB=0.081 D_A=0.083 D_B=0.127 D_A(real)=0.83 D_A(fake)=0.17 gnG=46.66 gnD=14.07 it_per_s=9.85
2026-10-02 18:13:15,575 INFO iter=262800 epoch=38 lr=2.66e-05 G=3.573 advA2B=0.584 advB2A=0.736 cycA=0.072 cycB=0.086 idtA=0.054 idtB=0.081 D_A=0.083 D_B=0.127 D_A(real)=0.83 D_A(fake)=0.17 gnG=46.68 gnD=14.09 it_per_s=9.85
2026-10-02 18:13:25,716 INFO iter=262900 epoch=38 lr=2.65e-05 G=3.566 advA2B=0.583 advB2A=0.735 cycA=0.072 cycB=0.086 idtA=0.054 idtB=0.081 D_A=0.083 D_B=0.127 D_A(real)=0.83 D_A(fake)=0.17 gnG=46.74 gnD=14.07 it_per_s=9.85
2026-10-02 18:13:35,815 INFO iter=263000 epoch=38 lr=2.63e-05 G=3.575 advA2B=0.585 advB2A=0.734 cycA=0.072 cycB=0.086 idtA=0.054 idtB=0.081 D_A=0.083 D_B=0.127 D_A(real)=0.83 D_A(fake)=0.17 gnG=46.67 gnD=14.08 it_per_s=9.86
2026-10-02 18:13:45,976 INFO iter=263100 epoch=38 lr=2.62e-05 G=3.573 advA2B=0.586 advB2A=0.734 cycA=0.072 cycB=0.086 idtA=0.054 idtB=0.081 D_A=0.083 D_B=0.127 D_A(real)=0.83 D_A(fake)=0.17 gnG=46.71 gnD=14.07 it_per_s=9.86
2026-10-02 18:13:56,163 INFO iter=263200 epoch=38 lr=2.60e-05 G=3.575 advA2B=0.585 advB2A=0.734 cycA=0.072 cycB=0.086 idtA=0.054 idtB=0.081 D_A=0.083 D_B=0.127 D_A(real)=0.83 D_A(fake)=0.17 gnG=46.73 gnD=14.07 it_per_s=9.85
2026-10-02 18:14:06,378 INFO iter=263300 epoch=38 lr=2.59e-05 G=3.572 advA2B=0.584 advB2A=0.734 cycA=0.072 cycB=0.086 idtA=0.054 idtB=0.081 D_A=0.083 D_B=0.128 D_A(real)=0.83 D_A(fake)=0.17 gnG=46.78 gnD=14.09 it_per_s=9.85
2026-10-02 18:14:16,513 INFO iter=263400 epoch=38 lr=2.57e-05 G=3.573 advA2B=0.585 advB2A=0.733 cycA=0.072 cycB=0.086 idtA=0.054 idtB=0.081 D_A=0.083 D_B=0.127 D_A(real)=0.83 D_A(fake)=0.17 gnG=46.89 gnD=14.05 it_per_s=9.85
2026-10-02 18:14:26,641 INFO iter=263500 epoch=38 lr=2.56e-05 G=3.573 advA2B=0.586 advB2A=0.734 cycA=0.072 cycB=0.086 idtA=0.054 idtB=0.081 D_A=0.083 D_B=0.127 D_A(real)=0.83 D_A(fake)=0.17 gnG=46.86 gnD=14.05 it_per_s=9.85
2026-10-02 18:14:36,761 INFO iter=263600 epoch=38 lr=2.55e-05 G=3.571 advA2B=0.586 advB2A=0.733 cycA=0.072 cycB=0.086 idtA=0.054 idtB=0.081 D_A=0.083 D_B=0.127 D_A(real)=0.83 D_A(fake)=0.17 gnG=46.70 gnD=14.05 it_per_s=9.85
2026-10-02 18:14:46,865 INFO iter=263700 epoch=38 lr=2.53e-05 G=3.569 advA2B=0.588 advB2A=0.731 cycA=0.072 cycB=0.086 idtA=0.053 idtB=0.081 D_A=0.083 D_B=0.127 D_A(real)=0.83 D_A(fake)=0.17 gnG=47.00 gnD=14.07 it_per_s=9.86
2026-10-02 18:14:57,010 INFO iter=263800 epoch=38 lr=2.52e-05 G=3.572 advA2B=0.588 advB2A=0.732 cycA=0.072 cycB=0.086 idtA=0.054 idtB=0.081 D_A=0.083 D_B=0.127 D_A(real)=0.83 D_A(fake)=0.17 gnG=46.99 gnD=14.09 it_per_s=9.86
2026-10-02 18:15:07,247 INFO iter=263900 epoch=38 lr=2.50e-05 G=3.572 advA2B=0.587 advB2A=0.732 cycA=0.072 cycB=0.086 idtA=0.054 idtB=0.081 D_A=0.083 D_B=0.127 D_A(real)=0.83 D_A(fake)=0.17 gnG=46.80 gnD=14.11 it_per_s=9.85
2026-10-02 18:15:17,397 INFO iter=264000 epoch=38 lr=2.49e-05 G=3.573 advA2B=0.586 advB2A=0.731 cycA=0.072 cycB=0.086 idtA=0.054 idtB=0.081 D_A=0.084 D_B=0.127 D_A(real)=0.83 D_A(fake)=0.17 gnG=46.72 gnD=14.11 it_per_s=9.85
2026-10-02 18:15:27,493 INFO iter=264100 epoch=38 lr=2.48e-05 G=3.571 advA2B=0.585 advB2A=0.731 cycA=0.072 cycB=0.086 idtA=0.054 idtB=0.081 D_A=0.084 D_B=0.127 D_A(real)=0.83 D_A(fake)=0.17 gnG=46.67 gnD=14.09 it_per_s=9.85
2026-10-02 18:15:37,617 INFO iter=264200 epoch=38 lr=2.46e-05 G=3.576 advA2B=0.586 advB2A=0.733 cycA=0.072 cycB=0.086 idtA=0.054 idtB=0.081 D_A=0.083 D_B=0.127 D_A(real)=0.83 D_A(fake)=0.17 gnG=46.82 gnD=14.10 it_per_s=9.85
2026-10-02 18:15:47,784 INFO iter=264300 epoch=38 lr=2.45e-05 G=3.576 advA2B=0.586 advB2A=0.734 cycA=0.072 cycB=0.086 idtA=0.054 idtB=0.081 D_A=0.083 D_B=0.127 D_A(real)=0.83 D_A(fake)=0.17 gnG=46.87 gnD=14.08 it_per_s=9.85
2026-10-02 18:15:57,932 INFO iter=264400 epoch=38 lr=2.43e-05 G=3.574 advA2B=0.585 advB2A=0.735 cycA=0.072 cycB=0.086 idtA=0.054 idtB=0.081 D_A=0.083 D_B=0.127 D_A(real)=0.83 D_A(fake)=0.17 gnG=46.90 gnD=14.09 it_per_s=9.85
2026-10-02 18:16:08,152 INFO iter=264500 epoch=38 lr=2.42e-05 G=3.571 advA2B=0.584 advB2A=0.734 cycA=0.072 cycB=0.086 idtA=0.054 idtB=0.081 D_A=0.083 D_B=0.127 D_A(real)=0.83 D_A(fake)=0.17 gnG=46.99 gnD=14.11 it_per_s=9.85
2026-10-02 18:16:18,319 INFO iter=264600 epoch=38 lr=2.40e-05 G=3.573 advA2B=0.584 advB2A=0.736 cycA=0.072 cycB=0.086 idtA=0.054 idtB=0.081 D_A=0.083 D_B=0.127 D_A(real)=0.83 D_A(fake)=0.17 gnG=47.15 gnD=14.11 it_per_s=9.85
2026-10-02 18:16:28,685 INFO iter=264700 epoch=38 lr=2.39e-05 G=3.571 advA2B=0.584 advB2A=0.734 cycA=0.072 cycB=0.086 idtA=0.054 idtB=0.081 D_A=0.083 D_B=0.127 D_A(real)=0.83 D_A(fake)=0.17 gnG=47.05 gnD=14.13 it_per_s=9.85
2026-10-02 18:16:38,943 INFO iter=264800 epoch=38 lr=2.38e-05 G=3.570 advA2B=0.585 advB2A=0.733 cycA=0.072 cycB=0.086 idtA=0.054 idtB=0.081 D_A=0.083 D_B=0.127 D_A(real)=0.83 D_A(fake)=0.17 gnG=47.23 gnD=14.12 it_per_s=9.85
2026-10-02 18:16:49,162 INFO iter=264900 epoch=38 lr=2.36e-05 G=3.571 advA2B=0.585 advB2A=0.733 cycA=0.072 cycB=0.086 idtA=0.054 idtB=0.081 D_A=0.083 D_B=0.127 D_A(real)=0.83 D_A(fake)=0.17 gnG=47.26 gnD=14.14 it_per_s=9.84
2026-10-02 18:16:59,379 INFO iter=265000 epoch=38 lr=2.35e-05 G=3.572 advA2B=0.586 advB2A=0.733 cycA=0.072 cycB=0.086 idtA=0.054 idtB=0.081 D_A=0.083 D_B=0.127 D_A(real)=0.83 D_A(fake)=0.17 gnG=47.34 gnD=14.14 it_per_s=9.84
2026-10-02 18:17:09,532 INFO iter=265100 epoch=38 lr=2.33e-05 G=3.574 advA2B=0.586 advB2A=0.734 cycA=0.072 cycB=0.086 idtA=0.054 idtB=0.081 D_A=0.083 D_B=0.127 D_A(real)=0.83 D_A(fake)=0.17 gnG=47.39 gnD=14.15 it_per_s=9.84
2026-10-02 18:17:19,670 INFO iter=265200 epoch=38 lr=2.32e-05 G=3.574 advA2B=0.586 advB2A=0.735 cycA=0.072 cycB=0.086 idtA=0.054 idtB=0.081 D_A=0.083 D_B=0.127 D_A(real)=0.83 D_A(fake)=0.17 gnG=47.42 gnD=14.14 it_per_s=9.84
2026-10-02 18:17:29,793 INFO iter=265300 epoch=38 lr=2.30e-05 G=3.571 advA2B=0.585 advB2A=0.735 cycA=0.072 cycB=0.086 idtA=0.054 idtB=0.081 D_A=0.083 D_B=0.127 D_A(real)=0.83 D_A(fake)=0.17 gnG=47.44 gnD=14.13 it_per_s=9.84
2026-10-02 18:17:39,911 INFO iter=265400 epoch=38 lr=2.29e-05 G=3.571 advA2B=0.585 advB2A=0.735 cycA=0.072 cycB=0.086 idtA=0.054 idtB=0.081 D_A=0.083 D_B=0.127 D_A(real)=0.83 D_A(fake)=0.17 gnG=47.43 gnD=14.13 it_per_s=9.84
2026-10-02 18:17:50,009 INFO iter=265500 epoch=38 lr=2.28e-05 G=3.572 advA2B=0.585 advB2A=0.735 cycA=0.072 cycB=0.086 idtA=0.054 idtB=0.081 D_A=0.083 D_B=0.127 D_A(real)=0.83 D_A(fake)=0.17 gnG=47.48 gnD=14.12 it_per_s=9.85
2026-10-02 18:18:00,133 INFO iter=265600 epoch=38 lr=2.26e-05 G=3.571 advA2B=0.586 advB2A=0.735 cycA=0.072 cycB=0.086 idtA=0.054 idtB=0.081 D_A=0.083 D_B=0.127 D_A(real)=0.83 D_A(fake)=0.17 gnG=47.47 gnD=14.11 it_per_s=9.85
2026-10-02 18:18:10,216 INFO iter=265700 epoch=38 lr=2.25e-05 G=3.570 advA2B=0.586 advB2A=0.736 cycA=0.072 cycB=0.086 idtA=0.054 idtB=0.081 D_A=0.083 D_B=0.127 D_A(real)=0.83 D_A(fake)=0.17 gnG=47.54 gnD=14.12 it_per_s=9.85
2026-10-02 18:18:20,315 INFO iter=265800 epoch=38 lr=2.23e-05 G=3.567 advA2B=0.585 advB2A=0.735 cycA=0.072 cycB=0.086 idtA=0.054 idtB=0.080 D_A=0.083 D_B=0.127 D_A(real)=0.83 D_A(fake)=0.17 gnG=47.63 gnD=14.14 it_per_s=9.85
2026-10-02 18:18:30,425 INFO iter=265900 epoch=38 lr=2.22e-05 G=3.569 advA2B=0.585 advB2A=0.736 cycA=0.072 cycB=0.086 idtA=0.054 idtB=0.081 D_A=0.083 D_B=0.127 D_A(real)=0.83 D_A(fake)=0.17 gnG=47.66 gnD=14.14 it_per_s=9.85
2026-10-02 18:18:40,536 INFO iter=266000 epoch=38 lr=2.21e-05 G=3.568 advA2B=0.584 advB2A=0.736 cycA=0.072 cycB=0.086 idtA=0.054 idtB=0.081 D_A=0.083 D_B=0.127 D_A(real)=0.83 D_A(fake)=0.17 gnG=47.73 gnD=14.17 it_per_s=9.85
2026-10-02 18:18:50,683 INFO iter=266100 epoch=38 lr=2.19e-05 G=3.567 advA2B=0.584 advB2A=0.736 cycA=0.072 cycB=0.086 idtA=0.054 idtB=0.080 D_A=0.083 D_B=0.127 D_A(real)=0.83 D_A(fake)=0.17 gnG=47.78 gnD=14.18 it_per_s=9.85
2026-10-02 18:19:00,824 INFO iter=266200 epoch=38 lr=2.18e-05 G=3.565 advA2B=0.584 advB2A=0.736 cycA=0.072 cycB=0.086 idtA=0.053 idtB=0.080 D_A=0.083 D_B=0.127 D_A(real)=0.83 D_A(fake)=0.17 gnG=47.77 gnD=14.17 it_per_s=9.85
2026-10-02 18:19:10,955 INFO iter=266300 epoch=38 lr=2.16e-05 G=3.565 advA2B=0.583 advB2A=0.736 cycA=0.072 cycB=0.086 idtA=0.053 idtB=0.080 D_A=0.083 D_B=0.127 D_A(real)=0.83 D_A(fake)=0.17 gnG=47.82 gnD=14.17 it_per_s=9.85
2026-10-02 18:19:21,068 INFO iter=266400 epoch=38 lr=2.15e-05 G=3.566 advA2B=0.584 advB2A=0.736 cycA=0.072 cycB=0.086 idtA=0.054 idtB=0.080 D_A=0.083 D_B=0.127 D_A(real)=0.83 D_A(fake)=0.17 gnG=47.82 gnD=14.18 it_per_s=9.85
2026-10-02 18:19:31,194 INFO iter=266500 epoch=38 lr=2.13e-05 G=3.566 advA2B=0.584 advB2A=0.736 cycA=0.072 cycB=0.086 idtA=0.054 idtB=0.080 D_A=0.083 D_B=0.127 D_A(real)=0.83 D_A(fake)=0.17 gnG=47.85 gnD=14.18 it_per_s=9.85
2026-10-02 18:19:41,365 INFO iter=266600 epoch=38 lr=2.12e-05 G=3.566 advA2B=0.584 advB2A=0.735 cycA=0.072 cycB=0.086 idtA=0.054 idtB=0.080 D_A=0.083 D_B=0.127 D_A(real)=0.83 D_A(fake)=0.17 gnG=47.88 gnD=14.21 it_per_s=9.85
2026-10-02 18:19:51,475 INFO iter=266700 epoch=38 lr=2.11e-05 G=3.566 advA2B=0.584 advB2A=0.736 cycA=0.072 cycB=0.086 idtA=0.054 idtB=0.080 D_A=0.083 D_B=0.127 D_A(real)=0.83 D_A(fake)=0.17 gnG=47.98 gnD=14.22 it_per_s=9.85
2026-10-02 18:20:01,648 INFO iter=266800 epoch=38 lr=2.09e-05 G=3.565 advA2B=0.583 advB2A=0.736 cycA=0.072 cycB=0.086 idtA=0.054 idtB=0.080 D_A=0.083 D_B=0.127 D_A(real)=0.83 D_A(fake)=0.17 gnG=47.88 gnD=14.22 it_per_s=9.85
2026-10-02 18:20:11,851 INFO iter=266900 epoch=38 lr=2.08e-05 G=3.564 advA2B=0.583 advB2A=0.736 cycA=0.072 cycB=0.086 idtA=0.054 idtB=0.080 D_A=0.083 D_B=0.128 D_A(real)=0.83 D_A(fake)=0.17 gnG=47.86 gnD=14.23 it_per_s=9.85
2026-10-02 18:20:22,014 INFO iter=267000 epoch=38 lr=2.06e-05 G=3.564 advA2B=0.583 advB2A=0.736 cycA=0.072 cycB=0.086 idtA=0.054 idtB=0.080 D_A=0.083 D_B=0.128 D_A(real)=0.83 D_A(fake)=0.17 gnG=47.86 gnD=14.24 it_per_s=9.85
2026-10-02 18:20:32,140 INFO iter=267100 epoch=38 lr=2.05e-05 G=3.564 advA2B=0.583 advB2A=0.737 cycA=0.072 cycB=0.086 idtA=0.053 idtB=0.080 D_A=0.083 D_B=0.128 D_A(real)=0.83 D_A(fake)=0.17 gnG=47.92 gnD=14.23 it_per_s=9.85
2026-10-02 18:20:42,266 INFO iter=267200 epoch=38 lr=2.03e-05 G=3.563 advA2B=0.583 advB2A=0.737 cycA=0.072 cycB=0.086 idtA=0.053 idtB=0.080 D_A=0.083 D_B=0.128 D_A(real)=0.83 D_A(fake)=0.17 gnG=48.03 gnD=14.24 it_per_s=9.85
2026-10-02 18:20:52,385 INFO iter=267300 epoch=38 lr=2.02e-05 G=3.564 advA2B=0.583 advB2A=0.738 cycA=0.072 cycB=0.086 idtA=0.053 idtB=0.080 D_A=0.083 D_B=0.127 D_A(real)=0.83 D_A(fake)=0.17 gnG=48.12 gnD=14.23 it_per_s=9.85
2026-10-02 18:21:02,485 INFO iter=267400 epoch=38 lr=2.01e-05 G=3.562 advA2B=0.583 advB2A=0.738 cycA=0.072 cycB=0.086 idtA=0.053 idtB=0.080 D_A=0.082 D_B=0.127 D_A(real)=0.83 D_A(fake)=0.17 gnG=48.11 gnD=14.23 it_per_s=9.85
2026-10-02 18:21:06,932 INFO epoch=38 done time_s=714 it_per_s=9.85 G=3.562 cycA=0.072 cycB=0.086 idtA=0.053 idtB=0.080 D_A=0.082 D_B=0.127 D_A(real)=0.83 D_A(fake)=0.17 nan_count=0
2026-10-02 18:21:13,190 INFO iter=267500 epoch=39 lr=1.99e-05 G=3.492 advA2B=0.566 advB2A=0.678 cycA=0.070 cycB=0.087 idtA=0.052 idtB=0.085 D_A=0.088 D_B=0.130 D_A(real)=0.82 D_A(fake)=0.19 gnG=50.73 gnD=13.24 it_per_s=9.88
2026-10-02 18:21:23,575 INFO iter=267600 epoch=39 lr=1.98e-05 G=3.463 advA2B=0.560 advB2A=0.747 cycA=0.069 cycB=0.083 idtA=0.050 idtB=0.077 D_A=0.079 D_B=0.135 D_A(real)=0.83 D_A(fake)=0.16 gnG=47.82 gnD=13.98 it_per_s=9.72
2026-10-02 18:21:34,119 INFO iter=267700 epoch=39 lr=1.96e-05 G=3.452 advA2B=0.535 advB2A=0.731 cycA=0.070 cycB=0.084 idtA=0.052 idtB=0.077 D_A=0.081 D_B=0.131 D_A(real)=0.83 D_A(fake)=0.17 gnG=48.11 gnD=14.19 it_per_s=9.62
2026-10-02 18:21:44,437 INFO iter=267800 epoch=39 lr=1.95e-05 G=3.490 advA2B=0.544 advB2A=0.725 cycA=0.070 cycB=0.086 idtA=0.052 idtB=0.080 D_A=0.082 D_B=0.128 D_A(real)=0.83 D_A(fake)=0.17 gnG=48.36 gnD=14.13 it_per_s=9.64
2026-10-02 18:21:54,681 INFO iter=267900 epoch=39 lr=1.94e-05 G=3.529 advA2B=0.566 advB2A=0.729 cycA=0.071 cycB=0.086 idtA=0.053 idtB=0.080 D_A=0.083 D_B=0.124 D_A(real)=0.83 D_A(fake)=0.17 gnG=49.06 gnD=14.03 it_per_s=9.67
2026-10-02 18:22:04,875 INFO iter=268000 epoch=39 lr=1.92e-05 G=3.565 advA2B=0.571 advB2A=0.741 cycA=0.072 cycB=0.086 idtA=0.053 idtB=0.081 D_A=0.085 D_B=0.124 D_A(real)=0.82 D_A(fake)=0.18 gnG=49.31 gnD=14.28 it_per_s=9.69
2026-10-02 18:22:15,024 INFO iter=268100 epoch=39 lr=1.91e-05 G=3.564 advA2B=0.580 advB2A=0.740 cycA=0.072 cycB=0.086 idtA=0.053 idtB=0.080 D_A=0.086 D_B=0.123 D_A(real)=0.82 D_A(fake)=0.18 gnG=49.47 gnD=14.19 it_per_s=9.72
2026-10-02 18:22:25,260 INFO iter=268200 epoch=39 lr=1.89e-05 G=3.569 advA2B=0.583 advB2A=0.740 cycA=0.072 cycB=0.086 idtA=0.053 idtB=0.080 D_A=0.085 D_B=0.122 D_A(real)=0.82 D_A(fake)=0.18 gnG=48.95 gnD=14.17 it_per_s=9.72
2026-10-02 18:22:35,444 INFO iter=268300 epoch=39 lr=1.88e-05 G=3.566 advA2B=0.583 advB2A=0.736 cycA=0.072 cycB=0.086 idtA=0.054 idtB=0.080 D_A=0.083 D_B=0.123 D_A(real)=0.83 D_A(fake)=0.17 gnG=49.17 gnD=14.12 it_per_s=9.74
2026-10-02 18:22:45,560 INFO iter=268400 epoch=39 lr=1.86e-05 G=3.561 advA2B=0.584 advB2A=0.731 cycA=0.072 cycB=0.085 idtA=0.053 idtB=0.080 D_A=0.083 D_B=0.124 D_A(real)=0.83 D_A(fake)=0.17 gnG=48.74 gnD=14.19 it_per_s=9.75
2026-10-02 18:22:55,703 INFO iter=268500 epoch=39 lr=1.85e-05 G=3.558 advA2B=0.587 advB2A=0.732 cycA=0.072 cycB=0.085 idtA=0.053 idtB=0.080 D_A=0.082 D_B=0.123 D_A(real)=0.83 D_A(fake)=0.17 gnG=48.42 gnD=14.17 it_per_s=9.76
2026-10-02 18:23:05,890 INFO iter=268600 epoch=39 lr=1.84e-05 G=3.542 advA2B=0.584 advB2A=0.729 cycA=0.072 cycB=0.085 idtA=0.053 idtB=0.079 D_A=0.082 D_B=0.124 D_A(real)=0.83 D_A(fake)=0.17 gnG=48.54 gnD=14.23 it_per_s=9.77
2026-10-02 18:23:16,010 INFO iter=268700 epoch=39 lr=1.82e-05 G=3.548 advA2B=0.584 advB2A=0.730 cycA=0.072 cycB=0.085 idtA=0.053 idtB=0.080 D_A=0.082 D_B=0.124 D_A(real)=0.83 D_A(fake)=0.17 gnG=49.09 gnD=14.28 it_per_s=9.78
2026-10-02 18:23:26,152 INFO iter=268800 epoch=39 lr=1.81e-05 G=3.548 advA2B=0.583 advB2A=0.733 cycA=0.072 cycB=0.085 idtA=0.053 idtB=0.079 D_A=0.082 D_B=0.124 D_A(real)=0.83 D_A(fake)=0.17 gnG=49.19 gnD=14.30 it_per_s=9.78
2026-10-02 18:23:36,295 INFO iter=268900 epoch=39 lr=1.79e-05 G=3.543 advA2B=0.583 advB2A=0.734 cycA=0.072 cycB=0.084 idtA=0.053 idtB=0.079 D_A=0.082 D_B=0.124 D_A(real)=0.83 D_A(fake)=0.17 gnG=49.57 gnD=14.29 it_per_s=9.79
2026-10-02 18:23:46,403 INFO iter=269000 epoch=39 lr=1.78e-05 G=3.540 advA2B=0.583 advB2A=0.734 cycA=0.072 cycB=0.084 idtA=0.053 idtB=0.079 D_A=0.081 D_B=0.125 D_A(real)=0.83 D_A(fake)=0.17 gnG=49.48 gnD=14.35 it_per_s=9.79
2026-10-02 18:23:56,501 INFO iter=269100 epoch=39 lr=1.76e-05 G=3.551 advA2B=0.586 advB2A=0.738 cycA=0.072 cycB=0.085 idtA=0.053 idtB=0.079 D_A=0.081 D_B=0.124 D_A(real)=0.83 D_A(fake)=0.17 gnG=49.53 gnD=14.34 it_per_s=9.80
2026-10-02 18:24:06,637 INFO iter=269200 epoch=39 lr=1.75e-05 G=3.542 advA2B=0.583 advB2A=0.737 cycA=0.072 cycB=0.084 idtA=0.053 idtB=0.079 D_A=0.081 D_B=0.125 D_A(real)=0.83 D_A(fake)=0.17 gnG=49.72 gnD=14.39 it_per_s=9.80
2026-10-02 18:24:16,937 INFO iter=269300 epoch=39 lr=1.74e-05 G=3.541 advA2B=0.585 advB2A=0.734 cycA=0.072 cycB=0.084 idtA=0.053 idtB=0.079 D_A=0.081 D_B=0.125 D_A(real)=0.83 D_A(fake)=0.17 gnG=49.76 gnD=14.40 it_per_s=9.80
2026-10-02 18:24:27,092 INFO iter=269400 epoch=39 lr=1.72e-05 G=3.541 advA2B=0.587 advB2A=0.734 cycA=0.072 cycB=0.084 idtA=0.053 idtB=0.079 D_A=0.082 D_B=0.125 D_A(real)=0.83 D_A(fake)=0.17 gnG=49.82 gnD=14.47 it_per_s=9.80
2026-10-02 18:24:37,158 INFO iter=269500 epoch=39 lr=1.71e-05 G=3.539 advA2B=0.585 advB2A=0.733 cycA=0.072 cycB=0.084 idtA=0.053 idtB=0.079 D_A=0.081 D_B=0.125 D_A(real)=0.83 D_A(fake)=0.17 gnG=50.00 gnD=14.46 it_per_s=9.81
2026-10-02 18:24:47,306 INFO iter=269600 epoch=39 lr=1.69e-05 G=3.542 advA2B=0.585 advB2A=0.731 cycA=0.072 cycB=0.084 idtA=0.053 idtB=0.079 D_A=0.082 D_B=0.126 D_A(real)=0.83 D_A(fake)=0.17 gnG=50.09 gnD=14.50 it_per_s=9.81
2026-10-02 18:24:57,484 INFO iter=269700 epoch=39 lr=1.68e-05 G=3.541 advA2B=0.587 advB2A=0.730 cycA=0.072 cycB=0.084 idtA=0.053 idtB=0.079 D_A=0.081 D_B=0.126 D_A(real)=0.83 D_A(fake)=0.17 gnG=50.18 gnD=14.49 it_per_s=9.81
2026-10-02 18:25:07,567 INFO iter=269800 epoch=39 lr=1.67e-05 G=3.543 advA2B=0.587 advB2A=0.733 cycA=0.072 cycB=0.084 idtA=0.053 idtB=0.079 D_A=0.081 D_B=0.125 D_A(real)=0.83 D_A(fake)=0.17 gnG=50.54 gnD=14.50 it_per_s=9.81
2026-10-02 18:25:17,739 INFO iter=269900 epoch=39 lr=1.65e-05 G=3.546 advA2B=0.589 advB2A=0.732 cycA=0.072 cycB=0.084 idtA=0.053 idtB=0.079 D_A=0.081 D_B=0.125 D_A(real)=0.83 D_A(fake)=0.17 gnG=50.70 gnD=14.50 it_per_s=9.82
2026-10-02 18:25:27,880 INFO iter=270000 epoch=39 lr=1.64e-05 G=3.542 advA2B=0.588 advB2A=0.731 cycA=0.072 cycB=0.084 idtA=0.053 idtB=0.079 D_A=0.081 D_B=0.126 D_A(real)=0.83 D_A(fake)=0.17 gnG=50.70 gnD=14.53 it_per_s=9.82
2026-10-02 18:25:38,015 INFO iter=270100 epoch=39 lr=1.62e-05 G=3.545 advA2B=0.590 advB2A=0.732 cycA=0.072 cycB=0.084 idtA=0.053 idtB=0.079 D_A=0.081 D_B=0.126 D_A(real)=0.83 D_A(fake)=0.17 gnG=50.98 gnD=14.52 it_per_s=9.82
2026-10-02 18:25:48,127 INFO iter=270200 epoch=39 lr=1.61e-05 G=3.542 advA2B=0.589 advB2A=0.732 cycA=0.072 cycB=0.084 idtA=0.053 idtB=0.079 D_A=0.081 D_B=0.126 D_A(real)=0.83 D_A(fake)=0.17 gnG=51.10 gnD=14.53 it_per_s=9.82
2026-10-02 18:25:58,274 INFO iter=270300 epoch=39 lr=1.59e-05 G=3.545 advA2B=0.589 advB2A=0.732 cycA=0.072 cycB=0.084 idtA=0.053 idtB=0.079 D_A=0.081 D_B=0.125 D_A(real)=0.83 D_A(fake)=0.17 gnG=51.28 gnD=14.49 it_per_s=9.82
2026-10-02 18:26:08,378 INFO iter=270400 epoch=39 lr=1.58e-05 G=3.546 advA2B=0.589 advB2A=0.732 cycA=0.072 cycB=0.084 idtA=0.053 idtB=0.079 D_A=0.081 D_B=0.125 D_A(real)=0.83 D_A(fake)=0.17 gnG=51.44 gnD=14.50 it_per_s=9.83
2026-10-02 18:26:18,484 INFO iter=270500 epoch=39 lr=1.57e-05 G=3.548 advA2B=0.589 advB2A=0.732 cycA=0.072 cycB=0.084 idtA=0.053 idtB=0.079 D_A=0.081 D_B=0.125 D_A(real)=0.83 D_A(fake)=0.17 gnG=51.50 gnD=14.50 it_per_s=9.83
2026-10-02 18:26:28,609 INFO iter=270600 epoch=39 lr=1.55e-05 G=3.544 advA2B=0.587 advB2A=0.732 cycA=0.072 cycB=0.085 idtA=0.053 idtB=0.079 D_A=0.081 D_B=0.126 D_A(real)=0.83 D_A(fake)=0.17 gnG=51.47 gnD=14.52 it_per_s=9.83
2026-10-02 18:26:38,776 INFO iter=270700 epoch=39 lr=1.54e-05 G=3.547 advA2B=0.587 advB2A=0.734 cycA=0.072 cycB=0.085 idtA=0.053 idtB=0.079 D_A=0.081 D_B=0.125 D_A(real)=0.83 D_A(fake)=0.17 gnG=51.63 gnD=14.51 it_per_s=9.83
2026-10-02 18:26:48,953 INFO iter=270800 epoch=39 lr=1.52e-05 G=3.549 advA2B=0.588 advB2A=0.734 cycA=0.072 cycB=0.085 idtA=0.053 idtB=0.079 D_A=0.081 D_B=0.125 D_A(real)=0.83 D_A(fake)=0.17 gnG=52.25 gnD=14.53 it_per_s=9.83
2026-10-02 18:26:59,084 INFO iter=270900 epoch=39 lr=1.51e-05 G=3.552 advA2B=0.589 advB2A=0.735 cycA=0.072 cycB=0.085 idtA=0.053 idtB=0.079 D_A=0.081 D_B=0.125 D_A(real)=0.83 D_A(fake)=0.17 gnG=52.46 gnD=14.52 it_per_s=9.83
2026-10-02 18:27:09,236 INFO iter=271000 epoch=39 lr=1.49e-05 G=3.551 advA2B=0.588 advB2A=0.735 cycA=0.072 cycB=0.085 idtA=0.053 idtB=0.079 D_A=0.081 D_B=0.125 D_A(real)=0.83 D_A(fake)=0.17 gnG=52.65 gnD=14.53 it_per_s=9.83
2026-10-02 18:27:19,374 INFO iter=271100 epoch=39 lr=1.48e-05 G=3.551 advA2B=0.588 advB2A=0.736 cycA=0.072 cycB=0.085 idtA=0.053 idtB=0.079 D_A=0.081 D_B=0.125 D_A(real)=0.83 D_A(fake)=0.17 gnG=52.89 gnD=14.52 it_per_s=9.83
2026-10-02 18:27:29,582 INFO iter=271200 epoch=39 lr=1.47e-05 G=3.552 advA2B=0.588 advB2A=0.736 cycA=0.072 cycB=0.085 idtA=0.053 idtB=0.079 D_A=0.081 D_B=0.125 D_A(real)=0.83 D_A(fake)=0.17 gnG=53.04 gnD=14.51 it_per_s=9.83
2026-10-02 18:27:39,749 INFO iter=271300 epoch=39 lr=1.45e-05 G=3.553 advA2B=0.588 advB2A=0.735 cycA=0.072 cycB=0.085 idtA=0.053 idtB=0.079 D_A=0.080 D_B=0.125 D_A(real)=0.83 D_A(fake)=0.17 gnG=53.15 gnD=14.51 it_per_s=9.83
2026-10-02 18:27:49,889 INFO iter=271400 epoch=39 lr=1.44e-05 G=3.552 advA2B=0.587 advB2A=0.736 cycA=0.072 cycB=0.085 idtA=0.053 idtB=0.079 D_A=0.080 D_B=0.125 D_A(real)=0.83 D_A(fake)=0.17 gnG=53.34 gnD=14.51 it_per_s=9.83
2026-10-02 18:28:00,055 INFO iter=271500 epoch=39 lr=1.42e-05 G=3.554 advA2B=0.587 advB2A=0.736 cycA=0.072 cycB=0.085 idtA=0.053 idtB=0.079 D_A=0.080 D_B=0.125 D_A(real)=0.83 D_A(fake)=0.17 gnG=53.42 gnD=14.49 it_per_s=9.83
2026-10-02 18:28:10,187 INFO iter=271600 epoch=39 lr=1.41e-05 G=3.553 advA2B=0.587 advB2A=0.735 cycA=0.072 cycB=0.085 idtA=0.053 idtB=0.079 D_A=0.080 D_B=0.125 D_A(real)=0.83 D_A(fake)=0.17 gnG=53.52 gnD=14.52 it_per_s=9.83
2026-10-02 18:28:20,288 INFO iter=271700 epoch=39 lr=1.40e-05 G=3.551 advA2B=0.586 advB2A=0.736 cycA=0.072 cycB=0.085 idtA=0.053 idtB=0.079 D_A=0.080 D_B=0.126 D_A(real)=0.83 D_A(fake)=0.17 gnG=53.66 gnD=14.55 it_per_s=9.83
2026-10-02 18:28:30,421 INFO iter=271800 epoch=39 lr=1.38e-05 G=3.552 advA2B=0.588 advB2A=0.736 cycA=0.072 cycB=0.085 idtA=0.053 idtB=0.079 D_A=0.080 D_B=0.125 D_A(real)=0.83 D_A(fake)=0.17 gnG=53.88 gnD=14.54 it_per_s=9.84
2026-10-02 18:28:40,601 INFO iter=271900 epoch=39 lr=1.37e-05 G=3.552 advA2B=0.588 advB2A=0.737 cycA=0.072 cycB=0.085 idtA=0.053 idtB=0.079 D_A=0.080 D_B=0.125 D_A(real)=0.83 D_A(fake)=0.17 gnG=54.12 gnD=14.53 it_per_s=9.83
2026-10-02 18:28:50,766 INFO iter=272000 epoch=39 lr=1.35e-05 G=3.552 advA2B=0.588 advB2A=0.736 cycA=0.072 cycB=0.085 idtA=0.053 idtB=0.079 D_A=0.080 D_B=0.126 D_A(real)=0.83 D_A(fake)=0.17 gnG=54.55 gnD=14.54 it_per_s=9.83
2026-10-02 18:29:00,870 INFO iter=272100 epoch=39 lr=1.34e-05 G=3.551 advA2B=0.588 advB2A=0.736 cycA=0.072 cycB=0.085 idtA=0.053 idtB=0.079 D_A=0.080 D_B=0.126 D_A(real)=0.83 D_A(fake)=0.17 gnG=54.64 gnD=14.55 it_per_s=9.84
2026-10-02 18:29:11,019 INFO iter=272200 epoch=39 lr=1.32e-05 G=3.550 advA2B=0.588 advB2A=0.737 cycA=0.072 cycB=0.084 idtA=0.053 idtB=0.079 D_A=0.080 D_B=0.126 D_A(real)=0.83 D_A(fake)=0.17 gnG=54.69 gnD=14.56 it_per_s=9.84
2026-10-02 18:29:21,147 INFO iter=272300 epoch=39 lr=1.31e-05 G=3.549 advA2B=0.587 advB2A=0.737 cycA=0.072 cycB=0.085 idtA=0.053 idtB=0.079 D_A=0.080 D_B=0.126 D_A(real)=0.83 D_A(fake)=0.17 gnG=54.84 gnD=14.59 it_per_s=9.84
2026-10-02 18:29:31,316 INFO iter=272400 epoch=39 lr=1.30e-05 G=3.550 advA2B=0.587 advB2A=0.737 cycA=0.072 cycB=0.085 idtA=0.053 idtB=0.079 D_A=0.080 D_B=0.126 D_A(real)=0.83 D_A(fake)=0.17 gnG=54.99 gnD=14.58 it_per_s=9.84
2026-10-02 18:29:41,458 INFO iter=272500 epoch=39 lr=1.28e-05 G=3.549 advA2B=0.588 advB2A=0.737 cycA=0.072 cycB=0.085 idtA=0.053 idtB=0.079 D_A=0.080 D_B=0.126 D_A(real)=0.83 D_A(fake)=0.17 gnG=55.22 gnD=14.58 it_per_s=9.84
2026-10-02 18:29:51,596 INFO iter=272600 epoch=39 lr=1.27e-05 G=3.548 advA2B=0.588 advB2A=0.737 cycA=0.072 cycB=0.085 idtA=0.053 idtB=0.079 D_A=0.080 D_B=0.126 D_A(real)=0.83 D_A(fake)=0.17 gnG=55.38 gnD=14.58 it_per_s=9.84
2026-10-02 18:30:01,680 INFO iter=272700 epoch=39 lr=1.25e-05 G=3.549 advA2B=0.588 advB2A=0.737 cycA=0.072 cycB=0.085 idtA=0.053 idtB=0.079 D_A=0.080 D_B=0.126 D_A(real)=0.83 D_A(fake)=0.17 gnG=55.49 gnD=14.60 it_per_s=9.84
2026-10-02 18:30:11,822 INFO iter=272800 epoch=39 lr=1.24e-05 G=3.548 advA2B=0.588 advB2A=0.737 cycA=0.072 cycB=0.085 idtA=0.053 idtB=0.079 D_A=0.080 D_B=0.126 D_A(real)=0.83 D_A(fake)=0.17 gnG=55.70 gnD=14.60 it_per_s=9.84
2026-10-02 18:30:21,952 INFO iter=272900 epoch=39 lr=1.22e-05 G=3.546 advA2B=0.588 advB2A=0.738 cycA=0.072 cycB=0.084 idtA=0.053 idtB=0.079 D_A=0.080 D_B=0.126 D_A(real)=0.83 D_A(fake)=0.17 gnG=55.95 gnD=14.60 it_per_s=9.84
2026-10-02 18:30:32,089 INFO iter=273000 epoch=39 lr=1.21e-05 G=3.546 advA2B=0.587 advB2A=0.739 cycA=0.072 cycB=0.084 idtA=0.053 idtB=0.079 D_A=0.080 D_B=0.126 D_A(real)=0.83 D_A(fake)=0.17 gnG=56.05 gnD=14.61 it_per_s=9.84
2026-10-02 18:30:42,206 INFO iter=273100 epoch=39 lr=1.20e-05 G=3.543 advA2B=0.587 advB2A=0.738 cycA=0.072 cycB=0.084 idtA=0.053 idtB=0.079 D_A=0.080 D_B=0.126 D_A(real)=0.83 D_A(fake)=0.17 gnG=56.23 gnD=14.59 it_per_s=9.84
2026-10-02 18:30:52,397 INFO iter=273200 epoch=39 lr=1.18e-05 G=3.543 advA2B=0.587 advB2A=0.738 cycA=0.072 cycB=0.084 idtA=0.053 idtB=0.079 D_A=0.080 D_B=0.126 D_A(real)=0.83 D_A(fake)=0.17 gnG=56.36 gnD=14.58 it_per_s=9.84
2026-10-02 18:31:02,540 INFO iter=273300 epoch=39 lr=1.17e-05 G=3.541 advA2B=0.586 advB2A=0.737 cycA=0.072 cycB=0.084 idtA=0.053 idtB=0.079 D_A=0.080 D_B=0.126 D_A(real)=0.83 D_A(fake)=0.17 gnG=56.40 gnD=14.59 it_per_s=9.84
2026-10-02 18:31:12,624 INFO iter=273400 epoch=39 lr=1.15e-05 G=3.541 advA2B=0.587 advB2A=0.737 cycA=0.072 cycB=0.084 idtA=0.053 idtB=0.079 D_A=0.081 D_B=0.126 D_A(real)=0.83 D_A(fake)=0.17 gnG=56.52 gnD=14.61 it_per_s=9.84
2026-10-02 18:31:22,803 INFO iter=273500 epoch=39 lr=1.14e-05 G=3.541 advA2B=0.587 advB2A=0.736 cycA=0.072 cycB=0.084 idtA=0.053 idtB=0.079 D_A=0.081 D_B=0.126 D_A(real)=0.83 D_A(fake)=0.17 gnG=56.54 gnD=14.60 it_per_s=9.84
2026-10-02 18:31:33,013 INFO iter=273600 epoch=39 lr=1.13e-05 G=3.540 advA2B=0.587 advB2A=0.736 cycA=0.071 cycB=0.084 idtA=0.053 idtB=0.079 D_A=0.080 D_B=0.126 D_A(real)=0.83 D_A(fake)=0.17 gnG=56.79 gnD=14.59 it_per_s=9.84
2026-10-02 18:31:43,250 INFO iter=273700 epoch=39 lr=1.11e-05 G=3.542 advA2B=0.587 advB2A=0.737 cycA=0.071 cycB=0.084 idtA=0.053 idtB=0.079 D_A=0.080 D_B=0.126 D_A(real)=0.83 D_A(fake)=0.17 gnG=57.12 gnD=14.60 it_per_s=9.84
2026-10-02 18:31:53,480 INFO iter=273800 epoch=39 lr=1.10e-05 G=3.541 advA2B=0.588 advB2A=0.737 cycA=0.071 cycB=0.084 idtA=0.053 idtB=0.079 D_A=0.080 D_B=0.126 D_A(real)=0.83 D_A(fake)=0.17 gnG=57.34 gnD=14.59 it_per_s=9.84
2026-10-02 18:32:03,650 INFO iter=273900 epoch=39 lr=1.08e-05 G=3.541 advA2B=0.588 advB2A=0.738 cycA=0.071 cycB=0.084 idtA=0.053 idtB=0.079 D_A=0.080 D_B=0.126 D_A(real)=0.83 D_A(fake)=0.17 gnG=57.33 gnD=14.59 it_per_s=9.84
2026-10-02 18:32:13,808 INFO iter=274000 epoch=39 lr=1.07e-05 G=3.543 advA2B=0.588 advB2A=0.740 cycA=0.071 cycB=0.084 idtA=0.053 idtB=0.079 D_A=0.080 D_B=0.126 D_A(real)=0.83 D_A(fake)=0.17 gnG=57.53 gnD=14.61 it_per_s=9.84
2026-10-02 18:32:23,932 INFO iter=274100 epoch=39 lr=1.05e-05 G=3.543 advA2B=0.588 advB2A=0.739 cycA=0.071 cycB=0.084 idtA=0.053 idtB=0.079 D_A=0.080 D_B=0.126 D_A(real)=0.83 D_A(fake)=0.17 gnG=57.75 gnD=14.61 it_per_s=9.84
2026-10-02 18:32:34,037 INFO iter=274200 epoch=39 lr=1.04e-05 G=3.542 advA2B=0.588 advB2A=0.740 cycA=0.071 cycB=0.084 idtA=0.053 idtB=0.079 D_A=0.080 D_B=0.126 D_A(real)=0.83 D_A(fake)=0.17 gnG=57.68 gnD=14.62 it_per_s=9.84
2026-10-02 18:32:44,190 INFO iter=274300 epoch=39 lr=1.03e-05 G=3.542 advA2B=0.588 advB2A=0.740 cycA=0.071 cycB=0.084 idtA=0.053 idtB=0.079 D_A=0.080 D_B=0.126 D_A(real)=0.83 D_A(fake)=0.17 gnG=57.84 gnD=14.63 it_per_s=9.84
2026-10-02 18:32:54,302 INFO iter=274400 epoch=39 lr=1.01e-05 G=3.541 advA2B=0.588 advB2A=0.740 cycA=0.071 cycB=0.084 idtA=0.053 idtB=0.079 D_A=0.080 D_B=0.126 D_A(real)=0.83 D_A(fake)=0.17 gnG=57.95 gnD=14.63 it_per_s=9.84
2026-10-02 18:33:02,619 INFO epoch=39 done time_s=715 it_per_s=9.84 G=3.541 cycA=0.071 cycB=0.084 idtA=0.053 idtB=0.079 D_A=0.080 D_B=0.126 D_A(real)=0.83 D_A(fake)=0.17 nan_count=0
2026-10-02 18:33:05,051 INFO iter=274500 epoch=40 lr=9.98e-06 G=3.506 advA2B=0.545 advB2A=0.745 cycA=0.073 cycB=0.083 idtA=0.055 idtB=0.078 D_A=0.073 D_B=0.101 D_A(real)=0.88 D_A(fake)=0.19 gnG=53.94 gnD=13.36 it_per_s=9.77
2026-10-02 18:33:15,192 INFO iter=274600 epoch=40 lr=9.83e-06 G=3.503 advA2B=0.636 advB2A=0.685 cycA=0.071 cycB=0.081 idtA=0.053 idtB=0.078 D_A=0.079 D_B=0.111 D_A(real)=0.83 D_A(fake)=0.17 gnG=57.54 gnD=14.23 it_per_s=9.85
2026-10-02 18:33:25,352 INFO iter=274700 epoch=40 lr=9.69e-06 G=3.539 advA2B=0.627 advB2A=0.689 cycA=0.071 cycB=0.085 idtA=0.053 idtB=0.080 D_A=0.082 D_B=0.117 D_A(real)=0.82 D_A(fake)=0.18 gnG=62.16 gnD=14.72 it_per_s=9.84
2026-10-02 18:33:35,453 INFO iter=274800 epoch=40 lr=9.55e-06 G=3.529 advA2B=0.615 advB2A=0.706 cycA=0.071 cycB=0.084 idtA=0.052 idtB=0.080 D_A=0.081 D_B=0.113 D_A(real)=0.83 D_A(fake)=0.18 gnG=64.01 gnD=14.47 it_per_s=9.86
2026-10-02 18:33:45,562 INFO iter=274900 epoch=40 lr=9.41e-06 G=3.508 advA2B=0.609 advB2A=0.707 cycA=0.070 cycB=0.083 idtA=0.052 idtB=0.079 D_A=0.080 D_B=0.119 D_A(real)=0.83 D_A(fake)=0.17 gnG=62.58 gnD=14.82 it_per_s=9.87
2026-10-02 18:33:55,752 INFO iter=275000 epoch=40 lr=9.27e-06 G=3.517 advA2B=0.602 advB2A=0.716 cycA=0.070 cycB=0.084 idtA=0.052 idtB=0.080 D_A=0.079 D_B=0.119 D_A(real)=0.83 D_A(fake)=0.17 gnG=62.26 gnD=14.68 it_per_s=9.86
2026-10-02 18:34:05,902 INFO iter=275100 epoch=40 lr=9.12e-06 G=3.543 advA2B=0.606 advB2A=0.723 cycA=0.071 cycB=0.084 idtA=0.052 idtB=0.081 D_A=0.078 D_B=0.119 D_A(real)=0.83 D_A(fake)=0.17 gnG=62.85 gnD=14.61 it_per_s=9.86
2026-10-02 18:34:16,071 INFO iter=275200 epoch=40 lr=8.98e-06 G=3.531 advA2B=0.601 advB2A=0.718 cycA=0.071 cycB=0.084 idtA=0.053 idtB=0.080 D_A=0.079 D_B=0.120 D_A(real)=0.83 D_A(fake)=0.17 gnG=62.47 gnD=14.62 it_per_s=9.85
2026-10-02 18:34:26,218 INFO iter=275300 epoch=40 lr=8.84e-06 G=3.524 advA2B=0.596 advB2A=0.719 cycA=0.071 cycB=0.084 idtA=0.052 idtB=0.080 D_A=0.079 D_B=0.121 D_A(real)=0.83 D_A(fake)=0.17 gnG=62.92 gnD=14.62 it_per_s=9.85
2026-10-02 18:34:36,320 INFO iter=275400 epoch=40 lr=8.70e-06 G=3.521 advA2B=0.593 advB2A=0.725 cycA=0.071 cycB=0.084 idtA=0.052 idtB=0.080 D_A=0.079 D_B=0.121 D_A(real)=0.83 D_A(fake)=0.17 gnG=62.82 gnD=14.64 it_per_s=9.86
2026-10-02 18:34:46,486 INFO iter=275500 epoch=40 lr=8.55e-06 G=3.530 advA2B=0.595 advB2A=0.729 cycA=0.071 cycB=0.084 idtA=0.052 idtB=0.080 D_A=0.078 D_B=0.122 D_A(real)=0.83 D_A(fake)=0.17 gnG=62.71 gnD=14.70 it_per_s=9.86
2026-10-02 18:34:56,688 INFO iter=275600 epoch=40 lr=8.41e-06 G=3.527 advA2B=0.590 advB2A=0.732 cycA=0.071 cycB=0.084 idtA=0.052 idtB=0.080 D_A=0.078 D_B=0.122 D_A(real)=0.83 D_A(fake)=0.17 gnG=62.58 gnD=14.65 it_per_s=9.85
2026-10-02 18:35:06,800 INFO iter=275700 epoch=40 lr=8.27e-06 G=3.518 advA2B=0.588 advB2A=0.731 cycA=0.071 cycB=0.084 idtA=0.052 idtB=0.080 D_A=0.079 D_B=0.121 D_A(real)=0.83 D_A(fake)=0.17 gnG=62.73 gnD=14.68 it_per_s=9.85
2026-10-02 18:35:16,923 INFO iter=275800 epoch=40 lr=8.13e-06 G=3.518 advA2B=0.591 advB2A=0.732 cycA=0.071 cycB=0.083 idtA=0.052 idtB=0.079 D_A=0.079 D_B=0.121 D_A(real)=0.83 D_A(fake)=0.17 gnG=63.18 gnD=14.68 it_per_s=9.86
2026-10-02 18:35:27,136 INFO iter=275900 epoch=40 lr=7.99e-06 G=3.526 advA2B=0.591 advB2A=0.736 cycA=0.071 cycB=0.084 idtA=0.052 idtB=0.080 D_A=0.078 D_B=0.122 D_A(real)=0.83 D_A(fake)=0.17 gnG=62.95 gnD=14.70 it_per_s=9.85
2026-10-02 18:35:37,303 INFO iter=276000 epoch=40 lr=7.84e-06 G=3.522 advA2B=0.592 advB2A=0.734 cycA=0.070 cycB=0.083 idtA=0.052 idtB=0.080 D_A=0.078 D_B=0.122 D_A(real)=0.83 D_A(fake)=0.17 gnG=63.12 gnD=14.72 it_per_s=9.85
2026-10-02 18:35:47,482 INFO iter=276100 epoch=40 lr=7.70e-06 G=3.513 advA2B=0.590 advB2A=0.732 cycA=0.070 cycB=0.083 idtA=0.052 idtB=0.079 D_A=0.079 D_B=0.121 D_A(real)=0.83 D_A(fake)=0.17 gnG=62.89 gnD=14.73 it_per_s=9.85
2026-10-02 18:35:57,683 INFO iter=276200 epoch=40 lr=7.56e-06 G=3.515 advA2B=0.591 advB2A=0.731 cycA=0.070 cycB=0.083 idtA=0.052 idtB=0.079 D_A=0.078 D_B=0.122 D_A(real)=0.83 D_A(fake)=0.17 gnG=63.09 gnD=14.71 it_per_s=9.85
2026-10-02 18:36:07,939 INFO iter=276300 epoch=40 lr=7.42e-06 G=3.516 advA2B=0.592 advB2A=0.731 cycA=0.070 cycB=0.083 idtA=0.052 idtB=0.079 D_A=0.079 D_B=0.122 D_A(real)=0.83 D_A(fake)=0.17 gnG=62.85 gnD=14.72 it_per_s=9.84
2026-10-02 18:36:18,101 INFO iter=276400 epoch=40 lr=7.28e-06 G=3.519 advA2B=0.593 advB2A=0.735 cycA=0.070 cycB=0.083 idtA=0.052 idtB=0.079 D_A=0.078 D_B=0.122 D_A(real)=0.83 D_A(fake)=0.17 gnG=63.91 gnD=14.71 it_per_s=9.84
2026-10-02 18:36:28,277 INFO iter=276500 epoch=40 lr=7.13e-06 G=3.522 advA2B=0.593 advB2A=0.735 cycA=0.071 cycB=0.083 idtA=0.052 idtB=0.079 D_A=0.079 D_B=0.123 D_A(real)=0.83 D_A(fake)=0.17 gnG=63.67 gnD=14.73 it_per_s=9.84
2026-10-02 18:36:38,415 INFO iter=276600 epoch=40 lr=6.99e-06 G=3.522 advA2B=0.592 advB2A=0.736 cycA=0.070 cycB=0.083 idtA=0.052 idtB=0.079 D_A=0.079 D_B=0.123 D_A(real)=0.83 D_A(fake)=0.17 gnG=64.00 gnD=14.74 it_per_s=9.84
2026-10-02 18:36:48,516 INFO iter=276700 epoch=40 lr=6.85e-06 G=3.525 advA2B=0.594 advB2A=0.738 cycA=0.071 cycB=0.083 idtA=0.052 idtB=0.079 D_A=0.079 D_B=0.122 D_A(real)=0.83 D_A(fake)=0.17 gnG=64.41 gnD=14.70 it_per_s=9.84
2026-10-02 18:36:58,731 INFO iter=276800 epoch=40 lr=6.71e-06 G=3.521 advA2B=0.596 advB2A=0.737 cycA=0.071 cycB=0.083 idtA=0.052 idtB=0.079 D_A=0.078 D_B=0.122 D_A(real)=0.83 D_A(fake)=0.17 gnG=64.26 gnD=14.66 it_per_s=9.84
2026-10-02 18:37:09,085 INFO iter=276900 epoch=40 lr=6.57e-06 G=3.523 advA2B=0.595 advB2A=0.737 cycA=0.071 cycB=0.083 idtA=0.052 idtB=0.079 D_A=0.078 D_B=0.122 D_A(real)=0.83 D_A(fake)=0.17 gnG=64.60 gnD=14.66 it_per_s=9.83
2026-10-02 18:37:19,242 INFO iter=277000 epoch=40 lr=6.42e-06 G=3.520 advA2B=0.594 advB2A=0.736 cycA=0.071 cycB=0.083 idtA=0.052 idtB=0.078 D_A=0.079 D_B=0.122 D_A(real)=0.83 D_A(fake)=0.17 gnG=64.64 gnD=14.70 it_per_s=9.83
2026-10-02 18:37:29,344 INFO iter=277100 epoch=40 lr=6.28e-06 G=3.517 advA2B=0.594 advB2A=0.736 cycA=0.071 cycB=0.083 idtA=0.052 idtB=0.078 D_A=0.078 D_B=0.122 D_A(real)=0.83 D_A(fake)=0.17 gnG=64.60 gnD=14.70 it_per_s=9.84
2026-10-02 18:37:39,543 INFO iter=277200 epoch=40 lr=6.14e-06 G=3.514 advA2B=0.593 advB2A=0.737 cycA=0.071 cycB=0.083 idtA=0.052 idtB=0.078 D_A=0.078 D_B=0.122 D_A(real)=0.83 D_A(fake)=0.17 gnG=64.96 gnD=14.71 it_per_s=9.84
2026-10-02 18:37:49,711 INFO iter=277300 epoch=40 lr=6.00e-06 G=3.515 advA2B=0.594 advB2A=0.738 cycA=0.071 cycB=0.083 idtA=0.052 idtB=0.078 D_A=0.078 D_B=0.123 D_A(real)=0.83 D_A(fake)=0.17 gnG=65.01 gnD=14.71 it_per_s=9.84
2026-10-02 18:37:59,810 INFO iter=277400 epoch=40 lr=5.86e-06 G=3.514 advA2B=0.593 advB2A=0.739 cycA=0.071 cycB=0.083 idtA=0.052 idtB=0.078 D_A=0.079 D_B=0.123 D_A(real)=0.83 D_A(fake)=0.17 gnG=65.41 gnD=14.74 it_per_s=9.84
2026-10-02 18:38:10,006 INFO iter=277500 epoch=40 lr=5.71e-06 G=3.516 advA2B=0.593 advB2A=0.739 cycA=0.071 cycB=0.083 idtA=0.052 idtB=0.078 D_A=0.078 D_B=0.123 D_A(real)=0.83 D_A(fake)=0.17 gnG=65.60 gnD=14.75 it_per_s=9.84
2026-10-02 18:38:20,201 INFO iter=277600 epoch=40 lr=5.57e-06 G=3.515 advA2B=0.591 advB2A=0.739 cycA=0.071 cycB=0.083 idtA=0.052 idtB=0.078 D_A=0.078 D_B=0.124 D_A(real)=0.83 D_A(fake)=0.17 gnG=65.66 gnD=14.76 it_per_s=9.84
2026-10-02 18:38:30,321 INFO iter=277700 epoch=40 lr=5.43e-06 G=3.516 advA2B=0.592 advB2A=0.740 cycA=0.071 cycB=0.083 idtA=0.052 idtB=0.078 D_A=0.079 D_B=0.124 D_A(real)=0.83 D_A(fake)=0.17 gnG=65.67 gnD=14.79 it_per_s=9.84
2026-10-02 18:38:40,442 INFO iter=277800 epoch=40 lr=5.29e-06 G=3.518 advA2B=0.590 advB2A=0.739 cycA=0.071 cycB=0.083 idtA=0.052 idtB=0.078 D_A=0.079 D_B=0.124 D_A(real)=0.83 D_A(fake)=0.17 gnG=65.61 gnD=14.79 it_per_s=9.84
2026-10-02 18:38:50,583 INFO iter=277900 epoch=40 lr=5.14e-06 G=3.518 advA2B=0.591 advB2A=0.738 cycA=0.071 cycB=0.083 idtA=0.052 idtB=0.078 D_A=0.079 D_B=0.124 D_A(real)=0.83 D_A(fake)=0.17 gnG=65.59 gnD=14.78 it_per_s=9.84
2026-10-02 18:39:00,814 INFO iter=278000 epoch=40 lr=5.00e-06 G=3.516 advA2B=0.592 advB2A=0.738 cycA=0.071 cycB=0.083 idtA=0.052 idtB=0.078 D_A=0.079 D_B=0.124 D_A(real)=0.83 D_A(fake)=0.17 gnG=65.75 gnD=14.77 it_per_s=9.84
2026-10-02 18:39:11,000 INFO iter=278100 epoch=40 lr=4.86e-06 G=3.515 advA2B=0.591 advB2A=0.738 cycA=0.071 cycB=0.083 idtA=0.052 idtB=0.078 D_A=0.079 D_B=0.124 D_A(real)=0.83 D_A(fake)=0.17 gnG=65.59 gnD=14.76 it_per_s=9.84
2026-10-02 18:39:21,182 INFO iter=278200 epoch=40 lr=4.72e-06 G=3.516 advA2B=0.590 advB2A=0.740 cycA=0.071 cycB=0.083 idtA=0.052 idtB=0.078 D_A=0.078 D_B=0.124 D_A(real)=0.83 D_A(fake)=0.17 gnG=65.75 gnD=14.76 it_per_s=9.84
2026-10-02 18:39:31,319 INFO iter=278300 epoch=40 lr=4.58e-06 G=3.515 advA2B=0.590 advB2A=0.740 cycA=0.071 cycB=0.083 idtA=0.052 idtB=0.078 D_A=0.078 D_B=0.124 D_A(real)=0.83 D_A(fake)=0.17 gnG=65.61 gnD=14.76 it_per_s=9.84
2026-10-02 18:39:41,413 INFO iter=278400 epoch=40 lr=4.43e-06 G=3.512 advA2B=0.588 advB2A=0.740 cycA=0.071 cycB=0.083 idtA=0.052 idtB=0.078 D_A=0.078 D_B=0.124 D_A(real)=0.83 D_A(fake)=0.17 gnG=65.61 gnD=14.76 it_per_s=9.84
2026-10-02 18:39:51,636 INFO iter=278500 epoch=40 lr=4.29e-06 G=3.512 advA2B=0.587 advB2A=0.742 cycA=0.071 cycB=0.083 idtA=0.052 idtB=0.078 D_A=0.078 D_B=0.124 D_A(real)=0.83 D_A(fake)=0.17 gnG=65.72 gnD=14.75 it_per_s=9.84
2026-10-02 18:40:01,771 INFO iter=278600 epoch=40 lr=4.15e-06 G=3.510 advA2B=0.587 advB2A=0.741 cycA=0.071 cycB=0.083 idtA=0.052 idtB=0.078 D_A=0.078 D_B=0.124 D_A(real)=0.83 D_A(fake)=0.17 gnG=65.75 gnD=14.77 it_per_s=9.84
2026-10-02 18:40:11,913 INFO iter=278700 epoch=40 lr=4.01e-06 G=3.508 advA2B=0.586 advB2A=0.741 cycA=0.071 cycB=0.083 idtA=0.052 idtB=0.078 D_A=0.078 D_B=0.124 D_A(real)=0.83 D_A(fake)=0.17 gnG=65.55 gnD=14.76 it_per_s=9.84
2026-10-02 18:40:22,072 INFO iter=278800 epoch=40 lr=3.87e-06 G=3.510 advA2B=0.586 advB2A=0.740 cycA=0.071 cycB=0.083 idtA=0.052 idtB=0.078 D_A=0.079 D_B=0.124 D_A(real)=0.83 D_A(fake)=0.17 gnG=65.71 gnD=14.77 it_per_s=9.84
2026-10-02 18:40:32,183 INFO iter=278900 epoch=40 lr=3.72e-06 G=3.509 advA2B=0.585 advB2A=0.740 cycA=0.071 cycB=0.083 idtA=0.052 idtB=0.078 D_A=0.078 D_B=0.124 D_A(real)=0.83 D_A(fake)=0.17 gnG=65.50 gnD=14.80 it_per_s=9.84
2026-10-02 18:40:42,308 INFO iter=279000 epoch=40 lr=3.58e-06 G=3.510 advA2B=0.585 advB2A=0.740 cycA=0.071 cycB=0.083 idtA=0.052 idtB=0.078 D_A=0.078 D_B=0.125 D_A(real)=0.83 D_A(fake)=0.17 gnG=65.42 gnD=14.80 it_per_s=9.84
2026-10-02 18:40:52,445 INFO iter=279100 epoch=40 lr=3.44e-06 G=3.509 advA2B=0.585 advB2A=0.739 cycA=0.071 cycB=0.083 idtA=0.052 idtB=0.078 D_A=0.078 D_B=0.124 D_A(real)=0.83 D_A(fake)=0.17 gnG=65.26 gnD=14.80 it_per_s=9.84
2026-10-02 18:41:02,604 INFO iter=279200 epoch=40 lr=3.30e-06 G=3.508 advA2B=0.585 advB2A=0.739 cycA=0.071 cycB=0.083 idtA=0.052 idtB=0.078 D_A=0.078 D_B=0.124 D_A(real)=0.83 D_A(fake)=0.17 gnG=65.02 gnD=14.80 it_per_s=9.84
2026-10-02 18:41:12,752 INFO iter=279300 epoch=40 lr=3.16e-06 G=3.508 advA2B=0.586 advB2A=0.740 cycA=0.071 cycB=0.083 idtA=0.052 idtB=0.078 D_A=0.078 D_B=0.125 D_A(real)=0.83 D_A(fake)=0.17 gnG=65.06 gnD=14.82 it_per_s=9.84
2026-10-02 18:41:22,884 INFO iter=279400 epoch=40 lr=3.01e-06 G=3.510 advA2B=0.586 advB2A=0.740 cycA=0.071 cycB=0.083 idtA=0.052 idtB=0.078 D_A=0.078 D_B=0.125 D_A(real)=0.83 D_A(fake)=0.17 gnG=65.10 gnD=14.84 it_per_s=9.84
2026-10-02 18:41:33,057 INFO iter=279500 epoch=40 lr=2.87e-06 G=3.512 advA2B=0.586 advB2A=0.740 cycA=0.071 cycB=0.083 idtA=0.052 idtB=0.078 D_A=0.079 D_B=0.124 D_A(real)=0.83 D_A(fake)=0.17 gnG=65.12 gnD=14.82 it_per_s=9.84
2026-10-02 18:41:43,146 INFO iter=279600 epoch=40 lr=2.73e-06 G=3.512 advA2B=0.586 advB2A=0.740 cycA=0.071 cycB=0.083 idtA=0.052 idtB=0.078 D_A=0.078 D_B=0.124 D_A(real)=0.83 D_A(fake)=0.17 gnG=65.35 gnD=14.82 it_per_s=9.84
2026-10-02 18:41:53,317 INFO iter=279700 epoch=40 lr=2.59e-06 G=3.511 advA2B=0.585 advB2A=0.739 cycA=0.071 cycB=0.083 idtA=0.052 idtB=0.078 D_A=0.079 D_B=0.124 D_A(real)=0.83 D_A(fake)=0.17 gnG=65.16 gnD=14.84 it_per_s=9.84
2026-10-02 18:42:03,473 INFO iter=279800 epoch=40 lr=2.45e-06 G=3.511 advA2B=0.585 advB2A=0.740 cycA=0.071 cycB=0.083 idtA=0.052 idtB=0.078 D_A=0.079 D_B=0.124 D_A(real)=0.83 D_A(fake)=0.17 gnG=65.25 gnD=14.82 it_per_s=9.84
2026-10-02 18:42:13,692 INFO iter=279900 epoch=40 lr=2.30e-06 G=3.511 advA2B=0.585 advB2A=0.740 cycA=0.071 cycB=0.083 idtA=0.052 idtB=0.078 D_A=0.079 D_B=0.124 D_A(real)=0.83 D_A(fake)=0.17 gnG=65.24 gnD=14.82 it_per_s=9.84
2026-10-02 18:42:23,816 INFO iter=280000 epoch=40 lr=2.16e-06 G=3.512 advA2B=0.585 advB2A=0.741 cycA=0.071 cycB=0.083 idtA=0.052 idtB=0.078 D_A=0.079 D_B=0.124 D_A(real)=0.83 D_A(fake)=0.17 gnG=65.29 gnD=14.82 it_per_s=9.84
2026-10-02 18:42:33,960 INFO iter=280100 epoch=40 lr=2.02e-06 G=3.511 advA2B=0.585 advB2A=0.741 cycA=0.071 cycB=0.083 idtA=0.052 idtB=0.078 D_A=0.079 D_B=0.124 D_A(real)=0.83 D_A(fake)=0.17 gnG=65.26 gnD=14.82 it_per_s=9.84
2026-10-02 18:42:44,154 INFO iter=280200 epoch=40 lr=1.88e-06 G=3.511 advA2B=0.585 advB2A=0.740 cycA=0.071 cycB=0.083 idtA=0.052 idtB=0.078 D_A=0.079 D_B=0.124 D_A(real)=0.83 D_A(fake)=0.17 gnG=65.20 gnD=14.82 it_per_s=9.84
2026-10-02 18:42:54,245 INFO iter=280300 epoch=40 lr=1.73e-06 G=3.512 advA2B=0.586 advB2A=0.739 cycA=0.071 cycB=0.083 idtA=0.052 idtB=0.078 D_A=0.079 D_B=0.123 D_A(real)=0.83 D_A(fake)=0.17 gnG=65.29 gnD=14.81 it_per_s=9.84
2026-10-02 18:43:04,385 INFO iter=280400 epoch=40 lr=1.59e-06 G=3.513 advA2B=0.586 advB2A=0.739 cycA=0.071 cycB=0.083 idtA=0.052 idtB=0.078 D_A=0.079 D_B=0.123 D_A(real)=0.83 D_A(fake)=0.17 gnG=65.21 gnD=14.79 it_per_s=9.84
2026-10-02 18:43:14,519 INFO iter=280500 epoch=40 lr=1.45e-06 G=3.512 advA2B=0.585 advB2A=0.739 cycA=0.071 cycB=0.083 idtA=0.052 idtB=0.078 D_A=0.078 D_B=0.123 D_A(real)=0.83 D_A(fake)=0.17 gnG=65.22 gnD=14.78 it_per_s=9.84
2026-10-02 18:43:24,686 INFO iter=280600 epoch=40 lr=1.31e-06 G=3.512 advA2B=0.585 advB2A=0.739 cycA=0.071 cycB=0.083 idtA=0.052 idtB=0.078 D_A=0.078 D_B=0.123 D_A(real)=0.83 D_A(fake)=0.17 gnG=65.16 gnD=14.77 it_per_s=9.84
2026-10-02 18:43:34,813 INFO iter=280700 epoch=40 lr=1.17e-06 G=3.512 advA2B=0.585 advB2A=0.739 cycA=0.071 cycB=0.083 idtA=0.052 idtB=0.078 D_A=0.078 D_B=0.123 D_A(real)=0.83 D_A(fake)=0.17 gnG=65.14 gnD=14.78 it_per_s=9.84
2026-10-02 18:43:44,957 INFO iter=280800 epoch=40 lr=1.02e-06 G=3.512 advA2B=0.585 advB2A=0.740 cycA=0.071 cycB=0.083 idtA=0.052 idtB=0.078 D_A=0.078 D_B=0.123 D_A(real)=0.83 D_A(fake)=0.17 gnG=65.28 gnD=14.77 it_per_s=9.84
2026-10-02 18:43:55,097 INFO iter=280900 epoch=40 lr=8.82e-07 G=3.511 advA2B=0.585 advB2A=0.739 cycA=0.071 cycB=0.083 idtA=0.052 idtB=0.078 D_A=0.078 D_B=0.123 D_A(real)=0.83 D_A(fake)=0.17 gnG=65.20 gnD=14.77 it_per_s=9.85
2026-10-02 18:44:05,226 INFO iter=281000 epoch=40 lr=7.40e-07 G=3.511 advA2B=0.585 advB2A=0.739 cycA=0.071 cycB=0.083 idtA=0.052 idtB=0.078 D_A=0.078 D_B=0.123 D_A(real)=0.83 D_A(fake)=0.17 gnG=65.22 gnD=14.78 it_per_s=9.85
2026-10-02 18:44:15,408 INFO iter=281100 epoch=40 lr=5.98e-07 G=3.512 advA2B=0.585 advB2A=0.740 cycA=0.071 cycB=0.083 idtA=0.052 idtB=0.078 D_A=0.078 D_B=0.123 D_A(real)=0.83 D_A(fake)=0.17 gnG=65.23 gnD=14.78 it_per_s=9.85
2026-10-02 18:44:25,557 INFO iter=281200 epoch=40 lr=4.56e-07 G=3.513 advA2B=0.585 advB2A=0.741 cycA=0.071 cycB=0.083 idtA=0.052 idtB=0.078 D_A=0.078 D_B=0.123 D_A(real)=0.83 D_A(fake)=0.17 gnG=65.38 gnD=14.76 it_per_s=9.85
2026-10-02 18:44:35,667 INFO iter=281300 epoch=40 lr=3.14e-07 G=3.513 advA2B=0.585 advB2A=0.741 cycA=0.071 cycB=0.083 idtA=0.052 idtB=0.078 D_A=0.078 D_B=0.123 D_A(real)=0.83 D_A(fake)=0.17 gnG=65.49 gnD=14.76 it_per_s=9.85
2026-10-02 18:44:45,811 INFO iter=281400 epoch=40 lr=1.72e-07 G=3.511 advA2B=0.585 advB2A=0.740 cycA=0.071 cycB=0.083 idtA=0.052 idtB=0.078 D_A=0.078 D_B=0.123 D_A(real)=0.83 D_A(fake)=0.17 gnG=65.60 gnD=14.75 it_per_s=9.85
2026-10-02 18:44:55,989 INFO iter=281500 epoch=40 lr=2.98e-08 G=3.512 advA2B=0.585 advB2A=0.740 cycA=0.071 cycB=0.083 idtA=0.052 idtB=0.078 D_A=0.078 D_B=0.123 D_A(real)=0.83 D_A(fake)=0.17 gnG=65.58 gnD=14.76 it_per_s=9.85
2026-10-02 18:44:57,995 INFO epoch=40 done time_s=715 it_per_s=9.85 G=3.513 cycA=0.071 cycB=0.083 idtA=0.052 idtB=0.078 D_A=0.078 D_B=0.123 D_A(real)=0.83 D_A(fake)=0.17 nan_count=0
2026-10-02 18:44:58,733 INFO done summary={"run_id": "full_run02", "params": {"G_A2B": 11378179, "G_B2A": 11378179, "D_A": 2764737, "D_B": 2764737}, "param_count_total": 28285832, "param_count_generators": 22756358, "photos": 7038, "monets": 300, "iters": 281520, "train_time_s": 28101.570791899925, "train_iters_per_sec": 10.017945334256764, "train_images_per_sec": 20.035890668513527, "peak_memory_mb": 19153.68798828125, "max_grad_norm_G": 1627.2579345703125, "max_grad_norm_D": 381.4660339355469, "nan_count": 0, "final_epoch": {"epoch": 40, "iters": 7038, "epoch_time_s": 714.7946409999859, "iters_per_s": 9.846184619059196, "loss_G": 3.5125634946007387, "adv_A2B": 0.5855605701859549, "adv_B2A": 0.7399656052411907, "cycle_A": 0.07087053199761562, "cycle_B": 0.08275116651903063, "identity_A": 0.05206415036009875, "identity_B": 0.07810092588892441, "loss_D_A": 0.07785062798047208, "loss_D_B": 0.12270508506278417, "D_A_real_mean": 0.8311158787563938, "D_A_fake_mean": 0.16872772624391696, "grad_norm_G": 65.58757370701903, "grad_norm_D": 14.752157928388748}, "hardware": "GPU: NVIDIA GeForce RTX 4090; CPU: AMD64 Family 25 Model 97 Stepping 2, AuthenticAMD"}
