2026-10-03 23:00:20,795 INFO discriminators upgraded to 2 scales: scale 0 loaded, other scales and D optimiser state re-initialised
2026-10-03 23:00:20,795 INFO resumed from C:\Users\chaitanya\Documents\GEN_AI_LAB1\task3_gan\member_chaitanya\checkpoints\full_run10\latest.pt at epoch 94 iter 661572
2026-10-03 23:00:20,799 INFO resumed EMA weights from C:\Users\chaitanya\Documents\GEN_AI_LAB1\task3_gan\member_chaitanya\checkpoints\full_run10\latest.pt
2026-10-03 23:00:20,799 INFO generator EMA enabled, decay=0.9999
2026-10-03 23:00:20,799 INFO run_id=full_run10 config=task3_gan/member_chaitanya/configs/full_run10.yaml
2026-10-03 23:00:20,800 INFO config={"run_id": "full_run10", "seed": 1337, "data": {"monet_dir": "task3_gan/data/monet_jpg", "photo_dir": "task3_gan/data/photo_jpg", "load_size": 256, "crop_size": 256, "hflip": true, "num_workers": 4}, "model": {"ngf": 64, "n_res_blocks": 9, "n_downsampling": 2, "upsampling": "nearest_conv", "ndf": 64, "d_scales": 2, "norm": "instance", "init_std": 0.02}, "loss": {"adversarial": "lsgan", "lambda_cycle": 2.0, "lambda_identity": 0.0, "d_loss_scale": 0.5}, "training": {"batch_size": 1, "epochs": 104, "constant_lr_epochs": 94, "lr_g": 0.0001, "lr_d": 0.0001, "betas": [0.5, 0.999], "pool_size": 50, "precision": "fp32", "cudnn_benchmark": true, "diffaugment_monet_d": true, "diffaugment_photo_d": true, "ema_decay": 0.9999, "log_every_iters": 100, "grid_every_epochs": 1, "checkpoint_every_epochs": 2, "num_fixed_samples": 4}}
2026-10-03 23:00:20,822 INFO hardware=GPU: NVIDIA GeForce RTX 4090; CPU: AMD64 Family 25 Model 97 Stepping 2, AuthenticAMD torch=2.11.0+cu128
2026-10-03 23:00:20,822 INFO photos=7038 monets=300 iters_per_epoch=7038 total_iters=731952 params={"G_A2B": 11378179, "G_B2A": 11378179, "D_A": 5529474, "D_B": 5529474}
2026-10-03 23:01:07,306 INFO iter=661600 epoch=95 lr=1.00e-04 G=2.591 advA2B=1.040 advB2A=1.095 cycA=0.108 cycB=0.120 idtA=0.153 idtB=0.145 D_A=0.673 D_B=0.717 D_A(real)=0.78 D_A(fake)=0.20 gnG=20.01 gnD=30.99 it_per_s=0.60
2026-10-03 23:01:28,485 INFO iter=661700 epoch=95 lr=9.98e-05 G=1.885 advA2B=0.666 advB2A=0.766 cycA=0.108 cycB=0.119 idtA=0.153 idtB=0.138 D_A=0.422 D_B=0.437 D_A(real)=0.80 D_A(fake)=0.19 gnG=16.80 gnD=19.70 it_per_s=1.89
2026-10-03 23:01:49,734 INFO iter=661800 epoch=95 lr=9.97e-05 G=1.689 advA2B=0.580 advB2A=0.656 cycA=0.108 cycB=0.118 idtA=0.158 idtB=0.132 D_A=0.344 D_B=0.358 D_A(real)=0.80 D_A(fake)=0.20 gnG=16.21 gnD=16.53 it_per_s=2.56
2026-10-03 23:02:10,822 INFO iter=661900 epoch=95 lr=9.95e-05 G=1.611 advA2B=0.538 advB2A=0.617 cycA=0.109 cycB=0.119 idtA=0.158 idtB=0.135 D_A=0.306 D_B=0.320 D_A(real)=0.80 D_A(fake)=0.19 gnG=16.53 gnD=15.12 it_per_s=2.98
2026-10-03 23:02:31,964 INFO iter=662000 epoch=95 lr=9.94e-05 G=1.566 advA2B=0.520 advB2A=0.593 cycA=0.108 cycB=0.119 idtA=0.156 idtB=0.134 D_A=0.283 D_B=0.297 D_A(real)=0.80 D_A(fake)=0.20 gnG=16.22 gnD=14.24 it_per_s=3.26
2026-10-03 23:02:53,079 INFO iter=662100 epoch=95 lr=9.93e-05 G=1.531 advA2B=0.504 advB2A=0.574 cycA=0.108 cycB=0.118 idtA=0.156 idtB=0.133 D_A=0.268 D_B=0.281 D_A(real)=0.80 D_A(fake)=0.20 gnG=15.84 gnD=13.70 it_per_s=3.47
2026-10-03 23:03:14,175 INFO iter=662200 epoch=95 lr=9.91e-05 G=1.500 advA2B=0.492 advB2A=0.555 cycA=0.108 cycB=0.119 idtA=0.157 idtB=0.132 D_A=0.258 D_B=0.271 D_A(real)=0.80 D_A(fake)=0.20 gnG=15.80 gnD=13.28 it_per_s=3.62
2026-10-03 23:03:35,278 INFO iter=662300 epoch=95 lr=9.90e-05 G=1.482 advA2B=0.483 advB2A=0.545 cycA=0.108 cycB=0.119 idtA=0.161 idtB=0.131 D_A=0.251 D_B=0.262 D_A(real)=0.80 D_A(fake)=0.20 gnG=15.59 gnD=12.96 it_per_s=3.74
2026-10-03 23:03:56,352 INFO iter=662400 epoch=95 lr=9.88e-05 G=1.463 advA2B=0.478 advB2A=0.531 cycA=0.108 cycB=0.119 idtA=0.162 idtB=0.131 D_A=0.244 D_B=0.256 D_A(real)=0.80 D_A(fake)=0.20 gnG=15.23 gnD=12.66 it_per_s=3.84
2026-10-03 23:04:17,551 INFO iter=662500 epoch=95 lr=9.87e-05 G=1.446 advA2B=0.468 advB2A=0.525 cycA=0.108 cycB=0.118 idtA=0.162 idtB=0.132 D_A=0.239 D_B=0.253 D_A(real)=0.80 D_A(fake)=0.20 gnG=15.01 gnD=12.54 it_per_s=3.92
2026-10-03 23:04:38,655 INFO iter=662600 epoch=95 lr=9.85e-05 G=1.434 advA2B=0.463 advB2A=0.519 cycA=0.108 cycB=0.118 idtA=0.161 idtB=0.132 D_A=0.235 D_B=0.249 D_A(real)=0.80 D_A(fake)=0.20 gnG=14.89 gnD=12.39 it_per_s=3.99
2026-10-03 23:04:59,695 INFO iter=662700 epoch=95 lr=9.84e-05 G=1.428 advA2B=0.460 advB2A=0.516 cycA=0.107 cycB=0.118 idtA=0.160 idtB=0.133 D_A=0.232 D_B=0.245 D_A(real)=0.80 D_A(fake)=0.20 gnG=14.80 gnD=12.21 it_per_s=4.04
2026-10-03 23:05:20,773 INFO iter=662800 epoch=95 lr=9.83e-05 G=1.425 advA2B=0.457 advB2A=0.516 cycA=0.107 cycB=0.118 idtA=0.160 idtB=0.133 D_A=0.228 D_B=0.241 D_A(real)=0.80 D_A(fake)=0.20 gnG=14.79 gnD=12.07 it_per_s=4.09
2026-10-03 23:05:41,881 INFO iter=662900 epoch=95 lr=9.81e-05 G=1.420 advA2B=0.455 advB2A=0.513 cycA=0.107 cycB=0.118 idtA=0.161 idtB=0.132 D_A=0.225 D_B=0.238 D_A(real)=0.80 D_A(fake)=0.20 gnG=14.81 gnD=11.94 it_per_s=4.14
2026-10-03 23:06:03,000 INFO iter=663000 epoch=95 lr=9.80e-05 G=1.414 advA2B=0.453 advB2A=0.508 cycA=0.108 cycB=0.118 idtA=0.162 idtB=0.134 D_A=0.223 D_B=0.235 D_A(real)=0.80 D_A(fake)=0.20 gnG=14.83 gnD=11.81 it_per_s=4.17
2026-10-03 23:06:24,139 INFO iter=663100 epoch=95 lr=9.78e-05 G=1.409 advA2B=0.451 advB2A=0.507 cycA=0.108 cycB=0.118 idtA=0.162 idtB=0.134 D_A=0.221 D_B=0.233 D_A(real)=0.80 D_A(fake)=0.20 gnG=14.92 gnD=11.74 it_per_s=4.21
2026-10-03 23:06:45,277 INFO iter=663200 epoch=95 lr=9.77e-05 G=1.405 advA2B=0.450 advB2A=0.504 cycA=0.108 cycB=0.118 idtA=0.163 idtB=0.133 D_A=0.219 D_B=0.231 D_A(real)=0.81 D_A(fake)=0.19 gnG=14.97 gnD=11.65 it_per_s=4.23
2026-10-03 23:07:06,396 INFO iter=663300 epoch=95 lr=9.75e-05 G=1.403 advA2B=0.450 advB2A=0.501 cycA=0.108 cycB=0.118 idtA=0.163 idtB=0.134 D_A=0.217 D_B=0.230 D_A(real)=0.81 D_A(fake)=0.19 gnG=14.97 gnD=11.56 it_per_s=4.26
2026-10-03 23:07:27,464 INFO iter=663400 epoch=95 lr=9.74e-05 G=1.400 advA2B=0.448 advB2A=0.500 cycA=0.108 cycB=0.118 idtA=0.164 idtB=0.135 D_A=0.216 D_B=0.228 D_A(real)=0.81 D_A(fake)=0.19 gnG=14.85 gnD=11.49 it_per_s=4.28
2026-10-03 23:07:48,626 INFO iter=663500 epoch=95 lr=9.73e-05 G=1.398 advA2B=0.447 advB2A=0.498 cycA=0.108 cycB=0.118 idtA=0.164 idtB=0.136 D_A=0.215 D_B=0.227 D_A(real)=0.80 D_A(fake)=0.20 gnG=14.82 gnD=11.43 it_per_s=4.31
2026-10-03 23:08:09,735 INFO iter=663600 epoch=95 lr=9.71e-05 G=1.395 advA2B=0.445 advB2A=0.497 cycA=0.108 cycB=0.118 idtA=0.164 idtB=0.137 D_A=0.214 D_B=0.226 D_A(real)=0.80 D_A(fake)=0.20 gnG=14.78 gnD=11.40 it_per_s=4.32
2026-10-03 23:08:30,840 INFO iter=663700 epoch=95 lr=9.70e-05 G=1.393 advA2B=0.444 advB2A=0.496 cycA=0.108 cycB=0.118 idtA=0.164 idtB=0.138 D_A=0.212 D_B=0.225 D_A(real)=0.80 D_A(fake)=0.20 gnG=14.75 gnD=11.33 it_per_s=4.34
2026-10-03 23:08:51,867 INFO iter=663800 epoch=95 lr=9.68e-05 G=1.393 advA2B=0.443 advB2A=0.497 cycA=0.108 cycB=0.118 idtA=0.164 idtB=0.140 D_A=0.211 D_B=0.224 D_A(real)=0.81 D_A(fake)=0.19 gnG=14.73 gnD=11.27 it_per_s=4.36
2026-10-03 23:09:12,934 INFO iter=663900 epoch=95 lr=9.67e-05 G=1.392 advA2B=0.444 advB2A=0.495 cycA=0.108 cycB=0.118 idtA=0.164 idtB=0.142 D_A=0.210 D_B=0.223 D_A(real)=0.81 D_A(fake)=0.19 gnG=14.75 gnD=11.23 it_per_s=4.37
2026-10-03 23:09:34,036 INFO iter=664000 epoch=95 lr=9.66e-05 G=1.392 advA2B=0.443 advB2A=0.495 cycA=0.108 cycB=0.118 idtA=0.164 idtB=0.143 D_A=0.209 D_B=0.223 D_A(real)=0.81 D_A(fake)=0.19 gnG=14.69 gnD=11.20 it_per_s=4.39
2026-10-03 23:09:55,159 INFO iter=664100 epoch=95 lr=9.64e-05 G=1.391 advA2B=0.443 advB2A=0.494 cycA=0.108 cycB=0.118 idtA=0.164 idtB=0.143 D_A=0.208 D_B=0.222 D_A(real)=0.81 D_A(fake)=0.19 gnG=14.66 gnD=11.14 it_per_s=4.40
2026-10-03 23:10:16,237 INFO iter=664200 epoch=95 lr=9.63e-05 G=1.389 advA2B=0.442 advB2A=0.493 cycA=0.109 cycB=0.118 idtA=0.164 idtB=0.144 D_A=0.208 D_B=0.221 D_A(real)=0.81 D_A(fake)=0.19 gnG=14.62 gnD=11.10 it_per_s=4.41
2026-10-03 23:10:37,325 INFO iter=664300 epoch=95 lr=9.61e-05 G=1.388 advA2B=0.441 advB2A=0.493 cycA=0.109 cycB=0.118 idtA=0.164 idtB=0.144 D_A=0.207 D_B=0.220 D_A(real)=0.81 D_A(fake)=0.19 gnG=14.71 gnD=11.07 it_per_s=4.42
2026-10-03 23:10:58,436 INFO iter=664400 epoch=95 lr=9.60e-05 G=1.388 advA2B=0.443 advB2A=0.491 cycA=0.109 cycB=0.119 idtA=0.164 idtB=0.145 D_A=0.206 D_B=0.219 D_A(real)=0.81 D_A(fake)=0.19 gnG=14.73 gnD=11.01 it_per_s=4.44
2026-10-03 23:11:19,424 INFO iter=664500 epoch=95 lr=9.58e-05 G=1.388 advA2B=0.443 advB2A=0.490 cycA=0.109 cycB=0.119 idtA=0.163 idtB=0.145 D_A=0.206 D_B=0.218 D_A(real)=0.81 D_A(fake)=0.19 gnG=14.74 gnD=10.95 it_per_s=4.45
2026-10-03 23:11:40,537 INFO iter=664600 epoch=95 lr=9.57e-05 G=1.389 advA2B=0.444 advB2A=0.489 cycA=0.109 cycB=0.119 idtA=0.163 idtB=0.146 D_A=0.205 D_B=0.218 D_A(real)=0.81 D_A(fake)=0.19 gnG=14.77 gnD=10.91 it_per_s=4.45
2026-10-03 23:12:01,630 INFO iter=664700 epoch=95 lr=9.56e-05 G=1.389 advA2B=0.445 advB2A=0.489 cycA=0.109 cycB=0.119 idtA=0.164 idtB=0.147 D_A=0.204 D_B=0.217 D_A(real)=0.81 D_A(fake)=0.19 gnG=14.73 gnD=10.85 it_per_s=4.46
2026-10-03 23:12:22,671 INFO iter=664800 epoch=95 lr=9.54e-05 G=1.389 advA2B=0.446 advB2A=0.488 cycA=0.109 cycB=0.119 idtA=0.164 idtB=0.148 D_A=0.204 D_B=0.216 D_A(real)=0.81 D_A(fake)=0.19 gnG=14.80 gnD=10.80 it_per_s=4.47
2026-10-03 23:12:43,711 INFO iter=664900 epoch=95 lr=9.53e-05 G=1.389 advA2B=0.446 advB2A=0.487 cycA=0.109 cycB=0.119 idtA=0.164 idtB=0.149 D_A=0.203 D_B=0.215 D_A(real)=0.81 D_A(fake)=0.19 gnG=14.80 gnD=10.78 it_per_s=4.48
2026-10-03 23:13:04,692 INFO iter=665000 epoch=95 lr=9.51e-05 G=1.387 advA2B=0.445 advB2A=0.486 cycA=0.109 cycB=0.119 idtA=0.164 idtB=0.149 D_A=0.203 D_B=0.215 D_A(real)=0.81 D_A(fake)=0.19 gnG=14.74 gnD=10.76 it_per_s=4.49
2026-10-03 23:13:25,770 INFO iter=665100 epoch=95 lr=9.50e-05 G=1.387 advA2B=0.446 advB2A=0.485 cycA=0.109 cycB=0.119 idtA=0.163 idtB=0.149 D_A=0.202 D_B=0.214 D_A(real)=0.81 D_A(fake)=0.19 gnG=14.70 gnD=10.73 it_per_s=4.49
2026-10-03 23:13:46,800 INFO iter=665200 epoch=95 lr=9.48e-05 G=1.386 advA2B=0.445 advB2A=0.485 cycA=0.109 cycB=0.119 idtA=0.163 idtB=0.150 D_A=0.201 D_B=0.213 D_A(real)=0.81 D_A(fake)=0.19 gnG=14.62 gnD=10.70 it_per_s=4.50
2026-10-03 23:14:07,790 INFO iter=665300 epoch=95 lr=9.47e-05 G=1.386 advA2B=0.445 advB2A=0.485 cycA=0.109 cycB=0.119 idtA=0.163 idtB=0.150 D_A=0.201 D_B=0.213 D_A(real)=0.81 D_A(fake)=0.19 gnG=14.57 gnD=10.67 it_per_s=4.51
2026-10-03 23:14:28,842 INFO iter=665400 epoch=95 lr=9.46e-05 G=1.386 advA2B=0.445 advB2A=0.485 cycA=0.109 cycB=0.119 idtA=0.163 idtB=0.150 D_A=0.200 D_B=0.213 D_A(real)=0.81 D_A(fake)=0.19 gnG=14.57 gnD=10.65 it_per_s=4.51
2026-10-03 23:14:49,885 INFO iter=665500 epoch=95 lr=9.44e-05 G=1.385 advA2B=0.445 advB2A=0.485 cycA=0.109 cycB=0.119 idtA=0.163 idtB=0.151 D_A=0.200 D_B=0.212 D_A(real)=0.81 D_A(fake)=0.19 gnG=14.55 gnD=10.64 it_per_s=4.52
2026-10-03 23:15:10,946 INFO iter=665600 epoch=95 lr=9.43e-05 G=1.385 advA2B=0.445 advB2A=0.485 cycA=0.109 cycB=0.119 idtA=0.164 idtB=0.151 D_A=0.200 D_B=0.212 D_A(real)=0.81 D_A(fake)=0.19 gnG=14.49 gnD=10.61 it_per_s=4.53
2026-10-03 23:15:31,993 INFO iter=665700 epoch=95 lr=9.41e-05 G=1.384 advA2B=0.445 advB2A=0.484 cycA=0.109 cycB=0.119 idtA=0.164 idtB=0.151 D_A=0.199 D_B=0.212 D_A(real)=0.81 D_A(fake)=0.19 gnG=14.45 gnD=10.58 it_per_s=4.53
2026-10-03 23:15:53,058 INFO iter=665800 epoch=95 lr=9.40e-05 G=1.383 advA2B=0.445 advB2A=0.484 cycA=0.109 cycB=0.119 idtA=0.164 idtB=0.151 D_A=0.199 D_B=0.211 D_A(real)=0.81 D_A(fake)=0.19 gnG=14.40 gnD=10.56 it_per_s=4.54
2026-10-03 23:16:14,101 INFO iter=665900 epoch=95 lr=9.39e-05 G=1.382 advA2B=0.444 advB2A=0.483 cycA=0.109 cycB=0.119 idtA=0.163 idtB=0.151 D_A=0.199 D_B=0.211 D_A(real)=0.81 D_A(fake)=0.19 gnG=14.38 gnD=10.55 it_per_s=4.54
2026-10-03 23:16:35,173 INFO iter=666000 epoch=95 lr=9.37e-05 G=1.381 advA2B=0.444 advB2A=0.483 cycA=0.109 cycB=0.119 idtA=0.163 idtB=0.152 D_A=0.198 D_B=0.211 D_A(real)=0.81 D_A(fake)=0.19 gnG=14.38 gnD=10.53 it_per_s=4.54
2026-10-03 23:16:56,271 INFO iter=666100 epoch=95 lr=9.36e-05 G=1.381 advA2B=0.444 advB2A=0.482 cycA=0.109 cycB=0.119 idtA=0.163 idtB=0.152 D_A=0.198 D_B=0.210 D_A(real)=0.81 D_A(fake)=0.19 gnG=14.37 gnD=10.52 it_per_s=4.55
2026-10-03 23:17:17,377 INFO iter=666200 epoch=95 lr=9.34e-05 G=1.382 advA2B=0.445 advB2A=0.482 cycA=0.109 cycB=0.119 idtA=0.162 idtB=0.153 D_A=0.198 D_B=0.210 D_A(real)=0.81 D_A(fake)=0.19 gnG=14.39 gnD=10.51 it_per_s=4.55
2026-10-03 23:17:38,433 INFO iter=666300 epoch=95 lr=9.33e-05 G=1.382 advA2B=0.444 advB2A=0.482 cycA=0.109 cycB=0.119 idtA=0.162 idtB=0.152 D_A=0.198 D_B=0.209 D_A(real)=0.81 D_A(fake)=0.19 gnG=14.35 gnD=10.49 it_per_s=4.56
2026-10-03 23:17:59,404 INFO iter=666400 epoch=95 lr=9.31e-05 G=1.382 advA2B=0.444 advB2A=0.482 cycA=0.109 cycB=0.119 idtA=0.162 idtB=0.152 D_A=0.197 D_B=0.209 D_A(real)=0.81 D_A(fake)=0.19 gnG=14.36 gnD=10.49 it_per_s=4.56
2026-10-03 23:18:20,409 INFO iter=666500 epoch=95 lr=9.30e-05 G=1.382 advA2B=0.444 advB2A=0.482 cycA=0.109 cycB=0.119 idtA=0.161 idtB=0.152 D_A=0.197 D_B=0.209 D_A(real)=0.81 D_A(fake)=0.19 gnG=14.33 gnD=10.47 it_per_s=4.56
2026-10-03 23:18:41,493 INFO iter=666600 epoch=95 lr=9.29e-05 G=1.381 advA2B=0.444 advB2A=0.482 cycA=0.109 cycB=0.119 idtA=0.161 idtB=0.152 D_A=0.197 D_B=0.208 D_A(real)=0.81 D_A(fake)=0.19 gnG=14.30 gnD=10.46 it_per_s=4.57
2026-10-03 23:19:02,534 INFO iter=666700 epoch=95 lr=9.27e-05 G=1.381 advA2B=0.444 advB2A=0.481 cycA=0.109 cycB=0.119 idtA=0.161 idtB=0.152 D_A=0.197 D_B=0.208 D_A(real)=0.81 D_A(fake)=0.19 gnG=14.29 gnD=10.45 it_per_s=4.57
2026-10-03 23:19:22,997 INFO iter=666800 epoch=95 lr=9.26e-05 G=1.380 advA2B=0.443 advB2A=0.481 cycA=0.109 cycB=0.119 idtA=0.161 idtB=0.153 D_A=0.197 D_B=0.208 D_A(real)=0.81 D_A(fake)=0.19 gnG=14.27 gnD=10.43 it_per_s=4.58
2026-10-03 23:19:44,046 INFO iter=666900 epoch=95 lr=9.24e-05 G=1.380 advA2B=0.443 advB2A=0.480 cycA=0.109 cycB=0.119 idtA=0.162 idtB=0.153 D_A=0.196 D_B=0.208 D_A(real)=0.81 D_A(fake)=0.19 gnG=14.22 gnD=10.42 it_per_s=4.58
2026-10-03 23:20:05,060 INFO iter=667000 epoch=95 lr=9.23e-05 G=1.379 advA2B=0.443 advB2A=0.479 cycA=0.109 cycB=0.119 idtA=0.162 idtB=0.154 D_A=0.196 D_B=0.207 D_A(real)=0.81 D_A(fake)=0.19 gnG=14.20 gnD=10.41 it_per_s=4.58
2026-10-03 23:20:26,091 INFO iter=667100 epoch=95 lr=9.21e-05 G=1.378 advA2B=0.443 advB2A=0.479 cycA=0.109 cycB=0.119 idtA=0.162 idtB=0.154 D_A=0.196 D_B=0.207 D_A(real)=0.81 D_A(fake)=0.19 gnG=14.21 gnD=10.40 it_per_s=4.59
2026-10-03 23:20:47,026 INFO iter=667200 epoch=95 lr=9.20e-05 G=1.378 advA2B=0.443 advB2A=0.479 cycA=0.109 cycB=0.119 idtA=0.162 idtB=0.154 D_A=0.196 D_B=0.207 D_A(real)=0.81 D_A(fake)=0.19 gnG=14.22 gnD=10.39 it_per_s=4.59
2026-10-03 23:21:08,089 INFO iter=667300 epoch=95 lr=9.19e-05 G=1.378 advA2B=0.443 advB2A=0.478 cycA=0.109 cycB=0.119 idtA=0.162 idtB=0.154 D_A=0.196 D_B=0.207 D_A(real)=0.81 D_A(fake)=0.19 gnG=14.23 gnD=10.37 it_per_s=4.59
2026-10-03 23:21:29,115 INFO iter=667400 epoch=95 lr=9.17e-05 G=1.378 advA2B=0.443 advB2A=0.478 cycA=0.109 cycB=0.119 idtA=0.163 idtB=0.154 D_A=0.196 D_B=0.207 D_A(real)=0.81 D_A(fake)=0.19 gnG=14.25 gnD=10.36 it_per_s=4.60
2026-10-03 23:21:50,118 INFO iter=667500 epoch=95 lr=9.16e-05 G=1.377 advA2B=0.443 advB2A=0.478 cycA=0.109 cycB=0.119 idtA=0.163 idtB=0.155 D_A=0.196 D_B=0.206 D_A(real)=0.81 D_A(fake)=0.19 gnG=14.23 gnD=10.34 it_per_s=4.60
2026-10-03 23:22:11,092 INFO iter=667600 epoch=95 lr=9.14e-05 G=1.377 advA2B=0.442 advB2A=0.478 cycA=0.109 cycB=0.119 idtA=0.163 idtB=0.155 D_A=0.195 D_B=0.206 D_A(real)=0.81 D_A(fake)=0.19 gnG=14.22 gnD=10.32 it_per_s=4.60
2026-10-03 23:22:32,107 INFO iter=667700 epoch=95 lr=9.13e-05 G=1.377 advA2B=0.442 advB2A=0.477 cycA=0.109 cycB=0.119 idtA=0.163 idtB=0.155 D_A=0.195 D_B=0.206 D_A(real)=0.81 D_A(fake)=0.19 gnG=14.21 gnD=10.31 it_per_s=4.60
2026-10-03 23:22:53,120 INFO iter=667800 epoch=95 lr=9.12e-05 G=1.376 advA2B=0.442 advB2A=0.477 cycA=0.109 cycB=0.119 idtA=0.163 idtB=0.156 D_A=0.195 D_B=0.206 D_A(real)=0.81 D_A(fake)=0.19 gnG=14.22 gnD=10.28 it_per_s=4.61
2026-10-03 23:23:14,109 INFO iter=667900 epoch=95 lr=9.10e-05 G=1.375 advA2B=0.442 advB2A=0.476 cycA=0.109 cycB=0.119 idtA=0.163 idtB=0.156 D_A=0.195 D_B=0.205 D_A(real)=0.81 D_A(fake)=0.19 gnG=14.19 gnD=10.26 it_per_s=4.61
2026-10-03 23:23:35,093 INFO iter=668000 epoch=95 lr=9.09e-05 G=1.375 advA2B=0.441 advB2A=0.477 cycA=0.109 cycB=0.119 idtA=0.164 idtB=0.156 D_A=0.194 D_B=0.205 D_A(real)=0.81 D_A(fake)=0.19 gnG=14.17 gnD=10.25 it_per_s=4.61
2026-10-03 23:23:56,135 INFO iter=668100 epoch=95 lr=9.07e-05 G=1.375 advA2B=0.441 advB2A=0.477 cycA=0.109 cycB=0.119 idtA=0.164 idtB=0.157 D_A=0.194 D_B=0.205 D_A(real)=0.81 D_A(fake)=0.19 gnG=14.15 gnD=10.24 it_per_s=4.61
2026-10-03 23:24:17,205 INFO iter=668200 epoch=95 lr=9.06e-05 G=1.375 advA2B=0.441 advB2A=0.476 cycA=0.109 cycB=0.119 idtA=0.164 idtB=0.157 D_A=0.194 D_B=0.205 D_A(real)=0.81 D_A(fake)=0.19 gnG=14.14 gnD=10.22 it_per_s=4.61
2026-10-03 23:24:38,237 INFO iter=668300 epoch=95 lr=9.04e-05 G=1.374 advA2B=0.441 advB2A=0.476 cycA=0.109 cycB=0.119 idtA=0.164 idtB=0.158 D_A=0.194 D_B=0.205 D_A(real)=0.81 D_A(fake)=0.19 gnG=14.14 gnD=10.21 it_per_s=4.62
2026-10-03 23:24:59,333 INFO iter=668400 epoch=95 lr=9.03e-05 G=1.373 advA2B=0.440 advB2A=0.475 cycA=0.109 cycB=0.119 idtA=0.164 idtB=0.159 D_A=0.194 D_B=0.205 D_A(real)=0.81 D_A(fake)=0.19 gnG=14.10 gnD=10.21 it_per_s=4.62
2026-10-03 23:25:20,351 INFO iter=668500 epoch=95 lr=9.02e-05 G=1.372 advA2B=0.440 advB2A=0.475 cycA=0.109 cycB=0.119 idtA=0.164 idtB=0.159 D_A=0.194 D_B=0.205 D_A(real)=0.81 D_A(fake)=0.19 gnG=14.09 gnD=10.20 it_per_s=4.62
2026-10-03 23:25:41,297 INFO iter=668600 epoch=95 lr=9.00e-05 G=1.372 advA2B=0.440 advB2A=0.475 cycA=0.109 cycB=0.119 idtA=0.164 idtB=0.160 D_A=0.194 D_B=0.204 D_A(real)=0.81 D_A(fake)=0.19 gnG=14.09 gnD=10.19 it_per_s=4.62
2026-10-03 23:25:43,388 INFO epoch=95 done time_s=1523 it_per_s=4.62 G=1.371 cycA=0.109 cycB=0.119 idtA=0.164 idtB=0.160 D_A=0.194 D_B=0.204 D_A(real)=0.81 D_A(fake)=0.19 nan_count=0
2026-10-03 23:26:11,888 INFO iter=668700 epoch=96 lr=8.99e-05 G=1.335 advA2B=0.417 advB2A=0.466 cycA=0.108 cycB=0.118 idtA=0.180 idtB=0.175 D_A=0.190 D_B=0.199 D_A(real)=0.81 D_A(fake)=0.19 gnG=13.61 gnD=9.67 it_per_s=4.75
2026-10-03 23:26:32,917 INFO iter=668800 epoch=96 lr=8.97e-05 G=1.329 advA2B=0.418 advB2A=0.464 cycA=0.107 cycB=0.117 idtA=0.170 idtB=0.178 D_A=0.184 D_B=0.197 D_A(real)=0.82 D_A(fake)=0.18 gnG=13.03 gnD=9.50 it_per_s=4.75
2026-10-03 23:26:53,943 INFO iter=668900 epoch=96 lr=8.96e-05 G=1.321 advA2B=0.414 advB2A=0.463 cycA=0.106 cycB=0.116 idtA=0.164 idtB=0.179 D_A=0.185 D_B=0.195 D_A(real)=0.81 D_A(fake)=0.19 gnG=13.46 gnD=9.41 it_per_s=4.75
2026-10-03 23:27:14,942 INFO iter=669000 epoch=96 lr=8.94e-05 G=1.334 advA2B=0.419 advB2A=0.469 cycA=0.106 cycB=0.117 idtA=0.165 idtB=0.174 D_A=0.182 D_B=0.195 D_A(real)=0.82 D_A(fake)=0.18 gnG=13.56 gnD=9.41 it_per_s=4.76
2026-10-03 23:27:35,890 INFO iter=669100 epoch=96 lr=8.93e-05 G=1.340 advA2B=0.424 advB2A=0.472 cycA=0.106 cycB=0.116 idtA=0.162 idtB=0.178 D_A=0.182 D_B=0.194 D_A(real)=0.81 D_A(fake)=0.19 gnG=13.72 gnD=9.45 it_per_s=4.76
2026-10-03 23:27:56,918 INFO iter=669200 epoch=96 lr=8.92e-05 G=1.347 advA2B=0.430 advB2A=0.472 cycA=0.106 cycB=0.117 idtA=0.163 idtB=0.176 D_A=0.182 D_B=0.193 D_A(real)=0.81 D_A(fake)=0.19 gnG=13.48 gnD=9.32 it_per_s=4.76
2026-10-03 23:28:17,928 INFO iter=669300 epoch=96 lr=8.90e-05 G=1.350 advA2B=0.434 advB2A=0.472 cycA=0.106 cycB=0.116 idtA=0.163 idtB=0.179 D_A=0.181 D_B=0.193 D_A(real)=0.81 D_A(fake)=0.18 gnG=13.59 gnD=9.33 it_per_s=4.76
2026-10-03 23:28:38,876 INFO iter=669400 epoch=96 lr=8.89e-05 G=1.345 advA2B=0.432 advB2A=0.469 cycA=0.106 cycB=0.116 idtA=0.164 idtB=0.179 D_A=0.181 D_B=0.192 D_A(real)=0.81 D_A(fake)=0.18 gnG=13.62 gnD=9.26 it_per_s=4.76
2026-10-03 23:28:59,850 INFO iter=669500 epoch=96 lr=8.87e-05 G=1.345 advA2B=0.429 advB2A=0.471 cycA=0.106 cycB=0.116 idtA=0.161 idtB=0.178 D_A=0.181 D_B=0.193 D_A(real)=0.81 D_A(fake)=0.19 gnG=13.64 gnD=9.26 it_per_s=4.76
2026-10-03 23:29:20,850 INFO iter=669600 epoch=96 lr=8.86e-05 G=1.343 advA2B=0.430 advB2A=0.470 cycA=0.106 cycB=0.116 idtA=0.160 idtB=0.178 D_A=0.181 D_B=0.193 D_A(real)=0.81 D_A(fake)=0.19 gnG=13.51 gnD=9.28 it_per_s=4.76
2026-10-03 23:29:41,786 INFO iter=669700 epoch=96 lr=8.85e-05 G=1.344 advA2B=0.432 advB2A=0.469 cycA=0.106 cycB=0.116 idtA=0.160 idtB=0.176 D_A=0.181 D_B=0.193 D_A(real)=0.81 D_A(fake)=0.19 gnG=13.43 gnD=9.29 it_per_s=4.76
2026-10-03 23:30:02,748 INFO iter=669800 epoch=96 lr=8.83e-05 G=1.344 advA2B=0.430 advB2A=0.469 cycA=0.106 cycB=0.116 idtA=0.160 idtB=0.177 D_A=0.182 D_B=0.194 D_A(real)=0.81 D_A(fake)=0.19 gnG=13.45 gnD=9.31 it_per_s=4.76
2026-10-03 23:30:23,690 INFO iter=669900 epoch=96 lr=8.82e-05 G=1.342 advA2B=0.429 advB2A=0.468 cycA=0.106 cycB=0.117 idtA=0.160 idtB=0.177 D_A=0.182 D_B=0.194 D_A(real)=0.81 D_A(fake)=0.19 gnG=13.41 gnD=9.31 it_per_s=4.76
2026-10-03 23:30:44,657 INFO iter=670000 epoch=96 lr=8.80e-05 G=1.342 advA2B=0.428 advB2A=0.468 cycA=0.106 cycB=0.117 idtA=0.160 idtB=0.175 D_A=0.182 D_B=0.194 D_A(real)=0.81 D_A(fake)=0.19 gnG=13.31 gnD=9.30 it_per_s=4.76
2026-10-03 23:31:05,664 INFO iter=670100 epoch=96 lr=8.79e-05 G=1.342 advA2B=0.429 advB2A=0.468 cycA=0.105 cycB=0.117 idtA=0.159 idtB=0.174 D_A=0.182 D_B=0.194 D_A(real)=0.81 D_A(fake)=0.19 gnG=13.32 gnD=9.34 it_per_s=4.76
2026-10-03 23:31:26,721 INFO iter=670200 epoch=96 lr=8.77e-05 G=1.342 advA2B=0.429 advB2A=0.468 cycA=0.106 cycB=0.117 idtA=0.161 idtB=0.173 D_A=0.182 D_B=0.194 D_A(real)=0.81 D_A(fake)=0.19 gnG=13.33 gnD=9.36 it_per_s=4.76
2026-10-03 23:31:47,688 INFO iter=670300 epoch=96 lr=8.76e-05 G=1.340 advA2B=0.429 advB2A=0.467 cycA=0.105 cycB=0.117 idtA=0.162 idtB=0.172 D_A=0.182 D_B=0.194 D_A(real)=0.81 D_A(fake)=0.19 gnG=13.26 gnD=9.38 it_per_s=4.76
2026-10-03 23:32:08,770 INFO iter=670400 epoch=96 lr=8.75e-05 G=1.339 advA2B=0.429 advB2A=0.467 cycA=0.105 cycB=0.117 idtA=0.162 idtB=0.170 D_A=0.182 D_B=0.194 D_A(real)=0.81 D_A(fake)=0.19 gnG=13.24 gnD=9.37 it_per_s=4.76
2026-10-03 23:32:29,774 INFO iter=670500 epoch=96 lr=8.73e-05 G=1.339 advA2B=0.429 advB2A=0.466 cycA=0.105 cycB=0.117 idtA=0.162 idtB=0.170 D_A=0.182 D_B=0.194 D_A(real)=0.81 D_A(fake)=0.19 gnG=13.23 gnD=9.37 it_per_s=4.76
2026-10-03 23:32:50,788 INFO iter=670600 epoch=96 lr=8.72e-05 G=1.338 advA2B=0.427 advB2A=0.466 cycA=0.106 cycB=0.117 idtA=0.163 idtB=0.170 D_A=0.182 D_B=0.194 D_A(real)=0.81 D_A(fake)=0.19 gnG=13.22 gnD=9.35 it_per_s=4.76
2026-10-03 23:33:11,832 INFO iter=670700 epoch=96 lr=8.70e-05 G=1.337 advA2B=0.427 advB2A=0.465 cycA=0.105 cycB=0.117 idtA=0.163 idtB=0.171 D_A=0.182 D_B=0.195 D_A(real)=0.81 D_A(fake)=0.19 gnG=13.19 gnD=9.36 it_per_s=4.76
2026-10-03 23:33:32,857 INFO iter=670800 epoch=96 lr=8.69e-05 G=1.337 advA2B=0.427 advB2A=0.465 cycA=0.105 cycB=0.117 idtA=0.162 idtB=0.171 D_A=0.182 D_B=0.194 D_A(real)=0.81 D_A(fake)=0.19 gnG=13.16 gnD=9.36 it_per_s=4.76
2026-10-03 23:33:53,882 INFO iter=670900 epoch=96 lr=8.67e-05 G=1.337 advA2B=0.427 advB2A=0.465 cycA=0.105 cycB=0.117 idtA=0.162 idtB=0.171 D_A=0.182 D_B=0.194 D_A(real)=0.81 D_A(fake)=0.19 gnG=13.13 gnD=9.36 it_per_s=4.76
2026-10-03 23:34:14,902 INFO iter=671000 epoch=96 lr=8.66e-05 G=1.336 advA2B=0.427 advB2A=0.464 cycA=0.105 cycB=0.117 idtA=0.161 idtB=0.170 D_A=0.182 D_B=0.194 D_A(real)=0.81 D_A(fake)=0.19 gnG=13.09 gnD=9.36 it_per_s=4.76
2026-10-03 23:34:35,858 INFO iter=671100 epoch=96 lr=8.65e-05 G=1.337 advA2B=0.427 advB2A=0.465 cycA=0.105 cycB=0.117 idtA=0.161 idtB=0.170 D_A=0.182 D_B=0.194 D_A(real)=0.81 D_A(fake)=0.19 gnG=13.08 gnD=9.37 it_per_s=4.76
2026-10-03 23:34:56,834 INFO iter=671200 epoch=96 lr=8.63e-05 G=1.338 advA2B=0.428 advB2A=0.465 cycA=0.106 cycB=0.117 idtA=0.160 idtB=0.170 D_A=0.182 D_B=0.194 D_A(real)=0.81 D_A(fake)=0.19 gnG=13.09 gnD=9.35 it_per_s=4.76
2026-10-03 23:35:17,922 INFO iter=671300 epoch=96 lr=8.62e-05 G=1.337 advA2B=0.427 advB2A=0.466 cycA=0.105 cycB=0.117 idtA=0.160 idtB=0.170 D_A=0.182 D_B=0.194 D_A(real)=0.81 D_A(fake)=0.19 gnG=13.09 gnD=9.36 it_per_s=4.76
2026-10-03 23:35:38,892 INFO iter=671400 epoch=96 lr=8.60e-05 G=1.337 advA2B=0.427 advB2A=0.465 cycA=0.105 cycB=0.117 idtA=0.161 idtB=0.170 D_A=0.182 D_B=0.194 D_A(real)=0.81 D_A(fake)=0.19 gnG=13.08 gnD=9.37 it_per_s=4.76
2026-10-03 23:35:59,877 INFO iter=671500 epoch=96 lr=8.59e-05 G=1.337 advA2B=0.426 advB2A=0.466 cycA=0.105 cycB=0.117 idtA=0.161 idtB=0.171 D_A=0.182 D_B=0.195 D_A(real)=0.81 D_A(fake)=0.19 gnG=13.09 gnD=9.38 it_per_s=4.76
2026-10-03 23:36:20,903 INFO iter=671600 epoch=96 lr=8.58e-05 G=1.337 advA2B=0.426 advB2A=0.466 cycA=0.106 cycB=0.117 idtA=0.161 idtB=0.170 D_A=0.182 D_B=0.194 D_A(real)=0.81 D_A(fake)=0.19 gnG=13.09 gnD=9.37 it_per_s=4.76
2026-10-03 23:36:41,835 INFO iter=671700 epoch=96 lr=8.56e-05 G=1.336 advA2B=0.426 advB2A=0.465 cycA=0.106 cycB=0.117 idtA=0.161 idtB=0.169 D_A=0.182 D_B=0.194 D_A(real)=0.81 D_A(fake)=0.19 gnG=13.07 gnD=9.35 it_per_s=4.76
2026-10-03 23:37:02,842 INFO iter=671800 epoch=96 lr=8.55e-05 G=1.335 advA2B=0.425 advB2A=0.465 cycA=0.106 cycB=0.117 idtA=0.161 idtB=0.169 D_A=0.181 D_B=0.194 D_A(real)=0.81 D_A(fake)=0.19 gnG=13.02 gnD=9.34 it_per_s=4.76
2026-10-03 23:37:23,776 INFO iter=671900 epoch=96 lr=8.53e-05 G=1.335 advA2B=0.425 advB2A=0.465 cycA=0.106 cycB=0.117 idtA=0.161 idtB=0.168 D_A=0.181 D_B=0.194 D_A(real)=0.81 D_A(fake)=0.19 gnG=13.02 gnD=9.35 it_per_s=4.76
2026-10-03 23:37:44,811 INFO iter=672000 epoch=96 lr=8.52e-05 G=1.334 advA2B=0.425 advB2A=0.465 cycA=0.106 cycB=0.117 idtA=0.161 idtB=0.167 D_A=0.181 D_B=0.194 D_A(real)=0.81 D_A(fake)=0.19 gnG=13.04 gnD=9.34 it_per_s=4.76
2026-10-03 23:38:05,777 INFO iter=672100 epoch=96 lr=8.50e-05 G=1.333 advA2B=0.424 advB2A=0.464 cycA=0.106 cycB=0.117 idtA=0.161 idtB=0.168 D_A=0.181 D_B=0.194 D_A(real)=0.81 D_A(fake)=0.19 gnG=13.02 gnD=9.34 it_per_s=4.76
2026-10-03 23:38:26,825 INFO iter=672200 epoch=96 lr=8.49e-05 G=1.332 advA2B=0.423 advB2A=0.464 cycA=0.106 cycB=0.117 idtA=0.162 idtB=0.168 D_A=0.181 D_B=0.195 D_A(real)=0.81 D_A(fake)=0.19 gnG=12.99 gnD=9.34 it_per_s=4.76
2026-10-03 23:38:47,813 INFO iter=672300 epoch=96 lr=8.48e-05 G=1.333 advA2B=0.424 advB2A=0.464 cycA=0.106 cycB=0.117 idtA=0.161 idtB=0.167 D_A=0.181 D_B=0.194 D_A(real)=0.81 D_A(fake)=0.19 gnG=13.05 gnD=9.34 it_per_s=4.76
2026-10-03 23:39:08,778 INFO iter=672400 epoch=96 lr=8.46e-05 G=1.332 advA2B=0.424 advB2A=0.464 cycA=0.106 cycB=0.117 idtA=0.162 idtB=0.167 D_A=0.182 D_B=0.194 D_A(real)=0.81 D_A(fake)=0.19 gnG=13.14 gnD=9.34 it_per_s=4.76
2026-10-03 23:39:29,776 INFO iter=672500 epoch=96 lr=8.45e-05 G=1.332 advA2B=0.424 advB2A=0.464 cycA=0.106 cycB=0.117 idtA=0.161 idtB=0.167 D_A=0.181 D_B=0.195 D_A(real)=0.81 D_A(fake)=0.19 gnG=13.12 gnD=9.35 it_per_s=4.76
2026-10-03 23:39:50,780 INFO iter=672600 epoch=96 lr=8.43e-05 G=1.332 advA2B=0.424 advB2A=0.464 cycA=0.106 cycB=0.117 idtA=0.161 idtB=0.167 D_A=0.182 D_B=0.195 D_A(real)=0.81 D_A(fake)=0.19 gnG=13.13 gnD=9.35 it_per_s=4.76
2026-10-03 23:40:11,728 INFO iter=672700 epoch=96 lr=8.42e-05 G=1.331 advA2B=0.423 advB2A=0.463 cycA=0.106 cycB=0.117 idtA=0.161 idtB=0.167 D_A=0.181 D_B=0.195 D_A(real)=0.81 D_A(fake)=0.19 gnG=13.09 gnD=9.34 it_per_s=4.76
2026-10-03 23:40:32,718 INFO iter=672800 epoch=96 lr=8.40e-05 G=1.331 advA2B=0.423 advB2A=0.463 cycA=0.106 cycB=0.117 idtA=0.161 idtB=0.167 D_A=0.181 D_B=0.195 D_A(real)=0.81 D_A(fake)=0.19 gnG=13.09 gnD=9.32 it_per_s=4.76
2026-10-03 23:40:53,691 INFO iter=672900 epoch=96 lr=8.39e-05 G=1.330 advA2B=0.423 advB2A=0.463 cycA=0.106 cycB=0.116 idtA=0.161 idtB=0.166 D_A=0.181 D_B=0.195 D_A(real)=0.81 D_A(fake)=0.19 gnG=13.08 gnD=9.31 it_per_s=4.76
2026-10-03 23:41:14,712 INFO iter=673000 epoch=96 lr=8.38e-05 G=1.330 advA2B=0.422 advB2A=0.463 cycA=0.105 cycB=0.117 idtA=0.161 idtB=0.166 D_A=0.181 D_B=0.195 D_A(real)=0.81 D_A(fake)=0.19 gnG=13.08 gnD=9.30 it_per_s=4.76
2026-10-03 23:41:35,662 INFO iter=673100 epoch=96 lr=8.36e-05 G=1.329 advA2B=0.423 advB2A=0.463 cycA=0.105 cycB=0.117 idtA=0.161 idtB=0.166 D_A=0.181 D_B=0.195 D_A(real)=0.81 D_A(fake)=0.19 gnG=13.09 gnD=9.31 it_per_s=4.76
2026-10-03 23:41:56,640 INFO iter=673200 epoch=96 lr=8.35e-05 G=1.329 advA2B=0.423 advB2A=0.463 cycA=0.105 cycB=0.116 idtA=0.160 idtB=0.166 D_A=0.181 D_B=0.194 D_A(real)=0.81 D_A(fake)=0.19 gnG=13.11 gnD=9.30 it_per_s=4.76
2026-10-03 23:42:17,002 INFO iter=673300 epoch=96 lr=8.33e-05 G=1.330 advA2B=0.423 advB2A=0.463 cycA=0.105 cycB=0.116 idtA=0.160 idtB=0.166 D_A=0.181 D_B=0.194 D_A(real)=0.81 D_A(fake)=0.19 gnG=13.12 gnD=9.30 it_per_s=4.77
2026-10-03 23:42:41,639 INFO iter=673400 epoch=96 lr=8.32e-05 G=1.329 advA2B=0.423 advB2A=0.463 cycA=0.105 cycB=0.116 idtA=0.160 idtB=0.166 D_A=0.181 D_B=0.194 D_A(real)=0.81 D_A(fake)=0.19 gnG=13.11 gnD=9.29 it_per_s=4.75
2026-10-03 23:43:06,726 INFO iter=673500 epoch=96 lr=8.31e-05 G=1.330 advA2B=0.424 advB2A=0.463 cycA=0.105 cycB=0.116 idtA=0.161 idtB=0.166 D_A=0.181 D_B=0.194 D_A(real)=0.81 D_A(fake)=0.19 gnG=13.12 gnD=9.30 it_per_s=4.73
2026-10-03 23:43:30,305 INFO iter=673600 epoch=96 lr=8.29e-05 G=1.331 advA2B=0.424 advB2A=0.463 cycA=0.105 cycB=0.116 idtA=0.161 idtB=0.166 D_A=0.181 D_B=0.194 D_A(real)=0.81 D_A(fake)=0.19 gnG=13.10 gnD=9.30 it_per_s=4.72
2026-10-03 23:43:53,242 INFO iter=673700 epoch=96 lr=8.28e-05 G=1.331 advA2B=0.425 advB2A=0.463 cycA=0.105 cycB=0.116 idtA=0.162 idtB=0.166 D_A=0.181 D_B=0.194 D_A(real)=0.81 D_A(fake)=0.19 gnG=13.09 gnD=9.28 it_per_s=4.71
2026-10-03 23:44:18,353 INFO iter=673800 epoch=96 lr=8.26e-05 G=1.331 advA2B=0.425 advB2A=0.463 cycA=0.105 cycB=0.117 idtA=0.162 idtB=0.166 D_A=0.181 D_B=0.194 D_A(real)=0.81 D_A(fake)=0.19 gnG=13.08 gnD=9.28 it_per_s=4.69
2026-10-03 23:44:39,350 INFO iter=673900 epoch=96 lr=8.25e-05 G=1.331 advA2B=0.425 advB2A=0.462 cycA=0.105 cycB=0.116 idtA=0.162 idtB=0.166 D_A=0.181 D_B=0.194 D_A(real)=0.81 D_A(fake)=0.19 gnG=13.10 gnD=9.28 it_per_s=4.70
2026-10-03 23:45:00,378 INFO iter=674000 epoch=96 lr=8.23e-05 G=1.331 advA2B=0.425 advB2A=0.462 cycA=0.105 cycB=0.116 idtA=0.162 idtB=0.166 D_A=0.181 D_B=0.194 D_A(real)=0.81 D_A(fake)=0.19 gnG=13.12 gnD=9.28 it_per_s=4.70
2026-10-03 23:45:21,403 INFO iter=674100 epoch=96 lr=8.22e-05 G=1.331 advA2B=0.425 advB2A=0.462 cycA=0.105 cycB=0.116 idtA=0.162 idtB=0.166 D_A=0.181 D_B=0.194 D_A(real)=0.81 D_A(fake)=0.19 gnG=13.14 gnD=9.28 it_per_s=4.70
2026-10-03 23:45:42,390 INFO iter=674200 epoch=96 lr=8.21e-05 G=1.332 advA2B=0.426 advB2A=0.462 cycA=0.105 cycB=0.116 idtA=0.162 idtB=0.166 D_A=0.181 D_B=0.194 D_A(real)=0.81 D_A(fake)=0.19 gnG=13.14 gnD=9.29 it_per_s=4.70
2026-10-03 23:46:03,375 INFO iter=674300 epoch=96 lr=8.19e-05 G=1.331 advA2B=0.426 advB2A=0.462 cycA=0.105 cycB=0.116 idtA=0.162 idtB=0.167 D_A=0.181 D_B=0.193 D_A(real)=0.81 D_A(fake)=0.19 gnG=13.13 gnD=9.27 it_per_s=4.70
2026-10-03 23:46:24,343 INFO iter=674400 epoch=96 lr=8.18e-05 G=1.331 advA2B=0.426 advB2A=0.461 cycA=0.105 cycB=0.116 idtA=0.162 idtB=0.167 D_A=0.181 D_B=0.193 D_A(real)=0.81 D_A(fake)=0.19 gnG=13.11 gnD=9.27 it_per_s=4.70
2026-10-03 23:46:45,391 INFO iter=674500 epoch=96 lr=8.16e-05 G=1.331 advA2B=0.426 advB2A=0.462 cycA=0.105 cycB=0.116 idtA=0.161 idtB=0.166 D_A=0.181 D_B=0.193 D_A(real)=0.81 D_A(fake)=0.19 gnG=13.11 gnD=9.26 it_per_s=4.70
2026-10-03 23:47:06,324 INFO iter=674600 epoch=96 lr=8.15e-05 G=1.331 advA2B=0.426 advB2A=0.462 cycA=0.105 cycB=0.116 idtA=0.161 idtB=0.166 D_A=0.181 D_B=0.193 D_A(real)=0.81 D_A(fake)=0.19 gnG=13.13 gnD=9.27 it_per_s=4.70
2026-10-03 23:47:27,236 INFO iter=674700 epoch=96 lr=8.13e-05 G=1.331 advA2B=0.426 advB2A=0.461 cycA=0.105 cycB=0.116 idtA=0.162 idtB=0.166 D_A=0.181 D_B=0.193 D_A(real)=0.81 D_A(fake)=0.19 gnG=13.12 gnD=9.26 it_per_s=4.71
2026-10-03 23:47:48,212 INFO iter=674800 epoch=96 lr=8.12e-05 G=1.331 advA2B=0.427 advB2A=0.461 cycA=0.105 cycB=0.117 idtA=0.162 idtB=0.166 D_A=0.181 D_B=0.193 D_A(real)=0.81 D_A(fake)=0.19 gnG=13.11 gnD=9.26 it_per_s=4.71
2026-10-03 23:48:09,189 INFO iter=674900 epoch=96 lr=8.11e-05 G=1.331 advA2B=0.427 advB2A=0.461 cycA=0.105 cycB=0.117 idtA=0.162 idtB=0.166 D_A=0.181 D_B=0.193 D_A(real)=0.81 D_A(fake)=0.19 gnG=13.11 gnD=9.27 it_per_s=4.71
2026-10-03 23:48:30,140 INFO iter=675000 epoch=96 lr=8.09e-05 G=1.331 advA2B=0.427 advB2A=0.461 cycA=0.105 cycB=0.117 idtA=0.162 idtB=0.165 D_A=0.181 D_B=0.193 D_A(real)=0.81 D_A(fake)=0.19 gnG=13.12 gnD=9.26 it_per_s=4.71
2026-10-03 23:48:51,156 INFO iter=675100 epoch=96 lr=8.08e-05 G=1.332 advA2B=0.427 advB2A=0.462 cycA=0.105 cycB=0.117 idtA=0.162 idtB=0.165 D_A=0.181 D_B=0.193 D_A(real)=0.81 D_A(fake)=0.19 gnG=13.13 gnD=9.25 it_per_s=4.71
2026-10-03 23:49:12,091 INFO iter=675200 epoch=96 lr=8.06e-05 G=1.330 advA2B=0.426 advB2A=0.461 cycA=0.105 cycB=0.117 idtA=0.162 idtB=0.165 D_A=0.181 D_B=0.193 D_A(real)=0.81 D_A(fake)=0.19 gnG=13.12 gnD=9.24 it_per_s=4.71
2026-10-03 23:49:33,026 INFO iter=675300 epoch=96 lr=8.05e-05 G=1.329 advA2B=0.426 advB2A=0.461 cycA=0.105 cycB=0.116 idtA=0.162 idtB=0.165 D_A=0.181 D_B=0.193 D_A(real)=0.81 D_A(fake)=0.19 gnG=13.11 gnD=9.25 it_per_s=4.71
2026-10-03 23:49:53,997 INFO iter=675400 epoch=96 lr=8.04e-05 G=1.329 advA2B=0.425 advB2A=0.461 cycA=0.105 cycB=0.116 idtA=0.162 idtB=0.165 D_A=0.181 D_B=0.193 D_A(real)=0.81 D_A(fake)=0.19 gnG=13.11 gnD=9.25 it_per_s=4.71
2026-10-03 23:50:14,989 INFO iter=675500 epoch=96 lr=8.02e-05 G=1.329 advA2B=0.425 advB2A=0.461 cycA=0.105 cycB=0.116 idtA=0.162 idtB=0.165 D_A=0.181 D_B=0.193 D_A(real)=0.81 D_A(fake)=0.19 gnG=13.10 gnD=9.25 it_per_s=4.71
2026-10-03 23:50:35,988 INFO iter=675600 epoch=96 lr=8.01e-05 G=1.330 advA2B=0.426 advB2A=0.461 cycA=0.105 cycB=0.116 idtA=0.162 idtB=0.165 D_A=0.181 D_B=0.193 D_A(real)=0.81 D_A(fake)=0.19 gnG=13.09 gnD=9.24 it_per_s=4.71
2026-10-03 23:50:46,087 INFO epoch=96 done time_s=1493 it_per_s=4.71 G=1.330 cycA=0.105 cycB=0.116 idtA=0.162 idtB=0.165 D_A=0.181 D_B=0.193 D_A(real)=0.81 D_A(fake)=0.19 nan_count=0
2026-10-03 23:50:58,054 INFO iter=675700 epoch=97 lr=7.99e-05 G=1.321 advA2B=0.428 advB2A=0.457 cycA=0.101 cycB=0.117 idtA=0.159 idtB=0.145 D_A=0.190 D_B=0.190 D_A(real)=0.77 D_A(fake)=0.24 gnG=15.05 gnD=9.54 it_per_s=4.76
2026-10-03 23:51:22,685 INFO iter=675800 epoch=97 lr=7.98e-05 G=1.317 advA2B=0.415 advB2A=0.467 cycA=0.105 cycB=0.113 idtA=0.166 idtB=0.151 D_A=0.183 D_B=0.192 D_A(real)=0.79 D_A(fake)=0.21 gnG=14.31 gnD=9.29 it_per_s=4.28
2026-10-03 23:51:47,694 INFO iter=675900 epoch=97 lr=7.96e-05 G=1.339 advA2B=0.427 advB2A=0.473 cycA=0.104 cycB=0.115 idtA=0.163 idtB=0.155 D_A=0.183 D_B=0.191 D_A(real)=0.80 D_A(fake)=0.20 gnG=14.29 gnD=9.23 it_per_s=4.16
2026-10-03 23:52:09,107 INFO iter=676000 epoch=97 lr=7.95e-05 G=1.323 advA2B=0.420 advB2A=0.464 cycA=0.104 cycB=0.115 idtA=0.159 idtB=0.157 D_A=0.180 D_B=0.192 D_A(real)=0.80 D_A(fake)=0.20 gnG=13.90 gnD=9.16 it_per_s=4.29
2026-10-03 23:52:30,104 INFO iter=676100 epoch=97 lr=7.94e-05 G=1.331 advA2B=0.423 advB2A=0.470 cycA=0.104 cycB=0.116 idtA=0.158 idtB=0.156 D_A=0.180 D_B=0.192 D_A(real)=0.80 D_A(fake)=0.20 gnG=13.88 gnD=9.13 it_per_s=4.39
2026-10-03 23:52:51,039 INFO iter=676200 epoch=97 lr=7.92e-05 G=1.330 advA2B=0.425 advB2A=0.468 cycA=0.104 cycB=0.114 idtA=0.159 idtB=0.155 D_A=0.179 D_B=0.192 D_A(real)=0.81 D_A(fake)=0.19 gnG=13.76 gnD=9.07 it_per_s=4.45
2026-10-03 23:53:12,003 INFO iter=676300 epoch=97 lr=7.91e-05 G=1.330 advA2B=0.431 advB2A=0.463 cycA=0.104 cycB=0.114 idtA=0.161 idtB=0.152 D_A=0.179 D_B=0.191 D_A(real)=0.81 D_A(fake)=0.19 gnG=13.76 gnD=9.05 it_per_s=4.50
2026-10-03 23:53:33,011 INFO iter=676400 epoch=97 lr=7.89e-05 G=1.334 advA2B=0.434 advB2A=0.465 cycA=0.104 cycB=0.114 idtA=0.159 idtB=0.152 D_A=0.179 D_B=0.191 D_A(real)=0.81 D_A(fake)=0.19 gnG=13.79 gnD=9.04 it_per_s=4.53
2026-10-03 23:53:53,995 INFO iter=676500 epoch=97 lr=7.88e-05 G=1.337 advA2B=0.437 advB2A=0.465 cycA=0.104 cycB=0.114 idtA=0.158 idtB=0.157 D_A=0.179 D_B=0.191 D_A(real)=0.81 D_A(fake)=0.19 gnG=13.78 gnD=9.06 it_per_s=4.56
2026-10-03 23:54:15,006 INFO iter=676600 epoch=97 lr=7.86e-05 G=1.339 advA2B=0.437 advB2A=0.464 cycA=0.104 cycB=0.115 idtA=0.158 idtB=0.159 D_A=0.179 D_B=0.191 D_A(real)=0.81 D_A(fake)=0.19 gnG=13.85 gnD=9.05 it_per_s=4.58
2026-10-03 23:54:35,945 INFO iter=676700 epoch=97 lr=7.85e-05 G=1.341 advA2B=0.438 advB2A=0.465 cycA=0.104 cycB=0.115 idtA=0.157 idtB=0.161 D_A=0.179 D_B=0.191 D_A(real)=0.81 D_A(fake)=0.19 gnG=13.95 gnD=9.03 it_per_s=4.60
2026-10-03 23:54:56,951 INFO iter=676800 epoch=97 lr=7.84e-05 G=1.340 advA2B=0.436 advB2A=0.468 cycA=0.104 cycB=0.114 idtA=0.156 idtB=0.159 D_A=0.178 D_B=0.191 D_A(real)=0.81 D_A(fake)=0.19 gnG=13.92 gnD=9.01 it_per_s=4.61
2026-10-03 23:55:17,951 INFO iter=676900 epoch=97 lr=7.82e-05 G=1.345 advA2B=0.438 advB2A=0.468 cycA=0.104 cycB=0.115 idtA=0.156 idtB=0.159 D_A=0.178 D_B=0.191 D_A(real)=0.81 D_A(fake)=0.19 gnG=13.94 gnD=9.03 it_per_s=4.62
2026-10-03 23:55:38,922 INFO iter=677000 epoch=97 lr=7.81e-05 G=1.345 advA2B=0.439 advB2A=0.469 cycA=0.104 cycB=0.115 idtA=0.156 idtB=0.158 D_A=0.179 D_B=0.192 D_A(real)=0.81 D_A(fake)=0.19 gnG=14.00 gnD=9.07 it_per_s=4.63
2026-10-03 23:55:59,859 INFO iter=677100 epoch=97 lr=7.79e-05 G=1.346 advA2B=0.437 advB2A=0.470 cycA=0.104 cycB=0.115 idtA=0.156 idtB=0.159 D_A=0.179 D_B=0.192 D_A(real)=0.81 D_A(fake)=0.19 gnG=13.92 gnD=9.05 it_per_s=4.64
2026-10-03 23:56:20,844 INFO iter=677200 epoch=97 lr=7.78e-05 G=1.347 advA2B=0.438 advB2A=0.471 cycA=0.104 cycB=0.115 idtA=0.156 idtB=0.157 D_A=0.179 D_B=0.191 D_A(real)=0.81 D_A(fake)=0.19 gnG=13.96 gnD=9.04 it_per_s=4.65
2026-10-03 23:56:41,856 INFO iter=677300 epoch=97 lr=7.77e-05 G=1.346 advA2B=0.437 advB2A=0.471 cycA=0.104 cycB=0.115 idtA=0.155 idtB=0.157 D_A=0.179 D_B=0.192 D_A(real)=0.81 D_A(fake)=0.19 gnG=13.91 gnD=9.06 it_per_s=4.66
2026-10-03 23:57:02,795 INFO iter=677400 epoch=97 lr=7.75e-05 G=1.345 advA2B=0.438 advB2A=0.469 cycA=0.104 cycB=0.115 idtA=0.154 idtB=0.158 D_A=0.179 D_B=0.191 D_A(real)=0.81 D_A(fake)=0.19 gnG=13.94 gnD=9.04 it_per_s=4.66
2026-10-03 23:57:23,795 INFO iter=677500 epoch=97 lr=7.74e-05 G=1.344 advA2B=0.438 advB2A=0.469 cycA=0.104 cycB=0.115 idtA=0.153 idtB=0.157 D_A=0.178 D_B=0.191 D_A(real)=0.81 D_A(fake)=0.19 gnG=13.89 gnD=9.05 it_per_s=4.67
2026-10-03 23:57:44,781 INFO iter=677600 epoch=97 lr=7.72e-05 G=1.345 advA2B=0.438 advB2A=0.470 cycA=0.104 cycB=0.115 idtA=0.152 idtB=0.157 D_A=0.179 D_B=0.191 D_A(real)=0.81 D_A(fake)=0.19 gnG=13.96 gnD=9.05 it_per_s=4.67
2026-10-03 23:58:05,779 INFO iter=677700 epoch=97 lr=7.71e-05 G=1.341 advA2B=0.437 advB2A=0.467 cycA=0.104 cycB=0.115 idtA=0.153 idtB=0.156 D_A=0.179 D_B=0.192 D_A(real)=0.81 D_A(fake)=0.19 gnG=13.98 gnD=9.11 it_per_s=4.68
2026-10-03 23:58:26,768 INFO iter=677800 epoch=97 lr=7.69e-05 G=1.339 advA2B=0.436 advB2A=0.467 cycA=0.104 cycB=0.114 idtA=0.153 idtB=0.155 D_A=0.179 D_B=0.191 D_A(real)=0.81 D_A(fake)=0.19 gnG=13.93 gnD=9.09 it_per_s=4.68
2026-10-03 23:58:47,777 INFO iter=677900 epoch=97 lr=7.68e-05 G=1.338 advA2B=0.436 advB2A=0.467 cycA=0.104 cycB=0.114 idtA=0.153 idtB=0.154 D_A=0.179 D_B=0.192 D_A(real)=0.81 D_A(fake)=0.19 gnG=13.94 gnD=9.11 it_per_s=4.69
2026-10-03 23:59:08,818 INFO iter=678000 epoch=97 lr=7.67e-05 G=1.341 advA2B=0.437 advB2A=0.468 cycA=0.104 cycB=0.115 idtA=0.153 idtB=0.154 D_A=0.179 D_B=0.192 D_A(real)=0.81 D_A(fake)=0.19 gnG=13.98 gnD=9.10 it_per_s=4.69
2026-10-03 23:59:29,780 INFO iter=678100 epoch=97 lr=7.65e-05 G=1.342 advA2B=0.438 advB2A=0.467 cycA=0.104 cycB=0.115 idtA=0.154 idtB=0.154 D_A=0.179 D_B=0.192 D_A(real)=0.81 D_A(fake)=0.19 gnG=13.98 gnD=9.09 it_per_s=4.69
2026-10-03 23:59:50,794 INFO iter=678200 epoch=97 lr=7.64e-05 G=1.342 advA2B=0.438 advB2A=0.467 cycA=0.104 cycB=0.115 idtA=0.155 idtB=0.154 D_A=0.179 D_B=0.191 D_A(real)=0.81 D_A(fake)=0.19 gnG=13.95 gnD=9.07 it_per_s=4.69
2026-10-04 00:00:11,774 INFO iter=678300 epoch=97 lr=7.62e-05 G=1.340 advA2B=0.437 advB2A=0.466 cycA=0.104 cycB=0.114 idtA=0.156 idtB=0.155 D_A=0.179 D_B=0.191 D_A(real)=0.81 D_A(fake)=0.19 gnG=13.90 gnD=9.07 it_per_s=4.70
2026-10-04 00:00:32,770 INFO iter=678400 epoch=97 lr=7.61e-05 G=1.339 advA2B=0.436 advB2A=0.466 cycA=0.104 cycB=0.114 idtA=0.156 idtB=0.154 D_A=0.179 D_B=0.191 D_A(real)=0.81 D_A(fake)=0.19 gnG=13.89 gnD=9.07 it_per_s=4.70
2026-10-04 00:00:53,706 INFO iter=678500 epoch=97 lr=7.59e-05 G=1.341 advA2B=0.436 advB2A=0.468 cycA=0.104 cycB=0.115 idtA=0.157 idtB=0.155 D_A=0.179 D_B=0.191 D_A(real)=0.81 D_A(fake)=0.19 gnG=13.90 gnD=9.06 it_per_s=4.70
2026-10-04 00:01:14,634 INFO iter=678600 epoch=97 lr=7.58e-05 G=1.339 advA2B=0.435 advB2A=0.468 cycA=0.104 cycB=0.115 idtA=0.158 idtB=0.154 D_A=0.179 D_B=0.191 D_A(real)=0.81 D_A(fake)=0.19 gnG=13.85 gnD=9.07 it_per_s=4.70
2026-10-04 00:01:35,705 INFO iter=678700 epoch=97 lr=7.57e-05 G=1.340 advA2B=0.436 advB2A=0.467 cycA=0.104 cycB=0.115 idtA=0.158 idtB=0.155 D_A=0.179 D_B=0.191 D_A(real)=0.81 D_A(fake)=0.19 gnG=13.99 gnD=9.08 it_per_s=4.71
2026-10-04 00:01:56,833 INFO iter=678800 epoch=97 lr=7.55e-05 G=1.340 advA2B=0.437 advB2A=0.467 cycA=0.104 cycB=0.115 idtA=0.158 idtB=0.155 D_A=0.179 D_B=0.191 D_A(real)=0.81 D_A(fake)=0.19 gnG=14.03 gnD=9.08 it_per_s=4.71
2026-10-04 00:02:17,782 INFO iter=678900 epoch=97 lr=7.54e-05 G=1.341 advA2B=0.437 advB2A=0.467 cycA=0.104 cycB=0.115 idtA=0.158 idtB=0.155 D_A=0.180 D_B=0.191 D_A(real)=0.81 D_A(fake)=0.19 gnG=14.02 gnD=9.08 it_per_s=4.71
2026-10-04 00:02:38,818 INFO iter=679000 epoch=97 lr=7.52e-05 G=1.342 advA2B=0.438 advB2A=0.467 cycA=0.104 cycB=0.115 idtA=0.158 idtB=0.155 D_A=0.180 D_B=0.191 D_A(real)=0.81 D_A(fake)=0.19 gnG=14.03 gnD=9.08 it_per_s=4.71
2026-10-04 00:02:59,882 INFO iter=679100 epoch=97 lr=7.51e-05 G=1.341 advA2B=0.438 advB2A=0.467 cycA=0.104 cycB=0.115 idtA=0.158 idtB=0.155 D_A=0.180 D_B=0.191 D_A(real)=0.81 D_A(fake)=0.19 gnG=14.11 gnD=9.08 it_per_s=4.71
2026-10-04 00:03:20,846 INFO iter=679200 epoch=97 lr=7.50e-05 G=1.341 advA2B=0.438 advB2A=0.466 cycA=0.104 cycB=0.115 idtA=0.158 idtB=0.155 D_A=0.180 D_B=0.191 D_A(real)=0.81 D_A(fake)=0.19 gnG=14.09 gnD=9.08 it_per_s=4.71
2026-10-04 00:03:41,858 INFO iter=679300 epoch=97 lr=7.48e-05 G=1.341 advA2B=0.438 advB2A=0.465 cycA=0.104 cycB=0.115 idtA=0.157 idtB=0.155 D_A=0.180 D_B=0.191 D_A(real)=0.81 D_A(fake)=0.19 gnG=14.05 gnD=9.08 it_per_s=4.71
2026-10-04 00:04:02,900 INFO iter=679400 epoch=97 lr=7.47e-05 G=1.340 advA2B=0.438 advB2A=0.465 cycA=0.104 cycB=0.115 idtA=0.157 idtB=0.154 D_A=0.180 D_B=0.191 D_A(real)=0.81 D_A(fake)=0.19 gnG=14.00 gnD=9.07 it_per_s=4.71
2026-10-04 00:04:23,918 INFO iter=679500 epoch=97 lr=7.45e-05 G=1.339 advA2B=0.437 advB2A=0.465 cycA=0.104 cycB=0.115 idtA=0.158 idtB=0.154 D_A=0.179 D_B=0.191 D_A(real)=0.81 D_A(fake)=0.19 gnG=13.98 gnD=9.08 it_per_s=4.72
2026-10-04 00:04:44,869 INFO iter=679600 epoch=97 lr=7.44e-05 G=1.337 advA2B=0.437 advB2A=0.465 cycA=0.104 cycB=0.114 idtA=0.158 idtB=0.154 D_A=0.180 D_B=0.191 D_A(real)=0.81 D_A(fake)=0.19 gnG=13.95 gnD=9.08 it_per_s=4.72
2026-10-04 00:05:05,942 INFO iter=679700 epoch=97 lr=7.42e-05 G=1.337 advA2B=0.437 advB2A=0.464 cycA=0.104 cycB=0.114 idtA=0.158 idtB=0.154 D_A=0.179 D_B=0.191 D_A(real)=0.81 D_A(fake)=0.19 gnG=13.94 gnD=9.06 it_per_s=4.72
2026-10-04 00:05:26,425 INFO iter=679800 epoch=97 lr=7.41e-05 G=1.336 advA2B=0.436 advB2A=0.464 cycA=0.104 cycB=0.114 idtA=0.158 idtB=0.154 D_A=0.180 D_B=0.191 D_A(real)=0.81 D_A(fake)=0.19 gnG=14.01 gnD=9.05 it_per_s=4.72
2026-10-04 00:05:47,505 INFO iter=679900 epoch=97 lr=7.40e-05 G=1.337 advA2B=0.437 advB2A=0.464 cycA=0.104 cycB=0.115 idtA=0.158 idtB=0.155 D_A=0.179 D_B=0.191 D_A(real)=0.81 D_A(fake)=0.19 gnG=14.04 gnD=9.05 it_per_s=4.72
2026-10-04 00:06:08,498 INFO iter=680000 epoch=97 lr=7.38e-05 G=1.337 advA2B=0.437 advB2A=0.463 cycA=0.104 cycB=0.115 idtA=0.158 idtB=0.155 D_A=0.179 D_B=0.191 D_A(real)=0.81 D_A(fake)=0.19 gnG=14.04 gnD=9.05 it_per_s=4.72
2026-10-04 00:06:29,518 INFO iter=680100 epoch=97 lr=7.37e-05 G=1.338 advA2B=0.437 advB2A=0.464 cycA=0.104 cycB=0.114 idtA=0.158 idtB=0.155 D_A=0.179 D_B=0.190 D_A(real)=0.81 D_A(fake)=0.19 gnG=14.06 gnD=9.04 it_per_s=4.72
2026-10-04 00:06:50,534 INFO iter=680200 epoch=97 lr=7.35e-05 G=1.337 advA2B=0.437 advB2A=0.464 cycA=0.104 cycB=0.114 idtA=0.158 idtB=0.155 D_A=0.179 D_B=0.190 D_A(real)=0.81 D_A(fake)=0.19 gnG=14.05 gnD=9.03 it_per_s=4.72
2026-10-04 00:07:11,541 INFO iter=680300 epoch=97 lr=7.34e-05 G=1.338 advA2B=0.437 advB2A=0.465 cycA=0.104 cycB=0.114 idtA=0.158 idtB=0.155 D_A=0.179 D_B=0.190 D_A(real)=0.81 D_A(fake)=0.19 gnG=14.10 gnD=9.02 it_per_s=4.73
2026-10-04 00:07:32,543 INFO iter=680400 epoch=97 lr=7.32e-05 G=1.338 advA2B=0.437 advB2A=0.464 cycA=0.104 cycB=0.115 idtA=0.158 idtB=0.156 D_A=0.179 D_B=0.190 D_A(real)=0.81 D_A(fake)=0.19 gnG=14.06 gnD=9.02 it_per_s=4.73
2026-10-04 00:07:53,565 INFO iter=680500 epoch=97 lr=7.31e-05 G=1.337 advA2B=0.436 advB2A=0.464 cycA=0.104 cycB=0.115 idtA=0.158 idtB=0.156 D_A=0.179 D_B=0.190 D_A(real)=0.81 D_A(fake)=0.19 gnG=14.02 gnD=9.01 it_per_s=4.73
2026-10-04 00:08:14,614 INFO iter=680600 epoch=97 lr=7.30e-05 G=1.337 advA2B=0.436 advB2A=0.464 cycA=0.104 cycB=0.115 idtA=0.158 idtB=0.156 D_A=0.179 D_B=0.190 D_A(real)=0.81 D_A(fake)=0.19 gnG=14.00 gnD=9.01 it_per_s=4.73
2026-10-04 00:08:35,631 INFO iter=680700 epoch=97 lr=7.28e-05 G=1.337 advA2B=0.436 advB2A=0.465 cycA=0.103 cycB=0.115 idtA=0.158 idtB=0.157 D_A=0.179 D_B=0.190 D_A(real)=0.81 D_A(fake)=0.19 gnG=13.99 gnD=9.01 it_per_s=4.73
2026-10-04 00:08:56,633 INFO iter=680800 epoch=97 lr=7.27e-05 G=1.337 advA2B=0.436 advB2A=0.465 cycA=0.103 cycB=0.115 idtA=0.158 idtB=0.157 D_A=0.179 D_B=0.190 D_A(real)=0.81 D_A(fake)=0.19 gnG=13.95 gnD=9.00 it_per_s=4.73
2026-10-04 00:09:17,622 INFO iter=680900 epoch=97 lr=7.25e-05 G=1.337 advA2B=0.436 advB2A=0.465 cycA=0.103 cycB=0.115 idtA=0.158 idtB=0.158 D_A=0.179 D_B=0.190 D_A(real)=0.81 D_A(fake)=0.19 gnG=13.97 gnD=8.99 it_per_s=4.73
2026-10-04 00:09:38,598 INFO iter=681000 epoch=97 lr=7.24e-05 G=1.336 advA2B=0.435 advB2A=0.465 cycA=0.103 cycB=0.115 idtA=0.158 idtB=0.158 D_A=0.179 D_B=0.190 D_A(real)=0.81 D_A(fake)=0.19 gnG=13.94 gnD=8.99 it_per_s=4.73
2026-10-04 00:09:59,584 INFO iter=681100 epoch=97 lr=7.23e-05 G=1.336 advA2B=0.435 advB2A=0.465 cycA=0.103 cycB=0.115 idtA=0.158 idtB=0.158 D_A=0.179 D_B=0.190 D_A(real)=0.81 D_A(fake)=0.19 gnG=13.93 gnD=8.99 it_per_s=4.73
2026-10-04 00:10:20,598 INFO iter=681200 epoch=97 lr=7.21e-05 G=1.337 advA2B=0.436 advB2A=0.465 cycA=0.103 cycB=0.115 idtA=0.159 idtB=0.158 D_A=0.179 D_B=0.190 D_A(real)=0.81 D_A(fake)=0.19 gnG=13.91 gnD=9.00 it_per_s=4.73
2026-10-04 00:10:41,576 INFO iter=681300 epoch=97 lr=7.20e-05 G=1.337 advA2B=0.436 advB2A=0.465 cycA=0.103 cycB=0.115 idtA=0.159 idtB=0.158 D_A=0.179 D_B=0.190 D_A(real)=0.81 D_A(fake)=0.19 gnG=13.90 gnD=8.99 it_per_s=4.73
2026-10-04 00:11:02,578 INFO iter=681400 epoch=97 lr=7.18e-05 G=1.337 advA2B=0.436 advB2A=0.465 cycA=0.103 cycB=0.115 idtA=0.159 idtB=0.158 D_A=0.179 D_B=0.190 D_A(real)=0.81 D_A(fake)=0.19 gnG=13.89 gnD=8.99 it_per_s=4.73
2026-10-04 00:11:23,578 INFO iter=681500 epoch=97 lr=7.17e-05 G=1.337 advA2B=0.435 advB2A=0.465 cycA=0.103 cycB=0.115 idtA=0.159 idtB=0.158 D_A=0.178 D_B=0.190 D_A(real)=0.81 D_A(fake)=0.19 gnG=13.87 gnD=8.99 it_per_s=4.73
2026-10-04 00:11:44,594 INFO iter=681600 epoch=97 lr=7.15e-05 G=1.336 advA2B=0.435 advB2A=0.465 cycA=0.103 cycB=0.115 idtA=0.159 idtB=0.158 D_A=0.178 D_B=0.190 D_A(real)=0.81 D_A(fake)=0.19 gnG=13.84 gnD=8.99 it_per_s=4.73
2026-10-04 00:12:05,583 INFO iter=681700 epoch=97 lr=7.14e-05 G=1.336 advA2B=0.435 advB2A=0.466 cycA=0.103 cycB=0.115 idtA=0.159 idtB=0.158 D_A=0.178 D_B=0.190 D_A(real)=0.81 D_A(fake)=0.19 gnG=13.81 gnD=8.99 it_per_s=4.73
2026-10-04 00:12:26,600 INFO iter=681800 epoch=97 lr=7.13e-05 G=1.336 advA2B=0.434 advB2A=0.466 cycA=0.103 cycB=0.115 idtA=0.159 idtB=0.158 D_A=0.179 D_B=0.190 D_A(real)=0.81 D_A(fake)=0.19 gnG=13.81 gnD=9.00 it_per_s=4.73
2026-10-04 00:12:47,582 INFO iter=681900 epoch=97 lr=7.11e-05 G=1.335 advA2B=0.434 advB2A=0.465 cycA=0.103 cycB=0.115 idtA=0.159 idtB=0.158 D_A=0.179 D_B=0.190 D_A(real)=0.81 D_A(fake)=0.19 gnG=13.78 gnD=9.00 it_per_s=4.73
2026-10-04 00:13:08,567 INFO iter=682000 epoch=97 lr=7.10e-05 G=1.335 advA2B=0.434 advB2A=0.465 cycA=0.103 cycB=0.115 idtA=0.159 idtB=0.158 D_A=0.179 D_B=0.190 D_A(real)=0.81 D_A(fake)=0.19 gnG=13.78 gnD=8.99 it_per_s=4.74
2026-10-04 00:13:29,604 INFO iter=682100 epoch=97 lr=7.08e-05 G=1.335 advA2B=0.434 advB2A=0.466 cycA=0.103 cycB=0.115 idtA=0.160 idtB=0.158 D_A=0.178 D_B=0.190 D_A(real)=0.81 D_A(fake)=0.19 gnG=13.76 gnD=8.99 it_per_s=4.74
2026-10-04 00:13:50,567 INFO iter=682200 epoch=97 lr=7.07e-05 G=1.335 advA2B=0.433 advB2A=0.466 cycA=0.103 cycB=0.115 idtA=0.160 idtB=0.158 D_A=0.179 D_B=0.190 D_A(real)=0.81 D_A(fake)=0.19 gnG=13.76 gnD=8.99 it_per_s=4.74
2026-10-04 00:14:11,495 INFO iter=682300 epoch=97 lr=7.05e-05 G=1.335 advA2B=0.433 advB2A=0.466 cycA=0.103 cycB=0.115 idtA=0.160 idtB=0.158 D_A=0.178 D_B=0.190 D_A(real)=0.81 D_A(fake)=0.19 gnG=13.74 gnD=8.98 it_per_s=4.74
2026-10-04 00:14:32,468 INFO iter=682400 epoch=97 lr=7.04e-05 G=1.335 advA2B=0.434 advB2A=0.466 cycA=0.103 cycB=0.115 idtA=0.160 idtB=0.157 D_A=0.179 D_B=0.190 D_A(real)=0.81 D_A(fake)=0.19 gnG=13.72 gnD=8.98 it_per_s=4.74
2026-10-04 00:14:53,522 INFO iter=682500 epoch=97 lr=7.03e-05 G=1.335 advA2B=0.433 advB2A=0.466 cycA=0.103 cycB=0.115 idtA=0.160 idtB=0.157 D_A=0.179 D_B=0.190 D_A(real)=0.81 D_A(fake)=0.19 gnG=13.72 gnD=8.99 it_per_s=4.74
2026-10-04 00:15:14,520 INFO iter=682600 epoch=97 lr=7.01e-05 G=1.335 advA2B=0.433 advB2A=0.466 cycA=0.103 cycB=0.115 idtA=0.160 idtB=0.157 D_A=0.178 D_B=0.190 D_A(real)=0.81 D_A(fake)=0.19 gnG=13.71 gnD=8.99 it_per_s=4.74
2026-10-04 00:15:32,525 INFO epoch=97 done time_s=1485 it_per_s=4.74 G=1.335 cycA=0.103 cycB=0.115 idtA=0.160 idtB=0.157 D_A=0.178 D_B=0.190 D_A(real)=0.81 D_A(fake)=0.19 nan_count=0
2026-10-04 00:15:36,366 INFO iter=682700 epoch=98 lr=7.00e-05 G=1.276 advA2B=0.363 advB2A=0.461 cycA=0.101 cycB=0.125 idtA=0.155 idtB=0.151 D_A=0.170 D_B=0.190 D_A(real)=0.83 D_A(fake)=0.18 gnG=11.21 gnD=8.65 it_per_s=4.75
2026-10-04 00:15:57,312 INFO iter=682800 epoch=98 lr=6.98e-05 G=1.347 advA2B=0.440 advB2A=0.476 cycA=0.098 cycB=0.118 idtA=0.175 idtB=0.164 D_A=0.177 D_B=0.190 D_A(real)=0.81 D_A(fake)=0.19 gnG=13.26 gnD=9.19 it_per_s=4.77
2026-10-04 00:16:18,296 INFO iter=682900 epoch=98 lr=6.97e-05 G=1.356 advA2B=0.449 advB2A=0.480 cycA=0.099 cycB=0.114 idtA=0.177 idtB=0.161 D_A=0.177 D_B=0.191 D_A(real)=0.81 D_A(fake)=0.19 gnG=13.35 gnD=9.05 it_per_s=4.77
2026-10-04 00:16:39,267 INFO iter=683000 epoch=98 lr=6.96e-05 G=1.344 advA2B=0.439 advB2A=0.477 cycA=0.101 cycB=0.113 idtA=0.173 idtB=0.162 D_A=0.178 D_B=0.191 D_A(real)=0.81 D_A(fake)=0.19 gnG=13.16 gnD=9.00 it_per_s=4.77
2026-10-04 00:17:00,288 INFO iter=683100 epoch=98 lr=6.94e-05 G=1.337 advA2B=0.436 advB2A=0.474 cycA=0.101 cycB=0.113 idtA=0.170 idtB=0.163 D_A=0.178 D_B=0.190 D_A(real)=0.81 D_A(fake)=0.19 gnG=12.79 gnD=8.96 it_per_s=4.77
2026-10-04 00:17:21,321 INFO iter=683200 epoch=98 lr=6.93e-05 G=1.336 advA2B=0.435 advB2A=0.472 cycA=0.101 cycB=0.114 idtA=0.168 idtB=0.165 D_A=0.177 D_B=0.190 D_A(real)=0.81 D_A(fake)=0.19 gnG=13.01 gnD=8.93 it_per_s=4.76
2026-10-04 00:17:42,353 INFO iter=683300 epoch=98 lr=6.91e-05 G=1.339 advA2B=0.434 advB2A=0.472 cycA=0.101 cycB=0.115 idtA=0.167 idtB=0.163 D_A=0.177 D_B=0.190 D_A(real)=0.81 D_A(fake)=0.19 gnG=12.96 gnD=8.92 it_per_s=4.76
2026-10-04 00:18:03,377 INFO iter=683400 epoch=98 lr=6.90e-05 G=1.340 advA2B=0.436 advB2A=0.474 cycA=0.101 cycB=0.115 idtA=0.165 idtB=0.165 D_A=0.177 D_B=0.190 D_A(real)=0.81 D_A(fake)=0.19 gnG=12.98 gnD=8.90 it_per_s=4.76
2026-10-04 00:18:24,435 INFO iter=683500 epoch=98 lr=6.88e-05 G=1.339 advA2B=0.432 advB2A=0.475 cycA=0.101 cycB=0.115 idtA=0.164 idtB=0.166 D_A=0.177 D_B=0.189 D_A(real)=0.81 D_A(fake)=0.19 gnG=13.04 gnD=8.87 it_per_s=4.76
2026-10-04 00:18:45,397 INFO iter=683600 epoch=98 lr=6.87e-05 G=1.357 advA2B=0.437 advB2A=0.485 cycA=0.101 cycB=0.116 idtA=0.166 idtB=0.165 D_A=0.177 D_B=0.189 D_A(real)=0.81 D_A(fake)=0.18 gnG=13.27 gnD=8.86 it_per_s=4.76
2026-10-04 00:19:06,395 INFO iter=683700 epoch=98 lr=6.86e-05 G=1.360 advA2B=0.437 advB2A=0.487 cycA=0.102 cycB=0.116 idtA=0.164 idtB=0.164 D_A=0.176 D_B=0.188 D_A(real)=0.82 D_A(fake)=0.18 gnG=13.35 gnD=8.84 it_per_s=4.76
2026-10-04 00:19:27,360 INFO iter=683800 epoch=98 lr=6.84e-05 G=1.351 advA2B=0.434 advB2A=0.483 cycA=0.102 cycB=0.115 idtA=0.163 idtB=0.164 D_A=0.176 D_B=0.189 D_A(real)=0.82 D_A(fake)=0.18 gnG=13.30 gnD=8.85 it_per_s=4.76
2026-10-04 00:19:48,349 INFO iter=683900 epoch=98 lr=6.83e-05 G=1.347 advA2B=0.433 advB2A=0.481 cycA=0.102 cycB=0.115 idtA=0.163 idtB=0.163 D_A=0.176 D_B=0.189 D_A(real)=0.82 D_A(fake)=0.18 gnG=13.27 gnD=8.86 it_per_s=4.76
2026-10-04 00:20:09,387 INFO iter=684000 epoch=98 lr=6.81e-05 G=1.349 advA2B=0.433 advB2A=0.481 cycA=0.102 cycB=0.115 idtA=0.163 idtB=0.163 D_A=0.176 D_B=0.189 D_A(real)=0.82 D_A(fake)=0.18 gnG=13.20 gnD=8.88 it_per_s=4.76
2026-10-04 00:20:30,359 INFO iter=684100 epoch=98 lr=6.80e-05 G=1.350 advA2B=0.433 advB2A=0.482 cycA=0.102 cycB=0.115 idtA=0.164 idtB=0.163 D_A=0.176 D_B=0.190 D_A(real)=0.82 D_A(fake)=0.18 gnG=13.17 gnD=8.87 it_per_s=4.76
2026-10-04 00:20:51,386 INFO iter=684200 epoch=98 lr=6.79e-05 G=1.352 advA2B=0.433 advB2A=0.483 cycA=0.102 cycB=0.115 idtA=0.165 idtB=0.162 D_A=0.176 D_B=0.190 D_A(real)=0.82 D_A(fake)=0.18 gnG=13.24 gnD=8.85 it_per_s=4.76
2026-10-04 00:21:12,335 INFO iter=684300 epoch=98 lr=6.77e-05 G=1.350 advA2B=0.433 advB2A=0.482 cycA=0.102 cycB=0.115 idtA=0.165 idtB=0.162 D_A=0.176 D_B=0.190 D_A(real)=0.82 D_A(fake)=0.18 gnG=13.22 gnD=8.85 it_per_s=4.76
2026-10-04 00:21:33,387 INFO iter=684400 epoch=98 lr=6.76e-05 G=1.349 advA2B=0.433 advB2A=0.481 cycA=0.102 cycB=0.115 idtA=0.167 idtB=0.162 D_A=0.177 D_B=0.189 D_A(real)=0.81 D_A(fake)=0.19 gnG=13.28 gnD=8.85 it_per_s=4.76
2026-10-04 00:21:54,354 INFO iter=684500 epoch=98 lr=6.74e-05 G=1.349 advA2B=0.434 advB2A=0.481 cycA=0.102 cycB=0.115 idtA=0.166 idtB=0.162 D_A=0.177 D_B=0.189 D_A(real)=0.81 D_A(fake)=0.19 gnG=13.29 gnD=8.85 it_per_s=4.76
2026-10-04 00:22:15,352 INFO iter=684600 epoch=98 lr=6.73e-05 G=1.348 advA2B=0.435 advB2A=0.480 cycA=0.102 cycB=0.115 idtA=0.166 idtB=0.162 D_A=0.177 D_B=0.189 D_A(real)=0.81 D_A(fake)=0.19 gnG=13.37 gnD=8.85 it_per_s=4.76
2026-10-04 00:22:36,329 INFO iter=684700 epoch=98 lr=6.71e-05 G=1.346 advA2B=0.435 advB2A=0.479 cycA=0.102 cycB=0.114 idtA=0.166 idtB=0.161 D_A=0.177 D_B=0.189 D_A(real)=0.81 D_A(fake)=0.19 gnG=13.36 gnD=8.85 it_per_s=4.76
2026-10-04 00:22:57,348 INFO iter=684800 epoch=98 lr=6.70e-05 G=1.349 advA2B=0.437 advB2A=0.480 cycA=0.102 cycB=0.115 idtA=0.165 idtB=0.161 D_A=0.177 D_B=0.189 D_A(real)=0.81 D_A(fake)=0.19 gnG=13.48 gnD=8.84 it_per_s=4.76
2026-10-04 00:23:18,301 INFO iter=684900 epoch=98 lr=6.69e-05 G=1.349 advA2B=0.437 advB2A=0.481 cycA=0.102 cycB=0.114 idtA=0.165 idtB=0.160 D_A=0.176 D_B=0.189 D_A(real)=0.81 D_A(fake)=0.19 gnG=13.58 gnD=8.84 it_per_s=4.76
2026-10-04 00:23:39,268 INFO iter=685000 epoch=98 lr=6.67e-05 G=1.350 advA2B=0.436 advB2A=0.480 cycA=0.102 cycB=0.115 idtA=0.165 idtB=0.160 D_A=0.176 D_B=0.189 D_A(real)=0.81 D_A(fake)=0.19 gnG=13.57 gnD=8.84 it_per_s=4.76
2026-10-04 00:24:00,231 INFO iter=685100 epoch=98 lr=6.66e-05 G=1.349 advA2B=0.436 advB2A=0.480 cycA=0.102 cycB=0.115 idtA=0.165 idtB=0.160 D_A=0.177 D_B=0.189 D_A(real)=0.81 D_A(fake)=0.19 gnG=13.55 gnD=8.85 it_per_s=4.76
2026-10-04 00:24:21,223 INFO iter=685200 epoch=98 lr=6.64e-05 G=1.347 advA2B=0.436 advB2A=0.479 cycA=0.102 cycB=0.114 idtA=0.166 idtB=0.160 D_A=0.177 D_B=0.189 D_A(real)=0.81 D_A(fake)=0.19 gnG=13.54 gnD=8.83 it_per_s=4.76
2026-10-04 00:24:42,169 INFO iter=685300 epoch=98 lr=6.63e-05 G=1.346 advA2B=0.435 advB2A=0.479 cycA=0.102 cycB=0.114 idtA=0.166 idtB=0.161 D_A=0.176 D_B=0.189 D_A(real)=0.81 D_A(fake)=0.19 gnG=13.52 gnD=8.82 it_per_s=4.76
2026-10-04 00:25:03,143 INFO iter=685400 epoch=98 lr=6.61e-05 G=1.345 advA2B=0.434 advB2A=0.479 cycA=0.102 cycB=0.114 idtA=0.166 idtB=0.161 D_A=0.176 D_B=0.189 D_A(real)=0.81 D_A(fake)=0.19 gnG=13.52 gnD=8.82 it_per_s=4.76
2026-10-04 00:25:24,121 INFO iter=685500 epoch=98 lr=6.60e-05 G=1.346 advA2B=0.434 advB2A=0.481 cycA=0.102 cycB=0.114 idtA=0.167 idtB=0.160 D_A=0.176 D_B=0.189 D_A(real)=0.81 D_A(fake)=0.19 gnG=13.56 gnD=8.82 it_per_s=4.76
2026-10-04 00:25:45,050 INFO iter=685600 epoch=98 lr=6.59e-05 G=1.344 advA2B=0.433 advB2A=0.480 cycA=0.102 cycB=0.114 idtA=0.167 idtB=0.159 D_A=0.176 D_B=0.189 D_A(real)=0.81 D_A(fake)=0.19 gnG=13.50 gnD=8.82 it_per_s=4.76
2026-10-04 00:26:06,039 INFO iter=685700 epoch=98 lr=6.57e-05 G=1.342 advA2B=0.432 advB2A=0.479 cycA=0.102 cycB=0.113 idtA=0.167 idtB=0.159 D_A=0.176 D_B=0.189 D_A(real)=0.81 D_A(fake)=0.19 gnG=13.49 gnD=8.81 it_per_s=4.76
2026-10-04 00:26:27,008 INFO iter=685800 epoch=98 lr=6.56e-05 G=1.341 advA2B=0.432 advB2A=0.479 cycA=0.102 cycB=0.113 idtA=0.167 idtB=0.159 D_A=0.176 D_B=0.190 D_A(real)=0.81 D_A(fake)=0.19 gnG=13.49 gnD=8.82 it_per_s=4.76
2026-10-04 00:26:47,999 INFO iter=685900 epoch=98 lr=6.54e-05 G=1.340 advA2B=0.431 advB2A=0.479 cycA=0.102 cycB=0.113 idtA=0.167 idtB=0.159 D_A=0.176 D_B=0.190 D_A(real)=0.81 D_A(fake)=0.19 gnG=13.51 gnD=8.82 it_per_s=4.76
2026-10-04 00:27:08,984 INFO iter=686000 epoch=98 lr=6.53e-05 G=1.340 advA2B=0.431 advB2A=0.479 cycA=0.102 cycB=0.113 idtA=0.167 idtB=0.158 D_A=0.176 D_B=0.190 D_A(real)=0.81 D_A(fake)=0.19 gnG=13.49 gnD=8.84 it_per_s=4.76
2026-10-04 00:27:30,079 INFO iter=686100 epoch=98 lr=6.52e-05 G=1.340 advA2B=0.431 advB2A=0.479 cycA=0.102 cycB=0.113 idtA=0.168 idtB=0.158 D_A=0.176 D_B=0.190 D_A(real)=0.81 D_A(fake)=0.19 gnG=13.47 gnD=8.84 it_per_s=4.76
2026-10-04 00:27:49,875 INFO iter=686200 epoch=98 lr=6.50e-05 G=1.339 advA2B=0.431 advB2A=0.478 cycA=0.102 cycB=0.113 idtA=0.168 idtB=0.158 D_A=0.176 D_B=0.190 D_A(real)=0.81 D_A(fake)=0.19 gnG=13.50 gnD=8.85 it_per_s=4.77
2026-10-04 00:28:04,674 INFO iter=686300 epoch=98 lr=6.49e-05 G=1.339 advA2B=0.431 advB2A=0.478 cycA=0.102 cycB=0.113 idtA=0.168 idtB=0.157 D_A=0.176 D_B=0.190 D_A(real)=0.81 D_A(fake)=0.19 gnG=13.55 gnD=8.85 it_per_s=4.81
2026-10-04 00:28:18,198 INFO iter=686400 epoch=98 lr=6.47e-05 G=1.338 advA2B=0.431 advB2A=0.478 cycA=0.102 cycB=0.113 idtA=0.168 idtB=0.157 D_A=0.176 D_B=0.190 D_A(real)=0.81 D_A(fake)=0.19 gnG=13.54 gnD=8.84 it_per_s=4.86
2026-10-04 00:28:33,040 INFO iter=686500 epoch=98 lr=6.46e-05 G=1.337 advA2B=0.430 advB2A=0.478 cycA=0.102 cycB=0.113 idtA=0.168 idtB=0.156 D_A=0.176 D_B=0.190 D_A(real)=0.81 D_A(fake)=0.19 gnG=13.52 gnD=8.83 it_per_s=4.89
2026-10-04 00:28:46,107 INFO iter=686600 epoch=98 lr=6.44e-05 G=1.337 advA2B=0.430 advB2A=0.478 cycA=0.102 cycB=0.113 idtA=0.168 idtB=0.156 D_A=0.176 D_B=0.190 D_A(real)=0.81 D_A(fake)=0.19 gnG=13.54 gnD=8.84 it_per_s=4.94
2026-10-04 00:29:01,688 INFO iter=686700 epoch=98 lr=6.43e-05 G=1.338 advA2B=0.431 advB2A=0.478 cycA=0.102 cycB=0.113 idtA=0.168 idtB=0.156 D_A=0.176 D_B=0.190 D_A(real)=0.81 D_A(fake)=0.19 gnG=13.54 gnD=8.84 it_per_s=4.97
2026-10-04 00:29:14,294 INFO iter=686800 epoch=98 lr=6.42e-05 G=1.337 advA2B=0.430 advB2A=0.478 cycA=0.102 cycB=0.113 idtA=0.168 idtB=0.155 D_A=0.176 D_B=0.190 D_A(real)=0.81 D_A(fake)=0.19 gnG=13.59 gnD=8.83 it_per_s=5.01
2026-10-04 00:29:29,934 INFO iter=686900 epoch=98 lr=6.40e-05 G=1.336 advA2B=0.429 advB2A=0.478 cycA=0.101 cycB=0.113 idtA=0.168 idtB=0.155 D_A=0.176 D_B=0.190 D_A(real)=0.81 D_A(fake)=0.19 gnG=13.59 gnD=8.82 it_per_s=5.04
2026-10-04 00:29:43,116 INFO iter=687000 epoch=98 lr=6.39e-05 G=1.336 advA2B=0.429 advB2A=0.478 cycA=0.102 cycB=0.113 idtA=0.168 idtB=0.155 D_A=0.176 D_B=0.190 D_A(real)=0.81 D_A(fake)=0.19 gnG=13.60 gnD=8.82 it_per_s=5.08
2026-10-04 00:29:58,468 INFO iter=687100 epoch=98 lr=6.37e-05 G=1.336 advA2B=0.430 advB2A=0.477 cycA=0.102 cycB=0.113 idtA=0.168 idtB=0.155 D_A=0.176 D_B=0.189 D_A(real)=0.81 D_A(fake)=0.19 gnG=13.61 gnD=8.81 it_per_s=5.10
2026-10-04 00:30:12,814 INFO iter=687200 epoch=98 lr=6.36e-05 G=1.339 advA2B=0.431 advB2A=0.478 cycA=0.102 cycB=0.113 idtA=0.168 idtB=0.155 D_A=0.176 D_B=0.189 D_A(real)=0.81 D_A(fake)=0.19 gnG=13.63 gnD=8.83 it_per_s=5.13
2026-10-04 00:30:26,786 INFO iter=687300 epoch=98 lr=6.34e-05 G=1.338 advA2B=0.432 advB2A=0.477 cycA=0.102 cycB=0.113 idtA=0.168 idtB=0.155 D_A=0.176 D_B=0.189 D_A(real)=0.81 D_A(fake)=0.19 gnG=13.63 gnD=8.83 it_per_s=5.16
2026-10-04 00:30:41,210 INFO iter=687400 epoch=98 lr=6.33e-05 G=1.338 advA2B=0.432 advB2A=0.477 cycA=0.102 cycB=0.113 idtA=0.167 idtB=0.155 D_A=0.176 D_B=0.189 D_A(real)=0.81 D_A(fake)=0.19 gnG=13.61 gnD=8.83 it_per_s=5.19
2026-10-04 00:30:55,438 INFO iter=687500 epoch=98 lr=6.32e-05 G=1.339 advA2B=0.431 advB2A=0.478 cycA=0.102 cycB=0.113 idtA=0.167 idtB=0.155 D_A=0.176 D_B=0.189 D_A(real)=0.81 D_A(fake)=0.19 gnG=13.61 gnD=8.83 it_per_s=5.22
2026-10-04 00:31:07,743 INFO iter=687600 epoch=98 lr=6.30e-05 G=1.339 advA2B=0.431 advB2A=0.478 cycA=0.102 cycB=0.113 idtA=0.167 idtB=0.155 D_A=0.175 D_B=0.189 D_A(real)=0.81 D_A(fake)=0.19 gnG=13.62 gnD=8.82 it_per_s=5.26
2026-10-04 00:31:23,151 INFO iter=687700 epoch=98 lr=6.29e-05 G=1.339 advA2B=0.431 advB2A=0.478 cycA=0.102 cycB=0.113 idtA=0.167 idtB=0.155 D_A=0.175 D_B=0.189 D_A(real)=0.81 D_A(fake)=0.19 gnG=13.63 gnD=8.83 it_per_s=5.28
2026-10-04 00:31:36,599 INFO iter=687800 epoch=98 lr=6.27e-05 G=1.340 advA2B=0.432 advB2A=0.478 cycA=0.102 cycB=0.113 idtA=0.166 idtB=0.155 D_A=0.175 D_B=0.189 D_A(real)=0.81 D_A(fake)=0.19 gnG=13.65 gnD=8.82 it_per_s=5.31
2026-10-04 00:31:51,371 INFO iter=687900 epoch=98 lr=6.26e-05 G=1.339 advA2B=0.432 advB2A=0.478 cycA=0.102 cycB=0.113 idtA=0.166 idtB=0.155 D_A=0.175 D_B=0.189 D_A(real)=0.81 D_A(fake)=0.19 gnG=13.66 gnD=8.82 it_per_s=5.33
2026-10-04 00:32:05,691 INFO iter=688000 epoch=98 lr=6.25e-05 G=1.339 advA2B=0.432 advB2A=0.477 cycA=0.102 cycB=0.113 idtA=0.166 idtB=0.155 D_A=0.175 D_B=0.189 D_A(real)=0.81 D_A(fake)=0.19 gnG=13.67 gnD=8.82 it_per_s=5.36
2026-10-04 00:32:20,889 INFO iter=688100 epoch=98 lr=6.23e-05 G=1.341 advA2B=0.433 advB2A=0.478 cycA=0.102 cycB=0.113 idtA=0.166 idtB=0.155 D_A=0.175 D_B=0.189 D_A(real)=0.81 D_A(fake)=0.19 gnG=13.71 gnD=8.83 it_per_s=5.37
2026-10-04 00:32:41,396 INFO iter=688200 epoch=98 lr=6.22e-05 G=1.340 advA2B=0.433 advB2A=0.478 cycA=0.102 cycB=0.113 idtA=0.166 idtB=0.155 D_A=0.175 D_B=0.189 D_A(real)=0.81 D_A(fake)=0.19 gnG=13.71 gnD=8.83 it_per_s=5.36
2026-10-04 00:33:00,269 INFO iter=688300 epoch=98 lr=6.20e-05 G=1.340 advA2B=0.433 advB2A=0.477 cycA=0.102 cycB=0.113 idtA=0.166 idtB=0.155 D_A=0.175 D_B=0.189 D_A(real)=0.81 D_A(fake)=0.19 gnG=13.71 gnD=8.83 it_per_s=5.36
2026-10-04 00:33:25,454 INFO iter=688400 epoch=98 lr=6.19e-05 G=1.340 advA2B=0.433 advB2A=0.478 cycA=0.102 cycB=0.113 idtA=0.166 idtB=0.155 D_A=0.175 D_B=0.189 D_A(real)=0.81 D_A(fake)=0.19 gnG=13.75 gnD=8.82 it_per_s=5.33
2026-10-04 00:33:50,559 INFO iter=688500 epoch=98 lr=6.17e-05 G=1.340 advA2B=0.433 advB2A=0.478 cycA=0.102 cycB=0.113 idtA=0.167 idtB=0.155 D_A=0.175 D_B=0.189 D_A(real)=0.81 D_A(fake)=0.19 gnG=13.80 gnD=8.83 it_per_s=5.30
2026-10-04 00:34:15,884 INFO iter=688600 epoch=98 lr=6.16e-05 G=1.340 advA2B=0.433 advB2A=0.478 cycA=0.102 cycB=0.113 idtA=0.167 idtB=0.155 D_A=0.175 D_B=0.189 D_A(real)=0.81 D_A(fake)=0.19 gnG=13.80 gnD=8.83 it_per_s=5.27
2026-10-04 00:34:37,882 INFO iter=688700 epoch=98 lr=6.15e-05 G=1.340 advA2B=0.433 advB2A=0.478 cycA=0.102 cycB=0.113 idtA=0.167 idtB=0.155 D_A=0.175 D_B=0.189 D_A(real)=0.81 D_A(fake)=0.19 gnG=13.81 gnD=8.84 it_per_s=5.25
2026-10-04 00:34:59,376 INFO iter=688800 epoch=98 lr=6.13e-05 G=1.340 advA2B=0.433 advB2A=0.479 cycA=0.102 cycB=0.113 idtA=0.167 idtB=0.155 D_A=0.175 D_B=0.189 D_A(real)=0.81 D_A(fake)=0.19 gnG=13.83 gnD=8.83 it_per_s=5.24
2026-10-04 00:35:20,815 INFO iter=688900 epoch=98 lr=6.12e-05 G=1.341 advA2B=0.433 advB2A=0.479 cycA=0.102 cycB=0.113 idtA=0.167 idtB=0.156 D_A=0.175 D_B=0.189 D_A(real)=0.81 D_A(fake)=0.19 gnG=13.84 gnD=8.83 it_per_s=5.23
2026-10-04 00:35:42,270 INFO iter=689000 epoch=98 lr=6.10e-05 G=1.340 advA2B=0.432 advB2A=0.479 cycA=0.102 cycB=0.113 idtA=0.167 idtB=0.156 D_A=0.175 D_B=0.189 D_A(real)=0.81 D_A(fake)=0.19 gnG=13.82 gnD=8.82 it_per_s=5.22
2026-10-04 00:36:03,779 INFO iter=689100 epoch=98 lr=6.09e-05 G=1.340 advA2B=0.432 advB2A=0.479 cycA=0.102 cycB=0.113 idtA=0.167 idtB=0.156 D_A=0.175 D_B=0.189 D_A(real)=0.81 D_A(fake)=0.19 gnG=13.82 gnD=8.82 it_per_s=5.21
2026-10-04 00:36:25,256 INFO iter=689200 epoch=98 lr=6.07e-05 G=1.340 advA2B=0.432 advB2A=0.479 cycA=0.102 cycB=0.113 idtA=0.167 idtB=0.156 D_A=0.175 D_B=0.189 D_A(real)=0.81 D_A(fake)=0.19 gnG=13.81 gnD=8.83 it_per_s=5.20
2026-10-04 00:36:46,645 INFO iter=689300 epoch=98 lr=6.06e-05 G=1.340 advA2B=0.432 advB2A=0.479 cycA=0.102 cycB=0.113 idtA=0.166 idtB=0.156 D_A=0.175 D_B=0.189 D_A(real)=0.81 D_A(fake)=0.19 gnG=13.83 gnD=8.84 it_per_s=5.19
2026-10-04 00:37:08,043 INFO iter=689400 epoch=98 lr=6.05e-05 G=1.340 advA2B=0.432 advB2A=0.479 cycA=0.102 cycB=0.113 idtA=0.167 idtB=0.157 D_A=0.175 D_B=0.189 D_A(real)=0.81 D_A(fake)=0.19 gnG=13.87 gnD=8.84 it_per_s=5.19
2026-10-04 00:37:29,454 INFO iter=689500 epoch=98 lr=6.03e-05 G=1.339 advA2B=0.431 advB2A=0.479 cycA=0.102 cycB=0.113 idtA=0.166 idtB=0.157 D_A=0.175 D_B=0.189 D_A(real)=0.81 D_A(fake)=0.19 gnG=13.87 gnD=8.83 it_per_s=5.18
2026-10-04 00:37:50,846 INFO iter=689600 epoch=98 lr=6.02e-05 G=1.339 advA2B=0.431 advB2A=0.479 cycA=0.102 cycB=0.113 idtA=0.167 idtB=0.157 D_A=0.175 D_B=0.189 D_A(real)=0.81 D_A(fake)=0.19 gnG=13.85 gnD=8.84 it_per_s=5.17
2026-10-04 00:38:12,262 INFO iter=689700 epoch=98 lr=6.00e-05 G=1.339 advA2B=0.432 advB2A=0.479 cycA=0.102 cycB=0.113 idtA=0.166 idtB=0.157 D_A=0.175 D_B=0.189 D_A(real)=0.81 D_A(fake)=0.19 gnG=13.84 gnD=8.84 it_per_s=5.16
2026-10-04 00:38:17,413 INFO epoch=98 done time_s=1364 it_per_s=5.16 G=1.339 cycA=0.102 cycB=0.113 idtA=0.167 idtB=0.157 D_A=0.175 D_B=0.189 D_A(real)=0.81 D_A(fake)=0.19 nan_count=0
2026-10-04 00:38:36,270 INFO iter=689800 epoch=99 lr=5.99e-05 G=1.349 advA2B=0.440 advB2A=0.487 cycA=0.100 cycB=0.111 idtA=0.177 idtB=0.191 D_A=0.164 D_B=0.183 D_A(real)=0.85 D_A(fake)=0.16 gnG=14.88 gnD=8.32 it_per_s=4.27
2026-10-04 00:39:00,175 INFO iter=689900 epoch=99 lr=5.98e-05 G=1.335 advA2B=0.428 advB2A=0.478 cycA=0.101 cycB=0.113 idtA=0.172 idtB=0.177 D_A=0.170 D_B=0.186 D_A(real)=0.82 D_A(fake)=0.18 gnG=14.05 gnD=8.55 it_per_s=4.22
2026-10-04 00:39:25,542 INFO iter=690000 epoch=99 lr=5.96e-05 G=1.341 advA2B=0.423 advB2A=0.493 cycA=0.099 cycB=0.114 idtA=0.169 idtB=0.173 D_A=0.169 D_B=0.189 D_A(real)=0.82 D_A(fake)=0.18 gnG=14.16 gnD=8.62 it_per_s=4.11
2026-10-04 00:39:50,394 INFO iter=690100 epoch=99 lr=5.95e-05 G=1.333 advA2B=0.422 advB2A=0.488 cycA=0.099 cycB=0.112 idtA=0.161 idtB=0.175 D_A=0.168 D_B=0.191 D_A(real)=0.83 D_A(fake)=0.17 gnG=14.14 gnD=8.63 it_per_s=4.09
2026-10-04 00:40:15,686 INFO iter=690200 epoch=99 lr=5.93e-05 G=1.324 advA2B=0.420 advB2A=0.483 cycA=0.100 cycB=0.111 idtA=0.164 idtB=0.170 D_A=0.168 D_B=0.190 D_A(real)=0.83 D_A(fake)=0.18 gnG=14.24 gnD=8.65 it_per_s=4.06
2026-10-04 00:40:37,691 INFO iter=690300 epoch=99 lr=5.92e-05 G=1.337 advA2B=0.432 advB2A=0.484 cycA=0.100 cycB=0.111 idtA=0.165 idtB=0.166 D_A=0.168 D_B=0.191 D_A(real)=0.82 D_A(fake)=0.18 gnG=14.96 gnD=8.69 it_per_s=4.14
2026-10-04 00:40:59,101 INFO iter=690400 epoch=99 lr=5.90e-05 G=1.331 advA2B=0.428 advB2A=0.484 cycA=0.100 cycB=0.110 idtA=0.164 idtB=0.162 D_A=0.169 D_B=0.191 D_A(real)=0.82 D_A(fake)=0.18 gnG=15.24 gnD=8.73 it_per_s=4.21
2026-10-04 00:41:20,863 INFO iter=690500 epoch=99 lr=5.89e-05 G=1.331 advA2B=0.427 advB2A=0.483 cycA=0.101 cycB=0.109 idtA=0.164 idtB=0.162 D_A=0.169 D_B=0.192 D_A(real)=0.82 D_A(fake)=0.18 gnG=15.66 gnD=8.78 it_per_s=4.25
2026-10-04 00:41:46,190 INFO iter=690600 epoch=99 lr=5.88e-05 G=1.333 advA2B=0.428 advB2A=0.483 cycA=0.101 cycB=0.110 idtA=0.165 idtB=0.162 D_A=0.170 D_B=0.191 D_A(real)=0.82 D_A(fake)=0.18 gnG=15.58 gnD=8.80 it_per_s=4.22
2026-10-04 00:42:11,039 INFO iter=690700 epoch=99 lr=5.86e-05 G=1.331 advA2B=0.428 advB2A=0.483 cycA=0.101 cycB=0.110 idtA=0.164 idtB=0.161 D_A=0.171 D_B=0.192 D_A(real)=0.82 D_A(fake)=0.18 gnG=15.45 gnD=8.82 it_per_s=4.20
2026-10-04 00:42:36,383 INFO iter=690800 epoch=99 lr=5.85e-05 G=1.331 advA2B=0.428 advB2A=0.482 cycA=0.101 cycB=0.109 idtA=0.164 idtB=0.160 D_A=0.171 D_B=0.190 D_A(real)=0.82 D_A(fake)=0.18 gnG=15.35 gnD=8.79 it_per_s=4.17
2026-10-04 00:43:01,475 INFO iter=690900 epoch=99 lr=5.83e-05 G=1.331 advA2B=0.429 advB2A=0.481 cycA=0.101 cycB=0.110 idtA=0.163 idtB=0.160 D_A=0.170 D_B=0.191 D_A(real)=0.82 D_A(fake)=0.18 gnG=15.20 gnD=8.80 it_per_s=4.16
2026-10-04 00:43:25,686 INFO iter=691000 epoch=99 lr=5.82e-05 G=1.327 advA2B=0.427 advB2A=0.479 cycA=0.101 cycB=0.110 idtA=0.163 idtB=0.160 D_A=0.170 D_B=0.190 D_A(real)=0.82 D_A(fake)=0.18 gnG=15.11 gnD=8.79 it_per_s=4.15
2026-10-04 00:43:49,244 INFO iter=691100 epoch=99 lr=5.80e-05 G=1.327 advA2B=0.429 advB2A=0.478 cycA=0.100 cycB=0.109 idtA=0.162 idtB=0.159 D_A=0.171 D_B=0.190 D_A(real)=0.82 D_A(fake)=0.18 gnG=15.15 gnD=8.76 it_per_s=4.16
2026-10-04 00:44:14,574 INFO iter=691200 epoch=99 lr=5.79e-05 G=1.326 advA2B=0.429 advB2A=0.477 cycA=0.101 cycB=0.109 idtA=0.164 idtB=0.159 D_A=0.171 D_B=0.190 D_A(real)=0.82 D_A(fake)=0.18 gnG=14.96 gnD=8.75 it_per_s=4.14
2026-10-04 00:44:39,637 INFO iter=691300 epoch=99 lr=5.78e-05 G=1.329 advA2B=0.431 advB2A=0.478 cycA=0.101 cycB=0.109 idtA=0.163 idtB=0.160 D_A=0.171 D_B=0.189 D_A(real)=0.82 D_A(fake)=0.18 gnG=14.95 gnD=8.72 it_per_s=4.13
2026-10-04 00:45:04,874 INFO iter=691400 epoch=99 lr=5.76e-05 G=1.331 advA2B=0.432 advB2A=0.478 cycA=0.101 cycB=0.110 idtA=0.163 idtB=0.160 D_A=0.171 D_B=0.189 D_A(real)=0.82 D_A(fake)=0.18 gnG=14.86 gnD=8.71 it_per_s=4.12
2026-10-04 00:45:30,015 INFO iter=691500 epoch=99 lr=5.75e-05 G=1.331 advA2B=0.431 advB2A=0.478 cycA=0.101 cycB=0.110 idtA=0.164 idtB=0.160 D_A=0.170 D_B=0.189 D_A(real)=0.82 D_A(fake)=0.18 gnG=14.72 gnD=8.71 it_per_s=4.12
2026-10-04 00:45:54,211 INFO iter=691600 epoch=99 lr=5.73e-05 G=1.332 advA2B=0.431 advB2A=0.480 cycA=0.101 cycB=0.110 idtA=0.163 idtB=0.160 D_A=0.171 D_B=0.189 D_A(real)=0.82 D_A(fake)=0.18 gnG=14.76 gnD=8.72 it_per_s=4.12
2026-10-04 00:46:17,552 INFO iter=691700 epoch=99 lr=5.72e-05 G=1.332 advA2B=0.432 advB2A=0.480 cycA=0.101 cycB=0.110 idtA=0.164 idtB=0.159 D_A=0.171 D_B=0.189 D_A(real)=0.82 D_A(fake)=0.18 gnG=14.77 gnD=8.71 it_per_s=4.12
2026-10-04 00:46:39,017 INFO iter=691800 epoch=99 lr=5.71e-05 G=1.332 advA2B=0.432 advB2A=0.480 cycA=0.101 cycB=0.110 idtA=0.163 idtB=0.160 D_A=0.171 D_B=0.189 D_A(real)=0.82 D_A(fake)=0.18 gnG=14.76 gnD=8.72 it_per_s=4.15
2026-10-04 00:47:02,058 INFO iter=691900 epoch=99 lr=5.69e-05 G=1.331 advA2B=0.431 advB2A=0.479 cycA=0.101 cycB=0.110 idtA=0.164 idtB=0.159 D_A=0.171 D_B=0.189 D_A(real)=0.82 D_A(fake)=0.18 gnG=14.77 gnD=8.73 it_per_s=4.16
2026-10-04 00:47:34,814 INFO iter=692000 epoch=99 lr=5.68e-05 G=1.331 advA2B=0.432 advB2A=0.478 cycA=0.101 cycB=0.110 idtA=0.164 idtB=0.160 D_A=0.171 D_B=0.189 D_A(real)=0.82 D_A(fake)=0.18 gnG=14.74 gnD=8.72 it_per_s=4.09
2026-10-04 00:48:07,968 INFO iter=692100 epoch=99 lr=5.66e-05 G=1.332 advA2B=0.433 advB2A=0.479 cycA=0.101 cycB=0.110 idtA=0.165 idtB=0.160 D_A=0.172 D_B=0.189 D_A(real)=0.82 D_A(fake)=0.18 gnG=14.76 gnD=8.74 it_per_s=4.03
2026-10-04 00:48:40,854 INFO iter=692200 epoch=99 lr=5.65e-05 G=1.334 advA2B=0.434 advB2A=0.479 cycA=0.101 cycB=0.110 idtA=0.165 idtB=0.161 D_A=0.172 D_B=0.189 D_A(real)=0.82 D_A(fake)=0.18 gnG=14.79 gnD=8.75 it_per_s=3.98
2026-10-04 00:49:02,844 INFO iter=692300 epoch=99 lr=5.63e-05 G=1.334 advA2B=0.433 advB2A=0.480 cycA=0.101 cycB=0.110 idtA=0.165 idtB=0.160 D_A=0.172 D_B=0.189 D_A(real)=0.82 D_A(fake)=0.18 gnG=14.88 gnD=8.78 it_per_s=4.00
2026-10-04 00:49:24,934 INFO iter=692400 epoch=99 lr=5.62e-05 G=1.335 advA2B=0.433 advB2A=0.480 cycA=0.101 cycB=0.110 idtA=0.166 idtB=0.160 D_A=0.172 D_B=0.188 D_A(real)=0.82 D_A(fake)=0.18 gnG=14.96 gnD=8.77 it_per_s=4.02
2026-10-04 00:49:46,374 INFO iter=692500 epoch=99 lr=5.61e-05 G=1.334 advA2B=0.433 advB2A=0.479 cycA=0.101 cycB=0.110 idtA=0.165 idtB=0.160 D_A=0.172 D_B=0.188 D_A(real)=0.82 D_A(fake)=0.18 gnG=14.94 gnD=8.79 it_per_s=4.04
2026-10-04 00:50:07,706 INFO iter=692600 epoch=99 lr=5.59e-05 G=1.333 advA2B=0.432 advB2A=0.480 cycA=0.101 cycB=0.110 idtA=0.165 idtB=0.160 D_A=0.172 D_B=0.188 D_A(real)=0.82 D_A(fake)=0.18 gnG=14.92 gnD=8.80 it_per_s=4.05
2026-10-04 00:50:29,007 INFO iter=692700 epoch=99 lr=5.58e-05 G=1.332 advA2B=0.432 advB2A=0.479 cycA=0.101 cycB=0.110 idtA=0.165 idtB=0.160 D_A=0.172 D_B=0.189 D_A(real)=0.82 D_A(fake)=0.18 gnG=14.91 gnD=8.81 it_per_s=4.07
2026-10-04 00:50:50,374 INFO iter=692800 epoch=99 lr=5.56e-05 G=1.331 advA2B=0.432 advB2A=0.479 cycA=0.100 cycB=0.110 idtA=0.165 idtB=0.160 D_A=0.172 D_B=0.189 D_A(real)=0.82 D_A(fake)=0.18 gnG=14.87 gnD=8.81 it_per_s=4.09
2026-10-04 00:51:11,823 INFO iter=692900 epoch=99 lr=5.55e-05 G=1.331 advA2B=0.432 advB2A=0.479 cycA=0.101 cycB=0.110 idtA=0.165 idtB=0.159 D_A=0.172 D_B=0.189 D_A(real)=0.81 D_A(fake)=0.19 gnG=14.86 gnD=8.81 it_per_s=4.11
2026-10-04 00:51:33,240 INFO iter=693000 epoch=99 lr=5.53e-05 G=1.332 advA2B=0.433 advB2A=0.478 cycA=0.101 cycB=0.110 idtA=0.165 idtB=0.159 D_A=0.172 D_B=0.189 D_A(real)=0.81 D_A(fake)=0.19 gnG=14.92 gnD=8.82 it_per_s=4.12
2026-10-04 00:51:54,622 INFO iter=693100 epoch=99 lr=5.52e-05 G=1.332 advA2B=0.433 advB2A=0.478 cycA=0.101 cycB=0.110 idtA=0.165 idtB=0.159 D_A=0.172 D_B=0.189 D_A(real)=0.81 D_A(fake)=0.19 gnG=14.96 gnD=8.83 it_per_s=4.14
2026-10-04 00:52:16,060 INFO iter=693200 epoch=99 lr=5.51e-05 G=1.332 advA2B=0.433 advB2A=0.478 cycA=0.101 cycB=0.110 idtA=0.165 idtB=0.159 D_A=0.172 D_B=0.188 D_A(real)=0.81 D_A(fake)=0.19 gnG=14.95 gnD=8.83 it_per_s=4.15
2026-10-04 00:52:37,511 INFO iter=693300 epoch=99 lr=5.49e-05 G=1.333 advA2B=0.433 advB2A=0.479 cycA=0.101 cycB=0.110 idtA=0.165 idtB=0.159 D_A=0.172 D_B=0.188 D_A(real)=0.81 D_A(fake)=0.19 gnG=14.96 gnD=8.84 it_per_s=4.16
2026-10-04 00:52:58,983 INFO iter=693400 epoch=99 lr=5.48e-05 G=1.333 advA2B=0.433 advB2A=0.478 cycA=0.101 cycB=0.110 idtA=0.165 idtB=0.158 D_A=0.172 D_B=0.188 D_A(real)=0.81 D_A(fake)=0.19 gnG=14.93 gnD=8.84 it_per_s=4.17
2026-10-04 00:53:20,383 INFO iter=693500 epoch=99 lr=5.46e-05 G=1.334 advA2B=0.433 advB2A=0.479 cycA=0.101 cycB=0.110 idtA=0.165 idtB=0.158 D_A=0.172 D_B=0.189 D_A(real)=0.81 D_A(fake)=0.19 gnG=14.91 gnD=8.84 it_per_s=4.19
2026-10-04 00:53:41,809 INFO iter=693600 epoch=99 lr=5.45e-05 G=1.334 advA2B=0.433 advB2A=0.479 cycA=0.101 cycB=0.110 idtA=0.166 idtB=0.158 D_A=0.172 D_B=0.189 D_A(real)=0.81 D_A(fake)=0.19 gnG=14.94 gnD=8.85 it_per_s=4.20
2026-10-04 00:54:03,252 INFO iter=693700 epoch=99 lr=5.44e-05 G=1.334 advA2B=0.433 advB2A=0.479 cycA=0.101 cycB=0.110 idtA=0.166 idtB=0.158 D_A=0.172 D_B=0.189 D_A(real)=0.81 D_A(fake)=0.19 gnG=14.93 gnD=8.85 it_per_s=4.21
2026-10-04 00:54:24,632 INFO iter=693800 epoch=99 lr=5.42e-05 G=1.335 advA2B=0.433 advB2A=0.479 cycA=0.101 cycB=0.110 idtA=0.166 idtB=0.157 D_A=0.172 D_B=0.189 D_A(real)=0.81 D_A(fake)=0.19 gnG=14.94 gnD=8.85 it_per_s=4.22
2026-10-04 00:54:46,066 INFO iter=693900 epoch=99 lr=5.41e-05 G=1.335 advA2B=0.433 advB2A=0.480 cycA=0.101 cycB=0.110 idtA=0.166 idtB=0.157 D_A=0.172 D_B=0.189 D_A(real)=0.81 D_A(fake)=0.19 gnG=14.96 gnD=8.85 it_per_s=4.23
2026-10-04 00:55:07,517 INFO iter=694000 epoch=99 lr=5.39e-05 G=1.335 advA2B=0.434 advB2A=0.479 cycA=0.101 cycB=0.110 idtA=0.166 idtB=0.157 D_A=0.172 D_B=0.189 D_A(real)=0.81 D_A(fake)=0.19 gnG=14.97 gnD=8.84 it_per_s=4.24
2026-10-04 00:55:28,844 INFO iter=694100 epoch=99 lr=5.38e-05 G=1.335 advA2B=0.433 advB2A=0.480 cycA=0.101 cycB=0.110 idtA=0.165 idtB=0.157 D_A=0.172 D_B=0.189 D_A(real)=0.81 D_A(fake)=0.19 gnG=14.97 gnD=8.82 it_per_s=4.25
2026-10-04 00:55:50,285 INFO iter=694200 epoch=99 lr=5.36e-05 G=1.335 advA2B=0.433 advB2A=0.480 cycA=0.101 cycB=0.110 idtA=0.166 idtB=0.157 D_A=0.172 D_B=0.189 D_A(real)=0.81 D_A(fake)=0.19 gnG=15.01 gnD=8.82 it_per_s=4.26
2026-10-04 00:56:11,673 INFO iter=694300 epoch=99 lr=5.35e-05 G=1.336 advA2B=0.433 advB2A=0.480 cycA=0.101 cycB=0.111 idtA=0.166 idtB=0.157 D_A=0.172 D_B=0.189 D_A(real)=0.81 D_A(fake)=0.19 gnG=15.04 gnD=8.82 it_per_s=4.26
2026-10-04 00:56:33,098 INFO iter=694400 epoch=99 lr=5.34e-05 G=1.336 advA2B=0.433 advB2A=0.480 cycA=0.101 cycB=0.111 idtA=0.166 idtB=0.157 D_A=0.172 D_B=0.189 D_A(real)=0.81 D_A(fake)=0.19 gnG=15.02 gnD=8.81 it_per_s=4.27
2026-10-04 00:56:54,531 INFO iter=694500 epoch=99 lr=5.32e-05 G=1.335 advA2B=0.433 advB2A=0.480 cycA=0.101 cycB=0.111 idtA=0.165 idtB=0.157 D_A=0.172 D_B=0.189 D_A(real)=0.81 D_A(fake)=0.19 gnG=15.02 gnD=8.82 it_per_s=4.28
2026-10-04 00:57:15,985 INFO iter=694600 epoch=99 lr=5.31e-05 G=1.335 advA2B=0.433 advB2A=0.479 cycA=0.101 cycB=0.111 idtA=0.165 idtB=0.156 D_A=0.172 D_B=0.189 D_A(real)=0.82 D_A(fake)=0.18 gnG=15.05 gnD=8.83 it_per_s=4.29
2026-10-04 00:57:37,398 INFO iter=694700 epoch=99 lr=5.29e-05 G=1.335 advA2B=0.433 advB2A=0.480 cycA=0.100 cycB=0.111 idtA=0.165 idtB=0.157 D_A=0.171 D_B=0.189 D_A(real)=0.82 D_A(fake)=0.18 gnG=15.05 gnD=8.82 it_per_s=4.29
2026-10-04 00:57:58,793 INFO iter=694800 epoch=99 lr=5.28e-05 G=1.335 advA2B=0.433 advB2A=0.479 cycA=0.100 cycB=0.111 idtA=0.165 idtB=0.156 D_A=0.171 D_B=0.189 D_A(real)=0.82 D_A(fake)=0.18 gnG=15.04 gnD=8.83 it_per_s=4.30
2026-10-04 00:58:20,239 INFO iter=694900 epoch=99 lr=5.26e-05 G=1.334 advA2B=0.433 advB2A=0.480 cycA=0.100 cycB=0.111 idtA=0.166 idtB=0.157 D_A=0.171 D_B=0.189 D_A(real)=0.82 D_A(fake)=0.18 gnG=15.02 gnD=8.82 it_per_s=4.31
2026-10-04 00:58:45,931 INFO iter=695000 epoch=99 lr=5.25e-05 G=1.335 advA2B=0.432 advB2A=0.480 cycA=0.100 cycB=0.111 idtA=0.166 idtB=0.157 D_A=0.171 D_B=0.189 D_A(real)=0.82 D_A(fake)=0.18 gnG=15.05 gnD=8.82 it_per_s=4.30
2026-10-04 00:59:07,403 INFO iter=695100 epoch=99 lr=5.24e-05 G=1.334 advA2B=0.432 advB2A=0.480 cycA=0.100 cycB=0.111 idtA=0.166 idtB=0.157 D_A=0.171 D_B=0.189 D_A(real)=0.82 D_A(fake)=0.18 gnG=15.08 gnD=8.82 it_per_s=4.30
2026-10-04 00:59:28,819 INFO iter=695200 epoch=99 lr=5.22e-05 G=1.334 advA2B=0.432 advB2A=0.480 cycA=0.100 cycB=0.111 idtA=0.166 idtB=0.157 D_A=0.171 D_B=0.189 D_A(real)=0.82 D_A(fake)=0.18 gnG=15.05 gnD=8.82 it_per_s=4.31
2026-10-04 00:59:50,187 INFO iter=695300 epoch=99 lr=5.21e-05 G=1.333 advA2B=0.432 advB2A=0.479 cycA=0.100 cycB=0.111 idtA=0.166 idtB=0.157 D_A=0.171 D_B=0.189 D_A(real)=0.82 D_A(fake)=0.18 gnG=15.05 gnD=8.82 it_per_s=4.32
2026-10-04 01:00:11,645 INFO iter=695400 epoch=99 lr=5.19e-05 G=1.333 advA2B=0.432 advB2A=0.479 cycA=0.100 cycB=0.110 idtA=0.166 idtB=0.157 D_A=0.171 D_B=0.189 D_A(real)=0.82 D_A(fake)=0.18 gnG=15.03 gnD=8.83 it_per_s=4.32
2026-10-04 01:00:33,063 INFO iter=695500 epoch=99 lr=5.18e-05 G=1.333 advA2B=0.432 advB2A=0.480 cycA=0.100 cycB=0.111 idtA=0.166 idtB=0.157 D_A=0.171 D_B=0.189 D_A(real)=0.82 D_A(fake)=0.18 gnG=15.00 gnD=8.83 it_per_s=4.33
2026-10-04 01:00:54,512 INFO iter=695600 epoch=99 lr=5.17e-05 G=1.333 advA2B=0.431 advB2A=0.480 cycA=0.100 cycB=0.111 idtA=0.166 idtB=0.157 D_A=0.171 D_B=0.189 D_A(real)=0.82 D_A(fake)=0.18 gnG=15.01 gnD=8.83 it_per_s=4.33
2026-10-04 01:01:15,933 INFO iter=695700 epoch=99 lr=5.15e-05 G=1.333 advA2B=0.431 advB2A=0.480 cycA=0.100 cycB=0.111 idtA=0.166 idtB=0.157 D_A=0.171 D_B=0.189 D_A(real)=0.82 D_A(fake)=0.18 gnG=15.05 gnD=8.82 it_per_s=4.34
2026-10-04 01:01:37,356 INFO iter=695800 epoch=99 lr=5.14e-05 G=1.334 advA2B=0.432 advB2A=0.481 cycA=0.100 cycB=0.111 idtA=0.165 idtB=0.157 D_A=0.171 D_B=0.189 D_A(real)=0.82 D_A(fake)=0.18 gnG=15.08 gnD=8.82 it_per_s=4.34
2026-10-04 01:01:58,776 INFO iter=695900 epoch=99 lr=5.12e-05 G=1.335 advA2B=0.432 advB2A=0.481 cycA=0.100 cycB=0.111 idtA=0.165 idtB=0.157 D_A=0.171 D_B=0.189 D_A(real)=0.82 D_A(fake)=0.18 gnG=15.07 gnD=8.81 it_per_s=4.35
2026-10-04 01:02:20,288 INFO iter=696000 epoch=99 lr=5.11e-05 G=1.334 advA2B=0.432 advB2A=0.481 cycA=0.100 cycB=0.111 idtA=0.165 idtB=0.157 D_A=0.171 D_B=0.189 D_A(real)=0.82 D_A(fake)=0.18 gnG=15.06 gnD=8.81 it_per_s=4.35
2026-10-04 01:02:41,680 INFO iter=696100 epoch=99 lr=5.09e-05 G=1.335 advA2B=0.432 advB2A=0.481 cycA=0.100 cycB=0.111 idtA=0.165 idtB=0.157 D_A=0.171 D_B=0.188 D_A(real)=0.82 D_A(fake)=0.18 gnG=15.06 gnD=8.81 it_per_s=4.36
2026-10-04 01:03:03,101 INFO iter=696200 epoch=99 lr=5.08e-05 G=1.335 advA2B=0.432 advB2A=0.481 cycA=0.100 cycB=0.111 idtA=0.165 idtB=0.157 D_A=0.171 D_B=0.188 D_A(real)=0.82 D_A(fake)=0.18 gnG=15.03 gnD=8.81 it_per_s=4.36
2026-10-04 01:03:24,562 INFO iter=696300 epoch=99 lr=5.07e-05 G=1.334 advA2B=0.432 advB2A=0.481 cycA=0.100 cycB=0.111 idtA=0.165 idtB=0.157 D_A=0.171 D_B=0.188 D_A(real)=0.82 D_A(fake)=0.18 gnG=15.04 gnD=8.81 it_per_s=4.37
2026-10-04 01:03:46,023 INFO iter=696400 epoch=99 lr=5.05e-05 G=1.334 advA2B=0.432 advB2A=0.481 cycA=0.100 cycB=0.111 idtA=0.165 idtB=0.156 D_A=0.171 D_B=0.188 D_A(real)=0.82 D_A(fake)=0.18 gnG=15.04 gnD=8.82 it_per_s=4.37
2026-10-04 01:04:07,408 INFO iter=696500 epoch=99 lr=5.04e-05 G=1.335 advA2B=0.432 advB2A=0.481 cycA=0.100 cycB=0.111 idtA=0.164 idtB=0.156 D_A=0.171 D_B=0.188 D_A(real)=0.82 D_A(fake)=0.18 gnG=15.05 gnD=8.81 it_per_s=4.37
2026-10-04 01:04:28,867 INFO iter=696600 epoch=99 lr=5.02e-05 G=1.335 advA2B=0.432 advB2A=0.482 cycA=0.100 cycB=0.111 idtA=0.164 idtB=0.156 D_A=0.171 D_B=0.188 D_A(real)=0.82 D_A(fake)=0.18 gnG=15.07 gnD=8.82 it_per_s=4.38
2026-10-04 01:04:50,237 INFO iter=696700 epoch=99 lr=5.01e-05 G=1.336 advA2B=0.433 advB2A=0.482 cycA=0.100 cycB=0.111 idtA=0.164 idtB=0.156 D_A=0.171 D_B=0.188 D_A(real)=0.82 D_A(fake)=0.18 gnG=15.09 gnD=8.81 it_per_s=4.38
2026-10-04 01:05:03,519 INFO epoch=99 done time_s=1605 it_per_s=4.38 G=1.336 cycA=0.100 cycB=0.111 idtA=0.164 idtB=0.156 D_A=0.171 D_B=0.188 D_A(real)=0.82 D_A(fake)=0.18 nan_count=0
2026-10-04 01:05:12,603 INFO iter=696800 epoch=100 lr=4.99e-05 G=1.348 advA2B=0.474 advB2A=0.460 cycA=0.099 cycB=0.108 idtA=0.170 idtB=0.146 D_A=0.165 D_B=0.194 D_A(real)=0.83 D_A(fake)=0.16 gnG=15.40 gnD=8.82 it_per_s=4.64
2026-10-04 01:05:34,130 INFO iter=696900 epoch=100 lr=4.98e-05 G=1.371 advA2B=0.473 advB2A=0.486 cycA=0.096 cycB=0.110 idtA=0.157 idtB=0.149 D_A=0.164 D_B=0.185 D_A(real)=0.84 D_A(fake)=0.16 gnG=15.97 gnD=8.71 it_per_s=4.65
2026-10-04 01:05:55,499 INFO iter=697000 epoch=100 lr=4.97e-05 G=1.338 advA2B=0.439 advB2A=0.489 cycA=0.095 cycB=0.110 idtA=0.152 idtB=0.138 D_A=0.165 D_B=0.184 D_A(real)=0.84 D_A(fake)=0.16 gnG=15.51 gnD=8.76 it_per_s=4.66
2026-10-04 01:06:16,966 INFO iter=697100 epoch=100 lr=4.95e-05 G=1.348 advA2B=0.447 advB2A=0.490 cycA=0.096 cycB=0.109 idtA=0.152 idtB=0.142 D_A=0.165 D_B=0.186 D_A(real)=0.83 D_A(fake)=0.17 gnG=15.62 gnD=8.87 it_per_s=4.66
2026-10-04 01:06:38,402 INFO iter=697200 epoch=100 lr=4.94e-05 G=1.340 advA2B=0.446 advB2A=0.482 cycA=0.097 cycB=0.109 idtA=0.158 idtB=0.145 D_A=0.165 D_B=0.187 D_A(real)=0.83 D_A(fake)=0.17 gnG=15.57 gnD=8.84 it_per_s=4.66
2026-10-04 01:06:59,796 INFO iter=697300 epoch=100 lr=4.92e-05 G=1.341 advA2B=0.443 advB2A=0.486 cycA=0.097 cycB=0.109 idtA=0.157 idtB=0.147 D_A=0.166 D_B=0.186 D_A(real)=0.83 D_A(fake)=0.17 gnG=15.76 gnD=8.84 it_per_s=4.66
2026-10-04 01:07:21,203 INFO iter=697400 epoch=100 lr=4.91e-05 G=1.343 advA2B=0.443 advB2A=0.486 cycA=0.098 cycB=0.109 idtA=0.160 idtB=0.147 D_A=0.167 D_B=0.185 D_A(real)=0.82 D_A(fake)=0.18 gnG=15.42 gnD=8.74 it_per_s=4.66
2026-10-04 01:07:42,625 INFO iter=697500 epoch=100 lr=4.90e-05 G=1.337 advA2B=0.438 advB2A=0.485 cycA=0.097 cycB=0.110 idtA=0.161 idtB=0.147 D_A=0.167 D_B=0.186 D_A(real)=0.82 D_A(fake)=0.18 gnG=15.40 gnD=8.75 it_per_s=4.66
2026-10-04 01:08:04,093 INFO iter=697600 epoch=100 lr=4.88e-05 G=1.334 advA2B=0.436 advB2A=0.481 cycA=0.098 cycB=0.111 idtA=0.161 idtB=0.148 D_A=0.167 D_B=0.186 D_A(real)=0.82 D_A(fake)=0.18 gnG=15.49 gnD=8.73 it_per_s=4.66
2026-10-04 01:08:25,461 INFO iter=697700 epoch=100 lr=4.87e-05 G=1.330 advA2B=0.433 advB2A=0.482 cycA=0.098 cycB=0.110 idtA=0.162 idtB=0.148 D_A=0.167 D_B=0.187 D_A(real)=0.82 D_A(fake)=0.18 gnG=15.57 gnD=8.79 it_per_s=4.67
2026-10-04 01:08:46,869 INFO iter=697800 epoch=100 lr=4.85e-05 G=1.330 advA2B=0.433 advB2A=0.483 cycA=0.098 cycB=0.110 idtA=0.162 idtB=0.147 D_A=0.167 D_B=0.188 D_A(real)=0.82 D_A(fake)=0.18 gnG=15.50 gnD=8.83 it_per_s=4.67
2026-10-04 01:09:08,300 INFO iter=697900 epoch=100 lr=4.84e-05 G=1.336 advA2B=0.434 advB2A=0.487 cycA=0.098 cycB=0.110 idtA=0.162 idtB=0.147 D_A=0.168 D_B=0.187 D_A(real)=0.82 D_A(fake)=0.18 gnG=15.59 gnD=8.82 it_per_s=4.67
2026-10-04 01:09:29,686 INFO iter=698000 epoch=100 lr=4.82e-05 G=1.343 advA2B=0.436 advB2A=0.490 cycA=0.098 cycB=0.111 idtA=0.163 idtB=0.148 D_A=0.168 D_B=0.187 D_A(real)=0.82 D_A(fake)=0.18 gnG=15.61 gnD=8.80 it_per_s=4.67
2026-10-04 01:09:51,157 INFO iter=698100 epoch=100 lr=4.81e-05 G=1.342 advA2B=0.437 advB2A=0.488 cycA=0.098 cycB=0.110 idtA=0.163 idtB=0.146 D_A=0.168 D_B=0.186 D_A(real)=0.82 D_A(fake)=0.18 gnG=15.68 gnD=8.77 it_per_s=4.67
2026-10-04 01:10:12,534 INFO iter=698200 epoch=100 lr=4.80e-05 G=1.341 advA2B=0.437 advB2A=0.487 cycA=0.098 cycB=0.110 idtA=0.162 idtB=0.146 D_A=0.168 D_B=0.186 D_A(real)=0.82 D_A(fake)=0.18 gnG=15.73 gnD=8.79 it_per_s=4.67
2026-10-04 01:10:33,922 INFO iter=698300 epoch=100 lr=4.78e-05 G=1.339 advA2B=0.435 advB2A=0.488 cycA=0.098 cycB=0.110 idtA=0.162 idtB=0.145 D_A=0.168 D_B=0.186 D_A(real)=0.82 D_A(fake)=0.18 gnG=15.75 gnD=8.78 it_per_s=4.67
2026-10-04 01:10:55,313 INFO iter=698400 epoch=100 lr=4.77e-05 G=1.337 advA2B=0.433 advB2A=0.487 cycA=0.098 cycB=0.110 idtA=0.162 idtB=0.145 D_A=0.168 D_B=0.187 D_A(real)=0.82 D_A(fake)=0.18 gnG=15.68 gnD=8.78 it_per_s=4.67
2026-10-04 01:11:16,693 INFO iter=698500 epoch=100 lr=4.75e-05 G=1.335 advA2B=0.432 advB2A=0.486 cycA=0.098 cycB=0.110 idtA=0.162 idtB=0.145 D_A=0.168 D_B=0.187 D_A(real)=0.82 D_A(fake)=0.18 gnG=15.70 gnD=8.79 it_per_s=4.67
2026-10-04 01:11:38,358 INFO iter=698600 epoch=100 lr=4.74e-05 G=1.336 advA2B=0.432 advB2A=0.488 cycA=0.098 cycB=0.110 idtA=0.162 idtB=0.146 D_A=0.168 D_B=0.187 D_A(real)=0.82 D_A(fake)=0.18 gnG=15.80 gnD=8.79 it_per_s=4.67
2026-10-04 01:11:59,733 INFO iter=698700 epoch=100 lr=4.72e-05 G=1.337 advA2B=0.431 advB2A=0.489 cycA=0.099 cycB=0.110 idtA=0.162 idtB=0.146 D_A=0.168 D_B=0.187 D_A(real)=0.82 D_A(fake)=0.18 gnG=15.82 gnD=8.80 it_per_s=4.67
2026-10-04 01:12:21,155 INFO iter=698800 epoch=100 lr=4.71e-05 G=1.337 advA2B=0.431 advB2A=0.490 cycA=0.099 cycB=0.110 idtA=0.162 idtB=0.146 D_A=0.167 D_B=0.187 D_A(real)=0.82 D_A(fake)=0.18 gnG=15.87 gnD=8.78 it_per_s=4.67
2026-10-04 01:12:42,546 INFO iter=698900 epoch=100 lr=4.70e-05 G=1.338 advA2B=0.431 advB2A=0.491 cycA=0.099 cycB=0.110 idtA=0.162 idtB=0.146 D_A=0.168 D_B=0.187 D_A(real)=0.82 D_A(fake)=0.18 gnG=15.98 gnD=8.78 it_per_s=4.67
2026-10-04 01:13:03,943 INFO iter=699000 epoch=100 lr=4.68e-05 G=1.336 advA2B=0.430 advB2A=0.490 cycA=0.099 cycB=0.110 idtA=0.162 idtB=0.146 D_A=0.168 D_B=0.187 D_A(real)=0.82 D_A(fake)=0.18 gnG=15.94 gnD=8.79 it_per_s=4.67
2026-10-04 01:13:25,319 INFO iter=699100 epoch=100 lr=4.67e-05 G=1.336 advA2B=0.430 advB2A=0.490 cycA=0.099 cycB=0.110 idtA=0.162 idtB=0.146 D_A=0.168 D_B=0.187 D_A(real)=0.82 D_A(fake)=0.18 gnG=15.97 gnD=8.77 it_per_s=4.67
2026-10-04 01:13:46,762 INFO iter=699200 epoch=100 lr=4.65e-05 G=1.339 advA2B=0.431 advB2A=0.492 cycA=0.099 cycB=0.109 idtA=0.161 idtB=0.145 D_A=0.167 D_B=0.187 D_A(real)=0.82 D_A(fake)=0.18 gnG=16.08 gnD=8.79 it_per_s=4.67
2026-10-04 01:14:08,183 INFO iter=699300 epoch=100 lr=4.64e-05 G=1.339 advA2B=0.430 advB2A=0.491 cycA=0.099 cycB=0.110 idtA=0.161 idtB=0.146 D_A=0.168 D_B=0.187 D_A(real)=0.82 D_A(fake)=0.18 gnG=16.04 gnD=8.80 it_per_s=4.67
2026-10-04 01:14:29,616 INFO iter=699400 epoch=100 lr=4.63e-05 G=1.340 advA2B=0.430 advB2A=0.492 cycA=0.099 cycB=0.110 idtA=0.162 idtB=0.147 D_A=0.168 D_B=0.187 D_A(real)=0.82 D_A(fake)=0.18 gnG=16.04 gnD=8.82 it_per_s=4.67
2026-10-04 01:14:51,038 INFO iter=699500 epoch=100 lr=4.61e-05 G=1.341 advA2B=0.430 advB2A=0.493 cycA=0.099 cycB=0.110 idtA=0.162 idtB=0.147 D_A=0.168 D_B=0.187 D_A(real)=0.82 D_A(fake)=0.18 gnG=16.07 gnD=8.84 it_per_s=4.67
2026-10-04 01:15:12,472 INFO iter=699600 epoch=100 lr=4.60e-05 G=1.340 advA2B=0.430 advB2A=0.492 cycA=0.099 cycB=0.110 idtA=0.162 idtB=0.147 D_A=0.168 D_B=0.187 D_A(real)=0.82 D_A(fake)=0.18 gnG=16.11 gnD=8.83 it_per_s=4.67
2026-10-04 01:15:33,843 INFO iter=699700 epoch=100 lr=4.58e-05 G=1.340 advA2B=0.429 advB2A=0.493 cycA=0.099 cycB=0.110 idtA=0.163 idtB=0.147 D_A=0.168 D_B=0.187 D_A(real)=0.82 D_A(fake)=0.18 gnG=16.07 gnD=8.84 it_per_s=4.67
2026-10-04 01:15:55,172 INFO iter=699800 epoch=100 lr=4.57e-05 G=1.340 advA2B=0.430 advB2A=0.492 cycA=0.099 cycB=0.110 idtA=0.163 idtB=0.147 D_A=0.168 D_B=0.187 D_A(real)=0.82 D_A(fake)=0.18 gnG=16.08 gnD=8.84 it_per_s=4.67
2026-10-04 01:16:16,593 INFO iter=699900 epoch=100 lr=4.55e-05 G=1.340 advA2B=0.429 advB2A=0.492 cycA=0.099 cycB=0.110 idtA=0.164 idtB=0.147 D_A=0.168 D_B=0.187 D_A(real)=0.82 D_A(fake)=0.18 gnG=16.03 gnD=8.85 it_per_s=4.67
2026-10-04 01:16:38,008 INFO iter=700000 epoch=100 lr=4.54e-05 G=1.342 advA2B=0.430 advB2A=0.492 cycA=0.100 cycB=0.110 idtA=0.164 idtB=0.147 D_A=0.168 D_B=0.187 D_A(real)=0.82 D_A(fake)=0.18 gnG=16.01 gnD=8.85 it_per_s=4.67
2026-10-04 01:16:59,450 INFO iter=700100 epoch=100 lr=4.53e-05 G=1.341 advA2B=0.431 advB2A=0.491 cycA=0.100 cycB=0.110 idtA=0.165 idtB=0.147 D_A=0.168 D_B=0.187 D_A(real)=0.82 D_A(fake)=0.18 gnG=16.04 gnD=8.87 it_per_s=4.67
2026-10-04 01:17:20,783 INFO iter=700200 epoch=100 lr=4.51e-05 G=1.343 advA2B=0.431 advB2A=0.492 cycA=0.100 cycB=0.110 idtA=0.164 idtB=0.147 D_A=0.168 D_B=0.187 D_A(real)=0.82 D_A(fake)=0.18 gnG=16.01 gnD=8.88 it_per_s=4.67
2026-10-04 01:17:42,220 INFO iter=700300 epoch=100 lr=4.50e-05 G=1.343 advA2B=0.431 advB2A=0.492 cycA=0.100 cycB=0.110 idtA=0.164 idtB=0.147 D_A=0.168 D_B=0.187 D_A(real)=0.82 D_A(fake)=0.18 gnG=15.96 gnD=8.90 it_per_s=4.67
2026-10-04 01:18:03,588 INFO iter=700400 epoch=100 lr=4.48e-05 G=1.342 advA2B=0.430 advB2A=0.492 cycA=0.100 cycB=0.110 idtA=0.164 idtB=0.147 D_A=0.168 D_B=0.187 D_A(real)=0.82 D_A(fake)=0.18 gnG=15.93 gnD=8.89 it_per_s=4.67
2026-10-04 01:18:24,983 INFO iter=700500 epoch=100 lr=4.47e-05 G=1.342 advA2B=0.430 advB2A=0.492 cycA=0.100 cycB=0.110 idtA=0.164 idtB=0.146 D_A=0.168 D_B=0.187 D_A(real)=0.82 D_A(fake)=0.18 gnG=15.88 gnD=8.90 it_per_s=4.67
2026-10-04 01:18:46,391 INFO iter=700600 epoch=100 lr=4.45e-05 G=1.342 advA2B=0.430 advB2A=0.492 cycA=0.100 cycB=0.110 idtA=0.164 idtB=0.146 D_A=0.168 D_B=0.187 D_A(real)=0.82 D_A(fake)=0.18 gnG=15.85 gnD=8.91 it_per_s=4.67
2026-10-04 01:19:07,738 INFO iter=700700 epoch=100 lr=4.44e-05 G=1.341 advA2B=0.430 advB2A=0.492 cycA=0.100 cycB=0.110 idtA=0.164 idtB=0.146 D_A=0.168 D_B=0.187 D_A(real)=0.82 D_A(fake)=0.18 gnG=15.85 gnD=8.90 it_per_s=4.67
2026-10-04 01:19:29,154 INFO iter=700800 epoch=100 lr=4.43e-05 G=1.339 advA2B=0.430 advB2A=0.491 cycA=0.100 cycB=0.110 idtA=0.164 idtB=0.147 D_A=0.168 D_B=0.187 D_A(real)=0.82 D_A(fake)=0.18 gnG=15.85 gnD=8.91 it_per_s=4.67
2026-10-04 01:19:50,596 INFO iter=700900 epoch=100 lr=4.41e-05 G=1.340 advA2B=0.430 advB2A=0.492 cycA=0.100 cycB=0.110 idtA=0.164 idtB=0.146 D_A=0.168 D_B=0.187 D_A(real)=0.82 D_A(fake)=0.18 gnG=15.88 gnD=8.90 it_per_s=4.67
2026-10-04 01:20:11,962 INFO iter=701000 epoch=100 lr=4.40e-05 G=1.341 advA2B=0.431 advB2A=0.492 cycA=0.100 cycB=0.110 idtA=0.164 idtB=0.146 D_A=0.167 D_B=0.187 D_A(real)=0.82 D_A(fake)=0.18 gnG=15.84 gnD=8.92 it_per_s=4.67
2026-10-04 01:20:33,314 INFO iter=701100 epoch=100 lr=4.38e-05 G=1.340 advA2B=0.430 advB2A=0.491 cycA=0.100 cycB=0.110 idtA=0.164 idtB=0.146 D_A=0.167 D_B=0.187 D_A(real)=0.82 D_A(fake)=0.18 gnG=15.84 gnD=8.93 it_per_s=4.67
2026-10-04 01:20:54,760 INFO iter=701200 epoch=100 lr=4.37e-05 G=1.342 advA2B=0.431 advB2A=0.492 cycA=0.100 cycB=0.110 idtA=0.164 idtB=0.146 D_A=0.167 D_B=0.187 D_A(real)=0.82 D_A(fake)=0.18 gnG=15.82 gnD=8.94 it_per_s=4.67
2026-10-04 01:21:16,099 INFO iter=701300 epoch=100 lr=4.36e-05 G=1.341 advA2B=0.431 advB2A=0.492 cycA=0.100 cycB=0.110 idtA=0.164 idtB=0.146 D_A=0.167 D_B=0.187 D_A(real)=0.82 D_A(fake)=0.18 gnG=15.82 gnD=8.94 it_per_s=4.67
2026-10-04 01:21:37,542 INFO iter=701400 epoch=100 lr=4.34e-05 G=1.341 advA2B=0.431 advB2A=0.491 cycA=0.100 cycB=0.110 idtA=0.164 idtB=0.146 D_A=0.167 D_B=0.187 D_A(real)=0.82 D_A(fake)=0.18 gnG=15.81 gnD=8.93 it_per_s=4.67
2026-10-04 01:21:58,914 INFO iter=701500 epoch=100 lr=4.33e-05 G=1.341 advA2B=0.431 advB2A=0.491 cycA=0.100 cycB=0.110 idtA=0.164 idtB=0.146 D_A=0.167 D_B=0.187 D_A(real)=0.82 D_A(fake)=0.18 gnG=15.81 gnD=8.94 it_per_s=4.67
2026-10-04 01:22:19,833 INFO iter=701600 epoch=100 lr=4.31e-05 G=1.341 advA2B=0.431 advB2A=0.491 cycA=0.100 cycB=0.110 idtA=0.165 idtB=0.146 D_A=0.167 D_B=0.187 D_A(real)=0.82 D_A(fake)=0.18 gnG=15.83 gnD=8.95 it_per_s=4.67
2026-10-04 01:22:41,203 INFO iter=701700 epoch=100 lr=4.30e-05 G=1.340 advA2B=0.431 advB2A=0.491 cycA=0.100 cycB=0.110 idtA=0.165 idtB=0.146 D_A=0.167 D_B=0.187 D_A(real)=0.82 D_A(fake)=0.18 gnG=15.85 gnD=8.94 it_per_s=4.67
2026-10-04 01:23:02,667 INFO iter=701800 epoch=100 lr=4.28e-05 G=1.339 advA2B=0.430 advB2A=0.491 cycA=0.100 cycB=0.109 idtA=0.165 idtB=0.146 D_A=0.167 D_B=0.187 D_A(real)=0.82 D_A(fake)=0.18 gnG=15.82 gnD=8.96 it_per_s=4.67
2026-10-04 01:23:24,056 INFO iter=701900 epoch=100 lr=4.27e-05 G=1.339 advA2B=0.430 advB2A=0.491 cycA=0.100 cycB=0.109 idtA=0.165 idtB=0.147 D_A=0.167 D_B=0.187 D_A(real)=0.82 D_A(fake)=0.18 gnG=15.80 gnD=8.96 it_per_s=4.67
2026-10-04 01:23:45,486 INFO iter=702000 epoch=100 lr=4.26e-05 G=1.339 advA2B=0.429 advB2A=0.491 cycA=0.100 cycB=0.109 idtA=0.165 idtB=0.147 D_A=0.167 D_B=0.187 D_A(real)=0.82 D_A(fake)=0.18 gnG=15.78 gnD=8.97 it_per_s=4.67
2026-10-04 01:24:06,868 INFO iter=702100 epoch=100 lr=4.24e-05 G=1.338 advA2B=0.429 advB2A=0.492 cycA=0.099 cycB=0.109 idtA=0.165 idtB=0.147 D_A=0.167 D_B=0.187 D_A(real)=0.82 D_A(fake)=0.18 gnG=15.79 gnD=8.97 it_per_s=4.67
2026-10-04 01:24:28,300 INFO iter=702200 epoch=100 lr=4.23e-05 G=1.339 advA2B=0.429 advB2A=0.492 cycA=0.099 cycB=0.109 idtA=0.165 idtB=0.147 D_A=0.167 D_B=0.187 D_A(real)=0.82 D_A(fake)=0.18 gnG=15.80 gnD=8.97 it_per_s=4.67
2026-10-04 01:24:49,718 INFO iter=702300 epoch=100 lr=4.21e-05 G=1.338 advA2B=0.428 advB2A=0.493 cycA=0.099 cycB=0.109 idtA=0.164 idtB=0.147 D_A=0.167 D_B=0.187 D_A(real)=0.82 D_A(fake)=0.18 gnG=15.80 gnD=8.98 it_per_s=4.67
2026-10-04 01:25:11,158 INFO iter=702400 epoch=100 lr=4.20e-05 G=1.338 advA2B=0.429 advB2A=0.493 cycA=0.099 cycB=0.109 idtA=0.164 idtB=0.147 D_A=0.167 D_B=0.187 D_A(real)=0.82 D_A(fake)=0.18 gnG=15.84 gnD=8.99 it_per_s=4.67
2026-10-04 01:25:32,598 INFO iter=702500 epoch=100 lr=4.18e-05 G=1.339 advA2B=0.428 advB2A=0.493 cycA=0.100 cycB=0.109 idtA=0.164 idtB=0.147 D_A=0.167 D_B=0.187 D_A(real)=0.82 D_A(fake)=0.18 gnG=15.82 gnD=9.00 it_per_s=4.67
2026-10-04 01:25:53,992 INFO iter=702600 epoch=100 lr=4.17e-05 G=1.338 advA2B=0.428 advB2A=0.493 cycA=0.099 cycB=0.109 idtA=0.164 idtB=0.147 D_A=0.167 D_B=0.187 D_A(real)=0.82 D_A(fake)=0.18 gnG=15.83 gnD=9.00 it_per_s=4.67
2026-10-04 01:26:15,442 INFO iter=702700 epoch=100 lr=4.16e-05 G=1.338 advA2B=0.428 advB2A=0.493 cycA=0.099 cycB=0.109 idtA=0.165 idtB=0.148 D_A=0.167 D_B=0.187 D_A(real)=0.82 D_A(fake)=0.18 gnG=15.84 gnD=9.01 it_per_s=4.67
2026-10-04 01:26:36,811 INFO iter=702800 epoch=100 lr=4.14e-05 G=1.339 advA2B=0.428 advB2A=0.493 cycA=0.099 cycB=0.109 idtA=0.165 idtB=0.148 D_A=0.167 D_B=0.187 D_A(real)=0.82 D_A(fake)=0.18 gnG=15.87 gnD=9.02 it_per_s=4.67
2026-10-04 01:26:58,169 INFO iter=702900 epoch=100 lr=4.13e-05 G=1.339 advA2B=0.428 advB2A=0.493 cycA=0.099 cycB=0.109 idtA=0.164 idtB=0.148 D_A=0.167 D_B=0.187 D_A(real)=0.82 D_A(fake)=0.18 gnG=15.87 gnD=9.03 it_per_s=4.67
2026-10-04 01:27:19,606 INFO iter=703000 epoch=100 lr=4.11e-05 G=1.339 advA2B=0.428 advB2A=0.492 cycA=0.100 cycB=0.109 idtA=0.164 idtB=0.149 D_A=0.167 D_B=0.187 D_A(real)=0.82 D_A(fake)=0.18 gnG=15.89 gnD=9.02 it_per_s=4.67
2026-10-04 01:27:40,937 INFO iter=703100 epoch=100 lr=4.10e-05 G=1.338 advA2B=0.428 advB2A=0.492 cycA=0.100 cycB=0.109 idtA=0.164 idtB=0.148 D_A=0.167 D_B=0.188 D_A(real)=0.82 D_A(fake)=0.18 gnG=15.89 gnD=9.04 it_per_s=4.67
2026-10-04 01:28:02,409 INFO iter=703200 epoch=100 lr=4.09e-05 G=1.339 advA2B=0.428 advB2A=0.492 cycA=0.100 cycB=0.109 idtA=0.164 idtB=0.148 D_A=0.167 D_B=0.188 D_A(real)=0.82 D_A(fake)=0.18 gnG=15.91 gnD=9.04 it_per_s=4.67
2026-10-04 01:28:23,890 INFO iter=703300 epoch=100 lr=4.07e-05 G=1.339 advA2B=0.429 advB2A=0.493 cycA=0.100 cycB=0.109 idtA=0.164 idtB=0.149 D_A=0.167 D_B=0.188 D_A(real)=0.82 D_A(fake)=0.18 gnG=15.94 gnD=9.03 it_per_s=4.67
2026-10-04 01:28:45,270 INFO iter=703400 epoch=100 lr=4.06e-05 G=1.340 advA2B=0.429 advB2A=0.493 cycA=0.100 cycB=0.109 idtA=0.164 idtB=0.149 D_A=0.167 D_B=0.188 D_A(real)=0.82 D_A(fake)=0.18 gnG=15.95 gnD=9.03 it_per_s=4.67
2026-10-04 01:29:06,651 INFO iter=703500 epoch=100 lr=4.04e-05 G=1.340 advA2B=0.429 advB2A=0.493 cycA=0.100 cycB=0.109 idtA=0.164 idtB=0.149 D_A=0.167 D_B=0.188 D_A(real)=0.82 D_A(fake)=0.18 gnG=15.96 gnD=9.04 it_per_s=4.67
2026-10-04 01:29:28,083 INFO iter=703600 epoch=100 lr=4.03e-05 G=1.340 advA2B=0.429 advB2A=0.493 cycA=0.100 cycB=0.109 idtA=0.164 idtB=0.148 D_A=0.167 D_B=0.188 D_A(real)=0.82 D_A(fake)=0.18 gnG=15.95 gnD=9.05 it_per_s=4.67
2026-10-04 01:29:49,460 INFO iter=703700 epoch=100 lr=4.01e-05 G=1.340 advA2B=0.428 advB2A=0.494 cycA=0.100 cycB=0.109 idtA=0.164 idtB=0.148 D_A=0.167 D_B=0.188 D_A(real)=0.82 D_A(fake)=0.18 gnG=15.96 gnD=9.05 it_per_s=4.67
2026-10-04 01:30:10,821 INFO iter=703800 epoch=100 lr=4.00e-05 G=1.340 advA2B=0.428 advB2A=0.494 cycA=0.100 cycB=0.109 idtA=0.164 idtB=0.148 D_A=0.167 D_B=0.188 D_A(real)=0.82 D_A(fake)=0.18 gnG=15.94 gnD=9.05 it_per_s=4.67
2026-10-04 01:30:10,821 INFO epoch=100 done time_s=1506 it_per_s=4.67 G=1.340 cycA=0.100 cycB=0.109 idtA=0.164 idtB=0.148 D_A=0.167 D_B=0.188 D_A(real)=0.82 D_A(fake)=0.18 nan_count=0
2026-10-04 01:30:33,336 INFO iter=703900 epoch=101 lr=3.99e-05 G=1.371 advA2B=0.429 advB2A=0.512 cycA=0.103 cycB=0.112 idtA=0.158 idtB=0.166 D_A=0.167 D_B=0.179 D_A(real)=0.83 D_A(fake)=0.18 gnG=14.81 gnD=9.22 it_per_s=4.66
2026-10-04 01:30:58,444 INFO iter=704000 epoch=101 lr=3.97e-05 G=1.371 advA2B=0.422 advB2A=0.519 cycA=0.104 cycB=0.111 idtA=0.161 idtB=0.156 D_A=0.168 D_B=0.187 D_A(real)=0.83 D_A(fake)=0.18 gnG=15.77 gnD=9.40 it_per_s=4.30
2026-10-04 01:31:23,613 INFO iter=704100 epoch=101 lr=3.96e-05 G=1.373 advA2B=0.424 advB2A=0.523 cycA=0.102 cycB=0.111 idtA=0.163 idtB=0.153 D_A=0.165 D_B=0.185 D_A(real)=0.83 D_A(fake)=0.17 gnG=16.60 gnD=9.39 it_per_s=4.18
2026-10-04 01:31:48,639 INFO iter=704200 epoch=101 lr=3.94e-05 G=1.365 advA2B=0.424 advB2A=0.516 cycA=0.101 cycB=0.112 idtA=0.165 idtB=0.154 D_A=0.165 D_B=0.186 D_A(real)=0.84 D_A(fake)=0.16 gnG=16.68 gnD=9.39 it_per_s=4.13
2026-10-04 01:32:11,884 INFO iter=704300 epoch=101 lr=3.93e-05 G=1.363 advA2B=0.422 advB2A=0.514 cycA=0.101 cycB=0.113 idtA=0.168 idtB=0.155 D_A=0.167 D_B=0.186 D_A(real)=0.83 D_A(fake)=0.17 gnG=16.74 gnD=9.36 it_per_s=4.17
2026-10-04 01:32:36,388 INFO iter=704400 epoch=101 lr=3.91e-05 G=1.359 advA2B=0.422 advB2A=0.511 cycA=0.101 cycB=0.112 idtA=0.168 idtB=0.157 D_A=0.167 D_B=0.187 D_A(real)=0.83 D_A(fake)=0.17 gnG=16.66 gnD=9.38 it_per_s=4.15
2026-10-04 01:33:01,695 INFO iter=704500 epoch=101 lr=3.90e-05 G=1.355 advA2B=0.421 advB2A=0.509 cycA=0.101 cycB=0.111 idtA=0.167 idtB=0.158 D_A=0.166 D_B=0.187 D_A(real)=0.83 D_A(fake)=0.17 gnG=16.50 gnD=9.36 it_per_s=4.12
2026-10-04 01:33:26,624 INFO iter=704600 epoch=101 lr=3.89e-05 G=1.353 advA2B=0.420 advB2A=0.509 cycA=0.101 cycB=0.111 idtA=0.167 idtB=0.159 D_A=0.166 D_B=0.188 D_A(real)=0.83 D_A(fake)=0.18 gnG=16.40 gnD=9.39 it_per_s=4.11
2026-10-04 01:33:48,584 INFO iter=704700 epoch=101 lr=3.87e-05 G=1.350 advA2B=0.419 advB2A=0.507 cycA=0.101 cycB=0.111 idtA=0.167 idtB=0.158 D_A=0.166 D_B=0.188 D_A(real)=0.83 D_A(fake)=0.17 gnG=16.28 gnD=9.38 it_per_s=4.15
2026-10-04 01:34:10,026 INFO iter=704800 epoch=101 lr=3.86e-05 G=1.353 advA2B=0.423 advB2A=0.506 cycA=0.101 cycB=0.111 idtA=0.167 idtB=0.158 D_A=0.166 D_B=0.188 D_A(real)=0.83 D_A(fake)=0.17 gnG=16.32 gnD=9.40 it_per_s=4.20
2026-10-04 01:34:31,406 INFO iter=704900 epoch=101 lr=3.84e-05 G=1.347 advA2B=0.419 advB2A=0.505 cycA=0.101 cycB=0.110 idtA=0.165 idtB=0.156 D_A=0.166 D_B=0.189 D_A(real)=0.83 D_A(fake)=0.17 gnG=16.31 gnD=9.43 it_per_s=4.24
2026-10-04 01:34:52,839 INFO iter=705000 epoch=101 lr=3.83e-05 G=1.344 advA2B=0.418 advB2A=0.505 cycA=0.101 cycB=0.110 idtA=0.165 idtB=0.156 D_A=0.166 D_B=0.188 D_A(real)=0.83 D_A(fake)=0.17 gnG=16.27 gnD=9.41 it_per_s=4.27
2026-10-04 01:35:14,205 INFO iter=705100 epoch=101 lr=3.82e-05 G=1.342 advA2B=0.418 advB2A=0.503 cycA=0.101 cycB=0.110 idtA=0.165 idtB=0.155 D_A=0.166 D_B=0.189 D_A(real)=0.83 D_A(fake)=0.17 gnG=16.11 gnD=9.41 it_per_s=4.30
2026-10-04 01:35:35,619 INFO iter=705200 epoch=101 lr=3.80e-05 G=1.339 advA2B=0.417 advB2A=0.501 cycA=0.101 cycB=0.109 idtA=0.164 idtB=0.155 D_A=0.165 D_B=0.188 D_A(real)=0.83 D_A(fake)=0.17 gnG=16.03 gnD=9.37 it_per_s=4.32
2026-10-04 01:35:57,060 INFO iter=705300 epoch=101 lr=3.79e-05 G=1.337 advA2B=0.418 advB2A=0.499 cycA=0.101 cycB=0.109 idtA=0.164 idtB=0.154 D_A=0.166 D_B=0.188 D_A(real)=0.82 D_A(fake)=0.18 gnG=15.94 gnD=9.37 it_per_s=4.35
2026-10-04 01:36:18,530 INFO iter=705400 epoch=101 lr=3.77e-05 G=1.337 advA2B=0.419 advB2A=0.499 cycA=0.101 cycB=0.109 idtA=0.164 idtB=0.154 D_A=0.165 D_B=0.188 D_A(real)=0.83 D_A(fake)=0.18 gnG=15.91 gnD=9.35 it_per_s=4.36
2026-10-04 01:36:40,220 INFO iter=705500 epoch=101 lr=3.76e-05 G=1.339 advA2B=0.419 advB2A=0.499 cycA=0.101 cycB=0.109 idtA=0.164 idtB=0.153 D_A=0.165 D_B=0.188 D_A(real)=0.82 D_A(fake)=0.18 gnG=15.90 gnD=9.35 it_per_s=4.38
2026-10-04 01:37:01,619 INFO iter=705600 epoch=101 lr=3.74e-05 G=1.338 advA2B=0.419 advB2A=0.499 cycA=0.101 cycB=0.109 idtA=0.164 idtB=0.153 D_A=0.166 D_B=0.189 D_A(real)=0.82 D_A(fake)=0.18 gnG=15.95 gnD=9.36 it_per_s=4.39
2026-10-04 01:37:23,037 INFO iter=705700 epoch=101 lr=3.73e-05 G=1.339 advA2B=0.420 advB2A=0.501 cycA=0.101 cycB=0.109 idtA=0.164 idtB=0.153 D_A=0.166 D_B=0.188 D_A(real)=0.82 D_A(fake)=0.18 gnG=15.99 gnD=9.33 it_per_s=4.41
2026-10-04 01:37:44,482 INFO iter=705800 epoch=101 lr=3.72e-05 G=1.339 advA2B=0.420 advB2A=0.501 cycA=0.100 cycB=0.109 idtA=0.164 idtB=0.152 D_A=0.165 D_B=0.188 D_A(real)=0.82 D_A(fake)=0.18 gnG=15.98 gnD=9.33 it_per_s=4.42
2026-10-04 01:38:05,970 INFO iter=705900 epoch=101 lr=3.70e-05 G=1.338 advA2B=0.420 advB2A=0.500 cycA=0.100 cycB=0.109 idtA=0.164 idtB=0.152 D_A=0.165 D_B=0.188 D_A(real)=0.82 D_A(fake)=0.18 gnG=15.97 gnD=9.32 it_per_s=4.43
2026-10-04 01:38:27,415 INFO iter=706000 epoch=101 lr=3.69e-05 G=1.339 advA2B=0.421 advB2A=0.500 cycA=0.100 cycB=0.109 idtA=0.164 idtB=0.151 D_A=0.165 D_B=0.188 D_A(real)=0.82 D_A(fake)=0.18 gnG=16.11 gnD=9.30 it_per_s=4.44
2026-10-04 01:38:48,890 INFO iter=706100 epoch=101 lr=3.67e-05 G=1.339 advA2B=0.421 advB2A=0.500 cycA=0.100 cycB=0.109 idtA=0.163 idtB=0.151 D_A=0.165 D_B=0.188 D_A(real)=0.82 D_A(fake)=0.18 gnG=16.07 gnD=9.32 it_per_s=4.45
2026-10-04 01:39:10,282 INFO iter=706200 epoch=101 lr=3.66e-05 G=1.341 advA2B=0.421 advB2A=0.502 cycA=0.100 cycB=0.109 idtA=0.163 idtB=0.152 D_A=0.165 D_B=0.188 D_A(real)=0.82 D_A(fake)=0.18 gnG=16.09 gnD=9.31 it_per_s=4.46
2026-10-04 01:39:31,744 INFO iter=706300 epoch=101 lr=3.64e-05 G=1.340 advA2B=0.421 advB2A=0.502 cycA=0.100 cycB=0.109 idtA=0.163 idtB=0.152 D_A=0.165 D_B=0.188 D_A(real)=0.82 D_A(fake)=0.18 gnG=16.03 gnD=9.33 it_per_s=4.47
2026-10-04 01:39:53,135 INFO iter=706400 epoch=101 lr=3.63e-05 G=1.341 advA2B=0.422 advB2A=0.501 cycA=0.100 cycB=0.109 idtA=0.163 idtB=0.152 D_A=0.165 D_B=0.188 D_A(real)=0.82 D_A(fake)=0.18 gnG=16.15 gnD=9.32 it_per_s=4.47
2026-10-04 01:40:14,562 INFO iter=706500 epoch=101 lr=3.62e-05 G=1.343 advA2B=0.423 advB2A=0.502 cycA=0.100 cycB=0.109 idtA=0.163 idtB=0.151 D_A=0.165 D_B=0.188 D_A(real)=0.82 D_A(fake)=0.18 gnG=16.15 gnD=9.34 it_per_s=4.48
2026-10-04 01:40:36,010 INFO iter=706600 epoch=101 lr=3.60e-05 G=1.343 advA2B=0.423 advB2A=0.502 cycA=0.100 cycB=0.109 idtA=0.162 idtB=0.151 D_A=0.165 D_B=0.188 D_A(real)=0.82 D_A(fake)=0.18 gnG=16.21 gnD=9.34 it_per_s=4.49
2026-10-04 01:40:57,427 INFO iter=706700 epoch=101 lr=3.59e-05 G=1.342 advA2B=0.423 advB2A=0.501 cycA=0.100 cycB=0.109 idtA=0.162 idtB=0.151 D_A=0.165 D_B=0.188 D_A(real)=0.82 D_A(fake)=0.18 gnG=16.26 gnD=9.32 it_per_s=4.49
2026-10-04 01:41:18,765 INFO iter=706800 epoch=101 lr=3.57e-05 G=1.341 advA2B=0.422 advB2A=0.501 cycA=0.100 cycB=0.109 idtA=0.162 idtB=0.152 D_A=0.165 D_B=0.188 D_A(real)=0.82 D_A(fake)=0.18 gnG=16.28 gnD=9.32 it_per_s=4.50
2026-10-04 01:41:40,242 INFO iter=706900 epoch=101 lr=3.56e-05 G=1.341 advA2B=0.422 advB2A=0.502 cycA=0.100 cycB=0.109 idtA=0.162 idtB=0.151 D_A=0.165 D_B=0.188 D_A(real)=0.82 D_A(fake)=0.18 gnG=16.25 gnD=9.30 it_per_s=4.50
2026-10-04 01:42:01,657 INFO iter=707000 epoch=101 lr=3.55e-05 G=1.341 advA2B=0.422 advB2A=0.503 cycA=0.100 cycB=0.109 idtA=0.162 idtB=0.151 D_A=0.165 D_B=0.188 D_A(real)=0.82 D_A(fake)=0.18 gnG=16.28 gnD=9.30 it_per_s=4.51
2026-10-04 01:42:23,070 INFO iter=707100 epoch=101 lr=3.53e-05 G=1.341 advA2B=0.421 advB2A=0.503 cycA=0.100 cycB=0.109 idtA=0.162 idtB=0.151 D_A=0.165 D_B=0.188 D_A(real)=0.82 D_A(fake)=0.18 gnG=16.31 gnD=9.28 it_per_s=4.51
2026-10-04 01:42:44,457 INFO iter=707200 epoch=101 lr=3.52e-05 G=1.341 advA2B=0.422 advB2A=0.503 cycA=0.100 cycB=0.109 idtA=0.162 idtB=0.151 D_A=0.165 D_B=0.188 D_A(real)=0.82 D_A(fake)=0.18 gnG=16.33 gnD=9.28 it_per_s=4.52
2026-10-04 01:43:05,890 INFO iter=707300 epoch=101 lr=3.50e-05 G=1.340 advA2B=0.422 advB2A=0.502 cycA=0.100 cycB=0.108 idtA=0.162 idtB=0.151 D_A=0.165 D_B=0.188 D_A(real)=0.82 D_A(fake)=0.18 gnG=16.35 gnD=9.27 it_per_s=4.52
2026-10-04 01:43:27,226 INFO iter=707400 epoch=101 lr=3.49e-05 G=1.342 advA2B=0.423 advB2A=0.503 cycA=0.100 cycB=0.108 idtA=0.162 idtB=0.151 D_A=0.165 D_B=0.188 D_A(real)=0.82 D_A(fake)=0.18 gnG=16.35 gnD=9.28 it_per_s=4.53
2026-10-04 01:43:48,701 INFO iter=707500 epoch=101 lr=3.47e-05 G=1.342 advA2B=0.424 advB2A=0.503 cycA=0.100 cycB=0.108 idtA=0.162 idtB=0.150 D_A=0.165 D_B=0.188 D_A(real)=0.82 D_A(fake)=0.18 gnG=16.36 gnD=9.29 it_per_s=4.53
2026-10-04 01:44:10,091 INFO iter=707600 epoch=101 lr=3.46e-05 G=1.343 advA2B=0.424 advB2A=0.503 cycA=0.100 cycB=0.108 idtA=0.161 idtB=0.151 D_A=0.164 D_B=0.188 D_A(real)=0.82 D_A(fake)=0.18 gnG=16.35 gnD=9.30 it_per_s=4.53
2026-10-04 01:44:31,520 INFO iter=707700 epoch=101 lr=3.45e-05 G=1.343 advA2B=0.424 advB2A=0.504 cycA=0.100 cycB=0.108 idtA=0.161 idtB=0.151 D_A=0.164 D_B=0.187 D_A(real)=0.82 D_A(fake)=0.18 gnG=16.41 gnD=9.29 it_per_s=4.54
2026-10-04 01:44:52,938 INFO iter=707800 epoch=101 lr=3.43e-05 G=1.343 advA2B=0.424 advB2A=0.503 cycA=0.100 cycB=0.108 idtA=0.162 idtB=0.151 D_A=0.165 D_B=0.187 D_A(real)=0.82 D_A(fake)=0.18 gnG=16.42 gnD=9.29 it_per_s=4.54
2026-10-04 01:45:14,344 INFO iter=707900 epoch=101 lr=3.42e-05 G=1.344 advA2B=0.425 advB2A=0.503 cycA=0.100 cycB=0.108 idtA=0.162 idtB=0.151 D_A=0.165 D_B=0.187 D_A(real)=0.82 D_A(fake)=0.18 gnG=16.39 gnD=9.29 it_per_s=4.54
2026-10-04 01:45:35,755 INFO iter=708000 epoch=101 lr=3.40e-05 G=1.344 advA2B=0.425 advB2A=0.503 cycA=0.100 cycB=0.108 idtA=0.162 idtB=0.150 D_A=0.165 D_B=0.188 D_A(real)=0.82 D_A(fake)=0.18 gnG=16.40 gnD=9.29 it_per_s=4.55
2026-10-04 01:45:57,154 INFO iter=708100 epoch=101 lr=3.39e-05 G=1.344 advA2B=0.426 advB2A=0.503 cycA=0.100 cycB=0.108 idtA=0.162 idtB=0.150 D_A=0.165 D_B=0.187 D_A(real)=0.82 D_A(fake)=0.18 gnG=16.43 gnD=9.29 it_per_s=4.55
2026-10-04 01:46:18,562 INFO iter=708200 epoch=101 lr=3.37e-05 G=1.345 advA2B=0.426 advB2A=0.503 cycA=0.100 cycB=0.108 idtA=0.162 idtB=0.150 D_A=0.165 D_B=0.187 D_A(real)=0.82 D_A(fake)=0.18 gnG=16.43 gnD=9.29 it_per_s=4.55
2026-10-04 01:46:39,522 INFO iter=708300 epoch=101 lr=3.36e-05 G=1.346 advA2B=0.426 advB2A=0.504 cycA=0.100 cycB=0.108 idtA=0.162 idtB=0.150 D_A=0.165 D_B=0.187 D_A(real)=0.82 D_A(fake)=0.18 gnG=16.45 gnD=9.29 it_per_s=4.56
2026-10-04 01:47:00,990 INFO iter=708400 epoch=101 lr=3.35e-05 G=1.346 advA2B=0.427 advB2A=0.504 cycA=0.100 cycB=0.108 idtA=0.163 idtB=0.150 D_A=0.164 D_B=0.187 D_A(real)=0.82 D_A(fake)=0.18 gnG=16.43 gnD=9.29 it_per_s=4.56
2026-10-04 01:47:22,398 INFO iter=708500 epoch=101 lr=3.33e-05 G=1.347 advA2B=0.427 advB2A=0.504 cycA=0.100 cycB=0.108 idtA=0.163 idtB=0.149 D_A=0.164 D_B=0.187 D_A(real)=0.82 D_A(fake)=0.18 gnG=16.47 gnD=9.29 it_per_s=4.56
2026-10-04 01:47:43,810 INFO iter=708600 epoch=101 lr=3.32e-05 G=1.347 advA2B=0.427 advB2A=0.504 cycA=0.100 cycB=0.108 idtA=0.163 idtB=0.149 D_A=0.164 D_B=0.187 D_A(real)=0.82 D_A(fake)=0.18 gnG=16.47 gnD=9.29 it_per_s=4.56
2026-10-04 01:48:05,218 INFO iter=708700 epoch=101 lr=3.30e-05 G=1.346 advA2B=0.427 advB2A=0.504 cycA=0.100 cycB=0.108 idtA=0.163 idtB=0.149 D_A=0.164 D_B=0.187 D_A(real)=0.82 D_A(fake)=0.18 gnG=16.45 gnD=9.29 it_per_s=4.57
2026-10-04 01:48:26,590 INFO iter=708800 epoch=101 lr=3.29e-05 G=1.345 advA2B=0.427 advB2A=0.503 cycA=0.100 cycB=0.108 idtA=0.163 idtB=0.149 D_A=0.164 D_B=0.187 D_A(real)=0.82 D_A(fake)=0.18 gnG=16.46 gnD=9.29 it_per_s=4.57
2026-10-04 01:48:47,989 INFO iter=708900 epoch=101 lr=3.28e-05 G=1.345 advA2B=0.427 advB2A=0.503 cycA=0.100 cycB=0.108 idtA=0.163 idtB=0.149 D_A=0.164 D_B=0.187 D_A(real)=0.82 D_A(fake)=0.18 gnG=16.48 gnD=9.29 it_per_s=4.57
2026-10-04 01:49:09,452 INFO iter=709000 epoch=101 lr=3.26e-05 G=1.345 advA2B=0.427 advB2A=0.503 cycA=0.100 cycB=0.108 idtA=0.163 idtB=0.149 D_A=0.164 D_B=0.187 D_A(real)=0.82 D_A(fake)=0.18 gnG=16.53 gnD=9.29 it_per_s=4.57
2026-10-04 01:49:30,831 INFO iter=709100 epoch=101 lr=3.25e-05 G=1.345 advA2B=0.427 advB2A=0.502 cycA=0.100 cycB=0.108 idtA=0.163 idtB=0.149 D_A=0.164 D_B=0.187 D_A(real)=0.82 D_A(fake)=0.18 gnG=16.54 gnD=9.30 it_per_s=4.57
2026-10-04 01:49:52,236 INFO iter=709200 epoch=101 lr=3.23e-05 G=1.345 advA2B=0.428 advB2A=0.502 cycA=0.100 cycB=0.108 idtA=0.163 idtB=0.149 D_A=0.164 D_B=0.187 D_A(real)=0.82 D_A(fake)=0.18 gnG=16.58 gnD=9.30 it_per_s=4.57
2026-10-04 01:50:13,645 INFO iter=709300 epoch=101 lr=3.22e-05 G=1.345 advA2B=0.428 advB2A=0.502 cycA=0.100 cycB=0.108 idtA=0.164 idtB=0.149 D_A=0.164 D_B=0.187 D_A(real)=0.82 D_A(fake)=0.18 gnG=16.54 gnD=9.30 it_per_s=4.58
2026-10-04 01:50:35,012 INFO iter=709400 epoch=101 lr=3.20e-05 G=1.344 advA2B=0.427 advB2A=0.502 cycA=0.100 cycB=0.108 idtA=0.164 idtB=0.149 D_A=0.164 D_B=0.187 D_A(real)=0.82 D_A(fake)=0.18 gnG=16.56 gnD=9.31 it_per_s=4.58
2026-10-04 01:50:56,401 INFO iter=709500 epoch=101 lr=3.19e-05 G=1.344 advA2B=0.427 advB2A=0.502 cycA=0.100 cycB=0.108 idtA=0.164 idtB=0.149 D_A=0.164 D_B=0.187 D_A(real)=0.82 D_A(fake)=0.18 gnG=16.60 gnD=9.30 it_per_s=4.58
2026-10-04 01:51:17,773 INFO iter=709600 epoch=101 lr=3.18e-05 G=1.344 advA2B=0.427 advB2A=0.502 cycA=0.100 cycB=0.108 idtA=0.164 idtB=0.149 D_A=0.164 D_B=0.187 D_A(real)=0.82 D_A(fake)=0.18 gnG=16.59 gnD=9.32 it_per_s=4.58
2026-10-04 01:51:39,183 INFO iter=709700 epoch=101 lr=3.16e-05 G=1.344 advA2B=0.427 advB2A=0.502 cycA=0.100 cycB=0.108 idtA=0.164 idtB=0.149 D_A=0.164 D_B=0.187 D_A(real)=0.82 D_A(fake)=0.18 gnG=16.59 gnD=9.32 it_per_s=4.58
2026-10-04 01:52:00,594 INFO iter=709800 epoch=101 lr=3.15e-05 G=1.345 advA2B=0.427 advB2A=0.502 cycA=0.100 cycB=0.108 idtA=0.164 idtB=0.149 D_A=0.164 D_B=0.187 D_A(real)=0.82 D_A(fake)=0.18 gnG=16.62 gnD=9.32 it_per_s=4.58
2026-10-04 01:52:21,992 INFO iter=709900 epoch=101 lr=3.13e-05 G=1.345 advA2B=0.427 advB2A=0.503 cycA=0.100 cycB=0.108 idtA=0.164 idtB=0.149 D_A=0.164 D_B=0.187 D_A(real)=0.82 D_A(fake)=0.18 gnG=16.61 gnD=9.32 it_per_s=4.59
2026-10-04 01:52:43,396 INFO iter=710000 epoch=101 lr=3.12e-05 G=1.345 advA2B=0.427 advB2A=0.503 cycA=0.100 cycB=0.108 idtA=0.164 idtB=0.149 D_A=0.164 D_B=0.187 D_A(real)=0.82 D_A(fake)=0.18 gnG=16.58 gnD=9.33 it_per_s=4.59
2026-10-04 01:53:04,791 INFO iter=710100 epoch=101 lr=3.11e-05 G=1.345 advA2B=0.428 advB2A=0.503 cycA=0.100 cycB=0.108 idtA=0.164 idtB=0.149 D_A=0.164 D_B=0.187 D_A(real)=0.82 D_A(fake)=0.18 gnG=16.57 gnD=9.34 it_per_s=4.59
2026-10-04 01:53:26,198 INFO iter=710200 epoch=101 lr=3.09e-05 G=1.346 advA2B=0.428 advB2A=0.503 cycA=0.100 cycB=0.108 idtA=0.164 idtB=0.149 D_A=0.164 D_B=0.187 D_A(real)=0.82 D_A(fake)=0.18 gnG=16.56 gnD=9.33 it_per_s=4.59
2026-10-04 01:53:47,601 INFO iter=710300 epoch=101 lr=3.08e-05 G=1.346 advA2B=0.428 advB2A=0.503 cycA=0.100 cycB=0.108 idtA=0.164 idtB=0.149 D_A=0.164 D_B=0.187 D_A(real)=0.82 D_A(fake)=0.18 gnG=16.59 gnD=9.34 it_per_s=4.59
2026-10-04 01:54:09,056 INFO iter=710400 epoch=101 lr=3.06e-05 G=1.346 advA2B=0.428 advB2A=0.503 cycA=0.100 cycB=0.108 idtA=0.164 idtB=0.149 D_A=0.164 D_B=0.187 D_A(real)=0.82 D_A(fake)=0.18 gnG=16.58 gnD=9.34 it_per_s=4.59
2026-10-04 01:54:30,519 INFO iter=710500 epoch=101 lr=3.05e-05 G=1.346 advA2B=0.428 advB2A=0.503 cycA=0.100 cycB=0.108 idtA=0.164 idtB=0.149 D_A=0.164 D_B=0.187 D_A(real)=0.82 D_A(fake)=0.18 gnG=16.60 gnD=9.34 it_per_s=4.59
2026-10-04 01:54:51,911 INFO iter=710600 epoch=101 lr=3.03e-05 G=1.346 advA2B=0.428 advB2A=0.503 cycA=0.100 cycB=0.107 idtA=0.164 idtB=0.149 D_A=0.164 D_B=0.187 D_A(real)=0.82 D_A(fake)=0.18 gnG=16.61 gnD=9.33 it_per_s=4.59
2026-10-04 01:55:13,337 INFO iter=710700 epoch=101 lr=3.02e-05 G=1.346 advA2B=0.428 advB2A=0.503 cycA=0.100 cycB=0.108 idtA=0.164 idtB=0.149 D_A=0.164 D_B=0.187 D_A(real)=0.82 D_A(fake)=0.18 gnG=16.59 gnD=9.33 it_per_s=4.60
2026-10-04 01:55:34,760 INFO iter=710800 epoch=101 lr=3.01e-05 G=1.346 advA2B=0.428 advB2A=0.503 cycA=0.100 cycB=0.108 idtA=0.164 idtB=0.149 D_A=0.164 D_B=0.187 D_A(real)=0.82 D_A(fake)=0.18 gnG=16.59 gnD=9.33 it_per_s=4.60
2026-10-04 01:55:42,912 INFO epoch=101 done time_s=1531 it_per_s=4.60 G=1.346 cycA=0.100 cycB=0.107 idtA=0.164 idtB=0.148 D_A=0.164 D_B=0.187 D_A(real)=0.82 D_A(fake)=0.18 nan_count=0
2026-10-04 01:55:57,022 INFO iter=710900 epoch=102 lr=2.99e-05 G=1.340 advA2B=0.418 advB2A=0.512 cycA=0.102 cycB=0.103 idtA=0.156 idtB=0.126 D_A=0.166 D_B=0.188 D_A(real)=0.82 D_A(fake)=0.19 gnG=16.04 gnD=9.23 it_per_s=4.69
2026-10-04 01:56:18,424 INFO iter=711000 epoch=102 lr=2.98e-05 G=1.331 advA2B=0.419 advB2A=0.503 cycA=0.099 cycB=0.106 idtA=0.157 idtB=0.136 D_A=0.162 D_B=0.187 D_A(real)=0.82 D_A(fake)=0.18 gnG=16.01 gnD=9.59 it_per_s=4.68
2026-10-04 01:56:40,018 INFO iter=711100 epoch=102 lr=2.96e-05 G=1.328 advA2B=0.421 advB2A=0.503 cycA=0.098 cycB=0.104 idtA=0.163 idtB=0.138 D_A=0.161 D_B=0.186 D_A(real)=0.82 D_A(fake)=0.18 gnG=16.30 gnD=9.59 it_per_s=4.66
2026-10-04 01:57:01,496 INFO iter=711200 epoch=102 lr=2.95e-05 G=1.343 advA2B=0.430 advB2A=0.505 cycA=0.099 cycB=0.106 idtA=0.163 idtB=0.142 D_A=0.162 D_B=0.186 D_A(real)=0.82 D_A(fake)=0.18 gnG=16.74 gnD=9.57 it_per_s=4.66
2026-10-04 01:57:22,969 INFO iter=711300 epoch=102 lr=2.93e-05 G=1.343 advA2B=0.431 advB2A=0.503 cycA=0.099 cycB=0.105 idtA=0.163 idtB=0.142 D_A=0.163 D_B=0.186 D_A(real)=0.82 D_A(fake)=0.18 gnG=16.55 gnD=9.56 it_per_s=4.66
2026-10-04 01:57:44,431 INFO iter=711400 epoch=102 lr=2.92e-05 G=1.346 advA2B=0.437 advB2A=0.503 cycA=0.098 cycB=0.105 idtA=0.162 idtB=0.143 D_A=0.162 D_B=0.185 D_A(real)=0.82 D_A(fake)=0.18 gnG=16.63 gnD=9.56 it_per_s=4.66
2026-10-04 01:58:05,854 INFO iter=711500 epoch=102 lr=2.91e-05 G=1.346 advA2B=0.435 advB2A=0.505 cycA=0.098 cycB=0.105 idtA=0.162 idtB=0.144 D_A=0.162 D_B=0.185 D_A(real)=0.82 D_A(fake)=0.18 gnG=17.10 gnD=9.58 it_per_s=4.66
2026-10-04 01:58:27,353 INFO iter=711600 epoch=102 lr=2.89e-05 G=1.347 advA2B=0.434 advB2A=0.506 cycA=0.098 cycB=0.105 idtA=0.163 idtB=0.144 D_A=0.161 D_B=0.186 D_A(real)=0.83 D_A(fake)=0.17 gnG=16.95 gnD=9.61 it_per_s=4.66
2026-10-04 01:58:48,780 INFO iter=711700 epoch=102 lr=2.88e-05 G=1.345 advA2B=0.432 advB2A=0.506 cycA=0.098 cycB=0.105 idtA=0.163 idtB=0.144 D_A=0.162 D_B=0.186 D_A(real)=0.83 D_A(fake)=0.17 gnG=16.78 gnD=9.62 it_per_s=4.66
2026-10-04 01:59:10,197 INFO iter=711800 epoch=102 lr=2.86e-05 G=1.347 advA2B=0.433 advB2A=0.507 cycA=0.098 cycB=0.105 idtA=0.162 idtB=0.143 D_A=0.162 D_B=0.186 D_A(real)=0.82 D_A(fake)=0.18 gnG=16.80 gnD=9.59 it_per_s=4.66
2026-10-04 01:59:31,601 INFO iter=711900 epoch=102 lr=2.85e-05 G=1.345 advA2B=0.430 advB2A=0.508 cycA=0.098 cycB=0.105 idtA=0.162 idtB=0.144 D_A=0.162 D_B=0.186 D_A(real)=0.82 D_A(fake)=0.18 gnG=16.72 gnD=9.58 it_per_s=4.66
2026-10-04 01:59:53,036 INFO iter=712000 epoch=102 lr=2.84e-05 G=1.344 advA2B=0.430 advB2A=0.506 cycA=0.098 cycB=0.106 idtA=0.161 idtB=0.144 D_A=0.161 D_B=0.186 D_A(real)=0.82 D_A(fake)=0.18 gnG=16.87 gnD=9.58 it_per_s=4.66
2026-10-04 02:00:14,471 INFO iter=712100 epoch=102 lr=2.82e-05 G=1.342 advA2B=0.429 advB2A=0.505 cycA=0.098 cycB=0.106 idtA=0.161 idtB=0.145 D_A=0.161 D_B=0.186 D_A(real)=0.83 D_A(fake)=0.17 gnG=16.72 gnD=9.57 it_per_s=4.66
2026-10-04 02:00:35,887 INFO iter=712200 epoch=102 lr=2.81e-05 G=1.340 advA2B=0.428 advB2A=0.504 cycA=0.098 cycB=0.106 idtA=0.161 idtB=0.145 D_A=0.160 D_B=0.186 D_A(real)=0.83 D_A(fake)=0.17 gnG=16.80 gnD=9.57 it_per_s=4.66
2026-10-04 02:00:57,339 INFO iter=712300 epoch=102 lr=2.79e-05 G=1.341 advA2B=0.428 advB2A=0.504 cycA=0.098 cycB=0.106 idtA=0.161 idtB=0.146 D_A=0.160 D_B=0.186 D_A(real)=0.83 D_A(fake)=0.17 gnG=16.84 gnD=9.54 it_per_s=4.66
2026-10-04 02:01:18,757 INFO iter=712400 epoch=102 lr=2.78e-05 G=1.338 advA2B=0.427 advB2A=0.503 cycA=0.098 cycB=0.106 idtA=0.162 idtB=0.146 D_A=0.160 D_B=0.186 D_A(real)=0.83 D_A(fake)=0.17 gnG=16.77 gnD=9.52 it_per_s=4.66
2026-10-04 02:01:40,152 INFO iter=712500 epoch=102 lr=2.76e-05 G=1.342 advA2B=0.427 advB2A=0.506 cycA=0.098 cycB=0.107 idtA=0.161 idtB=0.146 D_A=0.160 D_B=0.186 D_A(real)=0.83 D_A(fake)=0.17 gnG=16.90 gnD=9.55 it_per_s=4.66
2026-10-04 02:02:01,531 INFO iter=712600 epoch=102 lr=2.75e-05 G=1.340 advA2B=0.426 advB2A=0.505 cycA=0.098 cycB=0.107 idtA=0.161 idtB=0.146 D_A=0.160 D_B=0.186 D_A(real)=0.83 D_A(fake)=0.17 gnG=16.97 gnD=9.54 it_per_s=4.66
2026-10-04 02:02:22,896 INFO iter=712700 epoch=102 lr=2.74e-05 G=1.343 advA2B=0.426 advB2A=0.507 cycA=0.098 cycB=0.107 idtA=0.162 idtB=0.147 D_A=0.160 D_B=0.186 D_A(real)=0.83 D_A(fake)=0.17 gnG=16.98 gnD=9.54 it_per_s=4.67
2026-10-04 02:02:44,300 INFO iter=712800 epoch=102 lr=2.72e-05 G=1.344 advA2B=0.427 advB2A=0.507 cycA=0.098 cycB=0.107 idtA=0.162 idtB=0.147 D_A=0.160 D_B=0.186 D_A(real)=0.83 D_A(fake)=0.17 gnG=17.05 gnD=9.53 it_per_s=4.67
2026-10-04 02:03:05,654 INFO iter=712900 epoch=102 lr=2.71e-05 G=1.344 advA2B=0.428 advB2A=0.506 cycA=0.098 cycB=0.107 idtA=0.162 idtB=0.147 D_A=0.160 D_B=0.186 D_A(real)=0.83 D_A(fake)=0.17 gnG=17.11 gnD=9.54 it_per_s=4.67
2026-10-04 02:03:27,014 INFO iter=713000 epoch=102 lr=2.69e-05 G=1.343 advA2B=0.429 advB2A=0.505 cycA=0.098 cycB=0.107 idtA=0.162 idtB=0.147 D_A=0.160 D_B=0.186 D_A(real)=0.83 D_A(fake)=0.17 gnG=17.25 gnD=9.52 it_per_s=4.67
2026-10-04 02:03:48,412 INFO iter=713100 epoch=102 lr=2.68e-05 G=1.343 advA2B=0.428 advB2A=0.505 cycA=0.098 cycB=0.107 idtA=0.163 idtB=0.147 D_A=0.161 D_B=0.186 D_A(real)=0.82 D_A(fake)=0.18 gnG=17.26 gnD=9.51 it_per_s=4.67
2026-10-04 02:04:09,806 INFO iter=713200 epoch=102 lr=2.66e-05 G=1.343 advA2B=0.428 advB2A=0.505 cycA=0.098 cycB=0.107 idtA=0.163 idtB=0.147 D_A=0.161 D_B=0.186 D_A(real)=0.82 D_A(fake)=0.18 gnG=17.22 gnD=9.52 it_per_s=4.67
2026-10-04 02:04:31,217 INFO iter=713300 epoch=102 lr=2.65e-05 G=1.345 advA2B=0.429 advB2A=0.505 cycA=0.098 cycB=0.107 idtA=0.163 idtB=0.148 D_A=0.161 D_B=0.186 D_A(real)=0.82 D_A(fake)=0.18 gnG=17.28 gnD=9.51 it_per_s=4.67
2026-10-04 02:04:52,600 INFO iter=713400 epoch=102 lr=2.64e-05 G=1.343 advA2B=0.429 advB2A=0.504 cycA=0.098 cycB=0.107 idtA=0.163 idtB=0.149 D_A=0.161 D_B=0.186 D_A(real)=0.82 D_A(fake)=0.18 gnG=17.29 gnD=9.51 it_per_s=4.67
2026-10-04 02:05:14,005 INFO iter=713500 epoch=102 lr=2.62e-05 G=1.343 advA2B=0.429 advB2A=0.504 cycA=0.098 cycB=0.107 idtA=0.162 idtB=0.149 D_A=0.161 D_B=0.187 D_A(real)=0.82 D_A(fake)=0.18 gnG=17.37 gnD=9.51 it_per_s=4.67
2026-10-04 02:05:35,406 INFO iter=713600 epoch=102 lr=2.61e-05 G=1.344 advA2B=0.429 advB2A=0.505 cycA=0.098 cycB=0.107 idtA=0.162 idtB=0.150 D_A=0.161 D_B=0.187 D_A(real)=0.83 D_A(fake)=0.18 gnG=17.34 gnD=9.50 it_per_s=4.67
2026-10-04 02:05:56,853 INFO iter=713700 epoch=102 lr=2.59e-05 G=1.344 advA2B=0.429 advB2A=0.505 cycA=0.098 cycB=0.107 idtA=0.162 idtB=0.149 D_A=0.161 D_B=0.186 D_A(real)=0.83 D_A(fake)=0.17 gnG=17.32 gnD=9.48 it_per_s=4.67
2026-10-04 02:06:18,238 INFO iter=713800 epoch=102 lr=2.58e-05 G=1.344 advA2B=0.430 advB2A=0.504 cycA=0.098 cycB=0.107 idtA=0.162 idtB=0.149 D_A=0.161 D_B=0.186 D_A(real)=0.82 D_A(fake)=0.18 gnG=17.29 gnD=9.46 it_per_s=4.67
2026-10-04 02:06:39,617 INFO iter=713900 epoch=102 lr=2.57e-05 G=1.343 advA2B=0.430 advB2A=0.503 cycA=0.098 cycB=0.107 idtA=0.162 idtB=0.149 D_A=0.161 D_B=0.186 D_A(real)=0.82 D_A(fake)=0.18 gnG=17.41 gnD=9.45 it_per_s=4.67
2026-10-04 02:07:01,059 INFO iter=714000 epoch=102 lr=2.55e-05 G=1.344 advA2B=0.431 advB2A=0.503 cycA=0.098 cycB=0.107 idtA=0.162 idtB=0.149 D_A=0.161 D_B=0.186 D_A(real)=0.82 D_A(fake)=0.18 gnG=17.36 gnD=9.45 it_per_s=4.67
2026-10-04 02:07:22,444 INFO iter=714100 epoch=102 lr=2.54e-05 G=1.344 advA2B=0.430 advB2A=0.503 cycA=0.098 cycB=0.107 idtA=0.162 idtB=0.149 D_A=0.161 D_B=0.186 D_A(real)=0.82 D_A(fake)=0.18 gnG=17.38 gnD=9.45 it_per_s=4.67
2026-10-04 02:07:43,815 INFO iter=714200 epoch=102 lr=2.52e-05 G=1.345 advA2B=0.431 advB2A=0.504 cycA=0.098 cycB=0.107 idtA=0.162 idtB=0.149 D_A=0.160 D_B=0.186 D_A(real)=0.82 D_A(fake)=0.18 gnG=17.38 gnD=9.44 it_per_s=4.67
2026-10-04 02:08:05,212 INFO iter=714300 epoch=102 lr=2.51e-05 G=1.345 advA2B=0.432 advB2A=0.503 cycA=0.098 cycB=0.107 idtA=0.162 idtB=0.149 D_A=0.160 D_B=0.186 D_A(real)=0.82 D_A(fake)=0.18 gnG=17.39 gnD=9.44 it_per_s=4.67
2026-10-04 02:08:26,614 INFO iter=714400 epoch=102 lr=2.49e-05 G=1.346 advA2B=0.432 advB2A=0.503 cycA=0.098 cycB=0.107 idtA=0.162 idtB=0.149 D_A=0.160 D_B=0.186 D_A(real)=0.83 D_A(fake)=0.18 gnG=17.43 gnD=9.45 it_per_s=4.67
2026-10-04 02:08:47,999 INFO iter=714500 epoch=102 lr=2.48e-05 G=1.345 advA2B=0.432 advB2A=0.503 cycA=0.098 cycB=0.107 idtA=0.161 idtB=0.149 D_A=0.160 D_B=0.186 D_A(real)=0.83 D_A(fake)=0.17 gnG=17.42 gnD=9.43 it_per_s=4.67
2026-10-04 02:09:09,348 INFO iter=714600 epoch=102 lr=2.47e-05 G=1.345 advA2B=0.431 advB2A=0.503 cycA=0.098 cycB=0.107 idtA=0.161 idtB=0.148 D_A=0.160 D_B=0.186 D_A(real)=0.82 D_A(fake)=0.18 gnG=17.39 gnD=9.42 it_per_s=4.67
2026-10-04 02:09:30,745 INFO iter=714700 epoch=102 lr=2.45e-05 G=1.344 advA2B=0.431 advB2A=0.504 cycA=0.098 cycB=0.107 idtA=0.161 idtB=0.148 D_A=0.160 D_B=0.186 D_A(real)=0.82 D_A(fake)=0.18 gnG=17.37 gnD=9.42 it_per_s=4.67
2026-10-04 02:09:52,122 INFO iter=714800 epoch=102 lr=2.44e-05 G=1.343 advA2B=0.430 advB2A=0.504 cycA=0.098 cycB=0.106 idtA=0.161 idtB=0.148 D_A=0.160 D_B=0.186 D_A(real)=0.82 D_A(fake)=0.18 gnG=17.35 gnD=9.44 it_per_s=4.67
2026-10-04 02:10:13,057 INFO iter=714900 epoch=102 lr=2.42e-05 G=1.343 advA2B=0.430 advB2A=0.504 cycA=0.098 cycB=0.106 idtA=0.161 idtB=0.148 D_A=0.160 D_B=0.186 D_A(real)=0.83 D_A(fake)=0.18 gnG=17.35 gnD=9.45 it_per_s=4.67
2026-10-04 02:10:34,520 INFO iter=715000 epoch=102 lr=2.41e-05 G=1.343 advA2B=0.430 advB2A=0.504 cycA=0.098 cycB=0.106 idtA=0.161 idtB=0.148 D_A=0.160 D_B=0.186 D_A(real)=0.82 D_A(fake)=0.18 gnG=17.34 gnD=9.45 it_per_s=4.67
2026-10-04 02:10:55,933 INFO iter=715100 epoch=102 lr=2.39e-05 G=1.343 advA2B=0.430 advB2A=0.504 cycA=0.098 cycB=0.106 idtA=0.161 idtB=0.148 D_A=0.160 D_B=0.186 D_A(real)=0.82 D_A(fake)=0.18 gnG=17.37 gnD=9.45 it_per_s=4.67
2026-10-04 02:11:17,352 INFO iter=715200 epoch=102 lr=2.38e-05 G=1.342 advA2B=0.430 advB2A=0.504 cycA=0.098 cycB=0.106 idtA=0.161 idtB=0.148 D_A=0.160 D_B=0.186 D_A(real)=0.82 D_A(fake)=0.18 gnG=17.37 gnD=9.44 it_per_s=4.67
2026-10-04 02:11:38,690 INFO iter=715300 epoch=102 lr=2.37e-05 G=1.342 advA2B=0.430 advB2A=0.504 cycA=0.098 cycB=0.106 idtA=0.161 idtB=0.148 D_A=0.160 D_B=0.186 D_A(real)=0.82 D_A(fake)=0.18 gnG=17.36 gnD=9.45 it_per_s=4.67
2026-10-04 02:12:00,068 INFO iter=715400 epoch=102 lr=2.35e-05 G=1.343 advA2B=0.430 advB2A=0.505 cycA=0.098 cycB=0.106 idtA=0.161 idtB=0.148 D_A=0.160 D_B=0.186 D_A(real)=0.82 D_A(fake)=0.18 gnG=17.39 gnD=9.46 it_per_s=4.67
2026-10-04 02:12:21,449 INFO iter=715500 epoch=102 lr=2.34e-05 G=1.342 advA2B=0.429 advB2A=0.504 cycA=0.098 cycB=0.106 idtA=0.161 idtB=0.148 D_A=0.160 D_B=0.186 D_A(real)=0.82 D_A(fake)=0.18 gnG=17.44 gnD=9.45 it_per_s=4.67
2026-10-04 02:12:42,861 INFO iter=715600 epoch=102 lr=2.32e-05 G=1.343 advA2B=0.430 advB2A=0.505 cycA=0.098 cycB=0.106 idtA=0.161 idtB=0.148 D_A=0.160 D_B=0.186 D_A(real)=0.82 D_A(fake)=0.18 gnG=17.48 gnD=9.45 it_per_s=4.67
2026-10-04 02:13:04,324 INFO iter=715700 epoch=102 lr=2.31e-05 G=1.343 advA2B=0.429 advB2A=0.505 cycA=0.098 cycB=0.106 idtA=0.162 idtB=0.148 D_A=0.160 D_B=0.186 D_A(real)=0.82 D_A(fake)=0.18 gnG=17.47 gnD=9.45 it_per_s=4.67
2026-10-04 02:13:25,666 INFO iter=715800 epoch=102 lr=2.30e-05 G=1.344 advA2B=0.430 advB2A=0.506 cycA=0.099 cycB=0.106 idtA=0.161 idtB=0.148 D_A=0.160 D_B=0.186 D_A(real)=0.82 D_A(fake)=0.18 gnG=17.49 gnD=9.47 it_per_s=4.67
2026-10-04 02:13:47,083 INFO iter=715900 epoch=102 lr=2.28e-05 G=1.344 advA2B=0.429 advB2A=0.506 cycA=0.099 cycB=0.106 idtA=0.161 idtB=0.148 D_A=0.160 D_B=0.186 D_A(real)=0.82 D_A(fake)=0.18 gnG=17.56 gnD=9.48 it_per_s=4.67
2026-10-04 02:14:08,486 INFO iter=716000 epoch=102 lr=2.27e-05 G=1.344 advA2B=0.430 advB2A=0.506 cycA=0.099 cycB=0.106 idtA=0.161 idtB=0.148 D_A=0.160 D_B=0.186 D_A(real)=0.82 D_A(fake)=0.18 gnG=17.60 gnD=9.48 it_per_s=4.67
2026-10-04 02:14:29,893 INFO iter=716100 epoch=102 lr=2.25e-05 G=1.344 advA2B=0.430 advB2A=0.506 cycA=0.099 cycB=0.106 idtA=0.161 idtB=0.148 D_A=0.160 D_B=0.186 D_A(real)=0.82 D_A(fake)=0.18 gnG=17.64 gnD=9.49 it_per_s=4.67
2026-10-04 02:14:51,268 INFO iter=716200 epoch=102 lr=2.24e-05 G=1.344 advA2B=0.429 advB2A=0.506 cycA=0.099 cycB=0.106 idtA=0.161 idtB=0.148 D_A=0.160 D_B=0.186 D_A(real)=0.82 D_A(fake)=0.18 gnG=17.65 gnD=9.50 it_per_s=4.67
2026-10-04 02:15:12,649 INFO iter=716300 epoch=102 lr=2.22e-05 G=1.343 advA2B=0.429 advB2A=0.506 cycA=0.099 cycB=0.106 idtA=0.162 idtB=0.148 D_A=0.160 D_B=0.186 D_A(real)=0.82 D_A(fake)=0.18 gnG=17.66 gnD=9.51 it_per_s=4.67
2026-10-04 02:15:34,029 INFO iter=716400 epoch=102 lr=2.21e-05 G=1.343 advA2B=0.429 advB2A=0.506 cycA=0.098 cycB=0.106 idtA=0.162 idtB=0.148 D_A=0.160 D_B=0.186 D_A(real)=0.82 D_A(fake)=0.18 gnG=17.71 gnD=9.52 it_per_s=4.67
2026-10-04 02:15:55,424 INFO iter=716500 epoch=102 lr=2.20e-05 G=1.343 advA2B=0.429 advB2A=0.506 cycA=0.098 cycB=0.106 idtA=0.162 idtB=0.148 D_A=0.160 D_B=0.186 D_A(real)=0.82 D_A(fake)=0.18 gnG=17.73 gnD=9.53 it_per_s=4.67
2026-10-04 02:16:16,803 INFO iter=716600 epoch=102 lr=2.18e-05 G=1.343 advA2B=0.428 advB2A=0.506 cycA=0.098 cycB=0.106 idtA=0.161 idtB=0.148 D_A=0.160 D_B=0.186 D_A(real)=0.82 D_A(fake)=0.18 gnG=17.72 gnD=9.53 it_per_s=4.67
2026-10-04 02:16:38,183 INFO iter=716700 epoch=102 lr=2.17e-05 G=1.343 advA2B=0.429 advB2A=0.506 cycA=0.098 cycB=0.106 idtA=0.161 idtB=0.148 D_A=0.160 D_B=0.186 D_A(real)=0.82 D_A(fake)=0.18 gnG=17.74 gnD=9.54 it_per_s=4.67
2026-10-04 02:16:59,585 INFO iter=716800 epoch=102 lr=2.15e-05 G=1.343 advA2B=0.429 advB2A=0.507 cycA=0.098 cycB=0.106 idtA=0.161 idtB=0.148 D_A=0.160 D_B=0.186 D_A(real)=0.82 D_A(fake)=0.18 gnG=17.81 gnD=9.54 it_per_s=4.67
2026-10-04 02:17:20,963 INFO iter=716900 epoch=102 lr=2.14e-05 G=1.343 advA2B=0.429 advB2A=0.507 cycA=0.098 cycB=0.106 idtA=0.161 idtB=0.149 D_A=0.160 D_B=0.186 D_A(real)=0.82 D_A(fake)=0.18 gnG=17.81 gnD=9.54 it_per_s=4.67
2026-10-04 02:17:42,353 INFO iter=717000 epoch=102 lr=2.12e-05 G=1.344 advA2B=0.429 advB2A=0.507 cycA=0.098 cycB=0.106 idtA=0.161 idtB=0.149 D_A=0.160 D_B=0.186 D_A(real)=0.82 D_A(fake)=0.18 gnG=17.83 gnD=9.54 it_per_s=4.67
2026-10-04 02:18:03,725 INFO iter=717100 epoch=102 lr=2.11e-05 G=1.344 advA2B=0.429 advB2A=0.508 cycA=0.098 cycB=0.106 idtA=0.161 idtB=0.149 D_A=0.160 D_B=0.186 D_A(real)=0.82 D_A(fake)=0.18 gnG=17.85 gnD=9.55 it_per_s=4.67
2026-10-04 02:18:25,121 INFO iter=717200 epoch=102 lr=2.10e-05 G=1.345 advA2B=0.429 advB2A=0.508 cycA=0.098 cycB=0.106 idtA=0.162 idtB=0.149 D_A=0.160 D_B=0.186 D_A(real)=0.82 D_A(fake)=0.18 gnG=17.88 gnD=9.55 it_per_s=4.67
2026-10-04 02:18:46,505 INFO iter=717300 epoch=102 lr=2.08e-05 G=1.345 advA2B=0.429 advB2A=0.508 cycA=0.098 cycB=0.106 idtA=0.162 idtB=0.149 D_A=0.159 D_B=0.186 D_A(real)=0.82 D_A(fake)=0.18 gnG=17.87 gnD=9.55 it_per_s=4.67
2026-10-04 02:19:07,922 INFO iter=717400 epoch=102 lr=2.07e-05 G=1.344 advA2B=0.428 advB2A=0.508 cycA=0.098 cycB=0.106 idtA=0.161 idtB=0.149 D_A=0.159 D_B=0.186 D_A(real)=0.82 D_A(fake)=0.18 gnG=17.89 gnD=9.55 it_per_s=4.67
2026-10-04 02:19:29,347 INFO iter=717500 epoch=102 lr=2.05e-05 G=1.344 advA2B=0.428 advB2A=0.508 cycA=0.098 cycB=0.106 idtA=0.162 idtB=0.149 D_A=0.159 D_B=0.186 D_A(real)=0.82 D_A(fake)=0.18 gnG=17.90 gnD=9.56 it_per_s=4.67
2026-10-04 02:19:50,743 INFO iter=717600 epoch=102 lr=2.04e-05 G=1.345 advA2B=0.429 advB2A=0.508 cycA=0.098 cycB=0.106 idtA=0.162 idtB=0.149 D_A=0.159 D_B=0.186 D_A(real)=0.82 D_A(fake)=0.18 gnG=17.93 gnD=9.57 it_per_s=4.67
2026-10-04 02:20:12,148 INFO iter=717700 epoch=102 lr=2.03e-05 G=1.345 advA2B=0.429 advB2A=0.508 cycA=0.098 cycB=0.106 idtA=0.162 idtB=0.149 D_A=0.159 D_B=0.186 D_A(real)=0.83 D_A(fake)=0.18 gnG=17.95 gnD=9.57 it_per_s=4.67
2026-10-04 02:20:33,516 INFO iter=717800 epoch=102 lr=2.01e-05 G=1.345 advA2B=0.429 advB2A=0.508 cycA=0.098 cycB=0.106 idtA=0.162 idtB=0.149 D_A=0.159 D_B=0.186 D_A(real)=0.82 D_A(fake)=0.18 gnG=17.95 gnD=9.57 it_per_s=4.67
2026-10-04 02:20:49,764 INFO epoch=102 done time_s=1506 it_per_s=4.67 G=1.345 cycA=0.098 cycB=0.106 idtA=0.162 idtB=0.149 D_A=0.159 D_B=0.186 D_A(real)=0.82 D_A(fake)=0.18 nan_count=0
2026-10-04 02:20:55,947 INFO iter=717900 epoch=103 lr=2.00e-05 G=1.275 advA2B=0.379 advB2A=0.504 cycA=0.099 cycB=0.097 idtA=0.158 idtB=0.142 D_A=0.148 D_B=0.195 D_A(real)=0.78 D_A(fake)=0.20 gnG=16.11 gnD=10.22 it_per_s=4.66
2026-10-04 02:21:20,810 INFO iter=718000 epoch=103 lr=1.98e-05 G=1.337 advA2B=0.426 advB2A=0.508 cycA=0.098 cycB=0.104 idtA=0.152 idtB=0.146 D_A=0.151 D_B=0.185 D_A(real)=0.83 D_A(fake)=0.17 gnG=17.83 gnD=9.40 it_per_s=4.13
2026-10-04 02:21:45,135 INFO iter=718100 epoch=103 lr=1.97e-05 G=1.350 advA2B=0.435 advB2A=0.510 cycA=0.097 cycB=0.105 idtA=0.157 idtB=0.146 D_A=0.154 D_B=0.184 D_A(real)=0.83 D_A(fake)=0.17 gnG=18.55 gnD=9.70 it_per_s=4.12
2026-10-04 02:22:08,437 INFO iter=718200 epoch=103 lr=1.95e-05 G=1.359 advA2B=0.431 advB2A=0.524 cycA=0.098 cycB=0.104 idtA=0.158 idtB=0.146 D_A=0.153 D_B=0.188 D_A(real)=0.84 D_A(fake)=0.16 gnG=18.99 gnD=9.87 it_per_s=4.17
2026-10-04 02:22:33,804 INFO iter=718300 epoch=103 lr=1.94e-05 G=1.361 advA2B=0.433 advB2A=0.523 cycA=0.098 cycB=0.105 idtA=0.157 idtB=0.147 D_A=0.155 D_B=0.186 D_A(real)=0.83 D_A(fake)=0.17 gnG=18.92 gnD=9.79 it_per_s=4.12
2026-10-04 02:22:58,777 INFO iter=718400 epoch=103 lr=1.93e-05 G=1.372 advA2B=0.433 advB2A=0.533 cycA=0.098 cycB=0.105 idtA=0.160 idtB=0.147 D_A=0.155 D_B=0.186 D_A(real)=0.83 D_A(fake)=0.17 gnG=19.37 gnD=9.74 it_per_s=4.09
2026-10-04 02:23:24,048 INFO iter=718500 epoch=103 lr=1.91e-05 G=1.367 advA2B=0.432 advB2A=0.527 cycA=0.098 cycB=0.106 idtA=0.163 idtB=0.148 D_A=0.155 D_B=0.186 D_A(real)=0.83 D_A(fake)=0.17 gnG=19.40 gnD=9.78 it_per_s=4.07
2026-10-04 02:23:49,293 INFO iter=718600 epoch=103 lr=1.90e-05 G=1.363 advA2B=0.431 advB2A=0.525 cycA=0.099 cycB=0.105 idtA=0.164 idtB=0.146 D_A=0.156 D_B=0.186 D_A(real)=0.83 D_A(fake)=0.17 gnG=19.33 gnD=9.74 it_per_s=4.06
2026-10-04 02:24:13,565 INFO iter=718700 epoch=103 lr=1.88e-05 G=1.363 advA2B=0.433 advB2A=0.524 cycA=0.099 cycB=0.105 idtA=0.164 idtB=0.145 D_A=0.156 D_B=0.186 D_A(real)=0.83 D_A(fake)=0.17 gnG=19.64 gnD=9.72 it_per_s=4.06
2026-10-04 02:24:37,081 INFO iter=718800 epoch=103 lr=1.87e-05 G=1.359 advA2B=0.429 advB2A=0.523 cycA=0.098 cycB=0.105 idtA=0.164 idtB=0.146 D_A=0.156 D_B=0.186 D_A(real)=0.83 D_A(fake)=0.17 gnG=19.43 gnD=9.75 it_per_s=4.08
2026-10-04 02:25:02,212 INFO iter=718900 epoch=103 lr=1.85e-05 G=1.356 advA2B=0.428 advB2A=0.522 cycA=0.099 cycB=0.105 idtA=0.164 idtB=0.146 D_A=0.156 D_B=0.187 D_A(real)=0.83 D_A(fake)=0.17 gnG=19.20 gnD=9.75 it_per_s=4.07
2026-10-04 02:25:23,725 INFO iter=719000 epoch=103 lr=1.84e-05 G=1.353 advA2B=0.428 advB2A=0.519 cycA=0.099 cycB=0.104 idtA=0.165 idtB=0.145 D_A=0.156 D_B=0.186 D_A(real)=0.83 D_A(fake)=0.17 gnG=19.24 gnD=9.75 it_per_s=4.12
2026-10-04 02:25:48,663 INFO iter=719100 epoch=103 lr=1.83e-05 G=1.352 advA2B=0.428 advB2A=0.517 cycA=0.099 cycB=0.105 idtA=0.165 idtB=0.146 D_A=0.156 D_B=0.187 D_A(real)=0.83 D_A(fake)=0.17 gnG=19.21 gnD=9.73 it_per_s=4.11
2026-10-04 02:26:13,607 INFO iter=719200 epoch=103 lr=1.81e-05 G=1.351 advA2B=0.428 advB2A=0.515 cycA=0.099 cycB=0.105 idtA=0.166 idtB=0.145 D_A=0.157 D_B=0.187 D_A(real)=0.83 D_A(fake)=0.17 gnG=19.30 gnD=9.78 it_per_s=4.10
2026-10-04 02:26:37,388 INFO iter=719300 epoch=103 lr=1.80e-05 G=1.351 advA2B=0.427 advB2A=0.516 cycA=0.099 cycB=0.105 idtA=0.165 idtB=0.146 D_A=0.157 D_B=0.187 D_A(real)=0.83 D_A(fake)=0.17 gnG=19.45 gnD=9.76 it_per_s=4.11
2026-10-04 02:27:01,202 INFO iter=719400 epoch=103 lr=1.78e-05 G=1.349 advA2B=0.425 advB2A=0.516 cycA=0.099 cycB=0.105 idtA=0.165 idtB=0.146 D_A=0.158 D_B=0.187 D_A(real)=0.83 D_A(fake)=0.17 gnG=19.25 gnD=9.80 it_per_s=4.11
2026-10-04 02:27:26,490 INFO iter=719500 epoch=103 lr=1.77e-05 G=1.349 advA2B=0.425 advB2A=0.516 cycA=0.099 cycB=0.104 idtA=0.166 idtB=0.146 D_A=0.158 D_B=0.187 D_A(real)=0.83 D_A(fake)=0.17 gnG=19.38 gnD=9.84 it_per_s=4.10
2026-10-04 02:27:51,361 INFO iter=719600 epoch=103 lr=1.76e-05 G=1.349 advA2B=0.425 advB2A=0.516 cycA=0.100 cycB=0.104 idtA=0.165 idtB=0.146 D_A=0.158 D_B=0.187 D_A(real)=0.83 D_A(fake)=0.17 gnG=19.34 gnD=9.83 it_per_s=4.10
2026-10-04 02:28:16,671 INFO iter=719700 epoch=103 lr=1.74e-05 G=1.349 advA2B=0.426 advB2A=0.517 cycA=0.100 cycB=0.104 idtA=0.165 idtB=0.147 D_A=0.158 D_B=0.187 D_A(real)=0.83 D_A(fake)=0.17 gnG=19.42 gnD=9.81 it_per_s=4.09
2026-10-04 02:28:41,538 INFO iter=719800 epoch=103 lr=1.73e-05 G=1.350 advA2B=0.426 advB2A=0.518 cycA=0.100 cycB=0.104 idtA=0.165 idtB=0.147 D_A=0.157 D_B=0.187 D_A(real)=0.83 D_A(fake)=0.17 gnG=19.47 gnD=9.85 it_per_s=4.09
2026-10-04 02:29:05,016 INFO iter=719900 epoch=103 lr=1.71e-05 G=1.348 advA2B=0.425 advB2A=0.517 cycA=0.099 cycB=0.104 idtA=0.164 idtB=0.146 D_A=0.157 D_B=0.187 D_A(real)=0.83 D_A(fake)=0.17 gnG=19.33 gnD=9.88 it_per_s=4.10
2026-10-04 02:29:29,130 INFO iter=720000 epoch=103 lr=1.70e-05 G=1.346 advA2B=0.424 advB2A=0.516 cycA=0.099 cycB=0.104 idtA=0.164 idtB=0.147 D_A=0.157 D_B=0.187 D_A(real)=0.83 D_A(fake)=0.17 gnG=19.31 gnD=9.88 it_per_s=4.10
2026-10-04 02:29:54,459 INFO iter=720100 epoch=103 lr=1.68e-05 G=1.345 advA2B=0.424 advB2A=0.516 cycA=0.099 cycB=0.104 idtA=0.164 idtB=0.147 D_A=0.157 D_B=0.187 D_A(real)=0.83 D_A(fake)=0.17 gnG=19.24 gnD=9.88 it_per_s=4.09
2026-10-04 02:30:19,320 INFO iter=720200 epoch=103 lr=1.67e-05 G=1.345 advA2B=0.424 advB2A=0.515 cycA=0.099 cycB=0.104 idtA=0.163 idtB=0.147 D_A=0.157 D_B=0.187 D_A(real)=0.83 D_A(fake)=0.17 gnG=19.26 gnD=9.87 it_per_s=4.09
2026-10-04 02:30:44,643 INFO iter=720300 epoch=103 lr=1.66e-05 G=1.345 advA2B=0.425 advB2A=0.515 cycA=0.099 cycB=0.104 idtA=0.163 idtB=0.147 D_A=0.158 D_B=0.187 D_A(real)=0.83 D_A(fake)=0.17 gnG=19.30 gnD=9.85 it_per_s=4.08
2026-10-04 02:31:09,654 INFO iter=720400 epoch=103 lr=1.64e-05 G=1.345 advA2B=0.424 advB2A=0.515 cycA=0.099 cycB=0.104 idtA=0.163 idtB=0.147 D_A=0.157 D_B=0.187 D_A(real)=0.83 D_A(fake)=0.17 gnG=19.27 gnD=9.84 it_per_s=4.08
2026-10-04 02:31:32,984 INFO iter=720500 epoch=103 lr=1.63e-05 G=1.347 advA2B=0.425 advB2A=0.516 cycA=0.099 cycB=0.104 idtA=0.163 idtB=0.147 D_A=0.157 D_B=0.187 D_A(real)=0.83 D_A(fake)=0.17 gnG=19.25 gnD=9.82 it_per_s=4.09
2026-10-04 02:31:57,415 INFO iter=720600 epoch=103 lr=1.61e-05 G=1.346 advA2B=0.424 advB2A=0.516 cycA=0.099 cycB=0.104 idtA=0.163 idtB=0.147 D_A=0.157 D_B=0.187 D_A(real)=0.83 D_A(fake)=0.17 gnG=19.28 gnD=9.82 it_per_s=4.09
2026-10-04 02:32:18,926 INFO iter=720700 epoch=103 lr=1.60e-05 G=1.347 advA2B=0.425 advB2A=0.516 cycA=0.099 cycB=0.104 idtA=0.163 idtB=0.147 D_A=0.157 D_B=0.187 D_A(real)=0.83 D_A(fake)=0.17 gnG=19.35 gnD=9.83 it_per_s=4.10
2026-10-04 02:32:40,314 INFO iter=720800 epoch=103 lr=1.58e-05 G=1.346 advA2B=0.424 advB2A=0.517 cycA=0.099 cycB=0.104 idtA=0.163 idtB=0.147 D_A=0.157 D_B=0.187 D_A(real)=0.83 D_A(fake)=0.17 gnG=19.58 gnD=9.84 it_per_s=4.12
2026-10-04 02:33:01,709 INFO iter=720900 epoch=103 lr=1.57e-05 G=1.347 advA2B=0.424 advB2A=0.518 cycA=0.099 cycB=0.104 idtA=0.162 idtB=0.147 D_A=0.157 D_B=0.187 D_A(real)=0.83 D_A(fake)=0.17 gnG=19.55 gnD=9.86 it_per_s=4.14
2026-10-04 02:33:23,116 INFO iter=721000 epoch=103 lr=1.56e-05 G=1.347 advA2B=0.424 advB2A=0.518 cycA=0.099 cycB=0.104 idtA=0.162 idtB=0.147 D_A=0.157 D_B=0.187 D_A(real)=0.83 D_A(fake)=0.17 gnG=19.48 gnD=9.86 it_per_s=4.15
2026-10-04 02:33:44,440 INFO iter=721100 epoch=103 lr=1.54e-05 G=1.347 advA2B=0.424 advB2A=0.518 cycA=0.099 cycB=0.103 idtA=0.162 idtB=0.147 D_A=0.156 D_B=0.187 D_A(real)=0.83 D_A(fake)=0.17 gnG=19.41 gnD=9.86 it_per_s=4.17
2026-10-04 02:34:05,919 INFO iter=721200 epoch=103 lr=1.53e-05 G=1.347 advA2B=0.424 advB2A=0.518 cycA=0.099 cycB=0.103 idtA=0.162 idtB=0.147 D_A=0.156 D_B=0.187 D_A(real)=0.83 D_A(fake)=0.17 gnG=19.50 gnD=9.86 it_per_s=4.18
2026-10-04 02:34:27,376 INFO iter=721300 epoch=103 lr=1.51e-05 G=1.348 advA2B=0.424 advB2A=0.518 cycA=0.099 cycB=0.104 idtA=0.162 idtB=0.147 D_A=0.156 D_B=0.187 D_A(real)=0.83 D_A(fake)=0.17 gnG=19.44 gnD=9.86 it_per_s=4.19
2026-10-04 02:34:48,784 INFO iter=721400 epoch=103 lr=1.50e-05 G=1.347 advA2B=0.424 advB2A=0.518 cycA=0.099 cycB=0.104 idtA=0.162 idtB=0.147 D_A=0.156 D_B=0.187 D_A(real)=0.83 D_A(fake)=0.17 gnG=19.39 gnD=9.85 it_per_s=4.21
2026-10-04 02:35:10,177 INFO iter=721500 epoch=103 lr=1.49e-05 G=1.348 advA2B=0.424 advB2A=0.518 cycA=0.099 cycB=0.104 idtA=0.162 idtB=0.147 D_A=0.156 D_B=0.187 D_A(real)=0.83 D_A(fake)=0.17 gnG=19.40 gnD=9.84 it_per_s=4.22
2026-10-04 02:35:33,544 INFO iter=721600 epoch=103 lr=1.47e-05 G=1.349 advA2B=0.425 advB2A=0.518 cycA=0.099 cycB=0.104 idtA=0.162 idtB=0.147 D_A=0.156 D_B=0.187 D_A(real)=0.83 D_A(fake)=0.17 gnG=19.52 gnD=9.84 it_per_s=4.22
2026-10-04 02:35:56,907 INFO iter=721700 epoch=103 lr=1.46e-05 G=1.348 advA2B=0.425 advB2A=0.518 cycA=0.099 cycB=0.104 idtA=0.162 idtB=0.148 D_A=0.156 D_B=0.186 D_A(real)=0.83 D_A(fake)=0.17 gnG=19.50 gnD=9.83 it_per_s=4.22
2026-10-04 02:36:21,718 INFO iter=721800 epoch=103 lr=1.44e-05 G=1.349 advA2B=0.426 advB2A=0.518 cycA=0.099 cycB=0.104 idtA=0.162 idtB=0.148 D_A=0.156 D_B=0.186 D_A(real)=0.83 D_A(fake)=0.17 gnG=19.48 gnD=9.84 it_per_s=4.22
2026-10-04 02:36:43,155 INFO iter=721900 epoch=103 lr=1.43e-05 G=1.350 advA2B=0.425 advB2A=0.519 cycA=0.099 cycB=0.104 idtA=0.162 idtB=0.148 D_A=0.156 D_B=0.186 D_A(real)=0.83 D_A(fake)=0.17 gnG=19.47 gnD=9.83 it_per_s=4.23
2026-10-04 02:37:04,663 INFO iter=722000 epoch=103 lr=1.41e-05 G=1.349 advA2B=0.425 advB2A=0.519 cycA=0.099 cycB=0.104 idtA=0.161 idtB=0.147 D_A=0.156 D_B=0.186 D_A(real)=0.83 D_A(fake)=0.17 gnG=19.45 gnD=9.84 it_per_s=4.23
2026-10-04 02:37:26,054 INFO iter=722100 epoch=103 lr=1.40e-05 G=1.350 advA2B=0.425 advB2A=0.520 cycA=0.099 cycB=0.104 idtA=0.161 idtB=0.147 D_A=0.156 D_B=0.186 D_A(real)=0.83 D_A(fake)=0.17 gnG=19.45 gnD=9.85 it_per_s=4.24
2026-10-04 02:37:47,396 INFO iter=722200 epoch=103 lr=1.39e-05 G=1.350 advA2B=0.425 advB2A=0.520 cycA=0.099 cycB=0.104 idtA=0.161 idtB=0.147 D_A=0.155 D_B=0.187 D_A(real)=0.83 D_A(fake)=0.17 gnG=19.42 gnD=9.85 it_per_s=4.25
2026-10-04 02:38:08,852 INFO iter=722300 epoch=103 lr=1.37e-05 G=1.350 advA2B=0.425 advB2A=0.520 cycA=0.099 cycB=0.104 idtA=0.161 idtB=0.147 D_A=0.156 D_B=0.187 D_A(real)=0.83 D_A(fake)=0.17 gnG=19.43 gnD=9.86 it_per_s=4.26
2026-10-04 02:38:30,258 INFO iter=722400 epoch=103 lr=1.36e-05 G=1.350 advA2B=0.425 advB2A=0.520 cycA=0.099 cycB=0.104 idtA=0.161 idtB=0.147 D_A=0.155 D_B=0.187 D_A(real)=0.83 D_A(fake)=0.17 gnG=19.40 gnD=9.85 it_per_s=4.27
2026-10-04 02:38:51,641 INFO iter=722500 epoch=103 lr=1.34e-05 G=1.350 advA2B=0.425 advB2A=0.521 cycA=0.099 cycB=0.104 idtA=0.161 idtB=0.147 D_A=0.155 D_B=0.187 D_A(real)=0.83 D_A(fake)=0.17 gnG=19.41 gnD=9.85 it_per_s=4.28
2026-10-04 02:39:13,096 INFO iter=722600 epoch=103 lr=1.33e-05 G=1.350 advA2B=0.425 advB2A=0.520 cycA=0.099 cycB=0.104 idtA=0.161 idtB=0.147 D_A=0.155 D_B=0.187 D_A(real)=0.83 D_A(fake)=0.17 gnG=19.43 gnD=9.85 it_per_s=4.29
2026-10-04 02:39:34,465 INFO iter=722700 epoch=103 lr=1.31e-05 G=1.350 advA2B=0.425 advB2A=0.520 cycA=0.099 cycB=0.104 idtA=0.161 idtB=0.147 D_A=0.155 D_B=0.186 D_A(real)=0.83 D_A(fake)=0.17 gnG=19.43 gnD=9.84 it_per_s=4.29
2026-10-04 02:39:55,853 INFO iter=722800 epoch=103 lr=1.30e-05 G=1.351 advA2B=0.426 advB2A=0.521 cycA=0.099 cycB=0.104 idtA=0.161 idtB=0.147 D_A=0.155 D_B=0.186 D_A(real)=0.83 D_A(fake)=0.17 gnG=19.46 gnD=9.84 it_per_s=4.30
2026-10-04 02:40:17,235 INFO iter=722900 epoch=103 lr=1.29e-05 G=1.351 advA2B=0.425 advB2A=0.521 cycA=0.099 cycB=0.104 idtA=0.161 idtB=0.147 D_A=0.155 D_B=0.186 D_A(real)=0.83 D_A(fake)=0.17 gnG=19.50 gnD=9.83 it_per_s=4.31
2026-10-04 02:40:38,595 INFO iter=723000 epoch=103 lr=1.27e-05 G=1.351 advA2B=0.425 advB2A=0.520 cycA=0.099 cycB=0.104 idtA=0.161 idtB=0.148 D_A=0.155 D_B=0.186 D_A(real)=0.83 D_A(fake)=0.17 gnG=19.51 gnD=9.83 it_per_s=4.31
2026-10-04 02:40:59,933 INFO iter=723100 epoch=103 lr=1.26e-05 G=1.350 advA2B=0.425 advB2A=0.520 cycA=0.099 cycB=0.104 idtA=0.161 idtB=0.148 D_A=0.155 D_B=0.186 D_A(real)=0.83 D_A(fake)=0.17 gnG=19.47 gnD=9.82 it_per_s=4.32
2026-10-04 02:41:21,325 INFO iter=723200 epoch=103 lr=1.24e-05 G=1.350 advA2B=0.425 advB2A=0.520 cycA=0.099 cycB=0.104 idtA=0.161 idtB=0.148 D_A=0.155 D_B=0.186 D_A(real)=0.83 D_A(fake)=0.17 gnG=19.49 gnD=9.83 it_per_s=4.33
2026-10-04 02:41:43,021 INFO iter=723300 epoch=103 lr=1.23e-05 G=1.350 advA2B=0.425 advB2A=0.520 cycA=0.099 cycB=0.104 idtA=0.160 idtB=0.148 D_A=0.155 D_B=0.187 D_A(real)=0.83 D_A(fake)=0.17 gnG=19.55 gnD=9.83 it_per_s=4.33
2026-10-04 02:42:04,411 INFO iter=723400 epoch=103 lr=1.22e-05 G=1.350 advA2B=0.425 advB2A=0.520 cycA=0.099 cycB=0.104 idtA=0.161 idtB=0.148 D_A=0.155 D_B=0.187 D_A(real)=0.83 D_A(fake)=0.17 gnG=19.51 gnD=9.83 it_per_s=4.34
2026-10-04 02:42:25,773 INFO iter=723500 epoch=103 lr=1.20e-05 G=1.351 advA2B=0.425 advB2A=0.520 cycA=0.099 cycB=0.104 idtA=0.161 idtB=0.148 D_A=0.155 D_B=0.186 D_A(real)=0.83 D_A(fake)=0.17 gnG=19.52 gnD=9.82 it_per_s=4.34
2026-10-04 02:42:47,150 INFO iter=723600 epoch=103 lr=1.19e-05 G=1.350 advA2B=0.425 advB2A=0.520 cycA=0.098 cycB=0.104 idtA=0.161 idtB=0.148 D_A=0.155 D_B=0.187 D_A(real)=0.83 D_A(fake)=0.17 gnG=19.51 gnD=9.81 it_per_s=4.35
2026-10-04 02:43:08,525 INFO iter=723700 epoch=103 lr=1.17e-05 G=1.351 advA2B=0.426 advB2A=0.520 cycA=0.098 cycB=0.104 idtA=0.161 idtB=0.148 D_A=0.155 D_B=0.186 D_A(real)=0.83 D_A(fake)=0.17 gnG=19.62 gnD=9.80 it_per_s=4.35
2026-10-04 02:43:29,937 INFO iter=723800 epoch=103 lr=1.16e-05 G=1.351 advA2B=0.425 advB2A=0.520 cycA=0.098 cycB=0.104 idtA=0.160 idtB=0.148 D_A=0.155 D_B=0.186 D_A(real)=0.83 D_A(fake)=0.17 gnG=19.66 gnD=9.80 it_per_s=4.36
2026-10-04 02:43:51,319 INFO iter=723900 epoch=103 lr=1.14e-05 G=1.351 advA2B=0.426 advB2A=0.520 cycA=0.099 cycB=0.104 idtA=0.160 idtB=0.148 D_A=0.155 D_B=0.186 D_A(real)=0.83 D_A(fake)=0.17 gnG=19.68 gnD=9.80 it_per_s=4.36
2026-10-04 02:44:12,702 INFO iter=724000 epoch=103 lr=1.13e-05 G=1.350 advA2B=0.425 advB2A=0.520 cycA=0.098 cycB=0.104 idtA=0.160 idtB=0.148 D_A=0.155 D_B=0.186 D_A(real)=0.83 D_A(fake)=0.17 gnG=19.69 gnD=9.80 it_per_s=4.37
2026-10-04 02:44:34,116 INFO iter=724100 epoch=103 lr=1.12e-05 G=1.350 advA2B=0.425 advB2A=0.519 cycA=0.098 cycB=0.104 idtA=0.160 idtB=0.148 D_A=0.155 D_B=0.186 D_A(real)=0.83 D_A(fake)=0.17 gnG=19.70 gnD=9.80 it_per_s=4.37
2026-10-04 02:44:55,595 INFO iter=724200 epoch=103 lr=1.10e-05 G=1.349 advA2B=0.425 advB2A=0.520 cycA=0.098 cycB=0.104 idtA=0.160 idtB=0.148 D_A=0.155 D_B=0.186 D_A(real)=0.83 D_A(fake)=0.17 gnG=19.71 gnD=9.81 it_per_s=4.38
2026-10-04 02:45:16,993 INFO iter=724300 epoch=103 lr=1.09e-05 G=1.349 advA2B=0.425 advB2A=0.520 cycA=0.098 cycB=0.104 idtA=0.160 idtB=0.148 D_A=0.155 D_B=0.186 D_A(real)=0.83 D_A(fake)=0.17 gnG=19.73 gnD=9.80 it_per_s=4.38
2026-10-04 02:45:38,363 INFO iter=724400 epoch=103 lr=1.07e-05 G=1.350 advA2B=0.425 advB2A=0.520 cycA=0.098 cycB=0.104 idtA=0.160 idtB=0.148 D_A=0.155 D_B=0.186 D_A(real)=0.83 D_A(fake)=0.17 gnG=19.80 gnD=9.80 it_per_s=4.39
2026-10-04 02:45:59,740 INFO iter=724500 epoch=103 lr=1.06e-05 G=1.349 advA2B=0.425 advB2A=0.520 cycA=0.098 cycB=0.104 idtA=0.161 idtB=0.147 D_A=0.155 D_B=0.186 D_A(real)=0.83 D_A(fake)=0.17 gnG=19.82 gnD=9.81 it_per_s=4.39
2026-10-04 02:46:21,145 INFO iter=724600 epoch=103 lr=1.04e-05 G=1.349 advA2B=0.425 advB2A=0.520 cycA=0.098 cycB=0.104 idtA=0.161 idtB=0.147 D_A=0.155 D_B=0.187 D_A(real)=0.83 D_A(fake)=0.17 gnG=19.83 gnD=9.81 it_per_s=4.39
2026-10-04 02:46:42,532 INFO iter=724700 epoch=103 lr=1.03e-05 G=1.350 advA2B=0.425 advB2A=0.520 cycA=0.098 cycB=0.104 idtA=0.161 idtB=0.147 D_A=0.155 D_B=0.186 D_A(real)=0.83 D_A(fake)=0.17 gnG=19.86 gnD=9.80 it_per_s=4.40
2026-10-04 02:47:03,932 INFO iter=724800 epoch=103 lr=1.02e-05 G=1.350 advA2B=0.425 advB2A=0.521 cycA=0.098 cycB=0.104 idtA=0.161 idtB=0.148 D_A=0.155 D_B=0.186 D_A(real)=0.83 D_A(fake)=0.17 gnG=19.89 gnD=9.81 it_per_s=4.40
2026-10-04 02:47:25,291 INFO iter=724900 epoch=103 lr=1.00e-05 G=1.351 advA2B=0.425 advB2A=0.521 cycA=0.098 cycB=0.104 idtA=0.161 idtB=0.148 D_A=0.155 D_B=0.186 D_A(real)=0.83 D_A(fake)=0.17 gnG=19.90 gnD=9.81 it_per_s=4.41
2026-10-04 02:47:28,305 INFO epoch=103 done time_s=1598 it_per_s=4.41 G=1.351 cycA=0.098 cycB=0.104 idtA=0.161 idtB=0.148 D_A=0.155 D_B=0.186 D_A(real)=0.83 D_A(fake)=0.17 nan_count=0
2026-10-04 02:47:47,629 INFO iter=725000 epoch=104 lr=9.88e-06 G=1.390 advA2B=0.443 advB2A=0.532 cycA=0.101 cycB=0.107 idtA=0.162 idtB=0.144 D_A=0.151 D_B=0.182 D_A(real)=0.83 D_A(fake)=0.16 gnG=21.29 gnD=9.71 it_per_s=4.67
2026-10-04 02:48:08,998 INFO iter=725100 epoch=104 lr=9.74e-06 G=1.368 advA2B=0.430 advB2A=0.529 cycA=0.100 cycB=0.104 idtA=0.166 idtB=0.148 D_A=0.152 D_B=0.183 D_A(real)=0.83 D_A(fake)=0.16 gnG=22.19 gnD=9.86 it_per_s=4.67
2026-10-04 02:48:30,397 INFO iter=725200 epoch=104 lr=9.60e-06 G=1.361 advA2B=0.425 advB2A=0.530 cycA=0.098 cycB=0.105 idtA=0.166 idtB=0.148 D_A=0.150 D_B=0.184 D_A(real)=0.84 D_A(fake)=0.16 gnG=21.33 gnD=9.69 it_per_s=4.67
2026-10-04 02:48:51,791 INFO iter=725300 epoch=104 lr=9.45e-06 G=1.356 advA2B=0.426 advB2A=0.526 cycA=0.098 cycB=0.104 idtA=0.164 idtB=0.148 D_A=0.151 D_B=0.181 D_A(real)=0.84 D_A(fake)=0.16 gnG=20.52 gnD=9.68 it_per_s=4.67
2026-10-04 02:49:13,210 INFO iter=725400 epoch=104 lr=9.31e-06 G=1.357 advA2B=0.429 advB2A=0.526 cycA=0.097 cycB=0.104 idtA=0.164 idtB=0.146 D_A=0.151 D_B=0.181 D_A(real)=0.84 D_A(fake)=0.16 gnG=21.09 gnD=9.75 it_per_s=4.67
2026-10-04 02:49:34,623 INFO iter=725500 epoch=104 lr=9.17e-06 G=1.351 advA2B=0.426 advB2A=0.525 cycA=0.097 cycB=0.103 idtA=0.164 idtB=0.146 D_A=0.150 D_B=0.182 D_A(real)=0.84 D_A(fake)=0.16 gnG=20.87 gnD=9.79 it_per_s=4.67
2026-10-04 02:49:56,044 INFO iter=725600 epoch=104 lr=9.03e-06 G=1.349 advA2B=0.425 advB2A=0.525 cycA=0.097 cycB=0.103 idtA=0.165 idtB=0.145 D_A=0.150 D_B=0.182 D_A(real)=0.84 D_A(fake)=0.16 gnG=20.52 gnD=9.75 it_per_s=4.67
2026-10-04 02:50:17,423 INFO iter=725700 epoch=104 lr=8.88e-06 G=1.351 advA2B=0.426 advB2A=0.525 cycA=0.097 cycB=0.103 idtA=0.163 idtB=0.145 D_A=0.151 D_B=0.183 D_A(real)=0.84 D_A(fake)=0.16 gnG=20.69 gnD=9.74 it_per_s=4.67
2026-10-04 02:50:38,837 INFO iter=725800 epoch=104 lr=8.74e-06 G=1.351 advA2B=0.428 advB2A=0.523 cycA=0.098 cycB=0.102 idtA=0.164 idtB=0.145 D_A=0.151 D_B=0.183 D_A(real)=0.83 D_A(fake)=0.17 gnG=20.53 gnD=9.75 it_per_s=4.67
2026-10-04 02:51:00,260 INFO iter=725900 epoch=104 lr=8.60e-06 G=1.352 advA2B=0.428 advB2A=0.523 cycA=0.098 cycB=0.103 idtA=0.164 idtB=0.146 D_A=0.152 D_B=0.183 D_A(real)=0.83 D_A(fake)=0.17 gnG=20.75 gnD=9.79 it_per_s=4.67
2026-10-04 02:51:21,629 INFO iter=726000 epoch=104 lr=8.46e-06 G=1.352 advA2B=0.427 advB2A=0.525 cycA=0.098 cycB=0.103 idtA=0.164 idtB=0.146 D_A=0.151 D_B=0.183 D_A(real)=0.83 D_A(fake)=0.17 gnG=20.69 gnD=9.80 it_per_s=4.67
2026-10-04 02:51:43,059 INFO iter=726100 epoch=104 lr=8.32e-06 G=1.350 advA2B=0.426 advB2A=0.525 cycA=0.098 cycB=0.102 idtA=0.164 idtB=0.147 D_A=0.152 D_B=0.183 D_A(real)=0.83 D_A(fake)=0.17 gnG=20.68 gnD=9.85 it_per_s=4.67
2026-10-04 02:52:04,434 INFO iter=726200 epoch=104 lr=8.17e-06 G=1.351 advA2B=0.426 advB2A=0.526 cycA=0.098 cycB=0.102 idtA=0.164 idtB=0.146 D_A=0.152 D_B=0.183 D_A(real)=0.83 D_A(fake)=0.17 gnG=20.77 gnD=9.88 it_per_s=4.67
2026-10-04 02:52:25,824 INFO iter=726300 epoch=104 lr=8.03e-06 G=1.353 advA2B=0.426 advB2A=0.527 cycA=0.098 cycB=0.102 idtA=0.163 idtB=0.145 D_A=0.152 D_B=0.183 D_A(real)=0.83 D_A(fake)=0.17 gnG=20.78 gnD=9.87 it_per_s=4.67
2026-10-04 02:52:47,235 INFO iter=726400 epoch=104 lr=7.89e-06 G=1.352 advA2B=0.425 advB2A=0.527 cycA=0.098 cycB=0.102 idtA=0.163 idtB=0.145 D_A=0.152 D_B=0.183 D_A(real)=0.83 D_A(fake)=0.17 gnG=20.77 gnD=9.85 it_per_s=4.67
2026-10-04 02:53:08,642 INFO iter=726500 epoch=104 lr=7.75e-06 G=1.352 advA2B=0.424 advB2A=0.528 cycA=0.098 cycB=0.102 idtA=0.163 idtB=0.144 D_A=0.153 D_B=0.183 D_A(real)=0.83 D_A(fake)=0.17 gnG=20.65 gnD=9.89 it_per_s=4.67
2026-10-04 02:53:30,087 INFO iter=726600 epoch=104 lr=7.61e-06 G=1.349 advA2B=0.423 advB2A=0.528 cycA=0.098 cycB=0.101 idtA=0.162 idtB=0.144 D_A=0.153 D_B=0.183 D_A(real)=0.83 D_A(fake)=0.17 gnG=20.61 gnD=9.88 it_per_s=4.67
2026-10-04 02:53:51,495 INFO iter=726700 epoch=104 lr=7.46e-06 G=1.350 advA2B=0.423 advB2A=0.528 cycA=0.098 cycB=0.101 idtA=0.162 idtB=0.144 D_A=0.152 D_B=0.183 D_A(real)=0.83 D_A(fake)=0.17 gnG=20.52 gnD=9.84 it_per_s=4.67
2026-10-04 02:54:12,833 INFO iter=726800 epoch=104 lr=7.32e-06 G=1.350 advA2B=0.423 advB2A=0.529 cycA=0.098 cycB=0.102 idtA=0.162 idtB=0.144 D_A=0.152 D_B=0.183 D_A(real)=0.83 D_A(fake)=0.17 gnG=20.56 gnD=9.84 it_per_s=4.67
2026-10-04 02:54:34,227 INFO iter=726900 epoch=104 lr=7.18e-06 G=1.350 advA2B=0.422 advB2A=0.529 cycA=0.098 cycB=0.102 idtA=0.162 idtB=0.144 D_A=0.152 D_B=0.184 D_A(real)=0.83 D_A(fake)=0.17 gnG=20.67 gnD=9.83 it_per_s=4.67
2026-10-04 02:54:55,633 INFO iter=727000 epoch=104 lr=7.04e-06 G=1.348 advA2B=0.421 advB2A=0.528 cycA=0.098 cycB=0.102 idtA=0.162 idtB=0.145 D_A=0.152 D_B=0.184 D_A(real)=0.83 D_A(fake)=0.17 gnG=20.68 gnD=9.83 it_per_s=4.67
2026-10-04 02:55:17,049 INFO iter=727100 epoch=104 lr=6.90e-06 G=1.349 advA2B=0.422 advB2A=0.529 cycA=0.098 cycB=0.102 idtA=0.162 idtB=0.145 D_A=0.152 D_B=0.184 D_A(real)=0.83 D_A(fake)=0.17 gnG=20.88 gnD=9.84 it_per_s=4.67
2026-10-04 02:55:38,372 INFO iter=727200 epoch=104 lr=6.75e-06 G=1.348 advA2B=0.421 advB2A=0.527 cycA=0.098 cycB=0.102 idtA=0.162 idtB=0.145 D_A=0.152 D_B=0.184 D_A(real)=0.83 D_A(fake)=0.17 gnG=20.77 gnD=9.83 it_per_s=4.67
2026-10-04 02:55:59,789 INFO iter=727300 epoch=104 lr=6.61e-06 G=1.348 advA2B=0.422 advB2A=0.527 cycA=0.097 cycB=0.102 idtA=0.162 idtB=0.146 D_A=0.151 D_B=0.184 D_A(real)=0.83 D_A(fake)=0.17 gnG=20.78 gnD=9.81 it_per_s=4.67
2026-10-04 02:56:21,202 INFO iter=727400 epoch=104 lr=6.47e-06 G=1.350 advA2B=0.421 advB2A=0.528 cycA=0.098 cycB=0.103 idtA=0.162 idtB=0.146 D_A=0.152 D_B=0.184 D_A(real)=0.83 D_A(fake)=0.17 gnG=20.79 gnD=9.82 it_per_s=4.67
2026-10-04 02:56:42,603 INFO iter=727500 epoch=104 lr=6.33e-06 G=1.350 advA2B=0.422 advB2A=0.528 cycA=0.097 cycB=0.103 idtA=0.162 idtB=0.146 D_A=0.152 D_B=0.184 D_A(real)=0.83 D_A(fake)=0.17 gnG=20.88 gnD=9.80 it_per_s=4.67
2026-10-04 02:57:03,939 INFO iter=727600 epoch=104 lr=6.18e-06 G=1.349 advA2B=0.421 advB2A=0.527 cycA=0.097 cycB=0.103 idtA=0.162 idtB=0.146 D_A=0.152 D_B=0.184 D_A(real)=0.83 D_A(fake)=0.17 gnG=20.88 gnD=9.81 it_per_s=4.67
2026-10-04 02:57:25,368 INFO iter=727700 epoch=104 lr=6.04e-06 G=1.348 advA2B=0.420 advB2A=0.529 cycA=0.097 cycB=0.103 idtA=0.162 idtB=0.147 D_A=0.152 D_B=0.184 D_A(real)=0.83 D_A(fake)=0.17 gnG=20.87 gnD=9.81 it_per_s=4.67
2026-10-04 02:57:46,793 INFO iter=727800 epoch=104 lr=5.90e-06 G=1.349 advA2B=0.421 advB2A=0.529 cycA=0.097 cycB=0.103 idtA=0.162 idtB=0.146 D_A=0.152 D_B=0.185 D_A(real)=0.83 D_A(fake)=0.17 gnG=20.79 gnD=9.82 it_per_s=4.67
2026-10-04 02:58:08,188 INFO iter=727900 epoch=104 lr=5.76e-06 G=1.349 advA2B=0.421 advB2A=0.529 cycA=0.097 cycB=0.102 idtA=0.162 idtB=0.146 D_A=0.152 D_B=0.184 D_A(real)=0.83 D_A(fake)=0.17 gnG=20.71 gnD=9.83 it_per_s=4.67
2026-10-04 02:58:29,594 INFO iter=728000 epoch=104 lr=5.62e-06 G=1.348 advA2B=0.421 advB2A=0.528 cycA=0.097 cycB=0.102 idtA=0.162 idtB=0.146 D_A=0.152 D_B=0.184 D_A(real)=0.83 D_A(fake)=0.17 gnG=20.72 gnD=9.84 it_per_s=4.67
2026-10-04 02:58:50,991 INFO iter=728100 epoch=104 lr=5.47e-06 G=1.347 advA2B=0.421 advB2A=0.528 cycA=0.097 cycB=0.102 idtA=0.162 idtB=0.146 D_A=0.152 D_B=0.184 D_A(real)=0.83 D_A(fake)=0.17 gnG=20.73 gnD=9.83 it_per_s=4.67
2026-10-04 02:59:11,913 INFO iter=728200 epoch=104 lr=5.33e-06 G=1.346 advA2B=0.421 advB2A=0.527 cycA=0.097 cycB=0.102 idtA=0.162 idtB=0.146 D_A=0.152 D_B=0.184 D_A(real)=0.83 D_A(fake)=0.17 gnG=20.73 gnD=9.83 it_per_s=4.68
2026-10-04 02:59:33,353 INFO iter=728300 epoch=104 lr=5.19e-06 G=1.346 advA2B=0.421 advB2A=0.527 cycA=0.097 cycB=0.102 idtA=0.162 idtB=0.146 D_A=0.152 D_B=0.184 D_A(real)=0.83 D_A(fake)=0.17 gnG=20.75 gnD=9.82 it_per_s=4.68
2026-10-04 02:59:54,769 INFO iter=728400 epoch=104 lr=5.05e-06 G=1.346 advA2B=0.421 advB2A=0.527 cycA=0.097 cycB=0.102 idtA=0.162 idtB=0.146 D_A=0.152 D_B=0.184 D_A(real)=0.83 D_A(fake)=0.17 gnG=20.71 gnD=9.82 it_per_s=4.68
2026-10-04 03:00:16,236 INFO iter=728500 epoch=104 lr=4.91e-06 G=1.345 advA2B=0.421 advB2A=0.527 cycA=0.097 cycB=0.102 idtA=0.162 idtB=0.146 D_A=0.152 D_B=0.184 D_A(real)=0.83 D_A(fake)=0.17 gnG=20.75 gnD=9.83 it_per_s=4.68
2026-10-04 03:00:37,660 INFO iter=728600 epoch=104 lr=4.76e-06 G=1.345 advA2B=0.420 advB2A=0.527 cycA=0.097 cycB=0.102 idtA=0.162 idtB=0.146 D_A=0.152 D_B=0.184 D_A(real)=0.83 D_A(fake)=0.17 gnG=20.73 gnD=9.83 it_per_s=4.67
2026-10-04 03:00:59,065 INFO iter=728700 epoch=104 lr=4.62e-06 G=1.346 advA2B=0.420 advB2A=0.527 cycA=0.097 cycB=0.102 idtA=0.162 idtB=0.146 D_A=0.153 D_B=0.184 D_A(real)=0.83 D_A(fake)=0.17 gnG=20.74 gnD=9.82 it_per_s=4.67
2026-10-04 03:01:20,417 INFO iter=728800 epoch=104 lr=4.48e-06 G=1.345 advA2B=0.420 advB2A=0.527 cycA=0.097 cycB=0.102 idtA=0.162 idtB=0.146 D_A=0.152 D_B=0.184 D_A(real)=0.83 D_A(fake)=0.17 gnG=20.75 gnD=9.81 it_per_s=4.67
2026-10-04 03:01:41,792 INFO iter=728900 epoch=104 lr=4.34e-06 G=1.347 advA2B=0.420 advB2A=0.527 cycA=0.097 cycB=0.102 idtA=0.162 idtB=0.146 D_A=0.153 D_B=0.184 D_A(real)=0.83 D_A(fake)=0.17 gnG=20.78 gnD=9.81 it_per_s=4.68
2026-10-04 03:02:03,322 INFO iter=729000 epoch=104 lr=4.20e-06 G=1.345 advA2B=0.419 advB2A=0.527 cycA=0.097 cycB=0.102 idtA=0.162 idtB=0.146 D_A=0.153 D_B=0.184 D_A(real)=0.83 D_A(fake)=0.17 gnG=20.82 gnD=9.81 it_per_s=4.67
2026-10-04 03:02:24,831 INFO iter=729100 epoch=104 lr=4.05e-06 G=1.346 advA2B=0.419 advB2A=0.527 cycA=0.097 cycB=0.103 idtA=0.162 idtB=0.146 D_A=0.153 D_B=0.184 D_A(real)=0.83 D_A(fake)=0.17 gnG=20.88 gnD=9.80 it_per_s=4.67
2026-10-04 03:02:46,186 INFO iter=729200 epoch=104 lr=3.91e-06 G=1.346 advA2B=0.419 advB2A=0.528 cycA=0.097 cycB=0.102 idtA=0.162 idtB=0.146 D_A=0.153 D_B=0.184 D_A(real)=0.83 D_A(fake)=0.17 gnG=20.85 gnD=9.80 it_per_s=4.67
2026-10-04 03:03:07,539 INFO iter=729300 epoch=104 lr=3.77e-06 G=1.345 advA2B=0.419 advB2A=0.528 cycA=0.097 cycB=0.102 idtA=0.162 idtB=0.147 D_A=0.152 D_B=0.184 D_A(real)=0.83 D_A(fake)=0.17 gnG=20.77 gnD=9.80 it_per_s=4.67
2026-10-04 03:03:28,901 INFO iter=729400 epoch=104 lr=3.63e-06 G=1.345 advA2B=0.418 advB2A=0.528 cycA=0.097 cycB=0.102 idtA=0.162 idtB=0.146 D_A=0.152 D_B=0.185 D_A(real)=0.83 D_A(fake)=0.17 gnG=20.86 gnD=9.82 it_per_s=4.67
2026-10-04 03:03:50,264 INFO iter=729500 epoch=104 lr=3.49e-06 G=1.344 advA2B=0.419 advB2A=0.527 cycA=0.097 cycB=0.102 idtA=0.162 idtB=0.147 D_A=0.152 D_B=0.184 D_A(real)=0.83 D_A(fake)=0.17 gnG=20.80 gnD=9.81 it_per_s=4.67
2026-10-04 03:04:11,664 INFO iter=729600 epoch=104 lr=3.34e-06 G=1.345 advA2B=0.418 advB2A=0.528 cycA=0.097 cycB=0.103 idtA=0.162 idtB=0.146 D_A=0.152 D_B=0.184 D_A(real)=0.83 D_A(fake)=0.17 gnG=20.75 gnD=9.80 it_per_s=4.67
2026-10-04 03:04:33,035 INFO iter=729700 epoch=104 lr=3.20e-06 G=1.345 advA2B=0.419 advB2A=0.527 cycA=0.097 cycB=0.103 idtA=0.162 idtB=0.146 D_A=0.152 D_B=0.184 D_A(real)=0.83 D_A(fake)=0.17 gnG=20.75 gnD=9.81 it_per_s=4.67
2026-10-04 03:04:54,442 INFO iter=729800 epoch=104 lr=3.06e-06 G=1.345 advA2B=0.418 advB2A=0.528 cycA=0.097 cycB=0.103 idtA=0.162 idtB=0.146 D_A=0.152 D_B=0.184 D_A(real)=0.83 D_A(fake)=0.17 gnG=20.81 gnD=9.80 it_per_s=4.67
2026-10-04 03:05:15,840 INFO iter=729900 epoch=104 lr=2.92e-06 G=1.344 advA2B=0.418 advB2A=0.527 cycA=0.097 cycB=0.103 idtA=0.162 idtB=0.146 D_A=0.152 D_B=0.184 D_A(real)=0.83 D_A(fake)=0.17 gnG=20.85 gnD=9.80 it_per_s=4.67
2026-10-04 03:05:37,297 INFO iter=730000 epoch=104 lr=2.77e-06 G=1.345 advA2B=0.418 advB2A=0.527 cycA=0.097 cycB=0.103 idtA=0.162 idtB=0.146 D_A=0.152 D_B=0.184 D_A(real)=0.83 D_A(fake)=0.17 gnG=20.79 gnD=9.80 it_per_s=4.67
2026-10-04 03:05:58,678 INFO iter=730100 epoch=104 lr=2.63e-06 G=1.345 advA2B=0.419 advB2A=0.527 cycA=0.097 cycB=0.103 idtA=0.162 idtB=0.146 D_A=0.152 D_B=0.184 D_A(real)=0.83 D_A(fake)=0.17 gnG=20.74 gnD=9.81 it_per_s=4.67
2026-10-04 03:06:20,073 INFO iter=730200 epoch=104 lr=2.49e-06 G=1.344 advA2B=0.419 advB2A=0.527 cycA=0.097 cycB=0.103 idtA=0.162 idtB=0.146 D_A=0.152 D_B=0.184 D_A(real)=0.83 D_A(fake)=0.17 gnG=20.73 gnD=9.80 it_per_s=4.67
2026-10-04 03:06:41,483 INFO iter=730300 epoch=104 lr=2.35e-06 G=1.345 advA2B=0.419 advB2A=0.527 cycA=0.097 cycB=0.103 idtA=0.162 idtB=0.146 D_A=0.152 D_B=0.184 D_A(real)=0.83 D_A(fake)=0.17 gnG=20.72 gnD=9.80 it_per_s=4.67
2026-10-04 03:07:02,870 INFO iter=730400 epoch=104 lr=2.21e-06 G=1.345 advA2B=0.419 advB2A=0.527 cycA=0.097 cycB=0.102 idtA=0.162 idtB=0.146 D_A=0.152 D_B=0.184 D_A(real)=0.83 D_A(fake)=0.17 gnG=20.72 gnD=9.80 it_per_s=4.67
2026-10-04 03:07:24,315 INFO iter=730500 epoch=104 lr=2.06e-06 G=1.345 advA2B=0.419 advB2A=0.527 cycA=0.097 cycB=0.102 idtA=0.162 idtB=0.146 D_A=0.152 D_B=0.184 D_A(real)=0.83 D_A(fake)=0.17 gnG=20.78 gnD=9.80 it_per_s=4.67
2026-10-04 03:07:45,732 INFO iter=730600 epoch=104 lr=1.92e-06 G=1.345 advA2B=0.419 advB2A=0.528 cycA=0.097 cycB=0.102 idtA=0.162 idtB=0.146 D_A=0.152 D_B=0.184 D_A(real)=0.83 D_A(fake)=0.17 gnG=20.79 gnD=9.81 it_per_s=4.67
2026-10-04 03:08:07,172 INFO iter=730700 epoch=104 lr=1.78e-06 G=1.344 advA2B=0.419 advB2A=0.527 cycA=0.097 cycB=0.102 idtA=0.162 idtB=0.146 D_A=0.152 D_B=0.184 D_A(real)=0.83 D_A(fake)=0.17 gnG=20.76 gnD=9.80 it_per_s=4.67
2026-10-04 03:08:28,562 INFO iter=730800 epoch=104 lr=1.64e-06 G=1.344 advA2B=0.419 advB2A=0.527 cycA=0.097 cycB=0.103 idtA=0.162 idtB=0.146 D_A=0.152 D_B=0.184 D_A(real)=0.83 D_A(fake)=0.17 gnG=20.76 gnD=9.80 it_per_s=4.67
2026-10-04 03:08:49,972 INFO iter=730900 epoch=104 lr=1.50e-06 G=1.344 advA2B=0.418 advB2A=0.527 cycA=0.097 cycB=0.103 idtA=0.162 idtB=0.146 D_A=0.152 D_B=0.184 D_A(real)=0.83 D_A(fake)=0.17 gnG=20.79 gnD=9.80 it_per_s=4.67
2026-10-04 03:09:11,376 INFO iter=731000 epoch=104 lr=1.35e-06 G=1.344 advA2B=0.418 advB2A=0.527 cycA=0.097 cycB=0.103 idtA=0.162 idtB=0.146 D_A=0.152 D_B=0.184 D_A(real)=0.83 D_A(fake)=0.17 gnG=20.79 gnD=9.80 it_per_s=4.67
2026-10-04 03:09:32,767 INFO iter=731100 epoch=104 lr=1.21e-06 G=1.344 advA2B=0.418 advB2A=0.527 cycA=0.097 cycB=0.103 idtA=0.162 idtB=0.146 D_A=0.152 D_B=0.184 D_A(real)=0.83 D_A(fake)=0.17 gnG=20.81 gnD=9.80 it_per_s=4.67
2026-10-04 03:09:54,199 INFO iter=731200 epoch=104 lr=1.07e-06 G=1.344 advA2B=0.418 advB2A=0.527 cycA=0.097 cycB=0.103 idtA=0.161 idtB=0.146 D_A=0.152 D_B=0.184 D_A(real)=0.83 D_A(fake)=0.17 gnG=20.83 gnD=9.80 it_per_s=4.67
2026-10-04 03:10:15,615 INFO iter=731300 epoch=104 lr=9.28e-07 G=1.344 advA2B=0.418 advB2A=0.527 cycA=0.097 cycB=0.103 idtA=0.161 idtB=0.146 D_A=0.152 D_B=0.184 D_A(real)=0.83 D_A(fake)=0.17 gnG=20.83 gnD=9.80 it_per_s=4.67
2026-10-04 03:10:37,007 INFO iter=731400 epoch=104 lr=7.86e-07 G=1.343 advA2B=0.418 advB2A=0.527 cycA=0.097 cycB=0.103 idtA=0.161 idtB=0.146 D_A=0.152 D_B=0.184 D_A(real)=0.83 D_A(fake)=0.17 gnG=20.81 gnD=9.81 it_per_s=4.67
2026-10-04 03:10:58,442 INFO iter=731500 epoch=104 lr=6.44e-07 G=1.343 advA2B=0.418 advB2A=0.527 cycA=0.097 cycB=0.103 idtA=0.161 idtB=0.146 D_A=0.152 D_B=0.184 D_A(real)=0.83 D_A(fake)=0.17 gnG=20.85 gnD=9.81 it_per_s=4.67
2026-10-04 03:11:19,870 INFO iter=731600 epoch=104 lr=5.02e-07 G=1.343 advA2B=0.419 advB2A=0.526 cycA=0.097 cycB=0.103 idtA=0.161 idtB=0.146 D_A=0.152 D_B=0.184 D_A(real)=0.83 D_A(fake)=0.17 gnG=20.87 gnD=9.81 it_per_s=4.67
2026-10-04 03:11:41,453 INFO iter=731700 epoch=104 lr=3.59e-07 G=1.343 advA2B=0.419 advB2A=0.526 cycA=0.097 cycB=0.102 idtA=0.161 idtB=0.146 D_A=0.152 D_B=0.184 D_A(real)=0.83 D_A(fake)=0.17 gnG=20.91 gnD=9.82 it_per_s=4.67
2026-10-04 03:12:02,824 INFO iter=731800 epoch=104 lr=2.17e-07 G=1.343 advA2B=0.419 advB2A=0.527 cycA=0.097 cycB=0.102 idtA=0.161 idtB=0.146 D_A=0.152 D_B=0.184 D_A(real)=0.83 D_A(fake)=0.17 gnG=20.92 gnD=9.81 it_per_s=4.67
2026-10-04 03:12:24,232 INFO iter=731900 epoch=104 lr=7.53e-08 G=1.343 advA2B=0.418 advB2A=0.527 cycA=0.097 cycB=0.102 idtA=0.161 idtB=0.146 D_A=0.152 D_B=0.184 D_A(real)=0.83 D_A(fake)=0.17 gnG=20.93 gnD=9.81 it_per_s=4.67
2026-10-04 03:12:35,363 INFO epoch=104 done time_s=1506 it_per_s=4.67 G=1.343 cycA=0.097 cycB=0.102 idtA=0.161 idtB=0.146 D_A=0.152 D_B=0.184 D_A(real)=0.83 D_A(fake)=0.17 nan_count=0
2026-10-04 03:12:36,515 INFO done summary={"run_id": "full_run10", "params": {"G_A2B": 11378179, "G_B2A": 11378179, "D_A": 5529474, "D_B": 5529474}, "param_count_total": 33815306, "param_count_generators": 22756358, "photos": 7038, "monets": 300, "iters": 731952, "train_time_s": 93442.96940509975, "train_iters_per_sec": 7.833141483622982, "train_images_per_sec": 15.666282967245964, "peak_memory_mb": 19599.61279296875, "max_grad_norm_G": 1824.5267333984375, "max_grad_norm_D": 381.4660339355469, "nan_count": 0, "final_epoch": {"epoch": 104, "iters": 7038, "epoch_time_s": 1506.178143300116, "iters_per_s": 4.672754037300906, "loss_G": 1.3432900249094204, "adv_A2B": 0.4184569271832374, "adv_B2A": 0.5268916492944551, "cycle_A": 0.09661784582634005, "cycle_B": 0.10235421391297687, "identity_A": 0.16118737817250994, "identity_B": 0.1458892345292963, "loss_D_A": 0.15166608458657466, "loss_D_B": 0.18411408381287298, "D_A_real_mean": 0.831871750341894, "D_A_fake_mean": 0.16817589489090473, "grad_norm_G": 20.969555893009378, "grad_norm_D": 9.817278745737426}, "hardware": "GPU: NVIDIA GeForce RTX 4090; CPU: AMD64 Family 25 Model 97 Stepping 2, AuthenticAMD"}
