2026-10-04 00:32:08,634 INFO generator EMA enabled, decay=0.9999
2026-10-04 00:32:08,634 INFO run_id=full_run11 config=task3_gan/member_chaitanya/configs/full_run11.yaml
2026-10-04 00:32:08,635 INFO config={"run_id": "full_run11", "seed": 1337, "data": {"monet_dir": "task3_gan/data/monet_jpg", "photo_dir": "task3_gan/data/photo_jpg", "load_size": 286, "crop_size": 256, "hflip": true, "num_workers": 4}, "model": {"ngf": 64, "n_res_blocks": 9, "n_downsampling": 2, "upsampling": "nearest_conv", "ndf": 64, "d_scales": 2, "norm": "instance", "init_std": 0.02}, "loss": {"adversarial": "lsgan", "lambda_cycle": 5.0, "lambda_identity": 0.5, "d_loss_scale": 0.5}, "training": {"batch_size": 1, "epochs": 40, "constant_lr_epochs": 20, "lr_g": 0.0002, "lr_d": 0.0002, "betas": [0.5, 0.999], "pool_size": 50, "precision": "fp32", "cudnn_benchmark": true, "diffaugment_monet_d": true, "diffaugment_photo_d": true, "ema_decay": 0.9999, "log_every_iters": 100, "grid_every_epochs": 1, "checkpoint_every_epochs": 5, "num_fixed_samples": 4}}
2026-10-04 00:32:08,659 INFO hardware=GPU: NVIDIA GeForce RTX 4090; CPU: AMD64 Family 25 Model 97 Stepping 2, AuthenticAMD torch=2.11.0+cu128
2026-10-04 00:32:08,659 INFO photos=7038 monets=300 iters_per_epoch=7038 total_iters=281520 params={"G_A2B": 11378179, "G_B2A": 11378179, "D_A": 5529474, "D_B": 5529474}
2026-10-04 00:33:14,526 INFO iter=100 epoch=1 lr=2.00e-04 G=6.049 advA2B=0.811 advB2A=0.837 cycA=0.386 cycB=0.414 idtA=0.391 idtB=0.416 D_A=0.836 D_B=0.827 D_A(real)=0.52 D_A(fake)=0.47 gnG=45.59 gnD=28.66 it_per_s=1.52
2026-10-04 00:33:38,837 INFO iter=200 epoch=1 lr=2.00e-04 G=5.127 advA2B=0.591 advB2A=0.628 cycA=0.348 cycB=0.364 idtA=0.347 idtB=0.355 D_A=0.583 D_B=0.570 D_A(real)=0.54 D_A(fake)=0.46 gnG=36.91 gnD=21.44 it_per_s=2.22
2026-10-04 00:34:00,655 INFO iter=300 epoch=1 lr=2.00e-04 G=4.788 advA2B=0.518 advB2A=0.553 cycA=0.335 cycB=0.342 idtA=0.330 idtB=0.331 D_A=0.488 D_B=0.483 D_A(real)=0.55 D_A(fake)=0.45 gnG=33.02 gnD=19.30 it_per_s=2.68
2026-10-04 00:34:24,711 INFO iter=400 epoch=1 lr=2.00e-04 G=4.627 advA2B=0.480 advB2A=0.511 cycA=0.325 cycB=0.337 idtA=0.322 idtB=0.326 D_A=0.440 D_B=0.432 D_A(real)=0.55 D_A(fake)=0.45 gnG=31.14 gnD=18.13 it_per_s=2.94
2026-10-04 00:34:45,052 INFO iter=500 epoch=1 lr=2.00e-04 G=4.538 advA2B=0.460 advB2A=0.487 cycA=0.320 cycB=0.334 idtA=0.315 idtB=0.323 D_A=0.406 D_B=0.404 D_A(real)=0.55 D_A(fake)=0.45 gnG=30.19 gnD=17.36 it_per_s=3.20
2026-10-04 00:35:05,260 INFO iter=600 epoch=1 lr=2.00e-04 G=4.432 advA2B=0.446 advB2A=0.476 cycA=0.314 cycB=0.326 idtA=0.308 idtB=0.315 D_A=0.383 D_B=0.382 D_A(real)=0.56 D_A(fake)=0.44 gnG=29.06 gnD=16.92 it_per_s=3.40
2026-10-04 00:35:25,586 INFO iter=700 epoch=1 lr=2.00e-04 G=4.356 advA2B=0.433 advB2A=0.464 cycA=0.312 cycB=0.319 idtA=0.305 idtB=0.307 D_A=0.366 D_B=0.367 D_A(real)=0.56 D_A(fake)=0.44 gnG=28.29 gnD=16.60 it_per_s=3.55
2026-10-04 00:35:45,922 INFO iter=800 epoch=1 lr=2.00e-04 G=4.285 advA2B=0.426 advB2A=0.457 cycA=0.305 cycB=0.316 idtA=0.299 idtB=0.303 D_A=0.354 D_B=0.355 D_A(real)=0.57 D_A(fake)=0.43 gnG=27.16 gnD=16.42 it_per_s=3.68
2026-10-04 00:36:06,271 INFO iter=900 epoch=1 lr=2.00e-04 G=4.232 advA2B=0.418 advB2A=0.451 cycA=0.300 cycB=0.313 idtA=0.294 idtB=0.300 D_A=0.341 D_B=0.347 D_A(real)=0.58 D_A(fake)=0.43 gnG=26.41 gnD=16.18 it_per_s=3.79
2026-10-04 00:36:26,388 INFO iter=1000 epoch=1 lr=2.00e-04 G=4.170 advA2B=0.412 advB2A=0.445 cycA=0.296 cycB=0.308 idtA=0.289 idtB=0.296 D_A=0.333 D_B=0.338 D_A(real)=0.58 D_A(fake)=0.42 gnG=25.71 gnD=16.02 it_per_s=3.88
2026-10-04 00:36:46,438 INFO iter=1100 epoch=1 lr=2.00e-04 G=4.153 advA2B=0.412 advB2A=0.443 cycA=0.295 cycB=0.306 idtA=0.288 idtB=0.294 D_A=0.325 D_B=0.330 D_A(real)=0.58 D_A(fake)=0.42 gnG=25.37 gnD=15.91 it_per_s=3.96
2026-10-04 00:37:06,574 INFO iter=1200 epoch=1 lr=2.00e-04 G=4.143 advA2B=0.411 advB2A=0.442 cycA=0.295 cycB=0.305 idtA=0.288 idtB=0.292 D_A=0.320 D_B=0.324 D_A(real)=0.58 D_A(fake)=0.42 gnG=24.94 gnD=15.93 it_per_s=4.03
2026-10-04 00:37:26,728 INFO iter=1300 epoch=1 lr=2.00e-04 G=4.144 advA2B=0.413 advB2A=0.443 cycA=0.295 cycB=0.305 idtA=0.287 idtB=0.291 D_A=0.314 D_B=0.318 D_A(real)=0.59 D_A(fake)=0.41 gnG=24.75 gnD=15.84 it_per_s=4.09
2026-10-04 00:37:46,749 INFO iter=1400 epoch=1 lr=2.00e-04 G=4.147 advA2B=0.412 advB2A=0.446 cycA=0.295 cycB=0.304 idtA=0.288 idtB=0.291 D_A=0.308 D_B=0.314 D_A(real)=0.60 D_A(fake)=0.40 gnG=24.52 gnD=15.87 it_per_s=4.14
2026-10-04 00:38:06,885 INFO iter=1500 epoch=1 lr=2.00e-04 G=4.139 advA2B=0.411 advB2A=0.446 cycA=0.294 cycB=0.305 idtA=0.287 idtB=0.291 D_A=0.305 D_B=0.309 D_A(real)=0.60 D_A(fake)=0.40 gnG=24.19 gnD=15.81 it_per_s=4.19
2026-10-04 00:38:26,311 INFO iter=1600 epoch=1 lr=2.00e-04 G=4.129 advA2B=0.410 advB2A=0.446 cycA=0.293 cycB=0.304 idtA=0.285 idtB=0.290 D_A=0.300 D_B=0.305 D_A(real)=0.61 D_A(fake)=0.40 gnG=23.88 gnD=15.79 it_per_s=4.24
2026-10-04 00:38:50,008 INFO iter=1700 epoch=1 lr=2.00e-04 G=4.115 advA2B=0.410 advB2A=0.446 cycA=0.292 cycB=0.303 idtA=0.285 idtB=0.289 D_A=0.296 D_B=0.302 D_A(real)=0.61 D_A(fake)=0.39 gnG=23.65 gnD=15.71 it_per_s=4.24
2026-10-04 00:39:14,610 INFO iter=1800 epoch=1 lr=2.00e-04 G=4.115 advA2B=0.411 advB2A=0.452 cycA=0.291 cycB=0.302 idtA=0.284 idtB=0.288 D_A=0.293 D_B=0.299 D_A(real)=0.61 D_A(fake)=0.39 gnG=23.44 gnD=15.81 it_per_s=4.23
2026-10-04 00:39:37,293 INFO iter=1900 epoch=1 lr=2.00e-04 G=4.095 advA2B=0.411 advB2A=0.451 cycA=0.288 cycB=0.301 idtA=0.281 idtB=0.288 D_A=0.290 D_B=0.296 D_A(real)=0.61 D_A(fake)=0.39 gnG=23.14 gnD=15.71 it_per_s=4.24
2026-10-04 00:39:59,862 INFO iter=2000 epoch=1 lr=2.00e-04 G=4.087 advA2B=0.411 advB2A=0.452 cycA=0.287 cycB=0.300 idtA=0.280 idtB=0.287 D_A=0.287 D_B=0.294 D_A(real)=0.62 D_A(fake)=0.38 gnG=23.02 gnD=15.65 it_per_s=4.24
2026-10-04 00:40:24,338 INFO iter=2100 epoch=1 lr=2.00e-04 G=4.083 advA2B=0.410 advB2A=0.453 cycA=0.288 cycB=0.300 idtA=0.280 idtB=0.287 D_A=0.284 D_B=0.291 D_A(real)=0.62 D_A(fake)=0.38 gnG=22.94 gnD=15.62 it_per_s=4.24
2026-10-04 00:40:44,700 INFO iter=2200 epoch=1 lr=2.00e-04 G=4.084 advA2B=0.410 advB2A=0.456 cycA=0.288 cycB=0.299 idtA=0.281 idtB=0.286 D_A=0.280 D_B=0.289 D_A(real)=0.63 D_A(fake)=0.37 gnG=22.78 gnD=15.57 it_per_s=4.26
2026-10-04 00:41:04,803 INFO iter=2300 epoch=1 lr=2.00e-04 G=4.072 advA2B=0.411 advB2A=0.455 cycA=0.286 cycB=0.298 idtA=0.281 idtB=0.286 D_A=0.277 D_B=0.287 D_A(real)=0.63 D_A(fake)=0.37 gnG=22.60 gnD=15.56 it_per_s=4.29
2026-10-04 00:41:27,375 INFO iter=2400 epoch=1 lr=2.00e-04 G=4.049 advA2B=0.410 advB2A=0.452 cycA=0.285 cycB=0.297 idtA=0.279 idtB=0.284 D_A=0.275 D_B=0.285 D_A(real)=0.63 D_A(fake)=0.37 gnG=22.40 gnD=15.51 it_per_s=4.30
2026-10-04 00:41:49,831 INFO iter=2500 epoch=1 lr=2.00e-04 G=4.020 advA2B=0.411 advB2A=0.449 cycA=0.282 cycB=0.294 idtA=0.278 idtB=0.281 D_A=0.274 D_B=0.282 D_A(real)=0.63 D_A(fake)=0.37 gnG=22.15 gnD=15.45 it_per_s=4.30
2026-10-04 00:42:14,240 INFO iter=2600 epoch=1 lr=2.00e-04 G=4.000 advA2B=0.410 advB2A=0.448 cycA=0.281 cycB=0.292 idtA=0.276 idtB=0.280 D_A=0.273 D_B=0.282 D_A(real)=0.63 D_A(fake)=0.37 gnG=22.01 gnD=15.43 it_per_s=4.29
2026-10-04 00:42:38,220 INFO iter=2700 epoch=1 lr=2.00e-04 G=3.981 advA2B=0.408 advB2A=0.446 cycA=0.279 cycB=0.291 idtA=0.275 idtB=0.279 D_A=0.271 D_B=0.280 D_A(real)=0.63 D_A(fake)=0.37 gnG=21.84 gnD=15.35 it_per_s=4.29
2026-10-04 00:43:02,470 INFO iter=2800 epoch=1 lr=2.00e-04 G=3.961 advA2B=0.407 advB2A=0.444 cycA=0.277 cycB=0.289 idtA=0.274 idtB=0.279 D_A=0.270 D_B=0.280 D_A(real)=0.63 D_A(fake)=0.37 gnG=21.68 gnD=15.30 it_per_s=4.28
2026-10-04 00:43:25,345 INFO iter=2900 epoch=1 lr=2.00e-04 G=3.941 advA2B=0.405 advB2A=0.441 cycA=0.276 cycB=0.288 idtA=0.273 idtB=0.277 D_A=0.270 D_B=0.279 D_A(real)=0.63 D_A(fake)=0.37 gnG=21.56 gnD=15.25 it_per_s=4.29
2026-10-04 00:43:47,979 INFO iter=3000 epoch=1 lr=2.00e-04 G=3.923 advA2B=0.404 advB2A=0.439 cycA=0.275 cycB=0.287 idtA=0.272 idtB=0.276 D_A=0.269 D_B=0.278 D_A(real)=0.63 D_A(fake)=0.37 gnG=21.39 gnD=15.15 it_per_s=4.29
2026-10-04 00:44:12,430 INFO iter=3100 epoch=1 lr=2.00e-04 G=3.904 advA2B=0.404 advB2A=0.437 cycA=0.273 cycB=0.285 idtA=0.271 idtB=0.275 D_A=0.268 D_B=0.277 D_A(real)=0.63 D_A(fake)=0.37 gnG=21.21 gnD=15.10 it_per_s=4.28
2026-10-04 00:44:36,422 INFO iter=3200 epoch=1 lr=2.00e-04 G=3.888 advA2B=0.403 advB2A=0.435 cycA=0.272 cycB=0.284 idtA=0.270 idtB=0.274 D_A=0.268 D_B=0.276 D_A(real)=0.62 D_A(fake)=0.38 gnG=21.06 gnD=15.05 it_per_s=4.28
2026-10-04 00:45:00,646 INFO iter=3300 epoch=1 lr=2.00e-04 G=3.873 advA2B=0.402 advB2A=0.434 cycA=0.270 cycB=0.283 idtA=0.269 idtB=0.273 D_A=0.267 D_B=0.275 D_A(real)=0.62 D_A(fake)=0.38 gnG=20.91 gnD=15.02 it_per_s=4.27
2026-10-04 00:45:23,446 INFO iter=3400 epoch=1 lr=2.00e-04 G=3.857 advA2B=0.400 advB2A=0.433 cycA=0.269 cycB=0.282 idtA=0.268 idtB=0.272 D_A=0.266 D_B=0.275 D_A(real)=0.62 D_A(fake)=0.38 gnG=20.77 gnD=15.00 it_per_s=4.28
2026-10-04 00:45:46,139 INFO iter=3500 epoch=1 lr=2.00e-04 G=3.843 advA2B=0.399 advB2A=0.431 cycA=0.267 cycB=0.281 idtA=0.267 idtB=0.272 D_A=0.266 D_B=0.274 D_A(real)=0.62 D_A(fake)=0.38 gnG=20.62 gnD=14.93 it_per_s=4.28
2026-10-04 00:46:10,593 INFO iter=3600 epoch=1 lr=2.00e-04 G=3.826 advA2B=0.398 advB2A=0.430 cycA=0.266 cycB=0.280 idtA=0.267 idtB=0.272 D_A=0.265 D_B=0.274 D_A(real)=0.62 D_A(fake)=0.38 gnG=20.48 gnD=14.87 it_per_s=4.28
2026-10-04 00:46:31,018 INFO iter=3700 epoch=1 lr=2.00e-04 G=3.809 advA2B=0.395 advB2A=0.431 cycA=0.264 cycB=0.278 idtA=0.266 idtB=0.270 D_A=0.264 D_B=0.274 D_A(real)=0.63 D_A(fake)=0.38 gnG=20.36 gnD=14.83 it_per_s=4.29
2026-10-04 00:46:52,774 INFO iter=3800 epoch=1 lr=2.00e-04 G=3.793 advA2B=0.394 advB2A=0.429 cycA=0.263 cycB=0.277 idtA=0.266 idtB=0.270 D_A=0.264 D_B=0.273 D_A(real)=0.62 D_A(fake)=0.38 gnG=20.25 gnD=14.78 it_per_s=4.30
2026-10-04 00:47:19,085 INFO iter=3900 epoch=1 lr=2.00e-04 G=3.775 advA2B=0.393 advB2A=0.426 cycA=0.262 cycB=0.276 idtA=0.264 idtB=0.269 D_A=0.264 D_B=0.273 D_A(real)=0.62 D_A(fake)=0.38 gnG=20.13 gnD=14.71 it_per_s=4.28
2026-10-04 00:47:51,135 INFO iter=4000 epoch=1 lr=2.00e-04 G=3.762 advA2B=0.392 advB2A=0.424 cycA=0.260 cycB=0.275 idtA=0.264 idtB=0.268 D_A=0.264 D_B=0.272 D_A(real)=0.62 D_A(fake)=0.38 gnG=20.01 gnD=14.67 it_per_s=4.24
2026-10-04 00:48:23,266 INFO iter=4100 epoch=1 lr=2.00e-04 G=3.744 advA2B=0.391 advB2A=0.422 cycA=0.259 cycB=0.274 idtA=0.263 idtB=0.267 D_A=0.264 D_B=0.272 D_A(real)=0.62 D_A(fake)=0.38 gnG=19.88 gnD=14.61 it_per_s=4.21
2026-10-04 00:48:50,326 INFO iter=4200 epoch=1 lr=2.00e-04 G=3.725 advA2B=0.390 advB2A=0.420 cycA=0.258 cycB=0.272 idtA=0.262 idtB=0.266 D_A=0.264 D_B=0.271 D_A(real)=0.62 D_A(fake)=0.38 gnG=19.77 gnD=14.56 it_per_s=4.19
2026-10-04 00:49:11,819 INFO iter=4300 epoch=1 lr=2.00e-04 G=3.714 advA2B=0.390 advB2A=0.419 cycA=0.257 cycB=0.272 idtA=0.261 idtB=0.265 D_A=0.263 D_B=0.271 D_A(real)=0.61 D_A(fake)=0.39 gnG=19.69 gnD=14.50 it_per_s=4.20
2026-10-04 00:49:31,939 INFO iter=4400 epoch=1 lr=2.00e-04 G=3.703 advA2B=0.390 advB2A=0.417 cycA=0.256 cycB=0.271 idtA=0.261 idtB=0.265 D_A=0.263 D_B=0.271 D_A(real)=0.61 D_A(fake)=0.39 gnG=19.59 gnD=14.47 it_per_s=4.22
2026-10-04 00:49:52,056 INFO iter=4500 epoch=1 lr=2.00e-04 G=3.692 advA2B=0.389 advB2A=0.416 cycA=0.255 cycB=0.270 idtA=0.260 idtB=0.265 D_A=0.263 D_B=0.270 D_A(real)=0.61 D_A(fake)=0.39 gnG=19.49 gnD=14.43 it_per_s=4.23
2026-10-04 00:50:12,993 INFO iter=4600 epoch=1 lr=2.00e-04 G=3.682 advA2B=0.388 advB2A=0.415 cycA=0.254 cycB=0.269 idtA=0.259 idtB=0.264 D_A=0.263 D_B=0.270 D_A(real)=0.61 D_A(fake)=0.39 gnG=19.40 gnD=14.39 it_per_s=4.24
2026-10-04 00:50:34,068 INFO iter=4700 epoch=1 lr=2.00e-04 G=3.671 advA2B=0.387 advB2A=0.415 cycA=0.253 cycB=0.268 idtA=0.259 idtB=0.263 D_A=0.263 D_B=0.270 D_A(real)=0.61 D_A(fake)=0.39 gnG=19.31 gnD=14.34 it_per_s=4.25
2026-10-04 00:50:54,628 INFO iter=4800 epoch=1 lr=2.00e-04 G=3.663 advA2B=0.387 advB2A=0.414 cycA=0.253 cycB=0.267 idtA=0.259 idtB=0.263 D_A=0.263 D_B=0.269 D_A(real)=0.61 D_A(fake)=0.39 gnG=19.24 gnD=14.32 it_per_s=4.26
2026-10-04 00:51:15,216 INFO iter=4900 epoch=1 lr=2.00e-04 G=3.653 advA2B=0.388 advB2A=0.413 cycA=0.252 cycB=0.267 idtA=0.258 idtB=0.262 D_A=0.262 D_B=0.269 D_A(real)=0.61 D_A(fake)=0.39 gnG=19.15 gnD=14.29 it_per_s=4.27
2026-10-04 00:51:35,341 INFO iter=5000 epoch=1 lr=2.00e-04 G=3.641 advA2B=0.387 advB2A=0.412 cycA=0.251 cycB=0.266 idtA=0.257 idtB=0.262 D_A=0.262 D_B=0.268 D_A(real)=0.61 D_A(fake)=0.39 gnG=19.05 gnD=14.27 it_per_s=4.29
2026-10-04 00:51:55,464 INFO iter=5100 epoch=1 lr=2.00e-04 G=3.628 advA2B=0.387 advB2A=0.411 cycA=0.250 cycB=0.265 idtA=0.256 idtB=0.261 D_A=0.262 D_B=0.268 D_A(real)=0.61 D_A(fake)=0.39 gnG=18.94 gnD=14.23 it_per_s=4.30
2026-10-04 00:52:15,595 INFO iter=5200 epoch=1 lr=2.00e-04 G=3.617 advA2B=0.386 advB2A=0.410 cycA=0.249 cycB=0.264 idtA=0.256 idtB=0.260 D_A=0.262 D_B=0.268 D_A(real)=0.61 D_A(fake)=0.39 gnG=18.86 gnD=14.19 it_per_s=4.31
2026-10-04 00:52:35,700 INFO iter=5300 epoch=1 lr=2.00e-04 G=3.607 advA2B=0.386 advB2A=0.409 cycA=0.248 cycB=0.263 idtA=0.255 idtB=0.259 D_A=0.262 D_B=0.268 D_A(real)=0.61 D_A(fake)=0.39 gnG=18.78 gnD=14.16 it_per_s=4.32
2026-10-04 00:52:55,736 INFO iter=5400 epoch=1 lr=2.00e-04 G=3.599 advA2B=0.386 advB2A=0.409 cycA=0.247 cycB=0.262 idtA=0.255 idtB=0.260 D_A=0.261 D_B=0.267 D_A(real)=0.61 D_A(fake)=0.39 gnG=18.68 gnD=14.13 it_per_s=4.33
2026-10-04 00:53:15,908 INFO iter=5500 epoch=1 lr=2.00e-04 G=3.588 advA2B=0.386 advB2A=0.408 cycA=0.246 cycB=0.261 idtA=0.254 idtB=0.259 D_A=0.261 D_B=0.267 D_A(real)=0.61 D_A(fake)=0.39 gnG=18.59 gnD=14.10 it_per_s=4.34
2026-10-04 00:53:35,994 INFO iter=5600 epoch=1 lr=2.00e-04 G=3.580 advA2B=0.386 advB2A=0.407 cycA=0.246 cycB=0.261 idtA=0.254 idtB=0.258 D_A=0.261 D_B=0.267 D_A(real)=0.61 D_A(fake)=0.39 gnG=18.50 gnD=14.06 it_per_s=4.35
2026-10-04 00:53:56,073 INFO iter=5700 epoch=1 lr=2.00e-04 G=3.571 advA2B=0.385 advB2A=0.406 cycA=0.245 cycB=0.260 idtA=0.253 idtB=0.258 D_A=0.261 D_B=0.266 D_A(real)=0.60 D_A(fake)=0.39 gnG=18.42 gnD=14.02 it_per_s=4.36
2026-10-04 00:54:16,152 INFO iter=5800 epoch=1 lr=2.00e-04 G=3.562 advA2B=0.385 advB2A=0.406 cycA=0.244 cycB=0.259 idtA=0.253 idtB=0.257 D_A=0.260 D_B=0.266 D_A(real)=0.60 D_A(fake)=0.40 gnG=18.35 gnD=13.99 it_per_s=4.37
2026-10-04 00:54:36,230 INFO iter=5900 epoch=1 lr=2.00e-04 G=3.552 advA2B=0.384 advB2A=0.405 cycA=0.243 cycB=0.258 idtA=0.252 idtB=0.257 D_A=0.260 D_B=0.266 D_A(real)=0.60 D_A(fake)=0.40 gnG=18.26 gnD=13.95 it_per_s=4.38
2026-10-04 00:54:56,424 INFO iter=6000 epoch=1 lr=2.00e-04 G=3.544 advA2B=0.384 advB2A=0.405 cycA=0.243 cycB=0.258 idtA=0.252 idtB=0.257 D_A=0.260 D_B=0.266 D_A(real)=0.60 D_A(fake)=0.40 gnG=18.20 gnD=13.92 it_per_s=4.39
2026-10-04 00:55:16,563 INFO iter=6100 epoch=1 lr=2.00e-04 G=3.533 advA2B=0.383 advB2A=0.404 cycA=0.242 cycB=0.257 idtA=0.252 idtB=0.256 D_A=0.260 D_B=0.265 D_A(real)=0.60 D_A(fake)=0.40 gnG=18.12 gnD=13.90 it_per_s=4.40
2026-10-04 00:55:36,695 INFO iter=6200 epoch=1 lr=2.00e-04 G=3.523 advA2B=0.383 advB2A=0.403 cycA=0.241 cycB=0.256 idtA=0.251 idtB=0.256 D_A=0.260 D_B=0.265 D_A(real)=0.60 D_A(fake)=0.40 gnG=18.04 gnD=13.86 it_per_s=4.40
2026-10-04 00:55:56,737 INFO iter=6300 epoch=1 lr=2.00e-04 G=3.516 advA2B=0.383 advB2A=0.402 cycA=0.240 cycB=0.255 idtA=0.251 idtB=0.255 D_A=0.260 D_B=0.265 D_A(real)=0.60 D_A(fake)=0.40 gnG=17.97 gnD=13.84 it_per_s=4.41
2026-10-04 00:56:16,853 INFO iter=6400 epoch=1 lr=2.00e-04 G=3.507 advA2B=0.382 advB2A=0.402 cycA=0.240 cycB=0.254 idtA=0.251 idtB=0.254 D_A=0.259 D_B=0.265 D_A(real)=0.60 D_A(fake)=0.40 gnG=17.89 gnD=13.80 it_per_s=4.42
2026-10-04 00:56:36,988 INFO iter=6500 epoch=1 lr=2.00e-04 G=3.500 advA2B=0.382 advB2A=0.401 cycA=0.239 cycB=0.254 idtA=0.251 idtB=0.254 D_A=0.259 D_B=0.265 D_A(real)=0.60 D_A(fake)=0.40 gnG=17.84 gnD=13.79 it_per_s=4.43
2026-10-04 00:56:57,083 INFO iter=6600 epoch=1 lr=2.00e-04 G=3.492 advA2B=0.381 advB2A=0.401 cycA=0.239 cycB=0.253 idtA=0.250 idtB=0.254 D_A=0.259 D_B=0.265 D_A(real)=0.60 D_A(fake)=0.40 gnG=17.76 gnD=13.75 it_per_s=4.43
2026-10-04 00:57:17,237 INFO iter=6700 epoch=1 lr=2.00e-04 G=3.487 advA2B=0.381 advB2A=0.401 cycA=0.238 cycB=0.252 idtA=0.250 idtB=0.253 D_A=0.259 D_B=0.264 D_A(real)=0.60 D_A(fake)=0.40 gnG=17.71 gnD=13.72 it_per_s=4.44
2026-10-04 00:57:37,357 INFO iter=6800 epoch=1 lr=2.00e-04 G=3.478 advA2B=0.381 advB2A=0.400 cycA=0.237 cycB=0.252 idtA=0.250 idtB=0.253 D_A=0.259 D_B=0.264 D_A(real)=0.60 D_A(fake)=0.40 gnG=17.65 gnD=13.71 it_per_s=4.45
2026-10-04 00:57:57,481 INFO iter=6900 epoch=1 lr=2.00e-04 G=3.473 advA2B=0.380 advB2A=0.401 cycA=0.237 cycB=0.251 idtA=0.249 idtB=0.252 D_A=0.258 D_B=0.264 D_A(real)=0.60 D_A(fake)=0.40 gnG=17.59 gnD=13.68 it_per_s=4.45
2026-10-04 00:58:17,572 INFO iter=7000 epoch=1 lr=2.00e-04 G=3.469 advA2B=0.380 advB2A=0.401 cycA=0.236 cycB=0.251 idtA=0.249 idtB=0.252 D_A=0.258 D_B=0.264 D_A(real)=0.60 D_A(fake)=0.40 gnG=17.55 gnD=13.66 it_per_s=4.46
2026-10-04 00:58:25,203 INFO epoch=1 done time_s=1577 it_per_s=4.46 G=3.466 cycA=0.236 cycB=0.251 idtA=0.249 idtB=0.252 D_A=0.258 D_B=0.264 D_A(real)=0.60 D_A(fake)=0.40 nan_count=0
2026-10-04 00:58:52,598 INFO iter=7100 epoch=2 lr=2.00e-04 G=2.945 advA2B=0.338 advB2A=0.324 cycA=0.196 cycB=0.214 idtA=0.241 idtB=0.221 D_A=0.238 D_B=0.269 D_A(real)=0.62 D_A(fake)=0.40 gnG=12.80 gnD=10.68 it_per_s=4.90
2026-10-04 00:59:12,831 INFO iter=7200 epoch=2 lr=2.00e-04 G=2.970 advA2B=0.338 advB2A=0.361 cycA=0.201 cycB=0.207 idtA=0.234 idtB=0.225 D_A=0.234 D_B=0.258 D_A(real)=0.62 D_A(fake)=0.40 gnG=14.19 gnD=11.15 it_per_s=4.93
2026-10-04 00:59:33,060 INFO iter=7300 epoch=2 lr=2.00e-04 G=3.003 advA2B=0.341 advB2A=0.380 cycA=0.203 cycB=0.207 idtA=0.237 idtB=0.230 D_A=0.240 D_B=0.256 D_A(real)=0.62 D_A(fake)=0.39 gnG=14.16 gnD=11.56 it_per_s=4.93
2026-10-04 00:59:53,204 INFO iter=7400 epoch=2 lr=2.00e-04 G=3.008 advA2B=0.349 advB2A=0.384 cycA=0.200 cycB=0.208 idtA=0.235 idtB=0.229 D_A=0.240 D_B=0.253 D_A(real)=0.62 D_A(fake)=0.38 gnG=14.12 gnD=11.78 it_per_s=4.94
2026-10-04 01:00:13,401 INFO iter=7500 epoch=2 lr=2.00e-04 G=2.986 advA2B=0.360 advB2A=0.376 cycA=0.198 cycB=0.207 idtA=0.229 idtB=0.227 D_A=0.239 D_B=0.250 D_A(real)=0.62 D_A(fake)=0.39 gnG=13.93 gnD=11.79 it_per_s=4.94
2026-10-04 01:00:33,525 INFO iter=7600 epoch=2 lr=2.00e-04 G=2.968 advA2B=0.362 advB2A=0.377 cycA=0.196 cycB=0.205 idtA=0.228 idtB=0.226 D_A=0.243 D_B=0.249 D_A(real)=0.61 D_A(fake)=0.40 gnG=13.63 gnD=11.81 it_per_s=4.95
2026-10-04 01:00:53,650 INFO iter=7700 epoch=2 lr=2.00e-04 G=2.953 advA2B=0.356 advB2A=0.376 cycA=0.194 cycB=0.205 idtA=0.225 idtB=0.227 D_A=0.243 D_B=0.250 D_A(real)=0.60 D_A(fake)=0.40 gnG=13.68 gnD=11.61 it_per_s=4.95
2026-10-04 01:01:13,767 INFO iter=7800 epoch=2 lr=2.00e-04 G=2.961 advA2B=0.359 advB2A=0.377 cycA=0.194 cycB=0.205 idtA=0.225 idtB=0.227 D_A=0.243 D_B=0.251 D_A(real)=0.60 D_A(fake)=0.40 gnG=13.56 gnD=11.55 it_per_s=4.95
2026-10-04 01:01:33,933 INFO iter=7900 epoch=2 lr=2.00e-04 G=2.955 advA2B=0.356 advB2A=0.377 cycA=0.194 cycB=0.206 idtA=0.224 idtB=0.226 D_A=0.244 D_B=0.251 D_A(real)=0.60 D_A(fake)=0.40 gnG=13.49 gnD=11.56 it_per_s=4.95
2026-10-04 01:01:54,109 INFO iter=8000 epoch=2 lr=2.00e-04 G=2.952 advA2B=0.360 advB2A=0.378 cycA=0.194 cycB=0.204 idtA=0.224 idtB=0.226 D_A=0.244 D_B=0.251 D_A(real)=0.60 D_A(fake)=0.40 gnG=13.49 gnD=11.57 it_per_s=4.95
2026-10-04 01:02:14,346 INFO iter=8100 epoch=2 lr=2.00e-04 G=2.959 advA2B=0.361 advB2A=0.377 cycA=0.194 cycB=0.205 idtA=0.224 idtB=0.225 D_A=0.244 D_B=0.250 D_A(real)=0.60 D_A(fake)=0.41 gnG=13.48 gnD=11.54 it_per_s=4.95
2026-10-04 01:02:34,415 INFO iter=8200 epoch=2 lr=2.00e-04 G=2.959 advA2B=0.362 advB2A=0.376 cycA=0.194 cycB=0.205 idtA=0.224 idtB=0.226 D_A=0.245 D_B=0.250 D_A(real)=0.60 D_A(fake)=0.41 gnG=13.49 gnD=11.56 it_per_s=4.96
2026-10-04 01:02:54,579 INFO iter=8300 epoch=2 lr=2.00e-04 G=2.956 advA2B=0.361 advB2A=0.375 cycA=0.194 cycB=0.205 idtA=0.226 idtB=0.225 D_A=0.245 D_B=0.251 D_A(real)=0.59 D_A(fake)=0.41 gnG=13.44 gnD=11.48 it_per_s=4.96
2026-10-04 01:03:14,767 INFO iter=8400 epoch=2 lr=2.00e-04 G=2.947 advA2B=0.360 advB2A=0.374 cycA=0.193 cycB=0.204 idtA=0.225 idtB=0.224 D_A=0.244 D_B=0.250 D_A(real)=0.59 D_A(fake)=0.41 gnG=13.37 gnD=11.39 it_per_s=4.96
2026-10-04 01:03:34,990 INFO iter=8500 epoch=2 lr=2.00e-04 G=2.943 advA2B=0.358 advB2A=0.371 cycA=0.193 cycB=0.205 idtA=0.224 idtB=0.224 D_A=0.246 D_B=0.250 D_A(real)=0.59 D_A(fake)=0.41 gnG=13.41 gnD=11.38 it_per_s=4.96
2026-10-04 01:03:55,163 INFO iter=8600 epoch=2 lr=2.00e-04 G=2.936 advA2B=0.358 advB2A=0.371 cycA=0.192 cycB=0.204 idtA=0.223 idtB=0.224 D_A=0.246 D_B=0.250 D_A(real)=0.59 D_A(fake)=0.41 gnG=13.34 gnD=11.34 it_per_s=4.96
2026-10-04 01:04:15,330 INFO iter=8700 epoch=2 lr=2.00e-04 G=2.929 advA2B=0.357 advB2A=0.370 cycA=0.192 cycB=0.204 idtA=0.223 idtB=0.224 D_A=0.247 D_B=0.250 D_A(real)=0.59 D_A(fake)=0.42 gnG=13.32 gnD=11.32 it_per_s=4.96
2026-10-04 01:04:35,467 INFO iter=8800 epoch=2 lr=2.00e-04 G=2.930 advA2B=0.357 advB2A=0.371 cycA=0.192 cycB=0.204 idtA=0.223 idtB=0.223 D_A=0.246 D_B=0.250 D_A(real)=0.59 D_A(fake)=0.41 gnG=13.37 gnD=11.31 it_per_s=4.96
2026-10-04 01:04:55,594 INFO iter=8900 epoch=2 lr=2.00e-04 G=2.929 advA2B=0.358 advB2A=0.372 cycA=0.192 cycB=0.204 idtA=0.222 idtB=0.223 D_A=0.246 D_B=0.250 D_A(real)=0.59 D_A(fake)=0.41 gnG=13.30 gnD=11.35 it_per_s=4.96
2026-10-04 01:05:15,233 INFO iter=9000 epoch=2 lr=2.00e-04 G=2.924 advA2B=0.358 advB2A=0.372 cycA=0.191 cycB=0.203 idtA=0.222 idtB=0.223 D_A=0.247 D_B=0.250 D_A(real)=0.59 D_A(fake)=0.41 gnG=13.25 gnD=11.39 it_per_s=4.96
2026-10-04 01:05:35,486 INFO iter=9100 epoch=2 lr=2.00e-04 G=2.916 advA2B=0.356 advB2A=0.371 cycA=0.191 cycB=0.203 idtA=0.222 idtB=0.223 D_A=0.247 D_B=0.250 D_A(real)=0.59 D_A(fake)=0.41 gnG=13.17 gnD=11.35 it_per_s=4.96
2026-10-04 01:05:55,657 INFO iter=9200 epoch=2 lr=2.00e-04 G=2.920 advA2B=0.357 advB2A=0.372 cycA=0.191 cycB=0.203 idtA=0.222 idtB=0.223 D_A=0.248 D_B=0.250 D_A(real)=0.59 D_A(fake)=0.41 gnG=13.15 gnD=11.36 it_per_s=4.96
2026-10-04 01:06:15,807 INFO iter=9300 epoch=2 lr=2.00e-04 G=2.915 advA2B=0.357 advB2A=0.372 cycA=0.191 cycB=0.202 idtA=0.221 idtB=0.222 D_A=0.247 D_B=0.250 D_A(real)=0.59 D_A(fake)=0.41 gnG=13.07 gnD=11.33 it_per_s=4.96
2026-10-04 01:06:35,946 INFO iter=9400 epoch=2 lr=2.00e-04 G=2.906 advA2B=0.357 advB2A=0.371 cycA=0.190 cycB=0.202 idtA=0.221 idtB=0.222 D_A=0.247 D_B=0.250 D_A(real)=0.59 D_A(fake)=0.41 gnG=13.01 gnD=11.27 it_per_s=4.96
2026-10-04 01:06:56,089 INFO iter=9500 epoch=2 lr=2.00e-04 G=2.903 advA2B=0.358 advB2A=0.372 cycA=0.189 cycB=0.201 idtA=0.221 idtB=0.222 D_A=0.246 D_B=0.250 D_A(real)=0.59 D_A(fake)=0.41 gnG=12.99 gnD=11.26 it_per_s=4.96
2026-10-04 01:07:16,230 INFO iter=9600 epoch=2 lr=2.00e-04 G=2.898 advA2B=0.358 advB2A=0.372 cycA=0.188 cycB=0.201 idtA=0.220 idtB=0.222 D_A=0.247 D_B=0.250 D_A(real)=0.59 D_A(fake)=0.41 gnG=12.94 gnD=11.25 it_per_s=4.96
2026-10-04 01:07:36,357 INFO iter=9700 epoch=2 lr=2.00e-04 G=2.897 advA2B=0.358 advB2A=0.372 cycA=0.188 cycB=0.201 idtA=0.220 idtB=0.221 D_A=0.247 D_B=0.249 D_A(real)=0.59 D_A(fake)=0.41 gnG=12.95 gnD=11.29 it_per_s=4.96
2026-10-04 01:07:56,470 INFO iter=9800 epoch=2 lr=2.00e-04 G=2.896 advA2B=0.359 advB2A=0.371 cycA=0.188 cycB=0.201 idtA=0.220 idtB=0.222 D_A=0.246 D_B=0.250 D_A(real)=0.59 D_A(fake)=0.41 gnG=12.93 gnD=11.26 it_per_s=4.96
2026-10-04 01:08:16,607 INFO iter=9900 epoch=2 lr=2.00e-04 G=2.898 advA2B=0.358 advB2A=0.373 cycA=0.188 cycB=0.201 idtA=0.220 idtB=0.222 D_A=0.247 D_B=0.249 D_A(real)=0.59 D_A(fake)=0.41 gnG=12.94 gnD=11.26 it_per_s=4.96
2026-10-04 01:08:36,771 INFO iter=10000 epoch=2 lr=2.00e-04 G=2.900 advA2B=0.359 advB2A=0.373 cycA=0.188 cycB=0.201 idtA=0.220 idtB=0.222 D_A=0.246 D_B=0.249 D_A(real)=0.59 D_A(fake)=0.41 gnG=12.97 gnD=11.26 it_per_s=4.96
2026-10-04 01:08:56,837 INFO iter=10100 epoch=2 lr=2.00e-04 G=2.897 advA2B=0.359 advB2A=0.373 cycA=0.188 cycB=0.201 idtA=0.220 idtB=0.222 D_A=0.247 D_B=0.249 D_A(real)=0.59 D_A(fake)=0.41 gnG=12.95 gnD=11.24 it_per_s=4.96
2026-10-04 01:09:16,938 INFO iter=10200 epoch=2 lr=2.00e-04 G=2.897 advA2B=0.359 advB2A=0.373 cycA=0.188 cycB=0.201 idtA=0.220 idtB=0.222 D_A=0.247 D_B=0.249 D_A(real)=0.59 D_A(fake)=0.41 gnG=12.94 gnD=11.24 it_per_s=4.96
2026-10-04 01:09:37,023 INFO iter=10300 epoch=2 lr=2.00e-04 G=2.893 advA2B=0.360 advB2A=0.374 cycA=0.187 cycB=0.200 idtA=0.220 idtB=0.221 D_A=0.246 D_B=0.248 D_A(real)=0.59 D_A(fake)=0.41 gnG=12.93 gnD=11.22 it_per_s=4.96
2026-10-04 01:09:57,295 INFO iter=10400 epoch=2 lr=2.00e-04 G=2.892 advA2B=0.360 advB2A=0.374 cycA=0.187 cycB=0.200 idtA=0.220 idtB=0.222 D_A=0.246 D_B=0.249 D_A(real)=0.59 D_A(fake)=0.41 gnG=12.96 gnD=11.24 it_per_s=4.96
2026-10-04 01:10:17,406 INFO iter=10500 epoch=2 lr=2.00e-04 G=2.898 advA2B=0.360 advB2A=0.378 cycA=0.187 cycB=0.200 idtA=0.220 idtB=0.222 D_A=0.245 D_B=0.248 D_A(real)=0.60 D_A(fake)=0.41 gnG=12.96 gnD=11.24 it_per_s=4.96
2026-10-04 01:10:37,518 INFO iter=10600 epoch=2 lr=2.00e-04 G=2.896 advA2B=0.359 advB2A=0.379 cycA=0.187 cycB=0.200 idtA=0.220 idtB=0.221 D_A=0.245 D_B=0.249 D_A(real)=0.60 D_A(fake)=0.40 gnG=12.98 gnD=11.24 it_per_s=4.96
2026-10-04 01:10:57,703 INFO iter=10700 epoch=2 lr=2.00e-04 G=2.899 advA2B=0.360 advB2A=0.380 cycA=0.187 cycB=0.201 idtA=0.220 idtB=0.221 D_A=0.245 D_B=0.248 D_A(real)=0.60 D_A(fake)=0.40 gnG=13.01 gnD=11.25 it_per_s=4.96
2026-10-04 01:11:17,863 INFO iter=10800 epoch=2 lr=2.00e-04 G=2.897 advA2B=0.360 advB2A=0.380 cycA=0.187 cycB=0.200 idtA=0.220 idtB=0.221 D_A=0.244 D_B=0.248 D_A(real)=0.60 D_A(fake)=0.40 gnG=13.00 gnD=11.24 it_per_s=4.96
2026-10-04 01:11:38,254 INFO iter=10900 epoch=2 lr=2.00e-04 G=2.896 advA2B=0.360 advB2A=0.380 cycA=0.187 cycB=0.200 idtA=0.220 idtB=0.221 D_A=0.244 D_B=0.248 D_A(real)=0.60 D_A(fake)=0.40 gnG=13.00 gnD=11.25 it_per_s=4.96
2026-10-04 01:11:58,427 INFO iter=11000 epoch=2 lr=2.00e-04 G=2.901 advA2B=0.360 advB2A=0.382 cycA=0.188 cycB=0.200 idtA=0.221 idtB=0.221 D_A=0.244 D_B=0.248 D_A(real)=0.60 D_A(fake)=0.40 gnG=13.06 gnD=11.22 it_per_s=4.96
2026-10-04 01:12:18,677 INFO iter=11100 epoch=2 lr=2.00e-04 G=2.902 advA2B=0.360 advB2A=0.382 cycA=0.187 cycB=0.200 idtA=0.220 idtB=0.222 D_A=0.243 D_B=0.248 D_A(real)=0.60 D_A(fake)=0.40 gnG=13.06 gnD=11.21 it_per_s=4.96
2026-10-04 01:12:38,754 INFO iter=11200 epoch=2 lr=2.00e-04 G=2.902 advA2B=0.360 advB2A=0.383 cycA=0.187 cycB=0.200 idtA=0.220 idtB=0.222 D_A=0.243 D_B=0.248 D_A(real)=0.60 D_A(fake)=0.40 gnG=13.05 gnD=11.20 it_per_s=4.96
2026-10-04 01:12:58,860 INFO iter=11300 epoch=2 lr=2.00e-04 G=2.897 advA2B=0.360 advB2A=0.384 cycA=0.187 cycB=0.199 idtA=0.220 idtB=0.221 D_A=0.243 D_B=0.248 D_A(real)=0.60 D_A(fake)=0.40 gnG=13.03 gnD=11.18 it_per_s=4.96
2026-10-04 01:13:19,036 INFO iter=11400 epoch=2 lr=2.00e-04 G=2.892 advA2B=0.360 advB2A=0.384 cycA=0.187 cycB=0.199 idtA=0.220 idtB=0.221 D_A=0.242 D_B=0.248 D_A(real)=0.61 D_A(fake)=0.40 gnG=13.01 gnD=11.18 it_per_s=4.96
2026-10-04 01:13:39,137 INFO iter=11500 epoch=2 lr=2.00e-04 G=2.890 advA2B=0.359 advB2A=0.384 cycA=0.186 cycB=0.199 idtA=0.220 idtB=0.221 D_A=0.242 D_B=0.248 D_A(real)=0.61 D_A(fake)=0.40 gnG=13.00 gnD=11.16 it_per_s=4.96
2026-10-04 01:13:59,179 INFO iter=11600 epoch=2 lr=2.00e-04 G=2.893 advA2B=0.360 advB2A=0.384 cycA=0.187 cycB=0.199 idtA=0.220 idtB=0.221 D_A=0.242 D_B=0.248 D_A(real)=0.61 D_A(fake)=0.40 gnG=13.02 gnD=11.15 it_per_s=4.96
2026-10-04 01:14:19,301 INFO iter=11700 epoch=2 lr=2.00e-04 G=2.892 advA2B=0.360 advB2A=0.385 cycA=0.187 cycB=0.199 idtA=0.220 idtB=0.221 D_A=0.242 D_B=0.247 D_A(real)=0.61 D_A(fake)=0.40 gnG=13.03 gnD=11.14 it_per_s=4.96
2026-10-04 01:14:39,371 INFO iter=11800 epoch=2 lr=2.00e-04 G=2.889 advA2B=0.360 advB2A=0.385 cycA=0.186 cycB=0.198 idtA=0.220 idtB=0.220 D_A=0.242 D_B=0.247 D_A(real)=0.61 D_A(fake)=0.40 gnG=13.01 gnD=11.13 it_per_s=4.96
2026-10-04 01:14:59,550 INFO iter=11900 epoch=2 lr=2.00e-04 G=2.887 advA2B=0.361 advB2A=0.384 cycA=0.186 cycB=0.198 idtA=0.220 idtB=0.220 D_A=0.242 D_B=0.247 D_A(real)=0.61 D_A(fake)=0.40 gnG=13.02 gnD=11.13 it_per_s=4.96
2026-10-04 01:15:19,665 INFO iter=12000 epoch=2 lr=2.00e-04 G=2.885 advA2B=0.361 advB2A=0.385 cycA=0.186 cycB=0.198 idtA=0.220 idtB=0.220 D_A=0.241 D_B=0.247 D_A(real)=0.61 D_A(fake)=0.39 gnG=13.01 gnD=11.12 it_per_s=4.96
2026-10-04 01:15:39,728 INFO iter=12100 epoch=2 lr=2.00e-04 G=2.886 advA2B=0.361 advB2A=0.386 cycA=0.186 cycB=0.198 idtA=0.220 idtB=0.220 D_A=0.241 D_B=0.247 D_A(real)=0.61 D_A(fake)=0.39 gnG=13.02 gnD=11.12 it_per_s=4.96
2026-10-04 01:15:59,840 INFO iter=12200 epoch=2 lr=2.00e-04 G=2.883 advA2B=0.361 advB2A=0.385 cycA=0.186 cycB=0.198 idtA=0.220 idtB=0.220 D_A=0.241 D_B=0.247 D_A(real)=0.61 D_A(fake)=0.39 gnG=13.01 gnD=11.10 it_per_s=4.96
2026-10-04 01:16:19,948 INFO iter=12300 epoch=2 lr=2.00e-04 G=2.882 advA2B=0.361 advB2A=0.386 cycA=0.186 cycB=0.197 idtA=0.220 idtB=0.220 D_A=0.241 D_B=0.247 D_A(real)=0.61 D_A(fake)=0.39 gnG=13.01 gnD=11.09 it_per_s=4.96
2026-10-04 01:16:40,039 INFO iter=12400 epoch=2 lr=2.00e-04 G=2.881 advA2B=0.362 advB2A=0.386 cycA=0.186 cycB=0.197 idtA=0.220 idtB=0.219 D_A=0.241 D_B=0.246 D_A(real)=0.61 D_A(fake)=0.39 gnG=13.02 gnD=11.08 it_per_s=4.96
2026-10-04 01:17:00,143 INFO iter=12500 epoch=2 lr=2.00e-04 G=2.881 advA2B=0.362 advB2A=0.386 cycA=0.186 cycB=0.197 idtA=0.220 idtB=0.219 D_A=0.241 D_B=0.246 D_A(real)=0.61 D_A(fake)=0.39 gnG=13.02 gnD=11.07 it_per_s=4.96
2026-10-04 01:17:20,324 INFO iter=12600 epoch=2 lr=2.00e-04 G=2.880 advA2B=0.362 advB2A=0.385 cycA=0.186 cycB=0.197 idtA=0.220 idtB=0.219 D_A=0.241 D_B=0.246 D_A(real)=0.61 D_A(fake)=0.39 gnG=13.03 gnD=11.06 it_per_s=4.96
2026-10-04 01:17:40,417 INFO iter=12700 epoch=2 lr=2.00e-04 G=2.875 advA2B=0.362 advB2A=0.385 cycA=0.185 cycB=0.197 idtA=0.220 idtB=0.219 D_A=0.241 D_B=0.246 D_A(real)=0.61 D_A(fake)=0.39 gnG=13.03 gnD=11.04 it_per_s=4.96
2026-10-04 01:18:00,534 INFO iter=12800 epoch=2 lr=2.00e-04 G=2.874 advA2B=0.362 advB2A=0.384 cycA=0.185 cycB=0.197 idtA=0.220 idtB=0.219 D_A=0.241 D_B=0.247 D_A(real)=0.61 D_A(fake)=0.39 gnG=13.04 gnD=11.04 it_per_s=4.96
2026-10-04 01:18:20,679 INFO iter=12900 epoch=2 lr=2.00e-04 G=2.870 advA2B=0.361 advB2A=0.384 cycA=0.185 cycB=0.196 idtA=0.219 idtB=0.218 D_A=0.241 D_B=0.247 D_A(real)=0.61 D_A(fake)=0.39 gnG=13.03 gnD=11.01 it_per_s=4.96
2026-10-04 01:18:40,800 INFO iter=13000 epoch=2 lr=2.00e-04 G=2.866 advA2B=0.361 advB2A=0.383 cycA=0.185 cycB=0.196 idtA=0.219 idtB=0.218 D_A=0.241 D_B=0.247 D_A(real)=0.61 D_A(fake)=0.39 gnG=13.04 gnD=11.01 it_per_s=4.96
2026-10-04 01:19:00,899 INFO iter=13100 epoch=2 lr=2.00e-04 G=2.864 advA2B=0.361 advB2A=0.382 cycA=0.184 cycB=0.196 idtA=0.219 idtB=0.218 D_A=0.241 D_B=0.246 D_A(real)=0.61 D_A(fake)=0.39 gnG=13.05 gnD=10.99 it_per_s=4.96
2026-10-04 01:19:21,064 INFO iter=13200 epoch=2 lr=2.00e-04 G=2.862 advA2B=0.360 advB2A=0.382 cycA=0.184 cycB=0.196 idtA=0.219 idtB=0.217 D_A=0.241 D_B=0.247 D_A(real)=0.61 D_A(fake)=0.40 gnG=13.05 gnD=10.97 it_per_s=4.96
2026-10-04 01:19:41,173 INFO iter=13300 epoch=2 lr=2.00e-04 G=2.859 advA2B=0.361 advB2A=0.382 cycA=0.184 cycB=0.196 idtA=0.219 idtB=0.217 D_A=0.241 D_B=0.246 D_A(real)=0.61 D_A(fake)=0.40 gnG=13.05 gnD=10.95 it_per_s=4.96
2026-10-04 01:20:01,316 INFO iter=13400 epoch=2 lr=2.00e-04 G=2.858 advA2B=0.361 advB2A=0.381 cycA=0.184 cycB=0.196 idtA=0.219 idtB=0.217 D_A=0.241 D_B=0.246 D_A(real)=0.61 D_A(fake)=0.40 gnG=13.04 gnD=10.94 it_per_s=4.96
2026-10-04 01:20:21,458 INFO iter=13500 epoch=2 lr=2.00e-04 G=2.856 advA2B=0.361 advB2A=0.381 cycA=0.184 cycB=0.195 idtA=0.219 idtB=0.217 D_A=0.241 D_B=0.246 D_A(real)=0.61 D_A(fake)=0.40 gnG=13.04 gnD=10.92 it_per_s=4.96
2026-10-04 01:20:41,609 INFO iter=13600 epoch=2 lr=2.00e-04 G=2.855 advA2B=0.361 advB2A=0.380 cycA=0.184 cycB=0.195 idtA=0.219 idtB=0.217 D_A=0.242 D_B=0.246 D_A(real)=0.60 D_A(fake)=0.40 gnG=13.04 gnD=10.91 it_per_s=4.96
2026-10-04 01:21:01,793 INFO iter=13700 epoch=2 lr=2.00e-04 G=2.853 advA2B=0.361 advB2A=0.380 cycA=0.184 cycB=0.195 idtA=0.219 idtB=0.217 D_A=0.242 D_B=0.246 D_A(real)=0.60 D_A(fake)=0.40 gnG=13.04 gnD=10.90 it_per_s=4.96
2026-10-04 01:21:21,938 INFO iter=13800 epoch=2 lr=2.00e-04 G=2.851 advA2B=0.362 advB2A=0.379 cycA=0.184 cycB=0.195 idtA=0.219 idtB=0.217 D_A=0.242 D_B=0.246 D_A(real)=0.60 D_A(fake)=0.40 gnG=13.05 gnD=10.89 it_per_s=4.96
2026-10-04 01:21:42,106 INFO iter=13900 epoch=2 lr=2.00e-04 G=2.850 advA2B=0.361 advB2A=0.379 cycA=0.183 cycB=0.195 idtA=0.219 idtB=0.218 D_A=0.242 D_B=0.246 D_A(real)=0.60 D_A(fake)=0.40 gnG=13.05 gnD=10.88 it_per_s=4.96
2026-10-04 01:22:02,312 INFO iter=14000 epoch=2 lr=2.00e-04 G=2.848 advA2B=0.361 advB2A=0.379 cycA=0.183 cycB=0.195 idtA=0.219 idtB=0.218 D_A=0.242 D_B=0.246 D_A(real)=0.60 D_A(fake)=0.40 gnG=13.04 gnD=10.86 it_per_s=4.96
2026-10-04 01:22:17,643 INFO epoch=2 done time_s=1418 it_per_s=4.96 G=2.848 cycA=0.183 cycB=0.195 idtA=0.219 idtB=0.217 D_A=0.242 D_B=0.246 D_A(real)=0.60 D_A(fake)=0.40 nan_count=0
2026-10-04 01:22:23,212 INFO iter=14100 epoch=3 lr=2.00e-04 G=2.879 advA2B=0.332 advB2A=0.436 cycA=0.175 cycB=0.203 idtA=0.222 idtB=0.215 D_A=0.244 D_B=0.241 D_A(real)=0.59 D_A(fake)=0.41 gnG=14.21 gnD=9.67 it_per_s=4.95
2026-10-04 01:22:43,328 INFO iter=14200 epoch=3 lr=2.00e-04 G=2.761 advA2B=0.364 advB2A=0.384 cycA=0.168 cycB=0.192 idtA=0.219 idtB=0.207 D_A=0.237 D_B=0.235 D_A(real)=0.58 D_A(fake)=0.42 gnG=14.07 gnD=10.07 it_per_s=4.97
2026-10-04 01:23:03,393 INFO iter=14300 epoch=3 lr=2.00e-04 G=2.760 advA2B=0.365 advB2A=0.375 cycA=0.173 cycB=0.188 idtA=0.221 idtB=0.209 D_A=0.238 D_B=0.244 D_A(real)=0.59 D_A(fake)=0.41 gnG=14.44 gnD=9.93 it_per_s=4.97
2026-10-04 01:23:23,595 INFO iter=14400 epoch=3 lr=2.00e-04 G=2.780 advA2B=0.365 advB2A=0.363 cycA=0.176 cycB=0.191 idtA=0.221 idtB=0.212 D_A=0.241 D_B=0.244 D_A(real)=0.59 D_A(fake)=0.41 gnG=15.08 gnD=9.95 it_per_s=4.97
2026-10-04 01:23:43,730 INFO iter=14500 epoch=3 lr=2.00e-04 G=2.756 advA2B=0.361 advB2A=0.360 cycA=0.174 cycB=0.190 idtA=0.221 idtB=0.212 D_A=0.241 D_B=0.242 D_A(real)=0.59 D_A(fake)=0.41 gnG=15.35 gnD=9.83 it_per_s=4.97
2026-10-04 01:24:03,852 INFO iter=14600 epoch=3 lr=2.00e-04 G=2.769 advA2B=0.364 advB2A=0.369 cycA=0.175 cycB=0.189 idtA=0.220 idtB=0.212 D_A=0.239 D_B=0.242 D_A(real)=0.60 D_A(fake)=0.41 gnG=14.82 gnD=9.83 it_per_s=4.97
2026-10-04 01:24:23,977 INFO iter=14700 epoch=3 lr=2.00e-04 G=2.779 advA2B=0.365 advB2A=0.373 cycA=0.176 cycB=0.189 idtA=0.219 idtB=0.213 D_A=0.236 D_B=0.240 D_A(real)=0.60 D_A(fake)=0.40 gnG=14.61 gnD=9.86 it_per_s=4.97
2026-10-04 01:24:44,128 INFO iter=14800 epoch=3 lr=2.00e-04 G=2.765 advA2B=0.365 advB2A=0.373 cycA=0.175 cycB=0.187 idtA=0.219 idtB=0.211 D_A=0.237 D_B=0.241 D_A(real)=0.60 D_A(fake)=0.40 gnG=14.67 gnD=9.95 it_per_s=4.97
2026-10-04 01:25:04,300 INFO iter=14900 epoch=3 lr=2.00e-04 G=2.786 advA2B=0.369 advB2A=0.389 cycA=0.176 cycB=0.187 idtA=0.217 idtB=0.210 D_A=0.235 D_B=0.241 D_A(real)=0.61 D_A(fake)=0.39 gnG=14.70 gnD=9.97 it_per_s=4.97
2026-10-04 01:25:24,437 INFO iter=15000 epoch=3 lr=2.00e-04 G=2.775 advA2B=0.369 advB2A=0.384 cycA=0.176 cycB=0.186 idtA=0.217 idtB=0.210 D_A=0.237 D_B=0.241 D_A(real)=0.61 D_A(fake)=0.39 gnG=14.59 gnD=10.01 it_per_s=4.97
2026-10-04 01:25:44,562 INFO iter=15100 epoch=3 lr=2.00e-04 G=2.765 advA2B=0.368 advB2A=0.385 cycA=0.175 cycB=0.185 idtA=0.216 idtB=0.208 D_A=0.238 D_B=0.241 D_A(real)=0.61 D_A(fake)=0.39 gnG=14.68 gnD=10.04 it_per_s=4.97
2026-10-04 01:26:04,686 INFO iter=15200 epoch=3 lr=2.00e-04 G=2.773 advA2B=0.370 advB2A=0.387 cycA=0.176 cycB=0.184 idtA=0.217 idtB=0.208 D_A=0.236 D_B=0.241 D_A(real)=0.61 D_A(fake)=0.39 gnG=14.79 gnD=10.01 it_per_s=4.97
2026-10-04 01:26:24,824 INFO iter=15300 epoch=3 lr=2.00e-04 G=2.773 advA2B=0.370 advB2A=0.384 cycA=0.177 cycB=0.184 idtA=0.217 idtB=0.207 D_A=0.236 D_B=0.241 D_A(real)=0.61 D_A(fake)=0.39 gnG=14.71 gnD=10.05 it_per_s=4.97
2026-10-04 01:26:44,914 INFO iter=15400 epoch=3 lr=2.00e-04 G=2.772 advA2B=0.371 advB2A=0.382 cycA=0.177 cycB=0.185 idtA=0.216 idtB=0.208 D_A=0.237 D_B=0.240 D_A(real)=0.60 D_A(fake)=0.40 gnG=14.63 gnD=10.00 it_per_s=4.97
2026-10-04 01:27:05,018 INFO iter=15500 epoch=3 lr=2.00e-04 G=2.784 advA2B=0.371 advB2A=0.382 cycA=0.178 cycB=0.186 idtA=0.216 idtB=0.209 D_A=0.236 D_B=0.240 D_A(real)=0.60 D_A(fake)=0.40 gnG=14.70 gnD=9.98 it_per_s=4.97
2026-10-04 01:27:25,122 INFO iter=15600 epoch=3 lr=2.00e-04 G=2.783 advA2B=0.371 advB2A=0.380 cycA=0.178 cycB=0.186 idtA=0.215 idtB=0.210 D_A=0.236 D_B=0.240 D_A(real)=0.60 D_A(fake)=0.40 gnG=14.71 gnD=9.97 it_per_s=4.97
2026-10-04 01:27:45,221 INFO iter=15700 epoch=3 lr=2.00e-04 G=2.781 advA2B=0.371 advB2A=0.379 cycA=0.178 cycB=0.186 idtA=0.216 idtB=0.209 D_A=0.237 D_B=0.241 D_A(real)=0.60 D_A(fake)=0.40 gnG=14.68 gnD=9.99 it_per_s=4.97
2026-10-04 01:28:05,305 INFO iter=15800 epoch=3 lr=2.00e-04 G=2.777 advA2B=0.370 advB2A=0.379 cycA=0.178 cycB=0.186 idtA=0.215 idtB=0.209 D_A=0.238 D_B=0.241 D_A(real)=0.60 D_A(fake)=0.40 gnG=14.66 gnD=9.97 it_per_s=4.97
2026-10-04 01:28:25,379 INFO iter=15900 epoch=3 lr=2.00e-04 G=2.774 advA2B=0.369 advB2A=0.379 cycA=0.178 cycB=0.185 idtA=0.216 idtB=0.209 D_A=0.239 D_B=0.240 D_A(real)=0.60 D_A(fake)=0.40 gnG=14.88 gnD=9.94 it_per_s=4.97
2026-10-04 01:28:45,499 INFO iter=16000 epoch=3 lr=2.00e-04 G=2.771 advA2B=0.368 advB2A=0.381 cycA=0.177 cycB=0.185 idtA=0.215 idtB=0.210 D_A=0.238 D_B=0.241 D_A(real)=0.60 D_A(fake)=0.40 gnG=14.79 gnD=9.94 it_per_s=4.97
2026-10-04 01:29:05,664 INFO iter=16100 epoch=3 lr=2.00e-04 G=2.770 advA2B=0.366 advB2A=0.380 cycA=0.177 cycB=0.185 idtA=0.216 idtB=0.211 D_A=0.238 D_B=0.241 D_A(real)=0.60 D_A(fake)=0.40 gnG=14.66 gnD=9.91 it_per_s=4.97
2026-10-04 01:29:25,727 INFO iter=16200 epoch=3 lr=2.00e-04 G=2.764 advA2B=0.366 advB2A=0.380 cycA=0.177 cycB=0.184 idtA=0.216 idtB=0.210 D_A=0.238 D_B=0.241 D_A(real)=0.60 D_A(fake)=0.40 gnG=14.56 gnD=9.90 it_per_s=4.97
2026-10-04 01:29:45,851 INFO iter=16300 epoch=3 lr=2.00e-04 G=2.760 advA2B=0.367 advB2A=0.378 cycA=0.176 cycB=0.184 idtA=0.217 idtB=0.211 D_A=0.238 D_B=0.240 D_A(real)=0.60 D_A(fake)=0.40 gnG=14.48 gnD=9.89 it_per_s=4.97
2026-10-04 01:30:06,002 INFO iter=16400 epoch=3 lr=2.00e-04 G=2.760 advA2B=0.368 advB2A=0.377 cycA=0.176 cycB=0.184 idtA=0.218 idtB=0.211 D_A=0.238 D_B=0.241 D_A(real)=0.60 D_A(fake)=0.40 gnG=14.39 gnD=9.88 it_per_s=4.97
2026-10-04 01:30:25,544 INFO iter=16500 epoch=3 lr=2.00e-04 G=2.760 advA2B=0.369 advB2A=0.376 cycA=0.176 cycB=0.184 idtA=0.217 idtB=0.210 D_A=0.238 D_B=0.241 D_A(real)=0.60 D_A(fake)=0.40 gnG=14.33 gnD=9.85 it_per_s=4.98
2026-10-04 01:30:49,117 INFO iter=16600 epoch=3 lr=2.00e-04 G=2.756 advA2B=0.369 advB2A=0.376 cycA=0.176 cycB=0.184 idtA=0.217 idtB=0.210 D_A=0.238 D_B=0.241 D_A(real)=0.60 D_A(fake)=0.40 gnG=14.29 gnD=9.86 it_per_s=4.94
2026-10-04 01:31:11,898 INFO iter=16700 epoch=3 lr=2.00e-04 G=2.748 advA2B=0.367 advB2A=0.374 cycA=0.175 cycB=0.183 idtA=0.216 idtB=0.209 D_A=0.238 D_B=0.241 D_A(real)=0.60 D_A(fake)=0.40 gnG=14.20 gnD=9.83 it_per_s=4.92
2026-10-04 01:31:35,051 INFO iter=16800 epoch=3 lr=2.00e-04 G=2.739 advA2B=0.367 advB2A=0.373 cycA=0.175 cycB=0.183 idtA=0.217 idtB=0.209 D_A=0.239 D_B=0.241 D_A(real)=0.60 D_A(fake)=0.40 gnG=14.13 gnD=9.79 it_per_s=4.89
2026-10-04 01:31:59,203 INFO iter=16900 epoch=3 lr=2.00e-04 G=2.733 advA2B=0.365 advB2A=0.373 cycA=0.174 cycB=0.182 idtA=0.216 idtB=0.208 D_A=0.239 D_B=0.241 D_A(real)=0.60 D_A(fake)=0.40 gnG=14.03 gnD=9.76 it_per_s=4.86
2026-10-04 01:32:23,670 INFO iter=17000 epoch=3 lr=2.00e-04 G=2.731 advA2B=0.365 advB2A=0.373 cycA=0.174 cycB=0.182 idtA=0.216 idtB=0.208 D_A=0.239 D_B=0.241 D_A(real)=0.59 D_A(fake)=0.41 gnG=14.04 gnD=9.76 it_per_s=4.83
2026-10-04 01:32:47,205 INFO iter=17100 epoch=3 lr=2.00e-04 G=2.729 advA2B=0.365 advB2A=0.374 cycA=0.174 cycB=0.182 idtA=0.215 idtB=0.208 D_A=0.239 D_B=0.241 D_A(real)=0.60 D_A(fake)=0.40 gnG=14.04 gnD=9.75 it_per_s=4.81
2026-10-04 01:33:09,293 INFO iter=17200 epoch=3 lr=2.00e-04 G=2.726 advA2B=0.364 advB2A=0.374 cycA=0.174 cycB=0.182 idtA=0.215 idtB=0.208 D_A=0.239 D_B=0.241 D_A(real)=0.60 D_A(fake)=0.40 gnG=13.98 gnD=9.74 it_per_s=4.80
2026-10-04 01:33:33,755 INFO iter=17300 epoch=3 lr=2.00e-04 G=2.725 advA2B=0.365 advB2A=0.374 cycA=0.174 cycB=0.181 idtA=0.215 idtB=0.208 D_A=0.239 D_B=0.241 D_A(real)=0.60 D_A(fake)=0.40 gnG=13.98 gnD=9.73 it_per_s=4.77
2026-10-04 01:33:53,969 INFO iter=17400 epoch=3 lr=2.00e-04 G=2.720 advA2B=0.365 advB2A=0.374 cycA=0.173 cycB=0.181 idtA=0.215 idtB=0.208 D_A=0.238 D_B=0.241 D_A(real)=0.60 D_A(fake)=0.40 gnG=14.01 gnD=9.74 it_per_s=4.78
2026-10-04 01:34:14,139 INFO iter=17500 epoch=3 lr=2.00e-04 G=2.719 advA2B=0.365 advB2A=0.374 cycA=0.173 cycB=0.181 idtA=0.215 idtB=0.207 D_A=0.239 D_B=0.242 D_A(real)=0.60 D_A(fake)=0.40 gnG=14.05 gnD=9.73 it_per_s=4.78
2026-10-04 01:34:34,319 INFO iter=17600 epoch=3 lr=2.00e-04 G=2.717 advA2B=0.365 advB2A=0.373 cycA=0.173 cycB=0.181 idtA=0.215 idtB=0.207 D_A=0.238 D_B=0.241 D_A(real)=0.60 D_A(fake)=0.40 gnG=14.05 gnD=9.71 it_per_s=4.79
2026-10-04 01:34:54,429 INFO iter=17700 epoch=3 lr=2.00e-04 G=2.714 advA2B=0.364 advB2A=0.373 cycA=0.173 cycB=0.180 idtA=0.215 idtB=0.207 D_A=0.239 D_B=0.241 D_A(real)=0.60 D_A(fake)=0.40 gnG=14.01 gnD=9.70 it_per_s=4.79
2026-10-04 01:35:14,680 INFO iter=17800 epoch=3 lr=2.00e-04 G=2.714 advA2B=0.365 advB2A=0.373 cycA=0.173 cycB=0.180 idtA=0.214 idtB=0.207 D_A=0.239 D_B=0.241 D_A(real)=0.59 D_A(fake)=0.41 gnG=13.99 gnD=9.68 it_per_s=4.80
2026-10-04 01:35:34,917 INFO iter=17900 epoch=3 lr=2.00e-04 G=2.710 advA2B=0.364 advB2A=0.373 cycA=0.172 cycB=0.180 idtA=0.214 idtB=0.207 D_A=0.239 D_B=0.241 D_A(real)=0.59 D_A(fake)=0.41 gnG=13.99 gnD=9.68 it_per_s=4.80
2026-10-04 01:35:55,006 INFO iter=18000 epoch=3 lr=2.00e-04 G=2.706 advA2B=0.363 advB2A=0.373 cycA=0.172 cycB=0.180 idtA=0.214 idtB=0.206 D_A=0.239 D_B=0.241 D_A(real)=0.59 D_A(fake)=0.41 gnG=13.93 gnD=9.67 it_per_s=4.80
2026-10-04 01:36:15,215 INFO iter=18100 epoch=3 lr=2.00e-04 G=2.703 advA2B=0.363 advB2A=0.373 cycA=0.172 cycB=0.179 idtA=0.214 idtB=0.207 D_A=0.239 D_B=0.241 D_A(real)=0.59 D_A(fake)=0.41 gnG=13.90 gnD=9.65 it_per_s=4.81
2026-10-04 01:36:35,651 INFO iter=18200 epoch=3 lr=2.00e-04 G=2.700 advA2B=0.363 advB2A=0.372 cycA=0.172 cycB=0.179 idtA=0.215 idtB=0.206 D_A=0.238 D_B=0.241 D_A(real)=0.59 D_A(fake)=0.41 gnG=13.86 gnD=9.64 it_per_s=4.81
2026-10-04 01:36:55,818 INFO iter=18300 epoch=3 lr=2.00e-04 G=2.702 advA2B=0.364 advB2A=0.373 cycA=0.172 cycB=0.179 idtA=0.215 idtB=0.206 D_A=0.239 D_B=0.241 D_A(real)=0.59 D_A(fake)=0.41 gnG=13.84 gnD=9.64 it_per_s=4.81
2026-10-04 01:37:15,974 INFO iter=18400 epoch=3 lr=2.00e-04 G=2.698 advA2B=0.364 advB2A=0.372 cycA=0.172 cycB=0.178 idtA=0.215 idtB=0.206 D_A=0.239 D_B=0.241 D_A(real)=0.59 D_A(fake)=0.41 gnG=13.78 gnD=9.61 it_per_s=4.82
2026-10-04 01:37:36,188 INFO iter=18500 epoch=3 lr=2.00e-04 G=2.696 advA2B=0.364 advB2A=0.372 cycA=0.172 cycB=0.178 idtA=0.215 idtB=0.205 D_A=0.239 D_B=0.241 D_A(real)=0.59 D_A(fake)=0.41 gnG=13.74 gnD=9.61 it_per_s=4.82
2026-10-04 01:37:56,465 INFO iter=18600 epoch=3 lr=2.00e-04 G=2.694 advA2B=0.364 advB2A=0.372 cycA=0.172 cycB=0.178 idtA=0.215 idtB=0.205 D_A=0.239 D_B=0.241 D_A(real)=0.59 D_A(fake)=0.41 gnG=13.70 gnD=9.60 it_per_s=4.82
2026-10-04 01:38:16,642 INFO iter=18700 epoch=3 lr=2.00e-04 G=2.692 advA2B=0.363 advB2A=0.372 cycA=0.172 cycB=0.178 idtA=0.214 idtB=0.205 D_A=0.238 D_B=0.241 D_A(real)=0.59 D_A(fake)=0.41 gnG=13.69 gnD=9.58 it_per_s=4.83
2026-10-04 01:38:37,009 INFO iter=18800 epoch=3 lr=2.00e-04 G=2.691 advA2B=0.363 advB2A=0.372 cycA=0.171 cycB=0.178 idtA=0.215 idtB=0.206 D_A=0.239 D_B=0.242 D_A(real)=0.59 D_A(fake)=0.41 gnG=13.64 gnD=9.59 it_per_s=4.83
2026-10-04 01:38:57,212 INFO iter=18900 epoch=3 lr=2.00e-04 G=2.688 advA2B=0.362 advB2A=0.371 cycA=0.171 cycB=0.178 idtA=0.215 idtB=0.205 D_A=0.239 D_B=0.242 D_A(real)=0.59 D_A(fake)=0.41 gnG=13.61 gnD=9.56 it_per_s=4.83
2026-10-04 01:39:17,537 INFO iter=19000 epoch=3 lr=2.00e-04 G=2.686 advA2B=0.362 advB2A=0.370 cycA=0.171 cycB=0.178 idtA=0.215 idtB=0.206 D_A=0.239 D_B=0.242 D_A(real)=0.59 D_A(fake)=0.41 gnG=13.61 gnD=9.55 it_per_s=4.83
2026-10-04 01:39:37,861 INFO iter=19100 epoch=3 lr=2.00e-04 G=2.685 advA2B=0.362 advB2A=0.370 cycA=0.171 cycB=0.178 idtA=0.214 idtB=0.206 D_A=0.239 D_B=0.242 D_A(real)=0.59 D_A(fake)=0.41 gnG=13.58 gnD=9.54 it_per_s=4.83
2026-10-04 01:39:58,039 INFO iter=19200 epoch=3 lr=2.00e-04 G=2.682 advA2B=0.362 advB2A=0.370 cycA=0.171 cycB=0.177 idtA=0.214 idtB=0.205 D_A=0.239 D_B=0.241 D_A(real)=0.59 D_A(fake)=0.41 gnG=13.54 gnD=9.52 it_per_s=4.84
2026-10-04 01:40:18,213 INFO iter=19300 epoch=3 lr=2.00e-04 G=2.680 advA2B=0.362 advB2A=0.369 cycA=0.171 cycB=0.177 idtA=0.214 idtB=0.205 D_A=0.239 D_B=0.241 D_A(real)=0.59 D_A(fake)=0.41 gnG=13.51 gnD=9.50 it_per_s=4.84
2026-10-04 01:40:38,304 INFO iter=19400 epoch=3 lr=2.00e-04 G=2.677 advA2B=0.362 advB2A=0.369 cycA=0.170 cycB=0.177 idtA=0.214 idtB=0.205 D_A=0.239 D_B=0.241 D_A(real)=0.59 D_A(fake)=0.41 gnG=13.47 gnD=9.50 it_per_s=4.84
2026-10-04 01:40:58,431 INFO iter=19500 epoch=3 lr=2.00e-04 G=2.674 advA2B=0.362 advB2A=0.369 cycA=0.170 cycB=0.177 idtA=0.214 idtB=0.205 D_A=0.239 D_B=0.241 D_A(real)=0.59 D_A(fake)=0.41 gnG=13.44 gnD=9.49 it_per_s=4.84
2026-10-04 01:41:18,592 INFO iter=19600 epoch=3 lr=2.00e-04 G=2.672 advA2B=0.361 advB2A=0.368 cycA=0.170 cycB=0.176 idtA=0.214 idtB=0.205 D_A=0.239 D_B=0.242 D_A(real)=0.59 D_A(fake)=0.41 gnG=13.40 gnD=9.47 it_per_s=4.84
2026-10-04 01:41:38,735 INFO iter=19700 epoch=3 lr=2.00e-04 G=2.671 advA2B=0.361 advB2A=0.368 cycA=0.170 cycB=0.176 idtA=0.214 idtB=0.205 D_A=0.239 D_B=0.242 D_A(real)=0.59 D_A(fake)=0.41 gnG=13.38 gnD=9.47 it_per_s=4.85
2026-10-04 01:41:58,896 INFO iter=19800 epoch=3 lr=2.00e-04 G=2.669 advA2B=0.361 advB2A=0.368 cycA=0.170 cycB=0.176 idtA=0.214 idtB=0.205 D_A=0.239 D_B=0.242 D_A(real)=0.59 D_A(fake)=0.41 gnG=13.37 gnD=9.45 it_per_s=4.85
2026-10-04 01:42:18,979 INFO iter=19900 epoch=3 lr=2.00e-04 G=2.668 advA2B=0.361 advB2A=0.368 cycA=0.170 cycB=0.176 idtA=0.214 idtB=0.204 D_A=0.239 D_B=0.242 D_A(real)=0.59 D_A(fake)=0.41 gnG=13.35 gnD=9.44 it_per_s=4.85
2026-10-04 01:42:39,088 INFO iter=20000 epoch=3 lr=2.00e-04 G=2.667 advA2B=0.361 advB2A=0.368 cycA=0.170 cycB=0.176 idtA=0.214 idtB=0.204 D_A=0.239 D_B=0.242 D_A(real)=0.59 D_A(fake)=0.41 gnG=13.32 gnD=9.43 it_per_s=4.85
2026-10-04 01:42:59,231 INFO iter=20100 epoch=3 lr=2.00e-04 G=2.665 advA2B=0.361 advB2A=0.368 cycA=0.170 cycB=0.176 idtA=0.214 idtB=0.204 D_A=0.239 D_B=0.242 D_A(real)=0.59 D_A(fake)=0.41 gnG=13.30 gnD=9.42 it_per_s=4.85
2026-10-04 01:43:19,440 INFO iter=20200 epoch=3 lr=2.00e-04 G=2.662 advA2B=0.361 advB2A=0.368 cycA=0.169 cycB=0.176 idtA=0.213 idtB=0.204 D_A=0.239 D_B=0.242 D_A(real)=0.59 D_A(fake)=0.41 gnG=13.27 gnD=9.41 it_per_s=4.86
2026-10-04 01:43:39,519 INFO iter=20300 epoch=3 lr=2.00e-04 G=2.662 advA2B=0.361 advB2A=0.367 cycA=0.169 cycB=0.176 idtA=0.213 idtB=0.204 D_A=0.239 D_B=0.242 D_A(real)=0.59 D_A(fake)=0.41 gnG=13.27 gnD=9.41 it_per_s=4.86
2026-10-04 01:43:59,612 INFO iter=20400 epoch=3 lr=2.00e-04 G=2.660 advA2B=0.361 advB2A=0.367 cycA=0.169 cycB=0.175 idtA=0.213 idtB=0.204 D_A=0.238 D_B=0.241 D_A(real)=0.59 D_A(fake)=0.41 gnG=13.27 gnD=9.39 it_per_s=4.86
2026-10-04 01:44:19,746 INFO iter=20500 epoch=3 lr=2.00e-04 G=2.659 advA2B=0.362 advB2A=0.368 cycA=0.169 cycB=0.175 idtA=0.213 idtB=0.204 D_A=0.238 D_B=0.242 D_A(real)=0.59 D_A(fake)=0.41 gnG=13.30 gnD=9.39 it_per_s=4.86
2026-10-04 01:44:39,950 INFO iter=20600 epoch=3 lr=2.00e-04 G=2.659 advA2B=0.362 advB2A=0.368 cycA=0.169 cycB=0.175 idtA=0.213 idtB=0.203 D_A=0.238 D_B=0.242 D_A(real)=0.59 D_A(fake)=0.41 gnG=13.30 gnD=9.39 it_per_s=4.86
2026-10-04 01:45:00,077 INFO iter=20700 epoch=3 lr=2.00e-04 G=2.657 advA2B=0.362 advB2A=0.368 cycA=0.168 cycB=0.175 idtA=0.212 idtB=0.203 D_A=0.238 D_B=0.241 D_A(real)=0.59 D_A(fake)=0.41 gnG=13.28 gnD=9.38 it_per_s=4.86
2026-10-04 01:45:20,243 INFO iter=20800 epoch=3 lr=2.00e-04 G=2.656 advA2B=0.361 advB2A=0.368 cycA=0.168 cycB=0.175 idtA=0.213 idtB=0.203 D_A=0.238 D_B=0.242 D_A(real)=0.59 D_A(fake)=0.41 gnG=13.27 gnD=9.38 it_per_s=4.87
2026-10-04 01:45:40,404 INFO iter=20900 epoch=3 lr=2.00e-04 G=2.655 advA2B=0.361 advB2A=0.369 cycA=0.168 cycB=0.175 idtA=0.212 idtB=0.203 D_A=0.238 D_B=0.241 D_A(real)=0.59 D_A(fake)=0.41 gnG=13.25 gnD=9.37 it_per_s=4.87
2026-10-04 01:46:00,539 INFO iter=21000 epoch=3 lr=2.00e-04 G=2.654 advA2B=0.361 advB2A=0.369 cycA=0.168 cycB=0.175 idtA=0.212 idtB=0.203 D_A=0.238 D_B=0.241 D_A(real)=0.59 D_A(fake)=0.41 gnG=13.22 gnD=9.36 it_per_s=4.87
2026-10-04 01:46:20,669 INFO iter=21100 epoch=3 lr=2.00e-04 G=2.654 advA2B=0.361 advB2A=0.369 cycA=0.168 cycB=0.175 idtA=0.212 idtB=0.203 D_A=0.237 D_B=0.241 D_A(real)=0.59 D_A(fake)=0.41 gnG=13.24 gnD=9.35 it_per_s=4.87
2026-10-04 01:46:23,491 INFO epoch=3 done time_s=1445 it_per_s=4.87 G=2.654 cycA=0.168 cycB=0.175 idtA=0.212 idtB=0.203 D_A=0.237 D_B=0.241 D_A(real)=0.59 D_A(fake)=0.41 nan_count=0
2026-10-04 01:46:41,571 INFO iter=21200 epoch=4 lr=2.00e-04 G=2.709 advA2B=0.389 advB2A=0.379 cycA=0.159 cycB=0.183 idtA=0.236 idtB=0.227 D_A=0.238 D_B=0.243 D_A(real)=0.61 D_A(fake)=0.39 gnG=11.54 gnD=9.49 it_per_s=4.96
2026-10-04 01:47:01,749 INFO iter=21300 epoch=4 lr=2.00e-04 G=2.610 advA2B=0.374 advB2A=0.373 cycA=0.155 cycB=0.174 idtA=0.223 idtB=0.212 D_A=0.237 D_B=0.244 D_A(real)=0.59 D_A(fake)=0.41 gnG=11.25 gnD=9.40 it_per_s=4.96
2026-10-04 01:47:21,936 INFO iter=21400 epoch=4 lr=2.00e-04 G=2.567 advA2B=0.372 advB2A=0.374 cycA=0.154 cycB=0.168 idtA=0.214 idtB=0.206 D_A=0.236 D_B=0.243 D_A(real)=0.59 D_A(fake)=0.40 gnG=11.51 gnD=9.16 it_per_s=4.96
2026-10-04 01:47:42,064 INFO iter=21500 epoch=4 lr=2.00e-04 G=2.622 advA2B=0.377 advB2A=0.381 cycA=0.160 cycB=0.171 idtA=0.215 idtB=0.204 D_A=0.230 D_B=0.240 D_A(real)=0.60 D_A(fake)=0.40 gnG=12.36 gnD=9.00 it_per_s=4.96
2026-10-04 01:48:02,170 INFO iter=21600 epoch=4 lr=2.00e-04 G=2.637 advA2B=0.375 advB2A=0.378 cycA=0.162 cycB=0.173 idtA=0.218 idtB=0.202 D_A=0.228 D_B=0.238 D_A(real)=0.61 D_A(fake)=0.39 gnG=12.85 gnD=9.02 it_per_s=4.96
2026-10-04 01:48:22,281 INFO iter=21700 epoch=4 lr=2.00e-04 G=2.639 advA2B=0.378 advB2A=0.375 cycA=0.161 cycB=0.174 idtA=0.217 idtB=0.205 D_A=0.230 D_B=0.236 D_A(real)=0.61 D_A(fake)=0.39 gnG=12.77 gnD=9.03 it_per_s=4.96
2026-10-04 01:48:42,406 INFO iter=21800 epoch=4 lr=2.00e-04 G=2.632 advA2B=0.378 advB2A=0.376 cycA=0.160 cycB=0.173 idtA=0.215 idtB=0.204 D_A=0.230 D_B=0.237 D_A(real)=0.60 D_A(fake)=0.39 gnG=12.75 gnD=9.08 it_per_s=4.96
2026-10-04 01:49:02,517 INFO iter=21900 epoch=4 lr=2.00e-04 G=2.641 advA2B=0.376 advB2A=0.377 cycA=0.162 cycB=0.173 idtA=0.217 idtB=0.202 D_A=0.229 D_B=0.237 D_A(real)=0.61 D_A(fake)=0.39 gnG=12.92 gnD=8.99 it_per_s=4.97
2026-10-04 01:49:22,658 INFO iter=22000 epoch=4 lr=2.00e-04 G=2.647 advA2B=0.378 advB2A=0.379 cycA=0.163 cycB=0.173 idtA=0.217 idtB=0.202 D_A=0.230 D_B=0.237 D_A(real)=0.61 D_A(fake)=0.39 gnG=12.97 gnD=9.00 it_per_s=4.97
2026-10-04 01:49:42,821 INFO iter=22100 epoch=4 lr=2.00e-04 G=2.645 advA2B=0.378 advB2A=0.378 cycA=0.162 cycB=0.174 idtA=0.216 idtB=0.203 D_A=0.230 D_B=0.237 D_A(real)=0.61 D_A(fake)=0.39 gnG=12.93 gnD=9.01 it_per_s=4.96
2026-10-04 01:50:03,005 INFO iter=22200 epoch=4 lr=2.00e-04 G=2.636 advA2B=0.375 advB2A=0.377 cycA=0.162 cycB=0.173 idtA=0.216 idtB=0.203 D_A=0.230 D_B=0.238 D_A(real)=0.61 D_A(fake)=0.39 gnG=12.82 gnD=8.96 it_per_s=4.96
2026-10-04 01:50:23,135 INFO iter=22300 epoch=4 lr=2.00e-04 G=2.628 advA2B=0.373 advB2A=0.376 cycA=0.162 cycB=0.172 idtA=0.216 idtB=0.202 D_A=0.230 D_B=0.238 D_A(real)=0.61 D_A(fake)=0.39 gnG=12.78 gnD=8.90 it_per_s=4.96
2026-10-04 01:50:43,264 INFO iter=22400 epoch=4 lr=2.00e-04 G=2.619 advA2B=0.372 advB2A=0.376 cycA=0.161 cycB=0.172 idtA=0.216 idtB=0.200 D_A=0.230 D_B=0.238 D_A(real)=0.61 D_A(fake)=0.39 gnG=12.71 gnD=8.89 it_per_s=4.96
2026-10-04 01:51:03,418 INFO iter=22500 epoch=4 lr=2.00e-04 G=2.610 advA2B=0.371 advB2A=0.375 cycA=0.160 cycB=0.171 idtA=0.215 idtB=0.200 D_A=0.231 D_B=0.238 D_A(real)=0.60 D_A(fake)=0.40 gnG=12.66 gnD=8.85 it_per_s=4.96
2026-10-04 01:51:23,560 INFO iter=22600 epoch=4 lr=2.00e-04 G=2.601 advA2B=0.370 advB2A=0.372 cycA=0.160 cycB=0.170 idtA=0.215 idtB=0.200 D_A=0.231 D_B=0.239 D_A(real)=0.60 D_A(fake)=0.40 gnG=12.65 gnD=8.80 it_per_s=4.96
2026-10-04 01:51:43,778 INFO iter=22700 epoch=4 lr=2.00e-04 G=2.593 advA2B=0.369 advB2A=0.371 cycA=0.160 cycB=0.170 idtA=0.213 idtB=0.199 D_A=0.231 D_B=0.238 D_A(real)=0.60 D_A(fake)=0.40 gnG=12.54 gnD=8.76 it_per_s=4.96
2026-10-04 01:52:03,843 INFO iter=22800 epoch=4 lr=2.00e-04 G=2.600 advA2B=0.372 advB2A=0.374 cycA=0.160 cycB=0.169 idtA=0.213 idtB=0.200 D_A=0.230 D_B=0.237 D_A(real)=0.60 D_A(fake)=0.40 gnG=12.63 gnD=8.77 it_per_s=4.96
2026-10-04 01:52:23,958 INFO iter=22900 epoch=4 lr=2.00e-04 G=2.599 advA2B=0.373 advB2A=0.373 cycA=0.160 cycB=0.169 idtA=0.213 idtB=0.200 D_A=0.230 D_B=0.237 D_A(real)=0.60 D_A(fake)=0.40 gnG=12.70 gnD=8.76 it_per_s=4.96
2026-10-04 01:52:44,124 INFO iter=23000 epoch=4 lr=2.00e-04 G=2.598 advA2B=0.373 advB2A=0.374 cycA=0.160 cycB=0.169 idtA=0.213 idtB=0.199 D_A=0.229 D_B=0.237 D_A(real)=0.61 D_A(fake)=0.39 gnG=12.80 gnD=8.77 it_per_s=4.96
2026-10-04 01:53:04,254 INFO iter=23100 epoch=4 lr=2.00e-04 G=2.590 advA2B=0.373 advB2A=0.374 cycA=0.160 cycB=0.168 idtA=0.213 idtB=0.199 D_A=0.229 D_B=0.237 D_A(real)=0.61 D_A(fake)=0.39 gnG=12.76 gnD=8.76 it_per_s=4.96
2026-10-04 01:53:24,442 INFO iter=23200 epoch=4 lr=2.00e-04 G=2.590 advA2B=0.373 advB2A=0.374 cycA=0.160 cycB=0.168 idtA=0.212 idtB=0.199 D_A=0.229 D_B=0.237 D_A(real)=0.61 D_A(fake)=0.39 gnG=12.74 gnD=8.76 it_per_s=4.96
2026-10-04 01:53:44,594 INFO iter=23300 epoch=4 lr=2.00e-04 G=2.591 advA2B=0.373 advB2A=0.376 cycA=0.160 cycB=0.168 idtA=0.212 idtB=0.199 D_A=0.228 D_B=0.238 D_A(real)=0.61 D_A(fake)=0.39 gnG=12.68 gnD=8.77 it_per_s=4.96
2026-10-04 01:54:04,745 INFO iter=23400 epoch=4 lr=2.00e-04 G=2.588 advA2B=0.373 advB2A=0.377 cycA=0.159 cycB=0.167 idtA=0.212 idtB=0.199 D_A=0.228 D_B=0.238 D_A(real)=0.61 D_A(fake)=0.39 gnG=12.62 gnD=8.79 it_per_s=4.96
2026-10-04 01:54:24,795 INFO iter=23500 epoch=4 lr=2.00e-04 G=2.586 advA2B=0.372 advB2A=0.376 cycA=0.159 cycB=0.167 idtA=0.212 idtB=0.199 D_A=0.229 D_B=0.238 D_A(real)=0.61 D_A(fake)=0.39 gnG=12.57 gnD=8.78 it_per_s=4.96
2026-10-04 01:54:44,953 INFO iter=23600 epoch=4 lr=2.00e-04 G=2.585 advA2B=0.372 advB2A=0.376 cycA=0.159 cycB=0.167 idtA=0.212 idtB=0.198 D_A=0.229 D_B=0.238 D_A(real)=0.61 D_A(fake)=0.39 gnG=12.57 gnD=8.78 it_per_s=4.96
2026-10-04 01:55:05,092 INFO iter=23700 epoch=4 lr=2.00e-04 G=2.580 advA2B=0.372 advB2A=0.376 cycA=0.159 cycB=0.167 idtA=0.211 idtB=0.199 D_A=0.229 D_B=0.238 D_A(real)=0.61 D_A(fake)=0.39 gnG=12.58 gnD=8.78 it_per_s=4.96
2026-10-04 01:55:25,032 INFO iter=23800 epoch=4 lr=2.00e-04 G=2.582 advA2B=0.372 advB2A=0.376 cycA=0.159 cycB=0.167 idtA=0.212 idtB=0.200 D_A=0.228 D_B=0.238 D_A(real)=0.61 D_A(fake)=0.39 gnG=12.58 gnD=8.77 it_per_s=4.97
2026-10-04 01:55:44,571 INFO iter=23900 epoch=4 lr=2.00e-04 G=2.580 advA2B=0.372 advB2A=0.377 cycA=0.159 cycB=0.167 idtA=0.212 idtB=0.199 D_A=0.229 D_B=0.238 D_A(real)=0.61 D_A(fake)=0.39 gnG=12.55 gnD=8.78 it_per_s=4.97
2026-10-04 01:56:04,718 INFO iter=24000 epoch=4 lr=2.00e-04 G=2.576 advA2B=0.371 advB2A=0.377 cycA=0.158 cycB=0.166 idtA=0.211 idtB=0.199 D_A=0.229 D_B=0.238 D_A(real)=0.61 D_A(fake)=0.39 gnG=12.53 gnD=8.76 it_per_s=4.97
2026-10-04 01:56:24,858 INFO iter=24100 epoch=4 lr=2.00e-04 G=2.573 advA2B=0.370 advB2A=0.378 cycA=0.158 cycB=0.166 idtA=0.211 idtB=0.199 D_A=0.229 D_B=0.238 D_A(real)=0.61 D_A(fake)=0.39 gnG=12.51 gnD=8.74 it_per_s=4.97
2026-10-04 01:56:45,313 INFO iter=24200 epoch=4 lr=2.00e-04 G=2.571 advA2B=0.368 advB2A=0.379 cycA=0.158 cycB=0.166 idtA=0.211 idtB=0.199 D_A=0.229 D_B=0.238 D_A(real)=0.61 D_A(fake)=0.39 gnG=12.50 gnD=8.73 it_per_s=4.97
2026-10-04 01:57:05,472 INFO iter=24300 epoch=4 lr=2.00e-04 G=2.570 advA2B=0.367 advB2A=0.379 cycA=0.158 cycB=0.166 idtA=0.210 idtB=0.199 D_A=0.229 D_B=0.238 D_A(real)=0.61 D_A(fake)=0.39 gnG=12.48 gnD=8.74 it_per_s=4.97
2026-10-04 01:57:25,743 INFO iter=24400 epoch=4 lr=2.00e-04 G=2.569 advA2B=0.367 advB2A=0.379 cycA=0.158 cycB=0.165 idtA=0.210 idtB=0.199 D_A=0.228 D_B=0.238 D_A(real)=0.61 D_A(fake)=0.39 gnG=12.45 gnD=8.73 it_per_s=4.97
2026-10-04 01:57:45,917 INFO iter=24500 epoch=4 lr=2.00e-04 G=2.568 advA2B=0.367 advB2A=0.380 cycA=0.158 cycB=0.165 idtA=0.211 idtB=0.199 D_A=0.228 D_B=0.238 D_A(real)=0.61 D_A(fake)=0.39 gnG=12.43 gnD=8.73 it_per_s=4.97
2026-10-04 01:58:06,089 INFO iter=24600 epoch=4 lr=2.00e-04 G=2.568 advA2B=0.367 advB2A=0.379 cycA=0.158 cycB=0.165 idtA=0.211 idtB=0.199 D_A=0.228 D_B=0.238 D_A(real)=0.61 D_A(fake)=0.39 gnG=12.42 gnD=8.73 it_per_s=4.97
2026-10-04 01:58:26,301 INFO iter=24700 epoch=4 lr=2.00e-04 G=2.563 advA2B=0.366 advB2A=0.378 cycA=0.158 cycB=0.165 idtA=0.211 idtB=0.199 D_A=0.229 D_B=0.239 D_A(real)=0.61 D_A(fake)=0.39 gnG=12.40 gnD=8.72 it_per_s=4.97
2026-10-04 01:58:46,498 INFO iter=24800 epoch=4 lr=2.00e-04 G=2.562 advA2B=0.367 advB2A=0.377 cycA=0.158 cycB=0.165 idtA=0.211 idtB=0.199 D_A=0.229 D_B=0.239 D_A(real)=0.61 D_A(fake)=0.39 gnG=12.41 gnD=8.71 it_per_s=4.97
2026-10-04 01:59:06,690 INFO iter=24900 epoch=4 lr=2.00e-04 G=2.561 advA2B=0.367 advB2A=0.377 cycA=0.157 cycB=0.165 idtA=0.211 idtB=0.198 D_A=0.228 D_B=0.239 D_A(real)=0.61 D_A(fake)=0.39 gnG=12.41 gnD=8.70 it_per_s=4.97
2026-10-04 01:59:26,818 INFO iter=25000 epoch=4 lr=2.00e-04 G=2.560 advA2B=0.367 advB2A=0.378 cycA=0.157 cycB=0.165 idtA=0.210 idtB=0.198 D_A=0.228 D_B=0.239 D_A(real)=0.61 D_A(fake)=0.39 gnG=12.39 gnD=8.70 it_per_s=4.97
2026-10-04 01:59:46,921 INFO iter=25100 epoch=4 lr=2.00e-04 G=2.556 advA2B=0.367 advB2A=0.377 cycA=0.157 cycB=0.165 idtA=0.210 idtB=0.198 D_A=0.228 D_B=0.238 D_A(real)=0.61 D_A(fake)=0.39 gnG=12.38 gnD=8.70 it_per_s=4.97
2026-10-04 02:00:07,075 INFO iter=25200 epoch=4 lr=2.00e-04 G=2.554 advA2B=0.366 advB2A=0.376 cycA=0.157 cycB=0.165 idtA=0.211 idtB=0.198 D_A=0.228 D_B=0.238 D_A(real)=0.61 D_A(fake)=0.39 gnG=12.38 gnD=8.68 it_per_s=4.97
2026-10-04 02:00:27,271 INFO iter=25300 epoch=4 lr=2.00e-04 G=2.551 advA2B=0.366 advB2A=0.376 cycA=0.157 cycB=0.164 idtA=0.210 idtB=0.198 D_A=0.228 D_B=0.238 D_A(real)=0.61 D_A(fake)=0.39 gnG=12.37 gnD=8.67 it_per_s=4.97
2026-10-04 02:00:47,374 INFO iter=25400 epoch=4 lr=2.00e-04 G=2.550 advA2B=0.366 advB2A=0.377 cycA=0.156 cycB=0.164 idtA=0.210 idtB=0.198 D_A=0.228 D_B=0.239 D_A(real)=0.61 D_A(fake)=0.39 gnG=12.35 gnD=8.66 it_per_s=4.97
2026-10-04 02:01:07,518 INFO iter=25500 epoch=4 lr=2.00e-04 G=2.550 advA2B=0.366 advB2A=0.377 cycA=0.156 cycB=0.164 idtA=0.210 idtB=0.198 D_A=0.228 D_B=0.238 D_A(real)=0.61 D_A(fake)=0.39 gnG=12.36 gnD=8.66 it_per_s=4.97
2026-10-04 02:01:27,687 INFO iter=25600 epoch=4 lr=2.00e-04 G=2.549 advA2B=0.367 advB2A=0.377 cycA=0.156 cycB=0.164 idtA=0.210 idtB=0.198 D_A=0.228 D_B=0.238 D_A(real)=0.61 D_A(fake)=0.39 gnG=12.35 gnD=8.66 it_per_s=4.97
2026-10-04 02:01:47,829 INFO iter=25700 epoch=4 lr=2.00e-04 G=2.550 advA2B=0.367 advB2A=0.377 cycA=0.156 cycB=0.165 idtA=0.210 idtB=0.198 D_A=0.228 D_B=0.238 D_A(real)=0.61 D_A(fake)=0.39 gnG=12.34 gnD=8.66 it_per_s=4.97
2026-10-04 02:02:07,936 INFO iter=25800 epoch=4 lr=2.00e-04 G=2.549 advA2B=0.367 advB2A=0.377 cycA=0.156 cycB=0.164 idtA=0.209 idtB=0.198 D_A=0.228 D_B=0.238 D_A(real)=0.61 D_A(fake)=0.39 gnG=12.33 gnD=8.65 it_per_s=4.97
2026-10-04 02:02:28,033 INFO iter=25900 epoch=4 lr=2.00e-04 G=2.548 advA2B=0.367 advB2A=0.378 cycA=0.156 cycB=0.164 idtA=0.209 idtB=0.198 D_A=0.228 D_B=0.238 D_A(real)=0.61 D_A(fake)=0.39 gnG=12.31 gnD=8.65 it_per_s=4.97
2026-10-04 02:02:48,185 INFO iter=26000 epoch=4 lr=2.00e-04 G=2.546 advA2B=0.367 advB2A=0.377 cycA=0.156 cycB=0.164 idtA=0.209 idtB=0.198 D_A=0.228 D_B=0.239 D_A(real)=0.61 D_A(fake)=0.39 gnG=12.32 gnD=8.65 it_per_s=4.97
2026-10-04 02:03:08,309 INFO iter=26100 epoch=4 lr=2.00e-04 G=2.545 advA2B=0.366 advB2A=0.378 cycA=0.156 cycB=0.164 idtA=0.209 idtB=0.198 D_A=0.228 D_B=0.238 D_A(real)=0.61 D_A(fake)=0.39 gnG=12.33 gnD=8.65 it_per_s=4.97
2026-10-04 02:03:28,488 INFO iter=26200 epoch=4 lr=2.00e-04 G=2.547 advA2B=0.366 advB2A=0.378 cycA=0.156 cycB=0.164 idtA=0.210 idtB=0.198 D_A=0.227 D_B=0.238 D_A(real)=0.61 D_A(fake)=0.39 gnG=12.31 gnD=8.64 it_per_s=4.97
2026-10-04 02:03:48,595 INFO iter=26300 epoch=4 lr=2.00e-04 G=2.544 advA2B=0.365 advB2A=0.377 cycA=0.156 cycB=0.164 idtA=0.210 idtB=0.198 D_A=0.227 D_B=0.239 D_A(real)=0.61 D_A(fake)=0.39 gnG=12.30 gnD=8.63 it_per_s=4.97
2026-10-04 02:04:08,752 INFO iter=26400 epoch=4 lr=2.00e-04 G=2.542 advA2B=0.365 advB2A=0.377 cycA=0.156 cycB=0.164 idtA=0.209 idtB=0.198 D_A=0.227 D_B=0.238 D_A(real)=0.61 D_A(fake)=0.39 gnG=12.29 gnD=8.62 it_per_s=4.97
2026-10-04 02:04:28,951 INFO iter=26500 epoch=4 lr=2.00e-04 G=2.541 advA2B=0.364 advB2A=0.378 cycA=0.155 cycB=0.164 idtA=0.209 idtB=0.197 D_A=0.227 D_B=0.238 D_A(real)=0.61 D_A(fake)=0.39 gnG=12.30 gnD=8.61 it_per_s=4.97
2026-10-04 02:04:49,056 INFO iter=26600 epoch=4 lr=2.00e-04 G=2.540 advA2B=0.364 advB2A=0.378 cycA=0.155 cycB=0.164 idtA=0.209 idtB=0.198 D_A=0.227 D_B=0.238 D_A(real)=0.61 D_A(fake)=0.39 gnG=12.29 gnD=8.61 it_per_s=4.97
2026-10-04 02:05:09,134 INFO iter=26700 epoch=4 lr=2.00e-04 G=2.540 advA2B=0.364 advB2A=0.378 cycA=0.155 cycB=0.164 idtA=0.209 idtB=0.197 D_A=0.226 D_B=0.238 D_A(real)=0.61 D_A(fake)=0.39 gnG=12.29 gnD=8.61 it_per_s=4.97
2026-10-04 02:05:29,298 INFO iter=26800 epoch=4 lr=2.00e-04 G=2.539 advA2B=0.364 advB2A=0.378 cycA=0.155 cycB=0.163 idtA=0.209 idtB=0.198 D_A=0.227 D_B=0.238 D_A(real)=0.61 D_A(fake)=0.39 gnG=12.28 gnD=8.62 it_per_s=4.97
2026-10-04 02:05:49,407 INFO iter=26900 epoch=4 lr=2.00e-04 G=2.540 advA2B=0.365 advB2A=0.379 cycA=0.155 cycB=0.163 idtA=0.208 idtB=0.197 D_A=0.226 D_B=0.238 D_A(real)=0.61 D_A(fake)=0.39 gnG=12.29 gnD=8.61 it_per_s=4.97
2026-10-04 02:06:09,517 INFO iter=27000 epoch=4 lr=2.00e-04 G=2.540 advA2B=0.365 advB2A=0.379 cycA=0.155 cycB=0.163 idtA=0.208 idtB=0.197 D_A=0.226 D_B=0.238 D_A(real)=0.61 D_A(fake)=0.39 gnG=12.29 gnD=8.61 it_per_s=4.97
2026-10-04 02:06:29,721 INFO iter=27100 epoch=4 lr=2.00e-04 G=2.539 advA2B=0.365 advB2A=0.380 cycA=0.155 cycB=0.163 idtA=0.208 idtB=0.197 D_A=0.226 D_B=0.238 D_A(real)=0.61 D_A(fake)=0.39 gnG=12.28 gnD=8.61 it_per_s=4.97
2026-10-04 02:06:49,860 INFO iter=27200 epoch=4 lr=2.00e-04 G=2.540 advA2B=0.365 advB2A=0.380 cycA=0.155 cycB=0.163 idtA=0.208 idtB=0.197 D_A=0.226 D_B=0.238 D_A(real)=0.61 D_A(fake)=0.39 gnG=12.28 gnD=8.61 it_per_s=4.97
2026-10-04 02:07:10,002 INFO iter=27300 epoch=4 lr=2.00e-04 G=2.542 advA2B=0.365 advB2A=0.380 cycA=0.155 cycB=0.163 idtA=0.208 idtB=0.197 D_A=0.226 D_B=0.238 D_A(real)=0.61 D_A(fake)=0.39 gnG=12.30 gnD=8.61 it_per_s=4.97
2026-10-04 02:07:30,123 INFO iter=27400 epoch=4 lr=2.00e-04 G=2.546 advA2B=0.366 advB2A=0.382 cycA=0.155 cycB=0.164 idtA=0.208 idtB=0.197 D_A=0.225 D_B=0.238 D_A(real)=0.61 D_A(fake)=0.39 gnG=12.34 gnD=8.61 it_per_s=4.97
2026-10-04 02:07:50,232 INFO iter=27500 epoch=4 lr=2.00e-04 G=2.546 advA2B=0.366 advB2A=0.382 cycA=0.155 cycB=0.164 idtA=0.208 idtB=0.197 D_A=0.225 D_B=0.237 D_A(real)=0.61 D_A(fake)=0.39 gnG=12.33 gnD=8.60 it_per_s=4.97
2026-10-04 02:08:10,372 INFO iter=27600 epoch=4 lr=2.00e-04 G=2.547 advA2B=0.366 advB2A=0.383 cycA=0.155 cycB=0.164 idtA=0.208 idtB=0.197 D_A=0.225 D_B=0.237 D_A(real)=0.62 D_A(fake)=0.38 gnG=12.33 gnD=8.60 it_per_s=4.97
2026-10-04 02:08:30,552 INFO iter=27700 epoch=4 lr=2.00e-04 G=2.546 advA2B=0.366 advB2A=0.384 cycA=0.155 cycB=0.164 idtA=0.208 idtB=0.197 D_A=0.225 D_B=0.237 D_A(real)=0.62 D_A(fake)=0.38 gnG=12.33 gnD=8.60 it_per_s=4.97
2026-10-04 02:08:50,624 INFO iter=27800 epoch=4 lr=2.00e-04 G=2.546 advA2B=0.366 advB2A=0.383 cycA=0.155 cycB=0.164 idtA=0.208 idtB=0.197 D_A=0.224 D_B=0.237 D_A(real)=0.62 D_A(fake)=0.38 gnG=12.34 gnD=8.60 it_per_s=4.97
2026-10-04 02:09:10,781 INFO iter=27900 epoch=4 lr=2.00e-04 G=2.545 advA2B=0.366 advB2A=0.384 cycA=0.155 cycB=0.163 idtA=0.208 idtB=0.197 D_A=0.224 D_B=0.237 D_A(real)=0.62 D_A(fake)=0.38 gnG=12.34 gnD=8.60 it_per_s=4.97
2026-10-04 02:09:30,915 INFO iter=28000 epoch=4 lr=2.00e-04 G=2.542 advA2B=0.366 advB2A=0.383 cycA=0.155 cycB=0.163 idtA=0.208 idtB=0.197 D_A=0.225 D_B=0.238 D_A(real)=0.62 D_A(fake)=0.38 gnG=12.33 gnD=8.60 it_per_s=4.97
2026-10-04 02:09:51,055 INFO iter=28100 epoch=4 lr=2.00e-04 G=2.541 advA2B=0.366 advB2A=0.383 cycA=0.155 cycB=0.163 idtA=0.208 idtB=0.197 D_A=0.224 D_B=0.237 D_A(real)=0.62 D_A(fake)=0.38 gnG=12.32 gnD=8.59 it_per_s=4.97
2026-10-04 02:10:01,499 INFO epoch=4 done time_s=1417 it_per_s=4.97 G=2.540 cycA=0.155 cycB=0.163 idtA=0.208 idtB=0.197 D_A=0.224 D_B=0.238 D_A(real)=0.62 D_A(fake)=0.38 nan_count=0
2026-10-04 02:10:11,896 INFO iter=28200 epoch=5 lr=2.00e-04 G=2.581 advA2B=0.374 advB2A=0.386 cycA=0.156 cycB=0.166 idtA=0.212 idtB=0.213 D_A=0.202 D_B=0.233 D_A(real)=0.65 D_A(fake)=0.36 gnG=12.42 gnD=8.57 it_per_s=4.95
2026-10-04 02:10:32,027 INFO iter=28300 epoch=5 lr=2.00e-04 G=2.469 advA2B=0.353 advB2A=0.364 cycA=0.149 cycB=0.160 idtA=0.216 idtB=0.198 D_A=0.211 D_B=0.237 D_A(real)=0.64 D_A(fake)=0.37 gnG=12.34 gnD=8.03 it_per_s=4.96
2026-10-04 02:10:52,200 INFO iter=28400 epoch=5 lr=2.00e-04 G=2.563 advA2B=0.384 advB2A=0.373 cycA=0.156 cycB=0.164 idtA=0.207 idtB=0.202 D_A=0.210 D_B=0.232 D_A(real)=0.64 D_A(fake)=0.36 gnG=13.06 gnD=8.34 it_per_s=4.96
2026-10-04 02:11:12,295 INFO iter=28500 epoch=5 lr=2.00e-04 G=2.555 advA2B=0.373 advB2A=0.374 cycA=0.155 cycB=0.165 idtA=0.210 idtB=0.209 D_A=0.216 D_B=0.234 D_A(real)=0.64 D_A(fake)=0.36 gnG=12.94 gnD=8.37 it_per_s=4.97
2026-10-04 02:11:32,403 INFO iter=28600 epoch=5 lr=2.00e-04 G=2.561 advA2B=0.372 advB2A=0.379 cycA=0.156 cycB=0.165 idtA=0.209 idtB=0.209 D_A=0.213 D_B=0.232 D_A(real)=0.64 D_A(fake)=0.36 gnG=12.77 gnD=8.31 it_per_s=4.97
2026-10-04 02:11:52,538 INFO iter=28700 epoch=5 lr=2.00e-04 G=2.592 advA2B=0.386 advB2A=0.385 cycA=0.157 cycB=0.165 idtA=0.210 idtB=0.209 D_A=0.214 D_B=0.230 D_A(real)=0.64 D_A(fake)=0.36 gnG=12.92 gnD=8.45 it_per_s=4.97
2026-10-04 02:12:12,637 INFO iter=28800 epoch=5 lr=2.00e-04 G=2.574 advA2B=0.385 advB2A=0.389 cycA=0.155 cycB=0.163 idtA=0.209 idtB=0.205 D_A=0.214 D_B=0.233 D_A(real)=0.65 D_A(fake)=0.35 gnG=12.72 gnD=8.47 it_per_s=4.97
2026-10-04 02:12:32,807 INFO iter=28900 epoch=5 lr=2.00e-04 G=2.558 advA2B=0.384 advB2A=0.397 cycA=0.154 cycB=0.160 idtA=0.209 idtB=0.202 D_A=0.211 D_B=0.233 D_A(real)=0.65 D_A(fake)=0.35 gnG=12.52 gnD=8.44 it_per_s=4.97
2026-10-04 02:12:52,937 INFO iter=29000 epoch=5 lr=2.00e-04 G=2.548 advA2B=0.383 advB2A=0.396 cycA=0.153 cycB=0.160 idtA=0.208 idtB=0.201 D_A=0.212 D_B=0.233 D_A(real)=0.65 D_A(fake)=0.35 gnG=12.45 gnD=8.44 it_per_s=4.97
2026-10-04 02:13:13,046 INFO iter=29100 epoch=5 lr=2.00e-04 G=2.537 advA2B=0.381 advB2A=0.396 cycA=0.152 cycB=0.159 idtA=0.206 idtB=0.199 D_A=0.213 D_B=0.233 D_A(real)=0.65 D_A(fake)=0.35 gnG=12.44 gnD=8.48 it_per_s=4.97
2026-10-04 02:13:33,154 INFO iter=29200 epoch=5 lr=2.00e-04 G=2.530 advA2B=0.381 advB2A=0.400 cycA=0.151 cycB=0.158 idtA=0.207 idtB=0.198 D_A=0.211 D_B=0.233 D_A(real)=0.65 D_A(fake)=0.35 gnG=12.55 gnD=8.47 it_per_s=4.97
2026-10-04 02:13:53,278 INFO iter=29300 epoch=5 lr=2.00e-04 G=2.520 advA2B=0.379 advB2A=0.399 cycA=0.150 cycB=0.158 idtA=0.206 idtB=0.197 D_A=0.211 D_B=0.233 D_A(real)=0.65 D_A(fake)=0.35 gnG=12.61 gnD=8.47 it_per_s=4.97
2026-10-04 02:14:13,360 INFO iter=29400 epoch=5 lr=2.00e-04 G=2.515 advA2B=0.377 advB2A=0.401 cycA=0.150 cycB=0.157 idtA=0.205 idtB=0.196 D_A=0.211 D_B=0.233 D_A(real)=0.65 D_A(fake)=0.35 gnG=12.80 gnD=8.45 it_per_s=4.97
2026-10-04 02:14:33,476 INFO iter=29500 epoch=5 lr=2.00e-04 G=2.505 advA2B=0.378 advB2A=0.402 cycA=0.149 cycB=0.156 idtA=0.203 idtB=0.195 D_A=0.210 D_B=0.233 D_A(real)=0.65 D_A(fake)=0.35 gnG=12.73 gnD=8.46 it_per_s=4.97
2026-10-04 02:14:53,574 INFO iter=29600 epoch=5 lr=2.00e-04 G=2.501 advA2B=0.374 advB2A=0.403 cycA=0.149 cycB=0.156 idtA=0.204 idtB=0.197 D_A=0.211 D_B=0.234 D_A(real)=0.65 D_A(fake)=0.35 gnG=12.77 gnD=8.49 it_per_s=4.97
2026-10-04 02:15:13,650 INFO iter=29700 epoch=5 lr=2.00e-04 G=2.504 advA2B=0.375 advB2A=0.404 cycA=0.149 cycB=0.156 idtA=0.204 idtB=0.197 D_A=0.210 D_B=0.233 D_A(real)=0.65 D_A(fake)=0.35 gnG=12.88 gnD=8.50 it_per_s=4.97
2026-10-04 02:15:33,704 INFO iter=29800 epoch=5 lr=2.00e-04 G=2.509 advA2B=0.375 advB2A=0.406 cycA=0.149 cycB=0.157 idtA=0.203 idtB=0.197 D_A=0.210 D_B=0.234 D_A(real)=0.66 D_A(fake)=0.34 gnG=13.12 gnD=8.50 it_per_s=4.97
2026-10-04 02:15:53,808 INFO iter=29900 epoch=5 lr=2.00e-04 G=2.508 advA2B=0.374 advB2A=0.409 cycA=0.149 cycB=0.156 idtA=0.203 idtB=0.197 D_A=0.210 D_B=0.234 D_A(real)=0.66 D_A(fake)=0.34 gnG=13.27 gnD=8.49 it_per_s=4.97
2026-10-04 02:16:13,910 INFO iter=30000 epoch=5 lr=2.00e-04 G=2.502 advA2B=0.373 advB2A=0.408 cycA=0.148 cycB=0.156 idtA=0.203 idtB=0.197 D_A=0.210 D_B=0.234 D_A(real)=0.66 D_A(fake)=0.35 gnG=13.39 gnD=8.47 it_per_s=4.97
2026-10-04 02:16:34,030 INFO iter=30100 epoch=5 lr=2.00e-04 G=2.503 advA2B=0.373 advB2A=0.409 cycA=0.148 cycB=0.156 idtA=0.203 idtB=0.197 D_A=0.210 D_B=0.234 D_A(real)=0.66 D_A(fake)=0.34 gnG=13.51 gnD=8.47 it_per_s=4.97
2026-10-04 02:16:54,175 INFO iter=30200 epoch=5 lr=2.00e-04 G=2.501 advA2B=0.373 advB2A=0.408 cycA=0.148 cycB=0.156 idtA=0.203 idtB=0.195 D_A=0.211 D_B=0.235 D_A(real)=0.65 D_A(fake)=0.35 gnG=13.62 gnD=8.49 it_per_s=4.97
2026-10-04 02:17:14,276 INFO iter=30300 epoch=5 lr=2.00e-04 G=2.506 advA2B=0.373 advB2A=0.413 cycA=0.148 cycB=0.156 idtA=0.203 idtB=0.195 D_A=0.210 D_B=0.235 D_A(real)=0.66 D_A(fake)=0.34 gnG=13.62 gnD=8.48 it_per_s=4.97
2026-10-04 02:17:34,406 INFO iter=30400 epoch=5 lr=2.00e-04 G=2.505 advA2B=0.371 advB2A=0.412 cycA=0.148 cycB=0.157 idtA=0.203 idtB=0.195 D_A=0.210 D_B=0.235 D_A(real)=0.66 D_A(fake)=0.34 gnG=13.62 gnD=8.46 it_per_s=4.97
2026-10-04 02:17:54,500 INFO iter=30500 epoch=5 lr=2.00e-04 G=2.506 advA2B=0.372 advB2A=0.412 cycA=0.148 cycB=0.157 idtA=0.203 idtB=0.195 D_A=0.209 D_B=0.234 D_A(real)=0.66 D_A(fake)=0.34 gnG=13.70 gnD=8.46 it_per_s=4.97
2026-10-04 02:18:14,591 INFO iter=30600 epoch=5 lr=2.00e-04 G=2.512 advA2B=0.373 advB2A=0.413 cycA=0.148 cycB=0.157 idtA=0.203 idtB=0.195 D_A=0.210 D_B=0.234 D_A(real)=0.66 D_A(fake)=0.34 gnG=13.87 gnD=8.48 it_per_s=4.97
2026-10-04 02:18:34,700 INFO iter=30700 epoch=5 lr=2.00e-04 G=2.511 advA2B=0.372 advB2A=0.414 cycA=0.148 cycB=0.157 idtA=0.202 idtB=0.194 D_A=0.209 D_B=0.234 D_A(real)=0.66 D_A(fake)=0.34 gnG=14.02 gnD=8.46 it_per_s=4.97
2026-10-04 02:18:54,825 INFO iter=30800 epoch=5 lr=2.00e-04 G=2.508 advA2B=0.372 advB2A=0.414 cycA=0.148 cycB=0.157 idtA=0.202 idtB=0.194 D_A=0.209 D_B=0.234 D_A(real)=0.66 D_A(fake)=0.34 gnG=14.15 gnD=8.45 it_per_s=4.97
2026-10-04 02:19:14,955 INFO iter=30900 epoch=5 lr=2.00e-04 G=2.507 advA2B=0.372 advB2A=0.414 cycA=0.148 cycB=0.157 idtA=0.202 idtB=0.194 D_A=0.209 D_B=0.234 D_A(real)=0.66 D_A(fake)=0.34 gnG=14.33 gnD=8.46 it_per_s=4.97
2026-10-04 02:19:35,014 INFO iter=31000 epoch=5 lr=2.00e-04 G=2.512 advA2B=0.373 advB2A=0.416 cycA=0.148 cycB=0.157 idtA=0.201 idtB=0.194 D_A=0.208 D_B=0.234 D_A(real)=0.66 D_A(fake)=0.34 gnG=14.39 gnD=8.47 it_per_s=4.97
2026-10-04 02:19:55,103 INFO iter=31100 epoch=5 lr=2.00e-04 G=2.509 advA2B=0.371 advB2A=0.416 cycA=0.148 cycB=0.157 idtA=0.201 idtB=0.194 D_A=0.207 D_B=0.234 D_A(real)=0.66 D_A(fake)=0.34 gnG=14.39 gnD=8.46 it_per_s=4.97
2026-10-04 02:20:15,305 INFO iter=31200 epoch=5 lr=2.00e-04 G=2.511 advA2B=0.371 advB2A=0.417 cycA=0.148 cycB=0.157 idtA=0.201 idtB=0.193 D_A=0.207 D_B=0.234 D_A(real)=0.66 D_A(fake)=0.34 gnG=14.47 gnD=8.46 it_per_s=4.97
2026-10-04 02:20:35,419 INFO iter=31300 epoch=5 lr=2.00e-04 G=2.510 advA2B=0.371 advB2A=0.418 cycA=0.148 cycB=0.157 idtA=0.201 idtB=0.193 D_A=0.207 D_B=0.234 D_A(real)=0.67 D_A(fake)=0.34 gnG=14.50 gnD=8.47 it_per_s=4.97
2026-10-04 02:20:54,863 INFO iter=31400 epoch=5 lr=2.00e-04 G=2.507 advA2B=0.371 advB2A=0.418 cycA=0.148 cycB=0.156 idtA=0.201 idtB=0.192 D_A=0.207 D_B=0.234 D_A(real)=0.67 D_A(fake)=0.33 gnG=14.47 gnD=8.48 it_per_s=4.98
2026-10-04 02:21:18,301 INFO iter=31500 epoch=5 lr=2.00e-04 G=2.506 advA2B=0.371 advB2A=0.419 cycA=0.148 cycB=0.156 idtA=0.201 idtB=0.192 D_A=0.207 D_B=0.234 D_A(real)=0.67 D_A(fake)=0.33 gnG=14.57 gnD=8.48 it_per_s=4.95
2026-10-04 02:21:40,610 INFO iter=31600 epoch=5 lr=2.00e-04 G=2.508 advA2B=0.370 advB2A=0.420 cycA=0.148 cycB=0.156 idtA=0.201 idtB=0.192 D_A=0.207 D_B=0.234 D_A(real)=0.67 D_A(fake)=0.33 gnG=14.70 gnD=8.49 it_per_s=4.94
2026-10-04 02:22:04,151 INFO iter=31700 epoch=5 lr=2.00e-04 G=2.509 advA2B=0.370 advB2A=0.421 cycA=0.148 cycB=0.156 idtA=0.201 idtB=0.192 D_A=0.206 D_B=0.234 D_A(real)=0.67 D_A(fake)=0.33 gnG=14.74 gnD=8.49 it_per_s=4.91
2026-10-04 02:22:28,369 INFO iter=31800 epoch=5 lr=2.00e-04 G=2.510 advA2B=0.370 advB2A=0.422 cycA=0.148 cycB=0.156 idtA=0.201 idtB=0.192 D_A=0.207 D_B=0.234 D_A(real)=0.67 D_A(fake)=0.33 gnG=14.73 gnD=8.49 it_per_s=4.89
2026-10-04 02:22:52,821 INFO iter=31900 epoch=5 lr=2.00e-04 G=2.509 advA2B=0.369 advB2A=0.422 cycA=0.148 cycB=0.156 idtA=0.201 idtB=0.192 D_A=0.207 D_B=0.234 D_A(real)=0.67 D_A(fake)=0.33 gnG=14.74 gnD=8.49 it_per_s=4.86
2026-10-04 02:23:16,597 INFO iter=32000 epoch=5 lr=2.00e-04 G=2.507 advA2B=0.369 advB2A=0.421 cycA=0.148 cycB=0.156 idtA=0.201 idtB=0.191 D_A=0.207 D_B=0.234 D_A(real)=0.67 D_A(fake)=0.33 gnG=14.77 gnD=8.49 it_per_s=4.84
2026-10-04 02:23:38,777 INFO iter=32100 epoch=5 lr=2.00e-04 G=2.502 advA2B=0.369 advB2A=0.421 cycA=0.147 cycB=0.156 idtA=0.200 idtB=0.190 D_A=0.207 D_B=0.234 D_A(real)=0.67 D_A(fake)=0.34 gnG=14.85 gnD=8.47 it_per_s=4.83
2026-10-04 02:24:02,592 INFO iter=32200 epoch=5 lr=2.00e-04 G=2.500 advA2B=0.368 advB2A=0.421 cycA=0.147 cycB=0.156 idtA=0.200 idtB=0.190 D_A=0.207 D_B=0.234 D_A(real)=0.67 D_A(fake)=0.34 gnG=14.78 gnD=8.46 it_per_s=4.82
2026-10-04 02:24:26,460 INFO iter=32300 epoch=5 lr=2.00e-04 G=2.500 advA2B=0.368 advB2A=0.421 cycA=0.147 cycB=0.156 idtA=0.200 idtB=0.190 D_A=0.207 D_B=0.234 D_A(real)=0.67 D_A(fake)=0.33 gnG=14.72 gnD=8.45 it_per_s=4.80
2026-10-04 02:24:50,827 INFO iter=32400 epoch=5 lr=2.00e-04 G=2.499 advA2B=0.368 advB2A=0.421 cycA=0.147 cycB=0.156 idtA=0.200 idtB=0.190 D_A=0.207 D_B=0.234 D_A(real)=0.67 D_A(fake)=0.33 gnG=14.65 gnD=8.44 it_per_s=4.78
2026-10-04 02:25:11,738 INFO iter=32500 epoch=5 lr=2.00e-04 G=2.500 advA2B=0.368 advB2A=0.421 cycA=0.147 cycB=0.156 idtA=0.200 idtB=0.190 D_A=0.206 D_B=0.234 D_A(real)=0.67 D_A(fake)=0.33 gnG=14.62 gnD=8.44 it_per_s=4.78
2026-10-04 02:25:31,951 INFO iter=32600 epoch=5 lr=2.00e-04 G=2.500 advA2B=0.368 advB2A=0.422 cycA=0.147 cycB=0.156 idtA=0.200 idtB=0.190 D_A=0.206 D_B=0.234 D_A(real)=0.67 D_A(fake)=0.33 gnG=14.57 gnD=8.44 it_per_s=4.78
2026-10-04 02:25:56,429 INFO iter=32700 epoch=5 lr=2.00e-04 G=2.499 advA2B=0.368 advB2A=0.421 cycA=0.147 cycB=0.156 idtA=0.200 idtB=0.190 D_A=0.206 D_B=0.234 D_A(real)=0.67 D_A(fake)=0.33 gnG=14.52 gnD=8.44 it_per_s=4.77
2026-10-04 02:26:20,514 INFO iter=32800 epoch=5 lr=2.00e-04 G=2.497 advA2B=0.369 advB2A=0.421 cycA=0.147 cycB=0.156 idtA=0.199 idtB=0.190 D_A=0.206 D_B=0.234 D_A(real)=0.67 D_A(fake)=0.33 gnG=14.48 gnD=8.43 it_per_s=4.75
2026-10-04 02:26:44,628 INFO iter=32900 epoch=5 lr=2.00e-04 G=2.498 advA2B=0.369 advB2A=0.421 cycA=0.147 cycB=0.156 idtA=0.199 idtB=0.190 D_A=0.206 D_B=0.234 D_A(real)=0.67 D_A(fake)=0.33 gnG=14.46 gnD=8.43 it_per_s=4.74
2026-10-04 02:27:07,064 INFO iter=33000 epoch=5 lr=2.00e-04 G=2.497 advA2B=0.369 advB2A=0.421 cycA=0.147 cycB=0.155 idtA=0.199 idtB=0.189 D_A=0.206 D_B=0.234 D_A(real)=0.67 D_A(fake)=0.33 gnG=14.43 gnD=8.44 it_per_s=4.73
2026-10-04 02:27:29,903 INFO iter=33100 epoch=5 lr=2.00e-04 G=2.499 advA2B=0.370 advB2A=0.421 cycA=0.147 cycB=0.156 idtA=0.199 idtB=0.189 D_A=0.206 D_B=0.234 D_A(real)=0.67 D_A(fake)=0.33 gnG=14.44 gnD=8.44 it_per_s=4.72
2026-10-04 02:27:54,438 INFO iter=33200 epoch=5 lr=2.00e-04 G=2.498 advA2B=0.369 advB2A=0.421 cycA=0.147 cycB=0.156 idtA=0.199 idtB=0.190 D_A=0.206 D_B=0.234 D_A(real)=0.67 D_A(fake)=0.33 gnG=14.48 gnD=8.44 it_per_s=4.71
2026-10-04 02:28:18,563 INFO iter=33300 epoch=5 lr=2.00e-04 G=2.495 advA2B=0.369 advB2A=0.420 cycA=0.147 cycB=0.156 idtA=0.199 idtB=0.189 D_A=0.206 D_B=0.234 D_A(real)=0.67 D_A(fake)=0.33 gnG=14.45 gnD=8.44 it_per_s=4.70
2026-10-04 02:28:42,704 INFO iter=33400 epoch=5 lr=2.00e-04 G=2.492 advA2B=0.369 advB2A=0.420 cycA=0.147 cycB=0.155 idtA=0.199 idtB=0.189 D_A=0.206 D_B=0.234 D_A(real)=0.67 D_A(fake)=0.33 gnG=14.42 gnD=8.44 it_per_s=4.68
2026-10-04 02:29:05,459 INFO iter=33500 epoch=5 lr=2.00e-04 G=2.492 advA2B=0.369 advB2A=0.420 cycA=0.147 cycB=0.155 idtA=0.199 idtB=0.189 D_A=0.206 D_B=0.234 D_A(real)=0.67 D_A(fake)=0.33 gnG=14.45 gnD=8.44 it_per_s=4.68
2026-10-04 02:29:28,492 INFO iter=33600 epoch=5 lr=2.00e-04 G=2.494 advA2B=0.369 advB2A=0.421 cycA=0.147 cycB=0.155 idtA=0.199 idtB=0.188 D_A=0.206 D_B=0.234 D_A(real)=0.67 D_A(fake)=0.33 gnG=14.50 gnD=8.45 it_per_s=4.67
2026-10-04 02:29:52,880 INFO iter=33700 epoch=5 lr=2.00e-04 G=2.493 advA2B=0.369 advB2A=0.421 cycA=0.147 cycB=0.155 idtA=0.199 idtB=0.188 D_A=0.206 D_B=0.234 D_A(real)=0.67 D_A(fake)=0.33 gnG=14.49 gnD=8.45 it_per_s=4.66
2026-10-04 02:30:16,857 INFO iter=33800 epoch=5 lr=2.00e-04 G=2.492 advA2B=0.369 advB2A=0.421 cycA=0.147 cycB=0.155 idtA=0.199 idtB=0.188 D_A=0.206 D_B=0.235 D_A(real)=0.67 D_A(fake)=0.33 gnG=14.54 gnD=8.44 it_per_s=4.65
2026-10-04 02:30:41,144 INFO iter=33900 epoch=5 lr=2.00e-04 G=2.491 advA2B=0.368 advB2A=0.421 cycA=0.147 cycB=0.155 idtA=0.199 idtB=0.188 D_A=0.206 D_B=0.235 D_A(real)=0.67 D_A(fake)=0.33 gnG=14.59 gnD=8.43 it_per_s=4.64
2026-10-04 02:31:03,582 INFO iter=34000 epoch=5 lr=2.00e-04 G=2.489 advA2B=0.368 advB2A=0.421 cycA=0.146 cycB=0.155 idtA=0.199 idtB=0.188 D_A=0.206 D_B=0.235 D_A(real)=0.67 D_A(fake)=0.33 gnG=14.63 gnD=8.43 it_per_s=4.64
2026-10-04 02:31:26,810 INFO iter=34100 epoch=5 lr=2.00e-04 G=2.491 advA2B=0.368 advB2A=0.422 cycA=0.146 cycB=0.155 idtA=0.199 idtB=0.188 D_A=0.206 D_B=0.235 D_A(real)=0.67 D_A(fake)=0.33 gnG=14.71 gnD=8.43 it_per_s=4.63
2026-10-04 02:31:51,081 INFO iter=34200 epoch=5 lr=2.00e-04 G=2.491 advA2B=0.368 advB2A=0.422 cycA=0.146 cycB=0.155 idtA=0.199 idtB=0.188 D_A=0.206 D_B=0.235 D_A(real)=0.67 D_A(fake)=0.33 gnG=14.69 gnD=8.43 it_per_s=4.62
2026-10-04 02:32:11,685 INFO iter=34300 epoch=5 lr=2.00e-04 G=2.492 advA2B=0.368 advB2A=0.422 cycA=0.146 cycB=0.155 idtA=0.199 idtB=0.188 D_A=0.206 D_B=0.235 D_A(real)=0.67 D_A(fake)=0.33 gnG=14.74 gnD=8.43 it_per_s=4.62
2026-10-04 02:32:31,899 INFO iter=34400 epoch=5 lr=2.00e-04 G=2.490 advA2B=0.368 advB2A=0.422 cycA=0.146 cycB=0.155 idtA=0.199 idtB=0.188 D_A=0.206 D_B=0.235 D_A(real)=0.67 D_A(fake)=0.33 gnG=14.80 gnD=8.42 it_per_s=4.63
2026-10-04 02:32:52,042 INFO iter=34500 epoch=5 lr=2.00e-04 G=2.489 advA2B=0.368 advB2A=0.423 cycA=0.146 cycB=0.155 idtA=0.199 idtB=0.188 D_A=0.206 D_B=0.235 D_A(real)=0.67 D_A(fake)=0.33 gnG=14.82 gnD=8.42 it_per_s=4.63
2026-10-04 02:33:12,152 INFO iter=34600 epoch=5 lr=2.00e-04 G=2.490 advA2B=0.368 advB2A=0.422 cycA=0.146 cycB=0.155 idtA=0.199 idtB=0.188 D_A=0.206 D_B=0.234 D_A(real)=0.67 D_A(fake)=0.33 gnG=14.80 gnD=8.41 it_per_s=4.64
2026-10-04 02:33:32,310 INFO iter=34700 epoch=5 lr=2.00e-04 G=2.489 advA2B=0.368 advB2A=0.422 cycA=0.146 cycB=0.155 idtA=0.199 idtB=0.188 D_A=0.206 D_B=0.234 D_A(real)=0.67 D_A(fake)=0.33 gnG=14.86 gnD=8.41 it_per_s=4.64
2026-10-04 02:33:52,452 INFO iter=34800 epoch=5 lr=2.00e-04 G=2.488 advA2B=0.369 advB2A=0.422 cycA=0.146 cycB=0.155 idtA=0.199 idtB=0.187 D_A=0.205 D_B=0.235 D_A(real)=0.67 D_A(fake)=0.33 gnG=14.84 gnD=8.41 it_per_s=4.65
2026-10-04 02:34:12,585 INFO iter=34900 epoch=5 lr=2.00e-04 G=2.487 advA2B=0.368 advB2A=0.422 cycA=0.146 cycB=0.155 idtA=0.199 idtB=0.187 D_A=0.205 D_B=0.234 D_A(real)=0.67 D_A(fake)=0.33 gnG=14.84 gnD=8.41 it_per_s=4.65
2026-10-04 02:34:32,740 INFO iter=35000 epoch=5 lr=2.00e-04 G=2.487 advA2B=0.368 advB2A=0.423 cycA=0.146 cycB=0.155 idtA=0.199 idtB=0.187 D_A=0.205 D_B=0.234 D_A(real)=0.67 D_A(fake)=0.33 gnG=14.87 gnD=8.41 it_per_s=4.66
2026-10-04 02:34:52,935 INFO iter=35100 epoch=5 lr=2.00e-04 G=2.486 advA2B=0.368 advB2A=0.423 cycA=0.146 cycB=0.155 idtA=0.199 idtB=0.187 D_A=0.205 D_B=0.234 D_A(real)=0.67 D_A(fake)=0.33 gnG=14.91 gnD=8.41 it_per_s=4.66
2026-10-04 02:35:11,022 INFO epoch=5 done time_s=1509 it_per_s=4.66 G=2.486 cycA=0.146 cycB=0.155 idtA=0.198 idtB=0.187 D_A=0.205 D_B=0.234 D_A(real)=0.67 D_A(fake)=0.33 nan_count=0
2026-10-04 02:35:13,935 INFO iter=35200 epoch=6 lr=2.00e-04 G=2.296 advA2B=0.403 advB2A=0.329 cycA=0.123 cycB=0.145 idtA=0.257 idtB=0.185 D_A=0.176 D_B=0.236 D_A(real)=0.73 D_A(fake)=0.29 gnG=12.65 gnD=6.74 it_per_s=4.96
2026-10-04 02:35:37,543 INFO iter=35300 epoch=6 lr=2.00e-04 G=2.464 advA2B=0.385 advB2A=0.407 cycA=0.138 cycB=0.158 idtA=0.202 idtB=0.185 D_A=0.211 D_B=0.224 D_A(real)=0.65 D_A(fake)=0.34 gnG=15.94 gnD=8.35 it_per_s=4.29
2026-10-04 02:36:00,247 INFO iter=35400 epoch=6 lr=2.00e-04 G=2.552 advA2B=0.404 advB2A=0.439 cycA=0.145 cycB=0.157 idtA=0.204 idtB=0.189 D_A=0.203 D_B=0.221 D_A(real)=0.68 D_A(fake)=0.32 gnG=15.55 gnD=8.20 it_per_s=4.35
2026-10-04 02:36:23,502 INFO iter=35500 epoch=6 lr=2.00e-04 G=2.517 advA2B=0.394 advB2A=0.438 cycA=0.145 cycB=0.153 idtA=0.203 idtB=0.185 D_A=0.200 D_B=0.223 D_A(real)=0.68 D_A(fake)=0.32 gnG=14.66 gnD=8.40 it_per_s=4.33
2026-10-04 02:36:43,910 INFO iter=35600 epoch=6 lr=2.00e-04 G=2.485 advA2B=0.385 advB2A=0.422 cycA=0.144 cycB=0.153 idtA=0.199 idtB=0.186 D_A=0.203 D_B=0.228 D_A(real)=0.67 D_A(fake)=0.33 gnG=14.15 gnD=8.37 it_per_s=4.46
2026-10-04 02:37:04,108 INFO iter=35700 epoch=6 lr=2.00e-04 G=2.482 advA2B=0.384 advB2A=0.426 cycA=0.145 cycB=0.151 idtA=0.200 idtB=0.182 D_A=0.205 D_B=0.228 D_A(real)=0.68 D_A(fake)=0.32 gnG=14.72 gnD=8.41 it_per_s=4.55
2026-10-04 02:37:24,240 INFO iter=35800 epoch=6 lr=2.00e-04 G=2.481 advA2B=0.381 advB2A=0.423 cycA=0.145 cycB=0.152 idtA=0.201 idtB=0.184 D_A=0.204 D_B=0.230 D_A(real)=0.68 D_A(fake)=0.32 gnG=14.52 gnD=8.39 it_per_s=4.61
2026-10-04 02:37:44,397 INFO iter=35900 epoch=6 lr=2.00e-04 G=2.482 advA2B=0.375 advB2A=0.427 cycA=0.145 cycB=0.153 idtA=0.202 idtB=0.184 D_A=0.203 D_B=0.231 D_A(real)=0.68 D_A(fake)=0.32 gnG=14.59 gnD=8.39 it_per_s=4.66
2026-10-04 02:38:04,524 INFO iter=36000 epoch=6 lr=2.00e-04 G=2.482 advA2B=0.378 advB2A=0.426 cycA=0.144 cycB=0.153 idtA=0.198 idtB=0.184 D_A=0.203 D_B=0.231 D_A(real)=0.68 D_A(fake)=0.32 gnG=14.68 gnD=8.40 it_per_s=4.69
2026-10-04 02:38:24,666 INFO iter=36100 epoch=6 lr=2.00e-04 G=2.478 advA2B=0.377 advB2A=0.429 cycA=0.143 cycB=0.153 idtA=0.198 idtB=0.184 D_A=0.202 D_B=0.231 D_A(real)=0.68 D_A(fake)=0.32 gnG=14.83 gnD=8.42 it_per_s=4.72
2026-10-04 02:38:44,796 INFO iter=36200 epoch=6 lr=2.00e-04 G=2.474 advA2B=0.375 advB2A=0.433 cycA=0.143 cycB=0.152 idtA=0.198 idtB=0.183 D_A=0.202 D_B=0.230 D_A(real)=0.68 D_A(fake)=0.32 gnG=14.86 gnD=8.44 it_per_s=4.74
2026-10-04 02:39:04,915 INFO iter=36300 epoch=6 lr=2.00e-04 G=2.484 advA2B=0.378 advB2A=0.435 cycA=0.143 cycB=0.153 idtA=0.197 idtB=0.185 D_A=0.202 D_B=0.230 D_A(real)=0.68 D_A(fake)=0.32 gnG=15.11 gnD=8.39 it_per_s=4.76
2026-10-04 02:39:24,948 INFO iter=36400 epoch=6 lr=2.00e-04 G=2.480 advA2B=0.378 advB2A=0.436 cycA=0.143 cycB=0.152 idtA=0.196 idtB=0.183 D_A=0.201 D_B=0.229 D_A(real)=0.69 D_A(fake)=0.31 gnG=14.94 gnD=8.37 it_per_s=4.78
2026-10-04 02:39:45,054 INFO iter=36500 epoch=6 lr=2.00e-04 G=2.475 advA2B=0.378 advB2A=0.435 cycA=0.142 cycB=0.152 idtA=0.195 idtB=0.184 D_A=0.201 D_B=0.229 D_A(real)=0.69 D_A(fake)=0.31 gnG=14.90 gnD=8.36 it_per_s=4.80
2026-10-04 02:40:05,118 INFO iter=36600 epoch=6 lr=2.00e-04 G=2.475 advA2B=0.378 advB2A=0.435 cycA=0.142 cycB=0.152 idtA=0.196 idtB=0.185 D_A=0.200 D_B=0.229 D_A(real)=0.69 D_A(fake)=0.31 gnG=14.85 gnD=8.34 it_per_s=4.81
2026-10-04 02:40:25,213 INFO iter=36700 epoch=6 lr=2.00e-04 G=2.467 advA2B=0.377 advB2A=0.435 cycA=0.141 cycB=0.152 idtA=0.195 idtB=0.184 D_A=0.200 D_B=0.229 D_A(real)=0.69 D_A(fake)=0.31 gnG=14.85 gnD=8.34 it_per_s=4.82
2026-10-04 02:40:45,340 INFO iter=36800 epoch=6 lr=2.00e-04 G=2.466 advA2B=0.378 advB2A=0.434 cycA=0.141 cycB=0.152 idtA=0.195 idtB=0.184 D_A=0.200 D_B=0.229 D_A(real)=0.69 D_A(fake)=0.31 gnG=15.04 gnD=8.34 it_per_s=4.83
2026-10-04 02:41:05,489 INFO iter=36900 epoch=6 lr=2.00e-04 G=2.469 advA2B=0.380 advB2A=0.434 cycA=0.141 cycB=0.152 idtA=0.195 idtB=0.184 D_A=0.200 D_B=0.229 D_A(real)=0.69 D_A(fake)=0.31 gnG=14.87 gnD=8.34 it_per_s=4.84
2026-10-04 02:41:25,596 INFO iter=37000 epoch=6 lr=2.00e-04 G=2.463 advA2B=0.378 advB2A=0.434 cycA=0.141 cycB=0.152 idtA=0.194 idtB=0.184 D_A=0.199 D_B=0.229 D_A(real)=0.69 D_A(fake)=0.31 gnG=14.71 gnD=8.31 it_per_s=4.84
2026-10-04 02:41:46,001 INFO iter=37100 epoch=6 lr=2.00e-04 G=2.466 advA2B=0.377 advB2A=0.436 cycA=0.141 cycB=0.152 idtA=0.193 idtB=0.184 D_A=0.199 D_B=0.228 D_A(real)=0.69 D_A(fake)=0.31 gnG=14.65 gnD=8.31 it_per_s=4.85
2026-10-04 02:42:06,166 INFO iter=37200 epoch=6 lr=2.00e-04 G=2.465 advA2B=0.377 advB2A=0.437 cycA=0.141 cycB=0.152 idtA=0.193 idtB=0.184 D_A=0.198 D_B=0.228 D_A(real)=0.69 D_A(fake)=0.31 gnG=14.81 gnD=8.31 it_per_s=4.85
2026-10-04 02:42:26,341 INFO iter=37300 epoch=6 lr=2.00e-04 G=2.465 advA2B=0.377 advB2A=0.437 cycA=0.141 cycB=0.152 idtA=0.193 idtB=0.184 D_A=0.199 D_B=0.229 D_A(real)=0.69 D_A(fake)=0.31 gnG=14.77 gnD=8.33 it_per_s=4.86
2026-10-04 02:42:46,439 INFO iter=37400 epoch=6 lr=2.00e-04 G=2.467 advA2B=0.379 advB2A=0.437 cycA=0.141 cycB=0.151 idtA=0.193 idtB=0.184 D_A=0.199 D_B=0.229 D_A(real)=0.69 D_A(fake)=0.31 gnG=14.75 gnD=8.33 it_per_s=4.86
2026-10-04 02:43:06,569 INFO iter=37500 epoch=6 lr=2.00e-04 G=2.469 advA2B=0.381 advB2A=0.438 cycA=0.141 cycB=0.151 idtA=0.193 idtB=0.184 D_A=0.199 D_B=0.228 D_A(real)=0.69 D_A(fake)=0.31 gnG=14.77 gnD=8.35 it_per_s=4.87
2026-10-04 02:43:26,708 INFO iter=37600 epoch=6 lr=2.00e-04 G=2.470 advA2B=0.381 advB2A=0.440 cycA=0.141 cycB=0.151 idtA=0.193 idtB=0.184 D_A=0.199 D_B=0.228 D_A(real)=0.69 D_A(fake)=0.31 gnG=14.82 gnD=8.37 it_per_s=4.87
2026-10-04 02:43:46,859 INFO iter=37700 epoch=6 lr=2.00e-04 G=2.474 advA2B=0.381 advB2A=0.441 cycA=0.141 cycB=0.152 idtA=0.193 idtB=0.184 D_A=0.199 D_B=0.228 D_A(real)=0.69 D_A(fake)=0.31 gnG=14.83 gnD=8.38 it_per_s=4.87
2026-10-04 02:44:07,018 INFO iter=37800 epoch=6 lr=2.00e-04 G=2.477 advA2B=0.381 advB2A=0.442 cycA=0.141 cycB=0.152 idtA=0.193 idtB=0.184 D_A=0.198 D_B=0.228 D_A(real)=0.69 D_A(fake)=0.31 gnG=14.92 gnD=8.38 it_per_s=4.88
2026-10-04 02:44:27,118 INFO iter=37900 epoch=6 lr=2.00e-04 G=2.476 advA2B=0.381 advB2A=0.443 cycA=0.141 cycB=0.152 idtA=0.193 idtB=0.184 D_A=0.198 D_B=0.228 D_A(real)=0.69 D_A(fake)=0.31 gnG=14.89 gnD=8.37 it_per_s=4.88
2026-10-04 02:44:47,190 INFO iter=38000 epoch=6 lr=2.00e-04 G=2.481 advA2B=0.382 advB2A=0.444 cycA=0.141 cycB=0.152 idtA=0.193 idtB=0.185 D_A=0.198 D_B=0.228 D_A(real)=0.69 D_A(fake)=0.31 gnG=14.97 gnD=8.37 it_per_s=4.88
2026-10-04 02:45:07,322 INFO iter=38100 epoch=6 lr=2.00e-04 G=2.480 advA2B=0.381 advB2A=0.444 cycA=0.141 cycB=0.152 idtA=0.193 idtB=0.185 D_A=0.198 D_B=0.228 D_A(real)=0.69 D_A(fake)=0.31 gnG=14.95 gnD=8.37 it_per_s=4.89
2026-10-04 02:45:27,439 INFO iter=38200 epoch=6 lr=2.00e-04 G=2.477 advA2B=0.380 advB2A=0.443 cycA=0.140 cycB=0.153 idtA=0.193 idtB=0.185 D_A=0.197 D_B=0.228 D_A(real)=0.69 D_A(fake)=0.31 gnG=14.86 gnD=8.35 it_per_s=4.89
2026-10-04 02:45:47,562 INFO iter=38300 epoch=6 lr=2.00e-04 G=2.475 advA2B=0.380 advB2A=0.444 cycA=0.140 cycB=0.152 idtA=0.194 idtB=0.185 D_A=0.197 D_B=0.228 D_A(real)=0.70 D_A(fake)=0.30 gnG=14.84 gnD=8.36 it_per_s=4.89
2026-10-04 02:46:07,719 INFO iter=38400 epoch=6 lr=2.00e-04 G=2.470 advA2B=0.379 advB2A=0.444 cycA=0.140 cycB=0.152 idtA=0.194 idtB=0.185 D_A=0.197 D_B=0.228 D_A(real)=0.70 D_A(fake)=0.30 gnG=14.82 gnD=8.36 it_per_s=4.89
2026-10-04 02:46:27,825 INFO iter=38500 epoch=6 lr=2.00e-04 G=2.471 advA2B=0.378 advB2A=0.444 cycA=0.140 cycB=0.152 idtA=0.193 idtB=0.185 D_A=0.197 D_B=0.228 D_A(real)=0.70 D_A(fake)=0.30 gnG=14.87 gnD=8.35 it_per_s=4.90
2026-10-04 02:46:48,046 INFO iter=38600 epoch=6 lr=2.00e-04 G=2.467 advA2B=0.378 advB2A=0.444 cycA=0.140 cycB=0.152 idtA=0.193 idtB=0.184 D_A=0.198 D_B=0.228 D_A(real)=0.70 D_A(fake)=0.30 gnG=14.82 gnD=8.35 it_per_s=4.90
2026-10-04 02:47:08,199 INFO iter=38700 epoch=6 lr=2.00e-04 G=2.466 advA2B=0.378 advB2A=0.444 cycA=0.140 cycB=0.152 idtA=0.193 idtB=0.184 D_A=0.198 D_B=0.229 D_A(real)=0.69 D_A(fake)=0.30 gnG=14.79 gnD=8.35 it_per_s=4.90
2026-10-04 02:47:28,308 INFO iter=38800 epoch=6 lr=2.00e-04 G=2.465 advA2B=0.378 advB2A=0.444 cycA=0.140 cycB=0.151 idtA=0.193 idtB=0.183 D_A=0.198 D_B=0.228 D_A(real)=0.70 D_A(fake)=0.30 gnG=14.76 gnD=8.34 it_per_s=4.90
2026-10-04 02:47:47,850 INFO iter=38900 epoch=6 lr=2.00e-04 G=2.464 advA2B=0.377 advB2A=0.443 cycA=0.140 cycB=0.151 idtA=0.193 idtB=0.183 D_A=0.198 D_B=0.229 D_A(real)=0.70 D_A(fake)=0.30 gnG=14.71 gnD=8.34 it_per_s=4.91
2026-10-04 02:48:08,019 INFO iter=39000 epoch=6 lr=2.00e-04 G=2.463 advA2B=0.377 advB2A=0.444 cycA=0.140 cycB=0.151 idtA=0.193 idtB=0.183 D_A=0.198 D_B=0.228 D_A(real)=0.69 D_A(fake)=0.31 gnG=14.70 gnD=8.32 it_per_s=4.91
2026-10-04 02:48:28,222 INFO iter=39100 epoch=6 lr=2.00e-04 G=2.463 advA2B=0.377 advB2A=0.444 cycA=0.140 cycB=0.151 idtA=0.193 idtB=0.183 D_A=0.198 D_B=0.228 D_A(real)=0.69 D_A(fake)=0.31 gnG=14.71 gnD=8.32 it_per_s=4.91
2026-10-04 02:48:48,370 INFO iter=39200 epoch=6 lr=2.00e-04 G=2.464 advA2B=0.376 advB2A=0.444 cycA=0.140 cycB=0.151 idtA=0.193 idtB=0.183 D_A=0.198 D_B=0.229 D_A(real)=0.70 D_A(fake)=0.30 gnG=14.71 gnD=8.33 it_per_s=4.91
2026-10-04 02:49:08,491 INFO iter=39300 epoch=6 lr=2.00e-04 G=2.464 advA2B=0.376 advB2A=0.444 cycA=0.140 cycB=0.151 idtA=0.193 idtB=0.183 D_A=0.197 D_B=0.229 D_A(real)=0.70 D_A(fake)=0.30 gnG=14.71 gnD=8.32 it_per_s=4.91
2026-10-04 02:49:28,617 INFO iter=39400 epoch=6 lr=2.00e-04 G=2.464 advA2B=0.376 advB2A=0.445 cycA=0.140 cycB=0.151 idtA=0.193 idtB=0.183 D_A=0.197 D_B=0.229 D_A(real)=0.70 D_A(fake)=0.30 gnG=14.69 gnD=8.33 it_per_s=4.91
2026-10-04 02:49:48,725 INFO iter=39500 epoch=6 lr=2.00e-04 G=2.463 advA2B=0.376 advB2A=0.444 cycA=0.140 cycB=0.151 idtA=0.193 idtB=0.184 D_A=0.197 D_B=0.229 D_A(real)=0.70 D_A(fake)=0.30 gnG=14.67 gnD=8.32 it_per_s=4.92
2026-10-04 02:50:08,848 INFO iter=39600 epoch=6 lr=2.00e-04 G=2.464 advA2B=0.376 advB2A=0.445 cycA=0.140 cycB=0.151 idtA=0.193 idtB=0.184 D_A=0.197 D_B=0.229 D_A(real)=0.70 D_A(fake)=0.30 gnG=14.67 gnD=8.31 it_per_s=4.92
2026-10-04 02:50:28,986 INFO iter=39700 epoch=6 lr=2.00e-04 G=2.461 advA2B=0.376 advB2A=0.444 cycA=0.139 cycB=0.151 idtA=0.193 idtB=0.183 D_A=0.197 D_B=0.229 D_A(real)=0.70 D_A(fake)=0.30 gnG=14.63 gnD=8.31 it_per_s=4.92
2026-10-04 02:50:49,139 INFO iter=39800 epoch=6 lr=2.00e-04 G=2.461 advA2B=0.375 advB2A=0.446 cycA=0.139 cycB=0.151 idtA=0.193 idtB=0.183 D_A=0.197 D_B=0.229 D_A(real)=0.70 D_A(fake)=0.30 gnG=14.64 gnD=8.30 it_per_s=4.92
2026-10-04 02:51:09,260 INFO iter=39900 epoch=6 lr=2.00e-04 G=2.461 advA2B=0.375 advB2A=0.447 cycA=0.139 cycB=0.151 idtA=0.192 idtB=0.183 D_A=0.197 D_B=0.229 D_A(real)=0.70 D_A(fake)=0.30 gnG=14.68 gnD=8.30 it_per_s=4.92
2026-10-04 02:51:29,409 INFO iter=40000 epoch=6 lr=2.00e-04 G=2.460 advA2B=0.374 advB2A=0.447 cycA=0.139 cycB=0.151 idtA=0.192 idtB=0.183 D_A=0.197 D_B=0.229 D_A(real)=0.70 D_A(fake)=0.30 gnG=14.62 gnD=8.30 it_per_s=4.92
2026-10-04 02:51:49,552 INFO iter=40100 epoch=6 lr=2.00e-04 G=2.458 advA2B=0.374 advB2A=0.448 cycA=0.139 cycB=0.151 idtA=0.192 idtB=0.183 D_A=0.197 D_B=0.229 D_A(real)=0.70 D_A(fake)=0.30 gnG=14.58 gnD=8.30 it_per_s=4.92
2026-10-04 02:52:09,643 INFO iter=40200 epoch=6 lr=2.00e-04 G=2.458 advA2B=0.375 advB2A=0.448 cycA=0.139 cycB=0.151 idtA=0.192 idtB=0.183 D_A=0.196 D_B=0.230 D_A(real)=0.70 D_A(fake)=0.30 gnG=14.57 gnD=8.29 it_per_s=4.92
2026-10-04 02:52:29,782 INFO iter=40300 epoch=6 lr=2.00e-04 G=2.456 advA2B=0.374 advB2A=0.448 cycA=0.139 cycB=0.151 idtA=0.192 idtB=0.183 D_A=0.197 D_B=0.230 D_A(real)=0.70 D_A(fake)=0.30 gnG=14.55 gnD=8.28 it_per_s=4.92
2026-10-04 02:52:49,937 INFO iter=40400 epoch=6 lr=2.00e-04 G=2.452 advA2B=0.374 advB2A=0.447 cycA=0.139 cycB=0.150 idtA=0.192 idtB=0.182 D_A=0.197 D_B=0.230 D_A(real)=0.70 D_A(fake)=0.30 gnG=14.53 gnD=8.28 it_per_s=4.92
2026-10-04 02:53:10,070 INFO iter=40500 epoch=6 lr=2.00e-04 G=2.454 advA2B=0.374 advB2A=0.447 cycA=0.139 cycB=0.150 idtA=0.192 idtB=0.182 D_A=0.197 D_B=0.230 D_A(real)=0.70 D_A(fake)=0.30 gnG=14.50 gnD=8.29 it_per_s=4.93
2026-10-04 02:53:30,157 INFO iter=40600 epoch=6 lr=2.00e-04 G=2.453 advA2B=0.374 advB2A=0.447 cycA=0.139 cycB=0.150 idtA=0.192 idtB=0.182 D_A=0.197 D_B=0.230 D_A(real)=0.70 D_A(fake)=0.30 gnG=14.48 gnD=8.28 it_per_s=4.93
2026-10-04 02:53:50,340 INFO iter=40700 epoch=6 lr=2.00e-04 G=2.452 advA2B=0.375 advB2A=0.447 cycA=0.139 cycB=0.150 idtA=0.192 idtB=0.182 D_A=0.197 D_B=0.229 D_A(real)=0.70 D_A(fake)=0.30 gnG=14.55 gnD=8.28 it_per_s=4.93
2026-10-04 02:54:10,463 INFO iter=40800 epoch=6 lr=2.00e-04 G=2.454 advA2B=0.375 advB2A=0.447 cycA=0.139 cycB=0.150 idtA=0.192 idtB=0.182 D_A=0.197 D_B=0.229 D_A(real)=0.70 D_A(fake)=0.30 gnG=14.61 gnD=8.28 it_per_s=4.93
2026-10-04 02:54:30,572 INFO iter=40900 epoch=6 lr=2.00e-04 G=2.455 advA2B=0.375 advB2A=0.447 cycA=0.139 cycB=0.151 idtA=0.192 idtB=0.182 D_A=0.197 D_B=0.229 D_A(real)=0.70 D_A(fake)=0.30 gnG=14.62 gnD=8.28 it_per_s=4.93
2026-10-04 02:54:50,657 INFO iter=41000 epoch=6 lr=2.00e-04 G=2.455 advA2B=0.374 advB2A=0.448 cycA=0.138 cycB=0.151 idtA=0.192 idtB=0.182 D_A=0.197 D_B=0.230 D_A(real)=0.70 D_A(fake)=0.30 gnG=14.62 gnD=8.28 it_per_s=4.93
2026-10-04 02:55:10,820 INFO iter=41100 epoch=6 lr=2.00e-04 G=2.453 advA2B=0.374 advB2A=0.447 cycA=0.138 cycB=0.151 idtA=0.193 idtB=0.182 D_A=0.197 D_B=0.230 D_A(real)=0.70 D_A(fake)=0.30 gnG=14.64 gnD=8.28 it_per_s=4.93
2026-10-04 02:55:30,941 INFO iter=41200 epoch=6 lr=2.00e-04 G=2.453 advA2B=0.374 advB2A=0.448 cycA=0.138 cycB=0.151 idtA=0.192 idtB=0.182 D_A=0.197 D_B=0.230 D_A(real)=0.70 D_A(fake)=0.30 gnG=14.61 gnD=8.28 it_per_s=4.93
2026-10-04 02:55:51,023 INFO iter=41300 epoch=6 lr=2.00e-04 G=2.452 advA2B=0.374 advB2A=0.447 cycA=0.138 cycB=0.151 idtA=0.193 idtB=0.182 D_A=0.197 D_B=0.230 D_A(real)=0.70 D_A(fake)=0.30 gnG=14.57 gnD=8.27 it_per_s=4.93
2026-10-04 02:56:11,129 INFO iter=41400 epoch=6 lr=2.00e-04 G=2.454 advA2B=0.374 advB2A=0.447 cycA=0.138 cycB=0.151 idtA=0.193 idtB=0.183 D_A=0.197 D_B=0.230 D_A(real)=0.70 D_A(fake)=0.30 gnG=14.56 gnD=8.27 it_per_s=4.93
2026-10-04 02:56:31,265 INFO iter=41500 epoch=6 lr=2.00e-04 G=2.453 advA2B=0.374 advB2A=0.447 cycA=0.138 cycB=0.151 idtA=0.193 idtB=0.183 D_A=0.197 D_B=0.230 D_A(real)=0.70 D_A(fake)=0.30 gnG=14.53 gnD=8.27 it_per_s=4.93
2026-10-04 02:56:51,412 INFO iter=41600 epoch=6 lr=2.00e-04 G=2.452 advA2B=0.374 advB2A=0.447 cycA=0.138 cycB=0.151 idtA=0.193 idtB=0.183 D_A=0.197 D_B=0.230 D_A(real)=0.70 D_A(fake)=0.30 gnG=14.52 gnD=8.27 it_per_s=4.93
2026-10-04 02:57:11,523 INFO iter=41700 epoch=6 lr=2.00e-04 G=2.453 advA2B=0.374 advB2A=0.447 cycA=0.138 cycB=0.151 idtA=0.193 idtB=0.183 D_A=0.196 D_B=0.230 D_A(real)=0.70 D_A(fake)=0.30 gnG=14.51 gnD=8.26 it_per_s=4.93
2026-10-04 02:57:31,665 INFO iter=41800 epoch=6 lr=2.00e-04 G=2.453 advA2B=0.374 advB2A=0.447 cycA=0.138 cycB=0.151 idtA=0.192 idtB=0.183 D_A=0.197 D_B=0.230 D_A(real)=0.69 D_A(fake)=0.30 gnG=14.50 gnD=8.26 it_per_s=4.93
2026-10-04 02:57:51,755 INFO iter=41900 epoch=6 lr=2.00e-04 G=2.452 advA2B=0.374 advB2A=0.447 cycA=0.138 cycB=0.151 idtA=0.193 idtB=0.183 D_A=0.197 D_B=0.230 D_A(real)=0.69 D_A(fake)=0.31 gnG=14.48 gnD=8.25 it_per_s=4.93
2026-10-04 02:58:11,844 INFO iter=42000 epoch=6 lr=2.00e-04 G=2.452 advA2B=0.374 advB2A=0.447 cycA=0.138 cycB=0.151 idtA=0.193 idtB=0.183 D_A=0.197 D_B=0.230 D_A(real)=0.69 D_A(fake)=0.31 gnG=14.46 gnD=8.25 it_per_s=4.93
2026-10-04 02:58:31,946 INFO iter=42100 epoch=6 lr=2.00e-04 G=2.454 advA2B=0.374 advB2A=0.449 cycA=0.138 cycB=0.151 idtA=0.193 idtB=0.183 D_A=0.197 D_B=0.230 D_A(real)=0.70 D_A(fake)=0.30 gnG=14.44 gnD=8.25 it_per_s=4.94
2026-10-04 02:58:52,130 INFO iter=42200 epoch=6 lr=2.00e-04 G=2.453 advA2B=0.374 advB2A=0.449 cycA=0.138 cycB=0.150 idtA=0.193 idtB=0.183 D_A=0.197 D_B=0.230 D_A(real)=0.70 D_A(fake)=0.30 gnG=14.39 gnD=8.24 it_per_s=4.94
2026-10-04 02:58:57,748 INFO epoch=6 done time_s=1426 it_per_s=4.94 G=2.452 cycA=0.138 cycB=0.150 idtA=0.193 idtB=0.183 D_A=0.196 D_B=0.230 D_A(real)=0.70 D_A(fake)=0.30 nan_count=0
2026-10-04 02:59:12,979 INFO iter=42300 epoch=7 lr=2.00e-04 G=2.456 advA2B=0.380 advB2A=0.437 cycA=0.134 cycB=0.157 idtA=0.182 idtB=0.185 D_A=0.193 D_B=0.224 D_A(real)=0.70 D_A(fake)=0.30 gnG=14.27 gnD=7.85 it_per_s=4.96
2026-10-04 02:59:33,114 INFO iter=42400 epoch=7 lr=2.00e-04 G=2.402 advA2B=0.368 advB2A=0.428 cycA=0.133 cycB=0.152 idtA=0.182 idtB=0.178 D_A=0.190 D_B=0.222 D_A(real)=0.70 D_A(fake)=0.30 gnG=14.53 gnD=7.99 it_per_s=4.96
2026-10-04 02:59:53,247 INFO iter=42500 epoch=7 lr=2.00e-04 G=2.440 advA2B=0.377 advB2A=0.458 cycA=0.133 cycB=0.152 idtA=0.181 idtB=0.174 D_A=0.189 D_B=0.225 D_A(real)=0.70 D_A(fake)=0.30 gnG=13.87 gnD=8.16 it_per_s=4.97
2026-10-04 03:00:13,402 INFO iter=42600 epoch=7 lr=2.00e-04 G=2.440 advA2B=0.382 advB2A=0.453 cycA=0.135 cycB=0.151 idtA=0.183 idtB=0.174 D_A=0.193 D_B=0.225 D_A(real)=0.69 D_A(fake)=0.31 gnG=13.67 gnD=8.19 it_per_s=4.96
2026-10-04 03:00:33,563 INFO iter=42700 epoch=7 lr=2.00e-04 G=2.434 advA2B=0.380 advB2A=0.449 cycA=0.134 cycB=0.151 idtA=0.184 idtB=0.174 D_A=0.192 D_B=0.224 D_A(real)=0.69 D_A(fake)=0.31 gnG=13.95 gnD=8.01 it_per_s=4.96
2026-10-04 03:00:53,695 INFO iter=42800 epoch=7 lr=2.00e-04 G=2.417 advA2B=0.375 advB2A=0.446 cycA=0.133 cycB=0.150 idtA=0.183 idtB=0.178 D_A=0.192 D_B=0.224 D_A(real)=0.69 D_A(fake)=0.31 gnG=13.63 gnD=8.01 it_per_s=4.96
2026-10-04 03:01:13,812 INFO iter=42900 epoch=7 lr=2.00e-04 G=2.420 advA2B=0.376 advB2A=0.448 cycA=0.134 cycB=0.149 idtA=0.185 idtB=0.178 D_A=0.192 D_B=0.223 D_A(real)=0.69 D_A(fake)=0.31 gnG=13.81 gnD=7.97 it_per_s=4.97
2026-10-04 03:01:34,043 INFO iter=43000 epoch=7 lr=2.00e-04 G=2.426 advA2B=0.373 advB2A=0.449 cycA=0.134 cycB=0.150 idtA=0.187 idtB=0.178 D_A=0.193 D_B=0.224 D_A(real)=0.70 D_A(fake)=0.30 gnG=13.69 gnD=7.97 it_per_s=4.96
2026-10-04 03:01:54,228 INFO iter=43100 epoch=7 lr=2.00e-04 G=2.432 advA2B=0.372 advB2A=0.451 cycA=0.136 cycB=0.150 idtA=0.188 idtB=0.177 D_A=0.192 D_B=0.224 D_A(real)=0.70 D_A(fake)=0.30 gnG=13.72 gnD=7.95 it_per_s=4.96
2026-10-04 03:02:14,468 INFO iter=43200 epoch=7 lr=2.00e-04 G=2.442 advA2B=0.372 advB2A=0.455 cycA=0.135 cycB=0.151 idtA=0.190 idtB=0.178 D_A=0.192 D_B=0.225 D_A(real)=0.70 D_A(fake)=0.30 gnG=13.83 gnD=7.97 it_per_s=4.96
2026-10-04 03:02:34,575 INFO iter=43300 epoch=7 lr=2.00e-04 G=2.441 advA2B=0.374 advB2A=0.454 cycA=0.135 cycB=0.151 idtA=0.189 idtB=0.178 D_A=0.191 D_B=0.225 D_A(real)=0.70 D_A(fake)=0.30 gnG=13.84 gnD=7.96 it_per_s=4.96
2026-10-04 03:02:54,683 INFO iter=43400 epoch=7 lr=2.00e-04 G=2.437 advA2B=0.373 advB2A=0.456 cycA=0.135 cycB=0.150 idtA=0.191 idtB=0.179 D_A=0.192 D_B=0.226 D_A(real)=0.70 D_A(fake)=0.30 gnG=13.92 gnD=8.04 it_per_s=4.96
2026-10-04 03:03:14,865 INFO iter=43500 epoch=7 lr=2.00e-04 G=2.440 advA2B=0.372 advB2A=0.456 cycA=0.135 cycB=0.150 idtA=0.192 idtB=0.179 D_A=0.193 D_B=0.226 D_A(real)=0.70 D_A(fake)=0.30 gnG=13.96 gnD=8.04 it_per_s=4.96
2026-10-04 03:03:34,947 INFO iter=43600 epoch=7 lr=2.00e-04 G=2.436 advA2B=0.373 advB2A=0.456 cycA=0.135 cycB=0.150 idtA=0.191 idtB=0.178 D_A=0.192 D_B=0.226 D_A(real)=0.70 D_A(fake)=0.30 gnG=13.91 gnD=8.02 it_per_s=4.96
2026-10-04 03:03:55,100 INFO iter=43700 epoch=7 lr=2.00e-04 G=2.437 advA2B=0.374 advB2A=0.456 cycA=0.135 cycB=0.149 idtA=0.191 idtB=0.179 D_A=0.193 D_B=0.226 D_A(real)=0.70 D_A(fake)=0.30 gnG=14.05 gnD=8.03 it_per_s=4.96
2026-10-04 03:04:15,294 INFO iter=43800 epoch=7 lr=2.00e-04 G=2.435 advA2B=0.373 advB2A=0.455 cycA=0.135 cycB=0.149 idtA=0.192 idtB=0.179 D_A=0.193 D_B=0.227 D_A(real)=0.70 D_A(fake)=0.30 gnG=14.03 gnD=8.03 it_per_s=4.96
2026-10-04 03:04:35,512 INFO iter=43900 epoch=7 lr=2.00e-04 G=2.431 advA2B=0.373 advB2A=0.455 cycA=0.135 cycB=0.149 idtA=0.191 idtB=0.179 D_A=0.193 D_B=0.226 D_A(real)=0.70 D_A(fake)=0.30 gnG=14.03 gnD=8.04 it_per_s=4.96
2026-10-04 03:04:55,692 INFO iter=44000 epoch=7 lr=2.00e-04 G=2.428 advA2B=0.372 advB2A=0.456 cycA=0.134 cycB=0.149 idtA=0.192 idtB=0.178 D_A=0.193 D_B=0.226 D_A(real)=0.70 D_A(fake)=0.30 gnG=13.99 gnD=8.04 it_per_s=4.96
2026-10-04 03:05:15,886 INFO iter=44100 epoch=7 lr=2.00e-04 G=2.423 advA2B=0.372 advB2A=0.454 cycA=0.134 cycB=0.148 idtA=0.191 idtB=0.179 D_A=0.193 D_B=0.226 D_A(real)=0.70 D_A(fake)=0.30 gnG=13.97 gnD=8.04 it_per_s=4.96
2026-10-04 03:05:36,006 INFO iter=44200 epoch=7 lr=2.00e-04 G=2.425 advA2B=0.374 advB2A=0.455 cycA=0.134 cycB=0.148 idtA=0.191 idtB=0.179 D_A=0.193 D_B=0.226 D_A(real)=0.70 D_A(fake)=0.30 gnG=13.93 gnD=8.03 it_per_s=4.96
2026-10-04 03:05:56,004 INFO iter=44300 epoch=7 lr=2.00e-04 G=2.424 advA2B=0.374 advB2A=0.455 cycA=0.134 cycB=0.148 idtA=0.191 idtB=0.179 D_A=0.194 D_B=0.226 D_A(real)=0.70 D_A(fake)=0.30 gnG=14.04 gnD=8.06 it_per_s=4.96
2026-10-04 03:06:16,072 INFO iter=44400 epoch=7 lr=2.00e-04 G=2.424 advA2B=0.374 advB2A=0.455 cycA=0.134 cycB=0.148 idtA=0.190 idtB=0.179 D_A=0.194 D_B=0.226 D_A(real)=0.70 D_A(fake)=0.30 gnG=14.10 gnD=8.04 it_per_s=4.96
2026-10-04 03:06:36,301 INFO iter=44500 epoch=7 lr=2.00e-04 G=2.425 advA2B=0.374 advB2A=0.459 cycA=0.134 cycB=0.148 idtA=0.190 idtB=0.179 D_A=0.193 D_B=0.226 D_A(real)=0.70 D_A(fake)=0.30 gnG=13.99 gnD=8.04 it_per_s=4.96
2026-10-04 03:06:56,406 INFO iter=44600 epoch=7 lr=2.00e-04 G=2.422 advA2B=0.373 advB2A=0.457 cycA=0.134 cycB=0.148 idtA=0.190 idtB=0.179 D_A=0.193 D_B=0.226 D_A(real)=0.70 D_A(fake)=0.30 gnG=13.98 gnD=8.02 it_per_s=4.96
2026-10-04 03:07:16,517 INFO iter=44700 epoch=7 lr=2.00e-04 G=2.423 advA2B=0.373 advB2A=0.456 cycA=0.134 cycB=0.148 idtA=0.191 idtB=0.180 D_A=0.193 D_B=0.226 D_A(real)=0.70 D_A(fake)=0.30 gnG=13.96 gnD=8.02 it_per_s=4.96
2026-10-04 03:07:36,612 INFO iter=44800 epoch=7 lr=2.00e-04 G=2.422 advA2B=0.373 advB2A=0.457 cycA=0.134 cycB=0.148 idtA=0.190 idtB=0.180 D_A=0.193 D_B=0.226 D_A(real)=0.70 D_A(fake)=0.30 gnG=13.93 gnD=8.04 it_per_s=4.96
2026-10-04 03:07:56,771 INFO iter=44900 epoch=7 lr=2.00e-04 G=2.421 advA2B=0.373 advB2A=0.456 cycA=0.134 cycB=0.147 idtA=0.190 idtB=0.179 D_A=0.193 D_B=0.226 D_A(real)=0.70 D_A(fake)=0.30 gnG=13.89 gnD=8.04 it_per_s=4.96
2026-10-04 03:08:16,898 INFO iter=45000 epoch=7 lr=2.00e-04 G=2.419 advA2B=0.372 advB2A=0.456 cycA=0.134 cycB=0.147 idtA=0.190 idtB=0.180 D_A=0.193 D_B=0.226 D_A(real)=0.70 D_A(fake)=0.30 gnG=13.90 gnD=8.04 it_per_s=4.96
2026-10-04 03:08:37,049 INFO iter=45100 epoch=7 lr=2.00e-04 G=2.416 advA2B=0.373 advB2A=0.454 cycA=0.134 cycB=0.147 idtA=0.190 idtB=0.180 D_A=0.193 D_B=0.226 D_A(real)=0.70 D_A(fake)=0.30 gnG=13.83 gnD=8.03 it_per_s=4.96
2026-10-04 03:08:57,157 INFO iter=45200 epoch=7 lr=2.00e-04 G=2.418 advA2B=0.372 advB2A=0.455 cycA=0.134 cycB=0.147 idtA=0.190 idtB=0.180 D_A=0.193 D_B=0.226 D_A(real)=0.70 D_A(fake)=0.30 gnG=13.86 gnD=8.04 it_per_s=4.96
2026-10-04 03:09:17,288 INFO iter=45300 epoch=7 lr=2.00e-04 G=2.416 advA2B=0.372 advB2A=0.455 cycA=0.134 cycB=0.147 idtA=0.190 idtB=0.180 D_A=0.194 D_B=0.226 D_A(real)=0.70 D_A(fake)=0.30 gnG=13.83 gnD=8.04 it_per_s=4.96
2026-10-04 03:09:37,443 INFO iter=45400 epoch=7 lr=2.00e-04 G=2.412 advA2B=0.372 advB2A=0.453 cycA=0.133 cycB=0.147 idtA=0.190 idtB=0.180 D_A=0.194 D_B=0.227 D_A(real)=0.70 D_A(fake)=0.30 gnG=13.75 gnD=8.03 it_per_s=4.96
2026-10-04 03:09:57,584 INFO iter=45500 epoch=7 lr=2.00e-04 G=2.408 advA2B=0.371 advB2A=0.452 cycA=0.133 cycB=0.147 idtA=0.190 idtB=0.180 D_A=0.194 D_B=0.228 D_A(real)=0.70 D_A(fake)=0.30 gnG=13.70 gnD=8.03 it_per_s=4.96
2026-10-04 03:10:17,688 INFO iter=45600 epoch=7 lr=2.00e-04 G=2.407 advA2B=0.372 advB2A=0.451 cycA=0.133 cycB=0.147 idtA=0.190 idtB=0.180 D_A=0.194 D_B=0.228 D_A(real)=0.70 D_A(fake)=0.30 gnG=13.69 gnD=8.03 it_per_s=4.96
2026-10-04 03:10:37,843 INFO iter=45700 epoch=7 lr=2.00e-04 G=2.407 advA2B=0.372 advB2A=0.451 cycA=0.133 cycB=0.147 idtA=0.190 idtB=0.180 D_A=0.194 D_B=0.228 D_A(real)=0.70 D_A(fake)=0.30 gnG=13.68 gnD=8.03 it_per_s=4.96
2026-10-04 03:10:57,883 INFO iter=45800 epoch=7 lr=2.00e-04 G=2.405 advA2B=0.372 advB2A=0.450 cycA=0.133 cycB=0.147 idtA=0.189 idtB=0.179 D_A=0.194 D_B=0.227 D_A(real)=0.70 D_A(fake)=0.30 gnG=13.69 gnD=8.03 it_per_s=4.97
2026-10-04 03:11:18,022 INFO iter=45900 epoch=7 lr=2.00e-04 G=2.406 advA2B=0.374 advB2A=0.451 cycA=0.133 cycB=0.146 idtA=0.189 idtB=0.179 D_A=0.195 D_B=0.227 D_A(real)=0.70 D_A(fake)=0.30 gnG=13.73 gnD=8.04 it_per_s=4.97
2026-10-04 03:11:38,268 INFO iter=46000 epoch=7 lr=2.00e-04 G=2.409 advA2B=0.374 advB2A=0.452 cycA=0.133 cycB=0.147 idtA=0.189 idtB=0.179 D_A=0.194 D_B=0.227 D_A(real)=0.70 D_A(fake)=0.30 gnG=13.77 gnD=8.04 it_per_s=4.96
2026-10-04 03:11:58,373 INFO iter=46100 epoch=7 lr=2.00e-04 G=2.410 advA2B=0.375 advB2A=0.452 cycA=0.133 cycB=0.147 idtA=0.189 idtB=0.180 D_A=0.194 D_B=0.226 D_A(real)=0.70 D_A(fake)=0.30 gnG=13.76 gnD=8.04 it_per_s=4.96
2026-10-04 03:12:18,505 INFO iter=46200 epoch=7 lr=2.00e-04 G=2.407 advA2B=0.374 advB2A=0.451 cycA=0.133 cycB=0.147 idtA=0.189 idtB=0.180 D_A=0.194 D_B=0.226 D_A(real)=0.70 D_A(fake)=0.30 gnG=13.75 gnD=8.04 it_per_s=4.96
2026-10-04 03:12:37,370 INFO iter=46300 epoch=7 lr=2.00e-04 G=2.405 advA2B=0.375 advB2A=0.450 cycA=0.133 cycB=0.147 idtA=0.189 idtB=0.180 D_A=0.194 D_B=0.226 D_A(real)=0.70 D_A(fake)=0.30 gnG=13.75 gnD=8.05 it_per_s=4.97
2026-10-04 03:12:51,979 INFO iter=46400 epoch=7 lr=2.00e-04 G=2.404 advA2B=0.375 advB2A=0.450 cycA=0.133 cycB=0.146 idtA=0.189 idtB=0.180 D_A=0.195 D_B=0.226 D_A(real)=0.69 D_A(fake)=0.31 gnG=13.75 gnD=8.06 it_per_s=5.01
2026-10-04 03:13:05,180 INFO iter=46500 epoch=7 lr=2.00e-04 G=2.403 advA2B=0.375 advB2A=0.449 cycA=0.133 cycB=0.146 idtA=0.189 idtB=0.180 D_A=0.195 D_B=0.226 D_A(real)=0.69 D_A(fake)=0.31 gnG=13.74 gnD=8.05 it_per_s=5.05
2026-10-04 03:13:20,361 INFO iter=46600 epoch=7 lr=2.00e-04 G=2.401 advA2B=0.374 advB2A=0.449 cycA=0.133 cycB=0.146 idtA=0.188 idtB=0.179 D_A=0.194 D_B=0.227 D_A(real)=0.69 D_A(fake)=0.31 gnG=13.73 gnD=8.05 it_per_s=5.07
2026-10-04 03:13:33,839 INFO iter=46700 epoch=7 lr=2.00e-04 G=2.400 advA2B=0.374 advB2A=0.450 cycA=0.133 cycB=0.146 idtA=0.189 idtB=0.179 D_A=0.194 D_B=0.227 D_A(real)=0.70 D_A(fake)=0.30 gnG=13.74 gnD=8.05 it_per_s=5.11
2026-10-04 03:13:49,828 INFO iter=46800 epoch=7 lr=2.00e-04 G=2.398 advA2B=0.374 advB2A=0.449 cycA=0.132 cycB=0.146 idtA=0.189 idtB=0.179 D_A=0.194 D_B=0.226 D_A(real)=0.70 D_A(fake)=0.30 gnG=13.73 gnD=8.04 it_per_s=5.13
2026-10-04 03:14:09,239 INFO iter=46900 epoch=7 lr=2.00e-04 G=2.397 advA2B=0.374 advB2A=0.450 cycA=0.132 cycB=0.146 idtA=0.188 idtB=0.179 D_A=0.194 D_B=0.226 D_A(real)=0.70 D_A(fake)=0.31 gnG=13.74 gnD=8.04 it_per_s=5.13
2026-10-04 03:14:28,409 INFO iter=47000 epoch=7 lr=2.00e-04 G=2.396 advA2B=0.373 advB2A=0.450 cycA=0.132 cycB=0.146 idtA=0.188 idtB=0.178 D_A=0.194 D_B=0.226 D_A(real)=0.70 D_A(fake)=0.30 gnG=13.72 gnD=8.04 it_per_s=5.13
2026-10-04 03:14:52,260 INFO iter=47100 epoch=7 lr=2.00e-04 G=2.397 advA2B=0.373 advB2A=0.450 cycA=0.132 cycB=0.146 idtA=0.189 idtB=0.179 D_A=0.194 D_B=0.226 D_A(real)=0.70 D_A(fake)=0.31 gnG=13.73 gnD=8.04 it_per_s=5.11
2026-10-04 03:15:14,738 INFO iter=47200 epoch=7 lr=2.00e-04 G=2.396 advA2B=0.373 advB2A=0.450 cycA=0.132 cycB=0.146 idtA=0.189 idtB=0.179 D_A=0.194 D_B=0.226 D_A(real)=0.69 D_A(fake)=0.31 gnG=13.73 gnD=8.04 it_per_s=5.09
2026-10-04 03:15:36,843 INFO iter=47300 epoch=7 lr=2.00e-04 G=2.394 advA2B=0.373 advB2A=0.449 cycA=0.132 cycB=0.146 idtA=0.188 idtB=0.179 D_A=0.194 D_B=0.226 D_A(real)=0.69 D_A(fake)=0.31 gnG=13.69 gnD=8.04 it_per_s=5.08
2026-10-04 03:16:00,637 INFO iter=47400 epoch=7 lr=2.00e-04 G=2.392 advA2B=0.373 advB2A=0.449 cycA=0.132 cycB=0.145 idtA=0.188 idtB=0.178 D_A=0.194 D_B=0.227 D_A(real)=0.69 D_A(fake)=0.31 gnG=13.66 gnD=8.04 it_per_s=5.06
2026-10-04 03:16:24,303 INFO iter=47500 epoch=7 lr=2.00e-04 G=2.391 advA2B=0.372 advB2A=0.449 cycA=0.132 cycB=0.145 idtA=0.188 idtB=0.178 D_A=0.194 D_B=0.227 D_A(real)=0.69 D_A(fake)=0.31 gnG=13.66 gnD=8.04 it_per_s=5.04
2026-10-04 03:16:47,607 INFO iter=47600 epoch=7 lr=2.00e-04 G=2.393 advA2B=0.372 advB2A=0.448 cycA=0.132 cycB=0.146 idtA=0.188 idtB=0.179 D_A=0.194 D_B=0.227 D_A(real)=0.69 D_A(fake)=0.31 gnG=13.74 gnD=8.04 it_per_s=5.02
2026-10-04 03:17:08,925 INFO iter=47700 epoch=7 lr=2.00e-04 G=2.394 advA2B=0.372 advB2A=0.449 cycA=0.132 cycB=0.146 idtA=0.189 idtB=0.179 D_A=0.194 D_B=0.227 D_A(real)=0.69 D_A(fake)=0.31 gnG=13.72 gnD=8.05 it_per_s=5.02
2026-10-04 03:17:32,370 INFO iter=47800 epoch=7 lr=2.00e-04 G=2.394 advA2B=0.372 advB2A=0.449 cycA=0.132 cycB=0.146 idtA=0.188 idtB=0.179 D_A=0.195 D_B=0.227 D_A(real)=0.69 D_A(fake)=0.31 gnG=13.71 gnD=8.05 it_per_s=5.00
2026-10-04 03:17:55,933 INFO iter=47900 epoch=7 lr=2.00e-04 G=2.396 advA2B=0.374 advB2A=0.449 cycA=0.132 cycB=0.146 idtA=0.188 idtB=0.179 D_A=0.195 D_B=0.226 D_A(real)=0.69 D_A(fake)=0.31 gnG=13.75 gnD=8.05 it_per_s=4.99
2026-10-04 03:18:16,346 INFO iter=48000 epoch=7 lr=2.00e-04 G=2.399 advA2B=0.375 advB2A=0.449 cycA=0.132 cycB=0.146 idtA=0.189 idtB=0.179 D_A=0.194 D_B=0.226 D_A(real)=0.69 D_A(fake)=0.31 gnG=13.76 gnD=8.05 it_per_s=4.98
2026-10-04 03:18:39,694 INFO iter=48100 epoch=7 lr=2.00e-04 G=2.399 advA2B=0.375 advB2A=0.449 cycA=0.132 cycB=0.146 idtA=0.189 idtB=0.179 D_A=0.194 D_B=0.226 D_A(real)=0.69 D_A(fake)=0.31 gnG=13.76 gnD=8.05 it_per_s=4.97
2026-10-04 03:19:03,475 INFO iter=48200 epoch=7 lr=2.00e-04 G=2.400 advA2B=0.375 advB2A=0.449 cycA=0.132 cycB=0.146 idtA=0.189 idtB=0.179 D_A=0.194 D_B=0.226 D_A(real)=0.69 D_A(fake)=0.31 gnG=13.76 gnD=8.06 it_per_s=4.96
2026-10-04 03:19:25,609 INFO iter=48300 epoch=7 lr=2.00e-04 G=2.400 advA2B=0.375 advB2A=0.449 cycA=0.132 cycB=0.146 idtA=0.189 idtB=0.180 D_A=0.194 D_B=0.226 D_A(real)=0.69 D_A(fake)=0.31 gnG=13.77 gnD=8.05 it_per_s=4.95
2026-10-04 03:19:47,650 INFO iter=48400 epoch=7 lr=2.00e-04 G=2.398 advA2B=0.375 advB2A=0.448 cycA=0.132 cycB=0.146 idtA=0.189 idtB=0.179 D_A=0.194 D_B=0.226 D_A(real)=0.69 D_A(fake)=0.31 gnG=13.77 gnD=8.05 it_per_s=4.94
2026-10-04 03:20:11,402 INFO iter=48500 epoch=7 lr=2.00e-04 G=2.398 advA2B=0.374 advB2A=0.448 cycA=0.132 cycB=0.146 idtA=0.189 idtB=0.180 D_A=0.194 D_B=0.226 D_A(real)=0.69 D_A(fake)=0.31 gnG=13.77 gnD=8.05 it_per_s=4.93
2026-10-04 03:20:34,806 INFO iter=48600 epoch=7 lr=2.00e-04 G=2.395 advA2B=0.374 advB2A=0.448 cycA=0.132 cycB=0.146 idtA=0.189 idtB=0.180 D_A=0.194 D_B=0.226 D_A(real)=0.69 D_A(fake)=0.31 gnG=13.75 gnD=8.05 it_per_s=4.92
2026-10-04 03:20:58,259 INFO iter=48700 epoch=7 lr=2.00e-04 G=2.393 advA2B=0.374 advB2A=0.448 cycA=0.132 cycB=0.146 idtA=0.188 idtB=0.179 D_A=0.194 D_B=0.227 D_A(real)=0.69 D_A(fake)=0.31 gnG=13.73 gnD=8.04 it_per_s=4.90
2026-10-04 03:21:20,088 INFO iter=48800 epoch=7 lr=2.00e-04 G=2.392 advA2B=0.374 advB2A=0.448 cycA=0.132 cycB=0.146 idtA=0.189 idtB=0.179 D_A=0.194 D_B=0.226 D_A(real)=0.69 D_A(fake)=0.31 gnG=13.72 gnD=8.04 it_per_s=4.90
2026-10-04 03:21:42,707 INFO iter=48900 epoch=7 lr=2.00e-04 G=2.392 advA2B=0.374 advB2A=0.448 cycA=0.132 cycB=0.146 idtA=0.189 idtB=0.179 D_A=0.194 D_B=0.226 D_A(real)=0.69 D_A(fake)=0.31 gnG=13.72 gnD=8.05 it_per_s=4.89
2026-10-04 03:22:06,205 INFO iter=49000 epoch=7 lr=2.00e-04 G=2.391 advA2B=0.374 advB2A=0.448 cycA=0.131 cycB=0.146 idtA=0.189 idtB=0.179 D_A=0.194 D_B=0.226 D_A(real)=0.69 D_A(fake)=0.31 gnG=13.72 gnD=8.04 it_per_s=4.88
2026-10-04 03:22:29,832 INFO iter=49100 epoch=7 lr=2.00e-04 G=2.391 advA2B=0.374 advB2A=0.447 cycA=0.131 cycB=0.146 idtA=0.189 idtB=0.179 D_A=0.194 D_B=0.226 D_A(real)=0.69 D_A(fake)=0.31 gnG=13.71 gnD=8.04 it_per_s=4.87
2026-10-04 03:22:53,078 INFO iter=49200 epoch=7 lr=2.00e-04 G=2.392 advA2B=0.374 advB2A=0.447 cycA=0.131 cycB=0.146 idtA=0.189 idtB=0.179 D_A=0.194 D_B=0.226 D_A(real)=0.69 D_A(fake)=0.31 gnG=13.71 gnD=8.04 it_per_s=4.86
2026-10-04 03:23:07,042 INFO epoch=7 done time_s=1449 it_per_s=4.86 G=2.390 cycA=0.131 cycB=0.146 idtA=0.189 idtB=0.179 D_A=0.194 D_B=0.226 D_A(real)=0.69 D_A(fake)=0.31 nan_count=0
2026-10-04 03:23:15,348 INFO iter=49300 epoch=8 lr=2.00e-04 G=2.301 advA2B=0.352 advB2A=0.479 cycA=0.133 cycB=0.128 idtA=0.177 idtB=0.153 D_A=0.202 D_B=0.230 D_A(real)=0.69 D_A(fake)=0.30 gnG=13.10 gnD=8.62 it_per_s=4.53
2026-10-04 03:23:38,466 INFO iter=49400 epoch=8 lr=2.00e-04 G=2.309 advA2B=0.354 advB2A=0.422 cycA=0.130 cycB=0.141 idtA=0.191 idtB=0.170 D_A=0.210 D_B=0.227 D_A(real)=0.68 D_A(fake)=0.32 gnG=13.49 gnD=8.20 it_per_s=4.37
2026-10-04 03:24:01,817 INFO iter=49500 epoch=8 lr=2.00e-04 G=2.316 advA2B=0.371 advB2A=0.425 cycA=0.128 cycB=0.141 idtA=0.187 idtB=0.168 D_A=0.201 D_B=0.227 D_A(real)=0.68 D_A(fake)=0.32 gnG=13.09 gnD=7.83 it_per_s=4.33
2026-10-04 03:24:25,645 INFO iter=49600 epoch=8 lr=2.00e-04 G=2.309 advA2B=0.372 advB2A=0.435 cycA=0.126 cycB=0.139 idtA=0.189 idtB=0.170 D_A=0.203 D_B=0.229 D_A(real)=0.68 D_A(fake)=0.32 gnG=12.84 gnD=7.90 it_per_s=4.29
2026-10-04 03:24:46,084 INFO iter=49700 epoch=8 lr=2.00e-04 G=2.364 advA2B=0.373 advB2A=0.439 cycA=0.129 cycB=0.144 idtA=0.189 idtB=0.175 D_A=0.196 D_B=0.226 D_A(real)=0.69 D_A(fake)=0.31 gnG=13.62 gnD=7.79 it_per_s=4.42
2026-10-04 03:25:05,939 INFO iter=49800 epoch=8 lr=2.00e-04 G=2.424 advA2B=0.382 advB2A=0.454 cycA=0.135 cycB=0.146 idtA=0.190 idtB=0.172 D_A=0.192 D_B=0.224 D_A(real)=0.70 D_A(fake)=0.30 gnG=14.09 gnD=7.90 it_per_s=4.52
2026-10-04 03:25:28,400 INFO iter=49900 epoch=8 lr=2.00e-04 G=2.444 advA2B=0.379 advB2A=0.464 cycA=0.137 cycB=0.147 idtA=0.188 idtB=0.170 D_A=0.189 D_B=0.223 D_A(real)=0.71 D_A(fake)=0.29 gnG=14.25 gnD=7.94 it_per_s=4.51
2026-10-04 03:25:49,646 INFO iter=50000 epoch=8 lr=2.00e-04 G=2.456 advA2B=0.383 advB2A=0.467 cycA=0.138 cycB=0.147 idtA=0.188 idtB=0.170 D_A=0.187 D_B=0.222 D_A(real)=0.71 D_A(fake)=0.29 gnG=14.42 gnD=8.03 it_per_s=4.54
2026-10-04 03:26:13,342 INFO iter=50100 epoch=8 lr=2.00e-04 G=2.437 advA2B=0.379 advB2A=0.466 cycA=0.138 cycB=0.145 idtA=0.188 idtB=0.170 D_A=0.190 D_B=0.224 D_A(real)=0.71 D_A(fake)=0.29 gnG=14.25 gnD=8.09 it_per_s=4.50
2026-10-04 03:26:36,750 INFO iter=50200 epoch=8 lr=2.00e-04 G=2.437 advA2B=0.384 advB2A=0.465 cycA=0.137 cycB=0.145 idtA=0.189 idtB=0.171 D_A=0.189 D_B=0.225 D_A(real)=0.71 D_A(fake)=0.29 gnG=14.07 gnD=8.09 it_per_s=4.47
2026-10-04 03:27:00,279 INFO iter=50300 epoch=8 lr=2.00e-04 G=2.424 advA2B=0.382 advB2A=0.460 cycA=0.136 cycB=0.144 idtA=0.187 idtB=0.170 D_A=0.191 D_B=0.225 D_A(real)=0.70 D_A(fake)=0.30 gnG=14.01 gnD=8.10 it_per_s=4.45
2026-10-04 03:27:22,161 INFO iter=50400 epoch=8 lr=2.00e-04 G=2.408 advA2B=0.379 advB2A=0.456 cycA=0.135 cycB=0.144 idtA=0.187 idtB=0.170 D_A=0.192 D_B=0.225 D_A(real)=0.70 D_A(fake)=0.30 gnG=13.92 gnD=8.07 it_per_s=4.46
2026-10-04 03:27:44,644 INFO iter=50500 epoch=8 lr=2.00e-04 G=2.406 advA2B=0.378 advB2A=0.453 cycA=0.134 cycB=0.145 idtA=0.186 idtB=0.173 D_A=0.193 D_B=0.224 D_A(real)=0.69 D_A(fake)=0.31 gnG=13.88 gnD=8.05 it_per_s=4.46
2026-10-04 03:28:08,152 INFO iter=50600 epoch=8 lr=2.00e-04 G=2.412 advA2B=0.379 advB2A=0.452 cycA=0.135 cycB=0.145 idtA=0.187 idtB=0.174 D_A=0.194 D_B=0.224 D_A(real)=0.69 D_A(fake)=0.31 gnG=13.93 gnD=8.04 it_per_s=4.44
2026-10-04 03:28:31,692 INFO iter=50700 epoch=8 lr=2.00e-04 G=2.408 advA2B=0.380 advB2A=0.450 cycA=0.134 cycB=0.145 idtA=0.187 idtB=0.174 D_A=0.194 D_B=0.225 D_A(real)=0.69 D_A(fake)=0.31 gnG=13.99 gnD=8.05 it_per_s=4.43
2026-10-04 03:28:54,951 INFO iter=50800 epoch=8 lr=2.00e-04 G=2.402 advA2B=0.380 advB2A=0.450 cycA=0.134 cycB=0.145 idtA=0.186 idtB=0.173 D_A=0.194 D_B=0.224 D_A(real)=0.69 D_A(fake)=0.31 gnG=13.87 gnD=8.03 it_per_s=4.42
2026-10-04 03:29:16,109 INFO iter=50900 epoch=8 lr=2.00e-04 G=2.406 advA2B=0.381 advB2A=0.452 cycA=0.134 cycB=0.145 idtA=0.187 idtB=0.173 D_A=0.194 D_B=0.224 D_A(real)=0.69 D_A(fake)=0.31 gnG=13.85 gnD=8.05 it_per_s=4.44
2026-10-04 03:29:39,533 INFO iter=51000 epoch=8 lr=2.00e-04 G=2.400 advA2B=0.381 advB2A=0.448 cycA=0.133 cycB=0.145 idtA=0.187 idtB=0.173 D_A=0.193 D_B=0.224 D_A(real)=0.69 D_A(fake)=0.31 gnG=13.86 gnD=8.04 it_per_s=4.43
2026-10-04 03:30:02,930 INFO iter=51100 epoch=8 lr=2.00e-04 G=2.398 advA2B=0.382 advB2A=0.447 cycA=0.133 cycB=0.145 idtA=0.187 idtB=0.173 D_A=0.193 D_B=0.224 D_A(real)=0.70 D_A(fake)=0.30 gnG=13.89 gnD=8.02 it_per_s=4.42
2026-10-04 03:30:26,644 INFO iter=51200 epoch=8 lr=2.00e-04 G=2.397 advA2B=0.382 advB2A=0.446 cycA=0.133 cycB=0.145 idtA=0.187 idtB=0.173 D_A=0.193 D_B=0.224 D_A(real)=0.69 D_A(fake)=0.31 gnG=13.88 gnD=8.01 it_per_s=4.41
2026-10-04 03:30:48,606 INFO iter=51300 epoch=8 lr=2.00e-04 G=2.400 advA2B=0.384 advB2A=0.448 cycA=0.133 cycB=0.145 idtA=0.188 idtB=0.173 D_A=0.193 D_B=0.224 D_A(real)=0.69 D_A(fake)=0.31 gnG=13.92 gnD=8.00 it_per_s=4.41
2026-10-04 03:31:10,872 INFO iter=51400 epoch=8 lr=2.00e-04 G=2.404 advA2B=0.385 advB2A=0.449 cycA=0.132 cycB=0.145 idtA=0.188 idtB=0.174 D_A=0.193 D_B=0.223 D_A(real)=0.69 D_A(fake)=0.31 gnG=13.96 gnD=8.00 it_per_s=4.42
2026-10-04 03:31:34,521 INFO iter=51500 epoch=8 lr=2.00e-04 G=2.405 advA2B=0.384 advB2A=0.451 cycA=0.132 cycB=0.145 idtA=0.188 idtB=0.174 D_A=0.192 D_B=0.223 D_A(real)=0.69 D_A(fake)=0.31 gnG=14.00 gnD=8.02 it_per_s=4.41
2026-10-04 03:31:57,967 INFO iter=51600 epoch=8 lr=2.00e-04 G=2.403 advA2B=0.383 advB2A=0.451 cycA=0.132 cycB=0.145 idtA=0.188 idtB=0.174 D_A=0.192 D_B=0.223 D_A(real)=0.69 D_A(fake)=0.31 gnG=14.00 gnD=8.04 it_per_s=4.40
2026-10-04 03:32:21,358 INFO iter=51700 epoch=8 lr=2.00e-04 G=2.402 advA2B=0.384 advB2A=0.451 cycA=0.132 cycB=0.146 idtA=0.188 idtB=0.174 D_A=0.192 D_B=0.223 D_A(real)=0.69 D_A(fake)=0.31 gnG=14.04 gnD=8.04 it_per_s=4.40
2026-10-04 03:32:42,077 INFO iter=51800 epoch=8 lr=2.00e-04 G=2.400 advA2B=0.385 advB2A=0.449 cycA=0.132 cycB=0.145 idtA=0.188 idtB=0.174 D_A=0.192 D_B=0.223 D_A(real)=0.69 D_A(fake)=0.31 gnG=14.01 gnD=8.05 it_per_s=4.41
2026-10-04 03:33:01,969 INFO iter=51900 epoch=8 lr=2.00e-04 G=2.398 advA2B=0.385 advB2A=0.448 cycA=0.131 cycB=0.145 idtA=0.188 idtB=0.175 D_A=0.193 D_B=0.224 D_A(real)=0.70 D_A(fake)=0.30 gnG=13.99 gnD=8.05 it_per_s=4.43
2026-10-04 03:33:21,779 INFO iter=52000 epoch=8 lr=2.00e-04 G=2.397 advA2B=0.385 advB2A=0.449 cycA=0.131 cycB=0.145 idtA=0.188 idtB=0.175 D_A=0.193 D_B=0.224 D_A(real)=0.70 D_A(fake)=0.31 gnG=14.01 gnD=8.06 it_per_s=4.45
2026-10-04 03:33:41,653 INFO iter=52100 epoch=8 lr=2.00e-04 G=2.392 advA2B=0.384 advB2A=0.448 cycA=0.131 cycB=0.145 idtA=0.188 idtB=0.174 D_A=0.194 D_B=0.223 D_A(real)=0.69 D_A(fake)=0.31 gnG=13.91 gnD=8.06 it_per_s=4.47
2026-10-04 03:34:01,466 INFO iter=52200 epoch=8 lr=2.00e-04 G=2.391 advA2B=0.384 advB2A=0.449 cycA=0.131 cycB=0.145 idtA=0.188 idtB=0.174 D_A=0.194 D_B=0.223 D_A(real)=0.69 D_A(fake)=0.31 gnG=13.92 gnD=8.06 it_per_s=4.49
2026-10-04 03:34:21,327 INFO iter=52300 epoch=8 lr=2.00e-04 G=2.389 advA2B=0.384 advB2A=0.448 cycA=0.131 cycB=0.145 idtA=0.188 idtB=0.175 D_A=0.193 D_B=0.223 D_A(real)=0.69 D_A(fake)=0.31 gnG=13.90 gnD=8.06 it_per_s=4.50
2026-10-04 03:34:41,184 INFO iter=52400 epoch=8 lr=2.00e-04 G=2.387 advA2B=0.384 advB2A=0.448 cycA=0.130 cycB=0.144 idtA=0.188 idtB=0.175 D_A=0.193 D_B=0.223 D_A(real)=0.69 D_A(fake)=0.31 gnG=13.88 gnD=8.05 it_per_s=4.52
2026-10-04 03:35:01,053 INFO iter=52500 epoch=8 lr=2.00e-04 G=2.384 advA2B=0.384 advB2A=0.448 cycA=0.130 cycB=0.144 idtA=0.188 idtB=0.175 D_A=0.193 D_B=0.224 D_A(real)=0.69 D_A(fake)=0.31 gnG=13.86 gnD=8.07 it_per_s=4.53
2026-10-04 03:35:20,932 INFO iter=52600 epoch=8 lr=2.00e-04 G=2.383 advA2B=0.383 advB2A=0.448 cycA=0.130 cycB=0.144 idtA=0.187 idtB=0.174 D_A=0.193 D_B=0.224 D_A(real)=0.69 D_A(fake)=0.31 gnG=13.82 gnD=8.07 it_per_s=4.55
2026-10-04 03:35:43,196 INFO iter=52700 epoch=8 lr=2.00e-04 G=2.384 advA2B=0.383 advB2A=0.448 cycA=0.130 cycB=0.145 idtA=0.187 idtB=0.174 D_A=0.193 D_B=0.224 D_A(real)=0.69 D_A(fake)=0.31 gnG=13.83 gnD=8.05 it_per_s=4.55
2026-10-04 03:36:02,500 INFO iter=52800 epoch=8 lr=2.00e-04 G=2.383 advA2B=0.383 advB2A=0.449 cycA=0.130 cycB=0.144 idtA=0.187 idtB=0.174 D_A=0.193 D_B=0.224 D_A(real)=0.69 D_A(fake)=0.31 gnG=13.87 gnD=8.04 it_per_s=4.56
2026-10-04 03:36:22,286 INFO iter=52900 epoch=8 lr=2.00e-04 G=2.383 advA2B=0.383 advB2A=0.449 cycA=0.130 cycB=0.144 idtA=0.187 idtB=0.174 D_A=0.193 D_B=0.223 D_A(real)=0.69 D_A(fake)=0.31 gnG=13.82 gnD=8.03 it_per_s=4.57
2026-10-04 03:36:42,102 INFO iter=53000 epoch=8 lr=2.00e-04 G=2.381 advA2B=0.383 advB2A=0.449 cycA=0.130 cycB=0.144 idtA=0.187 idtB=0.175 D_A=0.193 D_B=0.223 D_A(real)=0.69 D_A(fake)=0.31 gnG=13.78 gnD=8.03 it_per_s=4.59
2026-10-04 03:37:01,907 INFO iter=53100 epoch=8 lr=2.00e-04 G=2.379 advA2B=0.383 advB2A=0.448 cycA=0.130 cycB=0.144 idtA=0.187 idtB=0.175 D_A=0.193 D_B=0.223 D_A(real)=0.69 D_A(fake)=0.31 gnG=13.73 gnD=8.03 it_per_s=4.60
2026-10-04 03:37:21,772 INFO iter=53200 epoch=8 lr=2.00e-04 G=2.379 advA2B=0.383 advB2A=0.449 cycA=0.130 cycB=0.144 idtA=0.187 idtB=0.174 D_A=0.193 D_B=0.223 D_A(real)=0.69 D_A(fake)=0.31 gnG=13.70 gnD=8.03 it_per_s=4.61
2026-10-04 03:37:41,629 INFO iter=53300 epoch=8 lr=2.00e-04 G=2.377 advA2B=0.383 advB2A=0.449 cycA=0.130 cycB=0.143 idtA=0.187 idtB=0.174 D_A=0.193 D_B=0.224 D_A(real)=0.69 D_A(fake)=0.31 gnG=13.69 gnD=8.03 it_per_s=4.62
2026-10-04 03:38:01,466 INFO iter=53400 epoch=8 lr=2.00e-04 G=2.377 advA2B=0.383 advB2A=0.449 cycA=0.130 cycB=0.143 idtA=0.188 idtB=0.174 D_A=0.193 D_B=0.224 D_A(real)=0.69 D_A(fake)=0.31 gnG=13.69 gnD=8.02 it_per_s=4.63
2026-10-04 03:38:21,272 INFO iter=53500 epoch=8 lr=2.00e-04 G=2.377 advA2B=0.382 advB2A=0.449 cycA=0.130 cycB=0.143 idtA=0.188 idtB=0.174 D_A=0.193 D_B=0.224 D_A(real)=0.69 D_A(fake)=0.31 gnG=13.68 gnD=8.02 it_per_s=4.64
2026-10-04 03:38:41,153 INFO iter=53600 epoch=8 lr=2.00e-04 G=2.383 advA2B=0.383 advB2A=0.449 cycA=0.130 cycB=0.144 idtA=0.188 idtB=0.175 D_A=0.193 D_B=0.224 D_A(real)=0.69 D_A(fake)=0.31 gnG=13.74 gnD=8.03 it_per_s=4.64
2026-10-04 03:39:01,014 INFO iter=53700 epoch=8 lr=2.00e-04 G=2.386 advA2B=0.383 advB2A=0.449 cycA=0.131 cycB=0.144 idtA=0.187 idtB=0.175 D_A=0.193 D_B=0.224 D_A(real)=0.69 D_A(fake)=0.31 gnG=13.73 gnD=8.03 it_per_s=4.65
2026-10-04 03:39:20,887 INFO iter=53800 epoch=8 lr=2.00e-04 G=2.387 advA2B=0.384 advB2A=0.450 cycA=0.131 cycB=0.144 idtA=0.187 idtB=0.175 D_A=0.193 D_B=0.224 D_A(real)=0.69 D_A(fake)=0.31 gnG=13.70 gnD=8.03 it_per_s=4.66
2026-10-04 03:39:40,726 INFO iter=53900 epoch=8 lr=2.00e-04 G=2.386 advA2B=0.384 advB2A=0.449 cycA=0.131 cycB=0.144 idtA=0.187 idtB=0.175 D_A=0.192 D_B=0.223 D_A(real)=0.70 D_A(fake)=0.31 gnG=13.68 gnD=8.03 it_per_s=4.67
2026-10-04 03:40:00,561 INFO iter=54000 epoch=8 lr=2.00e-04 G=2.386 advA2B=0.383 advB2A=0.448 cycA=0.131 cycB=0.144 idtA=0.187 idtB=0.175 D_A=0.192 D_B=0.223 D_A(real)=0.70 D_A(fake)=0.30 gnG=13.67 gnD=8.03 it_per_s=4.67
2026-10-04 03:40:20,405 INFO iter=54100 epoch=8 lr=2.00e-04 G=2.386 advA2B=0.384 advB2A=0.448 cycA=0.131 cycB=0.144 idtA=0.187 idtB=0.175 D_A=0.192 D_B=0.223 D_A(real)=0.70 D_A(fake)=0.31 gnG=13.64 gnD=8.04 it_per_s=4.68
2026-10-04 03:40:40,260 INFO iter=54200 epoch=8 lr=2.00e-04 G=2.383 advA2B=0.383 advB2A=0.447 cycA=0.131 cycB=0.143 idtA=0.187 idtB=0.175 D_A=0.192 D_B=0.223 D_A(real)=0.69 D_A(fake)=0.31 gnG=13.60 gnD=8.03 it_per_s=4.69
2026-10-04 03:41:00,041 INFO iter=54300 epoch=8 lr=2.00e-04 G=2.383 advA2B=0.383 advB2A=0.447 cycA=0.131 cycB=0.143 idtA=0.188 idtB=0.175 D_A=0.192 D_B=0.223 D_A(real)=0.70 D_A(fake)=0.31 gnG=13.58 gnD=8.03 it_per_s=4.69
2026-10-04 03:41:19,828 INFO iter=54400 epoch=8 lr=2.00e-04 G=2.381 advA2B=0.383 advB2A=0.447 cycA=0.130 cycB=0.143 idtA=0.188 idtB=0.176 D_A=0.192 D_B=0.223 D_A(real)=0.69 D_A(fake)=0.31 gnG=13.54 gnD=8.03 it_per_s=4.70
2026-10-04 03:41:39,607 INFO iter=54500 epoch=8 lr=2.00e-04 G=2.379 advA2B=0.383 advB2A=0.447 cycA=0.130 cycB=0.143 idtA=0.188 idtB=0.175 D_A=0.192 D_B=0.223 D_A(real)=0.69 D_A(fake)=0.31 gnG=13.51 gnD=8.02 it_per_s=4.71
2026-10-04 03:41:59,441 INFO iter=54600 epoch=8 lr=2.00e-04 G=2.376 advA2B=0.382 advB2A=0.447 cycA=0.130 cycB=0.143 idtA=0.187 idtB=0.175 D_A=0.193 D_B=0.223 D_A(real)=0.69 D_A(fake)=0.31 gnG=13.48 gnD=8.02 it_per_s=4.71
2026-10-04 03:42:19,235 INFO iter=54700 epoch=8 lr=2.00e-04 G=2.374 advA2B=0.382 advB2A=0.446 cycA=0.130 cycB=0.143 idtA=0.187 idtB=0.175 D_A=0.193 D_B=0.223 D_A(real)=0.69 D_A(fake)=0.31 gnG=13.46 gnD=8.02 it_per_s=4.72
2026-10-04 03:42:39,080 INFO iter=54800 epoch=8 lr=2.00e-04 G=2.372 advA2B=0.381 advB2A=0.446 cycA=0.130 cycB=0.143 idtA=0.187 idtB=0.175 D_A=0.193 D_B=0.223 D_A(real)=0.69 D_A(fake)=0.31 gnG=13.42 gnD=8.02 it_per_s=4.72
2026-10-04 03:42:58,908 INFO iter=54900 epoch=8 lr=2.00e-04 G=2.370 advA2B=0.381 advB2A=0.446 cycA=0.130 cycB=0.143 idtA=0.187 idtB=0.175 D_A=0.193 D_B=0.224 D_A(real)=0.69 D_A(fake)=0.31 gnG=13.40 gnD=8.02 it_per_s=4.73
2026-10-04 03:43:18,779 INFO iter=55000 epoch=8 lr=2.00e-04 G=2.369 advA2B=0.381 advB2A=0.445 cycA=0.130 cycB=0.143 idtA=0.187 idtB=0.175 D_A=0.193 D_B=0.224 D_A(real)=0.69 D_A(fake)=0.31 gnG=13.39 gnD=8.02 it_per_s=4.74
2026-10-04 03:43:38,612 INFO iter=55100 epoch=8 lr=2.00e-04 G=2.369 advA2B=0.381 advB2A=0.445 cycA=0.129 cycB=0.143 idtA=0.187 idtB=0.175 D_A=0.193 D_B=0.224 D_A(real)=0.69 D_A(fake)=0.31 gnG=13.38 gnD=8.01 it_per_s=4.74
2026-10-04 03:43:58,462 INFO iter=55200 epoch=8 lr=2.00e-04 G=2.368 advA2B=0.381 advB2A=0.444 cycA=0.129 cycB=0.143 idtA=0.187 idtB=0.175 D_A=0.194 D_B=0.224 D_A(real)=0.69 D_A(fake)=0.31 gnG=13.37 gnD=8.02 it_per_s=4.74
2026-10-04 03:44:18,253 INFO iter=55300 epoch=8 lr=2.00e-04 G=2.367 advA2B=0.381 advB2A=0.444 cycA=0.129 cycB=0.143 idtA=0.187 idtB=0.175 D_A=0.194 D_B=0.224 D_A(real)=0.69 D_A(fake)=0.31 gnG=13.35 gnD=8.01 it_per_s=4.75
2026-10-04 03:44:38,055 INFO iter=55400 epoch=8 lr=2.00e-04 G=2.368 advA2B=0.381 advB2A=0.444 cycA=0.129 cycB=0.143 idtA=0.187 idtB=0.176 D_A=0.194 D_B=0.224 D_A(real)=0.69 D_A(fake)=0.31 gnG=13.34 gnD=8.01 it_per_s=4.75
2026-10-04 03:44:57,882 INFO iter=55500 epoch=8 lr=2.00e-04 G=2.368 advA2B=0.381 advB2A=0.444 cycA=0.129 cycB=0.143 idtA=0.187 idtB=0.176 D_A=0.193 D_B=0.224 D_A(real)=0.69 D_A(fake)=0.31 gnG=13.32 gnD=8.01 it_per_s=4.76
2026-10-04 03:45:17,725 INFO iter=55600 epoch=8 lr=2.00e-04 G=2.369 advA2B=0.381 advB2A=0.444 cycA=0.129 cycB=0.143 idtA=0.187 idtB=0.176 D_A=0.193 D_B=0.224 D_A(real)=0.69 D_A(fake)=0.31 gnG=13.29 gnD=8.01 it_per_s=4.76
2026-10-04 03:45:37,564 INFO iter=55700 epoch=8 lr=2.00e-04 G=2.368 advA2B=0.381 advB2A=0.444 cycA=0.129 cycB=0.143 idtA=0.187 idtB=0.176 D_A=0.193 D_B=0.224 D_A(real)=0.69 D_A(fake)=0.31 gnG=13.27 gnD=8.01 it_per_s=4.77
2026-10-04 03:45:57,380 INFO iter=55800 epoch=8 lr=2.00e-04 G=2.369 advA2B=0.380 advB2A=0.444 cycA=0.129 cycB=0.143 idtA=0.188 idtB=0.176 D_A=0.193 D_B=0.224 D_A(real)=0.69 D_A(fake)=0.31 gnG=13.25 gnD=8.01 it_per_s=4.77
2026-10-04 03:46:17,226 INFO iter=55900 epoch=8 lr=2.00e-04 G=2.367 advA2B=0.380 advB2A=0.444 cycA=0.129 cycB=0.143 idtA=0.188 idtB=0.176 D_A=0.193 D_B=0.224 D_A(real)=0.69 D_A(fake)=0.31 gnG=13.22 gnD=8.01 it_per_s=4.77
2026-10-04 03:46:37,071 INFO iter=56000 epoch=8 lr=2.00e-04 G=2.366 advA2B=0.380 advB2A=0.444 cycA=0.129 cycB=0.143 idtA=0.187 idtB=0.176 D_A=0.194 D_B=0.224 D_A(real)=0.69 D_A(fake)=0.31 gnG=13.20 gnD=8.01 it_per_s=4.78
2026-10-04 03:46:56,896 INFO iter=56100 epoch=8 lr=2.00e-04 G=2.365 advA2B=0.380 advB2A=0.444 cycA=0.129 cycB=0.143 idtA=0.187 idtB=0.176 D_A=0.193 D_B=0.224 D_A(real)=0.69 D_A(fake)=0.31 gnG=13.19 gnD=8.01 it_per_s=4.78
2026-10-04 03:47:16,687 INFO iter=56200 epoch=8 lr=2.00e-04 G=2.365 advA2B=0.380 advB2A=0.443 cycA=0.129 cycB=0.143 idtA=0.187 idtB=0.176 D_A=0.193 D_B=0.224 D_A(real)=0.69 D_A(fake)=0.31 gnG=13.18 gnD=8.01 it_per_s=4.79
2026-10-04 03:47:36,546 INFO iter=56300 epoch=8 lr=2.00e-04 G=2.364 advA2B=0.380 advB2A=0.444 cycA=0.129 cycB=0.143 idtA=0.187 idtB=0.175 D_A=0.193 D_B=0.224 D_A(real)=0.69 D_A(fake)=0.31 gnG=13.16 gnD=8.01 it_per_s=4.79
2026-10-04 03:47:37,333 INFO epoch=8 done time_s=1470 it_per_s=4.79 G=2.364 cycA=0.129 cycB=0.143 idtA=0.187 idtB=0.175 D_A=0.193 D_B=0.224 D_A(real)=0.69 D_A(fake)=0.31 nan_count=0
2026-10-04 03:47:57,145 INFO iter=56400 epoch=9 lr=2.00e-04 G=2.398 advA2B=0.429 advB2A=0.455 cycA=0.126 cycB=0.143 idtA=0.176 idtB=0.162 D_A=0.199 D_B=0.218 D_A(real)=0.67 D_A(fake)=0.32 gnG=12.62 gnD=8.14 it_per_s=5.03
2026-10-04 03:48:16,992 INFO iter=56500 epoch=9 lr=2.00e-04 G=2.366 advA2B=0.417 advB2A=0.462 cycA=0.122 cycB=0.141 idtA=0.175 idtB=0.166 D_A=0.196 D_B=0.218 D_A(real)=0.66 D_A(fake)=0.33 gnG=12.09 gnD=8.07 it_per_s=5.04
2026-10-04 03:48:36,861 INFO iter=56600 epoch=9 lr=2.00e-04 G=2.355 advA2B=0.400 advB2A=0.457 cycA=0.122 cycB=0.142 idtA=0.183 idtB=0.171 D_A=0.200 D_B=0.221 D_A(real)=0.67 D_A(fake)=0.32 gnG=12.18 gnD=8.15 it_per_s=5.03
2026-10-04 03:48:56,686 INFO iter=56700 epoch=9 lr=2.00e-04 G=2.333 advA2B=0.390 advB2A=0.451 cycA=0.122 cycB=0.141 idtA=0.183 idtB=0.170 D_A=0.199 D_B=0.221 D_A(real)=0.67 D_A(fake)=0.33 gnG=12.35 gnD=8.06 it_per_s=5.04
2026-10-04 03:49:16,573 INFO iter=56800 epoch=9 lr=2.00e-04 G=2.335 advA2B=0.388 advB2A=0.448 cycA=0.122 cycB=0.143 idtA=0.184 idtB=0.170 D_A=0.198 D_B=0.223 D_A(real)=0.67 D_A(fake)=0.32 gnG=12.33 gnD=8.03 it_per_s=5.04
2026-10-04 03:49:36,436 INFO iter=56900 epoch=9 lr=2.00e-04 G=2.330 advA2B=0.383 advB2A=0.445 cycA=0.122 cycB=0.143 idtA=0.183 idtB=0.170 D_A=0.199 D_B=0.222 D_A(real)=0.67 D_A(fake)=0.33 gnG=12.34 gnD=8.05 it_per_s=5.04
2026-10-04 03:49:56,292 INFO iter=57000 epoch=9 lr=2.00e-04 G=2.321 advA2B=0.380 advB2A=0.448 cycA=0.122 cycB=0.142 idtA=0.183 idtB=0.168 D_A=0.197 D_B=0.224 D_A(real)=0.68 D_A(fake)=0.32 gnG=12.24 gnD=7.98 it_per_s=5.04
2026-10-04 03:50:16,166 INFO iter=57100 epoch=9 lr=2.00e-04 G=2.315 advA2B=0.379 advB2A=0.449 cycA=0.121 cycB=0.141 idtA=0.182 idtB=0.169 D_A=0.195 D_B=0.224 D_A(real)=0.68 D_A(fake)=0.32 gnG=12.21 gnD=8.02 it_per_s=5.03
2026-10-04 03:50:35,978 INFO iter=57200 epoch=9 lr=2.00e-04 G=2.319 advA2B=0.376 advB2A=0.452 cycA=0.122 cycB=0.142 idtA=0.182 idtB=0.170 D_A=0.195 D_B=0.224 D_A(real)=0.68 D_A(fake)=0.32 gnG=12.19 gnD=8.04 it_per_s=5.04
2026-10-04 03:50:55,790 INFO iter=57300 epoch=9 lr=2.00e-04 G=2.336 advA2B=0.378 advB2A=0.455 cycA=0.123 cycB=0.142 idtA=0.182 idtB=0.170 D_A=0.194 D_B=0.225 D_A(real)=0.68 D_A(fake)=0.31 gnG=12.31 gnD=8.09 it_per_s=5.04
2026-10-04 03:51:15,625 INFO iter=57400 epoch=9 lr=2.00e-04 G=2.341 advA2B=0.379 advB2A=0.457 cycA=0.124 cycB=0.142 idtA=0.180 idtB=0.169 D_A=0.192 D_B=0.224 D_A(real)=0.69 D_A(fake)=0.31 gnG=12.46 gnD=8.10 it_per_s=5.04
2026-10-04 03:51:35,437 INFO iter=57500 epoch=9 lr=2.00e-04 G=2.344 advA2B=0.380 advB2A=0.453 cycA=0.124 cycB=0.142 idtA=0.183 idtB=0.170 D_A=0.193 D_B=0.224 D_A(real)=0.69 D_A(fake)=0.31 gnG=12.39 gnD=8.12 it_per_s=5.04
2026-10-04 03:51:55,281 INFO iter=57600 epoch=9 lr=2.00e-04 G=2.347 advA2B=0.381 advB2A=0.454 cycA=0.124 cycB=0.143 idtA=0.183 idtB=0.172 D_A=0.192 D_B=0.224 D_A(real)=0.69 D_A(fake)=0.31 gnG=12.34 gnD=8.11 it_per_s=5.04
2026-10-04 03:52:15,091 INFO iter=57700 epoch=9 lr=2.00e-04 G=2.347 advA2B=0.380 advB2A=0.454 cycA=0.124 cycB=0.143 idtA=0.182 idtB=0.172 D_A=0.192 D_B=0.225 D_A(real)=0.69 D_A(fake)=0.31 gnG=12.32 gnD=8.08 it_per_s=5.04
2026-10-04 03:52:34,957 INFO iter=57800 epoch=9 lr=2.00e-04 G=2.347 advA2B=0.380 advB2A=0.454 cycA=0.125 cycB=0.143 idtA=0.183 idtB=0.171 D_A=0.192 D_B=0.225 D_A(real)=0.69 D_A(fake)=0.31 gnG=12.27 gnD=8.10 it_per_s=5.04
2026-10-04 03:52:54,754 INFO iter=57900 epoch=9 lr=2.00e-04 G=2.347 advA2B=0.379 advB2A=0.454 cycA=0.125 cycB=0.143 idtA=0.184 idtB=0.172 D_A=0.192 D_B=0.226 D_A(real)=0.69 D_A(fake)=0.31 gnG=12.27 gnD=8.09 it_per_s=5.04
2026-10-04 03:53:14,581 INFO iter=58000 epoch=9 lr=2.00e-04 G=2.351 advA2B=0.380 advB2A=0.455 cycA=0.125 cycB=0.143 idtA=0.184 idtB=0.172 D_A=0.192 D_B=0.225 D_A(real)=0.69 D_A(fake)=0.31 gnG=12.29 gnD=8.11 it_per_s=5.04
2026-10-04 03:53:34,362 INFO iter=58100 epoch=9 lr=2.00e-04 G=2.343 advA2B=0.379 advB2A=0.453 cycA=0.125 cycB=0.142 idtA=0.184 idtB=0.171 D_A=0.192 D_B=0.226 D_A(real)=0.69 D_A(fake)=0.31 gnG=12.23 gnD=8.11 it_per_s=5.04
2026-10-04 03:53:54,161 INFO iter=58200 epoch=9 lr=2.00e-04 G=2.345 advA2B=0.379 advB2A=0.453 cycA=0.125 cycB=0.143 idtA=0.184 idtB=0.172 D_A=0.192 D_B=0.226 D_A(real)=0.69 D_A(fake)=0.31 gnG=12.25 gnD=8.10 it_per_s=5.04
2026-10-04 03:54:14,097 INFO iter=58300 epoch=9 lr=2.00e-04 G=2.347 advA2B=0.380 advB2A=0.454 cycA=0.124 cycB=0.142 idtA=0.185 idtB=0.171 D_A=0.191 D_B=0.225 D_A(real)=0.69 D_A(fake)=0.31 gnG=12.23 gnD=8.09 it_per_s=5.04
2026-10-04 03:54:33,298 INFO iter=58400 epoch=9 lr=2.00e-04 G=2.343 advA2B=0.380 advB2A=0.454 cycA=0.124 cycB=0.142 idtA=0.185 idtB=0.171 D_A=0.192 D_B=0.225 D_A(real)=0.69 D_A(fake)=0.31 gnG=12.19 gnD=8.09 it_per_s=5.05
2026-10-04 03:54:53,194 INFO iter=58500 epoch=9 lr=2.00e-04 G=2.342 advA2B=0.380 advB2A=0.454 cycA=0.124 cycB=0.142 idtA=0.184 idtB=0.171 D_A=0.191 D_B=0.226 D_A(real)=0.69 D_A(fake)=0.31 gnG=12.14 gnD=8.09 it_per_s=5.05
2026-10-04 03:55:16,563 INFO iter=58600 epoch=9 lr=2.00e-04 G=2.340 advA2B=0.380 advB2A=0.453 cycA=0.124 cycB=0.142 idtA=0.185 idtB=0.171 D_A=0.192 D_B=0.226 D_A(real)=0.69 D_A(fake)=0.31 gnG=12.09 gnD=8.08 it_per_s=5.01
2026-10-04 03:55:40,385 INFO iter=58700 epoch=9 lr=2.00e-04 G=2.338 advA2B=0.380 advB2A=0.451 cycA=0.124 cycB=0.142 idtA=0.185 idtB=0.171 D_A=0.192 D_B=0.226 D_A(real)=0.69 D_A(fake)=0.31 gnG=12.07 gnD=8.06 it_per_s=4.97
2026-10-04 03:56:00,788 INFO iter=58800 epoch=9 lr=2.00e-04 G=2.335 advA2B=0.379 advB2A=0.451 cycA=0.124 cycB=0.142 idtA=0.185 idtB=0.171 D_A=0.191 D_B=0.226 D_A(real)=0.69 D_A(fake)=0.31 gnG=12.04 gnD=8.03 it_per_s=4.96
2026-10-04 03:56:20,623 INFO iter=58900 epoch=9 lr=2.00e-04 G=2.335 advA2B=0.378 advB2A=0.451 cycA=0.124 cycB=0.142 idtA=0.185 idtB=0.172 D_A=0.191 D_B=0.225 D_A(real)=0.69 D_A(fake)=0.31 gnG=12.04 gnD=8.02 it_per_s=4.97
2026-10-04 03:56:40,542 INFO iter=59000 epoch=9 lr=2.00e-04 G=2.333 advA2B=0.379 advB2A=0.451 cycA=0.124 cycB=0.141 idtA=0.185 idtB=0.172 D_A=0.192 D_B=0.225 D_A(real)=0.69 D_A(fake)=0.31 gnG=12.02 gnD=8.05 it_per_s=4.97
2026-10-04 03:57:00,363 INFO iter=59100 epoch=9 lr=2.00e-04 G=2.332 advA2B=0.379 advB2A=0.450 cycA=0.124 cycB=0.141 idtA=0.185 idtB=0.171 D_A=0.192 D_B=0.225 D_A(real)=0.69 D_A(fake)=0.31 gnG=12.03 gnD=8.06 it_per_s=4.97
2026-10-04 03:57:20,239 INFO iter=59200 epoch=9 lr=2.00e-04 G=2.331 advA2B=0.380 advB2A=0.450 cycA=0.123 cycB=0.141 idtA=0.184 idtB=0.172 D_A=0.192 D_B=0.225 D_A(real)=0.69 D_A(fake)=0.31 gnG=12.04 gnD=8.05 it_per_s=4.97
2026-10-04 03:57:40,087 INFO iter=59300 epoch=9 lr=2.00e-04 G=2.330 advA2B=0.380 advB2A=0.450 cycA=0.123 cycB=0.141 idtA=0.184 idtB=0.172 D_A=0.193 D_B=0.225 D_A(real)=0.69 D_A(fake)=0.31 gnG=12.02 gnD=8.05 it_per_s=4.98
2026-10-04 03:57:59,984 INFO iter=59400 epoch=9 lr=2.00e-04 G=2.329 advA2B=0.380 advB2A=0.450 cycA=0.123 cycB=0.141 idtA=0.184 idtB=0.171 D_A=0.192 D_B=0.225 D_A(real)=0.69 D_A(fake)=0.31 gnG=12.03 gnD=8.03 it_per_s=4.98
2026-10-04 03:58:19,818 INFO iter=59500 epoch=9 lr=2.00e-04 G=2.333 advA2B=0.381 advB2A=0.450 cycA=0.124 cycB=0.141 idtA=0.184 idtB=0.171 D_A=0.192 D_B=0.225 D_A(real)=0.69 D_A(fake)=0.31 gnG=12.04 gnD=8.04 it_per_s=4.98
2026-10-04 03:58:39,653 INFO iter=59600 epoch=9 lr=2.00e-04 G=2.331 advA2B=0.382 advB2A=0.449 cycA=0.124 cycB=0.141 idtA=0.184 idtB=0.171 D_A=0.192 D_B=0.225 D_A(real)=0.69 D_A(fake)=0.31 gnG=12.03 gnD=8.04 it_per_s=4.98
2026-10-04 03:58:59,533 INFO iter=59700 epoch=9 lr=2.00e-04 G=2.335 advA2B=0.381 advB2A=0.450 cycA=0.124 cycB=0.142 idtA=0.184 idtB=0.171 D_A=0.192 D_B=0.225 D_A(real)=0.69 D_A(fake)=0.31 gnG=12.06 gnD=8.04 it_per_s=4.98
2026-10-04 03:59:19,336 INFO iter=59800 epoch=9 lr=2.00e-04 G=2.338 advA2B=0.382 advB2A=0.451 cycA=0.124 cycB=0.142 idtA=0.184 idtB=0.171 D_A=0.192 D_B=0.225 D_A(real)=0.69 D_A(fake)=0.31 gnG=12.10 gnD=8.02 it_per_s=4.99
2026-10-04 03:59:39,174 INFO iter=59900 epoch=9 lr=2.00e-04 G=2.336 advA2B=0.381 advB2A=0.450 cycA=0.124 cycB=0.142 idtA=0.184 idtB=0.171 D_A=0.192 D_B=0.225 D_A(real)=0.69 D_A(fake)=0.31 gnG=12.07 gnD=8.04 it_per_s=4.99
2026-10-04 03:59:59,022 INFO iter=60000 epoch=9 lr=2.00e-04 G=2.336 advA2B=0.382 advB2A=0.451 cycA=0.124 cycB=0.142 idtA=0.184 idtB=0.171 D_A=0.192 D_B=0.225 D_A(real)=0.69 D_A(fake)=0.31 gnG=12.08 gnD=8.05 it_per_s=4.99
2026-10-04 04:00:18,811 INFO iter=60100 epoch=9 lr=2.00e-04 G=2.335 advA2B=0.382 advB2A=0.451 cycA=0.124 cycB=0.142 idtA=0.184 idtB=0.171 D_A=0.192 D_B=0.225 D_A(real)=0.69 D_A(fake)=0.31 gnG=12.08 gnD=8.04 it_per_s=4.99
2026-10-04 04:00:38,574 INFO iter=60200 epoch=9 lr=2.00e-04 G=2.335 advA2B=0.382 advB2A=0.450 cycA=0.124 cycB=0.142 idtA=0.184 idtB=0.171 D_A=0.192 D_B=0.225 D_A(real)=0.69 D_A(fake)=0.31 gnG=12.06 gnD=8.06 it_per_s=4.99
2026-10-04 04:00:58,363 INFO iter=60300 epoch=9 lr=2.00e-04 G=2.336 advA2B=0.382 advB2A=0.451 cycA=0.124 cycB=0.142 idtA=0.184 idtB=0.171 D_A=0.192 D_B=0.225 D_A(real)=0.69 D_A(fake)=0.31 gnG=12.05 gnD=8.05 it_per_s=4.99
2026-10-04 04:01:18,196 INFO iter=60400 epoch=9 lr=2.00e-04 G=2.334 advA2B=0.381 advB2A=0.450 cycA=0.124 cycB=0.141 idtA=0.185 idtB=0.171 D_A=0.192 D_B=0.225 D_A(real)=0.69 D_A(fake)=0.31 gnG=12.04 gnD=8.05 it_per_s=4.99
2026-10-04 04:01:37,965 INFO iter=60500 epoch=9 lr=2.00e-04 G=2.333 advA2B=0.381 advB2A=0.450 cycA=0.123 cycB=0.141 idtA=0.185 idtB=0.171 D_A=0.192 D_B=0.225 D_A(real)=0.69 D_A(fake)=0.31 gnG=12.04 gnD=8.05 it_per_s=5.00
2026-10-04 04:01:57,800 INFO iter=60600 epoch=9 lr=2.00e-04 G=2.334 advA2B=0.382 advB2A=0.451 cycA=0.123 cycB=0.141 idtA=0.185 idtB=0.171 D_A=0.192 D_B=0.225 D_A(real)=0.69 D_A(fake)=0.31 gnG=12.05 gnD=8.05 it_per_s=5.00
2026-10-04 04:02:17,662 INFO iter=60700 epoch=9 lr=2.00e-04 G=2.332 advA2B=0.382 advB2A=0.450 cycA=0.123 cycB=0.141 idtA=0.185 idtB=0.171 D_A=0.192 D_B=0.225 D_A(real)=0.69 D_A(fake)=0.31 gnG=12.06 gnD=8.05 it_per_s=5.00
2026-10-04 04:02:37,501 INFO iter=60800 epoch=9 lr=2.00e-04 G=2.331 advA2B=0.381 advB2A=0.450 cycA=0.123 cycB=0.141 idtA=0.185 idtB=0.171 D_A=0.192 D_B=0.225 D_A(real)=0.69 D_A(fake)=0.31 gnG=12.05 gnD=8.06 it_per_s=5.00
2026-10-04 04:02:57,341 INFO iter=60900 epoch=9 lr=2.00e-04 G=2.331 advA2B=0.381 advB2A=0.450 cycA=0.123 cycB=0.141 idtA=0.185 idtB=0.170 D_A=0.192 D_B=0.225 D_A(real)=0.69 D_A(fake)=0.31 gnG=12.05 gnD=8.04 it_per_s=5.00
2026-10-04 04:03:17,162 INFO iter=61000 epoch=9 lr=2.00e-04 G=2.330 advA2B=0.382 advB2A=0.450 cycA=0.123 cycB=0.141 idtA=0.185 idtB=0.170 D_A=0.192 D_B=0.225 D_A(real)=0.69 D_A(fake)=0.31 gnG=12.04 gnD=8.04 it_per_s=5.00
2026-10-04 04:03:36,968 INFO iter=61100 epoch=9 lr=2.00e-04 G=2.328 advA2B=0.381 advB2A=0.449 cycA=0.123 cycB=0.141 idtA=0.185 idtB=0.170 D_A=0.192 D_B=0.225 D_A(real)=0.69 D_A(fake)=0.31 gnG=12.04 gnD=8.04 it_per_s=5.00
2026-10-04 04:03:56,762 INFO iter=61200 epoch=9 lr=2.00e-04 G=2.326 advA2B=0.381 advB2A=0.449 cycA=0.123 cycB=0.141 idtA=0.185 idtB=0.170 D_A=0.192 D_B=0.225 D_A(real)=0.69 D_A(fake)=0.31 gnG=12.01 gnD=8.04 it_per_s=5.00
2026-10-04 04:04:16,614 INFO iter=61300 epoch=9 lr=2.00e-04 G=2.326 advA2B=0.381 advB2A=0.449 cycA=0.123 cycB=0.141 idtA=0.185 idtB=0.170 D_A=0.191 D_B=0.225 D_A(real)=0.69 D_A(fake)=0.31 gnG=12.00 gnD=8.04 it_per_s=5.00
2026-10-04 04:04:36,462 INFO iter=61400 epoch=9 lr=2.00e-04 G=2.325 advA2B=0.381 advB2A=0.448 cycA=0.123 cycB=0.141 idtA=0.184 idtB=0.170 D_A=0.192 D_B=0.225 D_A(real)=0.69 D_A(fake)=0.31 gnG=12.01 gnD=8.04 it_per_s=5.00
2026-10-04 04:04:56,322 INFO iter=61500 epoch=9 lr=2.00e-04 G=2.323 advA2B=0.381 advB2A=0.448 cycA=0.123 cycB=0.141 idtA=0.184 idtB=0.170 D_A=0.192 D_B=0.225 D_A(real)=0.69 D_A(fake)=0.31 gnG=12.00 gnD=8.04 it_per_s=5.00
2026-10-04 04:05:16,143 INFO iter=61600 epoch=9 lr=2.00e-04 G=2.323 advA2B=0.381 advB2A=0.448 cycA=0.123 cycB=0.140 idtA=0.184 idtB=0.170 D_A=0.191 D_B=0.225 D_A(real)=0.69 D_A(fake)=0.31 gnG=11.99 gnD=8.03 it_per_s=5.01
2026-10-04 04:05:35,962 INFO iter=61700 epoch=9 lr=2.00e-04 G=2.323 advA2B=0.381 advB2A=0.448 cycA=0.123 cycB=0.140 idtA=0.184 idtB=0.170 D_A=0.191 D_B=0.225 D_A(real)=0.69 D_A(fake)=0.31 gnG=11.99 gnD=8.03 it_per_s=5.01
2026-10-04 04:05:55,746 INFO iter=61800 epoch=9 lr=2.00e-04 G=2.323 advA2B=0.381 advB2A=0.449 cycA=0.123 cycB=0.140 idtA=0.184 idtB=0.170 D_A=0.192 D_B=0.225 D_A(real)=0.69 D_A(fake)=0.31 gnG=11.98 gnD=8.04 it_per_s=5.01
2026-10-04 04:06:15,603 INFO iter=61900 epoch=9 lr=2.00e-04 G=2.324 advA2B=0.381 advB2A=0.449 cycA=0.123 cycB=0.141 idtA=0.184 idtB=0.170 D_A=0.191 D_B=0.225 D_A(real)=0.69 D_A(fake)=0.31 gnG=11.99 gnD=8.04 it_per_s=5.01
2026-10-04 04:06:35,415 INFO iter=62000 epoch=9 lr=2.00e-04 G=2.323 advA2B=0.381 advB2A=0.449 cycA=0.123 cycB=0.141 idtA=0.184 idtB=0.170 D_A=0.191 D_B=0.225 D_A(real)=0.69 D_A(fake)=0.31 gnG=11.99 gnD=8.05 it_per_s=5.01
2026-10-04 04:06:55,257 INFO iter=62100 epoch=9 lr=2.00e-04 G=2.322 advA2B=0.381 advB2A=0.449 cycA=0.123 cycB=0.140 idtA=0.184 idtB=0.170 D_A=0.192 D_B=0.225 D_A(real)=0.69 D_A(fake)=0.31 gnG=11.97 gnD=8.05 it_per_s=5.01
2026-10-04 04:07:15,061 INFO iter=62200 epoch=9 lr=2.00e-04 G=2.320 advA2B=0.381 advB2A=0.448 cycA=0.123 cycB=0.140 idtA=0.184 idtB=0.170 D_A=0.191 D_B=0.225 D_A(real)=0.69 D_A(fake)=0.31 gnG=11.98 gnD=8.05 it_per_s=5.01
2026-10-04 04:07:34,907 INFO iter=62300 epoch=9 lr=2.00e-04 G=2.322 advA2B=0.380 advB2A=0.449 cycA=0.123 cycB=0.140 idtA=0.184 idtB=0.171 D_A=0.191 D_B=0.225 D_A(real)=0.69 D_A(fake)=0.31 gnG=11.99 gnD=8.06 it_per_s=5.01
2026-10-04 04:07:54,730 INFO iter=62400 epoch=9 lr=2.00e-04 G=2.322 advA2B=0.380 advB2A=0.449 cycA=0.123 cycB=0.140 idtA=0.184 idtB=0.171 D_A=0.191 D_B=0.225 D_A(real)=0.69 D_A(fake)=0.31 gnG=11.99 gnD=8.07 it_per_s=5.01
2026-10-04 04:08:14,547 INFO iter=62500 epoch=9 lr=2.00e-04 G=2.323 advA2B=0.381 advB2A=0.449 cycA=0.123 cycB=0.140 idtA=0.185 idtB=0.171 D_A=0.191 D_B=0.225 D_A(real)=0.69 D_A(fake)=0.31 gnG=12.01 gnD=8.06 it_per_s=5.01
2026-10-04 04:08:34,362 INFO iter=62600 epoch=9 lr=2.00e-04 G=2.323 advA2B=0.380 advB2A=0.449 cycA=0.123 cycB=0.140 idtA=0.185 idtB=0.171 D_A=0.191 D_B=0.225 D_A(real)=0.69 D_A(fake)=0.31 gnG=12.02 gnD=8.06 it_per_s=5.01
2026-10-04 04:08:54,167 INFO iter=62700 epoch=9 lr=2.00e-04 G=2.322 advA2B=0.380 advB2A=0.449 cycA=0.123 cycB=0.140 idtA=0.185 idtB=0.171 D_A=0.191 D_B=0.225 D_A(real)=0.69 D_A(fake)=0.31 gnG=12.02 gnD=8.06 it_per_s=5.01
2026-10-04 04:09:14,019 INFO iter=62800 epoch=9 lr=2.00e-04 G=2.322 advA2B=0.380 advB2A=0.449 cycA=0.123 cycB=0.140 idtA=0.184 idtB=0.171 D_A=0.191 D_B=0.225 D_A(real)=0.69 D_A(fake)=0.31 gnG=12.03 gnD=8.06 it_per_s=5.01
2026-10-04 04:09:33,832 INFO iter=62900 epoch=9 lr=2.00e-04 G=2.322 advA2B=0.380 advB2A=0.449 cycA=0.123 cycB=0.140 idtA=0.184 idtB=0.170 D_A=0.191 D_B=0.225 D_A(real)=0.69 D_A(fake)=0.31 gnG=12.04 gnD=8.06 it_per_s=5.01
2026-10-04 04:09:53,640 INFO iter=63000 epoch=9 lr=2.00e-04 G=2.322 advA2B=0.380 advB2A=0.449 cycA=0.123 cycB=0.140 idtA=0.184 idtB=0.170 D_A=0.191 D_B=0.225 D_A(real)=0.69 D_A(fake)=0.31 gnG=12.03 gnD=8.06 it_per_s=5.01
2026-10-04 04:10:13,444 INFO iter=63100 epoch=9 lr=2.00e-04 G=2.322 advA2B=0.381 advB2A=0.449 cycA=0.123 cycB=0.140 idtA=0.184 idtB=0.171 D_A=0.191 D_B=0.224 D_A(real)=0.69 D_A(fake)=0.31 gnG=12.03 gnD=8.07 it_per_s=5.01
2026-10-04 04:10:33,246 INFO iter=63200 epoch=9 lr=2.00e-04 G=2.324 advA2B=0.381 advB2A=0.450 cycA=0.123 cycB=0.140 idtA=0.185 idtB=0.171 D_A=0.191 D_B=0.224 D_A(real)=0.69 D_A(fake)=0.31 gnG=12.05 gnD=8.08 it_per_s=5.01
2026-10-04 04:10:53,109 INFO iter=63300 epoch=9 lr=2.00e-04 G=2.323 advA2B=0.381 advB2A=0.449 cycA=0.123 cycB=0.140 idtA=0.184 idtB=0.171 D_A=0.191 D_B=0.224 D_A(real)=0.69 D_A(fake)=0.31 gnG=12.05 gnD=8.08 it_per_s=5.01
2026-10-04 04:11:01,450 INFO epoch=9 done time_s=1403 it_per_s=5.01 G=2.323 cycA=0.123 cycB=0.140 idtA=0.185 idtB=0.171 D_A=0.191 D_B=0.224 D_A(real)=0.69 D_A(fake)=0.31 nan_count=0
2026-10-04 04:11:13,704 INFO iter=63400 epoch=10 lr=2.00e-04 G=2.319 advA2B=0.422 advB2A=0.494 cycA=0.115 cycB=0.132 idtA=0.168 idtB=0.163 D_A=0.182 D_B=0.205 D_A(real)=0.68 D_A(fake)=0.32 gnG=11.29 gnD=8.08 it_per_s=5.03
2026-10-04 04:11:33,563 INFO iter=63500 epoch=10 lr=2.00e-04 G=2.312 advA2B=0.407 advB2A=0.477 cycA=0.117 cycB=0.134 idtA=0.172 idtB=0.169 D_A=0.185 D_B=0.211 D_A(real)=0.69 D_A(fake)=0.30 gnG=11.33 gnD=8.20 it_per_s=5.03
2026-10-04 04:11:53,402 INFO iter=63600 epoch=10 lr=2.00e-04 G=2.314 advA2B=0.395 advB2A=0.459 cycA=0.118 cycB=0.138 idtA=0.182 idtB=0.171 D_A=0.187 D_B=0.219 D_A(real)=0.70 D_A(fake)=0.30 gnG=12.05 gnD=8.34 it_per_s=5.04
2026-10-04 04:12:13,224 INFO iter=63700 epoch=10 lr=2.00e-04 G=2.364 advA2B=0.393 advB2A=0.469 cycA=0.123 cycB=0.141 idtA=0.194 idtB=0.176 D_A=0.186 D_B=0.220 D_A(real)=0.70 D_A(fake)=0.30 gnG=12.18 gnD=8.24 it_per_s=5.04
2026-10-04 04:12:33,110 INFO iter=63800 epoch=10 lr=2.00e-04 G=2.409 advA2B=0.399 advB2A=0.474 cycA=0.126 cycB=0.144 idtA=0.195 idtB=0.174 D_A=0.183 D_B=0.221 D_A(real)=0.70 D_A(fake)=0.29 gnG=12.54 gnD=8.18 it_per_s=5.04
2026-10-04 04:12:52,941 INFO iter=63900 epoch=10 lr=2.00e-04 G=2.393 advA2B=0.402 advB2A=0.473 cycA=0.125 cycB=0.142 idtA=0.191 idtB=0.173 D_A=0.183 D_B=0.219 D_A(real)=0.71 D_A(fake)=0.29 gnG=12.60 gnD=8.19 it_per_s=5.04
2026-10-04 04:13:12,310 INFO iter=64000 epoch=10 lr=2.00e-04 G=2.393 advA2B=0.401 advB2A=0.469 cycA=0.126 cycB=0.143 idtA=0.190 idtB=0.173 D_A=0.183 D_B=0.218 D_A(real)=0.71 D_A(fake)=0.29 gnG=12.69 gnD=8.21 it_per_s=5.06
2026-10-04 04:13:32,209 INFO iter=64100 epoch=10 lr=2.00e-04 G=2.374 advA2B=0.396 advB2A=0.467 cycA=0.124 cycB=0.142 idtA=0.191 idtB=0.172 D_A=0.184 D_B=0.219 D_A(real)=0.71 D_A(fake)=0.29 gnG=12.48 gnD=8.17 it_per_s=5.05
2026-10-04 04:13:52,045 INFO iter=64200 epoch=10 lr=2.00e-04 G=2.375 advA2B=0.395 advB2A=0.467 cycA=0.124 cycB=0.142 idtA=0.189 idtB=0.172 D_A=0.184 D_B=0.221 D_A(real)=0.71 D_A(fake)=0.29 gnG=12.44 gnD=8.18 it_per_s=5.05
2026-10-04 04:14:11,906 INFO iter=64300 epoch=10 lr=2.00e-04 G=2.363 advA2B=0.395 advB2A=0.468 cycA=0.123 cycB=0.141 idtA=0.188 idtB=0.172 D_A=0.185 D_B=0.220 D_A(real)=0.71 D_A(fake)=0.30 gnG=12.33 gnD=8.23 it_per_s=5.05
2026-10-04 04:14:31,743 INFO iter=64400 epoch=10 lr=2.00e-04 G=2.362 advA2B=0.394 advB2A=0.465 cycA=0.123 cycB=0.141 idtA=0.188 idtB=0.172 D_A=0.185 D_B=0.222 D_A(real)=0.70 D_A(fake)=0.30 gnG=12.32 gnD=8.21 it_per_s=5.05
2026-10-04 04:14:51,603 INFO iter=64500 epoch=10 lr=2.00e-04 G=2.361 advA2B=0.392 advB2A=0.463 cycA=0.123 cycB=0.142 idtA=0.187 idtB=0.173 D_A=0.185 D_B=0.221 D_A(real)=0.71 D_A(fake)=0.30 gnG=12.36 gnD=8.20 it_per_s=5.05
2026-10-04 04:15:11,467 INFO iter=64600 epoch=10 lr=2.00e-04 G=2.357 advA2B=0.393 advB2A=0.462 cycA=0.123 cycB=0.142 idtA=0.187 idtB=0.173 D_A=0.186 D_B=0.221 D_A(real)=0.70 D_A(fake)=0.30 gnG=12.30 gnD=8.19 it_per_s=5.05
2026-10-04 04:15:31,329 INFO iter=64700 epoch=10 lr=2.00e-04 G=2.347 advA2B=0.393 advB2A=0.461 cycA=0.122 cycB=0.141 idtA=0.187 idtB=0.171 D_A=0.186 D_B=0.221 D_A(real)=0.70 D_A(fake)=0.30 gnG=12.22 gnD=8.20 it_per_s=5.05
2026-10-04 04:15:51,151 INFO iter=64800 epoch=10 lr=2.00e-04 G=2.342 advA2B=0.392 advB2A=0.460 cycA=0.122 cycB=0.140 idtA=0.186 idtB=0.170 D_A=0.186 D_B=0.220 D_A(real)=0.70 D_A(fake)=0.30 gnG=12.24 gnD=8.20 it_per_s=5.05
2026-10-04 04:16:10,955 INFO iter=64900 epoch=10 lr=2.00e-04 G=2.334 advA2B=0.392 advB2A=0.459 cycA=0.122 cycB=0.139 idtA=0.185 idtB=0.170 D_A=0.186 D_B=0.220 D_A(real)=0.70 D_A(fake)=0.30 gnG=12.20 gnD=8.22 it_per_s=5.05
2026-10-04 04:16:30,794 INFO iter=65000 epoch=10 lr=2.00e-04 G=2.332 advA2B=0.392 advB2A=0.460 cycA=0.122 cycB=0.139 idtA=0.185 idtB=0.170 D_A=0.185 D_B=0.220 D_A(real)=0.70 D_A(fake)=0.30 gnG=12.20 gnD=8.23 it_per_s=5.05
2026-10-04 04:16:50,596 INFO iter=65100 epoch=10 lr=2.00e-04 G=2.332 advA2B=0.393 advB2A=0.460 cycA=0.122 cycB=0.139 idtA=0.185 idtB=0.169 D_A=0.185 D_B=0.220 D_A(real)=0.70 D_A(fake)=0.30 gnG=12.17 gnD=8.26 it_per_s=5.05
2026-10-04 04:17:10,387 INFO iter=65200 epoch=10 lr=2.00e-04 G=2.334 advA2B=0.392 advB2A=0.461 cycA=0.122 cycB=0.139 idtA=0.185 idtB=0.169 D_A=0.186 D_B=0.220 D_A(real)=0.70 D_A(fake)=0.30 gnG=12.16 gnD=8.28 it_per_s=5.05
2026-10-04 04:17:30,240 INFO iter=65300 epoch=10 lr=2.00e-04 G=2.329 advA2B=0.392 advB2A=0.461 cycA=0.122 cycB=0.138 idtA=0.186 idtB=0.169 D_A=0.185 D_B=0.220 D_A(real)=0.70 D_A(fake)=0.30 gnG=12.10 gnD=8.28 it_per_s=5.05
2026-10-04 04:17:50,087 INFO iter=65400 epoch=10 lr=2.00e-04 G=2.324 advA2B=0.391 advB2A=0.460 cycA=0.121 cycB=0.138 idtA=0.185 idtB=0.169 D_A=0.186 D_B=0.221 D_A(real)=0.70 D_A(fake)=0.30 gnG=12.10 gnD=8.29 it_per_s=5.05
2026-10-04 04:18:09,953 INFO iter=65500 epoch=10 lr=2.00e-04 G=2.321 advA2B=0.389 advB2A=0.460 cycA=0.121 cycB=0.138 idtA=0.185 idtB=0.168 D_A=0.187 D_B=0.221 D_A(real)=0.70 D_A(fake)=0.30 gnG=12.08 gnD=8.28 it_per_s=5.04
2026-10-04 04:18:29,737 INFO iter=65600 epoch=10 lr=2.00e-04 G=2.318 advA2B=0.389 advB2A=0.459 cycA=0.121 cycB=0.138 idtA=0.184 idtB=0.168 D_A=0.187 D_B=0.221 D_A(real)=0.70 D_A(fake)=0.30 gnG=12.05 gnD=8.28 it_per_s=5.05
2026-10-04 04:18:49,628 INFO iter=65700 epoch=10 lr=2.00e-04 G=2.314 advA2B=0.388 advB2A=0.458 cycA=0.121 cycB=0.138 idtA=0.184 idtB=0.168 D_A=0.187 D_B=0.220 D_A(real)=0.70 D_A(fake)=0.30 gnG=12.01 gnD=8.26 it_per_s=5.04
2026-10-04 04:19:09,446 INFO iter=65800 epoch=10 lr=2.00e-04 G=2.316 advA2B=0.388 advB2A=0.456 cycA=0.121 cycB=0.138 idtA=0.184 idtB=0.168 D_A=0.187 D_B=0.220 D_A(real)=0.70 D_A(fake)=0.30 gnG=12.03 gnD=8.27 it_per_s=5.04
2026-10-04 04:19:29,320 INFO iter=65900 epoch=10 lr=2.00e-04 G=2.321 advA2B=0.388 advB2A=0.457 cycA=0.121 cycB=0.139 idtA=0.184 idtB=0.169 D_A=0.187 D_B=0.221 D_A(real)=0.70 D_A(fake)=0.30 gnG=12.03 gnD=8.29 it_per_s=5.04
2026-10-04 04:19:49,111 INFO iter=66000 epoch=10 lr=2.00e-04 G=2.318 advA2B=0.387 advB2A=0.457 cycA=0.121 cycB=0.139 idtA=0.184 idtB=0.169 D_A=0.186 D_B=0.221 D_A(real)=0.70 D_A(fake)=0.30 gnG=12.02 gnD=8.27 it_per_s=5.04
2026-10-04 04:20:08,972 INFO iter=66100 epoch=10 lr=2.00e-04 G=2.314 advA2B=0.386 advB2A=0.456 cycA=0.121 cycB=0.138 idtA=0.185 idtB=0.168 D_A=0.186 D_B=0.221 D_A(real)=0.70 D_A(fake)=0.30 gnG=11.98 gnD=8.27 it_per_s=5.04
2026-10-04 04:20:28,841 INFO iter=66200 epoch=10 lr=2.00e-04 G=2.313 advA2B=0.386 advB2A=0.456 cycA=0.121 cycB=0.138 idtA=0.185 idtB=0.168 D_A=0.187 D_B=0.221 D_A(real)=0.70 D_A(fake)=0.30 gnG=11.96 gnD=8.28 it_per_s=5.04
2026-10-04 04:20:48,678 INFO iter=66300 epoch=10 lr=2.00e-04 G=2.316 advA2B=0.386 advB2A=0.456 cycA=0.121 cycB=0.139 idtA=0.185 idtB=0.168 D_A=0.187 D_B=0.221 D_A(real)=0.70 D_A(fake)=0.30 gnG=12.01 gnD=8.29 it_per_s=5.04
2026-10-04 04:21:08,544 INFO iter=66400 epoch=10 lr=2.00e-04 G=2.317 advA2B=0.387 advB2A=0.457 cycA=0.121 cycB=0.139 idtA=0.185 idtB=0.168 D_A=0.187 D_B=0.220 D_A(real)=0.70 D_A(fake)=0.30 gnG=12.07 gnD=8.29 it_per_s=5.04
2026-10-04 04:21:28,395 INFO iter=66500 epoch=10 lr=2.00e-04 G=2.318 advA2B=0.387 advB2A=0.457 cycA=0.121 cycB=0.139 idtA=0.184 idtB=0.168 D_A=0.186 D_B=0.220 D_A(real)=0.70 D_A(fake)=0.30 gnG=12.08 gnD=8.29 it_per_s=5.04
2026-10-04 04:21:48,255 INFO iter=66600 epoch=10 lr=2.00e-04 G=2.318 advA2B=0.386 advB2A=0.457 cycA=0.121 cycB=0.139 idtA=0.185 idtB=0.167 D_A=0.186 D_B=0.220 D_A(real)=0.70 D_A(fake)=0.30 gnG=12.08 gnD=8.30 it_per_s=5.04
2026-10-04 04:22:08,109 INFO iter=66700 epoch=10 lr=2.00e-04 G=2.319 advA2B=0.387 advB2A=0.456 cycA=0.121 cycB=0.139 idtA=0.185 idtB=0.168 D_A=0.186 D_B=0.220 D_A(real)=0.70 D_A(fake)=0.30 gnG=12.10 gnD=8.32 it_per_s=5.04
2026-10-04 04:22:27,936 INFO iter=66800 epoch=10 lr=2.00e-04 G=2.320 advA2B=0.387 advB2A=0.457 cycA=0.121 cycB=0.139 idtA=0.185 idtB=0.168 D_A=0.186 D_B=0.220 D_A(real)=0.70 D_A(fake)=0.30 gnG=12.14 gnD=8.32 it_per_s=5.04
2026-10-04 04:22:47,733 INFO iter=66900 epoch=10 lr=2.00e-04 G=2.319 advA2B=0.387 advB2A=0.457 cycA=0.121 cycB=0.139 idtA=0.185 idtB=0.168 D_A=0.186 D_B=0.221 D_A(real)=0.70 D_A(fake)=0.30 gnG=12.13 gnD=8.32 it_per_s=5.04
2026-10-04 04:23:07,553 INFO iter=67000 epoch=10 lr=2.00e-04 G=2.322 advA2B=0.387 advB2A=0.458 cycA=0.121 cycB=0.139 idtA=0.185 idtB=0.168 D_A=0.186 D_B=0.221 D_A(real)=0.70 D_A(fake)=0.30 gnG=12.17 gnD=8.32 it_per_s=5.04
2026-10-04 04:23:27,379 INFO iter=67100 epoch=10 lr=2.00e-04 G=2.325 advA2B=0.388 advB2A=0.459 cycA=0.121 cycB=0.139 idtA=0.184 idtB=0.168 D_A=0.186 D_B=0.220 D_A(real)=0.70 D_A(fake)=0.30 gnG=12.16 gnD=8.31 it_per_s=5.04
2026-10-04 04:23:47,210 INFO iter=67200 epoch=10 lr=2.00e-04 G=2.329 advA2B=0.389 advB2A=0.459 cycA=0.121 cycB=0.140 idtA=0.185 idtB=0.168 D_A=0.186 D_B=0.220 D_A(real)=0.71 D_A(fake)=0.29 gnG=12.18 gnD=8.31 it_per_s=5.04
2026-10-04 04:24:07,036 INFO iter=67300 epoch=10 lr=2.00e-04 G=2.329 advA2B=0.389 advB2A=0.459 cycA=0.121 cycB=0.140 idtA=0.185 idtB=0.169 D_A=0.186 D_B=0.220 D_A(real)=0.71 D_A(fake)=0.29 gnG=12.17 gnD=8.31 it_per_s=5.04
2026-10-04 04:24:26,902 INFO iter=67400 epoch=10 lr=2.00e-04 G=2.329 advA2B=0.389 advB2A=0.458 cycA=0.121 cycB=0.140 idtA=0.185 idtB=0.169 D_A=0.186 D_B=0.220 D_A(real)=0.71 D_A(fake)=0.29 gnG=12.18 gnD=8.32 it_per_s=5.04
2026-10-04 04:24:46,711 INFO iter=67500 epoch=10 lr=2.00e-04 G=2.329 advA2B=0.389 advB2A=0.458 cycA=0.121 cycB=0.140 idtA=0.185 idtB=0.169 D_A=0.186 D_B=0.220 D_A(real)=0.71 D_A(fake)=0.29 gnG=12.18 gnD=8.32 it_per_s=5.04
2026-10-04 04:25:06,576 INFO iter=67600 epoch=10 lr=2.00e-04 G=2.330 advA2B=0.390 advB2A=0.458 cycA=0.121 cycB=0.140 idtA=0.184 idtB=0.169 D_A=0.186 D_B=0.219 D_A(real)=0.70 D_A(fake)=0.30 gnG=12.20 gnD=8.31 it_per_s=5.04
2026-10-04 04:25:26,406 INFO iter=67700 epoch=10 lr=2.00e-04 G=2.330 advA2B=0.390 advB2A=0.458 cycA=0.121 cycB=0.140 idtA=0.184 idtB=0.169 D_A=0.186 D_B=0.219 D_A(real)=0.71 D_A(fake)=0.30 gnG=12.20 gnD=8.31 it_per_s=5.04
2026-10-04 04:25:46,200 INFO iter=67800 epoch=10 lr=2.00e-04 G=2.329 advA2B=0.389 advB2A=0.458 cycA=0.121 cycB=0.140 idtA=0.185 idtB=0.169 D_A=0.186 D_B=0.219 D_A(real)=0.70 D_A(fake)=0.30 gnG=12.18 gnD=8.30 it_per_s=5.04
2026-10-04 04:26:06,027 INFO iter=67900 epoch=10 lr=2.00e-04 G=2.329 advA2B=0.390 advB2A=0.458 cycA=0.121 cycB=0.140 idtA=0.185 idtB=0.169 D_A=0.186 D_B=0.219 D_A(real)=0.70 D_A(fake)=0.30 gnG=12.18 gnD=8.30 it_per_s=5.04
2026-10-04 04:26:25,885 INFO iter=68000 epoch=10 lr=2.00e-04 G=2.329 advA2B=0.390 advB2A=0.458 cycA=0.121 cycB=0.140 idtA=0.185 idtB=0.169 D_A=0.186 D_B=0.219 D_A(real)=0.70 D_A(fake)=0.30 gnG=12.20 gnD=8.29 it_per_s=5.04
2026-10-04 04:26:45,655 INFO iter=68100 epoch=10 lr=2.00e-04 G=2.329 advA2B=0.390 advB2A=0.458 cycA=0.121 cycB=0.140 idtA=0.185 idtB=0.169 D_A=0.186 D_B=0.219 D_A(real)=0.70 D_A(fake)=0.30 gnG=12.21 gnD=8.29 it_per_s=5.04
2026-10-04 04:27:05,505 INFO iter=68200 epoch=10 lr=2.00e-04 G=2.328 advA2B=0.391 advB2A=0.458 cycA=0.121 cycB=0.140 idtA=0.185 idtB=0.169 D_A=0.186 D_B=0.219 D_A(real)=0.70 D_A(fake)=0.30 gnG=12.22 gnD=8.29 it_per_s=5.04
2026-10-04 04:27:25,369 INFO iter=68300 epoch=10 lr=2.00e-04 G=2.330 advA2B=0.391 advB2A=0.459 cycA=0.121 cycB=0.140 idtA=0.185 idtB=0.169 D_A=0.186 D_B=0.219 D_A(real)=0.70 D_A(fake)=0.30 gnG=12.22 gnD=8.28 it_per_s=5.04
2026-10-04 04:27:45,192 INFO iter=68400 epoch=10 lr=2.00e-04 G=2.330 advA2B=0.391 advB2A=0.459 cycA=0.120 cycB=0.140 idtA=0.184 idtB=0.169 D_A=0.186 D_B=0.219 D_A(real)=0.70 D_A(fake)=0.30 gnG=12.23 gnD=8.29 it_per_s=5.04
2026-10-04 04:28:05,038 INFO iter=68500 epoch=10 lr=2.00e-04 G=2.331 advA2B=0.392 advB2A=0.460 cycA=0.120 cycB=0.140 idtA=0.184 idtB=0.169 D_A=0.186 D_B=0.218 D_A(real)=0.70 D_A(fake)=0.30 gnG=12.24 gnD=8.29 it_per_s=5.04
2026-10-04 04:28:24,921 INFO iter=68600 epoch=10 lr=2.00e-04 G=2.330 advA2B=0.392 advB2A=0.460 cycA=0.120 cycB=0.140 idtA=0.184 idtB=0.169 D_A=0.186 D_B=0.218 D_A(real)=0.71 D_A(fake)=0.29 gnG=12.25 gnD=8.29 it_per_s=5.04
2026-10-04 04:28:44,734 INFO iter=68700 epoch=10 lr=2.00e-04 G=2.329 advA2B=0.392 advB2A=0.460 cycA=0.120 cycB=0.140 idtA=0.184 idtB=0.169 D_A=0.186 D_B=0.218 D_A(real)=0.71 D_A(fake)=0.29 gnG=12.25 gnD=8.28 it_per_s=5.04
2026-10-04 04:29:04,584 INFO iter=68800 epoch=10 lr=2.00e-04 G=2.329 advA2B=0.392 advB2A=0.460 cycA=0.120 cycB=0.140 idtA=0.184 idtB=0.169 D_A=0.186 D_B=0.218 D_A(real)=0.71 D_A(fake)=0.29 gnG=12.26 gnD=8.28 it_per_s=5.04
2026-10-04 04:29:24,431 INFO iter=68900 epoch=10 lr=2.00e-04 G=2.330 advA2B=0.393 advB2A=0.460 cycA=0.120 cycB=0.140 idtA=0.184 idtB=0.169 D_A=0.185 D_B=0.218 D_A(real)=0.71 D_A(fake)=0.29 gnG=12.25 gnD=8.28 it_per_s=5.04
2026-10-04 04:29:44,270 INFO iter=69000 epoch=10 lr=2.00e-04 G=2.332 advA2B=0.393 advB2A=0.461 cycA=0.120 cycB=0.140 idtA=0.184 idtB=0.169 D_A=0.185 D_B=0.218 D_A(real)=0.71 D_A(fake)=0.29 gnG=12.24 gnD=8.27 it_per_s=5.04
2026-10-04 04:30:04,081 INFO iter=69100 epoch=10 lr=2.00e-04 G=2.332 advA2B=0.393 advB2A=0.461 cycA=0.120 cycB=0.140 idtA=0.184 idtB=0.169 D_A=0.185 D_B=0.218 D_A(real)=0.71 D_A(fake)=0.29 gnG=12.24 gnD=8.27 it_per_s=5.04
2026-10-04 04:30:23,935 INFO iter=69200 epoch=10 lr=2.00e-04 G=2.331 advA2B=0.393 advB2A=0.461 cycA=0.120 cycB=0.140 idtA=0.184 idtB=0.169 D_A=0.185 D_B=0.218 D_A(real)=0.71 D_A(fake)=0.29 gnG=12.25 gnD=8.28 it_per_s=5.04
2026-10-04 04:30:43,727 INFO iter=69300 epoch=10 lr=2.00e-04 G=2.332 advA2B=0.393 advB2A=0.461 cycA=0.120 cycB=0.140 idtA=0.184 idtB=0.169 D_A=0.185 D_B=0.217 D_A(real)=0.71 D_A(fake)=0.29 gnG=12.27 gnD=8.28 it_per_s=5.04
2026-10-04 04:31:03,562 INFO iter=69400 epoch=10 lr=2.00e-04 G=2.334 advA2B=0.393 advB2A=0.461 cycA=0.120 cycB=0.140 idtA=0.184 idtB=0.170 D_A=0.185 D_B=0.217 D_A(real)=0.71 D_A(fake)=0.29 gnG=12.32 gnD=8.28 it_per_s=5.04
2026-10-04 04:31:23,362 INFO iter=69500 epoch=10 lr=2.00e-04 G=2.337 advA2B=0.394 advB2A=0.462 cycA=0.121 cycB=0.140 idtA=0.184 idtB=0.170 D_A=0.185 D_B=0.217 D_A(real)=0.71 D_A(fake)=0.29 gnG=12.34 gnD=8.27 it_per_s=5.04
2026-10-04 04:31:43,150 INFO iter=69600 epoch=10 lr=2.00e-04 G=2.338 advA2B=0.395 advB2A=0.462 cycA=0.121 cycB=0.140 idtA=0.184 idtB=0.170 D_A=0.185 D_B=0.217 D_A(real)=0.71 D_A(fake)=0.29 gnG=12.38 gnD=8.27 it_per_s=5.04
2026-10-04 04:32:02,366 INFO iter=69700 epoch=10 lr=2.00e-04 G=2.340 advA2B=0.395 advB2A=0.464 cycA=0.121 cycB=0.140 idtA=0.184 idtB=0.170 D_A=0.184 D_B=0.217 D_A(real)=0.71 D_A(fake)=0.29 gnG=12.40 gnD=8.29 it_per_s=5.05
2026-10-04 04:32:24,453 INFO iter=69800 epoch=10 lr=2.00e-04 G=2.341 advA2B=0.396 advB2A=0.464 cycA=0.121 cycB=0.140 idtA=0.184 idtB=0.170 D_A=0.184 D_B=0.217 D_A(real)=0.71 D_A(fake)=0.29 gnG=12.41 gnD=8.29 it_per_s=5.04
2026-10-04 04:32:45,966 INFO iter=69900 epoch=10 lr=2.00e-04 G=2.340 advA2B=0.395 advB2A=0.464 cycA=0.121 cycB=0.140 idtA=0.184 idtB=0.170 D_A=0.184 D_B=0.217 D_A(real)=0.71 D_A(fake)=0.29 gnG=12.42 gnD=8.30 it_per_s=5.03
2026-10-04 04:33:09,653 INFO iter=70000 epoch=10 lr=2.00e-04 G=2.340 advA2B=0.395 advB2A=0.464 cycA=0.120 cycB=0.140 idtA=0.183 idtB=0.170 D_A=0.184 D_B=0.217 D_A(real)=0.71 D_A(fake)=0.29 gnG=12.43 gnD=8.30 it_per_s=5.02
2026-10-04 04:33:33,215 INFO iter=70100 epoch=10 lr=2.00e-04 G=2.338 advA2B=0.395 advB2A=0.464 cycA=0.120 cycB=0.140 idtA=0.184 idtB=0.170 D_A=0.184 D_B=0.217 D_A(real)=0.71 D_A(fake)=0.29 gnG=12.43 gnD=8.29 it_per_s=5.00
2026-10-04 04:33:56,237 INFO iter=70200 epoch=10 lr=2.00e-04 G=2.337 advA2B=0.394 advB2A=0.464 cycA=0.120 cycB=0.140 idtA=0.184 idtB=0.169 D_A=0.184 D_B=0.217 D_A(real)=0.71 D_A(fake)=0.29 gnG=12.45 gnD=8.29 it_per_s=4.99
2026-10-04 04:34:17,550 INFO iter=70300 epoch=10 lr=2.00e-04 G=2.336 advA2B=0.394 advB2A=0.465 cycA=0.120 cycB=0.140 idtA=0.183 idtB=0.169 D_A=0.184 D_B=0.217 D_A(real)=0.71 D_A(fake)=0.29 gnG=12.45 gnD=8.29 it_per_s=4.99
2026-10-04 04:34:33,441 INFO epoch=10 done time_s=1411 it_per_s=4.99 G=2.336 cycA=0.120 cycB=0.140 idtA=0.183 idtB=0.169 D_A=0.184 D_B=0.217 D_A(real)=0.71 D_A(fake)=0.29 nan_count=0
2026-10-04 04:34:38,288 INFO iter=70400 epoch=11 lr=2.00e-04 G=2.345 advA2B=0.423 advB2A=0.473 cycA=0.116 cycB=0.140 idtA=0.185 idtB=0.158 D_A=0.177 D_B=0.214 D_A(real)=0.73 D_A(fake)=0.27 gnG=13.13 gnD=8.41 it_per_s=5.03
2026-10-04 04:35:01,630 INFO iter=70500 epoch=11 lr=2.00e-04 G=2.317 advA2B=0.413 advB2A=0.483 cycA=0.113 cycB=0.137 idtA=0.173 idtB=0.172 D_A=0.181 D_B=0.220 D_A(real)=0.72 D_A(fake)=0.28 gnG=13.03 gnD=8.56 it_per_s=4.39
2026-10-04 04:35:23,870 INFO iter=70600 epoch=11 lr=2.00e-04 G=2.382 advA2B=0.390 advB2A=0.518 cycA=0.118 cycB=0.141 idtA=0.177 idtB=0.178 D_A=0.175 D_B=0.217 D_A(real)=0.74 D_A(fake)=0.26 gnG=13.10 gnD=8.52 it_per_s=4.44
2026-10-04 04:35:45,850 INFO iter=70700 epoch=11 lr=2.00e-04 G=2.388 advA2B=0.387 advB2A=0.513 cycA=0.119 cycB=0.142 idtA=0.182 idtB=0.182 D_A=0.174 D_B=0.218 D_A(real)=0.74 D_A(fake)=0.26 gnG=12.73 gnD=8.54 it_per_s=4.47
2026-10-04 04:36:09,468 INFO iter=70800 epoch=11 lr=2.00e-04 G=2.372 advA2B=0.383 advB2A=0.512 cycA=0.119 cycB=0.141 idtA=0.180 idtB=0.176 D_A=0.177 D_B=0.215 D_A(real)=0.74 D_A(fake)=0.26 gnG=12.74 gnD=8.51 it_per_s=4.41
2026-10-04 04:36:32,880 INFO iter=70900 epoch=11 lr=2.00e-04 G=2.381 advA2B=0.388 advB2A=0.505 cycA=0.120 cycB=0.141 idtA=0.182 idtB=0.177 D_A=0.177 D_B=0.216 D_A(real)=0.74 D_A(fake)=0.26 gnG=12.69 gnD=8.46 it_per_s=4.39
2026-10-04 04:36:53,281 INFO iter=71000 epoch=11 lr=2.00e-04 G=2.373 advA2B=0.385 advB2A=0.503 cycA=0.121 cycB=0.140 idtA=0.183 idtB=0.177 D_A=0.177 D_B=0.217 D_A(real)=0.74 D_A(fake)=0.26 gnG=12.63 gnD=8.37 it_per_s=4.46
2026-10-04 04:37:13,124 INFO iter=71100 epoch=11 lr=2.00e-04 G=2.374 advA2B=0.391 advB2A=0.500 cycA=0.120 cycB=0.141 idtA=0.181 idtB=0.176 D_A=0.178 D_B=0.216 D_A(real)=0.73 D_A(fake)=0.27 gnG=12.66 gnD=8.35 it_per_s=4.53
2026-10-04 04:37:33,048 INFO iter=71200 epoch=11 lr=2.00e-04 G=2.378 advA2B=0.390 advB2A=0.496 cycA=0.121 cycB=0.142 idtA=0.182 idtB=0.177 D_A=0.177 D_B=0.216 D_A(real)=0.73 D_A(fake)=0.27 gnG=12.76 gnD=8.32 it_per_s=4.59
2026-10-04 04:37:52,877 INFO iter=71300 epoch=11 lr=2.00e-04 G=2.376 advA2B=0.388 advB2A=0.495 cycA=0.121 cycB=0.142 idtA=0.183 idtB=0.177 D_A=0.176 D_B=0.215 D_A(real)=0.73 D_A(fake)=0.27 gnG=12.66 gnD=8.28 it_per_s=4.63
2026-10-04 04:38:12,752 INFO iter=71400 epoch=11 lr=2.00e-04 G=2.378 advA2B=0.385 advB2A=0.496 cycA=0.121 cycB=0.143 idtA=0.183 idtB=0.177 D_A=0.175 D_B=0.215 D_A(real)=0.74 D_A(fake)=0.26 gnG=12.70 gnD=8.28 it_per_s=4.67
2026-10-04 04:38:32,599 INFO iter=71500 epoch=11 lr=2.00e-04 G=2.373 advA2B=0.382 advB2A=0.497 cycA=0.121 cycB=0.142 idtA=0.183 idtB=0.175 D_A=0.176 D_B=0.217 D_A(real)=0.74 D_A(fake)=0.26 gnG=12.65 gnD=8.30 it_per_s=4.70
2026-10-04 04:38:52,440 INFO iter=71600 epoch=11 lr=2.00e-04 G=2.363 advA2B=0.381 advB2A=0.495 cycA=0.121 cycB=0.141 idtA=0.184 idtB=0.174 D_A=0.177 D_B=0.217 D_A(real)=0.73 D_A(fake)=0.27 gnG=12.55 gnD=8.31 it_per_s=4.73
2026-10-04 04:39:12,280 INFO iter=71700 epoch=11 lr=2.00e-04 G=2.358 advA2B=0.380 advB2A=0.495 cycA=0.120 cycB=0.141 idtA=0.183 idtB=0.174 D_A=0.177 D_B=0.217 D_A(real)=0.73 D_A(fake)=0.27 gnG=12.44 gnD=8.29 it_per_s=4.75
2026-10-04 04:39:32,155 INFO iter=71800 epoch=11 lr=2.00e-04 G=2.356 advA2B=0.381 advB2A=0.493 cycA=0.120 cycB=0.141 idtA=0.182 idtB=0.173 D_A=0.178 D_B=0.217 D_A(real)=0.73 D_A(fake)=0.27 gnG=12.44 gnD=8.31 it_per_s=4.77
2026-10-04 04:39:52,019 INFO iter=71900 epoch=11 lr=2.00e-04 G=2.356 advA2B=0.381 advB2A=0.490 cycA=0.120 cycB=0.141 idtA=0.184 idtB=0.173 D_A=0.177 D_B=0.217 D_A(real)=0.73 D_A(fake)=0.27 gnG=12.42 gnD=8.29 it_per_s=4.78
2026-10-04 04:40:11,849 INFO iter=72000 epoch=11 lr=2.00e-04 G=2.355 advA2B=0.383 advB2A=0.488 cycA=0.120 cycB=0.141 idtA=0.183 idtB=0.173 D_A=0.177 D_B=0.217 D_A(real)=0.73 D_A(fake)=0.27 gnG=12.44 gnD=8.30 it_per_s=4.80
2026-10-04 04:40:31,687 INFO iter=72100 epoch=11 lr=2.00e-04 G=2.355 advA2B=0.384 advB2A=0.489 cycA=0.120 cycB=0.141 idtA=0.183 idtB=0.172 D_A=0.176 D_B=0.216 D_A(real)=0.73 D_A(fake)=0.27 gnG=12.43 gnD=8.31 it_per_s=4.81
2026-10-04 04:40:51,521 INFO iter=72200 epoch=11 lr=2.00e-04 G=2.355 advA2B=0.385 advB2A=0.491 cycA=0.120 cycB=0.141 idtA=0.184 idtB=0.172 D_A=0.177 D_B=0.217 D_A(real)=0.73 D_A(fake)=0.27 gnG=12.43 gnD=8.32 it_per_s=4.82
2026-10-04 04:41:11,417 INFO iter=72300 epoch=11 lr=2.00e-04 G=2.362 advA2B=0.386 advB2A=0.494 cycA=0.120 cycB=0.141 idtA=0.184 idtB=0.172 D_A=0.177 D_B=0.216 D_A(real)=0.73 D_A(fake)=0.27 gnG=12.48 gnD=8.33 it_per_s=4.83
2026-10-04 04:41:31,503 INFO iter=72400 epoch=11 lr=2.00e-04 G=2.363 advA2B=0.385 advB2A=0.493 cycA=0.120 cycB=0.142 idtA=0.183 idtB=0.172 D_A=0.177 D_B=0.216 D_A(real)=0.73 D_A(fake)=0.27 gnG=12.45 gnD=8.35 it_per_s=4.84
2026-10-04 04:41:51,319 INFO iter=72500 epoch=11 lr=2.00e-04 G=2.361 advA2B=0.384 advB2A=0.493 cycA=0.120 cycB=0.142 idtA=0.183 idtB=0.172 D_A=0.177 D_B=0.216 D_A(real)=0.73 D_A(fake)=0.27 gnG=12.49 gnD=8.34 it_per_s=4.85
2026-10-04 04:42:11,182 INFO iter=72600 epoch=11 lr=2.00e-04 G=2.361 advA2B=0.383 advB2A=0.494 cycA=0.119 cycB=0.142 idtA=0.184 idtB=0.171 D_A=0.177 D_B=0.216 D_A(real)=0.73 D_A(fake)=0.27 gnG=12.48 gnD=8.35 it_per_s=4.86
2026-10-04 04:42:31,062 INFO iter=72700 epoch=11 lr=2.00e-04 G=2.359 advA2B=0.383 advB2A=0.494 cycA=0.119 cycB=0.142 idtA=0.184 idtB=0.171 D_A=0.177 D_B=0.216 D_A(real)=0.73 D_A(fake)=0.27 gnG=12.54 gnD=8.39 it_per_s=4.87
2026-10-04 04:42:50,884 INFO iter=72800 epoch=11 lr=2.00e-04 G=2.356 advA2B=0.381 advB2A=0.494 cycA=0.119 cycB=0.142 idtA=0.183 idtB=0.171 D_A=0.176 D_B=0.216 D_A(real)=0.73 D_A(fake)=0.27 gnG=12.55 gnD=8.41 it_per_s=4.87
2026-10-04 04:43:10,751 INFO iter=72900 epoch=11 lr=2.00e-04 G=2.355 advA2B=0.381 advB2A=0.496 cycA=0.119 cycB=0.141 idtA=0.184 idtB=0.170 D_A=0.176 D_B=0.217 D_A(real)=0.73 D_A(fake)=0.27 gnG=12.57 gnD=8.42 it_per_s=4.88
2026-10-04 04:43:30,636 INFO iter=73000 epoch=11 lr=2.00e-04 G=2.356 advA2B=0.381 advB2A=0.496 cycA=0.119 cycB=0.141 idtA=0.184 idtB=0.170 D_A=0.176 D_B=0.217 D_A(real)=0.73 D_A(fake)=0.27 gnG=12.55 gnD=8.42 it_per_s=4.89
2026-10-04 04:43:50,482 INFO iter=73100 epoch=11 lr=2.00e-04 G=2.354 advA2B=0.381 advB2A=0.496 cycA=0.119 cycB=0.141 idtA=0.184 idtB=0.170 D_A=0.176 D_B=0.217 D_A(real)=0.73 D_A(fake)=0.27 gnG=12.50 gnD=8.43 it_per_s=4.89
2026-10-04 04:44:10,295 INFO iter=73200 epoch=11 lr=2.00e-04 G=2.351 advA2B=0.382 advB2A=0.495 cycA=0.119 cycB=0.141 idtA=0.184 idtB=0.170 D_A=0.176 D_B=0.217 D_A(real)=0.73 D_A(fake)=0.27 gnG=12.50 gnD=8.43 it_per_s=4.90
2026-10-04 04:44:30,141 INFO iter=73300 epoch=11 lr=2.00e-04 G=2.349 advA2B=0.381 advB2A=0.495 cycA=0.119 cycB=0.141 idtA=0.183 idtB=0.169 D_A=0.176 D_B=0.217 D_A(real)=0.73 D_A(fake)=0.27 gnG=12.47 gnD=8.42 it_per_s=4.90
2026-10-04 04:44:49,901 INFO iter=73400 epoch=11 lr=2.00e-04 G=2.346 advA2B=0.381 advB2A=0.495 cycA=0.118 cycB=0.140 idtA=0.183 idtB=0.169 D_A=0.176 D_B=0.217 D_A(real)=0.73 D_A(fake)=0.27 gnG=12.44 gnD=8.41 it_per_s=4.91
2026-10-04 04:45:09,720 INFO iter=73500 epoch=11 lr=2.00e-04 G=2.348 advA2B=0.380 advB2A=0.496 cycA=0.118 cycB=0.140 idtA=0.183 idtB=0.169 D_A=0.176 D_B=0.217 D_A(real)=0.73 D_A(fake)=0.27 gnG=12.47 gnD=8.40 it_per_s=4.91
2026-10-04 04:45:29,534 INFO iter=73600 epoch=11 lr=2.00e-04 G=2.344 advA2B=0.380 advB2A=0.497 cycA=0.118 cycB=0.140 idtA=0.183 idtB=0.169 D_A=0.176 D_B=0.217 D_A(real)=0.73 D_A(fake)=0.27 gnG=12.44 gnD=8.40 it_per_s=4.91
2026-10-04 04:45:49,326 INFO iter=73700 epoch=11 lr=2.00e-04 G=2.343 advA2B=0.380 advB2A=0.497 cycA=0.118 cycB=0.140 idtA=0.183 idtB=0.169 D_A=0.176 D_B=0.218 D_A(real)=0.73 D_A(fake)=0.27 gnG=12.42 gnD=8.40 it_per_s=4.92
2026-10-04 04:46:09,133 INFO iter=73800 epoch=11 lr=2.00e-04 G=2.339 advA2B=0.379 advB2A=0.498 cycA=0.118 cycB=0.140 idtA=0.183 idtB=0.168 D_A=0.176 D_B=0.218 D_A(real)=0.73 D_A(fake)=0.27 gnG=12.40 gnD=8.40 it_per_s=4.92
2026-10-04 04:46:28,962 INFO iter=73900 epoch=11 lr=2.00e-04 G=2.341 advA2B=0.379 advB2A=0.498 cycA=0.118 cycB=0.140 idtA=0.183 idtB=0.168 D_A=0.175 D_B=0.218 D_A(real)=0.73 D_A(fake)=0.27 gnG=12.38 gnD=8.40 it_per_s=4.93
2026-10-04 04:46:48,812 INFO iter=74000 epoch=11 lr=2.00e-04 G=2.342 advA2B=0.381 advB2A=0.497 cycA=0.118 cycB=0.140 idtA=0.183 idtB=0.168 D_A=0.176 D_B=0.218 D_A(real)=0.73 D_A(fake)=0.27 gnG=12.38 gnD=8.41 it_per_s=4.93
2026-10-04 04:47:08,634 INFO iter=74100 epoch=11 lr=2.00e-04 G=2.341 advA2B=0.381 advB2A=0.498 cycA=0.118 cycB=0.139 idtA=0.183 idtB=0.168 D_A=0.175 D_B=0.218 D_A(real)=0.74 D_A(fake)=0.26 gnG=12.41 gnD=8.41 it_per_s=4.93
2026-10-04 04:47:28,458 INFO iter=74200 epoch=11 lr=2.00e-04 G=2.340 advA2B=0.380 advB2A=0.497 cycA=0.118 cycB=0.139 idtA=0.183 idtB=0.168 D_A=0.175 D_B=0.218 D_A(real)=0.74 D_A(fake)=0.26 gnG=12.40 gnD=8.41 it_per_s=4.93
2026-10-04 04:47:48,326 INFO iter=74300 epoch=11 lr=2.00e-04 G=2.339 advA2B=0.380 advB2A=0.498 cycA=0.118 cycB=0.139 idtA=0.183 idtB=0.168 D_A=0.175 D_B=0.218 D_A(real)=0.74 D_A(fake)=0.26 gnG=12.39 gnD=8.42 it_per_s=4.94
2026-10-04 04:48:08,192 INFO iter=74400 epoch=11 lr=2.00e-04 G=2.339 advA2B=0.380 advB2A=0.499 cycA=0.118 cycB=0.139 idtA=0.183 idtB=0.168 D_A=0.175 D_B=0.218 D_A(real)=0.74 D_A(fake)=0.26 gnG=12.39 gnD=8.42 it_per_s=4.94
2026-10-04 04:48:28,096 INFO iter=74500 epoch=11 lr=2.00e-04 G=2.339 advA2B=0.380 advB2A=0.499 cycA=0.118 cycB=0.139 idtA=0.183 idtB=0.168 D_A=0.175 D_B=0.218 D_A(real)=0.74 D_A(fake)=0.26 gnG=12.38 gnD=8.42 it_per_s=4.94
2026-10-04 04:48:47,993 INFO iter=74600 epoch=11 lr=2.00e-04 G=2.340 advA2B=0.380 advB2A=0.499 cycA=0.118 cycB=0.139 idtA=0.183 idtB=0.168 D_A=0.175 D_B=0.218 D_A(real)=0.74 D_A(fake)=0.26 gnG=12.38 gnD=8.43 it_per_s=4.94
2026-10-04 04:49:07,828 INFO iter=74700 epoch=11 lr=2.00e-04 G=2.340 advA2B=0.380 advB2A=0.499 cycA=0.118 cycB=0.139 idtA=0.183 idtB=0.167 D_A=0.175 D_B=0.218 D_A(real)=0.74 D_A(fake)=0.26 gnG=12.38 gnD=8.43 it_per_s=4.95
2026-10-04 04:49:27,664 INFO iter=74800 epoch=11 lr=2.00e-04 G=2.340 advA2B=0.379 advB2A=0.500 cycA=0.118 cycB=0.139 idtA=0.184 idtB=0.167 D_A=0.174 D_B=0.218 D_A(real)=0.74 D_A(fake)=0.26 gnG=12.38 gnD=8.44 it_per_s=4.95
2026-10-04 04:49:47,507 INFO iter=74900 epoch=11 lr=2.00e-04 G=2.340 advA2B=0.379 advB2A=0.500 cycA=0.118 cycB=0.139 idtA=0.184 idtB=0.167 D_A=0.174 D_B=0.218 D_A(real)=0.74 D_A(fake)=0.26 gnG=12.35 gnD=8.45 it_per_s=4.95
2026-10-04 04:50:07,452 INFO iter=75000 epoch=11 lr=2.00e-04 G=2.341 advA2B=0.380 advB2A=0.501 cycA=0.118 cycB=0.139 idtA=0.184 idtB=0.167 D_A=0.174 D_B=0.218 D_A(real)=0.74 D_A(fake)=0.26 gnG=12.39 gnD=8.44 it_per_s=4.95
2026-10-04 04:50:27,350 INFO iter=75100 epoch=11 lr=2.00e-04 G=2.340 advA2B=0.380 advB2A=0.501 cycA=0.118 cycB=0.139 idtA=0.183 idtB=0.167 D_A=0.174 D_B=0.218 D_A(real)=0.74 D_A(fake)=0.26 gnG=12.38 gnD=8.45 it_per_s=4.95
2026-10-04 04:50:47,188 INFO iter=75200 epoch=11 lr=2.00e-04 G=2.341 advA2B=0.380 advB2A=0.502 cycA=0.118 cycB=0.139 idtA=0.184 idtB=0.167 D_A=0.173 D_B=0.218 D_A(real)=0.74 D_A(fake)=0.26 gnG=12.36 gnD=8.44 it_per_s=4.95
2026-10-04 04:51:06,515 INFO iter=75300 epoch=11 lr=2.00e-04 G=2.340 advA2B=0.380 advB2A=0.502 cycA=0.118 cycB=0.139 idtA=0.183 idtB=0.167 D_A=0.173 D_B=0.218 D_A(real)=0.74 D_A(fake)=0.26 gnG=12.36 gnD=8.45 it_per_s=4.96
2026-10-04 04:51:26,356 INFO iter=75400 epoch=11 lr=2.00e-04 G=2.340 advA2B=0.381 advB2A=0.503 cycA=0.118 cycB=0.139 idtA=0.183 idtB=0.167 D_A=0.173 D_B=0.218 D_A(real)=0.74 D_A(fake)=0.26 gnG=12.37 gnD=8.45 it_per_s=4.96
2026-10-04 04:51:46,136 INFO iter=75500 epoch=11 lr=2.00e-04 G=2.341 advA2B=0.381 advB2A=0.504 cycA=0.118 cycB=0.139 idtA=0.183 idtB=0.167 D_A=0.173 D_B=0.217 D_A(real)=0.74 D_A(fake)=0.26 gnG=12.38 gnD=8.46 it_per_s=4.96
2026-10-04 04:52:05,935 INFO iter=75600 epoch=11 lr=2.00e-04 G=2.341 advA2B=0.381 advB2A=0.504 cycA=0.118 cycB=0.139 idtA=0.183 idtB=0.167 D_A=0.173 D_B=0.217 D_A(real)=0.74 D_A(fake)=0.26 gnG=12.39 gnD=8.46 it_per_s=4.96
2026-10-04 04:52:25,749 INFO iter=75700 epoch=11 lr=2.00e-04 G=2.341 advA2B=0.381 advB2A=0.504 cycA=0.118 cycB=0.139 idtA=0.183 idtB=0.167 D_A=0.172 D_B=0.217 D_A(real)=0.74 D_A(fake)=0.26 gnG=12.39 gnD=8.46 it_per_s=4.97
2026-10-04 04:52:45,589 INFO iter=75800 epoch=11 lr=2.00e-04 G=2.341 advA2B=0.382 advB2A=0.504 cycA=0.117 cycB=0.139 idtA=0.183 idtB=0.167 D_A=0.172 D_B=0.217 D_A(real)=0.74 D_A(fake)=0.26 gnG=12.38 gnD=8.45 it_per_s=4.97
2026-10-04 04:53:05,443 INFO iter=75900 epoch=11 lr=2.00e-04 G=2.341 advA2B=0.382 advB2A=0.504 cycA=0.117 cycB=0.139 idtA=0.183 idtB=0.167 D_A=0.172 D_B=0.218 D_A(real)=0.74 D_A(fake)=0.26 gnG=12.40 gnD=8.45 it_per_s=4.97
2026-10-04 04:53:25,356 INFO iter=76000 epoch=11 lr=2.00e-04 G=2.341 advA2B=0.382 advB2A=0.504 cycA=0.117 cycB=0.139 idtA=0.183 idtB=0.167 D_A=0.172 D_B=0.217 D_A(real)=0.74 D_A(fake)=0.26 gnG=12.43 gnD=8.45 it_per_s=4.97
2026-10-04 04:53:45,161 INFO iter=76100 epoch=11 lr=2.00e-04 G=2.342 advA2B=0.383 advB2A=0.504 cycA=0.117 cycB=0.139 idtA=0.183 idtB=0.166 D_A=0.172 D_B=0.217 D_A(real)=0.74 D_A(fake)=0.26 gnG=12.43 gnD=8.44 it_per_s=4.97
2026-10-04 04:54:04,993 INFO iter=76200 epoch=11 lr=2.00e-04 G=2.341 advA2B=0.382 advB2A=0.505 cycA=0.117 cycB=0.139 idtA=0.183 idtB=0.166 D_A=0.172 D_B=0.217 D_A(real)=0.74 D_A(fake)=0.26 gnG=12.43 gnD=8.44 it_per_s=4.97
2026-10-04 04:54:24,815 INFO iter=76300 epoch=11 lr=2.00e-04 G=2.339 advA2B=0.382 advB2A=0.504 cycA=0.117 cycB=0.138 idtA=0.183 idtB=0.166 D_A=0.172 D_B=0.217 D_A(real)=0.74 D_A(fake)=0.26 gnG=12.43 gnD=8.44 it_per_s=4.97
2026-10-04 04:54:44,642 INFO iter=76400 epoch=11 lr=2.00e-04 G=2.341 advA2B=0.383 advB2A=0.505 cycA=0.117 cycB=0.139 idtA=0.183 idtB=0.166 D_A=0.172 D_B=0.217 D_A(real)=0.74 D_A(fake)=0.26 gnG=12.42 gnD=8.44 it_per_s=4.97
2026-10-04 04:55:04,458 INFO iter=76500 epoch=11 lr=2.00e-04 G=2.342 advA2B=0.383 advB2A=0.505 cycA=0.117 cycB=0.139 idtA=0.183 idtB=0.166 D_A=0.172 D_B=0.217 D_A(real)=0.75 D_A(fake)=0.25 gnG=12.43 gnD=8.44 it_per_s=4.97
2026-10-04 04:55:24,315 INFO iter=76600 epoch=11 lr=2.00e-04 G=2.343 advA2B=0.383 advB2A=0.505 cycA=0.117 cycB=0.139 idtA=0.183 idtB=0.166 D_A=0.172 D_B=0.217 D_A(real)=0.75 D_A(fake)=0.25 gnG=12.44 gnD=8.43 it_per_s=4.98
2026-10-04 04:55:44,134 INFO iter=76700 epoch=11 lr=2.00e-04 G=2.344 advA2B=0.383 advB2A=0.505 cycA=0.117 cycB=0.139 idtA=0.183 idtB=0.166 D_A=0.171 D_B=0.217 D_A(real)=0.75 D_A(fake)=0.25 gnG=12.47 gnD=8.42 it_per_s=4.98
2026-10-04 04:56:03,949 INFO iter=76800 epoch=11 lr=2.00e-04 G=2.344 advA2B=0.383 advB2A=0.506 cycA=0.117 cycB=0.139 idtA=0.183 idtB=0.166 D_A=0.171 D_B=0.217 D_A(real)=0.75 D_A(fake)=0.25 gnG=12.47 gnD=8.42 it_per_s=4.98
2026-10-04 04:56:23,777 INFO iter=76900 epoch=11 lr=2.00e-04 G=2.344 advA2B=0.383 advB2A=0.506 cycA=0.117 cycB=0.139 idtA=0.183 idtB=0.166 D_A=0.171 D_B=0.217 D_A(real)=0.75 D_A(fake)=0.25 gnG=12.48 gnD=8.42 it_per_s=4.98
2026-10-04 04:56:43,609 INFO iter=77000 epoch=11 lr=2.00e-04 G=2.344 advA2B=0.383 advB2A=0.506 cycA=0.117 cycB=0.139 idtA=0.183 idtB=0.166 D_A=0.171 D_B=0.217 D_A(real)=0.75 D_A(fake)=0.25 gnG=12.50 gnD=8.42 it_per_s=4.98
2026-10-04 04:57:03,455 INFO iter=77100 epoch=11 lr=2.00e-04 G=2.345 advA2B=0.383 advB2A=0.506 cycA=0.117 cycB=0.139 idtA=0.183 idtB=0.166 D_A=0.171 D_B=0.217 D_A(real)=0.75 D_A(fake)=0.25 gnG=12.51 gnD=8.43 it_per_s=4.98
2026-10-04 04:57:23,308 INFO iter=77200 epoch=11 lr=2.00e-04 G=2.344 advA2B=0.383 advB2A=0.507 cycA=0.117 cycB=0.139 idtA=0.183 idtB=0.166 D_A=0.171 D_B=0.217 D_A(real)=0.75 D_A(fake)=0.25 gnG=12.51 gnD=8.43 it_per_s=4.98
2026-10-04 04:57:43,137 INFO iter=77300 epoch=11 lr=2.00e-04 G=2.342 advA2B=0.383 advB2A=0.506 cycA=0.117 cycB=0.139 idtA=0.183 idtB=0.166 D_A=0.171 D_B=0.217 D_A(real)=0.75 D_A(fake)=0.25 gnG=12.51 gnD=8.42 it_per_s=4.98
2026-10-04 04:58:02,972 INFO iter=77400 epoch=11 lr=2.00e-04 G=2.342 advA2B=0.383 advB2A=0.507 cycA=0.117 cycB=0.139 idtA=0.183 idtB=0.165 D_A=0.171 D_B=0.217 D_A(real)=0.75 D_A(fake)=0.25 gnG=12.52 gnD=8.42 it_per_s=4.98
2026-10-04 04:58:06,540 INFO epoch=11 done time_s=1412 it_per_s=4.98 G=2.343 cycA=0.117 cycB=0.139 idtA=0.183 idtB=0.166 D_A=0.171 D_B=0.217 D_A(real)=0.75 D_A(fake)=0.25 nan_count=0
2026-10-04 04:58:23,587 INFO iter=77500 epoch=12 lr=2.00e-04 G=2.318 advA2B=0.381 advB2A=0.508 cycA=0.118 cycB=0.132 idtA=0.188 idtB=0.164 D_A=0.160 D_B=0.232 D_A(real)=0.77 D_A(fake)=0.22 gnG=13.72 gnD=8.63 it_per_s=5.04
2026-10-04 04:58:43,454 INFO iter=77600 epoch=12 lr=2.00e-04 G=2.358 advA2B=0.408 advB2A=0.524 cycA=0.114 cycB=0.137 idtA=0.183 idtB=0.164 D_A=0.158 D_B=0.224 D_A(real)=0.78 D_A(fake)=0.22 gnG=12.92 gnD=8.39 it_per_s=5.03
2026-10-04 04:59:03,296 INFO iter=77700 epoch=12 lr=2.00e-04 G=2.348 advA2B=0.412 advB2A=0.513 cycA=0.114 cycB=0.135 idtA=0.183 idtB=0.166 D_A=0.162 D_B=0.220 D_A(real)=0.77 D_A(fake)=0.23 gnG=12.65 gnD=8.50 it_per_s=5.04
2026-10-04 04:59:23,112 INFO iter=77800 epoch=12 lr=2.00e-04 G=2.367 advA2B=0.406 advB2A=0.517 cycA=0.116 cycB=0.139 idtA=0.179 idtB=0.166 D_A=0.162 D_B=0.218 D_A(real)=0.77 D_A(fake)=0.23 gnG=13.18 gnD=8.61 it_per_s=5.04
2026-10-04 04:59:42,977 INFO iter=77900 epoch=12 lr=2.00e-04 G=2.357 advA2B=0.397 advB2A=0.518 cycA=0.115 cycB=0.139 idtA=0.177 idtB=0.165 D_A=0.161 D_B=0.218 D_A(real)=0.78 D_A(fake)=0.22 gnG=13.09 gnD=8.59 it_per_s=5.04
2026-10-04 05:00:02,827 INFO iter=78000 epoch=12 lr=2.00e-04 G=2.351 advA2B=0.396 advB2A=0.516 cycA=0.115 cycB=0.139 idtA=0.178 idtB=0.165 D_A=0.162 D_B=0.217 D_A(real)=0.77 D_A(fake)=0.23 gnG=12.87 gnD=8.52 it_per_s=5.04
2026-10-04 05:00:22,720 INFO iter=78100 epoch=12 lr=2.00e-04 G=2.340 advA2B=0.391 advB2A=0.515 cycA=0.114 cycB=0.139 idtA=0.177 idtB=0.166 D_A=0.164 D_B=0.216 D_A(real)=0.77 D_A(fake)=0.23 gnG=12.80 gnD=8.48 it_per_s=5.04
2026-10-04 05:00:42,533 INFO iter=78200 epoch=12 lr=2.00e-04 G=2.330 advA2B=0.384 advB2A=0.511 cycA=0.114 cycB=0.139 idtA=0.176 idtB=0.167 D_A=0.164 D_B=0.217 D_A(real)=0.76 D_A(fake)=0.24 gnG=12.70 gnD=8.50 it_per_s=5.04
2026-10-04 05:01:02,373 INFO iter=78300 epoch=12 lr=2.00e-04 G=2.331 advA2B=0.386 advB2A=0.516 cycA=0.114 cycB=0.138 idtA=0.175 idtB=0.165 D_A=0.162 D_B=0.217 D_A(real)=0.76 D_A(fake)=0.24 gnG=12.78 gnD=8.43 it_per_s=5.04
2026-10-04 05:01:22,276 INFO iter=78400 epoch=12 lr=2.00e-04 G=2.335 advA2B=0.386 advB2A=0.515 cycA=0.115 cycB=0.138 idtA=0.177 idtB=0.166 D_A=0.162 D_B=0.217 D_A(real)=0.76 D_A(fake)=0.24 gnG=12.73 gnD=8.39 it_per_s=5.04
2026-10-04 05:01:42,088 INFO iter=78500 epoch=12 lr=2.00e-04 G=2.331 advA2B=0.387 advB2A=0.512 cycA=0.114 cycB=0.138 idtA=0.178 idtB=0.166 D_A=0.161 D_B=0.216 D_A(real)=0.77 D_A(fake)=0.23 gnG=12.71 gnD=8.44 it_per_s=5.04
2026-10-04 05:02:01,977 INFO iter=78600 epoch=12 lr=2.00e-04 G=2.328 advA2B=0.386 advB2A=0.512 cycA=0.114 cycB=0.137 idtA=0.178 idtB=0.166 D_A=0.162 D_B=0.216 D_A(real)=0.77 D_A(fake)=0.23 gnG=12.62 gnD=8.45 it_per_s=5.04
2026-10-04 05:02:21,852 INFO iter=78700 epoch=12 lr=2.00e-04 G=2.334 advA2B=0.386 advB2A=0.517 cycA=0.114 cycB=0.137 idtA=0.179 idtB=0.165 D_A=0.162 D_B=0.216 D_A(real)=0.77 D_A(fake)=0.23 gnG=12.86 gnD=8.42 it_per_s=5.04
2026-10-04 05:02:41,652 INFO iter=78800 epoch=12 lr=2.00e-04 G=2.341 advA2B=0.389 advB2A=0.522 cycA=0.115 cycB=0.137 idtA=0.179 idtB=0.165 D_A=0.161 D_B=0.215 D_A(real)=0.77 D_A(fake)=0.23 gnG=12.80 gnD=8.43 it_per_s=5.04
2026-10-04 05:03:01,427 INFO iter=78900 epoch=12 lr=2.00e-04 G=2.340 advA2B=0.388 advB2A=0.522 cycA=0.115 cycB=0.137 idtA=0.179 idtB=0.164 D_A=0.162 D_B=0.215 D_A(real)=0.77 D_A(fake)=0.23 gnG=12.80 gnD=8.48 it_per_s=5.04
2026-10-04 05:03:21,245 INFO iter=79000 epoch=12 lr=2.00e-04 G=2.339 advA2B=0.389 advB2A=0.524 cycA=0.114 cycB=0.137 idtA=0.179 idtB=0.163 D_A=0.162 D_B=0.214 D_A(real)=0.77 D_A(fake)=0.23 gnG=12.75 gnD=8.48 it_per_s=5.04
2026-10-04 05:03:41,055 INFO iter=79100 epoch=12 lr=2.00e-04 G=2.339 advA2B=0.390 advB2A=0.525 cycA=0.114 cycB=0.137 idtA=0.179 idtB=0.162 D_A=0.161 D_B=0.214 D_A(real)=0.77 D_A(fake)=0.23 gnG=12.83 gnD=8.47 it_per_s=5.04
2026-10-04 05:04:00,883 INFO iter=79200 epoch=12 lr=2.00e-04 G=2.343 advA2B=0.391 advB2A=0.526 cycA=0.115 cycB=0.136 idtA=0.179 idtB=0.162 D_A=0.161 D_B=0.214 D_A(real)=0.77 D_A(fake)=0.23 gnG=12.92 gnD=8.50 it_per_s=5.04
2026-10-04 05:04:20,741 INFO iter=79300 epoch=12 lr=2.00e-04 G=2.343 advA2B=0.391 advB2A=0.526 cycA=0.115 cycB=0.136 idtA=0.180 idtB=0.161 D_A=0.161 D_B=0.214 D_A(real)=0.77 D_A(fake)=0.23 gnG=12.90 gnD=8.50 it_per_s=5.04
2026-10-04 05:04:40,533 INFO iter=79400 epoch=12 lr=2.00e-04 G=2.348 advA2B=0.392 advB2A=0.526 cycA=0.116 cycB=0.136 idtA=0.180 idtB=0.161 D_A=0.161 D_B=0.214 D_A(real)=0.78 D_A(fake)=0.22 gnG=12.95 gnD=8.48 it_per_s=5.04
2026-10-04 05:05:00,357 INFO iter=79500 epoch=12 lr=2.00e-04 G=2.350 advA2B=0.393 advB2A=0.525 cycA=0.115 cycB=0.137 idtA=0.180 idtB=0.162 D_A=0.161 D_B=0.214 D_A(real)=0.78 D_A(fake)=0.22 gnG=13.00 gnD=8.48 it_per_s=5.04
2026-10-04 05:05:20,190 INFO iter=79600 epoch=12 lr=2.00e-04 G=2.350 advA2B=0.393 advB2A=0.524 cycA=0.116 cycB=0.137 idtA=0.180 idtB=0.162 D_A=0.161 D_B=0.214 D_A(real)=0.77 D_A(fake)=0.23 gnG=13.03 gnD=8.52 it_per_s=5.04
2026-10-04 05:05:40,027 INFO iter=79700 epoch=12 lr=2.00e-04 G=2.349 advA2B=0.393 advB2A=0.524 cycA=0.116 cycB=0.136 idtA=0.180 idtB=0.162 D_A=0.162 D_B=0.214 D_A(real)=0.77 D_A(fake)=0.23 gnG=12.99 gnD=8.52 it_per_s=5.04
2026-10-04 05:05:59,879 INFO iter=79800 epoch=12 lr=2.00e-04 G=2.354 advA2B=0.394 advB2A=0.526 cycA=0.116 cycB=0.137 idtA=0.180 idtB=0.162 D_A=0.161 D_B=0.214 D_A(real)=0.77 D_A(fake)=0.23 gnG=13.00 gnD=8.52 it_per_s=5.04
2026-10-04 05:06:19,697 INFO iter=79900 epoch=12 lr=2.00e-04 G=2.351 advA2B=0.394 advB2A=0.526 cycA=0.115 cycB=0.137 idtA=0.179 idtB=0.161 D_A=0.162 D_B=0.214 D_A(real)=0.77 D_A(fake)=0.23 gnG=13.02 gnD=8.55 it_per_s=5.04
2026-10-04 05:06:39,533 INFO iter=80000 epoch=12 lr=2.00e-04 G=2.349 advA2B=0.394 advB2A=0.524 cycA=0.115 cycB=0.137 idtA=0.179 idtB=0.161 D_A=0.162 D_B=0.214 D_A(real)=0.77 D_A(fake)=0.23 gnG=13.03 gnD=8.53 it_per_s=5.04
2026-10-04 05:06:59,410 INFO iter=80100 epoch=12 lr=2.00e-04 G=2.346 advA2B=0.394 advB2A=0.524 cycA=0.115 cycB=0.136 idtA=0.179 idtB=0.161 D_A=0.162 D_B=0.214 D_A(real)=0.77 D_A(fake)=0.23 gnG=13.01 gnD=8.54 it_per_s=5.04
2026-10-04 05:07:19,252 INFO iter=80200 epoch=12 lr=2.00e-04 G=2.347 advA2B=0.394 advB2A=0.525 cycA=0.115 cycB=0.136 idtA=0.180 idtB=0.161 D_A=0.162 D_B=0.214 D_A(real)=0.77 D_A(fake)=0.23 gnG=13.08 gnD=8.56 it_per_s=5.04
2026-10-04 05:07:39,087 INFO iter=80300 epoch=12 lr=2.00e-04 G=2.346 advA2B=0.394 advB2A=0.525 cycA=0.115 cycB=0.136 idtA=0.179 idtB=0.161 D_A=0.162 D_B=0.214 D_A(real)=0.77 D_A(fake)=0.23 gnG=13.09 gnD=8.56 it_per_s=5.04
2026-10-04 05:07:58,918 INFO iter=80400 epoch=12 lr=2.00e-04 G=2.347 advA2B=0.394 advB2A=0.525 cycA=0.115 cycB=0.136 idtA=0.180 idtB=0.161 D_A=0.161 D_B=0.214 D_A(real)=0.77 D_A(fake)=0.23 gnG=13.06 gnD=8.55 it_per_s=5.04
2026-10-04 05:08:18,762 INFO iter=80500 epoch=12 lr=2.00e-04 G=2.345 advA2B=0.393 advB2A=0.524 cycA=0.115 cycB=0.136 idtA=0.180 idtB=0.161 D_A=0.161 D_B=0.214 D_A(real)=0.77 D_A(fake)=0.23 gnG=13.01 gnD=8.55 it_per_s=5.04
2026-10-04 05:08:38,581 INFO iter=80600 epoch=12 lr=2.00e-04 G=2.348 advA2B=0.393 advB2A=0.525 cycA=0.115 cycB=0.137 idtA=0.181 idtB=0.162 D_A=0.161 D_B=0.214 D_A(real)=0.77 D_A(fake)=0.23 gnG=13.04 gnD=8.54 it_per_s=5.04
2026-10-04 05:08:58,397 INFO iter=80700 epoch=12 lr=2.00e-04 G=2.348 advA2B=0.394 advB2A=0.525 cycA=0.115 cycB=0.137 idtA=0.181 idtB=0.162 D_A=0.162 D_B=0.214 D_A(real)=0.77 D_A(fake)=0.23 gnG=13.04 gnD=8.55 it_per_s=5.04
2026-10-04 05:09:18,246 INFO iter=80800 epoch=12 lr=2.00e-04 G=2.348 advA2B=0.394 advB2A=0.524 cycA=0.115 cycB=0.136 idtA=0.181 idtB=0.162 D_A=0.161 D_B=0.213 D_A(real)=0.77 D_A(fake)=0.23 gnG=13.03 gnD=8.54 it_per_s=5.04
2026-10-04 05:09:37,451 INFO iter=80900 epoch=12 lr=2.00e-04 G=2.347 advA2B=0.394 advB2A=0.524 cycA=0.115 cycB=0.136 idtA=0.181 idtB=0.162 D_A=0.162 D_B=0.213 D_A(real)=0.77 D_A(fake)=0.23 gnG=13.00 gnD=8.54 it_per_s=5.05
2026-10-04 05:09:57,308 INFO iter=81000 epoch=12 lr=2.00e-04 G=2.350 advA2B=0.395 advB2A=0.525 cycA=0.115 cycB=0.136 idtA=0.181 idtB=0.162 D_A=0.161 D_B=0.213 D_A(real)=0.77 D_A(fake)=0.23 gnG=13.01 gnD=8.55 it_per_s=5.04
2026-10-04 05:10:20,744 INFO iter=81100 epoch=12 lr=2.00e-04 G=2.351 advA2B=0.395 advB2A=0.526 cycA=0.115 cycB=0.136 idtA=0.181 idtB=0.162 D_A=0.161 D_B=0.213 D_A(real)=0.77 D_A(fake)=0.23 gnG=13.04 gnD=8.55 it_per_s=5.02
2026-10-04 05:10:44,481 INFO iter=81200 epoch=12 lr=2.00e-04 G=2.353 advA2B=0.397 advB2A=0.527 cycA=0.115 cycB=0.136 idtA=0.181 idtB=0.162 D_A=0.161 D_B=0.213 D_A(real)=0.77 D_A(fake)=0.23 gnG=13.03 gnD=8.54 it_per_s=4.99
2026-10-04 05:11:06,603 INFO iter=81300 epoch=12 lr=2.00e-04 G=2.356 advA2B=0.398 advB2A=0.528 cycA=0.115 cycB=0.136 idtA=0.181 idtB=0.162 D_A=0.161 D_B=0.213 D_A(real)=0.77 D_A(fake)=0.23 gnG=13.06 gnD=8.56 it_per_s=4.98
2026-10-04 05:11:28,821 INFO iter=81400 epoch=12 lr=2.00e-04 G=2.354 advA2B=0.398 advB2A=0.528 cycA=0.115 cycB=0.136 idtA=0.181 idtB=0.162 D_A=0.161 D_B=0.213 D_A(real)=0.77 D_A(fake)=0.23 gnG=13.05 gnD=8.56 it_per_s=4.97
2026-10-04 05:11:52,379 INFO iter=81500 epoch=12 lr=2.00e-04 G=2.355 advA2B=0.397 advB2A=0.528 cycA=0.115 cycB=0.136 idtA=0.181 idtB=0.162 D_A=0.161 D_B=0.213 D_A(real)=0.77 D_A(fake)=0.23 gnG=13.09 gnD=8.56 it_per_s=4.95
2026-10-04 05:12:15,907 INFO iter=81600 epoch=12 lr=2.00e-04 G=2.357 advA2B=0.398 advB2A=0.528 cycA=0.115 cycB=0.136 idtA=0.181 idtB=0.162 D_A=0.161 D_B=0.213 D_A(real)=0.77 D_A(fake)=0.23 gnG=13.07 gnD=8.58 it_per_s=4.93
2026-10-04 05:12:39,144 INFO iter=81700 epoch=12 lr=2.00e-04 G=2.355 advA2B=0.398 advB2A=0.527 cycA=0.115 cycB=0.136 idtA=0.181 idtB=0.162 D_A=0.160 D_B=0.213 D_A(real)=0.77 D_A(fake)=0.23 gnG=13.06 gnD=8.58 it_per_s=4.91
2026-10-04 05:13:00,037 INFO iter=81800 epoch=12 lr=2.00e-04 G=2.355 advA2B=0.397 advB2A=0.528 cycA=0.115 cycB=0.136 idtA=0.181 idtB=0.162 D_A=0.160 D_B=0.213 D_A(real)=0.77 D_A(fake)=0.23 gnG=13.06 gnD=8.58 it_per_s=4.91
2026-10-04 05:13:19,864 INFO iter=81900 epoch=12 lr=2.00e-04 G=2.355 advA2B=0.397 advB2A=0.528 cycA=0.115 cycB=0.137 idtA=0.181 idtB=0.162 D_A=0.160 D_B=0.212 D_A(real)=0.77 D_A(fake)=0.23 gnG=13.10 gnD=8.58 it_per_s=4.91
2026-10-04 05:13:39,676 INFO iter=82000 epoch=12 lr=2.00e-04 G=2.356 advA2B=0.398 advB2A=0.528 cycA=0.115 cycB=0.137 idtA=0.181 idtB=0.162 D_A=0.160 D_B=0.213 D_A(real)=0.77 D_A(fake)=0.23 gnG=13.12 gnD=8.59 it_per_s=4.91
2026-10-04 05:13:59,520 INFO iter=82100 epoch=12 lr=2.00e-04 G=2.357 advA2B=0.398 advB2A=0.529 cycA=0.115 cycB=0.137 idtA=0.181 idtB=0.162 D_A=0.160 D_B=0.212 D_A(real)=0.77 D_A(fake)=0.23 gnG=13.11 gnD=8.59 it_per_s=4.92
2026-10-04 05:14:19,365 INFO iter=82200 epoch=12 lr=2.00e-04 G=2.356 advA2B=0.398 advB2A=0.530 cycA=0.115 cycB=0.136 idtA=0.181 idtB=0.161 D_A=0.160 D_B=0.212 D_A(real)=0.77 D_A(fake)=0.23 gnG=13.09 gnD=8.60 it_per_s=4.92
2026-10-04 05:14:39,187 INFO iter=82300 epoch=12 lr=2.00e-04 G=2.358 advA2B=0.398 advB2A=0.530 cycA=0.115 cycB=0.137 idtA=0.181 idtB=0.162 D_A=0.160 D_B=0.212 D_A(real)=0.77 D_A(fake)=0.23 gnG=13.06 gnD=8.61 it_per_s=4.92
2026-10-04 05:14:59,006 INFO iter=82400 epoch=12 lr=2.00e-04 G=2.360 advA2B=0.399 advB2A=0.531 cycA=0.115 cycB=0.137 idtA=0.181 idtB=0.162 D_A=0.160 D_B=0.212 D_A(real)=0.77 D_A(fake)=0.23 gnG=13.05 gnD=8.61 it_per_s=4.92
2026-10-04 05:15:18,835 INFO iter=82500 epoch=12 lr=2.00e-04 G=2.361 advA2B=0.399 advB2A=0.531 cycA=0.115 cycB=0.137 idtA=0.181 idtB=0.162 D_A=0.160 D_B=0.212 D_A(real)=0.77 D_A(fake)=0.23 gnG=13.05 gnD=8.61 it_per_s=4.93
2026-10-04 05:15:38,663 INFO iter=82600 epoch=12 lr=2.00e-04 G=2.361 advA2B=0.399 advB2A=0.531 cycA=0.115 cycB=0.137 idtA=0.181 idtB=0.162 D_A=0.160 D_B=0.212 D_A(real)=0.77 D_A(fake)=0.23 gnG=13.02 gnD=8.61 it_per_s=4.93
2026-10-04 05:15:58,483 INFO iter=82700 epoch=12 lr=2.00e-04 G=2.362 advA2B=0.399 advB2A=0.531 cycA=0.115 cycB=0.137 idtA=0.181 idtB=0.162 D_A=0.160 D_B=0.212 D_A(real)=0.77 D_A(fake)=0.23 gnG=13.00 gnD=8.61 it_per_s=4.93
2026-10-04 05:16:18,330 INFO iter=82800 epoch=12 lr=2.00e-04 G=2.361 advA2B=0.399 advB2A=0.531 cycA=0.115 cycB=0.137 idtA=0.182 idtB=0.162 D_A=0.160 D_B=0.212 D_A(real)=0.77 D_A(fake)=0.23 gnG=12.98 gnD=8.61 it_per_s=4.93
2026-10-04 05:16:38,205 INFO iter=82900 epoch=12 lr=2.00e-04 G=2.360 advA2B=0.399 advB2A=0.531 cycA=0.115 cycB=0.137 idtA=0.182 idtB=0.162 D_A=0.160 D_B=0.212 D_A(real)=0.77 D_A(fake)=0.23 gnG=12.97 gnD=8.61 it_per_s=4.93
2026-10-04 05:16:57,957 INFO iter=83000 epoch=12 lr=2.00e-04 G=2.360 advA2B=0.400 advB2A=0.531 cycA=0.115 cycB=0.137 idtA=0.182 idtB=0.162 D_A=0.160 D_B=0.212 D_A(real)=0.77 D_A(fake)=0.23 gnG=12.95 gnD=8.61 it_per_s=4.94
2026-10-04 05:17:17,783 INFO iter=83100 epoch=12 lr=2.00e-04 G=2.360 advA2B=0.400 advB2A=0.530 cycA=0.115 cycB=0.137 idtA=0.181 idtB=0.162 D_A=0.160 D_B=0.212 D_A(real)=0.77 D_A(fake)=0.23 gnG=12.94 gnD=8.62 it_per_s=4.94
2026-10-04 05:17:37,621 INFO iter=83200 epoch=12 lr=2.00e-04 G=2.359 advA2B=0.400 advB2A=0.531 cycA=0.115 cycB=0.137 idtA=0.181 idtB=0.162 D_A=0.160 D_B=0.212 D_A(real)=0.77 D_A(fake)=0.23 gnG=12.91 gnD=8.62 it_per_s=4.94
2026-10-04 05:17:57,405 INFO iter=83300 epoch=12 lr=2.00e-04 G=2.359 advA2B=0.400 advB2A=0.531 cycA=0.115 cycB=0.137 idtA=0.181 idtB=0.161 D_A=0.160 D_B=0.212 D_A(real)=0.77 D_A(fake)=0.23 gnG=12.89 gnD=8.62 it_per_s=4.94
2026-10-04 05:18:17,196 INFO iter=83400 epoch=12 lr=2.00e-04 G=2.358 advA2B=0.400 advB2A=0.531 cycA=0.115 cycB=0.136 idtA=0.181 idtB=0.161 D_A=0.160 D_B=0.212 D_A(real)=0.77 D_A(fake)=0.23 gnG=12.89 gnD=8.61 it_per_s=4.94
2026-10-04 05:18:37,046 INFO iter=83500 epoch=12 lr=2.00e-04 G=2.358 advA2B=0.400 advB2A=0.530 cycA=0.115 cycB=0.136 idtA=0.181 idtB=0.161 D_A=0.160 D_B=0.212 D_A(real)=0.77 D_A(fake)=0.23 gnG=12.90 gnD=8.61 it_per_s=4.95
2026-10-04 05:18:56,881 INFO iter=83600 epoch=12 lr=2.00e-04 G=2.358 advA2B=0.400 advB2A=0.530 cycA=0.115 cycB=0.136 idtA=0.181 idtB=0.161 D_A=0.160 D_B=0.212 D_A(real)=0.77 D_A(fake)=0.23 gnG=12.90 gnD=8.61 it_per_s=4.95
2026-10-04 05:19:16,741 INFO iter=83700 epoch=12 lr=2.00e-04 G=2.358 advA2B=0.400 advB2A=0.531 cycA=0.115 cycB=0.136 idtA=0.182 idtB=0.161 D_A=0.160 D_B=0.212 D_A(real)=0.77 D_A(fake)=0.23 gnG=12.88 gnD=8.61 it_per_s=4.95
2026-10-04 05:19:36,552 INFO iter=83800 epoch=12 lr=2.00e-04 G=2.357 advA2B=0.400 advB2A=0.531 cycA=0.115 cycB=0.136 idtA=0.182 idtB=0.161 D_A=0.160 D_B=0.211 D_A(real)=0.77 D_A(fake)=0.23 gnG=12.85 gnD=8.61 it_per_s=4.95
2026-10-04 05:19:56,380 INFO iter=83900 epoch=12 lr=2.00e-04 G=2.356 advA2B=0.400 advB2A=0.531 cycA=0.115 cycB=0.136 idtA=0.182 idtB=0.161 D_A=0.159 D_B=0.211 D_A(real)=0.77 D_A(fake)=0.22 gnG=12.85 gnD=8.61 it_per_s=4.95
2026-10-04 05:20:16,211 INFO iter=84000 epoch=12 lr=2.00e-04 G=2.358 advA2B=0.401 advB2A=0.531 cycA=0.115 cycB=0.136 idtA=0.182 idtB=0.161 D_A=0.159 D_B=0.211 D_A(real)=0.78 D_A(fake)=0.22 gnG=12.84 gnD=8.62 it_per_s=4.95
2026-10-04 05:20:35,991 INFO iter=84100 epoch=12 lr=2.00e-04 G=2.357 advA2B=0.401 advB2A=0.531 cycA=0.115 cycB=0.136 idtA=0.182 idtB=0.161 D_A=0.159 D_B=0.211 D_A(real)=0.78 D_A(fake)=0.22 gnG=12.82 gnD=8.61 it_per_s=4.95
2026-10-04 05:20:55,762 INFO iter=84200 epoch=12 lr=2.00e-04 G=2.356 advA2B=0.401 advB2A=0.531 cycA=0.114 cycB=0.136 idtA=0.182 idtB=0.161 D_A=0.159 D_B=0.211 D_A(real)=0.78 D_A(fake)=0.22 gnG=12.79 gnD=8.61 it_per_s=4.96
2026-10-04 05:21:15,653 INFO iter=84300 epoch=12 lr=2.00e-04 G=2.356 advA2B=0.401 advB2A=0.531 cycA=0.115 cycB=0.136 idtA=0.181 idtB=0.161 D_A=0.159 D_B=0.211 D_A(real)=0.78 D_A(fake)=0.22 gnG=12.80 gnD=8.61 it_per_s=4.96
2026-10-04 05:21:35,492 INFO iter=84400 epoch=12 lr=2.00e-04 G=2.356 advA2B=0.401 advB2A=0.531 cycA=0.114 cycB=0.136 idtA=0.181 idtB=0.161 D_A=0.159 D_B=0.211 D_A(real)=0.78 D_A(fake)=0.22 gnG=12.79 gnD=8.61 it_per_s=4.96
2026-10-04 05:21:46,616 INFO epoch=12 done time_s=1419 it_per_s=4.96 G=2.356 cycA=0.114 cycB=0.136 idtA=0.181 idtB=0.161 D_A=0.159 D_B=0.211 D_A(real)=0.78 D_A(fake)=0.22 nan_count=0
2026-10-04 05:21:56,123 INFO iter=84500 epoch=13 lr=2.00e-04 G=2.445 advA2B=0.411 advB2A=0.575 cycA=0.110 cycB=0.147 idtA=0.180 idtB=0.168 D_A=0.154 D_B=0.206 D_A(real)=0.80 D_A(fake)=0.22 gnG=12.11 gnD=7.84 it_per_s=5.01
2026-10-04 05:22:15,962 INFO iter=84600 epoch=13 lr=2.00e-04 G=2.384 advA2B=0.414 advB2A=0.552 cycA=0.113 cycB=0.136 idtA=0.183 idtB=0.164 D_A=0.147 D_B=0.211 D_A(real)=0.81 D_A(fake)=0.20 gnG=12.52 gnD=8.29 it_per_s=5.03
2026-10-04 05:22:35,810 INFO iter=84700 epoch=13 lr=2.00e-04 G=2.362 advA2B=0.419 advB2A=0.555 cycA=0.112 cycB=0.132 idtA=0.184 idtB=0.156 D_A=0.154 D_B=0.211 D_A(real)=0.79 D_A(fake)=0.21 gnG=12.11 gnD=8.29 it_per_s=5.03
2026-10-04 05:22:55,671 INFO iter=84800 epoch=13 lr=2.00e-04 G=2.347 advA2B=0.413 advB2A=0.548 cycA=0.112 cycB=0.131 idtA=0.181 idtB=0.157 D_A=0.152 D_B=0.210 D_A(real)=0.79 D_A(fake)=0.21 gnG=11.84 gnD=8.37 it_per_s=5.03
2026-10-04 05:23:15,512 INFO iter=84900 epoch=13 lr=2.00e-04 G=2.345 advA2B=0.417 advB2A=0.544 cycA=0.111 cycB=0.132 idtA=0.184 idtB=0.155 D_A=0.152 D_B=0.210 D_A(real)=0.79 D_A(fake)=0.21 gnG=12.06 gnD=8.43 it_per_s=5.04
2026-10-04 05:23:35,365 INFO iter=85000 epoch=13 lr=2.00e-04 G=2.341 advA2B=0.414 advB2A=0.545 cycA=0.110 cycB=0.132 idtA=0.181 idtB=0.155 D_A=0.153 D_B=0.210 D_A(real)=0.79 D_A(fake)=0.21 gnG=11.96 gnD=8.38 it_per_s=5.04
2026-10-04 05:23:55,181 INFO iter=85100 epoch=13 lr=2.00e-04 G=2.329 advA2B=0.413 advB2A=0.539 cycA=0.110 cycB=0.131 idtA=0.181 idtB=0.156 D_A=0.153 D_B=0.211 D_A(real)=0.79 D_A(fake)=0.21 gnG=11.82 gnD=8.39 it_per_s=5.04
2026-10-04 05:24:15,053 INFO iter=85200 epoch=13 lr=2.00e-04 G=2.329 advA2B=0.412 advB2A=0.539 cycA=0.110 cycB=0.132 idtA=0.181 idtB=0.156 D_A=0.153 D_B=0.209 D_A(real)=0.79 D_A(fake)=0.21 gnG=11.95 gnD=8.38 it_per_s=5.04
2026-10-04 05:24:34,890 INFO iter=85300 epoch=13 lr=2.00e-04 G=2.330 advA2B=0.412 advB2A=0.540 cycA=0.110 cycB=0.131 idtA=0.181 idtB=0.156 D_A=0.152 D_B=0.210 D_A(real)=0.79 D_A(fake)=0.21 gnG=11.82 gnD=8.44 it_per_s=5.04
2026-10-04 05:24:54,776 INFO iter=85400 epoch=13 lr=2.00e-04 G=2.341 advA2B=0.413 advB2A=0.542 cycA=0.111 cycB=0.133 idtA=0.180 idtB=0.157 D_A=0.153 D_B=0.209 D_A(real)=0.79 D_A(fake)=0.21 gnG=11.85 gnD=8.51 it_per_s=5.04
2026-10-04 05:25:14,633 INFO iter=85500 epoch=13 lr=2.00e-04 G=2.340 advA2B=0.414 advB2A=0.542 cycA=0.110 cycB=0.133 idtA=0.178 idtB=0.157 D_A=0.153 D_B=0.208 D_A(real)=0.79 D_A(fake)=0.21 gnG=11.83 gnD=8.55 it_per_s=5.04
2026-10-04 05:25:34,446 INFO iter=85600 epoch=13 lr=2.00e-04 G=2.354 advA2B=0.415 advB2A=0.544 cycA=0.111 cycB=0.135 idtA=0.180 idtB=0.158 D_A=0.155 D_B=0.208 D_A(real)=0.79 D_A(fake)=0.21 gnG=11.99 gnD=8.54 it_per_s=5.04
2026-10-04 05:25:54,247 INFO iter=85700 epoch=13 lr=2.00e-04 G=2.375 advA2B=0.416 advB2A=0.555 cycA=0.112 cycB=0.135 idtA=0.182 idtB=0.159 D_A=0.154 D_B=0.208 D_A(real)=0.79 D_A(fake)=0.21 gnG=11.95 gnD=8.56 it_per_s=5.04
2026-10-04 05:26:14,119 INFO iter=85800 epoch=13 lr=2.00e-04 G=2.375 advA2B=0.417 advB2A=0.552 cycA=0.112 cycB=0.135 idtA=0.182 idtB=0.158 D_A=0.154 D_B=0.207 D_A(real)=0.79 D_A(fake)=0.21 gnG=11.90 gnD=8.57 it_per_s=5.04
2026-10-04 05:26:33,965 INFO iter=85900 epoch=13 lr=2.00e-04 G=2.376 advA2B=0.418 advB2A=0.551 cycA=0.112 cycB=0.135 idtA=0.183 idtB=0.159 D_A=0.154 D_B=0.207 D_A(real)=0.79 D_A(fake)=0.21 gnG=11.92 gnD=8.57 it_per_s=5.04
2026-10-04 05:26:53,835 INFO iter=86000 epoch=13 lr=2.00e-04 G=2.377 advA2B=0.420 advB2A=0.549 cycA=0.112 cycB=0.135 idtA=0.183 idtB=0.159 D_A=0.154 D_B=0.207 D_A(real)=0.79 D_A(fake)=0.21 gnG=11.96 gnD=8.56 it_per_s=5.04
2026-10-04 05:27:13,729 INFO iter=86100 epoch=13 lr=2.00e-04 G=2.376 advA2B=0.421 advB2A=0.547 cycA=0.112 cycB=0.135 idtA=0.182 idtB=0.159 D_A=0.154 D_B=0.207 D_A(real)=0.79 D_A(fake)=0.21 gnG=11.93 gnD=8.55 it_per_s=5.04
2026-10-04 05:27:33,589 INFO iter=86200 epoch=13 lr=2.00e-04 G=2.379 advA2B=0.421 advB2A=0.545 cycA=0.113 cycB=0.136 idtA=0.182 idtB=0.160 D_A=0.154 D_B=0.206 D_A(real)=0.79 D_A(fake)=0.21 gnG=12.03 gnD=8.54 it_per_s=5.04
2026-10-04 05:27:53,496 INFO iter=86300 epoch=13 lr=2.00e-04 G=2.379 advA2B=0.420 advB2A=0.545 cycA=0.113 cycB=0.136 idtA=0.182 idtB=0.160 D_A=0.154 D_B=0.206 D_A(real)=0.79 D_A(fake)=0.21 gnG=12.04 gnD=8.55 it_per_s=5.04
2026-10-04 05:28:13,274 INFO iter=86400 epoch=13 lr=2.00e-04 G=2.375 advA2B=0.418 advB2A=0.545 cycA=0.113 cycB=0.136 idtA=0.182 idtB=0.159 D_A=0.155 D_B=0.207 D_A(real)=0.79 D_A(fake)=0.21 gnG=12.10 gnD=8.55 it_per_s=5.04
2026-10-04 05:28:33,067 INFO iter=86500 epoch=13 lr=2.00e-04 G=2.381 advA2B=0.418 advB2A=0.546 cycA=0.113 cycB=0.136 idtA=0.183 idtB=0.160 D_A=0.156 D_B=0.207 D_A(real)=0.79 D_A(fake)=0.21 gnG=12.07 gnD=8.56 it_per_s=5.04
2026-10-04 05:28:52,419 INFO iter=86600 epoch=13 lr=2.00e-04 G=2.381 advA2B=0.416 advB2A=0.546 cycA=0.113 cycB=0.136 idtA=0.183 idtB=0.160 D_A=0.156 D_B=0.207 D_A(real)=0.79 D_A(fake)=0.21 gnG=12.13 gnD=8.53 it_per_s=5.04
2026-10-04 05:29:12,274 INFO iter=86700 epoch=13 lr=2.00e-04 G=2.378 advA2B=0.415 advB2A=0.545 cycA=0.113 cycB=0.136 idtA=0.183 idtB=0.160 D_A=0.155 D_B=0.207 D_A(real)=0.79 D_A(fake)=0.21 gnG=12.10 gnD=8.50 it_per_s=5.04
2026-10-04 05:29:32,084 INFO iter=86800 epoch=13 lr=2.00e-04 G=2.377 advA2B=0.414 advB2A=0.547 cycA=0.113 cycB=0.136 idtA=0.183 idtB=0.160 D_A=0.155 D_B=0.207 D_A(real)=0.79 D_A(fake)=0.21 gnG=12.07 gnD=8.50 it_per_s=5.04
2026-10-04 05:29:51,897 INFO iter=86900 epoch=13 lr=2.00e-04 G=2.380 advA2B=0.415 advB2A=0.547 cycA=0.113 cycB=0.136 idtA=0.182 idtB=0.160 D_A=0.154 D_B=0.206 D_A(real)=0.79 D_A(fake)=0.21 gnG=12.12 gnD=8.50 it_per_s=5.04
2026-10-04 05:30:11,753 INFO iter=87000 epoch=13 lr=2.00e-04 G=2.382 advA2B=0.415 advB2A=0.549 cycA=0.113 cycB=0.136 idtA=0.182 idtB=0.159 D_A=0.154 D_B=0.206 D_A(real)=0.79 D_A(fake)=0.21 gnG=12.14 gnD=8.51 it_per_s=5.04
2026-10-04 05:30:31,607 INFO iter=87100 epoch=13 lr=2.00e-04 G=2.381 advA2B=0.414 advB2A=0.548 cycA=0.113 cycB=0.136 idtA=0.182 idtB=0.160 D_A=0.154 D_B=0.206 D_A(real)=0.79 D_A(fake)=0.21 gnG=12.16 gnD=8.50 it_per_s=5.04
2026-10-04 05:30:51,442 INFO iter=87200 epoch=13 lr=2.00e-04 G=2.381 advA2B=0.414 advB2A=0.549 cycA=0.113 cycB=0.136 idtA=0.182 idtB=0.160 D_A=0.154 D_B=0.206 D_A(real)=0.79 D_A(fake)=0.21 gnG=12.20 gnD=8.52 it_per_s=5.04
2026-10-04 05:31:11,272 INFO iter=87300 epoch=13 lr=2.00e-04 G=2.383 advA2B=0.416 advB2A=0.550 cycA=0.113 cycB=0.136 idtA=0.182 idtB=0.160 D_A=0.154 D_B=0.206 D_A(real)=0.79 D_A(fake)=0.21 gnG=12.24 gnD=8.54 it_per_s=5.04
2026-10-04 05:31:31,143 INFO iter=87400 epoch=13 lr=2.00e-04 G=2.381 advA2B=0.414 advB2A=0.549 cycA=0.113 cycB=0.136 idtA=0.182 idtB=0.160 D_A=0.154 D_B=0.206 D_A(real)=0.79 D_A(fake)=0.21 gnG=12.25 gnD=8.54 it_per_s=5.04
2026-10-04 05:31:50,947 INFO iter=87500 epoch=13 lr=2.00e-04 G=2.380 advA2B=0.415 advB2A=0.550 cycA=0.113 cycB=0.136 idtA=0.182 idtB=0.160 D_A=0.154 D_B=0.206 D_A(real)=0.79 D_A(fake)=0.21 gnG=12.28 gnD=8.53 it_per_s=5.04
2026-10-04 05:32:10,731 INFO iter=87600 epoch=13 lr=2.00e-04 G=2.389 advA2B=0.417 advB2A=0.551 cycA=0.114 cycB=0.136 idtA=0.182 idtB=0.160 D_A=0.153 D_B=0.205 D_A(real)=0.79 D_A(fake)=0.21 gnG=12.36 gnD=8.54 it_per_s=5.04
2026-10-04 05:32:30,550 INFO iter=87700 epoch=13 lr=2.00e-04 G=2.390 advA2B=0.418 advB2A=0.552 cycA=0.114 cycB=0.136 idtA=0.182 idtB=0.160 D_A=0.153 D_B=0.205 D_A(real)=0.79 D_A(fake)=0.21 gnG=12.43 gnD=8.53 it_per_s=5.04
2026-10-04 05:32:50,425 INFO iter=87800 epoch=13 lr=2.00e-04 G=2.390 advA2B=0.418 advB2A=0.552 cycA=0.114 cycB=0.136 idtA=0.182 idtB=0.160 D_A=0.153 D_B=0.204 D_A(real)=0.79 D_A(fake)=0.21 gnG=12.46 gnD=8.54 it_per_s=5.04
2026-10-04 05:33:10,237 INFO iter=87900 epoch=13 lr=2.00e-04 G=2.389 advA2B=0.419 advB2A=0.552 cycA=0.114 cycB=0.136 idtA=0.182 idtB=0.160 D_A=0.153 D_B=0.204 D_A(real)=0.79 D_A(fake)=0.21 gnG=12.48 gnD=8.54 it_per_s=5.04
2026-10-04 05:33:30,103 INFO iter=88000 epoch=13 lr=2.00e-04 G=2.390 advA2B=0.420 advB2A=0.552 cycA=0.114 cycB=0.136 idtA=0.181 idtB=0.160 D_A=0.153 D_B=0.204 D_A(real)=0.79 D_A(fake)=0.21 gnG=12.50 gnD=8.53 it_per_s=5.04
2026-10-04 05:33:49,908 INFO iter=88100 epoch=13 lr=2.00e-04 G=2.400 advA2B=0.421 advB2A=0.558 cycA=0.114 cycB=0.136 idtA=0.181 idtB=0.160 D_A=0.153 D_B=0.203 D_A(real)=0.79 D_A(fake)=0.21 gnG=12.55 gnD=8.55 it_per_s=5.04
2026-10-04 05:34:09,755 INFO iter=88200 epoch=13 lr=2.00e-04 G=2.409 advA2B=0.421 advB2A=0.563 cycA=0.114 cycB=0.137 idtA=0.181 idtB=0.160 D_A=0.152 D_B=0.203 D_A(real)=0.79 D_A(fake)=0.20 gnG=12.55 gnD=8.54 it_per_s=5.04
2026-10-04 05:34:29,534 INFO iter=88300 epoch=13 lr=2.00e-04 G=2.415 advA2B=0.423 advB2A=0.564 cycA=0.114 cycB=0.137 idtA=0.181 idtB=0.160 D_A=0.152 D_B=0.203 D_A(real)=0.80 D_A(fake)=0.20 gnG=12.55 gnD=8.52 it_per_s=5.04
2026-10-04 05:34:49,407 INFO iter=88400 epoch=13 lr=2.00e-04 G=2.412 advA2B=0.423 advB2A=0.563 cycA=0.114 cycB=0.137 idtA=0.181 idtB=0.160 D_A=0.152 D_B=0.203 D_A(real)=0.80 D_A(fake)=0.20 gnG=12.51 gnD=8.52 it_per_s=5.04
2026-10-04 05:35:09,150 INFO iter=88500 epoch=13 lr=2.00e-04 G=2.409 advA2B=0.423 advB2A=0.562 cycA=0.114 cycB=0.137 idtA=0.181 idtB=0.160 D_A=0.152 D_B=0.203 D_A(real)=0.80 D_A(fake)=0.20 gnG=12.51 gnD=8.53 it_per_s=5.04
2026-10-04 05:35:28,987 INFO iter=88600 epoch=13 lr=2.00e-04 G=2.408 advA2B=0.424 advB2A=0.561 cycA=0.114 cycB=0.137 idtA=0.180 idtB=0.160 D_A=0.152 D_B=0.203 D_A(real)=0.80 D_A(fake)=0.20 gnG=12.51 gnD=8.54 it_per_s=5.04
2026-10-04 05:35:48,773 INFO iter=88700 epoch=13 lr=2.00e-04 G=2.408 advA2B=0.425 advB2A=0.561 cycA=0.114 cycB=0.136 idtA=0.180 idtB=0.160 D_A=0.152 D_B=0.203 D_A(real)=0.80 D_A(fake)=0.20 gnG=12.52 gnD=8.53 it_per_s=5.04
2026-10-04 05:36:08,597 INFO iter=88800 epoch=13 lr=2.00e-04 G=2.407 advA2B=0.424 advB2A=0.561 cycA=0.114 cycB=0.137 idtA=0.181 idtB=0.160 D_A=0.152 D_B=0.203 D_A(real)=0.80 D_A(fake)=0.20 gnG=12.51 gnD=8.52 it_per_s=5.04
2026-10-04 05:36:28,436 INFO iter=88900 epoch=13 lr=2.00e-04 G=2.406 advA2B=0.423 advB2A=0.561 cycA=0.114 cycB=0.136 idtA=0.181 idtB=0.160 D_A=0.152 D_B=0.203 D_A(real)=0.80 D_A(fake)=0.20 gnG=12.52 gnD=8.52 it_per_s=5.04
2026-10-04 05:36:48,280 INFO iter=89000 epoch=13 lr=2.00e-04 G=2.405 advA2B=0.424 advB2A=0.562 cycA=0.114 cycB=0.136 idtA=0.181 idtB=0.159 D_A=0.152 D_B=0.203 D_A(real)=0.80 D_A(fake)=0.20 gnG=12.53 gnD=8.52 it_per_s=5.04
2026-10-04 05:37:08,101 INFO iter=89100 epoch=13 lr=2.00e-04 G=2.404 advA2B=0.423 advB2A=0.562 cycA=0.114 cycB=0.136 idtA=0.181 idtB=0.159 D_A=0.152 D_B=0.203 D_A(real)=0.80 D_A(fake)=0.20 gnG=12.51 gnD=8.53 it_per_s=5.04
2026-10-04 05:37:27,963 INFO iter=89200 epoch=13 lr=2.00e-04 G=2.404 advA2B=0.423 advB2A=0.562 cycA=0.114 cycB=0.136 idtA=0.181 idtB=0.160 D_A=0.151 D_B=0.203 D_A(real)=0.80 D_A(fake)=0.20 gnG=12.50 gnD=8.53 it_per_s=5.04
2026-10-04 05:37:47,768 INFO iter=89300 epoch=13 lr=2.00e-04 G=2.402 advA2B=0.423 advB2A=0.561 cycA=0.114 cycB=0.136 idtA=0.181 idtB=0.160 D_A=0.152 D_B=0.203 D_A(real)=0.80 D_A(fake)=0.20 gnG=12.48 gnD=8.52 it_per_s=5.04
2026-10-04 05:38:07,559 INFO iter=89400 epoch=13 lr=2.00e-04 G=2.400 advA2B=0.422 advB2A=0.561 cycA=0.114 cycB=0.136 idtA=0.181 idtB=0.160 D_A=0.152 D_B=0.203 D_A(real)=0.80 D_A(fake)=0.20 gnG=12.46 gnD=8.52 it_per_s=5.04
2026-10-04 05:38:27,400 INFO iter=89500 epoch=13 lr=2.00e-04 G=2.401 advA2B=0.422 advB2A=0.561 cycA=0.114 cycB=0.136 idtA=0.181 idtB=0.160 D_A=0.151 D_B=0.203 D_A(real)=0.80 D_A(fake)=0.20 gnG=12.44 gnD=8.52 it_per_s=5.04
2026-10-04 05:38:47,210 INFO iter=89600 epoch=13 lr=2.00e-04 G=2.402 advA2B=0.423 advB2A=0.561 cycA=0.114 cycB=0.136 idtA=0.181 idtB=0.160 D_A=0.152 D_B=0.203 D_A(real)=0.80 D_A(fake)=0.20 gnG=12.46 gnD=8.53 it_per_s=5.04
2026-10-04 05:39:07,020 INFO iter=89700 epoch=13 lr=2.00e-04 G=2.401 advA2B=0.423 advB2A=0.561 cycA=0.114 cycB=0.136 idtA=0.181 idtB=0.160 D_A=0.151 D_B=0.203 D_A(real)=0.79 D_A(fake)=0.20 gnG=12.43 gnD=8.54 it_per_s=5.04
2026-10-04 05:39:26,823 INFO iter=89800 epoch=13 lr=2.00e-04 G=2.400 advA2B=0.422 advB2A=0.560 cycA=0.114 cycB=0.136 idtA=0.181 idtB=0.160 D_A=0.151 D_B=0.203 D_A(real)=0.79 D_A(fake)=0.20 gnG=12.43 gnD=8.55 it_per_s=5.04
2026-10-04 05:39:46,636 INFO iter=89900 epoch=13 lr=2.00e-04 G=2.400 advA2B=0.422 advB2A=0.561 cycA=0.114 cycB=0.136 idtA=0.181 idtB=0.160 D_A=0.151 D_B=0.203 D_A(real)=0.80 D_A(fake)=0.20 gnG=12.44 gnD=8.56 it_per_s=5.04
2026-10-04 05:40:06,544 INFO iter=90000 epoch=13 lr=2.00e-04 G=2.399 advA2B=0.422 advB2A=0.560 cycA=0.114 cycB=0.136 idtA=0.181 idtB=0.160 D_A=0.152 D_B=0.203 D_A(real)=0.79 D_A(fake)=0.21 gnG=12.43 gnD=8.57 it_per_s=5.04
2026-10-04 05:40:26,388 INFO iter=90100 epoch=13 lr=2.00e-04 G=2.399 advA2B=0.422 advB2A=0.560 cycA=0.114 cycB=0.136 idtA=0.181 idtB=0.160 D_A=0.152 D_B=0.203 D_A(real)=0.79 D_A(fake)=0.21 gnG=12.42 gnD=8.57 it_per_s=5.04
2026-10-04 05:40:46,257 INFO iter=90200 epoch=13 lr=2.00e-04 G=2.398 advA2B=0.422 advB2A=0.559 cycA=0.114 cycB=0.136 idtA=0.181 idtB=0.160 D_A=0.152 D_B=0.203 D_A(real)=0.79 D_A(fake)=0.21 gnG=12.42 gnD=8.58 it_per_s=5.04
2026-10-04 05:41:06,135 INFO iter=90300 epoch=13 lr=2.00e-04 G=2.399 advA2B=0.421 advB2A=0.559 cycA=0.114 cycB=0.136 idtA=0.181 idtB=0.160 D_A=0.152 D_B=0.203 D_A(real)=0.79 D_A(fake)=0.21 gnG=12.41 gnD=8.59 it_per_s=5.04
2026-10-04 05:41:25,997 INFO iter=90400 epoch=13 lr=2.00e-04 G=2.398 advA2B=0.422 advB2A=0.558 cycA=0.114 cycB=0.136 idtA=0.181 idtB=0.160 D_A=0.152 D_B=0.203 D_A(real)=0.79 D_A(fake)=0.21 gnG=12.41 gnD=8.59 it_per_s=5.04
2026-10-04 05:41:45,796 INFO iter=90500 epoch=13 lr=2.00e-04 G=2.397 advA2B=0.421 advB2A=0.558 cycA=0.114 cycB=0.136 idtA=0.181 idtB=0.160 D_A=0.152 D_B=0.203 D_A(real)=0.79 D_A(fake)=0.21 gnG=12.39 gnD=8.59 it_per_s=5.04
2026-10-04 05:42:05,610 INFO iter=90600 epoch=13 lr=2.00e-04 G=2.396 advA2B=0.421 advB2A=0.557 cycA=0.114 cycB=0.136 idtA=0.181 idtB=0.160 D_A=0.152 D_B=0.203 D_A(real)=0.79 D_A(fake)=0.21 gnG=12.38 gnD=8.59 it_per_s=5.04
2026-10-04 05:42:25,437 INFO iter=90700 epoch=13 lr=2.00e-04 G=2.395 advA2B=0.421 advB2A=0.557 cycA=0.114 cycB=0.136 idtA=0.181 idtB=0.160 D_A=0.152 D_B=0.203 D_A(real)=0.79 D_A(fake)=0.21 gnG=12.36 gnD=8.59 it_per_s=5.04
2026-10-04 05:42:45,250 INFO iter=90800 epoch=13 lr=2.00e-04 G=2.394 advA2B=0.421 advB2A=0.557 cycA=0.114 cycB=0.135 idtA=0.181 idtB=0.160 D_A=0.152 D_B=0.203 D_A(real)=0.79 D_A(fake)=0.21 gnG=12.35 gnD=8.60 it_per_s=5.04
2026-10-04 05:43:05,099 INFO iter=90900 epoch=13 lr=2.00e-04 G=2.393 advA2B=0.421 advB2A=0.556 cycA=0.114 cycB=0.135 idtA=0.181 idtB=0.160 D_A=0.152 D_B=0.203 D_A(real)=0.79 D_A(fake)=0.21 gnG=12.34 gnD=8.60 it_per_s=5.04
2026-10-04 05:43:24,994 INFO iter=91000 epoch=13 lr=2.00e-04 G=2.392 advA2B=0.421 advB2A=0.556 cycA=0.114 cycB=0.135 idtA=0.180 idtB=0.160 D_A=0.152 D_B=0.203 D_A(real)=0.79 D_A(fake)=0.21 gnG=12.34 gnD=8.60 it_per_s=5.04
2026-10-04 05:43:44,807 INFO iter=91100 epoch=13 lr=2.00e-04 G=2.392 advA2B=0.421 advB2A=0.556 cycA=0.114 cycB=0.135 idtA=0.181 idtB=0.160 D_A=0.152 D_B=0.203 D_A(real)=0.79 D_A(fake)=0.21 gnG=12.33 gnD=8.61 it_per_s=5.04
2026-10-04 05:44:04,613 INFO iter=91200 epoch=13 lr=2.00e-04 G=2.391 advA2B=0.421 advB2A=0.556 cycA=0.114 cycB=0.135 idtA=0.181 idtB=0.160 D_A=0.152 D_B=0.203 D_A(real)=0.79 D_A(fake)=0.21 gnG=12.32 gnD=8.61 it_per_s=5.04
2026-10-04 05:44:24,441 INFO iter=91300 epoch=13 lr=2.00e-04 G=2.390 advA2B=0.420 advB2A=0.556 cycA=0.114 cycB=0.135 idtA=0.180 idtB=0.160 D_A=0.152 D_B=0.203 D_A(real)=0.79 D_A(fake)=0.21 gnG=12.32 gnD=8.61 it_per_s=5.04
2026-10-04 05:44:44,263 INFO iter=91400 epoch=13 lr=2.00e-04 G=2.389 advA2B=0.420 advB2A=0.556 cycA=0.113 cycB=0.135 idtA=0.180 idtB=0.160 D_A=0.152 D_B=0.203 D_A(real)=0.79 D_A(fake)=0.21 gnG=12.30 gnD=8.61 it_per_s=5.04
2026-10-04 05:45:02,943 INFO epoch=13 done time_s=1396 it_per_s=5.04 G=2.388 cycA=0.113 cycB=0.135 idtA=0.180 idtB=0.160 D_A=0.152 D_B=0.203 D_A(real)=0.79 D_A(fake)=0.21 nan_count=0
2026-10-04 05:45:04,912 INFO iter=91500 epoch=14 lr=2.00e-04 G=2.500 advA2B=0.617 advB2A=0.663 cycA=0.113 cycB=0.104 idtA=0.162 idtB=0.116 D_A=0.140 D_B=0.239 D_A(real)=0.72 D_A(fake)=0.24 gnG=11.44 gnD=11.90 it_per_s=4.96
2026-10-04 05:45:24,735 INFO iter=91600 epoch=14 lr=2.00e-04 G=2.357 advA2B=0.428 advB2A=0.557 cycA=0.115 cycB=0.127 idtA=0.175 idtB=0.155 D_A=0.154 D_B=0.216 D_A(real)=0.78 D_A(fake)=0.22 gnG=12.62 gnD=9.60 it_per_s=5.04
2026-10-04 05:45:44,583 INFO iter=91700 epoch=14 lr=2.00e-04 G=2.332 advA2B=0.414 advB2A=0.563 cycA=0.113 cycB=0.125 idtA=0.175 idtB=0.153 D_A=0.152 D_B=0.208 D_A(real)=0.78 D_A(fake)=0.22 gnG=12.35 gnD=9.01 it_per_s=5.04
2026-10-04 05:46:04,466 INFO iter=91800 epoch=14 lr=2.00e-04 G=2.339 advA2B=0.410 advB2A=0.561 cycA=0.113 cycB=0.127 idtA=0.181 idtB=0.152 D_A=0.150 D_B=0.206 D_A(real)=0.78 D_A(fake)=0.22 gnG=12.19 gnD=8.77 it_per_s=5.04
2026-10-04 05:46:24,299 INFO iter=91900 epoch=14 lr=2.00e-04 G=2.351 advA2B=0.416 advB2A=0.560 cycA=0.114 cycB=0.128 idtA=0.180 idtB=0.152 D_A=0.151 D_B=0.204 D_A(real)=0.78 D_A(fake)=0.22 gnG=12.34 gnD=8.87 it_per_s=5.04
2026-10-04 05:46:44,143 INFO iter=92000 epoch=14 lr=2.00e-04 G=2.377 advA2B=0.424 advB2A=0.561 cycA=0.113 cycB=0.132 idtA=0.181 idtB=0.152 D_A=0.150 D_B=0.201 D_A(real)=0.79 D_A(fake)=0.22 gnG=12.58 gnD=8.92 it_per_s=5.04
2026-10-04 05:47:04,014 INFO iter=92100 epoch=14 lr=2.00e-04 G=2.389 advA2B=0.423 advB2A=0.561 cycA=0.113 cycB=0.134 idtA=0.180 idtB=0.153 D_A=0.149 D_B=0.201 D_A(real)=0.79 D_A(fake)=0.21 gnG=12.76 gnD=8.92 it_per_s=5.04
2026-10-04 05:47:18,526 INFO iter=92200 epoch=14 lr=2.00e-04 G=2.374 advA2B=0.422 advB2A=0.557 cycA=0.112 cycB=0.133 idtA=0.178 idtB=0.153 D_A=0.148 D_B=0.202 D_A(real)=0.79 D_A(fake)=0.21 gnG=12.57 gnD=8.87 it_per_s=5.24
2026-10-04 05:47:33,708 INFO iter=92300 epoch=14 lr=2.00e-04 G=2.374 advA2B=0.420 advB2A=0.560 cycA=0.112 cycB=0.134 idtA=0.181 idtB=0.154 D_A=0.150 D_B=0.201 D_A(real)=0.79 D_A(fake)=0.21 gnG=12.46 gnD=8.92 it_per_s=5.37
2026-10-04 05:47:46,560 INFO iter=92400 epoch=14 lr=2.00e-04 G=2.382 advA2B=0.419 advB2A=0.561 cycA=0.112 cycB=0.135 idtA=0.181 idtB=0.154 D_A=0.150 D_B=0.203 D_A(real)=0.79 D_A(fake)=0.21 gnG=12.51 gnD=8.95 it_per_s=5.56
2026-10-04 05:48:01,672 INFO iter=92500 epoch=14 lr=2.00e-04 G=2.378 advA2B=0.418 advB2A=0.560 cycA=0.112 cycB=0.134 idtA=0.181 idtB=0.155 D_A=0.149 D_B=0.203 D_A(real)=0.79 D_A(fake)=0.21 gnG=12.43 gnD=8.94 it_per_s=5.65
2026-10-04 05:48:19,242 INFO iter=92600 epoch=14 lr=2.00e-04 G=2.377 advA2B=0.416 advB2A=0.558 cycA=0.112 cycB=0.134 idtA=0.183 idtB=0.155 D_A=0.149 D_B=0.203 D_A(real)=0.79 D_A(fake)=0.21 gnG=12.39 gnD=8.94 it_per_s=5.66
2026-10-04 05:48:35,445 INFO iter=92700 epoch=14 lr=2.00e-04 G=2.376 advA2B=0.413 advB2A=0.557 cycA=0.113 cycB=0.135 idtA=0.183 idtB=0.155 D_A=0.149 D_B=0.204 D_A(real)=0.79 D_A(fake)=0.21 gnG=12.31 gnD=8.90 it_per_s=5.70
2026-10-04 05:49:28,674 INFO iter=92800 epoch=14 lr=2.00e-04 G=2.371 advA2B=0.412 advB2A=0.557 cycA=0.112 cycB=0.134 idtA=0.182 idtB=0.154 D_A=0.149 D_B=0.204 D_A(real)=0.79 D_A(fake)=0.21 gnG=12.36 gnD=8.91 it_per_s=4.93
2026-10-04 05:49:49,887 INFO iter=92900 epoch=14 lr=2.00e-04 G=2.371 advA2B=0.414 advB2A=0.558 cycA=0.112 cycB=0.134 idtA=0.181 idtB=0.154 D_A=0.149 D_B=0.204 D_A(real)=0.79 D_A(fake)=0.21 gnG=12.34 gnD=8.93 it_per_s=4.91
2026-10-04 05:50:15,546 INFO iter=93000 epoch=14 lr=2.00e-04 G=2.369 advA2B=0.415 advB2A=0.558 cycA=0.112 cycB=0.134 idtA=0.181 idtB=0.153 D_A=0.149 D_B=0.203 D_A(real)=0.79 D_A(fake)=0.21 gnG=12.40 gnD=8.91 it_per_s=4.83
2026-10-04 05:50:41,920 INFO iter=93100 epoch=14 lr=2.00e-04 G=2.368 advA2B=0.414 advB2A=0.558 cycA=0.112 cycB=0.134 idtA=0.180 idtB=0.154 D_A=0.148 D_B=0.203 D_A(real)=0.79 D_A(fake)=0.21 gnG=12.41 gnD=8.92 it_per_s=4.75
2026-10-04 05:51:10,316 INFO iter=93200 epoch=14 lr=2.00e-04 G=2.367 advA2B=0.414 advB2A=0.558 cycA=0.112 cycB=0.134 idtA=0.181 idtB=0.154 D_A=0.148 D_B=0.203 D_A(real)=0.79 D_A(fake)=0.21 gnG=12.35 gnD=8.90 it_per_s=4.65
2026-10-04 05:51:37,283 INFO iter=93300 epoch=14 lr=2.00e-04 G=2.369 advA2B=0.415 advB2A=0.557 cycA=0.112 cycB=0.134 idtA=0.181 idtB=0.154 D_A=0.148 D_B=0.203 D_A(real)=0.79 D_A(fake)=0.21 gnG=12.31 gnD=8.90 it_per_s=4.59
2026-10-04 05:52:03,509 INFO iter=93400 epoch=14 lr=2.00e-04 G=2.370 advA2B=0.416 advB2A=0.559 cycA=0.112 cycB=0.134 idtA=0.180 idtB=0.155 D_A=0.148 D_B=0.203 D_A(real)=0.79 D_A(fake)=0.21 gnG=12.32 gnD=8.93 it_per_s=4.54
2026-10-04 05:52:29,376 INFO iter=93500 epoch=14 lr=2.00e-04 G=2.370 advA2B=0.416 advB2A=0.559 cycA=0.112 cycB=0.133 idtA=0.180 idtB=0.155 D_A=0.149 D_B=0.203 D_A(real)=0.79 D_A(fake)=0.21 gnG=12.38 gnD=8.93 it_per_s=4.50
2026-10-04 05:52:52,958 INFO iter=93600 epoch=14 lr=2.00e-04 G=2.365 advA2B=0.416 advB2A=0.559 cycA=0.112 cycB=0.133 idtA=0.180 idtB=0.154 D_A=0.149 D_B=0.203 D_A(real)=0.79 D_A(fake)=0.21 gnG=12.33 gnD=8.90 it_per_s=4.49
2026-10-04 05:53:20,071 INFO iter=93700 epoch=14 lr=2.00e-04 G=2.364 advA2B=0.415 advB2A=0.559 cycA=0.112 cycB=0.133 idtA=0.180 idtB=0.154 D_A=0.148 D_B=0.203 D_A(real)=0.79 D_A(fake)=0.21 gnG=12.29 gnD=8.90 it_per_s=4.44
2026-10-04 05:53:47,525 INFO iter=93800 epoch=14 lr=2.00e-04 G=2.366 advA2B=0.415 advB2A=0.560 cycA=0.112 cycB=0.133 idtA=0.179 idtB=0.155 D_A=0.149 D_B=0.204 D_A(real)=0.79 D_A(fake)=0.21 gnG=12.31 gnD=8.92 it_per_s=4.40
2026-10-04 05:54:15,225 INFO iter=93900 epoch=14 lr=2.00e-04 G=2.364 advA2B=0.415 advB2A=0.559 cycA=0.112 cycB=0.133 idtA=0.179 idtB=0.154 D_A=0.150 D_B=0.204 D_A(real)=0.79 D_A(fake)=0.21 gnG=12.27 gnD=8.92 it_per_s=4.36
2026-10-04 05:54:40,175 INFO iter=94000 epoch=14 lr=2.00e-04 G=2.366 advA2B=0.415 advB2A=0.561 cycA=0.112 cycB=0.133 idtA=0.179 idtB=0.154 D_A=0.150 D_B=0.204 D_A(real)=0.79 D_A(fake)=0.21 gnG=12.27 gnD=8.92 it_per_s=4.35
2026-10-04 05:55:04,560 INFO iter=94100 epoch=14 lr=2.00e-04 G=2.363 advA2B=0.415 advB2A=0.560 cycA=0.112 cycB=0.133 idtA=0.179 idtB=0.155 D_A=0.149 D_B=0.204 D_A(real)=0.79 D_A(fake)=0.21 gnG=12.21 gnD=8.92 it_per_s=4.34
2026-10-04 05:55:31,909 INFO iter=94200 epoch=14 lr=2.00e-04 G=2.362 advA2B=0.415 advB2A=0.561 cycA=0.112 cycB=0.132 idtA=0.179 idtB=0.154 D_A=0.150 D_B=0.204 D_A(real)=0.79 D_A(fake)=0.21 gnG=12.23 gnD=8.92 it_per_s=4.31
2026-10-04 05:55:59,540 INFO iter=94300 epoch=14 lr=2.00e-04 G=2.365 advA2B=0.415 advB2A=0.561 cycA=0.112 cycB=0.133 idtA=0.180 idtB=0.154 D_A=0.150 D_B=0.204 D_A(real)=0.79 D_A(fake)=0.21 gnG=12.29 gnD=8.95 it_per_s=4.28
2026-10-04 05:56:23,721 INFO iter=94400 epoch=14 lr=2.00e-04 G=2.367 advA2B=0.416 advB2A=0.560 cycA=0.112 cycB=0.133 idtA=0.180 idtB=0.155 D_A=0.150 D_B=0.204 D_A(real)=0.79 D_A(fake)=0.21 gnG=12.26 gnD=8.96 it_per_s=4.27
2026-10-04 05:56:48,882 INFO iter=94500 epoch=14 lr=2.00e-04 G=2.367 advA2B=0.418 advB2A=0.560 cycA=0.112 cycB=0.133 idtA=0.180 idtB=0.154 D_A=0.150 D_B=0.204 D_A(real)=0.79 D_A(fake)=0.21 gnG=12.27 gnD=8.97 it_per_s=4.26
2026-10-04 05:57:16,171 INFO iter=94600 epoch=14 lr=2.00e-04 G=2.370 advA2B=0.418 advB2A=0.563 cycA=0.112 cycB=0.132 idtA=0.180 idtB=0.154 D_A=0.150 D_B=0.204 D_A(real)=0.79 D_A(fake)=0.21 gnG=12.30 gnD=8.96 it_per_s=4.24
2026-10-04 05:57:43,916 INFO iter=94700 epoch=14 lr=2.00e-04 G=2.369 advA2B=0.419 advB2A=0.562 cycA=0.112 cycB=0.132 idtA=0.180 idtB=0.154 D_A=0.150 D_B=0.203 D_A(real)=0.79 D_A(fake)=0.21 gnG=12.31 gnD=8.95 it_per_s=4.22
2026-10-04 05:58:06,136 INFO iter=94800 epoch=14 lr=2.00e-04 G=2.368 advA2B=0.418 advB2A=0.562 cycA=0.112 cycB=0.132 idtA=0.180 idtB=0.154 D_A=0.149 D_B=0.203 D_A(real)=0.79 D_A(fake)=0.21 gnG=12.28 gnD=8.95 it_per_s=4.23
2026-10-04 05:58:33,873 INFO iter=94900 epoch=14 lr=2.00e-04 G=2.367 advA2B=0.418 advB2A=0.562 cycA=0.112 cycB=0.132 idtA=0.180 idtB=0.154 D_A=0.150 D_B=0.203 D_A(real)=0.79 D_A(fake)=0.21 gnG=12.26 gnD=8.96 it_per_s=4.20
2026-10-04 05:59:01,048 INFO iter=95000 epoch=14 lr=2.00e-04 G=2.365 advA2B=0.418 advB2A=0.562 cycA=0.112 cycB=0.132 idtA=0.180 idtB=0.154 D_A=0.150 D_B=0.203 D_A(real)=0.79 D_A(fake)=0.21 gnG=12.28 gnD=8.97 it_per_s=4.19
2026-10-04 05:59:22,274 INFO iter=95100 epoch=14 lr=2.00e-04 G=2.365 advA2B=0.417 advB2A=0.561 cycA=0.112 cycB=0.132 idtA=0.180 idtB=0.154 D_A=0.150 D_B=0.203 D_A(real)=0.79 D_A(fake)=0.21 gnG=12.27 gnD=8.97 it_per_s=4.20
2026-10-04 05:59:42,224 INFO iter=95200 epoch=14 lr=2.00e-04 G=2.365 advA2B=0.418 advB2A=0.561 cycA=0.112 cycB=0.132 idtA=0.180 idtB=0.154 D_A=0.150 D_B=0.203 D_A(real)=0.79 D_A(fake)=0.21 gnG=12.27 gnD=8.98 it_per_s=4.22
2026-10-04 06:00:03,797 INFO iter=95300 epoch=14 lr=2.00e-04 G=2.368 advA2B=0.418 advB2A=0.560 cycA=0.112 cycB=0.132 idtA=0.180 idtB=0.154 D_A=0.150 D_B=0.203 D_A(real)=0.79 D_A(fake)=0.21 gnG=12.28 gnD=8.97 it_per_s=4.23
2026-10-04 06:00:31,103 INFO iter=95400 epoch=14 lr=2.00e-04 G=2.370 advA2B=0.419 advB2A=0.561 cycA=0.112 cycB=0.132 idtA=0.180 idtB=0.154 D_A=0.150 D_B=0.202 D_A(real)=0.79 D_A(fake)=0.21 gnG=12.30 gnD=8.98 it_per_s=4.21
2026-10-04 06:01:02,598 INFO iter=95500 epoch=14 lr=2.00e-04 G=2.369 advA2B=0.420 advB2A=0.560 cycA=0.112 cycB=0.132 idtA=0.180 idtB=0.154 D_A=0.150 D_B=0.202 D_A(real)=0.79 D_A(fake)=0.21 gnG=12.29 gnD=8.97 it_per_s=4.18
2026-10-04 06:01:34,074 INFO iter=95600 epoch=14 lr=2.00e-04 G=2.369 advA2B=0.420 advB2A=0.560 cycA=0.112 cycB=0.132 idtA=0.180 idtB=0.154 D_A=0.150 D_B=0.203 D_A(real)=0.79 D_A(fake)=0.21 gnG=12.28 gnD=8.98 it_per_s=4.15
2026-10-04 06:01:58,945 INFO iter=95700 epoch=14 lr=2.00e-04 G=2.369 advA2B=0.421 advB2A=0.559 cycA=0.112 cycB=0.132 idtA=0.180 idtB=0.154 D_A=0.150 D_B=0.203 D_A(real)=0.79 D_A(fake)=0.21 gnG=12.27 gnD=8.98 it_per_s=4.14
2026-10-04 06:02:19,483 INFO iter=95800 epoch=14 lr=2.00e-04 G=2.368 advA2B=0.421 advB2A=0.559 cycA=0.112 cycB=0.132 idtA=0.180 idtB=0.154 D_A=0.150 D_B=0.203 D_A(real)=0.79 D_A(fake)=0.21 gnG=12.26 gnD=8.97 it_per_s=4.16
2026-10-04 06:02:39,417 INFO iter=95900 epoch=14 lr=2.00e-04 G=2.367 advA2B=0.422 advB2A=0.559 cycA=0.112 cycB=0.132 idtA=0.180 idtB=0.154 D_A=0.150 D_B=0.202 D_A(real)=0.79 D_A(fake)=0.21 gnG=12.28 gnD=8.97 it_per_s=4.17
2026-10-04 06:02:59,391 INFO iter=96000 epoch=14 lr=2.00e-04 G=2.367 advA2B=0.421 advB2A=0.559 cycA=0.112 cycB=0.133 idtA=0.180 idtB=0.154 D_A=0.150 D_B=0.202 D_A(real)=0.79 D_A(fake)=0.21 gnG=12.28 gnD=8.97 it_per_s=4.19
2026-10-04 06:03:19,523 INFO iter=96100 epoch=14 lr=2.00e-04 G=2.368 advA2B=0.421 advB2A=0.560 cycA=0.112 cycB=0.133 idtA=0.180 idtB=0.154 D_A=0.150 D_B=0.202 D_A(real)=0.79 D_A(fake)=0.21 gnG=12.26 gnD=8.98 it_per_s=4.20
2026-10-04 06:03:39,609 INFO iter=96200 epoch=14 lr=2.00e-04 G=2.369 advA2B=0.421 advB2A=0.561 cycA=0.112 cycB=0.133 idtA=0.180 idtB=0.154 D_A=0.150 D_B=0.202 D_A(real)=0.79 D_A(fake)=0.21 gnG=12.28 gnD=8.98 it_per_s=4.22
2026-10-04 06:03:59,675 INFO iter=96300 epoch=14 lr=2.00e-04 G=2.370 advA2B=0.422 advB2A=0.561 cycA=0.112 cycB=0.133 idtA=0.180 idtB=0.154 D_A=0.150 D_B=0.202 D_A(real)=0.79 D_A(fake)=0.21 gnG=12.27 gnD=8.99 it_per_s=4.23
2026-10-04 06:04:19,776 INFO iter=96400 epoch=14 lr=2.00e-04 G=2.371 advA2B=0.423 advB2A=0.561 cycA=0.112 cycB=0.133 idtA=0.180 idtB=0.154 D_A=0.150 D_B=0.202 D_A(real)=0.79 D_A(fake)=0.21 gnG=12.28 gnD=8.99 it_per_s=4.24
2026-10-04 06:04:39,780 INFO iter=96500 epoch=14 lr=2.00e-04 G=2.374 advA2B=0.423 advB2A=0.561 cycA=0.112 cycB=0.133 idtA=0.180 idtB=0.154 D_A=0.150 D_B=0.202 D_A(real)=0.79 D_A(fake)=0.21 gnG=12.26 gnD=8.99 it_per_s=4.26
2026-10-04 06:04:59,743 INFO iter=96600 epoch=14 lr=2.00e-04 G=2.374 advA2B=0.423 advB2A=0.561 cycA=0.111 cycB=0.133 idtA=0.180 idtB=0.154 D_A=0.149 D_B=0.202 D_A(real)=0.79 D_A(fake)=0.21 gnG=12.27 gnD=8.99 it_per_s=4.27
2026-10-04 06:05:19,755 INFO iter=96700 epoch=14 lr=2.00e-04 G=2.375 advA2B=0.423 advB2A=0.562 cycA=0.112 cycB=0.133 idtA=0.181 idtB=0.154 D_A=0.149 D_B=0.201 D_A(real)=0.79 D_A(fake)=0.21 gnG=12.27 gnD=8.98 it_per_s=4.28
2026-10-04 06:05:39,659 INFO iter=96800 epoch=14 lr=2.00e-04 G=2.376 advA2B=0.423 advB2A=0.562 cycA=0.112 cycB=0.133 idtA=0.181 idtB=0.154 D_A=0.149 D_B=0.201 D_A(real)=0.79 D_A(fake)=0.21 gnG=12.28 gnD=8.98 it_per_s=4.29
2026-10-04 06:05:59,561 INFO iter=96900 epoch=14 lr=2.00e-04 G=2.377 advA2B=0.424 advB2A=0.562 cycA=0.112 cycB=0.133 idtA=0.181 idtB=0.154 D_A=0.149 D_B=0.201 D_A(real)=0.79 D_A(fake)=0.21 gnG=12.28 gnD=8.98 it_per_s=4.30
2026-10-04 06:06:19,493 INFO iter=97000 epoch=14 lr=2.00e-04 G=2.378 advA2B=0.424 advB2A=0.562 cycA=0.112 cycB=0.133 idtA=0.181 idtB=0.155 D_A=0.149 D_B=0.201 D_A(real)=0.79 D_A(fake)=0.21 gnG=12.28 gnD=8.98 it_per_s=4.32
2026-10-04 06:06:39,433 INFO iter=97100 epoch=14 lr=2.00e-04 G=2.379 advA2B=0.424 advB2A=0.562 cycA=0.112 cycB=0.133 idtA=0.181 idtB=0.155 D_A=0.149 D_B=0.201 D_A(real)=0.79 D_A(fake)=0.21 gnG=12.28 gnD=8.98 it_per_s=4.33
2026-10-04 06:06:59,333 INFO iter=97200 epoch=14 lr=2.00e-04 G=2.379 advA2B=0.424 advB2A=0.562 cycA=0.112 cycB=0.133 idtA=0.181 idtB=0.155 D_A=0.149 D_B=0.201 D_A(real)=0.79 D_A(fake)=0.21 gnG=12.27 gnD=9.00 it_per_s=4.34
2026-10-04 06:07:19,291 INFO iter=97300 epoch=14 lr=2.00e-04 G=2.378 advA2B=0.424 advB2A=0.562 cycA=0.112 cycB=0.133 idtA=0.181 idtB=0.155 D_A=0.149 D_B=0.201 D_A(real)=0.79 D_A(fake)=0.21 gnG=12.27 gnD=9.00 it_per_s=4.35
2026-10-04 06:07:39,213 INFO iter=97400 epoch=14 lr=2.00e-04 G=2.377 advA2B=0.423 advB2A=0.562 cycA=0.112 cycB=0.133 idtA=0.181 idtB=0.155 D_A=0.149 D_B=0.201 D_A(real)=0.79 D_A(fake)=0.21 gnG=12.25 gnD=9.00 it_per_s=4.36
2026-10-04 06:07:59,163 INFO iter=97500 epoch=14 lr=2.00e-04 G=2.376 advA2B=0.422 advB2A=0.562 cycA=0.111 cycB=0.133 idtA=0.181 idtB=0.155 D_A=0.149 D_B=0.201 D_A(real)=0.79 D_A(fake)=0.21 gnG=12.25 gnD=8.99 it_per_s=4.37
2026-10-04 06:08:19,115 INFO iter=97600 epoch=14 lr=2.00e-04 G=2.376 advA2B=0.422 advB2A=0.562 cycA=0.111 cycB=0.133 idtA=0.181 idtB=0.155 D_A=0.149 D_B=0.201 D_A(real)=0.79 D_A(fake)=0.21 gnG=12.24 gnD=8.99 it_per_s=4.38
2026-10-04 06:08:39,029 INFO iter=97700 epoch=14 lr=2.00e-04 G=2.377 advA2B=0.423 advB2A=0.562 cycA=0.111 cycB=0.133 idtA=0.181 idtB=0.155 D_A=0.149 D_B=0.201 D_A(real)=0.79 D_A(fake)=0.21 gnG=12.25 gnD=8.99 it_per_s=4.38
2026-10-04 06:08:58,926 INFO iter=97800 epoch=14 lr=2.00e-04 G=2.379 advA2B=0.423 advB2A=0.563 cycA=0.111 cycB=0.133 idtA=0.181 idtB=0.155 D_A=0.148 D_B=0.201 D_A(real)=0.79 D_A(fake)=0.21 gnG=12.26 gnD=8.99 it_per_s=4.39
2026-10-04 06:09:18,871 INFO iter=97900 epoch=14 lr=2.00e-04 G=2.379 advA2B=0.424 advB2A=0.564 cycA=0.111 cycB=0.133 idtA=0.180 idtB=0.155 D_A=0.148 D_B=0.201 D_A(real)=0.79 D_A(fake)=0.21 gnG=12.28 gnD=8.98 it_per_s=4.40
2026-10-04 06:09:38,811 INFO iter=98000 epoch=14 lr=2.00e-04 G=2.379 advA2B=0.423 advB2A=0.564 cycA=0.111 cycB=0.133 idtA=0.181 idtB=0.155 D_A=0.148 D_B=0.201 D_A(real)=0.79 D_A(fake)=0.21 gnG=12.28 gnD=8.99 it_per_s=4.41
2026-10-04 06:09:58,763 INFO iter=98100 epoch=14 lr=2.00e-04 G=2.378 advA2B=0.422 advB2A=0.564 cycA=0.112 cycB=0.133 idtA=0.181 idtB=0.156 D_A=0.148 D_B=0.201 D_A(real)=0.79 D_A(fake)=0.21 gnG=12.27 gnD=8.99 it_per_s=4.42
2026-10-04 06:10:18,681 INFO iter=98200 epoch=14 lr=2.00e-04 G=2.378 advA2B=0.422 advB2A=0.564 cycA=0.111 cycB=0.133 idtA=0.181 idtB=0.155 D_A=0.148 D_B=0.201 D_A(real)=0.79 D_A(fake)=0.21 gnG=12.27 gnD=9.00 it_per_s=4.43
2026-10-04 06:10:38,616 INFO iter=98300 epoch=14 lr=2.00e-04 G=2.378 advA2B=0.422 advB2A=0.564 cycA=0.112 cycB=0.133 idtA=0.181 idtB=0.155 D_A=0.148 D_B=0.201 D_A(real)=0.79 D_A(fake)=0.21 gnG=12.27 gnD=9.00 it_per_s=4.43
2026-10-04 06:10:58,537 INFO iter=98400 epoch=14 lr=2.00e-04 G=2.378 advA2B=0.422 advB2A=0.564 cycA=0.111 cycB=0.133 idtA=0.181 idtB=0.155 D_A=0.148 D_B=0.201 D_A(real)=0.79 D_A(fake)=0.21 gnG=12.26 gnD=8.99 it_per_s=4.44
2026-10-04 06:11:17,536 INFO iter=98500 epoch=14 lr=2.00e-04 G=2.380 advA2B=0.422 advB2A=0.565 cycA=0.111 cycB=0.133 idtA=0.181 idtB=0.155 D_A=0.148 D_B=0.201 D_A(real)=0.79 D_A(fake)=0.21 gnG=12.30 gnD=9.00 it_per_s=4.45
2026-10-04 06:11:25,142 INFO epoch=14 done time_s=1581 it_per_s=4.45 G=2.381 cycA=0.112 cycB=0.133 idtA=0.181 idtB=0.155 D_A=0.148 D_B=0.201 D_A(real)=0.79 D_A(fake)=0.21 nan_count=0
2026-10-04 06:11:42,908 INFO iter=98600 epoch=15 lr=2.00e-04 G=2.497 advA2B=0.454 advB2A=0.607 cycA=0.117 cycB=0.135 idtA=0.192 idtB=0.158 D_A=0.140 D_B=0.199 D_A(real)=0.82 D_A(fake)=0.17 gnG=12.05 gnD=8.97 it_per_s=4.00
2026-10-04 06:12:02,859 INFO iter=98700 epoch=15 lr=2.00e-04 G=2.396 advA2B=0.425 advB2A=0.600 cycA=0.111 cycB=0.130 idtA=0.186 idtB=0.146 D_A=0.136 D_B=0.208 D_A(real)=0.81 D_A(fake)=0.19 gnG=12.31 gnD=9.22 it_per_s=4.55
2026-10-04 06:12:22,760 INFO iter=98800 epoch=15 lr=2.00e-04 G=2.366 advA2B=0.405 advB2A=0.605 cycA=0.108 cycB=0.130 idtA=0.179 idtB=0.146 D_A=0.139 D_B=0.208 D_A(real)=0.80 D_A(fake)=0.19 gnG=11.92 gnD=9.14 it_per_s=4.71
2026-10-04 06:12:42,689 INFO iter=98900 epoch=15 lr=2.00e-04 G=2.376 advA2B=0.403 advB2A=0.611 cycA=0.109 cycB=0.131 idtA=0.177 idtB=0.147 D_A=0.141 D_B=0.205 D_A(real)=0.81 D_A(fake)=0.19 gnG=12.13 gnD=9.32 it_per_s=4.79
2026-10-04 06:13:02,580 INFO iter=99000 epoch=15 lr=2.00e-04 G=2.391 advA2B=0.409 advB2A=0.602 cycA=0.110 cycB=0.132 idtA=0.183 idtB=0.150 D_A=0.144 D_B=0.206 D_A(real)=0.80 D_A(fake)=0.20 gnG=12.02 gnD=9.23 it_per_s=4.84
2026-10-04 06:13:22,467 INFO iter=99100 epoch=15 lr=2.00e-04 G=2.397 advA2B=0.409 advB2A=0.599 cycA=0.110 cycB=0.134 idtA=0.182 idtB=0.151 D_A=0.144 D_B=0.206 D_A(real)=0.80 D_A(fake)=0.20 gnG=12.16 gnD=9.14 it_per_s=4.87
2026-10-04 06:13:42,412 INFO iter=99200 epoch=15 lr=2.00e-04 G=2.385 advA2B=0.411 advB2A=0.593 cycA=0.110 cycB=0.133 idtA=0.180 idtB=0.150 D_A=0.145 D_B=0.206 D_A(real)=0.80 D_A(fake)=0.20 gnG=12.11 gnD=9.13 it_per_s=4.89
2026-10-04 06:14:02,348 INFO iter=99300 epoch=15 lr=2.00e-04 G=2.385 advA2B=0.408 advB2A=0.590 cycA=0.110 cycB=0.134 idtA=0.180 idtB=0.152 D_A=0.145 D_B=0.204 D_A(real)=0.80 D_A(fake)=0.20 gnG=11.99 gnD=9.14 it_per_s=4.91
2026-10-04 06:14:22,268 INFO iter=99400 epoch=15 lr=2.00e-04 G=2.381 advA2B=0.411 advB2A=0.585 cycA=0.110 cycB=0.134 idtA=0.181 idtB=0.153 D_A=0.146 D_B=0.204 D_A(real)=0.80 D_A(fake)=0.20 gnG=11.96 gnD=9.12 it_per_s=4.92
2026-10-04 06:14:42,199 INFO iter=99500 epoch=15 lr=2.00e-04 G=2.373 advA2B=0.409 advB2A=0.581 cycA=0.110 cycB=0.133 idtA=0.180 idtB=0.152 D_A=0.146 D_B=0.205 D_A(real)=0.79 D_A(fake)=0.20 gnG=11.88 gnD=9.09 it_per_s=4.93
2026-10-04 06:15:02,136 INFO iter=99600 epoch=15 lr=2.00e-04 G=2.372 advA2B=0.410 advB2A=0.583 cycA=0.110 cycB=0.133 idtA=0.180 idtB=0.152 D_A=0.146 D_B=0.204 D_A(real)=0.79 D_A(fake)=0.21 gnG=11.89 gnD=9.09 it_per_s=4.94
2026-10-04 06:15:22,150 INFO iter=99700 epoch=15 lr=2.00e-04 G=2.367 advA2B=0.410 advB2A=0.582 cycA=0.110 cycB=0.132 idtA=0.179 idtB=0.151 D_A=0.145 D_B=0.204 D_A(real)=0.80 D_A(fake)=0.20 gnG=11.96 gnD=9.09 it_per_s=4.94
2026-10-04 06:15:42,078 INFO iter=99800 epoch=15 lr=2.00e-04 G=2.369 advA2B=0.413 advB2A=0.580 cycA=0.110 cycB=0.132 idtA=0.179 idtB=0.151 D_A=0.145 D_B=0.203 D_A(real)=0.80 D_A(fake)=0.20 gnG=11.91 gnD=9.10 it_per_s=4.95
2026-10-04 06:16:01,989 INFO iter=99900 epoch=15 lr=2.00e-04 G=2.370 advA2B=0.414 advB2A=0.582 cycA=0.110 cycB=0.132 idtA=0.180 idtB=0.151 D_A=0.145 D_B=0.203 D_A(real)=0.80 D_A(fake)=0.20 gnG=11.87 gnD=9.09 it_per_s=4.96
2026-10-04 06:16:21,899 INFO iter=100000 epoch=15 lr=2.00e-04 G=2.372 advA2B=0.415 advB2A=0.580 cycA=0.110 cycB=0.132 idtA=0.180 idtB=0.151 D_A=0.145 D_B=0.202 D_A(real)=0.80 D_A(fake)=0.20 gnG=11.97 gnD=9.06 it_per_s=4.96
2026-10-04 06:16:41,828 INFO iter=100100 epoch=15 lr=2.00e-04 G=2.374 advA2B=0.418 advB2A=0.581 cycA=0.110 cycB=0.132 idtA=0.180 idtB=0.151 D_A=0.145 D_B=0.202 D_A(real)=0.79 D_A(fake)=0.21 gnG=12.00 gnD=9.08 it_per_s=4.96
2026-10-04 06:17:01,745 INFO iter=100200 epoch=15 lr=2.00e-04 G=2.374 advA2B=0.420 advB2A=0.579 cycA=0.110 cycB=0.132 idtA=0.180 idtB=0.152 D_A=0.146 D_B=0.202 D_A(real)=0.79 D_A(fake)=0.21 gnG=12.03 gnD=9.06 it_per_s=4.97
2026-10-04 06:17:21,663 INFO iter=100300 epoch=15 lr=2.00e-04 G=2.378 advA2B=0.424 advB2A=0.579 cycA=0.110 cycB=0.132 idtA=0.181 idtB=0.152 D_A=0.146 D_B=0.202 D_A(real)=0.79 D_A(fake)=0.21 gnG=12.00 gnD=9.04 it_per_s=4.97
2026-10-04 06:17:41,599 INFO iter=100400 epoch=15 lr=2.00e-04 G=2.385 advA2B=0.424 advB2A=0.580 cycA=0.110 cycB=0.133 idtA=0.180 idtB=0.153 D_A=0.146 D_B=0.201 D_A(real)=0.79 D_A(fake)=0.21 gnG=12.10 gnD=9.05 it_per_s=4.97
2026-10-04 06:18:01,557 INFO iter=100500 epoch=15 lr=2.00e-04 G=2.389 advA2B=0.422 advB2A=0.584 cycA=0.110 cycB=0.133 idtA=0.180 idtB=0.153 D_A=0.146 D_B=0.202 D_A(real)=0.79 D_A(fake)=0.21 gnG=12.18 gnD=9.06 it_per_s=4.97
2026-10-04 06:18:21,518 INFO iter=100600 epoch=15 lr=2.00e-04 G=2.393 advA2B=0.423 advB2A=0.586 cycA=0.110 cycB=0.133 idtA=0.180 idtB=0.154 D_A=0.145 D_B=0.202 D_A(real)=0.80 D_A(fake)=0.20 gnG=12.23 gnD=9.06 it_per_s=4.98
2026-10-04 06:18:41,455 INFO iter=100700 epoch=15 lr=2.00e-04 G=2.394 advA2B=0.422 advB2A=0.586 cycA=0.110 cycB=0.133 idtA=0.180 idtB=0.154 D_A=0.145 D_B=0.201 D_A(real)=0.80 D_A(fake)=0.20 gnG=12.18 gnD=9.05 it_per_s=4.98
2026-10-04 06:19:01,408 INFO iter=100800 epoch=15 lr=2.00e-04 G=2.396 advA2B=0.423 advB2A=0.585 cycA=0.110 cycB=0.134 idtA=0.180 idtB=0.155 D_A=0.145 D_B=0.201 D_A(real)=0.80 D_A(fake)=0.20 gnG=12.18 gnD=9.03 it_per_s=4.98
2026-10-04 06:19:21,357 INFO iter=100900 epoch=15 lr=2.00e-04 G=2.398 advA2B=0.423 advB2A=0.586 cycA=0.110 cycB=0.134 idtA=0.181 idtB=0.155 D_A=0.144 D_B=0.201 D_A(real)=0.80 D_A(fake)=0.20 gnG=12.18 gnD=9.04 it_per_s=4.98
2026-10-04 06:19:41,255 INFO iter=101000 epoch=15 lr=2.00e-04 G=2.393 advA2B=0.422 advB2A=0.584 cycA=0.110 cycB=0.134 idtA=0.181 idtB=0.155 D_A=0.145 D_B=0.201 D_A(real)=0.80 D_A(fake)=0.20 gnG=12.20 gnD=9.05 it_per_s=4.98
2026-10-04 06:20:01,202 INFO iter=101100 epoch=15 lr=2.00e-04 G=2.391 advA2B=0.421 advB2A=0.584 cycA=0.110 cycB=0.133 idtA=0.181 idtB=0.154 D_A=0.144 D_B=0.201 D_A(real)=0.80 D_A(fake)=0.20 gnG=12.22 gnD=9.05 it_per_s=4.98
2026-10-04 06:20:21,155 INFO iter=101200 epoch=15 lr=2.00e-04 G=2.388 advA2B=0.421 advB2A=0.583 cycA=0.110 cycB=0.133 idtA=0.181 idtB=0.154 D_A=0.144 D_B=0.201 D_A(real)=0.80 D_A(fake)=0.20 gnG=12.19 gnD=9.06 it_per_s=4.98
2026-10-04 06:20:41,063 INFO iter=101300 epoch=15 lr=2.00e-04 G=2.387 advA2B=0.421 advB2A=0.584 cycA=0.110 cycB=0.133 idtA=0.181 idtB=0.154 D_A=0.144 D_B=0.201 D_A(real)=0.80 D_A(fake)=0.20 gnG=12.19 gnD=9.06 it_per_s=4.99
2026-10-04 06:21:00,921 INFO iter=101400 epoch=15 lr=2.00e-04 G=2.388 advA2B=0.421 advB2A=0.585 cycA=0.110 cycB=0.133 idtA=0.181 idtB=0.154 D_A=0.144 D_B=0.201 D_A(real)=0.80 D_A(fake)=0.20 gnG=12.19 gnD=9.04 it_per_s=4.99
2026-10-04 06:21:20,870 INFO iter=101500 epoch=15 lr=2.00e-04 G=2.392 advA2B=0.421 advB2A=0.586 cycA=0.110 cycB=0.133 idtA=0.181 idtB=0.154 D_A=0.144 D_B=0.201 D_A(real)=0.80 D_A(fake)=0.20 gnG=12.19 gnD=9.06 it_per_s=4.99
2026-10-04 06:21:40,799 INFO iter=101600 epoch=15 lr=2.00e-04 G=2.394 advA2B=0.421 advB2A=0.586 cycA=0.110 cycB=0.134 idtA=0.181 idtB=0.154 D_A=0.144 D_B=0.201 D_A(real)=0.80 D_A(fake)=0.20 gnG=12.20 gnD=9.04 it_per_s=4.99
2026-10-04 06:22:00,754 INFO iter=101700 epoch=15 lr=2.00e-04 G=2.391 advA2B=0.420 advB2A=0.585 cycA=0.110 cycB=0.133 idtA=0.181 idtB=0.154 D_A=0.144 D_B=0.201 D_A(real)=0.80 D_A(fake)=0.20 gnG=12.19 gnD=9.05 it_per_s=4.99
2026-10-04 06:22:20,675 INFO iter=101800 epoch=15 lr=2.00e-04 G=2.390 advA2B=0.419 advB2A=0.585 cycA=0.110 cycB=0.133 idtA=0.181 idtB=0.154 D_A=0.144 D_B=0.201 D_A(real)=0.80 D_A(fake)=0.20 gnG=12.19 gnD=9.04 it_per_s=4.99
2026-10-04 06:22:40,653 INFO iter=101900 epoch=15 lr=2.00e-04 G=2.388 advA2B=0.420 advB2A=0.585 cycA=0.110 cycB=0.133 idtA=0.181 idtB=0.154 D_A=0.144 D_B=0.201 D_A(real)=0.80 D_A(fake)=0.20 gnG=12.18 gnD=9.08 it_per_s=4.99
2026-10-04 06:23:00,599 INFO iter=102000 epoch=15 lr=2.00e-04 G=2.387 advA2B=0.420 advB2A=0.584 cycA=0.110 cycB=0.133 idtA=0.180 idtB=0.153 D_A=0.144 D_B=0.201 D_A(real)=0.80 D_A(fake)=0.20 gnG=12.18 gnD=9.10 it_per_s=4.99
2026-10-04 06:23:20,545 INFO iter=102100 epoch=15 lr=2.00e-04 G=2.388 advA2B=0.422 advB2A=0.582 cycA=0.110 cycB=0.133 idtA=0.180 idtB=0.153 D_A=0.144 D_B=0.201 D_A(real)=0.80 D_A(fake)=0.20 gnG=12.18 gnD=9.12 it_per_s=4.99
2026-10-04 06:23:40,485 INFO iter=102200 epoch=15 lr=2.00e-04 G=2.388 advA2B=0.423 advB2A=0.583 cycA=0.110 cycB=0.133 idtA=0.181 idtB=0.153 D_A=0.144 D_B=0.201 D_A(real)=0.80 D_A(fake)=0.20 gnG=12.23 gnD=9.12 it_per_s=4.99
2026-10-04 06:24:00,479 INFO iter=102300 epoch=15 lr=2.00e-04 G=2.390 advA2B=0.423 advB2A=0.584 cycA=0.110 cycB=0.133 idtA=0.180 idtB=0.153 D_A=0.144 D_B=0.201 D_A(real)=0.80 D_A(fake)=0.20 gnG=12.26 gnD=9.13 it_per_s=4.99
2026-10-04 06:24:20,455 INFO iter=102400 epoch=15 lr=2.00e-04 G=2.391 advA2B=0.422 advB2A=0.585 cycA=0.110 cycB=0.133 idtA=0.181 idtB=0.153 D_A=0.144 D_B=0.201 D_A(real)=0.80 D_A(fake)=0.20 gnG=12.24 gnD=9.13 it_per_s=4.99
2026-10-04 06:24:40,410 INFO iter=102500 epoch=15 lr=2.00e-04 G=2.389 advA2B=0.422 advB2A=0.584 cycA=0.110 cycB=0.133 idtA=0.181 idtB=0.153 D_A=0.144 D_B=0.201 D_A(real)=0.80 D_A(fake)=0.20 gnG=12.23 gnD=9.12 it_per_s=4.99
2026-10-04 06:25:00,351 INFO iter=102600 epoch=15 lr=2.00e-04 G=2.390 advA2B=0.422 advB2A=0.585 cycA=0.110 cycB=0.133 idtA=0.181 idtB=0.153 D_A=0.144 D_B=0.201 D_A(real)=0.80 D_A(fake)=0.20 gnG=12.25 gnD=9.11 it_per_s=4.99
2026-10-04 06:25:20,290 INFO iter=102700 epoch=15 lr=2.00e-04 G=2.391 advA2B=0.421 advB2A=0.585 cycA=0.110 cycB=0.134 idtA=0.181 idtB=0.153 D_A=0.144 D_B=0.201 D_A(real)=0.80 D_A(fake)=0.20 gnG=12.28 gnD=9.11 it_per_s=5.00
2026-10-04 06:25:40,221 INFO iter=102800 epoch=15 lr=2.00e-04 G=2.389 advA2B=0.421 advB2A=0.585 cycA=0.110 cycB=0.134 idtA=0.180 idtB=0.153 D_A=0.144 D_B=0.201 D_A(real)=0.80 D_A(fake)=0.20 gnG=12.26 gnD=9.11 it_per_s=5.00
2026-10-04 06:26:00,137 INFO iter=102900 epoch=15 lr=2.00e-04 G=2.391 advA2B=0.421 advB2A=0.585 cycA=0.110 cycB=0.134 idtA=0.180 idtB=0.154 D_A=0.144 D_B=0.201 D_A(real)=0.80 D_A(fake)=0.20 gnG=12.27 gnD=9.10 it_per_s=5.00
2026-10-04 06:26:20,080 INFO iter=103000 epoch=15 lr=2.00e-04 G=2.391 advA2B=0.420 advB2A=0.585 cycA=0.110 cycB=0.134 idtA=0.180 idtB=0.154 D_A=0.144 D_B=0.201 D_A(real)=0.80 D_A(fake)=0.20 gnG=12.27 gnD=9.11 it_per_s=5.00
2026-10-04 06:26:39,996 INFO iter=103100 epoch=15 lr=2.00e-04 G=2.390 advA2B=0.420 advB2A=0.585 cycA=0.110 cycB=0.134 idtA=0.180 idtB=0.154 D_A=0.144 D_B=0.201 D_A(real)=0.80 D_A(fake)=0.20 gnG=12.29 gnD=9.11 it_per_s=5.00
2026-10-04 06:26:59,927 INFO iter=103200 epoch=15 lr=2.00e-04 G=2.393 advA2B=0.421 advB2A=0.586 cycA=0.110 cycB=0.134 idtA=0.180 idtB=0.154 D_A=0.144 D_B=0.201 D_A(real)=0.80 D_A(fake)=0.20 gnG=12.27 gnD=9.11 it_per_s=5.00
2026-10-04 06:27:19,868 INFO iter=103300 epoch=15 lr=2.00e-04 G=2.395 advA2B=0.421 advB2A=0.587 cycA=0.110 cycB=0.134 idtA=0.180 idtB=0.154 D_A=0.144 D_B=0.201 D_A(real)=0.80 D_A(fake)=0.20 gnG=12.29 gnD=9.11 it_per_s=5.00
2026-10-04 06:27:39,743 INFO iter=103400 epoch=15 lr=2.00e-04 G=2.394 advA2B=0.421 advB2A=0.587 cycA=0.110 cycB=0.134 idtA=0.180 idtB=0.154 D_A=0.144 D_B=0.201 D_A(real)=0.80 D_A(fake)=0.20 gnG=12.28 gnD=9.11 it_per_s=5.00
2026-10-04 06:27:59,658 INFO iter=103500 epoch=15 lr=2.00e-04 G=2.393 advA2B=0.422 advB2A=0.587 cycA=0.110 cycB=0.134 idtA=0.180 idtB=0.154 D_A=0.144 D_B=0.201 D_A(real)=0.80 D_A(fake)=0.20 gnG=12.26 gnD=9.11 it_per_s=5.00
2026-10-04 06:28:19,580 INFO iter=103600 epoch=15 lr=2.00e-04 G=2.393 advA2B=0.422 advB2A=0.587 cycA=0.110 cycB=0.134 idtA=0.180 idtB=0.154 D_A=0.144 D_B=0.201 D_A(real)=0.80 D_A(fake)=0.20 gnG=12.27 gnD=9.11 it_per_s=5.00
2026-10-04 06:28:39,455 INFO iter=103700 epoch=15 lr=2.00e-04 G=2.394 advA2B=0.422 advB2A=0.587 cycA=0.110 cycB=0.134 idtA=0.180 idtB=0.154 D_A=0.143 D_B=0.201 D_A(real)=0.80 D_A(fake)=0.20 gnG=12.27 gnD=9.11 it_per_s=5.00
2026-10-04 06:28:59,381 INFO iter=103800 epoch=15 lr=2.00e-04 G=2.394 advA2B=0.422 advB2A=0.587 cycA=0.110 cycB=0.134 idtA=0.180 idtB=0.154 D_A=0.143 D_B=0.201 D_A(real)=0.80 D_A(fake)=0.20 gnG=12.29 gnD=9.11 it_per_s=5.00
2026-10-04 06:29:19,315 INFO iter=103900 epoch=15 lr=2.00e-04 G=2.393 advA2B=0.422 advB2A=0.586 cycA=0.110 cycB=0.134 idtA=0.180 idtB=0.154 D_A=0.143 D_B=0.201 D_A(real)=0.80 D_A(fake)=0.20 gnG=12.26 gnD=9.13 it_per_s=5.00
2026-10-04 06:29:39,223 INFO iter=104000 epoch=15 lr=2.00e-04 G=2.392 advA2B=0.422 advB2A=0.586 cycA=0.110 cycB=0.134 idtA=0.180 idtB=0.154 D_A=0.143 D_B=0.201 D_A(real)=0.80 D_A(fake)=0.20 gnG=12.24 gnD=9.13 it_per_s=5.00
2026-10-04 06:29:59,146 INFO iter=104100 epoch=15 lr=2.00e-04 G=2.390 advA2B=0.422 advB2A=0.586 cycA=0.109 cycB=0.134 idtA=0.179 idtB=0.154 D_A=0.143 D_B=0.201 D_A(real)=0.80 D_A(fake)=0.20 gnG=12.24 gnD=9.13 it_per_s=5.00
2026-10-04 06:30:18,496 INFO iter=104200 epoch=15 lr=2.00e-04 G=2.389 advA2B=0.421 advB2A=0.586 cycA=0.109 cycB=0.134 idtA=0.179 idtB=0.153 D_A=0.143 D_B=0.201 D_A(real)=0.80 D_A(fake)=0.20 gnG=12.23 gnD=9.12 it_per_s=5.00
2026-10-04 06:30:38,420 INFO iter=104300 epoch=15 lr=2.00e-04 G=2.387 advA2B=0.420 advB2A=0.586 cycA=0.109 cycB=0.134 idtA=0.179 idtB=0.153 D_A=0.143 D_B=0.201 D_A(real)=0.80 D_A(fake)=0.20 gnG=12.24 gnD=9.13 it_per_s=5.00
2026-10-04 06:31:01,882 INFO iter=104400 epoch=15 lr=2.00e-04 G=2.386 advA2B=0.420 advB2A=0.586 cycA=0.109 cycB=0.134 idtA=0.179 idtB=0.153 D_A=0.143 D_B=0.201 D_A(real)=0.80 D_A(fake)=0.20 gnG=12.23 gnD=9.12 it_per_s=4.99
2026-10-04 06:31:25,374 INFO iter=104500 epoch=15 lr=2.00e-04 G=2.385 advA2B=0.420 advB2A=0.585 cycA=0.109 cycB=0.134 idtA=0.179 idtB=0.153 D_A=0.143 D_B=0.202 D_A(real)=0.80 D_A(fake)=0.20 gnG=12.21 gnD=9.13 it_per_s=4.98
2026-10-04 06:31:46,308 INFO iter=104600 epoch=15 lr=2.00e-04 G=2.385 advA2B=0.420 advB2A=0.585 cycA=0.109 cycB=0.133 idtA=0.179 idtB=0.153 D_A=0.143 D_B=0.202 D_A(real)=0.80 D_A(fake)=0.20 gnG=12.22 gnD=9.12 it_per_s=4.97
2026-10-04 06:32:06,239 INFO iter=104700 epoch=15 lr=2.00e-04 G=2.384 advA2B=0.420 advB2A=0.586 cycA=0.109 cycB=0.133 idtA=0.179 idtB=0.153 D_A=0.143 D_B=0.201 D_A(real)=0.80 D_A(fake)=0.20 gnG=12.22 gnD=9.13 it_per_s=4.97
2026-10-04 06:32:26,208 INFO iter=104800 epoch=15 lr=2.00e-04 G=2.385 advA2B=0.421 advB2A=0.586 cycA=0.109 cycB=0.133 idtA=0.179 idtB=0.153 D_A=0.143 D_B=0.201 D_A(real)=0.80 D_A(fake)=0.20 gnG=12.22 gnD=9.14 it_per_s=4.97
2026-10-04 06:32:46,133 INFO iter=104900 epoch=15 lr=2.00e-04 G=2.385 advA2B=0.421 advB2A=0.586 cycA=0.109 cycB=0.133 idtA=0.179 idtB=0.153 D_A=0.143 D_B=0.201 D_A(real)=0.80 D_A(fake)=0.20 gnG=12.24 gnD=9.15 it_per_s=4.97
2026-10-04 06:33:06,060 INFO iter=105000 epoch=15 lr=2.00e-04 G=2.385 advA2B=0.421 advB2A=0.585 cycA=0.109 cycB=0.133 idtA=0.179 idtB=0.153 D_A=0.143 D_B=0.201 D_A(real)=0.80 D_A(fake)=0.20 gnG=12.23 gnD=9.16 it_per_s=4.97
2026-10-04 06:33:26,020 INFO iter=105100 epoch=15 lr=2.00e-04 G=2.385 advA2B=0.421 advB2A=0.585 cycA=0.109 cycB=0.133 idtA=0.179 idtB=0.153 D_A=0.143 D_B=0.201 D_A(real)=0.80 D_A(fake)=0.20 gnG=12.23 gnD=9.16 it_per_s=4.98
2026-10-04 06:33:45,969 INFO iter=105200 epoch=15 lr=2.00e-04 G=2.385 advA2B=0.421 advB2A=0.585 cycA=0.109 cycB=0.133 idtA=0.179 idtB=0.153 D_A=0.143 D_B=0.201 D_A(real)=0.80 D_A(fake)=0.20 gnG=12.22 gnD=9.16 it_per_s=4.98
2026-10-04 06:34:05,864 INFO iter=105300 epoch=15 lr=2.00e-04 G=2.385 advA2B=0.422 advB2A=0.585 cycA=0.109 cycB=0.133 idtA=0.179 idtB=0.153 D_A=0.143 D_B=0.201 D_A(real)=0.80 D_A(fake)=0.20 gnG=12.21 gnD=9.16 it_per_s=4.98
2026-10-04 06:34:25,840 INFO iter=105400 epoch=15 lr=2.00e-04 G=2.385 advA2B=0.421 advB2A=0.585 cycA=0.109 cycB=0.133 idtA=0.179 idtB=0.153 D_A=0.143 D_B=0.201 D_A(real)=0.80 D_A(fake)=0.20 gnG=12.22 gnD=9.16 it_per_s=4.98
2026-10-04 06:34:45,780 INFO iter=105500 epoch=15 lr=2.00e-04 G=2.384 advA2B=0.421 advB2A=0.585 cycA=0.109 cycB=0.133 idtA=0.179 idtB=0.153 D_A=0.143 D_B=0.201 D_A(real)=0.80 D_A(fake)=0.20 gnG=12.23 gnD=9.16 it_per_s=4.98
2026-10-04 06:34:59,733 INFO epoch=15 done time_s=1414 it_per_s=4.98 G=2.386 cycA=0.109 cycB=0.134 idtA=0.179 idtB=0.153 D_A=0.143 D_B=0.201 D_A(real)=0.80 D_A(fake)=0.20 nan_count=0
2026-10-04 06:35:06,672 INFO iter=105600 epoch=16 lr=2.00e-04 G=2.292 advA2B=0.432 advB2A=0.487 cycA=0.106 cycB=0.133 idtA=0.175 idtB=0.186 D_A=0.126 D_B=0.250 D_A(real)=0.80 D_A(fake)=0.20 gnG=12.59 gnD=9.75 it_per_s=4.99
2026-10-04 06:35:30,133 INFO iter=105700 epoch=16 lr=2.00e-04 G=2.293 advA2B=0.387 advB2A=0.572 cycA=0.103 cycB=0.131 idtA=0.175 idtB=0.154 D_A=0.135 D_B=0.222 D_A(real)=0.82 D_A(fake)=0.18 gnG=12.62 gnD=9.22 it_per_s=4.41
2026-10-04 06:35:52,378 INFO iter=105800 epoch=16 lr=2.00e-04 G=2.345 advA2B=0.406 advB2A=0.593 cycA=0.107 cycB=0.129 idtA=0.182 idtB=0.151 D_A=0.134 D_B=0.209 D_A(real)=0.82 D_A(fake)=0.17 gnG=11.77 gnD=9.20 it_per_s=4.45
2026-10-04 06:36:14,640 INFO iter=105900 epoch=16 lr=2.00e-04 G=2.373 advA2B=0.413 advB2A=0.590 cycA=0.109 cycB=0.132 idtA=0.183 idtB=0.152 D_A=0.136 D_B=0.201 D_A(real)=0.82 D_A(fake)=0.18 gnG=12.01 gnD=9.06 it_per_s=4.46
2026-10-04 06:36:38,381 INFO iter=106000 epoch=16 lr=2.00e-04 G=2.387 advA2B=0.421 advB2A=0.596 cycA=0.109 cycB=0.132 idtA=0.182 idtB=0.149 D_A=0.135 D_B=0.201 D_A(real)=0.82 D_A(fake)=0.18 gnG=12.14 gnD=9.19 it_per_s=4.40
2026-10-04 06:37:02,081 INFO iter=106100 epoch=16 lr=2.00e-04 G=2.383 advA2B=0.415 advB2A=0.601 cycA=0.108 cycB=0.132 idtA=0.181 idtB=0.150 D_A=0.132 D_B=0.203 D_A(real)=0.83 D_A(fake)=0.17 gnG=12.26 gnD=9.17 it_per_s=4.36
2026-10-04 06:37:25,542 INFO iter=106200 epoch=16 lr=2.00e-04 G=2.400 advA2B=0.415 advB2A=0.605 cycA=0.109 cycB=0.133 idtA=0.181 idtB=0.152 D_A=0.134 D_B=0.202 D_A(real)=0.83 D_A(fake)=0.17 gnG=12.57 gnD=9.16 it_per_s=4.35
2026-10-04 06:37:46,902 INFO iter=106300 epoch=16 lr=2.00e-04 G=2.394 advA2B=0.415 advB2A=0.602 cycA=0.109 cycB=0.133 idtA=0.181 idtB=0.151 D_A=0.136 D_B=0.202 D_A(real)=0.83 D_A(fake)=0.17 gnG=12.49 gnD=9.16 it_per_s=4.39
2026-10-04 06:38:10,534 INFO iter=106400 epoch=16 lr=2.00e-04 G=2.400 advA2B=0.416 advB2A=0.602 cycA=0.109 cycB=0.134 idtA=0.182 idtB=0.151 D_A=0.136 D_B=0.201 D_A(real)=0.82 D_A(fake)=0.18 gnG=12.32 gnD=9.18 it_per_s=4.37
2026-10-04 06:38:30,510 INFO iter=106500 epoch=16 lr=2.00e-04 G=2.401 advA2B=0.417 advB2A=0.603 cycA=0.109 cycB=0.134 idtA=0.181 idtB=0.151 D_A=0.136 D_B=0.202 D_A(real)=0.82 D_A(fake)=0.18 gnG=12.31 gnD=9.21 it_per_s=4.43
2026-10-04 06:38:50,448 INFO iter=106600 epoch=16 lr=2.00e-04 G=2.401 advA2B=0.418 advB2A=0.601 cycA=0.109 cycB=0.134 idtA=0.181 idtB=0.151 D_A=0.136 D_B=0.202 D_A(real)=0.82 D_A(fake)=0.18 gnG=12.30 gnD=9.20 it_per_s=4.48
2026-10-04 06:39:10,406 INFO iter=106700 epoch=16 lr=2.00e-04 G=2.398 advA2B=0.419 advB2A=0.601 cycA=0.109 cycB=0.134 idtA=0.180 idtB=0.150 D_A=0.136 D_B=0.201 D_A(real)=0.82 D_A(fake)=0.18 gnG=12.36 gnD=9.20 it_per_s=4.52
2026-10-04 06:39:30,329 INFO iter=106800 epoch=16 lr=2.00e-04 G=2.390 advA2B=0.418 advB2A=0.599 cycA=0.109 cycB=0.133 idtA=0.180 idtB=0.150 D_A=0.136 D_B=0.202 D_A(real)=0.82 D_A(fake)=0.18 gnG=12.28 gnD=9.18 it_per_s=4.56
2026-10-04 06:39:50,235 INFO iter=106900 epoch=16 lr=2.00e-04 G=2.393 advA2B=0.420 advB2A=0.597 cycA=0.108 cycB=0.134 idtA=0.180 idtB=0.151 D_A=0.136 D_B=0.201 D_A(real)=0.82 D_A(fake)=0.18 gnG=12.39 gnD=9.13 it_per_s=4.59
2026-10-04 06:40:10,142 INFO iter=107000 epoch=16 lr=2.00e-04 G=2.396 advA2B=0.422 advB2A=0.600 cycA=0.108 cycB=0.134 idtA=0.180 idtB=0.152 D_A=0.136 D_B=0.201 D_A(real)=0.82 D_A(fake)=0.18 gnG=12.36 gnD=9.11 it_per_s=4.62
2026-10-04 06:40:30,053 INFO iter=107100 epoch=16 lr=2.00e-04 G=2.392 advA2B=0.420 advB2A=0.600 cycA=0.108 cycB=0.133 idtA=0.180 idtB=0.152 D_A=0.137 D_B=0.200 D_A(real)=0.82 D_A(fake)=0.18 gnG=12.42 gnD=9.13 it_per_s=4.64
2026-10-04 06:40:49,963 INFO iter=107200 epoch=16 lr=2.00e-04 G=2.390 advA2B=0.417 advB2A=0.599 cycA=0.108 cycB=0.133 idtA=0.180 idtB=0.153 D_A=0.137 D_B=0.201 D_A(real)=0.82 D_A(fake)=0.18 gnG=12.46 gnD=9.10 it_per_s=4.67
2026-10-04 06:41:09,896 INFO iter=107300 epoch=16 lr=2.00e-04 G=2.387 advA2B=0.417 advB2A=0.598 cycA=0.108 cycB=0.133 idtA=0.181 idtB=0.152 D_A=0.137 D_B=0.201 D_A(real)=0.82 D_A(fake)=0.18 gnG=12.44 gnD=9.10 it_per_s=4.69
2026-10-04 06:41:29,853 INFO iter=107400 epoch=16 lr=2.00e-04 G=2.386 advA2B=0.416 advB2A=0.597 cycA=0.108 cycB=0.133 idtA=0.180 idtB=0.152 D_A=0.138 D_B=0.201 D_A(real)=0.81 D_A(fake)=0.19 gnG=12.39 gnD=9.13 it_per_s=4.70
2026-10-04 06:41:49,780 INFO iter=107500 epoch=16 lr=2.00e-04 G=2.383 advA2B=0.415 advB2A=0.596 cycA=0.108 cycB=0.133 idtA=0.180 idtB=0.152 D_A=0.138 D_B=0.201 D_A(real)=0.82 D_A(fake)=0.18 gnG=12.32 gnD=9.17 it_per_s=4.72
2026-10-04 06:42:09,753 INFO iter=107600 epoch=16 lr=2.00e-04 G=2.384 advA2B=0.415 advB2A=0.596 cycA=0.108 cycB=0.133 idtA=0.180 idtB=0.152 D_A=0.137 D_B=0.201 D_A(real)=0.82 D_A(fake)=0.18 gnG=12.28 gnD=9.15 it_per_s=4.73
2026-10-04 06:42:29,725 INFO iter=107700 epoch=16 lr=2.00e-04 G=2.382 advA2B=0.414 advB2A=0.596 cycA=0.108 cycB=0.133 idtA=0.180 idtB=0.152 D_A=0.137 D_B=0.202 D_A(real)=0.82 D_A(fake)=0.18 gnG=12.24 gnD=9.15 it_per_s=4.74
2026-10-04 06:42:49,698 INFO iter=107800 epoch=16 lr=2.00e-04 G=2.381 advA2B=0.413 advB2A=0.596 cycA=0.108 cycB=0.133 idtA=0.180 idtB=0.152 D_A=0.138 D_B=0.201 D_A(real)=0.82 D_A(fake)=0.18 gnG=12.25 gnD=9.12 it_per_s=4.75
2026-10-04 06:43:09,641 INFO iter=107900 epoch=16 lr=2.00e-04 G=2.383 advA2B=0.414 advB2A=0.596 cycA=0.108 cycB=0.133 idtA=0.180 idtB=0.152 D_A=0.138 D_B=0.202 D_A(real)=0.82 D_A(fake)=0.18 gnG=12.24 gnD=9.12 it_per_s=4.76
2026-10-04 06:43:29,514 INFO iter=108000 epoch=16 lr=2.00e-04 G=2.384 advA2B=0.414 advB2A=0.595 cycA=0.109 cycB=0.133 idtA=0.181 idtB=0.152 D_A=0.138 D_B=0.202 D_A(real)=0.82 D_A(fake)=0.18 gnG=12.24 gnD=9.11 it_per_s=4.78
2026-10-04 06:43:49,442 INFO iter=108100 epoch=16 lr=2.00e-04 G=2.379 advA2B=0.412 advB2A=0.594 cycA=0.109 cycB=0.133 idtA=0.181 idtB=0.152 D_A=0.138 D_B=0.202 D_A(real)=0.82 D_A(fake)=0.18 gnG=12.19 gnD=9.11 it_per_s=4.78
2026-10-04 06:44:09,330 INFO iter=108200 epoch=16 lr=2.00e-04 G=2.379 advA2B=0.413 advB2A=0.594 cycA=0.108 cycB=0.133 idtA=0.180 idtB=0.152 D_A=0.138 D_B=0.202 D_A(real)=0.82 D_A(fake)=0.18 gnG=12.18 gnD=9.10 it_per_s=4.79
2026-10-04 06:44:29,254 INFO iter=108300 epoch=16 lr=2.00e-04 G=2.379 advA2B=0.413 advB2A=0.594 cycA=0.108 cycB=0.133 idtA=0.180 idtB=0.152 D_A=0.138 D_B=0.202 D_A(real)=0.82 D_A(fake)=0.18 gnG=12.19 gnD=9.08 it_per_s=4.80
2026-10-04 06:44:49,205 INFO iter=108400 epoch=16 lr=2.00e-04 G=2.379 advA2B=0.412 advB2A=0.595 cycA=0.108 cycB=0.133 idtA=0.180 idtB=0.152 D_A=0.138 D_B=0.202 D_A(real)=0.82 D_A(fake)=0.18 gnG=12.23 gnD=9.08 it_per_s=4.81
2026-10-04 06:45:09,129 INFO iter=108500 epoch=16 lr=2.00e-04 G=2.380 advA2B=0.414 advB2A=0.595 cycA=0.108 cycB=0.133 idtA=0.180 idtB=0.152 D_A=0.138 D_B=0.201 D_A(real)=0.82 D_A(fake)=0.18 gnG=12.19 gnD=9.10 it_per_s=4.82
2026-10-04 06:45:29,052 INFO iter=108600 epoch=16 lr=2.00e-04 G=2.380 advA2B=0.415 advB2A=0.595 cycA=0.108 cycB=0.133 idtA=0.180 idtB=0.152 D_A=0.138 D_B=0.202 D_A(real)=0.82 D_A(fake)=0.18 gnG=12.18 gnD=9.11 it_per_s=4.82
2026-10-04 06:45:48,947 INFO iter=108700 epoch=16 lr=2.00e-04 G=2.382 advA2B=0.416 advB2A=0.595 cycA=0.108 cycB=0.133 idtA=0.180 idtB=0.152 D_A=0.138 D_B=0.202 D_A(real)=0.82 D_A(fake)=0.18 gnG=12.20 gnD=9.10 it_per_s=4.83
2026-10-04 06:46:08,878 INFO iter=108800 epoch=16 lr=2.00e-04 G=2.383 advA2B=0.415 advB2A=0.596 cycA=0.108 cycB=0.133 idtA=0.180 idtB=0.152 D_A=0.138 D_B=0.201 D_A(real)=0.82 D_A(fake)=0.18 gnG=12.21 gnD=9.11 it_per_s=4.83
2026-10-04 06:46:28,818 INFO iter=108900 epoch=16 lr=2.00e-04 G=2.384 advA2B=0.415 advB2A=0.597 cycA=0.108 cycB=0.133 idtA=0.180 idtB=0.152 D_A=0.137 D_B=0.201 D_A(real)=0.82 D_A(fake)=0.18 gnG=12.20 gnD=9.11 it_per_s=4.84
2026-10-04 06:46:49,003 INFO iter=109000 epoch=16 lr=2.00e-04 G=2.385 advA2B=0.415 advB2A=0.597 cycA=0.108 cycB=0.133 idtA=0.180 idtB=0.153 D_A=0.137 D_B=0.202 D_A(real)=0.82 D_A(fake)=0.18 gnG=12.22 gnD=9.10 it_per_s=4.84
2026-10-04 06:47:08,931 INFO iter=109100 epoch=16 lr=2.00e-04 G=2.386 advA2B=0.415 advB2A=0.598 cycA=0.108 cycB=0.133 idtA=0.180 idtB=0.153 D_A=0.137 D_B=0.201 D_A(real)=0.82 D_A(fake)=0.18 gnG=12.22 gnD=9.10 it_per_s=4.85
2026-10-04 06:47:28,828 INFO iter=109200 epoch=16 lr=2.00e-04 G=2.385 advA2B=0.415 advB2A=0.598 cycA=0.108 cycB=0.133 idtA=0.180 idtB=0.153 D_A=0.137 D_B=0.201 D_A(real)=0.82 D_A(fake)=0.18 gnG=12.22 gnD=9.10 it_per_s=4.85
2026-10-04 06:47:48,756 INFO iter=109300 epoch=16 lr=2.00e-04 G=2.386 advA2B=0.416 advB2A=0.598 cycA=0.108 cycB=0.133 idtA=0.180 idtB=0.152 D_A=0.137 D_B=0.201 D_A(real)=0.82 D_A(fake)=0.18 gnG=12.24 gnD=9.11 it_per_s=4.86
2026-10-04 06:48:08,715 INFO iter=109400 epoch=16 lr=2.00e-04 G=2.386 advA2B=0.416 advB2A=0.599 cycA=0.108 cycB=0.133 idtA=0.180 idtB=0.153 D_A=0.137 D_B=0.200 D_A(real)=0.82 D_A(fake)=0.18 gnG=12.22 gnD=9.11 it_per_s=4.86
2026-10-04 06:48:28,622 INFO iter=109500 epoch=16 lr=2.00e-04 G=2.386 advA2B=0.415 advB2A=0.599 cycA=0.108 cycB=0.133 idtA=0.180 idtB=0.152 D_A=0.137 D_B=0.201 D_A(real)=0.82 D_A(fake)=0.18 gnG=12.21 gnD=9.11 it_per_s=4.86
2026-10-04 06:48:48,558 INFO iter=109600 epoch=16 lr=2.00e-04 G=2.385 advA2B=0.415 advB2A=0.599 cycA=0.108 cycB=0.133 idtA=0.180 idtB=0.152 D_A=0.137 D_B=0.201 D_A(real)=0.82 D_A(fake)=0.18 gnG=12.23 gnD=9.10 it_per_s=4.87
2026-10-04 06:49:08,484 INFO iter=109700 epoch=16 lr=2.00e-04 G=2.384 advA2B=0.415 advB2A=0.600 cycA=0.108 cycB=0.133 idtA=0.180 idtB=0.152 D_A=0.137 D_B=0.200 D_A(real)=0.82 D_A(fake)=0.18 gnG=12.20 gnD=9.08 it_per_s=4.87
2026-10-04 06:49:27,863 INFO iter=109800 epoch=16 lr=2.00e-04 G=2.383 advA2B=0.415 advB2A=0.600 cycA=0.108 cycB=0.133 idtA=0.180 idtB=0.152 D_A=0.137 D_B=0.201 D_A(real)=0.82 D_A(fake)=0.18 gnG=12.20 gnD=9.09 it_per_s=4.88
2026-10-04 06:49:47,771 INFO iter=109900 epoch=16 lr=2.00e-04 G=2.383 advA2B=0.416 advB2A=0.599 cycA=0.108 cycB=0.133 idtA=0.180 idtB=0.152 D_A=0.137 D_B=0.201 D_A(real)=0.82 D_A(fake)=0.18 gnG=12.19 gnD=9.09 it_per_s=4.88
2026-10-04 06:50:07,687 INFO iter=110000 epoch=16 lr=2.00e-04 G=2.382 advA2B=0.416 advB2A=0.599 cycA=0.108 cycB=0.133 idtA=0.180 idtB=0.152 D_A=0.136 D_B=0.201 D_A(real)=0.82 D_A(fake)=0.18 gnG=12.21 gnD=9.10 it_per_s=4.88
2026-10-04 06:50:27,624 INFO iter=110100 epoch=16 lr=2.00e-04 G=2.384 advA2B=0.416 advB2A=0.600 cycA=0.108 cycB=0.133 idtA=0.180 idtB=0.152 D_A=0.136 D_B=0.201 D_A(real)=0.82 D_A(fake)=0.18 gnG=12.22 gnD=9.10 it_per_s=4.89
2026-10-04 06:50:47,533 INFO iter=110200 epoch=16 lr=2.00e-04 G=2.383 advA2B=0.416 advB2A=0.600 cycA=0.108 cycB=0.133 idtA=0.180 idtB=0.152 D_A=0.136 D_B=0.201 D_A(real)=0.82 D_A(fake)=0.18 gnG=12.20 gnD=9.09 it_per_s=4.89
2026-10-04 06:51:07,416 INFO iter=110300 epoch=16 lr=2.00e-04 G=2.385 advA2B=0.416 advB2A=0.601 cycA=0.108 cycB=0.133 idtA=0.180 idtB=0.152 D_A=0.136 D_B=0.201 D_A(real)=0.82 D_A(fake)=0.18 gnG=12.21 gnD=9.11 it_per_s=4.89
2026-10-04 06:51:27,332 INFO iter=110400 epoch=16 lr=2.00e-04 G=2.384 advA2B=0.416 advB2A=0.601 cycA=0.108 cycB=0.132 idtA=0.180 idtB=0.151 D_A=0.137 D_B=0.201 D_A(real)=0.82 D_A(fake)=0.18 gnG=12.19 gnD=9.11 it_per_s=4.90
2026-10-04 06:51:47,215 INFO iter=110500 epoch=16 lr=2.00e-04 G=2.382 advA2B=0.417 advB2A=0.600 cycA=0.108 cycB=0.132 idtA=0.180 idtB=0.151 D_A=0.137 D_B=0.201 D_A(real)=0.82 D_A(fake)=0.18 gnG=12.19 gnD=9.10 it_per_s=4.90
2026-10-04 06:52:07,110 INFO iter=110600 epoch=16 lr=2.00e-04 G=2.383 advA2B=0.417 advB2A=0.601 cycA=0.108 cycB=0.132 idtA=0.180 idtB=0.151 D_A=0.137 D_B=0.201 D_A(real)=0.82 D_A(fake)=0.18 gnG=12.20 gnD=9.10 it_per_s=4.90
2026-10-04 06:52:27,056 INFO iter=110700 epoch=16 lr=2.00e-04 G=2.385 advA2B=0.418 advB2A=0.599 cycA=0.108 cycB=0.132 idtA=0.180 idtB=0.151 D_A=0.137 D_B=0.200 D_A(real)=0.82 D_A(fake)=0.18 gnG=12.20 gnD=9.11 it_per_s=4.90
2026-10-04 06:52:46,889 INFO iter=110800 epoch=16 lr=2.00e-04 G=2.385 advA2B=0.419 advB2A=0.598 cycA=0.108 cycB=0.133 idtA=0.180 idtB=0.151 D_A=0.137 D_B=0.200 D_A(real)=0.82 D_A(fake)=0.18 gnG=12.19 gnD=9.11 it_per_s=4.91
2026-10-04 06:53:06,845 INFO iter=110900 epoch=16 lr=2.00e-04 G=2.384 advA2B=0.419 advB2A=0.599 cycA=0.108 cycB=0.132 idtA=0.180 idtB=0.151 D_A=0.137 D_B=0.200 D_A(real)=0.82 D_A(fake)=0.18 gnG=12.19 gnD=9.12 it_per_s=4.91
2026-10-04 06:53:26,737 INFO iter=111000 epoch=16 lr=2.00e-04 G=2.384 advA2B=0.420 advB2A=0.599 cycA=0.108 cycB=0.132 idtA=0.180 idtB=0.151 D_A=0.137 D_B=0.200 D_A(real)=0.82 D_A(fake)=0.18 gnG=12.18 gnD=9.12 it_per_s=4.91
2026-10-04 06:53:46,686 INFO iter=111100 epoch=16 lr=2.00e-04 G=2.383 advA2B=0.419 advB2A=0.599 cycA=0.108 cycB=0.132 idtA=0.180 idtB=0.151 D_A=0.137 D_B=0.200 D_A(real)=0.82 D_A(fake)=0.18 gnG=12.18 gnD=9.12 it_per_s=4.91
2026-10-04 06:54:06,648 INFO iter=111200 epoch=16 lr=2.00e-04 G=2.383 advA2B=0.420 advB2A=0.598 cycA=0.108 cycB=0.132 idtA=0.180 idtB=0.151 D_A=0.137 D_B=0.200 D_A(real)=0.82 D_A(fake)=0.18 gnG=12.20 gnD=9.12 it_per_s=4.91
2026-10-04 06:54:26,585 INFO iter=111300 epoch=16 lr=2.00e-04 G=2.385 advA2B=0.421 advB2A=0.599 cycA=0.108 cycB=0.132 idtA=0.180 idtB=0.151 D_A=0.137 D_B=0.200 D_A(real)=0.82 D_A(fake)=0.18 gnG=12.20 gnD=9.13 it_per_s=4.91
2026-10-04 06:54:46,531 INFO iter=111400 epoch=16 lr=2.00e-04 G=2.385 advA2B=0.422 advB2A=0.599 cycA=0.108 cycB=0.132 idtA=0.180 idtB=0.151 D_A=0.137 D_B=0.200 D_A(real)=0.82 D_A(fake)=0.18 gnG=12.19 gnD=9.13 it_per_s=4.92
2026-10-04 06:55:06,458 INFO iter=111500 epoch=16 lr=2.00e-04 G=2.386 advA2B=0.422 advB2A=0.599 cycA=0.108 cycB=0.132 idtA=0.180 idtB=0.151 D_A=0.137 D_B=0.200 D_A(real)=0.82 D_A(fake)=0.18 gnG=12.19 gnD=9.13 it_per_s=4.92
2026-10-04 06:55:26,458 INFO iter=111600 epoch=16 lr=2.00e-04 G=2.386 advA2B=0.422 advB2A=0.600 cycA=0.108 cycB=0.132 idtA=0.180 idtB=0.151 D_A=0.137 D_B=0.200 D_A(real)=0.82 D_A(fake)=0.18 gnG=12.19 gnD=9.12 it_per_s=4.92
2026-10-04 06:55:46,387 INFO iter=111700 epoch=16 lr=2.00e-04 G=2.386 advA2B=0.423 advB2A=0.599 cycA=0.108 cycB=0.132 idtA=0.180 idtB=0.151 D_A=0.137 D_B=0.200 D_A(real)=0.82 D_A(fake)=0.18 gnG=12.20 gnD=9.12 it_per_s=4.92
2026-10-04 06:56:06,336 INFO iter=111800 epoch=16 lr=2.00e-04 G=2.386 advA2B=0.424 advB2A=0.599 cycA=0.108 cycB=0.132 idtA=0.181 idtB=0.151 D_A=0.137 D_B=0.200 D_A(real)=0.82 D_A(fake)=0.18 gnG=12.19 gnD=9.12 it_per_s=4.92
2026-10-04 06:56:26,274 INFO iter=111900 epoch=16 lr=2.00e-04 G=2.386 advA2B=0.424 advB2A=0.599 cycA=0.108 cycB=0.132 idtA=0.180 idtB=0.151 D_A=0.137 D_B=0.200 D_A(real)=0.82 D_A(fake)=0.18 gnG=12.18 gnD=9.12 it_per_s=4.92
2026-10-04 06:56:46,225 INFO iter=112000 epoch=16 lr=2.00e-04 G=2.384 advA2B=0.424 advB2A=0.599 cycA=0.108 cycB=0.132 idtA=0.180 idtB=0.151 D_A=0.137 D_B=0.200 D_A(real)=0.82 D_A(fake)=0.18 gnG=12.19 gnD=9.12 it_per_s=4.93
2026-10-04 06:57:06,159 INFO iter=112100 epoch=16 lr=2.00e-04 G=2.385 advA2B=0.424 advB2A=0.599 cycA=0.108 cycB=0.132 idtA=0.180 idtB=0.151 D_A=0.136 D_B=0.199 D_A(real)=0.82 D_A(fake)=0.18 gnG=12.19 gnD=9.12 it_per_s=4.93
2026-10-04 06:57:26,128 INFO iter=112200 epoch=16 lr=2.00e-04 G=2.387 advA2B=0.424 advB2A=0.599 cycA=0.108 cycB=0.132 idtA=0.180 idtB=0.151 D_A=0.137 D_B=0.199 D_A(real)=0.82 D_A(fake)=0.18 gnG=12.18 gnD=9.12 it_per_s=4.93
2026-10-04 06:57:46,019 INFO iter=112300 epoch=16 lr=2.00e-04 G=2.387 advA2B=0.425 advB2A=0.600 cycA=0.108 cycB=0.132 idtA=0.180 idtB=0.151 D_A=0.136 D_B=0.199 D_A(real)=0.82 D_A(fake)=0.18 gnG=12.16 gnD=9.12 it_per_s=4.93
2026-10-04 06:58:05,945 INFO iter=112400 epoch=16 lr=2.00e-04 G=2.387 advA2B=0.426 advB2A=0.599 cycA=0.108 cycB=0.132 idtA=0.180 idtB=0.151 D_A=0.136 D_B=0.199 D_A(real)=0.82 D_A(fake)=0.18 gnG=12.16 gnD=9.12 it_per_s=4.93
2026-10-04 06:58:25,840 INFO iter=112500 epoch=16 lr=2.00e-04 G=2.389 advA2B=0.426 advB2A=0.600 cycA=0.108 cycB=0.132 idtA=0.180 idtB=0.151 D_A=0.136 D_B=0.199 D_A(real)=0.82 D_A(fake)=0.18 gnG=12.18 gnD=9.11 it_per_s=4.93
2026-10-04 06:58:45,759 INFO iter=112600 epoch=16 lr=2.00e-04 G=2.389 advA2B=0.426 advB2A=0.600 cycA=0.108 cycB=0.132 idtA=0.180 idtB=0.151 D_A=0.136 D_B=0.199 D_A(real)=0.82 D_A(fake)=0.18 gnG=12.18 gnD=9.12 it_per_s=4.93
2026-10-04 06:58:47,345 INFO epoch=16 done time_s=1427 it_per_s=4.93 G=2.388 cycA=0.108 cycB=0.132 idtA=0.180 idtB=0.151 D_A=0.136 D_B=0.199 D_A(real)=0.82 D_A(fake)=0.18 nan_count=0
2026-10-04 06:59:06,441 INFO iter=112700 epoch=17 lr=2.00e-04 G=2.414 advA2B=0.438 advB2A=0.610 cycA=0.101 cycB=0.138 idtA=0.185 idtB=0.157 D_A=0.135 D_B=0.187 D_A(real)=0.81 D_A(fake)=0.18 gnG=11.34 gnD=8.81 it_per_s=5.02
2026-10-04 06:59:26,372 INFO iter=112800 epoch=17 lr=2.00e-04 G=2.387 advA2B=0.440 advB2A=0.621 cycA=0.104 cycB=0.129 idtA=0.181 idtB=0.147 D_A=0.131 D_B=0.190 D_A(real)=0.83 D_A(fake)=0.17 gnG=11.58 gnD=8.61 it_per_s=5.02
2026-10-04 06:59:46,290 INFO iter=112900 epoch=17 lr=2.00e-04 G=2.397 advA2B=0.443 advB2A=0.617 cycA=0.105 cycB=0.130 idtA=0.180 idtB=0.147 D_A=0.134 D_B=0.189 D_A(real)=0.83 D_A(fake)=0.17 gnG=12.02 gnD=8.78 it_per_s=5.02
2026-10-04 07:00:06,208 INFO iter=113000 epoch=17 lr=2.00e-04 G=2.425 advA2B=0.445 advB2A=0.626 cycA=0.107 cycB=0.131 idtA=0.180 idtB=0.149 D_A=0.133 D_B=0.190 D_A(real)=0.83 D_A(fake)=0.17 gnG=12.28 gnD=8.69 it_per_s=5.02
2026-10-04 07:00:26,118 INFO iter=113100 epoch=17 lr=2.00e-04 G=2.437 advA2B=0.449 advB2A=0.631 cycA=0.106 cycB=0.132 idtA=0.181 idtB=0.150 D_A=0.132 D_B=0.189 D_A(real)=0.83 D_A(fake)=0.17 gnG=12.29 gnD=8.77 it_per_s=5.02
2026-10-04 07:00:46,021 INFO iter=113200 epoch=17 lr=2.00e-04 G=2.429 advA2B=0.446 advB2A=0.632 cycA=0.106 cycB=0.131 idtA=0.182 idtB=0.151 D_A=0.131 D_B=0.189 D_A(real)=0.83 D_A(fake)=0.17 gnG=12.19 gnD=8.70 it_per_s=5.02
2026-10-04 07:01:05,954 INFO iter=113300 epoch=17 lr=2.00e-04 G=2.431 advA2B=0.449 advB2A=0.633 cycA=0.106 cycB=0.131 idtA=0.180 idtB=0.150 D_A=0.132 D_B=0.189 D_A(real)=0.83 D_A(fake)=0.17 gnG=12.23 gnD=8.73 it_per_s=5.02
2026-10-04 07:01:25,875 INFO iter=113400 epoch=17 lr=2.00e-04 G=2.427 advA2B=0.447 advB2A=0.626 cycA=0.106 cycB=0.131 idtA=0.182 idtB=0.151 D_A=0.132 D_B=0.191 D_A(real)=0.83 D_A(fake)=0.17 gnG=12.21 gnD=8.79 it_per_s=5.02
2026-10-04 07:01:45,745 INFO iter=113500 epoch=17 lr=2.00e-04 G=2.417 advA2B=0.445 advB2A=0.621 cycA=0.106 cycB=0.131 idtA=0.182 idtB=0.150 D_A=0.134 D_B=0.191 D_A(real)=0.83 D_A(fake)=0.17 gnG=12.07 gnD=8.82 it_per_s=5.02
2026-10-04 07:02:05,623 INFO iter=113600 epoch=17 lr=2.00e-04 G=2.422 advA2B=0.445 advB2A=0.621 cycA=0.106 cycB=0.131 idtA=0.184 idtB=0.151 D_A=0.134 D_B=0.192 D_A(real)=0.82 D_A(fake)=0.18 gnG=12.02 gnD=8.83 it_per_s=5.02
2026-10-04 07:02:25,565 INFO iter=113700 epoch=17 lr=2.00e-04 G=2.413 advA2B=0.444 advB2A=0.613 cycA=0.107 cycB=0.131 idtA=0.184 idtB=0.152 D_A=0.134 D_B=0.192 D_A(real)=0.82 D_A(fake)=0.18 gnG=11.93 gnD=8.84 it_per_s=5.02
2026-10-04 07:02:45,485 INFO iter=113800 epoch=17 lr=2.00e-04 G=2.412 advA2B=0.444 advB2A=0.612 cycA=0.106 cycB=0.131 idtA=0.183 idtB=0.152 D_A=0.134 D_B=0.193 D_A(real)=0.82 D_A(fake)=0.18 gnG=11.84 gnD=8.85 it_per_s=5.02
2026-10-04 07:03:05,371 INFO iter=113900 epoch=17 lr=2.00e-04 G=2.414 advA2B=0.442 advB2A=0.616 cycA=0.106 cycB=0.131 idtA=0.183 idtB=0.153 D_A=0.133 D_B=0.194 D_A(real)=0.82 D_A(fake)=0.18 gnG=11.92 gnD=8.84 it_per_s=5.02
2026-10-04 07:03:25,291 INFO iter=114000 epoch=17 lr=2.00e-04 G=2.410 advA2B=0.441 advB2A=0.614 cycA=0.106 cycB=0.131 idtA=0.183 idtB=0.153 D_A=0.133 D_B=0.194 D_A(real)=0.83 D_A(fake)=0.17 gnG=11.82 gnD=8.82 it_per_s=5.02
2026-10-04 07:03:45,213 INFO iter=114100 epoch=17 lr=2.00e-04 G=2.405 advA2B=0.440 advB2A=0.612 cycA=0.106 cycB=0.131 idtA=0.183 idtB=0.153 D_A=0.133 D_B=0.195 D_A(real)=0.83 D_A(fake)=0.17 gnG=11.82 gnD=8.81 it_per_s=5.02
2026-10-04 07:04:05,118 INFO iter=114200 epoch=17 lr=2.00e-04 G=2.406 advA2B=0.438 advB2A=0.613 cycA=0.106 cycB=0.131 idtA=0.183 idtB=0.153 D_A=0.133 D_B=0.195 D_A(real)=0.82 D_A(fake)=0.18 gnG=11.89 gnD=8.82 it_per_s=5.02
2026-10-04 07:04:25,040 INFO iter=114300 epoch=17 lr=2.00e-04 G=2.413 advA2B=0.439 advB2A=0.614 cycA=0.106 cycB=0.132 idtA=0.182 idtB=0.153 D_A=0.133 D_B=0.194 D_A(real)=0.83 D_A(fake)=0.17 gnG=11.87 gnD=8.81 it_per_s=5.02
2026-10-04 07:04:44,939 INFO iter=114400 epoch=17 lr=2.00e-04 G=2.411 advA2B=0.440 advB2A=0.614 cycA=0.106 cycB=0.132 idtA=0.181 idtB=0.152 D_A=0.132 D_B=0.193 D_A(real)=0.83 D_A(fake)=0.17 gnG=11.87 gnD=8.82 it_per_s=5.02
2026-10-04 07:05:04,855 INFO iter=114500 epoch=17 lr=2.00e-04 G=2.408 advA2B=0.440 advB2A=0.614 cycA=0.106 cycB=0.131 idtA=0.182 idtB=0.151 D_A=0.132 D_B=0.193 D_A(real)=0.83 D_A(fake)=0.17 gnG=11.87 gnD=8.82 it_per_s=5.02
2026-10-04 07:05:24,818 INFO iter=114600 epoch=17 lr=2.00e-04 G=2.407 advA2B=0.441 advB2A=0.614 cycA=0.106 cycB=0.131 idtA=0.182 idtB=0.151 D_A=0.133 D_B=0.194 D_A(real)=0.83 D_A(fake)=0.17 gnG=11.93 gnD=8.81 it_per_s=5.02
2026-10-04 07:05:44,711 INFO iter=114700 epoch=17 lr=2.00e-04 G=2.411 advA2B=0.441 advB2A=0.615 cycA=0.106 cycB=0.131 idtA=0.182 idtB=0.151 D_A=0.133 D_B=0.194 D_A(real)=0.83 D_A(fake)=0.17 gnG=11.95 gnD=8.83 it_per_s=5.02
2026-10-04 07:06:04,625 INFO iter=114800 epoch=17 lr=2.00e-04 G=2.412 advA2B=0.440 advB2A=0.615 cycA=0.106 cycB=0.132 idtA=0.182 idtB=0.151 D_A=0.134 D_B=0.194 D_A(real)=0.83 D_A(fake)=0.17 gnG=12.01 gnD=8.82 it_per_s=5.02
2026-10-04 07:06:24,521 INFO iter=114900 epoch=17 lr=2.00e-04 G=2.416 advA2B=0.442 advB2A=0.615 cycA=0.106 cycB=0.132 idtA=0.182 idtB=0.152 D_A=0.134 D_B=0.194 D_A(real)=0.83 D_A(fake)=0.17 gnG=12.03 gnD=8.81 it_per_s=5.02
2026-10-04 07:06:44,464 INFO iter=115000 epoch=17 lr=2.00e-04 G=2.415 advA2B=0.442 advB2A=0.615 cycA=0.106 cycB=0.132 idtA=0.182 idtB=0.152 D_A=0.133 D_B=0.195 D_A(real)=0.83 D_A(fake)=0.17 gnG=12.03 gnD=8.81 it_per_s=5.02
2026-10-04 07:07:04,397 INFO iter=115100 epoch=17 lr=2.00e-04 G=2.413 advA2B=0.441 advB2A=0.615 cycA=0.106 cycB=0.132 idtA=0.182 idtB=0.152 D_A=0.133 D_B=0.195 D_A(real)=0.83 D_A(fake)=0.17 gnG=12.05 gnD=8.81 it_per_s=5.02
2026-10-04 07:07:24,321 INFO iter=115200 epoch=17 lr=2.00e-04 G=2.411 advA2B=0.442 advB2A=0.616 cycA=0.106 cycB=0.131 idtA=0.182 idtB=0.151 D_A=0.133 D_B=0.195 D_A(real)=0.83 D_A(fake)=0.17 gnG=12.07 gnD=8.81 it_per_s=5.02
2026-10-04 07:07:43,736 INFO iter=115300 epoch=17 lr=2.00e-04 G=2.412 advA2B=0.442 advB2A=0.617 cycA=0.106 cycB=0.131 idtA=0.182 idtB=0.151 D_A=0.133 D_B=0.195 D_A(real)=0.82 D_A(fake)=0.17 gnG=12.04 gnD=8.80 it_per_s=5.03
2026-10-04 07:08:03,495 INFO iter=115400 epoch=17 lr=2.00e-04 G=2.410 advA2B=0.442 advB2A=0.616 cycA=0.106 cycB=0.131 idtA=0.182 idtB=0.151 D_A=0.133 D_B=0.194 D_A(real)=0.82 D_A(fake)=0.18 gnG=12.05 gnD=8.78 it_per_s=5.03
2026-10-04 07:08:25,754 INFO iter=115500 epoch=17 lr=2.00e-04 G=2.408 advA2B=0.441 advB2A=0.615 cycA=0.106 cycB=0.131 idtA=0.182 idtB=0.151 D_A=0.133 D_B=0.195 D_A(real)=0.82 D_A(fake)=0.18 gnG=12.01 gnD=8.78 it_per_s=5.01
2026-10-04 07:08:47,366 INFO iter=115600 epoch=17 lr=2.00e-04 G=2.412 advA2B=0.442 advB2A=0.616 cycA=0.106 cycB=0.132 idtA=0.182 idtB=0.151 D_A=0.133 D_B=0.194 D_A(real)=0.82 D_A(fake)=0.18 gnG=12.04 gnD=8.77 it_per_s=4.99
2026-10-04 07:09:11,270 INFO iter=115700 epoch=17 lr=2.00e-04 G=2.416 advA2B=0.442 advB2A=0.616 cycA=0.106 cycB=0.132 idtA=0.182 idtB=0.151 D_A=0.133 D_B=0.194 D_A(real)=0.82 D_A(fake)=0.18 gnG=12.03 gnD=8.78 it_per_s=4.96
2026-10-04 07:09:34,852 INFO iter=115800 epoch=17 lr=2.00e-04 G=2.416 advA2B=0.444 advB2A=0.616 cycA=0.106 cycB=0.132 idtA=0.182 idtB=0.151 D_A=0.133 D_B=0.194 D_A(real)=0.82 D_A(fake)=0.18 gnG=12.02 gnD=8.79 it_per_s=4.94
2026-10-04 07:09:58,269 INFO iter=115900 epoch=17 lr=2.00e-04 G=2.418 advA2B=0.444 advB2A=0.616 cycA=0.106 cycB=0.132 idtA=0.182 idtB=0.151 D_A=0.133 D_B=0.194 D_A(real)=0.83 D_A(fake)=0.17 gnG=12.01 gnD=8.77 it_per_s=4.91
2026-10-04 07:10:19,117 INFO iter=116000 epoch=17 lr=2.00e-04 G=2.418 advA2B=0.445 advB2A=0.616 cycA=0.106 cycB=0.132 idtA=0.182 idtB=0.150 D_A=0.133 D_B=0.194 D_A(real)=0.83 D_A(fake)=0.17 gnG=12.01 gnD=8.76 it_per_s=4.91
2026-10-04 07:10:37,409 INFO iter=116100 epoch=17 lr=2.00e-04 G=2.417 advA2B=0.444 advB2A=0.616 cycA=0.106 cycB=0.132 idtA=0.182 idtB=0.150 D_A=0.133 D_B=0.194 D_A(real)=0.83 D_A(fake)=0.17 gnG=12.03 gnD=8.74 it_per_s=4.92
2026-10-04 07:10:48,809 INFO iter=116200 epoch=17 lr=2.00e-04 G=2.417 advA2B=0.444 advB2A=0.616 cycA=0.106 cycB=0.132 idtA=0.182 idtB=0.150 D_A=0.133 D_B=0.194 D_A(real)=0.83 D_A(fake)=0.17 gnG=12.00 gnD=8.75 it_per_s=4.98
2026-10-04 07:11:00,282 INFO iter=116300 epoch=17 lr=2.00e-04 G=2.413 advA2B=0.443 advB2A=0.615 cycA=0.106 cycB=0.132 idtA=0.182 idtB=0.150 D_A=0.133 D_B=0.194 D_A(real)=0.83 D_A(fake)=0.17 gnG=12.00 gnD=8.75 it_per_s=5.04
2026-10-04 07:11:11,697 INFO iter=116400 epoch=17 lr=2.00e-04 G=2.411 advA2B=0.443 advB2A=0.615 cycA=0.106 cycB=0.132 idtA=0.182 idtB=0.150 D_A=0.133 D_B=0.195 D_A(real)=0.83 D_A(fake)=0.17 gnG=11.99 gnD=8.75 it_per_s=5.10
2026-10-04 07:11:23,044 INFO iter=116500 epoch=17 lr=2.00e-04 G=2.410 advA2B=0.443 advB2A=0.614 cycA=0.106 cycB=0.132 idtA=0.182 idtB=0.149 D_A=0.133 D_B=0.194 D_A(real)=0.83 D_A(fake)=0.17 gnG=12.01 gnD=8.74 it_per_s=5.16
2026-10-04 07:11:34,476 INFO iter=116600 epoch=17 lr=2.00e-04 G=2.408 advA2B=0.443 advB2A=0.613 cycA=0.106 cycB=0.131 idtA=0.182 idtB=0.149 D_A=0.133 D_B=0.194 D_A(real)=0.82 D_A(fake)=0.18 gnG=12.01 gnD=8.75 it_per_s=5.21
2026-10-04 07:11:45,868 INFO iter=116700 epoch=17 lr=2.00e-04 G=2.408 advA2B=0.443 advB2A=0.614 cycA=0.106 cycB=0.131 idtA=0.182 idtB=0.149 D_A=0.133 D_B=0.194 D_A(real)=0.83 D_A(fake)=0.17 gnG=11.99 gnD=8.75 it_per_s=5.26
2026-10-04 07:11:57,143 INFO iter=116800 epoch=17 lr=2.00e-04 G=2.408 advA2B=0.444 advB2A=0.613 cycA=0.106 cycB=0.131 idtA=0.182 idtB=0.149 D_A=0.133 D_B=0.194 D_A(real)=0.82 D_A(fake)=0.18 gnG=12.00 gnD=8.75 it_per_s=5.31
2026-10-04 07:12:08,440 INFO iter=116900 epoch=17 lr=2.00e-04 G=2.407 advA2B=0.443 advB2A=0.613 cycA=0.106 cycB=0.131 idtA=0.182 idtB=0.149 D_A=0.133 D_B=0.194 D_A(real)=0.82 D_A(fake)=0.18 gnG=12.02 gnD=8.76 it_per_s=5.36
2026-10-04 07:12:19,769 INFO iter=117000 epoch=17 lr=2.00e-04 G=2.406 advA2B=0.443 advB2A=0.613 cycA=0.106 cycB=0.131 idtA=0.182 idtB=0.149 D_A=0.133 D_B=0.194 D_A(real)=0.82 D_A(fake)=0.17 gnG=12.01 gnD=8.75 it_per_s=5.41
2026-10-04 07:12:31,003 INFO iter=117100 epoch=17 lr=2.00e-04 G=2.405 advA2B=0.443 advB2A=0.613 cycA=0.106 cycB=0.131 idtA=0.182 idtB=0.149 D_A=0.133 D_B=0.195 D_A(real)=0.83 D_A(fake)=0.17 gnG=11.98 gnD=8.74 it_per_s=5.46
2026-10-04 07:12:42,330 INFO iter=117200 epoch=17 lr=2.00e-04 G=2.405 advA2B=0.443 advB2A=0.613 cycA=0.106 cycB=0.131 idtA=0.182 idtB=0.149 D_A=0.133 D_B=0.195 D_A(real)=0.82 D_A(fake)=0.18 gnG=11.99 gnD=8.74 it_per_s=5.50
2026-10-04 07:12:53,594 INFO iter=117300 epoch=17 lr=2.00e-04 G=2.405 advA2B=0.442 advB2A=0.613 cycA=0.106 cycB=0.131 idtA=0.182 idtB=0.149 D_A=0.133 D_B=0.195 D_A(real)=0.82 D_A(fake)=0.18 gnG=11.96 gnD=8.74 it_per_s=5.55
2026-10-04 07:13:05,019 INFO iter=117400 epoch=17 lr=2.00e-04 G=2.403 advA2B=0.441 advB2A=0.612 cycA=0.106 cycB=0.131 idtA=0.182 idtB=0.149 D_A=0.133 D_B=0.195 D_A(real)=0.82 D_A(fake)=0.18 gnG=11.95 gnD=8.74 it_per_s=5.59
2026-10-04 07:13:16,473 INFO iter=117500 epoch=17 lr=2.00e-04 G=2.404 advA2B=0.441 advB2A=0.613 cycA=0.106 cycB=0.131 idtA=0.182 idtB=0.149 D_A=0.133 D_B=0.195 D_A(real)=0.82 D_A(fake)=0.18 gnG=11.95 gnD=8.74 it_per_s=5.63
2026-10-04 07:13:27,797 INFO iter=117600 epoch=17 lr=2.00e-04 G=2.403 advA2B=0.441 advB2A=0.613 cycA=0.106 cycB=0.131 idtA=0.182 idtB=0.149 D_A=0.133 D_B=0.195 D_A(real)=0.82 D_A(fake)=0.18 gnG=11.94 gnD=8.74 it_per_s=5.67
2026-10-04 07:13:39,074 INFO iter=117700 epoch=17 lr=2.00e-04 G=2.403 advA2B=0.441 advB2A=0.613 cycA=0.106 cycB=0.131 idtA=0.182 idtB=0.149 D_A=0.133 D_B=0.195 D_A(real)=0.82 D_A(fake)=0.18 gnG=11.94 gnD=8.75 it_per_s=5.72
2026-10-04 07:13:50,362 INFO iter=117800 epoch=17 lr=2.00e-04 G=2.403 advA2B=0.441 advB2A=0.613 cycA=0.106 cycB=0.131 idtA=0.182 idtB=0.149 D_A=0.133 D_B=0.195 D_A(real)=0.82 D_A(fake)=0.18 gnG=11.94 gnD=8.76 it_per_s=5.75
2026-10-04 07:14:01,670 INFO iter=117900 epoch=17 lr=2.00e-04 G=2.402 advA2B=0.441 advB2A=0.613 cycA=0.106 cycB=0.131 idtA=0.181 idtB=0.148 D_A=0.133 D_B=0.195 D_A(real)=0.82 D_A(fake)=0.18 gnG=11.94 gnD=8.75 it_per_s=5.79
2026-10-04 07:14:12,596 INFO iter=118000 epoch=17 lr=2.00e-04 G=2.403 advA2B=0.440 advB2A=0.613 cycA=0.106 cycB=0.131 idtA=0.181 idtB=0.148 D_A=0.133 D_B=0.195 D_A(real)=0.82 D_A(fake)=0.18 gnG=11.95 gnD=8.76 it_per_s=5.83
2026-10-04 07:14:23,892 INFO iter=118100 epoch=17 lr=2.00e-04 G=2.402 advA2B=0.440 advB2A=0.614 cycA=0.106 cycB=0.131 idtA=0.181 idtB=0.148 D_A=0.132 D_B=0.195 D_A(real)=0.82 D_A(fake)=0.18 gnG=11.96 gnD=8.76 it_per_s=5.87
2026-10-04 07:14:35,281 INFO iter=118200 epoch=17 lr=2.00e-04 G=2.402 advA2B=0.439 advB2A=0.613 cycA=0.106 cycB=0.131 idtA=0.181 idtB=0.148 D_A=0.133 D_B=0.195 D_A(real)=0.82 D_A(fake)=0.18 gnG=11.95 gnD=8.77 it_per_s=5.90
2026-10-04 07:14:46,808 INFO iter=118300 epoch=17 lr=2.00e-04 G=2.402 advA2B=0.439 advB2A=0.613 cycA=0.106 cycB=0.131 idtA=0.181 idtB=0.148 D_A=0.133 D_B=0.196 D_A(real)=0.82 D_A(fake)=0.18 gnG=11.93 gnD=8.78 it_per_s=5.94
2026-10-04 07:14:58,152 INFO iter=118400 epoch=17 lr=2.00e-04 G=2.401 advA2B=0.438 advB2A=0.614 cycA=0.106 cycB=0.131 idtA=0.181 idtB=0.148 D_A=0.132 D_B=0.196 D_A(real)=0.82 D_A(fake)=0.17 gnG=11.93 gnD=8.78 it_per_s=5.97
2026-10-04 07:15:09,327 INFO iter=118500 epoch=17 lr=2.00e-04 G=2.400 advA2B=0.437 advB2A=0.614 cycA=0.106 cycB=0.131 idtA=0.181 idtB=0.148 D_A=0.132 D_B=0.196 D_A(real)=0.82 D_A(fake)=0.18 gnG=11.93 gnD=8.78 it_per_s=6.00
2026-10-04 07:15:20,542 INFO iter=118600 epoch=17 lr=2.00e-04 G=2.400 advA2B=0.437 advB2A=0.613 cycA=0.106 cycB=0.131 idtA=0.182 idtB=0.148 D_A=0.133 D_B=0.196 D_A(real)=0.82 D_A(fake)=0.18 gnG=11.92 gnD=8.79 it_per_s=6.04
2026-10-04 07:15:31,830 INFO iter=118700 epoch=17 lr=2.00e-04 G=2.399 advA2B=0.436 advB2A=0.613 cycA=0.106 cycB=0.131 idtA=0.181 idtB=0.148 D_A=0.133 D_B=0.196 D_A(real)=0.82 D_A(fake)=0.18 gnG=11.90 gnD=8.78 it_per_s=6.07
2026-10-04 07:15:42,756 INFO iter=118800 epoch=17 lr=2.00e-04 G=2.397 advA2B=0.436 advB2A=0.613 cycA=0.106 cycB=0.131 idtA=0.181 idtB=0.148 D_A=0.133 D_B=0.196 D_A(real)=0.82 D_A(fake)=0.18 gnG=11.93 gnD=8.78 it_per_s=6.10
2026-10-04 07:15:54,083 INFO iter=118900 epoch=17 lr=2.00e-04 G=2.396 advA2B=0.435 advB2A=0.613 cycA=0.106 cycB=0.131 idtA=0.181 idtB=0.148 D_A=0.133 D_B=0.196 D_A(real)=0.82 D_A(fake)=0.18 gnG=11.94 gnD=8.79 it_per_s=6.13
2026-10-04 07:16:05,197 INFO iter=119000 epoch=17 lr=2.00e-04 G=2.396 advA2B=0.434 advB2A=0.613 cycA=0.106 cycB=0.131 idtA=0.181 idtB=0.148 D_A=0.133 D_B=0.197 D_A(real)=0.82 D_A(fake)=0.18 gnG=11.95 gnD=8.79 it_per_s=6.16
2026-10-04 07:16:16,227 INFO iter=119100 epoch=17 lr=2.00e-04 G=2.397 advA2B=0.434 advB2A=0.614 cycA=0.106 cycB=0.131 idtA=0.181 idtB=0.148 D_A=0.133 D_B=0.197 D_A(real)=0.82 D_A(fake)=0.18 gnG=11.94 gnD=8.79 it_per_s=6.19
2026-10-04 07:16:27,553 INFO iter=119200 epoch=17 lr=2.00e-04 G=2.397 advA2B=0.433 advB2A=0.614 cycA=0.106 cycB=0.131 idtA=0.181 idtB=0.148 D_A=0.133 D_B=0.197 D_A(real)=0.82 D_A(fake)=0.18 gnG=11.95 gnD=8.79 it_per_s=6.22
2026-10-04 07:16:38,826 INFO iter=119300 epoch=17 lr=2.00e-04 G=2.398 advA2B=0.434 advB2A=0.614 cycA=0.106 cycB=0.131 idtA=0.181 idtB=0.148 D_A=0.133 D_B=0.196 D_A(real)=0.82 D_A(fake)=0.18 gnG=11.95 gnD=8.79 it_per_s=6.25
2026-10-04 07:16:50,025 INFO iter=119400 epoch=17 lr=2.00e-04 G=2.398 advA2B=0.433 advB2A=0.614 cycA=0.106 cycB=0.131 idtA=0.182 idtB=0.148 D_A=0.132 D_B=0.197 D_A(real)=0.83 D_A(fake)=0.17 gnG=11.96 gnD=8.78 it_per_s=6.28
2026-10-04 07:17:01,344 INFO iter=119500 epoch=17 lr=2.00e-04 G=2.398 advA2B=0.432 advB2A=0.614 cycA=0.106 cycB=0.131 idtA=0.182 idtB=0.148 D_A=0.132 D_B=0.197 D_A(real)=0.83 D_A(fake)=0.17 gnG=11.96 gnD=8.78 it_per_s=6.30
2026-10-04 07:17:12,688 INFO iter=119600 epoch=17 lr=2.00e-04 G=2.398 advA2B=0.432 advB2A=0.615 cycA=0.106 cycB=0.131 idtA=0.181 idtB=0.148 D_A=0.132 D_B=0.197 D_A(real)=0.83 D_A(fake)=0.17 gnG=11.96 gnD=8.79 it_per_s=6.33
2026-10-04 07:17:17,877 INFO epoch=17 done time_s=1110 it_per_s=6.34 G=2.397 cycA=0.106 cycB=0.131 idtA=0.181 idtB=0.148 D_A=0.132 D_B=0.197 D_A(real)=0.83 D_A(fake)=0.17 nan_count=0
2026-10-04 07:17:24,643 INFO iter=119700 epoch=18 lr=2.00e-04 G=2.417 advA2B=0.445 advB2A=0.649 cycA=0.110 cycB=0.124 idtA=0.181 idtB=0.130 D_A=0.137 D_B=0.211 D_A(real)=0.81 D_A(fake)=0.18 gnG=12.15 gnD=9.13 it_per_s=8.85
2026-10-04 07:17:35,916 INFO iter=119800 epoch=18 lr=2.00e-04 G=2.361 advA2B=0.417 advB2A=0.624 cycA=0.104 cycB=0.128 idtA=0.175 idtB=0.145 D_A=0.129 D_B=0.208 D_A(real)=0.82 D_A(fake)=0.18 gnG=11.89 gnD=8.52 it_per_s=8.86
2026-10-04 07:17:47,182 INFO iter=119900 epoch=18 lr=2.00e-04 G=2.362 advA2B=0.416 advB2A=0.617 cycA=0.105 cycB=0.128 idtA=0.183 idtB=0.146 D_A=0.133 D_B=0.201 D_A(real)=0.82 D_A(fake)=0.18 gnG=12.14 gnD=8.62 it_per_s=8.87
2026-10-04 07:17:58,522 INFO iter=120000 epoch=18 lr=2.00e-04 G=2.349 advA2B=0.410 advB2A=0.619 cycA=0.107 cycB=0.125 idtA=0.182 idtB=0.143 D_A=0.132 D_B=0.204 D_A(real)=0.82 D_A(fake)=0.18 gnG=12.10 gnD=8.78 it_per_s=8.85
2026-10-04 07:18:09,828 INFO iter=120100 epoch=18 lr=2.00e-04 G=2.332 advA2B=0.409 advB2A=0.616 cycA=0.105 cycB=0.124 idtA=0.182 idtB=0.143 D_A=0.133 D_B=0.205 D_A(real)=0.82 D_A(fake)=0.18 gnG=11.74 gnD=8.89 it_per_s=8.85
2026-10-04 07:18:21,198 INFO iter=120200 epoch=18 lr=2.00e-04 G=2.335 advA2B=0.411 advB2A=0.618 cycA=0.104 cycB=0.125 idtA=0.180 idtB=0.142 D_A=0.132 D_B=0.205 D_A(real)=0.82 D_A(fake)=0.18 gnG=11.79 gnD=8.89 it_per_s=8.84
2026-10-04 07:18:32,505 INFO iter=120300 epoch=18 lr=2.00e-04 G=2.339 advA2B=0.414 advB2A=0.619 cycA=0.105 cycB=0.124 idtA=0.180 idtB=0.142 D_A=0.131 D_B=0.204 D_A(real)=0.82 D_A(fake)=0.18 gnG=11.64 gnD=8.87 it_per_s=8.84
2026-10-04 07:18:43,778 INFO iter=120400 epoch=18 lr=2.00e-04 G=2.361 advA2B=0.418 advB2A=0.624 cycA=0.105 cycB=0.127 idtA=0.181 idtB=0.143 D_A=0.132 D_B=0.202 D_A(real)=0.82 D_A(fake)=0.18 gnG=11.74 gnD=8.86 it_per_s=8.85
2026-10-04 07:18:55,034 INFO iter=120500 epoch=18 lr=2.00e-04 G=2.364 advA2B=0.420 advB2A=0.623 cycA=0.104 cycB=0.127 idtA=0.182 idtB=0.143 D_A=0.132 D_B=0.203 D_A(real)=0.82 D_A(fake)=0.18 gnG=11.76 gnD=8.95 it_per_s=8.85
2026-10-04 07:19:06,275 INFO iter=120600 epoch=18 lr=2.00e-04 G=2.361 advA2B=0.420 advB2A=0.620 cycA=0.105 cycB=0.127 idtA=0.181 idtB=0.143 D_A=0.133 D_B=0.203 D_A(real)=0.82 D_A(fake)=0.18 gnG=11.65 gnD=8.90 it_per_s=8.85
2026-10-04 07:19:17,563 INFO iter=120700 epoch=18 lr=2.00e-04 G=2.371 advA2B=0.424 advB2A=0.624 cycA=0.105 cycB=0.128 idtA=0.181 idtB=0.143 D_A=0.132 D_B=0.202 D_A(real)=0.82 D_A(fake)=0.18 gnG=11.70 gnD=8.84 it_per_s=8.86
2026-10-04 07:19:28,811 INFO iter=120800 epoch=18 lr=2.00e-04 G=2.376 advA2B=0.425 advB2A=0.623 cycA=0.105 cycB=0.129 idtA=0.180 idtB=0.143 D_A=0.131 D_B=0.201 D_A(real)=0.82 D_A(fake)=0.18 gnG=11.71 gnD=8.83 it_per_s=8.86
2026-10-04 07:19:40,118 INFO iter=120900 epoch=18 lr=2.00e-04 G=2.379 advA2B=0.425 advB2A=0.625 cycA=0.105 cycB=0.129 idtA=0.181 idtB=0.144 D_A=0.132 D_B=0.201 D_A(real)=0.82 D_A(fake)=0.18 gnG=11.79 gnD=8.87 it_per_s=8.86
2026-10-04 07:19:51,350 INFO iter=121000 epoch=18 lr=2.00e-04 G=2.381 advA2B=0.425 advB2A=0.624 cycA=0.105 cycB=0.129 idtA=0.182 idtB=0.144 D_A=0.132 D_B=0.200 D_A(real)=0.82 D_A(fake)=0.18 gnG=11.77 gnD=8.90 it_per_s=8.86
2026-10-04 07:20:02,648 INFO iter=121100 epoch=18 lr=2.00e-04 G=2.383 advA2B=0.428 advB2A=0.622 cycA=0.105 cycB=0.129 idtA=0.182 idtB=0.144 D_A=0.132 D_B=0.200 D_A(real)=0.82 D_A(fake)=0.18 gnG=11.79 gnD=8.89 it_per_s=8.86
2026-10-04 07:20:13,904 INFO iter=121200 epoch=18 lr=2.00e-04 G=2.383 advA2B=0.428 advB2A=0.621 cycA=0.105 cycB=0.130 idtA=0.182 idtB=0.145 D_A=0.131 D_B=0.199 D_A(real)=0.82 D_A(fake)=0.18 gnG=11.88 gnD=8.86 it_per_s=8.86
2026-10-04 07:20:25,158 INFO iter=121300 epoch=18 lr=2.00e-04 G=2.387 advA2B=0.429 advB2A=0.622 cycA=0.105 cycB=0.130 idtA=0.181 idtB=0.145 D_A=0.130 D_B=0.199 D_A(real)=0.82 D_A(fake)=0.18 gnG=11.89 gnD=8.90 it_per_s=8.86
2026-10-04 07:20:36,189 INFO iter=121400 epoch=18 lr=2.00e-04 G=2.386 advA2B=0.427 advB2A=0.623 cycA=0.105 cycB=0.130 idtA=0.182 idtB=0.145 D_A=0.130 D_B=0.200 D_A(real)=0.82 D_A(fake)=0.18 gnG=11.84 gnD=8.88 it_per_s=8.87
2026-10-04 07:20:47,223 INFO iter=121500 epoch=18 lr=2.00e-04 G=2.384 advA2B=0.426 advB2A=0.621 cycA=0.105 cycB=0.130 idtA=0.182 idtB=0.146 D_A=0.130 D_B=0.200 D_A(real)=0.82 D_A(fake)=0.18 gnG=11.85 gnD=8.87 it_per_s=8.88
2026-10-04 07:20:58,542 INFO iter=121600 epoch=18 lr=2.00e-04 G=2.384 advA2B=0.425 advB2A=0.619 cycA=0.104 cycB=0.130 idtA=0.182 idtB=0.147 D_A=0.130 D_B=0.200 D_A(real)=0.82 D_A(fake)=0.18 gnG=11.81 gnD=8.87 it_per_s=8.88
2026-10-04 07:21:09,409 INFO iter=121700 epoch=18 lr=2.00e-04 G=2.385 advA2B=0.426 advB2A=0.618 cycA=0.104 cycB=0.131 idtA=0.182 idtB=0.147 D_A=0.131 D_B=0.200 D_A(real)=0.82 D_A(fake)=0.18 gnG=11.81 gnD=8.89 it_per_s=8.90
2026-10-04 07:21:20,563 INFO iter=121800 epoch=18 lr=2.00e-04 G=2.386 advA2B=0.427 advB2A=0.619 cycA=0.105 cycB=0.131 idtA=0.182 idtB=0.147 D_A=0.131 D_B=0.200 D_A(real)=0.82 D_A(fake)=0.18 gnG=11.84 gnD=8.91 it_per_s=8.90
2026-10-04 07:21:31,786 INFO iter=121900 epoch=18 lr=2.00e-04 G=2.386 advA2B=0.427 advB2A=0.619 cycA=0.105 cycB=0.131 idtA=0.182 idtB=0.147 D_A=0.131 D_B=0.200 D_A(real)=0.82 D_A(fake)=0.18 gnG=11.80 gnD=8.90 it_per_s=8.90
2026-10-04 07:21:42,590 INFO iter=122000 epoch=18 lr=2.00e-04 G=2.384 advA2B=0.427 advB2A=0.619 cycA=0.105 cycB=0.130 idtA=0.182 idtB=0.146 D_A=0.131 D_B=0.200 D_A(real)=0.82 D_A(fake)=0.18 gnG=11.75 gnD=8.86 it_per_s=8.91
2026-10-04 07:21:53,853 INFO iter=122100 epoch=18 lr=2.00e-04 G=2.385 advA2B=0.428 advB2A=0.621 cycA=0.104 cycB=0.130 idtA=0.181 idtB=0.147 D_A=0.131 D_B=0.199 D_A(real)=0.82 D_A(fake)=0.18 gnG=11.75 gnD=8.85 it_per_s=8.91
2026-10-04 07:22:04,937 INFO iter=122200 epoch=18 lr=2.00e-04 G=2.384 advA2B=0.429 advB2A=0.621 cycA=0.105 cycB=0.130 idtA=0.181 idtB=0.146 D_A=0.130 D_B=0.199 D_A(real)=0.82 D_A(fake)=0.18 gnG=11.80 gnD=8.86 it_per_s=8.92
2026-10-04 07:22:15,845 INFO iter=122300 epoch=18 lr=2.00e-04 G=2.381 advA2B=0.427 advB2A=0.620 cycA=0.105 cycB=0.130 idtA=0.182 idtB=0.146 D_A=0.130 D_B=0.199 D_A(real)=0.82 D_A(fake)=0.18 gnG=11.76 gnD=8.87 it_per_s=8.93
2026-10-04 07:22:27,137 INFO iter=122400 epoch=18 lr=2.00e-04 G=2.380 advA2B=0.428 advB2A=0.619 cycA=0.104 cycB=0.129 idtA=0.182 idtB=0.146 D_A=0.131 D_B=0.200 D_A(real)=0.82 D_A(fake)=0.18 gnG=11.76 gnD=8.89 it_per_s=8.92
2026-10-04 07:22:38,210 INFO iter=122500 epoch=18 lr=2.00e-04 G=2.379 advA2B=0.428 advB2A=0.620 cycA=0.104 cycB=0.129 idtA=0.181 idtB=0.146 D_A=0.131 D_B=0.200 D_A(real)=0.82 D_A(fake)=0.18 gnG=11.77 gnD=8.90 it_per_s=8.93
2026-10-04 07:22:49,344 INFO iter=122600 epoch=18 lr=2.00e-04 G=2.382 advA2B=0.428 advB2A=0.619 cycA=0.104 cycB=0.130 idtA=0.182 idtB=0.147 D_A=0.131 D_B=0.199 D_A(real)=0.82 D_A(fake)=0.18 gnG=11.74 gnD=8.89 it_per_s=8.93
2026-10-04 07:23:00,646 INFO iter=122700 epoch=18 lr=2.00e-04 G=2.380 advA2B=0.428 advB2A=0.618 cycA=0.104 cycB=0.130 idtA=0.181 idtB=0.147 D_A=0.131 D_B=0.199 D_A(real)=0.82 D_A(fake)=0.18 gnG=11.74 gnD=8.87 it_per_s=8.93
2026-10-04 07:23:11,994 INFO iter=122800 epoch=18 lr=2.00e-04 G=2.380 advA2B=0.428 advB2A=0.618 cycA=0.104 cycB=0.130 idtA=0.181 idtB=0.147 D_A=0.131 D_B=0.199 D_A(real)=0.82 D_A(fake)=0.18 gnG=11.70 gnD=8.91 it_per_s=8.92
2026-10-04 07:23:23,324 INFO iter=122900 epoch=18 lr=2.00e-04 G=2.378 advA2B=0.427 advB2A=0.618 cycA=0.104 cycB=0.130 idtA=0.181 idtB=0.146 D_A=0.131 D_B=0.199 D_A(real)=0.82 D_A(fake)=0.18 gnG=11.69 gnD=8.91 it_per_s=8.92
2026-10-04 07:23:34,780 INFO iter=123000 epoch=18 lr=2.00e-04 G=2.377 advA2B=0.427 advB2A=0.618 cycA=0.104 cycB=0.130 idtA=0.181 idtB=0.146 D_A=0.131 D_B=0.199 D_A(real)=0.82 D_A(fake)=0.18 gnG=11.70 gnD=8.90 it_per_s=8.91
2026-10-04 07:23:45,709 INFO iter=123100 epoch=18 lr=2.00e-04 G=2.378 advA2B=0.427 advB2A=0.617 cycA=0.104 cycB=0.130 idtA=0.181 idtB=0.146 D_A=0.130 D_B=0.199 D_A(real)=0.82 D_A(fake)=0.18 gnG=11.73 gnD=8.90 it_per_s=8.92
2026-10-04 07:23:57,001 INFO iter=123200 epoch=18 lr=2.00e-04 G=2.380 advA2B=0.428 advB2A=0.618 cycA=0.104 cycB=0.130 idtA=0.181 idtB=0.146 D_A=0.131 D_B=0.200 D_A(real)=0.82 D_A(fake)=0.18 gnG=11.71 gnD=8.92 it_per_s=8.92
2026-10-04 07:24:08,047 INFO iter=123300 epoch=18 lr=2.00e-04 G=2.381 advA2B=0.428 advB2A=0.620 cycA=0.104 cycB=0.130 idtA=0.181 idtB=0.146 D_A=0.131 D_B=0.199 D_A(real)=0.82 D_A(fake)=0.18 gnG=11.73 gnD=8.93 it_per_s=8.92
2026-10-04 07:24:19,075 INFO iter=123400 epoch=18 lr=2.00e-04 G=2.382 advA2B=0.428 advB2A=0.619 cycA=0.104 cycB=0.130 idtA=0.182 idtB=0.146 D_A=0.131 D_B=0.199 D_A(real)=0.82 D_A(fake)=0.18 gnG=11.75 gnD=8.94 it_per_s=8.93
2026-10-04 07:24:30,382 INFO iter=123500 epoch=18 lr=2.00e-04 G=2.381 advA2B=0.429 advB2A=0.618 cycA=0.104 cycB=0.130 idtA=0.182 idtB=0.146 D_A=0.131 D_B=0.199 D_A(real)=0.82 D_A(fake)=0.18 gnG=11.76 gnD=8.96 it_per_s=8.92
2026-10-04 07:24:41,205 INFO iter=123600 epoch=18 lr=2.00e-04 G=2.380 advA2B=0.429 advB2A=0.618 cycA=0.104 cycB=0.130 idtA=0.181 idtB=0.146 D_A=0.130 D_B=0.199 D_A(real)=0.82 D_A(fake)=0.18 gnG=11.76 gnD=8.97 it_per_s=8.93
2026-10-04 07:24:52,309 INFO iter=123700 epoch=18 lr=2.00e-04 G=2.379 advA2B=0.429 advB2A=0.617 cycA=0.104 cycB=0.130 idtA=0.182 idtB=0.146 D_A=0.131 D_B=0.200 D_A(real)=0.83 D_A(fake)=0.17 gnG=11.76 gnD=8.99 it_per_s=8.93
2026-10-04 07:25:03,587 INFO iter=123800 epoch=18 lr=2.00e-04 G=2.381 advA2B=0.431 advB2A=0.618 cycA=0.104 cycB=0.130 idtA=0.182 idtB=0.146 D_A=0.130 D_B=0.199 D_A(real)=0.83 D_A(fake)=0.17 gnG=11.76 gnD=9.00 it_per_s=8.93
2026-10-04 07:25:14,419 INFO iter=123900 epoch=18 lr=2.00e-04 G=2.382 advA2B=0.431 advB2A=0.618 cycA=0.104 cycB=0.129 idtA=0.182 idtB=0.145 D_A=0.130 D_B=0.200 D_A(real)=0.83 D_A(fake)=0.17 gnG=11.76 gnD=9.00 it_per_s=8.94
2026-10-04 07:25:25,715 INFO iter=124000 epoch=18 lr=2.00e-04 G=2.379 advA2B=0.431 advB2A=0.618 cycA=0.104 cycB=0.129 idtA=0.182 idtB=0.145 D_A=0.130 D_B=0.200 D_A(real)=0.83 D_A(fake)=0.17 gnG=11.76 gnD=9.01 it_per_s=8.94
2026-10-04 07:25:36,839 INFO iter=124100 epoch=18 lr=2.00e-04 G=2.379 advA2B=0.431 advB2A=0.618 cycA=0.104 cycB=0.129 idtA=0.182 idtB=0.145 D_A=0.130 D_B=0.200 D_A(real)=0.83 D_A(fake)=0.17 gnG=11.75 gnD=9.02 it_per_s=8.94
2026-10-04 07:25:47,782 INFO iter=124200 epoch=18 lr=2.00e-04 G=2.380 advA2B=0.431 advB2A=0.618 cycA=0.104 cycB=0.129 idtA=0.182 idtB=0.145 D_A=0.130 D_B=0.200 D_A(real)=0.83 D_A(fake)=0.17 gnG=11.77 gnD=9.01 it_per_s=8.94
2026-10-04 07:25:59,143 INFO iter=124300 epoch=18 lr=2.00e-04 G=2.381 advA2B=0.431 advB2A=0.619 cycA=0.104 cycB=0.129 idtA=0.182 idtB=0.145 D_A=0.130 D_B=0.199 D_A(real)=0.83 D_A(fake)=0.17 gnG=11.79 gnD=9.01 it_per_s=8.94
2026-10-04 07:26:10,294 INFO iter=124400 epoch=18 lr=2.00e-04 G=2.380 advA2B=0.431 advB2A=0.618 cycA=0.104 cycB=0.129 idtA=0.182 idtB=0.145 D_A=0.130 D_B=0.199 D_A(real)=0.83 D_A(fake)=0.17 gnG=11.77 gnD=9.01 it_per_s=8.94
2026-10-04 07:26:21,347 INFO iter=124500 epoch=18 lr=2.00e-04 G=2.380 advA2B=0.431 advB2A=0.619 cycA=0.104 cycB=0.129 idtA=0.182 idtB=0.145 D_A=0.130 D_B=0.199 D_A(real)=0.83 D_A(fake)=0.17 gnG=11.80 gnD=9.01 it_per_s=8.94
2026-10-04 07:26:32,797 INFO iter=124600 epoch=18 lr=2.00e-04 G=2.380 advA2B=0.431 advB2A=0.619 cycA=0.104 cycB=0.129 idtA=0.181 idtB=0.145 D_A=0.130 D_B=0.199 D_A(real)=0.83 D_A(fake)=0.17 gnG=11.84 gnD=9.02 it_per_s=8.94
2026-10-04 07:26:43,890 INFO iter=124700 epoch=18 lr=2.00e-04 G=2.381 advA2B=0.431 advB2A=0.619 cycA=0.104 cycB=0.129 idtA=0.181 idtB=0.145 D_A=0.130 D_B=0.199 D_A(real)=0.83 D_A(fake)=0.17 gnG=11.83 gnD=9.03 it_per_s=8.94
2026-10-04 07:26:55,112 INFO iter=124800 epoch=18 lr=2.00e-04 G=2.381 advA2B=0.430 advB2A=0.618 cycA=0.104 cycB=0.130 idtA=0.181 idtB=0.144 D_A=0.130 D_B=0.199 D_A(real)=0.83 D_A(fake)=0.17 gnG=11.83 gnD=9.03 it_per_s=8.94
2026-10-04 07:27:06,472 INFO iter=124900 epoch=18 lr=2.00e-04 G=2.381 advA2B=0.431 advB2A=0.619 cycA=0.104 cycB=0.130 idtA=0.181 idtB=0.144 D_A=0.130 D_B=0.198 D_A(real)=0.83 D_A(fake)=0.17 gnG=11.85 gnD=9.03 it_per_s=8.94
2026-10-04 07:27:17,628 INFO iter=125000 epoch=18 lr=2.00e-04 G=2.380 advA2B=0.430 advB2A=0.619 cycA=0.104 cycB=0.129 idtA=0.181 idtB=0.144 D_A=0.130 D_B=0.199 D_A(real)=0.83 D_A(fake)=0.17 gnG=11.84 gnD=9.04 it_per_s=8.94
2026-10-04 07:27:28,927 INFO iter=125100 epoch=18 lr=2.00e-04 G=2.379 advA2B=0.430 advB2A=0.619 cycA=0.104 cycB=0.129 idtA=0.181 idtB=0.144 D_A=0.130 D_B=0.199 D_A(real)=0.83 D_A(fake)=0.17 gnG=11.84 gnD=9.03 it_per_s=8.94
2026-10-04 07:27:39,869 INFO iter=125200 epoch=18 lr=2.00e-04 G=2.380 advA2B=0.430 advB2A=0.620 cycA=0.104 cycB=0.129 idtA=0.181 idtB=0.144 D_A=0.130 D_B=0.198 D_A(real)=0.83 D_A(fake)=0.17 gnG=11.86 gnD=9.03 it_per_s=8.94
2026-10-04 07:27:50,927 INFO iter=125300 epoch=18 lr=2.00e-04 G=2.379 advA2B=0.430 advB2A=0.619 cycA=0.104 cycB=0.129 idtA=0.181 idtB=0.144 D_A=0.130 D_B=0.198 D_A(real)=0.83 D_A(fake)=0.17 gnG=11.87 gnD=9.03 it_per_s=8.94
2026-10-04 07:28:02,248 INFO iter=125400 epoch=18 lr=2.00e-04 G=2.380 advA2B=0.429 advB2A=0.619 cycA=0.104 cycB=0.130 idtA=0.181 idtB=0.144 D_A=0.129 D_B=0.199 D_A(real)=0.83 D_A(fake)=0.17 gnG=11.91 gnD=9.03 it_per_s=8.94
2026-10-04 07:28:13,312 INFO iter=125500 epoch=18 lr=2.00e-04 G=2.381 advA2B=0.430 advB2A=0.620 cycA=0.104 cycB=0.130 idtA=0.181 idtB=0.144 D_A=0.129 D_B=0.198 D_A(real)=0.83 D_A(fake)=0.17 gnG=11.91 gnD=9.02 it_per_s=8.94
2026-10-04 07:28:24,542 INFO iter=125600 epoch=18 lr=2.00e-04 G=2.382 advA2B=0.430 advB2A=0.619 cycA=0.104 cycB=0.130 idtA=0.181 idtB=0.144 D_A=0.129 D_B=0.198 D_A(real)=0.83 D_A(fake)=0.17 gnG=11.90 gnD=9.02 it_per_s=8.94
2026-10-04 07:28:35,793 INFO iter=125700 epoch=18 lr=2.00e-04 G=2.382 advA2B=0.430 advB2A=0.619 cycA=0.104 cycB=0.130 idtA=0.181 idtB=0.144 D_A=0.129 D_B=0.198 D_A(real)=0.83 D_A(fake)=0.17 gnG=11.92 gnD=9.01 it_per_s=8.94
2026-10-04 07:28:46,778 INFO iter=125800 epoch=18 lr=2.00e-04 G=2.383 advA2B=0.429 advB2A=0.620 cycA=0.104 cycB=0.130 idtA=0.182 idtB=0.145 D_A=0.129 D_B=0.198 D_A(real)=0.83 D_A(fake)=0.17 gnG=11.93 gnD=9.02 it_per_s=8.94
2026-10-04 07:28:58,049 INFO iter=125900 epoch=18 lr=2.00e-04 G=2.383 advA2B=0.429 advB2A=0.620 cycA=0.104 cycB=0.130 idtA=0.182 idtB=0.145 D_A=0.129 D_B=0.199 D_A(real)=0.83 D_A(fake)=0.17 gnG=11.93 gnD=9.01 it_per_s=8.94
2026-10-04 07:29:09,140 INFO iter=126000 epoch=18 lr=2.00e-04 G=2.382 advA2B=0.428 advB2A=0.620 cycA=0.104 cycB=0.130 idtA=0.182 idtB=0.145 D_A=0.129 D_B=0.199 D_A(real)=0.83 D_A(fake)=0.17 gnG=11.91 gnD=9.01 it_per_s=8.94
2026-10-04 07:29:20,112 INFO iter=126100 epoch=18 lr=2.00e-04 G=2.383 advA2B=0.428 advB2A=0.620 cycA=0.104 cycB=0.130 idtA=0.182 idtB=0.145 D_A=0.129 D_B=0.199 D_A(real)=0.83 D_A(fake)=0.17 gnG=11.91 gnD=9.01 it_per_s=8.94
2026-10-04 07:29:31,396 INFO iter=126200 epoch=18 lr=2.00e-04 G=2.384 advA2B=0.428 advB2A=0.621 cycA=0.104 cycB=0.130 idtA=0.182 idtB=0.145 D_A=0.128 D_B=0.199 D_A(real)=0.83 D_A(fake)=0.17 gnG=11.92 gnD=9.01 it_per_s=8.94
2026-10-04 07:29:42,292 INFO iter=126300 epoch=18 lr=2.00e-04 G=2.384 advA2B=0.427 advB2A=0.621 cycA=0.104 cycB=0.130 idtA=0.182 idtB=0.145 D_A=0.128 D_B=0.199 D_A(real)=0.83 D_A(fake)=0.17 gnG=11.92 gnD=9.01 it_per_s=8.95
2026-10-04 07:29:53,402 INFO iter=126400 epoch=18 lr=2.00e-04 G=2.385 advA2B=0.427 advB2A=0.621 cycA=0.104 cycB=0.130 idtA=0.182 idtB=0.145 D_A=0.129 D_B=0.199 D_A(real)=0.83 D_A(fake)=0.17 gnG=11.95 gnD=9.01 it_per_s=8.95
2026-10-04 07:30:04,612 INFO iter=126500 epoch=18 lr=2.00e-04 G=2.385 advA2B=0.427 advB2A=0.621 cycA=0.104 cycB=0.130 idtA=0.182 idtB=0.145 D_A=0.129 D_B=0.199 D_A(real)=0.83 D_A(fake)=0.17 gnG=11.94 gnD=9.00 it_per_s=8.95
2026-10-04 07:30:15,412 INFO iter=126600 epoch=18 lr=2.00e-04 G=2.385 advA2B=0.427 advB2A=0.621 cycA=0.104 cycB=0.130 idtA=0.182 idtB=0.145 D_A=0.129 D_B=0.199 D_A(real)=0.83 D_A(fake)=0.17 gnG=11.93 gnD=9.00 it_per_s=8.95
2026-10-04 07:30:24,824 INFO epoch=18 done time_s=786 it_per_s=8.95 G=2.384 cycA=0.104 cycB=0.130 idtA=0.182 idtB=0.145 D_A=0.129 D_B=0.199 D_A(real)=0.83 D_A(fake)=0.17 nan_count=0
2026-10-04 07:30:27,350 INFO iter=126700 epoch=19 lr=2.00e-04 G=2.257 advA2B=0.349 advB2A=0.557 cycA=0.094 cycB=0.143 idtA=0.180 idtB=0.160 D_A=0.123 D_B=0.186 D_A(real)=0.81 D_A(fake)=0.21 gnG=13.75 gnD=8.82 it_per_s=8.71
2026-10-04 07:30:38,572 INFO iter=126800 epoch=19 lr=2.00e-04 G=2.400 advA2B=0.403 advB2A=0.653 cycA=0.107 cycB=0.129 idtA=0.193 idtB=0.143 D_A=0.126 D_B=0.202 D_A(real)=0.85 D_A(fake)=0.16 gnG=12.19 gnD=9.29 it_per_s=8.88
2026-10-04 07:30:49,503 INFO iter=126900 epoch=19 lr=2.00e-04 G=2.398 advA2B=0.426 advB2A=0.638 cycA=0.105 cycB=0.129 idtA=0.185 idtB=0.146 D_A=0.122 D_B=0.195 D_A(real)=0.85 D_A(fake)=0.16 gnG=12.50 gnD=8.99 it_per_s=9.00
2026-10-04 07:31:00,844 INFO iter=127000 epoch=19 lr=2.00e-04 G=2.428 advA2B=0.435 advB2A=0.650 cycA=0.105 cycB=0.130 idtA=0.183 idtB=0.146 D_A=0.120 D_B=0.197 D_A(real)=0.85 D_A(fake)=0.15 gnG=12.45 gnD=8.94 it_per_s=8.94
2026-10-04 07:31:12,185 INFO iter=127100 epoch=19 lr=2.00e-04 G=2.408 advA2B=0.433 advB2A=0.639 cycA=0.105 cycB=0.129 idtA=0.185 idtB=0.146 D_A=0.121 D_B=0.197 D_A(real)=0.85 D_A(fake)=0.15 gnG=12.18 gnD=9.01 it_per_s=8.91
2026-10-04 07:31:23,509 INFO iter=127200 epoch=19 lr=2.00e-04 G=2.396 advA2B=0.432 advB2A=0.636 cycA=0.104 cycB=0.129 idtA=0.184 idtB=0.145 D_A=0.121 D_B=0.198 D_A(real)=0.85 D_A(fake)=0.15 gnG=11.89 gnD=8.97 it_per_s=8.90
2026-10-04 07:31:35,139 INFO iter=127300 epoch=19 lr=2.00e-04 G=2.393 advA2B=0.432 advB2A=0.631 cycA=0.104 cycB=0.130 idtA=0.182 idtB=0.143 D_A=0.122 D_B=0.198 D_A(real)=0.84 D_A(fake)=0.16 gnG=12.15 gnD=9.01 it_per_s=8.85
2026-10-04 07:31:46,430 INFO iter=127400 epoch=19 lr=2.00e-04 G=2.386 advA2B=0.428 advB2A=0.629 cycA=0.104 cycB=0.129 idtA=0.181 idtB=0.142 D_A=0.121 D_B=0.198 D_A(real)=0.84 D_A(fake)=0.15 gnG=12.13 gnD=8.96 it_per_s=8.85
2026-10-04 07:31:57,809 INFO iter=127500 epoch=19 lr=2.00e-04 G=2.379 advA2B=0.423 advB2A=0.628 cycA=0.104 cycB=0.129 idtA=0.181 idtB=0.142 D_A=0.122 D_B=0.199 D_A(real)=0.84 D_A(fake)=0.16 gnG=12.06 gnD=8.99 it_per_s=8.84
2026-10-04 07:32:09,179 INFO iter=127600 epoch=19 lr=2.00e-04 G=2.380 advA2B=0.424 advB2A=0.628 cycA=0.104 cycB=0.129 idtA=0.181 idtB=0.141 D_A=0.122 D_B=0.198 D_A(real)=0.84 D_A(fake)=0.16 gnG=12.23 gnD=9.00 it_per_s=8.84
2026-10-04 07:32:20,476 INFO iter=127700 epoch=19 lr=2.00e-04 G=2.386 advA2B=0.425 advB2A=0.629 cycA=0.104 cycB=0.130 idtA=0.180 idtB=0.143 D_A=0.122 D_B=0.198 D_A(real)=0.84 D_A(fake)=0.16 gnG=12.31 gnD=9.02 it_per_s=8.84
2026-10-04 07:32:31,759 INFO iter=127800 epoch=19 lr=2.00e-04 G=2.388 advA2B=0.428 advB2A=0.629 cycA=0.104 cycB=0.129 idtA=0.180 idtB=0.143 D_A=0.123 D_B=0.198 D_A(real)=0.84 D_A(fake)=0.16 gnG=12.18 gnD=9.04 it_per_s=8.84
2026-10-04 07:32:43,033 INFO iter=127900 epoch=19 lr=2.00e-04 G=2.389 advA2B=0.432 advB2A=0.627 cycA=0.104 cycB=0.129 idtA=0.181 idtB=0.143 D_A=0.122 D_B=0.199 D_A(real)=0.84 D_A(fake)=0.16 gnG=12.46 gnD=9.11 it_per_s=8.84
2026-10-04 07:32:54,322 INFO iter=128000 epoch=19 lr=2.00e-04 G=2.385 advA2B=0.430 advB2A=0.627 cycA=0.104 cycB=0.129 idtA=0.181 idtB=0.143 D_A=0.123 D_B=0.198 D_A(real)=0.84 D_A(fake)=0.16 gnG=12.39 gnD=9.11 it_per_s=8.84
2026-10-04 07:33:05,707 INFO iter=128100 epoch=19 lr=2.00e-04 G=2.388 advA2B=0.430 advB2A=0.627 cycA=0.104 cycB=0.129 idtA=0.180 idtB=0.143 D_A=0.123 D_B=0.198 D_A(real)=0.84 D_A(fake)=0.16 gnG=12.37 gnD=9.11 it_per_s=8.84
2026-10-04 07:33:17,000 INFO iter=128200 epoch=19 lr=2.00e-04 G=2.389 advA2B=0.431 advB2A=0.629 cycA=0.104 cycB=0.129 idtA=0.180 idtB=0.143 D_A=0.123 D_B=0.198 D_A(real)=0.84 D_A(fake)=0.16 gnG=12.37 gnD=9.10 it_per_s=8.84
2026-10-04 07:33:28,304 INFO iter=128300 epoch=19 lr=2.00e-04 G=2.393 advA2B=0.432 advB2A=0.630 cycA=0.105 cycB=0.129 idtA=0.181 idtB=0.144 D_A=0.123 D_B=0.199 D_A(real)=0.84 D_A(fake)=0.16 gnG=12.38 gnD=9.11 it_per_s=8.84
2026-10-04 07:33:39,597 INFO iter=128400 epoch=19 lr=2.00e-04 G=2.392 advA2B=0.432 advB2A=0.629 cycA=0.105 cycB=0.129 idtA=0.182 idtB=0.144 D_A=0.124 D_B=0.198 D_A(real)=0.84 D_A(fake)=0.16 gnG=12.32 gnD=9.09 it_per_s=8.84
2026-10-04 07:33:50,954 INFO iter=128500 epoch=19 lr=2.00e-04 G=2.397 advA2B=0.434 advB2A=0.629 cycA=0.105 cycB=0.129 idtA=0.182 idtB=0.144 D_A=0.124 D_B=0.197 D_A(real)=0.84 D_A(fake)=0.16 gnG=12.37 gnD=9.07 it_per_s=8.84
2026-10-04 07:34:02,261 INFO iter=128600 epoch=19 lr=2.00e-04 G=2.396 advA2B=0.435 advB2A=0.630 cycA=0.105 cycB=0.129 idtA=0.183 idtB=0.144 D_A=0.124 D_B=0.198 D_A(real)=0.84 D_A(fake)=0.16 gnG=12.38 gnD=9.07 it_per_s=8.84
2026-10-04 07:34:13,534 INFO iter=128700 epoch=19 lr=2.00e-04 G=2.402 advA2B=0.437 advB2A=0.632 cycA=0.105 cycB=0.129 idtA=0.183 idtB=0.144 D_A=0.125 D_B=0.197 D_A(real)=0.84 D_A(fake)=0.16 gnG=12.32 gnD=9.07 it_per_s=8.84
2026-10-04 07:34:24,772 INFO iter=128800 epoch=19 lr=2.00e-04 G=2.403 advA2B=0.437 advB2A=0.630 cycA=0.105 cycB=0.130 idtA=0.184 idtB=0.145 D_A=0.125 D_B=0.197 D_A(real)=0.83 D_A(fake)=0.17 gnG=12.31 gnD=9.07 it_per_s=8.84
2026-10-04 07:34:36,074 INFO iter=128900 epoch=19 lr=2.00e-04 G=2.401 advA2B=0.437 advB2A=0.629 cycA=0.105 cycB=0.129 idtA=0.183 idtB=0.146 D_A=0.125 D_B=0.198 D_A(real)=0.83 D_A(fake)=0.17 gnG=12.37 gnD=9.09 it_per_s=8.84
2026-10-04 07:34:47,354 INFO iter=129000 epoch=19 lr=2.00e-04 G=2.401 advA2B=0.435 advB2A=0.631 cycA=0.104 cycB=0.129 idtA=0.184 idtB=0.145 D_A=0.126 D_B=0.198 D_A(real)=0.83 D_A(fake)=0.17 gnG=12.37 gnD=9.10 it_per_s=8.84
2026-10-04 07:34:58,617 INFO iter=129100 epoch=19 lr=2.00e-04 G=2.403 advA2B=0.436 advB2A=0.632 cycA=0.105 cycB=0.130 idtA=0.183 idtB=0.146 D_A=0.125 D_B=0.198 D_A(real)=0.83 D_A(fake)=0.17 gnG=12.38 gnD=9.10 it_per_s=8.85
2026-10-04 07:35:09,928 INFO iter=129200 epoch=19 lr=2.00e-04 G=2.406 advA2B=0.437 advB2A=0.634 cycA=0.104 cycB=0.130 idtA=0.183 idtB=0.146 D_A=0.125 D_B=0.198 D_A(real)=0.83 D_A(fake)=0.17 gnG=12.43 gnD=9.08 it_per_s=8.85
2026-10-04 07:35:20,816 INFO iter=129300 epoch=19 lr=2.00e-04 G=2.407 advA2B=0.436 advB2A=0.634 cycA=0.104 cycB=0.130 idtA=0.184 idtB=0.146 D_A=0.125 D_B=0.198 D_A(real)=0.83 D_A(fake)=0.17 gnG=12.46 gnD=9.08 it_per_s=8.86
2026-10-04 07:35:32,137 INFO iter=129400 epoch=19 lr=2.00e-04 G=2.402 advA2B=0.436 advB2A=0.633 cycA=0.104 cycB=0.130 idtA=0.184 idtB=0.145 D_A=0.125 D_B=0.197 D_A(real)=0.83 D_A(fake)=0.17 gnG=12.46 gnD=9.06 it_per_s=8.86
2026-10-04 07:35:43,049 INFO iter=129500 epoch=19 lr=2.00e-04 G=2.401 advA2B=0.435 advB2A=0.634 cycA=0.104 cycB=0.129 idtA=0.183 idtB=0.145 D_A=0.125 D_B=0.197 D_A(real)=0.83 D_A(fake)=0.17 gnG=12.40 gnD=9.05 it_per_s=8.87
2026-10-04 07:35:54,041 INFO iter=129600 epoch=19 lr=2.00e-04 G=2.399 advA2B=0.434 advB2A=0.634 cycA=0.104 cycB=0.129 idtA=0.183 idtB=0.145 D_A=0.125 D_B=0.197 D_A(real)=0.83 D_A(fake)=0.17 gnG=12.34 gnD=9.06 it_per_s=8.88
2026-10-04 07:36:05,361 INFO iter=129700 epoch=19 lr=2.00e-04 G=2.397 advA2B=0.434 advB2A=0.634 cycA=0.104 cycB=0.129 idtA=0.183 idtB=0.145 D_A=0.125 D_B=0.197 D_A(real)=0.83 D_A(fake)=0.17 gnG=12.33 gnD=9.05 it_per_s=8.87
2026-10-04 07:36:16,180 INFO iter=129800 epoch=19 lr=2.00e-04 G=2.402 advA2B=0.435 advB2A=0.635 cycA=0.104 cycB=0.130 idtA=0.183 idtB=0.145 D_A=0.125 D_B=0.197 D_A(real)=0.83 D_A(fake)=0.17 gnG=12.39 gnD=9.02 it_per_s=8.89
2026-10-04 07:36:27,453 INFO iter=129900 epoch=19 lr=2.00e-04 G=2.404 advA2B=0.434 advB2A=0.635 cycA=0.104 cycB=0.130 idtA=0.184 idtB=0.145 D_A=0.125 D_B=0.196 D_A(real)=0.83 D_A(fake)=0.17 gnG=12.36 gnD=9.03 it_per_s=8.89
2026-10-04 07:36:38,711 INFO iter=130000 epoch=19 lr=2.00e-04 G=2.404 advA2B=0.434 advB2A=0.635 cycA=0.104 cycB=0.130 idtA=0.184 idtB=0.145 D_A=0.125 D_B=0.196 D_A(real)=0.84 D_A(fake)=0.16 gnG=12.34 gnD=9.02 it_per_s=8.89
2026-10-04 07:36:49,529 INFO iter=130100 epoch=19 lr=2.00e-04 G=2.404 advA2B=0.435 advB2A=0.635 cycA=0.104 cycB=0.130 idtA=0.184 idtB=0.145 D_A=0.125 D_B=0.196 D_A(real)=0.84 D_A(fake)=0.16 gnG=12.33 gnD=8.99 it_per_s=8.90
2026-10-04 07:37:00,863 INFO iter=130200 epoch=19 lr=2.00e-04 G=2.405 advA2B=0.435 advB2A=0.636 cycA=0.104 cycB=0.130 idtA=0.184 idtB=0.145 D_A=0.125 D_B=0.196 D_A(real)=0.84 D_A(fake)=0.16 gnG=12.33 gnD=8.99 it_per_s=8.89
2026-10-04 07:37:11,975 INFO iter=130300 epoch=19 lr=2.00e-04 G=2.406 advA2B=0.435 advB2A=0.637 cycA=0.104 cycB=0.130 idtA=0.184 idtB=0.145 D_A=0.125 D_B=0.196 D_A(real)=0.84 D_A(fake)=0.16 gnG=12.33 gnD=8.97 it_per_s=8.90
2026-10-04 07:37:22,973 INFO iter=130400 epoch=19 lr=2.00e-04 G=2.405 advA2B=0.435 advB2A=0.636 cycA=0.104 cycB=0.130 idtA=0.184 idtB=0.145 D_A=0.125 D_B=0.196 D_A(real)=0.84 D_A(fake)=0.16 gnG=12.35 gnD=8.98 it_per_s=8.90
2026-10-04 07:37:34,326 INFO iter=130500 epoch=19 lr=2.00e-04 G=2.403 advA2B=0.435 advB2A=0.635 cycA=0.104 cycB=0.130 idtA=0.184 idtB=0.145 D_A=0.125 D_B=0.196 D_A(real)=0.83 D_A(fake)=0.16 gnG=12.32 gnD=8.97 it_per_s=8.90
2026-10-04 07:37:45,222 INFO iter=130600 epoch=19 lr=2.00e-04 G=2.403 advA2B=0.435 advB2A=0.635 cycA=0.104 cycB=0.130 idtA=0.184 idtB=0.145 D_A=0.125 D_B=0.196 D_A(real)=0.84 D_A(fake)=0.16 gnG=12.27 gnD=8.97 it_per_s=8.91
2026-10-04 07:37:56,370 INFO iter=130700 epoch=19 lr=2.00e-04 G=2.402 advA2B=0.435 advB2A=0.635 cycA=0.104 cycB=0.130 idtA=0.183 idtB=0.145 D_A=0.125 D_B=0.196 D_A(real)=0.84 D_A(fake)=0.16 gnG=12.28 gnD=8.96 it_per_s=8.91
2026-10-04 07:38:07,641 INFO iter=130800 epoch=19 lr=2.00e-04 G=2.402 advA2B=0.434 advB2A=0.635 cycA=0.104 cycB=0.130 idtA=0.183 idtB=0.145 D_A=0.125 D_B=0.196 D_A(real)=0.84 D_A(fake)=0.16 gnG=12.28 gnD=8.95 it_per_s=8.91
2026-10-04 07:38:18,592 INFO iter=130900 epoch=19 lr=2.00e-04 G=2.398 advA2B=0.433 advB2A=0.634 cycA=0.104 cycB=0.129 idtA=0.183 idtB=0.144 D_A=0.125 D_B=0.196 D_A(real)=0.84 D_A(fake)=0.16 gnG=12.26 gnD=8.94 it_per_s=8.91
2026-10-04 07:38:29,832 INFO iter=131000 epoch=19 lr=2.00e-04 G=2.397 advA2B=0.433 advB2A=0.633 cycA=0.104 cycB=0.130 idtA=0.183 idtB=0.144 D_A=0.125 D_B=0.196 D_A(real)=0.84 D_A(fake)=0.16 gnG=12.24 gnD=8.94 it_per_s=8.91
2026-10-04 07:38:40,923 INFO iter=131100 epoch=19 lr=2.00e-04 G=2.396 advA2B=0.433 advB2A=0.633 cycA=0.104 cycB=0.130 idtA=0.183 idtB=0.144 D_A=0.125 D_B=0.196 D_A(real)=0.84 D_A(fake)=0.16 gnG=12.19 gnD=8.94 it_per_s=8.91
2026-10-04 07:38:51,852 INFO iter=131200 epoch=19 lr=2.00e-04 G=2.397 advA2B=0.434 advB2A=0.633 cycA=0.104 cycB=0.130 idtA=0.183 idtB=0.144 D_A=0.125 D_B=0.196 D_A(real)=0.84 D_A(fake)=0.16 gnG=12.18 gnD=8.94 it_per_s=8.92
2026-10-04 07:39:03,280 INFO iter=131300 epoch=19 lr=2.00e-04 G=2.398 advA2B=0.434 advB2A=0.633 cycA=0.104 cycB=0.130 idtA=0.183 idtB=0.144 D_A=0.125 D_B=0.196 D_A(real)=0.84 D_A(fake)=0.16 gnG=12.16 gnD=8.94 it_per_s=8.92
2026-10-04 07:39:14,389 INFO iter=131400 epoch=19 lr=2.00e-04 G=2.396 advA2B=0.433 advB2A=0.633 cycA=0.104 cycB=0.130 idtA=0.183 idtB=0.144 D_A=0.125 D_B=0.196 D_A(real)=0.84 D_A(fake)=0.16 gnG=12.14 gnD=8.93 it_per_s=8.92
2026-10-04 07:39:25,403 INFO iter=131500 epoch=19 lr=2.00e-04 G=2.395 advA2B=0.433 advB2A=0.632 cycA=0.104 cycB=0.130 idtA=0.183 idtB=0.144 D_A=0.125 D_B=0.196 D_A(real)=0.84 D_A(fake)=0.16 gnG=12.13 gnD=8.93 it_per_s=8.92
2026-10-04 07:39:36,734 INFO iter=131600 epoch=19 lr=2.00e-04 G=2.396 advA2B=0.432 advB2A=0.632 cycA=0.104 cycB=0.130 idtA=0.183 idtB=0.144 D_A=0.125 D_B=0.196 D_A(real)=0.84 D_A(fake)=0.16 gnG=12.12 gnD=8.92 it_per_s=8.92
2026-10-04 07:39:47,566 INFO iter=131700 epoch=19 lr=2.00e-04 G=2.397 advA2B=0.433 advB2A=0.632 cycA=0.104 cycB=0.130 idtA=0.183 idtB=0.144 D_A=0.125 D_B=0.196 D_A(real)=0.84 D_A(fake)=0.16 gnG=12.10 gnD=8.92 it_per_s=8.92
2026-10-04 07:39:58,846 INFO iter=131800 epoch=19 lr=2.00e-04 G=2.396 advA2B=0.433 advB2A=0.632 cycA=0.104 cycB=0.130 idtA=0.183 idtB=0.144 D_A=0.125 D_B=0.196 D_A(real)=0.84 D_A(fake)=0.16 gnG=12.11 gnD=8.93 it_per_s=8.92
2026-10-04 07:40:10,130 INFO iter=131900 epoch=19 lr=2.00e-04 G=2.396 advA2B=0.433 advB2A=0.632 cycA=0.104 cycB=0.130 idtA=0.183 idtB=0.144 D_A=0.125 D_B=0.196 D_A(real)=0.84 D_A(fake)=0.16 gnG=12.10 gnD=8.93 it_per_s=8.92
2026-10-04 07:40:20,979 INFO iter=132000 epoch=19 lr=2.00e-04 G=2.397 advA2B=0.433 advB2A=0.632 cycA=0.104 cycB=0.130 idtA=0.183 idtB=0.144 D_A=0.126 D_B=0.196 D_A(real)=0.83 D_A(fake)=0.17 gnG=12.10 gnD=8.95 it_per_s=8.93
2026-10-04 07:40:32,383 INFO iter=132100 epoch=19 lr=2.00e-04 G=2.396 advA2B=0.433 advB2A=0.632 cycA=0.104 cycB=0.130 idtA=0.183 idtB=0.144 D_A=0.125 D_B=0.196 D_A(real)=0.83 D_A(fake)=0.17 gnG=12.10 gnD=8.94 it_per_s=8.92
2026-10-04 07:40:43,749 INFO iter=132200 epoch=19 lr=2.00e-04 G=2.397 advA2B=0.432 advB2A=0.632 cycA=0.104 cycB=0.130 idtA=0.183 idtB=0.144 D_A=0.125 D_B=0.196 D_A(real)=0.84 D_A(fake)=0.16 gnG=12.09 gnD=8.93 it_per_s=8.92
2026-10-04 07:40:55,118 INFO iter=132300 epoch=19 lr=2.00e-04 G=2.398 advA2B=0.433 advB2A=0.633 cycA=0.104 cycB=0.130 idtA=0.183 idtB=0.144 D_A=0.125 D_B=0.196 D_A(real)=0.84 D_A(fake)=0.16 gnG=12.08 gnD=8.92 it_per_s=8.92
2026-10-04 07:41:06,498 INFO iter=132400 epoch=19 lr=2.00e-04 G=2.397 advA2B=0.433 advB2A=0.633 cycA=0.104 cycB=0.130 idtA=0.183 idtB=0.144 D_A=0.125 D_B=0.196 D_A(real)=0.84 D_A(fake)=0.16 gnG=12.07 gnD=8.93 it_per_s=8.92
2026-10-04 07:41:17,836 INFO iter=132500 epoch=19 lr=2.00e-04 G=2.396 advA2B=0.433 advB2A=0.633 cycA=0.104 cycB=0.130 idtA=0.183 idtB=0.144 D_A=0.125 D_B=0.196 D_A(real)=0.84 D_A(fake)=0.16 gnG=12.08 gnD=8.92 it_per_s=8.92
2026-10-04 07:41:29,294 INFO iter=132600 epoch=19 lr=2.00e-04 G=2.396 advA2B=0.433 advB2A=0.632 cycA=0.104 cycB=0.130 idtA=0.183 idtB=0.144 D_A=0.125 D_B=0.196 D_A(real)=0.84 D_A(fake)=0.16 gnG=12.07 gnD=8.92 it_per_s=8.91
2026-10-04 07:41:40,846 INFO iter=132700 epoch=19 lr=2.00e-04 G=2.394 advA2B=0.432 advB2A=0.632 cycA=0.104 cycB=0.130 idtA=0.183 idtB=0.144 D_A=0.125 D_B=0.196 D_A(real)=0.84 D_A(fake)=0.16 gnG=12.06 gnD=8.92 it_per_s=8.91
2026-10-04 07:41:52,187 INFO iter=132800 epoch=19 lr=2.00e-04 G=2.394 advA2B=0.432 advB2A=0.632 cycA=0.104 cycB=0.130 idtA=0.183 idtB=0.144 D_A=0.125 D_B=0.196 D_A(real)=0.84 D_A(fake)=0.16 gnG=12.06 gnD=8.91 it_per_s=8.91
2026-10-04 07:42:03,550 INFO iter=132900 epoch=19 lr=2.00e-04 G=2.395 advA2B=0.433 advB2A=0.631 cycA=0.104 cycB=0.130 idtA=0.182 idtB=0.144 D_A=0.125 D_B=0.196 D_A(real)=0.84 D_A(fake)=0.16 gnG=12.06 gnD=8.90 it_per_s=8.90
2026-10-04 07:42:14,829 INFO iter=133000 epoch=19 lr=2.00e-04 G=2.394 advA2B=0.433 advB2A=0.632 cycA=0.104 cycB=0.130 idtA=0.182 idtB=0.143 D_A=0.125 D_B=0.196 D_A(real)=0.84 D_A(fake)=0.16 gnG=12.06 gnD=8.90 it_per_s=8.90
2026-10-04 07:42:26,169 INFO iter=133100 epoch=19 lr=2.00e-04 G=2.394 advA2B=0.433 advB2A=0.632 cycA=0.104 cycB=0.129 idtA=0.183 idtB=0.143 D_A=0.125 D_B=0.196 D_A(real)=0.84 D_A(fake)=0.16 gnG=12.04 gnD=8.90 it_per_s=8.90
2026-10-04 07:42:37,535 INFO iter=133200 epoch=19 lr=2.00e-04 G=2.394 advA2B=0.433 advB2A=0.632 cycA=0.104 cycB=0.130 idtA=0.182 idtB=0.143 D_A=0.125 D_B=0.196 D_A(real)=0.84 D_A(fake)=0.16 gnG=12.05 gnD=8.91 it_per_s=8.90
2026-10-04 07:42:48,924 INFO iter=133300 epoch=19 lr=2.00e-04 G=2.396 advA2B=0.434 advB2A=0.632 cycA=0.104 cycB=0.130 idtA=0.182 idtB=0.143 D_A=0.125 D_B=0.196 D_A(real)=0.84 D_A(fake)=0.16 gnG=12.08 gnD=8.90 it_per_s=8.90
2026-10-04 07:43:00,218 INFO iter=133400 epoch=19 lr=2.00e-04 G=2.395 advA2B=0.434 advB2A=0.633 cycA=0.104 cycB=0.129 idtA=0.182 idtB=0.143 D_A=0.125 D_B=0.196 D_A(real)=0.84 D_A(fake)=0.16 gnG=12.07 gnD=8.89 it_per_s=8.90
2026-10-04 07:43:11,585 INFO iter=133500 epoch=19 lr=2.00e-04 G=2.396 advA2B=0.434 advB2A=0.632 cycA=0.104 cycB=0.130 idtA=0.182 idtB=0.143 D_A=0.125 D_B=0.196 D_A(real)=0.84 D_A(fake)=0.16 gnG=12.06 gnD=8.90 it_per_s=8.90
2026-10-04 07:43:22,885 INFO iter=133600 epoch=19 lr=2.00e-04 G=2.396 advA2B=0.434 advB2A=0.633 cycA=0.104 cycB=0.130 idtA=0.182 idtB=0.143 D_A=0.125 D_B=0.196 D_A(real)=0.84 D_A(fake)=0.16 gnG=12.08 gnD=8.90 it_per_s=8.90
2026-10-04 07:43:34,310 INFO iter=133700 epoch=19 lr=2.00e-04 G=2.397 advA2B=0.434 advB2A=0.633 cycA=0.104 cycB=0.130 idtA=0.182 idtB=0.143 D_A=0.125 D_B=0.196 D_A(real)=0.84 D_A(fake)=0.16 gnG=12.09 gnD=8.90 it_per_s=8.89
2026-10-04 07:43:36,766 INFO epoch=19 done time_s=791 it_per_s=8.89 G=2.397 cycA=0.104 cycB=0.130 idtA=0.182 idtB=0.143 D_A=0.125 D_B=0.196 D_A(real)=0.84 D_A(fake)=0.16 nan_count=0
2026-10-04 07:43:46,290 INFO iter=133800 epoch=20 lr=2.00e-04 G=2.465 advA2B=0.457 advB2A=0.635 cycA=0.103 cycB=0.138 idtA=0.189 idtB=0.148 D_A=0.124 D_B=0.182 D_A(real)=0.83 D_A(fake)=0.17 gnG=11.80 gnD=9.68 it_per_s=8.84
2026-10-04 07:43:57,614 INFO iter=133900 epoch=20 lr=2.00e-04 G=2.355 advA2B=0.412 advB2A=0.602 cycA=0.103 cycB=0.132 idtA=0.191 idtB=0.143 D_A=0.126 D_B=0.195 D_A(real)=0.82 D_A(fake)=0.18 gnG=12.13 gnD=9.23 it_per_s=8.84
2026-10-04 07:44:08,996 INFO iter=134000 epoch=20 lr=2.00e-04 G=2.381 advA2B=0.428 advB2A=0.621 cycA=0.102 cycB=0.132 idtA=0.187 idtB=0.142 D_A=0.124 D_B=0.202 D_A(real)=0.83 D_A(fake)=0.17 gnG=12.53 gnD=9.18 it_per_s=8.82
2026-10-04 07:44:20,406 INFO iter=134100 epoch=20 lr=2.00e-04 G=2.389 advA2B=0.435 advB2A=0.625 cycA=0.101 cycB=0.132 idtA=0.184 idtB=0.142 D_A=0.126 D_B=0.201 D_A(real)=0.83 D_A(fake)=0.17 gnG=12.74 gnD=9.07 it_per_s=8.80
2026-10-04 07:44:31,731 INFO iter=134200 epoch=20 lr=2.00e-04 G=2.396 advA2B=0.435 advB2A=0.631 cycA=0.102 cycB=0.132 idtA=0.181 idtB=0.141 D_A=0.127 D_B=0.200 D_A(real)=0.83 D_A(fake)=0.17 gnG=12.49 gnD=9.12 it_per_s=8.81
2026-10-04 07:44:43,083 INFO iter=134300 epoch=20 lr=2.00e-04 G=2.393 advA2B=0.429 advB2A=0.639 cycA=0.102 cycB=0.131 idtA=0.181 idtB=0.140 D_A=0.126 D_B=0.197 D_A(real)=0.83 D_A(fake)=0.17 gnG=12.52 gnD=9.12 it_per_s=8.81
2026-10-04 07:44:54,377 INFO iter=134400 epoch=20 lr=2.00e-04 G=2.380 advA2B=0.425 advB2A=0.634 cycA=0.102 cycB=0.130 idtA=0.183 idtB=0.140 D_A=0.126 D_B=0.199 D_A(real)=0.83 D_A(fake)=0.17 gnG=12.24 gnD=9.11 it_per_s=8.82
2026-10-04 07:45:05,725 INFO iter=134500 epoch=20 lr=2.00e-04 G=2.378 advA2B=0.421 advB2A=0.637 cycA=0.103 cycB=0.129 idtA=0.183 idtB=0.140 D_A=0.125 D_B=0.197 D_A(real)=0.83 D_A(fake)=0.17 gnG=12.15 gnD=9.04 it_per_s=8.82
2026-10-04 07:45:17,019 INFO iter=134600 epoch=20 lr=2.00e-04 G=2.382 advA2B=0.421 advB2A=0.643 cycA=0.103 cycB=0.128 idtA=0.183 idtB=0.139 D_A=0.124 D_B=0.196 D_A(real)=0.83 D_A(fake)=0.17 gnG=12.18 gnD=9.05 it_per_s=8.82
2026-10-04 07:45:28,338 INFO iter=134700 epoch=20 lr=2.00e-04 G=2.373 advA2B=0.419 advB2A=0.640 cycA=0.102 cycB=0.128 idtA=0.183 idtB=0.139 D_A=0.124 D_B=0.198 D_A(real)=0.83 D_A(fake)=0.17 gnG=12.09 gnD=9.02 it_per_s=8.82
2026-10-04 07:45:39,644 INFO iter=134800 epoch=20 lr=2.00e-04 G=2.368 advA2B=0.418 advB2A=0.638 cycA=0.103 cycB=0.128 idtA=0.182 idtB=0.139 D_A=0.123 D_B=0.199 D_A(real)=0.83 D_A(fake)=0.17 gnG=12.08 gnD=8.99 it_per_s=8.82
2026-10-04 07:45:50,985 INFO iter=134900 epoch=20 lr=2.00e-04 G=2.369 advA2B=0.420 advB2A=0.639 cycA=0.103 cycB=0.127 idtA=0.181 idtB=0.138 D_A=0.123 D_B=0.198 D_A(real)=0.83 D_A(fake)=0.17 gnG=12.13 gnD=8.97 it_per_s=8.82
2026-10-04 07:46:02,308 INFO iter=135000 epoch=20 lr=2.00e-04 G=2.370 advA2B=0.420 advB2A=0.640 cycA=0.103 cycB=0.127 idtA=0.181 idtB=0.138 D_A=0.123 D_B=0.199 D_A(real)=0.83 D_A(fake)=0.17 gnG=12.18 gnD=8.94 it_per_s=8.82
2026-10-04 07:46:13,642 INFO iter=135100 epoch=20 lr=2.00e-04 G=2.372 advA2B=0.418 advB2A=0.640 cycA=0.103 cycB=0.128 idtA=0.181 idtB=0.139 D_A=0.122 D_B=0.199 D_A(real)=0.84 D_A(fake)=0.16 gnG=12.16 gnD=8.92 it_per_s=8.82
2026-10-04 07:46:24,921 INFO iter=135200 epoch=20 lr=2.00e-04 G=2.376 advA2B=0.420 advB2A=0.641 cycA=0.103 cycB=0.128 idtA=0.181 idtB=0.139 D_A=0.121 D_B=0.198 D_A(real)=0.84 D_A(fake)=0.16 gnG=12.23 gnD=8.94 it_per_s=8.83
2026-10-04 07:46:36,189 INFO iter=135300 epoch=20 lr=2.00e-04 G=2.376 advA2B=0.420 advB2A=0.642 cycA=0.103 cycB=0.128 idtA=0.180 idtB=0.139 D_A=0.121 D_B=0.197 D_A(real)=0.84 D_A(fake)=0.16 gnG=12.31 gnD=8.87 it_per_s=8.83
2026-10-04 07:46:47,508 INFO iter=135400 epoch=20 lr=2.00e-04 G=2.375 advA2B=0.420 advB2A=0.642 cycA=0.103 cycB=0.128 idtA=0.180 idtB=0.139 D_A=0.121 D_B=0.197 D_A(real)=0.84 D_A(fake)=0.16 gnG=12.22 gnD=8.84 it_per_s=8.83
2026-10-04 07:46:58,761 INFO iter=135500 epoch=20 lr=2.00e-04 G=2.381 advA2B=0.421 advB2A=0.644 cycA=0.103 cycB=0.128 idtA=0.180 idtB=0.139 D_A=0.121 D_B=0.197 D_A(real)=0.84 D_A(fake)=0.16 gnG=12.27 gnD=8.85 it_per_s=8.83
2026-10-04 07:47:10,093 INFO iter=135600 epoch=20 lr=2.00e-04 G=2.384 advA2B=0.421 advB2A=0.645 cycA=0.103 cycB=0.129 idtA=0.181 idtB=0.140 D_A=0.121 D_B=0.197 D_A(real)=0.84 D_A(fake)=0.16 gnG=12.19 gnD=8.83 it_per_s=8.83
2026-10-04 07:47:21,403 INFO iter=135700 epoch=20 lr=2.00e-04 G=2.382 advA2B=0.423 advB2A=0.644 cycA=0.103 cycB=0.128 idtA=0.181 idtB=0.139 D_A=0.121 D_B=0.197 D_A(real)=0.84 D_A(fake)=0.16 gnG=12.18 gnD=8.83 it_per_s=8.83
2026-10-04 07:47:32,508 INFO iter=135800 epoch=20 lr=2.00e-04 G=2.382 advA2B=0.423 advB2A=0.643 cycA=0.103 cycB=0.128 idtA=0.181 idtB=0.139 D_A=0.121 D_B=0.197 D_A(real)=0.84 D_A(fake)=0.16 gnG=12.19 gnD=8.82 it_per_s=8.84
2026-10-04 07:47:43,665 INFO iter=135900 epoch=20 lr=2.00e-04 G=2.383 advA2B=0.422 advB2A=0.643 cycA=0.103 cycB=0.128 idtA=0.182 idtB=0.140 D_A=0.121 D_B=0.196 D_A(real)=0.84 D_A(fake)=0.16 gnG=12.09 gnD=8.80 it_per_s=8.85
2026-10-04 07:47:54,436 INFO iter=136000 epoch=20 lr=2.00e-04 G=2.387 advA2B=0.426 advB2A=0.643 cycA=0.103 cycB=0.129 idtA=0.182 idtB=0.140 D_A=0.121 D_B=0.196 D_A(real)=0.84 D_A(fake)=0.16 gnG=12.09 gnD=8.76 it_per_s=8.86
2026-10-04 07:48:05,771 INFO iter=136100 epoch=20 lr=2.00e-04 G=2.389 advA2B=0.429 advB2A=0.642 cycA=0.103 cycB=0.129 idtA=0.182 idtB=0.140 D_A=0.121 D_B=0.195 D_A(real)=0.84 D_A(fake)=0.16 gnG=12.09 gnD=8.76 it_per_s=8.86
2026-10-04 07:48:16,875 INFO iter=136200 epoch=20 lr=2.00e-04 G=2.385 advA2B=0.429 advB2A=0.641 cycA=0.103 cycB=0.128 idtA=0.182 idtB=0.139 D_A=0.121 D_B=0.196 D_A(real)=0.84 D_A(fake)=0.16 gnG=12.12 gnD=8.76 it_per_s=8.87
2026-10-04 07:48:27,825 INFO iter=136300 epoch=20 lr=2.00e-04 G=2.386 advA2B=0.430 advB2A=0.641 cycA=0.103 cycB=0.128 idtA=0.182 idtB=0.139 D_A=0.121 D_B=0.196 D_A(real)=0.84 D_A(fake)=0.16 gnG=12.08 gnD=8.74 it_per_s=8.88
2026-10-04 07:48:39,108 INFO iter=136400 epoch=20 lr=2.00e-04 G=2.387 advA2B=0.429 advB2A=0.641 cycA=0.103 cycB=0.128 idtA=0.182 idtB=0.139 D_A=0.121 D_B=0.195 D_A(real)=0.84 D_A(fake)=0.16 gnG=12.07 gnD=8.71 it_per_s=8.88
2026-10-04 07:48:50,003 INFO iter=136500 epoch=20 lr=2.00e-04 G=2.389 advA2B=0.430 advB2A=0.642 cycA=0.103 cycB=0.128 idtA=0.183 idtB=0.140 D_A=0.121 D_B=0.195 D_A(real)=0.84 D_A(fake)=0.16 gnG=12.05 gnD=8.69 it_per_s=8.89
2026-10-04 07:49:01,144 INFO iter=136600 epoch=20 lr=2.00e-04 G=2.389 advA2B=0.430 advB2A=0.641 cycA=0.103 cycB=0.128 idtA=0.183 idtB=0.140 D_A=0.121 D_B=0.195 D_A(real)=0.84 D_A(fake)=0.16 gnG=12.07 gnD=8.68 it_per_s=8.89
2026-10-04 07:49:12,514 INFO iter=136700 epoch=20 lr=2.00e-04 G=2.389 advA2B=0.430 advB2A=0.642 cycA=0.103 cycB=0.128 idtA=0.183 idtB=0.140 D_A=0.121 D_B=0.194 D_A(real)=0.84 D_A(fake)=0.16 gnG=12.04 gnD=8.68 it_per_s=8.89
2026-10-04 07:49:23,323 INFO iter=136800 epoch=20 lr=2.00e-04 G=2.391 advA2B=0.431 advB2A=0.642 cycA=0.103 cycB=0.128 idtA=0.183 idtB=0.140 D_A=0.121 D_B=0.194 D_A(real)=0.84 D_A(fake)=0.16 gnG=12.04 gnD=8.67 it_per_s=8.90
2026-10-04 07:49:34,693 INFO iter=136900 epoch=20 lr=2.00e-04 G=2.393 advA2B=0.433 advB2A=0.643 cycA=0.103 cycB=0.128 idtA=0.183 idtB=0.140 D_A=0.121 D_B=0.194 D_A(real)=0.84 D_A(fake)=0.16 gnG=12.05 gnD=8.66 it_per_s=8.90
2026-10-04 07:49:45,880 INFO iter=137000 epoch=20 lr=2.00e-04 G=2.397 advA2B=0.435 advB2A=0.644 cycA=0.103 cycB=0.128 idtA=0.183 idtB=0.140 D_A=0.121 D_B=0.195 D_A(real)=0.84 D_A(fake)=0.16 gnG=12.06 gnD=8.67 it_per_s=8.90
2026-10-04 07:49:56,767 INFO iter=137100 epoch=20 lr=2.00e-04 G=2.397 advA2B=0.435 advB2A=0.644 cycA=0.103 cycB=0.128 idtA=0.183 idtB=0.139 D_A=0.121 D_B=0.195 D_A(real)=0.84 D_A(fake)=0.16 gnG=12.06 gnD=8.66 it_per_s=8.91
2026-10-04 07:50:08,024 INFO iter=137200 epoch=20 lr=2.00e-04 G=2.396 advA2B=0.435 advB2A=0.643 cycA=0.103 cycB=0.129 idtA=0.182 idtB=0.140 D_A=0.122 D_B=0.195 D_A(real)=0.84 D_A(fake)=0.16 gnG=12.05 gnD=8.67 it_per_s=8.91
2026-10-04 07:50:19,032 INFO iter=137300 epoch=20 lr=2.00e-04 G=2.395 advA2B=0.435 advB2A=0.643 cycA=0.103 cycB=0.128 idtA=0.182 idtB=0.139 D_A=0.121 D_B=0.195 D_A(real)=0.84 D_A(fake)=0.16 gnG=12.07 gnD=8.66 it_per_s=8.91
2026-10-04 07:50:30,087 INFO iter=137400 epoch=20 lr=2.00e-04 G=2.396 advA2B=0.436 advB2A=0.643 cycA=0.103 cycB=0.128 idtA=0.182 idtB=0.139 D_A=0.122 D_B=0.194 D_A(real)=0.84 D_A(fake)=0.16 gnG=12.07 gnD=8.66 it_per_s=8.91
2026-10-04 07:50:41,416 INFO iter=137500 epoch=20 lr=2.00e-04 G=2.395 advA2B=0.436 advB2A=0.644 cycA=0.103 cycB=0.128 idtA=0.182 idtB=0.139 D_A=0.121 D_B=0.194 D_A(real)=0.84 D_A(fake)=0.16 gnG=12.05 gnD=8.65 it_per_s=8.91
2026-10-04 07:50:52,269 INFO iter=137600 epoch=20 lr=2.00e-04 G=2.394 advA2B=0.435 advB2A=0.643 cycA=0.103 cycB=0.128 idtA=0.182 idtB=0.139 D_A=0.121 D_B=0.195 D_A(real)=0.84 D_A(fake)=0.16 gnG=12.10 gnD=8.65 it_per_s=8.92
2026-10-04 07:51:03,468 INFO iter=137700 epoch=20 lr=2.00e-04 G=2.394 advA2B=0.435 advB2A=0.644 cycA=0.103 cycB=0.128 idtA=0.182 idtB=0.139 D_A=0.121 D_B=0.194 D_A(real)=0.84 D_A(fake)=0.16 gnG=12.09 gnD=8.64 it_per_s=8.92
2026-10-04 07:51:14,740 INFO iter=137800 epoch=20 lr=2.00e-04 G=2.395 advA2B=0.435 advB2A=0.644 cycA=0.103 cycB=0.128 idtA=0.182 idtB=0.139 D_A=0.121 D_B=0.194 D_A(real)=0.84 D_A(fake)=0.16 gnG=12.05 gnD=8.63 it_per_s=8.92
2026-10-04 07:51:25,966 INFO iter=137900 epoch=20 lr=2.00e-04 G=2.394 advA2B=0.435 advB2A=0.643 cycA=0.103 cycB=0.128 idtA=0.182 idtB=0.139 D_A=0.121 D_B=0.194 D_A(real)=0.84 D_A(fake)=0.16 gnG=12.07 gnD=8.63 it_per_s=8.92
2026-10-04 07:51:37,193 INFO iter=138000 epoch=20 lr=2.00e-04 G=2.392 advA2B=0.434 advB2A=0.643 cycA=0.103 cycB=0.128 idtA=0.182 idtB=0.139 D_A=0.121 D_B=0.194 D_A(real)=0.84 D_A(fake)=0.16 gnG=12.06 gnD=8.62 it_per_s=8.92
2026-10-04 07:51:48,281 INFO iter=138100 epoch=20 lr=2.00e-04 G=2.393 advA2B=0.435 advB2A=0.643 cycA=0.103 cycB=0.128 idtA=0.182 idtB=0.139 D_A=0.121 D_B=0.194 D_A(real)=0.84 D_A(fake)=0.16 gnG=12.08 gnD=8.63 it_per_s=8.92
2026-10-04 07:51:59,466 INFO iter=138200 epoch=20 lr=2.00e-04 G=2.392 advA2B=0.434 advB2A=0.643 cycA=0.103 cycB=0.128 idtA=0.181 idtB=0.139 D_A=0.121 D_B=0.195 D_A(real)=0.84 D_A(fake)=0.16 gnG=12.08 gnD=8.62 it_per_s=8.92
2026-10-04 07:52:10,724 INFO iter=138300 epoch=20 lr=2.00e-04 G=2.389 advA2B=0.433 advB2A=0.642 cycA=0.103 cycB=0.128 idtA=0.181 idtB=0.139 D_A=0.121 D_B=0.195 D_A(real)=0.84 D_A(fake)=0.16 gnG=12.07 gnD=8.63 it_per_s=8.92
2026-10-04 07:52:21,686 INFO iter=138400 epoch=20 lr=2.00e-04 G=2.388 advA2B=0.433 advB2A=0.642 cycA=0.103 cycB=0.128 idtA=0.181 idtB=0.139 D_A=0.121 D_B=0.195 D_A(real)=0.84 D_A(fake)=0.16 gnG=12.07 gnD=8.62 it_per_s=8.92
2026-10-04 07:52:32,757 INFO iter=138500 epoch=20 lr=2.00e-04 G=2.388 advA2B=0.433 advB2A=0.641 cycA=0.103 cycB=0.128 idtA=0.181 idtB=0.139 D_A=0.121 D_B=0.195 D_A(real)=0.84 D_A(fake)=0.16 gnG=12.05 gnD=8.62 it_per_s=8.93
2026-10-04 07:52:44,041 INFO iter=138600 epoch=20 lr=2.00e-04 G=2.387 advA2B=0.433 advB2A=0.642 cycA=0.103 cycB=0.128 idtA=0.181 idtB=0.138 D_A=0.121 D_B=0.195 D_A(real)=0.84 D_A(fake)=0.16 gnG=12.02 gnD=8.62 it_per_s=8.92
2026-10-04 07:52:55,284 INFO iter=138700 epoch=20 lr=2.00e-04 G=2.389 advA2B=0.434 advB2A=0.642 cycA=0.103 cycB=0.128 idtA=0.181 idtB=0.139 D_A=0.121 D_B=0.195 D_A(real)=0.84 D_A(fake)=0.16 gnG=12.02 gnD=8.61 it_per_s=8.92
2026-10-04 07:53:06,631 INFO iter=138800 epoch=20 lr=2.00e-04 G=2.389 advA2B=0.434 advB2A=0.643 cycA=0.103 cycB=0.128 idtA=0.181 idtB=0.139 D_A=0.121 D_B=0.194 D_A(real)=0.84 D_A(fake)=0.16 gnG=12.02 gnD=8.62 it_per_s=8.92
2026-10-04 07:53:17,935 INFO iter=138900 epoch=20 lr=2.00e-04 G=2.390 advA2B=0.434 advB2A=0.643 cycA=0.103 cycB=0.128 idtA=0.181 idtB=0.139 D_A=0.121 D_B=0.194 D_A(real)=0.84 D_A(fake)=0.16 gnG=12.02 gnD=8.62 it_per_s=8.92
2026-10-04 07:53:28,990 INFO iter=139000 epoch=20 lr=2.00e-04 G=2.389 advA2B=0.434 advB2A=0.643 cycA=0.103 cycB=0.128 idtA=0.181 idtB=0.139 D_A=0.121 D_B=0.194 D_A(real)=0.84 D_A(fake)=0.16 gnG=12.01 gnD=8.62 it_per_s=8.92
2026-10-04 07:53:40,316 INFO iter=139100 epoch=20 lr=2.00e-04 G=2.389 advA2B=0.434 advB2A=0.643 cycA=0.103 cycB=0.128 idtA=0.181 idtB=0.139 D_A=0.121 D_B=0.194 D_A(real)=0.84 D_A(fake)=0.16 gnG=12.01 gnD=8.62 it_per_s=8.92
2026-10-04 07:53:51,569 INFO iter=139200 epoch=20 lr=2.00e-04 G=2.388 advA2B=0.434 advB2A=0.643 cycA=0.103 cycB=0.128 idtA=0.181 idtB=0.139 D_A=0.121 D_B=0.194 D_A(real)=0.84 D_A(fake)=0.16 gnG=12.00 gnD=8.62 it_per_s=8.92
2026-10-04 07:54:02,775 INFO iter=139300 epoch=20 lr=2.00e-04 G=2.388 advA2B=0.434 advB2A=0.643 cycA=0.102 cycB=0.128 idtA=0.181 idtB=0.138 D_A=0.121 D_B=0.195 D_A(real)=0.84 D_A(fake)=0.16 gnG=11.99 gnD=8.61 it_per_s=8.92
2026-10-04 07:54:14,098 INFO iter=139400 epoch=20 lr=2.00e-04 G=2.389 advA2B=0.434 advB2A=0.643 cycA=0.102 cycB=0.128 idtA=0.181 idtB=0.138 D_A=0.121 D_B=0.195 D_A(real)=0.84 D_A(fake)=0.16 gnG=11.98 gnD=8.61 it_per_s=8.92
2026-10-04 07:54:25,398 INFO iter=139500 epoch=20 lr=2.00e-04 G=2.389 advA2B=0.434 advB2A=0.643 cycA=0.103 cycB=0.128 idtA=0.181 idtB=0.138 D_A=0.121 D_B=0.195 D_A(real)=0.84 D_A(fake)=0.16 gnG=11.98 gnD=8.61 it_per_s=8.92
2026-10-04 07:54:36,726 INFO iter=139600 epoch=20 lr=2.00e-04 G=2.389 advA2B=0.434 advB2A=0.644 cycA=0.103 cycB=0.128 idtA=0.181 idtB=0.138 D_A=0.121 D_B=0.195 D_A(real)=0.84 D_A(fake)=0.16 gnG=12.00 gnD=8.60 it_per_s=8.92
2026-10-04 07:54:48,108 INFO iter=139700 epoch=20 lr=2.00e-04 G=2.390 advA2B=0.434 advB2A=0.645 cycA=0.103 cycB=0.128 idtA=0.181 idtB=0.138 D_A=0.121 D_B=0.194 D_A(real)=0.84 D_A(fake)=0.16 gnG=12.00 gnD=8.60 it_per_s=8.91
2026-10-04 07:54:59,254 INFO iter=139800 epoch=20 lr=2.00e-04 G=2.390 advA2B=0.435 advB2A=0.645 cycA=0.103 cycB=0.128 idtA=0.181 idtB=0.138 D_A=0.120 D_B=0.194 D_A(real)=0.84 D_A(fake)=0.16 gnG=11.99 gnD=8.60 it_per_s=8.91
2026-10-04 07:55:10,562 INFO iter=139900 epoch=20 lr=2.00e-04 G=2.390 advA2B=0.435 advB2A=0.645 cycA=0.103 cycB=0.128 idtA=0.181 idtB=0.138 D_A=0.120 D_B=0.194 D_A(real)=0.84 D_A(fake)=0.16 gnG=12.00 gnD=8.59 it_per_s=8.91
2026-10-04 07:55:21,584 INFO iter=140000 epoch=20 lr=2.00e-04 G=2.391 advA2B=0.435 advB2A=0.645 cycA=0.103 cycB=0.128 idtA=0.181 idtB=0.138 D_A=0.120 D_B=0.194 D_A(real)=0.84 D_A(fake)=0.16 gnG=12.00 gnD=8.60 it_per_s=8.92
2026-10-04 07:55:32,635 INFO iter=140100 epoch=20 lr=2.00e-04 G=2.391 advA2B=0.436 advB2A=0.644 cycA=0.103 cycB=0.128 idtA=0.181 idtB=0.138 D_A=0.120 D_B=0.194 D_A(real)=0.84 D_A(fake)=0.16 gnG=12.02 gnD=8.60 it_per_s=8.92
2026-10-04 07:55:43,923 INFO iter=140200 epoch=20 lr=2.00e-04 G=2.391 advA2B=0.436 advB2A=0.644 cycA=0.103 cycB=0.128 idtA=0.181 idtB=0.138 D_A=0.120 D_B=0.194 D_A(real)=0.84 D_A(fake)=0.16 gnG=12.02 gnD=8.60 it_per_s=8.92
2026-10-04 07:55:54,779 INFO iter=140300 epoch=20 lr=2.00e-04 G=2.392 advA2B=0.436 advB2A=0.645 cycA=0.103 cycB=0.128 idtA=0.181 idtB=0.139 D_A=0.120 D_B=0.194 D_A(real)=0.84 D_A(fake)=0.16 gnG=12.01 gnD=8.59 it_per_s=8.92
2026-10-04 07:56:05,994 INFO iter=140400 epoch=20 lr=2.00e-04 G=2.393 advA2B=0.436 advB2A=0.645 cycA=0.103 cycB=0.128 idtA=0.181 idtB=0.139 D_A=0.120 D_B=0.194 D_A(real)=0.84 D_A(fake)=0.16 gnG=12.01 gnD=8.60 it_per_s=8.92
2026-10-04 07:56:17,278 INFO iter=140500 epoch=20 lr=2.00e-04 G=2.392 advA2B=0.436 advB2A=0.644 cycA=0.103 cycB=0.128 idtA=0.181 idtB=0.139 D_A=0.120 D_B=0.194 D_A(real)=0.84 D_A(fake)=0.16 gnG=12.01 gnD=8.60 it_per_s=8.92
2026-10-04 07:56:28,325 INFO iter=140600 epoch=20 lr=2.00e-04 G=2.392 advA2B=0.436 advB2A=0.645 cycA=0.103 cycB=0.128 idtA=0.181 idtB=0.138 D_A=0.120 D_B=0.194 D_A(real)=0.84 D_A(fake)=0.16 gnG=12.02 gnD=8.61 it_per_s=8.92
2026-10-04 07:56:39,815 INFO iter=140700 epoch=20 lr=2.00e-04 G=2.392 advA2B=0.436 advB2A=0.644 cycA=0.103 cycB=0.128 idtA=0.181 idtB=0.138 D_A=0.120 D_B=0.194 D_A(real)=0.84 D_A(fake)=0.16 gnG=12.01 gnD=8.62 it_per_s=8.92
2026-10-04 07:56:46,596 INFO epoch=20 done time_s=789 it_per_s=8.92 G=2.392 cycA=0.103 cycB=0.128 idtA=0.181 idtB=0.138 D_A=0.121 D_B=0.194 D_A(real)=0.84 D_A(fake)=0.16 nan_count=0
2026-10-04 07:56:51,889 INFO iter=140800 epoch=21 lr=2.00e-04 G=2.344 advA2B=0.404 advB2A=0.668 cycA=0.109 cycB=0.117 idtA=0.166 idtB=0.118 D_A=0.118 D_B=0.176 D_A(real)=0.85 D_A(fake)=0.16 gnG=13.25 gnD=8.99 it_per_s=8.88
2026-10-04 07:57:02,974 INFO iter=140900 epoch=21 lr=2.00e-04 G=2.322 advA2B=0.429 advB2A=0.620 cycA=0.102 cycB=0.123 idtA=0.166 idtB=0.130 D_A=0.124 D_B=0.191 D_A(real)=0.83 D_A(fake)=0.17 gnG=11.73 gnD=8.88 it_per_s=8.98
2026-10-04 07:57:16,848 INFO iter=141000 epoch=21 lr=2.00e-04 G=2.350 advA2B=0.434 advB2A=0.618 cycA=0.103 cycB=0.126 idtA=0.172 idtB=0.132 D_A=0.124 D_B=0.192 D_A(real)=0.83 D_A(fake)=0.17 gnG=11.83 gnD=8.78 it_per_s=8.15
2026-10-04 07:57:30,322 INFO iter=141100 epoch=21 lr=2.00e-04 G=2.339 advA2B=0.434 advB2A=0.617 cycA=0.103 cycB=0.124 idtA=0.178 idtB=0.130 D_A=0.120 D_B=0.194 D_A(real)=0.84 D_A(fake)=0.16 gnG=11.48 gnD=8.55 it_per_s=7.92
2026-10-04 07:57:45,843 INFO iter=141200 epoch=21 lr=1.99e-04 G=2.371 advA2B=0.432 advB2A=0.635 cycA=0.103 cycB=0.127 idtA=0.180 idtB=0.133 D_A=0.118 D_B=0.193 D_A(real)=0.84 D_A(fake)=0.16 gnG=12.12 gnD=8.68 it_per_s=7.53
2026-10-04 07:57:59,593 INFO iter=141300 epoch=21 lr=1.99e-04 G=2.384 advA2B=0.441 advB2A=0.641 cycA=0.103 cycB=0.127 idtA=0.180 idtB=0.132 D_A=0.117 D_B=0.193 D_A(real)=0.84 D_A(fake)=0.16 gnG=12.03 gnD=8.62 it_per_s=7.48
2026-10-04 07:58:14,823 INFO iter=141400 epoch=21 lr=1.99e-04 G=2.382 advA2B=0.435 advB2A=0.650 cycA=0.102 cycB=0.126 idtA=0.180 idtB=0.132 D_A=0.117 D_B=0.194 D_A(real)=0.85 D_A(fake)=0.15 gnG=12.05 gnD=8.62 it_per_s=7.32
2026-10-04 07:58:28,291 INFO iter=141500 epoch=21 lr=1.99e-04 G=2.385 advA2B=0.431 advB2A=0.653 cycA=0.102 cycB=0.126 idtA=0.181 idtB=0.132 D_A=0.116 D_B=0.193 D_A(real)=0.85 D_A(fake)=0.15 gnG=12.05 gnD=8.54 it_per_s=7.33
2026-10-04 07:58:43,555 INFO iter=141600 epoch=21 lr=1.99e-04 G=2.399 advA2B=0.433 advB2A=0.656 cycA=0.102 cycB=0.128 idtA=0.180 idtB=0.134 D_A=0.116 D_B=0.192 D_A(real)=0.85 D_A(fake)=0.15 gnG=12.14 gnD=8.57 it_per_s=7.23
2026-10-04 07:58:56,572 INFO iter=141700 epoch=21 lr=1.99e-04 G=2.402 advA2B=0.436 advB2A=0.657 cycA=0.103 cycB=0.128 idtA=0.181 idtB=0.134 D_A=0.117 D_B=0.193 D_A(real)=0.85 D_A(fake)=0.15 gnG=12.00 gnD=8.60 it_per_s=7.28
2026-10-04 07:59:11,915 INFO iter=141800 epoch=21 lr=1.99e-04 G=2.395 advA2B=0.434 advB2A=0.656 cycA=0.102 cycB=0.127 idtA=0.182 idtB=0.135 D_A=0.117 D_B=0.194 D_A(real)=0.85 D_A(fake)=0.15 gnG=11.96 gnD=8.59 it_per_s=7.20
2026-10-04 07:59:25,564 INFO iter=141900 epoch=21 lr=1.98e-04 G=2.404 advA2B=0.435 advB2A=0.660 cycA=0.103 cycB=0.127 idtA=0.182 idtB=0.136 D_A=0.117 D_B=0.194 D_A(real)=0.85 D_A(fake)=0.15 gnG=12.01 gnD=8.54 it_per_s=7.21
2026-10-04 07:59:40,790 INFO iter=142000 epoch=21 lr=1.98e-04 G=2.393 advA2B=0.434 advB2A=0.655 cycA=0.102 cycB=0.127 idtA=0.182 idtB=0.135 D_A=0.117 D_B=0.195 D_A(real)=0.85 D_A(fake)=0.15 gnG=11.99 gnD=8.56 it_per_s=7.15
2026-10-04 07:59:55,009 INFO iter=142100 epoch=21 lr=1.98e-04 G=2.388 advA2B=0.432 advB2A=0.653 cycA=0.102 cycB=0.127 idtA=0.182 idtB=0.135 D_A=0.117 D_B=0.194 D_A(real)=0.85 D_A(fake)=0.15 gnG=11.89 gnD=8.59 it_per_s=7.14
2026-10-04 08:00:08,936 INFO iter=142200 epoch=21 lr=1.98e-04 G=2.388 advA2B=0.433 advB2A=0.652 cycA=0.102 cycB=0.126 idtA=0.182 idtB=0.135 D_A=0.117 D_B=0.194 D_A(real)=0.85 D_A(fake)=0.15 gnG=11.88 gnD=8.60 it_per_s=7.14
2026-10-04 08:00:23,784 INFO iter=142300 epoch=21 lr=1.98e-04 G=2.390 advA2B=0.434 advB2A=0.653 cycA=0.102 cycB=0.127 idtA=0.181 idtB=0.135 D_A=0.117 D_B=0.193 D_A(real)=0.85 D_A(fake)=0.15 gnG=11.91 gnD=8.63 it_per_s=7.12
2026-10-04 08:00:37,102 INFO iter=142400 epoch=21 lr=1.98e-04 G=2.387 advA2B=0.430 advB2A=0.652 cycA=0.102 cycB=0.127 idtA=0.181 idtB=0.135 D_A=0.118 D_B=0.194 D_A(real)=0.85 D_A(fake)=0.15 gnG=11.94 gnD=8.66 it_per_s=7.14
2026-10-04 08:00:48,826 INFO iter=142500 epoch=21 lr=1.98e-04 G=2.388 advA2B=0.430 advB2A=0.654 cycA=0.102 cycB=0.127 idtA=0.181 idtB=0.135 D_A=0.118 D_B=0.194 D_A(real)=0.85 D_A(fake)=0.15 gnG=11.95 gnD=8.65 it_per_s=7.21
2026-10-04 08:01:00,216 INFO iter=142600 epoch=21 lr=1.97e-04 G=2.389 advA2B=0.431 advB2A=0.654 cycA=0.102 cycB=0.127 idtA=0.180 idtB=0.135 D_A=0.118 D_B=0.194 D_A(real)=0.85 D_A(fake)=0.15 gnG=11.97 gnD=8.67 it_per_s=7.28
2026-10-04 08:01:11,516 INFO iter=142700 epoch=21 lr=1.97e-04 G=2.388 advA2B=0.431 advB2A=0.653 cycA=0.103 cycB=0.127 idtA=0.180 idtB=0.135 D_A=0.118 D_B=0.193 D_A(real)=0.85 D_A(fake)=0.15 gnG=11.98 gnD=8.68 it_per_s=7.34
2026-10-04 08:01:22,828 INFO iter=142800 epoch=21 lr=1.97e-04 G=2.388 advA2B=0.431 advB2A=0.654 cycA=0.102 cycB=0.127 idtA=0.180 idtB=0.134 D_A=0.118 D_B=0.193 D_A(real)=0.85 D_A(fake)=0.15 gnG=11.97 gnD=8.69 it_per_s=7.41
2026-10-04 08:01:34,113 INFO iter=142900 epoch=21 lr=1.97e-04 G=2.391 advA2B=0.431 advB2A=0.656 cycA=0.103 cycB=0.127 idtA=0.180 idtB=0.134 D_A=0.118 D_B=0.194 D_A(real)=0.85 D_A(fake)=0.15 gnG=11.98 gnD=8.72 it_per_s=7.46
2026-10-04 08:01:45,460 INFO iter=143000 epoch=21 lr=1.97e-04 G=2.387 advA2B=0.431 advB2A=0.655 cycA=0.102 cycB=0.127 idtA=0.179 idtB=0.134 D_A=0.118 D_B=0.194 D_A(real)=0.85 D_A(fake)=0.15 gnG=12.00 gnD=8.71 it_per_s=7.51
2026-10-04 08:01:56,770 INFO iter=143100 epoch=21 lr=1.97e-04 G=2.388 advA2B=0.432 advB2A=0.656 cycA=0.102 cycB=0.126 idtA=0.179 idtB=0.134 D_A=0.118 D_B=0.194 D_A(real)=0.85 D_A(fake)=0.15 gnG=12.02 gnD=8.71 it_per_s=7.56
2026-10-04 08:02:08,064 INFO iter=143200 epoch=21 lr=1.97e-04 G=2.388 advA2B=0.432 advB2A=0.656 cycA=0.102 cycB=0.127 idtA=0.178 idtB=0.134 D_A=0.118 D_B=0.194 D_A(real)=0.85 D_A(fake)=0.15 gnG=12.01 gnD=8.71 it_per_s=7.61
2026-10-04 08:02:19,390 INFO iter=143300 epoch=21 lr=1.96e-04 G=2.388 advA2B=0.432 advB2A=0.654 cycA=0.102 cycB=0.127 idtA=0.178 idtB=0.135 D_A=0.118 D_B=0.194 D_A(real)=0.85 D_A(fake)=0.15 gnG=11.97 gnD=8.72 it_per_s=7.65
2026-10-04 08:02:30,710 INFO iter=143400 epoch=21 lr=1.96e-04 G=2.384 advA2B=0.432 advB2A=0.652 cycA=0.102 cycB=0.127 idtA=0.178 idtB=0.134 D_A=0.118 D_B=0.194 D_A(real)=0.85 D_A(fake)=0.15 gnG=11.93 gnD=8.73 it_per_s=7.69
2026-10-04 08:02:42,054 INFO iter=143500 epoch=21 lr=1.96e-04 G=2.384 advA2B=0.432 advB2A=0.653 cycA=0.102 cycB=0.127 idtA=0.178 idtB=0.135 D_A=0.118 D_B=0.194 D_A(real)=0.85 D_A(fake)=0.15 gnG=11.91 gnD=8.72 it_per_s=7.73
2026-10-04 08:02:53,261 INFO iter=143600 epoch=21 lr=1.96e-04 G=2.388 advA2B=0.433 advB2A=0.655 cycA=0.102 cycB=0.127 idtA=0.178 idtB=0.135 D_A=0.118 D_B=0.194 D_A(real)=0.85 D_A(fake)=0.15 gnG=11.93 gnD=8.71 it_per_s=7.76
2026-10-04 08:03:04,361 INFO iter=143700 epoch=21 lr=1.96e-04 G=2.386 advA2B=0.433 advB2A=0.655 cycA=0.102 cycB=0.127 idtA=0.178 idtB=0.135 D_A=0.118 D_B=0.194 D_A(real)=0.85 D_A(fake)=0.15 gnG=11.90 gnD=8.74 it_per_s=7.80
2026-10-04 08:03:15,646 INFO iter=143800 epoch=21 lr=1.96e-04 G=2.386 advA2B=0.433 advB2A=0.655 cycA=0.102 cycB=0.127 idtA=0.178 idtB=0.135 D_A=0.118 D_B=0.194 D_A(real)=0.85 D_A(fake)=0.15 gnG=11.97 gnD=8.73 it_per_s=7.83
2026-10-04 08:03:26,753 INFO iter=143900 epoch=21 lr=1.96e-04 G=2.387 advA2B=0.433 advB2A=0.654 cycA=0.102 cycB=0.127 idtA=0.179 idtB=0.135 D_A=0.117 D_B=0.195 D_A(real)=0.85 D_A(fake)=0.15 gnG=11.94 gnD=8.73 it_per_s=7.86
2026-10-04 08:03:37,927 INFO iter=144000 epoch=21 lr=1.95e-04 G=2.388 advA2B=0.433 advB2A=0.656 cycA=0.102 cycB=0.127 idtA=0.179 idtB=0.135 D_A=0.118 D_B=0.194 D_A(real)=0.85 D_A(fake)=0.15 gnG=11.90 gnD=8.73 it_per_s=7.89
2026-10-04 08:03:49,192 INFO iter=144100 epoch=21 lr=1.95e-04 G=2.387 advA2B=0.433 advB2A=0.656 cycA=0.102 cycB=0.126 idtA=0.179 idtB=0.135 D_A=0.118 D_B=0.195 D_A(real)=0.85 D_A(fake)=0.15 gnG=11.90 gnD=8.72 it_per_s=7.92
2026-10-04 08:04:00,324 INFO iter=144200 epoch=21 lr=1.95e-04 G=2.386 advA2B=0.433 advB2A=0.655 cycA=0.102 cycB=0.126 idtA=0.179 idtB=0.135 D_A=0.118 D_B=0.195 D_A(real)=0.85 D_A(fake)=0.15 gnG=11.89 gnD=8.73 it_per_s=7.95
2026-10-04 08:04:11,662 INFO iter=144300 epoch=21 lr=1.95e-04 G=2.387 advA2B=0.434 advB2A=0.654 cycA=0.102 cycB=0.127 idtA=0.179 idtB=0.135 D_A=0.119 D_B=0.195 D_A(real)=0.85 D_A(fake)=0.15 gnG=11.90 gnD=8.72 it_per_s=7.97
2026-10-04 08:04:22,864 INFO iter=144400 epoch=21 lr=1.95e-04 G=2.386 advA2B=0.434 advB2A=0.654 cycA=0.102 cycB=0.127 idtA=0.179 idtB=0.135 D_A=0.118 D_B=0.195 D_A(real)=0.85 D_A(fake)=0.15 gnG=11.93 gnD=8.71 it_per_s=7.99
2026-10-04 08:04:33,892 INFO iter=144500 epoch=21 lr=1.95e-04 G=2.387 advA2B=0.435 advB2A=0.653 cycA=0.102 cycB=0.127 idtA=0.178 idtB=0.135 D_A=0.119 D_B=0.195 D_A(real)=0.85 D_A(fake)=0.15 gnG=11.93 gnD=8.71 it_per_s=8.02
2026-10-04 08:04:45,190 INFO iter=144600 epoch=21 lr=1.95e-04 G=2.386 advA2B=0.433 advB2A=0.653 cycA=0.102 cycB=0.127 idtA=0.179 idtB=0.135 D_A=0.119 D_B=0.195 D_A(real)=0.85 D_A(fake)=0.15 gnG=11.95 gnD=8.72 it_per_s=8.04
2026-10-04 08:04:56,047 INFO iter=144700 epoch=21 lr=1.94e-04 G=2.384 advA2B=0.432 advB2A=0.654 cycA=0.102 cycB=0.127 idtA=0.178 idtB=0.135 D_A=0.118 D_B=0.195 D_A(real)=0.85 D_A(fake)=0.15 gnG=12.00 gnD=8.73 it_per_s=8.06
2026-10-04 08:05:07,209 INFO iter=144800 epoch=21 lr=1.94e-04 G=2.384 advA2B=0.431 advB2A=0.654 cycA=0.102 cycB=0.127 idtA=0.179 idtB=0.135 D_A=0.118 D_B=0.195 D_A(real)=0.85 D_A(fake)=0.15 gnG=11.99 gnD=8.73 it_per_s=8.08
2026-10-04 08:05:18,532 INFO iter=144900 epoch=21 lr=1.94e-04 G=2.383 advA2B=0.431 advB2A=0.654 cycA=0.102 cycB=0.126 idtA=0.179 idtB=0.135 D_A=0.118 D_B=0.195 D_A(real)=0.85 D_A(fake)=0.15 gnG=11.97 gnD=8.73 it_per_s=8.10
2026-10-04 08:05:29,374 INFO iter=145000 epoch=21 lr=1.94e-04 G=2.381 advA2B=0.430 advB2A=0.654 cycA=0.102 cycB=0.126 idtA=0.179 idtB=0.134 D_A=0.118 D_B=0.196 D_A(real)=0.85 D_A(fake)=0.15 gnG=11.97 gnD=8.72 it_per_s=8.12
2026-10-04 08:05:40,618 INFO iter=145100 epoch=21 lr=1.94e-04 G=2.382 advA2B=0.430 advB2A=0.654 cycA=0.102 cycB=0.126 idtA=0.178 idtB=0.135 D_A=0.118 D_B=0.196 D_A(real)=0.85 D_A(fake)=0.15 gnG=12.01 gnD=8.72 it_per_s=8.14
2026-10-04 08:05:51,715 INFO iter=145200 epoch=21 lr=1.94e-04 G=2.382 advA2B=0.430 advB2A=0.655 cycA=0.102 cycB=0.127 idtA=0.179 idtB=0.134 D_A=0.118 D_B=0.196 D_A(real)=0.85 D_A(fake)=0.15 gnG=11.99 gnD=8.71 it_per_s=8.16
2026-10-04 08:06:02,643 INFO iter=145300 epoch=21 lr=1.94e-04 G=2.383 advA2B=0.429 advB2A=0.654 cycA=0.102 cycB=0.127 idtA=0.179 idtB=0.135 D_A=0.118 D_B=0.196 D_A(real)=0.85 D_A(fake)=0.15 gnG=12.00 gnD=8.72 it_per_s=8.18
2026-10-04 08:06:13,987 INFO iter=145400 epoch=21 lr=1.93e-04 G=2.383 advA2B=0.429 advB2A=0.655 cycA=0.102 cycB=0.127 idtA=0.179 idtB=0.135 D_A=0.118 D_B=0.196 D_A(real)=0.85 D_A(fake)=0.15 gnG=12.01 gnD=8.71 it_per_s=8.19
2026-10-04 08:06:25,106 INFO iter=145500 epoch=21 lr=1.93e-04 G=2.385 advA2B=0.428 advB2A=0.656 cycA=0.102 cycB=0.127 idtA=0.180 idtB=0.135 D_A=0.118 D_B=0.196 D_A(real)=0.85 D_A(fake)=0.15 gnG=12.01 gnD=8.71 it_per_s=8.20
2026-10-04 08:06:36,095 INFO iter=145600 epoch=21 lr=1.93e-04 G=2.384 advA2B=0.428 advB2A=0.655 cycA=0.102 cycB=0.127 idtA=0.180 idtB=0.135 D_A=0.118 D_B=0.196 D_A(real)=0.85 D_A(fake)=0.15 gnG=12.00 gnD=8.71 it_per_s=8.22
2026-10-04 08:06:47,374 INFO iter=145700 epoch=21 lr=1.93e-04 G=2.383 advA2B=0.428 advB2A=0.656 cycA=0.102 cycB=0.127 idtA=0.179 idtB=0.135 D_A=0.118 D_B=0.196 D_A(real)=0.85 D_A(fake)=0.15 gnG=12.02 gnD=8.70 it_per_s=8.23
2026-10-04 08:06:58,200 INFO iter=145800 epoch=21 lr=1.93e-04 G=2.384 advA2B=0.427 advB2A=0.656 cycA=0.102 cycB=0.127 idtA=0.179 idtB=0.135 D_A=0.118 D_B=0.196 D_A(real)=0.85 D_A(fake)=0.15 gnG=12.06 gnD=8.69 it_per_s=8.25
2026-10-04 08:07:09,412 INFO iter=145900 epoch=21 lr=1.93e-04 G=2.383 advA2B=0.427 advB2A=0.656 cycA=0.102 cycB=0.127 idtA=0.179 idtB=0.135 D_A=0.118 D_B=0.196 D_A(real)=0.85 D_A(fake)=0.15 gnG=12.05 gnD=8.69 it_per_s=8.26
2026-10-04 08:07:20,585 INFO iter=146000 epoch=21 lr=1.93e-04 G=2.383 advA2B=0.427 advB2A=0.656 cycA=0.102 cycB=0.127 idtA=0.179 idtB=0.135 D_A=0.118 D_B=0.196 D_A(real)=0.85 D_A(fake)=0.15 gnG=12.05 gnD=8.70 it_per_s=8.28
2026-10-04 08:07:31,416 INFO iter=146100 epoch=21 lr=1.92e-04 G=2.384 advA2B=0.427 advB2A=0.656 cycA=0.102 cycB=0.127 idtA=0.179 idtB=0.135 D_A=0.118 D_B=0.196 D_A(real)=0.85 D_A(fake)=0.15 gnG=12.06 gnD=8.70 it_per_s=8.29
2026-10-04 08:07:42,751 INFO iter=146200 epoch=21 lr=1.92e-04 G=2.384 advA2B=0.426 advB2A=0.656 cycA=0.102 cycB=0.127 idtA=0.179 idtB=0.135 D_A=0.118 D_B=0.196 D_A(real)=0.85 D_A(fake)=0.15 gnG=12.06 gnD=8.70 it_per_s=8.30
2026-10-04 08:07:53,770 INFO iter=146300 epoch=21 lr=1.92e-04 G=2.382 advA2B=0.425 advB2A=0.655 cycA=0.102 cycB=0.127 idtA=0.179 idtB=0.135 D_A=0.118 D_B=0.196 D_A(real)=0.85 D_A(fake)=0.15 gnG=12.08 gnD=8.69 it_per_s=8.31
2026-10-04 08:08:04,732 INFO iter=146400 epoch=21 lr=1.92e-04 G=2.382 advA2B=0.426 advB2A=0.655 cycA=0.102 cycB=0.127 idtA=0.179 idtB=0.135 D_A=0.118 D_B=0.196 D_A(real)=0.85 D_A(fake)=0.15 gnG=12.08 gnD=8.71 it_per_s=8.33
2026-10-04 08:08:16,022 INFO iter=146500 epoch=21 lr=1.92e-04 G=2.382 advA2B=0.426 advB2A=0.655 cycA=0.102 cycB=0.127 idtA=0.179 idtB=0.135 D_A=0.118 D_B=0.196 D_A(real)=0.85 D_A(fake)=0.15 gnG=12.09 gnD=8.71 it_per_s=8.34
2026-10-04 08:08:27,151 INFO iter=146600 epoch=21 lr=1.92e-04 G=2.383 advA2B=0.426 advB2A=0.655 cycA=0.102 cycB=0.127 idtA=0.179 idtB=0.135 D_A=0.118 D_B=0.196 D_A(real)=0.85 D_A(fake)=0.15 gnG=12.11 gnD=8.72 it_per_s=8.35
2026-10-04 08:08:38,269 INFO iter=146700 epoch=21 lr=1.92e-04 G=2.382 advA2B=0.426 advB2A=0.655 cycA=0.102 cycB=0.127 idtA=0.178 idtB=0.135 D_A=0.118 D_B=0.196 D_A(real)=0.85 D_A(fake)=0.15 gnG=12.11 gnD=8.72 it_per_s=8.36
2026-10-04 08:08:49,488 INFO iter=146800 epoch=21 lr=1.91e-04 G=2.381 advA2B=0.425 advB2A=0.655 cycA=0.102 cycB=0.127 idtA=0.178 idtB=0.135 D_A=0.118 D_B=0.196 D_A(real)=0.85 D_A(fake)=0.15 gnG=12.10 gnD=8.72 it_per_s=8.36
2026-10-04 08:09:00,478 INFO iter=146900 epoch=21 lr=1.91e-04 G=2.380 advA2B=0.425 advB2A=0.655 cycA=0.101 cycB=0.127 idtA=0.178 idtB=0.135 D_A=0.118 D_B=0.196 D_A(real)=0.85 D_A(fake)=0.15 gnG=12.09 gnD=8.73 it_per_s=8.38
2026-10-04 08:09:11,860 INFO iter=147000 epoch=21 lr=1.91e-04 G=2.380 advA2B=0.426 advB2A=0.655 cycA=0.101 cycB=0.127 idtA=0.178 idtB=0.135 D_A=0.118 D_B=0.196 D_A(real)=0.85 D_A(fake)=0.15 gnG=12.09 gnD=8.73 it_per_s=8.38
2026-10-04 08:09:23,115 INFO iter=147100 epoch=21 lr=1.91e-04 G=2.380 advA2B=0.425 advB2A=0.655 cycA=0.101 cycB=0.127 idtA=0.178 idtB=0.135 D_A=0.117 D_B=0.196 D_A(real)=0.85 D_A(fake)=0.15 gnG=12.11 gnD=8.72 it_per_s=8.39
2026-10-04 08:09:34,077 INFO iter=147200 epoch=21 lr=1.91e-04 G=2.380 advA2B=0.426 advB2A=0.655 cycA=0.101 cycB=0.127 idtA=0.178 idtB=0.135 D_A=0.118 D_B=0.196 D_A(real)=0.85 D_A(fake)=0.15 gnG=12.13 gnD=8.73 it_per_s=8.40
2026-10-04 08:09:45,377 INFO iter=147300 epoch=21 lr=1.91e-04 G=2.381 advA2B=0.426 advB2A=0.655 cycA=0.101 cycB=0.127 idtA=0.178 idtB=0.135 D_A=0.117 D_B=0.196 D_A(real)=0.85 D_A(fake)=0.15 gnG=12.15 gnD=8.73 it_per_s=8.41
2026-10-04 08:09:56,351 INFO iter=147400 epoch=21 lr=1.91e-04 G=2.381 advA2B=0.426 advB2A=0.656 cycA=0.101 cycB=0.127 idtA=0.178 idtB=0.135 D_A=0.117 D_B=0.196 D_A(real)=0.85 D_A(fake)=0.15 gnG=12.16 gnD=8.73 it_per_s=8.42
2026-10-04 08:10:07,438 INFO iter=147500 epoch=21 lr=1.90e-04 G=2.382 advA2B=0.427 advB2A=0.656 cycA=0.101 cycB=0.127 idtA=0.178 idtB=0.135 D_A=0.117 D_B=0.196 D_A(real)=0.85 D_A(fake)=0.15 gnG=12.16 gnD=8.73 it_per_s=8.42
2026-10-04 08:10:18,798 INFO iter=147600 epoch=21 lr=1.90e-04 G=2.382 advA2B=0.427 advB2A=0.656 cycA=0.101 cycB=0.127 idtA=0.178 idtB=0.135 D_A=0.117 D_B=0.196 D_A(real)=0.85 D_A(fake)=0.15 gnG=12.17 gnD=8.75 it_per_s=8.43
2026-10-04 08:10:29,792 INFO iter=147700 epoch=21 lr=1.90e-04 G=2.382 advA2B=0.427 advB2A=0.656 cycA=0.101 cycB=0.127 idtA=0.178 idtB=0.135 D_A=0.117 D_B=0.196 D_A(real)=0.85 D_A(fake)=0.15 gnG=12.17 gnD=8.76 it_per_s=8.44
2026-10-04 08:10:40,733 INFO epoch=21 done time_s=833 it_per_s=8.45 G=2.382 cycA=0.101 cycB=0.127 idtA=0.178 idtB=0.135 D_A=0.117 D_B=0.196 D_A(real)=0.85 D_A(fake)=0.15 nan_count=0
2026-10-04 08:10:41,664 INFO iter=147800 epoch=22 lr=1.90e-04 G=2.049 advA2B=0.346 advB2A=0.558 cycA=0.112 cycB=0.089 idtA=0.181 idtB=0.100 D_A=0.152 D_B=0.244 D_A(real)=1.03 D_A(fake)=0.05 gnG=8.02 gnD=9.31 it_per_s=8.09
2026-10-04 08:10:52,976 INFO iter=147900 epoch=22 lr=1.90e-04 G=2.314 advA2B=0.417 advB2A=0.674 cycA=0.099 cycB=0.115 idtA=0.182 idtB=0.119 D_A=0.128 D_B=0.186 D_A(real)=0.82 D_A(fake)=0.18 gnG=12.83 gnD=8.68 it_per_s=8.82
2026-10-04 08:11:04,351 INFO iter=148000 epoch=22 lr=1.90e-04 G=2.332 advA2B=0.427 advB2A=0.657 cycA=0.100 cycB=0.119 idtA=0.181 idtB=0.124 D_A=0.123 D_B=0.189 D_A(real)=0.84 D_A(fake)=0.16 gnG=12.68 gnD=8.74 it_per_s=8.81
2026-10-04 08:11:15,630 INFO iter=148100 epoch=22 lr=1.90e-04 G=2.378 advA2B=0.429 advB2A=0.674 cycA=0.100 cycB=0.124 idtA=0.183 idtB=0.129 D_A=0.122 D_B=0.191 D_A(real)=0.84 D_A(fake)=0.16 gnG=12.46 gnD=8.74 it_per_s=8.83
2026-10-04 08:11:26,981 INFO iter=148200 epoch=22 lr=1.89e-04 G=2.385 advA2B=0.434 advB2A=0.670 cycA=0.101 cycB=0.124 idtA=0.180 idtB=0.130 D_A=0.118 D_B=0.192 D_A(real)=0.84 D_A(fake)=0.16 gnG=12.55 gnD=8.71 it_per_s=8.82
2026-10-04 08:11:38,272 INFO iter=148300 epoch=22 lr=1.89e-04 G=2.385 advA2B=0.435 advB2A=0.676 cycA=0.100 cycB=0.123 idtA=0.182 idtB=0.132 D_A=0.115 D_B=0.192 D_A(real)=0.84 D_A(fake)=0.16 gnG=12.44 gnD=8.69 it_per_s=8.83
2026-10-04 08:11:49,545 INFO iter=148400 epoch=22 lr=1.89e-04 G=2.397 advA2B=0.435 advB2A=0.679 cycA=0.100 cycB=0.125 idtA=0.179 idtB=0.132 D_A=0.116 D_B=0.191 D_A(real)=0.84 D_A(fake)=0.16 gnG=12.74 gnD=8.65 it_per_s=8.84
2026-10-04 08:12:00,866 INFO iter=148500 epoch=22 lr=1.89e-04 G=2.401 advA2B=0.434 advB2A=0.679 cycA=0.101 cycB=0.126 idtA=0.180 idtB=0.133 D_A=0.115 D_B=0.191 D_A(real)=0.85 D_A(fake)=0.15 gnG=12.67 gnD=8.65 it_per_s=8.84
2026-10-04 08:12:12,163 INFO iter=148600 epoch=22 lr=1.89e-04 G=2.398 advA2B=0.436 advB2A=0.676 cycA=0.100 cycB=0.126 idtA=0.179 idtB=0.133 D_A=0.114 D_B=0.192 D_A(real)=0.85 D_A(fake)=0.15 gnG=12.67 gnD=8.70 it_per_s=8.84
2026-10-04 08:12:23,430 INFO iter=148700 epoch=22 lr=1.89e-04 G=2.403 advA2B=0.438 advB2A=0.678 cycA=0.100 cycB=0.126 idtA=0.178 idtB=0.133 D_A=0.113 D_B=0.192 D_A(real)=0.85 D_A(fake)=0.15 gnG=12.88 gnD=8.73 it_per_s=8.84
2026-10-04 08:12:34,750 INFO iter=148800 epoch=22 lr=1.89e-04 G=2.402 advA2B=0.437 advB2A=0.676 cycA=0.100 cycB=0.126 idtA=0.178 idtB=0.133 D_A=0.112 D_B=0.192 D_A(real)=0.85 D_A(fake)=0.15 gnG=12.80 gnD=8.77 it_per_s=8.84
2026-10-04 08:12:46,033 INFO iter=148900 epoch=22 lr=1.88e-04 G=2.397 advA2B=0.437 advB2A=0.672 cycA=0.100 cycB=0.126 idtA=0.178 idtB=0.133 D_A=0.113 D_B=0.192 D_A(real)=0.85 D_A(fake)=0.15 gnG=12.75 gnD=8.80 it_per_s=8.84
2026-10-04 08:12:57,376 INFO iter=149000 epoch=22 lr=1.88e-04 G=2.399 advA2B=0.437 advB2A=0.674 cycA=0.100 cycB=0.126 idtA=0.178 idtB=0.133 D_A=0.112 D_B=0.193 D_A(real)=0.85 D_A(fake)=0.15 gnG=12.75 gnD=8.86 it_per_s=8.84
2026-10-04 08:13:08,736 INFO iter=149100 epoch=22 lr=1.88e-04 G=2.397 advA2B=0.438 advB2A=0.671 cycA=0.100 cycB=0.126 idtA=0.177 idtB=0.133 D_A=0.112 D_B=0.192 D_A(real)=0.85 D_A(fake)=0.15 gnG=12.69 gnD=8.88 it_per_s=8.84
2026-10-04 08:13:20,027 INFO iter=149200 epoch=22 lr=1.88e-04 G=2.396 advA2B=0.438 advB2A=0.672 cycA=0.100 cycB=0.126 idtA=0.178 idtB=0.133 D_A=0.112 D_B=0.192 D_A(real)=0.85 D_A(fake)=0.15 gnG=12.74 gnD=8.90 it_per_s=8.84
2026-10-04 08:13:31,367 INFO iter=149300 epoch=22 lr=1.88e-04 G=2.397 advA2B=0.435 advB2A=0.676 cycA=0.100 cycB=0.126 idtA=0.178 idtB=0.133 D_A=0.112 D_B=0.194 D_A(real)=0.85 D_A(fake)=0.15 gnG=12.70 gnD=8.93 it_per_s=8.84
2026-10-04 08:13:42,682 INFO iter=149400 epoch=22 lr=1.88e-04 G=2.392 advA2B=0.431 advB2A=0.676 cycA=0.100 cycB=0.126 idtA=0.178 idtB=0.133 D_A=0.112 D_B=0.194 D_A(real)=0.85 D_A(fake)=0.15 gnG=12.62 gnD=8.92 it_per_s=8.84
2026-10-04 08:13:54,049 INFO iter=149500 epoch=22 lr=1.88e-04 G=2.389 advA2B=0.431 advB2A=0.675 cycA=0.100 cycB=0.126 idtA=0.177 idtB=0.133 D_A=0.112 D_B=0.195 D_A(real)=0.85 D_A(fake)=0.14 gnG=12.62 gnD=8.95 it_per_s=8.84
2026-10-04 08:14:05,381 INFO iter=149600 epoch=22 lr=1.87e-04 G=2.386 advA2B=0.431 advB2A=0.674 cycA=0.100 cycB=0.125 idtA=0.176 idtB=0.132 D_A=0.113 D_B=0.194 D_A(real)=0.85 D_A(fake)=0.15 gnG=12.63 gnD=8.96 it_per_s=8.83
2026-10-04 08:14:16,713 INFO iter=149700 epoch=22 lr=1.87e-04 G=2.382 advA2B=0.430 advB2A=0.673 cycA=0.100 cycB=0.125 idtA=0.177 idtB=0.132 D_A=0.113 D_B=0.194 D_A(real)=0.85 D_A(fake)=0.15 gnG=12.58 gnD=8.94 it_per_s=8.83
2026-10-04 08:14:28,014 INFO iter=149800 epoch=22 lr=1.87e-04 G=2.386 advA2B=0.430 advB2A=0.674 cycA=0.100 cycB=0.125 idtA=0.177 idtB=0.132 D_A=0.113 D_B=0.194 D_A(real)=0.85 D_A(fake)=0.15 gnG=12.61 gnD=8.91 it_per_s=8.83
2026-10-04 08:14:39,131 INFO iter=149900 epoch=22 lr=1.87e-04 G=2.385 advA2B=0.430 advB2A=0.675 cycA=0.100 cycB=0.125 idtA=0.177 idtB=0.132 D_A=0.113 D_B=0.194 D_A(real)=0.85 D_A(fake)=0.15 gnG=12.55 gnD=8.90 it_per_s=8.84
2026-10-04 08:14:50,411 INFO iter=150000 epoch=22 lr=1.87e-04 G=2.386 advA2B=0.429 advB2A=0.676 cycA=0.100 cycB=0.126 idtA=0.177 idtB=0.133 D_A=0.112 D_B=0.194 D_A(real)=0.86 D_A(fake)=0.14 gnG=12.53 gnD=8.89 it_per_s=8.84
2026-10-04 08:15:01,522 INFO iter=150100 epoch=22 lr=1.87e-04 G=2.386 advA2B=0.428 advB2A=0.675 cycA=0.100 cycB=0.126 idtA=0.177 idtB=0.133 D_A=0.112 D_B=0.194 D_A(real)=0.86 D_A(fake)=0.14 gnG=12.51 gnD=8.86 it_per_s=8.85
2026-10-04 08:15:12,796 INFO iter=150200 epoch=22 lr=1.87e-04 G=2.384 advA2B=0.428 advB2A=0.676 cycA=0.100 cycB=0.125 idtA=0.178 idtB=0.132 D_A=0.112 D_B=0.193 D_A(real)=0.86 D_A(fake)=0.14 gnG=12.50 gnD=8.87 it_per_s=8.85
2026-10-04 08:15:23,881 INFO iter=150300 epoch=22 lr=1.86e-04 G=2.388 advA2B=0.429 advB2A=0.677 cycA=0.100 cycB=0.126 idtA=0.178 idtB=0.133 D_A=0.112 D_B=0.193 D_A(real)=0.86 D_A(fake)=0.14 gnG=12.52 gnD=8.87 it_per_s=8.86
2026-10-04 08:15:35,116 INFO iter=150400 epoch=22 lr=1.86e-04 G=2.389 advA2B=0.430 advB2A=0.677 cycA=0.100 cycB=0.126 idtA=0.178 idtB=0.133 D_A=0.112 D_B=0.193 D_A(real)=0.86 D_A(fake)=0.14 gnG=12.48 gnD=8.90 it_per_s=8.86
2026-10-04 08:15:46,439 INFO iter=150500 epoch=22 lr=1.86e-04 G=2.387 advA2B=0.427 advB2A=0.678 cycA=0.100 cycB=0.125 idtA=0.178 idtB=0.133 D_A=0.112 D_B=0.193 D_A(real)=0.86 D_A(fake)=0.14 gnG=12.44 gnD=8.91 it_per_s=8.86
2026-10-04 08:15:57,445 INFO iter=150600 epoch=22 lr=1.86e-04 G=2.388 advA2B=0.428 advB2A=0.678 cycA=0.100 cycB=0.126 idtA=0.178 idtB=0.133 D_A=0.112 D_B=0.193 D_A(real)=0.86 D_A(fake)=0.14 gnG=12.41 gnD=8.89 it_per_s=8.87
2026-10-04 08:16:08,570 INFO iter=150700 epoch=22 lr=1.86e-04 G=2.389 advA2B=0.427 advB2A=0.677 cycA=0.100 cycB=0.126 idtA=0.177 idtB=0.133 D_A=0.112 D_B=0.193 D_A(real)=0.86 D_A(fake)=0.14 gnG=12.42 gnD=8.88 it_per_s=8.87
2026-10-04 08:16:19,874 INFO iter=150800 epoch=22 lr=1.86e-04 G=2.389 advA2B=0.427 advB2A=0.677 cycA=0.100 cycB=0.126 idtA=0.178 idtB=0.134 D_A=0.112 D_B=0.193 D_A(real)=0.86 D_A(fake)=0.14 gnG=12.42 gnD=8.89 it_per_s=8.87
2026-10-04 08:16:30,737 INFO iter=150900 epoch=22 lr=1.86e-04 G=2.387 advA2B=0.426 advB2A=0.676 cycA=0.100 cycB=0.126 idtA=0.178 idtB=0.133 D_A=0.112 D_B=0.193 D_A(real)=0.86 D_A(fake)=0.14 gnG=12.44 gnD=8.89 it_per_s=8.88
2026-10-04 08:16:42,001 INFO iter=151000 epoch=22 lr=1.85e-04 G=2.388 advA2B=0.427 advB2A=0.676 cycA=0.100 cycB=0.126 idtA=0.177 idtB=0.133 D_A=0.112 D_B=0.193 D_A(real)=0.86 D_A(fake)=0.14 gnG=12.46 gnD=8.89 it_per_s=8.88
2026-10-04 08:16:53,039 INFO iter=151100 epoch=22 lr=1.85e-04 G=2.388 advA2B=0.427 advB2A=0.676 cycA=0.100 cycB=0.126 idtA=0.177 idtB=0.134 D_A=0.112 D_B=0.193 D_A(real)=0.86 D_A(fake)=0.14 gnG=12.45 gnD=8.92 it_per_s=8.89
2026-10-04 08:17:04,122 INFO iter=151200 epoch=22 lr=1.85e-04 G=2.386 advA2B=0.427 advB2A=0.675 cycA=0.100 cycB=0.126 idtA=0.177 idtB=0.133 D_A=0.112 D_B=0.193 D_A(real)=0.86 D_A(fake)=0.14 gnG=12.44 gnD=8.91 it_per_s=8.89
2026-10-04 08:17:15,345 INFO iter=151300 epoch=22 lr=1.85e-04 G=2.386 advA2B=0.427 advB2A=0.675 cycA=0.100 cycB=0.126 idtA=0.177 idtB=0.133 D_A=0.112 D_B=0.193 D_A(real)=0.86 D_A(fake)=0.14 gnG=12.46 gnD=8.92 it_per_s=8.89
2026-10-04 08:17:26,590 INFO iter=151400 epoch=22 lr=1.85e-04 G=2.387 advA2B=0.428 advB2A=0.675 cycA=0.100 cycB=0.126 idtA=0.177 idtB=0.133 D_A=0.112 D_B=0.193 D_A(real)=0.86 D_A(fake)=0.14 gnG=12.47 gnD=8.92 it_per_s=8.89
2026-10-04 08:17:37,695 INFO iter=151500 epoch=22 lr=1.85e-04 G=2.390 advA2B=0.428 advB2A=0.677 cycA=0.100 cycB=0.126 idtA=0.177 idtB=0.133 D_A=0.112 D_B=0.193 D_A(real)=0.86 D_A(fake)=0.14 gnG=12.50 gnD=8.94 it_per_s=8.89
2026-10-04 08:17:48,970 INFO iter=151600 epoch=22 lr=1.85e-04 G=2.389 advA2B=0.428 advB2A=0.676 cycA=0.100 cycB=0.126 idtA=0.177 idtB=0.133 D_A=0.112 D_B=0.193 D_A(real)=0.86 D_A(fake)=0.14 gnG=12.45 gnD=8.94 it_per_s=8.89
2026-10-04 08:17:59,809 INFO iter=151700 epoch=22 lr=1.84e-04 G=2.390 advA2B=0.429 advB2A=0.676 cycA=0.100 cycB=0.126 idtA=0.177 idtB=0.133 D_A=0.112 D_B=0.193 D_A(real)=0.86 D_A(fake)=0.14 gnG=12.46 gnD=8.93 it_per_s=8.90
2026-10-04 08:18:11,004 INFO iter=151800 epoch=22 lr=1.84e-04 G=2.391 advA2B=0.429 advB2A=0.676 cycA=0.100 cycB=0.126 idtA=0.177 idtB=0.134 D_A=0.112 D_B=0.193 D_A(real)=0.86 D_A(fake)=0.14 gnG=12.49 gnD=8.93 it_per_s=8.90
2026-10-04 08:18:22,182 INFO iter=151900 epoch=22 lr=1.84e-04 G=2.392 advA2B=0.430 advB2A=0.677 cycA=0.100 cycB=0.126 idtA=0.177 idtB=0.134 D_A=0.112 D_B=0.193 D_A(real)=0.86 D_A(fake)=0.14 gnG=12.47 gnD=8.93 it_per_s=8.90
2026-10-04 08:18:33,106 INFO iter=152000 epoch=22 lr=1.84e-04 G=2.390 advA2B=0.430 advB2A=0.676 cycA=0.100 cycB=0.126 idtA=0.177 idtB=0.133 D_A=0.112 D_B=0.193 D_A(real)=0.86 D_A(fake)=0.14 gnG=12.43 gnD=8.93 it_per_s=8.91
2026-10-04 08:18:44,382 INFO iter=152100 epoch=22 lr=1.84e-04 G=2.389 advA2B=0.430 advB2A=0.675 cycA=0.100 cycB=0.126 idtA=0.177 idtB=0.133 D_A=0.112 D_B=0.193 D_A(real)=0.86 D_A(fake)=0.14 gnG=12.43 gnD=8.92 it_per_s=8.91
2026-10-04 08:18:55,406 INFO iter=152200 epoch=22 lr=1.84e-04 G=2.390 advA2B=0.431 advB2A=0.675 cycA=0.100 cycB=0.126 idtA=0.177 idtB=0.133 D_A=0.112 D_B=0.192 D_A(real)=0.86 D_A(fake)=0.14 gnG=12.43 gnD=8.91 it_per_s=8.91
2026-10-04 08:19:06,453 INFO iter=152300 epoch=22 lr=1.84e-04 G=2.392 advA2B=0.431 advB2A=0.676 cycA=0.100 cycB=0.126 idtA=0.177 idtB=0.133 D_A=0.112 D_B=0.192 D_A(real)=0.86 D_A(fake)=0.14 gnG=12.44 gnD=8.91 it_per_s=8.91
2026-10-04 08:19:17,766 INFO iter=152400 epoch=22 lr=1.83e-04 G=2.392 advA2B=0.431 advB2A=0.676 cycA=0.100 cycB=0.126 idtA=0.177 idtB=0.133 D_A=0.111 D_B=0.192 D_A(real)=0.86 D_A(fake)=0.14 gnG=12.42 gnD=8.89 it_per_s=8.91
2026-10-04 08:19:28,713 INFO iter=152500 epoch=22 lr=1.83e-04 G=2.390 advA2B=0.431 advB2A=0.675 cycA=0.100 cycB=0.126 idtA=0.177 idtB=0.133 D_A=0.112 D_B=0.192 D_A(real)=0.86 D_A(fake)=0.14 gnG=12.42 gnD=8.92 it_per_s=8.92
2026-10-04 08:19:39,908 INFO iter=152600 epoch=22 lr=1.83e-04 G=2.388 advA2B=0.431 advB2A=0.674 cycA=0.100 cycB=0.126 idtA=0.177 idtB=0.133 D_A=0.112 D_B=0.192 D_A(real)=0.86 D_A(fake)=0.14 gnG=12.38 gnD=8.91 it_per_s=8.92
2026-10-04 08:19:51,139 INFO iter=152700 epoch=22 lr=1.83e-04 G=2.387 advA2B=0.430 advB2A=0.674 cycA=0.100 cycB=0.126 idtA=0.177 idtB=0.133 D_A=0.112 D_B=0.192 D_A(real)=0.86 D_A(fake)=0.14 gnG=12.39 gnD=8.90 it_per_s=8.92
2026-10-04 08:20:02,029 INFO iter=152800 epoch=22 lr=1.83e-04 G=2.387 advA2B=0.430 advB2A=0.674 cycA=0.100 cycB=0.126 idtA=0.176 idtB=0.133 D_A=0.111 D_B=0.192 D_A(real)=0.86 D_A(fake)=0.14 gnG=12.42 gnD=8.89 it_per_s=8.92
2026-10-04 08:20:13,325 INFO iter=152900 epoch=22 lr=1.83e-04 G=2.388 advA2B=0.430 advB2A=0.675 cycA=0.100 cycB=0.126 idtA=0.177 idtB=0.133 D_A=0.111 D_B=0.192 D_A(real)=0.86 D_A(fake)=0.14 gnG=12.44 gnD=8.89 it_per_s=8.92
2026-10-04 08:20:24,511 INFO iter=153000 epoch=22 lr=1.83e-04 G=2.389 advA2B=0.430 advB2A=0.675 cycA=0.100 cycB=0.126 idtA=0.177 idtB=0.133 D_A=0.111 D_B=0.192 D_A(real)=0.86 D_A(fake)=0.14 gnG=12.42 gnD=8.88 it_per_s=8.92
2026-10-04 08:20:35,462 INFO iter=153100 epoch=22 lr=1.82e-04 G=2.391 advA2B=0.431 advB2A=0.674 cycA=0.100 cycB=0.126 idtA=0.177 idtB=0.133 D_A=0.111 D_B=0.192 D_A(real)=0.86 D_A(fake)=0.14 gnG=12.43 gnD=8.88 it_per_s=8.93
2026-10-04 08:20:46,874 INFO iter=153200 epoch=22 lr=1.82e-04 G=2.392 advA2B=0.431 advB2A=0.674 cycA=0.100 cycB=0.126 idtA=0.177 idtB=0.134 D_A=0.111 D_B=0.192 D_A(real)=0.86 D_A(fake)=0.14 gnG=12.45 gnD=8.87 it_per_s=8.92
2026-10-04 08:20:58,278 INFO iter=153300 epoch=22 lr=1.82e-04 G=2.392 advA2B=0.432 advB2A=0.674 cycA=0.100 cycB=0.126 idtA=0.178 idtB=0.134 D_A=0.111 D_B=0.192 D_A(real)=0.86 D_A(fake)=0.14 gnG=12.46 gnD=8.87 it_per_s=8.92
2026-10-04 08:21:09,460 INFO iter=153400 epoch=22 lr=1.82e-04 G=2.393 advA2B=0.432 advB2A=0.675 cycA=0.100 cycB=0.126 idtA=0.178 idtB=0.134 D_A=0.111 D_B=0.192 D_A(real)=0.86 D_A(fake)=0.14 gnG=12.46 gnD=8.86 it_per_s=8.92
2026-10-04 08:21:20,762 INFO iter=153500 epoch=22 lr=1.82e-04 G=2.394 advA2B=0.432 advB2A=0.675 cycA=0.100 cycB=0.126 idtA=0.178 idtB=0.134 D_A=0.111 D_B=0.192 D_A(real)=0.86 D_A(fake)=0.14 gnG=12.45 gnD=8.86 it_per_s=8.92
2026-10-04 08:21:31,851 INFO iter=153600 epoch=22 lr=1.82e-04 G=2.393 advA2B=0.431 advB2A=0.675 cycA=0.100 cycB=0.126 idtA=0.178 idtB=0.134 D_A=0.111 D_B=0.192 D_A(real)=0.86 D_A(fake)=0.14 gnG=12.45 gnD=8.86 it_per_s=8.92
2026-10-04 08:21:43,161 INFO iter=153700 epoch=22 lr=1.82e-04 G=2.392 advA2B=0.431 advB2A=0.675 cycA=0.100 cycB=0.126 idtA=0.177 idtB=0.134 D_A=0.111 D_B=0.192 D_A(real)=0.86 D_A(fake)=0.14 gnG=12.47 gnD=8.85 it_per_s=8.92
2026-10-04 08:21:54,275 INFO iter=153800 epoch=22 lr=1.81e-04 G=2.391 advA2B=0.432 advB2A=0.674 cycA=0.100 cycB=0.126 idtA=0.178 idtB=0.133 D_A=0.111 D_B=0.191 D_A(real)=0.86 D_A(fake)=0.14 gnG=12.44 gnD=8.84 it_per_s=8.92
2026-10-04 08:22:05,198 INFO iter=153900 epoch=22 lr=1.81e-04 G=2.391 advA2B=0.432 advB2A=0.674 cycA=0.100 cycB=0.126 idtA=0.177 idtB=0.134 D_A=0.111 D_B=0.191 D_A(real)=0.86 D_A(fake)=0.14 gnG=12.44 gnD=8.83 it_per_s=8.92
2026-10-04 08:22:16,511 INFO iter=154000 epoch=22 lr=1.81e-04 G=2.393 advA2B=0.432 advB2A=0.674 cycA=0.100 cycB=0.126 idtA=0.177 idtB=0.134 D_A=0.111 D_B=0.191 D_A(real)=0.86 D_A(fake)=0.14 gnG=12.44 gnD=8.83 it_per_s=8.92
2026-10-04 08:22:27,565 INFO iter=154100 epoch=22 lr=1.81e-04 G=2.393 advA2B=0.432 advB2A=0.674 cycA=0.100 cycB=0.127 idtA=0.178 idtB=0.134 D_A=0.111 D_B=0.192 D_A(real)=0.86 D_A(fake)=0.14 gnG=12.45 gnD=8.82 it_per_s=8.92
2026-10-04 08:22:38,703 INFO iter=154200 epoch=22 lr=1.81e-04 G=2.392 advA2B=0.432 advB2A=0.674 cycA=0.100 cycB=0.126 idtA=0.178 idtB=0.134 D_A=0.111 D_B=0.192 D_A(real)=0.86 D_A(fake)=0.14 gnG=12.47 gnD=8.82 it_per_s=8.93
2026-10-04 08:22:50,118 INFO iter=154300 epoch=22 lr=1.81e-04 G=2.393 advA2B=0.432 advB2A=0.673 cycA=0.100 cycB=0.126 idtA=0.178 idtB=0.133 D_A=0.111 D_B=0.192 D_A(real)=0.86 D_A(fake)=0.14 gnG=12.47 gnD=8.82 it_per_s=8.92
2026-10-04 08:23:01,504 INFO iter=154400 epoch=22 lr=1.81e-04 G=2.392 advA2B=0.432 advB2A=0.673 cycA=0.100 cycB=0.126 idtA=0.177 idtB=0.133 D_A=0.110 D_B=0.192 D_A(real)=0.86 D_A(fake)=0.14 gnG=12.46 gnD=8.81 it_per_s=8.92
2026-10-04 08:23:12,847 INFO iter=154500 epoch=22 lr=1.80e-04 G=2.391 advA2B=0.432 advB2A=0.674 cycA=0.100 cycB=0.126 idtA=0.177 idtB=0.133 D_A=0.110 D_B=0.192 D_A(real)=0.86 D_A(fake)=0.14 gnG=12.47 gnD=8.81 it_per_s=8.92
2026-10-04 08:23:24,189 INFO iter=154600 epoch=22 lr=1.80e-04 G=2.393 advA2B=0.433 advB2A=0.675 cycA=0.100 cycB=0.126 idtA=0.177 idtB=0.133 D_A=0.110 D_B=0.192 D_A(real)=0.86 D_A(fake)=0.14 gnG=12.48 gnD=8.81 it_per_s=8.92
2026-10-04 08:23:35,121 INFO iter=154700 epoch=22 lr=1.80e-04 G=2.393 advA2B=0.433 advB2A=0.675 cycA=0.100 cycB=0.126 idtA=0.177 idtB=0.133 D_A=0.110 D_B=0.192 D_A(real)=0.86 D_A(fake)=0.14 gnG=12.47 gnD=8.80 it_per_s=8.92
2026-10-04 08:23:46,329 INFO iter=154800 epoch=22 lr=1.80e-04 G=2.392 advA2B=0.433 advB2A=0.674 cycA=0.100 cycB=0.126 idtA=0.177 idtB=0.133 D_A=0.110 D_B=0.192 D_A(real)=0.86 D_A(fake)=0.14 gnG=12.47 gnD=8.80 it_per_s=8.92
2026-10-04 08:23:50,383 INFO epoch=22 done time_s=789 it_per_s=8.92 G=2.392 cycA=0.100 cycB=0.126 idtA=0.177 idtB=0.133 D_A=0.110 D_B=0.192 D_A(real)=0.86 D_A(fake)=0.14 nan_count=0
2026-10-04 08:23:58,161 INFO iter=154900 epoch=23 lr=1.80e-04 G=2.339 advA2B=0.412 advB2A=0.658 cycA=0.095 cycB=0.127 idtA=0.179 idtB=0.140 D_A=0.122 D_B=0.174 D_A(real)=0.85 D_A(fake)=0.15 gnG=12.49 gnD=8.70 it_per_s=8.99
2026-10-04 08:24:09,259 INFO iter=155000 epoch=23 lr=1.80e-04 G=2.366 advA2B=0.451 advB2A=0.650 cycA=0.096 cycB=0.126 idtA=0.174 idtB=0.137 D_A=0.112 D_B=0.185 D_A(real)=0.86 D_A(fake)=0.14 gnG=12.41 gnD=8.45 it_per_s=9.00
2026-10-04 08:24:20,576 INFO iter=155100 epoch=23 lr=1.80e-04 G=2.354 advA2B=0.441 advB2A=0.660 cycA=0.097 cycB=0.124 idtA=0.173 idtB=0.130 D_A=0.112 D_B=0.192 D_A(real)=0.86 D_A(fake)=0.14 gnG=12.69 gnD=8.51 it_per_s=8.94
2026-10-04 08:24:31,997 INFO iter=155200 epoch=23 lr=1.79e-04 G=2.370 advA2B=0.436 advB2A=0.672 cycA=0.097 cycB=0.124 idtA=0.176 idtB=0.133 D_A=0.111 D_B=0.189 D_A(real)=0.86 D_A(fake)=0.14 gnG=12.11 gnD=8.59 it_per_s=8.89
2026-10-04 08:24:43,350 INFO iter=155300 epoch=23 lr=1.79e-04 G=2.367 advA2B=0.437 advB2A=0.673 cycA=0.097 cycB=0.124 idtA=0.175 idtB=0.131 D_A=0.108 D_B=0.186 D_A(real)=0.86 D_A(fake)=0.14 gnG=12.37 gnD=8.51 it_per_s=8.87
2026-10-04 08:24:54,683 INFO iter=155400 epoch=23 lr=1.79e-04 G=2.372 advA2B=0.435 advB2A=0.676 cycA=0.097 cycB=0.124 idtA=0.175 idtB=0.131 D_A=0.109 D_B=0.185 D_A(real)=0.87 D_A(fake)=0.14 gnG=12.39 gnD=8.48 it_per_s=8.86
2026-10-04 08:25:05,980 INFO iter=155500 epoch=23 lr=1.79e-04 G=2.374 advA2B=0.435 advB2A=0.679 cycA=0.097 cycB=0.124 idtA=0.175 idtB=0.133 D_A=0.110 D_B=0.185 D_A(real)=0.86 D_A(fake)=0.14 gnG=12.24 gnD=8.47 it_per_s=8.86
2026-10-04 08:25:17,246 INFO iter=155600 epoch=23 lr=1.79e-04 G=2.382 advA2B=0.438 advB2A=0.682 cycA=0.097 cycB=0.124 idtA=0.175 idtB=0.132 D_A=0.109 D_B=0.186 D_A(real)=0.87 D_A(fake)=0.13 gnG=12.28 gnD=8.56 it_per_s=8.86
2026-10-04 08:25:28,616 INFO iter=155700 epoch=23 lr=1.79e-04 G=2.382 advA2B=0.440 advB2A=0.680 cycA=0.098 cycB=0.124 idtA=0.175 idtB=0.131 D_A=0.109 D_B=0.186 D_A(real)=0.87 D_A(fake)=0.13 gnG=12.13 gnD=8.57 it_per_s=8.85
2026-10-04 08:25:39,913 INFO iter=155800 epoch=23 lr=1.79e-04 G=2.386 advA2B=0.438 advB2A=0.681 cycA=0.098 cycB=0.125 idtA=0.175 idtB=0.132 D_A=0.109 D_B=0.188 D_A(real)=0.87 D_A(fake)=0.13 gnG=12.12 gnD=8.65 it_per_s=8.85
2026-10-04 08:25:51,235 INFO iter=155900 epoch=23 lr=1.78e-04 G=2.383 advA2B=0.437 advB2A=0.684 cycA=0.097 cycB=0.125 idtA=0.175 idtB=0.131 D_A=0.109 D_B=0.188 D_A(real)=0.87 D_A(fake)=0.13 gnG=12.22 gnD=8.64 it_per_s=8.85
2026-10-04 08:26:02,516 INFO iter=156000 epoch=23 lr=1.78e-04 G=2.384 advA2B=0.440 advB2A=0.686 cycA=0.097 cycB=0.124 idtA=0.175 idtB=0.131 D_A=0.108 D_B=0.187 D_A(real)=0.87 D_A(fake)=0.13 gnG=12.21 gnD=8.59 it_per_s=8.85
2026-10-04 08:26:13,895 INFO iter=156100 epoch=23 lr=1.78e-04 G=2.374 advA2B=0.440 advB2A=0.680 cycA=0.097 cycB=0.123 idtA=0.175 idtB=0.131 D_A=0.109 D_B=0.188 D_A(real)=0.87 D_A(fake)=0.13 gnG=12.11 gnD=8.57 it_per_s=8.85
2026-10-04 08:26:25,201 INFO iter=156200 epoch=23 lr=1.78e-04 G=2.377 advA2B=0.440 advB2A=0.678 cycA=0.097 cycB=0.124 idtA=0.176 idtB=0.131 D_A=0.109 D_B=0.188 D_A(real)=0.87 D_A(fake)=0.13 gnG=11.99 gnD=8.55 it_per_s=8.85
2026-10-04 08:26:36,542 INFO iter=156300 epoch=23 lr=1.78e-04 G=2.374 advA2B=0.438 advB2A=0.676 cycA=0.097 cycB=0.124 idtA=0.176 idtB=0.131 D_A=0.109 D_B=0.187 D_A(real)=0.87 D_A(fake)=0.13 gnG=12.06 gnD=8.57 it_per_s=8.85
2026-10-04 08:26:47,849 INFO iter=156400 epoch=23 lr=1.78e-04 G=2.373 advA2B=0.439 advB2A=0.677 cycA=0.097 cycB=0.123 idtA=0.176 idtB=0.131 D_A=0.108 D_B=0.187 D_A(real)=0.87 D_A(fake)=0.13 gnG=12.04 gnD=8.62 it_per_s=8.85
2026-10-04 08:26:59,133 INFO iter=156500 epoch=23 lr=1.78e-04 G=2.373 advA2B=0.440 advB2A=0.678 cycA=0.097 cycB=0.123 idtA=0.176 idtB=0.130 D_A=0.108 D_B=0.187 D_A(real)=0.87 D_A(fake)=0.13 gnG=12.03 gnD=8.61 it_per_s=8.85
2026-10-04 08:27:10,398 INFO iter=156600 epoch=23 lr=1.77e-04 G=2.375 advA2B=0.440 advB2A=0.678 cycA=0.097 cycB=0.123 idtA=0.176 idtB=0.131 D_A=0.108 D_B=0.188 D_A(real)=0.86 D_A(fake)=0.13 gnG=12.02 gnD=8.63 it_per_s=8.85
2026-10-04 08:27:21,711 INFO iter=156700 epoch=23 lr=1.77e-04 G=2.372 advA2B=0.437 advB2A=0.679 cycA=0.097 cycB=0.123 idtA=0.176 idtB=0.130 D_A=0.107 D_B=0.188 D_A(real)=0.87 D_A(fake)=0.13 gnG=12.06 gnD=8.60 it_per_s=8.85
2026-10-04 08:27:32,771 INFO iter=156800 epoch=23 lr=1.77e-04 G=2.374 advA2B=0.438 advB2A=0.680 cycA=0.097 cycB=0.123 idtA=0.176 idtB=0.130 D_A=0.108 D_B=0.188 D_A(real)=0.87 D_A(fake)=0.13 gnG=12.13 gnD=8.62 it_per_s=8.86
2026-10-04 08:27:43,937 INFO iter=156900 epoch=23 lr=1.77e-04 G=2.373 advA2B=0.438 advB2A=0.680 cycA=0.097 cycB=0.123 idtA=0.176 idtB=0.130 D_A=0.107 D_B=0.188 D_A(real)=0.87 D_A(fake)=0.13 gnG=12.13 gnD=8.61 it_per_s=8.86
2026-10-04 08:27:55,234 INFO iter=157000 epoch=23 lr=1.77e-04 G=2.372 advA2B=0.438 advB2A=0.678 cycA=0.097 cycB=0.123 idtA=0.177 idtB=0.130 D_A=0.107 D_B=0.188 D_A(real)=0.87 D_A(fake)=0.13 gnG=12.12 gnD=8.60 it_per_s=8.86
2026-10-04 08:28:06,259 INFO iter=157100 epoch=23 lr=1.77e-04 G=2.376 advA2B=0.438 advB2A=0.679 cycA=0.097 cycB=0.124 idtA=0.177 idtB=0.130 D_A=0.107 D_B=0.188 D_A(real)=0.87 D_A(fake)=0.13 gnG=12.21 gnD=8.63 it_per_s=8.87
2026-10-04 08:28:17,589 INFO iter=157200 epoch=23 lr=1.77e-04 G=2.378 advA2B=0.438 advB2A=0.681 cycA=0.098 cycB=0.123 idtA=0.177 idtB=0.130 D_A=0.107 D_B=0.188 D_A(real)=0.87 D_A(fake)=0.13 gnG=12.22 gnD=8.64 it_per_s=8.87
2026-10-04 08:28:28,646 INFO iter=157300 epoch=23 lr=1.77e-04 G=2.377 advA2B=0.438 advB2A=0.682 cycA=0.097 cycB=0.123 idtA=0.177 idtB=0.130 D_A=0.107 D_B=0.189 D_A(real)=0.87 D_A(fake)=0.13 gnG=12.22 gnD=8.64 it_per_s=8.88
2026-10-04 08:28:39,609 INFO iter=157400 epoch=23 lr=1.76e-04 G=2.379 advA2B=0.438 advB2A=0.683 cycA=0.097 cycB=0.123 idtA=0.178 idtB=0.130 D_A=0.107 D_B=0.188 D_A(real)=0.87 D_A(fake)=0.13 gnG=12.22 gnD=8.65 it_per_s=8.89
2026-10-04 08:28:50,888 INFO iter=157500 epoch=23 lr=1.76e-04 G=2.381 advA2B=0.439 advB2A=0.683 cycA=0.098 cycB=0.123 idtA=0.178 idtB=0.130 D_A=0.107 D_B=0.188 D_A(real)=0.87 D_A(fake)=0.13 gnG=12.25 gnD=8.66 it_per_s=8.88
2026-10-04 08:29:01,723 INFO iter=157600 epoch=23 lr=1.76e-04 G=2.382 advA2B=0.440 advB2A=0.683 cycA=0.098 cycB=0.123 idtA=0.178 idtB=0.130 D_A=0.107 D_B=0.188 D_A(real)=0.87 D_A(fake)=0.13 gnG=12.28 gnD=8.67 it_per_s=8.90
2026-10-04 08:29:13,026 INFO iter=157700 epoch=23 lr=1.76e-04 G=2.386 advA2B=0.442 advB2A=0.683 cycA=0.098 cycB=0.124 idtA=0.177 idtB=0.130 D_A=0.107 D_B=0.187 D_A(real)=0.87 D_A(fake)=0.13 gnG=12.33 gnD=8.68 it_per_s=8.89
2026-10-04 08:29:24,490 INFO iter=157800 epoch=23 lr=1.76e-04 G=2.387 advA2B=0.442 advB2A=0.683 cycA=0.098 cycB=0.124 idtA=0.177 idtB=0.130 D_A=0.107 D_B=0.187 D_A(real)=0.87 D_A(fake)=0.13 gnG=12.32 gnD=8.70 it_per_s=8.89
2026-10-04 08:29:35,369 INFO iter=157900 epoch=23 lr=1.76e-04 G=2.388 advA2B=0.443 advB2A=0.683 cycA=0.098 cycB=0.124 idtA=0.177 idtB=0.130 D_A=0.107 D_B=0.188 D_A(real)=0.87 D_A(fake)=0.13 gnG=12.31 gnD=8.72 it_per_s=8.90
2026-10-04 08:29:46,686 INFO iter=158000 epoch=23 lr=1.76e-04 G=2.388 advA2B=0.442 advB2A=0.684 cycA=0.098 cycB=0.124 idtA=0.177 idtB=0.130 D_A=0.107 D_B=0.188 D_A(real)=0.87 D_A(fake)=0.13 gnG=12.37 gnD=8.75 it_per_s=8.90
2026-10-04 08:29:57,770 INFO iter=158100 epoch=23 lr=1.75e-04 G=2.387 advA2B=0.442 advB2A=0.685 cycA=0.098 cycB=0.124 idtA=0.177 idtB=0.130 D_A=0.107 D_B=0.188 D_A(real)=0.87 D_A(fake)=0.13 gnG=12.36 gnD=8.76 it_per_s=8.90
2026-10-04 08:30:08,711 INFO iter=158200 epoch=23 lr=1.75e-04 G=2.390 advA2B=0.444 advB2A=0.685 cycA=0.098 cycB=0.124 idtA=0.177 idtB=0.130 D_A=0.107 D_B=0.188 D_A(real)=0.87 D_A(fake)=0.13 gnG=12.42 gnD=8.75 it_per_s=8.91
2026-10-04 08:30:19,982 INFO iter=158300 epoch=23 lr=1.75e-04 G=2.392 advA2B=0.444 advB2A=0.686 cycA=0.098 cycB=0.124 idtA=0.177 idtB=0.130 D_A=0.107 D_B=0.188 D_A(real)=0.87 D_A(fake)=0.13 gnG=12.46 gnD=8.74 it_per_s=8.91
2026-10-04 08:30:30,937 INFO iter=158400 epoch=23 lr=1.75e-04 G=2.392 advA2B=0.445 advB2A=0.685 cycA=0.098 cycB=0.124 idtA=0.177 idtB=0.130 D_A=0.107 D_B=0.188 D_A(real)=0.87 D_A(fake)=0.13 gnG=12.48 gnD=8.72 it_per_s=8.91
2026-10-04 08:30:42,026 INFO iter=158500 epoch=23 lr=1.75e-04 G=2.394 advA2B=0.447 advB2A=0.686 cycA=0.098 cycB=0.124 idtA=0.177 idtB=0.130 D_A=0.107 D_B=0.188 D_A(real)=0.87 D_A(fake)=0.13 gnG=12.50 gnD=8.73 it_per_s=8.92
2026-10-04 08:30:53,307 INFO iter=158600 epoch=23 lr=1.75e-04 G=2.393 advA2B=0.447 advB2A=0.684 cycA=0.098 cycB=0.124 idtA=0.177 idtB=0.130 D_A=0.107 D_B=0.188 D_A(real)=0.87 D_A(fake)=0.13 gnG=12.49 gnD=8.73 it_per_s=8.91
2026-10-04 08:31:04,132 INFO iter=158700 epoch=23 lr=1.75e-04 G=2.394 advA2B=0.447 advB2A=0.684 cycA=0.098 cycB=0.124 idtA=0.177 idtB=0.130 D_A=0.107 D_B=0.188 D_A(real)=0.87 D_A(fake)=0.13 gnG=12.52 gnD=8.72 it_per_s=8.92
2026-10-04 08:31:15,320 INFO iter=158800 epoch=23 lr=1.74e-04 G=2.394 advA2B=0.447 advB2A=0.685 cycA=0.098 cycB=0.124 idtA=0.177 idtB=0.129 D_A=0.107 D_B=0.188 D_A(real)=0.87 D_A(fake)=0.13 gnG=12.54 gnD=8.71 it_per_s=8.92
2026-10-04 08:31:26,528 INFO iter=158900 epoch=23 lr=1.74e-04 G=2.396 advA2B=0.447 advB2A=0.686 cycA=0.098 cycB=0.124 idtA=0.177 idtB=0.130 D_A=0.107 D_B=0.188 D_A(real)=0.87 D_A(fake)=0.13 gnG=12.53 gnD=8.71 it_per_s=8.92
2026-10-04 08:31:37,408 INFO iter=159000 epoch=23 lr=1.74e-04 G=2.394 advA2B=0.448 advB2A=0.686 cycA=0.098 cycB=0.124 idtA=0.177 idtB=0.129 D_A=0.107 D_B=0.188 D_A(real)=0.87 D_A(fake)=0.13 gnG=12.53 gnD=8.70 it_per_s=8.93
2026-10-04 08:31:48,678 INFO iter=159100 epoch=23 lr=1.74e-04 G=2.397 advA2B=0.448 advB2A=0.686 cycA=0.098 cycB=0.124 idtA=0.178 idtB=0.130 D_A=0.107 D_B=0.188 D_A(real)=0.87 D_A(fake)=0.13 gnG=12.54 gnD=8.69 it_per_s=8.93
2026-10-04 08:31:59,690 INFO iter=159200 epoch=23 lr=1.74e-04 G=2.399 advA2B=0.448 advB2A=0.686 cycA=0.098 cycB=0.124 idtA=0.178 idtB=0.130 D_A=0.107 D_B=0.187 D_A(real)=0.87 D_A(fake)=0.13 gnG=12.55 gnD=8.68 it_per_s=8.93
2026-10-04 08:32:10,691 INFO iter=159300 epoch=23 lr=1.74e-04 G=2.399 advA2B=0.449 advB2A=0.686 cycA=0.098 cycB=0.124 idtA=0.178 idtB=0.130 D_A=0.106 D_B=0.187 D_A(real)=0.87 D_A(fake)=0.13 gnG=12.56 gnD=8.68 it_per_s=8.93
2026-10-04 08:32:22,018 INFO iter=159400 epoch=23 lr=1.74e-04 G=2.399 advA2B=0.448 advB2A=0.686 cycA=0.098 cycB=0.124 idtA=0.178 idtB=0.130 D_A=0.106 D_B=0.187 D_A(real)=0.87 D_A(fake)=0.13 gnG=12.56 gnD=8.68 it_per_s=8.93
2026-10-04 08:32:32,932 INFO iter=159500 epoch=23 lr=1.73e-04 G=2.400 advA2B=0.448 advB2A=0.687 cycA=0.098 cycB=0.124 idtA=0.178 idtB=0.130 D_A=0.106 D_B=0.187 D_A(real)=0.87 D_A(fake)=0.13 gnG=12.57 gnD=8.68 it_per_s=8.94
2026-10-04 08:32:44,070 INFO iter=159600 epoch=23 lr=1.73e-04 G=2.398 advA2B=0.448 advB2A=0.687 cycA=0.098 cycB=0.124 idtA=0.178 idtB=0.130 D_A=0.106 D_B=0.187 D_A(real)=0.87 D_A(fake)=0.13 gnG=12.56 gnD=8.68 it_per_s=8.94
2026-10-04 08:32:55,288 INFO iter=159700 epoch=23 lr=1.73e-04 G=2.400 advA2B=0.448 advB2A=0.688 cycA=0.098 cycB=0.124 idtA=0.178 idtB=0.130 D_A=0.106 D_B=0.187 D_A(real)=0.87 D_A(fake)=0.13 gnG=12.58 gnD=8.68 it_per_s=8.94
2026-10-04 08:33:06,144 INFO iter=159800 epoch=23 lr=1.73e-04 G=2.401 advA2B=0.449 advB2A=0.689 cycA=0.098 cycB=0.124 idtA=0.178 idtB=0.130 D_A=0.106 D_B=0.187 D_A(real)=0.87 D_A(fake)=0.13 gnG=12.59 gnD=8.70 it_per_s=8.94
2026-10-04 08:33:17,418 INFO iter=159900 epoch=23 lr=1.73e-04 G=2.403 advA2B=0.449 advB2A=0.689 cycA=0.098 cycB=0.124 idtA=0.178 idtB=0.130 D_A=0.106 D_B=0.187 D_A(real)=0.87 D_A(fake)=0.13 gnG=12.62 gnD=8.72 it_per_s=8.94
2026-10-04 08:33:28,486 INFO iter=160000 epoch=23 lr=1.73e-04 G=2.403 advA2B=0.449 advB2A=0.689 cycA=0.098 cycB=0.124 idtA=0.178 idtB=0.130 D_A=0.106 D_B=0.187 D_A(real)=0.87 D_A(fake)=0.13 gnG=12.59 gnD=8.72 it_per_s=8.94
2026-10-04 08:33:39,453 INFO iter=160100 epoch=23 lr=1.73e-04 G=2.405 advA2B=0.449 advB2A=0.690 cycA=0.098 cycB=0.124 idtA=0.178 idtB=0.130 D_A=0.106 D_B=0.187 D_A(real)=0.87 D_A(fake)=0.13 gnG=12.61 gnD=8.73 it_per_s=8.95
2026-10-04 08:33:50,793 INFO iter=160200 epoch=23 lr=1.72e-04 G=2.405 advA2B=0.450 advB2A=0.689 cycA=0.098 cycB=0.124 idtA=0.178 idtB=0.130 D_A=0.106 D_B=0.187 D_A(real)=0.87 D_A(fake)=0.13 gnG=12.61 gnD=8.74 it_per_s=8.94
2026-10-04 08:34:01,710 INFO iter=160300 epoch=23 lr=1.72e-04 G=2.405 advA2B=0.448 advB2A=0.690 cycA=0.098 cycB=0.124 idtA=0.178 idtB=0.130 D_A=0.106 D_B=0.187 D_A(real)=0.87 D_A(fake)=0.13 gnG=12.61 gnD=8.73 it_per_s=8.95
2026-10-04 08:34:12,771 INFO iter=160400 epoch=23 lr=1.72e-04 G=2.404 advA2B=0.448 advB2A=0.689 cycA=0.098 cycB=0.124 idtA=0.178 idtB=0.130 D_A=0.106 D_B=0.187 D_A(real)=0.87 D_A(fake)=0.13 gnG=12.61 gnD=8.73 it_per_s=8.95
2026-10-04 08:34:24,085 INFO iter=160500 epoch=23 lr=1.72e-04 G=2.406 advA2B=0.448 advB2A=0.690 cycA=0.098 cycB=0.124 idtA=0.178 idtB=0.130 D_A=0.106 D_B=0.187 D_A(real)=0.87 D_A(fake)=0.13 gnG=12.60 gnD=8.73 it_per_s=8.95
2026-10-04 08:34:35,131 INFO iter=160600 epoch=23 lr=1.72e-04 G=2.406 advA2B=0.448 advB2A=0.689 cycA=0.098 cycB=0.125 idtA=0.178 idtB=0.130 D_A=0.106 D_B=0.187 D_A(real)=0.87 D_A(fake)=0.13 gnG=12.61 gnD=8.73 it_per_s=8.95
2026-10-04 08:34:46,349 INFO iter=160700 epoch=23 lr=1.72e-04 G=2.407 advA2B=0.448 advB2A=0.689 cycA=0.098 cycB=0.125 idtA=0.178 idtB=0.130 D_A=0.106 D_B=0.186 D_A(real)=0.87 D_A(fake)=0.13 gnG=12.60 gnD=8.74 it_per_s=8.95
2026-10-04 08:34:57,517 INFO iter=160800 epoch=23 lr=1.72e-04 G=2.406 advA2B=0.448 advB2A=0.689 cycA=0.098 cycB=0.125 idtA=0.178 idtB=0.130 D_A=0.106 D_B=0.186 D_A(real)=0.87 D_A(fake)=0.13 gnG=12.60 gnD=8.75 it_per_s=8.95
2026-10-04 08:35:08,460 INFO iter=160900 epoch=23 lr=1.71e-04 G=2.407 advA2B=0.449 advB2A=0.689 cycA=0.098 cycB=0.125 idtA=0.178 idtB=0.131 D_A=0.105 D_B=0.186 D_A(real)=0.87 D_A(fake)=0.13 gnG=12.62 gnD=8.75 it_per_s=8.95
2026-10-04 08:35:19,716 INFO iter=161000 epoch=23 lr=1.71e-04 G=2.408 advA2B=0.449 advB2A=0.690 cycA=0.098 cycB=0.125 idtA=0.178 idtB=0.131 D_A=0.105 D_B=0.186 D_A(real)=0.87 D_A(fake)=0.13 gnG=12.59 gnD=8.76 it_per_s=8.95
2026-10-04 08:35:30,773 INFO iter=161100 epoch=23 lr=1.71e-04 G=2.408 advA2B=0.449 advB2A=0.690 cycA=0.098 cycB=0.125 idtA=0.178 idtB=0.130 D_A=0.105 D_B=0.186 D_A(real)=0.87 D_A(fake)=0.13 gnG=12.57 gnD=8.75 it_per_s=8.95
2026-10-04 08:35:41,757 INFO iter=161200 epoch=23 lr=1.71e-04 G=2.407 advA2B=0.448 advB2A=0.689 cycA=0.098 cycB=0.125 idtA=0.178 idtB=0.130 D_A=0.105 D_B=0.186 D_A(real)=0.87 D_A(fake)=0.13 gnG=12.61 gnD=8.76 it_per_s=8.95
2026-10-04 08:35:53,077 INFO iter=161300 epoch=23 lr=1.71e-04 G=2.406 advA2B=0.448 advB2A=0.690 cycA=0.098 cycB=0.125 idtA=0.178 idtB=0.130 D_A=0.105 D_B=0.186 D_A(real)=0.87 D_A(fake)=0.13 gnG=12.59 gnD=8.77 it_per_s=8.95
2026-10-04 08:36:04,071 INFO iter=161400 epoch=23 lr=1.71e-04 G=2.406 advA2B=0.448 advB2A=0.690 cycA=0.098 cycB=0.125 idtA=0.178 idtB=0.130 D_A=0.105 D_B=0.187 D_A(real)=0.87 D_A(fake)=0.13 gnG=12.60 gnD=8.77 it_per_s=8.95
2026-10-04 08:36:15,291 INFO iter=161500 epoch=23 lr=1.71e-04 G=2.406 advA2B=0.448 advB2A=0.690 cycA=0.098 cycB=0.125 idtA=0.178 idtB=0.130 D_A=0.105 D_B=0.186 D_A(real)=0.87 D_A(fake)=0.13 gnG=12.59 gnD=8.77 it_per_s=8.95
2026-10-04 08:36:26,620 INFO iter=161600 epoch=23 lr=1.70e-04 G=2.406 advA2B=0.448 advB2A=0.690 cycA=0.098 cycB=0.124 idtA=0.178 idtB=0.130 D_A=0.105 D_B=0.187 D_A(real)=0.87 D_A(fake)=0.13 gnG=12.58 gnD=8.77 it_per_s=8.95
2026-10-04 08:36:37,922 INFO iter=161700 epoch=23 lr=1.70e-04 G=2.404 advA2B=0.448 advB2A=0.690 cycA=0.098 cycB=0.124 idtA=0.178 idtB=0.130 D_A=0.105 D_B=0.187 D_A(real)=0.87 D_A(fake)=0.13 gnG=12.59 gnD=8.77 it_per_s=8.95
2026-10-04 08:36:49,238 INFO iter=161800 epoch=23 lr=1.70e-04 G=2.404 advA2B=0.448 advB2A=0.690 cycA=0.098 cycB=0.124 idtA=0.178 idtB=0.130 D_A=0.105 D_B=0.186 D_A(real)=0.87 D_A(fake)=0.13 gnG=12.60 gnD=8.76 it_per_s=8.95
2026-10-04 08:36:57,574 INFO epoch=23 done time_s=787 it_per_s=8.95 G=2.404 cycA=0.098 cycB=0.124 idtA=0.178 idtB=0.130 D_A=0.105 D_B=0.187 D_A(real)=0.87 D_A(fake)=0.13 nan_count=0
2026-10-04 08:37:01,211 INFO iter=161900 epoch=24 lr=1.70e-04 G=2.231 advA2B=0.402 advB2A=0.633 cycA=0.100 cycB=0.113 idtA=0.161 idtB=0.110 D_A=0.096 D_B=0.187 D_A(real)=0.91 D_A(fake)=0.10 gnG=14.11 gnD=9.68 it_per_s=8.76
2026-10-04 08:37:12,541 INFO iter=162000 epoch=24 lr=1.70e-04 G=2.320 advA2B=0.428 advB2A=0.680 cycA=0.095 cycB=0.118 idtA=0.170 idtB=0.124 D_A=0.102 D_B=0.183 D_A(real)=0.89 D_A(fake)=0.11 gnG=13.62 gnD=8.95 it_per_s=8.81
2026-10-04 08:37:23,847 INFO iter=162100 epoch=24 lr=1.70e-04 G=2.344 advA2B=0.442 advB2A=0.687 cycA=0.096 cycB=0.117 idtA=0.173 idtB=0.124 D_A=0.105 D_B=0.183 D_A(real)=0.87 D_A(fake)=0.13 gnG=12.95 gnD=9.10 it_per_s=8.83
2026-10-04 08:37:35,252 INFO iter=162200 epoch=24 lr=1.70e-04 G=2.344 advA2B=0.432 advB2A=0.683 cycA=0.095 cycB=0.121 idtA=0.170 idtB=0.126 D_A=0.107 D_B=0.188 D_A(real)=0.87 D_A(fake)=0.14 gnG=12.75 gnD=9.09 it_per_s=8.81
2026-10-04 08:37:46,656 INFO iter=162300 epoch=24 lr=1.69e-04 G=2.376 advA2B=0.437 advB2A=0.693 cycA=0.096 cycB=0.124 idtA=0.171 idtB=0.130 D_A=0.105 D_B=0.190 D_A(real)=0.87 D_A(fake)=0.13 gnG=12.52 gnD=9.02 it_per_s=8.80
2026-10-04 08:37:58,021 INFO iter=162400 epoch=24 lr=1.69e-04 G=2.383 advA2B=0.440 advB2A=0.698 cycA=0.096 cycB=0.123 idtA=0.173 idtB=0.129 D_A=0.103 D_B=0.187 D_A(real)=0.87 D_A(fake)=0.13 gnG=12.56 gnD=8.81 it_per_s=8.80
2026-10-04 08:38:09,369 INFO iter=162500 epoch=24 lr=1.69e-04 G=2.381 advA2B=0.440 advB2A=0.701 cycA=0.096 cycB=0.122 idtA=0.172 idtB=0.127 D_A=0.103 D_B=0.187 D_A(real)=0.87 D_A(fake)=0.13 gnG=12.77 gnD=8.72 it_per_s=8.80
2026-10-04 08:38:20,722 INFO iter=162600 epoch=24 lr=1.69e-04 G=2.388 advA2B=0.440 advB2A=0.697 cycA=0.096 cycB=0.124 idtA=0.175 idtB=0.129 D_A=0.102 D_B=0.186 D_A(real)=0.87 D_A(fake)=0.13 gnG=12.74 gnD=8.66 it_per_s=8.80
2026-10-04 08:38:32,035 INFO iter=162700 epoch=24 lr=1.69e-04 G=2.389 advA2B=0.438 advB2A=0.702 cycA=0.097 cycB=0.123 idtA=0.178 idtB=0.129 D_A=0.102 D_B=0.188 D_A(real)=0.87 D_A(fake)=0.13 gnG=12.72 gnD=8.68 it_per_s=8.81
2026-10-04 08:38:43,305 INFO iter=162800 epoch=24 lr=1.69e-04 G=2.389 advA2B=0.436 advB2A=0.709 cycA=0.096 cycB=0.122 idtA=0.177 idtB=0.128 D_A=0.103 D_B=0.188 D_A(real)=0.87 D_A(fake)=0.13 gnG=12.67 gnD=8.72 it_per_s=8.81
2026-10-04 08:38:54,715 INFO iter=162900 epoch=24 lr=1.69e-04 G=2.387 advA2B=0.436 advB2A=0.707 cycA=0.097 cycB=0.122 idtA=0.177 idtB=0.128 D_A=0.103 D_B=0.188 D_A(real)=0.87 D_A(fake)=0.13 gnG=12.58 gnD=8.62 it_per_s=8.81
2026-10-04 08:39:06,027 INFO iter=163000 epoch=24 lr=1.68e-04 G=2.392 advA2B=0.437 advB2A=0.709 cycA=0.097 cycB=0.121 idtA=0.177 idtB=0.128 D_A=0.103 D_B=0.188 D_A(real)=0.87 D_A(fake)=0.13 gnG=12.56 gnD=8.61 it_per_s=8.81
2026-10-04 08:39:17,327 INFO iter=163100 epoch=24 lr=1.68e-04 G=2.397 advA2B=0.439 advB2A=0.708 cycA=0.097 cycB=0.122 idtA=0.178 idtB=0.128 D_A=0.103 D_B=0.188 D_A(real)=0.87 D_A(fake)=0.13 gnG=12.51 gnD=8.66 it_per_s=8.81
2026-10-04 08:39:28,654 INFO iter=163200 epoch=24 lr=1.68e-04 G=2.398 advA2B=0.440 advB2A=0.706 cycA=0.097 cycB=0.122 idtA=0.177 idtB=0.129 D_A=0.103 D_B=0.188 D_A(real)=0.87 D_A(fake)=0.13 gnG=12.57 gnD=8.68 it_per_s=8.82
2026-10-04 08:39:40,060 INFO iter=163300 epoch=24 lr=1.68e-04 G=2.396 advA2B=0.441 advB2A=0.703 cycA=0.097 cycB=0.122 idtA=0.177 idtB=0.128 D_A=0.103 D_B=0.189 D_A(real)=0.87 D_A(fake)=0.13 gnG=12.59 gnD=8.66 it_per_s=8.81
2026-10-04 08:39:51,510 INFO iter=163400 epoch=24 lr=1.68e-04 G=2.402 advA2B=0.442 advB2A=0.704 cycA=0.097 cycB=0.123 idtA=0.178 idtB=0.129 D_A=0.103 D_B=0.189 D_A(real)=0.87 D_A(fake)=0.13 gnG=12.63 gnD=8.68 it_per_s=8.81
2026-10-04 08:40:02,865 INFO iter=163500 epoch=24 lr=1.68e-04 G=2.403 advA2B=0.440 advB2A=0.704 cycA=0.097 cycB=0.123 idtA=0.179 idtB=0.129 D_A=0.102 D_B=0.189 D_A(real)=0.87 D_A(fake)=0.13 gnG=12.62 gnD=8.67 it_per_s=8.81
2026-10-04 08:40:14,178 INFO iter=163600 epoch=24 lr=1.68e-04 G=2.403 advA2B=0.441 advB2A=0.705 cycA=0.097 cycB=0.123 idtA=0.178 idtB=0.129 D_A=0.102 D_B=0.190 D_A(real)=0.87 D_A(fake)=0.13 gnG=12.61 gnD=8.71 it_per_s=8.81
2026-10-04 08:40:25,572 INFO iter=163700 epoch=24 lr=1.67e-04 G=2.406 advA2B=0.442 advB2A=0.704 cycA=0.098 cycB=0.124 idtA=0.179 idtB=0.130 D_A=0.103 D_B=0.189 D_A(real)=0.87 D_A(fake)=0.13 gnG=12.59 gnD=8.75 it_per_s=8.81
2026-10-04 08:40:36,895 INFO iter=163800 epoch=24 lr=1.67e-04 G=2.410 advA2B=0.444 advB2A=0.703 cycA=0.097 cycB=0.124 idtA=0.179 idtB=0.130 D_A=0.103 D_B=0.189 D_A(real)=0.87 D_A(fake)=0.13 gnG=12.72 gnD=8.76 it_per_s=8.81
2026-10-04 08:40:48,128 INFO iter=163900 epoch=24 lr=1.67e-04 G=2.411 advA2B=0.442 advB2A=0.704 cycA=0.097 cycB=0.125 idtA=0.179 idtB=0.130 D_A=0.103 D_B=0.188 D_A(real)=0.87 D_A(fake)=0.13 gnG=12.74 gnD=8.80 it_per_s=8.81
2026-10-04 08:40:59,465 INFO iter=164000 epoch=24 lr=1.67e-04 G=2.411 advA2B=0.443 advB2A=0.704 cycA=0.097 cycB=0.125 idtA=0.179 idtB=0.130 D_A=0.102 D_B=0.188 D_A(real)=0.87 D_A(fake)=0.13 gnG=12.69 gnD=8.79 it_per_s=8.81
2026-10-04 08:41:10,802 INFO iter=164100 epoch=24 lr=1.67e-04 G=2.413 advA2B=0.443 advB2A=0.705 cycA=0.097 cycB=0.125 idtA=0.179 idtB=0.130 D_A=0.102 D_B=0.188 D_A(real)=0.87 D_A(fake)=0.13 gnG=12.70 gnD=8.75 it_per_s=8.81
2026-10-04 08:41:22,174 INFO iter=164200 epoch=24 lr=1.67e-04 G=2.413 advA2B=0.442 advB2A=0.705 cycA=0.097 cycB=0.125 idtA=0.179 idtB=0.130 D_A=0.102 D_B=0.188 D_A(real)=0.87 D_A(fake)=0.13 gnG=12.76 gnD=8.74 it_per_s=8.81
2026-10-04 08:41:33,558 INFO iter=164300 epoch=24 lr=1.67e-04 G=2.410 advA2B=0.442 advB2A=0.704 cycA=0.097 cycB=0.125 idtA=0.179 idtB=0.130 D_A=0.102 D_B=0.187 D_A(real)=0.87 D_A(fake)=0.13 gnG=12.71 gnD=8.77 it_per_s=8.81
2026-10-04 08:41:44,931 INFO iter=164400 epoch=24 lr=1.66e-04 G=2.413 advA2B=0.442 advB2A=0.706 cycA=0.098 cycB=0.125 idtA=0.179 idtB=0.130 D_A=0.102 D_B=0.187 D_A(real)=0.87 D_A(fake)=0.13 gnG=12.66 gnD=8.80 it_per_s=8.81
2026-10-04 08:41:56,278 INFO iter=164500 epoch=24 lr=1.66e-04 G=2.416 advA2B=0.444 advB2A=0.706 cycA=0.098 cycB=0.125 idtA=0.179 idtB=0.130 D_A=0.102 D_B=0.187 D_A(real)=0.87 D_A(fake)=0.13 gnG=12.71 gnD=8.81 it_per_s=8.81
2026-10-04 08:42:07,648 INFO iter=164600 epoch=24 lr=1.66e-04 G=2.415 advA2B=0.443 advB2A=0.706 cycA=0.098 cycB=0.125 idtA=0.180 idtB=0.130 D_A=0.102 D_B=0.187 D_A(real)=0.87 D_A(fake)=0.13 gnG=12.71 gnD=8.82 it_per_s=8.81
2026-10-04 08:42:18,968 INFO iter=164700 epoch=24 lr=1.66e-04 G=2.415 advA2B=0.443 advB2A=0.705 cycA=0.098 cycB=0.125 idtA=0.180 idtB=0.130 D_A=0.103 D_B=0.187 D_A(real)=0.87 D_A(fake)=0.13 gnG=12.65 gnD=8.85 it_per_s=8.81
2026-10-04 08:42:30,306 INFO iter=164800 epoch=24 lr=1.66e-04 G=2.416 advA2B=0.446 advB2A=0.704 cycA=0.098 cycB=0.125 idtA=0.180 idtB=0.130 D_A=0.103 D_B=0.187 D_A(real)=0.87 D_A(fake)=0.13 gnG=12.60 gnD=8.84 it_per_s=8.81
2026-10-04 08:42:41,639 INFO iter=164900 epoch=24 lr=1.66e-04 G=2.418 advA2B=0.447 advB2A=0.704 cycA=0.098 cycB=0.125 idtA=0.179 idtB=0.130 D_A=0.102 D_B=0.186 D_A(real)=0.87 D_A(fake)=0.13 gnG=12.56 gnD=8.83 it_per_s=8.81
2026-10-04 08:42:52,992 INFO iter=165000 epoch=24 lr=1.66e-04 G=2.418 advA2B=0.447 advB2A=0.704 cycA=0.098 cycB=0.125 idtA=0.179 idtB=0.130 D_A=0.102 D_B=0.186 D_A(real)=0.87 D_A(fake)=0.13 gnG=12.52 gnD=8.83 it_per_s=8.81
2026-10-04 08:43:04,375 INFO iter=165100 epoch=24 lr=1.65e-04 G=2.418 advA2B=0.447 advB2A=0.703 cycA=0.098 cycB=0.125 idtA=0.179 idtB=0.130 D_A=0.102 D_B=0.186 D_A(real)=0.87 D_A(fake)=0.13 gnG=12.53 gnD=8.83 it_per_s=8.81
2026-10-04 08:43:15,689 INFO iter=165200 epoch=24 lr=1.65e-04 G=2.420 advA2B=0.448 advB2A=0.704 cycA=0.097 cycB=0.125 idtA=0.179 idtB=0.130 D_A=0.102 D_B=0.186 D_A(real)=0.87 D_A(fake)=0.13 gnG=12.56 gnD=8.85 it_per_s=8.81
2026-10-04 08:43:26,969 INFO iter=165300 epoch=24 lr=1.65e-04 G=2.418 advA2B=0.447 advB2A=0.704 cycA=0.097 cycB=0.125 idtA=0.179 idtB=0.130 D_A=0.102 D_B=0.187 D_A(real)=0.87 D_A(fake)=0.13 gnG=12.56 gnD=8.84 it_per_s=8.81
2026-10-04 08:43:38,253 INFO iter=165400 epoch=24 lr=1.65e-04 G=2.417 advA2B=0.446 advB2A=0.704 cycA=0.097 cycB=0.125 idtA=0.179 idtB=0.130 D_A=0.102 D_B=0.187 D_A(real)=0.87 D_A(fake)=0.13 gnG=12.59 gnD=8.84 it_per_s=8.81
2026-10-04 08:43:49,596 INFO iter=165500 epoch=24 lr=1.65e-04 G=2.416 advA2B=0.446 advB2A=0.704 cycA=0.097 cycB=0.125 idtA=0.179 idtB=0.129 D_A=0.102 D_B=0.187 D_A(real)=0.87 D_A(fake)=0.13 gnG=12.59 gnD=8.84 it_per_s=8.81
2026-10-04 08:44:00,852 INFO iter=165600 epoch=24 lr=1.65e-04 G=2.417 advA2B=0.447 advB2A=0.704 cycA=0.097 cycB=0.125 idtA=0.179 idtB=0.129 D_A=0.102 D_B=0.187 D_A(real)=0.87 D_A(fake)=0.13 gnG=12.60 gnD=8.84 it_per_s=8.82
2026-10-04 08:44:12,143 INFO iter=165700 epoch=24 lr=1.65e-04 G=2.415 advA2B=0.447 advB2A=0.704 cycA=0.097 cycB=0.125 idtA=0.179 idtB=0.129 D_A=0.102 D_B=0.187 D_A(real)=0.87 D_A(fake)=0.13 gnG=12.57 gnD=8.84 it_per_s=8.82
2026-10-04 08:44:23,511 INFO iter=165800 epoch=24 lr=1.64e-04 G=2.415 advA2B=0.447 advB2A=0.704 cycA=0.097 cycB=0.125 idtA=0.179 idtB=0.129 D_A=0.102 D_B=0.186 D_A(real)=0.87 D_A(fake)=0.13 gnG=12.56 gnD=8.85 it_per_s=8.82
2026-10-04 08:44:34,943 INFO iter=165900 epoch=24 lr=1.64e-04 G=2.414 advA2B=0.447 advB2A=0.703 cycA=0.097 cycB=0.125 idtA=0.179 idtB=0.129 D_A=0.102 D_B=0.187 D_A(real)=0.87 D_A(fake)=0.13 gnG=12.55 gnD=8.86 it_per_s=8.82
2026-10-04 08:44:46,239 INFO iter=166000 epoch=24 lr=1.64e-04 G=2.415 advA2B=0.447 advB2A=0.704 cycA=0.097 cycB=0.125 idtA=0.179 idtB=0.129 D_A=0.102 D_B=0.187 D_A(real)=0.87 D_A(fake)=0.13 gnG=12.52 gnD=8.84 it_per_s=8.82
2026-10-04 08:44:57,615 INFO iter=166100 epoch=24 lr=1.64e-04 G=2.414 advA2B=0.448 advB2A=0.703 cycA=0.097 cycB=0.125 idtA=0.179 idtB=0.129 D_A=0.102 D_B=0.187 D_A(real)=0.87 D_A(fake)=0.13 gnG=12.52 gnD=8.84 it_per_s=8.82
2026-10-04 08:45:08,914 INFO iter=166200 epoch=24 lr=1.64e-04 G=2.413 advA2B=0.448 advB2A=0.703 cycA=0.097 cycB=0.125 idtA=0.179 idtB=0.129 D_A=0.102 D_B=0.187 D_A(real)=0.87 D_A(fake)=0.13 gnG=12.51 gnD=8.85 it_per_s=8.82
2026-10-04 08:45:20,277 INFO iter=166300 epoch=24 lr=1.64e-04 G=2.412 advA2B=0.448 advB2A=0.702 cycA=0.097 cycB=0.124 idtA=0.179 idtB=0.129 D_A=0.102 D_B=0.187 D_A(real)=0.87 D_A(fake)=0.13 gnG=12.50 gnD=8.84 it_per_s=8.82
2026-10-04 08:45:31,607 INFO iter=166400 epoch=24 lr=1.64e-04 G=2.412 advA2B=0.448 advB2A=0.702 cycA=0.097 cycB=0.124 idtA=0.178 idtB=0.129 D_A=0.101 D_B=0.186 D_A(real)=0.87 D_A(fake)=0.13 gnG=12.53 gnD=8.84 it_per_s=8.82
2026-10-04 08:45:42,923 INFO iter=166500 epoch=24 lr=1.63e-04 G=2.413 advA2B=0.448 advB2A=0.703 cycA=0.097 cycB=0.124 idtA=0.179 idtB=0.129 D_A=0.101 D_B=0.186 D_A(real)=0.87 D_A(fake)=0.13 gnG=12.53 gnD=8.84 it_per_s=8.82
2026-10-04 08:45:54,239 INFO iter=166600 epoch=24 lr=1.63e-04 G=2.413 advA2B=0.448 advB2A=0.703 cycA=0.097 cycB=0.124 idtA=0.179 idtB=0.129 D_A=0.101 D_B=0.186 D_A(real)=0.87 D_A(fake)=0.13 gnG=12.53 gnD=8.83 it_per_s=8.82
2026-10-04 08:46:05,562 INFO iter=166700 epoch=24 lr=1.63e-04 G=2.415 advA2B=0.449 advB2A=0.703 cycA=0.097 cycB=0.125 idtA=0.179 idtB=0.129 D_A=0.101 D_B=0.186 D_A(real)=0.87 D_A(fake)=0.13 gnG=12.54 gnD=8.82 it_per_s=8.82
2026-10-04 08:46:16,870 INFO iter=166800 epoch=24 lr=1.63e-04 G=2.416 advA2B=0.449 advB2A=0.704 cycA=0.097 cycB=0.125 idtA=0.179 idtB=0.129 D_A=0.101 D_B=0.186 D_A(real)=0.87 D_A(fake)=0.13 gnG=12.54 gnD=8.82 it_per_s=8.82
2026-10-04 08:46:28,112 INFO iter=166900 epoch=24 lr=1.63e-04 G=2.415 advA2B=0.449 advB2A=0.704 cycA=0.097 cycB=0.124 idtA=0.178 idtB=0.129 D_A=0.101 D_B=0.186 D_A(real)=0.87 D_A(fake)=0.13 gnG=12.55 gnD=8.81 it_per_s=8.82
2026-10-04 08:46:39,382 INFO iter=167000 epoch=24 lr=1.63e-04 G=2.413 advA2B=0.449 advB2A=0.703 cycA=0.097 cycB=0.124 idtA=0.178 idtB=0.129 D_A=0.101 D_B=0.186 D_A(real)=0.87 D_A(fake)=0.13 gnG=12.53 gnD=8.80 it_per_s=8.82
2026-10-04 08:46:50,689 INFO iter=167100 epoch=24 lr=1.63e-04 G=2.414 advA2B=0.449 advB2A=0.703 cycA=0.097 cycB=0.124 idtA=0.179 idtB=0.129 D_A=0.101 D_B=0.186 D_A(real)=0.87 D_A(fake)=0.13 gnG=12.52 gnD=8.80 it_per_s=8.82
2026-10-04 08:47:02,015 INFO iter=167200 epoch=24 lr=1.62e-04 G=2.415 advA2B=0.450 advB2A=0.703 cycA=0.097 cycB=0.124 idtA=0.179 idtB=0.129 D_A=0.101 D_B=0.186 D_A(real)=0.87 D_A(fake)=0.13 gnG=12.58 gnD=8.80 it_per_s=8.82
2026-10-04 08:47:13,311 INFO iter=167300 epoch=24 lr=1.62e-04 G=2.414 advA2B=0.449 advB2A=0.703 cycA=0.097 cycB=0.124 idtA=0.179 idtB=0.129 D_A=0.101 D_B=0.186 D_A(real)=0.87 D_A(fake)=0.13 gnG=12.57 gnD=8.80 it_per_s=8.82
2026-10-04 08:47:24,658 INFO iter=167400 epoch=24 lr=1.62e-04 G=2.414 advA2B=0.449 advB2A=0.703 cycA=0.097 cycB=0.124 idtA=0.179 idtB=0.129 D_A=0.101 D_B=0.186 D_A(real)=0.87 D_A(fake)=0.13 gnG=12.58 gnD=8.80 it_per_s=8.82
2026-10-04 08:47:35,988 INFO iter=167500 epoch=24 lr=1.62e-04 G=2.415 advA2B=0.450 advB2A=0.703 cycA=0.097 cycB=0.124 idtA=0.179 idtB=0.129 D_A=0.101 D_B=0.186 D_A(real)=0.87 D_A(fake)=0.13 gnG=12.60 gnD=8.80 it_per_s=8.82
2026-10-04 08:47:47,275 INFO iter=167600 epoch=24 lr=1.62e-04 G=2.414 advA2B=0.450 advB2A=0.703 cycA=0.097 cycB=0.124 idtA=0.179 idtB=0.129 D_A=0.101 D_B=0.185 D_A(real)=0.87 D_A(fake)=0.13 gnG=12.58 gnD=8.80 it_per_s=8.82
2026-10-04 08:47:58,590 INFO iter=167700 epoch=24 lr=1.62e-04 G=2.415 advA2B=0.451 advB2A=0.703 cycA=0.097 cycB=0.124 idtA=0.179 idtB=0.129 D_A=0.100 D_B=0.185 D_A(real)=0.87 D_A(fake)=0.13 gnG=12.59 gnD=8.81 it_per_s=8.82
2026-10-04 08:48:09,876 INFO iter=167800 epoch=24 lr=1.62e-04 G=2.416 advA2B=0.451 advB2A=0.704 cycA=0.097 cycB=0.124 idtA=0.179 idtB=0.129 D_A=0.101 D_B=0.185 D_A(real)=0.87 D_A(fake)=0.13 gnG=12.58 gnD=8.81 it_per_s=8.82
2026-10-04 08:48:21,165 INFO iter=167900 epoch=24 lr=1.61e-04 G=2.417 advA2B=0.452 advB2A=0.704 cycA=0.097 cycB=0.124 idtA=0.179 idtB=0.129 D_A=0.100 D_B=0.185 D_A(real)=0.87 D_A(fake)=0.13 gnG=12.57 gnD=8.82 it_per_s=8.82
2026-10-04 08:48:32,443 INFO iter=168000 epoch=24 lr=1.61e-04 G=2.416 advA2B=0.452 advB2A=0.703 cycA=0.097 cycB=0.124 idtA=0.179 idtB=0.129 D_A=0.100 D_B=0.185 D_A(real)=0.87 D_A(fake)=0.13 gnG=12.59 gnD=8.82 it_per_s=8.82
2026-10-04 08:48:43,724 INFO iter=168100 epoch=24 lr=1.61e-04 G=2.417 advA2B=0.453 advB2A=0.704 cycA=0.097 cycB=0.124 idtA=0.178 idtB=0.129 D_A=0.100 D_B=0.185 D_A(real)=0.87 D_A(fake)=0.13 gnG=12.61 gnD=8.81 it_per_s=8.83
2026-10-04 08:48:55,025 INFO iter=168200 epoch=24 lr=1.61e-04 G=2.416 advA2B=0.453 advB2A=0.704 cycA=0.097 cycB=0.124 idtA=0.179 idtB=0.128 D_A=0.100 D_B=0.185 D_A(real)=0.87 D_A(fake)=0.13 gnG=12.60 gnD=8.81 it_per_s=8.83
2026-10-04 08:49:06,295 INFO iter=168300 epoch=24 lr=1.61e-04 G=2.417 advA2B=0.453 advB2A=0.704 cycA=0.097 cycB=0.124 idtA=0.179 idtB=0.128 D_A=0.100 D_B=0.185 D_A(real)=0.87 D_A(fake)=0.13 gnG=12.62 gnD=8.82 it_per_s=8.83
2026-10-04 08:49:17,602 INFO iter=168400 epoch=24 lr=1.61e-04 G=2.418 advA2B=0.453 advB2A=0.704 cycA=0.097 cycB=0.124 idtA=0.179 idtB=0.128 D_A=0.100 D_B=0.185 D_A(real)=0.87 D_A(fake)=0.13 gnG=12.62 gnD=8.82 it_per_s=8.83
2026-10-04 08:49:28,983 INFO iter=168500 epoch=24 lr=1.61e-04 G=2.417 advA2B=0.454 advB2A=0.704 cycA=0.097 cycB=0.124 idtA=0.179 idtB=0.128 D_A=0.100 D_B=0.185 D_A(real)=0.87 D_A(fake)=0.12 gnG=12.63 gnD=8.81 it_per_s=8.83
2026-10-04 08:49:40,309 INFO iter=168600 epoch=24 lr=1.60e-04 G=2.417 advA2B=0.454 advB2A=0.704 cycA=0.097 cycB=0.124 idtA=0.179 idtB=0.128 D_A=0.100 D_B=0.185 D_A(real)=0.87 D_A(fake)=0.12 gnG=12.62 gnD=8.80 it_per_s=8.83
2026-10-04 08:49:51,662 INFO iter=168700 epoch=24 lr=1.60e-04 G=2.416 advA2B=0.454 advB2A=0.704 cycA=0.097 cycB=0.124 idtA=0.179 idtB=0.128 D_A=0.100 D_B=0.184 D_A(real)=0.87 D_A(fake)=0.13 gnG=12.60 gnD=8.80 it_per_s=8.83
2026-10-04 08:50:03,074 INFO iter=168800 epoch=24 lr=1.60e-04 G=2.416 advA2B=0.454 advB2A=0.704 cycA=0.097 cycB=0.124 idtA=0.179 idtB=0.128 D_A=0.100 D_B=0.185 D_A(real)=0.88 D_A(fake)=0.12 gnG=12.61 gnD=8.80 it_per_s=8.82
2026-10-04 08:50:14,429 INFO iter=168900 epoch=24 lr=1.60e-04 G=2.416 advA2B=0.454 advB2A=0.704 cycA=0.097 cycB=0.124 idtA=0.179 idtB=0.128 D_A=0.100 D_B=0.185 D_A(real)=0.88 D_A(fake)=0.12 gnG=12.64 gnD=8.80 it_per_s=8.82
2026-10-04 08:50:15,781 INFO epoch=24 done time_s=798 it_per_s=8.82 G=2.416 cycA=0.097 cycB=0.124 idtA=0.179 idtB=0.128 D_A=0.100 D_B=0.185 D_A(real)=0.88 D_A(fake)=0.12 nan_count=0
2026-10-04 08:50:26,484 INFO iter=169000 epoch=25 lr=1.60e-04 G=2.376 advA2B=0.455 advB2A=0.697 cycA=0.096 cycB=0.120 idtA=0.163 idtB=0.127 D_A=0.103 D_B=0.180 D_A(real)=0.88 D_A(fake)=0.12 gnG=12.19 gnD=8.53 it_per_s=8.78
2026-10-04 08:50:37,820 INFO iter=169100 epoch=25 lr=1.60e-04 G=2.428 advA2B=0.462 advB2A=0.721 cycA=0.098 cycB=0.121 idtA=0.171 idtB=0.132 D_A=0.097 D_B=0.179 D_A(real)=0.88 D_A(fake)=0.12 gnG=12.43 gnD=8.61 it_per_s=8.80
2026-10-04 08:50:49,129 INFO iter=169200 epoch=25 lr=1.60e-04 G=2.455 advA2B=0.461 advB2A=0.749 cycA=0.098 cycB=0.121 idtA=0.173 idtB=0.126 D_A=0.095 D_B=0.180 D_A(real)=0.88 D_A(fake)=0.12 gnG=12.42 gnD=8.59 it_per_s=8.82
2026-10-04 08:51:00,446 INFO iter=169300 epoch=25 lr=1.59e-04 G=2.442 advA2B=0.466 advB2A=0.733 cycA=0.097 cycB=0.121 idtA=0.173 idtB=0.127 D_A=0.094 D_B=0.182 D_A(real)=0.88 D_A(fake)=0.12 gnG=12.51 gnD=8.58 it_per_s=8.82
2026-10-04 08:51:11,706 INFO iter=169400 epoch=25 lr=1.59e-04 G=2.446 advA2B=0.465 advB2A=0.725 cycA=0.099 cycB=0.122 idtA=0.175 idtB=0.127 D_A=0.093 D_B=0.183 D_A(real)=0.88 D_A(fake)=0.12 gnG=12.59 gnD=8.45 it_per_s=8.83
2026-10-04 08:51:22,982 INFO iter=169500 epoch=25 lr=1.59e-04 G=2.438 advA2B=0.459 advB2A=0.729 cycA=0.098 cycB=0.122 idtA=0.177 idtB=0.125 D_A=0.093 D_B=0.181 D_A(real)=0.89 D_A(fake)=0.11 gnG=12.42 gnD=8.52 it_per_s=8.84
2026-10-04 08:51:34,324 INFO iter=169600 epoch=25 lr=1.59e-04 G=2.429 advA2B=0.452 advB2A=0.725 cycA=0.098 cycB=0.122 idtA=0.178 idtB=0.126 D_A=0.095 D_B=0.182 D_A(real)=0.88 D_A(fake)=0.12 gnG=12.55 gnD=8.62 it_per_s=8.84
2026-10-04 08:51:45,604 INFO iter=169700 epoch=25 lr=1.59e-04 G=2.419 advA2B=0.456 advB2A=0.717 cycA=0.097 cycB=0.121 idtA=0.177 idtB=0.126 D_A=0.097 D_B=0.182 D_A(real)=0.88 D_A(fake)=0.12 gnG=12.54 gnD=8.64 it_per_s=8.84
2026-10-04 08:51:56,900 INFO iter=169800 epoch=25 lr=1.59e-04 G=2.427 advA2B=0.460 advB2A=0.721 cycA=0.097 cycB=0.122 idtA=0.177 idtB=0.126 D_A=0.097 D_B=0.181 D_A(real)=0.88 D_A(fake)=0.12 gnG=12.64 gnD=8.68 it_per_s=8.84
2026-10-04 08:52:08,212 INFO iter=169900 epoch=25 lr=1.59e-04 G=2.422 advA2B=0.460 advB2A=0.716 cycA=0.097 cycB=0.122 idtA=0.177 idtB=0.126 D_A=0.097 D_B=0.182 D_A(real)=0.88 D_A(fake)=0.12 gnG=12.60 gnD=8.75 it_per_s=8.84
2026-10-04 08:52:19,513 INFO iter=170000 epoch=25 lr=1.58e-04 G=2.422 advA2B=0.460 advB2A=0.716 cycA=0.097 cycB=0.122 idtA=0.179 idtB=0.125 D_A=0.096 D_B=0.182 D_A(real)=0.88 D_A(fake)=0.12 gnG=12.61 gnD=8.72 it_per_s=8.84
2026-10-04 08:52:30,795 INFO iter=170100 epoch=25 lr=1.58e-04 G=2.425 advA2B=0.463 advB2A=0.718 cycA=0.097 cycB=0.122 idtA=0.178 idtB=0.125 D_A=0.097 D_B=0.182 D_A(real)=0.88 D_A(fake)=0.12 gnG=12.62 gnD=8.69 it_per_s=8.84
2026-10-04 08:52:42,065 INFO iter=170200 epoch=25 lr=1.58e-04 G=2.418 advA2B=0.462 advB2A=0.717 cycA=0.097 cycB=0.121 idtA=0.177 idtB=0.124 D_A=0.097 D_B=0.182 D_A(real)=0.88 D_A(fake)=0.12 gnG=12.60 gnD=8.69 it_per_s=8.85
2026-10-04 08:52:53,369 INFO iter=170300 epoch=25 lr=1.58e-04 G=2.416 advA2B=0.461 advB2A=0.717 cycA=0.096 cycB=0.121 idtA=0.177 idtB=0.125 D_A=0.097 D_B=0.182 D_A(real)=0.88 D_A(fake)=0.12 gnG=12.58 gnD=8.70 it_per_s=8.85
2026-10-04 08:53:04,686 INFO iter=170400 epoch=25 lr=1.58e-04 G=2.418 advA2B=0.461 advB2A=0.717 cycA=0.096 cycB=0.121 idtA=0.178 idtB=0.125 D_A=0.097 D_B=0.182 D_A(real)=0.88 D_A(fake)=0.12 gnG=12.64 gnD=8.75 it_per_s=8.85
2026-10-04 08:53:15,985 INFO iter=170500 epoch=25 lr=1.58e-04 G=2.422 advA2B=0.461 advB2A=0.718 cycA=0.096 cycB=0.122 idtA=0.178 idtB=0.126 D_A=0.097 D_B=0.182 D_A(real)=0.88 D_A(fake)=0.12 gnG=12.67 gnD=8.76 it_per_s=8.85
2026-10-04 08:53:27,358 INFO iter=170600 epoch=25 lr=1.58e-04 G=2.422 advA2B=0.461 advB2A=0.716 cycA=0.096 cycB=0.122 idtA=0.178 idtB=0.126 D_A=0.097 D_B=0.182 D_A(real)=0.88 D_A(fake)=0.12 gnG=12.70 gnD=8.73 it_per_s=8.84
2026-10-04 08:53:38,630 INFO iter=170700 epoch=25 lr=1.57e-04 G=2.420 advA2B=0.461 advB2A=0.715 cycA=0.096 cycB=0.122 idtA=0.178 idtB=0.126 D_A=0.097 D_B=0.182 D_A(real)=0.88 D_A(fake)=0.12 gnG=12.69 gnD=8.73 it_per_s=8.84
2026-10-04 08:53:49,910 INFO iter=170800 epoch=25 lr=1.57e-04 G=2.416 advA2B=0.458 advB2A=0.715 cycA=0.096 cycB=0.122 idtA=0.177 idtB=0.126 D_A=0.097 D_B=0.182 D_A(real)=0.88 D_A(fake)=0.12 gnG=12.70 gnD=8.72 it_per_s=8.85
2026-10-04 08:54:01,225 INFO iter=170900 epoch=25 lr=1.57e-04 G=2.414 advA2B=0.457 advB2A=0.714 cycA=0.096 cycB=0.122 idtA=0.178 idtB=0.126 D_A=0.097 D_B=0.182 D_A(real)=0.88 D_A(fake)=0.12 gnG=12.69 gnD=8.74 it_per_s=8.84
2026-10-04 08:54:12,599 INFO iter=171000 epoch=25 lr=1.57e-04 G=2.416 advA2B=0.457 advB2A=0.714 cycA=0.096 cycB=0.123 idtA=0.178 idtB=0.126 D_A=0.097 D_B=0.182 D_A(real)=0.88 D_A(fake)=0.12 gnG=12.70 gnD=8.72 it_per_s=8.84
2026-10-04 08:54:23,906 INFO iter=171100 epoch=25 lr=1.57e-04 G=2.414 advA2B=0.456 advB2A=0.714 cycA=0.096 cycB=0.122 idtA=0.178 idtB=0.126 D_A=0.097 D_B=0.182 D_A(real)=0.88 D_A(fake)=0.12 gnG=12.70 gnD=8.72 it_per_s=8.84
2026-10-04 08:54:35,176 INFO iter=171200 epoch=25 lr=1.57e-04 G=2.412 advA2B=0.456 advB2A=0.713 cycA=0.096 cycB=0.122 idtA=0.178 idtB=0.126 D_A=0.098 D_B=0.182 D_A(real)=0.88 D_A(fake)=0.12 gnG=12.71 gnD=8.73 it_per_s=8.84
2026-10-04 08:54:46,527 INFO iter=171300 epoch=25 lr=1.57e-04 G=2.410 advA2B=0.455 advB2A=0.712 cycA=0.096 cycB=0.122 idtA=0.178 idtB=0.126 D_A=0.098 D_B=0.182 D_A(real)=0.88 D_A(fake)=0.12 gnG=12.71 gnD=8.75 it_per_s=8.84
2026-10-04 08:54:57,866 INFO iter=171400 epoch=25 lr=1.56e-04 G=2.409 advA2B=0.455 advB2A=0.712 cycA=0.096 cycB=0.122 idtA=0.178 idtB=0.126 D_A=0.098 D_B=0.182 D_A(real)=0.88 D_A(fake)=0.12 gnG=12.74 gnD=8.77 it_per_s=8.84
2026-10-04 08:55:09,201 INFO iter=171500 epoch=25 lr=1.56e-04 G=2.407 advA2B=0.454 advB2A=0.712 cycA=0.096 cycB=0.122 idtA=0.178 idtB=0.125 D_A=0.098 D_B=0.182 D_A(real)=0.88 D_A(fake)=0.12 gnG=12.76 gnD=8.76 it_per_s=8.84
2026-10-04 08:55:20,589 INFO iter=171600 epoch=25 lr=1.56e-04 G=2.408 advA2B=0.454 advB2A=0.713 cycA=0.096 cycB=0.122 idtA=0.178 idtB=0.125 D_A=0.098 D_B=0.182 D_A(real)=0.88 D_A(fake)=0.12 gnG=12.75 gnD=8.74 it_per_s=8.84
2026-10-04 08:55:31,949 INFO iter=171700 epoch=25 lr=1.56e-04 G=2.409 advA2B=0.455 advB2A=0.712 cycA=0.096 cycB=0.122 idtA=0.178 idtB=0.126 D_A=0.098 D_B=0.182 D_A(real)=0.88 D_A(fake)=0.12 gnG=12.79 gnD=8.73 it_per_s=8.84
2026-10-04 08:55:43,247 INFO iter=171800 epoch=25 lr=1.56e-04 G=2.410 advA2B=0.455 advB2A=0.711 cycA=0.096 cycB=0.122 idtA=0.178 idtB=0.126 D_A=0.098 D_B=0.182 D_A(real)=0.88 D_A(fake)=0.12 gnG=12.82 gnD=8.73 it_per_s=8.84
2026-10-04 08:55:54,585 INFO iter=171900 epoch=25 lr=1.56e-04 G=2.407 advA2B=0.454 advB2A=0.710 cycA=0.096 cycB=0.122 idtA=0.178 idtB=0.126 D_A=0.098 D_B=0.183 D_A(real)=0.88 D_A(fake)=0.12 gnG=12.80 gnD=8.76 it_per_s=8.84
2026-10-04 08:56:05,899 INFO iter=172000 epoch=25 lr=1.56e-04 G=2.406 advA2B=0.454 advB2A=0.710 cycA=0.096 cycB=0.122 idtA=0.178 idtB=0.125 D_A=0.098 D_B=0.182 D_A(real)=0.88 D_A(fake)=0.12 gnG=12.78 gnD=8.75 it_per_s=8.84
2026-10-04 08:56:17,247 INFO iter=172100 epoch=25 lr=1.55e-04 G=2.405 advA2B=0.453 advB2A=0.710 cycA=0.096 cycB=0.122 idtA=0.178 idtB=0.126 D_A=0.098 D_B=0.182 D_A(real)=0.88 D_A(fake)=0.12 gnG=12.76 gnD=8.75 it_per_s=8.84
2026-10-04 08:56:28,562 INFO iter=172200 epoch=25 lr=1.55e-04 G=2.404 advA2B=0.454 advB2A=0.708 cycA=0.096 cycB=0.122 idtA=0.178 idtB=0.126 D_A=0.098 D_B=0.182 D_A(real)=0.88 D_A(fake)=0.12 gnG=12.79 gnD=8.75 it_per_s=8.84
2026-10-04 08:56:40,103 INFO iter=172300 epoch=25 lr=1.55e-04 G=2.402 advA2B=0.453 advB2A=0.707 cycA=0.096 cycB=0.122 idtA=0.178 idtB=0.126 D_A=0.098 D_B=0.183 D_A(real)=0.88 D_A(fake)=0.12 gnG=12.78 gnD=8.75 it_per_s=8.83
2026-10-04 08:56:51,436 INFO iter=172400 epoch=25 lr=1.55e-04 G=2.402 advA2B=0.454 advB2A=0.706 cycA=0.096 cycB=0.122 idtA=0.178 idtB=0.126 D_A=0.098 D_B=0.183 D_A(real)=0.88 D_A(fake)=0.12 gnG=12.80 gnD=8.76 it_per_s=8.83
2026-10-04 08:57:02,766 INFO iter=172500 epoch=25 lr=1.55e-04 G=2.404 advA2B=0.454 advB2A=0.707 cycA=0.096 cycB=0.122 idtA=0.178 idtB=0.126 D_A=0.098 D_B=0.182 D_A(real)=0.88 D_A(fake)=0.12 gnG=12.84 gnD=8.76 it_per_s=8.83
2026-10-04 08:57:14,120 INFO iter=172600 epoch=25 lr=1.55e-04 G=2.403 advA2B=0.453 advB2A=0.706 cycA=0.096 cycB=0.122 idtA=0.178 idtB=0.126 D_A=0.098 D_B=0.182 D_A(real)=0.88 D_A(fake)=0.12 gnG=12.84 gnD=8.79 it_per_s=8.83
2026-10-04 08:57:25,583 INFO iter=172700 epoch=25 lr=1.55e-04 G=2.405 advA2B=0.454 advB2A=0.707 cycA=0.096 cycB=0.123 idtA=0.178 idtB=0.126 D_A=0.098 D_B=0.182 D_A(real)=0.88 D_A(fake)=0.12 gnG=12.82 gnD=8.79 it_per_s=8.83
2026-10-04 08:57:36,942 INFO iter=172800 epoch=25 lr=1.54e-04 G=2.407 advA2B=0.455 advB2A=0.708 cycA=0.096 cycB=0.123 idtA=0.178 idtB=0.127 D_A=0.098 D_B=0.182 D_A(real)=0.88 D_A(fake)=0.12 gnG=12.80 gnD=8.78 it_per_s=8.83
2026-10-04 08:57:48,264 INFO iter=172900 epoch=25 lr=1.54e-04 G=2.409 advA2B=0.455 advB2A=0.708 cycA=0.096 cycB=0.123 idtA=0.178 idtB=0.127 D_A=0.098 D_B=0.182 D_A(real)=0.88 D_A(fake)=0.12 gnG=12.87 gnD=8.77 it_per_s=8.83
2026-10-04 08:57:59,620 INFO iter=173000 epoch=25 lr=1.54e-04 G=2.409 advA2B=0.455 advB2A=0.709 cycA=0.096 cycB=0.123 idtA=0.178 idtB=0.126 D_A=0.098 D_B=0.182 D_A(real)=0.88 D_A(fake)=0.12 gnG=12.87 gnD=8.78 it_per_s=8.83
2026-10-04 08:58:10,923 INFO iter=173100 epoch=25 lr=1.54e-04 G=2.410 advA2B=0.455 advB2A=0.708 cycA=0.096 cycB=0.123 idtA=0.178 idtB=0.127 D_A=0.097 D_B=0.182 D_A(real)=0.88 D_A(fake)=0.12 gnG=12.84 gnD=8.77 it_per_s=8.83
2026-10-04 08:58:22,225 INFO iter=173200 epoch=25 lr=1.54e-04 G=2.410 advA2B=0.455 advB2A=0.708 cycA=0.096 cycB=0.123 idtA=0.178 idtB=0.127 D_A=0.098 D_B=0.182 D_A(real)=0.88 D_A(fake)=0.12 gnG=12.81 gnD=8.77 it_per_s=8.83
2026-10-04 08:58:33,614 INFO iter=173300 epoch=25 lr=1.54e-04 G=2.408 advA2B=0.454 advB2A=0.709 cycA=0.096 cycB=0.123 idtA=0.178 idtB=0.127 D_A=0.098 D_B=0.182 D_A(real)=0.88 D_A(fake)=0.12 gnG=12.81 gnD=8.79 it_per_s=8.83
2026-10-04 08:58:44,936 INFO iter=173400 epoch=25 lr=1.54e-04 G=2.409 advA2B=0.454 advB2A=0.709 cycA=0.096 cycB=0.123 idtA=0.178 idtB=0.127 D_A=0.097 D_B=0.182 D_A(real)=0.88 D_A(fake)=0.12 gnG=12.84 gnD=8.81 it_per_s=8.83
2026-10-04 08:58:56,208 INFO iter=173500 epoch=25 lr=1.53e-04 G=2.409 advA2B=0.454 advB2A=0.710 cycA=0.096 cycB=0.123 idtA=0.178 idtB=0.127 D_A=0.097 D_B=0.182 D_A(real)=0.88 D_A(fake)=0.12 gnG=12.84 gnD=8.80 it_per_s=8.83
2026-10-04 08:59:07,530 INFO iter=173600 epoch=25 lr=1.53e-04 G=2.407 advA2B=0.453 advB2A=0.709 cycA=0.096 cycB=0.123 idtA=0.178 idtB=0.127 D_A=0.097 D_B=0.183 D_A(real)=0.88 D_A(fake)=0.12 gnG=12.85 gnD=8.80 it_per_s=8.83
2026-10-04 08:59:18,853 INFO iter=173700 epoch=25 lr=1.53e-04 G=2.407 advA2B=0.453 advB2A=0.709 cycA=0.096 cycB=0.123 idtA=0.178 idtB=0.127 D_A=0.097 D_B=0.183 D_A(real)=0.88 D_A(fake)=0.12 gnG=12.86 gnD=8.80 it_per_s=8.83
2026-10-04 08:59:30,136 INFO iter=173800 epoch=25 lr=1.53e-04 G=2.407 advA2B=0.453 advB2A=0.709 cycA=0.096 cycB=0.123 idtA=0.178 idtB=0.127 D_A=0.097 D_B=0.183 D_A(real)=0.88 D_A(fake)=0.12 gnG=12.83 gnD=8.80 it_per_s=8.83
2026-10-04 08:59:41,384 INFO iter=173900 epoch=25 lr=1.53e-04 G=2.406 advA2B=0.453 advB2A=0.708 cycA=0.096 cycB=0.123 idtA=0.178 idtB=0.127 D_A=0.097 D_B=0.182 D_A(real)=0.88 D_A(fake)=0.12 gnG=12.83 gnD=8.79 it_per_s=8.83
2026-10-04 08:59:52,797 INFO iter=174000 epoch=25 lr=1.53e-04 G=2.407 advA2B=0.452 advB2A=0.709 cycA=0.096 cycB=0.123 idtA=0.179 idtB=0.127 D_A=0.097 D_B=0.182 D_A(real)=0.88 D_A(fake)=0.12 gnG=12.89 gnD=8.79 it_per_s=8.83
2026-10-04 09:00:04,132 INFO iter=174100 epoch=25 lr=1.53e-04 G=2.406 advA2B=0.452 advB2A=0.709 cycA=0.096 cycB=0.123 idtA=0.179 idtB=0.127 D_A=0.097 D_B=0.183 D_A(real)=0.88 D_A(fake)=0.12 gnG=12.89 gnD=8.79 it_per_s=8.83
2026-10-04 09:00:15,409 INFO iter=174200 epoch=25 lr=1.52e-04 G=2.407 advA2B=0.453 advB2A=0.709 cycA=0.096 cycB=0.123 idtA=0.179 idtB=0.126 D_A=0.097 D_B=0.182 D_A(real)=0.88 D_A(fake)=0.12 gnG=12.87 gnD=8.79 it_per_s=8.83
2026-10-04 09:00:26,837 INFO iter=174300 epoch=25 lr=1.52e-04 G=2.406 advA2B=0.452 advB2A=0.709 cycA=0.096 cycB=0.122 idtA=0.179 idtB=0.126 D_A=0.097 D_B=0.183 D_A(real)=0.88 D_A(fake)=0.12 gnG=12.86 gnD=8.79 it_per_s=8.83
2026-10-04 09:00:38,168 INFO iter=174400 epoch=25 lr=1.52e-04 G=2.407 advA2B=0.452 advB2A=0.709 cycA=0.096 cycB=0.122 idtA=0.179 idtB=0.126 D_A=0.097 D_B=0.182 D_A(real)=0.88 D_A(fake)=0.12 gnG=12.91 gnD=8.80 it_per_s=8.83
2026-10-04 09:00:49,469 INFO iter=174500 epoch=25 lr=1.52e-04 G=2.408 advA2B=0.452 advB2A=0.710 cycA=0.096 cycB=0.123 idtA=0.179 idtB=0.126 D_A=0.097 D_B=0.182 D_A(real)=0.88 D_A(fake)=0.12 gnG=12.91 gnD=8.80 it_per_s=8.83
2026-10-04 09:01:00,800 INFO iter=174600 epoch=25 lr=1.52e-04 G=2.407 advA2B=0.452 advB2A=0.710 cycA=0.096 cycB=0.122 idtA=0.179 idtB=0.126 D_A=0.097 D_B=0.182 D_A(real)=0.88 D_A(fake)=0.12 gnG=12.93 gnD=8.80 it_per_s=8.83
2026-10-04 09:01:12,137 INFO iter=174700 epoch=25 lr=1.52e-04 G=2.409 advA2B=0.453 advB2A=0.711 cycA=0.096 cycB=0.123 idtA=0.179 idtB=0.126 D_A=0.097 D_B=0.182 D_A(real)=0.88 D_A(fake)=0.12 gnG=12.92 gnD=8.80 it_per_s=8.83
2026-10-04 09:01:23,469 INFO iter=174800 epoch=25 lr=1.52e-04 G=2.410 advA2B=0.453 advB2A=0.711 cycA=0.096 cycB=0.123 idtA=0.179 idtB=0.126 D_A=0.097 D_B=0.182 D_A(real)=0.88 D_A(fake)=0.12 gnG=12.90 gnD=8.80 it_per_s=8.83
2026-10-04 09:01:34,782 INFO iter=174900 epoch=25 lr=1.51e-04 G=2.410 advA2B=0.453 advB2A=0.711 cycA=0.096 cycB=0.123 idtA=0.179 idtB=0.126 D_A=0.097 D_B=0.182 D_A(real)=0.88 D_A(fake)=0.12 gnG=12.89 gnD=8.79 it_per_s=8.83
2026-10-04 09:01:46,048 INFO iter=175000 epoch=25 lr=1.51e-04 G=2.410 advA2B=0.454 advB2A=0.710 cycA=0.096 cycB=0.123 idtA=0.179 idtB=0.126 D_A=0.097 D_B=0.182 D_A(real)=0.88 D_A(fake)=0.12 gnG=12.86 gnD=8.79 it_per_s=8.83
2026-10-04 09:01:57,375 INFO iter=175100 epoch=25 lr=1.51e-04 G=2.411 advA2B=0.454 advB2A=0.711 cycA=0.096 cycB=0.123 idtA=0.180 idtB=0.126 D_A=0.097 D_B=0.182 D_A(real)=0.88 D_A(fake)=0.12 gnG=12.86 gnD=8.79 it_per_s=8.83
2026-10-04 09:02:08,800 INFO iter=175200 epoch=25 lr=1.51e-04 G=2.411 advA2B=0.455 advB2A=0.711 cycA=0.096 cycB=0.123 idtA=0.179 idtB=0.126 D_A=0.097 D_B=0.182 D_A(real)=0.88 D_A(fake)=0.12 gnG=12.88 gnD=8.80 it_per_s=8.83
2026-10-04 09:02:20,225 INFO iter=175300 epoch=25 lr=1.51e-04 G=2.411 advA2B=0.455 advB2A=0.711 cycA=0.096 cycB=0.123 idtA=0.179 idtB=0.126 D_A=0.097 D_B=0.182 D_A(real)=0.88 D_A(fake)=0.12 gnG=12.90 gnD=8.79 it_per_s=8.83
2026-10-04 09:02:31,607 INFO iter=175400 epoch=25 lr=1.51e-04 G=2.411 advA2B=0.456 advB2A=0.710 cycA=0.096 cycB=0.123 idtA=0.180 idtB=0.126 D_A=0.097 D_B=0.182 D_A(real)=0.88 D_A(fake)=0.12 gnG=12.89 gnD=8.78 it_per_s=8.83
2026-10-04 09:02:42,950 INFO iter=175500 epoch=25 lr=1.51e-04 G=2.410 advA2B=0.456 advB2A=0.710 cycA=0.096 cycB=0.123 idtA=0.180 idtB=0.126 D_A=0.097 D_B=0.182 D_A(real)=0.88 D_A(fake)=0.12 gnG=12.90 gnD=8.78 it_per_s=8.83
2026-10-04 09:02:54,244 INFO iter=175600 epoch=25 lr=1.50e-04 G=2.411 advA2B=0.457 advB2A=0.710 cycA=0.096 cycB=0.123 idtA=0.180 idtB=0.126 D_A=0.097 D_B=0.182 D_A(real)=0.88 D_A(fake)=0.12 gnG=12.91 gnD=8.78 it_per_s=8.83
2026-10-04 09:03:05,609 INFO iter=175700 epoch=25 lr=1.50e-04 G=2.413 advA2B=0.457 advB2A=0.710 cycA=0.096 cycB=0.123 idtA=0.180 idtB=0.126 D_A=0.097 D_B=0.182 D_A(real)=0.88 D_A(fake)=0.12 gnG=12.91 gnD=8.78 it_per_s=8.83
2026-10-04 09:03:16,902 INFO iter=175800 epoch=25 lr=1.50e-04 G=2.413 advA2B=0.458 advB2A=0.710 cycA=0.096 cycB=0.123 idtA=0.180 idtB=0.126 D_A=0.097 D_B=0.182 D_A(real)=0.88 D_A(fake)=0.12 gnG=12.91 gnD=8.78 it_per_s=8.83
2026-10-04 09:03:28,174 INFO iter=175900 epoch=25 lr=1.50e-04 G=2.413 advA2B=0.458 advB2A=0.709 cycA=0.096 cycB=0.123 idtA=0.180 idtB=0.126 D_A=0.097 D_B=0.182 D_A(real)=0.88 D_A(fake)=0.12 gnG=12.92 gnD=8.78 it_per_s=8.83
2026-10-04 09:03:33,814 INFO epoch=25 done time_s=797 it_per_s=8.83 G=2.413 cycA=0.096 cycB=0.123 idtA=0.180 idtB=0.126 D_A=0.097 D_B=0.182 D_A(real)=0.88 D_A(fake)=0.12 nan_count=0
2026-10-04 09:03:40,285 INFO iter=176000 epoch=26 lr=1.50e-04 G=2.418 advA2B=0.434 advB2A=0.735 cycA=0.094 cycB=0.126 idtA=0.179 idtB=0.121 D_A=0.100 D_B=0.209 D_A(real)=0.87 D_A(fake)=0.12 gnG=13.21 gnD=8.51 it_per_s=8.87
2026-10-04 09:03:51,592 INFO iter=176100 epoch=26 lr=1.50e-04 G=2.442 advA2B=0.470 advB2A=0.736 cycA=0.097 cycB=0.119 idtA=0.186 idtB=0.121 D_A=0.100 D_B=0.180 D_A(real)=0.88 D_A(fake)=0.12 gnG=12.49 gnD=8.20 it_per_s=8.85
2026-10-04 09:04:02,906 INFO iter=176200 epoch=26 lr=1.50e-04 G=2.414 advA2B=0.471 advB2A=0.718 cycA=0.096 cycB=0.119 idtA=0.180 idtB=0.121 D_A=0.096 D_B=0.177 D_A(real)=0.88 D_A(fake)=0.11 gnG=12.97 gnD=8.30 it_per_s=8.85
2026-10-04 09:04:14,336 INFO iter=176300 epoch=26 lr=1.50e-04 G=2.415 advA2B=0.463 advB2A=0.722 cycA=0.095 cycB=0.120 idtA=0.182 idtB=0.123 D_A=0.097 D_B=0.180 D_A(real)=0.88 D_A(fake)=0.12 gnG=12.85 gnD=8.38 it_per_s=8.82
2026-10-04 09:04:29,571 INFO iter=176400 epoch=26 lr=1.49e-04 G=2.406 advA2B=0.461 advB2A=0.723 cycA=0.095 cycB=0.119 idtA=0.179 idtB=0.123 D_A=0.096 D_B=0.181 D_A(real)=0.88 D_A(fake)=0.12 gnG=12.66 gnD=8.40 it_per_s=8.19
2026-10-04 09:04:42,025 INFO iter=176500 epoch=26 lr=1.49e-04 G=2.396 advA2B=0.458 advB2A=0.718 cycA=0.095 cycB=0.119 idtA=0.180 idtB=0.122 D_A=0.095 D_B=0.181 D_A(real)=0.88 D_A(fake)=0.12 gnG=12.82 gnD=8.52 it_per_s=8.16
2026-10-04 09:04:56,976 INFO iter=176600 epoch=26 lr=1.49e-04 G=2.390 advA2B=0.452 advB2A=0.719 cycA=0.095 cycB=0.118 idtA=0.181 idtB=0.122 D_A=0.095 D_B=0.183 D_A(real)=0.88 D_A(fake)=0.12 gnG=12.78 gnD=8.67 it_per_s=7.90
2026-10-04 09:05:09,722 INFO iter=176700 epoch=26 lr=1.49e-04 G=2.394 advA2B=0.451 advB2A=0.719 cycA=0.095 cycB=0.119 idtA=0.180 idtB=0.122 D_A=0.094 D_B=0.183 D_A(real)=0.88 D_A(fake)=0.12 gnG=12.73 gnD=8.67 it_per_s=7.89
2026-10-04 09:05:24,282 INFO iter=176800 epoch=26 lr=1.49e-04 G=2.401 advA2B=0.453 advB2A=0.721 cycA=0.096 cycB=0.120 idtA=0.181 idtB=0.123 D_A=0.093 D_B=0.182 D_A(real)=0.88 D_A(fake)=0.12 gnG=12.55 gnD=8.70 it_per_s=7.75
2026-10-04 09:05:37,919 INFO iter=176900 epoch=26 lr=1.49e-04 G=2.404 advA2B=0.458 advB2A=0.720 cycA=0.096 cycB=0.119 idtA=0.180 idtB=0.123 D_A=0.094 D_B=0.181 D_A(real)=0.88 D_A(fake)=0.12 gnG=12.69 gnD=8.77 it_per_s=7.71
2026-10-04 09:05:52,078 INFO iter=177000 epoch=26 lr=1.49e-04 G=2.401 advA2B=0.456 advB2A=0.718 cycA=0.095 cycB=0.120 idtA=0.180 idtB=0.123 D_A=0.094 D_B=0.181 D_A(real)=0.88 D_A(fake)=0.12 gnG=12.63 gnD=8.75 it_per_s=7.64
2026-10-04 09:06:06,158 INFO iter=177100 epoch=26 lr=1.48e-04 G=2.401 advA2B=0.454 advB2A=0.717 cycA=0.096 cycB=0.120 idtA=0.180 idtB=0.124 D_A=0.094 D_B=0.182 D_A(real)=0.88 D_A(fake)=0.12 gnG=12.66 gnD=8.77 it_per_s=7.59
2026-10-04 09:06:19,588 INFO iter=177200 epoch=26 lr=1.48e-04 G=2.403 advA2B=0.456 advB2A=0.715 cycA=0.095 cycB=0.121 idtA=0.180 idtB=0.124 D_A=0.094 D_B=0.181 D_A(real)=0.88 D_A(fake)=0.12 gnG=12.72 gnD=8.81 it_per_s=7.58
2026-10-04 09:06:34,142 INFO iter=177300 epoch=26 lr=1.48e-04 G=2.409 advA2B=0.459 advB2A=0.716 cycA=0.096 cycB=0.121 idtA=0.180 idtB=0.124 D_A=0.094 D_B=0.181 D_A(real)=0.88 D_A(fake)=0.12 gnG=12.72 gnD=8.85 it_per_s=7.52
2026-10-04 09:06:47,157 INFO iter=177400 epoch=26 lr=1.48e-04 G=2.408 advA2B=0.459 advB2A=0.715 cycA=0.095 cycB=0.121 idtA=0.181 idtB=0.124 D_A=0.094 D_B=0.180 D_A(real)=0.88 D_A(fake)=0.12 gnG=12.68 gnD=8.81 it_per_s=7.53
2026-10-04 09:07:01,774 INFO iter=177500 epoch=26 lr=1.48e-04 G=2.403 advA2B=0.457 advB2A=0.713 cycA=0.095 cycB=0.121 idtA=0.181 idtB=0.123 D_A=0.093 D_B=0.181 D_A(real)=0.88 D_A(fake)=0.12 gnG=12.72 gnD=8.82 it_per_s=7.48
2026-10-04 09:07:14,750 INFO iter=177600 epoch=26 lr=1.48e-04 G=2.406 advA2B=0.459 advB2A=0.715 cycA=0.095 cycB=0.121 idtA=0.181 idtB=0.123 D_A=0.093 D_B=0.181 D_A(real)=0.88 D_A(fake)=0.12 gnG=12.74 gnD=8.85 it_per_s=7.50
2026-10-04 09:07:29,458 INFO iter=177700 epoch=26 lr=1.48e-04 G=2.407 advA2B=0.460 advB2A=0.715 cycA=0.095 cycB=0.121 idtA=0.182 idtB=0.123 D_A=0.094 D_B=0.182 D_A(real)=0.88 D_A(fake)=0.12 gnG=12.75 gnD=8.84 it_per_s=7.45
2026-10-04 09:07:42,329 INFO iter=177800 epoch=26 lr=1.47e-04 G=2.402 advA2B=0.457 advB2A=0.713 cycA=0.095 cycB=0.121 idtA=0.182 idtB=0.123 D_A=0.093 D_B=0.182 D_A(real)=0.88 D_A(fake)=0.12 gnG=12.74 gnD=8.84 it_per_s=7.47
2026-10-04 09:07:57,392 INFO iter=177900 epoch=26 lr=1.47e-04 G=2.403 advA2B=0.458 advB2A=0.714 cycA=0.095 cycB=0.120 idtA=0.182 idtB=0.123 D_A=0.093 D_B=0.181 D_A(real)=0.88 D_A(fake)=0.12 gnG=12.73 gnD=8.84 it_per_s=7.42
2026-10-04 09:08:09,797 INFO iter=178000 epoch=26 lr=1.47e-04 G=2.402 advA2B=0.459 advB2A=0.715 cycA=0.095 cycB=0.120 idtA=0.182 idtB=0.123 D_A=0.093 D_B=0.181 D_A(real)=0.88 D_A(fake)=0.12 gnG=12.80 gnD=8.83 it_per_s=7.45
2026-10-04 09:08:25,172 INFO iter=178100 epoch=26 lr=1.47e-04 G=2.407 advA2B=0.461 advB2A=0.716 cycA=0.095 cycB=0.120 idtA=0.182 idtB=0.123 D_A=0.093 D_B=0.181 D_A(real)=0.88 D_A(fake)=0.12 gnG=12.80 gnD=8.83 it_per_s=7.40
2026-10-04 09:08:37,611 INFO iter=178200 epoch=26 lr=1.47e-04 G=2.411 advA2B=0.462 advB2A=0.717 cycA=0.095 cycB=0.121 idtA=0.182 idtB=0.124 D_A=0.093 D_B=0.181 D_A(real)=0.88 D_A(fake)=0.12 gnG=12.85 gnD=8.86 it_per_s=7.43
2026-10-04 09:08:49,145 INFO iter=178300 epoch=26 lr=1.47e-04 G=2.411 advA2B=0.461 advB2A=0.718 cycA=0.095 cycB=0.121 idtA=0.182 idtB=0.123 D_A=0.093 D_B=0.181 D_A(real)=0.88 D_A(fake)=0.12 gnG=12.93 gnD=8.85 it_per_s=7.47
2026-10-04 09:09:00,496 INFO iter=178400 epoch=26 lr=1.47e-04 G=2.413 advA2B=0.463 advB2A=0.719 cycA=0.095 cycB=0.120 idtA=0.182 idtB=0.123 D_A=0.093 D_B=0.180 D_A(real)=0.88 D_A(fake)=0.12 gnG=12.85 gnD=8.83 it_per_s=7.52
2026-10-04 09:09:11,830 INFO iter=178500 epoch=26 lr=1.46e-04 G=2.415 advA2B=0.463 advB2A=0.718 cycA=0.096 cycB=0.121 idtA=0.182 idtB=0.123 D_A=0.093 D_B=0.180 D_A(real)=0.88 D_A(fake)=0.12 gnG=12.94 gnD=8.80 it_per_s=7.56
2026-10-04 09:09:23,125 INFO iter=178600 epoch=26 lr=1.46e-04 G=2.417 advA2B=0.465 advB2A=0.719 cycA=0.096 cycB=0.121 idtA=0.182 idtB=0.123 D_A=0.093 D_B=0.181 D_A(real)=0.88 D_A(fake)=0.12 gnG=12.98 gnD=8.81 it_per_s=7.60
2026-10-04 09:09:34,371 INFO iter=178700 epoch=26 lr=1.46e-04 G=2.418 advA2B=0.465 advB2A=0.718 cycA=0.096 cycB=0.121 idtA=0.182 idtB=0.123 D_A=0.093 D_B=0.181 D_A(real)=0.88 D_A(fake)=0.12 gnG=12.95 gnD=8.80 it_per_s=7.64
2026-10-04 09:09:45,709 INFO iter=178800 epoch=26 lr=1.46e-04 G=2.419 advA2B=0.466 advB2A=0.717 cycA=0.096 cycB=0.121 idtA=0.182 idtB=0.123 D_A=0.093 D_B=0.180 D_A(real)=0.88 D_A(fake)=0.12 gnG=12.94 gnD=8.79 it_per_s=7.68
2026-10-04 09:09:56,998 INFO iter=178900 epoch=26 lr=1.46e-04 G=2.418 advA2B=0.466 advB2A=0.718 cycA=0.096 cycB=0.121 idtA=0.182 idtB=0.123 D_A=0.093 D_B=0.179 D_A(real)=0.88 D_A(fake)=0.12 gnG=12.98 gnD=8.77 it_per_s=7.72
2026-10-04 09:10:08,347 INFO iter=179000 epoch=26 lr=1.46e-04 G=2.416 advA2B=0.465 advB2A=0.718 cycA=0.096 cycB=0.120 idtA=0.182 idtB=0.123 D_A=0.093 D_B=0.180 D_A(real)=0.88 D_A(fake)=0.12 gnG=12.93 gnD=8.75 it_per_s=7.75
2026-10-04 09:10:19,680 INFO iter=179100 epoch=26 lr=1.46e-04 G=2.414 advA2B=0.464 advB2A=0.717 cycA=0.096 cycB=0.120 idtA=0.182 idtB=0.123 D_A=0.093 D_B=0.180 D_A(real)=0.88 D_A(fake)=0.12 gnG=12.91 gnD=8.76 it_per_s=7.78
2026-10-04 09:10:30,992 INFO iter=179200 epoch=26 lr=1.45e-04 G=2.415 advA2B=0.464 advB2A=0.717 cycA=0.096 cycB=0.121 idtA=0.182 idtB=0.123 D_A=0.093 D_B=0.180 D_A(real)=0.88 D_A(fake)=0.12 gnG=12.90 gnD=8.75 it_per_s=7.81
2026-10-04 09:10:42,314 INFO iter=179300 epoch=26 lr=1.45e-04 G=2.414 advA2B=0.465 advB2A=0.718 cycA=0.096 cycB=0.120 idtA=0.181 idtB=0.123 D_A=0.092 D_B=0.180 D_A(real)=0.88 D_A(fake)=0.12 gnG=12.88 gnD=8.73 it_per_s=7.83
2026-10-04 09:10:53,653 INFO iter=179400 epoch=26 lr=1.45e-04 G=2.414 advA2B=0.464 advB2A=0.717 cycA=0.096 cycB=0.120 idtA=0.181 idtB=0.123 D_A=0.092 D_B=0.179 D_A(real)=0.88 D_A(fake)=0.12 gnG=12.86 gnD=8.73 it_per_s=7.86
2026-10-04 09:11:04,975 INFO iter=179500 epoch=26 lr=1.45e-04 G=2.415 advA2B=0.465 advB2A=0.718 cycA=0.096 cycB=0.120 idtA=0.181 idtB=0.123 D_A=0.093 D_B=0.179 D_A(real)=0.88 D_A(fake)=0.12 gnG=12.86 gnD=8.74 it_per_s=7.88
2026-10-04 09:11:16,328 INFO iter=179600 epoch=26 lr=1.45e-04 G=2.418 advA2B=0.466 advB2A=0.719 cycA=0.095 cycB=0.121 idtA=0.181 idtB=0.123 D_A=0.092 D_B=0.179 D_A(real)=0.88 D_A(fake)=0.12 gnG=12.91 gnD=8.72 it_per_s=7.91
2026-10-04 09:11:27,717 INFO iter=179700 epoch=26 lr=1.45e-04 G=2.419 advA2B=0.466 advB2A=0.720 cycA=0.096 cycB=0.121 idtA=0.181 idtB=0.123 D_A=0.092 D_B=0.179 D_A(real)=0.88 D_A(fake)=0.12 gnG=12.90 gnD=8.71 it_per_s=7.93
2026-10-04 09:11:39,009 INFO iter=179800 epoch=26 lr=1.45e-04 G=2.420 advA2B=0.466 advB2A=0.720 cycA=0.096 cycB=0.121 idtA=0.181 idtB=0.124 D_A=0.092 D_B=0.179 D_A(real)=0.89 D_A(fake)=0.11 gnG=12.92 gnD=8.71 it_per_s=7.95
2026-10-04 09:11:50,336 INFO iter=179900 epoch=26 lr=1.44e-04 G=2.420 advA2B=0.467 advB2A=0.720 cycA=0.095 cycB=0.121 idtA=0.181 idtB=0.124 D_A=0.092 D_B=0.179 D_A(real)=0.89 D_A(fake)=0.11 gnG=12.91 gnD=8.72 it_per_s=7.97
2026-10-04 09:12:01,687 INFO iter=180000 epoch=26 lr=1.44e-04 G=2.420 advA2B=0.466 advB2A=0.721 cycA=0.096 cycB=0.121 idtA=0.181 idtB=0.123 D_A=0.092 D_B=0.180 D_A(real)=0.89 D_A(fake)=0.11 gnG=12.95 gnD=8.71 it_per_s=7.99
2026-10-04 09:12:12,966 INFO iter=180100 epoch=26 lr=1.44e-04 G=2.420 advA2B=0.467 advB2A=0.721 cycA=0.096 cycB=0.121 idtA=0.180 idtB=0.123 D_A=0.092 D_B=0.180 D_A(real)=0.89 D_A(fake)=0.11 gnG=12.96 gnD=8.69 it_per_s=8.01
2026-10-04 09:12:24,273 INFO iter=180200 epoch=26 lr=1.44e-04 G=2.419 advA2B=0.466 advB2A=0.721 cycA=0.096 cycB=0.120 idtA=0.180 idtB=0.123 D_A=0.092 D_B=0.179 D_A(real)=0.89 D_A(fake)=0.11 gnG=12.99 gnD=8.69 it_per_s=8.02
2026-10-04 09:12:35,525 INFO iter=180300 epoch=26 lr=1.44e-04 G=2.419 advA2B=0.466 advB2A=0.720 cycA=0.096 cycB=0.121 idtA=0.180 idtB=0.123 D_A=0.092 D_B=0.179 D_A(real)=0.89 D_A(fake)=0.11 gnG=12.96 gnD=8.69 it_per_s=8.04
2026-10-04 09:12:46,855 INFO iter=180400 epoch=26 lr=1.44e-04 G=2.417 advA2B=0.467 advB2A=0.719 cycA=0.095 cycB=0.120 idtA=0.180 idtB=0.123 D_A=0.092 D_B=0.179 D_A(real)=0.89 D_A(fake)=0.11 gnG=12.96 gnD=8.69 it_per_s=8.06
2026-10-04 09:12:58,159 INFO iter=180500 epoch=26 lr=1.44e-04 G=2.415 advA2B=0.466 advB2A=0.718 cycA=0.095 cycB=0.120 idtA=0.180 idtB=0.123 D_A=0.092 D_B=0.179 D_A(real)=0.89 D_A(fake)=0.11 gnG=12.96 gnD=8.69 it_per_s=8.07
2026-10-04 09:13:09,431 INFO iter=180600 epoch=26 lr=1.43e-04 G=2.414 advA2B=0.465 advB2A=0.718 cycA=0.095 cycB=0.120 idtA=0.180 idtB=0.123 D_A=0.093 D_B=0.179 D_A(real)=0.89 D_A(fake)=0.11 gnG=12.94 gnD=8.70 it_per_s=8.09
2026-10-04 09:13:20,726 INFO iter=180700 epoch=26 lr=1.43e-04 G=2.413 advA2B=0.465 advB2A=0.718 cycA=0.095 cycB=0.120 idtA=0.180 idtB=0.123 D_A=0.092 D_B=0.180 D_A(real)=0.89 D_A(fake)=0.11 gnG=12.94 gnD=8.71 it_per_s=8.10
2026-10-04 09:13:32,074 INFO iter=180800 epoch=26 lr=1.43e-04 G=2.413 advA2B=0.465 advB2A=0.718 cycA=0.095 cycB=0.120 idtA=0.180 idtB=0.123 D_A=0.092 D_B=0.180 D_A(real)=0.89 D_A(fake)=0.11 gnG=12.94 gnD=8.71 it_per_s=8.12
2026-10-04 09:13:43,408 INFO iter=180900 epoch=26 lr=1.43e-04 G=2.414 advA2B=0.465 advB2A=0.718 cycA=0.095 cycB=0.121 idtA=0.180 idtB=0.123 D_A=0.092 D_B=0.180 D_A(real)=0.89 D_A(fake)=0.11 gnG=12.94 gnD=8.72 it_per_s=8.13
2026-10-04 09:13:54,733 INFO iter=181000 epoch=26 lr=1.43e-04 G=2.413 advA2B=0.464 advB2A=0.718 cycA=0.095 cycB=0.121 idtA=0.180 idtB=0.123 D_A=0.092 D_B=0.180 D_A(real)=0.89 D_A(fake)=0.11 gnG=12.93 gnD=8.72 it_per_s=8.14
2026-10-04 09:14:05,999 INFO iter=181100 epoch=26 lr=1.43e-04 G=2.414 advA2B=0.465 advB2A=0.718 cycA=0.095 cycB=0.121 idtA=0.180 idtB=0.123 D_A=0.092 D_B=0.180 D_A(real)=0.89 D_A(fake)=0.11 gnG=12.94 gnD=8.71 it_per_s=8.16
2026-10-04 09:14:17,302 INFO iter=181200 epoch=26 lr=1.43e-04 G=2.415 advA2B=0.465 advB2A=0.719 cycA=0.095 cycB=0.121 idtA=0.179 idtB=0.123 D_A=0.092 D_B=0.180 D_A(real)=0.89 D_A(fake)=0.11 gnG=12.94 gnD=8.70 it_per_s=8.17
2026-10-04 09:14:28,574 INFO iter=181300 epoch=26 lr=1.42e-04 G=2.417 advA2B=0.466 advB2A=0.719 cycA=0.095 cycB=0.121 idtA=0.179 idtB=0.124 D_A=0.092 D_B=0.179 D_A(real)=0.89 D_A(fake)=0.11 gnG=12.95 gnD=8.70 it_per_s=8.18
2026-10-04 09:14:39,865 INFO iter=181400 epoch=26 lr=1.42e-04 G=2.417 advA2B=0.466 advB2A=0.719 cycA=0.095 cycB=0.121 idtA=0.179 idtB=0.124 D_A=0.092 D_B=0.179 D_A(real)=0.89 D_A(fake)=0.11 gnG=12.95 gnD=8.72 it_per_s=8.19
2026-10-04 09:14:51,223 INFO iter=181500 epoch=26 lr=1.42e-04 G=2.417 advA2B=0.466 advB2A=0.719 cycA=0.095 cycB=0.121 idtA=0.179 idtB=0.124 D_A=0.092 D_B=0.179 D_A(real)=0.89 D_A(fake)=0.11 gnG=12.94 gnD=8.73 it_per_s=8.20
2026-10-04 09:15:02,558 INFO iter=181600 epoch=26 lr=1.42e-04 G=2.417 advA2B=0.466 advB2A=0.719 cycA=0.095 cycB=0.121 idtA=0.179 idtB=0.124 D_A=0.092 D_B=0.179 D_A(real)=0.89 D_A(fake)=0.11 gnG=12.95 gnD=8.74 it_per_s=8.21
2026-10-04 09:15:13,868 INFO iter=181700 epoch=26 lr=1.42e-04 G=2.416 advA2B=0.466 advB2A=0.719 cycA=0.095 cycB=0.121 idtA=0.179 idtB=0.124 D_A=0.092 D_B=0.179 D_A(real)=0.89 D_A(fake)=0.11 gnG=12.95 gnD=8.75 it_per_s=8.22
2026-10-04 09:15:25,191 INFO iter=181800 epoch=26 lr=1.42e-04 G=2.415 advA2B=0.465 advB2A=0.719 cycA=0.095 cycB=0.121 idtA=0.179 idtB=0.124 D_A=0.092 D_B=0.179 D_A(real)=0.89 D_A(fake)=0.11 gnG=12.93 gnD=8.75 it_per_s=8.23
2026-10-04 09:15:36,494 INFO iter=181900 epoch=26 lr=1.42e-04 G=2.415 advA2B=0.466 advB2A=0.719 cycA=0.095 cycB=0.121 idtA=0.179 idtB=0.124 D_A=0.092 D_B=0.179 D_A(real)=0.89 D_A(fake)=0.11 gnG=12.91 gnD=8.75 it_per_s=8.24
2026-10-04 09:15:47,805 INFO iter=182000 epoch=26 lr=1.41e-04 G=2.413 advA2B=0.466 advB2A=0.718 cycA=0.095 cycB=0.121 idtA=0.179 idtB=0.124 D_A=0.092 D_B=0.179 D_A(real)=0.89 D_A(fake)=0.11 gnG=12.92 gnD=8.74 it_per_s=8.25
2026-10-04 09:15:59,199 INFO iter=182100 epoch=26 lr=1.41e-04 G=2.414 advA2B=0.466 advB2A=0.719 cycA=0.095 cycB=0.121 idtA=0.179 idtB=0.124 D_A=0.092 D_B=0.179 D_A(real)=0.89 D_A(fake)=0.11 gnG=12.91 gnD=8.74 it_per_s=8.26
2026-10-04 09:16:10,563 INFO iter=182200 epoch=26 lr=1.41e-04 G=2.415 advA2B=0.466 advB2A=0.720 cycA=0.095 cycB=0.121 idtA=0.179 idtB=0.124 D_A=0.092 D_B=0.179 D_A(real)=0.89 D_A(fake)=0.11 gnG=12.91 gnD=8.74 it_per_s=8.27
2026-10-04 09:16:21,868 INFO iter=182300 epoch=26 lr=1.41e-04 G=2.416 advA2B=0.467 advB2A=0.719 cycA=0.095 cycB=0.121 idtA=0.179 idtB=0.124 D_A=0.092 D_B=0.179 D_A(real)=0.89 D_A(fake)=0.11 gnG=12.93 gnD=8.74 it_per_s=8.28
2026-10-04 09:16:33,477 INFO iter=182400 epoch=26 lr=1.41e-04 G=2.415 advA2B=0.467 advB2A=0.720 cycA=0.095 cycB=0.121 idtA=0.178 idtB=0.124 D_A=0.092 D_B=0.179 D_A(real)=0.89 D_A(fake)=0.11 gnG=12.95 gnD=8.75 it_per_s=8.28
2026-10-04 09:16:44,788 INFO iter=182500 epoch=26 lr=1.41e-04 G=2.416 advA2B=0.467 advB2A=0.719 cycA=0.095 cycB=0.121 idtA=0.178 idtB=0.124 D_A=0.092 D_B=0.179 D_A(real)=0.89 D_A(fake)=0.11 gnG=12.93 gnD=8.76 it_per_s=8.29
2026-10-04 09:16:56,103 INFO iter=182600 epoch=26 lr=1.41e-04 G=2.416 advA2B=0.466 advB2A=0.719 cycA=0.095 cycB=0.121 idtA=0.179 idtB=0.124 D_A=0.092 D_B=0.179 D_A(real)=0.89 D_A(fake)=0.11 gnG=12.92 gnD=8.77 it_per_s=8.30
2026-10-04 09:17:07,482 INFO iter=182700 epoch=26 lr=1.40e-04 G=2.416 advA2B=0.467 advB2A=0.719 cycA=0.095 cycB=0.121 idtA=0.178 idtB=0.124 D_A=0.092 D_B=0.178 D_A(real)=0.89 D_A(fake)=0.11 gnG=12.92 gnD=8.77 it_per_s=8.30
2026-10-04 09:17:18,822 INFO iter=182800 epoch=26 lr=1.40e-04 G=2.416 advA2B=0.467 advB2A=0.719 cycA=0.095 cycB=0.121 idtA=0.178 idtB=0.124 D_A=0.092 D_B=0.178 D_A(real)=0.89 D_A(fake)=0.11 gnG=12.91 gnD=8.78 it_per_s=8.31
2026-10-04 09:17:30,070 INFO iter=182900 epoch=26 lr=1.40e-04 G=2.417 advA2B=0.468 advB2A=0.719 cycA=0.095 cycB=0.121 idtA=0.178 idtB=0.124 D_A=0.092 D_B=0.178 D_A(real)=0.89 D_A(fake)=0.11 gnG=12.89 gnD=8.79 it_per_s=8.32
2026-10-04 09:17:39,993 INFO epoch=26 done time_s=845 it_per_s=8.33 G=2.418 cycA=0.095 cycB=0.121 idtA=0.178 idtB=0.124 D_A=0.092 D_B=0.178 D_A(real)=0.89 D_A(fake)=0.11 nan_count=0
2026-10-04 09:17:42,089 INFO iter=183000 epoch=27 lr=1.40e-04 G=2.384 advA2B=0.482 advB2A=0.658 cycA=0.101 cycB=0.116 idtA=0.189 idtB=0.126 D_A=0.107 D_B=0.151 D_A(real)=0.87 D_A(fake)=0.14 gnG=12.33 gnD=8.81 it_per_s=8.62
2026-10-04 09:17:53,440 INFO iter=183100 epoch=27 lr=1.40e-04 G=2.394 advA2B=0.455 advB2A=0.701 cycA=0.094 cycB=0.124 idtA=0.173 idtB=0.125 D_A=0.092 D_B=0.174 D_A(real)=0.87 D_A(fake)=0.13 gnG=12.47 gnD=9.09 it_per_s=8.79
2026-10-04 09:18:04,853 INFO iter=183200 epoch=27 lr=1.40e-04 G=2.372 advA2B=0.447 advB2A=0.702 cycA=0.093 cycB=0.122 idtA=0.173 idtB=0.125 D_A=0.094 D_B=0.174 D_A(real)=0.88 D_A(fake)=0.12 gnG=11.89 gnD=8.81 it_per_s=8.78
2026-10-04 09:18:16,207 INFO iter=183300 epoch=27 lr=1.40e-04 G=2.394 advA2B=0.460 advB2A=0.719 cycA=0.093 cycB=0.120 idtA=0.175 idtB=0.123 D_A=0.090 D_B=0.177 D_A(real)=0.88 D_A(fake)=0.12 gnG=12.13 gnD=8.60 it_per_s=8.79
2026-10-04 09:18:27,579 INFO iter=183400 epoch=27 lr=1.39e-04 G=2.410 advA2B=0.462 advB2A=0.732 cycA=0.094 cycB=0.120 idtA=0.175 idtB=0.123 D_A=0.092 D_B=0.176 D_A(real)=0.88 D_A(fake)=0.12 gnG=12.48 gnD=8.62 it_per_s=8.79
2026-10-04 09:18:38,923 INFO iter=183500 epoch=27 lr=1.39e-04 G=2.407 advA2B=0.453 advB2A=0.730 cycA=0.094 cycB=0.121 idtA=0.178 idtB=0.125 D_A=0.091 D_B=0.173 D_A(real)=0.88 D_A(fake)=0.12 gnG=12.59 gnD=8.76 it_per_s=8.79
2026-10-04 09:18:50,262 INFO iter=183600 epoch=27 lr=1.39e-04 G=2.419 advA2B=0.455 advB2A=0.732 cycA=0.093 cycB=0.123 idtA=0.178 idtB=0.126 D_A=0.090 D_B=0.174 D_A(real)=0.88 D_A(fake)=0.12 gnG=12.86 gnD=8.79 it_per_s=8.80
2026-10-04 09:19:01,630 INFO iter=183700 epoch=27 lr=1.39e-04 G=2.433 advA2B=0.461 advB2A=0.737 cycA=0.094 cycB=0.123 idtA=0.179 idtB=0.125 D_A=0.090 D_B=0.175 D_A(real)=0.88 D_A(fake)=0.12 gnG=12.79 gnD=8.84 it_per_s=8.80
2026-10-04 09:19:13,013 INFO iter=183800 epoch=27 lr=1.39e-04 G=2.433 advA2B=0.466 advB2A=0.735 cycA=0.094 cycB=0.122 idtA=0.180 idtB=0.124 D_A=0.089 D_B=0.175 D_A(real)=0.89 D_A(fake)=0.11 gnG=12.69 gnD=8.72 it_per_s=8.80
2026-10-04 09:19:24,284 INFO iter=183900 epoch=27 lr=1.39e-04 G=2.434 advA2B=0.468 advB2A=0.735 cycA=0.094 cycB=0.122 idtA=0.181 idtB=0.124 D_A=0.090 D_B=0.175 D_A(real)=0.89 D_A(fake)=0.11 gnG=12.69 gnD=8.77 it_per_s=8.80
2026-10-04 09:19:35,745 INFO iter=184000 epoch=27 lr=1.39e-04 G=2.428 advA2B=0.466 advB2A=0.734 cycA=0.094 cycB=0.122 idtA=0.180 idtB=0.123 D_A=0.089 D_B=0.175 D_A(real)=0.89 D_A(fake)=0.11 gnG=12.63 gnD=8.72 it_per_s=8.80
2026-10-04 09:19:47,062 INFO iter=184100 epoch=27 lr=1.38e-04 G=2.422 advA2B=0.465 advB2A=0.732 cycA=0.093 cycB=0.121 idtA=0.180 idtB=0.123 D_A=0.090 D_B=0.174 D_A(real)=0.89 D_A(fake)=0.11 gnG=12.63 gnD=8.72 it_per_s=8.80
2026-10-04 09:19:58,403 INFO iter=184200 epoch=27 lr=1.38e-04 G=2.418 advA2B=0.467 advB2A=0.732 cycA=0.093 cycB=0.120 idtA=0.180 idtB=0.122 D_A=0.090 D_B=0.174 D_A(real)=0.89 D_A(fake)=0.11 gnG=12.53 gnD=8.79 it_per_s=8.80
2026-10-04 09:20:09,762 INFO iter=184300 epoch=27 lr=1.38e-04 G=2.413 advA2B=0.465 advB2A=0.730 cycA=0.093 cycB=0.120 idtA=0.179 idtB=0.122 D_A=0.090 D_B=0.174 D_A(real)=0.89 D_A(fake)=0.11 gnG=12.60 gnD=8.79 it_per_s=8.80
2026-10-04 09:20:21,111 INFO iter=184400 epoch=27 lr=1.38e-04 G=2.412 advA2B=0.465 advB2A=0.729 cycA=0.093 cycB=0.120 idtA=0.180 idtB=0.122 D_A=0.090 D_B=0.175 D_A(real)=0.89 D_A(fake)=0.11 gnG=12.55 gnD=8.77 it_per_s=8.80
2026-10-04 09:20:32,468 INFO iter=184500 epoch=27 lr=1.38e-04 G=2.421 advA2B=0.467 advB2A=0.731 cycA=0.093 cycB=0.121 idtA=0.180 idtB=0.122 D_A=0.090 D_B=0.174 D_A(real)=0.89 D_A(fake)=0.11 gnG=12.60 gnD=8.73 it_per_s=8.80
2026-10-04 09:20:43,785 INFO iter=184600 epoch=27 lr=1.38e-04 G=2.418 advA2B=0.470 advB2A=0.728 cycA=0.094 cycB=0.120 idtA=0.179 idtB=0.122 D_A=0.091 D_B=0.174 D_A(real)=0.89 D_A(fake)=0.11 gnG=12.62 gnD=8.72 it_per_s=8.80
2026-10-04 09:20:55,086 INFO iter=184700 epoch=27 lr=1.38e-04 G=2.422 advA2B=0.474 advB2A=0.728 cycA=0.094 cycB=0.120 idtA=0.179 idtB=0.122 D_A=0.091 D_B=0.173 D_A(real)=0.89 D_A(fake)=0.11 gnG=12.70 gnD=8.72 it_per_s=8.81
2026-10-04 09:21:06,425 INFO iter=184800 epoch=27 lr=1.37e-04 G=2.427 advA2B=0.475 advB2A=0.729 cycA=0.094 cycB=0.120 idtA=0.179 idtB=0.123 D_A=0.090 D_B=0.173 D_A(real)=0.89 D_A(fake)=0.11 gnG=12.78 gnD=8.74 it_per_s=8.81
2026-10-04 09:21:17,868 INFO iter=184900 epoch=27 lr=1.37e-04 G=2.429 advA2B=0.475 advB2A=0.729 cycA=0.094 cycB=0.121 idtA=0.179 idtB=0.123 D_A=0.090 D_B=0.173 D_A(real)=0.89 D_A(fake)=0.11 gnG=12.78 gnD=8.77 it_per_s=8.80
2026-10-04 09:21:29,276 INFO iter=185000 epoch=27 lr=1.37e-04 G=2.430 advA2B=0.476 advB2A=0.730 cycA=0.094 cycB=0.121 idtA=0.179 idtB=0.123 D_A=0.090 D_B=0.174 D_A(real)=0.89 D_A(fake)=0.11 gnG=12.76 gnD=8.83 it_per_s=8.80
2026-10-04 09:21:40,567 INFO iter=185100 epoch=27 lr=1.37e-04 G=2.435 advA2B=0.478 advB2A=0.731 cycA=0.094 cycB=0.121 idtA=0.179 idtB=0.123 D_A=0.090 D_B=0.173 D_A(real)=0.89 D_A(fake)=0.11 gnG=12.80 gnD=8.83 it_per_s=8.80
2026-10-04 09:21:51,930 INFO iter=185200 epoch=27 lr=1.37e-04 G=2.433 advA2B=0.477 advB2A=0.731 cycA=0.094 cycB=0.121 idtA=0.179 idtB=0.123 D_A=0.091 D_B=0.174 D_A(real)=0.89 D_A(fake)=0.11 gnG=12.81 gnD=8.85 it_per_s=8.80
2026-10-04 09:22:03,236 INFO iter=185300 epoch=27 lr=1.37e-04 G=2.433 advA2B=0.477 advB2A=0.729 cycA=0.094 cycB=0.121 idtA=0.179 idtB=0.123 D_A=0.091 D_B=0.174 D_A(real)=0.89 D_A(fake)=0.11 gnG=12.82 gnD=8.85 it_per_s=8.81
2026-10-04 09:22:14,502 INFO iter=185400 epoch=27 lr=1.37e-04 G=2.432 advA2B=0.477 advB2A=0.730 cycA=0.094 cycB=0.121 idtA=0.178 idtB=0.123 D_A=0.091 D_B=0.174 D_A(real)=0.89 D_A(fake)=0.11 gnG=12.84 gnD=8.88 it_per_s=8.81
2026-10-04 09:22:25,774 INFO iter=185500 epoch=27 lr=1.36e-04 G=2.432 advA2B=0.476 advB2A=0.731 cycA=0.094 cycB=0.121 idtA=0.178 idtB=0.123 D_A=0.091 D_B=0.174 D_A(real)=0.89 D_A(fake)=0.11 gnG=12.89 gnD=8.90 it_per_s=8.81
2026-10-04 09:22:37,141 INFO iter=185600 epoch=27 lr=1.36e-04 G=2.434 advA2B=0.477 advB2A=0.732 cycA=0.094 cycB=0.121 idtA=0.178 idtB=0.123 D_A=0.091 D_B=0.174 D_A(real)=0.89 D_A(fake)=0.11 gnG=12.94 gnD=8.91 it_per_s=8.81
2026-10-04 09:22:48,469 INFO iter=185700 epoch=27 lr=1.36e-04 G=2.431 advA2B=0.476 advB2A=0.731 cycA=0.094 cycB=0.121 idtA=0.178 idtB=0.123 D_A=0.091 D_B=0.174 D_A(real)=0.89 D_A(fake)=0.11 gnG=12.97 gnD=8.92 it_per_s=8.81
2026-10-04 09:23:00,066 INFO iter=185800 epoch=27 lr=1.36e-04 G=2.429 advA2B=0.476 advB2A=0.730 cycA=0.094 cycB=0.121 idtA=0.178 idtB=0.123 D_A=0.091 D_B=0.174 D_A(real)=0.89 D_A(fake)=0.11 gnG=12.95 gnD=8.90 it_per_s=8.80
2026-10-04 09:23:11,363 INFO iter=185900 epoch=27 lr=1.36e-04 G=2.428 advA2B=0.476 advB2A=0.729 cycA=0.094 cycB=0.121 idtA=0.177 idtB=0.123 D_A=0.091 D_B=0.174 D_A(real)=0.89 D_A(fake)=0.11 gnG=12.97 gnD=8.91 it_per_s=8.81
2026-10-04 09:23:22,687 INFO iter=186000 epoch=27 lr=1.36e-04 G=2.429 advA2B=0.476 advB2A=0.730 cycA=0.094 cycB=0.121 idtA=0.177 idtB=0.123 D_A=0.091 D_B=0.174 D_A(real)=0.89 D_A(fake)=0.11 gnG=12.98 gnD=8.91 it_per_s=8.81
2026-10-04 09:23:33,996 INFO iter=186100 epoch=27 lr=1.36e-04 G=2.429 advA2B=0.475 advB2A=0.731 cycA=0.094 cycB=0.121 idtA=0.178 idtB=0.123 D_A=0.091 D_B=0.174 D_A(real)=0.89 D_A(fake)=0.11 gnG=13.01 gnD=8.90 it_per_s=8.81
2026-10-04 09:23:45,300 INFO iter=186200 epoch=27 lr=1.35e-04 G=2.428 advA2B=0.475 advB2A=0.730 cycA=0.094 cycB=0.121 idtA=0.177 idtB=0.123 D_A=0.091 D_B=0.174 D_A(real)=0.89 D_A(fake)=0.11 gnG=12.98 gnD=8.90 it_per_s=8.81
2026-10-04 09:23:56,628 INFO iter=186300 epoch=27 lr=1.35e-04 G=2.430 advA2B=0.475 advB2A=0.731 cycA=0.094 cycB=0.121 idtA=0.177 idtB=0.123 D_A=0.091 D_B=0.174 D_A(real)=0.89 D_A(fake)=0.11 gnG=13.00 gnD=8.87 it_per_s=8.81
2026-10-04 09:24:07,945 INFO iter=186400 epoch=27 lr=1.35e-04 G=2.429 advA2B=0.476 advB2A=0.731 cycA=0.094 cycB=0.120 idtA=0.177 idtB=0.123 D_A=0.091 D_B=0.174 D_A(real)=0.89 D_A(fake)=0.11 gnG=13.01 gnD=8.85 it_per_s=8.81
2026-10-04 09:24:19,218 INFO iter=186500 epoch=27 lr=1.35e-04 G=2.428 advA2B=0.475 advB2A=0.731 cycA=0.094 cycB=0.121 idtA=0.177 idtB=0.123 D_A=0.091 D_B=0.174 D_A(real)=0.89 D_A(fake)=0.11 gnG=13.03 gnD=8.86 it_per_s=8.81
2026-10-04 09:24:30,499 INFO iter=186600 epoch=27 lr=1.35e-04 G=2.427 advA2B=0.475 advB2A=0.731 cycA=0.094 cycB=0.121 idtA=0.178 idtB=0.122 D_A=0.090 D_B=0.173 D_A(real)=0.89 D_A(fake)=0.11 gnG=13.01 gnD=8.86 it_per_s=8.81
2026-10-04 09:24:41,775 INFO iter=186700 epoch=27 lr=1.35e-04 G=2.427 advA2B=0.475 advB2A=0.731 cycA=0.094 cycB=0.120 idtA=0.178 idtB=0.122 D_A=0.090 D_B=0.174 D_A(real)=0.89 D_A(fake)=0.11 gnG=13.00 gnD=8.85 it_per_s=8.82
2026-10-04 09:24:53,104 INFO iter=186800 epoch=27 lr=1.35e-04 G=2.426 advA2B=0.475 advB2A=0.731 cycA=0.094 cycB=0.120 idtA=0.177 idtB=0.122 D_A=0.091 D_B=0.174 D_A(real)=0.89 D_A(fake)=0.11 gnG=13.00 gnD=8.86 it_per_s=8.82
2026-10-04 09:25:04,416 INFO iter=186900 epoch=27 lr=1.34e-04 G=2.427 advA2B=0.476 advB2A=0.731 cycA=0.094 cycB=0.120 idtA=0.178 idtB=0.122 D_A=0.090 D_B=0.174 D_A(real)=0.89 D_A(fake)=0.11 gnG=13.00 gnD=8.85 it_per_s=8.82
2026-10-04 09:25:15,720 INFO iter=187000 epoch=27 lr=1.34e-04 G=2.426 advA2B=0.476 advB2A=0.730 cycA=0.094 cycB=0.120 idtA=0.178 idtB=0.122 D_A=0.090 D_B=0.174 D_A(real)=0.89 D_A(fake)=0.11 gnG=13.01 gnD=8.85 it_per_s=8.82
2026-10-04 09:25:27,027 INFO iter=187100 epoch=27 lr=1.34e-04 G=2.426 advA2B=0.476 advB2A=0.731 cycA=0.094 cycB=0.120 idtA=0.178 idtB=0.122 D_A=0.091 D_B=0.174 D_A(real)=0.89 D_A(fake)=0.11 gnG=13.05 gnD=8.85 it_per_s=8.82
2026-10-04 09:25:38,315 INFO iter=187200 epoch=27 lr=1.34e-04 G=2.427 advA2B=0.476 advB2A=0.731 cycA=0.094 cycB=0.120 idtA=0.178 idtB=0.122 D_A=0.090 D_B=0.174 D_A(real)=0.89 D_A(fake)=0.11 gnG=13.05 gnD=8.86 it_per_s=8.82
2026-10-04 09:25:49,647 INFO iter=187300 epoch=27 lr=1.34e-04 G=2.426 advA2B=0.476 advB2A=0.731 cycA=0.094 cycB=0.120 idtA=0.178 idtB=0.122 D_A=0.090 D_B=0.174 D_A(real)=0.89 D_A(fake)=0.11 gnG=13.06 gnD=8.87 it_per_s=8.82
2026-10-04 09:26:00,887 INFO iter=187400 epoch=27 lr=1.34e-04 G=2.425 advA2B=0.476 advB2A=0.731 cycA=0.094 cycB=0.120 idtA=0.178 idtB=0.122 D_A=0.090 D_B=0.174 D_A(real)=0.89 D_A(fake)=0.11 gnG=13.04 gnD=8.88 it_per_s=8.82
2026-10-04 09:26:12,201 INFO iter=187500 epoch=27 lr=1.34e-04 G=2.424 advA2B=0.476 advB2A=0.730 cycA=0.094 cycB=0.120 idtA=0.178 idtB=0.122 D_A=0.090 D_B=0.174 D_A(real)=0.89 D_A(fake)=0.11 gnG=13.03 gnD=8.88 it_per_s=8.82
2026-10-04 09:26:23,483 INFO iter=187600 epoch=27 lr=1.33e-04 G=2.426 advA2B=0.476 advB2A=0.731 cycA=0.094 cycB=0.120 idtA=0.178 idtB=0.122 D_A=0.090 D_B=0.174 D_A(real)=0.89 D_A(fake)=0.11 gnG=13.00 gnD=8.88 it_per_s=8.82
2026-10-04 09:26:34,854 INFO iter=187700 epoch=27 lr=1.33e-04 G=2.425 advA2B=0.476 advB2A=0.730 cycA=0.094 cycB=0.120 idtA=0.178 idtB=0.122 D_A=0.090 D_B=0.174 D_A(real)=0.89 D_A(fake)=0.11 gnG=13.02 gnD=8.88 it_per_s=8.82
2026-10-04 09:26:46,218 INFO iter=187800 epoch=27 lr=1.33e-04 G=2.425 advA2B=0.477 advB2A=0.730 cycA=0.094 cycB=0.120 idtA=0.178 idtB=0.122 D_A=0.090 D_B=0.174 D_A(real)=0.89 D_A(fake)=0.11 gnG=13.03 gnD=8.88 it_per_s=8.82
2026-10-04 09:26:57,561 INFO iter=187900 epoch=27 lr=1.33e-04 G=2.425 advA2B=0.478 advB2A=0.730 cycA=0.094 cycB=0.120 idtA=0.178 idtB=0.122 D_A=0.090 D_B=0.174 D_A(real)=0.89 D_A(fake)=0.11 gnG=13.05 gnD=8.87 it_per_s=8.82
2026-10-04 09:27:08,855 INFO iter=188000 epoch=27 lr=1.33e-04 G=2.426 advA2B=0.478 advB2A=0.731 cycA=0.094 cycB=0.120 idtA=0.178 idtB=0.122 D_A=0.090 D_B=0.173 D_A(real)=0.89 D_A(fake)=0.11 gnG=13.05 gnD=8.86 it_per_s=8.82
2026-10-04 09:27:20,150 INFO iter=188100 epoch=27 lr=1.33e-04 G=2.427 advA2B=0.479 advB2A=0.731 cycA=0.094 cycB=0.120 idtA=0.178 idtB=0.122 D_A=0.090 D_B=0.173 D_A(real)=0.89 D_A(fake)=0.11 gnG=13.05 gnD=8.85 it_per_s=8.82
2026-10-04 09:27:31,461 INFO iter=188200 epoch=27 lr=1.33e-04 G=2.427 advA2B=0.479 advB2A=0.731 cycA=0.094 cycB=0.120 idtA=0.178 idtB=0.122 D_A=0.090 D_B=0.173 D_A(real)=0.89 D_A(fake)=0.11 gnG=13.11 gnD=8.87 it_per_s=8.82
2026-10-04 09:27:42,855 INFO iter=188300 epoch=27 lr=1.32e-04 G=2.427 advA2B=0.478 advB2A=0.731 cycA=0.094 cycB=0.120 idtA=0.178 idtB=0.122 D_A=0.090 D_B=0.173 D_A(real)=0.89 D_A(fake)=0.11 gnG=13.11 gnD=8.87 it_per_s=8.82
2026-10-04 09:27:54,175 INFO iter=188400 epoch=27 lr=1.32e-04 G=2.427 advA2B=0.478 advB2A=0.731 cycA=0.094 cycB=0.120 idtA=0.178 idtB=0.122 D_A=0.090 D_B=0.173 D_A(real)=0.89 D_A(fake)=0.11 gnG=13.13 gnD=8.89 it_per_s=8.82
2026-10-04 09:28:05,517 INFO iter=188500 epoch=27 lr=1.32e-04 G=2.426 advA2B=0.478 advB2A=0.730 cycA=0.094 cycB=0.120 idtA=0.178 idtB=0.122 D_A=0.090 D_B=0.173 D_A(real)=0.89 D_A(fake)=0.11 gnG=13.15 gnD=8.91 it_per_s=8.82
2026-10-04 09:28:16,809 INFO iter=188600 epoch=27 lr=1.32e-04 G=2.425 advA2B=0.478 advB2A=0.730 cycA=0.094 cycB=0.120 idtA=0.178 idtB=0.122 D_A=0.090 D_B=0.173 D_A(real)=0.89 D_A(fake)=0.11 gnG=13.14 gnD=8.90 it_per_s=8.82
2026-10-04 09:28:28,113 INFO iter=188700 epoch=27 lr=1.32e-04 G=2.427 advA2B=0.479 advB2A=0.730 cycA=0.094 cycB=0.120 idtA=0.178 idtB=0.122 D_A=0.090 D_B=0.173 D_A(real)=0.89 D_A(fake)=0.11 gnG=13.15 gnD=8.91 it_per_s=8.82
2026-10-04 09:28:39,400 INFO iter=188800 epoch=27 lr=1.32e-04 G=2.426 advA2B=0.478 advB2A=0.730 cycA=0.094 cycB=0.120 idtA=0.178 idtB=0.122 D_A=0.090 D_B=0.173 D_A(real)=0.89 D_A(fake)=0.11 gnG=13.17 gnD=8.92 it_per_s=8.82
2026-10-04 09:28:50,721 INFO iter=188900 epoch=27 lr=1.32e-04 G=2.426 advA2B=0.478 advB2A=0.731 cycA=0.094 cycB=0.120 idtA=0.178 idtB=0.122 D_A=0.090 D_B=0.173 D_A(real)=0.89 D_A(fake)=0.11 gnG=13.16 gnD=8.93 it_per_s=8.82
2026-10-04 09:29:02,075 INFO iter=189000 epoch=27 lr=1.31e-04 G=2.426 advA2B=0.478 advB2A=0.731 cycA=0.094 cycB=0.120 idtA=0.178 idtB=0.122 D_A=0.090 D_B=0.173 D_A(real)=0.89 D_A(fake)=0.11 gnG=13.14 gnD=8.93 it_per_s=8.82
2026-10-04 09:29:13,379 INFO iter=189100 epoch=27 lr=1.31e-04 G=2.427 advA2B=0.477 advB2A=0.731 cycA=0.094 cycB=0.120 idtA=0.178 idtB=0.122 D_A=0.089 D_B=0.173 D_A(real)=0.89 D_A(fake)=0.11 gnG=13.13 gnD=8.93 it_per_s=8.82
2026-10-04 09:29:24,710 INFO iter=189200 epoch=27 lr=1.31e-04 G=2.426 advA2B=0.478 advB2A=0.731 cycA=0.094 cycB=0.120 idtA=0.178 idtB=0.122 D_A=0.089 D_B=0.173 D_A(real)=0.89 D_A(fake)=0.11 gnG=13.12 gnD=8.94 it_per_s=8.82
2026-10-04 09:29:36,058 INFO iter=189300 epoch=27 lr=1.31e-04 G=2.425 advA2B=0.478 advB2A=0.731 cycA=0.094 cycB=0.120 idtA=0.178 idtB=0.122 D_A=0.089 D_B=0.173 D_A(real)=0.89 D_A(fake)=0.11 gnG=13.14 gnD=8.94 it_per_s=8.82
2026-10-04 09:29:47,290 INFO iter=189400 epoch=27 lr=1.31e-04 G=2.426 advA2B=0.478 advB2A=0.731 cycA=0.094 cycB=0.120 idtA=0.178 idtB=0.122 D_A=0.089 D_B=0.173 D_A(real)=0.89 D_A(fake)=0.11 gnG=13.15 gnD=8.94 it_per_s=8.82
2026-10-04 09:29:58,593 INFO iter=189500 epoch=27 lr=1.31e-04 G=2.427 advA2B=0.479 advB2A=0.731 cycA=0.094 cycB=0.120 idtA=0.178 idtB=0.122 D_A=0.089 D_B=0.173 D_A(real)=0.89 D_A(fake)=0.11 gnG=13.15 gnD=8.93 it_per_s=8.82
2026-10-04 09:30:09,905 INFO iter=189600 epoch=27 lr=1.31e-04 G=2.427 advA2B=0.479 advB2A=0.731 cycA=0.094 cycB=0.120 idtA=0.178 idtB=0.122 D_A=0.089 D_B=0.173 D_A(real)=0.89 D_A(fake)=0.11 gnG=13.15 gnD=8.93 it_per_s=8.83
2026-10-04 09:30:21,250 INFO iter=189700 epoch=27 lr=1.30e-04 G=2.427 advA2B=0.479 advB2A=0.731 cycA=0.094 cycB=0.120 idtA=0.178 idtB=0.122 D_A=0.089 D_B=0.173 D_A(real)=0.89 D_A(fake)=0.11 gnG=13.14 gnD=8.93 it_per_s=8.83
2026-10-04 09:30:32,559 INFO iter=189800 epoch=27 lr=1.30e-04 G=2.427 advA2B=0.480 advB2A=0.731 cycA=0.094 cycB=0.120 idtA=0.178 idtB=0.122 D_A=0.089 D_B=0.173 D_A(real)=0.89 D_A(fake)=0.11 gnG=13.14 gnD=8.94 it_per_s=8.83
2026-10-04 09:30:43,832 INFO iter=189900 epoch=27 lr=1.30e-04 G=2.427 advA2B=0.480 advB2A=0.730 cycA=0.094 cycB=0.120 idtA=0.178 idtB=0.122 D_A=0.089 D_B=0.173 D_A(real)=0.89 D_A(fake)=0.11 gnG=13.16 gnD=8.95 it_per_s=8.83
2026-10-04 09:30:55,137 INFO iter=190000 epoch=27 lr=1.30e-04 G=2.428 advA2B=0.479 advB2A=0.731 cycA=0.094 cycB=0.120 idtA=0.178 idtB=0.122 D_A=0.089 D_B=0.173 D_A(real)=0.89 D_A(fake)=0.11 gnG=13.16 gnD=8.94 it_per_s=8.83
2026-10-04 09:30:58,049 INFO epoch=27 done time_s=797 it_per_s=8.83 G=2.428 cycA=0.094 cycB=0.120 idtA=0.178 idtB=0.122 D_A=0.089 D_B=0.173 D_A(real)=0.89 D_A(fake)=0.11 nan_count=0
2026-10-04 09:31:07,125 INFO iter=190100 epoch=28 lr=1.30e-04 G=2.389 advA2B=0.467 advB2A=0.708 cycA=0.093 cycB=0.120 idtA=0.176 idtB=0.119 D_A=0.094 D_B=0.167 D_A(real)=0.88 D_A(fake)=0.12 gnG=12.77 gnD=8.57 it_per_s=8.81
2026-10-04 09:31:18,456 INFO iter=190200 epoch=28 lr=1.30e-04 G=2.403 advA2B=0.473 advB2A=0.728 cycA=0.093 cycB=0.118 idtA=0.174 idtB=0.117 D_A=0.085 D_B=0.166 D_A(real)=0.89 D_A(fake)=0.11 gnG=13.19 gnD=8.76 it_per_s=8.82
2026-10-04 09:31:29,773 INFO iter=190300 epoch=28 lr=1.30e-04 G=2.438 advA2B=0.490 advB2A=0.747 cycA=0.094 cycB=0.117 idtA=0.178 idtB=0.115 D_A=0.084 D_B=0.171 D_A(real)=0.90 D_A(fake)=0.10 gnG=13.20 gnD=9.06 it_per_s=8.82
2026-10-04 09:31:41,062 INFO iter=190400 epoch=28 lr=1.29e-04 G=2.449 advA2B=0.495 advB2A=0.742 cycA=0.094 cycB=0.118 idtA=0.182 idtB=0.116 D_A=0.082 D_B=0.168 D_A(real)=0.89 D_A(fake)=0.10 gnG=13.36 gnD=8.95 it_per_s=8.83
2026-10-04 09:31:52,405 INFO iter=190500 epoch=28 lr=1.29e-04 G=2.449 advA2B=0.494 advB2A=0.740 cycA=0.094 cycB=0.119 idtA=0.182 idtB=0.118 D_A=0.084 D_B=0.169 D_A(real)=0.89 D_A(fake)=0.11 gnG=13.25 gnD=8.89 it_per_s=8.83
2026-10-04 09:32:03,757 INFO iter=190600 epoch=28 lr=1.29e-04 G=2.440 advA2B=0.492 advB2A=0.739 cycA=0.094 cycB=0.118 idtA=0.181 idtB=0.118 D_A=0.085 D_B=0.168 D_A(real)=0.89 D_A(fake)=0.11 gnG=13.29 gnD=8.89 it_per_s=8.83
2026-10-04 09:32:15,080 INFO iter=190700 epoch=28 lr=1.29e-04 G=2.434 advA2B=0.489 advB2A=0.737 cycA=0.094 cycB=0.118 idtA=0.180 idtB=0.119 D_A=0.085 D_B=0.169 D_A(real)=0.89 D_A(fake)=0.11 gnG=13.34 gnD=8.86 it_per_s=8.83
2026-10-04 09:32:26,414 INFO iter=190800 epoch=28 lr=1.29e-04 G=2.439 advA2B=0.490 advB2A=0.735 cycA=0.094 cycB=0.119 idtA=0.180 idtB=0.120 D_A=0.086 D_B=0.169 D_A(real)=0.89 D_A(fake)=0.11 gnG=13.38 gnD=8.81 it_per_s=8.83
2026-10-04 09:32:37,846 INFO iter=190900 epoch=28 lr=1.29e-04 G=2.438 advA2B=0.490 advB2A=0.732 cycA=0.094 cycB=0.119 idtA=0.181 idtB=0.120 D_A=0.086 D_B=0.170 D_A(real)=0.89 D_A(fake)=0.11 gnG=13.37 gnD=8.77 it_per_s=8.82
2026-10-04 09:32:49,295 INFO iter=191000 epoch=28 lr=1.29e-04 G=2.428 advA2B=0.484 advB2A=0.734 cycA=0.094 cycB=0.118 idtA=0.180 idtB=0.119 D_A=0.087 D_B=0.170 D_A(real)=0.89 D_A(fake)=0.11 gnG=13.20 gnD=8.71 it_per_s=8.81
2026-10-04 09:33:00,791 INFO iter=191100 epoch=28 lr=1.28e-04 G=2.424 advA2B=0.482 advB2A=0.733 cycA=0.094 cycB=0.118 idtA=0.179 idtB=0.119 D_A=0.087 D_B=0.170 D_A(real)=0.89 D_A(fake)=0.11 gnG=13.22 gnD=8.75 it_per_s=8.80
2026-10-04 09:33:12,100 INFO iter=191200 epoch=28 lr=1.28e-04 G=2.418 advA2B=0.480 advB2A=0.731 cycA=0.093 cycB=0.118 idtA=0.179 idtB=0.120 D_A=0.088 D_B=0.171 D_A(real)=0.89 D_A(fake)=0.11 gnG=13.25 gnD=8.78 it_per_s=8.80
2026-10-04 09:33:23,579 INFO iter=191300 epoch=28 lr=1.28e-04 G=2.418 advA2B=0.481 advB2A=0.731 cycA=0.093 cycB=0.118 idtA=0.178 idtB=0.120 D_A=0.087 D_B=0.170 D_A(real)=0.89 D_A(fake)=0.11 gnG=13.19 gnD=8.77 it_per_s=8.79
2026-10-04 09:33:35,124 INFO iter=191400 epoch=28 lr=1.28e-04 G=2.417 advA2B=0.481 advB2A=0.733 cycA=0.093 cycB=0.118 idtA=0.178 idtB=0.119 D_A=0.087 D_B=0.170 D_A(real)=0.89 D_A(fake)=0.11 gnG=13.08 gnD=8.74 it_per_s=8.79
2026-10-04 09:33:46,648 INFO iter=191500 epoch=28 lr=1.28e-04 G=2.419 advA2B=0.483 advB2A=0.735 cycA=0.093 cycB=0.118 idtA=0.178 idtB=0.119 D_A=0.086 D_B=0.169 D_A(real)=0.89 D_A(fake)=0.11 gnG=13.16 gnD=8.75 it_per_s=8.78
2026-10-04 09:33:58,098 INFO iter=191600 epoch=28 lr=1.28e-04 G=2.424 advA2B=0.484 advB2A=0.738 cycA=0.093 cycB=0.118 idtA=0.177 idtB=0.119 D_A=0.086 D_B=0.170 D_A(real)=0.89 D_A(fake)=0.11 gnG=13.22 gnD=8.79 it_per_s=8.77
2026-10-04 09:34:09,647 INFO iter=191700 epoch=28 lr=1.28e-04 G=2.429 advA2B=0.485 advB2A=0.739 cycA=0.093 cycB=0.118 idtA=0.178 idtB=0.120 D_A=0.085 D_B=0.170 D_A(real)=0.89 D_A(fake)=0.11 gnG=13.25 gnD=8.80 it_per_s=8.77
2026-10-04 09:34:21,338 INFO iter=191800 epoch=28 lr=1.27e-04 G=2.432 advA2B=0.486 advB2A=0.740 cycA=0.093 cycB=0.119 idtA=0.178 idtB=0.120 D_A=0.085 D_B=0.170 D_A(real)=0.89 D_A(fake)=0.11 gnG=13.25 gnD=8.79 it_per_s=8.76
2026-10-04 09:34:32,910 INFO iter=191900 epoch=28 lr=1.27e-04 G=2.429 advA2B=0.484 advB2A=0.742 cycA=0.093 cycB=0.118 idtA=0.178 idtB=0.120 D_A=0.085 D_B=0.170 D_A(real)=0.89 D_A(fake)=0.11 gnG=13.28 gnD=8.78 it_per_s=8.75
2026-10-04 09:34:44,222 INFO iter=192000 epoch=28 lr=1.27e-04 G=2.429 advA2B=0.484 advB2A=0.742 cycA=0.093 cycB=0.118 idtA=0.178 idtB=0.120 D_A=0.085 D_B=0.170 D_A(real)=0.89 D_A(fake)=0.11 gnG=13.31 gnD=8.83 it_per_s=8.75
2026-10-04 09:34:55,446 INFO iter=192100 epoch=28 lr=1.27e-04 G=2.431 advA2B=0.485 advB2A=0.743 cycA=0.093 cycB=0.118 idtA=0.178 idtB=0.120 D_A=0.085 D_B=0.171 D_A(real)=0.89 D_A(fake)=0.11 gnG=13.29 gnD=8.85 it_per_s=8.76
2026-10-04 09:35:06,802 INFO iter=192200 epoch=28 lr=1.27e-04 G=2.433 advA2B=0.485 advB2A=0.744 cycA=0.093 cycB=0.118 idtA=0.178 idtB=0.119 D_A=0.085 D_B=0.171 D_A(real)=0.89 D_A(fake)=0.11 gnG=13.26 gnD=8.87 it_per_s=8.76
2026-10-04 09:35:18,071 INFO iter=192300 epoch=28 lr=1.27e-04 G=2.435 advA2B=0.486 advB2A=0.745 cycA=0.093 cycB=0.118 idtA=0.178 idtB=0.120 D_A=0.086 D_B=0.170 D_A(real)=0.89 D_A(fake)=0.11 gnG=13.27 gnD=8.88 it_per_s=8.77
2026-10-04 09:35:29,428 INFO iter=192400 epoch=28 lr=1.27e-04 G=2.439 advA2B=0.488 advB2A=0.745 cycA=0.093 cycB=0.118 idtA=0.178 idtB=0.120 D_A=0.085 D_B=0.170 D_A(real)=0.89 D_A(fake)=0.11 gnG=13.34 gnD=8.90 it_per_s=8.77
2026-10-04 09:35:40,768 INFO iter=192500 epoch=28 lr=1.26e-04 G=2.439 advA2B=0.488 advB2A=0.744 cycA=0.093 cycB=0.118 idtA=0.179 idtB=0.120 D_A=0.085 D_B=0.170 D_A(real)=0.89 D_A(fake)=0.11 gnG=13.31 gnD=8.89 it_per_s=8.77
2026-10-04 09:35:52,057 INFO iter=192600 epoch=28 lr=1.26e-04 G=2.438 advA2B=0.487 advB2A=0.743 cycA=0.093 cycB=0.118 idtA=0.179 idtB=0.120 D_A=0.085 D_B=0.170 D_A(real)=0.89 D_A(fake)=0.11 gnG=13.33 gnD=8.91 it_per_s=8.77
2026-10-04 09:36:03,374 INFO iter=192700 epoch=28 lr=1.26e-04 G=2.438 advA2B=0.486 advB2A=0.743 cycA=0.093 cycB=0.118 idtA=0.179 idtB=0.120 D_A=0.085 D_B=0.171 D_A(real)=0.89 D_A(fake)=0.11 gnG=13.32 gnD=8.92 it_per_s=8.78
2026-10-04 09:36:14,665 INFO iter=192800 epoch=28 lr=1.26e-04 G=2.436 advA2B=0.486 advB2A=0.743 cycA=0.093 cycB=0.118 idtA=0.179 idtB=0.120 D_A=0.085 D_B=0.171 D_A(real)=0.89 D_A(fake)=0.11 gnG=13.32 gnD=8.92 it_per_s=8.78
2026-10-04 09:36:25,970 INFO iter=192900 epoch=28 lr=1.26e-04 G=2.436 advA2B=0.485 advB2A=0.742 cycA=0.093 cycB=0.118 idtA=0.179 idtB=0.120 D_A=0.085 D_B=0.171 D_A(real)=0.89 D_A(fake)=0.11 gnG=13.29 gnD=8.92 it_per_s=8.78
2026-10-04 09:36:37,264 INFO iter=193000 epoch=28 lr=1.26e-04 G=2.437 advA2B=0.485 advB2A=0.742 cycA=0.094 cycB=0.119 idtA=0.179 idtB=0.120 D_A=0.086 D_B=0.171 D_A(real)=0.89 D_A(fake)=0.11 gnG=13.30 gnD=8.92 it_per_s=8.78
2026-10-04 09:36:48,614 INFO iter=193100 epoch=28 lr=1.26e-04 G=2.435 advA2B=0.484 advB2A=0.741 cycA=0.093 cycB=0.119 idtA=0.179 idtB=0.120 D_A=0.086 D_B=0.171 D_A(real)=0.89 D_A(fake)=0.11 gnG=13.31 gnD=8.93 it_per_s=8.79
2026-10-04 09:36:59,916 INFO iter=193200 epoch=28 lr=1.25e-04 G=2.435 advA2B=0.485 advB2A=0.742 cycA=0.093 cycB=0.119 idtA=0.178 idtB=0.120 D_A=0.086 D_B=0.171 D_A(real)=0.89 D_A(fake)=0.11 gnG=13.31 gnD=8.94 it_per_s=8.79
2026-10-04 09:37:11,238 INFO iter=193300 epoch=28 lr=1.25e-04 G=2.436 advA2B=0.485 advB2A=0.742 cycA=0.093 cycB=0.119 idtA=0.178 idtB=0.120 D_A=0.086 D_B=0.171 D_A(real)=0.89 D_A(fake)=0.11 gnG=13.31 gnD=8.93 it_per_s=8.79
2026-10-04 09:37:22,543 INFO iter=193400 epoch=28 lr=1.25e-04 G=2.433 advA2B=0.485 advB2A=0.741 cycA=0.093 cycB=0.119 idtA=0.178 idtB=0.120 D_A=0.086 D_B=0.171 D_A(real)=0.89 D_A(fake)=0.11 gnG=13.33 gnD=8.92 it_per_s=8.79
2026-10-04 09:37:33,885 INFO iter=193500 epoch=28 lr=1.25e-04 G=2.432 advA2B=0.485 advB2A=0.740 cycA=0.093 cycB=0.118 idtA=0.178 idtB=0.120 D_A=0.086 D_B=0.171 D_A(real)=0.89 D_A(fake)=0.11 gnG=13.32 gnD=8.91 it_per_s=8.79
2026-10-04 09:37:45,330 INFO iter=193600 epoch=28 lr=1.25e-04 G=2.431 advA2B=0.484 advB2A=0.739 cycA=0.093 cycB=0.118 idtA=0.177 idtB=0.120 D_A=0.086 D_B=0.171 D_A(real)=0.89 D_A(fake)=0.11 gnG=13.33 gnD=8.91 it_per_s=8.79
2026-10-04 09:37:56,651 INFO iter=193700 epoch=28 lr=1.25e-04 G=2.431 advA2B=0.485 advB2A=0.739 cycA=0.093 cycB=0.119 idtA=0.178 idtB=0.120 D_A=0.086 D_B=0.171 D_A(real)=0.89 D_A(fake)=0.11 gnG=13.37 gnD=8.90 it_per_s=8.79
2026-10-04 09:38:07,933 INFO iter=193800 epoch=28 lr=1.25e-04 G=2.431 advA2B=0.485 advB2A=0.738 cycA=0.093 cycB=0.119 idtA=0.178 idtB=0.120 D_A=0.086 D_B=0.171 D_A(real)=0.89 D_A(fake)=0.11 gnG=13.38 gnD=8.91 it_per_s=8.79
2026-10-04 09:38:19,298 INFO iter=193900 epoch=28 lr=1.24e-04 G=2.432 advA2B=0.485 advB2A=0.738 cycA=0.093 cycB=0.119 idtA=0.178 idtB=0.120 D_A=0.086 D_B=0.171 D_A(real)=0.89 D_A(fake)=0.11 gnG=13.38 gnD=8.91 it_per_s=8.79
2026-10-04 09:38:30,684 INFO iter=194000 epoch=28 lr=1.24e-04 G=2.431 advA2B=0.484 advB2A=0.738 cycA=0.093 cycB=0.119 idtA=0.178 idtB=0.120 D_A=0.086 D_B=0.171 D_A(real)=0.89 D_A(fake)=0.11 gnG=13.40 gnD=8.90 it_per_s=8.79
2026-10-04 09:38:41,897 INFO iter=194100 epoch=28 lr=1.24e-04 G=2.430 advA2B=0.485 advB2A=0.738 cycA=0.093 cycB=0.119 idtA=0.177 idtB=0.120 D_A=0.085 D_B=0.171 D_A(real)=0.89 D_A(fake)=0.11 gnG=13.41 gnD=8.89 it_per_s=8.80
2026-10-04 09:38:53,180 INFO iter=194200 epoch=28 lr=1.24e-04 G=2.429 advA2B=0.485 advB2A=0.738 cycA=0.093 cycB=0.118 idtA=0.178 idtB=0.120 D_A=0.085 D_B=0.171 D_A(real)=0.89 D_A(fake)=0.11 gnG=13.37 gnD=8.90 it_per_s=8.80
2026-10-04 09:39:04,500 INFO iter=194300 epoch=28 lr=1.24e-04 G=2.429 advA2B=0.485 advB2A=0.737 cycA=0.093 cycB=0.118 idtA=0.178 idtB=0.120 D_A=0.085 D_B=0.171 D_A(real)=0.89 D_A(fake)=0.11 gnG=13.39 gnD=8.89 it_per_s=8.80
2026-10-04 09:39:15,807 INFO iter=194400 epoch=28 lr=1.24e-04 G=2.428 advA2B=0.485 advB2A=0.736 cycA=0.093 cycB=0.118 idtA=0.178 idtB=0.120 D_A=0.085 D_B=0.171 D_A(real)=0.89 D_A(fake)=0.11 gnG=13.40 gnD=8.90 it_per_s=8.80
2026-10-04 09:39:27,116 INFO iter=194500 epoch=28 lr=1.24e-04 G=2.429 advA2B=0.485 advB2A=0.736 cycA=0.093 cycB=0.118 idtA=0.178 idtB=0.120 D_A=0.085 D_B=0.171 D_A(real)=0.89 D_A(fake)=0.11 gnG=13.39 gnD=8.89 it_per_s=8.80
2026-10-04 09:39:38,446 INFO iter=194600 epoch=28 lr=1.24e-04 G=2.429 advA2B=0.486 advB2A=0.737 cycA=0.093 cycB=0.118 idtA=0.178 idtB=0.120 D_A=0.086 D_B=0.171 D_A(real)=0.89 D_A(fake)=0.11 gnG=13.45 gnD=8.87 it_per_s=8.80
2026-10-04 09:39:49,875 INFO iter=194700 epoch=28 lr=1.23e-04 G=2.430 advA2B=0.486 advB2A=0.736 cycA=0.093 cycB=0.118 idtA=0.178 idtB=0.120 D_A=0.085 D_B=0.171 D_A(real)=0.89 D_A(fake)=0.11 gnG=13.42 gnD=8.87 it_per_s=8.80
2026-10-04 09:40:01,218 INFO iter=194800 epoch=28 lr=1.23e-04 G=2.430 advA2B=0.486 advB2A=0.736 cycA=0.093 cycB=0.119 idtA=0.178 idtB=0.120 D_A=0.085 D_B=0.171 D_A(real)=0.89 D_A(fake)=0.11 gnG=13.43 gnD=8.88 it_per_s=8.80
2026-10-04 09:40:12,503 INFO iter=194900 epoch=28 lr=1.23e-04 G=2.430 advA2B=0.486 advB2A=0.737 cycA=0.093 cycB=0.119 idtA=0.178 idtB=0.120 D_A=0.085 D_B=0.171 D_A(real)=0.89 D_A(fake)=0.11 gnG=13.46 gnD=8.89 it_per_s=8.80
2026-10-04 09:40:23,746 INFO iter=195000 epoch=28 lr=1.23e-04 G=2.430 advA2B=0.486 advB2A=0.737 cycA=0.093 cycB=0.118 idtA=0.178 idtB=0.120 D_A=0.085 D_B=0.171 D_A(real)=0.89 D_A(fake)=0.11 gnG=13.45 gnD=8.89 it_per_s=8.80
2026-10-04 09:40:35,049 INFO iter=195100 epoch=28 lr=1.23e-04 G=2.431 advA2B=0.486 advB2A=0.737 cycA=0.093 cycB=0.118 idtA=0.178 idtB=0.120 D_A=0.085 D_B=0.171 D_A(real)=0.89 D_A(fake)=0.11 gnG=13.45 gnD=8.89 it_per_s=8.80
2026-10-04 09:40:46,389 INFO iter=195200 epoch=28 lr=1.23e-04 G=2.432 advA2B=0.486 advB2A=0.738 cycA=0.093 cycB=0.119 idtA=0.178 idtB=0.120 D_A=0.085 D_B=0.170 D_A(real)=0.89 D_A(fake)=0.11 gnG=13.47 gnD=8.90 it_per_s=8.80
2026-10-04 09:40:57,665 INFO iter=195300 epoch=28 lr=1.23e-04 G=2.432 advA2B=0.486 advB2A=0.738 cycA=0.093 cycB=0.118 idtA=0.178 idtB=0.120 D_A=0.085 D_B=0.171 D_A(real)=0.89 D_A(fake)=0.11 gnG=13.45 gnD=8.89 it_per_s=8.81
2026-10-04 09:41:08,913 INFO iter=195400 epoch=28 lr=1.22e-04 G=2.431 advA2B=0.486 advB2A=0.738 cycA=0.093 cycB=0.119 idtA=0.178 idtB=0.120 D_A=0.085 D_B=0.171 D_A(real)=0.89 D_A(fake)=0.11 gnG=13.45 gnD=8.89 it_per_s=8.81
2026-10-04 09:41:20,230 INFO iter=195500 epoch=28 lr=1.22e-04 G=2.431 advA2B=0.486 advB2A=0.738 cycA=0.093 cycB=0.118 idtA=0.178 idtB=0.120 D_A=0.086 D_B=0.171 D_A(real)=0.89 D_A(fake)=0.11 gnG=13.45 gnD=8.88 it_per_s=8.81
2026-10-04 09:41:31,504 INFO iter=195600 epoch=28 lr=1.22e-04 G=2.432 advA2B=0.486 advB2A=0.738 cycA=0.093 cycB=0.118 idtA=0.178 idtB=0.120 D_A=0.085 D_B=0.171 D_A(real)=0.89 D_A(fake)=0.11 gnG=13.45 gnD=8.88 it_per_s=8.81
2026-10-04 09:41:42,881 INFO iter=195700 epoch=28 lr=1.22e-04 G=2.432 advA2B=0.486 advB2A=0.739 cycA=0.093 cycB=0.118 idtA=0.178 idtB=0.120 D_A=0.085 D_B=0.171 D_A(real)=0.89 D_A(fake)=0.11 gnG=13.46 gnD=8.88 it_per_s=8.81
2026-10-04 09:41:54,169 INFO iter=195800 epoch=28 lr=1.22e-04 G=2.431 advA2B=0.485 advB2A=0.739 cycA=0.093 cycB=0.118 idtA=0.178 idtB=0.120 D_A=0.085 D_B=0.171 D_A(real)=0.89 D_A(fake)=0.11 gnG=13.49 gnD=8.88 it_per_s=8.81
2026-10-04 09:42:05,509 INFO iter=195900 epoch=28 lr=1.22e-04 G=2.432 advA2B=0.486 advB2A=0.740 cycA=0.093 cycB=0.118 idtA=0.178 idtB=0.120 D_A=0.085 D_B=0.171 D_A(real)=0.89 D_A(fake)=0.11 gnG=13.50 gnD=8.87 it_per_s=8.81
2026-10-04 09:42:16,821 INFO iter=196000 epoch=28 lr=1.22e-04 G=2.431 advA2B=0.485 advB2A=0.739 cycA=0.093 cycB=0.118 idtA=0.178 idtB=0.120 D_A=0.085 D_B=0.171 D_A(real)=0.89 D_A(fake)=0.11 gnG=13.51 gnD=8.88 it_per_s=8.81
2026-10-04 09:42:28,190 INFO iter=196100 epoch=28 lr=1.21e-04 G=2.431 advA2B=0.485 advB2A=0.739 cycA=0.093 cycB=0.118 idtA=0.178 idtB=0.120 D_A=0.085 D_B=0.171 D_A(real)=0.89 D_A(fake)=0.11 gnG=13.51 gnD=8.87 it_per_s=8.81
2026-10-04 09:42:39,480 INFO iter=196200 epoch=28 lr=1.21e-04 G=2.430 advA2B=0.484 advB2A=0.740 cycA=0.093 cycB=0.118 idtA=0.178 idtB=0.120 D_A=0.085 D_B=0.171 D_A(real)=0.89 D_A(fake)=0.11 gnG=13.53 gnD=8.87 it_per_s=8.81
2026-10-04 09:42:50,811 INFO iter=196300 epoch=28 lr=1.21e-04 G=2.429 advA2B=0.485 advB2A=0.739 cycA=0.093 cycB=0.118 idtA=0.178 idtB=0.120 D_A=0.085 D_B=0.171 D_A(real)=0.89 D_A(fake)=0.11 gnG=13.52 gnD=8.87 it_per_s=8.81
2026-10-04 09:43:02,317 INFO iter=196400 epoch=28 lr=1.21e-04 G=2.430 advA2B=0.485 advB2A=0.739 cycA=0.093 cycB=0.118 idtA=0.178 idtB=0.120 D_A=0.085 D_B=0.171 D_A(real)=0.89 D_A(fake)=0.11 gnG=13.52 gnD=8.88 it_per_s=8.81
2026-10-04 09:43:13,627 INFO iter=196500 epoch=28 lr=1.21e-04 G=2.429 advA2B=0.485 advB2A=0.739 cycA=0.093 cycB=0.118 idtA=0.178 idtB=0.120 D_A=0.085 D_B=0.171 D_A(real)=0.89 D_A(fake)=0.11 gnG=13.54 gnD=8.88 it_per_s=8.81
2026-10-04 09:43:24,912 INFO iter=196600 epoch=28 lr=1.21e-04 G=2.429 advA2B=0.485 advB2A=0.739 cycA=0.093 cycB=0.118 idtA=0.178 idtB=0.120 D_A=0.085 D_B=0.171 D_A(real)=0.89 D_A(fake)=0.11 gnG=13.52 gnD=8.88 it_per_s=8.81
2026-10-04 09:43:36,171 INFO iter=196700 epoch=28 lr=1.21e-04 G=2.429 advA2B=0.485 advB2A=0.738 cycA=0.093 cycB=0.118 idtA=0.178 idtB=0.120 D_A=0.085 D_B=0.170 D_A(real)=0.89 D_A(fake)=0.11 gnG=13.53 gnD=8.87 it_per_s=8.81
2026-10-04 09:43:47,438 INFO iter=196800 epoch=28 lr=1.20e-04 G=2.429 advA2B=0.485 advB2A=0.738 cycA=0.093 cycB=0.118 idtA=0.178 idtB=0.120 D_A=0.085 D_B=0.170 D_A(real)=0.89 D_A(fake)=0.11 gnG=13.56 gnD=8.87 it_per_s=8.81
2026-10-04 09:43:58,740 INFO iter=196900 epoch=28 lr=1.20e-04 G=2.430 advA2B=0.485 advB2A=0.739 cycA=0.093 cycB=0.118 idtA=0.178 idtB=0.120 D_A=0.085 D_B=0.171 D_A(real)=0.89 D_A(fake)=0.11 gnG=13.56 gnD=8.88 it_per_s=8.81
2026-10-04 09:44:10,050 INFO iter=197000 epoch=28 lr=1.20e-04 G=2.431 advA2B=0.485 advB2A=0.739 cycA=0.093 cycB=0.118 idtA=0.178 idtB=0.120 D_A=0.085 D_B=0.170 D_A(real)=0.89 D_A(fake)=0.11 gnG=13.56 gnD=8.87 it_per_s=8.81
2026-10-04 09:44:17,277 INFO epoch=28 done time_s=799 it_per_s=8.81 G=2.431 cycA=0.093 cycB=0.118 idtA=0.178 idtB=0.120 D_A=0.085 D_B=0.170 D_A(real)=0.89 D_A(fake)=0.11 nan_count=0
2026-10-04 09:44:22,049 INFO iter=197100 epoch=29 lr=1.20e-04 G=2.449 advA2B=0.513 advB2A=0.732 cycA=0.093 cycB=0.120 idtA=0.166 idtB=0.118 D_A=0.086 D_B=0.165 D_A(real)=0.87 D_A(fake)=0.13 gnG=15.04 gnD=8.14 it_per_s=8.77
2026-10-04 09:44:33,347 INFO iter=197200 epoch=29 lr=1.20e-04 G=2.461 advA2B=0.482 advB2A=0.768 cycA=0.093 cycB=0.120 idtA=0.172 idtB=0.118 D_A=0.092 D_B=0.173 D_A(real)=0.87 D_A(fake)=0.13 gnG=16.11 gnD=8.67 it_per_s=8.83
2026-10-04 09:44:44,808 INFO iter=197300 epoch=29 lr=1.20e-04 G=2.460 advA2B=0.488 advB2A=0.753 cycA=0.094 cycB=0.121 idtA=0.170 idtB=0.122 D_A=0.087 D_B=0.169 D_A(real)=0.89 D_A(fake)=0.11 gnG=15.36 gnD=8.68 it_per_s=8.79
2026-10-04 09:44:56,093 INFO iter=197400 epoch=29 lr=1.20e-04 G=2.434 advA2B=0.488 advB2A=0.746 cycA=0.093 cycB=0.118 idtA=0.172 idtB=0.120 D_A=0.088 D_B=0.172 D_A(real)=0.89 D_A(fake)=0.11 gnG=14.41 gnD=8.85 it_per_s=8.81
2026-10-04 09:45:07,383 INFO iter=197500 epoch=29 lr=1.19e-04 G=2.414 advA2B=0.490 advB2A=0.737 cycA=0.093 cycB=0.116 idtA=0.172 idtB=0.117 D_A=0.086 D_B=0.172 D_A(real)=0.89 D_A(fake)=0.11 gnG=14.15 gnD=9.02 it_per_s=8.82
2026-10-04 09:45:18,663 INFO iter=197600 epoch=29 lr=1.19e-04 G=2.412 advA2B=0.490 advB2A=0.743 cycA=0.092 cycB=0.116 idtA=0.171 idtB=0.115 D_A=0.086 D_B=0.172 D_A(real)=0.89 D_A(fake)=0.11 gnG=14.06 gnD=8.96 it_per_s=8.83
2026-10-04 09:45:29,916 INFO iter=197700 epoch=29 lr=1.19e-04 G=2.398 advA2B=0.492 advB2A=0.731 cycA=0.091 cycB=0.115 idtA=0.171 idtB=0.115 D_A=0.087 D_B=0.172 D_A(real)=0.88 D_A(fake)=0.12 gnG=13.83 gnD=8.89 it_per_s=8.84
2026-10-04 09:45:41,268 INFO iter=197800 epoch=29 lr=1.19e-04 G=2.409 advA2B=0.492 advB2A=0.734 cycA=0.092 cycB=0.116 idtA=0.172 idtB=0.117 D_A=0.087 D_B=0.170 D_A(real)=0.88 D_A(fake)=0.12 gnG=13.90 gnD=8.94 it_per_s=8.83
2026-10-04 09:45:52,527 INFO iter=197900 epoch=29 lr=1.19e-04 G=2.413 advA2B=0.494 advB2A=0.733 cycA=0.092 cycB=0.117 idtA=0.172 idtB=0.118 D_A=0.088 D_B=0.169 D_A(real)=0.88 D_A(fake)=0.12 gnG=13.89 gnD=9.00 it_per_s=8.84
2026-10-04 09:46:03,817 INFO iter=198000 epoch=29 lr=1.19e-04 G=2.413 advA2B=0.491 advB2A=0.736 cycA=0.091 cycB=0.117 idtA=0.171 idtB=0.118 D_A=0.087 D_B=0.168 D_A(real)=0.88 D_A(fake)=0.12 gnG=13.89 gnD=8.96 it_per_s=8.84
2026-10-04 09:46:15,118 INFO iter=198100 epoch=29 lr=1.19e-04 G=2.407 advA2B=0.489 advB2A=0.734 cycA=0.091 cycB=0.117 idtA=0.171 idtB=0.117 D_A=0.088 D_B=0.169 D_A(real)=0.88 D_A(fake)=0.12 gnG=13.74 gnD=9.01 it_per_s=8.84
2026-10-04 09:46:26,398 INFO iter=198200 epoch=29 lr=1.18e-04 G=2.412 advA2B=0.492 advB2A=0.735 cycA=0.091 cycB=0.117 idtA=0.171 idtB=0.117 D_A=0.088 D_B=0.169 D_A(real)=0.88 D_A(fake)=0.12 gnG=13.78 gnD=9.05 it_per_s=8.84
2026-10-04 09:46:37,736 INFO iter=198300 epoch=29 lr=1.18e-04 G=2.419 advA2B=0.495 advB2A=0.734 cycA=0.092 cycB=0.117 idtA=0.173 idtB=0.117 D_A=0.087 D_B=0.168 D_A(real)=0.88 D_A(fake)=0.12 gnG=13.62 gnD=9.03 it_per_s=8.84
2026-10-04 09:46:48,966 INFO iter=198400 epoch=29 lr=1.18e-04 G=2.421 advA2B=0.494 advB2A=0.733 cycA=0.092 cycB=0.118 idtA=0.173 idtB=0.118 D_A=0.087 D_B=0.167 D_A(real)=0.88 D_A(fake)=0.12 gnG=13.68 gnD=9.04 it_per_s=8.85
2026-10-04 09:47:00,237 INFO iter=198500 epoch=29 lr=1.18e-04 G=2.420 advA2B=0.493 advB2A=0.731 cycA=0.092 cycB=0.118 idtA=0.173 idtB=0.119 D_A=0.087 D_B=0.167 D_A(real)=0.88 D_A(fake)=0.12 gnG=13.71 gnD=9.02 it_per_s=8.85
2026-10-04 09:47:11,581 INFO iter=198600 epoch=29 lr=1.18e-04 G=2.415 advA2B=0.492 advB2A=0.732 cycA=0.092 cycB=0.118 idtA=0.173 idtB=0.118 D_A=0.087 D_B=0.168 D_A(real)=0.88 D_A(fake)=0.12 gnG=13.68 gnD=9.02 it_per_s=8.85
2026-10-04 09:47:22,854 INFO iter=198700 epoch=29 lr=1.18e-04 G=2.414 advA2B=0.493 advB2A=0.732 cycA=0.092 cycB=0.117 idtA=0.173 idtB=0.118 D_A=0.087 D_B=0.167 D_A(real)=0.88 D_A(fake)=0.12 gnG=13.67 gnD=9.04 it_per_s=8.85
2026-10-04 09:47:34,086 INFO iter=198800 epoch=29 lr=1.18e-04 G=2.417 advA2B=0.492 advB2A=0.732 cycA=0.092 cycB=0.118 idtA=0.173 idtB=0.118 D_A=0.087 D_B=0.167 D_A(real)=0.88 D_A(fake)=0.12 gnG=13.70 gnD=9.02 it_per_s=8.85
2026-10-04 09:47:45,478 INFO iter=198900 epoch=29 lr=1.17e-04 G=2.415 advA2B=0.493 advB2A=0.729 cycA=0.092 cycB=0.117 idtA=0.174 idtB=0.118 D_A=0.087 D_B=0.167 D_A(real)=0.88 D_A(fake)=0.12 gnG=13.72 gnD=9.00 it_per_s=8.85
2026-10-04 09:47:56,751 INFO iter=199000 epoch=29 lr=1.17e-04 G=2.417 advA2B=0.495 advB2A=0.730 cycA=0.092 cycB=0.117 idtA=0.174 idtB=0.118 D_A=0.087 D_B=0.167 D_A(real)=0.88 D_A(fake)=0.12 gnG=13.73 gnD=9.04 it_per_s=8.85
2026-10-04 09:48:08,185 INFO iter=199100 epoch=29 lr=1.17e-04 G=2.416 advA2B=0.496 advB2A=0.729 cycA=0.092 cycB=0.117 idtA=0.174 idtB=0.118 D_A=0.087 D_B=0.166 D_A(real)=0.88 D_A(fake)=0.12 gnG=13.71 gnD=9.02 it_per_s=8.84
2026-10-04 09:48:19,510 INFO iter=199200 epoch=29 lr=1.17e-04 G=2.420 advA2B=0.497 advB2A=0.730 cycA=0.092 cycB=0.117 idtA=0.174 idtB=0.119 D_A=0.086 D_B=0.166 D_A(real)=0.88 D_A(fake)=0.12 gnG=13.77 gnD=9.01 it_per_s=8.84
2026-10-04 09:48:30,844 INFO iter=199300 epoch=29 lr=1.17e-04 G=2.421 advA2B=0.497 advB2A=0.732 cycA=0.092 cycB=0.117 idtA=0.174 idtB=0.118 D_A=0.086 D_B=0.166 D_A(real)=0.88 D_A(fake)=0.12 gnG=13.81 gnD=9.01 it_per_s=8.84
2026-10-04 09:48:42,138 INFO iter=199400 epoch=29 lr=1.17e-04 G=2.418 advA2B=0.496 advB2A=0.731 cycA=0.092 cycB=0.117 idtA=0.174 idtB=0.118 D_A=0.087 D_B=0.166 D_A(real)=0.88 D_A(fake)=0.12 gnG=13.78 gnD=9.03 it_per_s=8.84
2026-10-04 09:48:53,472 INFO iter=199500 epoch=29 lr=1.17e-04 G=2.420 advA2B=0.496 advB2A=0.731 cycA=0.092 cycB=0.118 idtA=0.175 idtB=0.118 D_A=0.087 D_B=0.166 D_A(real)=0.88 D_A(fake)=0.12 gnG=13.76 gnD=9.03 it_per_s=8.84
2026-10-04 09:49:04,809 INFO iter=199600 epoch=29 lr=1.16e-04 G=2.422 advA2B=0.498 advB2A=0.731 cycA=0.092 cycB=0.118 idtA=0.175 idtB=0.118 D_A=0.087 D_B=0.167 D_A(real)=0.88 D_A(fake)=0.12 gnG=13.74 gnD=9.03 it_per_s=8.84
2026-10-04 09:49:16,153 INFO iter=199700 epoch=29 lr=1.16e-04 G=2.424 advA2B=0.498 advB2A=0.731 cycA=0.092 cycB=0.118 idtA=0.175 idtB=0.118 D_A=0.087 D_B=0.167 D_A(real)=0.88 D_A(fake)=0.12 gnG=13.76 gnD=9.05 it_per_s=8.84
2026-10-04 09:49:27,466 INFO iter=199800 epoch=29 lr=1.16e-04 G=2.427 advA2B=0.498 advB2A=0.731 cycA=0.092 cycB=0.118 idtA=0.175 idtB=0.119 D_A=0.087 D_B=0.167 D_A(real)=0.88 D_A(fake)=0.12 gnG=13.82 gnD=9.06 it_per_s=8.84
2026-10-04 09:49:38,800 INFO iter=199900 epoch=29 lr=1.16e-04 G=2.428 advA2B=0.499 advB2A=0.731 cycA=0.092 cycB=0.118 idtA=0.175 idtB=0.118 D_A=0.087 D_B=0.167 D_A(real)=0.88 D_A(fake)=0.12 gnG=13.82 gnD=9.09 it_per_s=8.84
2026-10-04 09:49:50,147 INFO iter=200000 epoch=29 lr=1.16e-04 G=2.427 advA2B=0.498 advB2A=0.730 cycA=0.092 cycB=0.118 idtA=0.175 idtB=0.118 D_A=0.087 D_B=0.167 D_A(real)=0.88 D_A(fake)=0.12 gnG=13.85 gnD=9.09 it_per_s=8.84
2026-10-04 09:50:01,459 INFO iter=200100 epoch=29 lr=1.16e-04 G=2.426 advA2B=0.497 advB2A=0.730 cycA=0.092 cycB=0.118 idtA=0.176 idtB=0.119 D_A=0.087 D_B=0.167 D_A(real)=0.88 D_A(fake)=0.12 gnG=13.88 gnD=9.09 it_per_s=8.84
2026-10-04 09:50:12,733 INFO iter=200200 epoch=29 lr=1.16e-04 G=2.423 advA2B=0.495 advB2A=0.731 cycA=0.092 cycB=0.118 idtA=0.176 idtB=0.118 D_A=0.086 D_B=0.168 D_A(real)=0.88 D_A(fake)=0.12 gnG=13.90 gnD=9.10 it_per_s=8.84
2026-10-04 09:50:24,026 INFO iter=200300 epoch=29 lr=1.15e-04 G=2.423 advA2B=0.494 advB2A=0.730 cycA=0.092 cycB=0.118 idtA=0.176 idtB=0.119 D_A=0.086 D_B=0.168 D_A(real)=0.88 D_A(fake)=0.12 gnG=13.92 gnD=9.11 it_per_s=8.84
2026-10-04 09:50:35,314 INFO iter=200400 epoch=29 lr=1.15e-04 G=2.424 advA2B=0.494 advB2A=0.731 cycA=0.092 cycB=0.118 idtA=0.176 idtB=0.119 D_A=0.086 D_B=0.168 D_A(real)=0.88 D_A(fake)=0.12 gnG=13.97 gnD=9.11 it_per_s=8.84
2026-10-04 09:50:46,640 INFO iter=200500 epoch=29 lr=1.15e-04 G=2.422 advA2B=0.493 advB2A=0.731 cycA=0.092 cycB=0.118 idtA=0.176 idtB=0.118 D_A=0.087 D_B=0.168 D_A(real)=0.87 D_A(fake)=0.13 gnG=13.98 gnD=9.12 it_per_s=8.84
2026-10-04 09:50:57,988 INFO iter=200600 epoch=29 lr=1.15e-04 G=2.420 advA2B=0.493 advB2A=0.731 cycA=0.092 cycB=0.118 idtA=0.176 idtB=0.118 D_A=0.087 D_B=0.168 D_A(real)=0.87 D_A(fake)=0.13 gnG=13.97 gnD=9.12 it_per_s=8.84
2026-10-04 09:51:09,303 INFO iter=200700 epoch=29 lr=1.15e-04 G=2.419 advA2B=0.493 advB2A=0.730 cycA=0.092 cycB=0.118 idtA=0.175 idtB=0.118 D_A=0.087 D_B=0.168 D_A(real)=0.87 D_A(fake)=0.13 gnG=14.00 gnD=9.10 it_per_s=8.84
2026-10-04 09:51:20,637 INFO iter=200800 epoch=29 lr=1.15e-04 G=2.420 advA2B=0.494 advB2A=0.730 cycA=0.092 cycB=0.118 idtA=0.175 idtB=0.118 D_A=0.087 D_B=0.167 D_A(real)=0.87 D_A(fake)=0.13 gnG=14.02 gnD=9.12 it_per_s=8.84
2026-10-04 09:51:31,941 INFO iter=200900 epoch=29 lr=1.15e-04 G=2.419 advA2B=0.493 advB2A=0.730 cycA=0.092 cycB=0.118 idtA=0.176 idtB=0.118 D_A=0.087 D_B=0.167 D_A(real)=0.87 D_A(fake)=0.13 gnG=14.02 gnD=9.13 it_per_s=8.84
2026-10-04 09:51:43,233 INFO iter=201000 epoch=29 lr=1.14e-04 G=2.421 advA2B=0.493 advB2A=0.730 cycA=0.093 cycB=0.118 idtA=0.176 idtB=0.118 D_A=0.087 D_B=0.167 D_A(real)=0.87 D_A(fake)=0.13 gnG=14.04 gnD=9.12 it_per_s=8.84
2026-10-04 09:51:54,549 INFO iter=201100 epoch=29 lr=1.14e-04 G=2.420 advA2B=0.493 advB2A=0.729 cycA=0.093 cycB=0.118 idtA=0.176 idtB=0.118 D_A=0.087 D_B=0.167 D_A(real)=0.87 D_A(fake)=0.13 gnG=14.05 gnD=9.13 it_per_s=8.84
2026-10-04 09:52:05,917 INFO iter=201200 epoch=29 lr=1.14e-04 G=2.420 advA2B=0.493 advB2A=0.729 cycA=0.093 cycB=0.117 idtA=0.176 idtB=0.118 D_A=0.087 D_B=0.168 D_A(real)=0.87 D_A(fake)=0.13 gnG=14.05 gnD=9.14 it_per_s=8.84
2026-10-04 09:52:17,249 INFO iter=201300 epoch=29 lr=1.14e-04 G=2.421 advA2B=0.493 advB2A=0.729 cycA=0.093 cycB=0.118 idtA=0.177 idtB=0.118 D_A=0.087 D_B=0.168 D_A(real)=0.87 D_A(fake)=0.13 gnG=14.10 gnD=9.14 it_per_s=8.84
2026-10-04 09:52:28,540 INFO iter=201400 epoch=29 lr=1.14e-04 G=2.421 advA2B=0.493 advB2A=0.730 cycA=0.093 cycB=0.118 idtA=0.177 idtB=0.118 D_A=0.087 D_B=0.168 D_A(real)=0.87 D_A(fake)=0.13 gnG=14.11 gnD=9.15 it_per_s=8.84
2026-10-04 09:52:39,873 INFO iter=201500 epoch=29 lr=1.14e-04 G=2.421 advA2B=0.493 advB2A=0.730 cycA=0.093 cycB=0.118 idtA=0.177 idtB=0.118 D_A=0.087 D_B=0.168 D_A(real)=0.87 D_A(fake)=0.13 gnG=14.12 gnD=9.17 it_per_s=8.84
2026-10-04 09:52:51,203 INFO iter=201600 epoch=29 lr=1.14e-04 G=2.420 advA2B=0.492 advB2A=0.730 cycA=0.093 cycB=0.118 idtA=0.177 idtB=0.118 D_A=0.087 D_B=0.168 D_A(real)=0.87 D_A(fake)=0.13 gnG=14.12 gnD=9.17 it_per_s=8.84
2026-10-04 09:53:02,560 INFO iter=201700 epoch=29 lr=1.13e-04 G=2.420 advA2B=0.493 advB2A=0.730 cycA=0.093 cycB=0.117 idtA=0.176 idtB=0.118 D_A=0.087 D_B=0.168 D_A(real)=0.87 D_A(fake)=0.13 gnG=14.12 gnD=9.17 it_per_s=8.84
2026-10-04 09:53:13,886 INFO iter=201800 epoch=29 lr=1.13e-04 G=2.420 advA2B=0.493 advB2A=0.729 cycA=0.093 cycB=0.118 idtA=0.176 idtB=0.118 D_A=0.087 D_B=0.168 D_A(real)=0.87 D_A(fake)=0.13 gnG=14.14 gnD=9.16 it_per_s=8.84
2026-10-04 09:53:25,193 INFO iter=201900 epoch=29 lr=1.13e-04 G=2.419 advA2B=0.493 advB2A=0.729 cycA=0.093 cycB=0.117 idtA=0.176 idtB=0.118 D_A=0.087 D_B=0.168 D_A(real)=0.87 D_A(fake)=0.13 gnG=14.13 gnD=9.16 it_per_s=8.84
2026-10-04 09:53:36,494 INFO iter=202000 epoch=29 lr=1.13e-04 G=2.417 advA2B=0.493 advB2A=0.728 cycA=0.093 cycB=0.117 idtA=0.176 idtB=0.118 D_A=0.087 D_B=0.168 D_A(real)=0.87 D_A(fake)=0.13 gnG=14.11 gnD=9.16 it_per_s=8.84
2026-10-04 09:53:47,833 INFO iter=202100 epoch=29 lr=1.13e-04 G=2.416 advA2B=0.493 advB2A=0.727 cycA=0.093 cycB=0.117 idtA=0.176 idtB=0.118 D_A=0.087 D_B=0.168 D_A(real)=0.87 D_A(fake)=0.13 gnG=14.09 gnD=9.15 it_per_s=8.84
2026-10-04 09:53:59,158 INFO iter=202200 epoch=29 lr=1.13e-04 G=2.414 advA2B=0.492 advB2A=0.726 cycA=0.093 cycB=0.117 idtA=0.176 idtB=0.118 D_A=0.087 D_B=0.168 D_A(real)=0.87 D_A(fake)=0.13 gnG=14.11 gnD=9.15 it_per_s=8.84
2026-10-04 09:54:10,404 INFO iter=202300 epoch=29 lr=1.13e-04 G=2.415 advA2B=0.492 advB2A=0.726 cycA=0.093 cycB=0.117 idtA=0.176 idtB=0.118 D_A=0.087 D_B=0.168 D_A(real)=0.87 D_A(fake)=0.13 gnG=14.13 gnD=9.16 it_per_s=8.84
2026-10-04 09:54:21,671 INFO iter=202400 epoch=29 lr=1.12e-04 G=2.415 advA2B=0.492 advB2A=0.725 cycA=0.093 cycB=0.117 idtA=0.176 idtB=0.118 D_A=0.087 D_B=0.168 D_A(real)=0.87 D_A(fake)=0.13 gnG=14.13 gnD=9.16 it_per_s=8.84
2026-10-04 09:54:32,966 INFO iter=202500 epoch=29 lr=1.12e-04 G=2.415 advA2B=0.493 advB2A=0.725 cycA=0.093 cycB=0.117 idtA=0.176 idtB=0.118 D_A=0.087 D_B=0.168 D_A(real)=0.87 D_A(fake)=0.13 gnG=14.17 gnD=9.16 it_per_s=8.84
2026-10-04 09:54:44,292 INFO iter=202600 epoch=29 lr=1.12e-04 G=2.414 advA2B=0.493 advB2A=0.725 cycA=0.092 cycB=0.117 idtA=0.176 idtB=0.118 D_A=0.087 D_B=0.168 D_A(real)=0.87 D_A(fake)=0.13 gnG=14.18 gnD=9.18 it_per_s=8.84
2026-10-04 09:54:55,594 INFO iter=202700 epoch=29 lr=1.12e-04 G=2.412 advA2B=0.492 advB2A=0.725 cycA=0.092 cycB=0.117 idtA=0.176 idtB=0.118 D_A=0.087 D_B=0.168 D_A(real)=0.87 D_A(fake)=0.13 gnG=14.19 gnD=9.18 it_per_s=8.84
2026-10-04 09:55:06,913 INFO iter=202800 epoch=29 lr=1.12e-04 G=2.412 advA2B=0.492 advB2A=0.725 cycA=0.092 cycB=0.117 idtA=0.176 idtB=0.118 D_A=0.087 D_B=0.168 D_A(real)=0.87 D_A(fake)=0.13 gnG=14.19 gnD=9.19 it_per_s=8.84
2026-10-04 09:55:18,247 INFO iter=202900 epoch=29 lr=1.12e-04 G=2.412 advA2B=0.492 advB2A=0.725 cycA=0.092 cycB=0.117 idtA=0.176 idtB=0.118 D_A=0.087 D_B=0.168 D_A(real)=0.87 D_A(fake)=0.13 gnG=14.21 gnD=9.18 it_per_s=8.84
2026-10-04 09:55:29,589 INFO iter=203000 epoch=29 lr=1.12e-04 G=2.413 advA2B=0.493 advB2A=0.724 cycA=0.093 cycB=0.117 idtA=0.176 idtB=0.117 D_A=0.087 D_B=0.168 D_A(real)=0.87 D_A(fake)=0.13 gnG=14.21 gnD=9.20 it_per_s=8.84
2026-10-04 09:55:40,931 INFO iter=203100 epoch=29 lr=1.11e-04 G=2.414 advA2B=0.493 advB2A=0.725 cycA=0.093 cycB=0.117 idtA=0.176 idtB=0.117 D_A=0.087 D_B=0.168 D_A(real)=0.87 D_A(fake)=0.13 gnG=14.23 gnD=9.21 it_per_s=8.84
2026-10-04 09:55:52,157 INFO iter=203200 epoch=29 lr=1.11e-04 G=2.414 advA2B=0.493 advB2A=0.725 cycA=0.093 cycB=0.117 idtA=0.176 idtB=0.117 D_A=0.087 D_B=0.168 D_A(real)=0.87 D_A(fake)=0.13 gnG=14.24 gnD=9.22 it_per_s=8.84
2026-10-04 09:56:03,497 INFO iter=203300 epoch=29 lr=1.11e-04 G=2.413 advA2B=0.493 advB2A=0.725 cycA=0.092 cycB=0.117 idtA=0.176 idtB=0.117 D_A=0.087 D_B=0.168 D_A(real)=0.87 D_A(fake)=0.13 gnG=14.24 gnD=9.20 it_per_s=8.84
2026-10-04 09:56:14,850 INFO iter=203400 epoch=29 lr=1.11e-04 G=2.414 advA2B=0.493 advB2A=0.725 cycA=0.093 cycB=0.117 idtA=0.176 idtB=0.117 D_A=0.087 D_B=0.168 D_A(real)=0.87 D_A(fake)=0.13 gnG=14.25 gnD=9.21 it_per_s=8.84
2026-10-04 09:56:26,136 INFO iter=203500 epoch=29 lr=1.11e-04 G=2.413 advA2B=0.493 advB2A=0.724 cycA=0.093 cycB=0.117 idtA=0.176 idtB=0.117 D_A=0.087 D_B=0.168 D_A(real)=0.87 D_A(fake)=0.13 gnG=14.26 gnD=9.22 it_per_s=8.84
2026-10-04 09:56:37,526 INFO iter=203600 epoch=29 lr=1.11e-04 G=2.412 advA2B=0.493 advB2A=0.724 cycA=0.093 cycB=0.117 idtA=0.176 idtB=0.118 D_A=0.087 D_B=0.168 D_A(real)=0.87 D_A(fake)=0.13 gnG=14.30 gnD=9.22 it_per_s=8.84
2026-10-04 09:56:48,782 INFO iter=203700 epoch=29 lr=1.11e-04 G=2.412 advA2B=0.493 advB2A=0.724 cycA=0.092 cycB=0.117 idtA=0.176 idtB=0.118 D_A=0.087 D_B=0.168 D_A(real)=0.87 D_A(fake)=0.13 gnG=14.31 gnD=9.22 it_per_s=8.84
2026-10-04 09:57:00,064 INFO iter=203800 epoch=29 lr=1.10e-04 G=2.412 advA2B=0.493 advB2A=0.724 cycA=0.093 cycB=0.117 idtA=0.176 idtB=0.117 D_A=0.087 D_B=0.168 D_A(real)=0.87 D_A(fake)=0.13 gnG=14.32 gnD=9.22 it_per_s=8.84
2026-10-04 09:57:11,380 INFO iter=203900 epoch=29 lr=1.10e-04 G=2.411 advA2B=0.492 advB2A=0.723 cycA=0.092 cycB=0.117 idtA=0.176 idtB=0.117 D_A=0.087 D_B=0.168 D_A(real)=0.87 D_A(fake)=0.13 gnG=14.33 gnD=9.21 it_per_s=8.84
2026-10-04 09:57:22,781 INFO iter=204000 epoch=29 lr=1.10e-04 G=2.411 advA2B=0.492 advB2A=0.724 cycA=0.093 cycB=0.117 idtA=0.176 idtB=0.117 D_A=0.087 D_B=0.168 D_A(real)=0.87 D_A(fake)=0.13 gnG=14.33 gnD=9.22 it_per_s=8.84
2026-10-04 09:57:34,200 INFO iter=204100 epoch=29 lr=1.10e-04 G=2.412 advA2B=0.493 advB2A=0.724 cycA=0.092 cycB=0.117 idtA=0.176 idtB=0.117 D_A=0.087 D_B=0.168 D_A(real)=0.87 D_A(fake)=0.13 gnG=14.34 gnD=9.23 it_per_s=8.84
2026-10-04 09:57:34,431 INFO epoch=29 done time_s=796 it_per_s=8.84 G=2.412 cycA=0.092 cycB=0.117 idtA=0.176 idtB=0.117 D_A=0.087 D_B=0.168 D_A(real)=0.87 D_A(fake)=0.13 nan_count=0
2026-10-04 09:57:46,302 INFO iter=204200 epoch=30 lr=1.10e-04 G=2.443 advA2B=0.484 advB2A=0.727 cycA=0.092 cycB=0.124 idtA=0.176 idtB=0.127 D_A=0.089 D_B=0.161 D_A(real)=0.86 D_A(fake)=0.14 gnG=14.49 gnD=9.03 it_per_s=8.77
2026-10-04 09:57:57,652 INFO iter=204300 epoch=30 lr=1.10e-04 G=2.381 advA2B=0.463 advB2A=0.697 cycA=0.093 cycB=0.122 idtA=0.171 idtB=0.123 D_A=0.088 D_B=0.169 D_A(real)=0.86 D_A(fake)=0.14 gnG=15.38 gnD=9.44 it_per_s=8.79
2026-10-04 09:58:08,952 INFO iter=204400 epoch=30 lr=1.10e-04 G=2.383 advA2B=0.477 advB2A=0.703 cycA=0.093 cycB=0.119 idtA=0.172 idtB=0.120 D_A=0.088 D_B=0.169 D_A(real)=0.86 D_A(fake)=0.14 gnG=14.86 gnD=9.47 it_per_s=8.81
2026-10-04 09:58:20,379 INFO iter=204500 epoch=30 lr=1.09e-04 G=2.389 advA2B=0.471 advB2A=0.716 cycA=0.093 cycB=0.119 idtA=0.171 idtB=0.120 D_A=0.088 D_B=0.169 D_A(real)=0.86 D_A(fake)=0.14 gnG=14.99 gnD=9.51 it_per_s=8.80
2026-10-04 09:58:31,710 INFO iter=204600 epoch=30 lr=1.09e-04 G=2.379 advA2B=0.471 advB2A=0.715 cycA=0.092 cycB=0.117 idtA=0.174 idtB=0.118 D_A=0.089 D_B=0.171 D_A(real)=0.86 D_A(fake)=0.14 gnG=14.83 gnD=9.38 it_per_s=8.80
2026-10-04 09:58:43,006 INFO iter=204700 epoch=30 lr=1.09e-04 G=2.381 advA2B=0.472 advB2A=0.711 cycA=0.092 cycB=0.118 idtA=0.173 idtB=0.119 D_A=0.089 D_B=0.168 D_A(real)=0.85 D_A(fake)=0.15 gnG=15.16 gnD=9.36 it_per_s=8.81
2026-10-04 09:58:54,288 INFO iter=204800 epoch=30 lr=1.09e-04 G=2.386 advA2B=0.478 advB2A=0.710 cycA=0.092 cycB=0.118 idtA=0.173 idtB=0.119 D_A=0.088 D_B=0.168 D_A(real)=0.86 D_A(fake)=0.14 gnG=15.45 gnD=9.32 it_per_s=8.82
2026-10-04 09:59:05,582 INFO iter=204900 epoch=30 lr=1.09e-04 G=2.374 advA2B=0.475 advB2A=0.709 cycA=0.092 cycB=0.117 idtA=0.174 idtB=0.118 D_A=0.089 D_B=0.167 D_A(real)=0.86 D_A(fake)=0.14 gnG=15.49 gnD=9.28 it_per_s=8.82
2026-10-04 09:59:16,880 INFO iter=205000 epoch=30 lr=1.09e-04 G=2.377 advA2B=0.480 advB2A=0.707 cycA=0.092 cycB=0.117 idtA=0.176 idtB=0.117 D_A=0.088 D_B=0.168 D_A(real)=0.86 D_A(fake)=0.14 gnG=15.37 gnD=9.32 it_per_s=8.83
2026-10-04 09:59:28,142 INFO iter=205100 epoch=30 lr=1.09e-04 G=2.381 advA2B=0.478 advB2A=0.712 cycA=0.092 cycB=0.117 idtA=0.175 idtB=0.117 D_A=0.089 D_B=0.167 D_A(real)=0.86 D_A(fake)=0.14 gnG=15.44 gnD=9.30 it_per_s=8.83
2026-10-04 09:59:39,385 INFO iter=205200 epoch=30 lr=1.08e-04 G=2.380 advA2B=0.480 advB2A=0.713 cycA=0.092 cycB=0.116 idtA=0.176 idtB=0.117 D_A=0.088 D_B=0.167 D_A(real)=0.86 D_A(fake)=0.14 gnG=15.45 gnD=9.29 it_per_s=8.84
2026-10-04 09:59:50,691 INFO iter=205300 epoch=30 lr=1.08e-04 G=2.381 advA2B=0.481 advB2A=0.714 cycA=0.092 cycB=0.116 idtA=0.176 idtB=0.117 D_A=0.090 D_B=0.166 D_A(real)=0.86 D_A(fake)=0.14 gnG=15.33 gnD=9.32 it_per_s=8.84
2026-10-04 10:00:01,969 INFO iter=205400 epoch=30 lr=1.08e-04 G=2.383 advA2B=0.484 advB2A=0.713 cycA=0.092 cycB=0.116 idtA=0.176 idtB=0.117 D_A=0.089 D_B=0.165 D_A(real)=0.86 D_A(fake)=0.14 gnG=15.45 gnD=9.28 it_per_s=8.84
2026-10-04 10:00:13,265 INFO iter=205500 epoch=30 lr=1.08e-04 G=2.388 advA2B=0.485 advB2A=0.716 cycA=0.092 cycB=0.116 idtA=0.176 idtB=0.116 D_A=0.089 D_B=0.165 D_A(real)=0.86 D_A(fake)=0.14 gnG=15.37 gnD=9.27 it_per_s=8.84
2026-10-04 10:00:24,608 INFO iter=205600 epoch=30 lr=1.08e-04 G=2.380 advA2B=0.484 advB2A=0.714 cycA=0.092 cycB=0.116 idtA=0.176 idtB=0.116 D_A=0.089 D_B=0.165 D_A(real)=0.86 D_A(fake)=0.14 gnG=15.38 gnD=9.29 it_per_s=8.84
2026-10-04 10:00:35,879 INFO iter=205700 epoch=30 lr=1.08e-04 G=2.379 advA2B=0.484 advB2A=0.713 cycA=0.092 cycB=0.116 idtA=0.175 idtB=0.116 D_A=0.089 D_B=0.165 D_A(real)=0.86 D_A(fake)=0.14 gnG=15.42 gnD=9.26 it_per_s=8.84
2026-10-04 10:00:47,179 INFO iter=205800 epoch=30 lr=1.08e-04 G=2.383 advA2B=0.486 advB2A=0.714 cycA=0.092 cycB=0.116 idtA=0.175 idtB=0.116 D_A=0.088 D_B=0.165 D_A(real)=0.86 D_A(fake)=0.14 gnG=15.51 gnD=9.24 it_per_s=8.84
2026-10-04 10:00:58,513 INFO iter=205900 epoch=30 lr=1.07e-04 G=2.385 advA2B=0.486 advB2A=0.716 cycA=0.092 cycB=0.116 idtA=0.175 idtB=0.116 D_A=0.089 D_B=0.165 D_A(real)=0.86 D_A(fake)=0.14 gnG=15.47 gnD=9.26 it_per_s=8.84
2026-10-04 10:01:09,817 INFO iter=206000 epoch=30 lr=1.07e-04 G=2.386 advA2B=0.487 advB2A=0.716 cycA=0.092 cycB=0.116 idtA=0.175 idtB=0.117 D_A=0.089 D_B=0.165 D_A(real)=0.86 D_A(fake)=0.14 gnG=15.43 gnD=9.24 it_per_s=8.84
2026-10-04 10:01:21,176 INFO iter=206100 epoch=30 lr=1.07e-04 G=2.386 advA2B=0.487 advB2A=0.714 cycA=0.092 cycB=0.116 idtA=0.175 idtB=0.117 D_A=0.089 D_B=0.165 D_A(real)=0.86 D_A(fake)=0.14 gnG=15.45 gnD=9.23 it_per_s=8.84
2026-10-04 10:01:32,500 INFO iter=206200 epoch=30 lr=1.07e-04 G=2.385 advA2B=0.487 advB2A=0.715 cycA=0.091 cycB=0.116 idtA=0.175 idtB=0.117 D_A=0.089 D_B=0.165 D_A(real)=0.86 D_A(fake)=0.14 gnG=15.40 gnD=9.24 it_per_s=8.84
2026-10-04 10:01:43,816 INFO iter=206300 epoch=30 lr=1.07e-04 G=2.386 advA2B=0.488 advB2A=0.715 cycA=0.091 cycB=0.116 idtA=0.175 idtB=0.117 D_A=0.089 D_B=0.165 D_A(real)=0.86 D_A(fake)=0.14 gnG=15.38 gnD=9.27 it_per_s=8.84
2026-10-04 10:01:55,112 INFO iter=206400 epoch=30 lr=1.07e-04 G=2.387 advA2B=0.489 advB2A=0.716 cycA=0.091 cycB=0.116 idtA=0.175 idtB=0.117 D_A=0.088 D_B=0.165 D_A(real)=0.86 D_A(fake)=0.14 gnG=15.34 gnD=9.26 it_per_s=8.84
2026-10-04 10:02:06,408 INFO iter=206500 epoch=30 lr=1.07e-04 G=2.389 advA2B=0.489 advB2A=0.716 cycA=0.091 cycB=0.116 idtA=0.175 idtB=0.117 D_A=0.088 D_B=0.166 D_A(real)=0.86 D_A(fake)=0.14 gnG=15.40 gnD=9.31 it_per_s=8.84
2026-10-04 10:02:17,783 INFO iter=206600 epoch=30 lr=1.06e-04 G=2.394 advA2B=0.490 advB2A=0.717 cycA=0.091 cycB=0.117 idtA=0.175 idtB=0.118 D_A=0.089 D_B=0.166 D_A(real)=0.86 D_A(fake)=0.14 gnG=15.36 gnD=9.30 it_per_s=8.84
2026-10-04 10:02:29,075 INFO iter=206700 epoch=30 lr=1.06e-04 G=2.396 advA2B=0.490 advB2A=0.717 cycA=0.091 cycB=0.117 idtA=0.175 idtB=0.118 D_A=0.089 D_B=0.165 D_A(real)=0.86 D_A(fake)=0.14 gnG=15.43 gnD=9.29 it_per_s=8.84
2026-10-04 10:02:40,377 INFO iter=206800 epoch=30 lr=1.06e-04 G=2.396 advA2B=0.492 advB2A=0.716 cycA=0.092 cycB=0.117 idtA=0.175 idtB=0.117 D_A=0.089 D_B=0.165 D_A(real)=0.86 D_A(fake)=0.14 gnG=15.41 gnD=9.32 it_per_s=8.84
2026-10-04 10:02:51,811 INFO iter=206900 epoch=30 lr=1.06e-04 G=2.395 advA2B=0.490 advB2A=0.717 cycA=0.092 cycB=0.117 idtA=0.175 idtB=0.117 D_A=0.089 D_B=0.165 D_A(real)=0.86 D_A(fake)=0.14 gnG=15.44 gnD=9.34 it_per_s=8.84
2026-10-04 10:03:03,167 INFO iter=207000 epoch=30 lr=1.06e-04 G=2.396 advA2B=0.491 advB2A=0.716 cycA=0.092 cycB=0.117 idtA=0.175 idtB=0.117 D_A=0.089 D_B=0.165 D_A(real)=0.86 D_A(fake)=0.14 gnG=15.43 gnD=9.34 it_per_s=8.83
2026-10-04 10:03:14,547 INFO iter=207100 epoch=30 lr=1.06e-04 G=2.397 advA2B=0.492 advB2A=0.716 cycA=0.092 cycB=0.117 idtA=0.175 idtB=0.117 D_A=0.089 D_B=0.165 D_A(real)=0.86 D_A(fake)=0.14 gnG=15.45 gnD=9.33 it_per_s=8.83
2026-10-04 10:03:25,826 INFO iter=207200 epoch=30 lr=1.06e-04 G=2.398 advA2B=0.493 advB2A=0.716 cycA=0.092 cycB=0.117 idtA=0.175 idtB=0.117 D_A=0.089 D_B=0.164 D_A(real)=0.86 D_A(fake)=0.14 gnG=15.46 gnD=9.33 it_per_s=8.83
2026-10-04 10:03:37,193 INFO iter=207300 epoch=30 lr=1.05e-04 G=2.399 advA2B=0.494 advB2A=0.715 cycA=0.092 cycB=0.117 idtA=0.175 idtB=0.118 D_A=0.089 D_B=0.164 D_A(real)=0.86 D_A(fake)=0.14 gnG=15.49 gnD=9.38 it_per_s=8.83
2026-10-04 10:03:48,455 INFO iter=207400 epoch=30 lr=1.05e-04 G=2.403 advA2B=0.495 advB2A=0.716 cycA=0.092 cycB=0.117 idtA=0.176 idtB=0.118 D_A=0.089 D_B=0.164 D_A(real)=0.86 D_A(fake)=0.14 gnG=15.51 gnD=9.37 it_per_s=8.83
2026-10-04 10:03:59,753 INFO iter=207500 epoch=30 lr=1.05e-04 G=2.404 advA2B=0.496 advB2A=0.716 cycA=0.092 cycB=0.117 idtA=0.176 idtB=0.118 D_A=0.089 D_B=0.164 D_A(real)=0.86 D_A(fake)=0.14 gnG=15.53 gnD=9.37 it_per_s=8.83
2026-10-04 10:04:11,121 INFO iter=207600 epoch=30 lr=1.05e-04 G=2.403 advA2B=0.496 advB2A=0.715 cycA=0.092 cycB=0.117 idtA=0.176 idtB=0.118 D_A=0.089 D_B=0.164 D_A(real)=0.86 D_A(fake)=0.14 gnG=15.46 gnD=9.40 it_per_s=8.83
2026-10-04 10:04:22,468 INFO iter=207700 epoch=30 lr=1.05e-04 G=2.402 advA2B=0.497 advB2A=0.714 cycA=0.092 cycB=0.117 idtA=0.176 idtB=0.118 D_A=0.089 D_B=0.164 D_A(real)=0.86 D_A(fake)=0.14 gnG=15.45 gnD=9.41 it_per_s=8.83
2026-10-04 10:04:33,720 INFO iter=207800 epoch=30 lr=1.05e-04 G=2.402 advA2B=0.497 advB2A=0.715 cycA=0.092 cycB=0.117 idtA=0.176 idtB=0.118 D_A=0.089 D_B=0.164 D_A(real)=0.86 D_A(fake)=0.14 gnG=15.44 gnD=9.42 it_per_s=8.83
2026-10-04 10:04:45,059 INFO iter=207900 epoch=30 lr=1.05e-04 G=2.404 advA2B=0.497 advB2A=0.715 cycA=0.092 cycB=0.117 idtA=0.176 idtB=0.118 D_A=0.088 D_B=0.164 D_A(real)=0.86 D_A(fake)=0.14 gnG=15.46 gnD=9.42 it_per_s=8.83
2026-10-04 10:04:56,350 INFO iter=208000 epoch=30 lr=1.04e-04 G=2.404 advA2B=0.497 advB2A=0.715 cycA=0.092 cycB=0.117 idtA=0.176 idtB=0.118 D_A=0.088 D_B=0.164 D_A(real)=0.86 D_A(fake)=0.14 gnG=15.44 gnD=9.43 it_per_s=8.83
2026-10-04 10:05:07,602 INFO iter=208100 epoch=30 lr=1.04e-04 G=2.404 advA2B=0.498 advB2A=0.715 cycA=0.092 cycB=0.117 idtA=0.176 idtB=0.118 D_A=0.089 D_B=0.164 D_A(real)=0.86 D_A(fake)=0.14 gnG=15.52 gnD=9.43 it_per_s=8.84
2026-10-04 10:05:18,958 INFO iter=208200 epoch=30 lr=1.04e-04 G=2.407 advA2B=0.498 advB2A=0.715 cycA=0.092 cycB=0.117 idtA=0.177 idtB=0.118 D_A=0.089 D_B=0.165 D_A(real)=0.86 D_A(fake)=0.14 gnG=15.49 gnD=9.44 it_per_s=8.84
2026-10-04 10:05:30,230 INFO iter=208300 epoch=30 lr=1.04e-04 G=2.407 advA2B=0.498 advB2A=0.715 cycA=0.092 cycB=0.117 idtA=0.177 idtB=0.118 D_A=0.089 D_B=0.164 D_A(real)=0.86 D_A(fake)=0.14 gnG=15.49 gnD=9.45 it_per_s=8.84
2026-10-04 10:05:41,509 INFO iter=208400 epoch=30 lr=1.04e-04 G=2.406 advA2B=0.498 advB2A=0.715 cycA=0.092 cycB=0.117 idtA=0.177 idtB=0.118 D_A=0.089 D_B=0.164 D_A(real)=0.86 D_A(fake)=0.14 gnG=15.52 gnD=9.45 it_per_s=8.84
2026-10-04 10:05:52,839 INFO iter=208500 epoch=30 lr=1.04e-04 G=2.406 advA2B=0.499 advB2A=0.715 cycA=0.092 cycB=0.117 idtA=0.176 idtB=0.118 D_A=0.089 D_B=0.164 D_A(real)=0.85 D_A(fake)=0.15 gnG=15.52 gnD=9.44 it_per_s=8.84
2026-10-04 10:06:04,125 INFO iter=208600 epoch=30 lr=1.04e-04 G=2.404 advA2B=0.499 advB2A=0.714 cycA=0.092 cycB=0.117 idtA=0.177 idtB=0.117 D_A=0.089 D_B=0.164 D_A(real)=0.85 D_A(fake)=0.15 gnG=15.48 gnD=9.43 it_per_s=8.84
2026-10-04 10:06:15,419 INFO iter=208700 epoch=30 lr=1.03e-04 G=2.403 advA2B=0.499 advB2A=0.714 cycA=0.092 cycB=0.117 idtA=0.176 idtB=0.117 D_A=0.089 D_B=0.165 D_A(real)=0.85 D_A(fake)=0.14 gnG=15.49 gnD=9.45 it_per_s=8.84
2026-10-04 10:06:26,691 INFO iter=208800 epoch=30 lr=1.03e-04 G=2.402 advA2B=0.499 advB2A=0.715 cycA=0.092 cycB=0.117 idtA=0.176 idtB=0.117 D_A=0.089 D_B=0.165 D_A(real)=0.85 D_A(fake)=0.15 gnG=15.50 gnD=9.44 it_per_s=8.84
2026-10-04 10:06:38,025 INFO iter=208900 epoch=30 lr=1.03e-04 G=2.402 advA2B=0.498 advB2A=0.715 cycA=0.092 cycB=0.116 idtA=0.176 idtB=0.117 D_A=0.089 D_B=0.164 D_A(real)=0.85 D_A(fake)=0.15 gnG=15.49 gnD=9.43 it_per_s=8.84
2026-10-04 10:06:49,279 INFO iter=209000 epoch=30 lr=1.03e-04 G=2.401 advA2B=0.498 advB2A=0.715 cycA=0.092 cycB=0.116 idtA=0.176 idtB=0.117 D_A=0.089 D_B=0.164 D_A(real)=0.85 D_A(fake)=0.15 gnG=15.47 gnD=9.44 it_per_s=8.84
2026-10-04 10:07:00,634 INFO iter=209100 epoch=30 lr=1.03e-04 G=2.400 advA2B=0.498 advB2A=0.714 cycA=0.092 cycB=0.116 idtA=0.176 idtB=0.117 D_A=0.089 D_B=0.164 D_A(real)=0.85 D_A(fake)=0.15 gnG=15.50 gnD=9.42 it_per_s=8.84
2026-10-04 10:07:11,954 INFO iter=209200 epoch=30 lr=1.03e-04 G=2.400 advA2B=0.497 advB2A=0.715 cycA=0.092 cycB=0.116 idtA=0.176 idtB=0.117 D_A=0.089 D_B=0.164 D_A(real)=0.85 D_A(fake)=0.15 gnG=15.52 gnD=9.42 it_per_s=8.84
2026-10-04 10:07:23,203 INFO iter=209300 epoch=30 lr=1.03e-04 G=2.399 advA2B=0.497 advB2A=0.715 cycA=0.092 cycB=0.116 idtA=0.176 idtB=0.117 D_A=0.089 D_B=0.164 D_A(real)=0.85 D_A(fake)=0.15 gnG=15.53 gnD=9.42 it_per_s=8.84
2026-10-04 10:07:34,526 INFO iter=209400 epoch=30 lr=1.02e-04 G=2.400 advA2B=0.497 advB2A=0.715 cycA=0.092 cycB=0.116 idtA=0.176 idtB=0.117 D_A=0.089 D_B=0.164 D_A(real)=0.85 D_A(fake)=0.15 gnG=15.54 gnD=9.42 it_per_s=8.84
2026-10-04 10:07:45,855 INFO iter=209500 epoch=30 lr=1.02e-04 G=2.400 advA2B=0.497 advB2A=0.714 cycA=0.092 cycB=0.116 idtA=0.176 idtB=0.117 D_A=0.089 D_B=0.164 D_A(real)=0.85 D_A(fake)=0.15 gnG=15.52 gnD=9.44 it_per_s=8.84
2026-10-04 10:07:57,233 INFO iter=209600 epoch=30 lr=1.02e-04 G=2.399 advA2B=0.497 advB2A=0.715 cycA=0.092 cycB=0.116 idtA=0.176 idtB=0.117 D_A=0.089 D_B=0.164 D_A(real)=0.85 D_A(fake)=0.15 gnG=15.51 gnD=9.44 it_per_s=8.84
2026-10-04 10:08:08,595 INFO iter=209700 epoch=30 lr=1.02e-04 G=2.399 advA2B=0.497 advB2A=0.715 cycA=0.092 cycB=0.116 idtA=0.176 idtB=0.117 D_A=0.089 D_B=0.164 D_A(real)=0.85 D_A(fake)=0.15 gnG=15.53 gnD=9.44 it_per_s=8.84
2026-10-04 10:08:19,962 INFO iter=209800 epoch=30 lr=1.02e-04 G=2.399 advA2B=0.497 advB2A=0.715 cycA=0.092 cycB=0.116 idtA=0.176 idtB=0.117 D_A=0.089 D_B=0.164 D_A(real)=0.85 D_A(fake)=0.15 gnG=15.55 gnD=9.44 it_per_s=8.84
2026-10-04 10:08:31,246 INFO iter=209900 epoch=30 lr=1.02e-04 G=2.398 advA2B=0.496 advB2A=0.715 cycA=0.092 cycB=0.116 idtA=0.176 idtB=0.117 D_A=0.089 D_B=0.164 D_A(real)=0.85 D_A(fake)=0.15 gnG=15.56 gnD=9.44 it_per_s=8.84
2026-10-04 10:08:42,487 INFO iter=210000 epoch=30 lr=1.02e-04 G=2.398 advA2B=0.496 advB2A=0.715 cycA=0.092 cycB=0.116 idtA=0.176 idtB=0.117 D_A=0.089 D_B=0.164 D_A(real)=0.85 D_A(fake)=0.15 gnG=15.59 gnD=9.45 it_per_s=8.84
2026-10-04 10:08:53,777 INFO iter=210100 epoch=30 lr=1.01e-04 G=2.398 advA2B=0.496 advB2A=0.716 cycA=0.092 cycB=0.116 idtA=0.176 idtB=0.117 D_A=0.089 D_B=0.164 D_A(real)=0.85 D_A(fake)=0.15 gnG=15.60 gnD=9.45 it_per_s=8.84
2026-10-04 10:09:05,098 INFO iter=210200 epoch=30 lr=1.01e-04 G=2.398 advA2B=0.496 advB2A=0.716 cycA=0.092 cycB=0.116 idtA=0.176 idtB=0.116 D_A=0.089 D_B=0.164 D_A(real)=0.85 D_A(fake)=0.15 gnG=15.59 gnD=9.46 it_per_s=8.84
2026-10-04 10:09:16,375 INFO iter=210300 epoch=30 lr=1.01e-04 G=2.398 advA2B=0.496 advB2A=0.716 cycA=0.092 cycB=0.116 idtA=0.176 idtB=0.117 D_A=0.089 D_B=0.164 D_A(real)=0.85 D_A(fake)=0.15 gnG=15.58 gnD=9.46 it_per_s=8.84
2026-10-04 10:09:27,673 INFO iter=210400 epoch=30 lr=1.01e-04 G=2.398 advA2B=0.496 advB2A=0.716 cycA=0.092 cycB=0.116 idtA=0.176 idtB=0.117 D_A=0.089 D_B=0.164 D_A(real)=0.85 D_A(fake)=0.15 gnG=15.60 gnD=9.46 it_per_s=8.84
2026-10-04 10:09:39,007 INFO iter=210500 epoch=30 lr=1.01e-04 G=2.399 advA2B=0.497 advB2A=0.716 cycA=0.092 cycB=0.116 idtA=0.176 idtB=0.117 D_A=0.089 D_B=0.164 D_A(real)=0.85 D_A(fake)=0.15 gnG=15.61 gnD=9.46 it_per_s=8.84
2026-10-04 10:09:50,318 INFO iter=210600 epoch=30 lr=1.01e-04 G=2.399 advA2B=0.498 advB2A=0.716 cycA=0.092 cycB=0.116 idtA=0.176 idtB=0.117 D_A=0.089 D_B=0.164 D_A(real)=0.85 D_A(fake)=0.15 gnG=15.60 gnD=9.46 it_per_s=8.84
2026-10-04 10:10:01,595 INFO iter=210700 epoch=30 lr=1.01e-04 G=2.400 advA2B=0.498 advB2A=0.716 cycA=0.092 cycB=0.116 idtA=0.176 idtB=0.117 D_A=0.089 D_B=0.164 D_A(real)=0.85 D_A(fake)=0.15 gnG=15.63 gnD=9.46 it_per_s=8.84
2026-10-04 10:10:12,929 INFO iter=210800 epoch=30 lr=1.00e-04 G=2.399 advA2B=0.498 advB2A=0.716 cycA=0.092 cycB=0.116 idtA=0.176 idtB=0.117 D_A=0.089 D_B=0.163 D_A(real)=0.85 D_A(fake)=0.15 gnG=15.65 gnD=9.45 it_per_s=8.84
2026-10-04 10:10:24,245 INFO iter=210900 epoch=30 lr=1.00e-04 G=2.399 advA2B=0.498 advB2A=0.716 cycA=0.092 cycB=0.116 idtA=0.176 idtB=0.117 D_A=0.089 D_B=0.163 D_A(real)=0.85 D_A(fake)=0.15 gnG=15.68 gnD=9.45 it_per_s=8.84
2026-10-04 10:10:35,579 INFO iter=211000 epoch=30 lr=1.00e-04 G=2.400 advA2B=0.498 advB2A=0.716 cycA=0.092 cycB=0.116 idtA=0.176 idtB=0.117 D_A=0.089 D_B=0.163 D_A(real)=0.85 D_A(fake)=0.15 gnG=15.72 gnD=9.47 it_per_s=8.84
2026-10-04 10:10:46,938 INFO iter=211100 epoch=30 lr=1.00e-04 G=2.400 advA2B=0.498 advB2A=0.717 cycA=0.092 cycB=0.116 idtA=0.176 idtB=0.117 D_A=0.088 D_B=0.163 D_A(real)=0.85 D_A(fake)=0.15 gnG=15.74 gnD=9.47 it_per_s=8.84
2026-10-04 10:10:51,443 INFO epoch=30 done time_s=796 it_per_s=8.84 G=2.401 cycA=0.092 cycB=0.116 idtA=0.176 idtB=0.116 D_A=0.088 D_B=0.163 D_A(real)=0.85 D_A(fake)=0.15 nan_count=0
2026-10-04 10:10:59,128 INFO iter=211200 epoch=31 lr=9.99e-05 G=2.440 advA2B=0.526 advB2A=0.754 cycA=0.095 cycB=0.108 idtA=0.176 idtB=0.114 D_A=0.081 D_B=0.175 D_A(real)=0.87 D_A(fake)=0.15 gnG=17.81 gnD=10.41 it_per_s=8.76
2026-10-04 10:11:12,018 INFO iter=211300 epoch=31 lr=9.98e-05 G=2.433 advA2B=0.519 advB2A=0.715 cycA=0.093 cycB=0.117 idtA=0.182 idtB=0.119 D_A=0.080 D_B=0.167 D_A(real)=0.86 D_A(fake)=0.15 gnG=16.78 gnD=10.17 it_per_s=8.10
2026-10-04 10:11:25,867 INFO iter=211400 epoch=31 lr=9.96e-05 G=2.407 advA2B=0.499 advB2A=0.718 cycA=0.094 cycB=0.114 idtA=0.184 idtB=0.115 D_A=0.081 D_B=0.171 D_A(real)=0.86 D_A(fake)=0.14 gnG=17.25 gnD=10.09 it_per_s=7.74
2026-10-04 10:11:40,458 INFO iter=211500 epoch=31 lr=9.95e-05 G=2.415 advA2B=0.499 advB2A=0.723 cycA=0.093 cycB=0.115 idtA=0.184 idtB=0.115 D_A=0.082 D_B=0.169 D_A(real)=0.86 D_A(fake)=0.14 gnG=16.62 gnD=9.98 it_per_s=7.47
2026-10-04 10:11:55,173 INFO iter=211600 epoch=31 lr=9.93e-05 G=2.390 advA2B=0.495 advB2A=0.719 cycA=0.092 cycB=0.113 idtA=0.182 idtB=0.114 D_A=0.082 D_B=0.168 D_A(real)=0.86 D_A(fake)=0.14 gnG=16.62 gnD=10.02 it_per_s=7.31
2026-10-04 10:12:09,252 INFO iter=211700 epoch=31 lr=9.92e-05 G=2.400 advA2B=0.496 advB2A=0.723 cycA=0.092 cycB=0.115 idtA=0.180 idtB=0.115 D_A=0.084 D_B=0.167 D_A(real)=0.86 D_A(fake)=0.14 gnG=16.83 gnD=10.10 it_per_s=7.27
2026-10-04 10:12:22,399 INFO iter=211800 epoch=31 lr=9.91e-05 G=2.410 advA2B=0.501 advB2A=0.726 cycA=0.092 cycB=0.115 idtA=0.181 idtB=0.114 D_A=0.085 D_B=0.166 D_A(real)=0.86 D_A(fake)=0.14 gnG=16.77 gnD=10.07 it_per_s=7.32
2026-10-04 10:12:37,018 INFO iter=211900 epoch=31 lr=9.89e-05 G=2.417 advA2B=0.506 advB2A=0.727 cycA=0.092 cycB=0.115 idtA=0.182 idtB=0.115 D_A=0.085 D_B=0.163 D_A(real)=0.86 D_A(fake)=0.14 gnG=16.73 gnD=10.05 it_per_s=7.26
2026-10-04 10:12:49,804 INFO iter=212000 epoch=31 lr=9.88e-05 G=2.413 advA2B=0.502 advB2A=0.727 cycA=0.092 cycB=0.115 idtA=0.181 idtB=0.116 D_A=0.085 D_B=0.163 D_A(real)=0.86 D_A(fake)=0.14 gnG=16.71 gnD=10.02 it_per_s=7.32
2026-10-04 10:13:04,640 INFO iter=212100 epoch=31 lr=9.86e-05 G=2.409 advA2B=0.502 advB2A=0.729 cycA=0.092 cycB=0.114 idtA=0.181 idtB=0.115 D_A=0.085 D_B=0.163 D_A(real)=0.86 D_A(fake)=0.14 gnG=16.58 gnD=9.94 it_per_s=7.25
2026-10-04 10:13:17,710 INFO iter=212200 epoch=31 lr=9.85e-05 G=2.412 advA2B=0.503 advB2A=0.729 cycA=0.092 cycB=0.115 idtA=0.180 idtB=0.115 D_A=0.085 D_B=0.164 D_A(real)=0.85 D_A(fake)=0.15 gnG=16.51 gnD=9.95 it_per_s=7.29
2026-10-04 10:13:33,005 INFO iter=212300 epoch=31 lr=9.84e-05 G=2.413 advA2B=0.505 advB2A=0.728 cycA=0.092 cycB=0.115 idtA=0.179 idtB=0.116 D_A=0.086 D_B=0.163 D_A(real)=0.85 D_A(fake)=0.15 gnG=16.53 gnD=9.94 it_per_s=7.22
2026-10-04 10:13:46,102 INFO iter=212400 epoch=31 lr=9.82e-05 G=2.416 advA2B=0.508 advB2A=0.732 cycA=0.092 cycB=0.114 idtA=0.179 idtB=0.115 D_A=0.086 D_B=0.162 D_A(real)=0.85 D_A(fake)=0.15 gnG=16.54 gnD=9.93 it_per_s=7.25
2026-10-04 10:14:01,277 INFO iter=212500 epoch=31 lr=9.81e-05 G=2.414 advA2B=0.504 advB2A=0.734 cycA=0.092 cycB=0.114 idtA=0.179 idtB=0.115 D_A=0.087 D_B=0.162 D_A(real)=0.85 D_A(fake)=0.15 gnG=16.53 gnD=9.94 it_per_s=7.20
2026-10-04 10:14:14,627 INFO iter=212600 epoch=31 lr=9.79e-05 G=2.413 advA2B=0.504 advB2A=0.731 cycA=0.092 cycB=0.115 idtA=0.179 idtB=0.116 D_A=0.086 D_B=0.163 D_A(real)=0.85 D_A(fake)=0.15 gnG=16.51 gnD=9.97 it_per_s=7.22
2026-10-04 10:14:29,530 INFO iter=212700 epoch=31 lr=9.78e-05 G=2.411 advA2B=0.503 advB2A=0.731 cycA=0.091 cycB=0.115 idtA=0.178 idtB=0.116 D_A=0.087 D_B=0.164 D_A(real)=0.85 D_A(fake)=0.15 gnG=16.48 gnD=9.97 it_per_s=7.18
2026-10-04 10:14:43,845 INFO iter=212800 epoch=31 lr=9.76e-05 G=2.408 advA2B=0.501 advB2A=0.729 cycA=0.091 cycB=0.115 idtA=0.178 idtB=0.116 D_A=0.087 D_B=0.164 D_A(real)=0.85 D_A(fake)=0.15 gnG=16.39 gnD=10.00 it_per_s=7.17
2026-10-04 10:14:57,926 INFO iter=212900 epoch=31 lr=9.75e-05 G=2.406 advA2B=0.502 advB2A=0.728 cycA=0.091 cycB=0.115 idtA=0.178 idtB=0.116 D_A=0.087 D_B=0.164 D_A(real)=0.85 D_A(fake)=0.15 gnG=16.33 gnD=9.97 it_per_s=7.16
2026-10-04 10:15:12,972 INFO iter=213000 epoch=31 lr=9.74e-05 G=2.406 advA2B=0.501 advB2A=0.727 cycA=0.091 cycB=0.115 idtA=0.178 idtB=0.115 D_A=0.087 D_B=0.165 D_A(real)=0.85 D_A(fake)=0.15 gnG=16.37 gnD=9.95 it_per_s=7.13
2026-10-04 10:15:26,214 INFO iter=213100 epoch=31 lr=9.72e-05 G=2.409 advA2B=0.502 advB2A=0.727 cycA=0.092 cycB=0.115 idtA=0.178 idtB=0.115 D_A=0.087 D_B=0.164 D_A(real)=0.85 D_A(fake)=0.15 gnG=16.29 gnD=9.92 it_per_s=7.15
2026-10-04 10:15:41,469 INFO iter=213200 epoch=31 lr=9.71e-05 G=2.410 advA2B=0.502 advB2A=0.728 cycA=0.091 cycB=0.115 idtA=0.178 idtB=0.115 D_A=0.087 D_B=0.164 D_A(real)=0.85 D_A(fake)=0.15 gnG=16.33 gnD=9.89 it_per_s=7.12
2026-10-04 10:15:54,553 INFO iter=213300 epoch=31 lr=9.69e-05 G=2.409 advA2B=0.503 advB2A=0.727 cycA=0.091 cycB=0.115 idtA=0.177 idtB=0.115 D_A=0.087 D_B=0.164 D_A(real)=0.85 D_A(fake)=0.15 gnG=16.34 gnD=9.89 it_per_s=7.15
2026-10-04 10:16:10,102 INFO iter=213400 epoch=31 lr=9.68e-05 G=2.406 advA2B=0.502 advB2A=0.726 cycA=0.091 cycB=0.115 idtA=0.178 idtB=0.115 D_A=0.087 D_B=0.164 D_A(real)=0.85 D_A(fake)=0.15 gnG=16.31 gnD=9.90 it_per_s=7.11
2026-10-04 10:16:23,099 INFO iter=213500 epoch=31 lr=9.66e-05 G=2.404 advA2B=0.501 advB2A=0.727 cycA=0.091 cycB=0.115 idtA=0.177 idtB=0.115 D_A=0.087 D_B=0.165 D_A(real)=0.85 D_A(fake)=0.15 gnG=16.35 gnD=9.92 it_per_s=7.13
2026-10-04 10:16:34,712 INFO iter=213600 epoch=31 lr=9.65e-05 G=2.404 advA2B=0.502 advB2A=0.727 cycA=0.091 cycB=0.115 idtA=0.177 idtB=0.115 D_A=0.087 D_B=0.164 D_A(real)=0.85 D_A(fake)=0.15 gnG=16.35 gnD=9.91 it_per_s=7.18
2026-10-04 10:16:46,108 INFO iter=213700 epoch=31 lr=9.64e-05 G=2.404 advA2B=0.502 advB2A=0.727 cycA=0.091 cycB=0.115 idtA=0.177 idtB=0.115 D_A=0.088 D_B=0.164 D_A(real)=0.85 D_A(fake)=0.15 gnG=16.37 gnD=9.90 it_per_s=7.23
2026-10-04 10:16:57,390 INFO iter=213800 epoch=31 lr=9.62e-05 G=2.404 advA2B=0.503 advB2A=0.726 cycA=0.091 cycB=0.115 idtA=0.177 idtB=0.115 D_A=0.087 D_B=0.164 D_A(real)=0.85 D_A(fake)=0.15 gnG=16.37 gnD=9.89 it_per_s=7.29
2026-10-04 10:17:08,714 INFO iter=213900 epoch=31 lr=9.61e-05 G=2.405 advA2B=0.503 advB2A=0.727 cycA=0.091 cycB=0.115 idtA=0.178 idtB=0.115 D_A=0.087 D_B=0.163 D_A(real)=0.85 D_A(fake)=0.15 gnG=16.33 gnD=9.92 it_per_s=7.33
2026-10-04 10:17:19,983 INFO iter=214000 epoch=31 lr=9.59e-05 G=2.405 advA2B=0.503 advB2A=0.726 cycA=0.091 cycB=0.115 idtA=0.178 idtB=0.115 D_A=0.087 D_B=0.163 D_A(real)=0.85 D_A(fake)=0.15 gnG=16.29 gnD=9.93 it_per_s=7.38
2026-10-04 10:17:31,307 INFO iter=214100 epoch=31 lr=9.58e-05 G=2.406 advA2B=0.503 advB2A=0.726 cycA=0.091 cycB=0.115 idtA=0.178 idtB=0.115 D_A=0.087 D_B=0.163 D_A(real)=0.85 D_A(fake)=0.15 gnG=16.30 gnD=9.96 it_per_s=7.42
2026-10-04 10:17:42,631 INFO iter=214200 epoch=31 lr=9.57e-05 G=2.405 advA2B=0.502 advB2A=0.726 cycA=0.091 cycB=0.115 idtA=0.177 idtB=0.115 D_A=0.088 D_B=0.163 D_A(real)=0.85 D_A(fake)=0.15 gnG=16.30 gnD=9.97 it_per_s=7.46
2026-10-04 10:17:53,926 INFO iter=214300 epoch=31 lr=9.55e-05 G=2.405 advA2B=0.503 advB2A=0.726 cycA=0.091 cycB=0.115 idtA=0.177 idtB=0.115 D_A=0.088 D_B=0.163 D_A(real)=0.85 D_A(fake)=0.15 gnG=16.32 gnD=9.97 it_per_s=7.49
2026-10-04 10:18:05,262 INFO iter=214400 epoch=31 lr=9.54e-05 G=2.405 advA2B=0.502 advB2A=0.726 cycA=0.091 cycB=0.115 idtA=0.177 idtB=0.115 D_A=0.088 D_B=0.163 D_A(real)=0.85 D_A(fake)=0.15 gnG=16.30 gnD=9.98 it_per_s=7.53
2026-10-04 10:18:16,623 INFO iter=214500 epoch=31 lr=9.52e-05 G=2.407 advA2B=0.503 advB2A=0.726 cycA=0.091 cycB=0.115 idtA=0.177 idtB=0.115 D_A=0.087 D_B=0.163 D_A(real)=0.85 D_A(fake)=0.15 gnG=16.29 gnD=9.98 it_per_s=7.56
2026-10-04 10:18:27,939 INFO iter=214600 epoch=31 lr=9.51e-05 G=2.406 advA2B=0.503 advB2A=0.725 cycA=0.091 cycB=0.115 idtA=0.177 idtB=0.115 D_A=0.087 D_B=0.162 D_A(real)=0.85 D_A(fake)=0.15 gnG=16.28 gnD=9.98 it_per_s=7.59
2026-10-04 10:18:39,354 INFO iter=214700 epoch=31 lr=9.49e-05 G=2.405 advA2B=0.503 advB2A=0.725 cycA=0.091 cycB=0.115 idtA=0.177 idtB=0.115 D_A=0.087 D_B=0.163 D_A(real)=0.85 D_A(fake)=0.15 gnG=16.30 gnD=9.99 it_per_s=7.62
2026-10-04 10:18:50,738 INFO iter=214800 epoch=31 lr=9.48e-05 G=2.402 advA2B=0.502 advB2A=0.724 cycA=0.091 cycB=0.115 idtA=0.177 idtB=0.114 D_A=0.087 D_B=0.163 D_A(real)=0.85 D_A(fake)=0.15 gnG=16.27 gnD=9.99 it_per_s=7.65
2026-10-04 10:19:02,060 INFO iter=214900 epoch=31 lr=9.47e-05 G=2.402 advA2B=0.503 advB2A=0.723 cycA=0.091 cycB=0.115 idtA=0.177 idtB=0.114 D_A=0.087 D_B=0.163 D_A(real)=0.85 D_A(fake)=0.15 gnG=16.25 gnD=9.99 it_per_s=7.68
2026-10-04 10:19:13,424 INFO iter=215000 epoch=31 lr=9.45e-05 G=2.403 advA2B=0.503 advB2A=0.724 cycA=0.091 cycB=0.115 idtA=0.177 idtB=0.115 D_A=0.087 D_B=0.163 D_A(real)=0.85 D_A(fake)=0.15 gnG=16.31 gnD=9.99 it_per_s=7.70
2026-10-04 10:19:24,740 INFO iter=215100 epoch=31 lr=9.44e-05 G=2.405 advA2B=0.503 advB2A=0.724 cycA=0.091 cycB=0.115 idtA=0.177 idtB=0.115 D_A=0.087 D_B=0.163 D_A(real)=0.85 D_A(fake)=0.15 gnG=16.36 gnD=10.00 it_per_s=7.73
2026-10-04 10:19:36,021 INFO iter=215200 epoch=31 lr=9.42e-05 G=2.406 advA2B=0.502 advB2A=0.725 cycA=0.091 cycB=0.115 idtA=0.177 idtB=0.115 D_A=0.087 D_B=0.163 D_A(real)=0.85 D_A(fake)=0.15 gnG=16.34 gnD=10.01 it_per_s=7.75
2026-10-04 10:19:47,297 INFO iter=215300 epoch=31 lr=9.41e-05 G=2.406 advA2B=0.502 advB2A=0.725 cycA=0.091 cycB=0.116 idtA=0.177 idtB=0.115 D_A=0.087 D_B=0.163 D_A(real)=0.85 D_A(fake)=0.15 gnG=16.35 gnD=10.00 it_per_s=7.78
2026-10-04 10:19:58,641 INFO iter=215400 epoch=31 lr=9.39e-05 G=2.406 advA2B=0.503 advB2A=0.725 cycA=0.091 cycB=0.116 idtA=0.177 idtB=0.115 D_A=0.087 D_B=0.163 D_A(real)=0.85 D_A(fake)=0.15 gnG=16.37 gnD=10.00 it_per_s=7.80
2026-10-04 10:20:09,980 INFO iter=215500 epoch=31 lr=9.38e-05 G=2.407 advA2B=0.503 advB2A=0.725 cycA=0.091 cycB=0.116 idtA=0.177 idtB=0.115 D_A=0.087 D_B=0.163 D_A(real)=0.85 D_A(fake)=0.15 gnG=16.34 gnD=10.01 it_per_s=7.82
2026-10-04 10:20:21,279 INFO iter=215600 epoch=31 lr=9.37e-05 G=2.407 advA2B=0.503 advB2A=0.725 cycA=0.091 cycB=0.116 idtA=0.177 idtB=0.115 D_A=0.087 D_B=0.163 D_A(real)=0.85 D_A(fake)=0.15 gnG=16.35 gnD=10.01 it_per_s=7.84
2026-10-04 10:20:32,559 INFO iter=215700 epoch=31 lr=9.35e-05 G=2.405 advA2B=0.503 advB2A=0.725 cycA=0.091 cycB=0.115 idtA=0.176 idtB=0.115 D_A=0.087 D_B=0.163 D_A(real)=0.85 D_A(fake)=0.15 gnG=16.39 gnD=10.02 it_per_s=7.86
2026-10-04 10:20:43,884 INFO iter=215800 epoch=31 lr=9.34e-05 G=2.406 advA2B=0.503 advB2A=0.724 cycA=0.091 cycB=0.116 idtA=0.176 idtB=0.115 D_A=0.087 D_B=0.163 D_A(real)=0.85 D_A(fake)=0.15 gnG=16.40 gnD=10.00 it_per_s=7.88
2026-10-04 10:20:55,181 INFO iter=215900 epoch=31 lr=9.32e-05 G=2.407 advA2B=0.503 advB2A=0.724 cycA=0.091 cycB=0.116 idtA=0.177 idtB=0.115 D_A=0.087 D_B=0.162 D_A(real)=0.85 D_A(fake)=0.15 gnG=16.40 gnD=10.00 it_per_s=7.89
2026-10-04 10:21:06,517 INFO iter=216000 epoch=31 lr=9.31e-05 G=2.408 advA2B=0.503 advB2A=0.726 cycA=0.091 cycB=0.116 idtA=0.176 idtB=0.115 D_A=0.087 D_B=0.162 D_A(real)=0.85 D_A(fake)=0.15 gnG=16.41 gnD=9.99 it_per_s=7.91
2026-10-04 10:21:17,830 INFO iter=216100 epoch=31 lr=9.30e-05 G=2.409 advA2B=0.503 advB2A=0.726 cycA=0.091 cycB=0.116 idtA=0.176 idtB=0.115 D_A=0.087 D_B=0.162 D_A(real)=0.85 D_A(fake)=0.15 gnG=16.38 gnD=9.99 it_per_s=7.93
2026-10-04 10:21:29,156 INFO iter=216200 epoch=31 lr=9.28e-05 G=2.408 advA2B=0.503 advB2A=0.726 cycA=0.091 cycB=0.116 idtA=0.176 idtB=0.115 D_A=0.087 D_B=0.162 D_A(real)=0.85 D_A(fake)=0.15 gnG=16.39 gnD=10.00 it_per_s=7.94
2026-10-04 10:21:40,496 INFO iter=216300 epoch=31 lr=9.27e-05 G=2.408 advA2B=0.503 advB2A=0.725 cycA=0.091 cycB=0.116 idtA=0.176 idtB=0.115 D_A=0.087 D_B=0.162 D_A(real)=0.85 D_A(fake)=0.15 gnG=16.40 gnD=9.99 it_per_s=7.96
2026-10-04 10:21:51,797 INFO iter=216400 epoch=31 lr=9.25e-05 G=2.408 advA2B=0.503 advB2A=0.725 cycA=0.091 cycB=0.116 idtA=0.176 idtB=0.115 D_A=0.087 D_B=0.162 D_A(real)=0.85 D_A(fake)=0.15 gnG=16.44 gnD=9.98 it_per_s=7.98
2026-10-04 10:22:03,146 INFO iter=216500 epoch=31 lr=9.24e-05 G=2.407 advA2B=0.503 advB2A=0.725 cycA=0.091 cycB=0.116 idtA=0.177 idtB=0.115 D_A=0.087 D_B=0.162 D_A(real)=0.85 D_A(fake)=0.15 gnG=16.41 gnD=9.99 it_per_s=7.99
2026-10-04 10:22:14,610 INFO iter=216600 epoch=31 lr=9.22e-05 G=2.406 advA2B=0.503 advB2A=0.725 cycA=0.091 cycB=0.116 idtA=0.177 idtB=0.115 D_A=0.087 D_B=0.162 D_A(real)=0.85 D_A(fake)=0.15 gnG=16.38 gnD=10.00 it_per_s=8.00
2026-10-04 10:22:25,860 INFO iter=216700 epoch=31 lr=9.21e-05 G=2.406 advA2B=0.503 advB2A=0.725 cycA=0.091 cycB=0.116 idtA=0.177 idtB=0.115 D_A=0.087 D_B=0.162 D_A(real)=0.85 D_A(fake)=0.15 gnG=16.39 gnD=9.99 it_per_s=8.02
2026-10-04 10:22:37,173 INFO iter=216800 epoch=31 lr=9.20e-05 G=2.405 advA2B=0.502 advB2A=0.725 cycA=0.091 cycB=0.115 idtA=0.177 idtB=0.115 D_A=0.087 D_B=0.162 D_A(real)=0.85 D_A(fake)=0.15 gnG=16.45 gnD=9.98 it_per_s=8.03
2026-10-04 10:22:48,488 INFO iter=216900 epoch=31 lr=9.18e-05 G=2.404 advA2B=0.502 advB2A=0.724 cycA=0.091 cycB=0.115 idtA=0.177 idtB=0.115 D_A=0.087 D_B=0.162 D_A(real)=0.85 D_A(fake)=0.15 gnG=16.46 gnD=9.97 it_per_s=8.04
2026-10-04 10:22:59,879 INFO iter=217000 epoch=31 lr=9.17e-05 G=2.403 advA2B=0.502 advB2A=0.724 cycA=0.091 cycB=0.116 idtA=0.177 idtB=0.115 D_A=0.087 D_B=0.162 D_A(real)=0.85 D_A(fake)=0.15 gnG=16.45 gnD=9.97 it_per_s=8.05
2026-10-04 10:23:11,288 INFO iter=217100 epoch=31 lr=9.15e-05 G=2.404 advA2B=0.502 advB2A=0.724 cycA=0.091 cycB=0.116 idtA=0.177 idtB=0.115 D_A=0.087 D_B=0.162 D_A(real)=0.85 D_A(fake)=0.15 gnG=16.45 gnD=9.98 it_per_s=8.06
2026-10-04 10:23:22,635 INFO iter=217200 epoch=31 lr=9.14e-05 G=2.403 advA2B=0.502 advB2A=0.724 cycA=0.091 cycB=0.116 idtA=0.177 idtB=0.115 D_A=0.087 D_B=0.162 D_A(real)=0.85 D_A(fake)=0.15 gnG=16.48 gnD=9.99 it_per_s=8.08
2026-10-04 10:23:33,983 INFO iter=217300 epoch=31 lr=9.12e-05 G=2.405 advA2B=0.502 advB2A=0.724 cycA=0.091 cycB=0.116 idtA=0.177 idtB=0.115 D_A=0.087 D_B=0.162 D_A(real)=0.85 D_A(fake)=0.15 gnG=16.49 gnD=9.99 it_per_s=8.09
2026-10-04 10:23:45,289 INFO iter=217400 epoch=31 lr=9.11e-05 G=2.405 advA2B=0.503 advB2A=0.724 cycA=0.091 cycB=0.116 idtA=0.177 idtB=0.115 D_A=0.087 D_B=0.162 D_A(real)=0.85 D_A(fake)=0.15 gnG=16.50 gnD=9.98 it_per_s=8.10
2026-10-04 10:23:56,748 INFO iter=217500 epoch=31 lr=9.10e-05 G=2.404 advA2B=0.503 advB2A=0.724 cycA=0.091 cycB=0.116 idtA=0.177 idtB=0.115 D_A=0.087 D_B=0.162 D_A(real)=0.85 D_A(fake)=0.15 gnG=16.49 gnD=9.99 it_per_s=8.11
2026-10-04 10:24:08,055 INFO iter=217600 epoch=31 lr=9.08e-05 G=2.404 advA2B=0.503 advB2A=0.724 cycA=0.091 cycB=0.116 idtA=0.177 idtB=0.115 D_A=0.087 D_B=0.162 D_A(real)=0.85 D_A(fake)=0.15 gnG=16.50 gnD=9.98 it_per_s=8.12
2026-10-04 10:24:19,434 INFO iter=217700 epoch=31 lr=9.07e-05 G=2.404 advA2B=0.502 advB2A=0.724 cycA=0.091 cycB=0.116 idtA=0.177 idtB=0.115 D_A=0.087 D_B=0.162 D_A(real)=0.85 D_A(fake)=0.15 gnG=16.49 gnD=9.98 it_per_s=8.13
2026-10-04 10:24:30,734 INFO iter=217800 epoch=31 lr=9.05e-05 G=2.404 advA2B=0.503 advB2A=0.724 cycA=0.091 cycB=0.116 idtA=0.177 idtB=0.115 D_A=0.087 D_B=0.162 D_A(real)=0.85 D_A(fake)=0.15 gnG=16.47 gnD=9.98 it_per_s=8.14
2026-10-04 10:24:42,006 INFO iter=217900 epoch=31 lr=9.04e-05 G=2.404 advA2B=0.503 advB2A=0.723 cycA=0.091 cycB=0.116 idtA=0.177 idtB=0.115 D_A=0.087 D_B=0.162 D_A(real)=0.85 D_A(fake)=0.15 gnG=16.47 gnD=9.97 it_per_s=8.15
2026-10-04 10:24:53,275 INFO iter=218000 epoch=31 lr=9.03e-05 G=2.405 advA2B=0.503 advB2A=0.724 cycA=0.091 cycB=0.116 idtA=0.177 idtB=0.114 D_A=0.087 D_B=0.162 D_A(real)=0.85 D_A(fake)=0.15 gnG=16.48 gnD=9.96 it_per_s=8.16
2026-10-04 10:25:04,603 INFO iter=218100 epoch=31 lr=9.01e-05 G=2.405 advA2B=0.504 advB2A=0.724 cycA=0.091 cycB=0.116 idtA=0.177 idtB=0.114 D_A=0.087 D_B=0.162 D_A(real)=0.85 D_A(fake)=0.15 gnG=16.49 gnD=9.96 it_per_s=8.17
2026-10-04 10:25:13,376 INFO epoch=31 done time_s=861 it_per_s=8.17 G=2.407 cycA=0.091 cycB=0.116 idtA=0.177 idtB=0.115 D_A=0.087 D_B=0.162 D_A(real)=0.85 D_A(fake)=0.15 nan_count=0
2026-10-04 10:25:16,615 INFO iter=218200 epoch=32 lr=9.00e-05 G=2.313 advA2B=0.468 advB2A=0.678 cycA=0.089 cycB=0.116 idtA=0.172 idtB=0.108 D_A=0.099 D_B=0.155 D_A(real)=0.84 D_A(fake)=0.18 gnG=16.98 gnD=9.80 it_per_s=8.71
2026-10-04 10:25:27,924 INFO iter=218300 epoch=32 lr=8.98e-05 G=2.364 advA2B=0.516 advB2A=0.707 cycA=0.091 cycB=0.110 idtA=0.171 idtB=0.107 D_A=0.090 D_B=0.158 D_A(real)=0.84 D_A(fake)=0.17 gnG=15.50 gnD=10.27 it_per_s=8.82
2026-10-04 10:25:39,215 INFO iter=218400 epoch=32 lr=8.97e-05 G=2.376 advA2B=0.523 advB2A=0.708 cycA=0.090 cycB=0.111 idtA=0.174 idtB=0.109 D_A=0.087 D_B=0.159 D_A(real)=0.84 D_A(fake)=0.16 gnG=15.59 gnD=10.44 it_per_s=8.84
2026-10-04 10:25:50,598 INFO iter=218500 epoch=32 lr=8.95e-05 G=2.395 advA2B=0.524 advB2A=0.727 cycA=0.090 cycB=0.111 idtA=0.174 idtB=0.109 D_A=0.085 D_B=0.162 D_A(real)=0.85 D_A(fake)=0.16 gnG=16.05 gnD=10.37 it_per_s=8.82
2026-10-04 10:26:01,876 INFO iter=218600 epoch=32 lr=8.94e-05 G=2.398 advA2B=0.526 advB2A=0.732 cycA=0.090 cycB=0.110 idtA=0.172 idtB=0.107 D_A=0.086 D_B=0.160 D_A(real)=0.85 D_A(fake)=0.16 gnG=16.42 gnD=10.19 it_per_s=8.83
2026-10-04 10:26:13,117 INFO iter=218700 epoch=32 lr=8.93e-05 G=2.403 advA2B=0.528 advB2A=0.726 cycA=0.091 cycB=0.111 idtA=0.173 idtB=0.108 D_A=0.085 D_B=0.159 D_A(real)=0.85 D_A(fake)=0.16 gnG=16.42 gnD=10.10 it_per_s=8.84
2026-10-04 10:26:24,422 INFO iter=218800 epoch=32 lr=8.91e-05 G=2.401 advA2B=0.531 advB2A=0.722 cycA=0.090 cycB=0.111 idtA=0.173 idtB=0.108 D_A=0.085 D_B=0.159 D_A(real)=0.85 D_A(fake)=0.15 gnG=16.49 gnD=10.15 it_per_s=8.84
2026-10-04 10:26:35,684 INFO iter=218900 epoch=32 lr=8.90e-05 G=2.415 advA2B=0.533 advB2A=0.729 cycA=0.091 cycB=0.111 idtA=0.175 idtB=0.108 D_A=0.085 D_B=0.157 D_A(real)=0.85 D_A(fake)=0.15 gnG=16.59 gnD=10.15 it_per_s=8.85
2026-10-04 10:26:47,027 INFO iter=219000 epoch=32 lr=8.88e-05 G=2.416 advA2B=0.531 advB2A=0.733 cycA=0.090 cycB=0.111 idtA=0.176 idtB=0.109 D_A=0.085 D_B=0.159 D_A(real)=0.85 D_A(fake)=0.15 gnG=16.33 gnD=10.17 it_per_s=8.84
2026-10-04 10:26:58,327 INFO iter=219100 epoch=32 lr=8.87e-05 G=2.416 advA2B=0.534 advB2A=0.730 cycA=0.091 cycB=0.111 idtA=0.177 idtB=0.109 D_A=0.085 D_B=0.160 D_A(real)=0.85 D_A(fake)=0.15 gnG=16.21 gnD=10.09 it_per_s=8.84
2026-10-04 10:27:09,670 INFO iter=219200 epoch=32 lr=8.85e-05 G=2.408 advA2B=0.532 advB2A=0.725 cycA=0.090 cycB=0.111 idtA=0.176 idtB=0.109 D_A=0.084 D_B=0.160 D_A(real)=0.85 D_A(fake)=0.15 gnG=16.31 gnD=10.07 it_per_s=8.84
2026-10-04 10:27:20,945 INFO iter=219300 epoch=32 lr=8.84e-05 G=2.408 advA2B=0.533 advB2A=0.724 cycA=0.090 cycB=0.112 idtA=0.175 idtB=0.109 D_A=0.084 D_B=0.159 D_A(real)=0.85 D_A(fake)=0.15 gnG=16.52 gnD=10.03 it_per_s=8.84
2026-10-04 10:27:32,239 INFO iter=219400 epoch=32 lr=8.83e-05 G=2.416 advA2B=0.530 advB2A=0.726 cycA=0.091 cycB=0.113 idtA=0.176 idtB=0.111 D_A=0.085 D_B=0.159 D_A(real)=0.85 D_A(fake)=0.15 gnG=16.50 gnD=10.05 it_per_s=8.85
2026-10-04 10:27:43,521 INFO iter=219500 epoch=32 lr=8.81e-05 G=2.417 advA2B=0.531 advB2A=0.724 cycA=0.091 cycB=0.113 idtA=0.176 idtB=0.112 D_A=0.086 D_B=0.159 D_A(real)=0.85 D_A(fake)=0.15 gnG=16.49 gnD=10.10 it_per_s=8.85
2026-10-04 10:27:54,849 INFO iter=219600 epoch=32 lr=8.80e-05 G=2.419 advA2B=0.531 advB2A=0.724 cycA=0.091 cycB=0.113 idtA=0.176 idtB=0.112 D_A=0.086 D_B=0.159 D_A(real)=0.85 D_A(fake)=0.15 gnG=16.39 gnD=10.05 it_per_s=8.85
2026-10-04 10:28:06,172 INFO iter=219700 epoch=32 lr=8.78e-05 G=2.422 advA2B=0.530 advB2A=0.727 cycA=0.091 cycB=0.113 idtA=0.177 idtB=0.112 D_A=0.086 D_B=0.160 D_A(real)=0.85 D_A(fake)=0.15 gnG=16.40 gnD=10.10 it_per_s=8.84
2026-10-04 10:28:17,500 INFO iter=219800 epoch=32 lr=8.77e-05 G=2.421 advA2B=0.530 advB2A=0.727 cycA=0.090 cycB=0.113 idtA=0.177 idtB=0.112 D_A=0.086 D_B=0.159 D_A(real)=0.85 D_A(fake)=0.15 gnG=16.43 gnD=10.12 it_per_s=8.84
2026-10-04 10:28:28,791 INFO iter=219900 epoch=32 lr=8.76e-05 G=2.418 advA2B=0.527 advB2A=0.726 cycA=0.090 cycB=0.114 idtA=0.177 idtB=0.112 D_A=0.086 D_B=0.159 D_A(real)=0.85 D_A(fake)=0.15 gnG=16.47 gnD=10.14 it_per_s=8.84
2026-10-04 10:28:40,132 INFO iter=220000 epoch=32 lr=8.74e-05 G=2.412 advA2B=0.525 advB2A=0.726 cycA=0.090 cycB=0.113 idtA=0.177 idtB=0.112 D_A=0.086 D_B=0.158 D_A(real)=0.85 D_A(fake)=0.15 gnG=16.49 gnD=10.14 it_per_s=8.84
2026-10-04 10:28:51,449 INFO iter=220100 epoch=32 lr=8.73e-05 G=2.418 advA2B=0.526 advB2A=0.728 cycA=0.091 cycB=0.113 idtA=0.177 idtB=0.112 D_A=0.086 D_B=0.159 D_A(real)=0.85 D_A(fake)=0.15 gnG=16.61 gnD=10.14 it_per_s=8.84
2026-10-04 10:29:02,757 INFO iter=220200 epoch=32 lr=8.71e-05 G=2.421 advA2B=0.526 advB2A=0.730 cycA=0.090 cycB=0.114 idtA=0.177 idtB=0.112 D_A=0.085 D_B=0.158 D_A(real)=0.85 D_A(fake)=0.15 gnG=16.58 gnD=10.12 it_per_s=8.84
2026-10-04 10:29:14,118 INFO iter=220300 epoch=32 lr=8.70e-05 G=2.422 advA2B=0.526 advB2A=0.730 cycA=0.090 cycB=0.114 idtA=0.177 idtB=0.113 D_A=0.085 D_B=0.159 D_A(real)=0.85 D_A(fake)=0.15 gnG=16.60 gnD=10.13 it_per_s=8.84
2026-10-04 10:29:25,434 INFO iter=220400 epoch=32 lr=8.68e-05 G=2.422 advA2B=0.524 advB2A=0.729 cycA=0.090 cycB=0.114 idtA=0.177 idtB=0.113 D_A=0.085 D_B=0.159 D_A(real)=0.85 D_A(fake)=0.15 gnG=16.58 gnD=10.15 it_per_s=8.84
2026-10-04 10:29:36,779 INFO iter=220500 epoch=32 lr=8.67e-05 G=2.421 advA2B=0.524 advB2A=0.729 cycA=0.090 cycB=0.114 idtA=0.177 idtB=0.114 D_A=0.085 D_B=0.159 D_A(real)=0.85 D_A(fake)=0.15 gnG=16.57 gnD=10.13 it_per_s=8.84
2026-10-04 10:29:48,114 INFO iter=220600 epoch=32 lr=8.66e-05 G=2.418 advA2B=0.522 advB2A=0.729 cycA=0.090 cycB=0.114 idtA=0.176 idtB=0.113 D_A=0.085 D_B=0.159 D_A(real)=0.85 D_A(fake)=0.15 gnG=16.54 gnD=10.13 it_per_s=8.84
2026-10-04 10:29:59,410 INFO iter=220700 epoch=32 lr=8.64e-05 G=2.416 advA2B=0.522 advB2A=0.728 cycA=0.090 cycB=0.114 idtA=0.176 idtB=0.113 D_A=0.085 D_B=0.159 D_A(real)=0.85 D_A(fake)=0.15 gnG=16.57 gnD=10.14 it_per_s=8.84
2026-10-04 10:30:10,755 INFO iter=220800 epoch=32 lr=8.63e-05 G=2.413 advA2B=0.520 advB2A=0.727 cycA=0.090 cycB=0.114 idtA=0.176 idtB=0.113 D_A=0.085 D_B=0.159 D_A(real)=0.85 D_A(fake)=0.15 gnG=16.59 gnD=10.14 it_per_s=8.84
2026-10-04 10:30:22,062 INFO iter=220900 epoch=32 lr=8.61e-05 G=2.419 advA2B=0.521 advB2A=0.729 cycA=0.091 cycB=0.114 idtA=0.176 idtB=0.113 D_A=0.085 D_B=0.159 D_A(real)=0.85 D_A(fake)=0.15 gnG=16.63 gnD=10.13 it_per_s=8.84
2026-10-04 10:30:33,439 INFO iter=221000 epoch=32 lr=8.60e-05 G=2.417 advA2B=0.520 advB2A=0.728 cycA=0.091 cycB=0.114 idtA=0.177 idtB=0.113 D_A=0.085 D_B=0.159 D_A(real)=0.85 D_A(fake)=0.15 gnG=16.63 gnD=10.13 it_per_s=8.84
2026-10-04 10:30:44,771 INFO iter=221100 epoch=32 lr=8.58e-05 G=2.416 advA2B=0.520 advB2A=0.728 cycA=0.091 cycB=0.114 idtA=0.177 idtB=0.113 D_A=0.085 D_B=0.159 D_A(real)=0.85 D_A(fake)=0.15 gnG=16.60 gnD=10.15 it_per_s=8.84
2026-10-04 10:30:56,125 INFO iter=221200 epoch=32 lr=8.57e-05 G=2.419 advA2B=0.520 advB2A=0.730 cycA=0.091 cycB=0.114 idtA=0.177 idtB=0.113 D_A=0.085 D_B=0.159 D_A(real)=0.85 D_A(fake)=0.15 gnG=16.64 gnD=10.15 it_per_s=8.84
2026-10-04 10:31:07,415 INFO iter=221300 epoch=32 lr=8.56e-05 G=2.420 advA2B=0.520 advB2A=0.731 cycA=0.091 cycB=0.114 idtA=0.176 idtB=0.113 D_A=0.085 D_B=0.160 D_A(real)=0.85 D_A(fake)=0.15 gnG=16.65 gnD=10.14 it_per_s=8.84
2026-10-04 10:31:18,841 INFO iter=221400 epoch=32 lr=8.54e-05 G=2.417 advA2B=0.518 advB2A=0.731 cycA=0.091 cycB=0.114 idtA=0.177 idtB=0.113 D_A=0.085 D_B=0.160 D_A(real)=0.85 D_A(fake)=0.15 gnG=16.65 gnD=10.13 it_per_s=8.83
2026-10-04 10:31:30,215 INFO iter=221500 epoch=32 lr=8.53e-05 G=2.419 advA2B=0.519 advB2A=0.732 cycA=0.091 cycB=0.114 idtA=0.177 idtB=0.113 D_A=0.085 D_B=0.160 D_A(real)=0.85 D_A(fake)=0.15 gnG=16.66 gnD=10.13 it_per_s=8.83
2026-10-04 10:31:41,544 INFO iter=221600 epoch=32 lr=8.51e-05 G=2.417 advA2B=0.518 advB2A=0.732 cycA=0.091 cycB=0.114 idtA=0.177 idtB=0.113 D_A=0.085 D_B=0.160 D_A(real)=0.85 D_A(fake)=0.15 gnG=16.68 gnD=10.19 it_per_s=8.83
2026-10-04 10:31:52,889 INFO iter=221700 epoch=32 lr=8.50e-05 G=2.416 advA2B=0.518 advB2A=0.731 cycA=0.091 cycB=0.114 idtA=0.176 idtB=0.113 D_A=0.085 D_B=0.160 D_A(real)=0.85 D_A(fake)=0.15 gnG=16.69 gnD=10.19 it_per_s=8.83
2026-10-04 10:32:04,204 INFO iter=221800 epoch=32 lr=8.49e-05 G=2.418 advA2B=0.518 advB2A=0.731 cycA=0.091 cycB=0.114 idtA=0.176 idtB=0.113 D_A=0.085 D_B=0.160 D_A(real)=0.85 D_A(fake)=0.15 gnG=16.71 gnD=10.20 it_per_s=8.83
2026-10-04 10:32:15,487 INFO iter=221900 epoch=32 lr=8.47e-05 G=2.418 advA2B=0.518 advB2A=0.732 cycA=0.091 cycB=0.114 idtA=0.176 idtB=0.113 D_A=0.085 D_B=0.160 D_A(real)=0.85 D_A(fake)=0.15 gnG=16.73 gnD=10.19 it_per_s=8.83
2026-10-04 10:32:26,796 INFO iter=222000 epoch=32 lr=8.46e-05 G=2.419 advA2B=0.518 advB2A=0.732 cycA=0.091 cycB=0.114 idtA=0.177 idtB=0.113 D_A=0.085 D_B=0.160 D_A(real)=0.85 D_A(fake)=0.15 gnG=16.68 gnD=10.20 it_per_s=8.83
2026-10-04 10:32:38,115 INFO iter=222100 epoch=32 lr=8.44e-05 G=2.417 advA2B=0.518 advB2A=0.732 cycA=0.091 cycB=0.114 idtA=0.176 idtB=0.113 D_A=0.085 D_B=0.160 D_A(real)=0.85 D_A(fake)=0.15 gnG=16.72 gnD=10.18 it_per_s=8.83
2026-10-04 10:32:49,428 INFO iter=222200 epoch=32 lr=8.43e-05 G=2.416 advA2B=0.517 advB2A=0.732 cycA=0.090 cycB=0.114 idtA=0.176 idtB=0.113 D_A=0.084 D_B=0.160 D_A(real)=0.85 D_A(fake)=0.15 gnG=16.73 gnD=10.16 it_per_s=8.83
2026-10-04 10:33:00,716 INFO iter=222300 epoch=32 lr=8.41e-05 G=2.414 advA2B=0.516 advB2A=0.731 cycA=0.090 cycB=0.114 idtA=0.176 idtB=0.113 D_A=0.084 D_B=0.160 D_A(real)=0.85 D_A(fake)=0.15 gnG=16.76 gnD=10.16 it_per_s=8.83
2026-10-04 10:33:12,022 INFO iter=222400 epoch=32 lr=8.40e-05 G=2.413 advA2B=0.516 advB2A=0.731 cycA=0.090 cycB=0.114 idtA=0.176 idtB=0.113 D_A=0.085 D_B=0.160 D_A(real)=0.85 D_A(fake)=0.15 gnG=16.78 gnD=10.18 it_per_s=8.83
2026-10-04 10:33:23,416 INFO iter=222500 epoch=32 lr=8.39e-05 G=2.415 advA2B=0.516 advB2A=0.732 cycA=0.090 cycB=0.114 idtA=0.176 idtB=0.113 D_A=0.085 D_B=0.160 D_A(real)=0.85 D_A(fake)=0.15 gnG=16.83 gnD=10.17 it_per_s=8.83
2026-10-04 10:33:34,810 INFO iter=222600 epoch=32 lr=8.37e-05 G=2.415 advA2B=0.516 advB2A=0.732 cycA=0.090 cycB=0.114 idtA=0.176 idtB=0.113 D_A=0.084 D_B=0.160 D_A(real)=0.85 D_A(fake)=0.15 gnG=16.86 gnD=10.18 it_per_s=8.83
2026-10-04 10:33:46,094 INFO iter=222700 epoch=32 lr=8.36e-05 G=2.415 advA2B=0.517 advB2A=0.732 cycA=0.090 cycB=0.114 idtA=0.176 idtB=0.113 D_A=0.084 D_B=0.160 D_A(real)=0.85 D_A(fake)=0.15 gnG=16.88 gnD=10.19 it_per_s=8.83
2026-10-04 10:33:57,351 INFO iter=222800 epoch=32 lr=8.34e-05 G=2.413 advA2B=0.517 advB2A=0.732 cycA=0.090 cycB=0.114 idtA=0.176 idtB=0.113 D_A=0.084 D_B=0.160 D_A(real)=0.85 D_A(fake)=0.15 gnG=16.91 gnD=10.20 it_per_s=8.83
2026-10-04 10:34:08,615 INFO iter=222900 epoch=32 lr=8.33e-05 G=2.412 advA2B=0.516 advB2A=0.732 cycA=0.090 cycB=0.114 idtA=0.175 idtB=0.113 D_A=0.084 D_B=0.160 D_A(real)=0.85 D_A(fake)=0.15 gnG=16.89 gnD=10.21 it_per_s=8.83
2026-10-04 10:34:19,925 INFO iter=223000 epoch=32 lr=8.32e-05 G=2.413 advA2B=0.516 advB2A=0.733 cycA=0.090 cycB=0.114 idtA=0.176 idtB=0.113 D_A=0.084 D_B=0.160 D_A(real)=0.85 D_A(fake)=0.15 gnG=16.87 gnD=10.21 it_per_s=8.83
2026-10-04 10:34:31,285 INFO iter=223100 epoch=32 lr=8.30e-05 G=2.413 advA2B=0.515 advB2A=0.733 cycA=0.090 cycB=0.114 idtA=0.176 idtB=0.113 D_A=0.084 D_B=0.160 D_A(real)=0.85 D_A(fake)=0.15 gnG=16.88 gnD=10.19 it_per_s=8.83
2026-10-04 10:34:42,569 INFO iter=223200 epoch=32 lr=8.29e-05 G=2.414 advA2B=0.515 advB2A=0.734 cycA=0.090 cycB=0.114 idtA=0.176 idtB=0.113 D_A=0.084 D_B=0.160 D_A(real)=0.85 D_A(fake)=0.15 gnG=16.93 gnD=10.22 it_per_s=8.83
2026-10-04 10:34:53,905 INFO iter=223300 epoch=32 lr=8.27e-05 G=2.414 advA2B=0.515 advB2A=0.734 cycA=0.090 cycB=0.114 idtA=0.176 idtB=0.113 D_A=0.084 D_B=0.160 D_A(real)=0.85 D_A(fake)=0.15 gnG=16.96 gnD=10.21 it_per_s=8.83
2026-10-04 10:35:05,264 INFO iter=223400 epoch=32 lr=8.26e-05 G=2.412 advA2B=0.514 advB2A=0.734 cycA=0.090 cycB=0.114 idtA=0.176 idtB=0.113 D_A=0.084 D_B=0.160 D_A(real)=0.85 D_A(fake)=0.15 gnG=16.95 gnD=10.22 it_per_s=8.83
2026-10-04 10:35:16,545 INFO iter=223500 epoch=32 lr=8.24e-05 G=2.412 advA2B=0.514 advB2A=0.734 cycA=0.090 cycB=0.114 idtA=0.176 idtB=0.113 D_A=0.084 D_B=0.160 D_A(real)=0.85 D_A(fake)=0.15 gnG=16.94 gnD=10.23 it_per_s=8.83
2026-10-04 10:35:27,848 INFO iter=223600 epoch=32 lr=8.23e-05 G=2.411 advA2B=0.514 advB2A=0.734 cycA=0.090 cycB=0.114 idtA=0.176 idtB=0.113 D_A=0.084 D_B=0.160 D_A(real)=0.85 D_A(fake)=0.15 gnG=16.91 gnD=10.22 it_per_s=8.83
2026-10-04 10:35:39,099 INFO iter=223700 epoch=32 lr=8.22e-05 G=2.411 advA2B=0.515 advB2A=0.733 cycA=0.090 cycB=0.114 idtA=0.175 idtB=0.113 D_A=0.084 D_B=0.160 D_A(real)=0.85 D_A(fake)=0.15 gnG=16.94 gnD=10.20 it_per_s=8.83
2026-10-04 10:35:50,375 INFO iter=223800 epoch=32 lr=8.20e-05 G=2.411 advA2B=0.515 advB2A=0.733 cycA=0.090 cycB=0.114 idtA=0.175 idtB=0.113 D_A=0.084 D_B=0.159 D_A(real)=0.85 D_A(fake)=0.15 gnG=16.97 gnD=10.20 it_per_s=8.84
2026-10-04 10:36:01,725 INFO iter=223900 epoch=32 lr=8.19e-05 G=2.412 advA2B=0.515 advB2A=0.733 cycA=0.090 cycB=0.114 idtA=0.175 idtB=0.113 D_A=0.084 D_B=0.159 D_A(real)=0.85 D_A(fake)=0.15 gnG=16.96 gnD=10.20 it_per_s=8.84
2026-10-04 10:36:13,028 INFO iter=224000 epoch=32 lr=8.17e-05 G=2.412 advA2B=0.515 advB2A=0.733 cycA=0.090 cycB=0.114 idtA=0.175 idtB=0.113 D_A=0.084 D_B=0.159 D_A(real)=0.85 D_A(fake)=0.15 gnG=16.95 gnD=10.20 it_per_s=8.84
2026-10-04 10:36:24,339 INFO iter=224100 epoch=32 lr=8.16e-05 G=2.412 advA2B=0.516 advB2A=0.733 cycA=0.090 cycB=0.114 idtA=0.175 idtB=0.113 D_A=0.084 D_B=0.159 D_A(real)=0.85 D_A(fake)=0.15 gnG=16.97 gnD=10.19 it_per_s=8.84
2026-10-04 10:36:35,732 INFO iter=224200 epoch=32 lr=8.14e-05 G=2.413 advA2B=0.516 advB2A=0.734 cycA=0.090 cycB=0.114 idtA=0.175 idtB=0.113 D_A=0.084 D_B=0.159 D_A(real)=0.85 D_A(fake)=0.15 gnG=17.00 gnD=10.20 it_per_s=8.83
2026-10-04 10:36:47,156 INFO iter=224300 epoch=32 lr=8.13e-05 G=2.412 advA2B=0.516 advB2A=0.733 cycA=0.090 cycB=0.114 idtA=0.175 idtB=0.113 D_A=0.084 D_B=0.159 D_A(real)=0.85 D_A(fake)=0.15 gnG=16.99 gnD=10.20 it_per_s=8.83
2026-10-04 10:36:58,519 INFO iter=224400 epoch=32 lr=8.12e-05 G=2.412 advA2B=0.516 advB2A=0.733 cycA=0.090 cycB=0.114 idtA=0.175 idtB=0.113 D_A=0.084 D_B=0.159 D_A(real)=0.85 D_A(fake)=0.15 gnG=16.99 gnD=10.20 it_per_s=8.83
2026-10-04 10:37:09,821 INFO iter=224500 epoch=32 lr=8.10e-05 G=2.412 advA2B=0.515 advB2A=0.734 cycA=0.090 cycB=0.114 idtA=0.175 idtB=0.113 D_A=0.084 D_B=0.159 D_A(real)=0.85 D_A(fake)=0.15 gnG=16.99 gnD=10.20 it_per_s=8.83
2026-10-04 10:37:21,038 INFO iter=224600 epoch=32 lr=8.09e-05 G=2.412 advA2B=0.515 advB2A=0.734 cycA=0.090 cycB=0.114 idtA=0.175 idtB=0.113 D_A=0.084 D_B=0.159 D_A(real)=0.85 D_A(fake)=0.15 gnG=17.01 gnD=10.19 it_per_s=8.83
2026-10-04 10:37:32,287 INFO iter=224700 epoch=32 lr=8.07e-05 G=2.412 advA2B=0.515 advB2A=0.735 cycA=0.090 cycB=0.114 idtA=0.175 idtB=0.113 D_A=0.084 D_B=0.159 D_A(real)=0.85 D_A(fake)=0.15 gnG=17.03 gnD=10.20 it_per_s=8.83
2026-10-04 10:37:43,588 INFO iter=224800 epoch=32 lr=8.06e-05 G=2.412 advA2B=0.515 advB2A=0.735 cycA=0.090 cycB=0.114 idtA=0.176 idtB=0.113 D_A=0.084 D_B=0.159 D_A(real)=0.85 D_A(fake)=0.15 gnG=17.05 gnD=10.20 it_per_s=8.84
2026-10-04 10:37:54,848 INFO iter=224900 epoch=32 lr=8.05e-05 G=2.412 advA2B=0.515 advB2A=0.735 cycA=0.090 cycB=0.114 idtA=0.176 idtB=0.113 D_A=0.084 D_B=0.159 D_A(real)=0.85 D_A(fake)=0.15 gnG=17.03 gnD=10.22 it_per_s=8.84
2026-10-04 10:38:06,126 INFO iter=225000 epoch=32 lr=8.03e-05 G=2.411 advA2B=0.514 advB2A=0.735 cycA=0.090 cycB=0.114 idtA=0.175 idtB=0.113 D_A=0.084 D_B=0.159 D_A(real)=0.85 D_A(fake)=0.15 gnG=17.02 gnD=10.23 it_per_s=8.84
2026-10-04 10:38:17,432 INFO iter=225100 epoch=32 lr=8.02e-05 G=2.411 advA2B=0.514 advB2A=0.735 cycA=0.090 cycB=0.114 idtA=0.175 idtB=0.113 D_A=0.084 D_B=0.159 D_A(real)=0.85 D_A(fake)=0.15 gnG=17.05 gnD=10.25 it_per_s=8.84
2026-10-04 10:38:28,711 INFO iter=225200 epoch=32 lr=8.00e-05 G=2.411 advA2B=0.514 advB2A=0.735 cycA=0.090 cycB=0.114 idtA=0.175 idtB=0.113 D_A=0.084 D_B=0.159 D_A(real)=0.85 D_A(fake)=0.15 gnG=17.04 gnD=10.25 it_per_s=8.84
2026-10-04 10:38:30,502 INFO epoch=32 done time_s=796 it_per_s=8.84 G=2.412 cycA=0.090 cycB=0.114 idtA=0.175 idtB=0.113 D_A=0.084 D_B=0.159 D_A(real)=0.85 D_A(fake)=0.15 nan_count=0
2026-10-04 10:38:40,732 INFO iter=225300 epoch=33 lr=7.99e-05 G=2.517 advA2B=0.543 advB2A=0.744 cycA=0.095 cycB=0.120 idtA=0.183 idtB=0.124 D_A=0.088 D_B=0.149 D_A(real)=0.86 D_A(fake)=0.15 gnG=16.89 gnD=10.33 it_per_s=8.80
2026-10-04 10:38:52,006 INFO iter=225400 epoch=33 lr=7.97e-05 G=2.466 advA2B=0.515 advB2A=0.752 cycA=0.095 cycB=0.115 idtA=0.184 idtB=0.114 D_A=0.086 D_B=0.153 D_A(real)=0.86 D_A(fake)=0.14 gnG=17.00 gnD=10.09 it_per_s=8.84
2026-10-04 10:39:03,348 INFO iter=225500 epoch=33 lr=7.96e-05 G=2.491 advA2B=0.522 advB2A=0.758 cycA=0.095 cycB=0.117 idtA=0.182 idtB=0.116 D_A=0.082 D_B=0.155 D_A(real)=0.86 D_A(fake)=0.14 gnG=17.35 gnD=10.18 it_per_s=8.83
2026-10-04 10:39:14,607 INFO iter=225600 epoch=33 lr=7.95e-05 G=2.470 advA2B=0.519 advB2A=0.746 cycA=0.094 cycB=0.118 idtA=0.182 idtB=0.115 D_A=0.084 D_B=0.156 D_A(real)=0.86 D_A(fake)=0.14 gnG=17.48 gnD=10.31 it_per_s=8.84
2026-10-04 10:39:25,947 INFO iter=225700 epoch=33 lr=7.93e-05 G=2.454 advA2B=0.513 advB2A=0.742 cycA=0.093 cycB=0.117 idtA=0.184 idtB=0.114 D_A=0.084 D_B=0.159 D_A(real)=0.86 D_A(fake)=0.14 gnG=17.80 gnD=10.44 it_per_s=8.84
2026-10-04 10:39:37,227 INFO iter=225800 epoch=33 lr=7.92e-05 G=2.441 advA2B=0.512 advB2A=0.735 cycA=0.093 cycB=0.116 idtA=0.182 idtB=0.114 D_A=0.084 D_B=0.158 D_A(real)=0.86 D_A(fake)=0.14 gnG=17.59 gnD=10.38 it_per_s=8.84
2026-10-04 10:39:48,480 INFO iter=225900 epoch=33 lr=7.90e-05 G=2.442 advA2B=0.512 advB2A=0.735 cycA=0.092 cycB=0.117 idtA=0.184 idtB=0.114 D_A=0.084 D_B=0.159 D_A(real)=0.86 D_A(fake)=0.14 gnG=17.40 gnD=10.40 it_per_s=8.85
2026-10-04 10:39:59,812 INFO iter=226000 epoch=33 lr=7.89e-05 G=2.444 advA2B=0.518 advB2A=0.734 cycA=0.092 cycB=0.116 idtA=0.184 idtB=0.114 D_A=0.084 D_B=0.155 D_A(real)=0.85 D_A(fake)=0.15 gnG=17.47 gnD=10.32 it_per_s=8.85
2026-10-04 10:40:11,011 INFO iter=226100 epoch=33 lr=7.87e-05 G=2.441 advA2B=0.518 advB2A=0.737 cycA=0.092 cycB=0.116 idtA=0.184 idtB=0.114 D_A=0.084 D_B=0.156 D_A(real)=0.85 D_A(fake)=0.15 gnG=17.48 gnD=10.44 it_per_s=8.86
2026-10-04 10:40:22,348 INFO iter=226200 epoch=33 lr=7.86e-05 G=2.433 advA2B=0.517 advB2A=0.740 cycA=0.091 cycB=0.115 idtA=0.182 idtB=0.112 D_A=0.084 D_B=0.155 D_A(real)=0.86 D_A(fake)=0.14 gnG=17.51 gnD=10.39 it_per_s=8.85
2026-10-04 10:40:33,602 INFO iter=226300 epoch=33 lr=7.85e-05 G=2.434 advA2B=0.519 advB2A=0.740 cycA=0.091 cycB=0.114 idtA=0.182 idtB=0.112 D_A=0.084 D_B=0.155 D_A(real)=0.85 D_A(fake)=0.15 gnG=17.69 gnD=10.37 it_per_s=8.85
2026-10-04 10:40:44,948 INFO iter=226400 epoch=33 lr=7.83e-05 G=2.431 advA2B=0.520 advB2A=0.740 cycA=0.091 cycB=0.114 idtA=0.181 idtB=0.112 D_A=0.083 D_B=0.154 D_A(real)=0.85 D_A(fake)=0.15 gnG=17.65 gnD=10.33 it_per_s=8.85
2026-10-04 10:40:56,285 INFO iter=226500 epoch=33 lr=7.82e-05 G=2.429 advA2B=0.523 advB2A=0.740 cycA=0.091 cycB=0.113 idtA=0.181 idtB=0.111 D_A=0.083 D_B=0.155 D_A(real)=0.85 D_A(fake)=0.15 gnG=17.71 gnD=10.40 it_per_s=8.85
2026-10-04 10:41:07,576 INFO iter=226600 epoch=33 lr=7.80e-05 G=2.434 advA2B=0.527 advB2A=0.739 cycA=0.091 cycB=0.114 idtA=0.180 idtB=0.111 D_A=0.083 D_B=0.155 D_A(real)=0.85 D_A(fake)=0.15 gnG=17.72 gnD=10.35 it_per_s=8.85
2026-10-04 10:41:18,929 INFO iter=226700 epoch=33 lr=7.79e-05 G=2.433 advA2B=0.525 advB2A=0.741 cycA=0.091 cycB=0.114 idtA=0.180 idtB=0.112 D_A=0.083 D_B=0.155 D_A(real)=0.85 D_A(fake)=0.15 gnG=17.64 gnD=10.36 it_per_s=8.85
2026-10-04 10:41:30,290 INFO iter=226800 epoch=33 lr=7.78e-05 G=2.431 advA2B=0.524 advB2A=0.740 cycA=0.090 cycB=0.114 idtA=0.180 idtB=0.112 D_A=0.083 D_B=0.155 D_A(real)=0.85 D_A(fake)=0.15 gnG=17.62 gnD=10.35 it_per_s=8.84
2026-10-04 10:41:41,614 INFO iter=226900 epoch=33 lr=7.76e-05 G=2.431 advA2B=0.524 advB2A=0.742 cycA=0.090 cycB=0.114 idtA=0.179 idtB=0.113 D_A=0.083 D_B=0.154 D_A(real)=0.85 D_A(fake)=0.15 gnG=17.63 gnD=10.39 it_per_s=8.84
2026-10-04 10:41:52,932 INFO iter=227000 epoch=33 lr=7.75e-05 G=2.437 advA2B=0.525 advB2A=0.745 cycA=0.090 cycB=0.114 idtA=0.178 idtB=0.112 D_A=0.083 D_B=0.154 D_A(real)=0.85 D_A(fake)=0.15 gnG=17.79 gnD=10.41 it_per_s=8.84
2026-10-04 10:42:04,270 INFO iter=227100 epoch=33 lr=7.73e-05 G=2.439 advA2B=0.527 advB2A=0.745 cycA=0.090 cycB=0.114 idtA=0.178 idtB=0.113 D_A=0.083 D_B=0.154 D_A(real)=0.85 D_A(fake)=0.15 gnG=17.87 gnD=10.41 it_per_s=8.84
2026-10-04 10:42:15,574 INFO iter=227200 epoch=33 lr=7.72e-05 G=2.436 advA2B=0.525 advB2A=0.744 cycA=0.090 cycB=0.114 idtA=0.178 idtB=0.113 D_A=0.083 D_B=0.154 D_A(real)=0.85 D_A(fake)=0.15 gnG=17.82 gnD=10.38 it_per_s=8.84
2026-10-04 10:42:26,987 INFO iter=227300 epoch=33 lr=7.70e-05 G=2.435 advA2B=0.525 advB2A=0.744 cycA=0.090 cycB=0.114 idtA=0.178 idtB=0.112 D_A=0.082 D_B=0.154 D_A(real)=0.85 D_A(fake)=0.14 gnG=17.75 gnD=10.37 it_per_s=8.84
2026-10-04 10:42:38,266 INFO iter=227400 epoch=33 lr=7.69e-05 G=2.435 advA2B=0.526 advB2A=0.743 cycA=0.090 cycB=0.114 idtA=0.179 idtB=0.112 D_A=0.082 D_B=0.154 D_A(real)=0.86 D_A(fake)=0.14 gnG=17.77 gnD=10.35 it_per_s=8.84
2026-10-04 10:42:49,616 INFO iter=227500 epoch=33 lr=7.68e-05 G=2.435 advA2B=0.527 advB2A=0.742 cycA=0.090 cycB=0.114 idtA=0.178 idtB=0.112 D_A=0.082 D_B=0.154 D_A(real)=0.86 D_A(fake)=0.14 gnG=17.78 gnD=10.35 it_per_s=8.84
2026-10-04 10:43:00,925 INFO iter=227600 epoch=33 lr=7.66e-05 G=2.430 advA2B=0.525 advB2A=0.741 cycA=0.090 cycB=0.114 idtA=0.178 idtB=0.112 D_A=0.082 D_B=0.154 D_A(real)=0.86 D_A(fake)=0.14 gnG=17.71 gnD=10.33 it_per_s=8.84
2026-10-04 10:43:12,283 INFO iter=227700 epoch=33 lr=7.65e-05 G=2.431 advA2B=0.524 advB2A=0.741 cycA=0.090 cycB=0.114 idtA=0.178 idtB=0.112 D_A=0.082 D_B=0.153 D_A(real)=0.86 D_A(fake)=0.14 gnG=17.70 gnD=10.33 it_per_s=8.84
2026-10-04 10:43:23,556 INFO iter=227800 epoch=33 lr=7.63e-05 G=2.431 advA2B=0.523 advB2A=0.742 cycA=0.090 cycB=0.114 idtA=0.178 idtB=0.112 D_A=0.082 D_B=0.153 D_A(real)=0.86 D_A(fake)=0.14 gnG=17.74 gnD=10.34 it_per_s=8.84
2026-10-04 10:43:34,860 INFO iter=227900 epoch=33 lr=7.62e-05 G=2.432 advA2B=0.523 advB2A=0.744 cycA=0.090 cycB=0.114 idtA=0.177 idtB=0.112 D_A=0.082 D_B=0.153 D_A(real)=0.86 D_A(fake)=0.14 gnG=17.75 gnD=10.34 it_per_s=8.84
2026-10-04 10:43:46,119 INFO iter=228000 epoch=33 lr=7.60e-05 G=2.432 advA2B=0.521 advB2A=0.745 cycA=0.090 cycB=0.114 idtA=0.177 idtB=0.112 D_A=0.082 D_B=0.153 D_A(real)=0.86 D_A(fake)=0.14 gnG=17.75 gnD=10.34 it_per_s=8.84
2026-10-04 10:43:57,369 INFO iter=228100 epoch=33 lr=7.59e-05 G=2.432 advA2B=0.521 advB2A=0.745 cycA=0.090 cycB=0.114 idtA=0.177 idtB=0.112 D_A=0.082 D_B=0.154 D_A(real)=0.86 D_A(fake)=0.14 gnG=17.77 gnD=10.38 it_per_s=8.84
2026-10-04 10:44:08,656 INFO iter=228200 epoch=33 lr=7.58e-05 G=2.432 advA2B=0.521 advB2A=0.746 cycA=0.090 cycB=0.114 idtA=0.177 idtB=0.112 D_A=0.082 D_B=0.154 D_A(real)=0.86 D_A(fake)=0.14 gnG=17.78 gnD=10.38 it_per_s=8.84
2026-10-04 10:44:19,972 INFO iter=228300 epoch=33 lr=7.56e-05 G=2.433 advA2B=0.521 advB2A=0.746 cycA=0.090 cycB=0.114 idtA=0.177 idtB=0.113 D_A=0.082 D_B=0.154 D_A(real)=0.86 D_A(fake)=0.14 gnG=17.77 gnD=10.40 it_per_s=8.84
2026-10-04 10:44:31,255 INFO iter=228400 epoch=33 lr=7.55e-05 G=2.432 advA2B=0.520 advB2A=0.746 cycA=0.090 cycB=0.114 idtA=0.177 idtB=0.113 D_A=0.082 D_B=0.154 D_A(real)=0.86 D_A(fake)=0.14 gnG=17.85 gnD=10.40 it_per_s=8.84
2026-10-04 10:44:42,508 INFO iter=228500 epoch=33 lr=7.53e-05 G=2.432 advA2B=0.520 advB2A=0.747 cycA=0.090 cycB=0.114 idtA=0.177 idtB=0.113 D_A=0.082 D_B=0.154 D_A(real)=0.85 D_A(fake)=0.15 gnG=17.88 gnD=10.39 it_per_s=8.84
2026-10-04 10:44:53,794 INFO iter=228600 epoch=33 lr=7.52e-05 G=2.431 advA2B=0.519 advB2A=0.748 cycA=0.090 cycB=0.114 idtA=0.177 idtB=0.112 D_A=0.082 D_B=0.155 D_A(real)=0.85 D_A(fake)=0.14 gnG=17.87 gnD=10.38 it_per_s=8.84
2026-10-04 10:45:05,124 INFO iter=228700 epoch=33 lr=7.51e-05 G=2.431 advA2B=0.519 advB2A=0.748 cycA=0.090 cycB=0.114 idtA=0.177 idtB=0.112 D_A=0.082 D_B=0.154 D_A(real)=0.86 D_A(fake)=0.14 gnG=17.91 gnD=10.39 it_per_s=8.84
2026-10-04 10:45:16,436 INFO iter=228800 epoch=33 lr=7.49e-05 G=2.430 advA2B=0.520 advB2A=0.747 cycA=0.090 cycB=0.114 idtA=0.177 idtB=0.112 D_A=0.082 D_B=0.154 D_A(real)=0.86 D_A(fake)=0.14 gnG=17.88 gnD=10.41 it_per_s=8.84
2026-10-04 10:45:27,738 INFO iter=228900 epoch=33 lr=7.48e-05 G=2.429 advA2B=0.520 advB2A=0.746 cycA=0.090 cycB=0.114 idtA=0.177 idtB=0.112 D_A=0.082 D_B=0.155 D_A(real)=0.85 D_A(fake)=0.15 gnG=17.88 gnD=10.45 it_per_s=8.84
2026-10-04 10:45:39,054 INFO iter=229000 epoch=33 lr=7.46e-05 G=2.430 advA2B=0.521 advB2A=0.747 cycA=0.090 cycB=0.114 idtA=0.176 idtB=0.112 D_A=0.082 D_B=0.155 D_A(real)=0.85 D_A(fake)=0.15 gnG=17.93 gnD=10.46 it_per_s=8.84
2026-10-04 10:45:50,296 INFO iter=229100 epoch=33 lr=7.45e-05 G=2.428 advA2B=0.520 advB2A=0.746 cycA=0.090 cycB=0.114 idtA=0.177 idtB=0.112 D_A=0.082 D_B=0.155 D_A(real)=0.85 D_A(fake)=0.15 gnG=17.94 gnD=10.48 it_per_s=8.85
2026-10-04 10:46:01,618 INFO iter=229200 epoch=33 lr=7.43e-05 G=2.430 advA2B=0.521 advB2A=0.747 cycA=0.090 cycB=0.114 idtA=0.177 idtB=0.112 D_A=0.082 D_B=0.155 D_A(real)=0.85 D_A(fake)=0.15 gnG=17.96 gnD=10.47 it_per_s=8.84
2026-10-04 10:46:12,929 INFO iter=229300 epoch=33 lr=7.42e-05 G=2.429 advA2B=0.521 advB2A=0.747 cycA=0.090 cycB=0.114 idtA=0.176 idtB=0.112 D_A=0.082 D_B=0.155 D_A(real)=0.85 D_A(fake)=0.15 gnG=17.94 gnD=10.45 it_per_s=8.84
2026-10-04 10:46:24,290 INFO iter=229400 epoch=33 lr=7.41e-05 G=2.427 advA2B=0.520 advB2A=0.747 cycA=0.090 cycB=0.114 idtA=0.176 idtB=0.112 D_A=0.082 D_B=0.155 D_A(real)=0.85 D_A(fake)=0.15 gnG=17.90 gnD=10.45 it_per_s=8.84
2026-10-04 10:46:35,782 INFO iter=229500 epoch=33 lr=7.39e-05 G=2.427 advA2B=0.521 advB2A=0.746 cycA=0.090 cycB=0.114 idtA=0.176 idtB=0.112 D_A=0.082 D_B=0.155 D_A(real)=0.85 D_A(fake)=0.15 gnG=17.89 gnD=10.44 it_per_s=8.84
2026-10-04 10:46:47,120 INFO iter=229600 epoch=33 lr=7.38e-05 G=2.428 advA2B=0.521 advB2A=0.747 cycA=0.090 cycB=0.114 idtA=0.176 idtB=0.112 D_A=0.082 D_B=0.155 D_A(real)=0.85 D_A(fake)=0.15 gnG=17.91 gnD=10.46 it_per_s=8.84
2026-10-04 10:46:58,493 INFO iter=229700 epoch=33 lr=7.36e-05 G=2.428 advA2B=0.521 advB2A=0.746 cycA=0.090 cycB=0.113 idtA=0.176 idtB=0.112 D_A=0.082 D_B=0.155 D_A(real)=0.85 D_A(fake)=0.15 gnG=17.91 gnD=10.47 it_per_s=8.84
2026-10-04 10:47:09,879 INFO iter=229800 epoch=33 lr=7.35e-05 G=2.427 advA2B=0.521 advB2A=0.745 cycA=0.090 cycB=0.114 idtA=0.176 idtB=0.112 D_A=0.082 D_B=0.155 D_A(real)=0.85 D_A(fake)=0.15 gnG=17.88 gnD=10.47 it_per_s=8.84
2026-10-04 10:47:21,186 INFO iter=229900 epoch=33 lr=7.33e-05 G=2.428 advA2B=0.521 advB2A=0.746 cycA=0.090 cycB=0.114 idtA=0.176 idtB=0.112 D_A=0.082 D_B=0.155 D_A(real)=0.85 D_A(fake)=0.15 gnG=17.89 gnD=10.48 it_per_s=8.84
2026-10-04 10:47:32,545 INFO iter=230000 epoch=33 lr=7.32e-05 G=2.426 advA2B=0.521 advB2A=0.746 cycA=0.090 cycB=0.114 idtA=0.176 idtB=0.111 D_A=0.082 D_B=0.155 D_A(real)=0.86 D_A(fake)=0.14 gnG=17.91 gnD=10.48 it_per_s=8.84
2026-10-04 10:47:43,805 INFO iter=230100 epoch=33 lr=7.31e-05 G=2.426 advA2B=0.521 advB2A=0.745 cycA=0.090 cycB=0.114 idtA=0.176 idtB=0.112 D_A=0.082 D_B=0.155 D_A(real)=0.86 D_A(fake)=0.14 gnG=17.87 gnD=10.48 it_per_s=8.84
2026-10-04 10:47:55,117 INFO iter=230200 epoch=33 lr=7.29e-05 G=2.426 advA2B=0.521 advB2A=0.746 cycA=0.090 cycB=0.114 idtA=0.176 idtB=0.111 D_A=0.082 D_B=0.155 D_A(real)=0.85 D_A(fake)=0.15 gnG=17.85 gnD=10.46 it_per_s=8.84
2026-10-04 10:48:06,473 INFO iter=230300 epoch=33 lr=7.28e-05 G=2.424 advA2B=0.521 advB2A=0.745 cycA=0.090 cycB=0.114 idtA=0.175 idtB=0.111 D_A=0.081 D_B=0.155 D_A(real)=0.85 D_A(fake)=0.15 gnG=17.85 gnD=10.45 it_per_s=8.84
2026-10-04 10:48:17,781 INFO iter=230400 epoch=33 lr=7.26e-05 G=2.424 advA2B=0.520 advB2A=0.744 cycA=0.090 cycB=0.114 idtA=0.175 idtB=0.112 D_A=0.081 D_B=0.155 D_A(real)=0.85 D_A(fake)=0.15 gnG=17.85 gnD=10.44 it_per_s=8.84
2026-10-04 10:48:29,115 INFO iter=230500 epoch=33 lr=7.25e-05 G=2.424 advA2B=0.520 advB2A=0.745 cycA=0.089 cycB=0.114 idtA=0.176 idtB=0.112 D_A=0.081 D_B=0.155 D_A(real)=0.86 D_A(fake)=0.14 gnG=17.83 gnD=10.45 it_per_s=8.84
2026-10-04 10:48:40,373 INFO iter=230600 epoch=33 lr=7.24e-05 G=2.423 advA2B=0.520 advB2A=0.744 cycA=0.089 cycB=0.114 idtA=0.176 idtB=0.112 D_A=0.081 D_B=0.155 D_A(real)=0.86 D_A(fake)=0.14 gnG=17.82 gnD=10.46 it_per_s=8.84
2026-10-04 10:48:51,658 INFO iter=230700 epoch=33 lr=7.22e-05 G=2.422 advA2B=0.519 advB2A=0.744 cycA=0.089 cycB=0.114 idtA=0.175 idtB=0.112 D_A=0.081 D_B=0.155 D_A(real)=0.86 D_A(fake)=0.14 gnG=17.81 gnD=10.48 it_per_s=8.84
2026-10-04 10:49:03,071 INFO iter=230800 epoch=33 lr=7.21e-05 G=2.421 advA2B=0.520 advB2A=0.744 cycA=0.089 cycB=0.114 idtA=0.175 idtB=0.112 D_A=0.081 D_B=0.155 D_A(real)=0.85 D_A(fake)=0.15 gnG=17.82 gnD=10.49 it_per_s=8.84
2026-10-04 10:49:14,416 INFO iter=230900 epoch=33 lr=7.19e-05 G=2.421 advA2B=0.520 advB2A=0.744 cycA=0.089 cycB=0.114 idtA=0.175 idtB=0.112 D_A=0.081 D_B=0.155 D_A(real)=0.85 D_A(fake)=0.15 gnG=17.84 gnD=10.51 it_per_s=8.84
2026-10-04 10:49:25,728 INFO iter=231000 epoch=33 lr=7.18e-05 G=2.421 advA2B=0.519 advB2A=0.744 cycA=0.089 cycB=0.114 idtA=0.175 idtB=0.112 D_A=0.081 D_B=0.155 D_A(real)=0.85 D_A(fake)=0.15 gnG=17.83 gnD=10.50 it_per_s=8.84
2026-10-04 10:49:36,998 INFO iter=231100 epoch=33 lr=7.16e-05 G=2.420 advA2B=0.519 advB2A=0.744 cycA=0.089 cycB=0.114 idtA=0.175 idtB=0.112 D_A=0.081 D_B=0.155 D_A(real)=0.85 D_A(fake)=0.15 gnG=17.82 gnD=10.52 it_per_s=8.84
2026-10-04 10:49:48,325 INFO iter=231200 epoch=33 lr=7.15e-05 G=2.419 advA2B=0.518 advB2A=0.743 cycA=0.089 cycB=0.114 idtA=0.175 idtB=0.112 D_A=0.081 D_B=0.155 D_A(real)=0.85 D_A(fake)=0.15 gnG=17.79 gnD=10.52 it_per_s=8.84
2026-10-04 10:49:59,663 INFO iter=231300 epoch=33 lr=7.14e-05 G=2.418 advA2B=0.518 advB2A=0.743 cycA=0.089 cycB=0.113 idtA=0.175 idtB=0.112 D_A=0.081 D_B=0.155 D_A(real)=0.85 D_A(fake)=0.15 gnG=17.78 gnD=10.54 it_per_s=8.84
2026-10-04 10:50:10,958 INFO iter=231400 epoch=33 lr=7.12e-05 G=2.418 advA2B=0.519 advB2A=0.743 cycA=0.089 cycB=0.113 idtA=0.175 idtB=0.112 D_A=0.081 D_B=0.155 D_A(real)=0.85 D_A(fake)=0.15 gnG=17.78 gnD=10.54 it_per_s=8.84
2026-10-04 10:50:22,284 INFO iter=231500 epoch=33 lr=7.11e-05 G=2.419 advA2B=0.519 advB2A=0.743 cycA=0.089 cycB=0.113 idtA=0.175 idtB=0.112 D_A=0.081 D_B=0.155 D_A(real)=0.85 D_A(fake)=0.15 gnG=17.77 gnD=10.54 it_per_s=8.84
2026-10-04 10:50:33,618 INFO iter=231600 epoch=33 lr=7.09e-05 G=2.418 advA2B=0.518 advB2A=0.743 cycA=0.089 cycB=0.113 idtA=0.175 idtB=0.112 D_A=0.081 D_B=0.155 D_A(real)=0.85 D_A(fake)=0.15 gnG=17.73 gnD=10.55 it_per_s=8.84
2026-10-04 10:50:44,938 INFO iter=231700 epoch=33 lr=7.08e-05 G=2.418 advA2B=0.518 advB2A=0.743 cycA=0.089 cycB=0.113 idtA=0.175 idtB=0.112 D_A=0.081 D_B=0.155 D_A(real)=0.85 D_A(fake)=0.15 gnG=17.75 gnD=10.55 it_per_s=8.84
2026-10-04 10:50:56,253 INFO iter=231800 epoch=33 lr=7.06e-05 G=2.418 advA2B=0.518 advB2A=0.744 cycA=0.089 cycB=0.113 idtA=0.175 idtB=0.112 D_A=0.081 D_B=0.155 D_A(real)=0.85 D_A(fake)=0.15 gnG=17.77 gnD=10.55 it_per_s=8.84
2026-10-04 10:51:07,546 INFO iter=231900 epoch=33 lr=7.05e-05 G=2.417 advA2B=0.519 advB2A=0.743 cycA=0.089 cycB=0.113 idtA=0.175 idtB=0.112 D_A=0.081 D_B=0.155 D_A(real)=0.85 D_A(fake)=0.15 gnG=17.80 gnD=10.54 it_per_s=8.84
2026-10-04 10:51:18,841 INFO iter=232000 epoch=33 lr=7.04e-05 G=2.417 advA2B=0.519 advB2A=0.743 cycA=0.089 cycB=0.113 idtA=0.175 idtB=0.112 D_A=0.081 D_B=0.155 D_A(real)=0.85 D_A(fake)=0.15 gnG=17.79 gnD=10.54 it_per_s=8.84
2026-10-04 10:51:30,158 INFO iter=232100 epoch=33 lr=7.02e-05 G=2.417 advA2B=0.519 advB2A=0.743 cycA=0.089 cycB=0.113 idtA=0.175 idtB=0.111 D_A=0.081 D_B=0.155 D_A(real)=0.85 D_A(fake)=0.15 gnG=17.76 gnD=10.54 it_per_s=8.84
2026-10-04 10:51:41,455 INFO iter=232200 epoch=33 lr=7.01e-05 G=2.417 advA2B=0.518 advB2A=0.744 cycA=0.089 cycB=0.113 idtA=0.174 idtB=0.111 D_A=0.081 D_B=0.155 D_A(real)=0.85 D_A(fake)=0.15 gnG=17.78 gnD=10.56 it_per_s=8.84
2026-10-04 10:51:47,524 INFO epoch=33 done time_s=796 it_per_s=8.84 G=2.417 cycA=0.089 cycB=0.113 idtA=0.174 idtB=0.112 D_A=0.081 D_B=0.155 D_A(real)=0.85 D_A(fake)=0.15 nan_count=0
2026-10-04 10:51:53,596 INFO iter=232300 epoch=34 lr=6.99e-05 G=2.348 advA2B=0.464 advB2A=0.735 cycA=0.086 cycB=0.116 idtA=0.165 idtB=0.118 D_A=0.091 D_B=0.154 D_A(real)=0.81 D_A(fake)=0.18 gnG=19.20 gnD=9.75 it_per_s=8.59
2026-10-04 10:52:05,032 INFO iter=232400 epoch=34 lr=6.98e-05 G=2.389 advA2B=0.502 advB2A=0.757 cycA=0.086 cycB=0.112 idtA=0.168 idtB=0.110 D_A=0.079 D_B=0.155 D_A(real)=0.85 D_A(fake)=0.15 gnG=18.38 gnD=10.06 it_per_s=8.69
2026-10-04 10:52:16,318 INFO iter=232500 epoch=34 lr=6.97e-05 G=2.412 advA2B=0.524 advB2A=0.748 cycA=0.088 cycB=0.112 idtA=0.168 idtB=0.111 D_A=0.080 D_B=0.152 D_A(real)=0.85 D_A(fake)=0.15 gnG=18.40 gnD=10.54 it_per_s=8.76
2026-10-04 10:52:27,573 INFO iter=232600 epoch=34 lr=6.95e-05 G=2.435 advA2B=0.529 advB2A=0.768 cycA=0.089 cycB=0.111 idtA=0.170 idtB=0.110 D_A=0.080 D_B=0.153 D_A(real)=0.85 D_A(fake)=0.15 gnG=18.23 gnD=10.73 it_per_s=8.80
2026-10-04 10:52:38,871 INFO iter=232700 epoch=34 lr=6.94e-05 G=2.436 advA2B=0.530 advB2A=0.771 cycA=0.088 cycB=0.111 idtA=0.170 idtB=0.110 D_A=0.080 D_B=0.153 D_A(real)=0.85 D_A(fake)=0.14 gnG=18.14 gnD=10.71 it_per_s=8.81
2026-10-04 10:52:50,145 INFO iter=232800 epoch=34 lr=6.92e-05 G=2.441 advA2B=0.530 advB2A=0.768 cycA=0.089 cycB=0.111 idtA=0.172 idtB=0.110 D_A=0.080 D_B=0.152 D_A(real)=0.86 D_A(fake)=0.14 gnG=18.15 gnD=10.90 it_per_s=8.82
2026-10-04 10:53:01,413 INFO iter=232900 epoch=34 lr=6.91e-05 G=2.428 advA2B=0.526 advB2A=0.762 cycA=0.089 cycB=0.111 idtA=0.173 idtB=0.109 D_A=0.079 D_B=0.154 D_A(real)=0.85 D_A(fake)=0.15 gnG=18.21 gnD=11.03 it_per_s=8.83
2026-10-04 10:53:12,733 INFO iter=233000 epoch=34 lr=6.89e-05 G=2.430 advA2B=0.529 advB2A=0.761 cycA=0.089 cycB=0.111 idtA=0.172 idtB=0.109 D_A=0.079 D_B=0.154 D_A(real)=0.85 D_A(fake)=0.14 gnG=18.43 gnD=10.94 it_per_s=8.83
2026-10-04 10:53:24,026 INFO iter=233100 epoch=34 lr=6.88e-05 G=2.434 advA2B=0.525 advB2A=0.762 cycA=0.089 cycB=0.112 idtA=0.172 idtB=0.111 D_A=0.078 D_B=0.154 D_A(real)=0.86 D_A(fake)=0.14 gnG=18.50 gnD=11.09 it_per_s=8.83
2026-10-04 10:53:35,312 INFO iter=233200 epoch=34 lr=6.87e-05 G=2.428 advA2B=0.526 advB2A=0.758 cycA=0.089 cycB=0.112 idtA=0.172 idtB=0.110 D_A=0.078 D_B=0.154 D_A(real)=0.86 D_A(fake)=0.14 gnG=18.44 gnD=11.12 it_per_s=8.84
2026-10-04 10:53:46,603 INFO iter=233300 epoch=34 lr=6.85e-05 G=2.433 advA2B=0.526 advB2A=0.762 cycA=0.089 cycB=0.112 idtA=0.172 idtB=0.110 D_A=0.079 D_B=0.154 D_A(real)=0.86 D_A(fake)=0.14 gnG=18.50 gnD=11.06 it_per_s=8.84
2026-10-04 10:53:57,929 INFO iter=233400 epoch=34 lr=6.84e-05 G=2.436 advA2B=0.528 advB2A=0.758 cycA=0.089 cycB=0.112 idtA=0.172 idtB=0.111 D_A=0.079 D_B=0.154 D_A(real)=0.85 D_A(fake)=0.14 gnG=18.40 gnD=11.08 it_per_s=8.84
2026-10-04 10:54:09,217 INFO iter=233500 epoch=34 lr=6.82e-05 G=2.430 advA2B=0.528 advB2A=0.755 cycA=0.089 cycB=0.112 idtA=0.172 idtB=0.110 D_A=0.079 D_B=0.154 D_A(real)=0.85 D_A(fake)=0.14 gnG=18.27 gnD=11.05 it_per_s=8.84
2026-10-04 10:54:20,481 INFO iter=233600 epoch=34 lr=6.81e-05 G=2.431 advA2B=0.526 advB2A=0.755 cycA=0.089 cycB=0.112 idtA=0.173 idtB=0.111 D_A=0.079 D_B=0.153 D_A(real)=0.86 D_A(fake)=0.14 gnG=18.20 gnD=10.96 it_per_s=8.84
2026-10-04 10:54:31,810 INFO iter=233700 epoch=34 lr=6.79e-05 G=2.429 advA2B=0.525 advB2A=0.754 cycA=0.089 cycB=0.112 idtA=0.173 idtB=0.111 D_A=0.079 D_B=0.153 D_A(real)=0.86 D_A(fake)=0.14 gnG=18.11 gnD=10.95 it_per_s=8.84
2026-10-04 10:54:43,127 INFO iter=233800 epoch=34 lr=6.78e-05 G=2.430 advA2B=0.526 advB2A=0.753 cycA=0.089 cycB=0.112 idtA=0.173 idtB=0.111 D_A=0.079 D_B=0.153 D_A(real)=0.86 D_A(fake)=0.14 gnG=18.09 gnD=10.89 it_per_s=8.84
2026-10-04 10:54:54,422 INFO iter=233900 epoch=34 lr=6.77e-05 G=2.430 advA2B=0.528 advB2A=0.753 cycA=0.089 cycB=0.112 idtA=0.173 idtB=0.111 D_A=0.079 D_B=0.153 D_A(real)=0.86 D_A(fake)=0.14 gnG=18.18 gnD=10.92 it_per_s=8.84
2026-10-04 10:55:05,740 INFO iter=234000 epoch=34 lr=6.75e-05 G=2.430 advA2B=0.530 advB2A=0.753 cycA=0.089 cycB=0.112 idtA=0.173 idtB=0.110 D_A=0.080 D_B=0.153 D_A(real)=0.86 D_A(fake)=0.14 gnG=18.19 gnD=10.88 it_per_s=8.84
2026-10-04 10:55:17,096 INFO iter=234100 epoch=34 lr=6.74e-05 G=2.430 advA2B=0.530 advB2A=0.753 cycA=0.089 cycB=0.112 idtA=0.173 idtB=0.110 D_A=0.079 D_B=0.152 D_A(real)=0.86 D_A(fake)=0.14 gnG=18.29 gnD=10.84 it_per_s=8.84
2026-10-04 10:55:28,400 INFO iter=234200 epoch=34 lr=6.72e-05 G=2.430 advA2B=0.529 advB2A=0.753 cycA=0.089 cycB=0.112 idtA=0.173 idtB=0.111 D_A=0.079 D_B=0.153 D_A(real)=0.86 D_A(fake)=0.14 gnG=18.27 gnD=10.90 it_per_s=8.84
2026-10-04 10:55:39,730 INFO iter=234300 epoch=34 lr=6.71e-05 G=2.432 advA2B=0.530 advB2A=0.752 cycA=0.089 cycB=0.112 idtA=0.173 idtB=0.111 D_A=0.079 D_B=0.153 D_A(real)=0.86 D_A(fake)=0.14 gnG=18.25 gnD=10.89 it_per_s=8.84
2026-10-04 10:55:51,036 INFO iter=234400 epoch=34 lr=6.70e-05 G=2.432 advA2B=0.528 advB2A=0.754 cycA=0.089 cycB=0.112 idtA=0.173 idtB=0.111 D_A=0.079 D_B=0.152 D_A(real)=0.86 D_A(fake)=0.14 gnG=18.26 gnD=10.88 it_per_s=8.84
2026-10-04 10:56:02,333 INFO iter=234500 epoch=34 lr=6.68e-05 G=2.431 advA2B=0.529 advB2A=0.752 cycA=0.089 cycB=0.112 idtA=0.173 idtB=0.111 D_A=0.079 D_B=0.153 D_A(real)=0.86 D_A(fake)=0.14 gnG=18.23 gnD=10.86 it_per_s=8.84
2026-10-04 10:56:13,685 INFO iter=234600 epoch=34 lr=6.67e-05 G=2.431 advA2B=0.530 advB2A=0.751 cycA=0.089 cycB=0.113 idtA=0.174 idtB=0.111 D_A=0.079 D_B=0.152 D_A(real)=0.86 D_A(fake)=0.14 gnG=18.26 gnD=10.85 it_per_s=8.84
2026-10-04 10:56:24,946 INFO iter=234700 epoch=34 lr=6.65e-05 G=2.430 advA2B=0.531 advB2A=0.751 cycA=0.089 cycB=0.112 idtA=0.174 idtB=0.111 D_A=0.079 D_B=0.152 D_A(real)=0.86 D_A(fake)=0.14 gnG=18.21 gnD=10.84 it_per_s=8.84
2026-10-04 10:56:36,443 INFO iter=234800 epoch=34 lr=6.64e-05 G=2.431 advA2B=0.530 advB2A=0.752 cycA=0.089 cycB=0.112 idtA=0.174 idtB=0.111 D_A=0.078 D_B=0.152 D_A(real)=0.86 D_A(fake)=0.14 gnG=18.18 gnD=10.84 it_per_s=8.83
2026-10-04 10:56:47,789 INFO iter=234900 epoch=34 lr=6.62e-05 G=2.431 advA2B=0.530 advB2A=0.752 cycA=0.089 cycB=0.112 idtA=0.174 idtB=0.111 D_A=0.078 D_B=0.152 D_A(real)=0.86 D_A(fake)=0.14 gnG=18.28 gnD=10.83 it_per_s=8.83
2026-10-04 10:56:59,063 INFO iter=235000 epoch=34 lr=6.61e-05 G=2.429 advA2B=0.530 advB2A=0.752 cycA=0.089 cycB=0.112 idtA=0.174 idtB=0.110 D_A=0.078 D_B=0.152 D_A(real)=0.86 D_A(fake)=0.14 gnG=18.31 gnD=10.81 it_per_s=8.83
2026-10-04 10:57:10,527 INFO iter=235100 epoch=34 lr=6.60e-05 G=2.429 advA2B=0.530 advB2A=0.752 cycA=0.089 cycB=0.112 idtA=0.174 idtB=0.110 D_A=0.078 D_B=0.152 D_A(real)=0.86 D_A(fake)=0.14 gnG=18.32 gnD=10.79 it_per_s=8.83
2026-10-04 10:57:21,905 INFO iter=235200 epoch=34 lr=6.58e-05 G=2.432 advA2B=0.532 advB2A=0.753 cycA=0.089 cycB=0.112 idtA=0.174 idtB=0.110 D_A=0.078 D_B=0.152 D_A(real)=0.86 D_A(fake)=0.14 gnG=18.27 gnD=10.76 it_per_s=8.83
2026-10-04 10:57:33,305 INFO iter=235300 epoch=34 lr=6.57e-05 G=2.433 advA2B=0.533 advB2A=0.754 cycA=0.089 cycB=0.112 idtA=0.174 idtB=0.110 D_A=0.078 D_B=0.152 D_A(real)=0.86 D_A(fake)=0.14 gnG=18.30 gnD=10.76 it_per_s=8.83
2026-10-04 10:57:44,649 INFO iter=235400 epoch=34 lr=6.55e-05 G=2.432 advA2B=0.534 advB2A=0.753 cycA=0.089 cycB=0.112 idtA=0.174 idtB=0.110 D_A=0.078 D_B=0.152 D_A(real)=0.86 D_A(fake)=0.14 gnG=18.30 gnD=10.77 it_per_s=8.83
2026-10-04 10:57:55,980 INFO iter=235500 epoch=34 lr=6.54e-05 G=2.431 advA2B=0.533 advB2A=0.753 cycA=0.089 cycB=0.112 idtA=0.174 idtB=0.110 D_A=0.078 D_B=0.152 D_A(real)=0.86 D_A(fake)=0.14 gnG=18.24 gnD=10.74 it_per_s=8.83
2026-10-04 10:58:07,306 INFO iter=235600 epoch=34 lr=6.52e-05 G=2.430 advA2B=0.533 advB2A=0.753 cycA=0.089 cycB=0.111 idtA=0.174 idtB=0.110 D_A=0.078 D_B=0.152 D_A(real)=0.86 D_A(fake)=0.14 gnG=18.25 gnD=10.73 it_per_s=8.83
2026-10-04 10:58:18,588 INFO iter=235700 epoch=34 lr=6.51e-05 G=2.430 advA2B=0.533 advB2A=0.754 cycA=0.089 cycB=0.111 idtA=0.174 idtB=0.110 D_A=0.078 D_B=0.152 D_A(real)=0.86 D_A(fake)=0.14 gnG=18.29 gnD=10.72 it_per_s=8.83
2026-10-04 10:58:29,891 INFO iter=235800 epoch=34 lr=6.50e-05 G=2.430 advA2B=0.532 advB2A=0.754 cycA=0.089 cycB=0.111 idtA=0.174 idtB=0.110 D_A=0.078 D_B=0.152 D_A(real)=0.86 D_A(fake)=0.14 gnG=18.30 gnD=10.72 it_per_s=8.83
2026-10-04 10:58:41,221 INFO iter=235900 epoch=34 lr=6.48e-05 G=2.428 advA2B=0.531 advB2A=0.754 cycA=0.089 cycB=0.111 idtA=0.175 idtB=0.110 D_A=0.078 D_B=0.152 D_A(real)=0.86 D_A(fake)=0.14 gnG=18.27 gnD=10.70 it_per_s=8.83
2026-10-04 10:58:52,473 INFO iter=236000 epoch=34 lr=6.47e-05 G=2.427 advA2B=0.530 advB2A=0.753 cycA=0.089 cycB=0.111 idtA=0.175 idtB=0.110 D_A=0.078 D_B=0.152 D_A(real)=0.86 D_A(fake)=0.14 gnG=18.26 gnD=10.71 it_per_s=8.83
2026-10-04 10:59:03,793 INFO iter=236100 epoch=34 lr=6.45e-05 G=2.425 advA2B=0.529 advB2A=0.753 cycA=0.089 cycB=0.111 idtA=0.174 idtB=0.110 D_A=0.078 D_B=0.152 D_A(real)=0.86 D_A(fake)=0.14 gnG=18.30 gnD=10.71 it_per_s=8.83
2026-10-04 10:59:15,061 INFO iter=236200 epoch=34 lr=6.44e-05 G=2.424 advA2B=0.529 advB2A=0.752 cycA=0.089 cycB=0.111 idtA=0.174 idtB=0.109 D_A=0.078 D_B=0.152 D_A(real)=0.86 D_A(fake)=0.14 gnG=18.34 gnD=10.71 it_per_s=8.83
2026-10-04 10:59:26,325 INFO iter=236300 epoch=34 lr=6.43e-05 G=2.426 advA2B=0.530 advB2A=0.752 cycA=0.089 cycB=0.111 idtA=0.175 idtB=0.109 D_A=0.078 D_B=0.152 D_A(real)=0.86 D_A(fake)=0.14 gnG=18.34 gnD=10.72 it_per_s=8.83
2026-10-04 10:59:37,630 INFO iter=236400 epoch=34 lr=6.41e-05 G=2.426 advA2B=0.530 advB2A=0.753 cycA=0.089 cycB=0.111 idtA=0.175 idtB=0.109 D_A=0.078 D_B=0.152 D_A(real)=0.86 D_A(fake)=0.14 gnG=18.34 gnD=10.73 it_per_s=8.83
2026-10-04 10:59:48,970 INFO iter=236500 epoch=34 lr=6.40e-05 G=2.426 advA2B=0.531 advB2A=0.752 cycA=0.089 cycB=0.111 idtA=0.175 idtB=0.109 D_A=0.077 D_B=0.152 D_A(real)=0.86 D_A(fake)=0.14 gnG=18.33 gnD=10.75 it_per_s=8.83
2026-10-04 11:00:00,185 INFO iter=236600 epoch=34 lr=6.38e-05 G=2.426 advA2B=0.531 advB2A=0.752 cycA=0.089 cycB=0.111 idtA=0.175 idtB=0.109 D_A=0.077 D_B=0.152 D_A(real)=0.86 D_A(fake)=0.14 gnG=18.32 gnD=10.74 it_per_s=8.83
2026-10-04 11:00:11,485 INFO iter=236700 epoch=34 lr=6.37e-05 G=2.426 advA2B=0.531 advB2A=0.752 cycA=0.089 cycB=0.111 idtA=0.175 idtB=0.109 D_A=0.077 D_B=0.152 D_A(real)=0.86 D_A(fake)=0.14 gnG=18.30 gnD=10.74 it_per_s=8.83
2026-10-04 11:00:22,856 INFO iter=236800 epoch=34 lr=6.35e-05 G=2.426 advA2B=0.531 advB2A=0.752 cycA=0.089 cycB=0.111 idtA=0.175 idtB=0.109 D_A=0.077 D_B=0.152 D_A(real)=0.86 D_A(fake)=0.14 gnG=18.25 gnD=10.74 it_per_s=8.83
2026-10-04 11:00:34,112 INFO iter=236900 epoch=34 lr=6.34e-05 G=2.424 advA2B=0.530 advB2A=0.753 cycA=0.089 cycB=0.111 idtA=0.175 idtB=0.109 D_A=0.077 D_B=0.152 D_A(real)=0.86 D_A(fake)=0.14 gnG=18.25 gnD=10.75 it_per_s=8.83
2026-10-04 11:00:45,428 INFO iter=237000 epoch=34 lr=6.33e-05 G=2.426 advA2B=0.530 advB2A=0.753 cycA=0.089 cycB=0.111 idtA=0.174 idtB=0.109 D_A=0.077 D_B=0.152 D_A(real)=0.86 D_A(fake)=0.14 gnG=18.28 gnD=10.76 it_per_s=8.83
2026-10-04 11:00:56,711 INFO iter=237100 epoch=34 lr=6.31e-05 G=2.426 advA2B=0.531 advB2A=0.753 cycA=0.089 cycB=0.111 idtA=0.174 idtB=0.109 D_A=0.077 D_B=0.152 D_A(real)=0.86 D_A(fake)=0.14 gnG=18.30 gnD=10.75 it_per_s=8.84
2026-10-04 11:01:08,022 INFO iter=237200 epoch=34 lr=6.30e-05 G=2.426 advA2B=0.530 advB2A=0.753 cycA=0.089 cycB=0.111 idtA=0.174 idtB=0.109 D_A=0.077 D_B=0.152 D_A(real)=0.86 D_A(fake)=0.14 gnG=18.30 gnD=10.73 it_per_s=8.84
2026-10-04 11:01:19,342 INFO iter=237300 epoch=34 lr=6.28e-05 G=2.426 advA2B=0.530 advB2A=0.753 cycA=0.089 cycB=0.111 idtA=0.174 idtB=0.109 D_A=0.077 D_B=0.152 D_A(real)=0.86 D_A(fake)=0.14 gnG=18.34 gnD=10.74 it_per_s=8.84
2026-10-04 11:01:30,763 INFO iter=237400 epoch=34 lr=6.27e-05 G=2.426 advA2B=0.531 advB2A=0.754 cycA=0.089 cycB=0.111 idtA=0.174 idtB=0.109 D_A=0.077 D_B=0.152 D_A(real)=0.86 D_A(fake)=0.14 gnG=18.37 gnD=10.72 it_per_s=8.83
2026-10-04 11:01:42,069 INFO iter=237500 epoch=34 lr=6.25e-05 G=2.427 advA2B=0.531 advB2A=0.754 cycA=0.089 cycB=0.111 idtA=0.174 idtB=0.109 D_A=0.077 D_B=0.152 D_A(real)=0.86 D_A(fake)=0.14 gnG=18.34 gnD=10.71 it_per_s=8.83
2026-10-04 11:01:53,366 INFO iter=237600 epoch=34 lr=6.24e-05 G=2.427 advA2B=0.531 advB2A=0.754 cycA=0.089 cycB=0.111 idtA=0.174 idtB=0.109 D_A=0.077 D_B=0.152 D_A(real)=0.86 D_A(fake)=0.14 gnG=18.33 gnD=10.71 it_per_s=8.83
2026-10-04 11:02:04,635 INFO iter=237700 epoch=34 lr=6.23e-05 G=2.428 advA2B=0.531 advB2A=0.755 cycA=0.089 cycB=0.111 idtA=0.173 idtB=0.109 D_A=0.077 D_B=0.152 D_A(real)=0.86 D_A(fake)=0.14 gnG=18.34 gnD=10.71 it_per_s=8.84
2026-10-04 11:02:15,901 INFO iter=237800 epoch=34 lr=6.21e-05 G=2.429 advA2B=0.531 advB2A=0.755 cycA=0.089 cycB=0.111 idtA=0.173 idtB=0.109 D_A=0.077 D_B=0.152 D_A(real)=0.86 D_A(fake)=0.14 gnG=18.36 gnD=10.72 it_per_s=8.84
2026-10-04 11:02:27,226 INFO iter=237900 epoch=34 lr=6.20e-05 G=2.431 advA2B=0.532 advB2A=0.756 cycA=0.089 cycB=0.112 idtA=0.173 idtB=0.110 D_A=0.077 D_B=0.151 D_A(real)=0.86 D_A(fake)=0.14 gnG=18.39 gnD=10.71 it_per_s=8.84
2026-10-04 11:02:38,611 INFO iter=238000 epoch=34 lr=6.18e-05 G=2.431 advA2B=0.531 advB2A=0.757 cycA=0.089 cycB=0.112 idtA=0.173 idtB=0.110 D_A=0.077 D_B=0.151 D_A(real)=0.86 D_A(fake)=0.14 gnG=18.37 gnD=10.71 it_per_s=8.83
2026-10-04 11:02:49,950 INFO iter=238100 epoch=34 lr=6.17e-05 G=2.432 advA2B=0.531 advB2A=0.757 cycA=0.089 cycB=0.112 idtA=0.173 idtB=0.110 D_A=0.077 D_B=0.151 D_A(real)=0.86 D_A(fake)=0.14 gnG=18.40 gnD=10.70 it_per_s=8.83
2026-10-04 11:03:01,254 INFO iter=238200 epoch=34 lr=6.16e-05 G=2.433 advA2B=0.532 advB2A=0.757 cycA=0.089 cycB=0.112 idtA=0.173 idtB=0.110 D_A=0.077 D_B=0.151 D_A(real)=0.86 D_A(fake)=0.14 gnG=18.40 gnD=10.70 it_per_s=8.83
2026-10-04 11:03:12,533 INFO iter=238300 epoch=34 lr=6.14e-05 G=2.431 advA2B=0.531 advB2A=0.757 cycA=0.089 cycB=0.112 idtA=0.173 idtB=0.110 D_A=0.077 D_B=0.151 D_A(real)=0.86 D_A(fake)=0.14 gnG=18.38 gnD=10.72 it_per_s=8.84
2026-10-04 11:03:23,806 INFO iter=238400 epoch=34 lr=6.13e-05 G=2.432 advA2B=0.531 advB2A=0.758 cycA=0.089 cycB=0.111 idtA=0.173 idtB=0.110 D_A=0.076 D_B=0.151 D_A(real)=0.86 D_A(fake)=0.14 gnG=18.40 gnD=10.70 it_per_s=8.84
2026-10-04 11:03:35,085 INFO iter=238500 epoch=34 lr=6.11e-05 G=2.432 advA2B=0.532 advB2A=0.758 cycA=0.089 cycB=0.111 idtA=0.173 idtB=0.110 D_A=0.076 D_B=0.151 D_A(real)=0.86 D_A(fake)=0.14 gnG=18.42 gnD=10.70 it_per_s=8.84
2026-10-04 11:03:46,390 INFO iter=238600 epoch=34 lr=6.10e-05 G=2.433 advA2B=0.532 advB2A=0.758 cycA=0.089 cycB=0.111 idtA=0.173 idtB=0.110 D_A=0.076 D_B=0.151 D_A(real)=0.86 D_A(fake)=0.14 gnG=18.44 gnD=10.70 it_per_s=8.84
2026-10-04 11:03:57,732 INFO iter=238700 epoch=34 lr=6.08e-05 G=2.432 advA2B=0.532 advB2A=0.758 cycA=0.089 cycB=0.111 idtA=0.173 idtB=0.110 D_A=0.076 D_B=0.151 D_A(real)=0.86 D_A(fake)=0.14 gnG=18.43 gnD=10.70 it_per_s=8.84
2026-10-04 11:04:09,129 INFO iter=238800 epoch=34 lr=6.07e-05 G=2.433 advA2B=0.532 advB2A=0.758 cycA=0.089 cycB=0.111 idtA=0.173 idtB=0.110 D_A=0.076 D_B=0.151 D_A(real)=0.86 D_A(fake)=0.14 gnG=18.45 gnD=10.70 it_per_s=8.84
2026-10-04 11:04:20,429 INFO iter=238900 epoch=34 lr=6.06e-05 G=2.433 advA2B=0.532 advB2A=0.758 cycA=0.089 cycB=0.111 idtA=0.173 idtB=0.110 D_A=0.076 D_B=0.151 D_A(real)=0.86 D_A(fake)=0.14 gnG=18.44 gnD=10.70 it_per_s=8.84
2026-10-04 11:04:31,728 INFO iter=239000 epoch=34 lr=6.04e-05 G=2.434 advA2B=0.533 advB2A=0.758 cycA=0.089 cycB=0.112 idtA=0.173 idtB=0.110 D_A=0.076 D_B=0.151 D_A(real)=0.86 D_A(fake)=0.14 gnG=18.47 gnD=10.70 it_per_s=8.84
2026-10-04 11:04:43,036 INFO iter=239100 epoch=34 lr=6.03e-05 G=2.434 advA2B=0.533 advB2A=0.757 cycA=0.089 cycB=0.112 idtA=0.173 idtB=0.110 D_A=0.076 D_B=0.151 D_A(real)=0.86 D_A(fake)=0.14 gnG=18.49 gnD=10.72 it_per_s=8.84
2026-10-04 11:04:54,276 INFO iter=239200 epoch=34 lr=6.01e-05 G=2.433 advA2B=0.532 advB2A=0.757 cycA=0.089 cycB=0.112 idtA=0.173 idtB=0.110 D_A=0.076 D_B=0.151 D_A(real)=0.86 D_A(fake)=0.14 gnG=18.49 gnD=10.72 it_per_s=8.84
2026-10-04 11:05:04,720 INFO epoch=34 done time_s=796 it_per_s=8.84 G=2.433 cycA=0.089 cycB=0.112 idtA=0.173 idtB=0.110 D_A=0.076 D_B=0.151 D_A(real)=0.86 D_A(fake)=0.14 nan_count=0
2026-10-04 11:05:06,332 INFO iter=239300 epoch=35 lr=6.00e-05 G=2.370 advA2B=0.573 advB2A=0.584 cycA=0.087 cycB=0.125 idtA=0.169 idtB=0.143 D_A=0.103 D_B=0.130 D_A(real)=0.88 D_A(fake)=0.12 gnG=17.64 gnD=11.80 it_per_s=8.66
2026-10-04 11:05:17,662 INFO iter=239400 epoch=35 lr=5.98e-05 G=2.343 advA2B=0.517 advB2A=0.735 cycA=0.083 cycB=0.108 idtA=0.170 idtB=0.105 D_A=0.075 D_B=0.144 D_A(real)=0.87 D_A(fake)=0.13 gnG=18.78 gnD=10.63 it_per_s=8.81
2026-10-04 11:05:29,024 INFO iter=239500 epoch=35 lr=5.97e-05 G=2.365 advA2B=0.516 advB2A=0.740 cycA=0.085 cycB=0.109 idtA=0.169 idtB=0.108 D_A=0.074 D_B=0.148 D_A(real)=0.87 D_A(fake)=0.13 gnG=18.71 gnD=10.84 it_per_s=8.81
2026-10-04 11:05:40,299 INFO iter=239600 epoch=35 lr=5.96e-05 G=2.392 advA2B=0.527 advB2A=0.749 cycA=0.087 cycB=0.109 idtA=0.172 idtB=0.106 D_A=0.075 D_B=0.148 D_A(real)=0.86 D_A(fake)=0.14 gnG=18.91 gnD=10.87 it_per_s=8.83
2026-10-04 11:05:51,624 INFO iter=239700 epoch=35 lr=5.94e-05 G=2.403 advA2B=0.524 advB2A=0.755 cycA=0.086 cycB=0.111 idtA=0.171 idtB=0.107 D_A=0.075 D_B=0.149 D_A(real)=0.86 D_A(fake)=0.14 gnG=18.86 gnD=10.84 it_per_s=8.83
2026-10-04 11:06:02,971 INFO iter=239800 epoch=35 lr=5.93e-05 G=2.410 advA2B=0.526 advB2A=0.754 cycA=0.086 cycB=0.112 idtA=0.170 idtB=0.108 D_A=0.076 D_B=0.150 D_A(real)=0.86 D_A(fake)=0.14 gnG=18.87 gnD=10.87 it_per_s=8.82
2026-10-04 11:06:14,294 INFO iter=239900 epoch=35 lr=5.91e-05 G=2.402 advA2B=0.526 advB2A=0.746 cycA=0.086 cycB=0.113 idtA=0.168 idtB=0.109 D_A=0.076 D_B=0.149 D_A(real)=0.86 D_A(fake)=0.14 gnG=18.87 gnD=10.79 it_per_s=8.83
2026-10-04 11:06:25,643 INFO iter=240000 epoch=35 lr=5.90e-05 G=2.408 advA2B=0.528 advB2A=0.751 cycA=0.085 cycB=0.113 idtA=0.168 idtB=0.110 D_A=0.076 D_B=0.149 D_A(real)=0.86 D_A(fake)=0.14 gnG=18.91 gnD=10.80 it_per_s=8.82
2026-10-04 11:06:36,973 INFO iter=240100 epoch=35 lr=5.89e-05 G=2.416 advA2B=0.533 advB2A=0.753 cycA=0.086 cycB=0.112 idtA=0.169 idtB=0.109 D_A=0.076 D_B=0.148 D_A(real)=0.86 D_A(fake)=0.14 gnG=18.73 gnD=10.75 it_per_s=8.82
2026-10-04 11:06:48,311 INFO iter=240200 epoch=35 lr=5.87e-05 G=2.418 advA2B=0.536 advB2A=0.752 cycA=0.086 cycB=0.112 idtA=0.170 idtB=0.109 D_A=0.077 D_B=0.148 D_A(real)=0.86 D_A(fake)=0.14 gnG=18.65 gnD=10.73 it_per_s=8.82
2026-10-04 11:06:59,604 INFO iter=240300 epoch=35 lr=5.86e-05 G=2.417 advA2B=0.538 advB2A=0.751 cycA=0.086 cycB=0.112 idtA=0.170 idtB=0.109 D_A=0.076 D_B=0.148 D_A(real)=0.86 D_A(fake)=0.14 gnG=18.63 gnD=10.78 it_per_s=8.83
2026-10-04 11:07:10,916 INFO iter=240400 epoch=35 lr=5.84e-05 G=2.417 advA2B=0.537 advB2A=0.749 cycA=0.086 cycB=0.112 idtA=0.172 idtB=0.109 D_A=0.076 D_B=0.149 D_A(real)=0.87 D_A(fake)=0.13 gnG=18.56 gnD=10.82 it_per_s=8.83
2026-10-04 11:07:22,288 INFO iter=240500 epoch=35 lr=5.83e-05 G=2.418 advA2B=0.535 advB2A=0.749 cycA=0.087 cycB=0.112 idtA=0.172 idtB=0.109 D_A=0.076 D_B=0.149 D_A(real)=0.87 D_A(fake)=0.13 gnG=18.61 gnD=10.79 it_per_s=8.83
2026-10-04 11:07:33,665 INFO iter=240600 epoch=35 lr=5.81e-05 G=2.417 advA2B=0.534 advB2A=0.750 cycA=0.087 cycB=0.112 idtA=0.172 idtB=0.108 D_A=0.076 D_B=0.149 D_A(real)=0.87 D_A(fake)=0.13 gnG=18.61 gnD=10.74 it_per_s=8.82
2026-10-04 11:07:45,316 INFO iter=240700 epoch=35 lr=5.80e-05 G=2.415 advA2B=0.534 advB2A=0.751 cycA=0.087 cycB=0.111 idtA=0.172 idtB=0.108 D_A=0.076 D_B=0.149 D_A(real)=0.87 D_A(fake)=0.13 gnG=18.73 gnD=10.71 it_per_s=8.80
2026-10-04 11:07:56,728 INFO iter=240800 epoch=35 lr=5.79e-05 G=2.413 advA2B=0.532 advB2A=0.752 cycA=0.087 cycB=0.111 idtA=0.172 idtB=0.108 D_A=0.076 D_B=0.149 D_A(real)=0.87 D_A(fake)=0.13 gnG=18.61 gnD=10.72 it_per_s=8.80
2026-10-04 11:08:08,013 INFO iter=240900 epoch=35 lr=5.77e-05 G=2.416 advA2B=0.533 advB2A=0.753 cycA=0.087 cycB=0.111 idtA=0.173 idtB=0.108 D_A=0.075 D_B=0.149 D_A(real)=0.87 D_A(fake)=0.13 gnG=18.72 gnD=10.67 it_per_s=8.81
2026-10-04 11:08:19,363 INFO iter=241000 epoch=35 lr=5.76e-05 G=2.417 advA2B=0.534 advB2A=0.752 cycA=0.087 cycB=0.111 idtA=0.173 idtB=0.109 D_A=0.075 D_B=0.149 D_A(real)=0.87 D_A(fake)=0.13 gnG=18.59 gnD=10.65 it_per_s=8.81
2026-10-04 11:08:30,970 INFO iter=241100 epoch=35 lr=5.74e-05 G=2.414 advA2B=0.533 advB2A=0.751 cycA=0.087 cycB=0.111 idtA=0.174 idtB=0.108 D_A=0.075 D_B=0.148 D_A(real)=0.87 D_A(fake)=0.13 gnG=18.55 gnD=10.64 it_per_s=8.80
2026-10-04 11:08:42,577 INFO iter=241200 epoch=35 lr=5.73e-05 G=2.409 advA2B=0.531 advB2A=0.750 cycA=0.087 cycB=0.111 idtA=0.173 idtB=0.108 D_A=0.075 D_B=0.149 D_A(real)=0.87 D_A(fake)=0.13 gnG=18.53 gnD=10.69 it_per_s=8.79
2026-10-04 11:08:54,015 INFO iter=241300 epoch=35 lr=5.71e-05 G=2.406 advA2B=0.529 advB2A=0.750 cycA=0.087 cycB=0.110 idtA=0.174 idtB=0.108 D_A=0.076 D_B=0.149 D_A(real)=0.87 D_A(fake)=0.13 gnG=18.50 gnD=10.68 it_per_s=8.78
2026-10-04 11:09:05,515 INFO iter=241400 epoch=35 lr=5.70e-05 G=2.411 advA2B=0.530 advB2A=0.753 cycA=0.087 cycB=0.110 idtA=0.174 idtB=0.108 D_A=0.075 D_B=0.148 D_A(real)=0.87 D_A(fake)=0.13 gnG=18.52 gnD=10.63 it_per_s=8.78
2026-10-04 11:09:17,116 INFO iter=241500 epoch=35 lr=5.69e-05 G=2.414 advA2B=0.531 advB2A=0.753 cycA=0.087 cycB=0.111 idtA=0.174 idtB=0.109 D_A=0.075 D_B=0.148 D_A(real)=0.87 D_A(fake)=0.13 gnG=18.50 gnD=10.65 it_per_s=8.77
2026-10-04 11:09:28,919 INFO iter=241600 epoch=35 lr=5.67e-05 G=2.414 advA2B=0.531 advB2A=0.753 cycA=0.087 cycB=0.111 idtA=0.174 idtB=0.109 D_A=0.075 D_B=0.148 D_A(real)=0.87 D_A(fake)=0.13 gnG=18.56 gnD=10.67 it_per_s=8.76
2026-10-04 11:09:40,328 INFO iter=241700 epoch=35 lr=5.66e-05 G=2.415 advA2B=0.531 advB2A=0.753 cycA=0.087 cycB=0.111 idtA=0.173 idtB=0.109 D_A=0.075 D_B=0.148 D_A(real)=0.87 D_A(fake)=0.13 gnG=18.68 gnD=10.66 it_per_s=8.76
2026-10-04 11:09:51,509 INFO iter=241800 epoch=35 lr=5.64e-05 G=2.413 advA2B=0.531 advB2A=0.753 cycA=0.087 cycB=0.111 idtA=0.173 idtB=0.109 D_A=0.075 D_B=0.148 D_A(real)=0.87 D_A(fake)=0.13 gnG=18.71 gnD=10.66 it_per_s=8.77
2026-10-04 11:10:02,671 INFO iter=241900 epoch=35 lr=5.63e-05 G=2.412 advA2B=0.530 advB2A=0.753 cycA=0.087 cycB=0.111 idtA=0.173 idtB=0.109 D_A=0.075 D_B=0.148 D_A(real)=0.87 D_A(fake)=0.13 gnG=18.75 gnD=10.65 it_per_s=8.77
2026-10-04 11:10:13,997 INFO iter=242000 epoch=35 lr=5.62e-05 G=2.414 advA2B=0.531 advB2A=0.753 cycA=0.087 cycB=0.111 idtA=0.173 idtB=0.109 D_A=0.075 D_B=0.148 D_A(real)=0.87 D_A(fake)=0.13 gnG=18.79 gnD=10.69 it_per_s=8.78
2026-10-04 11:10:25,297 INFO iter=242100 epoch=35 lr=5.60e-05 G=2.413 advA2B=0.529 advB2A=0.754 cycA=0.087 cycB=0.111 idtA=0.173 idtB=0.109 D_A=0.075 D_B=0.148 D_A(real)=0.87 D_A(fake)=0.13 gnG=18.85 gnD=10.70 it_per_s=8.78
2026-10-04 11:10:36,596 INFO iter=242200 epoch=35 lr=5.59e-05 G=2.412 advA2B=0.529 advB2A=0.754 cycA=0.087 cycB=0.111 idtA=0.173 idtB=0.109 D_A=0.075 D_B=0.148 D_A(real)=0.87 D_A(fake)=0.13 gnG=18.85 gnD=10.70 it_per_s=8.78
2026-10-04 11:10:47,920 INFO iter=242300 epoch=35 lr=5.57e-05 G=2.413 advA2B=0.529 advB2A=0.755 cycA=0.087 cycB=0.111 idtA=0.173 idtB=0.109 D_A=0.075 D_B=0.148 D_A(real)=0.87 D_A(fake)=0.13 gnG=18.82 gnD=10.72 it_per_s=8.78
2026-10-04 11:10:59,210 INFO iter=242400 epoch=35 lr=5.56e-05 G=2.414 advA2B=0.529 advB2A=0.755 cycA=0.087 cycB=0.111 idtA=0.173 idtB=0.109 D_A=0.075 D_B=0.148 D_A(real)=0.87 D_A(fake)=0.13 gnG=18.84 gnD=10.73 it_per_s=8.78
2026-10-04 11:11:10,565 INFO iter=242500 epoch=35 lr=5.54e-05 G=2.415 advA2B=0.529 advB2A=0.755 cycA=0.087 cycB=0.111 idtA=0.173 idtB=0.109 D_A=0.075 D_B=0.148 D_A(real)=0.87 D_A(fake)=0.13 gnG=18.80 gnD=10.73 it_per_s=8.79
2026-10-04 11:11:21,869 INFO iter=242600 epoch=35 lr=5.53e-05 G=2.417 advA2B=0.531 advB2A=0.756 cycA=0.087 cycB=0.111 idtA=0.173 idtB=0.109 D_A=0.075 D_B=0.148 D_A(real)=0.87 D_A(fake)=0.13 gnG=18.79 gnD=10.77 it_per_s=8.79
2026-10-04 11:11:33,395 INFO iter=242700 epoch=35 lr=5.52e-05 G=2.419 advA2B=0.531 advB2A=0.756 cycA=0.087 cycB=0.111 idtA=0.173 idtB=0.109 D_A=0.075 D_B=0.148 D_A(real)=0.87 D_A(fake)=0.13 gnG=18.77 gnD=10.77 it_per_s=8.78
2026-10-04 11:11:44,644 INFO iter=242800 epoch=35 lr=5.50e-05 G=2.418 advA2B=0.531 advB2A=0.757 cycA=0.087 cycB=0.111 idtA=0.173 idtB=0.109 D_A=0.075 D_B=0.148 D_A(real)=0.87 D_A(fake)=0.13 gnG=18.79 gnD=10.78 it_per_s=8.79
2026-10-04 11:11:55,934 INFO iter=242900 epoch=35 lr=5.49e-05 G=2.418 advA2B=0.530 advB2A=0.757 cycA=0.087 cycB=0.111 idtA=0.173 idtB=0.109 D_A=0.075 D_B=0.148 D_A(real)=0.87 D_A(fake)=0.13 gnG=18.80 gnD=10.75 it_per_s=8.79
2026-10-04 11:12:07,335 INFO iter=243000 epoch=35 lr=5.47e-05 G=2.419 advA2B=0.531 advB2A=0.757 cycA=0.087 cycB=0.111 idtA=0.173 idtB=0.109 D_A=0.075 D_B=0.148 D_A(real)=0.87 D_A(fake)=0.13 gnG=18.79 gnD=10.76 it_per_s=8.79
2026-10-04 11:12:18,579 INFO iter=243100 epoch=35 lr=5.46e-05 G=2.419 advA2B=0.532 advB2A=0.757 cycA=0.087 cycB=0.111 idtA=0.173 idtB=0.109 D_A=0.075 D_B=0.148 D_A(real)=0.87 D_A(fake)=0.13 gnG=18.83 gnD=10.75 it_per_s=8.79
2026-10-04 11:12:29,875 INFO iter=243200 epoch=35 lr=5.44e-05 G=2.420 advA2B=0.532 advB2A=0.758 cycA=0.087 cycB=0.110 idtA=0.173 idtB=0.109 D_A=0.075 D_B=0.148 D_A(real)=0.87 D_A(fake)=0.13 gnG=18.83 gnD=10.73 it_per_s=8.79
2026-10-04 11:12:41,102 INFO iter=243300 epoch=35 lr=5.43e-05 G=2.421 advA2B=0.532 advB2A=0.758 cycA=0.087 cycB=0.111 idtA=0.173 idtB=0.109 D_A=0.075 D_B=0.148 D_A(real)=0.87 D_A(fake)=0.13 gnG=18.86 gnD=10.72 it_per_s=8.80
2026-10-04 11:12:52,527 INFO iter=243400 epoch=35 lr=5.42e-05 G=2.422 advA2B=0.533 advB2A=0.758 cycA=0.087 cycB=0.111 idtA=0.173 idtB=0.109 D_A=0.074 D_B=0.148 D_A(real)=0.87 D_A(fake)=0.13 gnG=18.88 gnD=10.71 it_per_s=8.79
2026-10-04 11:13:03,914 INFO iter=243500 epoch=35 lr=5.40e-05 G=2.423 advA2B=0.533 advB2A=0.757 cycA=0.087 cycB=0.111 idtA=0.173 idtB=0.109 D_A=0.074 D_B=0.148 D_A(real)=0.87 D_A(fake)=0.13 gnG=18.91 gnD=10.71 it_per_s=8.79
2026-10-04 11:13:15,200 INFO iter=243600 epoch=35 lr=5.39e-05 G=2.423 advA2B=0.533 advB2A=0.759 cycA=0.087 cycB=0.111 idtA=0.173 idtB=0.108 D_A=0.074 D_B=0.148 D_A(real)=0.87 D_A(fake)=0.13 gnG=18.91 gnD=10.71 it_per_s=8.80
2026-10-04 11:13:26,467 INFO iter=243700 epoch=35 lr=5.37e-05 G=2.423 advA2B=0.533 advB2A=0.758 cycA=0.087 cycB=0.111 idtA=0.173 idtB=0.109 D_A=0.074 D_B=0.148 D_A(real)=0.87 D_A(fake)=0.13 gnG=18.96 gnD=10.73 it_per_s=8.80
2026-10-04 11:13:37,805 INFO iter=243800 epoch=35 lr=5.36e-05 G=2.422 advA2B=0.532 advB2A=0.759 cycA=0.087 cycB=0.111 idtA=0.173 idtB=0.109 D_A=0.074 D_B=0.148 D_A(real)=0.87 D_A(fake)=0.13 gnG=18.98 gnD=10.76 it_per_s=8.80
2026-10-04 11:13:49,134 INFO iter=243900 epoch=35 lr=5.35e-05 G=2.422 advA2B=0.533 advB2A=0.759 cycA=0.087 cycB=0.111 idtA=0.173 idtB=0.108 D_A=0.074 D_B=0.149 D_A(real)=0.87 D_A(fake)=0.13 gnG=18.98 gnD=10.75 it_per_s=8.80
2026-10-04 11:14:00,394 INFO iter=244000 epoch=35 lr=5.33e-05 G=2.424 advA2B=0.532 advB2A=0.759 cycA=0.088 cycB=0.111 idtA=0.173 idtB=0.109 D_A=0.074 D_B=0.149 D_A(real)=0.87 D_A(fake)=0.13 gnG=18.97 gnD=10.77 it_per_s=8.80
2026-10-04 11:14:11,655 INFO iter=244100 epoch=35 lr=5.32e-05 G=2.424 advA2B=0.532 advB2A=0.759 cycA=0.088 cycB=0.111 idtA=0.173 idtB=0.109 D_A=0.074 D_B=0.149 D_A(real)=0.87 D_A(fake)=0.13 gnG=18.94 gnD=10.77 it_per_s=8.80
2026-10-04 11:14:22,936 INFO iter=244200 epoch=35 lr=5.30e-05 G=2.425 advA2B=0.533 advB2A=0.759 cycA=0.088 cycB=0.111 idtA=0.173 idtB=0.108 D_A=0.074 D_B=0.148 D_A(real)=0.87 D_A(fake)=0.13 gnG=18.96 gnD=10.79 it_per_s=8.80
2026-10-04 11:14:34,231 INFO iter=244300 epoch=35 lr=5.29e-05 G=2.425 advA2B=0.532 advB2A=0.760 cycA=0.088 cycB=0.111 idtA=0.173 idtB=0.109 D_A=0.074 D_B=0.149 D_A(real)=0.87 D_A(fake)=0.13 gnG=18.96 gnD=10.81 it_per_s=8.80
2026-10-04 11:14:45,561 INFO iter=244400 epoch=35 lr=5.27e-05 G=2.425 advA2B=0.532 advB2A=0.760 cycA=0.088 cycB=0.111 idtA=0.173 idtB=0.109 D_A=0.074 D_B=0.149 D_A(real)=0.87 D_A(fake)=0.13 gnG=19.01 gnD=10.81 it_per_s=8.80
2026-10-04 11:14:56,853 INFO iter=244500 epoch=35 lr=5.26e-05 G=2.426 advA2B=0.533 advB2A=0.761 cycA=0.088 cycB=0.111 idtA=0.173 idtB=0.108 D_A=0.074 D_B=0.148 D_A(real)=0.87 D_A(fake)=0.13 gnG=19.05 gnD=10.81 it_per_s=8.81
2026-10-04 11:15:08,143 INFO iter=244600 epoch=35 lr=5.25e-05 G=2.428 advA2B=0.533 advB2A=0.760 cycA=0.088 cycB=0.111 idtA=0.173 idtB=0.109 D_A=0.074 D_B=0.148 D_A(real)=0.87 D_A(fake)=0.13 gnG=19.05 gnD=10.82 it_per_s=8.81
2026-10-04 11:15:19,404 INFO iter=244700 epoch=35 lr=5.23e-05 G=2.429 advA2B=0.533 advB2A=0.761 cycA=0.088 cycB=0.111 idtA=0.173 idtB=0.109 D_A=0.074 D_B=0.148 D_A(real)=0.87 D_A(fake)=0.13 gnG=19.05 gnD=10.83 it_per_s=8.81
2026-10-04 11:15:30,740 INFO iter=244800 epoch=35 lr=5.22e-05 G=2.431 advA2B=0.534 advB2A=0.762 cycA=0.088 cycB=0.111 idtA=0.173 idtB=0.109 D_A=0.074 D_B=0.148 D_A(real)=0.87 D_A(fake)=0.13 gnG=19.07 gnD=10.82 it_per_s=8.81
2026-10-04 11:15:42,023 INFO iter=244900 epoch=35 lr=5.20e-05 G=2.431 advA2B=0.534 advB2A=0.762 cycA=0.088 cycB=0.111 idtA=0.173 idtB=0.109 D_A=0.074 D_B=0.148 D_A(real)=0.87 D_A(fake)=0.13 gnG=19.05 gnD=10.82 it_per_s=8.81
2026-10-04 11:15:53,317 INFO iter=245000 epoch=35 lr=5.19e-05 G=2.431 advA2B=0.534 advB2A=0.763 cycA=0.088 cycB=0.111 idtA=0.173 idtB=0.109 D_A=0.074 D_B=0.148 D_A(real)=0.87 D_A(fake)=0.13 gnG=19.05 gnD=10.84 it_per_s=8.81
2026-10-04 11:16:04,641 INFO iter=245100 epoch=35 lr=5.17e-05 G=2.432 advA2B=0.534 advB2A=0.763 cycA=0.088 cycB=0.111 idtA=0.173 idtB=0.109 D_A=0.074 D_B=0.148 D_A(real)=0.87 D_A(fake)=0.13 gnG=19.10 gnD=10.86 it_per_s=8.81
2026-10-04 11:16:15,920 INFO iter=245200 epoch=35 lr=5.16e-05 G=2.433 advA2B=0.535 advB2A=0.763 cycA=0.088 cycB=0.111 idtA=0.173 idtB=0.109 D_A=0.074 D_B=0.148 D_A(real)=0.87 D_A(fake)=0.13 gnG=19.09 gnD=10.86 it_per_s=8.81
2026-10-04 11:16:27,186 INFO iter=245300 epoch=35 lr=5.15e-05 G=2.434 advA2B=0.535 advB2A=0.762 cycA=0.088 cycB=0.111 idtA=0.173 idtB=0.109 D_A=0.074 D_B=0.148 D_A(real)=0.87 D_A(fake)=0.13 gnG=19.06 gnD=10.87 it_per_s=8.81
2026-10-04 11:16:38,470 INFO iter=245400 epoch=35 lr=5.13e-05 G=2.435 advA2B=0.535 advB2A=0.763 cycA=0.088 cycB=0.111 idtA=0.173 idtB=0.109 D_A=0.073 D_B=0.148 D_A(real)=0.87 D_A(fake)=0.13 gnG=19.09 gnD=10.88 it_per_s=8.81
2026-10-04 11:16:49,794 INFO iter=245500 epoch=35 lr=5.12e-05 G=2.434 advA2B=0.535 advB2A=0.764 cycA=0.088 cycB=0.111 idtA=0.173 idtB=0.109 D_A=0.073 D_B=0.148 D_A(real)=0.87 D_A(fake)=0.13 gnG=19.08 gnD=10.90 it_per_s=8.81
2026-10-04 11:17:01,138 INFO iter=245600 epoch=35 lr=5.10e-05 G=2.433 advA2B=0.535 advB2A=0.763 cycA=0.088 cycB=0.111 idtA=0.173 idtB=0.109 D_A=0.073 D_B=0.148 D_A(real)=0.87 D_A(fake)=0.13 gnG=19.08 gnD=10.90 it_per_s=8.81
2026-10-04 11:17:12,433 INFO iter=245700 epoch=35 lr=5.09e-05 G=2.434 advA2B=0.535 advB2A=0.763 cycA=0.088 cycB=0.111 idtA=0.173 idtB=0.108 D_A=0.073 D_B=0.148 D_A(real)=0.87 D_A(fake)=0.13 gnG=19.07 gnD=10.89 it_per_s=8.81
2026-10-04 11:17:23,780 INFO iter=245800 epoch=35 lr=5.08e-05 G=2.433 advA2B=0.535 advB2A=0.764 cycA=0.088 cycB=0.111 idtA=0.173 idtB=0.108 D_A=0.073 D_B=0.148 D_A(real)=0.87 D_A(fake)=0.13 gnG=19.07 gnD=10.91 it_per_s=8.81
2026-10-04 11:17:35,059 INFO iter=245900 epoch=35 lr=5.06e-05 G=2.433 advA2B=0.535 advB2A=0.764 cycA=0.088 cycB=0.111 idtA=0.173 idtB=0.108 D_A=0.073 D_B=0.148 D_A(real)=0.87 D_A(fake)=0.13 gnG=19.12 gnD=10.91 it_per_s=8.81
2026-10-04 11:17:46,382 INFO iter=246000 epoch=35 lr=5.05e-05 G=2.433 advA2B=0.535 advB2A=0.764 cycA=0.088 cycB=0.111 idtA=0.173 idtB=0.109 D_A=0.073 D_B=0.148 D_A(real)=0.87 D_A(fake)=0.13 gnG=19.16 gnD=10.92 it_per_s=8.81
2026-10-04 11:17:57,673 INFO iter=246100 epoch=35 lr=5.03e-05 G=2.433 advA2B=0.535 advB2A=0.764 cycA=0.088 cycB=0.111 idtA=0.173 idtB=0.108 D_A=0.073 D_B=0.148 D_A(real)=0.87 D_A(fake)=0.13 gnG=19.16 gnD=10.92 it_per_s=8.82
2026-10-04 11:18:09,151 INFO iter=246200 epoch=35 lr=5.02e-05 G=2.433 advA2B=0.536 advB2A=0.764 cycA=0.088 cycB=0.111 idtA=0.173 idtB=0.108 D_A=0.073 D_B=0.148 D_A(real)=0.87 D_A(fake)=0.13 gnG=19.18 gnD=10.93 it_per_s=8.81
2026-10-04 11:18:20,423 INFO iter=246300 epoch=35 lr=5.00e-05 G=2.434 advA2B=0.536 advB2A=0.764 cycA=0.088 cycB=0.111 idtA=0.173 idtB=0.108 D_A=0.073 D_B=0.148 D_A(real)=0.87 D_A(fake)=0.13 gnG=19.18 gnD=10.94 it_per_s=8.81
2026-10-04 11:18:23,769 INFO epoch=35 done time_s=798 it_per_s=8.82 G=2.434 cycA=0.088 cycB=0.111 idtA=0.173 idtB=0.108 D_A=0.073 D_B=0.148 D_A(real)=0.87 D_A(fake)=0.13 nan_count=0
2026-10-04 11:18:32,570 INFO iter=246400 epoch=36 lr=4.99e-05 G=2.369 advA2B=0.507 advB2A=0.756 cycA=0.084 cycB=0.109 idtA=0.180 idtB=0.103 D_A=0.070 D_B=0.148 D_A(real)=0.88 D_A(fake)=0.12 gnG=18.77 gnD=10.21 it_per_s=8.80
2026-10-04 11:18:43,963 INFO iter=246500 epoch=36 lr=4.98e-05 G=2.372 advA2B=0.530 advB2A=0.752 cycA=0.083 cycB=0.108 idtA=0.170 idtB=0.105 D_A=0.075 D_B=0.138 D_A(real)=0.87 D_A(fake)=0.14 gnG=18.64 gnD=10.46 it_per_s=8.79
2026-10-04 11:18:57,628 INFO iter=246600 epoch=36 lr=4.96e-05 G=2.400 advA2B=0.548 advB2A=0.749 cycA=0.085 cycB=0.108 idtA=0.170 idtB=0.108 D_A=0.075 D_B=0.140 D_A(real)=0.86 D_A(fake)=0.14 gnG=18.95 gnD=10.32 it_per_s=8.18
2026-10-04 11:19:11,099 INFO iter=246700 epoch=36 lr=4.95e-05 G=2.405 advA2B=0.545 advB2A=0.749 cycA=0.086 cycB=0.109 idtA=0.172 idtB=0.107 D_A=0.076 D_B=0.141 D_A(real)=0.85 D_A(fake)=0.15 gnG=19.26 gnD=10.54 it_per_s=7.96
2026-10-04 11:19:25,935 INFO iter=246800 epoch=36 lr=4.93e-05 G=2.413 advA2B=0.548 advB2A=0.750 cycA=0.086 cycB=0.109 idtA=0.170 idtB=0.108 D_A=0.075 D_B=0.140 D_A(real)=0.85 D_A(fake)=0.14 gnG=19.54 gnD=10.47 it_per_s=7.67
2026-10-04 11:19:38,903 INFO iter=246900 epoch=36 lr=4.92e-05 G=2.409 advA2B=0.545 advB2A=0.748 cycA=0.086 cycB=0.109 idtA=0.169 idtB=0.109 D_A=0.076 D_B=0.141 D_A(real)=0.86 D_A(fake)=0.14 gnG=19.60 gnD=10.50 it_per_s=7.67
2026-10-04 11:19:53,640 INFO iter=247000 epoch=36 lr=4.90e-05 G=2.413 advA2B=0.543 advB2A=0.754 cycA=0.086 cycB=0.109 idtA=0.168 idtB=0.108 D_A=0.075 D_B=0.142 D_A(real)=0.86 D_A(fake)=0.14 gnG=19.93 gnD=10.41 it_per_s=7.53
2026-10-04 11:20:07,042 INFO iter=247100 epoch=36 lr=4.89e-05 G=2.417 advA2B=0.550 advB2A=0.755 cycA=0.086 cycB=0.109 idtA=0.168 idtB=0.107 D_A=0.074 D_B=0.145 D_A(real)=0.86 D_A(fake)=0.14 gnG=19.86 gnD=10.48 it_per_s=7.52
2026-10-04 11:20:21,979 INFO iter=247200 epoch=36 lr=4.88e-05 G=2.419 advA2B=0.547 advB2A=0.758 cycA=0.086 cycB=0.109 idtA=0.169 idtB=0.107 D_A=0.074 D_B=0.146 D_A(real)=0.87 D_A(fake)=0.13 gnG=20.05 gnD=10.62 it_per_s=7.41
2026-10-04 11:20:34,449 INFO iter=247300 epoch=36 lr=4.86e-05 G=2.430 advA2B=0.549 advB2A=0.763 cycA=0.086 cycB=0.110 idtA=0.171 idtB=0.107 D_A=0.073 D_B=0.146 D_A(real)=0.87 D_A(fake)=0.13 gnG=20.01 gnD=10.71 it_per_s=7.47
2026-10-04 11:20:49,558 INFO iter=247400 epoch=36 lr=4.85e-05 G=2.425 advA2B=0.546 advB2A=0.762 cycA=0.086 cycB=0.110 idtA=0.170 idtB=0.107 D_A=0.073 D_B=0.146 D_A(real)=0.87 D_A(fake)=0.13 gnG=20.02 gnD=10.74 it_per_s=7.38
2026-10-04 11:21:01,934 INFO iter=247500 epoch=36 lr=4.83e-05 G=2.418 advA2B=0.544 advB2A=0.760 cycA=0.086 cycB=0.109 idtA=0.169 idtB=0.107 D_A=0.073 D_B=0.146 D_A(real)=0.87 D_A(fake)=0.13 gnG=19.97 gnD=10.76 it_per_s=7.44
2026-10-04 11:21:17,132 INFO iter=247600 epoch=36 lr=4.82e-05 G=2.414 advA2B=0.540 advB2A=0.761 cycA=0.086 cycB=0.109 idtA=0.169 idtB=0.107 D_A=0.073 D_B=0.146 D_A(real)=0.87 D_A(fake)=0.13 gnG=19.97 gnD=10.73 it_per_s=7.36
2026-10-04 11:21:29,312 INFO iter=247700 epoch=36 lr=4.81e-05 G=2.418 advA2B=0.542 advB2A=0.760 cycA=0.086 cycB=0.109 idtA=0.169 idtB=0.107 D_A=0.073 D_B=0.145 D_A(real)=0.87 D_A(fake)=0.13 gnG=19.87 gnD=10.68 it_per_s=7.42
2026-10-04 11:21:44,302 INFO iter=247800 epoch=36 lr=4.79e-05 G=2.420 advA2B=0.540 advB2A=0.762 cycA=0.086 cycB=0.110 idtA=0.170 idtB=0.107 D_A=0.072 D_B=0.145 D_A(real)=0.87 D_A(fake)=0.13 gnG=19.86 gnD=10.72 it_per_s=7.36
2026-10-04 11:21:56,769 INFO iter=247900 epoch=36 lr=4.78e-05 G=2.421 advA2B=0.539 advB2A=0.763 cycA=0.086 cycB=0.110 idtA=0.169 idtB=0.107 D_A=0.072 D_B=0.145 D_A(real)=0.87 D_A(fake)=0.13 gnG=19.95 gnD=10.74 it_per_s=7.40
2026-10-04 11:22:11,990 INFO iter=248000 epoch=36 lr=4.76e-05 G=2.420 advA2B=0.540 advB2A=0.763 cycA=0.086 cycB=0.109 idtA=0.169 idtB=0.106 D_A=0.073 D_B=0.145 D_A(real)=0.87 D_A(fake)=0.13 gnG=19.99 gnD=10.81 it_per_s=7.34
2026-10-04 11:22:25,467 INFO iter=248100 epoch=36 lr=4.75e-05 G=2.424 advA2B=0.541 advB2A=0.765 cycA=0.086 cycB=0.110 idtA=0.169 idtB=0.107 D_A=0.073 D_B=0.145 D_A(real)=0.87 D_A(fake)=0.13 gnG=19.96 gnD=10.87 it_per_s=7.35
2026-10-04 11:22:39,668 INFO iter=248200 epoch=36 lr=4.73e-05 G=2.425 advA2B=0.542 advB2A=0.765 cycA=0.086 cycB=0.110 idtA=0.170 idtB=0.107 D_A=0.073 D_B=0.145 D_A(real)=0.87 D_A(fake)=0.13 gnG=20.02 gnD=10.87 it_per_s=7.33
2026-10-04 11:22:53,596 INFO iter=248300 epoch=36 lr=4.72e-05 G=2.425 advA2B=0.542 advB2A=0.765 cycA=0.086 cycB=0.109 idtA=0.170 idtB=0.107 D_A=0.072 D_B=0.145 D_A(real)=0.87 D_A(fake)=0.13 gnG=20.01 gnD=10.89 it_per_s=7.32
2026-10-04 11:23:07,320 INFO iter=248400 epoch=36 lr=4.71e-05 G=2.430 advA2B=0.543 advB2A=0.768 cycA=0.087 cycB=0.109 idtA=0.170 idtB=0.107 D_A=0.072 D_B=0.145 D_A(real)=0.87 D_A(fake)=0.13 gnG=20.17 gnD=10.91 it_per_s=7.32
2026-10-04 11:23:22,032 INFO iter=248500 epoch=36 lr=4.69e-05 G=2.430 advA2B=0.543 advB2A=0.768 cycA=0.087 cycB=0.110 idtA=0.170 idtB=0.107 D_A=0.072 D_B=0.145 D_A(real)=0.87 D_A(fake)=0.13 gnG=20.22 gnD=10.93 it_per_s=7.30
2026-10-04 11:23:35,194 INFO iter=248600 epoch=36 lr=4.68e-05 G=2.432 advA2B=0.544 advB2A=0.771 cycA=0.087 cycB=0.109 idtA=0.170 idtB=0.107 D_A=0.072 D_B=0.145 D_A(real)=0.87 D_A(fake)=0.13 gnG=20.40 gnD=10.97 it_per_s=7.31
2026-10-04 11:23:50,023 INFO iter=248700 epoch=36 lr=4.66e-05 G=2.430 advA2B=0.543 advB2A=0.772 cycA=0.086 cycB=0.109 idtA=0.170 idtB=0.107 D_A=0.072 D_B=0.145 D_A(real)=0.87 D_A(fake)=0.13 gnG=20.43 gnD=10.96 it_per_s=7.28
2026-10-04 11:24:03,440 INFO iter=248800 epoch=36 lr=4.65e-05 G=2.431 advA2B=0.543 advB2A=0.772 cycA=0.086 cycB=0.109 idtA=0.170 idtB=0.107 D_A=0.072 D_B=0.145 D_A(real)=0.87 D_A(fake)=0.13 gnG=20.37 gnD=10.96 it_per_s=7.29
2026-10-04 11:24:18,293 INFO iter=248900 epoch=36 lr=4.63e-05 G=2.431 advA2B=0.544 advB2A=0.772 cycA=0.086 cycB=0.109 idtA=0.170 idtB=0.106 D_A=0.072 D_B=0.145 D_A(real)=0.87 D_A(fake)=0.13 gnG=20.29 gnD=10.98 it_per_s=7.27
2026-10-04 11:24:30,928 INFO iter=249000 epoch=36 lr=4.62e-05 G=2.435 advA2B=0.546 advB2A=0.772 cycA=0.087 cycB=0.109 idtA=0.170 idtB=0.107 D_A=0.072 D_B=0.145 D_A(real)=0.87 D_A(fake)=0.13 gnG=20.32 gnD=10.99 it_per_s=7.29
2026-10-04 11:24:45,976 INFO iter=249100 epoch=36 lr=4.61e-05 G=2.436 advA2B=0.545 advB2A=0.773 cycA=0.087 cycB=0.109 idtA=0.170 idtB=0.107 D_A=0.072 D_B=0.145 D_A(real)=0.87 D_A(fake)=0.13 gnG=20.33 gnD=11.00 it_per_s=7.26
2026-10-04 11:24:58,598 INFO iter=249200 epoch=36 lr=4.59e-05 G=2.435 advA2B=0.544 advB2A=0.773 cycA=0.087 cycB=0.109 idtA=0.170 idtB=0.107 D_A=0.072 D_B=0.145 D_A(real)=0.87 D_A(fake)=0.13 gnG=20.26 gnD=11.03 it_per_s=7.28
2026-10-04 11:25:10,266 INFO iter=249300 epoch=36 lr=4.58e-05 G=2.436 advA2B=0.545 advB2A=0.773 cycA=0.086 cycB=0.109 idtA=0.170 idtB=0.107 D_A=0.072 D_B=0.145 D_A(real)=0.87 D_A(fake)=0.13 gnG=20.29 gnD=11.07 it_per_s=7.32
2026-10-04 11:25:21,651 INFO iter=249400 epoch=36 lr=4.56e-05 G=2.436 advA2B=0.544 advB2A=0.774 cycA=0.086 cycB=0.109 idtA=0.170 idtB=0.107 D_A=0.072 D_B=0.145 D_A(real)=0.87 D_A(fake)=0.13 gnG=20.28 gnD=11.08 it_per_s=7.36
2026-10-04 11:25:33,027 INFO iter=249500 epoch=36 lr=4.55e-05 G=2.435 advA2B=0.543 advB2A=0.774 cycA=0.086 cycB=0.109 idtA=0.170 idtB=0.107 D_A=0.072 D_B=0.145 D_A(real)=0.87 D_A(fake)=0.13 gnG=20.27 gnD=11.08 it_per_s=7.40
2026-10-04 11:25:44,331 INFO iter=249600 epoch=36 lr=4.54e-05 G=2.434 advA2B=0.543 advB2A=0.774 cycA=0.087 cycB=0.109 idtA=0.170 idtB=0.107 D_A=0.072 D_B=0.145 D_A(real)=0.87 D_A(fake)=0.13 gnG=20.25 gnD=11.08 it_per_s=7.44
2026-10-04 11:25:55,651 INFO iter=249700 epoch=36 lr=4.52e-05 G=2.435 advA2B=0.544 advB2A=0.774 cycA=0.087 cycB=0.109 idtA=0.171 idtB=0.107 D_A=0.072 D_B=0.145 D_A(real)=0.87 D_A(fake)=0.13 gnG=20.24 gnD=11.09 it_per_s=7.47
2026-10-04 11:26:06,908 INFO iter=249800 epoch=36 lr=4.51e-05 G=2.433 advA2B=0.543 advB2A=0.773 cycA=0.087 cycB=0.109 idtA=0.171 idtB=0.107 D_A=0.072 D_B=0.145 D_A(real)=0.87 D_A(fake)=0.13 gnG=20.20 gnD=11.07 it_per_s=7.51
2026-10-04 11:26:18,180 INFO iter=249900 epoch=36 lr=4.49e-05 G=2.433 advA2B=0.544 advB2A=0.772 cycA=0.087 cycB=0.109 idtA=0.171 idtB=0.107 D_A=0.072 D_B=0.145 D_A(real)=0.87 D_A(fake)=0.13 gnG=20.21 gnD=11.06 it_per_s=7.54
2026-10-04 11:26:29,505 INFO iter=250000 epoch=36 lr=4.48e-05 G=2.432 advA2B=0.545 advB2A=0.771 cycA=0.086 cycB=0.109 idtA=0.171 idtB=0.107 D_A=0.072 D_B=0.145 D_A(real)=0.87 D_A(fake)=0.13 gnG=20.18 gnD=11.07 it_per_s=7.57
2026-10-04 11:26:41,159 INFO iter=250100 epoch=36 lr=4.46e-05 G=2.433 advA2B=0.544 advB2A=0.771 cycA=0.086 cycB=0.109 idtA=0.171 idtB=0.107 D_A=0.072 D_B=0.145 D_A(real)=0.87 D_A(fake)=0.13 gnG=20.19 gnD=11.11 it_per_s=7.59
2026-10-04 11:26:52,517 INFO iter=250200 epoch=36 lr=4.45e-05 G=2.434 advA2B=0.545 advB2A=0.772 cycA=0.086 cycB=0.109 idtA=0.171 idtB=0.107 D_A=0.072 D_B=0.145 D_A(real)=0.87 D_A(fake)=0.13 gnG=20.25 gnD=11.14 it_per_s=7.62
2026-10-04 11:27:03,841 INFO iter=250300 epoch=36 lr=4.44e-05 G=2.433 advA2B=0.546 advB2A=0.771 cycA=0.086 cycB=0.109 idtA=0.171 idtB=0.107 D_A=0.072 D_B=0.145 D_A(real)=0.87 D_A(fake)=0.13 gnG=20.26 gnD=11.16 it_per_s=7.65
2026-10-04 11:27:15,205 INFO iter=250400 epoch=36 lr=4.42e-05 G=2.433 advA2B=0.546 advB2A=0.771 cycA=0.086 cycB=0.109 idtA=0.171 idtB=0.107 D_A=0.072 D_B=0.145 D_A(real)=0.87 D_A(fake)=0.13 gnG=20.30 gnD=11.17 it_per_s=7.67
2026-10-04 11:27:26,535 INFO iter=250500 epoch=36 lr=4.41e-05 G=2.433 advA2B=0.546 advB2A=0.771 cycA=0.086 cycB=0.109 idtA=0.171 idtB=0.107 D_A=0.071 D_B=0.145 D_A(real)=0.87 D_A(fake)=0.13 gnG=20.31 gnD=11.14 it_per_s=7.69
2026-10-04 11:27:37,846 INFO iter=250600 epoch=36 lr=4.39e-05 G=2.433 advA2B=0.545 advB2A=0.772 cycA=0.086 cycB=0.109 idtA=0.171 idtB=0.107 D_A=0.072 D_B=0.145 D_A(real)=0.87 D_A(fake)=0.13 gnG=20.28 gnD=11.14 it_per_s=7.72
2026-10-04 11:27:49,203 INFO iter=250700 epoch=36 lr=4.38e-05 G=2.433 advA2B=0.546 advB2A=0.772 cycA=0.086 cycB=0.109 idtA=0.171 idtB=0.107 D_A=0.072 D_B=0.145 D_A(real)=0.87 D_A(fake)=0.13 gnG=20.27 gnD=11.14 it_per_s=7.74
2026-10-04 11:28:00,510 INFO iter=250800 epoch=36 lr=4.37e-05 G=2.433 advA2B=0.545 advB2A=0.772 cycA=0.086 cycB=0.109 idtA=0.171 idtB=0.107 D_A=0.071 D_B=0.145 D_A(real)=0.87 D_A(fake)=0.13 gnG=20.26 gnD=11.15 it_per_s=7.76
2026-10-04 11:28:11,786 INFO iter=250900 epoch=36 lr=4.35e-05 G=2.431 advA2B=0.544 advB2A=0.771 cycA=0.086 cycB=0.109 idtA=0.171 idtB=0.107 D_A=0.071 D_B=0.145 D_A(real)=0.87 D_A(fake)=0.13 gnG=20.25 gnD=11.14 it_per_s=7.78
2026-10-04 11:28:23,138 INFO iter=251000 epoch=36 lr=4.34e-05 G=2.432 advA2B=0.543 advB2A=0.772 cycA=0.086 cycB=0.109 idtA=0.171 idtB=0.107 D_A=0.071 D_B=0.145 D_A(real)=0.87 D_A(fake)=0.13 gnG=20.26 gnD=11.13 it_per_s=7.80
2026-10-04 11:28:34,509 INFO iter=251100 epoch=36 lr=4.32e-05 G=2.432 advA2B=0.543 advB2A=0.772 cycA=0.086 cycB=0.109 idtA=0.171 idtB=0.107 D_A=0.071 D_B=0.145 D_A(real)=0.87 D_A(fake)=0.13 gnG=20.25 gnD=11.13 it_per_s=7.82
2026-10-04 11:28:45,877 INFO iter=251200 epoch=36 lr=4.31e-05 G=2.431 advA2B=0.543 advB2A=0.771 cycA=0.086 cycB=0.109 idtA=0.171 idtB=0.107 D_A=0.071 D_B=0.145 D_A(real)=0.87 D_A(fake)=0.13 gnG=20.24 gnD=11.13 it_per_s=7.84
2026-10-04 11:28:57,103 INFO iter=251300 epoch=36 lr=4.29e-05 G=2.432 advA2B=0.544 advB2A=0.772 cycA=0.086 cycB=0.109 idtA=0.172 idtB=0.107 D_A=0.071 D_B=0.145 D_A(real)=0.87 D_A(fake)=0.13 gnG=20.26 gnD=11.16 it_per_s=7.86
2026-10-04 11:29:08,437 INFO iter=251400 epoch=36 lr=4.28e-05 G=2.431 advA2B=0.544 advB2A=0.772 cycA=0.087 cycB=0.109 idtA=0.171 idtB=0.107 D_A=0.071 D_B=0.145 D_A(real)=0.87 D_A(fake)=0.13 gnG=20.27 gnD=11.17 it_per_s=7.87
2026-10-04 11:29:19,852 INFO iter=251500 epoch=36 lr=4.27e-05 G=2.432 advA2B=0.543 advB2A=0.772 cycA=0.087 cycB=0.109 idtA=0.172 idtB=0.107 D_A=0.071 D_B=0.145 D_A(real)=0.87 D_A(fake)=0.13 gnG=20.28 gnD=11.17 it_per_s=7.89
2026-10-04 11:29:31,223 INFO iter=251600 epoch=36 lr=4.25e-05 G=2.432 advA2B=0.543 advB2A=0.773 cycA=0.086 cycB=0.109 idtA=0.172 idtB=0.107 D_A=0.071 D_B=0.145 D_A(real)=0.87 D_A(fake)=0.13 gnG=20.31 gnD=11.18 it_per_s=7.91
2026-10-04 11:29:42,519 INFO iter=251700 epoch=36 lr=4.24e-05 G=2.432 advA2B=0.543 advB2A=0.774 cycA=0.086 cycB=0.109 idtA=0.171 idtB=0.107 D_A=0.071 D_B=0.145 D_A(real)=0.87 D_A(fake)=0.13 gnG=20.33 gnD=11.17 it_per_s=7.92
2026-10-04 11:29:53,785 INFO iter=251800 epoch=36 lr=4.22e-05 G=2.432 advA2B=0.542 advB2A=0.774 cycA=0.086 cycB=0.109 idtA=0.171 idtB=0.107 D_A=0.071 D_B=0.145 D_A(real)=0.87 D_A(fake)=0.13 gnG=20.34 gnD=11.16 it_per_s=7.94
2026-10-04 11:30:05,072 INFO iter=251900 epoch=36 lr=4.21e-05 G=2.431 advA2B=0.542 advB2A=0.774 cycA=0.086 cycB=0.109 idtA=0.171 idtB=0.107 D_A=0.071 D_B=0.145 D_A(real)=0.87 D_A(fake)=0.13 gnG=20.34 gnD=11.15 it_per_s=7.95
2026-10-04 11:30:16,357 INFO iter=252000 epoch=36 lr=4.19e-05 G=2.432 advA2B=0.542 advB2A=0.774 cycA=0.086 cycB=0.109 idtA=0.171 idtB=0.107 D_A=0.071 D_B=0.145 D_A(real)=0.87 D_A(fake)=0.13 gnG=20.35 gnD=11.15 it_per_s=7.97
2026-10-04 11:30:27,628 INFO iter=252100 epoch=36 lr=4.18e-05 G=2.433 advA2B=0.542 advB2A=0.774 cycA=0.086 cycB=0.109 idtA=0.171 idtB=0.107 D_A=0.071 D_B=0.145 D_A(real)=0.87 D_A(fake)=0.13 gnG=20.37 gnD=11.14 it_per_s=7.98
2026-10-04 11:30:38,952 INFO iter=252200 epoch=36 lr=4.17e-05 G=2.434 advA2B=0.543 advB2A=0.774 cycA=0.086 cycB=0.109 idtA=0.171 idtB=0.107 D_A=0.071 D_B=0.145 D_A(real)=0.87 D_A(fake)=0.13 gnG=20.36 gnD=11.14 it_per_s=7.99
2026-10-04 11:30:50,199 INFO iter=252300 epoch=36 lr=4.15e-05 G=2.434 advA2B=0.543 advB2A=0.774 cycA=0.086 cycB=0.109 idtA=0.171 idtB=0.107 D_A=0.071 D_B=0.145 D_A(real)=0.87 D_A(fake)=0.13 gnG=20.34 gnD=11.15 it_per_s=8.01
2026-10-04 11:31:01,518 INFO iter=252400 epoch=36 lr=4.14e-05 G=2.434 advA2B=0.543 advB2A=0.774 cycA=0.086 cycB=0.109 idtA=0.171 idtB=0.107 D_A=0.071 D_B=0.145 D_A(real)=0.87 D_A(fake)=0.13 gnG=20.35 gnD=11.15 it_per_s=8.02
2026-10-04 11:31:12,818 INFO iter=252500 epoch=36 lr=4.12e-05 G=2.433 advA2B=0.543 advB2A=0.774 cycA=0.086 cycB=0.109 idtA=0.171 idtB=0.107 D_A=0.071 D_B=0.144 D_A(real)=0.87 D_A(fake)=0.13 gnG=20.34 gnD=11.14 it_per_s=8.03
2026-10-04 11:31:24,138 INFO iter=252600 epoch=36 lr=4.11e-05 G=2.433 advA2B=0.543 advB2A=0.774 cycA=0.086 cycB=0.109 idtA=0.171 idtB=0.107 D_A=0.071 D_B=0.145 D_A(real)=0.87 D_A(fake)=0.13 gnG=20.35 gnD=11.13 it_per_s=8.04
2026-10-04 11:31:35,478 INFO iter=252700 epoch=36 lr=4.10e-05 G=2.433 advA2B=0.543 advB2A=0.773 cycA=0.086 cycB=0.109 idtA=0.170 idtB=0.107 D_A=0.071 D_B=0.144 D_A(real)=0.87 D_A(fake)=0.13 gnG=20.31 gnD=11.14 it_per_s=8.05
2026-10-04 11:31:46,788 INFO iter=252800 epoch=36 lr=4.08e-05 G=2.433 advA2B=0.543 advB2A=0.774 cycA=0.086 cycB=0.109 idtA=0.170 idtB=0.107 D_A=0.071 D_B=0.145 D_A(real)=0.87 D_A(fake)=0.13 gnG=20.32 gnD=11.15 it_per_s=8.07
2026-10-04 11:31:58,119 INFO iter=252900 epoch=36 lr=4.07e-05 G=2.434 advA2B=0.543 advB2A=0.774 cycA=0.086 cycB=0.109 idtA=0.170 idtB=0.107 D_A=0.071 D_B=0.144 D_A(real)=0.87 D_A(fake)=0.13 gnG=20.31 gnD=11.16 it_per_s=8.08
2026-10-04 11:32:09,408 INFO iter=253000 epoch=36 lr=4.05e-05 G=2.434 advA2B=0.543 advB2A=0.774 cycA=0.086 cycB=0.109 idtA=0.170 idtB=0.107 D_A=0.071 D_B=0.145 D_A(real)=0.87 D_A(fake)=0.13 gnG=20.30 gnD=11.17 it_per_s=8.09
2026-10-04 11:32:20,730 INFO iter=253100 epoch=36 lr=4.04e-05 G=2.435 advA2B=0.543 advB2A=0.775 cycA=0.086 cycB=0.109 idtA=0.170 idtB=0.107 D_A=0.071 D_B=0.144 D_A(real)=0.87 D_A(fake)=0.13 gnG=20.31 gnD=11.16 it_per_s=8.10
2026-10-04 11:32:32,017 INFO iter=253200 epoch=36 lr=4.02e-05 G=2.435 advA2B=0.543 advB2A=0.775 cycA=0.086 cycB=0.109 idtA=0.171 idtB=0.107 D_A=0.071 D_B=0.145 D_A(real)=0.87 D_A(fake)=0.13 gnG=20.32 gnD=11.16 it_per_s=8.11
2026-10-04 11:32:43,308 INFO iter=253300 epoch=36 lr=4.01e-05 G=2.435 advA2B=0.543 advB2A=0.775 cycA=0.086 cycB=0.109 idtA=0.170 idtB=0.107 D_A=0.070 D_B=0.145 D_A(real)=0.87 D_A(fake)=0.13 gnG=20.32 gnD=11.15 it_per_s=8.12
2026-10-04 11:32:50,971 INFO epoch=36 done time_s=866 it_per_s=8.12 G=2.434 cycA=0.086 cycB=0.109 idtA=0.170 idtB=0.107 D_A=0.070 D_B=0.145 D_A(real)=0.87 D_A(fake)=0.13 nan_count=0
2026-10-04 11:32:55,310 INFO iter=253400 epoch=37 lr=4.00e-05 G=2.481 advA2B=0.581 advB2A=0.785 cycA=0.087 cycB=0.109 idtA=0.165 idtB=0.110 D_A=0.066 D_B=0.122 D_A(real)=0.88 D_A(fake)=0.10 gnG=19.41 gnD=11.00 it_per_s=8.78
2026-10-04 11:33:06,651 INFO iter=253500 epoch=37 lr=3.98e-05 G=2.452 advA2B=0.569 advB2A=0.772 cycA=0.086 cycB=0.109 idtA=0.173 idtB=0.104 D_A=0.071 D_B=0.141 D_A(real)=0.87 D_A(fake)=0.12 gnG=21.01 gnD=10.81 it_per_s=8.81
2026-10-04 11:33:17,974 INFO iter=253600 epoch=37 lr=3.97e-05 G=2.449 advA2B=0.573 advB2A=0.760 cycA=0.087 cycB=0.109 idtA=0.173 idtB=0.104 D_A=0.070 D_B=0.140 D_A(real)=0.87 D_A(fake)=0.13 gnG=20.23 gnD=11.17 it_per_s=8.82
2026-10-04 11:33:29,364 INFO iter=253700 epoch=37 lr=3.95e-05 G=2.462 advA2B=0.572 advB2A=0.775 cycA=0.087 cycB=0.108 idtA=0.174 idtB=0.103 D_A=0.070 D_B=0.141 D_A(real)=0.87 D_A(fake)=0.13 gnG=20.14 gnD=11.66 it_per_s=8.81
2026-10-04 11:33:40,733 INFO iter=253800 epoch=37 lr=3.94e-05 G=2.450 advA2B=0.566 advB2A=0.769 cycA=0.087 cycB=0.108 idtA=0.172 idtB=0.104 D_A=0.071 D_B=0.143 D_A(real)=0.87 D_A(fake)=0.13 gnG=20.30 gnD=11.61 it_per_s=8.80
2026-10-04 11:33:52,064 INFO iter=253900 epoch=37 lr=3.92e-05 G=2.447 advA2B=0.567 advB2A=0.762 cycA=0.087 cycB=0.109 idtA=0.170 idtB=0.105 D_A=0.069 D_B=0.141 D_A(real)=0.87 D_A(fake)=0.13 gnG=21.27 gnD=11.49 it_per_s=8.81
2026-10-04 11:34:03,575 INFO iter=254000 epoch=37 lr=3.91e-05 G=2.448 advA2B=0.565 advB2A=0.768 cycA=0.087 cycB=0.109 idtA=0.169 idtB=0.105 D_A=0.068 D_B=0.142 D_A(real)=0.87 D_A(fake)=0.12 gnG=21.23 gnD=11.50 it_per_s=8.79
2026-10-04 11:34:14,994 INFO iter=254100 epoch=37 lr=3.90e-05 G=2.437 advA2B=0.558 advB2A=0.766 cycA=0.087 cycB=0.108 idtA=0.169 idtB=0.105 D_A=0.068 D_B=0.142 D_A(real)=0.87 D_A(fake)=0.13 gnG=21.03 gnD=11.59 it_per_s=8.78
2026-10-04 11:34:26,274 INFO iter=254200 epoch=37 lr=3.88e-05 G=2.440 advA2B=0.559 advB2A=0.769 cycA=0.087 cycB=0.108 idtA=0.169 idtB=0.105 D_A=0.069 D_B=0.141 D_A(real)=0.87 D_A(fake)=0.13 gnG=21.02 gnD=11.68 it_per_s=8.79
2026-10-04 11:34:37,608 INFO iter=254300 epoch=37 lr=3.87e-05 G=2.446 advA2B=0.558 advB2A=0.775 cycA=0.087 cycB=0.109 idtA=0.169 idtB=0.106 D_A=0.069 D_B=0.142 D_A(real)=0.87 D_A(fake)=0.13 gnG=20.99 gnD=11.74 it_per_s=8.80
2026-10-04 11:34:48,932 INFO iter=254400 epoch=37 lr=3.85e-05 G=2.444 advA2B=0.556 advB2A=0.775 cycA=0.087 cycB=0.109 idtA=0.170 idtB=0.106 D_A=0.069 D_B=0.142 D_A(real)=0.87 D_A(fake)=0.13 gnG=20.94 gnD=11.67 it_per_s=8.80
2026-10-04 11:35:00,250 INFO iter=254500 epoch=37 lr=3.84e-05 G=2.447 advA2B=0.558 advB2A=0.775 cycA=0.087 cycB=0.109 idtA=0.170 idtB=0.106 D_A=0.069 D_B=0.143 D_A(real)=0.87 D_A(fake)=0.13 gnG=21.16 gnD=11.69 it_per_s=8.80
2026-10-04 11:35:11,528 INFO iter=254600 epoch=37 lr=3.83e-05 G=2.444 advA2B=0.560 advB2A=0.772 cycA=0.086 cycB=0.109 idtA=0.169 idtB=0.106 D_A=0.069 D_B=0.143 D_A(real)=0.87 D_A(fake)=0.13 gnG=21.16 gnD=11.73 it_per_s=8.81
2026-10-04 11:35:22,849 INFO iter=254700 epoch=37 lr=3.81e-05 G=2.444 advA2B=0.560 advB2A=0.771 cycA=0.086 cycB=0.109 idtA=0.169 idtB=0.106 D_A=0.069 D_B=0.143 D_A(real)=0.87 D_A(fake)=0.13 gnG=21.28 gnD=11.65 it_per_s=8.81
2026-10-04 11:35:34,214 INFO iter=254800 epoch=37 lr=3.80e-05 G=2.441 advA2B=0.558 advB2A=0.771 cycA=0.086 cycB=0.109 idtA=0.169 idtB=0.107 D_A=0.069 D_B=0.144 D_A(real)=0.87 D_A(fake)=0.13 gnG=21.38 gnD=11.64 it_per_s=8.81
2026-10-04 11:35:45,533 INFO iter=254900 epoch=37 lr=3.78e-05 G=2.443 advA2B=0.559 advB2A=0.772 cycA=0.086 cycB=0.109 idtA=0.169 idtB=0.107 D_A=0.069 D_B=0.144 D_A(real)=0.87 D_A(fake)=0.13 gnG=21.31 gnD=11.62 it_per_s=8.81
2026-10-04 11:35:56,808 INFO iter=255000 epoch=37 lr=3.77e-05 G=2.443 advA2B=0.557 advB2A=0.773 cycA=0.086 cycB=0.109 idtA=0.170 idtB=0.107 D_A=0.069 D_B=0.143 D_A(real)=0.87 D_A(fake)=0.13 gnG=21.31 gnD=11.59 it_per_s=8.81
2026-10-04 11:36:08,072 INFO iter=255100 epoch=37 lr=3.75e-05 G=2.443 advA2B=0.558 advB2A=0.772 cycA=0.086 cycB=0.109 idtA=0.170 idtB=0.107 D_A=0.069 D_B=0.143 D_A(real)=0.87 D_A(fake)=0.13 gnG=21.28 gnD=11.55 it_per_s=8.82
2026-10-04 11:36:19,376 INFO iter=255200 epoch=37 lr=3.74e-05 G=2.444 advA2B=0.558 advB2A=0.773 cycA=0.086 cycB=0.108 idtA=0.170 idtB=0.107 D_A=0.069 D_B=0.143 D_A(real)=0.87 D_A(fake)=0.13 gnG=21.24 gnD=11.56 it_per_s=8.82
2026-10-04 11:36:30,733 INFO iter=255300 epoch=37 lr=3.73e-05 G=2.443 advA2B=0.557 advB2A=0.774 cycA=0.087 cycB=0.108 idtA=0.169 idtB=0.106 D_A=0.069 D_B=0.142 D_A(real)=0.87 D_A(fake)=0.13 gnG=21.24 gnD=11.56 it_per_s=8.82
2026-10-04 11:36:41,943 INFO iter=255400 epoch=37 lr=3.71e-05 G=2.445 advA2B=0.558 advB2A=0.776 cycA=0.086 cycB=0.108 idtA=0.169 idtB=0.106 D_A=0.069 D_B=0.142 D_A(real)=0.87 D_A(fake)=0.13 gnG=21.25 gnD=11.55 it_per_s=8.82
2026-10-04 11:36:53,233 INFO iter=255500 epoch=37 lr=3.70e-05 G=2.446 advA2B=0.557 advB2A=0.776 cycA=0.086 cycB=0.109 idtA=0.169 idtB=0.107 D_A=0.069 D_B=0.142 D_A(real)=0.87 D_A(fake)=0.13 gnG=21.27 gnD=11.56 it_per_s=8.83
2026-10-04 11:37:04,531 INFO iter=255600 epoch=37 lr=3.68e-05 G=2.444 advA2B=0.555 advB2A=0.775 cycA=0.086 cycB=0.109 idtA=0.169 idtB=0.107 D_A=0.069 D_B=0.143 D_A(real)=0.87 D_A(fake)=0.13 gnG=21.23 gnD=11.60 it_per_s=8.83
2026-10-04 11:37:15,855 INFO iter=255700 epoch=37 lr=3.67e-05 G=2.444 advA2B=0.555 advB2A=0.775 cycA=0.086 cycB=0.109 idtA=0.168 idtB=0.107 D_A=0.069 D_B=0.142 D_A(real)=0.87 D_A(fake)=0.13 gnG=21.25 gnD=11.58 it_per_s=8.83
2026-10-04 11:37:27,131 INFO iter=255800 epoch=37 lr=3.65e-05 G=2.441 advA2B=0.554 advB2A=0.775 cycA=0.086 cycB=0.109 idtA=0.168 idtB=0.107 D_A=0.069 D_B=0.142 D_A(real)=0.87 D_A(fake)=0.13 gnG=21.24 gnD=11.64 it_per_s=8.83
2026-10-04 11:37:38,438 INFO iter=255900 epoch=37 lr=3.64e-05 G=2.440 advA2B=0.554 advB2A=0.775 cycA=0.086 cycB=0.109 idtA=0.168 idtB=0.107 D_A=0.069 D_B=0.143 D_A(real)=0.87 D_A(fake)=0.13 gnG=21.29 gnD=11.63 it_per_s=8.83
2026-10-04 11:37:49,690 INFO iter=256000 epoch=37 lr=3.63e-05 G=2.437 advA2B=0.553 advB2A=0.774 cycA=0.086 cycB=0.108 idtA=0.168 idtB=0.107 D_A=0.069 D_B=0.142 D_A(real)=0.87 D_A(fake)=0.13 gnG=21.34 gnD=11.62 it_per_s=8.83
2026-10-04 11:38:01,018 INFO iter=256100 epoch=37 lr=3.61e-05 G=2.436 advA2B=0.552 advB2A=0.774 cycA=0.086 cycB=0.108 idtA=0.168 idtB=0.106 D_A=0.069 D_B=0.143 D_A(real)=0.87 D_A(fake)=0.13 gnG=21.32 gnD=11.68 it_per_s=8.83
2026-10-04 11:38:12,293 INFO iter=256200 epoch=37 lr=3.60e-05 G=2.437 advA2B=0.552 advB2A=0.775 cycA=0.086 cycB=0.108 idtA=0.168 idtB=0.106 D_A=0.069 D_B=0.142 D_A(real)=0.87 D_A(fake)=0.13 gnG=21.34 gnD=11.62 it_per_s=8.83
2026-10-04 11:38:23,566 INFO iter=256300 epoch=37 lr=3.58e-05 G=2.438 advA2B=0.552 advB2A=0.776 cycA=0.086 cycB=0.108 idtA=0.169 idtB=0.106 D_A=0.069 D_B=0.142 D_A(real)=0.87 D_A(fake)=0.13 gnG=21.32 gnD=11.62 it_per_s=8.83
2026-10-04 11:38:34,849 INFO iter=256400 epoch=37 lr=3.57e-05 G=2.439 advA2B=0.552 advB2A=0.776 cycA=0.086 cycB=0.108 idtA=0.169 idtB=0.107 D_A=0.069 D_B=0.143 D_A(real)=0.87 D_A(fake)=0.13 gnG=21.32 gnD=11.60 it_per_s=8.83
2026-10-04 11:38:46,065 INFO iter=256500 epoch=37 lr=3.56e-05 G=2.437 advA2B=0.550 advB2A=0.776 cycA=0.086 cycB=0.108 idtA=0.169 idtB=0.106 D_A=0.069 D_B=0.142 D_A(real)=0.87 D_A(fake)=0.13 gnG=21.39 gnD=11.59 it_per_s=8.84
2026-10-04 11:38:57,346 INFO iter=256600 epoch=37 lr=3.54e-05 G=2.438 advA2B=0.550 advB2A=0.777 cycA=0.086 cycB=0.108 idtA=0.169 idtB=0.106 D_A=0.069 D_B=0.142 D_A(real)=0.87 D_A(fake)=0.13 gnG=21.37 gnD=11.58 it_per_s=8.84
2026-10-04 11:39:08,706 INFO iter=256700 epoch=37 lr=3.53e-05 G=2.437 advA2B=0.549 advB2A=0.777 cycA=0.086 cycB=0.108 idtA=0.169 idtB=0.107 D_A=0.069 D_B=0.143 D_A(real)=0.87 D_A(fake)=0.13 gnG=21.38 gnD=11.59 it_per_s=8.84
2026-10-04 11:39:20,131 INFO iter=256800 epoch=37 lr=3.51e-05 G=2.437 advA2B=0.549 advB2A=0.778 cycA=0.086 cycB=0.108 idtA=0.169 idtB=0.107 D_A=0.068 D_B=0.143 D_A(real)=0.87 D_A(fake)=0.13 gnG=21.39 gnD=11.61 it_per_s=8.83
2026-10-04 11:39:31,488 INFO iter=256900 epoch=37 lr=3.50e-05 G=2.438 advA2B=0.549 advB2A=0.779 cycA=0.086 cycB=0.108 idtA=0.169 idtB=0.107 D_A=0.068 D_B=0.143 D_A(real)=0.87 D_A(fake)=0.13 gnG=21.39 gnD=11.59 it_per_s=8.83
2026-10-04 11:39:42,756 INFO iter=257000 epoch=37 lr=3.48e-05 G=2.439 advA2B=0.550 advB2A=0.780 cycA=0.086 cycB=0.108 idtA=0.169 idtB=0.106 D_A=0.068 D_B=0.143 D_A(real)=0.87 D_A(fake)=0.13 gnG=21.38 gnD=11.60 it_per_s=8.83
2026-10-04 11:39:54,245 INFO iter=257100 epoch=37 lr=3.47e-05 G=2.437 advA2B=0.549 advB2A=0.778 cycA=0.086 cycB=0.108 idtA=0.169 idtB=0.107 D_A=0.068 D_B=0.143 D_A(real)=0.87 D_A(fake)=0.13 gnG=21.37 gnD=11.62 it_per_s=8.83
2026-10-04 11:40:05,681 INFO iter=257200 epoch=37 lr=3.46e-05 G=2.436 advA2B=0.548 advB2A=0.779 cycA=0.086 cycB=0.108 idtA=0.169 idtB=0.106 D_A=0.068 D_B=0.143 D_A(real)=0.87 D_A(fake)=0.13 gnG=21.39 gnD=11.64 it_per_s=8.83
2026-10-04 11:40:17,104 INFO iter=257300 epoch=37 lr=3.44e-05 G=2.435 advA2B=0.548 advB2A=0.778 cycA=0.086 cycB=0.108 idtA=0.168 idtB=0.106 D_A=0.068 D_B=0.143 D_A(real)=0.87 D_A(fake)=0.13 gnG=21.39 gnD=11.64 it_per_s=8.83
2026-10-04 11:40:28,535 INFO iter=257400 epoch=37 lr=3.43e-05 G=2.435 advA2B=0.549 advB2A=0.778 cycA=0.086 cycB=0.108 idtA=0.168 idtB=0.106 D_A=0.069 D_B=0.143 D_A(real)=0.87 D_A(fake)=0.13 gnG=21.43 gnD=11.65 it_per_s=8.83
2026-10-04 11:40:40,015 INFO iter=257500 epoch=37 lr=3.41e-05 G=2.436 advA2B=0.549 advB2A=0.778 cycA=0.086 cycB=0.108 idtA=0.168 idtB=0.106 D_A=0.069 D_B=0.143 D_A(real)=0.87 D_A(fake)=0.13 gnG=21.43 gnD=11.67 it_per_s=8.82
2026-10-04 11:40:51,527 INFO iter=257600 epoch=37 lr=3.40e-05 G=2.435 advA2B=0.549 advB2A=0.778 cycA=0.086 cycB=0.108 idtA=0.168 idtB=0.106 D_A=0.069 D_B=0.143 D_A(real)=0.87 D_A(fake)=0.13 gnG=21.42 gnD=11.66 it_per_s=8.82
2026-10-04 11:41:03,015 INFO iter=257700 epoch=37 lr=3.38e-05 G=2.434 advA2B=0.549 advB2A=0.778 cycA=0.086 cycB=0.108 idtA=0.168 idtB=0.106 D_A=0.069 D_B=0.143 D_A(real)=0.87 D_A(fake)=0.13 gnG=21.49 gnD=11.66 it_per_s=8.82
2026-10-04 11:41:14,445 INFO iter=257800 epoch=37 lr=3.37e-05 G=2.435 advA2B=0.549 advB2A=0.778 cycA=0.086 cycB=0.108 idtA=0.168 idtB=0.106 D_A=0.069 D_B=0.143 D_A(real)=0.87 D_A(fake)=0.13 gnG=21.52 gnD=11.66 it_per_s=8.81
2026-10-04 11:41:25,832 INFO iter=257900 epoch=37 lr=3.36e-05 G=2.435 advA2B=0.549 advB2A=0.778 cycA=0.086 cycB=0.108 idtA=0.168 idtB=0.106 D_A=0.069 D_B=0.143 D_A(real)=0.87 D_A(fake)=0.13 gnG=21.55 gnD=11.69 it_per_s=8.81
2026-10-04 11:41:37,509 INFO iter=258000 epoch=37 lr=3.34e-05 G=2.435 advA2B=0.550 advB2A=0.778 cycA=0.086 cycB=0.108 idtA=0.168 idtB=0.106 D_A=0.069 D_B=0.144 D_A(real)=0.87 D_A(fake)=0.13 gnG=21.54 gnD=11.73 it_per_s=8.81
2026-10-04 11:41:48,963 INFO iter=258100 epoch=37 lr=3.33e-05 G=2.435 advA2B=0.549 advB2A=0.778 cycA=0.086 cycB=0.108 idtA=0.168 idtB=0.106 D_A=0.069 D_B=0.144 D_A(real)=0.87 D_A(fake)=0.13 gnG=21.58 gnD=11.76 it_per_s=8.81
2026-10-04 11:42:00,408 INFO iter=258200 epoch=37 lr=3.31e-05 G=2.435 advA2B=0.549 advB2A=0.778 cycA=0.086 cycB=0.108 idtA=0.168 idtB=0.106 D_A=0.069 D_B=0.143 D_A(real)=0.87 D_A(fake)=0.13 gnG=21.60 gnD=11.75 it_per_s=8.81
2026-10-04 11:42:11,883 INFO iter=258300 epoch=37 lr=3.30e-05 G=2.436 advA2B=0.550 advB2A=0.778 cycA=0.086 cycB=0.108 idtA=0.169 idtB=0.106 D_A=0.069 D_B=0.143 D_A(real)=0.87 D_A(fake)=0.13 gnG=21.62 gnD=11.76 it_per_s=8.80
2026-10-04 11:42:23,383 INFO iter=258400 epoch=37 lr=3.29e-05 G=2.437 advA2B=0.550 advB2A=0.778 cycA=0.086 cycB=0.108 idtA=0.169 idtB=0.106 D_A=0.069 D_B=0.144 D_A(real)=0.87 D_A(fake)=0.13 gnG=21.59 gnD=11.78 it_per_s=8.80
2026-10-04 11:42:34,823 INFO iter=258500 epoch=37 lr=3.27e-05 G=2.437 advA2B=0.551 advB2A=0.778 cycA=0.086 cycB=0.108 idtA=0.169 idtB=0.106 D_A=0.069 D_B=0.143 D_A(real)=0.87 D_A(fake)=0.13 gnG=21.59 gnD=11.77 it_per_s=8.80
2026-10-04 11:42:46,254 INFO iter=258600 epoch=37 lr=3.26e-05 G=2.436 advA2B=0.550 advB2A=0.778 cycA=0.086 cycB=0.108 idtA=0.168 idtB=0.106 D_A=0.069 D_B=0.143 D_A(real)=0.87 D_A(fake)=0.13 gnG=21.60 gnD=11.77 it_per_s=8.80
2026-10-04 11:42:57,864 INFO iter=258700 epoch=37 lr=3.24e-05 G=2.436 advA2B=0.549 advB2A=0.779 cycA=0.086 cycB=0.108 idtA=0.168 idtB=0.106 D_A=0.069 D_B=0.143 D_A(real)=0.87 D_A(fake)=0.13 gnG=21.58 gnD=11.82 it_per_s=8.80
2026-10-04 11:43:09,302 INFO iter=258800 epoch=37 lr=3.23e-05 G=2.435 advA2B=0.548 advB2A=0.779 cycA=0.086 cycB=0.108 idtA=0.168 idtB=0.106 D_A=0.069 D_B=0.144 D_A(real)=0.87 D_A(fake)=0.13 gnG=21.55 gnD=11.83 it_per_s=8.79
2026-10-04 11:43:20,856 INFO iter=258900 epoch=37 lr=3.21e-05 G=2.435 advA2B=0.548 advB2A=0.778 cycA=0.086 cycB=0.108 idtA=0.169 idtB=0.106 D_A=0.069 D_B=0.144 D_A(real)=0.87 D_A(fake)=0.13 gnG=21.54 gnD=11.84 it_per_s=8.79
2026-10-04 11:43:32,378 INFO iter=259000 epoch=37 lr=3.20e-05 G=2.435 advA2B=0.548 advB2A=0.778 cycA=0.086 cycB=0.108 idtA=0.169 idtB=0.106 D_A=0.069 D_B=0.144 D_A(real)=0.87 D_A(fake)=0.13 gnG=21.56 gnD=11.85 it_per_s=8.79
2026-10-04 11:43:43,887 INFO iter=259100 epoch=37 lr=3.19e-05 G=2.434 advA2B=0.547 advB2A=0.779 cycA=0.086 cycB=0.108 idtA=0.169 idtB=0.106 D_A=0.069 D_B=0.144 D_A(real)=0.87 D_A(fake)=0.13 gnG=21.55 gnD=11.84 it_per_s=8.79
2026-10-04 11:43:55,382 INFO iter=259200 epoch=37 lr=3.17e-05 G=2.434 advA2B=0.547 advB2A=0.778 cycA=0.086 cycB=0.108 idtA=0.169 idtB=0.106 D_A=0.069 D_B=0.144 D_A(real)=0.87 D_A(fake)=0.13 gnG=21.56 gnD=11.85 it_per_s=8.79
2026-10-04 11:44:06,995 INFO iter=259300 epoch=37 lr=3.16e-05 G=2.433 advA2B=0.547 advB2A=0.778 cycA=0.086 cycB=0.108 idtA=0.169 idtB=0.106 D_A=0.069 D_B=0.144 D_A(real)=0.87 D_A(fake)=0.13 gnG=21.55 gnD=11.85 it_per_s=8.78
2026-10-04 11:44:18,490 INFO iter=259400 epoch=37 lr=3.14e-05 G=2.433 advA2B=0.547 advB2A=0.778 cycA=0.086 cycB=0.108 idtA=0.169 idtB=0.106 D_A=0.069 D_B=0.144 D_A(real)=0.87 D_A(fake)=0.13 gnG=21.53 gnD=11.84 it_per_s=8.78
2026-10-04 11:44:30,009 INFO iter=259500 epoch=37 lr=3.13e-05 G=2.432 advA2B=0.547 advB2A=0.778 cycA=0.086 cycB=0.108 idtA=0.168 idtB=0.106 D_A=0.069 D_B=0.144 D_A(real)=0.87 D_A(fake)=0.13 gnG=21.58 gnD=11.85 it_per_s=8.78
2026-10-04 11:44:41,588 INFO iter=259600 epoch=37 lr=3.11e-05 G=2.432 advA2B=0.547 advB2A=0.778 cycA=0.086 cycB=0.108 idtA=0.168 idtB=0.106 D_A=0.069 D_B=0.143 D_A(real)=0.87 D_A(fake)=0.13 gnG=21.58 gnD=11.86 it_per_s=8.78
2026-10-04 11:44:53,090 INFO iter=259700 epoch=37 lr=3.10e-05 G=2.433 advA2B=0.547 advB2A=0.779 cycA=0.086 cycB=0.108 idtA=0.168 idtB=0.106 D_A=0.069 D_B=0.143 D_A(real)=0.87 D_A(fake)=0.13 gnG=21.60 gnD=11.88 it_per_s=8.78
2026-10-04 11:45:04,561 INFO iter=259800 epoch=37 lr=3.09e-05 G=2.432 advA2B=0.547 advB2A=0.779 cycA=0.086 cycB=0.108 idtA=0.168 idtB=0.106 D_A=0.069 D_B=0.143 D_A(real)=0.87 D_A(fake)=0.13 gnG=21.58 gnD=11.88 it_per_s=8.78
2026-10-04 11:45:16,004 INFO iter=259900 epoch=37 lr=3.07e-05 G=2.433 advA2B=0.547 advB2A=0.779 cycA=0.086 cycB=0.108 idtA=0.168 idtB=0.106 D_A=0.069 D_B=0.143 D_A(real)=0.87 D_A(fake)=0.13 gnG=21.66 gnD=11.87 it_per_s=8.78
2026-10-04 11:45:27,487 INFO iter=260000 epoch=37 lr=3.06e-05 G=2.433 advA2B=0.547 advB2A=0.779 cycA=0.086 cycB=0.108 idtA=0.168 idtB=0.106 D_A=0.069 D_B=0.143 D_A(real)=0.87 D_A(fake)=0.13 gnG=21.64 gnD=11.87 it_per_s=8.77
2026-10-04 11:45:38,963 INFO iter=260100 epoch=37 lr=3.04e-05 G=2.433 advA2B=0.547 advB2A=0.779 cycA=0.086 cycB=0.108 idtA=0.168 idtB=0.106 D_A=0.069 D_B=0.143 D_A(real)=0.87 D_A(fake)=0.13 gnG=21.66 gnD=11.88 it_per_s=8.77
2026-10-04 11:45:50,381 INFO iter=260200 epoch=37 lr=3.03e-05 G=2.432 advA2B=0.547 advB2A=0.780 cycA=0.086 cycB=0.108 idtA=0.168 idtB=0.106 D_A=0.069 D_B=0.143 D_A(real)=0.87 D_A(fake)=0.13 gnG=21.66 gnD=11.88 it_per_s=8.77
2026-10-04 11:46:01,873 INFO iter=260300 epoch=37 lr=3.02e-05 G=2.432 advA2B=0.547 advB2A=0.780 cycA=0.086 cycB=0.108 idtA=0.168 idtB=0.106 D_A=0.069 D_B=0.143 D_A(real)=0.87 D_A(fake)=0.13 gnG=21.69 gnD=11.89 it_per_s=8.77
2026-10-04 11:46:13,324 INFO iter=260400 epoch=37 lr=3.00e-05 G=2.433 advA2B=0.547 advB2A=0.780 cycA=0.086 cycB=0.108 idtA=0.168 idtB=0.106 D_A=0.068 D_B=0.143 D_A(real)=0.87 D_A(fake)=0.13 gnG=21.70 gnD=11.90 it_per_s=8.77
2026-10-04 11:46:13,986 INFO epoch=37 done time_s=802 it_per_s=8.77 G=2.433 cycA=0.086 cycB=0.108 idtA=0.168 idtB=0.106 D_A=0.068 D_B=0.143 D_A(real)=0.87 D_A(fake)=0.13 nan_count=0
2026-10-04 11:46:25,503 INFO iter=260500 epoch=38 lr=2.99e-05 G=2.412 advA2B=0.548 advB2A=0.751 cycA=0.087 cycB=0.108 idtA=0.169 idtB=0.111 D_A=0.063 D_B=0.137 D_A(real)=0.88 D_A(fake)=0.11 gnG=23.18 gnD=11.06 it_per_s=8.72
2026-10-04 11:46:37,040 INFO iter=260600 epoch=38 lr=2.97e-05 G=2.393 advA2B=0.545 advB2A=0.752 cycA=0.086 cycB=0.106 idtA=0.168 idtB=0.103 D_A=0.067 D_B=0.141 D_A(real)=0.89 D_A(fake)=0.11 gnG=21.68 gnD=12.20 it_per_s=8.69
2026-10-04 11:46:48,511 INFO iter=260700 epoch=38 lr=2.96e-05 G=2.399 advA2B=0.554 advB2A=0.759 cycA=0.085 cycB=0.105 idtA=0.165 idtB=0.105 D_A=0.069 D_B=0.143 D_A(real)=0.88 D_A(fake)=0.12 gnG=22.36 gnD=12.31 it_per_s=8.70
2026-10-04 11:47:00,022 INFO iter=260800 epoch=38 lr=2.94e-05 G=2.420 advA2B=0.559 advB2A=0.763 cycA=0.086 cycB=0.107 idtA=0.164 idtB=0.108 D_A=0.069 D_B=0.142 D_A(real)=0.88 D_A(fake)=0.12 gnG=22.70 gnD=12.09 it_per_s=8.70
2026-10-04 11:47:11,620 INFO iter=260900 epoch=38 lr=2.93e-05 G=2.425 advA2B=0.557 advB2A=0.768 cycA=0.085 cycB=0.107 idtA=0.166 idtB=0.108 D_A=0.067 D_B=0.142 D_A(real)=0.88 D_A(fake)=0.12 gnG=22.49 gnD=12.00 it_per_s=8.68
2026-10-04 11:47:23,254 INFO iter=261000 epoch=38 lr=2.92e-05 G=2.433 advA2B=0.558 advB2A=0.774 cycA=0.085 cycB=0.107 idtA=0.168 idtB=0.107 D_A=0.068 D_B=0.141 D_A(real)=0.88 D_A(fake)=0.12 gnG=22.34 gnD=11.90 it_per_s=8.67
2026-10-04 11:47:34,720 INFO iter=261100 epoch=38 lr=2.90e-05 G=2.434 advA2B=0.553 advB2A=0.778 cycA=0.085 cycB=0.108 idtA=0.168 idtB=0.108 D_A=0.067 D_B=0.141 D_A(real)=0.88 D_A(fake)=0.12 gnG=22.41 gnD=11.88 it_per_s=8.68
2026-10-04 11:47:46,214 INFO iter=261200 epoch=38 lr=2.89e-05 G=2.430 advA2B=0.551 advB2A=0.782 cycA=0.085 cycB=0.107 idtA=0.167 idtB=0.107 D_A=0.068 D_B=0.141 D_A(real)=0.88 D_A(fake)=0.12 gnG=22.33 gnD=11.83 it_per_s=8.68
2026-10-04 11:47:57,740 INFO iter=261300 epoch=38 lr=2.87e-05 G=2.431 advA2B=0.550 advB2A=0.783 cycA=0.085 cycB=0.107 idtA=0.167 idtB=0.106 D_A=0.068 D_B=0.141 D_A(real)=0.88 D_A(fake)=0.12 gnG=22.47 gnD=11.88 it_per_s=8.68
2026-10-04 11:48:09,193 INFO iter=261400 epoch=38 lr=2.86e-05 G=2.433 advA2B=0.554 advB2A=0.784 cycA=0.085 cycB=0.107 idtA=0.167 idtB=0.107 D_A=0.068 D_B=0.141 D_A(real)=0.88 D_A(fake)=0.12 gnG=22.69 gnD=11.91 it_per_s=8.68
2026-10-04 11:48:20,698 INFO iter=261500 epoch=38 lr=2.84e-05 G=2.438 advA2B=0.553 advB2A=0.784 cycA=0.085 cycB=0.107 idtA=0.167 idtB=0.107 D_A=0.068 D_B=0.142 D_A(real)=0.87 D_A(fake)=0.12 gnG=22.79 gnD=11.93 it_per_s=8.68
2026-10-04 11:48:32,194 INFO iter=261600 epoch=38 lr=2.83e-05 G=2.436 advA2B=0.553 advB2A=0.784 cycA=0.085 cycB=0.107 idtA=0.167 idtB=0.107 D_A=0.068 D_B=0.141 D_A(real)=0.88 D_A(fake)=0.12 gnG=22.69 gnD=11.92 it_per_s=8.69
2026-10-04 11:48:43,587 INFO iter=261700 epoch=38 lr=2.82e-05 G=2.436 advA2B=0.553 advB2A=0.786 cycA=0.085 cycB=0.107 idtA=0.168 idtB=0.107 D_A=0.068 D_B=0.141 D_A(real)=0.88 D_A(fake)=0.12 gnG=22.61 gnD=11.96 it_per_s=8.69
2026-10-04 11:48:55,198 INFO iter=261800 epoch=38 lr=2.80e-05 G=2.437 advA2B=0.554 advB2A=0.785 cycA=0.085 cycB=0.107 idtA=0.168 idtB=0.106 D_A=0.068 D_B=0.141 D_A(real)=0.87 D_A(fake)=0.12 gnG=22.72 gnD=12.02 it_per_s=8.69
2026-10-04 11:49:06,750 INFO iter=261900 epoch=38 lr=2.79e-05 G=2.437 advA2B=0.551 advB2A=0.786 cycA=0.085 cycB=0.107 idtA=0.168 idtB=0.106 D_A=0.068 D_B=0.142 D_A(real)=0.87 D_A(fake)=0.12 gnG=22.64 gnD=12.08 it_per_s=8.68
2026-10-04 11:49:18,229 INFO iter=262000 epoch=38 lr=2.77e-05 G=2.437 advA2B=0.552 advB2A=0.784 cycA=0.085 cycB=0.107 idtA=0.168 idtB=0.106 D_A=0.068 D_B=0.142 D_A(real)=0.87 D_A(fake)=0.13 gnG=22.60 gnD=12.10 it_per_s=8.69
2026-10-04 11:49:29,778 INFO iter=262100 epoch=38 lr=2.76e-05 G=2.436 advA2B=0.554 advB2A=0.783 cycA=0.085 cycB=0.107 idtA=0.168 idtB=0.106 D_A=0.067 D_B=0.142 D_A(real)=0.87 D_A(fake)=0.13 gnG=22.63 gnD=12.19 it_per_s=8.68
2026-10-04 11:49:41,281 INFO iter=262200 epoch=38 lr=2.75e-05 G=2.436 advA2B=0.552 advB2A=0.783 cycA=0.085 cycB=0.107 idtA=0.168 idtB=0.106 D_A=0.068 D_B=0.142 D_A(real)=0.87 D_A(fake)=0.13 gnG=22.66 gnD=12.18 it_per_s=8.69
2026-10-04 11:49:52,713 INFO iter=262300 epoch=38 lr=2.73e-05 G=2.440 advA2B=0.554 advB2A=0.784 cycA=0.086 cycB=0.107 idtA=0.168 idtB=0.106 D_A=0.067 D_B=0.142 D_A(real)=0.87 D_A(fake)=0.12 gnG=22.69 gnD=12.17 it_per_s=8.69
2026-10-04 11:50:04,189 INFO iter=262400 epoch=38 lr=2.72e-05 G=2.439 advA2B=0.554 advB2A=0.783 cycA=0.085 cycB=0.108 idtA=0.167 idtB=0.106 D_A=0.067 D_B=0.142 D_A(real)=0.87 D_A(fake)=0.13 gnG=22.79 gnD=12.17 it_per_s=8.69
2026-10-04 11:50:15,686 INFO iter=262500 epoch=38 lr=2.70e-05 G=2.438 advA2B=0.552 advB2A=0.782 cycA=0.086 cycB=0.108 idtA=0.168 idtB=0.107 D_A=0.067 D_B=0.142 D_A(real)=0.87 D_A(fake)=0.13 gnG=22.75 gnD=12.16 it_per_s=8.69
2026-10-04 11:50:27,113 INFO iter=262600 epoch=38 lr=2.69e-05 G=2.441 advA2B=0.551 advB2A=0.785 cycA=0.086 cycB=0.108 idtA=0.168 idtB=0.107 D_A=0.067 D_B=0.142 D_A(real)=0.87 D_A(fake)=0.13 gnG=22.74 gnD=12.14 it_per_s=8.69
2026-10-04 11:50:38,569 INFO iter=262700 epoch=38 lr=2.67e-05 G=2.441 advA2B=0.551 advB2A=0.785 cycA=0.086 cycB=0.108 idtA=0.168 idtB=0.107 D_A=0.066 D_B=0.142 D_A(real)=0.88 D_A(fake)=0.12 gnG=22.70 gnD=12.11 it_per_s=8.69
2026-10-04 11:50:50,029 INFO iter=262800 epoch=38 lr=2.66e-05 G=2.442 advA2B=0.552 advB2A=0.784 cycA=0.086 cycB=0.108 idtA=0.169 idtB=0.107 D_A=0.066 D_B=0.142 D_A(real)=0.87 D_A(fake)=0.12 gnG=22.71 gnD=12.10 it_per_s=8.70
2026-10-04 11:51:01,509 INFO iter=262900 epoch=38 lr=2.65e-05 G=2.439 advA2B=0.552 advB2A=0.783 cycA=0.086 cycB=0.108 idtA=0.168 idtB=0.107 D_A=0.066 D_B=0.141 D_A(real)=0.87 D_A(fake)=0.12 gnG=22.69 gnD=12.10 it_per_s=8.70
2026-10-04 11:51:13,166 INFO iter=263000 epoch=38 lr=2.63e-05 G=2.442 advA2B=0.552 advB2A=0.785 cycA=0.086 cycB=0.108 idtA=0.168 idtB=0.107 D_A=0.066 D_B=0.141 D_A(real)=0.88 D_A(fake)=0.12 gnG=22.80 gnD=12.08 it_per_s=8.69
2026-10-04 11:51:24,594 INFO iter=263100 epoch=38 lr=2.62e-05 G=2.440 advA2B=0.551 advB2A=0.784 cycA=0.085 cycB=0.108 idtA=0.168 idtB=0.107 D_A=0.066 D_B=0.141 D_A(real)=0.88 D_A(fake)=0.12 gnG=22.84 gnD=12.16 it_per_s=8.69
2026-10-04 11:51:36,045 INFO iter=263200 epoch=38 lr=2.60e-05 G=2.441 advA2B=0.552 advB2A=0.784 cycA=0.086 cycB=0.108 idtA=0.168 idtB=0.107 D_A=0.066 D_B=0.142 D_A(real)=0.88 D_A(fake)=0.12 gnG=22.87 gnD=12.19 it_per_s=8.70
2026-10-04 11:51:47,495 INFO iter=263300 epoch=38 lr=2.59e-05 G=2.439 advA2B=0.551 advB2A=0.784 cycA=0.086 cycB=0.108 idtA=0.168 idtB=0.107 D_A=0.066 D_B=0.142 D_A(real)=0.88 D_A(fake)=0.12 gnG=22.91 gnD=12.27 it_per_s=8.70
2026-10-04 11:51:58,929 INFO iter=263400 epoch=38 lr=2.57e-05 G=2.440 advA2B=0.550 advB2A=0.785 cycA=0.086 cycB=0.108 idtA=0.168 idtB=0.107 D_A=0.066 D_B=0.142 D_A(real)=0.87 D_A(fake)=0.12 gnG=22.97 gnD=12.24 it_per_s=8.70
2026-10-04 11:52:10,392 INFO iter=263500 epoch=38 lr=2.56e-05 G=2.438 advA2B=0.549 advB2A=0.785 cycA=0.086 cycB=0.108 idtA=0.168 idtB=0.107 D_A=0.066 D_B=0.142 D_A(real)=0.87 D_A(fake)=0.13 gnG=23.09 gnD=12.24 it_per_s=8.70
2026-10-04 11:52:21,755 INFO iter=263600 epoch=38 lr=2.55e-05 G=2.439 advA2B=0.550 advB2A=0.785 cycA=0.086 cycB=0.108 idtA=0.168 idtB=0.107 D_A=0.066 D_B=0.142 D_A(real)=0.87 D_A(fake)=0.12 gnG=23.15 gnD=12.23 it_per_s=8.70
2026-10-04 11:52:33,265 INFO iter=263700 epoch=38 lr=2.53e-05 G=2.436 advA2B=0.549 advB2A=0.785 cycA=0.085 cycB=0.107 idtA=0.167 idtB=0.106 D_A=0.066 D_B=0.142 D_A(real)=0.87 D_A(fake)=0.13 gnG=23.13 gnD=12.26 it_per_s=8.70
2026-10-04 11:52:44,746 INFO iter=263800 epoch=38 lr=2.52e-05 G=2.437 advA2B=0.549 advB2A=0.786 cycA=0.086 cycB=0.108 idtA=0.167 idtB=0.106 D_A=0.066 D_B=0.142 D_A(real)=0.87 D_A(fake)=0.13 gnG=23.14 gnD=12.32 it_per_s=8.70
2026-10-04 11:52:56,199 INFO iter=263900 epoch=38 lr=2.50e-05 G=2.438 advA2B=0.549 advB2A=0.785 cycA=0.086 cycB=0.108 idtA=0.168 idtB=0.106 D_A=0.066 D_B=0.142 D_A(real)=0.87 D_A(fake)=0.13 gnG=23.18 gnD=12.34 it_per_s=8.70
2026-10-04 11:53:07,668 INFO iter=264000 epoch=38 lr=2.49e-05 G=2.439 advA2B=0.549 advB2A=0.784 cycA=0.086 cycB=0.108 idtA=0.168 idtB=0.107 D_A=0.066 D_B=0.142 D_A(real)=0.87 D_A(fake)=0.13 gnG=23.24 gnD=12.33 it_per_s=8.70
2026-10-04 11:53:19,087 INFO iter=264100 epoch=38 lr=2.48e-05 G=2.438 advA2B=0.548 advB2A=0.784 cycA=0.086 cycB=0.108 idtA=0.168 idtB=0.107 D_A=0.066 D_B=0.142 D_A(real)=0.87 D_A(fake)=0.13 gnG=23.29 gnD=12.32 it_per_s=8.70
2026-10-04 11:53:30,605 INFO iter=264200 epoch=38 lr=2.46e-05 G=2.440 advA2B=0.549 advB2A=0.785 cycA=0.086 cycB=0.108 idtA=0.168 idtB=0.107 D_A=0.066 D_B=0.142 D_A(real)=0.87 D_A(fake)=0.13 gnG=23.29 gnD=12.31 it_per_s=8.70
2026-10-04 11:53:42,088 INFO iter=264300 epoch=38 lr=2.45e-05 G=2.440 advA2B=0.549 advB2A=0.785 cycA=0.086 cycB=0.108 idtA=0.168 idtB=0.107 D_A=0.066 D_B=0.142 D_A(real)=0.88 D_A(fake)=0.12 gnG=23.36 gnD=12.30 it_per_s=8.70
2026-10-04 11:53:53,626 INFO iter=264400 epoch=38 lr=2.43e-05 G=2.439 advA2B=0.549 advB2A=0.785 cycA=0.086 cycB=0.108 idtA=0.168 idtB=0.107 D_A=0.066 D_B=0.141 D_A(real)=0.88 D_A(fake)=0.12 gnG=23.33 gnD=12.28 it_per_s=8.70
2026-10-04 11:54:05,155 INFO iter=264500 epoch=38 lr=2.42e-05 G=2.439 advA2B=0.549 advB2A=0.785 cycA=0.086 cycB=0.108 idtA=0.168 idtB=0.106 D_A=0.066 D_B=0.141 D_A(real)=0.88 D_A(fake)=0.12 gnG=23.34 gnD=12.30 it_per_s=8.70
2026-10-04 11:54:16,798 INFO iter=264600 epoch=38 lr=2.40e-05 G=2.441 advA2B=0.550 advB2A=0.787 cycA=0.086 cycB=0.108 idtA=0.168 idtB=0.107 D_A=0.066 D_B=0.141 D_A(real)=0.88 D_A(fake)=0.12 gnG=23.39 gnD=12.29 it_per_s=8.70
2026-10-04 11:54:28,257 INFO iter=264700 epoch=38 lr=2.39e-05 G=2.440 advA2B=0.550 advB2A=0.786 cycA=0.086 cycB=0.108 idtA=0.168 idtB=0.107 D_A=0.066 D_B=0.141 D_A(real)=0.88 D_A(fake)=0.12 gnG=23.42 gnD=12.28 it_per_s=8.70
2026-10-04 11:54:39,750 INFO iter=264800 epoch=38 lr=2.38e-05 G=2.440 advA2B=0.550 advB2A=0.786 cycA=0.085 cycB=0.108 idtA=0.168 idtB=0.106 D_A=0.066 D_B=0.141 D_A(real)=0.88 D_A(fake)=0.12 gnG=23.46 gnD=12.24 it_per_s=8.70
2026-10-04 11:54:51,284 INFO iter=264900 epoch=38 lr=2.36e-05 G=2.440 advA2B=0.551 advB2A=0.785 cycA=0.085 cycB=0.108 idtA=0.168 idtB=0.107 D_A=0.066 D_B=0.141 D_A(real)=0.87 D_A(fake)=0.13 gnG=23.49 gnD=12.23 it_per_s=8.70
2026-10-04 11:55:02,771 INFO iter=265000 epoch=38 lr=2.35e-05 G=2.441 advA2B=0.551 advB2A=0.785 cycA=0.085 cycB=0.108 idtA=0.168 idtB=0.107 D_A=0.066 D_B=0.140 D_A(real)=0.87 D_A(fake)=0.13 gnG=23.48 gnD=12.23 it_per_s=8.70
2026-10-04 11:55:14,249 INFO iter=265100 epoch=38 lr=2.33e-05 G=2.440 advA2B=0.551 advB2A=0.784 cycA=0.085 cycB=0.108 idtA=0.168 idtB=0.107 D_A=0.066 D_B=0.141 D_A(real)=0.87 D_A(fake)=0.13 gnG=23.46 gnD=12.24 it_per_s=8.70
2026-10-04 11:55:25,764 INFO iter=265200 epoch=38 lr=2.32e-05 G=2.439 advA2B=0.551 advB2A=0.784 cycA=0.085 cycB=0.108 idtA=0.168 idtB=0.107 D_A=0.065 D_B=0.141 D_A(real)=0.87 D_A(fake)=0.13 gnG=23.52 gnD=12.25 it_per_s=8.70
2026-10-04 11:55:37,245 INFO iter=265300 epoch=38 lr=2.30e-05 G=2.439 advA2B=0.551 advB2A=0.785 cycA=0.085 cycB=0.108 idtA=0.168 idtB=0.106 D_A=0.065 D_B=0.141 D_A(real)=0.87 D_A(fake)=0.13 gnG=23.48 gnD=12.26 it_per_s=8.70
2026-10-04 11:55:48,659 INFO iter=265400 epoch=38 lr=2.29e-05 G=2.439 advA2B=0.550 advB2A=0.786 cycA=0.085 cycB=0.108 idtA=0.168 idtB=0.106 D_A=0.065 D_B=0.141 D_A(real)=0.88 D_A(fake)=0.12 gnG=23.45 gnD=12.27 it_per_s=8.70
2026-10-04 11:56:00,130 INFO iter=265500 epoch=38 lr=2.28e-05 G=2.439 advA2B=0.550 advB2A=0.786 cycA=0.085 cycB=0.108 idtA=0.168 idtB=0.106 D_A=0.065 D_B=0.141 D_A(real)=0.87 D_A(fake)=0.12 gnG=23.50 gnD=12.28 it_per_s=8.70
2026-10-04 11:56:11,768 INFO iter=265600 epoch=38 lr=2.26e-05 G=2.440 advA2B=0.551 advB2A=0.786 cycA=0.085 cycB=0.108 idtA=0.168 idtB=0.106 D_A=0.065 D_B=0.141 D_A(real)=0.88 D_A(fake)=0.12 gnG=23.54 gnD=12.29 it_per_s=8.70
2026-10-04 11:56:23,309 INFO iter=265700 epoch=38 lr=2.25e-05 G=2.439 advA2B=0.550 advB2A=0.786 cycA=0.085 cycB=0.108 idtA=0.168 idtB=0.106 D_A=0.065 D_B=0.140 D_A(real)=0.88 D_A(fake)=0.12 gnG=23.51 gnD=12.32 it_per_s=8.70
2026-10-04 11:56:34,811 INFO iter=265800 epoch=38 lr=2.23e-05 G=2.438 advA2B=0.550 advB2A=0.786 cycA=0.085 cycB=0.108 idtA=0.168 idtB=0.106 D_A=0.065 D_B=0.141 D_A(real)=0.88 D_A(fake)=0.12 gnG=23.49 gnD=12.33 it_per_s=8.70
2026-10-04 11:56:46,301 INFO iter=265900 epoch=38 lr=2.22e-05 G=2.438 advA2B=0.549 advB2A=0.787 cycA=0.085 cycB=0.108 idtA=0.168 idtB=0.106 D_A=0.065 D_B=0.141 D_A(real)=0.88 D_A(fake)=0.12 gnG=23.47 gnD=12.34 it_per_s=8.70
2026-10-04 11:56:57,844 INFO iter=266000 epoch=38 lr=2.21e-05 G=2.437 advA2B=0.548 advB2A=0.787 cycA=0.085 cycB=0.108 idtA=0.167 idtB=0.106 D_A=0.065 D_B=0.141 D_A(real)=0.88 D_A(fake)=0.12 gnG=23.50 gnD=12.35 it_per_s=8.70
2026-10-04 11:57:09,325 INFO iter=266100 epoch=38 lr=2.19e-05 G=2.436 advA2B=0.548 advB2A=0.787 cycA=0.085 cycB=0.108 idtA=0.167 idtB=0.106 D_A=0.065 D_B=0.141 D_A(real)=0.88 D_A(fake)=0.12 gnG=23.54 gnD=12.36 it_per_s=8.70
2026-10-04 11:57:20,809 INFO iter=266200 epoch=38 lr=2.18e-05 G=2.437 advA2B=0.548 advB2A=0.787 cycA=0.085 cycB=0.108 idtA=0.167 idtB=0.106 D_A=0.065 D_B=0.141 D_A(real)=0.88 D_A(fake)=0.12 gnG=23.56 gnD=12.35 it_per_s=8.70
2026-10-04 11:57:32,456 INFO iter=266300 epoch=38 lr=2.16e-05 G=2.438 advA2B=0.549 advB2A=0.788 cycA=0.085 cycB=0.108 idtA=0.167 idtB=0.106 D_A=0.065 D_B=0.141 D_A(real)=0.88 D_A(fake)=0.12 gnG=23.61 gnD=12.34 it_per_s=8.70
2026-10-04 11:57:43,938 INFO iter=266400 epoch=38 lr=2.15e-05 G=2.437 advA2B=0.549 advB2A=0.787 cycA=0.085 cycB=0.108 idtA=0.167 idtB=0.106 D_A=0.065 D_B=0.141 D_A(real)=0.88 D_A(fake)=0.12 gnG=23.63 gnD=12.34 it_per_s=8.70
2026-10-04 11:57:55,475 INFO iter=266500 epoch=38 lr=2.13e-05 G=2.437 advA2B=0.549 advB2A=0.787 cycA=0.085 cycB=0.108 idtA=0.167 idtB=0.106 D_A=0.065 D_B=0.141 D_A(real)=0.88 D_A(fake)=0.12 gnG=23.67 gnD=12.35 it_per_s=8.70
2026-10-04 11:58:07,007 INFO iter=266600 epoch=38 lr=2.12e-05 G=2.437 advA2B=0.550 advB2A=0.786 cycA=0.085 cycB=0.108 idtA=0.167 idtB=0.106 D_A=0.065 D_B=0.141 D_A(real)=0.88 D_A(fake)=0.12 gnG=23.66 gnD=12.36 it_per_s=8.70
2026-10-04 11:58:18,452 INFO iter=266700 epoch=38 lr=2.11e-05 G=2.436 advA2B=0.549 advB2A=0.787 cycA=0.085 cycB=0.107 idtA=0.167 idtB=0.106 D_A=0.065 D_B=0.141 D_A(real)=0.88 D_A(fake)=0.12 gnG=23.63 gnD=12.36 it_per_s=8.70
2026-10-04 11:58:29,859 INFO iter=266800 epoch=38 lr=2.09e-05 G=2.436 advA2B=0.549 advB2A=0.786 cycA=0.085 cycB=0.107 idtA=0.167 idtB=0.106 D_A=0.065 D_B=0.141 D_A(real)=0.88 D_A(fake)=0.12 gnG=23.65 gnD=12.37 it_per_s=8.70
2026-10-04 11:58:41,340 INFO iter=266900 epoch=38 lr=2.08e-05 G=2.435 advA2B=0.549 advB2A=0.786 cycA=0.085 cycB=0.107 idtA=0.167 idtB=0.106 D_A=0.065 D_B=0.141 D_A(real)=0.88 D_A(fake)=0.12 gnG=23.62 gnD=12.37 it_per_s=8.70
2026-10-04 11:58:52,787 INFO iter=267000 epoch=38 lr=2.06e-05 G=2.435 advA2B=0.549 advB2A=0.786 cycA=0.085 cycB=0.107 idtA=0.167 idtB=0.106 D_A=0.065 D_B=0.141 D_A(real)=0.88 D_A(fake)=0.12 gnG=23.63 gnD=12.39 it_per_s=8.70
2026-10-04 11:59:04,288 INFO iter=267100 epoch=38 lr=2.05e-05 G=2.436 advA2B=0.549 advB2A=0.786 cycA=0.085 cycB=0.107 idtA=0.167 idtB=0.106 D_A=0.065 D_B=0.141 D_A(real)=0.88 D_A(fake)=0.12 gnG=23.65 gnD=12.40 it_per_s=8.70
2026-10-04 11:59:15,725 INFO iter=267200 epoch=38 lr=2.03e-05 G=2.435 advA2B=0.549 advB2A=0.787 cycA=0.085 cycB=0.107 idtA=0.167 idtB=0.106 D_A=0.065 D_B=0.141 D_A(real)=0.88 D_A(fake)=0.12 gnG=23.66 gnD=12.41 it_per_s=8.70
2026-10-04 11:59:27,271 INFO iter=267300 epoch=38 lr=2.02e-05 G=2.435 advA2B=0.549 advB2A=0.787 cycA=0.085 cycB=0.107 idtA=0.167 idtB=0.106 D_A=0.065 D_B=0.141 D_A(real)=0.88 D_A(fake)=0.12 gnG=23.70 gnD=12.42 it_per_s=8.70
2026-10-04 11:59:38,844 INFO iter=267400 epoch=38 lr=2.01e-05 G=2.435 advA2B=0.549 advB2A=0.787 cycA=0.085 cycB=0.107 idtA=0.167 idtB=0.106 D_A=0.065 D_B=0.141 D_A(real)=0.88 D_A(fake)=0.12 gnG=23.69 gnD=12.43 it_per_s=8.70
2026-10-04 11:59:43,997 INFO epoch=38 done time_s=809 it_per_s=8.70 G=2.435 cycA=0.085 cycB=0.107 idtA=0.167 idtB=0.105 D_A=0.065 D_B=0.141 D_A(real)=0.88 D_A(fake)=0.12 nan_count=0
2026-10-04 11:59:51,197 INFO iter=267500 epoch=39 lr=1.99e-05 G=2.344 advA2B=0.525 advB2A=0.736 cycA=0.083 cycB=0.106 idtA=0.165 idtB=0.113 D_A=0.069 D_B=0.121 D_A(real)=0.87 D_A(fake)=0.13 gnG=24.36 gnD=11.93 it_per_s=8.69
2026-10-04 12:00:02,740 INFO iter=267600 epoch=39 lr=1.98e-05 G=2.385 advA2B=0.547 advB2A=0.776 cycA=0.082 cycB=0.104 idtA=0.164 idtB=0.103 D_A=0.064 D_B=0.139 D_A(real)=0.87 D_A(fake)=0.13 gnG=23.60 gnD=12.90 it_per_s=8.67
2026-10-04 12:00:14,259 INFO iter=267700 epoch=39 lr=1.96e-05 G=2.413 advA2B=0.538 advB2A=0.792 cycA=0.084 cycB=0.106 idtA=0.166 idtB=0.103 D_A=0.062 D_B=0.141 D_A(real)=0.87 D_A(fake)=0.13 gnG=22.99 gnD=12.86 it_per_s=8.68
2026-10-04 12:00:25,727 INFO iter=267800 epoch=39 lr=1.95e-05 G=2.449 advA2B=0.556 advB2A=0.796 cycA=0.084 cycB=0.109 idtA=0.164 idtB=0.107 D_A=0.063 D_B=0.141 D_A(real)=0.87 D_A(fake)=0.13 gnG=23.71 gnD=12.84 it_per_s=8.69
2026-10-04 12:00:37,254 INFO iter=267900 epoch=39 lr=1.94e-05 G=2.460 advA2B=0.559 advB2A=0.798 cycA=0.085 cycB=0.109 idtA=0.165 idtB=0.107 D_A=0.063 D_B=0.138 D_A(real)=0.88 D_A(fake)=0.12 gnG=23.80 gnD=12.57 it_per_s=8.69
2026-10-04 12:00:48,767 INFO iter=268000 epoch=39 lr=1.92e-05 G=2.473 advA2B=0.562 advB2A=0.801 cycA=0.086 cycB=0.109 idtA=0.167 idtB=0.107 D_A=0.063 D_B=0.138 D_A(real)=0.87 D_A(fake)=0.13 gnG=24.21 gnD=12.65 it_per_s=8.69
2026-10-04 12:01:00,527 INFO iter=268100 epoch=39 lr=1.91e-05 G=2.463 advA2B=0.561 advB2A=0.797 cycA=0.085 cycB=0.109 idtA=0.166 idtB=0.107 D_A=0.064 D_B=0.137 D_A(real)=0.87 D_A(fake)=0.13 gnG=24.34 gnD=12.58 it_per_s=8.66
2026-10-04 12:01:12,494 INFO iter=268200 epoch=39 lr=1.89e-05 G=2.461 advA2B=0.560 advB2A=0.797 cycA=0.085 cycB=0.108 idtA=0.166 idtB=0.106 D_A=0.064 D_B=0.137 D_A(real)=0.87 D_A(fake)=0.13 gnG=24.24 gnD=12.49 it_per_s=8.62
2026-10-04 12:01:23,898 INFO iter=268300 epoch=39 lr=1.88e-05 G=2.460 advA2B=0.561 advB2A=0.796 cycA=0.086 cycB=0.108 idtA=0.166 idtB=0.105 D_A=0.063 D_B=0.137 D_A(real)=0.88 D_A(fake)=0.12 gnG=24.02 gnD=12.54 it_per_s=8.63
2026-10-04 12:01:35,356 INFO iter=268400 epoch=39 lr=1.86e-05 G=2.463 advA2B=0.561 advB2A=0.798 cycA=0.086 cycB=0.108 idtA=0.167 idtB=0.105 D_A=0.063 D_B=0.138 D_A(real)=0.87 D_A(fake)=0.13 gnG=24.04 gnD=12.71 it_per_s=8.64
2026-10-04 12:01:46,934 INFO iter=268500 epoch=39 lr=1.85e-05 G=2.459 advA2B=0.560 advB2A=0.799 cycA=0.085 cycB=0.107 idtA=0.166 idtB=0.105 D_A=0.063 D_B=0.137 D_A(real)=0.87 D_A(fake)=0.13 gnG=24.06 gnD=12.69 it_per_s=8.64
2026-10-04 12:01:58,415 INFO iter=268600 epoch=39 lr=1.84e-05 G=2.454 advA2B=0.559 advB2A=0.799 cycA=0.085 cycB=0.107 idtA=0.166 idtB=0.104 D_A=0.063 D_B=0.138 D_A(real)=0.88 D_A(fake)=0.12 gnG=24.09 gnD=12.78 it_per_s=8.65
2026-10-04 12:02:10,011 INFO iter=268700 epoch=39 lr=1.82e-05 G=2.458 advA2B=0.563 advB2A=0.798 cycA=0.085 cycB=0.107 idtA=0.166 idtB=0.104 D_A=0.063 D_B=0.138 D_A(real)=0.88 D_A(fake)=0.12 gnG=24.40 gnD=12.86 it_per_s=8.65
2026-10-04 12:02:21,526 INFO iter=268800 epoch=39 lr=1.81e-05 G=2.454 advA2B=0.564 advB2A=0.796 cycA=0.085 cycB=0.107 idtA=0.166 idtB=0.104 D_A=0.063 D_B=0.137 D_A(real)=0.88 D_A(fake)=0.12 gnG=24.48 gnD=12.89 it_per_s=8.65
2026-10-04 12:02:33,008 INFO iter=268900 epoch=39 lr=1.79e-05 G=2.455 advA2B=0.566 advB2A=0.797 cycA=0.085 cycB=0.106 idtA=0.166 idtB=0.103 D_A=0.063 D_B=0.138 D_A(real)=0.88 D_A(fake)=0.12 gnG=24.62 gnD=12.97 it_per_s=8.65
2026-10-04 12:02:44,472 INFO iter=269000 epoch=39 lr=1.78e-05 G=2.453 advA2B=0.564 advB2A=0.796 cycA=0.085 cycB=0.106 idtA=0.166 idtB=0.104 D_A=0.063 D_B=0.138 D_A(real)=0.88 D_A(fake)=0.12 gnG=24.59 gnD=12.97 it_per_s=8.66
2026-10-04 12:02:55,939 INFO iter=269100 epoch=39 lr=1.76e-05 G=2.457 advA2B=0.566 advB2A=0.798 cycA=0.085 cycB=0.106 idtA=0.166 idtB=0.104 D_A=0.063 D_B=0.137 D_A(real)=0.88 D_A(fake)=0.12 gnG=24.73 gnD=12.89 it_per_s=8.66
2026-10-04 12:03:07,438 INFO iter=269200 epoch=39 lr=1.75e-05 G=2.455 advA2B=0.565 advB2A=0.798 cycA=0.085 cycB=0.106 idtA=0.167 idtB=0.104 D_A=0.063 D_B=0.138 D_A(real)=0.88 D_A(fake)=0.12 gnG=24.64 gnD=12.87 it_per_s=8.66
2026-10-04 12:03:18,926 INFO iter=269300 epoch=39 lr=1.74e-05 G=2.456 advA2B=0.565 advB2A=0.799 cycA=0.085 cycB=0.106 idtA=0.167 idtB=0.104 D_A=0.063 D_B=0.138 D_A(real)=0.88 D_A(fake)=0.12 gnG=24.67 gnD=12.83 it_per_s=8.67
2026-10-04 12:03:30,500 INFO iter=269400 epoch=39 lr=1.72e-05 G=2.457 advA2B=0.567 advB2A=0.798 cycA=0.085 cycB=0.106 idtA=0.167 idtB=0.104 D_A=0.063 D_B=0.138 D_A(real)=0.88 D_A(fake)=0.12 gnG=24.71 gnD=12.82 it_per_s=8.66
2026-10-04 12:03:42,034 INFO iter=269500 epoch=39 lr=1.71e-05 G=2.457 advA2B=0.568 advB2A=0.797 cycA=0.085 cycB=0.106 idtA=0.167 idtB=0.104 D_A=0.063 D_B=0.138 D_A(real)=0.88 D_A(fake)=0.12 gnG=24.73 gnD=12.83 it_per_s=8.66
2026-10-04 12:03:53,586 INFO iter=269600 epoch=39 lr=1.69e-05 G=2.459 advA2B=0.567 advB2A=0.798 cycA=0.086 cycB=0.106 idtA=0.167 idtB=0.104 D_A=0.062 D_B=0.138 D_A(real)=0.88 D_A(fake)=0.12 gnG=24.77 gnD=12.79 it_per_s=8.66
2026-10-04 12:04:05,084 INFO iter=269700 epoch=39 lr=1.68e-05 G=2.459 advA2B=0.568 advB2A=0.798 cycA=0.086 cycB=0.106 idtA=0.167 idtB=0.104 D_A=0.063 D_B=0.138 D_A(real)=0.88 D_A(fake)=0.12 gnG=24.87 gnD=12.73 it_per_s=8.67
2026-10-04 12:04:16,694 INFO iter=269800 epoch=39 lr=1.67e-05 G=2.460 advA2B=0.569 advB2A=0.799 cycA=0.085 cycB=0.106 idtA=0.167 idtB=0.104 D_A=0.062 D_B=0.138 D_A(real)=0.88 D_A(fake)=0.12 gnG=25.03 gnD=12.76 it_per_s=8.66
2026-10-04 12:04:28,283 INFO iter=269900 epoch=39 lr=1.65e-05 G=2.461 advA2B=0.569 advB2A=0.799 cycA=0.085 cycB=0.106 idtA=0.167 idtB=0.104 D_A=0.062 D_B=0.138 D_A(real)=0.88 D_A(fake)=0.12 gnG=25.16 gnD=12.75 it_per_s=8.66
2026-10-04 12:04:40,019 INFO iter=270000 epoch=39 lr=1.64e-05 G=2.460 advA2B=0.568 advB2A=0.800 cycA=0.085 cycB=0.106 idtA=0.167 idtB=0.104 D_A=0.063 D_B=0.138 D_A(real)=0.88 D_A(fake)=0.12 gnG=25.12 gnD=12.77 it_per_s=8.66
2026-10-04 12:04:51,689 INFO iter=270100 epoch=39 lr=1.62e-05 G=2.460 advA2B=0.568 advB2A=0.799 cycA=0.085 cycB=0.106 idtA=0.166 idtB=0.104 D_A=0.063 D_B=0.138 D_A(real)=0.88 D_A(fake)=0.12 gnG=25.08 gnD=12.78 it_per_s=8.65
2026-10-04 12:05:03,202 INFO iter=270200 epoch=39 lr=1.61e-05 G=2.457 advA2B=0.568 advB2A=0.798 cycA=0.085 cycB=0.106 idtA=0.167 idtB=0.104 D_A=0.063 D_B=0.138 D_A(real)=0.88 D_A(fake)=0.12 gnG=25.07 gnD=12.79 it_per_s=8.65
2026-10-04 12:05:14,765 INFO iter=270300 epoch=39 lr=1.59e-05 G=2.459 advA2B=0.568 advB2A=0.797 cycA=0.085 cycB=0.106 idtA=0.167 idtB=0.104 D_A=0.063 D_B=0.138 D_A(real)=0.88 D_A(fake)=0.12 gnG=25.03 gnD=12.78 it_per_s=8.65
2026-10-04 12:05:26,370 INFO iter=270400 epoch=39 lr=1.58e-05 G=2.460 advA2B=0.568 advB2A=0.798 cycA=0.085 cycB=0.106 idtA=0.167 idtB=0.104 D_A=0.063 D_B=0.138 D_A(real)=0.88 D_A(fake)=0.12 gnG=25.02 gnD=12.77 it_per_s=8.65
2026-10-04 12:05:37,977 INFO iter=270500 epoch=39 lr=1.57e-05 G=2.460 advA2B=0.568 advB2A=0.798 cycA=0.085 cycB=0.106 idtA=0.167 idtB=0.105 D_A=0.063 D_B=0.138 D_A(real)=0.88 D_A(fake)=0.12 gnG=25.04 gnD=12.77 it_per_s=8.65
2026-10-04 12:05:49,522 INFO iter=270600 epoch=39 lr=1.55e-05 G=2.460 advA2B=0.567 advB2A=0.800 cycA=0.085 cycB=0.106 idtA=0.167 idtB=0.104 D_A=0.062 D_B=0.138 D_A(real)=0.88 D_A(fake)=0.12 gnG=25.00 gnD=12.76 it_per_s=8.65
2026-10-04 12:06:01,087 INFO iter=270700 epoch=39 lr=1.54e-05 G=2.460 advA2B=0.567 advB2A=0.799 cycA=0.085 cycB=0.106 idtA=0.167 idtB=0.105 D_A=0.062 D_B=0.138 D_A(real)=0.88 D_A(fake)=0.12 gnG=25.00 gnD=12.78 it_per_s=8.65
2026-10-04 12:06:12,553 INFO iter=270800 epoch=39 lr=1.52e-05 G=2.460 advA2B=0.567 advB2A=0.799 cycA=0.085 cycB=0.106 idtA=0.168 idtB=0.104 D_A=0.062 D_B=0.138 D_A(real)=0.88 D_A(fake)=0.12 gnG=24.97 gnD=12.79 it_per_s=8.65
2026-10-04 12:06:24,045 INFO iter=270900 epoch=39 lr=1.51e-05 G=2.461 advA2B=0.567 advB2A=0.798 cycA=0.086 cycB=0.106 idtA=0.168 idtB=0.105 D_A=0.063 D_B=0.138 D_A(real)=0.88 D_A(fake)=0.12 gnG=24.96 gnD=12.78 it_per_s=8.66
2026-10-04 12:06:35,611 INFO iter=271000 epoch=39 lr=1.49e-05 G=2.460 advA2B=0.567 advB2A=0.798 cycA=0.085 cycB=0.106 idtA=0.168 idtB=0.104 D_A=0.063 D_B=0.138 D_A(real)=0.88 D_A(fake)=0.12 gnG=25.01 gnD=12.80 it_per_s=8.65
2026-10-04 12:06:47,138 INFO iter=271100 epoch=39 lr=1.48e-05 G=2.460 advA2B=0.566 advB2A=0.799 cycA=0.085 cycB=0.106 idtA=0.168 idtB=0.104 D_A=0.063 D_B=0.138 D_A(real)=0.88 D_A(fake)=0.12 gnG=25.02 gnD=12.80 it_per_s=8.66
2026-10-04 12:06:58,715 INFO iter=271200 epoch=39 lr=1.47e-05 G=2.461 advA2B=0.567 advB2A=0.799 cycA=0.086 cycB=0.106 idtA=0.168 idtB=0.105 D_A=0.063 D_B=0.138 D_A(real)=0.88 D_A(fake)=0.12 gnG=25.09 gnD=12.82 it_per_s=8.66
2026-10-04 12:07:10,315 INFO iter=271300 epoch=39 lr=1.45e-05 G=2.458 advA2B=0.567 advB2A=0.796 cycA=0.085 cycB=0.106 idtA=0.168 idtB=0.105 D_A=0.063 D_B=0.138 D_A(real)=0.88 D_A(fake)=0.12 gnG=25.11 gnD=12.86 it_per_s=8.65
2026-10-04 12:07:21,821 INFO iter=271400 epoch=39 lr=1.44e-05 G=2.457 advA2B=0.565 advB2A=0.797 cycA=0.085 cycB=0.106 idtA=0.168 idtB=0.105 D_A=0.063 D_B=0.138 D_A(real)=0.88 D_A(fake)=0.12 gnG=25.12 gnD=12.88 it_per_s=8.66
2026-10-04 12:07:33,327 INFO iter=271500 epoch=39 lr=1.42e-05 G=2.458 advA2B=0.565 advB2A=0.797 cycA=0.085 cycB=0.106 idtA=0.168 idtB=0.105 D_A=0.063 D_B=0.138 D_A(real)=0.88 D_A(fake)=0.12 gnG=25.17 gnD=12.89 it_per_s=8.66
2026-10-04 12:07:44,960 INFO iter=271600 epoch=39 lr=1.41e-05 G=2.456 advA2B=0.564 advB2A=0.796 cycA=0.085 cycB=0.106 idtA=0.167 idtB=0.105 D_A=0.063 D_B=0.138 D_A(real)=0.88 D_A(fake)=0.12 gnG=25.15 gnD=12.94 it_per_s=8.65
2026-10-04 12:07:56,490 INFO iter=271700 epoch=39 lr=1.40e-05 G=2.455 advA2B=0.564 advB2A=0.796 cycA=0.085 cycB=0.106 idtA=0.167 idtB=0.105 D_A=0.063 D_B=0.138 D_A(real)=0.88 D_A(fake)=0.12 gnG=25.14 gnD=12.96 it_per_s=8.65
2026-10-04 12:08:08,109 INFO iter=271800 epoch=39 lr=1.38e-05 G=2.454 advA2B=0.564 advB2A=0.796 cycA=0.085 cycB=0.106 idtA=0.167 idtB=0.105 D_A=0.063 D_B=0.138 D_A(real)=0.88 D_A(fake)=0.12 gnG=25.17 gnD=12.98 it_per_s=8.65
2026-10-04 12:08:19,681 INFO iter=271900 epoch=39 lr=1.37e-05 G=2.454 advA2B=0.564 advB2A=0.795 cycA=0.085 cycB=0.106 idtA=0.167 idtB=0.105 D_A=0.063 D_B=0.138 D_A(real)=0.88 D_A(fake)=0.12 gnG=25.30 gnD=13.00 it_per_s=8.65
2026-10-04 12:08:31,298 INFO iter=272000 epoch=39 lr=1.35e-05 G=2.454 advA2B=0.564 advB2A=0.795 cycA=0.085 cycB=0.106 idtA=0.168 idtB=0.105 D_A=0.063 D_B=0.138 D_A(real)=0.88 D_A(fake)=0.12 gnG=25.31 gnD=13.01 it_per_s=8.65
2026-10-04 12:08:42,901 INFO iter=272100 epoch=39 lr=1.34e-05 G=2.454 advA2B=0.564 advB2A=0.796 cycA=0.085 cycB=0.106 idtA=0.168 idtB=0.105 D_A=0.063 D_B=0.138 D_A(real)=0.88 D_A(fake)=0.12 gnG=25.26 gnD=13.03 it_per_s=8.65
2026-10-04 12:08:54,504 INFO iter=272200 epoch=39 lr=1.32e-05 G=2.453 advA2B=0.565 advB2A=0.795 cycA=0.085 cycB=0.106 idtA=0.168 idtB=0.105 D_A=0.063 D_B=0.138 D_A(real)=0.88 D_A(fake)=0.12 gnG=25.22 gnD=13.03 it_per_s=8.65
2026-10-04 12:09:06,145 INFO iter=272300 epoch=39 lr=1.31e-05 G=2.453 advA2B=0.564 advB2A=0.795 cycA=0.085 cycB=0.106 idtA=0.168 idtB=0.105 D_A=0.063 D_B=0.138 D_A(real)=0.88 D_A(fake)=0.12 gnG=25.23 gnD=13.05 it_per_s=8.65
2026-10-04 12:09:17,713 INFO iter=272400 epoch=39 lr=1.30e-05 G=2.453 advA2B=0.565 advB2A=0.794 cycA=0.085 cycB=0.106 idtA=0.167 idtB=0.105 D_A=0.063 D_B=0.138 D_A(real)=0.88 D_A(fake)=0.12 gnG=25.29 gnD=13.03 it_per_s=8.65
2026-10-04 12:09:29,172 INFO iter=272500 epoch=39 lr=1.28e-05 G=2.452 advA2B=0.565 advB2A=0.794 cycA=0.085 cycB=0.106 idtA=0.167 idtB=0.105 D_A=0.063 D_B=0.138 D_A(real)=0.88 D_A(fake)=0.12 gnG=25.31 gnD=13.04 it_per_s=8.65
2026-10-04 12:09:40,729 INFO iter=272600 epoch=39 lr=1.27e-05 G=2.451 advA2B=0.564 advB2A=0.794 cycA=0.085 cycB=0.106 idtA=0.167 idtB=0.105 D_A=0.063 D_B=0.138 D_A(real)=0.88 D_A(fake)=0.12 gnG=25.32 gnD=13.07 it_per_s=8.65
2026-10-04 12:09:52,299 INFO iter=272700 epoch=39 lr=1.25e-05 G=2.451 advA2B=0.563 advB2A=0.794 cycA=0.085 cycB=0.106 idtA=0.167 idtB=0.105 D_A=0.063 D_B=0.138 D_A(real)=0.88 D_A(fake)=0.12 gnG=25.32 gnD=13.09 it_per_s=8.65
2026-10-04 12:10:03,997 INFO iter=272800 epoch=39 lr=1.24e-05 G=2.451 advA2B=0.563 advB2A=0.794 cycA=0.085 cycB=0.106 idtA=0.167 idtB=0.105 D_A=0.063 D_B=0.138 D_A(real)=0.88 D_A(fake)=0.12 gnG=25.36 gnD=13.09 it_per_s=8.65
2026-10-04 12:10:15,540 INFO iter=272900 epoch=39 lr=1.22e-05 G=2.451 advA2B=0.563 advB2A=0.795 cycA=0.085 cycB=0.106 idtA=0.167 idtB=0.105 D_A=0.063 D_B=0.138 D_A(real)=0.88 D_A(fake)=0.12 gnG=25.38 gnD=13.08 it_per_s=8.65
2026-10-04 12:10:27,018 INFO iter=273000 epoch=39 lr=1.21e-05 G=2.450 advA2B=0.563 advB2A=0.795 cycA=0.085 cycB=0.106 idtA=0.167 idtB=0.105 D_A=0.063 D_B=0.138 D_A(real)=0.88 D_A(fake)=0.12 gnG=25.38 gnD=13.10 it_per_s=8.65
2026-10-04 12:10:38,616 INFO iter=273100 epoch=39 lr=1.20e-05 G=2.448 advA2B=0.562 advB2A=0.794 cycA=0.085 cycB=0.106 idtA=0.167 idtB=0.104 D_A=0.063 D_B=0.138 D_A(real)=0.88 D_A(fake)=0.12 gnG=25.39 gnD=13.10 it_per_s=8.65
2026-10-04 12:10:50,148 INFO iter=273200 epoch=39 lr=1.18e-05 G=2.448 advA2B=0.562 advB2A=0.794 cycA=0.085 cycB=0.106 idtA=0.167 idtB=0.105 D_A=0.063 D_B=0.138 D_A(real)=0.88 D_A(fake)=0.12 gnG=25.38 gnD=13.10 it_per_s=8.65
2026-10-04 12:11:01,655 INFO iter=273300 epoch=39 lr=1.17e-05 G=2.448 advA2B=0.562 advB2A=0.794 cycA=0.085 cycB=0.106 idtA=0.167 idtB=0.104 D_A=0.063 D_B=0.138 D_A(real)=0.88 D_A(fake)=0.12 gnG=25.38 gnD=13.10 it_per_s=8.65
2026-10-04 12:11:13,286 INFO iter=273400 epoch=39 lr=1.15e-05 G=2.448 advA2B=0.562 advB2A=0.795 cycA=0.085 cycB=0.106 idtA=0.167 idtB=0.105 D_A=0.063 D_B=0.138 D_A(real)=0.88 D_A(fake)=0.12 gnG=25.40 gnD=13.10 it_per_s=8.65
2026-10-04 12:11:24,782 INFO iter=273500 epoch=39 lr=1.14e-05 G=2.448 advA2B=0.562 advB2A=0.794 cycA=0.085 cycB=0.106 idtA=0.167 idtB=0.105 D_A=0.063 D_B=0.138 D_A(real)=0.88 D_A(fake)=0.12 gnG=25.38 gnD=13.11 it_per_s=8.65
2026-10-04 12:11:36,507 INFO iter=273600 epoch=39 lr=1.13e-05 G=2.446 advA2B=0.561 advB2A=0.794 cycA=0.085 cycB=0.106 idtA=0.167 idtB=0.105 D_A=0.063 D_B=0.138 D_A(real)=0.88 D_A(fake)=0.12 gnG=25.35 gnD=13.12 it_per_s=8.65
2026-10-04 12:11:47,830 INFO iter=273700 epoch=39 lr=1.11e-05 G=2.446 advA2B=0.561 advB2A=0.794 cycA=0.085 cycB=0.106 idtA=0.167 idtB=0.105 D_A=0.063 D_B=0.138 D_A(real)=0.88 D_A(fake)=0.12 gnG=25.38 gnD=13.12 it_per_s=8.65
2026-10-04 12:11:59,124 INFO iter=273800 epoch=39 lr=1.10e-05 G=2.445 advA2B=0.561 advB2A=0.794 cycA=0.085 cycB=0.106 idtA=0.167 idtB=0.105 D_A=0.063 D_B=0.138 D_A(real)=0.88 D_A(fake)=0.12 gnG=25.37 gnD=13.12 it_per_s=8.65
2026-10-04 12:12:10,401 INFO iter=273900 epoch=39 lr=1.08e-05 G=2.445 advA2B=0.560 advB2A=0.794 cycA=0.085 cycB=0.106 idtA=0.167 idtB=0.104 D_A=0.063 D_B=0.138 D_A(real)=0.88 D_A(fake)=0.12 gnG=25.41 gnD=13.12 it_per_s=8.66
2026-10-04 12:12:21,721 INFO iter=274000 epoch=39 lr=1.07e-05 G=2.446 advA2B=0.560 advB2A=0.795 cycA=0.085 cycB=0.106 idtA=0.167 idtB=0.104 D_A=0.063 D_B=0.138 D_A(real)=0.88 D_A(fake)=0.12 gnG=25.42 gnD=13.14 it_per_s=8.66
2026-10-04 12:12:32,976 INFO iter=274100 epoch=39 lr=1.05e-05 G=2.446 advA2B=0.560 advB2A=0.795 cycA=0.085 cycB=0.106 idtA=0.167 idtB=0.104 D_A=0.063 D_B=0.138 D_A(real)=0.88 D_A(fake)=0.12 gnG=25.46 gnD=13.15 it_per_s=8.66
2026-10-04 12:12:44,297 INFO iter=274200 epoch=39 lr=1.04e-05 G=2.445 advA2B=0.560 advB2A=0.795 cycA=0.085 cycB=0.106 idtA=0.167 idtB=0.104 D_A=0.063 D_B=0.138 D_A(real)=0.88 D_A(fake)=0.12 gnG=25.46 gnD=13.16 it_per_s=8.67
2026-10-04 12:12:55,632 INFO iter=274300 epoch=39 lr=1.03e-05 G=2.444 advA2B=0.559 advB2A=0.795 cycA=0.085 cycB=0.106 idtA=0.167 idtB=0.104 D_A=0.063 D_B=0.138 D_A(real)=0.88 D_A(fake)=0.12 gnG=25.47 gnD=13.17 it_per_s=8.67
2026-10-04 12:13:06,945 INFO iter=274400 epoch=39 lr=1.01e-05 G=2.444 advA2B=0.559 advB2A=0.795 cycA=0.085 cycB=0.106 idtA=0.167 idtB=0.104 D_A=0.063 D_B=0.138 D_A(real)=0.88 D_A(fake)=0.12 gnG=25.46 gnD=13.20 it_per_s=8.67
2026-10-04 12:13:16,182 INFO epoch=39 done time_s=811 it_per_s=8.67 G=2.444 cycA=0.085 cycB=0.106 idtA=0.167 idtB=0.104 D_A=0.063 D_B=0.138 D_A(real)=0.88 D_A(fake)=0.12 nan_count=0
2026-10-04 12:13:18,969 INFO iter=274500 epoch=40 lr=9.98e-06 G=2.420 advA2B=0.558 advB2A=0.761 cycA=0.087 cycB=0.105 idtA=0.169 idtB=0.107 D_A=0.064 D_B=0.136 D_A(real)=0.93 D_A(fake)=0.04 gnG=27.77 gnD=13.45 it_per_s=8.66
2026-10-04 12:13:30,260 INFO iter=274600 epoch=40 lr=9.83e-06 G=2.410 advA2B=0.559 advB2A=0.784 cycA=0.084 cycB=0.102 idtA=0.169 idtB=0.101 D_A=0.065 D_B=0.134 D_A(real)=0.88 D_A(fake)=0.11 gnG=27.14 gnD=13.05 it_per_s=8.83
2026-10-04 12:13:41,641 INFO iter=274700 epoch=40 lr=9.69e-06 G=2.433 advA2B=0.563 advB2A=0.784 cycA=0.084 cycB=0.105 idtA=0.170 idtB=0.103 D_A=0.064 D_B=0.130 D_A(real)=0.88 D_A(fake)=0.12 gnG=26.73 gnD=13.19 it_per_s=8.81
2026-10-04 12:13:52,991 INFO iter=274800 epoch=40 lr=9.55e-06 G=2.431 advA2B=0.565 advB2A=0.786 cycA=0.084 cycB=0.105 idtA=0.168 idtB=0.104 D_A=0.064 D_B=0.133 D_A(real)=0.88 D_A(fake)=0.12 gnG=26.47 gnD=13.63 it_per_s=8.81
2026-10-04 12:14:04,294 INFO iter=274900 epoch=40 lr=9.41e-06 G=2.425 advA2B=0.567 advB2A=0.786 cycA=0.083 cycB=0.105 idtA=0.165 idtB=0.104 D_A=0.064 D_B=0.134 D_A(real)=0.88 D_A(fake)=0.12 gnG=26.44 gnD=13.52 it_per_s=8.82
2026-10-04 12:14:15,683 INFO iter=275000 epoch=40 lr=9.27e-06 G=2.418 advA2B=0.563 advB2A=0.783 cycA=0.083 cycB=0.105 idtA=0.164 idtB=0.104 D_A=0.064 D_B=0.134 D_A(real)=0.88 D_A(fake)=0.12 gnG=26.09 gnD=13.39 it_per_s=8.81
2026-10-04 12:14:27,083 INFO iter=275100 epoch=40 lr=9.12e-06 G=2.430 advA2B=0.565 advB2A=0.784 cycA=0.084 cycB=0.105 idtA=0.165 idtB=0.105 D_A=0.064 D_B=0.133 D_A(real)=0.88 D_A(fake)=0.12 gnG=26.08 gnD=13.26 it_per_s=8.80
2026-10-04 12:14:38,431 INFO iter=275200 epoch=40 lr=8.98e-06 G=2.432 advA2B=0.566 advB2A=0.783 cycA=0.084 cycB=0.105 idtA=0.165 idtB=0.106 D_A=0.064 D_B=0.135 D_A(real)=0.88 D_A(fake)=0.12 gnG=26.01 gnD=13.43 it_per_s=8.81
2026-10-04 12:14:49,702 INFO iter=275300 epoch=40 lr=8.84e-06 G=2.424 advA2B=0.559 advB2A=0.785 cycA=0.084 cycB=0.105 idtA=0.165 idtB=0.106 D_A=0.063 D_B=0.136 D_A(real)=0.88 D_A(fake)=0.12 gnG=26.01 gnD=13.43 it_per_s=8.81
2026-10-04 12:15:01,024 INFO iter=275400 epoch=40 lr=8.70e-06 G=2.424 advA2B=0.556 advB2A=0.788 cycA=0.084 cycB=0.105 idtA=0.165 idtB=0.105 D_A=0.063 D_B=0.136 D_A(real)=0.88 D_A(fake)=0.12 gnG=26.18 gnD=13.46 it_per_s=8.82
2026-10-04 12:15:12,474 INFO iter=275500 epoch=40 lr=8.55e-06 G=2.430 advA2B=0.558 advB2A=0.791 cycA=0.084 cycB=0.106 idtA=0.165 idtB=0.106 D_A=0.063 D_B=0.136 D_A(real)=0.88 D_A(fake)=0.12 gnG=26.41 gnD=13.52 it_per_s=8.81
2026-10-04 12:15:23,810 INFO iter=275600 epoch=40 lr=8.41e-06 G=2.436 advA2B=0.560 advB2A=0.793 cycA=0.084 cycB=0.105 idtA=0.166 idtB=0.105 D_A=0.062 D_B=0.135 D_A(real)=0.88 D_A(fake)=0.12 gnG=26.31 gnD=13.51 it_per_s=8.81
2026-10-04 12:15:35,122 INFO iter=275700 epoch=40 lr=8.27e-06 G=2.437 advA2B=0.562 advB2A=0.794 cycA=0.084 cycB=0.105 idtA=0.166 idtB=0.105 D_A=0.063 D_B=0.136 D_A(real)=0.88 D_A(fake)=0.12 gnG=26.40 gnD=13.55 it_per_s=8.81
2026-10-04 12:15:46,377 INFO iter=275800 epoch=40 lr=8.13e-06 G=2.441 advA2B=0.565 advB2A=0.796 cycA=0.084 cycB=0.105 idtA=0.166 idtB=0.105 D_A=0.062 D_B=0.135 D_A(real)=0.88 D_A(fake)=0.12 gnG=26.50 gnD=13.56 it_per_s=8.82
2026-10-04 12:15:57,636 INFO iter=275900 epoch=40 lr=7.99e-06 G=2.444 advA2B=0.565 advB2A=0.797 cycA=0.084 cycB=0.106 idtA=0.166 idtB=0.105 D_A=0.062 D_B=0.135 D_A(real)=0.88 D_A(fake)=0.12 gnG=26.42 gnD=13.60 it_per_s=8.82
2026-10-04 12:16:08,984 INFO iter=276000 epoch=40 lr=7.84e-06 G=2.443 advA2B=0.566 advB2A=0.798 cycA=0.084 cycB=0.105 idtA=0.166 idtB=0.105 D_A=0.062 D_B=0.134 D_A(real)=0.88 D_A(fake)=0.12 gnG=26.42 gnD=13.59 it_per_s=8.82
2026-10-04 12:16:20,272 INFO iter=276100 epoch=40 lr=7.70e-06 G=2.440 advA2B=0.565 advB2A=0.797 cycA=0.084 cycB=0.105 idtA=0.166 idtB=0.104 D_A=0.062 D_B=0.134 D_A(real)=0.88 D_A(fake)=0.12 gnG=26.33 gnD=13.58 it_per_s=8.82
2026-10-04 12:16:31,597 INFO iter=276200 epoch=40 lr=7.56e-06 G=2.441 advA2B=0.565 advB2A=0.797 cycA=0.084 cycB=0.105 idtA=0.166 idtB=0.104 D_A=0.062 D_B=0.134 D_A(real)=0.88 D_A(fake)=0.12 gnG=26.41 gnD=13.63 it_per_s=8.82
2026-10-04 12:16:42,891 INFO iter=276300 epoch=40 lr=7.42e-06 G=2.439 advA2B=0.564 advB2A=0.794 cycA=0.084 cycB=0.106 idtA=0.166 idtB=0.104 D_A=0.062 D_B=0.134 D_A(real)=0.88 D_A(fake)=0.12 gnG=26.42 gnD=13.64 it_per_s=8.83
2026-10-04 12:16:54,174 INFO iter=276400 epoch=40 lr=7.28e-06 G=2.439 advA2B=0.565 advB2A=0.794 cycA=0.084 cycB=0.105 idtA=0.165 idtB=0.104 D_A=0.062 D_B=0.134 D_A(real)=0.88 D_A(fake)=0.12 gnG=26.35 gnD=13.68 it_per_s=8.83
2026-10-04 12:17:05,548 INFO iter=276500 epoch=40 lr=7.13e-06 G=2.439 advA2B=0.563 advB2A=0.793 cycA=0.084 cycB=0.106 idtA=0.165 idtB=0.104 D_A=0.062 D_B=0.134 D_A(real)=0.88 D_A(fake)=0.12 gnG=26.27 gnD=13.67 it_per_s=8.83
2026-10-04 12:17:16,890 INFO iter=276600 epoch=40 lr=6.99e-06 G=2.438 advA2B=0.563 advB2A=0.793 cycA=0.084 cycB=0.106 idtA=0.165 idtB=0.104 D_A=0.062 D_B=0.135 D_A(real)=0.88 D_A(fake)=0.12 gnG=26.30 gnD=13.71 it_per_s=8.82
2026-10-04 12:17:28,245 INFO iter=276700 epoch=40 lr=6.85e-06 G=2.437 advA2B=0.562 advB2A=0.793 cycA=0.084 cycB=0.105 idtA=0.165 idtB=0.104 D_A=0.062 D_B=0.135 D_A(real)=0.88 D_A(fake)=0.12 gnG=26.24 gnD=13.68 it_per_s=8.82
2026-10-04 12:17:39,565 INFO iter=276800 epoch=40 lr=6.71e-06 G=2.434 advA2B=0.561 advB2A=0.793 cycA=0.084 cycB=0.105 idtA=0.165 idtB=0.104 D_A=0.062 D_B=0.135 D_A(real)=0.88 D_A(fake)=0.12 gnG=26.24 gnD=13.69 it_per_s=8.82
2026-10-04 12:17:50,869 INFO iter=276900 epoch=40 lr=6.57e-06 G=2.436 advA2B=0.562 advB2A=0.793 cycA=0.084 cycB=0.105 idtA=0.165 idtB=0.104 D_A=0.062 D_B=0.135 D_A(real)=0.88 D_A(fake)=0.12 gnG=26.28 gnD=13.65 it_per_s=8.83
2026-10-04 12:18:02,200 INFO iter=277000 epoch=40 lr=6.42e-06 G=2.435 advA2B=0.561 advB2A=0.794 cycA=0.084 cycB=0.105 idtA=0.165 idtB=0.103 D_A=0.062 D_B=0.135 D_A(real)=0.88 D_A(fake)=0.12 gnG=26.28 gnD=13.64 it_per_s=8.83
2026-10-04 12:18:13,476 INFO iter=277100 epoch=40 lr=6.28e-06 G=2.433 advA2B=0.561 advB2A=0.794 cycA=0.084 cycB=0.105 idtA=0.164 idtB=0.103 D_A=0.062 D_B=0.135 D_A(real)=0.88 D_A(fake)=0.12 gnG=26.27 gnD=13.68 it_per_s=8.83
2026-10-04 12:18:24,818 INFO iter=277200 epoch=40 lr=6.14e-06 G=2.432 advA2B=0.561 advB2A=0.793 cycA=0.084 cycB=0.105 idtA=0.164 idtB=0.103 D_A=0.062 D_B=0.135 D_A(real)=0.88 D_A(fake)=0.12 gnG=26.27 gnD=13.70 it_per_s=8.83
2026-10-04 12:18:36,155 INFO iter=277300 epoch=40 lr=6.00e-06 G=2.435 advA2B=0.563 advB2A=0.794 cycA=0.084 cycB=0.105 idtA=0.164 idtB=0.103 D_A=0.062 D_B=0.135 D_A(real)=0.88 D_A(fake)=0.12 gnG=26.34 gnD=13.70 it_per_s=8.83
2026-10-04 12:18:47,465 INFO iter=277400 epoch=40 lr=5.86e-06 G=2.435 advA2B=0.563 advB2A=0.795 cycA=0.084 cycB=0.105 idtA=0.164 idtB=0.103 D_A=0.062 D_B=0.135 D_A(real)=0.88 D_A(fake)=0.12 gnG=26.37 gnD=13.77 it_per_s=8.83
2026-10-04 12:18:58,807 INFO iter=277500 epoch=40 lr=5.71e-06 G=2.436 advA2B=0.563 advB2A=0.795 cycA=0.084 cycB=0.105 idtA=0.164 idtB=0.103 D_A=0.062 D_B=0.135 D_A(real)=0.88 D_A(fake)=0.12 gnG=26.39 gnD=13.77 it_per_s=8.83
2026-10-04 12:19:10,132 INFO iter=277600 epoch=40 lr=5.57e-06 G=2.436 advA2B=0.562 advB2A=0.796 cycA=0.084 cycB=0.105 idtA=0.164 idtB=0.103 D_A=0.062 D_B=0.135 D_A(real)=0.88 D_A(fake)=0.12 gnG=26.40 gnD=13.78 it_per_s=8.83
2026-10-04 12:19:21,461 INFO iter=277700 epoch=40 lr=5.43e-06 G=2.436 advA2B=0.562 advB2A=0.796 cycA=0.084 cycB=0.105 idtA=0.164 idtB=0.103 D_A=0.062 D_B=0.135 D_A(real)=0.88 D_A(fake)=0.12 gnG=26.33 gnD=13.86 it_per_s=8.83
2026-10-04 12:19:32,702 INFO iter=277800 epoch=40 lr=5.29e-06 G=2.436 advA2B=0.561 advB2A=0.796 cycA=0.084 cycB=0.105 idtA=0.164 idtB=0.103 D_A=0.062 D_B=0.135 D_A(real)=0.88 D_A(fake)=0.12 gnG=26.26 gnD=13.84 it_per_s=8.83
2026-10-04 12:19:44,043 INFO iter=277900 epoch=40 lr=5.14e-06 G=2.436 advA2B=0.561 advB2A=0.796 cycA=0.084 cycB=0.105 idtA=0.165 idtB=0.104 D_A=0.062 D_B=0.135 D_A(real)=0.88 D_A(fake)=0.12 gnG=26.34 gnD=13.85 it_per_s=8.83
2026-10-04 12:19:55,288 INFO iter=278000 epoch=40 lr=5.00e-06 G=2.435 advA2B=0.561 advB2A=0.796 cycA=0.084 cycB=0.105 idtA=0.164 idtB=0.103 D_A=0.062 D_B=0.135 D_A(real)=0.88 D_A(fake)=0.12 gnG=26.27 gnD=13.83 it_per_s=8.83
2026-10-04 12:20:06,688 INFO iter=278100 epoch=40 lr=4.86e-06 G=2.435 advA2B=0.560 advB2A=0.796 cycA=0.084 cycB=0.105 idtA=0.164 idtB=0.103 D_A=0.062 D_B=0.135 D_A(real)=0.88 D_A(fake)=0.12 gnG=26.32 gnD=13.89 it_per_s=8.83
2026-10-04 12:20:17,949 INFO iter=278200 epoch=40 lr=4.72e-06 G=2.435 advA2B=0.560 advB2A=0.796 cycA=0.084 cycB=0.105 idtA=0.165 idtB=0.103 D_A=0.062 D_B=0.135 D_A(real)=0.88 D_A(fake)=0.12 gnG=26.29 gnD=13.91 it_per_s=8.83
2026-10-04 12:20:29,244 INFO iter=278300 epoch=40 lr=4.58e-06 G=2.435 advA2B=0.560 advB2A=0.796 cycA=0.084 cycB=0.105 idtA=0.165 idtB=0.103 D_A=0.061 D_B=0.135 D_A(real)=0.88 D_A(fake)=0.12 gnG=26.28 gnD=13.89 it_per_s=8.83
2026-10-04 12:20:40,633 INFO iter=278400 epoch=40 lr=4.43e-06 G=2.434 advA2B=0.560 advB2A=0.796 cycA=0.084 cycB=0.105 idtA=0.165 idtB=0.103 D_A=0.061 D_B=0.135 D_A(real)=0.88 D_A(fake)=0.12 gnG=26.29 gnD=13.92 it_per_s=8.83
2026-10-04 12:20:51,988 INFO iter=278500 epoch=40 lr=4.29e-06 G=2.434 advA2B=0.560 advB2A=0.796 cycA=0.084 cycB=0.105 idtA=0.165 idtB=0.103 D_A=0.061 D_B=0.135 D_A(real)=0.88 D_A(fake)=0.12 gnG=26.34 gnD=13.91 it_per_s=8.83
2026-10-04 12:21:03,360 INFO iter=278600 epoch=40 lr=4.15e-06 G=2.434 advA2B=0.560 advB2A=0.796 cycA=0.084 cycB=0.105 idtA=0.165 idtB=0.103 D_A=0.061 D_B=0.135 D_A(real)=0.88 D_A(fake)=0.12 gnG=26.34 gnD=13.92 it_per_s=8.83
2026-10-04 12:21:14,787 INFO iter=278700 epoch=40 lr=4.01e-06 G=2.434 advA2B=0.561 advB2A=0.796 cycA=0.084 cycB=0.105 idtA=0.165 idtB=0.103 D_A=0.062 D_B=0.135 D_A(real)=0.88 D_A(fake)=0.12 gnG=26.29 gnD=13.92 it_per_s=8.83
2026-10-04 12:21:26,074 INFO iter=278800 epoch=40 lr=3.87e-06 G=2.434 advA2B=0.561 advB2A=0.795 cycA=0.084 cycB=0.105 idtA=0.165 idtB=0.103 D_A=0.062 D_B=0.135 D_A(real)=0.88 D_A(fake)=0.12 gnG=26.27 gnD=13.92 it_per_s=8.83
2026-10-04 12:21:37,383 INFO iter=278900 epoch=40 lr=3.72e-06 G=2.434 advA2B=0.560 advB2A=0.796 cycA=0.084 cycB=0.105 idtA=0.165 idtB=0.103 D_A=0.062 D_B=0.135 D_A(real)=0.88 D_A(fake)=0.12 gnG=26.22 gnD=13.95 it_per_s=8.83
2026-10-04 12:21:48,642 INFO iter=279000 epoch=40 lr=3.58e-06 G=2.434 advA2B=0.560 advB2A=0.797 cycA=0.084 cycB=0.105 idtA=0.165 idtB=0.103 D_A=0.062 D_B=0.135 D_A(real)=0.88 D_A(fake)=0.12 gnG=26.25 gnD=13.96 it_per_s=8.83
2026-10-04 12:21:59,923 INFO iter=279100 epoch=40 lr=3.44e-06 G=2.434 advA2B=0.560 advB2A=0.796 cycA=0.084 cycB=0.105 idtA=0.165 idtB=0.103 D_A=0.061 D_B=0.134 D_A(real)=0.88 D_A(fake)=0.12 gnG=26.19 gnD=13.98 it_per_s=8.83
2026-10-04 12:22:11,224 INFO iter=279200 epoch=40 lr=3.30e-06 G=2.435 advA2B=0.560 advB2A=0.796 cycA=0.084 cycB=0.104 idtA=0.165 idtB=0.103 D_A=0.061 D_B=0.134 D_A(real)=0.88 D_A(fake)=0.12 gnG=26.18 gnD=13.98 it_per_s=8.83
2026-10-04 12:22:22,458 INFO iter=279300 epoch=40 lr=3.16e-06 G=2.434 advA2B=0.560 advB2A=0.797 cycA=0.084 cycB=0.104 idtA=0.165 idtB=0.103 D_A=0.061 D_B=0.134 D_A(real)=0.88 D_A(fake)=0.12 gnG=26.14 gnD=14.01 it_per_s=8.83
2026-10-04 12:22:33,750 INFO iter=279400 epoch=40 lr=3.01e-06 G=2.434 advA2B=0.560 advB2A=0.796 cycA=0.084 cycB=0.104 idtA=0.165 idtB=0.103 D_A=0.061 D_B=0.134 D_A(real)=0.88 D_A(fake)=0.12 gnG=26.08 gnD=14.01 it_per_s=8.83
2026-10-04 12:22:45,377 INFO iter=279500 epoch=40 lr=2.87e-06 G=2.436 advA2B=0.560 advB2A=0.797 cycA=0.084 cycB=0.104 idtA=0.165 idtB=0.103 D_A=0.061 D_B=0.134 D_A(real)=0.88 D_A(fake)=0.12 gnG=26.07 gnD=14.00 it_per_s=8.83
2026-10-04 12:22:56,794 INFO iter=279600 epoch=40 lr=2.73e-06 G=2.437 advA2B=0.561 advB2A=0.797 cycA=0.084 cycB=0.105 idtA=0.166 idtB=0.103 D_A=0.061 D_B=0.134 D_A(real)=0.88 D_A(fake)=0.12 gnG=26.08 gnD=14.01 it_per_s=8.83
2026-10-04 12:23:08,198 INFO iter=279700 epoch=40 lr=2.59e-06 G=2.437 advA2B=0.561 advB2A=0.797 cycA=0.084 cycB=0.105 idtA=0.165 idtB=0.103 D_A=0.061 D_B=0.134 D_A(real)=0.88 D_A(fake)=0.12 gnG=26.07 gnD=14.03 it_per_s=8.82
2026-10-04 12:23:19,566 INFO iter=279800 epoch=40 lr=2.45e-06 G=2.437 advA2B=0.560 advB2A=0.797 cycA=0.084 cycB=0.105 idtA=0.166 idtB=0.103 D_A=0.061 D_B=0.134 D_A(real)=0.88 D_A(fake)=0.12 gnG=26.03 gnD=14.04 it_per_s=8.82
2026-10-04 12:23:30,992 INFO iter=279900 epoch=40 lr=2.30e-06 G=2.438 advA2B=0.561 advB2A=0.798 cycA=0.084 cycB=0.105 idtA=0.166 idtB=0.103 D_A=0.061 D_B=0.134 D_A(real)=0.88 D_A(fake)=0.12 gnG=26.02 gnD=14.04 it_per_s=8.82
2026-10-04 12:23:42,329 INFO iter=280000 epoch=40 lr=2.16e-06 G=2.437 advA2B=0.561 advB2A=0.797 cycA=0.084 cycB=0.105 idtA=0.166 idtB=0.103 D_A=0.061 D_B=0.134 D_A(real)=0.88 D_A(fake)=0.12 gnG=25.98 gnD=14.04 it_per_s=8.82
2026-10-04 12:23:53,622 INFO iter=280100 epoch=40 lr=2.02e-06 G=2.437 advA2B=0.561 advB2A=0.797 cycA=0.084 cycB=0.105 idtA=0.166 idtB=0.103 D_A=0.061 D_B=0.134 D_A(real)=0.88 D_A(fake)=0.12 gnG=25.97 gnD=14.04 it_per_s=8.82
2026-10-04 12:24:04,925 INFO iter=280200 epoch=40 lr=1.88e-06 G=2.438 advA2B=0.560 advB2A=0.797 cycA=0.084 cycB=0.105 idtA=0.166 idtB=0.103 D_A=0.061 D_B=0.134 D_A(real)=0.88 D_A(fake)=0.12 gnG=26.02 gnD=14.03 it_per_s=8.82
2026-10-04 12:24:16,261 INFO iter=280300 epoch=40 lr=1.73e-06 G=2.438 advA2B=0.560 advB2A=0.798 cycA=0.084 cycB=0.105 idtA=0.166 idtB=0.103 D_A=0.061 D_B=0.134 D_A(real)=0.88 D_A(fake)=0.12 gnG=26.02 gnD=14.01 it_per_s=8.82
2026-10-04 12:24:27,598 INFO iter=280400 epoch=40 lr=1.59e-06 G=2.438 advA2B=0.560 advB2A=0.798 cycA=0.084 cycB=0.105 idtA=0.166 idtB=0.103 D_A=0.061 D_B=0.134 D_A(real)=0.88 D_A(fake)=0.12 gnG=25.96 gnD=14.03 it_per_s=8.82
2026-10-04 12:24:38,942 INFO iter=280500 epoch=40 lr=1.45e-06 G=2.438 advA2B=0.559 advB2A=0.798 cycA=0.084 cycB=0.105 idtA=0.165 idtB=0.103 D_A=0.061 D_B=0.134 D_A(real)=0.88 D_A(fake)=0.12 gnG=25.93 gnD=14.03 it_per_s=8.82
2026-10-04 12:24:50,338 INFO iter=280600 epoch=40 lr=1.31e-06 G=2.440 advA2B=0.560 advB2A=0.799 cycA=0.084 cycB=0.105 idtA=0.166 idtB=0.104 D_A=0.061 D_B=0.134 D_A(real)=0.88 D_A(fake)=0.12 gnG=25.93 gnD=14.05 it_per_s=8.82
2026-10-04 12:25:01,641 INFO iter=280700 epoch=40 lr=1.17e-06 G=2.439 advA2B=0.560 advB2A=0.799 cycA=0.084 cycB=0.105 idtA=0.165 idtB=0.103 D_A=0.061 D_B=0.134 D_A(real)=0.88 D_A(fake)=0.12 gnG=25.91 gnD=14.05 it_per_s=8.82
2026-10-04 12:25:12,949 INFO iter=280800 epoch=40 lr=1.02e-06 G=2.439 advA2B=0.560 advB2A=0.799 cycA=0.084 cycB=0.105 idtA=0.165 idtB=0.103 D_A=0.061 D_B=0.134 D_A(real)=0.88 D_A(fake)=0.12 gnG=25.96 gnD=14.07 it_per_s=8.82
2026-10-04 12:25:24,233 INFO iter=280900 epoch=40 lr=8.82e-07 G=2.439 advA2B=0.560 advB2A=0.800 cycA=0.084 cycB=0.105 idtA=0.165 idtB=0.103 D_A=0.061 D_B=0.134 D_A(real)=0.88 D_A(fake)=0.12 gnG=25.96 gnD=14.07 it_per_s=8.82
2026-10-04 12:25:35,609 INFO iter=281000 epoch=40 lr=7.40e-07 G=2.440 advA2B=0.561 advB2A=0.800 cycA=0.084 cycB=0.105 idtA=0.165 idtB=0.103 D_A=0.061 D_B=0.134 D_A(real)=0.88 D_A(fake)=0.12 gnG=25.99 gnD=14.07 it_per_s=8.82
2026-10-04 12:25:46,976 INFO iter=281100 epoch=40 lr=5.98e-07 G=2.440 advA2B=0.560 advB2A=0.800 cycA=0.084 cycB=0.105 idtA=0.165 idtB=0.103 D_A=0.061 D_B=0.134 D_A(real)=0.88 D_A(fake)=0.12 gnG=26.00 gnD=14.10 it_per_s=8.82
2026-10-04 12:25:58,381 INFO iter=281200 epoch=40 lr=4.56e-07 G=2.440 advA2B=0.560 advB2A=0.799 cycA=0.084 cycB=0.105 idtA=0.165 idtB=0.103 D_A=0.061 D_B=0.134 D_A(real)=0.88 D_A(fake)=0.12 gnG=25.98 gnD=14.12 it_per_s=8.82
2026-10-04 12:26:09,713 INFO iter=281300 epoch=40 lr=3.14e-07 G=2.438 advA2B=0.560 advB2A=0.799 cycA=0.084 cycB=0.105 idtA=0.165 idtB=0.103 D_A=0.061 D_B=0.134 D_A(real)=0.88 D_A(fake)=0.12 gnG=25.97 gnD=14.13 it_per_s=8.82
2026-10-04 12:26:20,992 INFO iter=281400 epoch=40 lr=1.72e-07 G=2.438 advA2B=0.561 advB2A=0.799 cycA=0.084 cycB=0.105 idtA=0.165 idtB=0.103 D_A=0.061 D_B=0.134 D_A(real)=0.88 D_A(fake)=0.12 gnG=26.00 gnD=14.15 it_per_s=8.82
2026-10-04 12:26:32,262 INFO iter=281500 epoch=40 lr=2.98e-08 G=2.439 advA2B=0.561 advB2A=0.799 cycA=0.084 cycB=0.105 idtA=0.165 idtB=0.103 D_A=0.061 D_B=0.134 D_A(real)=0.88 D_A(fake)=0.12 gnG=26.01 gnD=14.13 it_per_s=8.82
2026-10-04 12:26:34,544 INFO epoch=40 done time_s=798 it_per_s=8.82 G=2.439 cycA=0.084 cycB=0.105 idtA=0.165 idtB=0.104 D_A=0.061 D_B=0.134 D_A(real)=0.88 D_A(fake)=0.12 nan_count=0
2026-10-04 12:26:35,499 INFO done summary={"run_id": "full_run11", "params": {"G_A2B": 11378179, "G_B2A": 11378179, "D_A": 5529474, "D_B": 5529474}, "param_count_total": 33815306, "param_count_generators": 22756358, "photos": 7038, "monets": 300, "iters": 281520, "train_time_s": 42867.39099169988, "train_iters_per_sec": 6.56722962343355, "train_images_per_sec": 13.1344592468671, "peak_memory_mb": 19265.08740234375, "max_grad_norm_G": 636.0940551757812, "max_grad_norm_D": 130.00721740722656, "nan_count": 0, "final_epoch": {"epoch": 40, "iters": 7038, "epoch_time_s": 797.6647594000679, "iters_per_s": 8.823255530673507, "loss_G": 2.4390249249609264, "adv_A2B": 0.5608840859996626, "adv_B2A": 0.7986093072872265, "cycle_A": 0.08422607872830971, "cycle_B": 0.10479732859232914, "identity_A": 0.1653059764015434, "identity_B": 0.10351972696489148, "loss_D_A": 0.060712948208608626, "loss_D_B": 0.13400297173047207, "D_A_real_mean": 0.8819558917883277, "D_A_fake_mean": 0.11780576063645568, "grad_norm_G": 26.02220756962205, "grad_norm_D": 14.13514359548167}, "hardware": "GPU: NVIDIA GeForce RTX 4090; CPU: AMD64 Family 25 Model 97 Stepping 2, AuthenticAMD"}
