2026-10-03 16:18:13,157 INFO resumed from C:\Users\chaitanya\Documents\GEN_AI_LAB1\task3_gan\member_chaitanya\checkpoints\full_run05\latest.pt at epoch 80 iter 563040
2026-10-03 16:18:13,162 INFO generator EMA enabled, decay=0.9999
2026-10-03 16:18:13,162 INFO run_id=full_run05 config=task3_gan/member_chaitanya/configs/full_run05.yaml
2026-10-03 16:18:13,162 INFO config={"run_id": "full_run05", "seed": 1337, "data": {"monet_dir": "task3_gan/data/monet_jpg", "photo_dir": "task3_gan/data/photo_jpg", "load_size": 286, "crop_size": 256, "hflip": true, "num_workers": 4}, "model": {"ngf": 64, "n_res_blocks": 9, "n_downsampling": 2, "upsampling": "nearest_conv", "ndf": 64, "norm": "instance", "init_std": 0.02}, "loss": {"adversarial": "lsgan", "lambda_cycle": 10.0, "lambda_identity": 5.0, "d_loss_scale": 0.5}, "training": {"batch_size": 1, "epochs": 120, "constant_lr_epochs": 80, "lr_g": 5e-05, "lr_d": 5e-05, "betas": [0.5, 0.999], "pool_size": 50, "precision": "fp32", "cudnn_benchmark": true, "diffaugment_monet_d": true, "diffaugment_photo_d": true, "ema_decay": 0.9999, "log_every_iters": 100, "grid_every_epochs": 1, "checkpoint_every_epochs": 5, "num_fixed_samples": 4}}
2026-10-03 16:18:13,186 INFO hardware=GPU: NVIDIA GeForce RTX 4090; CPU: AMD64 Family 25 Model 97 Stepping 2, AuthenticAMD torch=2.11.0+cu128
2026-10-03 16:18:13,186 INFO photos=7038 monets=300 iters_per_epoch=7038 total_iters=844560 params={"G_A2B": 11378179, "G_B2A": 11378179, "D_A": 2764737, "D_B": 2764737}
2026-10-03 16:18:43,541 INFO iter=563100 epoch=81 lr=5.00e-05 G=3.599 advA2B=0.653 advB2A=0.911 cycA=0.070 cycB=0.077 idtA=0.048 idtB=0.064 D_A=0.078 D_B=0.127 D_A(real)=0.89 D_A(fake)=0.11 gnG=84.37 gnD=20.74 it_per_s=1.98
2026-10-03 16:18:54,149 INFO iter=563200 epoch=81 lr=5.00e-05 G=3.579 advA2B=0.619 advB2A=0.871 cycA=0.071 cycB=0.079 idtA=0.049 idtB=0.069 D_A=0.085 D_B=0.134 D_A(real)=0.88 D_A(fake)=0.12 gnG=61.75 gnD=21.76 it_per_s=3.91
2026-10-03 16:19:04,668 INFO iter=563300 epoch=81 lr=5.00e-05 G=3.612 advA2B=0.642 advB2A=0.852 cycA=0.073 cycB=0.080 idtA=0.050 idtB=0.069 D_A=0.086 D_B=0.133 D_A(real)=0.88 D_A(fake)=0.12 gnG=58.39 gnD=21.09 it_per_s=5.05
2026-10-03 16:19:15,212 INFO iter=563400 epoch=81 lr=4.99e-05 G=3.600 advA2B=0.645 advB2A=0.827 cycA=0.073 cycB=0.080 idtA=0.049 idtB=0.071 D_A=0.086 D_B=0.135 D_A(real)=0.87 D_A(fake)=0.13 gnG=54.61 gnD=20.76 it_per_s=5.80
2026-10-03 16:19:25,863 INFO iter=563500 epoch=81 lr=4.99e-05 G=3.606 advA2B=0.648 advB2A=0.827 cycA=0.072 cycB=0.081 idtA=0.049 idtB=0.071 D_A=0.088 D_B=0.136 D_A(real)=0.86 D_A(fake)=0.14 gnG=53.49 gnD=20.99 it_per_s=6.33
2026-10-03 16:19:37,230 INFO iter=563600 epoch=81 lr=4.99e-05 G=3.566 advA2B=0.632 advB2A=0.808 cycA=0.072 cycB=0.081 idtA=0.049 idtB=0.071 D_A=0.088 D_B=0.138 D_A(real)=0.86 D_A(fake)=0.14 gnG=51.56 gnD=20.97 it_per_s=6.66
2026-10-03 16:19:48,697 INFO iter=563700 epoch=81 lr=4.99e-05 G=3.567 advA2B=0.633 advB2A=0.805 cycA=0.072 cycB=0.081 idtA=0.049 idtB=0.071 D_A=0.087 D_B=0.139 D_A(real)=0.87 D_A(fake)=0.13 gnG=52.79 gnD=20.91 it_per_s=6.91
2026-10-03 16:20:00,208 INFO iter=563800 epoch=81 lr=4.99e-05 G=3.561 advA2B=0.630 advB2A=0.799 cycA=0.072 cycB=0.081 idtA=0.049 idtB=0.071 D_A=0.086 D_B=0.136 D_A(real)=0.86 D_A(fake)=0.14 gnG=51.42 gnD=20.63 it_per_s=7.10
2026-10-03 16:20:11,707 INFO iter=563900 epoch=81 lr=4.98e-05 G=3.554 advA2B=0.633 advB2A=0.793 cycA=0.072 cycB=0.081 idtA=0.049 idtB=0.071 D_A=0.085 D_B=0.135 D_A(real)=0.86 D_A(fake)=0.14 gnG=50.75 gnD=20.50 it_per_s=7.26
2026-10-03 16:20:23,029 INFO iter=564000 epoch=81 lr=4.98e-05 G=3.558 advA2B=0.628 advB2A=0.791 cycA=0.072 cycB=0.081 idtA=0.049 idtB=0.072 D_A=0.084 D_B=0.135 D_A(real)=0.87 D_A(fake)=0.13 gnG=51.03 gnD=20.32 it_per_s=7.39
2026-10-03 16:20:34,266 INFO iter=564100 epoch=81 lr=4.98e-05 G=3.560 advA2B=0.629 advB2A=0.791 cycA=0.072 cycB=0.081 idtA=0.049 idtB=0.072 D_A=0.083 D_B=0.135 D_A(real)=0.87 D_A(fake)=0.13 gnG=50.13 gnD=20.13 it_per_s=7.51
2026-10-03 16:20:45,773 INFO iter=564200 epoch=81 lr=4.98e-05 G=3.559 advA2B=0.627 advB2A=0.790 cycA=0.072 cycB=0.081 idtA=0.049 idtB=0.072 D_A=0.081 D_B=0.135 D_A(real)=0.87 D_A(fake)=0.13 gnG=49.31 gnD=19.95 it_per_s=7.60
2026-10-03 16:20:57,237 INFO iter=564300 epoch=81 lr=4.98e-05 G=3.564 advA2B=0.628 advB2A=0.795 cycA=0.072 cycB=0.081 idtA=0.049 idtB=0.072 D_A=0.081 D_B=0.135 D_A(real)=0.87 D_A(fake)=0.13 gnG=49.00 gnD=19.85 it_per_s=7.68
2026-10-03 16:21:07,840 INFO iter=564400 epoch=81 lr=4.98e-05 G=3.564 advA2B=0.628 advB2A=0.796 cycA=0.072 cycB=0.081 idtA=0.050 idtB=0.071 D_A=0.081 D_B=0.134 D_A(real)=0.87 D_A(fake)=0.13 gnG=48.92 gnD=19.70 it_per_s=7.79
2026-10-03 16:21:18,683 INFO iter=564500 epoch=81 lr=4.97e-05 G=3.566 advA2B=0.630 advB2A=0.799 cycA=0.072 cycB=0.081 idtA=0.050 idtB=0.071 D_A=0.080 D_B=0.134 D_A(real)=0.87 D_A(fake)=0.13 gnG=49.09 gnD=19.66 it_per_s=7.87
2026-10-03 16:21:29,536 INFO iter=564600 epoch=81 lr=4.97e-05 G=3.569 advA2B=0.631 advB2A=0.800 cycA=0.073 cycB=0.081 idtA=0.050 idtB=0.071 D_A=0.079 D_B=0.133 D_A(real)=0.87 D_A(fake)=0.13 gnG=48.72 gnD=19.57 it_per_s=7.94
2026-10-03 16:21:40,176 INFO iter=564700 epoch=81 lr=4.97e-05 G=3.562 advA2B=0.628 advB2A=0.794 cycA=0.073 cycB=0.081 idtA=0.050 idtB=0.071 D_A=0.079 D_B=0.133 D_A(real)=0.87 D_A(fake)=0.13 gnG=48.23 gnD=19.50 it_per_s=8.02
2026-10-03 16:21:50,791 INFO iter=564800 epoch=81 lr=4.97e-05 G=3.561 advA2B=0.630 advB2A=0.791 cycA=0.073 cycB=0.081 idtA=0.050 idtB=0.071 D_A=0.078 D_B=0.133 D_A(real)=0.87 D_A(fake)=0.13 gnG=48.00 gnD=19.35 it_per_s=8.09
2026-10-03 16:22:01,494 INFO iter=564900 epoch=81 lr=4.97e-05 G=3.563 advA2B=0.629 advB2A=0.792 cycA=0.072 cycB=0.081 idtA=0.050 idtB=0.071 D_A=0.078 D_B=0.133 D_A(real)=0.87 D_A(fake)=0.13 gnG=48.04 gnD=19.34 it_per_s=8.15
2026-10-03 16:22:12,118 INFO iter=565000 epoch=81 lr=4.97e-05 G=3.563 advA2B=0.626 advB2A=0.791 cycA=0.073 cycB=0.081 idtA=0.050 idtB=0.071 D_A=0.078 D_B=0.133 D_A(real)=0.87 D_A(fake)=0.13 gnG=47.90 gnD=19.26 it_per_s=8.20
2026-10-03 16:22:22,729 INFO iter=565100 epoch=81 lr=4.96e-05 G=3.561 advA2B=0.622 advB2A=0.793 cycA=0.073 cycB=0.081 idtA=0.050 idtB=0.071 D_A=0.078 D_B=0.133 D_A(real)=0.87 D_A(fake)=0.13 gnG=47.49 gnD=19.27 it_per_s=8.26
2026-10-03 16:22:33,449 INFO iter=565200 epoch=81 lr=4.96e-05 G=3.566 advA2B=0.623 advB2A=0.794 cycA=0.073 cycB=0.081 idtA=0.050 idtB=0.072 D_A=0.078 D_B=0.133 D_A(real)=0.87 D_A(fake)=0.13 gnG=47.69 gnD=19.23 it_per_s=8.30
2026-10-03 16:22:44,793 INFO iter=565300 epoch=81 lr=4.96e-05 G=3.566 advA2B=0.623 advB2A=0.795 cycA=0.073 cycB=0.081 idtA=0.050 idtB=0.072 D_A=0.077 D_B=0.133 D_A(real)=0.87 D_A(fake)=0.13 gnG=47.64 gnD=19.18 it_per_s=8.32
2026-10-03 16:22:56,316 INFO iter=565400 epoch=81 lr=4.96e-05 G=3.566 advA2B=0.624 advB2A=0.793 cycA=0.073 cycB=0.081 idtA=0.050 idtB=0.072 D_A=0.077 D_B=0.133 D_A(real)=0.87 D_A(fake)=0.13 gnG=47.56 gnD=19.10 it_per_s=8.34
2026-10-03 16:23:07,125 INFO iter=565500 epoch=81 lr=4.96e-05 G=3.561 advA2B=0.622 advB2A=0.790 cycA=0.073 cycB=0.081 idtA=0.050 idtB=0.072 D_A=0.076 D_B=0.133 D_A(real)=0.87 D_A(fake)=0.13 gnG=47.30 gnD=19.08 it_per_s=8.37
2026-10-03 16:23:17,790 INFO iter=565600 epoch=81 lr=4.95e-05 G=3.560 advA2B=0.623 advB2A=0.788 cycA=0.073 cycB=0.081 idtA=0.050 idtB=0.072 D_A=0.076 D_B=0.133 D_A(real)=0.87 D_A(fake)=0.13 gnG=47.35 gnD=19.03 it_per_s=8.40
2026-10-03 16:23:28,425 INFO iter=565700 epoch=81 lr=4.95e-05 G=3.556 advA2B=0.622 advB2A=0.786 cycA=0.073 cycB=0.081 idtA=0.050 idtB=0.072 D_A=0.076 D_B=0.133 D_A(real)=0.87 D_A(fake)=0.13 gnG=47.14 gnD=19.00 it_per_s=8.44
2026-10-03 16:23:39,071 INFO iter=565800 epoch=81 lr=4.95e-05 G=3.553 advA2B=0.621 advB2A=0.787 cycA=0.072 cycB=0.081 idtA=0.050 idtB=0.072 D_A=0.076 D_B=0.133 D_A(real)=0.87 D_A(fake)=0.13 gnG=47.02 gnD=18.96 it_per_s=8.47
2026-10-03 16:23:49,756 INFO iter=565900 epoch=81 lr=4.95e-05 G=3.556 advA2B=0.622 advB2A=0.788 cycA=0.072 cycB=0.081 idtA=0.050 idtB=0.072 D_A=0.076 D_B=0.132 D_A(real)=0.87 D_A(fake)=0.13 gnG=46.85 gnD=18.88 it_per_s=8.50
2026-10-03 16:24:00,396 INFO iter=566000 epoch=81 lr=4.95e-05 G=3.556 advA2B=0.623 advB2A=0.788 cycA=0.072 cycB=0.081 idtA=0.050 idtB=0.072 D_A=0.076 D_B=0.132 D_A(real)=0.87 D_A(fake)=0.13 gnG=46.64 gnD=18.83 it_per_s=8.52
2026-10-03 16:24:11,035 INFO iter=566100 epoch=81 lr=4.95e-05 G=3.558 advA2B=0.624 advB2A=0.788 cycA=0.072 cycB=0.082 idtA=0.050 idtB=0.072 D_A=0.076 D_B=0.132 D_A(real)=0.87 D_A(fake)=0.13 gnG=46.43 gnD=18.78 it_per_s=8.55
2026-10-03 16:24:21,722 INFO iter=566200 epoch=81 lr=4.94e-05 G=3.557 advA2B=0.625 advB2A=0.790 cycA=0.072 cycB=0.081 idtA=0.050 idtB=0.071 D_A=0.076 D_B=0.132 D_A(real)=0.87 D_A(fake)=0.13 gnG=46.42 gnD=18.75 it_per_s=8.57
2026-10-03 16:24:32,443 INFO iter=566300 epoch=81 lr=4.94e-05 G=3.556 advA2B=0.625 advB2A=0.788 cycA=0.072 cycB=0.081 idtA=0.050 idtB=0.071 D_A=0.076 D_B=0.132 D_A(real)=0.87 D_A(fake)=0.13 gnG=46.21 gnD=18.72 it_per_s=8.60
2026-10-03 16:24:43,116 INFO iter=566400 epoch=81 lr=4.94e-05 G=3.555 advA2B=0.624 advB2A=0.787 cycA=0.072 cycB=0.081 idtA=0.050 idtB=0.072 D_A=0.076 D_B=0.132 D_A(real)=0.87 D_A(fake)=0.13 gnG=46.08 gnD=18.75 it_per_s=8.62
2026-10-03 16:24:53,738 INFO iter=566500 epoch=81 lr=4.94e-05 G=3.554 advA2B=0.624 advB2A=0.786 cycA=0.072 cycB=0.081 idtA=0.050 idtB=0.071 D_A=0.076 D_B=0.131 D_A(real)=0.87 D_A(fake)=0.13 gnG=46.08 gnD=18.73 it_per_s=8.64
2026-10-03 16:25:04,383 INFO iter=566600 epoch=81 lr=4.94e-05 G=3.552 advA2B=0.623 advB2A=0.786 cycA=0.072 cycB=0.081 idtA=0.050 idtB=0.071 D_A=0.076 D_B=0.131 D_A(real)=0.87 D_A(fake)=0.13 gnG=45.91 gnD=18.71 it_per_s=8.66
2026-10-03 16:25:14,991 INFO iter=566700 epoch=81 lr=4.94e-05 G=3.550 advA2B=0.622 advB2A=0.785 cycA=0.072 cycB=0.081 idtA=0.050 idtB=0.072 D_A=0.076 D_B=0.132 D_A(real)=0.87 D_A(fake)=0.13 gnG=45.77 gnD=18.69 it_per_s=8.68
2026-10-03 16:25:25,699 INFO iter=566800 epoch=81 lr=4.93e-05 G=3.551 advA2B=0.622 advB2A=0.786 cycA=0.072 cycB=0.082 idtA=0.050 idtB=0.072 D_A=0.076 D_B=0.132 D_A(real)=0.87 D_A(fake)=0.13 gnG=45.80 gnD=18.68 it_per_s=8.69
2026-10-03 16:25:36,396 INFO iter=566900 epoch=81 lr=4.93e-05 G=3.553 advA2B=0.622 advB2A=0.787 cycA=0.072 cycB=0.082 idtA=0.049 idtB=0.072 D_A=0.076 D_B=0.131 D_A(real)=0.87 D_A(fake)=0.13 gnG=45.94 gnD=18.65 it_per_s=8.71
2026-10-03 16:25:47,054 INFO iter=567000 epoch=81 lr=4.93e-05 G=3.550 advA2B=0.622 advB2A=0.785 cycA=0.072 cycB=0.082 idtA=0.049 idtB=0.072 D_A=0.076 D_B=0.132 D_A(real)=0.87 D_A(fake)=0.13 gnG=45.96 gnD=18.67 it_per_s=8.72
2026-10-03 16:25:57,674 INFO iter=567100 epoch=81 lr=4.93e-05 G=3.549 advA2B=0.623 advB2A=0.783 cycA=0.072 cycB=0.082 idtA=0.049 idtB=0.072 D_A=0.076 D_B=0.131 D_A(real)=0.87 D_A(fake)=0.13 gnG=45.82 gnD=18.63 it_per_s=8.74
2026-10-03 16:26:08,317 INFO iter=567200 epoch=81 lr=4.93e-05 G=3.545 advA2B=0.622 advB2A=0.782 cycA=0.072 cycB=0.081 idtA=0.049 idtB=0.071 D_A=0.076 D_B=0.131 D_A(real)=0.87 D_A(fake)=0.13 gnG=45.70 gnD=18.59 it_per_s=8.76
2026-10-03 16:26:18,958 INFO iter=567300 epoch=81 lr=4.92e-05 G=3.541 advA2B=0.622 advB2A=0.781 cycA=0.072 cycB=0.081 idtA=0.049 idtB=0.071 D_A=0.076 D_B=0.131 D_A(real)=0.87 D_A(fake)=0.13 gnG=45.61 gnD=18.59 it_per_s=8.77
2026-10-03 16:26:29,631 INFO iter=567400 epoch=81 lr=4.92e-05 G=3.543 advA2B=0.622 advB2A=0.782 cycA=0.072 cycB=0.081 idtA=0.049 idtB=0.071 D_A=0.076 D_B=0.131 D_A(real)=0.87 D_A(fake)=0.13 gnG=45.55 gnD=18.57 it_per_s=8.78
2026-10-03 16:26:40,352 INFO iter=567500 epoch=81 lr=4.92e-05 G=3.543 advA2B=0.623 advB2A=0.781 cycA=0.072 cycB=0.081 idtA=0.049 idtB=0.071 D_A=0.076 D_B=0.131 D_A(real)=0.87 D_A(fake)=0.13 gnG=45.69 gnD=18.54 it_per_s=8.79
2026-10-03 16:26:51,024 INFO iter=567600 epoch=81 lr=4.92e-05 G=3.543 advA2B=0.625 advB2A=0.780 cycA=0.072 cycB=0.081 idtA=0.049 idtB=0.071 D_A=0.076 D_B=0.131 D_A(real)=0.87 D_A(fake)=0.13 gnG=45.85 gnD=18.52 it_per_s=8.81
2026-10-03 16:27:01,639 INFO iter=567700 epoch=81 lr=4.92e-05 G=3.544 advA2B=0.627 advB2A=0.779 cycA=0.072 cycB=0.081 idtA=0.049 idtB=0.071 D_A=0.076 D_B=0.130 D_A(real)=0.87 D_A(fake)=0.13 gnG=45.87 gnD=18.48 it_per_s=8.82
2026-10-03 16:27:12,281 INFO iter=567800 epoch=81 lr=4.92e-05 G=3.549 advA2B=0.628 advB2A=0.780 cycA=0.072 cycB=0.081 idtA=0.049 idtB=0.071 D_A=0.076 D_B=0.130 D_A(real)=0.87 D_A(fake)=0.13 gnG=45.91 gnD=18.42 it_per_s=8.83
2026-10-03 16:27:22,926 INFO iter=567900 epoch=81 lr=4.91e-05 G=3.553 advA2B=0.631 advB2A=0.780 cycA=0.072 cycB=0.081 idtA=0.049 idtB=0.071 D_A=0.076 D_B=0.129 D_A(real)=0.87 D_A(fake)=0.13 gnG=46.08 gnD=18.38 it_per_s=8.84
2026-10-03 16:27:33,580 INFO iter=568000 epoch=81 lr=4.91e-05 G=3.555 advA2B=0.632 advB2A=0.780 cycA=0.072 cycB=0.081 idtA=0.049 idtB=0.072 D_A=0.076 D_B=0.129 D_A(real)=0.87 D_A(fake)=0.13 gnG=46.03 gnD=18.32 it_per_s=8.85
2026-10-03 16:27:44,247 INFO iter=568100 epoch=81 lr=4.91e-05 G=3.557 advA2B=0.633 advB2A=0.780 cycA=0.072 cycB=0.081 idtA=0.049 idtB=0.072 D_A=0.076 D_B=0.128 D_A(real)=0.87 D_A(fake)=0.13 gnG=46.09 gnD=18.29 it_per_s=8.86
2026-10-03 16:27:54,903 INFO iter=568200 epoch=81 lr=4.91e-05 G=3.557 advA2B=0.633 advB2A=0.779 cycA=0.072 cycB=0.081 idtA=0.049 idtB=0.072 D_A=0.076 D_B=0.128 D_A(real)=0.87 D_A(fake)=0.13 gnG=46.12 gnD=18.23 it_per_s=8.87
2026-10-03 16:28:05,593 INFO iter=568300 epoch=81 lr=4.91e-05 G=3.556 advA2B=0.633 advB2A=0.779 cycA=0.072 cycB=0.081 idtA=0.049 idtB=0.072 D_A=0.076 D_B=0.128 D_A(real)=0.87 D_A(fake)=0.13 gnG=46.03 gnD=18.20 it_per_s=8.88
2026-10-03 16:28:16,269 INFO iter=568400 epoch=81 lr=4.90e-05 G=3.555 advA2B=0.633 advB2A=0.778 cycA=0.072 cycB=0.081 idtA=0.049 idtB=0.072 D_A=0.076 D_B=0.127 D_A(real)=0.87 D_A(fake)=0.13 gnG=45.92 gnD=18.20 it_per_s=8.89
2026-10-03 16:28:26,885 INFO iter=568500 epoch=81 lr=4.90e-05 G=3.555 advA2B=0.633 advB2A=0.777 cycA=0.072 cycB=0.081 idtA=0.049 idtB=0.072 D_A=0.076 D_B=0.128 D_A(real)=0.87 D_A(fake)=0.13 gnG=45.86 gnD=18.22 it_per_s=8.90
2026-10-03 16:28:37,516 INFO iter=568600 epoch=81 lr=4.90e-05 G=3.555 advA2B=0.633 advB2A=0.777 cycA=0.072 cycB=0.081 idtA=0.049 idtB=0.072 D_A=0.076 D_B=0.128 D_A(real)=0.87 D_A(fake)=0.13 gnG=45.78 gnD=18.21 it_per_s=8.91
2026-10-03 16:28:48,156 INFO iter=568700 epoch=81 lr=4.90e-05 G=3.558 advA2B=0.634 advB2A=0.778 cycA=0.072 cycB=0.082 idtA=0.049 idtB=0.072 D_A=0.076 D_B=0.127 D_A(real)=0.87 D_A(fake)=0.13 gnG=45.84 gnD=18.19 it_per_s=8.91
2026-10-03 16:28:58,825 INFO iter=568800 epoch=81 lr=4.90e-05 G=3.559 advA2B=0.635 advB2A=0.778 cycA=0.072 cycB=0.082 idtA=0.049 idtB=0.072 D_A=0.076 D_B=0.127 D_A(real)=0.87 D_A(fake)=0.13 gnG=45.73 gnD=18.19 it_per_s=8.92
2026-10-03 16:29:09,473 INFO iter=568900 epoch=81 lr=4.90e-05 G=3.557 advA2B=0.635 advB2A=0.777 cycA=0.072 cycB=0.081 idtA=0.049 idtB=0.072 D_A=0.076 D_B=0.127 D_A(real)=0.87 D_A(fake)=0.13 gnG=45.62 gnD=18.18 it_per_s=8.93
2026-10-03 16:29:20,163 INFO iter=569000 epoch=81 lr=4.89e-05 G=3.557 advA2B=0.634 advB2A=0.777 cycA=0.072 cycB=0.082 idtA=0.049 idtB=0.072 D_A=0.076 D_B=0.127 D_A(real)=0.86 D_A(fake)=0.13 gnG=45.54 gnD=18.17 it_per_s=8.94
2026-10-03 16:29:30,870 INFO iter=569100 epoch=81 lr=4.89e-05 G=3.556 advA2B=0.633 advB2A=0.776 cycA=0.072 cycB=0.082 idtA=0.049 idtB=0.072 D_A=0.076 D_B=0.127 D_A(real)=0.86 D_A(fake)=0.14 gnG=45.44 gnD=18.17 it_per_s=8.94
2026-10-03 16:29:41,469 INFO iter=569200 epoch=81 lr=4.89e-05 G=3.555 advA2B=0.633 advB2A=0.776 cycA=0.072 cycB=0.082 idtA=0.049 idtB=0.072 D_A=0.076 D_B=0.127 D_A(real)=0.86 D_A(fake)=0.13 gnG=45.37 gnD=18.16 it_per_s=8.95
2026-10-03 16:29:51,866 INFO iter=569300 epoch=81 lr=4.89e-05 G=3.554 advA2B=0.633 advB2A=0.775 cycA=0.072 cycB=0.082 idtA=0.049 idtB=0.072 D_A=0.076 D_B=0.127 D_A(real)=0.87 D_A(fake)=0.13 gnG=45.33 gnD=18.16 it_per_s=8.96
2026-10-03 16:30:02,399 INFO iter=569400 epoch=81 lr=4.89e-05 G=3.553 advA2B=0.633 advB2A=0.774 cycA=0.072 cycB=0.082 idtA=0.049 idtB=0.072 D_A=0.076 D_B=0.127 D_A(real)=0.87 D_A(fake)=0.13 gnG=45.24 gnD=18.14 it_per_s=8.97
2026-10-03 16:30:13,028 INFO iter=569500 epoch=81 lr=4.89e-05 G=3.551 advA2B=0.632 advB2A=0.774 cycA=0.072 cycB=0.082 idtA=0.049 idtB=0.072 D_A=0.076 D_B=0.127 D_A(real)=0.87 D_A(fake)=0.13 gnG=45.20 gnD=18.13 it_per_s=8.97
2026-10-03 16:30:23,580 INFO iter=569600 epoch=81 lr=4.88e-05 G=3.553 advA2B=0.632 advB2A=0.773 cycA=0.072 cycB=0.082 idtA=0.049 idtB=0.072 D_A=0.076 D_B=0.127 D_A(real)=0.87 D_A(fake)=0.13 gnG=45.12 gnD=18.13 it_per_s=8.98
2026-10-03 16:30:34,158 INFO iter=569700 epoch=81 lr=4.88e-05 G=3.554 advA2B=0.631 advB2A=0.774 cycA=0.072 cycB=0.082 idtA=0.049 idtB=0.072 D_A=0.076 D_B=0.127 D_A(real)=0.87 D_A(fake)=0.13 gnG=45.15 gnD=18.12 it_per_s=8.99
2026-10-03 16:30:44,749 INFO iter=569800 epoch=81 lr=4.88e-05 G=3.552 advA2B=0.630 advB2A=0.773 cycA=0.072 cycB=0.082 idtA=0.049 idtB=0.072 D_A=0.076 D_B=0.127 D_A(real)=0.86 D_A(fake)=0.13 gnG=45.09 gnD=18.11 it_per_s=8.99
2026-10-03 16:30:55,112 INFO iter=569900 epoch=81 lr=4.88e-05 G=3.552 advA2B=0.630 advB2A=0.773 cycA=0.072 cycB=0.082 idtA=0.049 idtB=0.072 D_A=0.076 D_B=0.127 D_A(real)=0.87 D_A(fake)=0.13 gnG=45.01 gnD=18.11 it_per_s=9.00
2026-10-03 16:31:05,714 INFO iter=570000 epoch=81 lr=4.88e-05 G=3.551 advA2B=0.630 advB2A=0.773 cycA=0.072 cycB=0.082 idtA=0.049 idtB=0.072 D_A=0.076 D_B=0.127 D_A(real)=0.87 D_A(fake)=0.13 gnG=44.94 gnD=18.09 it_per_s=9.01
2026-10-03 16:31:14,001 INFO epoch=81 done time_s=781 it_per_s=9.01 G=3.551 cycA=0.072 cycB=0.082 idtA=0.049 idtB=0.072 D_A=0.076 D_B=0.127 D_A(real)=0.87 D_A(fake)=0.13 nan_count=0
2026-10-03 16:31:22,042 INFO iter=570100 epoch=82 lr=4.87e-05 G=3.614 advA2B=0.655 advB2A=0.729 cycA=0.077 cycB=0.081 idtA=0.052 idtB=0.078 D_A=0.094 D_B=0.137 D_A(real)=0.80 D_A(fake)=0.19 gnG=36.15 gnD=18.20 it_per_s=8.67
2026-10-03 16:31:32,632 INFO iter=570200 epoch=82 lr=4.87e-05 G=3.595 advA2B=0.620 advB2A=0.805 cycA=0.072 cycB=0.082 idtA=0.049 idtB=0.076 D_A=0.082 D_B=0.124 D_A(real)=0.83 D_A(fake)=0.16 gnG=41.83 gnD=18.14 it_per_s=9.29
2026-10-03 16:31:43,333 INFO iter=570300 epoch=82 lr=4.87e-05 G=3.584 advA2B=0.622 advB2A=0.797 cycA=0.072 cycB=0.083 idtA=0.049 idtB=0.074 D_A=0.079 D_B=0.120 D_A(real)=0.85 D_A(fake)=0.15 gnG=39.14 gnD=17.47 it_per_s=9.32
2026-10-03 16:31:53,941 INFO iter=570400 epoch=82 lr=4.87e-05 G=3.578 advA2B=0.626 advB2A=0.792 cycA=0.073 cycB=0.082 idtA=0.049 idtB=0.073 D_A=0.079 D_B=0.125 D_A(real)=0.85 D_A(fake)=0.15 gnG=39.74 gnD=17.62 it_per_s=9.35
2026-10-03 16:32:04,565 INFO iter=570500 epoch=82 lr=4.87e-05 G=3.553 advA2B=0.626 advB2A=0.783 cycA=0.072 cycB=0.081 idtA=0.049 idtB=0.072 D_A=0.077 D_B=0.123 D_A(real)=0.85 D_A(fake)=0.14 gnG=39.43 gnD=17.68 it_per_s=9.37
2026-10-03 16:32:15,201 INFO iter=570600 epoch=82 lr=4.87e-05 G=3.540 advA2B=0.624 advB2A=0.778 cycA=0.073 cycB=0.081 idtA=0.049 idtB=0.072 D_A=0.076 D_B=0.120 D_A(real)=0.86 D_A(fake)=0.14 gnG=39.41 gnD=17.42 it_per_s=9.37
2026-10-03 16:32:25,831 INFO iter=570700 epoch=82 lr=4.86e-05 G=3.550 advA2B=0.630 advB2A=0.777 cycA=0.072 cycB=0.081 idtA=0.049 idtB=0.073 D_A=0.076 D_B=0.118 D_A(real)=0.86 D_A(fake)=0.14 gnG=39.88 gnD=17.33 it_per_s=9.38
2026-10-03 16:32:36,663 INFO iter=570800 epoch=82 lr=4.86e-05 G=3.530 advA2B=0.628 advB2A=0.769 cycA=0.072 cycB=0.081 idtA=0.049 idtB=0.072 D_A=0.077 D_B=0.120 D_A(real)=0.86 D_A(fake)=0.14 gnG=40.00 gnD=17.55 it_per_s=9.36
2026-10-03 16:32:47,298 INFO iter=570900 epoch=82 lr=4.86e-05 G=3.538 advA2B=0.625 advB2A=0.770 cycA=0.072 cycB=0.081 idtA=0.049 idtB=0.073 D_A=0.077 D_B=0.120 D_A(real)=0.86 D_A(fake)=0.14 gnG=40.15 gnD=17.60 it_per_s=9.36
2026-10-03 16:32:57,975 INFO iter=571000 epoch=82 lr=4.86e-05 G=3.532 advA2B=0.622 advB2A=0.771 cycA=0.072 cycB=0.081 idtA=0.049 idtB=0.072 D_A=0.077 D_B=0.120 D_A(real)=0.86 D_A(fake)=0.14 gnG=40.07 gnD=17.81 it_per_s=9.36
2026-10-03 16:33:08,573 INFO iter=571100 epoch=82 lr=4.86e-05 G=3.536 advA2B=0.621 advB2A=0.780 cycA=0.072 cycB=0.081 idtA=0.049 idtB=0.072 D_A=0.076 D_B=0.120 D_A(real)=0.86 D_A(fake)=0.14 gnG=40.16 gnD=17.72 it_per_s=9.37
2026-10-03 16:33:19,221 INFO iter=571200 epoch=82 lr=4.86e-05 G=3.530 advA2B=0.619 advB2A=0.781 cycA=0.072 cycB=0.081 idtA=0.049 idtB=0.072 D_A=0.075 D_B=0.120 D_A(real)=0.86 D_A(fake)=0.14 gnG=40.03 gnD=17.71 it_per_s=9.37
2026-10-03 16:33:29,905 INFO iter=571300 epoch=82 lr=4.85e-05 G=3.538 advA2B=0.620 advB2A=0.786 cycA=0.072 cycB=0.081 idtA=0.049 idtB=0.072 D_A=0.075 D_B=0.121 D_A(real)=0.86 D_A(fake)=0.14 gnG=40.20 gnD=17.86 it_per_s=9.37
2026-10-03 16:33:40,582 INFO iter=571400 epoch=82 lr=4.85e-05 G=3.542 advA2B=0.621 advB2A=0.786 cycA=0.072 cycB=0.081 idtA=0.049 idtB=0.073 D_A=0.075 D_B=0.120 D_A(real)=0.86 D_A(fake)=0.14 gnG=40.65 gnD=17.83 it_per_s=9.37
2026-10-03 16:33:51,217 INFO iter=571500 epoch=82 lr=4.85e-05 G=3.544 advA2B=0.623 advB2A=0.784 cycA=0.072 cycB=0.081 idtA=0.049 idtB=0.073 D_A=0.075 D_B=0.120 D_A(real)=0.86 D_A(fake)=0.14 gnG=40.54 gnD=17.64 it_per_s=9.37
2026-10-03 16:34:01,902 INFO iter=571600 epoch=82 lr=4.85e-05 G=3.543 advA2B=0.624 advB2A=0.784 cycA=0.072 cycB=0.081 idtA=0.049 idtB=0.073 D_A=0.074 D_B=0.120 D_A(real)=0.86 D_A(fake)=0.14 gnG=40.36 gnD=17.66 it_per_s=9.37
2026-10-03 16:34:12,591 INFO iter=571700 epoch=82 lr=4.85e-05 G=3.534 advA2B=0.621 advB2A=0.784 cycA=0.072 cycB=0.081 idtA=0.049 idtB=0.072 D_A=0.074 D_B=0.120 D_A(real)=0.86 D_A(fake)=0.14 gnG=40.18 gnD=17.59 it_per_s=9.37
2026-10-03 16:34:23,233 INFO iter=571800 epoch=82 lr=4.84e-05 G=3.530 advA2B=0.621 advB2A=0.782 cycA=0.071 cycB=0.081 idtA=0.049 idtB=0.072 D_A=0.073 D_B=0.120 D_A(real)=0.86 D_A(fake)=0.14 gnG=40.09 gnD=17.57 it_per_s=9.37
2026-10-03 16:34:33,678 INFO iter=571900 epoch=82 lr=4.84e-05 G=3.532 advA2B=0.620 advB2A=0.783 cycA=0.072 cycB=0.081 idtA=0.049 idtB=0.072 D_A=0.073 D_B=0.120 D_A(real)=0.86 D_A(fake)=0.14 gnG=39.97 gnD=17.53 it_per_s=9.38
2026-10-03 16:34:44,378 INFO iter=572000 epoch=82 lr=4.84e-05 G=3.532 advA2B=0.621 advB2A=0.784 cycA=0.071 cycB=0.081 idtA=0.049 idtB=0.072 D_A=0.073 D_B=0.119 D_A(real)=0.86 D_A(fake)=0.14 gnG=39.86 gnD=17.55 it_per_s=9.38
2026-10-03 16:34:55,003 INFO iter=572100 epoch=82 lr=4.84e-05 G=3.542 advA2B=0.623 advB2A=0.785 cycA=0.071 cycB=0.081 idtA=0.049 idtB=0.073 D_A=0.073 D_B=0.120 D_A(real)=0.86 D_A(fake)=0.14 gnG=40.10 gnD=17.56 it_per_s=9.38
2026-10-03 16:35:05,625 INFO iter=572200 epoch=82 lr=4.84e-05 G=3.539 advA2B=0.622 advB2A=0.784 cycA=0.071 cycB=0.081 idtA=0.049 idtB=0.073 D_A=0.072 D_B=0.121 D_A(real)=0.86 D_A(fake)=0.14 gnG=40.15 gnD=17.59 it_per_s=9.38
2026-10-03 16:35:16,286 INFO iter=572300 epoch=82 lr=4.84e-05 G=3.539 advA2B=0.624 advB2A=0.782 cycA=0.071 cycB=0.081 idtA=0.049 idtB=0.073 D_A=0.072 D_B=0.121 D_A(real)=0.86 D_A(fake)=0.14 gnG=40.08 gnD=17.61 it_per_s=9.38
2026-10-03 16:35:26,946 INFO iter=572400 epoch=82 lr=4.83e-05 G=3.534 advA2B=0.622 advB2A=0.781 cycA=0.071 cycB=0.081 idtA=0.048 idtB=0.073 D_A=0.072 D_B=0.121 D_A(real)=0.86 D_A(fake)=0.14 gnG=39.89 gnD=17.58 it_per_s=9.38
2026-10-03 16:35:37,635 INFO iter=572500 epoch=82 lr=4.83e-05 G=3.531 advA2B=0.621 advB2A=0.778 cycA=0.071 cycB=0.081 idtA=0.048 idtB=0.073 D_A=0.073 D_B=0.121 D_A(real)=0.86 D_A(fake)=0.14 gnG=39.73 gnD=17.60 it_per_s=9.38
2026-10-03 16:35:48,265 INFO iter=572600 epoch=82 lr=4.83e-05 G=3.528 advA2B=0.621 advB2A=0.777 cycA=0.071 cycB=0.081 idtA=0.048 idtB=0.073 D_A=0.073 D_B=0.122 D_A(real)=0.86 D_A(fake)=0.14 gnG=39.63 gnD=17.63 it_per_s=9.38
2026-10-03 16:35:58,935 INFO iter=572700 epoch=82 lr=4.83e-05 G=3.528 advA2B=0.620 advB2A=0.776 cycA=0.071 cycB=0.082 idtA=0.048 idtB=0.073 D_A=0.073 D_B=0.122 D_A(real)=0.86 D_A(fake)=0.14 gnG=39.90 gnD=17.59 it_per_s=9.38
2026-10-03 16:36:09,607 INFO iter=572800 epoch=82 lr=4.83e-05 G=3.527 advA2B=0.619 advB2A=0.775 cycA=0.071 cycB=0.082 idtA=0.049 idtB=0.073 D_A=0.073 D_B=0.122 D_A(real)=0.86 D_A(fake)=0.14 gnG=39.97 gnD=17.60 it_per_s=9.38
2026-10-03 16:36:20,323 INFO iter=572900 epoch=82 lr=4.82e-05 G=3.527 advA2B=0.620 advB2A=0.775 cycA=0.071 cycB=0.082 idtA=0.048 idtB=0.073 D_A=0.073 D_B=0.121 D_A(real)=0.86 D_A(fake)=0.14 gnG=39.91 gnD=17.57 it_per_s=9.38
2026-10-03 16:36:30,928 INFO iter=573000 epoch=82 lr=4.82e-05 G=3.525 advA2B=0.620 advB2A=0.775 cycA=0.071 cycB=0.082 idtA=0.048 idtB=0.073 D_A=0.073 D_B=0.121 D_A(real)=0.86 D_A(fake)=0.14 gnG=39.91 gnD=17.58 it_per_s=9.38
2026-10-03 16:36:41,534 INFO iter=573100 epoch=82 lr=4.82e-05 G=3.526 advA2B=0.620 advB2A=0.775 cycA=0.071 cycB=0.082 idtA=0.048 idtB=0.073 D_A=0.073 D_B=0.121 D_A(real)=0.86 D_A(fake)=0.14 gnG=39.81 gnD=17.55 it_per_s=9.38
2026-10-03 16:36:52,154 INFO iter=573200 epoch=82 lr=4.82e-05 G=3.530 advA2B=0.623 advB2A=0.775 cycA=0.071 cycB=0.082 idtA=0.048 idtB=0.073 D_A=0.073 D_B=0.121 D_A(real)=0.86 D_A(fake)=0.14 gnG=39.87 gnD=17.53 it_per_s=9.39
2026-10-03 16:37:02,873 INFO iter=573300 epoch=82 lr=4.82e-05 G=3.529 advA2B=0.624 advB2A=0.775 cycA=0.071 cycB=0.081 idtA=0.048 idtB=0.073 D_A=0.073 D_B=0.121 D_A(real)=0.86 D_A(fake)=0.14 gnG=39.94 gnD=17.53 it_per_s=9.38
2026-10-03 16:37:13,621 INFO iter=573400 epoch=82 lr=4.82e-05 G=3.530 advA2B=0.625 advB2A=0.775 cycA=0.071 cycB=0.081 idtA=0.048 idtB=0.073 D_A=0.073 D_B=0.121 D_A(real)=0.86 D_A(fake)=0.14 gnG=40.00 gnD=17.49 it_per_s=9.38
2026-10-03 16:37:24,199 INFO iter=573500 epoch=82 lr=4.81e-05 G=3.527 advA2B=0.624 advB2A=0.775 cycA=0.071 cycB=0.081 idtA=0.048 idtB=0.073 D_A=0.073 D_B=0.121 D_A(real)=0.86 D_A(fake)=0.14 gnG=40.01 gnD=17.50 it_per_s=9.38
2026-10-03 16:37:34,769 INFO iter=573600 epoch=82 lr=4.81e-05 G=3.524 advA2B=0.623 advB2A=0.774 cycA=0.071 cycB=0.081 idtA=0.048 idtB=0.072 D_A=0.073 D_B=0.121 D_A(real)=0.86 D_A(fake)=0.14 gnG=39.95 gnD=17.51 it_per_s=9.39
2026-10-03 16:37:45,396 INFO iter=573700 epoch=82 lr=4.81e-05 G=3.525 advA2B=0.623 advB2A=0.774 cycA=0.071 cycB=0.081 idtA=0.048 idtB=0.072 D_A=0.074 D_B=0.121 D_A(real)=0.86 D_A(fake)=0.14 gnG=39.95 gnD=17.52 it_per_s=9.39
2026-10-03 16:37:56,068 INFO iter=573800 epoch=82 lr=4.81e-05 G=3.525 advA2B=0.624 advB2A=0.774 cycA=0.071 cycB=0.081 idtA=0.048 idtB=0.072 D_A=0.073 D_B=0.120 D_A(real)=0.86 D_A(fake)=0.14 gnG=39.98 gnD=17.48 it_per_s=9.39
2026-10-03 16:38:06,649 INFO iter=573900 epoch=82 lr=4.81e-05 G=3.523 advA2B=0.623 advB2A=0.774 cycA=0.071 cycB=0.081 idtA=0.048 idtB=0.072 D_A=0.073 D_B=0.121 D_A(real)=0.86 D_A(fake)=0.14 gnG=39.96 gnD=17.51 it_per_s=9.39
2026-10-03 16:38:17,353 INFO iter=574000 epoch=82 lr=4.81e-05 G=3.524 advA2B=0.623 advB2A=0.776 cycA=0.071 cycB=0.081 idtA=0.048 idtB=0.072 D_A=0.074 D_B=0.121 D_A(real)=0.86 D_A(fake)=0.14 gnG=39.98 gnD=17.50 it_per_s=9.39
2026-10-03 16:38:27,824 INFO iter=574100 epoch=82 lr=4.80e-05 G=3.521 advA2B=0.622 advB2A=0.774 cycA=0.071 cycB=0.081 idtA=0.048 idtB=0.072 D_A=0.074 D_B=0.121 D_A(real)=0.86 D_A(fake)=0.14 gnG=39.92 gnD=17.50 it_per_s=9.39
2026-10-03 16:38:38,426 INFO iter=574200 epoch=82 lr=4.80e-05 G=3.518 advA2B=0.620 advB2A=0.773 cycA=0.071 cycB=0.081 idtA=0.048 idtB=0.072 D_A=0.074 D_B=0.121 D_A(real)=0.86 D_A(fake)=0.14 gnG=39.93 gnD=17.49 it_per_s=9.39
2026-10-03 16:38:49,051 INFO iter=574300 epoch=82 lr=4.80e-05 G=3.517 advA2B=0.620 advB2A=0.773 cycA=0.071 cycB=0.081 idtA=0.048 idtB=0.072 D_A=0.074 D_B=0.121 D_A(real)=0.86 D_A(fake)=0.14 gnG=39.83 gnD=17.47 it_per_s=9.39
2026-10-03 16:38:59,536 INFO iter=574400 epoch=82 lr=4.80e-05 G=3.516 advA2B=0.617 advB2A=0.773 cycA=0.071 cycB=0.081 idtA=0.049 idtB=0.072 D_A=0.073 D_B=0.121 D_A(real)=0.86 D_A(fake)=0.14 gnG=39.77 gnD=17.45 it_per_s=9.39
2026-10-03 16:39:10,160 INFO iter=574500 epoch=82 lr=4.80e-05 G=3.516 advA2B=0.617 advB2A=0.773 cycA=0.071 cycB=0.081 idtA=0.049 idtB=0.072 D_A=0.073 D_B=0.122 D_A(real)=0.86 D_A(fake)=0.14 gnG=39.78 gnD=17.45 it_per_s=9.40
2026-10-03 16:39:20,781 INFO iter=574600 epoch=82 lr=4.79e-05 G=3.517 advA2B=0.617 advB2A=0.773 cycA=0.071 cycB=0.081 idtA=0.049 idtB=0.072 D_A=0.073 D_B=0.121 D_A(real)=0.86 D_A(fake)=0.14 gnG=39.75 gnD=17.41 it_per_s=9.40
2026-10-03 16:39:31,068 INFO iter=574700 epoch=82 lr=4.79e-05 G=3.518 advA2B=0.617 advB2A=0.774 cycA=0.071 cycB=0.081 idtA=0.049 idtB=0.072 D_A=0.073 D_B=0.121 D_A(real)=0.86 D_A(fake)=0.14 gnG=39.71 gnD=17.40 it_per_s=9.40
2026-10-03 16:39:41,697 INFO iter=574800 epoch=82 lr=4.79e-05 G=3.519 advA2B=0.617 advB2A=0.774 cycA=0.071 cycB=0.081 idtA=0.049 idtB=0.072 D_A=0.073 D_B=0.122 D_A(real)=0.86 D_A(fake)=0.14 gnG=39.68 gnD=17.41 it_per_s=9.40
2026-10-03 16:39:52,400 INFO iter=574900 epoch=82 lr=4.79e-05 G=3.514 advA2B=0.615 advB2A=0.773 cycA=0.071 cycB=0.081 idtA=0.049 idtB=0.072 D_A=0.073 D_B=0.122 D_A(real)=0.86 D_A(fake)=0.14 gnG=39.70 gnD=17.40 it_per_s=9.40
2026-10-03 16:40:02,866 INFO iter=575000 epoch=82 lr=4.79e-05 G=3.515 advA2B=0.615 advB2A=0.774 cycA=0.071 cycB=0.081 idtA=0.048 idtB=0.072 D_A=0.073 D_B=0.122 D_A(real)=0.86 D_A(fake)=0.14 gnG=39.81 gnD=17.41 it_per_s=9.40
2026-10-03 16:40:13,499 INFO iter=575100 epoch=82 lr=4.79e-05 G=3.515 advA2B=0.615 advB2A=0.773 cycA=0.071 cycB=0.081 idtA=0.049 idtB=0.072 D_A=0.073 D_B=0.122 D_A(real)=0.86 D_A(fake)=0.14 gnG=39.78 gnD=17.39 it_per_s=9.40
2026-10-03 16:40:23,995 INFO iter=575200 epoch=82 lr=4.78e-05 G=3.516 advA2B=0.615 advB2A=0.772 cycA=0.071 cycB=0.081 idtA=0.048 idtB=0.072 D_A=0.073 D_B=0.122 D_A(real)=0.86 D_A(fake)=0.14 gnG=39.83 gnD=17.38 it_per_s=9.41
2026-10-03 16:40:34,376 INFO iter=575300 epoch=82 lr=4.78e-05 G=3.517 advA2B=0.614 advB2A=0.773 cycA=0.071 cycB=0.081 idtA=0.048 idtB=0.072 D_A=0.073 D_B=0.122 D_A(real)=0.86 D_A(fake)=0.14 gnG=39.82 gnD=17.39 it_per_s=9.41
2026-10-03 16:40:45,008 INFO iter=575400 epoch=82 lr=4.78e-05 G=3.516 advA2B=0.614 advB2A=0.773 cycA=0.071 cycB=0.081 idtA=0.049 idtB=0.072 D_A=0.073 D_B=0.122 D_A(real)=0.86 D_A(fake)=0.14 gnG=39.87 gnD=17.38 it_per_s=9.41
2026-10-03 16:40:55,568 INFO iter=575500 epoch=82 lr=4.78e-05 G=3.515 advA2B=0.613 advB2A=0.773 cycA=0.071 cycB=0.081 idtA=0.049 idtB=0.072 D_A=0.073 D_B=0.122 D_A(real)=0.86 D_A(fake)=0.14 gnG=39.85 gnD=17.35 it_per_s=9.41
2026-10-03 16:41:05,981 INFO iter=575600 epoch=82 lr=4.78e-05 G=3.515 advA2B=0.613 advB2A=0.772 cycA=0.071 cycB=0.081 idtA=0.048 idtB=0.072 D_A=0.073 D_B=0.122 D_A(real)=0.86 D_A(fake)=0.14 gnG=39.87 gnD=17.36 it_per_s=9.42
2026-10-03 16:41:16,574 INFO iter=575700 epoch=82 lr=4.78e-05 G=3.514 advA2B=0.613 advB2A=0.772 cycA=0.071 cycB=0.081 idtA=0.048 idtB=0.072 D_A=0.073 D_B=0.122 D_A(real)=0.86 D_A(fake)=0.14 gnG=39.83 gnD=17.34 it_per_s=9.42
2026-10-03 16:41:27,126 INFO iter=575800 epoch=82 lr=4.77e-05 G=3.514 advA2B=0.613 advB2A=0.772 cycA=0.071 cycB=0.081 idtA=0.048 idtB=0.072 D_A=0.073 D_B=0.122 D_A(real)=0.86 D_A(fake)=0.14 gnG=39.76 gnD=17.32 it_per_s=9.42
2026-10-03 16:41:37,645 INFO iter=575900 epoch=82 lr=4.77e-05 G=3.516 advA2B=0.613 advB2A=0.772 cycA=0.071 cycB=0.081 idtA=0.048 idtB=0.072 D_A=0.073 D_B=0.122 D_A(real)=0.86 D_A(fake)=0.14 gnG=39.75 gnD=17.33 it_per_s=9.42
2026-10-03 16:41:48,236 INFO iter=576000 epoch=82 lr=4.77e-05 G=3.516 advA2B=0.614 advB2A=0.771 cycA=0.071 cycB=0.081 idtA=0.049 idtB=0.072 D_A=0.073 D_B=0.122 D_A(real)=0.86 D_A(fake)=0.14 gnG=39.78 gnD=17.34 it_per_s=9.42
2026-10-03 16:41:58,646 INFO iter=576100 epoch=82 lr=4.77e-05 G=3.518 advA2B=0.613 advB2A=0.772 cycA=0.071 cycB=0.081 idtA=0.049 idtB=0.072 D_A=0.074 D_B=0.122 D_A(real)=0.86 D_A(fake)=0.14 gnG=39.84 gnD=17.33 it_per_s=9.42
2026-10-03 16:42:09,269 INFO iter=576200 epoch=82 lr=4.77e-05 G=3.518 advA2B=0.612 advB2A=0.772 cycA=0.071 cycB=0.081 idtA=0.049 idtB=0.073 D_A=0.073 D_B=0.122 D_A(real)=0.86 D_A(fake)=0.14 gnG=39.82 gnD=17.32 it_per_s=9.42
2026-10-03 16:42:19,938 INFO iter=576300 epoch=82 lr=4.76e-05 G=3.518 advA2B=0.613 advB2A=0.772 cycA=0.072 cycB=0.081 idtA=0.049 idtB=0.073 D_A=0.073 D_B=0.122 D_A(real)=0.86 D_A(fake)=0.14 gnG=39.80 gnD=17.30 it_per_s=9.42
2026-10-03 16:42:30,526 INFO iter=576400 epoch=82 lr=4.76e-05 G=3.519 advA2B=0.613 advB2A=0.772 cycA=0.072 cycB=0.081 idtA=0.049 idtB=0.073 D_A=0.073 D_B=0.122 D_A(real)=0.86 D_A(fake)=0.14 gnG=39.85 gnD=17.30 it_per_s=9.42
2026-10-03 16:42:41,137 INFO iter=576500 epoch=82 lr=4.76e-05 G=3.518 advA2B=0.613 advB2A=0.772 cycA=0.071 cycB=0.081 idtA=0.049 idtB=0.073 D_A=0.074 D_B=0.121 D_A(real)=0.86 D_A(fake)=0.14 gnG=39.84 gnD=17.29 it_per_s=9.42
2026-10-03 16:42:51,761 INFO iter=576600 epoch=82 lr=4.76e-05 G=3.519 advA2B=0.612 advB2A=0.771 cycA=0.072 cycB=0.081 idtA=0.049 idtB=0.072 D_A=0.073 D_B=0.122 D_A(real)=0.86 D_A(fake)=0.14 gnG=39.81 gnD=17.30 it_per_s=9.42
2026-10-03 16:43:02,060 INFO iter=576700 epoch=82 lr=4.76e-05 G=3.520 advA2B=0.613 advB2A=0.772 cycA=0.072 cycB=0.081 idtA=0.049 idtB=0.072 D_A=0.074 D_B=0.122 D_A(real)=0.86 D_A(fake)=0.14 gnG=39.84 gnD=17.30 it_per_s=9.43
2026-10-03 16:43:12,700 INFO iter=576800 epoch=82 lr=4.76e-05 G=3.519 advA2B=0.614 advB2A=0.771 cycA=0.072 cycB=0.081 idtA=0.049 idtB=0.072 D_A=0.074 D_B=0.121 D_A(real)=0.86 D_A(fake)=0.14 gnG=40.06 gnD=17.29 it_per_s=9.43
2026-10-03 16:43:23,358 INFO iter=576900 epoch=82 lr=4.75e-05 G=3.520 advA2B=0.614 advB2A=0.772 cycA=0.071 cycB=0.081 idtA=0.049 idtB=0.072 D_A=0.074 D_B=0.121 D_A(real)=0.86 D_A(fake)=0.14 gnG=40.05 gnD=17.29 it_per_s=9.42
2026-10-03 16:43:33,734 INFO iter=577000 epoch=82 lr=4.75e-05 G=3.519 advA2B=0.614 advB2A=0.771 cycA=0.071 cycB=0.081 idtA=0.049 idtB=0.072 D_A=0.074 D_B=0.121 D_A(real)=0.86 D_A(fake)=0.14 gnG=40.04 gnD=17.28 it_per_s=9.43
2026-10-03 16:43:44,310 INFO iter=577100 epoch=82 lr=4.75e-05 G=3.519 advA2B=0.614 advB2A=0.770 cycA=0.072 cycB=0.081 idtA=0.049 idtB=0.072 D_A=0.074 D_B=0.121 D_A(real)=0.86 D_A(fake)=0.14 gnG=40.07 gnD=17.24 it_per_s=9.43
2026-10-03 16:43:45,990 INFO epoch=82 done time_s=746 it_per_s=9.43 G=3.520 cycA=0.072 cycB=0.081 idtA=0.049 idtB=0.072 D_A=0.074 D_B=0.121 D_A(real)=0.86 D_A(fake)=0.14 nan_count=0
2026-10-03 16:43:55,713 INFO iter=577200 epoch=83 lr=4.75e-05 G=3.552 advA2B=0.645 advB2A=0.772 cycA=0.072 cycB=0.081 idtA=0.049 idtB=0.074 D_A=0.077 D_B=0.122 D_A(real)=0.85 D_A(fake)=0.15 gnG=49.60 gnD=17.22 it_per_s=9.34
2026-10-03 16:44:06,175 INFO iter=577300 epoch=83 lr=4.75e-05 G=3.492 advA2B=0.623 advB2A=0.752 cycA=0.073 cycB=0.079 idtA=0.049 idtB=0.071 D_A=0.080 D_B=0.130 D_A(real)=0.84 D_A(fake)=0.16 gnG=44.12 gnD=17.52 it_per_s=9.46
2026-10-03 16:44:16,805 INFO iter=577400 epoch=83 lr=4.74e-05 G=3.526 advA2B=0.635 advB2A=0.769 cycA=0.071 cycB=0.080 idtA=0.049 idtB=0.073 D_A=0.079 D_B=0.125 D_A(real)=0.85 D_A(fake)=0.15 gnG=43.36 gnD=17.02 it_per_s=9.44
2026-10-03 16:44:27,545 INFO iter=577500 epoch=83 lr=4.74e-05 G=3.529 advA2B=0.633 advB2A=0.759 cycA=0.072 cycB=0.081 idtA=0.049 idtB=0.074 D_A=0.077 D_B=0.126 D_A(real)=0.85 D_A(fake)=0.15 gnG=42.03 gnD=17.12 it_per_s=9.41
2026-10-03 16:44:38,193 INFO iter=577600 epoch=83 lr=4.74e-05 G=3.525 advA2B=0.632 advB2A=0.766 cycA=0.072 cycB=0.080 idtA=0.049 idtB=0.073 D_A=0.077 D_B=0.126 D_A(real)=0.85 D_A(fake)=0.15 gnG=41.36 gnD=17.01 it_per_s=9.40
2026-10-03 16:44:48,920 INFO iter=577700 epoch=83 lr=4.74e-05 G=3.493 advA2B=0.619 advB2A=0.763 cycA=0.071 cycB=0.080 idtA=0.049 idtB=0.072 D_A=0.076 D_B=0.125 D_A(real)=0.86 D_A(fake)=0.14 gnG=40.88 gnD=16.98 it_per_s=9.39
2026-10-03 16:44:59,515 INFO iter=577800 epoch=83 lr=4.74e-05 G=3.501 advA2B=0.622 advB2A=0.769 cycA=0.071 cycB=0.080 idtA=0.048 idtB=0.072 D_A=0.075 D_B=0.124 D_A(real)=0.85 D_A(fake)=0.15 gnG=40.79 gnD=17.02 it_per_s=9.40
2026-10-03 16:45:10,292 INFO iter=577900 epoch=83 lr=4.74e-05 G=3.501 advA2B=0.630 advB2A=0.767 cycA=0.071 cycB=0.080 idtA=0.048 idtB=0.072 D_A=0.074 D_B=0.125 D_A(real)=0.86 D_A(fake)=0.14 gnG=41.15 gnD=17.08 it_per_s=9.38
2026-10-03 16:45:21,095 INFO iter=578000 epoch=83 lr=4.73e-05 G=3.507 advA2B=0.631 advB2A=0.771 cycA=0.071 cycB=0.080 idtA=0.048 idtB=0.072 D_A=0.074 D_B=0.124 D_A(real)=0.86 D_A(fake)=0.14 gnG=41.10 gnD=17.03 it_per_s=9.37
2026-10-03 16:45:33,546 INFO iter=578100 epoch=83 lr=4.73e-05 G=3.513 advA2B=0.638 advB2A=0.766 cycA=0.071 cycB=0.080 idtA=0.048 idtB=0.072 D_A=0.073 D_B=0.125 D_A(real)=0.86 D_A(fake)=0.14 gnG=42.69 gnD=17.03 it_per_s=9.21
2026-10-03 16:45:53,473 INFO iter=578200 epoch=83 lr=4.73e-05 G=3.527 advA2B=0.646 advB2A=0.766 cycA=0.071 cycB=0.080 idtA=0.048 idtB=0.072 D_A=0.072 D_B=0.123 D_A(real)=0.86 D_A(fake)=0.14 gnG=42.96 gnD=16.83 it_per_s=8.55
2026-10-03 16:46:14,028 INFO iter=578300 epoch=83 lr=4.73e-05 G=3.530 advA2B=0.644 advB2A=0.768 cycA=0.071 cycB=0.081 idtA=0.048 idtB=0.072 D_A=0.072 D_B=0.123 D_A(real)=0.86 D_A(fake)=0.14 gnG=43.47 gnD=16.79 it_per_s=8.04
2026-10-03 16:46:34,390 INFO iter=578400 epoch=83 lr=4.73e-05 G=3.537 advA2B=0.650 advB2A=0.764 cycA=0.071 cycB=0.081 idtA=0.048 idtB=0.073 D_A=0.072 D_B=0.122 D_A(real)=0.86 D_A(fake)=0.14 gnG=44.61 gnD=16.67 it_per_s=7.66
2026-10-03 16:46:54,857 INFO iter=578500 epoch=83 lr=4.73e-05 G=3.537 advA2B=0.652 advB2A=0.764 cycA=0.071 cycB=0.081 idtA=0.048 idtB=0.072 D_A=0.072 D_B=0.121 D_A(real)=0.86 D_A(fake)=0.14 gnG=44.75 gnD=16.56 it_per_s=7.36
2026-10-03 16:47:15,177 INFO iter=578600 epoch=83 lr=4.72e-05 G=3.549 advA2B=0.660 advB2A=0.763 cycA=0.071 cycB=0.081 idtA=0.048 idtB=0.073 D_A=0.072 D_B=0.120 D_A(real)=0.86 D_A(fake)=0.14 gnG=44.83 gnD=16.44 it_per_s=7.12
2026-10-03 16:47:35,397 INFO iter=578700 epoch=83 lr=4.72e-05 G=3.551 advA2B=0.660 advB2A=0.768 cycA=0.071 cycB=0.081 idtA=0.048 idtB=0.073 D_A=0.072 D_B=0.119 D_A(real)=0.86 D_A(fake)=0.14 gnG=45.15 gnD=16.42 it_per_s=6.93
2026-10-03 16:47:55,537 INFO iter=578800 epoch=83 lr=4.72e-05 G=3.551 advA2B=0.658 advB2A=0.765 cycA=0.071 cycB=0.081 idtA=0.048 idtB=0.073 D_A=0.073 D_B=0.120 D_A(real)=0.86 D_A(fake)=0.14 gnG=45.04 gnD=16.43 it_per_s=6.77
2026-10-03 16:48:15,739 INFO iter=578900 epoch=83 lr=4.72e-05 G=3.549 advA2B=0.658 advB2A=0.763 cycA=0.071 cycB=0.081 idtA=0.048 idtB=0.073 D_A=0.072 D_B=0.119 D_A(real)=0.86 D_A(fake)=0.14 gnG=45.03 gnD=16.44 it_per_s=6.63
2026-10-03 16:48:35,884 INFO iter=579000 epoch=83 lr=4.72e-05 G=3.543 advA2B=0.654 advB2A=0.763 cycA=0.071 cycB=0.081 idtA=0.048 idtB=0.072 D_A=0.072 D_B=0.119 D_A(real)=0.86 D_A(fake)=0.14 gnG=44.76 gnD=16.43 it_per_s=6.52
2026-10-03 16:48:56,042 INFO iter=579100 epoch=83 lr=4.71e-05 G=3.534 advA2B=0.650 advB2A=0.761 cycA=0.071 cycB=0.081 idtA=0.048 idtB=0.072 D_A=0.072 D_B=0.120 D_A(real)=0.86 D_A(fake)=0.14 gnG=44.65 gnD=16.49 it_per_s=6.41
2026-10-03 16:49:16,223 INFO iter=579200 epoch=83 lr=4.71e-05 G=3.533 advA2B=0.647 advB2A=0.761 cycA=0.071 cycB=0.081 idtA=0.048 idtB=0.072 D_A=0.073 D_B=0.120 D_A(real)=0.86 D_A(fake)=0.14 gnG=44.36 gnD=16.50 it_per_s=6.32
2026-10-03 16:49:36,406 INFO iter=579300 epoch=83 lr=4.71e-05 G=3.527 advA2B=0.645 advB2A=0.761 cycA=0.071 cycB=0.081 idtA=0.048 idtB=0.072 D_A=0.072 D_B=0.120 D_A(real)=0.86 D_A(fake)=0.14 gnG=44.05 gnD=16.51 it_per_s=6.25
2026-10-03 16:49:56,551 INFO iter=579400 epoch=83 lr=4.71e-05 G=3.528 advA2B=0.642 advB2A=0.762 cycA=0.071 cycB=0.081 idtA=0.048 idtB=0.072 D_A=0.072 D_B=0.121 D_A(real)=0.86 D_A(fake)=0.14 gnG=43.79 gnD=16.61 it_per_s=6.18
2026-10-03 16:50:16,723 INFO iter=579500 epoch=83 lr=4.71e-05 G=3.526 advA2B=0.642 advB2A=0.761 cycA=0.071 cycB=0.081 idtA=0.048 idtB=0.072 D_A=0.072 D_B=0.121 D_A(real)=0.86 D_A(fake)=0.14 gnG=43.95 gnD=16.62 it_per_s=6.11
2026-10-03 16:50:36,971 INFO iter=579600 epoch=83 lr=4.71e-05 G=3.524 advA2B=0.640 advB2A=0.760 cycA=0.071 cycB=0.081 idtA=0.048 idtB=0.072 D_A=0.072 D_B=0.121 D_A(real)=0.86 D_A(fake)=0.14 gnG=43.64 gnD=16.60 it_per_s=6.05
2026-10-03 16:50:57,130 INFO iter=579700 epoch=83 lr=4.70e-05 G=3.523 advA2B=0.638 advB2A=0.760 cycA=0.071 cycB=0.081 idtA=0.049 idtB=0.072 D_A=0.072 D_B=0.121 D_A(real)=0.86 D_A(fake)=0.14 gnG=43.45 gnD=16.57 it_per_s=6.00
2026-10-03 16:51:17,345 INFO iter=579800 epoch=83 lr=4.70e-05 G=3.516 advA2B=0.635 advB2A=0.757 cycA=0.071 cycB=0.081 idtA=0.048 idtB=0.072 D_A=0.072 D_B=0.121 D_A(real)=0.86 D_A(fake)=0.14 gnG=43.31 gnD=16.59 it_per_s=5.96
2026-10-03 16:51:37,506 INFO iter=579900 epoch=83 lr=4.70e-05 G=3.511 advA2B=0.631 advB2A=0.758 cycA=0.071 cycB=0.081 idtA=0.048 idtB=0.072 D_A=0.072 D_B=0.121 D_A(real)=0.86 D_A(fake)=0.14 gnG=43.12 gnD=16.62 it_per_s=5.91
2026-10-03 16:51:57,662 INFO iter=580000 epoch=83 lr=4.70e-05 G=3.512 advA2B=0.630 advB2A=0.759 cycA=0.071 cycB=0.081 idtA=0.048 idtB=0.072 D_A=0.072 D_B=0.121 D_A(real)=0.86 D_A(fake)=0.14 gnG=42.94 gnD=16.63 it_per_s=5.87
2026-10-03 16:52:17,841 INFO iter=580100 epoch=83 lr=4.70e-05 G=3.510 advA2B=0.630 advB2A=0.758 cycA=0.071 cycB=0.081 idtA=0.048 idtB=0.072 D_A=0.073 D_B=0.122 D_A(real)=0.86 D_A(fake)=0.14 gnG=42.91 gnD=16.65 it_per_s=5.84
2026-10-03 16:52:38,025 INFO iter=580200 epoch=83 lr=4.70e-05 G=3.513 advA2B=0.630 advB2A=0.760 cycA=0.071 cycB=0.081 idtA=0.048 idtB=0.072 D_A=0.073 D_B=0.121 D_A(real)=0.86 D_A(fake)=0.14 gnG=42.89 gnD=16.59 it_per_s=5.80
2026-10-03 16:52:58,256 INFO iter=580300 epoch=83 lr=4.69e-05 G=3.516 advA2B=0.631 advB2A=0.760 cycA=0.071 cycB=0.081 idtA=0.048 idtB=0.072 D_A=0.073 D_B=0.121 D_A(real)=0.86 D_A(fake)=0.14 gnG=42.89 gnD=16.58 it_per_s=5.77
2026-10-03 16:53:18,422 INFO iter=580400 epoch=83 lr=4.69e-05 G=3.514 advA2B=0.631 advB2A=0.760 cycA=0.071 cycB=0.081 idtA=0.048 idtB=0.072 D_A=0.073 D_B=0.121 D_A(real)=0.86 D_A(fake)=0.14 gnG=42.71 gnD=16.58 it_per_s=5.74
2026-10-03 16:53:38,592 INFO iter=580500 epoch=83 lr=4.69e-05 G=3.513 advA2B=0.629 advB2A=0.760 cycA=0.071 cycB=0.081 idtA=0.048 idtB=0.072 D_A=0.073 D_B=0.121 D_A(real)=0.86 D_A(fake)=0.14 gnG=42.67 gnD=16.59 it_per_s=5.72
2026-10-03 16:53:58,733 INFO iter=580600 epoch=83 lr=4.69e-05 G=3.516 advA2B=0.630 advB2A=0.760 cycA=0.072 cycB=0.081 idtA=0.049 idtB=0.072 D_A=0.073 D_B=0.121 D_A(real)=0.86 D_A(fake)=0.14 gnG=42.74 gnD=16.59 it_per_s=5.69
2026-10-03 16:54:18,916 INFO iter=580700 epoch=83 lr=4.69e-05 G=3.515 advA2B=0.628 advB2A=0.762 cycA=0.072 cycB=0.081 idtA=0.049 idtB=0.072 D_A=0.073 D_B=0.121 D_A(real)=0.86 D_A(fake)=0.14 gnG=42.66 gnD=16.62 it_per_s=5.67
2026-10-03 16:54:39,028 INFO iter=580800 epoch=83 lr=4.68e-05 G=3.514 advA2B=0.627 advB2A=0.761 cycA=0.072 cycB=0.081 idtA=0.049 idtB=0.072 D_A=0.073 D_B=0.121 D_A(real)=0.86 D_A(fake)=0.14 gnG=42.53 gnD=16.64 it_per_s=5.65
2026-10-03 16:54:59,154 INFO iter=580900 epoch=83 lr=4.68e-05 G=3.514 advA2B=0.626 advB2A=0.762 cycA=0.072 cycB=0.081 idtA=0.049 idtB=0.072 D_A=0.073 D_B=0.122 D_A(real)=0.86 D_A(fake)=0.14 gnG=42.62 gnD=16.66 it_per_s=5.63
2026-10-03 16:55:19,317 INFO iter=581000 epoch=83 lr=4.68e-05 G=3.512 advA2B=0.626 advB2A=0.762 cycA=0.072 cycB=0.081 idtA=0.049 idtB=0.072 D_A=0.073 D_B=0.122 D_A(real)=0.86 D_A(fake)=0.14 gnG=42.45 gnD=16.67 it_per_s=5.61
2026-10-03 16:55:39,452 INFO iter=581100 epoch=83 lr=4.68e-05 G=3.509 advA2B=0.625 advB2A=0.761 cycA=0.071 cycB=0.081 idtA=0.049 idtB=0.072 D_A=0.073 D_B=0.121 D_A(real)=0.86 D_A(fake)=0.14 gnG=42.39 gnD=16.65 it_per_s=5.59
2026-10-03 16:55:59,607 INFO iter=581200 epoch=83 lr=4.68e-05 G=3.510 advA2B=0.625 advB2A=0.762 cycA=0.072 cycB=0.081 idtA=0.049 idtB=0.072 D_A=0.073 D_B=0.121 D_A(real)=0.86 D_A(fake)=0.14 gnG=42.28 gnD=16.63 it_per_s=5.57
2026-10-03 16:56:19,757 INFO iter=581300 epoch=83 lr=4.68e-05 G=3.511 advA2B=0.625 advB2A=0.763 cycA=0.071 cycB=0.081 idtA=0.049 idtB=0.072 D_A=0.073 D_B=0.121 D_A(real)=0.86 D_A(fake)=0.14 gnG=42.23 gnD=16.62 it_per_s=5.56
2026-10-03 16:56:39,969 INFO iter=581400 epoch=83 lr=4.67e-05 G=3.511 advA2B=0.625 advB2A=0.763 cycA=0.071 cycB=0.081 idtA=0.049 idtB=0.072 D_A=0.073 D_B=0.121 D_A(real)=0.86 D_A(fake)=0.14 gnG=42.25 gnD=16.63 it_per_s=5.54
2026-10-03 16:57:00,133 INFO iter=581500 epoch=83 lr=4.67e-05 G=3.510 advA2B=0.625 advB2A=0.762 cycA=0.071 cycB=0.081 idtA=0.049 idtB=0.072 D_A=0.073 D_B=0.121 D_A(real)=0.86 D_A(fake)=0.14 gnG=42.07 gnD=16.63 it_per_s=5.53
2026-10-03 16:57:20,339 INFO iter=581600 epoch=83 lr=4.67e-05 G=3.508 advA2B=0.624 advB2A=0.762 cycA=0.071 cycB=0.081 idtA=0.049 idtB=0.072 D_A=0.073 D_B=0.121 D_A(real)=0.86 D_A(fake)=0.14 gnG=42.01 gnD=16.64 it_per_s=5.51
2026-10-03 16:57:40,468 INFO iter=581700 epoch=83 lr=4.67e-05 G=3.507 advA2B=0.623 advB2A=0.762 cycA=0.071 cycB=0.081 idtA=0.049 idtB=0.071 D_A=0.073 D_B=0.122 D_A(real)=0.86 D_A(fake)=0.14 gnG=41.85 gnD=16.63 it_per_s=5.50
2026-10-03 16:58:00,599 INFO iter=581800 epoch=83 lr=4.67e-05 G=3.507 advA2B=0.622 advB2A=0.762 cycA=0.071 cycB=0.081 idtA=0.049 idtB=0.072 D_A=0.074 D_B=0.121 D_A(real)=0.86 D_A(fake)=0.14 gnG=41.74 gnD=16.62 it_per_s=5.49
2026-10-03 16:58:20,768 INFO iter=581900 epoch=83 lr=4.67e-05 G=3.507 advA2B=0.622 advB2A=0.761 cycA=0.071 cycB=0.081 idtA=0.049 idtB=0.072 D_A=0.073 D_B=0.121 D_A(real)=0.86 D_A(fake)=0.14 gnG=41.68 gnD=16.59 it_per_s=5.47
2026-10-03 16:58:40,884 INFO iter=582000 epoch=83 lr=4.66e-05 G=3.506 advA2B=0.621 advB2A=0.761 cycA=0.071 cycB=0.081 idtA=0.049 idtB=0.072 D_A=0.073 D_B=0.121 D_A(real)=0.86 D_A(fake)=0.14 gnG=41.68 gnD=16.58 it_per_s=5.46
2026-10-03 16:59:01,032 INFO iter=582100 epoch=83 lr=4.66e-05 G=3.508 advA2B=0.620 advB2A=0.761 cycA=0.071 cycB=0.081 idtA=0.049 idtB=0.072 D_A=0.073 D_B=0.121 D_A(real)=0.86 D_A(fake)=0.14 gnG=41.64 gnD=16.58 it_per_s=5.45
2026-10-03 16:59:21,201 INFO iter=582200 epoch=83 lr=4.66e-05 G=3.507 advA2B=0.620 advB2A=0.762 cycA=0.071 cycB=0.081 idtA=0.049 idtB=0.072 D_A=0.073 D_B=0.121 D_A(real)=0.86 D_A(fake)=0.14 gnG=41.70 gnD=16.58 it_per_s=5.44
2026-10-03 16:59:41,345 INFO iter=582300 epoch=83 lr=4.66e-05 G=3.505 advA2B=0.620 advB2A=0.762 cycA=0.071 cycB=0.081 idtA=0.049 idtB=0.072 D_A=0.073 D_B=0.121 D_A(real)=0.86 D_A(fake)=0.14 gnG=41.70 gnD=16.56 it_per_s=5.43
2026-10-03 17:00:01,524 INFO iter=582400 epoch=83 lr=4.66e-05 G=3.505 advA2B=0.620 advB2A=0.761 cycA=0.071 cycB=0.081 idtA=0.049 idtB=0.072 D_A=0.073 D_B=0.121 D_A(real)=0.86 D_A(fake)=0.14 gnG=41.66 gnD=16.58 it_per_s=5.42
2026-10-03 17:00:21,778 INFO iter=582500 epoch=83 lr=4.65e-05 G=3.503 advA2B=0.619 advB2A=0.761 cycA=0.071 cycB=0.081 idtA=0.049 idtB=0.072 D_A=0.073 D_B=0.121 D_A(real)=0.86 D_A(fake)=0.14 gnG=41.64 gnD=16.59 it_per_s=5.41
2026-10-03 17:00:41,955 INFO iter=582600 epoch=83 lr=4.65e-05 G=3.503 advA2B=0.619 advB2A=0.761 cycA=0.071 cycB=0.081 idtA=0.049 idtB=0.072 D_A=0.073 D_B=0.122 D_A(real)=0.86 D_A(fake)=0.14 gnG=41.68 gnD=16.61 it_per_s=5.40
2026-10-03 17:01:02,174 INFO iter=582700 epoch=83 lr=4.65e-05 G=3.502 advA2B=0.619 advB2A=0.760 cycA=0.071 cycB=0.081 idtA=0.049 idtB=0.072 D_A=0.073 D_B=0.122 D_A(real)=0.86 D_A(fake)=0.14 gnG=41.68 gnD=16.61 it_per_s=5.39
2026-10-03 17:01:22,299 INFO iter=582800 epoch=83 lr=4.65e-05 G=3.503 advA2B=0.620 advB2A=0.760 cycA=0.071 cycB=0.081 idtA=0.049 idtB=0.072 D_A=0.073 D_B=0.122 D_A(real)=0.86 D_A(fake)=0.14 gnG=41.70 gnD=16.59 it_per_s=5.38
2026-10-03 17:01:42,460 INFO iter=582900 epoch=83 lr=4.65e-05 G=3.504 advA2B=0.619 advB2A=0.761 cycA=0.071 cycB=0.081 idtA=0.049 idtB=0.072 D_A=0.073 D_B=0.122 D_A(real)=0.86 D_A(fake)=0.14 gnG=41.62 gnD=16.60 it_per_s=5.38
2026-10-03 17:02:02,651 INFO iter=583000 epoch=83 lr=4.65e-05 G=3.503 advA2B=0.619 advB2A=0.761 cycA=0.071 cycB=0.081 idtA=0.049 idtB=0.072 D_A=0.073 D_B=0.122 D_A(real)=0.86 D_A(fake)=0.14 gnG=41.58 gnD=16.61 it_per_s=5.37
2026-10-03 17:02:22,793 INFO iter=583100 epoch=83 lr=4.64e-05 G=3.503 advA2B=0.618 advB2A=0.762 cycA=0.071 cycB=0.081 idtA=0.049 idtB=0.072 D_A=0.073 D_B=0.122 D_A(real)=0.86 D_A(fake)=0.14 gnG=41.53 gnD=16.63 it_per_s=5.36
2026-10-03 17:02:42,926 INFO iter=583200 epoch=83 lr=4.64e-05 G=3.505 advA2B=0.618 advB2A=0.763 cycA=0.071 cycB=0.081 idtA=0.049 idtB=0.072 D_A=0.073 D_B=0.122 D_A(real)=0.86 D_A(fake)=0.14 gnG=41.46 gnD=16.65 it_per_s=5.35
2026-10-03 17:03:03,042 INFO iter=583300 epoch=83 lr=4.64e-05 G=3.506 advA2B=0.618 advB2A=0.763 cycA=0.071 cycB=0.081 idtA=0.049 idtB=0.072 D_A=0.073 D_B=0.122 D_A(real)=0.86 D_A(fake)=0.14 gnG=41.44 gnD=16.65 it_per_s=5.35
2026-10-03 17:03:23,168 INFO iter=583400 epoch=83 lr=4.64e-05 G=3.506 advA2B=0.618 advB2A=0.764 cycA=0.071 cycB=0.081 idtA=0.049 idtB=0.072 D_A=0.073 D_B=0.123 D_A(real)=0.86 D_A(fake)=0.14 gnG=41.40 gnD=16.64 it_per_s=5.34
2026-10-03 17:03:43,353 INFO iter=583500 epoch=83 lr=4.64e-05 G=3.508 advA2B=0.618 advB2A=0.765 cycA=0.071 cycB=0.081 idtA=0.049 idtB=0.072 D_A=0.073 D_B=0.122 D_A(real)=0.86 D_A(fake)=0.14 gnG=41.38 gnD=16.64 it_per_s=5.33
2026-10-03 17:04:03,555 INFO iter=583600 epoch=83 lr=4.63e-05 G=3.507 advA2B=0.618 advB2A=0.765 cycA=0.071 cycB=0.081 idtA=0.049 idtB=0.072 D_A=0.073 D_B=0.122 D_A(real)=0.86 D_A(fake)=0.14 gnG=41.32 gnD=16.65 it_per_s=5.33
2026-10-03 17:04:23,718 INFO iter=583700 epoch=83 lr=4.63e-05 G=3.507 advA2B=0.617 advB2A=0.764 cycA=0.071 cycB=0.081 idtA=0.049 idtB=0.072 D_A=0.073 D_B=0.122 D_A(real)=0.86 D_A(fake)=0.14 gnG=41.28 gnD=16.66 it_per_s=5.32
2026-10-03 17:04:43,895 INFO iter=583800 epoch=83 lr=4.63e-05 G=3.508 advA2B=0.617 advB2A=0.764 cycA=0.071 cycB=0.081 idtA=0.049 idtB=0.072 D_A=0.073 D_B=0.122 D_A(real)=0.86 D_A(fake)=0.14 gnG=41.34 gnD=16.65 it_per_s=5.32
2026-10-03 17:05:04,047 INFO iter=583900 epoch=83 lr=4.63e-05 G=3.508 advA2B=0.617 advB2A=0.764 cycA=0.071 cycB=0.081 idtA=0.049 idtB=0.072 D_A=0.073 D_B=0.122 D_A(real)=0.86 D_A(fake)=0.14 gnG=41.35 gnD=16.67 it_per_s=5.31
2026-10-03 17:05:24,221 INFO iter=584000 epoch=83 lr=4.63e-05 G=3.506 advA2B=0.617 advB2A=0.764 cycA=0.071 cycB=0.081 idtA=0.049 idtB=0.072 D_A=0.073 D_B=0.122 D_A(real)=0.86 D_A(fake)=0.14 gnG=41.34 gnD=16.68 it_per_s=5.31
2026-10-03 17:05:44,355 INFO iter=584100 epoch=83 lr=4.63e-05 G=3.507 advA2B=0.617 advB2A=0.765 cycA=0.071 cycB=0.081 idtA=0.049 idtB=0.072 D_A=0.073 D_B=0.122 D_A(real)=0.86 D_A(fake)=0.14 gnG=41.32 gnD=16.68 it_per_s=5.30
2026-10-03 17:05:55,248 INFO epoch=83 done time_s=1329 it_per_s=5.30 G=3.507 cycA=0.071 cycB=0.081 idtA=0.049 idtB=0.072 D_A=0.073 D_B=0.123 D_A(real)=0.86 D_A(fake)=0.14 nan_count=0
2026-10-03 17:06:05,290 INFO iter=584200 epoch=84 lr=4.62e-05 G=3.526 advA2B=0.580 advB2A=0.853 cycA=0.067 cycB=0.082 idtA=0.045 idtB=0.076 D_A=0.069 D_B=0.128 D_A(real)=0.87 D_A(fake)=0.14 gnG=36.27 gnD=17.35 it_per_s=4.98
2026-10-03 17:06:25,381 INFO iter=584300 epoch=84 lr=4.62e-05 G=3.557 advA2B=0.629 advB2A=0.808 cycA=0.070 cycB=0.082 idtA=0.047 idtB=0.073 D_A=0.069 D_B=0.128 D_A(real)=0.87 D_A(fake)=0.13 gnG=38.71 gnD=16.79 it_per_s=4.98
2026-10-03 17:06:45,561 INFO iter=584400 epoch=84 lr=4.62e-05 G=3.533 advA2B=0.645 advB2A=0.788 cycA=0.070 cycB=0.080 idtA=0.048 idtB=0.072 D_A=0.072 D_B=0.126 D_A(real)=0.87 D_A(fake)=0.13 gnG=38.72 gnD=16.74 it_per_s=4.97
2026-10-03 17:07:05,706 INFO iter=584500 epoch=84 lr=4.62e-05 G=3.504 advA2B=0.629 advB2A=0.783 cycA=0.071 cycB=0.079 idtA=0.048 idtB=0.071 D_A=0.071 D_B=0.128 D_A(real)=0.87 D_A(fake)=0.13 gnG=39.12 gnD=16.87 it_per_s=4.97
2026-10-03 17:07:25,857 INFO iter=584600 epoch=84 lr=4.62e-05 G=3.483 advA2B=0.621 advB2A=0.775 cycA=0.070 cycB=0.079 idtA=0.048 idtB=0.071 D_A=0.070 D_B=0.125 D_A(real)=0.87 D_A(fake)=0.14 gnG=38.71 gnD=16.60 it_per_s=4.97
2026-10-03 17:07:46,049 INFO iter=584700 epoch=84 lr=4.62e-05 G=3.487 advA2B=0.616 advB2A=0.770 cycA=0.070 cycB=0.080 idtA=0.048 idtB=0.071 D_A=0.070 D_B=0.127 D_A(real)=0.87 D_A(fake)=0.13 gnG=38.70 gnD=16.77 it_per_s=4.96
2026-10-03 17:08:06,169 INFO iter=584800 epoch=84 lr=4.61e-05 G=3.484 advA2B=0.610 advB2A=0.769 cycA=0.070 cycB=0.081 idtA=0.048 idtB=0.071 D_A=0.070 D_B=0.123 D_A(real)=0.87 D_A(fake)=0.13 gnG=39.12 gnD=16.57 it_per_s=4.96
2026-10-03 17:08:26,309 INFO iter=584900 epoch=84 lr=4.61e-05 G=3.485 advA2B=0.609 advB2A=0.771 cycA=0.070 cycB=0.081 idtA=0.048 idtB=0.071 D_A=0.069 D_B=0.124 D_A(real)=0.87 D_A(fake)=0.13 gnG=39.68 gnD=16.59 it_per_s=4.96
2026-10-03 17:08:46,442 INFO iter=585000 epoch=84 lr=4.61e-05 G=3.497 advA2B=0.614 advB2A=0.772 cycA=0.070 cycB=0.081 idtA=0.048 idtB=0.072 D_A=0.070 D_B=0.124 D_A(real)=0.87 D_A(fake)=0.13 gnG=39.71 gnD=16.69 it_per_s=4.97
2026-10-03 17:09:06,592 INFO iter=585100 epoch=84 lr=4.61e-05 G=3.499 advA2B=0.618 advB2A=0.773 cycA=0.070 cycB=0.081 idtA=0.048 idtB=0.072 D_A=0.071 D_B=0.124 D_A(real)=0.86 D_A(fake)=0.13 gnG=40.29 gnD=16.74 it_per_s=4.96
2026-10-03 17:09:26,726 INFO iter=585200 epoch=84 lr=4.61e-05 G=3.497 advA2B=0.617 advB2A=0.774 cycA=0.071 cycB=0.080 idtA=0.048 idtB=0.072 D_A=0.071 D_B=0.125 D_A(real)=0.86 D_A(fake)=0.14 gnG=40.19 gnD=16.76 it_per_s=4.97
2026-10-03 17:09:44,509 INFO iter=585300 epoch=84 lr=4.60e-05 G=3.494 advA2B=0.618 advB2A=0.772 cycA=0.071 cycB=0.080 idtA=0.048 idtB=0.071 D_A=0.072 D_B=0.124 D_A(real)=0.86 D_A(fake)=0.14 gnG=40.14 gnD=16.75 it_per_s=5.02
2026-10-03 17:10:04,057 INFO iter=585400 epoch=84 lr=4.60e-05 G=3.508 advA2B=0.624 advB2A=0.777 cycA=0.071 cycB=0.080 idtA=0.048 idtB=0.071 D_A=0.072 D_B=0.124 D_A(real)=0.86 D_A(fake)=0.14 gnG=40.40 gnD=16.72 it_per_s=5.02
2026-10-03 17:10:23,589 INFO iter=585500 epoch=84 lr=4.60e-05 G=3.514 advA2B=0.625 advB2A=0.778 cycA=0.071 cycB=0.080 idtA=0.049 idtB=0.071 D_A=0.072 D_B=0.124 D_A(real)=0.86 D_A(fake)=0.14 gnG=40.35 gnD=16.75 it_per_s=5.03
2026-10-03 17:10:43,075 INFO iter=585600 epoch=84 lr=4.60e-05 G=3.509 advA2B=0.621 advB2A=0.777 cycA=0.071 cycB=0.080 idtA=0.048 idtB=0.071 D_A=0.073 D_B=0.125 D_A(real)=0.86 D_A(fake)=0.14 gnG=40.19 gnD=16.78 it_per_s=5.04
2026-10-03 17:11:03,149 INFO iter=585700 epoch=84 lr=4.60e-05 G=3.509 advA2B=0.618 advB2A=0.778 cycA=0.071 cycB=0.081 idtA=0.048 idtB=0.071 D_A=0.073 D_B=0.124 D_A(real)=0.86 D_A(fake)=0.14 gnG=40.21 gnD=16.72 it_per_s=5.03
2026-10-03 17:11:23,294 INFO iter=585800 epoch=84 lr=4.60e-05 G=3.508 advA2B=0.617 advB2A=0.779 cycA=0.071 cycB=0.081 idtA=0.048 idtB=0.071 D_A=0.072 D_B=0.123 D_A(real)=0.86 D_A(fake)=0.14 gnG=40.37 gnD=16.67 it_per_s=5.03
2026-10-03 17:11:43,559 INFO iter=585900 epoch=84 lr=4.59e-05 G=3.509 advA2B=0.619 advB2A=0.781 cycA=0.071 cycB=0.080 idtA=0.048 idtB=0.071 D_A=0.073 D_B=0.124 D_A(real)=0.86 D_A(fake)=0.14 gnG=40.44 gnD=16.71 it_per_s=5.02
2026-10-03 17:12:03,778 INFO iter=586000 epoch=84 lr=4.59e-05 G=3.510 advA2B=0.617 advB2A=0.782 cycA=0.071 cycB=0.080 idtA=0.048 idtB=0.071 D_A=0.073 D_B=0.124 D_A(real)=0.86 D_A(fake)=0.14 gnG=40.45 gnD=16.66 it_per_s=5.02
2026-10-03 17:12:23,959 INFO iter=586100 epoch=84 lr=4.59e-05 G=3.512 advA2B=0.622 advB2A=0.781 cycA=0.071 cycB=0.080 idtA=0.048 idtB=0.071 D_A=0.073 D_B=0.123 D_A(real)=0.86 D_A(fake)=0.14 gnG=40.66 gnD=16.64 it_per_s=5.02
2026-10-03 17:12:44,076 INFO iter=586200 epoch=84 lr=4.59e-05 G=3.513 advA2B=0.622 advB2A=0.784 cycA=0.071 cycB=0.080 idtA=0.048 idtB=0.071 D_A=0.072 D_B=0.122 D_A(real)=0.86 D_A(fake)=0.14 gnG=40.66 gnD=16.54 it_per_s=5.01
2026-10-03 17:13:04,198 INFO iter=586300 epoch=84 lr=4.59e-05 G=3.515 advA2B=0.622 advB2A=0.786 cycA=0.071 cycB=0.080 idtA=0.048 idtB=0.071 D_A=0.072 D_B=0.122 D_A(real)=0.86 D_A(fake)=0.14 gnG=40.70 gnD=16.51 it_per_s=5.01
2026-10-03 17:13:24,340 INFO iter=586400 epoch=84 lr=4.59e-05 G=3.517 advA2B=0.622 advB2A=0.786 cycA=0.071 cycB=0.080 idtA=0.048 idtB=0.071 D_A=0.072 D_B=0.122 D_A(real)=0.86 D_A(fake)=0.14 gnG=40.79 gnD=16.54 it_per_s=5.01
2026-10-03 17:13:44,478 INFO iter=586500 epoch=84 lr=4.58e-05 G=3.520 advA2B=0.620 advB2A=0.784 cycA=0.071 cycB=0.081 idtA=0.048 idtB=0.071 D_A=0.072 D_B=0.122 D_A(real)=0.86 D_A(fake)=0.14 gnG=40.66 gnD=16.54 it_per_s=5.01
2026-10-03 17:14:04,613 INFO iter=586600 epoch=84 lr=4.58e-05 G=3.520 advA2B=0.620 advB2A=0.784 cycA=0.071 cycB=0.081 idtA=0.049 idtB=0.071 D_A=0.073 D_B=0.122 D_A(real)=0.86 D_A(fake)=0.14 gnG=40.63 gnD=16.57 it_per_s=5.01
2026-10-03 17:14:24,762 INFO iter=586700 epoch=84 lr=4.58e-05 G=3.519 advA2B=0.621 advB2A=0.783 cycA=0.071 cycB=0.081 idtA=0.048 idtB=0.071 D_A=0.072 D_B=0.122 D_A(real)=0.86 D_A(fake)=0.14 gnG=40.72 gnD=16.57 it_per_s=5.00
2026-10-03 17:14:44,933 INFO iter=586800 epoch=84 lr=4.58e-05 G=3.519 advA2B=0.620 advB2A=0.782 cycA=0.071 cycB=0.080 idtA=0.049 idtB=0.071 D_A=0.072 D_B=0.121 D_A(real)=0.86 D_A(fake)=0.14 gnG=40.68 gnD=16.54 it_per_s=5.00
2026-10-03 17:15:05,050 INFO iter=586900 epoch=84 lr=4.58e-05 G=3.515 advA2B=0.619 advB2A=0.781 cycA=0.071 cycB=0.080 idtA=0.049 idtB=0.071 D_A=0.073 D_B=0.121 D_A(real)=0.86 D_A(fake)=0.14 gnG=40.75 gnD=16.59 it_per_s=5.00
2026-10-03 17:15:25,179 INFO iter=587000 epoch=84 lr=4.57e-05 G=3.513 advA2B=0.619 advB2A=0.780 cycA=0.071 cycB=0.080 idtA=0.049 idtB=0.071 D_A=0.073 D_B=0.122 D_A(real)=0.86 D_A(fake)=0.14 gnG=40.70 gnD=16.61 it_per_s=5.00
2026-10-03 17:15:45,330 INFO iter=587100 epoch=84 lr=4.57e-05 G=3.511 advA2B=0.618 advB2A=0.780 cycA=0.071 cycB=0.080 idtA=0.048 idtB=0.071 D_A=0.073 D_B=0.122 D_A(real)=0.86 D_A(fake)=0.14 gnG=40.48 gnD=16.60 it_per_s=5.00
2026-10-03 17:16:05,485 INFO iter=587200 epoch=84 lr=4.57e-05 G=3.510 advA2B=0.620 advB2A=0.780 cycA=0.071 cycB=0.080 idtA=0.048 idtB=0.071 D_A=0.072 D_B=0.122 D_A(real)=0.86 D_A(fake)=0.14 gnG=40.59 gnD=16.56 it_per_s=5.00
2026-10-03 17:16:25,619 INFO iter=587300 epoch=84 lr=4.57e-05 G=3.511 advA2B=0.619 advB2A=0.781 cycA=0.071 cycB=0.080 idtA=0.048 idtB=0.071 D_A=0.072 D_B=0.121 D_A(real)=0.86 D_A(fake)=0.14 gnG=40.68 gnD=16.58 it_per_s=5.00
2026-10-03 17:16:45,719 INFO iter=587400 epoch=84 lr=4.57e-05 G=3.510 advA2B=0.617 advB2A=0.781 cycA=0.071 cycB=0.080 idtA=0.048 idtB=0.071 D_A=0.072 D_B=0.122 D_A(real)=0.86 D_A(fake)=0.14 gnG=40.54 gnD=16.62 it_per_s=5.00
2026-10-03 17:17:05,863 INFO iter=587500 epoch=84 lr=4.57e-05 G=3.508 advA2B=0.617 advB2A=0.779 cycA=0.071 cycB=0.080 idtA=0.048 idtB=0.071 D_A=0.072 D_B=0.122 D_A(real)=0.86 D_A(fake)=0.14 gnG=40.50 gnD=16.69 it_per_s=5.00
2026-10-03 17:17:25,964 INFO iter=587600 epoch=84 lr=4.56e-05 G=3.510 advA2B=0.617 advB2A=0.779 cycA=0.071 cycB=0.081 idtA=0.048 idtB=0.071 D_A=0.072 D_B=0.123 D_A(real)=0.86 D_A(fake)=0.14 gnG=40.58 gnD=16.70 it_per_s=4.99
2026-10-03 17:17:46,099 INFO iter=587700 epoch=84 lr=4.56e-05 G=3.512 advA2B=0.618 advB2A=0.779 cycA=0.071 cycB=0.081 idtA=0.048 idtB=0.071 D_A=0.072 D_B=0.123 D_A(real)=0.86 D_A(fake)=0.14 gnG=40.61 gnD=16.71 it_per_s=4.99
2026-10-03 17:18:06,244 INFO iter=587800 epoch=84 lr=4.56e-05 G=3.513 advA2B=0.618 advB2A=0.779 cycA=0.071 cycB=0.081 idtA=0.048 idtB=0.071 D_A=0.072 D_B=0.123 D_A(real)=0.86 D_A(fake)=0.14 gnG=40.59 gnD=16.73 it_per_s=4.99
2026-10-03 17:18:26,381 INFO iter=587900 epoch=84 lr=4.56e-05 G=3.509 advA2B=0.618 advB2A=0.778 cycA=0.071 cycB=0.080 idtA=0.048 idtB=0.071 D_A=0.073 D_B=0.123 D_A(real)=0.86 D_A(fake)=0.14 gnG=40.58 gnD=16.72 it_per_s=4.99
2026-10-03 17:18:46,470 INFO iter=588000 epoch=84 lr=4.56e-05 G=3.511 advA2B=0.618 advB2A=0.779 cycA=0.071 cycB=0.080 idtA=0.048 idtB=0.071 D_A=0.072 D_B=0.122 D_A(real)=0.86 D_A(fake)=0.14 gnG=40.58 gnD=16.69 it_per_s=4.99
2026-10-03 17:19:06,677 INFO iter=588100 epoch=84 lr=4.55e-05 G=3.510 advA2B=0.618 advB2A=0.779 cycA=0.071 cycB=0.080 idtA=0.048 idtB=0.071 D_A=0.073 D_B=0.123 D_A(real)=0.86 D_A(fake)=0.14 gnG=40.53 gnD=16.72 it_per_s=4.99
2026-10-03 17:19:26,847 INFO iter=588200 epoch=84 lr=4.55e-05 G=3.511 advA2B=0.617 advB2A=0.779 cycA=0.071 cycB=0.081 idtA=0.048 idtB=0.071 D_A=0.073 D_B=0.123 D_A(real)=0.86 D_A(fake)=0.14 gnG=40.50 gnD=16.71 it_per_s=4.99
2026-10-03 17:19:46,953 INFO iter=588300 epoch=84 lr=4.55e-05 G=3.509 advA2B=0.616 advB2A=0.778 cycA=0.071 cycB=0.081 idtA=0.048 idtB=0.071 D_A=0.073 D_B=0.123 D_A(real)=0.86 D_A(fake)=0.14 gnG=40.49 gnD=16.71 it_per_s=4.99
2026-10-03 17:20:07,098 INFO iter=588400 epoch=84 lr=4.55e-05 G=3.509 advA2B=0.616 advB2A=0.779 cycA=0.071 cycB=0.081 idtA=0.048 idtB=0.071 D_A=0.072 D_B=0.123 D_A(real)=0.86 D_A(fake)=0.14 gnG=40.39 gnD=16.69 it_per_s=4.99
2026-10-03 17:20:27,281 INFO iter=588500 epoch=84 lr=4.55e-05 G=3.510 advA2B=0.616 advB2A=0.779 cycA=0.071 cycB=0.081 idtA=0.048 idtB=0.071 D_A=0.072 D_B=0.123 D_A(real)=0.86 D_A(fake)=0.14 gnG=40.46 gnD=16.72 it_per_s=4.99
2026-10-03 17:20:47,400 INFO iter=588600 epoch=84 lr=4.55e-05 G=3.513 advA2B=0.618 advB2A=0.779 cycA=0.071 cycB=0.081 idtA=0.048 idtB=0.071 D_A=0.072 D_B=0.123 D_A(real)=0.86 D_A(fake)=0.14 gnG=40.48 gnD=16.71 it_per_s=4.99
2026-10-03 17:21:07,548 INFO iter=588700 epoch=84 lr=4.54e-05 G=3.515 advA2B=0.618 advB2A=0.779 cycA=0.071 cycB=0.081 idtA=0.048 idtB=0.071 D_A=0.072 D_B=0.122 D_A(real)=0.86 D_A(fake)=0.14 gnG=40.48 gnD=16.68 it_per_s=4.99
2026-10-03 17:21:27,686 INFO iter=588800 epoch=84 lr=4.54e-05 G=3.513 advA2B=0.617 advB2A=0.779 cycA=0.071 cycB=0.081 idtA=0.048 idtB=0.072 D_A=0.073 D_B=0.123 D_A(real)=0.86 D_A(fake)=0.14 gnG=40.46 gnD=16.70 it_per_s=4.99
2026-10-03 17:21:47,808 INFO iter=588900 epoch=84 lr=4.54e-05 G=3.514 advA2B=0.617 advB2A=0.779 cycA=0.071 cycB=0.081 idtA=0.048 idtB=0.071 D_A=0.073 D_B=0.122 D_A(real)=0.86 D_A(fake)=0.14 gnG=40.50 gnD=16.69 it_per_s=4.99
2026-10-03 17:22:07,914 INFO iter=589000 epoch=84 lr=4.54e-05 G=3.514 advA2B=0.617 advB2A=0.779 cycA=0.071 cycB=0.081 idtA=0.048 idtB=0.071 D_A=0.073 D_B=0.123 D_A(real)=0.86 D_A(fake)=0.14 gnG=40.47 gnD=16.70 it_per_s=4.99
2026-10-03 17:22:28,024 INFO iter=589100 epoch=84 lr=4.54e-05 G=3.513 advA2B=0.617 advB2A=0.778 cycA=0.071 cycB=0.081 idtA=0.048 idtB=0.071 D_A=0.073 D_B=0.123 D_A(real)=0.86 D_A(fake)=0.14 gnG=40.42 gnD=16.71 it_per_s=4.99
2026-10-03 17:22:48,195 INFO iter=589200 epoch=84 lr=4.54e-05 G=3.512 advA2B=0.617 advB2A=0.778 cycA=0.071 cycB=0.081 idtA=0.048 idtB=0.071 D_A=0.073 D_B=0.123 D_A(real)=0.86 D_A(fake)=0.14 gnG=40.49 gnD=16.72 it_per_s=4.99
2026-10-03 17:23:08,294 INFO iter=589300 epoch=84 lr=4.53e-05 G=3.514 advA2B=0.618 advB2A=0.778 cycA=0.071 cycB=0.081 idtA=0.048 idtB=0.071 D_A=0.073 D_B=0.123 D_A(real)=0.86 D_A(fake)=0.14 gnG=40.47 gnD=16.71 it_per_s=4.99
2026-10-03 17:23:28,441 INFO iter=589400 epoch=84 lr=4.53e-05 G=3.513 advA2B=0.617 advB2A=0.778 cycA=0.071 cycB=0.081 idtA=0.048 idtB=0.071 D_A=0.073 D_B=0.123 D_A(real)=0.86 D_A(fake)=0.14 gnG=40.44 gnD=16.72 it_per_s=4.98
2026-10-03 17:23:48,550 INFO iter=589500 epoch=84 lr=4.53e-05 G=3.511 advA2B=0.616 advB2A=0.777 cycA=0.071 cycB=0.081 idtA=0.048 idtB=0.071 D_A=0.073 D_B=0.123 D_A(real)=0.86 D_A(fake)=0.14 gnG=40.42 gnD=16.73 it_per_s=4.98
2026-10-03 17:24:08,713 INFO iter=589600 epoch=84 lr=4.53e-05 G=3.510 advA2B=0.616 advB2A=0.778 cycA=0.071 cycB=0.081 idtA=0.048 idtB=0.071 D_A=0.073 D_B=0.123 D_A(real)=0.86 D_A(fake)=0.14 gnG=40.42 gnD=16.73 it_per_s=4.98
2026-10-03 17:24:28,863 INFO iter=589700 epoch=84 lr=4.53e-05 G=3.511 advA2B=0.616 advB2A=0.778 cycA=0.071 cycB=0.081 idtA=0.048 idtB=0.071 D_A=0.073 D_B=0.123 D_A(real)=0.86 D_A(fake)=0.14 gnG=40.44 gnD=16.71 it_per_s=4.98
2026-10-03 17:24:48,980 INFO iter=589800 epoch=84 lr=4.52e-05 G=3.511 advA2B=0.616 advB2A=0.779 cycA=0.071 cycB=0.081 idtA=0.048 idtB=0.071 D_A=0.073 D_B=0.123 D_A(real)=0.86 D_A(fake)=0.14 gnG=40.38 gnD=16.69 it_per_s=4.98
2026-10-03 17:25:09,109 INFO iter=589900 epoch=84 lr=4.52e-05 G=3.513 advA2B=0.616 advB2A=0.780 cycA=0.071 cycB=0.081 idtA=0.048 idtB=0.071 D_A=0.073 D_B=0.123 D_A(real)=0.86 D_A(fake)=0.14 gnG=40.43 gnD=16.69 it_per_s=4.98
2026-10-03 17:25:29,232 INFO iter=590000 epoch=84 lr=4.52e-05 G=3.512 advA2B=0.615 advB2A=0.780 cycA=0.071 cycB=0.081 idtA=0.048 idtB=0.071 D_A=0.073 D_B=0.123 D_A(real)=0.86 D_A(fake)=0.14 gnG=40.36 gnD=16.68 it_per_s=4.98
2026-10-03 17:25:49,364 INFO iter=590100 epoch=84 lr=4.52e-05 G=3.512 advA2B=0.615 advB2A=0.781 cycA=0.071 cycB=0.081 idtA=0.048 idtB=0.071 D_A=0.072 D_B=0.123 D_A(real)=0.86 D_A(fake)=0.14 gnG=40.44 gnD=16.66 it_per_s=4.98
2026-10-03 17:26:09,500 INFO iter=590200 epoch=84 lr=4.52e-05 G=3.512 advA2B=0.615 advB2A=0.780 cycA=0.071 cycB=0.081 idtA=0.048 idtB=0.071 D_A=0.072 D_B=0.123 D_A(real)=0.86 D_A(fake)=0.14 gnG=40.45 gnD=16.65 it_per_s=4.98
2026-10-03 17:26:29,738 INFO iter=590300 epoch=84 lr=4.52e-05 G=3.513 advA2B=0.616 advB2A=0.781 cycA=0.071 cycB=0.081 idtA=0.048 idtB=0.071 D_A=0.072 D_B=0.123 D_A(real)=0.86 D_A(fake)=0.14 gnG=40.52 gnD=16.65 it_per_s=4.98
2026-10-03 17:26:49,866 INFO iter=590400 epoch=84 lr=4.51e-05 G=3.513 advA2B=0.617 advB2A=0.781 cycA=0.071 cycB=0.081 idtA=0.048 idtB=0.071 D_A=0.072 D_B=0.123 D_A(real)=0.86 D_A(fake)=0.14 gnG=40.57 gnD=16.64 it_per_s=4.98
2026-10-03 17:27:09,981 INFO iter=590500 epoch=84 lr=4.51e-05 G=3.514 advA2B=0.616 advB2A=0.781 cycA=0.071 cycB=0.081 idtA=0.048 idtB=0.071 D_A=0.072 D_B=0.123 D_A(real)=0.86 D_A(fake)=0.14 gnG=40.53 gnD=16.63 it_per_s=4.98
2026-10-03 17:27:30,079 INFO iter=590600 epoch=84 lr=4.51e-05 G=3.514 advA2B=0.616 advB2A=0.781 cycA=0.071 cycB=0.081 idtA=0.049 idtB=0.071 D_A=0.072 D_B=0.123 D_A(real)=0.86 D_A(fake)=0.14 gnG=40.48 gnD=16.62 it_per_s=4.98
2026-10-03 17:27:50,216 INFO iter=590700 epoch=84 lr=4.51e-05 G=3.514 advA2B=0.616 advB2A=0.780 cycA=0.071 cycB=0.081 idtA=0.049 idtB=0.071 D_A=0.072 D_B=0.123 D_A(real)=0.86 D_A(fake)=0.14 gnG=40.48 gnD=16.65 it_per_s=4.98
2026-10-03 17:28:10,350 INFO iter=590800 epoch=84 lr=4.51e-05 G=3.513 advA2B=0.615 advB2A=0.781 cycA=0.071 cycB=0.081 idtA=0.049 idtB=0.071 D_A=0.072 D_B=0.123 D_A(real)=0.86 D_A(fake)=0.14 gnG=40.49 gnD=16.67 it_per_s=4.98
2026-10-03 17:28:30,459 INFO iter=590900 epoch=84 lr=4.51e-05 G=3.510 advA2B=0.614 advB2A=0.780 cycA=0.071 cycB=0.081 idtA=0.048 idtB=0.071 D_A=0.072 D_B=0.123 D_A(real)=0.86 D_A(fake)=0.14 gnG=40.41 gnD=16.67 it_per_s=4.98
2026-10-03 17:28:50,544 INFO iter=591000 epoch=84 lr=4.50e-05 G=3.511 advA2B=0.615 advB2A=0.779 cycA=0.071 cycB=0.081 idtA=0.048 idtB=0.071 D_A=0.072 D_B=0.123 D_A(real)=0.86 D_A(fake)=0.14 gnG=40.40 gnD=16.66 it_per_s=4.98
2026-10-03 17:29:10,692 INFO iter=591100 epoch=84 lr=4.50e-05 G=3.510 advA2B=0.615 advB2A=0.779 cycA=0.071 cycB=0.081 idtA=0.048 idtB=0.071 D_A=0.072 D_B=0.123 D_A(real)=0.86 D_A(fake)=0.14 gnG=40.36 gnD=16.64 it_per_s=4.98
2026-10-03 17:29:29,196 INFO epoch=84 done time_s=1413 it_per_s=4.98 G=3.510 cycA=0.071 cycB=0.081 idtA=0.048 idtB=0.072 D_A=0.072 D_B=0.123 D_A(real)=0.86 D_A(fake)=0.14 nan_count=0
2026-10-03 17:29:31,602 INFO iter=591200 epoch=85 lr=4.50e-05 G=3.271 advA2B=0.451 advB2A=0.772 cycA=0.071 cycB=0.082 idtA=0.039 idtB=0.065 D_A=0.041 D_B=0.120 D_A(real)=0.95 D_A(fake)=0.08 gnG=42.54 gnD=13.62 it_per_s=5.08
2026-10-03 17:29:50,941 INFO iter=591300 epoch=85 lr=4.50e-05 G=3.469 advA2B=0.586 advB2A=0.777 cycA=0.070 cycB=0.082 idtA=0.048 idtB=0.069 D_A=0.059 D_B=0.125 D_A(real)=0.89 D_A(fake)=0.11 gnG=39.79 gnD=15.60 it_per_s=5.16
2026-10-03 17:30:10,354 INFO iter=591400 epoch=85 lr=4.50e-05 G=3.468 advA2B=0.595 advB2A=0.765 cycA=0.069 cycB=0.082 idtA=0.047 idtB=0.072 D_A=0.067 D_B=0.119 D_A(real)=0.86 D_A(fake)=0.14 gnG=38.98 gnD=15.79 it_per_s=5.16
2026-10-03 17:30:30,555 INFO iter=591500 epoch=85 lr=4.49e-05 G=3.462 advA2B=0.589 advB2A=0.781 cycA=0.069 cycB=0.081 idtA=0.047 idtB=0.071 D_A=0.070 D_B=0.122 D_A(real)=0.86 D_A(fake)=0.14 gnG=38.90 gnD=16.01 it_per_s=5.09
2026-10-03 17:30:50,712 INFO iter=591600 epoch=85 lr=4.49e-05 G=3.455 advA2B=0.587 advB2A=0.776 cycA=0.069 cycB=0.081 idtA=0.047 idtB=0.071 D_A=0.070 D_B=0.121 D_A(real)=0.86 D_A(fake)=0.14 gnG=39.27 gnD=16.04 it_per_s=5.06
2026-10-03 17:31:10,891 INFO iter=591700 epoch=85 lr=4.49e-05 G=3.474 advA2B=0.590 advB2A=0.781 cycA=0.070 cycB=0.080 idtA=0.048 idtB=0.071 D_A=0.071 D_B=0.122 D_A(real)=0.86 D_A(fake)=0.14 gnG=40.60 gnD=16.54 it_per_s=5.04
2026-10-03 17:31:31,019 INFO iter=591800 epoch=85 lr=4.49e-05 G=3.477 advA2B=0.596 advB2A=0.782 cycA=0.070 cycB=0.080 idtA=0.048 idtB=0.071 D_A=0.072 D_B=0.121 D_A(real)=0.86 D_A(fake)=0.14 gnG=40.72 gnD=16.45 it_per_s=5.03
2026-10-03 17:31:51,169 INFO iter=591900 epoch=85 lr=4.49e-05 G=3.464 advA2B=0.598 advB2A=0.778 cycA=0.071 cycB=0.079 idtA=0.048 idtB=0.069 D_A=0.071 D_B=0.121 D_A(real)=0.86 D_A(fake)=0.14 gnG=40.24 gnD=16.45 it_per_s=5.02
2026-10-03 17:32:11,352 INFO iter=592000 epoch=85 lr=4.49e-05 G=3.472 advA2B=0.603 advB2A=0.776 cycA=0.071 cycB=0.079 idtA=0.049 idtB=0.069 D_A=0.072 D_B=0.121 D_A(real)=0.86 D_A(fake)=0.14 gnG=40.19 gnD=16.47 it_per_s=5.01
2026-10-03 17:32:31,488 INFO iter=592100 epoch=85 lr=4.48e-05 G=3.467 advA2B=0.604 advB2A=0.773 cycA=0.071 cycB=0.079 idtA=0.048 idtB=0.069 D_A=0.071 D_B=0.122 D_A(real)=0.86 D_A(fake)=0.14 gnG=40.12 gnD=16.47 it_per_s=5.00
2026-10-03 17:32:51,668 INFO iter=592200 epoch=85 lr=4.48e-05 G=3.473 advA2B=0.609 advB2A=0.771 cycA=0.071 cycB=0.080 idtA=0.048 idtB=0.069 D_A=0.070 D_B=0.122 D_A(real)=0.86 D_A(fake)=0.14 gnG=40.71 gnD=16.45 it_per_s=5.00
2026-10-03 17:33:11,514 INFO iter=592300 epoch=85 lr=4.48e-05 G=3.477 advA2B=0.613 advB2A=0.769 cycA=0.071 cycB=0.079 idtA=0.048 idtB=0.070 D_A=0.070 D_B=0.122 D_A(real)=0.86 D_A(fake)=0.13 gnG=40.41 gnD=16.49 it_per_s=5.00
2026-10-03 17:33:30,943 INFO iter=592400 epoch=85 lr=4.48e-05 G=3.477 advA2B=0.612 advB2A=0.770 cycA=0.071 cycB=0.079 idtA=0.048 idtB=0.070 D_A=0.069 D_B=0.121 D_A(real)=0.87 D_A(fake)=0.13 gnG=40.00 gnD=16.40 it_per_s=5.01
2026-10-03 17:33:54,594 INFO iter=592500 epoch=85 lr=4.48e-05 G=3.475 advA2B=0.614 advB2A=0.768 cycA=0.071 cycB=0.079 idtA=0.048 idtB=0.070 D_A=0.069 D_B=0.121 D_A(real)=0.86 D_A(fake)=0.14 gnG=39.85 gnD=16.37 it_per_s=4.94
2026-10-03 17:34:17,477 INFO iter=592600 epoch=85 lr=4.48e-05 G=3.476 advA2B=0.616 advB2A=0.769 cycA=0.071 cycB=0.079 idtA=0.049 idtB=0.070 D_A=0.070 D_B=0.121 D_A(real)=0.86 D_A(fake)=0.14 gnG=40.02 gnD=16.43 it_per_s=4.90
2026-10-03 17:34:39,427 INFO iter=592700 epoch=85 lr=4.47e-05 G=3.482 advA2B=0.617 advB2A=0.771 cycA=0.071 cycB=0.079 idtA=0.048 idtB=0.070 D_A=0.070 D_B=0.121 D_A(real)=0.86 D_A(fake)=0.14 gnG=40.06 gnD=16.42 it_per_s=4.87
2026-10-03 17:34:59,673 INFO iter=592800 epoch=85 lr=4.47e-05 G=3.480 advA2B=0.618 advB2A=0.771 cycA=0.071 cycB=0.079 idtA=0.048 idtB=0.070 D_A=0.069 D_B=0.121 D_A(real)=0.86 D_A(fake)=0.14 gnG=39.91 gnD=16.45 it_per_s=4.88
2026-10-03 17:35:19,820 INFO iter=592900 epoch=85 lr=4.47e-05 G=3.480 advA2B=0.617 advB2A=0.770 cycA=0.071 cycB=0.080 idtA=0.048 idtB=0.070 D_A=0.069 D_B=0.122 D_A(real)=0.86 D_A(fake)=0.14 gnG=39.85 gnD=16.51 it_per_s=4.88
2026-10-03 17:35:39,968 INFO iter=593000 epoch=85 lr=4.47e-05 G=3.468 advA2B=0.613 advB2A=0.764 cycA=0.071 cycB=0.079 idtA=0.048 idtB=0.070 D_A=0.069 D_B=0.122 D_A(real)=0.86 D_A(fake)=0.14 gnG=39.67 gnD=16.53 it_per_s=4.89
2026-10-03 17:36:00,081 INFO iter=593100 epoch=85 lr=4.47e-05 G=3.467 advA2B=0.611 advB2A=0.764 cycA=0.071 cycB=0.080 idtA=0.048 idtB=0.070 D_A=0.070 D_B=0.122 D_A(real)=0.86 D_A(fake)=0.14 gnG=39.63 gnD=16.59 it_per_s=4.89
2026-10-03 17:36:20,225 INFO iter=593200 epoch=85 lr=4.46e-05 G=3.468 advA2B=0.611 advB2A=0.764 cycA=0.071 cycB=0.080 idtA=0.048 idtB=0.070 D_A=0.070 D_B=0.122 D_A(real)=0.86 D_A(fake)=0.14 gnG=39.53 gnD=16.58 it_per_s=4.90
2026-10-03 17:36:40,353 INFO iter=593300 epoch=85 lr=4.46e-05 G=3.468 advA2B=0.611 advB2A=0.764 cycA=0.071 cycB=0.080 idtA=0.048 idtB=0.070 D_A=0.071 D_B=0.122 D_A(real)=0.86 D_A(fake)=0.14 gnG=39.33 gnD=16.61 it_per_s=4.90
2026-10-03 17:37:00,469 INFO iter=593400 epoch=85 lr=4.46e-05 G=3.471 advA2B=0.612 advB2A=0.763 cycA=0.071 cycB=0.080 idtA=0.048 idtB=0.070 D_A=0.071 D_B=0.122 D_A(real)=0.86 D_A(fake)=0.14 gnG=39.18 gnD=16.58 it_per_s=4.90
2026-10-03 17:37:20,604 INFO iter=593500 epoch=85 lr=4.46e-05 G=3.473 advA2B=0.611 advB2A=0.762 cycA=0.071 cycB=0.080 idtA=0.048 idtB=0.070 D_A=0.071 D_B=0.122 D_A(real)=0.86 D_A(fake)=0.14 gnG=39.19 gnD=16.54 it_per_s=4.90
2026-10-03 17:37:40,774 INFO iter=593600 epoch=85 lr=4.46e-05 G=3.473 advA2B=0.612 advB2A=0.761 cycA=0.071 cycB=0.080 idtA=0.048 idtB=0.070 D_A=0.071 D_B=0.122 D_A(real)=0.86 D_A(fake)=0.14 gnG=39.39 gnD=16.55 it_per_s=4.91
2026-10-03 17:38:00,900 INFO iter=593700 epoch=85 lr=4.46e-05 G=3.471 advA2B=0.611 advB2A=0.760 cycA=0.071 cycB=0.080 idtA=0.048 idtB=0.071 D_A=0.071 D_B=0.122 D_A(real)=0.86 D_A(fake)=0.14 gnG=39.55 gnD=16.62 it_per_s=4.91
2026-10-03 17:38:21,049 INFO iter=593800 epoch=85 lr=4.45e-05 G=3.470 advA2B=0.611 advB2A=0.760 cycA=0.071 cycB=0.080 idtA=0.048 idtB=0.071 D_A=0.071 D_B=0.123 D_A(real)=0.86 D_A(fake)=0.14 gnG=39.53 gnD=16.64 it_per_s=4.91
2026-10-03 17:38:41,177 INFO iter=593900 epoch=85 lr=4.45e-05 G=3.469 advA2B=0.613 advB2A=0.759 cycA=0.071 cycB=0.080 idtA=0.048 idtB=0.071 D_A=0.071 D_B=0.123 D_A(real)=0.86 D_A(fake)=0.14 gnG=39.74 gnD=16.69 it_per_s=4.91
2026-10-03 17:39:01,343 INFO iter=594000 epoch=85 lr=4.45e-05 G=3.470 advA2B=0.613 advB2A=0.759 cycA=0.071 cycB=0.080 idtA=0.048 idtB=0.071 D_A=0.071 D_B=0.123 D_A(real)=0.86 D_A(fake)=0.14 gnG=39.90 gnD=16.71 it_per_s=4.91
2026-10-03 17:39:21,455 INFO iter=594100 epoch=85 lr=4.45e-05 G=3.470 advA2B=0.613 advB2A=0.759 cycA=0.071 cycB=0.080 idtA=0.048 idtB=0.071 D_A=0.071 D_B=0.123 D_A(real)=0.86 D_A(fake)=0.14 gnG=39.90 gnD=16.72 it_per_s=4.92
2026-10-03 17:39:41,603 INFO iter=594200 epoch=85 lr=4.45e-05 G=3.472 advA2B=0.611 advB2A=0.762 cycA=0.071 cycB=0.080 idtA=0.048 idtB=0.071 D_A=0.071 D_B=0.123 D_A(real)=0.86 D_A(fake)=0.14 gnG=39.82 gnD=16.71 it_per_s=4.92
2026-10-03 17:40:01,714 INFO iter=594300 epoch=85 lr=4.44e-05 G=3.473 advA2B=0.612 advB2A=0.761 cycA=0.071 cycB=0.080 idtA=0.048 idtB=0.071 D_A=0.072 D_B=0.123 D_A(real)=0.86 D_A(fake)=0.14 gnG=39.98 gnD=16.75 it_per_s=4.92
2026-10-03 17:40:21,915 INFO iter=594400 epoch=85 lr=4.44e-05 G=3.473 advA2B=0.614 advB2A=0.760 cycA=0.071 cycB=0.080 idtA=0.048 idtB=0.071 D_A=0.072 D_B=0.123 D_A(real)=0.86 D_A(fake)=0.14 gnG=39.81 gnD=16.75 it_per_s=4.92
2026-10-03 17:40:42,082 INFO iter=594500 epoch=85 lr=4.44e-05 G=3.472 advA2B=0.614 advB2A=0.760 cycA=0.071 cycB=0.080 idtA=0.048 idtB=0.070 D_A=0.072 D_B=0.123 D_A(real)=0.86 D_A(fake)=0.14 gnG=39.77 gnD=16.77 it_per_s=4.92
2026-10-03 17:41:02,228 INFO iter=594600 epoch=85 lr=4.44e-05 G=3.473 advA2B=0.613 advB2A=0.761 cycA=0.071 cycB=0.080 idtA=0.048 idtB=0.071 D_A=0.072 D_B=0.123 D_A(real)=0.86 D_A(fake)=0.14 gnG=39.84 gnD=16.77 it_per_s=4.92
2026-10-03 17:41:22,361 INFO iter=594700 epoch=85 lr=4.44e-05 G=3.478 advA2B=0.615 advB2A=0.764 cycA=0.071 cycB=0.080 idtA=0.048 idtB=0.070 D_A=0.072 D_B=0.123 D_A(real)=0.86 D_A(fake)=0.14 gnG=39.97 gnD=16.76 it_per_s=4.92
2026-10-03 17:41:42,489 INFO iter=594800 epoch=85 lr=4.44e-05 G=3.482 advA2B=0.616 advB2A=0.765 cycA=0.071 cycB=0.080 idtA=0.048 idtB=0.071 D_A=0.072 D_B=0.123 D_A(real)=0.86 D_A(fake)=0.14 gnG=39.93 gnD=16.74 it_per_s=4.93
2026-10-03 17:42:02,607 INFO iter=594900 epoch=85 lr=4.43e-05 G=3.483 advA2B=0.615 advB2A=0.765 cycA=0.071 cycB=0.080 idtA=0.048 idtB=0.071 D_A=0.072 D_B=0.123 D_A(real)=0.86 D_A(fake)=0.14 gnG=39.94 gnD=16.75 it_per_s=4.93
2026-10-03 17:42:22,745 INFO iter=595000 epoch=85 lr=4.43e-05 G=3.485 advA2B=0.615 advB2A=0.766 cycA=0.071 cycB=0.080 idtA=0.048 idtB=0.071 D_A=0.072 D_B=0.123 D_A(real)=0.86 D_A(fake)=0.14 gnG=40.10 gnD=16.76 it_per_s=4.93
2026-10-03 17:42:42,979 INFO iter=595100 epoch=85 lr=4.43e-05 G=3.485 advA2B=0.616 advB2A=0.765 cycA=0.071 cycB=0.080 idtA=0.048 idtB=0.071 D_A=0.072 D_B=0.123 D_A(real)=0.86 D_A(fake)=0.14 gnG=40.19 gnD=16.74 it_per_s=4.93
2026-10-03 17:43:03,212 INFO iter=595200 epoch=85 lr=4.43e-05 G=3.481 advA2B=0.615 advB2A=0.764 cycA=0.071 cycB=0.080 idtA=0.048 idtB=0.071 D_A=0.072 D_B=0.123 D_A(real)=0.86 D_A(fake)=0.14 gnG=40.30 gnD=16.74 it_per_s=4.93
2026-10-03 17:43:23,457 INFO iter=595300 epoch=85 lr=4.43e-05 G=3.481 advA2B=0.615 advB2A=0.764 cycA=0.071 cycB=0.080 idtA=0.048 idtB=0.071 D_A=0.072 D_B=0.123 D_A(real)=0.86 D_A(fake)=0.14 gnG=40.19 gnD=16.73 it_per_s=4.93
2026-10-03 17:43:43,765 INFO iter=595400 epoch=85 lr=4.43e-05 G=3.481 advA2B=0.615 advB2A=0.764 cycA=0.071 cycB=0.080 idtA=0.048 idtB=0.071 D_A=0.072 D_B=0.123 D_A(real)=0.86 D_A(fake)=0.14 gnG=40.33 gnD=16.72 it_per_s=4.93
2026-10-03 17:44:03,999 INFO iter=595500 epoch=85 lr=4.42e-05 G=3.484 advA2B=0.616 advB2A=0.765 cycA=0.071 cycB=0.080 idtA=0.048 idtB=0.071 D_A=0.072 D_B=0.123 D_A(real)=0.86 D_A(fake)=0.14 gnG=40.41 gnD=16.72 it_per_s=4.93
2026-10-03 17:44:24,335 INFO iter=595600 epoch=85 lr=4.42e-05 G=3.487 advA2B=0.617 advB2A=0.766 cycA=0.071 cycB=0.080 idtA=0.048 idtB=0.071 D_A=0.072 D_B=0.123 D_A(real)=0.86 D_A(fake)=0.14 gnG=40.40 gnD=16.75 it_per_s=4.93
2026-10-03 17:44:44,563 INFO iter=595700 epoch=85 lr=4.42e-05 G=3.488 advA2B=0.617 advB2A=0.766 cycA=0.071 cycB=0.080 idtA=0.048 idtB=0.071 D_A=0.072 D_B=0.123 D_A(real)=0.86 D_A(fake)=0.14 gnG=40.37 gnD=16.74 it_per_s=4.93
2026-10-03 17:45:04,831 INFO iter=595800 epoch=85 lr=4.42e-05 G=3.488 advA2B=0.617 advB2A=0.766 cycA=0.071 cycB=0.080 idtA=0.048 idtB=0.071 D_A=0.072 D_B=0.123 D_A(real)=0.86 D_A(fake)=0.14 gnG=40.36 gnD=16.75 it_per_s=4.93
2026-10-03 17:45:24,997 INFO iter=595900 epoch=85 lr=4.42e-05 G=3.490 advA2B=0.617 advB2A=0.767 cycA=0.071 cycB=0.080 idtA=0.048 idtB=0.071 D_A=0.072 D_B=0.123 D_A(real)=0.86 D_A(fake)=0.14 gnG=40.43 gnD=16.75 it_per_s=4.93
2026-10-03 17:45:45,127 INFO iter=596000 epoch=85 lr=4.41e-05 G=3.488 advA2B=0.618 advB2A=0.766 cycA=0.071 cycB=0.080 idtA=0.048 idtB=0.071 D_A=0.072 D_B=0.123 D_A(real)=0.86 D_A(fake)=0.14 gnG=40.40 gnD=16.76 it_per_s=4.93
2026-10-03 17:46:05,252 INFO iter=596100 epoch=85 lr=4.41e-05 G=3.492 advA2B=0.618 advB2A=0.766 cycA=0.071 cycB=0.080 idtA=0.048 idtB=0.071 D_A=0.072 D_B=0.123 D_A(real)=0.86 D_A(fake)=0.14 gnG=40.52 gnD=16.76 it_per_s=4.93
2026-10-03 17:46:25,462 INFO iter=596200 epoch=85 lr=4.41e-05 G=3.491 advA2B=0.618 advB2A=0.766 cycA=0.071 cycB=0.080 idtA=0.048 idtB=0.071 D_A=0.072 D_B=0.123 D_A(real)=0.86 D_A(fake)=0.14 gnG=40.57 gnD=16.79 it_per_s=4.93
2026-10-03 17:46:45,631 INFO iter=596300 epoch=85 lr=4.41e-05 G=3.490 advA2B=0.617 advB2A=0.766 cycA=0.071 cycB=0.080 idtA=0.048 idtB=0.071 D_A=0.072 D_B=0.123 D_A(real)=0.86 D_A(fake)=0.14 gnG=40.59 gnD=16.78 it_per_s=4.93
2026-10-03 17:47:05,750 INFO iter=596400 epoch=85 lr=4.41e-05 G=3.491 advA2B=0.617 advB2A=0.767 cycA=0.071 cycB=0.080 idtA=0.048 idtB=0.071 D_A=0.071 D_B=0.123 D_A(real)=0.86 D_A(fake)=0.14 gnG=40.65 gnD=16.78 it_per_s=4.93
2026-10-03 17:47:25,921 INFO iter=596500 epoch=85 lr=4.41e-05 G=3.490 advA2B=0.617 advB2A=0.767 cycA=0.071 cycB=0.080 idtA=0.048 idtB=0.071 D_A=0.072 D_B=0.123 D_A(real)=0.86 D_A(fake)=0.14 gnG=40.60 gnD=16.79 it_per_s=4.93
2026-10-03 17:47:46,026 INFO iter=596600 epoch=85 lr=4.40e-05 G=3.489 advA2B=0.616 advB2A=0.767 cycA=0.071 cycB=0.080 idtA=0.048 idtB=0.071 D_A=0.072 D_B=0.123 D_A(real)=0.86 D_A(fake)=0.14 gnG=40.54 gnD=16.81 it_per_s=4.93
2026-10-03 17:48:06,196 INFO iter=596700 epoch=85 lr=4.40e-05 G=3.489 advA2B=0.616 advB2A=0.768 cycA=0.071 cycB=0.080 idtA=0.048 idtB=0.071 D_A=0.071 D_B=0.123 D_A(real)=0.86 D_A(fake)=0.14 gnG=40.49 gnD=16.82 it_per_s=4.93
2026-10-03 17:48:26,340 INFO iter=596800 epoch=85 lr=4.40e-05 G=3.486 advA2B=0.614 advB2A=0.767 cycA=0.071 cycB=0.080 idtA=0.048 idtB=0.071 D_A=0.071 D_B=0.123 D_A(real)=0.86 D_A(fake)=0.14 gnG=40.50 gnD=16.82 it_per_s=4.94
2026-10-03 17:48:46,464 INFO iter=596900 epoch=85 lr=4.40e-05 G=3.486 advA2B=0.614 advB2A=0.766 cycA=0.071 cycB=0.080 idtA=0.048 idtB=0.071 D_A=0.071 D_B=0.123 D_A(real)=0.86 D_A(fake)=0.14 gnG=40.46 gnD=16.82 it_per_s=4.94
2026-10-03 17:49:06,620 INFO iter=597000 epoch=85 lr=4.40e-05 G=3.487 advA2B=0.614 advB2A=0.766 cycA=0.070 cycB=0.080 idtA=0.048 idtB=0.071 D_A=0.071 D_B=0.123 D_A(real)=0.86 D_A(fake)=0.14 gnG=40.38 gnD=16.83 it_per_s=4.94
2026-10-03 17:49:26,803 INFO iter=597100 epoch=85 lr=4.40e-05 G=3.487 advA2B=0.614 advB2A=0.768 cycA=0.071 cycB=0.080 idtA=0.048 idtB=0.071 D_A=0.071 D_B=0.123 D_A(real)=0.86 D_A(fake)=0.14 gnG=40.36 gnD=16.81 it_per_s=4.94
2026-10-03 17:49:46,967 INFO iter=597200 epoch=85 lr=4.39e-05 G=3.488 advA2B=0.614 advB2A=0.767 cycA=0.070 cycB=0.080 idtA=0.048 idtB=0.071 D_A=0.071 D_B=0.123 D_A(real)=0.86 D_A(fake)=0.14 gnG=40.40 gnD=16.78 it_per_s=4.94
2026-10-03 17:50:07,086 INFO iter=597300 epoch=85 lr=4.39e-05 G=3.489 advA2B=0.615 advB2A=0.768 cycA=0.071 cycB=0.080 idtA=0.048 idtB=0.071 D_A=0.071 D_B=0.123 D_A(real)=0.86 D_A(fake)=0.14 gnG=40.35 gnD=16.77 it_per_s=4.94
2026-10-03 17:50:27,236 INFO iter=597400 epoch=85 lr=4.39e-05 G=3.489 advA2B=0.615 advB2A=0.768 cycA=0.071 cycB=0.080 idtA=0.048 idtB=0.071 D_A=0.071 D_B=0.123 D_A(real)=0.86 D_A(fake)=0.14 gnG=40.33 gnD=16.78 it_per_s=4.94
2026-10-03 17:50:47,355 INFO iter=597500 epoch=85 lr=4.39e-05 G=3.491 advA2B=0.616 advB2A=0.768 cycA=0.071 cycB=0.080 idtA=0.048 idtB=0.071 D_A=0.071 D_B=0.123 D_A(real)=0.86 D_A(fake)=0.14 gnG=40.34 gnD=16.80 it_per_s=4.94
2026-10-03 17:51:07,470 INFO iter=597600 epoch=85 lr=4.39e-05 G=3.492 advA2B=0.616 advB2A=0.769 cycA=0.071 cycB=0.080 idtA=0.048 idtB=0.071 D_A=0.071 D_B=0.123 D_A(real)=0.86 D_A(fake)=0.14 gnG=40.31 gnD=16.80 it_per_s=4.94
2026-10-03 17:51:27,597 INFO iter=597700 epoch=85 lr=4.38e-05 G=3.492 advA2B=0.617 advB2A=0.768 cycA=0.070 cycB=0.080 idtA=0.048 idtB=0.071 D_A=0.071 D_B=0.123 D_A(real)=0.86 D_A(fake)=0.14 gnG=40.32 gnD=16.82 it_per_s=4.94
2026-10-03 17:51:47,732 INFO iter=597800 epoch=85 lr=4.38e-05 G=3.493 advA2B=0.617 advB2A=0.769 cycA=0.071 cycB=0.080 idtA=0.048 idtB=0.071 D_A=0.071 D_B=0.123 D_A(real)=0.86 D_A(fake)=0.14 gnG=40.29 gnD=16.81 it_per_s=4.94
2026-10-03 17:52:07,860 INFO iter=597900 epoch=85 lr=4.38e-05 G=3.493 advA2B=0.618 advB2A=0.769 cycA=0.070 cycB=0.080 idtA=0.048 idtB=0.071 D_A=0.071 D_B=0.123 D_A(real)=0.86 D_A(fake)=0.14 gnG=40.21 gnD=16.79 it_per_s=4.94
2026-10-03 17:52:28,006 INFO iter=598000 epoch=85 lr=4.38e-05 G=3.494 advA2B=0.618 advB2A=0.769 cycA=0.071 cycB=0.081 idtA=0.048 idtB=0.071 D_A=0.071 D_B=0.122 D_A(real)=0.86 D_A(fake)=0.14 gnG=40.22 gnD=16.78 it_per_s=4.94
2026-10-03 17:52:48,118 INFO iter=598100 epoch=85 lr=4.38e-05 G=3.494 advA2B=0.618 advB2A=0.770 cycA=0.071 cycB=0.081 idtA=0.048 idtB=0.071 D_A=0.071 D_B=0.123 D_A(real)=0.86 D_A(fake)=0.14 gnG=40.20 gnD=16.78 it_per_s=4.94
2026-10-03 17:53:08,258 INFO iter=598200 epoch=85 lr=4.38e-05 G=3.495 advA2B=0.618 advB2A=0.770 cycA=0.071 cycB=0.081 idtA=0.048 idtB=0.071 D_A=0.071 D_B=0.123 D_A(real)=0.86 D_A(fake)=0.14 gnG=40.27 gnD=16.80 it_per_s=4.94
2026-10-03 17:53:14,292 INFO epoch=85 done time_s=1424 it_per_s=4.94 G=3.495 cycA=0.071 cycB=0.081 idtA=0.048 idtB=0.071 D_A=0.071 D_B=0.123 D_A(real)=0.86 D_A(fake)=0.14 nan_count=0
2026-10-03 17:53:29,225 INFO iter=598300 epoch=86 lr=4.37e-05 G=3.298 advA2B=0.592 advB2A=0.663 cycA=0.071 cycB=0.077 idtA=0.048 idtB=0.066 D_A=0.068 D_B=0.122 D_A(real)=0.89 D_A(fake)=0.12 gnG=38.98 gnD=16.57 it_per_s=5.01
2026-10-03 17:53:52,788 INFO iter=598400 epoch=86 lr=4.37e-05 G=3.447 advA2B=0.602 advB2A=0.727 cycA=0.072 cycB=0.079 idtA=0.049 idtB=0.072 D_A=0.074 D_B=0.125 D_A(real)=0.86 D_A(fake)=0.14 gnG=38.68 gnD=17.48 it_per_s=4.53
2026-10-03 17:54:16,022 INFO iter=598500 epoch=86 lr=4.37e-05 G=3.468 advA2B=0.602 advB2A=0.752 cycA=0.072 cycB=0.079 idtA=0.049 idtB=0.072 D_A=0.071 D_B=0.118 D_A(real)=0.86 D_A(fake)=0.14 gnG=39.17 gnD=16.82 it_per_s=4.44
2026-10-03 17:54:37,613 INFO iter=598600 epoch=86 lr=4.37e-05 G=3.468 advA2B=0.594 advB2A=0.751 cycA=0.072 cycB=0.080 idtA=0.050 idtB=0.072 D_A=0.069 D_B=0.121 D_A(real)=0.86 D_A(fake)=0.14 gnG=39.17 gnD=16.71 it_per_s=4.49
2026-10-03 17:54:57,843 INFO iter=598700 epoch=86 lr=4.37e-05 G=3.467 advA2B=0.600 advB2A=0.748 cycA=0.071 cycB=0.080 idtA=0.049 idtB=0.072 D_A=0.069 D_B=0.122 D_A(real)=0.87 D_A(fake)=0.14 gnG=40.12 gnD=16.64 it_per_s=4.58
2026-10-03 17:55:17,997 INFO iter=598800 epoch=86 lr=4.36e-05 G=3.477 advA2B=0.604 advB2A=0.758 cycA=0.071 cycB=0.080 idtA=0.049 idtB=0.072 D_A=0.071 D_B=0.122 D_A(real)=0.86 D_A(fake)=0.14 gnG=40.10 gnD=16.78 it_per_s=4.64
2026-10-03 17:55:38,134 INFO iter=598900 epoch=86 lr=4.36e-05 G=3.485 advA2B=0.603 advB2A=0.762 cycA=0.071 cycB=0.081 idtA=0.049 idtB=0.072 D_A=0.072 D_B=0.120 D_A(real)=0.86 D_A(fake)=0.14 gnG=39.74 gnD=16.72 it_per_s=4.69
2026-10-03 17:55:58,284 INFO iter=599000 epoch=86 lr=4.36e-05 G=3.498 advA2B=0.604 advB2A=0.761 cycA=0.071 cycB=0.081 idtA=0.049 idtB=0.073 D_A=0.071 D_B=0.118 D_A(real)=0.87 D_A(fake)=0.13 gnG=39.57 gnD=16.54 it_per_s=4.72
2026-10-03 17:56:18,421 INFO iter=599100 epoch=86 lr=4.36e-05 G=3.491 advA2B=0.605 advB2A=0.758 cycA=0.071 cycB=0.081 idtA=0.049 idtB=0.073 D_A=0.071 D_B=0.119 D_A(real)=0.86 D_A(fake)=0.14 gnG=40.52 gnD=16.59 it_per_s=4.75
2026-10-03 17:56:38,822 INFO iter=599200 epoch=86 lr=4.36e-05 G=3.487 advA2B=0.602 advB2A=0.763 cycA=0.071 cycB=0.081 idtA=0.049 idtB=0.072 D_A=0.072 D_B=0.119 D_A(real)=0.86 D_A(fake)=0.14 gnG=40.73 gnD=16.57 it_per_s=4.77
2026-10-03 17:56:58,944 INFO iter=599300 epoch=86 lr=4.36e-05 G=3.483 advA2B=0.599 advB2A=0.766 cycA=0.071 cycB=0.080 idtA=0.049 idtB=0.072 D_A=0.072 D_B=0.119 D_A(real)=0.86 D_A(fake)=0.14 gnG=40.45 gnD=16.55 it_per_s=4.78
2026-10-03 17:57:18,536 INFO iter=599400 epoch=86 lr=4.35e-05 G=3.493 advA2B=0.603 advB2A=0.776 cycA=0.071 cycB=0.081 idtA=0.048 idtB=0.072 D_A=0.072 D_B=0.119 D_A(real)=0.86 D_A(fake)=0.14 gnG=40.58 gnD=16.61 it_per_s=4.81
2026-10-03 17:57:38,691 INFO iter=599500 epoch=86 lr=4.35e-05 G=3.489 advA2B=0.608 advB2A=0.771 cycA=0.071 cycB=0.080 idtA=0.048 idtB=0.072 D_A=0.072 D_B=0.119 D_A(real)=0.86 D_A(fake)=0.14 gnG=40.62 gnD=16.63 it_per_s=4.82
2026-10-03 17:57:58,826 INFO iter=599600 epoch=86 lr=4.35e-05 G=3.483 advA2B=0.609 advB2A=0.767 cycA=0.071 cycB=0.080 idtA=0.048 idtB=0.071 D_A=0.073 D_B=0.120 D_A(real)=0.86 D_A(fake)=0.14 gnG=40.48 gnD=16.68 it_per_s=4.83
2026-10-03 17:58:18,981 INFO iter=599700 epoch=86 lr=4.35e-05 G=3.485 advA2B=0.610 advB2A=0.769 cycA=0.071 cycB=0.080 idtA=0.048 idtB=0.071 D_A=0.072 D_B=0.120 D_A(real)=0.86 D_A(fake)=0.14 gnG=40.47 gnD=16.62 it_per_s=4.84
2026-10-03 17:58:39,116 INFO iter=599800 epoch=86 lr=4.35e-05 G=3.479 advA2B=0.610 advB2A=0.768 cycA=0.071 cycB=0.080 idtA=0.049 idtB=0.071 D_A=0.072 D_B=0.120 D_A(real)=0.86 D_A(fake)=0.14 gnG=40.82 gnD=16.61 it_per_s=4.85
2026-10-03 17:58:59,252 INFO iter=599900 epoch=86 lr=4.35e-05 G=3.478 advA2B=0.608 advB2A=0.769 cycA=0.071 cycB=0.080 idtA=0.048 idtB=0.071 D_A=0.072 D_B=0.120 D_A(real)=0.86 D_A(fake)=0.14 gnG=40.52 gnD=16.57 it_per_s=4.85
2026-10-03 17:59:19,381 INFO iter=600000 epoch=86 lr=4.34e-05 G=3.479 advA2B=0.611 advB2A=0.768 cycA=0.071 cycB=0.080 idtA=0.048 idtB=0.071 D_A=0.072 D_B=0.120 D_A(real)=0.86 D_A(fake)=0.14 gnG=40.66 gnD=16.50 it_per_s=4.86
2026-10-03 17:59:39,474 INFO iter=600100 epoch=86 lr=4.34e-05 G=3.484 advA2B=0.613 advB2A=0.768 cycA=0.071 cycB=0.080 idtA=0.048 idtB=0.071 D_A=0.072 D_B=0.120 D_A(real)=0.86 D_A(fake)=0.14 gnG=40.74 gnD=16.52 it_per_s=4.87
2026-10-03 17:59:59,589 INFO iter=600200 epoch=86 lr=4.34e-05 G=3.479 advA2B=0.608 advB2A=0.769 cycA=0.070 cycB=0.080 idtA=0.048 idtB=0.071 D_A=0.072 D_B=0.121 D_A(real)=0.86 D_A(fake)=0.14 gnG=40.79 gnD=16.57 it_per_s=4.87
2026-10-03 18:00:19,731 INFO iter=600300 epoch=86 lr=4.34e-05 G=3.478 advA2B=0.609 advB2A=0.769 cycA=0.071 cycB=0.080 idtA=0.048 idtB=0.070 D_A=0.072 D_B=0.121 D_A(real)=0.86 D_A(fake)=0.14 gnG=40.84 gnD=16.51 it_per_s=4.88
2026-10-03 18:00:39,825 INFO iter=600400 epoch=86 lr=4.34e-05 G=3.481 advA2B=0.610 advB2A=0.769 cycA=0.071 cycB=0.080 idtA=0.048 idtB=0.071 D_A=0.072 D_B=0.121 D_A(real)=0.86 D_A(fake)=0.14 gnG=41.04 gnD=16.58 it_per_s=4.88
2026-10-03 18:00:59,985 INFO iter=600500 epoch=86 lr=4.33e-05 G=3.481 advA2B=0.609 advB2A=0.769 cycA=0.071 cycB=0.080 idtA=0.049 idtB=0.071 D_A=0.071 D_B=0.121 D_A(real)=0.86 D_A(fake)=0.14 gnG=41.17 gnD=16.54 it_per_s=4.88
2026-10-03 18:01:20,180 INFO iter=600600 epoch=86 lr=4.33e-05 G=3.483 advA2B=0.609 advB2A=0.770 cycA=0.071 cycB=0.080 idtA=0.048 idtB=0.071 D_A=0.071 D_B=0.121 D_A(real)=0.86 D_A(fake)=0.14 gnG=41.25 gnD=16.55 it_per_s=4.89
2026-10-03 18:01:40,340 INFO iter=600700 epoch=86 lr=4.33e-05 G=3.486 advA2B=0.609 advB2A=0.772 cycA=0.071 cycB=0.080 idtA=0.049 idtB=0.071 D_A=0.072 D_B=0.121 D_A(real)=0.86 D_A(fake)=0.14 gnG=41.24 gnD=16.55 it_per_s=4.89
2026-10-03 18:02:00,444 INFO iter=600800 epoch=86 lr=4.33e-05 G=3.485 advA2B=0.610 advB2A=0.769 cycA=0.071 cycB=0.080 idtA=0.049 idtB=0.071 D_A=0.072 D_B=0.121 D_A(real)=0.86 D_A(fake)=0.14 gnG=41.10 gnD=16.57 it_per_s=4.89
2026-10-03 18:02:20,569 INFO iter=600900 epoch=86 lr=4.33e-05 G=3.488 advA2B=0.610 advB2A=0.770 cycA=0.071 cycB=0.080 idtA=0.049 idtB=0.071 D_A=0.072 D_B=0.121 D_A(real)=0.86 D_A(fake)=0.14 gnG=41.05 gnD=16.59 it_per_s=4.90
2026-10-03 18:02:40,690 INFO iter=601000 epoch=86 lr=4.33e-05 G=3.487 advA2B=0.612 advB2A=0.768 cycA=0.071 cycB=0.080 idtA=0.049 idtB=0.071 D_A=0.072 D_B=0.121 D_A(real)=0.86 D_A(fake)=0.14 gnG=41.09 gnD=16.57 it_per_s=4.90
2026-10-03 18:03:00,795 INFO iter=601100 epoch=86 lr=4.32e-05 G=3.487 advA2B=0.613 advB2A=0.768 cycA=0.071 cycB=0.080 idtA=0.049 idtB=0.071 D_A=0.072 D_B=0.121 D_A(real)=0.86 D_A(fake)=0.14 gnG=41.08 gnD=16.54 it_per_s=4.90
2026-10-03 18:03:20,955 INFO iter=601200 epoch=86 lr=4.32e-05 G=3.486 advA2B=0.612 advB2A=0.766 cycA=0.071 cycB=0.080 idtA=0.049 idtB=0.071 D_A=0.072 D_B=0.121 D_A(real)=0.86 D_A(fake)=0.14 gnG=41.01 gnD=16.52 it_per_s=4.90
2026-10-03 18:03:41,049 INFO iter=601300 epoch=86 lr=4.32e-05 G=3.485 advA2B=0.610 advB2A=0.767 cycA=0.071 cycB=0.080 idtA=0.049 idtB=0.071 D_A=0.072 D_B=0.121 D_A(real)=0.86 D_A(fake)=0.14 gnG=40.87 gnD=16.53 it_per_s=4.91
2026-10-03 18:04:01,225 INFO iter=601400 epoch=86 lr=4.32e-05 G=3.481 advA2B=0.609 advB2A=0.768 cycA=0.071 cycB=0.080 idtA=0.048 idtB=0.071 D_A=0.072 D_B=0.121 D_A(real)=0.86 D_A(fake)=0.14 gnG=40.88 gnD=16.57 it_per_s=4.91
2026-10-03 18:04:21,366 INFO iter=601500 epoch=86 lr=4.32e-05 G=3.482 advA2B=0.609 advB2A=0.770 cycA=0.071 cycB=0.080 idtA=0.048 idtB=0.071 D_A=0.072 D_B=0.122 D_A(real)=0.86 D_A(fake)=0.14 gnG=40.99 gnD=16.56 it_per_s=4.91
2026-10-03 18:04:41,512 INFO iter=601600 epoch=86 lr=4.32e-05 G=3.482 advA2B=0.609 advB2A=0.768 cycA=0.071 cycB=0.080 idtA=0.048 idtB=0.071 D_A=0.072 D_B=0.122 D_A(real)=0.86 D_A(fake)=0.14 gnG=41.22 gnD=16.57 it_per_s=4.91
2026-10-03 18:05:01,646 INFO iter=601700 epoch=86 lr=4.31e-05 G=3.485 advA2B=0.610 advB2A=0.770 cycA=0.071 cycB=0.080 idtA=0.048 idtB=0.071 D_A=0.072 D_B=0.121 D_A(real)=0.86 D_A(fake)=0.14 gnG=41.15 gnD=16.59 it_per_s=4.91
2026-10-03 18:05:21,799 INFO iter=601800 epoch=86 lr=4.31e-05 G=3.484 advA2B=0.609 advB2A=0.770 cycA=0.071 cycB=0.080 idtA=0.048 idtB=0.071 D_A=0.072 D_B=0.121 D_A(real)=0.86 D_A(fake)=0.14 gnG=41.11 gnD=16.57 it_per_s=4.91
2026-10-03 18:05:41,943 INFO iter=601900 epoch=86 lr=4.31e-05 G=3.484 advA2B=0.610 advB2A=0.769 cycA=0.071 cycB=0.080 idtA=0.048 idtB=0.071 D_A=0.072 D_B=0.121 D_A(real)=0.86 D_A(fake)=0.14 gnG=41.06 gnD=16.58 it_per_s=4.92
2026-10-03 18:06:02,076 INFO iter=602000 epoch=86 lr=4.31e-05 G=3.486 advA2B=0.611 advB2A=0.771 cycA=0.071 cycB=0.080 idtA=0.048 idtB=0.071 D_A=0.072 D_B=0.121 D_A(real)=0.86 D_A(fake)=0.14 gnG=41.09 gnD=16.57 it_per_s=4.92
2026-10-03 18:06:22,217 INFO iter=602100 epoch=86 lr=4.31e-05 G=3.489 advA2B=0.611 advB2A=0.772 cycA=0.071 cycB=0.080 idtA=0.048 idtB=0.071 D_A=0.072 D_B=0.121 D_A(real)=0.86 D_A(fake)=0.14 gnG=41.08 gnD=16.55 it_per_s=4.92
2026-10-03 18:06:42,340 INFO iter=602200 epoch=86 lr=4.30e-05 G=3.489 advA2B=0.610 advB2A=0.773 cycA=0.071 cycB=0.080 idtA=0.048 idtB=0.071 D_A=0.071 D_B=0.121 D_A(real)=0.86 D_A(fake)=0.14 gnG=41.07 gnD=16.51 it_per_s=4.92
2026-10-03 18:07:02,496 INFO iter=602300 epoch=86 lr=4.30e-05 G=3.489 advA2B=0.610 advB2A=0.772 cycA=0.071 cycB=0.080 idtA=0.048 idtB=0.071 D_A=0.071 D_B=0.121 D_A(real)=0.86 D_A(fake)=0.14 gnG=41.00 gnD=16.51 it_per_s=4.92
2026-10-03 18:07:22,622 INFO iter=602400 epoch=86 lr=4.30e-05 G=3.488 advA2B=0.609 advB2A=0.773 cycA=0.071 cycB=0.080 idtA=0.048 idtB=0.071 D_A=0.071 D_B=0.121 D_A(real)=0.86 D_A(fake)=0.14 gnG=40.97 gnD=16.50 it_per_s=4.92
2026-10-03 18:07:42,770 INFO iter=602500 epoch=86 lr=4.30e-05 G=3.490 advA2B=0.610 advB2A=0.773 cycA=0.071 cycB=0.080 idtA=0.048 idtB=0.071 D_A=0.071 D_B=0.121 D_A(real)=0.86 D_A(fake)=0.14 gnG=41.03 gnD=16.52 it_per_s=4.92
2026-10-03 18:08:02,906 INFO iter=602600 epoch=86 lr=4.30e-05 G=3.488 advA2B=0.609 advB2A=0.772 cycA=0.071 cycB=0.080 idtA=0.048 idtB=0.071 D_A=0.071 D_B=0.121 D_A(real)=0.86 D_A(fake)=0.14 gnG=41.05 gnD=16.50 it_per_s=4.92
2026-10-03 18:08:23,072 INFO iter=602700 epoch=86 lr=4.30e-05 G=3.492 advA2B=0.610 advB2A=0.773 cycA=0.071 cycB=0.080 idtA=0.048 idtB=0.071 D_A=0.071 D_B=0.121 D_A(real)=0.86 D_A(fake)=0.14 gnG=41.19 gnD=16.47 it_per_s=4.92
2026-10-03 18:08:43,226 INFO iter=602800 epoch=86 lr=4.29e-05 G=3.490 advA2B=0.609 advB2A=0.772 cycA=0.071 cycB=0.080 idtA=0.048 idtB=0.071 D_A=0.071 D_B=0.121 D_A(real)=0.86 D_A(fake)=0.14 gnG=41.09 gnD=16.49 it_per_s=4.92
2026-10-03 18:09:03,374 INFO iter=602900 epoch=86 lr=4.29e-05 G=3.490 advA2B=0.610 advB2A=0.771 cycA=0.071 cycB=0.080 idtA=0.048 idtB=0.071 D_A=0.071 D_B=0.121 D_A(real)=0.86 D_A(fake)=0.14 gnG=41.17 gnD=16.49 it_per_s=4.93
2026-10-03 18:09:23,485 INFO iter=603000 epoch=86 lr=4.29e-05 G=3.489 advA2B=0.610 advB2A=0.772 cycA=0.071 cycB=0.080 idtA=0.048 idtB=0.071 D_A=0.072 D_B=0.121 D_A(real)=0.86 D_A(fake)=0.14 gnG=41.14 gnD=16.50 it_per_s=4.93
2026-10-03 18:09:43,595 INFO iter=603100 epoch=86 lr=4.29e-05 G=3.488 advA2B=0.609 advB2A=0.772 cycA=0.071 cycB=0.080 idtA=0.048 idtB=0.071 D_A=0.072 D_B=0.121 D_A(real)=0.86 D_A(fake)=0.14 gnG=41.05 gnD=16.50 it_per_s=4.93
2026-10-03 18:10:03,728 INFO iter=603200 epoch=86 lr=4.29e-05 G=3.489 advA2B=0.610 advB2A=0.773 cycA=0.071 cycB=0.080 idtA=0.048 idtB=0.071 D_A=0.072 D_B=0.121 D_A(real)=0.86 D_A(fake)=0.14 gnG=41.08 gnD=16.50 it_per_s=4.93
2026-10-03 18:10:23,829 INFO iter=603300 epoch=86 lr=4.28e-05 G=3.489 advA2B=0.610 advB2A=0.774 cycA=0.071 cycB=0.080 idtA=0.048 idtB=0.071 D_A=0.071 D_B=0.121 D_A(real)=0.86 D_A(fake)=0.14 gnG=41.06 gnD=16.51 it_per_s=4.93
2026-10-03 18:10:44,003 INFO iter=603400 epoch=86 lr=4.28e-05 G=3.488 advA2B=0.610 advB2A=0.774 cycA=0.071 cycB=0.080 idtA=0.048 idtB=0.071 D_A=0.071 D_B=0.121 D_A(real)=0.86 D_A(fake)=0.14 gnG=41.01 gnD=16.50 it_per_s=4.93
2026-10-03 18:11:04,174 INFO iter=603500 epoch=86 lr=4.28e-05 G=3.489 advA2B=0.611 advB2A=0.773 cycA=0.071 cycB=0.080 idtA=0.048 idtB=0.071 D_A=0.071 D_B=0.121 D_A(real)=0.86 D_A(fake)=0.14 gnG=41.09 gnD=16.50 it_per_s=4.93
2026-10-03 18:11:24,355 INFO iter=603600 epoch=86 lr=4.28e-05 G=3.488 advA2B=0.611 advB2A=0.774 cycA=0.071 cycB=0.080 idtA=0.048 idtB=0.071 D_A=0.071 D_B=0.120 D_A(real)=0.86 D_A(fake)=0.14 gnG=41.08 gnD=16.49 it_per_s=4.93
2026-10-03 18:11:44,482 INFO iter=603700 epoch=86 lr=4.28e-05 G=3.487 advA2B=0.611 advB2A=0.775 cycA=0.071 cycB=0.080 idtA=0.048 idtB=0.071 D_A=0.071 D_B=0.121 D_A(real)=0.86 D_A(fake)=0.14 gnG=41.06 gnD=16.52 it_per_s=4.93
2026-10-03 18:12:04,610 INFO iter=603800 epoch=86 lr=4.28e-05 G=3.485 advA2B=0.610 advB2A=0.774 cycA=0.071 cycB=0.080 idtA=0.048 idtB=0.071 D_A=0.071 D_B=0.121 D_A(real)=0.86 D_A(fake)=0.14 gnG=41.09 gnD=16.53 it_per_s=4.93
2026-10-03 18:12:24,757 INFO iter=603900 epoch=86 lr=4.27e-05 G=3.487 advA2B=0.611 advB2A=0.775 cycA=0.071 cycB=0.080 idtA=0.048 idtB=0.071 D_A=0.071 D_B=0.121 D_A(real)=0.86 D_A(fake)=0.14 gnG=41.07 gnD=16.53 it_per_s=4.93
2026-10-03 18:12:44,863 INFO iter=604000 epoch=86 lr=4.27e-05 G=3.485 advA2B=0.611 advB2A=0.775 cycA=0.071 cycB=0.080 idtA=0.048 idtB=0.071 D_A=0.071 D_B=0.121 D_A(real)=0.86 D_A(fake)=0.14 gnG=41.07 gnD=16.53 it_per_s=4.93
2026-10-03 18:13:04,995 INFO iter=604100 epoch=86 lr=4.27e-05 G=3.485 advA2B=0.610 advB2A=0.775 cycA=0.071 cycB=0.080 idtA=0.048 idtB=0.071 D_A=0.071 D_B=0.120 D_A(real)=0.86 D_A(fake)=0.14 gnG=41.09 gnD=16.54 it_per_s=4.93
2026-10-03 18:13:25,147 INFO iter=604200 epoch=86 lr=4.27e-05 G=3.485 advA2B=0.610 advB2A=0.775 cycA=0.071 cycB=0.080 idtA=0.048 idtB=0.071 D_A=0.071 D_B=0.121 D_A(real)=0.86 D_A(fake)=0.14 gnG=41.10 gnD=16.56 it_per_s=4.93
2026-10-03 18:13:45,290 INFO iter=604300 epoch=86 lr=4.27e-05 G=3.486 advA2B=0.609 advB2A=0.775 cycA=0.071 cycB=0.080 idtA=0.048 idtB=0.071 D_A=0.071 D_B=0.121 D_A(real)=0.86 D_A(fake)=0.14 gnG=41.10 gnD=16.56 it_per_s=4.93
2026-10-03 18:14:05,408 INFO iter=604400 epoch=86 lr=4.27e-05 G=3.487 advA2B=0.609 advB2A=0.774 cycA=0.071 cycB=0.080 idtA=0.048 idtB=0.071 D_A=0.071 D_B=0.121 D_A(real)=0.86 D_A(fake)=0.14 gnG=41.13 gnD=16.56 it_per_s=4.94
2026-10-03 18:14:25,545 INFO iter=604500 epoch=86 lr=4.26e-05 G=3.490 advA2B=0.610 advB2A=0.774 cycA=0.071 cycB=0.080 idtA=0.048 idtB=0.071 D_A=0.071 D_B=0.121 D_A(real)=0.86 D_A(fake)=0.14 gnG=41.30 gnD=16.56 it_per_s=4.94
2026-10-03 18:14:45,674 INFO iter=604600 epoch=86 lr=4.26e-05 G=3.488 advA2B=0.611 advB2A=0.773 cycA=0.071 cycB=0.080 idtA=0.048 idtB=0.071 D_A=0.071 D_B=0.121 D_A(real)=0.86 D_A(fake)=0.14 gnG=41.37 gnD=16.54 it_per_s=4.94
2026-10-03 18:15:05,793 INFO iter=604700 epoch=86 lr=4.26e-05 G=3.489 advA2B=0.611 advB2A=0.772 cycA=0.071 cycB=0.080 idtA=0.048 idtB=0.071 D_A=0.071 D_B=0.120 D_A(real)=0.86 D_A(fake)=0.14 gnG=41.39 gnD=16.52 it_per_s=4.94
2026-10-03 18:15:25,956 INFO iter=604800 epoch=86 lr=4.26e-05 G=3.488 advA2B=0.611 advB2A=0.772 cycA=0.071 cycB=0.080 idtA=0.048 idtB=0.071 D_A=0.071 D_B=0.120 D_A(real)=0.86 D_A(fake)=0.14 gnG=41.32 gnD=16.51 it_per_s=4.94
2026-10-03 18:15:46,070 INFO iter=604900 epoch=86 lr=4.26e-05 G=3.488 advA2B=0.611 advB2A=0.772 cycA=0.071 cycB=0.080 idtA=0.048 idtB=0.071 D_A=0.071 D_B=0.120 D_A(real)=0.86 D_A(fake)=0.14 gnG=41.31 gnD=16.49 it_per_s=4.94
2026-10-03 18:16:06,221 INFO iter=605000 epoch=86 lr=4.25e-05 G=3.489 advA2B=0.612 advB2A=0.773 cycA=0.071 cycB=0.080 idtA=0.048 idtB=0.071 D_A=0.071 D_B=0.120 D_A(real)=0.86 D_A(fake)=0.14 gnG=41.37 gnD=16.49 it_per_s=4.94
2026-10-03 18:16:26,336 INFO iter=605100 epoch=86 lr=4.25e-05 G=3.489 advA2B=0.612 advB2A=0.773 cycA=0.071 cycB=0.080 idtA=0.048 idtB=0.071 D_A=0.071 D_B=0.120 D_A(real)=0.86 D_A(fake)=0.14 gnG=41.37 gnD=16.50 it_per_s=4.94
2026-10-03 18:16:46,504 INFO iter=605200 epoch=86 lr=4.25e-05 G=3.488 advA2B=0.612 advB2A=0.773 cycA=0.071 cycB=0.080 idtA=0.048 idtB=0.071 D_A=0.071 D_B=0.120 D_A(real)=0.86 D_A(fake)=0.14 gnG=41.29 gnD=16.50 it_per_s=4.94
2026-10-03 18:17:00,254 INFO epoch=86 done time_s=1425 it_per_s=4.94 G=3.488 cycA=0.071 cycB=0.080 idtA=0.048 idtB=0.071 D_A=0.071 D_B=0.120 D_A(real)=0.86 D_A(fake)=0.14 nan_count=0
2026-10-03 18:17:07,383 INFO iter=605300 epoch=87 lr=4.25e-05 G=3.464 advA2B=0.606 advB2A=0.740 cycA=0.067 cycB=0.084 idtA=0.048 idtB=0.073 D_A=0.067 D_B=0.120 D_A(real)=0.87 D_A(fake)=0.13 gnG=42.55 gnD=15.43 it_per_s=5.09
2026-10-03 18:17:27,161 INFO iter=605400 epoch=87 lr=4.25e-05 G=3.487 advA2B=0.634 advB2A=0.791 cycA=0.065 cycB=0.082 idtA=0.045 idtB=0.072 D_A=0.065 D_B=0.113 D_A(real)=0.87 D_A(fake)=0.12 gnG=42.84 gnD=15.54 it_per_s=5.06
2026-10-03 18:17:47,260 INFO iter=605500 epoch=87 lr=4.25e-05 G=3.518 advA2B=0.627 advB2A=0.784 cycA=0.067 cycB=0.084 idtA=0.046 idtB=0.075 D_A=0.070 D_B=0.115 D_A(real)=0.86 D_A(fake)=0.14 gnG=43.57 gnD=16.06 it_per_s=5.03
2026-10-03 18:18:07,421 INFO iter=605600 epoch=87 lr=4.24e-05 G=3.513 advA2B=0.628 advB2A=0.774 cycA=0.069 cycB=0.082 idtA=0.047 idtB=0.073 D_A=0.070 D_B=0.114 D_A(real)=0.86 D_A(fake)=0.14 gnG=41.80 gnD=16.04 it_per_s=5.01
2026-10-03 18:18:27,531 INFO iter=605700 epoch=87 lr=4.24e-05 G=3.525 advA2B=0.620 advB2A=0.770 cycA=0.070 cycB=0.083 idtA=0.048 idtB=0.074 D_A=0.069 D_B=0.115 D_A(real)=0.87 D_A(fake)=0.13 gnG=41.28 gnD=16.04 it_per_s=5.00
2026-10-03 18:18:47,674 INFO iter=605800 epoch=87 lr=4.24e-05 G=3.513 advA2B=0.609 advB2A=0.768 cycA=0.070 cycB=0.083 idtA=0.048 idtB=0.074 D_A=0.071 D_B=0.118 D_A(real)=0.86 D_A(fake)=0.14 gnG=41.60 gnD=16.16 it_per_s=4.99
2026-10-03 18:19:07,810 INFO iter=605900 epoch=87 lr=4.24e-05 G=3.501 advA2B=0.611 advB2A=0.766 cycA=0.070 cycB=0.082 idtA=0.048 idtB=0.073 D_A=0.071 D_B=0.117 D_A(real)=0.86 D_A(fake)=0.14 gnG=41.63 gnD=16.19 it_per_s=4.99
2026-10-03 18:19:27,923 INFO iter=606000 epoch=87 lr=4.24e-05 G=3.499 advA2B=0.607 advB2A=0.773 cycA=0.070 cycB=0.082 idtA=0.048 idtB=0.072 D_A=0.070 D_B=0.120 D_A(real)=0.86 D_A(fake)=0.14 gnG=41.07 gnD=16.29 it_per_s=4.99
2026-10-03 18:19:48,065 INFO iter=606100 epoch=87 lr=4.24e-05 G=3.510 advA2B=0.608 advB2A=0.775 cycA=0.070 cycB=0.082 idtA=0.048 idtB=0.073 D_A=0.070 D_B=0.120 D_A(real)=0.86 D_A(fake)=0.14 gnG=41.01 gnD=16.38 it_per_s=4.98
2026-10-03 18:20:08,249 INFO iter=606200 epoch=87 lr=4.23e-05 G=3.510 advA2B=0.607 advB2A=0.769 cycA=0.070 cycB=0.082 idtA=0.048 idtB=0.073 D_A=0.070 D_B=0.120 D_A(real)=0.86 D_A(fake)=0.14 gnG=40.49 gnD=16.39 it_per_s=4.98
2026-10-03 18:20:28,447 INFO iter=606300 epoch=87 lr=4.23e-05 G=3.516 advA2B=0.612 advB2A=0.771 cycA=0.070 cycB=0.082 idtA=0.048 idtB=0.073 D_A=0.070 D_B=0.121 D_A(real)=0.86 D_A(fake)=0.14 gnG=40.66 gnD=16.45 it_per_s=4.98
2026-10-03 18:20:47,818 INFO iter=606400 epoch=87 lr=4.23e-05 G=3.503 advA2B=0.611 advB2A=0.770 cycA=0.070 cycB=0.082 idtA=0.048 idtB=0.072 D_A=0.070 D_B=0.121 D_A(real)=0.86 D_A(fake)=0.14 gnG=41.11 gnD=16.43 it_per_s=4.99
2026-10-03 18:21:07,965 INFO iter=606500 epoch=87 lr=4.23e-05 G=3.505 advA2B=0.618 advB2A=0.771 cycA=0.070 cycB=0.081 idtA=0.048 idtB=0.072 D_A=0.070 D_B=0.122 D_A(real)=0.86 D_A(fake)=0.14 gnG=42.33 gnD=16.42 it_per_s=4.99
2026-10-03 18:21:31,680 INFO iter=606600 epoch=87 lr=4.23e-05 G=3.500 advA2B=0.621 advB2A=0.768 cycA=0.070 cycB=0.081 idtA=0.048 idtB=0.072 D_A=0.070 D_B=0.122 D_A(real)=0.86 D_A(fake)=0.14 gnG=42.08 gnD=16.45 it_per_s=4.92
2026-10-03 18:21:55,371 INFO iter=606700 epoch=87 lr=4.22e-05 G=3.497 advA2B=0.620 advB2A=0.763 cycA=0.070 cycB=0.081 idtA=0.048 idtB=0.072 D_A=0.070 D_B=0.122 D_A(real)=0.86 D_A(fake)=0.14 gnG=41.95 gnD=16.54 it_per_s=4.87
2026-10-03 18:22:17,235 INFO iter=606800 epoch=87 lr=4.22e-05 G=3.491 advA2B=0.620 advB2A=0.762 cycA=0.070 cycB=0.081 idtA=0.048 idtB=0.072 D_A=0.070 D_B=0.122 D_A(real)=0.86 D_A(fake)=0.14 gnG=41.81 gnD=16.55 it_per_s=4.85
2026-10-03 18:22:40,593 INFO iter=606900 epoch=87 lr=4.22e-05 G=3.496 advA2B=0.622 advB2A=0.761 cycA=0.070 cycB=0.081 idtA=0.048 idtB=0.072 D_A=0.071 D_B=0.122 D_A(real)=0.86 D_A(fake)=0.14 gnG=41.66 gnD=16.58 it_per_s=4.81
2026-10-03 18:23:04,231 INFO iter=607000 epoch=87 lr=4.22e-05 G=3.496 advA2B=0.625 advB2A=0.762 cycA=0.070 cycB=0.081 idtA=0.048 idtB=0.072 D_A=0.071 D_B=0.122 D_A(real)=0.86 D_A(fake)=0.14 gnG=41.49 gnD=16.59 it_per_s=4.77
2026-10-03 18:23:24,969 INFO iter=607100 epoch=87 lr=4.22e-05 G=3.495 advA2B=0.623 advB2A=0.764 cycA=0.070 cycB=0.081 idtA=0.048 idtB=0.072 D_A=0.071 D_B=0.122 D_A(real)=0.86 D_A(fake)=0.14 gnG=41.39 gnD=16.58 it_per_s=4.77
2026-10-03 18:23:45,176 INFO iter=607200 epoch=87 lr=4.22e-05 G=3.498 advA2B=0.629 advB2A=0.763 cycA=0.070 cycB=0.081 idtA=0.048 idtB=0.071 D_A=0.070 D_B=0.121 D_A(real)=0.86 D_A(fake)=0.14 gnG=41.79 gnD=16.50 it_per_s=4.78
2026-10-03 18:24:05,316 INFO iter=607300 epoch=87 lr=4.21e-05 G=3.501 advA2B=0.629 advB2A=0.765 cycA=0.070 cycB=0.081 idtA=0.048 idtB=0.071 D_A=0.070 D_B=0.121 D_A(real)=0.86 D_A(fake)=0.14 gnG=41.54 gnD=16.48 it_per_s=4.79
2026-10-03 18:24:25,475 INFO iter=607400 epoch=87 lr=4.21e-05 G=3.501 advA2B=0.628 advB2A=0.767 cycA=0.070 cycB=0.081 idtA=0.048 idtB=0.071 D_A=0.070 D_B=0.120 D_A(real)=0.86 D_A(fake)=0.14 gnG=41.34 gnD=16.41 it_per_s=4.80
2026-10-03 18:24:45,612 INFO iter=607500 epoch=87 lr=4.21e-05 G=3.497 advA2B=0.626 advB2A=0.767 cycA=0.070 cycB=0.081 idtA=0.048 idtB=0.071 D_A=0.070 D_B=0.120 D_A(real)=0.86 D_A(fake)=0.14 gnG=41.15 gnD=16.39 it_per_s=4.80
2026-10-03 18:25:05,739 INFO iter=607600 epoch=87 lr=4.21e-05 G=3.502 advA2B=0.624 advB2A=0.772 cycA=0.070 cycB=0.081 idtA=0.048 idtB=0.071 D_A=0.070 D_B=0.121 D_A(real)=0.86 D_A(fake)=0.14 gnG=41.10 gnD=16.46 it_per_s=4.81
2026-10-03 18:25:25,868 INFO iter=607700 epoch=87 lr=4.21e-05 G=3.503 advA2B=0.624 advB2A=0.772 cycA=0.070 cycB=0.081 idtA=0.048 idtB=0.071 D_A=0.070 D_B=0.121 D_A(real)=0.86 D_A(fake)=0.14 gnG=41.02 gnD=16.43 it_per_s=4.82
2026-10-03 18:25:46,029 INFO iter=607800 epoch=87 lr=4.21e-05 G=3.498 advA2B=0.621 advB2A=0.770 cycA=0.070 cycB=0.081 idtA=0.048 idtB=0.071 D_A=0.070 D_B=0.121 D_A(real)=0.86 D_A(fake)=0.14 gnG=40.88 gnD=16.46 it_per_s=4.82
2026-10-03 18:26:06,156 INFO iter=607900 epoch=87 lr=4.20e-05 G=3.498 advA2B=0.620 advB2A=0.772 cycA=0.070 cycB=0.081 idtA=0.048 idtB=0.071 D_A=0.069 D_B=0.121 D_A(real)=0.86 D_A(fake)=0.13 gnG=40.76 gnD=16.44 it_per_s=4.83
2026-10-03 18:26:26,324 INFO iter=608000 epoch=87 lr=4.20e-05 G=3.493 advA2B=0.620 advB2A=0.771 cycA=0.070 cycB=0.080 idtA=0.048 idtB=0.071 D_A=0.069 D_B=0.121 D_A(real)=0.87 D_A(fake)=0.13 gnG=40.66 gnD=16.39 it_per_s=4.83
2026-10-03 18:26:46,473 INFO iter=608100 epoch=87 lr=4.20e-05 G=3.496 advA2B=0.619 advB2A=0.773 cycA=0.070 cycB=0.080 idtA=0.048 idtB=0.071 D_A=0.070 D_B=0.121 D_A(real)=0.86 D_A(fake)=0.14 gnG=40.81 gnD=16.41 it_per_s=4.84
2026-10-03 18:27:06,607 INFO iter=608200 epoch=87 lr=4.20e-05 G=3.495 advA2B=0.618 advB2A=0.773 cycA=0.070 cycB=0.080 idtA=0.048 idtB=0.071 D_A=0.069 D_B=0.121 D_A(real)=0.86 D_A(fake)=0.14 gnG=40.93 gnD=16.41 it_per_s=4.84
2026-10-03 18:27:26,781 INFO iter=608300 epoch=87 lr=4.20e-05 G=3.494 advA2B=0.616 advB2A=0.774 cycA=0.070 cycB=0.080 idtA=0.048 idtB=0.071 D_A=0.069 D_B=0.121 D_A(real)=0.86 D_A(fake)=0.14 gnG=40.85 gnD=16.42 it_per_s=4.85
2026-10-03 18:27:46,940 INFO iter=608400 epoch=87 lr=4.19e-05 G=3.492 advA2B=0.615 advB2A=0.773 cycA=0.070 cycB=0.080 idtA=0.048 idtB=0.071 D_A=0.069 D_B=0.121 D_A(real)=0.86 D_A(fake)=0.14 gnG=40.84 gnD=16.42 it_per_s=4.85
2026-10-03 18:28:07,060 INFO iter=608500 epoch=87 lr=4.19e-05 G=3.491 advA2B=0.614 advB2A=0.773 cycA=0.071 cycB=0.080 idtA=0.048 idtB=0.071 D_A=0.069 D_B=0.121 D_A(real)=0.86 D_A(fake)=0.14 gnG=40.83 gnD=16.46 it_per_s=4.85
2026-10-03 18:28:27,237 INFO iter=608600 epoch=87 lr=4.19e-05 G=3.490 advA2B=0.612 advB2A=0.773 cycA=0.070 cycB=0.081 idtA=0.048 idtB=0.071 D_A=0.069 D_B=0.121 D_A(real)=0.86 D_A(fake)=0.14 gnG=40.79 gnD=16.46 it_per_s=4.86
2026-10-03 18:28:47,372 INFO iter=608700 epoch=87 lr=4.19e-05 G=3.489 advA2B=0.612 advB2A=0.773 cycA=0.070 cycB=0.080 idtA=0.048 idtB=0.071 D_A=0.070 D_B=0.121 D_A(real)=0.86 D_A(fake)=0.14 gnG=40.73 gnD=16.46 it_per_s=4.86
2026-10-03 18:29:07,516 INFO iter=608800 epoch=87 lr=4.19e-05 G=3.490 advA2B=0.612 advB2A=0.773 cycA=0.071 cycB=0.080 idtA=0.048 idtB=0.071 D_A=0.070 D_B=0.121 D_A(real)=0.86 D_A(fake)=0.14 gnG=40.79 gnD=16.45 it_per_s=4.86
2026-10-03 18:29:27,633 INFO iter=608900 epoch=87 lr=4.19e-05 G=3.487 advA2B=0.612 advB2A=0.773 cycA=0.071 cycB=0.080 idtA=0.048 idtB=0.071 D_A=0.070 D_B=0.120 D_A(real)=0.86 D_A(fake)=0.14 gnG=40.73 gnD=16.45 it_per_s=4.87
2026-10-03 18:29:47,755 INFO iter=609000 epoch=87 lr=4.18e-05 G=3.488 advA2B=0.614 advB2A=0.772 cycA=0.070 cycB=0.080 idtA=0.048 idtB=0.071 D_A=0.070 D_B=0.120 D_A(real)=0.86 D_A(fake)=0.14 gnG=40.93 gnD=16.46 it_per_s=4.87
2026-10-03 18:30:07,946 INFO iter=609100 epoch=87 lr=4.18e-05 G=3.488 advA2B=0.614 advB2A=0.773 cycA=0.071 cycB=0.080 idtA=0.048 idtB=0.070 D_A=0.070 D_B=0.120 D_A(real)=0.86 D_A(fake)=0.14 gnG=40.88 gnD=16.51 it_per_s=4.87
2026-10-03 18:30:28,093 INFO iter=609200 epoch=87 lr=4.18e-05 G=3.487 advA2B=0.614 advB2A=0.773 cycA=0.071 cycB=0.080 idtA=0.048 idtB=0.070 D_A=0.071 D_B=0.120 D_A(real)=0.86 D_A(fake)=0.14 gnG=41.03 gnD=16.51 it_per_s=4.87
2026-10-03 18:30:48,300 INFO iter=609300 epoch=87 lr=4.18e-05 G=3.488 advA2B=0.615 advB2A=0.772 cycA=0.071 cycB=0.080 idtA=0.048 idtB=0.070 D_A=0.071 D_B=0.120 D_A(real)=0.86 D_A(fake)=0.14 gnG=41.14 gnD=16.49 it_per_s=4.87
2026-10-03 18:31:08,413 INFO iter=609400 epoch=87 lr=4.18e-05 G=3.488 advA2B=0.614 advB2A=0.773 cycA=0.071 cycB=0.080 idtA=0.048 idtB=0.071 D_A=0.071 D_B=0.121 D_A(real)=0.86 D_A(fake)=0.14 gnG=41.07 gnD=16.50 it_per_s=4.88
2026-10-03 18:31:28,531 INFO iter=609500 epoch=87 lr=4.17e-05 G=3.485 advA2B=0.615 advB2A=0.771 cycA=0.070 cycB=0.080 idtA=0.048 idtB=0.070 D_A=0.071 D_B=0.121 D_A(real)=0.86 D_A(fake)=0.14 gnG=40.95 gnD=16.51 it_per_s=4.88
2026-10-03 18:31:48,649 INFO iter=609600 epoch=87 lr=4.17e-05 G=3.484 advA2B=0.615 advB2A=0.772 cycA=0.070 cycB=0.080 idtA=0.048 idtB=0.070 D_A=0.071 D_B=0.121 D_A(real)=0.86 D_A(fake)=0.14 gnG=40.95 gnD=16.50 it_per_s=4.88
2026-10-03 18:32:08,781 INFO iter=609700 epoch=87 lr=4.17e-05 G=3.487 advA2B=0.616 advB2A=0.773 cycA=0.071 cycB=0.080 idtA=0.048 idtB=0.070 D_A=0.071 D_B=0.120 D_A(real)=0.86 D_A(fake)=0.14 gnG=40.93 gnD=16.49 it_per_s=4.88
2026-10-03 18:32:28,937 INFO iter=609800 epoch=87 lr=4.17e-05 G=3.485 advA2B=0.615 advB2A=0.774 cycA=0.070 cycB=0.080 idtA=0.048 idtB=0.070 D_A=0.071 D_B=0.121 D_A(real)=0.86 D_A(fake)=0.14 gnG=40.88 gnD=16.49 it_per_s=4.88
2026-10-03 18:32:49,083 INFO iter=609900 epoch=87 lr=4.17e-05 G=3.483 advA2B=0.615 advB2A=0.773 cycA=0.070 cycB=0.080 idtA=0.048 idtB=0.070 D_A=0.071 D_B=0.121 D_A(real)=0.86 D_A(fake)=0.14 gnG=40.87 gnD=16.48 it_per_s=4.89
2026-10-03 18:33:09,216 INFO iter=610000 epoch=87 lr=4.17e-05 G=3.484 advA2B=0.615 advB2A=0.773 cycA=0.070 cycB=0.080 idtA=0.048 idtB=0.070 D_A=0.070 D_B=0.121 D_A(real)=0.86 D_A(fake)=0.14 gnG=40.88 gnD=16.46 it_per_s=4.89
2026-10-03 18:33:29,354 INFO iter=610100 epoch=87 lr=4.16e-05 G=3.483 advA2B=0.615 advB2A=0.772 cycA=0.070 cycB=0.080 idtA=0.048 idtB=0.070 D_A=0.070 D_B=0.120 D_A(real)=0.86 D_A(fake)=0.14 gnG=40.79 gnD=16.46 it_per_s=4.89
2026-10-03 18:33:49,479 INFO iter=610200 epoch=87 lr=4.16e-05 G=3.484 advA2B=0.615 advB2A=0.773 cycA=0.070 cycB=0.080 idtA=0.048 idtB=0.070 D_A=0.071 D_B=0.120 D_A(real)=0.86 D_A(fake)=0.14 gnG=40.85 gnD=16.49 it_per_s=4.89
2026-10-03 18:34:09,619 INFO iter=610300 epoch=87 lr=4.16e-05 G=3.485 advA2B=0.614 advB2A=0.773 cycA=0.070 cycB=0.080 idtA=0.048 idtB=0.070 D_A=0.071 D_B=0.120 D_A(real)=0.86 D_A(fake)=0.14 gnG=40.79 gnD=16.48 it_per_s=4.89
2026-10-03 18:34:29,785 INFO iter=610400 epoch=87 lr=4.16e-05 G=3.485 advA2B=0.615 advB2A=0.774 cycA=0.070 cycB=0.080 idtA=0.048 idtB=0.070 D_A=0.071 D_B=0.120 D_A(real)=0.86 D_A(fake)=0.14 gnG=40.80 gnD=16.47 it_per_s=4.89
2026-10-03 18:34:49,887 INFO iter=610500 epoch=87 lr=4.16e-05 G=3.483 advA2B=0.615 advB2A=0.773 cycA=0.070 cycB=0.080 idtA=0.048 idtB=0.070 D_A=0.070 D_B=0.121 D_A(real)=0.86 D_A(fake)=0.14 gnG=40.85 gnD=16.48 it_per_s=4.90
2026-10-03 18:35:09,994 INFO iter=610600 epoch=87 lr=4.16e-05 G=3.483 advA2B=0.615 advB2A=0.772 cycA=0.070 cycB=0.080 idtA=0.048 idtB=0.070 D_A=0.071 D_B=0.121 D_A(real)=0.86 D_A(fake)=0.14 gnG=40.85 gnD=16.50 it_per_s=4.90
2026-10-03 18:35:30,124 INFO iter=610700 epoch=87 lr=4.15e-05 G=3.486 advA2B=0.617 advB2A=0.772 cycA=0.070 cycB=0.080 idtA=0.048 idtB=0.071 D_A=0.071 D_B=0.120 D_A(real)=0.86 D_A(fake)=0.14 gnG=40.99 gnD=16.50 it_per_s=4.90
2026-10-03 18:35:50,277 INFO iter=610800 epoch=87 lr=4.15e-05 G=3.487 advA2B=0.618 advB2A=0.771 cycA=0.070 cycB=0.080 idtA=0.048 idtB=0.071 D_A=0.071 D_B=0.120 D_A(real)=0.86 D_A(fake)=0.14 gnG=41.21 gnD=16.48 it_per_s=4.90
2026-10-03 18:36:10,420 INFO iter=610900 epoch=87 lr=4.15e-05 G=3.485 advA2B=0.618 advB2A=0.771 cycA=0.070 cycB=0.080 idtA=0.048 idtB=0.070 D_A=0.071 D_B=0.120 D_A(real)=0.86 D_A(fake)=0.14 gnG=41.29 gnD=16.49 it_per_s=4.90
2026-10-03 18:36:30,841 INFO iter=611000 epoch=87 lr=4.15e-05 G=3.487 advA2B=0.618 advB2A=0.771 cycA=0.071 cycB=0.080 idtA=0.048 idtB=0.071 D_A=0.071 D_B=0.120 D_A(real)=0.86 D_A(fake)=0.14 gnG=41.26 gnD=16.49 it_per_s=4.90
2026-10-03 18:36:51,060 INFO iter=611100 epoch=87 lr=4.15e-05 G=3.487 advA2B=0.617 advB2A=0.772 cycA=0.070 cycB=0.080 idtA=0.048 idtB=0.071 D_A=0.071 D_B=0.120 D_A(real)=0.86 D_A(fake)=0.14 gnG=41.26 gnD=16.51 it_per_s=4.90
2026-10-03 18:37:11,207 INFO iter=611200 epoch=87 lr=4.14e-05 G=3.487 advA2B=0.617 advB2A=0.773 cycA=0.071 cycB=0.080 idtA=0.048 idtB=0.071 D_A=0.071 D_B=0.121 D_A(real)=0.86 D_A(fake)=0.14 gnG=41.21 gnD=16.52 it_per_s=4.90
2026-10-03 18:37:31,424 INFO iter=611300 epoch=87 lr=4.14e-05 G=3.488 advA2B=0.617 advB2A=0.773 cycA=0.070 cycB=0.080 idtA=0.048 idtB=0.071 D_A=0.071 D_B=0.121 D_A(real)=0.86 D_A(fake)=0.14 gnG=41.19 gnD=16.52 it_per_s=4.90
2026-10-03 18:37:51,583 INFO iter=611400 epoch=87 lr=4.14e-05 G=3.487 advA2B=0.618 advB2A=0.772 cycA=0.070 cycB=0.080 idtA=0.048 idtB=0.071 D_A=0.071 D_B=0.121 D_A(real)=0.86 D_A(fake)=0.14 gnG=41.22 gnD=16.52 it_per_s=4.90
2026-10-03 18:38:11,727 INFO iter=611500 epoch=87 lr=4.14e-05 G=3.487 advA2B=0.618 advB2A=0.772 cycA=0.070 cycB=0.080 idtA=0.048 idtB=0.070 D_A=0.071 D_B=0.121 D_A(real)=0.86 D_A(fake)=0.14 gnG=41.17 gnD=16.51 it_per_s=4.90
2026-10-03 18:38:31,884 INFO iter=611600 epoch=87 lr=4.14e-05 G=3.487 advA2B=0.618 advB2A=0.772 cycA=0.070 cycB=0.080 idtA=0.048 idtB=0.070 D_A=0.071 D_B=0.121 D_A(real)=0.86 D_A(fake)=0.14 gnG=41.15 gnD=16.52 it_per_s=4.91
2026-10-03 18:38:52,027 INFO iter=611700 epoch=87 lr=4.14e-05 G=3.485 advA2B=0.617 advB2A=0.773 cycA=0.070 cycB=0.080 idtA=0.048 idtB=0.070 D_A=0.071 D_B=0.121 D_A(real)=0.86 D_A(fake)=0.14 gnG=41.13 gnD=16.52 it_per_s=4.91
2026-10-03 18:39:12,158 INFO iter=611800 epoch=87 lr=4.13e-05 G=3.484 advA2B=0.616 advB2A=0.774 cycA=0.070 cycB=0.080 idtA=0.048 idtB=0.070 D_A=0.071 D_B=0.121 D_A(real)=0.86 D_A(fake)=0.14 gnG=41.10 gnD=16.51 it_per_s=4.91
2026-10-03 18:39:32,329 INFO iter=611900 epoch=87 lr=4.13e-05 G=3.484 advA2B=0.616 advB2A=0.773 cycA=0.070 cycB=0.080 idtA=0.048 idtB=0.070 D_A=0.071 D_B=0.121 D_A(real)=0.86 D_A(fake)=0.14 gnG=41.18 gnD=16.50 it_per_s=4.91
2026-10-03 18:39:52,467 INFO iter=612000 epoch=87 lr=4.13e-05 G=3.482 advA2B=0.616 advB2A=0.773 cycA=0.070 cycB=0.080 idtA=0.048 idtB=0.070 D_A=0.071 D_B=0.120 D_A(real)=0.86 D_A(fake)=0.14 gnG=41.10 gnD=16.50 it_per_s=4.91
2026-10-03 18:40:12,627 INFO iter=612100 epoch=87 lr=4.13e-05 G=3.483 advA2B=0.616 advB2A=0.773 cycA=0.070 cycB=0.080 idtA=0.048 idtB=0.070 D_A=0.071 D_B=0.120 D_A(real)=0.86 D_A(fake)=0.14 gnG=41.10 gnD=16.49 it_per_s=4.91
2026-10-03 18:40:32,883 INFO iter=612200 epoch=87 lr=4.13e-05 G=3.483 advA2B=0.615 advB2A=0.774 cycA=0.070 cycB=0.080 idtA=0.048 idtB=0.070 D_A=0.071 D_B=0.121 D_A(real)=0.86 D_A(fake)=0.14 gnG=41.10 gnD=16.50 it_per_s=4.91
2026-10-03 18:40:53,049 INFO iter=612300 epoch=87 lr=4.13e-05 G=3.483 advA2B=0.615 advB2A=0.773 cycA=0.070 cycB=0.080 idtA=0.048 idtB=0.070 D_A=0.071 D_B=0.121 D_A(real)=0.86 D_A(fake)=0.14 gnG=41.08 gnD=16.51 it_per_s=4.91
2026-10-03 18:40:54,253 INFO epoch=87 done time_s=1433 it_per_s=4.91 G=3.483 cycA=0.070 cycB=0.080 idtA=0.048 idtB=0.070 D_A=0.070 D_B=0.121 D_A(real)=0.86 D_A(fake)=0.14 nan_count=0
2026-10-03 18:41:13,991 INFO iter=612400 epoch=88 lr=4.12e-05 G=3.387 advA2B=0.604 advB2A=0.757 cycA=0.069 cycB=0.078 idtA=0.047 idtB=0.064 D_A=0.063 D_B=0.113 D_A(real)=0.88 D_A(fake)=0.12 gnG=41.91 gnD=15.74 it_per_s=4.97
2026-10-03 18:41:34,170 INFO iter=612500 epoch=88 lr=4.12e-05 G=3.407 advA2B=0.598 advB2A=0.765 cycA=0.069 cycB=0.078 idtA=0.047 idtB=0.067 D_A=0.064 D_B=0.118 D_A(real)=0.88 D_A(fake)=0.12 gnG=41.23 gnD=15.99 it_per_s=4.96
2026-10-03 18:41:54,300 INFO iter=612600 epoch=88 lr=4.12e-05 G=3.433 advA2B=0.605 advB2A=0.775 cycA=0.069 cycB=0.079 idtA=0.047 idtB=0.068 D_A=0.066 D_B=0.115 D_A(real)=0.87 D_A(fake)=0.13 gnG=40.57 gnD=15.85 it_per_s=4.96
2026-10-03 18:42:14,465 INFO iter=612700 epoch=88 lr=4.12e-05 G=3.464 advA2B=0.624 advB2A=0.778 cycA=0.070 cycB=0.079 idtA=0.047 idtB=0.069 D_A=0.065 D_B=0.117 D_A(real)=0.87 D_A(fake)=0.13 gnG=42.49 gnD=15.89 it_per_s=4.96
2026-10-03 18:42:34,600 INFO iter=612800 epoch=88 lr=4.12e-05 G=3.468 advA2B=0.635 advB2A=0.773 cycA=0.070 cycB=0.078 idtA=0.048 idtB=0.069 D_A=0.065 D_B=0.114 D_A(real)=0.88 D_A(fake)=0.12 gnG=44.03 gnD=15.69 it_per_s=4.96
2026-10-03 18:42:54,725 INFO iter=612900 epoch=88 lr=4.11e-05 G=3.479 advA2B=0.632 advB2A=0.780 cycA=0.070 cycB=0.078 idtA=0.048 idtB=0.070 D_A=0.066 D_B=0.113 D_A(real)=0.88 D_A(fake)=0.12 gnG=43.99 gnD=15.75 it_per_s=4.96
2026-10-03 18:43:14,860 INFO iter=613000 epoch=88 lr=4.11e-05 G=3.472 advA2B=0.633 advB2A=0.780 cycA=0.070 cycB=0.078 idtA=0.047 idtB=0.069 D_A=0.067 D_B=0.115 D_A(real)=0.88 D_A(fake)=0.12 gnG=44.15 gnD=15.89 it_per_s=4.96
2026-10-03 18:43:34,942 INFO iter=613100 epoch=88 lr=4.11e-05 G=3.467 advA2B=0.636 advB2A=0.779 cycA=0.070 cycB=0.078 idtA=0.047 idtB=0.068 D_A=0.068 D_B=0.116 D_A(real)=0.87 D_A(fake)=0.13 gnG=43.33 gnD=16.02 it_per_s=4.97
2026-10-03 18:43:55,043 INFO iter=613200 epoch=88 lr=4.11e-05 G=3.458 advA2B=0.625 advB2A=0.774 cycA=0.070 cycB=0.078 idtA=0.047 idtB=0.069 D_A=0.068 D_B=0.117 D_A(real)=0.87 D_A(fake)=0.13 gnG=42.47 gnD=16.20 it_per_s=4.97
2026-10-03 18:44:15,191 INFO iter=613300 epoch=88 lr=4.11e-05 G=3.462 advA2B=0.627 advB2A=0.773 cycA=0.070 cycB=0.078 idtA=0.048 idtB=0.069 D_A=0.069 D_B=0.116 D_A(real)=0.87 D_A(fake)=0.13 gnG=42.62 gnD=16.30 it_per_s=4.97
2026-10-03 18:44:35,344 INFO iter=613400 epoch=88 lr=4.11e-05 G=3.459 advA2B=0.624 advB2A=0.774 cycA=0.070 cycB=0.078 idtA=0.048 idtB=0.069 D_A=0.069 D_B=0.116 D_A(real)=0.87 D_A(fake)=0.13 gnG=42.62 gnD=16.33 it_per_s=4.97
2026-10-03 18:44:54,916 INFO iter=613500 epoch=88 lr=4.10e-05 G=3.455 advA2B=0.625 advB2A=0.768 cycA=0.070 cycB=0.078 idtA=0.048 idtB=0.069 D_A=0.070 D_B=0.117 D_A(real)=0.86 D_A(fake)=0.14 gnG=42.54 gnD=16.40 it_per_s=4.98
2026-10-03 18:45:15,035 INFO iter=613600 epoch=88 lr=4.10e-05 G=3.459 advA2B=0.624 advB2A=0.770 cycA=0.070 cycB=0.078 idtA=0.048 idtB=0.069 D_A=0.071 D_B=0.117 D_A(real)=0.86 D_A(fake)=0.14 gnG=42.44 gnD=16.38 it_per_s=4.98
2026-10-03 18:45:35,171 INFO iter=613700 epoch=88 lr=4.10e-05 G=3.460 advA2B=0.625 advB2A=0.766 cycA=0.070 cycB=0.078 idtA=0.048 idtB=0.069 D_A=0.070 D_B=0.117 D_A(real)=0.86 D_A(fake)=0.14 gnG=42.48 gnD=16.39 it_per_s=4.98
2026-10-03 18:45:55,350 INFO iter=613800 epoch=88 lr=4.10e-05 G=3.461 advA2B=0.622 advB2A=0.767 cycA=0.070 cycB=0.079 idtA=0.048 idtB=0.070 D_A=0.069 D_B=0.117 D_A(real)=0.87 D_A(fake)=0.13 gnG=42.26 gnD=16.36 it_per_s=4.98
2026-10-03 18:46:15,484 INFO iter=613900 epoch=88 lr=4.10e-05 G=3.468 advA2B=0.620 advB2A=0.773 cycA=0.070 cycB=0.079 idtA=0.048 idtB=0.070 D_A=0.069 D_B=0.118 D_A(real)=0.87 D_A(fake)=0.13 gnG=42.27 gnD=16.35 it_per_s=4.97
2026-10-03 18:46:35,655 INFO iter=614000 epoch=88 lr=4.09e-05 G=3.464 advA2B=0.618 advB2A=0.771 cycA=0.070 cycB=0.079 idtA=0.048 idtB=0.070 D_A=0.070 D_B=0.118 D_A(real)=0.87 D_A(fake)=0.13 gnG=42.50 gnD=16.43 it_per_s=4.97
2026-10-03 18:46:55,833 INFO iter=614100 epoch=88 lr=4.09e-05 G=3.470 advA2B=0.622 advB2A=0.771 cycA=0.070 cycB=0.079 idtA=0.048 idtB=0.070 D_A=0.070 D_B=0.118 D_A(real)=0.87 D_A(fake)=0.13 gnG=42.70 gnD=16.43 it_per_s=4.97
2026-10-03 18:47:15,953 INFO iter=614200 epoch=88 lr=4.09e-05 G=3.470 advA2B=0.620 advB2A=0.770 cycA=0.070 cycB=0.079 idtA=0.048 idtB=0.070 D_A=0.070 D_B=0.118 D_A(real)=0.86 D_A(fake)=0.13 gnG=42.55 gnD=16.46 it_per_s=4.97
2026-10-03 18:47:36,084 INFO iter=614300 epoch=88 lr=4.09e-05 G=3.471 advA2B=0.619 advB2A=0.773 cycA=0.070 cycB=0.079 idtA=0.048 idtB=0.070 D_A=0.070 D_B=0.118 D_A(real)=0.87 D_A(fake)=0.13 gnG=42.41 gnD=16.44 it_per_s=4.97
2026-10-03 18:47:56,221 INFO iter=614400 epoch=88 lr=4.09e-05 G=3.477 advA2B=0.620 advB2A=0.772 cycA=0.070 cycB=0.079 idtA=0.048 idtB=0.070 D_A=0.070 D_B=0.118 D_A(real)=0.86 D_A(fake)=0.14 gnG=42.52 gnD=16.42 it_per_s=4.97
2026-10-03 18:48:16,412 INFO iter=614500 epoch=88 lr=4.09e-05 G=3.474 advA2B=0.619 advB2A=0.772 cycA=0.070 cycB=0.079 idtA=0.048 idtB=0.070 D_A=0.070 D_B=0.119 D_A(real)=0.86 D_A(fake)=0.14 gnG=42.37 gnD=16.42 it_per_s=4.97
2026-10-03 18:48:36,567 INFO iter=614600 epoch=88 lr=4.08e-05 G=3.478 advA2B=0.619 advB2A=0.772 cycA=0.070 cycB=0.079 idtA=0.048 idtB=0.070 D_A=0.070 D_B=0.118 D_A(real)=0.86 D_A(fake)=0.14 gnG=42.46 gnD=16.45 it_per_s=4.97
2026-10-03 18:48:56,753 INFO iter=614700 epoch=88 lr=4.08e-05 G=3.476 advA2B=0.619 advB2A=0.771 cycA=0.070 cycB=0.079 idtA=0.048 idtB=0.070 D_A=0.070 D_B=0.119 D_A(real)=0.86 D_A(fake)=0.14 gnG=42.23 gnD=16.45 it_per_s=4.97
2026-10-03 18:49:16,901 INFO iter=614800 epoch=88 lr=4.08e-05 G=3.475 advA2B=0.619 advB2A=0.769 cycA=0.070 cycB=0.079 idtA=0.048 idtB=0.070 D_A=0.070 D_B=0.119 D_A(real)=0.86 D_A(fake)=0.14 gnG=42.14 gnD=16.44 it_per_s=4.97
2026-10-03 18:49:37,013 INFO iter=614900 epoch=88 lr=4.08e-05 G=3.475 advA2B=0.618 advB2A=0.771 cycA=0.070 cycB=0.079 idtA=0.048 idtB=0.070 D_A=0.070 D_B=0.119 D_A(real)=0.86 D_A(fake)=0.14 gnG=42.31 gnD=16.41 it_per_s=4.97
2026-10-03 18:49:57,167 INFO iter=615000 epoch=88 lr=4.08e-05 G=3.481 advA2B=0.617 advB2A=0.773 cycA=0.070 cycB=0.080 idtA=0.048 idtB=0.070 D_A=0.070 D_B=0.120 D_A(real)=0.86 D_A(fake)=0.14 gnG=42.60 gnD=16.44 it_per_s=4.97
2026-10-03 18:50:17,325 INFO iter=615100 epoch=88 lr=4.08e-05 G=3.481 advA2B=0.617 advB2A=0.775 cycA=0.070 cycB=0.080 idtA=0.048 idtB=0.070 D_A=0.070 D_B=0.120 D_A(real)=0.86 D_A(fake)=0.14 gnG=42.47 gnD=16.44 it_per_s=4.97
2026-10-03 18:50:37,450 INFO iter=615200 epoch=88 lr=4.07e-05 G=3.482 advA2B=0.617 advB2A=0.774 cycA=0.070 cycB=0.080 idtA=0.048 idtB=0.070 D_A=0.070 D_B=0.120 D_A(real)=0.86 D_A(fake)=0.14 gnG=42.28 gnD=16.42 it_per_s=4.97
2026-10-03 18:50:57,583 INFO iter=615300 epoch=88 lr=4.07e-05 G=3.477 advA2B=0.617 advB2A=0.774 cycA=0.070 cycB=0.079 idtA=0.048 idtB=0.070 D_A=0.070 D_B=0.120 D_A(real)=0.86 D_A(fake)=0.14 gnG=42.24 gnD=16.48 it_per_s=4.97
2026-10-03 18:51:17,720 INFO iter=615400 epoch=88 lr=4.07e-05 G=3.476 advA2B=0.617 advB2A=0.773 cycA=0.070 cycB=0.079 idtA=0.048 idtB=0.070 D_A=0.070 D_B=0.119 D_A(real)=0.86 D_A(fake)=0.14 gnG=42.21 gnD=16.47 it_per_s=4.97
2026-10-03 18:51:37,861 INFO iter=615500 epoch=88 lr=4.07e-05 G=3.475 advA2B=0.616 advB2A=0.770 cycA=0.070 cycB=0.079 idtA=0.048 idtB=0.070 D_A=0.070 D_B=0.120 D_A(real)=0.86 D_A(fake)=0.14 gnG=42.05 gnD=16.45 it_per_s=4.97
2026-10-03 18:51:58,008 INFO iter=615600 epoch=88 lr=4.07e-05 G=3.473 advA2B=0.616 advB2A=0.771 cycA=0.070 cycB=0.079 idtA=0.048 idtB=0.070 D_A=0.070 D_B=0.119 D_A(real)=0.86 D_A(fake)=0.14 gnG=42.06 gnD=16.42 it_per_s=4.97
2026-10-03 18:52:18,180 INFO iter=615700 epoch=88 lr=4.06e-05 G=3.477 advA2B=0.617 advB2A=0.772 cycA=0.070 cycB=0.079 idtA=0.048 idtB=0.070 D_A=0.070 D_B=0.119 D_A(real)=0.86 D_A(fake)=0.14 gnG=42.19 gnD=16.38 it_per_s=4.97
2026-10-03 18:52:38,339 INFO iter=615800 epoch=88 lr=4.06e-05 G=3.476 advA2B=0.618 advB2A=0.770 cycA=0.070 cycB=0.079 idtA=0.048 idtB=0.070 D_A=0.070 D_B=0.119 D_A(real)=0.86 D_A(fake)=0.14 gnG=42.25 gnD=16.36 it_per_s=4.97
2026-10-03 18:52:58,467 INFO iter=615900 epoch=88 lr=4.06e-05 G=3.478 advA2B=0.619 advB2A=0.771 cycA=0.070 cycB=0.079 idtA=0.048 idtB=0.070 D_A=0.070 D_B=0.118 D_A(real)=0.86 D_A(fake)=0.14 gnG=42.42 gnD=16.37 it_per_s=4.97
2026-10-03 18:53:18,633 INFO iter=616000 epoch=88 lr=4.06e-05 G=3.475 advA2B=0.618 advB2A=0.771 cycA=0.070 cycB=0.079 idtA=0.048 idtB=0.070 D_A=0.070 D_B=0.118 D_A(real)=0.86 D_A(fake)=0.14 gnG=42.32 gnD=16.36 it_per_s=4.97
2026-10-03 18:53:38,785 INFO iter=616100 epoch=88 lr=4.06e-05 G=3.474 advA2B=0.618 advB2A=0.771 cycA=0.070 cycB=0.079 idtA=0.048 idtB=0.070 D_A=0.070 D_B=0.118 D_A(real)=0.86 D_A(fake)=0.14 gnG=42.34 gnD=16.37 it_per_s=4.97
2026-10-03 18:53:58,942 INFO iter=616200 epoch=88 lr=4.06e-05 G=3.473 advA2B=0.618 advB2A=0.770 cycA=0.070 cycB=0.079 idtA=0.048 idtB=0.070 D_A=0.070 D_B=0.118 D_A(real)=0.86 D_A(fake)=0.14 gnG=42.48 gnD=16.38 it_per_s=4.97
2026-10-03 18:54:19,104 INFO iter=616300 epoch=88 lr=4.05e-05 G=3.469 advA2B=0.616 advB2A=0.769 cycA=0.070 cycB=0.079 idtA=0.048 idtB=0.070 D_A=0.070 D_B=0.118 D_A(real)=0.86 D_A(fake)=0.14 gnG=42.30 gnD=16.41 it_per_s=4.97
2026-10-03 18:54:39,230 INFO iter=616400 epoch=88 lr=4.05e-05 G=3.468 advA2B=0.617 advB2A=0.769 cycA=0.070 cycB=0.079 idtA=0.048 idtB=0.070 D_A=0.070 D_B=0.119 D_A(real)=0.86 D_A(fake)=0.14 gnG=42.31 gnD=16.43 it_per_s=4.97
2026-10-03 18:54:59,356 INFO iter=616500 epoch=88 lr=4.05e-05 G=3.468 advA2B=0.617 advB2A=0.769 cycA=0.070 cycB=0.079 idtA=0.048 idtB=0.070 D_A=0.070 D_B=0.119 D_A(real)=0.86 D_A(fake)=0.14 gnG=42.32 gnD=16.46 it_per_s=4.97
2026-10-03 18:55:19,551 INFO iter=616600 epoch=88 lr=4.05e-05 G=3.468 advA2B=0.617 advB2A=0.769 cycA=0.070 cycB=0.079 idtA=0.048 idtB=0.070 D_A=0.070 D_B=0.119 D_A(real)=0.86 D_A(fake)=0.14 gnG=42.20 gnD=16.48 it_per_s=4.97
2026-10-03 18:55:39,654 INFO iter=616700 epoch=88 lr=4.05e-05 G=3.470 advA2B=0.617 advB2A=0.769 cycA=0.070 cycB=0.079 idtA=0.048 idtB=0.070 D_A=0.070 D_B=0.119 D_A(real)=0.86 D_A(fake)=0.14 gnG=42.23 gnD=16.49 it_per_s=4.97
2026-10-03 18:55:59,816 INFO iter=616800 epoch=88 lr=4.05e-05 G=3.471 advA2B=0.618 advB2A=0.770 cycA=0.070 cycB=0.079 idtA=0.048 idtB=0.070 D_A=0.070 D_B=0.119 D_A(real)=0.86 D_A(fake)=0.14 gnG=42.20 gnD=16.48 it_per_s=4.97
2026-10-03 18:56:19,941 INFO iter=616900 epoch=88 lr=4.04e-05 G=3.470 advA2B=0.618 advB2A=0.770 cycA=0.070 cycB=0.079 idtA=0.048 idtB=0.070 D_A=0.070 D_B=0.119 D_A(real)=0.86 D_A(fake)=0.14 gnG=42.26 gnD=16.49 it_per_s=4.97
2026-10-03 18:56:40,076 INFO iter=617000 epoch=88 lr=4.04e-05 G=3.471 advA2B=0.618 advB2A=0.770 cycA=0.070 cycB=0.079 idtA=0.048 idtB=0.070 D_A=0.070 D_B=0.119 D_A(real)=0.86 D_A(fake)=0.14 gnG=42.25 gnD=16.50 it_per_s=4.97
2026-10-03 18:57:00,216 INFO iter=617100 epoch=88 lr=4.04e-05 G=3.473 advA2B=0.619 advB2A=0.771 cycA=0.070 cycB=0.079 idtA=0.048 idtB=0.070 D_A=0.070 D_B=0.119 D_A(real)=0.86 D_A(fake)=0.14 gnG=42.19 gnD=16.50 it_per_s=4.97
2026-10-03 18:57:20,418 INFO iter=617200 epoch=88 lr=4.04e-05 G=3.473 advA2B=0.619 advB2A=0.771 cycA=0.070 cycB=0.079 idtA=0.048 idtB=0.070 D_A=0.070 D_B=0.119 D_A(real)=0.86 D_A(fake)=0.14 gnG=42.18 gnD=16.51 it_per_s=4.97
2026-10-03 18:57:40,539 INFO iter=617300 epoch=88 lr=4.04e-05 G=3.473 advA2B=0.619 advB2A=0.771 cycA=0.070 cycB=0.079 idtA=0.048 idtB=0.070 D_A=0.070 D_B=0.119 D_A(real)=0.86 D_A(fake)=0.14 gnG=42.13 gnD=16.53 it_per_s=4.97
2026-10-03 18:58:00,725 INFO iter=617400 epoch=88 lr=4.03e-05 G=3.474 advA2B=0.620 advB2A=0.772 cycA=0.070 cycB=0.079 idtA=0.048 idtB=0.070 D_A=0.070 D_B=0.119 D_A(real)=0.86 D_A(fake)=0.14 gnG=42.22 gnD=16.51 it_per_s=4.97
2026-10-03 18:58:20,846 INFO iter=617500 epoch=88 lr=4.03e-05 G=3.475 advA2B=0.619 advB2A=0.773 cycA=0.070 cycB=0.079 idtA=0.048 idtB=0.070 D_A=0.070 D_B=0.119 D_A(real)=0.86 D_A(fake)=0.14 gnG=42.26 gnD=16.52 it_per_s=4.97
2026-10-03 18:58:40,985 INFO iter=617600 epoch=88 lr=4.03e-05 G=3.474 advA2B=0.619 advB2A=0.773 cycA=0.070 cycB=0.079 idtA=0.048 idtB=0.069 D_A=0.070 D_B=0.119 D_A(real)=0.86 D_A(fake)=0.14 gnG=42.24 gnD=16.51 it_per_s=4.97
2026-10-03 18:59:01,130 INFO iter=617700 epoch=88 lr=4.03e-05 G=3.474 advA2B=0.619 advB2A=0.773 cycA=0.070 cycB=0.079 idtA=0.048 idtB=0.069 D_A=0.070 D_B=0.119 D_A(real)=0.86 D_A(fake)=0.14 gnG=42.15 gnD=16.54 it_per_s=4.97
2026-10-03 18:59:21,259 INFO iter=617800 epoch=88 lr=4.03e-05 G=3.472 advA2B=0.618 advB2A=0.772 cycA=0.070 cycB=0.079 idtA=0.048 idtB=0.069 D_A=0.070 D_B=0.119 D_A(real)=0.86 D_A(fake)=0.14 gnG=42.14 gnD=16.56 it_per_s=4.97
2026-10-03 18:59:41,407 INFO iter=617900 epoch=88 lr=4.03e-05 G=3.472 advA2B=0.618 advB2A=0.773 cycA=0.070 cycB=0.079 idtA=0.048 idtB=0.069 D_A=0.070 D_B=0.119 D_A(real)=0.86 D_A(fake)=0.14 gnG=42.11 gnD=16.58 it_per_s=4.97
2026-10-03 19:00:01,522 INFO iter=618000 epoch=88 lr=4.02e-05 G=3.474 advA2B=0.618 advB2A=0.773 cycA=0.070 cycB=0.079 idtA=0.048 idtB=0.070 D_A=0.070 D_B=0.119 D_A(real)=0.86 D_A(fake)=0.14 gnG=42.15 gnD=16.60 it_per_s=4.97
2026-10-03 19:00:21,666 INFO iter=618100 epoch=88 lr=4.02e-05 G=3.475 advA2B=0.617 advB2A=0.772 cycA=0.071 cycB=0.079 idtA=0.048 idtB=0.070 D_A=0.070 D_B=0.120 D_A(real)=0.86 D_A(fake)=0.14 gnG=42.11 gnD=16.62 it_per_s=4.97
2026-10-03 19:00:41,780 INFO iter=618200 epoch=88 lr=4.02e-05 G=3.475 advA2B=0.618 advB2A=0.772 cycA=0.071 cycB=0.079 idtA=0.048 idtB=0.070 D_A=0.070 D_B=0.120 D_A(real)=0.86 D_A(fake)=0.14 gnG=42.14 gnD=16.62 it_per_s=4.97
2026-10-03 19:01:01,901 INFO iter=618300 epoch=88 lr=4.02e-05 G=3.475 advA2B=0.619 advB2A=0.772 cycA=0.071 cycB=0.079 idtA=0.048 idtB=0.070 D_A=0.070 D_B=0.120 D_A(real)=0.86 D_A(fake)=0.14 gnG=42.08 gnD=16.61 it_per_s=4.97
2026-10-03 19:01:22,016 INFO iter=618400 epoch=88 lr=4.02e-05 G=3.475 advA2B=0.618 advB2A=0.773 cycA=0.070 cycB=0.079 idtA=0.048 idtB=0.070 D_A=0.070 D_B=0.120 D_A(real)=0.86 D_A(fake)=0.14 gnG=42.08 gnD=16.60 it_per_s=4.97
2026-10-03 19:01:42,159 INFO iter=618500 epoch=88 lr=4.02e-05 G=3.476 advA2B=0.618 advB2A=0.774 cycA=0.071 cycB=0.079 idtA=0.048 idtB=0.070 D_A=0.070 D_B=0.120 D_A(real)=0.86 D_A(fake)=0.14 gnG=42.05 gnD=16.60 it_per_s=4.97
2026-10-03 19:02:02,269 INFO iter=618600 epoch=88 lr=4.01e-05 G=3.477 advA2B=0.617 advB2A=0.774 cycA=0.071 cycB=0.079 idtA=0.048 idtB=0.070 D_A=0.070 D_B=0.120 D_A(real)=0.86 D_A(fake)=0.14 gnG=42.16 gnD=16.62 it_per_s=4.97
2026-10-03 19:02:22,390 INFO iter=618700 epoch=88 lr=4.01e-05 G=3.477 advA2B=0.618 advB2A=0.775 cycA=0.071 cycB=0.079 idtA=0.048 idtB=0.070 D_A=0.070 D_B=0.120 D_A(real)=0.86 D_A(fake)=0.14 gnG=42.17 gnD=16.62 it_per_s=4.97
2026-10-03 19:02:42,508 INFO iter=618800 epoch=88 lr=4.01e-05 G=3.478 advA2B=0.618 advB2A=0.774 cycA=0.071 cycB=0.079 idtA=0.048 idtB=0.070 D_A=0.070 D_B=0.120 D_A(real)=0.86 D_A(fake)=0.14 gnG=42.17 gnD=16.63 it_per_s=4.97
2026-10-03 19:03:02,675 INFO iter=618900 epoch=88 lr=4.01e-05 G=3.478 advA2B=0.617 advB2A=0.775 cycA=0.071 cycB=0.079 idtA=0.048 idtB=0.070 D_A=0.069 D_B=0.120 D_A(real)=0.86 D_A(fake)=0.14 gnG=42.13 gnD=16.62 it_per_s=4.97
2026-10-03 19:03:22,787 INFO iter=619000 epoch=88 lr=4.01e-05 G=3.479 advA2B=0.618 advB2A=0.774 cycA=0.071 cycB=0.079 idtA=0.048 idtB=0.070 D_A=0.070 D_B=0.120 D_A(real)=0.86 D_A(fake)=0.14 gnG=42.13 gnD=16.61 it_per_s=4.97
2026-10-03 19:03:42,915 INFO iter=619100 epoch=88 lr=4.00e-05 G=3.479 advA2B=0.618 advB2A=0.775 cycA=0.071 cycB=0.079 idtA=0.048 idtB=0.070 D_A=0.070 D_B=0.120 D_A(real)=0.86 D_A(fake)=0.14 gnG=42.23 gnD=16.64 it_per_s=4.97
2026-10-03 19:04:03,110 INFO iter=619200 epoch=88 lr=4.00e-05 G=3.480 advA2B=0.619 advB2A=0.774 cycA=0.071 cycB=0.079 idtA=0.048 idtB=0.070 D_A=0.070 D_B=0.120 D_A(real)=0.86 D_A(fake)=0.14 gnG=42.24 gnD=16.63 it_per_s=4.97
2026-10-03 19:04:23,289 INFO iter=619300 epoch=88 lr=4.00e-05 G=3.479 advA2B=0.619 advB2A=0.774 cycA=0.071 cycB=0.079 idtA=0.048 idtB=0.070 D_A=0.070 D_B=0.120 D_A(real)=0.86 D_A(fake)=0.14 gnG=42.17 gnD=16.64 it_per_s=4.97
2026-10-03 19:04:32,169 INFO epoch=88 done time_s=1417 it_per_s=4.97 G=3.479 cycA=0.071 cycB=0.079 idtA=0.048 idtB=0.070 D_A=0.070 D_B=0.120 D_A(real)=0.86 D_A(fake)=0.14 nan_count=0
2026-10-03 19:04:43,891 INFO iter=619400 epoch=89 lr=4.00e-05 G=3.352 advA2B=0.637 advB2A=0.668 cycA=0.072 cycB=0.074 idtA=0.049 idtB=0.068 D_A=0.073 D_B=0.110 D_A(real)=0.84 D_A(fake)=0.16 gnG=47.32 gnD=15.73 it_per_s=5.14
2026-10-03 19:05:03,795 INFO iter=619500 epoch=89 lr=4.00e-05 G=3.415 advA2B=0.641 advB2A=0.711 cycA=0.070 cycB=0.079 idtA=0.047 idtB=0.069 D_A=0.064 D_B=0.111 D_A(real)=0.86 D_A(fake)=0.14 gnG=43.85 gnD=15.13 it_per_s=5.07
2026-10-03 19:05:23,949 INFO iter=619600 epoch=89 lr=4.00e-05 G=3.468 advA2B=0.635 advB2A=0.750 cycA=0.069 cycB=0.080 idtA=0.047 idtB=0.071 D_A=0.067 D_B=0.114 D_A(real)=0.87 D_A(fake)=0.13 gnG=43.88 gnD=15.53 it_per_s=5.02
2026-10-03 19:05:44,121 INFO iter=619700 epoch=89 lr=3.99e-05 G=3.448 advA2B=0.627 advB2A=0.758 cycA=0.069 cycB=0.079 idtA=0.047 idtB=0.070 D_A=0.068 D_B=0.118 D_A(real)=0.86 D_A(fake)=0.13 gnG=43.21 gnD=16.07 it_per_s=5.01
2026-10-03 19:06:04,287 INFO iter=619800 epoch=89 lr=3.99e-05 G=3.471 advA2B=0.626 advB2A=0.762 cycA=0.069 cycB=0.080 idtA=0.047 idtB=0.071 D_A=0.069 D_B=0.117 D_A(real)=0.86 D_A(fake)=0.14 gnG=44.32 gnD=16.15 it_per_s=5.00
2026-10-03 19:06:24,411 INFO iter=619900 epoch=89 lr=3.99e-05 G=3.476 advA2B=0.625 advB2A=0.766 cycA=0.069 cycB=0.080 idtA=0.048 idtB=0.071 D_A=0.070 D_B=0.116 D_A(real)=0.86 D_A(fake)=0.14 gnG=45.01 gnD=16.11 it_per_s=4.99
2026-10-03 19:06:44,801 INFO iter=620000 epoch=89 lr=3.99e-05 G=3.482 advA2B=0.628 advB2A=0.770 cycA=0.070 cycB=0.080 idtA=0.048 idtB=0.071 D_A=0.071 D_B=0.115 D_A(real)=0.86 D_A(fake)=0.14 gnG=44.74 gnD=15.99 it_per_s=4.98
2026-10-03 19:07:04,922 INFO iter=620100 epoch=89 lr=3.99e-05 G=3.475 advA2B=0.625 advB2A=0.772 cycA=0.070 cycB=0.079 idtA=0.048 idtB=0.070 D_A=0.070 D_B=0.116 D_A(real)=0.86 D_A(fake)=0.14 gnG=44.19 gnD=16.10 it_per_s=4.98
2026-10-03 19:07:25,096 INFO iter=620200 epoch=89 lr=3.98e-05 G=3.471 advA2B=0.623 advB2A=0.774 cycA=0.070 cycB=0.079 idtA=0.048 idtB=0.070 D_A=0.070 D_B=0.116 D_A(real)=0.86 D_A(fake)=0.14 gnG=44.03 gnD=16.11 it_per_s=4.97
2026-10-03 19:07:45,250 INFO iter=620300 epoch=89 lr=3.98e-05 G=3.484 advA2B=0.623 advB2A=0.778 cycA=0.070 cycB=0.079 idtA=0.048 idtB=0.070 D_A=0.071 D_B=0.116 D_A(real)=0.86 D_A(fake)=0.14 gnG=44.03 gnD=16.14 it_per_s=4.97
2026-10-03 19:08:05,376 INFO iter=620400 epoch=89 lr=3.98e-05 G=3.472 advA2B=0.623 advB2A=0.776 cycA=0.070 cycB=0.079 idtA=0.048 idtB=0.070 D_A=0.071 D_B=0.115 D_A(real)=0.86 D_A(fake)=0.14 gnG=43.81 gnD=16.16 it_per_s=4.97
2026-10-03 19:08:24,716 INFO iter=620500 epoch=89 lr=3.98e-05 G=3.476 advA2B=0.624 advB2A=0.780 cycA=0.070 cycB=0.079 idtA=0.047 idtB=0.070 D_A=0.070 D_B=0.116 D_A(real)=0.86 D_A(fake)=0.14 gnG=43.69 gnD=16.23 it_per_s=4.99
2026-10-03 19:08:45,589 INFO iter=620600 epoch=89 lr=3.98e-05 G=3.469 advA2B=0.620 advB2A=0.779 cycA=0.070 cycB=0.079 idtA=0.047 idtB=0.070 D_A=0.070 D_B=0.116 D_A(real)=0.86 D_A(fake)=0.14 gnG=43.02 gnD=16.25 it_per_s=4.97
2026-10-03 19:09:08,947 INFO iter=620700 epoch=89 lr=3.98e-05 G=3.471 advA2B=0.617 advB2A=0.780 cycA=0.070 cycB=0.079 idtA=0.047 idtB=0.070 D_A=0.069 D_B=0.117 D_A(real)=0.86 D_A(fake)=0.14 gnG=42.86 gnD=16.27 it_per_s=4.91
2026-10-03 19:09:32,565 INFO iter=620800 epoch=89 lr=3.97e-05 G=3.471 advA2B=0.618 advB2A=0.782 cycA=0.070 cycB=0.079 idtA=0.047 idtB=0.070 D_A=0.069 D_B=0.116 D_A(real)=0.86 D_A(fake)=0.14 gnG=43.45 gnD=16.27 it_per_s=4.86
2026-10-03 19:09:56,472 INFO iter=620900 epoch=89 lr=3.97e-05 G=3.469 advA2B=0.616 advB2A=0.782 cycA=0.070 cycB=0.079 idtA=0.047 idtB=0.070 D_A=0.069 D_B=0.117 D_A(real)=0.86 D_A(fake)=0.14 gnG=43.38 gnD=16.27 it_per_s=4.81
2026-10-03 19:10:18,787 INFO iter=621000 epoch=89 lr=3.97e-05 G=3.466 advA2B=0.614 advB2A=0.782 cycA=0.070 cycB=0.079 idtA=0.047 idtB=0.070 D_A=0.070 D_B=0.117 D_A(real)=0.86 D_A(fake)=0.14 gnG=42.95 gnD=16.38 it_per_s=4.79
2026-10-03 19:10:41,470 INFO iter=621100 epoch=89 lr=3.97e-05 G=3.460 advA2B=0.612 advB2A=0.782 cycA=0.070 cycB=0.078 idtA=0.047 idtB=0.070 D_A=0.070 D_B=0.117 D_A(real)=0.86 D_A(fake)=0.14 gnG=42.78 gnD=16.36 it_per_s=4.77
2026-10-03 19:11:05,138 INFO iter=621200 epoch=89 lr=3.97e-05 G=3.454 advA2B=0.612 advB2A=0.781 cycA=0.069 cycB=0.078 idtA=0.047 idtB=0.070 D_A=0.070 D_B=0.117 D_A(real)=0.86 D_A(fake)=0.14 gnG=42.79 gnD=16.40 it_per_s=4.73
2026-10-03 19:11:29,230 INFO iter=621300 epoch=89 lr=3.97e-05 G=3.460 advA2B=0.613 advB2A=0.784 cycA=0.070 cycB=0.078 idtA=0.047 idtB=0.070 D_A=0.070 D_B=0.117 D_A(real)=0.86 D_A(fake)=0.14 gnG=42.83 gnD=16.37 it_per_s=4.70
2026-10-03 19:11:49,973 INFO iter=621400 epoch=89 lr=3.96e-05 G=3.458 advA2B=0.614 advB2A=0.782 cycA=0.070 cycB=0.078 idtA=0.047 idtB=0.069 D_A=0.070 D_B=0.117 D_A(real)=0.86 D_A(fake)=0.14 gnG=42.84 gnD=16.38 it_per_s=4.71
2026-10-03 19:12:10,107 INFO iter=621500 epoch=89 lr=3.96e-05 G=3.461 advA2B=0.616 advB2A=0.781 cycA=0.070 cycB=0.078 idtA=0.047 idtB=0.070 D_A=0.070 D_B=0.118 D_A(real)=0.86 D_A(fake)=0.14 gnG=42.73 gnD=16.39 it_per_s=4.72
2026-10-03 19:12:33,094 INFO iter=621600 epoch=89 lr=3.96e-05 G=3.469 advA2B=0.619 advB2A=0.780 cycA=0.070 cycB=0.078 idtA=0.047 idtB=0.070 D_A=0.070 D_B=0.117 D_A(real)=0.86 D_A(fake)=0.14 gnG=42.70 gnD=16.38 it_per_s=4.70
2026-10-03 19:12:54,582 INFO iter=621700 epoch=89 lr=3.96e-05 G=3.468 advA2B=0.620 advB2A=0.779 cycA=0.070 cycB=0.078 idtA=0.048 idtB=0.070 D_A=0.070 D_B=0.117 D_A(real)=0.86 D_A(fake)=0.14 gnG=42.75 gnD=16.38 it_per_s=4.70
2026-10-03 19:13:18,651 INFO iter=621800 epoch=89 lr=3.96e-05 G=3.469 advA2B=0.620 advB2A=0.781 cycA=0.070 cycB=0.078 idtA=0.047 idtB=0.070 D_A=0.070 D_B=0.118 D_A(real)=0.86 D_A(fake)=0.14 gnG=42.78 gnD=16.40 it_per_s=4.67
2026-10-03 19:13:42,363 INFO iter=621900 epoch=89 lr=3.95e-05 G=3.468 advA2B=0.619 advB2A=0.781 cycA=0.070 cycB=0.078 idtA=0.047 idtB=0.070 D_A=0.070 D_B=0.117 D_A(real)=0.86 D_A(fake)=0.14 gnG=42.98 gnD=16.37 it_per_s=4.65
2026-10-03 19:14:06,157 INFO iter=622000 epoch=89 lr=3.95e-05 G=3.467 advA2B=0.620 advB2A=0.780 cycA=0.070 cycB=0.078 idtA=0.047 idtB=0.070 D_A=0.070 D_B=0.117 D_A(real)=0.86 D_A(fake)=0.14 gnG=43.05 gnD=16.36 it_per_s=4.63
2026-10-03 19:14:28,417 INFO iter=622100 epoch=89 lr=3.95e-05 G=3.465 advA2B=0.619 advB2A=0.779 cycA=0.070 cycB=0.078 idtA=0.047 idtB=0.070 D_A=0.070 D_B=0.117 D_A(real)=0.86 D_A(fake)=0.14 gnG=43.06 gnD=16.35 it_per_s=4.63
2026-10-03 19:14:51,547 INFO iter=622200 epoch=89 lr=3.95e-05 G=3.462 advA2B=0.618 advB2A=0.778 cycA=0.070 cycB=0.078 idtA=0.047 idtB=0.070 D_A=0.070 D_B=0.117 D_A(real)=0.86 D_A(fake)=0.14 gnG=42.97 gnD=16.39 it_per_s=4.62
2026-10-03 19:15:15,366 INFO iter=622300 epoch=89 lr=3.95e-05 G=3.462 advA2B=0.618 advB2A=0.780 cycA=0.070 cycB=0.078 idtA=0.047 idtB=0.070 D_A=0.070 D_B=0.118 D_A(real)=0.86 D_A(fake)=0.14 gnG=43.12 gnD=16.42 it_per_s=4.60
2026-10-03 19:15:39,407 INFO iter=622400 epoch=89 lr=3.95e-05 G=3.462 advA2B=0.618 advB2A=0.782 cycA=0.070 cycB=0.078 idtA=0.047 idtB=0.069 D_A=0.070 D_B=0.118 D_A(real)=0.86 D_A(fake)=0.14 gnG=43.17 gnD=16.43 it_per_s=4.59
2026-10-03 19:16:02,560 INFO iter=622500 epoch=89 lr=3.94e-05 G=3.466 advA2B=0.619 advB2A=0.783 cycA=0.070 cycB=0.078 idtA=0.047 idtB=0.069 D_A=0.069 D_B=0.118 D_A(real)=0.86 D_A(fake)=0.14 gnG=43.13 gnD=16.45 it_per_s=4.58
2026-10-03 19:16:24,477 INFO iter=622600 epoch=89 lr=3.94e-05 G=3.465 advA2B=0.618 advB2A=0.784 cycA=0.070 cycB=0.078 idtA=0.047 idtB=0.069 D_A=0.070 D_B=0.118 D_A(real)=0.86 D_A(fake)=0.14 gnG=43.11 gnD=16.45 it_per_s=4.58
2026-10-03 19:16:48,448 INFO iter=622700 epoch=89 lr=3.94e-05 G=3.468 advA2B=0.620 advB2A=0.784 cycA=0.070 cycB=0.079 idtA=0.047 idtB=0.070 D_A=0.069 D_B=0.118 D_A(real)=0.86 D_A(fake)=0.14 gnG=43.29 gnD=16.44 it_per_s=4.56
2026-10-03 19:17:08,663 INFO iter=622800 epoch=89 lr=3.94e-05 G=3.464 advA2B=0.618 advB2A=0.783 cycA=0.069 cycB=0.078 idtA=0.047 idtB=0.069 D_A=0.070 D_B=0.118 D_A(real)=0.86 D_A(fake)=0.14 gnG=43.22 gnD=16.49 it_per_s=4.57
2026-10-03 19:17:28,903 INFO iter=622900 epoch=89 lr=3.94e-05 G=3.461 advA2B=0.617 advB2A=0.783 cycA=0.069 cycB=0.078 idtA=0.047 idtB=0.069 D_A=0.070 D_B=0.118 D_A(real)=0.86 D_A(fake)=0.14 gnG=43.14 gnD=16.50 it_per_s=4.58
2026-10-03 19:17:50,068 INFO iter=623000 epoch=89 lr=3.94e-05 G=3.464 advA2B=0.618 advB2A=0.783 cycA=0.069 cycB=0.079 idtA=0.047 idtB=0.070 D_A=0.070 D_B=0.118 D_A(real)=0.86 D_A(fake)=0.14 gnG=43.18 gnD=16.50 it_per_s=4.59
2026-10-03 19:18:10,643 INFO iter=623100 epoch=89 lr=3.93e-05 G=3.465 advA2B=0.619 advB2A=0.783 cycA=0.069 cycB=0.079 idtA=0.047 idtB=0.070 D_A=0.070 D_B=0.118 D_A(real)=0.86 D_A(fake)=0.14 gnG=43.29 gnD=16.50 it_per_s=4.59
2026-10-03 19:18:31,030 INFO iter=623200 epoch=89 lr=3.93e-05 G=3.466 advA2B=0.621 advB2A=0.783 cycA=0.069 cycB=0.078 idtA=0.047 idtB=0.070 D_A=0.070 D_B=0.117 D_A(real)=0.86 D_A(fake)=0.14 gnG=43.36 gnD=16.51 it_per_s=4.60
2026-10-03 19:18:54,383 INFO iter=623300 epoch=89 lr=3.93e-05 G=3.468 advA2B=0.621 advB2A=0.783 cycA=0.069 cycB=0.079 idtA=0.047 idtB=0.069 D_A=0.070 D_B=0.118 D_A(real)=0.86 D_A(fake)=0.14 gnG=43.46 gnD=16.53 it_per_s=4.59
2026-10-03 19:19:25,066 INFO iter=623400 epoch=89 lr=3.93e-05 G=3.467 advA2B=0.621 advB2A=0.782 cycA=0.069 cycB=0.079 idtA=0.047 idtB=0.069 D_A=0.070 D_B=0.118 D_A(real)=0.86 D_A(fake)=0.14 gnG=43.47 gnD=16.54 it_per_s=4.55
2026-10-03 19:19:55,724 INFO iter=623500 epoch=89 lr=3.93e-05 G=3.467 advA2B=0.621 advB2A=0.783 cycA=0.069 cycB=0.079 idtA=0.047 idtB=0.069 D_A=0.070 D_B=0.118 D_A(real)=0.86 D_A(fake)=0.14 gnG=43.47 gnD=16.55 it_per_s=4.50
2026-10-03 19:20:26,220 INFO iter=623600 epoch=89 lr=3.92e-05 G=3.468 advA2B=0.622 advB2A=0.782 cycA=0.070 cycB=0.078 idtA=0.047 idtB=0.069 D_A=0.070 D_B=0.118 D_A(real)=0.86 D_A(fake)=0.14 gnG=43.49 gnD=16.53 it_per_s=4.46
2026-10-03 19:20:48,034 INFO iter=623700 epoch=89 lr=3.92e-05 G=3.465 advA2B=0.621 advB2A=0.781 cycA=0.070 cycB=0.079 idtA=0.047 idtB=0.069 D_A=0.069 D_B=0.118 D_A(real)=0.86 D_A(fake)=0.14 gnG=43.42 gnD=16.54 it_per_s=4.47
2026-10-03 19:21:08,659 INFO iter=623800 epoch=89 lr=3.92e-05 G=3.465 advA2B=0.621 advB2A=0.780 cycA=0.070 cycB=0.079 idtA=0.047 idtB=0.069 D_A=0.069 D_B=0.118 D_A(real)=0.86 D_A(fake)=0.14 gnG=43.51 gnD=16.55 it_per_s=4.48
2026-10-03 19:21:28,824 INFO iter=623900 epoch=89 lr=3.92e-05 G=3.467 advA2B=0.622 advB2A=0.781 cycA=0.070 cycB=0.079 idtA=0.047 idtB=0.069 D_A=0.069 D_B=0.118 D_A(real)=0.86 D_A(fake)=0.14 gnG=43.65 gnD=16.53 it_per_s=4.48
2026-10-03 19:21:49,119 INFO iter=624000 epoch=89 lr=3.92e-05 G=3.469 advA2B=0.622 advB2A=0.783 cycA=0.070 cycB=0.079 idtA=0.047 idtB=0.069 D_A=0.069 D_B=0.118 D_A(real)=0.86 D_A(fake)=0.14 gnG=43.74 gnD=16.53 it_per_s=4.49
