2026-10-01 22:53:18,931 INFO run_id=full_run01 config=task1_llm/member_chaitanya/configs/full.yaml
2026-10-01 22:53:18,932 INFO config={"run_id": "full_run01", "seed": 1337, "data": {"dataset_name": "roneneldan/TinyStories", "text_field": "text", "cache_dir": "task1_llm/data/hf_cache", "processed_name": "tinystories_s1337_clean", "seed": 1337, "drop_stories_with_disallowed_chars": true, "allowed_extra_chars": ["\u201c", "\u201d"], "train_stories": 100000, "val_stories": 10000, "eos_token": "<EOS>", "unk_token": "<UNK>", "block_size": 256, "train_stride": 128, "val_stride": 256}, "model": {"n_layers": 6, "n_heads": 6, "d_model": 384, "d_ff": 1536, "dropout": 0.1, "activation": "gelu", "tie_weights": false, "bias": true}, "training": {"epochs": 10, "batch_size": 64, "optimizer": "adamw", "betas": [0.9, 0.99], "weight_decay": 0.1, "peak_lr": 0.001, "warmup_steps": 1000, "min_lr": 0.0001, "grad_clip": 1.0, "precision": "fp32", "eval_every_steps": 1000, "eval_batches": 100, "log_every_steps": 50, "num_workers": 0}, "generation": {"prompts": ["Once upon a time", "Lily found a little", "The dog was sad because"], "max_new_chars": 400, "default_temperature": 0.8, "temperatures": [0.0, 0.8, 1.0], "samples_per_setting": 3}}
2026-10-01 22:53:18,942 INFO hardware=GPU: NVIDIA GeForce RTX 4090; CPU: AMD64 Family 25 Model 97 Stepping 2, AuthenticAMD torch=2.11.0+cu128
2026-10-01 22:53:18,942 INFO vocab_size=85 train_windows=700427 val_windows=35171 steps_per_epoch=10944 total_steps=109440 params=10811136
2026-10-01 22:53:19,354 INFO step=0 epoch=1 loss=4.4044 lr=1.000e-06 grad_norm=9.627 train_tok_per_s=43114
2026-10-01 22:53:22,840 INFO step=50 epoch=1 loss=2.7940 lr=5.100e-05 grad_norm=1.079 train_tok_per_s=218228
2026-10-01 22:53:26,329 INFO step=100 epoch=1 loss=2.4036 lr=1.010e-04 grad_norm=0.463 train_tok_per_s=227293
2026-10-01 22:53:29,819 INFO step=150 epoch=1 loss=2.3263 lr=1.510e-04 grad_norm=0.838 train_tok_per_s=230485
2026-10-01 22:53:33,310 INFO step=200 epoch=1 loss=2.2751 lr=2.010e-04 grad_norm=0.630 train_tok_per_s=232118
2026-10-01 22:53:36,804 INFO step=250 epoch=1 loss=2.2022 lr=2.510e-04 grad_norm=0.718 train_tok_per_s=233084
2026-10-01 22:53:40,296 INFO step=300 epoch=1 loss=2.1114 lr=3.010e-04 grad_norm=1.106 train_tok_per_s=233748
2026-10-01 22:53:43,787 INFO step=350 epoch=1 loss=1.9119 lr=3.510e-04 grad_norm=1.060 train_tok_per_s=234230
2026-10-01 22:53:47,283 INFO step=400 epoch=1 loss=1.7484 lr=4.010e-04 grad_norm=0.942 train_tok_per_s=234557
2026-10-01 22:53:50,777 INFO step=450 epoch=1 loss=1.6018 lr=4.510e-04 grad_norm=0.962 train_tok_per_s=234823
2026-10-01 22:53:54,275 INFO step=500 epoch=1 loss=1.5047 lr=5.010e-04 grad_norm=0.858 train_tok_per_s=235009
2026-10-01 22:53:57,773 INFO step=550 epoch=1 loss=1.4207 lr=5.510e-04 grad_norm=0.770 train_tok_per_s=235162
2026-10-01 22:54:01,274 INFO step=600 epoch=1 loss=1.3166 lr=6.010e-04 grad_norm=0.757 train_tok_per_s=235264
2026-10-01 22:54:04,776 INFO step=650 epoch=1 loss=1.2799 lr=6.510e-04 grad_norm=0.673 train_tok_per_s=235361
2026-10-01 22:54:08,274 INFO step=700 epoch=1 loss=1.2050 lr=7.010e-04 grad_norm=0.681 train_tok_per_s=235452
2026-10-01 22:54:11,777 INFO step=750 epoch=1 loss=1.1767 lr=7.510e-04 grad_norm=0.604 train_tok_per_s=235513
2026-10-01 22:54:15,279 INFO step=800 epoch=1 loss=1.1336 lr=8.010e-04 grad_norm=0.561 train_tok_per_s=235567
2026-10-01 22:54:18,786 INFO step=850 epoch=1 loss=1.0998 lr=8.510e-04 grad_norm=0.569 train_tok_per_s=235601
2026-10-01 22:54:23,821 INFO step=900 epoch=1 loss=1.0957 lr=9.010e-04 grad_norm=0.519 train_tok_per_s=230010
2026-10-01 22:54:29,533 INFO step=950 epoch=1 loss=1.0639 lr=9.510e-04 grad_norm=0.514 train_tok_per_s=223047
2026-10-01 22:54:35,251 INFO step=1000 epoch=1 loss=1.0614 lr=1.000e-03 grad_norm=0.476 train_tok_per_s=217113
2026-10-01 22:54:39,886 INFO step=1000 eval val_loss(partial 100 batches)=0.9758
2026-10-01 22:54:43,394 INFO step=1050 epoch=1 loss=1.0250 lr=1.000e-03 grad_norm=0.443 train_tok_per_s=217948
2026-10-01 22:54:46,900 INFO step=1100 epoch=1 loss=1.0256 lr=1.000e-03 grad_norm=0.462 train_tok_per_s=218715
2026-10-01 22:54:50,408 INFO step=1150 epoch=1 loss=0.9446 lr=1.000e-03 grad_norm=0.370 train_tok_per_s=219412
2026-10-01 22:54:53,919 INFO step=1200 epoch=1 loss=0.9768 lr=1.000e-03 grad_norm=0.392 train_tok_per_s=220053
2026-10-01 22:54:57,430 INFO step=1250 epoch=1 loss=0.9085 lr=1.000e-03 grad_norm=0.356 train_tok_per_s=220645
2026-10-01 22:55:00,948 INFO step=1300 epoch=1 loss=0.9250 lr=1.000e-03 grad_norm=0.348 train_tok_per_s=221179
2026-10-01 22:55:04,456 INFO step=1350 epoch=1 loss=0.8826 lr=1.000e-03 grad_norm=0.334 train_tok_per_s=221694
2026-10-01 22:55:07,963 INFO step=1400 epoch=1 loss=0.8831 lr=1.000e-03 grad_norm=0.375 train_tok_per_s=222177
2026-10-01 22:55:11,497 INFO step=1450 epoch=1 loss=0.8805 lr=1.000e-03 grad_norm=0.317 train_tok_per_s=222569
2026-10-01 22:55:15,005 INFO step=1500 epoch=1 loss=0.8704 lr=1.000e-03 grad_norm=0.323 train_tok_per_s=222994
2026-10-01 22:55:18,519 INFO step=1550 epoch=1 loss=0.8462 lr=9.999e-04 grad_norm=0.311 train_tok_per_s=223381
2026-10-01 22:55:22,035 INFO step=1600 epoch=1 loss=0.8581 lr=9.999e-04 grad_norm=0.290 train_tok_per_s=223742
2026-10-01 22:55:25,546 INFO step=1650 epoch=1 loss=0.8443 lr=9.999e-04 grad_norm=0.311 train_tok_per_s=224090
2026-10-01 22:55:29,058 INFO step=1700 epoch=1 loss=0.8455 lr=9.999e-04 grad_norm=0.299 train_tok_per_s=224415
2026-10-01 22:55:32,634 INFO step=1750 epoch=1 loss=0.8601 lr=9.999e-04 grad_norm=0.287 train_tok_per_s=224620
2026-10-01 22:55:36,233 INFO step=1800 epoch=1 loss=0.8620 lr=9.999e-04 grad_norm=0.295 train_tok_per_s=224776
2026-10-01 22:55:39,817 INFO step=1850 epoch=1 loss=0.8338 lr=9.999e-04 grad_norm=0.273 train_tok_per_s=224956
2026-10-01 22:55:43,409 INFO step=1900 epoch=1 loss=0.8247 lr=9.998e-04 grad_norm=0.262 train_tok_per_s=225112
2026-10-01 22:55:47,021 INFO step=1950 epoch=1 loss=0.8589 lr=9.998e-04 grad_norm=0.271 train_tok_per_s=225227
2026-10-01 22:55:50,605 INFO step=2000 epoch=1 loss=0.8036 lr=9.998e-04 grad_norm=0.259 train_tok_per_s=225381
2026-10-01 22:55:55,314 INFO step=2000 eval val_loss(partial 100 batches)=0.7784
2026-10-01 22:55:58,905 INFO step=2050 epoch=1 loss=0.7784 lr=9.998e-04 grad_norm=0.243 train_tok_per_s=225518
2026-10-01 22:56:02,509 INFO step=2100 epoch=1 loss=0.7556 lr=9.998e-04 grad_norm=0.240 train_tok_per_s=225627
2026-10-01 22:56:06,110 INFO step=2150 epoch=1 loss=0.8192 lr=9.998e-04 grad_norm=0.261 train_tok_per_s=225734
2026-10-01 22:56:09,754 INFO step=2200 epoch=1 loss=0.7972 lr=9.997e-04 grad_norm=0.256 train_tok_per_s=225786
2026-10-01 22:56:13,372 INFO step=2250 epoch=1 loss=0.8095 lr=9.997e-04 grad_norm=0.253 train_tok_per_s=225871
2026-10-01 22:56:16,960 INFO step=2300 epoch=1 loss=0.8009 lr=9.997e-04 grad_norm=0.245 train_tok_per_s=225980
2026-10-01 22:56:20,555 INFO step=2350 epoch=1 loss=0.8049 lr=9.997e-04 grad_norm=0.240 train_tok_per_s=226082
2026-10-01 22:56:24,175 INFO step=2400 epoch=1 loss=0.7796 lr=9.996e-04 grad_norm=0.243 train_tok_per_s=226146
2026-10-01 22:56:27,803 INFO step=2450 epoch=1 loss=0.8022 lr=9.996e-04 grad_norm=0.233 train_tok_per_s=226206
2026-10-01 22:56:31,446 INFO step=2500 epoch=1 loss=0.7916 lr=9.996e-04 grad_norm=0.241 train_tok_per_s=226247
2026-10-01 22:56:35,086 INFO step=2550 epoch=1 loss=0.7894 lr=9.995e-04 grad_norm=0.225 train_tok_per_s=226294
2026-10-01 22:56:38,705 INFO step=2600 epoch=1 loss=0.8006 lr=9.995e-04 grad_norm=0.244 train_tok_per_s=226352
2026-10-01 22:56:42,336 INFO step=2650 epoch=1 loss=0.7576 lr=9.995e-04 grad_norm=0.248 train_tok_per_s=226399
2026-10-01 22:56:45,932 INFO step=2700 epoch=1 loss=0.7625 lr=9.995e-04 grad_norm=0.229 train_tok_per_s=226476
2026-10-01 22:56:49,587 INFO step=2750 epoch=1 loss=0.7619 lr=9.994e-04 grad_norm=0.246 train_tok_per_s=226494
2026-10-01 22:56:53,297 INFO step=2800 epoch=1 loss=0.7555 lr=9.994e-04 grad_norm=0.221 train_tok_per_s=226453
2026-10-01 22:56:56,919 INFO step=2850 epoch=1 loss=0.7438 lr=9.994e-04 grad_norm=0.227 train_tok_per_s=226506
2026-10-01 22:57:00,516 INFO step=2900 epoch=1 loss=0.7488 lr=9.993e-04 grad_norm=0.214 train_tok_per_s=226576
2026-10-01 22:57:04,122 INFO step=2950 epoch=1 loss=0.7856 lr=9.993e-04 grad_norm=0.231 train_tok_per_s=226633
2026-10-01 22:57:07,723 INFO step=3000 epoch=1 loss=0.7432 lr=9.992e-04 grad_norm=0.215 train_tok_per_s=226694
2026-10-01 22:57:12,442 INFO step=3000 eval val_loss(partial 100 batches)=0.7243
2026-10-01 22:57:16,054 INFO step=3050 epoch=1 loss=0.7708 lr=9.992e-04 grad_norm=0.226 train_tok_per_s=226743
2026-10-01 22:57:19,660 INFO step=3100 epoch=1 loss=0.7428 lr=9.992e-04 grad_norm=0.219 train_tok_per_s=226798
2026-10-01 22:57:23,288 INFO step=3150 epoch=1 loss=0.7555 lr=9.991e-04 grad_norm=0.217 train_tok_per_s=226835
2026-10-01 22:57:26,948 INFO step=3200 epoch=1 loss=0.7340 lr=9.991e-04 grad_norm=0.206 train_tok_per_s=226841
2026-10-01 22:57:30,557 INFO step=3250 epoch=1 loss=0.7533 lr=9.990e-04 grad_norm=0.231 train_tok_per_s=226887
2026-10-01 22:57:34,180 INFO step=3300 epoch=1 loss=0.7667 lr=9.990e-04 grad_norm=0.219 train_tok_per_s=226921
2026-10-01 22:57:37,792 INFO step=3350 epoch=1 loss=0.7296 lr=9.990e-04 grad_norm=0.213 train_tok_per_s=226964
2026-10-01 22:57:41,420 INFO step=3400 epoch=1 loss=0.7508 lr=9.989e-04 grad_norm=0.226 train_tok_per_s=226996
2026-10-01 22:57:45,056 INFO step=3450 epoch=1 loss=0.7609 lr=9.989e-04 grad_norm=0.206 train_tok_per_s=227010
2026-10-01 22:57:48,692 INFO step=3500 epoch=1 loss=0.7459 lr=9.988e-04 grad_norm=0.204 train_tok_per_s=227027
2026-10-01 22:57:52,316 INFO step=3550 epoch=1 loss=0.7603 lr=9.988e-04 grad_norm=0.218 train_tok_per_s=227056
2026-10-01 22:57:55,931 INFO step=3600 epoch=1 loss=0.7363 lr=9.987e-04 grad_norm=0.210 train_tok_per_s=227090
2026-10-01 22:57:59,533 INFO step=3650 epoch=1 loss=0.7351 lr=9.987e-04 grad_norm=0.195 train_tok_per_s=227131
2026-10-01 22:58:03,123 INFO step=3700 epoch=1 loss=0.7276 lr=9.986e-04 grad_norm=0.196 train_tok_per_s=227179
2026-10-01 22:58:06,772 INFO step=3750 epoch=1 loss=0.7018 lr=9.986e-04 grad_norm=0.207 train_tok_per_s=227192
2026-10-01 22:58:10,377 INFO step=3800 epoch=1 loss=0.7481 lr=9.985e-04 grad_norm=0.205 train_tok_per_s=227234
2026-10-01 22:58:13,991 INFO step=3850 epoch=1 loss=0.7389 lr=9.985e-04 grad_norm=0.197 train_tok_per_s=227266
2026-10-01 22:58:17,657 INFO step=3900 epoch=1 loss=0.7212 lr=9.984e-04 grad_norm=0.207 train_tok_per_s=227258
2026-10-01 22:58:21,337 INFO step=3950 epoch=1 loss=0.7026 lr=9.984e-04 grad_norm=0.196 train_tok_per_s=227242
2026-10-01 22:58:25,273 INFO step=4000 epoch=1 loss=0.7543 lr=9.983e-04 grad_norm=0.205 train_tok_per_s=227047
2026-10-01 22:58:29,939 INFO step=4000 eval val_loss(partial 100 batches)=0.6953
2026-10-01 22:58:33,454 INFO step=4050 epoch=1 loss=0.7207 lr=9.982e-04 grad_norm=0.212 train_tok_per_s=227147
2026-10-01 22:58:36,976 INFO step=4100 epoch=1 loss=0.7272 lr=9.982e-04 grad_norm=0.204 train_tok_per_s=227241
2026-10-01 22:58:40,494 INFO step=4150 epoch=1 loss=0.7205 lr=9.981e-04 grad_norm=0.202 train_tok_per_s=227336
2026-10-01 22:58:44,021 INFO step=4200 epoch=1 loss=0.7064 lr=9.981e-04 grad_norm=0.196 train_tok_per_s=227424
2026-10-01 22:58:47,537 INFO step=4250 epoch=1 loss=0.7220 lr=9.980e-04 grad_norm=0.205 train_tok_per_s=227516
2026-10-01 22:58:51,057 INFO step=4300 epoch=1 loss=0.7353 lr=9.979e-04 grad_norm=0.206 train_tok_per_s=227604
2026-10-01 22:58:54,577 INFO step=4350 epoch=1 loss=0.7216 lr=9.979e-04 grad_norm=0.195 train_tok_per_s=227688
2026-10-01 22:58:58,095 INFO step=4400 epoch=1 loss=0.7241 lr=9.978e-04 grad_norm=0.205 train_tok_per_s=227774
2026-10-01 22:59:01,627 INFO step=4450 epoch=1 loss=0.7162 lr=9.978e-04 grad_norm=0.188 train_tok_per_s=227847
2026-10-01 22:59:05,150 INFO step=4500 epoch=1 loss=0.7100 lr=9.977e-04 grad_norm=0.195 train_tok_per_s=227924
2026-10-01 22:59:08,663 INFO step=4550 epoch=1 loss=0.7377 lr=9.976e-04 grad_norm=0.193 train_tok_per_s=228006
2026-10-01 22:59:12,176 INFO step=4600 epoch=1 loss=0.6887 lr=9.976e-04 grad_norm=0.177 train_tok_per_s=228085
2026-10-01 22:59:15,695 INFO step=4650 epoch=1 loss=0.7389 lr=9.975e-04 grad_norm=0.203 train_tok_per_s=228160
2026-10-01 22:59:19,211 INFO step=4700 epoch=1 loss=0.7520 lr=9.974e-04 grad_norm=0.196 train_tok_per_s=228235
2026-10-01 22:59:22,731 INFO step=4750 epoch=1 loss=0.7504 lr=9.973e-04 grad_norm=0.203 train_tok_per_s=228307
2026-10-01 22:59:26,243 INFO step=4800 epoch=1 loss=0.7377 lr=9.973e-04 grad_norm=0.193 train_tok_per_s=228381
2026-10-01 22:59:29,760 INFO step=4850 epoch=1 loss=0.7330 lr=9.972e-04 grad_norm=0.186 train_tok_per_s=228452
2026-10-01 22:59:33,280 INFO step=4900 epoch=1 loss=0.6618 lr=9.971e-04 grad_norm=0.182 train_tok_per_s=228519
2026-10-01 22:59:36,792 INFO step=4950 epoch=1 loss=0.7206 lr=9.971e-04 grad_norm=0.173 train_tok_per_s=228589
2026-10-01 22:59:40,305 INFO step=5000 epoch=1 loss=0.7188 lr=9.970e-04 grad_norm=0.187 train_tok_per_s=228657
2026-10-01 22:59:44,939 INFO step=5000 eval val_loss(partial 100 batches)=0.6773
2026-10-01 22:59:48,468 INFO step=5050 epoch=1 loss=0.6939 lr=9.969e-04 grad_norm=0.213 train_tok_per_s=228713
2026-10-01 22:59:51,988 INFO step=5100 epoch=1 loss=0.7045 lr=9.968e-04 grad_norm=0.173 train_tok_per_s=228775
2026-10-01 22:59:55,511 INFO step=5150 epoch=1 loss=0.6928 lr=9.968e-04 grad_norm=0.187 train_tok_per_s=228835
2026-10-01 22:59:59,031 INFO step=5200 epoch=1 loss=0.6821 lr=9.967e-04 grad_norm=0.178 train_tok_per_s=228894
2026-10-01 23:00:02,551 INFO step=5250 epoch=1 loss=0.6928 lr=9.966e-04 grad_norm=0.182 train_tok_per_s=228953
2026-10-01 23:00:06,068 INFO step=5300 epoch=1 loss=0.6887 lr=9.965e-04 grad_norm=0.189 train_tok_per_s=229012
2026-10-01 23:00:09,607 INFO step=5350 epoch=1 loss=0.6808 lr=9.964e-04 grad_norm=0.175 train_tok_per_s=229057
2026-10-01 23:00:13,123 INFO step=5400 epoch=1 loss=0.6763 lr=9.963e-04 grad_norm=0.178 train_tok_per_s=229114
2026-10-01 23:00:16,635 INFO step=5450 epoch=1 loss=0.6950 lr=9.963e-04 grad_norm=0.170 train_tok_per_s=229174
2026-10-01 23:00:20,146 INFO step=5500 epoch=1 loss=0.6746 lr=9.962e-04 grad_norm=0.174 train_tok_per_s=229232
2026-10-01 23:00:23,657 INFO step=5550 epoch=1 loss=0.7158 lr=9.961e-04 grad_norm=0.189 train_tok_per_s=229290
2026-10-01 23:00:27,168 INFO step=5600 epoch=1 loss=0.6803 lr=9.960e-04 grad_norm=0.171 train_tok_per_s=229347
2026-10-01 23:00:30,687 INFO step=5650 epoch=1 loss=0.7113 lr=9.959e-04 grad_norm=0.182 train_tok_per_s=229398
2026-10-01 23:00:34,198 INFO step=5700 epoch=1 loss=0.6738 lr=9.958e-04 grad_norm=0.179 train_tok_per_s=229454
2026-10-01 23:00:37,709 INFO step=5750 epoch=1 loss=0.7071 lr=9.957e-04 grad_norm=0.189 train_tok_per_s=229508
2026-10-01 23:00:41,220 INFO step=5800 epoch=1 loss=0.7143 lr=9.957e-04 grad_norm=0.186 train_tok_per_s=229561
2026-10-01 23:00:44,729 INFO step=5850 epoch=1 loss=0.7041 lr=9.956e-04 grad_norm=0.187 train_tok_per_s=229613
2026-10-01 23:00:48,240 INFO step=5900 epoch=1 loss=0.7078 lr=9.955e-04 grad_norm=0.189 train_tok_per_s=229665
2026-10-01 23:00:51,754 INFO step=5950 epoch=1 loss=0.6956 lr=9.954e-04 grad_norm=0.174 train_tok_per_s=229714
2026-10-01 23:00:55,260 INFO step=6000 epoch=1 loss=0.7107 lr=9.953e-04 grad_norm=0.196 train_tok_per_s=229765
2026-10-01 23:00:59,878 INFO step=6000 eval val_loss(partial 100 batches)=0.6641
2026-10-01 23:01:03,391 INFO step=6050 epoch=1 loss=0.7106 lr=9.952e-04 grad_norm=0.180 train_tok_per_s=229812
2026-10-01 23:01:06,899 INFO step=6100 epoch=1 loss=0.6992 lr=9.951e-04 grad_norm=0.183 train_tok_per_s=229861
2026-10-01 23:01:10,411 INFO step=6150 epoch=1 loss=0.6681 lr=9.950e-04 grad_norm=0.174 train_tok_per_s=229908
2026-10-01 23:01:13,924 INFO step=6200 epoch=1 loss=0.6723 lr=9.949e-04 grad_norm=0.164 train_tok_per_s=229953
2026-10-01 23:01:17,427 INFO step=6250 epoch=1 loss=0.7143 lr=9.948e-04 grad_norm=0.178 train_tok_per_s=230002
2026-10-01 23:01:20,932 INFO step=6300 epoch=1 loss=0.6795 lr=9.947e-04 grad_norm=0.172 train_tok_per_s=230050
2026-10-01 23:01:24,441 INFO step=6350 epoch=1 loss=0.6893 lr=9.946e-04 grad_norm=0.177 train_tok_per_s=230096
2026-10-01 23:01:27,947 INFO step=6400 epoch=1 loss=0.6763 lr=9.945e-04 grad_norm=0.173 train_tok_per_s=230142
2026-10-01 23:01:31,455 INFO step=6450 epoch=1 loss=0.6918 lr=9.944e-04 grad_norm=0.188 train_tok_per_s=230186
2026-10-01 23:01:34,962 INFO step=6500 epoch=1 loss=0.7028 lr=9.943e-04 grad_norm=0.176 train_tok_per_s=230230
2026-10-01 23:01:38,469 INFO step=6550 epoch=1 loss=0.6744 lr=9.942e-04 grad_norm=0.168 train_tok_per_s=230273
2026-10-01 23:01:41,971 INFO step=6600 epoch=1 loss=0.6860 lr=9.941e-04 grad_norm=0.184 train_tok_per_s=230318
2026-10-01 23:01:45,479 INFO step=6650 epoch=1 loss=0.7047 lr=9.940e-04 grad_norm=0.174 train_tok_per_s=230360
2026-10-01 23:01:48,986 INFO step=6700 epoch=1 loss=0.6715 lr=9.939e-04 grad_norm=0.170 train_tok_per_s=230402
2026-10-01 23:01:52,492 INFO step=6750 epoch=1 loss=0.6416 lr=9.938e-04 grad_norm=0.162 train_tok_per_s=230443
2026-10-01 23:01:56,004 INFO step=6800 epoch=1 loss=0.6532 lr=9.937e-04 grad_norm=0.171 train_tok_per_s=230481
2026-10-01 23:01:59,511 INFO step=6850 epoch=1 loss=0.6896 lr=9.936e-04 grad_norm=0.183 train_tok_per_s=230521
2026-10-01 23:02:03,022 INFO step=6900 epoch=1 loss=0.6772 lr=9.934e-04 grad_norm=0.167 train_tok_per_s=230558
2026-10-01 23:02:06,529 INFO step=6950 epoch=1 loss=0.6864 lr=9.933e-04 grad_norm=0.175 train_tok_per_s=230597
2026-10-01 23:02:10,037 INFO step=7000 epoch=1 loss=0.6500 lr=9.932e-04 grad_norm=0.164 train_tok_per_s=230634
2026-10-01 23:02:14,657 INFO step=7000 eval val_loss(partial 100 batches)=0.6534
2026-10-01 23:02:18,172 INFO step=7050 epoch=1 loss=0.6763 lr=9.931e-04 grad_norm=0.163 train_tok_per_s=230668
2026-10-01 23:02:21,681 INFO step=7100 epoch=1 loss=0.6925 lr=9.930e-04 grad_norm=0.169 train_tok_per_s=230705
2026-10-01 23:02:25,189 INFO step=7150 epoch=1 loss=0.6896 lr=9.929e-04 grad_norm=0.178 train_tok_per_s=230741
2026-10-01 23:02:28,698 INFO step=7200 epoch=1 loss=0.6681 lr=9.928e-04 grad_norm=0.164 train_tok_per_s=230777
2026-10-01 23:02:32,203 INFO step=7250 epoch=1 loss=0.6944 lr=9.926e-04 grad_norm=0.190 train_tok_per_s=230813
2026-10-01 23:02:35,711 INFO step=7300 epoch=1 loss=0.6811 lr=9.925e-04 grad_norm=0.177 train_tok_per_s=230848
2026-10-01 23:02:39,232 INFO step=7350 epoch=1 loss=0.6523 lr=9.924e-04 grad_norm=0.165 train_tok_per_s=230876
2026-10-01 23:02:42,741 INFO step=7400 epoch=1 loss=0.6892 lr=9.923e-04 grad_norm=0.178 train_tok_per_s=230909
2026-10-01 23:02:46,253 INFO step=7450 epoch=1 loss=0.6539 lr=9.922e-04 grad_norm=0.169 train_tok_per_s=230940
2026-10-01 23:02:49,772 INFO step=7500 epoch=1 loss=0.6834 lr=9.920e-04 grad_norm=0.163 train_tok_per_s=230969
2026-10-01 23:02:53,285 INFO step=7550 epoch=1 loss=0.6619 lr=9.919e-04 grad_norm=0.188 train_tok_per_s=230998
2026-10-01 23:02:56,796 INFO step=7600 epoch=1 loss=0.6811 lr=9.918e-04 grad_norm=0.176 train_tok_per_s=231029
2026-10-01 23:03:00,316 INFO step=7650 epoch=1 loss=0.6879 lr=9.917e-04 grad_norm=0.168 train_tok_per_s=231056
2026-10-01 23:03:03,840 INFO step=7700 epoch=1 loss=0.6480 lr=9.915e-04 grad_norm=0.159 train_tok_per_s=231081
2026-10-01 23:03:07,359 INFO step=7750 epoch=1 loss=0.6678 lr=9.914e-04 grad_norm=0.163 train_tok_per_s=231108
2026-10-01 23:03:10,871 INFO step=7800 epoch=1 loss=0.6519 lr=9.913e-04 grad_norm=0.157 train_tok_per_s=231136
2026-10-01 23:03:14,385 INFO step=7850 epoch=1 loss=0.6964 lr=9.912e-04 grad_norm=0.170 train_tok_per_s=231164
2026-10-01 23:03:17,905 INFO step=7900 epoch=1 loss=0.6661 lr=9.910e-04 grad_norm=0.159 train_tok_per_s=231189
2026-10-01 23:03:21,422 INFO step=7950 epoch=1 loss=0.6639 lr=9.909e-04 grad_norm=0.170 train_tok_per_s=231214
2026-10-01 23:03:24,944 INFO step=8000 epoch=1 loss=0.6535 lr=9.908e-04 grad_norm=0.158 train_tok_per_s=231239
2026-10-01 23:03:29,569 INFO step=8000 eval val_loss(partial 100 batches)=0.6453
2026-10-01 23:03:33,081 INFO step=8050 epoch=1 loss=0.6647 lr=9.906e-04 grad_norm=0.170 train_tok_per_s=231266
2026-10-01 23:03:36,596 INFO step=8100 epoch=1 loss=0.6469 lr=9.905e-04 grad_norm=0.161 train_tok_per_s=231291
2026-10-01 23:03:40,134 INFO step=8150 epoch=1 loss=0.6697 lr=9.904e-04 grad_norm=0.170 train_tok_per_s=231307
2026-10-01 23:03:43,657 INFO step=8200 epoch=1 loss=0.6690 lr=9.902e-04 grad_norm=0.170 train_tok_per_s=231329
2026-10-01 23:03:47,182 INFO step=8250 epoch=1 loss=0.6506 lr=9.901e-04 grad_norm=0.155 train_tok_per_s=231351
2026-10-01 23:03:50,710 INFO step=8300 epoch=1 loss=0.6551 lr=9.900e-04 grad_norm=0.172 train_tok_per_s=231371
2026-10-01 23:03:54,230 INFO step=8350 epoch=1 loss=0.6886 lr=9.898e-04 grad_norm=0.173 train_tok_per_s=231393
2026-10-01 23:03:57,749 INFO step=8400 epoch=1 loss=0.6716 lr=9.897e-04 grad_norm=0.175 train_tok_per_s=231416
2026-10-01 23:04:01,270 INFO step=8450 epoch=1 loss=0.6674 lr=9.896e-04 grad_norm=0.169 train_tok_per_s=231437
2026-10-01 23:04:04,791 INFO step=8500 epoch=1 loss=0.6908 lr=9.894e-04 grad_norm=0.165 train_tok_per_s=231459
2026-10-01 23:04:08,311 INFO step=8550 epoch=1 loss=0.6758 lr=9.893e-04 grad_norm=0.166 train_tok_per_s=231480
2026-10-01 23:04:11,833 INFO step=8600 epoch=1 loss=0.6516 lr=9.891e-04 grad_norm=0.148 train_tok_per_s=231500
2026-10-01 23:04:15,343 INFO step=8650 epoch=1 loss=0.6472 lr=9.890e-04 grad_norm=0.166 train_tok_per_s=231524
2026-10-01 23:04:18,854 INFO step=8700 epoch=1 loss=0.6811 lr=9.888e-04 grad_norm=0.194 train_tok_per_s=231547
2026-10-01 23:04:22,367 INFO step=8750 epoch=1 loss=0.6692 lr=9.887e-04 grad_norm=0.160 train_tok_per_s=231570
2026-10-01 23:04:25,883 INFO step=8800 epoch=1 loss=0.6653 lr=9.886e-04 grad_norm=0.158 train_tok_per_s=231592
2026-10-01 23:04:29,390 INFO step=8850 epoch=1 loss=0.6564 lr=9.884e-04 grad_norm=0.158 train_tok_per_s=231616
2026-10-01 23:04:32,896 INFO step=8900 epoch=1 loss=0.6429 lr=9.883e-04 grad_norm=0.157 train_tok_per_s=231641
2026-10-01 23:04:36,399 INFO step=8950 epoch=1 loss=0.6838 lr=9.881e-04 grad_norm=0.163 train_tok_per_s=231665
2026-10-01 23:04:39,904 INFO step=9000 epoch=1 loss=0.6779 lr=9.880e-04 grad_norm=0.156 train_tok_per_s=231689
2026-10-01 23:04:44,519 INFO step=9000 eval val_loss(partial 100 batches)=0.6368
2026-10-01 23:04:48,031 INFO step=9050 epoch=1 loss=0.6676 lr=9.878e-04 grad_norm=0.164 train_tok_per_s=231711
2026-10-01 23:04:51,545 INFO step=9100 epoch=1 loss=0.6629 lr=9.877e-04 grad_norm=0.150 train_tok_per_s=231731
2026-10-01 23:04:55,058 INFO step=9150 epoch=1 loss=0.6966 lr=9.875e-04 grad_norm=0.177 train_tok_per_s=231753
2026-10-01 23:04:58,565 INFO step=9200 epoch=1 loss=0.6785 lr=9.874e-04 grad_norm=0.177 train_tok_per_s=231776
2026-10-01 23:05:02,077 INFO step=9250 epoch=1 loss=0.6358 lr=9.872e-04 grad_norm=0.151 train_tok_per_s=231797
2026-10-01 23:05:05,583 INFO step=9300 epoch=1 loss=0.6701 lr=9.871e-04 grad_norm=0.176 train_tok_per_s=231819
2026-10-01 23:05:09,094 INFO step=9350 epoch=1 loss=0.6644 lr=9.869e-04 grad_norm=0.165 train_tok_per_s=231840
2026-10-01 23:05:12,607 INFO step=9400 epoch=1 loss=0.6553 lr=9.867e-04 grad_norm=0.151 train_tok_per_s=231860
2026-10-01 23:05:16,120 INFO step=9450 epoch=1 loss=0.6731 lr=9.866e-04 grad_norm=0.173 train_tok_per_s=231880
2026-10-01 23:05:19,633 INFO step=9500 epoch=1 loss=0.6558 lr=9.864e-04 grad_norm=0.157 train_tok_per_s=231900
2026-10-01 23:05:23,143 INFO step=9550 epoch=1 loss=0.6473 lr=9.863e-04 grad_norm=0.159 train_tok_per_s=231920
2026-10-01 23:05:26,652 INFO step=9600 epoch=1 loss=0.6718 lr=9.861e-04 grad_norm=0.169 train_tok_per_s=231939
2026-10-01 23:05:30,162 INFO step=9650 epoch=1 loss=0.6790 lr=9.859e-04 grad_norm=0.165 train_tok_per_s=231959
2026-10-01 23:05:33,668 INFO step=9700 epoch=1 loss=0.6681 lr=9.858e-04 grad_norm=0.161 train_tok_per_s=231980
2026-10-01 23:05:37,180 INFO step=9750 epoch=1 loss=0.6619 lr=9.856e-04 grad_norm=0.160 train_tok_per_s=231999
2026-10-01 23:05:40,686 INFO step=9800 epoch=1 loss=0.6394 lr=9.855e-04 grad_norm=0.170 train_tok_per_s=232020
2026-10-01 23:05:44,194 INFO step=9850 epoch=1 loss=0.6579 lr=9.853e-04 grad_norm=0.157 train_tok_per_s=232040
2026-10-01 23:05:47,700 INFO step=9900 epoch=1 loss=0.6743 lr=9.851e-04 grad_norm=0.163 train_tok_per_s=232059
2026-10-01 23:05:51,208 INFO step=9950 epoch=1 loss=0.6800 lr=9.850e-04 grad_norm=0.163 train_tok_per_s=232079
2026-10-01 23:05:54,723 INFO step=10000 epoch=1 loss=0.6956 lr=9.848e-04 grad_norm=0.188 train_tok_per_s=232096
2026-10-01 23:05:59,342 INFO step=10000 eval val_loss(partial 100 batches)=0.6316
2026-10-01 23:06:02,851 INFO step=10050 epoch=1 loss=0.6187 lr=9.846e-04 grad_norm=0.153 train_tok_per_s=232115
2026-10-01 23:06:06,353 INFO step=10100 epoch=1 loss=0.6789 lr=9.845e-04 grad_norm=0.163 train_tok_per_s=232135
2026-10-01 23:06:09,860 INFO step=10150 epoch=1 loss=0.6839 lr=9.843e-04 grad_norm=0.161 train_tok_per_s=232154
2026-10-01 23:06:13,368 INFO step=10200 epoch=1 loss=0.6421 lr=9.841e-04 grad_norm=0.155 train_tok_per_s=232173
2026-10-01 23:06:16,872 INFO step=10250 epoch=1 loss=0.6564 lr=9.839e-04 grad_norm=0.154 train_tok_per_s=232192
2026-10-01 23:06:20,382 INFO step=10300 epoch=1 loss=0.6317 lr=9.838e-04 grad_norm=0.155 train_tok_per_s=232210
2026-10-01 23:06:23,888 INFO step=10350 epoch=1 loss=0.6554 lr=9.836e-04 grad_norm=0.165 train_tok_per_s=232228
2026-10-01 23:06:27,396 INFO step=10400 epoch=1 loss=0.6501 lr=9.834e-04 grad_norm=0.158 train_tok_per_s=232246
2026-10-01 23:06:30,904 INFO step=10450 epoch=1 loss=0.6604 lr=9.832e-04 grad_norm=0.176 train_tok_per_s=232264
2026-10-01 23:06:34,413 INFO step=10500 epoch=1 loss=0.6786 lr=9.831e-04 grad_norm=0.158 train_tok_per_s=232281
2026-10-01 23:06:37,919 INFO step=10550 epoch=1 loss=0.6617 lr=9.829e-04 grad_norm=0.160 train_tok_per_s=232299
2026-10-01 23:06:41,424 INFO step=10600 epoch=1 loss=0.6461 lr=9.827e-04 grad_norm=0.151 train_tok_per_s=232317
2026-10-01 23:06:44,934 INFO step=10650 epoch=1 loss=0.6377 lr=9.825e-04 grad_norm=0.150 train_tok_per_s=232334
2026-10-01 23:06:48,442 INFO step=10700 epoch=1 loss=0.6560 lr=9.823e-04 grad_norm=0.155 train_tok_per_s=232351
2026-10-01 23:06:51,946 INFO step=10750 epoch=1 loss=0.6510 lr=9.822e-04 grad_norm=0.156 train_tok_per_s=232368
2026-10-01 23:06:55,454 INFO step=10800 epoch=1 loss=0.6642 lr=9.820e-04 grad_norm=0.146 train_tok_per_s=232385
2026-10-01 23:06:58,960 INFO step=10850 epoch=1 loss=0.6253 lr=9.818e-04 grad_norm=0.151 train_tok_per_s=232402
2026-10-01 23:07:02,471 INFO step=10900 epoch=1 loss=0.6557 lr=9.816e-04 grad_norm=0.168 train_tok_per_s=232417
2026-10-01 23:07:30,893 INFO epoch=1 train_loss_running=0.8076 train_loss_eval=0.6217 val_loss=0.6271 val_acc=0.7998 elapsed_s=852
2026-10-01 23:07:30,933 INFO epoch=1 new best val_loss=0.6271 -> checkpoints/full_run01/best.pt
2026-10-01 23:07:31,452 INFO step=10950 epoch=2 loss=0.6798 lr=9.814e-04 grad_norm=0.160 train_tok_per_s=232433
2026-10-01 23:07:34,964 INFO step=11000 epoch=2 loss=0.6200 lr=9.812e-04 grad_norm=0.147 train_tok_per_s=232448
2026-10-01 23:07:39,583 INFO step=11000 eval val_loss(partial 100 batches)=0.6266
2026-10-01 23:07:43,090 INFO step=11050 epoch=2 loss=0.6794 lr=9.811e-04 grad_norm=0.154 train_tok_per_s=232464
2026-10-01 23:07:46,599 INFO step=11100 epoch=2 loss=0.6442 lr=9.809e-04 grad_norm=0.152 train_tok_per_s=232479
2026-10-01 23:07:50,110 INFO step=11150 epoch=2 loss=0.6442 lr=9.807e-04 grad_norm=0.160 train_tok_per_s=232494
2026-10-01 23:07:53,620 INFO step=11200 epoch=2 loss=0.6737 lr=9.805e-04 grad_norm=0.169 train_tok_per_s=232509
2026-10-01 23:07:57,132 INFO step=11250 epoch=2 loss=0.6634 lr=9.803e-04 grad_norm=0.159 train_tok_per_s=232523
2026-10-01 23:08:00,646 INFO step=11300 epoch=2 loss=0.6588 lr=9.801e-04 grad_norm=0.162 train_tok_per_s=232536
2026-10-01 23:08:04,152 INFO step=11350 epoch=2 loss=0.6108 lr=9.799e-04 grad_norm=0.151 train_tok_per_s=232552
2026-10-01 23:08:07,658 INFO step=11400 epoch=2 loss=0.6573 lr=9.797e-04 grad_norm=0.158 train_tok_per_s=232567
2026-10-01 23:08:11,172 INFO step=11450 epoch=2 loss=0.6223 lr=9.795e-04 grad_norm=0.148 train_tok_per_s=232580
2026-10-01 23:08:14,677 INFO step=11500 epoch=2 loss=0.6326 lr=9.793e-04 grad_norm=0.153 train_tok_per_s=232595
2026-10-01 23:08:18,189 INFO step=11550 epoch=2 loss=0.6283 lr=9.791e-04 grad_norm=0.152 train_tok_per_s=232608
2026-10-01 23:08:21,695 INFO step=11600 epoch=2 loss=0.6372 lr=9.789e-04 grad_norm=0.151 train_tok_per_s=232623
2026-10-01 23:08:25,201 INFO step=11650 epoch=2 loss=0.6371 lr=9.788e-04 grad_norm=0.165 train_tok_per_s=232637
2026-10-01 23:08:28,708 INFO step=11700 epoch=2 loss=0.6376 lr=9.786e-04 grad_norm=0.169 train_tok_per_s=232651
2026-10-01 23:08:32,214 INFO step=11750 epoch=2 loss=0.6518 lr=9.784e-04 grad_norm=0.153 train_tok_per_s=232665
2026-10-01 23:08:35,721 INFO step=11800 epoch=2 loss=0.6548 lr=9.782e-04 grad_norm=0.161 train_tok_per_s=232679
2026-10-01 23:08:39,232 INFO step=11850 epoch=2 loss=0.6326 lr=9.780e-04 grad_norm=0.147 train_tok_per_s=232692
2026-10-01 23:08:42,739 INFO step=11900 epoch=2 loss=0.6521 lr=9.777e-04 grad_norm=0.151 train_tok_per_s=232706
2026-10-01 23:08:46,244 INFO step=11950 epoch=2 loss=0.6603 lr=9.775e-04 grad_norm=0.161 train_tok_per_s=232720
2026-10-01 23:08:49,752 INFO step=12000 epoch=2 loss=0.6546 lr=9.773e-04 grad_norm=0.156 train_tok_per_s=232733
2026-10-01 23:08:54,373 INFO step=12000 eval val_loss(partial 100 batches)=0.6219
2026-10-01 23:08:57,884 INFO step=12050 epoch=2 loss=0.6759 lr=9.771e-04 grad_norm=0.167 train_tok_per_s=232745
2026-10-01 23:09:01,394 INFO step=12100 epoch=2 loss=0.6348 lr=9.769e-04 grad_norm=0.159 train_tok_per_s=232758
2026-10-01 23:09:04,902 INFO step=12150 epoch=2 loss=0.6625 lr=9.767e-04 grad_norm=0.158 train_tok_per_s=232771
2026-10-01 23:09:08,409 INFO step=12200 epoch=2 loss=0.6413 lr=9.765e-04 grad_norm=0.169 train_tok_per_s=232784
2026-10-01 23:09:11,914 INFO step=12250 epoch=2 loss=0.6454 lr=9.763e-04 grad_norm=0.148 train_tok_per_s=232797
2026-10-01 23:09:15,418 INFO step=12300 epoch=2 loss=0.6394 lr=9.761e-04 grad_norm=0.142 train_tok_per_s=232810
2026-10-01 23:09:18,924 INFO step=12350 epoch=2 loss=0.6517 lr=9.759e-04 grad_norm=0.159 train_tok_per_s=232823
2026-10-01 23:09:22,435 INFO step=12400 epoch=2 loss=0.6513 lr=9.757e-04 grad_norm=0.150 train_tok_per_s=232835
2026-10-01 23:09:25,940 INFO step=12450 epoch=2 loss=0.6590 lr=9.755e-04 grad_norm=0.156 train_tok_per_s=232849
2026-10-01 23:09:29,445 INFO step=12500 epoch=2 loss=0.6670 lr=9.753e-04 grad_norm=0.152 train_tok_per_s=232862
2026-10-01 23:09:32,952 INFO step=12550 epoch=2 loss=0.6457 lr=9.750e-04 grad_norm=0.145 train_tok_per_s=232874
2026-10-01 23:09:36,461 INFO step=12600 epoch=2 loss=0.6439 lr=9.748e-04 grad_norm=0.149 train_tok_per_s=232886
2026-10-01 23:09:39,968 INFO step=12650 epoch=2 loss=0.6323 lr=9.746e-04 grad_norm=0.153 train_tok_per_s=232898
2026-10-01 23:09:43,476 INFO step=12700 epoch=2 loss=0.6611 lr=9.744e-04 grad_norm=0.157 train_tok_per_s=232910
2026-10-01 23:09:46,987 INFO step=12750 epoch=2 loss=0.6898 lr=9.742e-04 grad_norm=0.157 train_tok_per_s=232921
2026-10-01 23:09:50,496 INFO step=12800 epoch=2 loss=0.6234 lr=9.740e-04 grad_norm=0.151 train_tok_per_s=232933
2026-10-01 23:09:54,006 INFO step=12850 epoch=2 loss=0.6427 lr=9.737e-04 grad_norm=0.153 train_tok_per_s=232944
2026-10-01 23:09:57,511 INFO step=12900 epoch=2 loss=0.6205 lr=9.735e-04 grad_norm=0.152 train_tok_per_s=232956
2026-10-01 23:10:01,016 INFO step=12950 epoch=2 loss=0.6293 lr=9.733e-04 grad_norm=0.151 train_tok_per_s=232968
2026-10-01 23:10:04,523 INFO step=13000 epoch=2 loss=0.6730 lr=9.731e-04 grad_norm=0.167 train_tok_per_s=232979
2026-10-01 23:10:09,138 INFO step=13000 eval val_loss(partial 100 batches)=0.6176
2026-10-01 23:10:12,645 INFO step=13050 epoch=2 loss=0.6466 lr=9.729e-04 grad_norm=0.150 train_tok_per_s=232991
2026-10-01 23:10:16,154 INFO step=13100 epoch=2 loss=0.6399 lr=9.726e-04 grad_norm=0.160 train_tok_per_s=233002
2026-10-01 23:10:19,657 INFO step=13150 epoch=2 loss=0.6282 lr=9.724e-04 grad_norm=0.148 train_tok_per_s=233014
2026-10-01 23:10:23,165 INFO step=13200 epoch=2 loss=0.6260 lr=9.722e-04 grad_norm=0.154 train_tok_per_s=233025
2026-10-01 23:10:26,673 INFO step=13250 epoch=2 loss=0.6589 lr=9.720e-04 grad_norm=0.166 train_tok_per_s=233036
2026-10-01 23:10:30,176 INFO step=13300 epoch=2 loss=0.6380 lr=9.717e-04 grad_norm=0.153 train_tok_per_s=233048
2026-10-01 23:10:33,686 INFO step=13350 epoch=2 loss=0.6844 lr=9.715e-04 grad_norm=0.171 train_tok_per_s=233058
2026-10-01 23:10:37,201 INFO step=13400 epoch=2 loss=0.6312 lr=9.713e-04 grad_norm=0.159 train_tok_per_s=233067
2026-10-01 23:10:40,713 INFO step=13450 epoch=2 loss=0.6204 lr=9.710e-04 grad_norm=0.148 train_tok_per_s=233077
2026-10-01 23:10:44,226 INFO step=13500 epoch=2 loss=0.6429 lr=9.708e-04 grad_norm=0.161 train_tok_per_s=233087
2026-10-01 23:10:47,734 INFO step=13550 epoch=2 loss=0.6438 lr=9.706e-04 grad_norm=0.157 train_tok_per_s=233097
2026-10-01 23:10:51,243 INFO step=13600 epoch=2 loss=0.6330 lr=9.704e-04 grad_norm=0.150 train_tok_per_s=233108
2026-10-01 23:10:54,749 INFO step=13650 epoch=2 loss=0.6541 lr=9.701e-04 grad_norm=0.166 train_tok_per_s=233119
2026-10-01 23:10:58,253 INFO step=13700 epoch=2 loss=0.6447 lr=9.699e-04 grad_norm=0.159 train_tok_per_s=233130
2026-10-01 23:11:01,763 INFO step=13750 epoch=2 loss=0.6445 lr=9.696e-04 grad_norm=0.151 train_tok_per_s=233139
2026-10-01 23:11:05,273 INFO step=13800 epoch=2 loss=0.6272 lr=9.694e-04 grad_norm=0.146 train_tok_per_s=233149
2026-10-01 23:11:08,786 INFO step=13850 epoch=2 loss=0.6111 lr=9.692e-04 grad_norm=0.154 train_tok_per_s=233158
2026-10-01 23:11:12,294 INFO step=13900 epoch=2 loss=0.6453 lr=9.689e-04 grad_norm=0.161 train_tok_per_s=233168
2026-10-01 23:11:15,801 INFO step=13950 epoch=2 loss=0.6392 lr=9.687e-04 grad_norm=0.146 train_tok_per_s=233178
2026-10-01 23:11:19,309 INFO step=14000 epoch=2 loss=0.6371 lr=9.685e-04 grad_norm=0.156 train_tok_per_s=233188
2026-10-01 23:11:23,930 INFO step=14000 eval val_loss(partial 100 batches)=0.6149
2026-10-01 23:11:27,443 INFO step=14050 epoch=2 loss=0.6350 lr=9.682e-04 grad_norm=0.152 train_tok_per_s=233197
2026-10-01 23:11:30,953 INFO step=14100 epoch=2 loss=0.6387 lr=9.680e-04 grad_norm=0.160 train_tok_per_s=233206
2026-10-01 23:11:34,458 INFO step=14150 epoch=2 loss=0.6277 lr=9.677e-04 grad_norm=0.146 train_tok_per_s=233216
2026-10-01 23:11:37,967 INFO step=14200 epoch=2 loss=0.6321 lr=9.675e-04 grad_norm=0.160 train_tok_per_s=233225
2026-10-01 23:11:41,475 INFO step=14250 epoch=2 loss=0.6432 lr=9.673e-04 grad_norm=0.169 train_tok_per_s=233234
2026-10-01 23:11:44,984 INFO step=14300 epoch=2 loss=0.6317 lr=9.670e-04 grad_norm=0.154 train_tok_per_s=233244
2026-10-01 23:11:48,493 INFO step=14350 epoch=2 loss=0.6333 lr=9.668e-04 grad_norm=0.153 train_tok_per_s=233252
2026-10-01 23:11:51,998 INFO step=14400 epoch=2 loss=0.6430 lr=9.665e-04 grad_norm=0.157 train_tok_per_s=233262
2026-10-01 23:11:55,505 INFO step=14450 epoch=2 loss=0.6337 lr=9.663e-04 grad_norm=0.163 train_tok_per_s=233271
2026-10-01 23:11:59,011 INFO step=14500 epoch=2 loss=0.6502 lr=9.660e-04 grad_norm=0.155 train_tok_per_s=233281
2026-10-01 23:12:02,520 INFO step=14550 epoch=2 loss=0.6230 lr=9.658e-04 grad_norm=0.149 train_tok_per_s=233289
2026-10-01 23:12:06,024 INFO step=14600 epoch=2 loss=0.6394 lr=9.655e-04 grad_norm=0.151 train_tok_per_s=233299
2026-10-01 23:12:09,535 INFO step=14650 epoch=2 loss=0.6707 lr=9.653e-04 grad_norm=0.156 train_tok_per_s=233308
2026-10-01 23:12:13,041 INFO step=14700 epoch=2 loss=0.6243 lr=9.650e-04 grad_norm=0.149 train_tok_per_s=233317
2026-10-01 23:12:16,551 INFO step=14750 epoch=2 loss=0.6414 lr=9.648e-04 grad_norm=0.143 train_tok_per_s=233325
2026-10-01 23:12:20,058 INFO step=14800 epoch=2 loss=0.6388 lr=9.645e-04 grad_norm=0.152 train_tok_per_s=233334
2026-10-01 23:12:23,564 INFO step=14850 epoch=2 loss=0.6126 lr=9.643e-04 grad_norm=0.144 train_tok_per_s=233343
2026-10-01 23:12:27,073 INFO step=14900 epoch=2 loss=0.6267 lr=9.640e-04 grad_norm=0.146 train_tok_per_s=233352
2026-10-01 23:12:30,580 INFO step=14950 epoch=2 loss=0.6535 lr=9.637e-04 grad_norm=0.154 train_tok_per_s=233361
2026-10-01 23:12:34,091 INFO step=15000 epoch=2 loss=0.6496 lr=9.635e-04 grad_norm=0.152 train_tok_per_s=233368
2026-10-01 23:12:38,712 INFO step=15000 eval val_loss(partial 100 batches)=0.6111
2026-10-01 23:12:42,220 INFO step=15050 epoch=2 loss=0.6263 lr=9.632e-04 grad_norm=0.153 train_tok_per_s=233377
2026-10-01 23:12:45,732 INFO step=15100 epoch=2 loss=0.6373 lr=9.630e-04 grad_norm=0.145 train_tok_per_s=233385
2026-10-01 23:12:49,244 INFO step=15150 epoch=2 loss=0.6342 lr=9.627e-04 grad_norm=0.148 train_tok_per_s=233392
2026-10-01 23:12:52,758 INFO step=15200 epoch=2 loss=0.6703 lr=9.625e-04 grad_norm=0.149 train_tok_per_s=233399
2026-10-01 23:12:56,265 INFO step=15250 epoch=2 loss=0.6424 lr=9.622e-04 grad_norm=0.152 train_tok_per_s=233408
2026-10-01 23:12:59,773 INFO step=15300 epoch=2 loss=0.6120 lr=9.619e-04 grad_norm=0.152 train_tok_per_s=233416
2026-10-01 23:13:03,283 INFO step=15350 epoch=2 loss=0.6165 lr=9.617e-04 grad_norm=0.145 train_tok_per_s=233424
2026-10-01 23:13:06,788 INFO step=15400 epoch=2 loss=0.6329 lr=9.614e-04 grad_norm=0.151 train_tok_per_s=233433
2026-10-01 23:13:10,299 INFO step=15450 epoch=2 loss=0.6223 lr=9.611e-04 grad_norm=0.149 train_tok_per_s=233440
2026-10-01 23:13:13,807 INFO step=15500 epoch=2 loss=0.6231 lr=9.609e-04 grad_norm=0.152 train_tok_per_s=233448
2026-10-01 23:13:17,315 INFO step=15550 epoch=2 loss=0.6216 lr=9.606e-04 grad_norm=0.147 train_tok_per_s=233456
2026-10-01 23:13:20,831 INFO step=15600 epoch=2 loss=0.6470 lr=9.603e-04 grad_norm=0.154 train_tok_per_s=233462
2026-10-01 23:13:24,338 INFO step=15650 epoch=2 loss=0.6313 lr=9.601e-04 grad_norm=0.150 train_tok_per_s=233470
2026-10-01 23:13:27,847 INFO step=15700 epoch=2 loss=0.6127 lr=9.598e-04 grad_norm=0.151 train_tok_per_s=233478
2026-10-01 23:13:31,356 INFO step=15750 epoch=2 loss=0.6163 lr=9.595e-04 grad_norm=0.142 train_tok_per_s=233485
2026-10-01 23:13:34,869 INFO step=15800 epoch=2 loss=0.6306 lr=9.593e-04 grad_norm=0.149 train_tok_per_s=233492
2026-10-01 23:13:38,376 INFO step=15850 epoch=2 loss=0.6666 lr=9.590e-04 grad_norm=0.169 train_tok_per_s=233499
2026-10-01 23:13:41,881 INFO step=15900 epoch=2 loss=0.6087 lr=9.587e-04 grad_norm=0.151 train_tok_per_s=233508
2026-10-01 23:13:45,391 INFO step=15950 epoch=2 loss=0.6402 lr=9.584e-04 grad_norm=0.148 train_tok_per_s=233515
2026-10-01 23:13:48,898 INFO step=16000 epoch=2 loss=0.6200 lr=9.582e-04 grad_norm=0.151 train_tok_per_s=233522
2026-10-01 23:13:53,520 INFO step=16000 eval val_loss(partial 100 batches)=0.6080
2026-10-01 23:13:57,029 INFO step=16050 epoch=2 loss=0.6073 lr=9.579e-04 grad_norm=0.160 train_tok_per_s=233530
2026-10-01 23:14:00,538 INFO step=16100 epoch=2 loss=0.6344 lr=9.576e-04 grad_norm=0.153 train_tok_per_s=233537
2026-10-01 23:14:04,044 INFO step=16150 epoch=2 loss=0.6478 lr=9.573e-04 grad_norm=0.155 train_tok_per_s=233545
2026-10-01 23:14:07,553 INFO step=16200 epoch=2 loss=0.6455 lr=9.571e-04 grad_norm=0.156 train_tok_per_s=233552
2026-10-01 23:14:11,071 INFO step=16250 epoch=2 loss=0.6380 lr=9.568e-04 grad_norm=0.156 train_tok_per_s=233558
2026-10-01 23:14:14,597 INFO step=16300 epoch=2 loss=0.6518 lr=9.565e-04 grad_norm=0.161 train_tok_per_s=233562
2026-10-01 23:14:18,108 INFO step=16350 epoch=2 loss=0.6178 lr=9.562e-04 grad_norm=0.151 train_tok_per_s=233569
2026-10-01 23:14:21,616 INFO step=16400 epoch=2 loss=0.6344 lr=9.560e-04 grad_norm=0.155 train_tok_per_s=233576
2026-10-01 23:14:25,127 INFO step=16450 epoch=2 loss=0.6233 lr=9.557e-04 grad_norm=0.159 train_tok_per_s=233583
2026-10-01 23:14:28,632 INFO step=16500 epoch=2 loss=0.6295 lr=9.554e-04 grad_norm=0.162 train_tok_per_s=233590
2026-10-01 23:14:32,139 INFO step=16550 epoch=2 loss=0.6575 lr=9.551e-04 grad_norm=0.160 train_tok_per_s=233597
2026-10-01 23:14:35,647 INFO step=16600 epoch=2 loss=0.6099 lr=9.548e-04 grad_norm=0.147 train_tok_per_s=233604
2026-10-01 23:14:39,156 INFO step=16650 epoch=2 loss=0.6412 lr=9.545e-04 grad_norm=0.147 train_tok_per_s=233611
2026-10-01 23:14:42,665 INFO step=16700 epoch=2 loss=0.6241 lr=9.542e-04 grad_norm=0.150 train_tok_per_s=233618
2026-10-01 23:14:46,175 INFO step=16750 epoch=2 loss=0.6531 lr=9.540e-04 grad_norm=0.159 train_tok_per_s=233625
2026-10-01 23:14:49,693 INFO step=16800 epoch=2 loss=0.6381 lr=9.537e-04 grad_norm=0.155 train_tok_per_s=233630
2026-10-01 23:14:53,197 INFO step=16850 epoch=2 loss=0.6127 lr=9.534e-04 grad_norm=0.143 train_tok_per_s=233637
2026-10-01 23:14:56,705 INFO step=16900 epoch=2 loss=0.6285 lr=9.531e-04 grad_norm=0.144 train_tok_per_s=233644
2026-10-01 23:15:00,219 INFO step=16950 epoch=2 loss=0.6246 lr=9.528e-04 grad_norm=0.148 train_tok_per_s=233649
2026-10-01 23:15:03,729 INFO step=17000 epoch=2 loss=0.6295 lr=9.525e-04 grad_norm=0.148 train_tok_per_s=233655
2026-10-01 23:15:08,351 INFO step=17000 eval val_loss(partial 100 batches)=0.6042
2026-10-01 23:15:11,863 INFO step=17050 epoch=2 loss=0.6191 lr=9.522e-04 grad_norm=0.151 train_tok_per_s=233661
2026-10-01 23:15:15,371 INFO step=17100 epoch=2 loss=0.6318 lr=9.519e-04 grad_norm=0.147 train_tok_per_s=233668
2026-10-01 23:15:18,881 INFO step=17150 epoch=2 loss=0.6593 lr=9.516e-04 grad_norm=0.160 train_tok_per_s=233674
2026-10-01 23:15:22,387 INFO step=17200 epoch=2 loss=0.6412 lr=9.513e-04 grad_norm=0.160 train_tok_per_s=233681
2026-10-01 23:15:25,895 INFO step=17250 epoch=2 loss=0.6472 lr=9.510e-04 grad_norm=0.153 train_tok_per_s=233688
2026-10-01 23:15:29,398 INFO step=17300 epoch=2 loss=0.6347 lr=9.508e-04 grad_norm=0.145 train_tok_per_s=233695
2026-10-01 23:15:32,902 INFO step=17350 epoch=2 loss=0.6107 lr=9.505e-04 grad_norm=0.147 train_tok_per_s=233702
2026-10-01 23:15:36,411 INFO step=17400 epoch=2 loss=0.6138 lr=9.502e-04 grad_norm=0.148 train_tok_per_s=233708
2026-10-01 23:15:39,923 INFO step=17450 epoch=2 loss=0.6187 lr=9.499e-04 grad_norm=0.145 train_tok_per_s=233714
2026-10-01 23:15:43,435 INFO step=17500 epoch=2 loss=0.6225 lr=9.496e-04 grad_norm=0.149 train_tok_per_s=233720
2026-10-01 23:15:46,950 INFO step=17550 epoch=2 loss=0.6331 lr=9.493e-04 grad_norm=0.159 train_tok_per_s=233725
2026-10-01 23:15:50,459 INFO step=17600 epoch=2 loss=0.6181 lr=9.490e-04 grad_norm=0.153 train_tok_per_s=233731
2026-10-01 23:15:53,966 INFO step=17650 epoch=2 loss=0.6048 lr=9.487e-04 grad_norm=0.150 train_tok_per_s=233737
2026-10-01 23:15:57,474 INFO step=17700 epoch=2 loss=0.6179 lr=9.484e-04 grad_norm=0.151 train_tok_per_s=233743
2026-10-01 23:16:00,982 INFO step=17750 epoch=2 loss=0.6110 lr=9.480e-04 grad_norm=0.147 train_tok_per_s=233750
2026-10-01 23:16:04,495 INFO step=17800 epoch=2 loss=0.6267 lr=9.477e-04 grad_norm=0.147 train_tok_per_s=233755
2026-10-01 23:16:08,006 INFO step=17850 epoch=2 loss=0.6324 lr=9.474e-04 grad_norm=0.150 train_tok_per_s=233761
2026-10-01 23:16:11,513 INFO step=17900 epoch=2 loss=0.6473 lr=9.471e-04 grad_norm=0.147 train_tok_per_s=233767
2026-10-01 23:16:15,020 INFO step=17950 epoch=2 loss=0.6494 lr=9.468e-04 grad_norm=0.156 train_tok_per_s=233773
2026-10-01 23:16:18,528 INFO step=18000 epoch=2 loss=0.6142 lr=9.465e-04 grad_norm=0.144 train_tok_per_s=233779
2026-10-01 23:16:23,145 INFO step=18000 eval val_loss(partial 100 batches)=0.6023
2026-10-01 23:16:26,654 INFO step=18050 epoch=2 loss=0.6070 lr=9.462e-04 grad_norm=0.149 train_tok_per_s=233785
2026-10-01 23:16:30,161 INFO step=18100 epoch=2 loss=0.6409 lr=9.459e-04 grad_norm=0.151 train_tok_per_s=233791
2026-10-01 23:16:33,667 INFO step=18150 epoch=2 loss=0.6021 lr=9.456e-04 grad_norm=0.145 train_tok_per_s=233798
2026-10-01 23:16:37,172 INFO step=18200 epoch=2 loss=0.6215 lr=9.453e-04 grad_norm=0.151 train_tok_per_s=233804
2026-10-01 23:16:40,679 INFO step=18250 epoch=2 loss=0.6708 lr=9.450e-04 grad_norm=0.151 train_tok_per_s=233810
2026-10-01 23:16:44,183 INFO step=18300 epoch=2 loss=0.6421 lr=9.447e-04 grad_norm=0.155 train_tok_per_s=233816
2026-10-01 23:16:47,690 INFO step=18350 epoch=2 loss=0.6362 lr=9.443e-04 grad_norm=0.149 train_tok_per_s=233822
2026-10-01 23:16:51,195 INFO step=18400 epoch=2 loss=0.6546 lr=9.440e-04 grad_norm=0.155 train_tok_per_s=233828
2026-10-01 23:16:54,705 INFO step=18450 epoch=2 loss=0.6537 lr=9.437e-04 grad_norm=0.150 train_tok_per_s=233834
2026-10-01 23:16:58,214 INFO step=18500 epoch=2 loss=0.6161 lr=9.434e-04 grad_norm=0.141 train_tok_per_s=233840
2026-10-01 23:17:01,722 INFO step=18550 epoch=2 loss=0.6049 lr=9.431e-04 grad_norm=0.156 train_tok_per_s=233845
2026-10-01 23:17:05,233 INFO step=18600 epoch=2 loss=0.6401 lr=9.428e-04 grad_norm=0.152 train_tok_per_s=233851
2026-10-01 23:17:08,741 INFO step=18650 epoch=2 loss=0.6394 lr=9.424e-04 grad_norm=0.158 train_tok_per_s=233856
2026-10-01 23:17:12,251 INFO step=18700 epoch=2 loss=0.6322 lr=9.421e-04 grad_norm=0.151 train_tok_per_s=233862
2026-10-01 23:17:15,756 INFO step=18750 epoch=2 loss=0.6080 lr=9.418e-04 grad_norm=0.143 train_tok_per_s=233868
2026-10-01 23:17:19,263 INFO step=18800 epoch=2 loss=0.6197 lr=9.415e-04 grad_norm=0.147 train_tok_per_s=233873
2026-10-01 23:17:22,772 INFO step=18850 epoch=2 loss=0.6460 lr=9.412e-04 grad_norm=0.159 train_tok_per_s=233879
2026-10-01 23:17:26,283 INFO step=18900 epoch=2 loss=0.6381 lr=9.408e-04 grad_norm=0.148 train_tok_per_s=233884
2026-10-01 23:17:29,789 INFO step=18950 epoch=2 loss=0.6015 lr=9.405e-04 grad_norm=0.148 train_tok_per_s=233890
2026-10-01 23:17:33,295 INFO step=19000 epoch=2 loss=0.6069 lr=9.402e-04 grad_norm=0.153 train_tok_per_s=233896
2026-10-01 23:17:37,914 INFO step=19000 eval val_loss(partial 100 batches)=0.6012
2026-10-01 23:17:41,417 INFO step=19050 epoch=2 loss=0.6164 lr=9.399e-04 grad_norm=0.150 train_tok_per_s=233902
2026-10-01 23:17:44,923 INFO step=19100 epoch=2 loss=0.6350 lr=9.395e-04 grad_norm=0.162 train_tok_per_s=233907
2026-10-01 23:17:48,432 INFO step=19150 epoch=2 loss=0.6331 lr=9.392e-04 grad_norm=0.154 train_tok_per_s=233912
2026-10-01 23:17:51,940 INFO step=19200 epoch=2 loss=0.6308 lr=9.389e-04 grad_norm=0.143 train_tok_per_s=233918
2026-10-01 23:17:55,444 INFO step=19250 epoch=2 loss=0.6182 lr=9.386e-04 grad_norm=0.154 train_tok_per_s=233924
2026-10-01 23:17:58,951 INFO step=19300 epoch=2 loss=0.6247 lr=9.382e-04 grad_norm=0.151 train_tok_per_s=233929
2026-10-01 23:18:02,455 INFO step=19350 epoch=2 loss=0.6288 lr=9.379e-04 grad_norm=0.150 train_tok_per_s=233935
2026-10-01 23:18:05,962 INFO step=19400 epoch=2 loss=0.6186 lr=9.376e-04 grad_norm=0.145 train_tok_per_s=233940
2026-10-01 23:18:09,472 INFO step=19450 epoch=2 loss=0.6186 lr=9.372e-04 grad_norm=0.143 train_tok_per_s=233945
2026-10-01 23:18:12,979 INFO step=19500 epoch=2 loss=0.6139 lr=9.369e-04 grad_norm=0.144 train_tok_per_s=233951
2026-10-01 23:18:16,484 INFO step=19550 epoch=2 loss=0.6143 lr=9.366e-04 grad_norm=0.149 train_tok_per_s=233956
2026-10-01 23:18:19,990 INFO step=19600 epoch=2 loss=0.6331 lr=9.362e-04 grad_norm=0.147 train_tok_per_s=233961
2026-10-01 23:18:23,496 INFO step=19650 epoch=2 loss=0.6192 lr=9.359e-04 grad_norm=0.148 train_tok_per_s=233967
2026-10-01 23:18:27,002 INFO step=19700 epoch=2 loss=0.5811 lr=9.356e-04 grad_norm=0.140 train_tok_per_s=233972
2026-10-01 23:18:30,510 INFO step=19750 epoch=2 loss=0.5946 lr=9.352e-04 grad_norm=0.146 train_tok_per_s=233977
2026-10-01 23:18:34,017 INFO step=19800 epoch=2 loss=0.6135 lr=9.349e-04 grad_norm=0.145 train_tok_per_s=233982
2026-10-01 23:18:37,525 INFO step=19850 epoch=2 loss=0.6222 lr=9.346e-04 grad_norm=0.139 train_tok_per_s=233987
2026-10-01 23:18:41,030 INFO step=19900 epoch=2 loss=0.6015 lr=9.342e-04 grad_norm=0.148 train_tok_per_s=233993
2026-10-01 23:18:44,537 INFO step=19950 epoch=2 loss=0.6166 lr=9.339e-04 grad_norm=0.150 train_tok_per_s=233998
2026-10-01 23:18:48,044 INFO step=20000 epoch=2 loss=0.6233 lr=9.335e-04 grad_norm=0.150 train_tok_per_s=234003
2026-10-01 23:18:52,667 INFO step=20000 eval val_loss(partial 100 batches)=0.5985
2026-10-01 23:18:56,173 INFO step=20050 epoch=2 loss=0.6325 lr=9.332e-04 grad_norm=0.153 train_tok_per_s=234008
2026-10-01 23:18:59,681 INFO step=20100 epoch=2 loss=0.6265 lr=9.328e-04 grad_norm=0.156 train_tok_per_s=234013
2026-10-01 23:19:03,186 INFO step=20150 epoch=2 loss=0.6326 lr=9.325e-04 grad_norm=0.156 train_tok_per_s=234018
2026-10-01 23:19:06,697 INFO step=20200 epoch=2 loss=0.6015 lr=9.322e-04 grad_norm=0.153 train_tok_per_s=234022
2026-10-01 23:19:10,206 INFO step=20250 epoch=2 loss=0.6155 lr=9.318e-04 grad_norm=0.148 train_tok_per_s=234027
2026-10-01 23:19:13,717 INFO step=20300 epoch=2 loss=0.5959 lr=9.315e-04 grad_norm=0.155 train_tok_per_s=234031
2026-10-01 23:19:17,222 INFO step=20350 epoch=2 loss=0.6228 lr=9.311e-04 grad_norm=0.151 train_tok_per_s=234036
2026-10-01 23:19:20,766 INFO step=20400 epoch=2 loss=0.6125 lr=9.308e-04 grad_norm=0.148 train_tok_per_s=234041
2026-10-01 23:19:24,272 INFO step=20450 epoch=2 loss=0.6180 lr=9.304e-04 grad_norm=0.143 train_tok_per_s=234046
2026-10-01 23:19:27,779 INFO step=20500 epoch=2 loss=0.6267 lr=9.301e-04 grad_norm=0.152 train_tok_per_s=234051
2026-10-01 23:19:31,287 INFO step=20550 epoch=2 loss=0.6057 lr=9.297e-04 grad_norm=0.145 train_tok_per_s=234055
2026-10-01 23:19:34,786 INFO step=20600 epoch=2 loss=0.6230 lr=9.294e-04 grad_norm=0.155 train_tok_per_s=234061
2026-10-01 23:19:38,291 INFO step=20650 epoch=2 loss=0.6193 lr=9.290e-04 grad_norm=0.144 train_tok_per_s=234066
2026-10-01 23:19:41,796 INFO step=20700 epoch=2 loss=0.6407 lr=9.287e-04 grad_norm=0.147 train_tok_per_s=234071
2026-10-01 23:19:45,308 INFO step=20750 epoch=2 loss=0.6085 lr=9.283e-04 grad_norm=0.151 train_tok_per_s=234074
2026-10-01 23:19:48,817 INFO step=20800 epoch=2 loss=0.6283 lr=9.280e-04 grad_norm=0.152 train_tok_per_s=234078
2026-10-01 23:19:52,318 INFO step=20850 epoch=2 loss=0.6485 lr=9.276e-04 grad_norm=0.155 train_tok_per_s=234084
2026-10-01 23:19:55,810 INFO step=20900 epoch=2 loss=0.6489 lr=9.273e-04 grad_norm=0.158 train_tok_per_s=234090
2026-10-01 23:19:59,320 INFO step=20950 epoch=2 loss=0.5936 lr=9.269e-04 grad_norm=0.153 train_tok_per_s=234094
2026-10-01 23:20:02,827 INFO step=21000 epoch=2 loss=0.6283 lr=9.266e-04 grad_norm=0.149 train_tok_per_s=234099
2026-10-01 23:20:07,447 INFO step=21000 eval val_loss(partial 100 batches)=0.5965
2026-10-01 23:20:10,992 INFO step=21050 epoch=2 loss=0.6000 lr=9.262e-04 grad_norm=0.150 train_tok_per_s=234103
2026-10-01 23:20:14,474 INFO step=21100 epoch=2 loss=0.6258 lr=9.258e-04 grad_norm=0.155 train_tok_per_s=234111
2026-10-01 23:20:17,975 INFO step=21150 epoch=2 loss=0.6044 lr=9.255e-04 grad_norm=0.148 train_tok_per_s=234116
2026-10-01 23:20:21,483 INFO step=21200 epoch=2 loss=0.6322 lr=9.251e-04 grad_norm=0.150 train_tok_per_s=234120
2026-10-01 23:20:24,987 INFO step=21250 epoch=2 loss=0.6339 lr=9.248e-04 grad_norm=0.152 train_tok_per_s=234125
2026-10-01 23:20:28,495 INFO step=21300 epoch=2 loss=0.6249 lr=9.244e-04 grad_norm=0.151 train_tok_per_s=234130
2026-10-01 23:20:32,001 INFO step=21350 epoch=2 loss=0.6398 lr=9.240e-04 grad_norm=0.147 train_tok_per_s=234134
2026-10-01 23:20:35,480 INFO step=21400 epoch=2 loss=0.5847 lr=9.237e-04 grad_norm=0.153 train_tok_per_s=234142
2026-10-01 23:20:38,985 INFO step=21450 epoch=2 loss=0.6034 lr=9.233e-04 grad_norm=0.140 train_tok_per_s=234147
2026-10-01 23:20:42,492 INFO step=21500 epoch=2 loss=0.5955 lr=9.229e-04 grad_norm=0.142 train_tok_per_s=234151
2026-10-01 23:20:45,997 INFO step=21550 epoch=2 loss=0.6385 lr=9.226e-04 grad_norm=0.153 train_tok_per_s=234156
2026-10-01 23:20:49,510 INFO step=21600 epoch=2 loss=0.6171 lr=9.222e-04 grad_norm=0.145 train_tok_per_s=234159
2026-10-01 23:20:53,019 INFO step=21650 epoch=2 loss=0.6109 lr=9.218e-04 grad_norm=0.145 train_tok_per_s=234163
2026-10-01 23:20:56,526 INFO step=21700 epoch=2 loss=0.6479 lr=9.215e-04 grad_norm=0.159 train_tok_per_s=234167
2026-10-01 23:21:00,032 INFO step=21750 epoch=2 loss=0.6170 lr=9.211e-04 grad_norm=0.152 train_tok_per_s=234171
2026-10-01 23:21:03,543 INFO step=21800 epoch=2 loss=0.5999 lr=9.207e-04 grad_norm=0.140 train_tok_per_s=234175
2026-10-01 23:21:07,058 INFO step=21850 epoch=2 loss=0.6153 lr=9.204e-04 grad_norm=0.146 train_tok_per_s=234178
2026-10-01 23:21:35,346 INFO epoch=2 train_loss_running=0.6303 train_loss_eval=0.5878 val_loss=0.5953 val_acc=0.8097 elapsed_s=1696
2026-10-01 23:21:35,388 INFO epoch=2 new best val_loss=0.5953 -> checkpoints/full_run01/best.pt
2026-10-01 23:21:36,330 INFO step=21900 epoch=3 loss=0.6081 lr=9.200e-04 grad_norm=0.156 train_tok_per_s=234182
2026-10-01 23:21:39,838 INFO step=21950 epoch=3 loss=0.6251 lr=9.196e-04 grad_norm=0.163 train_tok_per_s=234186
2026-10-01 23:21:43,348 INFO step=22000 epoch=3 loss=0.6224 lr=9.193e-04 grad_norm=0.173 train_tok_per_s=234190
2026-10-01 23:21:47,970 INFO step=22000 eval val_loss(partial 100 batches)=0.5951
2026-10-01 23:21:51,482 INFO step=22050 epoch=3 loss=0.6247 lr=9.189e-04 grad_norm=0.149 train_tok_per_s=234193
2026-10-01 23:21:54,987 INFO step=22100 epoch=3 loss=0.6008 lr=9.185e-04 grad_norm=0.154 train_tok_per_s=234198
2026-10-01 23:21:58,498 INFO step=22150 epoch=3 loss=0.6269 lr=9.181e-04 grad_norm=0.154 train_tok_per_s=234201
2026-10-01 23:22:02,008 INFO step=22200 epoch=3 loss=0.6018 lr=9.178e-04 grad_norm=0.147 train_tok_per_s=234205
2026-10-01 23:22:05,517 INFO step=22250 epoch=3 loss=0.5755 lr=9.174e-04 grad_norm=0.144 train_tok_per_s=234209
2026-10-01 23:22:09,025 INFO step=22300 epoch=3 loss=0.5910 lr=9.170e-04 grad_norm=0.141 train_tok_per_s=234213
2026-10-01 23:22:12,541 INFO step=22350 epoch=3 loss=0.6281 lr=9.166e-04 grad_norm=0.153 train_tok_per_s=234216
2026-10-01 23:22:16,048 INFO step=22400 epoch=3 loss=0.6065 lr=9.163e-04 grad_norm=0.151 train_tok_per_s=234220
2026-10-01 23:22:19,555 INFO step=22450 epoch=3 loss=0.5953 lr=9.159e-04 grad_norm=0.153 train_tok_per_s=234224
2026-10-01 23:22:23,064 INFO step=22500 epoch=3 loss=0.5860 lr=9.155e-04 grad_norm=0.165 train_tok_per_s=234228
2026-10-01 23:22:26,574 INFO step=22550 epoch=3 loss=0.6255 lr=9.151e-04 grad_norm=0.148 train_tok_per_s=234231
2026-10-01 23:22:30,079 INFO step=22600 epoch=3 loss=0.6511 lr=9.147e-04 grad_norm=0.156 train_tok_per_s=234236
2026-10-01 23:22:33,586 INFO step=22650 epoch=3 loss=0.5840 lr=9.143e-04 grad_norm=0.144 train_tok_per_s=234239
2026-10-01 23:22:37,094 INFO step=22700 epoch=3 loss=0.5729 lr=9.140e-04 grad_norm=0.146 train_tok_per_s=234243
2026-10-01 23:22:40,599 INFO step=22750 epoch=3 loss=0.6319 lr=9.136e-04 grad_norm=0.145 train_tok_per_s=234247
2026-10-01 23:22:44,102 INFO step=22800 epoch=3 loss=0.6066 lr=9.132e-04 grad_norm=0.155 train_tok_per_s=234251
2026-10-01 23:22:47,611 INFO step=22850 epoch=3 loss=0.6095 lr=9.128e-04 grad_norm=0.148 train_tok_per_s=234255
2026-10-01 23:22:51,117 INFO step=22900 epoch=3 loss=0.6083 lr=9.124e-04 grad_norm=0.150 train_tok_per_s=234259
2026-10-01 23:22:54,625 INFO step=22950 epoch=3 loss=0.5990 lr=9.120e-04 grad_norm=0.144 train_tok_per_s=234262
2026-10-01 23:22:58,130 INFO step=23000 epoch=3 loss=0.6234 lr=9.117e-04 grad_norm=0.157 train_tok_per_s=234266
2026-10-01 23:23:02,744 INFO step=23000 eval val_loss(partial 100 batches)=0.5930
2026-10-01 23:23:06,254 INFO step=23050 epoch=3 loss=0.6389 lr=9.113e-04 grad_norm=0.156 train_tok_per_s=234270
2026-10-01 23:23:09,762 INFO step=23100 epoch=3 loss=0.5929 lr=9.109e-04 grad_norm=0.150 train_tok_per_s=234273
2026-10-01 23:23:13,271 INFO step=23150 epoch=3 loss=0.6360 lr=9.105e-04 grad_norm=0.158 train_tok_per_s=234277
2026-10-01 23:23:16,780 INFO step=23200 epoch=3 loss=0.6238 lr=9.101e-04 grad_norm=0.182 train_tok_per_s=234281
2026-10-01 23:23:20,289 INFO step=23250 epoch=3 loss=0.6073 lr=9.097e-04 grad_norm=0.154 train_tok_per_s=234284
2026-10-01 23:23:23,791 INFO step=23300 epoch=3 loss=0.6335 lr=9.093e-04 grad_norm=0.155 train_tok_per_s=234289
2026-10-01 23:23:27,297 INFO step=23350 epoch=3 loss=0.6027 lr=9.089e-04 grad_norm=0.153 train_tok_per_s=234292
2026-10-01 23:23:30,807 INFO step=23400 epoch=3 loss=0.6125 lr=9.085e-04 grad_norm=0.147 train_tok_per_s=234296
2026-10-01 23:23:34,315 INFO step=23450 epoch=3 loss=0.6015 lr=9.081e-04 grad_norm=0.145 train_tok_per_s=234299
2026-10-01 23:23:37,825 INFO step=23500 epoch=3 loss=0.6209 lr=9.077e-04 grad_norm=0.156 train_tok_per_s=234303
2026-10-01 23:23:41,332 INFO step=23550 epoch=3 loss=0.5960 lr=9.073e-04 grad_norm=0.149 train_tok_per_s=234306
2026-10-01 23:23:44,840 INFO step=23600 epoch=3 loss=0.6074 lr=9.069e-04 grad_norm=0.143 train_tok_per_s=234310
2026-10-01 23:23:48,353 INFO step=23650 epoch=3 loss=0.6221 lr=9.065e-04 grad_norm=0.143 train_tok_per_s=234313
2026-10-01 23:23:51,861 INFO step=23700 epoch=3 loss=0.6628 lr=9.061e-04 grad_norm=0.161 train_tok_per_s=234316
2026-10-01 23:23:55,369 INFO step=23750 epoch=3 loss=0.6018 lr=9.057e-04 grad_norm=0.141 train_tok_per_s=234320
2026-10-01 23:23:58,880 INFO step=23800 epoch=3 loss=0.6151 lr=9.053e-04 grad_norm=0.146 train_tok_per_s=234322
2026-10-01 23:24:02,388 INFO step=23850 epoch=3 loss=0.6020 lr=9.049e-04 grad_norm=0.143 train_tok_per_s=234326
2026-10-01 23:24:05,902 INFO step=23900 epoch=3 loss=0.5973 lr=9.045e-04 grad_norm=0.142 train_tok_per_s=234328
2026-10-01 23:24:09,412 INFO step=23950 epoch=3 loss=0.5759 lr=9.041e-04 grad_norm=0.155 train_tok_per_s=234331
2026-10-01 23:24:12,918 INFO step=24000 epoch=3 loss=0.6089 lr=9.037e-04 grad_norm=0.144 train_tok_per_s=234335
2026-10-01 23:24:17,535 INFO step=24000 eval val_loss(partial 100 batches)=0.5911
2026-10-01 23:24:21,046 INFO step=24050 epoch=3 loss=0.6007 lr=9.033e-04 grad_norm=0.152 train_tok_per_s=234338
2026-10-01 23:24:24,555 INFO step=24100 epoch=3 loss=0.6175 lr=9.029e-04 grad_norm=0.152 train_tok_per_s=234341
2026-10-01 23:24:28,064 INFO step=24150 epoch=3 loss=0.6382 lr=9.025e-04 grad_norm=0.149 train_tok_per_s=234344
2026-10-01 23:24:31,571 INFO step=24200 epoch=3 loss=0.6266 lr=9.021e-04 grad_norm=0.154 train_tok_per_s=234348
2026-10-01 23:24:35,077 INFO step=24250 epoch=3 loss=0.6019 lr=9.017e-04 grad_norm=0.149 train_tok_per_s=234351
2026-10-01 23:24:38,588 INFO step=24300 epoch=3 loss=0.6111 lr=9.013e-04 grad_norm=0.152 train_tok_per_s=234354
2026-10-01 23:24:42,091 INFO step=24350 epoch=3 loss=0.6460 lr=9.009e-04 grad_norm=0.149 train_tok_per_s=234358
2026-10-01 23:24:45,598 INFO step=24400 epoch=3 loss=0.6076 lr=9.005e-04 grad_norm=0.159 train_tok_per_s=234362
2026-10-01 23:24:49,107 INFO step=24450 epoch=3 loss=0.6252 lr=9.001e-04 grad_norm=0.151 train_tok_per_s=234365
2026-10-01 23:24:52,616 INFO step=24500 epoch=3 loss=0.6022 lr=8.997e-04 grad_norm=0.143 train_tok_per_s=234368
2026-10-01 23:24:56,128 INFO step=24550 epoch=3 loss=0.6094 lr=8.993e-04 grad_norm=0.146 train_tok_per_s=234371
2026-10-01 23:24:59,631 INFO step=24600 epoch=3 loss=0.6253 lr=8.989e-04 grad_norm=0.151 train_tok_per_s=234375
2026-10-01 23:25:03,141 INFO step=24650 epoch=3 loss=0.5958 lr=8.984e-04 grad_norm=0.147 train_tok_per_s=234378
2026-10-01 23:25:06,649 INFO step=24700 epoch=3 loss=0.6116 lr=8.980e-04 grad_norm=0.149 train_tok_per_s=234381
2026-10-01 23:25:10,155 INFO step=24750 epoch=3 loss=0.5955 lr=8.976e-04 grad_norm=0.146 train_tok_per_s=234385
2026-10-01 23:25:13,667 INFO step=24800 epoch=3 loss=0.5964 lr=8.972e-04 grad_norm=0.147 train_tok_per_s=234387
2026-10-01 23:25:17,176 INFO step=24850 epoch=3 loss=0.6035 lr=8.968e-04 grad_norm=0.150 train_tok_per_s=234390
2026-10-01 23:25:20,685 INFO step=24900 epoch=3 loss=0.6380 lr=8.964e-04 grad_norm=0.154 train_tok_per_s=234393
2026-10-01 23:25:24,191 INFO step=24950 epoch=3 loss=0.6094 lr=8.960e-04 grad_norm=0.142 train_tok_per_s=234397
2026-10-01 23:25:27,701 INFO step=25000 epoch=3 loss=0.6072 lr=8.955e-04 grad_norm=0.148 train_tok_per_s=234400
2026-10-01 23:25:32,312 INFO step=25000 eval val_loss(partial 100 batches)=0.5901
2026-10-01 23:25:35,818 INFO step=25050 epoch=3 loss=0.5983 lr=8.951e-04 grad_norm=0.148 train_tok_per_s=234403
2026-10-01 23:25:39,330 INFO step=25100 epoch=3 loss=0.6286 lr=8.947e-04 grad_norm=0.149 train_tok_per_s=234406
2026-10-01 23:25:42,837 INFO step=25150 epoch=3 loss=0.6090 lr=8.943e-04 grad_norm=0.155 train_tok_per_s=234409
2026-10-01 23:25:46,345 INFO step=25200 epoch=3 loss=0.6221 lr=8.939e-04 grad_norm=0.159 train_tok_per_s=234412
2026-10-01 23:25:49,853 INFO step=25250 epoch=3 loss=0.6158 lr=8.934e-04 grad_norm=0.154 train_tok_per_s=234415
2026-10-01 23:25:53,362 INFO step=25300 epoch=3 loss=0.5854 lr=8.930e-04 grad_norm=0.141 train_tok_per_s=234419
2026-10-01 23:25:56,867 INFO step=25350 epoch=3 loss=0.6091 lr=8.926e-04 grad_norm=0.153 train_tok_per_s=234422
2026-10-01 23:26:00,373 INFO step=25400 epoch=3 loss=0.5950 lr=8.922e-04 grad_norm=0.153 train_tok_per_s=234425
2026-10-01 23:26:03,883 INFO step=25450 epoch=3 loss=0.6322 lr=8.918e-04 grad_norm=0.164 train_tok_per_s=234428
2026-10-01 23:26:07,397 INFO step=25500 epoch=3 loss=0.6242 lr=8.913e-04 grad_norm=0.144 train_tok_per_s=234430
2026-10-01 23:26:10,910 INFO step=25550 epoch=3 loss=0.6123 lr=8.909e-04 grad_norm=0.151 train_tok_per_s=234432
2026-10-01 23:26:14,420 INFO step=25600 epoch=3 loss=0.6024 lr=8.905e-04 grad_norm=0.154 train_tok_per_s=234435
2026-10-01 23:26:17,934 INFO step=25650 epoch=3 loss=0.6162 lr=8.900e-04 grad_norm=0.147 train_tok_per_s=234437
2026-10-01 23:26:21,440 INFO step=25700 epoch=3 loss=0.5973 lr=8.896e-04 grad_norm=0.145 train_tok_per_s=234441
2026-10-01 23:26:24,948 INFO step=25750 epoch=3 loss=0.6047 lr=8.892e-04 grad_norm=0.149 train_tok_per_s=234444
2026-10-01 23:26:28,457 INFO step=25800 epoch=3 loss=0.6020 lr=8.888e-04 grad_norm=0.146 train_tok_per_s=234447
2026-10-01 23:26:31,964 INFO step=25850 epoch=3 loss=0.6095 lr=8.883e-04 grad_norm=0.152 train_tok_per_s=234450
2026-10-01 23:26:35,471 INFO step=25900 epoch=3 loss=0.6079 lr=8.879e-04 grad_norm=0.155 train_tok_per_s=234453
2026-10-01 23:26:38,986 INFO step=25950 epoch=3 loss=0.5925 lr=8.875e-04 grad_norm=0.150 train_tok_per_s=234455
2026-10-01 23:26:42,558 INFO step=26000 epoch=3 loss=0.5798 lr=8.870e-04 grad_norm=0.145 train_tok_per_s=234449
2026-10-01 23:26:47,178 INFO step=26000 eval val_loss(partial 100 batches)=0.5889
2026-10-01 23:26:50,685 INFO step=26050 epoch=3 loss=0.5791 lr=8.866e-04 grad_norm=0.142 train_tok_per_s=234452
2026-10-01 23:26:54,195 INFO step=26100 epoch=3 loss=0.6171 lr=8.862e-04 grad_norm=0.150 train_tok_per_s=234455
2026-10-01 23:26:57,707 INFO step=26150 epoch=3 loss=0.6090 lr=8.857e-04 grad_norm=0.167 train_tok_per_s=234458
2026-10-01 23:27:01,212 INFO step=26200 epoch=3 loss=0.6212 lr=8.853e-04 grad_norm=0.144 train_tok_per_s=234461
2026-10-01 23:27:04,723 INFO step=26250 epoch=3 loss=0.6074 lr=8.849e-04 grad_norm=0.155 train_tok_per_s=234463
2026-10-01 23:27:08,231 INFO step=26300 epoch=3 loss=0.5983 lr=8.844e-04 grad_norm=0.149 train_tok_per_s=234466
2026-10-01 23:27:11,744 INFO step=26350 epoch=3 loss=0.6122 lr=8.840e-04 grad_norm=0.153 train_tok_per_s=234468
2026-10-01 23:27:15,265 INFO step=26400 epoch=3 loss=0.5871 lr=8.836e-04 grad_norm=0.148 train_tok_per_s=234469
2026-10-01 23:27:18,779 INFO step=26450 epoch=3 loss=0.6098 lr=8.831e-04 grad_norm=0.150 train_tok_per_s=234471
2026-10-01 23:27:22,316 INFO step=26500 epoch=3 loss=0.5990 lr=8.827e-04 grad_norm=0.151 train_tok_per_s=234471
2026-10-01 23:27:25,826 INFO step=26550 epoch=3 loss=0.6077 lr=8.822e-04 grad_norm=0.151 train_tok_per_s=234473
2026-10-01 23:27:29,335 INFO step=26600 epoch=3 loss=0.6225 lr=8.818e-04 grad_norm=0.155 train_tok_per_s=234476
2026-10-01 23:27:32,843 INFO step=26650 epoch=3 loss=0.6000 lr=8.814e-04 grad_norm=0.151 train_tok_per_s=234479
2026-10-01 23:27:36,349 INFO step=26700 epoch=3 loss=0.6256 lr=8.809e-04 grad_norm=0.154 train_tok_per_s=234482
2026-10-01 23:27:39,857 INFO step=26750 epoch=3 loss=0.6270 lr=8.805e-04 grad_norm=0.153 train_tok_per_s=234485
2026-10-01 23:27:43,368 INFO step=26800 epoch=3 loss=0.6166 lr=8.800e-04 grad_norm=0.151 train_tok_per_s=234487
2026-10-01 23:27:46,875 INFO step=26850 epoch=3 loss=0.6015 lr=8.796e-04 grad_norm=0.146 train_tok_per_s=234490
2026-10-01 23:27:50,386 INFO step=26900 epoch=3 loss=0.5700 lr=8.792e-04 grad_norm=0.145 train_tok_per_s=234492
2026-10-01 23:27:53,891 INFO step=26950 epoch=3 loss=0.5915 lr=8.787e-04 grad_norm=0.155 train_tok_per_s=234495
2026-10-01 23:27:57,400 INFO step=27000 epoch=3 loss=0.6044 lr=8.783e-04 grad_norm=0.156 train_tok_per_s=234498
2026-10-01 23:28:02,024 INFO step=27000 eval val_loss(partial 100 batches)=0.5873
2026-10-01 23:28:05,531 INFO step=27050 epoch=3 loss=0.5944 lr=8.778e-04 grad_norm=0.149 train_tok_per_s=234501
2026-10-01 23:28:09,037 INFO step=27100 epoch=3 loss=0.6061 lr=8.774e-04 grad_norm=0.165 train_tok_per_s=234504
2026-10-01 23:28:12,544 INFO step=27150 epoch=3 loss=0.6265 lr=8.769e-04 grad_norm=0.148 train_tok_per_s=234506
2026-10-01 23:28:16,060 INFO step=27200 epoch=3 loss=0.5995 lr=8.765e-04 grad_norm=0.145 train_tok_per_s=234508
2026-10-01 23:28:19,569 INFO step=27250 epoch=3 loss=0.5919 lr=8.760e-04 grad_norm=0.155 train_tok_per_s=234510
2026-10-01 23:28:23,075 INFO step=27300 epoch=3 loss=0.5981 lr=8.756e-04 grad_norm=0.143 train_tok_per_s=234513
2026-10-01 23:28:26,589 INFO step=27350 epoch=3 loss=0.6156 lr=8.751e-04 grad_norm=0.157 train_tok_per_s=234515
2026-10-01 23:28:30,098 INFO step=27400 epoch=3 loss=0.6100 lr=8.747e-04 grad_norm=0.159 train_tok_per_s=234518
2026-10-01 23:28:33,609 INFO step=27450 epoch=3 loss=0.5979 lr=8.742e-04 grad_norm=0.152 train_tok_per_s=234520
2026-10-01 23:28:37,117 INFO step=27500 epoch=3 loss=0.5997 lr=8.738e-04 grad_norm=0.148 train_tok_per_s=234523
2026-10-01 23:28:40,626 INFO step=27550 epoch=3 loss=0.6033 lr=8.733e-04 grad_norm=0.146 train_tok_per_s=234525
2026-10-01 23:28:44,137 INFO step=27600 epoch=3 loss=0.6052 lr=8.729e-04 grad_norm=0.155 train_tok_per_s=234527
2026-10-01 23:28:47,648 INFO step=27650 epoch=3 loss=0.6098 lr=8.724e-04 grad_norm=0.157 train_tok_per_s=234530
2026-10-01 23:28:51,159 INFO step=27700 epoch=3 loss=0.5696 lr=8.720e-04 grad_norm=0.145 train_tok_per_s=234532
2026-10-01 23:28:54,670 INFO step=27750 epoch=3 loss=0.6041 lr=8.715e-04 grad_norm=0.158 train_tok_per_s=234534
2026-10-01 23:28:58,179 INFO step=27800 epoch=3 loss=0.6227 lr=8.710e-04 grad_norm=0.156 train_tok_per_s=234537
2026-10-01 23:29:01,692 INFO step=27850 epoch=3 loss=0.6038 lr=8.706e-04 grad_norm=0.145 train_tok_per_s=234539
2026-10-01 23:29:05,210 INFO step=27900 epoch=3 loss=0.6136 lr=8.701e-04 grad_norm=0.147 train_tok_per_s=234540
2026-10-01 23:29:08,721 INFO step=27950 epoch=3 loss=0.6036 lr=8.697e-04 grad_norm=0.159 train_tok_per_s=234542
2026-10-01 23:29:12,234 INFO step=28000 epoch=3 loss=0.5960 lr=8.692e-04 grad_norm=0.146 train_tok_per_s=234544
2026-10-01 23:29:16,857 INFO step=28000 eval val_loss(partial 100 batches)=0.5847
2026-10-01 23:29:20,363 INFO step=28050 epoch=3 loss=0.5776 lr=8.688e-04 grad_norm=0.152 train_tok_per_s=234547
2026-10-01 23:29:23,873 INFO step=28100 epoch=3 loss=0.6017 lr=8.683e-04 grad_norm=0.151 train_tok_per_s=234549
2026-10-01 23:29:27,380 INFO step=28150 epoch=3 loss=0.6063 lr=8.678e-04 grad_norm=0.148 train_tok_per_s=234552
2026-10-01 23:29:30,884 INFO step=28200 epoch=3 loss=0.5796 lr=8.674e-04 grad_norm=0.146 train_tok_per_s=234555
2026-10-01 23:29:34,389 INFO step=28250 epoch=3 loss=0.5701 lr=8.669e-04 grad_norm=0.151 train_tok_per_s=234558
2026-10-01 23:29:37,900 INFO step=28300 epoch=3 loss=0.5995 lr=8.664e-04 grad_norm=0.150 train_tok_per_s=234560
2026-10-01 23:29:41,406 INFO step=28350 epoch=3 loss=0.6264 lr=8.660e-04 grad_norm=0.158 train_tok_per_s=234563
2026-10-01 23:29:44,915 INFO step=28400 epoch=3 loss=0.6051 lr=8.655e-04 grad_norm=0.158 train_tok_per_s=234565
2026-10-01 23:29:48,419 INFO step=28450 epoch=3 loss=0.5883 lr=8.650e-04 grad_norm=0.145 train_tok_per_s=234568
2026-10-01 23:29:51,928 INFO step=28500 epoch=3 loss=0.5881 lr=8.646e-04 grad_norm=0.155 train_tok_per_s=234570
2026-10-01 23:29:55,463 INFO step=28550 epoch=3 loss=0.6117 lr=8.641e-04 grad_norm=0.161 train_tok_per_s=234570
2026-10-01 23:29:58,972 INFO step=28600 epoch=3 loss=0.5929 lr=8.636e-04 grad_norm=0.145 train_tok_per_s=234572
2026-10-01 23:30:02,481 INFO step=28650 epoch=3 loss=0.5721 lr=8.632e-04 grad_norm=0.151 train_tok_per_s=234574
2026-10-01 23:30:05,987 INFO step=28700 epoch=3 loss=0.6096 lr=8.627e-04 grad_norm=0.160 train_tok_per_s=234577
2026-10-01 23:30:09,491 INFO step=28750 epoch=3 loss=0.6277 lr=8.622e-04 grad_norm=0.158 train_tok_per_s=234580
2026-10-01 23:30:12,997 INFO step=28800 epoch=3 loss=0.6089 lr=8.618e-04 grad_norm=0.153 train_tok_per_s=234583
2026-10-01 23:30:16,509 INFO step=28850 epoch=3 loss=0.5874 lr=8.613e-04 grad_norm=0.144 train_tok_per_s=234584
2026-10-01 23:30:20,022 INFO step=28900 epoch=3 loss=0.6249 lr=8.608e-04 grad_norm=0.164 train_tok_per_s=234586
2026-10-01 23:30:23,527 INFO step=28950 epoch=3 loss=0.5945 lr=8.604e-04 grad_norm=0.155 train_tok_per_s=234589
2026-10-01 23:30:27,037 INFO step=29000 epoch=3 loss=0.5966 lr=8.599e-04 grad_norm=0.140 train_tok_per_s=234592
2026-10-01 23:30:31,657 INFO step=29000 eval val_loss(partial 100 batches)=0.5835
2026-10-01 23:30:35,164 INFO step=29050 epoch=3 loss=0.6039 lr=8.594e-04 grad_norm=0.159 train_tok_per_s=234594
2026-10-01 23:30:38,678 INFO step=29100 epoch=3 loss=0.5981 lr=8.589e-04 grad_norm=0.152 train_tok_per_s=234596
2026-10-01 23:30:42,185 INFO step=29150 epoch=3 loss=0.5881 lr=8.585e-04 grad_norm=0.146 train_tok_per_s=234598
2026-10-01 23:30:45,689 INFO step=29200 epoch=3 loss=0.6011 lr=8.580e-04 grad_norm=0.154 train_tok_per_s=234601
2026-10-01 23:30:49,196 INFO step=29250 epoch=3 loss=0.5865 lr=8.575e-04 grad_norm=0.149 train_tok_per_s=234604
2026-10-01 23:30:52,707 INFO step=29300 epoch=3 loss=0.6070 lr=8.570e-04 grad_norm=0.157 train_tok_per_s=234606
2026-10-01 23:30:56,213 INFO step=29350 epoch=3 loss=0.6067 lr=8.566e-04 grad_norm=0.148 train_tok_per_s=234608
2026-10-01 23:30:59,724 INFO step=29400 epoch=3 loss=0.6065 lr=8.561e-04 grad_norm=0.174 train_tok_per_s=234610
2026-10-01 23:31:03,231 INFO step=29450 epoch=3 loss=0.6158 lr=8.556e-04 grad_norm=0.145 train_tok_per_s=234613
2026-10-01 23:31:06,740 INFO step=29500 epoch=3 loss=0.6026 lr=8.551e-04 grad_norm=0.141 train_tok_per_s=234615
2026-10-01 23:31:10,243 INFO step=29550 epoch=3 loss=0.5931 lr=8.547e-04 grad_norm=0.155 train_tok_per_s=234618
2026-10-01 23:31:13,749 INFO step=29600 epoch=3 loss=0.5980 lr=8.542e-04 grad_norm=0.159 train_tok_per_s=234620
2026-10-01 23:31:17,257 INFO step=29650 epoch=3 loss=0.6032 lr=8.537e-04 grad_norm=0.148 train_tok_per_s=234623
2026-10-01 23:31:20,768 INFO step=29700 epoch=3 loss=0.5922 lr=8.532e-04 grad_norm=0.145 train_tok_per_s=234625
2026-10-01 23:31:24,274 INFO step=29750 epoch=3 loss=0.6210 lr=8.527e-04 grad_norm=0.156 train_tok_per_s=234627
2026-10-01 23:31:27,782 INFO step=29800 epoch=3 loss=0.6090 lr=8.522e-04 grad_norm=0.154 train_tok_per_s=234629
2026-10-01 23:31:31,290 INFO step=29850 epoch=3 loss=0.5971 lr=8.518e-04 grad_norm=0.156 train_tok_per_s=234632
2026-10-01 23:31:34,801 INFO step=29900 epoch=3 loss=0.6035 lr=8.513e-04 grad_norm=0.154 train_tok_per_s=234634
2026-10-01 23:31:38,307 INFO step=29950 epoch=3 loss=0.6212 lr=8.508e-04 grad_norm=0.148 train_tok_per_s=234636
2026-10-01 23:31:41,817 INFO step=30000 epoch=3 loss=0.5951 lr=8.503e-04 grad_norm=0.156 train_tok_per_s=234638
2026-10-01 23:31:46,433 INFO step=30000 eval val_loss(partial 100 batches)=0.5824
2026-10-01 23:31:49,942 INFO step=30050 epoch=3 loss=0.6079 lr=8.498e-04 grad_norm=0.148 train_tok_per_s=234640
2026-10-01 23:31:53,450 INFO step=30100 epoch=3 loss=0.5979 lr=8.493e-04 grad_norm=0.149 train_tok_per_s=234643
2026-10-01 23:31:56,956 INFO step=30150 epoch=3 loss=0.5951 lr=8.488e-04 grad_norm=0.146 train_tok_per_s=234645
2026-10-01 23:32:00,466 INFO step=30200 epoch=3 loss=0.6001 lr=8.484e-04 grad_norm=0.155 train_tok_per_s=234647
2026-10-01 23:32:03,977 INFO step=30250 epoch=3 loss=0.6130 lr=8.479e-04 grad_norm=0.157 train_tok_per_s=234649
2026-10-01 23:32:07,491 INFO step=30300 epoch=3 loss=0.6050 lr=8.474e-04 grad_norm=0.147 train_tok_per_s=234650
2026-10-01 23:32:11,004 INFO step=30350 epoch=3 loss=0.6032 lr=8.469e-04 grad_norm=0.163 train_tok_per_s=234652
2026-10-01 23:32:14,516 INFO step=30400 epoch=3 loss=0.6263 lr=8.464e-04 grad_norm=0.160 train_tok_per_s=234654
2026-10-01 23:32:18,026 INFO step=30450 epoch=3 loss=0.5986 lr=8.459e-04 grad_norm=0.150 train_tok_per_s=234656
2026-10-01 23:32:21,535 INFO step=30500 epoch=3 loss=0.5669 lr=8.454e-04 grad_norm=0.147 train_tok_per_s=234658
2026-10-01 23:32:25,044 INFO step=30550 epoch=3 loss=0.5948 lr=8.449e-04 grad_norm=0.145 train_tok_per_s=234660
2026-10-01 23:32:28,552 INFO step=30600 epoch=3 loss=0.5734 lr=8.444e-04 grad_norm=0.143 train_tok_per_s=234662
2026-10-01 23:32:32,059 INFO step=30650 epoch=3 loss=0.6060 lr=8.439e-04 grad_norm=0.150 train_tok_per_s=234664
2026-10-01 23:32:35,569 INFO step=30700 epoch=3 loss=0.6012 lr=8.434e-04 grad_norm=0.144 train_tok_per_s=234666
2026-10-01 23:32:39,079 INFO step=30750 epoch=3 loss=0.5799 lr=8.430e-04 grad_norm=0.150 train_tok_per_s=234668
2026-10-01 23:32:42,585 INFO step=30800 epoch=3 loss=0.6162 lr=8.425e-04 grad_norm=0.158 train_tok_per_s=234670
2026-10-01 23:32:46,105 INFO step=30850 epoch=3 loss=0.6269 lr=8.420e-04 grad_norm=0.152 train_tok_per_s=234671
2026-10-01 23:32:49,617 INFO step=30900 epoch=3 loss=0.6061 lr=8.415e-04 grad_norm=0.149 train_tok_per_s=234673
2026-10-01 23:32:53,135 INFO step=30950 epoch=3 loss=0.5939 lr=8.410e-04 grad_norm=0.146 train_tok_per_s=234674
2026-10-01 23:32:56,671 INFO step=31000 epoch=3 loss=0.5844 lr=8.405e-04 grad_norm=0.151 train_tok_per_s=234673
2026-10-01 23:33:01,296 INFO step=31000 eval val_loss(partial 100 batches)=0.5803
2026-10-01 23:33:04,811 INFO step=31050 epoch=3 loss=0.5957 lr=8.400e-04 grad_norm=0.149 train_tok_per_s=234674
2026-10-01 23:33:08,331 INFO step=31100 epoch=3 loss=0.5831 lr=8.395e-04 grad_norm=0.159 train_tok_per_s=234675
2026-10-01 23:33:11,846 INFO step=31150 epoch=3 loss=0.6054 lr=8.390e-04 grad_norm=0.151 train_tok_per_s=234677
2026-10-01 23:33:15,363 INFO step=31200 epoch=3 loss=0.6310 lr=8.385e-04 grad_norm=0.166 train_tok_per_s=234678
2026-10-01 23:33:18,883 INFO step=31250 epoch=3 loss=0.6016 lr=8.380e-04 grad_norm=0.160 train_tok_per_s=234679
2026-10-01 23:33:22,397 INFO step=31300 epoch=3 loss=0.6092 lr=8.375e-04 grad_norm=0.152 train_tok_per_s=234680
2026-10-01 23:33:25,922 INFO step=31350 epoch=3 loss=0.6304 lr=8.370e-04 grad_norm=0.151 train_tok_per_s=234680
2026-10-01 23:33:29,436 INFO step=31400 epoch=3 loss=0.5915 lr=8.365e-04 grad_norm=0.151 train_tok_per_s=234682
2026-10-01 23:33:32,944 INFO step=31450 epoch=3 loss=0.5861 lr=8.360e-04 grad_norm=0.164 train_tok_per_s=234684
2026-10-01 23:33:36,450 INFO step=31500 epoch=3 loss=0.5990 lr=8.355e-04 grad_norm=0.154 train_tok_per_s=234686
2026-10-01 23:33:39,954 INFO step=31550 epoch=3 loss=0.5877 lr=8.350e-04 grad_norm=0.154 train_tok_per_s=234688
2026-10-01 23:33:43,507 INFO step=31600 epoch=3 loss=0.6009 lr=8.345e-04 grad_norm=0.164 train_tok_per_s=234685
2026-10-01 23:33:47,044 INFO step=31650 epoch=3 loss=0.6254 lr=8.340e-04 grad_norm=0.164 train_tok_per_s=234683
2026-10-01 23:33:50,554 INFO step=31700 epoch=3 loss=0.5825 lr=8.334e-04 grad_norm=0.151 train_tok_per_s=234685
2026-10-01 23:33:54,062 INFO step=31750 epoch=3 loss=0.5807 lr=8.329e-04 grad_norm=0.142 train_tok_per_s=234687
2026-10-01 23:33:57,574 INFO step=31800 epoch=3 loss=0.5905 lr=8.324e-04 grad_norm=0.155 train_tok_per_s=234688
2026-10-01 23:34:01,089 INFO step=31850 epoch=3 loss=0.6239 lr=8.319e-04 grad_norm=0.170 train_tok_per_s=234689
2026-10-01 23:34:04,603 INFO step=31900 epoch=3 loss=0.6111 lr=8.314e-04 grad_norm=0.153 train_tok_per_s=234690
2026-10-01 23:34:08,121 INFO step=31950 epoch=3 loss=0.6051 lr=8.309e-04 grad_norm=0.154 train_tok_per_s=234691
2026-10-01 23:34:11,632 INFO step=32000 epoch=3 loss=0.5915 lr=8.304e-04 grad_norm=0.148 train_tok_per_s=234693
2026-10-01 23:34:16,247 INFO step=32000 eval val_loss(partial 100 batches)=0.5796
2026-10-01 23:34:19,748 INFO step=32050 epoch=3 loss=0.5695 lr=8.299e-04 grad_norm=0.153 train_tok_per_s=234695
2026-10-01 23:34:23,246 INFO step=32100 epoch=3 loss=0.5793 lr=8.294e-04 grad_norm=0.145 train_tok_per_s=234698
2026-10-01 23:34:26,744 INFO step=32150 epoch=3 loss=0.6089 lr=8.289e-04 grad_norm=0.154 train_tok_per_s=234701
2026-10-01 23:34:30,245 INFO step=32200 epoch=3 loss=0.5835 lr=8.284e-04 grad_norm=0.150 train_tok_per_s=234703
2026-10-01 23:34:33,741 INFO step=32250 epoch=3 loss=0.5990 lr=8.278e-04 grad_norm=0.154 train_tok_per_s=234706
2026-10-01 23:34:37,239 INFO step=32300 epoch=3 loss=0.5776 lr=8.273e-04 grad_norm=0.149 train_tok_per_s=234708
2026-10-01 23:34:40,734 INFO step=32350 epoch=3 loss=0.5860 lr=8.268e-04 grad_norm=0.145 train_tok_per_s=234711
2026-10-01 23:34:44,242 INFO step=32400 epoch=3 loss=0.5869 lr=8.263e-04 grad_norm=0.155 train_tok_per_s=234713
2026-10-01 23:34:47,754 INFO step=32450 epoch=3 loss=0.6038 lr=8.258e-04 grad_norm=0.164 train_tok_per_s=234714
2026-10-01 23:34:51,269 INFO step=32500 epoch=3 loss=0.6086 lr=8.253e-04 grad_norm=0.149 train_tok_per_s=234716
2026-10-01 23:34:54,778 INFO step=32550 epoch=3 loss=0.5876 lr=8.248e-04 grad_norm=0.147 train_tok_per_s=234718
2026-10-01 23:34:58,298 INFO step=32600 epoch=3 loss=0.6203 lr=8.242e-04 grad_norm=0.152 train_tok_per_s=234719
2026-10-01 23:35:01,808 INFO step=32650 epoch=3 loss=0.5964 lr=8.237e-04 grad_norm=0.149 train_tok_per_s=234720
2026-10-01 23:35:05,314 INFO step=32700 epoch=3 loss=0.6091 lr=8.232e-04 grad_norm=0.152 train_tok_per_s=234723
2026-10-01 23:35:08,821 INFO step=32750 epoch=3 loss=0.5751 lr=8.227e-04 grad_norm=0.149 train_tok_per_s=234724
2026-10-01 23:35:12,337 INFO step=32800 epoch=3 loss=0.5848 lr=8.222e-04 grad_norm=0.146 train_tok_per_s=234726
2026-10-01 23:35:39,956 INFO epoch=3 train_loss_running=0.6059 train_loss_eval=0.5689 val_loss=0.5777 val_acc=0.8150 elapsed_s=2541
2026-10-01 23:35:39,998 INFO epoch=3 new best val_loss=0.5777 -> checkpoints/full_run01/best.pt
2026-10-01 23:35:41,362 INFO step=32850 epoch=4 loss=0.6140 lr=8.216e-04 grad_norm=0.157 train_tok_per_s=234727
2026-10-01 23:35:44,868 INFO step=32900 epoch=4 loss=0.5762 lr=8.211e-04 grad_norm=0.150 train_tok_per_s=234729
2026-10-01 23:35:48,376 INFO step=32950 epoch=4 loss=0.6039 lr=8.206e-04 grad_norm=0.168 train_tok_per_s=234731
2026-10-01 23:35:51,881 INFO step=33000 epoch=4 loss=0.5927 lr=8.201e-04 grad_norm=0.149 train_tok_per_s=234733
2026-10-01 23:35:56,504 INFO step=33000 eval val_loss(partial 100 batches)=0.5787
2026-10-01 23:36:00,012 INFO step=33050 epoch=4 loss=0.5953 lr=8.196e-04 grad_norm=0.154 train_tok_per_s=234735
2026-10-01 23:36:03,519 INFO step=33100 epoch=4 loss=0.5965 lr=8.190e-04 grad_norm=0.160 train_tok_per_s=234737
2026-10-01 23:36:07,027 INFO step=33150 epoch=4 loss=0.5810 lr=8.185e-04 grad_norm=0.152 train_tok_per_s=234739
2026-10-01 23:36:10,533 INFO step=33200 epoch=4 loss=0.6017 lr=8.180e-04 grad_norm=0.171 train_tok_per_s=234741
2026-10-01 23:36:14,043 INFO step=33250 epoch=4 loss=0.5959 lr=8.175e-04 grad_norm=0.154 train_tok_per_s=234743
2026-10-01 23:36:17,554 INFO step=33300 epoch=4 loss=0.6022 lr=8.169e-04 grad_norm=0.160 train_tok_per_s=234744
2026-10-01 23:36:21,061 INFO step=33350 epoch=4 loss=0.5921 lr=8.164e-04 grad_norm=0.162 train_tok_per_s=234746
2026-10-01 23:36:24,569 INFO step=33400 epoch=4 loss=0.5871 lr=8.159e-04 grad_norm=0.149 train_tok_per_s=234748
2026-10-01 23:36:28,078 INFO step=33450 epoch=4 loss=0.5953 lr=8.154e-04 grad_norm=0.153 train_tok_per_s=234750
2026-10-01 23:36:31,588 INFO step=33500 epoch=4 loss=0.5774 lr=8.148e-04 grad_norm=0.149 train_tok_per_s=234751
2026-10-01 23:36:35,094 INFO step=33550 epoch=4 loss=0.5884 lr=8.143e-04 grad_norm=0.150 train_tok_per_s=234753
2026-10-01 23:36:38,605 INFO step=33600 epoch=4 loss=0.5753 lr=8.138e-04 grad_norm=0.150 train_tok_per_s=234755
2026-10-01 23:36:42,114 INFO step=33650 epoch=4 loss=0.5959 lr=8.133e-04 grad_norm=0.157 train_tok_per_s=234756
2026-10-01 23:36:45,621 INFO step=33700 epoch=4 loss=0.5915 lr=8.127e-04 grad_norm=0.167 train_tok_per_s=234758
2026-10-01 23:36:49,127 INFO step=33750 epoch=4 loss=0.6055 lr=8.122e-04 grad_norm=0.154 train_tok_per_s=234760
2026-10-01 23:36:52,635 INFO step=33800 epoch=4 loss=0.6110 lr=8.117e-04 grad_norm=0.156 train_tok_per_s=234762
2026-10-01 23:36:56,144 INFO step=33850 epoch=4 loss=0.6054 lr=8.111e-04 grad_norm=0.155 train_tok_per_s=234763
2026-10-01 23:36:59,656 INFO step=33900 epoch=4 loss=0.5848 lr=8.106e-04 grad_norm=0.152 train_tok_per_s=234765
2026-10-01 23:37:03,167 INFO step=33950 epoch=4 loss=0.5814 lr=8.101e-04 grad_norm=0.145 train_tok_per_s=234766
2026-10-01 23:37:06,675 INFO step=34000 epoch=4 loss=0.5914 lr=8.095e-04 grad_norm=0.157 train_tok_per_s=234768
2026-10-01 23:37:11,289 INFO step=34000 eval val_loss(partial 100 batches)=0.5772
2026-10-01 23:37:14,799 INFO step=34050 epoch=4 loss=0.5914 lr=8.090e-04 grad_norm=0.152 train_tok_per_s=234769
2026-10-01 23:37:18,313 INFO step=34100 epoch=4 loss=0.5690 lr=8.085e-04 grad_norm=0.159 train_tok_per_s=234771
2026-10-01 23:37:21,827 INFO step=34150 epoch=4 loss=0.5946 lr=8.079e-04 grad_norm=0.156 train_tok_per_s=234772
2026-10-01 23:37:25,338 INFO step=34200 epoch=4 loss=0.5938 lr=8.074e-04 grad_norm=0.159 train_tok_per_s=234773
2026-10-01 23:37:28,848 INFO step=34250 epoch=4 loss=0.6066 lr=8.069e-04 grad_norm=0.161 train_tok_per_s=234775
2026-10-01 23:37:32,356 INFO step=34300 epoch=4 loss=0.5940 lr=8.063e-04 grad_norm=0.157 train_tok_per_s=234777
2026-10-01 23:37:35,862 INFO step=34350 epoch=4 loss=0.6117 lr=8.058e-04 grad_norm=0.158 train_tok_per_s=234779
2026-10-01 23:37:39,370 INFO step=34400 epoch=4 loss=0.5806 lr=8.053e-04 grad_norm=0.155 train_tok_per_s=234780
2026-10-01 23:37:42,877 INFO step=34450 epoch=4 loss=0.6235 lr=8.047e-04 grad_norm=0.160 train_tok_per_s=234782
2026-10-01 23:37:46,384 INFO step=34500 epoch=4 loss=0.6026 lr=8.042e-04 grad_norm=0.153 train_tok_per_s=234784
2026-10-01 23:37:49,892 INFO step=34550 epoch=4 loss=0.5729 lr=8.037e-04 grad_norm=0.154 train_tok_per_s=234786
2026-10-01 23:37:53,395 INFO step=34600 epoch=4 loss=0.5973 lr=8.031e-04 grad_norm=0.150 train_tok_per_s=234788
2026-10-01 23:37:56,902 INFO step=34650 epoch=4 loss=0.6021 lr=8.026e-04 grad_norm=0.155 train_tok_per_s=234790
2026-10-01 23:38:00,409 INFO step=34700 epoch=4 loss=0.5988 lr=8.020e-04 grad_norm=0.158 train_tok_per_s=234792
2026-10-01 23:38:03,919 INFO step=34750 epoch=4 loss=0.6038 lr=8.015e-04 grad_norm=0.156 train_tok_per_s=234793
2026-10-01 23:38:07,425 INFO step=34800 epoch=4 loss=0.5941 lr=8.010e-04 grad_norm=0.155 train_tok_per_s=234795
2026-10-01 23:38:10,930 INFO step=34850 epoch=4 loss=0.6054 lr=8.004e-04 grad_norm=0.162 train_tok_per_s=234797
2026-10-01 23:38:14,436 INFO step=34900 epoch=4 loss=0.6239 lr=7.999e-04 grad_norm=0.162 train_tok_per_s=234799
2026-10-01 23:38:17,942 INFO step=34950 epoch=4 loss=0.6036 lr=7.993e-04 grad_norm=0.148 train_tok_per_s=234801
2026-10-01 23:38:21,446 INFO step=35000 epoch=4 loss=0.5823 lr=7.988e-04 grad_norm=0.152 train_tok_per_s=234803
2026-10-01 23:38:26,063 INFO step=35000 eval val_loss(partial 100 batches)=0.5766
2026-10-01 23:38:29,570 INFO step=35050 epoch=4 loss=0.5981 lr=7.982e-04 grad_norm=0.167 train_tok_per_s=234805
2026-10-01 23:38:33,076 INFO step=35100 epoch=4 loss=0.5852 lr=7.977e-04 grad_norm=0.153 train_tok_per_s=234807
2026-10-01 23:38:36,581 INFO step=35150 epoch=4 loss=0.6037 lr=7.972e-04 grad_norm=0.159 train_tok_per_s=234808
2026-10-01 23:38:40,088 INFO step=35200 epoch=4 loss=0.5600 lr=7.966e-04 grad_norm=0.145 train_tok_per_s=234810
2026-10-01 23:38:43,591 INFO step=35250 epoch=4 loss=0.6087 lr=7.961e-04 grad_norm=0.154 train_tok_per_s=234812
2026-10-01 23:38:47,097 INFO step=35300 epoch=4 loss=0.5912 lr=7.955e-04 grad_norm=0.150 train_tok_per_s=234814
2026-10-01 23:38:50,601 INFO step=35350 epoch=4 loss=0.5904 lr=7.950e-04 grad_norm=0.153 train_tok_per_s=234816
2026-10-01 23:38:54,109 INFO step=35400 epoch=4 loss=0.5881 lr=7.944e-04 grad_norm=0.153 train_tok_per_s=234817
2026-10-01 23:38:57,615 INFO step=35450 epoch=4 loss=0.5918 lr=7.939e-04 grad_norm=0.153 train_tok_per_s=234819
2026-10-01 23:39:01,121 INFO step=35500 epoch=4 loss=0.6093 lr=7.933e-04 grad_norm=0.153 train_tok_per_s=234821
2026-10-01 23:39:04,630 INFO step=35550 epoch=4 loss=0.5872 lr=7.928e-04 grad_norm=0.158 train_tok_per_s=234822
2026-10-01 23:39:08,137 INFO step=35600 epoch=4 loss=0.5911 lr=7.922e-04 grad_norm=0.152 train_tok_per_s=234824
2026-10-01 23:39:11,641 INFO step=35650 epoch=4 loss=0.6100 lr=7.917e-04 grad_norm=0.162 train_tok_per_s=234826
2026-10-01 23:39:15,149 INFO step=35700 epoch=4 loss=0.5804 lr=7.911e-04 grad_norm=0.153 train_tok_per_s=234828
2026-10-01 23:39:18,656 INFO step=35750 epoch=4 loss=0.6020 lr=7.906e-04 grad_norm=0.156 train_tok_per_s=234830
2026-10-01 23:39:22,161 INFO step=35800 epoch=4 loss=0.5776 lr=7.900e-04 grad_norm=0.154 train_tok_per_s=234831
2026-10-01 23:39:25,672 INFO step=35850 epoch=4 loss=0.5864 lr=7.895e-04 grad_norm=0.154 train_tok_per_s=234833
2026-10-01 23:39:29,173 INFO step=35900 epoch=4 loss=0.6063 lr=7.889e-04 grad_norm=0.161 train_tok_per_s=234835
2026-10-01 23:39:32,676 INFO step=35950 epoch=4 loss=0.6371 lr=7.884e-04 grad_norm=0.167 train_tok_per_s=234837
2026-10-01 23:39:36,180 INFO step=36000 epoch=4 loss=0.6168 lr=7.878e-04 grad_norm=0.164 train_tok_per_s=234839
2026-10-01 23:39:40,803 INFO step=36000 eval val_loss(partial 100 batches)=0.5751
2026-10-01 23:39:44,310 INFO step=36050 epoch=4 loss=0.5768 lr=7.873e-04 grad_norm=0.155 train_tok_per_s=234841
2026-10-01 23:39:47,818 INFO step=36100 epoch=4 loss=0.5899 lr=7.867e-04 grad_norm=0.150 train_tok_per_s=234842
2026-10-01 23:39:51,329 INFO step=36150 epoch=4 loss=0.6170 lr=7.862e-04 grad_norm=0.151 train_tok_per_s=234843
2026-10-01 23:39:54,841 INFO step=36200 epoch=4 loss=0.5987 lr=7.856e-04 grad_norm=0.152 train_tok_per_s=234845
2026-10-01 23:39:58,346 INFO step=36250 epoch=4 loss=0.5665 lr=7.850e-04 grad_norm=0.145 train_tok_per_s=234846
2026-10-01 23:40:01,855 INFO step=36300 epoch=4 loss=0.5962 lr=7.845e-04 grad_norm=0.151 train_tok_per_s=234848
2026-10-01 23:40:05,362 INFO step=36350 epoch=4 loss=0.5882 lr=7.839e-04 grad_norm=0.148 train_tok_per_s=234850
2026-10-01 23:40:08,867 INFO step=36400 epoch=4 loss=0.6106 lr=7.834e-04 grad_norm=0.161 train_tok_per_s=234851
2026-10-01 23:40:12,379 INFO step=36450 epoch=4 loss=0.5711 lr=7.828e-04 grad_norm=0.156 train_tok_per_s=234852
2026-10-01 23:40:15,884 INFO step=36500 epoch=4 loss=0.6218 lr=7.823e-04 grad_norm=0.155 train_tok_per_s=234854
2026-10-01 23:40:19,393 INFO step=36550 epoch=4 loss=0.5958 lr=7.817e-04 grad_norm=0.151 train_tok_per_s=234856
2026-10-01 23:40:22,899 INFO step=36600 epoch=4 loss=0.6001 lr=7.811e-04 grad_norm=0.158 train_tok_per_s=234857
2026-10-01 23:40:26,402 INFO step=36650 epoch=4 loss=0.5807 lr=7.806e-04 grad_norm=0.158 train_tok_per_s=234859
2026-10-01 23:40:29,907 INFO step=36700 epoch=4 loss=0.5828 lr=7.800e-04 grad_norm=0.155 train_tok_per_s=234861
2026-10-01 23:40:33,414 INFO step=36750 epoch=4 loss=0.5830 lr=7.795e-04 grad_norm=0.163 train_tok_per_s=234862
2026-10-01 23:40:36,923 INFO step=36800 epoch=4 loss=0.6102 lr=7.789e-04 grad_norm=0.154 train_tok_per_s=234864
2026-10-01 23:40:40,428 INFO step=36850 epoch=4 loss=0.6072 lr=7.783e-04 grad_norm=0.155 train_tok_per_s=234865
2026-10-01 23:40:43,936 INFO step=36900 epoch=4 loss=0.5742 lr=7.778e-04 grad_norm=0.156 train_tok_per_s=234867
2026-10-01 23:40:47,444 INFO step=36950 epoch=4 loss=0.5894 lr=7.772e-04 grad_norm=0.152 train_tok_per_s=234869
2026-10-01 23:40:50,958 INFO step=37000 epoch=4 loss=0.5929 lr=7.767e-04 grad_norm=0.155 train_tok_per_s=234870
2026-10-01 23:40:55,579 INFO step=37000 eval val_loss(partial 100 batches)=0.5727
2026-10-01 23:40:59,097 INFO step=37050 epoch=4 loss=0.5894 lr=7.761e-04 grad_norm=0.150 train_tok_per_s=234870
2026-10-01 23:41:02,602 INFO step=37100 epoch=4 loss=0.5879 lr=7.755e-04 grad_norm=0.157 train_tok_per_s=234872
2026-10-01 23:41:06,108 INFO step=37150 epoch=4 loss=0.5816 lr=7.750e-04 grad_norm=0.159 train_tok_per_s=234873
2026-10-01 23:41:09,616 INFO step=37200 epoch=4 loss=0.6075 lr=7.744e-04 grad_norm=0.153 train_tok_per_s=234875
2026-10-01 23:41:13,127 INFO step=37250 epoch=4 loss=0.5831 lr=7.738e-04 grad_norm=0.168 train_tok_per_s=234876
2026-10-01 23:41:16,634 INFO step=37300 epoch=4 loss=0.6024 lr=7.733e-04 grad_norm=0.160 train_tok_per_s=234877
2026-10-01 23:41:20,137 INFO step=37350 epoch=4 loss=0.5697 lr=7.727e-04 grad_norm=0.149 train_tok_per_s=234879
2026-10-01 23:41:23,642 INFO step=37400 epoch=4 loss=0.5954 lr=7.721e-04 grad_norm=0.161 train_tok_per_s=234881
2026-10-01 23:41:27,146 INFO step=37450 epoch=4 loss=0.6039 lr=7.716e-04 grad_norm=0.159 train_tok_per_s=234883
2026-10-01 23:41:30,652 INFO step=37500 epoch=4 loss=0.5971 lr=7.710e-04 grad_norm=0.147 train_tok_per_s=234884
2026-10-01 23:41:34,163 INFO step=37550 epoch=4 loss=0.5762 lr=7.704e-04 grad_norm=0.150 train_tok_per_s=234886
2026-10-01 23:41:37,670 INFO step=37600 epoch=4 loss=0.5744 lr=7.699e-04 grad_norm=0.152 train_tok_per_s=234887
2026-10-01 23:41:41,179 INFO step=37650 epoch=4 loss=0.5909 lr=7.693e-04 grad_norm=0.155 train_tok_per_s=234889
2026-10-01 23:41:44,688 INFO step=37700 epoch=4 loss=0.5731 lr=7.687e-04 grad_norm=0.156 train_tok_per_s=234890
2026-10-01 23:41:48,193 INFO step=37750 epoch=4 loss=0.5949 lr=7.682e-04 grad_norm=0.162 train_tok_per_s=234892
2026-10-01 23:41:51,701 INFO step=37800 epoch=4 loss=0.5774 lr=7.676e-04 grad_norm=0.159 train_tok_per_s=234893
2026-10-01 23:41:55,210 INFO step=37850 epoch=4 loss=0.6007 lr=7.670e-04 grad_norm=0.160 train_tok_per_s=234895
2026-10-01 23:41:58,718 INFO step=37900 epoch=4 loss=0.5929 lr=7.664e-04 grad_norm=0.148 train_tok_per_s=234896
2026-10-01 23:42:02,229 INFO step=37950 epoch=4 loss=0.6011 lr=7.659e-04 grad_norm=0.161 train_tok_per_s=234897
2026-10-01 23:42:05,734 INFO step=38000 epoch=4 loss=0.5774 lr=7.653e-04 grad_norm=0.151 train_tok_per_s=234899
2026-10-01 23:42:10,353 INFO step=38000 eval val_loss(partial 100 batches)=0.5721
2026-10-01 23:42:13,860 INFO step=38050 epoch=4 loss=0.6142 lr=7.647e-04 grad_norm=0.160 train_tok_per_s=234900
2026-10-01 23:42:17,373 INFO step=38100 epoch=4 loss=0.5869 lr=7.642e-04 grad_norm=0.158 train_tok_per_s=234902
2026-10-01 23:42:20,880 INFO step=38150 epoch=4 loss=0.6155 lr=7.636e-04 grad_norm=0.171 train_tok_per_s=234903
2026-10-01 23:42:24,386 INFO step=38200 epoch=4 loss=0.6159 lr=7.630e-04 grad_norm=0.159 train_tok_per_s=234905
2026-10-01 23:42:27,897 INFO step=38250 epoch=4 loss=0.5753 lr=7.624e-04 grad_norm=0.150 train_tok_per_s=234906
2026-10-01 23:42:31,402 INFO step=38300 epoch=4 loss=0.6165 lr=7.619e-04 grad_norm=0.157 train_tok_per_s=234908
2026-10-01 23:42:34,912 INFO step=38350 epoch=4 loss=0.5825 lr=7.613e-04 grad_norm=0.150 train_tok_per_s=234909
2026-10-01 23:42:38,422 INFO step=38400 epoch=4 loss=0.5921 lr=7.607e-04 grad_norm=0.159 train_tok_per_s=234910
2026-10-01 23:42:41,926 INFO step=38450 epoch=4 loss=0.5999 lr=7.601e-04 grad_norm=0.159 train_tok_per_s=234912
2026-10-01 23:42:45,431 INFO step=38500 epoch=4 loss=0.5763 lr=7.596e-04 grad_norm=0.162 train_tok_per_s=234913
2026-10-01 23:42:48,937 INFO step=38550 epoch=4 loss=0.5833 lr=7.590e-04 grad_norm=0.155 train_tok_per_s=234915
2026-10-01 23:42:52,444 INFO step=38600 epoch=4 loss=0.5695 lr=7.584e-04 grad_norm=0.155 train_tok_per_s=234916
2026-10-01 23:42:55,950 INFO step=38650 epoch=4 loss=0.6079 lr=7.578e-04 grad_norm=0.159 train_tok_per_s=234918
2026-10-01 23:42:59,454 INFO step=38700 epoch=4 loss=0.5785 lr=7.572e-04 grad_norm=0.159 train_tok_per_s=234920
2026-10-01 23:43:02,959 INFO step=38750 epoch=4 loss=0.5879 lr=7.567e-04 grad_norm=0.159 train_tok_per_s=234921
2026-10-01 23:43:06,467 INFO step=38800 epoch=4 loss=0.5917 lr=7.561e-04 grad_norm=0.153 train_tok_per_s=234923
2026-10-01 23:43:09,971 INFO step=38850 epoch=4 loss=0.5732 lr=7.555e-04 grad_norm=0.152 train_tok_per_s=234924
2026-10-01 23:43:13,477 INFO step=38900 epoch=4 loss=0.5820 lr=7.549e-04 grad_norm=0.155 train_tok_per_s=234926
2026-10-01 23:43:16,985 INFO step=38950 epoch=4 loss=0.5891 lr=7.543e-04 grad_norm=0.160 train_tok_per_s=234927
2026-10-01 23:43:20,495 INFO step=39000 epoch=4 loss=0.5969 lr=7.538e-04 grad_norm=0.154 train_tok_per_s=234928
2026-10-01 23:43:25,108 INFO step=39000 eval val_loss(partial 100 batches)=0.5715
2026-10-01 23:43:28,615 INFO step=39050 epoch=4 loss=0.5879 lr=7.532e-04 grad_norm=0.151 train_tok_per_s=234930
2026-10-01 23:43:32,122 INFO step=39100 epoch=4 loss=0.5553 lr=7.526e-04 grad_norm=0.149 train_tok_per_s=234931
2026-10-01 23:43:35,625 INFO step=39150 epoch=4 loss=0.6069 lr=7.520e-04 grad_norm=0.166 train_tok_per_s=234933
2026-10-01 23:43:39,131 INFO step=39200 epoch=4 loss=0.5797 lr=7.514e-04 grad_norm=0.152 train_tok_per_s=234934
2026-10-01 23:43:42,636 INFO step=39250 epoch=4 loss=0.5831 lr=7.508e-04 grad_norm=0.157 train_tok_per_s=234936
2026-10-01 23:43:46,140 INFO step=39300 epoch=4 loss=0.5900 lr=7.503e-04 grad_norm=0.162 train_tok_per_s=234937
2026-10-01 23:43:49,647 INFO step=39350 epoch=4 loss=0.5768 lr=7.497e-04 grad_norm=0.151 train_tok_per_s=234939
2026-10-01 23:43:53,154 INFO step=39400 epoch=4 loss=0.6007 lr=7.491e-04 grad_norm=0.161 train_tok_per_s=234940
2026-10-01 23:43:56,673 INFO step=39450 epoch=4 loss=0.5804 lr=7.485e-04 grad_norm=0.171 train_tok_per_s=234940
2026-10-01 23:44:00,174 INFO step=39500 epoch=4 loss=0.5899 lr=7.479e-04 grad_norm=0.159 train_tok_per_s=234942
2026-10-01 23:44:03,683 INFO step=39550 epoch=4 loss=0.5774 lr=7.473e-04 grad_norm=0.159 train_tok_per_s=234943
2026-10-01 23:44:07,191 INFO step=39600 epoch=4 loss=0.5822 lr=7.468e-04 grad_norm=0.152 train_tok_per_s=234945
2026-10-01 23:44:10,699 INFO step=39650 epoch=4 loss=0.5868 lr=7.462e-04 grad_norm=0.169 train_tok_per_s=234946
2026-10-01 23:44:14,212 INFO step=39700 epoch=4 loss=0.5709 lr=7.456e-04 grad_norm=0.154 train_tok_per_s=234947
2026-10-01 23:44:17,720 INFO step=39750 epoch=4 loss=0.6020 lr=7.450e-04 grad_norm=0.164 train_tok_per_s=234948
2026-10-01 23:44:21,193 INFO step=39800 epoch=4 loss=0.5928 lr=7.444e-04 grad_norm=0.160 train_tok_per_s=234952
2026-10-01 23:44:24,701 INFO step=39850 epoch=4 loss=0.6000 lr=7.438e-04 grad_norm=0.158 train_tok_per_s=234953
2026-10-01 23:44:28,213 INFO step=39900 epoch=4 loss=0.5885 lr=7.432e-04 grad_norm=0.159 train_tok_per_s=234954
2026-10-01 23:44:31,716 INFO step=39950 epoch=4 loss=0.5819 lr=7.426e-04 grad_norm=0.163 train_tok_per_s=234956
2026-10-01 23:44:35,225 INFO step=40000 epoch=4 loss=0.5762 lr=7.421e-04 grad_norm=0.155 train_tok_per_s=234957
2026-10-01 23:44:39,833 INFO step=40000 eval val_loss(partial 100 batches)=0.5702
2026-10-01 23:44:43,311 INFO step=40050 epoch=4 loss=0.5935 lr=7.415e-04 grad_norm=0.156 train_tok_per_s=234960
2026-10-01 23:44:46,818 INFO step=40100 epoch=4 loss=0.5948 lr=7.409e-04 grad_norm=0.154 train_tok_per_s=234961
2026-10-01 23:44:50,322 INFO step=40150 epoch=4 loss=0.5915 lr=7.403e-04 grad_norm=0.155 train_tok_per_s=234963
2026-10-01 23:44:53,829 INFO step=40200 epoch=4 loss=0.6028 lr=7.397e-04 grad_norm=0.153 train_tok_per_s=234965
2026-10-01 23:44:57,336 INFO step=40250 epoch=4 loss=0.5873 lr=7.391e-04 grad_norm=0.162 train_tok_per_s=234966
2026-10-01 23:45:00,836 INFO step=40300 epoch=4 loss=0.5956 lr=7.385e-04 grad_norm=0.164 train_tok_per_s=234968
2026-10-01 23:45:04,316 INFO step=40350 epoch=4 loss=0.5629 lr=7.379e-04 grad_norm=0.150 train_tok_per_s=234971
2026-10-01 23:45:07,824 INFO step=40400 epoch=4 loss=0.5903 lr=7.373e-04 grad_norm=0.154 train_tok_per_s=234972
2026-10-01 23:45:11,330 INFO step=40450 epoch=4 loss=0.5979 lr=7.367e-04 grad_norm=0.168 train_tok_per_s=234974
2026-10-01 23:45:14,839 INFO step=40500 epoch=4 loss=0.5817 lr=7.361e-04 grad_norm=0.160 train_tok_per_s=234975
2026-10-01 23:45:18,343 INFO step=40550 epoch=4 loss=0.5770 lr=7.355e-04 grad_norm=0.154 train_tok_per_s=234976
2026-10-01 23:45:21,843 INFO step=40600 epoch=4 loss=0.5711 lr=7.350e-04 grad_norm=0.157 train_tok_per_s=234978
2026-10-01 23:45:25,317 INFO step=40650 epoch=4 loss=0.5783 lr=7.344e-04 grad_norm=0.163 train_tok_per_s=234982
2026-10-01 23:45:28,823 INFO step=40700 epoch=4 loss=0.5849 lr=7.338e-04 grad_norm=0.158 train_tok_per_s=234983
2026-10-01 23:45:32,327 INFO step=40750 epoch=4 loss=0.5820 lr=7.332e-04 grad_norm=0.156 train_tok_per_s=234984
2026-10-01 23:45:35,830 INFO step=40800 epoch=4 loss=0.5819 lr=7.326e-04 grad_norm=0.155 train_tok_per_s=234986
2026-10-01 23:45:39,335 INFO step=40850 epoch=4 loss=0.5846 lr=7.320e-04 grad_norm=0.152 train_tok_per_s=234988
2026-10-01 23:45:42,837 INFO step=40900 epoch=4 loss=0.5867 lr=7.314e-04 grad_norm=0.153 train_tok_per_s=234989
2026-10-01 23:45:46,311 INFO step=40950 epoch=4 loss=0.5864 lr=7.308e-04 grad_norm=0.161 train_tok_per_s=234993
2026-10-01 23:45:49,819 INFO step=41000 epoch=4 loss=0.5910 lr=7.302e-04 grad_norm=0.153 train_tok_per_s=234994
2026-10-01 23:45:54,442 INFO step=41000 eval val_loss(partial 100 batches)=0.5688
2026-10-01 23:45:57,953 INFO step=41050 epoch=4 loss=0.5698 lr=7.296e-04 grad_norm=0.155 train_tok_per_s=234995
2026-10-01 23:46:01,463 INFO step=41100 epoch=4 loss=0.6234 lr=7.290e-04 grad_norm=0.167 train_tok_per_s=234996
2026-10-01 23:46:04,953 INFO step=41150 epoch=4 loss=0.5799 lr=7.284e-04 grad_norm=0.151 train_tok_per_s=234998
2026-10-01 23:46:08,447 INFO step=41200 epoch=4 loss=0.5948 lr=7.278e-04 grad_norm=0.152 train_tok_per_s=235000
2026-10-01 23:46:11,955 INFO step=41250 epoch=4 loss=0.5960 lr=7.272e-04 grad_norm=0.162 train_tok_per_s=235002
2026-10-01 23:46:15,463 INFO step=41300 epoch=4 loss=0.5842 lr=7.266e-04 grad_norm=0.157 train_tok_per_s=235003
2026-10-01 23:46:18,970 INFO step=41350 epoch=4 loss=0.6011 lr=7.260e-04 grad_norm=0.165 train_tok_per_s=235004
2026-10-01 23:46:22,478 INFO step=41400 epoch=4 loss=0.5825 lr=7.254e-04 grad_norm=0.162 train_tok_per_s=235005
2026-10-01 23:46:25,989 INFO step=41450 epoch=4 loss=0.5987 lr=7.248e-04 grad_norm=0.161 train_tok_per_s=235006
2026-10-01 23:46:29,491 INFO step=41500 epoch=4 loss=0.5728 lr=7.242e-04 grad_norm=0.148 train_tok_per_s=235008
2026-10-01 23:46:32,994 INFO step=41550 epoch=4 loss=0.5762 lr=7.236e-04 grad_norm=0.156 train_tok_per_s=235009
2026-10-01 23:46:36,499 INFO step=41600 epoch=4 loss=0.6061 lr=7.230e-04 grad_norm=0.166 train_tok_per_s=235011
2026-10-01 23:46:40,006 INFO step=41650 epoch=4 loss=0.5843 lr=7.224e-04 grad_norm=0.156 train_tok_per_s=235012
2026-10-01 23:46:43,513 INFO step=41700 epoch=4 loss=0.5966 lr=7.218e-04 grad_norm=0.162 train_tok_per_s=235013
2026-10-01 23:46:47,008 INFO step=41750 epoch=4 loss=0.6195 lr=7.212e-04 grad_norm=0.160 train_tok_per_s=235015
2026-10-01 23:46:50,488 INFO step=41800 epoch=4 loss=0.5663 lr=7.206e-04 grad_norm=0.158 train_tok_per_s=235018
2026-10-01 23:46:53,993 INFO step=41850 epoch=4 loss=0.5916 lr=7.200e-04 grad_norm=0.167 train_tok_per_s=235019
2026-10-01 23:46:57,495 INFO step=41900 epoch=4 loss=0.5799 lr=7.194e-04 grad_norm=0.160 train_tok_per_s=235021
2026-10-01 23:47:01,002 INFO step=41950 epoch=4 loss=0.5965 lr=7.188e-04 grad_norm=0.154 train_tok_per_s=235022
2026-10-01 23:47:04,513 INFO step=42000 epoch=4 loss=0.5875 lr=7.182e-04 grad_norm=0.165 train_tok_per_s=235023
2026-10-01 23:47:09,131 INFO step=42000 eval val_loss(partial 100 batches)=0.5674
2026-10-01 23:47:12,642 INFO step=42050 epoch=4 loss=0.5862 lr=7.176e-04 grad_norm=0.160 train_tok_per_s=235024
2026-10-01 23:47:16,165 INFO step=42100 epoch=4 loss=0.5683 lr=7.170e-04 grad_norm=0.161 train_tok_per_s=235024
2026-10-01 23:47:19,675 INFO step=42150 epoch=4 loss=0.5627 lr=7.163e-04 grad_norm=0.164 train_tok_per_s=235025
2026-10-01 23:47:23,184 INFO step=42200 epoch=4 loss=0.5818 lr=7.157e-04 grad_norm=0.157 train_tok_per_s=235026
2026-10-01 23:47:26,691 INFO step=42250 epoch=4 loss=0.5697 lr=7.151e-04 grad_norm=0.156 train_tok_per_s=235027
2026-10-01 23:47:30,195 INFO step=42300 epoch=4 loss=0.5832 lr=7.145e-04 grad_norm=0.159 train_tok_per_s=235028
2026-10-01 23:47:33,706 INFO step=42350 epoch=4 loss=0.5450 lr=7.139e-04 grad_norm=0.155 train_tok_per_s=235029
2026-10-01 23:47:37,218 INFO step=42400 epoch=4 loss=0.5772 lr=7.133e-04 grad_norm=0.156 train_tok_per_s=235030
2026-10-01 23:47:40,725 INFO step=42450 epoch=4 loss=0.5911 lr=7.127e-04 grad_norm=0.155 train_tok_per_s=235031
2026-10-01 23:47:44,231 INFO step=42500 epoch=4 loss=0.5944 lr=7.121e-04 grad_norm=0.160 train_tok_per_s=235033
2026-10-01 23:47:47,735 INFO step=42550 epoch=4 loss=0.5819 lr=7.115e-04 grad_norm=0.160 train_tok_per_s=235034
2026-10-01 23:47:51,242 INFO step=42600 epoch=4 loss=0.5712 lr=7.109e-04 grad_norm=0.165 train_tok_per_s=235035
2026-10-01 23:47:54,748 INFO step=42650 epoch=4 loss=0.5692 lr=7.103e-04 grad_norm=0.160 train_tok_per_s=235036
2026-10-01 23:47:58,253 INFO step=42700 epoch=4 loss=0.5861 lr=7.097e-04 grad_norm=0.157 train_tok_per_s=235037
2026-10-01 23:48:01,756 INFO step=42750 epoch=4 loss=0.5841 lr=7.091e-04 grad_norm=0.153 train_tok_per_s=235039
2026-10-01 23:48:05,262 INFO step=42800 epoch=4 loss=0.5760 lr=7.084e-04 grad_norm=0.160 train_tok_per_s=235040
2026-10-01 23:48:08,771 INFO step=42850 epoch=4 loss=0.5969 lr=7.078e-04 grad_norm=0.164 train_tok_per_s=235041
2026-10-01 23:48:12,281 INFO step=42900 epoch=4 loss=0.5877 lr=7.072e-04 grad_norm=0.165 train_tok_per_s=235042
2026-10-01 23:48:15,792 INFO step=42950 epoch=4 loss=0.5882 lr=7.066e-04 grad_norm=0.164 train_tok_per_s=235043
2026-10-01 23:48:19,299 INFO step=43000 epoch=4 loss=0.5793 lr=7.060e-04 grad_norm=0.157 train_tok_per_s=235044
2026-10-01 23:48:23,918 INFO step=43000 eval val_loss(partial 100 batches)=0.5660
2026-10-01 23:48:27,421 INFO step=43050 epoch=4 loss=0.5801 lr=7.054e-04 grad_norm=0.158 train_tok_per_s=235046
2026-10-01 23:48:30,927 INFO step=43100 epoch=4 loss=0.5725 lr=7.048e-04 grad_norm=0.153 train_tok_per_s=235047
2026-10-01 23:48:34,432 INFO step=43150 epoch=4 loss=0.6047 lr=7.042e-04 grad_norm=0.160 train_tok_per_s=235048
2026-10-01 23:48:37,945 INFO step=43200 epoch=4 loss=0.5658 lr=7.036e-04 grad_norm=0.156 train_tok_per_s=235049
2026-10-01 23:48:41,451 INFO step=43250 epoch=4 loss=0.5805 lr=7.029e-04 grad_norm=0.155 train_tok_per_s=235050
2026-10-01 23:48:44,958 INFO step=43300 epoch=4 loss=0.5953 lr=7.023e-04 grad_norm=0.157 train_tok_per_s=235051
2026-10-01 23:48:48,465 INFO step=43350 epoch=4 loss=0.5777 lr=7.017e-04 grad_norm=0.167 train_tok_per_s=235053
2026-10-01 23:48:51,974 INFO step=43400 epoch=4 loss=0.6140 lr=7.011e-04 grad_norm=0.167 train_tok_per_s=235054
2026-10-01 23:48:55,478 INFO step=43450 epoch=4 loss=0.5704 lr=7.005e-04 grad_norm=0.167 train_tok_per_s=235055
2026-10-01 23:48:58,984 INFO step=43500 epoch=4 loss=0.5719 lr=6.999e-04 grad_norm=0.159 train_tok_per_s=235056
2026-10-01 23:49:02,491 INFO step=43550 epoch=4 loss=0.5615 lr=6.993e-04 grad_norm=0.157 train_tok_per_s=235057
2026-10-01 23:49:05,999 INFO step=43600 epoch=4 loss=0.5989 lr=6.986e-04 grad_norm=0.157 train_tok_per_s=235058
2026-10-01 23:49:09,507 INFO step=43650 epoch=4 loss=0.5836 lr=6.980e-04 grad_norm=0.158 train_tok_per_s=235059
2026-10-01 23:49:13,012 INFO step=43700 epoch=4 loss=0.5744 lr=6.974e-04 grad_norm=0.169 train_tok_per_s=235061
2026-10-01 23:49:16,501 INFO step=43750 epoch=4 loss=0.5647 lr=6.968e-04 grad_norm=0.159 train_tok_per_s=235063
2026-10-01 23:49:43,643 INFO epoch=4 train_loss_running=0.5894 train_loss_eval=0.5545 val_loss=0.5651 val_acc=0.8188 elapsed_s=3385
2026-10-01 23:49:43,684 INFO epoch=4 new best val_loss=0.5651 -> checkpoints/full_run01/best.pt
2026-10-01 23:49:45,468 INFO step=43800 epoch=5 loss=0.5749 lr=6.962e-04 grad_norm=0.153 train_tok_per_s=235065
2026-10-01 23:49:48,976 INFO step=43850 epoch=5 loss=0.5973 lr=6.956e-04 grad_norm=0.167 train_tok_per_s=235066
2026-10-01 23:49:52,482 INFO step=43900 epoch=5 loss=0.5981 lr=6.949e-04 grad_norm=0.168 train_tok_per_s=235067
2026-10-01 23:49:55,992 INFO step=43950 epoch=5 loss=0.5692 lr=6.943e-04 grad_norm=0.166 train_tok_per_s=235068
2026-10-01 23:49:59,476 INFO step=44000 epoch=5 loss=0.5957 lr=6.937e-04 grad_norm=0.162 train_tok_per_s=235070
2026-10-01 23:50:04,094 INFO step=44000 eval val_loss(partial 100 batches)=0.5650
2026-10-01 23:50:07,606 INFO step=44050 epoch=5 loss=0.5737 lr=6.931e-04 grad_norm=0.158 train_tok_per_s=235071
2026-10-01 23:50:11,113 INFO step=44100 epoch=5 loss=0.5942 lr=6.925e-04 grad_norm=0.157 train_tok_per_s=235072
2026-10-01 23:50:14,623 INFO step=44150 epoch=5 loss=0.5605 lr=6.919e-04 grad_norm=0.151 train_tok_per_s=235073
2026-10-01 23:50:18,127 INFO step=44200 epoch=5 loss=0.5845 lr=6.912e-04 grad_norm=0.163 train_tok_per_s=235074
2026-10-01 23:50:21,639 INFO step=44250 epoch=5 loss=0.5600 lr=6.906e-04 grad_norm=0.159 train_tok_per_s=235075
2026-10-01 23:50:25,148 INFO step=44300 epoch=5 loss=0.5874 lr=6.900e-04 grad_norm=0.167 train_tok_per_s=235076
2026-10-01 23:50:28,657 INFO step=44350 epoch=5 loss=0.5810 lr=6.894e-04 grad_norm=0.168 train_tok_per_s=235077
2026-10-01 23:50:32,162 INFO step=44400 epoch=5 loss=0.5886 lr=6.888e-04 grad_norm=0.169 train_tok_per_s=235078
2026-10-01 23:50:35,670 INFO step=44450 epoch=5 loss=0.5699 lr=6.881e-04 grad_norm=0.160 train_tok_per_s=235079
2026-10-01 23:50:39,177 INFO step=44500 epoch=5 loss=0.5848 lr=6.875e-04 grad_norm=0.169 train_tok_per_s=235080
2026-10-01 23:50:42,689 INFO step=44550 epoch=5 loss=0.5711 lr=6.869e-04 grad_norm=0.157 train_tok_per_s=235081
2026-10-01 23:50:46,193 INFO step=44600 epoch=5 loss=0.5834 lr=6.863e-04 grad_norm=0.168 train_tok_per_s=235082
2026-10-01 23:50:49,695 INFO step=44650 epoch=5 loss=0.5692 lr=6.857e-04 grad_norm=0.161 train_tok_per_s=235084
2026-10-01 23:50:53,203 INFO step=44700 epoch=5 loss=0.5834 lr=6.850e-04 grad_norm=0.162 train_tok_per_s=235085
2026-10-01 23:50:56,711 INFO step=44750 epoch=5 loss=0.6066 lr=6.844e-04 grad_norm=0.170 train_tok_per_s=235086
2026-10-01 23:51:00,218 INFO step=44800 epoch=5 loss=0.5764 lr=6.838e-04 grad_norm=0.166 train_tok_per_s=235087
2026-10-01 23:51:03,727 INFO step=44850 epoch=5 loss=0.5898 lr=6.832e-04 grad_norm=0.171 train_tok_per_s=235088
2026-10-01 23:51:07,231 INFO step=44900 epoch=5 loss=0.5839 lr=6.825e-04 grad_norm=0.165 train_tok_per_s=235089
2026-10-01 23:51:10,740 INFO step=44950 epoch=5 loss=0.5830 lr=6.819e-04 grad_norm=0.166 train_tok_per_s=235090
2026-10-01 23:51:14,255 INFO step=45000 epoch=5 loss=0.5644 lr=6.813e-04 grad_norm=0.157 train_tok_per_s=235090
2026-10-01 23:51:18,875 INFO step=45000 eval val_loss(partial 100 batches)=0.5639
2026-10-01 23:51:22,381 INFO step=45050 epoch=5 loss=0.5830 lr=6.807e-04 grad_norm=0.154 train_tok_per_s=235091
2026-10-01 23:51:25,887 INFO step=45100 epoch=5 loss=0.5901 lr=6.801e-04 grad_norm=0.177 train_tok_per_s=235092
2026-10-01 23:51:29,684 INFO step=45150 epoch=5 loss=0.5540 lr=6.794e-04 grad_norm=0.156 train_tok_per_s=235072
2026-10-01 23:51:33,190 INFO step=45200 epoch=5 loss=0.5790 lr=6.788e-04 grad_norm=0.158 train_tok_per_s=235073
2026-10-01 23:51:36,698 INFO step=45250 epoch=5 loss=0.5828 lr=6.782e-04 grad_norm=0.166 train_tok_per_s=235074
2026-10-01 23:51:40,206 INFO step=45300 epoch=5 loss=0.5497 lr=6.776e-04 grad_norm=0.158 train_tok_per_s=235075
2026-10-01 23:51:43,713 INFO step=45350 epoch=5 loss=0.5757 lr=6.769e-04 grad_norm=0.165 train_tok_per_s=235076
2026-10-01 23:51:47,220 INFO step=45400 epoch=5 loss=0.5865 lr=6.763e-04 grad_norm=0.166 train_tok_per_s=235077
2026-10-01 23:51:50,728 INFO step=45450 epoch=5 loss=0.5802 lr=6.757e-04 grad_norm=0.153 train_tok_per_s=235078
2026-10-01 23:51:54,236 INFO step=45500 epoch=5 loss=0.5850 lr=6.751e-04 grad_norm=0.172 train_tok_per_s=235079
2026-10-01 23:51:57,746 INFO step=45550 epoch=5 loss=0.5943 lr=6.744e-04 grad_norm=0.162 train_tok_per_s=235080
2026-10-01 23:52:01,253 INFO step=45600 epoch=5 loss=0.5679 lr=6.738e-04 grad_norm=0.157 train_tok_per_s=235081
2026-10-01 23:52:04,761 INFO step=45650 epoch=5 loss=0.5865 lr=6.732e-04 grad_norm=0.163 train_tok_per_s=235082
2026-10-01 23:52:08,272 INFO step=45700 epoch=5 loss=0.5664 lr=6.725e-04 grad_norm=0.163 train_tok_per_s=235082
2026-10-01 23:52:11,778 INFO step=45750 epoch=5 loss=0.5692 lr=6.719e-04 grad_norm=0.160 train_tok_per_s=235083
2026-10-01 23:52:15,287 INFO step=45800 epoch=5 loss=0.5712 lr=6.713e-04 grad_norm=0.170 train_tok_per_s=235084
2026-10-01 23:52:18,796 INFO step=45850 epoch=5 loss=0.5943 lr=6.707e-04 grad_norm=0.174 train_tok_per_s=235085
2026-10-01 23:52:22,304 INFO step=45900 epoch=5 loss=0.5464 lr=6.700e-04 grad_norm=0.158 train_tok_per_s=235086
2026-10-01 23:52:25,814 INFO step=45950 epoch=5 loss=0.6116 lr=6.694e-04 grad_norm=0.160 train_tok_per_s=235087
2026-10-01 23:52:29,323 INFO step=46000 epoch=5 loss=0.6027 lr=6.688e-04 grad_norm=0.166 train_tok_per_s=235088
2026-10-01 23:52:33,939 INFO step=46000 eval val_loss(partial 100 batches)=0.5634
2026-10-01 23:52:37,450 INFO step=46050 epoch=5 loss=0.5905 lr=6.681e-04 grad_norm=0.167 train_tok_per_s=235089
2026-10-01 23:52:40,954 INFO step=46100 epoch=5 loss=0.5572 lr=6.675e-04 grad_norm=0.157 train_tok_per_s=235090
2026-10-01 23:52:44,462 INFO step=46150 epoch=5 loss=0.5678 lr=6.669e-04 grad_norm=0.158 train_tok_per_s=235091
2026-10-01 23:52:47,971 INFO step=46200 epoch=5 loss=0.5394 lr=6.663e-04 grad_norm=0.161 train_tok_per_s=235092
2026-10-01 23:52:51,483 INFO step=46250 epoch=5 loss=0.5795 lr=6.656e-04 grad_norm=0.164 train_tok_per_s=235092
2026-10-01 23:52:54,990 INFO step=46300 epoch=5 loss=0.5687 lr=6.650e-04 grad_norm=0.169 train_tok_per_s=235094
2026-10-01 23:52:58,494 INFO step=46350 epoch=5 loss=0.5670 lr=6.644e-04 grad_norm=0.162 train_tok_per_s=235095
2026-10-01 23:53:02,011 INFO step=46400 epoch=5 loss=0.5805 lr=6.637e-04 grad_norm=0.162 train_tok_per_s=235095
2026-10-01 23:53:05,516 INFO step=46450 epoch=5 loss=0.5914 lr=6.631e-04 grad_norm=0.162 train_tok_per_s=235096
2026-10-01 23:53:09,023 INFO step=46500 epoch=5 loss=0.5654 lr=6.625e-04 grad_norm=0.165 train_tok_per_s=235097
2026-10-01 23:53:12,532 INFO step=46550 epoch=5 loss=0.5933 lr=6.618e-04 grad_norm=0.159 train_tok_per_s=235098
2026-10-01 23:53:16,040 INFO step=46600 epoch=5 loss=0.6009 lr=6.612e-04 grad_norm=0.164 train_tok_per_s=235099
2026-10-01 23:53:19,546 INFO step=46650 epoch=5 loss=0.5667 lr=6.606e-04 grad_norm=0.161 train_tok_per_s=235100
2026-10-01 23:53:23,055 INFO step=46700 epoch=5 loss=0.5894 lr=6.599e-04 grad_norm=0.175 train_tok_per_s=235101
2026-10-01 23:53:26,565 INFO step=46750 epoch=5 loss=0.5933 lr=6.593e-04 grad_norm=0.171 train_tok_per_s=235102
2026-10-01 23:53:30,074 INFO step=46800 epoch=5 loss=0.5819 lr=6.587e-04 grad_norm=0.180 train_tok_per_s=235103
2026-10-01 23:53:33,580 INFO step=46850 epoch=5 loss=0.5827 lr=6.581e-04 grad_norm=0.158 train_tok_per_s=235104
2026-10-01 23:53:37,092 INFO step=46900 epoch=5 loss=0.5718 lr=6.574e-04 grad_norm=0.161 train_tok_per_s=235104
2026-10-01 23:53:40,595 INFO step=46950 epoch=5 loss=0.5584 lr=6.568e-04 grad_norm=0.162 train_tok_per_s=235105
2026-10-01 23:53:44,103 INFO step=47000 epoch=5 loss=0.5698 lr=6.562e-04 grad_norm=0.160 train_tok_per_s=235106
2026-10-01 23:53:48,723 INFO step=47000 eval val_loss(partial 100 batches)=0.5619
2026-10-01 23:53:52,229 INFO step=47050 epoch=5 loss=0.5689 lr=6.555e-04 grad_norm=0.165 train_tok_per_s=235107
2026-10-01 23:53:55,739 INFO step=47100 epoch=5 loss=0.5908 lr=6.549e-04 grad_norm=0.170 train_tok_per_s=235108
2026-10-01 23:53:59,247 INFO step=47150 epoch=5 loss=0.5786 lr=6.543e-04 grad_norm=0.161 train_tok_per_s=235109
2026-10-01 23:54:02,754 INFO step=47200 epoch=5 loss=0.5660 lr=6.536e-04 grad_norm=0.162 train_tok_per_s=235110
2026-10-01 23:54:06,266 INFO step=47250 epoch=5 loss=0.5510 lr=6.530e-04 grad_norm=0.160 train_tok_per_s=235111
2026-10-01 23:54:09,772 INFO step=47300 epoch=5 loss=0.5633 lr=6.523e-04 grad_norm=0.164 train_tok_per_s=235112
2026-10-01 23:54:13,280 INFO step=47350 epoch=5 loss=0.5792 lr=6.517e-04 grad_norm=0.163 train_tok_per_s=235113
2026-10-01 23:54:16,788 INFO step=47400 epoch=5 loss=0.5984 lr=6.511e-04 grad_norm=0.161 train_tok_per_s=235114
2026-10-01 23:54:20,293 INFO step=47450 epoch=5 loss=0.5704 lr=6.504e-04 grad_norm=0.163 train_tok_per_s=235115
2026-10-01 23:54:23,802 INFO step=47500 epoch=5 loss=0.5982 lr=6.498e-04 grad_norm=0.164 train_tok_per_s=235116
2026-10-01 23:54:27,307 INFO step=47550 epoch=5 loss=0.5730 lr=6.492e-04 grad_norm=0.163 train_tok_per_s=235117
2026-10-01 23:54:30,812 INFO step=47600 epoch=5 loss=0.5859 lr=6.485e-04 grad_norm=0.159 train_tok_per_s=235118
2026-10-01 23:54:34,318 INFO step=47650 epoch=5 loss=0.5851 lr=6.479e-04 grad_norm=0.163 train_tok_per_s=235119
2026-10-01 23:54:37,833 INFO step=47700 epoch=5 loss=0.5687 lr=6.473e-04 grad_norm=0.162 train_tok_per_s=235119
2026-10-01 23:54:41,337 INFO step=47750 epoch=5 loss=0.6270 lr=6.466e-04 grad_norm=0.172 train_tok_per_s=235120
2026-10-01 23:54:44,845 INFO step=47800 epoch=5 loss=0.5803 lr=6.460e-04 grad_norm=0.168 train_tok_per_s=235121
2026-10-01 23:54:48,352 INFO step=47850 epoch=5 loss=0.5635 lr=6.454e-04 grad_norm=0.162 train_tok_per_s=235122
2026-10-01 23:54:51,857 INFO step=47900 epoch=5 loss=0.5891 lr=6.447e-04 grad_norm=0.165 train_tok_per_s=235123
2026-10-01 23:54:55,360 INFO step=47950 epoch=5 loss=0.5882 lr=6.441e-04 grad_norm=0.167 train_tok_per_s=235124
2026-10-01 23:54:58,871 INFO step=48000 epoch=5 loss=0.5577 lr=6.434e-04 grad_norm=0.155 train_tok_per_s=235125
2026-10-01 23:55:03,492 INFO step=48000 eval val_loss(partial 100 batches)=0.5609
2026-10-01 23:55:07,002 INFO step=48050 epoch=5 loss=0.5737 lr=6.428e-04 grad_norm=0.163 train_tok_per_s=235126
2026-10-01 23:55:10,509 INFO step=48100 epoch=5 loss=0.5584 lr=6.422e-04 grad_norm=0.169 train_tok_per_s=235127
2026-10-01 23:55:14,021 INFO step=48150 epoch=5 loss=0.5924 lr=6.415e-04 grad_norm=0.162 train_tok_per_s=235128
2026-10-01 23:55:17,527 INFO step=48200 epoch=5 loss=0.5686 lr=6.409e-04 grad_norm=0.157 train_tok_per_s=235129
2026-10-01 23:55:21,041 INFO step=48250 epoch=5 loss=0.5842 lr=6.403e-04 grad_norm=0.174 train_tok_per_s=235129
2026-10-01 23:55:24,549 INFO step=48300 epoch=5 loss=0.5601 lr=6.396e-04 grad_norm=0.166 train_tok_per_s=235130
2026-10-01 23:55:28,056 INFO step=48350 epoch=5 loss=0.5703 lr=6.390e-04 grad_norm=0.174 train_tok_per_s=235131
2026-10-01 23:55:31,563 INFO step=48400 epoch=5 loss=0.5865 lr=6.383e-04 grad_norm=0.168 train_tok_per_s=235132
2026-10-01 23:55:35,069 INFO step=48450 epoch=5 loss=0.5970 lr=6.377e-04 grad_norm=0.167 train_tok_per_s=235133
2026-10-01 23:55:38,574 INFO step=48500 epoch=5 loss=0.5595 lr=6.371e-04 grad_norm=0.165 train_tok_per_s=235134
2026-10-01 23:55:42,081 INFO step=48550 epoch=5 loss=0.5559 lr=6.364e-04 grad_norm=0.166 train_tok_per_s=235134
2026-10-01 23:55:45,590 INFO step=48600 epoch=5 loss=0.5783 lr=6.358e-04 grad_norm=0.167 train_tok_per_s=235135
2026-10-01 23:55:49,094 INFO step=48650 epoch=5 loss=0.5907 lr=6.351e-04 grad_norm=0.173 train_tok_per_s=235136
2026-10-01 23:55:52,604 INFO step=48700 epoch=5 loss=0.5712 lr=6.345e-04 grad_norm=0.162 train_tok_per_s=235137
2026-10-01 23:55:56,110 INFO step=48750 epoch=5 loss=0.5812 lr=6.339e-04 grad_norm=0.180 train_tok_per_s=235138
2026-10-01 23:55:59,613 INFO step=48800 epoch=5 loss=0.5797 lr=6.332e-04 grad_norm=0.160 train_tok_per_s=235139
2026-10-01 23:56:03,123 INFO step=48850 epoch=5 loss=0.5992 lr=6.326e-04 grad_norm=0.159 train_tok_per_s=235140
2026-10-01 23:56:06,629 INFO step=48900 epoch=5 loss=0.5505 lr=6.319e-04 grad_norm=0.167 train_tok_per_s=235140
2026-10-01 23:56:10,135 INFO step=48950 epoch=5 loss=0.5821 lr=6.313e-04 grad_norm=0.165 train_tok_per_s=235141
2026-10-01 23:56:13,643 INFO step=49000 epoch=5 loss=0.5960 lr=6.307e-04 grad_norm=0.173 train_tok_per_s=235142
2026-10-01 23:56:18,265 INFO step=49000 eval val_loss(partial 100 batches)=0.5602
2026-10-01 23:56:21,776 INFO step=49050 epoch=5 loss=0.6009 lr=6.300e-04 grad_norm=0.175 train_tok_per_s=235143
2026-10-01 23:56:25,284 INFO step=49100 epoch=5 loss=0.5860 lr=6.294e-04 grad_norm=0.161 train_tok_per_s=235144
2026-10-01 23:56:29,082 INFO step=49150 epoch=5 loss=0.5918 lr=6.287e-04 grad_norm=0.173 train_tok_per_s=235124
2026-10-01 23:56:32,595 INFO step=49200 epoch=5 loss=0.5797 lr=6.281e-04 grad_norm=0.166 train_tok_per_s=235125
2026-10-01 23:56:36,103 INFO step=49250 epoch=5 loss=0.5906 lr=6.274e-04 grad_norm=0.167 train_tok_per_s=235126
2026-10-01 23:56:39,614 INFO step=49300 epoch=5 loss=0.5748 lr=6.268e-04 grad_norm=0.161 train_tok_per_s=235126
2026-10-01 23:56:43,117 INFO step=49350 epoch=5 loss=0.5714 lr=6.262e-04 grad_norm=0.167 train_tok_per_s=235127
2026-10-01 23:56:46,623 INFO step=49400 epoch=5 loss=0.5774 lr=6.255e-04 grad_norm=0.168 train_tok_per_s=235128
2026-10-01 23:56:50,127 INFO step=49450 epoch=5 loss=0.5734 lr=6.249e-04 grad_norm=0.164 train_tok_per_s=235129
2026-10-01 23:56:53,635 INFO step=49500 epoch=5 loss=0.5895 lr=6.242e-04 grad_norm=0.175 train_tok_per_s=235130
2026-10-01 23:56:57,141 INFO step=49550 epoch=5 loss=0.5806 lr=6.236e-04 grad_norm=0.164 train_tok_per_s=235131
2026-10-01 23:57:00,648 INFO step=49600 epoch=5 loss=0.5661 lr=6.229e-04 grad_norm=0.160 train_tok_per_s=235132
2026-10-01 23:57:04,157 INFO step=49650 epoch=5 loss=0.5733 lr=6.223e-04 grad_norm=0.166 train_tok_per_s=235133
2026-10-01 23:57:07,666 INFO step=49700 epoch=5 loss=0.5602 lr=6.217e-04 grad_norm=0.165 train_tok_per_s=235134
2026-10-01 23:57:11,175 INFO step=49750 epoch=5 loss=0.5948 lr=6.210e-04 grad_norm=0.172 train_tok_per_s=235135
2026-10-01 23:57:14,687 INFO step=49800 epoch=5 loss=0.5531 lr=6.204e-04 grad_norm=0.163 train_tok_per_s=235135
2026-10-01 23:57:18,194 INFO step=49850 epoch=5 loss=0.5628 lr=6.197e-04 grad_norm=0.171 train_tok_per_s=235136
2026-10-01 23:57:21,702 INFO step=49900 epoch=5 loss=0.5560 lr=6.191e-04 grad_norm=0.168 train_tok_per_s=235137
2026-10-01 23:57:25,204 INFO step=49950 epoch=5 loss=0.5686 lr=6.184e-04 grad_norm=0.166 train_tok_per_s=235138
2026-10-01 23:57:28,711 INFO step=50000 epoch=5 loss=0.5550 lr=6.178e-04 grad_norm=0.161 train_tok_per_s=235139
2026-10-01 23:57:33,331 INFO step=50000 eval val_loss(partial 100 batches)=0.5584
2026-10-01 23:57:36,832 INFO step=50050 epoch=5 loss=0.5744 lr=6.171e-04 grad_norm=0.171 train_tok_per_s=235140
2026-10-01 23:57:40,343 INFO step=50100 epoch=5 loss=0.5844 lr=6.165e-04 grad_norm=0.182 train_tok_per_s=235141
2026-10-01 23:57:43,853 INFO step=50150 epoch=5 loss=0.5439 lr=6.159e-04 grad_norm=0.162 train_tok_per_s=235141
2026-10-01 23:57:47,371 INFO step=50200 epoch=5 loss=0.5718 lr=6.152e-04 grad_norm=0.161 train_tok_per_s=235142
2026-10-01 23:57:50,876 INFO step=50250 epoch=5 loss=0.5718 lr=6.146e-04 grad_norm=0.167 train_tok_per_s=235143
2026-10-01 23:57:54,385 INFO step=50300 epoch=5 loss=0.5542 lr=6.139e-04 grad_norm=0.161 train_tok_per_s=235143
2026-10-01 23:57:57,888 INFO step=50350 epoch=5 loss=0.5758 lr=6.133e-04 grad_norm=0.166 train_tok_per_s=235144
2026-10-01 23:58:01,393 INFO step=50400 epoch=5 loss=0.5815 lr=6.126e-04 grad_norm=0.173 train_tok_per_s=235145
2026-10-01 23:58:04,898 INFO step=50450 epoch=5 loss=0.5774 lr=6.120e-04 grad_norm=0.168 train_tok_per_s=235146
2026-10-01 23:58:08,411 INFO step=50500 epoch=5 loss=0.5882 lr=6.113e-04 grad_norm=0.162 train_tok_per_s=235147
2026-10-01 23:58:11,918 INFO step=50550 epoch=5 loss=0.5886 lr=6.107e-04 grad_norm=0.176 train_tok_per_s=235148
2026-10-01 23:58:15,425 INFO step=50600 epoch=5 loss=0.5647 lr=6.101e-04 grad_norm=0.159 train_tok_per_s=235149
2026-10-01 23:58:18,928 INFO step=50650 epoch=5 loss=0.5824 lr=6.094e-04 grad_norm=0.172 train_tok_per_s=235150
2026-10-01 23:58:22,434 INFO step=50700 epoch=5 loss=0.5593 lr=6.088e-04 grad_norm=0.160 train_tok_per_s=235151
2026-10-01 23:58:25,945 INFO step=50750 epoch=5 loss=0.5423 lr=6.081e-04 grad_norm=0.163 train_tok_per_s=235151
2026-10-01 23:58:29,451 INFO step=50800 epoch=5 loss=0.5712 lr=6.075e-04 grad_norm=0.169 train_tok_per_s=235152
2026-10-01 23:58:32,955 INFO step=50850 epoch=5 loss=0.5916 lr=6.068e-04 grad_norm=0.170 train_tok_per_s=235154
2026-10-01 23:58:36,466 INFO step=50900 epoch=5 loss=0.6092 lr=6.062e-04 grad_norm=0.177 train_tok_per_s=235154
2026-10-01 23:58:39,976 INFO step=50950 epoch=5 loss=0.5739 lr=6.055e-04 grad_norm=0.161 train_tok_per_s=235155
2026-10-01 23:58:43,482 INFO step=51000 epoch=5 loss=0.5851 lr=6.049e-04 grad_norm=0.168 train_tok_per_s=235156
2026-10-01 23:58:48,095 INFO step=51000 eval val_loss(partial 100 batches)=0.5580
2026-10-01 23:58:51,605 INFO step=51050 epoch=5 loss=0.5467 lr=6.042e-04 grad_norm=0.163 train_tok_per_s=235156
2026-10-01 23:58:55,112 INFO step=51100 epoch=5 loss=0.5732 lr=6.036e-04 grad_norm=0.169 train_tok_per_s=235157
2026-10-01 23:58:58,621 INFO step=51150 epoch=5 loss=0.5520 lr=6.029e-04 grad_norm=0.168 train_tok_per_s=235158
2026-10-01 23:59:02,129 INFO step=51200 epoch=5 loss=0.5711 lr=6.023e-04 grad_norm=0.166 train_tok_per_s=235159
2026-10-01 23:59:05,635 INFO step=51250 epoch=5 loss=0.5871 lr=6.016e-04 grad_norm=0.163 train_tok_per_s=235160
2026-10-01 23:59:09,142 INFO step=51300 epoch=5 loss=0.5838 lr=6.010e-04 grad_norm=0.171 train_tok_per_s=235161
2026-10-01 23:59:12,653 INFO step=51350 epoch=5 loss=0.5608 lr=6.003e-04 grad_norm=0.166 train_tok_per_s=235161
2026-10-01 23:59:16,158 INFO step=51400 epoch=5 loss=0.5646 lr=5.997e-04 grad_norm=0.166 train_tok_per_s=235162
2026-10-01 23:59:19,666 INFO step=51450 epoch=5 loss=0.5484 lr=5.991e-04 grad_norm=0.168 train_tok_per_s=235163
2026-10-01 23:59:23,168 INFO step=51500 epoch=5 loss=0.5823 lr=5.984e-04 grad_norm=0.164 train_tok_per_s=235164
2026-10-01 23:59:26,710 INFO step=51550 epoch=5 loss=0.5553 lr=5.978e-04 grad_norm=0.167 train_tok_per_s=235165
2026-10-01 23:59:30,214 INFO step=51600 epoch=5 loss=0.5487 lr=5.971e-04 grad_norm=0.167 train_tok_per_s=235166
2026-10-01 23:59:33,721 INFO step=51650 epoch=5 loss=0.5836 lr=5.965e-04 grad_norm=0.183 train_tok_per_s=235167
2026-10-01 23:59:37,227 INFO step=51700 epoch=5 loss=0.5752 lr=5.958e-04 grad_norm=0.171 train_tok_per_s=235168
2026-10-01 23:59:40,729 INFO step=51750 epoch=5 loss=0.5577 lr=5.952e-04 grad_norm=0.167 train_tok_per_s=235169
2026-10-01 23:59:44,235 INFO step=51800 epoch=5 loss=0.5457 lr=5.945e-04 grad_norm=0.170 train_tok_per_s=235170
2026-10-01 23:59:47,743 INFO step=51850 epoch=5 loss=0.5868 lr=5.939e-04 grad_norm=0.178 train_tok_per_s=235170
2026-10-01 23:59:51,258 INFO step=51900 epoch=5 loss=0.5566 lr=5.932e-04 grad_norm=0.164 train_tok_per_s=235171
2026-10-01 23:59:54,788 INFO step=51950 epoch=5 loss=0.5782 lr=5.926e-04 grad_norm=0.174 train_tok_per_s=235170
2026-10-01 23:59:58,304 INFO step=52000 epoch=5 loss=0.6015 lr=5.919e-04 grad_norm=0.165 train_tok_per_s=235170
2026-10-02 00:00:02,932 INFO step=52000 eval val_loss(partial 100 batches)=0.5566
2026-10-02 00:00:06,464 INFO step=52050 epoch=5 loss=0.5433 lr=5.913e-04 grad_norm=0.171 train_tok_per_s=235170
2026-10-02 00:00:09,971 INFO step=52100 epoch=5 loss=0.5994 lr=5.906e-04 grad_norm=0.176 train_tok_per_s=235170
2026-10-02 00:00:13,481 INFO step=52150 epoch=5 loss=0.5669 lr=5.900e-04 grad_norm=0.162 train_tok_per_s=235171
2026-10-02 00:00:16,994 INFO step=52200 epoch=5 loss=0.5714 lr=5.893e-04 grad_norm=0.173 train_tok_per_s=235172
2026-10-02 00:00:20,500 INFO step=52250 epoch=5 loss=0.5723 lr=5.887e-04 grad_norm=0.164 train_tok_per_s=235173
2026-10-02 00:00:24,009 INFO step=52300 epoch=5 loss=0.5400 lr=5.880e-04 grad_norm=0.168 train_tok_per_s=235173
2026-10-02 00:00:27,513 INFO step=52350 epoch=5 loss=0.5859 lr=5.874e-04 grad_norm=0.166 train_tok_per_s=235174
2026-10-02 00:00:31,023 INFO step=52400 epoch=5 loss=0.5890 lr=5.867e-04 grad_norm=0.173 train_tok_per_s=235175
2026-10-02 00:00:34,527 INFO step=52450 epoch=5 loss=0.5787 lr=5.861e-04 grad_norm=0.169 train_tok_per_s=235176
2026-10-02 00:00:38,036 INFO step=52500 epoch=5 loss=0.5555 lr=5.854e-04 grad_norm=0.169 train_tok_per_s=235176
2026-10-02 00:00:41,541 INFO step=52550 epoch=5 loss=0.5772 lr=5.848e-04 grad_norm=0.176 train_tok_per_s=235177
2026-10-02 00:00:45,050 INFO step=52600 epoch=5 loss=0.5703 lr=5.841e-04 grad_norm=0.168 train_tok_per_s=235178
2026-10-02 00:00:48,560 INFO step=52650 epoch=5 loss=0.5845 lr=5.835e-04 grad_norm=0.173 train_tok_per_s=235179
2026-10-02 00:00:52,067 INFO step=52700 epoch=5 loss=0.5453 lr=5.828e-04 grad_norm=0.160 train_tok_per_s=235180
2026-10-02 00:00:55,577 INFO step=52750 epoch=5 loss=0.5599 lr=5.822e-04 grad_norm=0.171 train_tok_per_s=235180
2026-10-02 00:00:59,086 INFO step=52800 epoch=5 loss=0.5779 lr=5.815e-04 grad_norm=0.166 train_tok_per_s=235181
2026-10-02 00:01:02,599 INFO step=52850 epoch=5 loss=0.5723 lr=5.809e-04 grad_norm=0.169 train_tok_per_s=235181
2026-10-02 00:01:06,115 INFO step=52900 epoch=5 loss=0.5593 lr=5.802e-04 grad_norm=0.161 train_tok_per_s=235182
2026-10-02 00:01:09,623 INFO step=52950 epoch=5 loss=0.5639 lr=5.796e-04 grad_norm=0.173 train_tok_per_s=235182
2026-10-02 00:01:13,132 INFO step=53000 epoch=5 loss=0.5863 lr=5.789e-04 grad_norm=0.173 train_tok_per_s=235183
2026-10-02 00:01:17,751 INFO step=53000 eval val_loss(partial 100 batches)=0.5555
2026-10-02 00:01:21,261 INFO step=53050 epoch=5 loss=0.5516 lr=5.783e-04 grad_norm=0.173 train_tok_per_s=235184
2026-10-02 00:01:24,766 INFO step=53100 epoch=5 loss=0.5528 lr=5.776e-04 grad_norm=0.164 train_tok_per_s=235184
2026-10-02 00:01:28,278 INFO step=53150 epoch=5 loss=0.5567 lr=5.770e-04 grad_norm=0.170 train_tok_per_s=235185
2026-10-02 00:01:31,785 INFO step=53200 epoch=5 loss=0.5545 lr=5.763e-04 grad_norm=0.159 train_tok_per_s=235186
2026-10-02 00:01:35,293 INFO step=53250 epoch=5 loss=0.5839 lr=5.757e-04 grad_norm=0.179 train_tok_per_s=235187
2026-10-02 00:01:38,799 INFO step=53300 epoch=5 loss=0.5911 lr=5.750e-04 grad_norm=0.178 train_tok_per_s=235187
2026-10-02 00:01:42,305 INFO step=53350 epoch=5 loss=0.5618 lr=5.744e-04 grad_norm=0.168 train_tok_per_s=235188
2026-10-02 00:01:45,812 INFO step=53400 epoch=5 loss=0.5924 lr=5.737e-04 grad_norm=0.171 train_tok_per_s=235189
2026-10-02 00:01:49,325 INFO step=53450 epoch=5 loss=0.5654 lr=5.731e-04 grad_norm=0.181 train_tok_per_s=235189
2026-10-02 00:01:52,833 INFO step=53500 epoch=5 loss=0.5701 lr=5.724e-04 grad_norm=0.168 train_tok_per_s=235190
2026-10-02 00:01:56,341 INFO step=53550 epoch=5 loss=0.5648 lr=5.718e-04 grad_norm=0.167 train_tok_per_s=235191
2026-10-02 00:01:59,852 INFO step=53600 epoch=5 loss=0.6017 lr=5.711e-04 grad_norm=0.182 train_tok_per_s=235192
2026-10-02 00:02:03,362 INFO step=53650 epoch=5 loss=0.5746 lr=5.705e-04 grad_norm=0.173 train_tok_per_s=235192
2026-10-02 00:02:06,871 INFO step=53700 epoch=5 loss=0.5550 lr=5.698e-04 grad_norm=0.165 train_tok_per_s=235193
2026-10-02 00:02:10,387 INFO step=53750 epoch=5 loss=0.5581 lr=5.692e-04 grad_norm=0.167 train_tok_per_s=235193
2026-10-02 00:02:13,896 INFO step=53800 epoch=5 loss=0.5752 lr=5.685e-04 grad_norm=0.168 train_tok_per_s=235194
2026-10-02 00:02:17,406 INFO step=53850 epoch=5 loss=0.5607 lr=5.679e-04 grad_norm=0.171 train_tok_per_s=235194
2026-10-02 00:02:20,915 INFO step=53900 epoch=5 loss=0.5333 lr=5.672e-04 grad_norm=0.167 train_tok_per_s=235195
2026-10-02 00:02:24,421 INFO step=53950 epoch=5 loss=0.5682 lr=5.666e-04 grad_norm=0.169 train_tok_per_s=235196
2026-10-02 00:02:27,927 INFO step=54000 epoch=5 loss=0.5576 lr=5.659e-04 grad_norm=0.167 train_tok_per_s=235197
2026-10-02 00:02:32,543 INFO step=54000 eval val_loss(partial 100 batches)=0.5544
2026-10-02 00:02:36,057 INFO step=54050 epoch=5 loss=0.5646 lr=5.653e-04 grad_norm=0.170 train_tok_per_s=235197
2026-10-02 00:02:39,569 INFO step=54100 epoch=5 loss=0.5537 lr=5.646e-04 grad_norm=0.172 train_tok_per_s=235198
2026-10-02 00:02:43,088 INFO step=54150 epoch=5 loss=0.5503 lr=5.639e-04 grad_norm=0.166 train_tok_per_s=235198
2026-10-02 00:02:46,593 INFO step=54200 epoch=5 loss=0.5686 lr=5.633e-04 grad_norm=0.171 train_tok_per_s=235199
2026-10-02 00:02:50,102 INFO step=54250 epoch=5 loss=0.5693 lr=5.626e-04 grad_norm=0.179 train_tok_per_s=235199
2026-10-02 00:02:53,614 INFO step=54300 epoch=5 loss=0.5938 lr=5.620e-04 grad_norm=0.189 train_tok_per_s=235199
2026-10-02 00:02:57,125 INFO step=54350 epoch=5 loss=0.5666 lr=5.613e-04 grad_norm=0.178 train_tok_per_s=235200
2026-10-02 00:03:00,633 INFO step=54400 epoch=5 loss=0.5459 lr=5.607e-04 grad_norm=0.164 train_tok_per_s=235201
2026-10-02 00:03:04,142 INFO step=54450 epoch=5 loss=0.5673 lr=5.600e-04 grad_norm=0.169 train_tok_per_s=235201
2026-10-02 00:03:07,650 INFO step=54500 epoch=5 loss=0.5711 lr=5.594e-04 grad_norm=0.165 train_tok_per_s=235202
2026-10-02 00:03:11,155 INFO step=54550 epoch=5 loss=0.5821 lr=5.587e-04 grad_norm=0.174 train_tok_per_s=235203
2026-10-02 00:03:14,669 INFO step=54600 epoch=5 loss=0.5667 lr=5.581e-04 grad_norm=0.170 train_tok_per_s=235203
2026-10-02 00:03:18,183 INFO step=54650 epoch=5 loss=0.5525 lr=5.574e-04 grad_norm=0.173 train_tok_per_s=235203
2026-10-02 00:03:21,689 INFO step=54700 epoch=5 loss=0.5582 lr=5.568e-04 grad_norm=0.173 train_tok_per_s=235204
2026-10-02 00:03:48,471 INFO epoch=5 train_loss_running=0.5748 train_loss_eval=0.5418 val_loss=0.5544 val_acc=0.8222 elapsed_s=4230
2026-10-02 00:03:48,512 INFO epoch=5 new best val_loss=0.5544 -> checkpoints/full_run01/best.pt
2026-10-02 00:03:50,722 INFO step=54750 epoch=6 loss=0.5852 lr=5.561e-04 grad_norm=0.182 train_tok_per_s=235204
2026-10-02 00:03:54,235 INFO step=54800 epoch=6 loss=0.5730 lr=5.555e-04 grad_norm=0.183 train_tok_per_s=235205
2026-10-02 00:03:57,743 INFO step=54850 epoch=6 loss=0.5537 lr=5.548e-04 grad_norm=0.178 train_tok_per_s=235205
2026-10-02 00:04:01,259 INFO step=54900 epoch=6 loss=0.5589 lr=5.542e-04 grad_norm=0.182 train_tok_per_s=235206
2026-10-02 00:04:04,768 INFO step=54950 epoch=6 loss=0.5639 lr=5.535e-04 grad_norm=0.175 train_tok_per_s=235206
2026-10-02 00:04:08,274 INFO step=55000 epoch=6 loss=0.5688 lr=5.529e-04 grad_norm=0.177 train_tok_per_s=235207
2026-10-02 00:04:12,890 INFO step=55000 eval val_loss(partial 100 batches)=0.5539
2026-10-02 00:04:16,401 INFO step=55050 epoch=6 loss=0.5666 lr=5.522e-04 grad_norm=0.182 train_tok_per_s=235208
2026-10-02 00:04:19,910 INFO step=55100 epoch=6 loss=0.5570 lr=5.516e-04 grad_norm=0.174 train_tok_per_s=235208
2026-10-02 00:04:23,415 INFO step=55150 epoch=6 loss=0.5706 lr=5.509e-04 grad_norm=0.169 train_tok_per_s=235209
2026-10-02 00:04:26,917 INFO step=55200 epoch=6 loss=0.5754 lr=5.503e-04 grad_norm=0.182 train_tok_per_s=235210
2026-10-02 00:04:30,428 INFO step=55250 epoch=6 loss=0.5726 lr=5.496e-04 grad_norm=0.175 train_tok_per_s=235211
2026-10-02 00:04:33,934 INFO step=55300 epoch=6 loss=0.5725 lr=5.490e-04 grad_norm=0.179 train_tok_per_s=235211
2026-10-02 00:04:37,444 INFO step=55350 epoch=6 loss=0.5523 lr=5.483e-04 grad_norm=0.166 train_tok_per_s=235212
2026-10-02 00:04:40,953 INFO step=55400 epoch=6 loss=0.5625 lr=5.477e-04 grad_norm=0.179 train_tok_per_s=235212
2026-10-02 00:04:44,464 INFO step=55450 epoch=6 loss=0.5859 lr=5.470e-04 grad_norm=0.173 train_tok_per_s=235213
2026-10-02 00:04:47,974 INFO step=55500 epoch=6 loss=0.5436 lr=5.463e-04 grad_norm=0.174 train_tok_per_s=235214
2026-10-02 00:04:51,484 INFO step=55550 epoch=6 loss=0.5330 lr=5.457e-04 grad_norm=0.171 train_tok_per_s=235214
2026-10-02 00:04:54,991 INFO step=55600 epoch=6 loss=0.5642 lr=5.450e-04 grad_norm=0.182 train_tok_per_s=235215
2026-10-02 00:04:58,502 INFO step=55650 epoch=6 loss=0.5589 lr=5.444e-04 grad_norm=0.170 train_tok_per_s=235215
2026-10-02 00:05:02,007 INFO step=55700 epoch=6 loss=0.5781 lr=5.437e-04 grad_norm=0.177 train_tok_per_s=235216
2026-10-02 00:05:05,517 INFO step=55750 epoch=6 loss=0.5647 lr=5.431e-04 grad_norm=0.171 train_tok_per_s=235217
2026-10-02 00:05:09,027 INFO step=55800 epoch=6 loss=0.5452 lr=5.424e-04 grad_norm=0.169 train_tok_per_s=235217
2026-10-02 00:05:12,538 INFO step=55850 epoch=6 loss=0.5850 lr=5.418e-04 grad_norm=0.181 train_tok_per_s=235218
2026-10-02 00:05:16,048 INFO step=55900 epoch=6 loss=0.5547 lr=5.411e-04 grad_norm=0.175 train_tok_per_s=235219
2026-10-02 00:05:19,555 INFO step=55950 epoch=6 loss=0.5797 lr=5.405e-04 grad_norm=0.173 train_tok_per_s=235219
2026-10-02 00:05:23,062 INFO step=56000 epoch=6 loss=0.5758 lr=5.398e-04 grad_norm=0.178 train_tok_per_s=235220
2026-10-02 00:05:27,682 INFO step=56000 eval val_loss(partial 100 batches)=0.5523
2026-10-02 00:05:31,202 INFO step=56050 epoch=6 loss=0.5586 lr=5.392e-04 grad_norm=0.174 train_tok_per_s=235220
2026-10-02 00:05:34,714 INFO step=56100 epoch=6 loss=0.5780 lr=5.385e-04 grad_norm=0.172 train_tok_per_s=235220
2026-10-02 00:05:38,222 INFO step=56150 epoch=6 loss=0.5850 lr=5.379e-04 grad_norm=0.183 train_tok_per_s=235221
2026-10-02 00:05:41,731 INFO step=56200 epoch=6 loss=0.5649 lr=5.372e-04 grad_norm=0.179 train_tok_per_s=235222
2026-10-02 00:05:45,243 INFO step=56250 epoch=6 loss=0.5672 lr=5.366e-04 grad_norm=0.177 train_tok_per_s=235222
2026-10-02 00:05:48,755 INFO step=56300 epoch=6 loss=0.5476 lr=5.359e-04 grad_norm=0.171 train_tok_per_s=235223
2026-10-02 00:05:52,266 INFO step=56350 epoch=6 loss=0.5505 lr=5.353e-04 grad_norm=0.169 train_tok_per_s=235223
2026-10-02 00:05:55,772 INFO step=56400 epoch=6 loss=0.5836 lr=5.346e-04 grad_norm=0.185 train_tok_per_s=235224
2026-10-02 00:05:59,280 INFO step=56450 epoch=6 loss=0.5526 lr=5.340e-04 grad_norm=0.170 train_tok_per_s=235224
2026-10-02 00:06:02,790 INFO step=56500 epoch=6 loss=0.5696 lr=5.333e-04 grad_norm=0.176 train_tok_per_s=235225
2026-10-02 00:06:06,298 INFO step=56550 epoch=6 loss=0.5728 lr=5.327e-04 grad_norm=0.181 train_tok_per_s=235226
2026-10-02 00:06:09,806 INFO step=56600 epoch=6 loss=0.5778 lr=5.320e-04 grad_norm=0.173 train_tok_per_s=235226
2026-10-02 00:06:13,315 INFO step=56650 epoch=6 loss=0.5652 lr=5.314e-04 grad_norm=0.175 train_tok_per_s=235227
2026-10-02 00:06:16,824 INFO step=56700 epoch=6 loss=0.5814 lr=5.307e-04 grad_norm=0.185 train_tok_per_s=235228
2026-10-02 00:06:20,333 INFO step=56750 epoch=6 loss=0.5587 lr=5.301e-04 grad_norm=0.175 train_tok_per_s=235228
2026-10-02 00:06:23,846 INFO step=56800 epoch=6 loss=0.5396 lr=5.294e-04 grad_norm=0.169 train_tok_per_s=235229
2026-10-02 00:06:27,356 INFO step=56850 epoch=6 loss=0.5523 lr=5.288e-04 grad_norm=0.168 train_tok_per_s=235229
2026-10-02 00:06:30,867 INFO step=56900 epoch=6 loss=0.5707 lr=5.281e-04 grad_norm=0.178 train_tok_per_s=235230
2026-10-02 00:06:34,377 INFO step=56950 epoch=6 loss=0.5460 lr=5.275e-04 grad_norm=0.172 train_tok_per_s=235230
2026-10-02 00:06:37,879 INFO step=57000 epoch=6 loss=0.5508 lr=5.268e-04 grad_norm=0.185 train_tok_per_s=235231
2026-10-02 00:06:42,497 INFO step=57000 eval val_loss(partial 100 batches)=0.5516
2026-10-02 00:06:46,008 INFO step=57050 epoch=6 loss=0.5603 lr=5.262e-04 grad_norm=0.178 train_tok_per_s=235232
2026-10-02 00:06:49,514 INFO step=57100 epoch=6 loss=0.5976 lr=5.255e-04 grad_norm=0.183 train_tok_per_s=235232
2026-10-02 00:06:53,021 INFO step=57150 epoch=6 loss=0.5276 lr=5.249e-04 grad_norm=0.177 train_tok_per_s=235233
2026-10-02 00:06:56,529 INFO step=57200 epoch=6 loss=0.5834 lr=5.242e-04 grad_norm=0.181 train_tok_per_s=235234
2026-10-02 00:07:00,037 INFO step=57250 epoch=6 loss=0.5601 lr=5.236e-04 grad_norm=0.180 train_tok_per_s=235234
2026-10-02 00:07:03,545 INFO step=57300 epoch=6 loss=0.5711 lr=5.229e-04 grad_norm=0.176 train_tok_per_s=235235
2026-10-02 00:07:07,058 INFO step=57350 epoch=6 loss=0.5894 lr=5.222e-04 grad_norm=0.175 train_tok_per_s=235236
2026-10-02 00:07:10,565 INFO step=57400 epoch=6 loss=0.5709 lr=5.216e-04 grad_norm=0.179 train_tok_per_s=235236
2026-10-02 00:07:14,086 INFO step=57450 epoch=6 loss=0.5555 lr=5.209e-04 grad_norm=0.175 train_tok_per_s=235236
2026-10-02 00:07:17,594 INFO step=57500 epoch=6 loss=0.5545 lr=5.203e-04 grad_norm=0.169 train_tok_per_s=235237
2026-10-02 00:07:21,103 INFO step=57550 epoch=6 loss=0.5915 lr=5.196e-04 grad_norm=0.187 train_tok_per_s=235237
2026-10-02 00:07:24,616 INFO step=57600 epoch=6 loss=0.5823 lr=5.190e-04 grad_norm=0.177 train_tok_per_s=235238
2026-10-02 00:07:28,127 INFO step=57650 epoch=6 loss=0.5744 lr=5.183e-04 grad_norm=0.175 train_tok_per_s=235238
2026-10-02 00:07:31,634 INFO step=57700 epoch=6 loss=0.5611 lr=5.177e-04 grad_norm=0.182 train_tok_per_s=235239
2026-10-02 00:07:35,142 INFO step=57750 epoch=6 loss=0.5446 lr=5.170e-04 grad_norm=0.172 train_tok_per_s=235240
2026-10-02 00:07:38,651 INFO step=57800 epoch=6 loss=0.5822 lr=5.164e-04 grad_norm=0.177 train_tok_per_s=235240
2026-10-02 00:07:42,161 INFO step=57850 epoch=6 loss=0.5837 lr=5.157e-04 grad_norm=0.184 train_tok_per_s=235241
2026-10-02 00:07:45,666 INFO step=57900 epoch=6 loss=0.5699 lr=5.151e-04 grad_norm=0.179 train_tok_per_s=235242
2026-10-02 00:07:49,175 INFO step=57950 epoch=6 loss=0.5666 lr=5.144e-04 grad_norm=0.180 train_tok_per_s=235242
2026-10-02 00:07:52,683 INFO step=58000 epoch=6 loss=0.5758 lr=5.138e-04 grad_norm=0.178 train_tok_per_s=235243
2026-10-02 00:07:57,300 INFO step=58000 eval val_loss(partial 100 batches)=0.5504
2026-10-02 00:08:00,808 INFO step=58050 epoch=6 loss=0.5546 lr=5.131e-04 grad_norm=0.182 train_tok_per_s=235244
2026-10-02 00:08:04,312 INFO step=58100 epoch=6 loss=0.5724 lr=5.125e-04 grad_norm=0.183 train_tok_per_s=235244
2026-10-02 00:08:07,820 INFO step=58150 epoch=6 loss=0.5845 lr=5.118e-04 grad_norm=0.179 train_tok_per_s=235245
2026-10-02 00:08:11,332 INFO step=58200 epoch=6 loss=0.5744 lr=5.112e-04 grad_norm=0.174 train_tok_per_s=235246
2026-10-02 00:08:14,834 INFO step=58250 epoch=6 loss=0.5594 lr=5.105e-04 grad_norm=0.173 train_tok_per_s=235247
2026-10-02 00:08:18,346 INFO step=58300 epoch=6 loss=0.5577 lr=5.099e-04 grad_norm=0.178 train_tok_per_s=235247
2026-10-02 00:08:21,852 INFO step=58350 epoch=6 loss=0.5758 lr=5.093e-04 grad_norm=0.186 train_tok_per_s=235248
2026-10-02 00:08:25,358 INFO step=58400 epoch=6 loss=0.5660 lr=5.086e-04 grad_norm=0.176 train_tok_per_s=235248
2026-10-02 00:08:28,867 INFO step=58450 epoch=6 loss=0.5892 lr=5.080e-04 grad_norm=0.178 train_tok_per_s=235249
2026-10-02 00:08:32,380 INFO step=58500 epoch=6 loss=0.5635 lr=5.073e-04 grad_norm=0.174 train_tok_per_s=235249
2026-10-02 00:08:35,885 INFO step=58550 epoch=6 loss=0.5610 lr=5.067e-04 grad_norm=0.179 train_tok_per_s=235250
2026-10-02 00:08:39,394 INFO step=58600 epoch=6 loss=0.5711 lr=5.060e-04 grad_norm=0.179 train_tok_per_s=235250
2026-10-02 00:08:42,903 INFO step=58650 epoch=6 loss=0.5692 lr=5.054e-04 grad_norm=0.181 train_tok_per_s=235251
2026-10-02 00:08:46,409 INFO step=58700 epoch=6 loss=0.5694 lr=5.047e-04 grad_norm=0.178 train_tok_per_s=235251
2026-10-02 00:08:49,916 INFO step=58750 epoch=6 loss=0.5590 lr=5.041e-04 grad_norm=0.181 train_tok_per_s=235252
2026-10-02 00:08:53,429 INFO step=58800 epoch=6 loss=0.5757 lr=5.034e-04 grad_norm=0.189 train_tok_per_s=235252
2026-10-02 00:08:56,938 INFO step=58850 epoch=6 loss=0.5584 lr=5.028e-04 grad_norm=0.176 train_tok_per_s=235253
2026-10-02 00:09:00,445 INFO step=58900 epoch=6 loss=0.5465 lr=5.021e-04 grad_norm=0.178 train_tok_per_s=235253
2026-10-02 00:09:03,953 INFO step=58950 epoch=6 loss=0.5611 lr=5.015e-04 grad_norm=0.175 train_tok_per_s=235254
2026-10-02 00:09:07,459 INFO step=59000 epoch=6 loss=0.5674 lr=5.008e-04 grad_norm=0.182 train_tok_per_s=235255
2026-10-02 00:09:12,073 INFO step=59000 eval val_loss(partial 100 batches)=0.5485
2026-10-02 00:09:15,582 INFO step=59050 epoch=6 loss=0.5694 lr=5.002e-04 grad_norm=0.177 train_tok_per_s=235255
2026-10-02 00:09:19,090 INFO step=59100 epoch=6 loss=0.5622 lr=4.995e-04 grad_norm=0.175 train_tok_per_s=235256
2026-10-02 00:09:22,596 INFO step=59150 epoch=6 loss=0.5529 lr=4.989e-04 grad_norm=0.175 train_tok_per_s=235257
2026-10-02 00:09:26,105 INFO step=59200 epoch=6 loss=0.5613 lr=4.982e-04 grad_norm=0.194 train_tok_per_s=235257
2026-10-02 00:09:29,615 INFO step=59250 epoch=6 loss=0.5825 lr=4.976e-04 grad_norm=0.175 train_tok_per_s=235258
2026-10-02 00:09:33,123 INFO step=59300 epoch=6 loss=0.5471 lr=4.969e-04 grad_norm=0.169 train_tok_per_s=235258
2026-10-02 00:09:36,633 INFO step=59350 epoch=6 loss=0.5619 lr=4.963e-04 grad_norm=0.189 train_tok_per_s=235259
2026-10-02 00:09:40,143 INFO step=59400 epoch=6 loss=0.5674 lr=4.956e-04 grad_norm=0.184 train_tok_per_s=235259
2026-10-02 00:09:43,654 INFO step=59450 epoch=6 loss=0.5825 lr=4.950e-04 grad_norm=0.187 train_tok_per_s=235260
2026-10-02 00:09:47,163 INFO step=59500 epoch=6 loss=0.5587 lr=4.943e-04 grad_norm=0.176 train_tok_per_s=235260
2026-10-02 00:09:50,674 INFO step=59550 epoch=6 loss=0.5563 lr=4.937e-04 grad_norm=0.182 train_tok_per_s=235261
2026-10-02 00:09:54,186 INFO step=59600 epoch=6 loss=0.5621 lr=4.931e-04 grad_norm=0.182 train_tok_per_s=235261
2026-10-02 00:09:57,694 INFO step=59650 epoch=6 loss=0.5380 lr=4.924e-04 grad_norm=0.176 train_tok_per_s=235262
2026-10-02 00:10:01,204 INFO step=59700 epoch=6 loss=0.5444 lr=4.918e-04 grad_norm=0.181 train_tok_per_s=235262
2026-10-02 00:10:04,715 INFO step=59750 epoch=6 loss=0.5572 lr=4.911e-04 grad_norm=0.177 train_tok_per_s=235263
2026-10-02 00:10:08,224 INFO step=59800 epoch=6 loss=0.5670 lr=4.905e-04 grad_norm=0.179 train_tok_per_s=235263
2026-10-02 00:10:11,733 INFO step=59850 epoch=6 loss=0.5816 lr=4.898e-04 grad_norm=0.182 train_tok_per_s=235264
2026-10-02 00:10:15,246 INFO step=59900 epoch=6 loss=0.5681 lr=4.892e-04 grad_norm=0.183 train_tok_per_s=235264
2026-10-02 00:10:18,756 INFO step=59950 epoch=6 loss=0.5773 lr=4.885e-04 grad_norm=0.180 train_tok_per_s=235264
2026-10-02 00:10:22,266 INFO step=60000 epoch=6 loss=0.5760 lr=4.879e-04 grad_norm=0.184 train_tok_per_s=235265
2026-10-02 00:10:26,884 INFO step=60000 eval val_loss(partial 100 batches)=0.5485
2026-10-02 00:10:30,390 INFO step=60050 epoch=6 loss=0.5677 lr=4.872e-04 grad_norm=0.181 train_tok_per_s=235266
2026-10-02 00:10:33,899 INFO step=60100 epoch=6 loss=0.5666 lr=4.866e-04 grad_norm=0.185 train_tok_per_s=235266
2026-10-02 00:10:37,411 INFO step=60150 epoch=6 loss=0.5633 lr=4.859e-04 grad_norm=0.187 train_tok_per_s=235266
2026-10-02 00:10:40,924 INFO step=60200 epoch=6 loss=0.5678 lr=4.853e-04 grad_norm=0.182 train_tok_per_s=235267
2026-10-02 00:10:44,438 INFO step=60250 epoch=6 loss=0.5470 lr=4.847e-04 grad_norm=0.177 train_tok_per_s=235267
2026-10-02 00:10:47,953 INFO step=60300 epoch=6 loss=0.5524 lr=4.840e-04 grad_norm=0.175 train_tok_per_s=235267
2026-10-02 00:10:51,463 INFO step=60350 epoch=6 loss=0.5522 lr=4.834e-04 grad_norm=0.178 train_tok_per_s=235267
2026-10-02 00:10:54,969 INFO step=60400 epoch=6 loss=0.5586 lr=4.827e-04 grad_norm=0.179 train_tok_per_s=235268
2026-10-02 00:10:58,477 INFO step=60450 epoch=6 loss=0.5627 lr=4.821e-04 grad_norm=0.179 train_tok_per_s=235269
2026-10-02 00:11:01,987 INFO step=60500 epoch=6 loss=0.5687 lr=4.814e-04 grad_norm=0.182 train_tok_per_s=235269
2026-10-02 00:11:05,493 INFO step=60550 epoch=6 loss=0.5400 lr=4.808e-04 grad_norm=0.178 train_tok_per_s=235270
2026-10-02 00:11:09,000 INFO step=60600 epoch=6 loss=0.5344 lr=4.801e-04 grad_norm=0.177 train_tok_per_s=235270
2026-10-02 00:11:12,509 INFO step=60650 epoch=6 loss=0.5445 lr=4.795e-04 grad_norm=0.183 train_tok_per_s=235271
2026-10-02 00:11:16,015 INFO step=60700 epoch=6 loss=0.5770 lr=4.789e-04 grad_norm=0.193 train_tok_per_s=235272
2026-10-02 00:11:19,529 INFO step=60750 epoch=6 loss=0.5278 lr=4.782e-04 grad_norm=0.176 train_tok_per_s=235272
2026-10-02 00:11:23,041 INFO step=60800 epoch=6 loss=0.5524 lr=4.776e-04 grad_norm=0.190 train_tok_per_s=235272
2026-10-02 00:11:26,548 INFO step=60850 epoch=6 loss=0.5577 lr=4.769e-04 grad_norm=0.185 train_tok_per_s=235273
2026-10-02 00:11:30,062 INFO step=60900 epoch=6 loss=0.5446 lr=4.763e-04 grad_norm=0.180 train_tok_per_s=235273
2026-10-02 00:11:33,574 INFO step=60950 epoch=6 loss=0.5503 lr=4.756e-04 grad_norm=0.182 train_tok_per_s=235274
2026-10-02 00:11:37,086 INFO step=61000 epoch=6 loss=0.5540 lr=4.750e-04 grad_norm=0.183 train_tok_per_s=235274
2026-10-02 00:11:41,708 INFO step=61000 eval val_loss(partial 100 batches)=0.5471
2026-10-02 00:11:45,216 INFO step=61050 epoch=6 loss=0.5567 lr=4.744e-04 grad_norm=0.190 train_tok_per_s=235275
2026-10-02 00:11:48,723 INFO step=61100 epoch=6 loss=0.5391 lr=4.737e-04 grad_norm=0.175 train_tok_per_s=235275
2026-10-02 00:11:52,232 INFO step=61150 epoch=6 loss=0.5545 lr=4.731e-04 grad_norm=0.183 train_tok_per_s=235276
2026-10-02 00:11:55,739 INFO step=61200 epoch=6 loss=0.5356 lr=4.724e-04 grad_norm=0.175 train_tok_per_s=235276
2026-10-02 00:11:59,249 INFO step=61250 epoch=6 loss=0.5714 lr=4.718e-04 grad_norm=0.189 train_tok_per_s=235277
2026-10-02 00:12:02,764 INFO step=61300 epoch=6 loss=0.5660 lr=4.711e-04 grad_norm=0.184 train_tok_per_s=235277
2026-10-02 00:12:06,280 INFO step=61350 epoch=6 loss=0.5725 lr=4.705e-04 grad_norm=0.182 train_tok_per_s=235277
2026-10-02 00:12:09,805 INFO step=61400 epoch=6 loss=0.5653 lr=4.699e-04 grad_norm=0.179 train_tok_per_s=235277
2026-10-02 00:12:13,373 INFO step=61450 epoch=6 loss=0.5945 lr=4.692e-04 grad_norm=0.187 train_tok_per_s=235274
2026-10-02 00:12:16,892 INFO step=61500 epoch=6 loss=0.5810 lr=4.686e-04 grad_norm=0.183 train_tok_per_s=235274
2026-10-02 00:12:20,416 INFO step=61550 epoch=6 loss=0.5570 lr=4.679e-04 grad_norm=0.180 train_tok_per_s=235274
2026-10-02 00:12:23,927 INFO step=61600 epoch=6 loss=0.5481 lr=4.673e-04 grad_norm=0.187 train_tok_per_s=235274
2026-10-02 00:12:27,439 INFO step=61650 epoch=6 loss=0.5912 lr=4.667e-04 grad_norm=0.202 train_tok_per_s=235274
2026-10-02 00:12:30,960 INFO step=61700 epoch=6 loss=0.5882 lr=4.660e-04 grad_norm=0.183 train_tok_per_s=235274
2026-10-02 00:12:34,471 INFO step=61750 epoch=6 loss=0.5460 lr=4.654e-04 grad_norm=0.187 train_tok_per_s=235275
2026-10-02 00:12:37,988 INFO step=61800 epoch=6 loss=0.5618 lr=4.647e-04 grad_norm=0.180 train_tok_per_s=235275
2026-10-02 00:12:41,509 INFO step=61850 epoch=6 loss=0.5785 lr=4.641e-04 grad_norm=0.182 train_tok_per_s=235275
2026-10-02 00:12:45,048 INFO step=61900 epoch=6 loss=0.5616 lr=4.635e-04 grad_norm=0.191 train_tok_per_s=235274
2026-10-02 00:12:48,573 INFO step=61950 epoch=6 loss=0.5346 lr=4.628e-04 grad_norm=0.179 train_tok_per_s=235273
2026-10-02 00:12:52,093 INFO step=62000 epoch=6 loss=0.5392 lr=4.622e-04 grad_norm=0.185 train_tok_per_s=235273
2026-10-02 00:12:56,717 INFO step=62000 eval val_loss(partial 100 batches)=0.5449
2026-10-02 00:13:00,236 INFO step=62050 epoch=6 loss=0.5510 lr=4.615e-04 grad_norm=0.182 train_tok_per_s=235273
2026-10-02 00:13:03,781 INFO step=62100 epoch=6 loss=0.5615 lr=4.609e-04 grad_norm=0.187 train_tok_per_s=235272
2026-10-02 00:13:07,299 INFO step=62150 epoch=6 loss=0.5380 lr=4.603e-04 grad_norm=0.180 train_tok_per_s=235272
2026-10-02 00:13:10,806 INFO step=62200 epoch=6 loss=0.5775 lr=4.596e-04 grad_norm=0.186 train_tok_per_s=235273
2026-10-02 00:13:14,317 INFO step=62250 epoch=6 loss=0.5510 lr=4.590e-04 grad_norm=0.183 train_tok_per_s=235273
2026-10-02 00:13:17,835 INFO step=62300 epoch=6 loss=0.5799 lr=4.583e-04 grad_norm=0.185 train_tok_per_s=235273
2026-10-02 00:13:21,341 INFO step=62350 epoch=6 loss=0.5697 lr=4.577e-04 grad_norm=0.190 train_tok_per_s=235273
2026-10-02 00:13:24,855 INFO step=62400 epoch=6 loss=0.5963 lr=4.571e-04 grad_norm=0.193 train_tok_per_s=235274
2026-10-02 00:13:28,375 INFO step=62450 epoch=6 loss=0.5514 lr=4.564e-04 grad_norm=0.176 train_tok_per_s=235274
2026-10-02 00:13:31,893 INFO step=62500 epoch=6 loss=0.5651 lr=4.558e-04 grad_norm=0.186 train_tok_per_s=235274
2026-10-02 00:13:35,403 INFO step=62550 epoch=6 loss=0.5521 lr=4.552e-04 grad_norm=0.187 train_tok_per_s=235274
2026-10-02 00:13:38,920 INFO step=62600 epoch=6 loss=0.5350 lr=4.545e-04 grad_norm=0.183 train_tok_per_s=235274
2026-10-02 00:13:42,439 INFO step=62650 epoch=6 loss=0.5572 lr=4.539e-04 grad_norm=0.178 train_tok_per_s=235274
2026-10-02 00:13:45,946 INFO step=62700 epoch=6 loss=0.5683 lr=4.532e-04 grad_norm=0.188 train_tok_per_s=235274
2026-10-02 00:13:49,454 INFO step=62750 epoch=6 loss=0.5629 lr=4.526e-04 grad_norm=0.181 train_tok_per_s=235275
2026-10-02 00:13:52,962 INFO step=62800 epoch=6 loss=0.5665 lr=4.520e-04 grad_norm=0.185 train_tok_per_s=235275
2026-10-02 00:13:56,470 INFO step=62850 epoch=6 loss=0.5427 lr=4.513e-04 grad_norm=0.180 train_tok_per_s=235276
2026-10-02 00:13:59,979 INFO step=62900 epoch=6 loss=0.5644 lr=4.507e-04 grad_norm=0.189 train_tok_per_s=235276
2026-10-02 00:14:03,488 INFO step=62950 epoch=6 loss=0.5748 lr=4.501e-04 grad_norm=0.193 train_tok_per_s=235277
2026-10-02 00:14:06,996 INFO step=63000 epoch=6 loss=0.5636 lr=4.494e-04 grad_norm=0.183 train_tok_per_s=235277
2026-10-02 00:14:11,610 INFO step=63000 eval val_loss(partial 100 batches)=0.5447
2026-10-02 00:14:15,114 INFO step=63050 epoch=6 loss=0.5550 lr=4.488e-04 grad_norm=0.191 train_tok_per_s=235278
2026-10-02 00:14:18,622 INFO step=63100 epoch=6 loss=0.5313 lr=4.482e-04 grad_norm=0.178 train_tok_per_s=235279
2026-10-02 00:14:22,130 INFO step=63150 epoch=6 loss=0.5524 lr=4.475e-04 grad_norm=0.182 train_tok_per_s=235279
2026-10-02 00:14:25,637 INFO step=63200 epoch=6 loss=0.5642 lr=4.469e-04 grad_norm=0.184 train_tok_per_s=235280
2026-10-02 00:14:29,140 INFO step=63250 epoch=6 loss=0.5580 lr=4.463e-04 grad_norm=0.188 train_tok_per_s=235281
2026-10-02 00:14:32,648 INFO step=63300 epoch=6 loss=0.5575 lr=4.456e-04 grad_norm=0.184 train_tok_per_s=235281
2026-10-02 00:14:36,157 INFO step=63350 epoch=6 loss=0.5620 lr=4.450e-04 grad_norm=0.181 train_tok_per_s=235282
2026-10-02 00:14:39,663 INFO step=63400 epoch=6 loss=0.5546 lr=4.444e-04 grad_norm=0.183 train_tok_per_s=235282
2026-10-02 00:14:43,171 INFO step=63450 epoch=6 loss=0.5502 lr=4.437e-04 grad_norm=0.185 train_tok_per_s=235283
2026-10-02 00:14:46,679 INFO step=63500 epoch=6 loss=0.5481 lr=4.431e-04 grad_norm=0.186 train_tok_per_s=235284
2026-10-02 00:14:50,184 INFO step=63550 epoch=6 loss=0.5420 lr=4.425e-04 grad_norm=0.178 train_tok_per_s=235284
2026-10-02 00:14:53,698 INFO step=63600 epoch=6 loss=0.5795 lr=4.418e-04 grad_norm=0.194 train_tok_per_s=235285
2026-10-02 00:14:57,206 INFO step=63650 epoch=6 loss=0.5752 lr=4.412e-04 grad_norm=0.189 train_tok_per_s=235285
2026-10-02 00:15:00,714 INFO step=63700 epoch=6 loss=0.5625 lr=4.406e-04 grad_norm=0.183 train_tok_per_s=235286
2026-10-02 00:15:04,218 INFO step=63750 epoch=6 loss=0.5576 lr=4.399e-04 grad_norm=0.184 train_tok_per_s=235286
2026-10-02 00:15:07,721 INFO step=63800 epoch=6 loss=0.5593 lr=4.393e-04 grad_norm=0.188 train_tok_per_s=235287
2026-10-02 00:15:11,226 INFO step=63850 epoch=6 loss=0.5636 lr=4.387e-04 grad_norm=0.186 train_tok_per_s=235288
2026-10-02 00:15:14,736 INFO step=63900 epoch=6 loss=0.5724 lr=4.380e-04 grad_norm=0.184 train_tok_per_s=235288
2026-10-02 00:15:18,240 INFO step=63950 epoch=6 loss=0.5537 lr=4.374e-04 grad_norm=0.182 train_tok_per_s=235289
2026-10-02 00:15:21,743 INFO step=64000 epoch=6 loss=0.5550 lr=4.368e-04 grad_norm=0.187 train_tok_per_s=235290
2026-10-02 00:15:26,358 INFO step=64000 eval val_loss(partial 100 batches)=0.5438
2026-10-02 00:15:29,864 INFO step=64050 epoch=6 loss=0.5566 lr=4.361e-04 grad_norm=0.192 train_tok_per_s=235291
2026-10-02 00:15:33,374 INFO step=64100 epoch=6 loss=0.5776 lr=4.355e-04 grad_norm=0.193 train_tok_per_s=235291
2026-10-02 00:15:36,878 INFO step=64150 epoch=6 loss=0.5310 lr=4.349e-04 grad_norm=0.181 train_tok_per_s=235292
2026-10-02 00:15:40,385 INFO step=64200 epoch=6 loss=0.5464 lr=4.342e-04 grad_norm=0.185 train_tok_per_s=235292
2026-10-02 00:15:43,888 INFO step=64250 epoch=6 loss=0.5692 lr=4.336e-04 grad_norm=0.193 train_tok_per_s=235293
2026-10-02 00:15:47,394 INFO step=64300 epoch=6 loss=0.5374 lr=4.330e-04 grad_norm=0.186 train_tok_per_s=235294
2026-10-02 00:15:50,900 INFO step=64350 epoch=6 loss=0.5507 lr=4.324e-04 grad_norm=0.186 train_tok_per_s=235294
2026-10-02 00:15:54,404 INFO step=64400 epoch=6 loss=0.5471 lr=4.317e-04 grad_norm=0.182 train_tok_per_s=235295
2026-10-02 00:15:57,910 INFO step=64450 epoch=6 loss=0.5677 lr=4.311e-04 grad_norm=0.194 train_tok_per_s=235296
2026-10-02 00:16:01,415 INFO step=64500 epoch=6 loss=0.5431 lr=4.305e-04 grad_norm=0.179 train_tok_per_s=235296
2026-10-02 00:16:04,921 INFO step=64550 epoch=6 loss=0.5632 lr=4.298e-04 grad_norm=0.181 train_tok_per_s=235297
2026-10-02 00:16:08,427 INFO step=64600 epoch=6 loss=0.5349 lr=4.292e-04 grad_norm=0.185 train_tok_per_s=235297
2026-10-02 00:16:11,931 INFO step=64650 epoch=6 loss=0.5428 lr=4.286e-04 grad_norm=0.185 train_tok_per_s=235298
2026-10-02 00:16:15,439 INFO step=64700 epoch=6 loss=0.5577 lr=4.280e-04 grad_norm=0.189 train_tok_per_s=235299
2026-10-02 00:16:18,947 INFO step=64750 epoch=6 loss=0.5654 lr=4.273e-04 grad_norm=0.193 train_tok_per_s=235299
2026-10-02 00:16:22,449 INFO step=64800 epoch=6 loss=0.5613 lr=4.267e-04 grad_norm=0.183 train_tok_per_s=235300
2026-10-02 00:16:25,953 INFO step=64850 epoch=6 loss=0.5378 lr=4.261e-04 grad_norm=0.179 train_tok_per_s=235301
2026-10-02 00:16:29,458 INFO step=64900 epoch=6 loss=0.5524 lr=4.255e-04 grad_norm=0.185 train_tok_per_s=235301
2026-10-02 00:16:32,966 INFO step=64950 epoch=6 loss=0.5982 lr=4.248e-04 grad_norm=0.193 train_tok_per_s=235302
2026-10-02 00:16:36,470 INFO step=65000 epoch=6 loss=0.5542 lr=4.242e-04 grad_norm=0.187 train_tok_per_s=235302
2026-10-02 00:16:41,083 INFO step=65000 eval val_loss(partial 100 batches)=0.5430
2026-10-02 00:16:44,587 INFO step=65050 epoch=6 loss=0.5565 lr=4.236e-04 grad_norm=0.183 train_tok_per_s=235303
2026-10-02 00:16:48,093 INFO step=65100 epoch=6 loss=0.5629 lr=4.229e-04 grad_norm=0.184 train_tok_per_s=235304
2026-10-02 00:16:51,595 INFO step=65150 epoch=6 loss=0.5470 lr=4.223e-04 grad_norm=0.184 train_tok_per_s=235305
2026-10-02 00:16:55,109 INFO step=65200 epoch=6 loss=0.5659 lr=4.217e-04 grad_norm=0.191 train_tok_per_s=235305
2026-10-02 00:16:58,615 INFO step=65250 epoch=6 loss=0.5371 lr=4.211e-04 grad_norm=0.189 train_tok_per_s=235305
2026-10-02 00:17:02,123 INFO step=65300 epoch=6 loss=0.5266 lr=4.204e-04 grad_norm=0.186 train_tok_per_s=235306
2026-10-02 00:17:05,629 INFO step=65350 epoch=6 loss=0.5589 lr=4.198e-04 grad_norm=0.190 train_tok_per_s=235306
2026-10-02 00:17:09,137 INFO step=65400 epoch=6 loss=0.5653 lr=4.192e-04 grad_norm=0.189 train_tok_per_s=235307
2026-10-02 00:17:12,643 INFO step=65450 epoch=6 loss=0.5427 lr=4.186e-04 grad_norm=0.183 train_tok_per_s=235308
2026-10-02 00:17:16,150 INFO step=65500 epoch=6 loss=0.5642 lr=4.180e-04 grad_norm=0.191 train_tok_per_s=235308
2026-10-02 00:17:19,659 INFO step=65550 epoch=6 loss=0.5586 lr=4.173e-04 grad_norm=0.186 train_tok_per_s=235308
2026-10-02 00:17:23,169 INFO step=65600 epoch=6 loss=0.5500 lr=4.167e-04 grad_norm=0.190 train_tok_per_s=235309
2026-10-02 00:17:26,676 INFO step=65650 epoch=6 loss=0.5645 lr=4.161e-04 grad_norm=0.192 train_tok_per_s=235309
2026-10-02 00:17:53,021 INFO epoch=6 train_loss_running=0.5610 train_loss_eval=0.5268 val_loss=0.5412 val_acc=0.8259 elapsed_s=5074
2026-10-02 00:17:53,064 INFO epoch=6 new best val_loss=0.5412 -> checkpoints/full_run01/best.pt
2026-10-02 00:17:55,690 INFO step=65700 epoch=7 loss=0.5468 lr=4.155e-04 grad_norm=0.192 train_tok_per_s=235310
2026-10-02 00:17:59,197 INFO step=65750 epoch=7 loss=0.5802 lr=4.148e-04 grad_norm=0.199 train_tok_per_s=235310
2026-10-02 00:18:02,704 INFO step=65800 epoch=7 loss=0.5503 lr=4.142e-04 grad_norm=0.193 train_tok_per_s=235311
2026-10-02 00:18:06,210 INFO step=65850 epoch=7 loss=0.5287 lr=4.136e-04 grad_norm=0.190 train_tok_per_s=235312
2026-10-02 00:18:09,720 INFO step=65900 epoch=7 loss=0.5460 lr=4.130e-04 grad_norm=0.188 train_tok_per_s=235312
2026-10-02 00:18:13,225 INFO step=65950 epoch=7 loss=0.5789 lr=4.124e-04 grad_norm=0.196 train_tok_per_s=235313
2026-10-02 00:18:16,731 INFO step=66000 epoch=7 loss=0.5369 lr=4.117e-04 grad_norm=0.191 train_tok_per_s=235313
2026-10-02 00:18:21,350 INFO step=66000 eval val_loss(partial 100 batches)=0.5428
2026-10-02 00:18:24,856 INFO step=66050 epoch=7 loss=0.5341 lr=4.111e-04 grad_norm=0.185 train_tok_per_s=235314
2026-10-02 00:18:28,364 INFO step=66100 epoch=7 loss=0.5473 lr=4.105e-04 grad_norm=0.189 train_tok_per_s=235314
2026-10-02 00:18:31,864 INFO step=66150 epoch=7 loss=0.5296 lr=4.099e-04 grad_norm=0.186 train_tok_per_s=235315
2026-10-02 00:18:35,370 INFO step=66200 epoch=7 loss=0.5600 lr=4.093e-04 grad_norm=0.187 train_tok_per_s=235316
2026-10-02 00:18:38,876 INFO step=66250 epoch=7 loss=0.5351 lr=4.086e-04 grad_norm=0.191 train_tok_per_s=235316
2026-10-02 00:18:42,382 INFO step=66300 epoch=7 loss=0.5411 lr=4.080e-04 grad_norm=0.190 train_tok_per_s=235317
2026-10-02 00:18:45,886 INFO step=66350 epoch=7 loss=0.5420 lr=4.074e-04 grad_norm=0.184 train_tok_per_s=235318
2026-10-02 00:18:49,393 INFO step=66400 epoch=7 loss=0.5440 lr=4.068e-04 grad_norm=0.196 train_tok_per_s=235318
2026-10-02 00:18:52,900 INFO step=66450 epoch=7 loss=0.5724 lr=4.062e-04 grad_norm=0.198 train_tok_per_s=235319
2026-10-02 00:18:56,408 INFO step=66500 epoch=7 loss=0.5793 lr=4.055e-04 grad_norm=0.196 train_tok_per_s=235319
2026-10-02 00:18:59,915 INFO step=66550 epoch=7 loss=0.5369 lr=4.049e-04 grad_norm=0.191 train_tok_per_s=235320
2026-10-02 00:19:03,422 INFO step=66600 epoch=7 loss=0.5335 lr=4.043e-04 grad_norm=0.187 train_tok_per_s=235320
2026-10-02 00:19:06,928 INFO step=66650 epoch=7 loss=0.5467 lr=4.037e-04 grad_norm=0.187 train_tok_per_s=235321
2026-10-02 00:19:10,434 INFO step=66700 epoch=7 loss=0.5617 lr=4.031e-04 grad_norm=0.192 train_tok_per_s=235321
2026-10-02 00:19:13,940 INFO step=66750 epoch=7 loss=0.5596 lr=4.025e-04 grad_norm=0.198 train_tok_per_s=235322
2026-10-02 00:19:17,446 INFO step=66800 epoch=7 loss=0.5476 lr=4.018e-04 grad_norm=0.201 train_tok_per_s=235323
2026-10-02 00:19:20,950 INFO step=66850 epoch=7 loss=0.5402 lr=4.012e-04 grad_norm=0.193 train_tok_per_s=235323
2026-10-02 00:19:24,460 INFO step=66900 epoch=7 loss=0.5533 lr=4.006e-04 grad_norm=0.188 train_tok_per_s=235324
2026-10-02 00:19:27,965 INFO step=66950 epoch=7 loss=0.5200 lr=4.000e-04 grad_norm=0.187 train_tok_per_s=235324
2026-10-02 00:19:31,476 INFO step=67000 epoch=7 loss=0.5529 lr=3.994e-04 grad_norm=0.190 train_tok_per_s=235325
2026-10-02 00:19:36,088 INFO step=67000 eval val_loss(partial 100 batches)=0.5402
2026-10-02 00:19:39,613 INFO step=67050 epoch=7 loss=0.5617 lr=3.988e-04 grad_norm=0.197 train_tok_per_s=235325
2026-10-02 00:19:43,134 INFO step=67100 epoch=7 loss=0.5718 lr=3.982e-04 grad_norm=0.196 train_tok_per_s=235324
2026-10-02 00:19:46,648 INFO step=67150 epoch=7 loss=0.5655 lr=3.975e-04 grad_norm=0.200 train_tok_per_s=235325
2026-10-02 00:19:50,172 INFO step=67200 epoch=7 loss=0.5593 lr=3.969e-04 grad_norm=0.197 train_tok_per_s=235324
2026-10-02 00:19:53,691 INFO step=67250 epoch=7 loss=0.5317 lr=3.963e-04 grad_norm=0.189 train_tok_per_s=235324
2026-10-02 00:19:57,211 INFO step=67300 epoch=7 loss=0.5391 lr=3.957e-04 grad_norm=0.185 train_tok_per_s=235324
2026-10-02 00:20:00,746 INFO step=67350 epoch=7 loss=0.5501 lr=3.951e-04 grad_norm=0.196 train_tok_per_s=235323
2026-10-02 00:20:04,274 INFO step=67400 epoch=7 loss=0.5665 lr=3.945e-04 grad_norm=0.202 train_tok_per_s=235323
2026-10-02 00:20:07,804 INFO step=67450 epoch=7 loss=0.5419 lr=3.939e-04 grad_norm=0.193 train_tok_per_s=235323
2026-10-02 00:20:11,329 INFO step=67500 epoch=7 loss=0.5365 lr=3.933e-04 grad_norm=0.189 train_tok_per_s=235322
2026-10-02 00:20:14,856 INFO step=67550 epoch=7 loss=0.5661 lr=3.927e-04 grad_norm=0.191 train_tok_per_s=235322
2026-10-02 00:20:18,384 INFO step=67600 epoch=7 loss=0.5319 lr=3.920e-04 grad_norm=0.192 train_tok_per_s=235321
2026-10-02 00:20:21,910 INFO step=67650 epoch=7 loss=0.5428 lr=3.914e-04 grad_norm=0.188 train_tok_per_s=235321
2026-10-02 00:20:25,430 INFO step=67700 epoch=7 loss=0.5617 lr=3.908e-04 grad_norm=0.192 train_tok_per_s=235321
2026-10-02 00:20:28,941 INFO step=67750 epoch=7 loss=0.5502 lr=3.902e-04 grad_norm=0.191 train_tok_per_s=235321
2026-10-02 00:20:32,462 INFO step=67800 epoch=7 loss=0.5529 lr=3.896e-04 grad_norm=0.193 train_tok_per_s=235321
2026-10-02 00:20:35,969 INFO step=67850 epoch=7 loss=0.5217 lr=3.890e-04 grad_norm=0.188 train_tok_per_s=235321
2026-10-02 00:20:39,491 INFO step=67900 epoch=7 loss=0.5345 lr=3.884e-04 grad_norm=0.194 train_tok_per_s=235321
2026-10-02 00:20:43,016 INFO step=67950 epoch=7 loss=0.5632 lr=3.878e-04 grad_norm=0.201 train_tok_per_s=235321
2026-10-02 00:20:46,536 INFO step=68000 epoch=7 loss=0.5351 lr=3.872e-04 grad_norm=0.192 train_tok_per_s=235321
2026-10-02 00:20:51,149 INFO step=68000 eval val_loss(partial 100 batches)=0.5396
2026-10-02 00:20:54,673 INFO step=68050 epoch=7 loss=0.5551 lr=3.866e-04 grad_norm=0.197 train_tok_per_s=235321
2026-10-02 00:20:58,199 INFO step=68100 epoch=7 loss=0.5497 lr=3.860e-04 grad_norm=0.195 train_tok_per_s=235321
2026-10-02 00:21:01,721 INFO step=68150 epoch=7 loss=0.5521 lr=3.853e-04 grad_norm=0.204 train_tok_per_s=235320
2026-10-02 00:21:05,240 INFO step=68200 epoch=7 loss=0.5615 lr=3.847e-04 grad_norm=0.204 train_tok_per_s=235320
2026-10-02 00:21:08,765 INFO step=68250 epoch=7 loss=0.5169 lr=3.841e-04 grad_norm=0.184 train_tok_per_s=235320
2026-10-02 00:21:12,292 INFO step=68300 epoch=7 loss=0.5809 lr=3.835e-04 grad_norm=0.201 train_tok_per_s=235320
2026-10-02 00:21:15,814 INFO step=68350 epoch=7 loss=0.5523 lr=3.829e-04 grad_norm=0.187 train_tok_per_s=235319
2026-10-02 00:21:19,330 INFO step=68400 epoch=7 loss=0.5724 lr=3.823e-04 grad_norm=0.204 train_tok_per_s=235319
2026-10-02 00:21:22,846 INFO step=68450 epoch=7 loss=0.5404 lr=3.817e-04 grad_norm=0.185 train_tok_per_s=235319
2026-10-02 00:21:26,363 INFO step=68500 epoch=7 loss=0.5470 lr=3.811e-04 grad_norm=0.191 train_tok_per_s=235319
2026-10-02 00:21:29,876 INFO step=68550 epoch=7 loss=0.5318 lr=3.805e-04 grad_norm=0.192 train_tok_per_s=235320
2026-10-02 00:21:33,396 INFO step=68600 epoch=7 loss=0.5463 lr=3.799e-04 grad_norm=0.195 train_tok_per_s=235320
2026-10-02 00:21:36,921 INFO step=68650 epoch=7 loss=0.5820 lr=3.793e-04 grad_norm=0.205 train_tok_per_s=235319
2026-10-02 00:21:40,439 INFO step=68700 epoch=7 loss=0.5455 lr=3.787e-04 grad_norm=0.198 train_tok_per_s=235319
2026-10-02 00:21:43,959 INFO step=68750 epoch=7 loss=0.5427 lr=3.781e-04 grad_norm=0.201 train_tok_per_s=235319
2026-10-02 00:21:47,477 INFO step=68800 epoch=7 loss=0.5517 lr=3.775e-04 grad_norm=0.190 train_tok_per_s=235319
2026-10-02 00:21:50,992 INFO step=68850 epoch=7 loss=0.5510 lr=3.769e-04 grad_norm=0.192 train_tok_per_s=235319
2026-10-02 00:21:54,514 INFO step=68900 epoch=7 loss=0.5467 lr=3.763e-04 grad_norm=0.187 train_tok_per_s=235319
2026-10-02 00:21:58,038 INFO step=68950 epoch=7 loss=0.5577 lr=3.757e-04 grad_norm=0.200 train_tok_per_s=235319
2026-10-02 00:22:01,556 INFO step=69000 epoch=7 loss=0.5344 lr=3.751e-04 grad_norm=0.185 train_tok_per_s=235318
2026-10-02 00:22:06,175 INFO step=69000 eval val_loss(partial 100 batches)=0.5384
2026-10-02 00:22:09,694 INFO step=69050 epoch=7 loss=0.5455 lr=3.745e-04 grad_norm=0.202 train_tok_per_s=235318
2026-10-02 00:22:13,215 INFO step=69100 epoch=7 loss=0.5324 lr=3.739e-04 grad_norm=0.196 train_tok_per_s=235318
2026-10-02 00:22:16,736 INFO step=69150 epoch=7 loss=0.5407 lr=3.733e-04 grad_norm=0.185 train_tok_per_s=235318
2026-10-02 00:22:20,256 INFO step=69200 epoch=7 loss=0.5453 lr=3.727e-04 grad_norm=0.192 train_tok_per_s=235318
2026-10-02 00:22:23,774 INFO step=69250 epoch=7 loss=0.5367 lr=3.721e-04 grad_norm=0.191 train_tok_per_s=235318
2026-10-02 00:22:27,298 INFO step=69300 epoch=7 loss=0.5373 lr=3.715e-04 grad_norm=0.194 train_tok_per_s=235318
2026-10-02 00:22:30,816 INFO step=69350 epoch=7 loss=0.5375 lr=3.709e-04 grad_norm=0.199 train_tok_per_s=235318
2026-10-02 00:22:34,334 INFO step=69400 epoch=7 loss=0.5537 lr=3.703e-04 grad_norm=0.197 train_tok_per_s=235318
2026-10-02 00:22:37,849 INFO step=69450 epoch=7 loss=0.5542 lr=3.697e-04 grad_norm=0.209 train_tok_per_s=235318
2026-10-02 00:22:41,427 INFO step=69500 epoch=7 loss=0.5425 lr=3.691e-04 grad_norm=0.189 train_tok_per_s=235315
2026-10-02 00:22:45,307 INFO step=69550 epoch=7 loss=0.5273 lr=3.685e-04 grad_norm=0.185 train_tok_per_s=235300
2026-10-02 00:22:49,082 INFO step=69600 epoch=7 loss=0.5286 lr=3.679e-04 grad_norm=0.192 train_tok_per_s=235289
2026-10-02 00:22:52,593 INFO step=69650 epoch=7 loss=0.5202 lr=3.673e-04 grad_norm=0.204 train_tok_per_s=235289
2026-10-02 00:22:56,095 INFO step=69700 epoch=7 loss=0.5564 lr=3.667e-04 grad_norm=0.196 train_tok_per_s=235290
2026-10-02 00:22:59,601 INFO step=69750 epoch=7 loss=0.5431 lr=3.661e-04 grad_norm=0.200 train_tok_per_s=235291
2026-10-02 00:23:03,113 INFO step=69800 epoch=7 loss=0.5608 lr=3.655e-04 grad_norm=0.195 train_tok_per_s=235291
2026-10-02 00:23:06,626 INFO step=69850 epoch=7 loss=0.5638 lr=3.649e-04 grad_norm=0.197 train_tok_per_s=235291
2026-10-02 00:23:10,340 INFO step=69900 epoch=7 loss=0.5510 lr=3.643e-04 grad_norm=0.191 train_tok_per_s=235283
2026-10-02 00:23:14,180 INFO step=69950 epoch=7 loss=0.5725 lr=3.637e-04 grad_norm=0.201 train_tok_per_s=235269
2026-10-02 00:23:18,034 INFO step=70000 epoch=7 loss=0.5455 lr=3.631e-04 grad_norm=0.202 train_tok_per_s=235255
2026-10-02 00:23:22,861 INFO step=70000 eval val_loss(partial 100 batches)=0.5383
2026-10-02 00:23:26,723 INFO step=70050 epoch=7 loss=0.5497 lr=3.626e-04 grad_norm=0.195 train_tok_per_s=235240
2026-10-02 00:23:30,637 INFO step=70100 epoch=7 loss=0.5461 lr=3.620e-04 grad_norm=0.195 train_tok_per_s=235223
2026-10-02 00:23:34,432 INFO step=70150 epoch=7 loss=0.5160 lr=3.614e-04 grad_norm=0.194 train_tok_per_s=235211
2026-10-02 00:23:38,010 INFO step=70200 epoch=7 loss=0.5476 lr=3.608e-04 grad_norm=0.191 train_tok_per_s=235209
2026-10-02 00:23:41,514 INFO step=70250 epoch=7 loss=0.5382 lr=3.602e-04 grad_norm=0.191 train_tok_per_s=235209
2026-10-02 00:23:45,013 INFO step=70300 epoch=7 loss=0.5564 lr=3.596e-04 grad_norm=0.195 train_tok_per_s=235210
2026-10-02 00:23:48,520 INFO step=70350 epoch=7 loss=0.5455 lr=3.590e-04 grad_norm=0.202 train_tok_per_s=235211
2026-10-02 00:23:52,025 INFO step=70400 epoch=7 loss=0.5494 lr=3.584e-04 grad_norm=0.195 train_tok_per_s=235211
2026-10-02 00:23:55,528 INFO step=70450 epoch=7 loss=0.5302 lr=3.578e-04 grad_norm=0.193 train_tok_per_s=235212
2026-10-02 00:23:59,030 INFO step=70500 epoch=7 loss=0.5719 lr=3.572e-04 grad_norm=0.204 train_tok_per_s=235213
2026-10-02 00:24:02,539 INFO step=70550 epoch=7 loss=0.5514 lr=3.567e-04 grad_norm=0.192 train_tok_per_s=235213
2026-10-02 00:24:06,049 INFO step=70600 epoch=7 loss=0.5444 lr=3.561e-04 grad_norm=0.196 train_tok_per_s=235214
2026-10-02 00:24:09,556 INFO step=70650 epoch=7 loss=0.5359 lr=3.555e-04 grad_norm=0.201 train_tok_per_s=235214
2026-10-02 00:24:13,062 INFO step=70700 epoch=7 loss=0.5515 lr=3.549e-04 grad_norm=0.200 train_tok_per_s=235215
2026-10-02 00:24:16,571 INFO step=70750 epoch=7 loss=0.5570 lr=3.543e-04 grad_norm=0.202 train_tok_per_s=235215
2026-10-02 00:24:20,078 INFO step=70800 epoch=7 loss=0.5339 lr=3.537e-04 grad_norm=0.198 train_tok_per_s=235216
2026-10-02 00:24:23,584 INFO step=70850 epoch=7 loss=0.5510 lr=3.531e-04 grad_norm=0.207 train_tok_per_s=235216
2026-10-02 00:24:27,090 INFO step=70900 epoch=7 loss=0.5365 lr=3.525e-04 grad_norm=0.200 train_tok_per_s=235217
2026-10-02 00:24:30,595 INFO step=70950 epoch=7 loss=0.5395 lr=3.520e-04 grad_norm=0.200 train_tok_per_s=235218
2026-10-02 00:24:34,102 INFO step=71000 epoch=7 loss=0.5362 lr=3.514e-04 grad_norm=0.195 train_tok_per_s=235218
2026-10-02 00:24:38,714 INFO step=71000 eval val_loss(partial 100 batches)=0.5362
2026-10-02 00:24:42,225 INFO step=71050 epoch=7 loss=0.5586 lr=3.508e-04 grad_norm=0.201 train_tok_per_s=235219
2026-10-02 00:24:45,732 INFO step=71100 epoch=7 loss=0.5583 lr=3.502e-04 grad_norm=0.200 train_tok_per_s=235219
2026-10-02 00:24:49,244 INFO step=71150 epoch=7 loss=0.5333 lr=3.496e-04 grad_norm=0.204 train_tok_per_s=235219
2026-10-02 00:24:52,751 INFO step=71200 epoch=7 loss=0.5587 lr=3.490e-04 grad_norm=0.207 train_tok_per_s=235220
2026-10-02 00:24:56,263 INFO step=71250 epoch=7 loss=0.5253 lr=3.485e-04 grad_norm=0.192 train_tok_per_s=235220
2026-10-02 00:24:59,777 INFO step=71300 epoch=7 loss=0.5401 lr=3.479e-04 grad_norm=0.194 train_tok_per_s=235221
2026-10-02 00:25:03,286 INFO step=71350 epoch=7 loss=0.5421 lr=3.473e-04 grad_norm=0.209 train_tok_per_s=235221
2026-10-02 00:25:06,799 INFO step=71400 epoch=7 loss=0.5428 lr=3.467e-04 grad_norm=0.207 train_tok_per_s=235221
2026-10-02 00:25:10,313 INFO step=71450 epoch=7 loss=0.5499 lr=3.461e-04 grad_norm=0.197 train_tok_per_s=235222
2026-10-02 00:25:13,825 INFO step=71500 epoch=7 loss=0.5515 lr=3.455e-04 grad_norm=0.197 train_tok_per_s=235222
2026-10-02 00:25:17,334 INFO step=71550 epoch=7 loss=0.5453 lr=3.450e-04 grad_norm=0.194 train_tok_per_s=235222
2026-10-02 00:25:20,844 INFO step=71600 epoch=7 loss=0.5601 lr=3.444e-04 grad_norm=0.204 train_tok_per_s=235223
2026-10-02 00:25:24,353 INFO step=71650 epoch=7 loss=0.5350 lr=3.438e-04 grad_norm=0.196 train_tok_per_s=235223
2026-10-02 00:25:27,863 INFO step=71700 epoch=7 loss=0.5649 lr=3.432e-04 grad_norm=0.201 train_tok_per_s=235224
2026-10-02 00:25:31,379 INFO step=71750 epoch=7 loss=0.5281 lr=3.426e-04 grad_norm=0.193 train_tok_per_s=235224
2026-10-02 00:25:34,888 INFO step=71800 epoch=7 loss=0.5446 lr=3.421e-04 grad_norm=0.209 train_tok_per_s=235224
2026-10-02 00:25:38,398 INFO step=71850 epoch=7 loss=0.5451 lr=3.415e-04 grad_norm=0.206 train_tok_per_s=235225
2026-10-02 00:25:41,907 INFO step=71900 epoch=7 loss=0.5251 lr=3.409e-04 grad_norm=0.203 train_tok_per_s=235225
2026-10-02 00:25:45,426 INFO step=71950 epoch=7 loss=0.5636 lr=3.403e-04 grad_norm=0.197 train_tok_per_s=235225
2026-10-02 00:25:48,932 INFO step=72000 epoch=7 loss=0.5478 lr=3.398e-04 grad_norm=0.197 train_tok_per_s=235226
2026-10-02 00:25:53,548 INFO step=72000 eval val_loss(partial 100 batches)=0.5351
2026-10-02 00:25:57,061 INFO step=72050 epoch=7 loss=0.5647 lr=3.392e-04 grad_norm=0.202 train_tok_per_s=235226
2026-10-02 00:26:00,567 INFO step=72100 epoch=7 loss=0.5645 lr=3.386e-04 grad_norm=0.200 train_tok_per_s=235227
2026-10-02 00:26:04,078 INFO step=72150 epoch=7 loss=0.5523 lr=3.380e-04 grad_norm=0.198 train_tok_per_s=235227
2026-10-02 00:26:07,584 INFO step=72200 epoch=7 loss=0.5714 lr=3.375e-04 grad_norm=0.204 train_tok_per_s=235228
2026-10-02 00:26:11,101 INFO step=72250 epoch=7 loss=0.5623 lr=3.369e-04 grad_norm=0.204 train_tok_per_s=235228
2026-10-02 00:26:14,614 INFO step=72300 epoch=7 loss=0.5372 lr=3.363e-04 grad_norm=0.199 train_tok_per_s=235228
2026-10-02 00:26:18,125 INFO step=72350 epoch=7 loss=0.5483 lr=3.357e-04 grad_norm=0.196 train_tok_per_s=235228
2026-10-02 00:26:21,640 INFO step=72400 epoch=7 loss=0.5460 lr=3.352e-04 grad_norm=0.200 train_tok_per_s=235229
2026-10-02 00:26:25,154 INFO step=72450 epoch=7 loss=0.5272 lr=3.346e-04 grad_norm=0.194 train_tok_per_s=235229
2026-10-02 00:26:28,667 INFO step=72500 epoch=7 loss=0.5441 lr=3.340e-04 grad_norm=0.200 train_tok_per_s=235229
2026-10-02 00:26:32,183 INFO step=72550 epoch=7 loss=0.5614 lr=3.334e-04 grad_norm=0.198 train_tok_per_s=235229
2026-10-02 00:26:35,693 INFO step=72600 epoch=7 loss=0.5575 lr=3.329e-04 grad_norm=0.193 train_tok_per_s=235230
2026-10-02 00:26:39,220 INFO step=72650 epoch=7 loss=0.5688 lr=3.323e-04 grad_norm=0.211 train_tok_per_s=235229
2026-10-02 00:26:42,737 INFO step=72700 epoch=7 loss=0.5356 lr=3.317e-04 grad_norm=0.194 train_tok_per_s=235229
2026-10-02 00:26:46,259 INFO step=72750 epoch=7 loss=0.5361 lr=3.312e-04 grad_norm=0.203 train_tok_per_s=235229
2026-10-02 00:26:49,770 INFO step=72800 epoch=7 loss=0.5422 lr=3.306e-04 grad_norm=0.201 train_tok_per_s=235230
2026-10-02 00:26:53,300 INFO step=72850 epoch=7 loss=0.5632 lr=3.300e-04 grad_norm=0.217 train_tok_per_s=235229
2026-10-02 00:26:56,824 INFO step=72900 epoch=7 loss=0.5396 lr=3.295e-04 grad_norm=0.199 train_tok_per_s=235229
2026-10-02 00:27:00,334 INFO step=72950 epoch=7 loss=0.5327 lr=3.289e-04 grad_norm=0.204 train_tok_per_s=235229
2026-10-02 00:27:03,842 INFO step=73000 epoch=7 loss=0.5465 lr=3.283e-04 grad_norm=0.205 train_tok_per_s=235230
2026-10-02 00:27:08,460 INFO step=73000 eval val_loss(partial 100 batches)=0.5349
2026-10-02 00:27:11,967 INFO step=73050 epoch=7 loss=0.5492 lr=3.278e-04 grad_norm=0.208 train_tok_per_s=235230
2026-10-02 00:27:15,475 INFO step=73100 epoch=7 loss=0.5400 lr=3.272e-04 grad_norm=0.192 train_tok_per_s=235231
2026-10-02 00:27:18,985 INFO step=73150 epoch=7 loss=0.5492 lr=3.266e-04 grad_norm=0.207 train_tok_per_s=235231
2026-10-02 00:27:22,495 INFO step=73200 epoch=7 loss=0.5310 lr=3.261e-04 grad_norm=0.202 train_tok_per_s=235232
2026-10-02 00:27:26,009 INFO step=73250 epoch=7 loss=0.5528 lr=3.255e-04 grad_norm=0.209 train_tok_per_s=235232
2026-10-02 00:27:29,551 INFO step=73300 epoch=7 loss=0.5211 lr=3.249e-04 grad_norm=0.208 train_tok_per_s=235231
2026-10-02 00:27:33,358 INFO step=73350 epoch=7 loss=0.5622 lr=3.244e-04 grad_norm=0.210 train_tok_per_s=235220
2026-10-02 00:27:37,161 INFO step=73400 epoch=7 loss=0.5509 lr=3.238e-04 grad_norm=0.206 train_tok_per_s=235208
2026-10-02 00:27:40,671 INFO step=73450 epoch=7 loss=0.5572 lr=3.232e-04 grad_norm=0.199 train_tok_per_s=235209
2026-10-02 00:27:44,184 INFO step=73500 epoch=7 loss=0.5463 lr=3.227e-04 grad_norm=0.206 train_tok_per_s=235209
2026-10-02 00:27:47,694 INFO step=73550 epoch=7 loss=0.5358 lr=3.221e-04 grad_norm=0.202 train_tok_per_s=235209
2026-10-02 00:27:51,544 INFO step=73600 epoch=7 loss=0.5720 lr=3.215e-04 grad_norm=0.212 train_tok_per_s=235196
2026-10-02 00:27:55,337 INFO step=73650 epoch=7 loss=0.5276 lr=3.210e-04 grad_norm=0.202 train_tok_per_s=235185
2026-10-02 00:27:58,900 INFO step=73700 epoch=7 loss=0.5397 lr=3.204e-04 grad_norm=0.204 train_tok_per_s=235184
2026-10-02 00:28:02,412 INFO step=73750 epoch=7 loss=0.5141 lr=3.199e-04 grad_norm=0.196 train_tok_per_s=235184
2026-10-02 00:28:05,938 INFO step=73800 epoch=7 loss=0.5397 lr=3.193e-04 grad_norm=0.202 train_tok_per_s=235184
2026-10-02 00:28:09,444 INFO step=73850 epoch=7 loss=0.5571 lr=3.187e-04 grad_norm=0.210 train_tok_per_s=235184
2026-10-02 00:28:12,956 INFO step=73900 epoch=7 loss=0.5443 lr=3.182e-04 grad_norm=0.201 train_tok_per_s=235185
2026-10-02 00:28:16,464 INFO step=73950 epoch=7 loss=0.5835 lr=3.176e-04 grad_norm=0.215 train_tok_per_s=235185
2026-10-02 00:28:19,973 INFO step=74000 epoch=7 loss=0.5249 lr=3.171e-04 grad_norm=0.200 train_tok_per_s=235186
2026-10-02 00:28:24,594 INFO step=74000 eval val_loss(partial 100 batches)=0.5335
2026-10-02 00:28:28,104 INFO step=74050 epoch=7 loss=0.5300 lr=3.165e-04 grad_norm=0.207 train_tok_per_s=235186
2026-10-02 00:28:31,613 INFO step=74100 epoch=7 loss=0.5621 lr=3.160e-04 grad_norm=0.202 train_tok_per_s=235187
2026-10-02 00:28:35,123 INFO step=74150 epoch=7 loss=0.5366 lr=3.154e-04 grad_norm=0.207 train_tok_per_s=235187
2026-10-02 00:28:38,633 INFO step=74200 epoch=7 loss=0.5441 lr=3.148e-04 grad_norm=0.204 train_tok_per_s=235188
2026-10-02 00:28:42,140 INFO step=74250 epoch=7 loss=0.5625 lr=3.143e-04 grad_norm=0.208 train_tok_per_s=235188
2026-10-02 00:28:45,648 INFO step=74300 epoch=7 loss=0.5349 lr=3.137e-04 grad_norm=0.196 train_tok_per_s=235189
2026-10-02 00:28:49,153 INFO step=74350 epoch=7 loss=0.5429 lr=3.132e-04 grad_norm=0.199 train_tok_per_s=235189
2026-10-02 00:28:52,663 INFO step=74400 epoch=7 loss=0.5413 lr=3.126e-04 grad_norm=0.207 train_tok_per_s=235190
2026-10-02 00:28:56,168 INFO step=74450 epoch=7 loss=0.5497 lr=3.121e-04 grad_norm=0.203 train_tok_per_s=235190
2026-10-02 00:28:59,675 INFO step=74500 epoch=7 loss=0.5270 lr=3.115e-04 grad_norm=0.196 train_tok_per_s=235191
2026-10-02 00:29:03,186 INFO step=74550 epoch=7 loss=0.5154 lr=3.110e-04 grad_norm=0.203 train_tok_per_s=235191
2026-10-02 00:29:06,695 INFO step=74600 epoch=7 loss=0.5710 lr=3.104e-04 grad_norm=0.216 train_tok_per_s=235192
2026-10-02 00:29:10,206 INFO step=74650 epoch=7 loss=0.5346 lr=3.099e-04 grad_norm=0.208 train_tok_per_s=235192
2026-10-02 00:29:13,713 INFO step=74700 epoch=7 loss=0.5581 lr=3.093e-04 grad_norm=0.202 train_tok_per_s=235193
2026-10-02 00:29:17,219 INFO step=74750 epoch=7 loss=0.5379 lr=3.088e-04 grad_norm=0.202 train_tok_per_s=235193
2026-10-02 00:29:20,726 INFO step=74800 epoch=7 loss=0.5536 lr=3.082e-04 grad_norm=0.207 train_tok_per_s=235194
2026-10-02 00:29:24,238 INFO step=74850 epoch=7 loss=0.5171 lr=3.077e-04 grad_norm=0.200 train_tok_per_s=235194
2026-10-02 00:29:27,744 INFO step=74900 epoch=7 loss=0.5291 lr=3.071e-04 grad_norm=0.202 train_tok_per_s=235195
2026-10-02 00:29:31,254 INFO step=74950 epoch=7 loss=0.5425 lr=3.066e-04 grad_norm=0.210 train_tok_per_s=235195
2026-10-02 00:29:34,762 INFO step=75000 epoch=7 loss=0.5428 lr=3.060e-04 grad_norm=0.205 train_tok_per_s=235196
2026-10-02 00:29:39,381 INFO step=75000 eval val_loss(partial 100 batches)=0.5319
2026-10-02 00:29:42,888 INFO step=75050 epoch=7 loss=0.5676 lr=3.055e-04 grad_norm=0.199 train_tok_per_s=235197
2026-10-02 00:29:46,396 INFO step=75100 epoch=7 loss=0.5368 lr=3.049e-04 grad_norm=0.212 train_tok_per_s=235197
2026-10-02 00:29:49,901 INFO step=75150 epoch=7 loss=0.5608 lr=3.044e-04 grad_norm=0.204 train_tok_per_s=235198
2026-10-02 00:29:53,410 INFO step=75200 epoch=7 loss=0.5783 lr=3.038e-04 grad_norm=0.215 train_tok_per_s=235198
2026-10-02 00:29:56,917 INFO step=75250 epoch=7 loss=0.5797 lr=3.033e-04 grad_norm=0.215 train_tok_per_s=235199
2026-10-02 00:30:00,424 INFO step=75300 epoch=7 loss=0.5506 lr=3.027e-04 grad_norm=0.208 train_tok_per_s=235199
2026-10-02 00:30:03,931 INFO step=75350 epoch=7 loss=0.5402 lr=3.022e-04 grad_norm=0.209 train_tok_per_s=235200
2026-10-02 00:30:07,440 INFO step=75400 epoch=7 loss=0.5258 lr=3.016e-04 grad_norm=0.200 train_tok_per_s=235200
2026-10-02 00:30:10,948 INFO step=75450 epoch=7 loss=0.5376 lr=3.011e-04 grad_norm=0.203 train_tok_per_s=235201
2026-10-02 00:30:14,453 INFO step=75500 epoch=7 loss=0.5653 lr=3.006e-04 grad_norm=0.205 train_tok_per_s=235201
2026-10-02 00:30:17,960 INFO step=75550 epoch=7 loss=0.5259 lr=3.000e-04 grad_norm=0.219 train_tok_per_s=235202
2026-10-02 00:30:21,465 INFO step=75600 epoch=7 loss=0.5114 lr=2.995e-04 grad_norm=0.207 train_tok_per_s=235203
2026-10-02 00:30:24,971 INFO step=75650 epoch=7 loss=0.5488 lr=2.989e-04 grad_norm=0.208 train_tok_per_s=235203
2026-10-02 00:30:28,479 INFO step=75700 epoch=7 loss=0.5323 lr=2.984e-04 grad_norm=0.196 train_tok_per_s=235204
2026-10-02 00:30:31,987 INFO step=75750 epoch=7 loss=0.5332 lr=2.979e-04 grad_norm=0.212 train_tok_per_s=235204
2026-10-02 00:30:35,491 INFO step=75800 epoch=7 loss=0.5402 lr=2.973e-04 grad_norm=0.204 train_tok_per_s=235205
2026-10-02 00:30:38,995 INFO step=75850 epoch=7 loss=0.5202 lr=2.968e-04 grad_norm=0.195 train_tok_per_s=235205
2026-10-02 00:30:42,501 INFO step=75900 epoch=7 loss=0.5323 lr=2.962e-04 grad_norm=0.200 train_tok_per_s=235206
2026-10-02 00:30:46,005 INFO step=75950 epoch=7 loss=0.5207 lr=2.957e-04 grad_norm=0.201 train_tok_per_s=235207
2026-10-02 00:30:49,512 INFO step=76000 epoch=7 loss=0.5458 lr=2.952e-04 grad_norm=0.217 train_tok_per_s=235207
2026-10-02 00:30:54,124 INFO step=76000 eval val_loss(partial 100 batches)=0.5314
2026-10-02 00:30:57,631 INFO step=76050 epoch=7 loss=0.5395 lr=2.946e-04 grad_norm=0.202 train_tok_per_s=235208
2026-10-02 00:31:01,144 INFO step=76100 epoch=7 loss=0.5504 lr=2.941e-04 grad_norm=0.203 train_tok_per_s=235208
2026-10-02 00:31:04,666 INFO step=76150 epoch=7 loss=0.5580 lr=2.936e-04 grad_norm=0.219 train_tok_per_s=235208
2026-10-02 00:31:08,173 INFO step=76200 epoch=7 loss=0.5627 lr=2.930e-04 grad_norm=0.214 train_tok_per_s=235208
2026-10-02 00:31:11,678 INFO step=76250 epoch=7 loss=0.5394 lr=2.925e-04 grad_norm=0.200 train_tok_per_s=235209
2026-10-02 00:31:15,184 INFO step=76300 epoch=7 loss=0.5174 lr=2.919e-04 grad_norm=0.201 train_tok_per_s=235210
2026-10-02 00:31:18,690 INFO step=76350 epoch=7 loss=0.5221 lr=2.914e-04 grad_norm=0.203 train_tok_per_s=235210
2026-10-02 00:31:22,197 INFO step=76400 epoch=7 loss=0.5460 lr=2.909e-04 grad_norm=0.215 train_tok_per_s=235211
2026-10-02 00:31:25,705 INFO step=76450 epoch=7 loss=0.5327 lr=2.904e-04 grad_norm=0.203 train_tok_per_s=235211
2026-10-02 00:31:29,212 INFO step=76500 epoch=7 loss=0.5584 lr=2.898e-04 grad_norm=0.215 train_tok_per_s=235212
2026-10-02 00:31:32,724 INFO step=76550 epoch=7 loss=0.5285 lr=2.893e-04 grad_norm=0.207 train_tok_per_s=235212
2026-10-02 00:31:36,232 INFO step=76600 epoch=7 loss=0.5460 lr=2.888e-04 grad_norm=0.211 train_tok_per_s=235213
2026-10-02 00:32:02,138 INFO epoch=7 train_loss_running=0.5471 train_loss_eval=0.5141 val_loss=0.5317 val_acc=0.8292 elapsed_s=5923
2026-10-02 00:32:02,181 INFO epoch=7 new best val_loss=0.5317 -> checkpoints/full_run01/best.pt
2026-10-02 00:32:05,229 INFO step=76650 epoch=8 loss=0.5266 lr=2.882e-04 grad_norm=0.209 train_tok_per_s=235213
2026-10-02 00:32:08,734 INFO step=76700 epoch=8 loss=0.5390 lr=2.877e-04 grad_norm=0.209 train_tok_per_s=235214
2026-10-02 00:32:12,239 INFO step=76750 epoch=8 loss=0.5604 lr=2.872e-04 grad_norm=0.217 train_tok_per_s=235215
2026-10-02 00:32:15,749 INFO step=76800 epoch=8 loss=0.5492 lr=2.866e-04 grad_norm=0.214 train_tok_per_s=235215
2026-10-02 00:32:19,258 INFO step=76850 epoch=8 loss=0.5527 lr=2.861e-04 grad_norm=0.214 train_tok_per_s=235215
2026-10-02 00:32:22,762 INFO step=76900 epoch=8 loss=0.5495 lr=2.856e-04 grad_norm=0.211 train_tok_per_s=235216
2026-10-02 00:32:26,271 INFO step=76950 epoch=8 loss=0.5336 lr=2.851e-04 grad_norm=0.217 train_tok_per_s=235216
2026-10-02 00:32:29,834 INFO step=77000 epoch=8 loss=0.5490 lr=2.845e-04 grad_norm=0.212 train_tok_per_s=235214
2026-10-02 00:32:34,541 INFO step=77000 eval val_loss(partial 100 batches)=0.5306
2026-10-02 00:32:38,065 INFO step=77050 epoch=8 loss=0.5246 lr=2.840e-04 grad_norm=0.224 train_tok_per_s=235214
2026-10-02 00:32:41,598 INFO step=77100 epoch=8 loss=0.5463 lr=2.835e-04 grad_norm=0.213 train_tok_per_s=235214
2026-10-02 00:32:45,108 INFO step=77150 epoch=8 loss=0.5356 lr=2.830e-04 grad_norm=0.209 train_tok_per_s=235214
2026-10-02 00:32:48,618 INFO step=77200 epoch=8 loss=0.5340 lr=2.824e-04 grad_norm=0.208 train_tok_per_s=235214
2026-10-02 00:32:52,139 INFO step=77250 epoch=8 loss=0.5593 lr=2.819e-04 grad_norm=0.221 train_tok_per_s=235214
2026-10-02 00:32:55,651 INFO step=77300 epoch=8 loss=0.5302 lr=2.814e-04 grad_norm=0.204 train_tok_per_s=235215
2026-10-02 00:32:59,173 INFO step=77350 epoch=8 loss=0.5365 lr=2.809e-04 grad_norm=0.221 train_tok_per_s=235214
2026-10-02 00:33:02,683 INFO step=77400 epoch=8 loss=0.5232 lr=2.803e-04 grad_norm=0.212 train_tok_per_s=235215
2026-10-02 00:33:06,208 INFO step=77450 epoch=8 loss=0.5398 lr=2.798e-04 grad_norm=0.213 train_tok_per_s=235214
2026-10-02 00:33:09,722 INFO step=77500 epoch=8 loss=0.5416 lr=2.793e-04 grad_norm=0.211 train_tok_per_s=235215
2026-10-02 00:33:13,251 INFO step=77550 epoch=8 loss=0.5613 lr=2.788e-04 grad_norm=0.219 train_tok_per_s=235214
2026-10-02 00:33:16,769 INFO step=77600 epoch=8 loss=0.5306 lr=2.783e-04 grad_norm=0.205 train_tok_per_s=235214
2026-10-02 00:33:20,364 INFO step=77650 epoch=8 loss=0.5496 lr=2.777e-04 grad_norm=0.215 train_tok_per_s=235211
2026-10-02 00:33:23,900 INFO step=77700 epoch=8 loss=0.5144 lr=2.772e-04 grad_norm=0.207 train_tok_per_s=235210
2026-10-02 00:33:27,417 INFO step=77750 epoch=8 loss=0.5347 lr=2.767e-04 grad_norm=0.207 train_tok_per_s=235210
2026-10-02 00:33:30,928 INFO step=77800 epoch=8 loss=0.5362 lr=2.762e-04 grad_norm=0.214 train_tok_per_s=235211
2026-10-02 00:33:34,436 INFO step=77850 epoch=8 loss=0.5294 lr=2.757e-04 grad_norm=0.206 train_tok_per_s=235211
2026-10-02 00:33:37,948 INFO step=77900 epoch=8 loss=0.5260 lr=2.751e-04 grad_norm=0.210 train_tok_per_s=235211
2026-10-02 00:33:41,474 INFO step=77950 epoch=8 loss=0.5514 lr=2.746e-04 grad_norm=0.213 train_tok_per_s=235211
2026-10-02 00:33:44,993 INFO step=78000 epoch=8 loss=0.5220 lr=2.741e-04 grad_norm=0.208 train_tok_per_s=235211
2026-10-02 00:33:49,614 INFO step=78000 eval val_loss(partial 100 batches)=0.5292
2026-10-02 00:33:53,132 INFO step=78050 epoch=8 loss=0.5355 lr=2.736e-04 grad_norm=0.210 train_tok_per_s=235211
2026-10-02 00:33:56,641 INFO step=78100 epoch=8 loss=0.5583 lr=2.731e-04 grad_norm=0.222 train_tok_per_s=235211
2026-10-02 00:34:00,154 INFO step=78150 epoch=8 loss=0.5291 lr=2.726e-04 grad_norm=0.216 train_tok_per_s=235211
2026-10-02 00:34:03,697 INFO step=78200 epoch=8 loss=0.5289 lr=2.721e-04 grad_norm=0.209 train_tok_per_s=235210
2026-10-02 00:34:07,207 INFO step=78250 epoch=8 loss=0.5498 lr=2.715e-04 grad_norm=0.223 train_tok_per_s=235211
2026-10-02 00:34:10,724 INFO step=78300 epoch=8 loss=0.5499 lr=2.710e-04 grad_norm=0.216 train_tok_per_s=235211
2026-10-02 00:34:14,262 INFO step=78350 epoch=8 loss=0.5353 lr=2.705e-04 grad_norm=0.210 train_tok_per_s=235210
2026-10-02 00:34:17,773 INFO step=78400 epoch=8 loss=0.5101 lr=2.700e-04 grad_norm=0.209 train_tok_per_s=235211
2026-10-02 00:34:21,284 INFO step=78450 epoch=8 loss=0.5605 lr=2.695e-04 grad_norm=0.222 train_tok_per_s=235211
2026-10-02 00:34:24,799 INFO step=78500 epoch=8 loss=0.5230 lr=2.690e-04 grad_norm=0.212 train_tok_per_s=235211
2026-10-02 00:34:28,304 INFO step=78550 epoch=8 loss=0.5477 lr=2.685e-04 grad_norm=0.227 train_tok_per_s=235212
2026-10-02 00:34:31,807 INFO step=78600 epoch=8 loss=0.5307 lr=2.680e-04 grad_norm=0.216 train_tok_per_s=235212
2026-10-02 00:34:35,309 INFO step=78650 epoch=8 loss=0.5341 lr=2.675e-04 grad_norm=0.215 train_tok_per_s=235213
2026-10-02 00:34:38,810 INFO step=78700 epoch=8 loss=0.5411 lr=2.670e-04 grad_norm=0.219 train_tok_per_s=235214
2026-10-02 00:34:42,315 INFO step=78750 epoch=8 loss=0.5245 lr=2.665e-04 grad_norm=0.220 train_tok_per_s=235214
2026-10-02 00:34:45,823 INFO step=78800 epoch=8 loss=0.5518 lr=2.659e-04 grad_norm=0.224 train_tok_per_s=235215
2026-10-02 00:34:49,335 INFO step=78850 epoch=8 loss=0.5489 lr=2.654e-04 grad_norm=0.224 train_tok_per_s=235215
2026-10-02 00:34:52,844 INFO step=78900 epoch=8 loss=0.5321 lr=2.649e-04 grad_norm=0.214 train_tok_per_s=235215
2026-10-02 00:34:56,351 INFO step=78950 epoch=8 loss=0.5510 lr=2.644e-04 grad_norm=0.224 train_tok_per_s=235216
2026-10-02 00:34:59,859 INFO step=79000 epoch=8 loss=0.5307 lr=2.639e-04 grad_norm=0.209 train_tok_per_s=235216
2026-10-02 00:35:04,477 INFO step=79000 eval val_loss(partial 100 batches)=0.5284
2026-10-02 00:35:07,987 INFO step=79050 epoch=8 loss=0.5456 lr=2.634e-04 grad_norm=0.219 train_tok_per_s=235217
2026-10-02 00:35:11,493 INFO step=79100 epoch=8 loss=0.5314 lr=2.629e-04 grad_norm=0.220 train_tok_per_s=235217
2026-10-02 00:35:15,003 INFO step=79150 epoch=8 loss=0.5339 lr=2.624e-04 grad_norm=0.229 train_tok_per_s=235218
2026-10-02 00:35:18,510 INFO step=79200 epoch=8 loss=0.5592 lr=2.619e-04 grad_norm=0.212 train_tok_per_s=235218
2026-10-02 00:35:22,017 INFO step=79250 epoch=8 loss=0.5225 lr=2.614e-04 grad_norm=0.217 train_tok_per_s=235219
2026-10-02 00:35:25,518 INFO step=79300 epoch=8 loss=0.5540 lr=2.609e-04 grad_norm=0.222 train_tok_per_s=235219
2026-10-02 00:35:29,020 INFO step=79350 epoch=8 loss=0.5249 lr=2.604e-04 grad_norm=0.217 train_tok_per_s=235220
2026-10-02 00:35:32,522 INFO step=79400 epoch=8 loss=0.5322 lr=2.599e-04 grad_norm=0.209 train_tok_per_s=235221
2026-10-02 00:35:36,026 INFO step=79450 epoch=8 loss=0.5141 lr=2.594e-04 grad_norm=0.207 train_tok_per_s=235221
2026-10-02 00:35:39,532 INFO step=79500 epoch=8 loss=0.5221 lr=2.589e-04 grad_norm=0.222 train_tok_per_s=235222
2026-10-02 00:35:43,042 INFO step=79550 epoch=8 loss=0.5349 lr=2.584e-04 grad_norm=0.206 train_tok_per_s=235222
2026-10-02 00:35:46,553 INFO step=79600 epoch=8 loss=0.4975 lr=2.579e-04 grad_norm=0.204 train_tok_per_s=235223
2026-10-02 00:35:50,058 INFO step=79650 epoch=8 loss=0.5340 lr=2.574e-04 grad_norm=0.213 train_tok_per_s=235223
2026-10-02 00:35:53,568 INFO step=79700 epoch=8 loss=0.5261 lr=2.569e-04 grad_norm=0.214 train_tok_per_s=235224
2026-10-02 00:35:57,072 INFO step=79750 epoch=8 loss=0.5620 lr=2.565e-04 grad_norm=0.234 train_tok_per_s=235224
2026-10-02 00:36:00,578 INFO step=79800 epoch=8 loss=0.5541 lr=2.560e-04 grad_norm=0.222 train_tok_per_s=235225
2026-10-02 00:36:04,082 INFO step=79850 epoch=8 loss=0.5610 lr=2.555e-04 grad_norm=0.226 train_tok_per_s=235226
2026-10-02 00:36:07,589 INFO step=79900 epoch=8 loss=0.5485 lr=2.550e-04 grad_norm=0.226 train_tok_per_s=235226
2026-10-02 00:36:11,096 INFO step=79950 epoch=8 loss=0.5545 lr=2.545e-04 grad_norm=0.215 train_tok_per_s=235227
2026-10-02 00:36:14,603 INFO step=80000 epoch=8 loss=0.5513 lr=2.540e-04 grad_norm=0.218 train_tok_per_s=235227
2026-10-02 00:36:19,220 INFO step=80000 eval val_loss(partial 100 batches)=0.5278
2026-10-02 00:36:22,734 INFO step=80050 epoch=8 loss=0.5530 lr=2.535e-04 grad_norm=0.218 train_tok_per_s=235227
2026-10-02 00:36:26,259 INFO step=80100 epoch=8 loss=0.5513 lr=2.530e-04 grad_norm=0.222 train_tok_per_s=235227
2026-10-02 00:36:29,782 INFO step=80150 epoch=8 loss=0.5347 lr=2.525e-04 grad_norm=0.227 train_tok_per_s=235227
2026-10-02 00:36:33,327 INFO step=80200 epoch=8 loss=0.5400 lr=2.520e-04 grad_norm=0.211 train_tok_per_s=235226
2026-10-02 00:36:36,872 INFO step=80250 epoch=8 loss=0.5383 lr=2.515e-04 grad_norm=0.222 train_tok_per_s=235225
2026-10-02 00:36:40,386 INFO step=80300 epoch=8 loss=0.5429 lr=2.511e-04 grad_norm=0.215 train_tok_per_s=235225
2026-10-02 00:36:43,894 INFO step=80350 epoch=8 loss=0.5202 lr=2.506e-04 grad_norm=0.215 train_tok_per_s=235225
2026-10-02 00:36:47,399 INFO step=80400 epoch=8 loss=0.5484 lr=2.501e-04 grad_norm=0.226 train_tok_per_s=235226
2026-10-02 00:36:50,913 INFO step=80450 epoch=8 loss=0.5205 lr=2.496e-04 grad_norm=0.214 train_tok_per_s=235226
2026-10-02 00:36:54,421 INFO step=80500 epoch=8 loss=0.5485 lr=2.491e-04 grad_norm=0.222 train_tok_per_s=235227
2026-10-02 00:36:57,927 INFO step=80550 epoch=8 loss=0.5481 lr=2.486e-04 grad_norm=0.216 train_tok_per_s=235227
2026-10-02 00:37:01,435 INFO step=80600 epoch=8 loss=0.5679 lr=2.481e-04 grad_norm=0.226 train_tok_per_s=235228
2026-10-02 00:37:04,942 INFO step=80650 epoch=8 loss=0.5375 lr=2.477e-04 grad_norm=0.218 train_tok_per_s=235228
2026-10-02 00:37:08,446 INFO step=80700 epoch=8 loss=0.5231 lr=2.472e-04 grad_norm=0.212 train_tok_per_s=235229
2026-10-02 00:37:11,951 INFO step=80750 epoch=8 loss=0.5099 lr=2.467e-04 grad_norm=0.205 train_tok_per_s=235229
2026-10-02 00:37:15,458 INFO step=80800 epoch=8 loss=0.5476 lr=2.462e-04 grad_norm=0.222 train_tok_per_s=235230
2026-10-02 00:37:18,963 INFO step=80850 epoch=8 loss=0.5187 lr=2.457e-04 grad_norm=0.213 train_tok_per_s=235230
2026-10-02 00:37:22,468 INFO step=80900 epoch=8 loss=0.5363 lr=2.453e-04 grad_norm=0.218 train_tok_per_s=235231
2026-10-02 00:37:25,974 INFO step=80950 epoch=8 loss=0.5225 lr=2.448e-04 grad_norm=0.219 train_tok_per_s=235231
2026-10-02 00:37:29,475 INFO step=81000 epoch=8 loss=0.5161 lr=2.443e-04 grad_norm=0.215 train_tok_per_s=235232
2026-10-02 00:37:34,185 INFO step=81000 eval val_loss(partial 100 batches)=0.5266
2026-10-02 00:37:37,690 INFO step=81050 epoch=8 loss=0.5539 lr=2.438e-04 grad_norm=0.218 train_tok_per_s=235233
2026-10-02 00:37:41,202 INFO step=81100 epoch=8 loss=0.5373 lr=2.433e-04 grad_norm=0.210 train_tok_per_s=235233
2026-10-02 00:37:44,707 INFO step=81150 epoch=8 loss=0.5261 lr=2.429e-04 grad_norm=0.216 train_tok_per_s=235234
2026-10-02 00:37:48,217 INFO step=81200 epoch=8 loss=0.5475 lr=2.424e-04 grad_norm=0.225 train_tok_per_s=235234
2026-10-02 00:37:51,724 INFO step=81250 epoch=8 loss=0.5439 lr=2.419e-04 grad_norm=0.225 train_tok_per_s=235235
2026-10-02 00:37:55,228 INFO step=81300 epoch=8 loss=0.5450 lr=2.414e-04 grad_norm=0.227 train_tok_per_s=235235
2026-10-02 00:37:58,732 INFO step=81350 epoch=8 loss=0.5196 lr=2.410e-04 grad_norm=0.217 train_tok_per_s=235236
2026-10-02 00:38:02,236 INFO step=81400 epoch=8 loss=0.5297 lr=2.405e-04 grad_norm=0.229 train_tok_per_s=235236
2026-10-02 00:38:05,739 INFO step=81450 epoch=8 loss=0.5190 lr=2.400e-04 grad_norm=0.221 train_tok_per_s=235237
2026-10-02 00:38:09,248 INFO step=81500 epoch=8 loss=0.5320 lr=2.395e-04 grad_norm=0.224 train_tok_per_s=235237
2026-10-02 00:38:12,759 INFO step=81550 epoch=8 loss=0.5182 lr=2.391e-04 grad_norm=0.212 train_tok_per_s=235238
2026-10-02 00:38:16,270 INFO step=81600 epoch=8 loss=0.5368 lr=2.386e-04 grad_norm=0.220 train_tok_per_s=235238
2026-10-02 00:38:19,779 INFO step=81650 epoch=8 loss=0.5236 lr=2.381e-04 grad_norm=0.223 train_tok_per_s=235238
2026-10-02 00:38:23,285 INFO step=81700 epoch=8 loss=0.5537 lr=2.377e-04 grad_norm=0.219 train_tok_per_s=235239
2026-10-02 00:38:26,792 INFO step=81750 epoch=8 loss=0.5154 lr=2.372e-04 grad_norm=0.216 train_tok_per_s=235239
2026-10-02 00:38:30,301 INFO step=81800 epoch=8 loss=0.5200 lr=2.367e-04 grad_norm=0.211 train_tok_per_s=235240
2026-10-02 00:38:33,809 INFO step=81850 epoch=8 loss=0.5449 lr=2.363e-04 grad_norm=0.231 train_tok_per_s=235240
2026-10-02 00:38:37,316 INFO step=81900 epoch=8 loss=0.4984 lr=2.358e-04 grad_norm=0.207 train_tok_per_s=235241
2026-10-02 00:38:40,825 INFO step=81950 epoch=8 loss=0.5435 lr=2.353e-04 grad_norm=0.220 train_tok_per_s=235241
2026-10-02 00:38:44,332 INFO step=82000 epoch=8 loss=0.5392 lr=2.349e-04 grad_norm=0.228 train_tok_per_s=235242
2026-10-02 00:38:48,949 INFO step=82000 eval val_loss(partial 100 batches)=0.5253
2026-10-02 00:38:52,455 INFO step=82050 epoch=8 loss=0.5277 lr=2.344e-04 grad_norm=0.219 train_tok_per_s=235242
2026-10-02 00:38:55,960 INFO step=82100 epoch=8 loss=0.5242 lr=2.339e-04 grad_norm=0.221 train_tok_per_s=235243
2026-10-02 00:38:59,468 INFO step=82150 epoch=8 loss=0.5493 lr=2.335e-04 grad_norm=0.231 train_tok_per_s=235243
2026-10-02 00:39:02,973 INFO step=82200 epoch=8 loss=0.5192 lr=2.330e-04 grad_norm=0.223 train_tok_per_s=235244
2026-10-02 00:39:06,480 INFO step=82250 epoch=8 loss=0.5198 lr=2.325e-04 grad_norm=0.214 train_tok_per_s=235244
2026-10-02 00:39:09,983 INFO step=82300 epoch=8 loss=0.5373 lr=2.321e-04 grad_norm=0.213 train_tok_per_s=235245
2026-10-02 00:39:13,491 INFO step=82350 epoch=8 loss=0.5244 lr=2.316e-04 grad_norm=0.211 train_tok_per_s=235245
2026-10-02 00:39:17,000 INFO step=82400 epoch=8 loss=0.4916 lr=2.312e-04 grad_norm=0.213 train_tok_per_s=235246
2026-10-02 00:39:20,505 INFO step=82450 epoch=8 loss=0.5501 lr=2.307e-04 grad_norm=0.219 train_tok_per_s=235246
2026-10-02 00:39:24,021 INFO step=82500 epoch=8 loss=0.5393 lr=2.302e-04 grad_norm=0.229 train_tok_per_s=235246
2026-10-02 00:39:27,527 INFO step=82550 epoch=8 loss=0.5240 lr=2.298e-04 grad_norm=0.238 train_tok_per_s=235247
2026-10-02 00:39:31,030 INFO step=82600 epoch=8 loss=0.5298 lr=2.293e-04 grad_norm=0.222 train_tok_per_s=235248
2026-10-02 00:39:34,536 INFO step=82650 epoch=8 loss=0.5383 lr=2.289e-04 grad_norm=0.225 train_tok_per_s=235248
2026-10-02 00:39:38,047 INFO step=82700 epoch=8 loss=0.5478 lr=2.284e-04 grad_norm=0.230 train_tok_per_s=235248
2026-10-02 00:39:41,562 INFO step=82750 epoch=8 loss=0.5559 lr=2.280e-04 grad_norm=0.225 train_tok_per_s=235249
2026-10-02 00:39:45,147 INFO step=82800 epoch=8 loss=0.5191 lr=2.275e-04 grad_norm=0.225 train_tok_per_s=235246
2026-10-02 00:39:48,695 INFO step=82850 epoch=8 loss=0.5540 lr=2.270e-04 grad_norm=0.229 train_tok_per_s=235245
2026-10-02 00:39:52,203 INFO step=82900 epoch=8 loss=0.5494 lr=2.266e-04 grad_norm=0.238 train_tok_per_s=235245
2026-10-02 00:39:55,715 INFO step=82950 epoch=8 loss=0.5034 lr=2.261e-04 grad_norm=0.218 train_tok_per_s=235245
2026-10-02 00:39:59,224 INFO step=83000 epoch=8 loss=0.5222 lr=2.257e-04 grad_norm=0.215 train_tok_per_s=235246
2026-10-02 00:40:03,844 INFO step=83000 eval val_loss(partial 100 batches)=0.5245
2026-10-02 00:40:07,352 INFO step=83050 epoch=8 loss=0.5613 lr=2.252e-04 grad_norm=0.232 train_tok_per_s=235246
2026-10-02 00:40:10,880 INFO step=83100 epoch=8 loss=0.5483 lr=2.248e-04 grad_norm=0.230 train_tok_per_s=235246
2026-10-02 00:40:14,384 INFO step=83150 epoch=8 loss=0.5255 lr=2.243e-04 grad_norm=0.231 train_tok_per_s=235246
2026-10-02 00:40:17,893 INFO step=83200 epoch=8 loss=0.5302 lr=2.239e-04 grad_norm=0.221 train_tok_per_s=235247
2026-10-02 00:40:21,399 INFO step=83250 epoch=8 loss=0.5403 lr=2.234e-04 grad_norm=0.226 train_tok_per_s=235247
2026-10-02 00:40:24,905 INFO step=83300 epoch=8 loss=0.5379 lr=2.230e-04 grad_norm=0.230 train_tok_per_s=235248
2026-10-02 00:40:28,421 INFO step=83350 epoch=8 loss=0.5237 lr=2.225e-04 grad_norm=0.227 train_tok_per_s=235248
2026-10-02 00:40:31,929 INFO step=83400 epoch=8 loss=0.5353 lr=2.221e-04 grad_norm=0.218 train_tok_per_s=235248
2026-10-02 00:40:35,435 INFO step=83450 epoch=8 loss=0.5702 lr=2.216e-04 grad_norm=0.249 train_tok_per_s=235249
2026-10-02 00:40:38,948 INFO step=83500 epoch=8 loss=0.5457 lr=2.212e-04 grad_norm=0.225 train_tok_per_s=235249
2026-10-02 00:40:42,464 INFO step=83550 epoch=8 loss=0.5478 lr=2.208e-04 grad_norm=0.233 train_tok_per_s=235249
2026-10-02 00:40:45,971 INFO step=83600 epoch=8 loss=0.5729 lr=2.203e-04 grad_norm=0.241 train_tok_per_s=235250
2026-10-02 00:40:49,476 INFO step=83650 epoch=8 loss=0.5149 lr=2.199e-04 grad_norm=0.223 train_tok_per_s=235250
2026-10-02 00:40:52,983 INFO step=83700 epoch=8 loss=0.5341 lr=2.194e-04 grad_norm=0.223 train_tok_per_s=235251
2026-10-02 00:40:56,491 INFO step=83750 epoch=8 loss=0.5228 lr=2.190e-04 grad_norm=0.232 train_tok_per_s=235251
2026-10-02 00:40:59,996 INFO step=83800 epoch=8 loss=0.5507 lr=2.185e-04 grad_norm=0.227 train_tok_per_s=235252
2026-10-02 00:41:03,505 INFO step=83850 epoch=8 loss=0.5501 lr=2.181e-04 grad_norm=0.225 train_tok_per_s=235252
2026-10-02 00:41:07,011 INFO step=83900 epoch=8 loss=0.5284 lr=2.177e-04 grad_norm=0.232 train_tok_per_s=235253
2026-10-02 00:41:10,515 INFO step=83950 epoch=8 loss=0.5419 lr=2.172e-04 grad_norm=0.227 train_tok_per_s=235253
2026-10-02 00:41:14,022 INFO step=84000 epoch=8 loss=0.5422 lr=2.168e-04 grad_norm=0.233 train_tok_per_s=235254
2026-10-02 00:41:18,637 INFO step=84000 eval val_loss(partial 100 batches)=0.5238
2026-10-02 00:41:22,141 INFO step=84050 epoch=8 loss=0.5291 lr=2.163e-04 grad_norm=0.231 train_tok_per_s=235254
2026-10-02 00:41:25,654 INFO step=84100 epoch=8 loss=0.5358 lr=2.159e-04 grad_norm=0.222 train_tok_per_s=235254
2026-10-02 00:41:29,157 INFO step=84150 epoch=8 loss=0.5325 lr=2.155e-04 grad_norm=0.221 train_tok_per_s=235255
2026-10-02 00:41:32,665 INFO step=84200 epoch=8 loss=0.5364 lr=2.150e-04 grad_norm=0.228 train_tok_per_s=235256
2026-10-02 00:41:36,172 INFO step=84250 epoch=8 loss=0.5204 lr=2.146e-04 grad_norm=0.219 train_tok_per_s=235256
2026-10-02 00:41:39,678 INFO step=84300 epoch=8 loss=0.4829 lr=2.142e-04 grad_norm=0.209 train_tok_per_s=235257
2026-10-02 00:41:43,183 INFO step=84350 epoch=8 loss=0.5494 lr=2.137e-04 grad_norm=0.235 train_tok_per_s=235257
2026-10-02 00:41:46,696 INFO step=84400 epoch=8 loss=0.5316 lr=2.133e-04 grad_norm=0.221 train_tok_per_s=235257
2026-10-02 00:41:50,200 INFO step=84450 epoch=8 loss=0.5258 lr=2.129e-04 grad_norm=0.224 train_tok_per_s=235258
2026-10-02 00:41:53,705 INFO step=84500 epoch=8 loss=0.5291 lr=2.124e-04 grad_norm=0.223 train_tok_per_s=235258
2026-10-02 00:41:57,207 INFO step=84550 epoch=8 loss=0.5182 lr=2.120e-04 grad_norm=0.230 train_tok_per_s=235259
2026-10-02 00:42:00,711 INFO step=84600 epoch=8 loss=0.5362 lr=2.116e-04 grad_norm=0.232 train_tok_per_s=235259
2026-10-02 00:42:04,214 INFO step=84650 epoch=8 loss=0.5033 lr=2.111e-04 grad_norm=0.213 train_tok_per_s=235260
2026-10-02 00:42:07,722 INFO step=84700 epoch=8 loss=0.5253 lr=2.107e-04 grad_norm=0.229 train_tok_per_s=235260
2026-10-02 00:42:11,226 INFO step=84750 epoch=8 loss=0.5299 lr=2.103e-04 grad_norm=0.223 train_tok_per_s=235261
2026-10-02 00:42:14,729 INFO step=84800 epoch=8 loss=0.5407 lr=2.099e-04 grad_norm=0.226 train_tok_per_s=235262
2026-10-02 00:42:18,234 INFO step=84850 epoch=8 loss=0.5083 lr=2.094e-04 grad_norm=0.220 train_tok_per_s=235262
2026-10-02 00:42:21,740 INFO step=84900 epoch=8 loss=0.5313 lr=2.090e-04 grad_norm=0.226 train_tok_per_s=235263
2026-10-02 00:42:25,245 INFO step=84950 epoch=8 loss=0.5133 lr=2.086e-04 grad_norm=0.230 train_tok_per_s=235263
2026-10-02 00:42:28,753 INFO step=85000 epoch=8 loss=0.5258 lr=2.082e-04 grad_norm=0.241 train_tok_per_s=235263
2026-10-02 00:42:33,373 INFO step=85000 eval val_loss(partial 100 batches)=0.5235
2026-10-02 00:42:36,880 INFO step=85050 epoch=8 loss=0.5146 lr=2.077e-04 grad_norm=0.230 train_tok_per_s=235264
2026-10-02 00:42:40,387 INFO step=85100 epoch=8 loss=0.4980 lr=2.073e-04 grad_norm=0.223 train_tok_per_s=235264
2026-10-02 00:42:43,893 INFO step=85150 epoch=8 loss=0.5508 lr=2.069e-04 grad_norm=0.239 train_tok_per_s=235265
2026-10-02 00:42:47,404 INFO step=85200 epoch=8 loss=0.5466 lr=2.065e-04 grad_norm=0.242 train_tok_per_s=235265
2026-10-02 00:42:50,927 INFO step=85250 epoch=8 loss=0.5108 lr=2.061e-04 grad_norm=0.212 train_tok_per_s=235265
2026-10-02 00:42:54,431 INFO step=85300 epoch=8 loss=0.5133 lr=2.056e-04 grad_norm=0.224 train_tok_per_s=235266
2026-10-02 00:42:57,994 INFO step=85350 epoch=8 loss=0.5109 lr=2.052e-04 grad_norm=0.223 train_tok_per_s=235264
2026-10-02 00:43:01,547 INFO step=85400 epoch=8 loss=0.5297 lr=2.048e-04 grad_norm=0.217 train_tok_per_s=235262
2026-10-02 00:43:05,056 INFO step=85450 epoch=8 loss=0.5169 lr=2.044e-04 grad_norm=0.227 train_tok_per_s=235263
2026-10-02 00:43:08,562 INFO step=85500 epoch=8 loss=0.5248 lr=2.040e-04 grad_norm=0.230 train_tok_per_s=235263
2026-10-02 00:43:12,073 INFO step=85550 epoch=8 loss=0.5323 lr=2.035e-04 grad_norm=0.241 train_tok_per_s=235264
2026-10-02 00:43:15,576 INFO step=85600 epoch=8 loss=0.5290 lr=2.031e-04 grad_norm=0.228 train_tok_per_s=235264
2026-10-02 00:43:19,076 INFO step=85650 epoch=8 loss=0.5270 lr=2.027e-04 grad_norm=0.222 train_tok_per_s=235265
2026-10-02 00:43:22,584 INFO step=85700 epoch=8 loss=0.5409 lr=2.023e-04 grad_norm=0.244 train_tok_per_s=235265
2026-10-02 00:43:26,097 INFO step=85750 epoch=8 loss=0.5344 lr=2.019e-04 grad_norm=0.230 train_tok_per_s=235265
2026-10-02 00:43:29,609 INFO step=85800 epoch=8 loss=0.5257 lr=2.015e-04 grad_norm=0.234 train_tok_per_s=235266
2026-10-02 00:43:33,124 INFO step=85850 epoch=8 loss=0.5388 lr=2.011e-04 grad_norm=0.229 train_tok_per_s=235266
2026-10-02 00:43:36,649 INFO step=85900 epoch=8 loss=0.5221 lr=2.007e-04 grad_norm=0.231 train_tok_per_s=235266
2026-10-02 00:43:40,167 INFO step=85950 epoch=8 loss=0.5518 lr=2.002e-04 grad_norm=0.236 train_tok_per_s=235266
2026-10-02 00:43:43,680 INFO step=86000 epoch=8 loss=0.5267 lr=1.998e-04 grad_norm=0.229 train_tok_per_s=235266
2026-10-02 00:43:48,296 INFO step=86000 eval val_loss(partial 100 batches)=0.5218
2026-10-02 00:43:51,806 INFO step=86050 epoch=8 loss=0.5397 lr=1.994e-04 grad_norm=0.231 train_tok_per_s=235266
2026-10-02 00:43:55,323 INFO step=86100 epoch=8 loss=0.5584 lr=1.990e-04 grad_norm=0.238 train_tok_per_s=235266
2026-10-02 00:43:58,829 INFO step=86150 epoch=8 loss=0.5381 lr=1.986e-04 grad_norm=0.234 train_tok_per_s=235267
2026-10-02 00:44:02,342 INFO step=86200 epoch=8 loss=0.5133 lr=1.982e-04 grad_norm=0.232 train_tok_per_s=235267
2026-10-02 00:44:05,854 INFO step=86250 epoch=8 loss=0.5334 lr=1.978e-04 grad_norm=0.226 train_tok_per_s=235267
2026-10-02 00:44:09,359 INFO step=86300 epoch=8 loss=0.5510 lr=1.974e-04 grad_norm=0.234 train_tok_per_s=235268
2026-10-02 00:44:12,865 INFO step=86350 epoch=8 loss=0.5147 lr=1.970e-04 grad_norm=0.227 train_tok_per_s=235268
2026-10-02 00:44:16,371 INFO step=86400 epoch=8 loss=0.5370 lr=1.966e-04 grad_norm=0.220 train_tok_per_s=235269
2026-10-02 00:44:19,878 INFO step=86450 epoch=8 loss=0.5321 lr=1.962e-04 grad_norm=0.229 train_tok_per_s=235269
2026-10-02 00:44:23,382 INFO step=86500 epoch=8 loss=0.5371 lr=1.958e-04 grad_norm=0.223 train_tok_per_s=235270
2026-10-02 00:44:26,888 INFO step=86550 epoch=8 loss=0.5249 lr=1.954e-04 grad_norm=0.228 train_tok_per_s=235270
2026-10-02 00:44:30,391 INFO step=86600 epoch=8 loss=0.5633 lr=1.950e-04 grad_norm=0.230 train_tok_per_s=235271
2026-10-02 00:44:33,894 INFO step=86650 epoch=8 loss=0.5207 lr=1.946e-04 grad_norm=0.221 train_tok_per_s=235271
2026-10-02 00:44:37,403 INFO step=86700 epoch=8 loss=0.5402 lr=1.942e-04 grad_norm=0.232 train_tok_per_s=235271
2026-10-02 00:44:40,911 INFO step=86750 epoch=8 loss=0.5372 lr=1.938e-04 grad_norm=0.234 train_tok_per_s=235272
2026-10-02 00:44:44,417 INFO step=86800 epoch=8 loss=0.5218 lr=1.934e-04 grad_norm=0.235 train_tok_per_s=235272
2026-10-02 00:44:47,922 INFO step=86850 epoch=8 loss=0.5136 lr=1.930e-04 grad_norm=0.227 train_tok_per_s=235273
2026-10-02 00:44:51,431 INFO step=86900 epoch=8 loss=0.5155 lr=1.926e-04 grad_norm=0.232 train_tok_per_s=235273
2026-10-02 00:44:54,937 INFO step=86950 epoch=8 loss=0.5227 lr=1.922e-04 grad_norm=0.230 train_tok_per_s=235274
2026-10-02 00:44:58,442 INFO step=87000 epoch=8 loss=0.5521 lr=1.918e-04 grad_norm=0.239 train_tok_per_s=235274
2026-10-02 00:45:03,060 INFO step=87000 eval val_loss(partial 100 batches)=0.5209
2026-10-02 00:45:06,566 INFO step=87050 epoch=8 loss=0.5346 lr=1.914e-04 grad_norm=0.236 train_tok_per_s=235274
2026-10-02 00:45:10,075 INFO step=87100 epoch=8 loss=0.5525 lr=1.910e-04 grad_norm=0.232 train_tok_per_s=235275
2026-10-02 00:45:13,583 INFO step=87150 epoch=8 loss=0.5378 lr=1.906e-04 grad_norm=0.232 train_tok_per_s=235275
2026-10-02 00:45:17,089 INFO step=87200 epoch=8 loss=0.5308 lr=1.902e-04 grad_norm=0.225 train_tok_per_s=235276
2026-10-02 00:45:20,600 INFO step=87250 epoch=8 loss=0.5290 lr=1.898e-04 grad_norm=0.234 train_tok_per_s=235276
2026-10-02 00:45:24,104 INFO step=87300 epoch=8 loss=0.5357 lr=1.894e-04 grad_norm=0.234 train_tok_per_s=235277
2026-10-02 00:45:27,611 INFO step=87350 epoch=8 loss=0.5187 lr=1.890e-04 grad_norm=0.222 train_tok_per_s=235277
2026-10-02 00:45:31,114 INFO step=87400 epoch=8 loss=0.5564 lr=1.887e-04 grad_norm=0.243 train_tok_per_s=235278
2026-10-02 00:45:34,617 INFO step=87450 epoch=8 loss=0.5113 lr=1.883e-04 grad_norm=0.230 train_tok_per_s=235278
2026-10-02 00:45:38,121 INFO step=87500 epoch=8 loss=0.5444 lr=1.879e-04 grad_norm=0.240 train_tok_per_s=235279
2026-10-02 00:45:41,634 INFO step=87550 epoch=8 loss=0.5557 lr=1.875e-04 grad_norm=0.232 train_tok_per_s=235279
2026-10-02 00:46:07,142 INFO epoch=8 train_loss_running=0.5336 train_loss_eval=0.4999 val_loss=0.5201 val_acc=0.8323 elapsed_s=6768
2026-10-02 00:46:07,184 INFO epoch=8 new best val_loss=0.5201 -> checkpoints/full_run01/best.pt
2026-10-02 00:46:10,714 INFO step=87600 epoch=9 loss=0.5239 lr=1.871e-04 grad_norm=0.238 train_tok_per_s=235277
2026-10-02 00:46:14,220 INFO step=87650 epoch=9 loss=0.5270 lr=1.867e-04 grad_norm=0.232 train_tok_per_s=235277
2026-10-02 00:46:17,723 INFO step=87700 epoch=9 loss=0.5188 lr=1.863e-04 grad_norm=0.231 train_tok_per_s=235278
2026-10-02 00:46:21,228 INFO step=87750 epoch=9 loss=0.5415 lr=1.860e-04 grad_norm=0.235 train_tok_per_s=235278
2026-10-02 00:46:24,733 INFO step=87800 epoch=9 loss=0.5080 lr=1.856e-04 grad_norm=0.235 train_tok_per_s=235279
2026-10-02 00:46:28,244 INFO step=87850 epoch=9 loss=0.5062 lr=1.852e-04 grad_norm=0.226 train_tok_per_s=235279
2026-10-02 00:46:31,751 INFO step=87900 epoch=9 loss=0.5142 lr=1.848e-04 grad_norm=0.239 train_tok_per_s=235280
2026-10-02 00:46:35,255 INFO step=87950 epoch=9 loss=0.5249 lr=1.844e-04 grad_norm=0.238 train_tok_per_s=235280
2026-10-02 00:46:38,759 INFO step=88000 epoch=9 loss=0.5178 lr=1.841e-04 grad_norm=0.241 train_tok_per_s=235281
2026-10-02 00:46:43,367 INFO step=88000 eval val_loss(partial 100 batches)=0.5211
2026-10-02 00:46:46,875 INFO step=88050 epoch=9 loss=0.4919 lr=1.837e-04 grad_norm=0.243 train_tok_per_s=235281
2026-10-02 00:46:50,381 INFO step=88100 epoch=9 loss=0.5118 lr=1.833e-04 grad_norm=0.235 train_tok_per_s=235282
2026-10-02 00:46:53,887 INFO step=88150 epoch=9 loss=0.5357 lr=1.829e-04 grad_norm=0.234 train_tok_per_s=235282
2026-10-02 00:46:57,394 INFO step=88200 epoch=9 loss=0.5503 lr=1.825e-04 grad_norm=0.250 train_tok_per_s=235282
2026-10-02 00:47:00,902 INFO step=88250 epoch=9 loss=0.5118 lr=1.822e-04 grad_norm=0.233 train_tok_per_s=235283
2026-10-02 00:47:04,412 INFO step=88300 epoch=9 loss=0.5094 lr=1.818e-04 grad_norm=0.244 train_tok_per_s=235283
2026-10-02 00:47:07,919 INFO step=88350 epoch=9 loss=0.5212 lr=1.814e-04 grad_norm=0.237 train_tok_per_s=235284
2026-10-02 00:47:11,428 INFO step=88400 epoch=9 loss=0.5294 lr=1.810e-04 grad_norm=0.229 train_tok_per_s=235284
2026-10-02 00:47:14,936 INFO step=88450 epoch=9 loss=0.5296 lr=1.807e-04 grad_norm=0.245 train_tok_per_s=235284
2026-10-02 00:47:18,461 INFO step=88500 epoch=9 loss=0.5130 lr=1.803e-04 grad_norm=0.231 train_tok_per_s=235284
2026-10-02 00:47:21,981 INFO step=88550 epoch=9 loss=0.5114 lr=1.799e-04 grad_norm=0.234 train_tok_per_s=235284
2026-10-02 00:47:25,499 INFO step=88600 epoch=9 loss=0.5275 lr=1.796e-04 grad_norm=0.236 train_tok_per_s=235284
2026-10-02 00:47:29,011 INFO step=88650 epoch=9 loss=0.4949 lr=1.792e-04 grad_norm=0.238 train_tok_per_s=235284
2026-10-02 00:47:32,519 INFO step=88700 epoch=9 loss=0.5522 lr=1.788e-04 grad_norm=0.250 train_tok_per_s=235285
2026-10-02 00:47:36,024 INFO step=88750 epoch=9 loss=0.5487 lr=1.784e-04 grad_norm=0.251 train_tok_per_s=235285
2026-10-02 00:47:39,530 INFO step=88800 epoch=9 loss=0.5381 lr=1.781e-04 grad_norm=0.229 train_tok_per_s=235286
2026-10-02 00:47:43,041 INFO step=88850 epoch=9 loss=0.5392 lr=1.777e-04 grad_norm=0.235 train_tok_per_s=235286
2026-10-02 00:47:46,546 INFO step=88900 epoch=9 loss=0.5132 lr=1.773e-04 grad_norm=0.231 train_tok_per_s=235286
2026-10-02 00:47:50,063 INFO step=88950 epoch=9 loss=0.5186 lr=1.770e-04 grad_norm=0.234 train_tok_per_s=235286
2026-10-02 00:47:53,570 INFO step=89000 epoch=9 loss=0.5476 lr=1.766e-04 grad_norm=0.244 train_tok_per_s=235287
2026-10-02 00:47:58,188 INFO step=89000 eval val_loss(partial 100 batches)=0.5201
2026-10-02 00:48:01,697 INFO step=89050 epoch=9 loss=0.5309 lr=1.763e-04 grad_norm=0.239 train_tok_per_s=235287
2026-10-02 00:48:05,203 INFO step=89100 epoch=9 loss=0.5286 lr=1.759e-04 grad_norm=0.242 train_tok_per_s=235288
2026-10-02 00:48:08,707 INFO step=89150 epoch=9 loss=0.5202 lr=1.755e-04 grad_norm=0.247 train_tok_per_s=235288
2026-10-02 00:48:12,212 INFO step=89200 epoch=9 loss=0.5263 lr=1.752e-04 grad_norm=0.239 train_tok_per_s=235289
2026-10-02 00:48:15,716 INFO step=89250 epoch=9 loss=0.5087 lr=1.748e-04 grad_norm=0.245 train_tok_per_s=235289
2026-10-02 00:48:19,281 INFO step=89300 epoch=9 loss=0.5345 lr=1.745e-04 grad_norm=0.240 train_tok_per_s=235287
2026-10-02 00:48:22,786 INFO step=89350 epoch=9 loss=0.5042 lr=1.741e-04 grad_norm=0.237 train_tok_per_s=235288
2026-10-02 00:48:26,293 INFO step=89400 epoch=9 loss=0.4955 lr=1.737e-04 grad_norm=0.234 train_tok_per_s=235288
2026-10-02 00:48:29,798 INFO step=89450 epoch=9 loss=0.5253 lr=1.734e-04 grad_norm=0.245 train_tok_per_s=235289
2026-10-02 00:48:33,325 INFO step=89500 epoch=9 loss=0.5389 lr=1.730e-04 grad_norm=0.244 train_tok_per_s=235289
2026-10-02 00:48:36,832 INFO step=89550 epoch=9 loss=0.5267 lr=1.727e-04 grad_norm=0.244 train_tok_per_s=235289
2026-10-02 00:48:40,341 INFO step=89600 epoch=9 loss=0.5011 lr=1.723e-04 grad_norm=0.235 train_tok_per_s=235289
2026-10-02 00:48:43,846 INFO step=89650 epoch=9 loss=0.5101 lr=1.720e-04 grad_norm=0.240 train_tok_per_s=235290
2026-10-02 00:48:47,351 INFO step=89700 epoch=9 loss=0.5441 lr=1.716e-04 grad_norm=0.242 train_tok_per_s=235290
2026-10-02 00:48:50,860 INFO step=89750 epoch=9 loss=0.5182 lr=1.713e-04 grad_norm=0.233 train_tok_per_s=235291
2026-10-02 00:48:54,371 INFO step=89800 epoch=9 loss=0.5003 lr=1.709e-04 grad_norm=0.232 train_tok_per_s=235291
2026-10-02 00:48:57,879 INFO step=89850 epoch=9 loss=0.5288 lr=1.705e-04 grad_norm=0.237 train_tok_per_s=235291
2026-10-02 00:49:01,386 INFO step=89900 epoch=9 loss=0.5182 lr=1.702e-04 grad_norm=0.239 train_tok_per_s=235292
2026-10-02 00:49:04,893 INFO step=89950 epoch=9 loss=0.5174 lr=1.698e-04 grad_norm=0.257 train_tok_per_s=235292
2026-10-02 00:49:08,401 INFO step=90000 epoch=9 loss=0.5111 lr=1.695e-04 grad_norm=0.234 train_tok_per_s=235293
2026-10-02 00:49:13,026 INFO step=90000 eval val_loss(partial 100 batches)=0.5190
2026-10-02 00:49:16,553 INFO step=90050 epoch=9 loss=0.5431 lr=1.692e-04 grad_norm=0.258 train_tok_per_s=235292
2026-10-02 00:49:20,081 INFO step=90100 epoch=9 loss=0.5261 lr=1.688e-04 grad_norm=0.246 train_tok_per_s=235292
2026-10-02 00:49:23,704 INFO step=90150 epoch=9 loss=0.5420 lr=1.685e-04 grad_norm=0.258 train_tok_per_s=235288
2026-10-02 00:49:27,247 INFO step=90200 epoch=9 loss=0.5089 lr=1.681e-04 grad_norm=0.241 train_tok_per_s=235287
2026-10-02 00:49:30,755 INFO step=90250 epoch=9 loss=0.5277 lr=1.678e-04 grad_norm=0.240 train_tok_per_s=235288
2026-10-02 00:49:34,256 INFO step=90300 epoch=9 loss=0.5364 lr=1.674e-04 grad_norm=0.250 train_tok_per_s=235288
2026-10-02 00:49:37,764 INFO step=90350 epoch=9 loss=0.5241 lr=1.671e-04 grad_norm=0.250 train_tok_per_s=235289
2026-10-02 00:49:41,269 INFO step=90400 epoch=9 loss=0.4998 lr=1.667e-04 grad_norm=0.239 train_tok_per_s=235289
2026-10-02 00:49:44,776 INFO step=90450 epoch=9 loss=0.5267 lr=1.664e-04 grad_norm=0.244 train_tok_per_s=235290
2026-10-02 00:49:48,283 INFO step=90500 epoch=9 loss=0.5196 lr=1.661e-04 grad_norm=0.246 train_tok_per_s=235290
2026-10-02 00:49:51,791 INFO step=90550 epoch=9 loss=0.5230 lr=1.657e-04 grad_norm=0.240 train_tok_per_s=235290
2026-10-02 00:49:55,306 INFO step=90600 epoch=9 loss=0.5332 lr=1.654e-04 grad_norm=0.247 train_tok_per_s=235290
2026-10-02 00:49:58,817 INFO step=90650 epoch=9 loss=0.5188 lr=1.650e-04 grad_norm=0.237 train_tok_per_s=235291
2026-10-02 00:50:02,325 INFO step=90700 epoch=9 loss=0.5321 lr=1.647e-04 grad_norm=0.243 train_tok_per_s=235291
2026-10-02 00:50:05,835 INFO step=90750 epoch=9 loss=0.5396 lr=1.644e-04 grad_norm=0.242 train_tok_per_s=235291
2026-10-02 00:50:09,347 INFO step=90800 epoch=9 loss=0.5379 lr=1.640e-04 grad_norm=0.245 train_tok_per_s=235292
2026-10-02 00:50:12,854 INFO step=90850 epoch=9 loss=0.5282 lr=1.637e-04 grad_norm=0.244 train_tok_per_s=235292
2026-10-02 00:50:16,359 INFO step=90900 epoch=9 loss=0.5312 lr=1.634e-04 grad_norm=0.255 train_tok_per_s=235293
2026-10-02 00:50:19,865 INFO step=90950 epoch=9 loss=0.5346 lr=1.630e-04 grad_norm=0.257 train_tok_per_s=235293
2026-10-02 00:50:23,370 INFO step=91000 epoch=9 loss=0.5254 lr=1.627e-04 grad_norm=0.245 train_tok_per_s=235294
2026-10-02 00:50:27,985 INFO step=91000 eval val_loss(partial 100 batches)=0.5182
2026-10-02 00:50:31,491 INFO step=91050 epoch=9 loss=0.5268 lr=1.624e-04 grad_norm=0.237 train_tok_per_s=235294
2026-10-02 00:50:34,995 INFO step=91100 epoch=9 loss=0.4913 lr=1.620e-04 grad_norm=0.238 train_tok_per_s=235294
2026-10-02 00:50:38,501 INFO step=91150 epoch=9 loss=0.5349 lr=1.617e-04 grad_norm=0.249 train_tok_per_s=235295
2026-10-02 00:50:42,009 INFO step=91200 epoch=9 loss=0.5246 lr=1.614e-04 grad_norm=0.239 train_tok_per_s=235295
2026-10-02 00:50:45,515 INFO step=91250 epoch=9 loss=0.5343 lr=1.611e-04 grad_norm=0.245 train_tok_per_s=235296
2026-10-02 00:50:49,022 INFO step=91300 epoch=9 loss=0.5202 lr=1.607e-04 grad_norm=0.235 train_tok_per_s=235296
2026-10-02 00:50:52,570 INFO step=91350 epoch=9 loss=0.5411 lr=1.604e-04 grad_norm=0.251 train_tok_per_s=235295
2026-10-02 00:50:56,075 INFO step=91400 epoch=9 loss=0.4977 lr=1.601e-04 grad_norm=0.242 train_tok_per_s=235295
2026-10-02 00:50:59,582 INFO step=91450 epoch=9 loss=0.5443 lr=1.597e-04 grad_norm=0.257 train_tok_per_s=235296
2026-10-02 00:51:03,091 INFO step=91500 epoch=9 loss=0.5256 lr=1.594e-04 grad_norm=0.250 train_tok_per_s=235296
2026-10-02 00:51:06,604 INFO step=91550 epoch=9 loss=0.5199 lr=1.591e-04 grad_norm=0.241 train_tok_per_s=235296
2026-10-02 00:51:10,110 INFO step=91600 epoch=9 loss=0.5090 lr=1.588e-04 grad_norm=0.242 train_tok_per_s=235297
2026-10-02 00:51:13,617 INFO step=91650 epoch=9 loss=0.5249 lr=1.585e-04 grad_norm=0.247 train_tok_per_s=235297
2026-10-02 00:51:17,123 INFO step=91700 epoch=9 loss=0.5069 lr=1.581e-04 grad_norm=0.231 train_tok_per_s=235298
2026-10-02 00:51:20,628 INFO step=91750 epoch=9 loss=0.4940 lr=1.578e-04 grad_norm=0.243 train_tok_per_s=235298
2026-10-02 00:51:24,135 INFO step=91800 epoch=9 loss=0.5213 lr=1.575e-04 grad_norm=0.255 train_tok_per_s=235299
2026-10-02 00:51:27,638 INFO step=91850 epoch=9 loss=0.5312 lr=1.572e-04 grad_norm=0.248 train_tok_per_s=235299
2026-10-02 00:51:31,145 INFO step=91900 epoch=9 loss=0.5164 lr=1.569e-04 grad_norm=0.245 train_tok_per_s=235300
2026-10-02 00:51:34,647 INFO step=91950 epoch=9 loss=0.5009 lr=1.565e-04 grad_norm=0.239 train_tok_per_s=235300
2026-10-02 00:51:38,152 INFO step=92000 epoch=9 loss=0.5227 lr=1.562e-04 grad_norm=0.241 train_tok_per_s=235301
2026-10-02 00:51:42,772 INFO step=92000 eval val_loss(partial 100 batches)=0.5178
2026-10-02 00:51:46,283 INFO step=92050 epoch=9 loss=0.5215 lr=1.559e-04 grad_norm=0.248 train_tok_per_s=235301
2026-10-02 00:51:49,792 INFO step=92100 epoch=9 loss=0.5046 lr=1.556e-04 grad_norm=0.232 train_tok_per_s=235301
2026-10-02 00:51:53,297 INFO step=92150 epoch=9 loss=0.5308 lr=1.553e-04 grad_norm=0.252 train_tok_per_s=235302
2026-10-02 00:51:56,806 INFO step=92200 epoch=9 loss=0.5063 lr=1.550e-04 grad_norm=0.241 train_tok_per_s=235302
2026-10-02 00:52:00,316 INFO step=92250 epoch=9 loss=0.5329 lr=1.547e-04 grad_norm=0.243 train_tok_per_s=235302
2026-10-02 00:52:03,823 INFO step=92300 epoch=9 loss=0.5135 lr=1.543e-04 grad_norm=0.239 train_tok_per_s=235303
2026-10-02 00:52:07,328 INFO step=92350 epoch=9 loss=0.5245 lr=1.540e-04 grad_norm=0.243 train_tok_per_s=235303
2026-10-02 00:52:10,838 INFO step=92400 epoch=9 loss=0.5228 lr=1.537e-04 grad_norm=0.252 train_tok_per_s=235303
2026-10-02 00:52:14,345 INFO step=92450 epoch=9 loss=0.5119 lr=1.534e-04 grad_norm=0.244 train_tok_per_s=235304
2026-10-02 00:52:17,851 INFO step=92500 epoch=9 loss=0.5233 lr=1.531e-04 grad_norm=0.243 train_tok_per_s=235304
2026-10-02 00:52:21,357 INFO step=92550 epoch=9 loss=0.5190 lr=1.528e-04 grad_norm=0.245 train_tok_per_s=235305
2026-10-02 00:52:24,872 INFO step=92600 epoch=9 loss=0.5222 lr=1.525e-04 grad_norm=0.246 train_tok_per_s=235305
2026-10-02 00:52:28,383 INFO step=92650 epoch=9 loss=0.4907 lr=1.522e-04 grad_norm=0.249 train_tok_per_s=235305
2026-10-02 00:52:31,940 INFO step=92700 epoch=9 loss=0.5195 lr=1.519e-04 grad_norm=0.245 train_tok_per_s=235304
2026-10-02 00:52:35,459 INFO step=92750 epoch=9 loss=0.4942 lr=1.516e-04 grad_norm=0.246 train_tok_per_s=235304
2026-10-02 00:52:38,967 INFO step=92800 epoch=9 loss=0.5178 lr=1.513e-04 grad_norm=0.247 train_tok_per_s=235304
2026-10-02 00:52:42,474 INFO step=92850 epoch=9 loss=0.5298 lr=1.510e-04 grad_norm=0.249 train_tok_per_s=235304
2026-10-02 00:52:45,984 INFO step=92900 epoch=9 loss=0.5276 lr=1.507e-04 grad_norm=0.247 train_tok_per_s=235305
2026-10-02 00:52:49,492 INFO step=92950 epoch=9 loss=0.5279 lr=1.504e-04 grad_norm=0.251 train_tok_per_s=235305
2026-10-02 00:52:53,000 INFO step=93000 epoch=9 loss=0.5408 lr=1.501e-04 grad_norm=0.251 train_tok_per_s=235305
2026-10-02 00:52:57,615 INFO step=93000 eval val_loss(partial 100 batches)=0.5163
2026-10-02 00:53:01,119 INFO step=93050 epoch=9 loss=0.5088 lr=1.498e-04 grad_norm=0.250 train_tok_per_s=235306
2026-10-02 00:53:04,628 INFO step=93100 epoch=9 loss=0.5324 lr=1.495e-04 grad_norm=0.254 train_tok_per_s=235306
2026-10-02 00:53:08,135 INFO step=93150 epoch=9 loss=0.5279 lr=1.492e-04 grad_norm=0.252 train_tok_per_s=235307
2026-10-02 00:53:11,641 INFO step=93200 epoch=9 loss=0.5232 lr=1.489e-04 grad_norm=0.244 train_tok_per_s=235307
2026-10-02 00:53:15,150 INFO step=93250 epoch=9 loss=0.5343 lr=1.486e-04 grad_norm=0.245 train_tok_per_s=235307
2026-10-02 00:53:18,655 INFO step=93300 epoch=9 loss=0.5396 lr=1.483e-04 grad_norm=0.264 train_tok_per_s=235308
2026-10-02 00:53:22,157 INFO step=93350 epoch=9 loss=0.5257 lr=1.480e-04 grad_norm=0.251 train_tok_per_s=235308
2026-10-02 00:53:25,669 INFO step=93400 epoch=9 loss=0.5258 lr=1.477e-04 grad_norm=0.249 train_tok_per_s=235309
2026-10-02 00:53:29,176 INFO step=93450 epoch=9 loss=0.5115 lr=1.474e-04 grad_norm=0.247 train_tok_per_s=235309
2026-10-02 00:53:32,682 INFO step=93500 epoch=9 loss=0.5122 lr=1.471e-04 grad_norm=0.249 train_tok_per_s=235310
2026-10-02 00:53:36,188 INFO step=93550 epoch=9 loss=0.4976 lr=1.468e-04 grad_norm=0.237 train_tok_per_s=235310
2026-10-02 00:53:39,695 INFO step=93600 epoch=9 loss=0.5210 lr=1.466e-04 grad_norm=0.250 train_tok_per_s=235310
2026-10-02 00:53:43,202 INFO step=93650 epoch=9 loss=0.4975 lr=1.463e-04 grad_norm=0.243 train_tok_per_s=235311
2026-10-02 00:53:46,712 INFO step=93700 epoch=9 loss=0.5253 lr=1.460e-04 grad_norm=0.245 train_tok_per_s=235311
2026-10-02 00:53:50,216 INFO step=93750 epoch=9 loss=0.5300 lr=1.457e-04 grad_norm=0.260 train_tok_per_s=235312
2026-10-02 00:53:53,720 INFO step=93800 epoch=9 loss=0.5334 lr=1.454e-04 grad_norm=0.254 train_tok_per_s=235312
2026-10-02 00:53:57,228 INFO step=93850 epoch=9 loss=0.5000 lr=1.451e-04 grad_norm=0.240 train_tok_per_s=235312
2026-10-02 00:54:00,736 INFO step=93900 epoch=9 loss=0.5551 lr=1.448e-04 grad_norm=0.264 train_tok_per_s=235313
2026-10-02 00:54:04,243 INFO step=93950 epoch=9 loss=0.5182 lr=1.446e-04 grad_norm=0.252 train_tok_per_s=235313
2026-10-02 00:54:07,748 INFO step=94000 epoch=9 loss=0.5406 lr=1.443e-04 grad_norm=0.254 train_tok_per_s=235314
2026-10-02 00:54:12,367 INFO step=94000 eval val_loss(partial 100 batches)=0.5160
2026-10-02 00:54:15,876 INFO step=94050 epoch=9 loss=0.5178 lr=1.440e-04 grad_norm=0.259 train_tok_per_s=235314
2026-10-02 00:54:19,384 INFO step=94100 epoch=9 loss=0.5444 lr=1.437e-04 grad_norm=0.255 train_tok_per_s=235314
2026-10-02 00:54:22,893 INFO step=94150 epoch=9 loss=0.5184 lr=1.434e-04 grad_norm=0.244 train_tok_per_s=235315
2026-10-02 00:54:26,407 INFO step=94200 epoch=9 loss=0.5602 lr=1.432e-04 grad_norm=0.251 train_tok_per_s=235315
2026-10-02 00:54:29,924 INFO step=94250 epoch=9 loss=0.5376 lr=1.429e-04 grad_norm=0.251 train_tok_per_s=235315
2026-10-02 00:54:33,434 INFO step=94300 epoch=9 loss=0.5323 lr=1.426e-04 grad_norm=0.258 train_tok_per_s=235315
2026-10-02 00:54:36,944 INFO step=94350 epoch=9 loss=0.5198 lr=1.423e-04 grad_norm=0.256 train_tok_per_s=235316
2026-10-02 00:54:40,448 INFO step=94400 epoch=9 loss=0.5344 lr=1.420e-04 grad_norm=0.253 train_tok_per_s=235316
2026-10-02 00:54:43,958 INFO step=94450 epoch=9 loss=0.5244 lr=1.418e-04 grad_norm=0.250 train_tok_per_s=235316
2026-10-02 00:54:47,464 INFO step=94500 epoch=9 loss=0.5190 lr=1.415e-04 grad_norm=0.248 train_tok_per_s=235317
2026-10-02 00:54:50,975 INFO step=94550 epoch=9 loss=0.5134 lr=1.412e-04 grad_norm=0.257 train_tok_per_s=235317
2026-10-02 00:54:54,485 INFO step=94600 epoch=9 loss=0.5469 lr=1.410e-04 grad_norm=0.265 train_tok_per_s=235317
2026-10-02 00:54:57,991 INFO step=94650 epoch=9 loss=0.4994 lr=1.407e-04 grad_norm=0.249 train_tok_per_s=235318
2026-10-02 00:55:01,503 INFO step=94700 epoch=9 loss=0.4946 lr=1.404e-04 grad_norm=0.244 train_tok_per_s=235318
2026-10-02 00:55:05,011 INFO step=94750 epoch=9 loss=0.5448 lr=1.401e-04 grad_norm=0.260 train_tok_per_s=235318
2026-10-02 00:55:08,522 INFO step=94800 epoch=9 loss=0.5227 lr=1.399e-04 grad_norm=0.250 train_tok_per_s=235319
2026-10-02 00:55:12,037 INFO step=94850 epoch=9 loss=0.5235 lr=1.396e-04 grad_norm=0.257 train_tok_per_s=235319
2026-10-02 00:55:15,551 INFO step=94900 epoch=9 loss=0.5179 lr=1.393e-04 grad_norm=0.247 train_tok_per_s=235319
2026-10-02 00:55:19,059 INFO step=94950 epoch=9 loss=0.5123 lr=1.391e-04 grad_norm=0.250 train_tok_per_s=235319
2026-10-02 00:55:22,570 INFO step=95000 epoch=9 loss=0.5026 lr=1.388e-04 grad_norm=0.249 train_tok_per_s=235319
2026-10-02 00:55:27,190 INFO step=95000 eval val_loss(partial 100 batches)=0.5153
2026-10-02 00:55:30,698 INFO step=95050 epoch=9 loss=0.5110 lr=1.385e-04 grad_norm=0.244 train_tok_per_s=235320
2026-10-02 00:55:34,208 INFO step=95100 epoch=9 loss=0.5141 lr=1.383e-04 grad_norm=0.245 train_tok_per_s=235320
2026-10-02 00:55:37,717 INFO step=95150 epoch=9 loss=0.5274 lr=1.380e-04 grad_norm=0.252 train_tok_per_s=235320
2026-10-02 00:55:41,226 INFO step=95200 epoch=9 loss=0.5124 lr=1.378e-04 grad_norm=0.237 train_tok_per_s=235321
2026-10-02 00:55:44,738 INFO step=95250 epoch=9 loss=0.5368 lr=1.375e-04 grad_norm=0.260 train_tok_per_s=235321
2026-10-02 00:55:48,247 INFO step=95300 epoch=9 loss=0.5010 lr=1.372e-04 grad_norm=0.243 train_tok_per_s=235321
2026-10-02 00:55:51,755 INFO step=95350 epoch=9 loss=0.5152 lr=1.370e-04 grad_norm=0.254 train_tok_per_s=235322
2026-10-02 00:55:55,260 INFO step=95400 epoch=9 loss=0.5144 lr=1.367e-04 grad_norm=0.250 train_tok_per_s=235322
2026-10-02 00:55:58,766 INFO step=95450 epoch=9 loss=0.5118 lr=1.365e-04 grad_norm=0.248 train_tok_per_s=235322
2026-10-02 00:56:02,275 INFO step=95500 epoch=9 loss=0.5244 lr=1.362e-04 grad_norm=0.254 train_tok_per_s=235323
2026-10-02 00:56:05,781 INFO step=95550 epoch=9 loss=0.5082 lr=1.359e-04 grad_norm=0.250 train_tok_per_s=235323
2026-10-02 00:56:09,289 INFO step=95600 epoch=9 loss=0.5157 lr=1.357e-04 grad_norm=0.250 train_tok_per_s=235323
2026-10-02 00:56:12,798 INFO step=95650 epoch=9 loss=0.5213 lr=1.354e-04 grad_norm=0.247 train_tok_per_s=235324
2026-10-02 00:56:16,303 INFO step=95700 epoch=9 loss=0.5047 lr=1.352e-04 grad_norm=0.239 train_tok_per_s=235324
2026-10-02 00:56:19,810 INFO step=95750 epoch=9 loss=0.5311 lr=1.349e-04 grad_norm=0.258 train_tok_per_s=235325
2026-10-02 00:56:23,315 INFO step=95800 epoch=9 loss=0.5054 lr=1.347e-04 grad_norm=0.250 train_tok_per_s=235325
2026-10-02 00:56:26,826 INFO step=95850 epoch=9 loss=0.5351 lr=1.344e-04 grad_norm=0.253 train_tok_per_s=235325
2026-10-02 00:56:30,344 INFO step=95900 epoch=9 loss=0.5289 lr=1.342e-04 grad_norm=0.261 train_tok_per_s=235325
2026-10-02 00:56:33,857 INFO step=95950 epoch=9 loss=0.5144 lr=1.339e-04 grad_norm=0.253 train_tok_per_s=235325
2026-10-02 00:56:37,371 INFO step=96000 epoch=9 loss=0.5101 lr=1.337e-04 grad_norm=0.253 train_tok_per_s=235326
2026-10-02 00:56:41,988 INFO step=96000 eval val_loss(partial 100 batches)=0.5146
2026-10-02 00:56:45,497 INFO step=96050 epoch=9 loss=0.5502 lr=1.334e-04 grad_norm=0.263 train_tok_per_s=235326
2026-10-02 00:56:49,003 INFO step=96100 epoch=9 loss=0.5222 lr=1.332e-04 grad_norm=0.257 train_tok_per_s=235326
2026-10-02 00:56:52,509 INFO step=96150 epoch=9 loss=0.5254 lr=1.329e-04 grad_norm=0.252 train_tok_per_s=235327
2026-10-02 00:56:56,015 INFO step=96200 epoch=9 loss=0.5314 lr=1.327e-04 grad_norm=0.258 train_tok_per_s=235327
2026-10-02 00:56:59,530 INFO step=96250 epoch=9 loss=0.5212 lr=1.325e-04 grad_norm=0.261 train_tok_per_s=235327
2026-10-02 00:57:03,042 INFO step=96300 epoch=9 loss=0.5204 lr=1.322e-04 grad_norm=0.253 train_tok_per_s=235327
2026-10-02 00:57:06,551 INFO step=96350 epoch=9 loss=0.5171 lr=1.320e-04 grad_norm=0.255 train_tok_per_s=235328
2026-10-02 00:57:10,058 INFO step=96400 epoch=9 loss=0.5466 lr=1.317e-04 grad_norm=0.263 train_tok_per_s=235328
2026-10-02 00:57:13,567 INFO step=96450 epoch=9 loss=0.4920 lr=1.315e-04 grad_norm=0.249 train_tok_per_s=235328
2026-10-02 00:57:17,072 INFO step=96500 epoch=9 loss=0.5442 lr=1.313e-04 grad_norm=0.258 train_tok_per_s=235329
2026-10-02 00:57:20,580 INFO step=96550 epoch=9 loss=0.4919 lr=1.310e-04 grad_norm=0.251 train_tok_per_s=235329
2026-10-02 00:57:24,085 INFO step=96600 epoch=9 loss=0.5039 lr=1.308e-04 grad_norm=0.244 train_tok_per_s=235330
2026-10-02 00:57:27,589 INFO step=96650 epoch=9 loss=0.5077 lr=1.305e-04 grad_norm=0.248 train_tok_per_s=235330
2026-10-02 00:57:31,092 INFO step=96700 epoch=9 loss=0.5224 lr=1.303e-04 grad_norm=0.251 train_tok_per_s=235331
2026-10-02 00:57:34,601 INFO step=96750 epoch=9 loss=0.5167 lr=1.301e-04 grad_norm=0.255 train_tok_per_s=235331
2026-10-02 00:57:38,106 INFO step=96800 epoch=9 loss=0.5092 lr=1.298e-04 grad_norm=0.248 train_tok_per_s=235331
2026-10-02 00:57:41,619 INFO step=96850 epoch=9 loss=0.5228 lr=1.296e-04 grad_norm=0.256 train_tok_per_s=235332
2026-10-02 00:57:45,127 INFO step=96900 epoch=9 loss=0.5149 lr=1.294e-04 grad_norm=0.252 train_tok_per_s=235332
2026-10-02 00:57:48,637 INFO step=96950 epoch=9 loss=0.5307 lr=1.291e-04 grad_norm=0.255 train_tok_per_s=235332
2026-10-02 00:57:52,149 INFO step=97000 epoch=9 loss=0.5227 lr=1.289e-04 grad_norm=0.254 train_tok_per_s=235332
2026-10-02 00:57:56,762 INFO step=97000 eval val_loss(partial 100 batches)=0.5139
2026-10-02 00:58:00,271 INFO step=97050 epoch=9 loss=0.5187 lr=1.287e-04 grad_norm=0.250 train_tok_per_s=235333
2026-10-02 00:58:03,781 INFO step=97100 epoch=9 loss=0.5062 lr=1.285e-04 grad_norm=0.250 train_tok_per_s=235333
2026-10-02 00:58:07,292 INFO step=97150 epoch=9 loss=0.5230 lr=1.282e-04 grad_norm=0.248 train_tok_per_s=235333
2026-10-02 00:58:10,803 INFO step=97200 epoch=9 loss=0.5151 lr=1.280e-04 grad_norm=0.258 train_tok_per_s=235333
2026-10-02 00:58:14,313 INFO step=97250 epoch=9 loss=0.5160 lr=1.278e-04 grad_norm=0.258 train_tok_per_s=235334
2026-10-02 00:58:17,819 INFO step=97300 epoch=9 loss=0.5053 lr=1.275e-04 grad_norm=0.252 train_tok_per_s=235334
2026-10-02 00:58:21,324 INFO step=97350 epoch=9 loss=0.5377 lr=1.273e-04 grad_norm=0.266 train_tok_per_s=235335
2026-10-02 00:58:24,830 INFO step=97400 epoch=9 loss=0.5045 lr=1.271e-04 grad_norm=0.255 train_tok_per_s=235335
2026-10-02 00:58:28,340 INFO step=97450 epoch=9 loss=0.5211 lr=1.269e-04 grad_norm=0.254 train_tok_per_s=235335
2026-10-02 00:58:31,850 INFO step=97500 epoch=9 loss=0.5143 lr=1.267e-04 grad_norm=0.258 train_tok_per_s=235335
2026-10-02 00:58:35,356 INFO step=97550 epoch=9 loss=0.5265 lr=1.264e-04 grad_norm=0.260 train_tok_per_s=235336
2026-10-02 00:58:38,860 INFO step=97600 epoch=9 loss=0.5280 lr=1.262e-04 grad_norm=0.259 train_tok_per_s=235336
2026-10-02 00:58:42,364 INFO step=97650 epoch=9 loss=0.5220 lr=1.260e-04 grad_norm=0.256 train_tok_per_s=235337
2026-10-02 00:58:45,874 INFO step=97700 epoch=9 loss=0.5186 lr=1.258e-04 grad_norm=0.258 train_tok_per_s=235337
2026-10-02 00:58:49,385 INFO step=97750 epoch=9 loss=0.5327 lr=1.256e-04 grad_norm=0.260 train_tok_per_s=235337
2026-10-02 00:58:52,894 INFO step=97800 epoch=9 loss=0.5206 lr=1.253e-04 grad_norm=0.254 train_tok_per_s=235337
2026-10-02 00:58:56,401 INFO step=97850 epoch=9 loss=0.5483 lr=1.251e-04 grad_norm=0.265 train_tok_per_s=235338
2026-10-02 00:58:59,908 INFO step=97900 epoch=9 loss=0.5458 lr=1.249e-04 grad_norm=0.270 train_tok_per_s=235338
2026-10-02 00:59:03,416 INFO step=97950 epoch=9 loss=0.5222 lr=1.247e-04 grad_norm=0.255 train_tok_per_s=235338
2026-10-02 00:59:06,927 INFO step=98000 epoch=9 loss=0.5563 lr=1.245e-04 grad_norm=0.263 train_tok_per_s=235338
2026-10-02 00:59:11,548 INFO step=98000 eval val_loss(partial 100 batches)=0.5130
2026-10-02 00:59:15,053 INFO step=98050 epoch=9 loss=0.5518 lr=1.243e-04 grad_norm=0.268 train_tok_per_s=235339
2026-10-02 00:59:18,563 INFO step=98100 epoch=9 loss=0.5268 lr=1.241e-04 grad_norm=0.260 train_tok_per_s=235339
2026-10-02 00:59:22,071 INFO step=98150 epoch=9 loss=0.5405 lr=1.239e-04 grad_norm=0.263 train_tok_per_s=235339
2026-10-02 00:59:25,583 INFO step=98200 epoch=9 loss=0.5016 lr=1.236e-04 grad_norm=0.254 train_tok_per_s=235340
2026-10-02 00:59:29,089 INFO step=98250 epoch=9 loss=0.5188 lr=1.234e-04 grad_norm=0.248 train_tok_per_s=235340
2026-10-02 00:59:32,597 INFO step=98300 epoch=9 loss=0.5216 lr=1.232e-04 grad_norm=0.264 train_tok_per_s=235340
2026-10-02 00:59:36,107 INFO step=98350 epoch=9 loss=0.5217 lr=1.230e-04 grad_norm=0.260 train_tok_per_s=235341
2026-10-02 00:59:39,614 INFO step=98400 epoch=9 loss=0.5206 lr=1.228e-04 grad_norm=0.257 train_tok_per_s=235341
2026-10-02 00:59:43,125 INFO step=98450 epoch=9 loss=0.5141 lr=1.226e-04 grad_norm=0.255 train_tok_per_s=235341
2026-10-02 01:00:11,697 INFO epoch=9 train_loss_running=0.5215 train_loss_eval=0.4895 val_loss=0.5129 val_acc=0.8346 elapsed_s=7613
2026-10-02 01:00:11,743 INFO epoch=9 new best val_loss=0.5129 -> checkpoints/full_run01/best.pt
2026-10-02 01:00:12,131 INFO step=98500 epoch=10 loss=0.5276 lr=1.224e-04 grad_norm=0.256 train_tok_per_s=235342
2026-10-02 01:00:15,642 INFO step=98550 epoch=10 loss=0.5225 lr=1.222e-04 grad_norm=0.263 train_tok_per_s=235342
2026-10-02 01:00:19,152 INFO step=98600 epoch=10 loss=0.5046 lr=1.220e-04 grad_norm=0.250 train_tok_per_s=235342
2026-10-02 01:00:22,662 INFO step=98650 epoch=10 loss=0.5310 lr=1.218e-04 grad_norm=0.268 train_tok_per_s=235342
2026-10-02 01:00:26,171 INFO step=98700 epoch=10 loss=0.5247 lr=1.216e-04 grad_norm=0.259 train_tok_per_s=235342
2026-10-02 01:00:29,677 INFO step=98750 epoch=10 loss=0.5162 lr=1.214e-04 grad_norm=0.265 train_tok_per_s=235343
2026-10-02 01:00:33,188 INFO step=98800 epoch=10 loss=0.4980 lr=1.212e-04 grad_norm=0.254 train_tok_per_s=235343
2026-10-02 01:00:36,695 INFO step=98850 epoch=10 loss=0.5095 lr=1.210e-04 grad_norm=0.261 train_tok_per_s=235343
2026-10-02 01:00:40,202 INFO step=98900 epoch=10 loss=0.5309 lr=1.208e-04 grad_norm=0.256 train_tok_per_s=235343
2026-10-02 01:00:43,711 INFO step=98950 epoch=10 loss=0.4888 lr=1.206e-04 grad_norm=0.257 train_tok_per_s=235344
2026-10-02 01:00:47,220 INFO step=99000 epoch=10 loss=0.5303 lr=1.204e-04 grad_norm=0.272 train_tok_per_s=235344
2026-10-02 01:00:51,843 INFO step=99000 eval val_loss(partial 100 batches)=0.5133
2026-10-02 01:00:55,357 INFO step=99050 epoch=10 loss=0.5136 lr=1.202e-04 grad_norm=0.262 train_tok_per_s=235344
2026-10-02 01:00:58,870 INFO step=99100 epoch=10 loss=0.5178 lr=1.200e-04 grad_norm=0.260 train_tok_per_s=235344
2026-10-02 01:01:02,381 INFO step=99150 epoch=10 loss=0.5236 lr=1.198e-04 grad_norm=0.261 train_tok_per_s=235345
2026-10-02 01:01:05,889 INFO step=99200 epoch=10 loss=0.5144 lr=1.197e-04 grad_norm=0.262 train_tok_per_s=235345
2026-10-02 01:01:09,402 INFO step=99250 epoch=10 loss=0.5183 lr=1.195e-04 grad_norm=0.265 train_tok_per_s=235345
2026-10-02 01:01:12,912 INFO step=99300 epoch=10 loss=0.5035 lr=1.193e-04 grad_norm=0.259 train_tok_per_s=235345
2026-10-02 01:01:16,432 INFO step=99350 epoch=10 loss=0.5285 lr=1.191e-04 grad_norm=0.265 train_tok_per_s=235345
2026-10-02 01:01:19,945 INFO step=99400 epoch=10 loss=0.5022 lr=1.189e-04 grad_norm=0.258 train_tok_per_s=235345
2026-10-02 01:01:23,454 INFO step=99450 epoch=10 loss=0.5288 lr=1.187e-04 grad_norm=0.269 train_tok_per_s=235346
2026-10-02 01:01:26,964 INFO step=99500 epoch=10 loss=0.4978 lr=1.185e-04 grad_norm=0.255 train_tok_per_s=235346
2026-10-02 01:01:30,471 INFO step=99550 epoch=10 loss=0.4925 lr=1.183e-04 grad_norm=0.261 train_tok_per_s=235346
2026-10-02 01:01:33,979 INFO step=99600 epoch=10 loss=0.5027 lr=1.182e-04 grad_norm=0.269 train_tok_per_s=235347
2026-10-02 01:01:37,487 INFO step=99650 epoch=10 loss=0.5020 lr=1.180e-04 grad_norm=0.260 train_tok_per_s=235347
2026-10-02 01:01:40,994 INFO step=99700 epoch=10 loss=0.4924 lr=1.178e-04 grad_norm=0.257 train_tok_per_s=235347
2026-10-02 01:01:44,503 INFO step=99750 epoch=10 loss=0.5291 lr=1.176e-04 grad_norm=0.270 train_tok_per_s=235347
2026-10-02 01:01:48,013 INFO step=99800 epoch=10 loss=0.5219 lr=1.174e-04 grad_norm=0.265 train_tok_per_s=235348
2026-10-02 01:01:51,519 INFO step=99850 epoch=10 loss=0.5081 lr=1.173e-04 grad_norm=0.264 train_tok_per_s=235348
2026-10-02 01:01:55,025 INFO step=99900 epoch=10 loss=0.5291 lr=1.171e-04 grad_norm=0.271 train_tok_per_s=235348
2026-10-02 01:01:58,532 INFO step=99950 epoch=10 loss=0.5159 lr=1.169e-04 grad_norm=0.263 train_tok_per_s=235349
2026-10-02 01:02:02,043 INFO step=100000 epoch=10 loss=0.5152 lr=1.167e-04 grad_norm=0.268 train_tok_per_s=235349
2026-10-02 01:02:06,661 INFO step=100000 eval val_loss(partial 100 batches)=0.5127
2026-10-02 01:02:10,170 INFO step=100050 epoch=10 loss=0.5115 lr=1.165e-04 grad_norm=0.267 train_tok_per_s=235349
2026-10-02 01:02:13,678 INFO step=100100 epoch=10 loss=0.5250 lr=1.164e-04 grad_norm=0.281 train_tok_per_s=235349
2026-10-02 01:02:17,186 INFO step=100150 epoch=10 loss=0.5145 lr=1.162e-04 grad_norm=0.265 train_tok_per_s=235350
2026-10-02 01:02:20,699 INFO step=100200 epoch=10 loss=0.5141 lr=1.160e-04 grad_norm=0.267 train_tok_per_s=235350
2026-10-02 01:02:24,207 INFO step=100250 epoch=10 loss=0.4920 lr=1.159e-04 grad_norm=0.271 train_tok_per_s=235350
2026-10-02 01:02:27,715 INFO step=100300 epoch=10 loss=0.5029 lr=1.157e-04 grad_norm=0.263 train_tok_per_s=235350
2026-10-02 01:02:31,222 INFO step=100350 epoch=10 loss=0.5265 lr=1.155e-04 grad_norm=0.272 train_tok_per_s=235351
2026-10-02 01:02:34,734 INFO step=100400 epoch=10 loss=0.5179 lr=1.153e-04 grad_norm=0.259 train_tok_per_s=235351
2026-10-02 01:02:38,246 INFO step=100450 epoch=10 loss=0.4975 lr=1.152e-04 grad_norm=0.261 train_tok_per_s=235351
2026-10-02 01:02:41,760 INFO step=100500 epoch=10 loss=0.5072 lr=1.150e-04 grad_norm=0.263 train_tok_per_s=235351
2026-10-02 01:02:45,278 INFO step=100550 epoch=10 loss=0.5294 lr=1.148e-04 grad_norm=0.273 train_tok_per_s=235351
2026-10-02 01:02:48,789 INFO step=100600 epoch=10 loss=0.5034 lr=1.147e-04 grad_norm=0.262 train_tok_per_s=235351
2026-10-02 01:02:52,302 INFO step=100650 epoch=10 loss=0.5054 lr=1.145e-04 grad_norm=0.260 train_tok_per_s=235352
2026-10-02 01:02:55,814 INFO step=100700 epoch=10 loss=0.5270 lr=1.143e-04 grad_norm=0.272 train_tok_per_s=235352
2026-10-02 01:02:59,338 INFO step=100750 epoch=10 loss=0.5022 lr=1.142e-04 grad_norm=0.265 train_tok_per_s=235352
2026-10-02 01:03:02,865 INFO step=100800 epoch=10 loss=0.5155 lr=1.140e-04 grad_norm=0.261 train_tok_per_s=235351
2026-10-02 01:03:06,388 INFO step=100850 epoch=10 loss=0.5267 lr=1.139e-04 grad_norm=0.268 train_tok_per_s=235351
2026-10-02 01:03:09,917 INFO step=100900 epoch=10 loss=0.4960 lr=1.137e-04 grad_norm=0.269 train_tok_per_s=235351
2026-10-02 01:03:13,446 INFO step=100950 epoch=10 loss=0.5262 lr=1.135e-04 grad_norm=0.263 train_tok_per_s=235350
2026-10-02 01:03:16,973 INFO step=101000 epoch=10 loss=0.5037 lr=1.134e-04 grad_norm=0.264 train_tok_per_s=235350
2026-10-02 01:03:21,606 INFO step=101000 eval val_loss(partial 100 batches)=0.5128
2026-10-02 01:03:25,130 INFO step=101050 epoch=10 loss=0.5120 lr=1.132e-04 grad_norm=0.270 train_tok_per_s=235350
2026-10-02 01:03:28,656 INFO step=101100 epoch=10 loss=0.5175 lr=1.131e-04 grad_norm=0.285 train_tok_per_s=235350
2026-10-02 01:03:32,181 INFO step=101150 epoch=10 loss=0.5002 lr=1.129e-04 grad_norm=0.265 train_tok_per_s=235349
2026-10-02 01:03:35,714 INFO step=101200 epoch=10 loss=0.5021 lr=1.128e-04 grad_norm=0.267 train_tok_per_s=235349
2026-10-02 01:03:39,240 INFO step=101250 epoch=10 loss=0.5055 lr=1.126e-04 grad_norm=0.267 train_tok_per_s=235349
2026-10-02 01:03:42,758 INFO step=101300 epoch=10 loss=0.5179 lr=1.125e-04 grad_norm=0.276 train_tok_per_s=235349
2026-10-02 01:03:46,276 INFO step=101350 epoch=10 loss=0.4940 lr=1.123e-04 grad_norm=0.267 train_tok_per_s=235349
2026-10-02 01:03:49,790 INFO step=101400 epoch=10 loss=0.5185 lr=1.122e-04 grad_norm=0.266 train_tok_per_s=235349
2026-10-02 01:03:53,315 INFO step=101450 epoch=10 loss=0.5468 lr=1.120e-04 grad_norm=0.278 train_tok_per_s=235349
2026-10-02 01:03:56,843 INFO step=101500 epoch=10 loss=0.5262 lr=1.119e-04 grad_norm=0.263 train_tok_per_s=235348
2026-10-02 01:04:00,378 INFO step=101550 epoch=10 loss=0.5223 lr=1.117e-04 grad_norm=0.282 train_tok_per_s=235348
2026-10-02 01:04:03,905 INFO step=101600 epoch=10 loss=0.5219 lr=1.116e-04 grad_norm=0.271 train_tok_per_s=235348
2026-10-02 01:04:07,422 INFO step=101650 epoch=10 loss=0.4984 lr=1.114e-04 grad_norm=0.267 train_tok_per_s=235348
2026-10-02 01:04:10,952 INFO step=101700 epoch=10 loss=0.5209 lr=1.113e-04 grad_norm=0.276 train_tok_per_s=235347
2026-10-02 01:04:14,466 INFO step=101750 epoch=10 loss=0.5187 lr=1.111e-04 grad_norm=0.276 train_tok_per_s=235347
2026-10-02 01:04:17,979 INFO step=101800 epoch=10 loss=0.5452 lr=1.110e-04 grad_norm=0.279 train_tok_per_s=235347
2026-10-02 01:04:21,491 INFO step=101850 epoch=10 loss=0.4976 lr=1.108e-04 grad_norm=0.269 train_tok_per_s=235348
2026-10-02 01:04:25,003 INFO step=101900 epoch=10 loss=0.5039 lr=1.107e-04 grad_norm=0.258 train_tok_per_s=235348
2026-10-02 01:04:28,509 INFO step=101950 epoch=10 loss=0.4991 lr=1.106e-04 grad_norm=0.261 train_tok_per_s=235348
2026-10-02 01:04:32,018 INFO step=102000 epoch=10 loss=0.4890 lr=1.104e-04 grad_norm=0.273 train_tok_per_s=235348
2026-10-02 01:04:36,634 INFO step=102000 eval val_loss(partial 100 batches)=0.5119
2026-10-02 01:04:40,144 INFO step=102050 epoch=10 loss=0.5233 lr=1.103e-04 grad_norm=0.276 train_tok_per_s=235349
2026-10-02 01:04:43,649 INFO step=102100 epoch=10 loss=0.5028 lr=1.101e-04 grad_norm=0.265 train_tok_per_s=235349
2026-10-02 01:04:47,160 INFO step=102150 epoch=10 loss=0.5124 lr=1.100e-04 grad_norm=0.279 train_tok_per_s=235349
2026-10-02 01:04:50,671 INFO step=102200 epoch=10 loss=0.5207 lr=1.099e-04 grad_norm=0.274 train_tok_per_s=235349
2026-10-02 01:04:54,180 INFO step=102250 epoch=10 loss=0.5108 lr=1.097e-04 grad_norm=0.270 train_tok_per_s=235350
2026-10-02 01:04:57,687 INFO step=102300 epoch=10 loss=0.5107 lr=1.096e-04 grad_norm=0.271 train_tok_per_s=235350
2026-10-02 01:05:01,197 INFO step=102350 epoch=10 loss=0.5071 lr=1.095e-04 grad_norm=0.270 train_tok_per_s=235350
2026-10-02 01:05:04,709 INFO step=102400 epoch=10 loss=0.5267 lr=1.093e-04 grad_norm=0.279 train_tok_per_s=235350
2026-10-02 01:05:08,217 INFO step=102450 epoch=10 loss=0.5064 lr=1.092e-04 grad_norm=0.267 train_tok_per_s=235351
2026-10-02 01:05:11,729 INFO step=102500 epoch=10 loss=0.5118 lr=1.091e-04 grad_norm=0.267 train_tok_per_s=235351
2026-10-02 01:05:15,236 INFO step=102550 epoch=10 loss=0.4993 lr=1.089e-04 grad_norm=0.273 train_tok_per_s=235351
2026-10-02 01:05:18,744 INFO step=102600 epoch=10 loss=0.5319 lr=1.088e-04 grad_norm=0.275 train_tok_per_s=235351
2026-10-02 01:05:22,251 INFO step=102650 epoch=10 loss=0.5038 lr=1.087e-04 grad_norm=0.264 train_tok_per_s=235352
2026-10-02 01:05:25,759 INFO step=102700 epoch=10 loss=0.5002 lr=1.086e-04 grad_norm=0.277 train_tok_per_s=235352
2026-10-02 01:05:29,268 INFO step=102750 epoch=10 loss=0.5125 lr=1.084e-04 grad_norm=0.280 train_tok_per_s=235352
2026-10-02 01:05:32,782 INFO step=102800 epoch=10 loss=0.5026 lr=1.083e-04 grad_norm=0.268 train_tok_per_s=235352
2026-10-02 01:05:36,292 INFO step=102850 epoch=10 loss=0.4872 lr=1.082e-04 grad_norm=0.257 train_tok_per_s=235353
2026-10-02 01:05:39,804 INFO step=102900 epoch=10 loss=0.5117 lr=1.081e-04 grad_norm=0.274 train_tok_per_s=235353
2026-10-02 01:05:43,318 INFO step=102950 epoch=10 loss=0.4869 lr=1.079e-04 grad_norm=0.264 train_tok_per_s=235353
2026-10-02 01:05:46,832 INFO step=103000 epoch=10 loss=0.5080 lr=1.078e-04 grad_norm=0.258 train_tok_per_s=235353
2026-10-02 01:05:51,453 INFO step=103000 eval val_loss(partial 100 batches)=0.5114
2026-10-02 01:05:54,966 INFO step=103050 epoch=10 loss=0.5130 lr=1.077e-04 grad_norm=0.265 train_tok_per_s=235353
2026-10-02 01:05:58,474 INFO step=103100 epoch=10 loss=0.5056 lr=1.076e-04 grad_norm=0.267 train_tok_per_s=235353
2026-10-02 01:06:01,985 INFO step=103150 epoch=10 loss=0.4997 lr=1.075e-04 grad_norm=0.260 train_tok_per_s=235354
2026-10-02 01:06:05,495 INFO step=103200 epoch=10 loss=0.4860 lr=1.073e-04 grad_norm=0.259 train_tok_per_s=235354
2026-10-02 01:06:09,004 INFO step=103250 epoch=10 loss=0.5289 lr=1.072e-04 grad_norm=0.273 train_tok_per_s=235354
2026-10-02 01:06:12,514 INFO step=103300 epoch=10 loss=0.5182 lr=1.071e-04 grad_norm=0.270 train_tok_per_s=235354
2026-10-02 01:06:16,027 INFO step=103350 epoch=10 loss=0.5304 lr=1.070e-04 grad_norm=0.278 train_tok_per_s=235354
2026-10-02 01:06:19,537 INFO step=103400 epoch=10 loss=0.5079 lr=1.069e-04 grad_norm=0.266 train_tok_per_s=235355
2026-10-02 01:06:23,047 INFO step=103450 epoch=10 loss=0.5149 lr=1.068e-04 grad_norm=0.266 train_tok_per_s=235355
2026-10-02 01:06:26,558 INFO step=103500 epoch=10 loss=0.4919 lr=1.066e-04 grad_norm=0.268 train_tok_per_s=235355
2026-10-02 01:06:30,073 INFO step=103550 epoch=10 loss=0.5193 lr=1.065e-04 grad_norm=0.267 train_tok_per_s=235355
2026-10-02 01:06:33,581 INFO step=103600 epoch=10 loss=0.5167 lr=1.064e-04 grad_norm=0.268 train_tok_per_s=235356
2026-10-02 01:06:37,091 INFO step=103650 epoch=10 loss=0.5129 lr=1.063e-04 grad_norm=0.277 train_tok_per_s=235356
2026-10-02 01:06:40,604 INFO step=103700 epoch=10 loss=0.5149 lr=1.062e-04 grad_norm=0.273 train_tok_per_s=235356
2026-10-02 01:06:44,114 INFO step=103750 epoch=10 loss=0.5093 lr=1.061e-04 grad_norm=0.273 train_tok_per_s=235356
2026-10-02 01:06:47,622 INFO step=103800 epoch=10 loss=0.5073 lr=1.060e-04 grad_norm=0.275 train_tok_per_s=235356
2026-10-02 01:06:51,129 INFO step=103850 epoch=10 loss=0.4673 lr=1.059e-04 grad_norm=0.259 train_tok_per_s=235357
2026-10-02 01:06:54,640 INFO step=103900 epoch=10 loss=0.5041 lr=1.058e-04 grad_norm=0.270 train_tok_per_s=235357
2026-10-02 01:06:58,152 INFO step=103950 epoch=10 loss=0.4948 lr=1.057e-04 grad_norm=0.268 train_tok_per_s=235357
2026-10-02 01:07:01,662 INFO step=104000 epoch=10 loss=0.5242 lr=1.056e-04 grad_norm=0.272 train_tok_per_s=235357
2026-10-02 01:07:06,284 INFO step=104000 eval val_loss(partial 100 batches)=0.5108
2026-10-02 01:07:09,794 INFO step=104050 epoch=10 loss=0.4863 lr=1.055e-04 grad_norm=0.258 train_tok_per_s=235358
2026-10-02 01:07:13,304 INFO step=104100 epoch=10 loss=0.5225 lr=1.054e-04 grad_norm=0.272 train_tok_per_s=235358
2026-10-02 01:07:16,808 INFO step=104150 epoch=10 loss=0.4972 lr=1.053e-04 grad_norm=0.271 train_tok_per_s=235358
2026-10-02 01:07:20,318 INFO step=104200 epoch=10 loss=0.5016 lr=1.052e-04 grad_norm=0.264 train_tok_per_s=235358
2026-10-02 01:07:23,827 INFO step=104250 epoch=10 loss=0.5072 lr=1.051e-04 grad_norm=0.269 train_tok_per_s=235359
2026-10-02 01:07:27,336 INFO step=104300 epoch=10 loss=0.5281 lr=1.050e-04 grad_norm=0.262 train_tok_per_s=235359
2026-10-02 01:07:30,845 INFO step=104350 epoch=10 loss=0.5392 lr=1.049e-04 grad_norm=0.280 train_tok_per_s=235359
2026-10-02 01:07:34,351 INFO step=104400 epoch=10 loss=0.5137 lr=1.048e-04 grad_norm=0.273 train_tok_per_s=235360
2026-10-02 01:07:37,861 INFO step=104450 epoch=10 loss=0.5046 lr=1.047e-04 grad_norm=0.278 train_tok_per_s=235360
2026-10-02 01:07:41,370 INFO step=104500 epoch=10 loss=0.5150 lr=1.046e-04 grad_norm=0.274 train_tok_per_s=235360
2026-10-02 01:07:44,878 INFO step=104550 epoch=10 loss=0.5241 lr=1.045e-04 grad_norm=0.276 train_tok_per_s=235360
2026-10-02 01:07:48,387 INFO step=104600 epoch=10 loss=0.5111 lr=1.044e-04 grad_norm=0.268 train_tok_per_s=235361
2026-10-02 01:07:51,896 INFO step=104650 epoch=10 loss=0.4998 lr=1.043e-04 grad_norm=0.274 train_tok_per_s=235361
2026-10-02 01:07:55,404 INFO step=104700 epoch=10 loss=0.5181 lr=1.042e-04 grad_norm=0.283 train_tok_per_s=235361
2026-10-02 01:07:58,914 INFO step=104750 epoch=10 loss=0.5148 lr=1.041e-04 grad_norm=0.265 train_tok_per_s=235361
2026-10-02 01:08:02,431 INFO step=104800 epoch=10 loss=0.5108 lr=1.041e-04 grad_norm=0.269 train_tok_per_s=235361
2026-10-02 01:08:05,939 INFO step=104850 epoch=10 loss=0.4986 lr=1.040e-04 grad_norm=0.272 train_tok_per_s=235362
2026-10-02 01:08:09,449 INFO step=104900 epoch=10 loss=0.5306 lr=1.039e-04 grad_norm=0.276 train_tok_per_s=235362
2026-10-02 01:08:12,960 INFO step=104950 epoch=10 loss=0.5332 lr=1.038e-04 grad_norm=0.279 train_tok_per_s=235362
2026-10-02 01:08:16,469 INFO step=105000 epoch=10 loss=0.5179 lr=1.037e-04 grad_norm=0.274 train_tok_per_s=235362
2026-10-02 01:08:21,083 INFO step=105000 eval val_loss(partial 100 batches)=0.5104
2026-10-02 01:08:24,591 INFO step=105050 epoch=10 loss=0.5226 lr=1.036e-04 grad_norm=0.269 train_tok_per_s=235363
2026-10-02 01:08:28,098 INFO step=105100 epoch=10 loss=0.5156 lr=1.036e-04 grad_norm=0.270 train_tok_per_s=235363
2026-10-02 01:08:31,603 INFO step=105150 epoch=10 loss=0.5167 lr=1.035e-04 grad_norm=0.283 train_tok_per_s=235363
2026-10-02 01:08:35,111 INFO step=105200 epoch=10 loss=0.5185 lr=1.034e-04 grad_norm=0.271 train_tok_per_s=235364
2026-10-02 01:08:38,621 INFO step=105250 epoch=10 loss=0.5272 lr=1.033e-04 grad_norm=0.276 train_tok_per_s=235364
2026-10-02 01:08:42,135 INFO step=105300 epoch=10 loss=0.5070 lr=1.032e-04 grad_norm=0.276 train_tok_per_s=235364
2026-10-02 01:08:45,644 INFO step=105350 epoch=10 loss=0.5020 lr=1.032e-04 grad_norm=0.268 train_tok_per_s=235364
2026-10-02 01:08:49,150 INFO step=105400 epoch=10 loss=0.5174 lr=1.031e-04 grad_norm=0.284 train_tok_per_s=235365
2026-10-02 01:08:52,657 INFO step=105450 epoch=10 loss=0.5111 lr=1.030e-04 grad_norm=0.272 train_tok_per_s=235365
2026-10-02 01:08:56,170 INFO step=105500 epoch=10 loss=0.5259 lr=1.029e-04 grad_norm=0.283 train_tok_per_s=235365
2026-10-02 01:08:59,682 INFO step=105550 epoch=10 loss=0.5174 lr=1.029e-04 grad_norm=0.276 train_tok_per_s=235365
2026-10-02 01:09:03,195 INFO step=105600 epoch=10 loss=0.4995 lr=1.028e-04 grad_norm=0.269 train_tok_per_s=235365
2026-10-02 01:09:06,715 INFO step=105650 epoch=10 loss=0.5194 lr=1.027e-04 grad_norm=0.276 train_tok_per_s=235365
2026-10-02 01:09:10,221 INFO step=105700 epoch=10 loss=0.5154 lr=1.026e-04 grad_norm=0.279 train_tok_per_s=235366
2026-10-02 01:09:13,729 INFO step=105750 epoch=10 loss=0.4997 lr=1.026e-04 grad_norm=0.269 train_tok_per_s=235366
2026-10-02 01:09:17,236 INFO step=105800 epoch=10 loss=0.4926 lr=1.025e-04 grad_norm=0.267 train_tok_per_s=235366
2026-10-02 01:09:20,743 INFO step=105850 epoch=10 loss=0.4863 lr=1.024e-04 grad_norm=0.263 train_tok_per_s=235367
2026-10-02 01:09:24,254 INFO step=105900 epoch=10 loss=0.5194 lr=1.024e-04 grad_norm=0.282 train_tok_per_s=235367
2026-10-02 01:09:27,765 INFO step=105950 epoch=10 loss=0.5113 lr=1.023e-04 grad_norm=0.278 train_tok_per_s=235367
2026-10-02 01:09:31,274 INFO step=106000 epoch=10 loss=0.5132 lr=1.022e-04 grad_norm=0.275 train_tok_per_s=235367
2026-10-02 01:09:35,895 INFO step=106000 eval val_loss(partial 100 batches)=0.5098
2026-10-02 01:09:39,402 INFO step=106050 epoch=10 loss=0.5064 lr=1.022e-04 grad_norm=0.276 train_tok_per_s=235368
2026-10-02 01:09:42,915 INFO step=106100 epoch=10 loss=0.4847 lr=1.021e-04 grad_norm=0.267 train_tok_per_s=235368
2026-10-02 01:09:46,433 INFO step=106150 epoch=10 loss=0.5116 lr=1.020e-04 grad_norm=0.279 train_tok_per_s=235368
2026-10-02 01:09:49,944 INFO step=106200 epoch=10 loss=0.4941 lr=1.020e-04 grad_norm=0.275 train_tok_per_s=235368
2026-10-02 01:09:53,456 INFO step=106250 epoch=10 loss=0.5229 lr=1.019e-04 grad_norm=0.265 train_tok_per_s=235368
2026-10-02 01:09:56,962 INFO step=106300 epoch=10 loss=0.5188 lr=1.019e-04 grad_norm=0.283 train_tok_per_s=235368
2026-10-02 01:10:00,473 INFO step=106350 epoch=10 loss=0.5049 lr=1.018e-04 grad_norm=0.276 train_tok_per_s=235369
2026-10-02 01:10:03,979 INFO step=106400 epoch=10 loss=0.5139 lr=1.017e-04 grad_norm=0.284 train_tok_per_s=235369
2026-10-02 01:10:07,485 INFO step=106450 epoch=10 loss=0.5240 lr=1.017e-04 grad_norm=0.276 train_tok_per_s=235369
2026-10-02 01:10:10,989 INFO step=106500 epoch=10 loss=0.5171 lr=1.016e-04 grad_norm=0.280 train_tok_per_s=235370
2026-10-02 01:10:14,497 INFO step=106550 epoch=10 loss=0.5479 lr=1.016e-04 grad_norm=0.290 train_tok_per_s=235370
2026-10-02 01:10:18,002 INFO step=106600 epoch=10 loss=0.5127 lr=1.015e-04 grad_norm=0.277 train_tok_per_s=235370
2026-10-02 01:10:21,508 INFO step=106650 epoch=10 loss=0.4926 lr=1.015e-04 grad_norm=0.268 train_tok_per_s=235371
2026-10-02 01:10:25,012 INFO step=106700 epoch=10 loss=0.5121 lr=1.014e-04 grad_norm=0.274 train_tok_per_s=235371
2026-10-02 01:10:28,519 INFO step=106750 epoch=10 loss=0.5027 lr=1.014e-04 grad_norm=0.269 train_tok_per_s=235371
2026-10-02 01:10:32,027 INFO step=106800 epoch=10 loss=0.4979 lr=1.013e-04 grad_norm=0.270 train_tok_per_s=235372
2026-10-02 01:10:35,539 INFO step=106850 epoch=10 loss=0.5453 lr=1.013e-04 grad_norm=0.284 train_tok_per_s=235372
2026-10-02 01:10:39,049 INFO step=106900 epoch=10 loss=0.4983 lr=1.012e-04 grad_norm=0.274 train_tok_per_s=235372
2026-10-02 01:10:42,555 INFO step=106950 epoch=10 loss=0.5077 lr=1.012e-04 grad_norm=0.283 train_tok_per_s=235372
2026-10-02 01:10:46,063 INFO step=107000 epoch=10 loss=0.5344 lr=1.011e-04 grad_norm=0.280 train_tok_per_s=235373
2026-10-02 01:10:50,678 INFO step=107000 eval val_loss(partial 100 batches)=0.5098
2026-10-02 01:10:54,191 INFO step=107050 epoch=10 loss=0.5024 lr=1.011e-04 grad_norm=0.281 train_tok_per_s=235373
2026-10-02 01:10:57,702 INFO step=107100 epoch=10 loss=0.5139 lr=1.010e-04 grad_norm=0.278 train_tok_per_s=235373
2026-10-02 01:11:01,215 INFO step=107150 epoch=10 loss=0.4911 lr=1.010e-04 grad_norm=0.280 train_tok_per_s=235373
2026-10-02 01:11:04,726 INFO step=107200 epoch=10 loss=0.5201 lr=1.009e-04 grad_norm=0.263 train_tok_per_s=235373
2026-10-02 01:11:08,246 INFO step=107250 epoch=10 loss=0.5148 lr=1.009e-04 grad_norm=0.280 train_tok_per_s=235373
2026-10-02 01:11:11,760 INFO step=107300 epoch=10 loss=0.5288 lr=1.009e-04 grad_norm=0.277 train_tok_per_s=235373
2026-10-02 01:11:15,268 INFO step=107350 epoch=10 loss=0.5141 lr=1.008e-04 grad_norm=0.274 train_tok_per_s=235374
2026-10-02 01:11:18,775 INFO step=107400 epoch=10 loss=0.5359 lr=1.008e-04 grad_norm=0.283 train_tok_per_s=235374
2026-10-02 01:11:22,279 INFO step=107450 epoch=10 loss=0.4969 lr=1.007e-04 grad_norm=0.270 train_tok_per_s=235374
2026-10-02 01:11:25,785 INFO step=107500 epoch=10 loss=0.5341 lr=1.007e-04 grad_norm=0.287 train_tok_per_s=235375
2026-10-02 01:11:29,298 INFO step=107550 epoch=10 loss=0.5242 lr=1.007e-04 grad_norm=0.274 train_tok_per_s=235375
2026-10-02 01:11:32,812 INFO step=107600 epoch=10 loss=0.5114 lr=1.006e-04 grad_norm=0.274 train_tok_per_s=235375
2026-10-02 01:11:36,319 INFO step=107650 epoch=10 loss=0.5288 lr=1.006e-04 grad_norm=0.277 train_tok_per_s=235375
2026-10-02 01:11:39,826 INFO step=107700 epoch=10 loss=0.5232 lr=1.006e-04 grad_norm=0.281 train_tok_per_s=235376
2026-10-02 01:11:43,336 INFO step=107750 epoch=10 loss=0.5134 lr=1.005e-04 grad_norm=0.280 train_tok_per_s=235376
2026-10-02 01:11:46,842 INFO step=107800 epoch=10 loss=0.4999 lr=1.005e-04 grad_norm=0.274 train_tok_per_s=235376
2026-10-02 01:11:50,347 INFO step=107850 epoch=10 loss=0.5109 lr=1.005e-04 grad_norm=0.279 train_tok_per_s=235377
2026-10-02 01:11:53,857 INFO step=107900 epoch=10 loss=0.5059 lr=1.004e-04 grad_norm=0.275 train_tok_per_s=235377
2026-10-02 01:11:57,366 INFO step=107950 epoch=10 loss=0.5211 lr=1.004e-04 grad_norm=0.288 train_tok_per_s=235377
2026-10-02 01:12:00,874 INFO step=108000 epoch=10 loss=0.5049 lr=1.004e-04 grad_norm=0.281 train_tok_per_s=235377
2026-10-02 01:12:05,491 INFO step=108000 eval val_loss(partial 100 batches)=0.5100
2026-10-02 01:12:08,999 INFO step=108050 epoch=10 loss=0.5122 lr=1.004e-04 grad_norm=0.281 train_tok_per_s=235378
2026-10-02 01:12:12,509 INFO step=108100 epoch=10 loss=0.5329 lr=1.003e-04 grad_norm=0.288 train_tok_per_s=235378
2026-10-02 01:12:16,023 INFO step=108150 epoch=10 loss=0.4999 lr=1.003e-04 grad_norm=0.277 train_tok_per_s=235378
2026-10-02 01:12:19,530 INFO step=108200 epoch=10 loss=0.5300 lr=1.003e-04 grad_norm=0.290 train_tok_per_s=235378
2026-10-02 01:12:23,040 INFO step=108250 epoch=10 loss=0.5011 lr=1.003e-04 grad_norm=0.268 train_tok_per_s=235378
2026-10-02 01:12:26,551 INFO step=108300 epoch=10 loss=0.5077 lr=1.002e-04 grad_norm=0.283 train_tok_per_s=235379
2026-10-02 01:12:30,060 INFO step=108350 epoch=10 loss=0.5178 lr=1.002e-04 grad_norm=0.279 train_tok_per_s=235379
2026-10-02 01:12:33,569 INFO step=108400 epoch=10 loss=0.5159 lr=1.002e-04 grad_norm=0.283 train_tok_per_s=235379
2026-10-02 01:12:37,081 INFO step=108450 epoch=10 loss=0.5041 lr=1.002e-04 grad_norm=0.284 train_tok_per_s=235379
2026-10-02 01:12:40,588 INFO step=108500 epoch=10 loss=0.5136 lr=1.002e-04 grad_norm=0.277 train_tok_per_s=235380
2026-10-02 01:12:44,095 INFO step=108550 epoch=10 loss=0.4808 lr=1.001e-04 grad_norm=0.272 train_tok_per_s=235380
2026-10-02 01:12:47,603 INFO step=108600 epoch=10 loss=0.5311 lr=1.001e-04 grad_norm=0.282 train_tok_per_s=235380
2026-10-02 01:12:51,108 INFO step=108650 epoch=10 loss=0.5062 lr=1.001e-04 grad_norm=0.281 train_tok_per_s=235381
2026-10-02 01:12:54,616 INFO step=108700 epoch=10 loss=0.5211 lr=1.001e-04 grad_norm=0.284 train_tok_per_s=235381
2026-10-02 01:12:58,130 INFO step=108750 epoch=10 loss=0.5120 lr=1.001e-04 grad_norm=0.282 train_tok_per_s=235381
2026-10-02 01:13:01,643 INFO step=108800 epoch=10 loss=0.5116 lr=1.001e-04 grad_norm=0.279 train_tok_per_s=235381
2026-10-02 01:13:05,148 INFO step=108850 epoch=10 loss=0.5131 lr=1.001e-04 grad_norm=0.278 train_tok_per_s=235382
2026-10-02 01:13:08,655 INFO step=108900 epoch=10 loss=0.4997 lr=1.001e-04 grad_norm=0.270 train_tok_per_s=235382
2026-10-02 01:13:12,163 INFO step=108950 epoch=10 loss=0.5365 lr=1.000e-04 grad_norm=0.295 train_tok_per_s=235382
2026-10-02 01:13:15,672 INFO step=109000 epoch=10 loss=0.5245 lr=1.000e-04 grad_norm=0.283 train_tok_per_s=235382
2026-10-02 01:13:20,290 INFO step=109000 eval val_loss(partial 100 batches)=0.5091
2026-10-02 01:13:23,800 INFO step=109050 epoch=10 loss=0.5252 lr=1.000e-04 grad_norm=0.290 train_tok_per_s=235383
2026-10-02 01:13:27,306 INFO step=109100 epoch=10 loss=0.5178 lr=1.000e-04 grad_norm=0.287 train_tok_per_s=235383
2026-10-02 01:13:30,814 INFO step=109150 epoch=10 loss=0.5106 lr=1.000e-04 grad_norm=0.273 train_tok_per_s=235383
2026-10-02 01:13:34,321 INFO step=109200 epoch=10 loss=0.5410 lr=1.000e-04 grad_norm=0.282 train_tok_per_s=235384
2026-10-02 01:13:37,825 INFO step=109250 epoch=10 loss=0.5191 lr=1.000e-04 grad_norm=0.293 train_tok_per_s=235384
2026-10-02 01:13:41,344 INFO step=109300 epoch=10 loss=0.5131 lr=1.000e-04 grad_norm=0.290 train_tok_per_s=235384
2026-10-02 01:13:44,853 INFO step=109350 epoch=10 loss=0.5227 lr=1.000e-04 grad_norm=0.284 train_tok_per_s=235384
2026-10-02 01:13:48,363 INFO step=109400 epoch=10 loss=0.5041 lr=1.000e-04 grad_norm=0.277 train_tok_per_s=235384
2026-10-02 01:14:16,532 INFO epoch=10 train_loss_running=0.5134 train_loss_eval=0.4840 val_loss=0.5097 val_acc=0.8358 elapsed_s=8458
2026-10-02 01:14:16,576 INFO epoch=10 new best val_loss=0.5097 -> checkpoints/full_run01/best.pt
2026-10-02 01:14:16,633 INFO done summary={"run_id": "full_run01", "param_count": 10811136, "vocab_size": 85, "train_windows": 700427, "total_steps": 109440, "epochs": 10, "total_train_time_s": 8457.795989899896, "train_compute_time_s": 7617.59502717969, "train_tokens_per_sec": 235384.65271549855, "peak_memory_mb": 4598.45458984375, "max_grad_norm": 9.627074241638184, "mean_grad_norm": 0.20079960554663898, "loss_spikes": 0, "spike_rule": "step loss > 1.5 x mean of previous 100 step losses (after warm-up)", "nan_count": 0, "best_val_loss": 0.5096606620763791, "hardware": "GPU: NVIDIA GeForce RTX 4090; CPU: AMD64 Family 25 Model 97 Stepping 2, AuthenticAMD"}
